1,0,324,924,196,292,1,-1,-1,-1
1,1,772,1048,308,252,1,-1,-1,-1
1,2,2136,652,132,224,1,-1,-1,-1
1,3,460,944,200,272,1,-1,-1,-1
1,4,1728,1112,352,308,1,-1,-1,-1
1,5,844,708,160,240,1,-1,-1,-1
1,6,664,668,164,248,1,-1,-1,-1
1,7,1036,768,220,260,1,-1,-1,-1
1,8,208,640,172,212,1,-1,-1,-1
1,9,292,536,144,200,1,-1,-1,-1
1,10,1148,268,164,176,1,-1,-1,-1
1,11,1804,428,180,176,1,-1,-1,-1
1,12,468,1284,208,156,1,-1,-1,-1
1,13,592,1052,244,276,1,-1,-1,-1
2,0,324,922,196,292,1,-1,-1,-1
2,1,770,1048,308,252,1,-1,-1,-1
2,2,2136,652,132,224,1,-1,-1,-1
2,3,461,944,200,272,1,-1,-1,-1
2,4,1727,1112,352,308,1,-1,-1,-1
2,5,847,708,160,240,1,-1,-1,-1
2,6,664,668,164,248,1,-1,-1,-1
2,7,1036,767,220,260,1,-1,-1,-1
2,8,209,645,172,212,1,-1,-1,-1
2,9,292,538,144,200,1,-1,-1,-1
2,10,1144,270,164,176,1,-1,-1,-1
2,11,1803,429,180,176,1,-1,-1,-1
2,12,466,1283,208,156,1,-1,-1,-1
2,13,590,1054,244,276,1,-1,-1,-1
3,0,325,922,196,292,1,-1,-1,-1
3,1,770,1049,308,252,1,-1,-1,-1
3,2,2136,653,132,224,1,-1,-1,-1
3,3,462,945,200,272,1,-1,-1,-1
3,4,1728,1111,352,308,1,-1,-1,-1
3,5,848,708,160,240,1,-1,-1,-1
3,6,664,668,164,248,1,-1,-1,-1
3,7,1036,767,220,260,1,-1,-1,-1
3,8,210,646,172,212,1,-1,-1,-1
3,9,292,539,144,200,1,-1,-1,-1
3,10,1144,271,164,176,1,-1,-1,-1
3,11,1804,429,180,176,1,-1,-1,-1
3,12,466,1282,208,156,1,-1,-1,-1
3,13,590,1055,244,276,1,-1,-1,-1
4,0,325,918,196,292,1,-1,-1,-1
4,1,768,1049,308,252,1,-1,-1,-1
4,2,2136,652,132,224,1,-1,-1,-1
4,3,463,945,200,272,1,-1,-1,-1
4,4,1727,1109,352,308,1,-1,-1,-1
4,5,851,709,160,240,1,-1,-1,-1
4,6,664,668,164,248,1,-1,-1,-1
4,7,1036,767,220,260,1,-1,-1,-1
4,8,211,652,172,212,1,-1,-1,-1
4,9,292,541,144,200,1,-1,-1,-1
4,10,1141,274,164,176,1,-1,-1,-1
4,11,1804,429,180,176,1,-1,-1,-1
4,12,466,1282,208,156,1,-1,-1,-1
4,13,588,1056,244,276,1,-1,-1,-1
5,0,323,911,196,292,1,-1,-1,-1
5,1,768,1049,308,252,1,-1,-1,-1
5,2,2136,653,132,224,1,-1,-1,-1
5,3,464,946,200,272,1,-1,-1,-1
5,4,1725,1109,352,308,1,-1,-1,-1
5,5,853,712,160,240,1,-1,-1,-1
5,6,664,668,164,248,1,-1,-1,-1
5,7,1037,766,220,260,1,-1,-1,-1
5,8,213,661,172,212,1,-1,-1,-1
5,9,291,542,144,200,1,-1,-1,-1
5,10,1138,276,164,176,1,-1,-1,-1
5,11,1804,429,180,176,1,-1,-1,-1
5,12,465,1283,208,156,1,-1,-1,-1
5,13,586,1056,244,276,1,-1,-1,-1
6,0,323,900,196,292,1,-1,-1,-1
6,1,767,1049,308,252,1,-1,-1,-1
6,2,2135,652,132,224,1,-1,-1,-1
6,3,466,947,200,272,1,-1,-1,-1
6,4,1724,1107,352,308,1,-1,-1,-1
6,5,858,719,160,240,1,-1,-1,-1
6,6,663,668,164,248,1,-1,-1,-1
6,7,1036,767,220,260,1,-1,-1,-1
6,8,214,670,172,212,1,-1,-1,-1
6,9,289,543,144,200,1,-1,-1,-1
6,10,1133,277,164,176,1,-1,-1,-1
6,11,1803,429,180,176,1,-1,-1,-1
6,12,464,1284,208,156,1,-1,-1,-1
6,13,585,1056,244,276,1,-1,-1,-1
7,0,320,896,196,292,1,-1,-1,-1
7,1,768,1048,308,252,1,-1,-1,-1
7,2,2136,651,132,224,1,-1,-1,-1
7,3,468,953,200,272,1,-1,-1,-1
7,4,1724,1107,352,308,1,-1,-1,-1
7,5,871,733,160,240,1,-1,-1,-1
7,6,664,668,164,248,1,-1,-1,-1
7,7,1038,768,220,260,1,-1,-1,-1
7,8,216,685,172,212,1,-1,-1,-1
7,9,289,542,144,200,1,-1,-1,-1
7,10,1117,289,164,176,1,-1,-1,-1
7,11,1803,429,180,176,1,-1,-1,-1
7,12,462,1286,208,154,1,-1,-1,-1
7,13,585,1058,244,276,1,-1,-1,-1
8,0,314,871,206,307,1,-1,-1,-1
8,1,768,1047,308,252,1,-1,-1,-1
8,2,2134,651,132,224,1,-1,-1,-1
8,3,466,958,200,272,1,-1,-1,-1
8,4,1725,1108,352,308,1,-1,-1,-1
8,5,875,740,160,240,1,-1,-1,-1
8,6,663,668,164,248,1,-1,-1,-1
8,7,1040,770,220,260,1,-1,-1,-1
8,8,221,694,164,202,1,-1,-1,-1
8,9,289,541,144,200,1,-1,-1,-1
8,10,1098,302,164,176,1,-1,-1,-1
8,11,1804,430,180,176,1,-1,-1,-1
8,12,461,1287,208,153,1,-1,-1,-1
8,13,585,1058,244,276,1,-1,-1,-1
9,0,312,912,224,256,1,-1,-1,-1
9,1,764,1032,304,280,1,-1,-1,-1
9,2,2136,652,132,220,1,-1,-1,-1
9,3,452,964,228,248,1,-1,-1,-1
9,4,1720,1108,364,324,1,-1,-1,-1
9,5,875,740,160,240,1,-1,-1,-1
9,6,663,668,164,248,1,-1,-1,-1
9,7,1040,764,212,280,1,-1,-1,-1
9,8,221,694,164,202,1,-1,-1,-1
9,9,289,541,144,200,1,-1,-1,-1
9,10,1088,300,160,160,1,-1,-1,-1
9,11,1804,428,172,176,1,-1,-1,-1
9,12,461,1287,208,153,1,-1,-1,-1
9,13,568,1056,264,268,1,-1,-1,-1
9,14,1520,780,192,160,1,-1,-1,-1
9,15,832,428,180,148,1,-1,-1,-1
9,16,692,528,220,128,1,-1,-1,-1
9,17,1012,272,160,120,1,-1,-1,-1
9,18,1272,312,192,152,1,-1,-1,-1
10,0,311,909,224,256,1,-1,-1,-1
10,1,765,1031,304,280,1,-1,-1,-1
10,2,2138,652,132,220,1,-1,-1,-1
10,3,451,966,228,248,1,-1,-1,-1
10,4,1720,1109,364,324,1,-1,-1,-1
10,5,877,745,160,240,1,-1,-1,-1
10,6,664,668,164,248,1,-1,-1,-1
10,7,1040,765,212,280,1,-1,-1,-1
10,8,224,693,164,202,1,-1,-1,-1
10,9,290,540,144,200,1,-1,-1,-1
10,10,1082,301,160,160,1,-1,-1,-1
10,11,1804,428,172,176,1,-1,-1,-1
10,12,460,1288,208,152,1,-1,-1,-1
10,13,567,1056,264,268,1,-1,-1,-1
10,14,1522,778,192,160,1,-1,-1,-1
10,15,831,429,180,148,1,-1,-1,-1
10,16,687,528,220,128,1,-1,-1,-1
10,17,1010,273,160,120,1,-1,-1,-1
10,18,1272,312,192,152,1,-1,-1,-1
11,0,313,907,224,256,1,-1,-1,-1
11,1,766,1033,304,280,1,-1,-1,-1
11,2,2140,654,132,220,1,-1,-1,-1
11,3,447,969,228,248,1,-1,-1,-1
11,4,1720,1111,364,324,1,-1,-1,-1
11,5,874,743,160,240,1,-1,-1,-1
11,6,665,668,164,248,1,-1,-1,-1
11,7,1042,766,212,280,1,-1,-1,-1
11,8,228,691,164,202,1,-1,-1,-1
11,9,291,539,144,200,1,-1,-1,-1
11,10,1079,303,160,160,1,-1,-1,-1
11,11,1804,428,172,176,1,-1,-1,-1
11,12,459,1290,208,150,1,-1,-1,-1
11,13,566,1059,264,268,1,-1,-1,-1
11,14,1525,778,192,160,1,-1,-1,-1
11,15,830,431,180,148,1,-1,-1,-1
11,16,682,529,220,128,1,-1,-1,-1
11,17,1006,275,160,120,1,-1,-1,-1
11,18,1272,313,192,152,1,-1,-1,-1
12,0,326,906,224,256,1,-1,-1,-1
12,1,767,1033,304,280,1,-1,-1,-1
12,2,2141,656,132,220,1,-1,-1,-1
12,3,443,973,228,248,1,-1,-1,-1
12,4,1721,1110,364,324,1,-1,-1,-1
12,5,867,733,160,240,1,-1,-1,-1
12,6,663,666,164,248,1,-1,-1,-1
12,7,1044,766,212,280,1,-1,-1,-1
12,8,230,682,164,202,1,-1,-1,-1
12,9,292,539,144,200,1,-1,-1,-1
12,10,1076,304,160,160,1,-1,-1,-1
12,11,1804,428,172,176,1,-1,-1,-1
12,12,457,1291,208,149,1,-1,-1,-1
12,13,564,1059,264,268,1,-1,-1,-1
12,14,1526,779,192,160,1,-1,-1,-1
12,15,829,432,180,148,1,-1,-1,-1
12,16,680,530,220,128,1,-1,-1,-1
12,17,1004,275,160,120,1,-1,-1,-1
12,18,1271,313,192,152,1,-1,-1,-1
13,0,346,884,224,256,1,-1,-1,-1
13,1,767,1033,304,280,1,-1,-1,-1
13,2,2141,655,132,220,1,-1,-1,-1
13,3,437,975,228,248,1,-1,-1,-1
13,4,1720,1109,364,324,1,-1,-1,-1
13,5,861,729,160,240,1,-1,-1,-1
13,6,667,669,156,236,1,-1,-1,-1
13,7,1043,766,212,280,1,-1,-1,-1
13,8,231,680,164,202,1,-1,-1,-1
13,9,292,538,144,200,1,-1,-1,-1
13,10,1073,306,160,160,1,-1,-1,-1
13,11,1803,428,172,176,1,-1,-1,-1
13,12,456,1291,208,149,1,-1,-1,-1
13,13,559,1059,264,268,1,-1,-1,-1
13,14,1526,779,192,160,1,-1,-1,-1
13,15,828,434,180,148,1,-1,-1,-1
13,16,673,529,220,128,1,-1,-1,-1
13,17,1002,275,160,120,1,-1,-1,-1
13,18,1271,313,192,152,1,-1,-1,-1
14,0,351,888,213,244,1,-1,-1,-1
14,1,771,1034,304,280,1,-1,-1,-1
14,2,2141,657,132,220,1,-1,-1,-1
14,3,431,980,228,248,1,-1,-1,-1
14,4,1719,1106,364,324,1,-1,-1,-1
14,5,858,726,160,240,1,-1,-1,-1
14,6,666,664,156,236,1,-1,-1,-1
14,7,1041,765,212,280,1,-1,-1,-1
14,8,234,682,164,202,1,-1,-1,-1
14,9,292,538,144,200,1,-1,-1,-1
14,10,1070,308,160,160,1,-1,-1,-1
14,11,1803,428,172,176,1,-1,-1,-1
14,12,455,1292,208,148,1,-1,-1,-1
14,13,555,1060,264,268,1,-1,-1,-1
14,14,1525,778,192,160,1,-1,-1,-1
14,15,827,436,180,148,1,-1,-1,-1
14,16,663,528,220,128,1,-1,-1,-1
14,17,1002,276,160,120,1,-1,-1,-1
14,18,1271,312,192,152,1,-1,-1,-1
15,0,352,889,213,244,1,-1,-1,-1
15,1,770,1033,304,280,1,-1,-1,-1
15,2,2143,661,126,210,1,-1,-1,-1
15,3,429,983,228,248,1,-1,-1,-1
15,4,1718,1107,364,324,1,-1,-1,-1
15,5,857,727,160,240,1,-1,-1,-1
15,6,667,662,156,236,1,-1,-1,-1
15,7,1042,764,212,280,1,-1,-1,-1
15,8,234,681,164,202,1,-1,-1,-1
15,9,292,537,144,200,1,-1,-1,-1
15,10,1069,309,160,160,1,-1,-1,-1
15,11,1803,428,172,176,1,-1,-1,-1
15,12,455,1292,208,148,1,-1,-1,-1
15,13,553,1061,264,268,1,-1,-1,-1
15,14,1525,778,192,160,1,-1,-1,-1
15,15,827,436,180,148,1,-1,-1,-1
15,16,660,528,220,128,1,-1,-1,-1
15,17,1002,276,160,120,1,-1,-1,-1
15,18,1265,308,202,160,1,-1,-1,-1
16,0,355,889,213,244,1,-1,-1,-1
16,1,771,1034,304,280,1,-1,-1,-1
16,2,2140,660,126,210,1,-1,-1,-1
16,3,427,990,228,248,1,-1,-1,-1
16,4,1718,1105,364,324,1,-1,-1,-1
16,5,856,725,160,240,1,-1,-1,-1
16,6,668,659,156,236,1,-1,-1,-1
16,7,1040,763,212,280,1,-1,-1,-1
16,8,237,679,164,202,1,-1,-1,-1
16,9,292,537,144,200,1,-1,-1,-1
16,10,1069,311,160,160,1,-1,-1,-1
16,11,1804,428,172,176,1,-1,-1,-1
16,12,456,1292,208,148,1,-1,-1,-1
16,13,551,1061,264,268,1,-1,-1,-1
16,14,1525,779,192,160,1,-1,-1,-1
16,15,826,438,180,148,1,-1,-1,-1
16,16,644,524,220,128,1,-1,-1,-1
16,17,1001,276,160,120,1,-1,-1,-1
16,18,1264,308,202,160,1,-1,-1,-1
17,0,356,920,216,220,1,-1,-1,-1
17,1,780,1040,348,260,1,-1,-1,-1
17,2,2136,652,128,256,1,-1,-1,-1
17,3,376,996,324,252,1,-1,-1,-1
17,4,1718,1105,364,324,1,-1,-1,-1
17,5,856,725,160,240,1,-1,-1,-1
17,6,668,659,156,236,1,-1,-1,-1
17,7,1020,760,232,268,1,-1,-1,-1
17,8,237,679,164,202,1,-1,-1,-1
17,9,292,537,144,200,1,-1,-1,-1
17,10,1076,308,148,192,1,-1,-1,-1
17,11,1804,428,172,164,1,-1,-1,-1
17,12,456,1292,208,148,1,-1,-1,-1
17,13,551,1061,264,268,1,-1,-1,-1
17,14,1524,780,188,160,1,-1,-1,-1
17,15,820,440,176,156,1,-1,-1,-1
17,16,624,512,220,128,1,-1,-1,-1
17,17,988,276,184,124,1,-1,-1,-1
17,18,1264,308,202,160,1,-1,-1,-1
17,19,416,564,220,128,1,-1,-1,-1
18,0,354,919,216,220,1,-1,-1,-1
18,1,784,1040,348,260,1,-1,-1,-1
18,2,2136,652,128,256,1,-1,-1,-1
18,3,371,995,324,252,1,-1,-1,-1
18,4,1719,1102,364,324,1,-1,-1,-1
18,5,862,730,152,229,1,-1,-1,-1
18,6,669,658,156,236,1,-1,-1,-1
18,7,1020,760,232,268,1,-1,-1,-1
18,8,237,670,172,212,1,-1,-1,-1
18,9,293,536,144,200,1,-1,-1,-1
18,10,1077,313,148,192,1,-1,-1,-1
18,11,1804,427,172,164,1,-1,-1,-1
18,12,456,1292,208,148,1,-1,-1,-1
18,13,550,1061,264,268,1,-1,-1,-1
18,14,1524,780,188,160,1,-1,-1,-1
18,15,817,441,176,156,1,-1,-1,-1
18,16,612,510,220,128,1,-1,-1,-1
18,17,988,277,184,124,1,-1,-1,-1
18,18,1262,307,202,160,1,-1,-1,-1
18,19,417,566,220,128,1,-1,-1,-1
19,0,353,918,216,220,1,-1,-1,-1
19,1,796,1041,348,260,1,-1,-1,-1
19,2,2137,654,128,256,1,-1,-1,-1
19,3,366,994,324,252,1,-1,-1,-1
19,4,1721,1099,364,324,1,-1,-1,-1
19,5,863,729,152,229,1,-1,-1,-1
19,6,669,658,156,236,1,-1,-1,-1
19,7,1021,759,232,268,1,-1,-1,-1
19,8,236,663,172,212,1,-1,-1,-1
19,9,295,536,144,200,1,-1,-1,-1
19,10,1076,320,148,192,1,-1,-1,-1
19,11,1805,427,172,164,1,-1,-1,-1
19,12,457,1292,208,148,1,-1,-1,-1
19,13,548,1062,264,268,1,-1,-1,-1
19,14,1524,781,188,160,1,-1,-1,-1
19,15,817,442,176,156,1,-1,-1,-1
19,16,600,507,220,128,1,-1,-1,-1
19,17,988,280,184,124,1,-1,-1,-1
19,18,1262,307,202,160,1,-1,-1,-1
19,19,419,568,220,128,1,-1,-1,-1
20,0,351,918,216,220,1,-1,-1,-1
20,1,807,1049,348,260,1,-1,-1,-1
20,2,2142,660,128,256,1,-1,-1,-1
20,3,363,995,324,252,1,-1,-1,-1
20,4,1720,1098,364,324,1,-1,-1,-1
20,5,863,730,152,229,1,-1,-1,-1
20,6,669,657,156,236,1,-1,-1,-1
20,7,1022,756,232,268,1,-1,-1,-1
20,8,236,656,172,212,1,-1,-1,-1
20,9,296,535,144,200,1,-1,-1,-1
20,10,1075,322,148,192,1,-1,-1,-1
20,11,1804,426,172,164,1,-1,-1,-1
20,12,456,1292,208,148,1,-1,-1,-1
20,13,545,1061,264,268,1,-1,-1,-1
20,14,1523,782,188,160,1,-1,-1,-1
20,15,816,442,176,156,1,-1,-1,-1
20,16,595,501,220,128,1,-1,-1,-1
20,17,988,280,184,124,1,-1,-1,-1
20,18,1261,307,202,160,1,-1,-1,-1
20,19,422,570,220,128,1,-1,-1,-1
21,0,351,918,216,220,1,-1,-1,-1
21,1,805,1052,348,260,1,-1,-1,-1
21,2,2145,661,128,256,1,-1,-1,-1
21,3,363,995,324,252,1,-1,-1,-1
21,4,1721,1097,364,324,1,-1,-1,-1
21,5,863,729,152,229,1,-1,-1,-1
21,6,668,658,156,236,1,-1,-1,-1
21,7,1021,756,232,268,1,-1,-1,-1
21,8,240,659,164,202,1,-1,-1,-1
21,9,296,535,144,200,1,-1,-1,-1
21,10,1074,322,148,192,1,-1,-1,-1
21,11,1804,426,172,164,1,-1,-1,-1
21,12,456,1292,208,148,1,-1,-1,-1
21,13,544,1062,264,268,1,-1,-1,-1
21,14,1523,782,188,160,1,-1,-1,-1
21,15,816,443,176,156,1,-1,-1,-1
21,16,594,500,220,128,1,-1,-1,-1
21,17,989,281,184,124,1,-1,-1,-1
21,18,1261,306,202,160,1,-1,-1,-1
21,19,423,570,220,128,1,-1,-1,-1
22,0,350,916,216,220,1,-1,-1,-1
22,1,819,1052,348,260,1,-1,-1,-1
22,2,2147,672,128,256,1,-1,-1,-1
22,3,360,993,324,252,1,-1,-1,-1
22,4,1723,1091,364,324,1,-1,-1,-1
22,5,863,728,152,229,1,-1,-1,-1
22,6,667,657,156,236,1,-1,-1,-1
22,7,1017,748,244,281,1,-1,-1,-1
22,8,239,656,164,202,1,-1,-1,-1
22,9,296,534,144,200,1,-1,-1,-1
22,10,1073,322,148,192,1,-1,-1,-1
22,11,1804,426,172,164,1,-1,-1,-1
22,12,456,1292,208,148,1,-1,-1,-1
22,13,541,1062,264,268,1,-1,-1,-1
22,14,1523,782,188,160,1,-1,-1,-1
22,15,812,444,176,156,1,-1,-1,-1
22,16,587,496,220,128,1,-1,-1,-1
22,17,988,281,184,124,1,-1,-1,-1
22,18,1261,307,202,160,1,-1,-1,-1
22,19,422,571,220,128,1,-1,-1,-1
23,0,352,914,216,220,1,-1,-1,-1
23,1,809,1051,348,260,1,-1,-1,-1
23,2,2152,676,128,256,1,-1,-1,-1
23,3,359,992,324,252,1,-1,-1,-1
23,4,1723,1093,364,324,1,-1,-1,-1
23,5,862,728,152,229,1,-1,-1,-1
23,6,664,657,156,236,1,-1,-1,-1
23,7,1016,747,244,281,1,-1,-1,-1
23,8,240,654,164,202,1,-1,-1,-1
23,9,297,534,144,200,1,-1,-1,-1
23,10,1073,322,148,192,1,-1,-1,-1
23,11,1805,427,172,164,1,-1,-1,-1
23,12,455,1293,208,147,1,-1,-1,-1
23,13,542,1061,264,268,1,-1,-1,-1
23,14,1522,782,188,160,1,-1,-1,-1
23,15,809,445,176,156,1,-1,-1,-1
23,16,581,493,220,128,1,-1,-1,-1
23,17,987,280,184,124,1,-1,-1,-1
23,18,1261,306,202,160,1,-1,-1,-1
23,19,420,571,220,128,1,-1,-1,-1
24,0,356,913,216,220,1,-1,-1,-1
24,1,810,1049,348,260,1,-1,-1,-1
24,2,2156,679,128,256,1,-1,-1,-1
24,3,358,994,324,252,1,-1,-1,-1
24,4,1724,1083,364,324,1,-1,-1,-1
24,5,862,727,152,229,1,-1,-1,-1
24,6,663,661,156,236,1,-1,-1,-1
24,7,1016,746,244,281,1,-1,-1,-1
24,8,241,654,164,202,1,-1,-1,-1
24,9,296,534,144,200,1,-1,-1,-1
24,10,1072,322,148,192,1,-1,-1,-1
24,11,1805,428,172,164,1,-1,-1,-1
24,12,454,1294,208,146,1,-1,-1,-1
24,13,541,1064,264,268,1,-1,-1,-1
24,14,1522,782,188,160,1,-1,-1,-1
24,15,805,443,176,156,1,-1,-1,-1
24,16,579,490,220,128,1,-1,-1,-1
24,17,987,280,184,124,1,-1,-1,-1
24,18,1262,306,202,160,1,-1,-1,-1
24,19,419,571,220,128,1,-1,-1,-1
25,0,356,916,232,204,1,-1,-1,-1
25,1,810,1049,348,260,1,-1,-1,-1
25,2,2152,676,128,264,1,-1,-1,-1
25,3,348,1020,308,236,1,-1,-1,-1
25,4,1740,1052,300,356,1,-1,-1,-1
25,5,872,740,148,240,1,-1,-1,-1
25,6,663,661,156,236,1,-1,-1,-1
25,7,1032,748,220,280,1,-1,-1,-1
25,8,241,654,164,202,1,-1,-1,-1
25,9,296,534,144,200,1,-1,-1,-1
25,10,1072,322,148,192,1,-1,-1,-1
25,11,1805,428,172,164,1,-1,-1,-1
25,12,454,1294,208,146,1,-1,-1,-1
25,13,541,1064,264,268,1,-1,-1,-1
25,14,1522,782,188,160,1,-1,-1,-1
25,15,805,443,176,156,1,-1,-1,-1
25,16,579,490,220,128,1,-1,-1,-1
25,17,987,280,184,124,1,-1,-1,-1
25,18,1262,306,202,160,1,-1,-1,-1
25,19,419,571,220,128,1,-1,-1,-1
25,20,892,1064,356,232,1,-1,-1,-1
26,0,356,916,232,204,1,-1,-1,-1
26,1,819,1047,348,260,1,-1,-1,-1
26,2,2153,676,128,264,1,-1,-1,-1
26,3,346,1021,308,236,1,-1,-1,-1
26,4,1741,1053,300,356,1,-1,-1,-1
26,5,872,740,148,240,1,-1,-1,-1
26,6,654,662,164,248,1,-1,-1,-1
26,7,1032,743,220,280,1,-1,-1,-1
26,8,243,652,164,202,1,-1,-1,-1
26,9,295,534,144,200,1,-1,-1,-1
26,10,1072,317,148,192,1,-1,-1,-1
26,11,1805,429,172,164,1,-1,-1,-1
26,12,454,1293,208,147,1,-1,-1,-1
26,13,542,1077,264,268,1,-1,-1,-1
26,14,1522,783,188,160,1,-1,-1,-1
26,15,780,438,176,156,1,-1,-1,-1
26,16,568,492,210,122,1,-1,-1,-1
26,17,987,280,184,124,1,-1,-1,-1
26,18,1261,307,202,160,1,-1,-1,-1
26,19,418,571,220,128,1,-1,-1,-1
26,20,892,1065,356,232,1,-1,-1,-1
27,0,356,915,232,204,1,-1,-1,-1
27,1,825,1050,348,260,1,-1,-1,-1
27,2,2153,676,128,264,1,-1,-1,-1
27,3,347,1021,308,236,1,-1,-1,-1
27,4,1742,1055,300,356,1,-1,-1,-1
27,5,872,740,148,240,1,-1,-1,-1
27,6,652,662,164,248,1,-1,-1,-1
27,7,1033,742,220,280,1,-1,-1,-1
27,8,243,654,164,202,1,-1,-1,-1
27,9,295,534,144,200,1,-1,-1,-1
27,10,1072,317,148,192,1,-1,-1,-1
27,11,1805,430,172,164,1,-1,-1,-1
27,12,455,1293,208,147,1,-1,-1,-1
27,13,541,1076,264,268,1,-1,-1,-1
27,14,1522,783,188,160,1,-1,-1,-1
27,15,761,430,185,164,1,-1,-1,-1
27,16,569,491,210,122,1,-1,-1,-1
27,17,987,280,184,124,1,-1,-1,-1
27,18,1261,307,202,160,1,-1,-1,-1
27,19,417,571,220,128,1,-1,-1,-1
27,20,892,1065,356,232,1,-1,-1,-1
28,0,355,915,232,204,1,-1,-1,-1
28,1,807,1052,348,260,1,-1,-1,-1
28,2,2154,679,128,264,1,-1,-1,-1
28,3,344,1022,308,236,1,-1,-1,-1
28,4,1746,1055,300,356,1,-1,-1,-1
28,5,872,740,148,240,1,-1,-1,-1
28,6,648,661,164,248,1,-1,-1,-1
28,7,1032,741,220,280,1,-1,-1,-1
28,8,237,658,164,202,1,-1,-1,-1
28,9,295,534,144,200,1,-1,-1,-1
28,10,1074,317,148,192,1,-1,-1,-1
28,11,1806,429,172,164,1,-1,-1,-1
28,12,454,1292,208,148,1,-1,-1,-1
28,13,543,1081,264,268,1,-1,-1,-1
28,14,1521,784,188,160,1,-1,-1,-1
28,15,755,426,185,164,1,-1,-1,-1
28,16,555,489,210,122,1,-1,-1,-1
28,17,987,278,184,124,1,-1,-1,-1
28,18,1261,309,202,160,1,-1,-1,-1
28,19,416,569,220,128,1,-1,-1,-1
28,20,895,1065,356,232,1,-1,-1,-1
29,0,353,914,232,204,1,-1,-1,-1
29,1,873,1047,331,248,1,-1,-1,-1
29,2,2154,681,128,264,1,-1,-1,-1
29,3,342,1021,308,236,1,-1,-1,-1
29,4,1751,1057,300,356,1,-1,-1,-1
29,5,872,740,148,240,1,-1,-1,-1
29,6,642,663,164,248,1,-1,-1,-1
29,7,1036,747,220,280,1,-1,-1,-1
29,8,242,661,164,202,1,-1,-1,-1
29,9,293,534,144,200,1,-1,-1,-1
29,10,1075,317,148,192,1,-1,-1,-1
29,11,1806,429,172,164,1,-1,-1,-1
29,12,454,1292,208,148,1,-1,-1,-1
29,13,543,1084,264,268,1,-1,-1,-1
29,14,1520,784,188,160,1,-1,-1,-1
29,15,736,418,194,172,1,-1,-1,-1
29,16,542,487,210,122,1,-1,-1,-1
29,17,986,278,184,124,1,-1,-1,-1
29,18,1261,310,202,160,1,-1,-1,-1
29,19,416,567,220,128,1,-1,-1,-1
29,20,897,1063,356,232,1,-1,-1,-1
30,0,351,912,232,204,1,-1,-1,-1
30,1,876,1043,331,248,1,-1,-1,-1
30,2,2155,684,128,264,1,-1,-1,-1
30,3,338,1018,308,236,1,-1,-1,-1
30,4,1764,1053,300,356,1,-1,-1,-1
30,5,873,740,148,240,1,-1,-1,-1
30,6,631,658,172,260,1,-1,-1,-1
30,7,1050,756,220,280,1,-1,-1,-1
30,8,249,665,156,192,1,-1,-1,-1
30,9,293,534,144,200,1,-1,-1,-1
30,10,1071,314,155,202,1,-1,-1,-1
30,11,1805,428,172,164,1,-1,-1,-1
30,12,454,1293,208,147,1,-1,-1,-1
30,13,545,1084,264,268,1,-1,-1,-1
30,14,1519,785,188,160,1,-1,-1,-1
30,15,720,416,194,172,1,-1,-1,-1
30,16,537,484,210,122,1,-1,-1,-1
30,17,984,278,184,124,1,-1,-1,-1
30,18,1261,312,202,160,1,-1,-1,-1
30,19,418,565,220,128,1,-1,-1,-1
30,20,897,1063,356,232,1,-1,-1,-1
31,0,348,911,232,204,1,-1,-1,-1
31,1,892,1042,331,248,1,-1,-1,-1
31,2,2157,685,128,264,1,-1,-1,-1
31,3,328,1016,308,236,1,-1,-1,-1
31,4,1762,1042,300,356,1,-1,-1,-1
31,5,873,740,148,240,1,-1,-1,-1
31,6,614,663,172,260,1,-1,-1,-1
31,7,1061,770,220,280,1,-1,-1,-1
31,8,247,661,156,192,1,-1,-1,-1
31,9,293,532,144,200,1,-1,-1,-1
31,10,1069,314,155,202,1,-1,-1,-1
31,11,1805,428,172,164,1,-1,-1,-1
31,12,455,1293,208,147,1,-1,-1,-1
31,13,543,1089,264,268,1,-1,-1,-1
31,14,1518,785,188,160,1,-1,-1,-1
31,15,713,420,194,172,1,-1,-1,-1
31,16,538,485,200,116,1,-1,-1,-1
31,17,983,278,184,124,1,-1,-1,-1
31,18,1260,311,202,160,1,-1,-1,-1
31,19,418,566,220,128,1,-1,-1,-1
31,20,901,1061,356,232,1,-1,-1,-1
32,0,347,909,232,204,1,-1,-1,-1
32,2,2157,685,128,264,1,-1,-1,-1
32,3,325,1012,308,236,1,-1,-1,-1
32,4,1767,1042,286,339,1,-1,-1,-1
32,5,873,739,148,240,1,-1,-1,-1
32,6,612,671,172,260,1,-1,-1,-1
32,7,1074,793,220,280,1,-1,-1,-1
32,8,247,661,156,192,1,-1,-1,-1
32,9,293,531,144,200,1,-1,-1,-1
32,10,1069,315,155,202,1,-1,-1,-1
32,11,1804,427,172,164,1,-1,-1,-1
32,12,455,1292,208,148,1,-1,-1,-1
32,13,541,1092,264,268,1,-1,-1,-1
32,14,1517,785,188,160,1,-1,-1,-1
32,15,700,416,194,172,1,-1,-1,-1
32,16,533,484,200,116,1,-1,-1,-1
32,17,981,278,184,124,1,-1,-1,-1
32,18,1260,311,202,160,1,-1,-1,-1
32,19,410,568,231,134,1,-1,-1,-1
32,20,903,1057,356,232,1,-1,-1,-1
33,0,360,912,232,188,1,-1,-1,-1
33,2,2156,684,140,264,1,-1,-1,-1
33,3,280,1008,352,240,1,-1,-1,-1
33,4,1767,1042,286,339,1,-1,-1,-1
33,5,872,736,148,244,1,-1,-1,-1
33,6,612,671,172,260,1,-1,-1,-1
33,7,1074,793,220,280,1,-1,-1,-1
33,8,247,661,156,192,1,-1,-1,-1
33,9,293,531,144,200,1,-1,-1,-1
33,10,1069,315,155,202,1,-1,-1,-1
33,11,1812,424,156,172,1,-1,-1,-1
33,12,455,1292,208,148,1,-1,-1,-1
33,13,541,1092,264,268,1,-1,-1,-1
33,14,1520,788,204,156,1,-1,-1,-1
33,15,700,416,194,172,1,-1,-1,-1
33,16,533,484,200,116,1,-1,-1,-1
33,17,976,272,196,112,1,-1,-1,-1
33,18,1300,316,152,148,1,-1,-1,-1
33,19,410,568,231,134,1,-1,-1,-1
33,20,908,1044,360,248,1,-1,-1,-1
33,21,592,468,136,148,1,-1,-1,-1
33,22,1800,980,216,340,1,-1,-1,-1
33,23,1096,584,152,228,1,-1,-1,-1
34,0,357,913,232,188,1,-1,-1,-1
34,2,2156,681,140,264,1,-1,-1,-1
34,3,274,1008,352,240,1,-1,-1,-1
34,4,1756,1041,300,356,1,-1,-1,-1
34,5,872,737,148,244,1,-1,-1,-1
34,6,590,695,172,260,1,-1,-1,-1
34,7,1083,786,231,294,1,-1,-1,-1
34,8,246,665,156,192,1,-1,-1,-1
34,9,293,530,144,200,1,-1,-1,-1
34,10,1066,318,155,202,1,-1,-1,-1
34,11,1813,424,156,172,1,-1,-1,-1
34,12,453,1292,208,148,1,-1,-1,-1
34,13,538,1090,264,268,1,-1,-1,-1
34,14,1520,788,204,156,1,-1,-1,-1
34,15,702,413,194,172,1,-1,-1,-1
34,16,528,479,200,116,1,-1,-1,-1
34,17,974,272,196,112,1,-1,-1,-1
34,18,1300,316,152,148,1,-1,-1,-1
34,19,398,577,220,128,1,-1,-1,-1
34,20,920,1041,360,248,1,-1,-1,-1
34,21,589,463,136,148,1,-1,-1,-1
34,22,1805,964,216,340,1,-1,-1,-1
34,23,1097,584,152,228,1,-1,-1,-1
35,0,357,914,232,188,1,-1,-1,-1
35,2,2156,679,140,264,1,-1,-1,-1
35,3,272,1009,352,240,1,-1,-1,-1
35,4,1763,1036,300,356,1,-1,-1,-1
35,5,873,738,148,244,1,-1,-1,-1
35,6,587,695,172,260,1,-1,-1,-1
35,7,1083,788,231,294,1,-1,-1,-1
35,8,245,667,156,192,1,-1,-1,-1
35,9,293,530,144,200,1,-1,-1,-1
35,10,1065,318,155,202,1,-1,-1,-1
35,11,1813,425,156,172,1,-1,-1,-1
35,12,453,1292,208,148,1,-1,-1,-1
35,13,537,1091,264,268,1,-1,-1,-1
35,14,1520,789,204,156,1,-1,-1,-1
35,15,699,413,194,172,1,-1,-1,-1
35,16,528,477,200,116,1,-1,-1,-1
35,17,973,273,196,112,1,-1,-1,-1
35,18,1300,317,152,148,1,-1,-1,-1
35,19,396,577,220,128,1,-1,-1,-1
35,20,922,1040,360,248,1,-1,-1,-1
35,21,589,463,136,148,1,-1,-1,-1
35,22,1813,967,206,324,1,-1,-1,-1
35,23,1098,585,152,228,1,-1,-1,-1
36,0,355,916,232,188,1,-1,-1,-1
36,2,2156,678,140,264,1,-1,-1,-1
36,3,268,1013,352,240,1,-1,-1,-1
36,4,1753,1035,300,356,1,-1,-1,-1
36,5,873,740,148,244,1,-1,-1,-1
36,6,586,707,164,248,1,-1,-1,-1
36,7,1084,786,231,294,1,-1,-1,-1
36,9,294,529,144,200,1,-1,-1,-1
36,10,1066,318,155,202,1,-1,-1,-1
36,11,1813,425,156,172,1,-1,-1,-1
36,12,453,1291,208,149,1,-1,-1,-1
36,13,537,1094,264,268,1,-1,-1,-1
36,14,1520,790,204,156,1,-1,-1,-1
36,15,697,412,194,172,1,-1,-1,-1
36,17,973,272,196,112,1,-1,-1,-1
36,18,1300,317,152,148,1,-1,-1,-1
36,19,390,574,220,128,1,-1,-1,-1
36,20,926,1040,360,248,1,-1,-1,-1
36,21,588,460,136,148,1,-1,-1,-1
36,22,1814,952,206,324,1,-1,-1,-1
36,23,1098,583,152,228,1,-1,-1,-1
37,0,354,913,244,197,1,-1,-1,-1
37,2,2158,676,140,264,1,-1,-1,-1
37,3,236,1044,352,240,1,-1,-1,-1
37,4,1734,1059,286,339,1,-1,-1,-1
37,5,871,733,155,256,1,-1,-1,-1
37,6,584,712,164,248,1,-1,-1,-1
37,7,1076,777,231,294,1,-1,-1,-1
37,9,295,530,144,200,1,-1,-1,-1
37,10,1064,319,155,202,1,-1,-1,-1
37,11,1815,424,156,172,1,-1,-1,-1
37,12,454,1291,208,149,1,-1,-1,-1
37,13,542,1107,251,255,1,-1,-1,-1
37,14,1521,790,204,156,1,-1,-1,-1
37,15,700,413,194,172,1,-1,-1,-1
37,17,970,272,196,112,1,-1,-1,-1
37,18,1297,317,152,148,1,-1,-1,-1
37,19,406,558,220,128,1,-1,-1,-1
37,20,936,1034,360,248,1,-1,-1,-1
37,21,588,457,136,148,1,-1,-1,-1
37,22,1815,896,206,324,1,-1,-1,-1
37,23,1096,578,152,228,1,-1,-1,-1
38,0,357,914,244,197,1,-1,-1,-1
38,2,2159,675,140,264,1,-1,-1,-1
38,3,239,1045,352,240,1,-1,-1,-1
38,4,1722,1064,286,339,1,-1,-1,-1
38,5,872,733,155,256,1,-1,-1,-1
38,6,584,713,164,248,1,-1,-1,-1
38,7,1075,774,231,294,1,-1,-1,-1
38,9,295,531,144,200,1,-1,-1,-1
38,10,1063,319,155,202,1,-1,-1,-1
38,11,1815,424,156,172,1,-1,-1,-1
38,12,454,1291,208,149,1,-1,-1,-1
38,13,540,1108,251,255,1,-1,-1,-1
38,14,1521,791,204,156,1,-1,-1,-1
38,15,697,413,194,172,1,-1,-1,-1
38,17,970,272,196,112,1,-1,-1,-1
38,18,1298,317,152,148,1,-1,-1,-1
38,19,405,557,220,128,1,-1,-1,-1
38,20,936,1034,360,248,1,-1,-1,-1
38,21,589,457,136,148,1,-1,-1,-1
38,22,1815,898,206,324,1,-1,-1,-1
38,23,1094,578,152,228,1,-1,-1,-1
39,0,356,913,244,197,1,-1,-1,-1
39,2,2159,675,140,264,1,-1,-1,-1
39,3,237,1044,352,240,1,-1,-1,-1
39,4,1725,1075,272,323,1,-1,-1,-1
39,5,871,734,155,256,1,-1,-1,-1
39,6,586,719,156,236,1,-1,-1,-1
39,7,1078,781,220,280,1,-1,-1,-1
39,9,294,531,144,200,1,-1,-1,-1
39,10,1063,319,155,202,1,-1,-1,-1
39,11,1815,424,156,172,1,-1,-1,-1
39,12,454,1292,208,148,1,-1,-1,-1
39,13,538,1109,251,255,1,-1,-1,-1
39,14,1521,791,204,156,1,-1,-1,-1
39,15,697,414,194,172,1,-1,-1,-1
39,17,970,272,196,112,1,-1,-1,-1
39,18,1297,317,152,148,1,-1,-1,-1
39,19,404,557,220,128,1,-1,-1,-1
39,20,937,1033,360,248,1,-1,-1,-1
39,21,589,457,136,148,1,-1,-1,-1
39,22,1814,897,206,324,1,-1,-1,-1
39,23,1094,576,152,228,1,-1,-1,-1
40,0,356,912,244,197,1,-1,-1,-1
40,2,2159,674,140,264,1,-1,-1,-1
40,3,181,1072,370,252,1,-1,-1,-1
40,5,873,733,155,256,1,-1,-1,-1
40,6,584,718,156,236,1,-1,-1,-1
40,7,1065,769,220,280,1,-1,-1,-1
40,9,295,532,144,200,1,-1,-1,-1
40,10,1058,317,155,202,1,-1,-1,-1
40,11,1815,424,156,172,1,-1,-1,-1
40,12,454,1296,208,144,1,-1,-1,-1
40,13,534,1120,251,255,1,-1,-1,-1
40,14,1522,791,204,156,1,-1,-1,-1
40,15,700,409,194,172,1,-1,-1,-1
40,17,967,271,196,112,1,-1,-1,-1
40,18,1296,316,152,148,1,-1,-1,-1
40,19,417,552,220,128,1,-1,-1,-1
40,20,933,1034,360,248,1,-1,-1,-1
40,21,590,447,136,148,1,-1,-1,-1
40,22,1824,865,206,324,1,-1,-1,-1
40,23,1092,575,152,228,1,-1,-1,-1
41,0,352,908,256,192,1,-1,-1,-1
41,2,2156,680,140,284,1,-1,-1,-1
41,3,181,1072,370,252,1,-1,-1,-1
41,5,880,736,140,236,1,-1,-1,-1
41,6,584,718,156,236,1,-1,-1,-1
41,7,1065,769,220,280,1,-1,-1,-1
41,9,295,532,144,200,1,-1,-1,-1
41,10,1058,317,155,202,1,-1,-1,-1
41,11,1815,424,156,172,1,-1,-1,-1
41,12,454,1296,208,144,1,-1,-1,-1
41,13,534,1120,251,255,1,-1,-1,-1
41,14,1516,784,220,164,1,-1,-1,-1
41,15,728,412,136,176,1,-1,-1,-1
41,17,972,268,184,108,1,-1,-1,-1
41,18,1296,316,152,148,1,-1,-1,-1
41,19,417,552,220,128,1,-1,-1,-1
41,20,933,1034,360,248,1,-1,-1,-1
41,21,590,447,136,148,1,-1,-1,-1
41,22,1824,892,200,284,1,-1,-1,-1
41,23,1092,575,152,228,1,-1,-1,-1
41,24,1284,644,136,268,1,-1,-1,-1
41,25,1020,1004,344,240,1,-1,-1,-1
41,26,1048,768,224,216,1,-1,-1,-1
41,27,168,1088,384,300,1,-1,-1,-1
42,0,352,909,256,192,1,-1,-1,-1
42,2,2156,681,140,284,1,-1,-1,-1
42,3,165,1077,370,252,1,-1,-1,-1
42,5,880,736,140,236,1,-1,-1,-1
42,6,585,716,156,236,1,-1,-1,-1
42,7,1058,770,220,280,1,-1,-1,-1
42,9,295,531,144,200,1,-1,-1,-1
42,10,1052,322,155,202,1,-1,-1,-1
42,11,1815,425,156,172,1,-1,-1,-1
42,12,456,1298,208,142,1,-1,-1,-1
42,13,519,1125,251,255,1,-1,-1,-1
42,14,1516,785,220,164,1,-1,-1,-1
42,15,729,412,136,176,1,-1,-1,-1
42,17,970,266,184,108,1,-1,-1,-1
42,18,1296,317,152,148,1,-1,-1,-1
42,19,419,549,220,128,1,-1,-1,-1
42,20,922,1033,360,248,1,-1,-1,-1
42,21,589,441,136,148,1,-1,-1,-1
42,22,1828,887,200,284,1,-1,-1,-1
42,23,1092,575,152,228,1,-1,-1,-1
42,24,1284,644,136,268,1,-1,-1,-1
42,25,1023,1004,344,240,1,-1,-1,-1
42,26,1045,764,224,216,1,-1,-1,-1
42,27,162,1092,384,300,1,-1,-1,-1
43,0,353,910,256,192,1,-1,-1,-1
43,2,2156,685,140,284,1,-1,-1,-1
43,3,156,1084,370,252,1,-1,-1,-1
43,5,880,736,140,236,1,-1,-1,-1
43,6,587,716,156,236,1,-1,-1,-1
43,7,1057,770,220,280,1,-1,-1,-1
43,9,298,536,137,190,1,-1,-1,-1
43,10,1021,353,148,192,1,-1,-1,-1
43,11,1815,426,156,172,1,-1,-1,-1
43,12,458,1305,208,135,1,-1,-1,-1
43,13,485,1135,251,255,1,-1,-1,-1
43,14,1517,785,220,164,1,-1,-1,-1
43,15,735,411,136,176,1,-1,-1,-1
43,17,967,262,184,108,1,-1,-1,-1
43,18,1297,317,152,148,1,-1,-1,-1
43,19,419,547,220,128,1,-1,-1,-1
43,20,920,1030,360,248,1,-1,-1,-1
43,21,584,436,136,148,1,-1,-1,-1
43,22,1849,853,200,284,1,-1,-1,-1
43,23,1093,578,152,228,1,-1,-1,-1
43,24,1282,645,136,268,1,-1,-1,-1
43,25,1026,1003,344,240,1,-1,-1,-1
43,26,1045,762,224,216,1,-1,-1,-1
43,27,149,1098,384,300,1,-1,-1,-1
44,0,353,909,256,192,1,-1,-1,-1
44,2,2155,686,140,284,1,-1,-1,-1
44,3,152,1086,370,252,1,-1,-1,-1
44,5,880,736,140,236,1,-1,-1,-1
44,6,586,715,156,236,1,-1,-1,-1
44,7,1057,770,220,280,1,-1,-1,-1
44,9,298,536,137,190,1,-1,-1,-1
44,10,1015,352,148,192,1,-1,-1,-1
44,11,1815,426,156,172,1,-1,-1,-1
44,12,459,1305,208,135,1,-1,-1,-1
44,13,478,1138,251,255,1,-1,-1,-1
44,14,1517,785,220,164,1,-1,-1,-1
44,15,736,411,136,176,1,-1,-1,-1
44,17,967,260,184,108,1,-1,-1,-1
44,18,1298,317,152,148,1,-1,-1,-1
44,19,419,545,220,128,1,-1,-1,-1
44,20,922,1034,343,236,1,-1,-1,-1
44,21,583,434,136,148,1,-1,-1,-1
44,22,1848,853,200,284,1,-1,-1,-1
44,23,1093,578,152,228,1,-1,-1,-1
44,24,1281,645,136,268,1,-1,-1,-1
44,25,1028,1003,344,240,1,-1,-1,-1
44,26,1044,762,224,216,1,-1,-1,-1
44,27,147,1101,384,300,1,-1,-1,-1
45,0,352,909,256,192,1,-1,-1,-1
45,2,2156,687,140,284,1,-1,-1,-1
45,3,151,1086,370,252,1,-1,-1,-1
45,5,881,737,140,236,1,-1,-1,-1
45,6,585,715,156,236,1,-1,-1,-1
45,7,1055,770,220,280,1,-1,-1,-1
45,9,298,535,137,190,1,-1,-1,-1
45,10,1016,353,148,192,1,-1,-1,-1
45,11,1816,426,156,172,1,-1,-1,-1
45,12,458,1305,208,135,1,-1,-1,-1
45,13,476,1139,251,255,1,-1,-1,-1
45,14,1517,786,220,164,1,-1,-1,-1
45,15,736,411,136,176,1,-1,-1,-1
45,17,967,260,184,108,1,-1,-1,-1
45,18,1298,317,152,148,1,-1,-1,-1
45,19,420,545,220,128,1,-1,-1,-1
45,20,918,1032,343,236,1,-1,-1,-1
45,21,583,433,136,148,1,-1,-1,-1
45,22,1848,853,200,284,1,-1,-1,-1
45,23,1094,579,152,228,1,-1,-1,-1
45,24,1281,643,136,268,1,-1,-1,-1
45,25,1029,1002,344,240,1,-1,-1,-1
45,26,1045,762,224,216,1,-1,-1,-1
45,27,147,1101,384,300,1,-1,-1,-1
46,0,351,908,256,192,1,-1,-1,-1
46,2,2155,685,140,284,1,-1,-1,-1
46,3,131,1093,370,252,1,-1,-1,-1
46,5,880,737,140,236,1,-1,-1,-1
46,6,586,717,156,236,1,-1,-1,-1
46,7,1060,769,220,280,1,-1,-1,-1
46,9,299,537,137,190,1,-1,-1,-1
46,10,973,367,155,202,1,-1,-1,-1
46,11,1815,425,156,172,1,-1,-1,-1
46,12,463,1313,198,127,1,-1,-1,-1
46,13,406,1156,251,255,1,-1,-1,-1
46,14,1515,786,220,164,1,-1,-1,-1
46,15,741,411,136,176,1,-1,-1,-1
46,17,966,256,184,108,1,-1,-1,-1
46,18,1298,316,152,148,1,-1,-1,-1
46,19,411,544,220,128,1,-1,-1,-1
46,20,916,1032,343,236,1,-1,-1,-1
46,21,570,437,136,148,1,-1,-1,-1
46,22,1868,822,200,284,1,-1,-1,-1
46,23,1097,577,152,228,1,-1,-1,-1
46,24,1281,644,136,268,1,-1,-1,-1
46,25,1033,1000,344,240,1,-1,-1,-1
46,26,1049,762,224,216,1,-1,-1,-1
46,27,135,1103,384,300,1,-1,-1,-1
47,0,352,908,256,192,1,-1,-1,-1
47,2,2157,686,140,284,1,-1,-1,-1
47,3,140,1100,352,240,1,-1,-1,-1
47,5,880,737,140,236,1,-1,-1,-1
47,6,586,717,156,236,1,-1,-1,-1
47,7,1061,769,220,280,1,-1,-1,-1
47,9,298,537,137,190,1,-1,-1,-1
47,10,970,368,155,202,1,-1,-1,-1
47,11,1815,426,156,172,1,-1,-1,-1
47,12,462,1313,198,127,1,-1,-1,-1
47,13,403,1156,251,255,1,-1,-1,-1
47,14,1515,786,220,164,1,-1,-1,-1
47,15,742,411,136,176,1,-1,-1,-1
47,17,965,255,184,108,1,-1,-1,-1
47,18,1299,317,152,148,1,-1,-1,-1
47,19,410,545,220,128,1,-1,-1,-1
47,20,922,1035,327,225,1,-1,-1,-1
47,21,569,439,136,148,1,-1,-1,-1
47,22,1868,822,200,284,1,-1,-1,-1
47,23,1098,577,152,228,1,-1,-1,-1
47,24,1281,644,136,268,1,-1,-1,-1
47,25,1033,1001,344,240,1,-1,-1,-1
47,26,1049,762,224,216,1,-1,-1,-1
47,27,135,1102,384,300,1,-1,-1,-1
48,0,354,907,256,192,1,-1,-1,-1
48,2,2157,683,140,284,1,-1,-1,-1
48,3,126,1100,352,240,1,-1,-1,-1
48,5,880,737,140,236,1,-1,-1,-1
48,6,590,723,149,225,1,-1,-1,-1
48,7,1068,771,220,280,1,-1,-1,-1
48,9,297,538,137,190,1,-1,-1,-1
48,10,957,373,155,202,1,-1,-1,-1
48,11,1814,425,156,172,1,-1,-1,-1
48,12,462,1314,198,126,1,-1,-1,-1
48,13,385,1163,251,255,1,-1,-1,-1
48,14,1515,785,220,164,1,-1,-1,-1
48,15,744,411,136,176,1,-1,-1,-1
48,17,963,253,184,108,1,-1,-1,-1
48,18,1300,317,152,148,1,-1,-1,-1
48,19,410,548,210,122,1,-1,-1,-1
48,20,923,1037,327,225,1,-1,-1,-1
48,21,553,449,136,148,1,-1,-1,-1
48,22,1870,815,200,284,1,-1,-1,-1
48,23,1100,577,152,228,1,-1,-1,-1
48,24,1281,645,136,268,1,-1,-1,-1
48,25,1033,1000,344,240,1,-1,-1,-1
48,26,1057,765,224,216,1,-1,-1,-1
48,27,129,1104,384,300,1,-1,-1,-1
49,0,354,907,256,192,1,-1,-1,-1
49,2,2156,684,144,236,1,-1,-1,-1
49,3,88,1120,372,220,1,-1,-1,-1
49,5,880,736,140,244,1,-1,-1,-1
49,6,564,720,196,228,1,-1,-1,-1
49,7,1068,771,220,280,1,-1,-1,-1
49,9,297,538,137,190,1,-1,-1,-1
49,10,957,373,155,202,1,-1,-1,-1
49,11,1808,432,176,200,1,-1,-1,-1
49,12,462,1314,198,126,1,-1,-1,-1
49,13,385,1163,251,255,1,-1,-1,-1
49,14,1515,785,220,164,1,-1,-1,-1
49,15,732,404,148,184,1,-1,-1,-1
49,17,944,256,200,116,1,-1,-1,-1
49,18,1316,316,136,144,1,-1,-1,-1
49,19,410,548,210,122,1,-1,-1,-1
49,20,923,1037,327,225,1,-1,-1,-1
49,21,553,449,136,148,1,-1,-1,-1
49,22,1884,804,176,304,1,-1,-1,-1
49,23,1100,577,152,228,1,-1,-1,-1
49,24,1284,644,136,268,1,-1,-1,-1
49,25,1056,1036,352,252,1,-1,-1,-1
49,26,1057,765,224,216,1,-1,-1,-1
49,27,129,1104,384,300,1,-1,-1,-1
49,28,1660,640,200,252,1,-1,-1,-1
49,29,1784,512,160,196,1,-1,-1,-1
49,30,224,540,208,224,1,-1,-1,-1
49,31,496,464,168,160,1,-1,-1,-1
49,32,252,692,144,216,1,-1,-1,-1
50,0,353,905,256,192,1,-1,-1,-1
50,2,2156,684,144,236,1,-1,-1,-1
50,3,88,1120,372,220,1,-1,-1,-1
50,5,880,736,140,244,1,-1,-1,-1
50,6,564,720,196,228,1,-1,-1,-1
50,7,1078,780,220,280,1,-1,-1,-1
50,9,296,540,137,190,1,-1,-1,-1
50,10,939,378,155,202,1,-1,-1,-1
50,11,1808,432,176,200,1,-1,-1,-1
50,12,463,1321,198,119,1,-1,-1,-1
50,13,350,1216,251,224,1,-1,-1,-1
50,14,1513,785,220,164,1,-1,-1,-1
50,15,732,404,148,184,1,-1,-1,-1
50,17,944,256,200,116,1,-1,-1,-1
50,18,1316,316,136,144,1,-1,-1,-1
50,19,398,548,210,122,1,-1,-1,-1
50,20,912,1034,327,225,1,-1,-1,-1
50,21,536,458,136,148,1,-1,-1,-1
50,22,1884,804,176,304,1,-1,-1,-1
50,23,1103,578,152,228,1,-1,-1,-1
50,24,1284,644,136,268,1,-1,-1,-1
50,25,1056,1036,352,252,1,-1,-1,-1
50,26,1060,764,235,227,1,-1,-1,-1
50,27,97,1105,384,300,1,-1,-1,-1
50,28,1660,640,200,252,1,-1,-1,-1
50,29,1784,512,160,196,1,-1,-1,-1
50,30,224,540,208,224,1,-1,-1,-1
50,31,496,464,168,160,1,-1,-1,-1
50,32,252,692,144,216,1,-1,-1,-1
51,0,354,904,256,192,1,-1,-1,-1
51,2,2156,685,144,236,1,-1,-1,-1
51,3,88,1121,372,220,1,-1,-1,-1
51,5,880,736,140,244,1,-1,-1,-1
51,6,564,720,196,228,1,-1,-1,-1
51,7,1079,780,220,280,1,-1,-1,-1
51,9,297,540,137,190,1,-1,-1,-1
51,10,938,379,155,202,1,-1,-1,-1
51,11,1808,432,176,200,1,-1,-1,-1
51,12,462,1321,198,119,1,-1,-1,-1
51,13,345,1219,251,221,1,-1,-1,-1
51,14,1513,785,220,164,1,-1,-1,-1
51,15,732,405,148,184,1,-1,-1,-1
51,17,944,256,200,116,1,-1,-1,-1
51,18,1316,316,136,144,1,-1,-1,-1
51,19,397,544,210,122,1,-1,-1,-1
51,21,531,458,136,148,1,-1,-1,-1
51,22,1884,804,176,304,1,-1,-1,-1
51,23,1104,578,152,228,1,-1,-1,-1
51,24,1285,644,136,268,1,-1,-1,-1
51,25,1056,1036,352,252,1,-1,-1,-1
51,26,1061,765,235,227,1,-1,-1,-1
51,27,98,1105,384,300,1,-1,-1,-1
51,28,1660,640,200,252,1,-1,-1,-1
51,29,1784,512,160,196,1,-1,-1,-1
51,30,225,540,208,224,1,-1,-1,-1
51,31,496,464,168,160,1,-1,-1,-1
51,32,252,693,144,216,1,-1,-1,-1
52,0,356,902,256,192,1,-1,-1,-1
52,2,2156,684,144,236,1,-1,-1,-1
52,3,80,1118,372,220,1,-1,-1,-1
52,5,880,738,140,244,1,-1,-1,-1
52,6,564,719,196,228,1,-1,-1,-1
52,7,1080,786,220,280,1,-1,-1,-1
52,9,293,541,137,190,1,-1,-1,-1
52,10,920,394,163,212,1,-1,-1,-1
52,11,1809,431,176,200,1,-1,-1,-1
52,12,463,1321,198,119,1,-1,-1,-1
52,13,318,1252,251,188,1,-1,-1,-1
52,14,1513,786,220,164,1,-1,-1,-1
52,15,731,407,148,184,1,-1,-1,-1
52,17,936,257,200,116,1,-1,-1,-1
52,18,1316,316,136,144,1,-1,-1,-1
52,19,381,543,210,122,1,-1,-1,-1
52,21,522,454,136,148,1,-1,-1,-1
52,22,1885,767,176,304,1,-1,-1,-1
52,23,1105,578,152,228,1,-1,-1,-1
52,24,1287,645,136,268,1,-1,-1,-1
52,25,1067,1036,352,252,1,-1,-1,-1
52,26,1065,769,235,227,1,-1,-1,-1
52,27,90,1099,384,300,1,-1,-1,-1
52,28,1661,640,200,252,1,-1,-1,-1
52,29,1785,511,160,196,1,-1,-1,-1
52,30,223,540,208,224,1,-1,-1,-1
52,31,491,466,168,160,1,-1,-1,-1
52,32,253,692,144,216,1,-1,-1,-1
53,0,356,901,256,192,1,-1,-1,-1
53,2,2157,684,144,236,1,-1,-1,-1
53,3,78,1116,372,220,1,-1,-1,-1
53,5,880,738,140,244,1,-1,-1,-1
53,6,565,718,196,228,1,-1,-1,-1
53,7,1080,783,220,280,1,-1,-1,-1
53,9,293,541,137,190,1,-1,-1,-1
53,10,919,395,163,212,1,-1,-1,-1
53,11,1809,431,176,200,1,-1,-1,-1
53,12,464,1322,198,118,1,-1,-1,-1
53,13,312,1253,251,187,1,-1,-1,-1
53,14,1513,786,220,164,1,-1,-1,-1
53,15,731,407,148,184,1,-1,-1,-1
53,17,936,258,200,116,1,-1,-1,-1
53,18,1316,316,136,144,1,-1,-1,-1
53,19,381,542,210,122,1,-1,-1,-1
53,21,519,453,136,148,1,-1,-1,-1
53,22,1885,763,176,304,1,-1,-1,-1
53,23,1105,577,152,228,1,-1,-1,-1
53,24,1288,645,136,268,1,-1,-1,-1
53,25,1068,1036,352,252,1,-1,-1,-1
53,26,1064,768,235,227,1,-1,-1,-1
53,27,97,1107,366,286,1,-1,-1,-1
53,28,1661,640,200,252,1,-1,-1,-1
53,29,1787,511,160,196,1,-1,-1,-1
53,30,223,541,208,224,1,-1,-1,-1
53,31,490,466,168,160,1,-1,-1,-1
53,32,253,692,144,216,1,-1,-1,-1
54,0,357,900,256,192,1,-1,-1,-1
54,2,2157,685,144,236,1,-1,-1,-1
54,3,78,1116,372,220,1,-1,-1,-1
54,5,877,738,140,244,1,-1,-1,-1
54,6,566,718,196,228,1,-1,-1,-1
54,7,1079,783,220,280,1,-1,-1,-1
54,9,292,541,137,190,1,-1,-1,-1
54,10,917,400,163,212,1,-1,-1,-1
54,11,1808,432,176,200,1,-1,-1,-1
54,12,462,1325,198,115,1,-1,-1,-1
54,13,303,1255,251,185,1,-1,-1,-1
54,14,1514,787,220,164,1,-1,-1,-1
54,15,730,408,148,184,1,-1,-1,-1
54,17,927,261,200,116,1,-1,-1,-1
54,18,1317,316,136,144,1,-1,-1,-1
54,19,378,543,210,122,1,-1,-1,-1
54,21,520,453,136,148,1,-1,-1,-1
54,22,1887,749,176,304,1,-1,-1,-1
54,23,1104,576,152,228,1,-1,-1,-1
54,24,1288,644,136,268,1,-1,-1,-1
54,25,1068,1037,352,252,1,-1,-1,-1
54,26,1062,764,235,227,1,-1,-1,-1
54,27,96,1107,366,286,1,-1,-1,-1
54,28,1662,642,200,252,1,-1,-1,-1
54,29,1785,511,160,196,1,-1,-1,-1
54,30,222,541,208,224,1,-1,-1,-1
54,31,489,467,168,160,1,-1,-1,-1
54,32,254,691,144,216,1,-1,-1,-1
55,0,356,902,256,192,1,-1,-1,-1
55,2,2156,688,144,236,1,-1,-1,-1
55,3,79,1115,372,220,1,-1,-1,-1
55,5,873,731,147,256,1,-1,-1,-1
55,6,567,717,196,228,1,-1,-1,-1
55,7,1073,775,220,280,1,-1,-1,-1
55,9,293,541,137,190,1,-1,-1,-1
55,10,913,404,163,212,1,-1,-1,-1
55,11,1804,432,176,200,1,-1,-1,-1
55,12,493,1296,198,144,1,-1,-1,-1
55,13,265,1275,251,165,1,-1,-1,-1
55,14,1513,785,220,164,1,-1,-1,-1
55,15,726,407,148,184,1,-1,-1,-1
55,17,905,266,200,116,1,-1,-1,-1
55,18,1316,317,136,144,1,-1,-1,-1
55,19,377,550,210,122,1,-1,-1,-1
55,21,514,457,136,148,1,-1,-1,-1
55,22,1892,725,176,304,1,-1,-1,-1
55,23,1102,576,152,228,1,-1,-1,-1
55,24,1287,647,136,268,1,-1,-1,-1
55,25,1073,1036,352,252,1,-1,-1,-1
55,26,1053,757,235,227,1,-1,-1,-1
55,27,95,1107,366,286,1,-1,-1,-1
55,28,1663,643,200,252,1,-1,-1,-1
55,29,1774,510,160,196,1,-1,-1,-1
55,30,223,541,208,224,1,-1,-1,-1
55,31,484,470,168,160,1,-1,-1,-1
55,32,254,691,144,216,1,-1,-1,-1
56,0,356,903,256,192,1,-1,-1,-1
56,2,2160,695,137,225,1,-1,-1,-1
56,3,79,1115,372,220,1,-1,-1,-1
56,5,873,731,147,256,1,-1,-1,-1
56,6,567,717,196,228,1,-1,-1,-1
56,7,1073,773,220,280,1,-1,-1,-1
56,9,292,542,137,190,1,-1,-1,-1
56,10,911,405,163,212,1,-1,-1,-1
56,11,1803,432,176,200,1,-1,-1,-1
56,12,492,1282,208,156,1,-1,-1,-1
56,13,272,1286,239,154,1,-1,-1,-1
56,14,1514,785,220,164,1,-1,-1,-1
56,15,726,407,148,184,1,-1,-1,-1
56,17,904,266,200,116,1,-1,-1,-1
56,18,1315,317,136,144,1,-1,-1,-1
56,19,377,554,210,122,1,-1,-1,-1
56,21,514,457,136,148,1,-1,-1,-1
56,22,1893,726,176,304,1,-1,-1,-1
56,23,1101,575,152,228,1,-1,-1,-1
56,24,1287,646,136,268,1,-1,-1,-1
56,25,1074,1038,352,252,1,-1,-1,-1
56,26,1054,759,235,227,1,-1,-1,-1
56,27,95,1107,366,286,1,-1,-1,-1
56,28,1662,644,200,252,1,-1,-1,-1
56,29,1771,510,160,196,1,-1,-1,-1
56,30,223,540,208,224,1,-1,-1,-1
56,31,483,471,168,160,1,-1,-1,-1
56,32,254,691,144,216,1,-1,-1,-1
57,0,356,903,256,192,1,-1,-1,-1
57,2,2160,688,136,248,1,-1,-1,-1
57,3,52,1124,396,208,1,-1,-1,-1
57,5,884,736,140,248,1,-1,-1,-1
57,6,560,720,200,228,1,-1,-1,-1
57,7,1072,772,236,220,1,-1,-1,-1
57,9,292,542,137,190,1,-1,-1,-1
57,10,908,408,176,216,1,-1,-1,-1
57,11,1803,432,176,200,1,-1,-1,-1
57,12,492,1282,208,156,1,-1,-1,-1
57,13,300,1280,200,160,1,-1,-1,-1
57,14,1516,784,256,164,1,-1,-1,-1
57,15,732,404,128,184,1,-1,-1,-1
57,17,924,256,180,116,1,-1,-1,-1
57,18,1312,288,140,176,1,-1,-1,-1
57,19,377,554,210,122,1,-1,-1,-1
57,21,514,457,136,148,1,-1,-1,-1
57,22,1904,748,160,244,1,-1,-1,-1
57,23,1101,575,152,228,1,-1,-1,-1
57,24,1288,644,136,272,1,-1,-1,-1
57,25,1074,1038,352,252,1,-1,-1,-1
57,26,1054,759,235,227,1,-1,-1,-1
57,27,95,1107,366,286,1,-1,-1,-1
57,28,1664,644,204,248,1,-1,-1,-1
57,29,1771,510,160,196,1,-1,-1,-1
57,30,223,540,208,224,1,-1,-1,-1
57,31,483,471,168,160,1,-1,-1,-1
57,32,260,700,140,212,1,-1,-1,-1
57,33,1160,1044,352,228,1,-1,-1,-1
58,0,355,903,256,192,1,-1,-1,-1
58,2,2160,689,136,248,1,-1,-1,-1
58,3,53,1124,396,208,1,-1,-1,-1
58,5,884,736,140,248,1,-1,-1,-1
58,6,559,721,200,228,1,-1,-1,-1
58,7,1069,769,236,220,1,-1,-1,-1
58,9,295,540,137,190,1,-1,-1,-1
58,10,907,409,176,216,1,-1,-1,-1
58,11,1802,432,176,200,1,-1,-1,-1
58,12,486,1273,208,156,1,-1,-1,-1
58,13,249,1298,210,142,1,-1,-1,-1
58,14,1516,782,256,164,1,-1,-1,-1
58,15,727,401,128,184,1,-1,-1,-1
58,17,920,258,180,116,1,-1,-1,-1
58,18,1311,289,140,176,1,-1,-1,-1
58,19,383,564,210,122,1,-1,-1,-1
58,21,511,459,136,148,1,-1,-1,-1
58,22,1927,721,160,244,1,-1,-1,-1
58,23,1101,575,152,228,1,-1,-1,-1
58,24,1289,642,136,272,1,-1,-1,-1
58,25,1072,1036,352,252,1,-1,-1,-1
58,26,1057,761,224,216,1,-1,-1,-1
58,27,102,1108,366,286,1,-1,-1,-1
58,28,1669,645,204,248,1,-1,-1,-1
58,29,1766,507,160,196,1,-1,-1,-1
58,30,224,540,208,224,1,-1,-1,-1
58,31,481,473,168,160,1,-1,-1,-1
58,32,261,700,140,212,1,-1,-1,-1
58,33,1163,1042,352,228,1,-1,-1,-1
59,0,357,903,256,192,1,-1,-1,-1
59,2,2160,690,136,248,1,-1,-1,-1
59,3,52,1123,396,208,1,-1,-1,-1
59,5,884,737,140,248,1,-1,-1,-1
59,6,558,723,200,228,1,-1,-1,-1
59,7,1069,769,236,220,1,-1,-1,-1
59,9,296,539,137,190,1,-1,-1,-1
59,10,907,410,176,216,1,-1,-1,-1
59,11,1803,432,176,200,1,-1,-1,-1
59,12,494,1267,218,164,1,-1,-1,-1
59,13,231,1319,200,121,1,-1,-1,-1
59,14,1511,777,269,172,1,-1,-1,-1
59,15,724,399,128,184,1,-1,-1,-1
59,17,919,261,180,116,1,-1,-1,-1
59,18,1313,291,140,176,1,-1,-1,-1
59,19,383,563,210,122,1,-1,-1,-1
59,21,511,459,136,148,1,-1,-1,-1
59,22,1940,701,160,244,1,-1,-1,-1
59,23,1101,575,152,228,1,-1,-1,-1
59,24,1291,642,136,272,1,-1,-1,-1
59,25,1075,1035,352,252,1,-1,-1,-1
59,26,1057,760,224,216,1,-1,-1,-1
59,27,103,1109,366,286,1,-1,-1,-1
59,28,1673,645,204,248,1,-1,-1,-1
59,29,1759,506,160,196,1,-1,-1,-1
59,30,225,537,208,224,1,-1,-1,-1
59,31,476,470,176,168,1,-1,-1,-1
59,32,261,700,140,212,1,-1,-1,-1
59,33,1164,1040,352,228,1,-1,-1,-1
60,0,358,902,256,192,1,-1,-1,-1
60,2,2159,691,136,248,1,-1,-1,-1
60,3,52,1123,396,208,1,-1,-1,-1
60,5,884,737,140,248,1,-1,-1,-1
60,6,558,724,200,228,1,-1,-1,-1
60,7,1070,770,236,220,1,-1,-1,-1
60,9,295,539,137,190,1,-1,-1,-1
60,10,906,410,176,216,1,-1,-1,-1
60,11,1804,432,176,200,1,-1,-1,-1
60,12,508,1265,218,164,1,-1,-1,-1
60,13,236,1323,190,117,1,-1,-1,-1
60,14,1511,777,269,172,1,-1,-1,-1
60,15,725,399,128,184,1,-1,-1,-1
60,17,919,262,180,116,1,-1,-1,-1
60,18,1312,291,140,176,1,-1,-1,-1
60,21,510,458,136,148,1,-1,-1,-1
60,22,1940,702,160,244,1,-1,-1,-1
60,23,1101,577,152,228,1,-1,-1,-1
60,24,1295,649,130,259,1,-1,-1,-1
60,25,1072,1035,352,252,1,-1,-1,-1
60,26,1058,760,224,216,1,-1,-1,-1
60,27,103,1108,366,286,1,-1,-1,-1
60,28,1674,646,204,248,1,-1,-1,-1
60,29,1751,501,168,206,1,-1,-1,-1
60,30,226,537,208,224,1,-1,-1,-1
60,31,476,471,176,168,1,-1,-1,-1
60,32,261,699,140,212,1,-1,-1,-1
60,33,1166,1040,352,228,1,-1,-1,-1
61,0,357,903,256,192,1,-1,-1,-1
61,2,2161,687,136,248,1,-1,-1,-1
61,3,52,1123,396,208,1,-1,-1,-1
61,5,885,739,140,248,1,-1,-1,-1
61,6,560,722,200,228,1,-1,-1,-1
61,7,1071,769,236,220,1,-1,-1,-1
61,9,298,537,137,190,1,-1,-1,-1
61,10,905,410,176,216,1,-1,-1,-1
61,11,1805,434,176,200,1,-1,-1,-1
61,12,489,1262,229,172,1,-1,-1,-1
61,13,218,1345,190,95,1,-1,-1,-1
61,14,1513,776,269,172,1,-1,-1,-1
61,15,725,399,128,184,1,-1,-1,-1
61,17,916,264,180,116,1,-1,-1,-1
61,18,1313,291,140,176,1,-1,-1,-1
61,21,510,459,136,148,1,-1,-1,-1
61,22,1953,679,160,244,1,-1,-1,-1
61,23,1105,582,145,217,1,-1,-1,-1
61,24,1301,655,130,259,1,-1,-1,-1
61,25,1076,1036,352,252,1,-1,-1,-1
61,26,1058,760,224,216,1,-1,-1,-1
61,27,105,1108,366,286,1,-1,-1,-1
61,28,1679,644,204,248,1,-1,-1,-1
61,29,1757,500,168,206,1,-1,-1,-1
61,30,226,534,208,224,1,-1,-1,-1
61,31,475,471,176,168,1,-1,-1,-1
61,32,261,700,140,212,1,-1,-1,-1
61,33,1165,1041,352,228,1,-1,-1,-1
62,0,357,903,256,192,1,-1,-1,-1
62,2,2161,685,136,248,1,-1,-1,-1
62,3,51,1123,396,208,1,-1,-1,-1
62,5,885,739,140,248,1,-1,-1,-1
62,6,560,721,200,228,1,-1,-1,-1
62,7,1071,768,236,220,1,-1,-1,-1
62,9,298,536,137,190,1,-1,-1,-1
62,10,905,410,176,216,1,-1,-1,-1
62,11,1806,434,176,200,1,-1,-1,-1
62,12,490,1259,229,172,1,-1,-1,-1
62,13,218,1346,190,94,1,-1,-1,-1
62,14,1512,775,269,172,1,-1,-1,-1
62,15,724,399,128,184,1,-1,-1,-1
62,17,915,264,180,116,1,-1,-1,-1
62,18,1313,292,140,176,1,-1,-1,-1
62,21,510,459,136,148,1,-1,-1,-1
62,22,1956,684,152,232,1,-1,-1,-1
62,23,1104,582,145,217,1,-1,-1,-1
62,24,1304,656,130,259,1,-1,-1,-1
62,25,1073,1036,352,252,1,-1,-1,-1
62,26,1058,760,224,216,1,-1,-1,-1
62,27,107,1108,366,286,1,-1,-1,-1
62,28,1680,643,204,248,1,-1,-1,-1
62,29,1753,501,168,206,1,-1,-1,-1
62,30,228,534,208,224,1,-1,-1,-1
62,31,475,470,176,168,1,-1,-1,-1
62,32,261,700,140,212,1,-1,-1,-1
62,33,1168,1042,352,228,1,-1,-1,-1
63,0,359,903,256,192,1,-1,-1,-1
63,2,2161,685,136,248,1,-1,-1,-1
63,3,51,1123,396,208,1,-1,-1,-1
63,5,885,739,140,248,1,-1,-1,-1
63,6,560,721,200,228,1,-1,-1,-1
63,7,1072,768,236,220,1,-1,-1,-1
63,9,299,536,137,190,1,-1,-1,-1
63,10,906,409,176,216,1,-1,-1,-1
63,11,1806,434,176,200,1,-1,-1,-1
63,12,502,1261,229,172,1,-1,-1,-1
63,13,218,1347,190,93,1,-1,-1,-1
63,14,1513,774,269,172,1,-1,-1,-1
63,15,724,399,128,184,1,-1,-1,-1
63,17,916,264,180,116,1,-1,-1,-1
63,18,1313,292,140,176,1,-1,-1,-1
63,21,510,459,136,148,1,-1,-1,-1
63,22,1956,684,152,232,1,-1,-1,-1
63,23,1105,582,145,217,1,-1,-1,-1
63,24,1305,656,130,259,1,-1,-1,-1
63,25,1075,1036,352,252,1,-1,-1,-1
63,26,1058,760,224,216,1,-1,-1,-1
63,27,107,1108,366,286,1,-1,-1,-1
63,28,1680,643,204,248,1,-1,-1,-1
63,29,1751,499,168,206,1,-1,-1,-1
63,30,228,532,208,224,1,-1,-1,-1
63,31,475,470,176,168,1,-1,-1,-1
63,32,261,700,140,212,1,-1,-1,-1
63,33,1166,1042,352,228,1,-1,-1,-1
64,0,358,903,256,192,1,-1,-1,-1
64,2,2161,682,136,248,1,-1,-1,-1
64,3,51,1123,396,208,1,-1,-1,-1
64,5,884,743,140,248,1,-1,-1,-1
64,6,562,721,200,228,1,-1,-1,-1
64,7,1076,773,236,220,1,-1,-1,-1
64,9,299,535,137,190,1,-1,-1,-1
64,10,905,410,176,216,1,-1,-1,-1
64,11,1805,435,176,200,1,-1,-1,-1
64,12,495,1256,229,172,1,-1,-1,-1
64,13,276,1306,200,134,1,-1,-1,-1
64,14,1514,772,269,172,1,-1,-1,-1
64,15,726,398,128,184,1,-1,-1,-1
64,17,915,266,180,116,1,-1,-1,-1
64,18,1314,292,140,176,1,-1,-1,-1
64,21,508,456,136,148,1,-1,-1,-1
64,22,1954,649,152,232,1,-1,-1,-1
64,23,1104,584,145,217,1,-1,-1,-1
64,24,1308,655,130,259,1,-1,-1,-1
64,25,1074,1036,352,252,1,-1,-1,-1
64,26,1066,766,224,216,1,-1,-1,-1
64,27,105,1110,366,286,1,-1,-1,-1
64,28,1685,642,204,248,1,-1,-1,-1
64,29,1752,498,168,206,1,-1,-1,-1
64,30,227,536,208,224,1,-1,-1,-1
64,31,474,468,176,168,1,-1,-1,-1
64,32,261,700,140,212,1,-1,-1,-1
64,33,1164,1043,352,228,1,-1,-1,-1
65,0,348,900,284,232,1,-1,-1,-1
65,2,2160,680,136,256,1,-1,-1,-1
65,3,52,1128,400,236,1,-1,-1,-1
65,5,880,744,148,248,1,-1,-1,-1
65,6,556,724,204,220,1,-1,-1,-1
65,7,1068,788,252,236,1,-1,-1,-1
65,9,299,535,137,190,1,-1,-1,-1
65,10,896,420,176,220,1,-1,-1,-1
65,11,1812,428,176,216,1,-1,-1,-1
65,12,495,1256,229,172,1,-1,-1,-1
65,13,276,1306,200,134,1,-1,-1,-1
65,14,1528,768,276,180,1,-1,-1,-1
65,15,712,360,144,232,1,-1,-1,-1
65,17,916,268,172,128,1,-1,-1,-1
65,18,1328,276,108,188,1,-1,-1,-1
65,21,508,456,136,148,1,-1,-1,-1
65,22,1956,636,144,284,1,-1,-1,-1
65,23,1104,584,145,217,1,-1,-1,-1
65,24,1308,652,168,320,1,-1,-1,-1
65,25,1074,1036,352,252,1,-1,-1,-1
65,26,1066,766,224,216,1,-1,-1,-1
65,27,105,1110,366,286,1,-1,-1,-1
65,28,1680,652,244,220,1,-1,-1,-1
65,29,1752,498,168,206,1,-1,-1,-1
65,30,248,540,188,184,1,-1,-1,-1
65,31,474,468,176,168,1,-1,-1,-1
65,32,261,700,140,212,1,-1,-1,-1
65,33,1172,1040,316,276,1,-1,-1,-1
65,34,392,552,120,292,1,-1,-1,-1
66,0,348,900,284,232,1,-1,-1,-1
66,2,2160,680,136,256,1,-1,-1,-1
66,3,52,1128,400,236,1,-1,-1,-1
66,5,880,744,148,248,1,-1,-1,-1
66,6,556,724,204,220,1,-1,-1,-1
66,7,1068,788,252,236,1,-1,-1,-1
66,9,300,534,137,190,1,-1,-1,-1
66,10,896,420,176,220,1,-1,-1,-1
66,11,1812,428,176,216,1,-1,-1,-1
66,13,296,1292,200,148,1,-1,-1,-1
66,14,1528,768,276,180,1,-1,-1,-1
66,15,712,360,144,232,1,-1,-1,-1
66,17,916,268,172,128,1,-1,-1,-1
66,18,1328,276,108,188,1,-1,-1,-1
66,21,509,452,136,148,1,-1,-1,-1
66,22,1956,636,144,284,1,-1,-1,-1
66,23,1106,584,145,217,1,-1,-1,-1
66,24,1308,652,168,320,1,-1,-1,-1
66,25,1073,1038,352,252,1,-1,-1,-1
66,26,1066,767,224,216,1,-1,-1,-1
66,27,105,1111,366,286,1,-1,-1,-1
66,28,1680,652,244,220,1,-1,-1,-1
66,29,1749,498,168,206,1,-1,-1,-1
66,30,248,540,188,184,1,-1,-1,-1
66,31,474,466,176,168,1,-1,-1,-1
66,32,261,700,140,212,1,-1,-1,-1
66,33,1172,1040,316,276,1,-1,-1,-1
66,34,392,552,120,292,1,-1,-1,-1
67,0,348,901,284,232,1,-1,-1,-1
67,2,2160,680,136,256,1,-1,-1,-1
67,3,53,1129,400,236,1,-1,-1,-1
67,5,880,747,148,248,1,-1,-1,-1
67,6,558,727,204,220,1,-1,-1,-1
67,7,1069,788,252,236,1,-1,-1,-1
67,9,300,531,137,190,1,-1,-1,-1
67,10,894,422,176,220,1,-1,-1,-1
67,11,1813,427,176,216,1,-1,-1,-1
67,13,297,1291,200,149,1,-1,-1,-1
67,14,1558,775,263,171,1,-1,-1,-1
67,15,714,356,144,232,1,-1,-1,-1
67,17,917,266,172,128,1,-1,-1,-1
67,18,1331,277,108,188,1,-1,-1,-1
67,21,517,449,136,148,1,-1,-1,-1
67,22,1959,616,144,284,1,-1,-1,-1
67,23,1101,578,152,228,1,-1,-1,-1
67,24,1313,658,168,320,1,-1,-1,-1
67,25,1074,1035,352,252,1,-1,-1,-1
67,26,1067,769,224,216,1,-1,-1,-1
67,27,107,1112,366,286,1,-1,-1,-1
67,28,1685,655,244,220,1,-1,-1,-1
67,29,1747,496,168,206,1,-1,-1,-1
67,30,249,538,188,184,1,-1,-1,-1
67,31,476,462,185,176,1,-1,-1,-1
67,32,261,699,140,212,1,-1,-1,-1
67,33,1169,1043,316,276,1,-1,-1,-1
67,34,392,553,120,292,1,-1,-1,-1
68,0,348,902,284,232,1,-1,-1,-1
68,2,2160,680,136,256,1,-1,-1,-1
68,3,53,1130,400,236,1,-1,-1,-1
68,5,880,748,148,248,1,-1,-1,-1
68,6,558,727,204,220,1,-1,-1,-1
68,7,1070,789,252,236,1,-1,-1,-1
68,9,300,531,137,190,1,-1,-1,-1
68,10,893,422,176,220,1,-1,-1,-1
68,11,1813,426,176,216,1,-1,-1,-1
68,13,300,1293,200,147,1,-1,-1,-1
68,14,1557,776,263,171,1,-1,-1,-1
68,15,716,355,144,232,1,-1,-1,-1
68,17,918,266,172,128,1,-1,-1,-1
68,18,1332,277,108,188,1,-1,-1,-1
68,21,518,447,136,148,1,-1,-1,-1
68,22,1958,608,151,298,1,-1,-1,-1
68,23,1101,578,152,228,1,-1,-1,-1
68,24,1314,659,168,320,1,-1,-1,-1
68,25,1073,1033,352,252,1,-1,-1,-1
68,26,1068,768,224,216,1,-1,-1,-1
68,27,107,1112,366,286,1,-1,-1,-1
68,28,1686,657,244,220,1,-1,-1,-1
68,29,1745,496,168,206,1,-1,-1,-1
68,30,250,537,188,184,1,-1,-1,-1
68,31,477,462,185,176,1,-1,-1,-1
68,32,261,699,140,212,1,-1,-1,-1
68,33,1167,1043,316,276,1,-1,-1,-1
68,34,392,553,120,292,1,-1,-1,-1
69,0,347,901,284,232,1,-1,-1,-1
69,2,2160,680,136,256,1,-1,-1,-1
69,3,53,1130,400,236,1,-1,-1,-1
69,5,880,748,148,248,1,-1,-1,-1
69,6,559,727,204,220,1,-1,-1,-1
69,7,1070,789,252,236,1,-1,-1,-1
69,9,300,531,137,190,1,-1,-1,-1
69,10,893,422,176,220,1,-1,-1,-1
69,11,1814,426,176,216,1,-1,-1,-1
69,13,296,1292,200,148,1,-1,-1,-1
69,14,1557,776,263,171,1,-1,-1,-1
69,15,716,355,144,232,1,-1,-1,-1
69,17,918,266,172,128,1,-1,-1,-1
69,18,1332,277,108,188,1,-1,-1,-1
69,21,521,450,130,141,1,-1,-1,-1
69,22,1960,609,151,298,1,-1,-1,-1
69,23,1101,579,152,228,1,-1,-1,-1
69,24,1315,660,168,320,1,-1,-1,-1
69,25,1073,1030,352,252,1,-1,-1,-1
69,26,1068,769,224,216,1,-1,-1,-1
69,27,107,1112,366,286,1,-1,-1,-1
69,28,1686,658,244,220,1,-1,-1,-1
69,29,1745,495,168,206,1,-1,-1,-1
69,30,250,538,188,184,1,-1,-1,-1
69,31,476,462,185,176,1,-1,-1,-1
69,32,261,699,140,212,1,-1,-1,-1
69,33,1166,1043,316,276,1,-1,-1,-1
69,34,392,553,120,292,1,-1,-1,-1
70,0,346,903,284,232,1,-1,-1,-1
70,2,2160,680,136,256,1,-1,-1,-1
70,3,53,1129,400,236,1,-1,-1,-1
70,5,879,749,148,248,1,-1,-1,-1
70,6,560,726,204,220,1,-1,-1,-1
70,7,1075,791,252,236,1,-1,-1,-1
70,9,301,531,137,190,1,-1,-1,-1
70,10,887,419,176,220,1,-1,-1,-1
70,11,1814,424,176,216,1,-1,-1,-1
70,13,295,1291,200,149,1,-1,-1,-1
70,14,1568,777,263,171,1,-1,-1,-1
70,15,720,348,144,232,1,-1,-1,-1
70,17,918,266,172,128,1,-1,-1,-1
70,18,1336,277,108,188,1,-1,-1,-1
70,21,520,450,130,141,1,-1,-1,-1
70,22,1975,594,144,284,1,-1,-1,-1
70,23,1102,578,152,228,1,-1,-1,-1
70,24,1316,672,168,320,1,-1,-1,-1
70,25,1072,1029,352,252,1,-1,-1,-1
70,26,1074,770,224,216,1,-1,-1,-1
70,27,106,1112,366,286,1,-1,-1,-1
70,28,1694,662,244,220,1,-1,-1,-1
70,29,1743,494,168,206,1,-1,-1,-1
70,30,250,538,188,184,1,-1,-1,-1
70,31,478,462,185,176,1,-1,-1,-1
70,32,261,700,140,212,1,-1,-1,-1
70,33,1169,1042,316,276,1,-1,-1,-1
70,34,393,554,120,292,1,-1,-1,-1
71,0,338,898,298,244,1,-1,-1,-1
71,2,2161,681,136,256,1,-1,-1,-1
71,3,56,1128,400,236,1,-1,-1,-1
71,5,879,748,148,248,1,-1,-1,-1
71,6,561,727,204,220,1,-1,-1,-1
71,7,1075,793,252,236,1,-1,-1,-1
71,9,300,530,137,190,1,-1,-1,-1
71,10,885,417,176,220,1,-1,-1,-1
71,11,1814,424,176,216,1,-1,-1,-1
71,14,1571,776,263,171,1,-1,-1,-1
71,15,722,343,144,232,1,-1,-1,-1
71,17,918,266,172,128,1,-1,-1,-1
71,18,1339,277,108,188,1,-1,-1,-1
71,21,520,451,130,141,1,-1,-1,-1
71,22,1981,575,144,284,1,-1,-1,-1
71,23,1103,579,152,228,1,-1,-1,-1
71,24,1320,682,168,320,1,-1,-1,-1
71,25,1076,1029,352,252,1,-1,-1,-1
71,26,1074,772,224,216,1,-1,-1,-1
71,27,112,1110,366,286,1,-1,-1,-1
71,28,1699,664,244,220,1,-1,-1,-1
71,29,1747,494,168,206,1,-1,-1,-1
71,30,250,538,188,184,1,-1,-1,-1
71,31,478,463,185,176,1,-1,-1,-1
71,32,261,699,140,212,1,-1,-1,-1
71,33,1169,1043,316,276,1,-1,-1,-1
71,34,393,555,120,292,1,-1,-1,-1
72,0,337,899,298,244,1,-1,-1,-1
72,2,2162,682,136,256,1,-1,-1,-1
72,3,59,1128,400,236,1,-1,-1,-1
72,5,879,748,148,248,1,-1,-1,-1
72,6,560,727,204,220,1,-1,-1,-1
72,7,1073,794,252,236,1,-1,-1,-1
72,9,301,530,137,190,1,-1,-1,-1
72,10,884,418,176,220,1,-1,-1,-1
72,11,1814,424,176,216,1,-1,-1,-1
72,14,1572,777,263,171,1,-1,-1,-1
72,15,723,343,144,232,1,-1,-1,-1
72,17,918,266,172,128,1,-1,-1,-1
72,18,1340,277,108,188,1,-1,-1,-1
72,21,521,452,130,141,1,-1,-1,-1
72,22,1985,584,144,284,1,-1,-1,-1
72,23,1103,580,152,228,1,-1,-1,-1
72,24,1323,685,168,320,1,-1,-1,-1
72,25,1074,1033,352,252,1,-1,-1,-1
72,26,1074,772,224,216,1,-1,-1,-1
72,27,114,1109,366,286,1,-1,-1,-1
72,28,1698,665,244,220,1,-1,-1,-1
72,29,1747,496,168,206,1,-1,-1,-1
72,30,250,538,188,184,1,-1,-1,-1
72,31,477,463,185,176,1,-1,-1,-1
72,32,261,699,140,212,1,-1,-1,-1
72,33,1169,1045,316,276,1,-1,-1,-1
72,34,394,555,120,292,1,-1,-1,-1
73,0,332,912,292,196,1,-1,-1,-1
73,2,2160,684,140,244,1,-1,-1,-1
73,3,100,1128,352,200,1,-1,-1,-1
73,5,888,744,144,244,1,-1,-1,-1
73,6,556,724,204,228,1,-1,-1,-1
73,7,1088,788,220,208,1,-1,-1,-1
73,9,301,530,137,190,1,-1,-1,-1
73,10,884,418,176,220,1,-1,-1,-1
73,11,1814,424,176,216,1,-1,-1,-1
73,14,1596,772,240,232,1,-1,-1,-1
73,15,723,343,144,232,1,-1,-1,-1
73,17,918,266,172,128,1,-1,-1,-1
73,18,1340,277,108,188,1,-1,-1,-1
73,21,521,452,130,141,1,-1,-1,-1
73,22,1985,584,144,284,1,-1,-1,-1
73,23,1103,580,152,228,1,-1,-1,-1
73,24,1312,704,208,304,1,-1,-1,-1
73,25,1074,1033,352,252,1,-1,-1,-1
73,26,1074,772,224,216,1,-1,-1,-1
73,27,114,1109,366,286,1,-1,-1,-1
73,28,1696,672,252,204,1,-1,-1,-1
73,29,1747,496,168,206,1,-1,-1,-1
73,30,250,538,188,184,1,-1,-1,-1
73,31,464,468,176,152,1,-1,-1,-1
73,32,261,699,140,212,1,-1,-1,-1
73,33,1176,1044,296,276,1,-1,-1,-1
73,34,396,552,124,292,1,-1,-1,-1
73,35,884,436,140,232,1,-1,-1,-1
74,0,332,912,292,196,1,-1,-1,-1
74,2,2160,684,140,244,1,-1,-1,-1
74,3,100,1128,352,200,1,-1,-1,-1
74,5,888,744,144,244,1,-1,-1,-1
74,6,556,724,204,228,1,-1,-1,-1
74,7,1088,788,220,208,1,-1,-1,-1
74,9,300,530,137,190,1,-1,-1,-1
74,10,875,420,176,220,1,-1,-1,-1
74,11,1814,425,176,216,1,-1,-1,-1
74,14,1596,772,240,232,1,-1,-1,-1
74,15,724,341,144,232,1,-1,-1,-1
74,17,916,267,172,128,1,-1,-1,-1
74,18,1342,277,108,188,1,-1,-1,-1
74,21,521,452,130,141,1,-1,-1,-1
74,22,1995,565,137,270,1,-1,-1,-1
74,23,1104,580,152,228,1,-1,-1,-1
74,24,1312,704,208,304,1,-1,-1,-1
74,25,1074,1034,352,252,1,-1,-1,-1
74,26,1076,774,224,216,1,-1,-1,-1
74,27,122,1108,366,286,1,-1,-1,-1
74,28,1696,672,252,204,1,-1,-1,-1
74,29,1745,497,168,206,1,-1,-1,-1
74,30,250,538,188,184,1,-1,-1,-1
74,31,464,468,176,152,1,-1,-1,-1
74,32,261,699,140,212,1,-1,-1,-1
74,33,1176,1044,296,276,1,-1,-1,-1
74,34,396,552,124,292,1,-1,-1,-1
74,35,884,436,140,232,1,-1,-1,-1
75,0,332,912,292,196,1,-1,-1,-1
75,2,2160,685,140,244,1,-1,-1,-1
75,3,100,1128,352,200,1,-1,-1,-1
75,5,889,744,144,244,1,-1,-1,-1
75,6,557,725,204,228,1,-1,-1,-1
75,7,1089,788,220,208,1,-1,-1,-1
75,9,301,531,137,190,1,-1,-1,-1
75,10,876,420,176,220,1,-1,-1,-1
75,11,1814,425,176,216,1,-1,-1,-1
75,14,1596,772,240,232,1,-1,-1,-1
75,15,724,342,144,232,1,-1,-1,-1
75,17,916,267,172,128,1,-1,-1,-1
75,18,1342,276,108,188,1,-1,-1,-1
75,21,521,452,130,141,1,-1,-1,-1
75,22,2000,567,137,270,1,-1,-1,-1
75,23,1103,580,152,228,1,-1,-1,-1
75,24,1312,704,208,304,1,-1,-1,-1
75,25,1073,1034,352,252,1,-1,-1,-1
75,26,1076,774,224,216,1,-1,-1,-1
75,27,123,1108,366,286,1,-1,-1,-1
75,28,1697,672,252,204,1,-1,-1,-1
75,29,1744,497,168,206,1,-1,-1,-1
75,30,250,537,188,184,1,-1,-1,-1
75,31,464,468,176,152,1,-1,-1,-1
75,32,260,699,140,212,1,-1,-1,-1
75,33,1177,1044,296,276,1,-1,-1,-1
75,34,396,553,124,292,1,-1,-1,-1
75,35,885,437,140,232,1,-1,-1,-1
76,0,332,912,292,196,1,-1,-1,-1
76,2,2162,686,140,244,1,-1,-1,-1
76,3,100,1129,352,200,1,-1,-1,-1
76,5,890,742,144,244,1,-1,-1,-1
76,6,557,724,204,228,1,-1,-1,-1
76,7,1090,787,220,208,1,-1,-1,-1
76,9,300,530,137,190,1,-1,-1,-1
76,10,843,443,176,220,1,-1,-1,-1
76,11,1813,424,176,216,1,-1,-1,-1
76,14,1600,773,240,232,1,-1,-1,-1
76,15,722,335,144,232,1,-1,-1,-1
76,17,912,269,172,128,1,-1,-1,-1
76,18,1342,276,108,188,1,-1,-1,-1
76,21,518,451,130,141,1,-1,-1,-1
76,22,2011,576,131,258,1,-1,-1,-1
76,23,1103,579,152,228,1,-1,-1,-1
76,24,1315,707,208,304,1,-1,-1,-1
76,25,1074,1036,352,252,1,-1,-1,-1
76,26,1075,772,224,216,1,-1,-1,-1
76,27,121,1107,366,286,1,-1,-1,-1
76,28,1699,673,252,204,1,-1,-1,-1
76,29,1739,492,176,216,1,-1,-1,-1
76,30,250,538,188,184,1,-1,-1,-1
76,31,461,467,176,152,1,-1,-1,-1
76,32,259,699,140,212,1,-1,-1,-1
76,33,1176,1045,296,276,1,-1,-1,-1
76,34,397,554,124,292,1,-1,-1,-1
76,35,863,455,140,232,1,-1,-1,-1
77,0,331,913,292,196,1,-1,-1,-1
77,2,2162,684,140,244,1,-1,-1,-1
77,3,101,1129,352,200,1,-1,-1,-1
77,5,892,741,144,244,1,-1,-1,-1
77,6,556,724,204,228,1,-1,-1,-1
77,7,1092,786,220,208,1,-1,-1,-1
77,9,300,531,137,190,1,-1,-1,-1
77,10,828,456,176,220,1,-1,-1,-1
77,11,1813,424,176,216,1,-1,-1,-1
77,14,1602,773,240,232,1,-1,-1,-1
77,15,722,334,144,232,1,-1,-1,-1
77,17,910,269,172,128,1,-1,-1,-1
77,18,1341,276,108,188,1,-1,-1,-1
77,21,515,451,130,141,1,-1,-1,-1
77,22,2010,575,131,258,1,-1,-1,-1
77,23,1104,579,152,228,1,-1,-1,-1
77,24,1313,704,218,319,1,-1,-1,-1
77,25,1073,1036,352,252,1,-1,-1,-1
77,26,1078,773,224,216,1,-1,-1,-1
77,27,123,1107,366,286,1,-1,-1,-1
77,28,1699,674,252,204,1,-1,-1,-1
77,29,1741,491,176,216,1,-1,-1,-1
77,30,250,538,188,184,1,-1,-1,-1
77,31,459,468,176,152,1,-1,-1,-1
77,32,259,699,140,212,1,-1,-1,-1
77,33,1177,1045,296,276,1,-1,-1,-1
77,34,398,556,124,292,1,-1,-1,-1
77,35,853,449,140,232,1,-1,-1,-1
78,0,331,913,292,196,1,-1,-1,-1
78,2,2162,685,140,244,1,-1,-1,-1
78,3,101,1128,352,200,1,-1,-1,-1
78,5,892,743,144,244,1,-1,-1,-1
78,6,556,725,204,228,1,-1,-1,-1
78,7,1092,785,220,208,1,-1,-1,-1
78,9,300,531,137,190,1,-1,-1,-1
78,10,827,457,176,220,1,-1,-1,-1
78,11,1812,424,176,216,1,-1,-1,-1
78,14,1602,775,240,232,1,-1,-1,-1
78,15,720,333,144,232,1,-1,-1,-1
78,17,909,269,172,128,1,-1,-1,-1
78,18,1340,276,108,188,1,-1,-1,-1
78,21,514,451,130,141,1,-1,-1,-1
78,22,2009,574,131,258,1,-1,-1,-1
78,23,1104,579,152,228,1,-1,-1,-1
78,24,1319,710,208,304,1,-1,-1,-1
78,25,1075,1036,352,252,1,-1,-1,-1
78,26,1079,773,224,216,1,-1,-1,-1
78,27,123,1107,366,286,1,-1,-1,-1
78,28,1700,674,252,204,1,-1,-1,-1
78,29,1739,492,176,216,1,-1,-1,-1
78,30,250,537,188,184,1,-1,-1,-1
78,31,459,468,176,152,1,-1,-1,-1
78,32,259,699,140,212,1,-1,-1,-1
78,33,1177,1046,296,276,1,-1,-1,-1
78,34,398,555,124,292,1,-1,-1,-1
78,35,856,453,140,232,1,-1,-1,-1
79,0,332,913,292,196,1,-1,-1,-1
79,2,2161,685,140,244,1,-1,-1,-1
79,3,101,1127,352,200,1,-1,-1,-1
79,5,893,744,144,244,1,-1,-1,-1
79,6,556,726,204,228,1,-1,-1,-1
79,7,1094,785,220,208,1,-1,-1,-1
79,9,299,531,137,190,1,-1,-1,-1
79,10,815,469,176,220,1,-1,-1,-1
79,11,1812,425,176,216,1,-1,-1,-1
79,14,1600,778,240,232,1,-1,-1,-1
79,15,716,333,144,232,1,-1,-1,-1
79,17,906,268,172,128,1,-1,-1,-1
79,18,1341,275,108,188,1,-1,-1,-1
79,21,510,452,130,141,1,-1,-1,-1
79,22,1999,562,131,258,1,-1,-1,-1
79,23,1104,580,152,228,1,-1,-1,-1
79,24,1321,715,208,304,1,-1,-1,-1
79,25,1074,1036,352,252,1,-1,-1,-1
79,26,1081,773,224,216,1,-1,-1,-1
79,27,121,1106,366,286,1,-1,-1,-1
79,28,1700,676,252,204,1,-1,-1,-1
79,29,1746,495,168,206,1,-1,-1,-1
79,30,248,539,188,184,1,-1,-1,-1
79,31,455,470,176,152,1,-1,-1,-1
79,32,260,699,140,212,1,-1,-1,-1
79,33,1178,1046,296,276,1,-1,-1,-1
79,34,396,561,124,292,1,-1,-1,-1
79,35,861,436,140,232,1,-1,-1,-1
80,0,333,913,292,196,1,-1,-1,-1
80,2,2161,684,140,244,1,-1,-1,-1
80,3,101,1126,352,200,1,-1,-1,-1
80,5,893,744,144,244,1,-1,-1,-1
80,6,555,726,204,228,1,-1,-1,-1
80,7,1095,785,220,208,1,-1,-1,-1
80,9,299,532,137,190,1,-1,-1,-1
80,10,814,469,176,220,1,-1,-1,-1
80,11,1813,425,176,216,1,-1,-1,-1
80,14,1599,779,240,232,1,-1,-1,-1
80,15,715,332,144,232,1,-1,-1,-1
80,17,905,268,172,128,1,-1,-1,-1
80,18,1342,274,108,188,1,-1,-1,-1
80,21,508,452,130,141,1,-1,-1,-1
80,22,2001,566,124,245,1,-1,-1,-1
80,23,1103,579,152,228,1,-1,-1,-1
80,24,1324,717,208,304,1,-1,-1,-1
80,25,1075,1037,352,252,1,-1,-1,-1
80,26,1082,771,224,216,1,-1,-1,-1
80,27,122,1106,366,286,1,-1,-1,-1
80,28,1701,675,252,204,1,-1,-1,-1
80,29,1746,495,168,206,1,-1,-1,-1
80,30,247,539,188,184,1,-1,-1,-1
80,31,455,470,176,152,1,-1,-1,-1
80,32,260,698,140,212,1,-1,-1,-1
80,33,1179,1046,296,276,1,-1,-1,-1
80,34,396,562,124,292,1,-1,-1,-1
80,35,860,434,140,232,1,-1,-1,-1
81,0,332,912,288,212,1,-1,-1,-1
81,2,2156,688,168,240,1,-1,-1,-1
81,3,101,1126,352,200,1,-1,-1,-1
81,5,888,748,144,252,1,-1,-1,-1
81,6,556,724,204,228,1,-1,-1,-1
81,7,1095,785,220,208,1,-1,-1,-1
81,10,816,456,176,204,1,-1,-1,-1
81,11,1804,436,184,196,1,-1,-1,-1
81,14,1596,788,248,244,1,-1,-1,-1
81,15,732,352,120,176,1,-1,-1,-1
81,17,880,264,196,140,1,-1,-1,-1
81,18,1342,274,108,188,1,-1,-1,-1
81,21,508,452,130,141,1,-1,-1,-1
81,22,2001,566,124,245,1,-1,-1,-1
81,23,1108,580,140,260,1,-1,-1,-1
81,24,1316,740,220,268,1,-1,-1,-1
81,25,1075,1037,352,252,1,-1,-1,-1
81,26,1082,771,224,216,1,-1,-1,-1
81,27,104,1120,352,260,1,-1,-1,-1
81,28,1704,680,252,200,1,-1,-1,-1
81,29,1746,495,168,206,1,-1,-1,-1
81,30,240,536,192,184,1,-1,-1,-1
81,31,455,470,176,152,1,-1,-1,-1
81,32,256,712,156,188,1,-1,-1,-1
81,33,1184,1040,288,280,1,-1,-1,-1
81,34,388,576,132,276,1,-1,-1,-1
81,35,860,434,140,232,1,-1,-1,-1
81,36,1984,580,136,172,1,-1,-1,-1
82,0,332,912,288,212,1,-1,-1,-1
82,2,2156,687,168,240,1,-1,-1,-1
82,3,101,1125,352,200,1,-1,-1,-1
82,5,888,748,144,252,1,-1,-1,-1
82,6,554,723,204,228,1,-1,-1,-1
82,7,1100,794,210,198,1,-1,-1,-1
82,10,813,458,176,204,1,-1,-1,-1
82,11,1804,437,184,196,1,-1,-1,-1
82,14,1593,794,248,244,1,-1,-1,-1
82,15,726,342,120,176,1,-1,-1,-1
82,17,879,262,196,140,1,-1,-1,-1
82,18,1341,273,108,188,1,-1,-1,-1
82,21,506,453,130,141,1,-1,-1,-1
82,22,1994,566,124,245,1,-1,-1,-1
82,23,1108,581,140,260,1,-1,-1,-1
82,24,1316,741,220,268,1,-1,-1,-1
82,25,1072,1038,352,252,1,-1,-1,-1
82,26,1083,777,224,216,1,-1,-1,-1
82,27,104,1120,352,260,1,-1,-1,-1
82,28,1704,681,252,200,1,-1,-1,-1
82,29,1746,497,168,206,1,-1,-1,-1
82,30,239,537,192,184,1,-1,-1,-1
82,31,453,471,176,152,1,-1,-1,-1
82,32,255,712,156,188,1,-1,-1,-1
82,33,1184,1040,288,280,1,-1,-1,-1
82,34,386,577,132,276,1,-1,-1,-1
82,35,850,429,147,244,1,-1,-1,-1
82,36,1981,580,136,172,1,-1,-1,-1
83,0,332,911,288,212,1,-1,-1,-1
83,2,2155,688,168,240,1,-1,-1,-1
83,3,101,1125,352,200,1,-1,-1,-1
83,5,890,748,144,252,1,-1,-1,-1
83,6,553,722,204,228,1,-1,-1,-1
83,7,1095,793,220,208,1,-1,-1,-1
83,10,810,460,176,204,1,-1,-1,-1
83,11,1805,437,184,196,1,-1,-1,-1
83,14,1592,796,248,244,1,-1,-1,-1
83,15,722,339,120,176,1,-1,-1,-1
83,17,878,260,196,140,1,-1,-1,-1
83,18,1340,272,108,188,1,-1,-1,-1
83,21,505,455,130,141,1,-1,-1,-1
83,22,1993,568,124,245,1,-1,-1,-1
83,23,1109,582,140,260,1,-1,-1,-1
83,24,1320,742,220,268,1,-1,-1,-1
83,25,1073,1038,352,252,1,-1,-1,-1
83,26,1085,778,224,216,1,-1,-1,-1
83,27,103,1120,352,260,1,-1,-1,-1
83,28,1707,681,252,200,1,-1,-1,-1
83,29,1746,497,168,206,1,-1,-1,-1
83,30,238,538,192,184,1,-1,-1,-1
83,31,453,471,176,152,1,-1,-1,-1
83,32,255,713,156,188,1,-1,-1,-1
83,33,1184,1041,288,280,1,-1,-1,-1
83,34,385,578,132,276,1,-1,-1,-1
83,35,848,428,147,244,1,-1,-1,-1
83,36,1979,581,136,172,1,-1,-1,-1
84,0,332,911,288,212,1,-1,-1,-1
84,2,2156,688,168,240,1,-1,-1,-1
84,3,101,1125,352,200,1,-1,-1,-1
84,5,890,748,144,252,1,-1,-1,-1
84,6,553,723,204,228,1,-1,-1,-1
84,7,1095,792,220,208,1,-1,-1,-1
84,10,809,462,176,204,1,-1,-1,-1
84,11,1805,438,184,196,1,-1,-1,-1
84,14,1592,797,248,244,1,-1,-1,-1
84,15,721,339,120,176,1,-1,-1,-1
84,17,877,261,196,140,1,-1,-1,-1
84,18,1339,272,108,188,1,-1,-1,-1
84,21,505,453,130,141,1,-1,-1,-1
84,22,1992,570,124,245,1,-1,-1,-1
84,23,1109,582,140,260,1,-1,-1,-1
84,24,1317,738,231,281,1,-1,-1,-1
84,25,1075,1038,352,252,1,-1,-1,-1
84,26,1085,779,224,216,1,-1,-1,-1
84,27,103,1120,352,260,1,-1,-1,-1
84,28,1709,682,252,200,1,-1,-1,-1
84,29,1750,502,160,196,1,-1,-1,-1
84,30,238,537,192,184,1,-1,-1,-1
84,31,452,471,176,152,1,-1,-1,-1
84,32,255,713,156,188,1,-1,-1,-1
84,33,1184,1040,288,280,1,-1,-1,-1
84,34,384,579,132,276,1,-1,-1,-1
84,35,849,433,147,244,1,-1,-1,-1
84,36,1979,581,136,172,1,-1,-1,-1
85,0,327,911,288,212,1,-1,-1,-1
85,2,2154,689,168,240,1,-1,-1,-1
85,3,101,1125,352,200,1,-1,-1,-1
85,5,890,747,144,252,1,-1,-1,-1
85,6,551,719,204,228,1,-1,-1,-1
85,7,1097,795,220,208,1,-1,-1,-1
85,10,800,480,176,204,1,-1,-1,-1
85,11,1806,438,184,196,1,-1,-1,-1
85,14,1593,797,248,244,1,-1,-1,-1
85,15,720,330,120,176,1,-1,-1,-1
85,17,868,260,196,140,1,-1,-1,-1
85,18,1338,272,108,188,1,-1,-1,-1
85,21,491,459,123,134,1,-1,-1,-1
85,22,1989,565,124,245,1,-1,-1,-1
85,23,1110,580,140,260,1,-1,-1,-1
85,24,1322,739,231,281,1,-1,-1,-1
85,25,1073,1038,352,252,1,-1,-1,-1
85,26,1085,780,224,216,1,-1,-1,-1
85,27,103,1119,352,260,1,-1,-1,-1
85,28,1724,688,252,200,1,-1,-1,-1
85,29,1749,500,160,196,1,-1,-1,-1
85,30,237,540,192,184,1,-1,-1,-1
85,31,451,474,176,152,1,-1,-1,-1
85,32,254,714,156,188,1,-1,-1,-1
85,33,1183,1041,288,280,1,-1,-1,-1
85,34,382,584,132,276,1,-1,-1,-1
85,35,840,437,147,244,1,-1,-1,-1
85,36,1975,580,136,172,1,-1,-1,-1
86,0,326,913,288,212,1,-1,-1,-1
86,2,2153,689,168,240,1,-1,-1,-1
86,3,101,1125,352,200,1,-1,-1,-1
86,5,890,745,144,252,1,-1,-1,-1
86,6,552,720,204,228,1,-1,-1,-1
86,7,1098,795,220,208,1,-1,-1,-1
86,10,800,483,176,204,1,-1,-1,-1
86,11,1807,438,184,196,1,-1,-1,-1
86,14,1593,797,248,244,1,-1,-1,-1
86,15,720,330,120,176,1,-1,-1,-1
86,17,868,260,196,140,1,-1,-1,-1
86,18,1337,272,108,188,1,-1,-1,-1
86,21,496,462,117,128,1,-1,-1,-1
86,22,1988,564,124,245,1,-1,-1,-1
86,23,1110,579,140,260,1,-1,-1,-1
86,24,1323,741,231,281,1,-1,-1,-1
86,25,1073,1038,352,252,1,-1,-1,-1
86,26,1085,781,224,216,1,-1,-1,-1
86,27,103,1119,352,260,1,-1,-1,-1
86,28,1724,688,252,200,1,-1,-1,-1
86,29,1748,499,160,196,1,-1,-1,-1
86,30,236,541,192,184,1,-1,-1,-1
86,31,450,474,176,152,1,-1,-1,-1
86,32,254,714,156,188,1,-1,-1,-1
86,33,1183,1041,288,280,1,-1,-1,-1
86,34,381,585,132,276,1,-1,-1,-1
86,35,839,442,147,244,1,-1,-1,-1
86,36,1975,579,136,172,1,-1,-1,-1
87,0,325,914,288,212,1,-1,-1,-1
87,2,2154,689,168,240,1,-1,-1,-1
87,3,101,1125,352,200,1,-1,-1,-1
87,5,891,745,144,252,1,-1,-1,-1
87,6,552,720,204,228,1,-1,-1,-1
87,7,1098,795,220,208,1,-1,-1,-1
87,10,799,485,176,204,1,-1,-1,-1
87,11,1807,438,184,196,1,-1,-1,-1
87,14,1593,797,248,244,1,-1,-1,-1
87,15,719,330,120,176,1,-1,-1,-1
87,17,868,260,196,140,1,-1,-1,-1
87,18,1336,271,108,188,1,-1,-1,-1
87,21,495,462,117,128,1,-1,-1,-1
87,22,1988,564,124,245,1,-1,-1,-1
87,23,1110,579,140,260,1,-1,-1,-1
87,24,1323,740,231,281,1,-1,-1,-1
87,25,1073,1039,352,252,1,-1,-1,-1
87,26,1084,781,224,216,1,-1,-1,-1
87,27,102,1119,352,260,1,-1,-1,-1
87,28,1723,688,252,200,1,-1,-1,-1
87,29,1747,499,160,196,1,-1,-1,-1
87,30,241,545,183,175,1,-1,-1,-1
87,31,450,474,176,152,1,-1,-1,-1
87,32,254,714,156,188,1,-1,-1,-1
87,33,1184,1041,288,280,1,-1,-1,-1
87,34,381,586,132,276,1,-1,-1,-1
87,35,836,446,147,244,1,-1,-1,-1
87,36,1975,579,136,172,1,-1,-1,-1
88,0,324,914,288,212,1,-1,-1,-1
88,2,2154,688,168,240,1,-1,-1,-1
88,3,101,1123,352,200,1,-1,-1,-1
88,5,896,750,137,240,1,-1,-1,-1
88,6,551,718,204,228,1,-1,-1,-1
88,7,1094,793,220,208,1,-1,-1,-1
88,10,782,514,176,204,1,-1,-1,-1
88,11,1809,436,184,196,1,-1,-1,-1
88,14,1594,795,248,244,1,-1,-1,-1
88,15,720,327,120,176,1,-1,-1,-1
88,17,852,258,196,140,1,-1,-1,-1
88,18,1335,271,108,188,1,-1,-1,-1
88,21,479,470,117,128,1,-1,-1,-1
88,22,1987,559,124,245,1,-1,-1,-1
88,23,1109,580,140,260,1,-1,-1,-1
88,24,1327,739,231,281,1,-1,-1,-1
88,25,1075,1038,352,252,1,-1,-1,-1
88,26,1080,776,224,216,1,-1,-1,-1
88,27,103,1119,352,260,1,-1,-1,-1
88,28,1741,693,252,200,1,-1,-1,-1
88,29,1747,498,160,196,1,-1,-1,-1
88,30,242,546,183,175,1,-1,-1,-1
88,31,448,477,176,152,1,-1,-1,-1
88,32,254,714,156,188,1,-1,-1,-1
88,33,1182,1041,288,280,1,-1,-1,-1
88,34,380,590,132,276,1,-1,-1,-1
88,35,821,476,140,232,1,-1,-1,-1
88,36,1973,575,136,172,1,-1,-1,-1
89,0,328,896,272,236,1,-1,-1,-1
89,2,2156,680,148,276,1,-1,-1,-1
89,3,101,1123,352,200,1,-1,-1,-1
89,5,904,752,164,256,1,-1,-1,-1
89,6,556,724,208,232,1,-1,-1,-1
89,7,1108,784,188,232,1,-1,-1,-1
89,10,782,514,176,204,1,-1,-1,-1
89,11,1808,440,192,172,1,-1,-1,-1
89,14,1592,800,248,236,1,-1,-1,-1
89,15,720,327,120,176,1,-1,-1,-1
89,17,852,258,196,140,1,-1,-1,-1
89,18,1335,271,108,188,1,-1,-1,-1
89,21,479,470,117,128,1,-1,-1,-1
89,22,1987,559,124,245,1,-1,-1,-1
89,23,1109,580,140,260,1,-1,-1,-1
89,24,1332,748,224,284,1,-1,-1,-1
89,25,1075,1038,352,252,1,-1,-1,-1
89,26,1080,776,224,216,1,-1,-1,-1
89,27,112,1100,336,280,1,-1,-1,-1
89,28,1756,708,260,200,1,-1,-1,-1
89,29,1747,498,160,196,1,-1,-1,-1
89,30,248,540,188,188,1,-1,-1,-1
89,31,448,477,176,152,1,-1,-1,-1
89,32,256,720,148,184,1,-1,-1,-1
89,33,1184,1040,296,280,1,-1,-1,-1
89,34,376,600,144,272,1,-1,-1,-1
89,35,821,476,140,232,1,-1,-1,-1
89,36,1973,575,136,172,1,-1,-1,-1
90,0,327,896,272,236,1,-1,-1,-1
90,2,2156,681,148,276,1,-1,-1,-1
90,3,90,1119,352,200,1,-1,-1,-1
90,5,910,753,164,256,1,-1,-1,-1
90,6,557,725,208,232,1,-1,-1,-1
90,7,1107,784,188,232,1,-1,-1,-1
90,10,774,527,176,204,1,-1,-1,-1
90,11,1807,439,192,172,1,-1,-1,-1
90,14,1592,800,248,236,1,-1,-1,-1
90,15,727,328,120,176,1,-1,-1,-1
90,17,838,251,196,140,1,-1,-1,-1
90,18,1335,271,108,188,1,-1,-1,-1
90,21,481,475,117,128,1,-1,-1,-1
90,22,1982,539,124,245,1,-1,-1,-1
90,23,1107,579,140,260,1,-1,-1,-1
90,24,1332,749,224,284,1,-1,-1,-1
90,25,1072,1037,352,252,1,-1,-1,-1
90,26,1078,774,224,216,1,-1,-1,-1
90,27,111,1101,336,280,1,-1,-1,-1
90,28,1759,708,260,200,1,-1,-1,-1
90,29,1747,496,160,196,1,-1,-1,-1
90,30,248,540,188,188,1,-1,-1,-1
90,31,445,482,176,152,1,-1,-1,-1
90,32,256,720,148,184,1,-1,-1,-1
90,33,1183,1039,296,280,1,-1,-1,-1
90,34,376,601,144,272,1,-1,-1,-1
90,36,1980,559,143,181,1,-1,-1,-1
91,0,327,897,272,236,1,-1,-1,-1
91,2,2156,683,148,276,1,-1,-1,-1
91,3,90,1122,352,200,1,-1,-1,-1
91,5,922,759,164,256,1,-1,-1,-1
91,6,557,726,208,232,1,-1,-1,-1
91,7,1105,782,188,232,1,-1,-1,-1
91,10,771,530,176,204,1,-1,-1,-1
91,11,1806,438,192,172,1,-1,-1,-1
91,14,1593,800,248,236,1,-1,-1,-1
91,15,733,328,120,176,1,-1,-1,-1
91,17,834,250,196,140,1,-1,-1,-1
91,18,1337,271,108,188,1,-1,-1,-1
91,21,480,475,117,128,1,-1,-1,-1
91,22,1982,533,124,245,1,-1,-1,-1
91,23,1106,577,140,260,1,-1,-1,-1
91,24,1333,750,224,284,1,-1,-1,-1
91,25,1072,1036,352,252,1,-1,-1,-1
91,26,1075,771,224,216,1,-1,-1,-1
91,27,113,1104,336,280,1,-1,-1,-1
91,28,1764,706,260,200,1,-1,-1,-1
91,29,1746,494,160,196,1,-1,-1,-1
91,30,248,541,188,188,1,-1,-1,-1
91,31,444,484,176,152,1,-1,-1,-1
91,32,256,721,148,184,1,-1,-1,-1
91,33,1182,1039,296,280,1,-1,-1,-1
91,34,377,603,144,272,1,-1,-1,-1
91,36,1975,548,150,190,1,-1,-1,-1
92,0,326,898,272,236,1,-1,-1,-1
92,2,2156,683,148,276,1,-1,-1,-1
92,3,87,1121,352,200,1,-1,-1,-1
92,5,925,761,164,256,1,-1,-1,-1
92,6,557,725,208,232,1,-1,-1,-1
92,7,1105,781,188,232,1,-1,-1,-1
92,10,771,531,176,204,1,-1,-1,-1
92,11,1806,438,192,172,1,-1,-1,-1
92,14,1594,801,248,236,1,-1,-1,-1
92,15,733,328,120,176,1,-1,-1,-1
92,17,833,250,196,140,1,-1,-1,-1
92,18,1338,272,108,188,1,-1,-1,-1
92,21,480,475,117,128,1,-1,-1,-1
92,22,1982,532,124,245,1,-1,-1,-1
92,23,1105,577,140,260,1,-1,-1,-1
92,24,1333,752,224,284,1,-1,-1,-1
92,25,1072,1036,352,252,1,-1,-1,-1
92,26,1075,771,224,216,1,-1,-1,-1
92,27,112,1104,336,280,1,-1,-1,-1
92,28,1765,706,260,200,1,-1,-1,-1
92,29,1748,493,160,196,1,-1,-1,-1
92,30,249,541,188,188,1,-1,-1,-1
92,31,444,483,176,152,1,-1,-1,-1
92,32,256,721,148,184,1,-1,-1,-1
92,33,1181,1038,296,280,1,-1,-1,-1
92,34,377,603,144,272,1,-1,-1,-1
92,36,1974,547,150,190,1,-1,-1,-1
93,0,327,898,272,236,1,-1,-1,-1
93,2,2156,684,148,276,1,-1,-1,-1
93,3,89,1129,352,200,1,-1,-1,-1
93,5,934,764,164,256,1,-1,-1,-1
93,6,558,726,208,232,1,-1,-1,-1
93,7,1104,780,188,232,1,-1,-1,-1
93,10,770,531,176,204,1,-1,-1,-1
93,11,1807,437,192,172,1,-1,-1,-1
93,14,1594,802,248,236,1,-1,-1,-1
93,15,736,329,120,176,1,-1,-1,-1
93,17,829,249,196,140,1,-1,-1,-1
93,18,1339,272,108,188,1,-1,-1,-1
93,21,480,475,117,128,1,-1,-1,-1
93,22,1990,531,124,245,1,-1,-1,-1
93,23,1106,576,140,260,1,-1,-1,-1
93,24,1334,752,224,284,1,-1,-1,-1
93,25,1074,1037,352,252,1,-1,-1,-1
93,26,1074,769,224,216,1,-1,-1,-1
93,27,112,1107,336,280,1,-1,-1,-1
93,28,1765,706,260,200,1,-1,-1,-1
93,29,1749,492,160,196,1,-1,-1,-1
93,30,249,543,188,188,1,-1,-1,-1
93,31,443,483,176,152,1,-1,-1,-1
93,32,256,721,148,184,1,-1,-1,-1
93,33,1181,1037,296,280,1,-1,-1,-1
93,34,377,604,144,272,1,-1,-1,-1
93,36,1968,541,157,199,1,-1,-1,-1
94,0,326,899,272,236,1,-1,-1,-1
94,2,2157,685,148,276,1,-1,-1,-1
94,3,89,1142,352,200,1,-1,-1,-1
94,5,942,771,164,256,1,-1,-1,-1
94,6,558,726,208,232,1,-1,-1,-1
94,7,1097,773,197,244,1,-1,-1,-1
94,10,769,533,176,204,1,-1,-1,-1
94,11,1806,435,192,172,1,-1,-1,-1
94,14,1594,801,248,236,1,-1,-1,-1
94,15,741,330,120,176,1,-1,-1,-1
94,17,825,249,196,140,1,-1,-1,-1
94,18,1339,272,108,188,1,-1,-1,-1
94,21,477,474,117,128,1,-1,-1,-1
94,22,2008,531,124,245,1,-1,-1,-1
94,23,1111,580,133,248,1,-1,-1,-1
94,24,1335,752,224,284,1,-1,-1,-1
94,25,1073,1036,352,252,1,-1,-1,-1
94,26,1070,767,224,216,1,-1,-1,-1
94,27,114,1120,336,280,1,-1,-1,-1
94,28,1760,702,273,210,1,-1,-1,-1
94,29,1749,491,160,196,1,-1,-1,-1
94,30,248,544,188,188,1,-1,-1,-1
94,31,443,483,176,152,1,-1,-1,-1
94,32,256,722,148,184,1,-1,-1,-1
94,33,1181,1038,296,280,1,-1,-1,-1
94,34,376,602,144,272,1,-1,-1,-1
94,36,1977,544,157,199,1,-1,-1,-1
95,0,319,894,286,248,1,-1,-1,-1
95,2,2157,686,148,276,1,-1,-1,-1
95,3,85,1162,352,200,1,-1,-1,-1
95,5,946,776,164,256,1,-1,-1,-1
95,6,558,727,208,232,1,-1,-1,-1
95,7,1094,771,197,244,1,-1,-1,-1
95,10,769,532,176,204,1,-1,-1,-1
95,11,1806,435,192,172,1,-1,-1,-1
95,14,1594,802,248,236,1,-1,-1,-1
95,15,745,332,120,176,1,-1,-1,-1
95,17,818,251,196,140,1,-1,-1,-1
95,18,1338,271,108,188,1,-1,-1,-1
95,21,474,473,117,128,1,-1,-1,-1
95,22,2019,530,124,245,1,-1,-1,-1
95,23,1111,578,133,248,1,-1,-1,-1
95,24,1336,752,224,284,1,-1,-1,-1
95,25,1073,1036,352,252,1,-1,-1,-1
95,26,1067,767,224,216,1,-1,-1,-1
95,27,126,1140,336,280,1,-1,-1,-1
95,28,1762,700,273,210,1,-1,-1,-1
95,29,1750,491,160,196,1,-1,-1,-1
95,30,246,547,188,188,1,-1,-1,-1
95,31,443,480,176,152,1,-1,-1,-1
95,32,256,722,148,184,1,-1,-1,-1
95,33,1181,1037,296,280,1,-1,-1,-1
95,34,375,602,144,272,1,-1,-1,-1
95,36,1992,540,157,199,1,-1,-1,-1
96,0,319,895,286,248,1,-1,-1,-1
96,2,2159,688,148,276,1,-1,-1,-1
96,3,76,1187,352,200,1,-1,-1,-1
96,5,952,776,164,256,1,-1,-1,-1
96,6,558,728,208,232,1,-1,-1,-1
96,7,1090,766,197,244,1,-1,-1,-1
96,10,766,530,176,204,1,-1,-1,-1
96,11,1806,435,192,172,1,-1,-1,-1
96,14,1594,802,248,236,1,-1,-1,-1
96,15,747,333,120,176,1,-1,-1,-1
96,17,814,257,187,133,1,-1,-1,-1
96,18,1336,269,108,188,1,-1,-1,-1
96,21,469,476,117,128,1,-1,-1,-1
96,22,2030,520,124,245,1,-1,-1,-1
96,23,1110,575,133,248,1,-1,-1,-1
96,24,1340,756,213,270,1,-1,-1,-1
96,25,1073,1037,352,252,1,-1,-1,-1
96,26,1057,759,224,216,1,-1,-1,-1
96,27,116,1143,353,294,1,-1,-1,-1
96,28,1759,700,273,210,1,-1,-1,-1
96,29,1752,491,160,196,1,-1,-1,-1
96,30,245,550,188,188,1,-1,-1,-1
96,31,443,482,176,152,1,-1,-1,-1
96,32,256,722,148,184,1,-1,-1,-1
96,33,1182,1036,296,280,1,-1,-1,-1
96,34,375,601,144,272,1,-1,-1,-1
96,36,2012,526,157,199,1,-1,-1,-1
97,0,324,916,268,240,1,-1,-1,-1
97,2,2156,688,148,276,1,-1,-1,-1
97,3,76,1187,352,200,1,-1,-1,-1
97,5,936,776,188,248,1,-1,-1,-1
97,6,548,724,220,228,1,-1,-1,-1
97,7,1092,748,172,272,1,-1,-1,-1
97,10,736,528,204,228,1,-1,-1,-1
97,11,1808,432,188,184,1,-1,-1,-1
97,14,1592,800,244,240,1,-1,-1,-1
97,15,740,336,132,176,1,-1,-1,-1
97,17,824,260,180,140,1,-1,-1,-1
97,18,1336,269,108,188,1,-1,-1,-1
97,21,469,476,117,128,1,-1,-1,-1
97,22,2030,520,124,245,1,-1,-1,-1
97,23,1112,576,136,204,1,-1,-1,-1
97,24,1336,756,236,288,1,-1,-1,-1
97,25,1073,1037,352,252,1,-1,-1,-1
97,26,1057,759,224,216,1,-1,-1,-1
97,27,116,1143,353,294,1,-1,-1,-1
97,28,1764,704,256,216,1,-1,-1,-1
97,29,1752,491,160,196,1,-1,-1,-1
97,30,236,548,192,212,1,-1,-1,-1
97,31,443,482,176,152,1,-1,-1,-1
97,32,256,732,136,176,1,-1,-1,-1
97,33,1172,1044,336,276,1,-1,-1,-1
97,34,372,604,144,288,1,-1,-1,-1
97,36,2020,488,140,216,1,-1,-1,-1
97,37,184,1172,220,268,1,-1,-1,-1
97,38,1276,300,176,164,1,-1,-1,-1
97,39,420,476,148,256,1,-1,-1,-1
98,0,324,916,268,240,1,-1,-1,-1
98,2,2156,688,148,276,1,-1,-1,-1
98,3,57,1220,370,210,1,-1,-1,-1
98,5,936,776,188,248,1,-1,-1,-1
98,6,548,724,220,228,1,-1,-1,-1
98,7,1092,748,172,272,1,-1,-1,-1
98,10,736,528,204,228,1,-1,-1,-1
98,11,1808,432,188,184,1,-1,-1,-1
98,14,1592,800,244,240,1,-1,-1,-1
98,15,740,336,132,176,1,-1,-1,-1
98,17,824,260,180,140,1,-1,-1,-1
98,18,1333,264,108,188,1,-1,-1,-1
98,22,2032,510,131,258,1,-1,-1,-1
98,23,1112,576,136,204,1,-1,-1,-1
98,24,1336,756,236,288,1,-1,-1,-1
98,25,1075,1038,352,252,1,-1,-1,-1
98,26,1052,747,224,216,1,-1,-1,-1
98,27,100,1139,353,294,1,-1,-1,-1
98,28,1764,704,256,216,1,-1,-1,-1
98,29,1753,491,160,196,1,-1,-1,-1
98,30,236,548,192,212,1,-1,-1,-1
98,31,441,485,176,152,1,-1,-1,-1
98,32,256,732,136,176,1,-1,-1,-1
98,33,1172,1044,336,276,1,-1,-1,-1
98,34,372,604,144,288,1,-1,-1,-1
98,36,2020,488,140,216,1,-1,-1,-1
98,37,184,1172,220,268,1,-1,-1,-1
98,38,1276,300,176,164,1,-1,-1,-1
98,39,420,476,148,256,1,-1,-1,-1
99,0,325,916,268,240,1,-1,-1,-1
99,2,2156,687,148,276,1,-1,-1,-1
99,3,66,1233,352,200,1,-1,-1,-1
99,5,936,776,188,248,1,-1,-1,-1
99,6,549,725,220,228,1,-1,-1,-1
99,7,1092,748,172,272,1,-1,-1,-1
99,10,736,529,204,228,1,-1,-1,-1
99,11,1810,432,188,184,1,-1,-1,-1
99,14,1592,801,244,240,1,-1,-1,-1
99,15,740,336,132,176,1,-1,-1,-1
99,17,821,262,180,140,1,-1,-1,-1
99,18,1330,260,108,188,1,-1,-1,-1
99,22,2037,502,131,258,1,-1,-1,-1
99,23,1110,575,136,204,1,-1,-1,-1
99,24,1336,757,236,288,1,-1,-1,-1
99,25,1073,1037,352,252,1,-1,-1,-1
99,26,1054,741,224,216,1,-1,-1,-1
99,27,93,1126,353,294,1,-1,-1,-1
99,28,1763,704,256,216,1,-1,-1,-1
99,29,1755,490,160,196,1,-1,-1,-1
99,30,235,551,192,212,1,-1,-1,-1
99,31,437,487,176,152,1,-1,-1,-1
99,32,256,732,136,176,1,-1,-1,-1
99,33,1171,1044,336,276,1,-1,-1,-1
99,34,371,604,144,288,1,-1,-1,-1
99,36,2021,484,140,216,1,-1,-1,-1
99,37,183,1180,220,260,1,-1,-1,-1
99,38,1274,298,176,164,1,-1,-1,-1
99,39,419,477,148,256,1,-1,-1,-1
100,0,325,916,268,240,1,-1,-1,-1
100,2,2156,684,148,276,1,-1,-1,-1
100,3,60,1234,352,200,1,-1,-1,-1
100,5,933,778,188,248,1,-1,-1,-1
100,6,548,725,220,228,1,-1,-1,-1
100,7,1098,745,172,272,1,-1,-1,-1
100,10,736,529,204,228,1,-1,-1,-1
100,11,1810,433,188,184,1,-1,-1,-1
100,14,1592,802,244,240,1,-1,-1,-1
100,15,741,336,132,176,1,-1,-1,-1
100,17,819,264,180,140,1,-1,-1,-1
100,18,1329,259,108,188,1,-1,-1,-1
100,22,2036,496,131,258,1,-1,-1,-1
100,23,1111,574,136,204,1,-1,-1,-1
100,24,1335,759,236,288,1,-1,-1,-1
100,25,1075,1036,352,252,1,-1,-1,-1
100,26,1056,746,224,216,1,-1,-1,-1
100,27,97,1132,353,294,1,-1,-1,-1
100,28,1763,705,256,216,1,-1,-1,-1
100,29,1758,491,160,196,1,-1,-1,-1
100,30,233,555,192,212,1,-1,-1,-1
100,31,438,488,176,152,1,-1,-1,-1
100,32,256,733,136,176,1,-1,-1,-1
100,33,1172,1044,336,276,1,-1,-1,-1
100,34,371,605,144,288,1,-1,-1,-1
100,36,2020,479,140,216,1,-1,-1,-1
100,37,179,1188,220,252,1,-1,-1,-1
100,38,1274,296,176,164,1,-1,-1,-1
100,39,418,478,148,256,1,-1,-1,-1
101,0,325,915,268,240,1,-1,-1,-1
101,2,2159,688,141,263,1,-1,-1,-1
101,3,62,1238,352,200,1,-1,-1,-1
101,5,928,781,188,248,1,-1,-1,-1
101,6,548,725,220,228,1,-1,-1,-1
101,7,1103,749,172,272,1,-1,-1,-1
101,10,735,531,204,228,1,-1,-1,-1
101,11,1810,433,188,184,1,-1,-1,-1
101,14,1592,801,244,240,1,-1,-1,-1
101,15,741,336,132,176,1,-1,-1,-1
101,17,817,264,180,140,1,-1,-1,-1
101,18,1328,257,108,188,1,-1,-1,-1
101,22,2033,482,131,258,1,-1,-1,-1
101,23,1113,576,136,204,1,-1,-1,-1
101,24,1336,761,236,288,1,-1,-1,-1
101,25,1074,1035,352,252,1,-1,-1,-1
101,26,1075,759,224,216,1,-1,-1,-1
101,27,91,1141,353,294,1,-1,-1,-1
101,28,1763,704,256,216,1,-1,-1,-1
101,29,1759,492,160,196,1,-1,-1,-1
101,30,229,559,192,212,1,-1,-1,-1
101,31,437,489,176,152,1,-1,-1,-1
101,32,255,734,136,176,1,-1,-1,-1
101,33,1173,1044,336,276,1,-1,-1,-1
101,34,370,605,144,288,1,-1,-1,-1
101,36,2020,474,140,216,1,-1,-1,-1
101,37,173,1196,220,244,1,-1,-1,-1
101,38,1272,295,176,164,1,-1,-1,-1
101,39,416,479,148,256,1,-1,-1,-1
102,0,326,916,268,240,1,-1,-1,-1
102,2,2158,686,141,263,1,-1,-1,-1
102,3,66,1238,352,200,1,-1,-1,-1
102,5,920,783,188,248,1,-1,-1,-1
102,6,548,725,220,228,1,-1,-1,-1
102,7,1112,748,172,272,1,-1,-1,-1
102,10,733,532,204,228,1,-1,-1,-1
102,11,1811,434,188,184,1,-1,-1,-1
102,14,1592,801,244,240,1,-1,-1,-1
102,15,742,336,132,176,1,-1,-1,-1
102,17,815,265,180,140,1,-1,-1,-1
102,18,1327,258,108,188,1,-1,-1,-1
102,22,2028,472,131,258,1,-1,-1,-1
102,23,1113,577,136,204,1,-1,-1,-1
102,24,1336,759,236,288,1,-1,-1,-1
102,25,1074,1035,352,252,1,-1,-1,-1
102,26,1085,762,224,216,1,-1,-1,-1
102,27,82,1134,370,306,1,-1,-1,-1
102,28,1762,704,256,216,1,-1,-1,-1
102,29,1762,492,160,196,1,-1,-1,-1
102,30,213,574,192,212,1,-1,-1,-1
102,31,433,491,176,152,1,-1,-1,-1
102,32,255,736,136,176,1,-1,-1,-1
102,33,1174,1043,336,276,1,-1,-1,-1
102,34,370,606,144,288,1,-1,-1,-1
102,36,2019,465,140,216,1,-1,-1,-1
102,37,166,1208,220,232,1,-1,-1,-1
102,38,1271,293,176,164,1,-1,-1,-1
102,39,415,482,148,256,1,-1,-1,-1
103,0,326,915,268,240,1,-1,-1,-1
103,2,2155,680,148,276,1,-1,-1,-1
103,5,918,783,188,248,1,-1,-1,-1
103,6,549,726,220,228,1,-1,-1,-1
103,7,1119,744,172,272,1,-1,-1,-1
103,10,729,534,204,228,1,-1,-1,-1
103,11,1811,433,188,184,1,-1,-1,-1
103,14,1592,801,244,240,1,-1,-1,-1
103,15,743,336,132,176,1,-1,-1,-1
103,17,814,266,180,140,1,-1,-1,-1
103,18,1326,254,108,188,1,-1,-1,-1
103,22,2025,459,131,258,1,-1,-1,-1
103,23,1113,577,136,204,1,-1,-1,-1
103,24,1334,760,236,288,1,-1,-1,-1
103,25,1075,1034,352,252,1,-1,-1,-1
103,26,1088,763,224,216,1,-1,-1,-1
103,27,71,1156,370,284,1,-1,-1,-1
103,28,1762,703,256,216,1,-1,-1,-1
103,29,1760,492,160,196,1,-1,-1,-1
103,30,193,588,192,212,1,-1,-1,-1
103,31,427,501,176,152,1,-1,-1,-1
103,32,253,736,136,176,1,-1,-1,-1
103,33,1174,1043,336,276,1,-1,-1,-1
103,34,369,606,144,288,1,-1,-1,-1
103,36,2018,456,140,216,1,-1,-1,-1
103,37,147,1246,210,194,1,-1,-1,-1
103,38,1268,292,176,164,1,-1,-1,-1
103,39,415,485,148,256,1,-1,-1,-1
104,0,326,916,268,240,1,-1,-1,-1
104,2,2155,679,148,276,1,-1,-1,-1
104,5,918,784,188,248,1,-1,-1,-1
104,6,550,726,220,228,1,-1,-1,-1
104,7,1124,743,172,272,1,-1,-1,-1
104,10,729,535,204,228,1,-1,-1,-1
104,11,1811,433,188,184,1,-1,-1,-1
104,14,1592,801,244,240,1,-1,-1,-1
104,15,743,336,132,176,1,-1,-1,-1
104,17,813,266,180,140,1,-1,-1,-1
104,18,1325,255,108,188,1,-1,-1,-1
104,22,2025,459,131,258,1,-1,-1,-1
104,23,1113,577,136,204,1,-1,-1,-1
104,24,1334,759,236,288,1,-1,-1,-1
104,25,1076,1034,352,252,1,-1,-1,-1
104,26,1083,761,235,227,1,-1,-1,-1
104,27,65,1148,370,292,1,-1,-1,-1
104,28,1762,703,256,216,1,-1,-1,-1
104,29,1762,492,160,196,1,-1,-1,-1
104,30,195,589,192,212,1,-1,-1,-1
104,31,428,502,176,152,1,-1,-1,-1
104,32,252,736,136,176,1,-1,-1,-1
104,33,1173,1043,336,276,1,-1,-1,-1
104,34,369,606,144,288,1,-1,-1,-1
104,36,2017,454,140,216,1,-1,-1,-1
104,37,146,1247,210,193,1,-1,-1,-1
104,38,1268,292,176,164,1,-1,-1,-1
104,39,415,487,148,256,1,-1,-1,-1
105,0,326,916,268,240,1,-1,-1,-1
105,2,2160,688,144,268,1,-1,-1,-1
105,5,908,800,208,252,1,-1,-1,-1
105,6,550,726,220,228,1,-1,-1,-1
105,7,1124,743,172,272,1,-1,-1,-1
105,10,729,535,204,228,1,-1,-1,-1
105,11,1811,433,188,184,1,-1,-1,-1
105,14,1596,800,240,240,1,-1,-1,-1
105,15,728,336,156,172,1,-1,-1,-1
105,17,820,264,160,136,1,-1,-1,-1
105,18,1325,255,108,188,1,-1,-1,-1
105,22,2028,456,128,248,1,-1,-1,-1
105,23,1112,572,140,264,1,-1,-1,-1
105,24,1332,752,232,276,1,-1,-1,-1
105,25,1076,1034,352,252,1,-1,-1,-1
105,26,1083,761,235,227,1,-1,-1,-1
105,27,65,1148,370,292,1,-1,-1,-1
105,28,1760,700,256,220,1,-1,-1,-1
105,29,1762,492,160,196,1,-1,-1,-1
105,30,195,589,192,212,1,-1,-1,-1
105,31,428,502,176,152,1,-1,-1,-1
105,32,252,736,136,176,1,-1,-1,-1
105,33,1176,1040,332,280,1,-1,-1,-1
105,34,372,616,136,272,1,-1,-1,-1
105,36,2017,454,140,216,1,-1,-1,-1
105,37,140,1252,268,188,1,-1,-1,-1
105,38,1268,288,180,148,1,-1,-1,-1
105,39,416,492,140,316,1,-1,-1,-1
105,40,1152,756,164,268,1,-1,-1,-1
105,41,248,676,140,232,1,-1,-1,-1
105,42,160,608,180,224,1,-1,-1,-1
106,0,326,914,268,240,1,-1,-1,-1
106,2,2160,689,144,268,1,-1,-1,-1
106,5,909,800,208,252,1,-1,-1,-1
106,6,550,727,220,228,1,-1,-1,-1
106,7,1126,738,172,272,1,-1,-1,-1
106,10,718,545,194,217,1,-1,-1,-1
106,11,1808,434,188,184,1,-1,-1,-1
106,14,1596,800,240,240,1,-1,-1,-1
106,15,728,337,156,172,1,-1,-1,-1
106,17,820,264,160,136,1,-1,-1,-1
106,18,1326,257,103,179,1,-1,-1,-1
106,22,2028,454,128,248,1,-1,-1,-1
106,23,1112,572,140,264,1,-1,-1,-1
106,24,1332,751,232,276,1,-1,-1,-1
106,25,1075,1032,352,252,1,-1,-1,-1
106,26,1083,760,235,227,1,-1,-1,-1
106,27,71,1119,370,309,1,-1,-1,-1
106,28,1759,700,256,220,1,-1,-1,-1
106,29,1759,494,160,196,1,-1,-1,-1
106,30,217,556,202,223,1,-1,-1,-1
106,31,427,508,176,152,1,-1,-1,-1
106,32,252,734,136,176,1,-1,-1,-1
106,33,1175,1040,332,280,1,-1,-1,-1
106,34,372,616,136,272,1,-1,-1,-1
106,36,2017,439,133,206,1,-1,-1,-1
106,37,125,1260,268,180,1,-1,-1,-1
106,38,1266,287,180,148,1,-1,-1,-1
106,39,415,494,140,316,1,-1,-1,-1
106,40,1152,755,164,268,1,-1,-1,-1
106,41,247,677,140,232,1,-1,-1,-1
106,42,151,617,180,224,1,-1,-1,-1
107,0,327,914,268,240,1,-1,-1,-1
107,2,2161,689,144,268,1,-1,-1,-1
107,5,909,799,208,252,1,-1,-1,-1
107,6,550,727,220,228,1,-1,-1,-1
107,7,1123,738,172,272,1,-1,-1,-1
107,10,716,548,185,207,1,-1,-1,-1
107,11,1808,433,188,184,1,-1,-1,-1
107,14,1597,801,240,240,1,-1,-1,-1
107,15,728,338,156,172,1,-1,-1,-1
107,17,821,265,160,136,1,-1,-1,-1
107,18,1324,257,103,179,1,-1,-1,-1
107,22,2031,452,128,248,1,-1,-1,-1
107,23,1111,573,140,264,1,-1,-1,-1
107,24,1332,751,232,276,1,-1,-1,-1
107,25,1075,1033,352,252,1,-1,-1,-1
107,26,1085,759,235,227,1,-1,-1,-1
107,28,1758,701,256,220,1,-1,-1,-1
107,29,1757,495,160,196,1,-1,-1,-1
107,30,223,559,202,223,1,-1,-1,-1
107,31,427,508,176,152,1,-1,-1,-1
107,32,253,731,136,176,1,-1,-1,-1
107,33,1176,1040,332,280,1,-1,-1,-1
107,34,372,618,136,272,1,-1,-1,-1
107,36,2019,437,133,206,1,-1,-1,-1
107,37,110,1271,268,169,1,-1,-1,-1
107,38,1264,287,180,148,1,-1,-1,-1
107,39,415,494,140,316,1,-1,-1,-1
107,40,1152,753,164,268,1,-1,-1,-1
107,41,245,673,140,232,1,-1,-1,-1
107,42,130,644,180,224,1,-1,-1,-1
108,0,327,914,268,240,1,-1,-1,-1
108,2,2161,690,144,268,1,-1,-1,-1
108,5,910,796,208,252,1,-1,-1,-1
108,6,550,727,220,228,1,-1,-1,-1
108,7,1135,743,172,272,1,-1,-1,-1
108,10,714,548,185,207,1,-1,-1,-1
108,11,1807,433,188,184,1,-1,-1,-1
108,14,1597,801,240,240,1,-1,-1,-1
108,15,726,338,156,172,1,-1,-1,-1
108,17,821,265,160,136,1,-1,-1,-1
108,18,1322,256,103,179,1,-1,-1,-1
108,22,2030,454,128,248,1,-1,-1,-1
108,23,1112,575,140,264,1,-1,-1,-1
108,24,1332,752,232,276,1,-1,-1,-1
108,25,1074,1032,352,252,1,-1,-1,-1
108,26,1084,756,235,227,1,-1,-1,-1
108,28,1758,702,256,220,1,-1,-1,-1
108,29,1755,495,160,196,1,-1,-1,-1
108,30,226,554,202,223,1,-1,-1,-1
108,31,427,509,176,152,1,-1,-1,-1
108,32,260,732,130,168,1,-1,-1,-1
108,33,1176,1040,332,280,1,-1,-1,-1
108,34,372,619,136,272,1,-1,-1,-1
108,36,2019,434,133,206,1,-1,-1,-1
108,37,89,1282,268,158,1,-1,-1,-1
108,38,1263,286,180,148,1,-1,-1,-1
108,39,415,495,140,316,1,-1,-1,-1
108,40,1153,750,164,268,1,-1,-1,-1
108,41,249,666,140,232,1,-1,-1,-1
108,42,119,680,189,235,1,-1,-1,-1
109,0,327,915,268,240,1,-1,-1,-1
109,2,2160,692,144,268,1,-1,-1,-1
109,5,913,794,208,252,1,-1,-1,-1
109,6,550,728,220,228,1,-1,-1,-1
109,7,1137,745,172,272,1,-1,-1,-1
109,10,713,548,185,207,1,-1,-1,-1
109,11,1805,434,188,184,1,-1,-1,-1
109,14,1596,801,240,240,1,-1,-1,-1
109,15,725,338,156,172,1,-1,-1,-1
109,17,820,265,160,136,1,-1,-1,-1
109,18,1317,256,103,179,1,-1,-1,-1
109,22,2031,453,128,248,1,-1,-1,-1
109,23,1113,577,140,264,1,-1,-1,-1
109,24,1332,752,232,276,1,-1,-1,-1
109,25,1074,1031,352,252,1,-1,-1,-1
109,26,1084,755,235,227,1,-1,-1,-1
109,28,1757,701,256,220,1,-1,-1,-1
109,29,1754,494,160,196,1,-1,-1,-1
109,30,228,553,202,223,1,-1,-1,-1
109,31,428,510,176,152,1,-1,-1,-1
109,32,262,728,130,168,1,-1,-1,-1
109,33,1175,1039,332,280,1,-1,-1,-1
109,34,372,618,136,272,1,-1,-1,-1
109,36,2022,432,133,206,1,-1,-1,-1
109,37,76,1285,281,155,1,-1,-1,-1
109,38,1259,287,180,148,1,-1,-1,-1
109,39,415,494,140,316,1,-1,-1,-1
109,40,1154,750,164,268,1,-1,-1,-1
109,41,251,663,140,232,1,-1,-1,-1
109,42,108,725,189,235,1,-1,-1,-1
110,0,327,914,268,240,1,-1,-1,-1
110,2,2159,693,144,268,1,-1,-1,-1
110,5,913,796,208,252,1,-1,-1,-1
110,6,550,729,220,228,1,-1,-1,-1
110,7,1135,744,172,272,1,-1,-1,-1
110,10,712,548,185,207,1,-1,-1,-1
110,11,1805,433,188,184,1,-1,-1,-1
110,14,1597,801,240,240,1,-1,-1,-1
110,15,724,338,156,172,1,-1,-1,-1
110,17,820,265,160,136,1,-1,-1,-1
110,18,1315,255,103,179,1,-1,-1,-1
110,22,2030,452,128,248,1,-1,-1,-1
110,23,1113,578,140,264,1,-1,-1,-1
110,24,1333,752,232,276,1,-1,-1,-1
110,25,1073,1031,352,252,1,-1,-1,-1
110,28,1756,702,256,220,1,-1,-1,-1
110,29,1754,494,160,196,1,-1,-1,-1
110,30,233,557,192,212,1,-1,-1,-1
110,31,427,510,176,152,1,-1,-1,-1
110,32,262,728,130,168,1,-1,-1,-1
110,33,1176,1038,332,280,1,-1,-1,-1
110,34,372,618,136,272,1,-1,-1,-1
110,36,2022,434,133,206,1,-1,-1,-1
110,37,74,1287,281,153,1,-1,-1,-1
110,38,1259,286,180,148,1,-1,-1,-1
110,39,415,493,140,316,1,-1,-1,-1
110,40,1155,750,164,268,1,-1,-1,-1
110,41,254,662,140,232,1,-1,-1,-1
110,42,108,727,189,235,1,-1,-1,-1
111,0,327,914,268,240,1,-1,-1,-1
111,2,2159,690,144,268,1,-1,-1,-1
111,5,912,794,208,252,1,-1,-1,-1
111,6,549,729,220,228,1,-1,-1,-1
111,7,1136,749,164,259,1,-1,-1,-1
111,10,714,547,185,207,1,-1,-1,-1
111,11,1805,434,188,184,1,-1,-1,-1
111,14,1597,800,240,240,1,-1,-1,-1
111,15,723,338,156,172,1,-1,-1,-1
111,17,822,264,160,136,1,-1,-1,-1
111,18,1312,256,103,179,1,-1,-1,-1
111,22,2033,453,128,248,1,-1,-1,-1
111,23,1113,579,140,264,1,-1,-1,-1
111,24,1333,752,232,276,1,-1,-1,-1
111,25,1074,1031,352,252,1,-1,-1,-1
111,28,1756,702,256,220,1,-1,-1,-1
111,29,1753,494,160,196,1,-1,-1,-1
111,30,234,557,192,212,1,-1,-1,-1
111,31,426,509,176,152,1,-1,-1,-1
111,32,262,726,130,168,1,-1,-1,-1
111,33,1176,1038,332,280,1,-1,-1,-1
111,34,372,616,136,272,1,-1,-1,-1
111,36,2026,431,133,206,1,-1,-1,-1
111,37,69,1293,281,147,1,-1,-1,-1
111,38,1256,287,180,148,1,-1,-1,-1
111,39,416,493,140,316,1,-1,-1,-1
111,40,1155,752,164,268,1,-1,-1,-1
111,41,253,660,140,232,1,-1,-1,-1
111,42,95,757,189,235,1,-1,-1,-1
112,0,327,913,268,240,1,-1,-1,-1
112,2,2159,690,144,268,1,-1,-1,-1
112,5,912,794,208,252,1,-1,-1,-1
112,6,548,728,220,228,1,-1,-1,-1
112,7,1138,745,164,259,1,-1,-1,-1
112,10,710,547,185,207,1,-1,-1,-1
112,11,1805,433,188,184,1,-1,-1,-1
112,14,1596,801,240,240,1,-1,-1,-1
112,15,723,336,156,172,1,-1,-1,-1
112,17,825,263,160,136,1,-1,-1,-1
112,18,1308,256,103,179,1,-1,-1,-1
112,22,2035,450,128,248,1,-1,-1,-1
112,23,1116,584,133,251,1,-1,-1,-1
112,24,1332,752,232,276,1,-1,-1,-1
112,25,1075,1032,352,252,1,-1,-1,-1
112,28,1756,703,256,220,1,-1,-1,-1
112,29,1752,494,160,196,1,-1,-1,-1
112,30,235,552,192,212,1,-1,-1,-1
112,31,426,507,176,152,1,-1,-1,-1
112,32,263,724,130,168,1,-1,-1,-1
112,33,1174,1038,332,280,1,-1,-1,-1
112,34,372,616,136,272,1,-1,-1,-1
112,36,2028,426,133,206,1,-1,-1,-1
112,37,69,1301,268,139,1,-1,-1,-1
112,38,1252,286,180,148,1,-1,-1,-1
112,39,416,493,140,316,1,-1,-1,-1
112,40,1155,750,164,268,1,-1,-1,-1
112,41,252,659,140,232,1,-1,-1,-1
112,42,87,784,189,235,1,-1,-1,-1
113,0,332,916,256,240,1,-1,-1,-1
113,2,2128,688,180,248,1,-1,-1,-1
113,5,908,804,208,244,1,-1,-1,-1
113,6,548,728,220,228,1,-1,-1,-1
113,7,1138,745,164,259,1,-1,-1,-1
113,10,710,547,185,207,1,-1,-1,-1
113,11,1796,432,192,176,1,-1,-1,-1
113,14,1600,796,212,264,1,-1,-1,-1
113,15,723,336,156,172,1,-1,-1,-1
113,17,800,260,188,140,1,-1,-1,-1
113,18,1308,256,103,179,1,-1,-1,-1
113,22,2035,450,128,248,1,-1,-1,-1
113,23,1116,584,133,251,1,-1,-1,-1
113,24,1332,752,236,272,1,-1,-1,-1
113,25,1075,1032,352,252,1,-1,-1,-1
113,28,1752,700,244,220,1,-1,-1,-1
113,29,1752,494,160,196,1,-1,-1,-1
113,30,235,552,192,212,1,-1,-1,-1
113,31,426,507,176,152,1,-1,-1,-1
113,32,263,724,130,168,1,-1,-1,-1
113,33,1176,1040,332,244,1,-1,-1,-1
113,34,368,620,132,264,1,-1,-1,-1
113,36,2028,426,133,206,1,-1,-1,-1
113,37,84,1324,200,116,1,-1,-1,-1
113,38,1260,284,160,156,1,-1,-1,-1
113,39,416,493,140,316,1,-1,-1,-1
113,40,1164,752,180,268,1,-1,-1,-1
113,41,268,624,124,260,1,-1,-1,-1
113,42,87,784,189,235,1,-1,-1,-1
113,43,1084,588,156,264,1,-1,-1,-1
113,44,112,784,144,296,1,-1,-1,-1
114,0,332,916,256,240,1,-1,-1,-1
114,2,2129,687,180,248,1,-1,-1,-1
114,5,908,803,208,244,1,-1,-1,-1
114,6,549,725,220,228,1,-1,-1,-1
114,7,1150,739,172,272,1,-1,-1,-1
114,10,712,546,185,207,1,-1,-1,-1
114,11,1796,432,192,176,1,-1,-1,-1
114,14,1600,796,212,264,1,-1,-1,-1
114,15,725,325,156,172,1,-1,-1,-1
114,17,800,259,188,140,1,-1,-1,-1
114,18,1306,257,103,179,1,-1,-1,-1
114,22,2043,445,128,248,1,-1,-1,-1
114,23,1116,587,133,251,1,-1,-1,-1
114,24,1333,752,236,272,1,-1,-1,-1
114,25,1075,1033,352,252,1,-1,-1,-1
114,28,1752,699,244,220,1,-1,-1,-1
114,29,1753,494,160,196,1,-1,-1,-1
114,30,235,553,192,212,1,-1,-1,-1
114,31,425,505,176,152,1,-1,-1,-1
114,32,263,725,130,168,1,-1,-1,-1
114,33,1177,1040,332,244,1,-1,-1,-1
114,34,369,620,132,264,1,-1,-1,-1
114,36,2040,428,133,206,1,-1,-1,-1
114,37,85,1328,200,112,1,-1,-1,-1
114,38,1259,285,160,156,1,-1,-1,-1
114,39,416,492,140,316,1,-1,-1,-1
114,40,1169,754,180,268,1,-1,-1,-1
114,41,268,625,124,260,1,-1,-1,-1
114,42,64,815,189,235,1,-1,-1,-1
114,43,1085,589,156,264,1,-1,-1,-1
114,44,111,796,144,296,1,-1,-1,-1
115,0,333,916,256,240,1,-1,-1,-1
115,2,2129,686,180,248,1,-1,-1,-1
115,5,909,804,208,244,1,-1,-1,-1
115,6,550,724,220,228,1,-1,-1,-1
115,7,1168,739,172,272,1,-1,-1,-1
115,10,710,544,194,217,1,-1,-1,-1
115,11,1794,434,192,176,1,-1,-1,-1
115,14,1600,797,212,264,1,-1,-1,-1
115,15,725,321,156,172,1,-1,-1,-1
115,17,801,258,188,140,1,-1,-1,-1
115,18,1304,253,103,179,1,-1,-1,-1
115,22,2052,445,128,248,1,-1,-1,-1
115,23,1113,583,140,264,1,-1,-1,-1
115,24,1334,753,236,272,1,-1,-1,-1
115,25,1074,1034,352,252,1,-1,-1,-1
115,28,1752,698,244,220,1,-1,-1,-1
115,29,1751,494,160,196,1,-1,-1,-1
115,30,235,552,192,212,1,-1,-1,-1
115,31,425,503,176,152,1,-1,-1,-1
115,32,263,727,130,168,1,-1,-1,-1
115,33,1178,1039,332,244,1,-1,-1,-1
115,34,369,620,132,264,1,-1,-1,-1
115,36,2041,408,140,216,1,-1,-1,-1
115,37,84,1339,200,101,1,-1,-1,-1
115,38,1260,287,160,156,1,-1,-1,-1
115,39,416,491,140,316,1,-1,-1,-1
115,40,1178,757,180,268,1,-1,-1,-1
115,41,269,627,124,260,1,-1,-1,-1
115,42,55,822,189,235,1,-1,-1,-1
115,43,1087,591,156,264,1,-1,-1,-1
115,44,112,807,137,282,1,-1,-1,-1
116,0,333,916,256,240,1,-1,-1,-1
116,2,2130,686,180,248,1,-1,-1,-1
116,5,909,804,208,244,1,-1,-1,-1
116,6,550,724,220,228,1,-1,-1,-1
116,7,1171,738,172,272,1,-1,-1,-1
116,10,707,546,194,217,1,-1,-1,-1
116,11,1794,434,192,176,1,-1,-1,-1
116,14,1600,797,212,264,1,-1,-1,-1
116,15,726,320,156,172,1,-1,-1,-1
116,17,800,258,188,140,1,-1,-1,-1
116,18,1304,255,103,179,1,-1,-1,-1
116,22,2054,442,128,248,1,-1,-1,-1
116,23,1112,585,140,264,1,-1,-1,-1
116,24,1334,753,236,272,1,-1,-1,-1
116,25,1076,1033,352,252,1,-1,-1,-1
116,28,1752,698,244,220,1,-1,-1,-1
116,29,1750,494,160,196,1,-1,-1,-1
116,31,426,503,176,152,1,-1,-1,-1
116,32,264,727,130,168,1,-1,-1,-1
116,33,1179,1039,332,244,1,-1,-1,-1
116,34,370,620,132,264,1,-1,-1,-1
116,36,2042,411,140,216,1,-1,-1,-1
116,37,84,1342,200,98,1,-1,-1,-1
116,38,1260,287,160,156,1,-1,-1,-1
116,39,416,491,140,316,1,-1,-1,-1
116,40,1180,758,180,268,1,-1,-1,-1
116,41,269,628,124,260,1,-1,-1,-1
116,42,55,814,189,235,1,-1,-1,-1
116,43,1088,591,156,264,1,-1,-1,-1
116,44,110,810,137,282,1,-1,-1,-1
117,0,333,916,256,240,1,-1,-1,-1
117,2,2129,685,180,248,1,-1,-1,-1
117,5,909,803,208,244,1,-1,-1,-1
117,6,551,723,220,228,1,-1,-1,-1
117,7,1180,738,172,272,1,-1,-1,-1
117,10,710,544,194,217,1,-1,-1,-1
117,11,1794,433,192,176,1,-1,-1,-1
117,14,1599,797,212,264,1,-1,-1,-1
117,15,725,318,156,172,1,-1,-1,-1
117,17,800,259,188,140,1,-1,-1,-1
117,18,1304,255,103,179,1,-1,-1,-1
117,22,2058,440,128,248,1,-1,-1,-1
117,23,1112,587,140,264,1,-1,-1,-1
117,24,1336,753,236,272,1,-1,-1,-1
117,25,1076,1034,352,252,1,-1,-1,-1
117,28,1752,699,244,220,1,-1,-1,-1
117,29,1751,493,160,196,1,-1,-1,-1
117,31,427,503,176,152,1,-1,-1,-1
117,32,260,724,136,176,1,-1,-1,-1
117,33,1180,1040,332,244,1,-1,-1,-1
117,34,370,620,132,264,1,-1,-1,-1
117,36,2047,408,140,216,1,-1,-1,-1
117,37,81,1351,200,89,1,-1,-1,-1
117,38,1261,287,160,156,1,-1,-1,-1
117,39,416,490,140,316,1,-1,-1,-1
117,40,1188,757,180,268,1,-1,-1,-1
117,41,269,630,124,260,1,-1,-1,-1
117,42,55,815,189,235,1,-1,-1,-1
117,43,1084,586,164,277,1,-1,-1,-1
117,44,108,811,137,282,1,-1,-1,-1
118,0,332,916,256,240,1,-1,-1,-1
118,2,2129,684,180,248,1,-1,-1,-1
118,5,912,803,208,244,1,-1,-1,-1
118,6,550,723,220,228,1,-1,-1,-1
118,7,1181,739,172,272,1,-1,-1,-1
118,10,713,543,194,217,1,-1,-1,-1
118,11,1795,433,192,176,1,-1,-1,-1
118,14,1600,797,212,264,1,-1,-1,-1
118,15,726,317,156,172,1,-1,-1,-1
118,17,800,258,188,140,1,-1,-1,-1
118,18,1305,255,103,179,1,-1,-1,-1
118,22,2061,436,128,248,1,-1,-1,-1
118,23,1108,583,147,277,1,-1,-1,-1
118,24,1336,754,236,272,1,-1,-1,-1
118,25,1078,1036,352,252,1,-1,-1,-1
118,28,1752,699,244,220,1,-1,-1,-1
118,29,1752,493,160,196,1,-1,-1,-1
118,31,428,503,176,152,1,-1,-1,-1
118,32,260,725,136,176,1,-1,-1,-1
118,33,1184,1042,332,244,1,-1,-1,-1
118,34,371,621,132,264,1,-1,-1,-1
118,36,2057,410,133,206,1,-1,-1,-1
118,37,75,1353,200,87,1,-1,-1,-1
118,38,1260,286,160,156,1,-1,-1,-1
118,39,416,491,140,316,1,-1,-1,-1
118,40,1191,758,180,268,1,-1,-1,-1
118,41,270,632,124,260,1,-1,-1,-1
118,42,53,815,189,235,1,-1,-1,-1
118,43,1083,587,164,277,1,-1,-1,-1
118,44,101,806,144,296,1,-1,-1,-1
119,0,333,917,256,240,1,-1,-1,-1
119,2,2126,688,180,248,1,-1,-1,-1
119,5,919,800,208,244,1,-1,-1,-1
119,6,549,723,220,228,1,-1,-1,-1
119,7,1187,751,164,259,1,-1,-1,-1
119,10,712,542,194,217,1,-1,-1,-1
119,11,1795,433,192,176,1,-1,-1,-1
119,14,1601,798,212,264,1,-1,-1,-1
119,15,726,317,156,172,1,-1,-1,-1
119,17,798,258,188,140,1,-1,-1,-1
119,18,1304,256,103,179,1,-1,-1,-1
119,22,2057,434,128,248,1,-1,-1,-1
119,23,1107,584,147,277,1,-1,-1,-1
119,24,1338,755,236,272,1,-1,-1,-1
119,25,1079,1038,352,252,1,-1,-1,-1
119,28,1753,699,244,220,1,-1,-1,-1
119,29,1752,493,160,196,1,-1,-1,-1
119,31,429,504,176,152,1,-1,-1,-1
119,32,259,728,136,176,1,-1,-1,-1
119,33,1185,1044,332,244,1,-1,-1,-1
119,34,370,621,132,264,1,-1,-1,-1
119,36,2055,402,140,216,1,-1,-1,-1
119,37,82,1360,190,80,1,-1,-1,-1
119,38,1260,286,160,156,1,-1,-1,-1
119,39,416,491,140,316,1,-1,-1,-1
119,40,1197,760,180,268,1,-1,-1,-1
119,41,270,634,124,260,1,-1,-1,-1
119,42,52,817,189,235,1,-1,-1,-1
119,43,1080,581,172,291,1,-1,-1,-1
119,44,99,804,144,296,1,-1,-1,-1
120,0,332,917,256,240,1,-1,-1,-1
120,2,2124,687,180,248,1,-1,-1,-1
120,5,926,799,208,244,1,-1,-1,-1
120,6,549,723,220,228,1,-1,-1,-1
120,7,1184,761,164,259,1,-1,-1,-1
120,10,710,543,194,217,1,-1,-1,-1
120,11,1795,434,192,176,1,-1,-1,-1
120,14,1600,798,212,264,1,-1,-1,-1
120,15,726,316,156,172,1,-1,-1,-1
120,17,795,257,188,140,1,-1,-1,-1
120,18,1305,255,103,179,1,-1,-1,-1
120,22,2058,431,128,248,1,-1,-1,-1
120,23,1106,586,147,277,1,-1,-1,-1
120,24,1339,754,236,272,1,-1,-1,-1
120,25,1076,1034,370,265,1,-1,-1,-1
120,28,1752,699,244,220,1,-1,-1,-1
120,29,1752,495,160,196,1,-1,-1,-1
120,31,430,505,176,152,1,-1,-1,-1
120,32,258,730,136,176,1,-1,-1,-1
120,33,1189,1043,332,244,1,-1,-1,-1
120,34,369,621,132,264,1,-1,-1,-1
120,36,2056,399,140,216,1,-1,-1,-1
120,37,83,1363,181,77,1,-1,-1,-1
120,38,1260,287,160,156,1,-1,-1,-1
120,39,417,491,140,316,1,-1,-1,-1
120,40,1201,765,180,268,1,-1,-1,-1
120,41,270,636,124,260,1,-1,-1,-1
120,42,50,817,189,235,1,-1,-1,-1
120,43,1079,582,172,291,1,-1,-1,-1
120,44,97,807,144,296,1,-1,-1,-1
121,0,332,916,260,240,1,-1,-1,-1
121,2,2124,696,184,212,1,-1,-1,-1
121,5,944,808,228,216,1,-1,-1,-1
121,6,549,723,220,228,1,-1,-1,-1
121,7,1184,761,164,259,1,-1,-1,-1
121,10,710,543,194,217,1,-1,-1,-1
121,11,1800,428,188,196,1,-1,-1,-1
121,14,1600,792,216,284,1,-1,-1,-1
121,15,708,316,160,192,1,-1,-1,-1
121,17,800,260,176,140,1,-1,-1,-1
121,18,1305,255,103,179,1,-1,-1,-1
121,22,2058,431,128,248,1,-1,-1,-1
121,23,1106,586,147,277,1,-1,-1,-1
121,24,1340,756,228,288,1,-1,-1,-1
121,25,1076,1034,370,265,1,-1,-1,-1
121,28,1752,700,248,220,1,-1,-1,-1
121,29,1720,504,192,192,1,-1,-1,-1
121,31,430,505,176,152,1,-1,-1,-1
121,32,258,730,136,176,1,-1,-1,-1
121,33,1196,1044,332,236,1,-1,-1,-1
121,34,369,621,132,264,1,-1,-1,-1
121,36,2056,399,140,216,1,-1,-1,-1
121,37,83,1363,181,77,1,-1,-1,-1
121,38,1256,288,168,152,1,-1,-1,-1
121,39,417,491,140,316,1,-1,-1,-1
121,40,1201,765,180,268,1,-1,-1,-1
121,41,272,648,116,248,1,-1,-1,-1
121,42,50,817,189,235,1,-1,-1,-1
121,43,1072,596,168,260,1,-1,-1,-1
121,44,92,808,172,288,1,-1,-1,-1
121,45,368,496,208,380,1,-1,-1,-1
121,46,1984,436,208,160,1,-1,-1,-1
121,47,1216,784,224,288,1,-1,-1,-1
121,48,544,556,348,400,1,-1,-1,-1
121,49,520,584,220,176,1,-1,-1,-1
121,50,464,312,220,148,1,-1,-1,-1
121,51,1576,432,136,216,1,-1,-1,-1
122,0,332,916,260,240,1,-1,-1,-1
122,2,2124,696,184,212,1,-1,-1,-1
122,5,944,808,228,216,1,-1,-1,-1
122,6,549,724,220,228,1,-1,-1,-1
122,7,1185,769,164,259,1,-1,-1,-1
122,10,712,543,194,217,1,-1,-1,-1
122,11,1800,428,188,196,1,-1,-1,-1
122,14,1600,792,216,284,1,-1,-1,-1
122,15,708,316,160,192,1,-1,-1,-1
122,17,800,260,176,140,1,-1,-1,-1
122,18,1305,256,103,179,1,-1,-1,-1
122,22,2055,430,128,248,1,-1,-1,-1
122,23,1105,587,147,277,1,-1,-1,-1
122,24,1340,756,228,288,1,-1,-1,-1
122,25,1081,1034,370,265,1,-1,-1,-1
122,28,1752,700,248,220,1,-1,-1,-1
122,29,1720,504,192,192,1,-1,-1,-1
122,31,431,506,176,152,1,-1,-1,-1
122,32,258,729,136,176,1,-1,-1,-1
122,33,1196,1044,332,236,1,-1,-1,-1
122,34,368,620,132,264,1,-1,-1,-1
122,36,2060,404,133,206,1,-1,-1,-1
122,37,83,1369,181,71,1,-1,-1,-1
122,38,1256,288,168,152,1,-1,-1,-1
122,39,416,491,140,316,1,-1,-1,-1
122,40,1211,783,180,268,1,-1,-1,-1
122,41,272,648,116,248,1,-1,-1,-1
122,42,49,818,189,235,1,-1,-1,-1
122,43,1072,596,168,260,1,-1,-1,-1
122,44,92,808,172,288,1,-1,-1,-1
122,45,368,496,208,380,1,-1,-1,-1
122,46,1984,436,208,160,1,-1,-1,-1
122,47,1216,784,224,288,1,-1,-1,-1
122,48,544,556,348,400,1,-1,-1,-1
122,49,520,584,220,176,1,-1,-1,-1
122,50,464,312,220,148,1,-1,-1,-1
122,51,1576,432,136,216,1,-1,-1,-1
123,0,332,917,260,240,1,-1,-1,-1
123,2,2124,697,184,212,1,-1,-1,-1
123,5,949,811,228,216,1,-1,-1,-1
123,6,548,724,220,228,1,-1,-1,-1
123,7,1185,787,164,259,1,-1,-1,-1
123,10,711,546,194,217,1,-1,-1,-1
123,11,1800,428,188,196,1,-1,-1,-1
123,14,1600,792,216,284,1,-1,-1,-1
123,15,708,316,160,192,1,-1,-1,-1
123,17,799,260,176,140,1,-1,-1,-1
123,18,1305,255,103,179,1,-1,-1,-1
123,22,2048,425,128,248,1,-1,-1,-1
123,23,1103,588,147,277,1,-1,-1,-1
123,24,1340,759,228,288,1,-1,-1,-1
123,25,1085,1037,370,265,1,-1,-1,-1
123,28,1752,701,248,220,1,-1,-1,-1
123,29,1721,504,192,192,1,-1,-1,-1
123,31,429,507,176,152,1,-1,-1,-1
123,32,258,727,136,176,1,-1,-1,-1
123,33,1203,1045,332,236,1,-1,-1,-1
123,34,365,617,132,264,1,-1,-1,-1
123,36,2048,402,133,206,1,-1,-1,-1
123,37,84,1375,181,65,1,-1,-1,-1
123,38,1256,288,168,152,1,-1,-1,-1
123,39,415,491,140,316,1,-1,-1,-1
123,40,1209,804,180,268,1,-1,-1,-1
123,41,272,650,116,248,1,-1,-1,-1
123,42,50,820,189,235,1,-1,-1,-1
123,43,1073,597,168,260,1,-1,-1,-1
123,44,91,809,172,288,1,-1,-1,-1
123,45,368,496,208,380,1,-1,-1,-1
123,46,1979,436,208,160,1,-1,-1,-1
123,47,1216,796,224,288,1,-1,-1,-1
123,48,544,555,348,400,1,-1,-1,-1
123,49,520,585,220,176,1,-1,-1,-1
123,50,468,312,220,148,1,-1,-1,-1
123,51,1573,434,136,216,1,-1,-1,-1
124,0,332,917,260,240,1,-1,-1,-1
124,2,2123,698,184,212,1,-1,-1,-1
124,5,966,829,228,216,1,-1,-1,-1
124,6,548,725,220,228,1,-1,-1,-1
124,7,1183,793,164,259,1,-1,-1,-1
124,10,709,554,194,217,1,-1,-1,-1
124,11,1799,429,188,196,1,-1,-1,-1
124,14,1601,792,216,284,1,-1,-1,-1
124,15,707,314,160,192,1,-1,-1,-1
124,17,798,260,176,140,1,-1,-1,-1
124,18,1305,255,103,179,1,-1,-1,-1
124,22,2041,421,128,248,1,-1,-1,-1
124,23,1098,584,154,291,1,-1,-1,-1
124,24,1339,760,228,288,1,-1,-1,-1
124,25,1084,1030,388,278,1,-1,-1,-1
124,28,1753,701,248,220,1,-1,-1,-1
124,29,1721,505,192,192,1,-1,-1,-1
124,31,428,507,176,152,1,-1,-1,-1
124,32,259,732,130,168,1,-1,-1,-1
124,33,1225,1049,332,236,1,-1,-1,-1
124,34,362,615,132,264,1,-1,-1,-1
124,37,85,1376,181,64,1,-1,-1,-1
124,38,1256,288,168,152,1,-1,-1,-1
124,39,414,491,140,316,1,-1,-1,-1
124,40,1204,807,180,268,1,-1,-1,-1
124,41,271,650,116,248,1,-1,-1,-1
124,42,50,819,189,235,1,-1,-1,-1
124,43,1073,598,168,260,1,-1,-1,-1
124,44,91,809,172,288,1,-1,-1,-1
124,45,366,495,208,380,1,-1,-1,-1
124,46,1971,434,208,160,1,-1,-1,-1
124,47,1217,805,224,288,1,-1,-1,-1
124,48,543,556,348,400,1,-1,-1,-1
124,49,522,586,220,176,1,-1,-1,-1
124,50,472,308,220,148,1,-1,-1,-1
124,51,1571,434,136,216,1,-1,-1,-1
125,0,332,918,260,240,1,-1,-1,-1
125,2,2123,696,184,212,1,-1,-1,-1
125,5,993,845,228,216,1,-1,-1,-1
125,6,547,728,220,228,1,-1,-1,-1
125,7,1185,791,172,272,1,-1,-1,-1
125,10,707,562,185,207,1,-1,-1,-1
125,11,1798,432,188,196,1,-1,-1,-1
125,14,1601,793,216,284,1,-1,-1,-1
125,15,708,314,160,192,1,-1,-1,-1
125,17,797,260,176,140,1,-1,-1,-1
125,18,1306,255,103,179,1,-1,-1,-1
125,22,2034,418,128,248,1,-1,-1,-1
125,23,1097,583,154,291,1,-1,-1,-1
125,24,1340,759,228,288,1,-1,-1,-1
125,25,1079,1034,388,278,1,-1,-1,-1
125,28,1753,701,248,220,1,-1,-1,-1
125,29,1720,506,192,192,1,-1,-1,-1
125,31,428,506,176,152,1,-1,-1,-1
125,32,258,732,130,168,1,-1,-1,-1
125,33,1255,1049,349,248,1,-1,-1,-1
125,34,360,614,132,264,1,-1,-1,-1
125,37,87,1380,181,60,1,-1,-1,-1
125,38,1256,289,168,152,1,-1,-1,-1
125,39,412,493,140,316,1,-1,-1,-1
125,40,1206,810,180,268,1,-1,-1,-1
125,41,270,651,116,248,1,-1,-1,-1
125,42,49,821,189,235,1,-1,-1,-1
125,43,1073,598,168,260,1,-1,-1,-1
125,44,92,810,172,288,1,-1,-1,-1
125,45,363,495,208,380,1,-1,-1,-1
125,46,1967,430,208,160,1,-1,-1,-1
125,47,1217,808,224,288,1,-1,-1,-1
125,48,544,557,348,400,1,-1,-1,-1
125,49,523,585,220,176,1,-1,-1,-1
125,50,473,306,220,148,1,-1,-1,-1
125,51,1569,435,136,216,1,-1,-1,-1
126,0,332,918,260,240,1,-1,-1,-1
126,2,2123,692,184,212,1,-1,-1,-1
126,5,1003,847,228,216,1,-1,-1,-1
126,6,547,732,220,228,1,-1,-1,-1
126,7,1183,807,172,272,1,-1,-1,-1
126,10,703,565,185,207,1,-1,-1,-1
126,11,1798,433,188,196,1,-1,-1,-1
126,14,1601,792,216,284,1,-1,-1,-1
126,15,708,311,160,192,1,-1,-1,-1
126,17,793,260,176,140,1,-1,-1,-1
126,18,1305,255,103,179,1,-1,-1,-1
126,22,2029,414,128,248,1,-1,-1,-1
126,23,1095,584,154,291,1,-1,-1,-1
126,24,1341,757,228,288,1,-1,-1,-1
126,25,1073,1027,407,292,1,-1,-1,-1
126,28,1753,700,248,220,1,-1,-1,-1
126,29,1720,507,192,192,1,-1,-1,-1
126,31,427,505,176,152,1,-1,-1,-1
126,32,257,730,130,168,1,-1,-1,-1
126,33,1316,1051,349,248,1,-1,-1,-1
126,34,357,617,132,264,1,-1,-1,-1
126,37,85,1383,181,57,1,-1,-1,-1
126,38,1257,289,168,152,1,-1,-1,-1
126,39,411,494,140,316,1,-1,-1,-1
126,40,1211,808,180,268,1,-1,-1,-1
126,41,269,650,116,248,1,-1,-1,-1
126,42,51,823,189,235,1,-1,-1,-1
126,43,1073,598,168,260,1,-1,-1,-1
126,44,92,809,172,288,1,-1,-1,-1
126,45,362,496,208,380,1,-1,-1,-1
126,46,1962,427,208,160,1,-1,-1,-1
126,47,1218,805,224,288,1,-1,-1,-1
126,48,545,556,348,400,1,-1,-1,-1
126,49,526,584,220,176,1,-1,-1,-1
126,50,473,304,220,148,1,-1,-1,-1
126,51,1568,435,136,216,1,-1,-1,-1
127,0,331,919,260,240,1,-1,-1,-1
127,2,2122,690,184,212,1,-1,-1,-1
127,5,1011,848,228,216,1,-1,-1,-1
127,6,546,736,220,228,1,-1,-1,-1
127,7,1176,796,181,286,1,-1,-1,-1
127,10,703,568,185,207,1,-1,-1,-1
127,11,1799,433,188,196,1,-1,-1,-1
127,14,1601,792,216,284,1,-1,-1,-1
127,15,707,306,160,192,1,-1,-1,-1
127,17,789,259,176,140,1,-1,-1,-1
127,18,1305,255,103,179,1,-1,-1,-1
127,22,2025,413,128,248,1,-1,-1,-1
127,23,1096,584,154,291,1,-1,-1,-1
127,24,1340,756,228,288,1,-1,-1,-1
127,25,1067,1022,407,292,1,-1,-1,-1
127,28,1753,700,248,220,1,-1,-1,-1
127,29,1720,508,192,192,1,-1,-1,-1
127,31,427,505,176,152,1,-1,-1,-1
127,32,257,730,130,168,1,-1,-1,-1
127,33,1349,1054,349,248,1,-1,-1,-1
127,34,355,620,132,264,1,-1,-1,-1
127,37,85,1384,181,56,1,-1,-1,-1
127,38,1256,289,168,152,1,-1,-1,-1
127,39,407,486,147,332,1,-1,-1,-1
127,40,1212,813,180,268,1,-1,-1,-1
127,41,269,652,116,248,1,-1,-1,-1
127,42,50,826,189,235,1,-1,-1,-1
127,43,1073,598,168,260,1,-1,-1,-1
127,44,89,810,172,288,1,-1,-1,-1
127,45,360,498,208,380,1,-1,-1,-1
127,46,1962,424,208,160,1,-1,-1,-1
127,47,1216,804,224,288,1,-1,-1,-1
127,48,545,557,348,400,1,-1,-1,-1
127,49,532,582,220,176,1,-1,-1,-1
127,50,474,303,220,148,1,-1,-1,-1
127,51,1566,435,136,216,1,-1,-1,-1
128,0,330,919,260,240,1,-1,-1,-1
128,2,2123,690,184,212,1,-1,-1,-1
128,5,1012,850,228,216,1,-1,-1,-1
128,6,546,737,220,228,1,-1,-1,-1
128,7,1172,792,190,300,1,-1,-1,-1
128,10,706,573,176,197,1,-1,-1,-1
128,11,1799,434,188,196,1,-1,-1,-1
128,14,1601,792,216,284,1,-1,-1,-1
128,15,707,306,160,192,1,-1,-1,-1
128,17,788,259,176,140,1,-1,-1,-1
128,18,1304,255,103,179,1,-1,-1,-1
128,23,1096,584,154,291,1,-1,-1,-1
128,24,1340,754,228,288,1,-1,-1,-1
128,25,1070,1018,407,292,1,-1,-1,-1
128,28,1753,700,248,220,1,-1,-1,-1
128,29,1716,504,202,202,1,-1,-1,-1
128,31,427,504,176,152,1,-1,-1,-1
128,32,258,730,130,168,1,-1,-1,-1
128,33,1349,1054,349,248,1,-1,-1,-1
128,34,354,621,132,264,1,-1,-1,-1
128,37,86,1385,181,55,1,-1,-1,-1
128,38,1256,289,168,152,1,-1,-1,-1
128,39,406,486,147,332,1,-1,-1,-1
128,40,1218,819,171,255,1,-1,-1,-1
128,41,269,652,116,248,1,-1,-1,-1
128,42,49,826,189,235,1,-1,-1,-1
128,43,1073,598,168,260,1,-1,-1,-1
128,44,89,810,172,288,1,-1,-1,-1
128,45,359,499,208,380,1,-1,-1,-1
128,46,1962,424,208,160,1,-1,-1,-1
128,47,1216,806,224,288,1,-1,-1,-1
128,48,545,557,348,400,1,-1,-1,-1
128,49,533,580,220,176,1,-1,-1,-1
128,50,474,303,220,148,1,-1,-1,-1
128,51,1566,435,136,216,1,-1,-1,-1
129,0,330,919,260,240,1,-1,-1,-1
129,2,2132,692,172,232,1,-1,-1,-1
129,5,1008,852,248,232,1,-1,-1,-1
129,6,572,736,180,240,1,-1,-1,-1
129,7,1172,792,190,300,1,-1,-1,-1
129,10,708,560,180,196,1,-1,-1,-1
129,11,1799,434,188,196,1,-1,-1,-1
129,14,1600,792,212,284,1,-1,-1,-1
129,15,700,308,164,168,1,-1,-1,-1
129,17,800,264,144,136,1,-1,-1,-1
129,18,1304,255,103,179,1,-1,-1,-1
129,23,1096,584,154,291,1,-1,-1,-1
129,24,1332,756,256,268,1,-1,-1,-1
129,28,1756,700,260,220,1,-1,-1,-1
129,29,1716,504,202,202,1,-1,-1,-1
129,31,427,504,176,152,1,-1,-1,-1
129,32,258,730,130,168,1,-1,-1,-1
129,33,1388,1068,340,224,1,-1,-1,-1
129,34,352,628,132,252,1,-1,-1,-1
129,37,86,1385,181,55,1,-1,-1,-1
129,38,1256,288,164,148,1,-1,-1,-1
129,39,406,486,147,332,1,-1,-1,-1
129,40,1216,804,176,296,1,-1,-1,-1
129,41,272,656,120,244,1,-1,-1,-1
129,42,49,826,189,235,1,-1,-1,-1
129,43,1080,600,148,256,1,-1,-1,-1
129,44,80,820,172,288,1,-1,-1,-1
129,45,359,499,208,380,1,-1,-1,-1
129,46,1962,424,208,160,1,-1,-1,-1
129,47,1216,806,224,288,1,-1,-1,-1
129,48,545,557,348,400,1,-1,-1,-1
129,49,548,548,188,176,1,-1,-1,-1
129,50,474,303,220,148,1,-1,-1,-1
129,51,1566,435,136,216,1,-1,-1,-1
129,52,424,496,148,220,1,-1,-1,-1
129,53,1936,424,224,184,1,-1,-1,-1
130,0,329,920,260,240,1,-1,-1,-1
130,2,2132,692,172,232,1,-1,-1,-1
130,5,1009,852,248,232,1,-1,-1,-1
130,6,570,739,180,240,1,-1,-1,-1
130,7,1167,791,190,300,1,-1,-1,-1
130,10,707,560,180,196,1,-1,-1,-1
130,11,1798,435,188,196,1,-1,-1,-1
130,14,1600,792,212,284,1,-1,-1,-1
130,15,698,307,164,168,1,-1,-1,-1
130,17,797,263,144,136,1,-1,-1,-1
130,18,1305,255,103,179,1,-1,-1,-1
130,23,1097,586,154,291,1,-1,-1,-1
130,24,1332,756,256,268,1,-1,-1,-1
130,28,1756,700,260,220,1,-1,-1,-1
130,29,1716,505,202,202,1,-1,-1,-1
130,31,425,504,176,152,1,-1,-1,-1
130,32,259,731,130,168,1,-1,-1,-1
130,33,1414,1072,340,224,1,-1,-1,-1
130,34,352,632,132,252,1,-1,-1,-1
130,38,1256,288,164,148,1,-1,-1,-1
130,39,404,493,147,332,1,-1,-1,-1
130,40,1216,803,176,296,1,-1,-1,-1
130,41,272,657,120,244,1,-1,-1,-1
130,42,43,836,189,235,1,-1,-1,-1
130,43,1081,600,148,256,1,-1,-1,-1
130,44,78,823,172,288,1,-1,-1,-1
130,45,358,504,208,380,1,-1,-1,-1
130,46,1962,420,208,160,1,-1,-1,-1
130,47,1216,806,224,288,1,-1,-1,-1
130,48,545,556,348,400,1,-1,-1,-1
130,49,551,545,188,176,1,-1,-1,-1
130,50,474,303,220,148,1,-1,-1,-1
130,51,1565,437,136,216,1,-1,-1,-1
130,52,424,496,148,220,1,-1,-1,-1
130,53,1936,424,224,184,1,-1,-1,-1
131,0,327,921,260,240,1,-1,-1,-1
131,2,2132,693,172,232,1,-1,-1,-1
131,5,1008,852,248,232,1,-1,-1,-1
131,6,566,740,180,240,1,-1,-1,-1
131,7,1168,788,190,300,1,-1,-1,-1
131,10,707,561,180,196,1,-1,-1,-1
131,11,1798,436,188,196,1,-1,-1,-1
131,14,1600,792,212,284,1,-1,-1,-1
131,15,697,308,164,168,1,-1,-1,-1
131,17,796,262,144,136,1,-1,-1,-1
131,18,1305,255,103,179,1,-1,-1,-1
131,23,1098,586,154,291,1,-1,-1,-1
131,24,1332,756,256,268,1,-1,-1,-1
131,28,1757,701,260,220,1,-1,-1,-1
131,29,1717,505,202,202,1,-1,-1,-1
131,31,425,505,176,152,1,-1,-1,-1
131,32,259,731,130,168,1,-1,-1,-1
131,33,1455,1081,340,224,1,-1,-1,-1
131,34,354,648,132,252,1,-1,-1,-1
131,38,1257,288,164,148,1,-1,-1,-1
131,39,402,503,147,332,1,-1,-1,-1
131,40,1215,805,176,296,1,-1,-1,-1
131,41,272,661,120,244,1,-1,-1,-1
131,42,41,839,189,235,1,-1,-1,-1
131,43,1082,602,148,256,1,-1,-1,-1
131,44,76,826,172,288,1,-1,-1,-1
131,45,356,513,208,380,1,-1,-1,-1
131,46,1959,417,208,160,1,-1,-1,-1
131,47,1213,806,224,288,1,-1,-1,-1
131,48,544,555,348,400,1,-1,-1,-1
131,49,555,540,188,176,1,-1,-1,-1
131,50,474,303,220,148,1,-1,-1,-1
131,51,1564,437,136,216,1,-1,-1,-1
131,52,424,498,148,220,1,-1,-1,-1
131,53,1935,423,224,184,1,-1,-1,-1
132,0,326,921,260,240,1,-1,-1,-1
132,2,2132,693,172,232,1,-1,-1,-1
132,5,1007,852,248,232,1,-1,-1,-1
132,6,563,743,180,240,1,-1,-1,-1
132,7,1166,786,190,300,1,-1,-1,-1
132,10,707,559,180,196,1,-1,-1,-1
132,11,1799,435,188,196,1,-1,-1,-1
132,14,1599,791,212,284,1,-1,-1,-1
132,15,697,308,164,168,1,-1,-1,-1
132,17,794,261,144,136,1,-1,-1,-1
132,18,1306,255,103,179,1,-1,-1,-1
132,23,1102,589,147,277,1,-1,-1,-1
132,24,1334,757,256,268,1,-1,-1,-1
132,28,1757,701,260,220,1,-1,-1,-1
132,29,1718,506,202,202,1,-1,-1,-1
132,31,425,504,176,152,1,-1,-1,-1
132,32,259,733,130,168,1,-1,-1,-1
132,33,1478,1088,340,224,1,-1,-1,-1
132,34,358,671,132,252,1,-1,-1,-1
132,38,1256,288,164,148,1,-1,-1,-1
132,39,402,511,147,332,1,-1,-1,-1
132,40,1215,807,176,296,1,-1,-1,-1
132,41,272,662,120,244,1,-1,-1,-1
132,42,40,843,189,235,1,-1,-1,-1
132,43,1082,602,148,256,1,-1,-1,-1
132,44,75,828,172,288,1,-1,-1,-1
132,45,356,524,208,380,1,-1,-1,-1
132,46,1951,416,208,160,1,-1,-1,-1
132,47,1213,806,224,288,1,-1,-1,-1
132,48,539,556,348,400,1,-1,-1,-1
132,49,557,531,188,176,1,-1,-1,-1
132,50,474,302,220,148,1,-1,-1,-1
132,51,1564,439,136,216,1,-1,-1,-1
132,52,424,498,148,220,1,-1,-1,-1
132,53,1933,423,224,184,1,-1,-1,-1
133,0,326,921,260,240,1,-1,-1,-1
133,2,2132,693,172,232,1,-1,-1,-1
133,5,1007,855,248,232,1,-1,-1,-1
133,6,553,745,189,252,1,-1,-1,-1
133,10,704,558,180,196,1,-1,-1,-1
133,11,1800,436,188,196,1,-1,-1,-1
133,14,1599,790,212,284,1,-1,-1,-1
133,15,692,308,164,168,1,-1,-1,-1
133,17,793,261,144,136,1,-1,-1,-1
133,18,1306,256,103,179,1,-1,-1,-1
133,23,1105,594,147,277,1,-1,-1,-1
133,24,1335,757,256,268,1,-1,-1,-1
133,28,1758,702,260,220,1,-1,-1,-1
133,29,1719,507,202,202,1,-1,-1,-1
133,31,424,503,176,152,1,-1,-1,-1
133,32,261,733,130,168,1,-1,-1,-1
133,33,1505,1093,340,224,1,-1,-1,-1
133,34,360,683,132,252,1,-1,-1,-1
133,38,1256,288,164,148,1,-1,-1,-1
133,39,397,508,154,348,1,-1,-1,-1
133,40,1214,812,176,296,1,-1,-1,-1
133,41,272,661,120,244,1,-1,-1,-1
133,42,41,847,189,235,1,-1,-1,-1
133,43,1083,603,148,256,1,-1,-1,-1
133,44,73,832,172,288,1,-1,-1,-1
133,45,349,518,218,399,1,-1,-1,-1
133,46,1948,410,208,160,1,-1,-1,-1
133,47,1213,805,224,288,1,-1,-1,-1
133,48,531,564,348,400,1,-1,-1,-1
133,49,564,517,188,176,1,-1,-1,-1
133,50,473,302,220,148,1,-1,-1,-1
133,51,1562,441,136,216,1,-1,-1,-1
133,52,424,497,148,220,1,-1,-1,-1
133,53,1930,421,224,184,1,-1,-1,-1
134,0,328,920,260,240,1,-1,-1,-1
134,2,2132,693,172,232,1,-1,-1,-1
134,5,1007,854,248,232,1,-1,-1,-1
134,6,551,749,189,252,1,-1,-1,-1
134,10,704,557,180,196,1,-1,-1,-1
134,11,1801,436,188,196,1,-1,-1,-1
134,14,1599,790,212,284,1,-1,-1,-1
134,15,692,309,164,168,1,-1,-1,-1
134,17,792,261,144,136,1,-1,-1,-1
134,18,1305,255,103,179,1,-1,-1,-1
134,23,1102,594,147,277,1,-1,-1,-1
134,24,1335,758,256,268,1,-1,-1,-1
134,28,1758,703,260,220,1,-1,-1,-1
134,29,1720,507,202,202,1,-1,-1,-1
134,31,424,503,176,152,1,-1,-1,-1
134,32,261,732,130,168,1,-1,-1,-1
134,33,1496,1085,357,235,1,-1,-1,-1
134,34,361,686,132,252,1,-1,-1,-1
134,38,1256,288,164,148,1,-1,-1,-1
134,39,396,511,154,348,1,-1,-1,-1
134,40,1215,814,176,296,1,-1,-1,-1
134,41,272,662,120,244,1,-1,-1,-1
134,42,42,847,189,235,1,-1,-1,-1
134,43,1084,605,148,256,1,-1,-1,-1
134,44,72,834,172,288,1,-1,-1,-1
134,45,347,518,218,399,1,-1,-1,-1
134,46,1946,410,208,160,1,-1,-1,-1
134,47,1213,805,224,288,1,-1,-1,-1
134,48,529,569,348,400,1,-1,-1,-1
134,49,564,516,188,176,1,-1,-1,-1
134,50,473,302,220,148,1,-1,-1,-1
134,51,1562,442,136,216,1,-1,-1,-1
134,52,424,497,148,220,1,-1,-1,-1
134,53,1930,421,224,184,1,-1,-1,-1
135,0,325,920,260,240,1,-1,-1,-1
135,2,2132,693,172,232,1,-1,-1,-1
135,5,1009,857,248,232,1,-1,-1,-1
135,6,543,758,189,252,1,-1,-1,-1
135,10,698,551,189,206,1,-1,-1,-1
135,11,1802,435,188,196,1,-1,-1,-1
135,14,1598,790,212,284,1,-1,-1,-1
135,15,682,310,164,168,1,-1,-1,-1
135,17,788,259,144,136,1,-1,-1,-1
135,18,1306,255,103,179,1,-1,-1,-1
135,23,1102,595,147,277,1,-1,-1,-1
135,24,1339,757,256,268,1,-1,-1,-1
135,28,1758,703,260,220,1,-1,-1,-1
135,29,1719,506,202,202,1,-1,-1,-1
135,31,425,502,176,152,1,-1,-1,-1
135,32,260,730,130,168,1,-1,-1,-1
135,33,1502,1089,357,235,1,-1,-1,-1
135,34,364,679,132,252,1,-1,-1,-1
135,38,1256,288,164,148,1,-1,-1,-1
135,39,394,496,162,366,1,-1,-1,-1
135,40,1216,813,176,296,1,-1,-1,-1
135,41,273,662,120,244,1,-1,-1,-1
135,42,42,854,189,235,1,-1,-1,-1
135,43,1083,605,148,256,1,-1,-1,-1
135,44,73,838,172,288,1,-1,-1,-1
135,45,347,514,218,399,1,-1,-1,-1
135,46,1943,408,208,160,1,-1,-1,-1
135,47,1214,811,224,288,1,-1,-1,-1
135,48,528,569,348,400,1,-1,-1,-1
135,49,568,503,188,176,1,-1,-1,-1
135,50,473,302,220,148,1,-1,-1,-1
135,51,1555,437,143,227,1,-1,-1,-1
135,52,423,498,148,220,1,-1,-1,-1
135,53,1928,421,224,184,1,-1,-1,-1
136,0,332,927,248,229,1,-1,-1,-1
136,2,2132,692,172,232,1,-1,-1,-1
136,5,1009,860,248,232,1,-1,-1,-1
136,6,535,763,189,252,1,-1,-1,-1
136,10,694,550,189,206,1,-1,-1,-1
136,11,1803,435,188,196,1,-1,-1,-1
136,14,1599,792,212,284,1,-1,-1,-1
136,15,672,309,164,168,1,-1,-1,-1
136,17,786,258,144,136,1,-1,-1,-1
136,18,1307,256,103,179,1,-1,-1,-1
136,23,1100,595,147,277,1,-1,-1,-1
136,24,1344,759,256,268,1,-1,-1,-1
136,28,1758,703,260,220,1,-1,-1,-1
136,29,1720,505,202,202,1,-1,-1,-1
136,31,428,506,168,145,1,-1,-1,-1
136,32,262,729,130,168,1,-1,-1,-1
136,33,1510,1089,357,235,1,-1,-1,-1
136,34,367,689,132,252,1,-1,-1,-1
136,38,1257,288,164,148,1,-1,-1,-1
136,39,397,496,162,366,1,-1,-1,-1
136,40,1218,806,185,311,1,-1,-1,-1
136,41,273,661,120,244,1,-1,-1,-1
136,42,44,866,189,235,1,-1,-1,-1
136,43,1083,605,148,256,1,-1,-1,-1
136,44,72,847,172,288,1,-1,-1,-1
136,45,350,514,218,399,1,-1,-1,-1
136,46,1940,406,208,160,1,-1,-1,-1
136,47,1216,812,224,288,1,-1,-1,-1
136,48,517,558,365,420,1,-1,-1,-1
136,49,576,495,179,168,1,-1,-1,-1
136,50,473,302,220,148,1,-1,-1,-1
136,51,1552,438,143,227,1,-1,-1,-1
136,52,425,500,148,220,1,-1,-1,-1
136,53,1928,420,224,184,1,-1,-1,-1
137,0,332,892,228,264,1,-1,-1,-1
137,2,2112,692,196,232,1,-1,-1,-1
137,5,1016,868,268,212,1,-1,-1,-1
137,6,540,768,160,264,1,-1,-1,-1
137,10,694,550,189,206,1,-1,-1,-1
137,11,1803,435,188,196,1,-1,-1,-1
137,14,1599,792,212,284,1,-1,-1,-1
137,15,672,309,164,168,1,-1,-1,-1
137,17,786,258,144,136,1,-1,-1,-1
137,18,1307,256,103,179,1,-1,-1,-1
137,23,1100,595,147,277,1,-1,-1,-1
137,24,1348,764,268,252,1,-1,-1,-1
137,28,1758,703,260,220,1,-1,-1,-1
137,29,1720,505,202,202,1,-1,-1,-1
137,31,428,506,168,145,1,-1,-1,-1
137,32,262,729,130,168,1,-1,-1,-1
137,33,1544,1104,316,248,1,-1,-1,-1
137,34,368,692,132,244,1,-1,-1,-1
137,38,1257,288,164,148,1,-1,-1,-1
137,39,397,496,162,366,1,-1,-1,-1
137,40,1218,806,185,311,1,-1,-1,-1
137,41,272,660,128,240,1,-1,-1,-1
137,42,44,866,189,235,1,-1,-1,-1
137,43,1083,605,148,256,1,-1,-1,-1
137,44,72,847,172,288,1,-1,-1,-1
137,45,350,514,218,399,1,-1,-1,-1
137,46,1932,412,204,160,1,-1,-1,-1
137,47,1168,812,280,272,1,-1,-1,-1
137,48,517,558,365,420,1,-1,-1,-1
137,49,576,495,179,168,1,-1,-1,-1
137,50,473,302,220,148,1,-1,-1,-1
137,51,1552,438,143,227,1,-1,-1,-1
137,52,424,500,128,232,1,-1,-1,-1
137,53,1928,420,224,184,1,-1,-1,-1
138,0,332,892,228,264,1,-1,-1,-1
138,2,2110,691,196,232,1,-1,-1,-1
138,5,1017,870,268,212,1,-1,-1,-1
138,6,540,768,160,264,1,-1,-1,-1
138,10,691,549,189,206,1,-1,-1,-1
138,11,1803,434,188,196,1,-1,-1,-1
138,14,1600,794,212,284,1,-1,-1,-1
138,15,665,308,164,168,1,-1,-1,-1
138,17,786,257,144,136,1,-1,-1,-1
138,18,1306,256,103,179,1,-1,-1,-1
138,23,1095,593,154,291,1,-1,-1,-1
138,24,1352,763,268,252,1,-1,-1,-1
138,28,1760,703,260,220,1,-1,-1,-1
138,29,1720,503,202,202,1,-1,-1,-1
138,31,424,509,168,145,1,-1,-1,-1
138,32,263,729,130,168,1,-1,-1,-1
138,33,1550,1106,316,248,1,-1,-1,-1
138,34,368,694,132,244,1,-1,-1,-1
138,38,1257,289,164,148,1,-1,-1,-1
138,39,400,499,162,366,1,-1,-1,-1
138,40,1220,804,185,311,1,-1,-1,-1
138,41,272,661,128,240,1,-1,-1,-1
138,42,40,910,189,235,1,-1,-1,-1
138,43,1082,609,148,256,1,-1,-1,-1
138,44,68,894,172,288,1,-1,-1,-1
138,45,353,517,218,399,1,-1,-1,-1
138,46,1932,411,204,160,1,-1,-1,-1
138,47,1172,813,280,272,1,-1,-1,-1
138,48,516,556,365,420,1,-1,-1,-1
138,49,583,483,179,168,1,-1,-1,-1
138,50,472,304,220,148,1,-1,-1,-1
138,51,1547,439,143,227,1,-1,-1,-1
138,52,426,503,128,232,1,-1,-1,-1
138,53,1925,416,224,184,1,-1,-1,-1
139,0,333,893,228,264,1,-1,-1,-1
139,2,2109,693,196,232,1,-1,-1,-1
139,5,1018,873,268,212,1,-1,-1,-1
139,6,540,767,160,264,1,-1,-1,-1
139,10,694,553,180,196,1,-1,-1,-1
139,11,1805,434,188,196,1,-1,-1,-1
139,14,1601,795,212,284,1,-1,-1,-1
139,15,667,306,164,168,1,-1,-1,-1
139,17,787,256,144,136,1,-1,-1,-1
139,18,1306,256,103,179,1,-1,-1,-1
139,23,1095,598,154,291,1,-1,-1,-1
139,24,1359,765,268,252,1,-1,-1,-1
139,28,1765,708,248,210,1,-1,-1,-1
139,29,1720,505,202,202,1,-1,-1,-1
139,31,422,512,168,145,1,-1,-1,-1
139,32,263,730,130,168,1,-1,-1,-1
139,33,1558,1108,316,248,1,-1,-1,-1
139,34,367,697,132,244,1,-1,-1,-1
139,38,1257,289,164,148,1,-1,-1,-1
139,39,395,502,170,384,1,-1,-1,-1
139,40,1224,803,185,311,1,-1,-1,-1
139,41,272,662,128,240,1,-1,-1,-1
139,42,35,927,198,247,1,-1,-1,-1
139,43,1082,610,148,256,1,-1,-1,-1
139,44,66,919,172,288,1,-1,-1,-1
139,45,352,522,218,399,1,-1,-1,-1
139,46,1932,411,204,160,1,-1,-1,-1
139,47,1176,813,280,272,1,-1,-1,-1
139,48,512,561,365,420,1,-1,-1,-1
139,49,585,481,179,168,1,-1,-1,-1
139,50,472,303,220,148,1,-1,-1,-1
139,51,1546,438,143,227,1,-1,-1,-1
139,52,428,507,128,232,1,-1,-1,-1
139,53,1925,413,224,184,1,-1,-1,-1
140,0,333,894,228,264,1,-1,-1,-1
140,2,2109,692,196,232,1,-1,-1,-1
140,5,1019,872,268,212,1,-1,-1,-1
140,6,540,768,160,264,1,-1,-1,-1
140,10,694,555,180,196,1,-1,-1,-1
140,11,1805,434,188,196,1,-1,-1,-1
140,14,1601,796,212,284,1,-1,-1,-1
140,15,667,308,164,168,1,-1,-1,-1
140,17,787,256,144,136,1,-1,-1,-1
140,18,1305,256,103,179,1,-1,-1,-1
140,23,1095,596,154,291,1,-1,-1,-1
140,24,1360,766,268,252,1,-1,-1,-1
140,28,1766,708,248,210,1,-1,-1,-1
140,29,1720,505,202,202,1,-1,-1,-1
140,31,425,515,160,138,1,-1,-1,-1
140,32,263,731,130,168,1,-1,-1,-1
140,33,1563,1110,316,248,1,-1,-1,-1
140,34,367,698,132,244,1,-1,-1,-1
140,38,1257,289,164,148,1,-1,-1,-1
140,39,393,505,170,384,1,-1,-1,-1
140,40,1227,803,185,311,1,-1,-1,-1
140,41,272,663,128,240,1,-1,-1,-1
140,42,34,929,198,247,1,-1,-1,-1
140,43,1082,610,148,256,1,-1,-1,-1
140,44,65,917,172,288,1,-1,-1,-1
140,45,351,523,218,399,1,-1,-1,-1
140,46,1931,410,204,160,1,-1,-1,-1
140,47,1176,813,280,272,1,-1,-1,-1
140,48,514,560,365,420,1,-1,-1,-1
140,49,584,480,179,168,1,-1,-1,-1
140,50,472,303,220,148,1,-1,-1,-1
140,51,1544,438,143,227,1,-1,-1,-1
140,52,429,509,128,232,1,-1,-1,-1
140,53,1925,410,224,184,1,-1,-1,-1
141,0,332,894,228,264,1,-1,-1,-1
141,2,2110,691,196,232,1,-1,-1,-1
141,5,1019,872,268,212,1,-1,-1,-1
141,6,539,763,160,264,1,-1,-1,-1
141,10,693,556,180,196,1,-1,-1,-1
141,11,1807,435,188,196,1,-1,-1,-1
141,14,1601,795,212,284,1,-1,-1,-1
141,15,663,309,164,168,1,-1,-1,-1
141,17,787,255,144,136,1,-1,-1,-1
141,18,1306,256,103,179,1,-1,-1,-1
141,23,1094,598,154,291,1,-1,-1,-1
141,24,1364,767,268,252,1,-1,-1,-1
141,28,1764,708,248,210,1,-1,-1,-1
141,29,1722,505,202,202,1,-1,-1,-1
141,31,425,516,160,138,1,-1,-1,-1
141,32,263,730,130,168,1,-1,-1,-1
141,33,1567,1112,316,248,1,-1,-1,-1
141,34,363,702,132,244,1,-1,-1,-1
141,38,1257,289,164,148,1,-1,-1,-1
141,39,390,501,170,384,1,-1,-1,-1
141,40,1225,801,185,311,1,-1,-1,-1
141,41,271,663,128,240,1,-1,-1,-1
141,42,35,948,198,247,1,-1,-1,-1
141,43,1082,610,148,256,1,-1,-1,-1
141,44,58,925,181,302,1,-1,-1,-1
141,45,343,527,218,399,1,-1,-1,-1
141,46,1928,409,204,160,1,-1,-1,-1
141,47,1179,813,280,272,1,-1,-1,-1
141,48,505,558,384,441,1,-1,-1,-1
141,49,589,479,179,168,1,-1,-1,-1
141,50,477,305,210,141,1,-1,-1,-1
141,51,1544,438,143,227,1,-1,-1,-1
141,52,430,511,128,232,1,-1,-1,-1
141,53,1922,410,224,184,1,-1,-1,-1
142,0,332,893,228,264,1,-1,-1,-1
142,2,2109,694,196,232,1,-1,-1,-1
142,5,1020,872,268,212,1,-1,-1,-1
142,6,539,762,160,264,1,-1,-1,-1
142,10,689,556,189,206,1,-1,-1,-1
142,11,1811,436,188,196,1,-1,-1,-1
142,14,1601,794,212,284,1,-1,-1,-1
142,15,659,311,164,168,1,-1,-1,-1
142,17,786,256,144,136,1,-1,-1,-1
142,18,1306,256,103,179,1,-1,-1,-1
142,23,1094,597,154,291,1,-1,-1,-1
142,24,1367,766,268,252,1,-1,-1,-1
142,28,1764,708,248,210,1,-1,-1,-1
142,29,1724,506,202,202,1,-1,-1,-1
142,31,426,517,160,138,1,-1,-1,-1
142,32,261,730,130,168,1,-1,-1,-1
142,33,1575,1113,316,248,1,-1,-1,-1
142,34,354,710,132,244,1,-1,-1,-1
142,38,1257,289,164,148,1,-1,-1,-1
142,39,375,498,179,403,1,-1,-1,-1
142,40,1225,803,185,311,1,-1,-1,-1
142,41,270,665,128,240,1,-1,-1,-1
142,42,33,963,198,247,1,-1,-1,-1
142,43,1083,612,148,256,1,-1,-1,-1
142,44,59,943,181,302,1,-1,-1,-1
142,45,333,522,218,399,1,-1,-1,-1
142,46,1928,406,204,160,1,-1,-1,-1
142,47,1179,813,280,272,1,-1,-1,-1
142,48,503,564,384,441,1,-1,-1,-1
142,49,604,475,171,160,1,-1,-1,-1
142,50,477,303,210,141,1,-1,-1,-1
142,51,1543,438,143,227,1,-1,-1,-1
142,52,430,511,128,232,1,-1,-1,-1
142,53,1918,405,224,184,1,-1,-1,-1
143,0,331,894,228,264,1,-1,-1,-1
143,2,2101,687,206,244,1,-1,-1,-1
143,5,1025,875,268,212,1,-1,-1,-1
143,6,540,760,160,264,1,-1,-1,-1
143,10,697,564,180,196,1,-1,-1,-1
143,11,1813,435,188,196,1,-1,-1,-1
143,14,1601,795,212,284,1,-1,-1,-1
143,15,658,309,164,168,1,-1,-1,-1
143,17,786,256,144,136,1,-1,-1,-1
143,18,1306,255,103,179,1,-1,-1,-1
143,23,1096,598,154,291,1,-1,-1,-1
143,24,1367,765,268,252,1,-1,-1,-1
143,28,1765,708,248,210,1,-1,-1,-1
143,29,1725,506,202,202,1,-1,-1,-1
143,31,422,520,160,138,1,-1,-1,-1
143,32,261,731,130,168,1,-1,-1,-1
143,33,1579,1117,316,248,1,-1,-1,-1
143,34,350,717,132,244,1,-1,-1,-1
143,38,1257,289,164,148,1,-1,-1,-1
143,39,366,508,179,403,1,-1,-1,-1
143,40,1223,806,185,311,1,-1,-1,-1
143,41,269,666,128,240,1,-1,-1,-1
143,42,19,984,198,247,1,-1,-1,-1
143,43,1084,611,148,256,1,-1,-1,-1
143,44,48,975,181,302,1,-1,-1,-1
143,45,326,522,218,399,1,-1,-1,-1
143,46,1928,403,204,160,1,-1,-1,-1
143,47,1179,814,280,272,1,-1,-1,-1
143,48,503,565,384,441,1,-1,-1,-1
143,49,621,463,171,160,1,-1,-1,-1
143,50,477,302,210,141,1,-1,-1,-1
143,51,1544,440,143,227,1,-1,-1,-1
143,52,428,509,128,232,1,-1,-1,-1
143,53,1918,400,224,184,1,-1,-1,-1
144,0,331,893,228,264,1,-1,-1,-1
144,2,2099,690,196,232,1,-1,-1,-1
144,5,1030,878,268,212,1,-1,-1,-1
144,6,541,759,160,264,1,-1,-1,-1
144,10,702,572,180,196,1,-1,-1,-1
144,11,1814,434,188,196,1,-1,-1,-1
144,14,1601,795,212,284,1,-1,-1,-1
144,15,655,307,164,168,1,-1,-1,-1
144,17,786,255,144,136,1,-1,-1,-1
144,18,1306,256,103,179,1,-1,-1,-1
144,23,1096,599,154,291,1,-1,-1,-1
144,24,1368,765,268,252,1,-1,-1,-1
144,28,1765,708,248,210,1,-1,-1,-1
144,29,1726,506,202,202,1,-1,-1,-1
144,31,425,527,152,131,1,-1,-1,-1
144,32,262,731,130,168,1,-1,-1,-1
144,33,1580,1123,316,248,1,-1,-1,-1
144,34,351,726,126,232,1,-1,-1,-1
144,38,1257,289,164,148,1,-1,-1,-1
144,39,360,511,179,403,1,-1,-1,-1
144,40,1228,804,185,311,1,-1,-1,-1
144,41,268,667,128,240,1,-1,-1,-1
144,42,0,1018,196,247,1,-1,-1,-1
144,43,1086,610,148,256,1,-1,-1,-1
144,44,34,1007,181,302,1,-1,-1,-1
144,45,325,524,218,399,1,-1,-1,-1
144,46,1928,400,204,160,1,-1,-1,-1
144,47,1181,815,280,272,1,-1,-1,-1
144,48,507,566,384,441,1,-1,-1,-1
144,49,627,458,171,160,1,-1,-1,-1
144,50,477,301,210,141,1,-1,-1,-1
144,51,1545,442,143,227,1,-1,-1,-1
144,52,429,513,128,232,1,-1,-1,-1
144,53,1918,396,224,184,1,-1,-1,-1
145,0,332,892,228,268,1,-1,-1,-1
145,2,2076,700,232,220,1,-1,-1,-1
145,5,1030,878,268,212,1,-1,-1,-1
145,6,544,752,164,284,1,-1,-1,-1
145,10,702,572,180,196,1,-1,-1,-1
145,11,1812,448,208,188,1,-1,-1,-1
145,14,1600,796,212,280,1,-1,-1,-1
145,15,655,307,164,168,1,-1,-1,-1
145,17,786,255,144,136,1,-1,-1,-1
145,23,1096,616,136,280,1,-1,-1,-1
145,24,1384,756,252,272,1,-1,-1,-1
145,28,1765,708,248,210,1,-1,-1,-1
145,29,1726,506,202,202,1,-1,-1,-1
145,31,425,527,152,131,1,-1,-1,-1
145,32,262,731,130,168,1,-1,-1,-1
145,33,1600,1104,296,268,1,-1,-1,-1
145,34,351,726,126,232,1,-1,-1,-1
145,38,1257,289,164,148,1,-1,-1,-1
145,39,360,511,179,403,1,-1,-1,-1
145,40,1228,804,185,311,1,-1,-1,-1
145,41,268,667,128,240,1,-1,-1,-1
145,42,0,1018,196,247,1,-1,-1,-1
145,43,1086,610,148,256,1,-1,-1,-1
145,44,34,1007,181,302,1,-1,-1,-1
145,45,325,524,218,399,1,-1,-1,-1
145,46,1940,400,168,164,1,-1,-1,-1
145,47,1181,815,280,272,1,-1,-1,-1
145,48,507,566,384,441,1,-1,-1,-1
145,49,627,458,171,160,1,-1,-1,-1
145,50,477,301,210,141,1,-1,-1,-1
145,51,1545,442,143,227,1,-1,-1,-1
145,52,429,513,128,232,1,-1,-1,-1
145,53,1918,396,224,184,1,-1,-1,-1
145,54,268,664,216,268,1,-1,-1,-1
145,55,424,544,144,236,1,-1,-1,-1
145,56,720,600,132,264,1,-1,-1,-1
145,57,16,1044,252,300,1,-1,-1,-1
145,58,1076,880,256,272,1,-1,-1,-1
146,0,332,892,228,268,1,-1,-1,-1
146,2,2076,700,232,220,1,-1,-1,-1
146,5,1039,879,268,212,1,-1,-1,-1
146,6,544,752,164,284,1,-1,-1,-1
146,10,702,590,180,196,1,-1,-1,-1
146,11,1812,448,208,188,1,-1,-1,-1
146,14,1600,796,212,280,1,-1,-1,-1
146,15,652,301,164,168,1,-1,-1,-1
146,17,786,256,144,136,1,-1,-1,-1
146,23,1096,616,136,280,1,-1,-1,-1
146,24,1384,756,252,272,1,-1,-1,-1
146,28,1767,709,248,210,1,-1,-1,-1
146,29,1725,504,202,202,1,-1,-1,-1
146,31,424,536,152,131,1,-1,-1,-1
146,32,261,730,130,168,1,-1,-1,-1
146,33,1600,1104,296,268,1,-1,-1,-1
146,34,350,723,126,232,1,-1,-1,-1
146,38,1257,289,164,148,1,-1,-1,-1
146,39,360,504,179,403,1,-1,-1,-1
146,40,1229,804,185,311,1,-1,-1,-1
146,41,267,665,128,240,1,-1,-1,-1
146,42,0,1050,180,247,1,-1,-1,-1
146,43,1087,609,148,256,1,-1,-1,-1
146,44,20,1038,181,302,1,-1,-1,-1
146,45,330,530,218,399,1,-1,-1,-1
146,46,1940,400,168,164,1,-1,-1,-1
146,47,1182,815,280,272,1,-1,-1,-1
146,48,502,574,384,441,1,-1,-1,-1
146,49,631,454,171,160,1,-1,-1,-1
146,50,478,302,210,141,1,-1,-1,-1
146,51,1548,441,143,227,1,-1,-1,-1
146,52,432,513,134,244,1,-1,-1,-1
146,53,1913,393,224,184,1,-1,-1,-1
146,54,268,664,216,268,1,-1,-1,-1
146,55,424,544,144,236,1,-1,-1,-1
146,56,720,600,132,264,1,-1,-1,-1
146,57,16,1044,252,300,1,-1,-1,-1
146,58,1076,880,256,272,1,-1,-1,-1
147,0,333,893,228,268,1,-1,-1,-1
147,2,2077,699,232,220,1,-1,-1,-1
147,5,1049,881,268,212,1,-1,-1,-1
147,6,543,753,164,284,1,-1,-1,-1
147,10,703,606,180,196,1,-1,-1,-1
147,11,1812,448,208,188,1,-1,-1,-1
147,14,1601,797,212,280,1,-1,-1,-1
147,15,638,296,156,160,1,-1,-1,-1
147,17,787,255,144,136,1,-1,-1,-1
147,23,1097,617,136,280,1,-1,-1,-1
147,24,1385,758,252,272,1,-1,-1,-1
147,28,1767,710,248,210,1,-1,-1,-1
147,29,1726,504,202,202,1,-1,-1,-1
147,31,425,549,152,131,1,-1,-1,-1
147,32,260,730,130,168,1,-1,-1,-1
147,33,1600,1106,296,268,1,-1,-1,-1
147,34,349,725,126,232,1,-1,-1,-1
147,38,1258,288,164,148,1,-1,-1,-1
147,40,1227,806,185,311,1,-1,-1,-1
147,41,266,665,128,240,1,-1,-1,-1
147,42,0,1069,168,247,1,-1,-1,-1
147,43,1087,609,148,256,1,-1,-1,-1
147,44,6,1053,181,302,1,-1,-1,-1
147,45,330,537,218,399,1,-1,-1,-1
147,46,1940,398,168,164,1,-1,-1,-1
147,47,1176,810,294,286,1,-1,-1,-1
147,48,504,586,384,441,1,-1,-1,-1
147,49,638,449,171,160,1,-1,-1,-1
147,50,479,300,210,141,1,-1,-1,-1
147,51,1557,449,143,227,1,-1,-1,-1
147,52,431,511,141,256,1,-1,-1,-1
147,53,1915,388,224,184,1,-1,-1,-1
147,54,269,664,216,268,1,-1,-1,-1
147,55,425,551,144,236,1,-1,-1,-1
147,56,724,613,132,264,1,-1,-1,-1
147,57,9,1056,252,300,1,-1,-1,-1
147,58,1083,881,256,272,1,-1,-1,-1
148,0,334,892,228,268,1,-1,-1,-1
148,2,2078,696,232,220,1,-1,-1,-1
148,5,1038,886,268,212,1,-1,-1,-1
148,6,545,752,164,284,1,-1,-1,-1
148,10,696,617,180,196,1,-1,-1,-1
148,11,1813,449,208,188,1,-1,-1,-1
148,14,1602,798,212,280,1,-1,-1,-1
148,15,623,298,156,160,1,-1,-1,-1
148,17,787,255,144,136,1,-1,-1,-1
148,23,1100,618,136,280,1,-1,-1,-1
148,24,1385,763,252,272,1,-1,-1,-1
148,28,1771,716,236,200,1,-1,-1,-1
148,29,1727,504,202,202,1,-1,-1,-1
148,32,261,731,130,168,1,-1,-1,-1
148,33,1601,1110,296,268,1,-1,-1,-1
148,34,349,727,126,232,1,-1,-1,-1
148,38,1258,288,164,148,1,-1,-1,-1
148,40,1226,809,185,311,1,-1,-1,-1
148,41,266,666,128,240,1,-1,-1,-1
148,42,0,1078,159,247,1,-1,-1,-1
148,43,1088,610,148,256,1,-1,-1,-1
148,44,0,1064,179,302,1,-1,-1,-1
148,46,1939,395,168,164,1,-1,-1,-1
148,47,1175,812,294,286,1,-1,-1,-1
148,48,502,592,384,441,1,-1,-1,-1
148,49,638,445,171,160,1,-1,-1,-1
148,50,481,300,210,141,1,-1,-1,-1
148,51,1567,454,143,227,1,-1,-1,-1
148,52,430,515,141,256,1,-1,-1,-1
148,53,1909,383,224,184,1,-1,-1,-1
148,54,269,665,216,268,1,-1,-1,-1
148,55,425,562,144,236,1,-1,-1,-1
148,56,727,623,132,264,1,-1,-1,-1
148,57,0,1056,258,315,1,-1,-1,-1
148,58,1086,883,256,272,1,-1,-1,-1
149,0,334,893,228,268,1,-1,-1,-1
149,2,2080,695,232,220,1,-1,-1,-1
149,5,1045,878,268,212,1,-1,-1,-1
149,6,545,753,164,284,1,-1,-1,-1
149,10,680,635,180,196,1,-1,-1,-1
149,11,1812,450,208,188,1,-1,-1,-1
149,14,1602,801,212,280,1,-1,-1,-1
149,15,628,305,149,152,1,-1,-1,-1
149,17,787,255,144,136,1,-1,-1,-1
149,23,1105,625,130,267,1,-1,-1,-1
149,24,1385,770,252,272,1,-1,-1,-1
149,28,1773,716,236,200,1,-1,-1,-1
149,29,1727,504,202,202,1,-1,-1,-1
149,32,259,733,130,168,1,-1,-1,-1
149,33,1606,1116,296,268,1,-1,-1,-1
149,34,350,727,126,232,1,-1,-1,-1
149,38,1258,289,164,148,1,-1,-1,-1
149,40,1218,805,194,326,1,-1,-1,-1
149,41,265,666,128,240,1,-1,-1,-1
149,42,0,1083,152,247,1,-1,-1,-1
149,43,1085,610,148,256,1,-1,-1,-1
149,44,0,1072,174,302,1,-1,-1,-1
149,46,1940,397,168,164,1,-1,-1,-1
149,47,1176,815,294,286,1,-1,-1,-1
149,48,516,605,365,420,1,-1,-1,-1
149,49,639,443,171,160,1,-1,-1,-1
149,50,480,293,220,148,1,-1,-1,-1
149,51,1582,454,136,216,1,-1,-1,-1
149,52,430,520,148,269,1,-1,-1,-1
149,53,1900,382,224,184,1,-1,-1,-1
149,54,269,665,216,268,1,-1,-1,-1
149,55,427,566,144,236,1,-1,-1,-1
149,56,729,626,132,264,1,-1,-1,-1
149,57,0,1062,262,331,1,-1,-1,-1
149,58,1090,885,256,272,1,-1,-1,-1
150,0,334,893,228,268,1,-1,-1,-1
150,2,2079,693,232,220,1,-1,-1,-1
150,5,1105,899,281,223,1,-1,-1,-1
150,6,545,753,164,284,1,-1,-1,-1
150,10,675,633,180,196,1,-1,-1,-1
150,11,1813,451,208,188,1,-1,-1,-1
150,14,1597,794,223,294,1,-1,-1,-1
150,15,626,307,149,152,1,-1,-1,-1
150,17,788,255,144,136,1,-1,-1,-1
150,23,1100,620,136,280,1,-1,-1,-1
150,24,1385,775,252,272,1,-1,-1,-1
150,28,1773,715,236,200,1,-1,-1,-1
150,29,1728,504,202,202,1,-1,-1,-1
150,32,259,733,130,168,1,-1,-1,-1
150,33,1604,1112,311,281,1,-1,-1,-1
150,34,349,727,126,232,1,-1,-1,-1
150,38,1258,289,164,148,1,-1,-1,-1
150,40,1213,798,204,343,1,-1,-1,-1
150,41,265,666,128,240,1,-1,-1,-1
150,42,0,1096,152,235,1,-1,-1,-1
150,43,1081,610,148,256,1,-1,-1,-1
150,44,0,1081,174,302,1,-1,-1,-1
150,46,1941,399,168,164,1,-1,-1,-1
150,47,1175,819,294,286,1,-1,-1,-1
150,48,511,605,365,420,1,-1,-1,-1
150,49,645,437,171,160,1,-1,-1,-1
150,50,482,294,220,148,1,-1,-1,-1
150,51,1591,460,136,216,1,-1,-1,-1
150,52,429,516,156,282,1,-1,-1,-1
150,53,1912,381,224,184,1,-1,-1,-1
150,54,268,666,216,268,1,-1,-1,-1
150,55,427,569,144,236,1,-1,-1,-1
150,56,728,631,132,264,1,-1,-1,-1
150,57,0,1068,261,331,1,-1,-1,-1
150,58,1095,887,256,272,1,-1,-1,-1
151,0,334,894,228,268,1,-1,-1,-1
151,2,2078,692,232,220,1,-1,-1,-1
151,5,1118,906,281,223,1,-1,-1,-1
151,6,544,754,164,284,1,-1,-1,-1
151,10,669,636,180,196,1,-1,-1,-1
151,11,1814,450,208,188,1,-1,-1,-1
151,14,1600,794,223,294,1,-1,-1,-1
151,15,627,304,149,152,1,-1,-1,-1
151,17,788,255,144,136,1,-1,-1,-1
151,23,1094,614,143,294,1,-1,-1,-1
151,24,1388,788,252,272,1,-1,-1,-1
151,28,1774,716,236,200,1,-1,-1,-1
151,29,1730,505,202,202,1,-1,-1,-1
151,32,260,735,130,168,1,-1,-1,-1
151,33,1606,1115,311,281,1,-1,-1,-1
151,34,346,730,126,232,1,-1,-1,-1
151,38,1257,290,164,148,1,-1,-1,-1
151,40,1213,797,204,343,1,-1,-1,-1
151,41,265,667,128,240,1,-1,-1,-1
151,42,0,1120,166,235,1,-1,-1,-1
151,43,1079,611,148,256,1,-1,-1,-1
151,44,3,1099,181,302,1,-1,-1,-1
151,46,1944,404,168,164,1,-1,-1,-1
151,47,1168,815,309,300,1,-1,-1,-1
151,48,513,620,348,400,1,-1,-1,-1
151,49,647,432,171,160,1,-1,-1,-1
151,50,485,290,220,148,1,-1,-1,-1
151,51,1599,473,136,216,1,-1,-1,-1
151,52,429,516,156,282,1,-1,-1,-1
151,53,1912,386,224,184,1,-1,-1,-1
151,54,267,668,216,268,1,-1,-1,-1
151,55,428,572,144,236,1,-1,-1,-1
151,56,730,635,132,264,1,-1,-1,-1
151,57,0,1079,265,331,1,-1,-1,-1
151,58,1097,890,256,272,1,-1,-1,-1
152,0,334,893,228,268,1,-1,-1,-1
152,2,2082,698,221,210,1,-1,-1,-1
152,5,1121,906,281,223,1,-1,-1,-1
152,6,543,754,164,284,1,-1,-1,-1
152,10,671,637,180,196,1,-1,-1,-1
152,11,1815,450,208,188,1,-1,-1,-1
152,14,1600,794,223,294,1,-1,-1,-1
152,15,625,305,149,152,1,-1,-1,-1
152,17,788,255,144,136,1,-1,-1,-1
152,23,1093,615,143,294,1,-1,-1,-1
152,24,1387,789,252,272,1,-1,-1,-1
152,28,1774,715,236,200,1,-1,-1,-1
152,29,1736,509,192,192,1,-1,-1,-1
152,32,259,734,130,168,1,-1,-1,-1
152,33,1608,1113,311,281,1,-1,-1,-1
152,34,346,730,126,232,1,-1,-1,-1
152,38,1257,290,164,148,1,-1,-1,-1
152,40,1212,798,204,343,1,-1,-1,-1
152,41,264,667,128,240,1,-1,-1,-1
152,42,0,1120,167,235,1,-1,-1,-1
152,43,1079,609,148,256,1,-1,-1,-1
152,44,3,1101,181,302,1,-1,-1,-1
152,46,1944,405,168,164,1,-1,-1,-1
152,47,1176,821,294,286,1,-1,-1,-1
152,48,515,619,348,400,1,-1,-1,-1
152,49,650,431,171,160,1,-1,-1,-1
152,50,486,290,220,148,1,-1,-1,-1
152,51,1599,472,136,216,1,-1,-1,-1
152,52,429,518,156,282,1,-1,-1,-1
152,53,1922,390,213,175,1,-1,-1,-1
152,54,267,668,216,268,1,-1,-1,-1
152,55,429,575,144,236,1,-1,-1,-1
152,56,731,630,139,277,1,-1,-1,-1
152,57,0,1072,265,331,1,-1,-1,-1
152,58,1099,892,256,272,1,-1,-1,-1
153,0,332,884,224,276,1,-1,-1,-1
153,2,2088,700,212,224,1,-1,-1,-1
153,5,1121,906,281,223,1,-1,-1,-1
153,6,540,756,164,268,1,-1,-1,-1
153,10,671,637,180,196,1,-1,-1,-1
153,11,1815,450,208,188,1,-1,-1,-1
153,14,1608,788,208,276,1,-1,-1,-1
153,15,625,305,149,152,1,-1,-1,-1
153,17,788,255,144,136,1,-1,-1,-1
153,23,1092,616,156,256,1,-1,-1,-1
153,24,1404,800,244,292,1,-1,-1,-1
153,28,1772,716,228,208,1,-1,-1,-1
153,29,1736,509,192,192,1,-1,-1,-1
153,32,259,734,130,168,1,-1,-1,-1
153,33,1656,1104,208,328,1,-1,-1,-1
153,34,346,730,126,232,1,-1,-1,-1
153,38,1260,292,160,152,1,-1,-1,-1
153,40,1212,798,204,343,1,-1,-1,-1
153,41,264,667,128,240,1,-1,-1,-1
153,42,0,1120,167,235,1,-1,-1,-1
153,43,1079,609,148,256,1,-1,-1,-1
153,44,0,1108,184,288,1,-1,-1,-1
153,46,1952,392,144,172,1,-1,-1,-1
153,47,1200,824,252,264,1,-1,-1,-1
153,48,515,619,348,400,1,-1,-1,-1
153,49,660,448,124,148,1,-1,-1,-1
153,50,486,290,220,148,1,-1,-1,-1
153,51,1599,472,136,216,1,-1,-1,-1
153,52,429,518,156,282,1,-1,-1,-1
153,53,1922,390,213,175,1,-1,-1,-1
153,54,268,664,216,284,1,-1,-1,-1
153,55,428,576,172,228,1,-1,-1,-1
153,56,720,640,136,284,1,-1,-1,-1
153,57,0,1072,265,331,1,-1,-1,-1
153,58,1120,924,276,268,1,-1,-1,-1
153,59,584,296,180,196,1,-1,-1,-1
154,0,331,884,224,276,1,-1,-1,-1
154,2,2087,699,212,224,1,-1,-1,-1
154,5,1128,918,281,223,1,-1,-1,-1
154,6,540,756,164,268,1,-1,-1,-1
154,11,1816,451,208,188,1,-1,-1,-1
154,14,1608,788,208,276,1,-1,-1,-1
154,17,789,253,144,136,1,-1,-1,-1
154,23,1091,616,156,256,1,-1,-1,-1
154,24,1404,803,244,292,1,-1,-1,-1
154,28,1771,716,228,208,1,-1,-1,-1
154,29,1728,505,202,202,1,-1,-1,-1
154,32,259,734,130,168,1,-1,-1,-1
154,33,1658,1104,208,328,1,-1,-1,-1
154,34,343,732,126,232,1,-1,-1,-1
154,38,1260,292,160,152,1,-1,-1,-1
154,40,1211,801,204,343,1,-1,-1,-1
154,41,264,667,128,240,1,-1,-1,-1
154,42,0,1145,173,235,1,-1,-1,-1
154,43,1076,610,148,256,1,-1,-1,-1
154,44,1,1115,184,288,1,-1,-1,-1
154,46,1953,393,144,172,1,-1,-1,-1
154,47,1200,827,252,264,1,-1,-1,-1
154,48,523,635,331,381,1,-1,-1,-1
154,49,660,445,124,148,1,-1,-1,-1
154,50,493,289,220,148,1,-1,-1,-1
154,51,1622,495,130,206,1,-1,-1,-1
154,52,433,522,156,282,1,-1,-1,-1
154,53,1920,394,213,175,1,-1,-1,-1
154,54,268,665,216,284,1,-1,-1,-1
154,55,429,577,172,228,1,-1,-1,-1
154,56,720,645,136,284,1,-1,-1,-1
154,57,0,1096,270,331,1,-1,-1,-1
154,58,1121,927,276,268,1,-1,-1,-1
154,59,584,296,180,196,1,-1,-1,-1
155,0,331,884,224,276,1,-1,-1,-1
155,2,2085,698,212,224,1,-1,-1,-1
155,5,1137,927,268,212,1,-1,-1,-1
155,6,541,756,164,268,1,-1,-1,-1
155,11,1817,449,208,188,1,-1,-1,-1
155,14,1609,789,208,276,1,-1,-1,-1
155,17,790,252,144,136,1,-1,-1,-1
155,23,1092,614,156,256,1,-1,-1,-1
155,24,1407,807,244,292,1,-1,-1,-1
155,28,1771,715,228,208,1,-1,-1,-1
155,29,1724,498,212,212,1,-1,-1,-1
155,32,258,734,130,168,1,-1,-1,-1
155,33,1659,1105,208,328,1,-1,-1,-1
155,34,343,734,126,232,1,-1,-1,-1
155,38,1261,292,160,152,1,-1,-1,-1
155,40,1212,811,194,326,1,-1,-1,-1
155,41,265,667,128,240,1,-1,-1,-1
155,43,1073,607,148,256,1,-1,-1,-1
155,44,3,1122,184,288,1,-1,-1,-1
155,46,1953,393,144,172,1,-1,-1,-1
155,47,1200,831,252,264,1,-1,-1,-1
155,48,522,642,331,381,1,-1,-1,-1
155,49,660,438,124,148,1,-1,-1,-1
155,50,499,288,220,148,1,-1,-1,-1
155,51,1650,520,123,196,1,-1,-1,-1
155,53,1925,396,213,175,1,-1,-1,-1
155,54,268,665,216,284,1,-1,-1,-1
155,55,433,581,172,228,1,-1,-1,-1
155,56,718,664,136,284,1,-1,-1,-1
155,57,0,1105,275,331,1,-1,-1,-1
155,58,1124,930,276,268,1,-1,-1,-1
155,59,585,295,180,196,1,-1,-1,-1
156,0,329,882,224,276,1,-1,-1,-1
156,2,2090,703,202,213,1,-1,-1,-1
156,5,1137,931,268,212,1,-1,-1,-1
156,6,542,756,164,268,1,-1,-1,-1
156,11,1818,446,208,188,1,-1,-1,-1
156,14,1609,790,208,276,1,-1,-1,-1
156,17,791,253,144,136,1,-1,-1,-1
156,23,1092,612,156,256,1,-1,-1,-1
156,24,1409,809,244,292,1,-1,-1,-1
156,28,1772,715,228,208,1,-1,-1,-1
156,29,1726,497,212,212,1,-1,-1,-1
156,32,258,734,130,168,1,-1,-1,-1
156,33,1657,1106,208,328,1,-1,-1,-1
156,34,343,733,126,232,1,-1,-1,-1
156,38,1261,292,160,152,1,-1,-1,-1
156,41,263,669,128,240,1,-1,-1,-1
156,43,1074,603,148,256,1,-1,-1,-1
156,44,6,1128,184,288,1,-1,-1,-1
156,46,1951,392,144,172,1,-1,-1,-1
156,47,1201,833,252,264,1,-1,-1,-1
156,48,520,640,331,381,1,-1,-1,-1
156,49,660,431,124,148,1,-1,-1,-1
156,50,503,283,231,155,1,-1,-1,-1
156,51,1682,521,123,196,1,-1,-1,-1
156,54,267,665,216,284,1,-1,-1,-1
156,55,436,584,172,228,1,-1,-1,-1
156,56,718,687,136,284,1,-1,-1,-1
156,57,0,1108,277,331,1,-1,-1,-1
156,58,1122,934,276,268,1,-1,-1,-1
156,59,585,293,180,196,1,-1,-1,-1
157,0,328,882,224,276,1,-1,-1,-1
157,2,2089,702,202,213,1,-1,-1,-1
157,5,1135,932,268,212,1,-1,-1,-1
157,6,542,756,164,268,1,-1,-1,-1
157,11,1816,446,208,188,1,-1,-1,-1
157,14,1609,791,208,276,1,-1,-1,-1
157,17,793,254,144,136,1,-1,-1,-1
157,23,1088,608,164,269,1,-1,-1,-1
157,24,1409,811,244,292,1,-1,-1,-1
157,28,1772,714,228,208,1,-1,-1,-1
157,29,1727,501,212,212,1,-1,-1,-1
157,32,258,734,130,168,1,-1,-1,-1
157,33,1656,1105,208,328,1,-1,-1,-1
157,34,341,739,126,232,1,-1,-1,-1
157,38,1261,292,160,152,1,-1,-1,-1
157,41,265,669,128,240,1,-1,-1,-1
157,43,1072,603,155,269,1,-1,-1,-1
157,44,6,1132,184,288,1,-1,-1,-1
157,46,1950,391,144,172,1,-1,-1,-1
157,47,1201,834,252,264,1,-1,-1,-1
157,49,658,427,124,148,1,-1,-1,-1
157,50,502,276,243,163,1,-1,-1,-1
157,51,1703,530,123,196,1,-1,-1,-1
157,54,267,665,216,284,1,-1,-1,-1
157,55,442,587,172,228,1,-1,-1,-1
157,56,713,710,136,284,1,-1,-1,-1
157,57,0,1105,289,335,1,-1,-1,-1
157,58,1123,934,276,268,1,-1,-1,-1
157,59,585,293,180,196,1,-1,-1,-1
158,0,327,882,224,276,1,-1,-1,-1
158,2,2089,701,202,213,1,-1,-1,-1
158,5,1134,931,268,212,1,-1,-1,-1
158,6,542,755,164,268,1,-1,-1,-1
158,11,1816,447,208,188,1,-1,-1,-1
158,14,1609,790,208,276,1,-1,-1,-1
158,17,793,254,144,136,1,-1,-1,-1
158,23,1089,608,164,269,1,-1,-1,-1
158,24,1410,812,244,292,1,-1,-1,-1
158,28,1772,714,228,208,1,-1,-1,-1
158,29,1727,500,212,212,1,-1,-1,-1
158,32,258,734,130,168,1,-1,-1,-1
158,33,1656,1104,208,328,1,-1,-1,-1
158,34,341,738,126,232,1,-1,-1,-1
158,38,1261,293,160,152,1,-1,-1,-1
158,41,264,669,128,240,1,-1,-1,-1
158,43,1073,605,155,269,1,-1,-1,-1
158,44,6,1133,184,288,1,-1,-1,-1
158,46,1950,390,144,172,1,-1,-1,-1
158,47,1201,833,252,264,1,-1,-1,-1
158,49,658,427,124,148,1,-1,-1,-1
158,50,508,276,243,163,1,-1,-1,-1
158,51,1704,534,123,196,1,-1,-1,-1
158,54,267,665,216,284,1,-1,-1,-1
158,55,444,589,172,228,1,-1,-1,-1
158,56,712,708,136,284,1,-1,-1,-1
158,57,0,1105,289,335,1,-1,-1,-1
158,58,1123,934,276,268,1,-1,-1,-1
158,59,586,293,180,196,1,-1,-1,-1
159,0,326,881,224,276,1,-1,-1,-1
159,2,2089,700,202,213,1,-1,-1,-1
159,5,1133,935,268,212,1,-1,-1,-1
159,6,543,754,164,268,1,-1,-1,-1
159,11,1814,447,208,188,1,-1,-1,-1
159,14,1611,790,208,276,1,-1,-1,-1
159,17,793,254,144,136,1,-1,-1,-1
159,23,1093,612,164,269,1,-1,-1,-1
159,24,1411,813,244,292,1,-1,-1,-1
159,28,1774,712,228,208,1,-1,-1,-1
159,29,1714,492,222,222,1,-1,-1,-1
159,32,258,733,130,168,1,-1,-1,-1
159,33,1657,1104,208,328,1,-1,-1,-1
159,34,341,739,126,232,1,-1,-1,-1
159,38,1261,293,160,152,1,-1,-1,-1
159,41,264,669,128,240,1,-1,-1,-1
159,43,1078,608,155,269,1,-1,-1,-1
159,44,6,1136,184,288,1,-1,-1,-1
159,46,1950,390,144,172,1,-1,-1,-1
159,47,1201,834,252,264,1,-1,-1,-1
159,49,657,424,124,148,1,-1,-1,-1
159,50,511,273,243,163,1,-1,-1,-1
159,54,266,665,216,284,1,-1,-1,-1
159,55,449,589,172,228,1,-1,-1,-1
159,56,714,724,130,270,1,-1,-1,-1
159,57,1,1114,278,326,1,-1,-1,-1
159,58,1123,936,276,268,1,-1,-1,-1
159,59,586,293,180,196,1,-1,-1,-1
160,0,325,882,224,276,1,-1,-1,-1
160,2,2086,695,212,224,1,-1,-1,-1
160,5,1135,935,268,212,1,-1,-1,-1
160,6,542,753,164,268,1,-1,-1,-1
160,11,1813,446,208,188,1,-1,-1,-1
160,14,1610,790,208,276,1,-1,-1,-1
160,17,794,254,144,136,1,-1,-1,-1
160,23,1096,614,164,269,1,-1,-1,-1
160,24,1412,814,244,292,1,-1,-1,-1
160,28,1776,709,228,208,1,-1,-1,-1
160,29,1712,492,222,222,1,-1,-1,-1
160,32,258,733,130,168,1,-1,-1,-1
160,33,1658,1104,208,328,1,-1,-1,-1
160,34,339,738,126,232,1,-1,-1,-1
160,38,1261,293,160,152,1,-1,-1,-1
160,41,264,669,128,240,1,-1,-1,-1
160,43,1085,616,148,256,1,-1,-1,-1
160,44,4,1140,184,288,1,-1,-1,-1
160,46,1949,391,144,172,1,-1,-1,-1
160,47,1202,834,252,264,1,-1,-1,-1
160,49,657,421,124,148,1,-1,-1,-1
160,50,516,271,243,163,1,-1,-1,-1
160,54,264,665,216,284,1,-1,-1,-1
160,55,451,592,172,228,1,-1,-1,-1
160,56,715,734,130,270,1,-1,-1,-1
160,57,0,1120,276,320,1,-1,-1,-1
160,58,1123,936,276,268,1,-1,-1,-1
160,59,586,293,180,196,1,-1,-1,-1
161,0,324,844,240,316,1,-1,-1,-1
161,2,2076,696,228,228,1,-1,-1,-1
161,5,1135,935,268,212,1,-1,-1,-1
161,6,532,752,168,284,1,-1,-1,-1
161,11,1816,440,196,180,1,-1,-1,-1
161,14,1608,788,212,272,1,-1,-1,-1
161,17,794,254,144,136,1,-1,-1,-1
161,23,1104,628,164,228,1,-1,-1,-1
161,24,1412,828,240,264,1,-1,-1,-1
161,28,1780,704,280,216,1,-1,-1,-1
161,29,1712,492,222,222,1,-1,-1,-1
161,32,258,733,130,168,1,-1,-1,-1
161,33,1664,1096,224,328,1,-1,-1,-1
161,34,339,738,126,232,1,-1,-1,-1
161,38,1260,292,164,152,1,-1,-1,-1
161,41,264,669,128,240,1,-1,-1,-1
161,43,1085,616,148,256,1,-1,-1,-1
161,44,0,1136,180,292,1,-1,-1,-1
161,46,1956,384,132,188,1,-1,-1,-1
161,47,1202,834,252,264,1,-1,-1,-1
161,49,657,421,124,148,1,-1,-1,-1
161,50,516,271,243,163,1,-1,-1,-1
161,54,268,672,200,268,1,-1,-1,-1
161,55,476,592,132,256,1,-1,-1,-1
161,56,724,752,144,288,1,-1,-1,-1
161,57,0,1120,276,320,1,-1,-1,-1
161,58,1132,936,264,256,1,-1,-1,-1
161,59,584,300,172,180,1,-1,-1,-1
162,0,324,845,240,316,1,-1,-1,-1
162,2,2076,696,228,228,1,-1,-1,-1
162,5,1135,938,268,212,1,-1,-1,-1
162,6,532,753,168,284,1,-1,-1,-1
162,11,1819,440,196,180,1,-1,-1,-1
162,14,1609,788,212,272,1,-1,-1,-1
162,17,795,254,144,136,1,-1,-1,-1
162,23,1105,628,164,228,1,-1,-1,-1
162,24,1413,828,240,264,1,-1,-1,-1
162,28,1782,703,280,216,1,-1,-1,-1
162,29,1718,500,212,212,1,-1,-1,-1
162,32,257,734,130,168,1,-1,-1,-1
162,33,1665,1095,224,328,1,-1,-1,-1
162,34,338,738,126,232,1,-1,-1,-1
162,38,1260,292,164,152,1,-1,-1,-1
162,41,264,670,128,240,1,-1,-1,-1
162,43,1086,611,155,269,1,-1,-1,-1
162,44,0,1139,179,292,1,-1,-1,-1
162,46,1957,384,132,188,1,-1,-1,-1
162,47,1204,836,252,264,1,-1,-1,-1
162,49,654,421,124,148,1,-1,-1,-1
162,50,523,267,243,163,1,-1,-1,-1
162,54,268,672,200,268,1,-1,-1,-1
162,55,476,592,132,256,1,-1,-1,-1
162,56,729,763,144,288,1,-1,-1,-1
162,57,0,1139,273,301,1,-1,-1,-1
162,58,1134,936,264,256,1,-1,-1,-1
162,59,584,300,172,180,1,-1,-1,-1
163,0,324,845,240,316,1,-1,-1,-1
163,2,2077,695,228,228,1,-1,-1,-1
163,5,1137,939,268,212,1,-1,-1,-1
163,6,531,754,168,284,1,-1,-1,-1
163,11,1821,439,196,180,1,-1,-1,-1
163,14,1610,788,212,272,1,-1,-1,-1
163,17,796,255,144,136,1,-1,-1,-1
163,23,1107,629,164,228,1,-1,-1,-1
163,24,1414,828,240,264,1,-1,-1,-1
163,28,1786,702,280,216,1,-1,-1,-1
163,29,1719,500,212,212,1,-1,-1,-1
163,32,258,734,130,168,1,-1,-1,-1
163,33,1667,1097,224,328,1,-1,-1,-1
163,34,337,739,126,232,1,-1,-1,-1
163,38,1260,293,164,152,1,-1,-1,-1
163,41,265,670,128,240,1,-1,-1,-1
163,43,1085,610,163,282,1,-1,-1,-1
163,44,0,1140,178,292,1,-1,-1,-1
163,46,1957,383,132,188,1,-1,-1,-1
163,47,1205,839,252,264,1,-1,-1,-1
163,49,652,420,124,148,1,-1,-1,-1
163,50,523,267,243,163,1,-1,-1,-1
163,54,268,672,200,268,1,-1,-1,-1
163,55,476,595,132,256,1,-1,-1,-1
163,56,751,799,144,288,1,-1,-1,-1
163,57,0,1137,271,303,1,-1,-1,-1
163,58,1134,938,264,256,1,-1,-1,-1
163,59,584,299,172,180,1,-1,-1,-1
164,0,323,845,240,316,1,-1,-1,-1
164,2,2076,695,228,228,1,-1,-1,-1
164,5,1139,940,268,212,1,-1,-1,-1
164,6,530,755,168,284,1,-1,-1,-1
164,11,1821,439,196,180,1,-1,-1,-1
164,14,1611,789,212,272,1,-1,-1,-1
164,17,796,255,144,136,1,-1,-1,-1
164,23,1107,629,164,228,1,-1,-1,-1
164,24,1415,828,240,264,1,-1,-1,-1
164,28,1786,701,280,216,1,-1,-1,-1
164,29,1723,500,212,212,1,-1,-1,-1
164,32,259,734,130,168,1,-1,-1,-1
164,33,1666,1096,224,328,1,-1,-1,-1
164,34,337,739,126,232,1,-1,-1,-1
164,38,1260,293,164,152,1,-1,-1,-1
164,41,265,669,128,240,1,-1,-1,-1
164,43,1087,613,163,282,1,-1,-1,-1
164,44,0,1140,178,292,1,-1,-1,-1
164,46,1957,382,132,188,1,-1,-1,-1
164,47,1203,839,252,264,1,-1,-1,-1
164,49,652,419,124,148,1,-1,-1,-1
164,54,267,672,200,268,1,-1,-1,-1
164,55,475,596,132,256,1,-1,-1,-1
164,56,753,802,144,288,1,-1,-1,-1
164,57,0,1133,273,307,1,-1,-1,-1
164,58,1135,938,264,256,1,-1,-1,-1
164,59,585,299,172,180,1,-1,-1,-1
165,0,324,845,240,316,1,-1,-1,-1
165,2,2076,695,228,228,1,-1,-1,-1
165,5,1139,942,268,212,1,-1,-1,-1
165,6,528,757,168,284,1,-1,-1,-1
165,11,1822,440,196,180,1,-1,-1,-1
165,14,1611,789,212,272,1,-1,-1,-1
165,17,797,255,144,136,1,-1,-1,-1
165,23,1108,630,164,228,1,-1,-1,-1
165,24,1417,831,240,264,1,-1,-1,-1
165,28,1792,701,280,216,1,-1,-1,-1
165,29,1722,501,212,212,1,-1,-1,-1
165,32,258,734,130,168,1,-1,-1,-1
165,33,1665,1097,224,328,1,-1,-1,-1
165,34,336,736,126,232,1,-1,-1,-1
165,38,1260,293,164,152,1,-1,-1,-1
165,41,264,670,128,240,1,-1,-1,-1
165,43,1090,610,163,282,1,-1,-1,-1
165,44,0,1142,177,292,1,-1,-1,-1
165,46,1957,381,132,188,1,-1,-1,-1
165,47,1202,841,252,264,1,-1,-1,-1
165,49,653,418,124,148,1,-1,-1,-1
165,54,266,672,200,268,1,-1,-1,-1
165,55,474,601,132,256,1,-1,-1,-1
165,56,771,832,144,288,1,-1,-1,-1
165,57,1,1140,265,300,1,-1,-1,-1
165,58,1135,940,264,256,1,-1,-1,-1
165,59,585,299,172,180,1,-1,-1,-1
166,0,324,845,240,316,1,-1,-1,-1
166,2,2078,695,228,228,1,-1,-1,-1
166,5,1139,943,268,212,1,-1,-1,-1
166,6,528,758,168,284,1,-1,-1,-1
166,11,1822,440,196,180,1,-1,-1,-1
166,14,1611,790,212,272,1,-1,-1,-1
166,17,797,255,144,136,1,-1,-1,-1
166,23,1110,630,164,228,1,-1,-1,-1
166,24,1420,830,240,264,1,-1,-1,-1
166,28,1796,705,280,216,1,-1,-1,-1
166,29,1723,503,212,212,1,-1,-1,-1
166,32,259,734,130,168,1,-1,-1,-1
166,33,1666,1098,224,328,1,-1,-1,-1
166,34,334,737,126,232,1,-1,-1,-1
166,38,1261,293,164,152,1,-1,-1,-1
166,41,265,672,128,240,1,-1,-1,-1
166,43,1096,617,155,269,1,-1,-1,-1
166,44,0,1144,175,292,1,-1,-1,-1
166,46,1957,380,132,188,1,-1,-1,-1
166,47,1198,836,265,277,1,-1,-1,-1
166,49,652,419,124,148,1,-1,-1,-1
166,54,264,673,200,268,1,-1,-1,-1
166,55,472,605,132,256,1,-1,-1,-1
166,56,775,844,144,288,1,-1,-1,-1
166,57,0,1143,263,297,1,-1,-1,-1
166,58,1136,942,264,256,1,-1,-1,-1
166,59,586,299,172,180,1,-1,-1,-1
167,0,325,845,240,316,1,-1,-1,-1
167,2,2078,694,228,228,1,-1,-1,-1
167,5,1140,945,268,212,1,-1,-1,-1
167,6,528,761,168,284,1,-1,-1,-1
167,11,1823,440,196,180,1,-1,-1,-1
167,14,1610,790,212,272,1,-1,-1,-1
167,17,795,256,144,136,1,-1,-1,-1
167,23,1111,629,164,228,1,-1,-1,-1
167,24,1422,831,240,264,1,-1,-1,-1
167,28,1801,708,280,216,1,-1,-1,-1
167,29,1723,505,212,212,1,-1,-1,-1
167,32,259,736,130,168,1,-1,-1,-1
167,33,1668,1098,224,328,1,-1,-1,-1
167,34,330,736,126,232,1,-1,-1,-1
167,38,1261,294,164,152,1,-1,-1,-1
167,41,267,674,128,240,1,-1,-1,-1
167,43,1096,615,155,269,1,-1,-1,-1
167,44,0,1144,171,292,1,-1,-1,-1
167,46,1957,380,132,188,1,-1,-1,-1
167,47,1199,839,265,277,1,-1,-1,-1
167,49,651,419,124,148,1,-1,-1,-1
167,54,262,676,200,268,1,-1,-1,-1
167,55,468,611,132,256,1,-1,-1,-1
167,56,797,867,144,288,1,-1,-1,-1
167,57,0,1146,258,294,1,-1,-1,-1
167,58,1143,950,251,244,1,-1,-1,-1
167,59,586,299,172,180,1,-1,-1,-1
168,0,325,845,240,316,1,-1,-1,-1
168,2,2083,699,217,217,1,-1,-1,-1
168,5,1141,946,268,212,1,-1,-1,-1
168,6,529,760,168,284,1,-1,-1,-1
168,11,1823,442,196,180,1,-1,-1,-1
168,14,1610,790,212,272,1,-1,-1,-1
168,17,794,256,144,136,1,-1,-1,-1
168,23,1112,629,164,228,1,-1,-1,-1
168,24,1426,831,240,264,1,-1,-1,-1
168,28,1814,714,280,216,1,-1,-1,-1
168,29,1724,505,212,212,1,-1,-1,-1
168,32,260,736,130,168,1,-1,-1,-1
168,33,1670,1100,224,328,1,-1,-1,-1
168,34,325,735,126,232,1,-1,-1,-1
168,38,1261,294,164,152,1,-1,-1,-1
168,41,269,674,128,240,1,-1,-1,-1
168,43,1098,615,155,269,1,-1,-1,-1
168,44,0,1151,161,278,1,-1,-1,-1
168,46,1957,380,132,188,1,-1,-1,-1
168,47,1201,838,265,277,1,-1,-1,-1
168,49,651,419,124,148,1,-1,-1,-1
168,54,260,678,200,268,1,-1,-1,-1
168,55,466,613,132,256,1,-1,-1,-1
168,56,805,872,144,288,1,-1,-1,-1
168,57,0,1149,254,291,1,-1,-1,-1
168,58,1144,950,251,244,1,-1,-1,-1
168,59,585,299,172,180,1,-1,-1,-1
169,0,328,848,280,308,1,-1,-1,-1
169,2,2076,692,232,232,1,-1,-1,-1
169,5,1141,946,268,212,1,-1,-1,-1
169,6,524,760,176,276,1,-1,-1,-1
169,11,1820,444,200,184,1,-1,-1,-1
169,14,1608,788,208,280,1,-1,-1,-1
169,17,752,256,192,164,1,-1,-1,-1
169,23,1112,624,152,236,1,-1,-1,-1
169,24,1444,832,220,288,1,-1,-1,-1
169,28,1814,714,280,216,1,-1,-1,-1
169,29,1724,505,212,212,1,-1,-1,-1
169,32,260,736,130,168,1,-1,-1,-1
169,33,1668,1100,224,336,1,-1,-1,-1
169,34,325,735,126,232,1,-1,-1,-1
169,38,1264,292,160,152,1,-1,-1,-1
169,41,269,674,128,240,1,-1,-1,-1
169,43,1098,615,155,269,1,-1,-1,-1
169,44,0,1156,172,276,1,-1,-1,-1
169,46,1956,376,132,192,1,-1,-1,-1
169,47,1188,836,260,228,1,-1,-1,-1
169,49,652,420,136,152,1,-1,-1,-1
169,54,268,676,196,296,1,-1,-1,-1
169,55,468,628,136,240,1,-1,-1,-1
169,56,805,872,144,288,1,-1,-1,-1
169,57,0,1149,254,291,1,-1,-1,-1
169,58,1136,948,268,248,1,-1,-1,-1
169,59,584,296,176,180,1,-1,-1,-1
169,60,804,916,212,324,1,-1,-1,-1
169,61,1852,724,276,252,1,-1,-1,-1
169,62,1720,504,196,136,1,-1,-1,-1
170,0,328,848,280,308,1,-1,-1,-1
170,2,2076,692,232,232,1,-1,-1,-1
170,5,1141,945,268,212,1,-1,-1,-1
170,6,524,760,176,276,1,-1,-1,-1
170,11,1820,444,200,184,1,-1,-1,-1
170,14,1608,788,208,280,1,-1,-1,-1
170,17,752,256,192,164,1,-1,-1,-1
170,23,1112,624,152,236,1,-1,-1,-1
170,24,1444,832,220,288,1,-1,-1,-1
170,28,1840,733,280,216,1,-1,-1,-1
170,29,1722,504,212,212,1,-1,-1,-1
170,32,259,732,136,176,1,-1,-1,-1
170,33,1668,1100,224,336,1,-1,-1,-1
170,34,323,741,126,232,1,-1,-1,-1
170,38,1264,292,160,152,1,-1,-1,-1
170,41,270,674,128,240,1,-1,-1,-1
170,43,1099,615,155,269,1,-1,-1,-1
170,44,0,1156,172,276,1,-1,-1,-1
170,46,1956,376,132,192,1,-1,-1,-1
170,47,1188,836,260,228,1,-1,-1,-1
170,49,652,420,136,152,1,-1,-1,-1
170,54,268,676,196,296,1,-1,-1,-1
170,55,468,628,136,240,1,-1,-1,-1
170,56,818,893,144,288,1,-1,-1,-1
170,57,0,1147,252,293,1,-1,-1,-1
170,58,1136,948,268,248,1,-1,-1,-1
170,59,584,296,176,180,1,-1,-1,-1
170,60,804,916,212,324,1,-1,-1,-1
170,61,1852,724,276,252,1,-1,-1,-1
170,62,1720,504,196,136,1,-1,-1,-1
171,0,330,845,280,308,1,-1,-1,-1
171,2,2081,694,232,232,1,-1,-1,-1
171,5,1140,945,268,212,1,-1,-1,-1
171,6,527,760,176,276,1,-1,-1,-1
171,11,1821,446,200,184,1,-1,-1,-1
171,14,1609,788,208,280,1,-1,-1,-1
171,17,752,256,192,164,1,-1,-1,-1
171,23,1113,625,152,236,1,-1,-1,-1
171,24,1447,831,220,288,1,-1,-1,-1
171,28,1844,740,280,216,1,-1,-1,-1
171,29,1723,504,212,212,1,-1,-1,-1
171,32,260,733,136,176,1,-1,-1,-1
171,33,1670,1102,224,336,1,-1,-1,-1
171,34,320,743,126,232,1,-1,-1,-1
171,38,1265,292,160,152,1,-1,-1,-1
171,41,273,672,128,240,1,-1,-1,-1
171,43,1100,614,155,269,1,-1,-1,-1
171,44,0,1158,171,276,1,-1,-1,-1
171,46,1957,377,132,192,1,-1,-1,-1
171,47,1187,838,260,228,1,-1,-1,-1
171,49,653,421,136,152,1,-1,-1,-1
171,54,269,677,196,296,1,-1,-1,-1
171,55,470,629,136,240,1,-1,-1,-1
171,56,831,924,137,274,1,-1,-1,-1
171,57,0,1154,248,286,1,-1,-1,-1
171,58,1136,948,268,248,1,-1,-1,-1
171,59,584,297,176,180,1,-1,-1,-1
171,60,807,933,212,324,1,-1,-1,-1
171,61,1857,730,276,252,1,-1,-1,-1
171,62,1721,505,196,136,1,-1,-1,-1
172,0,333,844,280,308,1,-1,-1,-1
172,2,2079,693,232,232,1,-1,-1,-1
172,5,1141,946,268,212,1,-1,-1,-1
172,6,530,759,176,276,1,-1,-1,-1
172,11,1822,447,200,184,1,-1,-1,-1
172,14,1610,788,208,280,1,-1,-1,-1
172,17,752,256,192,164,1,-1,-1,-1
172,23,1113,625,152,236,1,-1,-1,-1
172,24,1452,831,220,288,1,-1,-1,-1
172,28,1862,745,280,216,1,-1,-1,-1
172,29,1722,503,212,212,1,-1,-1,-1
172,32,261,733,136,176,1,-1,-1,-1
172,33,1673,1103,224,336,1,-1,-1,-1
172,34,318,746,126,232,1,-1,-1,-1
172,38,1265,292,160,152,1,-1,-1,-1
172,41,272,673,128,240,1,-1,-1,-1
172,43,1101,614,155,269,1,-1,-1,-1
172,44,0,1158,171,276,1,-1,-1,-1
172,46,1957,377,132,192,1,-1,-1,-1
172,47,1188,838,260,228,1,-1,-1,-1
172,49,654,421,136,152,1,-1,-1,-1
172,54,269,676,196,296,1,-1,-1,-1
172,55,471,630,136,240,1,-1,-1,-1
172,56,833,925,137,274,1,-1,-1,-1
172,57,0,1156,247,284,1,-1,-1,-1
172,58,1137,949,268,248,1,-1,-1,-1
172,59,584,296,176,180,1,-1,-1,-1
172,60,805,936,212,324,1,-1,-1,-1
172,61,1864,737,276,252,1,-1,-1,-1
172,62,1722,507,196,136,1,-1,-1,-1
173,0,337,840,280,308,1,-1,-1,-1
173,2,2078,693,232,232,1,-1,-1,-1
173,5,1143,947,268,212,1,-1,-1,-1
173,6,533,758,176,276,1,-1,-1,-1
173,11,1822,448,200,184,1,-1,-1,-1
173,14,1611,788,208,280,1,-1,-1,-1
173,17,752,256,192,164,1,-1,-1,-1
173,23,1113,625,152,236,1,-1,-1,-1
173,24,1459,828,220,288,1,-1,-1,-1
173,28,1876,749,280,216,1,-1,-1,-1
173,29,1721,499,212,212,1,-1,-1,-1
173,32,261,732,136,176,1,-1,-1,-1
173,33,1675,1105,224,335,1,-1,-1,-1
173,34,320,747,126,232,1,-1,-1,-1
173,38,1266,292,160,152,1,-1,-1,-1
173,41,273,673,128,240,1,-1,-1,-1
173,43,1100,616,155,269,1,-1,-1,-1
173,44,0,1159,170,276,1,-1,-1,-1
173,46,1957,377,132,192,1,-1,-1,-1
173,47,1191,839,260,228,1,-1,-1,-1
173,49,655,421,136,152,1,-1,-1,-1
173,54,269,675,196,296,1,-1,-1,-1
173,55,473,630,136,240,1,-1,-1,-1
173,56,837,936,137,274,1,-1,-1,-1
173,57,0,1157,247,283,1,-1,-1,-1
173,58,1138,949,268,248,1,-1,-1,-1
173,59,584,296,176,180,1,-1,-1,-1
173,60,806,935,223,340,1,-1,-1,-1
173,61,1872,742,276,252,1,-1,-1,-1
173,62,1724,507,196,136,1,-1,-1,-1
174,0,338,838,280,308,1,-1,-1,-1
174,2,2078,692,232,232,1,-1,-1,-1
174,5,1144,947,268,212,1,-1,-1,-1
174,6,535,756,176,276,1,-1,-1,-1
174,11,1822,447,200,184,1,-1,-1,-1
174,14,1610,788,208,280,1,-1,-1,-1
174,17,752,256,192,164,1,-1,-1,-1
174,23,1114,625,152,236,1,-1,-1,-1
174,24,1470,833,220,288,1,-1,-1,-1
174,28,1884,757,280,216,1,-1,-1,-1
174,29,1721,498,212,212,1,-1,-1,-1
174,32,261,733,136,176,1,-1,-1,-1
174,33,1675,1105,224,335,1,-1,-1,-1
174,34,323,746,126,232,1,-1,-1,-1
174,38,1266,292,160,152,1,-1,-1,-1
174,41,273,673,128,240,1,-1,-1,-1
174,43,1100,614,155,269,1,-1,-1,-1
174,44,0,1159,170,276,1,-1,-1,-1
174,46,1957,378,132,192,1,-1,-1,-1
174,47,1191,838,260,228,1,-1,-1,-1
174,49,657,419,136,152,1,-1,-1,-1
174,54,270,676,196,296,1,-1,-1,-1
174,55,474,630,136,240,1,-1,-1,-1
174,56,856,957,137,274,1,-1,-1,-1
174,57,0,1157,247,283,1,-1,-1,-1
174,58,1137,949,268,248,1,-1,-1,-1
174,59,585,295,176,180,1,-1,-1,-1
174,60,815,942,223,340,1,-1,-1,-1
174,61,1880,749,276,252,1,-1,-1,-1
174,62,1720,504,206,143,1,-1,-1,-1
175,0,344,833,280,308,1,-1,-1,-1
175,2,2076,691,232,232,1,-1,-1,-1
175,5,1142,945,268,212,1,-1,-1,-1
175,6,537,755,176,276,1,-1,-1,-1
175,11,1823,446,200,184,1,-1,-1,-1
175,14,1610,789,208,280,1,-1,-1,-1
175,17,753,256,192,164,1,-1,-1,-1
175,23,1114,624,152,236,1,-1,-1,-1
175,24,1481,834,220,288,1,-1,-1,-1
175,28,1896,763,280,216,1,-1,-1,-1
175,29,1721,498,212,212,1,-1,-1,-1
175,32,259,733,136,176,1,-1,-1,-1
175,33,1676,1104,224,336,1,-1,-1,-1
175,34,325,747,126,232,1,-1,-1,-1
175,38,1265,292,160,152,1,-1,-1,-1
175,41,271,674,128,240,1,-1,-1,-1
175,43,1101,615,155,269,1,-1,-1,-1
175,44,0,1158,169,276,1,-1,-1,-1
175,46,1958,378,132,192,1,-1,-1,-1
175,47,1191,834,260,228,1,-1,-1,-1
175,49,661,419,136,152,1,-1,-1,-1
175,54,271,675,196,296,1,-1,-1,-1
175,55,476,630,136,240,1,-1,-1,-1
175,56,873,962,137,274,1,-1,-1,-1
175,57,0,1160,248,280,1,-1,-1,-1
175,58,1137,948,268,248,1,-1,-1,-1
175,59,584,295,176,180,1,-1,-1,-1
175,60,845,989,223,340,1,-1,-1,-1
175,61,1890,752,276,252,1,-1,-1,-1
175,62,1722,503,206,143,1,-1,-1,-1
176,0,345,833,280,308,1,-1,-1,-1
176,2,2075,690,232,232,1,-1,-1,-1
176,5,1142,946,268,212,1,-1,-1,-1
176,6,540,760,168,263,1,-1,-1,-1
176,11,1822,446,200,184,1,-1,-1,-1
176,14,1610,788,208,280,1,-1,-1,-1
176,17,753,256,192,164,1,-1,-1,-1
176,23,1114,624,152,236,1,-1,-1,-1
176,24,1488,841,210,274,1,-1,-1,-1
176,28,1902,766,280,216,1,-1,-1,-1
176,29,1720,498,212,212,1,-1,-1,-1
176,32,259,733,136,176,1,-1,-1,-1
176,33,1676,1104,224,336,1,-1,-1,-1
176,34,325,747,126,232,1,-1,-1,-1
176,38,1266,292,160,152,1,-1,-1,-1
176,41,270,673,128,240,1,-1,-1,-1
176,43,1101,613,155,269,1,-1,-1,-1
176,44,0,1157,169,276,1,-1,-1,-1
176,46,1958,378,132,192,1,-1,-1,-1
176,47,1190,834,260,228,1,-1,-1,-1
176,49,661,418,136,152,1,-1,-1,-1
176,54,271,674,196,296,1,-1,-1,-1
176,55,477,630,136,240,1,-1,-1,-1
176,56,874,956,137,274,1,-1,-1,-1
176,57,0,1169,242,271,1,-1,-1,-1
176,58,1137,948,268,248,1,-1,-1,-1
176,59,584,294,176,180,1,-1,-1,-1
176,60,854,979,223,340,1,-1,-1,-1
176,61,1892,755,276,252,1,-1,-1,-1
176,62,1722,503,206,143,1,-1,-1,-1
177,0,360,848,276,256,1,-1,-1,-1
177,2,2060,680,240,236,1,-1,-1,-1
177,5,1142,946,268,212,1,-1,-1,-1
177,6,532,760,164,268,1,-1,-1,-1
177,11,1820,444,196,172,1,-1,-1,-1
177,14,1608,792,208,284,1,-1,-1,-1
177,17,752,256,188,164,1,-1,-1,-1
177,23,1116,620,156,268,1,-1,-1,-1
177,24,1476,848,276,288,1,-1,-1,-1
177,28,1902,766,280,216,1,-1,-1,-1
177,29,1720,498,212,212,1,-1,-1,-1
177,33,1668,1108,240,324,1,-1,-1,-1
177,34,325,747,126,232,1,-1,-1,-1
177,38,1248,288,176,156,1,-1,-1,-1
177,41,270,673,128,240,1,-1,-1,-1
177,43,1101,613,155,269,1,-1,-1,-1
177,44,0,1164,168,268,1,-1,-1,-1
177,46,1952,380,140,196,1,-1,-1,-1
177,47,1212,824,192,232,1,-1,-1,-1
177,49,664,420,124,156,1,-1,-1,-1
177,54,268,676,192,288,1,-1,-1,-1
177,55,476,628,132,252,1,-1,-1,-1
177,56,874,956,137,274,1,-1,-1,-1
177,57,0,1169,242,271,1,-1,-1,-1
177,58,1136,948,264,248,1,-1,-1,-1
177,59,560,304,196,152,1,-1,-1,-1
177,60,854,979,223,340,1,-1,-1,-1
177,61,1928,752,252,272,1,-1,-1,-1
177,62,1724,504,192,164,1,-1,-1,-1
177,63,896,1036,288,264,1,-1,-1,-1
178,0,367,848,276,256,1,-1,-1,-1
178,2,2063,681,240,236,1,-1,-1,-1
178,5,1143,945,268,212,1,-1,-1,-1
178,6,538,761,164,268,1,-1,-1,-1
178,11,1820,444,196,172,1,-1,-1,-1
178,14,1608,793,208,284,1,-1,-1,-1
178,17,752,256,188,164,1,-1,-1,-1
178,23,1116,620,156,268,1,-1,-1,-1
178,24,1478,850,276,288,1,-1,-1,-1
178,28,1927,784,280,216,1,-1,-1,-1
178,29,1718,497,212,212,1,-1,-1,-1
178,33,1668,1108,240,324,1,-1,-1,-1
178,34,331,750,126,232,1,-1,-1,-1
178,38,1248,288,176,156,1,-1,-1,-1
178,41,267,673,128,240,1,-1,-1,-1
178,43,1096,609,163,282,1,-1,-1,-1
178,44,0,1161,168,268,1,-1,-1,-1
178,46,1953,380,140,196,1,-1,-1,-1
178,47,1214,823,192,232,1,-1,-1,-1
178,49,666,419,124,156,1,-1,-1,-1
178,54,270,676,192,288,1,-1,-1,-1
178,55,477,628,132,252,1,-1,-1,-1
178,56,930,991,137,274,1,-1,-1,-1
178,57,0,1167,243,273,1,-1,-1,-1
178,58,1138,948,264,248,1,-1,-1,-1
178,59,561,304,196,152,1,-1,-1,-1
178,60,918,1026,212,324,1,-1,-1,-1
178,61,1935,759,252,272,1,-1,-1,-1
178,62,1725,503,192,164,1,-1,-1,-1
178,63,920,1045,288,264,1,-1,-1,-1
179,0,379,846,276,256,1,-1,-1,-1
179,2,2065,683,240,236,1,-1,-1,-1
179,5,1144,942,268,212,1,-1,-1,-1
179,6,543,763,164,268,1,-1,-1,-1
179,11,1821,444,196,172,1,-1,-1,-1
179,14,1609,794,208,284,1,-1,-1,-1
179,17,752,257,188,164,1,-1,-1,-1
179,23,1117,620,156,268,1,-1,-1,-1
179,24,1481,853,276,288,1,-1,-1,-1
179,28,1937,787,280,216,1,-1,-1,-1
179,29,1718,496,212,212,1,-1,-1,-1
179,33,1669,1107,240,324,1,-1,-1,-1
179,34,349,770,126,232,1,-1,-1,-1
179,38,1248,288,176,156,1,-1,-1,-1
179,41,265,672,128,240,1,-1,-1,-1
179,43,1103,613,155,269,1,-1,-1,-1
179,44,1,1161,168,268,1,-1,-1,-1
179,46,1954,381,140,196,1,-1,-1,-1
179,47,1216,822,192,232,1,-1,-1,-1
179,49,668,419,124,156,1,-1,-1,-1
179,54,276,677,192,288,1,-1,-1,-1
179,55,479,628,132,252,1,-1,-1,-1
179,56,981,1026,131,261,1,-1,-1,-1
179,57,0,1164,242,276,1,-1,-1,-1
179,58,1140,945,264,248,1,-1,-1,-1
179,59,561,304,196,152,1,-1,-1,-1
179,60,965,1020,212,324,1,-1,-1,-1
179,61,1944,766,252,272,1,-1,-1,-1
179,62,1725,504,192,164,1,-1,-1,-1
179,63,996,1072,302,277,1,-1,-1,-1
180,0,393,841,276,256,1,-1,-1,-1
180,2,2066,682,240,236,1,-1,-1,-1
180,5,1142,942,268,212,1,-1,-1,-1
180,6,542,761,172,281,1,-1,-1,-1
180,11,1821,444,196,172,1,-1,-1,-1
180,14,1611,796,208,284,1,-1,-1,-1
180,17,752,256,188,164,1,-1,-1,-1
180,23,1117,620,156,268,1,-1,-1,-1
180,24,1486,860,276,288,1,-1,-1,-1
180,28,1948,789,280,216,1,-1,-1,-1
180,29,1716,496,212,212,1,-1,-1,-1
180,33,1669,1106,240,324,1,-1,-1,-1
180,34,364,773,126,232,1,-1,-1,-1
180,38,1248,288,176,156,1,-1,-1,-1
180,41,265,670,128,240,1,-1,-1,-1
180,43,1102,612,155,269,1,-1,-1,-1
180,44,0,1161,168,268,1,-1,-1,-1
180,46,1956,380,140,196,1,-1,-1,-1
180,47,1217,822,192,232,1,-1,-1,-1
180,49,670,418,124,156,1,-1,-1,-1
180,54,280,675,192,288,1,-1,-1,-1
180,55,480,628,132,252,1,-1,-1,-1
180,57,0,1160,241,280,1,-1,-1,-1
180,58,1140,944,264,248,1,-1,-1,-1
180,59,561,303,196,152,1,-1,-1,-1
180,60,1005,1041,212,324,1,-1,-1,-1
180,61,1958,770,252,272,1,-1,-1,-1
180,62,1725,503,192,164,1,-1,-1,-1
180,63,1038,1093,318,291,1,-1,-1,-1
181,0,398,839,276,256,1,-1,-1,-1
181,2,2064,680,240,236,1,-1,-1,-1
181,5,1135,936,281,223,1,-1,-1,-1
181,6,545,771,164,268,1,-1,-1,-1
181,11,1821,444,196,172,1,-1,-1,-1
181,14,1611,800,208,284,1,-1,-1,-1
181,17,752,256,188,164,1,-1,-1,-1
181,23,1117,618,156,268,1,-1,-1,-1
181,24,1488,866,276,288,1,-1,-1,-1
181,29,1715,494,212,212,1,-1,-1,-1
181,33,1668,1107,240,324,1,-1,-1,-1
181,34,368,769,126,232,1,-1,-1,-1
181,38,1249,288,176,156,1,-1,-1,-1
181,41,266,669,128,240,1,-1,-1,-1
181,43,1097,607,163,282,1,-1,-1,-1
181,44,0,1160,168,268,1,-1,-1,-1
181,46,1957,379,140,196,1,-1,-1,-1
181,47,1217,822,192,232,1,-1,-1,-1
181,49,670,417,124,156,1,-1,-1,-1
181,54,283,676,192,288,1,-1,-1,-1
181,55,481,627,132,252,1,-1,-1,-1
181,57,0,1159,242,281,1,-1,-1,-1
181,58,1147,948,251,236,1,-1,-1,-1
181,59,560,303,196,152,1,-1,-1,-1
181,60,1035,1057,212,324,1,-1,-1,-1
181,61,1989,786,252,272,1,-1,-1,-1
181,62,1724,503,192,164,1,-1,-1,-1
181,63,1081,1112,318,291,1,-1,-1,-1
182,0,401,838,276,256,1,-1,-1,-1
182,2,2064,679,240,236,1,-1,-1,-1
182,5,1135,936,281,223,1,-1,-1,-1
182,6,543,767,172,281,1,-1,-1,-1
182,11,1820,444,196,172,1,-1,-1,-1
182,14,1612,800,208,284,1,-1,-1,-1
182,17,752,256,188,164,1,-1,-1,-1
182,23,1117,618,156,268,1,-1,-1,-1
182,24,1489,867,276,288,1,-1,-1,-1
182,29,1715,493,212,212,1,-1,-1,-1
182,33,1668,1107,240,324,1,-1,-1,-1
182,34,369,769,126,232,1,-1,-1,-1
182,38,1249,288,176,156,1,-1,-1,-1
182,41,266,670,128,240,1,-1,-1,-1
182,43,1097,608,163,282,1,-1,-1,-1
182,44,0,1159,168,268,1,-1,-1,-1
182,46,1958,378,140,196,1,-1,-1,-1
182,47,1217,822,192,232,1,-1,-1,-1
182,49,670,417,124,156,1,-1,-1,-1
182,54,284,676,192,288,1,-1,-1,-1
182,55,481,627,132,252,1,-1,-1,-1
182,57,0,1159,241,281,1,-1,-1,-1
182,58,1148,947,251,236,1,-1,-1,-1
182,59,560,302,196,152,1,-1,-1,-1
182,60,1046,1061,212,324,1,-1,-1,-1
182,61,1989,788,252,272,1,-1,-1,-1
182,62,1723,504,192,164,1,-1,-1,-1
182,63,1088,1114,318,291,1,-1,-1,-1
183,0,398,843,276,256,1,-1,-1,-1
183,2,2062,681,240,236,1,-1,-1,-1
183,5,1135,938,281,223,1,-1,-1,-1
183,6,537,765,181,295,1,-1,-1,-1
183,11,1819,444,196,172,1,-1,-1,-1
183,14,1612,799,208,284,1,-1,-1,-1
183,17,753,255,188,164,1,-1,-1,-1
183,23,1117,617,156,268,1,-1,-1,-1
183,24,1491,873,276,288,1,-1,-1,-1
183,29,1711,492,212,212,1,-1,-1,-1
183,33,1667,1107,240,324,1,-1,-1,-1
183,34,368,772,126,232,1,-1,-1,-1
183,38,1249,288,176,156,1,-1,-1,-1
183,41,266,669,128,240,1,-1,-1,-1
183,43,1096,607,163,282,1,-1,-1,-1
183,44,1,1160,168,268,1,-1,-1,-1
183,46,1958,377,140,196,1,-1,-1,-1
183,47,1218,821,192,232,1,-1,-1,-1
183,49,671,417,124,156,1,-1,-1,-1
183,54,284,676,192,288,1,-1,-1,-1
183,55,481,626,132,252,1,-1,-1,-1
183,57,0,1159,245,281,1,-1,-1,-1
183,58,1149,947,251,236,1,-1,-1,-1
183,59,560,302,196,152,1,-1,-1,-1
183,60,1092,1084,212,324,1,-1,-1,-1
183,61,2000,789,252,272,1,-1,-1,-1
183,62,1722,503,192,164,1,-1,-1,-1
183,63,1124,1128,318,291,1,-1,-1,-1
184,0,399,841,276,256,1,-1,-1,-1
184,2,2061,680,240,236,1,-1,-1,-1
184,5,1135,939,281,223,1,-1,-1,-1
184,6,540,766,181,295,1,-1,-1,-1
184,11,1813,438,206,181,1,-1,-1,-1
184,14,1611,798,208,284,1,-1,-1,-1
184,17,753,255,188,164,1,-1,-1,-1
184,23,1117,618,156,268,1,-1,-1,-1
184,24,1492,877,276,288,1,-1,-1,-1
184,29,1708,490,212,212,1,-1,-1,-1
184,33,1666,1106,240,324,1,-1,-1,-1
184,34,368,775,126,232,1,-1,-1,-1
184,38,1249,288,176,156,1,-1,-1,-1
184,41,266,670,128,240,1,-1,-1,-1
184,43,1096,607,163,282,1,-1,-1,-1
184,44,1,1160,168,268,1,-1,-1,-1
184,46,1960,376,140,196,1,-1,-1,-1
184,47,1218,822,192,232,1,-1,-1,-1
184,49,670,416,124,156,1,-1,-1,-1
184,54,284,676,192,288,1,-1,-1,-1
184,55,481,627,132,252,1,-1,-1,-1
184,57,0,1157,247,283,1,-1,-1,-1
184,58,1148,949,251,236,1,-1,-1,-1
184,59,560,302,196,152,1,-1,-1,-1
184,61,2006,793,252,272,1,-1,-1,-1
184,62,1717,500,192,164,1,-1,-1,-1
184,63,1178,1160,318,280,1,-1,-1,-1
185,0,399,841,276,256,1,-1,-1,-1
185,2,2061,680,240,236,1,-1,-1,-1
185,5,1135,939,281,223,1,-1,-1,-1
185,6,540,766,181,295,1,-1,-1,-1
185,11,1828,440,180,176,1,-1,-1,-1
185,14,1608,792,204,264,1,-1,-1,-1
185,17,748,256,196,160,1,-1,-1,-1
185,23,1112,620,156,268,1,-1,-1,-1
185,24,1492,877,276,288,1,-1,-1,-1
185,29,1708,490,212,212,1,-1,-1,-1
185,33,1664,1108,252,320,1,-1,-1,-1
185,34,368,775,126,232,1,-1,-1,-1
185,38,1252,288,180,152,1,-1,-1,-1
185,41,266,670,128,240,1,-1,-1,-1
185,43,1096,607,163,282,1,-1,-1,-1
185,44,1,1160,168,268,1,-1,-1,-1
185,46,1956,376,140,228,1,-1,-1,-1
185,47,1212,820,208,244,1,-1,-1,-1
185,49,672,412,120,160,1,-1,-1,-1
185,54,284,676,192,288,1,-1,-1,-1
185,55,480,628,132,256,1,-1,-1,-1
185,57,4,1164,216,264,1,-1,-1,-1
185,58,1132,948,268,244,1,-1,-1,-1
185,59,560,300,200,152,1,-1,-1,-1
185,61,2004,800,272,228,1,-1,-1,-1
185,62,1717,500,192,164,1,-1,-1,-1
185,63,1178,1160,318,280,1,-1,-1,-1
185,64,1056,1036,484,396,1,-1,-1,-1
185,65,268,676,176,228,1,-1,-1,-1
185,66,1516,912,260,268,1,-1,-1,-1
185,67,468,876,292,196,1,-1,-1,-1
185,68,548,756,156,140,1,-1,-1,-1
185,69,1728,492,164,136,1,-1,-1,-1
185,70,2052,676,236,156,1,-1,-1,-1
185,71,300,1344,372,96,1,-1,-1,-1
186,0,399,849,276,256,1,-1,-1,-1
186,2,2063,681,240,236,1,-1,-1,-1
186,5,1147,945,268,212,1,-1,-1,-1
186,6,535,763,190,310,1,-1,-1,-1
186,11,1828,439,180,176,1,-1,-1,-1
186,14,1608,793,204,264,1,-1,-1,-1
186,17,749,256,196,160,1,-1,-1,-1
186,23,1113,620,156,268,1,-1,-1,-1
186,24,1493,880,276,288,1,-1,-1,-1
186,29,1705,488,212,212,1,-1,-1,-1
186,33,1666,1108,252,320,1,-1,-1,-1
186,34,371,776,126,232,1,-1,-1,-1
186,38,1252,288,180,152,1,-1,-1,-1
186,41,266,670,128,240,1,-1,-1,-1
186,43,1098,606,163,282,1,-1,-1,-1
186,44,3,1159,168,268,1,-1,-1,-1
186,46,1956,376,140,228,1,-1,-1,-1
186,47,1213,822,208,244,1,-1,-1,-1
186,49,672,412,120,160,1,-1,-1,-1
186,54,285,675,192,288,1,-1,-1,-1
186,55,480,629,132,256,1,-1,-1,-1
186,57,5,1163,216,264,1,-1,-1,-1
186,58,1135,951,268,244,1,-1,-1,-1
186,59,560,300,200,152,1,-1,-1,-1
186,61,2007,801,272,228,1,-1,-1,-1
186,62,1714,498,192,164,1,-1,-1,-1
186,63,1209,1186,318,254,1,-1,-1,-1
186,64,1064,1040,484,396,1,-1,-1,-1
186,65,268,676,176,228,1,-1,-1,-1
186,66,1516,915,260,268,1,-1,-1,-1
186,67,473,881,292,196,1,-1,-1,-1
186,68,547,757,156,140,1,-1,-1,-1
186,69,1728,491,164,136,1,-1,-1,-1
186,70,2052,676,236,156,1,-1,-1,-1
186,71,361,1339,391,101,1,-1,-1,-1
187,0,405,852,276,256,1,-1,-1,-1
187,2,2058,683,240,236,1,-1,-1,-1
187,5,1149,946,268,212,1,-1,-1,-1
187,6,540,756,181,295,1,-1,-1,-1
187,11,1828,439,180,176,1,-1,-1,-1
187,14,1610,795,204,264,1,-1,-1,-1
187,17,750,256,196,160,1,-1,-1,-1
187,23,1113,620,156,268,1,-1,-1,-1
187,24,1495,883,276,288,1,-1,-1,-1
187,29,1704,488,212,212,1,-1,-1,-1
187,33,1667,1108,252,320,1,-1,-1,-1
187,34,374,778,126,232,1,-1,-1,-1
187,38,1252,288,180,152,1,-1,-1,-1
187,41,266,669,128,240,1,-1,-1,-1
187,43,1100,607,163,282,1,-1,-1,-1
187,44,5,1158,168,268,1,-1,-1,-1
187,46,1956,376,140,228,1,-1,-1,-1
187,47,1213,827,208,244,1,-1,-1,-1
187,49,673,411,120,160,1,-1,-1,-1
187,54,285,675,192,288,1,-1,-1,-1
187,55,480,630,132,256,1,-1,-1,-1
187,57,6,1163,216,264,1,-1,-1,-1
187,58,1136,951,268,244,1,-1,-1,-1
187,59,561,300,200,152,1,-1,-1,-1
187,61,2013,805,272,228,1,-1,-1,-1
187,62,1707,494,202,172,1,-1,-1,-1
187,63,1245,1196,318,244,1,-1,-1,-1
187,64,1076,1044,484,396,1,-1,-1,-1
187,65,268,676,176,228,1,-1,-1,-1
187,66,1518,919,260,268,1,-1,-1,-1
187,67,486,888,292,196,1,-1,-1,-1
187,68,548,759,156,140,1,-1,-1,-1
187,69,1727,491,164,136,1,-1,-1,-1
187,70,2050,677,236,156,1,-1,-1,-1
187,71,440,1338,391,101,1,-1,-1,-1
188,0,409,852,276,256,1,-1,-1,-1
188,2,2058,684,240,236,1,-1,-1,-1
188,5,1149,945,268,212,1,-1,-1,-1
188,6,536,756,181,295,1,-1,-1,-1
188,11,1828,440,180,176,1,-1,-1,-1
188,14,1610,794,204,264,1,-1,-1,-1
188,17,750,256,196,160,1,-1,-1,-1
188,23,1113,621,156,268,1,-1,-1,-1
188,24,1498,885,276,288,1,-1,-1,-1
188,29,1704,487,212,212,1,-1,-1,-1
188,33,1668,1108,252,320,1,-1,-1,-1
188,34,376,780,126,232,1,-1,-1,-1
188,38,1253,288,180,152,1,-1,-1,-1
188,41,266,669,128,240,1,-1,-1,-1
188,43,1100,607,163,282,1,-1,-1,-1
188,44,5,1160,168,268,1,-1,-1,-1
188,46,1956,376,140,228,1,-1,-1,-1
188,47,1213,827,208,244,1,-1,-1,-1
188,49,674,410,120,160,1,-1,-1,-1
188,54,286,675,192,288,1,-1,-1,-1
188,55,480,630,132,256,1,-1,-1,-1
188,57,6,1163,216,264,1,-1,-1,-1
188,58,1141,957,255,232,1,-1,-1,-1
188,59,561,299,200,152,1,-1,-1,-1
188,61,2015,806,272,228,1,-1,-1,-1
188,62,1708,494,202,172,1,-1,-1,-1
188,63,1259,1199,318,241,1,-1,-1,-1
188,64,1080,1044,484,396,1,-1,-1,-1
188,65,268,676,176,228,1,-1,-1,-1
188,66,1519,920,260,268,1,-1,-1,-1
188,67,487,890,292,196,1,-1,-1,-1
188,68,548,759,156,140,1,-1,-1,-1
188,69,1727,491,164,136,1,-1,-1,-1
188,70,2050,678,236,156,1,-1,-1,-1
188,71,446,1338,391,101,1,-1,-1,-1
189,0,407,857,276,256,1,-1,-1,-1
189,2,2046,682,252,248,1,-1,-1,-1
189,5,1150,944,268,212,1,-1,-1,-1
189,6,537,761,181,295,1,-1,-1,-1
189,11,1827,441,180,176,1,-1,-1,-1
189,14,1611,797,204,264,1,-1,-1,-1
189,17,751,256,196,160,1,-1,-1,-1
189,23,1114,622,156,268,1,-1,-1,-1
189,24,1499,897,276,288,1,-1,-1,-1
189,29,1703,488,212,212,1,-1,-1,-1
189,33,1670,1109,252,320,1,-1,-1,-1
189,34,381,785,120,221,1,-1,-1,-1
189,38,1253,288,180,152,1,-1,-1,-1
189,41,266,669,128,240,1,-1,-1,-1
189,43,1100,607,163,282,1,-1,-1,-1
189,44,4,1159,168,268,1,-1,-1,-1
189,46,1957,376,140,228,1,-1,-1,-1
189,47,1213,828,208,244,1,-1,-1,-1
189,49,675,411,120,160,1,-1,-1,-1
189,54,288,675,192,288,1,-1,-1,-1
189,55,480,630,132,256,1,-1,-1,-1
189,57,6,1163,216,264,1,-1,-1,-1
189,58,1141,959,255,232,1,-1,-1,-1
189,59,561,298,200,152,1,-1,-1,-1
189,61,2020,809,272,228,1,-1,-1,-1
189,62,1703,494,202,172,1,-1,-1,-1
189,64,1081,1042,484,396,1,-1,-1,-1
189,65,268,676,176,228,1,-1,-1,-1
189,66,1522,923,260,268,1,-1,-1,-1
189,67,495,898,292,196,1,-1,-1,-1
189,68,548,759,156,140,1,-1,-1,-1
189,69,1730,495,156,130,1,-1,-1,-1
189,70,2045,681,236,156,1,-1,-1,-1
189,71,518,1340,410,100,1,-1,-1,-1
190,0,412,859,276,256,1,-1,-1,-1
190,2,2044,684,252,248,1,-1,-1,-1
190,5,1152,945,268,212,1,-1,-1,-1
190,6,539,763,181,295,1,-1,-1,-1
190,11,1827,441,180,176,1,-1,-1,-1
190,14,1606,789,214,277,1,-1,-1,-1
190,17,751,256,196,160,1,-1,-1,-1
190,23,1115,623,156,268,1,-1,-1,-1
190,24,1504,896,276,288,1,-1,-1,-1
190,29,1703,488,212,212,1,-1,-1,-1
190,33,1671,1110,252,320,1,-1,-1,-1
190,34,384,782,120,221,1,-1,-1,-1
190,38,1253,288,180,152,1,-1,-1,-1
190,41,267,668,128,240,1,-1,-1,-1
190,43,1101,608,163,282,1,-1,-1,-1
190,44,5,1158,168,268,1,-1,-1,-1
190,46,1957,375,140,228,1,-1,-1,-1
190,47,1214,829,208,244,1,-1,-1,-1
190,49,677,410,120,160,1,-1,-1,-1
190,54,289,674,192,288,1,-1,-1,-1
190,55,480,629,132,256,1,-1,-1,-1
190,57,6,1163,216,264,1,-1,-1,-1
190,58,1141,958,255,232,1,-1,-1,-1
190,59,561,297,200,152,1,-1,-1,-1
190,61,2027,815,272,228,1,-1,-1,-1
190,62,1699,493,202,172,1,-1,-1,-1
190,64,1072,1032,508,408,1,-1,-1,-1
190,65,270,675,176,228,1,-1,-1,-1
190,66,1523,926,260,268,1,-1,-1,-1
190,67,515,907,292,196,1,-1,-1,-1
190,68,547,760,156,140,1,-1,-1,-1
190,69,1729,493,156,130,1,-1,-1,-1
190,70,2042,685,236,156,1,-1,-1,-1
190,71,581,1344,410,96,1,-1,-1,-1
191,0,412,865,276,256,1,-1,-1,-1
191,2,2042,687,252,248,1,-1,-1,-1
191,5,1153,946,268,212,1,-1,-1,-1
191,6,543,757,181,295,1,-1,-1,-1
191,11,1827,440,180,176,1,-1,-1,-1
191,14,1606,789,214,277,1,-1,-1,-1
191,17,753,257,196,160,1,-1,-1,-1
191,23,1116,624,156,268,1,-1,-1,-1
191,24,1512,912,263,274,1,-1,-1,-1
191,29,1704,485,212,212,1,-1,-1,-1
191,33,1672,1109,252,320,1,-1,-1,-1
191,34,385,780,120,221,1,-1,-1,-1
191,38,1253,288,180,152,1,-1,-1,-1
191,41,268,667,128,240,1,-1,-1,-1
191,43,1103,609,163,282,1,-1,-1,-1
191,44,6,1160,168,268,1,-1,-1,-1
191,46,1957,375,140,228,1,-1,-1,-1
191,47,1215,830,208,244,1,-1,-1,-1
191,49,680,410,120,160,1,-1,-1,-1
191,54,290,671,192,288,1,-1,-1,-1
191,55,482,629,132,256,1,-1,-1,-1
191,57,6,1163,216,264,1,-1,-1,-1
191,58,1143,960,255,232,1,-1,-1,-1
191,59,561,295,200,152,1,-1,-1,-1
191,61,2034,819,272,228,1,-1,-1,-1
191,62,1703,491,202,172,1,-1,-1,-1
191,64,1072,1035,508,405,1,-1,-1,-1
191,65,271,675,176,228,1,-1,-1,-1
191,66,1523,926,260,268,1,-1,-1,-1
191,67,527,907,292,196,1,-1,-1,-1
191,68,549,760,156,140,1,-1,-1,-1
191,69,1729,491,156,130,1,-1,-1,-1
191,70,2039,686,236,156,1,-1,-1,-1
191,71,626,1342,410,98,1,-1,-1,-1
192,0,407,865,290,269,1,-1,-1,-1
192,2,2041,685,252,248,1,-1,-1,-1
192,5,1156,947,268,212,1,-1,-1,-1
192,6,544,756,181,295,1,-1,-1,-1
192,11,1826,439,180,176,1,-1,-1,-1
192,14,1606,789,214,277,1,-1,-1,-1
192,17,755,256,196,160,1,-1,-1,-1
192,23,1117,626,156,268,1,-1,-1,-1
192,24,1524,924,250,261,1,-1,-1,-1
192,29,1709,489,202,202,1,-1,-1,-1
192,33,1676,1109,252,320,1,-1,-1,-1
192,34,385,780,120,221,1,-1,-1,-1
192,38,1253,288,180,152,1,-1,-1,-1
192,41,268,666,128,240,1,-1,-1,-1
192,43,1105,609,163,282,1,-1,-1,-1
192,44,6,1160,168,268,1,-1,-1,-1
192,46,1957,375,140,228,1,-1,-1,-1
192,47,1218,829,208,244,1,-1,-1,-1
192,49,681,409,120,160,1,-1,-1,-1
192,54,290,672,192,288,1,-1,-1,-1
192,55,483,628,132,256,1,-1,-1,-1
192,57,7,1164,216,264,1,-1,-1,-1
192,58,1140,956,268,244,1,-1,-1,-1
192,59,558,291,200,152,1,-1,-1,-1
192,61,2057,834,272,228,1,-1,-1,-1
192,62,1702,491,202,172,1,-1,-1,-1
192,64,1076,1037,508,403,1,-1,-1,-1
192,65,272,673,176,228,1,-1,-1,-1
192,66,1525,926,260,268,1,-1,-1,-1
192,67,538,912,292,196,1,-1,-1,-1
192,68,550,759,156,140,1,-1,-1,-1
192,69,1729,489,156,130,1,-1,-1,-1
192,70,2037,687,236,156,1,-1,-1,-1
192,71,677,1340,410,100,1,-1,-1,-1
193,0,407,865,290,269,1,-1,-1,-1
193,2,2041,685,252,248,1,-1,-1,-1
193,5,1156,947,268,212,1,-1,-1,-1
193,6,544,756,181,295,1,-1,-1,-1
193,11,1824,440,176,188,1,-1,-1,-1
193,14,1608,792,204,240,1,-1,-1,-1
193,17,760,260,184,168,1,-1,-1,-1
193,23,1117,626,156,268,1,-1,-1,-1
193,24,1524,924,250,261,1,-1,-1,-1
193,29,1740,476,144,212,1,-1,-1,-1
193,33,1676,1136,324,260,1,-1,-1,-1
193,34,360,772,152,280,1,-1,-1,-1
193,38,1248,288,176,152,1,-1,-1,-1
193,41,268,666,128,240,1,-1,-1,-1
193,43,1105,609,163,282,1,-1,-1,-1
193,44,6,1160,168,268,1,-1,-1,-1
193,46,1960,380,136,208,1,-1,-1,-1
193,47,1180,844,284,204,1,-1,-1,-1
193,49,680,408,120,164,1,-1,-1,-1
193,54,290,672,192,288,1,-1,-1,-1
193,55,484,624,136,236,1,-1,-1,-1
193,57,8,1176,216,252,1,-1,-1,-1
193,58,1160,956,264,240,1,-1,-1,-1
193,59,524,300,232,132,1,-1,-1,-1
193,61,2048,840,264,240,1,-1,-1,-1
193,62,1702,491,202,172,1,-1,-1,-1
193,64,1076,1037,508,403,1,-1,-1,-1
193,65,268,672,176,228,1,-1,-1,-1
193,66,1524,948,292,236,1,-1,-1,-1
193,67,528,900,332,240,1,-1,-1,-1
193,68,552,752,156,168,1,-1,-1,-1
193,69,1729,489,156,130,1,-1,-1,-1
193,70,2020,684,252,168,1,-1,-1,-1
193,71,677,1340,410,100,1,-1,-1,-1
193,72,1328,1208,328,224,1,-1,-1,-1
193,73,1128,636,196,224,1,-1,-1,-1
193,74,1848,312,204,136,1,-1,-1,-1
194,0,409,872,290,269,1,-1,-1,-1
194,2,2036,686,252,248,1,-1,-1,-1
194,5,1159,948,268,212,1,-1,-1,-1
194,11,1824,440,176,188,1,-1,-1,-1
194,14,1608,792,204,240,1,-1,-1,-1
194,17,760,260,184,168,1,-1,-1,-1
194,23,1123,628,156,268,1,-1,-1,-1
194,24,1525,926,250,261,1,-1,-1,-1
194,29,1740,476,144,212,1,-1,-1,-1
194,33,1676,1136,324,260,1,-1,-1,-1
194,34,360,772,152,280,1,-1,-1,-1
194,38,1248,288,176,152,1,-1,-1,-1
194,41,269,666,128,240,1,-1,-1,-1
194,43,1110,610,163,282,1,-1,-1,-1
194,44,8,1164,168,268,1,-1,-1,-1
194,46,1960,380,136,208,1,-1,-1,-1
194,47,1180,844,284,204,1,-1,-1,-1
194,49,680,408,120,164,1,-1,-1,-1
194,54,286,663,202,302,1,-1,-1,-1
194,55,484,624,136,236,1,-1,-1,-1
194,57,8,1176,216,252,1,-1,-1,-1
194,58,1160,956,264,240,1,-1,-1,-1
194,59,524,300,232,132,1,-1,-1,-1
194,61,2048,840,264,240,1,-1,-1,-1
194,62,1702,489,202,172,1,-1,-1,-1
194,64,1065,1027,534,413,1,-1,-1,-1
194,65,268,672,176,228,1,-1,-1,-1
194,66,1524,948,292,236,1,-1,-1,-1
194,67,528,900,332,240,1,-1,-1,-1
194,68,552,752,156,168,1,-1,-1,-1
194,69,1728,489,156,130,1,-1,-1,-1
194,70,2020,684,252,168,1,-1,-1,-1
194,71,724,1340,410,100,1,-1,-1,-1
194,72,1328,1208,328,224,1,-1,-1,-1
194,73,1128,636,196,224,1,-1,-1,-1
194,74,1848,312,204,136,1,-1,-1,-1
195,0,411,871,290,269,1,-1,-1,-1
195,2,2040,689,252,248,1,-1,-1,-1
195,5,1162,951,268,212,1,-1,-1,-1
195,11,1825,440,176,188,1,-1,-1,-1
195,14,1611,792,204,240,1,-1,-1,-1
195,17,760,260,184,168,1,-1,-1,-1
195,23,1129,631,156,268,1,-1,-1,-1
195,24,1535,928,250,261,1,-1,-1,-1
195,29,1740,476,144,212,1,-1,-1,-1
195,33,1679,1136,324,260,1,-1,-1,-1
195,34,361,773,152,280,1,-1,-1,-1
195,38,1248,288,176,152,1,-1,-1,-1
195,41,270,666,128,240,1,-1,-1,-1
195,43,1112,611,163,282,1,-1,-1,-1
195,44,8,1168,168,268,1,-1,-1,-1
195,46,1964,380,136,208,1,-1,-1,-1
195,47,1181,844,284,204,1,-1,-1,-1
195,49,680,408,120,164,1,-1,-1,-1
195,54,284,662,202,302,1,-1,-1,-1
195,55,484,625,136,236,1,-1,-1,-1
195,57,10,1180,216,252,1,-1,-1,-1
195,58,1164,956,264,240,1,-1,-1,-1
195,59,524,300,232,132,1,-1,-1,-1
195,61,2051,841,264,240,1,-1,-1,-1
195,62,1699,486,202,172,1,-1,-1,-1
195,64,1069,1024,534,416,1,-1,-1,-1
195,65,269,672,176,228,1,-1,-1,-1
195,66,1529,948,292,236,1,-1,-1,-1
195,67,531,900,332,240,1,-1,-1,-1
195,68,553,752,156,168,1,-1,-1,-1
195,69,1727,488,156,130,1,-1,-1,-1
195,70,2020,686,252,168,1,-1,-1,-1
195,71,775,1339,410,101,1,-1,-1,-1
195,72,1345,1212,328,224,1,-1,-1,-1
195,73,1132,636,196,224,1,-1,-1,-1
195,74,1849,313,204,136,1,-1,-1,-1
196,2,2041,690,252,248,1,-1,-1,-1
196,5,1162,953,268,212,1,-1,-1,-1
196,11,1826,440,176,188,1,-1,-1,-1
196,14,1615,792,204,240,1,-1,-1,-1
196,17,758,260,184,168,1,-1,-1,-1
196,23,1127,625,164,281,1,-1,-1,-1
196,24,1545,929,250,261,1,-1,-1,-1
196,29,1740,476,144,212,1,-1,-1,-1
196,33,1689,1137,324,260,1,-1,-1,-1
196,34,362,773,152,280,1,-1,-1,-1
196,38,1248,288,176,152,1,-1,-1,-1
196,41,271,665,128,240,1,-1,-1,-1
196,43,1116,611,163,282,1,-1,-1,-1
196,44,15,1179,160,255,1,-1,-1,-1
196,46,1969,380,136,208,1,-1,-1,-1
196,47,1182,844,284,204,1,-1,-1,-1
196,49,680,408,120,164,1,-1,-1,-1
196,54,278,655,212,318,1,-1,-1,-1
196,55,485,624,136,236,1,-1,-1,-1
196,57,13,1186,216,252,1,-1,-1,-1
196,58,1165,957,264,240,1,-1,-1,-1
196,59,524,301,232,132,1,-1,-1,-1
196,61,2055,844,264,240,1,-1,-1,-1
196,62,1697,489,202,172,1,-1,-1,-1
196,64,1067,1026,534,414,1,-1,-1,-1
196,65,270,672,176,228,1,-1,-1,-1
196,66,1537,950,292,236,1,-1,-1,-1
196,67,538,901,332,240,1,-1,-1,-1
196,68,554,753,156,168,1,-1,-1,-1
196,69,1725,488,156,130,1,-1,-1,-1
196,70,2022,686,252,168,1,-1,-1,-1
196,71,819,1335,410,105,1,-1,-1,-1
196,72,1361,1215,328,224,1,-1,-1,-1
196,73,1134,637,196,224,1,-1,-1,-1
196,74,1854,314,204,136,1,-1,-1,-1
197,2,2039,691,252,248,1,-1,-1,-1
197,5,1163,955,268,212,1,-1,-1,-1
197,11,1826,439,176,188,1,-1,-1,-1
197,14,1618,792,204,240,1,-1,-1,-1
197,17,756,260,184,168,1,-1,-1,-1
197,23,1129,627,164,281,1,-1,-1,-1
197,24,1565,940,238,249,1,-1,-1,-1
197,29,1740,476,144,212,1,-1,-1,-1
197,33,1701,1141,324,260,1,-1,-1,-1
197,34,362,775,152,280,1,-1,-1,-1
197,38,1249,288,176,152,1,-1,-1,-1
197,41,270,664,128,240,1,-1,-1,-1
197,43,1117,610,163,282,1,-1,-1,-1
197,44,21,1178,160,255,1,-1,-1,-1
197,46,1972,379,136,208,1,-1,-1,-1
197,47,1184,845,284,204,1,-1,-1,-1
197,49,680,408,120,164,1,-1,-1,-1
197,54,280,657,212,318,1,-1,-1,-1
197,55,485,624,136,236,1,-1,-1,-1
197,57,21,1196,216,244,1,-1,-1,-1
197,58,1169,958,264,240,1,-1,-1,-1
197,59,523,302,232,132,1,-1,-1,-1
197,61,2062,847,264,240,1,-1,-1,-1
197,62,1697,488,202,172,1,-1,-1,-1
197,64,1073,1024,534,416,1,-1,-1,-1
197,65,271,673,176,228,1,-1,-1,-1
197,66,1548,951,292,236,1,-1,-1,-1
197,67,543,902,332,240,1,-1,-1,-1
197,68,555,752,156,168,1,-1,-1,-1
197,69,1726,487,156,130,1,-1,-1,-1
197,70,2022,687,252,168,1,-1,-1,-1
197,71,851,1332,410,106,1,-1,-1,-1
197,72,1371,1216,328,224,1,-1,-1,-1
197,73,1135,636,196,224,1,-1,-1,-1
197,74,1857,314,204,136,1,-1,-1,-1
198,2,2037,693,252,248,1,-1,-1,-1
198,5,1166,956,268,212,1,-1,-1,-1
198,11,1826,439,176,188,1,-1,-1,-1
198,14,1624,793,204,240,1,-1,-1,-1
198,17,753,259,184,168,1,-1,-1,-1
198,23,1130,628,164,281,1,-1,-1,-1
198,24,1573,939,238,249,1,-1,-1,-1
198,29,1740,476,144,212,1,-1,-1,-1
198,33,1715,1147,324,260,1,-1,-1,-1
198,34,362,780,152,280,1,-1,-1,-1
198,38,1249,288,176,152,1,-1,-1,-1
198,41,270,665,128,240,1,-1,-1,-1
198,43,1115,612,163,282,1,-1,-1,-1
198,44,18,1153,168,268,1,-1,-1,-1
198,46,1975,381,136,208,1,-1,-1,-1
198,47,1185,846,284,204,1,-1,-1,-1
198,49,679,407,120,164,1,-1,-1,-1
198,54,277,659,212,318,1,-1,-1,-1
198,55,485,625,136,236,1,-1,-1,-1
198,57,13,1202,216,238,1,-1,-1,-1
198,58,1172,959,264,240,1,-1,-1,-1
198,59,519,303,232,132,1,-1,-1,-1
198,61,2064,848,264,240,1,-1,-1,-1
198,62,1697,487,202,172,1,-1,-1,-1
198,64,1070,1023,534,417,1,-1,-1,-1
198,65,270,675,176,228,1,-1,-1,-1
198,66,1560,952,292,236,1,-1,-1,-1
198,67,551,902,332,240,1,-1,-1,-1
198,68,556,752,156,168,1,-1,-1,-1
198,69,1726,487,156,130,1,-1,-1,-1
198,70,2021,689,252,168,1,-1,-1,-1
198,71,887,1332,431,108,1,-1,-1,-1
198,72,1382,1216,328,224,1,-1,-1,-1
198,73,1138,639,196,224,1,-1,-1,-1
198,74,1858,313,204,136,1,-1,-1,-1
199,2,2035,696,252,248,1,-1,-1,-1
199,5,1170,959,268,212,1,-1,-1,-1
199,11,1827,439,176,188,1,-1,-1,-1
199,14,1627,797,204,240,1,-1,-1,-1
199,17,751,257,184,168,1,-1,-1,-1
199,23,1130,629,164,281,1,-1,-1,-1
199,24,1588,936,238,249,1,-1,-1,-1
199,29,1741,476,144,212,1,-1,-1,-1
199,33,1731,1155,324,260,1,-1,-1,-1
199,34,360,791,152,280,1,-1,-1,-1
199,38,1249,288,176,152,1,-1,-1,-1
199,41,266,659,134,252,1,-1,-1,-1
199,43,1108,609,171,296,1,-1,-1,-1
199,44,19,1163,160,255,1,-1,-1,-1
199,46,1977,385,136,208,1,-1,-1,-1
199,47,1188,847,284,204,1,-1,-1,-1
199,49,677,408,120,164,1,-1,-1,-1
199,54,272,659,212,318,1,-1,-1,-1
199,55,485,625,136,236,1,-1,-1,-1
199,57,8,1197,216,243,1,-1,-1,-1
199,58,1178,960,264,240,1,-1,-1,-1
199,59,514,305,232,132,1,-1,-1,-1
199,61,2067,850,264,240,1,-1,-1,-1
199,62,1698,487,202,172,1,-1,-1,-1
199,64,1069,1028,534,412,1,-1,-1,-1
199,65,268,678,176,228,1,-1,-1,-1
199,66,1574,950,292,236,1,-1,-1,-1
199,67,560,899,332,240,1,-1,-1,-1
199,68,555,751,156,168,1,-1,-1,-1
199,69,1727,487,156,130,1,-1,-1,-1
199,70,2020,690,252,168,1,-1,-1,-1
199,71,944,1340,410,100,1,-1,-1,-1
199,72,1390,1217,328,223,1,-1,-1,-1
199,73,1140,639,196,224,1,-1,-1,-1
199,74,1862,312,204,136,1,-1,-1,-1
200,2,2032,696,252,248,1,-1,-1,-1
200,5,1173,960,268,212,1,-1,-1,-1
200,11,1827,439,176,188,1,-1,-1,-1
200,14,1628,795,204,240,1,-1,-1,-1
200,17,751,256,184,168,1,-1,-1,-1
200,23,1130,628,164,281,1,-1,-1,-1
200,24,1590,936,238,249,1,-1,-1,-1
200,29,1741,476,144,212,1,-1,-1,-1
200,33,1733,1158,324,260,1,-1,-1,-1
200,34,355,786,160,294,1,-1,-1,-1
200,38,1249,288,176,152,1,-1,-1,-1
200,41,266,660,134,252,1,-1,-1,-1
200,43,1110,611,171,296,1,-1,-1,-1
200,44,16,1163,160,255,1,-1,-1,-1
200,46,1978,387,136,208,1,-1,-1,-1
200,47,1188,848,284,204,1,-1,-1,-1
200,49,676,408,120,164,1,-1,-1,-1
200,54,271,662,212,318,1,-1,-1,-1
200,55,485,625,136,236,1,-1,-1,-1
200,57,9,1200,216,240,1,-1,-1,-1
200,58,1177,962,264,240,1,-1,-1,-1
200,59,514,305,232,132,1,-1,-1,-1
200,61,2069,851,264,240,1,-1,-1,-1
200,62,1697,488,202,172,1,-1,-1,-1
200,64,1075,1030,534,410,1,-1,-1,-1
200,65,268,677,176,228,1,-1,-1,-1
200,66,1574,950,292,236,1,-1,-1,-1
200,67,563,898,332,240,1,-1,-1,-1
200,68,555,751,156,168,1,-1,-1,-1
200,69,1727,488,156,130,1,-1,-1,-1
200,70,2020,690,252,168,1,-1,-1,-1
200,71,945,1343,410,97,1,-1,-1,-1
200,72,1391,1218,328,222,1,-1,-1,-1
200,73,1140,639,196,224,1,-1,-1,-1
200,74,1862,311,204,136,1,-1,-1,-1
201,2,2032,696,252,248,1,-1,-1,-1
201,5,1173,960,268,212,1,-1,-1,-1
201,11,1832,436,176,176,1,-1,-1,-1
201,14,1604,816,272,192,1,-1,-1,-1
201,17,748,248,172,176,1,-1,-1,-1
201,23,1130,628,164,281,1,-1,-1,-1
201,24,1590,936,238,249,1,-1,-1,-1
201,29,1744,480,144,212,1,-1,-1,-1
201,33,1748,1184,320,252,1,-1,-1,-1
201,34,340,804,168,296,1,-1,-1,-1
201,38,1232,288,196,152,1,-1,-1,-1
201,41,266,660,134,252,1,-1,-1,-1
201,43,1110,611,171,296,1,-1,-1,-1
201,44,16,1163,160,255,1,-1,-1,-1
201,46,1978,387,136,208,1,-1,-1,-1
201,47,1188,844,292,192,1,-1,-1,-1
201,49,676,408,120,164,1,-1,-1,-1
201,54,271,662,212,318,1,-1,-1,-1
201,55,484,624,132,244,1,-1,-1,-1
201,57,9,1200,216,240,1,-1,-1,-1
201,58,1188,964,264,240,1,-1,-1,-1
201,59,514,305,232,132,1,-1,-1,-1
201,61,2080,852,288,232,1,-1,-1,-1
201,62,1697,488,202,172,1,-1,-1,-1
201,64,1075,1030,534,410,1,-1,-1,-1
201,65,268,672,176,228,1,-1,-1,-1
201,66,1592,936,296,244,1,-1,-1,-1
201,67,596,892,268,248,1,-1,-1,-1
201,68,555,751,156,168,1,-1,-1,-1
201,69,1727,488,156,130,1,-1,-1,-1
201,70,2016,696,256,164,1,-1,-1,-1
201,71,945,1343,410,97,1,-1,-1,-1
201,72,1396,1220,324,204,1,-1,-1,-1
201,73,1140,640,204,228,1,-1,-1,-1
201,74,1862,311,204,136,1,-1,-1,-1
201,75,548,752,164,244,1,-1,-1,-1
201,76,1996,404,132,176,1,-1,-1,-1
201,77,12,1304,276,136,1,-1,-1,-1
201,78,512,316,220,136,1,-1,-1,-1
202,5,1191,966,268,212,1,-1,-1,-1
202,11,1832,436,176,176,1,-1,-1,-1
202,14,1608,816,272,192,1,-1,-1,-1
202,17,745,247,172,176,1,-1,-1,-1
202,23,1130,631,164,281,1,-1,-1,-1
202,24,1609,932,238,249,1,-1,-1,-1
202,29,1744,480,144,212,1,-1,-1,-1
202,33,1752,1186,320,252,1,-1,-1,-1
202,34,335,810,168,296,1,-1,-1,-1
202,38,1233,287,196,152,1,-1,-1,-1
202,41,265,659,134,252,1,-1,-1,-1
202,43,1109,611,171,296,1,-1,-1,-1
202,44,17,1175,160,255,1,-1,-1,-1
202,46,1975,402,130,198,1,-1,-1,-1
202,47,1190,844,292,192,1,-1,-1,-1
202,49,674,409,120,164,1,-1,-1,-1
202,54,261,664,212,318,1,-1,-1,-1
202,55,484,623,132,244,1,-1,-1,-1
202,57,15,1196,216,244,1,-1,-1,-1
202,58,1195,965,264,240,1,-1,-1,-1
202,59,493,307,244,139,1,-1,-1,-1
202,61,2081,851,288,232,1,-1,-1,-1
202,62,1697,487,202,172,1,-1,-1,-1
202,64,1084,1033,534,407,1,-1,-1,-1
202,65,265,674,176,228,1,-1,-1,-1
202,66,1597,934,296,244,1,-1,-1,-1
202,67,596,892,268,248,1,-1,-1,-1
202,68,555,749,156,168,1,-1,-1,-1
202,69,1728,488,156,130,1,-1,-1,-1
202,70,2017,695,256,164,1,-1,-1,-1
202,71,981,1344,410,96,1,-1,-1,-1
202,72,1402,1223,324,204,1,-1,-1,-1
202,73,1140,641,204,228,1,-1,-1,-1
202,74,1867,308,204,136,1,-1,-1,-1
202,75,549,751,164,244,1,-1,-1,-1
202,76,1999,412,132,176,1,-1,-1,-1
202,77,24,1309,276,131,1,-1,-1,-1
202,78,507,318,220,136,1,-1,-1,-1
203,5,1208,971,268,212,1,-1,-1,-1
203,11,1832,437,176,176,1,-1,-1,-1
203,14,1617,817,272,192,1,-1,-1,-1
203,17,741,246,172,176,1,-1,-1,-1
203,23,1124,630,172,295,1,-1,-1,-1
203,24,1615,931,238,249,1,-1,-1,-1
203,29,1744,481,144,212,1,-1,-1,-1
203,33,1767,1195,305,240,1,-1,-1,-1
203,34,327,816,168,296,1,-1,-1,-1
203,38,1235,286,196,152,1,-1,-1,-1
203,41,264,659,134,252,1,-1,-1,-1
203,44,20,1177,160,255,1,-1,-1,-1
203,46,1975,400,130,198,1,-1,-1,-1
203,47,1194,843,292,192,1,-1,-1,-1
203,49,673,409,120,164,1,-1,-1,-1
203,54,255,665,212,318,1,-1,-1,-1
203,55,485,621,132,244,1,-1,-1,-1
203,57,17,1189,216,251,1,-1,-1,-1
203,58,1202,968,264,240,1,-1,-1,-1
203,59,488,308,244,139,1,-1,-1,-1
203,61,2083,851,288,232,1,-1,-1,-1
203,62,1698,488,202,172,1,-1,-1,-1
203,64,1089,1032,534,408,1,-1,-1,-1
203,65,262,676,176,228,1,-1,-1,-1
203,66,1604,934,296,244,1,-1,-1,-1
203,67,594,893,268,248,1,-1,-1,-1
203,68,555,749,156,168,1,-1,-1,-1
203,69,1728,488,156,130,1,-1,-1,-1
203,70,2019,694,256,164,1,-1,-1,-1
203,71,981,1349,410,91,1,-1,-1,-1
203,72,1415,1227,324,204,1,-1,-1,-1
203,73,1140,644,204,228,1,-1,-1,-1
203,74,1870,309,204,136,1,-1,-1,-1
203,75,549,750,164,244,1,-1,-1,-1
203,76,2001,415,132,176,1,-1,-1,-1
203,77,49,1318,276,122,1,-1,-1,-1
203,78,502,320,220,136,1,-1,-1,-1
204,5,1223,974,268,212,1,-1,-1,-1
204,11,1834,436,176,176,1,-1,-1,-1
204,14,1626,819,272,192,1,-1,-1,-1
204,17,739,247,172,176,1,-1,-1,-1
204,23,1124,633,172,295,1,-1,-1,-1
204,24,1624,930,238,249,1,-1,-1,-1
204,29,1745,481,144,212,1,-1,-1,-1
204,33,1770,1197,305,240,1,-1,-1,-1
204,34,321,820,168,296,1,-1,-1,-1
204,38,1236,284,196,152,1,-1,-1,-1
204,41,264,659,134,252,1,-1,-1,-1
204,44,18,1172,160,255,1,-1,-1,-1
204,46,1983,403,123,189,1,-1,-1,-1
204,47,1198,842,292,192,1,-1,-1,-1
204,49,673,409,120,164,1,-1,-1,-1
204,54,259,671,202,302,1,-1,-1,-1
204,55,486,621,132,244,1,-1,-1,-1
204,57,19,1192,216,248,1,-1,-1,-1
204,58,1212,967,277,252,1,-1,-1,-1
204,59,492,311,232,132,1,-1,-1,-1
204,61,2085,850,288,232,1,-1,-1,-1
204,62,1697,487,202,172,1,-1,-1,-1
204,64,1097,1036,534,404,1,-1,-1,-1
204,65,263,677,176,228,1,-1,-1,-1
204,66,1611,934,296,244,1,-1,-1,-1
204,67,593,892,268,248,1,-1,-1,-1
204,68,554,750,156,168,1,-1,-1,-1
204,69,1729,488,156,130,1,-1,-1,-1
204,70,2021,693,256,164,1,-1,-1,-1
204,71,992,1352,410,88,1,-1,-1,-1
204,72,1439,1238,324,202,1,-1,-1,-1
204,73,1141,647,204,228,1,-1,-1,-1
204,74,1878,311,204,136,1,-1,-1,-1
204,75,549,750,164,244,1,-1,-1,-1
204,76,2006,416,132,176,1,-1,-1,-1
204,77,87,1327,276,113,1,-1,-1,-1
204,78,499,320,220,136,1,-1,-1,-1
205,5,1238,973,281,223,1,-1,-1,-1
205,11,1834,436,176,176,1,-1,-1,-1
205,14,1634,820,272,192,1,-1,-1,-1
205,17,736,250,172,176,1,-1,-1,-1
205,23,1124,634,172,295,1,-1,-1,-1
205,24,1630,930,238,249,1,-1,-1,-1
205,29,1745,480,144,212,1,-1,-1,-1
205,33,1774,1196,305,240,1,-1,-1,-1
205,34,319,824,168,296,1,-1,-1,-1
205,38,1238,281,196,152,1,-1,-1,-1
205,41,264,659,134,252,1,-1,-1,-1
205,44,23,1179,152,243,1,-1,-1,-1
205,46,1999,405,117,180,1,-1,-1,-1
205,47,1202,841,292,192,1,-1,-1,-1
205,49,670,407,120,164,1,-1,-1,-1
205,54,259,668,202,302,1,-1,-1,-1
205,55,486,621,132,244,1,-1,-1,-1
205,57,23,1190,216,250,1,-1,-1,-1
205,58,1222,968,277,252,1,-1,-1,-1
205,59,491,311,232,132,1,-1,-1,-1
205,61,2096,857,274,221,1,-1,-1,-1
205,62,1697,488,202,172,1,-1,-1,-1
205,64,1106,1044,534,396,1,-1,-1,-1
205,65,263,677,176,228,1,-1,-1,-1
205,66,1620,933,296,244,1,-1,-1,-1
205,67,592,892,268,248,1,-1,-1,-1
205,68,553,750,156,168,1,-1,-1,-1
205,69,1728,488,156,130,1,-1,-1,-1
205,70,2024,693,256,164,1,-1,-1,-1
205,71,994,1352,410,88,1,-1,-1,-1
205,72,1461,1248,324,192,1,-1,-1,-1
205,73,1141,647,204,228,1,-1,-1,-1
205,74,1885,313,204,136,1,-1,-1,-1
205,75,548,748,164,244,1,-1,-1,-1
205,76,2019,430,132,176,1,-1,-1,-1
205,77,149,1346,263,94,1,-1,-1,-1
205,78,497,321,220,136,1,-1,-1,-1
206,5,1238,974,281,223,1,-1,-1,-1
206,11,1834,436,176,176,1,-1,-1,-1
206,14,1636,820,272,192,1,-1,-1,-1
206,17,735,250,172,176,1,-1,-1,-1
206,23,1125,634,172,295,1,-1,-1,-1
206,24,1631,930,238,249,1,-1,-1,-1
206,29,1746,480,144,212,1,-1,-1,-1
206,33,1773,1196,305,240,1,-1,-1,-1
206,34,319,826,168,296,1,-1,-1,-1
206,38,1238,281,196,152,1,-1,-1,-1
206,41,264,659,134,252,1,-1,-1,-1
206,46,2000,407,117,180,1,-1,-1,-1
206,47,1202,842,292,192,1,-1,-1,-1
206,49,668,406,120,164,1,-1,-1,-1
206,54,262,668,202,302,1,-1,-1,-1
206,55,486,620,132,244,1,-1,-1,-1
206,57,15,1179,227,261,1,-1,-1,-1
206,58,1224,970,277,252,1,-1,-1,-1
206,59,491,311,232,132,1,-1,-1,-1
206,61,2090,851,288,232,1,-1,-1,-1
206,62,1703,491,192,164,1,-1,-1,-1
206,64,1116,1038,534,402,1,-1,-1,-1
206,65,264,678,176,228,1,-1,-1,-1
206,66,1621,934,296,244,1,-1,-1,-1
206,67,592,892,268,248,1,-1,-1,-1
206,68,554,751,156,168,1,-1,-1,-1
206,69,1728,488,156,130,1,-1,-1,-1
206,70,2025,693,256,164,1,-1,-1,-1
206,71,996,1352,410,88,1,-1,-1,-1
206,72,1462,1248,324,192,1,-1,-1,-1
206,73,1142,647,204,228,1,-1,-1,-1
206,74,1886,313,204,136,1,-1,-1,-1
206,75,547,748,164,244,1,-1,-1,-1
206,76,2020,430,132,176,1,-1,-1,-1
206,77,150,1346,263,94,1,-1,-1,-1
206,78,496,320,220,136,1,-1,-1,-1
207,5,1251,974,281,223,1,-1,-1,-1
207,11,1833,436,176,176,1,-1,-1,-1
207,14,1640,822,272,192,1,-1,-1,-1
207,17,733,254,172,176,1,-1,-1,-1
207,23,1126,636,172,295,1,-1,-1,-1
207,24,1637,932,238,249,1,-1,-1,-1
207,29,1746,481,144,212,1,-1,-1,-1
207,33,1774,1195,305,240,1,-1,-1,-1
207,34,321,828,168,296,1,-1,-1,-1
207,38,1238,280,196,152,1,-1,-1,-1
207,41,265,658,134,252,1,-1,-1,-1
207,46,2003,412,117,180,1,-1,-1,-1
207,47,1206,837,292,192,1,-1,-1,-1
207,49,669,406,120,164,1,-1,-1,-1
207,54,263,668,202,302,1,-1,-1,-1
207,55,486,620,132,244,1,-1,-1,-1
207,57,18,1188,216,252,1,-1,-1,-1
207,58,1237,971,277,252,1,-1,-1,-1
207,59,490,312,232,132,1,-1,-1,-1
207,61,2099,853,288,232,1,-1,-1,-1
207,62,1705,492,192,164,1,-1,-1,-1
207,64,1110,1041,534,399,1,-1,-1,-1
207,65,264,677,176,228,1,-1,-1,-1
207,66,1628,935,296,244,1,-1,-1,-1
207,67,590,893,268,248,1,-1,-1,-1
207,68,551,750,156,168,1,-1,-1,-1
207,69,1729,488,156,130,1,-1,-1,-1
207,70,2026,693,256,164,1,-1,-1,-1
207,71,1003,1351,410,89,1,-1,-1,-1
207,72,1475,1252,324,188,1,-1,-1,-1
207,73,1142,646,204,228,1,-1,-1,-1
207,74,1899,311,204,136,1,-1,-1,-1
207,75,547,748,164,244,1,-1,-1,-1
207,76,2035,444,132,176,1,-1,-1,-1
207,77,196,1353,250,87,1,-1,-1,-1
207,78,494,321,220,136,1,-1,-1,-1
208,5,1262,981,281,223,1,-1,-1,-1
208,11,1834,436,176,176,1,-1,-1,-1
208,14,1643,823,272,192,1,-1,-1,-1
208,17,730,257,172,176,1,-1,-1,-1
208,23,1124,636,172,295,1,-1,-1,-1
208,24,1649,944,227,237,1,-1,-1,-1
208,29,1747,480,144,212,1,-1,-1,-1
208,33,1776,1196,305,240,1,-1,-1,-1
208,34,326,833,168,296,1,-1,-1,-1
208,38,1238,281,196,152,1,-1,-1,-1
208,41,266,658,134,252,1,-1,-1,-1
208,46,2027,434,112,171,1,-1,-1,-1
208,47,1205,835,292,192,1,-1,-1,-1
208,49,668,404,120,164,1,-1,-1,-1
208,54,268,672,192,288,1,-1,-1,-1
208,55,485,622,132,244,1,-1,-1,-1
208,57,23,1194,206,240,1,-1,-1,-1
208,58,1254,981,277,252,1,-1,-1,-1
208,59,488,312,232,132,1,-1,-1,-1
208,61,2112,854,288,232,1,-1,-1,-1
208,62,1707,492,192,164,1,-1,-1,-1
208,64,1108,1030,560,410,1,-1,-1,-1
208,65,266,676,176,228,1,-1,-1,-1
208,66,1638,936,296,244,1,-1,-1,-1
208,67,590,894,268,248,1,-1,-1,-1
208,68,549,750,156,168,1,-1,-1,-1
208,69,1729,488,156,130,1,-1,-1,-1
208,70,2028,693,256,164,1,-1,-1,-1
208,71,1026,1342,431,98,1,-1,-1,-1
208,72,1484,1257,324,183,1,-1,-1,-1
208,73,1142,645,204,228,1,-1,-1,-1
208,74,1914,308,204,136,1,-1,-1,-1
208,75,547,748,164,244,1,-1,-1,-1
208,76,2050,455,139,185,1,-1,-1,-1
208,77,223,1355,250,85,1,-1,-1,-1
208,78,492,321,220,136,1,-1,-1,-1
209,5,1262,981,281,223,1,-1,-1,-1
209,11,1828,436,172,192,1,-1,-1,-1
209,14,1648,820,252,196,1,-1,-1,-1
209,17,720,260,184,192,1,-1,-1,-1
209,23,1124,636,172,295,1,-1,-1,-1
209,24,1649,944,227,237,1,-1,-1,-1
209,29,1748,464,140,204,1,-1,-1,-1
209,33,1788,1176,292,256,1,-1,-1,-1
209,34,326,833,168,296,1,-1,-1,-1
209,38,1220,288,208,164,1,-1,-1,-1
209,41,266,658,134,252,1,-1,-1,-1
209,46,2027,434,112,171,1,-1,-1,-1
209,47,1200,836,268,176,1,-1,-1,-1
209,49,636,400,140,156,1,-1,-1,-1
209,54,268,672,192,288,1,-1,-1,-1
209,55,484,612,132,256,1,-1,-1,-1
209,57,23,1194,206,240,1,-1,-1,-1
209,58,1272,1000,288,252,1,-1,-1,-1
209,59,488,312,232,132,1,-1,-1,-1
209,61,2124,848,308,256,1,-1,-1,-1
209,62,1707,492,192,164,1,-1,-1,-1
209,64,1108,1030,560,410,1,-1,-1,-1
209,65,268,672,176,232,1,-1,-1,-1
209,66,1652,960,312,228,1,-1,-1,-1
209,67,600,888,264,252,1,-1,-1,-1
209,68,549,750,156,168,1,-1,-1,-1
209,69,1729,488,156,130,1,-1,-1,-1
209,70,2036,696,244,140,1,-1,-1,-1
209,71,1026,1342,431,98,1,-1,-1,-1
209,72,1500,1264,344,176,1,-1,-1,-1
209,73,1128,660,224,196,1,-1,-1,-1
209,74,1928,316,208,144,1,-1,-1,-1
209,75,544,752,156,260,1,-1,-1,-1
209,76,2050,455,139,185,1,-1,-1,-1
209,77,223,1355,250,85,1,-1,-1,-1
209,78,492,321,220,136,1,-1,-1,-1
209,79,2040,456,200,192,1,-1,-1,-1
209,80,352,888,224,292,1,-1,-1,-1
209,81,1956,580,228,164,1,-1,-1,-1
209,82,460,232,252,228,1,-1,-1,-1
210,5,1302,1005,281,223,1,-1,-1,-1
210,11,1829,436,172,192,1,-1,-1,-1
210,14,1650,822,252,196,1,-1,-1,-1
210,17,720,262,184,192,1,-1,-1,-1
210,23,1124,635,172,295,1,-1,-1,-1
210,24,1684,965,216,226,1,-1,-1,-1
210,29,1748,464,140,204,1,-1,-1,-1
210,33,1789,1176,292,256,1,-1,-1,-1
210,34,359,855,168,296,1,-1,-1,-1
210,38,1216,290,208,164,1,-1,-1,-1
210,41,268,658,134,252,1,-1,-1,-1
210,46,2047,443,112,171,1,-1,-1,-1
210,47,1201,837,268,176,1,-1,-1,-1
210,49,634,396,140,156,1,-1,-1,-1
210,54,265,670,192,288,1,-1,-1,-1
210,55,483,613,132,256,1,-1,-1,-1
210,57,25,1196,206,240,1,-1,-1,-1
210,58,1282,1006,288,252,1,-1,-1,-1
210,59,483,314,232,132,1,-1,-1,-1
210,61,2127,848,308,256,1,-1,-1,-1
210,62,1705,490,192,164,1,-1,-1,-1
210,64,1119,1033,560,407,1,-1,-1,-1
210,65,269,672,176,232,1,-1,-1,-1
210,66,1665,965,312,228,1,-1,-1,-1
210,67,601,888,264,252,1,-1,-1,-1
210,68,548,750,156,168,1,-1,-1,-1
210,69,1730,486,156,130,1,-1,-1,-1
210,70,2036,696,244,140,1,-1,-1,-1
210,72,1504,1266,344,174,1,-1,-1,-1
210,73,1127,660,224,196,1,-1,-1,-1
210,74,1932,317,208,144,1,-1,-1,-1
210,75,544,752,156,260,1,-1,-1,-1
210,76,2053,453,139,185,1,-1,-1,-1
210,77,272,1377,250,63,1,-1,-1,-1
210,78,489,321,220,136,1,-1,-1,-1
210,79,2051,459,200,192,1,-1,-1,-1
210,80,366,891,224,292,1,-1,-1,-1
210,81,1967,582,228,164,1,-1,-1,-1
210,82,459,232,252,228,1,-1,-1,-1
211,5,1318,1016,281,223,1,-1,-1,-1
211,11,1829,436,172,192,1,-1,-1,-1
211,14,1653,825,252,196,1,-1,-1,-1
211,17,719,264,184,192,1,-1,-1,-1
211,23,1124,635,172,295,1,-1,-1,-1
211,24,1704,981,216,226,1,-1,-1,-1
211,29,1749,463,140,204,1,-1,-1,-1
211,33,1790,1177,292,256,1,-1,-1,-1
211,34,387,873,168,296,1,-1,-1,-1
211,38,1216,296,198,156,1,-1,-1,-1
211,41,269,658,134,252,1,-1,-1,-1
211,46,2052,447,107,163,1,-1,-1,-1
211,47,1202,838,268,176,1,-1,-1,-1
211,49,633,393,140,156,1,-1,-1,-1
211,54,266,671,192,288,1,-1,-1,-1
211,55,482,614,132,256,1,-1,-1,-1
211,57,19,1187,216,252,1,-1,-1,-1
211,58,1298,1021,288,252,1,-1,-1,-1
211,59,482,314,232,132,1,-1,-1,-1
211,61,2134,851,308,256,1,-1,-1,-1
211,62,1707,488,192,164,1,-1,-1,-1
211,64,1111,1012,588,428,1,-1,-1,-1
211,65,269,673,176,232,1,-1,-1,-1
211,66,1684,973,312,228,1,-1,-1,-1
211,67,602,890,264,252,1,-1,-1,-1
211,68,547,751,156,168,1,-1,-1,-1
211,69,1730,484,156,130,1,-1,-1,-1
211,70,2037,696,244,140,1,-1,-1,-1
211,72,1510,1270,344,170,1,-1,-1,-1
211,73,1128,661,224,196,1,-1,-1,-1
211,74,1935,318,208,144,1,-1,-1,-1
211,75,546,752,156,260,1,-1,-1,-1
211,76,2039,467,139,185,1,-1,-1,-1
211,77,189,1344,250,96,1,-1,-1,-1
211,78,488,321,220,136,1,-1,-1,-1
211,79,2063,462,200,192,1,-1,-1,-1
211,80,376,897,224,292,1,-1,-1,-1
211,81,1983,585,228,164,1,-1,-1,-1
211,82,459,232,252,228,1,-1,-1,-1
212,5,1320,1014,281,223,1,-1,-1,-1
212,11,1829,436,172,192,1,-1,-1,-1
212,14,1655,826,252,196,1,-1,-1,-1
212,17,718,265,184,192,1,-1,-1,-1
212,23,1123,635,172,295,1,-1,-1,-1
212,24,1706,977,216,226,1,-1,-1,-1
212,29,1750,463,140,204,1,-1,-1,-1
212,33,1792,1177,292,256,1,-1,-1,-1
212,34,390,875,168,296,1,-1,-1,-1
212,38,1214,298,198,156,1,-1,-1,-1
212,41,270,658,134,252,1,-1,-1,-1
212,47,1204,839,268,176,1,-1,-1,-1
212,49,632,393,140,156,1,-1,-1,-1
212,54,266,671,192,288,1,-1,-1,-1
212,55,482,615,132,256,1,-1,-1,-1
212,57,19,1189,216,251,1,-1,-1,-1
212,58,1302,1020,288,252,1,-1,-1,-1
212,59,483,313,232,132,1,-1,-1,-1
212,61,2135,851,308,256,1,-1,-1,-1
212,62,1706,488,192,164,1,-1,-1,-1
212,64,1104,1001,618,439,1,-1,-1,-1
212,65,269,672,176,232,1,-1,-1,-1
212,66,1684,974,312,228,1,-1,-1,-1
212,67,603,890,264,252,1,-1,-1,-1
212,68,547,751,156,168,1,-1,-1,-1
212,69,1731,483,156,130,1,-1,-1,-1
212,70,2037,696,244,140,1,-1,-1,-1
212,72,1512,1270,344,170,1,-1,-1,-1
212,73,1129,662,224,196,1,-1,-1,-1
212,74,1936,318,208,144,1,-1,-1,-1
212,75,546,752,156,260,1,-1,-1,-1
212,76,2040,464,132,176,1,-1,-1,-1
212,77,181,1336,250,104,1,-1,-1,-1
212,78,488,322,220,136,1,-1,-1,-1
212,79,2063,462,200,192,1,-1,-1,-1
212,80,378,899,224,292,1,-1,-1,-1
212,81,1983,584,228,164,1,-1,-1,-1
212,82,459,232,252,228,1,-1,-1,-1
213,5,1329,1023,268,212,1,-1,-1,-1
213,11,1829,436,172,192,1,-1,-1,-1
213,14,1656,827,252,196,1,-1,-1,-1
213,17,717,265,184,192,1,-1,-1,-1
213,23,1123,634,172,295,1,-1,-1,-1
213,24,1710,973,227,237,1,-1,-1,-1
213,29,1750,463,140,204,1,-1,-1,-1
213,33,1795,1179,292,256,1,-1,-1,-1
213,34,404,882,168,296,1,-1,-1,-1
213,38,1211,298,198,156,1,-1,-1,-1
213,41,270,659,134,252,1,-1,-1,-1
213,47,1204,839,268,176,1,-1,-1,-1
213,49,630,391,140,156,1,-1,-1,-1
213,54,265,672,192,288,1,-1,-1,-1
213,55,481,615,132,256,1,-1,-1,-1
213,57,20,1187,216,252,1,-1,-1,-1
213,58,1312,1023,288,252,1,-1,-1,-1
213,59,481,314,232,132,1,-1,-1,-1
213,61,2136,852,308,256,1,-1,-1,-1
213,62,1707,486,192,164,1,-1,-1,-1
213,64,1096,998,618,442,1,-1,-1,-1
213,65,269,672,176,232,1,-1,-1,-1
213,66,1697,979,312,228,1,-1,-1,-1
213,67,605,893,264,252,1,-1,-1,-1
213,68,547,751,156,168,1,-1,-1,-1
213,69,1731,483,156,130,1,-1,-1,-1
213,70,2038,696,244,140,1,-1,-1,-1
213,72,1516,1272,344,168,1,-1,-1,-1
213,73,1128,663,224,196,1,-1,-1,-1
213,74,1938,318,208,144,1,-1,-1,-1
213,75,548,752,156,260,1,-1,-1,-1
213,76,2043,475,132,176,1,-1,-1,-1
213,77,181,1329,250,111,1,-1,-1,-1
213,78,486,321,220,136,1,-1,-1,-1
213,79,2074,463,200,192,1,-1,-1,-1
213,80,385,901,224,292,1,-1,-1,-1
213,81,1997,584,228,164,1,-1,-1,-1
213,82,457,233,252,228,1,-1,-1,-1
214,5,1337,1030,255,202,1,-1,-1,-1
214,11,1828,435,172,192,1,-1,-1,-1
214,14,1654,827,252,196,1,-1,-1,-1
214,17,717,265,184,192,1,-1,-1,-1
214,23,1123,636,172,295,1,-1,-1,-1
214,24,1716,979,227,237,1,-1,-1,-1
214,29,1749,461,140,204,1,-1,-1,-1
214,33,1798,1181,292,256,1,-1,-1,-1
214,34,418,892,168,296,1,-1,-1,-1
214,38,1208,298,198,156,1,-1,-1,-1
214,41,270,660,134,252,1,-1,-1,-1
214,47,1205,839,268,176,1,-1,-1,-1
214,49,626,390,140,156,1,-1,-1,-1
214,54,265,670,192,288,1,-1,-1,-1
214,55,480,616,132,256,1,-1,-1,-1
214,57,21,1184,216,252,1,-1,-1,-1
214,58,1317,1027,288,252,1,-1,-1,-1
214,59,480,313,232,132,1,-1,-1,-1
214,61,2140,854,308,256,1,-1,-1,-1
214,62,1707,486,192,164,1,-1,-1,-1
214,64,1105,992,618,448,1,-1,-1,-1
214,65,269,672,176,232,1,-1,-1,-1
214,66,1705,984,312,228,1,-1,-1,-1
214,67,606,891,264,252,1,-1,-1,-1
214,68,547,751,156,168,1,-1,-1,-1
214,69,1730,481,156,130,1,-1,-1,-1
214,70,2038,696,244,140,1,-1,-1,-1
214,72,1522,1274,344,166,1,-1,-1,-1
214,73,1129,663,224,196,1,-1,-1,-1
214,74,1942,318,208,144,1,-1,-1,-1
214,75,549,752,156,260,1,-1,-1,-1
214,76,2048,480,132,176,1,-1,-1,-1
214,78,486,320,220,136,1,-1,-1,-1
214,79,2082,465,200,192,1,-1,-1,-1
214,80,418,918,235,307,1,-1,-1,-1
214,81,2014,586,228,164,1,-1,-1,-1
214,82,457,231,252,228,1,-1,-1,-1
215,5,1343,1036,255,202,1,-1,-1,-1
215,11,1828,434,172,192,1,-1,-1,-1
215,14,1652,827,252,196,1,-1,-1,-1
215,17,716,266,184,192,1,-1,-1,-1
215,23,1124,635,172,295,1,-1,-1,-1
215,24,1728,987,227,237,1,-1,-1,-1
215,29,1749,460,140,204,1,-1,-1,-1
215,33,1802,1179,292,256,1,-1,-1,-1
215,34,430,923,168,296,1,-1,-1,-1
215,38,1204,297,198,156,1,-1,-1,-1
215,41,270,660,134,252,1,-1,-1,-1
215,47,1206,840,268,176,1,-1,-1,-1
215,49,624,389,140,156,1,-1,-1,-1
215,54,266,670,192,288,1,-1,-1,-1
215,55,479,616,132,256,1,-1,-1,-1
215,57,25,1193,206,240,1,-1,-1,-1
215,58,1324,1029,288,252,1,-1,-1,-1
215,59,481,311,232,132,1,-1,-1,-1
215,61,2144,854,308,256,1,-1,-1,-1
215,62,1705,482,192,164,1,-1,-1,-1
215,65,269,672,176,232,1,-1,-1,-1
215,66,1712,992,312,228,1,-1,-1,-1
215,67,609,891,264,252,1,-1,-1,-1
215,68,548,751,156,168,1,-1,-1,-1
215,69,1729,479,156,130,1,-1,-1,-1
215,70,2037,696,244,140,1,-1,-1,-1
215,72,1539,1280,328,160,1,-1,-1,-1
215,73,1134,667,213,187,1,-1,-1,-1
215,74,1946,319,208,144,1,-1,-1,-1
215,75,550,753,156,260,1,-1,-1,-1
215,76,2053,479,132,176,1,-1,-1,-1
215,78,487,318,220,136,1,-1,-1,-1
215,79,2089,465,200,192,1,-1,-1,-1
215,80,435,941,235,307,1,-1,-1,-1
215,81,2029,587,228,164,1,-1,-1,-1
215,82,458,230,252,228,1,-1,-1,-1
216,5,1343,1039,255,202,1,-1,-1,-1
216,11,1827,434,172,192,1,-1,-1,-1
216,14,1652,828,252,196,1,-1,-1,-1
216,17,716,267,184,192,1,-1,-1,-1
216,23,1126,635,172,295,1,-1,-1,-1
216,24,1735,987,227,237,1,-1,-1,-1
216,29,1749,459,140,204,1,-1,-1,-1
216,33,1805,1180,292,256,1,-1,-1,-1
216,34,449,956,168,296,1,-1,-1,-1
216,38,1201,295,198,156,1,-1,-1,-1
216,41,270,660,134,252,1,-1,-1,-1
216,47,1202,837,281,185,1,-1,-1,-1
216,49,621,389,140,156,1,-1,-1,-1
216,54,266,669,192,288,1,-1,-1,-1
216,55,478,618,132,256,1,-1,-1,-1
216,57,23,1191,206,240,1,-1,-1,-1
216,58,1332,1034,288,252,1,-1,-1,-1
216,59,482,311,232,132,1,-1,-1,-1
216,61,2146,855,308,256,1,-1,-1,-1
216,62,1706,482,192,164,1,-1,-1,-1
216,65,269,672,176,232,1,-1,-1,-1
216,66,1712,990,328,239,1,-1,-1,-1
216,67,610,891,264,252,1,-1,-1,-1
216,68,548,751,156,168,1,-1,-1,-1
216,69,1730,479,156,130,1,-1,-1,-1
216,70,2038,696,244,140,1,-1,-1,-1
216,72,1552,1286,328,154,1,-1,-1,-1
216,73,1133,667,213,187,1,-1,-1,-1
216,74,1955,321,208,144,1,-1,-1,-1
216,75,549,754,156,260,1,-1,-1,-1
216,76,2057,489,132,176,1,-1,-1,-1
216,78,487,319,220,136,1,-1,-1,-1
216,79,2095,467,200,192,1,-1,-1,-1
216,80,453,970,235,307,1,-1,-1,-1
216,81,2038,587,228,164,1,-1,-1,-1
216,82,458,230,252,228,1,-1,-1,-1
217,11,1836,432,152,216,1,-1,-1,-1
217,14,1648,820,256,208,1,-1,-1,-1
217,17,712,268,184,180,1,-1,-1,-1
217,23,1126,635,172,295,1,-1,-1,-1
217,24,1735,987,227,237,1,-1,-1,-1
217,29,1749,459,140,204,1,-1,-1,-1
217,33,1796,1196,336,228,1,-1,-1,-1
217,34,449,956,168,296,1,-1,-1,-1
217,38,1201,295,198,156,1,-1,-1,-1
217,47,1202,837,281,185,1,-1,-1,-1
217,49,580,396,184,148,1,-1,-1,-1
217,54,266,669,192,288,1,-1,-1,-1
217,55,468,624,140,256,1,-1,-1,-1
217,57,23,1191,206,240,1,-1,-1,-1
217,58,1336,1040,284,224,1,-1,-1,-1
217,59,482,311,232,132,1,-1,-1,-1
217,61,2160,856,304,240,1,-1,-1,-1
217,62,1706,482,192,164,1,-1,-1,-1
217,65,268,672,176,228,1,-1,-1,-1
217,66,1740,1000,328,188,1,-1,-1,-1
217,67,604,888,264,240,1,-1,-1,-1
217,68,548,751,156,168,1,-1,-1,-1
217,69,1748,460,140,156,1,-1,-1,-1
217,70,2036,692,240,136,1,-1,-1,-1
217,72,1584,1300,256,140,1,-1,-1,-1
217,73,1132,660,220,200,1,-1,-1,-1
217,74,1955,321,208,144,1,-1,-1,-1
217,75,548,752,156,256,1,-1,-1,-1
217,76,2057,489,132,176,1,-1,-1,-1
217,78,487,319,220,136,1,-1,-1,-1
217,79,2095,467,200,192,1,-1,-1,-1
217,80,453,970,235,307,1,-1,-1,-1
217,81,2038,587,228,164,1,-1,-1,-1
217,82,460,236,240,204,1,-1,-1,-1
217,83,452,1024,328,284,1,-1,-1,-1
217,84,1204,844,260,248,1,-1,-1,-1
217,85,1172,288,196,164,1,-1,-1,-1
217,86,2076,500,228,136,1,-1,-1,-1
217,87,1968,328,216,172,1,-1,-1,-1
218,11,1836,432,152,216,1,-1,-1,-1
218,14,1648,820,256,208,1,-1,-1,-1
218,17,712,268,184,180,1,-1,-1,-1
218,23,1127,638,172,295,1,-1,-1,-1
218,24,1746,991,227,237,1,-1,-1,-1
218,29,1750,460,140,204,1,-1,-1,-1
218,33,1796,1196,336,228,1,-1,-1,-1
218,34,466,966,160,282,1,-1,-1,-1
218,38,1187,298,198,156,1,-1,-1,-1
218,47,1209,841,268,176,1,-1,-1,-1
218,49,580,396,184,148,1,-1,-1,-1
218,54,266,670,192,288,1,-1,-1,-1
218,55,468,624,140,256,1,-1,-1,-1
218,57,24,1190,206,240,1,-1,-1,-1
218,58,1336,1040,284,224,1,-1,-1,-1
218,59,482,309,232,132,1,-1,-1,-1
218,61,2160,856,304,240,1,-1,-1,-1
218,62,1707,483,192,164,1,-1,-1,-1
218,65,268,672,176,228,1,-1,-1,-1
218,66,1740,1000,328,188,1,-1,-1,-1
218,67,604,888,264,240,1,-1,-1,-1
218,68,547,751,156,168,1,-1,-1,-1
218,69,1748,460,140,156,1,-1,-1,-1
218,70,2036,692,240,136,1,-1,-1,-1
218,72,1584,1300,256,140,1,-1,-1,-1
218,73,1132,660,220,200,1,-1,-1,-1
218,74,1962,325,208,144,1,-1,-1,-1
218,75,548,752,156,256,1,-1,-1,-1
218,78,486,316,220,136,1,-1,-1,-1
218,79,2112,473,190,183,1,-1,-1,-1
218,80,480,988,235,307,1,-1,-1,-1
218,81,2044,585,228,164,1,-1,-1,-1
218,82,460,236,240,204,1,-1,-1,-1
218,83,452,1024,328,284,1,-1,-1,-1
218,84,1204,844,260,248,1,-1,-1,-1
218,85,1172,288,196,164,1,-1,-1,-1
218,86,2076,500,228,136,1,-1,-1,-1
218,87,1968,328,216,172,1,-1,-1,-1
219,11,1837,432,152,216,1,-1,-1,-1
219,14,1651,821,256,208,1,-1,-1,-1
219,17,713,268,184,180,1,-1,-1,-1
219,23,1126,636,172,295,1,-1,-1,-1
219,24,1761,1002,227,237,1,-1,-1,-1
219,29,1752,460,140,204,1,-1,-1,-1
219,33,1798,1196,336,228,1,-1,-1,-1
219,34,492,976,168,296,1,-1,-1,-1
219,38,1168,302,198,156,1,-1,-1,-1
219,47,1205,838,281,185,1,-1,-1,-1
219,49,579,400,184,148,1,-1,-1,-1
219,54,265,670,192,288,1,-1,-1,-1
219,55,468,626,140,256,1,-1,-1,-1
219,57,25,1195,206,240,1,-1,-1,-1
219,58,1336,1040,284,224,1,-1,-1,-1
219,59,483,308,232,132,1,-1,-1,-1
219,61,2163,858,304,240,1,-1,-1,-1
219,62,1713,486,183,156,1,-1,-1,-1
219,65,268,672,176,228,1,-1,-1,-1
219,66,1749,1002,328,188,1,-1,-1,-1
219,67,610,890,264,240,1,-1,-1,-1
219,68,547,751,156,168,1,-1,-1,-1
219,69,1749,461,140,156,1,-1,-1,-1
219,70,2036,692,240,136,1,-1,-1,-1
219,72,1605,1301,256,139,1,-1,-1,-1
219,73,1132,660,220,200,1,-1,-1,-1
219,74,1969,328,208,144,1,-1,-1,-1
219,75,548,752,156,256,1,-1,-1,-1
219,78,485,315,220,136,1,-1,-1,-1
219,79,2117,474,190,183,1,-1,-1,-1
219,80,507,996,235,307,1,-1,-1,-1
219,81,2046,585,228,164,1,-1,-1,-1
219,82,460,235,240,204,1,-1,-1,-1
219,83,474,1028,328,284,1,-1,-1,-1
219,84,1205,845,260,248,1,-1,-1,-1
219,85,1168,288,196,164,1,-1,-1,-1
219,86,2080,500,228,136,1,-1,-1,-1
219,87,1973,331,216,172,1,-1,-1,-1
220,11,1837,433,152,216,1,-1,-1,-1
220,14,1653,824,256,208,1,-1,-1,-1
220,17,713,271,184,180,1,-1,-1,-1
220,23,1127,637,172,295,1,-1,-1,-1
220,24,1783,1004,227,237,1,-1,-1,-1
220,29,1753,460,140,204,1,-1,-1,-1
220,33,1801,1196,336,228,1,-1,-1,-1
220,34,518,966,176,311,1,-1,-1,-1
220,38,1147,315,198,156,1,-1,-1,-1
220,47,1205,840,281,185,1,-1,-1,-1
220,49,577,403,184,148,1,-1,-1,-1
220,54,265,670,192,288,1,-1,-1,-1
220,55,468,628,140,256,1,-1,-1,-1
220,57,26,1195,206,240,1,-1,-1,-1
220,58,1337,1041,284,224,1,-1,-1,-1
220,59,484,311,221,126,1,-1,-1,-1
220,61,2165,859,304,240,1,-1,-1,-1
220,62,1713,486,183,156,1,-1,-1,-1
220,65,268,672,176,228,1,-1,-1,-1
220,66,1771,1006,328,188,1,-1,-1,-1
220,67,606,890,264,240,1,-1,-1,-1
220,68,547,752,156,168,1,-1,-1,-1
220,69,1749,461,140,156,1,-1,-1,-1
220,70,2037,694,240,136,1,-1,-1,-1
220,72,1625,1302,256,138,1,-1,-1,-1
220,73,1132,660,220,200,1,-1,-1,-1
220,74,1975,332,208,144,1,-1,-1,-1
220,75,548,752,156,256,1,-1,-1,-1
220,78,483,314,220,136,1,-1,-1,-1
220,79,2130,480,190,183,1,-1,-1,-1
220,80,542,997,235,307,1,-1,-1,-1
220,81,2052,587,228,164,1,-1,-1,-1
220,82,460,235,240,204,1,-1,-1,-1
220,83,517,1033,328,284,1,-1,-1,-1
220,84,1207,846,260,248,1,-1,-1,-1
220,85,1154,291,196,164,1,-1,-1,-1
220,86,2086,502,228,136,1,-1,-1,-1
220,87,1977,333,216,172,1,-1,-1,-1
221,11,1837,432,152,216,1,-1,-1,-1
221,14,1653,824,256,208,1,-1,-1,-1
221,17,713,271,184,180,1,-1,-1,-1
221,23,1127,639,172,295,1,-1,-1,-1
221,24,1807,1002,227,237,1,-1,-1,-1
221,29,1753,461,140,204,1,-1,-1,-1
221,33,1805,1196,336,228,1,-1,-1,-1
221,34,496,978,176,311,1,-1,-1,-1
221,38,1138,327,189,149,1,-1,-1,-1
221,47,1213,844,268,176,1,-1,-1,-1
221,49,574,405,184,148,1,-1,-1,-1
221,54,264,670,192,288,1,-1,-1,-1
221,55,466,630,140,256,1,-1,-1,-1
221,57,26,1196,206,240,1,-1,-1,-1
221,58,1338,1040,284,224,1,-1,-1,-1
221,59,483,310,221,126,1,-1,-1,-1
221,61,2169,863,304,240,1,-1,-1,-1
221,62,1714,486,183,156,1,-1,-1,-1
221,65,267,673,176,228,1,-1,-1,-1
221,66,1796,1012,328,188,1,-1,-1,-1
221,67,605,889,264,240,1,-1,-1,-1
221,68,547,751,156,168,1,-1,-1,-1
221,69,1749,461,140,156,1,-1,-1,-1
221,70,2038,696,240,136,1,-1,-1,-1
221,72,1646,1311,244,129,1,-1,-1,-1
221,73,1132,660,220,200,1,-1,-1,-1
221,74,1982,334,208,144,1,-1,-1,-1
221,75,549,751,156,256,1,-1,-1,-1
221,78,482,312,220,136,1,-1,-1,-1
221,79,2144,488,181,174,1,-1,-1,-1
221,80,597,1018,235,307,1,-1,-1,-1
221,81,2064,587,228,164,1,-1,-1,-1
221,82,459,234,240,204,1,-1,-1,-1
221,83,587,1053,328,284,1,-1,-1,-1
221,84,1208,846,260,248,1,-1,-1,-1
221,85,1139,290,196,164,1,-1,-1,-1
221,86,2091,504,228,136,1,-1,-1,-1
221,87,1981,333,216,172,1,-1,-1,-1
222,11,1837,432,152,216,1,-1,-1,-1
222,14,1652,825,256,208,1,-1,-1,-1
222,17,713,272,184,180,1,-1,-1,-1
222,23,1127,639,172,295,1,-1,-1,-1
222,24,1839,1002,216,226,1,-1,-1,-1
222,29,1752,460,140,204,1,-1,-1,-1
222,33,1808,1195,336,228,1,-1,-1,-1
222,34,489,986,176,311,1,-1,-1,-1
222,38,1122,321,198,156,1,-1,-1,-1
222,47,1213,845,268,176,1,-1,-1,-1
222,49,572,407,184,148,1,-1,-1,-1
222,54,268,677,183,274,1,-1,-1,-1
222,55,465,631,140,256,1,-1,-1,-1
222,57,22,1187,216,252,1,-1,-1,-1
222,58,1338,1039,284,224,1,-1,-1,-1
222,59,484,308,221,126,1,-1,-1,-1
222,61,2175,865,304,240,1,-1,-1,-1
222,62,1708,484,192,164,1,-1,-1,-1
222,65,267,673,176,228,1,-1,-1,-1
222,66,1822,1012,328,188,1,-1,-1,-1
222,67,606,888,264,240,1,-1,-1,-1
222,68,547,750,156,168,1,-1,-1,-1
222,69,1749,460,140,156,1,-1,-1,-1
222,70,2039,699,240,136,1,-1,-1,-1
222,72,1657,1315,232,125,1,-1,-1,-1
222,73,1133,661,220,200,1,-1,-1,-1
222,74,1983,335,208,144,1,-1,-1,-1
222,75,549,751,156,256,1,-1,-1,-1
222,78,487,314,210,130,1,-1,-1,-1
222,79,2146,486,181,174,1,-1,-1,-1
222,80,632,1017,235,307,1,-1,-1,-1
222,81,2069,585,228,164,1,-1,-1,-1
222,82,459,234,240,204,1,-1,-1,-1
222,83,627,1057,328,284,1,-1,-1,-1
222,84,1209,846,260,248,1,-1,-1,-1
222,85,1123,289,196,164,1,-1,-1,-1
222,86,2097,504,228,136,1,-1,-1,-1
222,87,1982,334,216,172,1,-1,-1,-1
223,11,1836,434,152,216,1,-1,-1,-1
223,14,1652,825,256,208,1,-1,-1,-1
223,17,712,272,184,180,1,-1,-1,-1
223,23,1127,639,172,295,1,-1,-1,-1
223,24,1860,1001,216,226,1,-1,-1,-1
223,29,1752,459,140,204,1,-1,-1,-1
223,33,1813,1194,336,228,1,-1,-1,-1
223,38,1118,319,198,156,1,-1,-1,-1
223,47,1211,844,268,176,1,-1,-1,-1
223,49,570,408,184,148,1,-1,-1,-1
223,54,270,676,183,274,1,-1,-1,-1
223,55,464,634,140,256,1,-1,-1,-1
223,57,20,1186,216,252,1,-1,-1,-1
223,58,1342,1040,284,224,1,-1,-1,-1
223,59,483,306,221,126,1,-1,-1,-1
223,61,2177,867,304,240,1,-1,-1,-1
223,62,1707,484,192,164,1,-1,-1,-1
223,65,267,673,176,228,1,-1,-1,-1
223,66,1836,1014,328,188,1,-1,-1,-1
223,67,606,889,264,240,1,-1,-1,-1
223,68,547,749,156,168,1,-1,-1,-1
223,69,1748,460,140,156,1,-1,-1,-1
223,70,2038,702,240,136,1,-1,-1,-1
223,72,1669,1321,221,119,1,-1,-1,-1
223,73,1133,661,220,200,1,-1,-1,-1
223,74,1986,336,208,144,1,-1,-1,-1
223,75,548,751,156,256,1,-1,-1,-1
223,78,486,312,210,130,1,-1,-1,-1
223,79,2151,483,181,174,1,-1,-1,-1
223,80,660,1025,235,307,1,-1,-1,-1
223,81,2078,584,228,164,1,-1,-1,-1
223,82,458,234,240,204,1,-1,-1,-1
223,83,659,1058,344,298,1,-1,-1,-1
223,84,1210,849,260,248,1,-1,-1,-1
223,85,1117,287,196,164,1,-1,-1,-1
223,86,2107,505,217,130,1,-1,-1,-1
223,87,1983,335,216,172,1,-1,-1,-1
224,11,1836,434,152,216,1,-1,-1,-1
224,14,1652,825,256,208,1,-1,-1,-1
224,17,712,272,184,180,1,-1,-1,-1
224,23,1127,640,172,295,1,-1,-1,-1
224,24,1862,1001,216,226,1,-1,-1,-1
224,29,1752,459,140,204,1,-1,-1,-1
224,33,1813,1194,336,228,1,-1,-1,-1
224,38,1116,319,198,156,1,-1,-1,-1
224,47,1211,844,268,176,1,-1,-1,-1
224,49,570,408,184,148,1,-1,-1,-1
224,54,269,676,183,274,1,-1,-1,-1
224,55,463,634,140,256,1,-1,-1,-1
224,57,20,1188,216,252,1,-1,-1,-1
224,58,1342,1040,284,224,1,-1,-1,-1
224,59,482,305,221,126,1,-1,-1,-1
224,61,2181,869,304,240,1,-1,-1,-1
224,62,1709,484,192,164,1,-1,-1,-1
224,65,267,673,176,228,1,-1,-1,-1
224,66,1836,1015,328,188,1,-1,-1,-1
224,67,606,889,264,240,1,-1,-1,-1
224,68,547,749,156,168,1,-1,-1,-1
224,69,1748,460,140,156,1,-1,-1,-1
224,70,2036,703,240,136,1,-1,-1,-1
224,72,1671,1323,221,117,1,-1,-1,-1
224,73,1134,661,220,200,1,-1,-1,-1
224,74,1986,336,208,144,1,-1,-1,-1
224,75,548,751,156,256,1,-1,-1,-1
224,78,485,311,210,130,1,-1,-1,-1
224,79,2150,482,181,174,1,-1,-1,-1
224,80,673,1028,235,307,1,-1,-1,-1
224,81,2079,583,228,164,1,-1,-1,-1
224,82,458,234,240,204,1,-1,-1,-1
224,83,663,1059,344,298,1,-1,-1,-1
224,84,1210,848,260,248,1,-1,-1,-1
224,85,1116,286,196,164,1,-1,-1,-1
224,86,2107,504,217,130,1,-1,-1,-1
224,87,1984,335,216,172,1,-1,-1,-1
225,11,1832,432,152,228,1,-1,-1,-1
225,14,1648,824,256,212,1,-1,-1,-1
225,17,704,272,192,180,1,-1,-1,-1
225,23,1127,640,172,295,1,-1,-1,-1
225,24,1862,1001,216,226,1,-1,-1,-1
225,29,1752,459,140,204,1,-1,-1,-1
225,33,1824,1192,348,200,1,-1,-1,-1
225,38,1116,319,198,156,1,-1,-1,-1
225,47,1211,844,268,176,1,-1,-1,-1
225,49,570,408,184,148,1,-1,-1,-1
225,54,269,676,183,274,1,-1,-1,-1
225,55,448,640,152,264,1,-1,-1,-1
225,57,20,1188,216,252,1,-1,-1,-1
225,58,1356,1024,252,244,1,-1,-1,-1
225,59,482,305,221,126,1,-1,-1,-1
225,61,2188,896,296,212,1,-1,-1,-1
225,62,1709,484,192,164,1,-1,-1,-1
225,65,268,672,176,228,1,-1,-1,-1
225,66,1856,996,320,216,1,-1,-1,-1
225,67,612,888,272,252,1,-1,-1,-1
225,68,547,749,156,168,1,-1,-1,-1
225,69,1748,444,136,168,1,-1,-1,-1
225,70,2036,703,240,136,1,-1,-1,-1
225,72,1671,1323,221,117,1,-1,-1,-1
225,73,1132,660,216,204,1,-1,-1,-1
225,74,1986,336,208,144,1,-1,-1,-1
225,75,552,752,156,268,1,-1,-1,-1
225,78,485,311,210,130,1,-1,-1,-1
225,79,2150,482,181,174,1,-1,-1,-1
225,80,673,1028,235,307,1,-1,-1,-1
225,81,2079,583,228,164,1,-1,-1,-1
225,82,460,236,232,196,1,-1,-1,-1
225,83,663,1059,344,298,1,-1,-1,-1
225,84,1204,848,260,248,1,-1,-1,-1
225,85,1112,288,192,172,1,-1,-1,-1
225,86,2112,512,196,108,1,-1,-1,-1
225,87,1984,335,216,172,1,-1,-1,-1
225,88,704,1100,356,284,1,-1,-1,-1
225,89,2100,576,232,140,1,-1,-1,-1
226,11,1832,431,152,228,1,-1,-1,-1
226,14,1648,824,256,212,1,-1,-1,-1
226,17,704,272,192,180,1,-1,-1,-1
226,23,1128,639,172,295,1,-1,-1,-1
226,24,1887,1006,216,226,1,-1,-1,-1
226,29,1752,459,140,204,1,-1,-1,-1
226,33,1829,1189,348,200,1,-1,-1,-1
226,38,1110,316,198,156,1,-1,-1,-1
226,47,1213,846,268,176,1,-1,-1,-1
226,49,569,409,184,148,1,-1,-1,-1
226,54,269,676,183,274,1,-1,-1,-1
226,55,448,640,152,264,1,-1,-1,-1
226,57,21,1187,216,252,1,-1,-1,-1
226,58,1358,1022,252,244,1,-1,-1,-1
226,59,480,304,221,126,1,-1,-1,-1
226,61,2194,898,296,212,1,-1,-1,-1
226,62,1707,484,192,164,1,-1,-1,-1
226,65,268,672,176,228,1,-1,-1,-1
226,66,1862,997,320,216,1,-1,-1,-1
226,67,614,891,272,252,1,-1,-1,-1
226,68,547,748,156,168,1,-1,-1,-1
226,69,1748,444,136,168,1,-1,-1,-1
226,70,2042,708,229,130,1,-1,-1,-1
226,72,1690,1343,221,97,1,-1,-1,-1
226,73,1132,660,216,204,1,-1,-1,-1
226,74,1988,338,208,144,1,-1,-1,-1
226,75,552,752,156,268,1,-1,-1,-1
226,78,483,310,210,130,1,-1,-1,-1
226,79,2159,486,181,174,1,-1,-1,-1
226,81,2090,581,228,164,1,-1,-1,-1
226,82,460,235,232,196,1,-1,-1,-1
226,83,726,1091,344,298,1,-1,-1,-1
226,84,1205,848,260,248,1,-1,-1,-1
226,85,1109,289,192,172,1,-1,-1,-1
226,86,2113,511,196,108,1,-1,-1,-1
226,87,1984,339,216,172,1,-1,-1,-1
226,88,720,1111,356,284,1,-1,-1,-1
226,89,2102,576,232,140,1,-1,-1,-1
227,11,1832,431,152,228,1,-1,-1,-1
227,14,1648,825,256,212,1,-1,-1,-1
227,17,705,272,192,180,1,-1,-1,-1
227,23,1129,640,172,295,1,-1,-1,-1
227,24,1894,1017,216,226,1,-1,-1,-1
227,29,1752,459,140,204,1,-1,-1,-1
227,33,1846,1190,331,190,1,-1,-1,-1
227,38,1107,318,198,156,1,-1,-1,-1
227,47,1212,845,268,176,1,-1,-1,-1
227,49,569,408,184,148,1,-1,-1,-1
227,54,269,676,183,274,1,-1,-1,-1
227,55,448,641,152,264,1,-1,-1,-1
227,57,21,1184,216,252,1,-1,-1,-1
227,58,1361,1021,252,244,1,-1,-1,-1
227,59,479,304,221,126,1,-1,-1,-1
227,61,2201,902,296,212,1,-1,-1,-1
227,62,1707,484,192,164,1,-1,-1,-1
227,65,269,672,176,228,1,-1,-1,-1
227,66,1869,1001,320,216,1,-1,-1,-1
227,67,615,894,272,252,1,-1,-1,-1
227,68,548,748,156,168,1,-1,-1,-1
227,69,1748,444,136,168,1,-1,-1,-1
227,70,2038,706,240,136,1,-1,-1,-1
227,72,1709,1352,221,88,1,-1,-1,-1
227,73,1132,661,216,204,1,-1,-1,-1
227,74,1994,344,198,137,1,-1,-1,-1
227,75,552,752,156,268,1,-1,-1,-1
227,78,481,309,210,130,1,-1,-1,-1
227,79,2167,482,181,174,1,-1,-1,-1
227,81,2094,579,228,164,1,-1,-1,-1
227,82,460,235,232,196,1,-1,-1,-1
227,83,760,1098,344,298,1,-1,-1,-1
227,84,1207,849,260,248,1,-1,-1,-1
227,85,1108,291,192,172,1,-1,-1,-1
227,86,2114,508,196,108,1,-1,-1,-1
227,87,1983,341,216,172,1,-1,-1,-1
227,88,748,1119,356,284,1,-1,-1,-1
227,89,2106,576,232,140,1,-1,-1,-1
228,11,1833,431,152,228,1,-1,-1,-1
228,14,1648,824,256,212,1,-1,-1,-1
228,17,705,272,192,180,1,-1,-1,-1
228,23,1130,639,172,295,1,-1,-1,-1
228,24,1913,1033,216,226,1,-1,-1,-1
228,29,1752,459,140,204,1,-1,-1,-1
228,33,1855,1190,331,190,1,-1,-1,-1
228,38,1093,316,198,156,1,-1,-1,-1
228,47,1211,844,268,176,1,-1,-1,-1
228,49,570,407,184,148,1,-1,-1,-1
228,54,271,676,183,274,1,-1,-1,-1
228,55,448,644,152,264,1,-1,-1,-1
228,57,21,1186,216,252,1,-1,-1,-1
228,58,1364,1018,252,244,1,-1,-1,-1
228,59,480,305,221,126,1,-1,-1,-1
228,61,2207,904,296,212,1,-1,-1,-1
228,62,1707,485,192,164,1,-1,-1,-1
228,65,269,673,176,228,1,-1,-1,-1
228,66,1881,1010,320,216,1,-1,-1,-1
228,67,616,894,272,252,1,-1,-1,-1
228,68,548,749,156,168,1,-1,-1,-1
228,69,1748,444,136,168,1,-1,-1,-1
228,70,2040,709,240,136,1,-1,-1,-1
228,72,1729,1376,221,64,1,-1,-1,-1
228,73,1133,662,216,204,1,-1,-1,-1
228,74,1999,348,198,137,1,-1,-1,-1
228,75,552,752,156,268,1,-1,-1,-1
228,78,481,310,210,130,1,-1,-1,-1
228,79,2186,488,181,174,1,-1,-1,-1
228,81,2098,578,228,164,1,-1,-1,-1
228,82,460,235,232,196,1,-1,-1,-1
228,83,793,1099,344,298,1,-1,-1,-1
228,84,1208,849,260,248,1,-1,-1,-1
228,85,1103,294,192,172,1,-1,-1,-1
228,86,2115,505,196,108,1,-1,-1,-1
228,87,1982,345,216,172,1,-1,-1,-1
228,88,768,1112,374,298,1,-1,-1,-1
228,89,2109,576,232,140,1,-1,-1,-1
229,11,1833,431,152,228,1,-1,-1,-1
229,14,1648,824,256,212,1,-1,-1,-1
229,17,704,272,192,180,1,-1,-1,-1
229,23,1130,641,172,295,1,-1,-1,-1
229,24,1918,1041,216,226,1,-1,-1,-1
229,29,1752,459,140,204,1,-1,-1,-1
229,33,1864,1194,331,190,1,-1,-1,-1
229,38,1092,318,198,156,1,-1,-1,-1
229,47,1210,844,268,176,1,-1,-1,-1
229,49,569,407,184,148,1,-1,-1,-1
229,54,271,677,183,274,1,-1,-1,-1
229,55,446,645,152,264,1,-1,-1,-1
229,57,19,1186,216,252,1,-1,-1,-1
229,58,1363,1013,252,244,1,-1,-1,-1
229,59,487,308,210,120,1,-1,-1,-1
229,61,2211,905,296,212,1,-1,-1,-1
229,62,1706,484,192,164,1,-1,-1,-1
229,65,269,673,176,228,1,-1,-1,-1
229,66,1888,1022,320,216,1,-1,-1,-1
229,67,615,894,272,252,1,-1,-1,-1
229,68,548,750,156,168,1,-1,-1,-1
229,69,1748,445,136,168,1,-1,-1,-1
229,70,2032,707,252,143,1,-1,-1,-1
229,72,1750,1383,211,57,1,-1,-1,-1
229,73,1134,662,216,204,1,-1,-1,-1
229,74,2027,360,189,131,1,-1,-1,-1
229,75,552,755,156,268,1,-1,-1,-1
229,78,479,310,210,130,1,-1,-1,-1
229,81,2102,578,228,164,1,-1,-1,-1
229,82,460,234,232,196,1,-1,-1,-1
229,83,815,1098,344,298,1,-1,-1,-1
229,84,1209,850,260,248,1,-1,-1,-1
229,85,1092,301,192,172,1,-1,-1,-1
229,86,2113,504,196,108,1,-1,-1,-1
229,87,1986,352,216,172,1,-1,-1,-1
229,88,798,1110,374,298,1,-1,-1,-1
229,89,2112,576,232,140,1,-1,-1,-1
230,11,1833,431,152,228,1,-1,-1,-1
230,14,1648,824,256,212,1,-1,-1,-1
230,17,704,271,192,180,1,-1,-1,-1
230,23,1131,641,172,295,1,-1,-1,-1
230,24,1920,1043,216,226,1,-1,-1,-1
230,29,1750,460,140,204,1,-1,-1,-1
230,33,1865,1195,331,190,1,-1,-1,-1
230,38,1089,319,198,156,1,-1,-1,-1
230,47,1211,845,268,176,1,-1,-1,-1
230,49,569,407,184,148,1,-1,-1,-1
230,54,272,676,183,274,1,-1,-1,-1
230,55,445,646,152,264,1,-1,-1,-1
230,57,20,1189,216,251,1,-1,-1,-1
230,58,1363,1013,252,244,1,-1,-1,-1
230,59,488,308,210,120,1,-1,-1,-1
230,61,2210,905,296,212,1,-1,-1,-1
230,62,1706,484,192,164,1,-1,-1,-1
230,65,269,673,176,228,1,-1,-1,-1
230,66,1892,1024,320,216,1,-1,-1,-1
230,67,616,894,272,252,1,-1,-1,-1
230,68,549,750,156,168,1,-1,-1,-1
230,69,1748,445,136,168,1,-1,-1,-1
230,70,2023,706,265,150,1,-1,-1,-1
230,72,1753,1382,201,58,1,-1,-1,-1
230,73,1134,662,216,204,1,-1,-1,-1
230,74,2029,364,189,131,1,-1,-1,-1
230,75,552,755,156,268,1,-1,-1,-1
230,78,481,310,210,130,1,-1,-1,-1
230,81,2102,579,228,164,1,-1,-1,-1
230,82,460,234,232,196,1,-1,-1,-1
230,83,809,1098,344,298,1,-1,-1,-1
230,84,1208,850,260,248,1,-1,-1,-1
230,85,1091,301,192,172,1,-1,-1,-1
230,86,2112,503,196,108,1,-1,-1,-1
230,87,1987,353,216,172,1,-1,-1,-1
230,88,807,1115,356,284,1,-1,-1,-1
230,89,2113,576,232,140,1,-1,-1,-1
231,11,1833,431,152,228,1,-1,-1,-1
231,14,1648,824,256,212,1,-1,-1,-1
231,17,704,271,192,180,1,-1,-1,-1
231,23,1132,641,172,295,1,-1,-1,-1
231,24,1931,1053,206,215,1,-1,-1,-1
231,29,1751,459,140,204,1,-1,-1,-1
231,33,1878,1200,331,190,1,-1,-1,-1
231,38,1077,325,198,156,1,-1,-1,-1
231,47,1210,846,268,176,1,-1,-1,-1
231,49,569,407,184,148,1,-1,-1,-1
231,54,272,676,183,274,1,-1,-1,-1
231,55,445,647,152,264,1,-1,-1,-1
231,57,21,1186,216,252,1,-1,-1,-1
231,58,1367,1009,252,244,1,-1,-1,-1
231,59,488,309,210,120,1,-1,-1,-1
231,61,2210,905,296,212,1,-1,-1,-1
231,62,1706,485,192,164,1,-1,-1,-1
231,65,269,672,176,228,1,-1,-1,-1
231,66,1901,1030,320,216,1,-1,-1,-1
231,67,616,893,272,252,1,-1,-1,-1
231,68,548,752,156,168,1,-1,-1,-1
231,69,1749,445,136,168,1,-1,-1,-1
231,70,2031,712,265,150,1,-1,-1,-1
231,72,1753,1343,201,97,1,-1,-1,-1
231,73,1134,662,216,204,1,-1,-1,-1
231,74,2042,365,189,131,1,-1,-1,-1
231,75,552,756,156,268,1,-1,-1,-1
231,78,478,311,210,130,1,-1,-1,-1
231,81,2103,579,228,164,1,-1,-1,-1
231,82,460,234,232,196,1,-1,-1,-1
231,83,833,1095,344,298,1,-1,-1,-1
231,84,1208,849,260,248,1,-1,-1,-1
231,85,1075,314,192,172,1,-1,-1,-1
231,86,2111,501,196,108,1,-1,-1,-1
231,87,1981,342,227,181,1,-1,-1,-1
231,88,833,1112,356,284,1,-1,-1,-1
231,89,2114,576,232,140,1,-1,-1,-1
232,11,1833,432,152,228,1,-1,-1,-1
232,14,1647,824,256,212,1,-1,-1,-1
232,17,704,271,192,180,1,-1,-1,-1
232,23,1136,650,164,281,1,-1,-1,-1
232,24,1936,1059,206,215,1,-1,-1,-1
232,29,1752,459,140,204,1,-1,-1,-1
232,33,1913,1210,316,181,1,-1,-1,-1
232,38,1060,340,198,156,1,-1,-1,-1
232,47,1211,846,268,176,1,-1,-1,-1
232,49,568,407,184,148,1,-1,-1,-1
232,54,271,676,183,274,1,-1,-1,-1
232,55,443,649,152,264,1,-1,-1,-1
232,57,22,1185,216,252,1,-1,-1,-1
232,58,1369,1006,252,244,1,-1,-1,-1
232,59,487,310,210,120,1,-1,-1,-1
232,61,2209,904,296,212,1,-1,-1,-1
232,62,1707,485,192,164,1,-1,-1,-1
232,65,270,672,176,228,1,-1,-1,-1
232,66,1912,1038,320,216,1,-1,-1,-1
232,67,616,893,272,252,1,-1,-1,-1
232,68,549,752,156,168,1,-1,-1,-1
232,69,1749,445,136,168,1,-1,-1,-1
232,70,2029,710,265,150,1,-1,-1,-1
232,72,1796,1343,201,97,1,-1,-1,-1
232,73,1134,663,216,204,1,-1,-1,-1
232,74,2045,365,189,131,1,-1,-1,-1
232,75,552,757,156,268,1,-1,-1,-1
232,78,479,312,210,130,1,-1,-1,-1
232,81,2105,578,228,164,1,-1,-1,-1
232,82,460,234,232,196,1,-1,-1,-1
232,83,847,1087,344,298,1,-1,-1,-1
232,84,1208,849,260,248,1,-1,-1,-1
232,85,1057,328,192,172,1,-1,-1,-1
232,86,2110,501,196,108,1,-1,-1,-1
232,87,1980,339,227,181,1,-1,-1,-1
232,88,862,1106,356,284,1,-1,-1,-1
232,89,2117,575,232,140,1,-1,-1,-1
233,11,1832,432,160,228,1,-1,-1,-1
233,14,1644,824,232,208,1,-1,-1,-1
233,17,692,268,200,180,1,-1,-1,-1
233,23,1136,650,164,281,1,-1,-1,-1
233,24,1936,1059,206,215,1,-1,-1,-1
233,29,1752,459,140,204,1,-1,-1,-1
233,33,1900,1208,288,216,1,-1,-1,-1
233,38,1060,340,198,156,1,-1,-1,-1
233,47,1211,846,268,176,1,-1,-1,-1
233,49,568,407,184,148,1,-1,-1,-1
233,54,271,676,183,274,1,-1,-1,-1
233,55,452,660,136,264,1,-1,-1,-1
233,57,22,1185,216,252,1,-1,-1,-1
233,58,1369,1006,252,244,1,-1,-1,-1
233,59,468,280,212,152,1,-1,-1,-1
233,61,2216,908,284,204,1,-1,-1,-1
233,62,1707,485,192,164,1,-1,-1,-1
233,65,268,676,180,224,1,-1,-1,-1
233,66,1912,1038,320,216,1,-1,-1,-1
233,67,612,896,276,244,1,-1,-1,-1
233,68,549,752,156,168,1,-1,-1,-1
233,69,1748,444,136,164,1,-1,-1,-1
233,70,2012,708,280,180,1,-1,-1,-1
233,72,1796,1343,201,97,1,-1,-1,-1
233,73,1136,664,216,204,1,-1,-1,-1
233,74,2045,365,189,131,1,-1,-1,-1
233,75,548,752,156,260,1,-1,-1,-1
233,78,479,312,210,130,1,-1,-1,-1
233,81,2105,578,228,164,1,-1,-1,-1
233,82,460,234,232,196,1,-1,-1,-1
233,83,847,1087,344,298,1,-1,-1,-1
233,84,1200,852,276,240,1,-1,-1,-1
233,85,1040,336,188,188,1,-1,-1,-1
233,86,2108,504,208,104,1,-1,-1,-1
233,87,1980,339,227,181,1,-1,-1,-1
233,88,896,1064,364,320,1,-1,-1,-1
233,89,2117,575,232,140,1,-1,-1,-1
233,90,1412,964,188,224,1,-1,-1,-1
233,91,600,268,152,124,1,-1,-1,-1
234,11,1832,431,160,228,1,-1,-1,-1
234,14,1643,824,232,208,1,-1,-1,-1
234,17,692,268,200,180,1,-1,-1,-1
234,23,1139,650,164,281,1,-1,-1,-1
234,24,1957,1072,206,215,1,-1,-1,-1
234,29,1752,459,140,204,1,-1,-1,-1
234,33,1904,1208,288,216,1,-1,-1,-1
234,38,1043,358,189,149,1,-1,-1,-1
234,47,1211,846,268,176,1,-1,-1,-1
234,49,570,406,184,148,1,-1,-1,-1
234,54,271,676,183,274,1,-1,-1,-1
234,55,452,662,136,264,1,-1,-1,-1
234,57,19,1186,216,252,1,-1,-1,-1
234,58,1354,1012,252,244,1,-1,-1,-1
234,59,468,280,212,152,1,-1,-1,-1
234,61,2216,908,284,204,1,-1,-1,-1
234,62,1708,486,192,164,1,-1,-1,-1
234,65,268,676,180,224,1,-1,-1,-1
234,66,1937,1056,320,216,1,-1,-1,-1
234,67,612,896,276,244,1,-1,-1,-1
234,68,550,754,156,168,1,-1,-1,-1
234,69,1748,444,136,164,1,-1,-1,-1
234,70,2011,708,280,180,1,-1,-1,-1
234,72,1810,1336,201,104,1,-1,-1,-1
234,73,1137,664,216,204,1,-1,-1,-1
234,74,2050,368,189,131,1,-1,-1,-1
234,75,548,753,156,260,1,-1,-1,-1
234,78,482,313,210,130,1,-1,-1,-1
234,81,2122,577,228,164,1,-1,-1,-1
234,82,460,235,232,196,1,-1,-1,-1
234,83,881,1083,328,284,1,-1,-1,-1
234,84,1200,852,276,240,1,-1,-1,-1
234,85,1035,338,188,188,1,-1,-1,-1
234,86,2109,504,208,104,1,-1,-1,-1
234,87,1959,321,227,181,1,-1,-1,-1
234,88,902,1062,364,320,1,-1,-1,-1
234,89,2131,578,232,140,1,-1,-1,-1
234,90,1414,963,188,224,1,-1,-1,-1
234,91,600,268,152,124,1,-1,-1,-1
235,11,1833,431,160,228,1,-1,-1,-1
235,14,1643,824,232,208,1,-1,-1,-1
235,17,692,269,200,180,1,-1,-1,-1
235,23,1137,651,164,281,1,-1,-1,-1
235,24,1967,1076,206,215,1,-1,-1,-1
235,29,1751,460,140,204,1,-1,-1,-1
235,33,1909,1209,288,216,1,-1,-1,-1
235,38,1020,373,189,149,1,-1,-1,-1
235,47,1211,846,268,176,1,-1,-1,-1
235,49,569,405,184,148,1,-1,-1,-1
235,54,270,676,183,274,1,-1,-1,-1
235,55,451,666,136,264,1,-1,-1,-1
235,57,19,1187,216,252,1,-1,-1,-1
235,58,1356,1010,252,244,1,-1,-1,-1
235,59,469,280,212,152,1,-1,-1,-1
235,61,2215,907,284,204,1,-1,-1,-1
235,62,1707,486,192,164,1,-1,-1,-1
235,65,268,677,180,224,1,-1,-1,-1
235,66,1945,1060,320,216,1,-1,-1,-1
235,67,613,894,276,244,1,-1,-1,-1
235,68,549,754,156,168,1,-1,-1,-1
235,69,1748,444,136,164,1,-1,-1,-1
235,70,2010,707,280,180,1,-1,-1,-1
235,72,1810,1336,201,104,1,-1,-1,-1
235,73,1137,665,216,204,1,-1,-1,-1
235,74,2060,383,189,131,1,-1,-1,-1
235,75,549,754,156,260,1,-1,-1,-1
235,78,479,314,210,130,1,-1,-1,-1
235,81,2133,581,228,164,1,-1,-1,-1
235,82,460,235,232,196,1,-1,-1,-1
235,83,891,1090,312,270,1,-1,-1,-1
235,84,1202,852,276,240,1,-1,-1,-1
235,85,1030,340,188,188,1,-1,-1,-1
235,86,2110,504,208,104,1,-1,-1,-1
235,87,1961,325,227,181,1,-1,-1,-1
235,88,910,1058,364,320,1,-1,-1,-1
235,89,2138,583,232,140,1,-1,-1,-1
235,90,1420,962,188,224,1,-1,-1,-1
235,91,600,269,152,124,1,-1,-1,-1
236,11,1833,431,160,228,1,-1,-1,-1
236,14,1642,823,232,208,1,-1,-1,-1
236,17,692,269,200,180,1,-1,-1,-1
236,23,1137,651,164,281,1,-1,-1,-1
236,24,1969,1079,206,215,1,-1,-1,-1
236,29,1752,460,140,204,1,-1,-1,-1
236,33,1910,1210,288,216,1,-1,-1,-1
236,38,1014,376,189,149,1,-1,-1,-1
236,47,1211,846,268,176,1,-1,-1,-1
236,49,569,405,184,148,1,-1,-1,-1
236,54,270,676,183,274,1,-1,-1,-1
236,55,450,668,136,264,1,-1,-1,-1
236,57,20,1184,216,252,1,-1,-1,-1
236,58,1355,1015,252,244,1,-1,-1,-1
236,59,469,280,212,152,1,-1,-1,-1
236,61,2214,907,284,204,1,-1,-1,-1
236,62,1707,486,192,164,1,-1,-1,-1
236,65,267,677,180,224,1,-1,-1,-1
236,66,1953,1066,305,206,1,-1,-1,-1
236,67,613,894,276,244,1,-1,-1,-1
236,68,549,754,156,168,1,-1,-1,-1
236,69,1748,444,136,164,1,-1,-1,-1
236,70,2011,707,280,180,1,-1,-1,-1
236,72,1810,1337,201,103,1,-1,-1,-1
236,73,1137,665,216,204,1,-1,-1,-1
236,74,2059,383,189,131,1,-1,-1,-1
236,75,549,754,156,260,1,-1,-1,-1
236,78,480,314,210,130,1,-1,-1,-1
236,81,2134,581,228,164,1,-1,-1,-1
236,82,460,235,232,196,1,-1,-1,-1
236,83,894,1089,312,270,1,-1,-1,-1
236,84,1203,851,276,240,1,-1,-1,-1
236,85,1029,341,188,188,1,-1,-1,-1
236,86,2110,505,208,104,1,-1,-1,-1
236,87,1963,327,227,181,1,-1,-1,-1
236,88,911,1059,364,320,1,-1,-1,-1
236,89,2135,584,232,140,1,-1,-1,-1
236,90,1421,962,188,224,1,-1,-1,-1
236,91,600,269,152,124,1,-1,-1,-1
237,11,1834,430,160,228,1,-1,-1,-1
237,14,1642,824,232,208,1,-1,-1,-1
237,17,691,268,200,180,1,-1,-1,-1
237,23,1138,650,164,281,1,-1,-1,-1
237,24,1983,1085,206,215,1,-1,-1,-1
237,29,1752,459,140,204,1,-1,-1,-1
237,33,1913,1211,288,216,1,-1,-1,-1
237,38,1011,376,189,149,1,-1,-1,-1
237,47,1212,846,268,176,1,-1,-1,-1
237,49,569,405,184,148,1,-1,-1,-1
237,54,270,676,183,274,1,-1,-1,-1
237,55,448,672,136,264,1,-1,-1,-1
237,57,21,1186,216,252,1,-1,-1,-1
237,58,1364,1017,240,232,1,-1,-1,-1
237,59,469,280,212,152,1,-1,-1,-1
237,61,2217,907,284,204,1,-1,-1,-1
237,62,1707,486,192,164,1,-1,-1,-1
237,65,268,677,180,224,1,-1,-1,-1
237,66,1970,1076,290,196,1,-1,-1,-1
237,67,613,893,276,244,1,-1,-1,-1
237,68,549,754,156,168,1,-1,-1,-1
237,69,1748,444,136,164,1,-1,-1,-1
237,70,2010,705,280,180,1,-1,-1,-1
237,73,1137,665,216,204,1,-1,-1,-1
237,74,2048,385,198,137,1,-1,-1,-1
237,75,549,753,156,260,1,-1,-1,-1
237,78,482,315,210,130,1,-1,-1,-1
237,81,2149,584,228,164,1,-1,-1,-1
237,82,459,234,232,196,1,-1,-1,-1
237,83,904,1093,312,270,1,-1,-1,-1
237,84,1204,850,276,240,1,-1,-1,-1
237,85,1024,344,188,188,1,-1,-1,-1
237,86,2110,505,208,104,1,-1,-1,-1
237,87,1959,330,227,181,1,-1,-1,-1
237,88,915,1056,364,320,1,-1,-1,-1
237,89,2147,585,232,140,1,-1,-1,-1
237,90,1420,957,188,224,1,-1,-1,-1
237,91,600,269,152,124,1,-1,-1,-1
238,11,1834,431,160,228,1,-1,-1,-1
238,14,1642,824,232,208,1,-1,-1,-1
238,17,690,268,200,180,1,-1,-1,-1
238,23,1137,650,164,281,1,-1,-1,-1
238,24,2005,1093,206,215,1,-1,-1,-1
238,29,1752,460,140,204,1,-1,-1,-1
238,33,1917,1212,288,216,1,-1,-1,-1
238,38,995,389,189,149,1,-1,-1,-1
238,47,1212,846,268,176,1,-1,-1,-1
238,49,568,404,184,148,1,-1,-1,-1
238,54,269,676,183,274,1,-1,-1,-1
238,55,445,678,136,264,1,-1,-1,-1
238,57,22,1185,216,252,1,-1,-1,-1
238,58,1375,1019,229,221,1,-1,-1,-1
238,59,469,280,212,152,1,-1,-1,-1
238,61,2220,906,284,204,1,-1,-1,-1
238,62,1708,486,192,164,1,-1,-1,-1
238,65,268,678,180,224,1,-1,-1,-1
238,66,1997,1093,290,196,1,-1,-1,-1
238,67,612,891,276,244,1,-1,-1,-1
238,68,550,754,156,168,1,-1,-1,-1
238,69,1749,443,136,164,1,-1,-1,-1
238,70,2011,705,280,180,1,-1,-1,-1
238,73,1137,665,216,204,1,-1,-1,-1
238,75,548,752,156,260,1,-1,-1,-1
238,78,479,315,210,130,1,-1,-1,-1
238,81,2163,588,228,164,1,-1,-1,-1
238,82,459,234,232,196,1,-1,-1,-1
238,83,916,1098,312,270,1,-1,-1,-1
238,84,1204,850,276,240,1,-1,-1,-1
238,85,1001,358,188,188,1,-1,-1,-1
238,86,2110,503,208,104,1,-1,-1,-1
238,87,1960,335,227,181,1,-1,-1,-1
238,88,918,1057,364,320,1,-1,-1,-1
238,89,2133,586,232,140,1,-1,-1,-1
238,90,1421,959,188,224,1,-1,-1,-1
238,91,600,268,152,124,1,-1,-1,-1
239,11,1835,432,160,228,1,-1,-1,-1
239,14,1641,823,232,208,1,-1,-1,-1
239,17,688,268,200,180,1,-1,-1,-1
239,23,1136,650,164,281,1,-1,-1,-1
239,24,2032,1107,206,215,1,-1,-1,-1
239,29,1753,460,140,204,1,-1,-1,-1
239,33,1918,1211,288,216,1,-1,-1,-1
239,38,983,402,189,149,1,-1,-1,-1
239,47,1212,846,268,176,1,-1,-1,-1
239,49,568,404,184,148,1,-1,-1,-1
239,54,269,676,183,274,1,-1,-1,-1
239,55,442,681,136,264,1,-1,-1,-1
239,57,25,1192,206,240,1,-1,-1,-1
239,58,1376,1021,229,221,1,-1,-1,-1
239,59,469,279,212,152,1,-1,-1,-1
239,61,2223,906,284,204,1,-1,-1,-1
239,62,1710,487,192,164,1,-1,-1,-1
239,65,268,677,180,224,1,-1,-1,-1
239,66,2016,1108,290,196,1,-1,-1,-1
239,67,610,892,276,244,1,-1,-1,-1
239,68,550,754,156,168,1,-1,-1,-1
239,69,1751,443,136,164,1,-1,-1,-1
239,70,2010,705,280,180,1,-1,-1,-1
239,73,1136,665,216,204,1,-1,-1,-1
239,75,548,752,156,260,1,-1,-1,-1
239,78,479,315,210,130,1,-1,-1,-1
239,81,2172,591,228,164,1,-1,-1,-1
239,82,459,234,232,196,1,-1,-1,-1
239,83,920,1095,312,270,1,-1,-1,-1
239,84,1204,850,276,240,1,-1,-1,-1
239,85,981,368,188,188,1,-1,-1,-1
239,86,2108,501,208,104,1,-1,-1,-1
239,88,923,1057,364,320,1,-1,-1,-1
239,89,2137,595,221,133,1,-1,-1,-1
239,90,1420,955,188,224,1,-1,-1,-1
239,91,599,268,152,124,1,-1,-1,-1
240,11,1835,433,160,228,1,-1,-1,-1
240,14,1640,824,232,208,1,-1,-1,-1
240,17,688,268,200,180,1,-1,-1,-1
240,23,1135,651,164,281,1,-1,-1,-1
240,24,2056,1111,206,215,1,-1,-1,-1
240,29,1754,460,140,204,1,-1,-1,-1
240,33,1918,1210,288,216,1,-1,-1,-1
240,38,967,402,189,149,1,-1,-1,-1
240,47,1211,846,268,176,1,-1,-1,-1
240,49,568,403,184,148,1,-1,-1,-1
240,54,270,676,183,274,1,-1,-1,-1
240,55,442,686,136,264,1,-1,-1,-1
240,57,30,1198,196,229,1,-1,-1,-1
240,58,1377,1019,229,221,1,-1,-1,-1
240,59,469,279,212,152,1,-1,-1,-1
240,61,2223,903,284,204,1,-1,-1,-1
240,62,1710,487,192,164,1,-1,-1,-1
240,65,267,678,180,224,1,-1,-1,-1
240,66,2039,1107,305,206,1,-1,-1,-1
240,67,610,892,276,244,1,-1,-1,-1
240,68,549,753,156,168,1,-1,-1,-1
240,69,1752,445,136,164,1,-1,-1,-1
240,70,2007,705,280,180,1,-1,-1,-1
240,73,1135,665,216,204,1,-1,-1,-1
240,75,547,752,156,260,1,-1,-1,-1
240,78,480,314,210,130,1,-1,-1,-1
240,81,2178,597,217,156,1,-1,-1,-1
240,82,459,234,232,196,1,-1,-1,-1
240,83,940,1105,298,258,1,-1,-1,-1
240,84,1203,851,276,240,1,-1,-1,-1
240,85,966,374,188,188,1,-1,-1,-1
240,86,2107,499,208,104,1,-1,-1,-1
240,88,932,1059,364,320,1,-1,-1,-1
240,89,2135,588,221,133,1,-1,-1,-1
240,90,1422,958,188,224,1,-1,-1,-1
240,91,599,268,152,124,1,-1,-1,-1
241,11,1836,432,148,236,1,-1,-1,-1
241,14,1640,820,240,212,1,-1,-1,-1
241,17,692,272,200,176,1,-1,-1,-1
241,23,1135,651,164,281,1,-1,-1,-1
241,24,2056,1111,206,215,1,-1,-1,-1
241,29,1754,460,140,204,1,-1,-1,-1
241,33,1924,1208,388,232,1,-1,-1,-1
241,38,967,402,189,149,1,-1,-1,-1
241,47,1211,846,268,176,1,-1,-1,-1
241,49,568,403,184,148,1,-1,-1,-1
241,54,270,676,183,274,1,-1,-1,-1
241,55,424,676,168,296,1,-1,-1,-1
241,57,30,1198,196,229,1,-1,-1,-1
241,58,1377,1019,229,221,1,-1,-1,-1
241,59,469,279,212,152,1,-1,-1,-1
241,61,2228,900,328,212,1,-1,-1,-1
241,62,1710,487,192,164,1,-1,-1,-1
241,65,268,676,176,224,1,-1,-1,-1
241,66,2056,1088,344,252,1,-1,-1,-1
241,67,604,892,276,248,1,-1,-1,-1
241,68,549,753,156,168,1,-1,-1,-1
241,69,1752,412,140,204,1,-1,-1,-1
241,70,2007,705,280,180,1,-1,-1,-1
241,73,1132,664,212,200,1,-1,-1,-1
241,75,552,756,152,252,1,-1,-1,-1
241,78,480,314,210,130,1,-1,-1,-1
241,81,2178,597,217,156,1,-1,-1,-1
241,82,459,234,232,196,1,-1,-1,-1
241,83,940,1105,298,258,1,-1,-1,-1
241,84,1192,852,288,240,1,-1,-1,-1
241,85,956,364,192,180,1,-1,-1,-1
241,86,2107,499,208,104,1,-1,-1,-1
241,88,992,1040,316,280,1,-1,-1,-1
241,89,2135,588,221,133,1,-1,-1,-1
241,90,1440,952,156,248,1,-1,-1,-1
241,91,599,268,152,124,1,-1,-1,-1
241,92,2012,384,132,184,1,-1,-1,-1
241,93,1996,700,284,132,1,-1,-1,-1
242,11,1836,432,148,236,1,-1,-1,-1
242,14,1640,820,240,212,1,-1,-1,-1
242,17,692,272,200,176,1,-1,-1,-1
242,23,1136,651,164,281,1,-1,-1,-1
242,24,2077,1119,206,215,1,-1,-1,-1
242,29,1755,461,140,204,1,-1,-1,-1
242,33,1924,1208,388,232,1,-1,-1,-1
242,47,1209,846,268,176,1,-1,-1,-1
242,49,568,403,184,148,1,-1,-1,-1
242,54,269,675,183,274,1,-1,-1,-1
242,55,424,676,168,296,1,-1,-1,-1
242,57,30,1198,196,229,1,-1,-1,-1
242,58,1377,1017,229,221,1,-1,-1,-1
242,59,469,279,212,152,1,-1,-1,-1
242,61,2228,900,328,212,1,-1,-1,-1
242,62,1710,488,192,164,1,-1,-1,-1
242,65,268,676,176,224,1,-1,-1,-1
242,66,2056,1088,344,252,1,-1,-1,-1
242,67,604,892,276,248,1,-1,-1,-1
242,68,550,754,156,168,1,-1,-1,-1
242,69,1752,412,140,204,1,-1,-1,-1
242,70,1998,701,294,189,1,-1,-1,-1
242,73,1132,664,212,200,1,-1,-1,-1
242,75,552,756,152,252,1,-1,-1,-1
242,78,480,314,210,130,1,-1,-1,-1
242,81,2177,597,217,156,1,-1,-1,-1
242,82,459,234,232,196,1,-1,-1,-1
242,83,968,1114,298,258,1,-1,-1,-1
242,84,1192,852,288,240,1,-1,-1,-1
242,85,956,364,192,180,1,-1,-1,-1
242,86,2108,499,208,104,1,-1,-1,-1
242,88,992,1040,316,280,1,-1,-1,-1
242,89,2117,574,232,140,1,-1,-1,-1
242,90,1440,952,156,248,1,-1,-1,-1
242,91,599,268,152,124,1,-1,-1,-1
242,92,2012,384,132,184,1,-1,-1,-1
242,93,1996,700,284,132,1,-1,-1,-1
243,11,1836,431,148,236,1,-1,-1,-1
243,14,1641,820,240,212,1,-1,-1,-1
243,17,691,273,200,176,1,-1,-1,-1
243,23,1135,651,164,281,1,-1,-1,-1
243,24,2090,1121,216,226,1,-1,-1,-1
243,29,1757,462,140,204,1,-1,-1,-1
243,33,1927,1207,388,232,1,-1,-1,-1
243,47,1211,845,268,176,1,-1,-1,-1
243,49,566,402,184,148,1,-1,-1,-1
243,54,270,676,183,274,1,-1,-1,-1
243,55,424,677,168,296,1,-1,-1,-1
243,57,29,1197,196,229,1,-1,-1,-1
243,58,1375,1011,229,221,1,-1,-1,-1
243,59,469,279,212,152,1,-1,-1,-1
243,61,2231,901,328,212,1,-1,-1,-1
243,62,1710,487,192,164,1,-1,-1,-1
243,65,268,676,176,224,1,-1,-1,-1
243,66,2064,1091,344,252,1,-1,-1,-1
243,67,603,892,276,248,1,-1,-1,-1
243,68,550,754,156,168,1,-1,-1,-1
243,69,1752,412,140,204,1,-1,-1,-1
243,70,1996,702,294,189,1,-1,-1,-1
243,73,1132,663,212,200,1,-1,-1,-1
243,75,552,756,152,252,1,-1,-1,-1
243,78,480,313,210,130,1,-1,-1,-1
243,81,2179,596,217,156,1,-1,-1,-1
243,82,459,236,232,196,1,-1,-1,-1
243,83,987,1114,298,258,1,-1,-1,-1
243,84,1194,852,288,240,1,-1,-1,-1
243,85,953,366,192,180,1,-1,-1,-1
243,86,2108,499,208,104,1,-1,-1,-1
243,88,1008,1041,316,280,1,-1,-1,-1
243,89,2117,574,232,140,1,-1,-1,-1
243,90,1440,952,156,248,1,-1,-1,-1
243,91,598,268,152,124,1,-1,-1,-1
243,92,2011,384,132,184,1,-1,-1,-1
243,93,1996,700,284,132,1,-1,-1,-1
244,11,1837,432,148,236,1,-1,-1,-1
244,14,1641,821,240,212,1,-1,-1,-1
244,17,691,273,200,176,1,-1,-1,-1
244,23,1135,651,164,281,1,-1,-1,-1
244,24,2100,1124,216,226,1,-1,-1,-1
244,29,1756,462,140,204,1,-1,-1,-1
244,33,1933,1206,388,232,1,-1,-1,-1
244,47,1211,844,268,176,1,-1,-1,-1
244,49,565,400,184,148,1,-1,-1,-1
244,54,269,676,183,274,1,-1,-1,-1
244,55,424,679,168,296,1,-1,-1,-1
244,57,30,1199,196,229,1,-1,-1,-1
244,59,469,279,212,152,1,-1,-1,-1
244,61,2232,901,328,212,1,-1,-1,-1
244,62,1710,488,192,164,1,-1,-1,-1
244,65,268,676,176,224,1,-1,-1,-1
244,66,2072,1093,344,252,1,-1,-1,-1
244,67,602,892,276,248,1,-1,-1,-1
244,68,550,754,156,168,1,-1,-1,-1
244,69,1752,413,140,204,1,-1,-1,-1
244,70,1997,702,294,189,1,-1,-1,-1
244,73,1133,663,212,200,1,-1,-1,-1
244,75,552,757,152,252,1,-1,-1,-1
244,78,481,312,210,130,1,-1,-1,-1
244,81,2173,592,228,164,1,-1,-1,-1
244,82,459,236,232,196,1,-1,-1,-1
244,84,1195,850,288,240,1,-1,-1,-1
244,85,949,370,192,180,1,-1,-1,-1
244,86,2109,499,208,104,1,-1,-1,-1
244,88,1026,1040,316,280,1,-1,-1,-1
244,89,2112,570,244,147,1,-1,-1,-1
244,90,1440,951,156,248,1,-1,-1,-1
244,91,598,268,152,124,1,-1,-1,-1
244,92,2009,385,132,184,1,-1,-1,-1
244,93,1995,701,284,132,1,-1,-1,-1
245,11,1837,432,148,236,1,-1,-1,-1
245,14,1641,821,240,212,1,-1,-1,-1
245,17,691,272,200,176,1,-1,-1,-1
245,23,1135,651,164,281,1,-1,-1,-1
245,24,2113,1140,216,226,1,-1,-1,-1
245,29,1757,462,140,204,1,-1,-1,-1
245,33,1937,1209,388,231,1,-1,-1,-1
245,47,1212,843,268,176,1,-1,-1,-1
245,49,565,398,184,148,1,-1,-1,-1
245,54,268,675,183,274,1,-1,-1,-1
245,55,424,681,168,296,1,-1,-1,-1
245,57,28,1199,196,229,1,-1,-1,-1
245,59,469,279,212,152,1,-1,-1,-1
245,61,2232,902,328,212,1,-1,-1,-1
245,62,1710,488,192,164,1,-1,-1,-1
245,65,269,676,176,224,1,-1,-1,-1
245,66,2078,1097,344,252,1,-1,-1,-1
245,67,603,893,276,248,1,-1,-1,-1
245,68,549,754,156,168,1,-1,-1,-1
245,69,1753,413,140,204,1,-1,-1,-1
245,70,1997,703,294,189,1,-1,-1,-1
245,73,1133,664,212,200,1,-1,-1,-1
245,75,552,757,152,252,1,-1,-1,-1
245,78,485,315,200,123,1,-1,-1,-1
245,81,2172,590,228,164,1,-1,-1,-1
245,82,459,235,232,196,1,-1,-1,-1
245,84,1195,850,288,240,1,-1,-1,-1
245,85,943,375,192,180,1,-1,-1,-1
245,86,2110,500,208,104,1,-1,-1,-1
245,88,1043,1033,316,280,1,-1,-1,-1
245,89,2114,569,244,147,1,-1,-1,-1
245,90,1440,951,156,248,1,-1,-1,-1
245,91,598,267,152,124,1,-1,-1,-1
245,92,2009,385,132,184,1,-1,-1,-1
245,93,1996,701,284,132,1,-1,-1,-1
246,11,1837,433,148,236,1,-1,-1,-1
246,14,1642,821,240,212,1,-1,-1,-1
246,17,692,272,200,176,1,-1,-1,-1
246,23,1135,651,164,281,1,-1,-1,-1
246,24,2132,1155,216,226,1,-1,-1,-1
246,29,1757,462,140,204,1,-1,-1,-1
246,33,1944,1212,388,228,1,-1,-1,-1
246,47,1213,844,268,176,1,-1,-1,-1
246,49,565,397,184,148,1,-1,-1,-1
246,54,269,677,183,274,1,-1,-1,-1
246,55,425,683,168,296,1,-1,-1,-1
246,57,27,1200,196,229,1,-1,-1,-1
246,59,467,278,212,152,1,-1,-1,-1
246,61,2232,906,328,212,1,-1,-1,-1
246,62,1710,488,192,164,1,-1,-1,-1
246,65,269,677,176,224,1,-1,-1,-1
246,66,2093,1107,344,252,1,-1,-1,-1
246,67,603,894,276,248,1,-1,-1,-1
246,68,549,754,156,168,1,-1,-1,-1
246,69,1753,413,140,204,1,-1,-1,-1
246,70,1996,700,294,189,1,-1,-1,-1
246,73,1133,663,212,200,1,-1,-1,-1
246,75,553,757,152,252,1,-1,-1,-1
246,78,483,315,200,123,1,-1,-1,-1
246,81,2168,587,239,172,1,-1,-1,-1
246,82,459,234,232,196,1,-1,-1,-1
246,84,1195,850,288,240,1,-1,-1,-1
246,85,930,387,192,180,1,-1,-1,-1
246,86,2110,500,208,104,1,-1,-1,-1
246,88,1061,1020,316,280,1,-1,-1,-1
246,89,2114,568,244,147,1,-1,-1,-1
246,90,1441,951,156,248,1,-1,-1,-1
246,91,598,267,152,124,1,-1,-1,-1
246,92,2009,386,132,184,1,-1,-1,-1
246,93,1996,699,284,132,1,-1,-1,-1
247,11,1836,433,148,236,1,-1,-1,-1
247,14,1642,822,240,212,1,-1,-1,-1
247,17,693,272,200,176,1,-1,-1,-1
247,23,1135,650,164,281,1,-1,-1,-1
247,24,2139,1163,216,226,1,-1,-1,-1
247,29,1756,462,140,204,1,-1,-1,-1
247,33,1942,1207,407,233,1,-1,-1,-1
247,47,1214,843,268,176,1,-1,-1,-1
247,49,559,393,193,155,1,-1,-1,-1
247,54,269,676,183,274,1,-1,-1,-1
247,55,425,685,168,296,1,-1,-1,-1
247,57,22,1194,206,240,1,-1,-1,-1
247,59,466,277,212,152,1,-1,-1,-1
247,61,2225,906,335,223,1,-1,-1,-1
247,62,1710,488,192,164,1,-1,-1,-1
247,65,269,677,176,224,1,-1,-1,-1
247,66,2100,1114,344,252,1,-1,-1,-1
247,67,604,893,276,248,1,-1,-1,-1
247,68,549,754,156,168,1,-1,-1,-1
247,69,1753,413,140,204,1,-1,-1,-1
247,70,1995,699,294,189,1,-1,-1,-1
247,73,1132,662,212,200,1,-1,-1,-1
247,75,553,758,152,252,1,-1,-1,-1
247,78,483,315,200,123,1,-1,-1,-1
247,81,2167,585,239,172,1,-1,-1,-1
247,82,458,234,232,196,1,-1,-1,-1
247,84,1195,850,288,240,1,-1,-1,-1
247,85,925,392,192,180,1,-1,-1,-1
247,86,2111,501,208,104,1,-1,-1,-1
247,88,1092,1004,316,280,1,-1,-1,-1
247,90,1441,952,156,248,1,-1,-1,-1
247,91,597,266,152,124,1,-1,-1,-1
247,92,2008,386,132,184,1,-1,-1,-1
247,93,1996,699,284,132,1,-1,-1,-1
248,11,1836,433,148,236,1,-1,-1,-1
248,14,1642,822,240,212,1,-1,-1,-1
248,17,693,272,200,176,1,-1,-1,-1
248,23,1135,651,164,281,1,-1,-1,-1
248,24,2141,1163,216,226,1,-1,-1,-1
248,29,1756,463,140,204,1,-1,-1,-1
248,33,1942,1210,407,230,1,-1,-1,-1
248,47,1214,843,268,176,1,-1,-1,-1
248,49,557,393,193,155,1,-1,-1,-1
248,54,269,676,183,274,1,-1,-1,-1
248,55,425,685,168,296,1,-1,-1,-1
248,57,22,1194,206,240,1,-1,-1,-1
248,59,466,276,212,152,1,-1,-1,-1
248,61,2227,910,333,223,1,-1,-1,-1
248,62,1711,488,192,164,1,-1,-1,-1
248,65,269,677,176,224,1,-1,-1,-1
248,66,2116,1125,328,240,1,-1,-1,-1
248,67,604,893,276,248,1,-1,-1,-1
248,68,549,754,156,168,1,-1,-1,-1
248,69,1753,413,140,204,1,-1,-1,-1
248,70,1996,700,294,189,1,-1,-1,-1
248,73,1132,663,212,200,1,-1,-1,-1
248,75,553,758,152,252,1,-1,-1,-1
248,78,483,314,200,123,1,-1,-1,-1
248,81,2168,584,239,172,1,-1,-1,-1
248,82,458,234,232,196,1,-1,-1,-1
248,84,1196,850,288,240,1,-1,-1,-1
248,85,923,393,192,180,1,-1,-1,-1
248,86,2111,502,208,104,1,-1,-1,-1
248,88,1095,1002,316,280,1,-1,-1,-1
248,90,1442,952,156,248,1,-1,-1,-1
248,91,597,265,152,124,1,-1,-1,-1
248,92,2008,386,132,184,1,-1,-1,-1
248,93,1996,699,284,132,1,-1,-1,-1
249,11,1840,428,140,248,1,-1,-1,-1
249,14,1636,824,248,212,1,-1,-1,-1
249,17,688,272,204,160,1,-1,-1,-1
249,23,1135,651,164,281,1,-1,-1,-1
249,24,2141,1163,216,226,1,-1,-1,-1
249,29,1756,463,140,204,1,-1,-1,-1
249,33,1960,1220,356,220,1,-1,-1,-1
249,47,1200,852,256,180,1,-1,-1,-1
249,49,557,393,193,155,1,-1,-1,-1
249,54,269,676,183,274,1,-1,-1,-1
249,55,416,696,172,276,1,-1,-1,-1
249,57,22,1194,206,240,1,-1,-1,-1
249,59,466,276,212,152,1,-1,-1,-1
249,61,2288,916,268,244,1,-1,-1,-1
249,62,1711,488,192,164,1,-1,-1,-1
249,65,268,676,176,224,1,-1,-1,-1
249,66,2120,1168,380,216,1,-1,-1,-1
249,67,608,892,288,244,1,-1,-1,-1
249,68,549,754,156,168,1,-1,-1,-1
249,69,1752,400,140,216,1,-1,-1,-1
249,70,1996,700,294,189,1,-1,-1,-1
249,73,1136,660,204,204,1,-1,-1,-1
249,75,552,756,156,248,1,-1,-1,-1
249,78,508,308,168,128,1,-1,-1,-1
249,81,2168,584,239,172,1,-1,-1,-1
249,82,458,234,232,196,1,-1,-1,-1
249,84,1196,850,288,240,1,-1,-1,-1
249,85,923,393,192,180,1,-1,-1,-1
249,86,2111,502,208,104,1,-1,-1,-1
249,88,1132,1012,264,296,1,-1,-1,-1
249,90,1444,956,160,236,1,-1,-1,-1
249,91,597,265,152,124,1,-1,-1,-1
249,92,1996,392,144,192,1,-1,-1,-1
249,93,1996,696,280,132,1,-1,-1,-1
249,94,908,408,200,192,1,-1,-1,-1
250,11,1839,428,140,248,1,-1,-1,-1
250,14,1636,824,248,212,1,-1,-1,-1
250,17,688,272,204,160,1,-1,-1,-1
250,23,1135,648,164,281,1,-1,-1,-1
250,24,2169,1179,216,226,1,-1,-1,-1
250,29,1755,463,140,204,1,-1,-1,-1
250,33,1970,1221,356,219,1,-1,-1,-1
250,47,1200,851,256,180,1,-1,-1,-1
250,49,557,392,193,155,1,-1,-1,-1
250,54,269,675,183,274,1,-1,-1,-1
250,55,415,695,172,276,1,-1,-1,-1
250,57,22,1195,206,240,1,-1,-1,-1
250,59,465,274,212,152,1,-1,-1,-1
250,61,2295,930,265,244,1,-1,-1,-1
250,62,1709,487,192,164,1,-1,-1,-1
250,65,268,676,176,224,1,-1,-1,-1
250,66,2129,1172,380,216,1,-1,-1,-1
250,67,608,891,288,244,1,-1,-1,-1
250,68,550,753,156,168,1,-1,-1,-1
250,69,1751,400,140,216,1,-1,-1,-1
250,70,1997,695,294,189,1,-1,-1,-1
250,73,1136,660,204,204,1,-1,-1,-1
250,75,552,756,156,248,1,-1,-1,-1
250,78,508,307,168,128,1,-1,-1,-1
250,81,2168,584,239,172,1,-1,-1,-1
250,82,458,232,232,196,1,-1,-1,-1
250,84,1195,850,288,240,1,-1,-1,-1
250,85,909,405,192,180,1,-1,-1,-1
250,86,2113,502,208,104,1,-1,-1,-1
250,88,1142,1006,264,296,1,-1,-1,-1
250,90,1444,956,160,236,1,-1,-1,-1
250,91,596,264,152,124,1,-1,-1,-1
250,92,1994,393,144,192,1,-1,-1,-1
250,93,1997,695,280,132,1,-1,-1,-1
250,94,905,412,200,192,1,-1,-1,-1
251,11,1839,427,140,248,1,-1,-1,-1
251,14,1637,826,248,212,1,-1,-1,-1
251,17,689,272,204,160,1,-1,-1,-1
251,23,1135,648,164,281,1,-1,-1,-1
251,24,2186,1187,206,215,1,-1,-1,-1
251,29,1755,463,140,204,1,-1,-1,-1
251,33,1991,1224,356,216,1,-1,-1,-1
251,47,1199,850,256,180,1,-1,-1,-1
251,49,555,392,193,155,1,-1,-1,-1
251,54,270,675,183,274,1,-1,-1,-1
251,55,415,696,172,276,1,-1,-1,-1
251,57,23,1194,206,240,1,-1,-1,-1
251,59,465,273,212,152,1,-1,-1,-1
251,61,2313,950,247,244,1,-1,-1,-1
251,62,1709,487,192,164,1,-1,-1,-1
251,65,268,677,176,224,1,-1,-1,-1
251,66,2151,1178,380,216,1,-1,-1,-1
251,67,611,890,288,244,1,-1,-1,-1
251,68,551,753,156,168,1,-1,-1,-1
251,69,1751,400,140,216,1,-1,-1,-1
251,70,1994,690,294,189,1,-1,-1,-1
251,73,1136,660,204,204,1,-1,-1,-1
251,75,553,756,156,248,1,-1,-1,-1
251,78,506,306,168,128,1,-1,-1,-1
251,81,2166,584,239,172,1,-1,-1,-1
251,82,458,231,232,196,1,-1,-1,-1
251,84,1197,850,288,240,1,-1,-1,-1
251,85,906,407,192,180,1,-1,-1,-1
251,86,2114,502,208,104,1,-1,-1,-1
251,88,1153,997,264,296,1,-1,-1,-1
251,90,1444,957,160,236,1,-1,-1,-1
251,91,596,264,152,124,1,-1,-1,-1
251,92,1992,393,144,192,1,-1,-1,-1
251,93,1997,695,280,132,1,-1,-1,-1
251,94,901,415,200,192,1,-1,-1,-1
252,11,1838,426,140,248,1,-1,-1,-1
252,14,1637,827,248,212,1,-1,-1,-1
252,17,690,271,204,160,1,-1,-1,-1
252,23,1135,648,164,281,1,-1,-1,-1
252,24,2201,1187,206,215,1,-1,-1,-1
252,29,1754,463,140,204,1,-1,-1,-1
252,33,2022,1225,356,215,1,-1,-1,-1
252,47,1207,853,244,171,1,-1,-1,-1
252,49,555,392,193,155,1,-1,-1,-1
252,54,271,675,183,274,1,-1,-1,-1
252,55,413,700,172,276,1,-1,-1,-1
252,57,23,1194,206,240,1,-1,-1,-1
252,59,465,273,212,152,1,-1,-1,-1
252,61,2325,952,235,244,1,-1,-1,-1
252,62,1709,488,192,164,1,-1,-1,-1
252,65,268,678,176,224,1,-1,-1,-1
252,66,2158,1181,380,216,1,-1,-1,-1
252,67,614,890,288,244,1,-1,-1,-1
252,68,550,752,156,168,1,-1,-1,-1
252,69,1751,399,140,216,1,-1,-1,-1
252,70,1991,687,294,189,1,-1,-1,-1
252,73,1136,660,204,204,1,-1,-1,-1
252,75,553,757,156,248,1,-1,-1,-1
252,78,503,306,168,128,1,-1,-1,-1
252,81,2163,581,239,172,1,-1,-1,-1
252,82,457,230,232,196,1,-1,-1,-1
252,84,1199,851,288,240,1,-1,-1,-1
252,85,903,408,192,180,1,-1,-1,-1
252,86,2116,502,208,104,1,-1,-1,-1
252,88,1159,987,264,296,1,-1,-1,-1
252,90,1446,957,160,236,1,-1,-1,-1
252,91,596,264,152,124,1,-1,-1,-1
252,92,1990,393,144,192,1,-1,-1,-1
252,93,1996,694,280,132,1,-1,-1,-1
252,94,898,417,200,192,1,-1,-1,-1
253,11,1838,426,140,248,1,-1,-1,-1
253,14,1637,828,248,212,1,-1,-1,-1
253,17,689,269,204,160,1,-1,-1,-1
253,23,1135,648,164,281,1,-1,-1,-1
253,24,2231,1191,196,205,1,-1,-1,-1
253,29,1753,462,140,204,1,-1,-1,-1
253,33,2054,1230,339,210,1,-1,-1,-1
253,47,1207,853,244,171,1,-1,-1,-1
253,49,553,391,193,155,1,-1,-1,-1
253,54,271,675,183,274,1,-1,-1,-1
253,55,415,715,164,263,1,-1,-1,-1
253,57,24,1194,206,240,1,-1,-1,-1
253,59,464,272,212,152,1,-1,-1,-1
253,61,2352,975,208,232,1,-1,-1,-1
253,62,1708,487,192,164,1,-1,-1,-1
253,65,268,678,176,224,1,-1,-1,-1
253,66,2181,1185,379,216,1,-1,-1,-1
253,67,608,883,302,256,1,-1,-1,-1
253,68,550,752,156,168,1,-1,-1,-1
253,69,1750,399,140,216,1,-1,-1,-1
253,70,1988,688,294,189,1,-1,-1,-1
253,73,1136,660,204,204,1,-1,-1,-1
253,75,553,756,156,248,1,-1,-1,-1
253,78,502,307,168,128,1,-1,-1,-1
253,81,2157,581,239,172,1,-1,-1,-1
253,82,457,231,232,196,1,-1,-1,-1
253,84,1200,850,288,240,1,-1,-1,-1
253,85,899,410,192,180,1,-1,-1,-1
253,86,2116,502,208,104,1,-1,-1,-1
253,88,1167,984,264,296,1,-1,-1,-1
253,90,1448,956,160,236,1,-1,-1,-1
253,91,595,264,152,124,1,-1,-1,-1
253,92,1988,394,144,192,1,-1,-1,-1
253,93,1998,695,280,132,1,-1,-1,-1
253,94,896,418,200,192,1,-1,-1,-1
254,11,1837,425,140,248,1,-1,-1,-1
254,14,1637,829,248,212,1,-1,-1,-1
254,17,689,269,204,160,1,-1,-1,-1
254,23,1135,648,164,281,1,-1,-1,-1
254,24,2235,1195,187,195,1,-1,-1,-1
254,29,1753,462,140,204,1,-1,-1,-1
254,33,2055,1230,339,210,1,-1,-1,-1
254,47,1207,852,244,171,1,-1,-1,-1
254,49,552,391,193,155,1,-1,-1,-1
254,54,271,676,183,274,1,-1,-1,-1
254,55,415,717,164,263,1,-1,-1,-1
254,57,25,1194,206,240,1,-1,-1,-1
254,59,464,271,212,152,1,-1,-1,-1
254,61,2348,976,212,232,1,-1,-1,-1
254,62,1708,487,192,164,1,-1,-1,-1
254,65,268,679,176,224,1,-1,-1,-1
254,66,2180,1186,380,216,1,-1,-1,-1
254,67,608,883,302,256,1,-1,-1,-1
254,68,550,752,156,168,1,-1,-1,-1
254,69,1750,399,140,216,1,-1,-1,-1
254,70,1989,684,294,189,1,-1,-1,-1
254,73,1135,659,204,204,1,-1,-1,-1
254,75,553,756,156,248,1,-1,-1,-1
254,78,502,306,168,128,1,-1,-1,-1
254,81,2157,580,239,172,1,-1,-1,-1
254,82,458,231,232,196,1,-1,-1,-1
254,84,1201,849,288,240,1,-1,-1,-1
254,85,898,411,192,180,1,-1,-1,-1
254,86,2116,502,208,104,1,-1,-1,-1
254,88,1170,981,264,296,1,-1,-1,-1
254,90,1449,956,160,236,1,-1,-1,-1
254,91,595,264,152,124,1,-1,-1,-1
254,92,1987,394,144,192,1,-1,-1,-1
254,93,1997,695,280,132,1,-1,-1,-1
254,94,895,419,200,192,1,-1,-1,-1
255,11,1837,425,140,248,1,-1,-1,-1
255,14,1638,828,248,212,1,-1,-1,-1
255,17,690,268,204,160,1,-1,-1,-1
255,23,1135,648,164,281,1,-1,-1,-1
255,24,2255,1203,187,195,1,-1,-1,-1
255,29,1754,460,140,204,1,-1,-1,-1
255,33,2078,1236,339,204,1,-1,-1,-1
255,47,1205,853,244,171,1,-1,-1,-1
255,49,549,392,193,155,1,-1,-1,-1
255,54,271,675,183,274,1,-1,-1,-1
255,55,408,715,172,276,1,-1,-1,-1
255,57,25,1195,206,240,1,-1,-1,-1
255,59,464,272,212,152,1,-1,-1,-1
255,61,2367,993,193,232,1,-1,-1,-1
255,62,1708,487,192,164,1,-1,-1,-1
255,65,267,680,176,224,1,-1,-1,-1
255,66,2217,1195,343,206,1,-1,-1,-1
255,67,611,883,302,256,1,-1,-1,-1
255,68,549,751,156,168,1,-1,-1,-1
255,69,1750,398,140,216,1,-1,-1,-1
255,70,1989,686,294,189,1,-1,-1,-1
255,73,1136,659,204,204,1,-1,-1,-1
255,75,554,755,156,248,1,-1,-1,-1
255,78,500,306,168,128,1,-1,-1,-1
255,81,2153,578,239,172,1,-1,-1,-1
255,82,457,231,232,196,1,-1,-1,-1
255,84,1200,849,288,240,1,-1,-1,-1
255,85,893,414,192,180,1,-1,-1,-1
255,86,2117,503,208,104,1,-1,-1,-1
255,88,1189,974,264,296,1,-1,-1,-1
255,90,1449,956,160,236,1,-1,-1,-1
255,91,593,265,152,124,1,-1,-1,-1
255,92,1987,395,144,192,1,-1,-1,-1
255,93,1997,696,280,132,1,-1,-1,-1
255,94,891,421,200,192,1,-1,-1,-1
256,11,1837,425,140,248,1,-1,-1,-1
256,14,1637,830,248,212,1,-1,-1,-1
256,17,689,268,204,160,1,-1,-1,-1
256,23,1134,649,164,281,1,-1,-1,-1
256,24,2280,1208,187,195,1,-1,-1,-1
256,29,1754,459,140,204,1,-1,-1,-1
256,33,2107,1243,339,197,1,-1,-1,-1
256,47,1205,854,244,171,1,-1,-1,-1
256,49,547,392,193,155,1,-1,-1,-1
256,54,270,675,183,274,1,-1,-1,-1
256,55,403,727,172,276,1,-1,-1,-1
256,57,25,1196,206,240,1,-1,-1,-1
256,59,463,273,212,152,1,-1,-1,-1
256,61,2376,1017,184,232,1,-1,-1,-1
256,62,1708,486,192,164,1,-1,-1,-1
256,65,266,679,176,224,1,-1,-1,-1
256,66,2250,1200,310,206,1,-1,-1,-1
256,67,611,881,302,256,1,-1,-1,-1
256,68,549,751,156,168,1,-1,-1,-1
256,69,1751,398,140,216,1,-1,-1,-1
256,70,1985,692,294,189,1,-1,-1,-1
256,73,1135,660,204,204,1,-1,-1,-1
256,75,554,755,156,248,1,-1,-1,-1
256,78,498,307,168,128,1,-1,-1,-1
256,81,2146,576,239,172,1,-1,-1,-1
256,82,456,232,232,196,1,-1,-1,-1
256,84,1200,850,288,240,1,-1,-1,-1
256,85,884,419,192,180,1,-1,-1,-1
256,86,2117,503,208,104,1,-1,-1,-1
256,88,1191,978,264,296,1,-1,-1,-1
256,90,1451,956,160,236,1,-1,-1,-1
256,91,594,264,152,124,1,-1,-1,-1
256,92,1987,396,144,192,1,-1,-1,-1
256,93,1995,698,280,132,1,-1,-1,-1
256,94,885,423,200,192,1,-1,-1,-1
257,11,1836,428,140,244,1,-1,-1,-1
257,14,1636,828,244,208,1,-1,-1,-1
257,17,684,268,196,184,1,-1,-1,-1
257,23,1134,649,164,281,1,-1,-1,-1
257,29,1754,459,140,204,1,-1,-1,-1
257,33,2128,1252,340,180,1,-1,-1,-1
257,47,1196,852,276,180,1,-1,-1,-1
257,49,547,392,193,155,1,-1,-1,-1
257,55,384,756,164,280,1,-1,-1,-1
257,57,25,1196,206,240,1,-1,-1,-1
257,59,463,273,212,152,1,-1,-1,-1
257,61,2376,1017,184,232,1,-1,-1,-1
257,65,268,676,176,224,1,-1,-1,-1
257,66,2280,1184,280,248,1,-1,-1,-1
257,67,620,888,292,236,1,-1,-1,-1
257,68,549,751,156,168,1,-1,-1,-1
257,69,1732,420,160,192,1,-1,-1,-1
257,70,2008,692,248,204,1,-1,-1,-1
257,73,1136,660,204,208,1,-1,-1,-1
257,75,544,756,160,244,1,-1,-1,-1
257,78,508,300,144,136,1,-1,-1,-1
257,81,2148,580,224,140,1,-1,-1,-1
257,82,456,232,232,196,1,-1,-1,-1
257,84,1200,850,288,240,1,-1,-1,-1
257,85,884,419,192,180,1,-1,-1,-1
257,86,2124,504,180,112,1,-1,-1,-1
257,88,1191,978,264,296,1,-1,-1,-1
257,90,1444,944,156,256,1,-1,-1,-1
257,91,594,264,152,124,1,-1,-1,-1
257,92,1987,396,144,192,1,-1,-1,-1
257,93,1995,698,280,132,1,-1,-1,-1
257,94,912,416,140,200,1,-1,-1,-1
257,95,1216,1028,308,284,1,-1,-1,-1
257,96,2396,1028,164,280,1,-1,-1,-1
257,97,1972,412,172,220,1,-1,-1,-1
258,11,1837,428,140,244,1,-1,-1,-1
258,14,1636,827,244,208,1,-1,-1,-1
258,17,683,268,196,184,1,-1,-1,-1
258,23,1133,649,164,281,1,-1,-1,-1
258,29,1757,459,140,204,1,-1,-1,-1
258,33,2153,1259,340,180,1,-1,-1,-1
258,47,1196,853,276,180,1,-1,-1,-1
258,49,541,392,193,155,1,-1,-1,-1
258,55,382,759,164,280,1,-1,-1,-1
258,57,27,1196,206,240,1,-1,-1,-1
258,59,460,274,212,152,1,-1,-1,-1
258,61,2400,1067,160,232,1,-1,-1,-1
258,65,267,676,176,224,1,-1,-1,-1
258,66,2301,1186,259,248,1,-1,-1,-1
258,67,622,887,292,236,1,-1,-1,-1
258,68,549,751,156,168,1,-1,-1,-1
258,69,1731,422,160,192,1,-1,-1,-1
258,70,2008,693,248,204,1,-1,-1,-1
258,73,1136,660,204,208,1,-1,-1,-1
258,75,544,756,160,244,1,-1,-1,-1
258,78,502,301,144,136,1,-1,-1,-1
258,81,2147,580,224,140,1,-1,-1,-1
258,82,456,231,232,196,1,-1,-1,-1
258,84,1196,850,288,240,1,-1,-1,-1
258,85,867,425,192,180,1,-1,-1,-1
258,86,2124,504,180,112,1,-1,-1,-1
258,88,1226,1001,264,296,1,-1,-1,-1
258,90,1447,948,156,256,1,-1,-1,-1
258,91,596,259,152,124,1,-1,-1,-1
258,92,1984,405,144,192,1,-1,-1,-1
258,93,1991,701,280,132,1,-1,-1,-1
258,94,910,416,140,200,1,-1,-1,-1
258,95,1223,1038,308,284,1,-1,-1,-1
258,96,2407,1044,153,280,1,-1,-1,-1
258,97,1971,415,172,220,1,-1,-1,-1
259,11,1838,429,140,244,1,-1,-1,-1
259,14,1636,826,244,208,1,-1,-1,-1
259,17,683,266,196,184,1,-1,-1,-1
259,23,1133,649,164,281,1,-1,-1,-1
259,29,1760,461,140,204,1,-1,-1,-1
259,33,2180,1263,340,177,1,-1,-1,-1
259,47,1195,854,276,180,1,-1,-1,-1
259,49,538,393,193,155,1,-1,-1,-1
259,55,376,764,164,280,1,-1,-1,-1
259,57,21,1189,216,251,1,-1,-1,-1
259,59,460,275,212,152,1,-1,-1,-1
259,61,2423,1094,137,221,1,-1,-1,-1
259,65,267,677,176,224,1,-1,-1,-1
259,66,2319,1187,241,248,1,-1,-1,-1
259,67,627,883,292,236,1,-1,-1,-1
259,68,547,752,156,168,1,-1,-1,-1
259,69,1732,427,160,192,1,-1,-1,-1
259,70,2008,694,248,204,1,-1,-1,-1
259,73,1136,660,204,208,1,-1,-1,-1
259,75,544,757,160,244,1,-1,-1,-1
259,78,498,303,144,136,1,-1,-1,-1
259,81,2146,581,224,140,1,-1,-1,-1
259,82,456,231,232,196,1,-1,-1,-1
259,84,1192,851,288,240,1,-1,-1,-1
259,85,863,426,192,180,1,-1,-1,-1
259,86,2124,505,180,112,1,-1,-1,-1
259,88,1250,1003,264,296,1,-1,-1,-1
259,90,1440,946,164,269,1,-1,-1,-1
259,91,598,255,152,124,1,-1,-1,-1
259,92,1980,409,144,192,1,-1,-1,-1
259,93,1998,704,267,126,1,-1,-1,-1
259,94,905,417,140,200,1,-1,-1,-1
259,95,1234,1044,308,284,1,-1,-1,-1
259,96,2423,1068,137,280,1,-1,-1,-1
259,97,1971,419,172,220,1,-1,-1,-1
260,11,1838,430,140,244,1,-1,-1,-1
260,14,1635,826,244,208,1,-1,-1,-1
260,17,683,266,196,184,1,-1,-1,-1
260,23,1133,648,164,281,1,-1,-1,-1
260,29,1760,461,140,204,1,-1,-1,-1
260,33,2181,1263,340,177,1,-1,-1,-1
260,47,1195,854,276,180,1,-1,-1,-1
260,49,538,393,193,155,1,-1,-1,-1
260,55,375,765,164,280,1,-1,-1,-1
260,57,22,1188,216,252,1,-1,-1,-1
260,59,460,275,212,152,1,-1,-1,-1
260,61,2425,1097,135,211,1,-1,-1,-1
260,65,266,677,176,224,1,-1,-1,-1
260,66,2318,1188,242,248,1,-1,-1,-1
260,67,626,883,292,236,1,-1,-1,-1
260,68,547,752,156,168,1,-1,-1,-1
260,69,1732,427,160,192,1,-1,-1,-1
260,70,2007,695,248,204,1,-1,-1,-1
260,73,1136,660,204,208,1,-1,-1,-1
260,75,544,757,160,244,1,-1,-1,-1
260,78,497,304,144,136,1,-1,-1,-1
260,81,2146,582,224,140,1,-1,-1,-1
260,82,456,231,232,196,1,-1,-1,-1
260,84,1192,851,288,240,1,-1,-1,-1
260,85,862,426,192,180,1,-1,-1,-1
260,86,2124,505,180,112,1,-1,-1,-1
260,88,1254,1005,264,296,1,-1,-1,-1
260,90,1440,944,164,269,1,-1,-1,-1
260,91,599,256,152,124,1,-1,-1,-1
260,92,1978,412,144,192,1,-1,-1,-1
260,93,1997,705,267,126,1,-1,-1,-1
260,94,904,417,140,200,1,-1,-1,-1
260,95,1236,1044,308,284,1,-1,-1,-1
260,96,2427,1073,133,267,1,-1,-1,-1
260,97,1970,420,172,220,1,-1,-1,-1
261,11,1838,431,140,244,1,-1,-1,-1
261,14,1635,826,244,208,1,-1,-1,-1
261,17,685,267,196,184,1,-1,-1,-1
261,23,1132,648,164,281,1,-1,-1,-1
261,29,1760,460,140,204,1,-1,-1,-1
261,33,2193,1265,340,175,1,-1,-1,-1
261,47,1194,855,276,180,1,-1,-1,-1
261,49,538,394,193,155,1,-1,-1,-1
261,55,370,769,164,280,1,-1,-1,-1
261,57,23,1188,216,252,1,-1,-1,-1
261,59,459,275,212,152,1,-1,-1,-1
261,61,2429,1109,131,211,1,-1,-1,-1
261,65,264,677,176,224,1,-1,-1,-1
261,66,2333,1196,227,236,1,-1,-1,-1
261,67,627,883,292,236,1,-1,-1,-1
261,68,546,753,156,168,1,-1,-1,-1
261,69,1734,426,160,192,1,-1,-1,-1
261,70,2003,697,248,204,1,-1,-1,-1
261,73,1136,661,204,208,1,-1,-1,-1
261,75,543,758,160,244,1,-1,-1,-1
261,78,497,304,144,136,1,-1,-1,-1
261,81,2146,582,224,140,1,-1,-1,-1
261,82,455,232,232,196,1,-1,-1,-1
261,84,1190,850,288,240,1,-1,-1,-1
261,85,855,425,192,180,1,-1,-1,-1
261,86,2124,505,180,112,1,-1,-1,-1
261,88,1281,1009,264,296,1,-1,-1,-1
261,90,1436,939,172,282,1,-1,-1,-1
261,91,602,255,152,124,1,-1,-1,-1
261,92,1975,408,151,202,1,-1,-1,-1
261,93,1995,710,267,126,1,-1,-1,-1
261,94,900,418,140,200,1,-1,-1,-1
261,95,1248,1051,308,284,1,-1,-1,-1
261,96,2438,1087,122,254,1,-1,-1,-1
261,97,1970,422,172,220,1,-1,-1,-1
262,11,1838,429,140,244,1,-1,-1,-1
262,14,1635,826,244,208,1,-1,-1,-1
262,17,685,266,196,184,1,-1,-1,-1
262,23,1132,649,164,281,1,-1,-1,-1
262,29,1759,459,140,204,1,-1,-1,-1
262,33,2213,1274,324,166,1,-1,-1,-1
262,47,1193,854,276,180,1,-1,-1,-1
262,49,540,398,184,148,1,-1,-1,-1
262,55,368,779,164,280,1,-1,-1,-1
262,57,22,1188,216,252,1,-1,-1,-1
262,59,458,275,212,152,1,-1,-1,-1
262,61,2451,1122,109,211,1,-1,-1,-1
262,65,264,678,176,224,1,-1,-1,-1
262,66,2350,1212,210,228,1,-1,-1,-1
262,67,632,883,292,236,1,-1,-1,-1
262,68,545,754,156,168,1,-1,-1,-1
262,69,1735,425,160,192,1,-1,-1,-1
262,70,2001,697,248,204,1,-1,-1,-1
262,73,1136,661,204,208,1,-1,-1,-1
262,75,543,759,160,244,1,-1,-1,-1
262,78,494,306,144,136,1,-1,-1,-1
262,81,2146,583,224,140,1,-1,-1,-1
262,82,454,232,232,196,1,-1,-1,-1
262,84,1190,850,288,240,1,-1,-1,-1
262,85,850,426,192,180,1,-1,-1,-1
262,86,2123,505,180,112,1,-1,-1,-1
262,88,1319,1027,251,282,1,-1,-1,-1
262,90,1440,939,172,282,1,-1,-1,-1
262,91,604,250,152,124,1,-1,-1,-1
262,92,1975,407,151,202,1,-1,-1,-1
262,93,1987,709,280,132,1,-1,-1,-1
262,94,896,419,140,200,1,-1,-1,-1
262,95,1266,1061,308,284,1,-1,-1,-1
262,96,2455,1100,105,254,1,-1,-1,-1
262,97,1970,421,172,220,1,-1,-1,-1
263,11,1838,426,140,244,1,-1,-1,-1
263,14,1635,825,244,208,1,-1,-1,-1
263,17,686,267,196,184,1,-1,-1,-1
263,23,1133,649,164,281,1,-1,-1,-1
263,29,1757,458,140,204,1,-1,-1,-1
263,33,2226,1287,324,153,1,-1,-1,-1
263,47,1193,854,276,180,1,-1,-1,-1
263,49,540,397,184,148,1,-1,-1,-1
263,55,359,799,164,280,1,-1,-1,-1
263,57,22,1188,216,252,1,-1,-1,-1
263,59,457,275,212,152,1,-1,-1,-1
263,65,266,678,176,224,1,-1,-1,-1
263,66,2354,1220,206,220,1,-1,-1,-1
263,67,637,887,292,236,1,-1,-1,-1
263,68,545,755,156,168,1,-1,-1,-1
263,69,1733,423,160,192,1,-1,-1,-1
263,70,1999,699,248,204,1,-1,-1,-1
263,73,1136,661,204,208,1,-1,-1,-1
263,75,544,761,160,244,1,-1,-1,-1
263,78,491,306,144,136,1,-1,-1,-1
263,81,2147,584,224,140,1,-1,-1,-1
263,82,453,232,232,196,1,-1,-1,-1
263,84,1189,851,288,240,1,-1,-1,-1
263,85,847,429,192,180,1,-1,-1,-1
263,86,2122,506,180,112,1,-1,-1,-1
263,88,1355,1036,251,282,1,-1,-1,-1
263,90,1443,937,172,282,1,-1,-1,-1
263,91,604,249,152,124,1,-1,-1,-1
263,92,1974,407,151,202,1,-1,-1,-1
263,93,1983,710,280,132,1,-1,-1,-1
263,94,889,420,140,200,1,-1,-1,-1
263,95,1338,1081,293,270,1,-1,-1,-1
263,96,2466,1119,94,242,1,-1,-1,-1
263,97,1969,421,172,220,1,-1,-1,-1
264,11,1838,424,140,244,1,-1,-1,-1
264,14,1634,827,244,208,1,-1,-1,-1
264,17,686,266,196,184,1,-1,-1,-1
264,23,1133,649,164,281,1,-1,-1,-1
264,29,1756,458,140,204,1,-1,-1,-1
264,33,2238,1294,322,146,1,-1,-1,-1
264,47,1194,854,276,180,1,-1,-1,-1
264,49,540,396,184,148,1,-1,-1,-1
264,55,351,823,164,280,1,-1,-1,-1
264,57,21,1188,216,252,1,-1,-1,-1
264,59,455,276,212,152,1,-1,-1,-1
264,65,267,679,176,224,1,-1,-1,-1
264,66,2361,1229,199,211,1,-1,-1,-1
264,67,645,896,292,236,1,-1,-1,-1
264,68,544,755,156,168,1,-1,-1,-1
264,69,1732,422,160,192,1,-1,-1,-1
264,70,1999,700,248,204,1,-1,-1,-1
264,73,1135,660,204,208,1,-1,-1,-1
264,75,544,762,160,244,1,-1,-1,-1
264,78,489,306,144,136,1,-1,-1,-1
264,81,2147,584,224,140,1,-1,-1,-1
264,82,452,232,232,196,1,-1,-1,-1
264,84,1190,851,288,240,1,-1,-1,-1
264,85,844,433,192,180,1,-1,-1,-1
264,86,2121,506,180,112,1,-1,-1,-1
264,88,1380,1045,264,296,1,-1,-1,-1
264,90,1446,936,172,282,1,-1,-1,-1
264,91,605,247,152,124,1,-1,-1,-1
264,92,1974,407,151,202,1,-1,-1,-1
264,93,1970,708,294,139,1,-1,-1,-1
264,94,882,420,140,200,1,-1,-1,-1
264,95,1395,1097,279,258,1,-1,-1,-1
264,96,2461,1117,99,230,1,-1,-1,-1
264,97,1967,421,172,220,1,-1,-1,-1
265,11,1836,432,152,212,1,-1,-1,-1
265,14,1632,824,244,216,1,-1,-1,-1
265,17,688,272,196,180,1,-1,-1,-1
265,29,1756,458,140,204,1,-1,-1,-1
265,33,2238,1294,322,146,1,-1,-1,-1
265,47,1194,854,276,180,1,-1,-1,-1
265,49,540,396,184,148,1,-1,-1,-1
265,55,340,824,184,296,1,-1,-1,-1
265,57,21,1188,216,252,1,-1,-1,-1
265,59,455,276,212,152,1,-1,-1,-1
265,65,268,676,176,224,1,-1,-1,-1
265,66,2360,1228,200,204,1,-1,-1,-1
265,67,648,916,312,248,1,-1,-1,-1
265,68,544,755,156,168,1,-1,-1,-1
265,69,1732,422,160,192,1,-1,-1,-1
265,70,2004,708,224,184,1,-1,-1,-1
265,73,1136,656,192,208,1,-1,-1,-1
265,75,544,756,164,252,1,-1,-1,-1
265,78,489,306,144,136,1,-1,-1,-1
265,81,2144,580,236,136,1,-1,-1,-1
265,82,452,232,232,196,1,-1,-1,-1
265,84,1200,852,272,240,1,-1,-1,-1
265,85,836,432,180,180,1,-1,-1,-1
265,86,2120,504,188,112,1,-1,-1,-1
265,88,1380,1045,264,296,1,-1,-1,-1
265,90,1446,936,172,282,1,-1,-1,-1
265,91,605,247,152,124,1,-1,-1,-1
265,92,1974,407,151,202,1,-1,-1,-1
265,93,1970,708,294,139,1,-1,-1,-1
265,94,882,420,140,200,1,-1,-1,-1
265,95,1395,1097,279,258,1,-1,-1,-1
265,96,2461,1117,99,230,1,-1,-1,-1
265,97,1968,424,176,212,1,-1,-1,-1
265,98,1700,464,192,152,1,-1,-1,-1
265,99,1440,1088,376,196,1,-1,-1,-1
265,100,1444,948,160,160,1,-1,-1,-1
266,11,1836,432,152,212,1,-1,-1,-1
266,14,1632,824,244,216,1,-1,-1,-1
266,17,688,272,196,180,1,-1,-1,-1
266,29,1757,458,140,204,1,-1,-1,-1
266,33,2261,1306,299,134,1,-1,-1,-1
266,47,1194,854,276,180,1,-1,-1,-1
266,49,540,395,184,148,1,-1,-1,-1
266,55,340,824,184,296,1,-1,-1,-1
266,57,21,1189,216,251,1,-1,-1,-1
266,59,456,277,212,152,1,-1,-1,-1
266,65,268,676,176,224,1,-1,-1,-1
266,66,2360,1228,200,204,1,-1,-1,-1
266,67,648,916,312,248,1,-1,-1,-1
266,68,543,755,156,168,1,-1,-1,-1
266,69,1732,422,160,192,1,-1,-1,-1
266,70,2004,708,224,184,1,-1,-1,-1
266,73,1136,656,192,208,1,-1,-1,-1
266,75,544,756,164,252,1,-1,-1,-1
266,78,486,305,144,136,1,-1,-1,-1
266,81,2144,580,236,136,1,-1,-1,-1
266,82,453,232,232,196,1,-1,-1,-1
266,84,1200,852,272,240,1,-1,-1,-1
266,85,836,432,180,180,1,-1,-1,-1
266,86,2120,504,188,112,1,-1,-1,-1
266,90,1453,937,164,269,1,-1,-1,-1
266,91,608,246,152,124,1,-1,-1,-1
266,92,1972,407,151,202,1,-1,-1,-1
266,93,1941,694,309,146,1,-1,-1,-1
266,94,877,425,140,200,1,-1,-1,-1
266,95,1451,1099,279,258,1,-1,-1,-1
266,96,2453,1125,107,219,1,-1,-1,-1
266,97,1968,424,176,212,1,-1,-1,-1
266,98,1700,464,192,152,1,-1,-1,-1
266,99,1440,1088,376,196,1,-1,-1,-1
266,100,1444,948,160,160,1,-1,-1,-1
267,11,1838,433,152,212,1,-1,-1,-1
267,14,1632,824,244,216,1,-1,-1,-1
267,17,688,272,196,180,1,-1,-1,-1
267,29,1758,458,140,204,1,-1,-1,-1
267,33,2252,1298,308,142,1,-1,-1,-1
267,47,1195,854,276,180,1,-1,-1,-1
267,49,539,395,184,148,1,-1,-1,-1
267,55,340,829,184,296,1,-1,-1,-1
267,57,20,1189,216,251,1,-1,-1,-1
267,59,454,277,212,152,1,-1,-1,-1
267,65,269,676,176,224,1,-1,-1,-1
267,66,2367,1231,193,204,1,-1,-1,-1
267,67,650,922,312,248,1,-1,-1,-1
267,68,543,757,156,168,1,-1,-1,-1
267,69,1733,422,160,192,1,-1,-1,-1
267,70,2005,708,224,184,1,-1,-1,-1
267,73,1136,656,192,208,1,-1,-1,-1
267,75,545,758,164,252,1,-1,-1,-1
267,78,484,306,144,136,1,-1,-1,-1
267,81,2140,580,236,136,1,-1,-1,-1
267,82,452,232,232,196,1,-1,-1,-1
267,84,1200,851,272,240,1,-1,-1,-1
267,85,828,436,180,180,1,-1,-1,-1
267,86,2119,503,188,112,1,-1,-1,-1
267,90,1449,938,164,269,1,-1,-1,-1
267,91,608,243,152,124,1,-1,-1,-1
267,92,1971,408,151,202,1,-1,-1,-1
267,93,1942,691,294,139,1,-1,-1,-1
267,94,859,439,140,200,1,-1,-1,-1
267,95,1516,1099,279,258,1,-1,-1,-1
267,96,2459,1126,101,209,1,-1,-1,-1
267,97,1967,426,176,212,1,-1,-1,-1
267,98,1702,465,192,152,1,-1,-1,-1
267,99,1481,1088,376,196,1,-1,-1,-1
267,100,1445,950,160,160,1,-1,-1,-1
268,11,1839,433,152,212,1,-1,-1,-1
268,14,1632,823,244,216,1,-1,-1,-1
268,17,689,271,196,180,1,-1,-1,-1
268,29,1760,458,140,204,1,-1,-1,-1
268,33,2262,1300,294,140,1,-1,-1,-1
268,47,1195,854,276,180,1,-1,-1,-1
268,49,537,394,184,148,1,-1,-1,-1
268,55,339,833,184,296,1,-1,-1,-1
268,57,20,1189,216,251,1,-1,-1,-1
268,59,453,277,212,152,1,-1,-1,-1
268,65,269,677,176,224,1,-1,-1,-1
268,66,2371,1232,189,204,1,-1,-1,-1
268,67,655,926,312,248,1,-1,-1,-1
268,68,545,757,156,168,1,-1,-1,-1
268,69,1735,422,160,192,1,-1,-1,-1
268,70,2001,707,224,184,1,-1,-1,-1
268,73,1136,657,192,208,1,-1,-1,-1
268,75,546,758,164,252,1,-1,-1,-1
268,78,482,305,144,136,1,-1,-1,-1
268,81,2135,577,236,136,1,-1,-1,-1
268,82,452,231,232,196,1,-1,-1,-1
268,84,1200,851,272,240,1,-1,-1,-1
268,85,812,452,180,180,1,-1,-1,-1
268,86,2118,503,188,112,1,-1,-1,-1
268,90,1447,936,164,269,1,-1,-1,-1
268,91,610,245,152,124,1,-1,-1,-1
268,92,1971,408,151,202,1,-1,-1,-1
268,93,1943,685,294,139,1,-1,-1,-1
268,94,843,453,147,210,1,-1,-1,-1
268,95,1581,1094,279,258,1,-1,-1,-1
268,96,2458,1123,102,209,1,-1,-1,-1
268,97,1967,425,176,212,1,-1,-1,-1
268,98,1703,465,192,152,1,-1,-1,-1
268,99,1550,1084,376,196,1,-1,-1,-1
268,100,1446,952,160,160,1,-1,-1,-1
269,11,1840,435,152,212,1,-1,-1,-1
269,14,1631,823,244,216,1,-1,-1,-1
269,17,689,271,196,180,1,-1,-1,-1
269,29,1761,459,140,204,1,-1,-1,-1
269,33,2264,1299,296,141,1,-1,-1,-1
269,47,1195,854,276,180,1,-1,-1,-1
269,49,535,394,184,148,1,-1,-1,-1
269,55,330,827,193,311,1,-1,-1,-1
269,57,20,1188,216,252,1,-1,-1,-1
269,59,452,278,212,152,1,-1,-1,-1
269,65,268,677,176,224,1,-1,-1,-1
269,66,2379,1231,181,204,1,-1,-1,-1
269,67,657,930,312,248,1,-1,-1,-1
269,68,546,758,156,168,1,-1,-1,-1
269,69,1741,428,152,183,1,-1,-1,-1
269,70,1998,707,224,184,1,-1,-1,-1
269,73,1136,657,192,208,1,-1,-1,-1
269,75,547,759,164,252,1,-1,-1,-1
269,78,482,305,144,136,1,-1,-1,-1
269,81,2135,578,236,136,1,-1,-1,-1
269,82,452,232,232,196,1,-1,-1,-1
269,84,1200,851,272,240,1,-1,-1,-1
269,85,794,465,180,180,1,-1,-1,-1
269,86,2118,503,188,112,1,-1,-1,-1
269,90,1449,936,164,269,1,-1,-1,-1
269,91,613,245,152,124,1,-1,-1,-1
269,92,1971,407,151,202,1,-1,-1,-1
269,94,835,458,147,210,1,-1,-1,-1
269,95,1643,1103,279,258,1,-1,-1,-1
269,96,2475,1127,85,209,1,-1,-1,-1
269,97,1967,425,176,212,1,-1,-1,-1
269,98,1704,466,192,152,1,-1,-1,-1
269,99,1602,1080,376,196,1,-1,-1,-1
269,100,1447,953,160,160,1,-1,-1,-1
270,11,1840,437,152,212,1,-1,-1,-1
270,14,1631,823,244,216,1,-1,-1,-1
270,17,688,269,196,180,1,-1,-1,-1
270,29,1760,459,140,204,1,-1,-1,-1
270,33,2264,1299,294,141,1,-1,-1,-1
270,47,1196,854,276,180,1,-1,-1,-1
270,49,534,392,184,148,1,-1,-1,-1
270,55,328,830,193,311,1,-1,-1,-1
270,57,21,1189,216,251,1,-1,-1,-1
270,59,451,277,212,152,1,-1,-1,-1
270,65,268,678,176,224,1,-1,-1,-1
270,66,2379,1226,181,204,1,-1,-1,-1
270,67,658,932,312,248,1,-1,-1,-1
270,68,545,759,156,168,1,-1,-1,-1
270,69,1741,429,152,183,1,-1,-1,-1
270,70,1995,706,224,184,1,-1,-1,-1
270,73,1136,657,192,208,1,-1,-1,-1
270,75,548,760,164,252,1,-1,-1,-1
270,78,481,303,144,136,1,-1,-1,-1
270,81,2137,580,236,136,1,-1,-1,-1
270,82,451,234,232,196,1,-1,-1,-1
270,84,1201,850,272,240,1,-1,-1,-1
270,85,781,472,180,180,1,-1,-1,-1
270,86,2118,504,188,112,1,-1,-1,-1
270,90,1450,935,164,269,1,-1,-1,-1
270,91,619,245,152,124,1,-1,-1,-1
270,92,1970,406,151,202,1,-1,-1,-1
270,94,823,467,147,210,1,-1,-1,-1
270,95,1681,1105,279,258,1,-1,-1,-1
270,96,2464,1128,96,199,1,-1,-1,-1
270,97,1967,425,176,212,1,-1,-1,-1
270,98,1704,466,192,152,1,-1,-1,-1
270,99,1646,1077,376,196,1,-1,-1,-1
270,100,1449,951,160,160,1,-1,-1,-1
271,11,1840,436,152,212,1,-1,-1,-1
271,14,1631,822,244,216,1,-1,-1,-1
271,17,686,269,196,180,1,-1,-1,-1
271,29,1762,458,140,204,1,-1,-1,-1
271,33,2271,1306,280,134,1,-1,-1,-1
271,47,1196,854,276,180,1,-1,-1,-1
271,49,531,393,184,148,1,-1,-1,-1
271,55,326,833,193,311,1,-1,-1,-1
271,57,20,1188,216,252,1,-1,-1,-1
271,59,451,276,212,152,1,-1,-1,-1
271,65,268,678,176,224,1,-1,-1,-1
271,66,2370,1228,190,204,1,-1,-1,-1
271,67,660,933,312,248,1,-1,-1,-1
271,68,546,758,156,168,1,-1,-1,-1
271,69,1742,428,152,183,1,-1,-1,-1
271,70,1993,707,224,184,1,-1,-1,-1
271,73,1136,657,192,208,1,-1,-1,-1
271,75,544,754,172,265,1,-1,-1,-1
271,78,482,300,144,136,1,-1,-1,-1
271,81,2143,586,225,130,1,-1,-1,-1
271,82,450,233,232,196,1,-1,-1,-1
271,84,1202,849,272,240,1,-1,-1,-1
271,85,768,478,180,180,1,-1,-1,-1
271,86,2118,505,188,112,1,-1,-1,-1
271,90,1453,930,164,269,1,-1,-1,-1
271,91,621,244,152,124,1,-1,-1,-1
271,92,1971,407,151,202,1,-1,-1,-1
271,94,804,471,147,210,1,-1,-1,-1
271,95,1713,1098,279,258,1,-1,-1,-1
271,97,1967,424,176,212,1,-1,-1,-1
271,98,1705,466,192,152,1,-1,-1,-1
271,99,1671,1061,376,196,1,-1,-1,-1
271,100,1456,949,160,160,1,-1,-1,-1
272,11,1840,435,152,212,1,-1,-1,-1
272,14,1631,821,244,216,1,-1,-1,-1
272,17,686,270,196,180,1,-1,-1,-1
272,29,1762,458,140,204,1,-1,-1,-1
272,33,2270,1305,280,135,1,-1,-1,-1
272,47,1196,854,276,180,1,-1,-1,-1
272,49,530,393,184,148,1,-1,-1,-1
272,55,325,833,193,311,1,-1,-1,-1
272,57,20,1188,216,252,1,-1,-1,-1
272,59,450,276,212,152,1,-1,-1,-1
272,65,268,678,176,224,1,-1,-1,-1
272,66,2370,1229,190,204,1,-1,-1,-1
272,67,662,935,312,248,1,-1,-1,-1
272,68,546,758,156,168,1,-1,-1,-1
272,69,1742,428,152,183,1,-1,-1,-1
272,70,1994,708,224,184,1,-1,-1,-1
272,73,1136,657,192,208,1,-1,-1,-1
272,75,544,754,172,265,1,-1,-1,-1
272,78,482,300,144,136,1,-1,-1,-1
272,81,2145,587,225,130,1,-1,-1,-1
272,82,451,233,232,196,1,-1,-1,-1
272,84,1200,851,272,240,1,-1,-1,-1
272,85,766,478,180,180,1,-1,-1,-1
272,86,2118,505,188,112,1,-1,-1,-1
272,90,1453,928,164,269,1,-1,-1,-1
272,91,628,248,145,118,1,-1,-1,-1
272,92,1969,406,151,202,1,-1,-1,-1
272,94,801,469,147,210,1,-1,-1,-1
272,97,1968,425,176,212,1,-1,-1,-1
272,98,1705,466,192,152,1,-1,-1,-1
272,99,1674,1060,376,196,1,-1,-1,-1
272,100,1457,948,160,160,1,-1,-1,-1
273,11,1832,432,156,216,1,-1,-1,-1
273,14,1632,828,248,208,1,-1,-1,-1
273,17,686,270,196,180,1,-1,-1,-1
273,29,1762,458,140,204,1,-1,-1,-1
273,33,2270,1305,280,135,1,-1,-1,-1
273,47,1196,854,276,180,1,-1,-1,-1
273,49,530,393,184,148,1,-1,-1,-1
273,55,324,844,172,308,1,-1,-1,-1
273,59,450,276,212,152,1,-1,-1,-1
273,65,268,676,180,224,1,-1,-1,-1
273,66,2370,1229,190,204,1,-1,-1,-1
273,67,676,928,304,240,1,-1,-1,-1
273,69,1742,428,152,183,1,-1,-1,-1
273,70,1994,708,224,184,1,-1,-1,-1
273,73,1136,657,192,208,1,-1,-1,-1
273,75,540,760,164,260,1,-1,-1,-1
273,78,476,296,136,148,1,-1,-1,-1
273,81,2145,587,225,130,1,-1,-1,-1
273,82,451,233,232,196,1,-1,-1,-1
273,84,1196,852,280,236,1,-1,-1,-1
273,85,752,480,220,184,1,-1,-1,-1
273,86,2118,505,188,112,1,-1,-1,-1
273,90,1453,928,164,269,1,-1,-1,-1
273,91,628,248,145,118,1,-1,-1,-1
273,92,1969,406,151,202,1,-1,-1,-1
273,94,801,469,147,210,1,-1,-1,-1
273,97,1968,425,176,212,1,-1,-1,-1
273,98,1700,460,204,148,1,-1,-1,-1
273,99,1674,1060,376,196,1,-1,-1,-1
273,100,1460,944,164,192,1,-1,-1,-1
274,11,1832,429,156,216,1,-1,-1,-1
274,14,1632,828,248,208,1,-1,-1,-1
274,17,685,265,196,180,1,-1,-1,-1
274,29,1757,445,147,214,1,-1,-1,-1
274,33,2255,1304,280,136,1,-1,-1,-1
274,47,1194,853,276,180,1,-1,-1,-1
274,49,517,393,184,148,1,-1,-1,-1
274,55,320,844,172,308,1,-1,-1,-1
274,59,455,274,212,152,1,-1,-1,-1
274,65,267,677,180,224,1,-1,-1,-1
274,66,2364,1229,196,204,1,-1,-1,-1
274,67,675,929,304,240,1,-1,-1,-1
274,69,1742,421,152,183,1,-1,-1,-1
274,70,1994,711,213,175,1,-1,-1,-1
274,73,1136,658,192,208,1,-1,-1,-1
274,75,540,761,164,260,1,-1,-1,-1
274,78,479,297,136,148,1,-1,-1,-1
274,81,2149,597,225,130,1,-1,-1,-1
274,82,453,238,221,187,1,-1,-1,-1
274,84,1196,852,280,236,1,-1,-1,-1
274,85,747,481,220,184,1,-1,-1,-1
274,86,2119,506,188,112,1,-1,-1,-1
274,90,1466,934,164,269,1,-1,-1,-1
274,91,623,245,138,112,1,-1,-1,-1
274,92,1976,403,151,202,1,-1,-1,-1
274,94,787,479,140,200,1,-1,-1,-1
274,97,1969,423,176,212,1,-1,-1,-1
274,98,1700,455,204,148,1,-1,-1,-1
274,99,1742,1043,376,196,1,-1,-1,-1
274,100,1465,943,164,192,1,-1,-1,-1
275,11,1833,426,156,216,1,-1,-1,-1
275,14,1633,829,248,208,1,-1,-1,-1
275,17,685,265,196,180,1,-1,-1,-1
275,29,1758,441,147,214,1,-1,-1,-1
275,33,2258,1301,280,139,1,-1,-1,-1
275,47,1195,852,276,180,1,-1,-1,-1
275,49,512,390,184,148,1,-1,-1,-1
275,55,314,849,172,308,1,-1,-1,-1
275,59,456,274,212,152,1,-1,-1,-1
275,65,267,678,180,224,1,-1,-1,-1
275,66,2363,1227,197,204,1,-1,-1,-1
275,67,677,932,304,240,1,-1,-1,-1
275,69,1744,417,152,183,1,-1,-1,-1
275,70,1990,711,213,175,1,-1,-1,-1
275,73,1136,659,192,208,1,-1,-1,-1
275,75,540,761,164,260,1,-1,-1,-1
275,78,485,296,136,148,1,-1,-1,-1
275,81,2152,600,225,130,1,-1,-1,-1
275,82,454,236,221,187,1,-1,-1,-1
275,84,1196,853,280,236,1,-1,-1,-1
275,85,740,484,220,184,1,-1,-1,-1
275,86,2120,506,188,112,1,-1,-1,-1
275,90,1466,929,164,269,1,-1,-1,-1
275,91,636,247,131,107,1,-1,-1,-1
275,92,1978,402,151,202,1,-1,-1,-1
275,94,778,481,140,200,1,-1,-1,-1
275,97,1969,424,176,212,1,-1,-1,-1
275,98,1701,452,204,148,1,-1,-1,-1
275,99,1764,1021,376,196,1,-1,-1,-1
275,100,1468,941,164,192,1,-1,-1,-1
276,11,1832,425,156,216,1,-1,-1,-1
276,14,1633,828,248,208,1,-1,-1,-1
276,17,683,265,196,180,1,-1,-1,-1
276,29,1757,441,147,214,1,-1,-1,-1
276,47,1195,852,276,180,1,-1,-1,-1
276,49,510,391,175,141,1,-1,-1,-1
276,55,313,854,172,308,1,-1,-1,-1
276,59,458,273,212,152,1,-1,-1,-1
276,65,268,678,180,224,1,-1,-1,-1
276,66,2362,1227,198,204,1,-1,-1,-1
276,67,679,933,304,240,1,-1,-1,-1
276,69,1741,415,152,183,1,-1,-1,-1
276,70,1976,706,224,184,1,-1,-1,-1
276,73,1136,659,192,208,1,-1,-1,-1
276,75,540,760,164,260,1,-1,-1,-1
276,78,489,295,136,148,1,-1,-1,-1
276,81,2152,601,225,130,1,-1,-1,-1
276,82,455,236,221,187,1,-1,-1,-1
276,84,1195,853,280,236,1,-1,-1,-1
276,85,729,487,220,184,1,-1,-1,-1
276,86,2119,507,188,112,1,-1,-1,-1
276,90,1467,930,156,256,1,-1,-1,-1
276,91,673,263,131,107,1,-1,-1,-1
276,92,1979,400,151,202,1,-1,-1,-1
276,94,772,484,140,200,1,-1,-1,-1
276,97,1969,424,176,212,1,-1,-1,-1
276,98,1701,450,204,148,1,-1,-1,-1
276,99,1775,1010,376,196,1,-1,-1,-1
276,100,1467,940,164,192,1,-1,-1,-1
277,11,1830,425,156,216,1,-1,-1,-1
277,14,1632,827,248,208,1,-1,-1,-1
277,17,684,266,196,180,1,-1,-1,-1
277,29,1755,441,147,214,1,-1,-1,-1
277,47,1193,853,276,180,1,-1,-1,-1
277,49,506,390,175,141,1,-1,-1,-1
277,55,307,855,172,308,1,-1,-1,-1
277,59,460,273,212,152,1,-1,-1,-1
277,65,268,678,180,224,1,-1,-1,-1
277,66,2359,1225,200,204,1,-1,-1,-1
277,67,671,929,319,252,1,-1,-1,-1
277,69,1739,418,152,183,1,-1,-1,-1
277,70,1965,701,224,184,1,-1,-1,-1
277,73,1135,659,192,208,1,-1,-1,-1
277,75,540,759,164,260,1,-1,-1,-1
277,78,492,295,136,148,1,-1,-1,-1
277,81,2152,601,225,130,1,-1,-1,-1
277,82,455,235,221,187,1,-1,-1,-1
277,84,1196,854,280,236,1,-1,-1,-1
277,85,717,490,220,184,1,-1,-1,-1
277,86,2119,507,188,112,1,-1,-1,-1
277,90,1465,924,156,256,1,-1,-1,-1
277,91,679,292,125,102,1,-1,-1,-1
277,92,1979,400,151,202,1,-1,-1,-1
277,94,763,484,140,200,1,-1,-1,-1
277,97,1969,424,176,212,1,-1,-1,-1
277,98,1696,450,204,148,1,-1,-1,-1
277,99,1800,1009,358,187,1,-1,-1,-1
277,100,1465,939,164,192,1,-1,-1,-1
278,11,1830,425,156,216,1,-1,-1,-1
278,14,1632,828,248,208,1,-1,-1,-1
278,17,684,266,196,180,1,-1,-1,-1
278,29,1755,441,147,214,1,-1,-1,-1
278,47,1193,853,276,180,1,-1,-1,-1
278,49,506,390,175,141,1,-1,-1,-1
278,55,306,856,172,308,1,-1,-1,-1
278,59,461,272,212,152,1,-1,-1,-1
278,65,268,678,180,224,1,-1,-1,-1
278,66,2359,1224,200,204,1,-1,-1,-1
278,67,672,928,319,252,1,-1,-1,-1
278,69,1740,417,152,183,1,-1,-1,-1
278,70,1960,699,235,193,1,-1,-1,-1
278,73,1135,659,192,208,1,-1,-1,-1
278,75,540,759,164,260,1,-1,-1,-1
278,78,491,295,136,148,1,-1,-1,-1
278,81,2152,601,225,130,1,-1,-1,-1
278,82,456,235,221,187,1,-1,-1,-1
278,84,1196,855,280,236,1,-1,-1,-1
278,85,715,491,220,184,1,-1,-1,-1
278,86,2119,507,188,112,1,-1,-1,-1
278,90,1465,930,156,256,1,-1,-1,-1
278,91,679,295,125,102,1,-1,-1,-1
278,92,1978,402,151,202,1,-1,-1,-1
278,94,760,484,140,200,1,-1,-1,-1
278,97,1969,424,176,212,1,-1,-1,-1
278,98,1697,450,204,148,1,-1,-1,-1
278,99,1797,1001,358,187,1,-1,-1,-1
278,100,1466,938,164,192,1,-1,-1,-1
279,11,1826,426,156,216,1,-1,-1,-1
279,14,1632,828,248,208,1,-1,-1,-1
279,17,685,268,196,180,1,-1,-1,-1
279,29,1750,449,140,204,1,-1,-1,-1
279,47,1192,852,276,180,1,-1,-1,-1
279,49,503,391,175,141,1,-1,-1,-1
279,55,302,858,172,308,1,-1,-1,-1
279,59,460,272,212,152,1,-1,-1,-1
279,65,268,678,180,224,1,-1,-1,-1
279,66,2358,1224,200,204,1,-1,-1,-1
279,67,673,929,319,252,1,-1,-1,-1
279,69,1728,419,152,183,1,-1,-1,-1
279,70,1953,692,247,203,1,-1,-1,-1
279,73,1135,659,192,208,1,-1,-1,-1
279,75,541,759,164,260,1,-1,-1,-1
279,78,492,295,136,148,1,-1,-1,-1
279,81,2145,597,236,136,1,-1,-1,-1
279,82,455,235,221,187,1,-1,-1,-1
279,84,1194,856,280,236,1,-1,-1,-1
279,85,705,493,220,184,1,-1,-1,-1
279,86,2119,506,188,112,1,-1,-1,-1
279,90,1459,923,156,256,1,-1,-1,-1
279,91,674,303,125,102,1,-1,-1,-1
279,92,1978,401,151,202,1,-1,-1,-1
279,94,751,486,140,200,1,-1,-1,-1
279,97,1969,424,176,212,1,-1,-1,-1
279,98,1686,450,204,148,1,-1,-1,-1
279,99,1812,1008,341,178,1,-1,-1,-1
279,100,1463,937,164,192,1,-1,-1,-1
280,11,1824,426,156,216,1,-1,-1,-1
280,14,1633,829,248,208,1,-1,-1,-1
280,17,687,267,196,180,1,-1,-1,-1
280,29,1736,449,140,204,1,-1,-1,-1
280,47,1191,853,276,180,1,-1,-1,-1
280,49,500,391,175,141,1,-1,-1,-1
280,55,298,860,172,308,1,-1,-1,-1
280,59,460,271,212,152,1,-1,-1,-1
280,65,268,678,180,224,1,-1,-1,-1
280,66,2357,1225,200,204,1,-1,-1,-1
280,67,677,932,319,252,1,-1,-1,-1
280,69,1717,425,145,174,1,-1,-1,-1
280,70,1956,700,247,203,1,-1,-1,-1
280,73,1136,659,192,208,1,-1,-1,-1
280,75,540,759,164,260,1,-1,-1,-1
280,78,492,295,136,148,1,-1,-1,-1
280,81,2145,598,236,136,1,-1,-1,-1
280,82,456,235,221,187,1,-1,-1,-1
280,84,1194,854,280,236,1,-1,-1,-1
280,85,692,494,220,184,1,-1,-1,-1
280,86,2119,506,188,112,1,-1,-1,-1
280,90,1458,929,156,256,1,-1,-1,-1
280,92,1979,401,151,202,1,-1,-1,-1
280,94,746,486,140,200,1,-1,-1,-1
280,97,1969,424,176,212,1,-1,-1,-1
280,98,1668,451,204,148,1,-1,-1,-1
280,99,1817,1010,341,178,1,-1,-1,-1
280,100,1463,935,164,192,1,-1,-1,-1
281,11,1828,440,164,200,1,-1,-1,-1
281,14,1632,828,248,204,1,-1,-1,-1
281,17,687,267,196,180,1,-1,-1,-1
281,29,1736,449,140,204,1,-1,-1,-1
281,47,1191,853,276,180,1,-1,-1,-1
281,49,500,391,175,141,1,-1,-1,-1
281,55,284,864,180,328,1,-1,-1,-1
281,59,460,271,212,152,1,-1,-1,-1
281,65,268,676,176,220,1,-1,-1,-1
281,66,2357,1225,200,204,1,-1,-1,-1
281,67,724,924,268,256,1,-1,-1,-1
281,69,1717,425,145,174,1,-1,-1,-1
281,70,1956,700,247,203,1,-1,-1,-1
281,73,1136,659,192,208,1,-1,-1,-1
281,75,540,760,168,264,1,-1,-1,-1
281,78,492,295,136,148,1,-1,-1,-1
281,81,2145,598,236,136,1,-1,-1,-1
281,82,456,235,221,187,1,-1,-1,-1
281,84,1196,856,264,232,1,-1,-1,-1
281,85,720,484,196,200,1,-1,-1,-1
281,86,2119,506,188,112,1,-1,-1,-1
281,90,1458,929,156,256,1,-1,-1,-1
281,92,1979,401,151,202,1,-1,-1,-1
281,94,746,486,140,200,1,-1,-1,-1
281,97,1969,424,176,212,1,-1,-1,-1
281,98,1668,451,204,148,1,-1,-1,-1
281,99,1844,1004,316,236,1,-1,-1,-1
281,100,1448,928,168,204,1,-1,-1,-1
281,101,1632,424,220,200,1,-1,-1,-1
281,102,508,296,116,120,1,-1,-1,-1
281,103,440,400,220,152,1,-1,-1,-1
282,11,1827,440,164,200,1,-1,-1,-1
282,14,1632,828,248,204,1,-1,-1,-1
282,17,686,268,196,180,1,-1,-1,-1
282,29,1710,448,140,204,1,-1,-1,-1
282,47,1191,853,276,180,1,-1,-1,-1
282,49,494,391,175,141,1,-1,-1,-1
282,55,283,865,180,328,1,-1,-1,-1
282,59,461,271,212,152,1,-1,-1,-1
282,65,268,676,176,220,1,-1,-1,-1
282,66,2357,1225,200,204,1,-1,-1,-1
282,67,725,924,268,256,1,-1,-1,-1
282,69,1689,421,145,174,1,-1,-1,-1
282,70,1961,704,247,203,1,-1,-1,-1
282,73,1135,658,192,208,1,-1,-1,-1
282,75,540,760,168,264,1,-1,-1,-1
282,78,494,295,136,148,1,-1,-1,-1
282,81,2146,598,236,136,1,-1,-1,-1
282,82,456,234,221,187,1,-1,-1,-1
282,84,1196,856,264,232,1,-1,-1,-1
282,85,717,485,196,200,1,-1,-1,-1
282,86,2120,507,188,112,1,-1,-1,-1
282,90,1463,932,149,244,1,-1,-1,-1
282,92,1979,400,151,202,1,-1,-1,-1
282,94,728,491,147,210,1,-1,-1,-1
282,97,1969,423,176,212,1,-1,-1,-1
282,98,1643,451,204,148,1,-1,-1,-1
282,99,1853,1009,316,236,1,-1,-1,-1
282,100,1448,928,168,204,1,-1,-1,-1
282,101,1627,423,220,200,1,-1,-1,-1
282,102,508,296,116,120,1,-1,-1,-1
282,103,439,400,220,152,1,-1,-1,-1
283,11,1827,439,164,200,1,-1,-1,-1
283,14,1631,827,248,204,1,-1,-1,-1
283,17,686,265,196,180,1,-1,-1,-1
283,29,1706,445,140,204,1,-1,-1,-1
283,47,1194,853,276,180,1,-1,-1,-1
283,49,492,389,175,141,1,-1,-1,-1
283,55,284,866,180,328,1,-1,-1,-1
283,59,460,272,212,152,1,-1,-1,-1
283,65,268,677,176,220,1,-1,-1,-1
283,66,2351,1219,209,214,1,-1,-1,-1
283,67,728,923,268,256,1,-1,-1,-1
283,69,1680,421,145,174,1,-1,-1,-1
283,70,1966,710,247,203,1,-1,-1,-1
283,73,1136,659,192,208,1,-1,-1,-1
283,75,539,760,168,264,1,-1,-1,-1
283,78,494,295,136,148,1,-1,-1,-1
283,81,2145,598,236,136,1,-1,-1,-1
283,82,457,235,221,187,1,-1,-1,-1
283,84,1198,856,264,232,1,-1,-1,-1
283,85,717,487,196,200,1,-1,-1,-1
283,86,2121,506,188,112,1,-1,-1,-1
283,90,1465,932,149,244,1,-1,-1,-1
283,92,1980,399,151,202,1,-1,-1,-1
283,94,722,491,147,210,1,-1,-1,-1
283,97,1969,423,176,212,1,-1,-1,-1
283,98,1637,447,204,148,1,-1,-1,-1
283,99,1874,1012,316,236,1,-1,-1,-1
283,100,1447,930,168,204,1,-1,-1,-1
283,101,1622,421,220,200,1,-1,-1,-1
283,102,508,296,116,120,1,-1,-1,-1
283,103,437,400,220,152,1,-1,-1,-1
284,11,1827,439,164,200,1,-1,-1,-1
284,14,1631,828,248,204,1,-1,-1,-1
284,17,686,265,196,180,1,-1,-1,-1
284,29,1702,444,140,204,1,-1,-1,-1
284,47,1194,853,276,180,1,-1,-1,-1
284,49,492,390,175,141,1,-1,-1,-1
284,55,284,867,180,328,1,-1,-1,-1
284,59,461,271,212,152,1,-1,-1,-1
284,65,269,678,176,220,1,-1,-1,-1
284,66,2352,1220,208,214,1,-1,-1,-1
284,67,729,924,268,256,1,-1,-1,-1
284,69,1676,415,152,183,1,-1,-1,-1
284,70,1970,710,247,203,1,-1,-1,-1
284,73,1136,659,192,208,1,-1,-1,-1
284,75,539,760,168,264,1,-1,-1,-1
284,78,494,295,136,148,1,-1,-1,-1
284,81,2145,598,236,136,1,-1,-1,-1
284,82,456,235,221,187,1,-1,-1,-1
284,84,1198,855,264,232,1,-1,-1,-1
284,85,716,487,196,200,1,-1,-1,-1
284,86,2121,506,188,112,1,-1,-1,-1
284,92,1980,399,151,202,1,-1,-1,-1
284,94,721,493,147,210,1,-1,-1,-1
284,97,1969,422,176,212,1,-1,-1,-1
284,98,1644,450,194,141,1,-1,-1,-1
284,99,1873,1014,316,236,1,-1,-1,-1
284,100,1448,930,168,204,1,-1,-1,-1
284,101,1621,421,220,200,1,-1,-1,-1
284,102,508,296,116,120,1,-1,-1,-1
284,103,436,399,220,152,1,-1,-1,-1
285,11,1827,439,164,200,1,-1,-1,-1
285,14,1631,827,248,204,1,-1,-1,-1
285,17,686,264,196,180,1,-1,-1,-1
285,29,1699,439,140,204,1,-1,-1,-1
285,47,1197,852,276,180,1,-1,-1,-1
285,49,488,389,175,141,1,-1,-1,-1
285,55,285,870,180,328,1,-1,-1,-1
285,59,460,272,212,152,1,-1,-1,-1
285,65,269,678,176,220,1,-1,-1,-1
285,66,2351,1221,209,214,1,-1,-1,-1
285,67,730,924,268,256,1,-1,-1,-1
285,69,1674,415,152,183,1,-1,-1,-1
285,70,1989,721,235,193,1,-1,-1,-1
285,73,1136,658,192,208,1,-1,-1,-1
285,75,539,759,168,264,1,-1,-1,-1
285,78,493,296,136,148,1,-1,-1,-1
285,81,2146,598,236,136,1,-1,-1,-1
285,82,456,234,221,187,1,-1,-1,-1
285,84,1200,854,264,232,1,-1,-1,-1
285,85,712,489,196,200,1,-1,-1,-1
285,86,2120,506,188,112,1,-1,-1,-1
285,92,1979,399,151,202,1,-1,-1,-1
285,94,719,493,147,210,1,-1,-1,-1
285,97,1968,423,176,212,1,-1,-1,-1
285,98,1643,449,194,141,1,-1,-1,-1
285,99,1892,1012,316,236,1,-1,-1,-1
285,100,1447,931,168,204,1,-1,-1,-1
285,101,1620,419,220,200,1,-1,-1,-1
285,102,508,297,116,120,1,-1,-1,-1
285,103,433,399,220,152,1,-1,-1,-1
286,11,1826,439,164,200,1,-1,-1,-1
286,14,1631,827,248,204,1,-1,-1,-1
286,17,686,265,196,180,1,-1,-1,-1
286,29,1696,436,140,204,1,-1,-1,-1
286,47,1203,852,276,180,1,-1,-1,-1
286,49,486,390,175,141,1,-1,-1,-1
286,55,288,872,180,328,1,-1,-1,-1
286,59,460,271,212,152,1,-1,-1,-1
286,65,269,679,176,220,1,-1,-1,-1
286,66,2350,1222,210,214,1,-1,-1,-1
286,67,733,924,268,256,1,-1,-1,-1
286,69,1679,418,145,174,1,-1,-1,-1
286,73,1137,661,192,208,1,-1,-1,-1
286,75,537,759,168,264,1,-1,-1,-1
286,78,494,296,136,148,1,-1,-1,-1
286,81,2153,604,225,130,1,-1,-1,-1
286,82,456,235,221,187,1,-1,-1,-1
286,84,1202,852,264,232,1,-1,-1,-1
286,85,710,496,196,200,1,-1,-1,-1
286,86,2121,507,188,112,1,-1,-1,-1
286,92,1979,399,151,202,1,-1,-1,-1
286,94,718,499,147,210,1,-1,-1,-1
286,97,1968,424,176,212,1,-1,-1,-1
286,98,1640,447,194,141,1,-1,-1,-1
286,99,1908,1013,316,236,1,-1,-1,-1
286,100,1447,932,168,204,1,-1,-1,-1
286,101,1620,419,220,200,1,-1,-1,-1
286,102,508,297,116,120,1,-1,-1,-1
286,103,431,399,220,152,1,-1,-1,-1
287,11,1825,437,164,200,1,-1,-1,-1
287,14,1631,827,248,204,1,-1,-1,-1
287,17,684,265,196,180,1,-1,-1,-1
287,29,1687,430,147,214,1,-1,-1,-1
287,47,1209,854,276,180,1,-1,-1,-1
287,49,481,389,175,141,1,-1,-1,-1
287,55,298,879,180,328,1,-1,-1,-1
287,59,460,271,212,152,1,-1,-1,-1
287,65,269,679,176,220,1,-1,-1,-1
287,66,2350,1221,210,214,1,-1,-1,-1
287,67,733,925,268,256,1,-1,-1,-1
287,69,1674,415,145,174,1,-1,-1,-1
287,73,1137,659,192,208,1,-1,-1,-1
287,75,535,760,168,264,1,-1,-1,-1
287,78,494,297,136,148,1,-1,-1,-1
287,81,2160,606,225,130,1,-1,-1,-1
287,82,457,234,221,187,1,-1,-1,-1
287,84,1208,852,264,232,1,-1,-1,-1
287,85,709,501,196,200,1,-1,-1,-1
287,86,2121,507,188,112,1,-1,-1,-1
287,92,1976,399,151,202,1,-1,-1,-1
287,94,717,504,147,210,1,-1,-1,-1
287,97,1967,423,176,212,1,-1,-1,-1
287,98,1639,445,194,141,1,-1,-1,-1
287,99,1922,1006,316,236,1,-1,-1,-1
287,100,1446,933,168,204,1,-1,-1,-1
287,101,1618,417,220,200,1,-1,-1,-1
287,102,508,297,116,120,1,-1,-1,-1
287,103,427,400,220,152,1,-1,-1,-1
288,11,1825,436,164,200,1,-1,-1,-1
288,14,1632,827,248,204,1,-1,-1,-1
288,17,683,265,196,180,1,-1,-1,-1
288,29,1687,426,147,214,1,-1,-1,-1
288,47,1210,853,276,180,1,-1,-1,-1
288,49,477,389,175,141,1,-1,-1,-1
288,55,313,896,171,312,1,-1,-1,-1
288,59,461,271,212,152,1,-1,-1,-1
288,65,269,679,176,220,1,-1,-1,-1
288,66,2347,1221,210,214,1,-1,-1,-1
288,67,736,925,268,256,1,-1,-1,-1
288,69,1676,415,145,174,1,-1,-1,-1
288,73,1138,664,192,208,1,-1,-1,-1
288,75,535,762,168,264,1,-1,-1,-1
288,78,494,297,136,148,1,-1,-1,-1
288,81,2167,607,225,130,1,-1,-1,-1
288,82,457,234,221,187,1,-1,-1,-1
288,84,1212,851,264,232,1,-1,-1,-1
288,85,707,502,196,200,1,-1,-1,-1
288,86,2121,507,188,112,1,-1,-1,-1
288,92,1976,399,151,202,1,-1,-1,-1
288,94,714,507,147,210,1,-1,-1,-1
288,97,1966,423,176,212,1,-1,-1,-1
288,98,1639,443,194,141,1,-1,-1,-1
288,99,1938,998,316,236,1,-1,-1,-1
288,100,1445,934,168,204,1,-1,-1,-1
288,101,1617,416,220,200,1,-1,-1,-1
288,102,508,298,116,120,1,-1,-1,-1
288,103,424,400,220,152,1,-1,-1,-1
289,11,1825,436,164,200,1,-1,-1,-1
289,14,1636,828,252,204,1,-1,-1,-1
289,17,683,265,196,180,1,-1,-1,-1
289,47,1210,853,276,180,1,-1,-1,-1
289,49,477,389,175,141,1,-1,-1,-1
289,55,324,928,176,272,1,-1,-1,-1
289,59,461,271,212,152,1,-1,-1,-1
289,65,268,680,180,220,1,-1,-1,-1
289,66,2347,1221,210,214,1,-1,-1,-1
289,67,740,924,268,256,1,-1,-1,-1
289,69,1676,415,145,174,1,-1,-1,-1
289,73,1138,664,192,208,1,-1,-1,-1
289,75,508,768,196,256,1,-1,-1,-1
289,78,494,297,136,148,1,-1,-1,-1
289,81,2167,607,225,130,1,-1,-1,-1
289,82,457,234,221,187,1,-1,-1,-1
289,84,1232,844,256,248,1,-1,-1,-1
289,85,707,502,196,200,1,-1,-1,-1
289,86,2121,507,188,112,1,-1,-1,-1
289,92,1976,399,151,202,1,-1,-1,-1
289,94,720,500,148,220,1,-1,-1,-1
289,97,1966,423,176,212,1,-1,-1,-1
289,98,1639,443,194,141,1,-1,-1,-1
289,99,1968,996,272,212,1,-1,-1,-1
289,100,1452,916,164,212,1,-1,-1,-1
289,101,1604,404,232,212,1,-1,-1,-1
289,102,508,300,116,116,1,-1,-1,-1
289,103,424,400,220,152,1,-1,-1,-1
289,104,2080,716,136,212,1,-1,-1,-1
289,105,1916,1200,284,192,1,-1,-1,-1
290,11,1825,436,164,200,1,-1,-1,-1
290,14,1636,828,252,204,1,-1,-1,-1
290,17,682,265,196,180,1,-1,-1,-1
290,47,1218,854,276,180,1,-1,-1,-1
290,49,472,393,175,141,1,-1,-1,-1
290,55,324,928,176,272,1,-1,-1,-1
290,59,461,271,212,152,1,-1,-1,-1
290,65,268,680,180,220,1,-1,-1,-1
290,66,2346,1221,210,214,1,-1,-1,-1
290,67,740,924,268,256,1,-1,-1,-1
290,73,1139,668,192,208,1,-1,-1,-1
290,75,508,768,196,256,1,-1,-1,-1
290,78,495,298,136,148,1,-1,-1,-1
290,81,2173,609,225,130,1,-1,-1,-1
290,82,457,235,221,187,1,-1,-1,-1
290,84,1232,844,256,248,1,-1,-1,-1
290,85,706,505,196,200,1,-1,-1,-1
290,86,2121,508,188,112,1,-1,-1,-1
290,92,1974,397,151,202,1,-1,-1,-1
290,94,720,500,148,220,1,-1,-1,-1
290,97,1965,422,176,212,1,-1,-1,-1
290,98,1634,439,194,141,1,-1,-1,-1
290,99,1968,996,272,212,1,-1,-1,-1
290,100,1452,916,164,212,1,-1,-1,-1
290,101,1604,404,232,212,1,-1,-1,-1
290,102,508,300,116,116,1,-1,-1,-1
290,103,421,401,220,152,1,-1,-1,-1
290,104,2080,716,136,212,1,-1,-1,-1
290,105,1916,1200,284,192,1,-1,-1,-1
291,11,1824,437,164,200,1,-1,-1,-1
291,14,1637,828,252,204,1,-1,-1,-1
291,17,677,266,196,180,1,-1,-1,-1
291,47,1217,851,276,180,1,-1,-1,-1
291,49,461,401,175,141,1,-1,-1,-1
291,55,335,931,176,272,1,-1,-1,-1
291,59,461,272,212,152,1,-1,-1,-1
291,65,268,680,180,220,1,-1,-1,-1
291,66,2343,1222,210,214,1,-1,-1,-1
291,67,740,924,268,256,1,-1,-1,-1
291,73,1139,671,192,208,1,-1,-1,-1
291,75,509,770,196,256,1,-1,-1,-1
291,78,495,298,136,148,1,-1,-1,-1
291,81,2186,611,225,130,1,-1,-1,-1
291,82,457,235,221,187,1,-1,-1,-1
291,84,1234,843,256,248,1,-1,-1,-1
291,85,706,505,196,200,1,-1,-1,-1
291,86,2120,507,188,112,1,-1,-1,-1
291,92,1973,399,151,202,1,-1,-1,-1
291,94,720,500,148,220,1,-1,-1,-1
291,97,1965,422,176,212,1,-1,-1,-1
291,98,1633,435,194,141,1,-1,-1,-1
291,99,1985,977,272,212,1,-1,-1,-1
291,100,1452,916,164,212,1,-1,-1,-1
291,101,1603,404,232,212,1,-1,-1,-1
291,102,508,301,116,116,1,-1,-1,-1
291,103,415,405,220,152,1,-1,-1,-1
291,104,2081,716,136,212,1,-1,-1,-1
291,105,1920,1197,284,192,1,-1,-1,-1
292,11,1824,437,164,200,1,-1,-1,-1
292,14,1640,828,252,204,1,-1,-1,-1
292,17,675,267,196,180,1,-1,-1,-1
292,47,1227,843,290,189,1,-1,-1,-1
292,49,452,403,175,141,1,-1,-1,-1
292,55,347,924,185,286,1,-1,-1,-1
292,59,461,273,212,152,1,-1,-1,-1
292,65,269,680,180,220,1,-1,-1,-1
292,66,2341,1221,210,214,1,-1,-1,-1
292,67,740,924,268,256,1,-1,-1,-1
292,73,1139,672,192,208,1,-1,-1,-1
292,75,508,770,196,256,1,-1,-1,-1
292,78,496,298,136,148,1,-1,-1,-1
292,81,2194,615,225,130,1,-1,-1,-1
292,82,457,236,221,187,1,-1,-1,-1
292,84,1237,841,256,248,1,-1,-1,-1
292,85,706,506,196,200,1,-1,-1,-1
292,86,2119,508,188,112,1,-1,-1,-1
292,92,1972,397,151,202,1,-1,-1,-1
292,94,720,501,148,220,1,-1,-1,-1
292,97,1965,422,176,212,1,-1,-1,-1
292,98,1631,433,194,141,1,-1,-1,-1
292,99,1992,964,272,212,1,-1,-1,-1
292,100,1452,916,164,212,1,-1,-1,-1
292,101,1603,402,232,212,1,-1,-1,-1
292,102,508,301,116,116,1,-1,-1,-1
292,103,415,413,210,145,1,-1,-1,-1
292,104,2082,717,136,212,1,-1,-1,-1
292,105,1921,1196,284,192,1,-1,-1,-1
293,11,1825,438,164,200,1,-1,-1,-1
293,14,1643,827,252,204,1,-1,-1,-1
293,17,673,266,196,180,1,-1,-1,-1
293,47,1224,847,290,189,1,-1,-1,-1
293,49,445,409,175,141,1,-1,-1,-1
293,55,364,929,185,286,1,-1,-1,-1
293,59,461,274,212,152,1,-1,-1,-1
293,65,269,680,180,220,1,-1,-1,-1
293,66,2339,1220,210,214,1,-1,-1,-1
293,67,741,926,268,256,1,-1,-1,-1
293,73,1140,675,192,208,1,-1,-1,-1
293,75,508,768,196,256,1,-1,-1,-1
293,78,495,299,136,148,1,-1,-1,-1
293,81,2209,619,225,130,1,-1,-1,-1
293,82,456,235,221,187,1,-1,-1,-1
293,84,1240,836,256,248,1,-1,-1,-1
293,85,705,508,196,200,1,-1,-1,-1
293,86,2119,508,188,112,1,-1,-1,-1
293,92,1973,397,151,202,1,-1,-1,-1
293,94,719,502,148,220,1,-1,-1,-1
293,97,1964,422,176,212,1,-1,-1,-1
293,98,1634,436,185,134,1,-1,-1,-1
293,99,2018,945,272,212,1,-1,-1,-1
293,100,1452,915,164,212,1,-1,-1,-1
293,101,1601,402,232,212,1,-1,-1,-1
293,102,508,301,116,116,1,-1,-1,-1
293,103,403,421,210,145,1,-1,-1,-1
293,104,2082,718,136,212,1,-1,-1,-1
293,105,1927,1200,270,183,1,-1,-1,-1
294,11,1825,438,164,200,1,-1,-1,-1
294,14,1646,829,252,204,1,-1,-1,-1
294,17,672,266,196,180,1,-1,-1,-1
294,47,1216,850,304,198,1,-1,-1,-1
294,49,441,410,175,141,1,-1,-1,-1
294,55,373,920,185,286,1,-1,-1,-1
294,59,461,274,212,152,1,-1,-1,-1
294,65,269,681,180,220,1,-1,-1,-1
294,66,2336,1219,210,214,1,-1,-1,-1
294,67,742,926,268,256,1,-1,-1,-1
294,73,1143,677,192,208,1,-1,-1,-1
294,75,508,767,196,256,1,-1,-1,-1
294,78,495,299,136,148,1,-1,-1,-1
294,81,2208,621,225,130,1,-1,-1,-1
294,82,456,235,221,187,1,-1,-1,-1
294,84,1242,835,256,248,1,-1,-1,-1
294,85,703,510,196,200,1,-1,-1,-1
294,86,2121,509,188,112,1,-1,-1,-1
294,92,1973,398,151,202,1,-1,-1,-1
294,94,718,502,148,220,1,-1,-1,-1
294,97,1965,421,176,212,1,-1,-1,-1
294,98,1633,435,185,134,1,-1,-1,-1
294,99,2038,938,272,212,1,-1,-1,-1
294,100,1450,915,164,212,1,-1,-1,-1
294,101,1600,401,232,212,1,-1,-1,-1
294,102,508,301,116,116,1,-1,-1,-1
294,103,393,423,210,145,1,-1,-1,-1
294,104,2082,719,136,212,1,-1,-1,-1
294,105,1925,1202,270,183,1,-1,-1,-1
295,11,1826,439,164,200,1,-1,-1,-1
295,14,1651,829,252,204,1,-1,-1,-1
295,17,672,267,196,180,1,-1,-1,-1
295,47,1216,855,304,198,1,-1,-1,-1
295,49,437,412,175,141,1,-1,-1,-1
295,55,372,912,185,286,1,-1,-1,-1
295,59,462,274,212,152,1,-1,-1,-1
295,65,270,680,180,220,1,-1,-1,-1
295,66,2337,1216,210,214,1,-1,-1,-1
295,67,742,926,268,256,1,-1,-1,-1
295,73,1147,677,192,208,1,-1,-1,-1
295,75,508,766,196,256,1,-1,-1,-1
295,78,496,299,136,148,1,-1,-1,-1
295,81,2210,620,225,130,1,-1,-1,-1
295,82,457,236,221,187,1,-1,-1,-1
295,84,1243,835,256,248,1,-1,-1,-1
295,85,703,511,196,200,1,-1,-1,-1
295,86,2121,509,188,112,1,-1,-1,-1
295,92,1973,398,151,202,1,-1,-1,-1
295,94,718,503,148,220,1,-1,-1,-1
295,97,1965,421,176,212,1,-1,-1,-1
295,98,1631,436,185,134,1,-1,-1,-1
295,99,2060,943,272,212,1,-1,-1,-1
295,100,1450,915,164,212,1,-1,-1,-1
295,101,1599,402,232,212,1,-1,-1,-1
295,102,508,302,116,116,1,-1,-1,-1
295,103,391,425,210,145,1,-1,-1,-1
295,104,2086,724,130,202,1,-1,-1,-1
295,105,1921,1207,270,183,1,-1,-1,-1
296,11,1826,438,164,200,1,-1,-1,-1
296,14,1653,829,252,204,1,-1,-1,-1
296,17,671,267,196,180,1,-1,-1,-1
296,47,1224,856,304,198,1,-1,-1,-1
296,49,437,412,175,141,1,-1,-1,-1
296,55,364,906,194,300,1,-1,-1,-1
296,59,462,274,212,152,1,-1,-1,-1
296,65,269,680,180,220,1,-1,-1,-1
296,66,2336,1215,210,214,1,-1,-1,-1
296,67,743,927,268,256,1,-1,-1,-1
296,73,1148,677,192,208,1,-1,-1,-1
296,75,508,766,196,256,1,-1,-1,-1
296,78,496,299,136,148,1,-1,-1,-1
296,81,2210,619,225,130,1,-1,-1,-1
296,82,457,236,221,187,1,-1,-1,-1
296,84,1244,835,256,248,1,-1,-1,-1
296,85,702,510,196,200,1,-1,-1,-1
296,86,2121,510,188,112,1,-1,-1,-1
296,92,1974,398,151,202,1,-1,-1,-1
296,94,717,504,148,220,1,-1,-1,-1
296,97,1965,421,176,212,1,-1,-1,-1
296,98,1632,436,185,134,1,-1,-1,-1
296,99,2059,945,272,212,1,-1,-1,-1
296,100,1450,914,164,212,1,-1,-1,-1
296,101,1599,402,232,212,1,-1,-1,-1
296,102,508,302,116,116,1,-1,-1,-1
296,103,391,425,210,145,1,-1,-1,-1
296,104,2086,724,130,202,1,-1,-1,-1
296,105,1921,1207,270,183,1,-1,-1,-1
297,11,1826,438,164,200,1,-1,-1,-1
297,14,1664,828,264,196,1,-1,-1,-1
297,17,671,267,196,180,1,-1,-1,-1
297,47,1224,856,304,198,1,-1,-1,-1
297,55,364,906,194,300,1,-1,-1,-1
297,59,462,274,212,152,1,-1,-1,-1
297,65,268,684,180,216,1,-1,-1,-1
297,66,2332,1232,228,204,1,-1,-1,-1
297,67,736,924,272,252,1,-1,-1,-1
297,73,1148,677,192,208,1,-1,-1,-1
297,75,508,766,196,256,1,-1,-1,-1
297,78,508,300,116,136,1,-1,-1,-1
297,81,2210,619,225,130,1,-1,-1,-1
297,82,457,236,221,187,1,-1,-1,-1
297,84,1244,835,256,248,1,-1,-1,-1
297,85,702,510,196,200,1,-1,-1,-1
297,86,2121,510,188,112,1,-1,-1,-1
297,92,1974,398,151,202,1,-1,-1,-1
297,94,716,504,152,232,1,-1,-1,-1
297,97,1965,421,176,212,1,-1,-1,-1
297,98,1632,436,185,134,1,-1,-1,-1
297,99,2059,945,272,212,1,-1,-1,-1
297,100,1448,916,156,212,1,-1,-1,-1
297,101,1599,402,232,212,1,-1,-1,-1
297,102,508,302,116,116,1,-1,-1,-1
297,103,391,425,210,145,1,-1,-1,-1
297,104,2086,724,130,202,1,-1,-1,-1
297,105,1916,1208,252,188,1,-1,-1,-1
297,106,2056,964,312,204,1,-1,-1,-1
297,107,372,1044,236,280,1,-1,-1,-1
297,108,1260,824,236,180,1,-1,-1,-1
298,11,1826,438,164,200,1,-1,-1,-1
298,14,1667,828,264,196,1,-1,-1,-1
298,17,666,270,196,180,1,-1,-1,-1
298,47,1217,863,304,198,1,-1,-1,-1
298,55,366,917,194,300,1,-1,-1,-1
298,59,461,275,212,152,1,-1,-1,-1
298,65,268,684,180,216,1,-1,-1,-1
298,66,2331,1231,228,204,1,-1,-1,-1
298,67,737,924,272,252,1,-1,-1,-1
298,73,1156,678,192,208,1,-1,-1,-1
298,75,508,766,196,256,1,-1,-1,-1
298,78,508,300,116,136,1,-1,-1,-1
298,81,2206,610,225,130,1,-1,-1,-1
298,82,456,236,221,187,1,-1,-1,-1
298,84,1239,834,256,248,1,-1,-1,-1
298,85,701,514,196,200,1,-1,-1,-1
298,86,2121,510,188,112,1,-1,-1,-1
298,92,1975,398,151,202,1,-1,-1,-1
298,94,716,506,152,232,1,-1,-1,-1
298,97,1965,422,176,212,1,-1,-1,-1
298,98,1627,441,185,134,1,-1,-1,-1
298,99,2102,940,272,212,1,-1,-1,-1
298,100,1447,916,156,212,1,-1,-1,-1
298,101,1598,404,232,212,1,-1,-1,-1
298,102,509,302,116,116,1,-1,-1,-1
298,103,389,427,210,145,1,-1,-1,-1
298,104,2085,728,130,202,1,-1,-1,-1
298,105,1914,1212,252,188,1,-1,-1,-1
298,106,2068,964,312,204,1,-1,-1,-1
298,107,375,1047,236,280,1,-1,-1,-1
298,108,1264,822,236,180,1,-1,-1,-1
299,11,1825,439,164,200,1,-1,-1,-1
299,14,1672,828,264,196,1,-1,-1,-1
299,17,660,275,196,180,1,-1,-1,-1
299,47,1219,869,290,189,1,-1,-1,-1
299,55,363,909,204,315,1,-1,-1,-1
299,59,462,274,212,152,1,-1,-1,-1
299,65,268,684,180,216,1,-1,-1,-1
299,66,2331,1229,228,204,1,-1,-1,-1
299,67,738,924,272,252,1,-1,-1,-1
299,73,1164,679,192,208,1,-1,-1,-1
299,75,508,766,196,256,1,-1,-1,-1
299,78,508,300,116,136,1,-1,-1,-1
299,81,2204,600,225,130,1,-1,-1,-1
299,82,456,236,221,187,1,-1,-1,-1
299,84,1237,836,256,248,1,-1,-1,-1
299,85,701,518,196,200,1,-1,-1,-1
299,86,2120,510,188,112,1,-1,-1,-1
299,92,1976,400,151,202,1,-1,-1,-1
299,94,716,508,152,232,1,-1,-1,-1
299,97,1966,423,176,212,1,-1,-1,-1
299,98,1623,443,185,134,1,-1,-1,-1
299,99,2118,944,272,212,1,-1,-1,-1
299,100,1448,915,156,212,1,-1,-1,-1
299,101,1597,405,232,212,1,-1,-1,-1
299,102,510,301,116,116,1,-1,-1,-1
299,103,389,428,210,145,1,-1,-1,-1
299,104,2088,726,130,202,1,-1,-1,-1
299,105,1912,1217,252,188,1,-1,-1,-1
299,106,2082,965,312,204,1,-1,-1,-1
299,107,378,1050,236,280,1,-1,-1,-1
299,108,1273,820,236,180,1,-1,-1,-1
300,11,1825,439,164,200,1,-1,-1,-1
300,14,1675,827,264,196,1,-1,-1,-1
300,17,649,280,196,180,1,-1,-1,-1
300,47,1221,864,290,189,1,-1,-1,-1
300,55,366,913,204,315,1,-1,-1,-1
300,59,462,274,212,152,1,-1,-1,-1
300,65,268,685,180,216,1,-1,-1,-1
300,66,2325,1223,235,214,1,-1,-1,-1
300,67,738,923,272,252,1,-1,-1,-1
300,73,1172,679,192,208,1,-1,-1,-1
300,75,508,765,196,256,1,-1,-1,-1
300,78,508,300,116,136,1,-1,-1,-1
300,81,2206,599,225,130,1,-1,-1,-1
300,82,456,235,221,187,1,-1,-1,-1
300,84,1240,833,256,248,1,-1,-1,-1
300,85,700,519,196,200,1,-1,-1,-1
300,86,2120,510,188,112,1,-1,-1,-1
300,92,1978,401,151,202,1,-1,-1,-1
300,94,715,510,152,232,1,-1,-1,-1
300,97,1967,424,176,212,1,-1,-1,-1
300,98,1624,446,185,134,1,-1,-1,-1
300,99,2126,950,259,202,1,-1,-1,-1
300,100,1447,915,156,212,1,-1,-1,-1
300,101,1595,407,232,212,1,-1,-1,-1
300,102,510,301,116,116,1,-1,-1,-1
300,103,390,429,210,145,1,-1,-1,-1
300,104,2090,726,130,202,1,-1,-1,-1
300,105,1911,1219,252,188,1,-1,-1,-1
300,106,2091,970,312,204,1,-1,-1,-1
300,107,376,1052,236,280,1,-1,-1,-1
300,108,1280,814,236,180,1,-1,-1,-1
301,11,1825,439,164,200,1,-1,-1,-1
301,14,1680,828,264,196,1,-1,-1,-1
301,17,638,281,196,180,1,-1,-1,-1
301,55,372,922,194,300,1,-1,-1,-1
301,59,461,274,212,152,1,-1,-1,-1
301,65,268,685,180,216,1,-1,-1,-1
301,66,2325,1223,235,214,1,-1,-1,-1
301,67,737,923,272,252,1,-1,-1,-1
301,73,1180,679,192,208,1,-1,-1,-1
301,75,509,765,196,256,1,-1,-1,-1
301,78,508,300,116,136,1,-1,-1,-1
301,81,2211,603,214,123,1,-1,-1,-1
301,82,457,235,221,187,1,-1,-1,-1
301,84,1230,825,269,260,1,-1,-1,-1
301,85,698,520,196,200,1,-1,-1,-1
301,86,2120,509,188,112,1,-1,-1,-1
301,92,1978,402,151,202,1,-1,-1,-1
301,94,714,511,152,232,1,-1,-1,-1
301,97,1967,424,176,212,1,-1,-1,-1
301,98,1622,446,185,134,1,-1,-1,-1
301,99,2133,949,259,202,1,-1,-1,-1
301,100,1447,915,156,212,1,-1,-1,-1
301,101,1593,408,232,212,1,-1,-1,-1
301,102,510,301,116,116,1,-1,-1,-1
301,103,389,430,210,145,1,-1,-1,-1
301,104,2097,724,130,202,1,-1,-1,-1
301,105,1908,1221,252,188,1,-1,-1,-1
301,106,2102,972,312,204,1,-1,-1,-1
301,107,381,1054,236,280,1,-1,-1,-1
301,108,1290,811,236,180,1,-1,-1,-1
302,11,1826,439,164,200,1,-1,-1,-1
302,14,1681,827,264,196,1,-1,-1,-1
302,17,637,280,196,180,1,-1,-1,-1
302,55,375,925,194,300,1,-1,-1,-1
302,59,462,274,212,152,1,-1,-1,-1
302,65,268,685,180,216,1,-1,-1,-1
302,66,2325,1223,235,214,1,-1,-1,-1
302,67,739,923,272,252,1,-1,-1,-1
302,73,1182,680,192,208,1,-1,-1,-1
302,75,510,765,196,256,1,-1,-1,-1
302,78,508,300,116,136,1,-1,-1,-1
302,81,2213,602,214,123,1,-1,-1,-1
302,82,457,236,221,187,1,-1,-1,-1
302,84,1230,827,269,260,1,-1,-1,-1
302,85,697,522,196,200,1,-1,-1,-1
302,86,2120,510,188,112,1,-1,-1,-1
302,92,1978,402,151,202,1,-1,-1,-1
302,94,714,512,152,232,1,-1,-1,-1
302,97,1968,425,176,212,1,-1,-1,-1
302,98,1619,443,194,141,1,-1,-1,-1
302,99,2134,949,259,202,1,-1,-1,-1
302,100,1447,915,156,212,1,-1,-1,-1
302,101,1592,407,232,212,1,-1,-1,-1
302,102,510,301,116,116,1,-1,-1,-1
302,103,383,426,220,152,1,-1,-1,-1
302,104,2099,730,130,202,1,-1,-1,-1
302,105,1908,1221,252,188,1,-1,-1,-1
302,106,2106,974,312,204,1,-1,-1,-1
302,107,381,1055,236,280,1,-1,-1,-1
302,108,1291,807,236,180,1,-1,-1,-1
303,11,1826,439,164,200,1,-1,-1,-1
303,14,1686,827,264,196,1,-1,-1,-1
303,17,633,280,196,180,1,-1,-1,-1
303,55,376,932,194,300,1,-1,-1,-1
303,59,462,273,212,152,1,-1,-1,-1
303,65,268,685,180,216,1,-1,-1,-1
303,66,2323,1220,237,214,1,-1,-1,-1
303,67,737,922,272,252,1,-1,-1,-1
303,73,1188,679,192,208,1,-1,-1,-1
303,75,510,766,196,256,1,-1,-1,-1
303,78,509,300,116,136,1,-1,-1,-1
303,81,2215,603,214,123,1,-1,-1,-1
303,82,457,235,221,187,1,-1,-1,-1
303,84,1232,827,269,260,1,-1,-1,-1
303,85,695,521,196,200,1,-1,-1,-1
303,86,2120,510,188,112,1,-1,-1,-1
303,92,1979,402,151,202,1,-1,-1,-1
303,94,713,512,152,232,1,-1,-1,-1
303,97,1969,425,176,212,1,-1,-1,-1
303,98,1617,445,194,141,1,-1,-1,-1
303,99,2139,950,259,202,1,-1,-1,-1
303,100,1448,914,156,212,1,-1,-1,-1
303,101,1593,409,232,212,1,-1,-1,-1
303,102,510,300,116,116,1,-1,-1,-1
303,103,382,426,220,152,1,-1,-1,-1
303,104,2103,729,130,202,1,-1,-1,-1
303,105,1907,1222,252,188,1,-1,-1,-1
303,106,2110,976,312,204,1,-1,-1,-1
303,107,383,1057,236,280,1,-1,-1,-1
303,108,1294,807,236,180,1,-1,-1,-1
304,11,1825,439,164,200,1,-1,-1,-1
304,14,1693,824,264,196,1,-1,-1,-1
304,17,632,281,196,180,1,-1,-1,-1
304,59,461,272,212,152,1,-1,-1,-1
304,65,268,685,180,216,1,-1,-1,-1
304,66,2324,1220,236,214,1,-1,-1,-1
304,67,736,921,272,252,1,-1,-1,-1
304,73,1191,679,192,208,1,-1,-1,-1
304,75,511,765,196,256,1,-1,-1,-1
304,78,508,298,116,136,1,-1,-1,-1
304,81,2215,604,214,123,1,-1,-1,-1
304,82,457,234,221,187,1,-1,-1,-1
304,84,1228,825,269,260,1,-1,-1,-1
304,85,690,528,196,200,1,-1,-1,-1
304,86,2121,510,188,112,1,-1,-1,-1
304,92,1980,402,151,202,1,-1,-1,-1
304,94,710,517,152,232,1,-1,-1,-1
304,97,1971,425,176,212,1,-1,-1,-1
304,98,1614,444,194,141,1,-1,-1,-1
304,99,2142,949,259,202,1,-1,-1,-1
304,100,1448,914,156,212,1,-1,-1,-1
304,101,1592,408,232,212,1,-1,-1,-1
304,102,510,298,116,116,1,-1,-1,-1
304,103,381,426,220,152,1,-1,-1,-1
304,104,2105,726,130,202,1,-1,-1,-1
304,105,1908,1223,252,188,1,-1,-1,-1
304,106,2113,977,312,204,1,-1,-1,-1
304,107,382,1060,236,280,1,-1,-1,-1
304,108,1299,806,236,180,1,-1,-1,-1
305,11,1825,439,164,200,1,-1,-1,-1
305,14,1684,828,284,192,1,-1,-1,-1
305,17,632,281,196,180,1,-1,-1,-1
305,59,461,272,212,152,1,-1,-1,-1
305,65,268,684,180,220,1,-1,-1,-1
305,66,2324,1220,236,214,1,-1,-1,-1
305,67,744,920,268,260,1,-1,-1,-1
305,73,1191,679,192,208,1,-1,-1,-1
305,75,504,772,204,240,1,-1,-1,-1
305,78,504,292,116,144,1,-1,-1,-1
305,81,2215,604,214,123,1,-1,-1,-1
305,84,1228,825,269,260,1,-1,-1,-1
305,85,688,540,148,208,1,-1,-1,-1
305,86,2121,510,188,112,1,-1,-1,-1
305,92,1980,402,151,202,1,-1,-1,-1
305,94,710,517,152,232,1,-1,-1,-1
305,97,1971,425,176,212,1,-1,-1,-1
305,98,1614,444,194,141,1,-1,-1,-1
305,99,2142,949,259,202,1,-1,-1,-1
305,100,1444,916,156,212,1,-1,-1,-1
305,101,1592,408,232,212,1,-1,-1,-1
305,102,510,298,116,116,1,-1,-1,-1
305,103,381,426,220,152,1,-1,-1,-1
305,104,2105,726,130,202,1,-1,-1,-1
305,105,1908,1223,252,188,1,-1,-1,-1
305,106,2144,976,324,216,1,-1,-1,-1
305,107,382,1060,236,280,1,-1,-1,-1
305,108,1308,812,212,168,1,-1,-1,-1
305,109,2212,596,168,220,1,-1,-1,-1
306,11,1823,438,164,200,1,-1,-1,-1
306,14,1686,826,284,192,1,-1,-1,-1
306,17,631,282,196,180,1,-1,-1,-1
306,59,461,272,212,152,1,-1,-1,-1
306,65,268,684,180,220,1,-1,-1,-1
306,66,2335,1218,225,214,1,-1,-1,-1
306,67,744,920,268,260,1,-1,-1,-1
306,73,1198,676,192,208,1,-1,-1,-1
306,75,504,772,204,240,1,-1,-1,-1
306,78,504,292,116,144,1,-1,-1,-1
306,81,2217,606,214,123,1,-1,-1,-1
306,84,1231,826,269,260,1,-1,-1,-1
306,85,689,540,148,208,1,-1,-1,-1
306,86,2122,510,188,112,1,-1,-1,-1
306,92,1982,402,151,202,1,-1,-1,-1
306,94,703,522,152,232,1,-1,-1,-1
306,97,1973,425,176,212,1,-1,-1,-1
306,98,1615,445,194,141,1,-1,-1,-1
306,99,2164,956,247,192,1,-1,-1,-1
306,100,1444,916,156,212,1,-1,-1,-1
306,101,1593,408,232,212,1,-1,-1,-1
306,102,509,298,116,116,1,-1,-1,-1
306,103,380,427,220,152,1,-1,-1,-1
306,104,2120,748,130,202,1,-1,-1,-1
306,105,1910,1226,252,188,1,-1,-1,-1
306,106,2149,979,324,216,1,-1,-1,-1
306,107,403,1086,236,280,1,-1,-1,-1
306,108,1307,811,212,168,1,-1,-1,-1
306,109,2213,596,168,220,1,-1,-1,-1
307,11,1822,438,164,200,1,-1,-1,-1
307,14,1699,828,270,183,1,-1,-1,-1
307,17,631,281,196,180,1,-1,-1,-1
307,59,461,273,212,152,1,-1,-1,-1
307,65,268,684,180,220,1,-1,-1,-1
307,66,2342,1217,218,214,1,-1,-1,-1
307,67,746,920,268,260,1,-1,-1,-1
307,73,1199,677,192,208,1,-1,-1,-1
307,75,504,773,204,240,1,-1,-1,-1
307,78,505,293,116,144,1,-1,-1,-1
307,81,2217,606,214,123,1,-1,-1,-1
307,84,1233,825,269,260,1,-1,-1,-1
307,85,690,540,148,208,1,-1,-1,-1
307,86,2125,510,188,112,1,-1,-1,-1
307,92,1983,402,151,202,1,-1,-1,-1
307,94,701,529,145,221,1,-1,-1,-1
307,97,1974,425,176,212,1,-1,-1,-1
307,98,1614,445,194,141,1,-1,-1,-1
307,99,2173,949,247,192,1,-1,-1,-1
307,100,1445,917,156,212,1,-1,-1,-1
307,101,1592,408,232,212,1,-1,-1,-1
307,102,509,298,116,116,1,-1,-1,-1
307,103,380,428,220,152,1,-1,-1,-1
307,104,2119,747,136,212,1,-1,-1,-1
307,105,1912,1227,252,188,1,-1,-1,-1
307,106,2159,983,324,216,1,-1,-1,-1
307,107,409,1088,236,280,1,-1,-1,-1
307,108,1307,812,212,168,1,-1,-1,-1
307,109,2213,597,168,220,1,-1,-1,-1
308,11,1822,438,164,200,1,-1,-1,-1
308,14,1701,828,270,183,1,-1,-1,-1
308,17,631,281,196,180,1,-1,-1,-1
308,59,461,272,212,152,1,-1,-1,-1
308,65,269,684,180,220,1,-1,-1,-1
308,66,2343,1218,217,214,1,-1,-1,-1
308,67,747,919,268,260,1,-1,-1,-1
308,73,1200,677,192,208,1,-1,-1,-1
308,75,504,773,204,240,1,-1,-1,-1
308,78,504,293,116,144,1,-1,-1,-1
308,81,2217,607,214,123,1,-1,-1,-1
308,84,1231,824,269,260,1,-1,-1,-1
308,85,690,539,148,208,1,-1,-1,-1
308,86,2125,510,188,112,1,-1,-1,-1
308,92,1983,402,151,202,1,-1,-1,-1
308,94,701,530,145,221,1,-1,-1,-1
308,97,1974,425,176,212,1,-1,-1,-1
308,98,1614,445,194,141,1,-1,-1,-1
308,99,2170,952,247,192,1,-1,-1,-1
308,100,1446,917,156,212,1,-1,-1,-1
308,101,1592,409,232,212,1,-1,-1,-1
308,102,509,298,116,116,1,-1,-1,-1
308,103,379,428,220,152,1,-1,-1,-1
308,104,2120,745,136,212,1,-1,-1,-1
308,105,1911,1226,252,188,1,-1,-1,-1
308,106,2162,985,324,216,1,-1,-1,-1
308,107,408,1092,236,280,1,-1,-1,-1
308,108,1307,812,212,168,1,-1,-1,-1
308,109,2214,597,168,220,1,-1,-1,-1
309,11,1822,439,164,200,1,-1,-1,-1
309,14,1704,827,270,183,1,-1,-1,-1
309,17,631,281,196,180,1,-1,-1,-1
309,59,462,271,212,152,1,-1,-1,-1
309,65,269,684,180,220,1,-1,-1,-1
309,66,2347,1210,213,214,1,-1,-1,-1
309,67,749,919,268,260,1,-1,-1,-1
309,73,1201,676,192,208,1,-1,-1,-1
309,75,504,773,204,240,1,-1,-1,-1
309,78,504,293,116,144,1,-1,-1,-1
309,81,2216,605,214,123,1,-1,-1,-1
309,84,1242,831,256,248,1,-1,-1,-1
309,85,690,539,148,208,1,-1,-1,-1
309,86,2125,511,188,112,1,-1,-1,-1
309,92,1982,401,151,202,1,-1,-1,-1
309,94,700,529,145,221,1,-1,-1,-1
309,97,1974,425,176,212,1,-1,-1,-1
309,98,1616,443,194,141,1,-1,-1,-1
309,100,1447,918,156,212,1,-1,-1,-1
309,101,1592,408,232,212,1,-1,-1,-1
309,102,509,299,116,116,1,-1,-1,-1
309,103,378,427,220,152,1,-1,-1,-1
309,104,2126,759,136,212,1,-1,-1,-1
309,105,1911,1227,252,188,1,-1,-1,-1
309,106,2168,979,324,216,1,-1,-1,-1
309,107,418,1094,236,280,1,-1,-1,-1
309,108,1307,812,212,168,1,-1,-1,-1
309,109,2215,596,168,220,1,-1,-1,-1
