1,0,1960,324,200,236,1,-1,-1,-1
1,1,388,648,176,184,1,-1,-1,-1
1,2,1368,124,92,264,1,-1,-1,-1
1,3,692,608,140,172,1,-1,-1,-1
1,4,1200,508,220,196,1,-1,-1,-1
1,5,312,580,164,196,1,-1,-1,-1
1,6,1540,284,128,192,1,-1,-1,-1
1,7,2140,104,112,272,1,-1,-1,-1
1,8,1496,448,216,204,1,-1,-1,-1
1,9,1168,424,256,156,1,-1,-1,-1
1,10,836,504,128,164,1,-1,-1,-1
2,0,1961,326,200,236,1,-1,-1,-1
2,1,389,650,176,184,1,-1,-1,-1
2,2,1370,133,88,251,1,-1,-1,-1
2,3,692,611,140,172,1,-1,-1,-1
2,4,1201,511,220,196,1,-1,-1,-1
2,5,312,582,164,196,1,-1,-1,-1
2,6,1541,286,128,192,1,-1,-1,-1
2,7,2141,105,112,272,1,-1,-1,-1
2,8,1497,450,216,204,1,-1,-1,-1
2,9,1172,428,256,156,1,-1,-1,-1
2,10,836,507,128,164,1,-1,-1,-1
3,0,1962,331,200,236,1,-1,-1,-1
3,1,390,654,176,184,1,-1,-1,-1
3,2,1370,136,88,251,1,-1,-1,-1
3,3,694,619,133,164,1,-1,-1,-1
3,4,1205,514,220,196,1,-1,-1,-1
3,5,314,586,164,196,1,-1,-1,-1
3,6,1540,290,128,192,1,-1,-1,-1
3,7,2142,108,112,272,1,-1,-1,-1
3,8,1500,455,216,204,1,-1,-1,-1
3,9,1180,436,244,149,1,-1,-1,-1
3,10,836,512,128,164,1,-1,-1,-1
4,0,1962,331,200,236,1,-1,-1,-1
4,1,393,656,176,184,1,-1,-1,-1
4,2,1370,138,88,251,1,-1,-1,-1
4,3,695,621,133,164,1,-1,-1,-1
4,4,1212,526,210,187,1,-1,-1,-1
4,5,315,591,164,196,1,-1,-1,-1
4,6,1541,298,122,183,1,-1,-1,-1
4,7,2142,109,112,272,1,-1,-1,-1
4,8,1502,458,216,204,1,-1,-1,-1
4,9,1183,438,244,149,1,-1,-1,-1
4,10,835,516,128,164,1,-1,-1,-1
5,0,1962,336,200,236,1,-1,-1,-1
5,1,396,658,176,184,1,-1,-1,-1
5,2,1366,137,88,251,1,-1,-1,-1
5,3,693,620,140,172,1,-1,-1,-1
5,4,1216,529,210,187,1,-1,-1,-1
5,5,317,596,164,196,1,-1,-1,-1
5,6,1541,301,122,183,1,-1,-1,-1
5,7,2142,111,112,272,1,-1,-1,-1
5,8,1504,461,216,204,1,-1,-1,-1
5,9,1178,439,256,156,1,-1,-1,-1
5,10,838,524,122,156,1,-1,-1,-1
6,0,1959,337,200,236,1,-1,-1,-1
6,1,395,662,176,184,1,-1,-1,-1
6,2,1365,142,88,251,1,-1,-1,-1
6,3,688,619,147,181,1,-1,-1,-1
6,4,1222,535,200,178,1,-1,-1,-1
6,5,317,599,164,196,1,-1,-1,-1
6,6,1541,304,122,183,1,-1,-1,-1
6,7,2142,113,112,272,1,-1,-1,-1
6,8,1510,467,206,194,1,-1,-1,-1
6,9,1177,442,256,156,1,-1,-1,-1
6,10,837,528,122,156,1,-1,-1,-1
7,0,1960,339,200,236,1,-1,-1,-1
7,1,397,665,176,184,1,-1,-1,-1
7,2,1365,149,88,251,1,-1,-1,-1
7,3,689,624,147,181,1,-1,-1,-1
7,4,1221,532,210,187,1,-1,-1,-1
7,5,316,601,164,196,1,-1,-1,-1
7,6,1540,306,122,183,1,-1,-1,-1
7,7,2143,114,112,272,1,-1,-1,-1
7,8,1516,474,196,185,1,-1,-1,-1
7,9,1181,446,256,156,1,-1,-1,-1
7,10,836,530,122,156,1,-1,-1,-1
8,0,1960,342,200,236,1,-1,-1,-1
8,1,400,665,176,184,1,-1,-1,-1
8,2,1365,152,88,251,1,-1,-1,-1
8,3,690,626,147,181,1,-1,-1,-1
8,4,1224,531,210,187,1,-1,-1,-1
8,5,319,604,164,196,1,-1,-1,-1
8,6,1539,308,122,183,1,-1,-1,-1
8,7,2141,113,112,272,1,-1,-1,-1
8,8,1519,477,196,185,1,-1,-1,-1
8,9,1183,448,244,149,1,-1,-1,-1
8,10,836,530,122,156,1,-1,-1,-1
9,0,1996,328,164,256,1,-1,-1,-1
9,1,380,660,172,196,1,-1,-1,-1
9,2,1360,168,100,248,1,-1,-1,-1
9,3,690,626,147,181,1,-1,-1,-1
9,4,1216,524,264,196,1,-1,-1,-1
9,5,312,616,172,180,1,-1,-1,-1
9,6,1528,300,144,228,1,-1,-1,-1
9,7,2141,113,112,272,1,-1,-1,-1
9,8,1519,477,196,185,1,-1,-1,-1
9,9,1183,448,244,149,1,-1,-1,-1
9,10,836,530,122,156,1,-1,-1,-1
9,11,0,736,52,120,1,-1,-1,-1
9,12,1608,540,180,144,1,-1,-1,-1
9,13,1832,12,164,216,1,-1,-1,-1
9,14,1048,412,176,212,1,-1,-1,-1
10,0,1997,329,164,256,1,-1,-1,-1
10,1,382,663,172,196,1,-1,-1,-1
10,2,1361,167,100,248,1,-1,-1,-1
10,3,691,635,147,181,1,-1,-1,-1
10,4,1217,527,264,196,1,-1,-1,-1
10,5,318,622,164,171,1,-1,-1,-1
10,6,1530,302,144,228,1,-1,-1,-1
10,7,2143,113,112,272,1,-1,-1,-1
10,8,1523,473,206,194,1,-1,-1,-1
10,9,1189,453,232,141,1,-1,-1,-1
10,10,837,535,122,156,1,-1,-1,-1
10,11,3,740,52,120,1,-1,-1,-1
10,12,1612,542,180,144,1,-1,-1,-1
10,13,1828,14,164,216,1,-1,-1,-1
10,14,1054,419,168,202,1,-1,-1,-1
11,0,1998,331,164,256,1,-1,-1,-1
11,1,384,665,172,196,1,-1,-1,-1
11,2,1362,168,100,248,1,-1,-1,-1
11,3,694,637,147,181,1,-1,-1,-1
11,4,1223,528,264,196,1,-1,-1,-1
11,5,320,624,164,171,1,-1,-1,-1
11,6,1527,299,151,239,1,-1,-1,-1
11,7,2144,111,112,272,1,-1,-1,-1
11,8,1524,475,206,194,1,-1,-1,-1
11,9,1190,450,232,141,1,-1,-1,-1
11,10,837,538,122,156,1,-1,-1,-1
11,11,11,741,52,120,1,-1,-1,-1
11,12,1620,544,180,144,1,-1,-1,-1
11,13,1825,15,164,216,1,-1,-1,-1
11,14,1056,421,168,202,1,-1,-1,-1
12,0,1999,337,164,256,1,-1,-1,-1
12,1,385,668,172,196,1,-1,-1,-1
12,2,1364,169,100,248,1,-1,-1,-1
12,3,694,636,147,181,1,-1,-1,-1
12,4,1221,531,264,196,1,-1,-1,-1
12,5,318,621,172,180,1,-1,-1,-1
12,6,1525,303,151,239,1,-1,-1,-1
12,7,2146,108,112,272,1,-1,-1,-1
12,8,1525,474,216,204,1,-1,-1,-1
12,9,1200,445,232,141,1,-1,-1,-1
12,10,837,539,122,156,1,-1,-1,-1
12,11,16,747,52,120,1,-1,-1,-1
12,12,1631,549,171,137,1,-1,-1,-1
12,13,1820,17,164,216,1,-1,-1,-1
12,14,1060,423,168,202,1,-1,-1,-1
13,0,1998,338,164,256,1,-1,-1,-1
13,1,387,671,172,196,1,-1,-1,-1
13,2,1365,171,100,248,1,-1,-1,-1
13,3,696,636,147,181,1,-1,-1,-1
13,4,1226,531,264,196,1,-1,-1,-1
13,5,319,623,172,180,1,-1,-1,-1
13,6,1530,310,144,228,1,-1,-1,-1
13,7,2150,102,112,272,1,-1,-1,-1
13,8,1525,473,216,204,1,-1,-1,-1
13,9,1227,442,244,149,1,-1,-1,-1
13,10,837,541,122,156,1,-1,-1,-1
13,11,23,751,52,120,1,-1,-1,-1
13,12,1632,554,171,137,1,-1,-1,-1
13,13,1816,19,164,216,1,-1,-1,-1
13,14,1059,427,168,202,1,-1,-1,-1
14,0,2000,339,164,256,1,-1,-1,-1
14,1,384,668,181,206,1,-1,-1,-1
14,2,1364,174,100,248,1,-1,-1,-1
14,3,696,638,147,181,1,-1,-1,-1
14,4,1227,535,264,196,1,-1,-1,-1
14,5,321,626,172,180,1,-1,-1,-1
14,6,1533,319,137,217,1,-1,-1,-1
14,7,2151,105,112,272,1,-1,-1,-1
14,8,1528,476,216,204,1,-1,-1,-1
14,9,1232,446,232,141,1,-1,-1,-1
14,10,837,542,122,156,1,-1,-1,-1
14,11,26,756,52,120,1,-1,-1,-1
14,12,1634,554,171,137,1,-1,-1,-1
14,13,1811,21,164,216,1,-1,-1,-1
14,14,1060,426,168,202,1,-1,-1,-1
15,0,2005,340,164,256,1,-1,-1,-1
15,1,386,671,181,206,1,-1,-1,-1
15,2,1362,175,100,248,1,-1,-1,-1
15,3,699,638,147,181,1,-1,-1,-1
15,4,1235,543,251,187,1,-1,-1,-1
15,5,324,629,172,180,1,-1,-1,-1
15,6,1534,322,137,217,1,-1,-1,-1
15,7,2154,110,107,259,1,-1,-1,-1
15,8,1535,475,216,204,1,-1,-1,-1
15,9,1236,451,221,135,1,-1,-1,-1
15,10,839,544,122,156,1,-1,-1,-1
15,11,31,760,52,120,1,-1,-1,-1
15,12,1637,552,180,144,1,-1,-1,-1
15,13,1807,25,164,216,1,-1,-1,-1
15,14,1055,425,176,212,1,-1,-1,-1
16,0,2005,342,164,256,1,-1,-1,-1
16,1,388,674,181,206,1,-1,-1,-1
16,2,1361,177,100,248,1,-1,-1,-1
16,3,700,640,147,181,1,-1,-1,-1
16,4,1236,541,251,187,1,-1,-1,-1
16,5,327,632,172,180,1,-1,-1,-1
16,6,1536,329,131,207,1,-1,-1,-1
16,7,2154,107,107,259,1,-1,-1,-1
16,8,1538,479,216,204,1,-1,-1,-1
16,9,1250,452,221,135,1,-1,-1,-1
16,10,840,548,122,156,1,-1,-1,-1
16,11,34,764,52,120,1,-1,-1,-1
16,12,1645,553,180,144,1,-1,-1,-1
16,13,1800,26,164,216,1,-1,-1,-1
16,14,1055,428,176,212,1,-1,-1,-1
17,0,2004,352,160,244,1,-1,-1,-1
17,1,388,674,181,206,1,-1,-1,-1
17,2,1372,176,100,244,1,-1,-1,-1
17,3,728,636,112,184,1,-1,-1,-1
17,4,1236,548,248,192,1,-1,-1,-1
17,5,336,636,160,184,1,-1,-1,-1
17,6,1524,340,168,212,1,-1,-1,-1
17,7,2154,107,107,259,1,-1,-1,-1
17,8,1536,480,220,180,1,-1,-1,-1
17,9,1250,452,221,135,1,-1,-1,-1
17,10,840,548,122,156,1,-1,-1,-1
17,11,34,764,52,120,1,-1,-1,-1
17,12,1645,553,180,144,1,-1,-1,-1
17,13,1800,26,164,216,1,-1,-1,-1
17,14,1048,412,184,184,1,-1,-1,-1
17,15,0,768,92,160,1,-1,-1,-1
17,16,1672,456,224,212,1,-1,-1,-1
17,17,968,616,176,176,1,-1,-1,-1
17,18,656,564,100,192,1,-1,-1,-1
18,0,2004,354,160,244,1,-1,-1,-1
18,1,397,683,172,196,1,-1,-1,-1
18,2,1375,182,95,232,1,-1,-1,-1
18,3,731,643,107,175,1,-1,-1,-1
18,4,1237,549,248,192,1,-1,-1,-1
18,5,337,639,160,184,1,-1,-1,-1
18,6,1524,341,168,212,1,-1,-1,-1
18,7,2154,108,107,259,1,-1,-1,-1
18,8,1537,482,220,180,1,-1,-1,-1
18,9,1267,458,211,128,1,-1,-1,-1
18,10,841,550,122,156,1,-1,-1,-1
18,11,42,764,52,120,1,-1,-1,-1
18,12,1653,553,180,144,1,-1,-1,-1
18,13,1788,24,172,227,1,-1,-1,-1
18,14,1049,414,184,184,1,-1,-1,-1
18,15,1,770,92,160,1,-1,-1,-1
18,16,1674,459,224,212,1,-1,-1,-1
18,17,968,617,176,176,1,-1,-1,-1
18,18,656,566,100,192,1,-1,-1,-1
19,0,2008,354,160,244,1,-1,-1,-1
19,1,400,686,172,196,1,-1,-1,-1
19,2,1374,185,95,232,1,-1,-1,-1
19,3,732,646,107,175,1,-1,-1,-1
19,4,1242,551,248,192,1,-1,-1,-1
19,5,341,639,160,184,1,-1,-1,-1
19,6,1529,346,160,202,1,-1,-1,-1
19,7,2157,115,102,247,1,-1,-1,-1
19,8,1543,482,220,180,1,-1,-1,-1
19,9,1275,460,201,122,1,-1,-1,-1
19,10,842,552,122,156,1,-1,-1,-1
19,11,45,763,52,120,1,-1,-1,-1
19,12,1662,557,171,137,1,-1,-1,-1
19,13,1786,27,164,216,1,-1,-1,-1
19,14,1049,417,184,184,1,-1,-1,-1
19,15,3,770,92,160,1,-1,-1,-1
19,16,1676,458,224,212,1,-1,-1,-1
19,17,970,618,176,176,1,-1,-1,-1
19,18,657,565,100,192,1,-1,-1,-1
20,0,2007,355,160,244,1,-1,-1,-1
20,1,401,688,172,196,1,-1,-1,-1
20,2,1370,181,100,244,1,-1,-1,-1
20,3,733,645,107,175,1,-1,-1,-1
20,4,1245,554,248,192,1,-1,-1,-1
20,5,343,641,160,184,1,-1,-1,-1
20,6,1534,353,152,192,1,-1,-1,-1
20,7,2157,116,102,247,1,-1,-1,-1
20,8,1547,483,220,180,1,-1,-1,-1
20,9,1263,458,201,122,1,-1,-1,-1
20,10,839,550,128,164,1,-1,-1,-1
20,11,46,764,52,120,1,-1,-1,-1
20,12,1667,559,171,137,1,-1,-1,-1
20,13,1778,28,164,216,1,-1,-1,-1
20,14,1048,419,184,184,1,-1,-1,-1
20,15,5,770,92,160,1,-1,-1,-1
20,16,1677,458,224,212,1,-1,-1,-1
20,17,972,617,176,176,1,-1,-1,-1
20,18,656,566,100,192,1,-1,-1,-1
21,0,2010,353,160,244,1,-1,-1,-1
21,1,403,687,172,196,1,-1,-1,-1
21,2,1370,183,100,244,1,-1,-1,-1
21,3,734,644,107,175,1,-1,-1,-1
21,4,1251,557,236,183,1,-1,-1,-1
21,5,348,642,160,184,1,-1,-1,-1
21,6,1533,354,152,192,1,-1,-1,-1
21,7,2157,114,102,247,1,-1,-1,-1
21,8,1549,484,220,180,1,-1,-1,-1
21,9,1279,471,201,122,1,-1,-1,-1
21,10,841,553,122,156,1,-1,-1,-1
21,11,48,761,52,120,1,-1,-1,-1
21,12,1671,560,171,137,1,-1,-1,-1
21,13,1762,11,164,216,1,-1,-1,-1
21,14,1047,419,184,184,1,-1,-1,-1
21,15,4,763,97,168,1,-1,-1,-1
21,16,1680,460,224,212,1,-1,-1,-1
21,17,972,617,176,176,1,-1,-1,-1
21,18,654,561,105,202,1,-1,-1,-1
22,0,2013,353,160,244,1,-1,-1,-1
22,1,404,686,172,196,1,-1,-1,-1
22,2,1368,177,105,256,1,-1,-1,-1
22,3,733,645,107,175,1,-1,-1,-1
22,4,1256,564,225,174,1,-1,-1,-1
22,5,350,640,160,184,1,-1,-1,-1
22,6,1535,357,145,183,1,-1,-1,-1
22,7,2156,115,102,247,1,-1,-1,-1
22,8,1550,482,220,180,1,-1,-1,-1
22,10,837,551,122,156,1,-1,-1,-1
22,11,51,759,50,114,1,-1,-1,-1
22,12,1671,557,171,137,1,-1,-1,-1
22,13,1765,14,156,206,1,-1,-1,-1
22,14,1047,420,184,184,1,-1,-1,-1
22,15,6,760,97,168,1,-1,-1,-1
22,16,1676,456,235,223,1,-1,-1,-1
22,17,974,617,176,176,1,-1,-1,-1
22,18,654,560,105,202,1,-1,-1,-1
23,0,2010,348,168,256,1,-1,-1,-1
23,1,404,684,172,196,1,-1,-1,-1
23,2,1368,174,105,256,1,-1,-1,-1
23,3,733,642,107,175,1,-1,-1,-1
23,4,1264,565,214,166,1,-1,-1,-1
23,5,352,637,160,184,1,-1,-1,-1
23,6,1536,351,145,183,1,-1,-1,-1
23,7,2154,112,102,247,1,-1,-1,-1
23,8,1558,482,210,171,1,-1,-1,-1
23,10,834,545,128,164,1,-1,-1,-1
23,11,52,751,50,114,1,-1,-1,-1
23,12,1672,556,171,137,1,-1,-1,-1
23,13,1770,18,149,196,1,-1,-1,-1
23,14,1045,418,184,184,1,-1,-1,-1
23,15,8,757,97,168,1,-1,-1,-1
23,16,1680,452,235,223,1,-1,-1,-1
23,17,975,613,176,176,1,-1,-1,-1
23,18,657,564,100,192,1,-1,-1,-1
24,0,2012,347,168,256,1,-1,-1,-1
24,1,404,681,172,196,1,-1,-1,-1
24,2,1366,171,105,256,1,-1,-1,-1
24,3,733,634,107,175,1,-1,-1,-1
24,4,1273,559,204,158,1,-1,-1,-1
24,5,360,636,152,175,1,-1,-1,-1
24,6,1534,345,145,183,1,-1,-1,-1
24,7,2149,101,107,259,1,-1,-1,-1
24,8,1559,479,210,171,1,-1,-1,-1
24,10,833,540,128,164,1,-1,-1,-1
24,11,53,741,50,114,1,-1,-1,-1
24,12,1670,548,180,144,1,-1,-1,-1
24,13,1754,7,149,196,1,-1,-1,-1
24,14,1043,413,184,184,1,-1,-1,-1
24,15,8,749,97,168,1,-1,-1,-1
24,16,1680,450,235,223,1,-1,-1,-1
24,17,973,609,176,176,1,-1,-1,-1
24,18,658,558,100,192,1,-1,-1,-1
25,0,2028,312,148,256,1,-1,-1,-1
25,1,416,656,212,220,1,-1,-1,-1
25,2,1368,180,96,236,1,-1,-1,-1
25,3,728,632,128,176,1,-1,-1,-1
25,4,1260,544,212,184,1,-1,-1,-1
25,5,360,644,168,164,1,-1,-1,-1
25,6,1536,324,160,236,1,-1,-1,-1
25,7,2149,101,107,259,1,-1,-1,-1
25,8,1548,460,260,212,1,-1,-1,-1
25,10,833,540,128,164,1,-1,-1,-1
25,11,53,741,50,114,1,-1,-1,-1
25,12,1660,504,160,180,1,-1,-1,-1
25,13,1754,7,149,196,1,-1,-1,-1
25,14,1064,424,168,164,1,-1,-1,-1
25,15,0,732,104,188,1,-1,-1,-1
25,16,1680,450,235,223,1,-1,-1,-1
25,17,984,572,180,200,1,-1,-1,-1
25,18,658,558,100,192,1,-1,-1,-1
25,19,1796,452,160,148,1,-1,-1,-1
25,20,1444,472,132,196,1,-1,-1,-1
25,21,1372,416,164,132,1,-1,-1,-1
26,0,2030,308,148,256,1,-1,-1,-1
26,1,417,655,212,220,1,-1,-1,-1
26,2,1368,176,96,236,1,-1,-1,-1
26,3,729,629,128,176,1,-1,-1,-1
26,4,1264,541,212,184,1,-1,-1,-1
26,5,362,643,168,164,1,-1,-1,-1
26,6,1537,323,160,236,1,-1,-1,-1
26,7,2150,89,102,247,1,-1,-1,-1
26,8,1557,464,248,202,1,-1,-1,-1
26,10,834,535,128,164,1,-1,-1,-1
26,11,53,730,50,114,1,-1,-1,-1
26,12,1666,506,152,171,1,-1,-1,-1
26,13,1743,0,156,206,1,-1,-1,-1
26,14,1065,423,168,164,1,-1,-1,-1
26,15,1,730,104,188,1,-1,-1,-1
26,16,1706,439,224,212,1,-1,-1,-1
26,17,985,570,180,200,1,-1,-1,-1
26,18,657,549,105,202,1,-1,-1,-1
26,19,1801,450,160,148,1,-1,-1,-1
26,20,1447,469,132,196,1,-1,-1,-1
26,21,1375,414,164,132,1,-1,-1,-1
27,0,2032,306,148,256,1,-1,-1,-1
27,1,420,655,212,220,1,-1,-1,-1
27,2,1368,175,96,236,1,-1,-1,-1
27,3,729,624,134,185,1,-1,-1,-1
27,4,1270,540,212,184,1,-1,-1,-1
27,5,364,641,168,164,1,-1,-1,-1
27,6,1537,321,160,236,1,-1,-1,-1
27,7,2150,89,102,247,1,-1,-1,-1
27,8,1559,464,248,202,1,-1,-1,-1
27,10,835,532,128,164,1,-1,-1,-1
27,11,54,726,50,114,1,-1,-1,-1
27,12,1670,505,152,171,1,-1,-1,-1
27,13,1739,0,156,202,1,-1,-1,-1
27,14,1067,420,168,164,1,-1,-1,-1
27,15,2,727,104,188,1,-1,-1,-1
27,16,1714,444,224,212,1,-1,-1,-1
27,17,984,570,180,200,1,-1,-1,-1
27,18,659,545,105,202,1,-1,-1,-1
27,19,1808,450,160,148,1,-1,-1,-1
27,20,1448,467,132,196,1,-1,-1,-1
27,21,1378,414,164,132,1,-1,-1,-1
28,0,2038,312,141,244,1,-1,-1,-1
28,1,421,654,212,220,1,-1,-1,-1
28,2,1368,174,96,236,1,-1,-1,-1
28,3,731,622,134,185,1,-1,-1,-1
28,4,1273,540,212,184,1,-1,-1,-1
28,5,366,641,168,164,1,-1,-1,-1
28,6,1539,319,160,236,1,-1,-1,-1
28,7,2150,85,102,247,1,-1,-1,-1
28,8,1561,462,248,202,1,-1,-1,-1
28,10,836,530,128,164,1,-1,-1,-1
28,11,55,725,50,114,1,-1,-1,-1
28,12,1669,502,160,180,1,-1,-1,-1
28,13,1730,0,156,202,1,-1,-1,-1
28,14,1068,420,168,164,1,-1,-1,-1
28,15,3,725,104,188,1,-1,-1,-1
28,16,1695,441,224,212,1,-1,-1,-1
28,17,986,570,180,200,1,-1,-1,-1
28,18,661,544,105,202,1,-1,-1,-1
28,19,1813,452,160,148,1,-1,-1,-1
28,20,1449,465,132,196,1,-1,-1,-1
28,21,1380,414,164,132,1,-1,-1,-1
29,0,2042,308,141,244,1,-1,-1,-1
29,1,424,654,212,220,1,-1,-1,-1
29,2,1367,173,96,236,1,-1,-1,-1
29,3,732,622,134,185,1,-1,-1,-1
29,4,1276,541,212,184,1,-1,-1,-1
29,5,370,641,168,164,1,-1,-1,-1
29,6,1538,319,160,236,1,-1,-1,-1
29,7,2152,89,97,235,1,-1,-1,-1
29,8,1561,462,248,202,1,-1,-1,-1
29,10,837,531,128,164,1,-1,-1,-1
29,11,55,724,50,114,1,-1,-1,-1
29,12,1673,501,160,180,1,-1,-1,-1
29,13,1732,0,156,201,1,-1,-1,-1
29,14,1070,420,168,164,1,-1,-1,-1
29,15,3,727,104,188,1,-1,-1,-1
29,16,1664,450,235,223,1,-1,-1,-1
29,17,989,568,180,200,1,-1,-1,-1
29,18,664,543,105,202,1,-1,-1,-1
29,19,1818,451,160,148,1,-1,-1,-1
29,20,1452,465,132,196,1,-1,-1,-1
29,21,1381,416,164,132,1,-1,-1,-1
30,0,2043,306,141,244,1,-1,-1,-1
30,1,424,654,212,220,1,-1,-1,-1
30,2,1364,167,101,248,1,-1,-1,-1
30,3,733,618,134,185,1,-1,-1,-1
30,4,1279,542,212,184,1,-1,-1,-1
30,5,372,639,168,164,1,-1,-1,-1
30,6,1539,318,160,236,1,-1,-1,-1
30,7,2155,91,92,224,1,-1,-1,-1
30,8,1562,460,248,202,1,-1,-1,-1
30,10,838,530,128,164,1,-1,-1,-1
30,11,58,730,47,109,1,-1,-1,-1
30,12,1676,500,160,180,1,-1,-1,-1
30,13,1730,0,156,204,1,-1,-1,-1
30,14,1071,420,168,164,1,-1,-1,-1
30,15,5,731,104,188,1,-1,-1,-1
30,16,1661,455,235,223,1,-1,-1,-1
30,17,989,570,180,200,1,-1,-1,-1
30,18,661,539,110,212,1,-1,-1,-1
30,19,1831,449,152,141,1,-1,-1,-1
30,20,1454,459,132,196,1,-1,-1,-1
30,21,1383,410,164,132,1,-1,-1,-1
31,0,2042,296,148,256,1,-1,-1,-1
31,1,430,654,212,220,1,-1,-1,-1
31,2,1365,165,101,248,1,-1,-1,-1
31,3,734,616,134,185,1,-1,-1,-1
31,4,1282,541,212,184,1,-1,-1,-1
31,5,376,637,168,164,1,-1,-1,-1
31,6,1540,317,160,236,1,-1,-1,-1
31,7,2155,91,92,224,1,-1,-1,-1
31,8,1560,460,248,202,1,-1,-1,-1
31,10,839,528,128,164,1,-1,-1,-1
31,11,59,731,50,114,1,-1,-1,-1
31,12,1681,498,160,180,1,-1,-1,-1
31,13,1725,0,156,201,1,-1,-1,-1
31,14,1076,423,160,156,1,-1,-1,-1
31,15,8,732,104,188,1,-1,-1,-1
31,16,1657,463,224,212,1,-1,-1,-1
31,17,990,564,189,210,1,-1,-1,-1
31,18,662,537,110,212,1,-1,-1,-1
31,19,1838,446,152,141,1,-1,-1,-1
31,20,1461,458,126,187,1,-1,-1,-1
31,21,1376,407,172,139,1,-1,-1,-1
32,0,2045,294,148,256,1,-1,-1,-1
32,1,437,655,202,210,1,-1,-1,-1
32,2,1365,164,101,248,1,-1,-1,-1
32,3,737,616,134,185,1,-1,-1,-1
32,4,1284,541,212,184,1,-1,-1,-1
32,5,380,635,168,164,1,-1,-1,-1
32,6,1541,313,160,236,1,-1,-1,-1
32,7,2157,88,92,224,1,-1,-1,-1
32,8,1563,457,248,202,1,-1,-1,-1
32,10,843,534,122,156,1,-1,-1,-1
32,11,63,731,50,114,1,-1,-1,-1
32,12,1687,495,160,180,1,-1,-1,-1
32,13,1720,0,156,200,1,-1,-1,-1
32,14,1080,421,160,156,1,-1,-1,-1
32,15,11,734,104,188,1,-1,-1,-1
32,16,1665,457,224,212,1,-1,-1,-1
32,17,990,565,189,210,1,-1,-1,-1
32,18,666,538,110,212,1,-1,-1,-1
32,19,1847,443,152,141,1,-1,-1,-1
32,20,1458,453,132,196,1,-1,-1,-1
32,21,1376,405,172,139,1,-1,-1,-1
33,0,2056,272,120,268,1,-1,-1,-1
33,1,436,668,184,192,1,-1,-1,-1
33,2,1368,144,96,248,1,-1,-1,-1
33,3,744,612,132,180,1,-1,-1,-1
33,4,1296,536,220,180,1,-1,-1,-1
33,5,380,612,176,180,1,-1,-1,-1
33,6,1548,300,148,216,1,-1,-1,-1
33,7,2157,88,92,224,1,-1,-1,-1
33,8,1576,436,264,216,1,-1,-1,-1
33,10,843,534,122,156,1,-1,-1,-1
33,11,63,731,50,114,1,-1,-1,-1
33,12,1687,495,160,180,1,-1,-1,-1
33,13,1724,4,160,200,1,-1,-1,-1
33,14,1092,400,148,204,1,-1,-1,-1
33,15,0,736,120,172,1,-1,-1,-1
33,16,1665,457,224,212,1,-1,-1,-1
33,17,996,584,196,168,1,-1,-1,-1
33,18,652,548,132,184,1,-1,-1,-1
33,19,1800,428,188,172,1,-1,-1,-1
33,20,1458,453,132,196,1,-1,-1,-1
33,21,1368,408,208,156,1,-1,-1,-1
34,0,2064,248,120,268,1,-1,-1,-1
34,1,453,644,184,192,1,-1,-1,-1
34,2,1376,119,96,248,1,-1,-1,-1
34,3,759,589,132,180,1,-1,-1,-1
34,4,1311,514,220,180,1,-1,-1,-1
34,5,399,594,168,171,1,-1,-1,-1
34,6,1558,278,148,216,1,-1,-1,-1
34,7,2165,62,92,224,1,-1,-1,-1
34,8,1587,412,264,216,1,-1,-1,-1
34,10,859,511,122,156,1,-1,-1,-1
34,11,84,720,47,109,1,-1,-1,-1
34,12,1701,466,168,189,1,-1,-1,-1
34,13,1731,0,160,186,1,-1,-1,-1
34,14,1102,380,148,204,1,-1,-1,-1
34,15,16,716,120,172,1,-1,-1,-1
34,16,1664,440,224,212,1,-1,-1,-1
34,17,1009,561,196,168,1,-1,-1,-1
34,18,666,525,132,184,1,-1,-1,-1
34,19,1814,405,188,172,1,-1,-1,-1
34,20,1476,430,132,196,1,-1,-1,-1
34,21,1381,385,208,156,1,-1,-1,-1
35,0,2079,222,120,268,1,-1,-1,-1
35,1,469,617,184,192,1,-1,-1,-1
35,2,1388,95,96,248,1,-1,-1,-1
35,3,773,563,132,180,1,-1,-1,-1
35,4,1332,494,210,171,1,-1,-1,-1
35,5,415,566,168,171,1,-1,-1,-1
35,6,1574,251,148,216,1,-1,-1,-1
35,7,2179,35,92,224,1,-1,-1,-1
35,8,1605,387,264,216,1,-1,-1,-1
35,10,874,483,122,156,1,-1,-1,-1
35,11,104,697,47,109,1,-1,-1,-1
35,12,1719,436,168,189,1,-1,-1,-1
35,13,1747,0,152,158,1,-1,-1,-1
35,14,1118,353,148,204,1,-1,-1,-1
35,15,34,691,120,172,1,-1,-1,-1
35,16,1675,421,224,212,1,-1,-1,-1
35,17,1022,536,196,168,1,-1,-1,-1
35,18,684,504,132,184,1,-1,-1,-1
35,19,1831,376,188,172,1,-1,-1,-1
35,20,1489,393,139,206,1,-1,-1,-1
35,21,1395,361,208,156,1,-1,-1,-1
36,0,2085,204,120,268,1,-1,-1,-1
36,1,477,606,175,183,1,-1,-1,-1
36,2,1391,69,101,260,1,-1,-1,-1
36,3,779,547,132,180,1,-1,-1,-1
36,4,1337,476,210,171,1,-1,-1,-1
36,5,420,550,168,171,1,-1,-1,-1
36,6,1577,233,148,216,1,-1,-1,-1
36,7,2188,16,88,213,1,-1,-1,-1
36,8,1611,370,264,216,1,-1,-1,-1
36,10,882,468,122,156,1,-1,-1,-1
36,11,114,685,47,109,1,-1,-1,-1
36,12,1726,417,168,189,1,-1,-1,-1
36,13,1751,0,152,142,1,-1,-1,-1
36,14,1123,336,148,204,1,-1,-1,-1
36,15,44,675,120,172,1,-1,-1,-1
36,16,1682,387,235,223,1,-1,-1,-1
36,17,1028,519,196,168,1,-1,-1,-1
36,18,687,485,132,184,1,-1,-1,-1
36,19,1840,358,188,172,1,-1,-1,-1
36,20,1494,374,139,206,1,-1,-1,-1
36,21,1400,343,208,156,1,-1,-1,-1
37,0,2090,194,120,268,1,-1,-1,-1
37,1,485,593,175,183,1,-1,-1,-1
37,2,1397,67,101,260,1,-1,-1,-1
37,3,792,541,132,180,1,-1,-1,-1
37,4,1347,471,200,163,1,-1,-1,-1
37,5,428,539,168,171,1,-1,-1,-1
37,6,1580,224,148,216,1,-1,-1,-1
37,7,2193,0,88,211,1,-1,-1,-1
37,8,1619,355,264,216,1,-1,-1,-1
37,10,888,457,122,156,1,-1,-1,-1
37,11,123,673,47,109,1,-1,-1,-1
37,12,1734,406,168,189,1,-1,-1,-1
37,13,1756,0,152,131,1,-1,-1,-1
37,14,1131,324,148,204,1,-1,-1,-1
37,15,53,669,120,172,1,-1,-1,-1
37,16,1697,371,235,223,1,-1,-1,-1
37,17,1035,506,196,168,1,-1,-1,-1
37,18,696,471,132,184,1,-1,-1,-1
37,19,1848,345,188,172,1,-1,-1,-1
37,20,1504,367,132,196,1,-1,-1,-1
37,21,1411,334,198,149,1,-1,-1,-1
38,0,2095,190,120,268,1,-1,-1,-1
38,1,497,588,175,183,1,-1,-1,-1
38,2,1402,47,101,260,1,-1,-1,-1
38,3,797,533,132,180,1,-1,-1,-1
38,4,1358,465,200,163,1,-1,-1,-1
38,5,435,536,168,171,1,-1,-1,-1
38,6,1585,217,148,216,1,-1,-1,-1
38,7,2201,0,88,205,1,-1,-1,-1
38,8,1633,353,251,206,1,-1,-1,-1
38,10,892,451,122,156,1,-1,-1,-1
38,11,133,670,47,109,1,-1,-1,-1
38,12,1738,401,168,189,1,-1,-1,-1
38,13,1761,0,152,128,1,-1,-1,-1
38,14,1139,326,141,194,1,-1,-1,-1
38,15,65,662,120,172,1,-1,-1,-1
38,16,1691,365,247,234,1,-1,-1,-1
38,17,1040,502,196,168,1,-1,-1,-1
38,18,704,468,132,184,1,-1,-1,-1
38,19,1856,341,188,172,1,-1,-1,-1
38,20,1513,359,139,206,1,-1,-1,-1
38,21,1409,326,208,156,1,-1,-1,-1
39,0,2099,188,120,268,1,-1,-1,-1
39,1,503,592,167,174,1,-1,-1,-1
39,2,1405,51,101,260,1,-1,-1,-1
39,3,804,539,126,171,1,-1,-1,-1
39,4,1361,462,200,163,1,-1,-1,-1
39,5,435,532,176,180,1,-1,-1,-1
39,6,1590,215,148,216,1,-1,-1,-1
39,7,2205,0,92,207,1,-1,-1,-1
39,8,1639,353,251,206,1,-1,-1,-1
39,10,898,450,122,156,1,-1,-1,-1
39,11,143,670,47,109,1,-1,-1,-1
39,12,1747,402,168,189,1,-1,-1,-1
39,13,1761,0,152,124,1,-1,-1,-1
39,14,1145,324,141,194,1,-1,-1,-1
39,15,76,668,114,164,1,-1,-1,-1
39,17,1046,502,196,168,1,-1,-1,-1
39,18,708,464,139,193,1,-1,-1,-1
39,19,1858,341,188,172,1,-1,-1,-1
39,20,1513,354,139,206,1,-1,-1,-1
39,21,1420,330,208,156,1,-1,-1,-1
40,0,2102,191,120,268,1,-1,-1,-1
40,1,509,594,167,174,1,-1,-1,-1
40,2,1410,65,96,248,1,-1,-1,-1
40,3,812,546,126,171,1,-1,-1,-1
40,4,1367,466,200,163,1,-1,-1,-1
40,5,441,538,176,180,1,-1,-1,-1
40,6,1598,223,141,206,1,-1,-1,-1
40,7,2208,0,92,211,1,-1,-1,-1
40,8,1645,355,251,206,1,-1,-1,-1
40,10,905,457,116,149,1,-1,-1,-1
40,11,151,674,47,109,1,-1,-1,-1
40,12,1752,403,168,189,1,-1,-1,-1
40,13,1763,0,152,132,1,-1,-1,-1
40,14,1150,329,141,194,1,-1,-1,-1
40,15,83,671,114,164,1,-1,-1,-1
40,17,1049,503,196,168,1,-1,-1,-1
40,18,717,473,132,184,1,-1,-1,-1
40,19,1870,345,188,172,1,-1,-1,-1
40,20,1517,357,139,206,1,-1,-1,-1
40,21,1428,334,198,149,1,-1,-1,-1
41,0,2104,196,116,268,1,-1,-1,-1
41,1,448,560,216,232,1,-1,-1,-1
41,2,1416,100,88,224,1,-1,-1,-1
41,3,804,536,164,184,1,-1,-1,-1
41,4,1360,492,180,156,1,-1,-1,-1
41,5,441,538,176,180,1,-1,-1,-1
41,6,1604,248,140,192,1,-1,-1,-1
41,7,2208,4,112,236,1,-1,-1,-1
41,8,1645,355,251,206,1,-1,-1,-1
41,10,905,457,116,149,1,-1,-1,-1
41,11,151,674,47,109,1,-1,-1,-1
41,12,1724,416,208,184,1,-1,-1,-1
41,13,1763,0,152,132,1,-1,-1,-1
41,14,1128,328,144,184,1,-1,-1,-1
41,15,83,671,114,164,1,-1,-1,-1
41,17,1048,516,212,160,1,-1,-1,-1
41,18,700,496,140,172,1,-1,-1,-1
41,19,1916,348,168,152,1,-1,-1,-1
41,20,1517,357,139,206,1,-1,-1,-1
41,21,1428,334,198,149,1,-1,-1,-1
41,22,0,680,200,172,1,-1,-1,-1
42,0,2108,204,110,255,1,-1,-1,-1
42,1,446,559,227,244,1,-1,-1,-1
42,2,1416,102,88,224,1,-1,-1,-1
42,3,809,542,164,184,1,-1,-1,-1
42,4,1363,497,180,156,1,-1,-1,-1
42,5,451,557,168,171,1,-1,-1,-1
42,6,1608,251,140,192,1,-1,-1,-1
42,7,2210,7,112,236,1,-1,-1,-1
42,8,1660,370,251,206,1,-1,-1,-1
42,10,919,466,111,142,1,-1,-1,-1
42,11,162,686,47,109,1,-1,-1,-1
42,12,1728,421,208,184,1,-1,-1,-1
42,13,1762,0,152,143,1,-1,-1,-1
42,14,1131,332,144,184,1,-1,-1,-1
42,15,95,683,114,164,1,-1,-1,-1
42,17,1049,519,212,160,1,-1,-1,-1
42,18,702,501,140,172,1,-1,-1,-1
42,19,1915,349,176,160,1,-1,-1,-1
42,20,1529,368,139,206,1,-1,-1,-1
42,21,1429,339,208,156,1,-1,-1,-1
42,22,4,684,200,172,1,-1,-1,-1
43,0,2112,214,105,243,1,-1,-1,-1
43,1,451,566,227,244,1,-1,-1,-1
43,2,1416,100,92,235,1,-1,-1,-1
43,3,815,549,164,184,1,-1,-1,-1
43,4,1368,502,180,156,1,-1,-1,-1
43,5,461,565,160,163,1,-1,-1,-1
43,6,1612,257,140,192,1,-1,-1,-1
43,7,2213,10,112,236,1,-1,-1,-1
43,8,1669,374,251,206,1,-1,-1,-1
43,10,924,468,111,142,1,-1,-1,-1
43,11,169,692,47,109,1,-1,-1,-1
43,12,1739,430,198,175,1,-1,-1,-1
43,13,1760,0,160,153,1,-1,-1,-1
43,14,1135,338,144,184,1,-1,-1,-1
43,15,107,686,114,164,1,-1,-1,-1
43,17,1045,521,223,168,1,-1,-1,-1
43,18,707,507,140,172,1,-1,-1,-1
43,19,1928,358,168,152,1,-1,-1,-1
43,20,1537,385,132,196,1,-1,-1,-1
43,21,1426,340,218,164,1,-1,-1,-1
43,22,10,690,200,172,1,-1,-1,-1
44,0,2112,217,105,243,1,-1,-1,-1
44,1,454,567,227,244,1,-1,-1,-1
44,2,1418,103,92,235,1,-1,-1,-1
44,3,818,553,164,184,1,-1,-1,-1
44,4,1371,504,180,156,1,-1,-1,-1
44,5,459,566,168,171,1,-1,-1,-1
44,6,1615,260,140,192,1,-1,-1,-1
44,7,2212,7,118,248,1,-1,-1,-1
44,8,1674,377,251,206,1,-1,-1,-1
44,10,928,471,105,135,1,-1,-1,-1
44,11,171,693,47,109,1,-1,-1,-1
44,12,1740,431,198,175,1,-1,-1,-1
44,13,1759,0,160,156,1,-1,-1,-1
44,14,1136,340,144,184,1,-1,-1,-1
44,15,110,690,114,164,1,-1,-1,-1
44,17,1049,525,223,168,1,-1,-1,-1
44,18,709,508,140,172,1,-1,-1,-1
44,19,1933,361,168,152,1,-1,-1,-1
44,20,1543,392,126,187,1,-1,-1,-1
44,21,1427,345,218,164,1,-1,-1,-1
44,22,13,692,200,172,1,-1,-1,-1
45,0,2109,210,110,255,1,-1,-1,-1
45,1,454,572,227,244,1,-1,-1,-1
45,2,1419,106,92,235,1,-1,-1,-1
45,3,823,561,156,175,1,-1,-1,-1
45,4,1373,505,180,156,1,-1,-1,-1
45,5,456,566,176,180,1,-1,-1,-1
45,6,1616,260,140,192,1,-1,-1,-1
45,7,2212,8,118,248,1,-1,-1,-1
45,8,1683,383,239,196,1,-1,-1,-1
45,10,929,473,105,135,1,-1,-1,-1
45,11,177,694,47,109,1,-1,-1,-1
45,12,1742,432,198,175,1,-1,-1,-1
45,13,1759,0,160,157,1,-1,-1,-1
45,14,1137,340,144,184,1,-1,-1,-1
45,15,114,695,114,164,1,-1,-1,-1
45,17,1050,527,223,168,1,-1,-1,-1
45,18,710,508,140,172,1,-1,-1,-1
45,19,1936,360,168,152,1,-1,-1,-1
45,20,1541,392,126,187,1,-1,-1,-1
45,21,1430,347,218,164,1,-1,-1,-1
45,22,18,695,200,172,1,-1,-1,-1
46,0,2107,211,110,255,1,-1,-1,-1
46,1,450,576,227,244,1,-1,-1,-1
46,2,1419,113,88,224,1,-1,-1,-1
46,3,822,564,156,175,1,-1,-1,-1
46,4,1372,508,180,156,1,-1,-1,-1
46,5,449,567,185,189,1,-1,-1,-1
46,6,1611,258,147,202,1,-1,-1,-1
46,7,2208,9,118,248,1,-1,-1,-1
46,8,1676,388,239,196,1,-1,-1,-1
46,10,928,476,105,135,1,-1,-1,-1
46,11,177,701,47,109,1,-1,-1,-1
46,12,1737,430,208,184,1,-1,-1,-1
46,13,1752,0,160,158,1,-1,-1,-1
46,14,1134,341,144,184,1,-1,-1,-1
46,15,117,700,114,164,1,-1,-1,-1
46,17,1047,527,223,168,1,-1,-1,-1
46,18,708,511,140,172,1,-1,-1,-1
46,19,1940,367,160,145,1,-1,-1,-1
46,20,1541,397,126,187,1,-1,-1,-1
46,21,1425,346,218,164,1,-1,-1,-1
46,22,19,699,200,172,1,-1,-1,-1
47,0,2104,228,110,255,1,-1,-1,-1
47,1,443,589,227,244,1,-1,-1,-1
47,2,1412,128,88,224,1,-1,-1,-1
47,3,817,579,156,175,1,-1,-1,-1
47,4,1368,524,180,156,1,-1,-1,-1
47,5,445,582,185,189,1,-1,-1,-1
47,6,1607,274,147,202,1,-1,-1,-1
47,7,2199,11,123,260,1,-1,-1,-1
47,8,1674,390,251,206,1,-1,-1,-1
47,10,924,490,105,135,1,-1,-1,-1
47,11,178,717,45,104,1,-1,-1,-1
47,12,1733,444,208,184,1,-1,-1,-1
47,13,1748,0,160,168,1,-1,-1,-1
47,14,1129,355,144,184,1,-1,-1,-1
47,15,118,715,114,164,1,-1,-1,-1
47,17,1040,546,223,168,1,-1,-1,-1
47,18,703,524,140,172,1,-1,-1,-1
47,19,1940,379,160,145,1,-1,-1,-1
47,21,1428,357,218,164,1,-1,-1,-1
47,22,17,714,200,172,1,-1,-1,-1
48,0,2094,241,116,268,1,-1,-1,-1
48,1,440,608,227,244,1,-1,-1,-1
48,2,1402,149,88,224,1,-1,-1,-1
48,3,809,591,164,184,1,-1,-1,-1
48,4,1365,541,180,156,1,-1,-1,-1
48,5,436,599,194,198,1,-1,-1,-1
48,6,1605,292,147,202,1,-1,-1,-1
48,7,2196,38,118,248,1,-1,-1,-1
48,8,1675,412,239,196,1,-1,-1,-1
48,10,921,511,111,142,1,-1,-1,-1
48,11,179,738,45,104,1,-1,-1,-1
48,12,1724,460,218,193,1,-1,-1,-1
48,13,1738,0,160,184,1,-1,-1,-1
48,14,1124,375,144,184,1,-1,-1,-1
48,15,115,733,114,164,1,-1,-1,-1
48,17,1040,571,212,160,1,-1,-1,-1
48,18,698,542,140,172,1,-1,-1,-1
48,19,1939,397,160,145,1,-1,-1,-1
48,21,1417,378,218,164,1,-1,-1,-1
48,22,16,735,200,172,1,-1,-1,-1
49,0,2094,241,116,268,1,-1,-1,-1
49,1,440,608,227,244,1,-1,-1,-1
49,2,1396,148,92,236,1,-1,-1,-1
49,3,812,656,192,136,1,-1,-1,-1
49,4,1352,540,188,188,1,-1,-1,-1
49,5,436,599,194,198,1,-1,-1,-1
49,6,1600,292,132,200,1,-1,-1,-1
49,7,2192,40,108,280,1,-1,-1,-1
49,8,1675,412,239,196,1,-1,-1,-1
49,10,921,511,111,142,1,-1,-1,-1
49,11,179,738,45,104,1,-1,-1,-1
49,12,1664,440,272,240,1,-1,-1,-1
49,13,1738,0,160,184,1,-1,-1,-1
49,14,1124,384,148,172,1,-1,-1,-1
49,15,115,733,114,164,1,-1,-1,-1
49,17,1044,600,220,156,1,-1,-1,-1
49,18,688,548,144,180,1,-1,-1,-1
49,19,1912,416,184,184,1,-1,-1,-1
49,21,1417,378,218,164,1,-1,-1,-1
49,22,0,752,224,176,1,-1,-1,-1
50,0,2093,271,110,255,1,-1,-1,-1
50,1,446,638,216,232,1,-1,-1,-1
50,2,1394,152,92,236,1,-1,-1,-1
50,3,811,659,192,136,1,-1,-1,-1
50,4,1352,545,188,188,1,-1,-1,-1
50,5,436,621,194,198,1,-1,-1,-1
50,6,1600,296,132,200,1,-1,-1,-1
50,7,2191,43,108,280,1,-1,-1,-1
50,8,1670,440,239,196,1,-1,-1,-1
50,10,924,539,111,142,1,-1,-1,-1
50,11,187,761,45,104,1,-1,-1,-1
50,12,1667,443,272,240,1,-1,-1,-1
50,13,1727,1,168,210,1,-1,-1,-1
50,14,1125,391,148,172,1,-1,-1,-1
50,15,127,756,114,164,1,-1,-1,-1
50,17,1043,605,220,156,1,-1,-1,-1
50,18,688,552,144,180,1,-1,-1,-1
50,19,1912,421,184,184,1,-1,-1,-1
50,21,1419,402,218,164,1,-1,-1,-1
50,22,5,757,224,176,1,-1,-1,-1
51,0,2088,265,116,268,1,-1,-1,-1
51,1,448,644,216,232,1,-1,-1,-1
51,2,1397,160,88,225,1,-1,-1,-1
51,3,814,659,192,136,1,-1,-1,-1
51,4,1355,547,188,188,1,-1,-1,-1
51,5,440,624,194,198,1,-1,-1,-1
51,6,1603,297,132,200,1,-1,-1,-1
51,7,2192,45,108,280,1,-1,-1,-1
51,8,1673,444,239,196,1,-1,-1,-1
51,10,929,545,111,142,1,-1,-1,-1
51,11,192,764,45,104,1,-1,-1,-1
51,12,1666,440,286,252,1,-1,-1,-1
51,13,1726,3,168,210,1,-1,-1,-1
51,14,1126,395,148,172,1,-1,-1,-1
51,15,132,761,114,164,1,-1,-1,-1
51,17,1047,607,220,156,1,-1,-1,-1
51,18,689,555,144,180,1,-1,-1,-1
51,19,1917,423,184,184,1,-1,-1,-1
51,21,1415,406,218,164,1,-1,-1,-1
51,22,9,763,224,176,1,-1,-1,-1
52,0,2088,269,116,268,1,-1,-1,-1
52,1,451,646,216,232,1,-1,-1,-1
52,2,1399,166,83,214,1,-1,-1,-1
52,3,815,663,192,136,1,-1,-1,-1
52,4,1357,550,188,188,1,-1,-1,-1
52,5,442,625,194,198,1,-1,-1,-1
52,6,1609,303,126,190,1,-1,-1,-1
52,7,2190,45,108,280,1,-1,-1,-1
52,8,1682,449,228,187,1,-1,-1,-1
52,10,930,549,111,142,1,-1,-1,-1
52,11,201,771,43,99,1,-1,-1,-1
52,12,1660,433,300,265,1,-1,-1,-1
52,13,1735,11,160,200,1,-1,-1,-1
52,14,1127,399,148,172,1,-1,-1,-1
52,15,136,763,114,164,1,-1,-1,-1
52,17,1048,611,220,156,1,-1,-1,-1
52,18,689,559,144,180,1,-1,-1,-1
52,19,1920,427,184,184,1,-1,-1,-1
52,21,1423,414,208,156,1,-1,-1,-1
52,22,9,762,235,185,1,-1,-1,-1
53,0,2087,271,116,268,1,-1,-1,-1
53,1,454,646,216,232,1,-1,-1,-1
53,2,1399,167,83,214,1,-1,-1,-1
53,3,816,665,192,136,1,-1,-1,-1
53,4,1357,554,188,188,1,-1,-1,-1
53,5,445,625,194,198,1,-1,-1,-1
53,6,1612,305,126,190,1,-1,-1,-1
53,7,2189,47,108,280,1,-1,-1,-1
53,8,1683,451,228,187,1,-1,-1,-1
53,10,931,551,111,142,1,-1,-1,-1
53,11,206,771,45,104,1,-1,-1,-1
53,12,1668,443,286,252,1,-1,-1,-1
53,13,1734,12,160,200,1,-1,-1,-1
53,14,1127,402,148,172,1,-1,-1,-1
53,15,144,771,109,156,1,-1,-1,-1
53,17,1050,612,220,156,1,-1,-1,-1
53,18,690,561,144,180,1,-1,-1,-1
53,19,1922,428,184,184,1,-1,-1,-1
53,21,1421,412,218,164,1,-1,-1,-1
53,22,12,766,235,185,1,-1,-1,-1
54,0,2089,274,116,268,1,-1,-1,-1
54,1,455,651,216,232,1,-1,-1,-1
54,2,1399,172,83,214,1,-1,-1,-1
54,3,813,660,202,143,1,-1,-1,-1
54,4,1359,556,188,188,1,-1,-1,-1
54,5,456,632,185,189,1,-1,-1,-1
54,6,1615,308,126,190,1,-1,-1,-1
54,7,2189,45,108,280,1,-1,-1,-1
54,8,1682,448,239,196,1,-1,-1,-1
54,10,933,555,105,135,1,-1,-1,-1
54,11,208,777,45,104,1,-1,-1,-1
54,12,1674,448,286,252,1,-1,-1,-1
54,13,1732,14,160,200,1,-1,-1,-1
54,14,1132,408,141,164,1,-1,-1,-1
54,15,147,775,109,156,1,-1,-1,-1
54,17,1052,616,220,156,1,-1,-1,-1
54,18,690,566,144,180,1,-1,-1,-1
54,19,1922,431,184,184,1,-1,-1,-1
54,21,1415,415,229,172,1,-1,-1,-1
54,22,16,767,235,185,1,-1,-1,-1
55,0,2090,277,116,268,1,-1,-1,-1
55,1,454,653,216,232,1,-1,-1,-1
55,2,1396,171,88,225,1,-1,-1,-1
55,3,809,661,212,150,1,-1,-1,-1
55,4,1361,560,188,188,1,-1,-1,-1
55,5,460,633,185,189,1,-1,-1,-1
55,6,1616,311,126,190,1,-1,-1,-1
55,7,2189,43,108,280,1,-1,-1,-1
55,8,1689,452,239,196,1,-1,-1,-1
55,10,933,560,105,135,1,-1,-1,-1
55,11,214,781,47,109,1,-1,-1,-1
55,12,1672,442,300,265,1,-1,-1,-1
55,13,1732,19,160,200,1,-1,-1,-1
55,14,1130,412,141,164,1,-1,-1,-1
55,15,149,772,114,164,1,-1,-1,-1
55,17,1054,617,220,156,1,-1,-1,-1
55,18,690,569,144,180,1,-1,-1,-1
55,19,1926,433,184,184,1,-1,-1,-1
55,21,1419,421,218,164,1,-1,-1,-1
55,22,22,769,235,185,1,-1,-1,-1
56,0,2096,281,110,255,1,-1,-1,-1
56,1,447,650,227,244,1,-1,-1,-1
56,2,1398,181,83,214,1,-1,-1,-1
56,3,811,661,212,150,1,-1,-1,-1
56,4,1362,561,188,188,1,-1,-1,-1
56,5,467,640,176,180,1,-1,-1,-1
56,6,1619,316,126,190,1,-1,-1,-1
56,7,2187,47,108,280,1,-1,-1,-1
56,8,1694,454,239,196,1,-1,-1,-1
56,10,936,561,105,135,1,-1,-1,-1
56,11,221,783,47,109,1,-1,-1,-1
56,12,1670,447,300,265,1,-1,-1,-1
56,13,1732,22,160,200,1,-1,-1,-1
56,14,1130,414,141,164,1,-1,-1,-1
56,15,157,780,109,156,1,-1,-1,-1
56,17,1057,619,220,156,1,-1,-1,-1
56,18,686,568,151,189,1,-1,-1,-1
56,19,1922,433,193,193,1,-1,-1,-1
56,21,1435,421,218,164,1,-1,-1,-1
56,22,27,771,235,185,1,-1,-1,-1
57,0,2096,300,116,240,1,-1,-1,-1
57,1,447,650,227,244,1,-1,-1,-1
57,2,1388,164,100,240,1,-1,-1,-1
57,3,820,660,216,156,1,-1,-1,-1
57,4,1380,572,200,180,1,-1,-1,-1
57,5,467,640,176,180,1,-1,-1,-1
57,6,1616,312,128,220,1,-1,-1,-1
57,7,2192,84,108,212,1,-1,-1,-1
57,8,1692,464,236,224,1,-1,-1,-1
57,10,936,561,105,135,1,-1,-1,-1
57,11,221,783,47,109,1,-1,-1,-1
57,12,1670,447,300,265,1,-1,-1,-1
57,13,1732,22,160,200,1,-1,-1,-1
57,14,1140,428,136,132,1,-1,-1,-1
57,15,157,780,109,156,1,-1,-1,-1
57,17,1064,616,236,164,1,-1,-1,-1
57,18,686,568,151,189,1,-1,-1,-1
57,19,1920,460,204,176,1,-1,-1,-1
57,21,1435,421,218,164,1,-1,-1,-1
57,22,36,784,236,172,1,-1,-1,-1
57,23,480,712,152,184,1,-1,-1,-1
58,0,2096,299,116,240,1,-1,-1,-1
58,1,451,663,216,232,1,-1,-1,-1
58,2,1388,165,100,240,1,-1,-1,-1
58,3,825,665,206,149,1,-1,-1,-1
58,4,1383,574,200,180,1,-1,-1,-1
58,5,476,644,176,180,1,-1,-1,-1
58,6,1617,313,128,220,1,-1,-1,-1
58,7,2192,82,108,212,1,-1,-1,-1
58,8,1694,466,236,224,1,-1,-1,-1
58,10,938,561,105,135,1,-1,-1,-1
58,11,228,790,50,114,1,-1,-1,-1
58,12,1673,447,300,265,1,-1,-1,-1
58,13,1730,20,168,210,1,-1,-1,-1
58,14,1140,429,136,132,1,-1,-1,-1
58,15,172,789,104,149,1,-1,-1,-1
58,17,1067,616,236,164,1,-1,-1,-1
58,18,688,580,151,189,1,-1,-1,-1
58,19,1922,462,204,176,1,-1,-1,-1
58,22,41,785,236,172,1,-1,-1,-1
58,23,480,712,152,184,1,-1,-1,-1
59,0,2097,299,116,240,1,-1,-1,-1
59,1,445,663,216,232,1,-1,-1,-1
59,2,1387,168,100,240,1,-1,-1,-1
59,3,826,667,206,149,1,-1,-1,-1
59,4,1385,576,200,180,1,-1,-1,-1
59,5,485,643,176,180,1,-1,-1,-1
59,6,1620,314,128,220,1,-1,-1,-1
59,7,2193,80,108,212,1,-1,-1,-1
59,8,1696,467,236,224,1,-1,-1,-1
59,10,937,561,105,135,1,-1,-1,-1
59,12,1675,453,300,265,1,-1,-1,-1
59,13,1726,23,168,210,1,-1,-1,-1
59,14,1144,434,130,126,1,-1,-1,-1
59,15,178,791,104,149,1,-1,-1,-1
59,17,1070,618,236,164,1,-1,-1,-1
59,18,693,586,144,180,1,-1,-1,-1
59,19,1925,462,204,176,1,-1,-1,-1
59,22,47,788,236,172,1,-1,-1,-1
59,23,480,712,152,184,1,-1,-1,-1
60,0,2098,298,116,240,1,-1,-1,-1
60,1,426,668,216,232,1,-1,-1,-1
60,2,1385,168,100,240,1,-1,-1,-1
60,3,828,669,206,149,1,-1,-1,-1
60,4,1388,579,200,180,1,-1,-1,-1
60,5,493,649,168,171,1,-1,-1,-1
60,6,1621,314,128,220,1,-1,-1,-1
60,7,2194,80,108,212,1,-1,-1,-1
60,8,1699,469,236,224,1,-1,-1,-1
60,10,939,561,105,135,1,-1,-1,-1
60,12,1676,455,300,265,1,-1,-1,-1
60,13,1726,25,168,210,1,-1,-1,-1
60,14,1145,435,130,126,1,-1,-1,-1
60,15,183,797,99,142,1,-1,-1,-1
60,17,1073,617,236,164,1,-1,-1,-1
60,18,692,585,151,189,1,-1,-1,-1
60,19,1928,464,204,176,1,-1,-1,-1
60,22,51,791,236,172,1,-1,-1,-1
60,23,479,715,152,184,1,-1,-1,-1
61,0,2100,298,116,240,1,-1,-1,-1
61,1,450,666,227,244,1,-1,-1,-1
61,2,1382,162,105,252,1,-1,-1,-1
61,3,830,670,206,149,1,-1,-1,-1
61,4,1390,580,200,180,1,-1,-1,-1
61,5,499,652,168,171,1,-1,-1,-1
61,6,1623,313,128,220,1,-1,-1,-1
61,7,2195,79,108,212,1,-1,-1,-1
61,8,1702,470,236,224,1,-1,-1,-1
61,10,941,562,105,135,1,-1,-1,-1
61,12,1679,457,300,265,1,-1,-1,-1
61,13,1723,21,176,220,1,-1,-1,-1
61,14,1145,435,130,126,1,-1,-1,-1
61,15,191,799,99,142,1,-1,-1,-1
61,17,1077,620,236,164,1,-1,-1,-1
61,18,699,594,144,180,1,-1,-1,-1
61,19,1928,467,204,176,1,-1,-1,-1
61,22,49,790,248,181,1,-1,-1,-1
61,23,479,717,152,184,1,-1,-1,-1
62,0,2098,293,122,252,1,-1,-1,-1
62,1,493,665,216,232,1,-1,-1,-1
62,2,1381,161,105,252,1,-1,-1,-1
62,3,832,670,206,149,1,-1,-1,-1
62,4,1390,583,200,180,1,-1,-1,-1
62,5,501,660,168,171,1,-1,-1,-1
62,6,1625,317,128,220,1,-1,-1,-1
62,7,2195,80,108,212,1,-1,-1,-1
62,8,1704,474,236,224,1,-1,-1,-1
62,10,944,563,105,135,1,-1,-1,-1
62,12,1686,458,300,265,1,-1,-1,-1
62,13,1720,23,176,220,1,-1,-1,-1
62,14,1147,437,130,126,1,-1,-1,-1
62,15,196,803,94,135,1,-1,-1,-1
62,17,1087,629,225,156,1,-1,-1,-1
62,18,701,595,144,180,1,-1,-1,-1
62,19,1930,468,204,176,1,-1,-1,-1
62,22,69,796,236,172,1,-1,-1,-1
62,23,480,720,152,184,1,-1,-1,-1
63,0,2098,294,122,252,1,-1,-1,-1
63,1,506,667,216,232,1,-1,-1,-1
63,2,1381,165,105,252,1,-1,-1,-1
63,3,840,675,196,141,1,-1,-1,-1
63,4,1395,583,200,180,1,-1,-1,-1
63,5,504,665,168,171,1,-1,-1,-1
63,6,1623,319,128,220,1,-1,-1,-1
63,7,2197,83,108,212,1,-1,-1,-1
63,8,1706,477,236,224,1,-1,-1,-1
63,10,948,562,105,135,1,-1,-1,-1
63,12,1687,458,300,265,1,-1,-1,-1
63,13,1719,26,176,220,1,-1,-1,-1
63,14,1150,438,130,126,1,-1,-1,-1
63,15,201,806,94,135,1,-1,-1,-1
63,17,1090,629,225,156,1,-1,-1,-1
63,18,700,593,151,189,1,-1,-1,-1
63,19,1934,470,204,176,1,-1,-1,-1
63,22,80,803,225,164,1,-1,-1,-1
63,23,481,721,152,184,1,-1,-1,-1
64,0,2100,295,122,252,1,-1,-1,-1
64,1,512,673,216,232,1,-1,-1,-1
64,2,1385,173,100,240,1,-1,-1,-1
64,3,840,677,196,141,1,-1,-1,-1
64,4,1399,582,200,180,1,-1,-1,-1
64,5,507,664,168,171,1,-1,-1,-1
64,6,1624,321,128,220,1,-1,-1,-1
64,7,2196,74,113,223,1,-1,-1,-1
64,8,1712,483,225,213,1,-1,-1,-1
64,10,952,564,105,135,1,-1,-1,-1
64,12,1687,464,300,265,1,-1,-1,-1
64,13,1716,28,176,220,1,-1,-1,-1
64,14,1152,437,130,126,1,-1,-1,-1
64,15,202,801,99,142,1,-1,-1,-1
64,17,1096,628,225,156,1,-1,-1,-1
64,18,700,595,151,189,1,-1,-1,-1
64,19,1944,472,194,168,1,-1,-1,-1
64,22,87,805,225,164,1,-1,-1,-1
64,23,477,721,152,184,1,-1,-1,-1
65,0,2100,295,122,252,1,-1,-1,-1
65,1,512,673,216,232,1,-1,-1,-1
65,2,1384,184,92,236,1,-1,-1,-1
65,3,840,640,164,188,1,-1,-1,-1
65,4,1420,588,168,168,1,-1,-1,-1
65,5,528,692,184,124,1,-1,-1,-1
65,6,1624,321,128,220,1,-1,-1,-1
65,7,2196,74,113,223,1,-1,-1,-1
65,8,1712,483,225,213,1,-1,-1,-1
65,10,952,564,105,135,1,-1,-1,-1
65,12,1687,464,300,265,1,-1,-1,-1
65,13,1716,28,176,220,1,-1,-1,-1
65,14,1152,437,130,126,1,-1,-1,-1
65,15,202,801,99,142,1,-1,-1,-1
65,17,1100,620,232,176,1,-1,-1,-1
65,18,700,595,151,189,1,-1,-1,-1
65,19,1944,472,194,168,1,-1,-1,-1
65,22,92,792,208,176,1,-1,-1,-1
65,23,460,728,148,176,1,-1,-1,-1
66,0,2103,297,122,252,1,-1,-1,-1
66,1,520,665,216,232,1,-1,-1,-1
66,2,1384,183,92,236,1,-1,-1,-1
66,3,841,639,164,188,1,-1,-1,-1
66,4,1424,586,168,168,1,-1,-1,-1
66,5,526,689,193,130,1,-1,-1,-1
66,6,1627,326,122,210,1,-1,-1,-1
66,7,2199,83,108,212,1,-1,-1,-1
66,8,1715,483,225,213,1,-1,-1,-1
66,10,956,563,105,135,1,-1,-1,-1
66,12,1694,473,286,252,1,-1,-1,-1
66,13,1720,29,176,220,1,-1,-1,-1
66,14,1154,436,130,126,1,-1,-1,-1
66,15,210,800,99,142,1,-1,-1,-1
66,17,1104,622,232,176,1,-1,-1,-1
66,18,698,591,159,198,1,-1,-1,-1
66,19,1947,470,194,168,1,-1,-1,-1
66,22,96,790,208,176,1,-1,-1,-1
66,23,460,728,148,176,1,-1,-1,-1
67,0,2107,308,116,240,1,-1,-1,-1
67,1,529,675,206,221,1,-1,-1,-1
67,2,1385,184,92,236,1,-1,-1,-1
67,3,844,640,164,188,1,-1,-1,-1
67,4,1430,586,168,168,1,-1,-1,-1
67,5,530,688,193,130,1,-1,-1,-1
67,6,1629,327,116,200,1,-1,-1,-1
67,7,2201,83,108,212,1,-1,-1,-1
67,8,1718,485,225,213,1,-1,-1,-1
67,10,960,565,105,135,1,-1,-1,-1
67,12,1697,478,286,252,1,-1,-1,-1
67,13,1724,30,176,220,1,-1,-1,-1
67,14,1156,438,130,126,1,-1,-1,-1
67,15,215,799,99,142,1,-1,-1,-1
67,17,1109,622,232,176,1,-1,-1,-1
67,18,701,592,159,198,1,-1,-1,-1
67,19,1961,466,185,160,1,-1,-1,-1
67,22,102,793,208,176,1,-1,-1,-1
67,23,460,730,148,176,1,-1,-1,-1
68,0,2109,311,116,240,1,-1,-1,-1
68,1,539,675,206,221,1,-1,-1,-1
68,2,1387,185,92,236,1,-1,-1,-1
68,3,850,641,164,188,1,-1,-1,-1
68,4,1435,586,168,168,1,-1,-1,-1
68,5,536,688,193,130,1,-1,-1,-1
68,6,1631,327,116,200,1,-1,-1,-1
68,7,2207,83,103,202,1,-1,-1,-1
68,8,1723,484,225,213,1,-1,-1,-1
68,10,965,569,105,135,1,-1,-1,-1
68,12,1701,477,286,252,1,-1,-1,-1
68,13,1724,33,176,220,1,-1,-1,-1
68,14,1164,441,123,120,1,-1,-1,-1
68,15,222,798,99,142,1,-1,-1,-1
68,17,1112,623,232,176,1,-1,-1,-1
68,18,705,589,159,198,1,-1,-1,-1
68,19,1967,462,185,160,1,-1,-1,-1
68,22,109,792,208,176,1,-1,-1,-1
68,23,461,730,148,176,1,-1,-1,-1
69,0,2114,314,116,240,1,-1,-1,-1
69,1,548,678,196,210,1,-1,-1,-1
69,2,1385,181,97,248,1,-1,-1,-1
69,3,854,642,164,188,1,-1,-1,-1
69,4,1442,587,168,168,1,-1,-1,-1
69,5,548,690,184,124,1,-1,-1,-1
69,6,1633,325,116,200,1,-1,-1,-1
69,7,2205,80,108,212,1,-1,-1,-1
69,8,1727,487,225,213,1,-1,-1,-1
69,10,969,572,105,135,1,-1,-1,-1
69,12,1714,486,272,240,1,-1,-1,-1
69,13,1723,35,176,220,1,-1,-1,-1
69,14,1168,441,123,120,1,-1,-1,-1
69,15,232,802,94,135,1,-1,-1,-1
69,17,1120,627,232,176,1,-1,-1,-1
69,18,710,590,159,198,1,-1,-1,-1
69,19,1970,459,185,160,1,-1,-1,-1
69,22,123,797,198,168,1,-1,-1,-1
69,23,462,734,148,176,1,-1,-1,-1
70,0,2121,310,116,240,1,-1,-1,-1
70,1,562,671,206,221,1,-1,-1,-1
70,2,1391,187,92,236,1,-1,-1,-1
70,3,859,644,164,188,1,-1,-1,-1
70,4,1447,590,168,168,1,-1,-1,-1
70,5,556,693,184,124,1,-1,-1,-1
70,6,1635,324,116,200,1,-1,-1,-1
70,7,2211,96,108,212,1,-1,-1,-1
70,8,1737,488,225,213,1,-1,-1,-1
70,10,971,576,105,135,1,-1,-1,-1
70,12,1721,482,272,240,1,-1,-1,-1
70,13,1726,27,185,232,1,-1,-1,-1
70,14,1175,446,123,120,1,-1,-1,-1
70,15,242,805,94,135,1,-1,-1,-1
70,17,1124,628,232,176,1,-1,-1,-1
70,18,715,589,159,198,1,-1,-1,-1
70,19,1988,462,176,152,1,-1,-1,-1
70,22,140,800,189,160,1,-1,-1,-1
70,23,461,731,148,176,1,-1,-1,-1
71,0,2128,308,116,240,1,-1,-1,-1
71,1,568,672,206,221,1,-1,-1,-1
71,2,1395,191,92,236,1,-1,-1,-1
71,3,863,644,164,188,1,-1,-1,-1
71,4,1453,592,168,168,1,-1,-1,-1
71,5,566,694,184,124,1,-1,-1,-1
71,6,1638,326,116,200,1,-1,-1,-1
71,7,2215,89,108,212,1,-1,-1,-1
71,8,1740,490,225,213,1,-1,-1,-1
71,10,974,580,105,135,1,-1,-1,-1
71,12,1719,477,286,252,1,-1,-1,-1
71,13,1724,29,185,232,1,-1,-1,-1
71,14,1178,449,123,120,1,-1,-1,-1
71,15,248,811,94,135,1,-1,-1,-1
71,17,1127,628,232,176,1,-1,-1,-1
71,18,720,589,159,198,1,-1,-1,-1
71,19,1992,462,176,152,1,-1,-1,-1
71,22,148,803,189,160,1,-1,-1,-1
71,23,462,730,148,176,1,-1,-1,-1
72,0,2130,305,116,240,1,-1,-1,-1
72,1,570,672,206,221,1,-1,-1,-1
72,2,1398,191,92,236,1,-1,-1,-1
72,3,868,643,164,188,1,-1,-1,-1
72,4,1457,593,168,168,1,-1,-1,-1
72,5,569,690,184,124,1,-1,-1,-1
72,6,1643,327,111,190,1,-1,-1,-1
72,7,2218,69,103,202,1,-1,-1,-1
72,8,1747,493,225,213,1,-1,-1,-1
72,10,976,578,111,142,1,-1,-1,-1
72,12,1723,479,286,252,1,-1,-1,-1
72,13,1722,21,194,243,1,-1,-1,-1
72,14,1181,447,123,120,1,-1,-1,-1
72,15,254,812,94,135,1,-1,-1,-1
72,17,1126,623,244,185,1,-1,-1,-1
72,18,721,590,159,198,1,-1,-1,-1
72,19,1997,462,176,152,1,-1,-1,-1
72,22,154,804,189,160,1,-1,-1,-1
72,23,462,730,148,176,1,-1,-1,-1
73,0,2130,305,116,240,1,-1,-1,-1
73,1,580,656,188,180,1,-1,-1,-1
73,2,1408,184,88,236,1,-1,-1,-1
73,3,876,656,204,168,1,-1,-1,-1
73,4,1432,588,224,180,1,-1,-1,-1
73,5,569,690,184,124,1,-1,-1,-1
73,6,1640,320,108,184,1,-1,-1,-1
73,7,2218,69,103,202,1,-1,-1,-1
73,8,1760,504,260,204,1,-1,-1,-1
73,10,976,578,111,142,1,-1,-1,-1
73,12,1723,479,286,252,1,-1,-1,-1
73,13,1722,21,194,243,1,-1,-1,-1
73,14,1181,447,123,120,1,-1,-1,-1
73,15,254,812,94,135,1,-1,-1,-1
73,17,1136,624,236,180,1,-1,-1,-1
73,18,760,592,120,196,1,-1,-1,-1
73,19,1997,462,176,152,1,-1,-1,-1
73,22,164,804,192,160,1,-1,-1,-1
73,23,456,732,148,164,1,-1,-1,-1
73,24,1392,544,140,156,1,-1,-1,-1
74,0,2136,307,116,240,1,-1,-1,-1
74,1,583,656,188,180,1,-1,-1,-1
74,2,1407,186,88,236,1,-1,-1,-1
74,3,879,655,204,168,1,-1,-1,-1
74,4,1437,589,224,180,1,-1,-1,-1
74,5,575,691,184,124,1,-1,-1,-1
74,6,1641,320,108,184,1,-1,-1,-1
74,7,2225,67,98,192,1,-1,-1,-1
74,8,1768,509,248,194,1,-1,-1,-1
74,10,980,579,111,142,1,-1,-1,-1
74,12,1742,475,286,252,1,-1,-1,-1
74,13,1721,23,194,243,1,-1,-1,-1
74,14,1193,445,123,120,1,-1,-1,-1
74,15,262,812,94,135,1,-1,-1,-1
74,17,1144,629,225,171,1,-1,-1,-1
74,18,764,593,120,196,1,-1,-1,-1
74,19,2007,462,176,152,1,-1,-1,-1
74,22,169,803,192,160,1,-1,-1,-1
74,23,457,732,148,164,1,-1,-1,-1
74,24,1396,545,140,156,1,-1,-1,-1
75,0,2140,309,110,229,1,-1,-1,-1
75,1,588,657,188,180,1,-1,-1,-1
75,2,1410,185,88,236,1,-1,-1,-1
75,3,882,656,204,168,1,-1,-1,-1
75,4,1442,589,224,180,1,-1,-1,-1
75,5,576,689,193,130,1,-1,-1,-1
75,6,1643,321,108,184,1,-1,-1,-1
75,7,2228,65,98,192,1,-1,-1,-1
75,8,1772,509,248,194,1,-1,-1,-1
75,10,986,577,111,142,1,-1,-1,-1
75,12,1742,477,286,252,1,-1,-1,-1
75,13,1720,22,194,243,1,-1,-1,-1
75,14,1196,446,123,120,1,-1,-1,-1
75,15,268,814,94,135,1,-1,-1,-1
75,17,1143,625,236,180,1,-1,-1,-1
75,18,768,593,120,196,1,-1,-1,-1
75,19,2012,456,176,152,1,-1,-1,-1
75,22,177,806,192,160,1,-1,-1,-1
75,23,458,734,148,164,1,-1,-1,-1
75,24,1401,545,140,156,1,-1,-1,-1
76,0,2139,305,116,240,1,-1,-1,-1
76,1,598,662,179,171,1,-1,-1,-1
76,2,1411,186,88,236,1,-1,-1,-1
76,3,887,656,204,168,1,-1,-1,-1
76,4,1446,590,224,180,1,-1,-1,-1
76,5,584,692,193,130,1,-1,-1,-1
76,6,1645,323,108,184,1,-1,-1,-1
76,7,2230,67,93,183,1,-1,-1,-1
76,8,1775,510,248,194,1,-1,-1,-1
76,10,988,577,111,142,1,-1,-1,-1
76,12,1748,481,286,252,1,-1,-1,-1
76,13,1724,25,194,243,1,-1,-1,-1
76,14,1202,449,117,114,1,-1,-1,-1
76,15,273,817,94,135,1,-1,-1,-1
76,17,1145,628,236,180,1,-1,-1,-1
76,18,770,596,120,196,1,-1,-1,-1
76,19,2021,462,168,145,1,-1,-1,-1
76,22,184,806,192,160,1,-1,-1,-1
76,23,459,736,148,164,1,-1,-1,-1
76,24,1404,547,140,156,1,-1,-1,-1
77,0,2139,302,122,252,1,-1,-1,-1
77,1,602,662,179,171,1,-1,-1,-1
77,2,1412,187,88,236,1,-1,-1,-1
77,3,895,661,194,160,1,-1,-1,-1
77,4,1451,593,224,180,1,-1,-1,-1
77,5,587,694,193,130,1,-1,-1,-1
77,6,1646,324,108,184,1,-1,-1,-1
77,7,2233,71,93,183,1,-1,-1,-1
77,8,1774,508,260,204,1,-1,-1,-1
77,10,991,580,111,142,1,-1,-1,-1
77,12,1756,488,272,240,1,-1,-1,-1
77,13,1723,25,194,243,1,-1,-1,-1
77,14,1208,450,112,109,1,-1,-1,-1
77,15,281,817,94,135,1,-1,-1,-1
77,17,1148,626,236,180,1,-1,-1,-1
77,18,770,598,120,196,1,-1,-1,-1
77,19,2030,462,160,138,1,-1,-1,-1
77,22,186,806,202,168,1,-1,-1,-1
77,23,459,739,148,164,1,-1,-1,-1
77,24,1408,549,140,156,1,-1,-1,-1
78,0,2143,305,122,252,1,-1,-1,-1
78,1,609,669,171,163,1,-1,-1,-1
78,2,1417,186,88,236,1,-1,-1,-1
78,3,898,662,194,160,1,-1,-1,-1
78,4,1455,596,224,180,1,-1,-1,-1
78,5,597,699,184,124,1,-1,-1,-1
78,6,1647,326,108,184,1,-1,-1,-1
78,7,2234,71,93,183,1,-1,-1,-1
78,8,1784,513,248,194,1,-1,-1,-1
78,10,991,580,111,142,1,-1,-1,-1
78,12,1770,494,259,229,1,-1,-1,-1
78,13,1725,28,194,243,1,-1,-1,-1
78,14,1213,451,107,103,1,-1,-1,-1
78,15,283,820,94,135,1,-1,-1,-1
78,17,1143,626,248,189,1,-1,-1,-1
78,18,771,600,120,196,1,-1,-1,-1
78,19,2034,465,160,138,1,-1,-1,-1
78,22,194,813,192,160,1,-1,-1,-1
78,23,455,739,155,172,1,-1,-1,-1
78,24,1411,552,140,156,1,-1,-1,-1
79,0,2144,306,122,252,1,-1,-1,-1
79,1,612,671,171,163,1,-1,-1,-1
79,2,1420,193,84,225,1,-1,-1,-1
79,3,902,663,194,160,1,-1,-1,-1
79,4,1460,598,224,180,1,-1,-1,-1
79,5,601,704,175,118,1,-1,-1,-1
79,6,1646,327,108,184,1,-1,-1,-1
79,8,1785,513,248,194,1,-1,-1,-1
79,10,994,579,111,142,1,-1,-1,-1
79,12,1773,498,259,229,1,-1,-1,-1
79,13,1721,21,204,255,1,-1,-1,-1
79,14,1215,450,107,103,1,-1,-1,-1
79,15,291,824,90,128,1,-1,-1,-1
79,17,1145,629,248,189,1,-1,-1,-1
79,18,774,601,120,196,1,-1,-1,-1
79,19,2038,464,160,138,1,-1,-1,-1
79,22,204,818,183,152,1,-1,-1,-1
79,23,450,745,155,172,1,-1,-1,-1
79,24,1415,553,140,156,1,-1,-1,-1
80,0,2148,311,122,252,1,-1,-1,-1
80,1,617,673,171,163,1,-1,-1,-1
80,2,1422,196,84,225,1,-1,-1,-1
80,3,902,665,194,160,1,-1,-1,-1
80,4,1466,600,224,180,1,-1,-1,-1
80,5,605,704,175,118,1,-1,-1,-1
80,6,1648,328,108,184,1,-1,-1,-1
80,8,1790,518,248,194,1,-1,-1,-1
80,10,996,581,111,142,1,-1,-1,-1
80,12,1777,499,259,229,1,-1,-1,-1
80,13,1725,29,194,243,1,-1,-1,-1
80,14,1217,452,107,103,1,-1,-1,-1
80,15,295,825,90,128,1,-1,-1,-1
80,17,1144,631,248,189,1,-1,-1,-1
80,18,777,605,120,196,1,-1,-1,-1
80,19,2040,466,160,138,1,-1,-1,-1
80,22,207,819,183,152,1,-1,-1,-1
80,23,444,751,155,172,1,-1,-1,-1
80,24,1418,555,140,156,1,-1,-1,-1
81,0,2148,311,122,252,1,-1,-1,-1
81,1,616,652,172,196,1,-1,-1,-1
81,2,1420,196,84,236,1,-1,-1,-1
81,3,880,660,200,188,1,-1,-1,-1
81,4,1476,600,184,180,1,-1,-1,-1
81,5,605,704,175,118,1,-1,-1,-1
81,6,1644,336,112,180,1,-1,-1,-1
81,8,1812,532,236,200,1,-1,-1,-1
81,10,996,581,111,142,1,-1,-1,-1
81,12,1777,499,259,229,1,-1,-1,-1
81,13,1725,29,194,243,1,-1,-1,-1
81,14,1217,452,107,103,1,-1,-1,-1
81,15,295,825,90,128,1,-1,-1,-1
81,17,1160,640,228,180,1,-1,-1,-1
81,18,777,605,120,196,1,-1,-1,-1
81,19,2040,466,160,138,1,-1,-1,-1
81,22,212,820,180,164,1,-1,-1,-1
81,23,472,740,120,148,1,-1,-1,-1
81,24,1418,555,140,156,1,-1,-1,-1
82,0,2150,304,128,265,1,-1,-1,-1
82,1,619,655,172,196,1,-1,-1,-1
82,2,1419,198,84,236,1,-1,-1,-1
82,3,881,664,200,188,1,-1,-1,-1
82,4,1480,604,184,180,1,-1,-1,-1
82,5,609,705,184,124,1,-1,-1,-1
82,6,1644,339,112,180,1,-1,-1,-1
82,8,1819,539,225,190,1,-1,-1,-1
82,10,1006,583,111,142,1,-1,-1,-1
82,13,1724,27,204,255,1,-1,-1,-1
82,14,1222,457,107,103,1,-1,-1,-1
82,15,305,829,90,128,1,-1,-1,-1
82,17,1167,647,217,171,1,-1,-1,-1
82,18,782,611,120,196,1,-1,-1,-1
82,19,2046,469,160,138,1,-1,-1,-1
82,22,216,823,180,164,1,-1,-1,-1
82,23,473,745,120,148,1,-1,-1,-1
82,24,1423,559,140,156,1,-1,-1,-1
83,0,2148,316,128,265,1,-1,-1,-1
83,1,621,659,172,196,1,-1,-1,-1
83,2,1419,202,84,236,1,-1,-1,-1
83,3,884,669,200,188,1,-1,-1,-1
83,4,1483,608,184,180,1,-1,-1,-1
83,5,612,707,184,124,1,-1,-1,-1
83,6,1644,342,112,180,1,-1,-1,-1
83,8,1814,537,236,200,1,-1,-1,-1
83,10,1009,585,111,142,1,-1,-1,-1
83,13,1725,28,204,255,1,-1,-1,-1
83,14,1224,460,107,103,1,-1,-1,-1
83,15,307,832,90,128,1,-1,-1,-1
83,17,1169,650,217,171,1,-1,-1,-1
83,18,784,613,120,196,1,-1,-1,-1
83,19,2050,476,160,138,1,-1,-1,-1
83,22,218,829,180,164,1,-1,-1,-1
83,23,474,752,120,148,1,-1,-1,-1
83,24,1425,563,140,156,1,-1,-1,-1
84,0,2155,322,122,252,1,-1,-1,-1
84,1,624,663,172,196,1,-1,-1,-1
84,2,1419,206,84,236,1,-1,-1,-1
84,3,885,674,200,188,1,-1,-1,-1
84,4,1486,614,184,180,1,-1,-1,-1
84,5,613,711,184,124,1,-1,-1,-1
84,6,1643,347,112,180,1,-1,-1,-1
84,8,1817,543,236,200,1,-1,-1,-1
84,10,1011,587,111,142,1,-1,-1,-1
84,13,1726,35,204,255,1,-1,-1,-1
84,14,1225,462,107,103,1,-1,-1,-1
84,15,308,835,90,128,1,-1,-1,-1
84,17,1163,650,228,180,1,-1,-1,-1
84,18,785,622,120,196,1,-1,-1,-1
84,19,2054,482,160,138,1,-1,-1,-1
84,22,220,832,180,164,1,-1,-1,-1
84,23,470,758,126,155,1,-1,-1,-1
84,24,1428,566,140,156,1,-1,-1,-1
85,0,2156,324,122,252,1,-1,-1,-1
85,1,626,669,172,196,1,-1,-1,-1
85,2,1417,204,88,248,1,-1,-1,-1
85,3,884,680,200,188,1,-1,-1,-1
85,4,1487,619,184,180,1,-1,-1,-1
85,5,614,717,184,124,1,-1,-1,-1
85,6,1643,353,112,180,1,-1,-1,-1
85,8,1818,547,236,200,1,-1,-1,-1
85,10,1011,587,111,142,1,-1,-1,-1
85,13,1727,43,204,255,1,-1,-1,-1
85,14,1225,466,107,103,1,-1,-1,-1
85,15,308,836,90,128,1,-1,-1,-1
85,17,1163,657,228,180,1,-1,-1,-1
85,18,787,626,120,196,1,-1,-1,-1
85,19,2053,487,160,138,1,-1,-1,-1
85,22,220,838,180,164,1,-1,-1,-1
85,23,467,763,126,155,1,-1,-1,-1
85,24,1430,574,140,156,1,-1,-1,-1
86,0,2158,327,122,252,1,-1,-1,-1
86,1,623,667,181,206,1,-1,-1,-1
86,2,1414,208,88,248,1,-1,-1,-1
86,3,884,684,200,188,1,-1,-1,-1
86,4,1490,625,184,180,1,-1,-1,-1
86,5,614,721,184,124,1,-1,-1,-1
86,6,1642,355,112,180,1,-1,-1,-1
86,8,1823,554,225,190,1,-1,-1,-1
86,10,1014,593,105,135,1,-1,-1,-1
86,13,1722,36,214,268,1,-1,-1,-1
86,14,1224,469,107,103,1,-1,-1,-1
86,15,309,837,90,128,1,-1,-1,-1
86,17,1164,658,228,180,1,-1,-1,-1
86,18,785,624,126,206,1,-1,-1,-1
86,19,2054,490,160,138,1,-1,-1,-1
86,22,223,840,180,164,1,-1,-1,-1
86,23,465,766,126,155,1,-1,-1,-1
86,24,1430,577,140,156,1,-1,-1,-1
87,1,631,675,172,196,1,-1,-1,-1
87,2,1412,212,88,248,1,-1,-1,-1
87,3,884,690,200,188,1,-1,-1,-1
87,4,1492,628,184,180,1,-1,-1,-1
87,5,610,725,184,124,1,-1,-1,-1
87,6,1641,364,112,180,1,-1,-1,-1
87,8,1822,560,225,190,1,-1,-1,-1
87,13,1719,40,214,268,1,-1,-1,-1
87,14,1223,477,107,103,1,-1,-1,-1
87,15,309,839,90,128,1,-1,-1,-1
87,17,1163,667,228,180,1,-1,-1,-1
87,18,784,629,126,206,1,-1,-1,-1
87,19,2057,499,152,131,1,-1,-1,-1
87,22,223,845,180,164,1,-1,-1,-1
87,23,461,776,126,155,1,-1,-1,-1
87,24,1431,582,140,156,1,-1,-1,-1
88,1,632,681,172,196,1,-1,-1,-1
88,2,1409,211,93,260,1,-1,-1,-1
88,3,882,698,200,188,1,-1,-1,-1
88,4,1495,632,184,180,1,-1,-1,-1
88,5,604,726,193,130,1,-1,-1,-1
88,6,1640,366,112,180,1,-1,-1,-1
88,8,1818,565,225,190,1,-1,-1,-1
88,13,1716,44,214,268,1,-1,-1,-1
88,14,1224,483,101,99,1,-1,-1,-1
88,15,309,843,90,128,1,-1,-1,-1
88,17,1162,670,228,180,1,-1,-1,-1
88,18,783,635,126,206,1,-1,-1,-1
88,19,2057,502,152,131,1,-1,-1,-1
88,22,224,850,180,164,1,-1,-1,-1
88,23,459,779,126,155,1,-1,-1,-1
88,24,1431,586,140,156,1,-1,-1,-1
89,1,632,681,172,196,1,-1,-1,-1
89,2,1408,236,96,228,1,-1,-1,-1
89,3,900,708,216,180,1,-1,-1,-1
89,4,1500,664,184,152,1,-1,-1,-1
89,5,604,726,193,130,1,-1,-1,-1
89,6,1636,372,108,212,1,-1,-1,-1
89,8,1818,565,225,190,1,-1,-1,-1
89,13,1716,44,214,268,1,-1,-1,-1
89,14,1224,483,101,99,1,-1,-1,-1
89,15,309,843,90,128,1,-1,-1,-1
89,17,1176,680,200,160,1,-1,-1,-1
89,18,816,628,88,196,1,-1,-1,-1
89,19,2057,502,152,131,1,-1,-1,-1
89,22,224,844,168,180,1,-1,-1,-1
89,23,464,760,124,184,1,-1,-1,-1
89,24,1431,586,140,156,1,-1,-1,-1
89,25,2184,164,112,180,1,-1,-1,-1
90,1,635,689,172,196,1,-1,-1,-1
90,2,1406,239,96,228,1,-1,-1,-1
90,3,899,711,216,180,1,-1,-1,-1
90,4,1501,668,184,152,1,-1,-1,-1
90,5,584,739,203,137,1,-1,-1,-1
90,6,1635,375,108,212,1,-1,-1,-1
90,8,1821,576,214,181,1,-1,-1,-1
90,13,1708,50,214,268,1,-1,-1,-1
90,14,1218,494,101,99,1,-1,-1,-1
90,15,308,849,90,128,1,-1,-1,-1
90,17,1173,685,200,160,1,-1,-1,-1
90,18,815,629,88,196,1,-1,-1,-1
90,19,2053,507,152,131,1,-1,-1,-1
90,22,221,848,168,180,1,-1,-1,-1
90,23,464,761,124,184,1,-1,-1,-1
90,24,1428,594,140,156,1,-1,-1,-1
90,25,2181,166,112,180,1,-1,-1,-1
91,1,632,692,172,196,1,-1,-1,-1
91,2,1401,242,96,228,1,-1,-1,-1
91,3,897,714,216,180,1,-1,-1,-1
91,4,1503,673,184,152,1,-1,-1,-1
91,5,578,740,203,137,1,-1,-1,-1
91,6,1632,377,108,212,1,-1,-1,-1
91,8,1819,579,214,181,1,-1,-1,-1
91,13,1707,56,214,268,1,-1,-1,-1
91,14,1216,497,101,99,1,-1,-1,-1
91,15,304,852,90,128,1,-1,-1,-1
91,17,1172,691,200,160,1,-1,-1,-1
91,18,812,633,88,196,1,-1,-1,-1
91,19,2051,509,152,131,1,-1,-1,-1
91,22,219,852,168,180,1,-1,-1,-1
91,23,462,764,124,184,1,-1,-1,-1
91,24,1426,597,140,156,1,-1,-1,-1
91,25,2177,172,112,180,1,-1,-1,-1
92,1,630,694,172,196,1,-1,-1,-1
92,2,1398,242,96,228,1,-1,-1,-1
92,3,893,719,216,180,1,-1,-1,-1
92,4,1505,674,184,152,1,-1,-1,-1
92,5,569,739,213,144,1,-1,-1,-1
92,6,1628,378,108,212,1,-1,-1,-1
92,8,1817,582,214,181,1,-1,-1,-1
92,13,1699,47,225,281,1,-1,-1,-1
92,14,1212,501,101,99,1,-1,-1,-1
92,15,300,854,90,128,1,-1,-1,-1
92,17,1165,690,210,168,1,-1,-1,-1
92,18,809,638,88,196,1,-1,-1,-1
92,19,2049,508,152,131,1,-1,-1,-1
92,22,215,854,168,180,1,-1,-1,-1
92,23,462,769,124,184,1,-1,-1,-1
92,24,1420,601,140,156,1,-1,-1,-1
92,25,2171,172,112,180,1,-1,-1,-1
93,1,637,703,164,187,1,-1,-1,-1
93,2,1395,246,96,228,1,-1,-1,-1
93,3,892,722,216,180,1,-1,-1,-1
93,4,1508,675,184,152,1,-1,-1,-1
93,5,570,744,213,144,1,-1,-1,-1
93,6,1624,382,108,212,1,-1,-1,-1
93,8,1815,582,225,190,1,-1,-1,-1
93,13,1690,48,225,281,1,-1,-1,-1
93,14,1208,503,101,99,1,-1,-1,-1
93,15,298,856,90,128,1,-1,-1,-1
93,17,1168,697,200,160,1,-1,-1,-1
93,18,807,640,88,196,1,-1,-1,-1
93,19,2050,509,152,131,1,-1,-1,-1
93,22,214,857,168,180,1,-1,-1,-1
93,23,460,772,124,184,1,-1,-1,-1
93,24,1414,598,147,164,1,-1,-1,-1
93,25,2168,175,112,180,1,-1,-1,-1
94,1,637,707,164,187,1,-1,-1,-1
94,2,1397,256,91,217,1,-1,-1,-1
94,3,892,726,216,180,1,-1,-1,-1
94,4,1512,676,184,152,1,-1,-1,-1
94,6,1622,383,108,212,1,-1,-1,-1
94,8,1812,584,225,190,1,-1,-1,-1
94,13,1682,45,236,295,1,-1,-1,-1
94,14,1208,507,101,99,1,-1,-1,-1
94,15,298,863,90,128,1,-1,-1,-1
94,17,1168,705,200,160,1,-1,-1,-1
94,18,807,645,88,196,1,-1,-1,-1
94,19,2050,513,152,131,1,-1,-1,-1
94,22,213,859,168,180,1,-1,-1,-1
94,23,464,777,118,175,1,-1,-1,-1
94,24,1409,599,154,172,1,-1,-1,-1
94,25,2167,179,112,180,1,-1,-1,-1
95,1,639,710,164,187,1,-1,-1,-1
95,2,1396,260,91,217,1,-1,-1,-1
95,3,893,725,216,180,1,-1,-1,-1
95,4,1519,679,184,152,1,-1,-1,-1
95,6,1620,386,108,212,1,-1,-1,-1
95,8,1811,590,225,190,1,-1,-1,-1
95,13,1686,58,225,281,1,-1,-1,-1
95,14,1205,508,101,99,1,-1,-1,-1
95,15,297,866,90,128,1,-1,-1,-1
95,17,1171,709,200,160,1,-1,-1,-1
95,18,806,648,88,196,1,-1,-1,-1
95,19,2051,513,152,131,1,-1,-1,-1
95,22,212,863,168,180,1,-1,-1,-1
95,23,462,776,124,184,1,-1,-1,-1
95,24,1408,601,154,172,1,-1,-1,-1
95,25,2164,182,112,180,1,-1,-1,-1
96,1,638,713,164,187,1,-1,-1,-1
96,2,1394,260,91,217,1,-1,-1,-1
96,3,894,728,216,180,1,-1,-1,-1
96,4,1516,677,193,160,1,-1,-1,-1
96,6,1621,394,103,202,1,-1,-1,-1
96,8,1811,593,225,190,1,-1,-1,-1
96,13,1686,61,225,281,1,-1,-1,-1
96,14,1204,508,101,99,1,-1,-1,-1
96,15,294,868,90,128,1,-1,-1,-1
96,17,1173,711,200,160,1,-1,-1,-1
96,18,806,652,88,196,1,-1,-1,-1
96,19,2053,514,152,131,1,-1,-1,-1
96,22,209,864,168,180,1,-1,-1,-1
96,23,457,778,130,193,1,-1,-1,-1
96,24,1408,602,154,172,1,-1,-1,-1
96,25,2163,184,112,180,1,-1,-1,-1
97,1,644,720,160,184,1,-1,-1,-1
97,2,1380,268,96,224,1,-1,-1,-1
97,3,868,728,240,188,1,-1,-1,-1
97,4,1516,644,276,192,1,-1,-1,-1
97,6,1621,394,103,202,1,-1,-1,-1
97,8,1811,593,225,190,1,-1,-1,-1
97,13,1686,61,225,281,1,-1,-1,-1
97,14,1204,508,101,99,1,-1,-1,-1
97,15,294,868,90,128,1,-1,-1,-1
97,17,1188,724,196,144,1,-1,-1,-1
97,18,806,652,88,196,1,-1,-1,-1
97,19,2053,514,152,131,1,-1,-1,-1
97,22,212,864,148,180,1,-1,-1,-1
97,23,452,784,132,180,1,-1,-1,-1
97,24,1408,602,154,172,1,-1,-1,-1
97,25,2163,184,112,180,1,-1,-1,-1
97,26,1460,228,104,164,1,-1,-1,-1
98,1,643,721,160,184,1,-1,-1,-1
98,2,1380,268,96,224,1,-1,-1,-1
98,3,868,729,240,188,1,-1,-1,-1
98,4,1518,645,276,192,1,-1,-1,-1
98,6,1618,398,103,202,1,-1,-1,-1
98,8,1808,600,225,190,1,-1,-1,-1
98,13,1681,66,225,281,1,-1,-1,-1
98,14,1195,509,107,103,1,-1,-1,-1
98,15,292,874,90,128,1,-1,-1,-1
98,17,1188,725,196,144,1,-1,-1,-1
98,18,807,661,84,187,1,-1,-1,-1
98,19,2054,518,152,131,1,-1,-1,-1
98,22,214,871,141,171,1,-1,-1,-1
98,23,452,788,132,180,1,-1,-1,-1
98,24,1407,605,154,172,1,-1,-1,-1
98,25,2157,189,112,180,1,-1,-1,-1
98,26,1459,229,104,164,1,-1,-1,-1
99,1,643,723,160,184,1,-1,-1,-1
99,2,1378,270,96,224,1,-1,-1,-1
99,3,868,731,240,188,1,-1,-1,-1
99,4,1517,646,276,192,1,-1,-1,-1
99,6,1616,398,103,202,1,-1,-1,-1
99,8,1811,612,225,190,1,-1,-1,-1
99,13,1682,68,225,281,1,-1,-1,-1
99,14,1194,510,107,103,1,-1,-1,-1
99,15,289,877,90,128,1,-1,-1,-1
99,17,1193,730,187,137,1,-1,-1,-1
99,18,807,668,80,178,1,-1,-1,-1
99,19,2053,521,152,131,1,-1,-1,-1
99,22,213,874,141,171,1,-1,-1,-1
99,23,454,790,132,180,1,-1,-1,-1
99,24,1407,601,154,172,1,-1,-1,-1
99,25,2153,190,112,180,1,-1,-1,-1
99,26,1459,233,104,164,1,-1,-1,-1
100,1,644,724,160,184,1,-1,-1,-1
100,2,1376,272,96,224,1,-1,-1,-1
100,3,868,733,240,188,1,-1,-1,-1
100,4,1523,657,263,183,1,-1,-1,-1
100,6,1615,400,103,202,1,-1,-1,-1
100,8,1799,603,236,200,1,-1,-1,-1
100,13,1679,69,225,281,1,-1,-1,-1
100,14,1196,513,101,99,1,-1,-1,-1
100,15,286,876,90,128,1,-1,-1,-1
100,17,1190,727,196,144,1,-1,-1,-1
100,18,807,669,80,178,1,-1,-1,-1
100,19,2054,521,152,131,1,-1,-1,-1
100,22,212,874,141,171,1,-1,-1,-1
100,23,453,787,139,189,1,-1,-1,-1
100,24,1409,602,154,172,1,-1,-1,-1
100,25,2150,196,112,180,1,-1,-1,-1
100,26,1458,233,104,164,1,-1,-1,-1
101,1,644,724,160,184,1,-1,-1,-1
101,2,1375,275,96,224,1,-1,-1,-1
101,3,869,732,240,188,1,-1,-1,-1
101,4,1523,657,263,183,1,-1,-1,-1
101,6,1613,400,103,202,1,-1,-1,-1
101,8,1793,602,248,210,1,-1,-1,-1
101,14,1197,512,101,99,1,-1,-1,-1
101,15,283,874,90,128,1,-1,-1,-1
101,17,1191,726,196,144,1,-1,-1,-1
101,18,805,671,80,178,1,-1,-1,-1
101,19,2055,521,152,131,1,-1,-1,-1
101,22,212,875,141,171,1,-1,-1,-1
101,23,455,789,139,189,1,-1,-1,-1
101,24,1412,597,154,172,1,-1,-1,-1
101,25,2150,196,112,180,1,-1,-1,-1
101,26,1457,233,104,164,1,-1,-1,-1
102,1,646,717,160,184,1,-1,-1,-1
102,2,1375,272,96,224,1,-1,-1,-1
102,3,878,731,229,179,1,-1,-1,-1
102,4,1517,646,276,192,1,-1,-1,-1
102,6,1612,396,103,202,1,-1,-1,-1
102,8,1817,594,248,210,1,-1,-1,-1
102,14,1196,505,101,99,1,-1,-1,-1
102,15,279,870,90,128,1,-1,-1,-1
102,17,1193,722,196,144,1,-1,-1,-1
102,18,805,665,80,178,1,-1,-1,-1
102,19,2057,510,152,131,1,-1,-1,-1
102,22,213,869,141,171,1,-1,-1,-1
102,23,456,784,139,189,1,-1,-1,-1
102,24,1414,586,154,172,1,-1,-1,-1
102,25,2149,194,112,180,1,-1,-1,-1
102,26,1458,228,104,164,1,-1,-1,-1
103,1,648,702,160,184,1,-1,-1,-1
103,2,1376,252,96,224,1,-1,-1,-1
103,3,880,717,229,179,1,-1,-1,-1
103,4,1515,639,276,192,1,-1,-1,-1
103,6,1613,380,103,202,1,-1,-1,-1
103,8,1819,591,236,200,1,-1,-1,-1
103,14,1198,494,101,99,1,-1,-1,-1
103,15,277,860,85,122,1,-1,-1,-1
103,17,1198,705,196,144,1,-1,-1,-1
103,18,806,650,80,178,1,-1,-1,-1
103,19,2057,496,152,131,1,-1,-1,-1
103,22,214,855,141,171,1,-1,-1,-1
103,23,460,769,139,189,1,-1,-1,-1
103,24,1418,573,154,172,1,-1,-1,-1
103,25,2147,181,112,180,1,-1,-1,-1
103,26,1456,211,109,172,1,-1,-1,-1
104,1,666,684,152,175,1,-1,-1,-1
104,2,1383,231,96,224,1,-1,-1,-1
104,3,900,698,229,179,1,-1,-1,-1
104,4,1540,619,276,192,1,-1,-1,-1
104,6,1617,354,108,212,1,-1,-1,-1
104,8,1822,558,236,200,1,-1,-1,-1
104,14,1212,473,101,99,1,-1,-1,-1
104,15,288,836,85,122,1,-1,-1,-1
104,17,1216,682,196,144,1,-1,-1,-1
104,18,816,628,80,178,1,-1,-1,-1
104,19,2074,469,152,131,1,-1,-1,-1
104,22,228,828,148,180,1,-1,-1,-1
104,23,476,745,139,189,1,-1,-1,-1
104,24,1435,554,147,164,1,-1,-1,-1
104,25,2153,162,112,180,1,-1,-1,-1
104,26,1468,190,109,172,1,-1,-1,-1
105,1,672,724,140,128,1,-1,-1,-1
105,2,1404,204,92,228,1,-1,-1,-1
105,3,940,672,224,176,1,-1,-1,-1
105,4,1576,580,256,196,1,-1,-1,-1
105,6,1628,336,112,192,1,-1,-1,-1
105,8,1822,558,236,200,1,-1,-1,-1
105,14,1212,473,101,99,1,-1,-1,-1
105,15,288,836,85,122,1,-1,-1,-1
105,17,1232,636,208,168,1,-1,-1,-1
105,18,816,628,80,178,1,-1,-1,-1
105,19,2074,469,152,131,1,-1,-1,-1
105,22,240,816,144,168,1,-1,-1,-1
105,23,488,740,152,168,1,-1,-1,-1
105,24,1435,554,147,164,1,-1,-1,-1
105,25,2153,162,112,180,1,-1,-1,-1
105,26,1468,190,109,172,1,-1,-1,-1
105,27,2136,144,140,340,1,-1,-1,-1
106,1,687,710,140,128,1,-1,-1,-1
106,2,1412,191,92,228,1,-1,-1,-1
106,3,957,657,224,176,1,-1,-1,-1
106,4,1592,569,256,196,1,-1,-1,-1
106,6,1641,320,112,192,1,-1,-1,-1
106,8,1839,519,236,200,1,-1,-1,-1
106,14,1242,444,101,99,1,-1,-1,-1
106,15,308,805,85,122,1,-1,-1,-1
106,17,1247,623,208,168,1,-1,-1,-1
106,18,841,597,76,169,1,-1,-1,-1
106,19,2105,436,152,131,1,-1,-1,-1
106,22,255,803,144,168,1,-1,-1,-1
106,23,503,726,152,168,1,-1,-1,-1
106,25,2178,127,112,180,1,-1,-1,-1
106,26,1496,157,109,172,1,-1,-1,-1
106,27,2149,139,140,340,1,-1,-1,-1
107,1,708,694,140,128,1,-1,-1,-1
107,2,1430,172,92,228,1,-1,-1,-1
107,3,976,642,224,176,1,-1,-1,-1
107,4,1617,557,244,187,1,-1,-1,-1
107,6,1658,304,112,192,1,-1,-1,-1
107,8,1864,503,236,200,1,-1,-1,-1
107,14,1263,427,101,99,1,-1,-1,-1
107,15,330,788,85,122,1,-1,-1,-1
107,17,1267,609,208,168,1,-1,-1,-1
107,18,860,579,76,169,1,-1,-1,-1
107,19,2125,417,152,131,1,-1,-1,-1
107,22,274,788,144,168,1,-1,-1,-1
107,23,522,710,152,168,1,-1,-1,-1
107,25,2198,106,112,180,1,-1,-1,-1
107,26,1514,139,109,172,1,-1,-1,-1
107,27,2166,118,133,324,1,-1,-1,-1
108,1,725,681,140,128,1,-1,-1,-1
108,2,1445,164,88,217,1,-1,-1,-1
108,3,987,629,235,185,1,-1,-1,-1
108,4,1631,545,244,187,1,-1,-1,-1
108,6,1674,292,112,192,1,-1,-1,-1
108,14,1280,416,101,99,1,-1,-1,-1
108,15,343,784,85,122,1,-1,-1,-1
108,17,1284,602,208,168,1,-1,-1,-1
108,18,875,567,76,169,1,-1,-1,-1
108,19,2141,403,152,131,1,-1,-1,-1
108,22,291,781,144,168,1,-1,-1,-1
108,23,537,698,152,168,1,-1,-1,-1
108,25,2212,97,112,180,1,-1,-1,-1
108,26,1530,126,109,172,1,-1,-1,-1
108,27,2179,111,133,324,1,-1,-1,-1
109,1,740,671,140,128,1,-1,-1,-1
109,2,1455,157,88,217,1,-1,-1,-1
109,3,1000,620,235,185,1,-1,-1,-1
109,4,1642,537,244,187,1,-1,-1,-1
109,6,1681,280,118,202,1,-1,-1,-1
109,14,1290,403,107,103,1,-1,-1,-1
109,15,359,774,85,122,1,-1,-1,-1
109,17,1295,597,208,168,1,-1,-1,-1
109,18,888,554,80,178,1,-1,-1,-1
109,19,2157,397,145,125,1,-1,-1,-1
109,22,304,772,144,168,1,-1,-1,-1
109,23,548,690,152,168,1,-1,-1,-1
109,25,2226,84,112,180,1,-1,-1,-1
109,26,1544,118,109,172,1,-1,-1,-1
109,27,2188,104,133,324,1,-1,-1,-1
110,1,749,660,140,128,1,-1,-1,-1
110,2,1462,151,88,217,1,-1,-1,-1
110,3,1009,609,235,185,1,-1,-1,-1
110,4,1651,529,244,187,1,-1,-1,-1
110,6,1686,269,118,202,1,-1,-1,-1
110,14,1300,393,107,103,1,-1,-1,-1
110,15,369,761,85,122,1,-1,-1,-1
110,17,1304,584,208,168,1,-1,-1,-1
110,18,898,547,76,169,1,-1,-1,-1
110,19,2167,391,145,125,1,-1,-1,-1
110,22,314,760,144,168,1,-1,-1,-1
110,23,558,679,152,168,1,-1,-1,-1
110,25,2230,79,112,180,1,-1,-1,-1
110,26,1558,113,109,172,1,-1,-1,-1
110,27,2190,86,140,340,1,-1,-1,-1
111,1,756,650,140,128,1,-1,-1,-1
111,2,1469,143,88,217,1,-1,-1,-1
111,3,1015,600,235,185,1,-1,-1,-1
111,4,1650,515,256,196,1,-1,-1,-1
111,6,1691,261,118,202,1,-1,-1,-1
111,14,1307,383,107,103,1,-1,-1,-1
111,15,377,756,81,116,1,-1,-1,-1
111,17,1317,581,198,160,1,-1,-1,-1
111,18,904,537,76,169,1,-1,-1,-1
111,19,2170,383,145,125,1,-1,-1,-1
111,22,316,756,144,168,1,-1,-1,-1
111,23,563,672,152,168,1,-1,-1,-1
111,25,2237,68,107,171,1,-1,-1,-1
111,26,1561,96,109,172,1,-1,-1,-1
111,27,2197,84,140,340,1,-1,-1,-1
112,1,766,637,140,128,1,-1,-1,-1
112,2,1474,124,88,217,1,-1,-1,-1
112,3,1035,582,235,185,1,-1,-1,-1
112,4,1659,501,256,196,1,-1,-1,-1
112,6,1701,248,112,192,1,-1,-1,-1
112,14,1317,368,107,103,1,-1,-1,-1
112,15,387,747,77,111,1,-1,-1,-1
112,17,1332,568,189,152,1,-1,-1,-1
112,18,911,521,76,169,1,-1,-1,-1
112,19,2178,369,145,125,1,-1,-1,-1
112,22,330,742,144,168,1,-1,-1,-1
112,23,571,659,152,168,1,-1,-1,-1
112,25,2243,52,102,163,1,-1,-1,-1
112,26,1567,84,109,172,1,-1,-1,-1
112,27,2205,56,140,340,1,-1,-1,-1
113,1,766,637,140,128,1,-1,-1,-1
113,2,1492,124,80,216,1,-1,-1,-1
113,3,1036,604,244,156,1,-1,-1,-1
113,4,1660,500,296,192,1,-1,-1,-1
113,6,1700,252,112,212,1,-1,-1,-1
113,14,1317,368,107,103,1,-1,-1,-1
113,15,387,747,77,111,1,-1,-1,-1
113,17,1328,604,212,112,1,-1,-1,-1
113,18,911,521,76,169,1,-1,-1,-1
113,19,2178,369,145,125,1,-1,-1,-1
113,22,332,736,144,168,1,-1,-1,-1
113,23,556,648,200,172,1,-1,-1,-1
113,25,2243,52,102,163,1,-1,-1,-1
113,26,1567,84,109,172,1,-1,-1,-1
113,27,2205,56,140,340,1,-1,-1,-1
113,28,1952,436,188,216,1,-1,-1,-1
114,1,770,634,140,128,1,-1,-1,-1
114,2,1494,120,80,216,1,-1,-1,-1
114,3,1043,600,244,156,1,-1,-1,-1
114,4,1665,496,296,192,1,-1,-1,-1
114,6,1702,246,112,212,1,-1,-1,-1
114,14,1320,359,107,103,1,-1,-1,-1
114,15,392,743,77,111,1,-1,-1,-1
114,17,1336,601,212,112,1,-1,-1,-1
114,18,917,524,72,161,1,-1,-1,-1
114,19,2181,362,145,125,1,-1,-1,-1
114,22,337,733,144,168,1,-1,-1,-1
114,23,561,646,200,172,1,-1,-1,-1
114,25,2246,47,102,163,1,-1,-1,-1
114,26,1570,78,109,172,1,-1,-1,-1
114,27,2212,54,140,340,1,-1,-1,-1
114,28,1954,432,188,216,1,-1,-1,-1
115,1,784,625,133,122,1,-1,-1,-1
115,2,1496,107,80,216,1,-1,-1,-1
115,3,1047,588,244,156,1,-1,-1,-1
115,4,1671,489,296,192,1,-1,-1,-1
115,6,1704,236,112,212,1,-1,-1,-1
115,14,1328,351,107,103,1,-1,-1,-1
115,17,1347,589,223,118,1,-1,-1,-1
115,18,922,515,72,161,1,-1,-1,-1
115,19,2186,352,145,125,1,-1,-1,-1
115,22,349,720,144,168,1,-1,-1,-1
115,23,568,636,200,172,1,-1,-1,-1
115,25,2247,38,107,171,1,-1,-1,-1
115,26,1580,65,109,172,1,-1,-1,-1
115,27,2216,27,140,340,1,-1,-1,-1
115,28,1955,417,188,216,1,-1,-1,-1
116,1,782,625,133,122,1,-1,-1,-1
116,2,1499,107,80,216,1,-1,-1,-1
116,3,1050,587,244,156,1,-1,-1,-1
116,4,1670,486,296,192,1,-1,-1,-1
116,6,1707,239,107,202,1,-1,-1,-1
116,14,1328,347,107,103,1,-1,-1,-1
116,17,1338,587,234,123,1,-1,-1,-1
116,18,923,515,72,161,1,-1,-1,-1
116,19,2186,349,145,125,1,-1,-1,-1
116,22,349,720,144,168,1,-1,-1,-1
116,23,568,635,200,172,1,-1,-1,-1
116,25,2246,38,107,171,1,-1,-1,-1
116,26,1581,63,109,172,1,-1,-1,-1
116,27,2216,29,140,340,1,-1,-1,-1
116,28,1961,422,179,206,1,-1,-1,-1
117,1,785,624,133,122,1,-1,-1,-1
117,2,1497,97,84,227,1,-1,-1,-1
117,3,1052,584,244,156,1,-1,-1,-1
117,4,1674,478,296,192,1,-1,-1,-1
117,6,1705,232,112,212,1,-1,-1,-1
117,14,1329,342,107,103,1,-1,-1,-1
117,17,1345,582,234,123,1,-1,-1,-1
117,18,924,511,72,161,1,-1,-1,-1
117,19,2186,344,145,125,1,-1,-1,-1
117,22,351,716,144,168,1,-1,-1,-1
117,23,570,631,200,172,1,-1,-1,-1
117,25,2246,34,107,171,1,-1,-1,-1
117,26,1584,66,104,164,1,-1,-1,-1
117,27,2223,29,133,324,1,-1,-1,-1
117,28,1960,417,179,206,1,-1,-1,-1
118,1,797,629,133,122,1,-1,-1,-1
118,2,1498,100,84,227,1,-1,-1,-1
118,3,1066,583,244,156,1,-1,-1,-1
118,4,1680,483,296,192,1,-1,-1,-1
118,6,1707,234,112,212,1,-1,-1,-1
118,14,1337,346,107,103,1,-1,-1,-1
118,17,1368,583,234,123,1,-1,-1,-1
118,18,929,521,69,154,1,-1,-1,-1
118,19,2198,337,145,125,1,-1,-1,-1
118,22,362,717,144,168,1,-1,-1,-1
118,23,575,632,200,172,1,-1,-1,-1
118,25,2248,28,107,171,1,-1,-1,-1
118,26,1588,65,109,172,1,-1,-1,-1
118,27,2229,30,127,308,1,-1,-1,-1
118,28,1966,423,179,206,1,-1,-1,-1
119,1,799,632,127,116,1,-1,-1,-1
119,2,1500,100,84,227,1,-1,-1,-1
119,3,1064,583,244,156,1,-1,-1,-1
119,4,1689,491,282,183,1,-1,-1,-1
119,6,1709,234,112,212,1,-1,-1,-1
119,14,1337,346,107,103,1,-1,-1,-1
119,17,1374,584,223,118,1,-1,-1,-1
119,18,930,519,72,161,1,-1,-1,-1
119,19,2197,337,145,125,1,-1,-1,-1
119,22,362,718,144,168,1,-1,-1,-1
119,23,576,632,200,172,1,-1,-1,-1
119,26,1587,65,109,172,1,-1,-1,-1
119,27,2234,32,127,308,1,-1,-1,-1
119,28,1968,424,179,206,1,-1,-1,-1
120,1,807,652,127,116,1,-1,-1,-1
120,2,1503,119,84,227,1,-1,-1,-1
120,3,1072,609,232,149,1,-1,-1,-1
120,4,1698,513,268,174,1,-1,-1,-1
120,6,1712,256,112,212,1,-1,-1,-1
120,14,1338,361,107,103,1,-1,-1,-1
120,17,1373,606,223,118,1,-1,-1,-1
120,18,934,541,72,161,1,-1,-1,-1
120,19,2207,348,138,119,1,-1,-1,-1
120,22,369,742,144,168,1,-1,-1,-1
120,23,580,657,200,172,1,-1,-1,-1
120,26,1594,82,109,172,1,-1,-1,-1
120,27,2240,53,121,294,1,-1,-1,-1
120,28,1968,446,179,206,1,-1,-1,-1
121,1,807,652,127,116,1,-1,-1,-1
121,2,1503,119,84,227,1,-1,-1,-1
121,3,1072,609,232,149,1,-1,-1,-1
121,4,1698,513,268,174,1,-1,-1,-1
121,6,1712,256,112,212,1,-1,-1,-1
121,14,1338,361,107,103,1,-1,-1,-1
121,17,1373,606,223,118,1,-1,-1,-1
121,18,934,541,72,161,1,-1,-1,-1
121,19,2207,348,138,119,1,-1,-1,-1
121,22,369,742,144,168,1,-1,-1,-1
121,23,580,657,200,172,1,-1,-1,-1
121,26,1594,82,109,172,1,-1,-1,-1
121,27,2240,53,121,294,1,-1,-1,-1
121,28,1968,446,179,206,1,-1,-1,-1
121,29,640,764,188,172,1,-1,-1,-1
121,30,1420,696,240,136,1,-1,-1,-1
121,31,1128,688,228,196,1,-1,-1,-1
121,32,412,840,136,180,1,-1,-1,-1
121,33,1536,212,96,240,1,-1,-1,-1
121,34,1716,584,284,220,1,-1,-1,-1
121,35,1988,608,132,160,1,-1,-1,-1
121,36,1672,164,96,176,1,-1,-1,-1
122,1,790,636,127,116,1,-1,-1,-1
122,2,1508,93,84,227,1,-1,-1,-1
122,3,1010,597,232,149,1,-1,-1,-1
122,4,1643,515,256,166,1,-1,-1,-1
122,6,1746,351,118,223,1,-1,-1,-1
122,14,1338,355,107,103,1,-1,-1,-1
122,17,1430,602,223,118,1,-1,-1,-1
122,18,951,639,76,169,1,-1,-1,-1
122,19,2232,379,138,119,1,-1,-1,-1
122,22,410,839,144,168,1,-1,-1,-1
122,23,616,736,210,181,1,-1,-1,-1
122,26,1626,69,104,164,1,-1,-1,-1
122,27,2269,152,115,280,1,-1,-1,-1
122,28,2004,543,179,206,1,-1,-1,-1
122,29,640,764,188,172,1,-1,-1,-1
122,30,1420,696,240,136,1,-1,-1,-1
122,31,1128,688,228,196,1,-1,-1,-1
122,32,412,840,136,180,1,-1,-1,-1
122,33,1536,212,96,240,1,-1,-1,-1
122,34,1716,584,284,220,1,-1,-1,-1
122,35,1988,608,132,160,1,-1,-1,-1
122,36,1672,164,96,176,1,-1,-1,-1
123,1,748,648,127,116,1,-1,-1,-1
123,2,1517,59,80,216,1,-1,-1,-1
123,3,1010,618,232,149,1,-1,-1,-1
123,4,1643,531,244,158,1,-1,-1,-1
123,6,1759,395,118,223,1,-1,-1,-1
123,14,1327,339,101,99,1,-1,-1,-1
123,17,1419,597,223,118,1,-1,-1,-1
123,18,968,685,76,169,1,-1,-1,-1
123,19,2247,418,138,119,1,-1,-1,-1
123,22,429,881,144,168,1,-1,-1,-1
123,23,632,787,210,181,1,-1,-1,-1
123,26,1655,107,99,156,1,-1,-1,-1
123,27,2292,191,115,280,1,-1,-1,-1
123,28,2017,582,188,216,1,-1,-1,-1
123,29,659,804,179,164,1,-1,-1,-1
123,30,1442,733,240,136,1,-1,-1,-1
123,31,1145,726,228,196,1,-1,-1,-1
123,32,429,879,136,180,1,-1,-1,-1
123,33,1551,259,96,240,1,-1,-1,-1
123,34,1732,623,284,220,1,-1,-1,-1
123,35,2003,645,132,160,1,-1,-1,-1
123,36,1689,203,96,176,1,-1,-1,-1
124,1,757,673,133,122,1,-1,-1,-1
124,2,1521,124,76,206,1,-1,-1,-1
124,3,1031,646,232,149,1,-1,-1,-1
124,4,1692,519,244,158,1,-1,-1,-1
124,6,1773,446,118,223,1,-1,-1,-1
124,14,1334,316,107,103,1,-1,-1,-1
124,17,1397,611,223,118,1,-1,-1,-1
124,18,982,734,76,169,1,-1,-1,-1
124,19,2266,467,138,119,1,-1,-1,-1
124,22,448,928,144,168,1,-1,-1,-1
124,23,648,834,210,181,1,-1,-1,-1
124,26,1678,164,99,156,1,-1,-1,-1
124,27,2308,243,115,280,1,-1,-1,-1
124,28,2033,627,197,227,1,-1,-1,-1
124,29,678,855,171,156,1,-1,-1,-1
124,30,1461,778,240,136,1,-1,-1,-1
124,31,1162,776,228,196,1,-1,-1,-1
124,32,446,927,136,180,1,-1,-1,-1
124,33,1559,306,96,240,1,-1,-1,-1
124,34,1746,674,284,220,1,-1,-1,-1
124,35,2019,696,132,160,1,-1,-1,-1
124,36,1706,256,96,176,1,-1,-1,-1
125,1,759,684,133,122,1,-1,-1,-1
125,2,1522,129,76,206,1,-1,-1,-1
125,3,1023,666,232,149,1,-1,-1,-1
125,4,1696,514,244,158,1,-1,-1,-1
125,6,1771,447,118,223,1,-1,-1,-1
125,14,1346,308,107,103,1,-1,-1,-1
125,17,1398,608,223,118,1,-1,-1,-1
125,18,984,736,76,169,1,-1,-1,-1
125,19,2265,468,138,119,1,-1,-1,-1
125,22,449,931,144,168,1,-1,-1,-1
125,23,646,839,210,181,1,-1,-1,-1
125,26,1681,170,94,149,1,-1,-1,-1
125,28,2031,628,197,227,1,-1,-1,-1
125,29,679,857,171,156,1,-1,-1,-1
125,30,1461,783,240,136,1,-1,-1,-1
125,31,1164,777,228,196,1,-1,-1,-1
125,32,447,930,136,180,1,-1,-1,-1
125,33,1563,305,96,240,1,-1,-1,-1
125,34,1749,677,284,220,1,-1,-1,-1
125,35,2019,698,132,160,1,-1,-1,-1
125,36,1707,256,96,176,1,-1,-1,-1
126,1,762,692,133,122,1,-1,-1,-1
126,2,1536,132,73,196,1,-1,-1,-1
126,3,1032,664,221,141,1,-1,-1,-1
126,4,1701,521,232,150,1,-1,-1,-1
126,6,1771,459,118,223,1,-1,-1,-1
126,14,1357,309,101,99,1,-1,-1,-1
126,17,1396,608,223,118,1,-1,-1,-1
126,18,987,743,76,169,1,-1,-1,-1
126,19,2271,480,132,113,1,-1,-1,-1
126,22,453,938,144,168,1,-1,-1,-1
126,23,650,846,210,181,1,-1,-1,-1
126,26,1686,187,94,149,1,-1,-1,-1
126,28,2038,638,197,227,1,-1,-1,-1
126,29,683,868,171,156,1,-1,-1,-1
126,30,1470,788,240,136,1,-1,-1,-1
126,31,1168,786,228,196,1,-1,-1,-1
126,32,452,937,136,180,1,-1,-1,-1
126,33,1567,311,96,240,1,-1,-1,-1
126,34,1758,688,270,210,1,-1,-1,-1
126,35,2023,706,132,160,1,-1,-1,-1
126,36,1711,268,96,176,1,-1,-1,-1
127,1,767,695,133,122,1,-1,-1,-1
127,2,1538,134,73,196,1,-1,-1,-1
127,3,1050,681,221,141,1,-1,-1,-1
127,4,1704,515,244,158,1,-1,-1,-1
127,6,1776,460,118,223,1,-1,-1,-1
127,14,1360,313,97,94,1,-1,-1,-1
127,17,1397,608,223,118,1,-1,-1,-1
127,18,989,742,76,169,1,-1,-1,-1
127,19,2279,479,132,113,1,-1,-1,-1
127,22,462,936,144,168,1,-1,-1,-1
127,23,660,843,210,181,1,-1,-1,-1
127,26,1692,190,94,149,1,-1,-1,-1
127,28,2040,639,197,227,1,-1,-1,-1
127,29,695,862,171,156,1,-1,-1,-1
127,30,1490,786,240,136,1,-1,-1,-1
127,31,1179,785,228,196,1,-1,-1,-1
127,32,462,936,136,180,1,-1,-1,-1
127,33,1571,311,96,240,1,-1,-1,-1
127,34,1778,696,258,200,1,-1,-1,-1
127,35,2032,703,132,160,1,-1,-1,-1
127,36,1718,267,96,176,1,-1,-1,-1
128,1,769,692,133,122,1,-1,-1,-1
128,2,1541,135,73,196,1,-1,-1,-1
128,3,1053,684,221,141,1,-1,-1,-1
128,4,1705,513,244,158,1,-1,-1,-1
128,6,1776,455,118,223,1,-1,-1,-1
128,14,1358,312,97,94,1,-1,-1,-1
128,17,1397,608,223,118,1,-1,-1,-1
128,19,2280,481,132,113,1,-1,-1,-1
128,22,463,936,144,168,1,-1,-1,-1
128,23,662,844,210,181,1,-1,-1,-1
128,26,1698,184,90,142,1,-1,-1,-1
128,28,2039,638,197,227,1,-1,-1,-1
128,29,695,860,171,156,1,-1,-1,-1
128,30,1489,785,240,136,1,-1,-1,-1
128,31,1180,785,228,196,1,-1,-1,-1
128,32,462,936,136,180,1,-1,-1,-1
128,33,1571,314,96,240,1,-1,-1,-1
128,34,1782,700,245,190,1,-1,-1,-1
128,35,2033,702,132,160,1,-1,-1,-1
128,36,1721,271,91,168,1,-1,-1,-1
129,1,769,692,133,122,1,-1,-1,-1
129,2,1541,135,73,196,1,-1,-1,-1
129,3,1053,684,221,141,1,-1,-1,-1
129,4,1705,513,244,158,1,-1,-1,-1
129,6,1776,455,118,223,1,-1,-1,-1
129,14,1358,312,97,94,1,-1,-1,-1
129,17,1397,608,223,118,1,-1,-1,-1
129,19,2280,481,132,113,1,-1,-1,-1
129,22,463,936,144,168,1,-1,-1,-1
129,23,662,844,210,181,1,-1,-1,-1
129,26,1698,184,90,142,1,-1,-1,-1
129,28,2039,638,197,227,1,-1,-1,-1
129,29,688,852,176,180,1,-1,-1,-1
129,30,1512,764,228,152,1,-1,-1,-1
129,31,1192,772,240,200,1,-1,-1,-1
129,32,468,928,128,180,1,-1,-1,-1
129,33,1588,320,84,208,1,-1,-1,-1
129,34,1776,708,260,184,1,-1,-1,-1
129,35,2048,688,112,168,1,-1,-1,-1
129,36,1721,271,91,168,1,-1,-1,-1
129,37,1068,772,68,148,1,-1,-1,-1
129,38,900,748,160,224,1,-1,-1,-1
129,39,1776,0,156,136,1,-1,-1,-1
130,1,741,681,133,122,1,-1,-1,-1
130,2,1548,122,69,187,1,-1,-1,-1
130,3,1051,669,232,149,1,-1,-1,-1
130,4,1708,498,244,158,1,-1,-1,-1
130,6,1795,437,112,212,1,-1,-1,-1
130,14,1375,300,97,94,1,-1,-1,-1
130,17,1419,596,223,118,1,-1,-1,-1
130,19,2302,461,125,108,1,-1,-1,-1
130,22,480,916,144,168,1,-1,-1,-1
130,23,686,826,210,181,1,-1,-1,-1
130,26,1709,162,90,142,1,-1,-1,-1
130,28,2056,614,197,227,1,-1,-1,-1
130,29,705,836,176,180,1,-1,-1,-1
130,30,1527,748,228,152,1,-1,-1,-1
130,31,1204,757,240,200,1,-1,-1,-1
130,32,479,911,128,180,1,-1,-1,-1
130,33,1590,295,88,218,1,-1,-1,-1
130,34,1796,687,260,184,1,-1,-1,-1
130,35,2062,671,112,168,1,-1,-1,-1
130,36,1737,251,91,168,1,-1,-1,-1
130,37,1082,755,68,148,1,-1,-1,-1
130,38,913,730,160,224,1,-1,-1,-1
130,39,1789,0,156,122,1,-1,-1,-1
131,1,742,686,127,116,1,-1,-1,-1
131,2,1550,121,69,187,1,-1,-1,-1
131,3,1056,663,232,149,1,-1,-1,-1
131,4,1718,497,232,150,1,-1,-1,-1
131,6,1798,435,112,212,1,-1,-1,-1
131,14,1380,297,97,94,1,-1,-1,-1
131,17,1422,590,223,118,1,-1,-1,-1
131,19,2303,460,125,108,1,-1,-1,-1
131,22,482,914,144,168,1,-1,-1,-1
131,23,687,825,210,181,1,-1,-1,-1
131,26,1716,162,90,142,1,-1,-1,-1
131,28,2056,613,197,227,1,-1,-1,-1
131,29,705,835,176,180,1,-1,-1,-1
131,30,1526,746,228,152,1,-1,-1,-1
131,31,1208,757,240,200,1,-1,-1,-1
131,32,480,913,128,180,1,-1,-1,-1
131,33,1591,295,88,218,1,-1,-1,-1
131,34,1785,682,273,193,1,-1,-1,-1
131,35,2063,672,112,168,1,-1,-1,-1
131,36,1741,249,91,168,1,-1,-1,-1
131,37,1084,758,65,141,1,-1,-1,-1
131,38,915,730,160,224,1,-1,-1,-1
131,39,1789,0,156,122,1,-1,-1,-1
132,1,737,676,133,122,1,-1,-1,-1
132,3,1055,658,244,156,1,-1,-1,-1
132,4,1724,496,221,143,1,-1,-1,-1
132,6,1798,428,112,212,1,-1,-1,-1
132,14,1382,292,97,94,1,-1,-1,-1
132,19,2307,450,125,108,1,-1,-1,-1
132,22,485,907,144,168,1,-1,-1,-1
132,23,692,820,210,181,1,-1,-1,-1
132,26,1724,154,86,135,1,-1,-1,-1
132,28,2065,615,188,216,1,-1,-1,-1
132,29,713,830,176,180,1,-1,-1,-1
132,30,1532,739,228,152,1,-1,-1,-1
132,31,1211,748,240,200,1,-1,-1,-1
132,32,479,902,134,189,1,-1,-1,-1
132,33,1597,286,88,218,1,-1,-1,-1
132,34,1799,680,260,184,1,-1,-1,-1
132,35,2068,662,112,168,1,-1,-1,-1
132,36,1748,242,91,168,1,-1,-1,-1
132,37,1089,746,65,141,1,-1,-1,-1
132,38,920,720,160,224,1,-1,-1,-1
132,39,1796,0,149,113,1,-1,-1,-1
133,1,767,705,133,122,1,-1,-1,-1
133,3,1057,630,256,164,1,-1,-1,-1
133,4,1685,522,210,136,1,-1,-1,-1
133,6,1813,393,107,202,1,-1,-1,-1
133,14,1383,256,97,94,1,-1,-1,-1
133,19,2341,473,125,108,1,-1,-1,-1
133,22,493,866,137,160,1,-1,-1,-1
133,23,712,778,200,172,1,-1,-1,-1
133,26,1733,109,86,135,1,-1,-1,-1
133,28,2072,564,197,227,1,-1,-1,-1
133,29,727,788,176,180,1,-1,-1,-1
133,30,1545,697,228,152,1,-1,-1,-1
133,31,1232,709,229,190,1,-1,-1,-1
133,32,486,855,134,189,1,-1,-1,-1
133,33,1601,242,88,218,1,-1,-1,-1
133,34,1808,640,260,184,1,-1,-1,-1
133,35,2079,620,107,160,1,-1,-1,-1
133,36,1752,201,91,168,1,-1,-1,-1
133,37,1099,698,68,148,1,-1,-1,-1
133,38,930,675,160,224,1,-1,-1,-1
133,39,1806,0,149,77,1,-1,-1,-1
134,1,765,709,140,128,1,-1,-1,-1
134,3,1053,618,256,164,1,-1,-1,-1
134,6,1811,389,107,202,1,-1,-1,-1
134,22,496,863,137,160,1,-1,-1,-1
134,23,714,779,190,164,1,-1,-1,-1
134,26,1737,111,81,128,1,-1,-1,-1
134,28,2072,561,197,227,1,-1,-1,-1
134,29,727,787,176,180,1,-1,-1,-1
134,30,1542,694,228,152,1,-1,-1,-1
134,31,1226,703,240,200,1,-1,-1,-1
134,32,487,854,134,189,1,-1,-1,-1
134,33,1602,241,88,218,1,-1,-1,-1
134,34,1808,635,260,184,1,-1,-1,-1
134,35,2079,617,107,160,1,-1,-1,-1
134,36,1759,197,91,168,1,-1,-1,-1
134,37,1100,697,68,148,1,-1,-1,-1
134,38,932,673,160,224,1,-1,-1,-1
134,39,1805,0,149,76,1,-1,-1,-1
135,6,1813,363,107,202,1,-1,-1,-1
135,22,501,839,137,160,1,-1,-1,-1
135,23,722,756,190,164,1,-1,-1,-1
135,28,2080,538,197,227,1,-1,-1,-1
135,29,733,763,176,180,1,-1,-1,-1
135,30,1549,669,228,152,1,-1,-1,-1
135,31,1233,678,240,200,1,-1,-1,-1
135,32,493,836,128,180,1,-1,-1,-1
135,33,1606,214,88,218,1,-1,-1,-1
135,34,1807,603,273,193,1,-1,-1,-1
135,35,2088,599,102,152,1,-1,-1,-1
135,36,1762,171,91,168,1,-1,-1,-1
135,37,1103,670,68,148,1,-1,-1,-1
135,38,933,640,168,235,1,-1,-1,-1
135,39,1811,0,149,43,1,-1,-1,-1
136,6,1824,340,107,202,1,-1,-1,-1
136,22,508,819,137,160,1,-1,-1,-1
136,23,736,740,190,164,1,-1,-1,-1
136,28,2090,525,188,216,1,-1,-1,-1
136,29,747,745,176,180,1,-1,-1,-1
136,30,1561,650,228,152,1,-1,-1,-1
136,31,1243,657,240,200,1,-1,-1,-1
136,32,504,820,122,171,1,-1,-1,-1
136,33,1613,193,88,218,1,-1,-1,-1
136,34,1814,583,273,193,1,-1,-1,-1
136,35,2097,581,102,152,1,-1,-1,-1
136,36,1771,149,91,168,1,-1,-1,-1
136,37,1116,653,68,148,1,-1,-1,-1
136,38,944,628,160,224,1,-1,-1,-1
136,39,1816,0,149,23,1,-1,-1,-1
137,6,1824,340,107,202,1,-1,-1,-1
137,22,508,819,137,160,1,-1,-1,-1
137,23,736,740,190,164,1,-1,-1,-1
137,28,2090,525,188,216,1,-1,-1,-1
137,29,748,752,168,156,1,-1,-1,-1
137,30,1568,612,224,188,1,-1,-1,-1
137,31,1252,676,240,176,1,-1,-1,-1
137,32,504,828,136,160,1,-1,-1,-1
137,33,1620,180,80,228,1,-1,-1,-1
137,34,1814,583,273,193,1,-1,-1,-1
137,35,2097,581,102,152,1,-1,-1,-1
137,36,1771,149,91,168,1,-1,-1,-1
137,37,1116,653,68,148,1,-1,-1,-1
137,38,944,720,152,128,1,-1,-1,-1
137,39,1816,0,149,23,1,-1,-1,-1
137,40,2152,444,148,284,1,-1,-1,-1
137,41,2308,424,124,200,1,-1,-1,-1
137,42,1932,560,260,180,1,-1,-1,-1
137,43,1120,608,96,176,1,-1,-1,-1
137,44,1740,316,180,204,1,-1,-1,-1
137,45,1584,444,96,204,1,-1,-1,-1
138,6,1821,333,112,212,1,-1,-1,-1
138,22,514,818,137,160,1,-1,-1,-1
138,23,740,737,190,164,1,-1,-1,-1
138,28,2094,523,188,216,1,-1,-1,-1
138,29,753,750,168,156,1,-1,-1,-1
138,30,1577,613,213,179,1,-1,-1,-1
138,31,1256,674,240,176,1,-1,-1,-1
138,32,507,826,136,160,1,-1,-1,-1
138,33,1622,178,80,228,1,-1,-1,-1
138,34,1822,583,273,193,1,-1,-1,-1
138,35,2103,578,102,152,1,-1,-1,-1
138,36,1778,146,91,168,1,-1,-1,-1
138,37,1118,650,68,148,1,-1,-1,-1
138,38,948,717,152,128,1,-1,-1,-1
138,39,1814,0,156,14,1,-1,-1,-1
138,40,2158,449,141,270,1,-1,-1,-1
138,41,2310,419,124,200,1,-1,-1,-1
138,42,1936,557,260,180,1,-1,-1,-1
138,43,1121,606,96,176,1,-1,-1,-1
138,44,1742,314,180,204,1,-1,-1,-1
138,45,1586,441,96,204,1,-1,-1,-1
139,6,1828,332,107,202,1,-1,-1,-1
139,22,517,816,137,160,1,-1,-1,-1
139,23,745,736,190,164,1,-1,-1,-1
139,28,2095,515,188,216,1,-1,-1,-1
139,29,757,748,168,156,1,-1,-1,-1
139,30,1578,609,213,179,1,-1,-1,-1
139,31,1257,671,240,176,1,-1,-1,-1
139,32,510,826,136,160,1,-1,-1,-1
139,33,1622,177,80,228,1,-1,-1,-1
139,34,1828,576,273,193,1,-1,-1,-1
139,35,2103,574,102,152,1,-1,-1,-1
139,36,1794,139,87,160,1,-1,-1,-1
139,37,1120,652,65,141,1,-1,-1,-1
139,38,951,715,152,128,1,-1,-1,-1
139,39,1817,0,156,11,1,-1,-1,-1
139,40,2159,439,148,284,1,-1,-1,-1
139,41,2311,414,124,200,1,-1,-1,-1
139,42,1938,556,260,180,1,-1,-1,-1
139,43,1121,604,96,176,1,-1,-1,-1
139,44,1742,309,180,204,1,-1,-1,-1
139,45,1586,438,96,204,1,-1,-1,-1
140,22,510,814,137,160,1,-1,-1,-1
140,23,740,731,190,164,1,-1,-1,-1
140,28,2087,506,188,216,1,-1,-1,-1
140,29,752,744,168,156,1,-1,-1,-1
140,30,1572,605,213,179,1,-1,-1,-1
140,31,1251,666,240,176,1,-1,-1,-1
140,32,503,824,136,160,1,-1,-1,-1
140,33,1621,181,76,217,1,-1,-1,-1
140,34,1824,577,273,193,1,-1,-1,-1
140,35,2093,569,102,152,1,-1,-1,-1
140,36,1790,128,87,160,1,-1,-1,-1
140,37,1109,647,65,141,1,-1,-1,-1
140,38,945,712,152,128,1,-1,-1,-1
140,39,1806,0,156,9,1,-1,-1,-1
140,40,2158,435,148,284,1,-1,-1,-1
140,41,2304,413,124,200,1,-1,-1,-1
140,42,1934,549,260,180,1,-1,-1,-1
140,43,1109,600,96,176,1,-1,-1,-1
140,44,1736,304,180,204,1,-1,-1,-1
140,45,1581,432,96,204,1,-1,-1,-1
141,22,510,814,137,160,1,-1,-1,-1
141,23,740,731,190,164,1,-1,-1,-1
141,28,2086,501,197,227,1,-1,-1,-1
141,29,751,743,168,156,1,-1,-1,-1
141,30,1571,605,213,179,1,-1,-1,-1
141,31,1251,665,240,176,1,-1,-1,-1
141,32,503,823,136,160,1,-1,-1,-1
141,33,1619,178,76,217,1,-1,-1,-1
141,34,1822,572,273,193,1,-1,-1,-1
141,35,2090,564,107,160,1,-1,-1,-1
141,36,1788,128,87,160,1,-1,-1,-1
141,37,1107,642,68,148,1,-1,-1,-1
141,38,948,714,145,122,1,-1,-1,-1
141,39,1806,0,156,9,1,-1,-1,-1
141,40,2156,434,148,284,1,-1,-1,-1
141,41,2303,413,124,200,1,-1,-1,-1
141,42,1930,549,260,180,1,-1,-1,-1
141,43,1110,598,96,176,1,-1,-1,-1
141,44,1735,303,180,204,1,-1,-1,-1
141,45,1579,431,96,204,1,-1,-1,-1
142,22,499,796,137,160,1,-1,-1,-1
142,23,730,720,190,164,1,-1,-1,-1
142,28,2071,489,197,227,1,-1,-1,-1
142,29,744,732,168,156,1,-1,-1,-1
142,30,1557,592,213,179,1,-1,-1,-1
142,31,1240,654,240,176,1,-1,-1,-1
142,32,493,807,136,160,1,-1,-1,-1
142,33,1610,161,76,217,1,-1,-1,-1
142,34,1805,553,273,193,1,-1,-1,-1
142,35,2080,552,107,160,1,-1,-1,-1
142,36,1775,116,87,160,1,-1,-1,-1
142,37,1094,630,68,148,1,-1,-1,-1
142,38,940,702,145,122,1,-1,-1,-1
142,39,1798,0,149,1,1,-1,-1,-1
142,40,2151,412,148,284,1,-1,-1,-1
142,41,2290,401,124,200,1,-1,-1,-1
142,42,1912,533,273,189,1,-1,-1,-1
142,43,1094,583,96,176,1,-1,-1,-1
142,44,1719,289,180,204,1,-1,-1,-1
142,45,1562,421,96,204,1,-1,-1,-1
143,22,500,796,137,160,1,-1,-1,-1
143,23,731,718,190,164,1,-1,-1,-1
143,28,2070,483,197,227,1,-1,-1,-1
143,29,745,733,168,156,1,-1,-1,-1
143,30,1553,586,224,188,1,-1,-1,-1
143,31,1241,652,240,176,1,-1,-1,-1
143,32,497,808,130,152,1,-1,-1,-1
143,33,1601,155,80,228,1,-1,-1,-1
143,34,1812,546,260,184,1,-1,-1,-1
143,35,2079,551,107,160,1,-1,-1,-1
143,36,1774,113,87,160,1,-1,-1,-1
143,37,1089,627,68,148,1,-1,-1,-1
143,38,941,700,145,122,1,-1,-1,-1
143,39,1793,0,149,2,1,-1,-1,-1
143,40,2149,408,148,284,1,-1,-1,-1
143,41,2290,399,124,200,1,-1,-1,-1
143,42,1902,519,287,198,1,-1,-1,-1
143,43,1093,583,96,176,1,-1,-1,-1
143,44,1714,287,180,204,1,-1,-1,-1
143,45,1562,418,96,204,1,-1,-1,-1
144,22,500,794,137,160,1,-1,-1,-1
144,23,732,719,190,164,1,-1,-1,-1
144,28,2072,481,197,227,1,-1,-1,-1
144,29,744,729,168,156,1,-1,-1,-1
144,30,1548,581,235,197,1,-1,-1,-1
144,31,1241,649,240,176,1,-1,-1,-1
144,32,500,811,123,145,1,-1,-1,-1
144,33,1600,155,80,228,1,-1,-1,-1
144,34,1821,553,248,175,1,-1,-1,-1
144,35,2080,552,107,160,1,-1,-1,-1
144,36,1775,116,83,152,1,-1,-1,-1
144,37,1089,628,68,148,1,-1,-1,-1
144,38,940,699,145,122,1,-1,-1,-1
144,39,1795,0,149,2,1,-1,-1,-1
144,40,2150,410,148,284,1,-1,-1,-1
144,41,2289,399,124,200,1,-1,-1,-1
144,42,1908,522,287,198,1,-1,-1,-1
144,43,1092,582,96,176,1,-1,-1,-1
144,44,1714,286,180,204,1,-1,-1,-1
144,45,1560,413,101,214,1,-1,-1,-1
145,22,492,788,136,176,1,-1,-1,-1
145,23,732,719,190,164,1,-1,-1,-1
145,28,2072,481,197,227,1,-1,-1,-1
145,29,744,708,168,164,1,-1,-1,-1
145,30,1568,576,212,200,1,-1,-1,-1
145,31,1252,632,224,196,1,-1,-1,-1
145,32,500,811,123,145,1,-1,-1,-1
145,33,1580,168,92,192,1,-1,-1,-1
145,34,1821,553,248,175,1,-1,-1,-1
145,35,2076,540,148,168,1,-1,-1,-1
145,36,1775,116,83,152,1,-1,-1,-1
145,37,1089,628,68,148,1,-1,-1,-1
145,38,948,656,156,168,1,-1,-1,-1
145,39,1795,0,149,2,1,-1,-1,-1
145,40,2150,410,148,284,1,-1,-1,-1
145,41,2308,372,96,220,1,-1,-1,-1
145,42,1908,522,287,198,1,-1,-1,-1
145,43,1092,582,96,176,1,-1,-1,-1
145,44,1714,286,180,204,1,-1,-1,-1
145,45,1544,400,112,232,1,-1,-1,-1
145,46,1184,528,140,212,1,-1,-1,-1
145,47,1804,472,348,280,1,-1,-1,-1
146,22,490,785,136,176,1,-1,-1,-1
146,23,725,713,190,164,1,-1,-1,-1
146,28,2074,479,197,227,1,-1,-1,-1
146,29,739,705,168,164,1,-1,-1,-1
146,30,1565,574,212,200,1,-1,-1,-1
146,31,1250,629,224,196,1,-1,-1,-1
146,32,500,806,123,145,1,-1,-1,-1
146,33,1578,168,92,192,1,-1,-1,-1
146,34,1821,547,260,184,1,-1,-1,-1
146,35,2075,537,148,168,1,-1,-1,-1
146,36,1768,111,87,160,1,-1,-1,-1
146,37,1074,622,71,155,1,-1,-1,-1
146,38,946,654,156,168,1,-1,-1,-1
146,39,1776,0,156,2,1,-1,-1,-1
146,40,2147,406,148,284,1,-1,-1,-1
146,41,2306,366,96,220,1,-1,-1,-1
146,42,1911,521,273,189,1,-1,-1,-1
146,43,1084,572,96,176,1,-1,-1,-1
146,44,1705,283,180,204,1,-1,-1,-1
146,45,1541,397,112,232,1,-1,-1,-1
146,46,1179,526,140,212,1,-1,-1,-1
146,47,1805,469,348,280,1,-1,-1,-1
147,22,489,786,136,176,1,-1,-1,-1
147,23,724,713,190,164,1,-1,-1,-1
147,28,2073,480,197,227,1,-1,-1,-1
147,29,738,706,168,164,1,-1,-1,-1
147,30,1565,574,212,200,1,-1,-1,-1
147,31,1250,629,224,196,1,-1,-1,-1
147,32,499,805,123,145,1,-1,-1,-1
147,33,1576,166,92,192,1,-1,-1,-1
147,34,1817,542,260,184,1,-1,-1,-1
147,35,2075,537,148,168,1,-1,-1,-1
147,36,1769,113,83,152,1,-1,-1,-1
147,37,1072,621,71,155,1,-1,-1,-1
147,38,945,654,156,168,1,-1,-1,-1
147,39,1781,0,149,2,1,-1,-1,-1
147,40,2147,403,148,284,1,-1,-1,-1
147,41,2304,365,96,220,1,-1,-1,-1
147,42,1913,520,273,189,1,-1,-1,-1
147,43,1082,569,101,185,1,-1,-1,-1
147,44,1707,281,180,204,1,-1,-1,-1
147,45,1540,397,112,232,1,-1,-1,-1
147,46,1179,525,140,212,1,-1,-1,-1
147,47,1806,468,348,280,1,-1,-1,-1
148,22,478,783,136,176,1,-1,-1,-1
148,23,707,707,190,164,1,-1,-1,-1
148,28,2061,462,207,238,1,-1,-1,-1
148,29,723,702,168,164,1,-1,-1,-1
148,30,1553,570,212,200,1,-1,-1,-1
148,31,1237,627,224,196,1,-1,-1,-1
148,32,488,802,123,145,1,-1,-1,-1
148,33,1560,161,92,192,1,-1,-1,-1
148,34,1811,539,260,184,1,-1,-1,-1
148,35,2063,535,148,168,1,-1,-1,-1
148,36,1759,114,79,145,1,-1,-1,-1
148,37,1058,616,71,155,1,-1,-1,-1
148,38,932,648,156,168,1,-1,-1,-1
148,39,1762,0,149,2,1,-1,-1,-1
148,40,2146,410,141,270,1,-1,-1,-1
148,41,2294,367,91,210,1,-1,-1,-1
148,42,1905,521,273,189,1,-1,-1,-1
148,43,1065,565,101,185,1,-1,-1,-1
148,44,1687,277,180,204,1,-1,-1,-1
148,45,1525,393,112,232,1,-1,-1,-1
148,46,1168,525,133,202,1,-1,-1,-1
148,47,1782,461,365,294,1,-1,-1,-1
149,22,477,779,136,176,1,-1,-1,-1
149,23,705,703,190,164,1,-1,-1,-1
149,28,2062,471,197,227,1,-1,-1,-1
149,29,720,698,168,164,1,-1,-1,-1
149,30,1549,567,212,200,1,-1,-1,-1
149,31,1238,627,224,196,1,-1,-1,-1
149,32,487,801,123,145,1,-1,-1,-1
149,33,1556,158,92,192,1,-1,-1,-1
149,34,1807,541,260,184,1,-1,-1,-1
149,35,2062,530,148,168,1,-1,-1,-1
149,36,1751,111,79,145,1,-1,-1,-1
149,37,1048,613,71,155,1,-1,-1,-1
149,38,929,647,156,168,1,-1,-1,-1
149,40,2153,406,141,270,1,-1,-1,-1
149,41,2291,360,91,210,1,-1,-1,-1
149,42,1909,520,273,189,1,-1,-1,-1
149,43,1062,562,101,185,1,-1,-1,-1
149,44,1683,275,180,204,1,-1,-1,-1
149,45,1521,389,112,232,1,-1,-1,-1
149,46,1162,524,133,202,1,-1,-1,-1
149,47,1785,466,348,280,1,-1,-1,-1
150,22,477,779,136,176,1,-1,-1,-1
150,23,705,702,190,164,1,-1,-1,-1
150,28,2057,474,197,227,1,-1,-1,-1
150,29,719,699,168,164,1,-1,-1,-1
150,30,1548,565,212,200,1,-1,-1,-1
150,31,1236,626,224,196,1,-1,-1,-1
150,32,488,800,123,145,1,-1,-1,-1
150,33,1553,158,92,192,1,-1,-1,-1
150,34,1811,535,260,184,1,-1,-1,-1
150,35,2063,530,148,168,1,-1,-1,-1
150,36,1748,105,83,152,1,-1,-1,-1
150,37,1048,615,71,155,1,-1,-1,-1
150,38,927,647,156,168,1,-1,-1,-1
150,40,2150,409,134,258,1,-1,-1,-1
150,41,2287,354,96,220,1,-1,-1,-1
150,42,1909,520,260,180,1,-1,-1,-1
150,43,1060,559,101,185,1,-1,-1,-1
150,44,1679,274,180,204,1,-1,-1,-1
150,45,1520,389,112,232,1,-1,-1,-1
150,46,1159,523,133,202,1,-1,-1,-1
150,47,1785,467,348,280,1,-1,-1,-1
151,22,477,779,136,176,1,-1,-1,-1
151,23,702,701,190,164,1,-1,-1,-1
151,28,2058,473,188,216,1,-1,-1,-1
151,29,717,694,168,164,1,-1,-1,-1
151,30,1545,563,212,200,1,-1,-1,-1
151,31,1232,628,224,196,1,-1,-1,-1
151,32,488,799,123,145,1,-1,-1,-1
151,33,1547,156,92,192,1,-1,-1,-1
151,34,1816,541,248,175,1,-1,-1,-1
151,35,2061,526,148,168,1,-1,-1,-1
151,36,1747,98,79,145,1,-1,-1,-1
151,37,1043,611,71,155,1,-1,-1,-1
151,38,924,643,156,168,1,-1,-1,-1
151,40,2152,411,134,258,1,-1,-1,-1
151,41,2286,349,96,220,1,-1,-1,-1
151,42,1909,516,260,180,1,-1,-1,-1
151,43,1055,565,101,185,1,-1,-1,-1
151,44,1671,272,180,204,1,-1,-1,-1
151,45,1519,393,107,221,1,-1,-1,-1
151,46,1149,520,140,212,1,-1,-1,-1
151,47,1781,464,348,280,1,-1,-1,-1
152,22,477,777,136,176,1,-1,-1,-1
152,23,701,696,190,164,1,-1,-1,-1
152,28,2055,475,188,216,1,-1,-1,-1
152,29,716,690,168,164,1,-1,-1,-1
152,30,1545,561,212,200,1,-1,-1,-1
152,31,1230,626,224,196,1,-1,-1,-1
152,32,488,799,123,145,1,-1,-1,-1
152,33,1543,155,92,192,1,-1,-1,-1
152,34,1814,541,248,175,1,-1,-1,-1
152,35,2060,522,148,168,1,-1,-1,-1
152,36,1740,85,83,152,1,-1,-1,-1
152,37,1042,613,68,148,1,-1,-1,-1
152,38,922,639,156,168,1,-1,-1,-1
152,40,2152,410,134,258,1,-1,-1,-1
152,41,2283,349,96,220,1,-1,-1,-1
152,42,1903,512,260,180,1,-1,-1,-1
152,43,1050,568,101,185,1,-1,-1,-1
152,44,1670,275,180,204,1,-1,-1,-1
152,45,1512,384,112,232,1,-1,-1,-1
152,46,1144,518,140,212,1,-1,-1,-1
152,47,1776,461,348,280,1,-1,-1,-1
153,22,476,764,144,184,1,-1,-1,-1
153,23,701,696,190,164,1,-1,-1,-1
153,28,2055,475,188,216,1,-1,-1,-1
153,29,720,688,160,176,1,-1,-1,-1
153,30,1548,548,188,216,1,-1,-1,-1
153,31,1232,632,212,188,1,-1,-1,-1
153,32,488,799,123,145,1,-1,-1,-1
153,33,1536,136,100,204,1,-1,-1,-1
153,34,1788,512,284,228,1,-1,-1,-1
153,35,2060,522,148,168,1,-1,-1,-1
153,36,1740,85,83,152,1,-1,-1,-1
153,37,1042,613,68,148,1,-1,-1,-1
153,38,916,676,132,132,1,-1,-1,-1
153,40,2152,410,134,258,1,-1,-1,-1
153,41,2283,349,96,220,1,-1,-1,-1
153,42,1903,512,260,180,1,-1,-1,-1
153,43,1050,568,101,185,1,-1,-1,-1
153,44,1684,276,148,152,1,-1,-1,-1
153,45,1512,384,112,232,1,-1,-1,-1
153,46,1144,524,176,192,1,-1,-1,-1
153,47,1776,461,348,280,1,-1,-1,-1
154,22,472,762,144,184,1,-1,-1,-1
154,23,699,691,190,164,1,-1,-1,-1
154,28,2051,474,188,216,1,-1,-1,-1
154,29,716,684,160,176,1,-1,-1,-1
154,30,1541,548,188,216,1,-1,-1,-1
154,31,1227,632,212,188,1,-1,-1,-1
154,32,482,797,123,145,1,-1,-1,-1
154,33,1526,133,100,204,1,-1,-1,-1
154,34,1783,509,284,228,1,-1,-1,-1
154,35,2057,516,148,168,1,-1,-1,-1
154,36,1727,83,83,152,1,-1,-1,-1
154,37,1036,606,68,148,1,-1,-1,-1
154,38,906,670,132,132,1,-1,-1,-1
154,40,2151,414,134,258,1,-1,-1,-1
154,41,2279,349,96,220,1,-1,-1,-1
154,42,1905,511,260,180,1,-1,-1,-1
154,43,1044,557,101,185,1,-1,-1,-1
154,44,1669,274,148,152,1,-1,-1,-1
154,45,1504,382,112,232,1,-1,-1,-1
154,46,1132,522,176,192,1,-1,-1,-1
154,47,1768,456,348,280,1,-1,-1,-1
155,22,468,760,144,184,1,-1,-1,-1
155,23,692,691,190,164,1,-1,-1,-1
155,28,2046,471,188,216,1,-1,-1,-1
155,29,711,684,160,176,1,-1,-1,-1
155,30,1534,544,188,216,1,-1,-1,-1
155,31,1223,632,212,188,1,-1,-1,-1
155,32,475,797,123,145,1,-1,-1,-1
155,33,1517,130,100,204,1,-1,-1,-1
155,34,1776,508,284,228,1,-1,-1,-1
155,35,2050,512,155,176,1,-1,-1,-1
155,36,1722,80,83,152,1,-1,-1,-1
155,37,1029,607,68,148,1,-1,-1,-1
155,38,900,668,132,132,1,-1,-1,-1
155,40,2147,413,134,258,1,-1,-1,-1
155,41,2275,339,91,210,1,-1,-1,-1
155,42,1892,507,260,180,1,-1,-1,-1
155,43,1037,564,96,176,1,-1,-1,-1
155,44,1659,272,148,152,1,-1,-1,-1
155,45,1497,386,107,221,1,-1,-1,-1
155,46,1123,520,176,192,1,-1,-1,-1
155,47,1763,453,348,280,1,-1,-1,-1
156,22,467,760,144,184,1,-1,-1,-1
156,23,692,690,190,164,1,-1,-1,-1
156,29,709,682,160,176,1,-1,-1,-1
156,30,1533,544,188,216,1,-1,-1,-1
156,31,1221,631,212,188,1,-1,-1,-1
156,32,475,799,123,145,1,-1,-1,-1
156,33,1515,132,100,204,1,-1,-1,-1
156,34,1776,509,284,228,1,-1,-1,-1
156,35,2051,512,155,176,1,-1,-1,-1
156,36,1721,80,83,152,1,-1,-1,-1
156,37,1027,604,71,155,1,-1,-1,-1
156,38,901,668,132,132,1,-1,-1,-1
156,40,2141,413,134,258,1,-1,-1,-1
156,41,2267,336,96,220,1,-1,-1,-1
156,43,1035,563,96,176,1,-1,-1,-1
156,44,1659,272,148,152,1,-1,-1,-1
156,45,1495,385,107,221,1,-1,-1,-1
156,46,1123,521,176,192,1,-1,-1,-1
156,47,1756,454,348,280,1,-1,-1,-1
157,22,460,757,144,184,1,-1,-1,-1
157,23,687,687,190,164,1,-1,-1,-1
157,29,705,680,160,176,1,-1,-1,-1
157,30,1523,542,188,216,1,-1,-1,-1
157,31,1216,630,212,188,1,-1,-1,-1
157,32,468,797,123,145,1,-1,-1,-1
157,33,1501,131,100,204,1,-1,-1,-1
157,34,1769,506,284,228,1,-1,-1,-1
157,35,2047,501,155,176,1,-1,-1,-1
157,36,1709,77,83,152,1,-1,-1,-1
157,37,1020,601,71,155,1,-1,-1,-1
157,38,890,664,132,132,1,-1,-1,-1
157,41,2258,328,101,231,1,-1,-1,-1
157,43,1022,556,96,176,1,-1,-1,-1
157,44,1643,270,148,152,1,-1,-1,-1
157,45,1487,384,107,221,1,-1,-1,-1
157,46,1109,521,176,192,1,-1,-1,-1
157,47,1746,457,348,280,1,-1,-1,-1
158,22,460,757,144,184,1,-1,-1,-1
158,23,686,685,190,164,1,-1,-1,-1
158,29,704,679,160,176,1,-1,-1,-1
158,30,1520,542,188,216,1,-1,-1,-1
158,31,1218,627,212,188,1,-1,-1,-1
158,32,466,797,123,145,1,-1,-1,-1
158,33,1498,129,100,204,1,-1,-1,-1
158,34,1767,504,284,228,1,-1,-1,-1
158,35,2048,504,148,168,1,-1,-1,-1
158,36,1705,77,83,152,1,-1,-1,-1
158,37,1015,604,71,155,1,-1,-1,-1
158,38,891,667,126,126,1,-1,-1,-1
158,41,2251,323,106,243,1,-1,-1,-1
158,43,1016,555,96,176,1,-1,-1,-1
158,44,1636,269,148,152,1,-1,-1,-1
158,45,1479,379,112,232,1,-1,-1,-1
158,46,1100,516,185,202,1,-1,-1,-1
158,47,1742,452,348,280,1,-1,-1,-1
159,22,460,758,144,184,1,-1,-1,-1
159,23,682,682,200,172,1,-1,-1,-1
159,29,704,679,160,176,1,-1,-1,-1
159,30,1520,541,188,216,1,-1,-1,-1
159,31,1218,626,212,188,1,-1,-1,-1
159,32,465,798,123,145,1,-1,-1,-1
159,33,1495,129,100,204,1,-1,-1,-1
159,34,1765,503,284,228,1,-1,-1,-1
159,35,2052,506,141,160,1,-1,-1,-1
159,36,1703,77,83,152,1,-1,-1,-1
159,38,891,667,126,126,1,-1,-1,-1
159,41,2250,319,111,255,1,-1,-1,-1
159,44,1636,268,148,152,1,-1,-1,-1
159,45,1477,377,112,232,1,-1,-1,-1
159,46,1104,523,176,192,1,-1,-1,-1
159,47,1749,451,348,280,1,-1,-1,-1
160,22,458,758,144,184,1,-1,-1,-1
160,23,681,686,200,172,1,-1,-1,-1
160,29,703,679,160,176,1,-1,-1,-1
160,30,1518,547,179,206,1,-1,-1,-1
160,31,1217,625,212,188,1,-1,-1,-1
160,32,463,796,123,145,1,-1,-1,-1
160,33,1489,127,100,204,1,-1,-1,-1
160,34,1759,498,284,228,1,-1,-1,-1
160,35,2051,503,141,160,1,-1,-1,-1
160,36,1698,72,87,160,1,-1,-1,-1
160,38,883,667,126,126,1,-1,-1,-1
160,41,2243,313,111,255,1,-1,-1,-1
160,44,1624,266,148,152,1,-1,-1,-1
160,45,1470,375,112,232,1,-1,-1,-1
160,46,1088,524,176,192,1,-1,-1,-1
160,47,1730,442,365,294,1,-1,-1,-1
161,22,448,744,180,196,1,-1,-1,-1
161,23,681,686,200,172,1,-1,-1,-1
161,29,700,668,152,184,1,-1,-1,-1
161,30,1520,592,144,156,1,-1,-1,-1
161,31,1220,628,196,180,1,-1,-1,-1
161,32,463,796,123,145,1,-1,-1,-1
161,33,1460,132,116,156,1,-1,-1,-1
161,34,1772,532,268,196,1,-1,-1,-1
161,35,2051,503,141,160,1,-1,-1,-1
161,36,1698,72,87,160,1,-1,-1,-1
161,38,883,667,126,126,1,-1,-1,-1
161,41,2243,313,111,255,1,-1,-1,-1
161,44,1612,264,148,164,1,-1,-1,-1
161,45,1470,375,112,232,1,-1,-1,-1
161,46,1088,524,176,192,1,-1,-1,-1
161,47,1730,442,365,294,1,-1,-1,-1
162,22,448,744,180,196,1,-1,-1,-1
162,23,680,682,200,172,1,-1,-1,-1
162,29,700,668,152,184,1,-1,-1,-1
162,30,1520,592,144,156,1,-1,-1,-1
162,31,1220,628,196,180,1,-1,-1,-1
162,32,459,796,123,145,1,-1,-1,-1
162,33,1460,132,116,156,1,-1,-1,-1
162,34,1772,532,268,196,1,-1,-1,-1
162,35,2050,501,141,160,1,-1,-1,-1
162,36,1693,70,87,160,1,-1,-1,-1
162,38,876,667,126,126,1,-1,-1,-1
162,41,2238,308,111,255,1,-1,-1,-1
162,44,1612,264,148,164,1,-1,-1,-1
162,45,1461,372,112,232,1,-1,-1,-1
162,46,1081,529,168,183,1,-1,-1,-1
162,47,1720,432,384,309,1,-1,-1,-1
163,22,445,746,180,196,1,-1,-1,-1
163,23,677,681,200,172,1,-1,-1,-1
163,29,697,667,152,184,1,-1,-1,-1
163,30,1511,596,144,156,1,-1,-1,-1
163,31,1215,628,196,180,1,-1,-1,-1
163,32,450,792,130,152,1,-1,-1,-1
163,33,1447,130,116,156,1,-1,-1,-1
163,34,1768,531,268,196,1,-1,-1,-1
163,35,2045,500,141,160,1,-1,-1,-1
163,36,1685,71,87,160,1,-1,-1,-1
163,38,863,670,126,126,1,-1,-1,-1
163,41,2230,299,111,255,1,-1,-1,-1
163,44,1598,265,148,164,1,-1,-1,-1
163,45,1451,367,118,244,1,-1,-1,-1
163,46,1065,529,168,183,1,-1,-1,-1
163,47,1718,441,365,294,1,-1,-1,-1
164,22,443,747,180,196,1,-1,-1,-1
164,23,677,681,200,172,1,-1,-1,-1
164,29,696,668,152,184,1,-1,-1,-1
164,30,1508,597,144,156,1,-1,-1,-1
164,31,1212,628,196,180,1,-1,-1,-1
164,32,448,796,130,152,1,-1,-1,-1
164,33,1442,131,116,156,1,-1,-1,-1
164,34,1766,534,268,196,1,-1,-1,-1
164,35,2044,502,141,160,1,-1,-1,-1
164,36,1680,72,87,160,1,-1,-1,-1
164,38,858,674,126,126,1,-1,-1,-1
164,41,2224,302,106,243,1,-1,-1,-1
164,44,1593,264,148,164,1,-1,-1,-1
164,45,1446,366,118,244,1,-1,-1,-1
164,46,1058,534,168,183,1,-1,-1,-1
164,47,1725,450,348,280,1,-1,-1,-1
165,22,447,752,171,187,1,-1,-1,-1
165,23,678,683,200,172,1,-1,-1,-1
165,29,696,670,152,184,1,-1,-1,-1
165,30,1507,598,144,156,1,-1,-1,-1
165,31,1212,629,196,180,1,-1,-1,-1
165,32,448,797,130,152,1,-1,-1,-1
165,33,1442,131,116,156,1,-1,-1,-1
165,34,1764,532,268,196,1,-1,-1,-1
165,35,2041,501,141,160,1,-1,-1,-1
165,38,861,676,120,120,1,-1,-1,-1
165,41,2227,308,106,243,1,-1,-1,-1
165,44,1592,265,148,164,1,-1,-1,-1
165,45,1443,366,118,244,1,-1,-1,-1
165,46,1058,534,168,183,1,-1,-1,-1
165,47,1720,450,348,280,1,-1,-1,-1
166,22,446,752,171,187,1,-1,-1,-1
166,23,676,681,200,172,1,-1,-1,-1
166,29,695,667,152,184,1,-1,-1,-1
166,30,1501,598,144,156,1,-1,-1,-1
166,31,1210,628,196,180,1,-1,-1,-1
166,32,445,795,130,152,1,-1,-1,-1
166,33,1431,128,116,156,1,-1,-1,-1
166,34,1763,535,268,196,1,-1,-1,-1
166,35,2043,501,141,160,1,-1,-1,-1
166,38,855,677,120,120,1,-1,-1,-1
166,41,2218,297,111,255,1,-1,-1,-1
166,44,1580,266,148,164,1,-1,-1,-1
166,45,1437,372,112,232,1,-1,-1,-1
166,46,1049,529,176,192,1,-1,-1,-1
166,47,1717,448,348,280,1,-1,-1,-1
167,22,445,753,171,187,1,-1,-1,-1
167,23,675,678,200,172,1,-1,-1,-1
167,29,696,665,152,184,1,-1,-1,-1
167,30,1498,597,144,156,1,-1,-1,-1
167,31,1209,629,196,180,1,-1,-1,-1
167,32,443,794,130,152,1,-1,-1,-1
167,33,1427,129,116,156,1,-1,-1,-1
167,34,1761,534,268,196,1,-1,-1,-1
167,35,2041,501,141,160,1,-1,-1,-1
167,38,853,677,120,120,1,-1,-1,-1
167,44,1575,266,148,164,1,-1,-1,-1
167,45,1432,375,112,232,1,-1,-1,-1
167,46,1044,527,176,192,1,-1,-1,-1
167,47,1712,445,348,280,1,-1,-1,-1
168,22,444,752,171,187,1,-1,-1,-1
168,23,675,677,200,172,1,-1,-1,-1
168,29,695,663,152,184,1,-1,-1,-1
168,30,1498,599,137,149,1,-1,-1,-1
168,31,1211,628,196,180,1,-1,-1,-1
168,32,443,794,130,152,1,-1,-1,-1
168,33,1423,128,116,156,1,-1,-1,-1
168,34,1760,534,268,196,1,-1,-1,-1
168,35,2042,498,141,160,1,-1,-1,-1
168,38,852,677,120,120,1,-1,-1,-1
168,44,1571,265,148,164,1,-1,-1,-1
168,45,1432,379,107,221,1,-1,-1,-1
168,46,1039,529,176,192,1,-1,-1,-1
168,47,1717,453,348,280,1,-1,-1,-1
169,22,440,752,192,184,1,-1,-1,-1
169,23,675,677,200,172,1,-1,-1,-1
169,29,696,656,164,196,1,-1,-1,-1
169,30,1496,568,212,188,1,-1,-1,-1
169,31,1220,628,184,176,1,-1,-1,-1
169,32,443,794,130,152,1,-1,-1,-1
169,33,1404,132,128,204,1,-1,-1,-1
169,34,1776,508,280,224,1,-1,-1,-1
169,35,2042,498,141,160,1,-1,-1,-1
169,38,852,677,120,120,1,-1,-1,-1
169,44,1571,265,148,164,1,-1,-1,-1
169,45,1432,379,107,221,1,-1,-1,-1
169,46,1039,529,176,192,1,-1,-1,-1
169,47,1717,453,348,280,1,-1,-1,-1
169,48,1284,320,144,240,1,-1,-1,-1
169,49,1096,496,152,200,1,-1,-1,-1
170,22,439,754,192,184,1,-1,-1,-1
170,23,675,679,200,172,1,-1,-1,-1
170,29,694,657,164,196,1,-1,-1,-1
170,30,1495,570,212,188,1,-1,-1,-1
170,31,1220,630,184,176,1,-1,-1,-1
170,32,442,792,130,152,1,-1,-1,-1
170,33,1402,135,128,204,1,-1,-1,-1
170,34,1783,515,267,213,1,-1,-1,-1
170,35,2044,495,141,160,1,-1,-1,-1
170,38,848,678,120,120,1,-1,-1,-1
170,44,1563,273,141,156,1,-1,-1,-1
170,45,1427,379,107,221,1,-1,-1,-1
170,46,1033,531,176,192,1,-1,-1,-1
170,47,1707,452,348,280,1,-1,-1,-1
170,48,1287,325,137,229,1,-1,-1,-1
170,49,1097,503,145,190,1,-1,-1,-1
171,22,438,755,192,184,1,-1,-1,-1
171,23,676,678,200,172,1,-1,-1,-1
171,29,694,658,164,196,1,-1,-1,-1
171,30,1494,571,212,188,1,-1,-1,-1
171,31,1222,632,184,176,1,-1,-1,-1
171,32,442,789,130,152,1,-1,-1,-1
171,33,1400,135,128,204,1,-1,-1,-1
171,34,1782,515,267,213,1,-1,-1,-1
171,35,2046,493,141,160,1,-1,-1,-1
171,38,846,677,120,120,1,-1,-1,-1
171,44,1562,272,141,156,1,-1,-1,-1
171,45,1420,382,107,221,1,-1,-1,-1
171,46,1022,526,185,202,1,-1,-1,-1
171,47,1700,460,331,267,1,-1,-1,-1
171,48,1286,329,137,229,1,-1,-1,-1
171,49,1096,504,145,190,1,-1,-1,-1
172,22,440,752,192,184,1,-1,-1,-1
172,23,680,676,200,172,1,-1,-1,-1
172,29,694,659,164,196,1,-1,-1,-1
172,30,1494,572,212,188,1,-1,-1,-1
172,31,1223,632,184,176,1,-1,-1,-1
172,32,443,788,130,152,1,-1,-1,-1
172,33,1398,136,128,204,1,-1,-1,-1
172,34,1774,511,280,224,1,-1,-1,-1
172,35,2047,492,141,160,1,-1,-1,-1
172,38,845,677,120,120,1,-1,-1,-1
172,44,1559,271,141,156,1,-1,-1,-1
172,45,1420,384,107,221,1,-1,-1,-1
172,46,1021,525,185,202,1,-1,-1,-1
172,47,1691,454,348,280,1,-1,-1,-1
172,48,1285,329,137,229,1,-1,-1,-1
172,49,1095,504,145,190,1,-1,-1,-1
173,22,440,751,192,184,1,-1,-1,-1
173,23,682,681,190,164,1,-1,-1,-1
173,29,694,660,164,196,1,-1,-1,-1
173,30,1492,570,212,188,1,-1,-1,-1
173,31,1224,631,184,176,1,-1,-1,-1
173,32,442,784,130,152,1,-1,-1,-1
173,33,1391,137,128,204,1,-1,-1,-1
173,34,1774,512,280,224,1,-1,-1,-1
173,35,2050,488,141,160,1,-1,-1,-1
173,38,843,677,120,120,1,-1,-1,-1
173,44,1555,268,141,156,1,-1,-1,-1
173,45,1417,384,107,221,1,-1,-1,-1
173,46,1019,530,176,192,1,-1,-1,-1
173,47,1691,457,348,280,1,-1,-1,-1
173,48,1287,336,131,218,1,-1,-1,-1
173,49,1092,504,145,190,1,-1,-1,-1
174,22,443,754,183,175,1,-1,-1,-1
174,23,681,682,190,164,1,-1,-1,-1
174,29,698,667,156,187,1,-1,-1,-1
174,30,1491,571,212,188,1,-1,-1,-1
174,31,1222,633,184,176,1,-1,-1,-1
174,32,442,783,130,152,1,-1,-1,-1
174,33,1387,139,128,204,1,-1,-1,-1
174,34,1770,510,280,224,1,-1,-1,-1
174,35,2050,491,141,160,1,-1,-1,-1
174,38,840,676,120,120,1,-1,-1,-1
174,44,1556,271,134,149,1,-1,-1,-1
174,45,1413,384,107,221,1,-1,-1,-1
174,46,1017,532,168,183,1,-1,-1,-1
174,47,1693,460,348,280,1,-1,-1,-1
174,48,1284,337,131,218,1,-1,-1,-1
174,49,1092,503,145,190,1,-1,-1,-1
175,22,442,752,183,175,1,-1,-1,-1
175,23,679,684,190,164,1,-1,-1,-1
175,29,697,666,156,187,1,-1,-1,-1
175,30,1484,565,223,197,1,-1,-1,-1
175,31,1222,633,184,176,1,-1,-1,-1
175,32,440,777,136,160,1,-1,-1,-1
175,33,1384,138,128,204,1,-1,-1,-1
175,34,1770,509,280,224,1,-1,-1,-1
175,35,2047,491,141,160,1,-1,-1,-1
175,38,837,675,120,120,1,-1,-1,-1
175,44,1551,271,134,149,1,-1,-1,-1
175,45,1410,381,107,221,1,-1,-1,-1
175,46,1011,531,168,183,1,-1,-1,-1
175,47,1685,450,365,294,1,-1,-1,-1
175,48,1283,337,131,218,1,-1,-1,-1
175,49,1089,501,145,190,1,-1,-1,-1
176,22,441,750,183,175,1,-1,-1,-1
176,23,677,686,190,164,1,-1,-1,-1
176,29,694,666,156,187,1,-1,-1,-1
176,30,1489,570,212,188,1,-1,-1,-1
176,31,1222,633,184,176,1,-1,-1,-1
176,32,441,776,136,160,1,-1,-1,-1
176,33,1385,143,122,194,1,-1,-1,-1
176,34,1770,507,280,224,1,-1,-1,-1
176,35,2047,491,141,160,1,-1,-1,-1
176,38,837,675,120,120,1,-1,-1,-1
176,44,1545,270,134,149,1,-1,-1,-1
176,45,1405,378,112,232,1,-1,-1,-1
176,46,1009,531,168,183,1,-1,-1,-1
176,47,1684,457,348,280,1,-1,-1,-1
176,48,1280,334,131,218,1,-1,-1,-1
176,49,1084,496,152,200,1,-1,-1,-1
177,22,428,748,188,184,1,-1,-1,-1
177,23,677,686,190,164,1,-1,-1,-1
177,29,692,676,168,168,1,-1,-1,-1
177,30,1492,588,212,168,1,-1,-1,-1
177,31,1216,632,204,176,1,-1,-1,-1
177,32,441,776,136,160,1,-1,-1,-1
177,33,1385,143,122,194,1,-1,-1,-1
177,34,1772,504,276,228,1,-1,-1,-1
177,35,2047,491,141,160,1,-1,-1,-1
177,38,840,716,120,80,1,-1,-1,-1
177,44,1545,270,134,149,1,-1,-1,-1
177,45,1408,392,104,212,1,-1,-1,-1
177,46,1009,531,168,183,1,-1,-1,-1
177,47,1684,457,348,280,1,-1,-1,-1
177,48,1324,324,92,244,1,-1,-1,-1
177,49,1092,492,156,200,1,-1,-1,-1
178,22,427,748,188,184,1,-1,-1,-1
178,23,668,685,190,164,1,-1,-1,-1
178,29,688,677,168,168,1,-1,-1,-1
178,30,1488,588,212,168,1,-1,-1,-1
178,31,1216,633,204,176,1,-1,-1,-1
178,32,443,778,136,160,1,-1,-1,-1
178,33,1377,142,122,194,1,-1,-1,-1
178,34,1776,511,263,217,1,-1,-1,-1
178,35,2045,491,141,160,1,-1,-1,-1
178,38,838,718,120,80,1,-1,-1,-1
178,44,1535,266,134,149,1,-1,-1,-1
178,45,1406,394,104,212,1,-1,-1,-1
178,46,1002,534,168,183,1,-1,-1,-1
178,47,1667,449,365,294,1,-1,-1,-1
178,48,1323,325,92,244,1,-1,-1,-1
178,49,1089,494,156,200,1,-1,-1,-1
179,22,427,748,188,184,1,-1,-1,-1
179,23,665,685,190,164,1,-1,-1,-1
179,29,686,677,168,168,1,-1,-1,-1
179,30,1487,589,212,168,1,-1,-1,-1
179,31,1215,634,204,176,1,-1,-1,-1
179,32,444,776,136,160,1,-1,-1,-1
179,33,1372,140,122,194,1,-1,-1,-1
179,34,1778,510,263,217,1,-1,-1,-1
179,35,2046,489,141,160,1,-1,-1,-1
179,38,837,719,120,80,1,-1,-1,-1
179,44,1532,266,134,149,1,-1,-1,-1
179,45,1403,394,104,212,1,-1,-1,-1
179,46,998,535,168,183,1,-1,-1,-1
179,47,1663,453,365,294,1,-1,-1,-1
179,48,1322,322,92,244,1,-1,-1,-1
179,49,1089,494,156,200,1,-1,-1,-1
180,22,426,746,188,184,1,-1,-1,-1
180,23,662,685,190,164,1,-1,-1,-1
180,29,684,675,168,168,1,-1,-1,-1
180,30,1488,587,212,168,1,-1,-1,-1
180,31,1215,633,204,176,1,-1,-1,-1
180,32,443,778,136,160,1,-1,-1,-1
180,33,1368,137,128,204,1,-1,-1,-1
180,34,1770,503,276,228,1,-1,-1,-1
180,35,2044,485,141,160,1,-1,-1,-1
180,38,837,719,120,80,1,-1,-1,-1
180,44,1532,263,128,142,1,-1,-1,-1
180,45,1401,394,104,212,1,-1,-1,-1
180,46,994,541,160,174,1,-1,-1,-1
180,47,1672,453,365,294,1,-1,-1,-1
180,48,1321,320,92,244,1,-1,-1,-1
180,49,1087,493,156,200,1,-1,-1,-1
181,22,424,750,188,184,1,-1,-1,-1
181,23,659,686,190,164,1,-1,-1,-1
181,29,681,676,168,168,1,-1,-1,-1
181,30,1488,587,212,168,1,-1,-1,-1
181,31,1214,633,204,176,1,-1,-1,-1
181,32,443,778,136,160,1,-1,-1,-1
181,33,1365,136,128,204,1,-1,-1,-1
181,34,1774,509,263,217,1,-1,-1,-1
181,35,2043,484,141,160,1,-1,-1,-1
181,38,837,720,120,80,1,-1,-1,-1
181,44,1528,266,122,135,1,-1,-1,-1
181,45,1398,392,104,212,1,-1,-1,-1
181,46,994,547,152,166,1,-1,-1,-1
181,47,1677,450,365,294,1,-1,-1,-1
181,48,1320,320,92,244,1,-1,-1,-1
181,49,1085,493,156,200,1,-1,-1,-1
182,22,424,751,188,184,1,-1,-1,-1
182,23,653,688,190,164,1,-1,-1,-1
182,29,677,678,168,168,1,-1,-1,-1
182,30,1486,590,212,168,1,-1,-1,-1
182,31,1212,633,204,176,1,-1,-1,-1
182,32,442,779,136,160,1,-1,-1,-1
182,33,1360,136,128,204,1,-1,-1,-1
182,34,1769,509,263,217,1,-1,-1,-1
182,35,2039,485,141,160,1,-1,-1,-1
182,38,836,721,120,80,1,-1,-1,-1
182,44,1526,269,116,128,1,-1,-1,-1
182,45,1395,392,104,212,1,-1,-1,-1
182,46,987,548,160,174,1,-1,-1,-1
182,47,1673,438,384,309,1,-1,-1,-1
182,48,1318,320,92,244,1,-1,-1,-1
182,49,1082,490,156,200,1,-1,-1,-1
183,22,423,749,188,184,1,-1,-1,-1
183,23,651,688,190,164,1,-1,-1,-1
183,29,669,673,176,176,1,-1,-1,-1
183,30,1487,588,212,168,1,-1,-1,-1
183,31,1216,635,194,168,1,-1,-1,-1
183,32,441,778,136,160,1,-1,-1,-1
183,33,1355,138,128,204,1,-1,-1,-1
183,34,1770,511,263,217,1,-1,-1,-1
183,35,2040,483,141,160,1,-1,-1,-1
183,38,836,720,120,80,1,-1,-1,-1
183,44,1521,268,116,128,1,-1,-1,-1
183,45,1390,392,104,212,1,-1,-1,-1
183,46,976,545,160,174,1,-1,-1,-1
183,48,1317,319,92,244,1,-1,-1,-1
183,49,1085,496,149,190,1,-1,-1,-1
184,22,428,754,179,175,1,-1,-1,-1
184,23,649,686,190,164,1,-1,-1,-1
184,29,667,671,176,176,1,-1,-1,-1
184,30,1486,588,212,168,1,-1,-1,-1
184,31,1216,632,194,168,1,-1,-1,-1
184,32,442,778,136,160,1,-1,-1,-1
184,33,1352,134,128,204,1,-1,-1,-1
184,34,1768,509,263,217,1,-1,-1,-1
184,35,2038,478,141,160,1,-1,-1,-1
184,38,837,719,120,80,1,-1,-1,-1
184,44,1521,270,110,122,1,-1,-1,-1
184,45,1385,388,109,223,1,-1,-1,-1
184,46,970,544,160,174,1,-1,-1,-1
184,48,1315,320,92,244,1,-1,-1,-1
184,49,1083,494,149,190,1,-1,-1,-1
185,22,448,752,148,180,1,-1,-1,-1
185,23,649,686,190,164,1,-1,-1,-1
185,29,668,676,148,176,1,-1,-1,-1
185,30,1488,592,228,160,1,-1,-1,-1
185,31,1216,636,204,172,1,-1,-1,-1
185,32,442,778,136,160,1,-1,-1,-1
185,33,1348,140,124,200,1,-1,-1,-1
185,34,1768,516,260,220,1,-1,-1,-1
185,35,2038,478,141,160,1,-1,-1,-1
185,38,837,719,120,80,1,-1,-1,-1
185,44,1521,270,110,122,1,-1,-1,-1
185,45,1396,400,88,200,1,-1,-1,-1
185,46,970,544,160,174,1,-1,-1,-1
185,48,1320,312,84,260,1,-1,-1,-1
185,49,1076,472,136,188,1,-1,-1,-1
185,50,1512,280,100,216,1,-1,-1,-1
185,51,1472,488,136,156,1,-1,-1,-1
186,22,448,751,148,180,1,-1,-1,-1
186,23,643,686,190,164,1,-1,-1,-1
186,29,665,677,148,176,1,-1,-1,-1
186,30,1485,593,228,160,1,-1,-1,-1
186,31,1215,635,204,172,1,-1,-1,-1
186,32,445,783,130,152,1,-1,-1,-1
186,33,1344,139,124,200,1,-1,-1,-1
186,34,1768,516,260,220,1,-1,-1,-1
186,35,2043,469,141,160,1,-1,-1,-1
186,38,835,717,120,80,1,-1,-1,-1
186,44,1511,276,110,122,1,-1,-1,-1
186,45,1394,402,88,200,1,-1,-1,-1
186,46,951,541,160,174,1,-1,-1,-1
186,48,1319,312,84,260,1,-1,-1,-1
186,49,1074,471,136,188,1,-1,-1,-1
186,50,1509,279,100,216,1,-1,-1,-1
186,51,1469,488,136,156,1,-1,-1,-1
187,22,447,751,148,180,1,-1,-1,-1
187,23,641,685,190,164,1,-1,-1,-1
187,29,662,676,148,176,1,-1,-1,-1
187,30,1483,594,228,160,1,-1,-1,-1
187,31,1215,635,204,172,1,-1,-1,-1
187,32,445,782,130,152,1,-1,-1,-1
187,33,1341,139,124,200,1,-1,-1,-1
187,34,1767,514,260,220,1,-1,-1,-1
187,35,2040,463,141,160,1,-1,-1,-1
187,38,833,716,120,80,1,-1,-1,-1
187,44,1505,272,110,122,1,-1,-1,-1
187,45,1391,402,88,200,1,-1,-1,-1
187,46,945,543,152,166,1,-1,-1,-1
187,48,1319,309,84,260,1,-1,-1,-1
187,49,1072,473,136,188,1,-1,-1,-1
187,50,1504,274,105,227,1,-1,-1,-1
187,51,1466,489,136,156,1,-1,-1,-1
188,22,449,751,148,180,1,-1,-1,-1
188,23,639,687,190,164,1,-1,-1,-1
188,29,659,675,148,176,1,-1,-1,-1
188,30,1480,593,228,160,1,-1,-1,-1
188,31,1213,635,204,172,1,-1,-1,-1
188,32,446,783,130,152,1,-1,-1,-1
188,33,1336,139,124,200,1,-1,-1,-1
188,34,1765,512,260,220,1,-1,-1,-1
188,35,2038,461,141,160,1,-1,-1,-1
188,38,833,717,114,76,1,-1,-1,-1
188,44,1502,272,110,122,1,-1,-1,-1
188,45,1387,403,88,200,1,-1,-1,-1
188,46,937,544,152,166,1,-1,-1,-1
188,48,1316,307,84,260,1,-1,-1,-1
188,49,1069,473,136,188,1,-1,-1,-1
188,50,1502,279,100,216,1,-1,-1,-1
188,51,1466,492,130,149,1,-1,-1,-1
189,22,450,753,148,180,1,-1,-1,-1
189,23,640,690,181,156,1,-1,-1,-1
189,29,657,675,148,176,1,-1,-1,-1
189,30,1480,593,228,160,1,-1,-1,-1
189,31,1212,634,204,172,1,-1,-1,-1
189,32,450,784,130,152,1,-1,-1,-1
189,33,1331,142,124,200,1,-1,-1,-1
189,34,1764,515,260,220,1,-1,-1,-1
189,35,2037,463,141,160,1,-1,-1,-1
189,38,830,717,114,76,1,-1,-1,-1
189,44,1498,273,110,122,1,-1,-1,-1
189,45,1383,403,88,200,1,-1,-1,-1
189,46,933,546,152,166,1,-1,-1,-1
189,48,1315,307,84,260,1,-1,-1,-1
189,49,1066,474,136,188,1,-1,-1,-1
189,50,1498,280,100,216,1,-1,-1,-1
189,51,1464,493,130,149,1,-1,-1,-1
190,22,456,757,141,171,1,-1,-1,-1
190,23,637,689,181,156,1,-1,-1,-1
190,29,655,675,148,176,1,-1,-1,-1
190,30,1484,597,217,152,1,-1,-1,-1
190,31,1211,633,204,172,1,-1,-1,-1
190,32,452,786,130,152,1,-1,-1,-1
190,33,1326,139,130,210,1,-1,-1,-1
190,34,1761,520,260,220,1,-1,-1,-1
190,35,2036,462,141,160,1,-1,-1,-1
190,38,828,717,114,76,1,-1,-1,-1
190,44,1492,272,110,122,1,-1,-1,-1
190,45,1381,404,88,200,1,-1,-1,-1
190,48,1316,318,80,248,1,-1,-1,-1
190,49,1065,476,136,188,1,-1,-1,-1
190,50,1495,282,100,216,1,-1,-1,-1
190,51,1461,493,130,149,1,-1,-1,-1
191,22,456,760,141,171,1,-1,-1,-1
191,23,635,688,181,156,1,-1,-1,-1
191,29,650,673,155,185,1,-1,-1,-1
191,30,1483,597,217,152,1,-1,-1,-1
191,31,1209,633,204,172,1,-1,-1,-1
191,32,456,788,130,152,1,-1,-1,-1
191,33,1324,140,130,210,1,-1,-1,-1
191,34,1761,519,260,220,1,-1,-1,-1
191,35,2038,466,134,152,1,-1,-1,-1
191,38,826,717,114,76,1,-1,-1,-1
191,44,1481,271,116,128,1,-1,-1,-1
191,45,1378,406,88,200,1,-1,-1,-1
191,48,1312,317,80,248,1,-1,-1,-1
191,49,1063,477,136,188,1,-1,-1,-1
191,50,1491,281,100,216,1,-1,-1,-1
191,51,1459,494,130,149,1,-1,-1,-1
192,22,461,764,134,163,1,-1,-1,-1
192,23,640,691,173,149,1,-1,-1,-1
192,29,648,672,155,185,1,-1,-1,-1
192,30,1478,596,228,160,1,-1,-1,-1
192,31,1211,636,204,172,1,-1,-1,-1
192,32,455,790,130,152,1,-1,-1,-1
192,33,1320,139,130,210,1,-1,-1,-1
192,34,1759,522,260,220,1,-1,-1,-1
192,35,2042,468,134,152,1,-1,-1,-1
192,38,825,718,114,76,1,-1,-1,-1
192,44,1470,267,122,135,1,-1,-1,-1
192,45,1375,406,88,200,1,-1,-1,-1
192,48,1309,309,84,260,1,-1,-1,-1
192,49,1063,480,136,188,1,-1,-1,-1
192,50,1490,286,95,206,1,-1,-1,-1
192,51,1458,493,130,149,1,-1,-1,-1
193,22,444,768,152,176,1,-1,-1,-1
193,23,640,691,173,149,1,-1,-1,-1
193,29,648,680,140,176,1,-1,-1,-1
193,30,1488,572,228,184,1,-1,-1,-1
193,31,1212,612,192,196,1,-1,-1,-1
193,32,455,790,130,152,1,-1,-1,-1
193,33,1324,156,96,200,1,-1,-1,-1
193,34,1772,504,256,236,1,-1,-1,-1
193,35,2042,468,134,152,1,-1,-1,-1
193,38,825,718,114,76,1,-1,-1,-1
193,44,1470,267,122,135,1,-1,-1,-1
193,45,1375,406,88,200,1,-1,-1,-1
193,48,1300,312,100,276,1,-1,-1,-1
193,49,1060,484,136,192,1,-1,-1,-1
193,50,1472,268,112,228,1,-1,-1,-1
193,51,1476,480,92,224,1,-1,-1,-1
193,52,1216,408,96,180,1,-1,-1,-1
193,53,796,576,120,228,1,-1,-1,-1
194,22,444,769,152,176,1,-1,-1,-1
194,23,631,694,173,149,1,-1,-1,-1
194,29,646,681,140,176,1,-1,-1,-1
194,30,1489,574,228,184,1,-1,-1,-1
194,31,1210,613,192,196,1,-1,-1,-1
194,32,454,792,130,152,1,-1,-1,-1
194,33,1322,157,96,200,1,-1,-1,-1
194,34,1772,504,256,236,1,-1,-1,-1
194,35,2041,470,134,152,1,-1,-1,-1
194,38,819,718,120,80,1,-1,-1,-1
194,44,1457,273,116,128,1,-1,-1,-1
194,45,1364,411,88,200,1,-1,-1,-1
194,48,1303,317,95,263,1,-1,-1,-1
194,49,1059,485,136,192,1,-1,-1,-1
194,50,1468,269,112,228,1,-1,-1,-1
194,51,1475,480,92,224,1,-1,-1,-1
194,52,1215,407,96,180,1,-1,-1,-1
194,53,794,577,120,228,1,-1,-1,-1
195,22,443,771,152,176,1,-1,-1,-1
195,23,627,695,173,149,1,-1,-1,-1
195,29,644,683,140,176,1,-1,-1,-1
195,30,1487,575,228,184,1,-1,-1,-1
195,31,1208,615,192,196,1,-1,-1,-1
195,32,453,794,130,152,1,-1,-1,-1
195,33,1317,159,96,200,1,-1,-1,-1
195,34,1777,513,244,225,1,-1,-1,-1
195,35,2038,472,134,152,1,-1,-1,-1
195,38,814,721,120,80,1,-1,-1,-1
195,44,1451,277,116,128,1,-1,-1,-1
195,45,1360,412,88,200,1,-1,-1,-1
195,48,1302,314,95,263,1,-1,-1,-1
195,49,1056,487,136,192,1,-1,-1,-1
195,50,1465,269,112,228,1,-1,-1,-1
195,51,1473,481,92,224,1,-1,-1,-1
195,52,1213,412,96,180,1,-1,-1,-1
195,53,791,577,120,228,1,-1,-1,-1
196,22,442,773,152,176,1,-1,-1,-1
196,23,624,700,173,149,1,-1,-1,-1
196,29,640,686,140,176,1,-1,-1,-1
196,30,1485,578,228,184,1,-1,-1,-1
196,31,1208,617,192,196,1,-1,-1,-1
196,32,453,796,130,152,1,-1,-1,-1
196,33,1313,160,96,200,1,-1,-1,-1
196,34,1774,516,244,225,1,-1,-1,-1
196,35,2040,473,134,152,1,-1,-1,-1
196,38,811,724,120,80,1,-1,-1,-1
196,44,1442,279,116,128,1,-1,-1,-1
196,45,1359,413,88,200,1,-1,-1,-1
196,48,1298,312,100,276,1,-1,-1,-1
196,49,1054,487,136,192,1,-1,-1,-1
196,50,1461,268,112,228,1,-1,-1,-1
196,51,1470,483,92,224,1,-1,-1,-1
196,52,1211,413,96,180,1,-1,-1,-1
196,53,789,577,120,228,1,-1,-1,-1
197,22,442,776,152,176,1,-1,-1,-1
197,23,620,705,173,149,1,-1,-1,-1
197,29,637,692,140,176,1,-1,-1,-1
197,30,1485,582,228,184,1,-1,-1,-1
197,31,1207,622,192,196,1,-1,-1,-1
197,32,455,802,123,145,1,-1,-1,-1
197,33,1309,163,96,200,1,-1,-1,-1
197,34,1772,517,244,225,1,-1,-1,-1
197,35,2040,482,128,145,1,-1,-1,-1
197,38,809,730,114,76,1,-1,-1,-1
197,44,1434,284,116,128,1,-1,-1,-1
197,45,1353,416,88,200,1,-1,-1,-1
197,48,1295,313,100,276,1,-1,-1,-1
197,49,1051,490,136,192,1,-1,-1,-1
197,50,1454,271,112,228,1,-1,-1,-1
197,51,1467,485,92,224,1,-1,-1,-1
197,52,1205,411,101,189,1,-1,-1,-1
197,53,785,581,120,228,1,-1,-1,-1
198,22,442,782,152,176,1,-1,-1,-1
198,23,619,713,173,149,1,-1,-1,-1
198,29,638,701,133,168,1,-1,-1,-1
198,30,1482,587,228,184,1,-1,-1,-1
198,31,1206,626,192,196,1,-1,-1,-1
198,32,455,808,123,145,1,-1,-1,-1
198,33,1309,170,91,190,1,-1,-1,-1
198,34,1768,523,244,225,1,-1,-1,-1
198,35,2040,484,128,145,1,-1,-1,-1
198,38,804,734,120,80,1,-1,-1,-1
198,44,1431,291,110,122,1,-1,-1,-1
198,45,1348,423,88,200,1,-1,-1,-1
198,48,1288,310,105,290,1,-1,-1,-1
198,49,1047,494,136,192,1,-1,-1,-1
198,50,1450,269,118,239,1,-1,-1,-1
198,51,1462,482,97,235,1,-1,-1,-1
198,52,1202,416,101,189,1,-1,-1,-1
198,53,781,583,120,228,1,-1,-1,-1
199,22,442,790,152,176,1,-1,-1,-1
199,23,622,724,165,142,1,-1,-1,-1
199,29,636,709,133,168,1,-1,-1,-1
199,30,1480,593,228,184,1,-1,-1,-1
199,31,1206,631,192,196,1,-1,-1,-1
199,32,455,816,123,145,1,-1,-1,-1
199,33,1308,180,87,181,1,-1,-1,-1
199,34,1769,529,244,225,1,-1,-1,-1
199,35,2042,490,128,145,1,-1,-1,-1
199,38,800,741,120,80,1,-1,-1,-1
199,45,1345,428,88,200,1,-1,-1,-1
199,48,1285,328,100,276,1,-1,-1,-1
199,49,1047,501,136,192,1,-1,-1,-1
199,50,1450,282,112,228,1,-1,-1,-1
199,51,1461,493,92,224,1,-1,-1,-1
199,52,1199,424,101,189,1,-1,-1,-1
199,53,778,589,120,228,1,-1,-1,-1
200,22,444,796,152,176,1,-1,-1,-1
200,23,626,729,165,142,1,-1,-1,-1
200,29,639,716,133,168,1,-1,-1,-1
200,30,1478,598,228,184,1,-1,-1,-1
200,31,1207,638,192,196,1,-1,-1,-1
200,32,457,820,123,145,1,-1,-1,-1
200,33,1307,189,87,181,1,-1,-1,-1
200,34,1769,535,244,225,1,-1,-1,-1
200,35,2047,496,122,138,1,-1,-1,-1
200,38,799,747,120,80,1,-1,-1,-1
200,45,1341,434,88,200,1,-1,-1,-1
200,48,1286,336,95,263,1,-1,-1,-1
200,49,1046,505,136,192,1,-1,-1,-1
200,50,1444,279,118,239,1,-1,-1,-1
200,51,1462,505,88,213,1,-1,-1,-1
200,52,1198,431,101,189,1,-1,-1,-1
200,53,776,594,120,228,1,-1,-1,-1
201,22,444,800,160,168,1,-1,-1,-1
201,23,626,729,165,142,1,-1,-1,-1
201,29,639,716,133,168,1,-1,-1,-1
201,30,1480,604,236,192,1,-1,-1,-1
201,31,1208,648,188,196,1,-1,-1,-1
201,32,457,820,123,145,1,-1,-1,-1
201,33,1280,180,100,164,1,-1,-1,-1
201,34,1788,532,180,236,1,-1,-1,-1
201,35,2047,496,122,138,1,-1,-1,-1
201,38,799,747,120,80,1,-1,-1,-1
201,45,1341,434,88,200,1,-1,-1,-1
201,48,1286,336,95,263,1,-1,-1,-1
201,49,1044,504,140,212,1,-1,-1,-1
201,50,1444,279,118,239,1,-1,-1,-1
201,51,1440,492,112,268,1,-1,-1,-1
201,52,1198,431,101,189,1,-1,-1,-1
201,53,776,594,120,228,1,-1,-1,-1
202,22,444,803,160,168,1,-1,-1,-1
202,23,633,739,157,135,1,-1,-1,-1
202,29,641,721,133,168,1,-1,-1,-1
202,30,1479,608,236,192,1,-1,-1,-1
202,31,1206,652,188,196,1,-1,-1,-1
202,32,456,830,123,145,1,-1,-1,-1
202,33,1278,183,100,164,1,-1,-1,-1
202,34,1789,535,180,236,1,-1,-1,-1
202,35,2047,502,122,138,1,-1,-1,-1
202,38,791,756,120,80,1,-1,-1,-1
202,45,1340,453,88,200,1,-1,-1,-1
202,48,1286,341,95,263,1,-1,-1,-1
202,49,1044,509,140,212,1,-1,-1,-1
202,50,1442,292,112,228,1,-1,-1,-1
202,51,1442,500,107,255,1,-1,-1,-1
202,52,1190,432,106,198,1,-1,-1,-1
202,53,771,600,120,228,1,-1,-1,-1
203,22,446,809,160,168,1,-1,-1,-1
203,23,636,741,157,135,1,-1,-1,-1
203,29,642,723,133,168,1,-1,-1,-1
203,30,1480,611,236,192,1,-1,-1,-1
203,31,1208,657,188,196,1,-1,-1,-1
203,32,456,833,123,145,1,-1,-1,-1
203,33,1276,191,100,164,1,-1,-1,-1
203,34,1791,539,180,236,1,-1,-1,-1
203,35,2050,508,116,132,1,-1,-1,-1
203,38,789,760,120,80,1,-1,-1,-1
203,45,1335,454,88,200,1,-1,-1,-1
203,48,1283,343,95,263,1,-1,-1,-1
203,49,1044,513,140,212,1,-1,-1,-1
203,50,1437,293,112,228,1,-1,-1,-1
203,51,1437,499,112,268,1,-1,-1,-1
203,52,1189,434,106,198,1,-1,-1,-1
203,53,768,603,120,228,1,-1,-1,-1
204,22,447,814,160,168,1,-1,-1,-1
204,23,639,749,149,128,1,-1,-1,-1
204,29,645,725,133,168,1,-1,-1,-1
204,30,1480,616,236,192,1,-1,-1,-1
204,31,1208,660,188,196,1,-1,-1,-1
204,32,457,838,123,145,1,-1,-1,-1
204,33,1272,193,100,164,1,-1,-1,-1
204,34,1792,542,180,236,1,-1,-1,-1
204,35,2051,511,116,132,1,-1,-1,-1
204,38,787,764,120,80,1,-1,-1,-1
204,45,1333,455,88,200,1,-1,-1,-1
204,48,1286,365,91,250,1,-1,-1,-1
204,49,1044,518,140,212,1,-1,-1,-1
204,50,1437,305,112,228,1,-1,-1,-1
204,51,1436,505,112,268,1,-1,-1,-1
204,52,1185,436,106,198,1,-1,-1,-1
204,53,766,612,120,228,1,-1,-1,-1
205,22,448,817,160,168,1,-1,-1,-1
205,23,642,754,149,128,1,-1,-1,-1
205,29,645,729,133,168,1,-1,-1,-1
205,30,1481,620,236,192,1,-1,-1,-1
205,31,1207,664,188,196,1,-1,-1,-1
205,32,457,841,123,145,1,-1,-1,-1
205,33,1271,198,100,164,1,-1,-1,-1
205,34,1793,544,180,236,1,-1,-1,-1
205,35,2051,515,116,132,1,-1,-1,-1
205,38,784,767,120,80,1,-1,-1,-1
205,45,1331,458,88,200,1,-1,-1,-1
205,48,1281,358,95,263,1,-1,-1,-1
205,49,1047,526,133,202,1,-1,-1,-1
205,50,1432,298,118,239,1,-1,-1,-1
205,51,1434,507,112,268,1,-1,-1,-1
205,52,1182,436,106,198,1,-1,-1,-1
205,53,763,613,120,228,1,-1,-1,-1
206,22,448,822,160,168,1,-1,-1,-1
206,23,645,758,142,122,1,-1,-1,-1
206,29,645,730,133,168,1,-1,-1,-1
206,30,1480,625,236,192,1,-1,-1,-1
206,31,1204,670,188,196,1,-1,-1,-1
206,32,458,846,123,145,1,-1,-1,-1
206,33,1270,204,95,156,1,-1,-1,-1
206,34,1793,547,180,236,1,-1,-1,-1
206,35,2052,521,110,125,1,-1,-1,-1
206,38,781,772,120,80,1,-1,-1,-1
206,45,1328,460,88,200,1,-1,-1,-1
206,48,1277,363,95,263,1,-1,-1,-1
206,49,1046,531,133,202,1,-1,-1,-1
206,50,1431,306,112,228,1,-1,-1,-1
206,51,1432,511,112,268,1,-1,-1,-1
206,52,1179,440,106,198,1,-1,-1,-1
206,53,761,618,120,228,1,-1,-1,-1
207,22,449,826,160,168,1,-1,-1,-1
207,23,648,761,135,116,1,-1,-1,-1
207,29,644,731,133,168,1,-1,-1,-1
207,30,1480,625,236,192,1,-1,-1,-1
207,31,1206,673,188,196,1,-1,-1,-1
207,32,458,849,123,145,1,-1,-1,-1
207,33,1268,208,95,156,1,-1,-1,-1
207,34,1792,549,180,236,1,-1,-1,-1
207,35,2052,525,110,125,1,-1,-1,-1
207,38,777,776,120,80,1,-1,-1,-1
207,45,1322,457,92,210,1,-1,-1,-1
207,48,1277,369,95,263,1,-1,-1,-1
207,49,1046,535,133,202,1,-1,-1,-1
207,50,1430,318,107,217,1,-1,-1,-1
207,51,1431,513,112,268,1,-1,-1,-1
207,52,1175,443,106,198,1,-1,-1,-1
207,53,758,631,120,228,1,-1,-1,-1
208,22,451,829,160,168,1,-1,-1,-1
208,23,646,762,135,116,1,-1,-1,-1
208,29,642,734,133,168,1,-1,-1,-1
208,30,1481,628,236,192,1,-1,-1,-1
208,31,1204,674,188,196,1,-1,-1,-1
208,32,461,851,123,145,1,-1,-1,-1
208,33,1267,212,95,156,1,-1,-1,-1
208,34,1791,550,180,236,1,-1,-1,-1
208,35,2052,526,110,125,1,-1,-1,-1
208,38,775,778,120,80,1,-1,-1,-1
208,45,1319,459,92,210,1,-1,-1,-1
208,49,1046,536,133,202,1,-1,-1,-1
208,50,1423,311,112,228,1,-1,-1,-1
208,51,1433,522,107,255,1,-1,-1,-1
208,52,1174,448,106,198,1,-1,-1,-1
208,53,756,627,120,228,1,-1,-1,-1
209,22,464,844,160,152,1,-1,-1,-1
209,23,646,762,135,116,1,-1,-1,-1
209,29,642,734,133,168,1,-1,-1,-1
209,30,1476,632,244,188,1,-1,-1,-1
209,31,1208,724,200,148,1,-1,-1,-1
209,32,461,851,123,145,1,-1,-1,-1
209,33,1272,216,92,200,1,-1,-1,-1
209,34,1796,536,148,256,1,-1,-1,-1
209,35,2052,526,110,125,1,-1,-1,-1
209,38,775,778,120,80,1,-1,-1,-1
209,45,1319,459,92,210,1,-1,-1,-1
209,49,1056,536,152,200,1,-1,-1,-1
209,50,1423,311,112,228,1,-1,-1,-1
209,51,1420,484,124,268,1,-1,-1,-1
209,52,1174,448,106,198,1,-1,-1,-1
209,53,756,627,120,228,1,-1,-1,-1
209,54,2036,464,104,284,1,-1,-1,-1
209,55,1932,472,108,272,1,-1,-1,-1
209,56,2072,280,104,240,1,-1,-1,-1
209,57,904,580,148,184,1,-1,-1,-1
210,22,468,848,160,152,1,-1,-1,-1
210,23,646,764,135,116,1,-1,-1,-1
210,29,647,740,133,168,1,-1,-1,-1
210,30,1477,635,244,188,1,-1,-1,-1
210,31,1208,729,200,148,1,-1,-1,-1
210,32,466,861,123,145,1,-1,-1,-1
210,33,1272,219,92,200,1,-1,-1,-1
210,34,1798,541,148,256,1,-1,-1,-1
210,35,2055,536,105,119,1,-1,-1,-1
210,38,773,785,120,80,1,-1,-1,-1
210,45,1321,471,88,200,1,-1,-1,-1
210,49,1054,533,160,210,1,-1,-1,-1
210,50,1427,317,112,228,1,-1,-1,-1
210,51,1421,486,124,268,1,-1,-1,-1
210,52,1173,454,106,198,1,-1,-1,-1
210,53,754,636,120,228,1,-1,-1,-1
210,54,2036,463,104,284,1,-1,-1,-1
210,55,1935,479,103,259,1,-1,-1,-1
210,56,2072,282,104,240,1,-1,-1,-1
210,57,905,583,148,184,1,-1,-1,-1
211,22,473,851,160,152,1,-1,-1,-1
211,23,654,769,135,116,1,-1,-1,-1
211,29,654,745,127,160,1,-1,-1,-1
211,30,1481,640,244,188,1,-1,-1,-1
211,31,1212,730,200,148,1,-1,-1,-1
211,32,472,863,123,145,1,-1,-1,-1
211,33,1276,225,88,190,1,-1,-1,-1
211,34,1802,542,148,256,1,-1,-1,-1
211,35,2061,537,105,119,1,-1,-1,-1
211,38,773,787,120,80,1,-1,-1,-1
211,49,1062,541,152,200,1,-1,-1,-1
211,50,1427,318,112,228,1,-1,-1,-1
211,51,1420,482,130,281,1,-1,-1,-1
211,52,1175,457,106,198,1,-1,-1,-1
211,53,754,642,120,228,1,-1,-1,-1
211,54,2041,475,99,270,1,-1,-1,-1
211,55,1938,482,103,259,1,-1,-1,-1
211,56,2073,282,104,240,1,-1,-1,-1
211,57,912,588,141,175,1,-1,-1,-1
212,22,484,853,160,152,1,-1,-1,-1
212,23,661,768,135,116,1,-1,-1,-1
212,29,664,747,127,160,1,-1,-1,-1
212,30,1490,642,244,188,1,-1,-1,-1
212,31,1220,731,200,148,1,-1,-1,-1
212,32,483,865,123,145,1,-1,-1,-1
212,33,1280,227,88,190,1,-1,-1,-1
212,34,1808,546,148,256,1,-1,-1,-1
212,35,2069,534,105,119,1,-1,-1,-1
212,38,780,788,120,80,1,-1,-1,-1
212,49,1070,541,152,200,1,-1,-1,-1
212,50,1430,321,112,228,1,-1,-1,-1
212,51,1427,495,124,268,1,-1,-1,-1
212,52,1180,462,106,198,1,-1,-1,-1
212,53,762,644,120,228,1,-1,-1,-1
212,54,2043,468,104,284,1,-1,-1,-1
212,55,1941,476,108,272,1,-1,-1,-1
212,56,2078,284,104,240,1,-1,-1,-1
212,57,921,592,141,175,1,-1,-1,-1
213,22,497,853,160,152,1,-1,-1,-1
213,23,674,772,135,116,1,-1,-1,-1
213,29,676,751,127,160,1,-1,-1,-1
213,30,1503,643,244,188,1,-1,-1,-1
213,31,1230,733,200,148,1,-1,-1,-1
213,32,496,865,123,145,1,-1,-1,-1
213,33,1292,229,88,190,1,-1,-1,-1
213,34,1821,549,148,256,1,-1,-1,-1
213,35,2081,535,105,119,1,-1,-1,-1
213,38,788,789,120,80,1,-1,-1,-1
213,49,1085,542,152,200,1,-1,-1,-1
213,51,1438,502,118,255,1,-1,-1,-1
213,52,1185,464,106,198,1,-1,-1,-1
213,53,771,654,114,217,1,-1,-1,-1
213,54,2053,470,104,284,1,-1,-1,-1
213,55,1958,477,108,272,1,-1,-1,-1
213,56,2090,290,99,229,1,-1,-1,-1
213,57,934,592,141,175,1,-1,-1,-1
214,22,514,858,152,145,1,-1,-1,-1
214,23,687,777,135,116,1,-1,-1,-1
214,29,689,753,127,160,1,-1,-1,-1
214,30,1513,645,244,188,1,-1,-1,-1
214,31,1238,735,200,148,1,-1,-1,-1
214,32,509,866,123,145,1,-1,-1,-1
214,33,1305,229,88,190,1,-1,-1,-1
214,34,1833,552,148,256,1,-1,-1,-1
214,35,2098,537,100,114,1,-1,-1,-1
214,38,796,793,120,80,1,-1,-1,-1
214,49,1098,545,152,200,1,-1,-1,-1
214,51,1451,510,118,255,1,-1,-1,-1
214,52,1198,465,106,198,1,-1,-1,-1
214,53,785,656,114,217,1,-1,-1,-1
214,54,2061,475,104,284,1,-1,-1,-1
214,55,1960,470,113,286,1,-1,-1,-1
214,56,2103,293,99,229,1,-1,-1,-1
214,57,945,590,148,184,1,-1,-1,-1
215,22,527,860,152,145,1,-1,-1,-1
215,23,701,780,135,116,1,-1,-1,-1
215,29,702,756,127,160,1,-1,-1,-1
215,30,1532,650,232,179,1,-1,-1,-1
215,31,1251,734,210,155,1,-1,-1,-1
215,32,522,868,123,145,1,-1,-1,-1
215,33,1315,233,88,190,1,-1,-1,-1
215,34,1848,552,148,256,1,-1,-1,-1
215,35,2114,537,100,114,1,-1,-1,-1
215,38,807,796,120,80,1,-1,-1,-1
215,49,1110,546,152,200,1,-1,-1,-1
215,51,1461,515,112,243,1,-1,-1,-1
215,52,1209,456,111,208,1,-1,-1,-1
215,53,790,648,120,228,1,-1,-1,-1
215,54,2072,474,104,284,1,-1,-1,-1
215,55,1975,476,113,286,1,-1,-1,-1
215,56,2113,295,94,218,1,-1,-1,-1
215,57,952,594,148,184,1,-1,-1,-1
216,22,546,860,152,145,1,-1,-1,-1
216,23,721,782,135,116,1,-1,-1,-1
216,29,721,759,127,160,1,-1,-1,-1
216,30,1554,652,232,179,1,-1,-1,-1
216,31,1269,734,210,155,1,-1,-1,-1
216,32,541,867,123,145,1,-1,-1,-1
216,33,1330,233,88,190,1,-1,-1,-1
216,34,1865,553,148,256,1,-1,-1,-1
216,35,2136,542,95,108,1,-1,-1,-1
216,38,822,798,120,80,1,-1,-1,-1
216,49,1134,552,145,190,1,-1,-1,-1
216,51,1477,512,112,243,1,-1,-1,-1
216,52,1230,458,111,208,1,-1,-1,-1
216,53,805,652,120,228,1,-1,-1,-1
216,54,2094,473,104,284,1,-1,-1,-1
216,55,1995,471,113,286,1,-1,-1,-1
216,56,2131,299,94,218,1,-1,-1,-1
216,57,972,594,148,184,1,-1,-1,-1
217,22,576,840,156,152,1,-1,-1,-1
217,23,721,782,135,116,1,-1,-1,-1
217,29,736,712,132,196,1,-1,-1,-1
217,30,1588,620,252,200,1,-1,-1,-1
217,31,1304,712,204,168,1,-1,-1,-1
217,32,541,867,123,145,1,-1,-1,-1
217,33,1330,233,88,190,1,-1,-1,-1
217,34,1904,552,136,244,1,-1,-1,-1
217,35,2136,542,95,108,1,-1,-1,-1
217,38,822,798,120,80,1,-1,-1,-1
217,49,1134,552,145,190,1,-1,-1,-1
217,51,1477,512,112,243,1,-1,-1,-1
217,52,1230,458,111,208,1,-1,-1,-1
217,53,805,652,120,228,1,-1,-1,-1
217,54,2094,473,104,284,1,-1,-1,-1
217,55,1995,471,113,286,1,-1,-1,-1
217,56,2131,299,94,218,1,-1,-1,-1
217,57,972,594,148,184,1,-1,-1,-1
217,58,1836,152,216,196,1,-1,-1,-1
218,22,595,821,156,152,1,-1,-1,-1
218,23,772,754,135,116,1,-1,-1,-1
218,29,755,691,132,196,1,-1,-1,-1
218,30,1611,600,252,200,1,-1,-1,-1
218,31,1324,692,204,168,1,-1,-1,-1
218,32,590,831,130,152,1,-1,-1,-1
218,33,1366,210,83,181,1,-1,-1,-1
218,34,1924,529,136,244,1,-1,-1,-1
218,35,2131,523,91,103,1,-1,-1,-1
218,38,765,804,126,84,1,-1,-1,-1
218,49,1189,517,145,190,1,-1,-1,-1
218,51,1515,472,118,255,1,-1,-1,-1
218,53,844,617,120,228,1,-1,-1,-1
218,54,2072,434,104,284,1,-1,-1,-1
218,55,2023,447,113,286,1,-1,-1,-1
218,56,2175,264,94,218,1,-1,-1,-1
218,57,1025,562,148,184,1,-1,-1,-1
218,58,1854,131,216,196,1,-1,-1,-1
219,22,610,810,156,152,1,-1,-1,-1
219,23,783,740,135,116,1,-1,-1,-1
219,29,762,682,132,196,1,-1,-1,-1
219,30,1628,598,240,190,1,-1,-1,-1
219,31,1336,679,204,168,1,-1,-1,-1
219,32,607,819,130,152,1,-1,-1,-1
219,33,1382,204,79,173,1,-1,-1,-1
219,34,1933,523,136,244,1,-1,-1,-1
219,35,2144,514,87,98,1,-1,-1,-1
219,38,777,795,120,80,1,-1,-1,-1
219,49,1204,500,145,190,1,-1,-1,-1
219,51,1536,474,112,243,1,-1,-1,-1
219,53,856,597,126,239,1,-1,-1,-1
219,54,2058,392,109,298,1,-1,-1,-1
219,55,2050,440,113,286,1,-1,-1,-1
219,56,2193,255,99,229,1,-1,-1,-1
219,57,1043,543,155,193,1,-1,-1,-1
219,58,1858,123,216,196,1,-1,-1,-1
220,22,628,798,156,152,1,-1,-1,-1
220,23,798,727,135,116,1,-1,-1,-1
220,29,781,668,132,196,1,-1,-1,-1
220,30,1648,584,240,190,1,-1,-1,-1
220,31,1354,665,204,168,1,-1,-1,-1
220,32,627,808,130,152,1,-1,-1,-1
220,33,1400,191,79,173,1,-1,-1,-1
220,34,1957,510,130,232,1,-1,-1,-1
220,35,2160,499,87,98,1,-1,-1,-1
220,38,792,785,120,80,1,-1,-1,-1
220,49,1219,481,152,200,1,-1,-1,-1
220,51,1552,460,107,232,1,-1,-1,-1
220,53,877,584,126,239,1,-1,-1,-1
220,54,2055,386,115,313,1,-1,-1,-1
220,55,2072,423,108,272,1,-1,-1,-1
220,56,2211,239,94,218,1,-1,-1,-1
220,57,1063,530,155,193,1,-1,-1,-1
220,58,1874,109,216,196,1,-1,-1,-1
221,22,665,769,156,152,1,-1,-1,-1
221,23,830,696,142,122,1,-1,-1,-1
221,29,814,642,132,196,1,-1,-1,-1
221,30,1680,559,240,190,1,-1,-1,-1
221,31,1388,640,204,168,1,-1,-1,-1
221,32,664,777,130,152,1,-1,-1,-1
221,33,1429,164,83,181,1,-1,-1,-1
221,34,1987,486,130,232,1,-1,-1,-1
221,35,2175,530,87,98,1,-1,-1,-1
221,38,824,758,120,80,1,-1,-1,-1
221,49,1254,458,152,200,1,-1,-1,-1
221,51,1575,429,112,243,1,-1,-1,-1
221,53,905,566,120,228,1,-1,-1,-1
221,54,2056,378,115,313,1,-1,-1,-1
221,55,2095,393,108,272,1,-1,-1,-1
221,56,2236,214,94,218,1,-1,-1,-1
221,57,1098,498,155,193,1,-1,-1,-1
221,58,1899,89,216,196,1,-1,-1,-1
222,22,696,748,156,152,1,-1,-1,-1
222,23,858,675,142,122,1,-1,-1,-1
222,29,839,621,132,196,1,-1,-1,-1
222,30,1704,530,252,200,1,-1,-1,-1
222,31,1417,617,204,168,1,-1,-1,-1
222,32,696,755,130,152,1,-1,-1,-1
222,33,1463,127,88,190,1,-1,-1,-1
222,34,2016,462,130,232,1,-1,-1,-1
222,38,851,736,120,80,1,-1,-1,-1
222,49,1289,431,152,200,1,-1,-1,-1
222,51,1600,407,118,255,1,-1,-1,-1
222,53,928,538,126,239,1,-1,-1,-1
222,54,2060,355,115,313,1,-1,-1,-1
222,55,2120,367,108,272,1,-1,-1,-1
222,56,2271,188,94,218,1,-1,-1,-1
222,57,1123,481,155,193,1,-1,-1,-1
222,58,1925,66,216,196,1,-1,-1,-1
223,22,725,737,156,152,1,-1,-1,-1
223,23,883,662,142,122,1,-1,-1,-1
223,29,865,607,132,196,1,-1,-1,-1
223,30,1732,519,252,200,1,-1,-1,-1
223,31,1443,603,204,168,1,-1,-1,-1
223,32,728,743,130,152,1,-1,-1,-1
223,33,1483,109,92,200,1,-1,-1,-1
223,34,2042,451,130,232,1,-1,-1,-1
223,38,878,725,120,80,1,-1,-1,-1
223,49,1315,425,152,200,1,-1,-1,-1
223,51,1624,385,118,255,1,-1,-1,-1
223,53,958,517,126,239,1,-1,-1,-1
223,54,2057,431,115,313,1,-1,-1,-1
223,55,2145,363,108,272,1,-1,-1,-1
223,56,2294,175,90,207,1,-1,-1,-1
223,57,1155,464,155,193,1,-1,-1,-1
223,58,1954,57,206,187,1,-1,-1,-1
224,22,758,732,156,152,1,-1,-1,-1
224,23,911,650,142,122,1,-1,-1,-1
224,29,895,603,132,196,1,-1,-1,-1
224,30,1762,511,252,200,1,-1,-1,-1
224,31,1475,597,204,168,1,-1,-1,-1
224,32,760,738,130,152,1,-1,-1,-1
224,33,1508,107,92,200,1,-1,-1,-1
224,34,2072,443,130,232,1,-1,-1,-1
224,38,908,717,120,80,1,-1,-1,-1
224,49,1353,414,152,200,1,-1,-1,-1
224,51,1649,378,124,268,1,-1,-1,-1
224,54,2078,428,115,313,1,-1,-1,-1
224,55,2172,357,108,272,1,-1,-1,-1
224,56,2330,167,94,218,1,-1,-1,-1
224,57,1187,457,155,193,1,-1,-1,-1
224,58,1979,53,206,187,1,-1,-1,-1
225,22,784,728,148,144,1,-1,-1,-1
225,23,911,650,142,122,1,-1,-1,-1
225,29,895,603,132,196,1,-1,-1,-1
225,30,1800,520,256,176,1,-1,-1,-1
225,31,1492,568,200,176,1,-1,-1,-1
225,32,760,738,130,152,1,-1,-1,-1
225,33,1508,107,92,200,1,-1,-1,-1
225,34,2112,428,112,256,1,-1,-1,-1
225,38,908,717,120,80,1,-1,-1,-1
225,49,1353,414,152,200,1,-1,-1,-1
225,51,1649,378,124,268,1,-1,-1,-1
225,54,2078,428,115,313,1,-1,-1,-1
225,55,2172,357,108,272,1,-1,-1,-1
225,56,2330,167,94,218,1,-1,-1,-1
225,57,1187,457,155,193,1,-1,-1,-1
225,58,2012,52,220,172,1,-1,-1,-1
225,59,0,764,80,104,1,-1,-1,-1
225,60,1680,460,88,168,1,-1,-1,-1
225,61,2212,308,160,324,1,-1,-1,-1
225,62,1100,468,132,228,1,-1,-1,-1
226,22,794,714,148,144,1,-1,-1,-1
226,23,936,630,142,122,1,-1,-1,-1
226,29,918,577,132,196,1,-1,-1,-1
226,30,1816,510,244,168,1,-1,-1,-1
226,31,1497,554,200,176,1,-1,-1,-1
226,32,794,714,130,152,1,-1,-1,-1
226,33,1534,82,92,200,1,-1,-1,-1
226,34,2118,411,112,256,1,-1,-1,-1
226,38,932,694,120,80,1,-1,-1,-1
226,49,1387,391,152,200,1,-1,-1,-1
226,51,1680,358,118,255,1,-1,-1,-1
226,54,2105,407,109,298,1,-1,-1,-1
226,55,2201,349,103,259,1,-1,-1,-1
226,56,2355,139,94,218,1,-1,-1,-1
226,57,1208,436,155,193,1,-1,-1,-1
226,58,2018,37,220,172,1,-1,-1,-1
226,59,10,750,80,104,1,-1,-1,-1
226,60,1685,445,88,168,1,-1,-1,-1
226,61,2218,298,160,324,1,-1,-1,-1
226,62,1104,453,132,228,1,-1,-1,-1
227,22,798,701,148,144,1,-1,-1,-1
227,23,936,615,142,122,1,-1,-1,-1
227,29,920,561,132,196,1,-1,-1,-1
227,30,1816,494,256,176,1,-1,-1,-1
227,31,1502,543,200,176,1,-1,-1,-1
227,32,801,701,130,152,1,-1,-1,-1
227,33,1548,66,92,200,1,-1,-1,-1
227,34,2122,400,112,256,1,-1,-1,-1
227,38,933,678,120,80,1,-1,-1,-1
227,49,1392,374,152,200,1,-1,-1,-1
227,51,1688,361,112,243,1,-1,-1,-1
227,54,2106,384,109,298,1,-1,-1,-1
227,55,2221,317,103,259,1,-1,-1,-1
227,56,2357,119,94,218,1,-1,-1,-1
227,57,1202,421,163,203,1,-1,-1,-1
227,58,2019,25,220,172,1,-1,-1,-1
227,59,17,736,80,104,1,-1,-1,-1
227,60,1685,427,92,176,1,-1,-1,-1
227,61,2221,275,160,324,1,-1,-1,-1
227,62,1106,444,132,228,1,-1,-1,-1
228,22,809,694,148,144,1,-1,-1,-1
228,23,940,605,142,122,1,-1,-1,-1
228,29,924,555,132,196,1,-1,-1,-1
228,30,1822,487,256,176,1,-1,-1,-1
228,31,1507,539,200,176,1,-1,-1,-1
228,32,816,696,123,145,1,-1,-1,-1
228,33,1554,61,88,190,1,-1,-1,-1
228,34,2128,398,107,244,1,-1,-1,-1
228,38,936,669,120,80,1,-1,-1,-1
228,49,1400,366,152,200,1,-1,-1,-1
228,55,2236,302,108,272,1,-1,-1,-1
228,57,1205,412,163,203,1,-1,-1,-1
228,58,2025,22,210,164,1,-1,-1,-1
228,59,26,728,80,104,1,-1,-1,-1
228,60,1690,424,92,176,1,-1,-1,-1
228,61,2227,272,160,324,1,-1,-1,-1
228,62,1110,437,132,228,1,-1,-1,-1
229,22,827,696,141,137,1,-1,-1,-1
229,23,951,603,142,122,1,-1,-1,-1
229,29,937,551,132,196,1,-1,-1,-1
229,30,1835,483,256,176,1,-1,-1,-1
229,31,1521,537,200,176,1,-1,-1,-1
229,32,830,694,123,145,1,-1,-1,-1
229,33,1558,54,92,200,1,-1,-1,-1
229,34,2137,394,107,244,1,-1,-1,-1
229,38,947,666,120,80,1,-1,-1,-1
229,49,1419,367,145,190,1,-1,-1,-1
229,57,1216,417,155,193,1,-1,-1,-1
229,58,2032,19,210,164,1,-1,-1,-1
229,59,38,723,84,109,1,-1,-1,-1
229,60,1702,420,92,176,1,-1,-1,-1
229,61,2232,262,168,340,1,-1,-1,-1
229,62,1121,435,132,228,1,-1,-1,-1
230,22,843,694,141,137,1,-1,-1,-1
230,23,964,601,142,122,1,-1,-1,-1
230,29,951,549,132,196,1,-1,-1,-1
230,30,1852,483,256,176,1,-1,-1,-1
230,31,1537,536,200,176,1,-1,-1,-1
230,32,848,695,123,145,1,-1,-1,-1
230,33,1571,50,92,200,1,-1,-1,-1
230,34,2155,395,107,244,1,-1,-1,-1
230,38,960,665,120,80,1,-1,-1,-1
230,49,1435,362,145,190,1,-1,-1,-1
230,57,1234,410,155,193,1,-1,-1,-1
230,58,2043,17,210,164,1,-1,-1,-1
230,59,58,724,80,104,1,-1,-1,-1
230,60,1717,420,92,176,1,-1,-1,-1
230,61,2251,259,168,340,1,-1,-1,-1
230,62,1137,432,132,228,1,-1,-1,-1
231,22,860,693,141,137,1,-1,-1,-1
231,23,978,601,142,122,1,-1,-1,-1
231,29,964,550,132,196,1,-1,-1,-1
231,30,1868,483,256,176,1,-1,-1,-1
231,31,1553,535,200,176,1,-1,-1,-1
231,32,865,695,123,145,1,-1,-1,-1
231,34,2168,393,107,244,1,-1,-1,-1
231,38,973,663,120,80,1,-1,-1,-1
231,49,1451,363,145,190,1,-1,-1,-1
231,57,1254,413,155,193,1,-1,-1,-1
231,58,2054,16,210,164,1,-1,-1,-1
231,59,76,722,80,104,1,-1,-1,-1
231,60,1731,419,92,176,1,-1,-1,-1
231,61,2260,257,168,340,1,-1,-1,-1
231,62,1152,431,132,228,1,-1,-1,-1
232,22,877,685,141,137,1,-1,-1,-1
232,23,992,595,142,122,1,-1,-1,-1
232,29,976,541,132,196,1,-1,-1,-1
232,30,1884,477,256,176,1,-1,-1,-1
232,31,1570,530,200,176,1,-1,-1,-1
232,32,882,693,117,138,1,-1,-1,-1
232,34,2181,386,112,256,1,-1,-1,-1
232,38,986,656,120,80,1,-1,-1,-1
232,49,1465,349,145,190,1,-1,-1,-1
232,57,1262,410,155,193,1,-1,-1,-1
232,58,2066,10,210,164,1,-1,-1,-1
232,59,92,714,80,104,1,-1,-1,-1
232,60,1745,417,92,176,1,-1,-1,-1
232,61,2274,251,168,340,1,-1,-1,-1
232,62,1170,428,132,228,1,-1,-1,-1
233,22,896,668,128,148,1,-1,-1,-1
233,23,992,595,142,122,1,-1,-1,-1
233,29,976,541,132,196,1,-1,-1,-1
233,30,1900,464,252,188,1,-1,-1,-1
233,31,1592,536,180,156,1,-1,-1,-1
233,32,882,693,117,138,1,-1,-1,-1
233,34,2184,372,120,228,1,-1,-1,-1
233,38,986,656,120,80,1,-1,-1,-1
233,49,1465,349,145,190,1,-1,-1,-1
233,57,1262,410,155,193,1,-1,-1,-1
233,58,2076,0,176,188,1,-1,-1,-1
233,59,92,714,80,104,1,-1,-1,-1
233,60,1748,364,100,212,1,-1,-1,-1
233,61,2274,251,168,340,1,-1,-1,-1
233,62,1170,428,132,228,1,-1,-1,-1
233,63,0,708,180,168,1,-1,-1,-1
234,22,905,664,128,148,1,-1,-1,-1
234,23,1009,584,142,122,1,-1,-1,-1
234,29,994,537,132,196,1,-1,-1,-1
234,30,1906,460,252,188,1,-1,-1,-1
234,31,1600,532,180,156,1,-1,-1,-1
234,32,907,684,117,138,1,-1,-1,-1
234,34,2190,369,120,228,1,-1,-1,-1
234,38,1009,647,114,76,1,-1,-1,-1
234,49,1488,342,145,190,1,-1,-1,-1
234,57,1283,394,155,193,1,-1,-1,-1
234,58,2080,0,176,184,1,-1,-1,-1
234,59,116,704,80,104,1,-1,-1,-1
234,60,1752,360,100,212,1,-1,-1,-1
234,61,2297,245,168,340,1,-1,-1,-1
234,62,1185,410,132,228,1,-1,-1,-1
234,63,10,702,180,168,1,-1,-1,-1
235,22,908,661,128,148,1,-1,-1,-1
235,23,1011,579,142,122,1,-1,-1,-1
235,29,999,534,126,187,1,-1,-1,-1
235,30,1917,461,240,179,1,-1,-1,-1
235,31,1603,528,180,156,1,-1,-1,-1
235,32,909,680,117,138,1,-1,-1,-1
235,34,2195,365,120,228,1,-1,-1,-1
235,38,1009,644,114,76,1,-1,-1,-1
235,49,1492,336,145,190,1,-1,-1,-1
235,57,1283,393,155,193,1,-1,-1,-1
235,58,2082,0,176,181,1,-1,-1,-1
235,59,122,702,76,99,1,-1,-1,-1
235,60,1755,356,100,212,1,-1,-1,-1
235,61,2302,238,168,340,1,-1,-1,-1
235,62,1187,408,132,228,1,-1,-1,-1
235,63,15,696,180,168,1,-1,-1,-1
236,22,908,658,128,148,1,-1,-1,-1
236,23,1009,576,142,122,1,-1,-1,-1
236,29,996,526,126,187,1,-1,-1,-1
236,30,1917,458,240,179,1,-1,-1,-1
236,31,1602,525,180,156,1,-1,-1,-1
236,32,909,678,117,138,1,-1,-1,-1
236,34,2194,362,120,228,1,-1,-1,-1
236,38,1007,640,114,76,1,-1,-1,-1
236,49,1492,331,145,190,1,-1,-1,-1
236,57,1283,390,155,193,1,-1,-1,-1
236,58,2079,0,176,178,1,-1,-1,-1
236,59,121,700,73,94,1,-1,-1,-1
236,60,1754,348,100,212,1,-1,-1,-1
236,61,2302,233,168,340,1,-1,-1,-1
236,62,1186,406,132,228,1,-1,-1,-1
236,63,16,693,180,168,1,-1,-1,-1
237,22,905,658,128,148,1,-1,-1,-1
237,23,1005,576,142,122,1,-1,-1,-1
237,29,993,527,126,187,1,-1,-1,-1
237,30,1915,459,240,179,1,-1,-1,-1
237,31,1598,524,180,156,1,-1,-1,-1
237,32,906,678,117,138,1,-1,-1,-1
237,34,2191,364,120,228,1,-1,-1,-1
237,38,1001,639,114,76,1,-1,-1,-1
237,49,1489,330,145,190,1,-1,-1,-1
237,57,1279,386,163,203,1,-1,-1,-1
237,58,2072,0,176,177,1,-1,-1,-1
237,59,118,701,73,94,1,-1,-1,-1
237,60,1753,350,95,202,1,-1,-1,-1
237,61,2302,228,168,340,1,-1,-1,-1
237,62,1181,404,132,228,1,-1,-1,-1
237,63,13,693,180,168,1,-1,-1,-1
238,22,887,678,128,148,1,-1,-1,-1
238,23,983,595,142,122,1,-1,-1,-1
238,29,974,549,126,187,1,-1,-1,-1
238,30,1886,475,252,188,1,-1,-1,-1
238,31,1578,543,180,156,1,-1,-1,-1
238,32,889,699,117,138,1,-1,-1,-1
238,34,2172,382,120,228,1,-1,-1,-1
238,38,978,657,114,76,1,-1,-1,-1
238,49,1470,347,145,190,1,-1,-1,-1
238,57,1264,408,163,203,1,-1,-1,-1
238,58,2050,7,176,188,1,-1,-1,-1
238,59,100,720,73,94,1,-1,-1,-1
238,60,1733,370,95,202,1,-1,-1,-1
238,61,2285,255,168,340,1,-1,-1,-1
238,62,1161,426,132,228,1,-1,-1,-1
238,63,0,713,175,168,1,-1,-1,-1
239,22,878,685,128,148,1,-1,-1,-1
239,23,970,600,142,122,1,-1,-1,-1
239,29,966,557,126,187,1,-1,-1,-1
239,30,1882,480,252,188,1,-1,-1,-1
239,31,1571,552,171,149,1,-1,-1,-1
239,32,878,707,117,138,1,-1,-1,-1
239,34,2158,385,120,228,1,-1,-1,-1
239,38,968,666,114,76,1,-1,-1,-1
239,49,1462,359,138,181,1,-1,-1,-1
239,57,1255,419,155,193,1,-1,-1,-1
239,58,2035,16,176,188,1,-1,-1,-1
239,59,88,724,73,94,1,-1,-1,-1
239,60,1719,376,95,202,1,-1,-1,-1
239,61,2277,254,168,340,1,-1,-1,-1
239,62,1151,430,132,228,1,-1,-1,-1
239,63,0,722,161,160,1,-1,-1,-1
240,22,860,692,134,155,1,-1,-1,-1
240,23,955,612,142,122,1,-1,-1,-1
240,29,949,568,126,187,1,-1,-1,-1
240,30,1863,490,252,188,1,-1,-1,-1
240,31,1555,563,171,149,1,-1,-1,-1
240,32,864,718,117,138,1,-1,-1,-1
240,34,2141,397,120,228,1,-1,-1,-1
240,38,953,677,114,76,1,-1,-1,-1
240,49,1446,366,138,181,1,-1,-1,-1
240,58,2022,32,168,179,1,-1,-1,-1
240,59,73,736,73,94,1,-1,-1,-1
240,60,1703,390,95,202,1,-1,-1,-1
240,61,2263,258,168,340,1,-1,-1,-1
240,62,1135,442,132,228,1,-1,-1,-1
240,63,0,733,145,160,1,-1,-1,-1
241,22,860,692,134,155,1,-1,-1,-1
241,23,955,612,142,122,1,-1,-1,-1
241,29,949,568,126,187,1,-1,-1,-1
241,30,1840,524,260,176,1,-1,-1,-1
241,31,1536,568,184,172,1,-1,-1,-1
241,32,864,718,117,138,1,-1,-1,-1
241,34,2141,397,120,228,1,-1,-1,-1
241,38,953,677,114,76,1,-1,-1,-1
241,49,1440,416,112,128,1,-1,-1,-1
241,58,2022,32,168,179,1,-1,-1,-1
241,59,73,736,73,94,1,-1,-1,-1
241,60,1703,390,95,202,1,-1,-1,-1
241,61,2236,268,196,324,1,-1,-1,-1
241,62,1135,442,132,228,1,-1,-1,-1
241,63,0,740,112,164,1,-1,-1,-1
241,64,2040,400,200,260,1,-1,-1,-1
241,65,1572,36,140,232,1,-1,-1,-1
241,66,844,784,120,72,1,-1,-1,-1
242,22,834,719,134,155,1,-1,-1,-1
242,23,926,639,142,122,1,-1,-1,-1
242,29,923,602,120,178,1,-1,-1,-1
242,30,1830,539,260,176,1,-1,-1,-1
242,31,1523,583,184,172,1,-1,-1,-1
242,32,838,743,117,138,1,-1,-1,-1
242,34,2115,425,120,228,1,-1,-1,-1
242,38,921,703,120,80,1,-1,-1,-1
242,49,1427,429,112,128,1,-1,-1,-1
242,58,1988,65,160,171,1,-1,-1,-1
242,59,44,761,73,94,1,-1,-1,-1
242,60,1695,413,95,202,1,-1,-1,-1
242,61,2224,283,196,324,1,-1,-1,-1
242,62,1112,470,132,228,1,-1,-1,-1
242,63,0,752,102,164,1,-1,-1,-1
242,64,2026,414,200,260,1,-1,-1,-1
242,65,1558,52,140,232,1,-1,-1,-1
242,66,832,797,120,72,1,-1,-1,-1
243,22,819,727,141,163,1,-1,-1,-1
243,23,919,653,135,116,1,-1,-1,-1
243,29,910,611,120,178,1,-1,-1,-1
243,30,1823,547,260,176,1,-1,-1,-1
243,31,1515,592,184,172,1,-1,-1,-1
243,32,829,755,117,138,1,-1,-1,-1
243,34,2104,424,126,239,1,-1,-1,-1
243,38,910,716,120,80,1,-1,-1,-1
243,49,1418,439,112,128,1,-1,-1,-1
243,58,1979,81,152,162,1,-1,-1,-1
243,59,36,772,73,94,1,-1,-1,-1
243,60,1682,423,95,202,1,-1,-1,-1
243,61,2219,296,187,309,1,-1,-1,-1
243,62,1097,481,132,228,1,-1,-1,-1
243,63,0,761,92,164,1,-1,-1,-1
243,64,2012,427,200,260,1,-1,-1,-1
243,65,1553,58,140,232,1,-1,-1,-1
243,66,823,808,120,72,1,-1,-1,-1
244,22,811,736,141,163,1,-1,-1,-1
244,23,910,662,135,116,1,-1,-1,-1
244,29,904,618,120,178,1,-1,-1,-1
244,30,1814,561,260,176,1,-1,-1,-1
244,31,1507,603,184,172,1,-1,-1,-1
244,32,821,767,117,138,1,-1,-1,-1
244,34,2090,443,126,239,1,-1,-1,-1
244,38,902,727,120,80,1,-1,-1,-1
244,49,1410,450,112,128,1,-1,-1,-1
244,58,1969,98,145,155,1,-1,-1,-1
244,59,27,783,73,94,1,-1,-1,-1
244,60,1667,439,95,202,1,-1,-1,-1
244,61,2209,303,187,309,1,-1,-1,-1
244,62,1092,487,132,228,1,-1,-1,-1
244,63,0,771,88,164,1,-1,-1,-1
244,64,2006,437,200,260,1,-1,-1,-1
244,65,1547,78,140,232,1,-1,-1,-1
244,66,816,819,120,72,1,-1,-1,-1
245,22,806,749,141,163,1,-1,-1,-1
245,23,903,672,135,116,1,-1,-1,-1
245,29,895,631,120,178,1,-1,-1,-1
245,30,1806,565,273,185,1,-1,-1,-1
245,31,1500,614,184,172,1,-1,-1,-1
245,32,816,778,117,138,1,-1,-1,-1
245,34,2085,446,126,239,1,-1,-1,-1
245,38,895,739,120,80,1,-1,-1,-1
245,49,1404,462,112,128,1,-1,-1,-1
245,58,1959,109,145,155,1,-1,-1,-1
245,59,23,795,69,90,1,-1,-1,-1
245,60,1652,437,100,212,1,-1,-1,-1
245,61,2203,313,187,309,1,-1,-1,-1
245,62,1087,495,132,228,1,-1,-1,-1
245,63,0,786,82,156,1,-1,-1,-1
245,64,1997,449,200,260,1,-1,-1,-1
245,65,1536,81,140,232,1,-1,-1,-1
245,66,810,829,120,72,1,-1,-1,-1
246,22,804,754,141,163,1,-1,-1,-1
246,23,898,681,135,116,1,-1,-1,-1
246,29,892,633,120,178,1,-1,-1,-1
246,30,1801,573,273,185,1,-1,-1,-1
246,31,1497,620,184,172,1,-1,-1,-1
246,32,812,783,117,138,1,-1,-1,-1
246,34,2084,456,120,228,1,-1,-1,-1
246,38,895,748,114,76,1,-1,-1,-1
246,49,1402,465,112,128,1,-1,-1,-1
246,58,1949,115,145,155,1,-1,-1,-1
246,59,22,802,69,90,1,-1,-1,-1
246,60,1641,436,105,223,1,-1,-1,-1
246,61,2197,314,187,309,1,-1,-1,-1
246,62,1080,499,132,228,1,-1,-1,-1
246,63,0,791,78,156,1,-1,-1,-1
246,64,1988,454,200,260,1,-1,-1,-1
246,65,1534,93,133,221,1,-1,-1,-1
246,66,807,834,120,72,1,-1,-1,-1
247,22,802,756,141,163,1,-1,-1,-1
247,23,896,683,135,116,1,-1,-1,-1
247,29,890,642,120,178,1,-1,-1,-1
247,30,1800,577,273,185,1,-1,-1,-1
247,31,1496,621,184,172,1,-1,-1,-1
247,32,810,784,117,138,1,-1,-1,-1
247,34,2084,461,114,217,1,-1,-1,-1
247,38,893,750,114,76,1,-1,-1,-1
247,49,1402,464,112,128,1,-1,-1,-1
247,58,1939,119,145,155,1,-1,-1,-1
247,59,23,806,66,86,1,-1,-1,-1
247,60,1635,441,105,223,1,-1,-1,-1
247,61,2197,319,187,309,1,-1,-1,-1
247,62,1078,501,132,228,1,-1,-1,-1
247,63,0,790,79,156,1,-1,-1,-1
247,64,1988,462,190,248,1,-1,-1,-1
247,65,1533,98,133,221,1,-1,-1,-1
247,66,808,837,114,69,1,-1,-1,-1
248,22,808,760,134,155,1,-1,-1,-1
248,23,896,684,135,116,1,-1,-1,-1
248,29,889,640,120,178,1,-1,-1,-1
248,30,1811,580,260,176,1,-1,-1,-1
248,31,1497,623,184,172,1,-1,-1,-1
248,32,812,785,117,138,1,-1,-1,-1
248,34,2087,465,114,217,1,-1,-1,-1
248,38,894,751,114,76,1,-1,-1,-1
248,49,1404,463,112,128,1,-1,-1,-1
248,58,1938,122,145,155,1,-1,-1,-1
248,59,26,809,66,86,1,-1,-1,-1
248,60,1636,437,105,223,1,-1,-1,-1
248,61,2195,320,187,309,1,-1,-1,-1
248,62,1074,498,139,239,1,-1,-1,-1
248,63,0,789,80,156,1,-1,-1,-1
248,64,1990,465,190,248,1,-1,-1,-1
248,65,1531,95,133,221,1,-1,-1,-1
248,66,809,838,114,69,1,-1,-1,-1
249,22,812,740,204,172,1,-1,-1,-1
249,23,896,684,135,116,1,-1,-1,-1
249,29,889,640,120,178,1,-1,-1,-1
249,30,1832,568,248,176,1,-1,-1,-1
249,31,1504,604,184,188,1,-1,-1,-1
249,32,812,785,117,138,1,-1,-1,-1
249,34,2087,465,114,217,1,-1,-1,-1
249,38,894,751,114,76,1,-1,-1,-1
249,49,1404,463,112,128,1,-1,-1,-1
249,58,1984,112,92,160,1,-1,-1,-1
249,59,26,809,66,86,1,-1,-1,-1
249,60,1636,437,105,223,1,-1,-1,-1
249,61,2195,320,187,309,1,-1,-1,-1
249,62,1074,498,139,239,1,-1,-1,-1
249,63,0,792,92,160,1,-1,-1,-1
249,64,1976,460,196,236,1,-1,-1,-1
249,65,1532,84,140,200,1,-1,-1,-1
249,66,809,838,114,69,1,-1,-1,-1
249,67,1532,252,116,304,1,-1,-1,-1
250,22,817,742,204,172,1,-1,-1,-1
250,23,906,687,135,116,1,-1,-1,-1
250,29,893,638,126,187,1,-1,-1,-1
250,30,1838,567,248,176,1,-1,-1,-1
250,31,1508,607,184,188,1,-1,-1,-1
250,32,820,787,117,138,1,-1,-1,-1
250,34,2093,473,114,217,1,-1,-1,-1
250,38,903,751,114,76,1,-1,-1,-1
250,49,1415,464,112,128,1,-1,-1,-1
250,58,1985,113,92,160,1,-1,-1,-1
250,59,36,810,69,90,1,-1,-1,-1
250,60,1643,440,105,223,1,-1,-1,-1
250,61,2198,325,187,309,1,-1,-1,-1
250,62,1080,502,139,239,1,-1,-1,-1
250,63,5,795,92,160,1,-1,-1,-1
250,64,1978,462,196,236,1,-1,-1,-1
250,65,1535,85,140,200,1,-1,-1,-1
250,66,818,838,114,69,1,-1,-1,-1
250,67,1535,258,110,290,1,-1,-1,-1
251,22,819,743,204,172,1,-1,-1,-1
251,23,909,689,135,116,1,-1,-1,-1
251,29,896,639,126,187,1,-1,-1,-1
251,30,1848,576,236,168,1,-1,-1,-1
251,31,1510,612,184,188,1,-1,-1,-1
251,32,822,788,117,138,1,-1,-1,-1
251,34,2088,471,120,228,1,-1,-1,-1
251,38,904,753,114,76,1,-1,-1,-1
251,49,1417,465,112,128,1,-1,-1,-1
251,58,1985,116,92,160,1,-1,-1,-1
251,59,40,818,66,86,1,-1,-1,-1
251,60,1649,444,105,223,1,-1,-1,-1
251,61,2198,326,187,309,1,-1,-1,-1
251,62,1082,502,139,239,1,-1,-1,-1
251,63,9,799,92,160,1,-1,-1,-1
251,64,1978,466,196,236,1,-1,-1,-1
251,65,1538,87,140,200,1,-1,-1,-1
251,66,819,840,114,69,1,-1,-1,-1
251,67,1538,273,105,276,1,-1,-1,-1
252,22,820,747,204,172,1,-1,-1,-1
252,23,908,694,135,116,1,-1,-1,-1
252,29,898,649,120,178,1,-1,-1,-1
252,30,1846,580,236,168,1,-1,-1,-1
252,31,1510,617,184,188,1,-1,-1,-1
252,32,822,792,117,138,1,-1,-1,-1
252,34,2090,475,120,228,1,-1,-1,-1
252,38,900,754,120,80,1,-1,-1,-1
252,49,1418,469,112,128,1,-1,-1,-1
252,58,1982,122,92,160,1,-1,-1,-1
252,59,44,822,66,86,1,-1,-1,-1
252,61,2198,329,187,309,1,-1,-1,-1
252,62,1085,508,139,239,1,-1,-1,-1
252,63,9,803,92,160,1,-1,-1,-1
252,64,1976,470,196,236,1,-1,-1,-1
252,65,1537,91,140,200,1,-1,-1,-1
252,66,819,843,114,69,1,-1,-1,-1
252,67,1534,267,110,290,1,-1,-1,-1
253,22,819,748,204,172,1,-1,-1,-1
253,23,910,697,129,111,1,-1,-1,-1
253,29,898,652,120,178,1,-1,-1,-1
253,30,1852,585,225,160,1,-1,-1,-1
253,31,1508,618,184,188,1,-1,-1,-1
253,32,825,794,112,132,1,-1,-1,-1
253,34,2084,473,120,228,1,-1,-1,-1
253,38,901,757,120,80,1,-1,-1,-1
253,49,1417,472,112,128,1,-1,-1,-1
253,58,1978,125,92,160,1,-1,-1,-1
253,59,45,824,66,86,1,-1,-1,-1
253,61,2193,333,187,309,1,-1,-1,-1
253,62,1082,511,139,239,1,-1,-1,-1
253,63,11,805,92,160,1,-1,-1,-1
253,64,1972,475,196,236,1,-1,-1,-1
253,65,1540,98,133,190,1,-1,-1,-1
253,66,817,843,120,72,1,-1,-1,-1
253,67,1536,279,105,276,1,-1,-1,-1
254,22,814,746,214,181,1,-1,-1,-1
254,23,911,700,129,111,1,-1,-1,-1
254,29,901,654,120,178,1,-1,-1,-1
254,30,1854,590,225,160,1,-1,-1,-1
254,31,1507,621,184,188,1,-1,-1,-1
254,32,826,797,112,132,1,-1,-1,-1
254,34,2083,480,114,217,1,-1,-1,-1
254,38,902,759,120,80,1,-1,-1,-1
254,49,1417,473,112,128,1,-1,-1,-1
254,58,1974,127,92,160,1,-1,-1,-1
254,59,47,827,66,86,1,-1,-1,-1
254,61,2196,331,187,309,1,-1,-1,-1
254,62,1085,511,139,239,1,-1,-1,-1
254,63,14,809,92,160,1,-1,-1,-1
254,64,1974,481,187,225,1,-1,-1,-1
254,65,1539,99,133,190,1,-1,-1,-1
254,66,818,844,120,72,1,-1,-1,-1
254,67,1537,293,100,263,1,-1,-1,-1
255,22,813,749,214,181,1,-1,-1,-1
255,23,911,705,129,111,1,-1,-1,-1
255,29,902,658,120,178,1,-1,-1,-1
255,30,1859,593,225,160,1,-1,-1,-1
255,31,1507,624,184,188,1,-1,-1,-1
255,32,827,797,112,132,1,-1,-1,-1
255,38,902,762,120,80,1,-1,-1,-1
255,49,1416,474,112,128,1,-1,-1,-1
255,58,1972,132,92,160,1,-1,-1,-1
255,59,49,829,66,86,1,-1,-1,-1
255,61,2198,334,187,309,1,-1,-1,-1
255,62,1084,515,139,239,1,-1,-1,-1
255,63,17,813,92,160,1,-1,-1,-1
255,64,1967,481,196,236,1,-1,-1,-1
255,65,1543,107,127,181,1,-1,-1,-1
255,66,819,845,120,72,1,-1,-1,-1
255,67,1534,280,105,276,1,-1,-1,-1
256,22,819,755,204,172,1,-1,-1,-1
256,23,912,707,129,111,1,-1,-1,-1
256,29,900,660,120,178,1,-1,-1,-1
256,30,1867,597,214,152,1,-1,-1,-1
256,31,1505,628,184,188,1,-1,-1,-1
256,32,828,799,112,132,1,-1,-1,-1
256,38,902,764,120,80,1,-1,-1,-1
256,49,1418,475,112,128,1,-1,-1,-1
256,58,1971,136,92,160,1,-1,-1,-1
256,59,49,837,63,81,1,-1,-1,-1
256,61,2198,337,187,309,1,-1,-1,-1
256,62,1083,515,139,239,1,-1,-1,-1
256,63,20,816,92,160,1,-1,-1,-1
256,64,1964,485,196,236,1,-1,-1,-1
256,65,1545,110,127,181,1,-1,-1,-1
256,66,822,847,120,72,1,-1,-1,-1
256,67,1534,274,110,290,1,-1,-1,-1
257,22,800,760,220,164,1,-1,-1,-1
257,23,912,707,129,111,1,-1,-1,-1
257,29,900,660,120,178,1,-1,-1,-1
257,30,1864,592,200,180,1,-1,-1,-1
257,31,1504,632,196,188,1,-1,-1,-1
257,32,828,799,112,132,1,-1,-1,-1
257,38,902,764,120,80,1,-1,-1,-1
257,49,1418,475,112,128,1,-1,-1,-1
257,58,1971,136,92,160,1,-1,-1,-1
257,59,49,837,63,81,1,-1,-1,-1
257,61,2172,288,252,336,1,-1,-1,-1
257,62,1088,516,156,244,1,-1,-1,-1
257,63,0,816,108,160,1,-1,-1,-1
257,64,1964,485,196,236,1,-1,-1,-1
257,65,1548,100,120,188,1,-1,-1,-1
257,66,822,847,120,72,1,-1,-1,-1
257,67,1534,274,110,290,1,-1,-1,-1
257,68,1652,444,108,232,1,-1,-1,-1
257,69,968,556,124,176,1,-1,-1,-1
257,70,1236,540,96,168,1,-1,-1,-1
258,22,802,762,220,164,1,-1,-1,-1
258,23,912,710,129,111,1,-1,-1,-1
258,29,904,667,114,169,1,-1,-1,-1
258,30,1865,594,200,180,1,-1,-1,-1
258,31,1503,635,196,188,1,-1,-1,-1
258,32,829,802,112,132,1,-1,-1,-1
258,38,902,766,120,80,1,-1,-1,-1
258,49,1419,480,112,128,1,-1,-1,-1
258,58,1967,150,88,152,1,-1,-1,-1
258,59,54,838,63,81,1,-1,-1,-1
258,61,2171,288,252,336,1,-1,-1,-1
258,62,1089,517,156,244,1,-1,-1,-1
258,63,1,817,108,160,1,-1,-1,-1
258,64,1953,491,196,236,1,-1,-1,-1
258,65,1548,102,120,188,1,-1,-1,-1
258,66,825,849,120,72,1,-1,-1,-1
258,67,1534,280,110,290,1,-1,-1,-1
258,68,1652,446,108,232,1,-1,-1,-1
258,69,968,556,124,176,1,-1,-1,-1
258,70,1236,541,96,168,1,-1,-1,-1
259,22,800,765,220,164,1,-1,-1,-1
259,23,911,714,129,111,1,-1,-1,-1
259,29,902,671,114,169,1,-1,-1,-1
259,30,1864,599,200,180,1,-1,-1,-1
259,31,1502,640,196,188,1,-1,-1,-1
259,32,830,805,112,132,1,-1,-1,-1
259,38,900,769,120,80,1,-1,-1,-1
259,49,1419,482,112,128,1,-1,-1,-1
259,58,1962,147,92,160,1,-1,-1,-1
259,59,51,838,63,81,1,-1,-1,-1
259,61,2172,292,252,336,1,-1,-1,-1
259,62,1088,519,156,244,1,-1,-1,-1
259,63,1,819,108,160,1,-1,-1,-1
259,64,1964,503,187,225,1,-1,-1,-1
259,65,1548,105,120,188,1,-1,-1,-1
259,66,826,851,120,72,1,-1,-1,-1
259,67,1531,273,116,304,1,-1,-1,-1
259,68,1651,447,108,232,1,-1,-1,-1
259,69,968,559,124,176,1,-1,-1,-1
259,70,1235,543,96,168,1,-1,-1,-1
260,22,798,770,220,164,1,-1,-1,-1
260,23,910,719,129,111,1,-1,-1,-1
260,29,900,673,114,169,1,-1,-1,-1
260,30,1866,607,200,180,1,-1,-1,-1
260,31,1499,645,196,188,1,-1,-1,-1
260,32,829,811,112,132,1,-1,-1,-1
260,38,899,773,120,80,1,-1,-1,-1
260,49,1418,487,112,128,1,-1,-1,-1
260,58,1955,151,92,160,1,-1,-1,-1
260,59,53,841,63,81,1,-1,-1,-1
260,61,2165,293,252,336,1,-1,-1,-1
260,62,1087,523,156,244,1,-1,-1,-1
260,63,1,823,108,160,1,-1,-1,-1
260,64,1958,506,187,225,1,-1,-1,-1
260,65,1547,111,120,188,1,-1,-1,-1
260,66,826,856,120,72,1,-1,-1,-1
260,67,1527,285,122,319,1,-1,-1,-1
260,68,1648,442,113,244,1,-1,-1,-1
260,69,966,563,124,176,1,-1,-1,-1
260,70,1235,547,96,168,1,-1,-1,-1
261,22,798,774,220,164,1,-1,-1,-1
261,23,910,720,129,111,1,-1,-1,-1
261,29,901,678,114,169,1,-1,-1,-1
261,30,1866,612,200,180,1,-1,-1,-1
261,31,1497,649,196,188,1,-1,-1,-1
261,32,830,813,112,132,1,-1,-1,-1
261,38,900,779,120,80,1,-1,-1,-1
261,49,1418,490,112,128,1,-1,-1,-1
261,58,1953,152,92,160,1,-1,-1,-1
261,59,53,842,63,81,1,-1,-1,-1
261,61,2164,297,252,336,1,-1,-1,-1
261,62,1088,526,156,244,1,-1,-1,-1
261,63,1,826,108,160,1,-1,-1,-1
261,64,1965,512,178,214,1,-1,-1,-1
261,65,1545,114,120,188,1,-1,-1,-1
261,66,827,860,120,72,1,-1,-1,-1
261,67,1520,285,122,319,1,-1,-1,-1
261,68,1647,444,113,244,1,-1,-1,-1
261,69,965,563,124,176,1,-1,-1,-1
261,70,1236,550,96,168,1,-1,-1,-1
262,22,797,779,220,164,1,-1,-1,-1
262,23,913,726,129,111,1,-1,-1,-1
262,29,905,689,109,161,1,-1,-1,-1
262,30,1869,615,200,180,1,-1,-1,-1
262,31,1496,652,196,188,1,-1,-1,-1
262,32,830,817,112,132,1,-1,-1,-1
262,38,902,784,120,80,1,-1,-1,-1
262,49,1419,493,112,128,1,-1,-1,-1
262,58,1951,156,92,160,1,-1,-1,-1
262,59,54,845,63,81,1,-1,-1,-1
262,61,2167,300,252,336,1,-1,-1,-1
262,62,1087,530,156,244,1,-1,-1,-1
262,63,2,831,108,160,1,-1,-1,-1
262,64,1973,516,178,214,1,-1,-1,-1
262,65,1544,118,120,188,1,-1,-1,-1
262,66,829,865,120,72,1,-1,-1,-1
262,67,1523,288,122,319,1,-1,-1,-1
262,68,1649,453,108,232,1,-1,-1,-1
262,69,965,569,124,176,1,-1,-1,-1
262,70,1236,552,96,168,1,-1,-1,-1
263,22,798,782,220,164,1,-1,-1,-1
263,23,914,728,129,111,1,-1,-1,-1
263,29,901,687,114,169,1,-1,-1,-1
263,30,1873,619,200,180,1,-1,-1,-1
263,31,1495,656,196,188,1,-1,-1,-1
263,32,831,824,112,132,1,-1,-1,-1
263,38,902,787,120,80,1,-1,-1,-1
263,49,1420,499,112,128,1,-1,-1,-1
263,58,1947,157,97,168,1,-1,-1,-1
263,59,57,848,63,81,1,-1,-1,-1
263,61,2163,310,252,336,1,-1,-1,-1
263,62,1085,532,156,244,1,-1,-1,-1
263,63,2,832,108,160,1,-1,-1,-1
263,64,1969,513,187,225,1,-1,-1,-1
263,65,1543,124,120,188,1,-1,-1,-1
263,66,830,870,120,72,1,-1,-1,-1
263,67,1524,290,116,304,1,-1,-1,-1
263,68,1652,465,103,221,1,-1,-1,-1
263,69,965,570,124,176,1,-1,-1,-1
263,70,1236,556,96,168,1,-1,-1,-1
264,22,799,789,220,164,1,-1,-1,-1
264,23,913,732,129,111,1,-1,-1,-1
264,29,901,691,114,169,1,-1,-1,-1
264,30,1873,621,200,180,1,-1,-1,-1
264,31,1494,661,196,188,1,-1,-1,-1
264,32,832,827,112,132,1,-1,-1,-1
264,38,901,790,120,80,1,-1,-1,-1
264,49,1419,501,112,128,1,-1,-1,-1
264,58,1942,160,97,168,1,-1,-1,-1
264,59,56,851,63,81,1,-1,-1,-1
264,61,2169,321,240,320,1,-1,-1,-1
264,62,1086,535,156,244,1,-1,-1,-1
264,63,3,836,108,160,1,-1,-1,-1
264,64,1968,514,187,225,1,-1,-1,-1
264,65,1542,127,120,188,1,-1,-1,-1
264,66,830,874,120,72,1,-1,-1,-1
264,67,1520,282,116,304,1,-1,-1,-1
264,68,1652,466,103,221,1,-1,-1,-1
264,69,964,570,124,176,1,-1,-1,-1
264,70,1236,559,96,168,1,-1,-1,-1
265,22,828,732,232,224,1,-1,-1,-1
265,23,913,732,129,111,1,-1,-1,-1
265,29,901,691,114,169,1,-1,-1,-1
265,30,1884,604,212,200,1,-1,-1,-1
265,31,1492,656,196,192,1,-1,-1,-1
265,32,832,827,112,132,1,-1,-1,-1
265,38,901,790,120,80,1,-1,-1,-1
265,49,1419,501,112,128,1,-1,-1,-1
265,58,1942,160,97,168,1,-1,-1,-1
265,59,56,851,63,81,1,-1,-1,-1
265,61,2192,332,208,288,1,-1,-1,-1
265,62,1086,535,156,244,1,-1,-1,-1
265,63,0,832,104,180,1,-1,-1,-1
265,64,1968,514,187,225,1,-1,-1,-1
265,65,1542,127,120,188,1,-1,-1,-1
265,66,830,874,120,72,1,-1,-1,-1
265,67,1520,282,116,304,1,-1,-1,-1
265,68,1652,528,92,176,1,-1,-1,-1
265,69,964,570,124,176,1,-1,-1,-1
265,70,1236,559,96,168,1,-1,-1,-1
265,71,1380,448,180,216,1,-1,-1,-1
265,72,1872,568,212,100,1,-1,-1,-1
265,73,1088,616,120,172,1,-1,-1,-1
266,22,832,739,221,213,1,-1,-1,-1
266,23,909,735,129,111,1,-1,-1,-1
266,29,894,695,114,169,1,-1,-1,-1
266,30,1882,605,212,200,1,-1,-1,-1
266,31,1491,658,196,192,1,-1,-1,-1
266,32,834,835,112,132,1,-1,-1,-1
266,38,897,793,120,80,1,-1,-1,-1
266,49,1414,500,118,134,1,-1,-1,-1
266,58,1939,171,97,168,1,-1,-1,-1
266,59,56,859,63,81,1,-1,-1,-1
266,61,2190,333,208,288,1,-1,-1,-1
266,62,1084,547,149,232,1,-1,-1,-1
266,63,0,833,104,180,1,-1,-1,-1
266,64,1968,518,187,225,1,-1,-1,-1
266,65,1539,132,120,188,1,-1,-1,-1
266,66,831,882,120,72,1,-1,-1,-1
266,67,1518,294,122,319,1,-1,-1,-1
266,68,1651,528,92,176,1,-1,-1,-1
266,69,963,580,118,168,1,-1,-1,-1
266,70,1233,569,96,168,1,-1,-1,-1
266,71,1378,448,180,216,1,-1,-1,-1
266,72,1874,572,202,95,1,-1,-1,-1
266,73,1087,617,120,172,1,-1,-1,-1
267,22,829,743,221,213,1,-1,-1,-1
267,23,906,738,129,111,1,-1,-1,-1
267,29,894,698,114,169,1,-1,-1,-1
267,30,1882,607,212,200,1,-1,-1,-1
267,31,1490,660,196,192,1,-1,-1,-1
267,32,833,837,112,132,1,-1,-1,-1
267,38,894,798,120,80,1,-1,-1,-1
267,49,1412,500,118,134,1,-1,-1,-1
267,58,1931,163,101,176,1,-1,-1,-1
267,59,58,864,60,78,1,-1,-1,-1
267,61,2195,343,198,274,1,-1,-1,-1
267,62,1083,550,149,232,1,-1,-1,-1
267,63,1,835,104,180,1,-1,-1,-1
267,64,1964,523,187,225,1,-1,-1,-1
267,65,1541,139,114,179,1,-1,-1,-1
267,66,834,887,114,69,1,-1,-1,-1
267,68,1650,528,92,176,1,-1,-1,-1
267,69,962,581,118,168,1,-1,-1,-1
267,70,1233,571,96,168,1,-1,-1,-1
267,71,1377,453,180,216,1,-1,-1,-1
267,72,1872,574,202,95,1,-1,-1,-1
267,73,1086,621,120,172,1,-1,-1,-1
268,22,829,746,221,213,1,-1,-1,-1
268,23,903,738,129,111,1,-1,-1,-1
268,29,893,702,114,169,1,-1,-1,-1
268,30,1883,610,212,200,1,-1,-1,-1
268,31,1490,662,196,192,1,-1,-1,-1
268,32,836,838,112,132,1,-1,-1,-1
268,38,893,802,120,80,1,-1,-1,-1
268,49,1412,501,118,134,1,-1,-1,-1
268,58,1927,165,101,176,1,-1,-1,-1
268,59,59,866,60,78,1,-1,-1,-1
268,61,2195,341,198,274,1,-1,-1,-1
268,62,1083,553,149,232,1,-1,-1,-1
268,63,1,836,104,180,1,-1,-1,-1
268,64,1962,526,187,225,1,-1,-1,-1
268,65,1540,140,114,179,1,-1,-1,-1
268,66,835,889,114,69,1,-1,-1,-1
268,68,1649,527,92,176,1,-1,-1,-1
268,69,960,584,118,168,1,-1,-1,-1
268,70,1236,578,91,160,1,-1,-1,-1
268,71,1381,460,171,206,1,-1,-1,-1
268,72,1867,577,202,95,1,-1,-1,-1
268,73,1085,623,120,172,1,-1,-1,-1
269,22,831,747,221,213,1,-1,-1,-1
269,23,903,740,129,111,1,-1,-1,-1
269,29,893,705,114,169,1,-1,-1,-1
269,30,1885,611,212,200,1,-1,-1,-1
269,31,1490,662,196,192,1,-1,-1,-1
269,32,838,839,112,132,1,-1,-1,-1
269,38,893,803,120,80,1,-1,-1,-1
269,49,1413,499,118,134,1,-1,-1,-1
269,58,1925,167,101,176,1,-1,-1,-1
269,59,61,868,60,78,1,-1,-1,-1
269,61,2196,343,198,274,1,-1,-1,-1
269,62,1089,560,141,221,1,-1,-1,-1
269,63,3,836,104,180,1,-1,-1,-1
269,64,1957,528,187,225,1,-1,-1,-1
269,65,1538,140,114,179,1,-1,-1,-1
269,66,838,889,114,69,1,-1,-1,-1
269,68,1648,522,97,185,1,-1,-1,-1
269,69,962,589,118,168,1,-1,-1,-1
269,70,1237,578,91,160,1,-1,-1,-1
269,71,1381,459,171,206,1,-1,-1,-1
269,72,1864,578,202,95,1,-1,-1,-1
269,73,1083,621,126,181,1,-1,-1,-1
270,22,831,749,221,213,1,-1,-1,-1
270,23,902,741,129,111,1,-1,-1,-1
270,29,893,706,114,169,1,-1,-1,-1
270,30,1883,610,212,200,1,-1,-1,-1
270,31,1490,662,196,192,1,-1,-1,-1
270,32,841,838,112,132,1,-1,-1,-1
270,38,893,804,120,80,1,-1,-1,-1
270,49,1415,496,118,134,1,-1,-1,-1
270,58,1923,167,101,176,1,-1,-1,-1
270,59,59,866,63,81,1,-1,-1,-1
270,61,2192,343,198,274,1,-1,-1,-1
270,62,1090,559,141,221,1,-1,-1,-1
270,63,7,842,99,171,1,-1,-1,-1
270,64,1952,531,187,225,1,-1,-1,-1
270,65,1538,140,114,179,1,-1,-1,-1
270,66,839,889,114,69,1,-1,-1,-1
270,68,1649,527,92,176,1,-1,-1,-1
270,69,957,585,124,176,1,-1,-1,-1
270,70,1238,578,91,160,1,-1,-1,-1
270,71,1381,460,171,206,1,-1,-1,-1
270,72,1859,580,202,95,1,-1,-1,-1
270,73,1083,621,126,181,1,-1,-1,-1
271,22,829,750,221,213,1,-1,-1,-1
271,23,901,742,129,111,1,-1,-1,-1
271,29,892,706,114,169,1,-1,-1,-1
271,30,1886,612,212,200,1,-1,-1,-1
271,31,1488,662,196,192,1,-1,-1,-1
271,32,843,836,112,132,1,-1,-1,-1
271,38,892,803,120,80,1,-1,-1,-1
271,49,1416,494,118,134,1,-1,-1,-1
271,58,1921,169,101,176,1,-1,-1,-1
271,59,60,872,63,81,1,-1,-1,-1
271,61,2190,340,198,274,1,-1,-1,-1
271,62,1086,557,149,232,1,-1,-1,-1
271,63,8,842,99,171,1,-1,-1,-1
271,65,1538,140,114,179,1,-1,-1,-1
271,66,840,887,114,69,1,-1,-1,-1
271,68,1652,528,88,168,1,-1,-1,-1
271,69,955,587,124,176,1,-1,-1,-1
271,70,1237,575,91,160,1,-1,-1,-1
271,71,1381,457,171,206,1,-1,-1,-1
271,72,1856,580,202,95,1,-1,-1,-1
271,73,1081,622,126,181,1,-1,-1,-1
272,22,826,748,221,213,1,-1,-1,-1
272,23,903,743,123,106,1,-1,-1,-1
272,29,891,705,114,169,1,-1,-1,-1
272,30,1890,615,202,190,1,-1,-1,-1
272,31,1488,662,196,192,1,-1,-1,-1
272,32,842,835,112,132,1,-1,-1,-1
272,38,891,802,120,80,1,-1,-1,-1
272,49,1417,493,118,134,1,-1,-1,-1
272,58,1922,174,97,168,1,-1,-1,-1
272,59,61,873,63,81,1,-1,-1,-1
272,61,2187,339,198,274,1,-1,-1,-1
272,62,1085,557,149,232,1,-1,-1,-1
272,63,6,839,104,180,1,-1,-1,-1
272,65,1540,144,109,171,1,-1,-1,-1
272,66,840,884,114,69,1,-1,-1,-1
272,68,1651,526,88,168,1,-1,-1,-1
272,69,953,588,124,176,1,-1,-1,-1
272,70,1234,567,96,168,1,-1,-1,-1
272,71,1382,455,171,206,1,-1,-1,-1
272,72,1858,581,202,95,1,-1,-1,-1
272,73,1079,625,126,181,1,-1,-1,-1
273,22,826,748,221,213,1,-1,-1,-1
273,23,903,743,123,106,1,-1,-1,-1
273,29,891,705,114,169,1,-1,-1,-1
273,30,1904,596,168,216,1,-1,-1,-1
273,31,1496,652,176,200,1,-1,-1,-1
273,32,842,835,112,132,1,-1,-1,-1
273,38,891,802,120,80,1,-1,-1,-1
273,49,1417,493,118,134,1,-1,-1,-1
273,58,1922,174,97,168,1,-1,-1,-1
273,59,61,873,63,81,1,-1,-1,-1
273,61,2196,340,220,320,1,-1,-1,-1
273,62,1100,556,136,184,1,-1,-1,-1
273,63,0,844,116,168,1,-1,-1,-1
273,65,1544,140,104,184,1,-1,-1,-1
273,66,840,884,114,69,1,-1,-1,-1
273,68,1648,488,96,224,1,-1,-1,-1
273,69,968,576,108,188,1,-1,-1,-1
273,70,1236,572,96,180,1,-1,-1,-1
273,71,1382,455,171,206,1,-1,-1,-1
273,72,1858,581,202,95,1,-1,-1,-1
273,73,1088,616,132,176,1,-1,-1,-1
274,22,824,748,221,213,1,-1,-1,-1
274,23,899,742,123,106,1,-1,-1,-1
274,29,887,703,114,169,1,-1,-1,-1
274,30,1903,597,168,216,1,-1,-1,-1
274,31,1495,652,176,200,1,-1,-1,-1
274,32,839,833,112,132,1,-1,-1,-1
274,38,889,803,120,80,1,-1,-1,-1
274,49,1417,492,118,134,1,-1,-1,-1
274,58,1913,179,97,168,1,-1,-1,-1
274,59,61,874,66,86,1,-1,-1,-1
274,61,2195,341,220,320,1,-1,-1,-1
274,62,1098,555,136,184,1,-1,-1,-1
274,63,0,845,116,168,1,-1,-1,-1
274,65,1543,141,104,184,1,-1,-1,-1
274,66,837,881,114,69,1,-1,-1,-1
274,68,1648,489,96,224,1,-1,-1,-1
274,69,966,577,108,188,1,-1,-1,-1
274,70,1235,571,96,180,1,-1,-1,-1
274,71,1381,454,171,206,1,-1,-1,-1
274,72,1834,578,212,100,1,-1,-1,-1
274,73,1086,616,132,176,1,-1,-1,-1
275,22,827,752,210,203,1,-1,-1,-1
275,23,897,740,123,106,1,-1,-1,-1
275,29,882,698,120,178,1,-1,-1,-1
275,30,1902,598,168,216,1,-1,-1,-1
275,31,1494,653,176,200,1,-1,-1,-1
275,32,838,832,112,132,1,-1,-1,-1
275,38,888,802,120,80,1,-1,-1,-1
275,49,1418,490,118,134,1,-1,-1,-1
275,58,1913,178,97,168,1,-1,-1,-1
275,59,60,874,66,86,1,-1,-1,-1
275,61,2192,342,220,320,1,-1,-1,-1
275,62,1098,555,136,184,1,-1,-1,-1
275,63,1,846,116,168,1,-1,-1,-1
275,65,1542,141,104,184,1,-1,-1,-1
275,66,837,879,114,69,1,-1,-1,-1
275,68,1645,484,101,235,1,-1,-1,-1
275,69,965,577,108,188,1,-1,-1,-1
275,70,1235,572,96,180,1,-1,-1,-1
275,71,1381,454,171,206,1,-1,-1,-1
275,72,1833,581,212,100,1,-1,-1,-1
275,73,1085,617,132,176,1,-1,-1,-1
276,22,827,752,210,203,1,-1,-1,-1
276,23,895,739,123,106,1,-1,-1,-1
276,29,880,696,120,178,1,-1,-1,-1
276,30,1901,599,168,216,1,-1,-1,-1
276,31,1493,656,176,200,1,-1,-1,-1
276,32,838,834,112,132,1,-1,-1,-1
276,38,887,804,120,80,1,-1,-1,-1
276,49,1418,490,118,134,1,-1,-1,-1
276,58,1910,181,97,168,1,-1,-1,-1
276,59,60,874,66,86,1,-1,-1,-1
276,61,2194,342,220,320,1,-1,-1,-1
276,62,1097,554,136,184,1,-1,-1,-1
276,63,2,847,116,168,1,-1,-1,-1
276,65,1540,143,104,184,1,-1,-1,-1
276,66,836,880,114,69,1,-1,-1,-1
276,68,1644,483,101,235,1,-1,-1,-1
276,69,964,578,108,188,1,-1,-1,-1
276,70,1235,573,96,180,1,-1,-1,-1
276,71,1380,450,180,216,1,-1,-1,-1
276,72,1830,582,212,100,1,-1,-1,-1
276,73,1083,617,132,176,1,-1,-1,-1
277,22,823,748,221,213,1,-1,-1,-1
277,23,894,739,123,106,1,-1,-1,-1
277,29,880,698,120,178,1,-1,-1,-1
277,30,1904,607,160,206,1,-1,-1,-1
277,31,1493,658,176,200,1,-1,-1,-1
277,32,836,837,112,132,1,-1,-1,-1
277,38,888,804,120,80,1,-1,-1,-1
277,49,1421,491,118,134,1,-1,-1,-1
277,58,1910,186,97,168,1,-1,-1,-1
277,61,2194,346,220,320,1,-1,-1,-1
277,62,1098,554,136,184,1,-1,-1,-1
277,63,3,848,116,168,1,-1,-1,-1
277,65,1541,149,99,175,1,-1,-1,-1
277,66,834,881,114,69,1,-1,-1,-1
277,68,1643,488,96,224,1,-1,-1,-1
277,69,963,580,108,188,1,-1,-1,-1
277,70,1234,575,96,180,1,-1,-1,-1
277,71,1377,444,189,227,1,-1,-1,-1
277,72,1831,588,202,95,1,-1,-1,-1
277,73,1082,618,132,176,1,-1,-1,-1
278,22,822,749,221,213,1,-1,-1,-1
278,23,896,734,123,106,1,-1,-1,-1
278,29,878,695,120,178,1,-1,-1,-1
278,30,1903,607,160,206,1,-1,-1,-1
278,31,1494,659,176,200,1,-1,-1,-1
278,32,837,837,112,132,1,-1,-1,-1
278,38,890,803,120,80,1,-1,-1,-1
278,49,1423,489,118,134,1,-1,-1,-1
278,58,1911,188,97,168,1,-1,-1,-1
278,61,2188,342,220,320,1,-1,-1,-1
278,62,1100,554,136,184,1,-1,-1,-1
278,63,5,847,116,168,1,-1,-1,-1
278,65,1539,147,104,184,1,-1,-1,-1
278,66,835,881,114,69,1,-1,-1,-1
278,68,1642,487,96,224,1,-1,-1,-1
278,69,963,577,108,188,1,-1,-1,-1
278,70,1236,574,96,180,1,-1,-1,-1
278,71,1378,445,189,227,1,-1,-1,-1
278,72,1825,589,202,95,1,-1,-1,-1
278,73,1084,616,132,176,1,-1,-1,-1
279,22,829,753,210,203,1,-1,-1,-1
279,23,895,734,123,106,1,-1,-1,-1
279,29,877,694,120,178,1,-1,-1,-1
279,30,1902,606,160,206,1,-1,-1,-1
279,31,1497,659,176,200,1,-1,-1,-1
279,32,838,838,112,132,1,-1,-1,-1
279,38,891,803,120,80,1,-1,-1,-1
279,49,1425,489,118,134,1,-1,-1,-1
279,58,1912,187,97,168,1,-1,-1,-1
279,61,2183,330,231,336,1,-1,-1,-1
279,62,1101,553,136,184,1,-1,-1,-1
279,63,6,844,116,168,1,-1,-1,-1
279,65,1543,151,99,175,1,-1,-1,-1
279,66,836,883,114,69,1,-1,-1,-1
279,68,1641,477,101,235,1,-1,-1,-1
279,69,960,573,113,197,1,-1,-1,-1
279,70,1237,573,96,180,1,-1,-1,-1
279,71,1386,448,180,216,1,-1,-1,-1
279,72,1823,592,192,91,1,-1,-1,-1
279,73,1084,616,132,176,1,-1,-1,-1
280,22,830,750,210,203,1,-1,-1,-1
280,23,897,732,123,106,1,-1,-1,-1
280,29,878,692,120,178,1,-1,-1,-1
280,30,1904,603,160,206,1,-1,-1,-1
280,31,1500,659,176,200,1,-1,-1,-1
280,32,838,836,112,132,1,-1,-1,-1
280,38,893,800,120,80,1,-1,-1,-1
280,49,1430,490,112,128,1,-1,-1,-1
280,58,1915,187,97,168,1,-1,-1,-1
280,61,2188,328,231,336,1,-1,-1,-1
280,62,1099,549,143,193,1,-1,-1,-1
280,63,8,839,116,168,1,-1,-1,-1
280,65,1543,150,99,175,1,-1,-1,-1
280,66,836,883,114,69,1,-1,-1,-1
280,68,1644,480,96,224,1,-1,-1,-1
280,69,962,573,113,197,1,-1,-1,-1
280,70,1241,572,96,180,1,-1,-1,-1
280,71,1390,445,180,216,1,-1,-1,-1
280,72,1822,593,192,91,1,-1,-1,-1
280,73,1086,612,132,176,1,-1,-1,-1
281,22,824,668,216,288,1,-1,-1,-1
281,23,897,732,123,106,1,-1,-1,-1
281,29,878,692,120,178,1,-1,-1,-1
281,30,1904,603,160,206,1,-1,-1,-1
281,31,1508,672,180,180,1,-1,-1,-1
281,32,838,836,112,132,1,-1,-1,-1
281,38,893,800,120,80,1,-1,-1,-1
281,49,1430,490,112,128,1,-1,-1,-1
281,58,1915,187,97,168,1,-1,-1,-1
281,61,2224,316,184,316,1,-1,-1,-1
281,62,1100,520,156,224,1,-1,-1,-1
281,63,0,832,120,176,1,-1,-1,-1
281,65,1543,150,99,175,1,-1,-1,-1
281,66,836,883,114,69,1,-1,-1,-1
281,68,1644,452,96,244,1,-1,-1,-1
281,69,960,552,160,248,1,-1,-1,-1
281,70,1241,572,96,180,1,-1,-1,-1
281,71,1368,436,208,228,1,-1,-1,-1
281,72,1822,593,192,91,1,-1,-1,-1
281,73,1086,612,132,176,1,-1,-1,-1
281,74,1848,564,160,224,1,-1,-1,-1
281,75,1924,136,220,224,1,-1,-1,-1
281,76,1572,292,120,256,1,-1,-1,-1
282,22,825,663,216,288,1,-1,-1,-1
282,23,906,725,123,106,1,-1,-1,-1
282,29,886,687,120,178,1,-1,-1,-1
282,30,1910,590,160,206,1,-1,-1,-1
282,31,1517,671,171,171,1,-1,-1,-1
282,32,843,827,112,132,1,-1,-1,-1
282,38,900,795,120,80,1,-1,-1,-1
282,49,1438,478,112,128,1,-1,-1,-1
282,58,1923,173,97,168,1,-1,-1,-1
282,61,2225,312,184,316,1,-1,-1,-1
282,62,1101,514,156,224,1,-1,-1,-1
282,63,4,824,120,176,1,-1,-1,-1
282,65,1547,138,99,175,1,-1,-1,-1
282,66,841,877,114,69,1,-1,-1,-1
282,68,1647,454,91,232,1,-1,-1,-1
282,69,958,540,168,260,1,-1,-1,-1
282,70,1250,555,96,180,1,-1,-1,-1
282,71,1371,426,208,228,1,-1,-1,-1
282,72,1820,589,183,86,1,-1,-1,-1
282,73,1089,595,139,185,1,-1,-1,-1
282,74,1850,559,160,224,1,-1,-1,-1
282,75,1924,131,220,224,1,-1,-1,-1
282,76,1572,288,120,256,1,-1,-1,-1
283,22,830,657,216,288,1,-1,-1,-1
283,23,911,714,123,106,1,-1,-1,-1
283,29,888,679,120,178,1,-1,-1,-1
283,30,1919,581,160,206,1,-1,-1,-1
283,31,1523,659,171,171,1,-1,-1,-1
283,32,848,818,112,132,1,-1,-1,-1
283,38,903,783,120,80,1,-1,-1,-1
283,49,1443,463,112,128,1,-1,-1,-1
283,58,1925,163,97,168,1,-1,-1,-1
283,61,2234,315,175,301,1,-1,-1,-1
283,62,1107,505,156,224,1,-1,-1,-1
283,63,10,813,120,176,1,-1,-1,-1
283,65,1547,130,99,175,1,-1,-1,-1
283,66,845,866,114,69,1,-1,-1,-1
283,68,1650,445,87,221,1,-1,-1,-1
283,69,963,531,168,260,1,-1,-1,-1
283,70,1255,539,96,180,1,-1,-1,-1
283,71,1380,425,198,217,1,-1,-1,-1
283,72,1818,579,183,86,1,-1,-1,-1
283,73,1091,586,139,185,1,-1,-1,-1
283,74,1852,545,160,224,1,-1,-1,-1
283,75,1926,119,220,224,1,-1,-1,-1
283,76,1574,277,120,256,1,-1,-1,-1
284,22,840,639,216,288,1,-1,-1,-1
284,23,917,703,123,106,1,-1,-1,-1
284,29,895,658,126,187,1,-1,-1,-1
284,30,1927,567,160,206,1,-1,-1,-1
284,31,1529,647,171,171,1,-1,-1,-1
284,32,852,804,112,132,1,-1,-1,-1
284,38,910,770,120,80,1,-1,-1,-1
284,49,1450,448,112,128,1,-1,-1,-1
284,58,1926,150,97,168,1,-1,-1,-1
284,61,2238,284,184,316,1,-1,-1,-1
284,62,1112,489,156,224,1,-1,-1,-1
284,63,17,797,120,176,1,-1,-1,-1
284,65,1549,110,104,184,1,-1,-1,-1
284,66,848,854,114,69,1,-1,-1,-1
284,68,1656,428,87,221,1,-1,-1,-1
284,69,969,516,168,260,1,-1,-1,-1
284,70,1260,520,101,189,1,-1,-1,-1
284,71,1382,401,208,228,1,-1,-1,-1
284,72,1823,568,174,82,1,-1,-1,-1
284,73,1094,571,139,185,1,-1,-1,-1
284,74,1856,530,160,224,1,-1,-1,-1
284,75,1928,104,220,224,1,-1,-1,-1
284,76,1576,264,120,256,1,-1,-1,-1
285,22,835,633,216,288,1,-1,-1,-1
285,23,919,697,123,106,1,-1,-1,-1
285,29,894,649,126,187,1,-1,-1,-1
285,30,1932,561,152,196,1,-1,-1,-1
285,31,1531,640,171,171,1,-1,-1,-1
285,32,852,794,112,132,1,-1,-1,-1
285,38,910,761,120,80,1,-1,-1,-1
285,49,1451,435,112,128,1,-1,-1,-1
285,58,1926,137,97,168,1,-1,-1,-1
285,61,2239,277,184,316,1,-1,-1,-1
285,62,1114,483,156,224,1,-1,-1,-1
285,63,18,791,120,176,1,-1,-1,-1
285,65,1549,97,104,184,1,-1,-1,-1
285,66,848,844,114,69,1,-1,-1,-1
285,68,1657,422,87,221,1,-1,-1,-1
285,69,972,514,168,260,1,-1,-1,-1
285,70,1266,506,101,189,1,-1,-1,-1
285,71,1390,400,198,217,1,-1,-1,-1
285,72,1826,560,166,78,1,-1,-1,-1
285,73,1095,564,139,185,1,-1,-1,-1
285,74,1856,526,160,224,1,-1,-1,-1
285,75,1927,98,220,224,1,-1,-1,-1
285,76,1580,262,114,244,1,-1,-1,-1
286,22,834,632,216,288,1,-1,-1,-1
286,23,922,694,123,106,1,-1,-1,-1
286,29,896,644,126,187,1,-1,-1,-1
286,30,1936,565,145,187,1,-1,-1,-1
286,31,1531,637,171,171,1,-1,-1,-1
286,32,850,793,112,132,1,-1,-1,-1
286,38,912,758,120,80,1,-1,-1,-1
286,49,1455,435,107,122,1,-1,-1,-1
286,58,1926,135,97,168,1,-1,-1,-1
286,61,2232,258,193,332,1,-1,-1,-1
286,62,1111,482,156,224,1,-1,-1,-1
286,63,19,790,120,176,1,-1,-1,-1
286,65,1549,95,104,184,1,-1,-1,-1
286,66,846,841,114,69,1,-1,-1,-1
286,68,1657,417,87,221,1,-1,-1,-1
286,69,969,507,168,260,1,-1,-1,-1
286,70,1263,502,106,198,1,-1,-1,-1
286,71,1390,395,198,217,1,-1,-1,-1
286,72,1821,558,166,78,1,-1,-1,-1
286,73,1098,568,132,176,1,-1,-1,-1
286,74,1852,525,160,224,1,-1,-1,-1
286,75,1926,95,220,224,1,-1,-1,-1
286,76,1581,259,114,244,1,-1,-1,-1
287,22,836,630,216,288,1,-1,-1,-1
287,23,922,694,123,106,1,-1,-1,-1
287,29,899,645,126,187,1,-1,-1,-1
287,30,1939,567,145,187,1,-1,-1,-1
287,31,1532,636,171,171,1,-1,-1,-1
287,32,849,793,112,132,1,-1,-1,-1
287,38,916,757,120,80,1,-1,-1,-1
287,49,1457,434,107,122,1,-1,-1,-1
287,61,2236,267,184,316,1,-1,-1,-1
287,62,1117,485,149,213,1,-1,-1,-1
287,63,21,790,120,176,1,-1,-1,-1
287,65,1546,96,104,184,1,-1,-1,-1
287,66,846,842,114,69,1,-1,-1,-1
287,68,1657,418,87,221,1,-1,-1,-1
287,69,966,506,168,260,1,-1,-1,-1
287,70,1265,502,106,198,1,-1,-1,-1
287,71,1392,395,198,217,1,-1,-1,-1
287,72,1823,560,158,75,1,-1,-1,-1
287,73,1100,566,132,176,1,-1,-1,-1
287,74,1852,525,160,224,1,-1,-1,-1
287,75,1926,94,220,224,1,-1,-1,-1
287,76,1575,253,120,256,1,-1,-1,-1
288,22,837,627,216,288,1,-1,-1,-1
288,23,925,694,123,106,1,-1,-1,-1
288,29,898,645,126,187,1,-1,-1,-1
288,30,1940,567,145,187,1,-1,-1,-1
288,31,1532,637,171,171,1,-1,-1,-1
288,32,848,793,112,132,1,-1,-1,-1
288,38,918,758,120,80,1,-1,-1,-1
288,49,1458,434,107,122,1,-1,-1,-1
288,61,2239,266,184,316,1,-1,-1,-1
288,62,1118,482,149,213,1,-1,-1,-1
288,63,22,791,120,176,1,-1,-1,-1
288,65,1547,96,104,184,1,-1,-1,-1
288,66,845,841,114,69,1,-1,-1,-1
288,68,1655,411,91,232,1,-1,-1,-1
288,69,970,510,160,248,1,-1,-1,-1
288,70,1268,504,106,198,1,-1,-1,-1
288,71,1392,396,198,217,1,-1,-1,-1
288,72,1819,561,158,75,1,-1,-1,-1
288,73,1103,563,132,176,1,-1,-1,-1
288,74,1850,528,160,224,1,-1,-1,-1
288,75,1920,89,231,235,1,-1,-1,-1
288,76,1577,262,114,244,1,-1,-1,-1
289,22,837,627,216,288,1,-1,-1,-1
289,23,925,694,123,106,1,-1,-1,-1
289,29,898,645,126,187,1,-1,-1,-1
289,30,1940,567,145,187,1,-1,-1,-1
289,31,1540,632,184,176,1,-1,-1,-1
289,32,840,780,116,136,1,-1,-1,-1
289,38,918,758,120,80,1,-1,-1,-1
289,49,1458,434,107,122,1,-1,-1,-1
289,61,2239,266,184,316,1,-1,-1,-1
289,62,1124,484,132,212,1,-1,-1,-1
289,63,0,788,156,180,1,-1,-1,-1
289,65,1547,96,104,184,1,-1,-1,-1
289,66,845,841,114,69,1,-1,-1,-1
289,68,1652,408,96,240,1,-1,-1,-1
289,69,1008,532,96,216,1,-1,-1,-1
289,70,1268,504,106,198,1,-1,-1,-1
289,71,1452,404,132,220,1,-1,-1,-1
289,72,1819,561,158,75,1,-1,-1,-1
289,73,1103,563,132,176,1,-1,-1,-1
289,74,1860,528,188,232,1,-1,-1,-1
289,75,1920,89,231,235,1,-1,-1,-1
289,76,1577,262,114,244,1,-1,-1,-1
289,77,1368,404,112,220,1,-1,-1,-1
289,78,1276,588,88,104,1,-1,-1,-1
290,22,841,628,216,288,1,-1,-1,-1
290,23,927,693,123,106,1,-1,-1,-1
290,29,906,643,126,187,1,-1,-1,-1
290,30,1944,564,145,187,1,-1,-1,-1
290,31,1541,631,184,176,1,-1,-1,-1
290,32,840,779,116,136,1,-1,-1,-1
290,38,920,754,120,80,1,-1,-1,-1
290,49,1462,433,107,122,1,-1,-1,-1
290,61,2234,255,184,316,1,-1,-1,-1
290,62,1126,482,132,212,1,-1,-1,-1
290,63,3,787,156,180,1,-1,-1,-1
290,65,1547,94,104,184,1,-1,-1,-1
290,66,843,839,114,69,1,-1,-1,-1
290,68,1651,406,96,240,1,-1,-1,-1
290,69,1008,531,96,216,1,-1,-1,-1
290,70,1271,503,106,198,1,-1,-1,-1
290,71,1453,404,132,220,1,-1,-1,-1
290,72,1809,561,158,75,1,-1,-1,-1
290,73,1113,559,132,176,1,-1,-1,-1
290,74,1859,527,188,232,1,-1,-1,-1
290,75,1913,90,231,235,1,-1,-1,-1
290,76,1574,260,114,244,1,-1,-1,-1
290,77,1367,404,112,220,1,-1,-1,-1
290,78,1278,586,88,104,1,-1,-1,-1
291,22,838,626,216,288,1,-1,-1,-1
291,23,930,695,117,101,1,-1,-1,-1
291,29,904,637,132,196,1,-1,-1,-1
291,30,1953,568,138,178,1,-1,-1,-1
291,31,1542,629,184,176,1,-1,-1,-1
291,32,839,779,116,136,1,-1,-1,-1
291,38,922,753,120,80,1,-1,-1,-1
291,49,1464,432,107,122,1,-1,-1,-1
291,61,2239,268,175,301,1,-1,-1,-1
291,62,1127,481,132,212,1,-1,-1,-1
291,63,5,788,156,180,1,-1,-1,-1
291,65,1546,94,104,184,1,-1,-1,-1
291,66,843,837,114,69,1,-1,-1,-1
291,68,1652,406,96,240,1,-1,-1,-1
291,69,1010,529,96,216,1,-1,-1,-1
291,70,1273,503,106,198,1,-1,-1,-1
291,71,1454,403,132,220,1,-1,-1,-1
291,72,1806,562,158,75,1,-1,-1,-1
291,73,1115,552,132,176,1,-1,-1,-1
291,74,1858,528,188,232,1,-1,-1,-1
291,75,1912,91,231,235,1,-1,-1,-1
291,76,1576,261,109,232,1,-1,-1,-1
291,77,1367,404,112,220,1,-1,-1,-1
291,78,1280,583,88,104,1,-1,-1,-1
292,22,830,622,227,302,1,-1,-1,-1
292,23,931,694,117,101,1,-1,-1,-1
292,29,904,638,132,196,1,-1,-1,-1
292,30,1953,572,138,178,1,-1,-1,-1
292,31,1542,630,184,176,1,-1,-1,-1
292,32,837,777,116,136,1,-1,-1,-1
292,38,920,752,120,80,1,-1,-1,-1
292,49,1462,428,112,128,1,-1,-1,-1
292,61,2240,270,175,301,1,-1,-1,-1
292,62,1131,486,126,202,1,-1,-1,-1
292,63,7,786,156,180,1,-1,-1,-1
292,65,1545,94,104,184,1,-1,-1,-1
292,66,842,835,114,69,1,-1,-1,-1
292,68,1651,403,96,240,1,-1,-1,-1
292,69,1010,528,96,216,1,-1,-1,-1
292,70,1277,501,101,189,1,-1,-1,-1
292,71,1453,402,132,220,1,-1,-1,-1
292,72,1801,563,158,75,1,-1,-1,-1
292,73,1117,555,132,176,1,-1,-1,-1
292,74,1857,527,188,232,1,-1,-1,-1
292,75,1904,91,231,235,1,-1,-1,-1
292,76,1575,263,109,232,1,-1,-1,-1
292,77,1366,404,112,220,1,-1,-1,-1
292,78,1279,581,88,104,1,-1,-1,-1
293,22,834,627,216,288,1,-1,-1,-1
293,23,925,691,123,106,1,-1,-1,-1
293,29,907,643,126,187,1,-1,-1,-1
293,30,1954,574,132,169,1,-1,-1,-1
293,31,1540,631,184,176,1,-1,-1,-1
293,32,835,776,116,136,1,-1,-1,-1
293,38,917,752,120,80,1,-1,-1,-1
293,49,1460,428,112,128,1,-1,-1,-1
293,61,2236,273,175,301,1,-1,-1,-1
293,62,1130,486,126,202,1,-1,-1,-1
293,63,10,787,156,180,1,-1,-1,-1
293,65,1544,93,104,184,1,-1,-1,-1
293,66,839,834,114,69,1,-1,-1,-1
293,68,1651,405,96,240,1,-1,-1,-1
293,69,1010,527,96,216,1,-1,-1,-1
293,70,1280,502,96,180,1,-1,-1,-1
293,71,1451,404,132,220,1,-1,-1,-1
293,72,1796,563,151,71,1,-1,-1,-1
293,73,1121,561,126,168,1,-1,-1,-1
293,74,1854,528,188,232,1,-1,-1,-1
293,75,1899,91,231,235,1,-1,-1,-1
293,76,1570,264,109,232,1,-1,-1,-1
293,77,1364,404,112,220,1,-1,-1,-1
293,78,1279,576,88,104,1,-1,-1,-1
294,22,827,631,216,288,1,-1,-1,-1
294,23,919,692,123,106,1,-1,-1,-1
294,30,1947,572,138,178,1,-1,-1,-1
294,31,1537,633,184,176,1,-1,-1,-1
294,32,832,776,116,136,1,-1,-1,-1
294,38,913,753,120,80,1,-1,-1,-1
294,49,1457,424,118,134,1,-1,-1,-1
294,61,2237,278,175,301,1,-1,-1,-1
294,62,1130,488,126,202,1,-1,-1,-1
294,63,11,790,156,180,1,-1,-1,-1
294,65,1544,94,104,184,1,-1,-1,-1
294,66,836,834,114,69,1,-1,-1,-1
294,68,1647,405,96,240,1,-1,-1,-1
294,69,1008,529,96,216,1,-1,-1,-1
294,70,1281,500,96,180,1,-1,-1,-1
294,71,1449,407,132,220,1,-1,-1,-1
294,73,1118,560,132,176,1,-1,-1,-1
294,74,1849,531,188,232,1,-1,-1,-1
294,75,1890,93,231,235,1,-1,-1,-1
294,76,1566,257,114,244,1,-1,-1,-1
294,77,1357,400,118,231,1,-1,-1,-1
294,78,1282,577,84,99,1,-1,-1,-1
295,22,820,634,216,288,1,-1,-1,-1
295,30,1944,575,138,178,1,-1,-1,-1
295,31,1532,639,184,176,1,-1,-1,-1
295,32,829,780,116,136,1,-1,-1,-1
295,38,909,759,120,80,1,-1,-1,-1
295,49,1456,429,118,134,1,-1,-1,-1
295,61,2240,281,175,301,1,-1,-1,-1
295,62,1127,495,126,202,1,-1,-1,-1
295,63,10,793,156,180,1,-1,-1,-1
295,65,1542,98,104,184,1,-1,-1,-1
295,66,833,838,114,69,1,-1,-1,-1
295,68,1644,414,91,229,1,-1,-1,-1
295,69,1008,530,96,216,1,-1,-1,-1
295,70,1278,496,101,189,1,-1,-1,-1
295,71,1447,413,132,220,1,-1,-1,-1
295,73,1117,571,132,176,1,-1,-1,-1
295,74,1844,534,188,232,1,-1,-1,-1
295,75,1883,98,231,235,1,-1,-1,-1
295,76,1560,261,114,244,1,-1,-1,-1
295,77,1350,403,118,231,1,-1,-1,-1
295,78,1281,578,84,99,1,-1,-1,-1
296,22,822,645,216,288,1,-1,-1,-1
296,30,1943,583,138,178,1,-1,-1,-1
296,31,1528,653,184,176,1,-1,-1,-1
296,32,823,792,116,136,1,-1,-1,-1
296,38,902,771,120,80,1,-1,-1,-1
296,49,1453,439,118,134,1,-1,-1,-1
296,61,2245,297,175,301,1,-1,-1,-1
296,62,1125,507,126,202,1,-1,-1,-1
296,63,7,805,156,180,1,-1,-1,-1
296,65,1536,110,104,184,1,-1,-1,-1
296,66,830,850,114,69,1,-1,-1,-1
296,68,1638,424,91,229,1,-1,-1,-1
296,69,1008,550,91,206,1,-1,-1,-1
296,70,1276,503,101,189,1,-1,-1,-1
296,71,1445,423,132,220,1,-1,-1,-1
296,73,1110,583,139,185,1,-1,-1,-1
296,74,1834,545,197,244,1,-1,-1,-1
296,75,1874,116,231,235,1,-1,-1,-1
296,76,1560,275,109,232,1,-1,-1,-1
296,77,1349,413,118,231,1,-1,-1,-1
296,78,1278,589,84,99,1,-1,-1,-1
297,22,822,645,216,288,1,-1,-1,-1
297,30,1943,583,138,178,1,-1,-1,-1
297,31,1524,652,180,196,1,-1,-1,-1
297,32,820,784,112,172,1,-1,-1,-1
297,38,902,771,120,80,1,-1,-1,-1
297,49,1453,439,118,134,1,-1,-1,-1
297,61,2245,297,175,301,1,-1,-1,-1
297,62,1125,507,126,202,1,-1,-1,-1
297,63,0,824,156,180,1,-1,-1,-1
297,65,1536,110,104,184,1,-1,-1,-1
297,66,830,850,114,69,1,-1,-1,-1
297,68,1616,416,96,268,1,-1,-1,-1
297,69,984,548,148,244,1,-1,-1,-1
297,70,1272,512,92,176,1,-1,-1,-1
297,71,1436,452,144,220,1,-1,-1,-1
297,73,1110,583,139,185,1,-1,-1,-1
297,74,1834,545,197,244,1,-1,-1,-1
297,75,1884,156,164,208,1,-1,-1,-1
297,76,1560,275,109,232,1,-1,-1,-1
297,77,1349,413,118,231,1,-1,-1,-1
297,78,1278,589,84,99,1,-1,-1,-1
297,79,1816,528,108,204,1,-1,-1,-1
297,80,1912,580,120,240,1,-1,-1,-1
297,81,1320,436,112,220,1,-1,-1,-1
298,22,801,681,216,288,1,-1,-1,-1
298,30,1930,621,138,178,1,-1,-1,-1
298,31,1518,669,180,196,1,-1,-1,-1
298,32,814,801,112,172,1,-1,-1,-1
298,38,888,800,120,80,1,-1,-1,-1
298,49,1443,466,118,134,1,-1,-1,-1
298,61,2262,323,175,301,1,-1,-1,-1
298,62,1114,531,132,212,1,-1,-1,-1
298,63,0,839,152,180,1,-1,-1,-1
298,65,1527,142,104,184,1,-1,-1,-1
298,66,816,876,114,69,1,-1,-1,-1
298,68,1613,433,96,268,1,-1,-1,-1
298,69,980,566,148,244,1,-1,-1,-1
298,70,1267,529,92,176,1,-1,-1,-1
298,71,1432,468,144,220,1,-1,-1,-1
298,73,1101,607,139,185,1,-1,-1,-1
298,74,1819,578,197,244,1,-1,-1,-1
298,75,1875,173,164,208,1,-1,-1,-1
298,76,1544,304,109,232,1,-1,-1,-1
298,77,1331,449,118,231,1,-1,-1,-1
298,78,1268,620,84,99,1,-1,-1,-1
298,79,1810,549,108,204,1,-1,-1,-1
298,80,1907,600,120,240,1,-1,-1,-1
298,81,1316,457,112,220,1,-1,-1,-1
299,22,795,695,216,288,1,-1,-1,-1
299,30,1931,641,138,178,1,-1,-1,-1
299,31,1513,681,180,196,1,-1,-1,-1
299,32,809,812,112,172,1,-1,-1,-1
299,38,881,817,120,80,1,-1,-1,-1
299,49,1442,480,118,134,1,-1,-1,-1
299,61,2267,334,167,287,1,-1,-1,-1
299,62,1110,540,132,212,1,-1,-1,-1
299,63,0,850,148,180,1,-1,-1,-1
299,65,1519,157,104,184,1,-1,-1,-1
299,66,812,890,109,65,1,-1,-1,-1
299,68,1609,446,91,255,1,-1,-1,-1
299,69,978,580,141,232,1,-1,-1,-1
299,70,1263,542,92,176,1,-1,-1,-1
299,71,1429,479,144,220,1,-1,-1,-1
299,73,1098,622,139,185,1,-1,-1,-1
299,74,1818,593,197,244,1,-1,-1,-1
299,75,1872,190,156,198,1,-1,-1,-1
299,76,1535,319,114,244,1,-1,-1,-1
299,77,1329,468,118,231,1,-1,-1,-1
299,78,1265,635,84,99,1,-1,-1,-1
299,79,1800,560,103,194,1,-1,-1,-1
299,80,1904,613,120,240,1,-1,-1,-1
299,81,1310,467,112,220,1,-1,-1,-1
300,22,791,700,216,288,1,-1,-1,-1
300,30,1932,648,138,178,1,-1,-1,-1
300,31,1511,685,180,196,1,-1,-1,-1
300,32,803,813,118,181,1,-1,-1,-1
300,38,877,825,120,80,1,-1,-1,-1
300,49,1442,485,118,134,1,-1,-1,-1
300,61,2271,347,159,273,1,-1,-1,-1
300,62,1112,545,126,202,1,-1,-1,-1
300,63,0,856,147,180,1,-1,-1,-1
300,65,1516,161,109,193,1,-1,-1,-1
300,66,811,898,109,65,1,-1,-1,-1
300,68,1605,450,91,255,1,-1,-1,-1
300,69,972,580,148,244,1,-1,-1,-1
300,70,1261,548,92,176,1,-1,-1,-1
300,71,1431,487,137,210,1,-1,-1,-1
300,73,1097,625,139,185,1,-1,-1,-1
300,74,1811,595,207,256,1,-1,-1,-1
300,75,1866,195,156,198,1,-1,-1,-1
300,76,1524,322,114,244,1,-1,-1,-1
300,77,1321,467,118,231,1,-1,-1,-1
300,78,1263,641,84,99,1,-1,-1,-1
300,79,1794,566,103,194,1,-1,-1,-1
300,80,1901,616,120,240,1,-1,-1,-1
300,81,1308,479,107,210,1,-1,-1,-1
301,22,785,704,216,288,1,-1,-1,-1
301,31,1509,688,180,196,1,-1,-1,-1
301,32,799,816,118,181,1,-1,-1,-1
301,38,872,829,120,80,1,-1,-1,-1
301,49,1444,490,112,128,1,-1,-1,-1
301,61,2266,348,159,273,1,-1,-1,-1
301,62,1112,543,126,202,1,-1,-1,-1
301,63,0,856,147,180,1,-1,-1,-1
301,65,1514,168,104,184,1,-1,-1,-1
301,66,809,901,109,65,1,-1,-1,-1
301,68,1600,453,91,255,1,-1,-1,-1
301,69,969,584,148,244,1,-1,-1,-1
301,70,1258,550,92,176,1,-1,-1,-1
301,71,1429,490,137,210,1,-1,-1,-1
301,73,1095,625,139,185,1,-1,-1,-1
301,74,1810,596,207,256,1,-1,-1,-1
301,75,1862,198,156,198,1,-1,-1,-1
301,76,1523,327,114,244,1,-1,-1,-1
301,77,1318,468,118,231,1,-1,-1,-1
301,78,1263,645,84,99,1,-1,-1,-1
301,79,1788,570,103,194,1,-1,-1,-1
301,80,1902,621,114,229,1,-1,-1,-1
301,81,1302,477,112,220,1,-1,-1,-1
302,22,782,707,216,288,1,-1,-1,-1
302,31,1507,692,180,196,1,-1,-1,-1
302,32,796,817,118,181,1,-1,-1,-1
302,38,867,834,120,80,1,-1,-1,-1
302,49,1443,493,112,128,1,-1,-1,-1
302,61,2262,349,159,273,1,-1,-1,-1
302,62,1111,545,126,202,1,-1,-1,-1
302,63,0,859,146,180,1,-1,-1,-1
302,65,1509,166,109,193,1,-1,-1,-1
302,66,804,904,109,65,1,-1,-1,-1
302,68,1596,459,91,255,1,-1,-1,-1
302,69,966,590,148,244,1,-1,-1,-1
302,70,1256,556,92,176,1,-1,-1,-1
302,71,1430,495,137,210,1,-1,-1,-1
302,73,1100,631,132,176,1,-1,-1,-1
302,74,1813,603,207,256,1,-1,-1,-1
302,75,1853,202,156,198,1,-1,-1,-1
302,76,1518,328,114,244,1,-1,-1,-1
302,77,1312,473,118,231,1,-1,-1,-1
302,78,1261,649,84,99,1,-1,-1,-1
302,79,1781,578,98,185,1,-1,-1,-1
302,80,1897,624,114,229,1,-1,-1,-1
302,81,1298,481,112,220,1,-1,-1,-1
303,22,788,714,206,274,1,-1,-1,-1
303,31,1504,696,180,196,1,-1,-1,-1
303,32,796,824,112,172,1,-1,-1,-1
303,38,862,839,120,80,1,-1,-1,-1
303,49,1446,501,107,122,1,-1,-1,-1
303,62,1110,544,126,202,1,-1,-1,-1
303,63,0,860,144,180,1,-1,-1,-1
303,65,1505,173,109,193,1,-1,-1,-1
303,66,803,906,109,65,1,-1,-1,-1
303,68,1594,469,87,243,1,-1,-1,-1
303,69,963,593,148,244,1,-1,-1,-1
303,70,1256,562,88,168,1,-1,-1,-1
303,71,1429,496,137,210,1,-1,-1,-1
303,73,1098,631,132,176,1,-1,-1,-1
303,74,1813,608,197,244,1,-1,-1,-1
303,75,1849,207,156,198,1,-1,-1,-1
303,77,1309,476,118,231,1,-1,-1,-1
303,78,1260,653,84,99,1,-1,-1,-1
303,79,1776,583,98,185,1,-1,-1,-1
303,80,1895,625,114,229,1,-1,-1,-1
303,81,1295,485,112,220,1,-1,-1,-1
304,22,782,715,216,288,1,-1,-1,-1
304,31,1502,700,180,196,1,-1,-1,-1
304,32,794,829,112,172,1,-1,-1,-1
304,38,859,843,120,80,1,-1,-1,-1
304,49,1446,503,107,122,1,-1,-1,-1
304,62,1115,549,120,192,1,-1,-1,-1
304,63,0,865,142,180,1,-1,-1,-1
304,65,1502,177,109,193,1,-1,-1,-1
304,66,802,912,109,65,1,-1,-1,-1
304,68,1587,466,91,255,1,-1,-1,-1
304,69,958,590,155,256,1,-1,-1,-1
304,70,1254,564,88,168,1,-1,-1,-1
304,71,1426,493,144,220,1,-1,-1,-1
304,73,1098,631,132,176,1,-1,-1,-1
304,74,1801,613,197,244,1,-1,-1,-1
304,75,1849,216,149,189,1,-1,-1,-1
304,77,1302,476,118,231,1,-1,-1,-1
304,78,1259,651,84,99,1,-1,-1,-1
304,79,1770,584,103,194,1,-1,-1,-1
304,80,1897,634,109,218,1,-1,-1,-1
304,81,1291,489,112,220,1,-1,-1,-1
