1,0,1960,324,200,236,1,-1,-1,-1
1,1,388,648,176,184,1,-1,-1,-1
1,2,1368,124,92,264,1,-1,-1,-1
1,3,692,608,140,172,1,-1,-1,-1
1,4,1200,508,220,196,1,-1,-1,-1
1,5,312,580,164,196,1,-1,-1,-1
1,6,1540,284,128,192,1,-1,-1,-1
1,7,2140,104,112,272,1,-1,-1,-1
1,8,1496,448,216,204,1,-1,-1,-1
1,9,1168,424,256,156,1,-1,-1,-1
1,10,836,504,128,164,1,-1,-1,-1
2,0,1961,326,200,236,1,-1,-1,-1
2,1,389,650,176,184,1,-1,-1,-1
2,2,1370,133,88,251,1,-1,-1,-1
2,3,692,611,140,172,1,-1,-1,-1
2,4,1201,511,220,196,1,-1,-1,-1
2,5,312,582,164,196,1,-1,-1,-1
2,6,1541,286,128,192,1,-1,-1,-1
2,7,2141,105,112,272,1,-1,-1,-1
2,8,1497,450,216,204,1,-1,-1,-1
2,9,1172,428,256,156,1,-1,-1,-1
2,10,836,507,128,164,1,-1,-1,-1
3,0,1962,331,200,236,1,-1,-1,-1
3,1,390,654,176,184,1,-1,-1,-1
3,2,1370,136,88,251,1,-1,-1,-1
3,3,694,619,133,164,1,-1,-1,-1
3,4,1205,514,220,196,1,-1,-1,-1
3,5,314,586,164,196,1,-1,-1,-1
3,6,1540,290,128,192,1,-1,-1,-1
3,7,2142,108,112,272,1,-1,-1,-1
3,8,1500,455,216,204,1,-1,-1,-1
3,9,1180,436,244,149,1,-1,-1,-1
3,10,836,512,128,164,1,-1,-1,-1
4,0,1962,331,200,236,1,-1,-1,-1
4,1,393,656,176,184,1,-1,-1,-1
4,2,1370,138,88,251,1,-1,-1,-1
4,3,695,621,133,164,1,-1,-1,-1
4,4,1212,526,210,187,1,-1,-1,-1
4,5,315,591,164,196,1,-1,-1,-1
4,6,1541,298,122,183,1,-1,-1,-1
4,7,2142,109,112,272,1,-1,-1,-1
4,8,1502,458,216,204,1,-1,-1,-1
4,9,1183,438,244,149,1,-1,-1,-1
4,10,835,516,128,164,1,-1,-1,-1
5,0,1962,336,200,236,1,-1,-1,-1
5,1,396,658,176,184,1,-1,-1,-1
5,2,1366,137,88,251,1,-1,-1,-1
5,3,693,620,140,172,1,-1,-1,-1
5,4,1216,529,210,187,1,-1,-1,-1
5,5,317,596,164,196,1,-1,-1,-1
5,6,1541,301,122,183,1,-1,-1,-1
5,7,2142,111,112,272,1,-1,-1,-1
5,8,1504,461,216,204,1,-1,-1,-1
5,9,1178,439,256,156,1,-1,-1,-1
5,10,838,524,122,156,1,-1,-1,-1
6,0,1959,337,200,236,1,-1,-1,-1
6,1,395,662,176,184,1,-1,-1,-1
6,3,688,619,147,181,1,-1,-1,-1
6,4,1222,535,200,178,1,-1,-1,-1
6,5,317,599,164,196,1,-1,-1,-1
6,6,1541,304,122,183,1,-1,-1,-1
6,7,2142,113,112,272,1,-1,-1,-1
6,8,1510,467,206,194,1,-1,-1,-1
6,9,1177,442,256,156,1,-1,-1,-1
6,10,837,528,122,156,1,-1,-1,-1
7,0,1960,339,200,236,1,-1,-1,-1
7,1,397,665,176,184,1,-1,-1,-1
7,3,689,624,147,181,1,-1,-1,-1
7,5,316,601,164,196,1,-1,-1,-1
7,6,1540,306,122,183,1,-1,-1,-1
7,7,2143,114,112,272,1,-1,-1,-1
7,8,1516,474,196,185,1,-1,-1,-1
7,10,836,530,122,156,1,-1,-1,-1
8,0,1960,342,200,236,1,-1,-1,-1
8,1,400,665,176,184,1,-1,-1,-1
8,3,690,626,147,181,1,-1,-1,-1
8,5,319,604,164,196,1,-1,-1,-1
8,6,1539,308,122,183,1,-1,-1,-1
8,7,2141,113,112,272,1,-1,-1,-1
8,10,836,530,122,156,1,-1,-1,-1
9,0,1996,328,164,256,1,-1,-1,-1
9,1,380,660,172,196,1,-1,-1,-1
9,3,690,626,147,181,1,-1,-1,-1
9,5,312,616,172,180,1,-1,-1,-1
9,6,1528,300,144,228,1,-1,-1,-1
9,7,2141,113,112,272,1,-1,-1,-1
9,10,836,530,122,156,1,-1,-1,-1
9,11,1216,524,264,196,1,-1,-1,-1
9,12,1360,168,100,248,1,-1,-1,-1
9,13,0,736,52,120,1,-1,-1,-1
9,14,1608,540,180,144,1,-1,-1,-1
9,15,1832,12,164,216,1,-1,-1,-1
9,16,1048,412,176,212,1,-1,-1,-1
10,0,1997,329,164,256,1,-1,-1,-1
10,1,382,663,172,196,1,-1,-1,-1
10,3,691,635,147,181,1,-1,-1,-1
10,5,318,622,164,171,1,-1,-1,-1
10,6,1530,302,144,228,1,-1,-1,-1
10,7,2143,113,112,272,1,-1,-1,-1
10,10,837,535,122,156,1,-1,-1,-1
10,11,1217,527,264,196,1,-1,-1,-1
10,12,1361,167,100,248,1,-1,-1,-1
10,13,3,740,52,120,1,-1,-1,-1
10,14,1612,542,180,144,1,-1,-1,-1
10,15,1828,14,164,216,1,-1,-1,-1
10,16,1054,419,168,202,1,-1,-1,-1
11,0,1998,331,164,256,1,-1,-1,-1
11,1,384,665,172,196,1,-1,-1,-1
11,5,320,624,164,171,1,-1,-1,-1
11,6,1527,299,151,239,1,-1,-1,-1
11,10,837,538,122,156,1,-1,-1,-1
11,11,1223,528,264,196,1,-1,-1,-1
11,12,1362,168,100,248,1,-1,-1,-1
11,13,11,741,52,120,1,-1,-1,-1
11,14,1620,544,180,144,1,-1,-1,-1
11,15,1825,15,164,216,1,-1,-1,-1
11,16,1056,421,168,202,1,-1,-1,-1
12,0,1999,337,164,256,1,-1,-1,-1
12,1,385,668,172,196,1,-1,-1,-1
12,5,318,621,172,180,1,-1,-1,-1
12,6,1525,303,151,239,1,-1,-1,-1
12,10,837,539,122,156,1,-1,-1,-1
12,11,1221,531,264,196,1,-1,-1,-1
12,12,1364,169,100,248,1,-1,-1,-1
12,13,16,747,52,120,1,-1,-1,-1
12,14,1631,549,171,137,1,-1,-1,-1
12,15,1820,17,164,216,1,-1,-1,-1
12,16,1060,423,168,202,1,-1,-1,-1
13,0,1998,338,164,256,1,-1,-1,-1
13,1,387,671,172,196,1,-1,-1,-1
13,5,319,623,172,180,1,-1,-1,-1
13,6,1530,310,144,228,1,-1,-1,-1
13,10,837,541,122,156,1,-1,-1,-1
13,11,1226,531,264,196,1,-1,-1,-1
13,12,1365,171,100,248,1,-1,-1,-1
13,13,23,751,52,120,1,-1,-1,-1
13,14,1632,554,171,137,1,-1,-1,-1
13,15,1816,19,164,216,1,-1,-1,-1
13,16,1059,427,168,202,1,-1,-1,-1
14,0,2000,339,164,256,1,-1,-1,-1
14,1,384,668,181,206,1,-1,-1,-1
14,5,321,626,172,180,1,-1,-1,-1
14,6,1533,319,137,217,1,-1,-1,-1
14,10,837,542,122,156,1,-1,-1,-1
14,11,1227,535,264,196,1,-1,-1,-1
14,12,1364,174,100,248,1,-1,-1,-1
14,13,26,756,52,120,1,-1,-1,-1
14,14,1634,554,171,137,1,-1,-1,-1
14,15,1811,21,164,216,1,-1,-1,-1
14,16,1060,426,168,202,1,-1,-1,-1
15,0,2005,340,164,256,1,-1,-1,-1
15,1,386,671,181,206,1,-1,-1,-1
15,5,324,629,172,180,1,-1,-1,-1
15,6,1534,322,137,217,1,-1,-1,-1
15,10,839,544,122,156,1,-1,-1,-1
15,11,1235,543,251,187,1,-1,-1,-1
15,13,31,760,52,120,1,-1,-1,-1
15,15,1807,25,164,216,1,-1,-1,-1
15,16,1055,425,176,212,1,-1,-1,-1
16,0,2005,342,164,256,1,-1,-1,-1
16,1,388,674,181,206,1,-1,-1,-1
16,5,327,632,172,180,1,-1,-1,-1
16,6,1536,329,131,207,1,-1,-1,-1
16,10,840,548,122,156,1,-1,-1,-1
16,11,1236,541,251,187,1,-1,-1,-1
16,13,34,764,52,120,1,-1,-1,-1
16,15,1800,26,164,216,1,-1,-1,-1
16,16,1055,428,176,212,1,-1,-1,-1
17,0,2004,352,160,244,1,-1,-1,-1
17,1,388,674,181,206,1,-1,-1,-1
17,5,336,636,160,184,1,-1,-1,-1
17,6,1524,340,168,212,1,-1,-1,-1
17,10,840,548,122,156,1,-1,-1,-1
17,11,1236,548,248,192,1,-1,-1,-1
17,13,34,764,52,120,1,-1,-1,-1
17,15,1800,26,164,216,1,-1,-1,-1
17,16,1048,412,184,184,1,-1,-1,-1
17,17,0,768,92,160,1,-1,-1,-1
17,18,728,636,112,184,1,-1,-1,-1
17,19,1372,176,100,244,1,-1,-1,-1
17,20,1536,480,220,180,1,-1,-1,-1
17,21,1672,456,224,212,1,-1,-1,-1
17,22,968,616,176,176,1,-1,-1,-1
17,23,656,564,100,192,1,-1,-1,-1
18,0,2004,354,160,244,1,-1,-1,-1
18,1,397,683,172,196,1,-1,-1,-1
18,5,337,639,160,184,1,-1,-1,-1
18,6,1524,341,168,212,1,-1,-1,-1
18,10,841,550,122,156,1,-1,-1,-1
18,11,1237,549,248,192,1,-1,-1,-1
18,13,42,764,52,120,1,-1,-1,-1
18,15,1788,24,172,227,1,-1,-1,-1
18,16,1049,414,184,184,1,-1,-1,-1
18,17,1,770,92,160,1,-1,-1,-1
18,18,731,643,107,175,1,-1,-1,-1
18,19,1375,182,95,232,1,-1,-1,-1
18,20,1537,482,220,180,1,-1,-1,-1
18,21,1674,459,224,212,1,-1,-1,-1
18,22,968,617,176,176,1,-1,-1,-1
18,23,656,566,100,192,1,-1,-1,-1
19,0,2008,354,160,244,1,-1,-1,-1
19,1,400,686,172,196,1,-1,-1,-1
19,5,341,639,160,184,1,-1,-1,-1
19,6,1529,346,160,202,1,-1,-1,-1
19,10,842,552,122,156,1,-1,-1,-1
19,11,1242,551,248,192,1,-1,-1,-1
19,16,1049,417,184,184,1,-1,-1,-1
19,17,3,770,92,160,1,-1,-1,-1
19,18,732,646,107,175,1,-1,-1,-1
19,19,1374,185,95,232,1,-1,-1,-1
19,20,1543,482,220,180,1,-1,-1,-1
19,21,1676,458,224,212,1,-1,-1,-1
19,22,970,618,176,176,1,-1,-1,-1
19,23,657,565,100,192,1,-1,-1,-1
20,0,2007,355,160,244,1,-1,-1,-1
20,1,401,688,172,196,1,-1,-1,-1
20,5,343,641,160,184,1,-1,-1,-1
20,6,1534,353,152,192,1,-1,-1,-1
20,10,839,550,128,164,1,-1,-1,-1
20,11,1245,554,248,192,1,-1,-1,-1
20,16,1048,419,184,184,1,-1,-1,-1
20,17,5,770,92,160,1,-1,-1,-1
20,18,733,645,107,175,1,-1,-1,-1
20,19,1370,181,100,244,1,-1,-1,-1
20,20,1547,483,220,180,1,-1,-1,-1
20,21,1677,458,224,212,1,-1,-1,-1
20,22,972,617,176,176,1,-1,-1,-1
20,23,656,566,100,192,1,-1,-1,-1
21,0,2010,353,160,244,1,-1,-1,-1
21,1,403,687,172,196,1,-1,-1,-1
21,5,348,642,160,184,1,-1,-1,-1
21,6,1533,354,152,192,1,-1,-1,-1
21,11,1251,557,236,183,1,-1,-1,-1
21,16,1047,419,184,184,1,-1,-1,-1
21,17,4,763,97,168,1,-1,-1,-1
21,18,734,644,107,175,1,-1,-1,-1
21,19,1370,183,100,244,1,-1,-1,-1
21,20,1549,484,220,180,1,-1,-1,-1
21,21,1680,460,224,212,1,-1,-1,-1
21,22,972,617,176,176,1,-1,-1,-1
21,23,654,561,105,202,1,-1,-1,-1
22,0,2013,353,160,244,1,-1,-1,-1
22,1,404,686,172,196,1,-1,-1,-1
22,5,350,640,160,184,1,-1,-1,-1
22,6,1535,357,145,183,1,-1,-1,-1
22,11,1256,564,225,174,1,-1,-1,-1
22,16,1047,420,184,184,1,-1,-1,-1
22,17,6,760,97,168,1,-1,-1,-1
22,18,733,645,107,175,1,-1,-1,-1
22,19,1368,177,105,256,1,-1,-1,-1
22,20,1550,482,220,180,1,-1,-1,-1
22,21,1676,456,235,223,1,-1,-1,-1
22,22,974,617,176,176,1,-1,-1,-1
22,23,654,560,105,202,1,-1,-1,-1
23,0,2010,348,168,256,1,-1,-1,-1
23,1,404,684,172,196,1,-1,-1,-1
23,5,352,637,160,184,1,-1,-1,-1
23,6,1536,351,145,183,1,-1,-1,-1
23,11,1264,565,214,166,1,-1,-1,-1
23,16,1045,418,184,184,1,-1,-1,-1
23,17,8,757,97,168,1,-1,-1,-1
23,18,733,642,107,175,1,-1,-1,-1
23,19,1368,174,105,256,1,-1,-1,-1
23,20,1558,482,210,171,1,-1,-1,-1
23,21,1680,452,235,223,1,-1,-1,-1
23,22,975,613,176,176,1,-1,-1,-1
23,23,657,564,100,192,1,-1,-1,-1
24,0,2012,347,168,256,1,-1,-1,-1
24,1,404,681,172,196,1,-1,-1,-1
24,5,360,636,152,175,1,-1,-1,-1
24,6,1534,345,145,183,1,-1,-1,-1
24,11,1273,559,204,158,1,-1,-1,-1
24,16,1043,413,184,184,1,-1,-1,-1
24,17,8,749,97,168,1,-1,-1,-1
24,18,733,634,107,175,1,-1,-1,-1
24,20,1559,479,210,171,1,-1,-1,-1
24,21,1680,450,235,223,1,-1,-1,-1
24,22,973,609,176,176,1,-1,-1,-1
24,23,658,558,100,192,1,-1,-1,-1
25,0,2028,312,148,256,1,-1,-1,-1
25,1,416,656,212,220,1,-1,-1,-1
25,5,360,644,168,164,1,-1,-1,-1
25,6,1536,324,160,236,1,-1,-1,-1
25,11,1260,544,212,184,1,-1,-1,-1
25,16,1064,424,168,164,1,-1,-1,-1
25,17,0,732,104,188,1,-1,-1,-1
25,18,728,632,128,176,1,-1,-1,-1
25,20,1548,460,260,212,1,-1,-1,-1
25,21,1680,450,235,223,1,-1,-1,-1
25,22,984,572,180,200,1,-1,-1,-1
25,23,658,558,100,192,1,-1,-1,-1
25,24,1368,180,96,236,1,-1,-1,-1
25,25,1796,452,160,148,1,-1,-1,-1
25,26,1444,472,132,196,1,-1,-1,-1
25,27,1372,416,164,132,1,-1,-1,-1
25,28,1660,504,160,180,1,-1,-1,-1
26,0,2030,308,148,256,1,-1,-1,-1
26,1,417,655,212,220,1,-1,-1,-1
26,5,362,643,168,164,1,-1,-1,-1
26,6,1537,323,160,236,1,-1,-1,-1
26,11,1264,541,212,184,1,-1,-1,-1
26,16,1065,423,168,164,1,-1,-1,-1
26,17,1,730,104,188,1,-1,-1,-1
26,18,729,629,128,176,1,-1,-1,-1
26,20,1557,464,248,202,1,-1,-1,-1
26,21,1706,439,224,212,1,-1,-1,-1
26,22,985,570,180,200,1,-1,-1,-1
26,24,1368,176,96,236,1,-1,-1,-1
26,25,1801,450,160,148,1,-1,-1,-1
26,26,1447,469,132,196,1,-1,-1,-1
26,27,1375,414,164,132,1,-1,-1,-1
26,28,1666,506,152,171,1,-1,-1,-1
27,0,2032,306,148,256,1,-1,-1,-1
27,1,420,655,212,220,1,-1,-1,-1
27,5,364,641,168,164,1,-1,-1,-1
27,6,1537,321,160,236,1,-1,-1,-1
27,11,1270,540,212,184,1,-1,-1,-1
27,16,1067,420,168,164,1,-1,-1,-1
27,17,2,727,104,188,1,-1,-1,-1
27,18,729,624,134,185,1,-1,-1,-1
27,20,1559,464,248,202,1,-1,-1,-1
27,22,984,570,180,200,1,-1,-1,-1
27,24,1368,175,96,236,1,-1,-1,-1
27,25,1808,450,160,148,1,-1,-1,-1
27,26,1448,467,132,196,1,-1,-1,-1
27,27,1378,414,164,132,1,-1,-1,-1
27,28,1670,505,152,171,1,-1,-1,-1
28,0,2038,312,141,244,1,-1,-1,-1
28,1,421,654,212,220,1,-1,-1,-1
28,5,366,641,168,164,1,-1,-1,-1
28,6,1539,319,160,236,1,-1,-1,-1
28,11,1273,540,212,184,1,-1,-1,-1
28,16,1068,420,168,164,1,-1,-1,-1
28,17,3,725,104,188,1,-1,-1,-1
28,18,731,622,134,185,1,-1,-1,-1
28,20,1561,462,248,202,1,-1,-1,-1
28,22,986,570,180,200,1,-1,-1,-1
28,24,1368,174,96,236,1,-1,-1,-1
28,25,1813,452,160,148,1,-1,-1,-1
28,26,1449,465,132,196,1,-1,-1,-1
28,27,1380,414,164,132,1,-1,-1,-1
28,28,1669,502,160,180,1,-1,-1,-1
29,0,2042,308,141,244,1,-1,-1,-1
29,1,424,654,212,220,1,-1,-1,-1
29,5,370,641,168,164,1,-1,-1,-1
29,6,1538,319,160,236,1,-1,-1,-1
29,11,1276,541,212,184,1,-1,-1,-1
29,16,1070,420,168,164,1,-1,-1,-1
29,17,3,727,104,188,1,-1,-1,-1
29,18,732,622,134,185,1,-1,-1,-1
29,20,1561,462,248,202,1,-1,-1,-1
29,22,989,568,180,200,1,-1,-1,-1
29,24,1367,173,96,236,1,-1,-1,-1
29,25,1818,451,160,148,1,-1,-1,-1
29,26,1452,465,132,196,1,-1,-1,-1
29,27,1381,416,164,132,1,-1,-1,-1
29,28,1673,501,160,180,1,-1,-1,-1
30,0,2043,306,141,244,1,-1,-1,-1
30,1,424,654,212,220,1,-1,-1,-1
30,5,372,639,168,164,1,-1,-1,-1
30,6,1539,318,160,236,1,-1,-1,-1
30,11,1279,542,212,184,1,-1,-1,-1
30,16,1071,420,168,164,1,-1,-1,-1
30,17,5,731,104,188,1,-1,-1,-1
30,18,733,618,134,185,1,-1,-1,-1
30,20,1562,460,248,202,1,-1,-1,-1
30,22,989,570,180,200,1,-1,-1,-1
30,24,1364,167,101,248,1,-1,-1,-1
30,25,1831,449,152,141,1,-1,-1,-1
30,26,1454,459,132,196,1,-1,-1,-1
30,27,1383,410,164,132,1,-1,-1,-1
30,28,1676,500,160,180,1,-1,-1,-1
31,0,2042,296,148,256,1,-1,-1,-1
31,1,430,654,212,220,1,-1,-1,-1
31,5,376,637,168,164,1,-1,-1,-1
31,6,1540,317,160,236,1,-1,-1,-1
31,11,1282,541,212,184,1,-1,-1,-1
31,16,1076,423,160,156,1,-1,-1,-1
31,17,8,732,104,188,1,-1,-1,-1
31,18,734,616,134,185,1,-1,-1,-1
31,20,1560,460,248,202,1,-1,-1,-1
31,22,990,564,189,210,1,-1,-1,-1
31,24,1365,165,101,248,1,-1,-1,-1
31,27,1376,407,172,139,1,-1,-1,-1
31,28,1681,498,160,180,1,-1,-1,-1
32,0,2045,294,148,256,1,-1,-1,-1
32,1,437,655,202,210,1,-1,-1,-1
32,5,380,635,168,164,1,-1,-1,-1
32,6,1541,313,160,236,1,-1,-1,-1
32,11,1284,541,212,184,1,-1,-1,-1
32,16,1080,421,160,156,1,-1,-1,-1
32,17,11,734,104,188,1,-1,-1,-1
32,18,737,616,134,185,1,-1,-1,-1
32,20,1563,457,248,202,1,-1,-1,-1
32,22,990,565,189,210,1,-1,-1,-1
32,24,1365,164,101,248,1,-1,-1,-1
32,28,1687,495,160,180,1,-1,-1,-1
33,0,2056,272,120,268,1,-1,-1,-1
33,1,436,668,184,192,1,-1,-1,-1
33,5,380,612,176,180,1,-1,-1,-1
33,6,1548,300,148,216,1,-1,-1,-1
33,11,1296,536,220,180,1,-1,-1,-1
33,16,1092,400,148,204,1,-1,-1,-1
33,17,0,736,120,172,1,-1,-1,-1
33,18,744,612,132,180,1,-1,-1,-1
33,20,1576,436,264,216,1,-1,-1,-1
33,22,996,584,196,168,1,-1,-1,-1
33,24,1368,144,96,248,1,-1,-1,-1
33,28,1687,495,160,180,1,-1,-1,-1
33,29,652,548,132,184,1,-1,-1,-1
33,30,1800,428,188,172,1,-1,-1,-1
33,31,1724,4,160,200,1,-1,-1,-1
33,32,1368,408,208,156,1,-1,-1,-1
34,0,2064,248,120,268,1,-1,-1,-1
34,1,453,644,184,192,1,-1,-1,-1
34,5,399,594,168,171,1,-1,-1,-1
34,6,1558,278,148,216,1,-1,-1,-1
34,11,1311,514,220,180,1,-1,-1,-1
34,16,1102,380,148,204,1,-1,-1,-1
34,17,16,716,120,172,1,-1,-1,-1
34,18,759,589,132,180,1,-1,-1,-1
34,20,1587,412,264,216,1,-1,-1,-1
34,22,1009,561,196,168,1,-1,-1,-1
34,24,1376,119,96,248,1,-1,-1,-1
34,28,1701,466,168,189,1,-1,-1,-1
34,29,666,525,132,184,1,-1,-1,-1
34,30,1814,405,188,172,1,-1,-1,-1
34,31,1731,0,160,186,1,-1,-1,-1
34,32,1381,385,208,156,1,-1,-1,-1
35,0,2079,222,120,268,1,-1,-1,-1
35,1,469,617,184,192,1,-1,-1,-1
35,5,415,566,168,171,1,-1,-1,-1
35,6,1574,251,148,216,1,-1,-1,-1
35,11,1332,494,210,171,1,-1,-1,-1
35,16,1118,353,148,204,1,-1,-1,-1
35,17,34,691,120,172,1,-1,-1,-1
35,18,773,563,132,180,1,-1,-1,-1
35,20,1605,387,264,216,1,-1,-1,-1
35,22,1022,536,196,168,1,-1,-1,-1
35,28,1719,436,168,189,1,-1,-1,-1
35,29,684,504,132,184,1,-1,-1,-1
35,30,1831,376,188,172,1,-1,-1,-1
35,31,1747,0,152,158,1,-1,-1,-1
35,32,1395,361,208,156,1,-1,-1,-1
36,0,2085,204,120,268,1,-1,-1,-1
36,1,477,606,175,183,1,-1,-1,-1
36,5,420,550,168,171,1,-1,-1,-1
36,6,1577,233,148,216,1,-1,-1,-1
36,11,1337,476,210,171,1,-1,-1,-1
36,16,1123,336,148,204,1,-1,-1,-1
36,17,44,675,120,172,1,-1,-1,-1
36,18,779,547,132,180,1,-1,-1,-1
36,20,1611,370,264,216,1,-1,-1,-1
36,22,1028,519,196,168,1,-1,-1,-1
36,28,1726,417,168,189,1,-1,-1,-1
36,29,687,485,132,184,1,-1,-1,-1
36,30,1840,358,188,172,1,-1,-1,-1
36,31,1751,0,152,142,1,-1,-1,-1
36,32,1400,343,208,156,1,-1,-1,-1
37,0,2090,194,120,268,1,-1,-1,-1
37,1,485,593,175,183,1,-1,-1,-1
37,5,428,539,168,171,1,-1,-1,-1
37,6,1580,224,148,216,1,-1,-1,-1
37,11,1347,471,200,163,1,-1,-1,-1
37,16,1131,324,148,204,1,-1,-1,-1
37,17,53,669,120,172,1,-1,-1,-1
37,18,792,541,132,180,1,-1,-1,-1
37,20,1619,355,264,216,1,-1,-1,-1
37,22,1035,506,196,168,1,-1,-1,-1
37,29,696,471,132,184,1,-1,-1,-1
37,30,1848,345,188,172,1,-1,-1,-1
37,31,1756,0,152,131,1,-1,-1,-1
37,32,1411,334,198,149,1,-1,-1,-1
38,0,2095,190,120,268,1,-1,-1,-1
38,1,497,588,175,183,1,-1,-1,-1
38,5,435,536,168,171,1,-1,-1,-1
38,6,1585,217,148,216,1,-1,-1,-1
38,11,1358,465,200,163,1,-1,-1,-1
38,16,1139,326,141,194,1,-1,-1,-1
38,17,65,662,120,172,1,-1,-1,-1
38,18,797,533,132,180,1,-1,-1,-1
38,20,1633,353,251,206,1,-1,-1,-1
38,22,1040,502,196,168,1,-1,-1,-1
38,29,704,468,132,184,1,-1,-1,-1
38,31,1761,0,152,128,1,-1,-1,-1
38,32,1409,326,208,156,1,-1,-1,-1
39,0,2099,188,120,268,1,-1,-1,-1
39,1,503,592,167,174,1,-1,-1,-1
39,5,435,532,176,180,1,-1,-1,-1
39,6,1590,215,148,216,1,-1,-1,-1
39,11,1361,462,200,163,1,-1,-1,-1
39,16,1145,324,141,194,1,-1,-1,-1
39,17,76,668,114,164,1,-1,-1,-1
39,18,804,539,126,171,1,-1,-1,-1
39,22,1046,502,196,168,1,-1,-1,-1
39,29,708,464,139,193,1,-1,-1,-1
39,31,1761,0,152,124,1,-1,-1,-1
39,32,1420,330,208,156,1,-1,-1,-1
40,0,2102,191,120,268,1,-1,-1,-1
40,1,509,594,167,174,1,-1,-1,-1
40,5,441,538,176,180,1,-1,-1,-1
40,6,1598,223,141,206,1,-1,-1,-1
40,11,1367,466,200,163,1,-1,-1,-1
40,16,1150,329,141,194,1,-1,-1,-1
40,17,83,671,114,164,1,-1,-1,-1
40,18,812,546,126,171,1,-1,-1,-1
40,22,1049,503,196,168,1,-1,-1,-1
40,29,717,473,132,184,1,-1,-1,-1
41,0,2104,196,116,268,1,-1,-1,-1
41,1,448,560,216,232,1,-1,-1,-1
41,5,441,538,176,180,1,-1,-1,-1
41,6,1604,248,140,192,1,-1,-1,-1
41,11,1360,492,180,156,1,-1,-1,-1
41,16,1128,328,144,184,1,-1,-1,-1
41,17,83,671,114,164,1,-1,-1,-1
41,18,804,536,164,184,1,-1,-1,-1
41,22,1048,516,212,160,1,-1,-1,-1
41,29,700,496,140,172,1,-1,-1,-1
41,33,0,680,200,172,1,-1,-1,-1
41,34,1416,100,88,224,1,-1,-1,-1
41,35,1916,348,168,152,1,-1,-1,-1
41,36,1724,416,208,184,1,-1,-1,-1
41,37,2208,4,112,236,1,-1,-1,-1
42,0,2108,204,110,255,1,-1,-1,-1
42,1,446,559,227,244,1,-1,-1,-1
42,5,451,557,168,171,1,-1,-1,-1
42,6,1608,251,140,192,1,-1,-1,-1
42,11,1363,497,180,156,1,-1,-1,-1
42,16,1131,332,144,184,1,-1,-1,-1
42,17,95,683,114,164,1,-1,-1,-1
42,18,809,542,164,184,1,-1,-1,-1
42,22,1049,519,212,160,1,-1,-1,-1
42,29,702,501,140,172,1,-1,-1,-1
42,33,4,684,200,172,1,-1,-1,-1
42,34,1416,102,88,224,1,-1,-1,-1
42,35,1915,349,176,160,1,-1,-1,-1
42,36,1728,421,208,184,1,-1,-1,-1
42,37,2210,7,112,236,1,-1,-1,-1
43,0,2112,214,105,243,1,-1,-1,-1
43,1,451,566,227,244,1,-1,-1,-1
43,5,461,565,160,163,1,-1,-1,-1
43,6,1612,257,140,192,1,-1,-1,-1
43,11,1368,502,180,156,1,-1,-1,-1
43,16,1135,338,144,184,1,-1,-1,-1
43,17,107,686,114,164,1,-1,-1,-1
43,18,815,549,164,184,1,-1,-1,-1
43,22,1045,521,223,168,1,-1,-1,-1
43,29,707,507,140,172,1,-1,-1,-1
43,33,10,690,200,172,1,-1,-1,-1
43,34,1416,100,92,235,1,-1,-1,-1
43,35,1928,358,168,152,1,-1,-1,-1
43,36,1739,430,198,175,1,-1,-1,-1
43,37,2213,10,112,236,1,-1,-1,-1
44,0,2112,217,105,243,1,-1,-1,-1
44,1,454,567,227,244,1,-1,-1,-1
44,5,459,566,168,171,1,-1,-1,-1
44,6,1615,260,140,192,1,-1,-1,-1
44,11,1371,504,180,156,1,-1,-1,-1
44,16,1136,340,144,184,1,-1,-1,-1
44,17,110,690,114,164,1,-1,-1,-1
44,18,818,553,164,184,1,-1,-1,-1
44,22,1049,525,223,168,1,-1,-1,-1
44,29,709,508,140,172,1,-1,-1,-1
44,33,13,692,200,172,1,-1,-1,-1
44,34,1418,103,92,235,1,-1,-1,-1
44,35,1933,361,168,152,1,-1,-1,-1
44,36,1740,431,198,175,1,-1,-1,-1
44,37,2212,7,118,248,1,-1,-1,-1
45,0,2109,210,110,255,1,-1,-1,-1
45,1,454,572,227,244,1,-1,-1,-1
45,5,456,566,176,180,1,-1,-1,-1
45,6,1616,260,140,192,1,-1,-1,-1
45,11,1373,505,180,156,1,-1,-1,-1
45,16,1137,340,144,184,1,-1,-1,-1
45,18,823,561,156,175,1,-1,-1,-1
45,22,1050,527,223,168,1,-1,-1,-1
45,29,710,508,140,172,1,-1,-1,-1
45,33,18,695,200,172,1,-1,-1,-1
45,34,1419,106,92,235,1,-1,-1,-1
45,35,1936,360,168,152,1,-1,-1,-1
45,36,1742,432,198,175,1,-1,-1,-1
45,37,2212,8,118,248,1,-1,-1,-1
46,0,2107,211,110,255,1,-1,-1,-1
46,1,450,576,227,244,1,-1,-1,-1
46,5,449,567,185,189,1,-1,-1,-1
46,6,1611,258,147,202,1,-1,-1,-1
46,11,1372,508,180,156,1,-1,-1,-1
46,16,1134,341,144,184,1,-1,-1,-1
46,18,822,564,156,175,1,-1,-1,-1
46,22,1047,527,223,168,1,-1,-1,-1
46,29,708,511,140,172,1,-1,-1,-1
46,33,19,699,200,172,1,-1,-1,-1
46,34,1419,113,88,224,1,-1,-1,-1
46,35,1940,367,160,145,1,-1,-1,-1
46,36,1737,430,208,184,1,-1,-1,-1
46,37,2208,9,118,248,1,-1,-1,-1
47,0,2104,228,110,255,1,-1,-1,-1
47,1,443,589,227,244,1,-1,-1,-1
47,5,445,582,185,189,1,-1,-1,-1
47,6,1607,274,147,202,1,-1,-1,-1
47,11,1368,524,180,156,1,-1,-1,-1
47,16,1129,355,144,184,1,-1,-1,-1
47,18,817,579,156,175,1,-1,-1,-1
47,22,1040,546,223,168,1,-1,-1,-1
47,29,703,524,140,172,1,-1,-1,-1
47,33,17,714,200,172,1,-1,-1,-1
47,34,1412,128,88,224,1,-1,-1,-1
47,35,1940,379,160,145,1,-1,-1,-1
47,36,1733,444,208,184,1,-1,-1,-1
47,37,2199,11,123,260,1,-1,-1,-1
48,0,2094,241,116,268,1,-1,-1,-1
48,1,440,608,227,244,1,-1,-1,-1
48,5,436,599,194,198,1,-1,-1,-1
48,6,1605,292,147,202,1,-1,-1,-1
48,11,1365,541,180,156,1,-1,-1,-1
48,16,1124,375,144,184,1,-1,-1,-1
48,18,809,591,164,184,1,-1,-1,-1
48,22,1040,571,212,160,1,-1,-1,-1
48,29,698,542,140,172,1,-1,-1,-1
48,33,16,735,200,172,1,-1,-1,-1
48,34,1402,149,88,224,1,-1,-1,-1
48,35,1939,397,160,145,1,-1,-1,-1
48,36,1724,460,218,193,1,-1,-1,-1
48,37,2196,38,118,248,1,-1,-1,-1
49,0,2094,241,116,268,1,-1,-1,-1
49,1,440,608,227,244,1,-1,-1,-1
49,5,436,599,194,198,1,-1,-1,-1
49,6,1600,292,132,200,1,-1,-1,-1
49,11,1352,540,188,188,1,-1,-1,-1
49,16,1124,384,148,172,1,-1,-1,-1
49,18,812,656,192,136,1,-1,-1,-1
49,22,1044,600,220,156,1,-1,-1,-1
49,29,688,548,144,180,1,-1,-1,-1
49,33,0,752,224,176,1,-1,-1,-1
49,34,1396,148,92,236,1,-1,-1,-1
49,35,1912,416,184,184,1,-1,-1,-1
49,36,1664,440,272,240,1,-1,-1,-1
49,37,2192,40,108,280,1,-1,-1,-1
50,0,2093,271,110,255,1,-1,-1,-1
50,1,446,638,216,232,1,-1,-1,-1
50,5,436,621,194,198,1,-1,-1,-1
50,6,1600,296,132,200,1,-1,-1,-1
50,11,1352,545,188,188,1,-1,-1,-1
50,16,1125,391,148,172,1,-1,-1,-1
50,18,811,659,192,136,1,-1,-1,-1
50,22,1043,605,220,156,1,-1,-1,-1
50,29,688,552,144,180,1,-1,-1,-1
50,33,5,757,224,176,1,-1,-1,-1
50,34,1394,152,92,236,1,-1,-1,-1
50,35,1912,421,184,184,1,-1,-1,-1
50,36,1667,443,272,240,1,-1,-1,-1
50,37,2191,43,108,280,1,-1,-1,-1
51,0,2088,265,116,268,1,-1,-1,-1
51,1,448,644,216,232,1,-1,-1,-1
51,6,1603,297,132,200,1,-1,-1,-1
51,11,1355,547,188,188,1,-1,-1,-1
51,16,1126,395,148,172,1,-1,-1,-1
51,18,814,659,192,136,1,-1,-1,-1
51,22,1047,607,220,156,1,-1,-1,-1
51,29,689,555,144,180,1,-1,-1,-1
51,33,9,763,224,176,1,-1,-1,-1
51,34,1397,160,88,225,1,-1,-1,-1
51,35,1917,423,184,184,1,-1,-1,-1
51,36,1666,440,286,252,1,-1,-1,-1
51,37,2192,45,108,280,1,-1,-1,-1
52,0,2088,269,116,268,1,-1,-1,-1
52,1,451,646,216,232,1,-1,-1,-1
52,6,1609,303,126,190,1,-1,-1,-1
52,11,1357,550,188,188,1,-1,-1,-1
52,16,1127,399,148,172,1,-1,-1,-1
52,18,815,663,192,136,1,-1,-1,-1
52,22,1048,611,220,156,1,-1,-1,-1
52,29,689,559,144,180,1,-1,-1,-1
52,33,9,762,235,185,1,-1,-1,-1
52,34,1399,166,83,214,1,-1,-1,-1
52,35,1920,427,184,184,1,-1,-1,-1
52,36,1660,433,300,265,1,-1,-1,-1
52,37,2190,45,108,280,1,-1,-1,-1
53,0,2087,271,116,268,1,-1,-1,-1
53,1,454,646,216,232,1,-1,-1,-1
53,6,1612,305,126,190,1,-1,-1,-1
53,11,1357,554,188,188,1,-1,-1,-1
53,16,1127,402,148,172,1,-1,-1,-1
53,18,816,665,192,136,1,-1,-1,-1
53,22,1050,612,220,156,1,-1,-1,-1
53,29,690,561,144,180,1,-1,-1,-1
53,33,12,766,235,185,1,-1,-1,-1
53,34,1399,167,83,214,1,-1,-1,-1
53,35,1922,428,184,184,1,-1,-1,-1
53,36,1668,443,286,252,1,-1,-1,-1
53,37,2189,47,108,280,1,-1,-1,-1
54,0,2089,274,116,268,1,-1,-1,-1
54,1,455,651,216,232,1,-1,-1,-1
54,6,1615,308,126,190,1,-1,-1,-1
54,11,1359,556,188,188,1,-1,-1,-1
54,16,1132,408,141,164,1,-1,-1,-1
54,18,813,660,202,143,1,-1,-1,-1
54,22,1052,616,220,156,1,-1,-1,-1
54,29,690,566,144,180,1,-1,-1,-1
54,33,16,767,235,185,1,-1,-1,-1
54,34,1399,172,83,214,1,-1,-1,-1
54,35,1922,431,184,184,1,-1,-1,-1
54,36,1674,448,286,252,1,-1,-1,-1
54,37,2189,45,108,280,1,-1,-1,-1
55,1,454,653,216,232,1,-1,-1,-1
55,6,1616,311,126,190,1,-1,-1,-1
55,11,1361,560,188,188,1,-1,-1,-1
55,16,1130,412,141,164,1,-1,-1,-1
55,18,809,661,212,150,1,-1,-1,-1
55,22,1054,617,220,156,1,-1,-1,-1
55,29,690,569,144,180,1,-1,-1,-1
55,33,22,769,235,185,1,-1,-1,-1
55,35,1926,433,184,184,1,-1,-1,-1
55,36,1672,442,300,265,1,-1,-1,-1
55,37,2189,43,108,280,1,-1,-1,-1
56,1,447,650,227,244,1,-1,-1,-1
56,6,1619,316,126,190,1,-1,-1,-1
56,11,1362,561,188,188,1,-1,-1,-1
56,16,1130,414,141,164,1,-1,-1,-1
56,18,811,661,212,150,1,-1,-1,-1
56,22,1057,619,220,156,1,-1,-1,-1
56,29,686,568,151,189,1,-1,-1,-1
56,33,27,771,235,185,1,-1,-1,-1
56,35,1922,433,193,193,1,-1,-1,-1
56,36,1670,447,300,265,1,-1,-1,-1
56,37,2187,47,108,280,1,-1,-1,-1
57,1,447,650,227,244,1,-1,-1,-1
57,6,1616,312,128,220,1,-1,-1,-1
57,11,1380,572,200,180,1,-1,-1,-1
57,16,1140,428,136,132,1,-1,-1,-1
57,18,820,660,216,156,1,-1,-1,-1
57,22,1064,616,236,164,1,-1,-1,-1
57,29,686,568,151,189,1,-1,-1,-1
57,33,36,784,236,172,1,-1,-1,-1
57,35,1920,460,204,176,1,-1,-1,-1
57,36,1692,464,236,224,1,-1,-1,-1
57,37,2192,84,108,212,1,-1,-1,-1
57,38,480,712,152,184,1,-1,-1,-1
57,39,2096,300,116,240,1,-1,-1,-1
57,40,1388,164,100,240,1,-1,-1,-1
58,6,1617,313,128,220,1,-1,-1,-1
58,11,1383,574,200,180,1,-1,-1,-1
58,16,1140,429,136,132,1,-1,-1,-1
58,18,825,665,206,149,1,-1,-1,-1
58,22,1067,616,236,164,1,-1,-1,-1
58,29,688,580,151,189,1,-1,-1,-1
58,33,41,785,236,172,1,-1,-1,-1
58,35,1922,462,204,176,1,-1,-1,-1
58,36,1694,466,236,224,1,-1,-1,-1
58,37,2192,82,108,212,1,-1,-1,-1
58,38,480,712,152,184,1,-1,-1,-1
58,39,2096,299,116,240,1,-1,-1,-1
58,40,1388,165,100,240,1,-1,-1,-1
59,6,1620,314,128,220,1,-1,-1,-1
59,11,1385,576,200,180,1,-1,-1,-1
59,16,1144,434,130,126,1,-1,-1,-1
59,18,826,667,206,149,1,-1,-1,-1
59,22,1070,618,236,164,1,-1,-1,-1
59,29,693,586,144,180,1,-1,-1,-1
59,33,47,788,236,172,1,-1,-1,-1
59,35,1925,462,204,176,1,-1,-1,-1
59,36,1696,467,236,224,1,-1,-1,-1
59,37,2193,80,108,212,1,-1,-1,-1
59,38,480,712,152,184,1,-1,-1,-1
59,39,2097,299,116,240,1,-1,-1,-1
59,40,1387,168,100,240,1,-1,-1,-1
60,6,1621,314,128,220,1,-1,-1,-1
60,11,1388,579,200,180,1,-1,-1,-1
60,16,1145,435,130,126,1,-1,-1,-1
60,18,828,669,206,149,1,-1,-1,-1
60,22,1073,617,236,164,1,-1,-1,-1
60,29,692,585,151,189,1,-1,-1,-1
60,33,51,791,236,172,1,-1,-1,-1
60,35,1928,464,204,176,1,-1,-1,-1
60,36,1699,469,236,224,1,-1,-1,-1
60,37,2194,80,108,212,1,-1,-1,-1
60,38,479,715,152,184,1,-1,-1,-1
60,39,2098,298,116,240,1,-1,-1,-1
60,40,1385,168,100,240,1,-1,-1,-1
61,6,1623,313,128,220,1,-1,-1,-1
61,11,1390,580,200,180,1,-1,-1,-1
61,16,1145,435,130,126,1,-1,-1,-1
61,18,830,670,206,149,1,-1,-1,-1
61,22,1077,620,236,164,1,-1,-1,-1
61,29,699,594,144,180,1,-1,-1,-1
61,33,49,790,248,181,1,-1,-1,-1
61,35,1928,467,204,176,1,-1,-1,-1
61,36,1702,470,236,224,1,-1,-1,-1
61,37,2195,79,108,212,1,-1,-1,-1
61,38,479,717,152,184,1,-1,-1,-1
61,39,2100,298,116,240,1,-1,-1,-1
61,40,1382,162,105,252,1,-1,-1,-1
62,6,1625,317,128,220,1,-1,-1,-1
62,11,1390,583,200,180,1,-1,-1,-1
62,16,1147,437,130,126,1,-1,-1,-1
62,18,832,670,206,149,1,-1,-1,-1
62,22,1087,629,225,156,1,-1,-1,-1
62,29,701,595,144,180,1,-1,-1,-1
62,33,69,796,236,172,1,-1,-1,-1
62,35,1930,468,204,176,1,-1,-1,-1
62,36,1704,474,236,224,1,-1,-1,-1
62,37,2195,80,108,212,1,-1,-1,-1
62,38,480,720,152,184,1,-1,-1,-1
62,39,2098,293,122,252,1,-1,-1,-1
62,40,1381,161,105,252,1,-1,-1,-1
63,6,1623,319,128,220,1,-1,-1,-1
63,11,1395,583,200,180,1,-1,-1,-1
63,16,1150,438,130,126,1,-1,-1,-1
63,18,840,675,196,141,1,-1,-1,-1
63,22,1090,629,225,156,1,-1,-1,-1
63,29,700,593,151,189,1,-1,-1,-1
63,33,80,803,225,164,1,-1,-1,-1
63,35,1934,470,204,176,1,-1,-1,-1
63,36,1706,477,236,224,1,-1,-1,-1
63,37,2197,83,108,212,1,-1,-1,-1
63,38,481,721,152,184,1,-1,-1,-1
63,39,2098,294,122,252,1,-1,-1,-1
63,40,1381,165,105,252,1,-1,-1,-1
64,6,1624,321,128,220,1,-1,-1,-1
64,11,1399,582,200,180,1,-1,-1,-1
64,16,1152,437,130,126,1,-1,-1,-1
64,18,840,677,196,141,1,-1,-1,-1
64,22,1096,628,225,156,1,-1,-1,-1
64,29,700,595,151,189,1,-1,-1,-1
64,33,87,805,225,164,1,-1,-1,-1
64,35,1944,472,194,168,1,-1,-1,-1
64,36,1712,483,225,213,1,-1,-1,-1
64,37,2196,74,113,223,1,-1,-1,-1
64,39,2100,295,122,252,1,-1,-1,-1
64,40,1385,173,100,240,1,-1,-1,-1
65,6,1624,321,128,220,1,-1,-1,-1
65,11,1420,588,168,168,1,-1,-1,-1
65,16,1152,437,130,126,1,-1,-1,-1
65,18,840,640,164,188,1,-1,-1,-1
65,22,1100,620,232,176,1,-1,-1,-1
65,29,700,595,151,189,1,-1,-1,-1
65,33,92,792,208,176,1,-1,-1,-1
65,35,1944,472,194,168,1,-1,-1,-1
65,36,1712,483,225,213,1,-1,-1,-1
65,37,2196,74,113,223,1,-1,-1,-1
65,39,2100,295,122,252,1,-1,-1,-1
65,40,1384,184,92,236,1,-1,-1,-1
65,41,460,728,148,176,1,-1,-1,-1
65,42,528,692,184,124,1,-1,-1,-1
66,6,1627,326,122,210,1,-1,-1,-1
66,11,1424,586,168,168,1,-1,-1,-1
66,16,1154,436,130,126,1,-1,-1,-1
66,18,841,639,164,188,1,-1,-1,-1
66,22,1104,622,232,176,1,-1,-1,-1
66,29,698,591,159,198,1,-1,-1,-1
66,33,96,790,208,176,1,-1,-1,-1
66,35,1947,470,194,168,1,-1,-1,-1
66,36,1715,483,225,213,1,-1,-1,-1
66,37,2199,83,108,212,1,-1,-1,-1
66,39,2103,297,122,252,1,-1,-1,-1
66,40,1384,183,92,236,1,-1,-1,-1
66,41,460,728,148,176,1,-1,-1,-1
66,42,526,689,193,130,1,-1,-1,-1
67,6,1629,327,116,200,1,-1,-1,-1
67,11,1430,586,168,168,1,-1,-1,-1
67,16,1156,438,130,126,1,-1,-1,-1
67,18,844,640,164,188,1,-1,-1,-1
67,22,1109,622,232,176,1,-1,-1,-1
67,29,701,592,159,198,1,-1,-1,-1
67,33,102,793,208,176,1,-1,-1,-1
67,36,1718,485,225,213,1,-1,-1,-1
67,40,1385,184,92,236,1,-1,-1,-1
67,41,460,730,148,176,1,-1,-1,-1
67,42,530,688,193,130,1,-1,-1,-1
68,6,1631,327,116,200,1,-1,-1,-1
68,11,1435,586,168,168,1,-1,-1,-1
68,16,1164,441,123,120,1,-1,-1,-1
68,18,850,641,164,188,1,-1,-1,-1
68,22,1112,623,232,176,1,-1,-1,-1
68,29,705,589,159,198,1,-1,-1,-1
68,33,109,792,208,176,1,-1,-1,-1
68,36,1723,484,225,213,1,-1,-1,-1
68,40,1387,185,92,236,1,-1,-1,-1
68,41,461,730,148,176,1,-1,-1,-1
68,42,536,688,193,130,1,-1,-1,-1
69,11,1442,587,168,168,1,-1,-1,-1
69,16,1168,441,123,120,1,-1,-1,-1
69,18,854,642,164,188,1,-1,-1,-1
69,22,1120,627,232,176,1,-1,-1,-1
69,29,710,590,159,198,1,-1,-1,-1
69,33,123,797,198,168,1,-1,-1,-1
69,36,1727,487,225,213,1,-1,-1,-1
69,40,1385,181,97,248,1,-1,-1,-1
69,41,462,734,148,176,1,-1,-1,-1
69,42,548,690,184,124,1,-1,-1,-1
70,11,1447,590,168,168,1,-1,-1,-1
70,18,859,644,164,188,1,-1,-1,-1
70,22,1124,628,232,176,1,-1,-1,-1
70,29,715,589,159,198,1,-1,-1,-1
70,33,140,800,189,160,1,-1,-1,-1
70,36,1737,488,225,213,1,-1,-1,-1
70,40,1391,187,92,236,1,-1,-1,-1
70,41,461,731,148,176,1,-1,-1,-1
70,42,556,693,184,124,1,-1,-1,-1
71,11,1453,592,168,168,1,-1,-1,-1
71,18,863,644,164,188,1,-1,-1,-1
71,22,1127,628,232,176,1,-1,-1,-1
71,29,720,589,159,198,1,-1,-1,-1
71,33,148,803,189,160,1,-1,-1,-1
71,40,1395,191,92,236,1,-1,-1,-1
71,41,462,730,148,176,1,-1,-1,-1
71,42,566,694,184,124,1,-1,-1,-1
72,11,1457,593,168,168,1,-1,-1,-1
72,18,868,643,164,188,1,-1,-1,-1
72,22,1126,623,244,185,1,-1,-1,-1
72,33,154,804,189,160,1,-1,-1,-1
72,41,462,730,148,176,1,-1,-1,-1
72,42,569,690,184,124,1,-1,-1,-1
73,11,1432,588,224,180,1,-1,-1,-1
73,18,876,656,204,168,1,-1,-1,-1
73,22,1136,624,236,180,1,-1,-1,-1
73,33,164,804,192,160,1,-1,-1,-1
73,41,456,732,148,164,1,-1,-1,-1
73,42,580,656,188,180,1,-1,-1,-1
73,43,1408,184,88,236,1,-1,-1,-1
73,44,760,592,120,196,1,-1,-1,-1
73,45,1392,544,140,156,1,-1,-1,-1
73,46,1760,504,260,204,1,-1,-1,-1
73,47,1640,320,108,184,1,-1,-1,-1
74,11,1437,589,224,180,1,-1,-1,-1
74,18,879,655,204,168,1,-1,-1,-1
74,22,1144,629,225,171,1,-1,-1,-1
74,33,169,803,192,160,1,-1,-1,-1
74,41,457,732,148,164,1,-1,-1,-1
74,42,583,656,188,180,1,-1,-1,-1
74,43,1407,186,88,236,1,-1,-1,-1
74,44,764,593,120,196,1,-1,-1,-1
74,45,1396,545,140,156,1,-1,-1,-1
74,46,1768,509,248,194,1,-1,-1,-1
74,47,1641,320,108,184,1,-1,-1,-1
75,11,1442,589,224,180,1,-1,-1,-1
75,18,882,656,204,168,1,-1,-1,-1
75,22,1143,625,236,180,1,-1,-1,-1
75,33,177,806,192,160,1,-1,-1,-1
75,41,458,734,148,164,1,-1,-1,-1
75,42,588,657,188,180,1,-1,-1,-1
75,43,1410,185,88,236,1,-1,-1,-1
75,44,768,593,120,196,1,-1,-1,-1
75,45,1401,545,140,156,1,-1,-1,-1
75,46,1772,509,248,194,1,-1,-1,-1
75,47,1643,321,108,184,1,-1,-1,-1
76,11,1446,590,224,180,1,-1,-1,-1
76,18,887,656,204,168,1,-1,-1,-1
76,22,1145,628,236,180,1,-1,-1,-1
76,33,184,806,192,160,1,-1,-1,-1
76,41,459,736,148,164,1,-1,-1,-1
76,42,598,662,179,171,1,-1,-1,-1
76,43,1411,186,88,236,1,-1,-1,-1
76,44,770,596,120,196,1,-1,-1,-1
76,45,1404,547,140,156,1,-1,-1,-1
76,46,1775,510,248,194,1,-1,-1,-1
76,47,1645,323,108,184,1,-1,-1,-1
77,11,1451,593,224,180,1,-1,-1,-1
77,18,895,661,194,160,1,-1,-1,-1
77,22,1148,626,236,180,1,-1,-1,-1
77,33,186,806,202,168,1,-1,-1,-1
77,41,459,739,148,164,1,-1,-1,-1
77,42,602,662,179,171,1,-1,-1,-1
77,43,1412,187,88,236,1,-1,-1,-1
77,44,770,598,120,196,1,-1,-1,-1
77,45,1408,549,140,156,1,-1,-1,-1
77,46,1774,508,260,204,1,-1,-1,-1
77,47,1646,324,108,184,1,-1,-1,-1
78,11,1455,596,224,180,1,-1,-1,-1
78,18,898,662,194,160,1,-1,-1,-1
78,22,1143,626,248,189,1,-1,-1,-1
78,33,194,813,192,160,1,-1,-1,-1
78,41,455,739,155,172,1,-1,-1,-1
78,42,609,669,171,163,1,-1,-1,-1
78,44,771,600,120,196,1,-1,-1,-1
78,45,1411,552,140,156,1,-1,-1,-1
78,46,1784,513,248,194,1,-1,-1,-1
78,47,1647,326,108,184,1,-1,-1,-1
79,11,1460,598,224,180,1,-1,-1,-1
79,18,902,663,194,160,1,-1,-1,-1
79,22,1145,629,248,189,1,-1,-1,-1
79,33,204,818,183,152,1,-1,-1,-1
79,42,612,671,171,163,1,-1,-1,-1
79,44,774,601,120,196,1,-1,-1,-1
79,45,1415,553,140,156,1,-1,-1,-1
79,46,1785,513,248,194,1,-1,-1,-1
79,47,1646,327,108,184,1,-1,-1,-1
80,11,1466,600,224,180,1,-1,-1,-1
80,18,902,665,194,160,1,-1,-1,-1
80,22,1144,631,248,189,1,-1,-1,-1
80,33,207,819,183,152,1,-1,-1,-1
80,42,617,673,171,163,1,-1,-1,-1
80,44,777,605,120,196,1,-1,-1,-1
80,45,1418,555,140,156,1,-1,-1,-1
80,46,1790,518,248,194,1,-1,-1,-1
80,47,1648,328,108,184,1,-1,-1,-1
81,11,1476,600,184,180,1,-1,-1,-1
81,18,880,660,200,188,1,-1,-1,-1
81,22,1160,640,228,180,1,-1,-1,-1
81,33,212,820,180,164,1,-1,-1,-1
81,42,616,652,172,196,1,-1,-1,-1
81,44,777,605,120,196,1,-1,-1,-1
81,45,1418,555,140,156,1,-1,-1,-1
81,46,1812,532,236,200,1,-1,-1,-1
81,47,1644,336,112,180,1,-1,-1,-1
81,48,472,740,120,148,1,-1,-1,-1
81,49,1420,196,84,236,1,-1,-1,-1
82,11,1480,604,184,180,1,-1,-1,-1
82,18,881,664,200,188,1,-1,-1,-1
82,22,1167,647,217,171,1,-1,-1,-1
82,33,216,823,180,164,1,-1,-1,-1
82,42,619,655,172,196,1,-1,-1,-1
82,44,782,611,120,196,1,-1,-1,-1
82,45,1423,559,140,156,1,-1,-1,-1
82,46,1819,539,225,190,1,-1,-1,-1
82,47,1644,339,112,180,1,-1,-1,-1
82,48,473,745,120,148,1,-1,-1,-1
82,49,1419,198,84,236,1,-1,-1,-1
83,11,1483,608,184,180,1,-1,-1,-1
83,18,884,669,200,188,1,-1,-1,-1
83,22,1169,650,217,171,1,-1,-1,-1
83,33,218,829,180,164,1,-1,-1,-1
83,42,621,659,172,196,1,-1,-1,-1
83,45,1425,563,140,156,1,-1,-1,-1
83,46,1814,537,236,200,1,-1,-1,-1
83,47,1644,342,112,180,1,-1,-1,-1
83,48,474,752,120,148,1,-1,-1,-1
83,49,1419,202,84,236,1,-1,-1,-1
84,11,1486,614,184,180,1,-1,-1,-1
84,18,885,674,200,188,1,-1,-1,-1
84,22,1163,650,228,180,1,-1,-1,-1
84,33,220,832,180,164,1,-1,-1,-1
84,42,624,663,172,196,1,-1,-1,-1
84,45,1428,566,140,156,1,-1,-1,-1
84,46,1817,543,236,200,1,-1,-1,-1
84,47,1643,347,112,180,1,-1,-1,-1
84,48,470,758,126,155,1,-1,-1,-1
84,49,1419,206,84,236,1,-1,-1,-1
85,11,1487,619,184,180,1,-1,-1,-1
85,18,884,680,200,188,1,-1,-1,-1
85,22,1163,657,228,180,1,-1,-1,-1
85,33,220,838,180,164,1,-1,-1,-1
85,42,626,669,172,196,1,-1,-1,-1
85,46,1818,547,236,200,1,-1,-1,-1
85,47,1643,353,112,180,1,-1,-1,-1
85,48,467,763,126,155,1,-1,-1,-1
85,49,1417,204,88,248,1,-1,-1,-1
86,11,1490,625,184,180,1,-1,-1,-1
86,18,884,684,200,188,1,-1,-1,-1
86,22,1164,658,228,180,1,-1,-1,-1
86,33,223,840,180,164,1,-1,-1,-1
86,42,623,667,181,206,1,-1,-1,-1
86,46,1823,554,225,190,1,-1,-1,-1
86,47,1642,355,112,180,1,-1,-1,-1
86,48,465,766,126,155,1,-1,-1,-1
86,49,1414,208,88,248,1,-1,-1,-1
87,11,1492,628,184,180,1,-1,-1,-1
87,18,884,690,200,188,1,-1,-1,-1
87,22,1163,667,228,180,1,-1,-1,-1
87,33,223,845,180,164,1,-1,-1,-1
87,42,631,675,172,196,1,-1,-1,-1
87,46,1822,560,225,190,1,-1,-1,-1
87,47,1641,364,112,180,1,-1,-1,-1
87,48,461,776,126,155,1,-1,-1,-1
87,49,1412,212,88,248,1,-1,-1,-1
88,11,1495,632,184,180,1,-1,-1,-1
88,18,882,698,200,188,1,-1,-1,-1
88,22,1162,670,228,180,1,-1,-1,-1
88,33,224,850,180,164,1,-1,-1,-1
88,42,632,681,172,196,1,-1,-1,-1
88,46,1818,565,225,190,1,-1,-1,-1
88,47,1640,366,112,180,1,-1,-1,-1
88,48,459,779,126,155,1,-1,-1,-1
89,11,1500,664,184,152,1,-1,-1,-1
89,18,900,708,216,180,1,-1,-1,-1
89,22,1176,680,200,160,1,-1,-1,-1
89,33,224,844,168,180,1,-1,-1,-1
89,42,632,681,172,196,1,-1,-1,-1
89,46,1818,565,225,190,1,-1,-1,-1
89,47,1636,372,108,212,1,-1,-1,-1
89,48,464,760,124,184,1,-1,-1,-1
89,50,1408,236,96,228,1,-1,-1,-1
89,51,816,628,88,196,1,-1,-1,-1
89,52,2184,164,112,180,1,-1,-1,-1
90,11,1501,668,184,152,1,-1,-1,-1
90,18,899,711,216,180,1,-1,-1,-1
90,22,1173,685,200,160,1,-1,-1,-1
90,33,221,848,168,180,1,-1,-1,-1
90,42,635,689,172,196,1,-1,-1,-1
90,46,1821,576,214,181,1,-1,-1,-1
90,47,1635,375,108,212,1,-1,-1,-1
90,48,464,761,124,184,1,-1,-1,-1
90,50,1406,239,96,228,1,-1,-1,-1
90,51,815,629,88,196,1,-1,-1,-1
90,52,2181,166,112,180,1,-1,-1,-1
91,11,1503,673,184,152,1,-1,-1,-1
91,18,897,714,216,180,1,-1,-1,-1
91,22,1172,691,200,160,1,-1,-1,-1
91,33,219,852,168,180,1,-1,-1,-1
91,47,1632,377,108,212,1,-1,-1,-1
91,48,462,764,124,184,1,-1,-1,-1
91,50,1401,242,96,228,1,-1,-1,-1
91,51,812,633,88,196,1,-1,-1,-1
91,52,2177,172,112,180,1,-1,-1,-1
92,11,1505,674,184,152,1,-1,-1,-1
92,18,893,719,216,180,1,-1,-1,-1
92,22,1165,690,210,168,1,-1,-1,-1
92,33,215,854,168,180,1,-1,-1,-1
92,47,1628,378,108,212,1,-1,-1,-1
92,48,462,769,124,184,1,-1,-1,-1
92,50,1398,242,96,228,1,-1,-1,-1
92,51,809,638,88,196,1,-1,-1,-1
92,52,2171,172,112,180,1,-1,-1,-1
93,11,1508,675,184,152,1,-1,-1,-1
93,18,892,722,216,180,1,-1,-1,-1
93,22,1168,697,200,160,1,-1,-1,-1
93,33,214,857,168,180,1,-1,-1,-1
93,47,1624,382,108,212,1,-1,-1,-1
93,48,460,772,124,184,1,-1,-1,-1
93,50,1395,246,96,228,1,-1,-1,-1
93,51,807,640,88,196,1,-1,-1,-1
93,52,2168,175,112,180,1,-1,-1,-1
94,11,1512,676,184,152,1,-1,-1,-1
94,18,892,726,216,180,1,-1,-1,-1
94,22,1168,705,200,160,1,-1,-1,-1
94,33,213,859,168,180,1,-1,-1,-1
94,47,1622,383,108,212,1,-1,-1,-1
94,48,464,777,118,175,1,-1,-1,-1
94,50,1397,256,91,217,1,-1,-1,-1
94,51,807,645,88,196,1,-1,-1,-1
94,52,2167,179,112,180,1,-1,-1,-1
95,11,1519,679,184,152,1,-1,-1,-1
95,18,893,725,216,180,1,-1,-1,-1
95,22,1171,709,200,160,1,-1,-1,-1
95,33,212,863,168,180,1,-1,-1,-1
95,47,1620,386,108,212,1,-1,-1,-1
95,48,462,776,124,184,1,-1,-1,-1
95,50,1396,260,91,217,1,-1,-1,-1
95,51,806,648,88,196,1,-1,-1,-1
95,52,2164,182,112,180,1,-1,-1,-1
96,18,894,728,216,180,1,-1,-1,-1
96,22,1173,711,200,160,1,-1,-1,-1
96,33,209,864,168,180,1,-1,-1,-1
96,47,1621,394,103,202,1,-1,-1,-1
96,48,457,778,130,193,1,-1,-1,-1
96,51,806,652,88,196,1,-1,-1,-1
96,52,2163,184,112,180,1,-1,-1,-1
97,18,868,728,240,188,1,-1,-1,-1
97,22,1188,724,196,144,1,-1,-1,-1
97,33,212,864,148,180,1,-1,-1,-1
97,47,1621,394,103,202,1,-1,-1,-1
97,48,452,784,132,180,1,-1,-1,-1
97,51,806,652,88,196,1,-1,-1,-1
97,52,2163,184,112,180,1,-1,-1,-1
97,53,1516,644,276,192,1,-1,-1,-1
97,54,644,720,160,184,1,-1,-1,-1
97,55,1380,268,96,224,1,-1,-1,-1
97,56,1460,228,104,164,1,-1,-1,-1
98,18,868,729,240,188,1,-1,-1,-1
98,22,1188,725,196,144,1,-1,-1,-1
98,33,214,871,141,171,1,-1,-1,-1
98,47,1618,398,103,202,1,-1,-1,-1
98,48,452,788,132,180,1,-1,-1,-1
98,51,807,661,84,187,1,-1,-1,-1
98,52,2157,189,112,180,1,-1,-1,-1
98,53,1518,645,276,192,1,-1,-1,-1
98,54,643,721,160,184,1,-1,-1,-1
98,55,1380,268,96,224,1,-1,-1,-1
98,56,1459,229,104,164,1,-1,-1,-1
99,18,868,731,240,188,1,-1,-1,-1
99,22,1193,730,187,137,1,-1,-1,-1
99,33,213,874,141,171,1,-1,-1,-1
99,47,1616,398,103,202,1,-1,-1,-1
99,48,454,790,132,180,1,-1,-1,-1
99,51,807,668,80,178,1,-1,-1,-1
99,52,2153,190,112,180,1,-1,-1,-1
99,53,1517,646,276,192,1,-1,-1,-1
99,54,643,723,160,184,1,-1,-1,-1
99,55,1378,270,96,224,1,-1,-1,-1
99,56,1459,233,104,164,1,-1,-1,-1
100,18,868,733,240,188,1,-1,-1,-1
100,22,1190,727,196,144,1,-1,-1,-1
100,33,212,874,141,171,1,-1,-1,-1
100,47,1615,400,103,202,1,-1,-1,-1
100,48,453,787,139,189,1,-1,-1,-1
100,51,807,669,80,178,1,-1,-1,-1
100,52,2150,196,112,180,1,-1,-1,-1
100,53,1523,657,263,183,1,-1,-1,-1
100,54,644,724,160,184,1,-1,-1,-1
100,55,1376,272,96,224,1,-1,-1,-1
100,56,1458,233,104,164,1,-1,-1,-1
101,18,869,732,240,188,1,-1,-1,-1
101,22,1191,726,196,144,1,-1,-1,-1
101,33,212,875,141,171,1,-1,-1,-1
101,47,1613,400,103,202,1,-1,-1,-1
101,48,455,789,139,189,1,-1,-1,-1
101,51,805,671,80,178,1,-1,-1,-1
101,53,1523,657,263,183,1,-1,-1,-1
101,54,644,724,160,184,1,-1,-1,-1
101,55,1375,275,96,224,1,-1,-1,-1
101,56,1457,233,104,164,1,-1,-1,-1
102,18,878,731,229,179,1,-1,-1,-1
102,22,1193,722,196,144,1,-1,-1,-1
102,33,213,869,141,171,1,-1,-1,-1
102,48,456,784,139,189,1,-1,-1,-1
102,51,805,665,80,178,1,-1,-1,-1
102,53,1517,646,276,192,1,-1,-1,-1
102,54,646,717,160,184,1,-1,-1,-1
102,55,1375,272,96,224,1,-1,-1,-1
102,56,1458,228,104,164,1,-1,-1,-1
103,18,880,717,229,179,1,-1,-1,-1
103,22,1198,705,196,144,1,-1,-1,-1
103,33,214,855,141,171,1,-1,-1,-1
103,48,460,769,139,189,1,-1,-1,-1
103,51,806,650,80,178,1,-1,-1,-1
103,54,648,702,160,184,1,-1,-1,-1
103,55,1376,252,96,224,1,-1,-1,-1
103,56,1456,211,109,172,1,-1,-1,-1
104,18,900,698,229,179,1,-1,-1,-1
104,22,1216,682,196,144,1,-1,-1,-1
104,33,228,828,148,180,1,-1,-1,-1
104,48,476,745,139,189,1,-1,-1,-1
104,51,816,628,80,178,1,-1,-1,-1
104,54,666,684,152,175,1,-1,-1,-1
104,55,1383,231,96,224,1,-1,-1,-1
104,56,1468,190,109,172,1,-1,-1,-1
105,18,940,672,224,176,1,-1,-1,-1
105,22,1232,636,208,168,1,-1,-1,-1
105,33,240,816,144,168,1,-1,-1,-1
105,48,488,740,152,168,1,-1,-1,-1
105,51,816,628,80,178,1,-1,-1,-1
105,54,672,724,140,128,1,-1,-1,-1
105,55,1404,204,92,228,1,-1,-1,-1
105,56,1468,190,109,172,1,-1,-1,-1
105,57,1576,580,256,196,1,-1,-1,-1
105,58,1628,336,112,192,1,-1,-1,-1
105,59,2136,144,140,340,1,-1,-1,-1
106,18,957,657,224,176,1,-1,-1,-1
106,22,1247,623,208,168,1,-1,-1,-1
106,33,255,803,144,168,1,-1,-1,-1
106,48,503,726,152,168,1,-1,-1,-1
106,51,841,597,76,169,1,-1,-1,-1
106,54,687,710,140,128,1,-1,-1,-1
106,55,1412,191,92,228,1,-1,-1,-1
106,56,1496,157,109,172,1,-1,-1,-1
106,57,1592,569,256,196,1,-1,-1,-1
106,58,1641,320,112,192,1,-1,-1,-1
106,59,2149,139,140,340,1,-1,-1,-1
107,18,976,642,224,176,1,-1,-1,-1
107,22,1267,609,208,168,1,-1,-1,-1
107,33,274,788,144,168,1,-1,-1,-1
107,48,522,710,152,168,1,-1,-1,-1
107,51,860,579,76,169,1,-1,-1,-1
107,54,708,694,140,128,1,-1,-1,-1
107,56,1514,139,109,172,1,-1,-1,-1
107,57,1617,557,244,187,1,-1,-1,-1
107,58,1658,304,112,192,1,-1,-1,-1
107,59,2166,118,133,324,1,-1,-1,-1
108,18,987,629,235,185,1,-1,-1,-1
108,22,1284,602,208,168,1,-1,-1,-1
108,33,291,781,144,168,1,-1,-1,-1
108,48,537,698,152,168,1,-1,-1,-1
108,54,725,681,140,128,1,-1,-1,-1
108,56,1530,126,109,172,1,-1,-1,-1
108,57,1631,545,244,187,1,-1,-1,-1
108,58,1674,292,112,192,1,-1,-1,-1
108,59,2179,111,133,324,1,-1,-1,-1
109,18,1000,620,235,185,1,-1,-1,-1
109,22,1295,597,208,168,1,-1,-1,-1
109,33,304,772,144,168,1,-1,-1,-1
109,48,548,690,152,168,1,-1,-1,-1
109,54,740,671,140,128,1,-1,-1,-1
109,57,1642,537,244,187,1,-1,-1,-1
109,58,1681,280,118,202,1,-1,-1,-1
110,18,1009,609,235,185,1,-1,-1,-1
110,22,1304,584,208,168,1,-1,-1,-1
110,33,314,760,144,168,1,-1,-1,-1
110,48,558,679,152,168,1,-1,-1,-1
110,54,749,660,140,128,1,-1,-1,-1
110,57,1651,529,244,187,1,-1,-1,-1
110,58,1686,269,118,202,1,-1,-1,-1
111,18,1015,600,235,185,1,-1,-1,-1
111,22,1317,581,198,160,1,-1,-1,-1
111,33,316,756,144,168,1,-1,-1,-1
111,48,563,672,152,168,1,-1,-1,-1
111,54,756,650,140,128,1,-1,-1,-1
111,57,1650,515,256,196,1,-1,-1,-1
111,58,1691,261,118,202,1,-1,-1,-1
112,18,1035,582,235,185,1,-1,-1,-1
112,22,1332,568,189,152,1,-1,-1,-1
112,33,330,742,144,168,1,-1,-1,-1
112,48,571,659,152,168,1,-1,-1,-1
112,54,766,637,140,128,1,-1,-1,-1
112,57,1659,501,256,196,1,-1,-1,-1
112,58,1701,248,112,192,1,-1,-1,-1
113,18,1036,604,244,156,1,-1,-1,-1
113,22,1328,604,212,112,1,-1,-1,-1
113,33,332,736,144,168,1,-1,-1,-1
113,48,556,648,200,172,1,-1,-1,-1
113,54,766,637,140,128,1,-1,-1,-1
113,57,1660,500,296,192,1,-1,-1,-1
113,58,1700,252,112,212,1,-1,-1,-1
113,60,1492,124,80,216,1,-1,-1,-1
113,61,1952,436,188,216,1,-1,-1,-1
114,18,1043,600,244,156,1,-1,-1,-1
114,22,1336,601,212,112,1,-1,-1,-1
114,33,337,733,144,168,1,-1,-1,-1
114,48,561,646,200,172,1,-1,-1,-1
114,54,770,634,140,128,1,-1,-1,-1
114,57,1665,496,296,192,1,-1,-1,-1
114,58,1702,246,112,212,1,-1,-1,-1
114,60,1494,120,80,216,1,-1,-1,-1
114,61,1954,432,188,216,1,-1,-1,-1
115,18,1047,588,244,156,1,-1,-1,-1
115,22,1347,589,223,118,1,-1,-1,-1
115,33,349,720,144,168,1,-1,-1,-1
115,48,568,636,200,172,1,-1,-1,-1
115,54,784,625,133,122,1,-1,-1,-1
115,57,1671,489,296,192,1,-1,-1,-1
115,58,1704,236,112,212,1,-1,-1,-1
115,60,1496,107,80,216,1,-1,-1,-1
115,61,1955,417,188,216,1,-1,-1,-1
116,18,1050,587,244,156,1,-1,-1,-1
116,22,1338,587,234,123,1,-1,-1,-1
116,33,349,720,144,168,1,-1,-1,-1
116,48,568,635,200,172,1,-1,-1,-1
116,54,782,625,133,122,1,-1,-1,-1
116,57,1670,486,296,192,1,-1,-1,-1
116,58,1707,239,107,202,1,-1,-1,-1
116,60,1499,107,80,216,1,-1,-1,-1
116,61,1961,422,179,206,1,-1,-1,-1
117,18,1052,584,244,156,1,-1,-1,-1
117,22,1345,582,234,123,1,-1,-1,-1
117,33,351,716,144,168,1,-1,-1,-1
117,48,570,631,200,172,1,-1,-1,-1
117,54,785,624,133,122,1,-1,-1,-1
117,57,1674,478,296,192,1,-1,-1,-1
117,58,1705,232,112,212,1,-1,-1,-1
117,61,1960,417,179,206,1,-1,-1,-1
118,18,1066,583,244,156,1,-1,-1,-1
118,22,1368,583,234,123,1,-1,-1,-1
118,33,362,717,144,168,1,-1,-1,-1
118,48,575,632,200,172,1,-1,-1,-1
118,54,797,629,133,122,1,-1,-1,-1
118,57,1680,483,296,192,1,-1,-1,-1
118,58,1707,234,112,212,1,-1,-1,-1
118,61,1966,423,179,206,1,-1,-1,-1
119,18,1064,583,244,156,1,-1,-1,-1
119,22,1374,584,223,118,1,-1,-1,-1
119,33,362,718,144,168,1,-1,-1,-1
119,48,576,632,200,172,1,-1,-1,-1
119,54,799,632,127,116,1,-1,-1,-1
119,57,1689,491,282,183,1,-1,-1,-1
119,58,1709,234,112,212,1,-1,-1,-1
119,61,1968,424,179,206,1,-1,-1,-1
120,18,1072,609,232,149,1,-1,-1,-1
120,33,369,742,144,168,1,-1,-1,-1
120,48,580,657,200,172,1,-1,-1,-1
120,54,807,652,127,116,1,-1,-1,-1
120,58,1712,256,112,212,1,-1,-1,-1
120,61,1968,446,179,206,1,-1,-1,-1
121,18,1072,609,232,149,1,-1,-1,-1
121,33,369,742,144,168,1,-1,-1,-1
121,48,580,657,200,172,1,-1,-1,-1
121,54,807,652,127,116,1,-1,-1,-1
121,58,1712,256,112,212,1,-1,-1,-1
121,61,1968,446,179,206,1,-1,-1,-1
121,62,640,764,188,172,1,-1,-1,-1
121,63,1420,696,240,136,1,-1,-1,-1
121,64,1128,688,228,196,1,-1,-1,-1
121,65,412,840,136,180,1,-1,-1,-1
121,66,1536,212,96,240,1,-1,-1,-1
121,67,1716,584,284,220,1,-1,-1,-1
121,68,1988,608,132,160,1,-1,-1,-1
121,69,1672,164,96,176,1,-1,-1,-1
122,18,1010,597,232,149,1,-1,-1,-1
122,33,410,839,144,168,1,-1,-1,-1
122,48,616,736,210,181,1,-1,-1,-1
122,54,790,636,127,116,1,-1,-1,-1
122,58,1746,351,118,223,1,-1,-1,-1
122,62,640,764,188,172,1,-1,-1,-1
122,63,1420,696,240,136,1,-1,-1,-1
122,64,1128,688,228,196,1,-1,-1,-1
122,65,412,840,136,180,1,-1,-1,-1
122,66,1536,212,96,240,1,-1,-1,-1
122,67,1716,584,284,220,1,-1,-1,-1
122,68,1988,608,132,160,1,-1,-1,-1
122,69,1672,164,96,176,1,-1,-1,-1
123,18,1010,618,232,149,1,-1,-1,-1
123,33,429,881,144,168,1,-1,-1,-1
123,48,632,787,210,181,1,-1,-1,-1
123,54,748,648,127,116,1,-1,-1,-1
123,58,1759,395,118,223,1,-1,-1,-1
123,62,659,804,179,164,1,-1,-1,-1
123,63,1442,733,240,136,1,-1,-1,-1
123,64,1145,726,228,196,1,-1,-1,-1
123,65,429,879,136,180,1,-1,-1,-1
123,66,1551,259,96,240,1,-1,-1,-1
123,67,1732,623,284,220,1,-1,-1,-1
123,68,2003,645,132,160,1,-1,-1,-1
123,69,1689,203,96,176,1,-1,-1,-1
124,33,448,928,144,168,1,-1,-1,-1
124,48,648,834,210,181,1,-1,-1,-1
124,58,1773,446,118,223,1,-1,-1,-1
124,62,678,855,171,156,1,-1,-1,-1
124,63,1461,778,240,136,1,-1,-1,-1
124,64,1162,776,228,196,1,-1,-1,-1
124,65,446,927,136,180,1,-1,-1,-1
124,66,1559,306,96,240,1,-1,-1,-1
124,67,1746,674,284,220,1,-1,-1,-1
124,68,2019,696,132,160,1,-1,-1,-1
124,69,1706,256,96,176,1,-1,-1,-1
125,33,449,931,144,168,1,-1,-1,-1
125,48,646,839,210,181,1,-1,-1,-1
125,62,679,857,171,156,1,-1,-1,-1
125,63,1461,783,240,136,1,-1,-1,-1
125,64,1164,777,228,196,1,-1,-1,-1
125,65,447,930,136,180,1,-1,-1,-1
125,66,1563,305,96,240,1,-1,-1,-1
125,67,1749,677,284,220,1,-1,-1,-1
125,68,2019,698,132,160,1,-1,-1,-1
125,69,1707,256,96,176,1,-1,-1,-1
126,33,453,938,144,168,1,-1,-1,-1
126,48,650,846,210,181,1,-1,-1,-1
126,62,683,868,171,156,1,-1,-1,-1
126,63,1470,788,240,136,1,-1,-1,-1
126,64,1168,786,228,196,1,-1,-1,-1
126,65,452,937,136,180,1,-1,-1,-1
126,66,1567,311,96,240,1,-1,-1,-1
126,67,1758,688,270,210,1,-1,-1,-1
126,68,2023,706,132,160,1,-1,-1,-1
126,69,1711,268,96,176,1,-1,-1,-1
127,33,462,936,144,168,1,-1,-1,-1
127,48,660,843,210,181,1,-1,-1,-1
127,62,695,862,171,156,1,-1,-1,-1
127,63,1490,786,240,136,1,-1,-1,-1
127,64,1179,785,228,196,1,-1,-1,-1
127,65,462,936,136,180,1,-1,-1,-1
127,66,1571,311,96,240,1,-1,-1,-1
127,67,1778,696,258,200,1,-1,-1,-1
127,68,2032,703,132,160,1,-1,-1,-1
127,69,1718,267,96,176,1,-1,-1,-1
128,33,463,936,144,168,1,-1,-1,-1
128,48,662,844,210,181,1,-1,-1,-1
128,62,695,860,171,156,1,-1,-1,-1
128,63,1489,785,240,136,1,-1,-1,-1
128,64,1180,785,228,196,1,-1,-1,-1
128,65,462,936,136,180,1,-1,-1,-1
128,66,1571,314,96,240,1,-1,-1,-1
128,67,1782,700,245,190,1,-1,-1,-1
128,68,2033,702,132,160,1,-1,-1,-1
128,69,1721,271,91,168,1,-1,-1,-1
129,33,463,936,144,168,1,-1,-1,-1
129,48,662,844,210,181,1,-1,-1,-1
129,62,688,852,176,180,1,-1,-1,-1
129,63,1512,764,228,152,1,-1,-1,-1
129,64,1192,772,240,200,1,-1,-1,-1
129,65,468,928,128,180,1,-1,-1,-1
129,66,1588,320,84,208,1,-1,-1,-1
129,67,1776,708,260,184,1,-1,-1,-1
129,68,2048,688,112,168,1,-1,-1,-1
129,69,1721,271,91,168,1,-1,-1,-1
129,70,1068,772,68,148,1,-1,-1,-1
129,71,900,748,160,224,1,-1,-1,-1
129,72,1776,0,156,136,1,-1,-1,-1
130,33,480,916,144,168,1,-1,-1,-1
130,48,686,826,210,181,1,-1,-1,-1
130,62,705,836,176,180,1,-1,-1,-1
130,63,1527,748,228,152,1,-1,-1,-1
130,64,1204,757,240,200,1,-1,-1,-1
130,65,479,911,128,180,1,-1,-1,-1
130,67,1796,687,260,184,1,-1,-1,-1
130,68,2062,671,112,168,1,-1,-1,-1
130,69,1737,251,91,168,1,-1,-1,-1
130,70,1082,755,68,148,1,-1,-1,-1
130,71,913,730,160,224,1,-1,-1,-1
130,72,1789,0,156,122,1,-1,-1,-1
131,33,482,914,144,168,1,-1,-1,-1
131,48,687,825,210,181,1,-1,-1,-1
131,62,705,835,176,180,1,-1,-1,-1
131,63,1526,746,228,152,1,-1,-1,-1
131,64,1208,757,240,200,1,-1,-1,-1
131,65,480,913,128,180,1,-1,-1,-1
131,67,1785,682,273,193,1,-1,-1,-1
131,68,2063,672,112,168,1,-1,-1,-1
131,69,1741,249,91,168,1,-1,-1,-1
131,70,1084,758,65,141,1,-1,-1,-1
131,71,915,730,160,224,1,-1,-1,-1
131,72,1789,0,156,122,1,-1,-1,-1
132,33,485,907,144,168,1,-1,-1,-1
132,48,692,820,210,181,1,-1,-1,-1
132,62,713,830,176,180,1,-1,-1,-1
132,63,1532,739,228,152,1,-1,-1,-1
132,64,1211,748,240,200,1,-1,-1,-1
132,65,479,902,134,189,1,-1,-1,-1
132,67,1799,680,260,184,1,-1,-1,-1
132,68,2068,662,112,168,1,-1,-1,-1
132,69,1748,242,91,168,1,-1,-1,-1
132,70,1089,746,65,141,1,-1,-1,-1
132,71,920,720,160,224,1,-1,-1,-1
132,72,1796,0,149,113,1,-1,-1,-1
133,33,493,866,137,160,1,-1,-1,-1
133,48,712,778,200,172,1,-1,-1,-1
133,62,727,788,176,180,1,-1,-1,-1
133,63,1545,697,228,152,1,-1,-1,-1
133,64,1232,709,229,190,1,-1,-1,-1
133,65,486,855,134,189,1,-1,-1,-1
133,67,1808,640,260,184,1,-1,-1,-1
133,68,2079,620,107,160,1,-1,-1,-1
133,70,1099,698,68,148,1,-1,-1,-1
133,71,930,675,160,224,1,-1,-1,-1
133,72,1806,0,149,77,1,-1,-1,-1
134,33,496,863,137,160,1,-1,-1,-1
134,48,714,779,190,164,1,-1,-1,-1
134,62,727,787,176,180,1,-1,-1,-1
134,63,1542,694,228,152,1,-1,-1,-1
134,64,1226,703,240,200,1,-1,-1,-1
134,65,487,854,134,189,1,-1,-1,-1
134,67,1808,635,260,184,1,-1,-1,-1
134,68,2079,617,107,160,1,-1,-1,-1
134,70,1100,697,68,148,1,-1,-1,-1
134,71,932,673,160,224,1,-1,-1,-1
134,72,1805,0,149,76,1,-1,-1,-1
135,33,501,839,137,160,1,-1,-1,-1
135,48,722,756,190,164,1,-1,-1,-1
135,62,733,763,176,180,1,-1,-1,-1
135,63,1549,669,228,152,1,-1,-1,-1
135,64,1233,678,240,200,1,-1,-1,-1
135,65,493,836,128,180,1,-1,-1,-1
135,68,2088,599,102,152,1,-1,-1,-1
135,70,1103,670,68,148,1,-1,-1,-1
135,71,933,640,168,235,1,-1,-1,-1
135,72,1811,0,149,43,1,-1,-1,-1
136,33,508,819,137,160,1,-1,-1,-1
136,48,736,740,190,164,1,-1,-1,-1
136,62,747,745,176,180,1,-1,-1,-1
136,63,1561,650,228,152,1,-1,-1,-1
136,64,1243,657,240,200,1,-1,-1,-1
136,65,504,820,122,171,1,-1,-1,-1
136,68,2097,581,102,152,1,-1,-1,-1
136,70,1116,653,68,148,1,-1,-1,-1
136,71,944,628,160,224,1,-1,-1,-1
137,33,508,819,137,160,1,-1,-1,-1
137,48,736,740,190,164,1,-1,-1,-1
137,62,748,752,168,156,1,-1,-1,-1
137,63,1568,612,224,188,1,-1,-1,-1
137,64,1252,676,240,176,1,-1,-1,-1
137,65,504,828,136,160,1,-1,-1,-1
137,68,2097,581,102,152,1,-1,-1,-1
137,70,1116,653,68,148,1,-1,-1,-1
137,71,944,720,152,128,1,-1,-1,-1
137,73,1620,180,80,228,1,-1,-1,-1
137,74,2152,444,148,284,1,-1,-1,-1
137,75,2308,424,124,200,1,-1,-1,-1
137,76,1932,560,260,180,1,-1,-1,-1
137,77,1120,608,96,176,1,-1,-1,-1
137,78,1740,316,180,204,1,-1,-1,-1
137,79,1584,444,96,204,1,-1,-1,-1
138,33,514,818,137,160,1,-1,-1,-1
138,48,740,737,190,164,1,-1,-1,-1
138,62,753,750,168,156,1,-1,-1,-1
138,63,1577,613,213,179,1,-1,-1,-1
138,64,1256,674,240,176,1,-1,-1,-1
138,65,507,826,136,160,1,-1,-1,-1
138,68,2103,578,102,152,1,-1,-1,-1
138,70,1118,650,68,148,1,-1,-1,-1
138,71,948,717,152,128,1,-1,-1,-1
138,73,1622,178,80,228,1,-1,-1,-1
138,74,2158,449,141,270,1,-1,-1,-1
138,75,2310,419,124,200,1,-1,-1,-1
138,76,1936,557,260,180,1,-1,-1,-1
138,77,1121,606,96,176,1,-1,-1,-1
138,78,1742,314,180,204,1,-1,-1,-1
138,79,1586,441,96,204,1,-1,-1,-1
139,33,517,816,137,160,1,-1,-1,-1
139,48,745,736,190,164,1,-1,-1,-1
139,62,757,748,168,156,1,-1,-1,-1
139,63,1578,609,213,179,1,-1,-1,-1
139,64,1257,671,240,176,1,-1,-1,-1
139,65,510,826,136,160,1,-1,-1,-1
139,68,2103,574,102,152,1,-1,-1,-1
139,71,951,715,152,128,1,-1,-1,-1
139,73,1622,177,80,228,1,-1,-1,-1
139,74,2159,439,148,284,1,-1,-1,-1
139,75,2311,414,124,200,1,-1,-1,-1
139,76,1938,556,260,180,1,-1,-1,-1
139,77,1121,604,96,176,1,-1,-1,-1
139,78,1742,309,180,204,1,-1,-1,-1
139,79,1586,438,96,204,1,-1,-1,-1
140,48,740,731,190,164,1,-1,-1,-1
140,62,752,744,168,156,1,-1,-1,-1
140,63,1572,605,213,179,1,-1,-1,-1
140,64,1251,666,240,176,1,-1,-1,-1
140,65,503,824,136,160,1,-1,-1,-1
140,68,2093,569,102,152,1,-1,-1,-1
140,71,945,712,152,128,1,-1,-1,-1
140,73,1621,181,76,217,1,-1,-1,-1
140,74,2158,435,148,284,1,-1,-1,-1
140,75,2304,413,124,200,1,-1,-1,-1
140,76,1934,549,260,180,1,-1,-1,-1
140,77,1109,600,96,176,1,-1,-1,-1
140,78,1736,304,180,204,1,-1,-1,-1
140,79,1581,432,96,204,1,-1,-1,-1
141,48,740,731,190,164,1,-1,-1,-1
141,62,751,743,168,156,1,-1,-1,-1
141,63,1571,605,213,179,1,-1,-1,-1
141,64,1251,665,240,176,1,-1,-1,-1
141,65,503,823,136,160,1,-1,-1,-1
141,68,2090,564,107,160,1,-1,-1,-1
141,71,948,714,145,122,1,-1,-1,-1
141,74,2156,434,148,284,1,-1,-1,-1
141,75,2303,413,124,200,1,-1,-1,-1
141,76,1930,549,260,180,1,-1,-1,-1
141,77,1110,598,96,176,1,-1,-1,-1
141,78,1735,303,180,204,1,-1,-1,-1
141,79,1579,431,96,204,1,-1,-1,-1
142,48,730,720,190,164,1,-1,-1,-1
142,62,744,732,168,156,1,-1,-1,-1
142,63,1557,592,213,179,1,-1,-1,-1
142,64,1240,654,240,176,1,-1,-1,-1
142,65,493,807,136,160,1,-1,-1,-1
142,68,2080,552,107,160,1,-1,-1,-1
142,71,940,702,145,122,1,-1,-1,-1
142,74,2151,412,148,284,1,-1,-1,-1
142,75,2290,401,124,200,1,-1,-1,-1
142,76,1912,533,273,189,1,-1,-1,-1
142,77,1094,583,96,176,1,-1,-1,-1
142,78,1719,289,180,204,1,-1,-1,-1
142,79,1562,421,96,204,1,-1,-1,-1
143,48,731,718,190,164,1,-1,-1,-1
143,62,745,733,168,156,1,-1,-1,-1
143,63,1553,586,224,188,1,-1,-1,-1
143,64,1241,652,240,176,1,-1,-1,-1
143,65,497,808,130,152,1,-1,-1,-1
143,68,2079,551,107,160,1,-1,-1,-1
143,71,941,700,145,122,1,-1,-1,-1
143,74,2149,408,148,284,1,-1,-1,-1
143,75,2290,399,124,200,1,-1,-1,-1
143,77,1093,583,96,176,1,-1,-1,-1
143,78,1714,287,180,204,1,-1,-1,-1
143,79,1562,418,96,204,1,-1,-1,-1
144,48,732,719,190,164,1,-1,-1,-1
144,62,744,729,168,156,1,-1,-1,-1
144,63,1548,581,235,197,1,-1,-1,-1
144,64,1241,649,240,176,1,-1,-1,-1
144,65,500,811,123,145,1,-1,-1,-1
144,68,2080,552,107,160,1,-1,-1,-1
144,71,940,699,145,122,1,-1,-1,-1
144,74,2150,410,148,284,1,-1,-1,-1
144,75,2289,399,124,200,1,-1,-1,-1
144,77,1092,582,96,176,1,-1,-1,-1
144,78,1714,286,180,204,1,-1,-1,-1
144,79,1560,413,101,214,1,-1,-1,-1
145,48,732,719,190,164,1,-1,-1,-1
145,62,744,708,168,164,1,-1,-1,-1
145,63,1568,576,212,200,1,-1,-1,-1
145,64,1252,632,224,196,1,-1,-1,-1
145,65,492,788,136,176,1,-1,-1,-1
145,68,2076,540,148,168,1,-1,-1,-1
145,71,948,656,156,168,1,-1,-1,-1
145,74,2150,410,148,284,1,-1,-1,-1
145,75,2308,372,96,220,1,-1,-1,-1
145,77,1092,582,96,176,1,-1,-1,-1
145,78,1714,286,180,204,1,-1,-1,-1
145,79,1544,400,112,232,1,-1,-1,-1
145,80,1184,528,140,212,1,-1,-1,-1
145,81,1804,472,348,280,1,-1,-1,-1
145,82,1580,168,92,192,1,-1,-1,-1
146,48,725,713,190,164,1,-1,-1,-1
146,62,739,705,168,164,1,-1,-1,-1
146,63,1565,574,212,200,1,-1,-1,-1
146,64,1250,629,224,196,1,-1,-1,-1
146,65,490,785,136,176,1,-1,-1,-1
146,68,2075,537,148,168,1,-1,-1,-1
146,71,946,654,156,168,1,-1,-1,-1
146,75,2306,366,96,220,1,-1,-1,-1
146,78,1705,283,180,204,1,-1,-1,-1
146,79,1541,397,112,232,1,-1,-1,-1
146,80,1179,526,140,212,1,-1,-1,-1
146,81,1805,469,348,280,1,-1,-1,-1
146,82,1578,168,92,192,1,-1,-1,-1
147,48,724,713,190,164,1,-1,-1,-1
147,62,738,706,168,164,1,-1,-1,-1
147,63,1565,574,212,200,1,-1,-1,-1
147,64,1250,629,224,196,1,-1,-1,-1
147,65,489,786,136,176,1,-1,-1,-1
147,68,2075,537,148,168,1,-1,-1,-1
147,71,945,654,156,168,1,-1,-1,-1
147,75,2304,365,96,220,1,-1,-1,-1
147,78,1707,281,180,204,1,-1,-1,-1
147,79,1540,397,112,232,1,-1,-1,-1
147,80,1179,525,140,212,1,-1,-1,-1
147,81,1806,468,348,280,1,-1,-1,-1
147,82,1576,166,92,192,1,-1,-1,-1
148,48,707,707,190,164,1,-1,-1,-1
148,62,723,702,168,164,1,-1,-1,-1
148,63,1553,570,212,200,1,-1,-1,-1
148,64,1237,627,224,196,1,-1,-1,-1
148,65,478,783,136,176,1,-1,-1,-1
148,68,2063,535,148,168,1,-1,-1,-1
148,71,932,648,156,168,1,-1,-1,-1
148,75,2294,367,91,210,1,-1,-1,-1
148,78,1687,277,180,204,1,-1,-1,-1
148,79,1525,393,112,232,1,-1,-1,-1
148,80,1168,525,133,202,1,-1,-1,-1
148,81,1782,461,365,294,1,-1,-1,-1
148,82,1560,161,92,192,1,-1,-1,-1
149,48,705,703,190,164,1,-1,-1,-1
149,62,720,698,168,164,1,-1,-1,-1
149,63,1549,567,212,200,1,-1,-1,-1
149,64,1238,627,224,196,1,-1,-1,-1
149,65,477,779,136,176,1,-1,-1,-1
149,68,2062,530,148,168,1,-1,-1,-1
149,71,929,647,156,168,1,-1,-1,-1
149,75,2291,360,91,210,1,-1,-1,-1
149,78,1683,275,180,204,1,-1,-1,-1
149,79,1521,389,112,232,1,-1,-1,-1
149,80,1162,524,133,202,1,-1,-1,-1
149,81,1785,466,348,280,1,-1,-1,-1
149,82,1556,158,92,192,1,-1,-1,-1
150,48,705,702,190,164,1,-1,-1,-1
150,62,719,699,168,164,1,-1,-1,-1
150,63,1548,565,212,200,1,-1,-1,-1
150,64,1236,626,224,196,1,-1,-1,-1
150,65,477,779,136,176,1,-1,-1,-1
150,68,2063,530,148,168,1,-1,-1,-1
150,71,927,647,156,168,1,-1,-1,-1
150,75,2287,354,96,220,1,-1,-1,-1
150,78,1679,274,180,204,1,-1,-1,-1
150,79,1520,389,112,232,1,-1,-1,-1
150,80,1159,523,133,202,1,-1,-1,-1
150,81,1785,467,348,280,1,-1,-1,-1
150,82,1553,158,92,192,1,-1,-1,-1
151,48,702,701,190,164,1,-1,-1,-1
151,62,717,694,168,164,1,-1,-1,-1
151,63,1545,563,212,200,1,-1,-1,-1
151,64,1232,628,224,196,1,-1,-1,-1
151,65,477,779,136,176,1,-1,-1,-1
151,68,2061,526,148,168,1,-1,-1,-1
151,71,924,643,156,168,1,-1,-1,-1
151,79,1519,393,107,221,1,-1,-1,-1
151,80,1149,520,140,212,1,-1,-1,-1
151,81,1781,464,348,280,1,-1,-1,-1
151,82,1547,156,92,192,1,-1,-1,-1
152,48,701,696,190,164,1,-1,-1,-1
152,62,716,690,168,164,1,-1,-1,-1
152,63,1545,561,212,200,1,-1,-1,-1
152,64,1230,626,224,196,1,-1,-1,-1
152,65,477,777,136,176,1,-1,-1,-1
152,68,2060,522,148,168,1,-1,-1,-1
152,71,922,639,156,168,1,-1,-1,-1
152,79,1512,384,112,232,1,-1,-1,-1
152,80,1144,518,140,212,1,-1,-1,-1
152,81,1776,461,348,280,1,-1,-1,-1
152,82,1543,155,92,192,1,-1,-1,-1
153,48,701,696,190,164,1,-1,-1,-1
153,62,720,688,160,176,1,-1,-1,-1
153,63,1548,548,188,216,1,-1,-1,-1
153,64,1232,632,212,188,1,-1,-1,-1
153,65,476,764,144,184,1,-1,-1,-1
153,68,2060,522,148,168,1,-1,-1,-1
153,71,916,676,132,132,1,-1,-1,-1
153,79,1512,384,112,232,1,-1,-1,-1
153,80,1144,524,176,192,1,-1,-1,-1
153,81,1788,512,284,228,1,-1,-1,-1
153,82,1536,136,100,204,1,-1,-1,-1
153,83,1684,276,148,152,1,-1,-1,-1
154,48,699,691,190,164,1,-1,-1,-1
154,62,716,684,160,176,1,-1,-1,-1
154,63,1541,548,188,216,1,-1,-1,-1
154,64,1227,632,212,188,1,-1,-1,-1
154,65,472,762,144,184,1,-1,-1,-1
154,68,2057,516,148,168,1,-1,-1,-1
154,71,906,670,132,132,1,-1,-1,-1
154,79,1504,382,112,232,1,-1,-1,-1
154,80,1132,522,176,192,1,-1,-1,-1
154,81,1783,509,284,228,1,-1,-1,-1
154,82,1526,133,100,204,1,-1,-1,-1
154,83,1669,274,148,152,1,-1,-1,-1
155,48,692,691,190,164,1,-1,-1,-1
155,62,711,684,160,176,1,-1,-1,-1
155,63,1534,544,188,216,1,-1,-1,-1
155,64,1223,632,212,188,1,-1,-1,-1
155,65,468,760,144,184,1,-1,-1,-1
155,68,2050,512,155,176,1,-1,-1,-1
155,71,900,668,132,132,1,-1,-1,-1
155,79,1497,386,107,221,1,-1,-1,-1
155,80,1123,520,176,192,1,-1,-1,-1
155,81,1776,508,284,228,1,-1,-1,-1
155,83,1659,272,148,152,1,-1,-1,-1
156,48,692,690,190,164,1,-1,-1,-1
156,62,709,682,160,176,1,-1,-1,-1
156,63,1533,544,188,216,1,-1,-1,-1
156,64,1221,631,212,188,1,-1,-1,-1
156,65,467,760,144,184,1,-1,-1,-1
156,71,901,668,132,132,1,-1,-1,-1
156,79,1495,385,107,221,1,-1,-1,-1
156,80,1123,521,176,192,1,-1,-1,-1
156,81,1776,509,284,228,1,-1,-1,-1
156,83,1659,272,148,152,1,-1,-1,-1
157,48,687,687,190,164,1,-1,-1,-1
157,62,705,680,160,176,1,-1,-1,-1
157,63,1523,542,188,216,1,-1,-1,-1
157,64,1216,630,212,188,1,-1,-1,-1
157,65,460,757,144,184,1,-1,-1,-1
157,71,890,664,132,132,1,-1,-1,-1
157,80,1109,521,176,192,1,-1,-1,-1
157,81,1769,506,284,228,1,-1,-1,-1
157,83,1643,270,148,152,1,-1,-1,-1
158,48,686,685,190,164,1,-1,-1,-1
158,62,704,679,160,176,1,-1,-1,-1
158,63,1520,542,188,216,1,-1,-1,-1
158,64,1218,627,212,188,1,-1,-1,-1
158,65,460,757,144,184,1,-1,-1,-1
158,71,891,667,126,126,1,-1,-1,-1
158,80,1100,516,185,202,1,-1,-1,-1
158,81,1767,504,284,228,1,-1,-1,-1
158,83,1636,269,148,152,1,-1,-1,-1
159,48,682,682,200,172,1,-1,-1,-1
159,62,704,679,160,176,1,-1,-1,-1
159,63,1520,541,188,216,1,-1,-1,-1
159,64,1218,626,212,188,1,-1,-1,-1
159,65,460,758,144,184,1,-1,-1,-1
159,71,891,667,126,126,1,-1,-1,-1
159,80,1104,523,176,192,1,-1,-1,-1
159,81,1765,503,284,228,1,-1,-1,-1
159,83,1636,268,148,152,1,-1,-1,-1
160,48,681,686,200,172,1,-1,-1,-1
160,62,703,679,160,176,1,-1,-1,-1
160,63,1518,547,179,206,1,-1,-1,-1
160,64,1217,625,212,188,1,-1,-1,-1
160,65,458,758,144,184,1,-1,-1,-1
160,71,883,667,126,126,1,-1,-1,-1
160,80,1088,524,176,192,1,-1,-1,-1
160,81,1759,498,284,228,1,-1,-1,-1
160,83,1624,266,148,152,1,-1,-1,-1
161,48,681,686,200,172,1,-1,-1,-1
161,62,700,668,152,184,1,-1,-1,-1
161,63,1520,592,144,156,1,-1,-1,-1
161,64,1220,628,196,180,1,-1,-1,-1
161,65,448,744,180,196,1,-1,-1,-1
161,71,883,667,126,126,1,-1,-1,-1
161,80,1088,524,176,192,1,-1,-1,-1
161,81,1772,532,268,196,1,-1,-1,-1
161,83,1612,264,148,164,1,-1,-1,-1
161,84,1460,132,116,156,1,-1,-1,-1
162,48,680,682,200,172,1,-1,-1,-1
162,62,700,668,152,184,1,-1,-1,-1
162,63,1520,592,144,156,1,-1,-1,-1
162,64,1220,628,196,180,1,-1,-1,-1
162,65,448,744,180,196,1,-1,-1,-1
162,71,876,667,126,126,1,-1,-1,-1
162,80,1081,529,168,183,1,-1,-1,-1
162,81,1772,532,268,196,1,-1,-1,-1
162,83,1612,264,148,164,1,-1,-1,-1
162,84,1460,132,116,156,1,-1,-1,-1
163,48,677,681,200,172,1,-1,-1,-1
163,62,697,667,152,184,1,-1,-1,-1
163,63,1511,596,144,156,1,-1,-1,-1
163,64,1215,628,196,180,1,-1,-1,-1
163,65,445,746,180,196,1,-1,-1,-1
163,71,863,670,126,126,1,-1,-1,-1
163,80,1065,529,168,183,1,-1,-1,-1
163,81,1768,531,268,196,1,-1,-1,-1
163,83,1598,265,148,164,1,-1,-1,-1
163,84,1447,130,116,156,1,-1,-1,-1
164,48,677,681,200,172,1,-1,-1,-1
164,62,696,668,152,184,1,-1,-1,-1
164,63,1508,597,144,156,1,-1,-1,-1
164,64,1212,628,196,180,1,-1,-1,-1
164,65,443,747,180,196,1,-1,-1,-1
164,71,858,674,126,126,1,-1,-1,-1
164,81,1766,534,268,196,1,-1,-1,-1
164,83,1593,264,148,164,1,-1,-1,-1
164,84,1442,131,116,156,1,-1,-1,-1
165,48,678,683,200,172,1,-1,-1,-1
165,62,696,670,152,184,1,-1,-1,-1
165,63,1507,598,144,156,1,-1,-1,-1
165,64,1212,629,196,180,1,-1,-1,-1
165,65,447,752,171,187,1,-1,-1,-1
165,71,861,676,120,120,1,-1,-1,-1
165,81,1764,532,268,196,1,-1,-1,-1
165,83,1592,265,148,164,1,-1,-1,-1
165,84,1442,131,116,156,1,-1,-1,-1
166,62,695,667,152,184,1,-1,-1,-1
166,63,1501,598,144,156,1,-1,-1,-1
166,64,1210,628,196,180,1,-1,-1,-1
166,65,446,752,171,187,1,-1,-1,-1
166,71,855,677,120,120,1,-1,-1,-1
166,81,1763,535,268,196,1,-1,-1,-1
166,83,1580,266,148,164,1,-1,-1,-1
166,84,1431,128,116,156,1,-1,-1,-1
167,62,696,665,152,184,1,-1,-1,-1
167,63,1498,597,144,156,1,-1,-1,-1
167,64,1209,629,196,180,1,-1,-1,-1
167,65,445,753,171,187,1,-1,-1,-1
167,71,853,677,120,120,1,-1,-1,-1
167,81,1761,534,268,196,1,-1,-1,-1
167,83,1575,266,148,164,1,-1,-1,-1
167,84,1427,129,116,156,1,-1,-1,-1
168,62,695,663,152,184,1,-1,-1,-1
168,63,1498,599,137,149,1,-1,-1,-1
168,64,1211,628,196,180,1,-1,-1,-1
168,65,444,752,171,187,1,-1,-1,-1
168,71,852,677,120,120,1,-1,-1,-1
168,81,1760,534,268,196,1,-1,-1,-1
168,83,1571,265,148,164,1,-1,-1,-1
168,84,1423,128,116,156,1,-1,-1,-1
169,62,696,656,164,196,1,-1,-1,-1
169,63,1496,568,212,188,1,-1,-1,-1
169,64,1220,628,184,176,1,-1,-1,-1
169,65,440,752,192,184,1,-1,-1,-1
169,71,852,677,120,120,1,-1,-1,-1
169,81,1776,508,280,224,1,-1,-1,-1
169,83,1571,265,148,164,1,-1,-1,-1
169,84,1404,132,128,204,1,-1,-1,-1
169,85,1284,320,144,240,1,-1,-1,-1
169,86,1096,496,152,200,1,-1,-1,-1
170,62,694,657,164,196,1,-1,-1,-1
170,63,1495,570,212,188,1,-1,-1,-1
170,64,1220,630,184,176,1,-1,-1,-1
170,65,439,754,192,184,1,-1,-1,-1
170,71,848,678,120,120,1,-1,-1,-1
170,81,1783,515,267,213,1,-1,-1,-1
170,83,1563,273,141,156,1,-1,-1,-1
170,84,1402,135,128,204,1,-1,-1,-1
170,85,1287,325,137,229,1,-1,-1,-1
170,86,1097,503,145,190,1,-1,-1,-1
171,62,694,658,164,196,1,-1,-1,-1
171,63,1494,571,212,188,1,-1,-1,-1
171,64,1222,632,184,176,1,-1,-1,-1
171,65,438,755,192,184,1,-1,-1,-1
171,71,846,677,120,120,1,-1,-1,-1
171,81,1782,515,267,213,1,-1,-1,-1
171,83,1562,272,141,156,1,-1,-1,-1
171,84,1400,135,128,204,1,-1,-1,-1
171,85,1286,329,137,229,1,-1,-1,-1
171,86,1096,504,145,190,1,-1,-1,-1
172,62,694,659,164,196,1,-1,-1,-1
172,63,1494,572,212,188,1,-1,-1,-1
172,64,1223,632,184,176,1,-1,-1,-1
172,65,440,752,192,184,1,-1,-1,-1
172,71,845,677,120,120,1,-1,-1,-1
172,81,1774,511,280,224,1,-1,-1,-1
172,83,1559,271,141,156,1,-1,-1,-1
172,84,1398,136,128,204,1,-1,-1,-1
172,85,1285,329,137,229,1,-1,-1,-1
172,86,1095,504,145,190,1,-1,-1,-1
173,62,694,660,164,196,1,-1,-1,-1
173,63,1492,570,212,188,1,-1,-1,-1
173,64,1224,631,184,176,1,-1,-1,-1
173,65,440,751,192,184,1,-1,-1,-1
173,71,843,677,120,120,1,-1,-1,-1
173,81,1774,512,280,224,1,-1,-1,-1
173,83,1555,268,141,156,1,-1,-1,-1
173,84,1391,137,128,204,1,-1,-1,-1
173,85,1287,336,131,218,1,-1,-1,-1
173,86,1092,504,145,190,1,-1,-1,-1
174,62,698,667,156,187,1,-1,-1,-1
174,63,1491,571,212,188,1,-1,-1,-1
174,64,1222,633,184,176,1,-1,-1,-1
174,65,443,754,183,175,1,-1,-1,-1
174,71,840,676,120,120,1,-1,-1,-1
174,81,1770,510,280,224,1,-1,-1,-1
174,83,1556,271,134,149,1,-1,-1,-1
174,84,1387,139,128,204,1,-1,-1,-1
174,85,1284,337,131,218,1,-1,-1,-1
174,86,1092,503,145,190,1,-1,-1,-1
175,62,697,666,156,187,1,-1,-1,-1
175,63,1484,565,223,197,1,-1,-1,-1
175,64,1222,633,184,176,1,-1,-1,-1
175,65,442,752,183,175,1,-1,-1,-1
175,71,837,675,120,120,1,-1,-1,-1
175,81,1770,509,280,224,1,-1,-1,-1
175,83,1551,271,134,149,1,-1,-1,-1
175,84,1384,138,128,204,1,-1,-1,-1
175,85,1283,337,131,218,1,-1,-1,-1
175,86,1089,501,145,190,1,-1,-1,-1
176,62,694,666,156,187,1,-1,-1,-1
176,63,1489,570,212,188,1,-1,-1,-1
176,64,1222,633,184,176,1,-1,-1,-1
176,65,441,750,183,175,1,-1,-1,-1
176,71,837,675,120,120,1,-1,-1,-1
176,81,1770,507,280,224,1,-1,-1,-1
176,83,1545,270,134,149,1,-1,-1,-1
176,84,1385,143,122,194,1,-1,-1,-1
176,85,1280,334,131,218,1,-1,-1,-1
176,86,1084,496,152,200,1,-1,-1,-1
177,62,692,676,168,168,1,-1,-1,-1
177,63,1492,588,212,168,1,-1,-1,-1
177,64,1216,632,204,176,1,-1,-1,-1
177,65,428,748,188,184,1,-1,-1,-1
177,71,840,716,120,80,1,-1,-1,-1
177,81,1772,504,276,228,1,-1,-1,-1
177,83,1545,270,134,149,1,-1,-1,-1
177,84,1385,143,122,194,1,-1,-1,-1
177,85,1324,324,92,244,1,-1,-1,-1
177,86,1092,492,156,200,1,-1,-1,-1
177,87,1408,392,104,212,1,-1,-1,-1
178,62,688,677,168,168,1,-1,-1,-1
178,63,1488,588,212,168,1,-1,-1,-1
178,64,1216,633,204,176,1,-1,-1,-1
178,65,427,748,188,184,1,-1,-1,-1
178,71,838,718,120,80,1,-1,-1,-1
178,81,1776,511,263,217,1,-1,-1,-1
178,83,1535,266,134,149,1,-1,-1,-1
178,84,1377,142,122,194,1,-1,-1,-1
178,85,1323,325,92,244,1,-1,-1,-1
178,86,1089,494,156,200,1,-1,-1,-1
178,87,1406,394,104,212,1,-1,-1,-1
179,62,686,677,168,168,1,-1,-1,-1
179,63,1487,589,212,168,1,-1,-1,-1
179,64,1215,634,204,176,1,-1,-1,-1
179,65,427,748,188,184,1,-1,-1,-1
179,71,837,719,120,80,1,-1,-1,-1
179,81,1778,510,263,217,1,-1,-1,-1
179,84,1372,140,122,194,1,-1,-1,-1
179,85,1322,322,92,244,1,-1,-1,-1
179,86,1089,494,156,200,1,-1,-1,-1
179,87,1403,394,104,212,1,-1,-1,-1
180,62,684,675,168,168,1,-1,-1,-1
180,63,1488,587,212,168,1,-1,-1,-1
180,64,1215,633,204,176,1,-1,-1,-1
180,65,426,746,188,184,1,-1,-1,-1
180,71,837,719,120,80,1,-1,-1,-1
180,81,1770,503,276,228,1,-1,-1,-1
180,84,1368,137,128,204,1,-1,-1,-1
180,85,1321,320,92,244,1,-1,-1,-1
180,86,1087,493,156,200,1,-1,-1,-1
180,87,1401,394,104,212,1,-1,-1,-1
181,62,681,676,168,168,1,-1,-1,-1
181,63,1488,587,212,168,1,-1,-1,-1
181,64,1214,633,204,176,1,-1,-1,-1
181,65,424,750,188,184,1,-1,-1,-1
181,71,837,720,120,80,1,-1,-1,-1
181,81,1774,509,263,217,1,-1,-1,-1
181,84,1365,136,128,204,1,-1,-1,-1
181,85,1320,320,92,244,1,-1,-1,-1
181,86,1085,493,156,200,1,-1,-1,-1
181,87,1398,392,104,212,1,-1,-1,-1
182,62,677,678,168,168,1,-1,-1,-1
182,63,1486,590,212,168,1,-1,-1,-1
182,64,1212,633,204,176,1,-1,-1,-1
182,65,424,751,188,184,1,-1,-1,-1
182,71,836,721,120,80,1,-1,-1,-1
182,81,1769,509,263,217,1,-1,-1,-1
182,84,1360,136,128,204,1,-1,-1,-1
182,85,1318,320,92,244,1,-1,-1,-1
182,86,1082,490,156,200,1,-1,-1,-1
182,87,1395,392,104,212,1,-1,-1,-1
183,62,669,673,176,176,1,-1,-1,-1
183,63,1487,588,212,168,1,-1,-1,-1
183,64,1216,635,194,168,1,-1,-1,-1
183,65,423,749,188,184,1,-1,-1,-1
183,71,836,720,120,80,1,-1,-1,-1
183,81,1770,511,263,217,1,-1,-1,-1
183,84,1355,138,128,204,1,-1,-1,-1
183,85,1317,319,92,244,1,-1,-1,-1
183,86,1085,496,149,190,1,-1,-1,-1
183,87,1390,392,104,212,1,-1,-1,-1
184,62,667,671,176,176,1,-1,-1,-1
184,63,1486,588,212,168,1,-1,-1,-1
184,64,1216,632,194,168,1,-1,-1,-1
184,65,428,754,179,175,1,-1,-1,-1
184,71,837,719,120,80,1,-1,-1,-1
184,81,1768,509,263,217,1,-1,-1,-1
184,85,1315,320,92,244,1,-1,-1,-1
184,86,1083,494,149,190,1,-1,-1,-1
184,87,1385,388,109,223,1,-1,-1,-1
185,62,668,676,148,176,1,-1,-1,-1
185,63,1488,592,228,160,1,-1,-1,-1
185,64,1216,636,204,172,1,-1,-1,-1
185,65,448,752,148,180,1,-1,-1,-1
185,71,837,719,120,80,1,-1,-1,-1
185,81,1768,516,260,220,1,-1,-1,-1
185,85,1320,312,84,260,1,-1,-1,-1
185,86,1076,472,136,188,1,-1,-1,-1
185,87,1396,400,88,200,1,-1,-1,-1
185,88,1512,280,100,216,1,-1,-1,-1
185,89,1348,140,124,200,1,-1,-1,-1
185,90,1472,488,136,156,1,-1,-1,-1
186,62,665,677,148,176,1,-1,-1,-1
186,63,1485,593,228,160,1,-1,-1,-1
186,64,1215,635,204,172,1,-1,-1,-1
186,65,448,751,148,180,1,-1,-1,-1
186,71,835,717,120,80,1,-1,-1,-1
186,81,1768,516,260,220,1,-1,-1,-1
186,85,1319,312,84,260,1,-1,-1,-1
186,86,1074,471,136,188,1,-1,-1,-1
186,87,1394,402,88,200,1,-1,-1,-1
186,88,1509,279,100,216,1,-1,-1,-1
186,89,1344,139,124,200,1,-1,-1,-1
186,90,1469,488,136,156,1,-1,-1,-1
187,62,662,676,148,176,1,-1,-1,-1
187,63,1483,594,228,160,1,-1,-1,-1
187,64,1215,635,204,172,1,-1,-1,-1
187,65,447,751,148,180,1,-1,-1,-1
187,71,833,716,120,80,1,-1,-1,-1
187,81,1767,514,260,220,1,-1,-1,-1
187,85,1319,309,84,260,1,-1,-1,-1
187,86,1072,473,136,188,1,-1,-1,-1
187,87,1391,402,88,200,1,-1,-1,-1
187,88,1504,274,105,227,1,-1,-1,-1
187,89,1341,139,124,200,1,-1,-1,-1
187,90,1466,489,136,156,1,-1,-1,-1
188,62,659,675,148,176,1,-1,-1,-1
188,63,1480,593,228,160,1,-1,-1,-1
188,64,1213,635,204,172,1,-1,-1,-1
188,65,449,751,148,180,1,-1,-1,-1
188,71,833,717,114,76,1,-1,-1,-1
188,81,1765,512,260,220,1,-1,-1,-1
188,85,1316,307,84,260,1,-1,-1,-1
188,86,1069,473,136,188,1,-1,-1,-1
188,87,1387,403,88,200,1,-1,-1,-1
188,88,1502,279,100,216,1,-1,-1,-1
188,89,1336,139,124,200,1,-1,-1,-1
188,90,1466,492,130,149,1,-1,-1,-1
189,62,657,675,148,176,1,-1,-1,-1
189,63,1480,593,228,160,1,-1,-1,-1
189,64,1212,634,204,172,1,-1,-1,-1
189,65,450,753,148,180,1,-1,-1,-1
189,71,830,717,114,76,1,-1,-1,-1
189,81,1764,515,260,220,1,-1,-1,-1
189,85,1315,307,84,260,1,-1,-1,-1
189,86,1066,474,136,188,1,-1,-1,-1
189,87,1383,403,88,200,1,-1,-1,-1
189,88,1498,280,100,216,1,-1,-1,-1
189,89,1331,142,124,200,1,-1,-1,-1
189,90,1464,493,130,149,1,-1,-1,-1
190,62,655,675,148,176,1,-1,-1,-1
190,63,1484,597,217,152,1,-1,-1,-1
190,64,1211,633,204,172,1,-1,-1,-1
190,65,456,757,141,171,1,-1,-1,-1
190,71,828,717,114,76,1,-1,-1,-1
190,81,1761,520,260,220,1,-1,-1,-1
190,86,1065,476,136,188,1,-1,-1,-1
190,87,1381,404,88,200,1,-1,-1,-1
190,89,1326,139,130,210,1,-1,-1,-1
190,90,1461,493,130,149,1,-1,-1,-1
191,62,650,673,155,185,1,-1,-1,-1
191,63,1483,597,217,152,1,-1,-1,-1
191,64,1209,633,204,172,1,-1,-1,-1
191,65,456,760,141,171,1,-1,-1,-1
191,71,826,717,114,76,1,-1,-1,-1
191,81,1761,519,260,220,1,-1,-1,-1
191,86,1063,477,136,188,1,-1,-1,-1
191,87,1378,406,88,200,1,-1,-1,-1
191,89,1324,140,130,210,1,-1,-1,-1
191,90,1459,494,130,149,1,-1,-1,-1
192,62,648,672,155,185,1,-1,-1,-1
192,63,1478,596,228,160,1,-1,-1,-1
192,64,1211,636,204,172,1,-1,-1,-1
192,65,461,764,134,163,1,-1,-1,-1
192,71,825,718,114,76,1,-1,-1,-1
192,81,1759,522,260,220,1,-1,-1,-1
192,86,1063,480,136,188,1,-1,-1,-1
192,87,1375,406,88,200,1,-1,-1,-1
192,89,1320,139,130,210,1,-1,-1,-1
192,90,1458,493,130,149,1,-1,-1,-1
193,62,648,680,140,176,1,-1,-1,-1
193,63,1488,572,228,184,1,-1,-1,-1
193,64,1212,612,192,196,1,-1,-1,-1
193,65,444,768,152,176,1,-1,-1,-1
193,71,825,718,114,76,1,-1,-1,-1
193,81,1772,504,256,236,1,-1,-1,-1
193,86,1060,484,136,192,1,-1,-1,-1
193,87,1375,406,88,200,1,-1,-1,-1
193,89,1324,156,96,200,1,-1,-1,-1
193,90,1476,480,92,224,1,-1,-1,-1
193,91,1216,408,96,180,1,-1,-1,-1
193,92,1300,312,100,276,1,-1,-1,-1
193,93,796,576,120,228,1,-1,-1,-1
193,94,1472,268,112,228,1,-1,-1,-1
194,62,646,681,140,176,1,-1,-1,-1
194,63,1489,574,228,184,1,-1,-1,-1
194,64,1210,613,192,196,1,-1,-1,-1
194,65,444,769,152,176,1,-1,-1,-1
194,71,819,718,120,80,1,-1,-1,-1
194,81,1772,504,256,236,1,-1,-1,-1
194,86,1059,485,136,192,1,-1,-1,-1
194,89,1322,157,96,200,1,-1,-1,-1
194,90,1475,480,92,224,1,-1,-1,-1
194,91,1215,407,96,180,1,-1,-1,-1
194,92,1303,317,95,263,1,-1,-1,-1
194,93,794,577,120,228,1,-1,-1,-1
194,94,1468,269,112,228,1,-1,-1,-1
195,62,644,683,140,176,1,-1,-1,-1
195,63,1487,575,228,184,1,-1,-1,-1
195,64,1208,615,192,196,1,-1,-1,-1
195,65,443,771,152,176,1,-1,-1,-1
195,71,814,721,120,80,1,-1,-1,-1
195,81,1777,513,244,225,1,-1,-1,-1
195,86,1056,487,136,192,1,-1,-1,-1
195,89,1317,159,96,200,1,-1,-1,-1
195,90,1473,481,92,224,1,-1,-1,-1
195,91,1213,412,96,180,1,-1,-1,-1
195,92,1302,314,95,263,1,-1,-1,-1
195,93,791,577,120,228,1,-1,-1,-1
195,94,1465,269,112,228,1,-1,-1,-1
196,62,640,686,140,176,1,-1,-1,-1
196,63,1485,578,228,184,1,-1,-1,-1
196,64,1208,617,192,196,1,-1,-1,-1
196,65,442,773,152,176,1,-1,-1,-1
196,71,811,724,120,80,1,-1,-1,-1
196,81,1774,516,244,225,1,-1,-1,-1
196,86,1054,487,136,192,1,-1,-1,-1
196,89,1313,160,96,200,1,-1,-1,-1
196,90,1470,483,92,224,1,-1,-1,-1
196,91,1211,413,96,180,1,-1,-1,-1
196,92,1298,312,100,276,1,-1,-1,-1
196,93,789,577,120,228,1,-1,-1,-1
196,94,1461,268,112,228,1,-1,-1,-1
197,62,637,692,140,176,1,-1,-1,-1
197,63,1485,582,228,184,1,-1,-1,-1
197,64,1207,622,192,196,1,-1,-1,-1
197,65,442,776,152,176,1,-1,-1,-1
197,71,809,730,114,76,1,-1,-1,-1
197,81,1772,517,244,225,1,-1,-1,-1
197,86,1051,490,136,192,1,-1,-1,-1
197,89,1309,163,96,200,1,-1,-1,-1
197,90,1467,485,92,224,1,-1,-1,-1
197,91,1205,411,101,189,1,-1,-1,-1
197,93,785,581,120,228,1,-1,-1,-1
197,94,1454,271,112,228,1,-1,-1,-1
198,62,638,701,133,168,1,-1,-1,-1
198,63,1482,587,228,184,1,-1,-1,-1
198,64,1206,626,192,196,1,-1,-1,-1
198,65,442,782,152,176,1,-1,-1,-1
198,71,804,734,120,80,1,-1,-1,-1
198,81,1768,523,244,225,1,-1,-1,-1
198,86,1047,494,136,192,1,-1,-1,-1
198,89,1309,170,91,190,1,-1,-1,-1
198,90,1462,482,97,235,1,-1,-1,-1
198,91,1202,416,101,189,1,-1,-1,-1
198,93,781,583,120,228,1,-1,-1,-1
199,62,636,709,133,168,1,-1,-1,-1
199,63,1480,593,228,184,1,-1,-1,-1
199,64,1206,631,192,196,1,-1,-1,-1
199,65,442,790,152,176,1,-1,-1,-1
199,71,800,741,120,80,1,-1,-1,-1
199,81,1769,529,244,225,1,-1,-1,-1
199,86,1047,501,136,192,1,-1,-1,-1
199,90,1461,493,92,224,1,-1,-1,-1
199,91,1199,424,101,189,1,-1,-1,-1
199,93,778,589,120,228,1,-1,-1,-1
200,62,639,716,133,168,1,-1,-1,-1
200,63,1478,598,228,184,1,-1,-1,-1
200,64,1207,638,192,196,1,-1,-1,-1
200,65,444,796,152,176,1,-1,-1,-1
200,71,799,747,120,80,1,-1,-1,-1
200,81,1769,535,244,225,1,-1,-1,-1
200,86,1046,505,136,192,1,-1,-1,-1
200,91,1198,431,101,189,1,-1,-1,-1
200,93,776,594,120,228,1,-1,-1,-1
201,62,639,716,133,168,1,-1,-1,-1
201,63,1480,604,236,192,1,-1,-1,-1
201,64,1208,648,188,196,1,-1,-1,-1
201,65,444,800,160,168,1,-1,-1,-1
201,71,799,747,120,80,1,-1,-1,-1
201,81,1788,532,180,236,1,-1,-1,-1
201,86,1044,504,140,212,1,-1,-1,-1
201,91,1198,431,101,189,1,-1,-1,-1
201,93,776,594,120,228,1,-1,-1,-1
201,95,1440,492,112,268,1,-1,-1,-1
201,96,1280,180,100,164,1,-1,-1,-1
202,62,641,721,133,168,1,-1,-1,-1
202,63,1479,608,236,192,1,-1,-1,-1
202,64,1206,652,188,196,1,-1,-1,-1
202,65,444,803,160,168,1,-1,-1,-1
202,71,791,756,120,80,1,-1,-1,-1
202,81,1789,535,180,236,1,-1,-1,-1
202,86,1044,509,140,212,1,-1,-1,-1
202,93,771,600,120,228,1,-1,-1,-1
202,95,1442,500,107,255,1,-1,-1,-1
202,96,1278,183,100,164,1,-1,-1,-1
203,62,642,723,133,168,1,-1,-1,-1
203,63,1480,611,236,192,1,-1,-1,-1
203,64,1208,657,188,196,1,-1,-1,-1
203,65,446,809,160,168,1,-1,-1,-1
203,71,789,760,120,80,1,-1,-1,-1
203,81,1791,539,180,236,1,-1,-1,-1
203,86,1044,513,140,212,1,-1,-1,-1
203,93,768,603,120,228,1,-1,-1,-1
203,95,1437,499,112,268,1,-1,-1,-1
203,96,1276,191,100,164,1,-1,-1,-1
204,62,645,725,133,168,1,-1,-1,-1
204,63,1480,616,236,192,1,-1,-1,-1
204,64,1208,660,188,196,1,-1,-1,-1
204,65,447,814,160,168,1,-1,-1,-1
204,71,787,764,120,80,1,-1,-1,-1
204,81,1792,542,180,236,1,-1,-1,-1
204,86,1044,518,140,212,1,-1,-1,-1
204,93,766,612,120,228,1,-1,-1,-1
204,95,1436,505,112,268,1,-1,-1,-1
204,96,1272,193,100,164,1,-1,-1,-1
205,62,645,729,133,168,1,-1,-1,-1
205,63,1481,620,236,192,1,-1,-1,-1
205,64,1207,664,188,196,1,-1,-1,-1
205,65,448,817,160,168,1,-1,-1,-1
205,71,784,767,120,80,1,-1,-1,-1
205,81,1793,544,180,236,1,-1,-1,-1
205,86,1047,526,133,202,1,-1,-1,-1
205,95,1434,507,112,268,1,-1,-1,-1
205,96,1271,198,100,164,1,-1,-1,-1
206,62,645,730,133,168,1,-1,-1,-1
206,63,1480,625,236,192,1,-1,-1,-1
206,64,1204,670,188,196,1,-1,-1,-1
206,65,448,822,160,168,1,-1,-1,-1
206,71,781,772,120,80,1,-1,-1,-1
206,81,1793,547,180,236,1,-1,-1,-1
206,86,1046,531,133,202,1,-1,-1,-1
206,95,1432,511,112,268,1,-1,-1,-1
206,96,1270,204,95,156,1,-1,-1,-1
207,62,644,731,133,168,1,-1,-1,-1
207,63,1480,625,236,192,1,-1,-1,-1
207,64,1206,673,188,196,1,-1,-1,-1
207,65,449,826,160,168,1,-1,-1,-1
207,71,777,776,120,80,1,-1,-1,-1
207,81,1792,549,180,236,1,-1,-1,-1
207,86,1046,535,133,202,1,-1,-1,-1
207,96,1268,208,95,156,1,-1,-1,-1
208,62,642,734,133,168,1,-1,-1,-1
208,63,1481,628,236,192,1,-1,-1,-1
208,64,1204,674,188,196,1,-1,-1,-1
208,65,451,829,160,168,1,-1,-1,-1
208,71,775,778,120,80,1,-1,-1,-1
208,81,1791,550,180,236,1,-1,-1,-1
208,86,1046,536,133,202,1,-1,-1,-1
208,96,1267,212,95,156,1,-1,-1,-1
209,62,642,734,133,168,1,-1,-1,-1
209,63,1476,632,244,188,1,-1,-1,-1
209,64,1208,724,200,148,1,-1,-1,-1
209,65,464,844,160,152,1,-1,-1,-1
209,71,775,778,120,80,1,-1,-1,-1
209,81,1796,536,148,256,1,-1,-1,-1
209,86,1056,536,152,200,1,-1,-1,-1
209,96,1272,216,92,200,1,-1,-1,-1
209,97,2036,464,104,284,1,-1,-1,-1
209,98,1932,472,108,272,1,-1,-1,-1
209,99,1420,484,124,268,1,-1,-1,-1
209,100,2072,280,104,240,1,-1,-1,-1
209,101,904,580,148,184,1,-1,-1,-1
210,62,647,740,133,168,1,-1,-1,-1
210,63,1477,635,244,188,1,-1,-1,-1
210,64,1208,729,200,148,1,-1,-1,-1
210,65,468,848,160,152,1,-1,-1,-1
210,71,773,785,120,80,1,-1,-1,-1
210,81,1798,541,148,256,1,-1,-1,-1
210,86,1054,533,160,210,1,-1,-1,-1
210,96,1272,219,92,200,1,-1,-1,-1
210,97,2036,463,104,284,1,-1,-1,-1
210,98,1935,479,103,259,1,-1,-1,-1
210,99,1421,486,124,268,1,-1,-1,-1
210,100,2072,282,104,240,1,-1,-1,-1
210,101,905,583,148,184,1,-1,-1,-1
211,62,654,745,127,160,1,-1,-1,-1
211,63,1481,640,244,188,1,-1,-1,-1
211,64,1212,730,200,148,1,-1,-1,-1
211,65,473,851,160,152,1,-1,-1,-1
211,71,773,787,120,80,1,-1,-1,-1
211,81,1802,542,148,256,1,-1,-1,-1
211,86,1062,541,152,200,1,-1,-1,-1
211,96,1276,225,88,190,1,-1,-1,-1
211,97,2041,475,99,270,1,-1,-1,-1
211,98,1938,482,103,259,1,-1,-1,-1
211,99,1420,482,130,281,1,-1,-1,-1
211,100,2073,282,104,240,1,-1,-1,-1
211,101,912,588,141,175,1,-1,-1,-1
212,62,664,747,127,160,1,-1,-1,-1
212,63,1490,642,244,188,1,-1,-1,-1
212,64,1220,731,200,148,1,-1,-1,-1
212,65,484,853,160,152,1,-1,-1,-1
212,71,780,788,120,80,1,-1,-1,-1
212,81,1808,546,148,256,1,-1,-1,-1
212,86,1070,541,152,200,1,-1,-1,-1
212,96,1280,227,88,190,1,-1,-1,-1
212,97,2043,468,104,284,1,-1,-1,-1
212,98,1941,476,108,272,1,-1,-1,-1
212,99,1427,495,124,268,1,-1,-1,-1
212,100,2078,284,104,240,1,-1,-1,-1
212,101,921,592,141,175,1,-1,-1,-1
213,62,676,751,127,160,1,-1,-1,-1
213,63,1503,643,244,188,1,-1,-1,-1
213,64,1230,733,200,148,1,-1,-1,-1
213,65,497,853,160,152,1,-1,-1,-1
213,71,788,789,120,80,1,-1,-1,-1
213,81,1821,549,148,256,1,-1,-1,-1
213,86,1085,542,152,200,1,-1,-1,-1
213,96,1292,229,88,190,1,-1,-1,-1
213,97,2053,470,104,284,1,-1,-1,-1
213,98,1958,477,108,272,1,-1,-1,-1
213,100,2090,290,99,229,1,-1,-1,-1
213,101,934,592,141,175,1,-1,-1,-1
214,62,689,753,127,160,1,-1,-1,-1
214,63,1513,645,244,188,1,-1,-1,-1
214,64,1238,735,200,148,1,-1,-1,-1
214,65,514,858,152,145,1,-1,-1,-1
214,71,796,793,120,80,1,-1,-1,-1
214,81,1833,552,148,256,1,-1,-1,-1
214,86,1098,545,152,200,1,-1,-1,-1
214,96,1305,229,88,190,1,-1,-1,-1
214,98,1960,470,113,286,1,-1,-1,-1
214,100,2103,293,99,229,1,-1,-1,-1
214,101,945,590,148,184,1,-1,-1,-1
215,62,702,756,127,160,1,-1,-1,-1
215,63,1532,650,232,179,1,-1,-1,-1
215,64,1251,734,210,155,1,-1,-1,-1
215,65,527,860,152,145,1,-1,-1,-1
215,71,807,796,120,80,1,-1,-1,-1
215,81,1848,552,148,256,1,-1,-1,-1
215,86,1110,546,152,200,1,-1,-1,-1
215,96,1315,233,88,190,1,-1,-1,-1
215,101,952,594,148,184,1,-1,-1,-1
216,62,721,759,127,160,1,-1,-1,-1
216,63,1554,652,232,179,1,-1,-1,-1
216,64,1269,734,210,155,1,-1,-1,-1
216,65,546,860,152,145,1,-1,-1,-1
216,71,822,798,120,80,1,-1,-1,-1
216,81,1865,553,148,256,1,-1,-1,-1
216,86,1134,552,145,190,1,-1,-1,-1
216,101,972,594,148,184,1,-1,-1,-1
217,62,736,712,132,196,1,-1,-1,-1
217,63,1588,620,252,200,1,-1,-1,-1
217,64,1304,712,204,168,1,-1,-1,-1
217,65,576,840,156,152,1,-1,-1,-1
217,71,822,798,120,80,1,-1,-1,-1
217,81,1904,552,136,244,1,-1,-1,-1
217,86,1134,552,145,190,1,-1,-1,-1
217,101,972,594,148,184,1,-1,-1,-1
217,102,1836,152,216,196,1,-1,-1,-1
218,62,755,691,132,196,1,-1,-1,-1
218,63,1611,600,252,200,1,-1,-1,-1
218,64,1324,692,204,168,1,-1,-1,-1
218,65,595,821,156,152,1,-1,-1,-1
218,81,1924,529,136,244,1,-1,-1,-1
218,86,1189,517,145,190,1,-1,-1,-1
218,101,1025,562,148,184,1,-1,-1,-1
218,102,1854,131,216,196,1,-1,-1,-1
219,62,762,682,132,196,1,-1,-1,-1
219,63,1628,598,240,190,1,-1,-1,-1
219,64,1336,679,204,168,1,-1,-1,-1
219,65,610,810,156,152,1,-1,-1,-1
219,81,1933,523,136,244,1,-1,-1,-1
219,86,1204,500,145,190,1,-1,-1,-1
219,102,1858,123,216,196,1,-1,-1,-1
220,62,781,668,132,196,1,-1,-1,-1
220,63,1648,584,240,190,1,-1,-1,-1
220,64,1354,665,204,168,1,-1,-1,-1
220,65,628,798,156,152,1,-1,-1,-1
220,81,1957,510,130,232,1,-1,-1,-1
220,86,1219,481,152,200,1,-1,-1,-1
220,102,1874,109,216,196,1,-1,-1,-1
221,62,814,642,132,196,1,-1,-1,-1
221,63,1680,559,240,190,1,-1,-1,-1
221,64,1388,640,204,168,1,-1,-1,-1
221,65,665,769,156,152,1,-1,-1,-1
221,81,1987,486,130,232,1,-1,-1,-1
221,86,1254,458,152,200,1,-1,-1,-1
221,102,1899,89,216,196,1,-1,-1,-1
222,62,839,621,132,196,1,-1,-1,-1
222,63,1704,530,252,200,1,-1,-1,-1
222,64,1417,617,204,168,1,-1,-1,-1
222,65,696,748,156,152,1,-1,-1,-1
222,81,2016,462,130,232,1,-1,-1,-1
222,86,1289,431,152,200,1,-1,-1,-1
222,102,1925,66,216,196,1,-1,-1,-1
223,62,865,607,132,196,1,-1,-1,-1
223,63,1732,519,252,200,1,-1,-1,-1
223,64,1443,603,204,168,1,-1,-1,-1
223,65,725,737,156,152,1,-1,-1,-1
223,81,2042,451,130,232,1,-1,-1,-1
223,86,1315,425,152,200,1,-1,-1,-1
223,102,1954,57,206,187,1,-1,-1,-1
224,62,895,603,132,196,1,-1,-1,-1
224,63,1762,511,252,200,1,-1,-1,-1
224,64,1475,597,204,168,1,-1,-1,-1
224,65,758,732,156,152,1,-1,-1,-1
224,81,2072,443,130,232,1,-1,-1,-1
224,102,1979,53,206,187,1,-1,-1,-1
225,62,895,603,132,196,1,-1,-1,-1
225,63,1800,520,256,176,1,-1,-1,-1
225,64,1492,568,200,176,1,-1,-1,-1
225,65,784,728,148,144,1,-1,-1,-1
225,81,2112,428,112,256,1,-1,-1,-1
225,102,2012,52,220,172,1,-1,-1,-1
225,103,0,764,80,104,1,-1,-1,-1
225,104,1680,460,88,168,1,-1,-1,-1
225,105,2212,308,160,324,1,-1,-1,-1
225,106,1100,468,132,228,1,-1,-1,-1
226,62,918,577,132,196,1,-1,-1,-1
226,63,1816,510,244,168,1,-1,-1,-1
226,64,1497,554,200,176,1,-1,-1,-1
226,65,794,714,148,144,1,-1,-1,-1
226,81,2118,411,112,256,1,-1,-1,-1
226,102,2018,37,220,172,1,-1,-1,-1
226,103,10,750,80,104,1,-1,-1,-1
226,104,1685,445,88,168,1,-1,-1,-1
226,105,2218,298,160,324,1,-1,-1,-1
226,106,1104,453,132,228,1,-1,-1,-1
227,62,920,561,132,196,1,-1,-1,-1
227,63,1816,494,256,176,1,-1,-1,-1
227,64,1502,543,200,176,1,-1,-1,-1
227,65,798,701,148,144,1,-1,-1,-1
227,81,2122,400,112,256,1,-1,-1,-1
227,102,2019,25,220,172,1,-1,-1,-1
227,103,17,736,80,104,1,-1,-1,-1
227,104,1685,427,92,176,1,-1,-1,-1
227,105,2221,275,160,324,1,-1,-1,-1
227,106,1106,444,132,228,1,-1,-1,-1
228,62,924,555,132,196,1,-1,-1,-1
228,63,1822,487,256,176,1,-1,-1,-1
228,64,1507,539,200,176,1,-1,-1,-1
228,65,809,694,148,144,1,-1,-1,-1
228,81,2128,398,107,244,1,-1,-1,-1
228,102,2025,22,210,164,1,-1,-1,-1
228,103,26,728,80,104,1,-1,-1,-1
228,104,1690,424,92,176,1,-1,-1,-1
228,105,2227,272,160,324,1,-1,-1,-1
228,106,1110,437,132,228,1,-1,-1,-1
229,62,937,551,132,196,1,-1,-1,-1
229,63,1835,483,256,176,1,-1,-1,-1
229,64,1521,537,200,176,1,-1,-1,-1
229,65,827,696,141,137,1,-1,-1,-1
229,81,2137,394,107,244,1,-1,-1,-1
229,102,2032,19,210,164,1,-1,-1,-1
229,103,38,723,84,109,1,-1,-1,-1
229,104,1702,420,92,176,1,-1,-1,-1
229,105,2232,262,168,340,1,-1,-1,-1
229,106,1121,435,132,228,1,-1,-1,-1
230,62,951,549,132,196,1,-1,-1,-1
230,63,1852,483,256,176,1,-1,-1,-1
230,64,1537,536,200,176,1,-1,-1,-1
230,65,843,694,141,137,1,-1,-1,-1
230,81,2155,395,107,244,1,-1,-1,-1
230,102,2043,17,210,164,1,-1,-1,-1
230,103,58,724,80,104,1,-1,-1,-1
230,104,1717,420,92,176,1,-1,-1,-1
230,105,2251,259,168,340,1,-1,-1,-1
230,106,1137,432,132,228,1,-1,-1,-1
231,62,964,550,132,196,1,-1,-1,-1
231,63,1868,483,256,176,1,-1,-1,-1
231,64,1553,535,200,176,1,-1,-1,-1
231,65,860,693,141,137,1,-1,-1,-1
231,102,2054,16,210,164,1,-1,-1,-1
231,103,76,722,80,104,1,-1,-1,-1
231,104,1731,419,92,176,1,-1,-1,-1
231,105,2260,257,168,340,1,-1,-1,-1
231,106,1152,431,132,228,1,-1,-1,-1
232,62,976,541,132,196,1,-1,-1,-1
232,63,1884,477,256,176,1,-1,-1,-1
232,64,1570,530,200,176,1,-1,-1,-1
232,65,877,685,141,137,1,-1,-1,-1
232,102,2066,10,210,164,1,-1,-1,-1
232,103,92,714,80,104,1,-1,-1,-1
232,104,1745,417,92,176,1,-1,-1,-1
232,105,2274,251,168,340,1,-1,-1,-1
232,106,1170,428,132,228,1,-1,-1,-1
233,62,976,541,132,196,1,-1,-1,-1
233,63,1900,464,252,188,1,-1,-1,-1
233,64,1592,536,180,156,1,-1,-1,-1
233,65,896,668,128,148,1,-1,-1,-1
233,102,2076,0,176,188,1,-1,-1,-1
233,103,92,714,80,104,1,-1,-1,-1
233,104,1748,364,100,212,1,-1,-1,-1
233,105,2274,251,168,340,1,-1,-1,-1
233,106,1170,428,132,228,1,-1,-1,-1
233,107,0,708,180,168,1,-1,-1,-1
233,108,2184,372,120,228,1,-1,-1,-1
234,62,994,537,132,196,1,-1,-1,-1
234,63,1906,460,252,188,1,-1,-1,-1
234,64,1600,532,180,156,1,-1,-1,-1
234,65,905,664,128,148,1,-1,-1,-1
234,102,2080,0,176,184,1,-1,-1,-1
234,103,116,704,80,104,1,-1,-1,-1
234,104,1752,360,100,212,1,-1,-1,-1
234,105,2297,245,168,340,1,-1,-1,-1
234,106,1185,410,132,228,1,-1,-1,-1
234,107,10,702,180,168,1,-1,-1,-1
234,108,2190,369,120,228,1,-1,-1,-1
235,62,999,534,126,187,1,-1,-1,-1
235,63,1917,461,240,179,1,-1,-1,-1
235,64,1603,528,180,156,1,-1,-1,-1
235,65,908,661,128,148,1,-1,-1,-1
235,102,2082,0,176,181,1,-1,-1,-1
235,103,122,702,76,99,1,-1,-1,-1
235,104,1755,356,100,212,1,-1,-1,-1
235,105,2302,238,168,340,1,-1,-1,-1
235,106,1187,408,132,228,1,-1,-1,-1
235,107,15,696,180,168,1,-1,-1,-1
235,108,2195,365,120,228,1,-1,-1,-1
236,63,1917,458,240,179,1,-1,-1,-1
236,64,1602,525,180,156,1,-1,-1,-1
236,65,908,658,128,148,1,-1,-1,-1
236,102,2079,0,176,178,1,-1,-1,-1
236,103,121,700,73,94,1,-1,-1,-1
236,104,1754,348,100,212,1,-1,-1,-1
236,106,1186,406,132,228,1,-1,-1,-1
236,107,16,693,180,168,1,-1,-1,-1
236,108,2194,362,120,228,1,-1,-1,-1
237,63,1915,459,240,179,1,-1,-1,-1
237,64,1598,524,180,156,1,-1,-1,-1
237,65,905,658,128,148,1,-1,-1,-1
237,102,2072,0,176,177,1,-1,-1,-1
237,103,118,701,73,94,1,-1,-1,-1
237,104,1753,350,95,202,1,-1,-1,-1
237,106,1181,404,132,228,1,-1,-1,-1
237,107,13,693,180,168,1,-1,-1,-1
237,108,2191,364,120,228,1,-1,-1,-1
238,63,1886,475,252,188,1,-1,-1,-1
238,64,1578,543,180,156,1,-1,-1,-1
238,65,887,678,128,148,1,-1,-1,-1
238,102,2050,7,176,188,1,-1,-1,-1
238,103,100,720,73,94,1,-1,-1,-1
238,106,1161,426,132,228,1,-1,-1,-1
238,107,0,713,175,168,1,-1,-1,-1
238,108,2172,382,120,228,1,-1,-1,-1
239,63,1882,480,252,188,1,-1,-1,-1
239,64,1571,552,171,149,1,-1,-1,-1
239,65,878,685,128,148,1,-1,-1,-1
239,102,2035,16,176,188,1,-1,-1,-1
239,103,88,724,73,94,1,-1,-1,-1
239,106,1151,430,132,228,1,-1,-1,-1
239,107,0,722,161,160,1,-1,-1,-1
239,108,2158,385,120,228,1,-1,-1,-1
240,63,1863,490,252,188,1,-1,-1,-1
240,64,1555,563,171,149,1,-1,-1,-1
240,65,860,692,134,155,1,-1,-1,-1
240,102,2022,32,168,179,1,-1,-1,-1
240,103,73,736,73,94,1,-1,-1,-1
240,106,1135,442,132,228,1,-1,-1,-1
240,107,0,733,145,160,1,-1,-1,-1
240,108,2141,397,120,228,1,-1,-1,-1
241,63,1840,524,260,176,1,-1,-1,-1
241,64,1536,568,184,172,1,-1,-1,-1
241,65,860,692,134,155,1,-1,-1,-1
241,102,2022,32,168,179,1,-1,-1,-1
241,103,73,736,73,94,1,-1,-1,-1
241,106,1135,442,132,228,1,-1,-1,-1
241,107,0,740,112,164,1,-1,-1,-1
241,108,2141,397,120,228,1,-1,-1,-1
241,109,2236,268,196,324,1,-1,-1,-1
241,110,2040,400,200,260,1,-1,-1,-1
241,111,1572,36,140,232,1,-1,-1,-1
241,112,844,784,120,72,1,-1,-1,-1
241,113,1440,416,112,128,1,-1,-1,-1
242,63,1830,539,260,176,1,-1,-1,-1
242,64,1523,583,184,172,1,-1,-1,-1
242,65,834,719,134,155,1,-1,-1,-1
242,102,1988,65,160,171,1,-1,-1,-1
242,107,0,752,102,164,1,-1,-1,-1
242,109,2224,283,196,324,1,-1,-1,-1
242,110,2026,414,200,260,1,-1,-1,-1
242,111,1558,52,140,232,1,-1,-1,-1
242,112,832,797,120,72,1,-1,-1,-1
242,113,1427,429,112,128,1,-1,-1,-1
243,63,1823,547,260,176,1,-1,-1,-1
243,64,1515,592,184,172,1,-1,-1,-1
243,65,819,727,141,163,1,-1,-1,-1
243,102,1979,81,152,162,1,-1,-1,-1
243,107,0,761,92,164,1,-1,-1,-1
243,109,2219,296,187,309,1,-1,-1,-1
243,110,2012,427,200,260,1,-1,-1,-1
243,111,1553,58,140,232,1,-1,-1,-1
243,112,823,808,120,72,1,-1,-1,-1
243,113,1418,439,112,128,1,-1,-1,-1
244,63,1814,561,260,176,1,-1,-1,-1
244,64,1507,603,184,172,1,-1,-1,-1
244,65,811,736,141,163,1,-1,-1,-1
244,102,1969,98,145,155,1,-1,-1,-1
244,107,0,771,88,164,1,-1,-1,-1
244,109,2209,303,187,309,1,-1,-1,-1
244,110,2006,437,200,260,1,-1,-1,-1
244,111,1547,78,140,232,1,-1,-1,-1
244,112,816,819,120,72,1,-1,-1,-1
244,113,1410,450,112,128,1,-1,-1,-1
245,63,1806,565,273,185,1,-1,-1,-1
245,64,1500,614,184,172,1,-1,-1,-1
245,65,806,749,141,163,1,-1,-1,-1
245,107,0,786,82,156,1,-1,-1,-1
245,110,1997,449,200,260,1,-1,-1,-1
245,111,1536,81,140,232,1,-1,-1,-1
245,112,810,829,120,72,1,-1,-1,-1
245,113,1404,462,112,128,1,-1,-1,-1
246,63,1801,573,273,185,1,-1,-1,-1
246,64,1497,620,184,172,1,-1,-1,-1
246,65,804,754,141,163,1,-1,-1,-1
246,107,0,791,78,156,1,-1,-1,-1
246,110,1988,454,200,260,1,-1,-1,-1
246,111,1534,93,133,221,1,-1,-1,-1
246,112,807,834,120,72,1,-1,-1,-1
246,113,1402,465,112,128,1,-1,-1,-1
247,63,1800,577,273,185,1,-1,-1,-1
247,64,1496,621,184,172,1,-1,-1,-1
247,65,802,756,141,163,1,-1,-1,-1
247,107,0,790,79,156,1,-1,-1,-1
247,110,1988,462,190,248,1,-1,-1,-1
247,111,1533,98,133,221,1,-1,-1,-1
247,112,808,837,114,69,1,-1,-1,-1
247,113,1402,464,112,128,1,-1,-1,-1
248,63,1811,580,260,176,1,-1,-1,-1
248,64,1497,623,184,172,1,-1,-1,-1
248,65,808,760,134,155,1,-1,-1,-1
248,107,0,789,80,156,1,-1,-1,-1
248,110,1990,465,190,248,1,-1,-1,-1
248,111,1531,95,133,221,1,-1,-1,-1
248,112,809,838,114,69,1,-1,-1,-1
248,113,1404,463,112,128,1,-1,-1,-1
249,63,1832,568,248,176,1,-1,-1,-1
249,64,1504,604,184,188,1,-1,-1,-1
249,65,812,740,204,172,1,-1,-1,-1
249,107,0,792,92,160,1,-1,-1,-1
249,110,1976,460,196,236,1,-1,-1,-1
249,111,1532,84,140,200,1,-1,-1,-1
249,112,809,838,114,69,1,-1,-1,-1
249,113,1404,463,112,128,1,-1,-1,-1
249,114,1532,252,116,304,1,-1,-1,-1
249,115,1984,112,92,160,1,-1,-1,-1
250,63,1838,567,248,176,1,-1,-1,-1
250,64,1508,607,184,188,1,-1,-1,-1
250,65,817,742,204,172,1,-1,-1,-1
250,107,5,795,92,160,1,-1,-1,-1
250,110,1978,462,196,236,1,-1,-1,-1
250,111,1535,85,140,200,1,-1,-1,-1
250,112,818,838,114,69,1,-1,-1,-1
250,113,1415,464,112,128,1,-1,-1,-1
250,114,1535,258,110,290,1,-1,-1,-1
250,115,1985,113,92,160,1,-1,-1,-1
251,63,1848,576,236,168,1,-1,-1,-1
251,64,1510,612,184,188,1,-1,-1,-1
251,65,819,743,204,172,1,-1,-1,-1
251,107,9,799,92,160,1,-1,-1,-1
251,110,1978,466,196,236,1,-1,-1,-1
251,111,1538,87,140,200,1,-1,-1,-1
251,112,819,840,114,69,1,-1,-1,-1
251,113,1417,465,112,128,1,-1,-1,-1
251,114,1538,273,105,276,1,-1,-1,-1
251,115,1985,116,92,160,1,-1,-1,-1
252,63,1846,580,236,168,1,-1,-1,-1
252,64,1510,617,184,188,1,-1,-1,-1
252,65,820,747,204,172,1,-1,-1,-1
252,107,9,803,92,160,1,-1,-1,-1
252,110,1976,470,196,236,1,-1,-1,-1
252,111,1537,91,140,200,1,-1,-1,-1
252,112,819,843,114,69,1,-1,-1,-1
252,113,1418,469,112,128,1,-1,-1,-1
252,114,1534,267,110,290,1,-1,-1,-1
252,115,1982,122,92,160,1,-1,-1,-1
253,63,1852,585,225,160,1,-1,-1,-1
253,64,1508,618,184,188,1,-1,-1,-1
253,65,819,748,204,172,1,-1,-1,-1
253,107,11,805,92,160,1,-1,-1,-1
253,110,1972,475,196,236,1,-1,-1,-1
253,111,1540,98,133,190,1,-1,-1,-1
253,112,817,843,120,72,1,-1,-1,-1
253,115,1978,125,92,160,1,-1,-1,-1
254,63,1854,590,225,160,1,-1,-1,-1
254,64,1507,621,184,188,1,-1,-1,-1
254,65,814,746,214,181,1,-1,-1,-1
254,107,14,809,92,160,1,-1,-1,-1
254,110,1974,481,187,225,1,-1,-1,-1
254,111,1539,99,133,190,1,-1,-1,-1
254,112,818,844,120,72,1,-1,-1,-1
254,115,1974,127,92,160,1,-1,-1,-1
255,63,1859,593,225,160,1,-1,-1,-1
255,64,1507,624,184,188,1,-1,-1,-1
255,65,813,749,214,181,1,-1,-1,-1
255,107,17,813,92,160,1,-1,-1,-1
255,110,1967,481,196,236,1,-1,-1,-1
255,111,1543,107,127,181,1,-1,-1,-1
255,112,819,845,120,72,1,-1,-1,-1
255,115,1972,132,92,160,1,-1,-1,-1
256,63,1867,597,214,152,1,-1,-1,-1
256,64,1505,628,184,188,1,-1,-1,-1
256,65,819,755,204,172,1,-1,-1,-1
256,107,20,816,92,160,1,-1,-1,-1
256,110,1964,485,196,236,1,-1,-1,-1
256,111,1545,110,127,181,1,-1,-1,-1
256,112,822,847,120,72,1,-1,-1,-1
256,115,1971,136,92,160,1,-1,-1,-1
257,63,1864,592,200,180,1,-1,-1,-1
257,64,1504,632,196,188,1,-1,-1,-1
257,65,800,760,220,164,1,-1,-1,-1
257,107,0,816,108,160,1,-1,-1,-1
257,110,1964,485,196,236,1,-1,-1,-1
257,111,1548,100,120,188,1,-1,-1,-1
257,112,822,847,120,72,1,-1,-1,-1
257,115,1971,136,92,160,1,-1,-1,-1
257,116,2172,288,252,336,1,-1,-1,-1
257,117,1088,516,156,244,1,-1,-1,-1
257,118,1652,444,108,232,1,-1,-1,-1
257,119,968,556,124,176,1,-1,-1,-1
257,120,1236,540,96,168,1,-1,-1,-1
258,63,1865,594,200,180,1,-1,-1,-1
258,64,1503,635,196,188,1,-1,-1,-1
258,65,802,762,220,164,1,-1,-1,-1
258,107,1,817,108,160,1,-1,-1,-1
258,110,1953,491,196,236,1,-1,-1,-1
258,111,1548,102,120,188,1,-1,-1,-1
258,112,825,849,120,72,1,-1,-1,-1
258,116,2171,288,252,336,1,-1,-1,-1
258,117,1089,517,156,244,1,-1,-1,-1
258,118,1652,446,108,232,1,-1,-1,-1
258,119,968,556,124,176,1,-1,-1,-1
258,120,1236,541,96,168,1,-1,-1,-1
259,63,1864,599,200,180,1,-1,-1,-1
259,64,1502,640,196,188,1,-1,-1,-1
259,65,800,765,220,164,1,-1,-1,-1
259,107,1,819,108,160,1,-1,-1,-1
259,110,1964,503,187,225,1,-1,-1,-1
259,111,1548,105,120,188,1,-1,-1,-1
259,112,826,851,120,72,1,-1,-1,-1
259,116,2172,292,252,336,1,-1,-1,-1
259,117,1088,519,156,244,1,-1,-1,-1
259,118,1651,447,108,232,1,-1,-1,-1
259,119,968,559,124,176,1,-1,-1,-1
259,120,1235,543,96,168,1,-1,-1,-1
260,63,1866,607,200,180,1,-1,-1,-1
260,64,1499,645,196,188,1,-1,-1,-1
260,65,798,770,220,164,1,-1,-1,-1
260,107,1,823,108,160,1,-1,-1,-1
260,111,1547,111,120,188,1,-1,-1,-1
260,112,826,856,120,72,1,-1,-1,-1
260,116,2165,293,252,336,1,-1,-1,-1
260,117,1087,523,156,244,1,-1,-1,-1
260,118,1648,442,113,244,1,-1,-1,-1
260,119,966,563,124,176,1,-1,-1,-1
260,120,1235,547,96,168,1,-1,-1,-1
261,63,1866,612,200,180,1,-1,-1,-1
261,64,1497,649,196,188,1,-1,-1,-1
261,65,798,774,220,164,1,-1,-1,-1
261,107,1,826,108,160,1,-1,-1,-1
261,111,1545,114,120,188,1,-1,-1,-1
261,112,827,860,120,72,1,-1,-1,-1
261,116,2164,297,252,336,1,-1,-1,-1
261,117,1088,526,156,244,1,-1,-1,-1
261,118,1647,444,113,244,1,-1,-1,-1
261,119,965,563,124,176,1,-1,-1,-1
261,120,1236,550,96,168,1,-1,-1,-1
262,63,1869,615,200,180,1,-1,-1,-1
262,64,1496,652,196,188,1,-1,-1,-1
262,65,797,779,220,164,1,-1,-1,-1
262,107,2,831,108,160,1,-1,-1,-1
262,111,1544,118,120,188,1,-1,-1,-1
262,112,829,865,120,72,1,-1,-1,-1
262,116,2167,300,252,336,1,-1,-1,-1
262,117,1087,530,156,244,1,-1,-1,-1
262,118,1649,453,108,232,1,-1,-1,-1
262,119,965,569,124,176,1,-1,-1,-1
262,120,1236,552,96,168,1,-1,-1,-1
263,63,1873,619,200,180,1,-1,-1,-1
263,64,1495,656,196,188,1,-1,-1,-1
263,65,798,782,220,164,1,-1,-1,-1
263,107,2,832,108,160,1,-1,-1,-1
263,111,1543,124,120,188,1,-1,-1,-1
263,112,830,870,120,72,1,-1,-1,-1
263,116,2163,310,252,336,1,-1,-1,-1
263,117,1085,532,156,244,1,-1,-1,-1
263,118,1652,465,103,221,1,-1,-1,-1
263,119,965,570,124,176,1,-1,-1,-1
263,120,1236,556,96,168,1,-1,-1,-1
264,63,1873,621,200,180,1,-1,-1,-1
264,64,1494,661,196,188,1,-1,-1,-1
264,65,799,789,220,164,1,-1,-1,-1
264,107,3,836,108,160,1,-1,-1,-1
264,111,1542,127,120,188,1,-1,-1,-1
264,116,2169,321,240,320,1,-1,-1,-1
264,117,1086,535,156,244,1,-1,-1,-1
264,118,1652,466,103,221,1,-1,-1,-1
264,119,964,570,124,176,1,-1,-1,-1
264,120,1236,559,96,168,1,-1,-1,-1
265,63,1884,604,212,200,1,-1,-1,-1
265,64,1492,656,196,192,1,-1,-1,-1
265,65,828,732,232,224,1,-1,-1,-1
265,107,0,832,104,180,1,-1,-1,-1
265,111,1542,127,120,188,1,-1,-1,-1
265,116,2192,332,208,288,1,-1,-1,-1
265,117,1086,535,156,244,1,-1,-1,-1
265,118,1652,528,92,176,1,-1,-1,-1
265,119,964,570,124,176,1,-1,-1,-1
265,120,1236,559,96,168,1,-1,-1,-1
265,121,1380,448,180,216,1,-1,-1,-1
265,122,1872,568,212,100,1,-1,-1,-1
265,123,1088,616,120,172,1,-1,-1,-1
266,63,1882,605,212,200,1,-1,-1,-1
266,64,1491,658,196,192,1,-1,-1,-1
266,65,832,739,221,213,1,-1,-1,-1
266,107,0,833,104,180,1,-1,-1,-1
266,111,1539,132,120,188,1,-1,-1,-1
266,116,2190,333,208,288,1,-1,-1,-1
266,117,1084,547,149,232,1,-1,-1,-1
266,118,1651,528,92,176,1,-1,-1,-1
266,120,1233,569,96,168,1,-1,-1,-1
266,121,1378,448,180,216,1,-1,-1,-1
266,122,1874,572,202,95,1,-1,-1,-1
266,123,1087,617,120,172,1,-1,-1,-1
267,63,1882,607,212,200,1,-1,-1,-1
267,64,1490,660,196,192,1,-1,-1,-1
267,65,829,743,221,213,1,-1,-1,-1
267,107,1,835,104,180,1,-1,-1,-1
267,111,1541,139,114,179,1,-1,-1,-1
267,116,2195,343,198,274,1,-1,-1,-1
267,117,1083,550,149,232,1,-1,-1,-1
267,118,1650,528,92,176,1,-1,-1,-1
267,120,1233,571,96,168,1,-1,-1,-1
267,121,1377,453,180,216,1,-1,-1,-1
267,122,1872,574,202,95,1,-1,-1,-1
267,123,1086,621,120,172,1,-1,-1,-1
268,63,1883,610,212,200,1,-1,-1,-1
268,64,1490,662,196,192,1,-1,-1,-1
268,65,829,746,221,213,1,-1,-1,-1
268,107,1,836,104,180,1,-1,-1,-1
268,111,1540,140,114,179,1,-1,-1,-1
268,116,2195,341,198,274,1,-1,-1,-1
268,117,1083,553,149,232,1,-1,-1,-1
268,118,1649,527,92,176,1,-1,-1,-1
268,120,1236,578,91,160,1,-1,-1,-1
268,121,1381,460,171,206,1,-1,-1,-1
268,122,1867,577,202,95,1,-1,-1,-1
268,123,1085,623,120,172,1,-1,-1,-1
269,63,1885,611,212,200,1,-1,-1,-1
269,64,1490,662,196,192,1,-1,-1,-1
269,65,831,747,221,213,1,-1,-1,-1
269,107,3,836,104,180,1,-1,-1,-1
269,111,1538,140,114,179,1,-1,-1,-1
269,116,2196,343,198,274,1,-1,-1,-1
269,117,1089,560,141,221,1,-1,-1,-1
269,118,1648,522,97,185,1,-1,-1,-1
269,120,1237,578,91,160,1,-1,-1,-1
269,121,1381,459,171,206,1,-1,-1,-1
269,122,1864,578,202,95,1,-1,-1,-1
269,123,1083,621,126,181,1,-1,-1,-1
270,63,1883,610,212,200,1,-1,-1,-1
270,64,1490,662,196,192,1,-1,-1,-1
270,65,831,749,221,213,1,-1,-1,-1
270,107,7,842,99,171,1,-1,-1,-1
270,111,1538,140,114,179,1,-1,-1,-1
270,116,2192,343,198,274,1,-1,-1,-1
270,117,1090,559,141,221,1,-1,-1,-1
270,118,1649,527,92,176,1,-1,-1,-1
270,120,1238,578,91,160,1,-1,-1,-1
270,121,1381,460,171,206,1,-1,-1,-1
270,122,1859,580,202,95,1,-1,-1,-1
270,123,1083,621,126,181,1,-1,-1,-1
271,63,1886,612,212,200,1,-1,-1,-1
271,64,1488,662,196,192,1,-1,-1,-1
271,65,829,750,221,213,1,-1,-1,-1
271,107,8,842,99,171,1,-1,-1,-1
271,111,1538,140,114,179,1,-1,-1,-1
271,116,2190,340,198,274,1,-1,-1,-1
271,117,1086,557,149,232,1,-1,-1,-1
271,118,1652,528,88,168,1,-1,-1,-1
271,120,1237,575,91,160,1,-1,-1,-1
271,121,1381,457,171,206,1,-1,-1,-1
271,122,1856,580,202,95,1,-1,-1,-1
271,123,1081,622,126,181,1,-1,-1,-1
272,63,1890,615,202,190,1,-1,-1,-1
272,64,1488,662,196,192,1,-1,-1,-1
272,65,826,748,221,213,1,-1,-1,-1
272,107,6,839,104,180,1,-1,-1,-1
272,111,1540,144,109,171,1,-1,-1,-1
272,116,2187,339,198,274,1,-1,-1,-1
272,117,1085,557,149,232,1,-1,-1,-1
272,118,1651,526,88,168,1,-1,-1,-1
272,120,1234,567,96,168,1,-1,-1,-1
272,121,1382,455,171,206,1,-1,-1,-1
272,122,1858,581,202,95,1,-1,-1,-1
272,123,1079,625,126,181,1,-1,-1,-1
273,63,1904,596,168,216,1,-1,-1,-1
273,64,1496,652,176,200,1,-1,-1,-1
273,65,826,748,221,213,1,-1,-1,-1
273,107,0,844,116,168,1,-1,-1,-1
273,111,1544,140,104,184,1,-1,-1,-1
273,116,2196,340,220,320,1,-1,-1,-1
273,117,1100,556,136,184,1,-1,-1,-1
273,118,1648,488,96,224,1,-1,-1,-1
273,120,1236,572,96,180,1,-1,-1,-1
273,121,1382,455,171,206,1,-1,-1,-1
273,122,1858,581,202,95,1,-1,-1,-1
273,123,1088,616,132,176,1,-1,-1,-1
273,124,968,576,108,188,1,-1,-1,-1
274,63,1903,597,168,216,1,-1,-1,-1
274,64,1495,652,176,200,1,-1,-1,-1
274,65,824,748,221,213,1,-1,-1,-1
274,107,0,845,116,168,1,-1,-1,-1
274,111,1543,141,104,184,1,-1,-1,-1
274,116,2195,341,220,320,1,-1,-1,-1
274,117,1098,555,136,184,1,-1,-1,-1
274,118,1648,489,96,224,1,-1,-1,-1
274,120,1235,571,96,180,1,-1,-1,-1
274,121,1381,454,171,206,1,-1,-1,-1
274,122,1834,578,212,100,1,-1,-1,-1
274,123,1086,616,132,176,1,-1,-1,-1
274,124,966,577,108,188,1,-1,-1,-1
275,63,1902,598,168,216,1,-1,-1,-1
275,64,1494,653,176,200,1,-1,-1,-1
275,65,827,752,210,203,1,-1,-1,-1
275,107,1,846,116,168,1,-1,-1,-1
275,111,1542,141,104,184,1,-1,-1,-1
275,116,2192,342,220,320,1,-1,-1,-1
275,117,1098,555,136,184,1,-1,-1,-1
275,118,1645,484,101,235,1,-1,-1,-1
275,120,1235,572,96,180,1,-1,-1,-1
275,121,1381,454,171,206,1,-1,-1,-1
275,122,1833,581,212,100,1,-1,-1,-1
275,123,1085,617,132,176,1,-1,-1,-1
275,124,965,577,108,188,1,-1,-1,-1
276,63,1901,599,168,216,1,-1,-1,-1
276,64,1493,656,176,200,1,-1,-1,-1
276,65,827,752,210,203,1,-1,-1,-1
276,107,2,847,116,168,1,-1,-1,-1
276,111,1540,143,104,184,1,-1,-1,-1
276,116,2194,342,220,320,1,-1,-1,-1
276,117,1097,554,136,184,1,-1,-1,-1
276,118,1644,483,101,235,1,-1,-1,-1
276,120,1235,573,96,180,1,-1,-1,-1
276,121,1380,450,180,216,1,-1,-1,-1
276,122,1830,582,212,100,1,-1,-1,-1
276,123,1083,617,132,176,1,-1,-1,-1
276,124,964,578,108,188,1,-1,-1,-1
277,63,1904,607,160,206,1,-1,-1,-1
277,64,1493,658,176,200,1,-1,-1,-1
277,65,823,748,221,213,1,-1,-1,-1
277,107,3,848,116,168,1,-1,-1,-1
277,111,1541,149,99,175,1,-1,-1,-1
277,116,2194,346,220,320,1,-1,-1,-1
277,117,1098,554,136,184,1,-1,-1,-1
277,118,1643,488,96,224,1,-1,-1,-1
277,120,1234,575,96,180,1,-1,-1,-1
277,123,1082,618,132,176,1,-1,-1,-1
277,124,963,580,108,188,1,-1,-1,-1
278,63,1903,607,160,206,1,-1,-1,-1
278,64,1494,659,176,200,1,-1,-1,-1
278,65,822,749,221,213,1,-1,-1,-1
278,107,5,847,116,168,1,-1,-1,-1
278,111,1539,147,104,184,1,-1,-1,-1
278,116,2188,342,220,320,1,-1,-1,-1
278,117,1100,554,136,184,1,-1,-1,-1
278,118,1642,487,96,224,1,-1,-1,-1
278,120,1236,574,96,180,1,-1,-1,-1
278,123,1084,616,132,176,1,-1,-1,-1
278,124,963,577,108,188,1,-1,-1,-1
279,63,1902,606,160,206,1,-1,-1,-1
279,64,1497,659,176,200,1,-1,-1,-1
279,65,829,753,210,203,1,-1,-1,-1
279,107,6,844,116,168,1,-1,-1,-1
279,111,1543,151,99,175,1,-1,-1,-1
279,116,2183,330,231,336,1,-1,-1,-1
279,117,1101,553,136,184,1,-1,-1,-1
279,118,1641,477,101,235,1,-1,-1,-1
279,120,1237,573,96,180,1,-1,-1,-1
279,123,1084,616,132,176,1,-1,-1,-1
279,124,960,573,113,197,1,-1,-1,-1
280,63,1904,603,160,206,1,-1,-1,-1
280,64,1500,659,176,200,1,-1,-1,-1
280,65,830,750,210,203,1,-1,-1,-1
280,107,8,839,116,168,1,-1,-1,-1
280,111,1543,150,99,175,1,-1,-1,-1
280,116,2188,328,231,336,1,-1,-1,-1
280,117,1099,549,143,193,1,-1,-1,-1
280,118,1644,480,96,224,1,-1,-1,-1
280,120,1241,572,96,180,1,-1,-1,-1
280,123,1086,612,132,176,1,-1,-1,-1
280,124,962,573,113,197,1,-1,-1,-1
281,63,1904,603,160,206,1,-1,-1,-1
281,64,1508,672,180,180,1,-1,-1,-1
281,65,824,668,216,288,1,-1,-1,-1
281,107,0,832,120,176,1,-1,-1,-1
281,111,1543,150,99,175,1,-1,-1,-1
281,116,2224,316,184,316,1,-1,-1,-1
281,117,1100,520,156,224,1,-1,-1,-1
281,118,1644,452,96,244,1,-1,-1,-1
281,120,1241,572,96,180,1,-1,-1,-1
281,123,1086,612,132,176,1,-1,-1,-1
281,124,960,552,160,248,1,-1,-1,-1
281,125,1368,436,208,228,1,-1,-1,-1
281,126,1848,564,160,224,1,-1,-1,-1
281,127,1924,136,220,224,1,-1,-1,-1
281,128,1572,292,120,256,1,-1,-1,-1
282,63,1910,590,160,206,1,-1,-1,-1
282,64,1517,671,171,171,1,-1,-1,-1
282,65,825,663,216,288,1,-1,-1,-1
282,107,4,824,120,176,1,-1,-1,-1
282,111,1547,138,99,175,1,-1,-1,-1
282,116,2225,312,184,316,1,-1,-1,-1
282,117,1101,514,156,224,1,-1,-1,-1
282,118,1647,454,91,232,1,-1,-1,-1
282,120,1250,555,96,180,1,-1,-1,-1
282,123,1089,595,139,185,1,-1,-1,-1
282,124,958,540,168,260,1,-1,-1,-1
282,125,1371,426,208,228,1,-1,-1,-1
282,126,1850,559,160,224,1,-1,-1,-1
282,127,1924,131,220,224,1,-1,-1,-1
282,128,1572,288,120,256,1,-1,-1,-1
283,64,1523,659,171,171,1,-1,-1,-1
283,65,830,657,216,288,1,-1,-1,-1
283,107,10,813,120,176,1,-1,-1,-1
283,111,1547,130,99,175,1,-1,-1,-1
283,116,2234,315,175,301,1,-1,-1,-1
283,117,1107,505,156,224,1,-1,-1,-1
283,118,1650,445,87,221,1,-1,-1,-1
283,120,1255,539,96,180,1,-1,-1,-1
283,123,1091,586,139,185,1,-1,-1,-1
283,124,963,531,168,260,1,-1,-1,-1
283,125,1380,425,198,217,1,-1,-1,-1
283,126,1852,545,160,224,1,-1,-1,-1
283,127,1926,119,220,224,1,-1,-1,-1
283,128,1574,277,120,256,1,-1,-1,-1
284,64,1529,647,171,171,1,-1,-1,-1
284,65,840,639,216,288,1,-1,-1,-1
284,107,17,797,120,176,1,-1,-1,-1
284,116,2238,284,184,316,1,-1,-1,-1
284,117,1112,489,156,224,1,-1,-1,-1
284,118,1656,428,87,221,1,-1,-1,-1
284,123,1094,571,139,185,1,-1,-1,-1
284,124,969,516,168,260,1,-1,-1,-1
284,125,1382,401,208,228,1,-1,-1,-1
284,126,1856,530,160,224,1,-1,-1,-1
284,127,1928,104,220,224,1,-1,-1,-1
284,128,1576,264,120,256,1,-1,-1,-1
285,64,1531,640,171,171,1,-1,-1,-1
285,65,835,633,216,288,1,-1,-1,-1
285,107,18,791,120,176,1,-1,-1,-1
285,116,2239,277,184,316,1,-1,-1,-1
285,117,1114,483,156,224,1,-1,-1,-1
285,118,1657,422,87,221,1,-1,-1,-1
285,123,1095,564,139,185,1,-1,-1,-1
285,124,972,514,168,260,1,-1,-1,-1
285,125,1390,400,198,217,1,-1,-1,-1
285,126,1856,526,160,224,1,-1,-1,-1
285,127,1927,98,220,224,1,-1,-1,-1
285,128,1580,262,114,244,1,-1,-1,-1
286,64,1531,637,171,171,1,-1,-1,-1
286,65,834,632,216,288,1,-1,-1,-1
286,107,19,790,120,176,1,-1,-1,-1
286,116,2232,258,193,332,1,-1,-1,-1
286,117,1111,482,156,224,1,-1,-1,-1
286,123,1098,568,132,176,1,-1,-1,-1
286,124,969,507,168,260,1,-1,-1,-1
286,125,1390,395,198,217,1,-1,-1,-1
286,126,1852,525,160,224,1,-1,-1,-1
286,127,1926,95,220,224,1,-1,-1,-1
287,64,1532,636,171,171,1,-1,-1,-1
287,65,836,630,216,288,1,-1,-1,-1
287,107,21,790,120,176,1,-1,-1,-1
287,116,2236,267,184,316,1,-1,-1,-1
287,117,1117,485,149,213,1,-1,-1,-1
287,123,1100,566,132,176,1,-1,-1,-1
287,124,966,506,168,260,1,-1,-1,-1
287,125,1392,395,198,217,1,-1,-1,-1
287,126,1852,525,160,224,1,-1,-1,-1
287,127,1926,94,220,224,1,-1,-1,-1
288,64,1532,637,171,171,1,-1,-1,-1
288,65,837,627,216,288,1,-1,-1,-1
288,107,22,791,120,176,1,-1,-1,-1
288,116,2239,266,184,316,1,-1,-1,-1
288,117,1118,482,149,213,1,-1,-1,-1
288,123,1103,563,132,176,1,-1,-1,-1
288,124,970,510,160,248,1,-1,-1,-1
288,125,1392,396,198,217,1,-1,-1,-1
288,126,1850,528,160,224,1,-1,-1,-1
288,127,1920,89,231,235,1,-1,-1,-1
289,64,1540,632,184,176,1,-1,-1,-1
289,65,837,627,216,288,1,-1,-1,-1
289,107,0,788,156,180,1,-1,-1,-1
289,116,2239,266,184,316,1,-1,-1,-1
289,117,1124,484,132,212,1,-1,-1,-1
289,123,1103,563,132,176,1,-1,-1,-1
289,124,1008,532,96,216,1,-1,-1,-1
289,125,1452,404,132,220,1,-1,-1,-1
289,126,1860,528,188,232,1,-1,-1,-1
289,127,1920,89,231,235,1,-1,-1,-1
289,129,1368,404,112,220,1,-1,-1,-1
289,130,840,780,116,136,1,-1,-1,-1
289,131,1652,408,96,240,1,-1,-1,-1
289,132,1276,588,88,104,1,-1,-1,-1
290,64,1541,631,184,176,1,-1,-1,-1
290,65,841,628,216,288,1,-1,-1,-1
290,107,3,787,156,180,1,-1,-1,-1
290,117,1126,482,132,212,1,-1,-1,-1
290,123,1113,559,132,176,1,-1,-1,-1
290,124,1008,531,96,216,1,-1,-1,-1
290,125,1453,404,132,220,1,-1,-1,-1
290,126,1859,527,188,232,1,-1,-1,-1
290,127,1913,90,231,235,1,-1,-1,-1
290,129,1367,404,112,220,1,-1,-1,-1
290,130,840,779,116,136,1,-1,-1,-1
290,131,1651,406,96,240,1,-1,-1,-1
290,132,1278,586,88,104,1,-1,-1,-1
291,64,1542,629,184,176,1,-1,-1,-1
291,65,838,626,216,288,1,-1,-1,-1
291,107,5,788,156,180,1,-1,-1,-1
291,117,1127,481,132,212,1,-1,-1,-1
291,124,1010,529,96,216,1,-1,-1,-1
291,125,1454,403,132,220,1,-1,-1,-1
291,126,1858,528,188,232,1,-1,-1,-1
291,127,1912,91,231,235,1,-1,-1,-1
291,129,1367,404,112,220,1,-1,-1,-1
291,130,839,779,116,136,1,-1,-1,-1
291,131,1652,406,96,240,1,-1,-1,-1
291,132,1280,583,88,104,1,-1,-1,-1
292,64,1542,630,184,176,1,-1,-1,-1
292,65,830,622,227,302,1,-1,-1,-1
292,107,7,786,156,180,1,-1,-1,-1
292,117,1131,486,126,202,1,-1,-1,-1
292,124,1010,528,96,216,1,-1,-1,-1
292,125,1453,402,132,220,1,-1,-1,-1
292,126,1857,527,188,232,1,-1,-1,-1
292,127,1904,91,231,235,1,-1,-1,-1
292,129,1366,404,112,220,1,-1,-1,-1
292,130,837,777,116,136,1,-1,-1,-1
292,131,1651,403,96,240,1,-1,-1,-1
292,132,1279,581,88,104,1,-1,-1,-1
293,64,1540,631,184,176,1,-1,-1,-1
293,65,834,627,216,288,1,-1,-1,-1
293,107,10,787,156,180,1,-1,-1,-1
293,117,1130,486,126,202,1,-1,-1,-1
293,124,1010,527,96,216,1,-1,-1,-1
293,125,1451,404,132,220,1,-1,-1,-1
293,126,1854,528,188,232,1,-1,-1,-1
293,129,1364,404,112,220,1,-1,-1,-1
293,130,835,776,116,136,1,-1,-1,-1
293,131,1651,405,96,240,1,-1,-1,-1
293,132,1279,576,88,104,1,-1,-1,-1
294,64,1537,633,184,176,1,-1,-1,-1
294,65,827,631,216,288,1,-1,-1,-1
294,107,11,790,156,180,1,-1,-1,-1
294,117,1130,488,126,202,1,-1,-1,-1
294,124,1008,529,96,216,1,-1,-1,-1
294,125,1449,407,132,220,1,-1,-1,-1
294,126,1849,531,188,232,1,-1,-1,-1
294,129,1357,400,118,231,1,-1,-1,-1
294,130,832,776,116,136,1,-1,-1,-1
294,131,1647,405,96,240,1,-1,-1,-1
294,132,1282,577,84,99,1,-1,-1,-1
295,64,1532,639,184,176,1,-1,-1,-1
295,65,820,634,216,288,1,-1,-1,-1
295,107,10,793,156,180,1,-1,-1,-1
295,117,1127,495,126,202,1,-1,-1,-1
295,124,1008,530,96,216,1,-1,-1,-1
295,125,1447,413,132,220,1,-1,-1,-1
295,126,1844,534,188,232,1,-1,-1,-1
295,129,1350,403,118,231,1,-1,-1,-1
295,130,829,780,116,136,1,-1,-1,-1
295,132,1281,578,84,99,1,-1,-1,-1
296,64,1528,653,184,176,1,-1,-1,-1
296,65,822,645,216,288,1,-1,-1,-1
296,107,7,805,156,180,1,-1,-1,-1
296,117,1125,507,126,202,1,-1,-1,-1
296,124,1008,550,91,206,1,-1,-1,-1
296,125,1445,423,132,220,1,-1,-1,-1
296,126,1834,545,197,244,1,-1,-1,-1
296,129,1349,413,118,231,1,-1,-1,-1
296,130,823,792,116,136,1,-1,-1,-1
296,132,1278,589,84,99,1,-1,-1,-1
297,64,1524,652,180,196,1,-1,-1,-1
297,65,822,645,216,288,1,-1,-1,-1
297,107,0,824,156,180,1,-1,-1,-1
297,117,1125,507,126,202,1,-1,-1,-1
297,124,984,548,148,244,1,-1,-1,-1
297,125,1436,452,144,220,1,-1,-1,-1
297,126,1834,545,197,244,1,-1,-1,-1
297,129,1349,413,118,231,1,-1,-1,-1
297,130,820,784,112,172,1,-1,-1,-1
297,132,1272,512,92,176,1,-1,-1,-1
297,133,1816,528,108,204,1,-1,-1,-1
297,134,1912,580,120,240,1,-1,-1,-1
297,135,1616,416,96,268,1,-1,-1,-1
297,136,1320,436,112,220,1,-1,-1,-1
297,137,1884,156,164,208,1,-1,-1,-1
298,64,1518,669,180,196,1,-1,-1,-1
298,65,801,681,216,288,1,-1,-1,-1
298,107,0,839,152,180,1,-1,-1,-1
298,117,1114,531,132,212,1,-1,-1,-1
298,124,980,566,148,244,1,-1,-1,-1
298,125,1432,468,144,220,1,-1,-1,-1
298,126,1819,578,197,244,1,-1,-1,-1
298,129,1331,449,118,231,1,-1,-1,-1
298,130,814,801,112,172,1,-1,-1,-1
298,132,1267,529,92,176,1,-1,-1,-1
298,133,1810,549,108,204,1,-1,-1,-1
298,134,1907,600,120,240,1,-1,-1,-1
298,135,1613,433,96,268,1,-1,-1,-1
298,136,1316,457,112,220,1,-1,-1,-1
298,137,1875,173,164,208,1,-1,-1,-1
299,64,1513,681,180,196,1,-1,-1,-1
299,107,0,850,148,180,1,-1,-1,-1
299,117,1110,540,132,212,1,-1,-1,-1
299,124,978,580,141,232,1,-1,-1,-1
299,125,1429,479,144,220,1,-1,-1,-1
299,130,809,812,112,172,1,-1,-1,-1
299,132,1263,542,92,176,1,-1,-1,-1
299,133,1800,560,103,194,1,-1,-1,-1
299,134,1904,613,120,240,1,-1,-1,-1
299,135,1609,446,91,255,1,-1,-1,-1
299,136,1310,467,112,220,1,-1,-1,-1
299,137,1872,190,156,198,1,-1,-1,-1
300,64,1511,685,180,196,1,-1,-1,-1
300,107,0,856,147,180,1,-1,-1,-1
300,124,972,580,148,244,1,-1,-1,-1
300,125,1431,487,137,210,1,-1,-1,-1
300,130,803,813,118,181,1,-1,-1,-1
300,132,1261,548,92,176,1,-1,-1,-1
300,133,1794,566,103,194,1,-1,-1,-1
300,134,1901,616,120,240,1,-1,-1,-1
300,135,1605,450,91,255,1,-1,-1,-1
300,136,1308,479,107,210,1,-1,-1,-1
300,137,1866,195,156,198,1,-1,-1,-1
301,64,1509,688,180,196,1,-1,-1,-1
301,107,0,856,147,180,1,-1,-1,-1
301,124,969,584,148,244,1,-1,-1,-1
301,125,1429,490,137,210,1,-1,-1,-1
301,130,799,816,118,181,1,-1,-1,-1
301,132,1258,550,92,176,1,-1,-1,-1
301,133,1788,570,103,194,1,-1,-1,-1
301,134,1902,621,114,229,1,-1,-1,-1
301,136,1302,477,112,220,1,-1,-1,-1
301,137,1862,198,156,198,1,-1,-1,-1
302,64,1507,692,180,196,1,-1,-1,-1
302,107,0,859,146,180,1,-1,-1,-1
302,124,966,590,148,244,1,-1,-1,-1
302,125,1430,495,137,210,1,-1,-1,-1
302,130,796,817,118,181,1,-1,-1,-1
302,132,1256,556,92,176,1,-1,-1,-1
302,133,1781,578,98,185,1,-1,-1,-1
302,134,1897,624,114,229,1,-1,-1,-1
302,136,1298,481,112,220,1,-1,-1,-1
302,137,1853,202,156,198,1,-1,-1,-1
303,64,1504,696,180,196,1,-1,-1,-1
303,107,0,860,144,180,1,-1,-1,-1
303,124,963,593,148,244,1,-1,-1,-1
303,125,1429,496,137,210,1,-1,-1,-1
303,130,796,824,112,172,1,-1,-1,-1
303,132,1256,562,88,168,1,-1,-1,-1
303,133,1776,583,98,185,1,-1,-1,-1
303,134,1895,625,114,229,1,-1,-1,-1
303,136,1295,485,112,220,1,-1,-1,-1
303,137,1849,207,156,198,1,-1,-1,-1
304,64,1502,700,180,196,1,-1,-1,-1
304,107,0,865,142,180,1,-1,-1,-1
304,124,958,590,155,256,1,-1,-1,-1
304,130,794,829,112,172,1,-1,-1,-1
304,132,1254,564,88,168,1,-1,-1,-1
304,133,1770,584,103,194,1,-1,-1,-1
304,134,1897,634,109,218,1,-1,-1,-1
304,136,1291,489,112,220,1,-1,-1,-1
304,137,1849,216,149,189,1,-1,-1,-1
