1,0,1960,324,200,236,1,-1,-1,-1
1,1,388,648,176,184,1,-1,-1,-1
1,2,1368,124,92,264,1,-1,-1,-1
1,3,692,608,140,172,1,-1,-1,-1
1,4,1200,508,220,196,1,-1,-1,-1
1,5,312,580,164,196,1,-1,-1,-1
1,6,1540,284,128,192,1,-1,-1,-1
1,7,2140,104,112,272,1,-1,-1,-1
1,8,1496,448,216,204,1,-1,-1,-1
1,9,1168,424,256,156,1,-1,-1,-1
1,10,836,504,128,164,1,-1,-1,-1
2,0,1961,326,200,236,1,-1,-1,-1
2,1,389,650,176,184,1,-1,-1,-1
2,2,1370,133,88,251,1,-1,-1,-1
2,3,692,611,140,172,1,-1,-1,-1
2,4,1201,511,220,196,1,-1,-1,-1
2,5,312,582,164,196,1,-1,-1,-1
2,6,1541,286,128,192,1,-1,-1,-1
2,7,2141,105,112,272,1,-1,-1,-1
2,8,1497,450,216,204,1,-1,-1,-1
2,9,1172,428,256,156,1,-1,-1,-1
2,10,836,507,128,164,1,-1,-1,-1
3,0,1962,331,200,236,1,-1,-1,-1
3,1,390,654,176,184,1,-1,-1,-1
3,2,1370,136,88,251,1,-1,-1,-1
3,3,694,619,133,164,1,-1,-1,-1
3,4,1205,514,220,196,1,-1,-1,-1
3,5,314,586,164,196,1,-1,-1,-1
3,6,1540,290,128,192,1,-1,-1,-1
3,7,2142,108,112,272,1,-1,-1,-1
3,8,1500,455,216,204,1,-1,-1,-1
3,9,1180,436,244,149,1,-1,-1,-1
3,10,836,512,128,164,1,-1,-1,-1
4,0,1962,331,200,236,1,-1,-1,-1
4,1,393,656,176,184,1,-1,-1,-1
4,2,1370,138,88,251,1,-1,-1,-1
4,3,695,621,133,164,1,-1,-1,-1
4,4,1212,526,210,187,1,-1,-1,-1
4,5,315,591,164,196,1,-1,-1,-1
4,6,1541,298,122,183,1,-1,-1,-1
4,7,2142,109,112,272,1,-1,-1,-1
4,8,1502,458,216,204,1,-1,-1,-1
4,9,1183,438,244,149,1,-1,-1,-1
4,10,835,516,128,164,1,-1,-1,-1
5,0,1962,336,200,236,1,-1,-1,-1
5,1,396,658,176,184,1,-1,-1,-1
5,2,1366,137,88,251,1,-1,-1,-1
5,3,693,620,140,172,1,-1,-1,-1
5,4,1216,529,210,187,1,-1,-1,-1
5,5,317,596,164,196,1,-1,-1,-1
5,6,1541,301,122,183,1,-1,-1,-1
5,7,2142,111,112,272,1,-1,-1,-1
5,8,1504,461,216,204,1,-1,-1,-1
5,9,1178,439,256,156,1,-1,-1,-1
5,10,838,524,122,156,1,-1,-1,-1
6,0,1959,337,200,236,1,-1,-1,-1
6,1,395,662,176,184,1,-1,-1,-1
6,2,1365,142,88,251,1,-1,-1,-1
6,3,688,619,147,181,1,-1,-1,-1
6,4,1222,535,200,178,1,-1,-1,-1
6,5,317,599,164,196,1,-1,-1,-1
6,6,1541,304,122,183,1,-1,-1,-1
6,7,2142,113,112,272,1,-1,-1,-1
6,8,1510,467,206,194,1,-1,-1,-1
6,9,1177,442,256,156,1,-1,-1,-1
6,10,837,528,122,156,1,-1,-1,-1
7,0,1960,339,200,236,1,-1,-1,-1
7,1,397,665,176,184,1,-1,-1,-1
7,2,1365,149,88,251,1,-1,-1,-1
7,3,689,624,147,181,1,-1,-1,-1
7,4,1221,532,210,187,1,-1,-1,-1
7,5,316,601,164,196,1,-1,-1,-1
7,6,1540,306,122,183,1,-1,-1,-1
7,7,2143,114,112,272,1,-1,-1,-1
7,8,1516,474,196,185,1,-1,-1,-1
7,9,1181,446,256,156,1,-1,-1,-1
7,10,836,530,122,156,1,-1,-1,-1
8,0,1960,342,200,236,1,-1,-1,-1
8,1,400,665,176,184,1,-1,-1,-1
8,2,1365,152,88,251,1,-1,-1,-1
8,3,690,626,147,181,1,-1,-1,-1
8,4,1224,531,210,187,1,-1,-1,-1
8,5,319,604,164,196,1,-1,-1,-1
8,6,1539,308,122,183,1,-1,-1,-1
8,7,2141,113,112,272,1,-1,-1,-1
8,8,1519,477,196,185,1,-1,-1,-1
8,9,1183,448,244,149,1,-1,-1,-1
8,10,836,530,122,156,1,-1,-1,-1
9,0,1996,328,164,256,1,-1,-1,-1
9,1,380,660,172,196,1,-1,-1,-1
9,2,1360,168,100,248,1,-1,-1,-1
9,3,690,626,147,181,1,-1,-1,-1
9,4,1216,524,264,196,1,-1,-1,-1
9,5,312,616,172,180,1,-1,-1,-1
9,6,1528,300,144,228,1,-1,-1,-1
9,7,2141,113,112,272,1,-1,-1,-1
9,8,1519,477,196,185,1,-1,-1,-1
9,9,1183,448,244,149,1,-1,-1,-1
9,10,836,530,122,156,1,-1,-1,-1
9,11,0,736,52,120,1,-1,-1,-1
9,12,1608,540,180,144,1,-1,-1,-1
9,13,1832,12,164,216,1,-1,-1,-1
9,14,1048,412,176,212,1,-1,-1,-1
10,0,1997,329,164,256,1,-1,-1,-1
10,1,382,663,172,196,1,-1,-1,-1
10,2,1361,167,100,248,1,-1,-1,-1
10,3,691,635,147,181,1,-1,-1,-1
10,4,1217,527,264,196,1,-1,-1,-1
10,5,318,622,164,171,1,-1,-1,-1
10,6,1530,302,144,228,1,-1,-1,-1
10,7,2143,113,112,272,1,-1,-1,-1
10,8,1523,473,206,194,1,-1,-1,-1
10,9,1189,453,232,141,1,-1,-1,-1
10,10,837,535,122,156,1,-1,-1,-1
10,11,3,740,52,120,1,-1,-1,-1
10,12,1612,542,180,144,1,-1,-1,-1
10,13,1828,14,164,216,1,-1,-1,-1
10,14,1054,419,168,202,1,-1,-1,-1
11,0,1998,331,164,256,1,-1,-1,-1
11,1,384,665,172,196,1,-1,-1,-1
11,2,1362,168,100,248,1,-1,-1,-1
11,3,694,637,147,181,1,-1,-1,-1
11,4,1223,528,264,196,1,-1,-1,-1
11,5,320,624,164,171,1,-1,-1,-1
11,6,1527,299,151,239,1,-1,-1,-1
11,7,2144,111,112,272,1,-1,-1,-1
11,8,1524,475,206,194,1,-1,-1,-1
11,10,837,538,122,156,1,-1,-1,-1
11,11,11,741,52,120,1,-1,-1,-1
11,12,1620,544,180,144,1,-1,-1,-1
11,13,1825,15,164,216,1,-1,-1,-1
11,14,1056,421,168,202,1,-1,-1,-1
12,0,1999,337,164,256,1,-1,-1,-1
12,1,385,668,172,196,1,-1,-1,-1
12,2,1364,169,100,248,1,-1,-1,-1
12,3,694,636,147,181,1,-1,-1,-1
12,4,1221,531,264,196,1,-1,-1,-1
12,5,318,621,172,180,1,-1,-1,-1
12,6,1525,303,151,239,1,-1,-1,-1
12,7,2146,108,112,272,1,-1,-1,-1
12,10,837,539,122,156,1,-1,-1,-1
12,11,16,747,52,120,1,-1,-1,-1
12,12,1631,549,171,137,1,-1,-1,-1
12,13,1820,17,164,216,1,-1,-1,-1
12,14,1060,423,168,202,1,-1,-1,-1
13,0,1998,338,164,256,1,-1,-1,-1
13,1,387,671,172,196,1,-1,-1,-1
13,2,1365,171,100,248,1,-1,-1,-1
13,3,696,636,147,181,1,-1,-1,-1
13,4,1226,531,264,196,1,-1,-1,-1
13,5,319,623,172,180,1,-1,-1,-1
13,6,1530,310,144,228,1,-1,-1,-1
13,7,2150,102,112,272,1,-1,-1,-1
13,10,837,541,122,156,1,-1,-1,-1
13,11,23,751,52,120,1,-1,-1,-1
13,12,1632,554,171,137,1,-1,-1,-1
13,13,1816,19,164,216,1,-1,-1,-1
13,14,1059,427,168,202,1,-1,-1,-1
14,0,2000,339,164,256,1,-1,-1,-1
14,1,384,668,181,206,1,-1,-1,-1
14,2,1364,174,100,248,1,-1,-1,-1
14,4,1227,535,264,196,1,-1,-1,-1
14,5,321,626,172,180,1,-1,-1,-1
14,6,1533,319,137,217,1,-1,-1,-1
14,10,837,542,122,156,1,-1,-1,-1
14,11,26,756,52,120,1,-1,-1,-1
14,12,1634,554,171,137,1,-1,-1,-1
14,13,1811,21,164,216,1,-1,-1,-1
14,14,1060,426,168,202,1,-1,-1,-1
15,0,2005,340,164,256,1,-1,-1,-1
15,1,386,671,181,206,1,-1,-1,-1
15,2,1362,175,100,248,1,-1,-1,-1
15,4,1235,543,251,187,1,-1,-1,-1
15,5,324,629,172,180,1,-1,-1,-1
15,6,1534,322,137,217,1,-1,-1,-1
15,10,839,544,122,156,1,-1,-1,-1
15,11,31,760,52,120,1,-1,-1,-1
15,12,1637,552,180,144,1,-1,-1,-1
15,13,1807,25,164,216,1,-1,-1,-1
15,14,1055,425,176,212,1,-1,-1,-1
16,0,2005,342,164,256,1,-1,-1,-1
16,1,388,674,181,206,1,-1,-1,-1
16,2,1361,177,100,248,1,-1,-1,-1
16,4,1236,541,251,187,1,-1,-1,-1
16,5,327,632,172,180,1,-1,-1,-1
16,6,1536,329,131,207,1,-1,-1,-1
16,10,840,548,122,156,1,-1,-1,-1
16,11,34,764,52,120,1,-1,-1,-1
16,12,1645,553,180,144,1,-1,-1,-1
16,13,1800,26,164,216,1,-1,-1,-1
16,14,1055,428,176,212,1,-1,-1,-1
17,0,2004,352,160,244,1,-1,-1,-1
17,1,388,674,181,206,1,-1,-1,-1
17,2,1372,176,100,244,1,-1,-1,-1
17,4,1236,548,248,192,1,-1,-1,-1
17,5,336,636,160,184,1,-1,-1,-1
17,6,1524,340,168,212,1,-1,-1,-1
17,10,840,548,122,156,1,-1,-1,-1
17,11,34,764,52,120,1,-1,-1,-1
17,12,1645,553,180,144,1,-1,-1,-1
17,13,1800,26,164,216,1,-1,-1,-1
17,14,1048,412,184,184,1,-1,-1,-1
17,15,0,768,92,160,1,-1,-1,-1
17,16,728,636,112,184,1,-1,-1,-1
17,17,1536,480,220,180,1,-1,-1,-1
17,18,1672,456,224,212,1,-1,-1,-1
17,19,968,616,176,176,1,-1,-1,-1
17,20,656,564,100,192,1,-1,-1,-1
18,0,2004,354,160,244,1,-1,-1,-1
18,1,397,683,172,196,1,-1,-1,-1
18,2,1375,182,95,232,1,-1,-1,-1
18,4,1237,549,248,192,1,-1,-1,-1
18,5,337,639,160,184,1,-1,-1,-1
18,6,1524,341,168,212,1,-1,-1,-1
18,10,841,550,122,156,1,-1,-1,-1
18,11,42,764,52,120,1,-1,-1,-1
18,12,1653,553,180,144,1,-1,-1,-1
18,13,1788,24,172,227,1,-1,-1,-1
18,14,1049,414,184,184,1,-1,-1,-1
18,15,1,770,92,160,1,-1,-1,-1
18,16,731,643,107,175,1,-1,-1,-1
18,17,1537,482,220,180,1,-1,-1,-1
18,18,1674,459,224,212,1,-1,-1,-1
18,19,968,617,176,176,1,-1,-1,-1
18,20,656,566,100,192,1,-1,-1,-1
19,0,2008,354,160,244,1,-1,-1,-1
19,1,400,686,172,196,1,-1,-1,-1
19,2,1374,185,95,232,1,-1,-1,-1
19,4,1242,551,248,192,1,-1,-1,-1
19,5,341,639,160,184,1,-1,-1,-1
19,6,1529,346,160,202,1,-1,-1,-1
19,10,842,552,122,156,1,-1,-1,-1
19,11,45,763,52,120,1,-1,-1,-1
19,13,1786,27,164,216,1,-1,-1,-1
19,14,1049,417,184,184,1,-1,-1,-1
19,15,3,770,92,160,1,-1,-1,-1
19,16,732,646,107,175,1,-1,-1,-1
19,17,1543,482,220,180,1,-1,-1,-1
19,18,1676,458,224,212,1,-1,-1,-1
19,19,970,618,176,176,1,-1,-1,-1
19,20,657,565,100,192,1,-1,-1,-1
20,0,2007,355,160,244,1,-1,-1,-1
20,1,401,688,172,196,1,-1,-1,-1
20,2,1370,181,100,244,1,-1,-1,-1
20,4,1245,554,248,192,1,-1,-1,-1
20,5,343,641,160,184,1,-1,-1,-1
20,6,1534,353,152,192,1,-1,-1,-1
20,10,839,550,128,164,1,-1,-1,-1
20,11,46,764,52,120,1,-1,-1,-1
20,13,1778,28,164,216,1,-1,-1,-1
20,14,1048,419,184,184,1,-1,-1,-1
20,15,5,770,92,160,1,-1,-1,-1
20,16,733,645,107,175,1,-1,-1,-1
20,17,1547,483,220,180,1,-1,-1,-1
20,18,1677,458,224,212,1,-1,-1,-1
20,19,972,617,176,176,1,-1,-1,-1
20,20,656,566,100,192,1,-1,-1,-1
21,0,2010,353,160,244,1,-1,-1,-1
21,1,403,687,172,196,1,-1,-1,-1
21,2,1370,183,100,244,1,-1,-1,-1
21,4,1251,557,236,183,1,-1,-1,-1
21,5,348,642,160,184,1,-1,-1,-1
21,6,1533,354,152,192,1,-1,-1,-1
21,10,841,553,122,156,1,-1,-1,-1
21,11,48,761,52,120,1,-1,-1,-1
21,13,1762,11,164,216,1,-1,-1,-1
21,14,1047,419,184,184,1,-1,-1,-1
21,15,4,763,97,168,1,-1,-1,-1
21,16,734,644,107,175,1,-1,-1,-1
21,17,1549,484,220,180,1,-1,-1,-1
21,18,1680,460,224,212,1,-1,-1,-1
21,19,972,617,176,176,1,-1,-1,-1
21,20,654,561,105,202,1,-1,-1,-1
22,0,2013,353,160,244,1,-1,-1,-1
22,1,404,686,172,196,1,-1,-1,-1
22,2,1368,177,105,256,1,-1,-1,-1
22,4,1256,564,225,174,1,-1,-1,-1
22,5,350,640,160,184,1,-1,-1,-1
22,6,1535,357,145,183,1,-1,-1,-1
22,10,837,551,122,156,1,-1,-1,-1
22,11,51,759,50,114,1,-1,-1,-1
22,14,1047,420,184,184,1,-1,-1,-1
22,15,6,760,97,168,1,-1,-1,-1
22,16,733,645,107,175,1,-1,-1,-1
22,17,1550,482,220,180,1,-1,-1,-1
22,18,1676,456,235,223,1,-1,-1,-1
22,19,974,617,176,176,1,-1,-1,-1
22,20,654,560,105,202,1,-1,-1,-1
23,0,2010,348,168,256,1,-1,-1,-1
23,1,404,684,172,196,1,-1,-1,-1
23,2,1368,174,105,256,1,-1,-1,-1
23,4,1264,565,214,166,1,-1,-1,-1
23,5,352,637,160,184,1,-1,-1,-1
23,6,1536,351,145,183,1,-1,-1,-1
23,10,834,545,128,164,1,-1,-1,-1
23,11,52,751,50,114,1,-1,-1,-1
23,14,1045,418,184,184,1,-1,-1,-1
23,15,8,757,97,168,1,-1,-1,-1
23,16,733,642,107,175,1,-1,-1,-1
23,17,1558,482,210,171,1,-1,-1,-1
23,18,1680,452,235,223,1,-1,-1,-1
23,19,975,613,176,176,1,-1,-1,-1
23,20,657,564,100,192,1,-1,-1,-1
24,0,2012,347,168,256,1,-1,-1,-1
24,1,404,681,172,196,1,-1,-1,-1
24,2,1366,171,105,256,1,-1,-1,-1
24,4,1273,559,204,158,1,-1,-1,-1
24,5,360,636,152,175,1,-1,-1,-1
24,6,1534,345,145,183,1,-1,-1,-1
24,11,53,741,50,114,1,-1,-1,-1
24,14,1043,413,184,184,1,-1,-1,-1
24,15,8,749,97,168,1,-1,-1,-1
24,16,733,634,107,175,1,-1,-1,-1
24,17,1559,479,210,171,1,-1,-1,-1
24,18,1680,450,235,223,1,-1,-1,-1
24,19,973,609,176,176,1,-1,-1,-1
24,20,658,558,100,192,1,-1,-1,-1
25,0,2028,312,148,256,1,-1,-1,-1
25,1,416,656,212,220,1,-1,-1,-1
25,2,1368,180,96,236,1,-1,-1,-1
25,4,1260,544,212,184,1,-1,-1,-1
25,5,360,644,168,164,1,-1,-1,-1
25,6,1536,324,160,236,1,-1,-1,-1
25,11,53,741,50,114,1,-1,-1,-1
25,14,1064,424,168,164,1,-1,-1,-1
25,15,0,732,104,188,1,-1,-1,-1
25,16,728,632,128,176,1,-1,-1,-1
25,17,1548,460,260,212,1,-1,-1,-1
25,18,1680,450,235,223,1,-1,-1,-1
25,19,984,572,180,200,1,-1,-1,-1
25,20,658,558,100,192,1,-1,-1,-1
25,21,1796,452,160,148,1,-1,-1,-1
25,22,1444,472,132,196,1,-1,-1,-1
25,23,1372,416,164,132,1,-1,-1,-1
25,24,1660,504,160,180,1,-1,-1,-1
26,0,2030,308,148,256,1,-1,-1,-1
26,1,417,655,212,220,1,-1,-1,-1
26,2,1368,176,96,236,1,-1,-1,-1
26,4,1264,541,212,184,1,-1,-1,-1
26,5,362,643,168,164,1,-1,-1,-1
26,6,1537,323,160,236,1,-1,-1,-1
26,11,53,730,50,114,1,-1,-1,-1
26,14,1065,423,168,164,1,-1,-1,-1
26,15,1,730,104,188,1,-1,-1,-1
26,16,729,629,128,176,1,-1,-1,-1
26,17,1557,464,248,202,1,-1,-1,-1
26,18,1706,439,224,212,1,-1,-1,-1
26,19,985,570,180,200,1,-1,-1,-1
26,20,657,549,105,202,1,-1,-1,-1
26,21,1801,450,160,148,1,-1,-1,-1
26,22,1447,469,132,196,1,-1,-1,-1
26,23,1375,414,164,132,1,-1,-1,-1
26,24,1666,506,152,171,1,-1,-1,-1
27,0,2032,306,148,256,1,-1,-1,-1
27,1,420,655,212,220,1,-1,-1,-1
27,2,1368,175,96,236,1,-1,-1,-1
27,4,1270,540,212,184,1,-1,-1,-1
27,5,364,641,168,164,1,-1,-1,-1
27,6,1537,321,160,236,1,-1,-1,-1
27,11,54,726,50,114,1,-1,-1,-1
27,14,1067,420,168,164,1,-1,-1,-1
27,15,2,727,104,188,1,-1,-1,-1
27,16,729,624,134,185,1,-1,-1,-1
27,17,1559,464,248,202,1,-1,-1,-1
27,18,1714,444,224,212,1,-1,-1,-1
27,19,984,570,180,200,1,-1,-1,-1
27,20,659,545,105,202,1,-1,-1,-1
27,21,1808,450,160,148,1,-1,-1,-1
27,22,1448,467,132,196,1,-1,-1,-1
27,23,1378,414,164,132,1,-1,-1,-1
27,24,1670,505,152,171,1,-1,-1,-1
28,0,2038,312,141,244,1,-1,-1,-1
28,1,421,654,212,220,1,-1,-1,-1
28,2,1368,174,96,236,1,-1,-1,-1
28,4,1273,540,212,184,1,-1,-1,-1
28,5,366,641,168,164,1,-1,-1,-1
28,6,1539,319,160,236,1,-1,-1,-1
28,11,55,725,50,114,1,-1,-1,-1
28,14,1068,420,168,164,1,-1,-1,-1
28,15,3,725,104,188,1,-1,-1,-1
28,16,731,622,134,185,1,-1,-1,-1
28,17,1561,462,248,202,1,-1,-1,-1
28,18,1695,441,224,212,1,-1,-1,-1
28,19,986,570,180,200,1,-1,-1,-1
28,20,661,544,105,202,1,-1,-1,-1
28,21,1813,452,160,148,1,-1,-1,-1
28,22,1449,465,132,196,1,-1,-1,-1
28,23,1380,414,164,132,1,-1,-1,-1
28,24,1669,502,160,180,1,-1,-1,-1
29,0,2042,308,141,244,1,-1,-1,-1
29,1,424,654,212,220,1,-1,-1,-1
29,2,1367,173,96,236,1,-1,-1,-1
29,4,1276,541,212,184,1,-1,-1,-1
29,5,370,641,168,164,1,-1,-1,-1
29,6,1538,319,160,236,1,-1,-1,-1
29,11,55,724,50,114,1,-1,-1,-1
29,14,1070,420,168,164,1,-1,-1,-1
29,15,3,727,104,188,1,-1,-1,-1
29,16,732,622,134,185,1,-1,-1,-1
29,17,1561,462,248,202,1,-1,-1,-1
29,18,1664,450,235,223,1,-1,-1,-1
29,19,989,568,180,200,1,-1,-1,-1
29,21,1818,451,160,148,1,-1,-1,-1
29,22,1452,465,132,196,1,-1,-1,-1
29,23,1381,416,164,132,1,-1,-1,-1
29,24,1673,501,160,180,1,-1,-1,-1
30,0,2043,306,141,244,1,-1,-1,-1
30,1,424,654,212,220,1,-1,-1,-1
30,2,1364,167,101,248,1,-1,-1,-1
30,4,1279,542,212,184,1,-1,-1,-1
30,5,372,639,168,164,1,-1,-1,-1
30,6,1539,318,160,236,1,-1,-1,-1
30,11,58,730,47,109,1,-1,-1,-1
30,14,1071,420,168,164,1,-1,-1,-1
30,15,5,731,104,188,1,-1,-1,-1
30,16,733,618,134,185,1,-1,-1,-1
30,17,1562,460,248,202,1,-1,-1,-1
30,19,989,570,180,200,1,-1,-1,-1
30,21,1831,449,152,141,1,-1,-1,-1
30,22,1454,459,132,196,1,-1,-1,-1
30,23,1383,410,164,132,1,-1,-1,-1
30,24,1676,500,160,180,1,-1,-1,-1
31,0,2042,296,148,256,1,-1,-1,-1
31,1,430,654,212,220,1,-1,-1,-1
31,2,1365,165,101,248,1,-1,-1,-1
31,4,1282,541,212,184,1,-1,-1,-1
31,5,376,637,168,164,1,-1,-1,-1
31,6,1540,317,160,236,1,-1,-1,-1
31,11,59,731,50,114,1,-1,-1,-1
31,14,1076,423,160,156,1,-1,-1,-1
31,15,8,732,104,188,1,-1,-1,-1
31,16,734,616,134,185,1,-1,-1,-1
31,17,1560,460,248,202,1,-1,-1,-1
31,19,990,564,189,210,1,-1,-1,-1
31,21,1838,446,152,141,1,-1,-1,-1
31,22,1461,458,126,187,1,-1,-1,-1
31,23,1376,407,172,139,1,-1,-1,-1
31,24,1681,498,160,180,1,-1,-1,-1
32,0,2045,294,148,256,1,-1,-1,-1
32,1,437,655,202,210,1,-1,-1,-1
32,2,1365,164,101,248,1,-1,-1,-1
32,4,1284,541,212,184,1,-1,-1,-1
32,5,380,635,168,164,1,-1,-1,-1
32,6,1541,313,160,236,1,-1,-1,-1
32,11,63,731,50,114,1,-1,-1,-1
32,14,1080,421,160,156,1,-1,-1,-1
32,15,11,734,104,188,1,-1,-1,-1
32,16,737,616,134,185,1,-1,-1,-1
32,17,1563,457,248,202,1,-1,-1,-1
32,19,990,565,189,210,1,-1,-1,-1
32,21,1847,443,152,141,1,-1,-1,-1
32,22,1458,453,132,196,1,-1,-1,-1
32,23,1376,405,172,139,1,-1,-1,-1
32,24,1687,495,160,180,1,-1,-1,-1
33,0,2056,272,120,268,1,-1,-1,-1
33,1,436,668,184,192,1,-1,-1,-1
33,2,1368,144,96,248,1,-1,-1,-1
33,4,1296,536,220,180,1,-1,-1,-1
33,5,380,612,176,180,1,-1,-1,-1
33,6,1548,300,148,216,1,-1,-1,-1
33,11,63,731,50,114,1,-1,-1,-1
33,14,1092,400,148,204,1,-1,-1,-1
33,15,0,736,120,172,1,-1,-1,-1
33,16,744,612,132,180,1,-1,-1,-1
33,17,1576,436,264,216,1,-1,-1,-1
33,19,996,584,196,168,1,-1,-1,-1
33,21,1800,428,188,172,1,-1,-1,-1
33,22,1458,453,132,196,1,-1,-1,-1
33,23,1368,408,208,156,1,-1,-1,-1
33,24,1687,495,160,180,1,-1,-1,-1
33,25,652,548,132,184,1,-1,-1,-1
33,26,1724,4,160,200,1,-1,-1,-1
34,0,2064,248,120,268,1,-1,-1,-1
34,1,453,644,184,192,1,-1,-1,-1
34,2,1376,119,96,248,1,-1,-1,-1
34,4,1311,514,220,180,1,-1,-1,-1
34,5,399,594,168,171,1,-1,-1,-1
34,6,1558,278,148,216,1,-1,-1,-1
34,14,1102,380,148,204,1,-1,-1,-1
34,15,16,716,120,172,1,-1,-1,-1
34,16,759,589,132,180,1,-1,-1,-1
34,17,1587,412,264,216,1,-1,-1,-1
34,19,1009,561,196,168,1,-1,-1,-1
34,21,1814,405,188,172,1,-1,-1,-1
34,22,1476,430,132,196,1,-1,-1,-1
34,23,1381,385,208,156,1,-1,-1,-1
34,24,1701,466,168,189,1,-1,-1,-1
34,25,666,525,132,184,1,-1,-1,-1
34,26,1731,0,160,186,1,-1,-1,-1
35,0,2079,222,120,268,1,-1,-1,-1
35,1,469,617,184,192,1,-1,-1,-1
35,2,1388,95,96,248,1,-1,-1,-1
35,4,1332,494,210,171,1,-1,-1,-1
35,5,415,566,168,171,1,-1,-1,-1
35,6,1574,251,148,216,1,-1,-1,-1
35,14,1118,353,148,204,1,-1,-1,-1
35,15,34,691,120,172,1,-1,-1,-1
35,16,773,563,132,180,1,-1,-1,-1
35,17,1605,387,264,216,1,-1,-1,-1
35,19,1022,536,196,168,1,-1,-1,-1
35,21,1831,376,188,172,1,-1,-1,-1
35,23,1395,361,208,156,1,-1,-1,-1
35,24,1719,436,168,189,1,-1,-1,-1
35,25,684,504,132,184,1,-1,-1,-1
35,26,1747,0,152,158,1,-1,-1,-1
36,0,2085,204,120,268,1,-1,-1,-1
36,1,477,606,175,183,1,-1,-1,-1
36,2,1391,69,101,260,1,-1,-1,-1
36,4,1337,476,210,171,1,-1,-1,-1
36,5,420,550,168,171,1,-1,-1,-1
36,6,1577,233,148,216,1,-1,-1,-1
36,14,1123,336,148,204,1,-1,-1,-1
36,15,44,675,120,172,1,-1,-1,-1
36,16,779,547,132,180,1,-1,-1,-1
36,17,1611,370,264,216,1,-1,-1,-1
36,19,1028,519,196,168,1,-1,-1,-1
36,21,1840,358,188,172,1,-1,-1,-1
36,23,1400,343,208,156,1,-1,-1,-1
36,24,1726,417,168,189,1,-1,-1,-1
36,25,687,485,132,184,1,-1,-1,-1
36,26,1751,0,152,142,1,-1,-1,-1
37,0,2090,194,120,268,1,-1,-1,-1
37,1,485,593,175,183,1,-1,-1,-1
37,2,1397,67,101,260,1,-1,-1,-1
37,4,1347,471,200,163,1,-1,-1,-1
37,5,428,539,168,171,1,-1,-1,-1
37,6,1580,224,148,216,1,-1,-1,-1
37,14,1131,324,148,204,1,-1,-1,-1
37,15,53,669,120,172,1,-1,-1,-1
37,16,792,541,132,180,1,-1,-1,-1
37,17,1619,355,264,216,1,-1,-1,-1
37,19,1035,506,196,168,1,-1,-1,-1
37,21,1848,345,188,172,1,-1,-1,-1
37,23,1411,334,198,149,1,-1,-1,-1
37,24,1734,406,168,189,1,-1,-1,-1
37,25,696,471,132,184,1,-1,-1,-1
37,26,1756,0,152,131,1,-1,-1,-1
38,0,2095,190,120,268,1,-1,-1,-1
38,1,497,588,175,183,1,-1,-1,-1
38,4,1358,465,200,163,1,-1,-1,-1
38,5,435,536,168,171,1,-1,-1,-1
38,6,1585,217,148,216,1,-1,-1,-1
38,14,1139,326,141,194,1,-1,-1,-1
38,15,65,662,120,172,1,-1,-1,-1
38,16,797,533,132,180,1,-1,-1,-1
38,17,1633,353,251,206,1,-1,-1,-1
38,19,1040,502,196,168,1,-1,-1,-1
38,21,1856,341,188,172,1,-1,-1,-1
38,23,1409,326,208,156,1,-1,-1,-1
38,24,1738,401,168,189,1,-1,-1,-1
38,25,704,468,132,184,1,-1,-1,-1
38,26,1761,0,152,128,1,-1,-1,-1
39,0,2099,188,120,268,1,-1,-1,-1
39,1,503,592,167,174,1,-1,-1,-1
39,4,1361,462,200,163,1,-1,-1,-1
39,5,435,532,176,180,1,-1,-1,-1
39,6,1590,215,148,216,1,-1,-1,-1
39,14,1145,324,141,194,1,-1,-1,-1
39,15,76,668,114,164,1,-1,-1,-1
39,16,804,539,126,171,1,-1,-1,-1
39,17,1639,353,251,206,1,-1,-1,-1
39,19,1046,502,196,168,1,-1,-1,-1
39,21,1858,341,188,172,1,-1,-1,-1
39,23,1420,330,208,156,1,-1,-1,-1
39,24,1747,402,168,189,1,-1,-1,-1
39,25,708,464,139,193,1,-1,-1,-1
39,26,1761,0,152,124,1,-1,-1,-1
40,0,2102,191,120,268,1,-1,-1,-1
40,1,509,594,167,174,1,-1,-1,-1
40,4,1367,466,200,163,1,-1,-1,-1
40,5,441,538,176,180,1,-1,-1,-1
40,6,1598,223,141,206,1,-1,-1,-1
40,14,1150,329,141,194,1,-1,-1,-1
40,15,83,671,114,164,1,-1,-1,-1
40,16,812,546,126,171,1,-1,-1,-1
40,17,1645,355,251,206,1,-1,-1,-1
40,19,1049,503,196,168,1,-1,-1,-1
40,21,1870,345,188,172,1,-1,-1,-1
40,23,1428,334,198,149,1,-1,-1,-1
40,25,717,473,132,184,1,-1,-1,-1
40,26,1763,0,152,132,1,-1,-1,-1
41,0,2104,196,116,268,1,-1,-1,-1
41,1,448,560,216,232,1,-1,-1,-1
41,4,1360,492,180,156,1,-1,-1,-1
41,5,441,538,176,180,1,-1,-1,-1
41,6,1604,248,140,192,1,-1,-1,-1
41,14,1128,328,144,184,1,-1,-1,-1
41,15,83,671,114,164,1,-1,-1,-1
41,16,804,536,164,184,1,-1,-1,-1
41,17,1645,355,251,206,1,-1,-1,-1
41,19,1048,516,212,160,1,-1,-1,-1
41,21,1916,348,168,152,1,-1,-1,-1
41,23,1428,334,198,149,1,-1,-1,-1
41,25,700,496,140,172,1,-1,-1,-1
41,26,1763,0,152,132,1,-1,-1,-1
41,27,0,680,200,172,1,-1,-1,-1
41,28,1416,100,88,224,1,-1,-1,-1
41,29,1724,416,208,184,1,-1,-1,-1
41,30,2208,4,112,236,1,-1,-1,-1
42,0,2108,204,110,255,1,-1,-1,-1
42,1,446,559,227,244,1,-1,-1,-1
42,4,1363,497,180,156,1,-1,-1,-1
42,5,451,557,168,171,1,-1,-1,-1
42,6,1608,251,140,192,1,-1,-1,-1
42,14,1131,332,144,184,1,-1,-1,-1
42,15,95,683,114,164,1,-1,-1,-1
42,16,809,542,164,184,1,-1,-1,-1
42,17,1660,370,251,206,1,-1,-1,-1
42,19,1049,519,212,160,1,-1,-1,-1
42,21,1915,349,176,160,1,-1,-1,-1
42,23,1429,339,208,156,1,-1,-1,-1
42,25,702,501,140,172,1,-1,-1,-1
42,26,1762,0,152,143,1,-1,-1,-1
42,27,4,684,200,172,1,-1,-1,-1
42,28,1416,102,88,224,1,-1,-1,-1
42,29,1728,421,208,184,1,-1,-1,-1
42,30,2210,7,112,236,1,-1,-1,-1
43,0,2112,214,105,243,1,-1,-1,-1
43,1,451,566,227,244,1,-1,-1,-1
43,4,1368,502,180,156,1,-1,-1,-1
43,5,461,565,160,163,1,-1,-1,-1
43,6,1612,257,140,192,1,-1,-1,-1
43,14,1135,338,144,184,1,-1,-1,-1
43,15,107,686,114,164,1,-1,-1,-1
43,16,815,549,164,184,1,-1,-1,-1
43,19,1045,521,223,168,1,-1,-1,-1
43,21,1928,358,168,152,1,-1,-1,-1
43,23,1426,340,218,164,1,-1,-1,-1
43,25,707,507,140,172,1,-1,-1,-1
43,26,1760,0,160,153,1,-1,-1,-1
43,27,10,690,200,172,1,-1,-1,-1
43,28,1416,100,92,235,1,-1,-1,-1
43,29,1739,430,198,175,1,-1,-1,-1
43,30,2213,10,112,236,1,-1,-1,-1
44,0,2112,217,105,243,1,-1,-1,-1
44,1,454,567,227,244,1,-1,-1,-1
44,4,1371,504,180,156,1,-1,-1,-1
44,5,459,566,168,171,1,-1,-1,-1
44,6,1615,260,140,192,1,-1,-1,-1
44,14,1136,340,144,184,1,-1,-1,-1
44,15,110,690,114,164,1,-1,-1,-1
44,16,818,553,164,184,1,-1,-1,-1
44,19,1049,525,223,168,1,-1,-1,-1
44,21,1933,361,168,152,1,-1,-1,-1
44,25,709,508,140,172,1,-1,-1,-1
44,27,13,692,200,172,1,-1,-1,-1
44,28,1418,103,92,235,1,-1,-1,-1
44,29,1740,431,198,175,1,-1,-1,-1
44,30,2212,7,118,248,1,-1,-1,-1
45,0,2109,210,110,255,1,-1,-1,-1
45,1,454,572,227,244,1,-1,-1,-1
45,4,1373,505,180,156,1,-1,-1,-1
45,5,456,566,176,180,1,-1,-1,-1
45,6,1616,260,140,192,1,-1,-1,-1
45,14,1137,340,144,184,1,-1,-1,-1
45,15,114,695,114,164,1,-1,-1,-1
45,16,823,561,156,175,1,-1,-1,-1
45,19,1050,527,223,168,1,-1,-1,-1
45,21,1936,360,168,152,1,-1,-1,-1
45,25,710,508,140,172,1,-1,-1,-1
45,27,18,695,200,172,1,-1,-1,-1
45,28,1419,106,92,235,1,-1,-1,-1
45,29,1742,432,198,175,1,-1,-1,-1
45,30,2212,8,118,248,1,-1,-1,-1
46,0,2107,211,110,255,1,-1,-1,-1
46,1,450,576,227,244,1,-1,-1,-1
46,4,1372,508,180,156,1,-1,-1,-1
46,5,449,567,185,189,1,-1,-1,-1
46,6,1611,258,147,202,1,-1,-1,-1
46,14,1134,341,144,184,1,-1,-1,-1
46,15,117,700,114,164,1,-1,-1,-1
46,16,822,564,156,175,1,-1,-1,-1
46,19,1047,527,223,168,1,-1,-1,-1
46,21,1940,367,160,145,1,-1,-1,-1
46,25,708,511,140,172,1,-1,-1,-1
46,27,19,699,200,172,1,-1,-1,-1
46,28,1419,113,88,224,1,-1,-1,-1
46,29,1737,430,208,184,1,-1,-1,-1
46,30,2208,9,118,248,1,-1,-1,-1
47,0,2104,228,110,255,1,-1,-1,-1
47,1,443,589,227,244,1,-1,-1,-1
47,4,1368,524,180,156,1,-1,-1,-1
47,5,445,582,185,189,1,-1,-1,-1
47,6,1607,274,147,202,1,-1,-1,-1
47,14,1129,355,144,184,1,-1,-1,-1
47,15,118,715,114,164,1,-1,-1,-1
47,16,817,579,156,175,1,-1,-1,-1
47,19,1040,546,223,168,1,-1,-1,-1
47,21,1940,379,160,145,1,-1,-1,-1
47,25,703,524,140,172,1,-1,-1,-1
47,27,17,714,200,172,1,-1,-1,-1
47,28,1412,128,88,224,1,-1,-1,-1
47,29,1733,444,208,184,1,-1,-1,-1
47,30,2199,11,123,260,1,-1,-1,-1
48,0,2094,241,116,268,1,-1,-1,-1
48,1,440,608,227,244,1,-1,-1,-1
48,4,1365,541,180,156,1,-1,-1,-1
48,5,436,599,194,198,1,-1,-1,-1
48,6,1605,292,147,202,1,-1,-1,-1
48,14,1124,375,144,184,1,-1,-1,-1
48,15,115,733,114,164,1,-1,-1,-1
48,16,809,591,164,184,1,-1,-1,-1
48,19,1040,571,212,160,1,-1,-1,-1
48,21,1939,397,160,145,1,-1,-1,-1
48,25,698,542,140,172,1,-1,-1,-1
48,27,16,735,200,172,1,-1,-1,-1
48,28,1402,149,88,224,1,-1,-1,-1
48,29,1724,460,218,193,1,-1,-1,-1
48,30,2196,38,118,248,1,-1,-1,-1
49,0,2094,241,116,268,1,-1,-1,-1
49,1,440,608,227,244,1,-1,-1,-1
49,4,1352,540,188,188,1,-1,-1,-1
49,5,436,599,194,198,1,-1,-1,-1
49,6,1600,292,132,200,1,-1,-1,-1
49,14,1124,384,148,172,1,-1,-1,-1
49,15,115,733,114,164,1,-1,-1,-1
49,16,812,656,192,136,1,-1,-1,-1
49,19,1044,600,220,156,1,-1,-1,-1
49,21,1912,416,184,184,1,-1,-1,-1
49,25,688,548,144,180,1,-1,-1,-1
49,27,0,752,224,176,1,-1,-1,-1
49,28,1396,148,92,236,1,-1,-1,-1
49,29,1664,440,272,240,1,-1,-1,-1
49,30,2192,40,108,280,1,-1,-1,-1
50,0,2093,271,110,255,1,-1,-1,-1
50,1,446,638,216,232,1,-1,-1,-1
50,4,1352,545,188,188,1,-1,-1,-1
50,5,436,621,194,198,1,-1,-1,-1
50,6,1600,296,132,200,1,-1,-1,-1
50,14,1125,391,148,172,1,-1,-1,-1
50,15,127,756,114,164,1,-1,-1,-1
50,16,811,659,192,136,1,-1,-1,-1
50,19,1043,605,220,156,1,-1,-1,-1
50,21,1912,421,184,184,1,-1,-1,-1
50,25,688,552,144,180,1,-1,-1,-1
50,27,5,757,224,176,1,-1,-1,-1
50,28,1394,152,92,236,1,-1,-1,-1
50,29,1667,443,272,240,1,-1,-1,-1
50,30,2191,43,108,280,1,-1,-1,-1
51,0,2088,265,116,268,1,-1,-1,-1
51,1,448,644,216,232,1,-1,-1,-1
51,4,1355,547,188,188,1,-1,-1,-1
51,5,440,624,194,198,1,-1,-1,-1
51,6,1603,297,132,200,1,-1,-1,-1
51,14,1126,395,148,172,1,-1,-1,-1
51,15,132,761,114,164,1,-1,-1,-1
51,16,814,659,192,136,1,-1,-1,-1
51,19,1047,607,220,156,1,-1,-1,-1
51,21,1917,423,184,184,1,-1,-1,-1
51,25,689,555,144,180,1,-1,-1,-1
51,27,9,763,224,176,1,-1,-1,-1
51,28,1397,160,88,225,1,-1,-1,-1
51,29,1666,440,286,252,1,-1,-1,-1
51,30,2192,45,108,280,1,-1,-1,-1
52,0,2088,269,116,268,1,-1,-1,-1
52,1,451,646,216,232,1,-1,-1,-1
52,4,1357,550,188,188,1,-1,-1,-1
52,5,442,625,194,198,1,-1,-1,-1
52,6,1609,303,126,190,1,-1,-1,-1
52,14,1127,399,148,172,1,-1,-1,-1
52,15,136,763,114,164,1,-1,-1,-1
52,16,815,663,192,136,1,-1,-1,-1
52,19,1048,611,220,156,1,-1,-1,-1
52,21,1920,427,184,184,1,-1,-1,-1
52,25,689,559,144,180,1,-1,-1,-1
52,27,9,762,235,185,1,-1,-1,-1
52,28,1399,166,83,214,1,-1,-1,-1
52,29,1660,433,300,265,1,-1,-1,-1
52,30,2190,45,108,280,1,-1,-1,-1
53,0,2087,271,116,268,1,-1,-1,-1
53,1,454,646,216,232,1,-1,-1,-1
53,4,1357,554,188,188,1,-1,-1,-1
53,5,445,625,194,198,1,-1,-1,-1
53,6,1612,305,126,190,1,-1,-1,-1
53,14,1127,402,148,172,1,-1,-1,-1
53,15,144,771,109,156,1,-1,-1,-1
53,16,816,665,192,136,1,-1,-1,-1
53,19,1050,612,220,156,1,-1,-1,-1
53,21,1922,428,184,184,1,-1,-1,-1
53,25,690,561,144,180,1,-1,-1,-1
53,27,12,766,235,185,1,-1,-1,-1
53,28,1399,167,83,214,1,-1,-1,-1
53,29,1668,443,286,252,1,-1,-1,-1
53,30,2189,47,108,280,1,-1,-1,-1
54,0,2089,274,116,268,1,-1,-1,-1
54,1,455,651,216,232,1,-1,-1,-1
54,4,1359,556,188,188,1,-1,-1,-1
54,6,1615,308,126,190,1,-1,-1,-1
54,14,1132,408,141,164,1,-1,-1,-1
54,15,147,775,109,156,1,-1,-1,-1
54,16,813,660,202,143,1,-1,-1,-1
54,19,1052,616,220,156,1,-1,-1,-1
54,21,1922,431,184,184,1,-1,-1,-1
54,25,690,566,144,180,1,-1,-1,-1
54,27,16,767,235,185,1,-1,-1,-1
54,28,1399,172,83,214,1,-1,-1,-1
54,29,1674,448,286,252,1,-1,-1,-1
54,30,2189,45,108,280,1,-1,-1,-1
55,0,2090,277,116,268,1,-1,-1,-1
55,1,454,653,216,232,1,-1,-1,-1
55,4,1361,560,188,188,1,-1,-1,-1
55,6,1616,311,126,190,1,-1,-1,-1
55,14,1130,412,141,164,1,-1,-1,-1
55,15,149,772,114,164,1,-1,-1,-1
55,16,809,661,212,150,1,-1,-1,-1
55,19,1054,617,220,156,1,-1,-1,-1
55,21,1926,433,184,184,1,-1,-1,-1
55,25,690,569,144,180,1,-1,-1,-1
55,27,22,769,235,185,1,-1,-1,-1
55,28,1396,171,88,225,1,-1,-1,-1
55,29,1672,442,300,265,1,-1,-1,-1
55,30,2189,43,108,280,1,-1,-1,-1
56,0,2096,281,110,255,1,-1,-1,-1
56,1,447,650,227,244,1,-1,-1,-1
56,4,1362,561,188,188,1,-1,-1,-1
56,6,1619,316,126,190,1,-1,-1,-1
56,14,1130,414,141,164,1,-1,-1,-1
56,16,811,661,212,150,1,-1,-1,-1
56,19,1057,619,220,156,1,-1,-1,-1
56,21,1922,433,193,193,1,-1,-1,-1
56,25,686,568,151,189,1,-1,-1,-1
56,27,27,771,235,185,1,-1,-1,-1
56,28,1398,181,83,214,1,-1,-1,-1
56,29,1670,447,300,265,1,-1,-1,-1
56,30,2187,47,108,280,1,-1,-1,-1
57,0,2096,300,116,240,1,-1,-1,-1
57,1,447,650,227,244,1,-1,-1,-1
57,4,1380,572,200,180,1,-1,-1,-1
57,6,1616,312,128,220,1,-1,-1,-1
57,14,1140,428,136,132,1,-1,-1,-1
57,16,820,660,216,156,1,-1,-1,-1
57,19,1064,616,236,164,1,-1,-1,-1
57,21,1920,460,204,176,1,-1,-1,-1
57,25,686,568,151,189,1,-1,-1,-1
57,27,36,784,236,172,1,-1,-1,-1
57,28,1388,164,100,240,1,-1,-1,-1
57,29,1692,464,236,224,1,-1,-1,-1
57,30,2192,84,108,212,1,-1,-1,-1
57,31,480,712,152,184,1,-1,-1,-1
58,0,2096,299,116,240,1,-1,-1,-1
58,1,451,663,216,232,1,-1,-1,-1
58,4,1383,574,200,180,1,-1,-1,-1
58,6,1617,313,128,220,1,-1,-1,-1
58,14,1140,429,136,132,1,-1,-1,-1
58,16,825,665,206,149,1,-1,-1,-1
58,19,1067,616,236,164,1,-1,-1,-1
58,21,1922,462,204,176,1,-1,-1,-1
58,25,688,580,151,189,1,-1,-1,-1
58,27,41,785,236,172,1,-1,-1,-1
58,28,1388,165,100,240,1,-1,-1,-1
58,29,1694,466,236,224,1,-1,-1,-1
58,30,2192,82,108,212,1,-1,-1,-1
58,31,480,712,152,184,1,-1,-1,-1
59,0,2097,299,116,240,1,-1,-1,-1
59,1,445,663,216,232,1,-1,-1,-1
59,4,1385,576,200,180,1,-1,-1,-1
59,6,1620,314,128,220,1,-1,-1,-1
59,14,1144,434,130,126,1,-1,-1,-1
59,16,826,667,206,149,1,-1,-1,-1
59,19,1070,618,236,164,1,-1,-1,-1
59,21,1925,462,204,176,1,-1,-1,-1
59,25,693,586,144,180,1,-1,-1,-1
59,27,47,788,236,172,1,-1,-1,-1
59,28,1387,168,100,240,1,-1,-1,-1
59,29,1696,467,236,224,1,-1,-1,-1
59,30,2193,80,108,212,1,-1,-1,-1
59,31,480,712,152,184,1,-1,-1,-1
60,0,2098,298,116,240,1,-1,-1,-1
60,1,426,668,216,232,1,-1,-1,-1
60,4,1388,579,200,180,1,-1,-1,-1
60,6,1621,314,128,220,1,-1,-1,-1
60,14,1145,435,130,126,1,-1,-1,-1
60,16,828,669,206,149,1,-1,-1,-1
60,19,1073,617,236,164,1,-1,-1,-1
60,21,1928,464,204,176,1,-1,-1,-1
60,25,692,585,151,189,1,-1,-1,-1
60,27,51,791,236,172,1,-1,-1,-1
60,28,1385,168,100,240,1,-1,-1,-1
60,29,1699,469,236,224,1,-1,-1,-1
60,30,2194,80,108,212,1,-1,-1,-1
60,31,479,715,152,184,1,-1,-1,-1
61,0,2100,298,116,240,1,-1,-1,-1
61,4,1390,580,200,180,1,-1,-1,-1
61,6,1623,313,128,220,1,-1,-1,-1
61,14,1145,435,130,126,1,-1,-1,-1
61,16,830,670,206,149,1,-1,-1,-1
61,19,1077,620,236,164,1,-1,-1,-1
61,21,1928,467,204,176,1,-1,-1,-1
61,25,699,594,144,180,1,-1,-1,-1
61,27,49,790,248,181,1,-1,-1,-1
61,28,1382,162,105,252,1,-1,-1,-1
61,29,1702,470,236,224,1,-1,-1,-1
61,30,2195,79,108,212,1,-1,-1,-1
61,31,479,717,152,184,1,-1,-1,-1
62,0,2098,293,122,252,1,-1,-1,-1
62,4,1390,583,200,180,1,-1,-1,-1
62,6,1625,317,128,220,1,-1,-1,-1
62,14,1147,437,130,126,1,-1,-1,-1
62,16,832,670,206,149,1,-1,-1,-1
62,19,1087,629,225,156,1,-1,-1,-1
62,21,1930,468,204,176,1,-1,-1,-1
62,25,701,595,144,180,1,-1,-1,-1
62,27,69,796,236,172,1,-1,-1,-1
62,28,1381,161,105,252,1,-1,-1,-1
62,29,1704,474,236,224,1,-1,-1,-1
62,30,2195,80,108,212,1,-1,-1,-1
62,31,480,720,152,184,1,-1,-1,-1
63,0,2098,294,122,252,1,-1,-1,-1
63,4,1395,583,200,180,1,-1,-1,-1
63,6,1623,319,128,220,1,-1,-1,-1
63,14,1150,438,130,126,1,-1,-1,-1
63,16,840,675,196,141,1,-1,-1,-1
63,19,1090,629,225,156,1,-1,-1,-1
63,21,1934,470,204,176,1,-1,-1,-1
63,25,700,593,151,189,1,-1,-1,-1
63,27,80,803,225,164,1,-1,-1,-1
63,28,1381,165,105,252,1,-1,-1,-1
63,29,1706,477,236,224,1,-1,-1,-1
63,30,2197,83,108,212,1,-1,-1,-1
63,31,481,721,152,184,1,-1,-1,-1
64,0,2100,295,122,252,1,-1,-1,-1
64,4,1399,582,200,180,1,-1,-1,-1
64,6,1624,321,128,220,1,-1,-1,-1
64,14,1152,437,130,126,1,-1,-1,-1
64,16,840,677,196,141,1,-1,-1,-1
64,19,1096,628,225,156,1,-1,-1,-1
64,21,1944,472,194,168,1,-1,-1,-1
64,25,700,595,151,189,1,-1,-1,-1
64,27,87,805,225,164,1,-1,-1,-1
64,28,1385,173,100,240,1,-1,-1,-1
64,29,1712,483,225,213,1,-1,-1,-1
64,30,2196,74,113,223,1,-1,-1,-1
64,31,477,721,152,184,1,-1,-1,-1
65,0,2100,295,122,252,1,-1,-1,-1
65,4,1420,588,168,168,1,-1,-1,-1
65,6,1624,321,128,220,1,-1,-1,-1
65,14,1152,437,130,126,1,-1,-1,-1
65,16,840,640,164,188,1,-1,-1,-1
65,19,1100,620,232,176,1,-1,-1,-1
65,21,1944,472,194,168,1,-1,-1,-1
65,25,700,595,151,189,1,-1,-1,-1
65,27,92,792,208,176,1,-1,-1,-1
65,28,1384,184,92,236,1,-1,-1,-1
65,29,1712,483,225,213,1,-1,-1,-1
65,30,2196,74,113,223,1,-1,-1,-1
65,31,460,728,148,176,1,-1,-1,-1
65,32,528,692,184,124,1,-1,-1,-1
66,0,2103,297,122,252,1,-1,-1,-1
66,4,1424,586,168,168,1,-1,-1,-1
66,6,1627,326,122,210,1,-1,-1,-1
66,14,1154,436,130,126,1,-1,-1,-1
66,16,841,639,164,188,1,-1,-1,-1
66,19,1104,622,232,176,1,-1,-1,-1
66,21,1947,470,194,168,1,-1,-1,-1
66,25,698,591,159,198,1,-1,-1,-1
66,27,96,790,208,176,1,-1,-1,-1
66,28,1384,183,92,236,1,-1,-1,-1
66,29,1715,483,225,213,1,-1,-1,-1
66,30,2199,83,108,212,1,-1,-1,-1
66,31,460,728,148,176,1,-1,-1,-1
66,32,526,689,193,130,1,-1,-1,-1
67,0,2107,308,116,240,1,-1,-1,-1
67,4,1430,586,168,168,1,-1,-1,-1
67,6,1629,327,116,200,1,-1,-1,-1
67,14,1156,438,130,126,1,-1,-1,-1
67,16,844,640,164,188,1,-1,-1,-1
67,19,1109,622,232,176,1,-1,-1,-1
67,21,1961,466,185,160,1,-1,-1,-1
67,25,701,592,159,198,1,-1,-1,-1
67,27,102,793,208,176,1,-1,-1,-1
67,28,1385,184,92,236,1,-1,-1,-1
67,29,1718,485,225,213,1,-1,-1,-1
67,30,2201,83,108,212,1,-1,-1,-1
67,31,460,730,148,176,1,-1,-1,-1
67,32,530,688,193,130,1,-1,-1,-1
68,0,2109,311,116,240,1,-1,-1,-1
68,4,1435,586,168,168,1,-1,-1,-1
68,6,1631,327,116,200,1,-1,-1,-1
68,14,1164,441,123,120,1,-1,-1,-1
68,16,850,641,164,188,1,-1,-1,-1
68,19,1112,623,232,176,1,-1,-1,-1
68,21,1967,462,185,160,1,-1,-1,-1
68,25,705,589,159,198,1,-1,-1,-1
68,27,109,792,208,176,1,-1,-1,-1
68,28,1387,185,92,236,1,-1,-1,-1
68,29,1723,484,225,213,1,-1,-1,-1
68,30,2207,83,103,202,1,-1,-1,-1
68,31,461,730,148,176,1,-1,-1,-1
68,32,536,688,193,130,1,-1,-1,-1
69,0,2114,314,116,240,1,-1,-1,-1
69,4,1442,587,168,168,1,-1,-1,-1
69,6,1633,325,116,200,1,-1,-1,-1
69,14,1168,441,123,120,1,-1,-1,-1
69,16,854,642,164,188,1,-1,-1,-1
69,19,1120,627,232,176,1,-1,-1,-1
69,21,1970,459,185,160,1,-1,-1,-1
69,25,710,590,159,198,1,-1,-1,-1
69,27,123,797,198,168,1,-1,-1,-1
69,28,1385,181,97,248,1,-1,-1,-1
69,29,1727,487,225,213,1,-1,-1,-1
69,30,2205,80,108,212,1,-1,-1,-1
69,31,462,734,148,176,1,-1,-1,-1
69,32,548,690,184,124,1,-1,-1,-1
70,4,1447,590,168,168,1,-1,-1,-1
70,6,1635,324,116,200,1,-1,-1,-1
70,14,1175,446,123,120,1,-1,-1,-1
70,16,859,644,164,188,1,-1,-1,-1
70,19,1124,628,232,176,1,-1,-1,-1
70,25,715,589,159,198,1,-1,-1,-1
70,27,140,800,189,160,1,-1,-1,-1
70,28,1391,187,92,236,1,-1,-1,-1
70,29,1737,488,225,213,1,-1,-1,-1
70,31,461,731,148,176,1,-1,-1,-1
70,32,556,693,184,124,1,-1,-1,-1
71,4,1453,592,168,168,1,-1,-1,-1
71,6,1638,326,116,200,1,-1,-1,-1
71,14,1178,449,123,120,1,-1,-1,-1
71,16,863,644,164,188,1,-1,-1,-1
71,19,1127,628,232,176,1,-1,-1,-1
71,25,720,589,159,198,1,-1,-1,-1
71,27,148,803,189,160,1,-1,-1,-1
71,28,1395,191,92,236,1,-1,-1,-1
71,29,1740,490,225,213,1,-1,-1,-1
71,31,462,730,148,176,1,-1,-1,-1
71,32,566,694,184,124,1,-1,-1,-1
72,4,1457,593,168,168,1,-1,-1,-1
72,14,1181,447,123,120,1,-1,-1,-1
72,16,868,643,164,188,1,-1,-1,-1
72,19,1126,623,244,185,1,-1,-1,-1
72,25,721,590,159,198,1,-1,-1,-1
72,27,154,804,189,160,1,-1,-1,-1
72,28,1398,191,92,236,1,-1,-1,-1
72,29,1747,493,225,213,1,-1,-1,-1
72,31,462,730,148,176,1,-1,-1,-1
72,32,569,690,184,124,1,-1,-1,-1
73,4,1432,588,224,180,1,-1,-1,-1
73,14,1181,447,123,120,1,-1,-1,-1
73,16,876,656,204,168,1,-1,-1,-1
73,19,1136,624,236,180,1,-1,-1,-1
73,25,760,592,120,196,1,-1,-1,-1
73,27,164,804,192,160,1,-1,-1,-1
73,28,1408,184,88,236,1,-1,-1,-1
73,29,1760,504,260,204,1,-1,-1,-1
73,31,456,732,148,164,1,-1,-1,-1
73,32,580,656,188,180,1,-1,-1,-1
73,33,1392,544,140,156,1,-1,-1,-1
73,34,1640,320,108,184,1,-1,-1,-1
74,4,1437,589,224,180,1,-1,-1,-1
74,16,879,655,204,168,1,-1,-1,-1
74,19,1144,629,225,171,1,-1,-1,-1
74,25,764,593,120,196,1,-1,-1,-1
74,27,169,803,192,160,1,-1,-1,-1
74,28,1407,186,88,236,1,-1,-1,-1
74,29,1768,509,248,194,1,-1,-1,-1
74,31,457,732,148,164,1,-1,-1,-1
74,32,583,656,188,180,1,-1,-1,-1
74,33,1396,545,140,156,1,-1,-1,-1
74,34,1641,320,108,184,1,-1,-1,-1
75,4,1442,589,224,180,1,-1,-1,-1
75,16,882,656,204,168,1,-1,-1,-1
75,19,1143,625,236,180,1,-1,-1,-1
75,25,768,593,120,196,1,-1,-1,-1
75,27,177,806,192,160,1,-1,-1,-1
75,28,1410,185,88,236,1,-1,-1,-1
75,29,1772,509,248,194,1,-1,-1,-1
75,31,458,734,148,164,1,-1,-1,-1
75,32,588,657,188,180,1,-1,-1,-1
75,33,1401,545,140,156,1,-1,-1,-1
75,34,1643,321,108,184,1,-1,-1,-1
76,4,1446,590,224,180,1,-1,-1,-1
76,16,887,656,204,168,1,-1,-1,-1
76,19,1145,628,236,180,1,-1,-1,-1
76,25,770,596,120,196,1,-1,-1,-1
76,27,184,806,192,160,1,-1,-1,-1
76,28,1411,186,88,236,1,-1,-1,-1
76,29,1775,510,248,194,1,-1,-1,-1
76,31,459,736,148,164,1,-1,-1,-1
76,32,598,662,179,171,1,-1,-1,-1
76,33,1404,547,140,156,1,-1,-1,-1
76,34,1645,323,108,184,1,-1,-1,-1
77,4,1451,593,224,180,1,-1,-1,-1
77,16,895,661,194,160,1,-1,-1,-1
77,19,1148,626,236,180,1,-1,-1,-1
77,25,770,598,120,196,1,-1,-1,-1
77,27,186,806,202,168,1,-1,-1,-1
77,28,1412,187,88,236,1,-1,-1,-1
77,29,1774,508,260,204,1,-1,-1,-1
77,31,459,739,148,164,1,-1,-1,-1
77,32,602,662,179,171,1,-1,-1,-1
77,33,1408,549,140,156,1,-1,-1,-1
77,34,1646,324,108,184,1,-1,-1,-1
78,4,1455,596,224,180,1,-1,-1,-1
78,16,898,662,194,160,1,-1,-1,-1
78,19,1143,626,248,189,1,-1,-1,-1
78,25,771,600,120,196,1,-1,-1,-1
78,27,194,813,192,160,1,-1,-1,-1
78,28,1417,186,88,236,1,-1,-1,-1
78,29,1784,513,248,194,1,-1,-1,-1
78,31,455,739,155,172,1,-1,-1,-1
78,32,609,669,171,163,1,-1,-1,-1
78,33,1411,552,140,156,1,-1,-1,-1
78,34,1647,326,108,184,1,-1,-1,-1
79,4,1460,598,224,180,1,-1,-1,-1
79,16,902,663,194,160,1,-1,-1,-1
79,19,1145,629,248,189,1,-1,-1,-1
79,25,774,601,120,196,1,-1,-1,-1
79,27,204,818,183,152,1,-1,-1,-1
79,28,1420,193,84,225,1,-1,-1,-1
79,29,1785,513,248,194,1,-1,-1,-1
79,31,450,745,155,172,1,-1,-1,-1
79,32,612,671,171,163,1,-1,-1,-1
79,33,1415,553,140,156,1,-1,-1,-1
79,34,1646,327,108,184,1,-1,-1,-1
80,4,1466,600,224,180,1,-1,-1,-1
80,16,902,665,194,160,1,-1,-1,-1
80,19,1144,631,248,189,1,-1,-1,-1
80,25,777,605,120,196,1,-1,-1,-1
80,27,207,819,183,152,1,-1,-1,-1
80,28,1422,196,84,225,1,-1,-1,-1
80,29,1790,518,248,194,1,-1,-1,-1
80,31,444,751,155,172,1,-1,-1,-1
80,32,617,673,171,163,1,-1,-1,-1
80,33,1418,555,140,156,1,-1,-1,-1
80,34,1648,328,108,184,1,-1,-1,-1
81,4,1476,600,184,180,1,-1,-1,-1
81,16,880,660,200,188,1,-1,-1,-1
81,19,1160,640,228,180,1,-1,-1,-1
81,25,777,605,120,196,1,-1,-1,-1
81,27,212,820,180,164,1,-1,-1,-1
81,28,1420,196,84,236,1,-1,-1,-1
81,29,1812,532,236,200,1,-1,-1,-1
81,31,472,740,120,148,1,-1,-1,-1
81,32,616,652,172,196,1,-1,-1,-1
81,33,1418,555,140,156,1,-1,-1,-1
81,34,1644,336,112,180,1,-1,-1,-1
82,4,1480,604,184,180,1,-1,-1,-1
82,16,881,664,200,188,1,-1,-1,-1
82,19,1167,647,217,171,1,-1,-1,-1
82,25,782,611,120,196,1,-1,-1,-1
82,27,216,823,180,164,1,-1,-1,-1
82,28,1419,198,84,236,1,-1,-1,-1
82,29,1819,539,225,190,1,-1,-1,-1
82,31,473,745,120,148,1,-1,-1,-1
82,32,619,655,172,196,1,-1,-1,-1
82,33,1423,559,140,156,1,-1,-1,-1
82,34,1644,339,112,180,1,-1,-1,-1
83,4,1483,608,184,180,1,-1,-1,-1
83,16,884,669,200,188,1,-1,-1,-1
83,19,1169,650,217,171,1,-1,-1,-1
83,25,784,613,120,196,1,-1,-1,-1
83,27,218,829,180,164,1,-1,-1,-1
83,28,1419,202,84,236,1,-1,-1,-1
83,29,1814,537,236,200,1,-1,-1,-1
83,31,474,752,120,148,1,-1,-1,-1
83,32,621,659,172,196,1,-1,-1,-1
83,33,1425,563,140,156,1,-1,-1,-1
83,34,1644,342,112,180,1,-1,-1,-1
84,4,1486,614,184,180,1,-1,-1,-1
84,16,885,674,200,188,1,-1,-1,-1
84,19,1163,650,228,180,1,-1,-1,-1
84,25,785,622,120,196,1,-1,-1,-1
84,27,220,832,180,164,1,-1,-1,-1
84,28,1419,206,84,236,1,-1,-1,-1
84,29,1817,543,236,200,1,-1,-1,-1
84,31,470,758,126,155,1,-1,-1,-1
84,32,624,663,172,196,1,-1,-1,-1
84,33,1428,566,140,156,1,-1,-1,-1
84,34,1643,347,112,180,1,-1,-1,-1
85,4,1487,619,184,180,1,-1,-1,-1
85,16,884,680,200,188,1,-1,-1,-1
85,19,1163,657,228,180,1,-1,-1,-1
85,25,787,626,120,196,1,-1,-1,-1
85,27,220,838,180,164,1,-1,-1,-1
85,28,1417,204,88,248,1,-1,-1,-1
85,29,1818,547,236,200,1,-1,-1,-1
85,31,467,763,126,155,1,-1,-1,-1
85,32,626,669,172,196,1,-1,-1,-1
85,33,1430,574,140,156,1,-1,-1,-1
85,34,1643,353,112,180,1,-1,-1,-1
86,4,1490,625,184,180,1,-1,-1,-1
86,16,884,684,200,188,1,-1,-1,-1
86,19,1164,658,228,180,1,-1,-1,-1
86,27,223,840,180,164,1,-1,-1,-1
86,28,1414,208,88,248,1,-1,-1,-1
86,29,1823,554,225,190,1,-1,-1,-1
86,31,465,766,126,155,1,-1,-1,-1
86,32,623,667,181,206,1,-1,-1,-1
86,33,1430,577,140,156,1,-1,-1,-1
86,34,1642,355,112,180,1,-1,-1,-1
87,4,1492,628,184,180,1,-1,-1,-1
87,16,884,690,200,188,1,-1,-1,-1
87,19,1163,667,228,180,1,-1,-1,-1
87,27,223,845,180,164,1,-1,-1,-1
87,28,1412,212,88,248,1,-1,-1,-1
87,29,1822,560,225,190,1,-1,-1,-1
87,31,461,776,126,155,1,-1,-1,-1
87,32,631,675,172,196,1,-1,-1,-1
87,33,1431,582,140,156,1,-1,-1,-1
87,34,1641,364,112,180,1,-1,-1,-1
88,4,1495,632,184,180,1,-1,-1,-1
88,16,882,698,200,188,1,-1,-1,-1
88,19,1162,670,228,180,1,-1,-1,-1
88,27,224,850,180,164,1,-1,-1,-1
88,28,1409,211,93,260,1,-1,-1,-1
88,29,1818,565,225,190,1,-1,-1,-1
88,31,459,779,126,155,1,-1,-1,-1
88,32,632,681,172,196,1,-1,-1,-1
88,34,1640,366,112,180,1,-1,-1,-1
89,4,1500,664,184,152,1,-1,-1,-1
89,16,900,708,216,180,1,-1,-1,-1
89,19,1176,680,200,160,1,-1,-1,-1
89,27,224,844,168,180,1,-1,-1,-1
89,28,1408,236,96,228,1,-1,-1,-1
89,29,1818,565,225,190,1,-1,-1,-1
89,31,464,760,124,184,1,-1,-1,-1
89,32,632,681,172,196,1,-1,-1,-1
89,34,1636,372,108,212,1,-1,-1,-1
89,35,816,628,88,196,1,-1,-1,-1
89,36,2184,164,112,180,1,-1,-1,-1
90,4,1501,668,184,152,1,-1,-1,-1
90,16,899,711,216,180,1,-1,-1,-1
90,19,1173,685,200,160,1,-1,-1,-1
90,27,221,848,168,180,1,-1,-1,-1
90,28,1406,239,96,228,1,-1,-1,-1
90,29,1821,576,214,181,1,-1,-1,-1
90,31,464,761,124,184,1,-1,-1,-1
90,32,635,689,172,196,1,-1,-1,-1
90,34,1635,375,108,212,1,-1,-1,-1
90,35,815,629,88,196,1,-1,-1,-1
90,36,2181,166,112,180,1,-1,-1,-1
91,4,1503,673,184,152,1,-1,-1,-1
91,16,897,714,216,180,1,-1,-1,-1
91,19,1172,691,200,160,1,-1,-1,-1
91,27,219,852,168,180,1,-1,-1,-1
91,28,1401,242,96,228,1,-1,-1,-1
91,29,1819,579,214,181,1,-1,-1,-1
91,31,462,764,124,184,1,-1,-1,-1
91,32,632,692,172,196,1,-1,-1,-1
91,34,1632,377,108,212,1,-1,-1,-1
91,35,812,633,88,196,1,-1,-1,-1
91,36,2177,172,112,180,1,-1,-1,-1
92,4,1505,674,184,152,1,-1,-1,-1
92,16,893,719,216,180,1,-1,-1,-1
92,19,1165,690,210,168,1,-1,-1,-1
92,27,215,854,168,180,1,-1,-1,-1
92,28,1398,242,96,228,1,-1,-1,-1
92,29,1817,582,214,181,1,-1,-1,-1
92,31,462,769,124,184,1,-1,-1,-1
92,32,630,694,172,196,1,-1,-1,-1
92,34,1628,378,108,212,1,-1,-1,-1
92,35,809,638,88,196,1,-1,-1,-1
92,36,2171,172,112,180,1,-1,-1,-1
93,4,1508,675,184,152,1,-1,-1,-1
93,16,892,722,216,180,1,-1,-1,-1
93,19,1168,697,200,160,1,-1,-1,-1
93,27,214,857,168,180,1,-1,-1,-1
93,28,1395,246,96,228,1,-1,-1,-1
93,29,1815,582,225,190,1,-1,-1,-1
93,31,460,772,124,184,1,-1,-1,-1
93,32,637,703,164,187,1,-1,-1,-1
93,34,1624,382,108,212,1,-1,-1,-1
93,35,807,640,88,196,1,-1,-1,-1
93,36,2168,175,112,180,1,-1,-1,-1
94,4,1512,676,184,152,1,-1,-1,-1
94,16,892,726,216,180,1,-1,-1,-1
94,19,1168,705,200,160,1,-1,-1,-1
94,27,213,859,168,180,1,-1,-1,-1
94,28,1397,256,91,217,1,-1,-1,-1
94,31,464,777,118,175,1,-1,-1,-1
94,34,1622,383,108,212,1,-1,-1,-1
94,35,807,645,88,196,1,-1,-1,-1
94,36,2167,179,112,180,1,-1,-1,-1
95,4,1519,679,184,152,1,-1,-1,-1
95,16,893,725,216,180,1,-1,-1,-1
95,19,1171,709,200,160,1,-1,-1,-1
95,27,212,863,168,180,1,-1,-1,-1
95,28,1396,260,91,217,1,-1,-1,-1
95,31,462,776,124,184,1,-1,-1,-1
95,34,1620,386,108,212,1,-1,-1,-1
95,35,806,648,88,196,1,-1,-1,-1
95,36,2164,182,112,180,1,-1,-1,-1
96,4,1516,677,193,160,1,-1,-1,-1
96,16,894,728,216,180,1,-1,-1,-1
96,19,1173,711,200,160,1,-1,-1,-1
96,27,209,864,168,180,1,-1,-1,-1
96,28,1394,260,91,217,1,-1,-1,-1
96,31,457,778,130,193,1,-1,-1,-1
96,34,1621,394,103,202,1,-1,-1,-1
96,35,806,652,88,196,1,-1,-1,-1
96,36,2163,184,112,180,1,-1,-1,-1
97,4,1516,644,276,192,1,-1,-1,-1
97,16,868,728,240,188,1,-1,-1,-1
97,19,1188,724,196,144,1,-1,-1,-1
97,27,212,864,148,180,1,-1,-1,-1
97,28,1380,268,96,224,1,-1,-1,-1
97,31,452,784,132,180,1,-1,-1,-1
97,34,1621,394,103,202,1,-1,-1,-1
97,35,806,652,88,196,1,-1,-1,-1
97,36,2163,184,112,180,1,-1,-1,-1
97,37,644,720,160,184,1,-1,-1,-1
97,38,1460,228,104,164,1,-1,-1,-1
98,4,1518,645,276,192,1,-1,-1,-1
98,16,868,729,240,188,1,-1,-1,-1
98,19,1188,725,196,144,1,-1,-1,-1
98,27,214,871,141,171,1,-1,-1,-1
98,28,1380,268,96,224,1,-1,-1,-1
98,31,452,788,132,180,1,-1,-1,-1
98,34,1618,398,103,202,1,-1,-1,-1
98,35,807,661,84,187,1,-1,-1,-1
98,36,2157,189,112,180,1,-1,-1,-1
98,37,643,721,160,184,1,-1,-1,-1
98,38,1459,229,104,164,1,-1,-1,-1
99,4,1517,646,276,192,1,-1,-1,-1
99,16,868,731,240,188,1,-1,-1,-1
99,19,1193,730,187,137,1,-1,-1,-1
99,27,213,874,141,171,1,-1,-1,-1
99,28,1378,270,96,224,1,-1,-1,-1
99,31,454,790,132,180,1,-1,-1,-1
99,34,1616,398,103,202,1,-1,-1,-1
99,35,807,668,80,178,1,-1,-1,-1
99,36,2153,190,112,180,1,-1,-1,-1
99,37,643,723,160,184,1,-1,-1,-1
99,38,1459,233,104,164,1,-1,-1,-1
100,4,1523,657,263,183,1,-1,-1,-1
100,16,868,733,240,188,1,-1,-1,-1
100,19,1190,727,196,144,1,-1,-1,-1
100,27,212,874,141,171,1,-1,-1,-1
100,28,1376,272,96,224,1,-1,-1,-1
100,31,453,787,139,189,1,-1,-1,-1
100,34,1615,400,103,202,1,-1,-1,-1
100,35,807,669,80,178,1,-1,-1,-1
100,36,2150,196,112,180,1,-1,-1,-1
100,37,644,724,160,184,1,-1,-1,-1
100,38,1458,233,104,164,1,-1,-1,-1
101,4,1523,657,263,183,1,-1,-1,-1
101,16,869,732,240,188,1,-1,-1,-1
101,19,1191,726,196,144,1,-1,-1,-1
101,27,212,875,141,171,1,-1,-1,-1
101,28,1375,275,96,224,1,-1,-1,-1
101,31,455,789,139,189,1,-1,-1,-1
101,34,1613,400,103,202,1,-1,-1,-1
101,35,805,671,80,178,1,-1,-1,-1
101,36,2150,196,112,180,1,-1,-1,-1
101,37,644,724,160,184,1,-1,-1,-1
101,38,1457,233,104,164,1,-1,-1,-1
102,4,1517,646,276,192,1,-1,-1,-1
102,16,878,731,229,179,1,-1,-1,-1
102,19,1193,722,196,144,1,-1,-1,-1
102,27,213,869,141,171,1,-1,-1,-1
102,28,1375,272,96,224,1,-1,-1,-1
102,31,456,784,139,189,1,-1,-1,-1
102,34,1612,396,103,202,1,-1,-1,-1
102,35,805,665,80,178,1,-1,-1,-1
102,36,2149,194,112,180,1,-1,-1,-1
102,37,646,717,160,184,1,-1,-1,-1
102,38,1458,228,104,164,1,-1,-1,-1
103,4,1515,639,276,192,1,-1,-1,-1
103,16,880,717,229,179,1,-1,-1,-1
103,19,1198,705,196,144,1,-1,-1,-1
103,27,214,855,141,171,1,-1,-1,-1
103,28,1376,252,96,224,1,-1,-1,-1
103,31,460,769,139,189,1,-1,-1,-1
103,34,1613,380,103,202,1,-1,-1,-1
103,35,806,650,80,178,1,-1,-1,-1
103,36,2147,181,112,180,1,-1,-1,-1
103,37,648,702,160,184,1,-1,-1,-1
103,38,1456,211,109,172,1,-1,-1,-1
104,4,1540,619,276,192,1,-1,-1,-1
104,16,900,698,229,179,1,-1,-1,-1
104,19,1216,682,196,144,1,-1,-1,-1
104,27,228,828,148,180,1,-1,-1,-1
104,28,1383,231,96,224,1,-1,-1,-1
104,31,476,745,139,189,1,-1,-1,-1
104,34,1617,354,108,212,1,-1,-1,-1
104,35,816,628,80,178,1,-1,-1,-1
104,37,666,684,152,175,1,-1,-1,-1
104,38,1468,190,109,172,1,-1,-1,-1
105,4,1576,580,256,196,1,-1,-1,-1
105,16,940,672,224,176,1,-1,-1,-1
105,19,1232,636,208,168,1,-1,-1,-1
105,27,240,816,144,168,1,-1,-1,-1
105,28,1404,204,92,228,1,-1,-1,-1
105,31,488,740,152,168,1,-1,-1,-1
105,34,1628,336,112,192,1,-1,-1,-1
105,35,816,628,80,178,1,-1,-1,-1
105,37,672,724,140,128,1,-1,-1,-1
105,38,1468,190,109,172,1,-1,-1,-1
105,39,2136,144,140,340,1,-1,-1,-1
106,4,1592,569,256,196,1,-1,-1,-1
106,16,957,657,224,176,1,-1,-1,-1
106,19,1247,623,208,168,1,-1,-1,-1
106,27,255,803,144,168,1,-1,-1,-1
106,28,1412,191,92,228,1,-1,-1,-1
106,31,503,726,152,168,1,-1,-1,-1
106,34,1641,320,112,192,1,-1,-1,-1
106,35,841,597,76,169,1,-1,-1,-1
106,37,687,710,140,128,1,-1,-1,-1
106,38,1496,157,109,172,1,-1,-1,-1
106,39,2149,139,140,340,1,-1,-1,-1
107,4,1617,557,244,187,1,-1,-1,-1
107,16,976,642,224,176,1,-1,-1,-1
107,19,1267,609,208,168,1,-1,-1,-1
107,27,274,788,144,168,1,-1,-1,-1
107,28,1430,172,92,228,1,-1,-1,-1
107,31,522,710,152,168,1,-1,-1,-1
107,34,1658,304,112,192,1,-1,-1,-1
107,35,860,579,76,169,1,-1,-1,-1
107,37,708,694,140,128,1,-1,-1,-1
107,38,1514,139,109,172,1,-1,-1,-1
107,39,2166,118,133,324,1,-1,-1,-1
108,4,1631,545,244,187,1,-1,-1,-1
108,16,987,629,235,185,1,-1,-1,-1
108,19,1284,602,208,168,1,-1,-1,-1
108,27,291,781,144,168,1,-1,-1,-1
108,28,1445,164,88,217,1,-1,-1,-1
108,31,537,698,152,168,1,-1,-1,-1
108,34,1674,292,112,192,1,-1,-1,-1
108,35,875,567,76,169,1,-1,-1,-1
108,37,725,681,140,128,1,-1,-1,-1
108,38,1530,126,109,172,1,-1,-1,-1
108,39,2179,111,133,324,1,-1,-1,-1
109,4,1642,537,244,187,1,-1,-1,-1
109,16,1000,620,235,185,1,-1,-1,-1
109,19,1295,597,208,168,1,-1,-1,-1
109,27,304,772,144,168,1,-1,-1,-1
109,28,1455,157,88,217,1,-1,-1,-1
109,31,548,690,152,168,1,-1,-1,-1
109,34,1681,280,118,202,1,-1,-1,-1
109,35,888,554,80,178,1,-1,-1,-1
109,37,740,671,140,128,1,-1,-1,-1
109,38,1544,118,109,172,1,-1,-1,-1
109,39,2188,104,133,324,1,-1,-1,-1
110,4,1651,529,244,187,1,-1,-1,-1
110,16,1009,609,235,185,1,-1,-1,-1
110,19,1304,584,208,168,1,-1,-1,-1
110,27,314,760,144,168,1,-1,-1,-1
110,31,558,679,152,168,1,-1,-1,-1
110,34,1686,269,118,202,1,-1,-1,-1
110,35,898,547,76,169,1,-1,-1,-1
110,37,749,660,140,128,1,-1,-1,-1
110,38,1558,113,109,172,1,-1,-1,-1
110,39,2190,86,140,340,1,-1,-1,-1
111,4,1650,515,256,196,1,-1,-1,-1
111,16,1015,600,235,185,1,-1,-1,-1
111,19,1317,581,198,160,1,-1,-1,-1
111,27,316,756,144,168,1,-1,-1,-1
111,31,563,672,152,168,1,-1,-1,-1
111,34,1691,261,118,202,1,-1,-1,-1
111,37,756,650,140,128,1,-1,-1,-1
111,38,1561,96,109,172,1,-1,-1,-1
111,39,2197,84,140,340,1,-1,-1,-1
112,4,1659,501,256,196,1,-1,-1,-1
112,16,1035,582,235,185,1,-1,-1,-1
112,19,1332,568,189,152,1,-1,-1,-1
112,27,330,742,144,168,1,-1,-1,-1
112,31,571,659,152,168,1,-1,-1,-1
112,34,1701,248,112,192,1,-1,-1,-1
112,37,766,637,140,128,1,-1,-1,-1
113,4,1660,500,296,192,1,-1,-1,-1
113,16,1036,604,244,156,1,-1,-1,-1
113,19,1328,604,212,112,1,-1,-1,-1
113,27,332,736,144,168,1,-1,-1,-1
113,31,556,648,200,172,1,-1,-1,-1
113,34,1700,252,112,212,1,-1,-1,-1
113,37,766,637,140,128,1,-1,-1,-1
113,40,1492,124,80,216,1,-1,-1,-1
113,41,1952,436,188,216,1,-1,-1,-1
114,4,1665,496,296,192,1,-1,-1,-1
114,16,1043,600,244,156,1,-1,-1,-1
114,19,1336,601,212,112,1,-1,-1,-1
114,27,337,733,144,168,1,-1,-1,-1
114,31,561,646,200,172,1,-1,-1,-1
114,34,1702,246,112,212,1,-1,-1,-1
114,37,770,634,140,128,1,-1,-1,-1
114,40,1494,120,80,216,1,-1,-1,-1
114,41,1954,432,188,216,1,-1,-1,-1
115,4,1671,489,296,192,1,-1,-1,-1
115,16,1047,588,244,156,1,-1,-1,-1
115,19,1347,589,223,118,1,-1,-1,-1
115,27,349,720,144,168,1,-1,-1,-1
115,31,568,636,200,172,1,-1,-1,-1
115,34,1704,236,112,212,1,-1,-1,-1
115,37,784,625,133,122,1,-1,-1,-1
115,40,1496,107,80,216,1,-1,-1,-1
115,41,1955,417,188,216,1,-1,-1,-1
116,4,1670,486,296,192,1,-1,-1,-1
116,16,1050,587,244,156,1,-1,-1,-1
116,19,1338,587,234,123,1,-1,-1,-1
116,27,349,720,144,168,1,-1,-1,-1
116,31,568,635,200,172,1,-1,-1,-1
116,34,1707,239,107,202,1,-1,-1,-1
116,37,782,625,133,122,1,-1,-1,-1
116,40,1499,107,80,216,1,-1,-1,-1
116,41,1961,422,179,206,1,-1,-1,-1
117,4,1674,478,296,192,1,-1,-1,-1
117,16,1052,584,244,156,1,-1,-1,-1
117,19,1345,582,234,123,1,-1,-1,-1
117,27,351,716,144,168,1,-1,-1,-1
117,31,570,631,200,172,1,-1,-1,-1
117,34,1705,232,112,212,1,-1,-1,-1
117,37,785,624,133,122,1,-1,-1,-1
117,40,1497,97,84,227,1,-1,-1,-1
117,41,1960,417,179,206,1,-1,-1,-1
118,4,1680,483,296,192,1,-1,-1,-1
118,16,1066,583,244,156,1,-1,-1,-1
118,19,1368,583,234,123,1,-1,-1,-1
118,27,362,717,144,168,1,-1,-1,-1
118,31,575,632,200,172,1,-1,-1,-1
118,34,1707,234,112,212,1,-1,-1,-1
118,37,797,629,133,122,1,-1,-1,-1
118,40,1498,100,84,227,1,-1,-1,-1
118,41,1966,423,179,206,1,-1,-1,-1
119,4,1689,491,282,183,1,-1,-1,-1
119,16,1064,583,244,156,1,-1,-1,-1
119,19,1374,584,223,118,1,-1,-1,-1
119,27,362,718,144,168,1,-1,-1,-1
119,31,576,632,200,172,1,-1,-1,-1
119,34,1709,234,112,212,1,-1,-1,-1
119,37,799,632,127,116,1,-1,-1,-1
119,40,1500,100,84,227,1,-1,-1,-1
119,41,1968,424,179,206,1,-1,-1,-1
120,4,1698,513,268,174,1,-1,-1,-1
120,16,1072,609,232,149,1,-1,-1,-1
120,19,1373,606,223,118,1,-1,-1,-1
120,27,369,742,144,168,1,-1,-1,-1
120,31,580,657,200,172,1,-1,-1,-1
120,34,1712,256,112,212,1,-1,-1,-1
120,37,807,652,127,116,1,-1,-1,-1
120,41,1968,446,179,206,1,-1,-1,-1
121,4,1698,513,268,174,1,-1,-1,-1
121,16,1072,609,232,149,1,-1,-1,-1
121,19,1373,606,223,118,1,-1,-1,-1
121,27,369,742,144,168,1,-1,-1,-1
121,31,580,657,200,172,1,-1,-1,-1
121,34,1712,256,112,212,1,-1,-1,-1
121,37,807,652,127,116,1,-1,-1,-1
121,41,1968,446,179,206,1,-1,-1,-1
121,42,640,764,188,172,1,-1,-1,-1
121,43,1420,696,240,136,1,-1,-1,-1
121,44,1128,688,228,196,1,-1,-1,-1
121,45,412,840,136,180,1,-1,-1,-1
121,46,1536,212,96,240,1,-1,-1,-1
121,47,1716,584,284,220,1,-1,-1,-1
121,48,1988,608,132,160,1,-1,-1,-1
121,49,1672,164,96,176,1,-1,-1,-1
122,4,1643,515,256,166,1,-1,-1,-1
122,16,1010,597,232,149,1,-1,-1,-1
122,19,1430,602,223,118,1,-1,-1,-1
122,27,410,839,144,168,1,-1,-1,-1
122,31,616,736,210,181,1,-1,-1,-1
122,34,1746,351,118,223,1,-1,-1,-1
122,37,790,636,127,116,1,-1,-1,-1
122,41,2004,543,179,206,1,-1,-1,-1
122,42,640,764,188,172,1,-1,-1,-1
122,43,1420,696,240,136,1,-1,-1,-1
122,44,1128,688,228,196,1,-1,-1,-1
122,45,412,840,136,180,1,-1,-1,-1
122,46,1536,212,96,240,1,-1,-1,-1
122,47,1716,584,284,220,1,-1,-1,-1
122,48,1988,608,132,160,1,-1,-1,-1
122,49,1672,164,96,176,1,-1,-1,-1
123,4,1643,531,244,158,1,-1,-1,-1
123,16,1010,618,232,149,1,-1,-1,-1
123,19,1419,597,223,118,1,-1,-1,-1
123,27,429,881,144,168,1,-1,-1,-1
123,31,632,787,210,181,1,-1,-1,-1
123,34,1759,395,118,223,1,-1,-1,-1
123,37,748,648,127,116,1,-1,-1,-1
123,41,2017,582,188,216,1,-1,-1,-1
123,42,659,804,179,164,1,-1,-1,-1
123,43,1442,733,240,136,1,-1,-1,-1
123,44,1145,726,228,196,1,-1,-1,-1
123,45,429,879,136,180,1,-1,-1,-1
123,46,1551,259,96,240,1,-1,-1,-1
123,47,1732,623,284,220,1,-1,-1,-1
123,48,2003,645,132,160,1,-1,-1,-1
123,49,1689,203,96,176,1,-1,-1,-1
124,16,1031,646,232,149,1,-1,-1,-1
124,27,448,928,144,168,1,-1,-1,-1
124,31,648,834,210,181,1,-1,-1,-1
124,34,1773,446,118,223,1,-1,-1,-1
124,37,757,673,133,122,1,-1,-1,-1
124,41,2033,627,197,227,1,-1,-1,-1
124,42,678,855,171,156,1,-1,-1,-1
124,43,1461,778,240,136,1,-1,-1,-1
124,44,1162,776,228,196,1,-1,-1,-1
124,45,446,927,136,180,1,-1,-1,-1
124,46,1559,306,96,240,1,-1,-1,-1
124,47,1746,674,284,220,1,-1,-1,-1
124,48,2019,696,132,160,1,-1,-1,-1
124,49,1706,256,96,176,1,-1,-1,-1
125,16,1023,666,232,149,1,-1,-1,-1
125,27,449,931,144,168,1,-1,-1,-1
125,31,646,839,210,181,1,-1,-1,-1
125,34,1771,447,118,223,1,-1,-1,-1
125,37,759,684,133,122,1,-1,-1,-1
125,42,679,857,171,156,1,-1,-1,-1
125,43,1461,783,240,136,1,-1,-1,-1
125,44,1164,777,228,196,1,-1,-1,-1
125,45,447,930,136,180,1,-1,-1,-1
125,46,1563,305,96,240,1,-1,-1,-1
125,47,1749,677,284,220,1,-1,-1,-1
125,48,2019,698,132,160,1,-1,-1,-1
125,49,1707,256,96,176,1,-1,-1,-1
126,16,1032,664,221,141,1,-1,-1,-1
126,27,453,938,144,168,1,-1,-1,-1
126,31,650,846,210,181,1,-1,-1,-1
126,34,1771,459,118,223,1,-1,-1,-1
126,37,762,692,133,122,1,-1,-1,-1
126,42,683,868,171,156,1,-1,-1,-1
126,43,1470,788,240,136,1,-1,-1,-1
126,44,1168,786,228,196,1,-1,-1,-1
126,45,452,937,136,180,1,-1,-1,-1
126,46,1567,311,96,240,1,-1,-1,-1
126,47,1758,688,270,210,1,-1,-1,-1
126,48,2023,706,132,160,1,-1,-1,-1
126,49,1711,268,96,176,1,-1,-1,-1
127,27,462,936,144,168,1,-1,-1,-1
127,31,660,843,210,181,1,-1,-1,-1
127,34,1776,460,118,223,1,-1,-1,-1
127,42,695,862,171,156,1,-1,-1,-1
127,43,1490,786,240,136,1,-1,-1,-1
127,44,1179,785,228,196,1,-1,-1,-1
127,45,462,936,136,180,1,-1,-1,-1
127,46,1571,311,96,240,1,-1,-1,-1
127,47,1778,696,258,200,1,-1,-1,-1
127,48,2032,703,132,160,1,-1,-1,-1
127,49,1718,267,96,176,1,-1,-1,-1
128,27,463,936,144,168,1,-1,-1,-1
128,31,662,844,210,181,1,-1,-1,-1
128,42,695,860,171,156,1,-1,-1,-1
128,43,1489,785,240,136,1,-1,-1,-1
128,44,1180,785,228,196,1,-1,-1,-1
128,45,462,936,136,180,1,-1,-1,-1
128,46,1571,314,96,240,1,-1,-1,-1
128,47,1782,700,245,190,1,-1,-1,-1
128,48,2033,702,132,160,1,-1,-1,-1
128,49,1721,271,91,168,1,-1,-1,-1
129,27,463,936,144,168,1,-1,-1,-1
129,31,662,844,210,181,1,-1,-1,-1
129,42,688,852,176,180,1,-1,-1,-1
129,43,1512,764,228,152,1,-1,-1,-1
129,44,1192,772,240,200,1,-1,-1,-1
129,45,468,928,128,180,1,-1,-1,-1
129,46,1588,320,84,208,1,-1,-1,-1
129,47,1776,708,260,184,1,-1,-1,-1
129,48,2048,688,112,168,1,-1,-1,-1
129,49,1721,271,91,168,1,-1,-1,-1
129,50,1068,772,68,148,1,-1,-1,-1
129,51,900,748,160,224,1,-1,-1,-1
129,52,1776,0,156,136,1,-1,-1,-1
130,27,480,916,144,168,1,-1,-1,-1
130,31,686,826,210,181,1,-1,-1,-1
130,42,705,836,176,180,1,-1,-1,-1
130,43,1527,748,228,152,1,-1,-1,-1
130,44,1204,757,240,200,1,-1,-1,-1
130,45,479,911,128,180,1,-1,-1,-1
130,46,1590,295,88,218,1,-1,-1,-1
130,47,1796,687,260,184,1,-1,-1,-1
130,48,2062,671,112,168,1,-1,-1,-1
130,49,1737,251,91,168,1,-1,-1,-1
130,50,1082,755,68,148,1,-1,-1,-1
130,51,913,730,160,224,1,-1,-1,-1
130,52,1789,0,156,122,1,-1,-1,-1
131,27,482,914,144,168,1,-1,-1,-1
131,31,687,825,210,181,1,-1,-1,-1
131,42,705,835,176,180,1,-1,-1,-1
131,43,1526,746,228,152,1,-1,-1,-1
131,44,1208,757,240,200,1,-1,-1,-1
131,45,480,913,128,180,1,-1,-1,-1
131,46,1591,295,88,218,1,-1,-1,-1
131,47,1785,682,273,193,1,-1,-1,-1
131,48,2063,672,112,168,1,-1,-1,-1
131,49,1741,249,91,168,1,-1,-1,-1
131,50,1084,758,65,141,1,-1,-1,-1
131,51,915,730,160,224,1,-1,-1,-1
131,52,1789,0,156,122,1,-1,-1,-1
132,27,485,907,144,168,1,-1,-1,-1
132,31,692,820,210,181,1,-1,-1,-1
132,42,713,830,176,180,1,-1,-1,-1
132,43,1532,739,228,152,1,-1,-1,-1
132,44,1211,748,240,200,1,-1,-1,-1
132,45,479,902,134,189,1,-1,-1,-1
132,46,1597,286,88,218,1,-1,-1,-1
132,47,1799,680,260,184,1,-1,-1,-1
132,48,2068,662,112,168,1,-1,-1,-1
132,49,1748,242,91,168,1,-1,-1,-1
132,50,1089,746,65,141,1,-1,-1,-1
132,51,920,720,160,224,1,-1,-1,-1
132,52,1796,0,149,113,1,-1,-1,-1
133,27,493,866,137,160,1,-1,-1,-1
133,31,712,778,200,172,1,-1,-1,-1
133,42,727,788,176,180,1,-1,-1,-1
133,43,1545,697,228,152,1,-1,-1,-1
133,44,1232,709,229,190,1,-1,-1,-1
133,45,486,855,134,189,1,-1,-1,-1
133,46,1601,242,88,218,1,-1,-1,-1
133,47,1808,640,260,184,1,-1,-1,-1
133,48,2079,620,107,160,1,-1,-1,-1
133,49,1752,201,91,168,1,-1,-1,-1
133,50,1099,698,68,148,1,-1,-1,-1
133,51,930,675,160,224,1,-1,-1,-1
133,52,1806,0,149,77,1,-1,-1,-1
134,27,496,863,137,160,1,-1,-1,-1
134,31,714,779,190,164,1,-1,-1,-1
134,42,727,787,176,180,1,-1,-1,-1
134,43,1542,694,228,152,1,-1,-1,-1
134,44,1226,703,240,200,1,-1,-1,-1
134,45,487,854,134,189,1,-1,-1,-1
134,46,1602,241,88,218,1,-1,-1,-1
134,47,1808,635,260,184,1,-1,-1,-1
134,48,2079,617,107,160,1,-1,-1,-1
134,49,1759,197,91,168,1,-1,-1,-1
134,50,1100,697,68,148,1,-1,-1,-1
134,51,932,673,160,224,1,-1,-1,-1
134,52,1805,0,149,76,1,-1,-1,-1
135,27,501,839,137,160,1,-1,-1,-1
135,31,722,756,190,164,1,-1,-1,-1
135,42,733,763,176,180,1,-1,-1,-1
135,43,1549,669,228,152,1,-1,-1,-1
135,44,1233,678,240,200,1,-1,-1,-1
135,45,493,836,128,180,1,-1,-1,-1
135,46,1606,214,88,218,1,-1,-1,-1
135,47,1807,603,273,193,1,-1,-1,-1
135,48,2088,599,102,152,1,-1,-1,-1
135,49,1762,171,91,168,1,-1,-1,-1
135,50,1103,670,68,148,1,-1,-1,-1
135,51,933,640,168,235,1,-1,-1,-1
135,52,1811,0,149,43,1,-1,-1,-1
136,27,508,819,137,160,1,-1,-1,-1
136,31,736,740,190,164,1,-1,-1,-1
136,42,747,745,176,180,1,-1,-1,-1
136,43,1561,650,228,152,1,-1,-1,-1
136,44,1243,657,240,200,1,-1,-1,-1
136,45,504,820,122,171,1,-1,-1,-1
136,46,1613,193,88,218,1,-1,-1,-1
136,47,1814,583,273,193,1,-1,-1,-1
136,48,2097,581,102,152,1,-1,-1,-1
136,50,1116,653,68,148,1,-1,-1,-1
136,51,944,628,160,224,1,-1,-1,-1
136,52,1816,0,149,23,1,-1,-1,-1
137,27,508,819,137,160,1,-1,-1,-1
137,31,736,740,190,164,1,-1,-1,-1
137,42,748,752,168,156,1,-1,-1,-1
137,43,1568,612,224,188,1,-1,-1,-1
137,44,1252,676,240,176,1,-1,-1,-1
137,45,504,828,136,160,1,-1,-1,-1
137,46,1620,180,80,228,1,-1,-1,-1
137,47,1814,583,273,193,1,-1,-1,-1
137,48,2097,581,102,152,1,-1,-1,-1
137,50,1116,653,68,148,1,-1,-1,-1
137,51,944,720,152,128,1,-1,-1,-1
137,52,1816,0,149,23,1,-1,-1,-1
137,53,2152,444,148,284,1,-1,-1,-1
137,54,2308,424,124,200,1,-1,-1,-1
137,55,1932,560,260,180,1,-1,-1,-1
137,56,1120,608,96,176,1,-1,-1,-1
137,57,1740,316,180,204,1,-1,-1,-1
137,58,1584,444,96,204,1,-1,-1,-1
138,27,514,818,137,160,1,-1,-1,-1
138,31,740,737,190,164,1,-1,-1,-1
138,42,753,750,168,156,1,-1,-1,-1
138,43,1577,613,213,179,1,-1,-1,-1
138,44,1256,674,240,176,1,-1,-1,-1
138,45,507,826,136,160,1,-1,-1,-1
138,46,1622,178,80,228,1,-1,-1,-1
138,47,1822,583,273,193,1,-1,-1,-1
138,48,2103,578,102,152,1,-1,-1,-1
138,50,1118,650,68,148,1,-1,-1,-1
138,51,948,717,152,128,1,-1,-1,-1
138,52,1814,0,156,14,1,-1,-1,-1
138,53,2158,449,141,270,1,-1,-1,-1
138,54,2310,419,124,200,1,-1,-1,-1
138,55,1936,557,260,180,1,-1,-1,-1
138,56,1121,606,96,176,1,-1,-1,-1
138,57,1742,314,180,204,1,-1,-1,-1
138,58,1586,441,96,204,1,-1,-1,-1
139,27,517,816,137,160,1,-1,-1,-1
139,31,745,736,190,164,1,-1,-1,-1
139,42,757,748,168,156,1,-1,-1,-1
139,43,1578,609,213,179,1,-1,-1,-1
139,44,1257,671,240,176,1,-1,-1,-1
139,45,510,826,136,160,1,-1,-1,-1
139,48,2103,574,102,152,1,-1,-1,-1
139,50,1120,652,65,141,1,-1,-1,-1
139,51,951,715,152,128,1,-1,-1,-1
139,52,1817,0,156,11,1,-1,-1,-1
139,53,2159,439,148,284,1,-1,-1,-1
139,54,2311,414,124,200,1,-1,-1,-1
139,55,1938,556,260,180,1,-1,-1,-1
139,56,1121,604,96,176,1,-1,-1,-1
139,57,1742,309,180,204,1,-1,-1,-1
139,58,1586,438,96,204,1,-1,-1,-1
140,27,510,814,137,160,1,-1,-1,-1
140,31,740,731,190,164,1,-1,-1,-1
140,42,752,744,168,156,1,-1,-1,-1
140,43,1572,605,213,179,1,-1,-1,-1
140,44,1251,666,240,176,1,-1,-1,-1
140,45,503,824,136,160,1,-1,-1,-1
140,48,2093,569,102,152,1,-1,-1,-1
140,50,1109,647,65,141,1,-1,-1,-1
140,51,945,712,152,128,1,-1,-1,-1
140,53,2158,435,148,284,1,-1,-1,-1
140,54,2304,413,124,200,1,-1,-1,-1
140,55,1934,549,260,180,1,-1,-1,-1
140,56,1109,600,96,176,1,-1,-1,-1
140,57,1736,304,180,204,1,-1,-1,-1
140,58,1581,432,96,204,1,-1,-1,-1
141,27,510,814,137,160,1,-1,-1,-1
141,31,740,731,190,164,1,-1,-1,-1
141,42,751,743,168,156,1,-1,-1,-1
141,43,1571,605,213,179,1,-1,-1,-1
141,44,1251,665,240,176,1,-1,-1,-1
141,45,503,823,136,160,1,-1,-1,-1
141,48,2090,564,107,160,1,-1,-1,-1
141,50,1107,642,68,148,1,-1,-1,-1
141,51,948,714,145,122,1,-1,-1,-1
141,53,2156,434,148,284,1,-1,-1,-1
141,54,2303,413,124,200,1,-1,-1,-1
141,55,1930,549,260,180,1,-1,-1,-1
141,56,1110,598,96,176,1,-1,-1,-1
141,57,1735,303,180,204,1,-1,-1,-1
141,58,1579,431,96,204,1,-1,-1,-1
142,27,499,796,137,160,1,-1,-1,-1
142,31,730,720,190,164,1,-1,-1,-1
142,42,744,732,168,156,1,-1,-1,-1
142,43,1557,592,213,179,1,-1,-1,-1
142,44,1240,654,240,176,1,-1,-1,-1
142,45,493,807,136,160,1,-1,-1,-1
142,48,2080,552,107,160,1,-1,-1,-1
142,50,1094,630,68,148,1,-1,-1,-1
142,51,940,702,145,122,1,-1,-1,-1
142,53,2151,412,148,284,1,-1,-1,-1
142,54,2290,401,124,200,1,-1,-1,-1
142,55,1912,533,273,189,1,-1,-1,-1
142,56,1094,583,96,176,1,-1,-1,-1
142,57,1719,289,180,204,1,-1,-1,-1
142,58,1562,421,96,204,1,-1,-1,-1
143,27,500,796,137,160,1,-1,-1,-1
143,31,731,718,190,164,1,-1,-1,-1
143,42,745,733,168,156,1,-1,-1,-1
143,43,1553,586,224,188,1,-1,-1,-1
143,44,1241,652,240,176,1,-1,-1,-1
143,45,497,808,130,152,1,-1,-1,-1
143,48,2079,551,107,160,1,-1,-1,-1
143,50,1089,627,68,148,1,-1,-1,-1
143,51,941,700,145,122,1,-1,-1,-1
143,53,2149,408,148,284,1,-1,-1,-1
143,54,2290,399,124,200,1,-1,-1,-1
143,55,1902,519,287,198,1,-1,-1,-1
143,56,1093,583,96,176,1,-1,-1,-1
143,57,1714,287,180,204,1,-1,-1,-1
143,58,1562,418,96,204,1,-1,-1,-1
144,27,500,794,137,160,1,-1,-1,-1
144,31,732,719,190,164,1,-1,-1,-1
144,42,744,729,168,156,1,-1,-1,-1
144,43,1548,581,235,197,1,-1,-1,-1
144,44,1241,649,240,176,1,-1,-1,-1
144,45,500,811,123,145,1,-1,-1,-1
144,48,2080,552,107,160,1,-1,-1,-1
144,50,1089,628,68,148,1,-1,-1,-1
144,51,940,699,145,122,1,-1,-1,-1
144,53,2150,410,148,284,1,-1,-1,-1
144,54,2289,399,124,200,1,-1,-1,-1
144,55,1908,522,287,198,1,-1,-1,-1
144,56,1092,582,96,176,1,-1,-1,-1
144,57,1714,286,180,204,1,-1,-1,-1
144,58,1560,413,101,214,1,-1,-1,-1
145,27,492,788,136,176,1,-1,-1,-1
145,31,732,719,190,164,1,-1,-1,-1
145,42,744,708,168,164,1,-1,-1,-1
145,43,1568,576,212,200,1,-1,-1,-1
145,44,1252,632,224,196,1,-1,-1,-1
145,45,500,811,123,145,1,-1,-1,-1
145,48,2076,540,148,168,1,-1,-1,-1
145,50,1089,628,68,148,1,-1,-1,-1
145,51,948,656,156,168,1,-1,-1,-1
145,53,2150,410,148,284,1,-1,-1,-1
145,54,2308,372,96,220,1,-1,-1,-1
145,55,1908,522,287,198,1,-1,-1,-1
145,56,1092,582,96,176,1,-1,-1,-1
145,57,1714,286,180,204,1,-1,-1,-1
145,58,1544,400,112,232,1,-1,-1,-1
145,59,1184,528,140,212,1,-1,-1,-1
145,60,1804,472,348,280,1,-1,-1,-1
145,61,1580,168,92,192,1,-1,-1,-1
146,27,490,785,136,176,1,-1,-1,-1
146,31,725,713,190,164,1,-1,-1,-1
146,42,739,705,168,164,1,-1,-1,-1
146,43,1565,574,212,200,1,-1,-1,-1
146,44,1250,629,224,196,1,-1,-1,-1
146,45,500,806,123,145,1,-1,-1,-1
146,48,2075,537,148,168,1,-1,-1,-1
146,50,1074,622,71,155,1,-1,-1,-1
146,51,946,654,156,168,1,-1,-1,-1
146,53,2147,406,148,284,1,-1,-1,-1
146,54,2306,366,96,220,1,-1,-1,-1
146,55,1911,521,273,189,1,-1,-1,-1
146,56,1084,572,96,176,1,-1,-1,-1
146,57,1705,283,180,204,1,-1,-1,-1
146,58,1541,397,112,232,1,-1,-1,-1
146,59,1179,526,140,212,1,-1,-1,-1
146,60,1805,469,348,280,1,-1,-1,-1
146,61,1578,168,92,192,1,-1,-1,-1
147,27,489,786,136,176,1,-1,-1,-1
147,31,724,713,190,164,1,-1,-1,-1
147,42,738,706,168,164,1,-1,-1,-1
147,43,1565,574,212,200,1,-1,-1,-1
147,44,1250,629,224,196,1,-1,-1,-1
147,45,499,805,123,145,1,-1,-1,-1
147,48,2075,537,148,168,1,-1,-1,-1
147,50,1072,621,71,155,1,-1,-1,-1
147,51,945,654,156,168,1,-1,-1,-1
147,53,2147,403,148,284,1,-1,-1,-1
147,54,2304,365,96,220,1,-1,-1,-1
147,56,1082,569,101,185,1,-1,-1,-1
147,57,1707,281,180,204,1,-1,-1,-1
147,58,1540,397,112,232,1,-1,-1,-1
147,59,1179,525,140,212,1,-1,-1,-1
147,60,1806,468,348,280,1,-1,-1,-1
147,61,1576,166,92,192,1,-1,-1,-1
148,27,478,783,136,176,1,-1,-1,-1
148,31,707,707,190,164,1,-1,-1,-1
148,42,723,702,168,164,1,-1,-1,-1
148,43,1553,570,212,200,1,-1,-1,-1
148,44,1237,627,224,196,1,-1,-1,-1
148,45,488,802,123,145,1,-1,-1,-1
148,48,2063,535,148,168,1,-1,-1,-1
148,50,1058,616,71,155,1,-1,-1,-1
148,51,932,648,156,168,1,-1,-1,-1
148,53,2146,410,141,270,1,-1,-1,-1
148,54,2294,367,91,210,1,-1,-1,-1
148,56,1065,565,101,185,1,-1,-1,-1
148,57,1687,277,180,204,1,-1,-1,-1
148,58,1525,393,112,232,1,-1,-1,-1
148,59,1168,525,133,202,1,-1,-1,-1
148,60,1782,461,365,294,1,-1,-1,-1
148,61,1560,161,92,192,1,-1,-1,-1
149,27,477,779,136,176,1,-1,-1,-1
149,31,705,703,190,164,1,-1,-1,-1
149,42,720,698,168,164,1,-1,-1,-1
149,43,1549,567,212,200,1,-1,-1,-1
149,44,1238,627,224,196,1,-1,-1,-1
149,45,487,801,123,145,1,-1,-1,-1
149,48,2062,530,148,168,1,-1,-1,-1
149,51,929,647,156,168,1,-1,-1,-1
149,54,2291,360,91,210,1,-1,-1,-1
149,57,1683,275,180,204,1,-1,-1,-1
149,58,1521,389,112,232,1,-1,-1,-1
149,59,1162,524,133,202,1,-1,-1,-1
149,60,1785,466,348,280,1,-1,-1,-1
149,61,1556,158,92,192,1,-1,-1,-1
150,27,477,779,136,176,1,-1,-1,-1
150,31,705,702,190,164,1,-1,-1,-1
150,42,719,699,168,164,1,-1,-1,-1
150,43,1548,565,212,200,1,-1,-1,-1
150,44,1236,626,224,196,1,-1,-1,-1
150,45,488,800,123,145,1,-1,-1,-1
150,48,2063,530,148,168,1,-1,-1,-1
150,51,927,647,156,168,1,-1,-1,-1
150,54,2287,354,96,220,1,-1,-1,-1
150,57,1679,274,180,204,1,-1,-1,-1
150,58,1520,389,112,232,1,-1,-1,-1
150,59,1159,523,133,202,1,-1,-1,-1
150,60,1785,467,348,280,1,-1,-1,-1
150,61,1553,158,92,192,1,-1,-1,-1
151,27,477,779,136,176,1,-1,-1,-1
151,31,702,701,190,164,1,-1,-1,-1
151,42,717,694,168,164,1,-1,-1,-1
151,43,1545,563,212,200,1,-1,-1,-1
151,44,1232,628,224,196,1,-1,-1,-1
151,45,488,799,123,145,1,-1,-1,-1
151,48,2061,526,148,168,1,-1,-1,-1
151,51,924,643,156,168,1,-1,-1,-1
151,54,2286,349,96,220,1,-1,-1,-1
151,57,1671,272,180,204,1,-1,-1,-1
151,58,1519,393,107,221,1,-1,-1,-1
151,59,1149,520,140,212,1,-1,-1,-1
151,60,1781,464,348,280,1,-1,-1,-1
151,61,1547,156,92,192,1,-1,-1,-1
152,27,477,777,136,176,1,-1,-1,-1
152,31,701,696,190,164,1,-1,-1,-1
152,42,716,690,168,164,1,-1,-1,-1
152,43,1545,561,212,200,1,-1,-1,-1
152,44,1230,626,224,196,1,-1,-1,-1
152,45,488,799,123,145,1,-1,-1,-1
152,48,2060,522,148,168,1,-1,-1,-1
152,51,922,639,156,168,1,-1,-1,-1
152,54,2283,349,96,220,1,-1,-1,-1
152,57,1670,275,180,204,1,-1,-1,-1
152,58,1512,384,112,232,1,-1,-1,-1
152,59,1144,518,140,212,1,-1,-1,-1
152,60,1776,461,348,280,1,-1,-1,-1
152,61,1543,155,92,192,1,-1,-1,-1
153,27,476,764,144,184,1,-1,-1,-1
153,31,701,696,190,164,1,-1,-1,-1
153,42,720,688,160,176,1,-1,-1,-1
153,43,1548,548,188,216,1,-1,-1,-1
153,44,1232,632,212,188,1,-1,-1,-1
153,45,488,799,123,145,1,-1,-1,-1
153,48,2060,522,148,168,1,-1,-1,-1
153,51,916,676,132,132,1,-1,-1,-1
153,54,2283,349,96,220,1,-1,-1,-1
153,57,1684,276,148,152,1,-1,-1,-1
153,58,1512,384,112,232,1,-1,-1,-1
153,59,1144,524,176,192,1,-1,-1,-1
153,60,1788,512,284,228,1,-1,-1,-1
153,61,1536,136,100,204,1,-1,-1,-1
154,27,472,762,144,184,1,-1,-1,-1
154,31,699,691,190,164,1,-1,-1,-1
154,42,716,684,160,176,1,-1,-1,-1
154,43,1541,548,188,216,1,-1,-1,-1
154,44,1227,632,212,188,1,-1,-1,-1
154,45,482,797,123,145,1,-1,-1,-1
154,48,2057,516,148,168,1,-1,-1,-1
154,51,906,670,132,132,1,-1,-1,-1
154,54,2279,349,96,220,1,-1,-1,-1
154,57,1669,274,148,152,1,-1,-1,-1
154,58,1504,382,112,232,1,-1,-1,-1
154,59,1132,522,176,192,1,-1,-1,-1
154,60,1783,509,284,228,1,-1,-1,-1
154,61,1526,133,100,204,1,-1,-1,-1
155,27,468,760,144,184,1,-1,-1,-1
155,31,692,691,190,164,1,-1,-1,-1
155,42,711,684,160,176,1,-1,-1,-1
155,43,1534,544,188,216,1,-1,-1,-1
155,44,1223,632,212,188,1,-1,-1,-1
155,45,475,797,123,145,1,-1,-1,-1
155,48,2050,512,155,176,1,-1,-1,-1
155,51,900,668,132,132,1,-1,-1,-1
155,57,1659,272,148,152,1,-1,-1,-1
155,58,1497,386,107,221,1,-1,-1,-1
155,59,1123,520,176,192,1,-1,-1,-1
155,60,1776,508,284,228,1,-1,-1,-1
155,61,1517,130,100,204,1,-1,-1,-1
156,27,467,760,144,184,1,-1,-1,-1
156,31,692,690,190,164,1,-1,-1,-1
156,42,709,682,160,176,1,-1,-1,-1
156,43,1533,544,188,216,1,-1,-1,-1
156,44,1221,631,212,188,1,-1,-1,-1
156,45,475,799,123,145,1,-1,-1,-1
156,48,2051,512,155,176,1,-1,-1,-1
156,51,901,668,132,132,1,-1,-1,-1
156,57,1659,272,148,152,1,-1,-1,-1
156,58,1495,385,107,221,1,-1,-1,-1
156,59,1123,521,176,192,1,-1,-1,-1
156,60,1776,509,284,228,1,-1,-1,-1
156,61,1515,132,100,204,1,-1,-1,-1
157,27,460,757,144,184,1,-1,-1,-1
157,31,687,687,190,164,1,-1,-1,-1
157,42,705,680,160,176,1,-1,-1,-1
157,43,1523,542,188,216,1,-1,-1,-1
157,44,1216,630,212,188,1,-1,-1,-1
157,45,468,797,123,145,1,-1,-1,-1
157,48,2047,501,155,176,1,-1,-1,-1
157,51,890,664,132,132,1,-1,-1,-1
157,57,1643,270,148,152,1,-1,-1,-1
157,58,1487,384,107,221,1,-1,-1,-1
157,59,1109,521,176,192,1,-1,-1,-1
157,60,1769,506,284,228,1,-1,-1,-1
157,61,1501,131,100,204,1,-1,-1,-1
158,27,460,757,144,184,1,-1,-1,-1
158,31,686,685,190,164,1,-1,-1,-1
158,42,704,679,160,176,1,-1,-1,-1
158,43,1520,542,188,216,1,-1,-1,-1
158,44,1218,627,212,188,1,-1,-1,-1
158,45,466,797,123,145,1,-1,-1,-1
158,48,2048,504,148,168,1,-1,-1,-1
158,51,891,667,126,126,1,-1,-1,-1
158,57,1636,269,148,152,1,-1,-1,-1
158,58,1479,379,112,232,1,-1,-1,-1
158,59,1100,516,185,202,1,-1,-1,-1
158,60,1767,504,284,228,1,-1,-1,-1
158,61,1498,129,100,204,1,-1,-1,-1
159,27,460,758,144,184,1,-1,-1,-1
159,31,682,682,200,172,1,-1,-1,-1
159,42,704,679,160,176,1,-1,-1,-1
159,43,1520,541,188,216,1,-1,-1,-1
159,44,1218,626,212,188,1,-1,-1,-1
159,45,465,798,123,145,1,-1,-1,-1
159,51,891,667,126,126,1,-1,-1,-1
159,57,1636,268,148,152,1,-1,-1,-1
159,58,1477,377,112,232,1,-1,-1,-1
159,59,1104,523,176,192,1,-1,-1,-1
159,60,1765,503,284,228,1,-1,-1,-1
159,61,1495,129,100,204,1,-1,-1,-1
160,27,458,758,144,184,1,-1,-1,-1
160,31,681,686,200,172,1,-1,-1,-1
160,42,703,679,160,176,1,-1,-1,-1
160,43,1518,547,179,206,1,-1,-1,-1
160,44,1217,625,212,188,1,-1,-1,-1
160,45,463,796,123,145,1,-1,-1,-1
160,51,883,667,126,126,1,-1,-1,-1
160,57,1624,266,148,152,1,-1,-1,-1
160,59,1088,524,176,192,1,-1,-1,-1
160,60,1759,498,284,228,1,-1,-1,-1
160,61,1489,127,100,204,1,-1,-1,-1
161,27,448,744,180,196,1,-1,-1,-1
161,31,681,686,200,172,1,-1,-1,-1
161,42,700,668,152,184,1,-1,-1,-1
161,43,1520,592,144,156,1,-1,-1,-1
161,44,1220,628,196,180,1,-1,-1,-1
161,45,463,796,123,145,1,-1,-1,-1
161,51,883,667,126,126,1,-1,-1,-1
161,57,1612,264,148,164,1,-1,-1,-1
161,59,1088,524,176,192,1,-1,-1,-1
161,60,1772,532,268,196,1,-1,-1,-1
161,61,1460,132,116,156,1,-1,-1,-1
162,27,448,744,180,196,1,-1,-1,-1
162,31,680,682,200,172,1,-1,-1,-1
162,42,700,668,152,184,1,-1,-1,-1
162,43,1520,592,144,156,1,-1,-1,-1
162,44,1220,628,196,180,1,-1,-1,-1
162,45,459,796,123,145,1,-1,-1,-1
162,51,876,667,126,126,1,-1,-1,-1
162,57,1612,264,148,164,1,-1,-1,-1
162,59,1081,529,168,183,1,-1,-1,-1
162,60,1772,532,268,196,1,-1,-1,-1
162,61,1460,132,116,156,1,-1,-1,-1
163,27,445,746,180,196,1,-1,-1,-1
163,31,677,681,200,172,1,-1,-1,-1
163,42,697,667,152,184,1,-1,-1,-1
163,43,1511,596,144,156,1,-1,-1,-1
163,44,1215,628,196,180,1,-1,-1,-1
163,45,450,792,130,152,1,-1,-1,-1
163,51,863,670,126,126,1,-1,-1,-1
163,57,1598,265,148,164,1,-1,-1,-1
163,59,1065,529,168,183,1,-1,-1,-1
163,60,1768,531,268,196,1,-1,-1,-1
163,61,1447,130,116,156,1,-1,-1,-1
164,27,443,747,180,196,1,-1,-1,-1
164,31,677,681,200,172,1,-1,-1,-1
164,42,696,668,152,184,1,-1,-1,-1
164,43,1508,597,144,156,1,-1,-1,-1
164,44,1212,628,196,180,1,-1,-1,-1
164,45,448,796,130,152,1,-1,-1,-1
164,51,858,674,126,126,1,-1,-1,-1
164,57,1593,264,148,164,1,-1,-1,-1
164,59,1058,534,168,183,1,-1,-1,-1
164,60,1766,534,268,196,1,-1,-1,-1
164,61,1442,131,116,156,1,-1,-1,-1
165,27,447,752,171,187,1,-1,-1,-1
165,31,678,683,200,172,1,-1,-1,-1
165,42,696,670,152,184,1,-1,-1,-1
165,43,1507,598,144,156,1,-1,-1,-1
165,44,1212,629,196,180,1,-1,-1,-1
165,45,448,797,130,152,1,-1,-1,-1
165,51,861,676,120,120,1,-1,-1,-1
165,57,1592,265,148,164,1,-1,-1,-1
165,59,1058,534,168,183,1,-1,-1,-1
165,60,1764,532,268,196,1,-1,-1,-1
165,61,1442,131,116,156,1,-1,-1,-1
166,27,446,752,171,187,1,-1,-1,-1
166,31,676,681,200,172,1,-1,-1,-1
166,42,695,667,152,184,1,-1,-1,-1
166,43,1501,598,144,156,1,-1,-1,-1
166,44,1210,628,196,180,1,-1,-1,-1
166,45,445,795,130,152,1,-1,-1,-1
166,51,855,677,120,120,1,-1,-1,-1
166,57,1580,266,148,164,1,-1,-1,-1
166,59,1049,529,176,192,1,-1,-1,-1
166,60,1763,535,268,196,1,-1,-1,-1
166,61,1431,128,116,156,1,-1,-1,-1
167,27,445,753,171,187,1,-1,-1,-1
167,31,675,678,200,172,1,-1,-1,-1
167,42,696,665,152,184,1,-1,-1,-1
167,43,1498,597,144,156,1,-1,-1,-1
167,44,1209,629,196,180,1,-1,-1,-1
167,45,443,794,130,152,1,-1,-1,-1
167,51,853,677,120,120,1,-1,-1,-1
167,57,1575,266,148,164,1,-1,-1,-1
167,60,1761,534,268,196,1,-1,-1,-1
167,61,1427,129,116,156,1,-1,-1,-1
168,27,444,752,171,187,1,-1,-1,-1
168,31,675,677,200,172,1,-1,-1,-1
168,42,695,663,152,184,1,-1,-1,-1
168,43,1498,599,137,149,1,-1,-1,-1
168,44,1211,628,196,180,1,-1,-1,-1
168,45,443,794,130,152,1,-1,-1,-1
168,51,852,677,120,120,1,-1,-1,-1
168,57,1571,265,148,164,1,-1,-1,-1
168,60,1760,534,268,196,1,-1,-1,-1
168,61,1423,128,116,156,1,-1,-1,-1
169,27,440,752,192,184,1,-1,-1,-1
169,31,675,677,200,172,1,-1,-1,-1
169,42,696,656,164,196,1,-1,-1,-1
169,43,1496,568,212,188,1,-1,-1,-1
169,44,1220,628,184,176,1,-1,-1,-1
169,45,443,794,130,152,1,-1,-1,-1
169,51,852,677,120,120,1,-1,-1,-1
169,57,1571,265,148,164,1,-1,-1,-1
169,60,1776,508,280,224,1,-1,-1,-1
169,61,1404,132,128,204,1,-1,-1,-1
169,62,1284,320,144,240,1,-1,-1,-1
169,63,1096,496,152,200,1,-1,-1,-1
170,27,439,754,192,184,1,-1,-1,-1
170,42,694,657,164,196,1,-1,-1,-1
170,43,1495,570,212,188,1,-1,-1,-1
170,44,1220,630,184,176,1,-1,-1,-1
170,45,442,792,130,152,1,-1,-1,-1
170,51,848,678,120,120,1,-1,-1,-1
170,57,1563,273,141,156,1,-1,-1,-1
170,60,1783,515,267,213,1,-1,-1,-1
170,61,1402,135,128,204,1,-1,-1,-1
170,62,1287,325,137,229,1,-1,-1,-1
170,63,1097,503,145,190,1,-1,-1,-1
171,27,438,755,192,184,1,-1,-1,-1
171,42,694,658,164,196,1,-1,-1,-1
171,43,1494,571,212,188,1,-1,-1,-1
171,44,1222,632,184,176,1,-1,-1,-1
171,45,442,789,130,152,1,-1,-1,-1
171,51,846,677,120,120,1,-1,-1,-1
171,57,1562,272,141,156,1,-1,-1,-1
171,60,1782,515,267,213,1,-1,-1,-1
171,61,1400,135,128,204,1,-1,-1,-1
171,62,1286,329,137,229,1,-1,-1,-1
171,63,1096,504,145,190,1,-1,-1,-1
172,27,440,752,192,184,1,-1,-1,-1
172,42,694,659,164,196,1,-1,-1,-1
172,43,1494,572,212,188,1,-1,-1,-1
172,44,1223,632,184,176,1,-1,-1,-1
172,45,443,788,130,152,1,-1,-1,-1
172,51,845,677,120,120,1,-1,-1,-1
172,57,1559,271,141,156,1,-1,-1,-1
172,60,1774,511,280,224,1,-1,-1,-1
172,61,1398,136,128,204,1,-1,-1,-1
172,62,1285,329,137,229,1,-1,-1,-1
172,63,1095,504,145,190,1,-1,-1,-1
173,27,440,751,192,184,1,-1,-1,-1
173,42,694,660,164,196,1,-1,-1,-1
173,43,1492,570,212,188,1,-1,-1,-1
173,44,1224,631,184,176,1,-1,-1,-1
173,45,442,784,130,152,1,-1,-1,-1
173,51,843,677,120,120,1,-1,-1,-1
173,57,1555,268,141,156,1,-1,-1,-1
173,60,1774,512,280,224,1,-1,-1,-1
173,61,1391,137,128,204,1,-1,-1,-1
173,62,1287,336,131,218,1,-1,-1,-1
173,63,1092,504,145,190,1,-1,-1,-1
174,27,443,754,183,175,1,-1,-1,-1
174,42,698,667,156,187,1,-1,-1,-1
174,43,1491,571,212,188,1,-1,-1,-1
174,44,1222,633,184,176,1,-1,-1,-1
174,45,442,783,130,152,1,-1,-1,-1
174,51,840,676,120,120,1,-1,-1,-1
174,57,1556,271,134,149,1,-1,-1,-1
174,60,1770,510,280,224,1,-1,-1,-1
174,61,1387,139,128,204,1,-1,-1,-1
174,62,1284,337,131,218,1,-1,-1,-1
174,63,1092,503,145,190,1,-1,-1,-1
175,27,442,752,183,175,1,-1,-1,-1
175,42,697,666,156,187,1,-1,-1,-1
175,43,1484,565,223,197,1,-1,-1,-1
175,44,1222,633,184,176,1,-1,-1,-1
175,45,440,777,136,160,1,-1,-1,-1
175,51,837,675,120,120,1,-1,-1,-1
175,57,1551,271,134,149,1,-1,-1,-1
175,60,1770,509,280,224,1,-1,-1,-1
175,61,1384,138,128,204,1,-1,-1,-1
175,62,1283,337,131,218,1,-1,-1,-1
175,63,1089,501,145,190,1,-1,-1,-1
176,27,441,750,183,175,1,-1,-1,-1
176,42,694,666,156,187,1,-1,-1,-1
176,43,1489,570,212,188,1,-1,-1,-1
176,44,1222,633,184,176,1,-1,-1,-1
176,45,441,776,136,160,1,-1,-1,-1
176,51,837,675,120,120,1,-1,-1,-1
176,57,1545,270,134,149,1,-1,-1,-1
176,60,1770,507,280,224,1,-1,-1,-1
176,61,1385,143,122,194,1,-1,-1,-1
176,62,1280,334,131,218,1,-1,-1,-1
176,63,1084,496,152,200,1,-1,-1,-1
177,27,428,748,188,184,1,-1,-1,-1
177,42,692,676,168,168,1,-1,-1,-1
177,43,1492,588,212,168,1,-1,-1,-1
177,44,1216,632,204,176,1,-1,-1,-1
177,45,441,776,136,160,1,-1,-1,-1
177,51,840,716,120,80,1,-1,-1,-1
177,57,1545,270,134,149,1,-1,-1,-1
177,60,1772,504,276,228,1,-1,-1,-1
177,61,1385,143,122,194,1,-1,-1,-1
177,62,1324,324,92,244,1,-1,-1,-1
177,63,1092,492,156,200,1,-1,-1,-1
177,64,1408,392,104,212,1,-1,-1,-1
178,27,427,748,188,184,1,-1,-1,-1
178,42,688,677,168,168,1,-1,-1,-1
178,43,1488,588,212,168,1,-1,-1,-1
178,44,1216,633,204,176,1,-1,-1,-1
178,45,443,778,136,160,1,-1,-1,-1
178,51,838,718,120,80,1,-1,-1,-1
178,57,1535,266,134,149,1,-1,-1,-1
178,60,1776,511,263,217,1,-1,-1,-1
178,61,1377,142,122,194,1,-1,-1,-1
178,62,1323,325,92,244,1,-1,-1,-1
178,63,1089,494,156,200,1,-1,-1,-1
178,64,1406,394,104,212,1,-1,-1,-1
179,27,427,748,188,184,1,-1,-1,-1
179,42,686,677,168,168,1,-1,-1,-1
179,43,1487,589,212,168,1,-1,-1,-1
179,44,1215,634,204,176,1,-1,-1,-1
179,45,444,776,136,160,1,-1,-1,-1
179,51,837,719,120,80,1,-1,-1,-1
179,57,1532,266,134,149,1,-1,-1,-1
179,60,1778,510,263,217,1,-1,-1,-1
179,61,1372,140,122,194,1,-1,-1,-1
179,62,1322,322,92,244,1,-1,-1,-1
179,63,1089,494,156,200,1,-1,-1,-1
179,64,1403,394,104,212,1,-1,-1,-1
180,27,426,746,188,184,1,-1,-1,-1
180,42,684,675,168,168,1,-1,-1,-1
180,43,1488,587,212,168,1,-1,-1,-1
180,44,1215,633,204,176,1,-1,-1,-1
180,45,443,778,136,160,1,-1,-1,-1
180,51,837,719,120,80,1,-1,-1,-1
180,57,1532,263,128,142,1,-1,-1,-1
180,60,1770,503,276,228,1,-1,-1,-1
180,61,1368,137,128,204,1,-1,-1,-1
180,62,1321,320,92,244,1,-1,-1,-1
180,63,1087,493,156,200,1,-1,-1,-1
180,64,1401,394,104,212,1,-1,-1,-1
181,27,424,750,188,184,1,-1,-1,-1
181,42,681,676,168,168,1,-1,-1,-1
181,43,1488,587,212,168,1,-1,-1,-1
181,44,1214,633,204,176,1,-1,-1,-1
181,45,443,778,136,160,1,-1,-1,-1
181,51,837,720,120,80,1,-1,-1,-1
181,57,1528,266,122,135,1,-1,-1,-1
181,60,1774,509,263,217,1,-1,-1,-1
181,61,1365,136,128,204,1,-1,-1,-1
181,62,1320,320,92,244,1,-1,-1,-1
181,63,1085,493,156,200,1,-1,-1,-1
181,64,1398,392,104,212,1,-1,-1,-1
182,27,424,751,188,184,1,-1,-1,-1
182,42,677,678,168,168,1,-1,-1,-1
182,43,1486,590,212,168,1,-1,-1,-1
182,44,1212,633,204,176,1,-1,-1,-1
182,45,442,779,136,160,1,-1,-1,-1
182,51,836,721,120,80,1,-1,-1,-1
182,60,1769,509,263,217,1,-1,-1,-1
182,61,1360,136,128,204,1,-1,-1,-1
182,62,1318,320,92,244,1,-1,-1,-1
182,63,1082,490,156,200,1,-1,-1,-1
182,64,1395,392,104,212,1,-1,-1,-1
183,27,423,749,188,184,1,-1,-1,-1
183,42,669,673,176,176,1,-1,-1,-1
183,43,1487,588,212,168,1,-1,-1,-1
183,44,1216,635,194,168,1,-1,-1,-1
183,45,441,778,136,160,1,-1,-1,-1
183,51,836,720,120,80,1,-1,-1,-1
183,60,1770,511,263,217,1,-1,-1,-1
183,61,1355,138,128,204,1,-1,-1,-1
183,62,1317,319,92,244,1,-1,-1,-1
183,63,1085,496,149,190,1,-1,-1,-1
183,64,1390,392,104,212,1,-1,-1,-1
184,27,428,754,179,175,1,-1,-1,-1
184,42,667,671,176,176,1,-1,-1,-1
184,43,1486,588,212,168,1,-1,-1,-1
184,44,1216,632,194,168,1,-1,-1,-1
184,45,442,778,136,160,1,-1,-1,-1
184,51,837,719,120,80,1,-1,-1,-1
184,60,1768,509,263,217,1,-1,-1,-1
184,61,1352,134,128,204,1,-1,-1,-1
184,62,1315,320,92,244,1,-1,-1,-1
184,63,1083,494,149,190,1,-1,-1,-1
184,64,1385,388,109,223,1,-1,-1,-1
185,27,448,752,148,180,1,-1,-1,-1
185,42,668,676,148,176,1,-1,-1,-1
185,43,1488,592,228,160,1,-1,-1,-1
185,44,1216,636,204,172,1,-1,-1,-1
185,45,442,778,136,160,1,-1,-1,-1
185,51,837,719,120,80,1,-1,-1,-1
185,60,1768,516,260,220,1,-1,-1,-1
185,61,1348,140,124,200,1,-1,-1,-1
185,62,1320,312,84,260,1,-1,-1,-1
185,63,1076,472,136,188,1,-1,-1,-1
185,64,1396,400,88,200,1,-1,-1,-1
185,65,1512,280,100,216,1,-1,-1,-1
185,66,1472,488,136,156,1,-1,-1,-1
186,27,448,751,148,180,1,-1,-1,-1
186,42,665,677,148,176,1,-1,-1,-1
186,43,1485,593,228,160,1,-1,-1,-1
186,44,1215,635,204,172,1,-1,-1,-1
186,45,445,783,130,152,1,-1,-1,-1
186,51,835,717,120,80,1,-1,-1,-1
186,60,1768,516,260,220,1,-1,-1,-1
186,61,1344,139,124,200,1,-1,-1,-1
186,62,1319,312,84,260,1,-1,-1,-1
186,63,1074,471,136,188,1,-1,-1,-1
186,64,1394,402,88,200,1,-1,-1,-1
186,65,1509,279,100,216,1,-1,-1,-1
186,66,1469,488,136,156,1,-1,-1,-1
187,27,447,751,148,180,1,-1,-1,-1
187,42,662,676,148,176,1,-1,-1,-1
187,43,1483,594,228,160,1,-1,-1,-1
187,44,1215,635,204,172,1,-1,-1,-1
187,45,445,782,130,152,1,-1,-1,-1
187,51,833,716,120,80,1,-1,-1,-1
187,60,1767,514,260,220,1,-1,-1,-1
187,61,1341,139,124,200,1,-1,-1,-1
187,62,1319,309,84,260,1,-1,-1,-1
187,63,1072,473,136,188,1,-1,-1,-1
187,64,1391,402,88,200,1,-1,-1,-1
187,65,1504,274,105,227,1,-1,-1,-1
187,66,1466,489,136,156,1,-1,-1,-1
188,27,449,751,148,180,1,-1,-1,-1
188,42,659,675,148,176,1,-1,-1,-1
188,43,1480,593,228,160,1,-1,-1,-1
188,44,1213,635,204,172,1,-1,-1,-1
188,45,446,783,130,152,1,-1,-1,-1
188,51,833,717,114,76,1,-1,-1,-1
188,60,1765,512,260,220,1,-1,-1,-1
188,61,1336,139,124,200,1,-1,-1,-1
188,62,1316,307,84,260,1,-1,-1,-1
188,63,1069,473,136,188,1,-1,-1,-1
188,64,1387,403,88,200,1,-1,-1,-1
188,65,1502,279,100,216,1,-1,-1,-1
188,66,1466,492,130,149,1,-1,-1,-1
189,27,450,753,148,180,1,-1,-1,-1
189,42,657,675,148,176,1,-1,-1,-1
189,43,1480,593,228,160,1,-1,-1,-1
189,44,1212,634,204,172,1,-1,-1,-1
189,45,450,784,130,152,1,-1,-1,-1
189,51,830,717,114,76,1,-1,-1,-1
189,60,1764,515,260,220,1,-1,-1,-1
189,61,1331,142,124,200,1,-1,-1,-1
189,62,1315,307,84,260,1,-1,-1,-1
189,63,1066,474,136,188,1,-1,-1,-1
189,64,1383,403,88,200,1,-1,-1,-1
189,65,1498,280,100,216,1,-1,-1,-1
189,66,1464,493,130,149,1,-1,-1,-1
190,27,456,757,141,171,1,-1,-1,-1
190,42,655,675,148,176,1,-1,-1,-1
190,43,1484,597,217,152,1,-1,-1,-1
190,44,1211,633,204,172,1,-1,-1,-1
190,45,452,786,130,152,1,-1,-1,-1
190,51,828,717,114,76,1,-1,-1,-1
190,60,1761,520,260,220,1,-1,-1,-1
190,61,1326,139,130,210,1,-1,-1,-1
190,62,1316,318,80,248,1,-1,-1,-1
190,63,1065,476,136,188,1,-1,-1,-1
190,64,1381,404,88,200,1,-1,-1,-1
190,65,1495,282,100,216,1,-1,-1,-1
190,66,1461,493,130,149,1,-1,-1,-1
191,27,456,760,141,171,1,-1,-1,-1
191,42,650,673,155,185,1,-1,-1,-1
191,43,1483,597,217,152,1,-1,-1,-1
191,44,1209,633,204,172,1,-1,-1,-1
191,45,456,788,130,152,1,-1,-1,-1
191,51,826,717,114,76,1,-1,-1,-1
191,60,1761,519,260,220,1,-1,-1,-1
191,61,1324,140,130,210,1,-1,-1,-1
191,62,1312,317,80,248,1,-1,-1,-1
191,63,1063,477,136,188,1,-1,-1,-1
191,64,1378,406,88,200,1,-1,-1,-1
191,65,1491,281,100,216,1,-1,-1,-1
191,66,1459,494,130,149,1,-1,-1,-1
192,27,461,764,134,163,1,-1,-1,-1
192,42,648,672,155,185,1,-1,-1,-1
192,43,1478,596,228,160,1,-1,-1,-1
192,44,1211,636,204,172,1,-1,-1,-1
192,45,455,790,130,152,1,-1,-1,-1
192,51,825,718,114,76,1,-1,-1,-1
192,60,1759,522,260,220,1,-1,-1,-1
192,61,1320,139,130,210,1,-1,-1,-1
192,62,1309,309,84,260,1,-1,-1,-1
192,63,1063,480,136,188,1,-1,-1,-1
192,64,1375,406,88,200,1,-1,-1,-1
192,65,1490,286,95,206,1,-1,-1,-1
192,66,1458,493,130,149,1,-1,-1,-1
193,27,444,768,152,176,1,-1,-1,-1
193,42,648,680,140,176,1,-1,-1,-1
193,43,1488,572,228,184,1,-1,-1,-1
193,44,1212,612,192,196,1,-1,-1,-1
193,45,455,790,130,152,1,-1,-1,-1
193,51,825,718,114,76,1,-1,-1,-1
193,60,1772,504,256,236,1,-1,-1,-1
193,61,1324,156,96,200,1,-1,-1,-1
193,62,1300,312,100,276,1,-1,-1,-1
193,63,1060,484,136,192,1,-1,-1,-1
193,64,1375,406,88,200,1,-1,-1,-1
193,65,1472,268,112,228,1,-1,-1,-1
193,66,1476,480,92,224,1,-1,-1,-1
193,67,1216,408,96,180,1,-1,-1,-1
193,68,796,576,120,228,1,-1,-1,-1
194,27,444,769,152,176,1,-1,-1,-1
194,42,646,681,140,176,1,-1,-1,-1
194,43,1489,574,228,184,1,-1,-1,-1
194,44,1210,613,192,196,1,-1,-1,-1
194,45,454,792,130,152,1,-1,-1,-1
194,51,819,718,120,80,1,-1,-1,-1
194,60,1772,504,256,236,1,-1,-1,-1
194,61,1322,157,96,200,1,-1,-1,-1
194,63,1059,485,136,192,1,-1,-1,-1
194,64,1364,411,88,200,1,-1,-1,-1
194,65,1468,269,112,228,1,-1,-1,-1
194,66,1475,480,92,224,1,-1,-1,-1
194,67,1215,407,96,180,1,-1,-1,-1
194,68,794,577,120,228,1,-1,-1,-1
195,27,443,771,152,176,1,-1,-1,-1
195,42,644,683,140,176,1,-1,-1,-1
195,43,1487,575,228,184,1,-1,-1,-1
195,44,1208,615,192,196,1,-1,-1,-1
195,45,453,794,130,152,1,-1,-1,-1
195,51,814,721,120,80,1,-1,-1,-1
195,60,1777,513,244,225,1,-1,-1,-1
195,61,1317,159,96,200,1,-1,-1,-1
195,63,1056,487,136,192,1,-1,-1,-1
195,64,1360,412,88,200,1,-1,-1,-1
195,65,1465,269,112,228,1,-1,-1,-1
195,66,1473,481,92,224,1,-1,-1,-1
195,67,1213,412,96,180,1,-1,-1,-1
195,68,791,577,120,228,1,-1,-1,-1
196,27,442,773,152,176,1,-1,-1,-1
196,42,640,686,140,176,1,-1,-1,-1
196,43,1485,578,228,184,1,-1,-1,-1
196,44,1208,617,192,196,1,-1,-1,-1
196,45,453,796,130,152,1,-1,-1,-1
196,51,811,724,120,80,1,-1,-1,-1
196,60,1774,516,244,225,1,-1,-1,-1
196,61,1313,160,96,200,1,-1,-1,-1
196,63,1054,487,136,192,1,-1,-1,-1
196,64,1359,413,88,200,1,-1,-1,-1
196,65,1461,268,112,228,1,-1,-1,-1
196,66,1470,483,92,224,1,-1,-1,-1
196,67,1211,413,96,180,1,-1,-1,-1
196,68,789,577,120,228,1,-1,-1,-1
197,27,442,776,152,176,1,-1,-1,-1
197,42,637,692,140,176,1,-1,-1,-1
197,43,1485,582,228,184,1,-1,-1,-1
197,44,1207,622,192,196,1,-1,-1,-1
197,45,455,802,123,145,1,-1,-1,-1
197,51,809,730,114,76,1,-1,-1,-1
197,60,1772,517,244,225,1,-1,-1,-1
197,61,1309,163,96,200,1,-1,-1,-1
197,63,1051,490,136,192,1,-1,-1,-1
197,65,1454,271,112,228,1,-1,-1,-1
197,66,1467,485,92,224,1,-1,-1,-1
197,67,1205,411,101,189,1,-1,-1,-1
197,68,785,581,120,228,1,-1,-1,-1
198,27,442,782,152,176,1,-1,-1,-1
198,42,638,701,133,168,1,-1,-1,-1
198,43,1482,587,228,184,1,-1,-1,-1
198,44,1206,626,192,196,1,-1,-1,-1
198,45,455,808,123,145,1,-1,-1,-1
198,51,804,734,120,80,1,-1,-1,-1
198,60,1768,523,244,225,1,-1,-1,-1
198,61,1309,170,91,190,1,-1,-1,-1
198,63,1047,494,136,192,1,-1,-1,-1
198,65,1450,269,118,239,1,-1,-1,-1
198,66,1462,482,97,235,1,-1,-1,-1
198,67,1202,416,101,189,1,-1,-1,-1
198,68,781,583,120,228,1,-1,-1,-1
199,27,442,790,152,176,1,-1,-1,-1
199,42,636,709,133,168,1,-1,-1,-1
199,43,1480,593,228,184,1,-1,-1,-1
199,44,1206,631,192,196,1,-1,-1,-1
199,45,455,816,123,145,1,-1,-1,-1
199,51,800,741,120,80,1,-1,-1,-1
199,60,1769,529,244,225,1,-1,-1,-1
199,61,1308,180,87,181,1,-1,-1,-1
199,63,1047,501,136,192,1,-1,-1,-1
199,65,1450,282,112,228,1,-1,-1,-1
199,66,1461,493,92,224,1,-1,-1,-1
199,67,1199,424,101,189,1,-1,-1,-1
199,68,778,589,120,228,1,-1,-1,-1
200,27,444,796,152,176,1,-1,-1,-1
200,42,639,716,133,168,1,-1,-1,-1
200,43,1478,598,228,184,1,-1,-1,-1
200,44,1207,638,192,196,1,-1,-1,-1
200,45,457,820,123,145,1,-1,-1,-1
200,51,799,747,120,80,1,-1,-1,-1
200,60,1769,535,244,225,1,-1,-1,-1
200,61,1307,189,87,181,1,-1,-1,-1
200,63,1046,505,136,192,1,-1,-1,-1
200,65,1444,279,118,239,1,-1,-1,-1
200,66,1462,505,88,213,1,-1,-1,-1
200,67,1198,431,101,189,1,-1,-1,-1
200,68,776,594,120,228,1,-1,-1,-1
201,27,444,800,160,168,1,-1,-1,-1
201,42,639,716,133,168,1,-1,-1,-1
201,43,1480,604,236,192,1,-1,-1,-1
201,44,1208,648,188,196,1,-1,-1,-1
201,45,457,820,123,145,1,-1,-1,-1
201,51,799,747,120,80,1,-1,-1,-1
201,60,1788,532,180,236,1,-1,-1,-1
201,61,1280,180,100,164,1,-1,-1,-1
201,63,1044,504,140,212,1,-1,-1,-1
201,65,1444,279,118,239,1,-1,-1,-1
201,66,1440,492,112,268,1,-1,-1,-1
201,67,1198,431,101,189,1,-1,-1,-1
201,68,776,594,120,228,1,-1,-1,-1
202,27,444,803,160,168,1,-1,-1,-1
202,42,641,721,133,168,1,-1,-1,-1
202,43,1479,608,236,192,1,-1,-1,-1
202,44,1206,652,188,196,1,-1,-1,-1
202,45,456,830,123,145,1,-1,-1,-1
202,51,791,756,120,80,1,-1,-1,-1
202,60,1789,535,180,236,1,-1,-1,-1
202,61,1278,183,100,164,1,-1,-1,-1
202,63,1044,509,140,212,1,-1,-1,-1
202,66,1442,500,107,255,1,-1,-1,-1
202,67,1190,432,106,198,1,-1,-1,-1
202,68,771,600,120,228,1,-1,-1,-1
203,27,446,809,160,168,1,-1,-1,-1
203,42,642,723,133,168,1,-1,-1,-1
203,43,1480,611,236,192,1,-1,-1,-1
203,44,1208,657,188,196,1,-1,-1,-1
203,45,456,833,123,145,1,-1,-1,-1
203,51,789,760,120,80,1,-1,-1,-1
203,60,1791,539,180,236,1,-1,-1,-1
203,61,1276,191,100,164,1,-1,-1,-1
203,63,1044,513,140,212,1,-1,-1,-1
203,66,1437,499,112,268,1,-1,-1,-1
203,67,1189,434,106,198,1,-1,-1,-1
203,68,768,603,120,228,1,-1,-1,-1
204,27,447,814,160,168,1,-1,-1,-1
204,42,645,725,133,168,1,-1,-1,-1
204,43,1480,616,236,192,1,-1,-1,-1
204,44,1208,660,188,196,1,-1,-1,-1
204,45,457,838,123,145,1,-1,-1,-1
204,51,787,764,120,80,1,-1,-1,-1
204,60,1792,542,180,236,1,-1,-1,-1
204,61,1272,193,100,164,1,-1,-1,-1
204,63,1044,518,140,212,1,-1,-1,-1
204,66,1436,505,112,268,1,-1,-1,-1
204,67,1185,436,106,198,1,-1,-1,-1
204,68,766,612,120,228,1,-1,-1,-1
205,27,448,817,160,168,1,-1,-1,-1
205,42,645,729,133,168,1,-1,-1,-1
205,43,1481,620,236,192,1,-1,-1,-1
205,44,1207,664,188,196,1,-1,-1,-1
205,45,457,841,123,145,1,-1,-1,-1
205,51,784,767,120,80,1,-1,-1,-1
205,60,1793,544,180,236,1,-1,-1,-1
205,61,1271,198,100,164,1,-1,-1,-1
205,63,1047,526,133,202,1,-1,-1,-1
205,66,1434,507,112,268,1,-1,-1,-1
205,68,763,613,120,228,1,-1,-1,-1
206,27,448,822,160,168,1,-1,-1,-1
206,42,645,730,133,168,1,-1,-1,-1
206,43,1480,625,236,192,1,-1,-1,-1
206,44,1204,670,188,196,1,-1,-1,-1
206,45,458,846,123,145,1,-1,-1,-1
206,51,781,772,120,80,1,-1,-1,-1
206,60,1793,547,180,236,1,-1,-1,-1
206,61,1270,204,95,156,1,-1,-1,-1
206,63,1046,531,133,202,1,-1,-1,-1
206,66,1432,511,112,268,1,-1,-1,-1
206,68,761,618,120,228,1,-1,-1,-1
207,27,449,826,160,168,1,-1,-1,-1
207,42,644,731,133,168,1,-1,-1,-1
207,43,1480,625,236,192,1,-1,-1,-1
207,44,1206,673,188,196,1,-1,-1,-1
207,45,458,849,123,145,1,-1,-1,-1
207,51,777,776,120,80,1,-1,-1,-1
207,60,1792,549,180,236,1,-1,-1,-1
207,61,1268,208,95,156,1,-1,-1,-1
207,63,1046,535,133,202,1,-1,-1,-1
207,66,1431,513,112,268,1,-1,-1,-1
207,68,758,631,120,228,1,-1,-1,-1
208,27,451,829,160,168,1,-1,-1,-1
208,42,642,734,133,168,1,-1,-1,-1
208,43,1481,628,236,192,1,-1,-1,-1
208,44,1204,674,188,196,1,-1,-1,-1
208,45,461,851,123,145,1,-1,-1,-1
208,51,775,778,120,80,1,-1,-1,-1
208,60,1791,550,180,236,1,-1,-1,-1
208,61,1267,212,95,156,1,-1,-1,-1
208,63,1046,536,133,202,1,-1,-1,-1
208,66,1433,522,107,255,1,-1,-1,-1
209,27,451,829,160,168,1,-1,-1,-1
209,42,642,734,133,168,1,-1,-1,-1
209,43,1476,632,244,188,1,-1,-1,-1
209,44,1208,724,200,148,1,-1,-1,-1
209,45,464,844,160,152,1,-1,-1,-1
209,51,775,778,120,80,1,-1,-1,-1
209,60,1796,536,148,256,1,-1,-1,-1
209,61,1272,216,92,200,1,-1,-1,-1
209,63,1056,536,152,200,1,-1,-1,-1
209,66,1420,484,124,268,1,-1,-1,-1
209,69,2036,464,104,284,1,-1,-1,-1
209,70,1932,472,108,272,1,-1,-1,-1
209,71,2072,280,104,240,1,-1,-1,-1
209,72,904,580,148,184,1,-1,-1,-1
210,27,457,836,160,168,1,-1,-1,-1
210,42,647,740,133,168,1,-1,-1,-1
210,43,1477,635,244,188,1,-1,-1,-1
210,44,1208,729,200,148,1,-1,-1,-1
210,45,468,848,160,152,1,-1,-1,-1
210,51,773,785,120,80,1,-1,-1,-1
210,60,1798,541,148,256,1,-1,-1,-1
210,61,1272,219,92,200,1,-1,-1,-1
210,63,1054,533,160,210,1,-1,-1,-1
210,66,1421,486,124,268,1,-1,-1,-1
210,69,2036,463,104,284,1,-1,-1,-1
210,70,1935,479,103,259,1,-1,-1,-1
210,71,2072,282,104,240,1,-1,-1,-1
210,72,905,583,148,184,1,-1,-1,-1
211,27,461,839,160,168,1,-1,-1,-1
211,42,654,745,127,160,1,-1,-1,-1
211,43,1481,640,244,188,1,-1,-1,-1
211,44,1212,730,200,148,1,-1,-1,-1
211,45,473,851,160,152,1,-1,-1,-1
211,51,773,787,120,80,1,-1,-1,-1
211,60,1802,542,148,256,1,-1,-1,-1
211,61,1276,225,88,190,1,-1,-1,-1
211,63,1062,541,152,200,1,-1,-1,-1
211,69,2041,475,99,270,1,-1,-1,-1
211,70,1938,482,103,259,1,-1,-1,-1
211,71,2073,282,104,240,1,-1,-1,-1
211,72,912,588,141,175,1,-1,-1,-1
212,27,473,839,160,168,1,-1,-1,-1
212,42,664,747,127,160,1,-1,-1,-1
212,43,1490,642,244,188,1,-1,-1,-1
212,44,1220,731,200,148,1,-1,-1,-1
212,45,484,853,160,152,1,-1,-1,-1
212,51,780,788,120,80,1,-1,-1,-1
212,60,1808,546,148,256,1,-1,-1,-1
212,61,1280,227,88,190,1,-1,-1,-1
212,63,1070,541,152,200,1,-1,-1,-1
212,69,2043,468,104,284,1,-1,-1,-1
212,70,1941,476,108,272,1,-1,-1,-1
212,71,2078,284,104,240,1,-1,-1,-1
212,72,921,592,141,175,1,-1,-1,-1
213,27,486,841,160,168,1,-1,-1,-1
213,42,676,751,127,160,1,-1,-1,-1
213,43,1503,643,244,188,1,-1,-1,-1
213,44,1230,733,200,148,1,-1,-1,-1
213,45,497,853,160,152,1,-1,-1,-1
213,51,788,789,120,80,1,-1,-1,-1
213,60,1821,549,148,256,1,-1,-1,-1
213,61,1292,229,88,190,1,-1,-1,-1
213,63,1085,542,152,200,1,-1,-1,-1
213,69,2053,470,104,284,1,-1,-1,-1
213,70,1958,477,108,272,1,-1,-1,-1
213,71,2090,290,99,229,1,-1,-1,-1
213,72,934,592,141,175,1,-1,-1,-1
214,27,499,843,160,168,1,-1,-1,-1
214,42,689,753,127,160,1,-1,-1,-1
214,43,1513,645,244,188,1,-1,-1,-1
214,44,1238,735,200,148,1,-1,-1,-1
214,45,514,858,152,145,1,-1,-1,-1
214,51,796,793,120,80,1,-1,-1,-1
214,60,1833,552,148,256,1,-1,-1,-1
214,61,1305,229,88,190,1,-1,-1,-1
214,63,1098,545,152,200,1,-1,-1,-1
214,69,2061,475,104,284,1,-1,-1,-1
214,70,1960,470,113,286,1,-1,-1,-1
214,71,2103,293,99,229,1,-1,-1,-1
214,72,945,590,148,184,1,-1,-1,-1
215,27,513,844,160,168,1,-1,-1,-1
215,42,702,756,127,160,1,-1,-1,-1
215,43,1532,650,232,179,1,-1,-1,-1
215,44,1251,734,210,155,1,-1,-1,-1
215,45,527,860,152,145,1,-1,-1,-1
215,51,807,796,120,80,1,-1,-1,-1
215,60,1848,552,148,256,1,-1,-1,-1
215,61,1315,233,88,190,1,-1,-1,-1
215,63,1110,546,152,200,1,-1,-1,-1
215,69,2072,474,104,284,1,-1,-1,-1
215,70,1975,476,113,286,1,-1,-1,-1
215,71,2113,295,94,218,1,-1,-1,-1
215,72,952,594,148,184,1,-1,-1,-1
216,27,531,844,160,168,1,-1,-1,-1
216,42,721,759,127,160,1,-1,-1,-1
216,43,1554,652,232,179,1,-1,-1,-1
216,44,1269,734,210,155,1,-1,-1,-1
216,45,546,860,152,145,1,-1,-1,-1
216,51,822,798,120,80,1,-1,-1,-1
216,60,1865,553,148,256,1,-1,-1,-1
216,61,1330,233,88,190,1,-1,-1,-1
216,63,1134,552,145,190,1,-1,-1,-1
216,69,2094,473,104,284,1,-1,-1,-1
216,70,1995,471,113,286,1,-1,-1,-1
216,71,2131,299,94,218,1,-1,-1,-1
216,72,972,594,148,184,1,-1,-1,-1
217,27,531,844,160,168,1,-1,-1,-1
217,42,736,712,132,196,1,-1,-1,-1
217,43,1588,620,252,200,1,-1,-1,-1
217,44,1304,712,204,168,1,-1,-1,-1
217,45,576,840,156,152,1,-1,-1,-1
217,51,822,798,120,80,1,-1,-1,-1
217,60,1904,552,136,244,1,-1,-1,-1
217,61,1330,233,88,190,1,-1,-1,-1
217,63,1134,552,145,190,1,-1,-1,-1
217,69,2094,473,104,284,1,-1,-1,-1
217,70,1995,471,113,286,1,-1,-1,-1
217,71,2131,299,94,218,1,-1,-1,-1
217,72,972,594,148,184,1,-1,-1,-1
217,73,1836,152,216,196,1,-1,-1,-1
218,27,586,810,160,168,1,-1,-1,-1
218,42,755,691,132,196,1,-1,-1,-1
218,43,1611,600,252,200,1,-1,-1,-1
218,44,1324,692,204,168,1,-1,-1,-1
218,45,595,821,156,152,1,-1,-1,-1
218,51,765,804,126,84,1,-1,-1,-1
218,60,1924,529,136,244,1,-1,-1,-1
218,61,1366,210,83,181,1,-1,-1,-1
218,63,1189,517,145,190,1,-1,-1,-1
218,70,2023,447,113,286,1,-1,-1,-1
218,71,2175,264,94,218,1,-1,-1,-1
218,72,1025,562,148,184,1,-1,-1,-1
218,73,1854,131,216,196,1,-1,-1,-1
219,27,601,799,160,168,1,-1,-1,-1
219,42,762,682,132,196,1,-1,-1,-1
219,43,1628,598,240,190,1,-1,-1,-1
219,44,1336,679,204,168,1,-1,-1,-1
219,45,610,810,156,152,1,-1,-1,-1
219,51,777,795,120,80,1,-1,-1,-1
219,60,1933,523,136,244,1,-1,-1,-1
219,61,1382,204,79,173,1,-1,-1,-1
219,63,1204,500,145,190,1,-1,-1,-1
219,72,1043,543,155,193,1,-1,-1,-1
219,73,1858,123,216,196,1,-1,-1,-1
220,27,621,786,160,168,1,-1,-1,-1
220,42,781,668,132,196,1,-1,-1,-1
220,43,1648,584,240,190,1,-1,-1,-1
220,44,1354,665,204,168,1,-1,-1,-1
220,45,628,798,156,152,1,-1,-1,-1
220,51,792,785,120,80,1,-1,-1,-1
220,60,1957,510,130,232,1,-1,-1,-1
220,63,1219,481,152,200,1,-1,-1,-1
220,72,1063,530,155,193,1,-1,-1,-1
220,73,1874,109,216,196,1,-1,-1,-1
221,27,659,760,152,160,1,-1,-1,-1
221,42,814,642,132,196,1,-1,-1,-1
221,43,1680,559,240,190,1,-1,-1,-1
221,44,1388,640,204,168,1,-1,-1,-1
221,45,665,769,156,152,1,-1,-1,-1
221,60,1987,486,130,232,1,-1,-1,-1
221,63,1254,458,152,200,1,-1,-1,-1
221,72,1098,498,155,193,1,-1,-1,-1
221,73,1899,89,216,196,1,-1,-1,-1
222,27,691,740,152,160,1,-1,-1,-1
222,42,839,621,132,196,1,-1,-1,-1
222,43,1704,530,252,200,1,-1,-1,-1
222,44,1417,617,204,168,1,-1,-1,-1
222,45,696,748,156,152,1,-1,-1,-1
222,60,2016,462,130,232,1,-1,-1,-1
222,63,1289,431,152,200,1,-1,-1,-1
222,73,1925,66,216,196,1,-1,-1,-1
223,27,722,727,152,160,1,-1,-1,-1
223,42,865,607,132,196,1,-1,-1,-1
223,43,1732,519,252,200,1,-1,-1,-1
223,44,1443,603,204,168,1,-1,-1,-1
223,45,725,737,156,152,1,-1,-1,-1
223,60,2042,451,130,232,1,-1,-1,-1
223,63,1315,425,152,200,1,-1,-1,-1
223,73,1954,57,206,187,1,-1,-1,-1
224,27,755,722,152,160,1,-1,-1,-1
224,42,895,603,132,196,1,-1,-1,-1
224,43,1762,511,252,200,1,-1,-1,-1
224,44,1475,597,204,168,1,-1,-1,-1
224,45,758,732,156,152,1,-1,-1,-1
224,60,2072,443,130,232,1,-1,-1,-1
224,63,1353,414,152,200,1,-1,-1,-1
224,73,1979,53,206,187,1,-1,-1,-1
225,27,755,722,152,160,1,-1,-1,-1
225,42,895,603,132,196,1,-1,-1,-1
225,43,1800,520,256,176,1,-1,-1,-1
225,44,1492,568,200,176,1,-1,-1,-1
225,45,784,728,148,144,1,-1,-1,-1
225,60,2112,428,112,256,1,-1,-1,-1
225,63,1353,414,152,200,1,-1,-1,-1
225,73,2012,52,220,172,1,-1,-1,-1
225,74,0,764,80,104,1,-1,-1,-1
225,75,1680,460,88,168,1,-1,-1,-1
225,76,2212,308,160,324,1,-1,-1,-1
225,77,1100,468,132,228,1,-1,-1,-1
226,27,788,698,152,160,1,-1,-1,-1
226,42,918,577,132,196,1,-1,-1,-1
226,43,1816,510,244,168,1,-1,-1,-1
226,44,1497,554,200,176,1,-1,-1,-1
226,45,794,714,148,144,1,-1,-1,-1
226,60,2118,411,112,256,1,-1,-1,-1
226,63,1387,391,152,200,1,-1,-1,-1
226,73,2018,37,220,172,1,-1,-1,-1
226,74,10,750,80,104,1,-1,-1,-1
226,75,1685,445,88,168,1,-1,-1,-1
226,76,2218,298,160,324,1,-1,-1,-1
226,77,1104,453,132,228,1,-1,-1,-1
227,27,795,684,152,160,1,-1,-1,-1
227,42,920,561,132,196,1,-1,-1,-1
227,43,1816,494,256,176,1,-1,-1,-1
227,44,1502,543,200,176,1,-1,-1,-1
227,45,798,701,148,144,1,-1,-1,-1
227,60,2122,400,112,256,1,-1,-1,-1
227,63,1392,374,152,200,1,-1,-1,-1
227,73,2019,25,220,172,1,-1,-1,-1
227,74,17,736,80,104,1,-1,-1,-1
227,75,1685,427,92,176,1,-1,-1,-1
227,76,2221,275,160,324,1,-1,-1,-1
227,77,1106,444,132,228,1,-1,-1,-1
228,27,807,676,152,160,1,-1,-1,-1
228,42,924,555,132,196,1,-1,-1,-1
228,43,1822,487,256,176,1,-1,-1,-1
228,44,1507,539,200,176,1,-1,-1,-1
228,45,809,694,148,144,1,-1,-1,-1
228,60,2128,398,107,244,1,-1,-1,-1
228,73,2025,22,210,164,1,-1,-1,-1
228,74,26,728,80,104,1,-1,-1,-1
228,75,1690,424,92,176,1,-1,-1,-1
228,76,2227,272,160,324,1,-1,-1,-1
228,77,1110,437,132,228,1,-1,-1,-1
229,27,819,673,152,160,1,-1,-1,-1
229,42,937,551,132,196,1,-1,-1,-1
229,43,1835,483,256,176,1,-1,-1,-1
229,44,1521,537,200,176,1,-1,-1,-1
229,45,827,696,141,137,1,-1,-1,-1
229,60,2137,394,107,244,1,-1,-1,-1
229,73,2032,19,210,164,1,-1,-1,-1
229,74,38,723,84,109,1,-1,-1,-1
229,75,1702,420,92,176,1,-1,-1,-1
229,76,2232,262,168,340,1,-1,-1,-1
229,77,1121,435,132,228,1,-1,-1,-1
230,27,836,674,152,160,1,-1,-1,-1
230,42,951,549,132,196,1,-1,-1,-1
230,43,1852,483,256,176,1,-1,-1,-1
230,44,1537,536,200,176,1,-1,-1,-1
230,45,843,694,141,137,1,-1,-1,-1
230,60,2155,395,107,244,1,-1,-1,-1
230,73,2043,17,210,164,1,-1,-1,-1
230,74,58,724,80,104,1,-1,-1,-1
230,75,1717,420,92,176,1,-1,-1,-1
230,76,2251,259,168,340,1,-1,-1,-1
230,77,1137,432,132,228,1,-1,-1,-1
231,27,854,673,152,160,1,-1,-1,-1
231,42,964,550,132,196,1,-1,-1,-1
231,43,1868,483,256,176,1,-1,-1,-1
231,44,1553,535,200,176,1,-1,-1,-1
231,45,860,693,141,137,1,-1,-1,-1
231,60,2168,393,107,244,1,-1,-1,-1
231,73,2054,16,210,164,1,-1,-1,-1
231,74,76,722,80,104,1,-1,-1,-1
231,75,1731,419,92,176,1,-1,-1,-1
231,76,2260,257,168,340,1,-1,-1,-1
231,77,1152,431,132,228,1,-1,-1,-1
232,27,872,671,145,152,1,-1,-1,-1
232,42,976,541,132,196,1,-1,-1,-1
232,43,1884,477,256,176,1,-1,-1,-1
232,44,1570,530,200,176,1,-1,-1,-1
232,45,877,685,141,137,1,-1,-1,-1
232,60,2181,386,112,256,1,-1,-1,-1
232,73,2066,10,210,164,1,-1,-1,-1
232,74,92,714,80,104,1,-1,-1,-1
232,75,1745,417,92,176,1,-1,-1,-1
232,76,2274,251,168,340,1,-1,-1,-1
232,77,1170,428,132,228,1,-1,-1,-1
233,27,896,668,128,148,1,-1,-1,-1
233,42,976,541,132,196,1,-1,-1,-1
233,43,1900,464,252,188,1,-1,-1,-1
233,44,1592,536,180,156,1,-1,-1,-1
233,45,877,685,141,137,1,-1,-1,-1
233,60,2184,372,120,228,1,-1,-1,-1
233,73,2076,0,176,188,1,-1,-1,-1
233,74,92,714,80,104,1,-1,-1,-1
233,75,1748,364,100,212,1,-1,-1,-1
233,76,2274,251,168,340,1,-1,-1,-1
233,77,1170,428,132,228,1,-1,-1,-1
233,78,0,708,180,168,1,-1,-1,-1
234,27,905,664,128,148,1,-1,-1,-1
234,42,994,537,132,196,1,-1,-1,-1
234,43,1906,460,252,188,1,-1,-1,-1
234,44,1600,532,180,156,1,-1,-1,-1
234,45,902,679,141,137,1,-1,-1,-1
234,60,2190,369,120,228,1,-1,-1,-1
234,73,2080,0,176,184,1,-1,-1,-1
234,74,116,704,80,104,1,-1,-1,-1
234,75,1752,360,100,212,1,-1,-1,-1
234,76,2297,245,168,340,1,-1,-1,-1
234,77,1185,410,132,228,1,-1,-1,-1
234,78,10,702,180,168,1,-1,-1,-1
235,27,908,661,128,148,1,-1,-1,-1
235,42,999,534,126,187,1,-1,-1,-1
235,43,1917,461,240,179,1,-1,-1,-1
235,44,1603,528,180,156,1,-1,-1,-1
235,45,903,673,141,137,1,-1,-1,-1
235,60,2195,365,120,228,1,-1,-1,-1
235,73,2082,0,176,181,1,-1,-1,-1
235,74,122,702,76,99,1,-1,-1,-1
235,75,1755,356,100,212,1,-1,-1,-1
235,76,2302,238,168,340,1,-1,-1,-1
235,77,1187,408,132,228,1,-1,-1,-1
235,78,15,696,180,168,1,-1,-1,-1
236,27,908,658,128,148,1,-1,-1,-1
236,42,996,526,126,187,1,-1,-1,-1
236,43,1917,458,240,179,1,-1,-1,-1
236,44,1602,525,180,156,1,-1,-1,-1
236,45,905,669,141,137,1,-1,-1,-1
236,60,2194,362,120,228,1,-1,-1,-1
236,73,2079,0,176,178,1,-1,-1,-1
236,74,121,700,73,94,1,-1,-1,-1
236,75,1754,348,100,212,1,-1,-1,-1
236,76,2302,233,168,340,1,-1,-1,-1
236,77,1186,406,132,228,1,-1,-1,-1
236,78,16,693,180,168,1,-1,-1,-1
237,27,905,658,128,148,1,-1,-1,-1
237,42,993,527,126,187,1,-1,-1,-1
237,43,1915,459,240,179,1,-1,-1,-1
237,44,1598,524,180,156,1,-1,-1,-1
237,45,900,669,141,137,1,-1,-1,-1
237,60,2191,364,120,228,1,-1,-1,-1
237,73,2072,0,176,177,1,-1,-1,-1
237,74,118,701,73,94,1,-1,-1,-1
237,75,1753,350,95,202,1,-1,-1,-1
237,76,2302,228,168,340,1,-1,-1,-1
237,77,1181,404,132,228,1,-1,-1,-1
237,78,13,693,180,168,1,-1,-1,-1
238,27,887,678,128,148,1,-1,-1,-1
238,42,974,549,126,187,1,-1,-1,-1
238,43,1886,475,252,188,1,-1,-1,-1
238,44,1578,543,180,156,1,-1,-1,-1
238,45,882,687,141,137,1,-1,-1,-1
238,60,2172,382,120,228,1,-1,-1,-1
238,73,2050,7,176,188,1,-1,-1,-1
238,74,100,720,73,94,1,-1,-1,-1
238,75,1733,370,95,202,1,-1,-1,-1
238,76,2285,255,168,340,1,-1,-1,-1
238,77,1161,426,132,228,1,-1,-1,-1
238,78,0,713,175,168,1,-1,-1,-1
239,27,878,685,128,148,1,-1,-1,-1
239,43,1882,480,252,188,1,-1,-1,-1
239,44,1571,552,171,149,1,-1,-1,-1
239,45,875,695,141,137,1,-1,-1,-1
239,60,2158,385,120,228,1,-1,-1,-1
239,73,2035,16,176,188,1,-1,-1,-1
239,74,88,724,73,94,1,-1,-1,-1
239,75,1719,376,95,202,1,-1,-1,-1
239,77,1151,430,132,228,1,-1,-1,-1
239,78,0,722,161,160,1,-1,-1,-1
240,27,860,692,134,155,1,-1,-1,-1
240,43,1863,490,252,188,1,-1,-1,-1
240,44,1555,563,171,149,1,-1,-1,-1
240,45,859,705,141,137,1,-1,-1,-1
240,60,2141,397,120,228,1,-1,-1,-1
240,73,2022,32,168,179,1,-1,-1,-1
240,74,73,736,73,94,1,-1,-1,-1
240,75,1703,390,95,202,1,-1,-1,-1
240,77,1135,442,132,228,1,-1,-1,-1
240,78,0,733,145,160,1,-1,-1,-1
241,27,860,692,134,155,1,-1,-1,-1
241,43,1840,524,260,176,1,-1,-1,-1
241,44,1536,568,184,172,1,-1,-1,-1
241,45,859,705,141,137,1,-1,-1,-1
241,60,2141,397,120,228,1,-1,-1,-1
241,73,2022,32,168,179,1,-1,-1,-1
241,74,73,736,73,94,1,-1,-1,-1
241,75,1703,390,95,202,1,-1,-1,-1
241,77,1135,442,132,228,1,-1,-1,-1
241,78,0,740,112,164,1,-1,-1,-1
241,79,2236,268,196,324,1,-1,-1,-1
241,80,2040,400,200,260,1,-1,-1,-1
241,81,1572,36,140,232,1,-1,-1,-1
241,82,844,784,120,72,1,-1,-1,-1
241,83,1440,416,112,128,1,-1,-1,-1
242,27,834,719,134,155,1,-1,-1,-1
242,43,1830,539,260,176,1,-1,-1,-1
242,44,1523,583,184,172,1,-1,-1,-1
242,45,833,730,141,137,1,-1,-1,-1
242,60,2115,425,120,228,1,-1,-1,-1
242,73,1988,65,160,171,1,-1,-1,-1
242,74,44,761,73,94,1,-1,-1,-1
242,77,1112,470,132,228,1,-1,-1,-1
242,78,0,752,102,164,1,-1,-1,-1
242,79,2224,283,196,324,1,-1,-1,-1
242,80,2026,414,200,260,1,-1,-1,-1
242,81,1558,52,140,232,1,-1,-1,-1
242,82,832,797,120,72,1,-1,-1,-1
242,83,1427,429,112,128,1,-1,-1,-1
243,27,819,727,141,163,1,-1,-1,-1
243,43,1823,547,260,176,1,-1,-1,-1
243,44,1515,592,184,172,1,-1,-1,-1
243,45,824,741,141,137,1,-1,-1,-1
243,60,2104,424,126,239,1,-1,-1,-1
243,73,1979,81,152,162,1,-1,-1,-1
243,74,36,772,73,94,1,-1,-1,-1
243,77,1097,481,132,228,1,-1,-1,-1
243,78,0,761,92,164,1,-1,-1,-1
243,79,2219,296,187,309,1,-1,-1,-1
243,80,2012,427,200,260,1,-1,-1,-1
243,81,1553,58,140,232,1,-1,-1,-1
243,82,823,808,120,72,1,-1,-1,-1
243,83,1418,439,112,128,1,-1,-1,-1
244,27,811,736,141,163,1,-1,-1,-1
244,43,1814,561,260,176,1,-1,-1,-1
244,44,1507,603,184,172,1,-1,-1,-1
244,45,815,753,141,137,1,-1,-1,-1
244,60,2090,443,126,239,1,-1,-1,-1
244,73,1969,98,145,155,1,-1,-1,-1
244,74,27,783,73,94,1,-1,-1,-1
244,77,1092,487,132,228,1,-1,-1,-1
244,78,0,771,88,164,1,-1,-1,-1
244,79,2209,303,187,309,1,-1,-1,-1
244,80,2006,437,200,260,1,-1,-1,-1
244,81,1547,78,140,232,1,-1,-1,-1
244,82,816,819,120,72,1,-1,-1,-1
244,83,1410,450,112,128,1,-1,-1,-1
245,27,806,749,141,163,1,-1,-1,-1
245,43,1806,565,273,185,1,-1,-1,-1
245,44,1500,614,184,172,1,-1,-1,-1
245,45,812,764,141,137,1,-1,-1,-1
245,73,1959,109,145,155,1,-1,-1,-1
245,78,0,786,82,156,1,-1,-1,-1
245,79,2203,313,187,309,1,-1,-1,-1
245,80,1997,449,200,260,1,-1,-1,-1
245,81,1536,81,140,232,1,-1,-1,-1
245,82,810,829,120,72,1,-1,-1,-1
245,83,1404,462,112,128,1,-1,-1,-1
246,27,804,754,141,163,1,-1,-1,-1
246,43,1801,573,273,185,1,-1,-1,-1
246,44,1497,620,184,172,1,-1,-1,-1
246,45,810,772,134,131,1,-1,-1,-1
246,73,1949,115,145,155,1,-1,-1,-1
246,78,0,791,78,156,1,-1,-1,-1
246,79,2197,314,187,309,1,-1,-1,-1
246,80,1988,454,200,260,1,-1,-1,-1
246,81,1534,93,133,221,1,-1,-1,-1
246,82,807,834,120,72,1,-1,-1,-1
246,83,1402,465,112,128,1,-1,-1,-1
247,27,802,756,141,163,1,-1,-1,-1
247,43,1800,577,273,185,1,-1,-1,-1
247,44,1496,621,184,172,1,-1,-1,-1
247,45,809,775,134,131,1,-1,-1,-1
247,73,1939,119,145,155,1,-1,-1,-1
247,78,0,790,79,156,1,-1,-1,-1
247,79,2197,319,187,309,1,-1,-1,-1
247,80,1988,462,190,248,1,-1,-1,-1
247,81,1533,98,133,221,1,-1,-1,-1
247,82,808,837,114,69,1,-1,-1,-1
247,83,1402,464,112,128,1,-1,-1,-1
248,27,808,760,134,155,1,-1,-1,-1
248,43,1811,580,260,176,1,-1,-1,-1
248,44,1497,623,184,172,1,-1,-1,-1
248,45,810,777,134,131,1,-1,-1,-1
248,78,0,789,80,156,1,-1,-1,-1
248,80,1990,465,190,248,1,-1,-1,-1
248,81,1531,95,133,221,1,-1,-1,-1
248,82,809,838,114,69,1,-1,-1,-1
248,83,1404,463,112,128,1,-1,-1,-1
249,27,812,740,204,172,1,-1,-1,-1
249,43,1832,568,248,176,1,-1,-1,-1
249,44,1504,604,184,188,1,-1,-1,-1
249,45,810,777,134,131,1,-1,-1,-1
249,78,0,792,92,160,1,-1,-1,-1
249,80,1976,460,196,236,1,-1,-1,-1
249,81,1532,84,140,200,1,-1,-1,-1
249,82,809,838,114,69,1,-1,-1,-1
249,83,1404,463,112,128,1,-1,-1,-1
249,84,1532,252,116,304,1,-1,-1,-1
249,85,1984,112,92,160,1,-1,-1,-1
250,27,817,742,204,172,1,-1,-1,-1
250,43,1838,567,248,176,1,-1,-1,-1
250,44,1508,607,184,188,1,-1,-1,-1
250,45,817,776,141,137,1,-1,-1,-1
250,78,5,795,92,160,1,-1,-1,-1
250,80,1978,462,196,236,1,-1,-1,-1
250,81,1535,85,140,200,1,-1,-1,-1
250,82,818,838,114,69,1,-1,-1,-1
250,83,1415,464,112,128,1,-1,-1,-1
250,84,1535,258,110,290,1,-1,-1,-1
250,85,1985,113,92,160,1,-1,-1,-1
251,27,819,743,204,172,1,-1,-1,-1
251,43,1848,576,236,168,1,-1,-1,-1
251,44,1510,612,184,188,1,-1,-1,-1
251,45,819,779,141,137,1,-1,-1,-1
251,78,9,799,92,160,1,-1,-1,-1
251,80,1978,466,196,236,1,-1,-1,-1
251,81,1538,87,140,200,1,-1,-1,-1
251,82,819,840,114,69,1,-1,-1,-1
251,83,1417,465,112,128,1,-1,-1,-1
251,84,1538,273,105,276,1,-1,-1,-1
251,85,1985,116,92,160,1,-1,-1,-1
252,27,820,747,204,172,1,-1,-1,-1
252,43,1846,580,236,168,1,-1,-1,-1
252,44,1510,617,184,188,1,-1,-1,-1
252,45,822,785,134,131,1,-1,-1,-1
252,78,9,803,92,160,1,-1,-1,-1
252,80,1976,470,196,236,1,-1,-1,-1
252,81,1537,91,140,200,1,-1,-1,-1
252,82,819,843,114,69,1,-1,-1,-1
252,83,1418,469,112,128,1,-1,-1,-1
252,84,1534,267,110,290,1,-1,-1,-1
252,85,1982,122,92,160,1,-1,-1,-1
253,27,819,748,204,172,1,-1,-1,-1
253,43,1852,585,225,160,1,-1,-1,-1
253,44,1508,618,184,188,1,-1,-1,-1
253,45,821,786,134,131,1,-1,-1,-1
253,78,11,805,92,160,1,-1,-1,-1
253,80,1972,475,196,236,1,-1,-1,-1
253,81,1540,98,133,190,1,-1,-1,-1
253,82,817,843,120,72,1,-1,-1,-1
253,83,1417,472,112,128,1,-1,-1,-1
253,84,1536,279,105,276,1,-1,-1,-1
253,85,1978,125,92,160,1,-1,-1,-1
254,27,814,746,214,181,1,-1,-1,-1
254,43,1854,590,225,160,1,-1,-1,-1
254,44,1507,621,184,188,1,-1,-1,-1
254,45,821,787,134,131,1,-1,-1,-1
254,78,14,809,92,160,1,-1,-1,-1
254,80,1974,481,187,225,1,-1,-1,-1
254,81,1539,99,133,190,1,-1,-1,-1
254,82,818,844,120,72,1,-1,-1,-1
254,83,1417,473,112,128,1,-1,-1,-1
254,84,1537,293,100,263,1,-1,-1,-1
254,85,1974,127,92,160,1,-1,-1,-1
255,27,813,749,214,181,1,-1,-1,-1
255,43,1859,593,225,160,1,-1,-1,-1
255,44,1507,624,184,188,1,-1,-1,-1
255,45,821,788,134,131,1,-1,-1,-1
255,78,17,813,92,160,1,-1,-1,-1
255,80,1967,481,196,236,1,-1,-1,-1
255,81,1543,107,127,181,1,-1,-1,-1
255,82,819,845,120,72,1,-1,-1,-1
255,83,1416,474,112,128,1,-1,-1,-1
255,84,1534,280,105,276,1,-1,-1,-1
255,85,1972,132,92,160,1,-1,-1,-1
256,27,819,755,204,172,1,-1,-1,-1
256,43,1867,597,214,152,1,-1,-1,-1
256,44,1505,628,184,188,1,-1,-1,-1
256,45,823,790,134,131,1,-1,-1,-1
256,78,20,816,92,160,1,-1,-1,-1
256,80,1964,485,196,236,1,-1,-1,-1
256,81,1545,110,127,181,1,-1,-1,-1
256,82,822,847,120,72,1,-1,-1,-1
256,83,1418,475,112,128,1,-1,-1,-1
256,85,1971,136,92,160,1,-1,-1,-1
257,27,800,760,220,164,1,-1,-1,-1
257,43,1864,592,200,180,1,-1,-1,-1
257,44,1504,632,196,188,1,-1,-1,-1
257,45,823,790,134,131,1,-1,-1,-1
257,78,0,816,108,160,1,-1,-1,-1
257,80,1964,485,196,236,1,-1,-1,-1
257,81,1548,100,120,188,1,-1,-1,-1
257,82,822,847,120,72,1,-1,-1,-1
257,83,1418,475,112,128,1,-1,-1,-1
257,85,1971,136,92,160,1,-1,-1,-1
257,86,2172,288,252,336,1,-1,-1,-1
257,87,1088,516,156,244,1,-1,-1,-1
257,88,1652,444,108,232,1,-1,-1,-1
257,89,968,556,124,176,1,-1,-1,-1
257,90,1236,540,96,168,1,-1,-1,-1
258,27,802,762,220,164,1,-1,-1,-1
258,43,1865,594,200,180,1,-1,-1,-1
258,44,1503,635,196,188,1,-1,-1,-1
258,45,824,793,134,131,1,-1,-1,-1
258,78,1,817,108,160,1,-1,-1,-1
258,80,1953,491,196,236,1,-1,-1,-1
258,81,1548,102,120,188,1,-1,-1,-1
258,82,825,849,120,72,1,-1,-1,-1
258,83,1419,480,112,128,1,-1,-1,-1
258,85,1967,150,88,152,1,-1,-1,-1
258,86,2171,288,252,336,1,-1,-1,-1
258,87,1089,517,156,244,1,-1,-1,-1
258,88,1652,446,108,232,1,-1,-1,-1
258,89,968,556,124,176,1,-1,-1,-1
258,90,1236,541,96,168,1,-1,-1,-1
259,27,800,765,220,164,1,-1,-1,-1
259,43,1864,599,200,180,1,-1,-1,-1
259,44,1502,640,196,188,1,-1,-1,-1
259,45,822,797,134,131,1,-1,-1,-1
259,78,1,819,108,160,1,-1,-1,-1
259,80,1964,503,187,225,1,-1,-1,-1
259,81,1548,105,120,188,1,-1,-1,-1
259,82,826,851,120,72,1,-1,-1,-1
259,83,1419,482,112,128,1,-1,-1,-1
259,85,1962,147,92,160,1,-1,-1,-1
259,86,2172,292,252,336,1,-1,-1,-1
259,87,1088,519,156,244,1,-1,-1,-1
259,88,1651,447,108,232,1,-1,-1,-1
259,89,968,559,124,176,1,-1,-1,-1
259,90,1235,543,96,168,1,-1,-1,-1
260,27,798,770,220,164,1,-1,-1,-1
260,43,1866,607,200,180,1,-1,-1,-1
260,44,1499,645,196,188,1,-1,-1,-1
260,45,820,800,134,131,1,-1,-1,-1
260,78,1,823,108,160,1,-1,-1,-1
260,80,1958,506,187,225,1,-1,-1,-1
260,81,1547,111,120,188,1,-1,-1,-1
260,82,826,856,120,72,1,-1,-1,-1
260,83,1418,487,112,128,1,-1,-1,-1
260,85,1955,151,92,160,1,-1,-1,-1
260,86,2165,293,252,336,1,-1,-1,-1
260,87,1087,523,156,244,1,-1,-1,-1
260,88,1648,442,113,244,1,-1,-1,-1
260,89,966,563,124,176,1,-1,-1,-1
260,90,1235,547,96,168,1,-1,-1,-1
261,27,798,774,220,164,1,-1,-1,-1
261,43,1866,612,200,180,1,-1,-1,-1
261,44,1497,649,196,188,1,-1,-1,-1
261,45,821,803,134,131,1,-1,-1,-1
261,78,1,826,108,160,1,-1,-1,-1
261,80,1965,512,178,214,1,-1,-1,-1
261,81,1545,114,120,188,1,-1,-1,-1
261,82,827,860,120,72,1,-1,-1,-1
261,83,1418,490,112,128,1,-1,-1,-1
261,86,2164,297,252,336,1,-1,-1,-1
261,87,1088,526,156,244,1,-1,-1,-1
261,88,1647,444,113,244,1,-1,-1,-1
261,89,965,563,124,176,1,-1,-1,-1
261,90,1236,550,96,168,1,-1,-1,-1
262,27,797,779,220,164,1,-1,-1,-1
262,43,1869,615,200,180,1,-1,-1,-1
262,44,1496,652,196,188,1,-1,-1,-1
262,45,821,805,134,131,1,-1,-1,-1
262,78,2,831,108,160,1,-1,-1,-1
262,80,1973,516,178,214,1,-1,-1,-1
262,81,1544,118,120,188,1,-1,-1,-1
262,82,829,865,120,72,1,-1,-1,-1
262,83,1419,493,112,128,1,-1,-1,-1
262,86,2167,300,252,336,1,-1,-1,-1
262,87,1087,530,156,244,1,-1,-1,-1
262,88,1649,453,108,232,1,-1,-1,-1
262,89,965,569,124,176,1,-1,-1,-1
262,90,1236,552,96,168,1,-1,-1,-1
263,27,798,782,220,164,1,-1,-1,-1
263,43,1873,619,200,180,1,-1,-1,-1
263,44,1495,656,196,188,1,-1,-1,-1
263,45,820,809,134,131,1,-1,-1,-1
263,78,2,832,108,160,1,-1,-1,-1
263,81,1543,124,120,188,1,-1,-1,-1
263,82,830,870,120,72,1,-1,-1,-1
263,83,1420,499,112,128,1,-1,-1,-1
263,86,2163,310,252,336,1,-1,-1,-1
263,87,1085,532,156,244,1,-1,-1,-1
263,88,1652,465,103,221,1,-1,-1,-1
263,89,965,570,124,176,1,-1,-1,-1
263,90,1236,556,96,168,1,-1,-1,-1
264,27,799,789,220,164,1,-1,-1,-1
264,43,1873,621,200,180,1,-1,-1,-1
264,44,1494,661,196,188,1,-1,-1,-1
264,45,821,813,134,131,1,-1,-1,-1
264,78,3,836,108,160,1,-1,-1,-1
264,81,1542,127,120,188,1,-1,-1,-1
264,82,830,874,120,72,1,-1,-1,-1
264,83,1419,501,112,128,1,-1,-1,-1
264,86,2169,321,240,320,1,-1,-1,-1
264,87,1086,535,156,244,1,-1,-1,-1
264,88,1652,466,103,221,1,-1,-1,-1
264,89,964,570,124,176,1,-1,-1,-1
264,90,1236,559,96,168,1,-1,-1,-1
265,27,828,732,232,224,1,-1,-1,-1
265,43,1884,604,212,200,1,-1,-1,-1
265,44,1492,656,196,192,1,-1,-1,-1
265,45,821,813,134,131,1,-1,-1,-1
265,78,0,832,104,180,1,-1,-1,-1
265,81,1542,127,120,188,1,-1,-1,-1
265,82,830,874,120,72,1,-1,-1,-1
265,83,1419,501,112,128,1,-1,-1,-1
265,86,2192,332,208,288,1,-1,-1,-1
265,87,1086,535,156,244,1,-1,-1,-1
265,88,1652,528,92,176,1,-1,-1,-1
265,89,964,570,124,176,1,-1,-1,-1
265,90,1236,559,96,168,1,-1,-1,-1
265,91,1380,448,180,216,1,-1,-1,-1
265,92,1872,568,212,100,1,-1,-1,-1
265,93,1088,616,120,172,1,-1,-1,-1
266,27,832,739,221,213,1,-1,-1,-1
266,43,1882,605,212,200,1,-1,-1,-1
266,44,1491,658,196,192,1,-1,-1,-1
266,78,0,833,104,180,1,-1,-1,-1
266,81,1539,132,120,188,1,-1,-1,-1
266,82,831,882,120,72,1,-1,-1,-1
266,83,1414,500,118,134,1,-1,-1,-1
266,86,2190,333,208,288,1,-1,-1,-1
266,87,1084,547,149,232,1,-1,-1,-1
266,88,1651,528,92,176,1,-1,-1,-1
266,89,963,580,118,168,1,-1,-1,-1
266,90,1233,569,96,168,1,-1,-1,-1
266,91,1378,448,180,216,1,-1,-1,-1
266,92,1874,572,202,95,1,-1,-1,-1
266,93,1087,617,120,172,1,-1,-1,-1
267,27,829,743,221,213,1,-1,-1,-1
267,43,1882,607,212,200,1,-1,-1,-1
267,44,1490,660,196,192,1,-1,-1,-1
267,78,1,835,104,180,1,-1,-1,-1
267,81,1541,139,114,179,1,-1,-1,-1
267,82,834,887,114,69,1,-1,-1,-1
267,83,1412,500,118,134,1,-1,-1,-1
267,86,2195,343,198,274,1,-1,-1,-1
267,87,1083,550,149,232,1,-1,-1,-1
267,88,1650,528,92,176,1,-1,-1,-1
267,89,962,581,118,168,1,-1,-1,-1
267,90,1233,571,96,168,1,-1,-1,-1
267,91,1377,453,180,216,1,-1,-1,-1
267,92,1872,574,202,95,1,-1,-1,-1
267,93,1086,621,120,172,1,-1,-1,-1
268,27,829,746,221,213,1,-1,-1,-1
268,43,1883,610,212,200,1,-1,-1,-1
268,44,1490,662,196,192,1,-1,-1,-1
268,78,1,836,104,180,1,-1,-1,-1
268,81,1540,140,114,179,1,-1,-1,-1
268,83,1412,501,118,134,1,-1,-1,-1
268,86,2195,341,198,274,1,-1,-1,-1
268,87,1083,553,149,232,1,-1,-1,-1
268,88,1649,527,92,176,1,-1,-1,-1
268,89,960,584,118,168,1,-1,-1,-1
268,90,1236,578,91,160,1,-1,-1,-1
268,91,1381,460,171,206,1,-1,-1,-1
268,92,1867,577,202,95,1,-1,-1,-1
268,93,1085,623,120,172,1,-1,-1,-1
269,27,831,747,221,213,1,-1,-1,-1
269,43,1885,611,212,200,1,-1,-1,-1
269,44,1490,662,196,192,1,-1,-1,-1
269,78,3,836,104,180,1,-1,-1,-1
269,81,1538,140,114,179,1,-1,-1,-1
269,83,1413,499,118,134,1,-1,-1,-1
269,86,2196,343,198,274,1,-1,-1,-1
269,87,1089,560,141,221,1,-1,-1,-1
269,88,1648,522,97,185,1,-1,-1,-1
269,90,1237,578,91,160,1,-1,-1,-1
269,91,1381,459,171,206,1,-1,-1,-1
269,92,1864,578,202,95,1,-1,-1,-1
269,93,1083,621,126,181,1,-1,-1,-1
270,27,831,749,221,213,1,-1,-1,-1
270,43,1883,610,212,200,1,-1,-1,-1
270,44,1490,662,196,192,1,-1,-1,-1
270,78,7,842,99,171,1,-1,-1,-1
270,81,1538,140,114,179,1,-1,-1,-1
270,83,1415,496,118,134,1,-1,-1,-1
270,86,2192,343,198,274,1,-1,-1,-1
270,87,1090,559,141,221,1,-1,-1,-1
270,88,1649,527,92,176,1,-1,-1,-1
270,90,1238,578,91,160,1,-1,-1,-1
270,91,1381,460,171,206,1,-1,-1,-1
270,92,1859,580,202,95,1,-1,-1,-1
270,93,1083,621,126,181,1,-1,-1,-1
271,27,829,750,221,213,1,-1,-1,-1
271,43,1886,612,212,200,1,-1,-1,-1
271,44,1488,662,196,192,1,-1,-1,-1
271,78,8,842,99,171,1,-1,-1,-1
271,81,1538,140,114,179,1,-1,-1,-1
271,83,1416,494,118,134,1,-1,-1,-1
271,86,2190,340,198,274,1,-1,-1,-1
271,87,1086,557,149,232,1,-1,-1,-1
271,88,1652,528,88,168,1,-1,-1,-1
271,90,1237,575,91,160,1,-1,-1,-1
271,91,1381,457,171,206,1,-1,-1,-1
271,92,1856,580,202,95,1,-1,-1,-1
271,93,1081,622,126,181,1,-1,-1,-1
272,27,826,748,221,213,1,-1,-1,-1
272,43,1890,615,202,190,1,-1,-1,-1
272,44,1488,662,196,192,1,-1,-1,-1
272,78,6,839,104,180,1,-1,-1,-1
272,81,1540,144,109,171,1,-1,-1,-1
272,83,1417,493,118,134,1,-1,-1,-1
272,86,2187,339,198,274,1,-1,-1,-1
272,87,1085,557,149,232,1,-1,-1,-1
272,88,1651,526,88,168,1,-1,-1,-1
272,90,1234,567,96,168,1,-1,-1,-1
272,91,1382,455,171,206,1,-1,-1,-1
272,92,1858,581,202,95,1,-1,-1,-1
272,93,1079,625,126,181,1,-1,-1,-1
273,27,826,748,221,213,1,-1,-1,-1
273,43,1904,596,168,216,1,-1,-1,-1
273,44,1496,652,176,200,1,-1,-1,-1
273,78,0,844,116,168,1,-1,-1,-1
273,81,1544,140,104,184,1,-1,-1,-1
273,83,1417,493,118,134,1,-1,-1,-1
273,86,2196,340,220,320,1,-1,-1,-1
273,87,1100,556,136,184,1,-1,-1,-1
273,88,1648,488,96,224,1,-1,-1,-1
273,90,1236,572,96,180,1,-1,-1,-1
273,91,1382,455,171,206,1,-1,-1,-1
273,92,1858,581,202,95,1,-1,-1,-1
273,93,1088,616,132,176,1,-1,-1,-1
273,94,968,576,108,188,1,-1,-1,-1
274,27,824,748,221,213,1,-1,-1,-1
274,43,1903,597,168,216,1,-1,-1,-1
274,44,1495,652,176,200,1,-1,-1,-1
274,78,0,845,116,168,1,-1,-1,-1
274,81,1543,141,104,184,1,-1,-1,-1
274,83,1417,492,118,134,1,-1,-1,-1
274,86,2195,341,220,320,1,-1,-1,-1
274,87,1098,555,136,184,1,-1,-1,-1
274,88,1648,489,96,224,1,-1,-1,-1
274,90,1235,571,96,180,1,-1,-1,-1
274,91,1381,454,171,206,1,-1,-1,-1
274,92,1834,578,212,100,1,-1,-1,-1
274,93,1086,616,132,176,1,-1,-1,-1
274,94,966,577,108,188,1,-1,-1,-1
275,27,827,752,210,203,1,-1,-1,-1
275,43,1902,598,168,216,1,-1,-1,-1
275,44,1494,653,176,200,1,-1,-1,-1
275,78,1,846,116,168,1,-1,-1,-1
275,81,1542,141,104,184,1,-1,-1,-1
275,83,1418,490,118,134,1,-1,-1,-1
275,86,2192,342,220,320,1,-1,-1,-1
275,87,1098,555,136,184,1,-1,-1,-1
275,88,1645,484,101,235,1,-1,-1,-1
275,90,1235,572,96,180,1,-1,-1,-1
275,91,1381,454,171,206,1,-1,-1,-1
275,92,1833,581,212,100,1,-1,-1,-1
275,93,1085,617,132,176,1,-1,-1,-1
275,94,965,577,108,188,1,-1,-1,-1
276,27,827,752,210,203,1,-1,-1,-1
276,43,1901,599,168,216,1,-1,-1,-1
276,44,1493,656,176,200,1,-1,-1,-1
276,78,2,847,116,168,1,-1,-1,-1
276,81,1540,143,104,184,1,-1,-1,-1
276,83,1418,490,118,134,1,-1,-1,-1
276,86,2194,342,220,320,1,-1,-1,-1
276,87,1097,554,136,184,1,-1,-1,-1
276,88,1644,483,101,235,1,-1,-1,-1
276,90,1235,573,96,180,1,-1,-1,-1
276,91,1380,450,180,216,1,-1,-1,-1
276,92,1830,582,212,100,1,-1,-1,-1
276,93,1083,617,132,176,1,-1,-1,-1
276,94,964,578,108,188,1,-1,-1,-1
277,27,823,748,221,213,1,-1,-1,-1
277,43,1904,607,160,206,1,-1,-1,-1
277,44,1493,658,176,200,1,-1,-1,-1
277,78,3,848,116,168,1,-1,-1,-1
277,81,1541,149,99,175,1,-1,-1,-1
277,83,1421,491,118,134,1,-1,-1,-1
277,86,2194,346,220,320,1,-1,-1,-1
277,87,1098,554,136,184,1,-1,-1,-1
277,88,1643,488,96,224,1,-1,-1,-1
277,90,1234,575,96,180,1,-1,-1,-1
277,91,1377,444,189,227,1,-1,-1,-1
277,92,1831,588,202,95,1,-1,-1,-1
277,93,1082,618,132,176,1,-1,-1,-1
277,94,963,580,108,188,1,-1,-1,-1
278,27,822,749,221,213,1,-1,-1,-1
278,43,1903,607,160,206,1,-1,-1,-1
278,44,1494,659,176,200,1,-1,-1,-1
278,78,5,847,116,168,1,-1,-1,-1
278,81,1539,147,104,184,1,-1,-1,-1
278,83,1423,489,118,134,1,-1,-1,-1
278,86,2188,342,220,320,1,-1,-1,-1
278,87,1100,554,136,184,1,-1,-1,-1
278,88,1642,487,96,224,1,-1,-1,-1
278,90,1236,574,96,180,1,-1,-1,-1
278,91,1378,445,189,227,1,-1,-1,-1
278,92,1825,589,202,95,1,-1,-1,-1
278,93,1084,616,132,176,1,-1,-1,-1
278,94,963,577,108,188,1,-1,-1,-1
279,27,829,753,210,203,1,-1,-1,-1
279,43,1902,606,160,206,1,-1,-1,-1
279,44,1497,659,176,200,1,-1,-1,-1
279,78,6,844,116,168,1,-1,-1,-1
279,81,1543,151,99,175,1,-1,-1,-1
279,83,1425,489,118,134,1,-1,-1,-1
279,86,2183,330,231,336,1,-1,-1,-1
279,87,1101,553,136,184,1,-1,-1,-1
279,88,1641,477,101,235,1,-1,-1,-1
279,90,1237,573,96,180,1,-1,-1,-1
279,91,1386,448,180,216,1,-1,-1,-1
279,92,1823,592,192,91,1,-1,-1,-1
279,93,1084,616,132,176,1,-1,-1,-1
279,94,960,573,113,197,1,-1,-1,-1
280,27,830,750,210,203,1,-1,-1,-1
280,43,1904,603,160,206,1,-1,-1,-1
280,44,1500,659,176,200,1,-1,-1,-1
280,78,8,839,116,168,1,-1,-1,-1
280,81,1543,150,99,175,1,-1,-1,-1
280,83,1430,490,112,128,1,-1,-1,-1
280,86,2188,328,231,336,1,-1,-1,-1
280,87,1099,549,143,193,1,-1,-1,-1
280,88,1644,480,96,224,1,-1,-1,-1
280,90,1241,572,96,180,1,-1,-1,-1
280,93,1086,612,132,176,1,-1,-1,-1
280,94,962,573,113,197,1,-1,-1,-1
281,27,824,668,216,288,1,-1,-1,-1
281,43,1904,603,160,206,1,-1,-1,-1
281,44,1508,672,180,180,1,-1,-1,-1
281,78,0,832,120,176,1,-1,-1,-1
281,81,1543,150,99,175,1,-1,-1,-1
281,83,1430,490,112,128,1,-1,-1,-1
281,86,2224,316,184,316,1,-1,-1,-1
281,87,1100,520,156,224,1,-1,-1,-1
281,88,1644,452,96,244,1,-1,-1,-1
281,90,1241,572,96,180,1,-1,-1,-1
281,93,1086,612,132,176,1,-1,-1,-1
281,94,960,552,160,248,1,-1,-1,-1
281,95,1368,436,208,228,1,-1,-1,-1
281,96,1848,564,160,224,1,-1,-1,-1
281,97,1924,136,220,224,1,-1,-1,-1
281,98,1572,292,120,256,1,-1,-1,-1
282,27,825,663,216,288,1,-1,-1,-1
282,43,1910,590,160,206,1,-1,-1,-1
282,44,1517,671,171,171,1,-1,-1,-1
282,78,4,824,120,176,1,-1,-1,-1
282,81,1547,138,99,175,1,-1,-1,-1
282,83,1438,478,112,128,1,-1,-1,-1
282,86,2225,312,184,316,1,-1,-1,-1
282,87,1101,514,156,224,1,-1,-1,-1
282,88,1647,454,91,232,1,-1,-1,-1
282,90,1250,555,96,180,1,-1,-1,-1
282,93,1089,595,139,185,1,-1,-1,-1
282,94,958,540,168,260,1,-1,-1,-1
282,95,1371,426,208,228,1,-1,-1,-1
282,96,1850,559,160,224,1,-1,-1,-1
282,97,1924,131,220,224,1,-1,-1,-1
282,98,1572,288,120,256,1,-1,-1,-1
283,27,830,657,216,288,1,-1,-1,-1
283,43,1919,581,160,206,1,-1,-1,-1
283,44,1523,659,171,171,1,-1,-1,-1
283,78,10,813,120,176,1,-1,-1,-1
283,81,1547,130,99,175,1,-1,-1,-1
283,83,1443,463,112,128,1,-1,-1,-1
283,86,2234,315,175,301,1,-1,-1,-1
283,87,1107,505,156,224,1,-1,-1,-1
283,88,1650,445,87,221,1,-1,-1,-1
283,90,1255,539,96,180,1,-1,-1,-1
283,93,1091,586,139,185,1,-1,-1,-1
283,94,963,531,168,260,1,-1,-1,-1
283,95,1380,425,198,217,1,-1,-1,-1
283,96,1852,545,160,224,1,-1,-1,-1
283,97,1926,119,220,224,1,-1,-1,-1
283,98,1574,277,120,256,1,-1,-1,-1
284,27,840,639,216,288,1,-1,-1,-1
284,43,1927,567,160,206,1,-1,-1,-1
284,44,1529,647,171,171,1,-1,-1,-1
284,78,17,797,120,176,1,-1,-1,-1
284,81,1549,110,104,184,1,-1,-1,-1
284,83,1450,448,112,128,1,-1,-1,-1
284,86,2238,284,184,316,1,-1,-1,-1
284,87,1112,489,156,224,1,-1,-1,-1
284,88,1656,428,87,221,1,-1,-1,-1
284,90,1260,520,101,189,1,-1,-1,-1
284,93,1094,571,139,185,1,-1,-1,-1
284,94,969,516,168,260,1,-1,-1,-1
284,95,1382,401,208,228,1,-1,-1,-1
284,96,1856,530,160,224,1,-1,-1,-1
284,97,1928,104,220,224,1,-1,-1,-1
284,98,1576,264,120,256,1,-1,-1,-1
285,27,835,633,216,288,1,-1,-1,-1
285,43,1932,561,152,196,1,-1,-1,-1
285,44,1531,640,171,171,1,-1,-1,-1
285,78,18,791,120,176,1,-1,-1,-1
285,81,1549,97,104,184,1,-1,-1,-1
285,83,1451,435,112,128,1,-1,-1,-1
285,86,2239,277,184,316,1,-1,-1,-1
285,87,1114,483,156,224,1,-1,-1,-1
285,88,1657,422,87,221,1,-1,-1,-1
285,90,1266,506,101,189,1,-1,-1,-1
285,93,1095,564,139,185,1,-1,-1,-1
285,94,972,514,168,260,1,-1,-1,-1
285,95,1390,400,198,217,1,-1,-1,-1
285,96,1856,526,160,224,1,-1,-1,-1
285,97,1927,98,220,224,1,-1,-1,-1
285,98,1580,262,114,244,1,-1,-1,-1
286,27,834,632,216,288,1,-1,-1,-1
286,44,1531,637,171,171,1,-1,-1,-1
286,78,19,790,120,176,1,-1,-1,-1
286,81,1549,95,104,184,1,-1,-1,-1
286,83,1455,435,107,122,1,-1,-1,-1
286,86,2232,258,193,332,1,-1,-1,-1
286,87,1111,482,156,224,1,-1,-1,-1
286,88,1657,417,87,221,1,-1,-1,-1
286,90,1263,502,106,198,1,-1,-1,-1
286,93,1098,568,132,176,1,-1,-1,-1
286,94,969,507,168,260,1,-1,-1,-1
286,95,1390,395,198,217,1,-1,-1,-1
286,96,1852,525,160,224,1,-1,-1,-1
286,97,1926,95,220,224,1,-1,-1,-1
286,98,1581,259,114,244,1,-1,-1,-1
287,27,836,630,216,288,1,-1,-1,-1
287,44,1532,636,171,171,1,-1,-1,-1
287,78,21,790,120,176,1,-1,-1,-1
287,83,1457,434,107,122,1,-1,-1,-1
287,86,2236,267,184,316,1,-1,-1,-1
287,87,1117,485,149,213,1,-1,-1,-1
287,88,1657,418,87,221,1,-1,-1,-1
287,93,1100,566,132,176,1,-1,-1,-1
287,94,966,506,168,260,1,-1,-1,-1
287,95,1392,395,198,217,1,-1,-1,-1
287,96,1852,525,160,224,1,-1,-1,-1
287,97,1926,94,220,224,1,-1,-1,-1
287,98,1575,253,120,256,1,-1,-1,-1
288,27,837,627,216,288,1,-1,-1,-1
288,44,1532,637,171,171,1,-1,-1,-1
288,78,22,791,120,176,1,-1,-1,-1
288,83,1458,434,107,122,1,-1,-1,-1
288,86,2239,266,184,316,1,-1,-1,-1
288,87,1118,482,149,213,1,-1,-1,-1
288,88,1655,411,91,232,1,-1,-1,-1
288,93,1103,563,132,176,1,-1,-1,-1
288,94,970,510,160,248,1,-1,-1,-1
288,95,1392,396,198,217,1,-1,-1,-1
288,96,1850,528,160,224,1,-1,-1,-1
288,97,1920,89,231,235,1,-1,-1,-1
288,98,1577,262,114,244,1,-1,-1,-1
289,27,837,627,216,288,1,-1,-1,-1
289,44,1540,632,184,176,1,-1,-1,-1
289,78,0,788,156,180,1,-1,-1,-1
289,83,1458,434,107,122,1,-1,-1,-1
289,86,2239,266,184,316,1,-1,-1,-1
289,87,1124,484,132,212,1,-1,-1,-1
289,88,1652,408,96,240,1,-1,-1,-1
289,93,1103,563,132,176,1,-1,-1,-1
289,94,1008,532,96,216,1,-1,-1,-1
289,95,1452,404,132,220,1,-1,-1,-1
289,96,1860,528,188,232,1,-1,-1,-1
289,97,1920,89,231,235,1,-1,-1,-1
289,98,1577,262,114,244,1,-1,-1,-1
289,99,1368,404,112,220,1,-1,-1,-1
289,100,840,780,116,136,1,-1,-1,-1
289,101,1276,588,88,104,1,-1,-1,-1
290,27,841,628,216,288,1,-1,-1,-1
290,44,1541,631,184,176,1,-1,-1,-1
290,78,3,787,156,180,1,-1,-1,-1
290,83,1462,433,107,122,1,-1,-1,-1
290,86,2234,255,184,316,1,-1,-1,-1
290,87,1126,482,132,212,1,-1,-1,-1
290,88,1651,406,96,240,1,-1,-1,-1
290,93,1113,559,132,176,1,-1,-1,-1
290,94,1008,531,96,216,1,-1,-1,-1
290,95,1453,404,132,220,1,-1,-1,-1
290,96,1859,527,188,232,1,-1,-1,-1
290,97,1913,90,231,235,1,-1,-1,-1
290,99,1367,404,112,220,1,-1,-1,-1
290,100,840,779,116,136,1,-1,-1,-1
290,101,1278,586,88,104,1,-1,-1,-1
291,27,838,626,216,288,1,-1,-1,-1
291,44,1542,629,184,176,1,-1,-1,-1
291,78,5,788,156,180,1,-1,-1,-1
291,83,1464,432,107,122,1,-1,-1,-1
291,86,2239,268,175,301,1,-1,-1,-1
291,87,1127,481,132,212,1,-1,-1,-1
291,88,1652,406,96,240,1,-1,-1,-1
291,93,1115,552,132,176,1,-1,-1,-1
291,94,1010,529,96,216,1,-1,-1,-1
291,95,1454,403,132,220,1,-1,-1,-1
291,96,1858,528,188,232,1,-1,-1,-1
291,97,1912,91,231,235,1,-1,-1,-1
291,99,1367,404,112,220,1,-1,-1,-1
291,100,839,779,116,136,1,-1,-1,-1
291,101,1280,583,88,104,1,-1,-1,-1
292,27,830,622,227,302,1,-1,-1,-1
292,44,1542,630,184,176,1,-1,-1,-1
292,78,7,786,156,180,1,-1,-1,-1
292,83,1462,428,112,128,1,-1,-1,-1
292,86,2240,270,175,301,1,-1,-1,-1
292,87,1131,486,126,202,1,-1,-1,-1
292,88,1651,403,96,240,1,-1,-1,-1
292,93,1117,555,132,176,1,-1,-1,-1
292,94,1010,528,96,216,1,-1,-1,-1
292,95,1453,402,132,220,1,-1,-1,-1
292,96,1857,527,188,232,1,-1,-1,-1
292,97,1904,91,231,235,1,-1,-1,-1
292,99,1366,404,112,220,1,-1,-1,-1
292,100,837,777,116,136,1,-1,-1,-1
292,101,1279,581,88,104,1,-1,-1,-1
293,27,834,627,216,288,1,-1,-1,-1
293,44,1540,631,184,176,1,-1,-1,-1
293,78,10,787,156,180,1,-1,-1,-1
293,83,1460,428,112,128,1,-1,-1,-1
293,87,1130,486,126,202,1,-1,-1,-1
293,88,1651,405,96,240,1,-1,-1,-1
293,93,1121,561,126,168,1,-1,-1,-1
293,94,1010,527,96,216,1,-1,-1,-1
293,95,1451,404,132,220,1,-1,-1,-1
293,96,1854,528,188,232,1,-1,-1,-1
293,97,1899,91,231,235,1,-1,-1,-1
293,99,1364,404,112,220,1,-1,-1,-1
293,100,835,776,116,136,1,-1,-1,-1
293,101,1279,576,88,104,1,-1,-1,-1
294,27,827,631,216,288,1,-1,-1,-1
294,44,1537,633,184,176,1,-1,-1,-1
294,78,11,790,156,180,1,-1,-1,-1
294,83,1457,424,118,134,1,-1,-1,-1
294,87,1130,488,126,202,1,-1,-1,-1
294,88,1647,405,96,240,1,-1,-1,-1
294,94,1008,529,96,216,1,-1,-1,-1
294,95,1449,407,132,220,1,-1,-1,-1
294,96,1849,531,188,232,1,-1,-1,-1
294,97,1890,93,231,235,1,-1,-1,-1
294,99,1357,400,118,231,1,-1,-1,-1
294,100,832,776,116,136,1,-1,-1,-1
294,101,1282,577,84,99,1,-1,-1,-1
295,27,820,634,216,288,1,-1,-1,-1
295,44,1532,639,184,176,1,-1,-1,-1
295,78,10,793,156,180,1,-1,-1,-1
295,83,1456,429,118,134,1,-1,-1,-1
295,87,1127,495,126,202,1,-1,-1,-1
295,88,1644,414,91,229,1,-1,-1,-1
295,94,1008,530,96,216,1,-1,-1,-1
295,95,1447,413,132,220,1,-1,-1,-1
295,96,1844,534,188,232,1,-1,-1,-1
295,97,1883,98,231,235,1,-1,-1,-1
295,99,1350,403,118,231,1,-1,-1,-1
295,100,829,780,116,136,1,-1,-1,-1
295,101,1281,578,84,99,1,-1,-1,-1
296,27,822,645,216,288,1,-1,-1,-1
296,44,1528,653,184,176,1,-1,-1,-1
296,78,7,805,156,180,1,-1,-1,-1
296,83,1453,439,118,134,1,-1,-1,-1
296,87,1125,507,126,202,1,-1,-1,-1
296,88,1638,424,91,229,1,-1,-1,-1
296,94,1008,550,91,206,1,-1,-1,-1
296,95,1445,423,132,220,1,-1,-1,-1
296,96,1834,545,197,244,1,-1,-1,-1
296,99,1349,413,118,231,1,-1,-1,-1
296,100,823,792,116,136,1,-1,-1,-1
296,101,1278,589,84,99,1,-1,-1,-1
297,27,822,645,216,288,1,-1,-1,-1
297,44,1524,652,180,196,1,-1,-1,-1
297,78,0,824,156,180,1,-1,-1,-1
297,83,1453,439,118,134,1,-1,-1,-1
297,87,1125,507,126,202,1,-1,-1,-1
297,88,1616,416,96,268,1,-1,-1,-1
297,94,984,548,148,244,1,-1,-1,-1
297,95,1436,452,144,220,1,-1,-1,-1
297,96,1834,545,197,244,1,-1,-1,-1
297,99,1349,413,118,231,1,-1,-1,-1
297,100,820,784,112,172,1,-1,-1,-1
297,101,1272,512,92,176,1,-1,-1,-1
297,102,1816,528,108,204,1,-1,-1,-1
297,103,1912,580,120,240,1,-1,-1,-1
297,104,1320,436,112,220,1,-1,-1,-1
297,105,1884,156,164,208,1,-1,-1,-1
298,27,801,681,216,288,1,-1,-1,-1
298,44,1518,669,180,196,1,-1,-1,-1
298,78,0,839,152,180,1,-1,-1,-1
298,83,1443,466,118,134,1,-1,-1,-1
298,87,1114,531,132,212,1,-1,-1,-1
298,88,1613,433,96,268,1,-1,-1,-1
298,94,980,566,148,244,1,-1,-1,-1
298,95,1432,468,144,220,1,-1,-1,-1
298,96,1819,578,197,244,1,-1,-1,-1
298,99,1331,449,118,231,1,-1,-1,-1
298,100,814,801,112,172,1,-1,-1,-1
298,101,1267,529,92,176,1,-1,-1,-1
298,102,1810,549,108,204,1,-1,-1,-1
298,103,1907,600,120,240,1,-1,-1,-1
298,104,1316,457,112,220,1,-1,-1,-1
298,105,1875,173,164,208,1,-1,-1,-1
299,27,795,695,216,288,1,-1,-1,-1
299,44,1513,681,180,196,1,-1,-1,-1
299,78,0,850,148,180,1,-1,-1,-1
299,83,1442,480,118,134,1,-1,-1,-1
299,87,1110,540,132,212,1,-1,-1,-1
299,94,978,580,141,232,1,-1,-1,-1
299,95,1429,479,144,220,1,-1,-1,-1
299,96,1818,593,197,244,1,-1,-1,-1
299,99,1329,468,118,231,1,-1,-1,-1
299,100,809,812,112,172,1,-1,-1,-1
299,101,1263,542,92,176,1,-1,-1,-1
299,102,1800,560,103,194,1,-1,-1,-1
299,103,1904,613,120,240,1,-1,-1,-1
299,104,1310,467,112,220,1,-1,-1,-1
299,105,1872,190,156,198,1,-1,-1,-1
300,27,791,700,216,288,1,-1,-1,-1
300,44,1511,685,180,196,1,-1,-1,-1
300,78,0,856,147,180,1,-1,-1,-1
300,83,1442,485,118,134,1,-1,-1,-1
300,87,1112,545,126,202,1,-1,-1,-1
300,94,972,580,148,244,1,-1,-1,-1
300,95,1431,487,137,210,1,-1,-1,-1
300,96,1811,595,207,256,1,-1,-1,-1
300,99,1321,467,118,231,1,-1,-1,-1
300,100,803,813,118,181,1,-1,-1,-1
300,101,1261,548,92,176,1,-1,-1,-1
300,102,1794,566,103,194,1,-1,-1,-1
300,103,1901,616,120,240,1,-1,-1,-1
300,104,1308,479,107,210,1,-1,-1,-1
300,105,1866,195,156,198,1,-1,-1,-1
301,27,785,704,216,288,1,-1,-1,-1
301,44,1509,688,180,196,1,-1,-1,-1
301,78,0,856,147,180,1,-1,-1,-1
301,83,1444,490,112,128,1,-1,-1,-1
301,87,1112,543,126,202,1,-1,-1,-1
301,94,969,584,148,244,1,-1,-1,-1
301,95,1429,490,137,210,1,-1,-1,-1
301,96,1810,596,207,256,1,-1,-1,-1
301,99,1318,468,118,231,1,-1,-1,-1
301,100,799,816,118,181,1,-1,-1,-1
301,101,1258,550,92,176,1,-1,-1,-1
301,102,1788,570,103,194,1,-1,-1,-1
301,103,1902,621,114,229,1,-1,-1,-1
301,104,1302,477,112,220,1,-1,-1,-1
301,105,1862,198,156,198,1,-1,-1,-1
302,44,1507,692,180,196,1,-1,-1,-1
302,78,0,859,146,180,1,-1,-1,-1
302,83,1443,493,112,128,1,-1,-1,-1
302,87,1111,545,126,202,1,-1,-1,-1
302,94,966,590,148,244,1,-1,-1,-1
302,95,1430,495,137,210,1,-1,-1,-1
302,100,796,817,118,181,1,-1,-1,-1
302,101,1256,556,92,176,1,-1,-1,-1
302,102,1781,578,98,185,1,-1,-1,-1
302,103,1897,624,114,229,1,-1,-1,-1
302,104,1298,481,112,220,1,-1,-1,-1
302,105,1853,202,156,198,1,-1,-1,-1
303,44,1504,696,180,196,1,-1,-1,-1
303,78,0,860,144,180,1,-1,-1,-1
303,83,1446,501,107,122,1,-1,-1,-1
303,94,963,593,148,244,1,-1,-1,-1
303,95,1429,496,137,210,1,-1,-1,-1
303,100,796,824,112,172,1,-1,-1,-1
303,101,1256,562,88,168,1,-1,-1,-1
303,102,1776,583,98,185,1,-1,-1,-1
303,103,1895,625,114,229,1,-1,-1,-1
303,104,1295,485,112,220,1,-1,-1,-1
303,105,1849,207,156,198,1,-1,-1,-1
304,44,1502,700,180,196,1,-1,-1,-1
304,78,0,865,142,180,1,-1,-1,-1
304,94,958,590,155,256,1,-1,-1,-1
304,95,1426,493,144,220,1,-1,-1,-1
304,100,794,829,112,172,1,-1,-1,-1
304,101,1254,564,88,168,1,-1,-1,-1
304,102,1770,584,103,194,1,-1,-1,-1
304,103,1897,634,109,218,1,-1,-1,-1
304,104,1291,489,112,220,1,-1,-1,-1
304,105,1849,216,149,189,1,-1,-1,-1
