1,0,1960,324,200,236,1,-1,-1,-1
1,1,388,648,176,184,1,-1,-1,-1
1,2,1368,124,92,264,1,-1,-1,-1
1,3,692,608,140,172,1,-1,-1,-1
1,4,1200,508,220,196,1,-1,-1,-1
1,5,312,580,164,196,1,-1,-1,-1
1,6,1540,284,128,192,1,-1,-1,-1
1,7,2140,104,112,272,1,-1,-1,-1
1,8,1496,448,216,204,1,-1,-1,-1
1,9,1168,424,256,156,1,-1,-1,-1
1,10,836,504,128,164,1,-1,-1,-1
1,11,1588,440,244,212,1,-1,-1,-1
1,12,1472,64,104,228,1,-1,-1,-1
2,0,1961,326,200,236,1,-1,-1,-1
2,1,389,650,176,184,1,-1,-1,-1
2,2,1370,133,88,251,1,-1,-1,-1
2,3,692,611,140,172,1,-1,-1,-1
2,4,1201,511,220,196,1,-1,-1,-1
2,5,312,582,164,196,1,-1,-1,-1
2,6,1541,286,128,192,1,-1,-1,-1
2,7,2141,105,112,272,1,-1,-1,-1
2,8,1497,450,216,204,1,-1,-1,-1
2,9,1172,428,256,156,1,-1,-1,-1
2,10,836,507,128,164,1,-1,-1,-1
2,11,1589,443,244,212,1,-1,-1,-1
2,12,1475,72,99,217,1,-1,-1,-1
3,0,1962,331,200,236,1,-1,-1,-1
3,1,390,654,176,184,1,-1,-1,-1
3,2,1370,136,88,251,1,-1,-1,-1
3,3,694,619,133,164,1,-1,-1,-1
3,4,1205,514,220,196,1,-1,-1,-1
3,5,314,586,164,196,1,-1,-1,-1
3,6,1540,290,128,192,1,-1,-1,-1
3,7,2142,108,112,272,1,-1,-1,-1
3,8,1500,455,216,204,1,-1,-1,-1
3,9,1180,436,244,149,1,-1,-1,-1
3,10,836,512,128,164,1,-1,-1,-1
3,11,1588,449,244,212,1,-1,-1,-1
3,12,1472,68,104,228,1,-1,-1,-1
4,0,1962,331,200,236,1,-1,-1,-1
4,1,393,656,176,184,1,-1,-1,-1
4,2,1370,138,88,251,1,-1,-1,-1
4,3,695,621,133,164,1,-1,-1,-1
4,4,1212,526,210,187,1,-1,-1,-1
4,5,315,591,164,196,1,-1,-1,-1
4,6,1541,298,122,183,1,-1,-1,-1
4,7,2142,109,112,272,1,-1,-1,-1
4,8,1502,458,216,204,1,-1,-1,-1
4,9,1183,438,244,149,1,-1,-1,-1
4,10,835,516,128,164,1,-1,-1,-1
4,11,1590,453,244,212,1,-1,-1,-1
4,12,1474,77,99,217,1,-1,-1,-1
5,0,1962,336,200,236,1,-1,-1,-1
5,1,396,658,176,184,1,-1,-1,-1
5,2,1366,137,88,251,1,-1,-1,-1
5,3,693,620,140,172,1,-1,-1,-1
5,4,1216,529,210,187,1,-1,-1,-1
5,5,317,596,164,196,1,-1,-1,-1
5,6,1541,301,122,183,1,-1,-1,-1
5,7,2142,111,112,272,1,-1,-1,-1
5,8,1504,461,216,204,1,-1,-1,-1
5,9,1178,439,256,156,1,-1,-1,-1
5,10,838,524,122,156,1,-1,-1,-1
5,11,1599,464,232,202,1,-1,-1,-1
5,12,1471,82,99,217,1,-1,-1,-1
6,0,1959,337,200,236,1,-1,-1,-1
6,1,395,662,176,184,1,-1,-1,-1
6,2,1365,142,88,251,1,-1,-1,-1
6,3,688,619,147,181,1,-1,-1,-1
6,4,1222,535,200,178,1,-1,-1,-1
6,5,317,599,164,196,1,-1,-1,-1
6,6,1541,304,122,183,1,-1,-1,-1
6,7,2142,113,112,272,1,-1,-1,-1
6,8,1510,467,206,194,1,-1,-1,-1
6,9,1177,442,256,156,1,-1,-1,-1
6,10,837,528,122,156,1,-1,-1,-1
6,11,1594,461,244,212,1,-1,-1,-1
6,12,1465,82,104,228,1,-1,-1,-1
7,0,1960,339,200,236,1,-1,-1,-1
7,1,397,665,176,184,1,-1,-1,-1
7,2,1365,149,88,251,1,-1,-1,-1
7,3,689,624,147,181,1,-1,-1,-1
7,4,1221,532,210,187,1,-1,-1,-1
7,5,316,601,164,196,1,-1,-1,-1
7,6,1540,306,122,183,1,-1,-1,-1
7,7,2143,114,112,272,1,-1,-1,-1
7,8,1516,474,196,185,1,-1,-1,-1
7,9,1181,446,256,156,1,-1,-1,-1
7,10,836,530,122,156,1,-1,-1,-1
7,11,1601,468,232,202,1,-1,-1,-1
7,12,1466,87,99,217,1,-1,-1,-1
8,0,1960,342,200,236,1,-1,-1,-1
8,1,400,665,176,184,1,-1,-1,-1
8,2,1365,152,88,251,1,-1,-1,-1
8,3,690,626,147,181,1,-1,-1,-1
8,4,1224,531,210,187,1,-1,-1,-1
8,5,319,604,164,196,1,-1,-1,-1
8,6,1539,308,122,183,1,-1,-1,-1
8,7,2141,113,112,272,1,-1,-1,-1
8,8,1519,477,196,185,1,-1,-1,-1
8,9,1183,448,244,149,1,-1,-1,-1
8,10,836,530,122,156,1,-1,-1,-1
8,11,1604,474,232,202,1,-1,-1,-1
8,12,1465,92,99,217,1,-1,-1,-1
9,0,1996,328,164,256,1,-1,-1,-1
9,1,380,660,172,196,1,-1,-1,-1
9,2,1360,168,100,248,1,-1,-1,-1
9,3,690,626,147,181,1,-1,-1,-1
9,4,1216,524,264,196,1,-1,-1,-1
9,5,312,616,172,180,1,-1,-1,-1
9,6,1528,300,144,228,1,-1,-1,-1
9,7,2141,113,112,272,1,-1,-1,-1
9,8,1492,468,248,200,1,-1,-1,-1
9,9,1208,472,244,176,1,-1,-1,-1
9,10,836,530,122,156,1,-1,-1,-1
9,11,1692,464,180,152,1,-1,-1,-1
9,12,1432,48,136,268,1,-1,-1,-1
9,13,0,736,52,120,1,-1,-1,-1
9,14,1608,540,180,144,1,-1,-1,-1
9,15,1832,12,164,216,1,-1,-1,-1
9,16,1048,412,176,212,1,-1,-1,-1
9,17,540,588,136,148,1,-1,-1,-1
9,18,984,604,168,160,1,-1,-1,-1
10,0,1997,329,164,256,1,-1,-1,-1
10,1,382,663,172,196,1,-1,-1,-1
10,2,1361,167,100,248,1,-1,-1,-1
10,3,691,635,147,181,1,-1,-1,-1
10,4,1217,527,264,196,1,-1,-1,-1
10,5,318,622,164,171,1,-1,-1,-1
10,6,1530,302,144,228,1,-1,-1,-1
10,7,2143,113,112,272,1,-1,-1,-1
10,8,1494,469,248,200,1,-1,-1,-1
10,9,1211,473,244,176,1,-1,-1,-1
10,10,837,535,122,156,1,-1,-1,-1
10,11,1695,466,180,152,1,-1,-1,-1
10,12,1433,49,136,268,1,-1,-1,-1
10,13,3,740,52,120,1,-1,-1,-1
10,14,1612,542,180,144,1,-1,-1,-1
10,15,1828,14,164,216,1,-1,-1,-1
10,16,1054,419,168,202,1,-1,-1,-1
10,17,542,589,136,148,1,-1,-1,-1
10,18,983,606,168,160,1,-1,-1,-1
11,0,1998,331,164,256,1,-1,-1,-1
11,1,384,665,172,196,1,-1,-1,-1
11,2,1362,168,100,248,1,-1,-1,-1
11,3,694,637,147,181,1,-1,-1,-1
11,4,1223,528,264,196,1,-1,-1,-1
11,5,320,624,164,171,1,-1,-1,-1
11,6,1527,299,151,239,1,-1,-1,-1
11,7,2144,111,112,272,1,-1,-1,-1
11,8,1495,471,248,200,1,-1,-1,-1
11,9,1216,473,244,176,1,-1,-1,-1
11,10,837,538,122,156,1,-1,-1,-1
11,11,1696,468,180,152,1,-1,-1,-1
11,12,1429,42,143,281,1,-1,-1,-1
11,13,11,741,52,120,1,-1,-1,-1
11,14,1620,544,180,144,1,-1,-1,-1
11,15,1825,15,164,216,1,-1,-1,-1
11,16,1056,421,168,202,1,-1,-1,-1
11,17,545,591,136,148,1,-1,-1,-1
11,18,984,611,168,160,1,-1,-1,-1
12,0,1999,337,164,256,1,-1,-1,-1
12,1,385,668,172,196,1,-1,-1,-1
12,2,1364,169,100,248,1,-1,-1,-1
12,3,694,636,147,181,1,-1,-1,-1
12,4,1221,531,264,196,1,-1,-1,-1
12,5,318,621,172,180,1,-1,-1,-1
12,6,1525,303,151,239,1,-1,-1,-1
12,7,2146,108,112,272,1,-1,-1,-1
12,8,1504,480,236,190,1,-1,-1,-1
12,9,1228,479,232,168,1,-1,-1,-1
12,10,837,539,122,156,1,-1,-1,-1
12,11,1702,474,171,145,1,-1,-1,-1
12,12,1430,54,136,268,1,-1,-1,-1
12,13,16,747,52,120,1,-1,-1,-1
12,14,1631,549,171,137,1,-1,-1,-1
12,15,1820,17,164,216,1,-1,-1,-1
12,16,1060,423,168,202,1,-1,-1,-1
12,17,548,593,136,148,1,-1,-1,-1
12,18,983,614,168,160,1,-1,-1,-1
13,0,1998,338,164,256,1,-1,-1,-1
13,1,387,671,172,196,1,-1,-1,-1
13,2,1365,171,100,248,1,-1,-1,-1
13,3,696,636,147,181,1,-1,-1,-1
13,4,1226,531,264,196,1,-1,-1,-1
13,5,319,623,172,180,1,-1,-1,-1
13,6,1530,310,144,228,1,-1,-1,-1
13,7,2150,102,112,272,1,-1,-1,-1
13,8,1509,484,225,181,1,-1,-1,-1
13,9,1226,474,244,176,1,-1,-1,-1
13,10,837,541,122,156,1,-1,-1,-1
13,11,1707,478,163,138,1,-1,-1,-1
13,12,1430,56,136,268,1,-1,-1,-1
13,13,23,751,52,120,1,-1,-1,-1
13,14,1632,554,171,137,1,-1,-1,-1
13,15,1816,19,164,216,1,-1,-1,-1
13,16,1059,427,168,202,1,-1,-1,-1
13,17,550,594,136,148,1,-1,-1,-1
13,18,983,617,168,160,1,-1,-1,-1
14,0,2000,339,164,256,1,-1,-1,-1
14,1,384,668,181,206,1,-1,-1,-1
14,2,1364,174,100,248,1,-1,-1,-1
14,3,696,638,147,181,1,-1,-1,-1
14,4,1227,535,264,196,1,-1,-1,-1
14,5,321,626,172,180,1,-1,-1,-1
14,6,1533,319,137,217,1,-1,-1,-1
14,7,2151,105,112,272,1,-1,-1,-1
14,8,1514,488,225,181,1,-1,-1,-1
14,9,1230,475,244,176,1,-1,-1,-1
14,10,837,542,122,156,1,-1,-1,-1
14,11,1707,478,163,138,1,-1,-1,-1
14,12,1429,61,136,268,1,-1,-1,-1
14,13,26,756,52,120,1,-1,-1,-1
14,14,1634,554,171,137,1,-1,-1,-1
14,15,1811,21,164,216,1,-1,-1,-1
14,16,1060,426,168,202,1,-1,-1,-1
14,17,553,596,136,148,1,-1,-1,-1
14,18,984,619,168,160,1,-1,-1,-1
15,0,2005,340,164,256,1,-1,-1,-1
15,1,386,671,181,206,1,-1,-1,-1
15,2,1362,175,100,248,1,-1,-1,-1
15,3,699,638,147,181,1,-1,-1,-1
15,4,1235,543,251,187,1,-1,-1,-1
15,5,324,629,172,180,1,-1,-1,-1
15,6,1534,322,137,217,1,-1,-1,-1
15,7,2154,110,107,259,1,-1,-1,-1
15,8,1511,485,236,190,1,-1,-1,-1
15,9,1233,475,244,176,1,-1,-1,-1
15,10,839,544,122,156,1,-1,-1,-1
15,11,1714,481,163,138,1,-1,-1,-1
15,12,1430,61,136,268,1,-1,-1,-1
15,13,31,760,52,120,1,-1,-1,-1
15,14,1637,552,180,144,1,-1,-1,-1
15,15,1807,25,164,216,1,-1,-1,-1
15,16,1055,425,176,212,1,-1,-1,-1
15,17,557,599,136,148,1,-1,-1,-1
15,18,983,623,168,160,1,-1,-1,-1
16,0,2005,342,164,256,1,-1,-1,-1
16,1,388,674,181,206,1,-1,-1,-1
16,2,1361,177,100,248,1,-1,-1,-1
16,3,700,640,147,181,1,-1,-1,-1
16,4,1236,541,251,187,1,-1,-1,-1
16,5,327,632,172,180,1,-1,-1,-1
16,6,1536,329,131,207,1,-1,-1,-1
16,7,2154,107,107,259,1,-1,-1,-1
16,8,1513,487,236,190,1,-1,-1,-1
16,9,1238,471,244,176,1,-1,-1,-1
16,10,840,548,122,156,1,-1,-1,-1
16,11,1711,484,163,138,1,-1,-1,-1
16,12,1427,60,136,268,1,-1,-1,-1
16,13,34,764,52,120,1,-1,-1,-1
16,14,1645,553,180,144,1,-1,-1,-1
16,15,1800,26,164,216,1,-1,-1,-1
16,16,1055,428,176,212,1,-1,-1,-1
16,17,559,601,136,148,1,-1,-1,-1
16,18,982,623,168,160,1,-1,-1,-1
17,0,2004,352,160,244,1,-1,-1,-1
17,1,444,684,124,196,1,-1,-1,-1
17,2,1372,176,100,244,1,-1,-1,-1
17,3,728,636,112,184,1,-1,-1,-1
17,4,1236,548,248,192,1,-1,-1,-1
17,5,336,636,160,184,1,-1,-1,-1
17,6,1524,340,168,212,1,-1,-1,-1
17,7,2144,128,120,232,1,-1,-1,-1
17,8,1536,480,220,180,1,-1,-1,-1
17,9,1224,440,304,180,1,-1,-1,-1
17,10,840,548,122,156,1,-1,-1,-1
17,11,1672,456,224,212,1,-1,-1,-1
17,12,1432,56,132,284,1,-1,-1,-1
17,13,0,768,92,160,1,-1,-1,-1
17,14,1645,553,180,144,1,-1,-1,-1
17,15,1832,36,104,164,1,-1,-1,-1
17,16,1048,412,184,184,1,-1,-1,-1
17,17,559,601,136,148,1,-1,-1,-1
17,18,968,616,176,176,1,-1,-1,-1
17,19,656,564,100,192,1,-1,-1,-1
18,0,2004,354,160,244,1,-1,-1,-1
18,1,445,685,124,196,1,-1,-1,-1
18,2,1375,182,95,232,1,-1,-1,-1
18,3,731,643,107,175,1,-1,-1,-1
18,4,1237,549,248,192,1,-1,-1,-1
18,5,337,639,160,184,1,-1,-1,-1
18,6,1524,341,168,212,1,-1,-1,-1
18,7,2144,127,120,232,1,-1,-1,-1
18,8,1537,482,220,180,1,-1,-1,-1
18,9,1229,446,290,171,1,-1,-1,-1
18,10,841,550,122,156,1,-1,-1,-1
18,11,1674,459,224,212,1,-1,-1,-1
18,12,1430,57,132,284,1,-1,-1,-1
18,13,1,770,92,160,1,-1,-1,-1
18,14,1653,553,180,144,1,-1,-1,-1
18,15,1829,36,104,164,1,-1,-1,-1
18,16,1049,414,184,184,1,-1,-1,-1
18,17,563,602,136,148,1,-1,-1,-1
18,18,968,617,176,176,1,-1,-1,-1
18,19,656,566,100,192,1,-1,-1,-1
19,0,2008,354,160,244,1,-1,-1,-1
19,1,447,688,124,196,1,-1,-1,-1
19,2,1374,185,95,232,1,-1,-1,-1
19,3,732,646,107,175,1,-1,-1,-1
19,4,1242,551,248,192,1,-1,-1,-1
19,5,341,639,160,184,1,-1,-1,-1
19,6,1529,346,160,202,1,-1,-1,-1
19,7,2145,128,120,232,1,-1,-1,-1
19,8,1543,482,220,180,1,-1,-1,-1
19,9,1236,447,290,171,1,-1,-1,-1
19,10,842,552,122,156,1,-1,-1,-1
19,11,1676,458,224,212,1,-1,-1,-1
19,12,1431,56,132,284,1,-1,-1,-1
19,13,3,770,92,160,1,-1,-1,-1
19,14,1662,557,171,137,1,-1,-1,-1
19,15,1827,33,104,164,1,-1,-1,-1
19,16,1049,417,184,184,1,-1,-1,-1
19,17,563,605,136,148,1,-1,-1,-1
19,18,970,618,176,176,1,-1,-1,-1
19,19,657,565,100,192,1,-1,-1,-1
20,0,2007,355,160,244,1,-1,-1,-1
20,1,448,688,124,196,1,-1,-1,-1
20,2,1370,181,100,244,1,-1,-1,-1
20,3,733,645,107,175,1,-1,-1,-1
20,4,1245,554,248,192,1,-1,-1,-1
20,5,343,641,160,184,1,-1,-1,-1
20,6,1534,353,152,192,1,-1,-1,-1
20,7,2144,129,120,232,1,-1,-1,-1
20,8,1547,483,220,180,1,-1,-1,-1
20,9,1238,450,290,171,1,-1,-1,-1
20,10,839,550,128,164,1,-1,-1,-1
20,11,1677,458,224,212,1,-1,-1,-1
20,12,1432,57,132,284,1,-1,-1,-1
20,13,5,770,92,160,1,-1,-1,-1
20,14,1667,559,171,137,1,-1,-1,-1
20,15,1823,31,104,164,1,-1,-1,-1
20,16,1048,419,184,184,1,-1,-1,-1
20,17,561,606,136,148,1,-1,-1,-1
20,18,972,617,176,176,1,-1,-1,-1
20,19,656,566,100,192,1,-1,-1,-1
21,0,2010,353,160,244,1,-1,-1,-1
21,1,449,686,124,196,1,-1,-1,-1
21,2,1370,183,100,244,1,-1,-1,-1
21,3,734,644,107,175,1,-1,-1,-1
21,4,1251,557,236,183,1,-1,-1,-1
21,5,348,642,160,184,1,-1,-1,-1
21,6,1533,354,152,192,1,-1,-1,-1
21,7,2145,129,120,232,1,-1,-1,-1
21,8,1549,484,220,180,1,-1,-1,-1
21,9,1237,450,290,171,1,-1,-1,-1
21,10,841,553,122,156,1,-1,-1,-1
21,11,1680,460,224,212,1,-1,-1,-1
21,12,1429,59,132,284,1,-1,-1,-1
21,13,4,763,97,168,1,-1,-1,-1
21,14,1671,560,171,137,1,-1,-1,-1
21,15,1820,27,104,164,1,-1,-1,-1
21,16,1047,419,184,184,1,-1,-1,-1
21,17,560,609,136,148,1,-1,-1,-1
21,18,972,617,176,176,1,-1,-1,-1
21,19,654,561,105,202,1,-1,-1,-1
22,0,2013,353,160,244,1,-1,-1,-1
22,1,451,685,124,196,1,-1,-1,-1
22,2,1368,177,105,256,1,-1,-1,-1
22,3,733,645,107,175,1,-1,-1,-1
22,4,1256,564,225,174,1,-1,-1,-1
22,5,350,640,160,184,1,-1,-1,-1
22,6,1535,357,145,183,1,-1,-1,-1
22,7,2143,127,120,232,1,-1,-1,-1
22,8,1550,482,220,180,1,-1,-1,-1
22,9,1232,447,304,180,1,-1,-1,-1
22,10,837,551,122,156,1,-1,-1,-1
22,11,1676,456,235,223,1,-1,-1,-1
22,12,1428,60,132,284,1,-1,-1,-1
22,13,6,760,97,168,1,-1,-1,-1
22,14,1671,557,171,137,1,-1,-1,-1
22,15,1815,19,104,164,1,-1,-1,-1
22,16,1047,420,184,184,1,-1,-1,-1
22,17,560,608,136,148,1,-1,-1,-1
22,18,974,617,176,176,1,-1,-1,-1
22,19,654,560,105,202,1,-1,-1,-1
23,0,2010,348,168,256,1,-1,-1,-1
23,1,452,683,124,196,1,-1,-1,-1
23,2,1368,174,105,256,1,-1,-1,-1
23,3,733,642,107,175,1,-1,-1,-1
23,4,1264,565,214,166,1,-1,-1,-1
23,5,352,637,160,184,1,-1,-1,-1
23,6,1536,351,145,183,1,-1,-1,-1
23,7,2142,126,120,232,1,-1,-1,-1
23,8,1558,482,210,171,1,-1,-1,-1
23,9,1229,444,304,180,1,-1,-1,-1
23,10,834,545,128,164,1,-1,-1,-1
23,11,1680,452,235,223,1,-1,-1,-1
23,12,1430,60,132,284,1,-1,-1,-1
23,13,8,757,97,168,1,-1,-1,-1
23,14,1672,556,171,137,1,-1,-1,-1
23,15,1811,16,104,164,1,-1,-1,-1
23,16,1045,418,184,184,1,-1,-1,-1
23,17,561,610,136,148,1,-1,-1,-1
23,18,975,613,176,176,1,-1,-1,-1
23,19,657,564,100,192,1,-1,-1,-1
24,0,2012,347,168,256,1,-1,-1,-1
24,1,453,680,124,196,1,-1,-1,-1
24,2,1366,171,105,256,1,-1,-1,-1
24,3,733,634,107,175,1,-1,-1,-1
24,4,1273,559,204,158,1,-1,-1,-1
24,5,360,636,152,175,1,-1,-1,-1
24,6,1534,345,145,183,1,-1,-1,-1
24,7,2144,129,114,221,1,-1,-1,-1
24,8,1559,479,210,171,1,-1,-1,-1
24,9,1226,441,304,180,1,-1,-1,-1
24,10,833,540,128,164,1,-1,-1,-1
24,11,1680,450,235,223,1,-1,-1,-1
24,12,1428,51,132,284,1,-1,-1,-1
24,13,8,749,97,168,1,-1,-1,-1
24,14,1670,548,180,144,1,-1,-1,-1
24,15,1807,11,99,156,1,-1,-1,-1
24,16,1043,413,184,184,1,-1,-1,-1
24,17,561,606,136,148,1,-1,-1,-1
24,18,973,609,176,176,1,-1,-1,-1
24,19,658,558,100,192,1,-1,-1,-1
25,0,2028,312,148,256,1,-1,-1,-1
25,1,416,656,212,220,1,-1,-1,-1
25,2,1368,180,96,236,1,-1,-1,-1
25,3,728,632,128,176,1,-1,-1,-1
25,4,1260,544,212,184,1,-1,-1,-1
25,5,360,644,168,164,1,-1,-1,-1
25,6,1536,324,160,236,1,-1,-1,-1
25,7,2144,129,114,221,1,-1,-1,-1
25,8,1548,460,260,212,1,-1,-1,-1
25,9,1372,416,164,132,1,-1,-1,-1
25,10,833,540,128,164,1,-1,-1,-1
25,11,1796,452,160,148,1,-1,-1,-1
25,12,1428,96,132,228,1,-1,-1,-1
25,13,0,732,104,188,1,-1,-1,-1
25,14,1660,504,160,180,1,-1,-1,-1
25,15,1720,0,188,204,1,-1,-1,-1
25,16,1064,424,168,164,1,-1,-1,-1
25,17,561,606,136,148,1,-1,-1,-1
25,18,984,572,180,200,1,-1,-1,-1
25,19,676,568,92,124,1,-1,-1,-1
25,20,1444,472,132,196,1,-1,-1,-1
26,0,2030,308,148,256,1,-1,-1,-1
26,1,417,655,212,220,1,-1,-1,-1
26,2,1368,176,96,236,1,-1,-1,-1
26,3,729,629,128,176,1,-1,-1,-1
26,4,1264,541,212,184,1,-1,-1,-1
26,5,362,643,168,164,1,-1,-1,-1
26,6,1537,323,160,236,1,-1,-1,-1
26,7,2143,112,114,221,1,-1,-1,-1
26,8,1557,464,248,202,1,-1,-1,-1
26,9,1375,414,164,132,1,-1,-1,-1
26,10,834,535,128,164,1,-1,-1,-1
26,11,1801,450,160,148,1,-1,-1,-1
26,12,1428,95,132,228,1,-1,-1,-1
26,13,1,730,104,188,1,-1,-1,-1
26,14,1666,506,152,171,1,-1,-1,-1
26,15,1717,0,188,202,1,-1,-1,-1
26,16,1065,423,168,164,1,-1,-1,-1
26,17,562,602,136,148,1,-1,-1,-1
26,18,985,570,180,200,1,-1,-1,-1
26,19,677,565,92,124,1,-1,-1,-1
26,20,1447,469,132,196,1,-1,-1,-1
27,0,2032,306,148,256,1,-1,-1,-1
27,1,420,655,212,220,1,-1,-1,-1
27,2,1368,175,96,236,1,-1,-1,-1
27,3,729,624,134,185,1,-1,-1,-1
27,4,1270,540,212,184,1,-1,-1,-1
27,5,364,641,168,164,1,-1,-1,-1
27,6,1537,321,160,236,1,-1,-1,-1
27,7,2143,110,114,221,1,-1,-1,-1
27,8,1559,464,248,202,1,-1,-1,-1
27,9,1378,414,164,132,1,-1,-1,-1
27,10,835,532,128,164,1,-1,-1,-1
27,11,1808,450,160,148,1,-1,-1,-1
27,12,1427,95,132,228,1,-1,-1,-1
27,13,2,727,104,188,1,-1,-1,-1
27,14,1670,505,152,171,1,-1,-1,-1
27,15,1716,0,188,204,1,-1,-1,-1
27,16,1067,420,168,164,1,-1,-1,-1
27,17,562,601,136,148,1,-1,-1,-1
27,18,984,570,180,200,1,-1,-1,-1
27,19,678,564,92,124,1,-1,-1,-1
27,20,1448,467,132,196,1,-1,-1,-1
28,0,2038,312,141,244,1,-1,-1,-1
28,1,421,654,212,220,1,-1,-1,-1
28,2,1368,174,96,236,1,-1,-1,-1
28,3,731,622,134,185,1,-1,-1,-1
28,4,1273,540,212,184,1,-1,-1,-1
28,5,366,641,168,164,1,-1,-1,-1
28,6,1539,319,160,236,1,-1,-1,-1
28,7,2143,106,114,221,1,-1,-1,-1
28,8,1561,462,248,202,1,-1,-1,-1
28,9,1380,414,164,132,1,-1,-1,-1
28,10,836,530,128,164,1,-1,-1,-1
28,11,1813,452,160,148,1,-1,-1,-1
28,12,1426,93,132,228,1,-1,-1,-1
28,13,3,725,104,188,1,-1,-1,-1
28,14,1669,502,160,180,1,-1,-1,-1
28,15,1713,0,188,204,1,-1,-1,-1
28,16,1068,420,168,164,1,-1,-1,-1
28,17,569,604,130,141,1,-1,-1,-1
28,18,986,570,180,200,1,-1,-1,-1
28,19,681,565,88,118,1,-1,-1,-1
28,20,1449,465,132,196,1,-1,-1,-1
29,0,2042,308,141,244,1,-1,-1,-1
29,1,424,654,212,220,1,-1,-1,-1
29,2,1367,173,96,236,1,-1,-1,-1
29,3,732,622,134,185,1,-1,-1,-1
29,4,1276,541,212,184,1,-1,-1,-1
29,5,370,641,168,164,1,-1,-1,-1
29,6,1538,319,160,236,1,-1,-1,-1
29,7,2147,107,109,210,1,-1,-1,-1
29,8,1561,462,248,202,1,-1,-1,-1
29,9,1381,416,164,132,1,-1,-1,-1
29,10,837,531,128,164,1,-1,-1,-1
29,11,1818,451,160,148,1,-1,-1,-1
29,12,1426,92,132,228,1,-1,-1,-1
29,13,3,727,104,188,1,-1,-1,-1
29,14,1673,501,160,180,1,-1,-1,-1
29,15,1711,0,188,203,1,-1,-1,-1
29,16,1070,420,168,164,1,-1,-1,-1
29,17,571,607,130,141,1,-1,-1,-1
29,18,989,568,180,200,1,-1,-1,-1
29,19,681,561,92,124,1,-1,-1,-1
29,20,1452,465,132,196,1,-1,-1,-1
30,0,2043,306,141,244,1,-1,-1,-1
30,1,424,654,212,220,1,-1,-1,-1
30,2,1364,167,101,248,1,-1,-1,-1
30,3,733,618,134,185,1,-1,-1,-1
30,4,1279,542,212,184,1,-1,-1,-1
30,5,372,639,168,164,1,-1,-1,-1
30,6,1539,318,160,236,1,-1,-1,-1
30,7,2147,109,109,210,1,-1,-1,-1
30,8,1562,460,248,202,1,-1,-1,-1
30,9,1383,410,164,132,1,-1,-1,-1
30,10,838,530,128,164,1,-1,-1,-1
30,11,1831,449,152,141,1,-1,-1,-1
30,12,1426,91,132,228,1,-1,-1,-1
30,13,5,731,104,188,1,-1,-1,-1
30,14,1676,500,160,180,1,-1,-1,-1
30,15,1708,0,188,203,1,-1,-1,-1
30,16,1071,420,168,164,1,-1,-1,-1
30,17,572,606,130,141,1,-1,-1,-1
30,18,989,570,180,200,1,-1,-1,-1
30,19,681,559,92,124,1,-1,-1,-1
30,20,1454,459,132,196,1,-1,-1,-1
31,0,2042,296,148,256,1,-1,-1,-1
31,1,430,654,212,220,1,-1,-1,-1
31,2,1365,165,101,248,1,-1,-1,-1
31,3,734,616,134,185,1,-1,-1,-1
31,4,1282,541,212,184,1,-1,-1,-1
31,5,376,637,168,164,1,-1,-1,-1
31,6,1540,317,160,236,1,-1,-1,-1
31,7,2150,110,104,200,1,-1,-1,-1
31,8,1560,460,248,202,1,-1,-1,-1
31,9,1376,407,172,139,1,-1,-1,-1
31,10,839,528,128,164,1,-1,-1,-1
31,11,1838,446,152,141,1,-1,-1,-1
31,12,1427,91,132,228,1,-1,-1,-1
31,13,8,732,104,188,1,-1,-1,-1
31,14,1681,498,160,180,1,-1,-1,-1
31,15,1706,0,188,202,1,-1,-1,-1
31,16,1076,423,160,156,1,-1,-1,-1
31,17,575,606,130,141,1,-1,-1,-1
31,18,990,564,189,210,1,-1,-1,-1
31,19,682,557,92,124,1,-1,-1,-1
31,20,1461,458,126,187,1,-1,-1,-1
32,0,2045,294,148,256,1,-1,-1,-1
32,1,437,655,202,210,1,-1,-1,-1
32,2,1365,164,101,248,1,-1,-1,-1
32,3,737,616,134,185,1,-1,-1,-1
32,4,1284,541,212,184,1,-1,-1,-1
32,5,380,635,168,164,1,-1,-1,-1
32,6,1541,313,160,236,1,-1,-1,-1
32,7,2156,110,99,191,1,-1,-1,-1
32,8,1563,457,248,202,1,-1,-1,-1
32,9,1376,405,172,139,1,-1,-1,-1
32,10,843,534,122,156,1,-1,-1,-1
32,11,1847,443,152,141,1,-1,-1,-1
32,12,1425,90,132,228,1,-1,-1,-1
32,13,11,734,104,188,1,-1,-1,-1
32,14,1687,495,160,180,1,-1,-1,-1
32,15,1704,0,188,202,1,-1,-1,-1
32,16,1080,421,160,156,1,-1,-1,-1
32,17,585,605,130,141,1,-1,-1,-1
32,18,990,565,189,210,1,-1,-1,-1
32,19,685,556,92,124,1,-1,-1,-1
32,20,1458,453,132,196,1,-1,-1,-1
33,0,2056,272,120,268,1,-1,-1,-1
33,1,436,668,184,192,1,-1,-1,-1
33,2,1368,144,96,248,1,-1,-1,-1
33,3,744,612,132,180,1,-1,-1,-1
33,4,1296,536,220,180,1,-1,-1,-1
33,5,380,612,176,180,1,-1,-1,-1
33,6,1548,300,148,216,1,-1,-1,-1
33,7,2148,80,112,248,1,-1,-1,-1
33,8,1576,436,264,216,1,-1,-1,-1
33,9,1368,408,208,156,1,-1,-1,-1
33,10,843,534,122,156,1,-1,-1,-1
33,11,1800,428,188,172,1,-1,-1,-1
33,12,1425,90,132,228,1,-1,-1,-1
33,13,0,736,120,172,1,-1,-1,-1
33,14,1687,495,160,180,1,-1,-1,-1
33,15,1724,4,160,200,1,-1,-1,-1
33,16,1092,400,148,204,1,-1,-1,-1
33,17,585,605,130,141,1,-1,-1,-1
33,18,996,584,196,168,1,-1,-1,-1
33,19,652,548,132,184,1,-1,-1,-1
33,20,1480,456,152,204,1,-1,-1,-1
34,0,2064,248,120,268,1,-1,-1,-1
34,1,453,644,184,192,1,-1,-1,-1
34,2,1376,119,96,248,1,-1,-1,-1
34,3,759,589,132,180,1,-1,-1,-1
34,4,1311,514,220,180,1,-1,-1,-1
34,5,399,594,168,171,1,-1,-1,-1
34,6,1558,278,148,216,1,-1,-1,-1
34,7,2155,57,112,248,1,-1,-1,-1
34,8,1587,412,264,216,1,-1,-1,-1
34,9,1381,385,208,156,1,-1,-1,-1
34,10,859,511,122,156,1,-1,-1,-1
34,11,1814,405,188,172,1,-1,-1,-1
34,12,1432,73,126,217,1,-1,-1,-1
34,13,16,716,120,172,1,-1,-1,-1
34,14,1701,466,168,189,1,-1,-1,-1
34,15,1731,0,160,186,1,-1,-1,-1
34,16,1102,380,148,204,1,-1,-1,-1
34,17,600,577,130,141,1,-1,-1,-1
34,18,1009,561,196,168,1,-1,-1,-1
34,19,666,525,132,184,1,-1,-1,-1
34,20,1494,433,152,204,1,-1,-1,-1
35,0,2079,222,120,268,1,-1,-1,-1
35,1,469,617,184,192,1,-1,-1,-1
35,2,1388,95,96,248,1,-1,-1,-1
35,3,773,563,132,180,1,-1,-1,-1
35,4,1332,494,210,171,1,-1,-1,-1
35,5,415,566,168,171,1,-1,-1,-1
35,6,1574,251,148,216,1,-1,-1,-1
35,7,2172,30,112,248,1,-1,-1,-1
35,8,1605,387,264,216,1,-1,-1,-1
35,9,1395,361,208,156,1,-1,-1,-1
35,10,874,483,122,156,1,-1,-1,-1
35,11,1831,376,188,172,1,-1,-1,-1
35,12,1449,46,126,217,1,-1,-1,-1
35,13,34,691,120,172,1,-1,-1,-1
35,14,1719,436,168,189,1,-1,-1,-1
35,15,1747,0,152,158,1,-1,-1,-1
35,16,1118,353,148,204,1,-1,-1,-1
35,17,615,549,130,141,1,-1,-1,-1
35,18,1022,536,196,168,1,-1,-1,-1
35,19,684,504,132,184,1,-1,-1,-1
35,20,1510,407,152,204,1,-1,-1,-1
36,0,2085,204,120,268,1,-1,-1,-1
36,1,477,606,175,183,1,-1,-1,-1
36,2,1391,69,101,260,1,-1,-1,-1
36,3,779,547,132,180,1,-1,-1,-1
36,4,1337,476,210,171,1,-1,-1,-1
36,5,420,550,168,171,1,-1,-1,-1
36,6,1577,233,148,216,1,-1,-1,-1
36,7,2173,2,118,260,1,-1,-1,-1
36,8,1611,370,264,216,1,-1,-1,-1
36,9,1400,343,208,156,1,-1,-1,-1
36,10,882,468,122,156,1,-1,-1,-1
36,11,1840,358,188,172,1,-1,-1,-1
36,12,1451,28,126,217,1,-1,-1,-1
36,13,44,675,120,172,1,-1,-1,-1
36,14,1726,417,168,189,1,-1,-1,-1
36,15,1751,0,152,142,1,-1,-1,-1
36,16,1123,336,148,204,1,-1,-1,-1
36,17,626,531,130,141,1,-1,-1,-1
36,18,1028,519,196,168,1,-1,-1,-1
36,19,687,485,132,184,1,-1,-1,-1
36,20,1515,389,152,204,1,-1,-1,-1
37,0,2090,194,120,268,1,-1,-1,-1
37,1,485,593,175,183,1,-1,-1,-1
37,2,1397,67,101,260,1,-1,-1,-1
37,3,792,541,132,180,1,-1,-1,-1
37,4,1347,471,200,163,1,-1,-1,-1
37,5,428,539,168,171,1,-1,-1,-1
37,6,1580,224,148,216,1,-1,-1,-1
37,7,2179,0,118,251,1,-1,-1,-1
37,8,1619,355,264,216,1,-1,-1,-1
37,9,1411,334,198,149,1,-1,-1,-1
37,10,888,457,122,156,1,-1,-1,-1
37,11,1848,345,188,172,1,-1,-1,-1
37,12,1454,12,126,217,1,-1,-1,-1
37,13,53,669,120,172,1,-1,-1,-1
37,14,1734,406,168,189,1,-1,-1,-1
37,15,1756,0,152,131,1,-1,-1,-1
37,16,1131,324,148,204,1,-1,-1,-1
37,18,1035,506,196,168,1,-1,-1,-1
37,19,696,471,132,184,1,-1,-1,-1
37,20,1524,379,145,194,1,-1,-1,-1
38,0,2095,190,120,268,1,-1,-1,-1
38,1,497,588,175,183,1,-1,-1,-1
38,2,1402,47,101,260,1,-1,-1,-1
38,3,797,533,132,180,1,-1,-1,-1
38,4,1358,465,200,163,1,-1,-1,-1
38,5,435,536,168,171,1,-1,-1,-1
38,6,1585,217,148,216,1,-1,-1,-1
38,7,2183,0,123,245,1,-1,-1,-1
38,8,1633,353,251,206,1,-1,-1,-1
38,9,1409,326,208,156,1,-1,-1,-1
38,10,892,451,122,156,1,-1,-1,-1
38,11,1856,341,188,172,1,-1,-1,-1
38,12,1463,9,126,217,1,-1,-1,-1
38,13,65,662,120,172,1,-1,-1,-1
38,14,1738,401,168,189,1,-1,-1,-1
38,15,1761,0,152,128,1,-1,-1,-1
38,16,1139,326,141,194,1,-1,-1,-1
38,18,1040,502,196,168,1,-1,-1,-1
38,19,704,468,132,184,1,-1,-1,-1
38,20,1533,373,145,194,1,-1,-1,-1
39,0,2099,188,120,268,1,-1,-1,-1
39,1,503,592,167,174,1,-1,-1,-1
39,2,1405,51,101,260,1,-1,-1,-1
39,3,804,539,126,171,1,-1,-1,-1
39,4,1361,462,200,163,1,-1,-1,-1
39,5,435,532,176,180,1,-1,-1,-1
39,6,1590,215,148,216,1,-1,-1,-1
39,7,2188,0,123,245,1,-1,-1,-1
39,8,1639,353,251,206,1,-1,-1,-1
39,9,1420,330,208,156,1,-1,-1,-1
39,10,898,450,122,156,1,-1,-1,-1
39,11,1858,341,188,172,1,-1,-1,-1
39,12,1462,0,132,228,1,-1,-1,-1
39,13,76,668,114,164,1,-1,-1,-1
39,14,1747,402,168,189,1,-1,-1,-1
39,15,1761,0,152,124,1,-1,-1,-1
39,16,1145,324,141,194,1,-1,-1,-1
39,18,1046,502,196,168,1,-1,-1,-1
39,19,708,464,139,193,1,-1,-1,-1
39,20,1537,373,145,194,1,-1,-1,-1
40,0,2102,191,120,268,1,-1,-1,-1
40,1,509,594,167,174,1,-1,-1,-1
40,2,1410,65,96,248,1,-1,-1,-1
40,3,812,546,126,171,1,-1,-1,-1
40,4,1367,466,200,163,1,-1,-1,-1
40,5,441,538,176,180,1,-1,-1,-1
40,6,1598,223,141,206,1,-1,-1,-1
40,7,2193,0,118,240,1,-1,-1,-1
40,8,1645,355,251,206,1,-1,-1,-1
40,9,1428,334,198,149,1,-1,-1,-1
40,10,905,457,116,149,1,-1,-1,-1
40,11,1870,345,188,172,1,-1,-1,-1
40,12,1464,5,132,228,1,-1,-1,-1
40,13,83,671,114,164,1,-1,-1,-1
40,14,1752,403,168,189,1,-1,-1,-1
40,15,1763,0,152,132,1,-1,-1,-1
40,16,1150,329,141,194,1,-1,-1,-1
40,18,1049,503,196,168,1,-1,-1,-1
40,19,717,473,132,184,1,-1,-1,-1
40,20,1544,375,145,194,1,-1,-1,-1
41,0,2104,196,116,268,1,-1,-1,-1
41,1,448,560,216,232,1,-1,-1,-1
41,2,1416,100,88,224,1,-1,-1,-1
41,3,804,536,164,184,1,-1,-1,-1
41,4,1360,492,180,156,1,-1,-1,-1
41,5,441,538,176,180,1,-1,-1,-1
41,6,1604,248,140,192,1,-1,-1,-1
41,7,2208,4,112,236,1,-1,-1,-1
41,8,1645,355,251,206,1,-1,-1,-1
41,9,1448,348,188,136,1,-1,-1,-1
41,10,936,420,192,208,1,-1,-1,-1
41,11,1916,348,168,152,1,-1,-1,-1
41,12,1464,5,132,228,1,-1,-1,-1
41,13,0,680,200,172,1,-1,-1,-1
41,14,1724,416,208,184,1,-1,-1,-1
41,15,1768,0,152,132,1,-1,-1,-1
41,16,1128,328,144,184,1,-1,-1,-1
41,18,1048,516,212,160,1,-1,-1,-1
41,19,768,492,76,120,1,-1,-1,-1
41,20,1544,375,145,194,1,-1,-1,-1
41,21,700,496,140,172,1,-1,-1,-1
41,22,700,572,112,92,1,-1,-1,-1
42,0,2108,204,110,255,1,-1,-1,-1
42,1,446,559,227,244,1,-1,-1,-1
42,2,1416,102,88,224,1,-1,-1,-1
42,3,809,542,164,184,1,-1,-1,-1
42,4,1363,497,180,156,1,-1,-1,-1
42,5,451,557,168,171,1,-1,-1,-1
42,6,1608,251,140,192,1,-1,-1,-1
42,7,2210,7,112,236,1,-1,-1,-1
42,8,1660,370,251,206,1,-1,-1,-1
42,9,1450,352,188,136,1,-1,-1,-1
42,10,938,423,192,208,1,-1,-1,-1
42,11,1915,349,176,160,1,-1,-1,-1
42,12,1467,22,132,228,1,-1,-1,-1
42,13,4,684,200,172,1,-1,-1,-1
42,14,1728,421,208,184,1,-1,-1,-1
42,15,1768,5,152,132,1,-1,-1,-1
42,16,1131,332,144,184,1,-1,-1,-1
42,18,1049,519,212,160,1,-1,-1,-1
42,19,770,499,76,120,1,-1,-1,-1
42,20,1548,391,145,194,1,-1,-1,-1
42,21,702,501,140,172,1,-1,-1,-1
42,22,703,576,112,92,1,-1,-1,-1
43,0,2112,214,105,243,1,-1,-1,-1
43,1,451,566,227,244,1,-1,-1,-1
43,2,1416,100,92,235,1,-1,-1,-1
43,3,815,549,164,184,1,-1,-1,-1
43,4,1368,502,180,156,1,-1,-1,-1
43,5,461,565,160,163,1,-1,-1,-1
43,6,1612,257,140,192,1,-1,-1,-1
43,7,2213,10,112,236,1,-1,-1,-1
43,8,1669,374,251,206,1,-1,-1,-1
43,9,1456,359,188,136,1,-1,-1,-1
43,10,941,430,192,208,1,-1,-1,-1
43,11,1928,358,168,152,1,-1,-1,-1
43,12,1471,27,132,228,1,-1,-1,-1
43,13,10,690,200,172,1,-1,-1,-1
43,14,1739,430,198,175,1,-1,-1,-1
43,15,1768,7,152,132,1,-1,-1,-1
43,16,1135,338,144,184,1,-1,-1,-1
43,18,1045,521,223,168,1,-1,-1,-1
43,19,776,503,76,120,1,-1,-1,-1
43,20,1551,393,145,194,1,-1,-1,-1
43,21,707,507,140,172,1,-1,-1,-1
43,22,708,580,112,92,1,-1,-1,-1
44,0,2112,217,105,243,1,-1,-1,-1
44,1,454,567,227,244,1,-1,-1,-1
44,2,1418,103,92,235,1,-1,-1,-1
44,3,818,553,164,184,1,-1,-1,-1
44,4,1371,504,180,156,1,-1,-1,-1
44,5,459,566,168,171,1,-1,-1,-1
44,6,1615,260,140,192,1,-1,-1,-1
44,7,2212,7,118,248,1,-1,-1,-1
44,8,1674,377,251,206,1,-1,-1,-1
44,9,1458,361,188,136,1,-1,-1,-1
44,10,944,433,192,208,1,-1,-1,-1
44,11,1933,361,168,152,1,-1,-1,-1
44,12,1472,28,132,228,1,-1,-1,-1
44,13,13,692,200,172,1,-1,-1,-1
44,14,1740,431,198,175,1,-1,-1,-1
44,15,1764,7,160,139,1,-1,-1,-1
44,16,1136,340,144,184,1,-1,-1,-1
44,18,1049,525,223,168,1,-1,-1,-1
44,19,778,504,76,120,1,-1,-1,-1
44,20,1554,400,145,194,1,-1,-1,-1
44,21,709,508,140,172,1,-1,-1,-1
44,22,710,581,112,92,1,-1,-1,-1
45,0,2109,210,110,255,1,-1,-1,-1
45,1,454,572,227,244,1,-1,-1,-1
45,2,1419,106,92,235,1,-1,-1,-1
45,3,823,561,156,175,1,-1,-1,-1
45,4,1373,505,180,156,1,-1,-1,-1
45,5,456,566,176,180,1,-1,-1,-1
45,6,1616,260,140,192,1,-1,-1,-1
45,7,2212,8,118,248,1,-1,-1,-1
45,8,1683,383,239,196,1,-1,-1,-1
45,9,1461,361,188,136,1,-1,-1,-1
45,10,944,433,192,208,1,-1,-1,-1
45,11,1936,360,168,152,1,-1,-1,-1
45,12,1474,30,132,228,1,-1,-1,-1
45,13,18,695,200,172,1,-1,-1,-1
45,14,1742,432,198,175,1,-1,-1,-1
45,15,1763,9,160,139,1,-1,-1,-1
45,16,1137,340,144,184,1,-1,-1,-1
45,18,1050,527,223,168,1,-1,-1,-1
45,19,779,505,76,120,1,-1,-1,-1
45,20,1556,403,138,185,1,-1,-1,-1
45,21,710,508,140,172,1,-1,-1,-1
45,22,711,582,112,92,1,-1,-1,-1
46,0,2107,211,110,255,1,-1,-1,-1
46,1,450,576,227,244,1,-1,-1,-1
46,2,1419,113,88,224,1,-1,-1,-1
46,3,822,564,156,175,1,-1,-1,-1
46,4,1372,508,180,156,1,-1,-1,-1
46,5,449,567,185,189,1,-1,-1,-1
46,6,1611,258,147,202,1,-1,-1,-1
46,7,2208,9,118,248,1,-1,-1,-1
46,8,1676,388,239,196,1,-1,-1,-1
46,9,1463,366,179,130,1,-1,-1,-1
46,10,945,441,183,198,1,-1,-1,-1
46,11,1940,367,160,145,1,-1,-1,-1
46,12,1469,33,132,228,1,-1,-1,-1
46,13,19,699,200,172,1,-1,-1,-1
46,14,1737,430,208,184,1,-1,-1,-1
46,15,1760,17,152,132,1,-1,-1,-1
46,16,1134,341,144,184,1,-1,-1,-1
46,18,1047,527,223,168,1,-1,-1,-1
46,19,775,504,80,126,1,-1,-1,-1
46,20,1556,407,138,185,1,-1,-1,-1
46,21,708,511,140,172,1,-1,-1,-1
46,22,708,584,112,92,1,-1,-1,-1
47,0,2104,228,110,255,1,-1,-1,-1
47,1,443,589,227,244,1,-1,-1,-1
47,2,1412,128,88,224,1,-1,-1,-1
47,3,817,579,156,175,1,-1,-1,-1
47,4,1368,524,180,156,1,-1,-1,-1
47,5,445,582,185,189,1,-1,-1,-1
47,6,1607,274,147,202,1,-1,-1,-1
47,7,2199,11,123,260,1,-1,-1,-1
47,8,1674,390,251,206,1,-1,-1,-1
47,9,1462,378,179,130,1,-1,-1,-1
47,10,938,455,183,198,1,-1,-1,-1
47,11,1940,379,160,145,1,-1,-1,-1
47,12,1464,49,132,228,1,-1,-1,-1
47,13,17,714,200,172,1,-1,-1,-1
47,14,1733,444,208,184,1,-1,-1,-1
47,15,1751,27,152,132,1,-1,-1,-1
47,16,1129,355,144,184,1,-1,-1,-1
47,18,1040,546,223,168,1,-1,-1,-1
47,19,770,517,80,126,1,-1,-1,-1
47,20,1547,417,145,194,1,-1,-1,-1
47,21,703,524,140,172,1,-1,-1,-1
47,22,702,595,112,92,1,-1,-1,-1
48,0,2094,241,116,268,1,-1,-1,-1
48,1,440,608,227,244,1,-1,-1,-1
48,2,1402,149,88,224,1,-1,-1,-1
48,3,809,591,164,184,1,-1,-1,-1
48,4,1365,541,180,156,1,-1,-1,-1
48,5,436,599,194,198,1,-1,-1,-1
48,6,1605,292,147,202,1,-1,-1,-1
48,7,2196,38,118,248,1,-1,-1,-1
48,8,1675,412,239,196,1,-1,-1,-1
48,9,1467,397,171,123,1,-1,-1,-1
48,10,933,473,183,198,1,-1,-1,-1
48,11,1939,397,160,145,1,-1,-1,-1
48,12,1460,70,126,217,1,-1,-1,-1
48,13,16,735,200,172,1,-1,-1,-1
48,14,1724,460,218,193,1,-1,-1,-1
48,15,1741,45,152,132,1,-1,-1,-1
48,16,1124,375,144,184,1,-1,-1,-1
48,18,1040,571,212,160,1,-1,-1,-1
48,19,767,538,80,126,1,-1,-1,-1
48,20,1541,435,145,194,1,-1,-1,-1
48,21,698,542,140,172,1,-1,-1,-1
48,22,697,614,112,92,1,-1,-1,-1
49,0,2094,241,116,268,1,-1,-1,-1
49,1,456,620,196,180,1,-1,-1,-1
49,2,1396,148,92,236,1,-1,-1,-1
49,3,812,656,192,136,1,-1,-1,-1
49,4,1352,540,188,188,1,-1,-1,-1
49,5,436,599,194,198,1,-1,-1,-1
49,6,1600,292,132,200,1,-1,-1,-1
49,7,2192,40,108,280,1,-1,-1,-1
49,8,1675,412,239,196,1,-1,-1,-1
49,9,1468,420,148,112,1,-1,-1,-1
49,10,956,504,144,192,1,-1,-1,-1
49,11,1912,416,184,184,1,-1,-1,-1
49,12,1460,70,126,217,1,-1,-1,-1
49,13,0,752,224,176,1,-1,-1,-1
49,14,1664,440,272,240,1,-1,-1,-1
49,15,1741,45,152,132,1,-1,-1,-1
49,16,1124,384,148,172,1,-1,-1,-1
49,18,1044,600,220,156,1,-1,-1,-1
49,19,767,538,80,126,1,-1,-1,-1
49,20,1544,460,140,188,1,-1,-1,-1
49,21,688,548,144,180,1,-1,-1,-1
49,22,697,614,112,92,1,-1,-1,-1
50,0,2093,271,110,255,1,-1,-1,-1
50,1,456,626,196,180,1,-1,-1,-1
50,2,1394,152,92,236,1,-1,-1,-1
50,3,811,659,192,136,1,-1,-1,-1
50,4,1352,545,188,188,1,-1,-1,-1
50,5,436,621,194,198,1,-1,-1,-1
50,6,1600,296,132,200,1,-1,-1,-1
50,7,2191,43,108,280,1,-1,-1,-1
50,8,1670,440,239,196,1,-1,-1,-1
50,9,1469,428,148,112,1,-1,-1,-1
50,10,956,510,144,192,1,-1,-1,-1
50,11,1912,421,184,184,1,-1,-1,-1
50,12,1450,85,132,228,1,-1,-1,-1
50,13,5,757,224,176,1,-1,-1,-1
50,14,1667,443,272,240,1,-1,-1,-1
50,15,1737,72,152,132,1,-1,-1,-1
50,16,1125,391,148,172,1,-1,-1,-1
50,18,1043,605,220,156,1,-1,-1,-1
50,19,767,560,80,126,1,-1,-1,-1
50,20,1544,466,140,188,1,-1,-1,-1
50,21,688,552,144,180,1,-1,-1,-1
50,22,695,635,112,92,1,-1,-1,-1
51,0,2088,265,116,268,1,-1,-1,-1
51,1,460,628,196,180,1,-1,-1,-1
51,2,1397,160,88,225,1,-1,-1,-1
51,3,814,659,192,136,1,-1,-1,-1
51,4,1355,547,188,188,1,-1,-1,-1
51,5,440,624,194,198,1,-1,-1,-1
51,6,1603,297,132,200,1,-1,-1,-1
51,7,2192,45,108,280,1,-1,-1,-1
51,8,1673,444,239,196,1,-1,-1,-1
51,9,1470,429,148,112,1,-1,-1,-1
51,10,959,514,144,192,1,-1,-1,-1
51,11,1917,423,184,184,1,-1,-1,-1
51,12,1448,95,132,228,1,-1,-1,-1
51,13,9,763,224,176,1,-1,-1,-1
51,14,1666,440,286,252,1,-1,-1,-1
51,15,1739,75,152,132,1,-1,-1,-1
51,16,1126,395,148,172,1,-1,-1,-1
51,18,1047,607,220,156,1,-1,-1,-1
51,19,765,563,80,126,1,-1,-1,-1
51,20,1546,467,140,188,1,-1,-1,-1
51,21,689,555,144,180,1,-1,-1,-1
51,22,696,639,112,92,1,-1,-1,-1
52,0,2088,269,116,268,1,-1,-1,-1
52,1,465,637,187,171,1,-1,-1,-1
52,2,1399,166,83,214,1,-1,-1,-1
52,3,815,663,192,136,1,-1,-1,-1
52,4,1357,550,188,188,1,-1,-1,-1
52,5,442,625,194,198,1,-1,-1,-1
52,6,1609,303,126,190,1,-1,-1,-1
52,7,2190,45,108,280,1,-1,-1,-1
52,8,1682,449,228,187,1,-1,-1,-1
52,9,1472,433,148,112,1,-1,-1,-1
52,10,959,517,144,192,1,-1,-1,-1
52,11,1920,427,184,184,1,-1,-1,-1
52,12,1443,87,139,239,1,-1,-1,-1
52,13,9,762,235,185,1,-1,-1,-1
52,14,1660,433,300,265,1,-1,-1,-1
52,15,1743,82,145,126,1,-1,-1,-1
52,16,1127,399,148,172,1,-1,-1,-1
52,18,1048,611,220,156,1,-1,-1,-1
52,19,771,574,76,120,1,-1,-1,-1
52,20,1548,472,140,188,1,-1,-1,-1
52,21,689,559,144,180,1,-1,-1,-1
52,22,696,645,112,92,1,-1,-1,-1
53,0,2087,271,116,268,1,-1,-1,-1
53,1,465,639,187,171,1,-1,-1,-1
53,2,1399,167,83,214,1,-1,-1,-1
53,3,816,665,192,136,1,-1,-1,-1
53,4,1357,554,188,188,1,-1,-1,-1
53,5,445,625,194,198,1,-1,-1,-1
53,6,1612,305,126,190,1,-1,-1,-1
53,7,2189,47,108,280,1,-1,-1,-1
53,8,1683,451,228,187,1,-1,-1,-1
53,9,1473,438,148,112,1,-1,-1,-1
53,10,960,524,144,192,1,-1,-1,-1
53,11,1922,428,184,184,1,-1,-1,-1
53,12,1442,91,139,239,1,-1,-1,-1
53,13,12,766,235,185,1,-1,-1,-1
53,14,1668,443,286,252,1,-1,-1,-1
53,15,1737,82,152,132,1,-1,-1,-1
53,16,1127,402,148,172,1,-1,-1,-1
53,18,1050,612,220,156,1,-1,-1,-1
53,19,772,578,76,120,1,-1,-1,-1
53,20,1551,474,140,188,1,-1,-1,-1
53,21,690,561,144,180,1,-1,-1,-1
53,22,697,648,112,92,1,-1,-1,-1
54,0,2089,274,116,268,1,-1,-1,-1
54,1,468,640,187,171,1,-1,-1,-1
54,2,1399,172,83,214,1,-1,-1,-1
54,3,813,660,202,143,1,-1,-1,-1
54,4,1359,556,188,188,1,-1,-1,-1
54,5,456,632,185,189,1,-1,-1,-1
54,6,1615,308,126,190,1,-1,-1,-1
54,7,2189,45,108,280,1,-1,-1,-1
54,8,1682,448,239,196,1,-1,-1,-1
54,9,1477,443,148,112,1,-1,-1,-1
54,10,960,525,144,192,1,-1,-1,-1
54,11,1922,431,184,184,1,-1,-1,-1
54,12,1440,92,139,239,1,-1,-1,-1
54,13,16,767,235,185,1,-1,-1,-1
54,14,1674,448,286,252,1,-1,-1,-1
54,15,1737,86,152,132,1,-1,-1,-1
54,16,1132,408,141,164,1,-1,-1,-1
54,18,1052,616,220,156,1,-1,-1,-1
54,19,772,579,76,120,1,-1,-1,-1
54,20,1556,482,133,179,1,-1,-1,-1
54,21,690,566,144,180,1,-1,-1,-1
54,22,698,654,112,92,1,-1,-1,-1
55,0,2090,277,116,268,1,-1,-1,-1
55,1,471,644,187,171,1,-1,-1,-1
55,2,1396,171,88,225,1,-1,-1,-1
55,3,809,661,212,150,1,-1,-1,-1
55,4,1361,560,188,188,1,-1,-1,-1
55,5,460,633,185,189,1,-1,-1,-1
55,6,1616,311,126,190,1,-1,-1,-1
55,7,2189,43,108,280,1,-1,-1,-1
55,8,1689,452,239,196,1,-1,-1,-1
55,9,1482,448,141,107,1,-1,-1,-1
55,10,961,527,144,192,1,-1,-1,-1
55,11,1926,433,184,184,1,-1,-1,-1
55,12,1440,96,139,239,1,-1,-1,-1
55,13,22,769,235,185,1,-1,-1,-1
55,14,1672,442,300,265,1,-1,-1,-1
55,15,1737,89,152,132,1,-1,-1,-1
55,16,1130,412,141,164,1,-1,-1,-1
55,18,1054,617,220,156,1,-1,-1,-1
55,19,774,585,76,120,1,-1,-1,-1
55,20,1558,485,133,179,1,-1,-1,-1
55,21,690,569,144,180,1,-1,-1,-1
55,22,698,660,112,92,1,-1,-1,-1
56,0,2096,281,110,255,1,-1,-1,-1
56,1,476,650,178,163,1,-1,-1,-1
56,2,1398,181,83,214,1,-1,-1,-1
56,3,811,661,212,150,1,-1,-1,-1
56,4,1362,561,188,188,1,-1,-1,-1
56,5,467,640,176,180,1,-1,-1,-1
56,6,1619,316,126,190,1,-1,-1,-1
56,7,2187,47,108,280,1,-1,-1,-1
56,9,1486,454,141,107,1,-1,-1,-1
56,10,961,531,144,192,1,-1,-1,-1
56,11,1922,433,193,193,1,-1,-1,-1
56,12,1443,102,132,228,1,-1,-1,-1
56,13,27,771,235,185,1,-1,-1,-1
56,14,1670,447,300,265,1,-1,-1,-1
56,15,1733,87,160,139,1,-1,-1,-1
56,16,1130,414,141,164,1,-1,-1,-1
56,18,1057,619,220,156,1,-1,-1,-1
56,19,761,576,76,120,1,-1,-1,-1
56,20,1557,485,140,188,1,-1,-1,-1
56,21,686,568,151,189,1,-1,-1,-1
56,22,698,664,112,92,1,-1,-1,-1
57,0,2096,300,116,240,1,-1,-1,-1
57,1,480,712,152,184,1,-1,-1,-1
57,2,1388,164,100,240,1,-1,-1,-1
57,3,820,660,216,156,1,-1,-1,-1
57,4,1380,572,200,180,1,-1,-1,-1
57,5,467,640,176,180,1,-1,-1,-1
57,6,1616,312,128,220,1,-1,-1,-1
57,7,2192,84,108,212,1,-1,-1,-1
57,9,1486,454,141,107,1,-1,-1,-1
57,10,961,531,144,192,1,-1,-1,-1
57,11,1920,460,204,176,1,-1,-1,-1
57,12,1443,102,132,228,1,-1,-1,-1
57,13,36,784,236,172,1,-1,-1,-1
57,14,1692,464,236,224,1,-1,-1,-1
57,15,1733,87,160,139,1,-1,-1,-1
57,16,1140,428,136,132,1,-1,-1,-1
57,18,1064,616,236,164,1,-1,-1,-1
57,19,768,576,88,140,1,-1,-1,-1
57,20,1512,504,152,164,1,-1,-1,-1
57,21,686,568,151,189,1,-1,-1,-1
57,22,652,608,176,152,1,-1,-1,-1
58,0,2096,299,116,240,1,-1,-1,-1
58,1,480,712,152,184,1,-1,-1,-1
58,2,1388,165,100,240,1,-1,-1,-1
58,3,825,665,206,149,1,-1,-1,-1
58,4,1383,574,200,180,1,-1,-1,-1
58,5,476,644,176,180,1,-1,-1,-1
58,6,1617,313,128,220,1,-1,-1,-1
58,7,2192,82,108,212,1,-1,-1,-1
58,9,1494,460,134,102,1,-1,-1,-1
58,10,965,532,144,192,1,-1,-1,-1
58,11,1922,462,204,176,1,-1,-1,-1
58,12,1442,110,132,228,1,-1,-1,-1
58,13,41,785,236,172,1,-1,-1,-1
58,14,1694,466,236,224,1,-1,-1,-1
58,15,1732,92,160,139,1,-1,-1,-1
58,16,1140,429,136,132,1,-1,-1,-1
58,18,1067,616,236,164,1,-1,-1,-1
58,19,770,578,88,140,1,-1,-1,-1
58,20,1513,505,152,164,1,-1,-1,-1
58,21,688,580,151,189,1,-1,-1,-1
58,22,653,610,176,152,1,-1,-1,-1
59,0,2097,299,116,240,1,-1,-1,-1
59,1,480,712,152,184,1,-1,-1,-1
59,2,1387,168,100,240,1,-1,-1,-1
59,3,826,667,206,149,1,-1,-1,-1
59,4,1385,576,200,180,1,-1,-1,-1
59,5,485,643,176,180,1,-1,-1,-1
59,6,1620,314,128,220,1,-1,-1,-1
59,7,2193,80,108,212,1,-1,-1,-1
59,9,1495,462,134,102,1,-1,-1,-1
59,10,965,532,144,192,1,-1,-1,-1
59,11,1925,462,204,176,1,-1,-1,-1
59,12,1441,112,132,228,1,-1,-1,-1
59,13,47,788,236,172,1,-1,-1,-1
59,14,1696,467,236,224,1,-1,-1,-1
59,15,1731,93,160,139,1,-1,-1,-1
59,16,1144,434,130,126,1,-1,-1,-1
59,18,1070,618,236,164,1,-1,-1,-1
59,19,771,582,88,140,1,-1,-1,-1
59,20,1515,508,152,164,1,-1,-1,-1
59,21,693,586,144,180,1,-1,-1,-1
59,22,659,618,168,145,1,-1,-1,-1
60,0,2098,298,116,240,1,-1,-1,-1
60,1,479,715,152,184,1,-1,-1,-1
60,2,1385,168,100,240,1,-1,-1,-1
60,3,828,669,206,149,1,-1,-1,-1
60,4,1388,579,200,180,1,-1,-1,-1
60,5,493,649,168,171,1,-1,-1,-1
60,6,1621,314,128,220,1,-1,-1,-1
60,7,2194,80,108,212,1,-1,-1,-1
60,9,1499,465,134,102,1,-1,-1,-1
60,10,962,530,151,202,1,-1,-1,-1
60,11,1928,464,204,176,1,-1,-1,-1
60,12,1440,111,132,228,1,-1,-1,-1
60,13,51,791,236,172,1,-1,-1,-1
60,14,1699,469,236,224,1,-1,-1,-1
60,15,1733,99,160,139,1,-1,-1,-1
60,16,1145,435,130,126,1,-1,-1,-1
60,18,1073,617,236,164,1,-1,-1,-1
60,19,776,588,84,133,1,-1,-1,-1
60,20,1517,510,152,164,1,-1,-1,-1
60,21,692,585,151,189,1,-1,-1,-1
60,22,662,622,168,145,1,-1,-1,-1
61,0,2100,298,116,240,1,-1,-1,-1
61,1,479,717,152,184,1,-1,-1,-1
61,2,1382,162,105,252,1,-1,-1,-1
61,3,830,670,206,149,1,-1,-1,-1
61,4,1390,580,200,180,1,-1,-1,-1
61,5,499,652,168,171,1,-1,-1,-1
61,6,1623,313,128,220,1,-1,-1,-1
61,7,2195,79,108,212,1,-1,-1,-1
61,9,1503,467,134,102,1,-1,-1,-1
61,10,964,533,151,202,1,-1,-1,-1
61,11,1928,467,204,176,1,-1,-1,-1
61,12,1440,118,132,228,1,-1,-1,-1
61,13,49,790,248,181,1,-1,-1,-1
61,14,1702,470,236,224,1,-1,-1,-1
61,15,1727,96,168,146,1,-1,-1,-1
61,16,1145,435,130,126,1,-1,-1,-1
61,18,1077,620,236,164,1,-1,-1,-1
61,19,778,589,84,133,1,-1,-1,-1
61,20,1519,511,152,164,1,-1,-1,-1
61,21,699,594,144,180,1,-1,-1,-1
61,22,664,624,168,145,1,-1,-1,-1
62,0,2098,293,122,252,1,-1,-1,-1
62,1,480,720,152,184,1,-1,-1,-1
62,2,1381,161,105,252,1,-1,-1,-1
62,3,832,670,206,149,1,-1,-1,-1
62,4,1390,583,200,180,1,-1,-1,-1
62,5,501,660,168,171,1,-1,-1,-1
62,6,1625,317,128,220,1,-1,-1,-1
62,7,2195,80,108,212,1,-1,-1,-1
62,9,1507,472,134,102,1,-1,-1,-1
62,10,968,532,151,202,1,-1,-1,-1
62,11,1930,468,204,176,1,-1,-1,-1
62,12,1438,123,132,228,1,-1,-1,-1
62,13,69,796,236,172,1,-1,-1,-1
62,14,1704,474,236,224,1,-1,-1,-1
62,15,1728,99,168,146,1,-1,-1,-1
62,16,1147,437,130,126,1,-1,-1,-1
62,18,1087,629,225,156,1,-1,-1,-1
62,19,783,594,80,127,1,-1,-1,-1
62,20,1525,517,145,156,1,-1,-1,-1
62,21,701,595,144,180,1,-1,-1,-1
62,22,671,631,160,138,1,-1,-1,-1
63,0,2098,294,122,252,1,-1,-1,-1
63,1,481,721,152,184,1,-1,-1,-1
63,2,1381,165,105,252,1,-1,-1,-1
63,3,840,675,196,141,1,-1,-1,-1
63,4,1395,583,200,180,1,-1,-1,-1
63,5,504,665,168,171,1,-1,-1,-1
63,6,1623,319,128,220,1,-1,-1,-1
63,7,2197,83,108,212,1,-1,-1,-1
63,9,1516,477,128,97,1,-1,-1,-1
63,10,970,536,151,202,1,-1,-1,-1
63,11,1934,470,204,176,1,-1,-1,-1
63,12,1441,118,132,228,1,-1,-1,-1
63,13,80,803,225,164,1,-1,-1,-1
63,14,1706,477,236,224,1,-1,-1,-1
63,15,1729,101,168,146,1,-1,-1,-1
63,16,1150,438,130,126,1,-1,-1,-1
63,18,1090,629,225,156,1,-1,-1,-1
63,19,786,597,76,121,1,-1,-1,-1
63,20,1527,517,145,156,1,-1,-1,-1
63,21,700,593,151,189,1,-1,-1,-1
63,22,672,632,160,138,1,-1,-1,-1
64,0,2100,295,122,252,1,-1,-1,-1
64,1,477,721,152,184,1,-1,-1,-1
64,2,1385,173,100,240,1,-1,-1,-1
64,3,840,677,196,141,1,-1,-1,-1
64,4,1399,582,200,180,1,-1,-1,-1
64,5,507,664,168,171,1,-1,-1,-1
64,6,1624,321,128,220,1,-1,-1,-1
64,7,2196,74,113,223,1,-1,-1,-1
64,9,1518,475,128,97,1,-1,-1,-1
64,10,973,534,151,202,1,-1,-1,-1
64,11,1944,472,194,168,1,-1,-1,-1
64,12,1443,118,132,228,1,-1,-1,-1
64,13,87,805,225,164,1,-1,-1,-1
64,14,1712,483,225,213,1,-1,-1,-1
64,15,1727,103,168,146,1,-1,-1,-1
64,16,1152,437,130,126,1,-1,-1,-1
64,18,1096,628,225,156,1,-1,-1,-1
64,19,787,598,76,121,1,-1,-1,-1
64,20,1530,518,145,156,1,-1,-1,-1
64,21,700,595,151,189,1,-1,-1,-1
64,22,673,633,160,138,1,-1,-1,-1
65,0,2100,295,122,252,1,-1,-1,-1
65,1,460,728,148,176,1,-1,-1,-1
65,2,1384,184,92,236,1,-1,-1,-1
65,3,840,640,164,188,1,-1,-1,-1
65,4,1420,588,168,168,1,-1,-1,-1
65,5,528,692,184,124,1,-1,-1,-1
65,6,1628,328,108,188,1,-1,-1,-1
65,7,2196,74,113,223,1,-1,-1,-1
65,9,1518,475,128,97,1,-1,-1,-1
65,10,956,560,128,192,1,-1,-1,-1
65,11,1948,456,168,196,1,-1,-1,-1
65,12,1443,118,132,228,1,-1,-1,-1
65,13,92,792,208,176,1,-1,-1,-1
65,14,1708,496,252,192,1,-1,-1,-1
65,15,1727,103,168,146,1,-1,-1,-1
65,16,1152,437,130,126,1,-1,-1,-1
65,18,1100,620,232,176,1,-1,-1,-1
65,19,787,598,76,121,1,-1,-1,-1
65,20,1530,518,145,156,1,-1,-1,-1
65,21,700,595,151,189,1,-1,-1,-1
65,22,673,633,160,138,1,-1,-1,-1
66,0,2103,297,122,252,1,-1,-1,-1
66,1,460,728,148,176,1,-1,-1,-1
66,2,1384,183,92,236,1,-1,-1,-1
66,3,841,639,164,188,1,-1,-1,-1
66,4,1424,586,168,168,1,-1,-1,-1
66,5,526,689,193,130,1,-1,-1,-1
66,6,1629,328,108,188,1,-1,-1,-1
66,7,2199,83,108,212,1,-1,-1,-1
66,9,1524,476,122,92,1,-1,-1,-1
66,10,958,560,128,192,1,-1,-1,-1
66,11,1953,455,168,196,1,-1,-1,-1
66,12,1448,125,126,217,1,-1,-1,-1
66,13,96,790,208,176,1,-1,-1,-1
66,14,1709,495,252,192,1,-1,-1,-1
66,15,1728,106,168,146,1,-1,-1,-1
66,16,1154,436,130,126,1,-1,-1,-1
66,18,1104,622,232,176,1,-1,-1,-1
66,19,789,594,80,127,1,-1,-1,-1
66,20,1532,517,145,156,1,-1,-1,-1
66,21,698,591,159,198,1,-1,-1,-1
66,22,672,630,168,145,1,-1,-1,-1
67,0,2107,308,116,240,1,-1,-1,-1
67,1,460,730,148,176,1,-1,-1,-1
67,2,1385,184,92,236,1,-1,-1,-1
67,3,844,640,164,188,1,-1,-1,-1
67,4,1430,586,168,168,1,-1,-1,-1
67,5,530,688,193,130,1,-1,-1,-1
67,6,1633,333,103,179,1,-1,-1,-1
67,7,2201,83,108,212,1,-1,-1,-1
67,9,1529,478,116,88,1,-1,-1,-1
67,10,961,563,128,192,1,-1,-1,-1
67,11,1956,456,168,196,1,-1,-1,-1
67,12,1446,120,132,228,1,-1,-1,-1
67,13,102,793,208,176,1,-1,-1,-1
67,14,1714,499,252,192,1,-1,-1,-1
67,15,1728,105,168,146,1,-1,-1,-1
67,16,1156,438,130,126,1,-1,-1,-1
67,18,1109,622,232,176,1,-1,-1,-1
67,19,790,592,80,127,1,-1,-1,-1
67,20,1537,514,145,156,1,-1,-1,-1
67,21,701,592,159,198,1,-1,-1,-1
67,22,675,631,168,145,1,-1,-1,-1
68,0,2109,311,116,240,1,-1,-1,-1
68,1,461,730,148,176,1,-1,-1,-1
68,2,1387,185,92,236,1,-1,-1,-1
68,3,850,641,164,188,1,-1,-1,-1
68,4,1435,586,168,168,1,-1,-1,-1
68,5,536,688,193,130,1,-1,-1,-1
68,6,1635,331,103,179,1,-1,-1,-1
68,7,2207,83,103,202,1,-1,-1,-1
68,9,1532,475,116,88,1,-1,-1,-1
68,10,964,564,128,192,1,-1,-1,-1
68,11,1962,457,168,196,1,-1,-1,-1
68,12,1447,121,132,228,1,-1,-1,-1
68,13,109,792,208,176,1,-1,-1,-1
68,14,1717,499,252,192,1,-1,-1,-1
68,15,1730,105,168,146,1,-1,-1,-1
68,16,1164,441,123,120,1,-1,-1,-1
68,18,1112,623,232,176,1,-1,-1,-1
68,19,793,591,80,127,1,-1,-1,-1
68,20,1539,515,145,156,1,-1,-1,-1
68,21,705,589,159,198,1,-1,-1,-1
68,22,673,626,176,152,1,-1,-1,-1
69,0,2114,314,116,240,1,-1,-1,-1
69,1,462,734,148,176,1,-1,-1,-1
69,2,1385,181,97,248,1,-1,-1,-1
69,3,854,642,164,188,1,-1,-1,-1
69,4,1442,587,168,168,1,-1,-1,-1
69,5,548,690,184,124,1,-1,-1,-1
69,6,1638,331,103,179,1,-1,-1,-1
69,7,2205,80,108,212,1,-1,-1,-1
69,9,1535,473,116,88,1,-1,-1,-1
69,10,969,566,128,192,1,-1,-1,-1
69,11,1964,460,168,196,1,-1,-1,-1
69,12,1448,120,139,239,1,-1,-1,-1
69,13,123,797,198,168,1,-1,-1,-1
69,14,1726,505,240,183,1,-1,-1,-1
69,15,1732,107,168,146,1,-1,-1,-1
69,16,1168,441,123,120,1,-1,-1,-1
69,18,1120,627,232,176,1,-1,-1,-1
69,19,797,591,80,127,1,-1,-1,-1
69,20,1548,520,145,156,1,-1,-1,-1
69,21,710,590,159,198,1,-1,-1,-1
69,22,679,627,176,152,1,-1,-1,-1
70,0,2121,310,116,240,1,-1,-1,-1
70,1,461,731,148,176,1,-1,-1,-1
70,2,1391,187,92,236,1,-1,-1,-1
70,3,859,644,164,188,1,-1,-1,-1
70,4,1447,590,168,168,1,-1,-1,-1
70,5,556,693,184,124,1,-1,-1,-1
70,6,1641,331,103,179,1,-1,-1,-1
70,7,2211,96,108,212,1,-1,-1,-1
70,9,1537,470,116,88,1,-1,-1,-1
70,10,974,568,128,192,1,-1,-1,-1
70,11,1974,465,160,187,1,-1,-1,-1
70,12,1454,125,132,228,1,-1,-1,-1
70,13,140,800,189,160,1,-1,-1,-1
70,14,1733,505,240,183,1,-1,-1,-1
70,15,1739,108,168,146,1,-1,-1,-1
70,16,1175,446,123,120,1,-1,-1,-1
70,18,1124,628,232,176,1,-1,-1,-1
70,19,802,590,80,127,1,-1,-1,-1
70,20,1555,525,145,156,1,-1,-1,-1
70,21,715,589,159,198,1,-1,-1,-1
70,22,678,621,185,160,1,-1,-1,-1
71,0,2128,308,116,240,1,-1,-1,-1
71,1,462,730,148,176,1,-1,-1,-1
71,2,1395,191,92,236,1,-1,-1,-1
71,3,863,644,164,188,1,-1,-1,-1
71,4,1453,592,168,168,1,-1,-1,-1
71,5,566,694,184,124,1,-1,-1,-1
71,6,1643,333,103,179,1,-1,-1,-1
71,7,2215,89,108,212,1,-1,-1,-1
71,9,1535,467,122,92,1,-1,-1,-1
71,10,978,568,128,192,1,-1,-1,-1
71,11,1980,465,160,187,1,-1,-1,-1
71,12,1456,124,132,228,1,-1,-1,-1
71,13,148,803,189,160,1,-1,-1,-1
71,14,1739,508,240,183,1,-1,-1,-1
71,15,1740,112,168,146,1,-1,-1,-1
71,16,1178,449,123,120,1,-1,-1,-1
71,18,1127,628,232,176,1,-1,-1,-1
71,19,807,592,80,127,1,-1,-1,-1
71,20,1562,522,152,164,1,-1,-1,-1
71,21,720,589,159,198,1,-1,-1,-1
71,22,682,620,185,160,1,-1,-1,-1
72,0,2130,305,116,240,1,-1,-1,-1
72,1,462,730,148,176,1,-1,-1,-1
72,2,1398,191,92,236,1,-1,-1,-1
72,3,868,643,164,188,1,-1,-1,-1
72,4,1457,593,168,168,1,-1,-1,-1
72,5,569,690,184,124,1,-1,-1,-1
72,6,1646,331,103,179,1,-1,-1,-1
72,7,2218,69,103,202,1,-1,-1,-1
72,9,1536,463,128,97,1,-1,-1,-1
72,10,980,566,128,192,1,-1,-1,-1
72,11,1988,466,160,187,1,-1,-1,-1
72,12,1464,128,126,217,1,-1,-1,-1
72,13,154,804,189,160,1,-1,-1,-1
72,14,1743,508,240,183,1,-1,-1,-1
72,15,1740,113,168,146,1,-1,-1,-1
72,16,1181,447,123,120,1,-1,-1,-1
72,18,1126,623,244,185,1,-1,-1,-1
72,19,812,590,84,133,1,-1,-1,-1
72,20,1563,519,160,172,1,-1,-1,-1
72,21,721,590,159,198,1,-1,-1,-1
72,22,684,621,185,160,1,-1,-1,-1
73,0,2140,312,112,196,1,-1,-1,-1
73,1,456,732,148,164,1,-1,-1,-1
73,2,1408,184,88,236,1,-1,-1,-1
73,3,876,656,204,168,1,-1,-1,-1
73,4,1432,588,224,180,1,-1,-1,-1
73,5,580,656,188,180,1,-1,-1,-1
73,6,1640,320,108,184,1,-1,-1,-1
73,7,2212,108,96,160,1,-1,-1,-1
73,9,1536,463,128,97,1,-1,-1,-1
73,10,980,566,128,192,1,-1,-1,-1
73,11,1988,466,160,187,1,-1,-1,-1
73,12,1472,164,88,172,1,-1,-1,-1
73,13,164,804,192,160,1,-1,-1,-1
73,14,1760,504,260,204,1,-1,-1,-1
73,15,1740,113,168,146,1,-1,-1,-1
73,16,1181,447,123,120,1,-1,-1,-1
73,18,1136,624,236,180,1,-1,-1,-1
73,19,812,590,84,133,1,-1,-1,-1
73,20,1563,519,160,172,1,-1,-1,-1
73,21,760,592,120,196,1,-1,-1,-1
73,22,684,621,185,160,1,-1,-1,-1
73,23,1392,544,140,156,1,-1,-1,-1
74,0,2142,312,112,196,1,-1,-1,-1
74,1,457,732,148,164,1,-1,-1,-1
74,2,1407,186,88,236,1,-1,-1,-1
74,3,879,655,204,168,1,-1,-1,-1
74,4,1437,589,224,180,1,-1,-1,-1
74,5,583,656,188,180,1,-1,-1,-1
74,6,1641,320,108,184,1,-1,-1,-1
74,7,2213,109,96,160,1,-1,-1,-1
74,9,1534,460,134,102,1,-1,-1,-1
74,10,985,568,128,192,1,-1,-1,-1
74,11,1997,466,160,187,1,-1,-1,-1
74,12,1473,166,88,172,1,-1,-1,-1
74,13,169,803,192,160,1,-1,-1,-1
74,14,1768,509,248,194,1,-1,-1,-1
74,15,1741,113,168,146,1,-1,-1,-1
74,16,1193,445,123,120,1,-1,-1,-1
74,18,1144,629,225,171,1,-1,-1,-1
74,19,815,589,88,140,1,-1,-1,-1
74,20,1567,511,168,181,1,-1,-1,-1
74,21,764,593,120,196,1,-1,-1,-1
74,22,685,618,194,168,1,-1,-1,-1
74,23,1396,545,140,156,1,-1,-1,-1
75,0,2145,311,112,196,1,-1,-1,-1
75,1,458,734,148,164,1,-1,-1,-1
75,2,1410,185,88,236,1,-1,-1,-1
75,3,882,656,204,168,1,-1,-1,-1
75,4,1442,589,224,180,1,-1,-1,-1
75,5,588,657,188,180,1,-1,-1,-1
75,6,1643,321,108,184,1,-1,-1,-1
75,7,2214,110,96,160,1,-1,-1,-1
75,9,1535,455,134,102,1,-1,-1,-1
75,10,989,568,128,192,1,-1,-1,-1
75,11,2000,464,160,187,1,-1,-1,-1
75,12,1475,167,88,172,1,-1,-1,-1
75,13,177,806,192,160,1,-1,-1,-1
75,14,1772,509,248,194,1,-1,-1,-1
75,15,1744,114,168,146,1,-1,-1,-1
75,16,1196,446,123,120,1,-1,-1,-1
75,18,1143,625,236,180,1,-1,-1,-1
75,19,826,596,84,133,1,-1,-1,-1
75,20,1572,510,168,181,1,-1,-1,-1
75,21,768,593,120,196,1,-1,-1,-1
75,22,690,621,194,168,1,-1,-1,-1
75,23,1401,545,140,156,1,-1,-1,-1
76,0,2147,310,112,196,1,-1,-1,-1
76,1,459,736,148,164,1,-1,-1,-1
76,2,1411,186,88,236,1,-1,-1,-1
76,3,887,656,204,168,1,-1,-1,-1
76,4,1446,590,224,180,1,-1,-1,-1
76,5,598,662,179,171,1,-1,-1,-1
76,6,1645,323,108,184,1,-1,-1,-1
76,7,2216,111,96,160,1,-1,-1,-1
76,9,1537,457,134,102,1,-1,-1,-1
76,10,993,571,122,183,1,-1,-1,-1
76,11,2001,463,168,196,1,-1,-1,-1
76,12,1479,166,88,172,1,-1,-1,-1
76,13,184,806,192,160,1,-1,-1,-1
76,14,1775,510,248,194,1,-1,-1,-1
76,15,1746,116,168,146,1,-1,-1,-1
76,16,1202,449,117,114,1,-1,-1,-1
76,18,1145,628,236,180,1,-1,-1,-1
76,19,828,598,84,133,1,-1,-1,-1
76,20,1575,512,168,181,1,-1,-1,-1
76,21,770,596,120,196,1,-1,-1,-1
76,22,698,630,185,160,1,-1,-1,-1
76,23,1404,547,140,156,1,-1,-1,-1
77,0,2150,311,112,196,1,-1,-1,-1
77,1,459,739,148,164,1,-1,-1,-1
77,2,1412,187,88,236,1,-1,-1,-1
77,3,895,661,194,160,1,-1,-1,-1
77,4,1451,593,224,180,1,-1,-1,-1
77,5,602,662,179,171,1,-1,-1,-1
77,6,1646,324,108,184,1,-1,-1,-1
77,7,2217,112,96,160,1,-1,-1,-1
77,9,1538,458,134,102,1,-1,-1,-1
77,10,995,571,122,183,1,-1,-1,-1
77,11,2005,464,168,196,1,-1,-1,-1
77,12,1480,166,88,172,1,-1,-1,-1
77,13,186,806,202,168,1,-1,-1,-1
77,14,1774,508,260,204,1,-1,-1,-1
77,15,1746,117,168,146,1,-1,-1,-1
77,16,1208,450,112,109,1,-1,-1,-1
77,18,1148,626,236,180,1,-1,-1,-1
77,19,828,601,84,133,1,-1,-1,-1
77,20,1574,509,176,190,1,-1,-1,-1
77,21,770,598,120,196,1,-1,-1,-1
77,22,699,630,185,160,1,-1,-1,-1
77,23,1408,549,140,156,1,-1,-1,-1
78,0,2153,313,112,196,1,-1,-1,-1
78,1,455,739,155,172,1,-1,-1,-1
78,2,1417,186,88,236,1,-1,-1,-1
78,3,898,662,194,160,1,-1,-1,-1
78,4,1455,596,224,180,1,-1,-1,-1
78,5,609,669,171,163,1,-1,-1,-1
78,6,1647,326,108,184,1,-1,-1,-1
78,7,2218,114,96,160,1,-1,-1,-1
78,9,1541,460,134,102,1,-1,-1,-1
78,10,998,572,122,183,1,-1,-1,-1
78,11,2013,465,160,187,1,-1,-1,-1
78,12,1484,172,84,164,1,-1,-1,-1
78,13,194,813,192,160,1,-1,-1,-1
78,14,1784,513,248,194,1,-1,-1,-1
78,15,1748,120,168,146,1,-1,-1,-1
78,16,1213,451,107,103,1,-1,-1,-1
78,18,1143,626,248,189,1,-1,-1,-1
78,19,830,603,84,133,1,-1,-1,-1
78,20,1585,513,168,181,1,-1,-1,-1
78,21,771,600,120,196,1,-1,-1,-1
78,22,703,630,185,160,1,-1,-1,-1
78,23,1411,552,140,156,1,-1,-1,-1
79,0,2155,313,112,196,1,-1,-1,-1
79,1,450,745,155,172,1,-1,-1,-1
79,2,1420,193,84,225,1,-1,-1,-1
79,3,902,663,194,160,1,-1,-1,-1
79,4,1460,598,224,180,1,-1,-1,-1
79,5,612,671,171,163,1,-1,-1,-1
79,6,1646,327,108,184,1,-1,-1,-1
79,7,2219,115,96,160,1,-1,-1,-1
79,10,1000,573,122,183,1,-1,-1,-1
79,11,2016,461,160,187,1,-1,-1,-1
79,12,1486,173,84,164,1,-1,-1,-1
79,13,204,818,183,152,1,-1,-1,-1
79,14,1785,513,248,194,1,-1,-1,-1
79,15,1747,123,168,146,1,-1,-1,-1
79,16,1215,450,107,103,1,-1,-1,-1
79,18,1145,629,248,189,1,-1,-1,-1
79,19,832,606,84,133,1,-1,-1,-1
79,20,1586,512,168,181,1,-1,-1,-1
79,21,774,601,120,196,1,-1,-1,-1
79,22,707,630,185,160,1,-1,-1,-1
79,23,1415,553,140,156,1,-1,-1,-1
80,0,2157,317,112,196,1,-1,-1,-1
80,1,444,751,155,172,1,-1,-1,-1
80,2,1422,196,84,225,1,-1,-1,-1
80,3,902,665,194,160,1,-1,-1,-1
80,4,1466,600,224,180,1,-1,-1,-1
80,5,617,673,171,163,1,-1,-1,-1
80,6,1648,328,108,184,1,-1,-1,-1
80,7,2219,117,96,160,1,-1,-1,-1
80,10,1002,575,122,183,1,-1,-1,-1
80,11,2022,466,160,187,1,-1,-1,-1
80,12,1487,174,84,164,1,-1,-1,-1
80,13,207,819,183,152,1,-1,-1,-1
80,14,1790,518,248,194,1,-1,-1,-1
80,15,1748,125,168,146,1,-1,-1,-1
80,16,1217,452,107,103,1,-1,-1,-1
80,18,1144,631,248,189,1,-1,-1,-1
80,19,833,609,84,133,1,-1,-1,-1
80,21,777,605,120,196,1,-1,-1,-1
80,22,708,637,185,160,1,-1,-1,-1
80,23,1418,555,140,156,1,-1,-1,-1
81,0,2157,317,112,196,1,-1,-1,-1
81,1,472,740,120,148,1,-1,-1,-1
81,2,1420,196,84,236,1,-1,-1,-1
81,3,880,660,200,188,1,-1,-1,-1
81,4,1476,600,184,180,1,-1,-1,-1
81,5,616,652,172,196,1,-1,-1,-1
81,6,1644,336,112,180,1,-1,-1,-1
81,7,2204,124,116,188,1,-1,-1,-1
81,10,1002,575,122,183,1,-1,-1,-1
81,11,2022,466,160,187,1,-1,-1,-1
81,12,1487,174,84,164,1,-1,-1,-1
81,13,212,820,180,164,1,-1,-1,-1
81,14,1812,532,236,200,1,-1,-1,-1
81,15,1748,125,168,146,1,-1,-1,-1
81,16,1217,452,107,103,1,-1,-1,-1
81,18,1160,640,228,180,1,-1,-1,-1
81,19,833,609,84,133,1,-1,-1,-1
81,21,788,604,112,192,1,-1,-1,-1
81,22,708,637,185,160,1,-1,-1,-1
81,23,1424,524,128,192,1,-1,-1,-1
81,24,1596,508,204,144,1,-1,-1,-1
82,0,2161,322,112,196,1,-1,-1,-1
82,1,473,745,120,148,1,-1,-1,-1
82,2,1419,198,84,236,1,-1,-1,-1
82,3,881,664,200,188,1,-1,-1,-1
82,4,1480,604,184,180,1,-1,-1,-1
82,5,619,655,172,196,1,-1,-1,-1
82,6,1644,339,112,180,1,-1,-1,-1
82,7,2203,128,116,188,1,-1,-1,-1
82,10,1005,581,122,183,1,-1,-1,-1
82,11,2031,474,160,187,1,-1,-1,-1
82,12,1488,174,88,172,1,-1,-1,-1
82,13,216,823,180,164,1,-1,-1,-1
82,14,1819,539,225,190,1,-1,-1,-1
82,15,1749,130,168,146,1,-1,-1,-1
82,16,1222,457,107,103,1,-1,-1,-1
82,18,1167,647,217,171,1,-1,-1,-1
82,19,835,617,84,133,1,-1,-1,-1
82,21,791,605,112,192,1,-1,-1,-1
82,22,713,640,185,160,1,-1,-1,-1
82,23,1425,527,128,192,1,-1,-1,-1
82,24,1596,512,204,144,1,-1,-1,-1
83,0,2165,334,107,187,1,-1,-1,-1
83,1,474,752,120,148,1,-1,-1,-1
83,2,1419,202,84,236,1,-1,-1,-1
83,3,884,669,200,188,1,-1,-1,-1
83,4,1483,608,184,180,1,-1,-1,-1
83,5,621,659,172,196,1,-1,-1,-1
83,6,1644,342,112,180,1,-1,-1,-1
83,7,2206,136,110,179,1,-1,-1,-1
83,10,1007,583,122,183,1,-1,-1,-1
83,11,2032,480,160,187,1,-1,-1,-1
83,12,1489,181,88,172,1,-1,-1,-1
83,13,218,829,180,164,1,-1,-1,-1
83,14,1814,537,236,200,1,-1,-1,-1
83,15,1751,135,168,146,1,-1,-1,-1
83,16,1224,460,107,103,1,-1,-1,-1
83,18,1169,650,217,171,1,-1,-1,-1
83,19,835,615,88,140,1,-1,-1,-1
83,21,793,609,112,192,1,-1,-1,-1
83,22,716,643,185,160,1,-1,-1,-1
83,23,1427,530,128,192,1,-1,-1,-1
83,24,1598,517,204,144,1,-1,-1,-1
84,0,2167,341,107,187,1,-1,-1,-1
84,1,470,758,126,155,1,-1,-1,-1
84,2,1419,206,84,236,1,-1,-1,-1
84,3,885,674,200,188,1,-1,-1,-1
84,4,1486,614,184,180,1,-1,-1,-1
84,5,624,663,172,196,1,-1,-1,-1
84,6,1643,347,112,180,1,-1,-1,-1
84,7,2206,140,110,179,1,-1,-1,-1
84,10,1008,584,122,183,1,-1,-1,-1
84,11,2034,483,160,187,1,-1,-1,-1
84,12,1488,185,88,172,1,-1,-1,-1
84,13,220,832,180,164,1,-1,-1,-1
84,14,1817,543,236,200,1,-1,-1,-1
84,15,1752,140,168,146,1,-1,-1,-1
84,16,1225,462,107,103,1,-1,-1,-1
84,18,1163,650,228,180,1,-1,-1,-1
84,19,839,621,88,140,1,-1,-1,-1
84,21,798,618,107,183,1,-1,-1,-1
84,22,718,649,185,160,1,-1,-1,-1
84,23,1430,535,128,192,1,-1,-1,-1
84,24,1600,521,204,144,1,-1,-1,-1
85,0,2166,341,107,187,1,-1,-1,-1
85,1,467,763,126,155,1,-1,-1,-1
85,2,1417,204,88,248,1,-1,-1,-1
85,3,884,680,200,188,1,-1,-1,-1
85,4,1487,619,184,180,1,-1,-1,-1
85,5,626,669,172,196,1,-1,-1,-1
85,6,1643,353,112,180,1,-1,-1,-1
85,7,2203,147,110,179,1,-1,-1,-1
85,10,1007,589,122,183,1,-1,-1,-1
85,11,2033,489,160,187,1,-1,-1,-1
85,12,1487,188,88,172,1,-1,-1,-1
85,13,220,838,180,164,1,-1,-1,-1
85,14,1818,547,236,200,1,-1,-1,-1
85,15,1752,144,168,146,1,-1,-1,-1
85,16,1225,466,107,103,1,-1,-1,-1
85,18,1163,657,228,180,1,-1,-1,-1
85,19,841,626,84,133,1,-1,-1,-1
85,21,798,620,107,183,1,-1,-1,-1
85,22,724,657,176,152,1,-1,-1,-1
85,23,1431,538,128,192,1,-1,-1,-1
85,24,1607,528,194,137,1,-1,-1,-1
86,0,2169,340,107,187,1,-1,-1,-1
86,1,465,766,126,155,1,-1,-1,-1
86,2,1414,208,88,248,1,-1,-1,-1
86,3,884,684,200,188,1,-1,-1,-1
86,4,1490,625,184,180,1,-1,-1,-1
86,5,623,667,181,206,1,-1,-1,-1
86,6,1642,355,112,180,1,-1,-1,-1
86,7,2202,151,110,179,1,-1,-1,-1
86,10,1011,603,122,183,1,-1,-1,-1
86,11,2034,491,160,187,1,-1,-1,-1
86,12,1485,196,88,172,1,-1,-1,-1
86,13,223,840,180,164,1,-1,-1,-1
86,14,1823,554,225,190,1,-1,-1,-1
86,15,1749,148,168,146,1,-1,-1,-1
86,16,1224,469,107,103,1,-1,-1,-1
86,18,1164,658,228,180,1,-1,-1,-1
86,19,841,628,84,133,1,-1,-1,-1
86,21,800,627,102,174,1,-1,-1,-1
86,22,727,660,176,152,1,-1,-1,-1
86,23,1430,541,128,192,1,-1,-1,-1
86,24,1601,529,204,144,1,-1,-1,-1
87,0,2169,347,107,187,1,-1,-1,-1
87,1,461,776,126,155,1,-1,-1,-1
87,2,1412,212,88,248,1,-1,-1,-1
87,3,884,690,200,188,1,-1,-1,-1
87,4,1492,628,184,180,1,-1,-1,-1
87,5,631,675,172,196,1,-1,-1,-1
87,6,1641,364,112,180,1,-1,-1,-1
87,7,2196,149,116,188,1,-1,-1,-1
87,10,1008,600,122,183,1,-1,-1,-1
87,11,2032,492,160,187,1,-1,-1,-1
87,12,1485,200,88,172,1,-1,-1,-1
87,13,223,845,180,164,1,-1,-1,-1
87,14,1822,560,225,190,1,-1,-1,-1
87,15,1746,153,168,146,1,-1,-1,-1
87,16,1223,477,107,103,1,-1,-1,-1
87,18,1163,667,228,180,1,-1,-1,-1
87,19,841,633,84,133,1,-1,-1,-1
87,21,796,628,107,183,1,-1,-1,-1
87,22,725,666,176,152,1,-1,-1,-1
87,23,1431,548,128,192,1,-1,-1,-1
87,24,1603,534,204,144,1,-1,-1,-1
88,0,2169,351,107,187,1,-1,-1,-1
88,1,459,779,126,155,1,-1,-1,-1
88,2,1409,211,93,260,1,-1,-1,-1
88,3,882,698,200,188,1,-1,-1,-1
88,4,1495,632,184,180,1,-1,-1,-1
88,5,632,681,172,196,1,-1,-1,-1
88,6,1640,366,112,180,1,-1,-1,-1
88,7,2194,156,116,188,1,-1,-1,-1
88,10,1006,602,122,183,1,-1,-1,-1
88,11,2032,496,160,187,1,-1,-1,-1
88,12,1484,210,88,172,1,-1,-1,-1
88,13,224,850,180,164,1,-1,-1,-1
88,14,1818,565,225,190,1,-1,-1,-1
88,15,1748,156,168,146,1,-1,-1,-1
88,16,1224,483,101,99,1,-1,-1,-1
88,18,1162,670,228,180,1,-1,-1,-1
88,19,839,638,84,133,1,-1,-1,-1
88,21,799,636,102,174,1,-1,-1,-1
88,22,724,671,176,152,1,-1,-1,-1
88,23,1433,556,122,183,1,-1,-1,-1
88,24,1603,547,204,144,1,-1,-1,-1
89,0,2156,316,104,264,1,-1,-1,-1
89,1,464,760,124,184,1,-1,-1,-1
89,2,1408,236,96,228,1,-1,-1,-1
89,3,900,708,216,180,1,-1,-1,-1
89,4,1500,664,184,152,1,-1,-1,-1
89,5,628,792,140,92,1,-1,-1,-1
89,6,1636,372,108,212,1,-1,-1,-1
89,7,2184,164,112,180,1,-1,-1,-1
89,10,972,624,68,128,1,-1,-1,-1
89,11,2008,480,188,244,1,-1,-1,-1
89,12,1480,204,96,188,1,-1,-1,-1
89,13,224,844,168,180,1,-1,-1,-1
89,14,1818,565,225,190,1,-1,-1,-1
89,15,1748,156,168,146,1,-1,-1,-1
89,16,1224,483,101,99,1,-1,-1,-1
89,18,1176,680,200,160,1,-1,-1,-1
89,19,839,638,84,133,1,-1,-1,-1
89,21,816,628,88,196,1,-1,-1,-1
89,22,724,671,176,152,1,-1,-1,-1
89,23,1428,564,144,192,1,-1,-1,-1
89,24,1696,564,116,104,1,-1,-1,-1
90,0,2154,318,104,264,1,-1,-1,-1
90,1,464,761,124,184,1,-1,-1,-1
90,2,1406,239,96,228,1,-1,-1,-1
90,3,899,711,216,180,1,-1,-1,-1
90,4,1501,668,184,152,1,-1,-1,-1
90,5,628,794,140,92,1,-1,-1,-1
90,6,1635,375,108,212,1,-1,-1,-1
90,7,2181,166,112,180,1,-1,-1,-1
90,10,970,629,68,128,1,-1,-1,-1
90,11,2007,479,188,244,1,-1,-1,-1
90,12,1478,207,96,188,1,-1,-1,-1
90,13,221,848,168,180,1,-1,-1,-1
90,14,1821,576,214,181,1,-1,-1,-1
90,15,1745,164,168,146,1,-1,-1,-1
90,16,1218,494,101,99,1,-1,-1,-1
90,18,1173,685,200,160,1,-1,-1,-1
90,19,830,648,84,133,1,-1,-1,-1
90,21,815,629,88,196,1,-1,-1,-1
90,22,729,682,168,145,1,-1,-1,-1
90,23,1426,568,144,192,1,-1,-1,-1
90,24,1696,568,116,104,1,-1,-1,-1
91,0,2153,320,104,264,1,-1,-1,-1
91,1,462,764,124,184,1,-1,-1,-1
91,2,1401,242,96,228,1,-1,-1,-1
91,3,897,714,216,180,1,-1,-1,-1
91,4,1503,673,184,152,1,-1,-1,-1
91,5,628,798,140,92,1,-1,-1,-1
91,6,1632,377,108,212,1,-1,-1,-1
91,7,2177,172,112,180,1,-1,-1,-1
91,10,967,634,68,128,1,-1,-1,-1
91,11,2009,481,188,244,1,-1,-1,-1
91,12,1474,211,96,188,1,-1,-1,-1
91,13,219,852,168,180,1,-1,-1,-1
91,14,1819,579,214,181,1,-1,-1,-1
91,15,1741,166,168,146,1,-1,-1,-1
91,16,1216,497,101,99,1,-1,-1,-1
91,18,1172,691,200,160,1,-1,-1,-1
91,19,829,648,84,133,1,-1,-1,-1
91,21,812,633,88,196,1,-1,-1,-1
91,22,726,686,168,145,1,-1,-1,-1
91,23,1427,577,137,183,1,-1,-1,-1
91,24,1695,573,116,104,1,-1,-1,-1
92,0,2150,324,104,264,1,-1,-1,-1
92,1,462,769,124,184,1,-1,-1,-1
92,2,1398,242,96,228,1,-1,-1,-1
92,3,893,719,216,180,1,-1,-1,-1
92,4,1505,674,184,152,1,-1,-1,-1
92,5,628,802,140,92,1,-1,-1,-1
92,6,1628,378,108,212,1,-1,-1,-1
92,7,2171,172,112,180,1,-1,-1,-1
92,10,964,638,68,128,1,-1,-1,-1
92,11,2010,488,179,232,1,-1,-1,-1
92,12,1470,214,96,188,1,-1,-1,-1
92,13,215,854,168,180,1,-1,-1,-1
92,14,1817,582,214,181,1,-1,-1,-1
92,15,1737,172,168,146,1,-1,-1,-1
92,16,1212,501,101,99,1,-1,-1,-1
92,18,1165,690,210,168,1,-1,-1,-1
92,19,825,651,84,133,1,-1,-1,-1
92,21,809,638,88,196,1,-1,-1,-1
92,22,725,690,168,145,1,-1,-1,-1
92,23,1425,577,137,183,1,-1,-1,-1
92,24,1693,577,116,104,1,-1,-1,-1
93,0,2149,326,104,264,1,-1,-1,-1
93,1,460,772,124,184,1,-1,-1,-1
93,2,1395,246,96,228,1,-1,-1,-1
93,3,892,722,216,180,1,-1,-1,-1
93,4,1508,675,184,152,1,-1,-1,-1
93,5,629,805,140,92,1,-1,-1,-1
93,6,1624,382,108,212,1,-1,-1,-1
93,7,2168,175,112,180,1,-1,-1,-1
93,10,960,642,68,128,1,-1,-1,-1
93,11,2010,494,179,232,1,-1,-1,-1
93,12,1468,216,96,188,1,-1,-1,-1
93,13,214,857,168,180,1,-1,-1,-1
93,14,1815,582,225,190,1,-1,-1,-1
93,15,1732,176,168,146,1,-1,-1,-1
93,16,1208,503,101,99,1,-1,-1,-1
93,18,1168,697,200,160,1,-1,-1,-1
93,19,823,655,84,133,1,-1,-1,-1
93,21,807,640,88,196,1,-1,-1,-1
93,22,723,696,168,145,1,-1,-1,-1
93,23,1421,580,137,183,1,-1,-1,-1
93,24,1697,583,110,99,1,-1,-1,-1
94,0,2147,329,104,264,1,-1,-1,-1
94,1,464,777,118,175,1,-1,-1,-1
94,2,1397,256,91,217,1,-1,-1,-1
94,3,892,726,216,180,1,-1,-1,-1
94,4,1512,676,184,152,1,-1,-1,-1
94,5,630,810,140,92,1,-1,-1,-1
94,6,1622,383,108,212,1,-1,-1,-1
94,7,2167,179,112,180,1,-1,-1,-1
94,10,959,645,68,128,1,-1,-1,-1
94,11,2008,496,179,232,1,-1,-1,-1
94,12,1466,220,96,188,1,-1,-1,-1
94,13,213,859,168,180,1,-1,-1,-1
94,14,1812,584,225,190,1,-1,-1,-1
94,15,1732,180,168,146,1,-1,-1,-1
94,16,1208,507,101,99,1,-1,-1,-1
94,18,1168,705,200,160,1,-1,-1,-1
94,19,825,659,80,127,1,-1,-1,-1
94,21,807,645,88,196,1,-1,-1,-1
94,22,726,699,168,145,1,-1,-1,-1
94,23,1422,583,137,183,1,-1,-1,-1
94,24,1698,586,110,99,1,-1,-1,-1
95,0,2145,333,104,264,1,-1,-1,-1
95,1,462,776,124,184,1,-1,-1,-1
95,2,1396,260,91,217,1,-1,-1,-1
95,3,893,725,216,180,1,-1,-1,-1
95,4,1519,679,184,152,1,-1,-1,-1
95,5,632,813,140,92,1,-1,-1,-1
95,6,1620,386,108,212,1,-1,-1,-1
95,7,2164,182,112,180,1,-1,-1,-1
95,10,958,647,68,128,1,-1,-1,-1
95,11,2013,506,171,221,1,-1,-1,-1
95,12,1464,223,96,188,1,-1,-1,-1
95,13,212,863,168,180,1,-1,-1,-1
95,14,1811,590,225,190,1,-1,-1,-1
95,15,1729,185,168,146,1,-1,-1,-1
95,16,1205,508,101,99,1,-1,-1,-1
95,18,1171,709,200,160,1,-1,-1,-1
95,19,823,662,84,133,1,-1,-1,-1
95,21,806,648,88,196,1,-1,-1,-1
95,22,725,703,168,145,1,-1,-1,-1
95,23,1421,583,137,183,1,-1,-1,-1
95,24,1699,590,110,99,1,-1,-1,-1
96,0,2145,333,104,264,1,-1,-1,-1
96,1,457,778,130,193,1,-1,-1,-1
96,2,1394,260,91,217,1,-1,-1,-1
96,3,894,728,216,180,1,-1,-1,-1
96,4,1516,677,193,160,1,-1,-1,-1
96,5,635,817,140,92,1,-1,-1,-1
96,6,1621,394,103,202,1,-1,-1,-1
96,7,2163,184,112,180,1,-1,-1,-1
96,10,954,651,68,128,1,-1,-1,-1
96,11,2013,506,171,221,1,-1,-1,-1
96,12,1463,226,96,188,1,-1,-1,-1
96,13,209,864,168,180,1,-1,-1,-1
96,14,1811,593,225,190,1,-1,-1,-1
96,15,1729,189,168,146,1,-1,-1,-1
96,16,1204,508,101,99,1,-1,-1,-1
96,18,1173,711,200,160,1,-1,-1,-1
96,19,823,664,84,133,1,-1,-1,-1
96,21,806,652,88,196,1,-1,-1,-1
96,22,729,708,160,138,1,-1,-1,-1
96,23,1419,585,137,183,1,-1,-1,-1
96,24,1699,592,110,99,1,-1,-1,-1
97,0,2145,333,104,264,1,-1,-1,-1
97,1,452,784,132,180,1,-1,-1,-1
97,2,1380,268,96,224,1,-1,-1,-1
97,3,868,728,240,188,1,-1,-1,-1
97,4,1516,677,193,160,1,-1,-1,-1
97,5,644,720,160,184,1,-1,-1,-1
97,6,1621,394,103,202,1,-1,-1,-1
97,7,2163,184,112,180,1,-1,-1,-1
97,10,954,651,68,128,1,-1,-1,-1
97,11,1988,500,200,232,1,-1,-1,-1
97,12,1460,228,104,164,1,-1,-1,-1
97,13,212,864,148,180,1,-1,-1,-1
97,14,1812,636,156,160,1,-1,-1,-1
97,15,1729,189,168,146,1,-1,-1,-1
97,16,1204,508,101,99,1,-1,-1,-1
97,18,1188,724,196,144,1,-1,-1,-1
97,19,823,664,84,133,1,-1,-1,-1
97,21,806,652,88,196,1,-1,-1,-1
97,22,729,708,160,138,1,-1,-1,-1
97,23,1412,648,132,132,1,-1,-1,-1
97,24,1516,644,276,192,1,-1,-1,-1
98,0,2141,337,104,264,1,-1,-1,-1
98,1,452,788,132,180,1,-1,-1,-1
98,2,1380,268,96,224,1,-1,-1,-1
98,3,868,729,240,188,1,-1,-1,-1
98,4,1521,678,184,152,1,-1,-1,-1
98,5,643,721,160,184,1,-1,-1,-1
98,6,1618,398,103,202,1,-1,-1,-1
98,7,2157,189,112,180,1,-1,-1,-1
98,10,949,653,68,128,1,-1,-1,-1
98,11,1988,502,200,232,1,-1,-1,-1
98,12,1459,229,104,164,1,-1,-1,-1
98,13,214,871,141,171,1,-1,-1,-1
98,14,1812,638,156,160,1,-1,-1,-1
98,16,1195,509,107,103,1,-1,-1,-1
98,18,1188,725,196,144,1,-1,-1,-1
98,19,822,677,84,133,1,-1,-1,-1
98,21,807,661,84,187,1,-1,-1,-1
98,22,731,714,152,131,1,-1,-1,-1
98,23,1412,649,132,132,1,-1,-1,-1
98,24,1518,645,276,192,1,-1,-1,-1
99,0,2137,333,109,277,1,-1,-1,-1
99,1,454,790,132,180,1,-1,-1,-1
99,2,1378,270,96,224,1,-1,-1,-1
99,3,868,731,240,188,1,-1,-1,-1
99,4,1521,679,184,152,1,-1,-1,-1
99,5,643,723,160,184,1,-1,-1,-1
99,6,1616,398,103,202,1,-1,-1,-1
99,7,2153,190,112,180,1,-1,-1,-1
99,10,947,656,68,128,1,-1,-1,-1
99,11,1988,503,200,232,1,-1,-1,-1
99,12,1459,233,104,164,1,-1,-1,-1
99,13,213,874,141,171,1,-1,-1,-1
99,14,1811,642,156,160,1,-1,-1,-1
99,16,1194,510,107,103,1,-1,-1,-1
99,18,1193,730,187,137,1,-1,-1,-1
99,19,821,679,84,133,1,-1,-1,-1
99,21,807,668,80,178,1,-1,-1,-1
99,22,735,718,145,125,1,-1,-1,-1
99,23,1412,650,132,132,1,-1,-1,-1
99,24,1517,646,276,192,1,-1,-1,-1
100,0,2133,318,115,291,1,-1,-1,-1
100,1,453,787,139,189,1,-1,-1,-1
100,2,1376,272,96,224,1,-1,-1,-1
100,3,868,733,240,188,1,-1,-1,-1
100,4,1523,681,184,152,1,-1,-1,-1
100,5,644,724,160,184,1,-1,-1,-1
100,6,1615,400,103,202,1,-1,-1,-1
100,7,2150,196,112,180,1,-1,-1,-1
100,10,946,658,68,128,1,-1,-1,-1
100,11,1988,504,200,232,1,-1,-1,-1
100,12,1458,233,104,164,1,-1,-1,-1
100,13,212,874,141,171,1,-1,-1,-1
100,14,1812,645,156,160,1,-1,-1,-1
100,16,1196,513,101,99,1,-1,-1,-1
100,18,1190,727,196,144,1,-1,-1,-1
100,19,822,680,84,133,1,-1,-1,-1
100,21,807,669,80,178,1,-1,-1,-1
100,22,735,723,145,125,1,-1,-1,-1
100,23,1415,650,132,132,1,-1,-1,-1
100,24,1523,657,263,183,1,-1,-1,-1
101,0,2129,322,115,291,1,-1,-1,-1
101,1,455,789,139,189,1,-1,-1,-1
101,2,1375,275,96,224,1,-1,-1,-1
101,3,869,732,240,188,1,-1,-1,-1
101,4,1522,683,184,152,1,-1,-1,-1
101,5,644,724,160,184,1,-1,-1,-1
101,6,1613,400,103,202,1,-1,-1,-1
101,7,2150,196,112,180,1,-1,-1,-1
101,10,944,658,68,128,1,-1,-1,-1
101,11,1988,503,200,232,1,-1,-1,-1
101,12,1457,233,104,164,1,-1,-1,-1
101,13,212,875,141,171,1,-1,-1,-1
101,14,1812,644,156,160,1,-1,-1,-1
101,16,1197,512,101,99,1,-1,-1,-1
101,18,1191,726,196,144,1,-1,-1,-1
101,19,822,680,84,133,1,-1,-1,-1
101,21,805,671,80,178,1,-1,-1,-1
101,22,735,722,145,125,1,-1,-1,-1
101,23,1416,649,132,132,1,-1,-1,-1
101,24,1523,657,263,183,1,-1,-1,-1
102,0,2132,324,109,277,1,-1,-1,-1
102,1,456,784,139,189,1,-1,-1,-1
102,2,1375,272,96,224,1,-1,-1,-1
102,3,878,731,229,179,1,-1,-1,-1
102,4,1525,680,184,152,1,-1,-1,-1
102,5,646,717,160,184,1,-1,-1,-1
102,6,1612,396,103,202,1,-1,-1,-1
102,7,2149,194,112,180,1,-1,-1,-1
102,10,945,657,68,128,1,-1,-1,-1
102,11,1988,497,200,232,1,-1,-1,-1
102,12,1458,228,104,164,1,-1,-1,-1
102,13,213,869,141,171,1,-1,-1,-1
102,14,1813,641,156,160,1,-1,-1,-1
102,16,1196,505,101,99,1,-1,-1,-1
102,18,1193,722,196,144,1,-1,-1,-1
102,19,823,673,84,133,1,-1,-1,-1
102,21,805,665,80,178,1,-1,-1,-1
102,22,736,715,145,125,1,-1,-1,-1
102,23,1423,647,126,126,1,-1,-1,-1
102,24,1517,646,276,192,1,-1,-1,-1
103,0,2131,309,109,277,1,-1,-1,-1
103,1,460,769,139,189,1,-1,-1,-1
103,2,1376,252,96,224,1,-1,-1,-1
103,3,880,717,229,179,1,-1,-1,-1
103,4,1526,669,184,152,1,-1,-1,-1
103,5,648,702,160,184,1,-1,-1,-1
103,6,1613,380,103,202,1,-1,-1,-1
103,7,2147,181,112,180,1,-1,-1,-1
103,10,946,643,68,128,1,-1,-1,-1
103,11,1990,481,200,232,1,-1,-1,-1
103,12,1456,211,109,172,1,-1,-1,-1
103,13,214,855,141,171,1,-1,-1,-1
103,14,1814,628,156,160,1,-1,-1,-1
103,16,1198,494,101,99,1,-1,-1,-1
103,18,1198,705,196,144,1,-1,-1,-1
103,19,823,661,84,133,1,-1,-1,-1
103,21,806,650,80,178,1,-1,-1,-1
103,22,735,702,145,125,1,-1,-1,-1
103,23,1423,635,126,126,1,-1,-1,-1
103,24,1515,639,276,192,1,-1,-1,-1
104,0,2141,287,109,277,1,-1,-1,-1
104,1,476,745,139,189,1,-1,-1,-1
104,2,1383,231,96,224,1,-1,-1,-1
104,3,900,698,229,179,1,-1,-1,-1
104,4,1543,648,184,152,1,-1,-1,-1
104,5,666,684,152,175,1,-1,-1,-1
104,6,1617,354,108,212,1,-1,-1,-1
104,7,2153,162,112,180,1,-1,-1,-1
104,10,955,622,68,128,1,-1,-1,-1
104,11,2004,458,200,232,1,-1,-1,-1
104,12,1468,190,109,172,1,-1,-1,-1
104,13,228,828,148,180,1,-1,-1,-1
104,14,1828,601,156,160,1,-1,-1,-1
104,16,1212,473,101,99,1,-1,-1,-1
104,18,1216,682,196,144,1,-1,-1,-1
104,19,834,632,88,140,1,-1,-1,-1
104,21,816,628,80,178,1,-1,-1,-1
104,22,749,679,145,125,1,-1,-1,-1
104,23,1437,611,126,126,1,-1,-1,-1
104,24,1540,619,276,192,1,-1,-1,-1
105,0,2141,287,109,277,1,-1,-1,-1
105,1,488,740,152,168,1,-1,-1,-1
105,2,1404,204,92,228,1,-1,-1,-1
105,3,940,672,224,176,1,-1,-1,-1
105,4,1543,648,184,152,1,-1,-1,-1
105,5,672,724,140,128,1,-1,-1,-1
105,6,1628,336,112,192,1,-1,-1,-1
105,7,2136,144,140,340,1,-1,-1,-1
105,10,968,604,96,140,1,-1,-1,-1
105,11,2004,458,200,232,1,-1,-1,-1
105,12,1500,76,108,244,1,-1,-1,-1
105,13,240,816,144,168,1,-1,-1,-1
105,14,1828,601,156,160,1,-1,-1,-1
105,16,1232,416,88,176,1,-1,-1,-1
105,18,1232,636,208,168,1,-1,-1,-1
105,19,834,632,88,140,1,-1,-1,-1
105,21,816,628,80,178,1,-1,-1,-1
105,22,749,679,145,125,1,-1,-1,-1
105,23,1437,611,126,126,1,-1,-1,-1
105,24,1576,580,256,196,1,-1,-1,-1
105,25,1112,520,124,160,1,-1,-1,-1
106,0,2147,249,115,291,1,-1,-1,-1
106,1,503,726,152,168,1,-1,-1,-1
106,2,1412,191,92,228,1,-1,-1,-1
106,3,957,657,224,176,1,-1,-1,-1
106,4,1567,614,184,152,1,-1,-1,-1
106,5,687,710,140,128,1,-1,-1,-1
106,6,1641,320,112,192,1,-1,-1,-1
106,7,2149,139,140,340,1,-1,-1,-1
106,10,981,590,96,140,1,-1,-1,-1
106,11,2031,430,200,232,1,-1,-1,-1
106,12,1511,59,108,244,1,-1,-1,-1
106,13,255,803,144,168,1,-1,-1,-1
106,14,1856,568,156,160,1,-1,-1,-1
106,16,1247,401,88,176,1,-1,-1,-1
106,18,1247,623,208,168,1,-1,-1,-1
106,19,862,598,88,140,1,-1,-1,-1
106,21,841,597,76,169,1,-1,-1,-1
106,22,780,646,145,125,1,-1,-1,-1
106,23,1467,583,126,126,1,-1,-1,-1
106,24,1592,569,256,196,1,-1,-1,-1
106,25,1126,505,124,160,1,-1,-1,-1
107,0,2177,235,109,277,1,-1,-1,-1
107,1,522,710,152,168,1,-1,-1,-1
107,2,1430,172,92,228,1,-1,-1,-1
107,3,976,642,224,176,1,-1,-1,-1
107,4,1587,596,184,152,1,-1,-1,-1
107,5,708,694,140,128,1,-1,-1,-1
107,6,1658,304,112,192,1,-1,-1,-1
107,7,2166,118,133,324,1,-1,-1,-1
107,10,998,574,96,140,1,-1,-1,-1
107,11,2054,409,200,232,1,-1,-1,-1
107,12,1535,47,103,232,1,-1,-1,-1
107,13,274,788,144,168,1,-1,-1,-1
107,14,1872,553,156,160,1,-1,-1,-1
107,16,1265,387,88,176,1,-1,-1,-1
107,18,1267,609,208,168,1,-1,-1,-1
107,19,880,578,88,140,1,-1,-1,-1
107,21,860,579,76,169,1,-1,-1,-1
107,22,798,624,145,125,1,-1,-1,-1
107,23,1488,565,126,126,1,-1,-1,-1
107,24,1617,557,244,187,1,-1,-1,-1
107,25,1145,489,124,160,1,-1,-1,-1
108,0,2190,230,109,277,1,-1,-1,-1
108,1,537,698,152,168,1,-1,-1,-1
108,2,1445,164,88,217,1,-1,-1,-1
108,3,987,629,235,185,1,-1,-1,-1
108,4,1607,591,175,145,1,-1,-1,-1
108,5,725,681,140,128,1,-1,-1,-1
108,6,1674,292,112,192,1,-1,-1,-1
108,7,2179,111,133,324,1,-1,-1,-1
108,10,1012,562,96,140,1,-1,-1,-1
108,11,2070,401,200,232,1,-1,-1,-1
108,12,1549,32,108,244,1,-1,-1,-1
108,13,291,781,144,168,1,-1,-1,-1
108,14,1883,540,156,160,1,-1,-1,-1
108,16,1282,377,88,176,1,-1,-1,-1
108,18,1284,602,208,168,1,-1,-1,-1
108,19,896,565,88,140,1,-1,-1,-1
108,21,875,567,76,169,1,-1,-1,-1
108,22,812,611,145,125,1,-1,-1,-1
108,23,1502,550,126,126,1,-1,-1,-1
108,24,1631,545,244,187,1,-1,-1,-1
108,25,1161,476,124,160,1,-1,-1,-1
109,0,2207,199,115,291,1,-1,-1,-1
109,1,548,690,152,168,1,-1,-1,-1
109,2,1455,157,88,217,1,-1,-1,-1
109,3,1000,620,235,185,1,-1,-1,-1
109,4,1615,585,175,145,1,-1,-1,-1
109,5,740,671,140,128,1,-1,-1,-1
109,6,1681,280,118,202,1,-1,-1,-1
109,7,2188,104,133,324,1,-1,-1,-1
109,10,1022,552,96,140,1,-1,-1,-1
109,11,2079,382,210,244,1,-1,-1,-1
109,12,1559,26,108,244,1,-1,-1,-1
109,13,304,772,144,168,1,-1,-1,-1
109,14,1894,531,156,160,1,-1,-1,-1
109,16,1294,368,88,176,1,-1,-1,-1
109,18,1295,597,208,168,1,-1,-1,-1
109,19,907,554,88,140,1,-1,-1,-1
109,21,888,554,80,178,1,-1,-1,-1
109,22,823,601,145,125,1,-1,-1,-1
109,23,1517,543,126,126,1,-1,-1,-1
109,24,1642,537,244,187,1,-1,-1,-1
109,25,1175,465,124,160,1,-1,-1,-1
110,1,558,679,152,168,1,-1,-1,-1
110,2,1462,151,88,217,1,-1,-1,-1
110,3,1009,609,235,185,1,-1,-1,-1
110,4,1625,573,175,145,1,-1,-1,-1
110,5,749,660,140,128,1,-1,-1,-1
110,6,1686,269,118,202,1,-1,-1,-1
110,7,2190,86,140,340,1,-1,-1,-1
110,10,1027,542,96,140,1,-1,-1,-1
110,11,2083,379,210,244,1,-1,-1,-1
110,12,1562,1,113,256,1,-1,-1,-1
110,13,314,760,144,168,1,-1,-1,-1
110,14,1904,523,156,160,1,-1,-1,-1
110,16,1305,363,84,168,1,-1,-1,-1
110,18,1304,584,208,168,1,-1,-1,-1
110,19,917,544,88,140,1,-1,-1,-1
110,21,898,547,76,169,1,-1,-1,-1
110,22,830,591,145,125,1,-1,-1,-1
110,23,1526,533,126,126,1,-1,-1,-1
110,24,1651,529,244,187,1,-1,-1,-1
110,25,1184,454,124,160,1,-1,-1,-1
111,1,563,672,152,168,1,-1,-1,-1
111,2,1469,143,88,217,1,-1,-1,-1
111,3,1015,600,235,185,1,-1,-1,-1
111,4,1630,564,175,145,1,-1,-1,-1
111,5,756,650,140,128,1,-1,-1,-1
111,6,1691,261,118,202,1,-1,-1,-1
111,7,2197,84,140,340,1,-1,-1,-1
111,10,1032,532,96,140,1,-1,-1,-1
111,11,2091,377,200,232,1,-1,-1,-1
111,12,1571,4,108,244,1,-1,-1,-1
111,13,316,756,144,168,1,-1,-1,-1
111,14,1909,514,156,160,1,-1,-1,-1
111,16,1312,356,80,160,1,-1,-1,-1
111,18,1317,581,198,160,1,-1,-1,-1
111,19,921,531,88,140,1,-1,-1,-1
111,21,904,537,76,169,1,-1,-1,-1
111,22,836,578,145,125,1,-1,-1,-1
111,23,1533,521,126,126,1,-1,-1,-1
111,24,1650,515,256,196,1,-1,-1,-1
111,25,1189,444,124,160,1,-1,-1,-1
112,1,571,659,152,168,1,-1,-1,-1
112,2,1474,124,88,217,1,-1,-1,-1
112,3,1035,582,235,185,1,-1,-1,-1
112,4,1636,547,184,152,1,-1,-1,-1
112,5,766,637,140,128,1,-1,-1,-1
112,6,1701,248,112,192,1,-1,-1,-1
112,7,2205,56,140,340,1,-1,-1,-1
112,10,1037,520,96,140,1,-1,-1,-1
112,11,2106,355,200,232,1,-1,-1,-1
112,12,1579,0,108,235,1,-1,-1,-1
112,13,330,742,144,168,1,-1,-1,-1
112,14,1923,499,156,160,1,-1,-1,-1
112,16,1322,339,80,160,1,-1,-1,-1
112,18,1332,568,189,152,1,-1,-1,-1
112,19,930,519,84,133,1,-1,-1,-1
112,21,911,521,76,169,1,-1,-1,-1
112,22,845,568,145,125,1,-1,-1,-1
112,23,1544,505,126,126,1,-1,-1,-1
112,24,1659,501,256,196,1,-1,-1,-1
112,25,1201,430,124,160,1,-1,-1,-1
113,1,556,648,200,172,1,-1,-1,-1
113,2,1492,124,80,216,1,-1,-1,-1
113,3,1036,604,244,156,1,-1,-1,-1
113,4,1636,547,184,152,1,-1,-1,-1
113,5,772,572,144,188,1,-1,-1,-1
113,6,1700,252,112,212,1,-1,-1,-1
113,7,2205,56,140,340,1,-1,-1,-1
113,10,1036,504,120,156,1,-1,-1,-1
113,11,2112,340,184,256,1,-1,-1,-1
113,12,1579,0,108,235,1,-1,-1,-1
113,13,332,736,144,168,1,-1,-1,-1
113,14,1952,436,188,216,1,-1,-1,-1
113,16,1322,339,80,160,1,-1,-1,-1
113,18,1328,604,212,112,1,-1,-1,-1
113,19,930,519,84,133,1,-1,-1,-1
113,21,911,521,76,169,1,-1,-1,-1
113,22,845,568,145,125,1,-1,-1,-1
113,23,1544,428,128,216,1,-1,-1,-1
113,24,1660,500,296,192,1,-1,-1,-1
113,25,1201,430,124,160,1,-1,-1,-1
114,1,561,646,200,172,1,-1,-1,-1
114,2,1494,120,80,216,1,-1,-1,-1
114,3,1043,600,244,156,1,-1,-1,-1
114,4,1639,541,184,152,1,-1,-1,-1
114,5,775,570,144,188,1,-1,-1,-1
114,6,1702,246,112,212,1,-1,-1,-1
114,7,2212,54,140,340,1,-1,-1,-1
114,10,1039,500,120,156,1,-1,-1,-1
114,11,2114,336,184,256,1,-1,-1,-1
114,12,1583,0,108,231,1,-1,-1,-1
114,13,337,733,144,168,1,-1,-1,-1
114,14,1954,432,188,216,1,-1,-1,-1
114,16,1324,334,80,160,1,-1,-1,-1
114,18,1336,601,212,112,1,-1,-1,-1
114,19,933,517,84,133,1,-1,-1,-1
114,21,917,524,72,161,1,-1,-1,-1
114,22,851,564,138,119,1,-1,-1,-1
114,23,1548,426,128,216,1,-1,-1,-1
114,24,1665,496,296,192,1,-1,-1,-1
114,25,1205,425,124,160,1,-1,-1,-1
115,1,568,636,200,172,1,-1,-1,-1
115,2,1496,107,80,216,1,-1,-1,-1
115,3,1047,588,244,156,1,-1,-1,-1
115,4,1658,534,184,152,1,-1,-1,-1
115,5,784,560,144,188,1,-1,-1,-1
115,6,1704,236,112,212,1,-1,-1,-1
115,7,2216,27,140,340,1,-1,-1,-1
115,10,1042,489,120,156,1,-1,-1,-1
115,11,2119,333,175,244,1,-1,-1,-1
115,12,1593,0,103,217,1,-1,-1,-1
115,13,349,720,144,168,1,-1,-1,-1
115,14,1955,417,188,216,1,-1,-1,-1
115,16,1332,323,76,152,1,-1,-1,-1
115,18,1347,589,223,118,1,-1,-1,-1
115,19,940,511,80,127,1,-1,-1,-1
115,21,922,515,72,161,1,-1,-1,-1
115,22,857,557,145,125,1,-1,-1,-1
115,23,1554,411,128,216,1,-1,-1,-1
115,24,1671,489,296,192,1,-1,-1,-1
115,25,1215,410,124,160,1,-1,-1,-1
116,1,568,635,200,172,1,-1,-1,-1
116,2,1499,107,80,216,1,-1,-1,-1
116,3,1050,587,244,156,1,-1,-1,-1
116,4,1659,535,184,152,1,-1,-1,-1
116,5,785,559,144,188,1,-1,-1,-1
116,6,1707,239,107,202,1,-1,-1,-1
116,7,2216,29,140,340,1,-1,-1,-1
116,10,1042,490,120,156,1,-1,-1,-1
116,11,2122,331,175,244,1,-1,-1,-1
116,12,1596,0,103,213,1,-1,-1,-1
116,13,349,720,144,168,1,-1,-1,-1
116,14,1961,422,179,206,1,-1,-1,-1
116,16,1332,322,76,152,1,-1,-1,-1
116,18,1338,587,234,123,1,-1,-1,-1
116,19,939,513,80,127,1,-1,-1,-1
116,21,923,515,72,161,1,-1,-1,-1
116,22,856,556,145,125,1,-1,-1,-1
116,23,1555,411,128,216,1,-1,-1,-1
116,24,1670,486,296,192,1,-1,-1,-1
116,25,1213,412,124,160,1,-1,-1,-1
117,1,570,631,200,172,1,-1,-1,-1
117,2,1497,97,84,227,1,-1,-1,-1
117,3,1052,584,244,156,1,-1,-1,-1
117,4,1669,534,184,152,1,-1,-1,-1
117,5,787,556,144,188,1,-1,-1,-1
117,6,1705,232,112,212,1,-1,-1,-1
117,7,2223,29,133,324,1,-1,-1,-1
117,10,1043,487,120,156,1,-1,-1,-1
117,11,2119,320,184,256,1,-1,-1,-1
117,12,1599,0,103,208,1,-1,-1,-1
117,13,351,716,144,168,1,-1,-1,-1
117,14,1960,417,179,206,1,-1,-1,-1
117,16,1332,314,80,160,1,-1,-1,-1
117,18,1345,582,234,123,1,-1,-1,-1
117,19,941,509,80,127,1,-1,-1,-1
117,21,924,511,72,161,1,-1,-1,-1
117,22,858,551,145,125,1,-1,-1,-1
117,23,1559,406,128,216,1,-1,-1,-1
117,24,1674,478,296,192,1,-1,-1,-1
117,25,1219,413,118,152,1,-1,-1,-1
118,1,575,632,200,172,1,-1,-1,-1
118,2,1498,100,84,227,1,-1,-1,-1
118,3,1066,583,244,156,1,-1,-1,-1
118,4,1682,539,184,152,1,-1,-1,-1
118,5,800,559,144,188,1,-1,-1,-1
118,6,1707,234,112,212,1,-1,-1,-1
118,7,2229,30,127,308,1,-1,-1,-1
118,10,1048,493,120,156,1,-1,-1,-1
118,11,2126,318,184,256,1,-1,-1,-1
118,12,1603,0,108,218,1,-1,-1,-1
118,13,362,717,144,168,1,-1,-1,-1
118,14,1966,423,179,206,1,-1,-1,-1
118,16,1340,317,80,160,1,-1,-1,-1
118,18,1368,583,234,123,1,-1,-1,-1
118,19,938,519,80,127,1,-1,-1,-1
118,21,929,521,69,154,1,-1,-1,-1
118,22,867,554,145,125,1,-1,-1,-1
118,23,1564,408,128,216,1,-1,-1,-1
118,24,1680,483,296,192,1,-1,-1,-1
118,25,1235,420,112,145,1,-1,-1,-1
119,1,576,632,200,172,1,-1,-1,-1
119,2,1500,100,84,227,1,-1,-1,-1
119,3,1064,583,244,156,1,-1,-1,-1
119,4,1683,540,184,152,1,-1,-1,-1
119,5,799,560,144,188,1,-1,-1,-1
119,6,1709,234,112,212,1,-1,-1,-1
119,7,2234,32,127,308,1,-1,-1,-1
119,10,1048,492,120,156,1,-1,-1,-1
119,11,2128,317,184,256,1,-1,-1,-1
119,12,1606,0,103,211,1,-1,-1,-1
119,13,362,718,144,168,1,-1,-1,-1
119,14,1968,424,179,206,1,-1,-1,-1
119,16,1341,317,80,160,1,-1,-1,-1
119,18,1374,584,223,118,1,-1,-1,-1
119,19,944,519,80,127,1,-1,-1,-1
119,21,930,519,72,161,1,-1,-1,-1
119,22,866,556,145,125,1,-1,-1,-1
119,23,1565,408,128,216,1,-1,-1,-1
119,24,1689,491,282,183,1,-1,-1,-1
119,25,1235,421,112,145,1,-1,-1,-1
120,1,580,657,200,172,1,-1,-1,-1
120,2,1503,119,84,227,1,-1,-1,-1
120,3,1072,609,232,149,1,-1,-1,-1
120,4,1688,561,184,152,1,-1,-1,-1
120,5,804,581,144,188,1,-1,-1,-1
120,6,1712,256,112,212,1,-1,-1,-1
120,7,2240,53,121,294,1,-1,-1,-1
120,10,1050,513,120,156,1,-1,-1,-1
120,11,2134,343,175,244,1,-1,-1,-1
120,12,1605,0,103,227,1,-1,-1,-1
120,13,369,742,144,168,1,-1,-1,-1
120,14,1968,446,179,206,1,-1,-1,-1
120,16,1345,337,80,160,1,-1,-1,-1
120,18,1373,606,223,118,1,-1,-1,-1
120,19,949,545,80,127,1,-1,-1,-1
120,21,934,541,72,161,1,-1,-1,-1
120,22,868,577,145,125,1,-1,-1,-1
120,23,1570,433,128,216,1,-1,-1,-1
120,24,1698,513,268,174,1,-1,-1,-1
120,25,1239,444,112,145,1,-1,-1,-1
121,1,580,657,200,172,1,-1,-1,-1
121,2,1503,119,84,227,1,-1,-1,-1
121,3,1072,609,232,149,1,-1,-1,-1
121,4,1688,561,184,152,1,-1,-1,-1
121,5,804,581,144,188,1,-1,-1,-1
121,6,1728,332,128,232,1,-1,-1,-1
121,7,2240,53,121,294,1,-1,-1,-1
121,10,1050,513,120,156,1,-1,-1,-1
121,11,2134,343,175,244,1,-1,-1,-1
121,12,1605,0,103,227,1,-1,-1,-1
121,13,369,742,144,168,1,-1,-1,-1
121,14,1968,446,179,206,1,-1,-1,-1
121,16,1345,337,80,160,1,-1,-1,-1
121,18,1540,528,64,144,1,-1,-1,-1
121,19,949,545,80,127,1,-1,-1,-1
121,21,934,541,72,161,1,-1,-1,-1
121,22,868,577,145,125,1,-1,-1,-1
121,23,1604,532,112,224,1,-1,-1,-1
121,24,1716,584,284,220,1,-1,-1,-1
121,25,1239,444,112,145,1,-1,-1,-1
121,26,640,764,188,172,1,-1,-1,-1
121,27,1420,696,240,136,1,-1,-1,-1
121,28,1128,688,228,196,1,-1,-1,-1
121,29,412,840,136,180,1,-1,-1,-1
121,30,1536,212,96,240,1,-1,-1,-1
121,31,1988,608,132,160,1,-1,-1,-1
121,32,1672,164,96,176,1,-1,-1,-1
121,33,1332,448,152,184,1,-1,-1,-1
121,34,868,664,204,212,1,-1,-1,-1
121,35,1840,88,112,200,1,-1,-1,-1
122,1,616,736,210,181,1,-1,-1,-1
122,2,1508,93,84,227,1,-1,-1,-1
122,3,1010,597,232,149,1,-1,-1,-1
122,4,1700,579,184,152,1,-1,-1,-1
122,5,843,677,144,188,1,-1,-1,-1
122,6,1728,332,128,232,1,-1,-1,-1
122,10,1081,612,120,156,1,-1,-1,-1
122,11,2167,439,175,244,1,-1,-1,-1
122,12,1623,84,108,244,1,-1,-1,-1
122,13,410,839,144,168,1,-1,-1,-1
122,14,2004,543,179,206,1,-1,-1,-1
122,16,1373,438,84,168,1,-1,-1,-1
122,18,1540,528,64,144,1,-1,-1,-1
122,19,943,583,84,133,1,-1,-1,-1
122,21,951,639,76,169,1,-1,-1,-1
122,22,836,559,145,125,1,-1,-1,-1
122,23,1604,532,112,224,1,-1,-1,-1
122,24,1716,584,284,220,1,-1,-1,-1
122,25,1213,458,107,138,1,-1,-1,-1
122,26,640,764,188,172,1,-1,-1,-1
122,27,1420,696,240,136,1,-1,-1,-1
122,28,1128,688,228,196,1,-1,-1,-1
122,29,412,840,136,180,1,-1,-1,-1
122,30,1536,212,96,240,1,-1,-1,-1
122,31,1988,608,132,160,1,-1,-1,-1
122,32,1672,164,96,176,1,-1,-1,-1
122,33,1332,448,152,184,1,-1,-1,-1
122,34,868,664,204,212,1,-1,-1,-1
122,35,1840,88,112,200,1,-1,-1,-1
123,1,632,787,210,181,1,-1,-1,-1
123,2,1517,59,80,216,1,-1,-1,-1
123,3,1010,618,232,149,1,-1,-1,-1
123,5,861,719,144,188,1,-1,-1,-1
123,6,1746,377,122,221,1,-1,-1,-1
123,10,1096,654,120,156,1,-1,-1,-1
123,11,2187,481,175,244,1,-1,-1,-1
123,13,429,881,144,168,1,-1,-1,-1
123,14,2017,582,188,216,1,-1,-1,-1
123,16,1392,481,84,168,1,-1,-1,-1
123,18,1554,568,64,144,1,-1,-1,-1
123,19,923,573,84,133,1,-1,-1,-1
123,21,968,685,76,169,1,-1,-1,-1
123,22,829,562,138,119,1,-1,-1,-1
123,23,1621,572,112,224,1,-1,-1,-1
123,24,1732,623,284,220,1,-1,-1,-1
123,25,1222,420,112,145,1,-1,-1,-1
123,26,659,804,179,164,1,-1,-1,-1
123,27,1442,733,240,136,1,-1,-1,-1
123,28,1145,726,228,196,1,-1,-1,-1
123,29,429,879,136,180,1,-1,-1,-1
123,30,1551,259,96,240,1,-1,-1,-1
123,31,2003,645,132,160,1,-1,-1,-1
123,32,1689,203,96,176,1,-1,-1,-1
123,33,1349,487,152,184,1,-1,-1,-1
123,34,884,702,204,212,1,-1,-1,-1
123,35,1854,129,112,200,1,-1,-1,-1
124,1,648,834,210,181,1,-1,-1,-1
124,2,1521,124,76,206,1,-1,-1,-1
124,3,1031,646,232,149,1,-1,-1,-1
124,5,880,767,144,188,1,-1,-1,-1
124,6,1754,427,122,221,1,-1,-1,-1
124,10,1108,703,120,156,1,-1,-1,-1
124,11,2206,529,175,244,1,-1,-1,-1
124,13,448,928,144,168,1,-1,-1,-1
124,14,2033,627,197,227,1,-1,-1,-1
124,16,1409,533,84,168,1,-1,-1,-1
124,18,1567,615,67,151,1,-1,-1,-1
124,19,939,569,84,133,1,-1,-1,-1
124,21,982,734,76,169,1,-1,-1,-1
124,22,813,519,138,119,1,-1,-1,-1
124,23,1636,626,112,224,1,-1,-1,-1
124,24,1746,674,284,220,1,-1,-1,-1
124,25,1239,412,112,145,1,-1,-1,-1
124,26,678,855,171,156,1,-1,-1,-1
124,27,1461,778,240,136,1,-1,-1,-1
124,28,1162,776,228,196,1,-1,-1,-1
124,29,446,927,136,180,1,-1,-1,-1
124,30,1559,306,96,240,1,-1,-1,-1
124,31,2019,696,132,160,1,-1,-1,-1
124,32,1706,256,96,176,1,-1,-1,-1
124,33,1368,543,145,175,1,-1,-1,-1
124,34,901,751,204,212,1,-1,-1,-1
124,35,1868,182,112,200,1,-1,-1,-1
125,1,646,839,210,181,1,-1,-1,-1
125,2,1522,129,76,206,1,-1,-1,-1
125,3,1023,666,232,149,1,-1,-1,-1
125,5,881,771,144,188,1,-1,-1,-1
125,6,1753,424,128,232,1,-1,-1,-1
125,10,1109,705,120,156,1,-1,-1,-1
125,11,2209,532,175,244,1,-1,-1,-1
125,13,449,931,144,168,1,-1,-1,-1
125,14,2031,628,197,227,1,-1,-1,-1
125,16,1413,536,84,168,1,-1,-1,-1
125,18,1568,617,67,151,1,-1,-1,-1
125,19,942,568,84,133,1,-1,-1,-1
125,22,813,515,138,119,1,-1,-1,-1
125,23,1636,626,112,224,1,-1,-1,-1
125,24,1749,677,284,220,1,-1,-1,-1
125,25,1237,418,107,138,1,-1,-1,-1
125,26,679,857,171,156,1,-1,-1,-1
125,27,1461,783,240,136,1,-1,-1,-1
125,28,1164,777,228,196,1,-1,-1,-1
125,29,447,930,136,180,1,-1,-1,-1
125,30,1563,305,96,240,1,-1,-1,-1
125,31,2019,698,132,160,1,-1,-1,-1
125,32,1707,256,96,176,1,-1,-1,-1
125,33,1367,545,145,175,1,-1,-1,-1
125,34,902,752,204,212,1,-1,-1,-1
125,35,1866,182,112,200,1,-1,-1,-1
126,1,650,846,210,181,1,-1,-1,-1
126,2,1536,132,73,196,1,-1,-1,-1
126,3,1032,664,221,141,1,-1,-1,-1
126,5,887,780,144,188,1,-1,-1,-1
126,6,1754,438,128,232,1,-1,-1,-1
126,10,1108,710,126,164,1,-1,-1,-1
126,11,2208,546,175,244,1,-1,-1,-1
126,13,453,938,144,168,1,-1,-1,-1
126,14,2038,638,197,227,1,-1,-1,-1
126,16,1419,556,80,160,1,-1,-1,-1
126,18,1572,630,64,144,1,-1,-1,-1
126,19,946,574,88,140,1,-1,-1,-1
126,22,817,524,138,119,1,-1,-1,-1
126,23,1638,631,112,224,1,-1,-1,-1
126,24,1758,688,270,210,1,-1,-1,-1
126,25,1254,407,107,138,1,-1,-1,-1
126,26,683,868,171,156,1,-1,-1,-1
126,27,1470,788,240,136,1,-1,-1,-1
126,28,1168,786,228,196,1,-1,-1,-1
126,29,452,937,136,180,1,-1,-1,-1
126,30,1567,311,96,240,1,-1,-1,-1
126,31,2023,706,132,160,1,-1,-1,-1
126,32,1711,268,96,176,1,-1,-1,-1
126,33,1371,553,145,175,1,-1,-1,-1
126,34,908,760,204,212,1,-1,-1,-1
126,35,1871,196,107,190,1,-1,-1,-1
127,1,660,843,210,181,1,-1,-1,-1
127,2,1538,134,73,196,1,-1,-1,-1
127,3,1050,681,221,141,1,-1,-1,-1
127,5,896,779,144,188,1,-1,-1,-1
127,6,1758,433,128,232,1,-1,-1,-1
127,10,1114,709,126,164,1,-1,-1,-1
127,11,2208,544,184,256,1,-1,-1,-1
127,13,462,936,144,168,1,-1,-1,-1
127,14,2040,639,197,227,1,-1,-1,-1
127,16,1425,554,76,152,1,-1,-1,-1
127,18,1579,628,64,144,1,-1,-1,-1
127,22,816,520,145,125,1,-1,-1,-1
127,23,1644,631,112,224,1,-1,-1,-1
127,24,1778,696,258,200,1,-1,-1,-1
127,25,1259,399,102,132,1,-1,-1,-1
127,26,695,862,171,156,1,-1,-1,-1
127,27,1490,786,240,136,1,-1,-1,-1
127,28,1179,785,228,196,1,-1,-1,-1
127,29,462,936,136,180,1,-1,-1,-1
127,30,1571,311,96,240,1,-1,-1,-1
127,31,2032,703,132,160,1,-1,-1,-1
127,32,1718,267,96,176,1,-1,-1,-1
127,33,1376,550,145,175,1,-1,-1,-1
127,34,917,756,204,212,1,-1,-1,-1
127,35,1876,201,102,181,1,-1,-1,-1
128,1,662,844,210,181,1,-1,-1,-1
128,3,1053,684,221,141,1,-1,-1,-1
128,5,897,777,144,188,1,-1,-1,-1
128,6,1758,431,128,232,1,-1,-1,-1
128,10,1116,708,126,164,1,-1,-1,-1
128,11,2215,541,184,256,1,-1,-1,-1
128,13,463,936,144,168,1,-1,-1,-1
128,14,2039,638,197,227,1,-1,-1,-1
128,16,1427,551,76,152,1,-1,-1,-1
128,18,1580,630,61,137,1,-1,-1,-1
128,22,817,519,145,125,1,-1,-1,-1
128,23,1647,629,112,224,1,-1,-1,-1
128,24,1782,700,245,190,1,-1,-1,-1
128,25,1261,400,102,132,1,-1,-1,-1
128,26,695,860,171,156,1,-1,-1,-1
128,27,1489,785,240,136,1,-1,-1,-1
128,28,1180,785,228,196,1,-1,-1,-1
128,29,462,936,136,180,1,-1,-1,-1
128,30,1571,314,96,240,1,-1,-1,-1
128,31,2033,702,132,160,1,-1,-1,-1
128,32,1721,271,91,168,1,-1,-1,-1
128,33,1378,549,145,175,1,-1,-1,-1
128,34,917,754,204,212,1,-1,-1,-1
128,35,1878,200,102,181,1,-1,-1,-1
129,1,662,844,210,181,1,-1,-1,-1
129,3,1053,684,221,141,1,-1,-1,-1
129,5,900,748,160,224,1,-1,-1,-1
129,6,1758,431,128,232,1,-1,-1,-1
129,10,1120,712,92,144,1,-1,-1,-1
129,11,2215,541,184,256,1,-1,-1,-1
129,13,468,928,128,180,1,-1,-1,-1
129,14,2140,580,128,252,1,-1,-1,-1
129,16,1427,551,76,152,1,-1,-1,-1
129,18,1580,630,61,137,1,-1,-1,-1
129,22,817,519,145,125,1,-1,-1,-1
129,23,1656,600,112,240,1,-1,-1,-1
129,24,1756,648,80,156,1,-1,-1,-1
129,25,1261,400,102,132,1,-1,-1,-1
129,26,688,852,176,180,1,-1,-1,-1
129,27,1512,764,228,152,1,-1,-1,-1
129,28,1192,772,240,200,1,-1,-1,-1
129,29,462,936,136,180,1,-1,-1,-1
129,30,1588,320,84,208,1,-1,-1,-1
129,31,2048,688,112,168,1,-1,-1,-1
129,32,1721,271,91,168,1,-1,-1,-1
129,33,1378,549,145,175,1,-1,-1,-1
129,34,1068,772,68,148,1,-1,-1,-1
129,35,1878,200,102,181,1,-1,-1,-1
129,36,1776,708,260,184,1,-1,-1,-1
129,37,1776,0,156,136,1,-1,-1,-1
129,38,1924,0,168,116,1,-1,-1,-1
130,1,686,826,210,181,1,-1,-1,-1
130,3,1051,669,232,149,1,-1,-1,-1
130,5,913,730,160,224,1,-1,-1,-1
130,6,1773,413,122,221,1,-1,-1,-1
130,10,1126,697,92,144,1,-1,-1,-1
130,11,2228,524,184,256,1,-1,-1,-1
130,13,479,911,128,180,1,-1,-1,-1
130,14,2152,564,128,252,1,-1,-1,-1
130,16,1444,526,72,145,1,-1,-1,-1
130,18,1595,604,61,137,1,-1,-1,-1
130,22,832,502,145,125,1,-1,-1,-1
130,23,1667,578,112,240,1,-1,-1,-1
130,24,1768,636,76,149,1,-1,-1,-1
130,25,1272,389,107,138,1,-1,-1,-1
130,26,705,836,176,180,1,-1,-1,-1
130,27,1527,748,228,152,1,-1,-1,-1
130,28,1204,757,240,200,1,-1,-1,-1
130,29,477,913,136,180,1,-1,-1,-1
130,30,1590,295,88,218,1,-1,-1,-1
130,31,2062,671,112,168,1,-1,-1,-1
130,32,1737,251,91,168,1,-1,-1,-1
130,33,1393,528,145,175,1,-1,-1,-1
130,34,1082,755,68,148,1,-1,-1,-1
130,35,1889,183,102,181,1,-1,-1,-1
130,36,1796,687,260,184,1,-1,-1,-1
130,37,1789,0,156,122,1,-1,-1,-1
130,38,1939,0,168,101,1,-1,-1,-1
131,1,687,825,210,181,1,-1,-1,-1
131,3,1056,663,232,149,1,-1,-1,-1
131,5,915,730,160,224,1,-1,-1,-1
131,6,1773,414,122,221,1,-1,-1,-1
131,10,1127,696,92,144,1,-1,-1,-1
131,11,2226,520,184,256,1,-1,-1,-1
131,13,480,913,128,180,1,-1,-1,-1
131,14,2153,564,128,252,1,-1,-1,-1
131,16,1446,527,69,138,1,-1,-1,-1
131,18,1595,600,64,144,1,-1,-1,-1
131,23,1670,586,107,229,1,-1,-1,-1
131,24,1768,636,76,149,1,-1,-1,-1
131,26,705,835,176,180,1,-1,-1,-1
131,27,1526,746,228,152,1,-1,-1,-1
131,28,1208,757,240,200,1,-1,-1,-1
131,29,479,912,136,180,1,-1,-1,-1
131,30,1591,295,88,218,1,-1,-1,-1
131,31,2063,672,112,168,1,-1,-1,-1
131,32,1741,249,91,168,1,-1,-1,-1
131,33,1394,526,145,175,1,-1,-1,-1
131,34,1084,758,65,141,1,-1,-1,-1
131,35,1890,181,102,181,1,-1,-1,-1
131,36,1785,682,273,193,1,-1,-1,-1
131,37,1789,0,156,122,1,-1,-1,-1
131,38,1939,0,168,102,1,-1,-1,-1
132,1,692,820,210,181,1,-1,-1,-1
132,5,920,720,160,224,1,-1,-1,-1
132,6,1775,404,122,221,1,-1,-1,-1
132,10,1132,690,88,137,1,-1,-1,-1
132,11,2237,519,175,244,1,-1,-1,-1
132,13,479,902,134,189,1,-1,-1,-1
132,14,2157,554,128,252,1,-1,-1,-1
132,16,1449,527,66,131,1,-1,-1,-1
132,18,1599,588,64,144,1,-1,-1,-1
132,23,1674,578,107,229,1,-1,-1,-1
132,24,1770,626,76,149,1,-1,-1,-1
132,26,713,830,176,180,1,-1,-1,-1
132,27,1532,739,228,152,1,-1,-1,-1
132,28,1211,748,240,200,1,-1,-1,-1
132,29,478,900,143,189,1,-1,-1,-1
132,30,1597,286,88,218,1,-1,-1,-1
132,31,2068,662,112,168,1,-1,-1,-1
132,32,1748,242,91,168,1,-1,-1,-1
132,33,1397,518,145,175,1,-1,-1,-1
132,34,1089,746,65,141,1,-1,-1,-1
132,35,1889,167,107,190,1,-1,-1,-1
132,36,1799,680,260,184,1,-1,-1,-1
132,37,1796,0,149,113,1,-1,-1,-1
132,38,1945,0,160,92,1,-1,-1,-1
133,1,712,778,200,172,1,-1,-1,-1
133,5,930,675,160,224,1,-1,-1,-1
133,6,1785,374,116,210,1,-1,-1,-1
133,10,1136,648,88,137,1,-1,-1,-1
133,11,2246,481,175,244,1,-1,-1,-1
133,13,486,855,134,189,1,-1,-1,-1
133,14,2167,510,128,252,1,-1,-1,-1
133,16,1460,475,66,131,1,-1,-1,-1
133,18,1604,544,64,144,1,-1,-1,-1
133,23,1680,525,112,240,1,-1,-1,-1
133,24,1777,578,76,149,1,-1,-1,-1
133,26,727,788,176,180,1,-1,-1,-1
133,27,1545,697,228,152,1,-1,-1,-1
133,28,1232,709,229,190,1,-1,-1,-1
133,29,483,856,143,189,1,-1,-1,-1
133,30,1601,242,88,218,1,-1,-1,-1
133,31,2079,620,107,160,1,-1,-1,-1
133,32,1752,201,91,168,1,-1,-1,-1
133,33,1405,476,145,175,1,-1,-1,-1
133,34,1099,698,68,148,1,-1,-1,-1
133,35,1896,129,107,190,1,-1,-1,-1
133,36,1808,640,260,184,1,-1,-1,-1
133,37,1806,0,149,77,1,-1,-1,-1
133,38,1949,0,152,98,1,-1,-1,-1
134,1,714,779,190,164,1,-1,-1,-1
134,5,932,673,160,224,1,-1,-1,-1
134,6,1786,369,116,210,1,-1,-1,-1
134,10,1137,648,88,137,1,-1,-1,-1
134,11,2245,471,175,244,1,-1,-1,-1
134,13,487,854,134,189,1,-1,-1,-1
134,14,2168,508,128,252,1,-1,-1,-1
134,16,1460,475,66,131,1,-1,-1,-1
134,18,1606,542,64,144,1,-1,-1,-1
134,23,1681,524,112,240,1,-1,-1,-1
134,24,1777,581,76,149,1,-1,-1,-1
134,26,727,787,176,180,1,-1,-1,-1
134,27,1542,694,228,152,1,-1,-1,-1
134,28,1226,703,240,200,1,-1,-1,-1
134,29,485,851,143,189,1,-1,-1,-1
134,30,1602,241,88,218,1,-1,-1,-1
134,31,2079,617,107,160,1,-1,-1,-1
134,32,1759,197,91,168,1,-1,-1,-1
134,33,1406,470,145,175,1,-1,-1,-1
134,34,1100,697,68,148,1,-1,-1,-1
134,35,1898,128,107,190,1,-1,-1,-1
134,36,1808,635,260,184,1,-1,-1,-1
134,37,1805,0,149,76,1,-1,-1,-1
134,38,1949,0,152,99,1,-1,-1,-1
135,1,722,756,190,164,1,-1,-1,-1
135,5,933,640,168,235,1,-1,-1,-1
135,6,1794,349,116,210,1,-1,-1,-1
135,10,1140,621,88,137,1,-1,-1,-1
135,11,2246,443,184,256,1,-1,-1,-1
135,13,493,836,128,180,1,-1,-1,-1
135,14,2175,489,122,240,1,-1,-1,-1
135,16,1463,447,66,131,1,-1,-1,-1
135,18,1609,515,64,144,1,-1,-1,-1
135,23,1687,498,112,240,1,-1,-1,-1
135,24,1776,550,80,156,1,-1,-1,-1
135,26,733,763,176,180,1,-1,-1,-1
135,27,1549,669,228,152,1,-1,-1,-1
135,28,1233,678,240,200,1,-1,-1,-1
135,29,489,827,143,189,1,-1,-1,-1
135,30,1606,214,88,218,1,-1,-1,-1
135,31,2088,599,102,152,1,-1,-1,-1
135,32,1762,171,91,168,1,-1,-1,-1
135,33,1409,447,145,175,1,-1,-1,-1
135,34,1103,670,68,148,1,-1,-1,-1
135,35,1900,98,107,190,1,-1,-1,-1
135,36,1807,603,273,193,1,-1,-1,-1
135,37,1811,0,149,43,1,-1,-1,-1
135,38,2006,12,152,105,1,-1,-1,-1
136,1,736,740,190,164,1,-1,-1,-1
136,5,944,628,160,224,1,-1,-1,-1
136,6,1793,319,116,210,1,-1,-1,-1
136,10,1148,603,88,137,1,-1,-1,-1
136,11,2255,427,175,244,1,-1,-1,-1
136,13,504,820,122,171,1,-1,-1,-1
136,14,2187,466,122,240,1,-1,-1,-1
136,16,1473,421,66,131,1,-1,-1,-1
136,18,1616,494,67,151,1,-1,-1,-1
136,23,1699,477,112,240,1,-1,-1,-1
136,24,1781,533,80,156,1,-1,-1,-1
136,26,747,745,176,180,1,-1,-1,-1
136,27,1561,650,228,152,1,-1,-1,-1
136,28,1243,657,240,200,1,-1,-1,-1
136,29,496,807,143,189,1,-1,-1,-1
136,30,1613,193,88,218,1,-1,-1,-1
136,31,2097,581,102,152,1,-1,-1,-1
136,32,1771,149,91,168,1,-1,-1,-1
136,33,1418,426,145,175,1,-1,-1,-1
136,34,1116,653,68,148,1,-1,-1,-1
136,35,1904,74,107,190,1,-1,-1,-1
136,36,1814,583,273,193,1,-1,-1,-1
136,37,1816,0,149,23,1,-1,-1,-1
136,38,2025,0,152,103,1,-1,-1,-1
137,1,736,740,190,164,1,-1,-1,-1
137,5,944,720,152,128,1,-1,-1,-1
137,6,1740,316,180,204,1,-1,-1,-1
137,10,1148,603,88,137,1,-1,-1,-1
137,11,2308,424,124,200,1,-1,-1,-1
137,13,504,820,122,171,1,-1,-1,-1
137,14,2152,444,148,284,1,-1,-1,-1
137,16,1473,421,66,131,1,-1,-1,-1
137,18,1584,444,96,204,1,-1,-1,-1
137,23,1704,480,184,220,1,-1,-1,-1
137,24,1781,533,80,156,1,-1,-1,-1
137,26,748,752,168,156,1,-1,-1,-1
137,27,1568,612,224,188,1,-1,-1,-1
137,28,1220,560,124,204,1,-1,-1,-1
137,29,504,828,136,160,1,-1,-1,-1
137,30,1620,180,80,228,1,-1,-1,-1
137,31,1932,560,260,180,1,-1,-1,-1
137,32,1771,149,91,168,1,-1,-1,-1
137,33,1418,426,145,175,1,-1,-1,-1
137,34,1120,608,96,176,1,-1,-1,-1
137,35,1904,74,107,190,1,-1,-1,-1
137,36,1812,616,220,168,1,-1,-1,-1
137,37,1816,0,149,23,1,-1,-1,-1
137,38,2025,0,152,103,1,-1,-1,-1
137,39,1252,676,240,176,1,-1,-1,-1
138,1,740,737,190,164,1,-1,-1,-1
138,5,948,717,152,128,1,-1,-1,-1
138,6,1742,314,180,204,1,-1,-1,-1
138,10,1150,600,88,137,1,-1,-1,-1
138,11,2310,419,124,200,1,-1,-1,-1
138,13,507,817,122,171,1,-1,-1,-1
138,14,2158,449,141,270,1,-1,-1,-1
138,16,1476,415,66,131,1,-1,-1,-1
138,18,1586,441,96,204,1,-1,-1,-1
138,23,1708,477,184,220,1,-1,-1,-1
138,24,1782,528,80,156,1,-1,-1,-1
138,26,753,750,168,156,1,-1,-1,-1
138,27,1577,613,213,179,1,-1,-1,-1
138,28,1219,554,130,214,1,-1,-1,-1
138,29,507,826,136,160,1,-1,-1,-1
138,30,1622,178,80,228,1,-1,-1,-1
138,31,1936,557,260,180,1,-1,-1,-1
138,32,1778,146,91,168,1,-1,-1,-1
138,33,1417,415,152,184,1,-1,-1,-1
138,34,1121,606,96,176,1,-1,-1,-1
138,35,1909,69,107,190,1,-1,-1,-1
138,36,1817,612,220,168,1,-1,-1,-1
138,37,1814,0,156,14,1,-1,-1,-1
138,38,2038,3,152,105,1,-1,-1,-1
138,39,1256,674,240,176,1,-1,-1,-1
139,1,745,736,190,164,1,-1,-1,-1
139,5,951,715,152,128,1,-1,-1,-1
139,6,1742,309,180,204,1,-1,-1,-1
139,10,1147,596,88,137,1,-1,-1,-1
139,11,2311,414,124,200,1,-1,-1,-1
139,13,510,813,122,171,1,-1,-1,-1
139,14,2159,439,148,284,1,-1,-1,-1
139,16,1478,413,66,131,1,-1,-1,-1
139,18,1586,438,96,204,1,-1,-1,-1
139,23,1706,469,193,231,1,-1,-1,-1
139,24,1774,525,80,156,1,-1,-1,-1
139,26,757,748,168,156,1,-1,-1,-1
139,27,1578,609,213,179,1,-1,-1,-1
139,28,1225,555,124,204,1,-1,-1,-1
139,29,510,826,136,160,1,-1,-1,-1
139,30,1622,177,80,228,1,-1,-1,-1
139,31,1938,556,260,180,1,-1,-1,-1
139,32,1794,139,87,160,1,-1,-1,-1
139,33,1421,411,152,184,1,-1,-1,-1
139,34,1121,604,96,176,1,-1,-1,-1
139,35,1907,68,107,190,1,-1,-1,-1
139,36,1818,608,220,168,1,-1,-1,-1
139,37,1817,0,156,11,1,-1,-1,-1
139,38,2039,0,152,105,1,-1,-1,-1
139,39,1257,671,240,176,1,-1,-1,-1
140,1,740,731,190,164,1,-1,-1,-1
140,5,945,712,152,128,1,-1,-1,-1
140,6,1736,304,180,204,1,-1,-1,-1
140,10,1137,589,88,137,1,-1,-1,-1
140,11,2304,413,124,200,1,-1,-1,-1
140,13,506,814,122,171,1,-1,-1,-1
140,14,2158,435,148,284,1,-1,-1,-1
140,16,1471,407,69,138,1,-1,-1,-1
140,18,1581,432,96,204,1,-1,-1,-1
140,23,1699,465,193,231,1,-1,-1,-1
140,24,1761,524,80,156,1,-1,-1,-1
140,26,752,744,168,156,1,-1,-1,-1
140,27,1572,605,213,179,1,-1,-1,-1
140,28,1215,553,124,204,1,-1,-1,-1
140,29,503,824,136,160,1,-1,-1,-1
140,30,1621,181,76,217,1,-1,-1,-1
140,31,1934,549,260,180,1,-1,-1,-1
140,32,1790,128,87,160,1,-1,-1,-1
140,33,1416,408,152,184,1,-1,-1,-1
140,34,1109,600,96,176,1,-1,-1,-1
140,35,1899,70,107,190,1,-1,-1,-1
140,36,1809,601,220,168,1,-1,-1,-1
140,37,1806,0,156,9,1,-1,-1,-1
140,38,2087,3,152,105,1,-1,-1,-1
140,39,1251,666,240,176,1,-1,-1,-1
141,1,740,731,190,164,1,-1,-1,-1
141,5,948,714,145,122,1,-1,-1,-1
141,6,1735,303,180,204,1,-1,-1,-1
141,10,1136,589,88,137,1,-1,-1,-1
141,11,2303,413,124,200,1,-1,-1,-1
141,13,504,814,122,171,1,-1,-1,-1
141,14,2156,434,148,284,1,-1,-1,-1
141,16,1470,405,69,138,1,-1,-1,-1
141,18,1579,431,96,204,1,-1,-1,-1
141,23,1699,461,193,231,1,-1,-1,-1
141,24,1764,526,76,149,1,-1,-1,-1
141,26,751,743,168,156,1,-1,-1,-1
141,27,1571,605,213,179,1,-1,-1,-1
141,28,1215,551,124,204,1,-1,-1,-1
141,29,503,823,136,160,1,-1,-1,-1
141,30,1619,178,76,217,1,-1,-1,-1
141,31,1930,549,260,180,1,-1,-1,-1
141,32,1788,128,87,160,1,-1,-1,-1
141,33,1417,406,152,184,1,-1,-1,-1
141,34,1110,598,96,176,1,-1,-1,-1
141,35,1899,66,107,190,1,-1,-1,-1
141,36,1810,602,220,168,1,-1,-1,-1
141,37,1806,0,156,9,1,-1,-1,-1
141,38,2096,1,152,105,1,-1,-1,-1
141,39,1251,665,240,176,1,-1,-1,-1
142,1,730,720,190,164,1,-1,-1,-1
142,5,940,702,145,122,1,-1,-1,-1
142,6,1719,289,180,204,1,-1,-1,-1
142,10,1120,575,88,137,1,-1,-1,-1
142,11,2290,401,124,200,1,-1,-1,-1
142,13,495,797,122,171,1,-1,-1,-1
142,14,2151,412,148,284,1,-1,-1,-1
142,16,1456,392,69,138,1,-1,-1,-1
142,18,1562,421,96,204,1,-1,-1,-1
142,23,1689,444,193,231,1,-1,-1,-1
142,24,1751,509,76,149,1,-1,-1,-1
142,26,744,732,168,156,1,-1,-1,-1
142,27,1557,592,213,179,1,-1,-1,-1
142,28,1202,535,124,204,1,-1,-1,-1
142,29,493,807,136,160,1,-1,-1,-1
142,30,1610,161,76,217,1,-1,-1,-1
142,31,1912,533,273,189,1,-1,-1,-1
142,32,1775,116,87,160,1,-1,-1,-1
142,33,1400,393,152,184,1,-1,-1,-1
142,34,1094,583,96,176,1,-1,-1,-1
142,35,1880,47,112,200,1,-1,-1,-1
142,36,1799,585,220,168,1,-1,-1,-1
142,37,1798,0,149,1,1,-1,-1,-1
142,38,2080,0,152,97,1,-1,-1,-1
142,39,1240,654,240,176,1,-1,-1,-1
143,1,731,718,190,164,1,-1,-1,-1
143,5,941,700,145,122,1,-1,-1,-1
143,6,1714,287,180,204,1,-1,-1,-1
143,10,1116,569,92,144,1,-1,-1,-1
143,11,2290,399,124,200,1,-1,-1,-1
143,13,495,797,122,171,1,-1,-1,-1
143,14,2149,408,148,284,1,-1,-1,-1
143,16,1454,391,69,138,1,-1,-1,-1
143,18,1562,418,96,204,1,-1,-1,-1
143,23,1690,450,184,220,1,-1,-1,-1
143,24,1744,504,76,149,1,-1,-1,-1
143,26,745,733,168,156,1,-1,-1,-1
143,27,1553,586,224,188,1,-1,-1,-1
143,28,1199,535,124,204,1,-1,-1,-1
143,29,497,808,130,152,1,-1,-1,-1
143,30,1601,155,80,228,1,-1,-1,-1
143,31,1902,519,287,198,1,-1,-1,-1
143,32,1774,113,87,160,1,-1,-1,-1
143,33,1400,395,145,175,1,-1,-1,-1
143,34,1093,583,96,176,1,-1,-1,-1
143,35,1877,45,112,200,1,-1,-1,-1
143,36,1800,580,220,168,1,-1,-1,-1
143,37,1793,0,149,2,1,-1,-1,-1
143,39,1241,652,240,176,1,-1,-1,-1
144,1,732,719,190,164,1,-1,-1,-1
144,5,940,699,145,122,1,-1,-1,-1
144,6,1714,286,180,204,1,-1,-1,-1
144,10,1116,569,92,144,1,-1,-1,-1
144,11,2289,399,124,200,1,-1,-1,-1
144,13,495,795,122,171,1,-1,-1,-1
144,14,2150,410,148,284,1,-1,-1,-1
144,16,1453,391,69,138,1,-1,-1,-1
144,18,1560,413,101,214,1,-1,-1,-1
144,23,1694,457,175,210,1,-1,-1,-1
144,24,1743,503,76,149,1,-1,-1,-1
144,26,744,729,168,156,1,-1,-1,-1
144,27,1548,581,235,197,1,-1,-1,-1
144,28,1198,538,124,204,1,-1,-1,-1
144,29,500,811,123,145,1,-1,-1,-1
144,30,1600,155,80,228,1,-1,-1,-1
144,31,1908,522,287,198,1,-1,-1,-1
144,32,1775,116,83,152,1,-1,-1,-1
144,33,1402,396,145,175,1,-1,-1,-1
144,34,1092,582,96,176,1,-1,-1,-1
144,35,1875,43,112,200,1,-1,-1,-1
144,36,1801,580,220,168,1,-1,-1,-1
144,37,1795,0,149,2,1,-1,-1,-1
144,39,1241,649,240,176,1,-1,-1,-1
145,1,744,708,168,164,1,-1,-1,-1
145,5,948,656,156,168,1,-1,-1,-1
145,6,1720,288,164,212,1,-1,-1,-1
145,10,1120,560,64,164,1,-1,-1,-1
145,11,2308,372,96,220,1,-1,-1,-1
145,13,492,788,136,176,1,-1,-1,-1
145,14,2150,410,148,284,1,-1,-1,-1
145,16,1453,391,69,138,1,-1,-1,-1
145,18,1544,400,112,232,1,-1,-1,-1
145,23,1708,436,120,244,1,-1,-1,-1
145,24,1743,503,76,149,1,-1,-1,-1
145,26,744,729,168,156,1,-1,-1,-1
145,27,1568,576,212,200,1,-1,-1,-1
145,28,1184,528,140,212,1,-1,-1,-1
145,29,500,811,123,145,1,-1,-1,-1
145,30,1580,168,92,192,1,-1,-1,-1
145,31,2076,540,148,168,1,-1,-1,-1
145,32,1744,28,124,252,1,-1,-1,-1
145,33,1364,404,164,184,1,-1,-1,-1
145,34,1092,582,96,176,1,-1,-1,-1
145,35,1875,43,112,200,1,-1,-1,-1
145,36,1804,472,348,280,1,-1,-1,-1
145,37,1795,0,149,2,1,-1,-1,-1
145,39,1252,632,224,196,1,-1,-1,-1
146,1,739,705,168,164,1,-1,-1,-1
146,5,946,654,156,168,1,-1,-1,-1
146,6,1714,287,164,212,1,-1,-1,-1
146,10,1118,558,64,164,1,-1,-1,-1
146,11,2306,366,96,220,1,-1,-1,-1
146,13,490,785,136,176,1,-1,-1,-1
146,14,2147,406,148,284,1,-1,-1,-1
146,16,1448,381,69,138,1,-1,-1,-1
146,18,1541,397,112,232,1,-1,-1,-1
146,23,1704,433,120,244,1,-1,-1,-1
146,24,1727,504,76,149,1,-1,-1,-1
146,26,737,727,168,156,1,-1,-1,-1
146,27,1565,574,212,200,1,-1,-1,-1
146,28,1179,526,140,212,1,-1,-1,-1
146,29,500,806,123,145,1,-1,-1,-1
146,30,1578,168,92,192,1,-1,-1,-1
146,31,2075,537,148,168,1,-1,-1,-1
146,32,1743,27,124,252,1,-1,-1,-1
146,33,1361,401,164,184,1,-1,-1,-1
146,34,1084,572,96,176,1,-1,-1,-1
146,35,1873,41,112,200,1,-1,-1,-1
146,36,1805,469,348,280,1,-1,-1,-1
146,39,1250,629,224,196,1,-1,-1,-1
147,1,738,706,168,164,1,-1,-1,-1
147,5,945,654,156,168,1,-1,-1,-1
147,6,1715,287,164,212,1,-1,-1,-1
147,10,1117,556,64,164,1,-1,-1,-1
147,11,2304,365,96,220,1,-1,-1,-1
147,13,489,786,136,176,1,-1,-1,-1
147,14,2147,403,148,284,1,-1,-1,-1
147,16,1447,382,69,138,1,-1,-1,-1
147,18,1540,397,112,232,1,-1,-1,-1
147,23,1707,439,114,232,1,-1,-1,-1
147,24,1725,507,73,141,1,-1,-1,-1
147,26,736,726,168,156,1,-1,-1,-1
147,27,1565,574,212,200,1,-1,-1,-1
147,28,1179,525,140,212,1,-1,-1,-1
147,29,499,805,123,145,1,-1,-1,-1
147,30,1576,166,92,192,1,-1,-1,-1
147,31,2075,537,148,168,1,-1,-1,-1
147,32,1745,34,118,240,1,-1,-1,-1
147,33,1361,401,164,184,1,-1,-1,-1
147,34,1082,569,101,185,1,-1,-1,-1
147,35,1867,42,112,200,1,-1,-1,-1
147,36,1806,468,348,280,1,-1,-1,-1
147,39,1250,629,224,196,1,-1,-1,-1
148,1,723,702,168,164,1,-1,-1,-1
148,5,932,648,156,168,1,-1,-1,-1
148,6,1699,282,164,212,1,-1,-1,-1
148,10,1102,553,64,164,1,-1,-1,-1
148,11,2294,367,91,210,1,-1,-1,-1
148,13,478,783,136,176,1,-1,-1,-1
148,14,2146,410,141,270,1,-1,-1,-1
148,16,1436,372,69,138,1,-1,-1,-1
148,18,1525,393,112,232,1,-1,-1,-1
148,23,1694,427,120,244,1,-1,-1,-1
148,24,1711,508,69,135,1,-1,-1,-1
148,26,720,724,168,156,1,-1,-1,-1
148,27,1553,570,212,200,1,-1,-1,-1
148,28,1168,525,133,202,1,-1,-1,-1
148,29,488,802,123,145,1,-1,-1,-1
148,30,1560,161,92,192,1,-1,-1,-1
148,31,2063,535,148,168,1,-1,-1,-1
148,32,1725,24,124,252,1,-1,-1,-1
148,33,1347,396,164,184,1,-1,-1,-1
148,34,1065,565,101,185,1,-1,-1,-1
148,35,1852,34,112,200,1,-1,-1,-1
148,36,1782,461,365,294,1,-1,-1,-1
148,39,1237,627,224,196,1,-1,-1,-1
149,1,720,698,168,164,1,-1,-1,-1
149,5,929,647,156,168,1,-1,-1,-1
149,6,1683,275,172,223,1,-1,-1,-1
149,10,1097,552,64,164,1,-1,-1,-1
149,11,2291,360,91,210,1,-1,-1,-1
149,13,477,779,136,176,1,-1,-1,-1
149,14,2153,406,141,270,1,-1,-1,-1
149,16,1428,363,72,145,1,-1,-1,-1
149,18,1521,389,112,232,1,-1,-1,-1
149,23,1688,422,120,244,1,-1,-1,-1
149,26,717,722,168,156,1,-1,-1,-1
149,27,1549,567,212,200,1,-1,-1,-1
149,28,1162,524,133,202,1,-1,-1,-1
149,29,487,801,123,145,1,-1,-1,-1
149,30,1556,158,92,192,1,-1,-1,-1
149,31,2062,530,148,168,1,-1,-1,-1
149,32,1719,20,124,252,1,-1,-1,-1
149,33,1344,392,164,184,1,-1,-1,-1
149,34,1062,562,101,185,1,-1,-1,-1
149,35,1843,33,112,200,1,-1,-1,-1
149,36,1785,466,348,280,1,-1,-1,-1
149,39,1238,627,224,196,1,-1,-1,-1
150,1,719,699,168,164,1,-1,-1,-1
150,5,927,647,156,168,1,-1,-1,-1
150,6,1688,277,164,212,1,-1,-1,-1
150,10,1096,551,64,164,1,-1,-1,-1
150,11,2287,354,96,220,1,-1,-1,-1
150,13,477,779,136,176,1,-1,-1,-1
150,14,2150,409,134,258,1,-1,-1,-1
150,16,1428,361,72,145,1,-1,-1,-1
150,18,1520,389,112,232,1,-1,-1,-1
150,23,1688,428,114,232,1,-1,-1,-1
150,26,716,721,168,156,1,-1,-1,-1
150,27,1548,565,212,200,1,-1,-1,-1
150,28,1159,523,133,202,1,-1,-1,-1
150,29,488,800,123,145,1,-1,-1,-1
150,30,1553,158,92,192,1,-1,-1,-1
150,31,2063,530,148,168,1,-1,-1,-1
150,32,1720,15,124,252,1,-1,-1,-1
150,33,1343,391,164,184,1,-1,-1,-1
150,34,1060,559,101,185,1,-1,-1,-1
150,35,1842,32,112,200,1,-1,-1,-1
150,36,1785,467,348,280,1,-1,-1,-1
150,39,1236,626,224,196,1,-1,-1,-1
151,1,717,694,168,164,1,-1,-1,-1
151,5,924,643,156,168,1,-1,-1,-1
151,6,1682,277,164,212,1,-1,-1,-1
151,10,1091,556,61,156,1,-1,-1,-1
151,11,2286,349,96,220,1,-1,-1,-1
151,13,477,779,136,176,1,-1,-1,-1
151,14,2152,411,134,258,1,-1,-1,-1
151,16,1423,355,72,145,1,-1,-1,-1
151,18,1519,393,107,221,1,-1,-1,-1
151,23,1688,431,109,221,1,-1,-1,-1
151,26,714,718,168,156,1,-1,-1,-1
151,27,1545,563,212,200,1,-1,-1,-1
151,28,1149,520,140,212,1,-1,-1,-1
151,29,488,799,123,145,1,-1,-1,-1
151,30,1547,156,92,192,1,-1,-1,-1
151,31,2061,526,148,168,1,-1,-1,-1
151,32,1719,22,118,240,1,-1,-1,-1
151,33,1340,389,164,184,1,-1,-1,-1
151,34,1055,565,101,185,1,-1,-1,-1
151,35,1830,31,112,200,1,-1,-1,-1
151,36,1781,464,348,280,1,-1,-1,-1
151,39,1232,628,224,196,1,-1,-1,-1
152,1,716,690,168,164,1,-1,-1,-1
152,5,922,639,156,168,1,-1,-1,-1
152,6,1679,276,164,212,1,-1,-1,-1
152,10,1085,555,61,156,1,-1,-1,-1
152,11,2283,349,96,220,1,-1,-1,-1
152,13,477,777,136,176,1,-1,-1,-1
152,14,2152,410,134,258,1,-1,-1,-1
152,16,1421,352,69,138,1,-1,-1,-1
152,18,1512,384,112,232,1,-1,-1,-1
152,23,1687,430,109,221,1,-1,-1,-1
152,26,712,717,168,156,1,-1,-1,-1
152,27,1545,561,212,200,1,-1,-1,-1
152,28,1144,518,140,212,1,-1,-1,-1
152,29,488,799,123,145,1,-1,-1,-1
152,30,1543,155,92,192,1,-1,-1,-1
152,31,2060,522,148,168,1,-1,-1,-1
152,32,1717,26,112,229,1,-1,-1,-1
152,33,1339,388,164,184,1,-1,-1,-1
152,34,1050,568,101,185,1,-1,-1,-1
152,35,1829,31,112,200,1,-1,-1,-1
152,36,1776,461,348,280,1,-1,-1,-1
152,39,1230,626,224,196,1,-1,-1,-1
153,1,720,688,160,176,1,-1,-1,-1
153,5,988,624,112,160,1,-1,-1,-1
153,6,1684,276,148,152,1,-1,-1,-1
153,10,1085,555,61,156,1,-1,-1,-1
153,11,2283,349,96,220,1,-1,-1,-1
153,13,476,764,144,184,1,-1,-1,-1
153,14,2152,410,134,258,1,-1,-1,-1
153,16,1421,352,69,138,1,-1,-1,-1
153,18,1508,408,104,188,1,-1,-1,-1
153,23,1687,430,109,221,1,-1,-1,-1
153,26,712,717,168,156,1,-1,-1,-1
153,27,1548,548,188,216,1,-1,-1,-1
153,28,1144,524,176,192,1,-1,-1,-1
153,29,488,799,123,145,1,-1,-1,-1
153,30,1536,136,100,204,1,-1,-1,-1
153,31,2048,440,240,256,1,-1,-1,-1
153,32,1717,26,112,229,1,-1,-1,-1
153,33,1339,388,164,184,1,-1,-1,-1
153,34,1050,568,101,185,1,-1,-1,-1
153,35,1829,31,112,200,1,-1,-1,-1
153,36,1788,512,284,228,1,-1,-1,-1
153,39,1232,632,212,188,1,-1,-1,-1
153,40,916,676,132,132,1,-1,-1,-1
154,1,716,684,160,176,1,-1,-1,-1
154,5,980,618,112,160,1,-1,-1,-1
154,6,1669,274,148,152,1,-1,-1,-1
154,10,1071,553,61,156,1,-1,-1,-1
154,11,2279,349,96,220,1,-1,-1,-1
154,13,472,762,144,184,1,-1,-1,-1
154,16,1410,353,69,138,1,-1,-1,-1
154,18,1498,402,109,197,1,-1,-1,-1
154,23,1679,430,109,221,1,-1,-1,-1
154,26,706,708,176,164,1,-1,-1,-1
154,27,1541,548,188,216,1,-1,-1,-1
154,28,1132,522,176,192,1,-1,-1,-1
154,29,482,797,123,145,1,-1,-1,-1
154,30,1526,133,100,204,1,-1,-1,-1
154,31,2042,437,240,256,1,-1,-1,-1
154,32,1710,18,112,229,1,-1,-1,-1
154,33,1326,385,164,184,1,-1,-1,-1
154,34,1044,557,101,185,1,-1,-1,-1
154,35,1823,36,107,190,1,-1,-1,-1
154,36,1783,509,284,228,1,-1,-1,-1
154,39,1227,632,212,188,1,-1,-1,-1
154,40,906,670,132,132,1,-1,-1,-1
155,1,711,684,160,176,1,-1,-1,-1
155,5,974,616,112,160,1,-1,-1,-1
155,6,1659,272,148,152,1,-1,-1,-1
155,10,1060,552,61,156,1,-1,-1,-1
155,11,2275,339,91,210,1,-1,-1,-1
155,13,468,760,144,184,1,-1,-1,-1
155,16,1403,348,69,138,1,-1,-1,-1
155,18,1494,405,104,188,1,-1,-1,-1
155,23,1675,430,109,221,1,-1,-1,-1
155,26,701,708,176,164,1,-1,-1,-1
155,27,1534,544,188,216,1,-1,-1,-1
155,28,1123,520,176,192,1,-1,-1,-1
155,29,475,797,123,145,1,-1,-1,-1
155,30,1517,130,100,204,1,-1,-1,-1
155,31,2039,434,240,256,1,-1,-1,-1
155,32,1697,19,112,229,1,-1,-1,-1
155,33,1321,381,164,184,1,-1,-1,-1
155,34,1037,564,96,176,1,-1,-1,-1
155,35,1817,37,107,190,1,-1,-1,-1
155,36,1776,508,284,228,1,-1,-1,-1
155,39,1223,632,212,188,1,-1,-1,-1
155,40,900,668,132,132,1,-1,-1,-1
156,1,709,682,160,176,1,-1,-1,-1
156,5,973,617,112,160,1,-1,-1,-1
156,6,1659,272,148,152,1,-1,-1,-1
156,10,1059,552,61,156,1,-1,-1,-1
156,11,2267,336,96,220,1,-1,-1,-1
156,13,467,760,144,184,1,-1,-1,-1
156,16,1403,346,69,138,1,-1,-1,-1
156,18,1489,399,109,197,1,-1,-1,-1
156,23,1671,430,109,221,1,-1,-1,-1
156,26,700,707,176,164,1,-1,-1,-1
156,27,1533,544,188,216,1,-1,-1,-1
156,28,1123,521,176,192,1,-1,-1,-1
156,29,475,799,123,145,1,-1,-1,-1
156,30,1515,132,100,204,1,-1,-1,-1
156,31,2045,441,229,244,1,-1,-1,-1
156,32,1692,14,118,240,1,-1,-1,-1
156,33,1319,382,164,184,1,-1,-1,-1
156,35,1812,27,112,200,1,-1,-1,-1
156,36,1776,509,284,228,1,-1,-1,-1
156,39,1221,631,212,188,1,-1,-1,-1
156,40,901,668,132,132,1,-1,-1,-1
157,1,705,680,160,176,1,-1,-1,-1
157,5,965,618,107,152,1,-1,-1,-1
157,6,1643,270,148,152,1,-1,-1,-1
157,10,1048,543,61,156,1,-1,-1,-1
157,11,2258,328,101,231,1,-1,-1,-1
157,13,460,757,144,184,1,-1,-1,-1
157,16,1393,344,69,138,1,-1,-1,-1
157,18,1476,396,109,197,1,-1,-1,-1
157,23,1668,433,104,211,1,-1,-1,-1
157,26,700,708,168,156,1,-1,-1,-1
157,27,1523,542,188,216,1,-1,-1,-1
157,28,1109,521,176,192,1,-1,-1,-1
157,29,468,797,123,145,1,-1,-1,-1
157,30,1501,131,100,204,1,-1,-1,-1
157,31,2041,434,229,244,1,-1,-1,-1
157,32,1679,7,124,252,1,-1,-1,-1
157,33,1314,382,164,184,1,-1,-1,-1
157,35,1800,20,112,200,1,-1,-1,-1
157,36,1769,506,284,228,1,-1,-1,-1
157,39,1216,630,212,188,1,-1,-1,-1
157,40,890,664,132,132,1,-1,-1,-1
158,1,704,679,160,176,1,-1,-1,-1
158,5,961,618,107,152,1,-1,-1,-1
158,6,1636,269,148,152,1,-1,-1,-1
158,10,1043,542,61,156,1,-1,-1,-1
158,11,2251,323,106,243,1,-1,-1,-1
158,13,460,757,144,184,1,-1,-1,-1
158,16,1390,343,69,138,1,-1,-1,-1
158,18,1474,396,109,197,1,-1,-1,-1
158,23,1665,437,99,201,1,-1,-1,-1
158,26,699,709,168,156,1,-1,-1,-1
158,27,1520,542,188,216,1,-1,-1,-1
158,28,1100,516,185,202,1,-1,-1,-1
158,29,466,797,123,145,1,-1,-1,-1
158,30,1498,129,100,204,1,-1,-1,-1
158,31,2037,435,229,244,1,-1,-1,-1
158,32,1675,6,124,252,1,-1,-1,-1
158,33,1312,382,156,175,1,-1,-1,-1
158,35,1789,19,112,200,1,-1,-1,-1
158,36,1767,504,284,228,1,-1,-1,-1
158,39,1218,627,212,188,1,-1,-1,-1
158,40,891,667,126,126,1,-1,-1,-1
159,1,704,679,160,176,1,-1,-1,-1
159,5,961,618,107,152,1,-1,-1,-1
159,6,1636,268,148,152,1,-1,-1,-1
159,10,1042,544,61,156,1,-1,-1,-1
159,11,2250,319,111,255,1,-1,-1,-1
159,13,460,758,144,184,1,-1,-1,-1
159,16,1389,345,69,138,1,-1,-1,-1
159,18,1473,397,109,197,1,-1,-1,-1
159,23,1661,435,99,201,1,-1,-1,-1
159,26,699,708,168,156,1,-1,-1,-1
159,27,1520,541,188,216,1,-1,-1,-1
159,28,1104,523,176,192,1,-1,-1,-1
159,29,465,798,123,145,1,-1,-1,-1
159,30,1495,129,100,204,1,-1,-1,-1
159,31,2042,442,218,232,1,-1,-1,-1
159,32,1677,9,124,252,1,-1,-1,-1
159,33,1310,383,156,175,1,-1,-1,-1
159,35,1789,22,112,200,1,-1,-1,-1
159,36,1765,503,284,228,1,-1,-1,-1
159,39,1218,626,212,188,1,-1,-1,-1
159,40,891,667,126,126,1,-1,-1,-1
160,1,703,679,160,176,1,-1,-1,-1
160,5,952,619,107,152,1,-1,-1,-1
160,6,1624,266,148,152,1,-1,-1,-1
160,10,1034,548,61,156,1,-1,-1,-1
160,11,2243,313,111,255,1,-1,-1,-1
160,13,458,758,144,184,1,-1,-1,-1
160,16,1383,346,66,131,1,-1,-1,-1
160,18,1466,396,109,197,1,-1,-1,-1
160,23,1656,431,99,201,1,-1,-1,-1
160,26,697,709,168,156,1,-1,-1,-1
160,27,1518,547,179,206,1,-1,-1,-1
160,28,1088,524,176,192,1,-1,-1,-1
160,29,463,796,123,145,1,-1,-1,-1
160,30,1489,127,100,204,1,-1,-1,-1
160,31,2037,443,218,232,1,-1,-1,-1
160,32,1677,14,118,240,1,-1,-1,-1
160,33,1302,380,156,175,1,-1,-1,-1
160,35,1785,16,112,200,1,-1,-1,-1
160,36,1759,498,284,228,1,-1,-1,-1
160,39,1217,625,212,188,1,-1,-1,-1
160,40,883,667,126,126,1,-1,-1,-1
161,1,700,668,152,184,1,-1,-1,-1
161,5,952,619,107,152,1,-1,-1,-1
161,6,1612,264,148,164,1,-1,-1,-1
161,10,1034,548,61,156,1,-1,-1,-1
161,11,2243,313,111,255,1,-1,-1,-1
161,13,448,744,180,196,1,-1,-1,-1
161,16,1383,346,66,131,1,-1,-1,-1
161,18,1480,412,84,188,1,-1,-1,-1
161,23,1616,400,88,148,1,-1,-1,-1
161,26,697,709,168,156,1,-1,-1,-1
161,27,1520,592,144,156,1,-1,-1,-1
161,28,1044,580,164,124,1,-1,-1,-1
161,29,463,796,123,145,1,-1,-1,-1
161,30,1460,132,116,156,1,-1,-1,-1
161,31,2036,468,180,216,1,-1,-1,-1
161,32,1677,14,118,240,1,-1,-1,-1
161,33,1332,332,124,232,1,-1,-1,-1
161,35,1785,16,112,200,1,-1,-1,-1
161,36,1772,532,268,196,1,-1,-1,-1
161,39,1220,628,196,180,1,-1,-1,-1
161,40,883,667,126,126,1,-1,-1,-1
162,1,700,668,152,184,1,-1,-1,-1
162,5,945,625,107,152,1,-1,-1,-1
162,6,1612,264,148,164,1,-1,-1,-1
162,10,1027,548,61,156,1,-1,-1,-1
162,11,2238,308,111,255,1,-1,-1,-1
162,13,448,744,180,196,1,-1,-1,-1
162,16,1376,340,69,138,1,-1,-1,-1
162,18,1480,412,84,188,1,-1,-1,-1
162,23,1616,400,88,148,1,-1,-1,-1
162,26,696,710,168,156,1,-1,-1,-1
162,27,1520,592,144,156,1,-1,-1,-1
162,28,1044,580,164,124,1,-1,-1,-1
162,29,459,796,123,145,1,-1,-1,-1
162,30,1460,132,116,156,1,-1,-1,-1
162,31,2036,468,180,216,1,-1,-1,-1
162,32,1674,13,118,240,1,-1,-1,-1
162,33,1332,332,124,232,1,-1,-1,-1
162,35,1773,12,112,200,1,-1,-1,-1
162,36,1772,532,268,196,1,-1,-1,-1
162,39,1220,628,196,180,1,-1,-1,-1
162,40,876,667,126,126,1,-1,-1,-1
163,1,697,667,152,184,1,-1,-1,-1
163,5,936,631,102,145,1,-1,-1,-1
163,6,1598,265,148,164,1,-1,-1,-1
163,10,1022,544,61,156,1,-1,-1,-1
163,11,2230,299,111,255,1,-1,-1,-1
163,13,445,746,180,196,1,-1,-1,-1
163,16,1363,334,72,145,1,-1,-1,-1
163,18,1472,410,84,188,1,-1,-1,-1
163,23,1606,401,88,148,1,-1,-1,-1
163,26,695,708,168,156,1,-1,-1,-1
163,27,1511,596,144,156,1,-1,-1,-1
163,28,1030,582,164,124,1,-1,-1,-1
163,29,450,792,130,152,1,-1,-1,-1
163,30,1447,130,116,156,1,-1,-1,-1
163,31,2032,467,180,216,1,-1,-1,-1
163,32,1657,13,118,240,1,-1,-1,-1
163,33,1327,334,124,232,1,-1,-1,-1
163,35,1757,10,112,200,1,-1,-1,-1
163,36,1768,531,268,196,1,-1,-1,-1
163,39,1215,628,196,180,1,-1,-1,-1
163,40,863,670,126,126,1,-1,-1,-1
164,1,696,668,152,184,1,-1,-1,-1
164,5,932,633,102,145,1,-1,-1,-1
164,6,1593,264,148,164,1,-1,-1,-1
164,10,1018,538,64,164,1,-1,-1,-1
164,13,443,747,180,196,1,-1,-1,-1
164,16,1361,332,72,145,1,-1,-1,-1
164,18,1467,411,84,188,1,-1,-1,-1
164,23,1603,400,88,148,1,-1,-1,-1
164,26,694,710,168,156,1,-1,-1,-1
164,27,1508,597,144,156,1,-1,-1,-1
164,28,1026,583,164,124,1,-1,-1,-1
164,29,448,796,130,152,1,-1,-1,-1
164,30,1442,131,116,156,1,-1,-1,-1
164,31,2031,468,180,216,1,-1,-1,-1
164,32,1654,17,112,229,1,-1,-1,-1
164,33,1321,331,124,232,1,-1,-1,-1
164,36,1766,534,268,196,1,-1,-1,-1
164,39,1212,628,196,180,1,-1,-1,-1
164,40,858,674,126,126,1,-1,-1,-1
165,1,696,670,152,184,1,-1,-1,-1
165,5,931,637,97,138,1,-1,-1,-1
165,6,1592,265,148,164,1,-1,-1,-1
165,10,1015,531,64,164,1,-1,-1,-1
165,13,447,752,171,187,1,-1,-1,-1
165,16,1360,332,72,145,1,-1,-1,-1
165,18,1465,406,88,197,1,-1,-1,-1
165,23,1602,401,88,148,1,-1,-1,-1
165,26,694,710,168,156,1,-1,-1,-1
165,27,1507,598,144,156,1,-1,-1,-1
165,28,1024,584,164,124,1,-1,-1,-1
165,29,448,797,130,152,1,-1,-1,-1
165,30,1442,131,116,156,1,-1,-1,-1
165,31,2030,468,180,216,1,-1,-1,-1
165,32,1652,16,112,229,1,-1,-1,-1
165,33,1323,336,118,221,1,-1,-1,-1
165,36,1764,532,268,196,1,-1,-1,-1
165,39,1212,629,196,180,1,-1,-1,-1
165,40,861,676,120,120,1,-1,-1,-1
166,1,695,667,152,184,1,-1,-1,-1
166,5,928,636,97,138,1,-1,-1,-1
166,6,1580,266,148,164,1,-1,-1,-1
166,10,1019,525,64,164,1,-1,-1,-1
166,13,446,752,171,187,1,-1,-1,-1
166,16,1356,331,72,145,1,-1,-1,-1
166,18,1455,411,84,188,1,-1,-1,-1
166,23,1596,396,84,141,1,-1,-1,-1
166,26,693,705,168,156,1,-1,-1,-1
166,27,1501,598,144,156,1,-1,-1,-1
166,28,1016,584,164,124,1,-1,-1,-1
166,29,445,795,130,152,1,-1,-1,-1
166,30,1431,128,116,156,1,-1,-1,-1
166,31,2031,474,171,206,1,-1,-1,-1
166,32,1640,13,112,229,1,-1,-1,-1
166,33,1314,328,124,232,1,-1,-1,-1
166,36,1763,535,268,196,1,-1,-1,-1
166,39,1210,628,196,180,1,-1,-1,-1
166,40,855,677,120,120,1,-1,-1,-1
167,1,696,665,152,184,1,-1,-1,-1
167,5,923,632,102,145,1,-1,-1,-1
167,6,1575,266,148,164,1,-1,-1,-1
167,13,445,753,171,187,1,-1,-1,-1
167,16,1352,327,72,145,1,-1,-1,-1
167,18,1452,410,84,188,1,-1,-1,-1
167,23,1595,391,84,141,1,-1,-1,-1
167,26,693,704,168,156,1,-1,-1,-1
167,27,1498,597,144,156,1,-1,-1,-1
167,28,1012,584,164,124,1,-1,-1,-1
167,29,443,794,130,152,1,-1,-1,-1
167,30,1427,129,116,156,1,-1,-1,-1
167,31,2024,469,180,216,1,-1,-1,-1
167,32,1634,7,118,240,1,-1,-1,-1
167,33,1310,326,124,232,1,-1,-1,-1
167,36,1761,534,268,196,1,-1,-1,-1
167,39,1209,629,196,180,1,-1,-1,-1
167,40,853,677,120,120,1,-1,-1,-1
168,1,695,663,152,184,1,-1,-1,-1
168,5,922,631,102,145,1,-1,-1,-1
168,6,1571,265,148,164,1,-1,-1,-1
168,13,444,752,171,187,1,-1,-1,-1
168,16,1350,327,72,145,1,-1,-1,-1
168,18,1449,411,84,188,1,-1,-1,-1
168,23,1592,387,84,141,1,-1,-1,-1
168,26,694,701,168,156,1,-1,-1,-1
168,27,1498,599,137,149,1,-1,-1,-1
168,28,1008,582,164,124,1,-1,-1,-1
168,29,443,794,130,152,1,-1,-1,-1
168,30,1423,128,116,156,1,-1,-1,-1
168,31,2023,466,180,216,1,-1,-1,-1
168,32,1630,1,124,252,1,-1,-1,-1
168,33,1306,327,124,232,1,-1,-1,-1
168,36,1760,534,268,196,1,-1,-1,-1
168,39,1211,628,196,180,1,-1,-1,-1
168,40,852,677,120,120,1,-1,-1,-1
169,1,696,656,164,196,1,-1,-1,-1
169,5,922,631,102,145,1,-1,-1,-1
169,6,1571,265,148,164,1,-1,-1,-1
169,13,440,752,192,184,1,-1,-1,-1
169,16,1350,327,72,145,1,-1,-1,-1
169,18,1432,376,96,232,1,-1,-1,-1
169,23,1592,387,84,141,1,-1,-1,-1
169,26,694,701,168,156,1,-1,-1,-1
169,27,1496,568,212,188,1,-1,-1,-1
169,28,984,520,168,188,1,-1,-1,-1
169,29,443,794,130,152,1,-1,-1,-1
169,30,1404,132,128,204,1,-1,-1,-1
169,31,2036,472,148,212,1,-1,-1,-1
169,32,1630,1,124,252,1,-1,-1,-1
169,33,1284,320,144,240,1,-1,-1,-1
169,36,1776,508,280,224,1,-1,-1,-1
169,39,1220,628,184,176,1,-1,-1,-1
169,40,852,677,120,120,1,-1,-1,-1
169,41,1096,496,152,200,1,-1,-1,-1
170,1,694,657,164,196,1,-1,-1,-1
170,5,915,629,107,152,1,-1,-1,-1
170,6,1563,273,141,156,1,-1,-1,-1
170,13,439,754,192,184,1,-1,-1,-1
170,16,1346,330,72,145,1,-1,-1,-1
170,18,1430,377,96,232,1,-1,-1,-1
170,23,1587,386,84,141,1,-1,-1,-1
170,26,695,701,168,156,1,-1,-1,-1
170,27,1495,570,212,188,1,-1,-1,-1
170,28,982,521,168,188,1,-1,-1,-1
170,29,442,792,130,152,1,-1,-1,-1
170,30,1402,135,128,204,1,-1,-1,-1
170,31,2036,473,148,212,1,-1,-1,-1
170,32,1628,6,118,240,1,-1,-1,-1
170,33,1287,325,137,229,1,-1,-1,-1
170,36,1783,515,267,213,1,-1,-1,-1
170,39,1220,630,184,176,1,-1,-1,-1
170,40,848,678,120,120,1,-1,-1,-1
170,41,1097,503,145,190,1,-1,-1,-1
171,1,694,658,164,196,1,-1,-1,-1
171,5,913,626,107,152,1,-1,-1,-1
171,6,1562,272,141,156,1,-1,-1,-1
171,13,438,755,192,184,1,-1,-1,-1
171,16,1344,330,72,145,1,-1,-1,-1
171,18,1431,384,91,221,1,-1,-1,-1
171,23,1585,383,84,141,1,-1,-1,-1
171,26,694,701,168,156,1,-1,-1,-1
171,27,1494,571,212,188,1,-1,-1,-1
171,28,979,522,168,188,1,-1,-1,-1
171,29,442,789,130,152,1,-1,-1,-1
171,30,1400,135,128,204,1,-1,-1,-1
171,31,2036,474,148,212,1,-1,-1,-1
171,32,1629,10,118,240,1,-1,-1,-1
171,33,1286,329,137,229,1,-1,-1,-1
171,36,1782,515,267,213,1,-1,-1,-1
171,39,1222,632,184,176,1,-1,-1,-1
171,40,846,677,120,120,1,-1,-1,-1
171,41,1096,504,145,190,1,-1,-1,-1
172,1,694,659,164,196,1,-1,-1,-1
172,5,911,625,107,152,1,-1,-1,-1
172,6,1559,271,141,156,1,-1,-1,-1
172,13,440,752,192,184,1,-1,-1,-1
172,16,1343,331,72,145,1,-1,-1,-1
172,18,1428,383,91,221,1,-1,-1,-1
172,23,1583,384,84,141,1,-1,-1,-1
172,26,696,704,168,156,1,-1,-1,-1
172,27,1494,572,212,188,1,-1,-1,-1
172,28,976,524,168,188,1,-1,-1,-1
172,29,443,788,130,152,1,-1,-1,-1
172,30,1398,136,128,204,1,-1,-1,-1
172,31,2038,473,148,212,1,-1,-1,-1
172,33,1285,329,137,229,1,-1,-1,-1
172,36,1774,511,280,224,1,-1,-1,-1
172,39,1223,632,184,176,1,-1,-1,-1
172,40,845,677,120,120,1,-1,-1,-1
172,41,1095,504,145,190,1,-1,-1,-1
173,1,694,660,164,196,1,-1,-1,-1
173,5,908,623,107,152,1,-1,-1,-1
173,6,1555,268,141,156,1,-1,-1,-1
173,13,440,751,192,184,1,-1,-1,-1
173,16,1341,331,72,145,1,-1,-1,-1
173,18,1426,384,91,221,1,-1,-1,-1
173,23,1578,382,84,141,1,-1,-1,-1
173,26,693,697,176,164,1,-1,-1,-1
173,27,1492,570,212,188,1,-1,-1,-1
173,28,972,522,168,188,1,-1,-1,-1
173,29,442,784,130,152,1,-1,-1,-1
173,30,1391,137,128,204,1,-1,-1,-1
173,31,2038,472,148,212,1,-1,-1,-1
173,33,1287,336,131,218,1,-1,-1,-1
173,36,1774,512,280,224,1,-1,-1,-1
173,39,1224,631,184,176,1,-1,-1,-1
173,40,843,677,120,120,1,-1,-1,-1
173,41,1092,504,145,190,1,-1,-1,-1
174,1,698,667,156,187,1,-1,-1,-1
174,5,906,624,107,152,1,-1,-1,-1
174,6,1556,271,134,149,1,-1,-1,-1
174,13,443,754,183,175,1,-1,-1,-1
174,16,1341,335,69,138,1,-1,-1,-1
174,18,1422,386,91,221,1,-1,-1,-1
174,23,1574,384,84,141,1,-1,-1,-1
174,26,696,703,168,156,1,-1,-1,-1
174,27,1491,571,212,188,1,-1,-1,-1
174,28,969,523,168,188,1,-1,-1,-1
174,29,442,783,130,152,1,-1,-1,-1
174,30,1387,139,128,204,1,-1,-1,-1
174,31,2038,471,148,212,1,-1,-1,-1
174,33,1284,337,131,218,1,-1,-1,-1
174,36,1770,510,280,224,1,-1,-1,-1
174,39,1222,633,184,176,1,-1,-1,-1
174,40,840,676,120,120,1,-1,-1,-1
174,41,1092,503,145,190,1,-1,-1,-1
175,1,697,666,156,187,1,-1,-1,-1
175,5,901,619,112,160,1,-1,-1,-1
175,6,1551,271,134,149,1,-1,-1,-1
175,13,442,752,183,175,1,-1,-1,-1
175,16,1337,334,69,138,1,-1,-1,-1
175,18,1420,386,91,221,1,-1,-1,-1
175,23,1570,380,84,141,1,-1,-1,-1
175,26,696,703,168,156,1,-1,-1,-1
175,27,1484,565,223,197,1,-1,-1,-1
175,28,965,521,168,188,1,-1,-1,-1
175,29,440,777,136,160,1,-1,-1,-1
175,30,1384,138,128,204,1,-1,-1,-1
175,31,2036,472,148,212,1,-1,-1,-1
175,33,1283,337,131,218,1,-1,-1,-1
175,36,1770,509,280,224,1,-1,-1,-1
175,39,1222,633,184,176,1,-1,-1,-1
175,40,837,675,120,120,1,-1,-1,-1
175,41,1089,501,145,190,1,-1,-1,-1
176,1,694,666,156,187,1,-1,-1,-1
176,5,899,615,112,160,1,-1,-1,-1
176,6,1545,270,134,149,1,-1,-1,-1
176,13,441,750,183,175,1,-1,-1,-1
176,16,1336,333,69,138,1,-1,-1,-1
176,18,1418,384,91,221,1,-1,-1,-1
176,23,1565,370,84,141,1,-1,-1,-1
176,26,693,701,168,156,1,-1,-1,-1
176,27,1489,570,212,188,1,-1,-1,-1
176,28,964,520,168,188,1,-1,-1,-1
176,29,441,776,136,160,1,-1,-1,-1
176,30,1385,143,122,194,1,-1,-1,-1
176,31,2035,471,148,212,1,-1,-1,-1
176,33,1280,334,131,218,1,-1,-1,-1
176,36,1770,507,280,224,1,-1,-1,-1
176,39,1222,633,184,176,1,-1,-1,-1
176,40,837,675,120,120,1,-1,-1,-1
176,41,1084,496,152,200,1,-1,-1,-1
177,1,692,676,168,168,1,-1,-1,-1
177,5,904,620,132,128,1,-1,-1,-1
177,6,1545,270,134,149,1,-1,-1,-1
177,13,428,748,188,184,1,-1,-1,-1
177,16,1336,333,69,138,1,-1,-1,-1
177,18,1408,392,104,212,1,-1,-1,-1
177,23,1565,370,84,141,1,-1,-1,-1
177,26,693,701,168,156,1,-1,-1,-1
177,27,1492,588,212,168,1,-1,-1,-1
177,28,964,520,168,188,1,-1,-1,-1
177,29,441,776,136,160,1,-1,-1,-1
177,30,1385,143,122,194,1,-1,-1,-1
177,31,2035,471,148,212,1,-1,-1,-1
177,33,1324,324,92,244,1,-1,-1,-1
177,36,1772,504,276,228,1,-1,-1,-1
177,39,1216,632,204,176,1,-1,-1,-1
177,40,840,716,120,80,1,-1,-1,-1
177,41,1092,492,156,200,1,-1,-1,-1
178,1,688,677,168,168,1,-1,-1,-1
178,5,901,621,132,128,1,-1,-1,-1
178,6,1535,266,134,149,1,-1,-1,-1
178,13,427,748,188,184,1,-1,-1,-1
178,16,1330,327,72,145,1,-1,-1,-1
178,18,1406,394,104,212,1,-1,-1,-1
178,23,1554,363,88,148,1,-1,-1,-1
178,26,684,705,168,156,1,-1,-1,-1
178,27,1488,588,212,168,1,-1,-1,-1
178,28,955,524,168,188,1,-1,-1,-1
178,29,443,778,136,160,1,-1,-1,-1
178,30,1377,142,122,194,1,-1,-1,-1
178,31,2038,478,141,202,1,-1,-1,-1
178,33,1323,325,92,244,1,-1,-1,-1
178,36,1776,511,263,217,1,-1,-1,-1
178,39,1216,633,204,176,1,-1,-1,-1
178,40,838,718,120,80,1,-1,-1,-1
178,41,1089,494,156,200,1,-1,-1,-1
179,1,686,677,168,168,1,-1,-1,-1
179,5,899,621,132,128,1,-1,-1,-1
179,6,1532,266,134,149,1,-1,-1,-1
179,13,427,748,188,184,1,-1,-1,-1
179,16,1329,324,72,145,1,-1,-1,-1
179,18,1403,394,104,212,1,-1,-1,-1
179,23,1551,363,88,148,1,-1,-1,-1
179,26,679,704,168,156,1,-1,-1,-1
179,27,1487,589,212,168,1,-1,-1,-1
179,28,952,523,168,188,1,-1,-1,-1
179,29,444,776,136,160,1,-1,-1,-1
179,30,1372,140,122,194,1,-1,-1,-1
179,31,2039,476,141,202,1,-1,-1,-1
179,33,1322,322,92,244,1,-1,-1,-1
179,36,1778,510,263,217,1,-1,-1,-1
179,39,1215,634,204,176,1,-1,-1,-1
179,40,837,719,120,80,1,-1,-1,-1
179,41,1089,494,156,200,1,-1,-1,-1
180,1,684,675,168,168,1,-1,-1,-1
180,5,896,621,132,128,1,-1,-1,-1
180,6,1532,263,128,142,1,-1,-1,-1
180,13,426,746,188,184,1,-1,-1,-1
180,16,1329,326,69,138,1,-1,-1,-1
180,18,1401,394,104,212,1,-1,-1,-1
180,23,1548,360,88,148,1,-1,-1,-1
180,26,677,705,168,156,1,-1,-1,-1
180,27,1488,587,212,168,1,-1,-1,-1
180,28,948,523,168,188,1,-1,-1,-1
180,29,443,778,136,160,1,-1,-1,-1
180,30,1368,137,128,204,1,-1,-1,-1
180,31,2039,471,141,202,1,-1,-1,-1
180,33,1321,320,92,244,1,-1,-1,-1
180,36,1770,503,276,228,1,-1,-1,-1
180,39,1215,633,204,176,1,-1,-1,-1
180,40,837,719,120,80,1,-1,-1,-1
180,41,1087,493,156,200,1,-1,-1,-1
181,1,681,676,168,168,1,-1,-1,-1
181,5,897,624,126,122,1,-1,-1,-1
181,6,1528,266,122,135,1,-1,-1,-1
181,13,424,750,188,184,1,-1,-1,-1
181,16,1327,324,69,138,1,-1,-1,-1
181,18,1398,392,104,212,1,-1,-1,-1
181,23,1544,358,88,148,1,-1,-1,-1
181,26,677,710,160,149,1,-1,-1,-1
181,27,1488,587,212,168,1,-1,-1,-1
181,28,941,523,168,188,1,-1,-1,-1
181,29,443,778,136,160,1,-1,-1,-1
181,30,1365,136,128,204,1,-1,-1,-1
181,31,2038,469,141,202,1,-1,-1,-1
181,33,1320,320,92,244,1,-1,-1,-1
181,36,1774,509,263,217,1,-1,-1,-1
181,39,1214,633,204,176,1,-1,-1,-1
181,40,837,720,120,80,1,-1,-1,-1
181,41,1085,493,156,200,1,-1,-1,-1
182,1,677,678,168,168,1,-1,-1,-1
182,5,891,626,126,122,1,-1,-1,-1
182,6,1526,269,116,128,1,-1,-1,-1
182,13,424,751,188,184,1,-1,-1,-1
182,16,1325,324,69,138,1,-1,-1,-1
182,18,1395,392,104,212,1,-1,-1,-1
182,23,1538,360,88,148,1,-1,-1,-1
182,26,673,712,160,149,1,-1,-1,-1
182,27,1486,590,212,168,1,-1,-1,-1
182,28,937,525,168,188,1,-1,-1,-1
182,29,442,779,136,160,1,-1,-1,-1
182,30,1360,136,128,204,1,-1,-1,-1
182,31,2037,470,141,202,1,-1,-1,-1
182,33,1318,320,92,244,1,-1,-1,-1
182,36,1769,509,263,217,1,-1,-1,-1
182,39,1212,633,204,176,1,-1,-1,-1
182,40,836,721,120,80,1,-1,-1,-1
182,41,1082,490,156,200,1,-1,-1,-1
183,1,669,673,176,176,1,-1,-1,-1
183,5,889,625,126,122,1,-1,-1,-1
183,6,1521,268,116,128,1,-1,-1,-1
183,13,423,749,188,184,1,-1,-1,-1
183,16,1323,321,69,138,1,-1,-1,-1
183,18,1390,392,104,212,1,-1,-1,-1
183,23,1533,356,88,148,1,-1,-1,-1
183,26,666,706,168,156,1,-1,-1,-1
183,27,1487,588,212,168,1,-1,-1,-1
183,28,931,525,168,188,1,-1,-1,-1
183,29,441,778,136,160,1,-1,-1,-1
183,30,1355,138,128,204,1,-1,-1,-1
183,31,2035,464,141,202,1,-1,-1,-1
183,33,1317,319,92,244,1,-1,-1,-1
183,36,1770,511,263,217,1,-1,-1,-1
183,39,1216,635,194,168,1,-1,-1,-1
183,40,836,720,120,80,1,-1,-1,-1
183,41,1085,496,149,190,1,-1,-1,-1
184,1,667,671,176,176,1,-1,-1,-1
184,5,885,625,126,122,1,-1,-1,-1
184,6,1521,270,110,122,1,-1,-1,-1
184,13,428,754,179,175,1,-1,-1,-1
184,16,1323,321,69,138,1,-1,-1,-1
184,18,1385,388,109,223,1,-1,-1,-1
184,23,1530,358,88,148,1,-1,-1,-1
184,26,663,707,168,156,1,-1,-1,-1
184,27,1486,588,212,168,1,-1,-1,-1
184,28,933,529,160,179,1,-1,-1,-1
184,29,442,778,136,160,1,-1,-1,-1
184,30,1352,134,128,204,1,-1,-1,-1
184,31,2034,461,141,202,1,-1,-1,-1
184,33,1315,320,92,244,1,-1,-1,-1
184,36,1768,509,263,217,1,-1,-1,-1
184,39,1216,632,194,168,1,-1,-1,-1
184,40,837,719,120,80,1,-1,-1,-1
184,41,1083,494,149,190,1,-1,-1,-1
185,1,668,676,148,176,1,-1,-1,-1
185,5,885,625,126,122,1,-1,-1,-1
185,6,1521,270,110,122,1,-1,-1,-1
185,13,448,752,148,180,1,-1,-1,-1
185,18,1396,400,88,200,1,-1,-1,-1
185,23,1512,280,100,216,1,-1,-1,-1
185,26,663,707,168,156,1,-1,-1,-1
185,27,1488,592,228,160,1,-1,-1,-1
185,28,933,529,160,179,1,-1,-1,-1
185,29,444,840,132,88,1,-1,-1,-1
185,30,1348,140,124,200,1,-1,-1,-1
185,31,2034,461,141,202,1,-1,-1,-1
185,33,1320,312,84,260,1,-1,-1,-1
185,36,1768,516,260,220,1,-1,-1,-1
185,39,1216,636,204,172,1,-1,-1,-1
185,40,840,692,96,104,1,-1,-1,-1
185,41,1076,472,136,188,1,-1,-1,-1
185,42,1472,488,136,156,1,-1,-1,-1
185,43,1256,416,96,164,1,-1,-1,-1
186,1,665,677,148,176,1,-1,-1,-1
186,5,879,629,120,116,1,-1,-1,-1
186,6,1511,276,110,122,1,-1,-1,-1
186,13,448,751,148,180,1,-1,-1,-1
186,18,1394,402,88,200,1,-1,-1,-1
186,23,1509,279,100,216,1,-1,-1,-1
186,26,658,706,168,156,1,-1,-1,-1
186,27,1485,593,228,160,1,-1,-1,-1
186,28,916,531,160,179,1,-1,-1,-1
186,29,444,840,132,88,1,-1,-1,-1
186,30,1344,139,124,200,1,-1,-1,-1
186,31,2041,462,134,192,1,-1,-1,-1
186,33,1319,312,84,260,1,-1,-1,-1
186,36,1768,516,260,220,1,-1,-1,-1
186,39,1215,635,204,172,1,-1,-1,-1
186,40,838,691,96,104,1,-1,-1,-1
186,41,1074,471,136,188,1,-1,-1,-1
186,42,1469,488,136,156,1,-1,-1,-1
186,43,1253,415,96,164,1,-1,-1,-1
187,1,662,676,148,176,1,-1,-1,-1
187,5,873,629,120,116,1,-1,-1,-1
187,6,1505,272,110,122,1,-1,-1,-1
187,13,447,751,148,180,1,-1,-1,-1
187,18,1391,402,88,200,1,-1,-1,-1
187,23,1504,274,105,227,1,-1,-1,-1
187,26,655,705,168,156,1,-1,-1,-1
187,27,1483,594,228,160,1,-1,-1,-1
187,28,910,533,160,179,1,-1,-1,-1
187,29,445,840,132,88,1,-1,-1,-1
187,30,1341,139,124,200,1,-1,-1,-1
187,31,2036,458,134,192,1,-1,-1,-1
187,33,1319,309,84,260,1,-1,-1,-1
187,36,1767,514,260,220,1,-1,-1,-1
187,39,1215,635,204,172,1,-1,-1,-1
187,40,836,691,96,104,1,-1,-1,-1
187,41,1072,473,136,188,1,-1,-1,-1
187,42,1466,489,136,156,1,-1,-1,-1
187,43,1249,417,96,164,1,-1,-1,-1
188,1,659,675,148,176,1,-1,-1,-1
188,5,868,629,120,116,1,-1,-1,-1
188,6,1502,272,110,122,1,-1,-1,-1
188,13,449,751,148,180,1,-1,-1,-1
188,18,1387,403,88,200,1,-1,-1,-1
188,23,1502,279,100,216,1,-1,-1,-1
188,26,652,703,168,156,1,-1,-1,-1
188,27,1480,593,228,160,1,-1,-1,-1
188,28,905,529,160,179,1,-1,-1,-1
188,29,445,840,132,88,1,-1,-1,-1
188,30,1336,139,124,200,1,-1,-1,-1
188,31,2036,455,134,192,1,-1,-1,-1
188,33,1316,307,84,260,1,-1,-1,-1
188,36,1765,512,260,220,1,-1,-1,-1
188,39,1213,635,204,172,1,-1,-1,-1
188,40,833,690,96,104,1,-1,-1,-1
188,41,1069,473,136,188,1,-1,-1,-1
188,42,1466,492,130,149,1,-1,-1,-1
188,43,1245,415,96,164,1,-1,-1,-1
189,1,657,675,148,176,1,-1,-1,-1
189,5,865,631,120,116,1,-1,-1,-1
189,6,1498,273,110,122,1,-1,-1,-1
189,13,450,753,148,180,1,-1,-1,-1
189,18,1383,403,88,200,1,-1,-1,-1
189,23,1498,280,100,216,1,-1,-1,-1
189,26,647,704,168,156,1,-1,-1,-1
189,27,1480,593,228,160,1,-1,-1,-1
189,28,902,536,152,171,1,-1,-1,-1
189,29,449,841,132,88,1,-1,-1,-1
189,30,1331,142,124,200,1,-1,-1,-1
189,31,2037,454,134,192,1,-1,-1,-1
189,33,1315,307,84,260,1,-1,-1,-1
189,36,1764,515,260,220,1,-1,-1,-1
189,39,1212,634,204,172,1,-1,-1,-1
189,40,830,691,96,104,1,-1,-1,-1
189,41,1066,474,136,188,1,-1,-1,-1
189,42,1464,493,130,149,1,-1,-1,-1
189,43,1241,415,96,164,1,-1,-1,-1
190,1,655,675,148,176,1,-1,-1,-1
190,5,861,632,120,116,1,-1,-1,-1
190,6,1492,272,110,122,1,-1,-1,-1
190,13,456,757,141,171,1,-1,-1,-1
190,18,1381,404,88,200,1,-1,-1,-1
190,23,1495,282,100,216,1,-1,-1,-1
190,26,646,704,168,156,1,-1,-1,-1
190,27,1484,597,217,152,1,-1,-1,-1
190,28,900,536,152,171,1,-1,-1,-1
190,29,453,842,132,88,1,-1,-1,-1
190,30,1326,139,130,210,1,-1,-1,-1
190,31,2037,453,134,192,1,-1,-1,-1
190,33,1316,318,80,248,1,-1,-1,-1
190,36,1761,520,260,220,1,-1,-1,-1
190,39,1211,633,204,172,1,-1,-1,-1
190,40,828,692,96,104,1,-1,-1,-1
190,41,1065,476,136,188,1,-1,-1,-1
190,42,1461,493,130,149,1,-1,-1,-1
190,43,1240,416,96,164,1,-1,-1,-1
191,1,650,673,155,185,1,-1,-1,-1
191,5,862,634,114,111,1,-1,-1,-1
191,6,1481,271,116,128,1,-1,-1,-1
191,13,456,760,141,171,1,-1,-1,-1
191,18,1378,406,88,200,1,-1,-1,-1
191,23,1491,281,100,216,1,-1,-1,-1
191,26,642,700,176,164,1,-1,-1,-1
191,27,1483,597,217,152,1,-1,-1,-1
191,28,903,536,152,171,1,-1,-1,-1
191,29,457,843,132,88,1,-1,-1,-1
191,30,1324,140,130,210,1,-1,-1,-1
191,31,2036,453,134,192,1,-1,-1,-1
191,33,1312,317,80,248,1,-1,-1,-1
191,36,1761,519,260,220,1,-1,-1,-1
191,39,1209,633,204,172,1,-1,-1,-1
191,40,827,691,96,104,1,-1,-1,-1
191,41,1063,477,136,188,1,-1,-1,-1
191,42,1459,494,130,149,1,-1,-1,-1
191,43,1237,417,96,164,1,-1,-1,-1
192,1,648,672,155,185,1,-1,-1,-1
192,5,858,634,114,111,1,-1,-1,-1
192,6,1470,267,122,135,1,-1,-1,-1
192,13,461,764,134,163,1,-1,-1,-1
192,18,1375,406,88,200,1,-1,-1,-1
192,23,1490,286,95,206,1,-1,-1,-1
192,26,645,704,168,156,1,-1,-1,-1
192,27,1478,596,228,160,1,-1,-1,-1
192,28,898,535,152,171,1,-1,-1,-1
192,29,459,845,132,88,1,-1,-1,-1
192,30,1320,139,130,210,1,-1,-1,-1
192,31,2038,455,134,192,1,-1,-1,-1
192,33,1309,309,84,260,1,-1,-1,-1
192,36,1759,522,260,220,1,-1,-1,-1
192,39,1211,636,204,172,1,-1,-1,-1
192,40,825,693,96,104,1,-1,-1,-1
192,41,1063,480,136,188,1,-1,-1,-1
192,42,1458,493,130,149,1,-1,-1,-1
192,43,1232,412,101,172,1,-1,-1,-1
193,1,648,680,140,176,1,-1,-1,-1
193,5,796,576,120,228,1,-1,-1,-1
193,6,1470,267,122,135,1,-1,-1,-1
193,13,444,768,152,176,1,-1,-1,-1
193,18,1375,406,88,200,1,-1,-1,-1
193,23,1472,268,112,228,1,-1,-1,-1
193,26,645,704,168,156,1,-1,-1,-1
193,27,1488,572,228,184,1,-1,-1,-1
193,28,924,532,160,184,1,-1,-1,-1
193,29,459,845,132,88,1,-1,-1,-1
193,30,1324,156,96,200,1,-1,-1,-1
193,31,2038,455,134,192,1,-1,-1,-1
193,33,1300,312,100,276,1,-1,-1,-1
193,36,1772,504,256,236,1,-1,-1,-1
193,39,1212,612,192,196,1,-1,-1,-1
193,40,825,693,96,104,1,-1,-1,-1
193,41,1060,484,136,192,1,-1,-1,-1
193,42,1476,480,92,224,1,-1,-1,-1
193,43,1216,408,96,180,1,-1,-1,-1
194,1,646,681,140,176,1,-1,-1,-1
194,5,794,577,120,228,1,-1,-1,-1
194,6,1457,273,116,128,1,-1,-1,-1
194,13,444,769,152,176,1,-1,-1,-1
194,18,1364,411,88,200,1,-1,-1,-1
194,23,1468,269,112,228,1,-1,-1,-1
194,26,640,709,160,149,1,-1,-1,-1
194,27,1489,574,228,184,1,-1,-1,-1
194,28,921,534,160,184,1,-1,-1,-1
194,29,457,847,132,88,1,-1,-1,-1
194,30,1322,157,96,200,1,-1,-1,-1
194,31,2040,459,128,183,1,-1,-1,-1
194,33,1303,317,95,263,1,-1,-1,-1
194,36,1772,504,256,236,1,-1,-1,-1
194,39,1210,613,192,196,1,-1,-1,-1
194,40,819,696,96,104,1,-1,-1,-1
194,41,1059,485,136,192,1,-1,-1,-1
194,42,1475,480,92,224,1,-1,-1,-1
194,43,1215,407,96,180,1,-1,-1,-1
195,1,644,683,140,176,1,-1,-1,-1
195,5,791,577,120,228,1,-1,-1,-1
195,6,1451,277,116,128,1,-1,-1,-1
195,13,443,771,152,176,1,-1,-1,-1
195,18,1360,412,88,200,1,-1,-1,-1
195,23,1465,269,112,228,1,-1,-1,-1
195,26,638,711,160,149,1,-1,-1,-1
195,27,1487,575,228,184,1,-1,-1,-1
195,28,918,536,160,184,1,-1,-1,-1
195,29,455,849,132,88,1,-1,-1,-1
195,30,1317,159,96,200,1,-1,-1,-1
195,31,2040,467,122,174,1,-1,-1,-1
195,33,1302,314,95,263,1,-1,-1,-1
195,36,1777,513,244,225,1,-1,-1,-1
195,39,1208,615,192,196,1,-1,-1,-1
195,40,816,697,96,104,1,-1,-1,-1
195,41,1056,487,136,192,1,-1,-1,-1
195,42,1473,481,92,224,1,-1,-1,-1
195,43,1213,412,96,180,1,-1,-1,-1
196,1,640,686,140,176,1,-1,-1,-1
196,5,789,577,120,228,1,-1,-1,-1
196,13,442,773,152,176,1,-1,-1,-1
196,18,1359,413,88,200,1,-1,-1,-1
196,23,1461,268,112,228,1,-1,-1,-1
196,26,636,714,160,149,1,-1,-1,-1
196,27,1485,578,228,184,1,-1,-1,-1
196,28,914,537,160,184,1,-1,-1,-1
196,29,455,850,132,88,1,-1,-1,-1
196,30,1313,160,96,200,1,-1,-1,-1
196,31,2039,467,122,174,1,-1,-1,-1
196,33,1298,312,100,276,1,-1,-1,-1
196,36,1774,516,244,225,1,-1,-1,-1
196,39,1208,617,192,196,1,-1,-1,-1
196,40,813,700,96,104,1,-1,-1,-1
196,41,1054,487,136,192,1,-1,-1,-1
196,42,1470,483,92,224,1,-1,-1,-1
196,43,1211,413,96,180,1,-1,-1,-1
197,1,637,692,140,176,1,-1,-1,-1
197,5,785,581,120,228,1,-1,-1,-1
197,13,442,776,152,176,1,-1,-1,-1
197,18,1353,416,88,200,1,-1,-1,-1
197,23,1454,271,112,228,1,-1,-1,-1
197,26,633,719,160,149,1,-1,-1,-1
197,27,1485,582,228,184,1,-1,-1,-1
197,28,910,541,160,184,1,-1,-1,-1
197,29,453,854,132,88,1,-1,-1,-1
197,30,1309,163,96,200,1,-1,-1,-1
197,31,2039,473,122,174,1,-1,-1,-1
197,33,1295,313,100,276,1,-1,-1,-1
197,36,1772,517,244,225,1,-1,-1,-1
197,39,1207,622,192,196,1,-1,-1,-1
197,40,808,704,96,104,1,-1,-1,-1
197,41,1051,490,136,192,1,-1,-1,-1
197,42,1467,485,92,224,1,-1,-1,-1
197,43,1205,411,101,189,1,-1,-1,-1
198,1,638,701,133,168,1,-1,-1,-1
198,5,781,583,120,228,1,-1,-1,-1
198,13,442,782,152,176,1,-1,-1,-1
198,18,1348,423,88,200,1,-1,-1,-1
198,23,1450,269,118,239,1,-1,-1,-1
198,26,632,727,160,149,1,-1,-1,-1
198,27,1482,587,228,184,1,-1,-1,-1
198,28,906,546,160,184,1,-1,-1,-1
198,29,452,858,132,88,1,-1,-1,-1
198,30,1309,170,91,190,1,-1,-1,-1
198,31,2038,474,122,174,1,-1,-1,-1
198,33,1288,310,105,290,1,-1,-1,-1
198,36,1768,523,244,225,1,-1,-1,-1
198,39,1206,626,192,196,1,-1,-1,-1
198,40,805,710,96,104,1,-1,-1,-1
198,41,1047,494,136,192,1,-1,-1,-1
198,42,1462,482,97,235,1,-1,-1,-1
198,43,1202,416,101,189,1,-1,-1,-1
199,1,636,709,133,168,1,-1,-1,-1
199,5,778,589,120,228,1,-1,-1,-1
199,13,442,790,152,176,1,-1,-1,-1
199,18,1345,428,88,200,1,-1,-1,-1
199,23,1450,282,112,228,1,-1,-1,-1
199,26,632,735,160,149,1,-1,-1,-1
199,27,1480,593,228,184,1,-1,-1,-1
199,28,905,555,160,184,1,-1,-1,-1
199,29,451,866,132,88,1,-1,-1,-1
199,30,1308,180,87,181,1,-1,-1,-1
199,31,2041,477,122,174,1,-1,-1,-1
199,33,1285,328,100,276,1,-1,-1,-1
199,36,1769,529,244,225,1,-1,-1,-1
199,39,1206,631,192,196,1,-1,-1,-1
199,40,802,716,96,104,1,-1,-1,-1
199,41,1047,501,136,192,1,-1,-1,-1
199,42,1461,493,92,224,1,-1,-1,-1
199,43,1199,424,101,189,1,-1,-1,-1
200,1,639,716,133,168,1,-1,-1,-1
200,5,776,594,120,228,1,-1,-1,-1
200,13,444,796,152,176,1,-1,-1,-1
200,18,1341,434,88,200,1,-1,-1,-1
200,23,1444,279,118,239,1,-1,-1,-1
200,26,639,744,152,141,1,-1,-1,-1
200,27,1478,598,228,184,1,-1,-1,-1
200,28,903,561,160,184,1,-1,-1,-1
200,29,452,870,132,88,1,-1,-1,-1
200,30,1307,189,87,181,1,-1,-1,-1
200,31,2044,485,122,174,1,-1,-1,-1
200,33,1286,336,95,263,1,-1,-1,-1
200,36,1769,535,244,225,1,-1,-1,-1
200,39,1207,638,192,196,1,-1,-1,-1
200,40,800,722,96,104,1,-1,-1,-1
200,41,1046,505,136,192,1,-1,-1,-1
200,42,1462,505,88,213,1,-1,-1,-1
200,43,1198,431,101,189,1,-1,-1,-1
201,1,639,716,133,168,1,-1,-1,-1
201,5,776,594,120,228,1,-1,-1,-1
201,13,444,800,160,168,1,-1,-1,-1
201,18,1341,434,88,200,1,-1,-1,-1
201,23,1444,279,118,239,1,-1,-1,-1
201,26,640,688,172,200,1,-1,-1,-1
201,27,1480,604,236,192,1,-1,-1,-1
201,28,912,560,144,188,1,-1,-1,-1
201,29,452,870,132,88,1,-1,-1,-1
201,30,1280,180,100,164,1,-1,-1,-1
201,31,2044,485,122,174,1,-1,-1,-1
201,33,1286,336,95,263,1,-1,-1,-1
201,36,1788,532,180,236,1,-1,-1,-1
201,39,1208,648,188,196,1,-1,-1,-1
201,40,800,722,96,104,1,-1,-1,-1
201,41,1044,504,140,212,1,-1,-1,-1
201,42,1440,492,112,268,1,-1,-1,-1
201,43,1198,431,101,189,1,-1,-1,-1
201,44,1824,148,192,192,1,-1,-1,-1
202,1,641,721,133,168,1,-1,-1,-1
202,5,771,600,120,228,1,-1,-1,-1
202,13,444,803,160,168,1,-1,-1,-1
202,18,1340,453,88,200,1,-1,-1,-1
202,23,1442,292,112,228,1,-1,-1,-1
202,26,638,691,172,200,1,-1,-1,-1
202,27,1479,608,236,192,1,-1,-1,-1
202,28,911,562,144,188,1,-1,-1,-1
202,29,449,878,132,88,1,-1,-1,-1
202,30,1278,183,100,164,1,-1,-1,-1
202,31,2046,490,116,166,1,-1,-1,-1
202,33,1286,341,95,263,1,-1,-1,-1
202,36,1789,535,180,236,1,-1,-1,-1
202,39,1206,652,188,196,1,-1,-1,-1
202,40,794,731,96,104,1,-1,-1,-1
202,41,1044,509,140,212,1,-1,-1,-1
202,42,1442,500,107,255,1,-1,-1,-1
202,43,1190,432,106,198,1,-1,-1,-1
202,44,1820,152,192,192,1,-1,-1,-1
203,1,642,723,133,168,1,-1,-1,-1
203,5,768,603,120,228,1,-1,-1,-1
203,13,446,809,160,168,1,-1,-1,-1
203,18,1335,454,88,200,1,-1,-1,-1
203,23,1437,293,112,228,1,-1,-1,-1
203,26,642,700,164,190,1,-1,-1,-1
203,27,1480,611,236,192,1,-1,-1,-1
203,28,910,568,144,188,1,-1,-1,-1
203,29,449,882,132,88,1,-1,-1,-1
203,30,1276,191,100,164,1,-1,-1,-1
203,31,2049,500,110,158,1,-1,-1,-1
203,33,1283,343,95,263,1,-1,-1,-1
203,36,1791,539,180,236,1,-1,-1,-1
203,39,1208,657,188,196,1,-1,-1,-1
203,40,792,734,96,104,1,-1,-1,-1
203,41,1044,513,140,212,1,-1,-1,-1
203,42,1437,499,112,268,1,-1,-1,-1
203,43,1189,434,106,198,1,-1,-1,-1
203,44,1818,158,192,192,1,-1,-1,-1
204,1,645,725,133,168,1,-1,-1,-1
204,5,766,612,120,228,1,-1,-1,-1
204,13,447,814,160,168,1,-1,-1,-1
204,18,1333,455,88,200,1,-1,-1,-1
204,23,1437,305,112,228,1,-1,-1,-1
204,26,643,703,164,190,1,-1,-1,-1
204,27,1480,616,236,192,1,-1,-1,-1
204,28,909,572,144,188,1,-1,-1,-1
204,29,450,886,132,88,1,-1,-1,-1
204,30,1272,193,100,164,1,-1,-1,-1
204,31,2050,504,110,158,1,-1,-1,-1
204,33,1286,365,91,250,1,-1,-1,-1
204,36,1792,542,180,236,1,-1,-1,-1
204,39,1208,660,188,196,1,-1,-1,-1
204,40,790,738,96,104,1,-1,-1,-1
204,41,1044,518,140,212,1,-1,-1,-1
204,42,1436,505,112,268,1,-1,-1,-1
204,43,1185,436,106,198,1,-1,-1,-1
204,44,1815,162,192,192,1,-1,-1,-1
205,1,645,729,133,168,1,-1,-1,-1
205,5,763,613,120,228,1,-1,-1,-1
205,13,448,817,160,168,1,-1,-1,-1
205,18,1331,458,88,200,1,-1,-1,-1
205,23,1432,298,118,239,1,-1,-1,-1
205,26,642,707,164,190,1,-1,-1,-1
205,27,1481,620,236,192,1,-1,-1,-1
205,28,909,575,144,188,1,-1,-1,-1
205,29,450,890,132,88,1,-1,-1,-1
205,30,1271,198,100,164,1,-1,-1,-1
205,31,2051,508,110,158,1,-1,-1,-1
205,36,1793,544,180,236,1,-1,-1,-1
205,39,1207,664,188,196,1,-1,-1,-1
205,40,787,742,96,104,1,-1,-1,-1
205,41,1047,526,133,202,1,-1,-1,-1
205,42,1434,507,112,268,1,-1,-1,-1
205,43,1182,436,106,198,1,-1,-1,-1
205,44,1817,169,183,183,1,-1,-1,-1
206,1,645,730,133,168,1,-1,-1,-1
206,5,761,618,120,228,1,-1,-1,-1
206,13,448,822,160,168,1,-1,-1,-1
206,18,1328,460,88,200,1,-1,-1,-1
206,23,1431,306,112,228,1,-1,-1,-1
206,26,641,709,164,190,1,-1,-1,-1
206,27,1480,625,236,192,1,-1,-1,-1
206,28,908,581,144,188,1,-1,-1,-1
206,29,451,895,132,88,1,-1,-1,-1
206,30,1270,204,95,156,1,-1,-1,-1
206,31,2050,512,110,158,1,-1,-1,-1
206,36,1793,547,180,236,1,-1,-1,-1
206,39,1204,670,188,196,1,-1,-1,-1
206,40,783,746,96,104,1,-1,-1,-1
206,41,1046,531,133,202,1,-1,-1,-1
206,42,1432,511,112,268,1,-1,-1,-1
206,43,1179,440,106,198,1,-1,-1,-1
206,44,1812,172,183,183,1,-1,-1,-1
207,1,644,731,133,168,1,-1,-1,-1
207,5,758,631,120,228,1,-1,-1,-1
207,13,449,826,160,168,1,-1,-1,-1
207,23,1430,318,107,217,1,-1,-1,-1
207,26,641,712,164,190,1,-1,-1,-1
207,27,1480,625,236,192,1,-1,-1,-1
207,28,909,588,137,179,1,-1,-1,-1
207,29,452,896,132,88,1,-1,-1,-1
207,30,1268,208,95,156,1,-1,-1,-1
207,31,2049,514,110,158,1,-1,-1,-1
207,36,1792,549,180,236,1,-1,-1,-1
207,39,1206,673,188,196,1,-1,-1,-1
207,40,780,749,96,104,1,-1,-1,-1
207,41,1046,535,133,202,1,-1,-1,-1
207,42,1431,513,112,268,1,-1,-1,-1
207,43,1175,443,106,198,1,-1,-1,-1
207,44,1810,175,183,183,1,-1,-1,-1
208,1,642,734,133,168,1,-1,-1,-1
208,5,756,627,120,228,1,-1,-1,-1
208,13,451,829,160,168,1,-1,-1,-1
208,23,1423,311,112,228,1,-1,-1,-1
208,26,640,713,164,190,1,-1,-1,-1
208,27,1481,628,236,192,1,-1,-1,-1
208,28,911,591,137,179,1,-1,-1,-1
208,29,457,900,126,84,1,-1,-1,-1
208,30,1267,212,95,156,1,-1,-1,-1
208,31,2049,515,110,158,1,-1,-1,-1
208,36,1791,550,180,236,1,-1,-1,-1
208,39,1204,674,188,196,1,-1,-1,-1
208,40,778,751,96,104,1,-1,-1,-1
208,41,1046,536,133,202,1,-1,-1,-1
208,42,1433,522,107,255,1,-1,-1,-1
208,43,1174,448,106,198,1,-1,-1,-1
208,44,1806,178,183,183,1,-1,-1,-1
209,1,642,734,133,168,1,-1,-1,-1
209,5,756,627,120,228,1,-1,-1,-1
209,13,464,844,160,152,1,-1,-1,-1
209,23,1400,312,128,216,1,-1,-1,-1
209,26,640,713,164,190,1,-1,-1,-1
209,27,1476,632,244,188,1,-1,-1,-1
209,28,904,580,148,184,1,-1,-1,-1
209,29,457,900,126,84,1,-1,-1,-1
209,30,1272,216,92,200,1,-1,-1,-1
209,31,2036,464,104,284,1,-1,-1,-1
209,36,1796,536,148,256,1,-1,-1,-1
209,39,1208,724,200,148,1,-1,-1,-1
209,40,816,696,132,124,1,-1,-1,-1
209,41,1056,536,152,200,1,-1,-1,-1
209,42,1420,484,124,268,1,-1,-1,-1
209,43,1174,448,106,198,1,-1,-1,-1
209,44,1760,180,224,168,1,-1,-1,-1
209,45,1932,472,108,272,1,-1,-1,-1
209,46,2072,280,104,240,1,-1,-1,-1
209,47,1280,424,136,240,1,-1,-1,-1
210,1,647,740,133,168,1,-1,-1,-1
210,5,754,636,120,228,1,-1,-1,-1
210,13,468,848,160,152,1,-1,-1,-1
210,23,1400,315,128,216,1,-1,-1,-1
210,26,644,721,164,190,1,-1,-1,-1
210,27,1477,635,244,188,1,-1,-1,-1
210,28,905,583,148,184,1,-1,-1,-1
210,29,463,910,126,84,1,-1,-1,-1
210,30,1272,219,92,200,1,-1,-1,-1
210,31,2036,463,104,284,1,-1,-1,-1
210,36,1798,541,148,256,1,-1,-1,-1
210,39,1208,729,200,148,1,-1,-1,-1
210,40,817,698,132,124,1,-1,-1,-1
210,41,1054,533,160,210,1,-1,-1,-1
210,42,1421,486,124,268,1,-1,-1,-1
210,43,1173,454,106,198,1,-1,-1,-1
210,44,1761,182,224,168,1,-1,-1,-1
210,45,1935,479,103,259,1,-1,-1,-1
210,46,2072,282,104,240,1,-1,-1,-1
210,47,1284,434,130,229,1,-1,-1,-1
211,1,654,745,127,160,1,-1,-1,-1
211,5,754,642,120,228,1,-1,-1,-1
211,13,473,851,160,152,1,-1,-1,-1
211,23,1402,319,128,216,1,-1,-1,-1
211,26,648,721,164,190,1,-1,-1,-1
211,27,1481,640,244,188,1,-1,-1,-1
211,28,912,588,141,175,1,-1,-1,-1
211,29,469,911,126,84,1,-1,-1,-1
211,30,1276,225,88,190,1,-1,-1,-1
211,31,2041,475,99,270,1,-1,-1,-1
211,36,1802,542,148,256,1,-1,-1,-1
211,39,1212,730,200,148,1,-1,-1,-1
211,40,821,700,132,124,1,-1,-1,-1
211,41,1062,541,152,200,1,-1,-1,-1
211,42,1420,482,130,281,1,-1,-1,-1
211,43,1175,457,106,198,1,-1,-1,-1
211,44,1765,188,213,160,1,-1,-1,-1
211,45,1938,482,103,259,1,-1,-1,-1
211,46,2073,282,104,240,1,-1,-1,-1
211,47,1285,435,130,229,1,-1,-1,-1
212,1,664,747,127,160,1,-1,-1,-1
212,5,762,644,120,228,1,-1,-1,-1
212,13,484,853,160,152,1,-1,-1,-1
212,23,1409,322,128,216,1,-1,-1,-1
212,26,654,723,164,190,1,-1,-1,-1
212,27,1490,642,244,188,1,-1,-1,-1
212,28,921,592,141,175,1,-1,-1,-1
212,29,480,915,126,84,1,-1,-1,-1
212,30,1280,227,88,190,1,-1,-1,-1
212,31,2043,468,104,284,1,-1,-1,-1
212,36,1808,546,148,256,1,-1,-1,-1
212,39,1220,731,200,148,1,-1,-1,-1
212,40,829,702,132,124,1,-1,-1,-1
212,41,1070,541,152,200,1,-1,-1,-1
212,42,1427,495,124,268,1,-1,-1,-1
212,43,1180,462,106,198,1,-1,-1,-1
212,44,1769,187,213,160,1,-1,-1,-1
212,45,1941,476,108,272,1,-1,-1,-1
212,46,2078,284,104,240,1,-1,-1,-1
212,47,1288,431,136,240,1,-1,-1,-1
213,1,676,751,127,160,1,-1,-1,-1
213,5,771,654,114,217,1,-1,-1,-1
213,13,497,853,160,152,1,-1,-1,-1
213,23,1416,326,128,216,1,-1,-1,-1
213,26,672,728,156,181,1,-1,-1,-1
213,27,1503,643,244,188,1,-1,-1,-1
213,28,934,592,141,175,1,-1,-1,-1
213,29,492,915,126,84,1,-1,-1,-1
213,30,1292,229,88,190,1,-1,-1,-1
213,31,2053,470,104,284,1,-1,-1,-1
213,36,1821,549,148,256,1,-1,-1,-1
213,39,1230,733,200,148,1,-1,-1,-1
213,40,839,701,139,130,1,-1,-1,-1
213,41,1085,542,152,200,1,-1,-1,-1
213,42,1438,502,118,255,1,-1,-1,-1
213,43,1185,464,106,198,1,-1,-1,-1
213,44,1777,189,213,160,1,-1,-1,-1
213,45,1958,477,108,272,1,-1,-1,-1
213,46,2090,290,99,229,1,-1,-1,-1
213,47,1296,423,143,252,1,-1,-1,-1
214,1,689,753,127,160,1,-1,-1,-1
214,5,785,656,114,217,1,-1,-1,-1
214,13,514,858,152,145,1,-1,-1,-1
214,23,1429,326,128,216,1,-1,-1,-1
214,26,685,729,156,181,1,-1,-1,-1
214,27,1513,645,244,188,1,-1,-1,-1
214,28,945,590,148,184,1,-1,-1,-1
214,29,506,917,126,84,1,-1,-1,-1
214,30,1305,229,88,190,1,-1,-1,-1
214,31,2061,475,104,284,1,-1,-1,-1
214,36,1833,552,148,256,1,-1,-1,-1
214,39,1238,735,200,148,1,-1,-1,-1
214,40,850,703,139,130,1,-1,-1,-1
214,41,1098,545,152,200,1,-1,-1,-1
214,42,1451,510,118,255,1,-1,-1,-1
214,44,1785,191,213,160,1,-1,-1,-1
214,45,1960,470,113,286,1,-1,-1,-1
214,46,2103,293,99,229,1,-1,-1,-1
214,47,1310,435,136,240,1,-1,-1,-1
215,1,702,756,127,160,1,-1,-1,-1
215,5,790,648,120,228,1,-1,-1,-1
215,13,527,860,152,145,1,-1,-1,-1
215,23,1436,326,128,216,1,-1,-1,-1
215,26,698,733,156,181,1,-1,-1,-1
215,27,1532,650,232,179,1,-1,-1,-1
215,28,952,594,148,184,1,-1,-1,-1
215,29,520,918,126,84,1,-1,-1,-1
215,30,1315,233,88,190,1,-1,-1,-1
215,31,2072,474,104,284,1,-1,-1,-1
215,36,1848,552,148,256,1,-1,-1,-1
215,39,1251,734,210,155,1,-1,-1,-1
215,40,861,706,139,130,1,-1,-1,-1
215,41,1110,546,152,200,1,-1,-1,-1
215,42,1461,515,112,243,1,-1,-1,-1
215,44,1794,195,213,160,1,-1,-1,-1
215,45,1975,476,113,286,1,-1,-1,-1
215,46,2113,295,94,218,1,-1,-1,-1
215,47,1324,437,136,240,1,-1,-1,-1
216,1,721,759,127,160,1,-1,-1,-1
216,5,805,652,120,228,1,-1,-1,-1
216,13,546,860,152,145,1,-1,-1,-1
216,23,1453,328,128,216,1,-1,-1,-1
216,26,718,731,156,181,1,-1,-1,-1
216,27,1554,652,232,179,1,-1,-1,-1
216,28,972,594,148,184,1,-1,-1,-1
216,29,540,918,126,84,1,-1,-1,-1
216,30,1330,233,88,190,1,-1,-1,-1
216,31,2094,473,104,284,1,-1,-1,-1
216,36,1865,553,148,256,1,-1,-1,-1
216,39,1269,734,210,155,1,-1,-1,-1
216,40,877,707,139,130,1,-1,-1,-1
216,41,1134,552,145,190,1,-1,-1,-1
216,42,1477,512,112,243,1,-1,-1,-1
216,44,1811,197,213,160,1,-1,-1,-1
216,45,1995,471,113,286,1,-1,-1,-1
216,46,2131,299,94,218,1,-1,-1,-1
216,47,1341,438,136,240,1,-1,-1,-1
217,1,721,759,127,160,1,-1,-1,-1
217,5,804,684,156,180,1,-1,-1,-1
217,13,576,840,156,152,1,-1,-1,-1
217,23,1508,380,132,312,1,-1,-1,-1
217,26,736,712,132,196,1,-1,-1,-1
217,27,1588,620,252,200,1,-1,-1,-1
217,28,1036,556,116,208,1,-1,-1,-1
217,29,540,918,126,84,1,-1,-1,-1
217,30,1360,192,92,212,1,-1,-1,-1
217,31,2094,473,104,284,1,-1,-1,-1
217,36,1904,552,136,244,1,-1,-1,-1
217,39,1304,712,204,168,1,-1,-1,-1
217,40,877,707,139,130,1,-1,-1,-1
217,41,1164,580,132,152,1,-1,-1,-1
217,42,1504,576,92,184,1,-1,-1,-1
217,44,1836,152,216,196,1,-1,-1,-1
217,45,1995,471,113,286,1,-1,-1,-1
217,46,2131,299,94,218,1,-1,-1,-1
217,47,1341,438,136,240,1,-1,-1,-1
218,1,772,725,127,160,1,-1,-1,-1
218,5,823,664,156,180,1,-1,-1,-1
218,13,595,821,156,152,1,-1,-1,-1
218,23,1530,366,132,312,1,-1,-1,-1
218,26,755,691,132,196,1,-1,-1,-1
218,27,1611,600,252,200,1,-1,-1,-1
218,28,1056,535,116,208,1,-1,-1,-1
218,29,595,886,126,84,1,-1,-1,-1
218,30,1380,170,92,212,1,-1,-1,-1
218,31,2072,434,104,284,1,-1,-1,-1
218,36,1924,529,136,244,1,-1,-1,-1
218,39,1324,692,204,168,1,-1,-1,-1
218,40,923,667,146,137,1,-1,-1,-1
218,41,1186,559,132,152,1,-1,-1,-1
218,42,1522,556,92,184,1,-1,-1,-1
218,44,1854,131,216,196,1,-1,-1,-1
218,45,2023,447,113,286,1,-1,-1,-1
218,46,2175,264,94,218,1,-1,-1,-1
218,47,1388,405,136,240,1,-1,-1,-1
219,1,786,712,127,160,1,-1,-1,-1
219,5,833,652,156,180,1,-1,-1,-1
219,13,610,810,156,152,1,-1,-1,-1
219,23,1534,350,132,312,1,-1,-1,-1
219,26,762,682,132,196,1,-1,-1,-1
219,27,1628,598,240,190,1,-1,-1,-1
219,28,1067,525,116,208,1,-1,-1,-1
219,29,610,872,126,84,1,-1,-1,-1
219,30,1389,158,92,212,1,-1,-1,-1
219,31,2058,392,109,298,1,-1,-1,-1
219,36,1933,523,136,244,1,-1,-1,-1
219,39,1336,679,204,168,1,-1,-1,-1
219,40,937,656,146,137,1,-1,-1,-1
219,41,1199,546,132,152,1,-1,-1,-1
219,42,1531,546,92,184,1,-1,-1,-1
219,44,1858,123,216,196,1,-1,-1,-1
219,45,2050,440,113,286,1,-1,-1,-1
219,46,2193,255,99,229,1,-1,-1,-1
219,47,1401,403,130,229,1,-1,-1,-1
220,1,801,699,127,160,1,-1,-1,-1
220,5,849,639,156,180,1,-1,-1,-1
220,13,628,798,156,152,1,-1,-1,-1
220,23,1553,335,132,312,1,-1,-1,-1
220,26,781,668,132,196,1,-1,-1,-1
220,27,1648,584,240,190,1,-1,-1,-1
220,28,1085,514,116,208,1,-1,-1,-1
220,29,632,860,126,84,1,-1,-1,-1
220,30,1407,144,92,212,1,-1,-1,-1
220,31,2055,386,115,313,1,-1,-1,-1
220,36,1957,510,130,232,1,-1,-1,-1
220,39,1354,665,204,168,1,-1,-1,-1
220,40,951,640,153,144,1,-1,-1,-1
220,41,1217,531,132,152,1,-1,-1,-1
220,42,1548,532,92,184,1,-1,-1,-1
220,44,1874,109,216,196,1,-1,-1,-1
220,45,2072,423,108,272,1,-1,-1,-1
220,46,2211,239,94,218,1,-1,-1,-1
220,47,1418,384,130,229,1,-1,-1,-1
221,1,834,670,127,160,1,-1,-1,-1
221,5,881,611,156,180,1,-1,-1,-1
221,13,665,769,156,152,1,-1,-1,-1
221,23,1579,309,132,312,1,-1,-1,-1
221,26,814,642,132,196,1,-1,-1,-1
221,27,1680,559,240,190,1,-1,-1,-1
221,28,1113,485,122,218,1,-1,-1,-1
221,29,668,833,126,84,1,-1,-1,-1
221,30,1431,123,92,212,1,-1,-1,-1
221,31,2056,378,115,313,1,-1,-1,-1
221,36,1987,486,130,232,1,-1,-1,-1
221,39,1388,640,204,168,1,-1,-1,-1
221,40,984,610,153,144,1,-1,-1,-1
221,41,1252,506,132,152,1,-1,-1,-1
221,42,1580,506,92,184,1,-1,-1,-1
221,44,1899,89,216,196,1,-1,-1,-1
221,45,2095,393,108,272,1,-1,-1,-1
221,46,2236,214,94,218,1,-1,-1,-1
221,47,1447,361,130,229,1,-1,-1,-1
222,1,860,649,127,160,1,-1,-1,-1
222,5,908,591,156,180,1,-1,-1,-1
222,13,696,748,156,152,1,-1,-1,-1
222,23,1609,284,132,312,1,-1,-1,-1
222,26,839,621,132,196,1,-1,-1,-1
222,27,1704,530,252,200,1,-1,-1,-1
222,28,1143,461,122,218,1,-1,-1,-1
222,29,696,811,132,88,1,-1,-1,-1
222,30,1465,103,88,202,1,-1,-1,-1
222,31,2060,355,115,313,1,-1,-1,-1
222,36,2016,462,130,232,1,-1,-1,-1
222,39,1417,617,204,168,1,-1,-1,-1
222,40,1017,591,153,144,1,-1,-1,-1
222,41,1283,482,132,152,1,-1,-1,-1
222,42,1606,484,92,184,1,-1,-1,-1
222,44,1925,66,216,196,1,-1,-1,-1
222,45,2120,367,108,272,1,-1,-1,-1
222,46,2271,188,94,218,1,-1,-1,-1
222,47,1476,329,136,240,1,-1,-1,-1
223,1,885,637,127,160,1,-1,-1,-1
223,5,935,577,156,180,1,-1,-1,-1
223,13,725,737,156,152,1,-1,-1,-1
223,23,1635,270,139,328,1,-1,-1,-1
223,26,865,607,132,196,1,-1,-1,-1
223,27,1732,519,252,200,1,-1,-1,-1
223,28,1169,453,122,218,1,-1,-1,-1
223,29,729,798,132,88,1,-1,-1,-1
223,30,1489,92,88,202,1,-1,-1,-1
223,31,2057,431,115,313,1,-1,-1,-1
223,36,2042,451,130,232,1,-1,-1,-1
223,39,1443,603,204,168,1,-1,-1,-1
223,40,1046,577,153,144,1,-1,-1,-1
223,41,1315,470,132,152,1,-1,-1,-1
223,42,1632,470,92,184,1,-1,-1,-1
223,44,1954,57,206,187,1,-1,-1,-1
223,45,2145,363,108,272,1,-1,-1,-1
223,46,2294,175,90,207,1,-1,-1,-1
223,47,1496,312,143,252,1,-1,-1,-1
224,1,913,630,127,160,1,-1,-1,-1
224,5,963,571,156,180,1,-1,-1,-1
224,13,758,732,156,152,1,-1,-1,-1
224,23,1659,251,146,344,1,-1,-1,-1
224,26,895,603,132,196,1,-1,-1,-1
224,27,1762,511,252,200,1,-1,-1,-1
224,28,1206,438,122,218,1,-1,-1,-1
224,29,762,790,132,88,1,-1,-1,-1
224,30,1518,80,92,212,1,-1,-1,-1
224,36,2072,443,130,232,1,-1,-1,-1
224,39,1475,597,204,168,1,-1,-1,-1
224,40,1077,570,153,144,1,-1,-1,-1
224,41,1348,461,132,152,1,-1,-1,-1
224,42,1664,466,92,184,1,-1,-1,-1
224,44,1979,53,206,187,1,-1,-1,-1
224,45,2172,357,108,272,1,-1,-1,-1
224,47,1524,311,136,240,1,-1,-1,-1
225,1,928,696,120,88,1,-1,-1,-1
225,5,963,571,156,180,1,-1,-1,-1
225,13,784,728,148,144,1,-1,-1,-1
225,23,1680,460,88,168,1,-1,-1,-1
225,26,895,603,132,196,1,-1,-1,-1
225,27,1800,520,256,176,1,-1,-1,-1
225,28,1206,438,122,218,1,-1,-1,-1
225,29,762,790,132,88,1,-1,-1,-1
225,30,1544,52,112,232,1,-1,-1,-1
225,36,2112,428,112,256,1,-1,-1,-1
225,39,1492,568,200,176,1,-1,-1,-1
225,40,1100,468,132,228,1,-1,-1,-1
225,41,1348,461,132,152,1,-1,-1,-1
225,42,1664,466,92,184,1,-1,-1,-1
225,44,2012,52,220,172,1,-1,-1,-1
225,45,2212,308,160,324,1,-1,-1,-1
225,47,1496,364,96,172,1,-1,-1,-1
225,48,0,764,80,104,1,-1,-1,-1
225,49,2364,168,104,212,1,-1,-1,-1
226,1,933,683,120,88,1,-1,-1,-1
226,5,988,547,156,180,1,-1,-1,-1
226,13,794,714,148,144,1,-1,-1,-1
226,23,1685,445,88,168,1,-1,-1,-1
226,26,918,577,132,196,1,-1,-1,-1
226,27,1816,510,244,168,1,-1,-1,-1
226,28,1231,421,116,208,1,-1,-1,-1
226,29,795,769,132,88,1,-1,-1,-1
226,30,1550,45,107,221,1,-1,-1,-1
226,36,2118,411,112,256,1,-1,-1,-1
226,39,1497,554,200,176,1,-1,-1,-1
226,40,1104,453,132,228,1,-1,-1,-1
226,41,1381,440,132,152,1,-1,-1,-1
226,42,1687,439,92,184,1,-1,-1,-1
226,44,2018,37,220,172,1,-1,-1,-1
226,45,2218,298,160,324,1,-1,-1,-1
226,47,1504,348,96,172,1,-1,-1,-1
226,48,10,750,80,104,1,-1,-1,-1
226,49,2371,156,99,202,1,-1,-1,-1
227,1,935,670,120,88,1,-1,-1,-1
227,5,992,530,156,180,1,-1,-1,-1
227,13,798,701,148,144,1,-1,-1,-1
227,23,1685,427,92,176,1,-1,-1,-1
227,26,920,561,132,196,1,-1,-1,-1
227,27,1816,494,256,176,1,-1,-1,-1
227,28,1239,403,116,208,1,-1,-1,-1
227,29,805,755,132,88,1,-1,-1,-1
227,30,1554,28,107,221,1,-1,-1,-1
227,36,2122,400,112,256,1,-1,-1,-1
227,39,1502,543,200,176,1,-1,-1,-1
227,40,1106,444,132,228,1,-1,-1,-1
227,41,1391,424,132,152,1,-1,-1,-1
227,42,1692,431,88,175,1,-1,-1,-1
227,44,2019,25,220,172,1,-1,-1,-1
227,45,2221,275,160,324,1,-1,-1,-1
227,47,1504,329,101,181,1,-1,-1,-1
227,48,17,736,80,104,1,-1,-1,-1
227,49,2373,137,104,212,1,-1,-1,-1
228,1,939,661,120,88,1,-1,-1,-1
228,5,996,523,156,180,1,-1,-1,-1
228,13,809,694,148,144,1,-1,-1,-1
228,23,1690,424,92,176,1,-1,-1,-1
228,26,924,555,132,196,1,-1,-1,-1
228,27,1822,487,256,176,1,-1,-1,-1
228,28,1242,404,110,198,1,-1,-1,-1
228,29,815,747,126,84,1,-1,-1,-1
228,30,1560,30,102,210,1,-1,-1,-1
228,36,2128,398,107,244,1,-1,-1,-1
228,39,1507,539,200,176,1,-1,-1,-1
228,40,1110,437,132,228,1,-1,-1,-1
228,41,1399,413,132,152,1,-1,-1,-1
228,42,1697,429,88,175,1,-1,-1,-1
228,44,2025,22,210,164,1,-1,-1,-1
228,45,2227,272,160,324,1,-1,-1,-1
228,47,1507,321,101,181,1,-1,-1,-1
228,48,26,728,80,104,1,-1,-1,-1
228,49,2379,131,104,212,1,-1,-1,-1
229,1,950,659,120,88,1,-1,-1,-1
229,5,1009,522,156,180,1,-1,-1,-1
229,13,827,696,141,137,1,-1,-1,-1
229,23,1702,420,92,176,1,-1,-1,-1
229,26,937,551,132,196,1,-1,-1,-1
229,27,1835,483,256,176,1,-1,-1,-1
229,28,1253,403,105,189,1,-1,-1,-1
229,29,829,747,126,84,1,-1,-1,-1
229,30,1569,27,102,210,1,-1,-1,-1
229,36,2137,394,107,244,1,-1,-1,-1
229,39,1521,537,200,176,1,-1,-1,-1
229,40,1121,435,132,228,1,-1,-1,-1
229,41,1413,410,132,152,1,-1,-1,-1
229,42,1709,425,88,175,1,-1,-1,-1
229,44,2032,19,210,164,1,-1,-1,-1
229,45,2232,262,168,340,1,-1,-1,-1
229,47,1523,318,101,181,1,-1,-1,-1
229,48,38,723,84,109,1,-1,-1,-1
229,49,2392,125,109,223,1,-1,-1,-1
230,1,963,657,120,88,1,-1,-1,-1
230,5,1022,520,156,180,1,-1,-1,-1
230,13,843,694,141,137,1,-1,-1,-1
230,23,1717,420,92,176,1,-1,-1,-1
230,26,951,549,132,196,1,-1,-1,-1
230,27,1852,483,256,176,1,-1,-1,-1
230,28,1267,394,110,198,1,-1,-1,-1
230,29,847,748,126,84,1,-1,-1,-1
230,30,1585,26,102,210,1,-1,-1,-1
230,36,2155,395,107,244,1,-1,-1,-1
230,39,1537,536,200,176,1,-1,-1,-1
230,40,1137,432,132,228,1,-1,-1,-1
230,41,1429,408,132,152,1,-1,-1,-1
230,42,1722,423,88,175,1,-1,-1,-1
230,44,2043,17,210,164,1,-1,-1,-1
230,45,2251,259,168,340,1,-1,-1,-1
230,47,1537,314,101,181,1,-1,-1,-1
230,48,58,724,80,104,1,-1,-1,-1
230,49,2404,126,104,212,1,-1,-1,-1
231,1,976,655,120,88,1,-1,-1,-1
231,5,1038,518,156,180,1,-1,-1,-1
231,13,860,693,141,137,1,-1,-1,-1
231,23,1731,419,92,176,1,-1,-1,-1
231,26,964,550,132,196,1,-1,-1,-1
231,27,1868,483,256,176,1,-1,-1,-1
231,28,1284,395,110,198,1,-1,-1,-1
231,29,867,750,120,80,1,-1,-1,-1
231,30,1597,20,107,221,1,-1,-1,-1
231,36,2168,393,107,244,1,-1,-1,-1
231,39,1553,535,200,176,1,-1,-1,-1
231,40,1152,431,132,228,1,-1,-1,-1
231,41,1445,406,132,152,1,-1,-1,-1
231,42,1736,421,88,175,1,-1,-1,-1
231,44,2054,16,210,164,1,-1,-1,-1
231,45,2260,257,168,340,1,-1,-1,-1
231,47,1551,311,101,181,1,-1,-1,-1
231,48,76,722,80,104,1,-1,-1,-1
231,49,2422,125,104,212,1,-1,-1,-1
232,1,989,648,120,88,1,-1,-1,-1
232,5,1050,511,156,180,1,-1,-1,-1
232,13,877,685,141,137,1,-1,-1,-1
232,23,1745,417,92,176,1,-1,-1,-1
232,26,976,541,132,196,1,-1,-1,-1
232,27,1884,477,256,176,1,-1,-1,-1
232,28,1302,384,110,198,1,-1,-1,-1
232,29,885,744,114,76,1,-1,-1,-1
232,30,1610,16,107,221,1,-1,-1,-1
232,36,2181,386,112,256,1,-1,-1,-1
232,39,1570,530,200,176,1,-1,-1,-1
232,40,1170,428,132,228,1,-1,-1,-1
232,41,1461,396,132,152,1,-1,-1,-1
232,42,1748,415,88,175,1,-1,-1,-1
232,44,2066,10,210,164,1,-1,-1,-1
232,45,2274,251,168,340,1,-1,-1,-1
232,47,1564,302,106,190,1,-1,-1,-1
232,48,92,714,80,104,1,-1,-1,-1
232,49,2437,121,104,212,1,-1,-1,-1
233,1,989,648,120,88,1,-1,-1,-1
233,5,1004,572,156,164,1,-1,-1,-1
233,13,896,668,128,148,1,-1,-1,-1
233,23,1745,417,92,176,1,-1,-1,-1
233,26,976,541,132,196,1,-1,-1,-1
233,27,1900,464,252,188,1,-1,-1,-1
233,28,1328,512,72,84,1,-1,-1,-1
233,29,885,744,114,76,1,-1,-1,-1
233,30,1610,16,107,221,1,-1,-1,-1
233,36,2184,372,120,228,1,-1,-1,-1
233,39,1592,536,180,156,1,-1,-1,-1
233,40,1172,420,140,228,1,-1,-1,-1
233,41,1461,396,132,152,1,-1,-1,-1
233,42,1748,364,100,212,1,-1,-1,-1
233,44,2076,0,176,188,1,-1,-1,-1
233,45,2304,248,128,300,1,-1,-1,-1
233,47,1564,302,106,190,1,-1,-1,-1
233,48,0,708,180,168,1,-1,-1,-1
233,49,2448,76,112,240,1,-1,-1,-1
233,50,1648,228,92,252,1,-1,-1,-1
233,51,1820,304,100,196,1,-1,-1,-1
233,52,1356,432,108,128,1,-1,-1,-1
234,1,1007,638,120,88,1,-1,-1,-1
234,5,1010,568,156,164,1,-1,-1,-1
234,13,905,664,128,148,1,-1,-1,-1
234,23,1757,402,92,176,1,-1,-1,-1
234,26,994,537,132,196,1,-1,-1,-1
234,27,1906,460,252,188,1,-1,-1,-1
234,28,1335,507,72,84,1,-1,-1,-1
234,29,908,735,114,76,1,-1,-1,-1
234,30,1630,4,107,221,1,-1,-1,-1
234,36,2190,369,120,228,1,-1,-1,-1
234,39,1600,532,180,156,1,-1,-1,-1
234,40,1178,416,140,228,1,-1,-1,-1
234,41,1483,384,132,152,1,-1,-1,-1
234,42,1752,360,100,212,1,-1,-1,-1
234,44,2080,0,176,184,1,-1,-1,-1
234,45,2306,240,134,315,1,-1,-1,-1
234,47,1588,287,106,190,1,-1,-1,-1
234,48,10,702,180,168,1,-1,-1,-1
234,49,2452,71,108,240,1,-1,-1,-1
234,50,1651,224,92,252,1,-1,-1,-1
234,51,1824,300,100,196,1,-1,-1,-1
234,52,1366,428,108,128,1,-1,-1,-1
235,1,1008,633,120,88,1,-1,-1,-1
235,5,1012,565,156,164,1,-1,-1,-1
235,13,908,661,128,148,1,-1,-1,-1
235,23,1758,400,92,176,1,-1,-1,-1
235,26,999,534,126,187,1,-1,-1,-1
235,27,1917,461,240,179,1,-1,-1,-1
235,28,1339,503,72,84,1,-1,-1,-1
235,29,912,733,114,76,1,-1,-1,-1
235,30,1634,3,107,221,1,-1,-1,-1
235,36,2195,365,120,228,1,-1,-1,-1
235,39,1603,528,180,156,1,-1,-1,-1
235,40,1180,414,140,228,1,-1,-1,-1
235,41,1488,381,132,152,1,-1,-1,-1
235,42,1755,356,100,212,1,-1,-1,-1
235,44,2082,0,176,181,1,-1,-1,-1
235,45,2308,237,134,315,1,-1,-1,-1
235,47,1595,283,106,190,1,-1,-1,-1
235,48,15,696,180,168,1,-1,-1,-1
235,49,2457,69,103,229,1,-1,-1,-1
235,50,1656,221,92,252,1,-1,-1,-1
235,51,1825,288,105,206,1,-1,-1,-1
235,52,1370,424,108,128,1,-1,-1,-1
236,1,1007,629,120,88,1,-1,-1,-1
236,5,1012,559,156,164,1,-1,-1,-1
236,13,908,658,128,148,1,-1,-1,-1
236,23,1755,395,92,176,1,-1,-1,-1
236,26,996,526,126,187,1,-1,-1,-1
236,27,1917,458,240,179,1,-1,-1,-1
236,28,1337,501,72,84,1,-1,-1,-1
236,29,912,729,114,76,1,-1,-1,-1
236,30,1636,0,107,219,1,-1,-1,-1
236,36,2194,362,120,228,1,-1,-1,-1
236,39,1602,525,180,156,1,-1,-1,-1
236,40,1175,404,147,239,1,-1,-1,-1
236,41,1487,377,132,152,1,-1,-1,-1
236,42,1754,348,100,212,1,-1,-1,-1
236,44,2079,0,176,178,1,-1,-1,-1
236,45,2309,231,134,315,1,-1,-1,-1
236,47,1591,271,106,190,1,-1,-1,-1
236,48,16,693,180,168,1,-1,-1,-1
236,49,2457,64,103,229,1,-1,-1,-1
236,50,1661,215,92,252,1,-1,-1,-1
236,51,1822,283,105,206,1,-1,-1,-1
236,52,1370,419,108,128,1,-1,-1,-1
237,1,1004,631,114,84,1,-1,-1,-1
237,5,1008,561,156,164,1,-1,-1,-1
237,13,905,658,128,148,1,-1,-1,-1
237,23,1754,399,88,168,1,-1,-1,-1
237,26,993,527,126,187,1,-1,-1,-1
237,27,1915,459,240,179,1,-1,-1,-1
237,28,1333,503,69,80,1,-1,-1,-1
237,29,909,729,114,76,1,-1,-1,-1
237,30,1633,0,107,221,1,-1,-1,-1
237,36,2191,364,120,228,1,-1,-1,-1
237,39,1598,524,180,156,1,-1,-1,-1
237,40,1171,404,147,239,1,-1,-1,-1
237,41,1483,377,132,152,1,-1,-1,-1
237,42,1753,350,95,202,1,-1,-1,-1
237,44,2072,0,176,177,1,-1,-1,-1
237,45,2312,238,128,300,1,-1,-1,-1
237,47,1589,272,106,190,1,-1,-1,-1
237,48,13,693,180,168,1,-1,-1,-1
237,49,2454,55,106,240,1,-1,-1,-1
237,50,1661,215,92,252,1,-1,-1,-1
237,51,1815,282,105,206,1,-1,-1,-1
237,52,1369,417,108,128,1,-1,-1,-1
238,1,982,649,114,84,1,-1,-1,-1
238,5,991,583,149,156,1,-1,-1,-1
238,13,887,678,128,148,1,-1,-1,-1
238,23,1735,415,88,168,1,-1,-1,-1
238,26,974,549,126,187,1,-1,-1,-1
238,27,1886,475,252,188,1,-1,-1,-1
238,28,1313,520,72,84,1,-1,-1,-1
238,29,891,749,114,76,1,-1,-1,-1
238,30,1621,25,102,210,1,-1,-1,-1
238,36,2172,382,120,228,1,-1,-1,-1
238,39,1578,543,180,156,1,-1,-1,-1
238,40,1148,425,147,239,1,-1,-1,-1
238,41,1463,394,132,152,1,-1,-1,-1
238,42,1733,370,95,202,1,-1,-1,-1
238,44,2050,7,176,188,1,-1,-1,-1
238,45,2292,258,122,286,1,-1,-1,-1
238,47,1573,290,106,190,1,-1,-1,-1
238,48,0,713,175,168,1,-1,-1,-1
238,49,2437,79,107,229,1,-1,-1,-1
238,50,1643,222,92,252,1,-1,-1,-1
238,51,1796,304,105,206,1,-1,-1,-1
238,52,1355,432,108,128,1,-1,-1,-1
239,1,971,658,114,84,1,-1,-1,-1
239,5,979,592,149,156,1,-1,-1,-1
239,13,878,685,128,148,1,-1,-1,-1
239,23,1715,413,92,176,1,-1,-1,-1
239,26,966,557,126,187,1,-1,-1,-1
239,27,1882,480,252,188,1,-1,-1,-1
239,28,1304,526,72,84,1,-1,-1,-1
239,29,881,756,114,76,1,-1,-1,-1
239,30,1604,24,107,221,1,-1,-1,-1
239,36,2158,385,120,228,1,-1,-1,-1
239,39,1571,552,171,149,1,-1,-1,-1
239,40,1141,430,147,239,1,-1,-1,-1
239,41,1452,403,132,152,1,-1,-1,-1
239,42,1719,376,95,202,1,-1,-1,-1
239,44,2035,16,176,188,1,-1,-1,-1
239,45,2283,257,128,300,1,-1,-1,-1
239,47,1561,298,101,181,1,-1,-1,-1
239,48,0,722,161,160,1,-1,-1,-1
239,49,2424,74,112,240,1,-1,-1,-1
239,50,1640,245,92,252,1,-1,-1,-1
239,51,1783,308,105,206,1,-1,-1,-1
239,52,1348,436,108,128,1,-1,-1,-1
240,1,956,669,114,84,1,-1,-1,-1
240,5,964,603,149,156,1,-1,-1,-1
240,13,860,692,134,155,1,-1,-1,-1
240,23,1699,429,92,176,1,-1,-1,-1
240,26,949,568,126,187,1,-1,-1,-1
240,27,1863,490,252,188,1,-1,-1,-1
240,28,1290,536,72,84,1,-1,-1,-1
240,29,867,767,114,76,1,-1,-1,-1
240,30,1592,33,107,221,1,-1,-1,-1
240,36,2141,397,120,228,1,-1,-1,-1
240,39,1555,563,171,149,1,-1,-1,-1
240,40,1124,443,147,239,1,-1,-1,-1
240,41,1437,413,132,152,1,-1,-1,-1
240,42,1703,390,95,202,1,-1,-1,-1
240,44,2022,32,168,179,1,-1,-1,-1
240,45,2262,266,128,300,1,-1,-1,-1
240,47,1547,316,101,181,1,-1,-1,-1
240,48,0,733,145,160,1,-1,-1,-1
240,49,2405,81,112,240,1,-1,-1,-1
240,50,1629,249,92,252,1,-1,-1,-1
240,51,1765,319,105,206,1,-1,-1,-1
240,52,1338,437,108,128,1,-1,-1,-1
241,1,956,669,114,84,1,-1,-1,-1
241,5,964,603,149,156,1,-1,-1,-1
241,13,844,708,140,148,1,-1,-1,-1
241,23,1688,424,104,192,1,-1,-1,-1
241,26,949,568,126,187,1,-1,-1,-1
241,27,1840,524,260,176,1,-1,-1,-1
241,28,1260,540,96,96,1,-1,-1,-1
241,29,844,784,120,72,1,-1,-1,-1
241,30,1572,36,140,232,1,-1,-1,-1
241,36,2040,400,200,260,1,-1,-1,-1
241,39,1536,568,184,172,1,-1,-1,-1
241,40,1124,443,147,239,1,-1,-1,-1
241,41,1440,416,112,128,1,-1,-1,-1
241,42,1703,390,95,202,1,-1,-1,-1
241,44,2028,52,124,172,1,-1,-1,-1
241,45,2236,268,196,324,1,-1,-1,-1
241,47,1547,316,101,181,1,-1,-1,-1
241,48,0,740,112,164,1,-1,-1,-1
241,49,2405,81,112,240,1,-1,-1,-1
241,50,1629,249,92,252,1,-1,-1,-1
241,51,1765,319,105,206,1,-1,-1,-1
241,52,1338,437,108,128,1,-1,-1,-1
242,1,925,694,120,88,1,-1,-1,-1
242,5,937,632,149,156,1,-1,-1,-1
242,13,831,721,140,148,1,-1,-1,-1
242,23,1675,439,104,192,1,-1,-1,-1
242,26,923,602,120,178,1,-1,-1,-1
242,27,1830,539,260,176,1,-1,-1,-1
242,28,1248,553,96,96,1,-1,-1,-1
242,29,832,797,120,72,1,-1,-1,-1
242,30,1558,52,140,232,1,-1,-1,-1
242,36,2026,414,200,260,1,-1,-1,-1
242,39,1523,583,184,172,1,-1,-1,-1
242,40,1098,471,147,239,1,-1,-1,-1
242,41,1427,429,112,128,1,-1,-1,-1
242,42,1695,413,95,202,1,-1,-1,-1
242,44,2013,69,124,172,1,-1,-1,-1
242,45,2224,283,196,324,1,-1,-1,-1
242,47,1526,343,106,190,1,-1,-1,-1
242,48,0,752,102,164,1,-1,-1,-1
242,49,2380,112,112,240,1,-1,-1,-1
242,50,1627,277,92,252,1,-1,-1,-1
242,51,1742,353,105,206,1,-1,-1,-1
242,52,1320,459,108,128,1,-1,-1,-1
243,1,914,707,120,88,1,-1,-1,-1
243,5,925,641,149,156,1,-1,-1,-1
243,13,822,732,140,148,1,-1,-1,-1
243,23,1671,450,99,183,1,-1,-1,-1
243,26,910,611,120,178,1,-1,-1,-1
243,27,1823,547,260,176,1,-1,-1,-1
243,28,1239,563,96,96,1,-1,-1,-1
243,29,823,808,120,72,1,-1,-1,-1
243,30,1553,58,140,232,1,-1,-1,-1
243,36,2012,427,200,260,1,-1,-1,-1
243,39,1515,592,184,172,1,-1,-1,-1
243,40,1089,481,140,228,1,-1,-1,-1
243,41,1418,439,112,128,1,-1,-1,-1
243,42,1682,423,95,202,1,-1,-1,-1
243,44,1998,76,124,172,1,-1,-1,-1
243,45,2219,296,187,309,1,-1,-1,-1
243,47,1512,354,111,199,1,-1,-1,-1
243,48,0,761,92,164,1,-1,-1,-1
243,49,2365,118,107,229,1,-1,-1,-1
243,50,1626,268,97,265,1,-1,-1,-1
243,51,1724,356,105,206,1,-1,-1,-1
243,52,1310,473,108,128,1,-1,-1,-1
244,1,904,718,120,88,1,-1,-1,-1
244,5,918,655,141,149,1,-1,-1,-1
244,13,814,743,140,148,1,-1,-1,-1
244,23,1658,458,104,192,1,-1,-1,-1
244,26,904,618,120,178,1,-1,-1,-1
244,27,1814,561,260,176,1,-1,-1,-1
244,28,1231,573,96,96,1,-1,-1,-1
244,29,816,819,120,72,1,-1,-1,-1
244,30,1547,78,140,232,1,-1,-1,-1
244,36,2006,437,200,260,1,-1,-1,-1
244,39,1507,603,184,172,1,-1,-1,-1
244,40,1084,496,140,228,1,-1,-1,-1
244,41,1410,450,112,128,1,-1,-1,-1
244,42,1667,439,95,202,1,-1,-1,-1
244,44,1989,95,118,164,1,-1,-1,-1
244,45,2209,303,187,309,1,-1,-1,-1
244,48,0,771,88,164,1,-1,-1,-1
244,49,2359,133,107,229,1,-1,-1,-1
244,50,1627,221,97,265,1,-1,-1,-1
244,51,1713,371,105,206,1,-1,-1,-1
244,52,1301,485,108,128,1,-1,-1,-1
245,1,897,729,120,88,1,-1,-1,-1
245,5,907,668,141,149,1,-1,-1,-1
245,13,809,753,140,148,1,-1,-1,-1
245,23,1652,464,104,192,1,-1,-1,-1
245,26,895,631,120,178,1,-1,-1,-1
245,27,1806,565,273,185,1,-1,-1,-1
245,28,1226,583,96,96,1,-1,-1,-1
245,29,810,829,120,72,1,-1,-1,-1
245,30,1536,81,140,232,1,-1,-1,-1
245,36,1997,449,200,260,1,-1,-1,-1
245,39,1500,614,184,172,1,-1,-1,-1
245,40,1074,501,147,239,1,-1,-1,-1
245,41,1404,462,112,128,1,-1,-1,-1
245,42,1652,437,100,212,1,-1,-1,-1
245,44,1979,105,118,164,1,-1,-1,-1
245,45,2203,313,187,309,1,-1,-1,-1
245,48,0,786,82,156,1,-1,-1,-1
245,49,2346,136,112,240,1,-1,-1,-1
245,51,1703,379,105,206,1,-1,-1,-1
245,52,1291,495,108,128,1,-1,-1,-1
246,1,894,737,120,88,1,-1,-1,-1
246,5,907,676,135,142,1,-1,-1,-1
246,13,806,759,140,148,1,-1,-1,-1
246,23,1648,468,104,192,1,-1,-1,-1
246,26,892,633,120,178,1,-1,-1,-1
246,27,1801,573,273,185,1,-1,-1,-1
246,28,1221,590,96,96,1,-1,-1,-1
246,29,807,834,120,72,1,-1,-1,-1
246,30,1534,93,133,221,1,-1,-1,-1
246,36,1988,454,200,260,1,-1,-1,-1
246,39,1497,620,184,172,1,-1,-1,-1
246,40,1070,503,147,239,1,-1,-1,-1
246,41,1402,465,112,128,1,-1,-1,-1
246,42,1641,436,105,223,1,-1,-1,-1
246,44,1970,110,118,164,1,-1,-1,-1
246,45,2197,314,187,309,1,-1,-1,-1
246,48,0,791,78,156,1,-1,-1,-1
246,49,2341,138,112,240,1,-1,-1,-1
246,51,1699,395,100,196,1,-1,-1,-1
246,52,1287,504,108,128,1,-1,-1,-1
247,1,892,739,120,88,1,-1,-1,-1
247,5,906,680,135,142,1,-1,-1,-1
247,13,804,760,140,148,1,-1,-1,-1
247,23,1647,471,99,183,1,-1,-1,-1
247,26,890,642,120,178,1,-1,-1,-1
247,27,1800,577,273,185,1,-1,-1,-1
247,28,1220,592,96,96,1,-1,-1,-1
247,29,808,837,114,69,1,-1,-1,-1
247,30,1533,98,133,221,1,-1,-1,-1
247,36,1988,462,190,248,1,-1,-1,-1
247,39,1496,621,184,172,1,-1,-1,-1
247,40,1063,499,154,251,1,-1,-1,-1
247,41,1402,464,112,128,1,-1,-1,-1
247,42,1635,441,105,223,1,-1,-1,-1
247,44,1964,113,118,164,1,-1,-1,-1
247,45,2197,319,187,309,1,-1,-1,-1
247,48,0,790,79,156,1,-1,-1,-1
247,49,2338,134,112,240,1,-1,-1,-1
247,51,1694,393,100,196,1,-1,-1,-1
247,52,1283,503,113,134,1,-1,-1,-1
248,1,893,741,120,88,1,-1,-1,-1
248,5,906,679,135,142,1,-1,-1,-1
248,13,806,761,140,148,1,-1,-1,-1
248,23,1649,475,94,174,1,-1,-1,-1
248,26,889,640,120,178,1,-1,-1,-1
248,27,1811,580,260,176,1,-1,-1,-1
248,28,1221,592,96,96,1,-1,-1,-1
248,29,809,838,114,69,1,-1,-1,-1
248,30,1531,95,133,221,1,-1,-1,-1
248,36,1990,465,190,248,1,-1,-1,-1
248,39,1497,623,184,172,1,-1,-1,-1
248,40,1062,500,154,251,1,-1,-1,-1
248,41,1404,463,112,128,1,-1,-1,-1
248,44,1964,116,118,164,1,-1,-1,-1
248,45,2195,320,187,309,1,-1,-1,-1
248,48,0,789,80,156,1,-1,-1,-1
248,49,2338,144,107,229,1,-1,-1,-1
248,51,1693,386,105,206,1,-1,-1,-1
248,52,1282,501,119,141,1,-1,-1,-1
249,1,893,741,120,88,1,-1,-1,-1
249,5,960,588,132,196,1,-1,-1,-1
249,13,812,740,204,172,1,-1,-1,-1
249,23,1649,475,94,174,1,-1,-1,-1
249,26,889,640,120,178,1,-1,-1,-1
249,27,1832,568,248,176,1,-1,-1,-1
249,28,1224,588,84,100,1,-1,-1,-1
249,29,809,838,114,69,1,-1,-1,-1
249,30,1532,84,140,200,1,-1,-1,-1
249,36,1976,460,196,236,1,-1,-1,-1
249,39,1504,604,184,188,1,-1,-1,-1
249,40,1062,500,154,251,1,-1,-1,-1
249,41,1404,463,112,128,1,-1,-1,-1
249,44,1984,112,92,160,1,-1,-1,-1
249,45,2195,320,187,309,1,-1,-1,-1
249,48,0,792,92,160,1,-1,-1,-1
249,49,2338,144,107,229,1,-1,-1,-1
249,51,1693,386,105,206,1,-1,-1,-1
249,52,1282,501,119,141,1,-1,-1,-1
249,53,1532,252,116,304,1,-1,-1,-1
249,54,1460,308,96,196,1,-1,-1,-1
250,1,905,743,114,84,1,-1,-1,-1
250,5,963,590,132,196,1,-1,-1,-1
250,13,817,742,204,172,1,-1,-1,-1
250,23,1654,477,94,174,1,-1,-1,-1
250,26,893,638,126,187,1,-1,-1,-1
250,27,1838,567,248,176,1,-1,-1,-1
250,28,1229,588,84,100,1,-1,-1,-1
250,29,818,838,114,69,1,-1,-1,-1
250,30,1535,85,140,200,1,-1,-1,-1
250,36,1978,462,196,236,1,-1,-1,-1
250,39,1508,607,184,188,1,-1,-1,-1
250,40,1073,510,147,239,1,-1,-1,-1
250,41,1415,464,112,128,1,-1,-1,-1
250,44,1985,113,92,160,1,-1,-1,-1
250,45,2198,325,187,309,1,-1,-1,-1
250,48,5,795,92,160,1,-1,-1,-1
250,49,2341,136,107,229,1,-1,-1,-1
250,51,1693,383,110,216,1,-1,-1,-1
250,52,1293,491,125,148,1,-1,-1,-1
250,53,1535,258,110,290,1,-1,-1,-1
250,54,1461,303,101,206,1,-1,-1,-1
251,1,907,745,114,84,1,-1,-1,-1
251,5,965,594,132,196,1,-1,-1,-1
251,13,819,743,204,172,1,-1,-1,-1
251,23,1656,482,94,174,1,-1,-1,-1
251,26,896,639,126,187,1,-1,-1,-1
251,27,1848,576,236,168,1,-1,-1,-1
251,28,1231,592,84,100,1,-1,-1,-1
251,29,819,840,114,69,1,-1,-1,-1
251,30,1538,87,140,200,1,-1,-1,-1
251,36,1978,466,196,236,1,-1,-1,-1
251,39,1510,612,184,188,1,-1,-1,-1
251,40,1075,513,147,239,1,-1,-1,-1
251,41,1417,465,112,128,1,-1,-1,-1
251,44,1985,116,92,160,1,-1,-1,-1
251,45,2198,326,187,309,1,-1,-1,-1
251,48,9,799,92,160,1,-1,-1,-1
251,49,2348,143,102,218,1,-1,-1,-1
251,51,1695,390,110,216,1,-1,-1,-1
251,52,1302,496,125,148,1,-1,-1,-1
251,53,1538,273,105,276,1,-1,-1,-1
251,54,1462,306,101,206,1,-1,-1,-1
252,1,907,748,114,84,1,-1,-1,-1
252,5,963,596,132,196,1,-1,-1,-1
252,13,820,747,204,172,1,-1,-1,-1
252,23,1657,483,94,174,1,-1,-1,-1
252,26,898,649,120,178,1,-1,-1,-1
252,27,1846,580,236,168,1,-1,-1,-1
252,28,1230,598,84,100,1,-1,-1,-1
252,29,819,843,114,69,1,-1,-1,-1
252,30,1537,91,140,200,1,-1,-1,-1
252,36,1976,470,196,236,1,-1,-1,-1
252,39,1510,617,184,188,1,-1,-1,-1
252,40,1077,514,147,239,1,-1,-1,-1
252,41,1418,469,112,128,1,-1,-1,-1
252,44,1982,122,92,160,1,-1,-1,-1
252,45,2198,329,187,309,1,-1,-1,-1
252,48,9,803,92,160,1,-1,-1,-1
252,51,1696,393,110,216,1,-1,-1,-1
252,52,1305,489,125,148,1,-1,-1,-1
252,53,1534,267,110,290,1,-1,-1,-1
252,54,1462,308,101,206,1,-1,-1,-1
253,1,907,749,114,84,1,-1,-1,-1
253,5,963,602,132,196,1,-1,-1,-1
253,13,819,748,204,172,1,-1,-1,-1
253,23,1655,481,99,183,1,-1,-1,-1
253,26,898,652,120,178,1,-1,-1,-1
253,27,1852,585,225,160,1,-1,-1,-1
253,28,1229,601,84,100,1,-1,-1,-1
253,29,817,843,120,72,1,-1,-1,-1
253,30,1540,98,133,190,1,-1,-1,-1
253,36,1972,475,196,236,1,-1,-1,-1
253,39,1508,618,184,188,1,-1,-1,-1
253,40,1077,515,147,239,1,-1,-1,-1
253,41,1417,472,112,128,1,-1,-1,-1
253,44,1978,125,92,160,1,-1,-1,-1
253,45,2193,333,187,309,1,-1,-1,-1
253,48,11,805,92,160,1,-1,-1,-1
253,51,1692,391,116,227,1,-1,-1,-1
253,52,1305,482,131,156,1,-1,-1,-1
253,53,1536,279,105,276,1,-1,-1,-1
253,54,1461,305,101,206,1,-1,-1,-1
254,1,907,750,114,84,1,-1,-1,-1
254,5,960,603,132,196,1,-1,-1,-1
254,13,814,746,214,181,1,-1,-1,-1
254,23,1653,483,99,183,1,-1,-1,-1
254,26,901,654,120,178,1,-1,-1,-1
254,27,1854,590,225,160,1,-1,-1,-1
254,28,1230,604,84,100,1,-1,-1,-1
254,29,818,844,120,72,1,-1,-1,-1
254,30,1539,99,133,190,1,-1,-1,-1
254,36,1974,481,187,225,1,-1,-1,-1
254,39,1507,621,184,188,1,-1,-1,-1
254,40,1079,517,147,239,1,-1,-1,-1
254,41,1417,473,112,128,1,-1,-1,-1
254,44,1974,127,92,160,1,-1,-1,-1
254,45,2196,331,187,309,1,-1,-1,-1
254,48,14,809,92,160,1,-1,-1,-1
254,51,1690,395,116,227,1,-1,-1,-1
254,52,1307,484,131,156,1,-1,-1,-1
254,53,1537,293,100,263,1,-1,-1,-1
254,54,1461,304,101,206,1,-1,-1,-1
255,1,908,754,114,84,1,-1,-1,-1
255,5,960,602,132,196,1,-1,-1,-1
255,13,813,749,214,181,1,-1,-1,-1
255,23,1653,486,99,183,1,-1,-1,-1
255,26,902,658,120,178,1,-1,-1,-1
255,27,1859,593,225,160,1,-1,-1,-1
255,28,1230,610,84,100,1,-1,-1,-1
255,29,819,845,120,72,1,-1,-1,-1
255,30,1543,107,127,181,1,-1,-1,-1
255,36,1967,481,196,236,1,-1,-1,-1
255,39,1507,624,184,188,1,-1,-1,-1
255,40,1078,522,147,239,1,-1,-1,-1
255,41,1416,474,112,128,1,-1,-1,-1
255,44,1972,132,92,160,1,-1,-1,-1
255,45,2198,334,187,309,1,-1,-1,-1
255,48,17,813,92,160,1,-1,-1,-1
255,51,1692,396,116,227,1,-1,-1,-1
255,52,1308,480,131,156,1,-1,-1,-1
255,53,1534,280,105,276,1,-1,-1,-1
255,54,1459,309,101,206,1,-1,-1,-1
256,1,908,757,114,84,1,-1,-1,-1
256,5,958,606,132,196,1,-1,-1,-1
256,13,819,755,204,172,1,-1,-1,-1
256,23,1652,485,104,192,1,-1,-1,-1
256,26,900,660,120,178,1,-1,-1,-1
256,27,1867,597,214,152,1,-1,-1,-1
256,28,1231,614,84,100,1,-1,-1,-1
256,29,822,847,120,72,1,-1,-1,-1
256,30,1545,110,127,181,1,-1,-1,-1
256,36,1964,485,196,236,1,-1,-1,-1
256,39,1505,628,184,188,1,-1,-1,-1
256,40,1076,524,147,239,1,-1,-1,-1
256,41,1418,475,112,128,1,-1,-1,-1
256,44,1971,136,92,160,1,-1,-1,-1
256,45,2198,337,187,309,1,-1,-1,-1
256,48,20,816,92,160,1,-1,-1,-1
256,51,1687,397,116,227,1,-1,-1,-1
256,52,1309,480,131,156,1,-1,-1,-1
256,53,1534,274,110,290,1,-1,-1,-1
256,54,1462,313,101,206,1,-1,-1,-1
257,1,908,757,114,84,1,-1,-1,-1
257,5,968,556,124,176,1,-1,-1,-1
257,13,800,760,220,164,1,-1,-1,-1
257,23,1652,444,108,232,1,-1,-1,-1
257,26,968,648,120,164,1,-1,-1,-1
257,27,1864,592,200,180,1,-1,-1,-1
257,28,1236,540,96,168,1,-1,-1,-1
257,29,822,847,120,72,1,-1,-1,-1
257,30,1548,100,120,188,1,-1,-1,-1
257,36,1932,528,220,208,1,-1,-1,-1
257,39,1504,632,196,188,1,-1,-1,-1
257,40,1088,516,156,244,1,-1,-1,-1
257,41,1418,475,112,128,1,-1,-1,-1
257,44,1971,136,92,160,1,-1,-1,-1
257,45,2172,288,252,336,1,-1,-1,-1
257,48,0,816,108,160,1,-1,-1,-1
257,51,1687,397,116,227,1,-1,-1,-1
257,52,1309,480,131,156,1,-1,-1,-1
257,53,1534,274,110,290,1,-1,-1,-1
257,54,1460,312,116,204,1,-1,-1,-1
258,1,908,760,114,84,1,-1,-1,-1
258,5,968,556,124,176,1,-1,-1,-1
258,13,802,762,220,164,1,-1,-1,-1
258,23,1652,446,108,232,1,-1,-1,-1
258,26,966,650,120,164,1,-1,-1,-1
258,27,1865,594,200,180,1,-1,-1,-1
258,28,1236,541,96,168,1,-1,-1,-1
258,29,825,849,120,72,1,-1,-1,-1
258,30,1548,102,120,188,1,-1,-1,-1
258,36,1931,531,220,208,1,-1,-1,-1
258,39,1503,635,196,188,1,-1,-1,-1
258,40,1089,517,156,244,1,-1,-1,-1
258,41,1419,480,112,128,1,-1,-1,-1
258,44,1967,150,88,152,1,-1,-1,-1
258,45,2171,288,252,336,1,-1,-1,-1
258,48,1,817,108,160,1,-1,-1,-1
258,51,1689,404,110,216,1,-1,-1,-1
258,52,1312,484,131,156,1,-1,-1,-1
258,53,1534,280,110,290,1,-1,-1,-1
258,54,1459,312,116,204,1,-1,-1,-1
259,1,907,763,114,84,1,-1,-1,-1
259,5,968,559,124,176,1,-1,-1,-1
259,13,800,765,220,164,1,-1,-1,-1
259,23,1651,447,108,232,1,-1,-1,-1
259,26,965,653,120,164,1,-1,-1,-1
259,27,1864,599,200,180,1,-1,-1,-1
259,28,1235,543,96,168,1,-1,-1,-1
259,29,826,851,120,72,1,-1,-1,-1
259,30,1548,105,120,188,1,-1,-1,-1
259,36,1929,535,220,208,1,-1,-1,-1
259,39,1502,640,196,188,1,-1,-1,-1
259,40,1088,519,156,244,1,-1,-1,-1
259,41,1419,482,112,128,1,-1,-1,-1
259,44,1962,147,92,160,1,-1,-1,-1
259,45,2172,292,252,336,1,-1,-1,-1
259,48,1,819,108,160,1,-1,-1,-1
259,51,1685,405,116,227,1,-1,-1,-1
259,52,1313,488,125,148,1,-1,-1,-1
259,53,1531,273,116,304,1,-1,-1,-1
259,54,1461,317,110,194,1,-1,-1,-1
260,1,906,768,114,84,1,-1,-1,-1
260,5,966,563,124,176,1,-1,-1,-1
260,13,798,770,220,164,1,-1,-1,-1
260,23,1648,442,113,244,1,-1,-1,-1
260,26,963,657,120,164,1,-1,-1,-1
260,27,1866,607,200,180,1,-1,-1,-1
260,28,1235,547,96,168,1,-1,-1,-1
260,29,826,856,120,72,1,-1,-1,-1
260,30,1547,111,120,188,1,-1,-1,-1
260,36,1931,546,210,198,1,-1,-1,-1
260,39,1499,645,196,188,1,-1,-1,-1
260,40,1087,523,156,244,1,-1,-1,-1
260,41,1418,487,112,128,1,-1,-1,-1
260,44,1955,151,92,160,1,-1,-1,-1
260,45,2165,293,252,336,1,-1,-1,-1
260,48,1,823,108,160,1,-1,-1,-1
260,51,1681,412,116,227,1,-1,-1,-1
260,53,1527,285,122,319,1,-1,-1,-1
260,54,1459,319,110,194,1,-1,-1,-1
261,1,906,772,114,84,1,-1,-1,-1
261,5,965,563,124,176,1,-1,-1,-1
261,13,798,774,220,164,1,-1,-1,-1
261,23,1647,444,113,244,1,-1,-1,-1
261,26,964,659,120,164,1,-1,-1,-1
261,27,1866,612,200,180,1,-1,-1,-1
261,28,1236,550,96,168,1,-1,-1,-1
261,29,827,860,120,72,1,-1,-1,-1
261,30,1545,114,120,188,1,-1,-1,-1
261,36,1930,551,210,198,1,-1,-1,-1
261,39,1497,649,196,188,1,-1,-1,-1
261,40,1088,526,156,244,1,-1,-1,-1
261,41,1418,490,112,128,1,-1,-1,-1
261,44,1953,152,92,160,1,-1,-1,-1
261,45,2164,297,252,336,1,-1,-1,-1
261,48,1,826,108,160,1,-1,-1,-1
261,51,1681,417,116,227,1,-1,-1,-1
261,53,1520,285,122,319,1,-1,-1,-1
261,54,1459,323,110,194,1,-1,-1,-1
262,1,907,777,114,84,1,-1,-1,-1
262,5,965,569,124,176,1,-1,-1,-1
262,13,797,779,220,164,1,-1,-1,-1
262,23,1649,453,108,232,1,-1,-1,-1
262,26,963,660,120,164,1,-1,-1,-1
262,27,1869,615,200,180,1,-1,-1,-1
262,28,1236,552,96,168,1,-1,-1,-1
262,29,829,865,120,72,1,-1,-1,-1
262,30,1544,118,120,188,1,-1,-1,-1
262,36,1931,555,210,198,1,-1,-1,-1
262,39,1496,652,196,188,1,-1,-1,-1
262,40,1087,530,156,244,1,-1,-1,-1
262,41,1419,493,112,128,1,-1,-1,-1
262,44,1951,156,92,160,1,-1,-1,-1
262,45,2167,300,252,336,1,-1,-1,-1
262,48,2,831,108,160,1,-1,-1,-1
262,51,1679,431,116,227,1,-1,-1,-1
262,53,1523,288,122,319,1,-1,-1,-1
262,54,1459,325,110,194,1,-1,-1,-1
263,1,908,780,114,84,1,-1,-1,-1
263,5,965,570,124,176,1,-1,-1,-1
263,13,798,782,220,164,1,-1,-1,-1
263,23,1652,465,103,221,1,-1,-1,-1
263,26,968,671,120,164,1,-1,-1,-1
263,27,1873,619,200,180,1,-1,-1,-1
263,28,1236,556,96,168,1,-1,-1,-1
263,29,830,870,120,72,1,-1,-1,-1
263,30,1543,124,120,188,1,-1,-1,-1
263,36,1931,557,210,198,1,-1,-1,-1
263,39,1495,656,196,188,1,-1,-1,-1
263,40,1085,532,156,244,1,-1,-1,-1
263,41,1420,499,112,128,1,-1,-1,-1
263,44,1947,157,97,168,1,-1,-1,-1
263,45,2163,310,252,336,1,-1,-1,-1
263,48,2,832,108,160,1,-1,-1,-1
263,51,1679,434,116,227,1,-1,-1,-1
263,54,1457,330,110,194,1,-1,-1,-1
264,1,908,783,114,84,1,-1,-1,-1
264,5,964,570,124,176,1,-1,-1,-1
264,13,799,789,220,164,1,-1,-1,-1
264,23,1652,466,103,221,1,-1,-1,-1
264,26,971,676,114,156,1,-1,-1,-1
264,27,1873,621,200,180,1,-1,-1,-1
264,28,1236,559,96,168,1,-1,-1,-1
264,29,830,874,120,72,1,-1,-1,-1
264,30,1542,127,120,188,1,-1,-1,-1
264,36,1935,563,200,189,1,-1,-1,-1
264,39,1494,661,196,188,1,-1,-1,-1
264,40,1086,535,156,244,1,-1,-1,-1
264,41,1419,501,112,128,1,-1,-1,-1
264,44,1942,160,97,168,1,-1,-1,-1
264,45,2169,321,240,320,1,-1,-1,-1
264,48,3,836,108,160,1,-1,-1,-1
264,51,1677,432,116,227,1,-1,-1,-1
264,54,1457,333,110,194,1,-1,-1,-1
265,1,908,783,114,84,1,-1,-1,-1
265,5,960,564,124,164,1,-1,-1,-1
265,13,799,789,220,164,1,-1,-1,-1
265,23,1652,528,92,176,1,-1,-1,-1
265,26,828,732,232,224,1,-1,-1,-1
265,27,1884,604,212,200,1,-1,-1,-1
265,28,1236,572,92,164,1,-1,-1,-1
265,29,830,874,120,72,1,-1,-1,-1
265,30,1536,144,128,192,1,-1,-1,-1
265,36,1872,568,212,100,1,-1,-1,-1
265,39,1492,656,196,192,1,-1,-1,-1
265,40,1088,616,120,172,1,-1,-1,-1
265,41,1380,448,180,216,1,-1,-1,-1
265,44,1932,108,112,236,1,-1,-1,-1
265,45,2192,332,208,288,1,-1,-1,-1
265,48,0,832,104,180,1,-1,-1,-1
265,51,1677,432,116,227,1,-1,-1,-1
265,54,1457,333,110,194,1,-1,-1,-1
265,55,1336,476,96,196,1,-1,-1,-1
265,56,1620,332,124,216,1,-1,-1,-1
266,1,903,787,114,84,1,-1,-1,-1
266,5,958,565,124,164,1,-1,-1,-1
266,13,798,792,220,164,1,-1,-1,-1
266,23,1651,528,92,176,1,-1,-1,-1
266,26,832,739,221,213,1,-1,-1,-1
266,27,1882,605,212,200,1,-1,-1,-1
266,28,1235,574,92,164,1,-1,-1,-1
266,29,831,882,120,72,1,-1,-1,-1
266,30,1534,146,128,192,1,-1,-1,-1
266,36,1874,572,202,95,1,-1,-1,-1
266,39,1491,658,196,192,1,-1,-1,-1
266,40,1087,617,120,172,1,-1,-1,-1
266,41,1378,448,180,216,1,-1,-1,-1
266,44,1930,108,112,236,1,-1,-1,-1
266,45,2190,333,208,288,1,-1,-1,-1
266,48,0,833,104,180,1,-1,-1,-1
266,54,1457,338,110,194,1,-1,-1,-1
266,55,1336,479,96,196,1,-1,-1,-1
266,56,1618,333,124,216,1,-1,-1,-1
267,1,901,790,114,84,1,-1,-1,-1
267,5,958,568,124,164,1,-1,-1,-1
267,13,795,797,220,164,1,-1,-1,-1
267,23,1650,528,92,176,1,-1,-1,-1
267,26,829,743,221,213,1,-1,-1,-1
267,27,1882,607,212,200,1,-1,-1,-1
267,28,1235,578,92,164,1,-1,-1,-1
267,29,834,887,114,69,1,-1,-1,-1
267,30,1534,146,128,192,1,-1,-1,-1
267,36,1872,574,202,95,1,-1,-1,-1
267,39,1490,660,196,192,1,-1,-1,-1
267,40,1086,621,120,172,1,-1,-1,-1
267,41,1377,453,180,216,1,-1,-1,-1
267,44,1928,110,112,236,1,-1,-1,-1
267,45,2195,343,198,274,1,-1,-1,-1
267,48,1,835,104,180,1,-1,-1,-1
267,54,1458,343,110,194,1,-1,-1,-1
267,55,1337,486,91,187,1,-1,-1,-1
267,56,1617,334,124,216,1,-1,-1,-1
268,1,900,794,114,84,1,-1,-1,-1
268,5,957,573,124,164,1,-1,-1,-1
268,13,802,805,210,156,1,-1,-1,-1
268,23,1649,527,92,176,1,-1,-1,-1
268,26,829,746,221,213,1,-1,-1,-1
268,27,1883,610,212,200,1,-1,-1,-1
268,28,1238,584,88,156,1,-1,-1,-1
268,29,835,889,114,69,1,-1,-1,-1
268,30,1535,152,122,183,1,-1,-1,-1
268,36,1867,577,202,95,1,-1,-1,-1
268,39,1490,662,196,192,1,-1,-1,-1
268,40,1085,623,120,172,1,-1,-1,-1
268,41,1381,460,171,206,1,-1,-1,-1
268,44,1925,113,112,236,1,-1,-1,-1
268,45,2195,341,198,274,1,-1,-1,-1
268,48,1,836,104,180,1,-1,-1,-1
268,54,1458,346,105,185,1,-1,-1,-1
268,55,1336,488,91,187,1,-1,-1,-1
268,56,1618,341,118,206,1,-1,-1,-1
269,1,900,795,114,84,1,-1,-1,-1
269,5,956,574,124,164,1,-1,-1,-1
269,13,796,803,220,164,1,-1,-1,-1
269,23,1648,522,97,185,1,-1,-1,-1
269,26,831,747,221,213,1,-1,-1,-1
269,27,1885,611,212,200,1,-1,-1,-1
269,28,1239,584,88,156,1,-1,-1,-1
269,29,838,889,114,69,1,-1,-1,-1
269,30,1535,150,122,183,1,-1,-1,-1
269,36,1864,578,202,95,1,-1,-1,-1
269,39,1490,662,196,192,1,-1,-1,-1
269,40,1083,621,126,181,1,-1,-1,-1
269,41,1381,459,171,206,1,-1,-1,-1
269,44,1927,120,107,225,1,-1,-1,-1
269,45,2196,343,198,274,1,-1,-1,-1
269,48,3,836,104,180,1,-1,-1,-1
269,54,1455,343,105,185,1,-1,-1,-1
269,55,1337,488,91,187,1,-1,-1,-1
269,56,1621,346,112,196,1,-1,-1,-1
270,1,899,796,114,84,1,-1,-1,-1
270,5,955,573,124,164,1,-1,-1,-1
270,13,797,803,220,164,1,-1,-1,-1
270,23,1649,527,92,176,1,-1,-1,-1
270,26,831,749,221,213,1,-1,-1,-1
270,27,1883,610,212,200,1,-1,-1,-1
270,28,1236,579,92,164,1,-1,-1,-1
270,29,839,889,114,69,1,-1,-1,-1
270,30,1537,155,116,174,1,-1,-1,-1
270,36,1859,580,202,95,1,-1,-1,-1
270,39,1490,662,196,192,1,-1,-1,-1
270,40,1083,621,126,181,1,-1,-1,-1
270,41,1381,460,171,206,1,-1,-1,-1
270,44,1926,121,107,225,1,-1,-1,-1
270,45,2192,343,198,274,1,-1,-1,-1
270,48,7,842,99,171,1,-1,-1,-1
270,54,1456,339,110,194,1,-1,-1,-1
270,55,1336,488,91,187,1,-1,-1,-1
270,56,1617,343,112,196,1,-1,-1,-1
271,1,899,795,114,84,1,-1,-1,-1
271,5,954,574,124,164,1,-1,-1,-1
271,13,797,801,220,164,1,-1,-1,-1
271,23,1652,528,88,168,1,-1,-1,-1
271,26,829,750,221,213,1,-1,-1,-1
271,27,1886,612,212,200,1,-1,-1,-1
271,28,1239,581,88,156,1,-1,-1,-1
271,29,840,887,114,69,1,-1,-1,-1
271,30,1535,155,116,174,1,-1,-1,-1
271,36,1856,580,202,95,1,-1,-1,-1
271,39,1488,662,196,192,1,-1,-1,-1
271,40,1081,622,126,181,1,-1,-1,-1
271,41,1381,457,171,206,1,-1,-1,-1
271,44,1925,122,107,225,1,-1,-1,-1
271,45,2190,340,198,274,1,-1,-1,-1
271,48,8,842,99,171,1,-1,-1,-1
271,54,1453,337,110,194,1,-1,-1,-1
271,55,1337,487,91,187,1,-1,-1,-1
271,56,1615,344,112,196,1,-1,-1,-1
272,1,895,794,120,88,1,-1,-1,-1
272,5,954,574,124,164,1,-1,-1,-1
272,13,796,801,220,164,1,-1,-1,-1
272,23,1651,526,88,168,1,-1,-1,-1
272,26,826,748,221,213,1,-1,-1,-1
272,27,1890,615,202,190,1,-1,-1,-1
272,28,1235,573,92,164,1,-1,-1,-1
272,29,840,884,114,69,1,-1,-1,-1
272,30,1534,156,116,174,1,-1,-1,-1
272,36,1858,581,202,95,1,-1,-1,-1
272,39,1488,662,196,192,1,-1,-1,-1
272,40,1079,625,126,181,1,-1,-1,-1
272,41,1382,455,171,206,1,-1,-1,-1
272,44,1923,124,107,225,1,-1,-1,-1
272,45,2187,339,198,274,1,-1,-1,-1
272,48,6,839,104,180,1,-1,-1,-1
272,54,1450,329,116,204,1,-1,-1,-1
272,55,1338,480,96,196,1,-1,-1,-1
272,56,1613,344,112,196,1,-1,-1,-1
273,1,895,794,120,88,1,-1,-1,-1
273,5,968,576,108,188,1,-1,-1,-1
273,13,816,792,176,168,1,-1,-1,-1
273,23,1648,488,96,224,1,-1,-1,-1
273,26,936,688,116,152,1,-1,-1,-1
273,27,1904,596,168,216,1,-1,-1,-1
273,28,1236,572,96,180,1,-1,-1,-1
273,29,840,884,114,69,1,-1,-1,-1
273,30,1544,140,104,184,1,-1,-1,-1
273,36,1858,581,202,95,1,-1,-1,-1
273,39,1496,652,176,200,1,-1,-1,-1
273,40,1088,616,132,176,1,-1,-1,-1
273,41,1382,455,171,206,1,-1,-1,-1
273,44,1923,124,107,225,1,-1,-1,-1
273,45,2196,340,220,320,1,-1,-1,-1
273,48,0,844,116,168,1,-1,-1,-1
273,54,1450,329,116,204,1,-1,-1,-1
273,55,1338,480,96,196,1,-1,-1,-1
273,56,1600,304,124,240,1,-1,-1,-1
273,57,1100,556,136,184,1,-1,-1,-1
274,1,892,794,120,88,1,-1,-1,-1
274,5,966,577,108,188,1,-1,-1,-1
274,13,813,793,176,168,1,-1,-1,-1
274,23,1648,489,96,224,1,-1,-1,-1
274,26,932,688,116,152,1,-1,-1,-1
274,27,1903,597,168,216,1,-1,-1,-1
274,28,1235,571,96,180,1,-1,-1,-1
274,29,837,881,114,69,1,-1,-1,-1
274,30,1543,141,104,184,1,-1,-1,-1
274,36,1834,578,212,100,1,-1,-1,-1
274,39,1495,652,176,200,1,-1,-1,-1
274,40,1086,616,132,176,1,-1,-1,-1
274,41,1381,454,171,206,1,-1,-1,-1
274,44,1918,127,107,225,1,-1,-1,-1
274,45,2195,341,220,320,1,-1,-1,-1
274,48,0,845,116,168,1,-1,-1,-1
274,54,1450,334,110,194,1,-1,-1,-1
274,55,1338,472,96,196,1,-1,-1,-1
274,56,1597,304,124,240,1,-1,-1,-1
274,57,1098,555,136,184,1,-1,-1,-1
275,1,891,793,120,88,1,-1,-1,-1
275,5,965,577,108,188,1,-1,-1,-1
275,13,812,794,176,168,1,-1,-1,-1
275,23,1645,484,101,235,1,-1,-1,-1
275,26,931,688,116,152,1,-1,-1,-1
275,27,1902,598,168,216,1,-1,-1,-1
275,28,1235,572,96,180,1,-1,-1,-1
275,29,837,879,114,69,1,-1,-1,-1
275,30,1542,141,104,184,1,-1,-1,-1
275,36,1833,581,212,100,1,-1,-1,-1
275,39,1494,653,176,200,1,-1,-1,-1
275,40,1085,617,132,176,1,-1,-1,-1
275,41,1381,454,171,206,1,-1,-1,-1
275,44,1915,129,107,225,1,-1,-1,-1
275,45,2192,342,220,320,1,-1,-1,-1
275,48,1,846,116,168,1,-1,-1,-1
275,55,1344,477,91,187,1,-1,-1,-1
275,56,1593,304,124,240,1,-1,-1,-1
275,57,1098,555,136,184,1,-1,-1,-1
276,1,891,794,120,88,1,-1,-1,-1
276,5,964,578,108,188,1,-1,-1,-1
276,13,812,795,176,168,1,-1,-1,-1
276,23,1644,483,101,235,1,-1,-1,-1
276,26,928,689,116,152,1,-1,-1,-1
276,27,1901,599,168,216,1,-1,-1,-1
276,28,1235,573,96,180,1,-1,-1,-1
276,29,836,880,114,69,1,-1,-1,-1
276,30,1540,143,104,184,1,-1,-1,-1
276,36,1830,582,212,100,1,-1,-1,-1
276,39,1493,656,176,200,1,-1,-1,-1
276,40,1083,617,132,176,1,-1,-1,-1
276,41,1380,450,180,216,1,-1,-1,-1
276,44,1908,123,112,236,1,-1,-1,-1
276,45,2194,342,220,320,1,-1,-1,-1
276,48,2,847,116,168,1,-1,-1,-1
276,55,1350,470,91,187,1,-1,-1,-1
276,56,1591,305,124,240,1,-1,-1,-1
276,57,1097,554,136,184,1,-1,-1,-1
277,1,890,795,120,88,1,-1,-1,-1
277,5,963,580,108,188,1,-1,-1,-1
277,13,812,795,176,168,1,-1,-1,-1
277,23,1643,488,96,224,1,-1,-1,-1
277,26,927,691,116,152,1,-1,-1,-1
277,27,1904,607,160,206,1,-1,-1,-1
277,28,1234,575,96,180,1,-1,-1,-1
277,29,834,881,114,69,1,-1,-1,-1
277,30,1541,149,99,175,1,-1,-1,-1
277,36,1831,588,202,95,1,-1,-1,-1
277,39,1493,658,176,200,1,-1,-1,-1
277,40,1082,618,132,176,1,-1,-1,-1
277,41,1377,444,189,227,1,-1,-1,-1
277,44,1906,124,112,236,1,-1,-1,-1
277,45,2194,346,220,320,1,-1,-1,-1
277,48,3,848,116,168,1,-1,-1,-1
277,55,1350,473,91,187,1,-1,-1,-1
277,56,1590,307,124,240,1,-1,-1,-1
277,57,1098,554,136,184,1,-1,-1,-1
278,1,891,794,120,88,1,-1,-1,-1
278,5,963,577,108,188,1,-1,-1,-1
278,13,813,795,176,168,1,-1,-1,-1
278,23,1642,487,96,224,1,-1,-1,-1
278,26,927,686,122,160,1,-1,-1,-1
278,27,1903,607,160,206,1,-1,-1,-1
278,28,1236,574,96,180,1,-1,-1,-1
278,29,835,881,114,69,1,-1,-1,-1
278,30,1539,147,104,184,1,-1,-1,-1
278,36,1825,589,202,95,1,-1,-1,-1
278,39,1494,659,176,200,1,-1,-1,-1
278,40,1084,616,132,176,1,-1,-1,-1
278,41,1378,445,189,227,1,-1,-1,-1
278,44,1907,127,112,236,1,-1,-1,-1
278,45,2188,342,220,320,1,-1,-1,-1
278,48,5,847,116,168,1,-1,-1,-1
278,55,1350,472,96,196,1,-1,-1,-1
278,56,1590,306,124,240,1,-1,-1,-1
278,57,1100,554,136,184,1,-1,-1,-1
279,1,892,794,120,88,1,-1,-1,-1
279,5,960,573,113,197,1,-1,-1,-1
279,13,814,795,176,168,1,-1,-1,-1
279,23,1641,477,101,235,1,-1,-1,-1
279,26,929,688,116,152,1,-1,-1,-1
279,27,1902,606,160,206,1,-1,-1,-1
279,28,1237,573,96,180,1,-1,-1,-1
279,29,836,883,114,69,1,-1,-1,-1
279,30,1543,151,99,175,1,-1,-1,-1
279,36,1823,592,192,91,1,-1,-1,-1
279,39,1497,659,176,200,1,-1,-1,-1
279,40,1084,616,132,176,1,-1,-1,-1
279,41,1386,448,180,216,1,-1,-1,-1
279,44,1908,126,112,236,1,-1,-1,-1
279,45,2183,330,231,336,1,-1,-1,-1
279,48,6,844,116,168,1,-1,-1,-1
279,55,1351,473,96,196,1,-1,-1,-1
279,56,1589,303,124,240,1,-1,-1,-1
279,57,1101,553,136,184,1,-1,-1,-1
280,1,892,790,126,92,1,-1,-1,-1
280,5,962,573,113,197,1,-1,-1,-1
280,13,817,792,176,168,1,-1,-1,-1
280,23,1644,480,96,224,1,-1,-1,-1
280,26,929,689,116,152,1,-1,-1,-1
280,27,1904,603,160,206,1,-1,-1,-1
280,28,1241,572,96,180,1,-1,-1,-1
280,29,836,883,114,69,1,-1,-1,-1
280,30,1543,150,99,175,1,-1,-1,-1
280,36,1822,593,192,91,1,-1,-1,-1
280,39,1500,659,176,200,1,-1,-1,-1
280,40,1086,612,132,176,1,-1,-1,-1
280,41,1390,445,180,216,1,-1,-1,-1
280,44,1909,125,112,236,1,-1,-1,-1
280,45,2188,328,231,336,1,-1,-1,-1
280,48,8,839,116,168,1,-1,-1,-1
280,55,1351,469,96,196,1,-1,-1,-1
280,56,1588,304,124,240,1,-1,-1,-1
280,57,1099,549,143,193,1,-1,-1,-1
281,1,892,790,126,92,1,-1,-1,-1
281,5,960,552,160,248,1,-1,-1,-1
281,13,824,668,216,288,1,-1,-1,-1
281,23,1644,452,96,244,1,-1,-1,-1
281,26,929,689,116,152,1,-1,-1,-1
281,27,1924,592,132,208,1,-1,-1,-1
281,28,1241,572,96,180,1,-1,-1,-1
281,29,836,883,114,69,1,-1,-1,-1
281,30,1543,150,99,175,1,-1,-1,-1
281,36,1848,564,160,224,1,-1,-1,-1
281,39,1508,672,180,180,1,-1,-1,-1
281,40,1086,612,132,176,1,-1,-1,-1
281,41,1368,436,208,228,1,-1,-1,-1
281,44,1924,136,220,224,1,-1,-1,-1
281,45,2224,316,184,316,1,-1,-1,-1
281,48,0,832,120,176,1,-1,-1,-1
281,55,1351,469,96,196,1,-1,-1,-1
281,56,1572,292,120,256,1,-1,-1,-1
281,57,1100,520,156,224,1,-1,-1,-1
281,58,1440,300,144,196,1,-1,-1,-1
282,1,898,779,126,92,1,-1,-1,-1
282,5,958,540,168,260,1,-1,-1,-1
282,13,825,663,216,288,1,-1,-1,-1
282,23,1647,454,91,232,1,-1,-1,-1
282,26,934,679,110,145,1,-1,-1,-1
282,27,1926,585,132,208,1,-1,-1,-1
282,28,1250,555,96,180,1,-1,-1,-1
282,29,841,877,114,69,1,-1,-1,-1
282,30,1547,138,99,175,1,-1,-1,-1
282,36,1850,559,160,224,1,-1,-1,-1
282,39,1517,671,171,171,1,-1,-1,-1
282,40,1089,595,139,185,1,-1,-1,-1
282,41,1371,426,208,228,1,-1,-1,-1
282,44,1924,131,220,224,1,-1,-1,-1
282,45,2225,312,184,316,1,-1,-1,-1
282,48,4,824,120,176,1,-1,-1,-1
282,55,1353,450,101,206,1,-1,-1,-1
282,56,1572,288,120,256,1,-1,-1,-1
282,57,1101,514,156,224,1,-1,-1,-1
282,58,1447,298,137,187,1,-1,-1,-1
283,1,903,770,126,92,1,-1,-1,-1
283,5,963,531,168,260,1,-1,-1,-1
283,13,830,657,216,288,1,-1,-1,-1
283,23,1650,445,87,221,1,-1,-1,-1
283,26,940,669,110,145,1,-1,-1,-1
283,27,1930,573,132,208,1,-1,-1,-1
283,28,1255,539,96,180,1,-1,-1,-1
283,29,845,866,114,69,1,-1,-1,-1
283,30,1547,130,99,175,1,-1,-1,-1
283,36,1852,545,160,224,1,-1,-1,-1
283,39,1523,659,171,171,1,-1,-1,-1
283,40,1091,586,139,185,1,-1,-1,-1
283,41,1380,425,198,217,1,-1,-1,-1
283,44,1926,119,220,224,1,-1,-1,-1
283,45,2234,315,175,301,1,-1,-1,-1
283,48,10,813,120,176,1,-1,-1,-1
283,55,1357,439,101,206,1,-1,-1,-1
283,56,1574,277,120,256,1,-1,-1,-1
283,57,1107,505,156,224,1,-1,-1,-1
283,58,1451,285,137,187,1,-1,-1,-1
284,1,908,757,126,92,1,-1,-1,-1
284,5,969,516,168,260,1,-1,-1,-1
284,13,840,639,216,288,1,-1,-1,-1
284,23,1656,428,87,221,1,-1,-1,-1
284,26,943,651,116,152,1,-1,-1,-1
284,27,1932,558,132,208,1,-1,-1,-1
284,28,1260,520,101,189,1,-1,-1,-1
284,29,848,854,114,69,1,-1,-1,-1
284,30,1549,110,104,184,1,-1,-1,-1
284,36,1856,530,160,224,1,-1,-1,-1
284,39,1529,647,171,171,1,-1,-1,-1
284,40,1094,571,139,185,1,-1,-1,-1
284,41,1382,401,208,228,1,-1,-1,-1
284,44,1928,104,220,224,1,-1,-1,-1
284,45,2238,284,184,316,1,-1,-1,-1
284,48,17,797,120,176,1,-1,-1,-1
284,55,1362,419,101,206,1,-1,-1,-1
284,56,1576,264,120,256,1,-1,-1,-1
284,57,1112,489,156,224,1,-1,-1,-1
284,58,1458,271,137,187,1,-1,-1,-1
285,1,913,749,120,88,1,-1,-1,-1
285,5,972,514,168,260,1,-1,-1,-1
285,13,835,633,216,288,1,-1,-1,-1
285,23,1657,422,87,221,1,-1,-1,-1
285,26,947,641,116,152,1,-1,-1,-1
285,27,1936,559,126,198,1,-1,-1,-1
285,28,1266,506,101,189,1,-1,-1,-1
285,29,848,844,114,69,1,-1,-1,-1
285,30,1549,97,104,184,1,-1,-1,-1
285,36,1856,526,160,224,1,-1,-1,-1
285,39,1531,640,171,171,1,-1,-1,-1
285,40,1095,564,139,185,1,-1,-1,-1
285,41,1390,400,198,217,1,-1,-1,-1
285,44,1927,98,220,224,1,-1,-1,-1
285,45,2239,277,184,316,1,-1,-1,-1
285,48,18,791,120,176,1,-1,-1,-1
285,55,1366,404,101,206,1,-1,-1,-1
285,56,1580,262,114,244,1,-1,-1,-1
285,57,1114,483,156,224,1,-1,-1,-1
285,58,1458,261,137,187,1,-1,-1,-1
286,1,915,747,120,88,1,-1,-1,-1
286,5,969,507,168,260,1,-1,-1,-1
286,13,834,632,216,288,1,-1,-1,-1
286,23,1657,417,87,221,1,-1,-1,-1
286,26,945,640,116,152,1,-1,-1,-1
286,27,1933,553,132,208,1,-1,-1,-1
286,28,1263,502,106,198,1,-1,-1,-1
286,29,846,841,114,69,1,-1,-1,-1
286,30,1549,95,104,184,1,-1,-1,-1
286,36,1852,525,160,224,1,-1,-1,-1
286,39,1531,637,171,171,1,-1,-1,-1
286,40,1098,568,132,176,1,-1,-1,-1
286,41,1390,395,198,217,1,-1,-1,-1
286,44,1926,95,220,224,1,-1,-1,-1
286,45,2232,258,193,332,1,-1,-1,-1
286,48,19,790,120,176,1,-1,-1,-1
286,55,1368,402,101,206,1,-1,-1,-1
286,56,1581,259,114,244,1,-1,-1,-1
286,57,1111,482,156,224,1,-1,-1,-1
286,58,1458,259,137,187,1,-1,-1,-1
287,1,919,747,120,88,1,-1,-1,-1
287,5,966,506,168,260,1,-1,-1,-1
287,13,836,630,216,288,1,-1,-1,-1
287,23,1657,418,87,221,1,-1,-1,-1
287,26,946,639,116,152,1,-1,-1,-1
287,27,1933,552,132,208,1,-1,-1,-1
287,28,1265,502,106,198,1,-1,-1,-1
287,29,846,842,114,69,1,-1,-1,-1
287,30,1546,96,104,184,1,-1,-1,-1
287,36,1852,525,160,224,1,-1,-1,-1
287,39,1532,636,171,171,1,-1,-1,-1
287,40,1100,566,132,176,1,-1,-1,-1
287,41,1392,395,198,217,1,-1,-1,-1
287,44,1926,94,220,224,1,-1,-1,-1
287,45,2236,267,184,316,1,-1,-1,-1
287,48,21,790,120,176,1,-1,-1,-1
287,55,1369,402,101,206,1,-1,-1,-1
287,56,1575,253,120,256,1,-1,-1,-1
287,57,1117,485,149,213,1,-1,-1,-1
287,58,1460,264,131,178,1,-1,-1,-1
288,1,920,748,120,88,1,-1,-1,-1
288,5,970,510,160,248,1,-1,-1,-1
288,13,837,627,216,288,1,-1,-1,-1
288,23,1655,411,91,232,1,-1,-1,-1
288,26,946,638,116,152,1,-1,-1,-1
288,27,1933,553,132,208,1,-1,-1,-1
288,28,1268,504,106,198,1,-1,-1,-1
288,29,845,841,114,69,1,-1,-1,-1
288,30,1547,96,104,184,1,-1,-1,-1
288,36,1850,528,160,224,1,-1,-1,-1
288,39,1532,637,171,171,1,-1,-1,-1
288,40,1103,563,132,176,1,-1,-1,-1
288,41,1392,396,198,217,1,-1,-1,-1
288,44,1920,89,231,235,1,-1,-1,-1
288,45,2239,266,184,316,1,-1,-1,-1
288,48,22,791,120,176,1,-1,-1,-1
288,55,1367,404,101,206,1,-1,-1,-1
288,56,1577,262,114,244,1,-1,-1,-1
288,57,1118,482,149,213,1,-1,-1,-1
288,58,1461,265,131,178,1,-1,-1,-1
289,1,920,748,120,88,1,-1,-1,-1
289,5,1008,532,96,216,1,-1,-1,-1
289,13,837,627,216,288,1,-1,-1,-1
289,23,1652,408,96,240,1,-1,-1,-1
289,26,946,638,116,152,1,-1,-1,-1
289,27,1933,553,132,208,1,-1,-1,-1
289,28,1276,588,88,104,1,-1,-1,-1
289,29,840,780,116,136,1,-1,-1,-1
289,30,1547,96,104,184,1,-1,-1,-1
289,36,1860,528,188,232,1,-1,-1,-1
289,39,1540,632,184,176,1,-1,-1,-1
289,40,1076,604,88,152,1,-1,-1,-1
289,41,1452,404,132,220,1,-1,-1,-1
289,44,1936,96,180,216,1,-1,-1,-1
289,45,2252,244,200,164,1,-1,-1,-1
289,48,0,788,156,180,1,-1,-1,-1
289,55,1368,404,112,220,1,-1,-1,-1
289,56,1577,262,114,244,1,-1,-1,-1
289,57,1124,484,132,212,1,-1,-1,-1
289,58,1452,280,132,172,1,-1,-1,-1
290,1,923,746,120,88,1,-1,-1,-1
290,5,1008,531,96,216,1,-1,-1,-1
290,13,841,628,216,288,1,-1,-1,-1
290,23,1651,406,96,240,1,-1,-1,-1
290,26,950,640,110,145,1,-1,-1,-1
290,27,1933,553,132,208,1,-1,-1,-1
290,28,1278,586,88,104,1,-1,-1,-1
290,29,840,779,116,136,1,-1,-1,-1
290,30,1547,94,104,184,1,-1,-1,-1
290,36,1859,527,188,232,1,-1,-1,-1
290,39,1541,631,184,176,1,-1,-1,-1
290,40,1077,603,88,152,1,-1,-1,-1
290,41,1453,404,132,220,1,-1,-1,-1
290,44,1932,95,180,216,1,-1,-1,-1
290,45,2253,241,200,164,1,-1,-1,-1
290,48,3,787,156,180,1,-1,-1,-1
290,55,1367,404,112,220,1,-1,-1,-1
290,56,1574,260,114,244,1,-1,-1,-1
290,57,1126,482,132,212,1,-1,-1,-1
290,58,1453,280,132,172,1,-1,-1,-1
291,1,925,745,120,88,1,-1,-1,-1
291,5,1010,529,96,216,1,-1,-1,-1
291,13,838,626,216,288,1,-1,-1,-1
291,23,1652,406,96,240,1,-1,-1,-1
291,26,949,640,110,145,1,-1,-1,-1
291,27,1920,548,139,218,1,-1,-1,-1
291,28,1280,583,88,104,1,-1,-1,-1
291,29,839,779,116,136,1,-1,-1,-1
291,30,1546,94,104,184,1,-1,-1,-1
291,36,1858,528,188,232,1,-1,-1,-1
291,39,1542,629,184,176,1,-1,-1,-1
291,40,1077,602,88,152,1,-1,-1,-1
291,41,1454,403,132,220,1,-1,-1,-1
291,44,1931,96,180,216,1,-1,-1,-1
291,45,2259,240,190,156,1,-1,-1,-1
291,48,5,788,156,180,1,-1,-1,-1
291,55,1367,404,112,220,1,-1,-1,-1
291,56,1576,261,109,232,1,-1,-1,-1
291,57,1127,481,132,212,1,-1,-1,-1
291,58,1452,280,132,172,1,-1,-1,-1
292,1,923,744,120,88,1,-1,-1,-1
292,5,1010,528,96,216,1,-1,-1,-1
292,13,830,622,227,302,1,-1,-1,-1
292,23,1651,403,96,240,1,-1,-1,-1
292,26,947,638,110,145,1,-1,-1,-1
292,27,1915,546,139,218,1,-1,-1,-1
292,28,1279,581,88,104,1,-1,-1,-1
292,29,837,777,116,136,1,-1,-1,-1
292,30,1545,94,104,184,1,-1,-1,-1
292,36,1857,527,188,232,1,-1,-1,-1
292,39,1542,630,184,176,1,-1,-1,-1
292,40,1078,604,88,152,1,-1,-1,-1
292,41,1453,402,132,220,1,-1,-1,-1
292,44,1928,105,171,206,1,-1,-1,-1
292,45,2257,236,190,156,1,-1,-1,-1
292,48,7,786,156,180,1,-1,-1,-1
292,55,1366,404,112,220,1,-1,-1,-1
292,56,1575,263,109,232,1,-1,-1,-1
292,57,1131,486,126,202,1,-1,-1,-1
292,58,1450,280,132,172,1,-1,-1,-1
293,1,920,744,120,88,1,-1,-1,-1
293,5,1010,527,96,216,1,-1,-1,-1
293,13,834,627,216,288,1,-1,-1,-1
293,23,1651,405,96,240,1,-1,-1,-1
293,26,946,637,110,145,1,-1,-1,-1
293,27,1904,546,139,218,1,-1,-1,-1
293,28,1279,576,88,104,1,-1,-1,-1
293,29,835,776,116,136,1,-1,-1,-1
293,30,1544,93,104,184,1,-1,-1,-1
293,36,1854,528,188,232,1,-1,-1,-1
293,39,1540,631,184,176,1,-1,-1,-1
293,40,1078,605,88,152,1,-1,-1,-1
293,41,1451,404,132,220,1,-1,-1,-1
293,44,1922,107,171,206,1,-1,-1,-1
293,45,2259,233,190,156,1,-1,-1,-1
293,48,10,787,156,180,1,-1,-1,-1
293,55,1364,404,112,220,1,-1,-1,-1
293,56,1570,264,109,232,1,-1,-1,-1
293,57,1130,486,126,202,1,-1,-1,-1
293,58,1448,281,132,172,1,-1,-1,-1
294,1,914,744,120,88,1,-1,-1,-1
294,5,1008,529,96,216,1,-1,-1,-1
294,13,827,631,216,288,1,-1,-1,-1
294,23,1647,405,96,240,1,-1,-1,-1
294,26,943,632,116,152,1,-1,-1,-1
294,27,1905,551,139,218,1,-1,-1,-1
294,28,1282,577,84,99,1,-1,-1,-1
294,29,832,776,116,136,1,-1,-1,-1
294,30,1544,94,104,184,1,-1,-1,-1
294,36,1849,531,188,232,1,-1,-1,-1
294,39,1537,633,184,176,1,-1,-1,-1
294,40,1077,605,88,152,1,-1,-1,-1
294,41,1449,407,132,220,1,-1,-1,-1
294,44,1912,104,180,216,1,-1,-1,-1
294,45,2264,233,181,149,1,-1,-1,-1
294,48,11,790,156,180,1,-1,-1,-1
294,55,1357,400,118,231,1,-1,-1,-1
294,56,1566,257,114,244,1,-1,-1,-1
294,57,1130,488,126,202,1,-1,-1,-1
294,58,1443,282,132,172,1,-1,-1,-1
295,1,911,750,120,88,1,-1,-1,-1
295,5,1008,530,96,216,1,-1,-1,-1
295,13,820,634,216,288,1,-1,-1,-1
295,23,1644,414,91,229,1,-1,-1,-1
295,27,1908,565,139,218,1,-1,-1,-1
295,28,1281,578,84,99,1,-1,-1,-1
295,29,829,780,116,136,1,-1,-1,-1
295,30,1542,98,104,184,1,-1,-1,-1
295,36,1844,534,188,232,1,-1,-1,-1
295,39,1532,639,184,176,1,-1,-1,-1
295,40,1075,607,88,152,1,-1,-1,-1
295,41,1447,413,132,220,1,-1,-1,-1
295,44,1900,100,189,227,1,-1,-1,-1
295,45,2275,219,181,149,1,-1,-1,-1
295,48,10,793,156,180,1,-1,-1,-1
295,55,1350,403,118,231,1,-1,-1,-1
295,56,1560,261,114,244,1,-1,-1,-1
295,57,1127,495,126,202,1,-1,-1,-1
295,58,1442,291,126,164,1,-1,-1,-1
296,1,904,761,120,88,1,-1,-1,-1
296,5,1008,550,91,206,1,-1,-1,-1
296,13,822,645,216,288,1,-1,-1,-1
296,23,1638,424,91,229,1,-1,-1,-1
296,27,1894,571,139,218,1,-1,-1,-1
296,28,1278,589,84,99,1,-1,-1,-1
296,29,823,792,116,136,1,-1,-1,-1
296,30,1536,110,104,184,1,-1,-1,-1
296,36,1834,545,197,244,1,-1,-1,-1
296,39,1528,653,184,176,1,-1,-1,-1
296,40,1068,619,88,152,1,-1,-1,-1
296,41,1445,423,132,220,1,-1,-1,-1
296,44,1894,120,180,216,1,-1,-1,-1
296,45,2279,218,181,149,1,-1,-1,-1
296,48,7,805,156,180,1,-1,-1,-1
296,55,1349,413,118,231,1,-1,-1,-1
296,56,1560,275,109,232,1,-1,-1,-1
296,57,1125,507,126,202,1,-1,-1,-1
296,58,1437,301,126,164,1,-1,-1,-1
297,1,904,761,120,88,1,-1,-1,-1
297,5,984,548,148,244,1,-1,-1,-1
297,13,876,664,136,220,1,-1,-1,-1
297,23,1616,416,96,268,1,-1,-1,-1
297,27,1912,580,120,240,1,-1,-1,-1
297,28,1272,512,92,176,1,-1,-1,-1
297,29,820,784,112,172,1,-1,-1,-1
297,30,1536,110,104,184,1,-1,-1,-1
297,36,1816,528,108,204,1,-1,-1,-1
297,39,1524,652,180,196,1,-1,-1,-1
297,40,1068,619,88,152,1,-1,-1,-1
297,41,1436,452,144,220,1,-1,-1,-1
297,44,1884,156,164,208,1,-1,-1,-1
297,45,2279,218,181,149,1,-1,-1,-1
297,48,0,824,156,180,1,-1,-1,-1
297,55,1320,436,112,220,1,-1,-1,-1
297,56,1560,275,109,232,1,-1,-1,-1
297,57,1128,516,116,196,1,-1,-1,-1
297,58,1432,348,92,152,1,-1,-1,-1
297,59,1452,972,268,96,1,-1,-1,-1
298,1,891,790,120,88,1,-1,-1,-1
298,5,980,566,148,244,1,-1,-1,-1
298,13,869,681,136,220,1,-1,-1,-1
298,23,1613,433,96,268,1,-1,-1,-1
298,27,1907,600,120,240,1,-1,-1,-1
298,28,1267,529,92,176,1,-1,-1,-1
298,29,814,801,112,172,1,-1,-1,-1
298,30,1527,142,104,184,1,-1,-1,-1
298,36,1810,549,108,204,1,-1,-1,-1
298,39,1518,669,180,196,1,-1,-1,-1
298,40,1054,649,88,152,1,-1,-1,-1
298,41,1432,468,144,220,1,-1,-1,-1
298,44,1875,173,164,208,1,-1,-1,-1
298,45,2275,244,181,149,1,-1,-1,-1
298,48,0,839,152,180,1,-1,-1,-1
298,55,1316,457,112,220,1,-1,-1,-1
298,56,1544,304,109,232,1,-1,-1,-1
298,57,1124,532,116,196,1,-1,-1,-1
298,58,1426,363,92,152,1,-1,-1,-1
298,59,1447,988,268,96,1,-1,-1,-1
299,1,884,807,120,88,1,-1,-1,-1
299,5,978,580,141,232,1,-1,-1,-1
299,13,866,691,136,220,1,-1,-1,-1
299,23,1609,446,91,255,1,-1,-1,-1
299,27,1904,613,120,240,1,-1,-1,-1
299,28,1263,542,92,176,1,-1,-1,-1
299,29,809,812,112,172,1,-1,-1,-1
299,30,1519,157,104,184,1,-1,-1,-1
299,36,1800,560,103,194,1,-1,-1,-1
299,39,1513,681,180,196,1,-1,-1,-1
299,40,1045,662,88,152,1,-1,-1,-1
299,41,1429,479,144,220,1,-1,-1,-1
299,44,1872,190,156,198,1,-1,-1,-1
299,45,2267,263,173,142,1,-1,-1,-1
299,48,0,850,148,180,1,-1,-1,-1
299,55,1310,467,112,220,1,-1,-1,-1
299,56,1535,319,114,244,1,-1,-1,-1
299,57,1121,539,116,196,1,-1,-1,-1
299,58,1422,376,92,152,1,-1,-1,-1
299,59,1442,997,268,96,1,-1,-1,-1
300,1,879,816,120,88,1,-1,-1,-1
300,5,972,580,148,244,1,-1,-1,-1
300,13,862,695,136,220,1,-1,-1,-1
300,23,1605,450,91,255,1,-1,-1,-1
300,27,1901,616,120,240,1,-1,-1,-1
300,28,1261,548,92,176,1,-1,-1,-1
300,29,803,813,118,181,1,-1,-1,-1
300,30,1516,161,109,193,1,-1,-1,-1
300,36,1794,566,103,194,1,-1,-1,-1
300,39,1511,685,180,196,1,-1,-1,-1
300,40,1044,665,88,152,1,-1,-1,-1
300,41,1431,487,137,210,1,-1,-1,-1
300,44,1866,195,156,198,1,-1,-1,-1
300,45,2271,269,173,142,1,-1,-1,-1
300,48,0,856,147,180,1,-1,-1,-1
300,55,1308,479,107,210,1,-1,-1,-1
300,57,1120,543,116,196,1,-1,-1,-1
300,58,1418,382,92,152,1,-1,-1,-1
300,59,1442,1003,268,96,1,-1,-1,-1
301,1,874,820,120,88,1,-1,-1,-1
301,5,969,584,148,244,1,-1,-1,-1
301,13,859,699,136,220,1,-1,-1,-1
301,23,1600,453,91,255,1,-1,-1,-1
301,27,1902,621,114,229,1,-1,-1,-1
301,28,1258,550,92,176,1,-1,-1,-1
301,29,799,816,118,181,1,-1,-1,-1
301,30,1514,168,104,184,1,-1,-1,-1
301,36,1788,570,103,194,1,-1,-1,-1
301,39,1509,688,180,196,1,-1,-1,-1
301,40,1041,663,92,160,1,-1,-1,-1
301,41,1429,490,137,210,1,-1,-1,-1
301,44,1862,198,156,198,1,-1,-1,-1
301,45,2271,264,173,142,1,-1,-1,-1
301,48,0,856,147,180,1,-1,-1,-1
301,55,1302,477,112,220,1,-1,-1,-1
301,57,1119,543,116,196,1,-1,-1,-1
301,58,1416,382,92,152,1,-1,-1,-1
301,59,1436,1007,268,96,1,-1,-1,-1
302,1,869,825,120,88,1,-1,-1,-1
302,5,966,590,148,244,1,-1,-1,-1
302,13,855,700,136,220,1,-1,-1,-1
302,23,1596,459,91,255,1,-1,-1,-1
302,27,1897,624,114,229,1,-1,-1,-1
302,28,1256,556,92,176,1,-1,-1,-1
302,29,796,817,118,181,1,-1,-1,-1
302,30,1509,166,109,193,1,-1,-1,-1
302,36,1781,578,98,185,1,-1,-1,-1
302,39,1507,692,180,196,1,-1,-1,-1
302,40,1038,664,97,168,1,-1,-1,-1
302,41,1430,495,137,210,1,-1,-1,-1
302,44,1853,202,156,198,1,-1,-1,-1
302,45,2272,274,165,135,1,-1,-1,-1
302,48,0,859,146,180,1,-1,-1,-1
302,55,1298,481,112,220,1,-1,-1,-1
302,57,1115,538,122,206,1,-1,-1,-1
302,58,1415,388,88,145,1,-1,-1,-1
302,59,1425,1008,281,101,1,-1,-1,-1
303,1,865,829,120,88,1,-1,-1,-1
303,5,963,593,148,244,1,-1,-1,-1
303,13,850,701,136,220,1,-1,-1,-1
303,23,1594,469,87,243,1,-1,-1,-1
303,27,1895,625,114,229,1,-1,-1,-1
303,28,1256,562,88,168,1,-1,-1,-1
303,29,796,824,112,172,1,-1,-1,-1
303,30,1505,173,109,193,1,-1,-1,-1
303,36,1776,583,98,185,1,-1,-1,-1
303,39,1504,696,180,196,1,-1,-1,-1
303,40,1033,664,97,168,1,-1,-1,-1
303,41,1429,496,137,210,1,-1,-1,-1
303,44,1849,207,156,198,1,-1,-1,-1
303,45,2269,271,165,135,1,-1,-1,-1
303,48,0,860,144,180,1,-1,-1,-1
303,55,1295,485,112,220,1,-1,-1,-1
303,57,1112,537,122,206,1,-1,-1,-1
303,58,1412,390,88,145,1,-1,-1,-1
303,59,1423,1014,281,101,1,-1,-1,-1
304,1,861,834,120,88,1,-1,-1,-1
304,5,958,590,155,256,1,-1,-1,-1
304,13,848,707,136,220,1,-1,-1,-1
304,23,1587,466,91,255,1,-1,-1,-1
304,27,1897,634,109,218,1,-1,-1,-1
304,28,1254,564,88,168,1,-1,-1,-1
304,29,794,829,112,172,1,-1,-1,-1
304,30,1502,177,109,193,1,-1,-1,-1
304,36,1770,584,103,194,1,-1,-1,-1
304,39,1502,700,180,196,1,-1,-1,-1
304,40,1031,669,97,168,1,-1,-1,-1
304,41,1426,493,144,220,1,-1,-1,-1
304,44,1849,216,149,189,1,-1,-1,-1
304,48,0,865,142,180,1,-1,-1,-1
304,55,1291,489,112,220,1,-1,-1,-1
304,57,1111,536,122,206,1,-1,-1,-1
304,58,1410,396,88,145,1,-1,-1,-1
304,59,1421,1019,281,101,1,-1,-1,-1
