1,0,176,1052,60,28,1,-1,-1,-1
1,1,1752,1012,100,56,1,-1,-1,-1
1,2,928,1040,56,36,1,-1,-1,-1
1,3,60,1048,64,32,1,-1,-1,-1
1,4,340,1048,68,32,1,-1,-1,-1
1,5,1352,1028,80,40,1,-1,-1,-1
1,6,432,1044,64,28,1,-1,-1,-1
1,7,1084,1032,64,40,1,-1,-1,-1
1,8,2388,1004,104,48,1,-1,-1,-1
1,9,1868,1016,108,44,1,-1,-1,-1
1,10,996,1032,72,40,1,-1,-1,-1
1,11,2268,1008,92,48,1,-1,-1,-1
1,12,2032,1012,112,48,1,-1,-1,-1
1,13,2184,1012,72,44,1,-1,-1,-1
1,14,1660,1020,80,36,1,-1,-1,-1
2,0,181,1052,60,28,1,-1,-1,-1
2,1,1754,1012,100,56,1,-1,-1,-1
2,2,932,1040,56,36,1,-1,-1,-1
2,3,65,1048,64,32,1,-1,-1,-1
2,4,344,1048,68,32,1,-1,-1,-1
2,5,1355,1028,80,40,1,-1,-1,-1
2,6,436,1044,64,28,1,-1,-1,-1
2,7,1088,1032,64,40,1,-1,-1,-1
2,8,2390,1004,104,48,1,-1,-1,-1
2,9,1872,1017,103,42,1,-1,-1,-1
2,10,1001,1032,72,40,1,-1,-1,-1
2,11,2269,1007,92,48,1,-1,-1,-1
2,12,2034,1012,112,48,1,-1,-1,-1
2,13,2186,1012,72,44,1,-1,-1,-1
2,14,1662,1020,80,36,1,-1,-1,-1
3,0,183,1052,60,28,1,-1,-1,-1
3,1,1756,1012,100,56,1,-1,-1,-1
3,2,934,1040,56,36,1,-1,-1,-1
3,3,67,1048,64,32,1,-1,-1,-1
3,4,346,1048,68,32,1,-1,-1,-1
3,5,1357,1028,80,40,1,-1,-1,-1
3,6,437,1044,64,28,1,-1,-1,-1
3,7,1090,1031,64,40,1,-1,-1,-1
3,8,2392,1004,104,48,1,-1,-1,-1
3,9,1873,1017,103,42,1,-1,-1,-1
3,10,1003,1032,72,40,1,-1,-1,-1
3,11,2272,1007,92,48,1,-1,-1,-1
3,12,2036,1012,112,48,1,-1,-1,-1
3,13,2188,1013,72,44,1,-1,-1,-1
3,14,1664,1020,80,36,1,-1,-1,-1
4,0,185,1052,60,28,1,-1,-1,-1
4,1,1757,1012,100,56,1,-1,-1,-1
4,2,938,1042,53,34,1,-1,-1,-1
4,3,69,1047,64,32,1,-1,-1,-1
4,4,348,1048,68,32,1,-1,-1,-1
4,5,1358,1028,80,40,1,-1,-1,-1
4,6,439,1044,64,28,1,-1,-1,-1
4,7,1093,1031,64,40,1,-1,-1,-1
4,8,2393,1003,104,48,1,-1,-1,-1
4,9,1874,1017,103,42,1,-1,-1,-1
4,10,1004,1032,72,40,1,-1,-1,-1
4,11,2273,1006,92,48,1,-1,-1,-1
4,12,2037,1012,112,48,1,-1,-1,-1
4,13,2190,1012,72,44,1,-1,-1,-1
4,14,1666,1020,80,36,1,-1,-1,-1
5,0,187,1052,60,28,1,-1,-1,-1
5,1,1759,1012,100,56,1,-1,-1,-1
5,2,939,1041,53,34,1,-1,-1,-1
5,3,71,1047,64,32,1,-1,-1,-1
5,4,351,1049,65,30,1,-1,-1,-1
5,5,1359,1027,80,40,1,-1,-1,-1
5,6,441,1043,64,28,1,-1,-1,-1
5,7,1095,1031,64,40,1,-1,-1,-1
5,8,2394,1003,104,48,1,-1,-1,-1
5,9,1876,1017,103,42,1,-1,-1,-1
5,10,1006,1032,72,40,1,-1,-1,-1
5,11,2274,1007,92,48,1,-1,-1,-1
5,12,2038,1012,112,48,1,-1,-1,-1
5,13,2191,1012,72,44,1,-1,-1,-1
5,14,1668,1019,80,36,1,-1,-1,-1
6,0,193,1052,60,28,1,-1,-1,-1
6,1,1762,1012,100,56,1,-1,-1,-1
6,2,945,1041,53,34,1,-1,-1,-1
6,3,77,1046,64,32,1,-1,-1,-1
6,4,355,1048,65,30,1,-1,-1,-1
6,5,1364,1026,80,40,1,-1,-1,-1
6,6,446,1043,64,28,1,-1,-1,-1
6,7,1099,1031,64,40,1,-1,-1,-1
6,8,2396,1002,104,48,1,-1,-1,-1
6,9,1879,1017,103,42,1,-1,-1,-1
6,10,1012,1031,72,40,1,-1,-1,-1
6,11,2275,1006,92,48,1,-1,-1,-1
6,12,2040,1012,112,48,1,-1,-1,-1
6,13,2193,1012,72,44,1,-1,-1,-1
6,14,1670,1019,80,36,1,-1,-1,-1
7,0,197,1052,60,28,1,-1,-1,-1
7,1,1764,1011,100,56,1,-1,-1,-1
7,2,946,1040,53,34,1,-1,-1,-1
7,3,80,1046,64,32,1,-1,-1,-1
7,4,357,1047,65,30,1,-1,-1,-1
7,5,1364,1025,84,42,1,-1,-1,-1
7,6,448,1043,64,28,1,-1,-1,-1
7,7,1101,1030,64,40,1,-1,-1,-1
7,8,2398,1001,104,48,1,-1,-1,-1
7,9,1881,1017,103,42,1,-1,-1,-1
7,10,1015,1032,69,38,1,-1,-1,-1
7,11,2277,1006,92,48,1,-1,-1,-1
7,12,2041,1011,112,48,1,-1,-1,-1
7,13,2195,1011,72,44,1,-1,-1,-1
7,14,1672,1018,80,36,1,-1,-1,-1
8,0,200,1052,60,28,1,-1,-1,-1
8,1,1763,1010,105,59,1,-1,-1,-1
8,2,948,1040,53,34,1,-1,-1,-1
8,3,82,1046,64,32,1,-1,-1,-1
8,4,361,1046,65,30,1,-1,-1,-1
8,5,1365,1024,88,44,1,-1,-1,-1
8,6,450,1043,64,28,1,-1,-1,-1
8,7,1103,1030,64,40,1,-1,-1,-1
8,8,2400,1000,104,48,1,-1,-1,-1
8,9,1882,1017,103,42,1,-1,-1,-1
8,10,1017,1032,69,38,1,-1,-1,-1
8,11,2278,1005,92,48,1,-1,-1,-1
8,12,2043,1010,112,48,1,-1,-1,-1
8,13,2197,1011,72,44,1,-1,-1,-1
8,14,1676,1019,76,34,1,-1,-1,-1
9,0,200,1052,60,28,1,-1,-1,-1
9,1,1776,1012,92,52,1,-1,-1,-1
9,2,944,1036,60,36,1,-1,-1,-1
9,3,84,1048,68,32,1,-1,-1,-1
9,4,364,1044,64,32,1,-1,-1,-1
9,5,1368,1024,84,40,1,-1,-1,-1
9,6,452,1044,64,28,1,-1,-1,-1
9,7,1100,1028,68,36,1,-1,-1,-1
9,8,2404,1000,112,52,1,-1,-1,-1
9,9,1888,1016,92,44,1,-1,-1,-1
9,10,1017,1032,69,38,1,-1,-1,-1
9,11,2272,1004,96,48,1,-1,-1,-1
9,12,2043,1010,112,48,1,-1,-1,-1
9,13,2200,1012,60,40,1,-1,-1,-1
9,14,1672,1016,76,40,1,-1,-1,-1
9,15,200,1048,60,28,1,-1,-1,-1
9,16,2092,1012,68,44,1,-1,-1,-1
9,17,1768,1012,56,44,1,-1,-1,-1
9,18,1048,1032,40,40,1,-1,-1,-1
9,19,1532,1020,52,40,1,-1,-1,-1
9,20,2044,1012,60,40,1,-1,-1,-1
10,0,207,1051,60,28,1,-1,-1,-1
10,1,1779,1012,92,52,1,-1,-1,-1
10,2,948,1036,60,36,1,-1,-1,-1
10,3,90,1048,68,32,1,-1,-1,-1
10,4,369,1044,64,32,1,-1,-1,-1
10,5,1372,1024,84,40,1,-1,-1,-1
10,6,457,1044,64,28,1,-1,-1,-1
10,7,1105,1028,68,36,1,-1,-1,-1
10,8,2407,1000,112,52,1,-1,-1,-1
10,9,1891,1016,92,44,1,-1,-1,-1
10,10,1024,1031,69,38,1,-1,-1,-1
10,11,2275,1003,96,48,1,-1,-1,-1
10,12,2046,1010,112,48,1,-1,-1,-1
10,13,2204,1012,60,40,1,-1,-1,-1
10,14,1675,1016,76,40,1,-1,-1,-1
10,15,206,1048,60,28,1,-1,-1,-1
10,16,2095,1011,68,44,1,-1,-1,-1
10,17,1772,1012,56,44,1,-1,-1,-1
10,18,1053,1032,40,40,1,-1,-1,-1
10,19,1536,1020,52,40,1,-1,-1,-1
10,20,2048,1012,60,40,1,-1,-1,-1
11,0,211,1050,60,28,1,-1,-1,-1
11,1,1781,1012,92,52,1,-1,-1,-1
11,2,950,1036,60,36,1,-1,-1,-1
11,3,91,1048,68,32,1,-1,-1,-1
11,4,371,1044,64,32,1,-1,-1,-1
11,5,1374,1024,84,40,1,-1,-1,-1
11,6,458,1044,64,28,1,-1,-1,-1
11,7,1107,1028,68,36,1,-1,-1,-1
11,8,2410,999,112,52,1,-1,-1,-1
11,9,1893,1015,92,44,1,-1,-1,-1
11,10,1027,1031,69,38,1,-1,-1,-1
11,11,2276,1002,96,48,1,-1,-1,-1
11,12,2046,1007,118,50,1,-1,-1,-1
11,13,2206,1011,60,40,1,-1,-1,-1
11,14,1678,1016,76,40,1,-1,-1,-1
11,15,208,1047,60,28,1,-1,-1,-1
11,16,2096,1011,68,44,1,-1,-1,-1
11,17,1774,1012,56,44,1,-1,-1,-1
11,18,1056,1033,40,40,1,-1,-1,-1
11,19,1538,1020,52,40,1,-1,-1,-1
11,20,2049,1012,60,40,1,-1,-1,-1
12,0,212,1050,60,28,1,-1,-1,-1
12,1,1782,1012,92,52,1,-1,-1,-1
12,2,952,1036,60,36,1,-1,-1,-1
12,3,92,1047,71,34,1,-1,-1,-1
12,4,373,1044,64,32,1,-1,-1,-1
12,5,1376,1024,84,40,1,-1,-1,-1
12,6,461,1044,64,28,1,-1,-1,-1
12,7,1110,1028,68,36,1,-1,-1,-1
12,8,2412,999,112,52,1,-1,-1,-1
12,9,1894,1014,92,44,1,-1,-1,-1
12,10,1030,1031,69,38,1,-1,-1,-1
12,11,2277,1002,96,48,1,-1,-1,-1
12,12,2050,1008,112,48,1,-1,-1,-1
12,13,2207,1011,60,40,1,-1,-1,-1
12,14,1680,1016,76,40,1,-1,-1,-1
12,15,210,1047,60,28,1,-1,-1,-1
12,16,2099,1012,65,42,1,-1,-1,-1
12,17,1776,1012,56,44,1,-1,-1,-1
12,18,1058,1032,40,40,1,-1,-1,-1
12,19,1541,1020,52,40,1,-1,-1,-1
12,20,2051,1012,60,40,1,-1,-1,-1
13,0,214,1050,60,28,1,-1,-1,-1
13,1,1784,1012,92,52,1,-1,-1,-1
13,2,954,1036,60,36,1,-1,-1,-1
13,3,94,1046,71,34,1,-1,-1,-1
13,4,376,1044,64,32,1,-1,-1,-1
13,5,1378,1023,84,40,1,-1,-1,-1
13,6,464,1044,64,28,1,-1,-1,-1
13,7,1112,1028,68,36,1,-1,-1,-1
13,8,2414,999,112,52,1,-1,-1,-1
13,9,1895,1014,92,44,1,-1,-1,-1
13,10,1031,1030,69,38,1,-1,-1,-1
13,11,2279,1001,96,48,1,-1,-1,-1
13,12,2051,1008,112,48,1,-1,-1,-1
13,13,2209,1011,60,40,1,-1,-1,-1
13,14,1681,1015,76,40,1,-1,-1,-1
13,15,212,1047,60,28,1,-1,-1,-1
13,16,2099,1012,65,42,1,-1,-1,-1
13,17,1777,1011,56,44,1,-1,-1,-1
13,18,1060,1032,40,40,1,-1,-1,-1
13,19,1542,1020,52,40,1,-1,-1,-1
13,20,2052,1011,60,40,1,-1,-1,-1
14,0,219,1049,60,28,1,-1,-1,-1
14,1,1788,1011,92,52,1,-1,-1,-1
14,2,959,1035,60,36,1,-1,-1,-1
14,3,102,1046,68,32,1,-1,-1,-1
14,4,380,1043,64,32,1,-1,-1,-1
14,5,1382,1022,84,40,1,-1,-1,-1
14,6,469,1044,64,28,1,-1,-1,-1
14,7,1117,1027,68,36,1,-1,-1,-1
14,8,2418,999,112,52,1,-1,-1,-1
14,9,1899,1013,92,44,1,-1,-1,-1
14,10,1036,1029,69,38,1,-1,-1,-1
14,11,2279,999,101,50,1,-1,-1,-1
14,12,2053,1007,112,48,1,-1,-1,-1
14,13,2213,1011,60,40,1,-1,-1,-1
14,14,1686,1015,76,40,1,-1,-1,-1
14,15,217,1046,60,28,1,-1,-1,-1
14,16,2103,1012,65,42,1,-1,-1,-1
14,17,1781,1011,56,44,1,-1,-1,-1
14,18,1065,1031,40,40,1,-1,-1,-1
14,19,1544,1020,52,40,1,-1,-1,-1
14,20,2055,1010,60,40,1,-1,-1,-1
15,0,221,1049,60,28,1,-1,-1,-1
15,1,1791,1010,92,52,1,-1,-1,-1
15,2,961,1034,60,36,1,-1,-1,-1
15,3,104,1046,68,32,1,-1,-1,-1
15,4,382,1043,64,32,1,-1,-1,-1
15,5,1384,1021,84,40,1,-1,-1,-1
15,6,470,1043,64,28,1,-1,-1,-1
15,7,1119,1027,68,36,1,-1,-1,-1
15,8,2420,999,112,52,1,-1,-1,-1
15,9,1901,1013,92,44,1,-1,-1,-1
15,10,1038,1028,69,38,1,-1,-1,-1
15,11,2281,998,101,50,1,-1,-1,-1
15,12,2054,1006,112,48,1,-1,-1,-1
15,13,2214,1011,60,40,1,-1,-1,-1
15,14,1687,1015,76,40,1,-1,-1,-1
15,15,219,1045,60,28,1,-1,-1,-1
15,16,2104,1011,65,42,1,-1,-1,-1
15,17,1782,1010,56,44,1,-1,-1,-1
15,18,1068,1030,40,40,1,-1,-1,-1
15,19,1546,1019,52,40,1,-1,-1,-1
15,20,2056,1009,60,40,1,-1,-1,-1
16,0,225,1048,60,28,1,-1,-1,-1
16,1,1791,1009,92,52,1,-1,-1,-1
16,2,964,1034,60,36,1,-1,-1,-1
16,3,106,1045,68,32,1,-1,-1,-1
16,4,384,1043,64,32,1,-1,-1,-1
16,5,1386,1021,84,40,1,-1,-1,-1
16,6,472,1042,64,28,1,-1,-1,-1
16,7,1122,1027,65,34,1,-1,-1,-1
16,8,2422,999,112,52,1,-1,-1,-1
16,9,1903,1012,92,44,1,-1,-1,-1
16,10,1040,1028,69,38,1,-1,-1,-1
16,11,2285,999,96,48,1,-1,-1,-1
16,12,2056,1006,112,48,1,-1,-1,-1
16,13,2214,1009,63,42,1,-1,-1,-1
16,14,1688,1014,76,40,1,-1,-1,-1
16,15,223,1045,60,28,1,-1,-1,-1
16,16,2105,1010,65,42,1,-1,-1,-1
16,17,1785,1009,56,44,1,-1,-1,-1
16,18,1072,1030,40,40,1,-1,-1,-1
16,19,1547,1018,52,40,1,-1,-1,-1
16,20,2057,1009,60,40,1,-1,-1,-1
17,0,225,1048,60,28,1,-1,-1,-1
17,1,1791,1009,92,52,1,-1,-1,-1
17,2,968,1036,56,32,1,-1,-1,-1
17,3,112,1044,64,32,1,-1,-1,-1
17,4,384,1043,64,32,1,-1,-1,-1
17,5,1384,1016,92,44,1,-1,-1,-1
17,6,472,1040,68,32,1,-1,-1,-1
17,7,1116,1024,72,40,1,-1,-1,-1
17,8,2422,999,112,52,1,-1,-1,-1
17,9,1900,1012,96,44,1,-1,-1,-1
17,10,1040,1028,68,40,1,-1,-1,-1
17,11,2280,1000,104,44,1,-1,-1,-1
17,12,2060,1004,108,44,1,-1,-1,-1
17,13,2214,1009,63,42,1,-1,-1,-1
17,14,1688,1014,76,40,1,-1,-1,-1
17,15,224,1044,60,32,1,-1,-1,-1
17,16,2105,1010,65,42,1,-1,-1,-1
17,17,1788,1008,56,44,1,-1,-1,-1
17,18,1072,1030,40,40,1,-1,-1,-1
17,19,1547,1018,52,40,1,-1,-1,-1
17,20,2057,1009,60,40,1,-1,-1,-1
17,21,388,1040,64,28,1,-1,-1,-1
17,22,2424,996,112,44,1,-1,-1,-1
17,23,1848,1008,36,48,1,-1,-1,-1
17,24,2136,1008,36,40,1,-1,-1,-1
18,0,233,1047,60,28,1,-1,-1,-1
18,1,1796,1008,92,52,1,-1,-1,-1
18,2,973,1035,56,32,1,-1,-1,-1
18,3,117,1043,64,32,1,-1,-1,-1
18,4,391,1040,64,32,1,-1,-1,-1
18,5,1387,1016,92,44,1,-1,-1,-1
18,6,476,1039,68,32,1,-1,-1,-1
18,7,1121,1023,72,40,1,-1,-1,-1
18,8,2430,998,112,52,1,-1,-1,-1
18,9,1903,1012,96,44,1,-1,-1,-1
18,10,1046,1027,68,40,1,-1,-1,-1
18,11,2282,999,104,44,1,-1,-1,-1
18,12,2062,1004,108,44,1,-1,-1,-1
18,13,2220,1006,63,42,1,-1,-1,-1
18,14,1694,1013,76,40,1,-1,-1,-1
18,15,229,1044,60,32,1,-1,-1,-1
18,16,2109,1009,65,42,1,-1,-1,-1
18,17,1790,1007,56,44,1,-1,-1,-1
18,18,1079,1029,40,40,1,-1,-1,-1
18,19,1551,1016,52,40,1,-1,-1,-1
18,20,2060,1008,60,40,1,-1,-1,-1
18,21,393,1039,64,28,1,-1,-1,-1
18,22,2427,995,112,44,1,-1,-1,-1
18,23,1852,1008,36,48,1,-1,-1,-1
18,24,2139,1007,36,40,1,-1,-1,-1
19,0,237,1047,57,27,1,-1,-1,-1
19,1,1797,1008,92,52,1,-1,-1,-1
19,2,975,1035,56,32,1,-1,-1,-1
19,3,120,1043,64,32,1,-1,-1,-1
19,4,393,1040,64,32,1,-1,-1,-1
19,5,1390,1015,92,44,1,-1,-1,-1
19,6,476,1038,71,34,1,-1,-1,-1
19,7,1123,1023,72,40,1,-1,-1,-1
19,8,2428,995,118,55,1,-1,-1,-1
19,9,1905,1012,96,44,1,-1,-1,-1
19,10,1048,1027,68,40,1,-1,-1,-1
19,11,2284,999,104,44,1,-1,-1,-1
19,12,2064,1003,108,44,1,-1,-1,-1
19,13,2221,1005,63,42,1,-1,-1,-1
19,14,1695,1012,76,40,1,-1,-1,-1
19,15,232,1044,60,32,1,-1,-1,-1
19,16,2110,1009,65,42,1,-1,-1,-1
19,17,1792,1007,56,44,1,-1,-1,-1
19,18,1081,1029,40,40,1,-1,-1,-1
19,19,1552,1015,52,40,1,-1,-1,-1
19,20,2061,1007,60,40,1,-1,-1,-1
19,21,396,1038,64,28,1,-1,-1,-1
19,22,2428,995,112,44,1,-1,-1,-1
19,23,1855,1009,36,48,1,-1,-1,-1
19,24,2142,1007,36,40,1,-1,-1,-1
20,0,239,1047,54,25,1,-1,-1,-1
20,1,1798,1007,92,52,1,-1,-1,-1
20,2,977,1034,56,32,1,-1,-1,-1
20,3,123,1043,64,32,1,-1,-1,-1
20,4,396,1039,64,32,1,-1,-1,-1
20,5,1391,1015,92,44,1,-1,-1,-1
20,6,478,1038,71,34,1,-1,-1,-1
20,7,1125,1022,72,40,1,-1,-1,-1
20,8,2429,993,118,55,1,-1,-1,-1
20,9,1907,1011,96,44,1,-1,-1,-1
20,10,1050,1027,68,40,1,-1,-1,-1
20,11,2286,999,104,44,1,-1,-1,-1
20,12,2065,1003,108,44,1,-1,-1,-1
20,13,2222,1005,63,42,1,-1,-1,-1
20,14,1696,1011,76,40,1,-1,-1,-1
20,15,234,1043,60,32,1,-1,-1,-1
20,16,2112,1009,65,42,1,-1,-1,-1
20,17,1794,1007,56,44,1,-1,-1,-1
20,18,1083,1028,40,40,1,-1,-1,-1
20,19,1553,1014,52,40,1,-1,-1,-1
20,20,2062,1006,60,40,1,-1,-1,-1
20,21,398,1038,64,28,1,-1,-1,-1
20,22,2430,994,112,44,1,-1,-1,-1
20,23,1857,1008,36,48,1,-1,-1,-1
20,24,2142,1007,36,40,1,-1,-1,-1
21,0,242,1048,54,25,1,-1,-1,-1
21,1,1800,1006,92,52,1,-1,-1,-1
21,2,978,1034,56,32,1,-1,-1,-1
21,3,125,1043,64,32,1,-1,-1,-1
21,4,397,1039,64,32,1,-1,-1,-1
21,5,1392,1015,92,44,1,-1,-1,-1
21,6,480,1038,71,34,1,-1,-1,-1
21,7,1127,1022,72,40,1,-1,-1,-1
21,8,2430,993,118,55,1,-1,-1,-1
21,9,1909,1011,96,44,1,-1,-1,-1
21,10,1052,1026,68,40,1,-1,-1,-1
21,11,2287,998,104,44,1,-1,-1,-1
21,12,2066,1003,108,44,1,-1,-1,-1
21,13,2224,1004,63,42,1,-1,-1,-1
21,14,1697,1010,76,40,1,-1,-1,-1
21,15,236,1043,60,32,1,-1,-1,-1
21,16,2112,1008,65,42,1,-1,-1,-1
21,17,1794,1007,56,44,1,-1,-1,-1
21,18,1085,1028,40,40,1,-1,-1,-1
21,19,1554,1013,52,40,1,-1,-1,-1
21,20,2063,1006,60,40,1,-1,-1,-1
21,21,400,1038,64,28,1,-1,-1,-1
21,22,2432,993,112,44,1,-1,-1,-1
21,23,1859,1006,36,48,1,-1,-1,-1
21,24,2142,1007,36,40,1,-1,-1,-1
22,0,247,1047,54,25,1,-1,-1,-1
22,1,1806,1006,92,52,1,-1,-1,-1
22,2,983,1034,56,32,1,-1,-1,-1
22,3,131,1042,64,32,1,-1,-1,-1
22,4,403,1039,64,32,1,-1,-1,-1
22,5,1397,1014,92,44,1,-1,-1,-1
22,6,485,1038,71,34,1,-1,-1,-1
22,7,1134,1021,72,40,1,-1,-1,-1
22,8,2437,993,112,52,1,-1,-1,-1
22,9,1912,1010,96,44,1,-1,-1,-1
22,10,1059,1026,68,40,1,-1,-1,-1
22,11,2290,997,104,44,1,-1,-1,-1
22,12,2065,1001,113,46,1,-1,-1,-1
22,13,2229,1003,63,42,1,-1,-1,-1
22,14,1702,1010,76,40,1,-1,-1,-1
22,15,242,1043,60,32,1,-1,-1,-1
22,16,2116,1008,65,42,1,-1,-1,-1
22,17,1797,1006,56,44,1,-1,-1,-1
22,18,1090,1027,40,40,1,-1,-1,-1
22,19,1558,1013,52,40,1,-1,-1,-1
22,20,2065,1005,60,40,1,-1,-1,-1
22,21,406,1037,64,28,1,-1,-1,-1
22,22,2437,992,112,44,1,-1,-1,-1
22,23,1861,1006,36,48,1,-1,-1,-1
22,24,2144,1005,36,40,1,-1,-1,-1
23,0,249,1046,54,25,1,-1,-1,-1
23,1,1807,1005,92,52,1,-1,-1,-1
23,2,987,1033,56,32,1,-1,-1,-1
23,3,134,1042,64,32,1,-1,-1,-1
23,4,407,1039,61,30,1,-1,-1,-1
23,5,1399,1013,92,44,1,-1,-1,-1
23,6,487,1037,71,34,1,-1,-1,-1
23,7,1135,1021,72,40,1,-1,-1,-1
23,8,2440,993,112,52,1,-1,-1,-1
23,9,1914,1009,96,44,1,-1,-1,-1
23,10,1061,1026,68,40,1,-1,-1,-1
23,11,2292,997,104,44,1,-1,-1,-1
23,12,2067,1000,113,46,1,-1,-1,-1
23,13,2231,1003,63,42,1,-1,-1,-1
23,14,1703,1009,76,40,1,-1,-1,-1
23,15,245,1042,60,32,1,-1,-1,-1
23,16,2117,1007,65,42,1,-1,-1,-1
23,17,1798,1005,56,44,1,-1,-1,-1
23,18,1092,1027,40,40,1,-1,-1,-1
23,19,1560,1013,52,40,1,-1,-1,-1
23,20,2067,1004,60,40,1,-1,-1,-1
23,21,408,1036,64,28,1,-1,-1,-1
23,22,2439,991,112,44,1,-1,-1,-1
23,23,1863,1005,36,48,1,-1,-1,-1
23,24,2145,1004,36,40,1,-1,-1,-1
24,0,253,1044,57,27,1,-1,-1,-1
24,1,1809,1004,92,52,1,-1,-1,-1
24,2,989,1032,56,32,1,-1,-1,-1
24,3,138,1040,64,32,1,-1,-1,-1
24,4,411,1039,61,30,1,-1,-1,-1
24,5,1401,1013,92,44,1,-1,-1,-1
24,6,492,1036,71,34,1,-1,-1,-1
24,7,1139,1020,72,40,1,-1,-1,-1
24,8,2442,992,112,52,1,-1,-1,-1
24,9,1916,1009,96,44,1,-1,-1,-1
24,10,1064,1025,68,40,1,-1,-1,-1
24,11,2293,996,104,44,1,-1,-1,-1
24,12,2068,999,113,46,1,-1,-1,-1
24,13,2233,1002,63,42,1,-1,-1,-1
24,14,1706,1009,76,40,1,-1,-1,-1
24,15,248,1041,63,34,1,-1,-1,-1
24,16,2118,1005,65,42,1,-1,-1,-1
24,17,1801,1004,56,44,1,-1,-1,-1
24,18,1095,1026,40,40,1,-1,-1,-1
24,19,1562,1012,52,40,1,-1,-1,-1
24,20,2069,1004,60,40,1,-1,-1,-1
24,21,412,1036,64,28,1,-1,-1,-1
24,22,2441,991,112,44,1,-1,-1,-1
24,23,1865,1004,36,48,1,-1,-1,-1
24,24,2146,1002,36,40,1,-1,-1,-1
25,0,252,1040,64,32,1,-1,-1,-1
25,1,1804,1004,92,52,1,-1,-1,-1
25,2,989,1032,56,32,1,-1,-1,-1
25,3,140,1040,68,28,1,-1,-1,-1
25,4,411,1039,61,30,1,-1,-1,-1
25,5,1404,1016,84,40,1,-1,-1,-1
25,6,496,1036,68,28,1,-1,-1,-1
25,7,1144,1020,72,36,1,-1,-1,-1
25,8,2442,992,112,52,1,-1,-1,-1
25,9,1916,1009,96,44,1,-1,-1,-1
25,10,1064,1025,68,40,1,-1,-1,-1
25,11,2312,996,88,48,1,-1,-1,-1
25,12,2072,996,116,44,1,-1,-1,-1
25,13,2236,1000,64,40,1,-1,-1,-1
25,14,1706,1009,76,40,1,-1,-1,-1
25,15,248,1041,63,34,1,-1,-1,-1
25,16,2118,1005,65,42,1,-1,-1,-1
25,17,1801,1004,56,44,1,-1,-1,-1
25,18,1095,1026,40,40,1,-1,-1,-1
25,19,1560,1012,48,40,1,-1,-1,-1
25,20,2069,1004,60,40,1,-1,-1,-1
25,21,416,1036,64,32,1,-1,-1,-1
25,22,2444,988,104,48,1,-1,-1,-1
25,23,1865,1004,36,48,1,-1,-1,-1
25,24,2146,1002,36,40,1,-1,-1,-1
25,25,988,1028,60,32,1,-1,-1,-1
25,26,1920,1004,100,48,1,-1,-1,-1
25,27,1068,1020,76,40,1,-1,-1,-1
26,0,258,1040,64,32,1,-1,-1,-1
26,1,1807,1003,92,52,1,-1,-1,-1
26,2,997,1031,56,32,1,-1,-1,-1
26,3,146,1040,68,28,1,-1,-1,-1
26,4,420,1038,61,30,1,-1,-1,-1
26,5,1412,1016,84,40,1,-1,-1,-1
26,6,502,1036,68,28,1,-1,-1,-1
26,7,1149,1019,72,36,1,-1,-1,-1
26,8,2451,991,109,52,1,-1,-1,-1
26,9,1923,1008,96,44,1,-1,-1,-1
26,10,1071,1024,68,40,1,-1,-1,-1
26,11,2317,995,88,48,1,-1,-1,-1
26,12,2075,996,116,44,1,-1,-1,-1
26,13,2241,1000,64,40,1,-1,-1,-1
26,14,1714,1008,76,40,1,-1,-1,-1
26,15,253,1039,66,35,1,-1,-1,-1
26,16,2123,1005,65,42,1,-1,-1,-1
26,17,1808,1002,56,44,1,-1,-1,-1
26,18,1102,1024,38,38,1,-1,-1,-1
26,19,1565,1012,48,40,1,-1,-1,-1
26,20,2075,1003,60,40,1,-1,-1,-1
26,21,422,1036,64,32,1,-1,-1,-1
26,22,2448,988,104,48,1,-1,-1,-1
26,23,1870,1003,36,48,1,-1,-1,-1
26,24,2151,1001,36,40,1,-1,-1,-1
26,25,994,1028,60,32,1,-1,-1,-1
26,26,1928,1005,100,48,1,-1,-1,-1
26,27,1073,1020,76,40,1,-1,-1,-1
27,0,260,1039,64,32,1,-1,-1,-1
27,1,1809,1003,92,52,1,-1,-1,-1
27,2,999,1030,56,32,1,-1,-1,-1
27,3,148,1039,68,28,1,-1,-1,-1
27,4,422,1037,61,30,1,-1,-1,-1
27,5,1412,1016,84,40,1,-1,-1,-1
27,6,504,1036,68,28,1,-1,-1,-1
27,7,1151,1019,72,36,1,-1,-1,-1
27,8,2451,991,109,52,1,-1,-1,-1
27,9,1924,1007,96,44,1,-1,-1,-1
27,10,1074,1024,65,38,1,-1,-1,-1
27,11,2318,995,88,48,1,-1,-1,-1
27,12,2077,996,116,44,1,-1,-1,-1
27,13,2243,1000,64,40,1,-1,-1,-1
27,14,1715,1007,76,40,1,-1,-1,-1
27,15,255,1038,66,35,1,-1,-1,-1
27,16,2124,1004,65,42,1,-1,-1,-1
27,17,1810,1002,56,44,1,-1,-1,-1
27,18,1105,1024,38,38,1,-1,-1,-1
27,19,1567,1012,48,40,1,-1,-1,-1
27,20,2076,1002,60,40,1,-1,-1,-1
27,21,424,1036,64,32,1,-1,-1,-1
27,22,2450,987,104,48,1,-1,-1,-1
27,23,1872,1001,36,48,1,-1,-1,-1
27,24,2153,1001,38,42,1,-1,-1,-1
27,25,996,1028,60,32,1,-1,-1,-1
27,26,1927,1004,100,48,1,-1,-1,-1
27,27,1075,1020,76,40,1,-1,-1,-1
28,0,264,1038,64,32,1,-1,-1,-1
28,1,1811,1003,92,52,1,-1,-1,-1
28,2,1001,1029,59,34,1,-1,-1,-1
28,3,152,1039,68,28,1,-1,-1,-1
28,4,424,1037,61,30,1,-1,-1,-1
28,5,1413,1015,84,40,1,-1,-1,-1
28,6,507,1036,65,27,1,-1,-1,-1
28,7,1154,1019,72,36,1,-1,-1,-1
28,8,2452,991,108,52,1,-1,-1,-1
28,9,1922,1005,101,46,1,-1,-1,-1
28,10,1076,1023,65,38,1,-1,-1,-1
28,11,2319,995,88,48,1,-1,-1,-1
28,12,2079,997,116,44,1,-1,-1,-1
28,13,2245,1000,64,40,1,-1,-1,-1
28,14,1718,1007,76,40,1,-1,-1,-1
28,15,256,1037,66,35,1,-1,-1,-1
28,16,2125,1004,65,42,1,-1,-1,-1
28,17,1813,1001,56,44,1,-1,-1,-1
28,18,1108,1024,40,40,1,-1,-1,-1
28,19,1569,1012,48,40,1,-1,-1,-1
28,20,2078,1002,60,40,1,-1,-1,-1
28,21,427,1035,67,34,1,-1,-1,-1
28,22,2455,988,99,46,1,-1,-1,-1
28,23,1874,1001,36,48,1,-1,-1,-1
28,24,2154,1001,38,42,1,-1,-1,-1
28,25,998,1027,60,32,1,-1,-1,-1
28,26,1928,1004,100,48,1,-1,-1,-1
28,27,1077,1020,76,40,1,-1,-1,-1
29,0,265,1038,64,32,1,-1,-1,-1
29,1,1813,1003,92,52,1,-1,-1,-1
29,2,1002,1029,59,34,1,-1,-1,-1
29,3,154,1039,68,28,1,-1,-1,-1
29,4,427,1037,61,30,1,-1,-1,-1
29,5,1414,1015,84,40,1,-1,-1,-1
29,6,509,1036,65,27,1,-1,-1,-1
29,7,1156,1019,72,36,1,-1,-1,-1
29,8,2454,990,106,52,1,-1,-1,-1
29,9,1924,1004,101,46,1,-1,-1,-1
29,10,1078,1022,65,38,1,-1,-1,-1
29,11,2319,994,88,48,1,-1,-1,-1
29,12,2080,998,116,44,1,-1,-1,-1
29,13,2247,999,64,40,1,-1,-1,-1
29,14,1719,1007,76,40,1,-1,-1,-1
29,15,258,1036,66,35,1,-1,-1,-1
29,16,2127,1003,65,42,1,-1,-1,-1
29,17,1815,1001,56,44,1,-1,-1,-1
29,18,1110,1024,40,40,1,-1,-1,-1
29,19,1570,1012,48,40,1,-1,-1,-1
29,20,2079,1003,60,40,1,-1,-1,-1
29,21,428,1034,67,34,1,-1,-1,-1
29,22,2456,988,99,46,1,-1,-1,-1
29,23,1876,1001,36,48,1,-1,-1,-1
29,24,2155,1001,38,42,1,-1,-1,-1
29,25,999,1027,60,32,1,-1,-1,-1
29,26,1929,1003,100,48,1,-1,-1,-1
29,27,1080,1019,76,40,1,-1,-1,-1
30,0,271,1038,64,32,1,-1,-1,-1
30,1,1818,1003,92,52,1,-1,-1,-1
30,2,1007,1029,59,34,1,-1,-1,-1
30,3,158,1038,71,29,1,-1,-1,-1
30,4,433,1036,61,30,1,-1,-1,-1
30,5,1419,1014,84,40,1,-1,-1,-1
30,6,513,1034,68,28,1,-1,-1,-1
30,7,1162,1018,72,36,1,-1,-1,-1
30,8,2456,988,104,55,1,-1,-1,-1
30,9,1927,1004,101,46,1,-1,-1,-1
30,10,1083,1022,65,38,1,-1,-1,-1
30,11,2322,993,88,48,1,-1,-1,-1
30,12,2081,996,116,44,1,-1,-1,-1
30,13,2251,998,64,40,1,-1,-1,-1
30,14,1723,1005,76,40,1,-1,-1,-1
30,15,265,1036,66,35,1,-1,-1,-1
30,16,2130,1002,65,42,1,-1,-1,-1
30,17,1819,1001,56,44,1,-1,-1,-1
30,18,1115,1023,40,40,1,-1,-1,-1
30,19,1573,1011,48,40,1,-1,-1,-1
30,20,2081,1002,60,40,1,-1,-1,-1
30,21,434,1033,67,34,1,-1,-1,-1
30,22,2459,988,99,46,1,-1,-1,-1
30,23,1879,1001,36,48,1,-1,-1,-1
30,24,2159,1000,38,42,1,-1,-1,-1
30,25,1005,1027,60,32,1,-1,-1,-1
30,26,1935,1004,95,46,1,-1,-1,-1
30,27,1084,1018,80,42,1,-1,-1,-1
31,0,274,1037,64,32,1,-1,-1,-1
31,1,1819,1002,92,52,1,-1,-1,-1
31,2,1007,1027,62,35,1,-1,-1,-1
31,3,160,1037,71,29,1,-1,-1,-1
31,4,435,1035,61,30,1,-1,-1,-1
31,5,1421,1013,84,40,1,-1,-1,-1
31,6,514,1033,68,28,1,-1,-1,-1
31,7,1164,1017,72,36,1,-1,-1,-1
31,8,2458,988,102,55,1,-1,-1,-1
31,9,1930,1004,101,46,1,-1,-1,-1
31,10,1084,1021,65,38,1,-1,-1,-1
31,11,2324,993,88,48,1,-1,-1,-1
31,12,2083,995,116,44,1,-1,-1,-1
31,13,2252,998,64,40,1,-1,-1,-1
31,14,1725,1005,76,40,1,-1,-1,-1
31,15,267,1035,66,35,1,-1,-1,-1
31,16,2131,1001,65,42,1,-1,-1,-1
31,17,1820,1001,56,44,1,-1,-1,-1
31,18,1117,1022,40,40,1,-1,-1,-1
31,19,1575,1010,48,40,1,-1,-1,-1
31,20,2082,1001,60,40,1,-1,-1,-1
31,21,436,1033,67,34,1,-1,-1,-1
31,22,2464,988,94,44,1,-1,-1,-1
31,23,1881,1001,36,48,1,-1,-1,-1
31,24,2162,999,38,42,1,-1,-1,-1
31,25,1006,1026,60,32,1,-1,-1,-1
31,26,1938,1004,95,46,1,-1,-1,-1
31,27,1085,1017,80,42,1,-1,-1,-1
32,0,277,1038,61,30,1,-1,-1,-1
32,1,1820,1002,92,52,1,-1,-1,-1
32,2,1010,1027,62,35,1,-1,-1,-1
32,3,163,1036,71,29,1,-1,-1,-1
32,4,437,1035,61,30,1,-1,-1,-1
32,5,1423,1012,84,40,1,-1,-1,-1
32,6,517,1033,68,28,1,-1,-1,-1
32,7,1166,1017,72,36,1,-1,-1,-1
32,8,2461,989,99,52,1,-1,-1,-1
32,9,1932,1004,101,46,1,-1,-1,-1
32,10,1087,1020,65,38,1,-1,-1,-1
32,11,2327,993,88,48,1,-1,-1,-1
32,12,2084,995,116,44,1,-1,-1,-1
32,13,2255,998,61,38,1,-1,-1,-1
32,14,1727,1005,76,40,1,-1,-1,-1
32,15,270,1035,66,35,1,-1,-1,-1
32,16,2133,1001,65,42,1,-1,-1,-1
32,17,1822,1000,56,44,1,-1,-1,-1
32,18,1119,1022,40,40,1,-1,-1,-1
32,19,1575,1009,48,40,1,-1,-1,-1
32,20,2084,1000,60,40,1,-1,-1,-1
32,21,439,1032,64,32,1,-1,-1,-1
32,22,2465,988,94,44,1,-1,-1,-1
32,23,1884,1000,36,48,1,-1,-1,-1
32,24,2164,999,36,40,1,-1,-1,-1
32,25,1008,1025,60,32,1,-1,-1,-1
32,26,1939,1003,95,46,1,-1,-1,-1
32,27,1088,1016,80,42,1,-1,-1,-1
33,0,272,1036,68,32,1,-1,-1,-1
33,1,1820,1002,92,52,1,-1,-1,-1
33,2,1012,1028,56,32,1,-1,-1,-1
33,3,168,1036,64,32,1,-1,-1,-1
33,4,437,1035,61,30,1,-1,-1,-1
33,5,1424,1012,88,40,1,-1,-1,-1
33,6,520,1032,68,28,1,-1,-1,-1
33,7,1172,1016,72,40,1,-1,-1,-1
33,8,2461,989,99,52,1,-1,-1,-1
33,9,1932,1004,101,46,1,-1,-1,-1
33,10,1087,1020,65,38,1,-1,-1,-1
33,11,2336,992,76,40,1,-1,-1,-1
33,12,2088,992,120,48,1,-1,-1,-1
33,13,2256,996,56,40,1,-1,-1,-1
33,14,1727,1005,76,40,1,-1,-1,-1
33,15,270,1035,66,35,1,-1,-1,-1
33,16,2133,1001,65,42,1,-1,-1,-1
33,17,1822,1000,56,44,1,-1,-1,-1
33,18,1119,1022,40,40,1,-1,-1,-1
33,19,1575,1009,48,40,1,-1,-1,-1
33,20,2084,1000,60,40,1,-1,-1,-1
33,21,440,1032,60,28,1,-1,-1,-1
33,22,2464,988,96,44,1,-1,-1,-1
33,23,1884,1000,36,48,1,-1,-1,-1
33,24,2164,999,36,40,1,-1,-1,-1
33,25,1008,1025,60,32,1,-1,-1,-1
33,26,1948,1004,88,44,1,-1,-1,-1
33,27,1088,1016,80,42,1,-1,-1,-1
33,28,1820,1000,96,48,1,-1,-1,-1
33,29,1736,1008,76,44,1,-1,-1,-1
33,30,1580,1008,60,40,1,-1,-1,-1
34,0,278,1036,68,32,1,-1,-1,-1
34,1,1827,1001,92,52,1,-1,-1,-1
34,2,1017,1028,56,32,1,-1,-1,-1
34,3,174,1036,64,32,1,-1,-1,-1
34,4,447,1033,61,30,1,-1,-1,-1
34,5,1430,1011,88,40,1,-1,-1,-1
34,6,526,1032,68,28,1,-1,-1,-1
34,7,1178,1015,72,40,1,-1,-1,-1
34,8,2470,987,90,52,1,-1,-1,-1
34,9,1942,1004,101,46,1,-1,-1,-1
34,10,1094,1020,65,38,1,-1,-1,-1
34,11,2340,992,76,40,1,-1,-1,-1
34,12,2091,992,120,48,1,-1,-1,-1
34,13,2261,995,56,40,1,-1,-1,-1
34,14,1735,1003,76,40,1,-1,-1,-1
34,15,278,1034,66,35,1,-1,-1,-1
34,16,2139,1000,65,42,1,-1,-1,-1
34,17,1828,999,56,44,1,-1,-1,-1
34,18,1127,1020,40,40,1,-1,-1,-1
34,19,1581,1005,48,40,1,-1,-1,-1
34,20,2090,999,60,40,1,-1,-1,-1
34,21,446,1031,60,28,1,-1,-1,-1
34,22,2470,987,90,44,1,-1,-1,-1
34,23,1890,999,36,48,1,-1,-1,-1
34,24,2168,998,36,40,1,-1,-1,-1
34,25,1016,1025,60,32,1,-1,-1,-1
34,26,1953,1003,88,44,1,-1,-1,-1
34,27,1096,1016,80,42,1,-1,-1,-1
34,28,1825,1000,96,48,1,-1,-1,-1
34,29,1741,1007,76,44,1,-1,-1,-1
34,30,1585,1007,60,40,1,-1,-1,-1
35,0,280,1036,68,32,1,-1,-1,-1
35,1,1830,1000,92,52,1,-1,-1,-1
35,2,1020,1028,56,32,1,-1,-1,-1
35,3,179,1036,64,32,1,-1,-1,-1
35,4,450,1032,61,30,1,-1,-1,-1
35,5,1432,1011,88,40,1,-1,-1,-1
35,6,529,1032,65,27,1,-1,-1,-1
35,7,1181,1015,72,40,1,-1,-1,-1
35,8,2471,986,89,52,1,-1,-1,-1
35,9,1942,1003,101,46,1,-1,-1,-1
35,10,1099,1019,65,38,1,-1,-1,-1
35,11,2342,991,76,40,1,-1,-1,-1
35,12,2094,991,120,48,1,-1,-1,-1
35,13,2264,995,56,40,1,-1,-1,-1
35,14,1736,1003,76,40,1,-1,-1,-1
35,15,280,1034,66,35,1,-1,-1,-1
35,16,2141,999,65,42,1,-1,-1,-1
35,17,1831,998,56,44,1,-1,-1,-1
35,18,1130,1020,40,40,1,-1,-1,-1
35,19,1584,1006,48,40,1,-1,-1,-1
35,20,2091,999,60,40,1,-1,-1,-1
35,21,450,1031,60,28,1,-1,-1,-1
35,22,2473,988,87,42,1,-1,-1,-1
35,23,1893,998,36,48,1,-1,-1,-1
35,24,2170,997,36,40,1,-1,-1,-1
35,25,1018,1024,60,32,1,-1,-1,-1
35,26,1956,1003,88,44,1,-1,-1,-1
35,27,1098,1015,80,42,1,-1,-1,-1
35,28,1827,999,96,48,1,-1,-1,-1
35,29,1743,1007,76,44,1,-1,-1,-1
35,30,1588,1007,60,40,1,-1,-1,-1
36,0,286,1035,68,32,1,-1,-1,-1
36,1,1831,999,92,52,1,-1,-1,-1
36,2,1024,1027,56,32,1,-1,-1,-1
36,3,183,1035,64,32,1,-1,-1,-1
36,4,454,1031,61,30,1,-1,-1,-1
36,5,1436,1012,84,38,1,-1,-1,-1
36,6,534,1031,68,28,1,-1,-1,-1
36,7,1183,1015,72,40,1,-1,-1,-1
36,8,2474,985,86,52,1,-1,-1,-1
36,9,1944,1002,101,46,1,-1,-1,-1
36,10,1102,1019,65,38,1,-1,-1,-1
36,11,2345,990,76,40,1,-1,-1,-1
36,12,2096,991,120,48,1,-1,-1,-1
36,13,2266,994,56,40,1,-1,-1,-1
36,14,1739,1002,76,40,1,-1,-1,-1
36,15,285,1033,66,35,1,-1,-1,-1
36,16,2143,998,65,42,1,-1,-1,-1
36,17,1834,997,56,44,1,-1,-1,-1
36,18,1134,1020,40,40,1,-1,-1,-1
36,19,1587,1006,46,38,1,-1,-1,-1
36,20,2093,998,60,40,1,-1,-1,-1
36,21,454,1030,60,28,1,-1,-1,-1
36,22,2475,987,85,42,1,-1,-1,-1
36,23,1895,997,36,48,1,-1,-1,-1
36,24,2172,997,36,40,1,-1,-1,-1
36,25,1022,1024,60,32,1,-1,-1,-1
36,26,1958,1002,88,44,1,-1,-1,-1
36,27,1102,1015,80,42,1,-1,-1,-1
36,28,1829,999,96,48,1,-1,-1,-1
36,29,1746,1007,76,44,1,-1,-1,-1
36,30,1590,1006,60,40,1,-1,-1,-1
37,0,287,1035,68,32,1,-1,-1,-1
37,1,1834,999,92,52,1,-1,-1,-1
37,2,1025,1027,56,32,1,-1,-1,-1
37,3,186,1036,61,30,1,-1,-1,-1
37,4,455,1031,61,30,1,-1,-1,-1
37,5,1439,1012,84,38,1,-1,-1,-1
37,6,536,1032,65,27,1,-1,-1,-1
37,7,1187,1015,72,40,1,-1,-1,-1
37,8,2476,984,84,52,1,-1,-1,-1
37,9,1945,1001,101,46,1,-1,-1,-1
37,10,1104,1019,65,38,1,-1,-1,-1
37,11,2346,989,76,40,1,-1,-1,-1
37,12,2099,990,120,48,1,-1,-1,-1
37,13,2270,994,56,40,1,-1,-1,-1
37,14,1743,1002,76,40,1,-1,-1,-1
37,15,286,1033,66,35,1,-1,-1,-1
37,16,2145,998,65,42,1,-1,-1,-1
37,17,1836,997,56,44,1,-1,-1,-1
37,18,1136,1019,40,40,1,-1,-1,-1
37,19,1590,1006,46,38,1,-1,-1,-1
37,20,2095,998,60,40,1,-1,-1,-1
37,21,455,1030,60,28,1,-1,-1,-1
37,22,2477,987,83,42,1,-1,-1,-1
37,23,1896,997,36,48,1,-1,-1,-1
37,24,2175,997,36,40,1,-1,-1,-1
37,25,1025,1023,60,32,1,-1,-1,-1
37,26,1959,1002,88,44,1,-1,-1,-1
37,27,1105,1015,76,40,1,-1,-1,-1
37,28,1832,999,96,48,1,-1,-1,-1
37,29,1749,1007,76,44,1,-1,-1,-1
37,30,1592,1006,60,40,1,-1,-1,-1
38,0,294,1034,68,32,1,-1,-1,-1
38,1,1840,998,92,52,1,-1,-1,-1
38,2,1031,1026,56,32,1,-1,-1,-1
38,3,192,1035,61,30,1,-1,-1,-1
38,4,462,1030,61,30,1,-1,-1,-1
38,5,1444,1011,84,38,1,-1,-1,-1
38,6,542,1031,65,27,1,-1,-1,-1
38,7,1191,1014,76,42,1,-1,-1,-1
38,8,2482,982,78,55,1,-1,-1,-1
38,9,1950,999,101,46,1,-1,-1,-1
38,10,1109,1018,65,38,1,-1,-1,-1
38,11,2349,988,76,40,1,-1,-1,-1
38,12,2102,990,120,48,1,-1,-1,-1
38,13,2274,993,56,40,1,-1,-1,-1
38,14,1748,1002,72,38,1,-1,-1,-1
38,15,293,1031,66,35,1,-1,-1,-1
38,16,2147,997,65,42,1,-1,-1,-1
38,17,1840,996,56,44,1,-1,-1,-1
38,18,1140,1018,40,40,1,-1,-1,-1
38,19,1594,1005,46,38,1,-1,-1,-1
38,20,2100,997,60,40,1,-1,-1,-1
38,21,462,1030,60,28,1,-1,-1,-1
38,22,2483,985,77,44,1,-1,-1,-1
38,23,1899,996,36,48,1,-1,-1,-1
38,24,2178,995,36,40,1,-1,-1,-1
38,25,1030,1023,60,32,1,-1,-1,-1
38,26,1963,1000,88,44,1,-1,-1,-1
38,27,1111,1015,76,40,1,-1,-1,-1
38,28,1838,998,96,48,1,-1,-1,-1
38,29,1753,1006,76,44,1,-1,-1,-1
38,30,1596,1006,60,40,1,-1,-1,-1
39,0,297,1034,65,30,1,-1,-1,-1
39,1,1842,998,92,52,1,-1,-1,-1
39,2,1033,1026,56,32,1,-1,-1,-1
39,3,195,1034,61,30,1,-1,-1,-1
39,4,464,1030,61,30,1,-1,-1,-1
39,5,1446,1010,84,38,1,-1,-1,-1
39,6,543,1031,65,27,1,-1,-1,-1
39,7,1193,1013,76,42,1,-1,-1,-1
39,8,2485,983,75,52,1,-1,-1,-1
39,9,1952,998,101,46,1,-1,-1,-1
39,10,1111,1018,65,38,1,-1,-1,-1
39,11,2349,988,76,40,1,-1,-1,-1
39,12,2104,990,120,48,1,-1,-1,-1
39,13,2275,992,56,40,1,-1,-1,-1
39,14,1750,1001,72,38,1,-1,-1,-1
39,15,295,1031,66,35,1,-1,-1,-1
39,16,2149,996,65,42,1,-1,-1,-1
39,17,1842,996,56,44,1,-1,-1,-1
39,18,1142,1017,40,40,1,-1,-1,-1
39,19,1596,1005,46,38,1,-1,-1,-1
39,20,2102,996,60,40,1,-1,-1,-1
39,21,465,1029,60,28,1,-1,-1,-1
39,22,2484,985,76,44,1,-1,-1,-1
39,23,1900,994,38,50,1,-1,-1,-1
39,24,2180,995,36,40,1,-1,-1,-1
39,25,1031,1022,60,32,1,-1,-1,-1
39,26,1965,999,88,44,1,-1,-1,-1
39,27,1112,1014,76,40,1,-1,-1,-1
39,28,1840,997,96,48,1,-1,-1,-1
39,29,1755,1005,76,44,1,-1,-1,-1
39,30,1598,1005,60,40,1,-1,-1,-1
40,0,301,1033,65,30,1,-1,-1,-1
40,1,1845,998,88,50,1,-1,-1,-1
40,2,1035,1025,56,32,1,-1,-1,-1
40,3,197,1033,61,30,1,-1,-1,-1
40,4,467,1029,61,30,1,-1,-1,-1
40,5,1448,1010,84,38,1,-1,-1,-1
40,6,545,1030,65,27,1,-1,-1,-1
40,7,1197,1012,76,42,1,-1,-1,-1
40,8,2489,984,71,50,1,-1,-1,-1
40,9,1954,998,101,46,1,-1,-1,-1
40,10,1114,1018,65,38,1,-1,-1,-1
40,11,2352,988,72,38,1,-1,-1,-1
40,12,2106,989,120,48,1,-1,-1,-1
40,13,2277,991,56,40,1,-1,-1,-1
40,14,1752,1001,72,38,1,-1,-1,-1
40,15,299,1030,66,35,1,-1,-1,-1
40,16,2150,996,65,42,1,-1,-1,-1
40,17,1844,995,56,44,1,-1,-1,-1
40,18,1145,1016,40,40,1,-1,-1,-1
40,19,1597,1005,46,38,1,-1,-1,-1
40,20,2104,996,60,40,1,-1,-1,-1
40,21,467,1028,60,28,1,-1,-1,-1
40,22,2487,985,73,42,1,-1,-1,-1
40,23,1904,994,36,48,1,-1,-1,-1
40,24,2181,995,36,40,1,-1,-1,-1
40,25,1033,1022,60,32,1,-1,-1,-1
40,26,1967,999,88,44,1,-1,-1,-1
40,27,1115,1014,76,40,1,-1,-1,-1
40,28,1841,997,96,48,1,-1,-1,-1
40,29,1758,1004,76,44,1,-1,-1,-1
40,30,1600,1005,60,40,1,-1,-1,-1
41,0,304,1032,68,32,1,-1,-1,-1
41,1,1845,998,88,50,1,-1,-1,-1
41,2,1036,1024,56,32,1,-1,-1,-1
41,3,196,1036,64,28,1,-1,-1,-1
41,4,467,1029,61,30,1,-1,-1,-1
41,5,1448,1010,84,38,1,-1,-1,-1
41,6,544,1028,68,32,1,-1,-1,-1
41,7,1196,1012,68,40,1,-1,-1,-1
41,8,2489,984,71,50,1,-1,-1,-1
41,9,1956,996,104,48,1,-1,-1,-1
41,10,1114,1018,65,38,1,-1,-1,-1
41,11,2364,988,64,44,1,-1,-1,-1
41,12,2108,988,116,48,1,-1,-1,-1
41,13,2277,991,56,40,1,-1,-1,-1
41,14,1748,1000,88,44,1,-1,-1,-1
41,15,299,1030,66,35,1,-1,-1,-1
41,16,2150,996,65,42,1,-1,-1,-1
41,17,1844,995,56,44,1,-1,-1,-1
41,18,1145,1016,40,40,1,-1,-1,-1
41,19,1600,1004,44,36,1,-1,-1,-1
41,20,2104,996,60,40,1,-1,-1,-1
41,21,468,1028,60,28,1,-1,-1,-1
41,22,2488,980,72,48,1,-1,-1,-1
41,23,1904,994,36,48,1,-1,-1,-1
41,24,2181,995,36,40,1,-1,-1,-1
41,25,1033,1022,60,32,1,-1,-1,-1
41,26,1967,999,88,44,1,-1,-1,-1
41,27,1115,1014,76,40,1,-1,-1,-1
41,28,1841,997,96,48,1,-1,-1,-1
41,29,1758,1004,76,44,1,-1,-1,-1
41,30,1600,1005,60,40,1,-1,-1,-1
41,31,1844,992,96,48,1,-1,-1,-1
41,32,1456,1004,84,44,1,-1,-1,-1
41,33,1120,1016,76,40,1,-1,-1,-1
41,34,1612,1004,64,36,1,-1,-1,-1
42,0,310,1031,68,32,1,-1,-1,-1
42,1,1852,996,88,50,1,-1,-1,-1
42,2,1041,1023,56,32,1,-1,-1,-1
42,3,203,1036,61,27,1,-1,-1,-1
42,4,474,1027,61,30,1,-1,-1,-1
42,5,1456,1009,84,38,1,-1,-1,-1
42,6,549,1027,68,32,1,-1,-1,-1
42,7,1202,1011,68,40,1,-1,-1,-1
42,8,2498,984,62,50,1,-1,-1,-1
42,9,1959,996,104,48,1,-1,-1,-1
42,10,1121,1016,65,38,1,-1,-1,-1
42,11,2367,988,64,44,1,-1,-1,-1
42,12,2111,988,116,48,1,-1,-1,-1
42,13,2283,990,56,40,1,-1,-1,-1
42,14,1752,999,88,44,1,-1,-1,-1
42,15,307,1029,66,35,1,-1,-1,-1
42,16,2155,995,68,44,1,-1,-1,-1
42,17,1851,994,56,44,1,-1,-1,-1
42,18,1153,1015,40,40,1,-1,-1,-1
42,19,1604,1003,44,36,1,-1,-1,-1
42,20,2109,995,60,40,1,-1,-1,-1
42,21,474,1027,60,28,1,-1,-1,-1
42,22,2493,980,67,48,1,-1,-1,-1
42,23,1910,993,36,48,1,-1,-1,-1
42,24,2186,995,36,40,1,-1,-1,-1
42,25,1041,1020,60,32,1,-1,-1,-1
42,26,1974,998,88,44,1,-1,-1,-1
42,27,1123,1013,76,40,1,-1,-1,-1
42,28,1848,996,96,48,1,-1,-1,-1
42,29,1764,1003,76,44,1,-1,-1,-1
42,30,1605,1004,60,40,1,-1,-1,-1
42,31,1848,991,96,48,1,-1,-1,-1
42,32,1460,1002,88,46,1,-1,-1,-1
42,33,1126,1015,76,40,1,-1,-1,-1
42,34,1616,1003,64,36,1,-1,-1,-1
43,0,311,1031,71,34,1,-1,-1,-1
43,1,1854,996,88,50,1,-1,-1,-1
43,2,1045,1023,56,32,1,-1,-1,-1
43,3,208,1036,61,27,1,-1,-1,-1
43,4,478,1027,61,30,1,-1,-1,-1
43,5,1457,1008,84,38,1,-1,-1,-1
43,6,553,1027,68,32,1,-1,-1,-1
43,7,1205,1011,68,40,1,-1,-1,-1
43,8,2498,983,62,50,1,-1,-1,-1
43,9,1962,996,104,48,1,-1,-1,-1
43,10,1124,1015,65,38,1,-1,-1,-1
43,11,2370,988,64,44,1,-1,-1,-1
43,12,2115,988,110,46,1,-1,-1,-1
43,13,2285,990,56,40,1,-1,-1,-1
43,14,1755,999,88,44,1,-1,-1,-1
43,15,313,1029,66,35,1,-1,-1,-1
43,16,2157,995,68,44,1,-1,-1,-1
43,17,1853,993,56,44,1,-1,-1,-1
43,18,1156,1015,40,40,1,-1,-1,-1
43,19,1606,1003,44,36,1,-1,-1,-1
43,20,2110,994,60,40,1,-1,-1,-1
43,21,477,1027,60,28,1,-1,-1,-1
43,22,2495,979,65,48,1,-1,-1,-1
43,23,1913,992,36,48,1,-1,-1,-1
43,24,2188,994,36,40,1,-1,-1,-1
43,25,1044,1019,60,32,1,-1,-1,-1
43,26,1976,997,88,44,1,-1,-1,-1
43,27,1125,1011,76,40,1,-1,-1,-1
43,28,1850,995,96,48,1,-1,-1,-1
43,29,1766,1002,76,44,1,-1,-1,-1
43,30,1607,1003,60,40,1,-1,-1,-1
43,31,1851,991,96,48,1,-1,-1,-1
43,32,1462,1001,88,46,1,-1,-1,-1
43,33,1128,1015,76,40,1,-1,-1,-1
43,34,1618,1002,64,36,1,-1,-1,-1
44,0,315,1031,71,34,1,-1,-1,-1
44,1,1855,995,88,50,1,-1,-1,-1
44,2,1048,1022,56,32,1,-1,-1,-1
44,3,211,1036,58,25,1,-1,-1,-1
44,4,481,1026,61,30,1,-1,-1,-1
44,5,1460,1007,84,38,1,-1,-1,-1
44,6,555,1026,68,32,1,-1,-1,-1
44,7,1209,1011,68,40,1,-1,-1,-1
44,8,2500,982,60,50,1,-1,-1,-1
44,9,1964,995,104,48,1,-1,-1,-1
44,10,1126,1015,65,38,1,-1,-1,-1
44,11,2372,988,64,44,1,-1,-1,-1
44,12,2117,987,110,46,1,-1,-1,-1
44,13,2287,989,56,40,1,-1,-1,-1
44,14,1757,999,88,44,1,-1,-1,-1
44,15,313,1029,66,35,1,-1,-1,-1
44,16,2159,994,68,44,1,-1,-1,-1
44,17,1856,993,56,44,1,-1,-1,-1
44,18,1159,1015,40,40,1,-1,-1,-1
44,19,1607,1002,44,36,1,-1,-1,-1
44,20,2111,993,60,40,1,-1,-1,-1
44,21,480,1027,60,28,1,-1,-1,-1
44,22,2497,979,63,48,1,-1,-1,-1
44,23,1914,991,38,50,1,-1,-1,-1
44,24,2191,994,36,40,1,-1,-1,-1
44,25,1046,1019,60,32,1,-1,-1,-1
44,26,1979,997,88,44,1,-1,-1,-1
44,27,1127,1011,76,40,1,-1,-1,-1
44,28,1852,994,96,48,1,-1,-1,-1
44,29,1767,1001,76,44,1,-1,-1,-1
44,30,1609,1002,60,40,1,-1,-1,-1
44,31,1853,991,96,48,1,-1,-1,-1
44,32,1466,1002,84,44,1,-1,-1,-1
44,33,1131,1015,76,40,1,-1,-1,-1
44,34,1621,1002,64,36,1,-1,-1,-1
45,0,317,1031,71,34,1,-1,-1,-1
45,1,1858,995,88,50,1,-1,-1,-1
45,2,1050,1022,56,32,1,-1,-1,-1
45,3,215,1036,58,25,1,-1,-1,-1
45,4,483,1027,61,30,1,-1,-1,-1
45,5,1462,1006,84,38,1,-1,-1,-1
45,6,559,1026,68,32,1,-1,-1,-1
45,7,1212,1011,68,40,1,-1,-1,-1
45,8,2502,983,58,47,1,-1,-1,-1
45,9,1967,995,104,48,1,-1,-1,-1
45,10,1128,1014,65,38,1,-1,-1,-1
45,11,2375,989,61,42,1,-1,-1,-1
45,12,2121,988,105,44,1,-1,-1,-1
45,13,2291,989,56,40,1,-1,-1,-1
45,14,1760,999,88,44,1,-1,-1,-1
45,15,317,1028,66,35,1,-1,-1,-1
45,16,2159,994,68,44,1,-1,-1,-1
45,17,1857,993,56,44,1,-1,-1,-1
45,18,1162,1014,40,40,1,-1,-1,-1
45,19,1609,1002,44,36,1,-1,-1,-1
45,20,2113,993,60,40,1,-1,-1,-1
45,21,483,1026,60,28,1,-1,-1,-1
45,22,2499,979,61,48,1,-1,-1,-1
45,23,1917,991,38,50,1,-1,-1,-1
45,24,2193,993,36,40,1,-1,-1,-1
45,25,1049,1019,60,32,1,-1,-1,-1
45,26,1981,997,88,44,1,-1,-1,-1
45,27,1130,1011,76,40,1,-1,-1,-1
45,28,1854,994,96,48,1,-1,-1,-1
45,29,1769,1001,76,44,1,-1,-1,-1
45,30,1610,1001,60,40,1,-1,-1,-1
45,31,1855,991,96,48,1,-1,-1,-1
45,32,1468,1002,84,44,1,-1,-1,-1
45,33,1133,1014,76,40,1,-1,-1,-1
45,34,1622,1002,64,36,1,-1,-1,-1
46,0,324,1031,71,34,1,-1,-1,-1
46,1,1862,995,88,50,1,-1,-1,-1
46,2,1055,1022,56,32,1,-1,-1,-1
46,3,219,1036,58,25,1,-1,-1,-1
46,4,489,1026,61,30,1,-1,-1,-1
46,5,1467,1005,84,38,1,-1,-1,-1
46,6,563,1026,68,32,1,-1,-1,-1
46,7,1217,1010,68,40,1,-1,-1,-1
46,8,2506,983,54,47,1,-1,-1,-1
46,9,1970,995,104,48,1,-1,-1,-1
46,10,1133,1014,68,40,1,-1,-1,-1
46,11,2378,988,61,42,1,-1,-1,-1
46,12,2123,988,105,44,1,-1,-1,-1
46,13,2295,989,56,40,1,-1,-1,-1
46,14,1764,999,88,44,1,-1,-1,-1
46,15,323,1028,66,35,1,-1,-1,-1
46,16,2164,993,68,44,1,-1,-1,-1
46,17,1860,993,56,44,1,-1,-1,-1
46,18,1166,1014,40,40,1,-1,-1,-1
46,19,1612,1001,44,36,1,-1,-1,-1
46,20,2116,993,60,40,1,-1,-1,-1
46,21,490,1026,60,28,1,-1,-1,-1
46,22,2503,979,57,48,1,-1,-1,-1
46,23,1921,992,38,50,1,-1,-1,-1
46,24,2194,993,36,40,1,-1,-1,-1
46,25,1055,1018,60,32,1,-1,-1,-1
46,26,1984,997,88,44,1,-1,-1,-1
46,27,1136,1011,76,40,1,-1,-1,-1
46,28,1858,993,96,48,1,-1,-1,-1
46,29,1776,1001,76,44,1,-1,-1,-1
46,30,1613,1001,60,40,1,-1,-1,-1
46,31,1862,991,91,46,1,-1,-1,-1
46,32,1473,1002,84,44,1,-1,-1,-1
46,33,1139,1014,76,40,1,-1,-1,-1
46,34,1626,1002,64,36,1,-1,-1,-1
47,0,325,1031,71,34,1,-1,-1,-1
47,1,1864,994,88,50,1,-1,-1,-1
47,2,1056,1022,56,32,1,-1,-1,-1
47,3,222,1036,58,25,1,-1,-1,-1
47,4,492,1025,61,30,1,-1,-1,-1
47,5,1468,1005,84,38,1,-1,-1,-1
47,6,566,1026,68,32,1,-1,-1,-1
47,7,1219,1010,68,40,1,-1,-1,-1
47,8,2508,983,52,47,1,-1,-1,-1
47,9,1972,995,104,48,1,-1,-1,-1
47,10,1136,1014,65,38,1,-1,-1,-1
47,11,2378,987,61,42,1,-1,-1,-1
47,12,2125,987,105,44,1,-1,-1,-1
47,13,2296,989,56,40,1,-1,-1,-1
47,14,1765,998,88,44,1,-1,-1,-1
47,15,325,1028,66,35,1,-1,-1,-1
47,16,2165,993,68,44,1,-1,-1,-1
47,17,1862,992,56,44,1,-1,-1,-1
47,18,1168,1014,40,40,1,-1,-1,-1
47,19,1614,1001,44,36,1,-1,-1,-1
47,20,2118,993,60,40,1,-1,-1,-1
47,21,491,1026,60,28,1,-1,-1,-1
47,22,2504,978,56,48,1,-1,-1,-1
47,23,1923,991,38,50,1,-1,-1,-1
47,24,2194,993,36,40,1,-1,-1,-1
47,25,1056,1018,60,32,1,-1,-1,-1
47,26,1986,996,88,44,1,-1,-1,-1
47,27,1138,1011,76,40,1,-1,-1,-1
47,28,1859,993,96,48,1,-1,-1,-1
47,29,1777,1001,76,44,1,-1,-1,-1
47,30,1615,1001,60,40,1,-1,-1,-1
47,31,1863,990,91,46,1,-1,-1,-1
47,32,1474,1002,84,44,1,-1,-1,-1
47,33,1140,1014,76,40,1,-1,-1,-1
47,34,1626,1001,67,38,1,-1,-1,-1
48,0,327,1031,71,34,1,-1,-1,-1
48,1,1863,993,92,52,1,-1,-1,-1
48,2,1059,1021,59,34,1,-1,-1,-1
48,3,225,1036,58,25,1,-1,-1,-1
48,4,494,1025,61,30,1,-1,-1,-1
48,5,1469,1005,84,38,1,-1,-1,-1
48,6,569,1027,65,30,1,-1,-1,-1
48,7,1221,1010,68,40,1,-1,-1,-1
48,8,2509,982,51,47,1,-1,-1,-1
48,9,1973,995,104,48,1,-1,-1,-1
48,10,1137,1014,65,38,1,-1,-1,-1
48,11,2379,987,61,42,1,-1,-1,-1
48,12,2126,987,105,44,1,-1,-1,-1
48,13,2298,989,56,40,1,-1,-1,-1
48,14,1767,997,88,44,1,-1,-1,-1
48,15,326,1029,66,35,1,-1,-1,-1
48,16,2166,993,68,44,1,-1,-1,-1
48,17,1864,991,56,44,1,-1,-1,-1
48,18,1169,1014,40,40,1,-1,-1,-1
48,19,1615,1001,44,36,1,-1,-1,-1
48,20,2119,993,60,40,1,-1,-1,-1
48,21,494,1025,60,28,1,-1,-1,-1
48,22,2507,979,53,46,1,-1,-1,-1
48,23,1924,991,38,50,1,-1,-1,-1
48,24,2194,992,36,40,1,-1,-1,-1
48,25,1058,1017,60,32,1,-1,-1,-1
48,26,1986,996,88,44,1,-1,-1,-1
48,27,1140,1011,76,40,1,-1,-1,-1
48,28,1860,993,96,48,1,-1,-1,-1
48,29,1778,1001,76,44,1,-1,-1,-1
48,30,1616,1001,60,40,1,-1,-1,-1
48,31,1864,990,91,46,1,-1,-1,-1
48,32,1476,1002,84,44,1,-1,-1,-1
48,33,1142,1013,76,40,1,-1,-1,-1
48,34,1627,1000,67,38,1,-1,-1,-1
49,0,332,1032,68,28,1,-1,-1,-1
49,1,1863,993,92,52,1,-1,-1,-1
49,2,1059,1021,59,34,1,-1,-1,-1
49,3,225,1036,58,25,1,-1,-1,-1
49,4,494,1025,61,30,1,-1,-1,-1
49,5,1469,1005,84,38,1,-1,-1,-1
49,6,569,1027,65,30,1,-1,-1,-1
49,7,1221,1010,68,40,1,-1,-1,-1
49,8,2509,982,51,47,1,-1,-1,-1
49,9,1973,995,104,48,1,-1,-1,-1
49,10,1137,1014,65,38,1,-1,-1,-1
49,11,2372,984,64,44,1,-1,-1,-1
49,12,2126,987,105,44,1,-1,-1,-1
49,13,2300,984,64,48,1,-1,-1,-1
49,14,1767,997,88,44,1,-1,-1,-1
49,15,326,1029,66,35,1,-1,-1,-1
49,16,2166,993,68,44,1,-1,-1,-1
49,17,1864,991,56,44,1,-1,-1,-1
49,18,1169,1014,40,40,1,-1,-1,-1
49,19,1612,1000,56,40,1,-1,-1,-1
49,20,2119,993,60,40,1,-1,-1,-1
49,21,494,1025,60,28,1,-1,-1,-1
49,22,2504,976,52,52,1,-1,-1,-1
49,23,1924,991,38,50,1,-1,-1,-1
49,24,2194,992,36,40,1,-1,-1,-1
49,25,1060,1016,64,32,1,-1,-1,-1
49,26,1986,996,88,44,1,-1,-1,-1
49,27,1140,1011,76,40,1,-1,-1,-1
49,28,1860,993,96,48,1,-1,-1,-1
49,29,1784,1000,68,40,1,-1,-1,-1
49,30,1616,1001,60,40,1,-1,-1,-1
49,31,1864,992,96,44,1,-1,-1,-1
49,32,1476,1004,92,44,1,-1,-1,-1
49,33,1142,1013,76,40,1,-1,-1,-1
49,34,1627,1000,67,38,1,-1,-1,-1
49,35,1224,1008,68,36,1,-1,-1,-1
49,36,228,1028,64,32,1,-1,-1,-1
49,37,1980,992,104,44,1,-1,-1,-1
49,38,2120,988,76,48,1,-1,-1,-1
49,39,1136,1012,52,40,1,-1,-1,-1
50,0,338,1032,68,28,1,-1,-1,-1
50,1,1870,993,92,52,1,-1,-1,-1
50,2,1065,1021,59,34,1,-1,-1,-1
50,3,232,1036,61,27,1,-1,-1,-1
50,4,502,1025,61,30,1,-1,-1,-1
50,5,1477,1005,84,38,1,-1,-1,-1
50,6,575,1026,68,32,1,-1,-1,-1
50,7,1228,1010,68,40,1,-1,-1,-1
50,8,2518,982,42,47,1,-1,-1,-1
50,9,1978,994,104,48,1,-1,-1,-1
50,10,1146,1014,65,38,1,-1,-1,-1
50,11,2376,984,64,44,1,-1,-1,-1
50,12,2131,988,100,41,1,-1,-1,-1
50,13,2305,984,64,48,1,-1,-1,-1
50,14,1775,997,88,44,1,-1,-1,-1
50,15,334,1029,66,35,1,-1,-1,-1
50,16,2169,992,68,44,1,-1,-1,-1
50,17,1870,991,56,44,1,-1,-1,-1
50,18,1176,1013,40,40,1,-1,-1,-1
50,19,1617,1000,56,40,1,-1,-1,-1
50,20,2124,993,60,40,1,-1,-1,-1
50,21,502,1025,60,28,1,-1,-1,-1
50,22,2509,976,51,52,1,-1,-1,-1
50,23,1928,990,38,50,1,-1,-1,-1
50,24,2195,991,36,40,1,-1,-1,-1
50,25,1065,1016,64,32,1,-1,-1,-1
50,26,1993,995,88,44,1,-1,-1,-1
50,27,1146,1010,80,42,1,-1,-1,-1
50,28,1867,993,96,48,1,-1,-1,-1
50,29,1789,999,68,40,1,-1,-1,-1
50,30,1622,1001,60,40,1,-1,-1,-1
50,31,1868,991,96,44,1,-1,-1,-1
50,32,1482,1004,92,44,1,-1,-1,-1
50,33,1150,1013,76,40,1,-1,-1,-1
50,34,1634,1000,67,38,1,-1,-1,-1
50,35,1229,1008,68,36,1,-1,-1,-1
50,36,234,1028,64,32,1,-1,-1,-1
50,37,1984,992,104,44,1,-1,-1,-1
50,38,2124,988,76,48,1,-1,-1,-1
50,39,1141,1012,52,40,1,-1,-1,-1
51,0,341,1032,68,28,1,-1,-1,-1
51,1,1871,992,92,52,1,-1,-1,-1
51,2,1066,1021,59,34,1,-1,-1,-1
51,3,234,1036,61,27,1,-1,-1,-1
51,4,506,1025,61,30,1,-1,-1,-1
51,5,1478,1005,84,38,1,-1,-1,-1
51,6,579,1026,65,30,1,-1,-1,-1
51,7,1232,1009,68,40,1,-1,-1,-1
51,9,1977,992,109,50,1,-1,-1,-1
51,10,1149,1014,65,38,1,-1,-1,-1
51,11,2378,984,64,44,1,-1,-1,-1
51,12,2133,988,100,41,1,-1,-1,-1
51,13,2307,985,64,48,1,-1,-1,-1
51,14,1775,998,88,44,1,-1,-1,-1
51,15,337,1028,66,35,1,-1,-1,-1
51,16,2170,992,68,44,1,-1,-1,-1
51,17,1871,991,56,44,1,-1,-1,-1
51,18,1178,1014,40,40,1,-1,-1,-1
51,19,1619,1001,56,40,1,-1,-1,-1
51,20,2125,992,60,40,1,-1,-1,-1
51,21,505,1025,60,28,1,-1,-1,-1
51,22,2511,976,49,52,1,-1,-1,-1
51,23,1930,989,38,50,1,-1,-1,-1
51,24,2198,991,36,40,1,-1,-1,-1
51,25,1068,1016,64,32,1,-1,-1,-1
51,26,1994,994,88,44,1,-1,-1,-1
51,27,1149,1011,76,40,1,-1,-1,-1
51,28,1869,992,96,48,1,-1,-1,-1
51,29,1790,1000,68,40,1,-1,-1,-1
51,30,1624,1001,60,40,1,-1,-1,-1
51,31,1870,992,96,44,1,-1,-1,-1
51,32,1485,1005,88,42,1,-1,-1,-1
51,33,1152,1013,76,40,1,-1,-1,-1
51,34,1635,1000,67,38,1,-1,-1,-1
51,35,1232,1008,68,36,1,-1,-1,-1
51,36,237,1028,64,32,1,-1,-1,-1
51,37,1986,991,104,44,1,-1,-1,-1
51,38,2126,988,76,48,1,-1,-1,-1
51,39,1144,1012,52,40,1,-1,-1,-1
52,0,340,1031,71,29,1,-1,-1,-1
52,1,1873,991,92,52,1,-1,-1,-1
52,2,1070,1020,59,34,1,-1,-1,-1
52,3,236,1035,61,27,1,-1,-1,-1
52,4,508,1026,61,30,1,-1,-1,-1
52,5,1479,1005,84,38,1,-1,-1,-1
52,6,582,1026,68,32,1,-1,-1,-1
52,7,1235,1010,65,38,1,-1,-1,-1
52,9,1979,991,109,50,1,-1,-1,-1
52,10,1151,1014,65,38,1,-1,-1,-1
52,11,2379,984,64,44,1,-1,-1,-1
52,12,2134,988,100,41,1,-1,-1,-1
52,13,2309,984,64,48,1,-1,-1,-1
52,14,1778,997,88,44,1,-1,-1,-1
52,15,339,1028,66,35,1,-1,-1,-1
52,16,2171,992,68,44,1,-1,-1,-1
52,17,1873,991,56,44,1,-1,-1,-1
52,18,1180,1013,40,40,1,-1,-1,-1
52,19,1621,1001,56,40,1,-1,-1,-1
52,20,2127,992,60,40,1,-1,-1,-1
52,21,507,1025,60,28,1,-1,-1,-1
52,22,2513,976,47,52,1,-1,-1,-1
52,23,1932,989,38,50,1,-1,-1,-1
52,24,2200,989,38,42,1,-1,-1,-1
52,25,1069,1016,64,32,1,-1,-1,-1
52,26,1995,994,88,44,1,-1,-1,-1
52,27,1151,1010,76,40,1,-1,-1,-1
52,28,1870,991,96,48,1,-1,-1,-1
52,29,1794,1000,68,40,1,-1,-1,-1
52,30,1625,1002,60,40,1,-1,-1,-1
52,31,1872,991,96,44,1,-1,-1,-1
52,32,1487,1005,88,42,1,-1,-1,-1
52,33,1154,1013,76,40,1,-1,-1,-1
52,34,1636,1000,67,38,1,-1,-1,-1
52,35,1235,1007,68,36,1,-1,-1,-1
52,36,239,1028,64,32,1,-1,-1,-1
52,37,1988,991,104,44,1,-1,-1,-1
52,38,2128,988,76,48,1,-1,-1,-1
52,39,1146,1012,52,40,1,-1,-1,-1
53,0,344,1031,71,29,1,-1,-1,-1
53,1,1875,992,92,52,1,-1,-1,-1
53,2,1071,1020,59,34,1,-1,-1,-1
53,3,238,1035,61,27,1,-1,-1,-1
53,4,512,1025,61,30,1,-1,-1,-1
53,5,1483,1005,84,38,1,-1,-1,-1
53,6,583,1026,68,32,1,-1,-1,-1
53,7,1238,1010,65,38,1,-1,-1,-1
53,9,1983,993,104,48,1,-1,-1,-1
53,10,1153,1014,65,38,1,-1,-1,-1
53,11,2381,985,61,42,1,-1,-1,-1
53,12,2136,988,100,41,1,-1,-1,-1
53,13,2313,984,64,48,1,-1,-1,-1
53,14,1780,997,88,44,1,-1,-1,-1
53,15,342,1028,66,35,1,-1,-1,-1
53,16,2173,991,68,44,1,-1,-1,-1
53,17,1878,992,53,42,1,-1,-1,-1
53,18,1183,1013,40,40,1,-1,-1,-1
53,19,1623,1001,56,40,1,-1,-1,-1
53,20,2128,992,60,40,1,-1,-1,-1
53,21,511,1025,60,28,1,-1,-1,-1
53,22,2516,976,44,52,1,-1,-1,-1
53,23,1934,989,38,50,1,-1,-1,-1
53,24,2201,989,38,42,1,-1,-1,-1
53,25,1073,1016,64,32,1,-1,-1,-1
53,26,1996,994,88,44,1,-1,-1,-1
53,27,1153,1010,76,40,1,-1,-1,-1
53,28,1872,991,96,48,1,-1,-1,-1
53,29,1796,999,68,40,1,-1,-1,-1
53,30,1627,1002,60,40,1,-1,-1,-1
53,31,1874,991,96,44,1,-1,-1,-1
53,32,1490,1006,88,42,1,-1,-1,-1
53,33,1158,1013,72,38,1,-1,-1,-1
53,34,1639,1000,67,38,1,-1,-1,-1
53,35,1235,1007,71,38,1,-1,-1,-1
53,36,241,1028,64,32,1,-1,-1,-1
53,37,1990,991,104,44,1,-1,-1,-1
53,38,2129,988,76,48,1,-1,-1,-1
53,39,1149,1012,52,40,1,-1,-1,-1
54,0,349,1031,71,29,1,-1,-1,-1
54,1,1878,992,92,52,1,-1,-1,-1
54,2,1075,1020,59,34,1,-1,-1,-1
54,3,244,1034,61,27,1,-1,-1,-1
54,4,516,1024,61,30,1,-1,-1,-1
54,5,1487,1006,84,38,1,-1,-1,-1
54,6,588,1025,68,32,1,-1,-1,-1
54,7,1242,1009,68,40,1,-1,-1,-1
54,9,1987,992,104,48,1,-1,-1,-1
54,10,1156,1014,65,38,1,-1,-1,-1
54,11,2384,985,61,42,1,-1,-1,-1
54,12,2138,988,100,41,1,-1,-1,-1
54,13,2319,985,64,48,1,-1,-1,-1
54,14,1783,997,88,44,1,-1,-1,-1
54,15,346,1026,69,37,1,-1,-1,-1
54,16,2175,991,68,44,1,-1,-1,-1
54,17,1882,991,53,42,1,-1,-1,-1
54,18,1187,1013,40,40,1,-1,-1,-1
54,19,1626,1000,56,40,1,-1,-1,-1
54,20,2130,991,60,40,1,-1,-1,-1
54,21,516,1025,60,28,1,-1,-1,-1
54,22,2520,977,40,52,1,-1,-1,-1
54,23,1938,988,38,50,1,-1,-1,-1
54,24,2205,989,38,42,1,-1,-1,-1
54,25,1074,1015,67,34,1,-1,-1,-1
54,26,2001,993,88,44,1,-1,-1,-1
54,27,1158,1010,76,40,1,-1,-1,-1
54,28,1875,991,96,48,1,-1,-1,-1
54,29,1800,999,68,40,1,-1,-1,-1
54,30,1631,1001,60,40,1,-1,-1,-1
54,31,1878,992,91,42,1,-1,-1,-1
54,32,1494,1006,88,42,1,-1,-1,-1
54,33,1163,1013,72,38,1,-1,-1,-1
54,34,1642,1000,67,38,1,-1,-1,-1
54,35,1241,1007,71,38,1,-1,-1,-1
54,36,246,1027,64,32,1,-1,-1,-1
54,37,1992,990,104,44,1,-1,-1,-1
54,38,2130,987,76,48,1,-1,-1,-1
54,39,1153,1012,52,40,1,-1,-1,-1
55,0,350,1030,71,29,1,-1,-1,-1
55,1,1880,991,92,52,1,-1,-1,-1
55,2,1077,1019,59,34,1,-1,-1,-1
55,3,246,1034,61,27,1,-1,-1,-1
55,4,519,1024,61,30,1,-1,-1,-1
55,5,1488,1005,84,38,1,-1,-1,-1
55,6,589,1025,68,32,1,-1,-1,-1
55,7,1243,1008,68,40,1,-1,-1,-1
55,9,1988,992,104,48,1,-1,-1,-1
55,10,1158,1013,65,38,1,-1,-1,-1
55,11,2385,985,61,42,1,-1,-1,-1
55,12,2139,987,100,41,1,-1,-1,-1
55,13,2320,985,64,48,1,-1,-1,-1
55,14,1785,996,88,44,1,-1,-1,-1
55,15,348,1026,69,37,1,-1,-1,-1
55,16,2176,993,65,42,1,-1,-1,-1
55,17,1883,991,53,42,1,-1,-1,-1
55,18,1189,1012,40,40,1,-1,-1,-1
55,19,1627,1000,56,40,1,-1,-1,-1
55,20,2131,991,60,40,1,-1,-1,-1
55,21,517,1024,60,28,1,-1,-1,-1
55,22,2523,978,37,50,1,-1,-1,-1
55,23,1939,988,38,50,1,-1,-1,-1
55,24,2206,989,38,42,1,-1,-1,-1
55,25,1076,1015,67,34,1,-1,-1,-1
55,26,2002,993,88,44,1,-1,-1,-1
55,27,1160,1010,76,40,1,-1,-1,-1
55,28,1877,991,96,48,1,-1,-1,-1
55,29,1800,999,68,40,1,-1,-1,-1
55,30,1631,1000,60,40,1,-1,-1,-1
55,31,1879,991,96,44,1,-1,-1,-1
55,32,1498,1007,83,40,1,-1,-1,-1
55,33,1164,1012,72,38,1,-1,-1,-1
55,34,1643,1000,67,38,1,-1,-1,-1
55,35,1242,1007,71,38,1,-1,-1,-1
55,36,248,1028,64,32,1,-1,-1,-1
55,37,1993,990,104,44,1,-1,-1,-1
55,38,2131,987,76,48,1,-1,-1,-1
55,39,1154,1011,52,40,1,-1,-1,-1
56,0,352,1030,71,29,1,-1,-1,-1
56,1,1881,992,92,52,1,-1,-1,-1
56,2,1077,1019,59,34,1,-1,-1,-1
56,3,247,1034,61,27,1,-1,-1,-1
56,4,520,1024,61,30,1,-1,-1,-1
56,5,1490,1005,84,38,1,-1,-1,-1
56,6,592,1026,65,30,1,-1,-1,-1
56,7,1247,1008,65,38,1,-1,-1,-1
56,9,1989,992,104,48,1,-1,-1,-1
56,10,1159,1013,65,38,1,-1,-1,-1
56,11,2388,986,58,40,1,-1,-1,-1
56,12,2139,987,100,41,1,-1,-1,-1
56,13,2320,985,64,48,1,-1,-1,-1
56,14,1786,996,88,44,1,-1,-1,-1
56,15,350,1027,66,35,1,-1,-1,-1
56,16,2176,992,65,42,1,-1,-1,-1
56,17,1885,991,53,42,1,-1,-1,-1
56,18,1190,1012,40,40,1,-1,-1,-1
56,19,1627,1000,56,40,1,-1,-1,-1
56,20,2131,991,60,40,1,-1,-1,-1
56,21,519,1024,60,28,1,-1,-1,-1
56,22,2525,978,35,50,1,-1,-1,-1
56,23,1941,988,38,50,1,-1,-1,-1
56,24,2206,989,38,42,1,-1,-1,-1
56,25,1077,1015,67,34,1,-1,-1,-1
56,26,2003,993,88,44,1,-1,-1,-1
56,27,1161,1010,76,40,1,-1,-1,-1
56,28,1878,991,96,48,1,-1,-1,-1
56,29,1802,998,68,40,1,-1,-1,-1
56,30,1631,1000,60,40,1,-1,-1,-1
56,31,1881,991,96,44,1,-1,-1,-1
56,32,1498,1007,83,40,1,-1,-1,-1
56,33,1164,1011,76,40,1,-1,-1,-1
56,34,1644,999,67,38,1,-1,-1,-1
56,35,1245,1006,71,38,1,-1,-1,-1
56,36,250,1027,64,32,1,-1,-1,-1
56,37,1994,990,104,44,1,-1,-1,-1
56,38,2131,987,76,48,1,-1,-1,-1
56,39,1156,1011,52,40,1,-1,-1,-1
57,0,360,1028,64,32,1,-1,-1,-1
57,1,1881,992,92,52,1,-1,-1,-1
57,2,1077,1019,59,34,1,-1,-1,-1
57,3,247,1034,61,27,1,-1,-1,-1
57,4,520,1024,61,30,1,-1,-1,-1
57,5,1492,1004,68,40,1,-1,-1,-1
57,6,592,1026,65,30,1,-1,-1,-1
57,7,1247,1008,65,38,1,-1,-1,-1
57,9,1989,992,104,48,1,-1,-1,-1
57,10,1159,1013,65,38,1,-1,-1,-1
57,11,2388,984,52,44,1,-1,-1,-1
57,12,2136,984,112,48,1,-1,-1,-1
57,13,2320,984,68,44,1,-1,-1,-1
57,14,1792,996,72,36,1,-1,-1,-1
57,15,350,1027,66,35,1,-1,-1,-1
57,16,2176,992,65,42,1,-1,-1,-1
57,17,1885,991,53,42,1,-1,-1,-1
57,18,1190,1012,40,40,1,-1,-1,-1
57,19,1632,1004,48,32,1,-1,-1,-1
57,20,2131,991,60,40,1,-1,-1,-1
57,21,519,1024,60,28,1,-1,-1,-1
57,22,2525,978,35,50,1,-1,-1,-1
57,23,1941,988,38,50,1,-1,-1,-1
57,24,2206,989,38,42,1,-1,-1,-1
57,25,1084,1020,56,28,1,-1,-1,-1
57,26,2020,992,72,44,1,-1,-1,-1
57,27,1160,1008,80,40,1,-1,-1,-1
57,28,1878,991,96,48,1,-1,-1,-1
57,29,1802,998,68,40,1,-1,-1,-1
57,30,1631,1000,60,40,1,-1,-1,-1
57,31,1888,992,88,40,1,-1,-1,-1
57,32,1498,1007,83,40,1,-1,-1,-1
57,33,1164,1011,76,40,1,-1,-1,-1
57,34,1644,999,67,38,1,-1,-1,-1
57,35,1248,1004,72,40,1,-1,-1,-1
57,36,248,1028,68,32,1,-1,-1,-1
57,37,1994,990,104,44,1,-1,-1,-1
57,38,2131,987,76,48,1,-1,-1,-1
57,39,1156,1011,52,40,1,-1,-1,-1
57,40,2528,976,28,40,1,-1,-1,-1
57,41,596,1020,64,32,1,-1,-1,-1
57,42,1992,992,64,40,1,-1,-1,-1
57,43,528,1020,56,32,1,-1,-1,-1
58,0,365,1028,64,32,1,-1,-1,-1
58,1,1884,992,92,52,1,-1,-1,-1
58,2,1083,1019,59,34,1,-1,-1,-1
58,3,252,1034,61,27,1,-1,-1,-1
58,4,528,1023,61,30,1,-1,-1,-1
58,5,1495,1004,68,40,1,-1,-1,-1
58,6,599,1025,65,30,1,-1,-1,-1
58,7,1253,1008,68,40,1,-1,-1,-1
58,9,1995,992,104,48,1,-1,-1,-1
58,10,1164,1012,65,38,1,-1,-1,-1
58,11,2390,983,52,44,1,-1,-1,-1
58,12,2138,984,112,48,1,-1,-1,-1
58,13,2322,983,68,44,1,-1,-1,-1
58,14,1795,996,72,36,1,-1,-1,-1
58,15,358,1027,66,35,1,-1,-1,-1
58,16,2181,992,65,42,1,-1,-1,-1
58,17,1888,991,53,42,1,-1,-1,-1
58,18,1195,1012,40,40,1,-1,-1,-1
58,19,1634,1003,48,32,1,-1,-1,-1
58,20,2134,991,60,40,1,-1,-1,-1
58,21,527,1023,60,28,1,-1,-1,-1
58,22,2528,979,32,50,1,-1,-1,-1
58,23,1945,988,38,50,1,-1,-1,-1
58,24,2208,989,38,42,1,-1,-1,-1
58,25,1087,1020,56,28,1,-1,-1,-1
58,26,2022,992,72,44,1,-1,-1,-1
58,27,1163,1008,80,40,1,-1,-1,-1
58,28,1882,991,96,48,1,-1,-1,-1
58,29,1807,998,68,40,1,-1,-1,-1
58,30,1635,1000,60,40,1,-1,-1,-1
58,31,1890,992,88,40,1,-1,-1,-1
58,32,1502,1006,83,40,1,-1,-1,-1
58,33,1169,1011,76,40,1,-1,-1,-1
58,34,1647,999,67,38,1,-1,-1,-1
58,35,1252,1004,72,40,1,-1,-1,-1
58,36,248,1027,71,34,1,-1,-1,-1
58,37,1999,990,104,44,1,-1,-1,-1
58,38,2133,987,76,48,1,-1,-1,-1
58,39,1160,1010,52,40,1,-1,-1,-1
58,40,2530,976,28,40,1,-1,-1,-1
58,41,599,1019,67,34,1,-1,-1,-1
58,42,1995,992,64,40,1,-1,-1,-1
58,43,533,1020,56,32,1,-1,-1,-1
59,0,367,1028,64,32,1,-1,-1,-1
59,1,1886,992,92,52,1,-1,-1,-1
59,2,1085,1019,59,34,1,-1,-1,-1
59,3,254,1034,61,27,1,-1,-1,-1
59,4,531,1023,58,29,1,-1,-1,-1
59,5,1498,1004,68,40,1,-1,-1,-1
59,6,600,1025,65,30,1,-1,-1,-1
59,7,1254,1008,68,40,1,-1,-1,-1
59,9,1995,992,104,48,1,-1,-1,-1
59,10,1165,1011,65,38,1,-1,-1,-1
59,11,2391,983,52,44,1,-1,-1,-1
59,12,2139,984,112,48,1,-1,-1,-1
59,13,2323,983,68,44,1,-1,-1,-1
59,14,1797,996,72,36,1,-1,-1,-1
59,15,359,1026,66,35,1,-1,-1,-1
59,16,2181,992,65,42,1,-1,-1,-1
59,17,1890,990,53,42,1,-1,-1,-1
59,18,1197,1012,40,40,1,-1,-1,-1
59,19,1635,1003,48,32,1,-1,-1,-1
59,20,2134,991,60,40,1,-1,-1,-1
59,21,529,1023,60,28,1,-1,-1,-1
59,22,2529,978,31,50,1,-1,-1,-1
59,23,1946,988,38,50,1,-1,-1,-1
59,24,2208,988,38,42,1,-1,-1,-1
59,25,1090,1020,56,28,1,-1,-1,-1
59,26,2024,992,72,44,1,-1,-1,-1
59,27,1163,1007,84,42,1,-1,-1,-1
59,28,1886,991,91,46,1,-1,-1,-1
59,29,1808,998,68,40,1,-1,-1,-1
59,30,1636,999,60,40,1,-1,-1,-1
59,31,1892,992,88,40,1,-1,-1,-1
59,32,1505,1005,83,40,1,-1,-1,-1
59,33,1170,1011,76,40,1,-1,-1,-1
59,34,1649,999,67,38,1,-1,-1,-1
59,35,1255,1004,72,40,1,-1,-1,-1
59,36,250,1027,71,34,1,-1,-1,-1
59,37,2000,990,104,44,1,-1,-1,-1
59,38,2134,986,76,48,1,-1,-1,-1
59,39,1161,1009,52,40,1,-1,-1,-1
59,40,2533,976,27,40,1,-1,-1,-1
59,41,603,1020,64,32,1,-1,-1,-1
59,42,1997,992,64,40,1,-1,-1,-1
59,43,535,1020,56,32,1,-1,-1,-1
60,0,369,1028,64,32,1,-1,-1,-1
60,1,1888,992,92,52,1,-1,-1,-1
60,2,1086,1019,59,34,1,-1,-1,-1
60,3,256,1034,61,27,1,-1,-1,-1
60,4,534,1023,58,29,1,-1,-1,-1
60,5,1499,1004,68,40,1,-1,-1,-1
60,6,602,1023,68,32,1,-1,-1,-1
60,7,1256,1008,68,40,1,-1,-1,-1
60,9,1996,992,104,48,1,-1,-1,-1
60,10,1166,1011,65,38,1,-1,-1,-1
60,11,2391,983,52,44,1,-1,-1,-1
60,12,2140,984,112,48,1,-1,-1,-1
60,13,2322,982,71,46,1,-1,-1,-1
60,14,1799,996,72,36,1,-1,-1,-1
60,15,361,1026,66,35,1,-1,-1,-1
60,16,2181,991,65,42,1,-1,-1,-1
60,17,1891,989,53,42,1,-1,-1,-1
60,18,1199,1012,38,38,1,-1,-1,-1
60,19,1637,1003,48,32,1,-1,-1,-1
60,20,2135,990,60,40,1,-1,-1,-1
60,21,532,1023,60,28,1,-1,-1,-1
60,22,2531,977,29,50,1,-1,-1,-1
60,23,1948,988,38,50,1,-1,-1,-1
60,24,2208,987,38,42,1,-1,-1,-1
60,25,1091,1020,56,28,1,-1,-1,-1
60,26,2026,992,72,44,1,-1,-1,-1
60,27,1165,1007,84,42,1,-1,-1,-1
60,28,1888,991,91,46,1,-1,-1,-1
60,29,1809,998,68,40,1,-1,-1,-1
60,30,1637,999,60,40,1,-1,-1,-1
60,31,1894,992,88,40,1,-1,-1,-1
60,32,1505,1005,83,40,1,-1,-1,-1
60,33,1171,1011,76,40,1,-1,-1,-1
60,34,1648,998,71,40,1,-1,-1,-1
60,35,1257,1004,72,40,1,-1,-1,-1
60,36,252,1027,71,34,1,-1,-1,-1
60,37,2002,990,104,44,1,-1,-1,-1
60,38,2135,986,76,48,1,-1,-1,-1
60,39,1162,1008,52,40,1,-1,-1,-1
60,40,2534,976,26,40,1,-1,-1,-1
60,41,606,1021,61,30,1,-1,-1,-1
60,42,1998,992,64,40,1,-1,-1,-1
60,43,538,1020,56,32,1,-1,-1,-1
61,0,373,1028,64,32,1,-1,-1,-1
61,1,1890,991,92,52,1,-1,-1,-1
61,2,1088,1019,59,34,1,-1,-1,-1
61,3,258,1033,61,27,1,-1,-1,-1
61,4,537,1024,58,29,1,-1,-1,-1
61,5,1501,1004,68,40,1,-1,-1,-1
61,6,605,1024,65,30,1,-1,-1,-1
61,7,1258,1008,68,40,1,-1,-1,-1
61,9,1998,992,104,48,1,-1,-1,-1
61,10,1169,1011,65,38,1,-1,-1,-1
61,11,2393,982,52,44,1,-1,-1,-1
61,12,2142,984,112,48,1,-1,-1,-1
61,13,2324,982,71,46,1,-1,-1,-1
61,14,1800,996,72,36,1,-1,-1,-1
61,15,363,1026,66,35,1,-1,-1,-1
61,16,2183,991,65,42,1,-1,-1,-1
61,17,1893,990,53,42,1,-1,-1,-1
61,18,1202,1012,38,38,1,-1,-1,-1
61,19,1638,1003,48,32,1,-1,-1,-1
61,20,2136,990,60,40,1,-1,-1,-1
61,21,536,1024,57,27,1,-1,-1,-1
61,22,2532,977,28,50,1,-1,-1,-1
61,23,1949,988,38,50,1,-1,-1,-1
61,24,2210,987,38,42,1,-1,-1,-1
61,25,1093,1020,56,28,1,-1,-1,-1
61,26,2028,991,72,44,1,-1,-1,-1
61,27,1167,1007,84,42,1,-1,-1,-1
61,28,1889,991,91,46,1,-1,-1,-1
61,29,1812,997,68,40,1,-1,-1,-1
61,30,1639,998,60,40,1,-1,-1,-1
61,31,1896,992,88,40,1,-1,-1,-1
61,32,1508,1005,83,40,1,-1,-1,-1
61,33,1173,1011,76,40,1,-1,-1,-1
61,34,1650,998,71,40,1,-1,-1,-1
61,35,1259,1005,72,40,1,-1,-1,-1
61,36,255,1027,71,34,1,-1,-1,-1
61,37,2003,991,104,44,1,-1,-1,-1
61,38,2136,986,76,48,1,-1,-1,-1
61,39,1163,1008,52,40,1,-1,-1,-1
61,40,2536,974,24,40,1,-1,-1,-1
61,41,608,1021,61,30,1,-1,-1,-1
61,42,2000,993,64,40,1,-1,-1,-1
61,43,541,1020,56,32,1,-1,-1,-1
62,0,378,1028,64,32,1,-1,-1,-1
62,1,1894,991,92,52,1,-1,-1,-1
62,2,1093,1019,59,34,1,-1,-1,-1
62,3,263,1034,61,27,1,-1,-1,-1
62,4,541,1023,58,29,1,-1,-1,-1
62,5,1505,1004,68,40,1,-1,-1,-1
62,6,610,1024,65,30,1,-1,-1,-1
62,7,1264,1008,68,40,1,-1,-1,-1
62,9,2000,991,104,48,1,-1,-1,-1
62,10,1173,1011,65,38,1,-1,-1,-1
62,11,2397,984,50,42,1,-1,-1,-1
62,12,2144,984,112,48,1,-1,-1,-1
62,13,2329,982,71,46,1,-1,-1,-1
62,14,1804,996,72,36,1,-1,-1,-1
62,15,369,1026,66,35,1,-1,-1,-1
62,16,2185,990,65,42,1,-1,-1,-1
62,17,1896,989,53,42,1,-1,-1,-1
62,18,1206,1011,38,38,1,-1,-1,-1
62,19,1642,1004,48,32,1,-1,-1,-1
62,20,2139,990,60,40,1,-1,-1,-1
62,21,541,1023,57,27,1,-1,-1,-1
62,22,2535,975,25,50,1,-1,-1,-1
62,23,1952,988,38,50,1,-1,-1,-1
62,24,2211,987,38,42,1,-1,-1,-1
62,25,1098,1020,56,28,1,-1,-1,-1
62,26,2030,991,72,44,1,-1,-1,-1
62,27,1170,1006,84,42,1,-1,-1,-1
62,28,1895,991,87,44,1,-1,-1,-1
62,29,1816,998,65,38,1,-1,-1,-1
62,30,1642,999,60,40,1,-1,-1,-1
62,31,1899,991,88,40,1,-1,-1,-1
62,32,1510,1005,83,40,1,-1,-1,-1
62,33,1177,1010,80,42,1,-1,-1,-1
62,34,1654,997,71,40,1,-1,-1,-1
62,35,1265,1004,72,40,1,-1,-1,-1
62,36,262,1028,68,32,1,-1,-1,-1
62,37,2007,990,104,44,1,-1,-1,-1
62,38,2140,986,76,48,1,-1,-1,-1
62,39,1168,1008,52,40,1,-1,-1,-1
62,40,2539,971,21,40,1,-1,-1,-1
62,41,614,1021,61,30,1,-1,-1,-1
62,42,2004,992,64,40,1,-1,-1,-1
62,43,546,1020,56,32,1,-1,-1,-1
63,0,380,1028,64,32,1,-1,-1,-1
63,1,1896,990,92,52,1,-1,-1,-1
63,2,1095,1019,59,34,1,-1,-1,-1
63,3,264,1033,61,27,1,-1,-1,-1
63,4,544,1024,58,29,1,-1,-1,-1
63,5,1507,1003,68,40,1,-1,-1,-1
63,6,612,1024,65,30,1,-1,-1,-1
63,7,1264,1006,71,42,1,-1,-1,-1
63,9,2003,991,104,48,1,-1,-1,-1
63,10,1175,1010,65,38,1,-1,-1,-1
63,11,2398,985,47,40,1,-1,-1,-1
63,12,2145,984,112,48,1,-1,-1,-1
63,13,2331,982,71,46,1,-1,-1,-1
63,14,1806,995,72,36,1,-1,-1,-1
63,15,370,1026,66,35,1,-1,-1,-1
63,16,2186,990,65,42,1,-1,-1,-1
63,17,1898,989,53,42,1,-1,-1,-1
63,18,1208,1011,38,38,1,-1,-1,-1
63,19,1642,1003,50,34,1,-1,-1,-1
63,20,2141,990,60,40,1,-1,-1,-1
63,21,543,1024,57,27,1,-1,-1,-1
63,22,2537,975,23,50,1,-1,-1,-1
63,23,1953,988,38,50,1,-1,-1,-1
63,24,2212,986,38,42,1,-1,-1,-1
63,25,1100,1020,56,28,1,-1,-1,-1
63,26,2032,991,72,44,1,-1,-1,-1
63,27,1173,1006,84,42,1,-1,-1,-1
63,28,1896,991,87,44,1,-1,-1,-1
63,29,1818,998,65,38,1,-1,-1,-1
63,30,1644,999,60,40,1,-1,-1,-1
63,31,1901,990,88,40,1,-1,-1,-1
63,32,1513,1005,83,40,1,-1,-1,-1
63,33,1178,1010,80,42,1,-1,-1,-1
63,34,1655,997,71,40,1,-1,-1,-1
63,35,1268,1004,72,40,1,-1,-1,-1
63,36,264,1028,68,32,1,-1,-1,-1
63,37,2008,989,104,44,1,-1,-1,-1
63,38,2141,986,76,48,1,-1,-1,-1
63,39,1171,1009,52,40,1,-1,-1,-1
63,40,2542,972,18,38,1,-1,-1,-1
63,41,615,1021,61,30,1,-1,-1,-1
63,42,2004,992,64,40,1,-1,-1,-1
63,43,548,1020,56,32,1,-1,-1,-1
64,0,382,1028,64,32,1,-1,-1,-1
64,1,1897,990,92,52,1,-1,-1,-1
64,2,1096,1018,59,34,1,-1,-1,-1
64,3,266,1033,64,28,1,-1,-1,-1
64,4,547,1024,58,29,1,-1,-1,-1
64,5,1509,1003,68,40,1,-1,-1,-1
64,6,616,1024,65,30,1,-1,-1,-1
64,7,1265,1006,71,42,1,-1,-1,-1
64,9,2004,991,104,48,1,-1,-1,-1
64,10,1177,1010,65,38,1,-1,-1,-1
64,11,2400,985,47,40,1,-1,-1,-1
64,12,2147,984,112,48,1,-1,-1,-1
64,13,2331,982,71,46,1,-1,-1,-1
64,14,1809,996,69,34,1,-1,-1,-1
64,15,373,1025,66,35,1,-1,-1,-1
64,16,2187,989,65,42,1,-1,-1,-1
64,17,1901,989,53,42,1,-1,-1,-1
64,18,1210,1011,38,38,1,-1,-1,-1
64,19,1644,1003,50,34,1,-1,-1,-1
64,20,2144,990,57,38,1,-1,-1,-1
64,21,545,1024,57,27,1,-1,-1,-1
64,22,2540,974,20,50,1,-1,-1,-1
64,23,1955,987,38,50,1,-1,-1,-1
64,24,2215,987,38,42,1,-1,-1,-1
64,25,1102,1020,56,28,1,-1,-1,-1
64,26,2033,991,72,44,1,-1,-1,-1
64,27,1175,1007,84,42,1,-1,-1,-1
64,28,1897,990,91,46,1,-1,-1,-1
64,29,1820,998,65,38,1,-1,-1,-1
64,30,1645,999,60,40,1,-1,-1,-1
64,31,1903,990,88,40,1,-1,-1,-1
64,32,1515,1005,83,40,1,-1,-1,-1
64,33,1180,1010,80,42,1,-1,-1,-1
64,34,1657,997,71,40,1,-1,-1,-1
64,35,1269,1004,72,40,1,-1,-1,-1
64,36,265,1028,71,34,1,-1,-1,-1
64,37,2009,989,104,44,1,-1,-1,-1
64,38,2143,986,76,48,1,-1,-1,-1
64,39,1173,1009,52,40,1,-1,-1,-1
64,40,2542,971,18,38,1,-1,-1,-1
64,41,619,1021,61,30,1,-1,-1,-1
64,42,2006,991,64,40,1,-1,-1,-1
64,43,552,1020,56,32,1,-1,-1,-1
65,0,384,1028,64,32,1,-1,-1,-1
65,1,1897,990,92,52,1,-1,-1,-1
65,2,1096,1018,59,34,1,-1,-1,-1
65,3,266,1033,64,28,1,-1,-1,-1
65,4,547,1024,58,29,1,-1,-1,-1
65,5,1509,1003,68,40,1,-1,-1,-1
65,6,616,1024,65,30,1,-1,-1,-1
65,7,1265,1006,71,42,1,-1,-1,-1
65,9,2004,991,104,48,1,-1,-1,-1
65,10,1177,1010,65,38,1,-1,-1,-1
65,11,2392,984,52,44,1,-1,-1,-1
65,12,2148,984,108,44,1,-1,-1,-1
65,13,2331,982,71,46,1,-1,-1,-1
65,14,1809,996,69,34,1,-1,-1,-1
65,15,373,1025,66,35,1,-1,-1,-1
65,16,2187,989,65,42,1,-1,-1,-1
65,17,1901,989,53,42,1,-1,-1,-1
65,18,1210,1011,38,38,1,-1,-1,-1
65,19,1644,1003,50,34,1,-1,-1,-1
65,20,2144,990,57,38,1,-1,-1,-1
65,21,545,1024,57,27,1,-1,-1,-1
65,22,2540,974,20,50,1,-1,-1,-1
65,23,1955,987,38,50,1,-1,-1,-1
65,24,2215,987,38,42,1,-1,-1,-1
65,25,1104,1016,56,32,1,-1,-1,-1
65,26,2033,991,72,44,1,-1,-1,-1
65,27,1184,1008,68,36,1,-1,-1,-1
65,28,1904,988,88,52,1,-1,-1,-1
65,29,1820,998,65,38,1,-1,-1,-1
65,30,1645,999,60,40,1,-1,-1,-1
65,31,1903,990,88,40,1,-1,-1,-1
65,32,1515,1005,83,40,1,-1,-1,-1
65,33,1180,1010,80,42,1,-1,-1,-1
65,34,1657,997,71,40,1,-1,-1,-1
65,35,1272,1004,72,40,1,-1,-1,-1
65,36,272,1028,64,28,1,-1,-1,-1
65,37,2012,988,96,48,1,-1,-1,-1
65,38,2143,986,76,48,1,-1,-1,-1
65,39,1173,1009,52,40,1,-1,-1,-1
65,40,2542,971,18,38,1,-1,-1,-1
65,41,620,1020,60,32,1,-1,-1,-1
65,42,2006,991,64,40,1,-1,-1,-1
65,43,552,1020,60,32,1,-1,-1,-1
65,44,1512,1000,88,40,1,-1,-1,-1
65,45,1800,996,60,40,1,-1,-1,-1
65,46,1728,996,64,40,1,-1,-1,-1
66,0,390,1027,64,32,1,-1,-1,-1
66,1,1906,990,92,52,1,-1,-1,-1
66,2,1104,1017,59,34,1,-1,-1,-1
66,3,273,1033,64,28,1,-1,-1,-1
66,4,553,1022,61,30,1,-1,-1,-1
66,5,1516,1003,68,40,1,-1,-1,-1
66,6,622,1024,65,30,1,-1,-1,-1
66,7,1273,1005,71,42,1,-1,-1,-1
66,9,2011,991,104,48,1,-1,-1,-1
66,10,1185,1010,65,38,1,-1,-1,-1
66,11,2396,984,52,44,1,-1,-1,-1
66,12,2151,984,108,44,1,-1,-1,-1
66,13,2337,981,75,49,1,-1,-1,-1
66,14,1816,996,69,34,1,-1,-1,-1
66,15,381,1025,66,35,1,-1,-1,-1
66,16,2194,990,65,42,1,-1,-1,-1
66,17,1908,989,53,42,1,-1,-1,-1
66,18,1217,1011,38,38,1,-1,-1,-1
66,19,1650,1003,50,34,1,-1,-1,-1
66,20,2149,990,57,38,1,-1,-1,-1
66,21,554,1024,57,27,1,-1,-1,-1
66,22,2546,974,14,50,1,-1,-1,-1
66,23,1962,986,38,50,1,-1,-1,-1
66,24,2222,987,38,42,1,-1,-1,-1
66,25,1109,1016,56,32,1,-1,-1,-1
66,26,2039,991,72,44,1,-1,-1,-1
66,27,1190,1008,68,36,1,-1,-1,-1
66,28,1907,988,88,52,1,-1,-1,-1
66,29,1826,998,65,38,1,-1,-1,-1
66,30,1652,999,60,40,1,-1,-1,-1
66,31,1911,990,88,40,1,-1,-1,-1
66,32,1522,1004,83,40,1,-1,-1,-1
66,33,1188,1010,80,42,1,-1,-1,-1
66,34,1663,998,71,40,1,-1,-1,-1
66,35,1278,1003,72,40,1,-1,-1,-1
66,36,278,1028,64,28,1,-1,-1,-1
66,37,2015,988,96,48,1,-1,-1,-1
66,38,2148,986,76,48,1,-1,-1,-1
66,39,1182,1009,52,40,1,-1,-1,-1
66,40,2550,970,10,38,1,-1,-1,-1
66,41,625,1020,60,32,1,-1,-1,-1
66,42,2013,991,64,40,1,-1,-1,-1
66,43,558,1020,60,32,1,-1,-1,-1
66,44,1516,1000,88,40,1,-1,-1,-1
66,45,1805,996,60,40,1,-1,-1,-1
66,46,1733,996,64,40,1,-1,-1,-1
67,0,393,1028,64,32,1,-1,-1,-1
67,1,1907,990,92,52,1,-1,-1,-1
67,2,1107,1017,59,34,1,-1,-1,-1
67,3,275,1033,64,28,1,-1,-1,-1
67,4,558,1023,58,29,1,-1,-1,-1
67,5,1518,1003,68,40,1,-1,-1,-1
67,6,625,1024,65,30,1,-1,-1,-1
67,7,1277,1005,71,42,1,-1,-1,-1
67,9,2013,991,104,48,1,-1,-1,-1
67,10,1187,1010,65,38,1,-1,-1,-1
67,11,2397,984,52,44,1,-1,-1,-1
67,12,2153,984,108,44,1,-1,-1,-1
67,13,2337,981,75,49,1,-1,-1,-1
67,14,1818,996,69,34,1,-1,-1,-1
67,15,386,1025,66,35,1,-1,-1,-1
67,16,2195,990,65,42,1,-1,-1,-1
67,17,1909,989,53,42,1,-1,-1,-1
67,18,1220,1011,38,38,1,-1,-1,-1
67,19,1652,1004,50,34,1,-1,-1,-1
67,20,2151,990,57,38,1,-1,-1,-1
67,21,556,1023,57,27,1,-1,-1,-1
67,22,2536,988,24,50,1,-1,-1,-1
67,23,1964,987,38,50,1,-1,-1,-1
67,24,2224,987,38,42,1,-1,-1,-1
67,25,1112,1016,56,32,1,-1,-1,-1
67,26,2041,991,72,44,1,-1,-1,-1
67,27,1192,1008,68,36,1,-1,-1,-1
67,28,1910,988,88,52,1,-1,-1,-1
67,29,1829,998,65,38,1,-1,-1,-1
67,30,1654,999,60,40,1,-1,-1,-1
67,31,1912,990,88,40,1,-1,-1,-1
67,32,1524,1004,83,40,1,-1,-1,-1
67,33,1192,1011,76,40,1,-1,-1,-1
67,34,1664,998,71,40,1,-1,-1,-1
67,35,1280,1004,72,40,1,-1,-1,-1
67,36,280,1028,64,28,1,-1,-1,-1
67,37,2020,989,91,46,1,-1,-1,-1
67,38,2149,985,76,48,1,-1,-1,-1
67,39,1184,1009,52,40,1,-1,-1,-1
67,40,2543,987,17,38,1,-1,-1,-1
67,41,627,1020,60,32,1,-1,-1,-1
67,42,2015,991,64,40,1,-1,-1,-1
67,43,561,1020,60,32,1,-1,-1,-1
67,44,1519,1000,88,40,1,-1,-1,-1
67,45,1807,996,60,40,1,-1,-1,-1
67,46,1735,996,64,40,1,-1,-1,-1
68,0,396,1028,64,32,1,-1,-1,-1
68,1,1908,990,92,52,1,-1,-1,-1
68,2,1109,1017,59,34,1,-1,-1,-1
68,3,277,1033,64,28,1,-1,-1,-1
68,4,560,1023,58,29,1,-1,-1,-1
68,5,1520,1003,68,40,1,-1,-1,-1
68,6,628,1024,65,30,1,-1,-1,-1
68,7,1279,1005,71,42,1,-1,-1,-1
68,9,2015,991,104,48,1,-1,-1,-1
68,10,1190,1010,65,38,1,-1,-1,-1
68,11,2401,984,52,44,1,-1,-1,-1
68,12,2155,984,108,44,1,-1,-1,-1
68,13,2343,981,71,46,1,-1,-1,-1
68,14,1821,996,69,34,1,-1,-1,-1
68,15,388,1024,66,35,1,-1,-1,-1
68,16,2197,990,65,42,1,-1,-1,-1
68,17,1911,988,53,42,1,-1,-1,-1
68,18,1223,1011,38,38,1,-1,-1,-1
68,19,1654,1005,48,32,1,-1,-1,-1
68,20,2152,989,57,38,1,-1,-1,-1
68,21,561,1023,57,27,1,-1,-1,-1
68,22,2517,979,43,50,1,-1,-1,-1
68,23,1966,986,38,50,1,-1,-1,-1
68,24,2226,987,38,42,1,-1,-1,-1
68,25,1114,1016,56,32,1,-1,-1,-1
68,26,2043,991,72,44,1,-1,-1,-1
68,27,1194,1008,68,36,1,-1,-1,-1
68,28,1912,988,88,52,1,-1,-1,-1
68,29,1831,998,65,38,1,-1,-1,-1
68,30,1655,1000,60,40,1,-1,-1,-1
68,31,1913,990,88,40,1,-1,-1,-1
68,32,1526,1004,83,40,1,-1,-1,-1
68,33,1194,1011,76,40,1,-1,-1,-1
68,34,1665,998,71,40,1,-1,-1,-1
68,35,1283,1004,72,40,1,-1,-1,-1
68,36,282,1028,64,28,1,-1,-1,-1
68,37,2022,988,91,46,1,-1,-1,-1
68,38,2150,985,76,48,1,-1,-1,-1
68,39,1185,1009,52,40,1,-1,-1,-1
68,40,2535,981,25,40,1,-1,-1,-1
68,41,630,1020,60,32,1,-1,-1,-1
68,42,2017,991,64,40,1,-1,-1,-1
68,43,564,1020,60,32,1,-1,-1,-1
68,44,1523,1001,84,38,1,-1,-1,-1
68,45,1810,996,60,40,1,-1,-1,-1
68,46,1738,996,64,40,1,-1,-1,-1
69,0,398,1028,64,32,1,-1,-1,-1
69,1,1910,990,92,52,1,-1,-1,-1
69,2,1111,1017,59,34,1,-1,-1,-1
69,3,281,1032,64,28,1,-1,-1,-1
69,4,564,1023,58,29,1,-1,-1,-1
69,5,1521,1002,68,40,1,-1,-1,-1
69,6,629,1024,65,30,1,-1,-1,-1
69,7,1282,1005,71,42,1,-1,-1,-1
69,9,2017,991,104,48,1,-1,-1,-1
69,10,1192,1010,65,38,1,-1,-1,-1
69,11,2402,984,52,44,1,-1,-1,-1
69,12,2156,984,108,44,1,-1,-1,-1
69,13,2341,981,75,49,1,-1,-1,-1
69,14,1823,996,69,34,1,-1,-1,-1
69,15,391,1024,66,35,1,-1,-1,-1
69,16,2199,990,65,42,1,-1,-1,-1
69,17,1913,988,53,42,1,-1,-1,-1
69,18,1225,1010,40,40,1,-1,-1,-1
69,19,1656,1004,48,32,1,-1,-1,-1
69,20,2154,989,57,38,1,-1,-1,-1
69,21,562,1023,57,27,1,-1,-1,-1
69,22,2507,983,50,50,1,-1,-1,-1
69,23,1968,986,38,50,1,-1,-1,-1
69,24,2227,987,38,42,1,-1,-1,-1
69,25,1116,1016,56,32,1,-1,-1,-1
69,26,2045,990,72,44,1,-1,-1,-1
69,27,1197,1009,65,34,1,-1,-1,-1
69,28,1913,988,88,52,1,-1,-1,-1
69,29,1833,998,65,38,1,-1,-1,-1
69,30,1656,999,60,40,1,-1,-1,-1
69,31,1915,989,88,40,1,-1,-1,-1
69,32,1528,1004,83,40,1,-1,-1,-1
69,33,1196,1010,76,40,1,-1,-1,-1
69,34,1666,998,71,40,1,-1,-1,-1
69,35,1286,1004,72,40,1,-1,-1,-1
69,36,285,1028,64,28,1,-1,-1,-1
69,37,2024,988,91,46,1,-1,-1,-1
69,38,2152,985,76,48,1,-1,-1,-1
69,39,1188,1009,52,40,1,-1,-1,-1
69,40,2522,972,29,42,1,-1,-1,-1
69,41,632,1019,60,32,1,-1,-1,-1
69,42,2019,991,64,40,1,-1,-1,-1
69,43,566,1020,60,32,1,-1,-1,-1
69,44,1525,1001,84,38,1,-1,-1,-1
69,45,1812,997,60,40,1,-1,-1,-1
69,46,1740,996,64,40,1,-1,-1,-1
70,0,404,1028,64,32,1,-1,-1,-1
70,1,1913,990,92,52,1,-1,-1,-1
70,2,1117,1017,59,34,1,-1,-1,-1
70,3,285,1032,64,28,1,-1,-1,-1
70,4,569,1022,58,29,1,-1,-1,-1
70,5,1524,1002,68,40,1,-1,-1,-1
70,6,635,1023,65,30,1,-1,-1,-1
70,7,1288,1005,71,42,1,-1,-1,-1
70,9,2020,990,104,48,1,-1,-1,-1
70,10,1196,1010,65,38,1,-1,-1,-1
70,11,2406,983,52,44,1,-1,-1,-1
70,12,2156,982,113,46,1,-1,-1,-1
70,13,2350,982,71,46,1,-1,-1,-1
70,14,1827,996,69,34,1,-1,-1,-1
70,15,396,1024,66,35,1,-1,-1,-1
70,16,2202,989,65,42,1,-1,-1,-1
70,17,1915,987,53,42,1,-1,-1,-1
70,18,1229,1011,40,40,1,-1,-1,-1
70,19,1658,1003,48,32,1,-1,-1,-1
70,20,2156,988,57,38,1,-1,-1,-1
70,21,567,1023,57,27,1,-1,-1,-1
70,22,2513,984,47,47,1,-1,-1,-1
70,23,1972,986,38,50,1,-1,-1,-1
70,24,2230,986,38,42,1,-1,-1,-1
70,25,1121,1016,56,32,1,-1,-1,-1
70,26,2049,990,72,44,1,-1,-1,-1
70,27,1202,1009,65,34,1,-1,-1,-1
70,28,1918,987,88,52,1,-1,-1,-1
70,29,1837,998,65,38,1,-1,-1,-1
70,30,1658,998,60,40,1,-1,-1,-1
70,31,1919,989,88,40,1,-1,-1,-1
70,32,1531,1004,83,40,1,-1,-1,-1
70,33,1200,1009,80,42,1,-1,-1,-1
70,34,1669,997,71,40,1,-1,-1,-1
70,35,1291,1003,72,40,1,-1,-1,-1
70,36,289,1028,64,28,1,-1,-1,-1
70,37,2027,988,91,46,1,-1,-1,-1
70,38,2155,984,76,48,1,-1,-1,-1
70,39,1192,1008,52,40,1,-1,-1,-1
70,40,2527,973,29,42,1,-1,-1,-1
70,41,637,1019,60,32,1,-1,-1,-1
70,42,2023,991,64,40,1,-1,-1,-1
70,43,572,1020,60,32,1,-1,-1,-1
70,44,1529,1001,84,38,1,-1,-1,-1
70,45,1816,997,60,40,1,-1,-1,-1
70,46,1745,996,64,40,1,-1,-1,-1
71,0,405,1028,64,32,1,-1,-1,-1
71,1,1914,989,92,52,1,-1,-1,-1
71,2,1119,1017,56,32,1,-1,-1,-1
71,3,287,1032,64,28,1,-1,-1,-1
71,4,570,1022,58,29,1,-1,-1,-1
71,5,1525,1001,68,40,1,-1,-1,-1
71,6,636,1023,65,30,1,-1,-1,-1
71,7,1288,1005,71,42,1,-1,-1,-1
71,9,2021,990,104,48,1,-1,-1,-1
71,10,1197,1009,65,38,1,-1,-1,-1
71,11,2406,983,52,44,1,-1,-1,-1
71,12,2157,982,113,46,1,-1,-1,-1
71,13,2349,981,75,49,1,-1,-1,-1
71,14,1828,996,69,34,1,-1,-1,-1
71,15,397,1025,66,35,1,-1,-1,-1
71,16,2202,990,65,42,1,-1,-1,-1
71,17,1916,986,53,42,1,-1,-1,-1
71,18,1231,1011,40,40,1,-1,-1,-1
71,19,1659,1002,48,32,1,-1,-1,-1
71,20,2157,988,57,38,1,-1,-1,-1
71,21,570,1023,54,25,1,-1,-1,-1
71,22,2513,983,47,47,1,-1,-1,-1
71,23,1973,986,38,50,1,-1,-1,-1
71,24,2230,986,38,42,1,-1,-1,-1
71,25,1122,1016,56,32,1,-1,-1,-1
71,26,2049,990,72,44,1,-1,-1,-1
71,27,1204,1009,65,34,1,-1,-1,-1
71,28,1918,987,88,52,1,-1,-1,-1
71,29,1838,997,65,38,1,-1,-1,-1
71,30,1660,997,60,40,1,-1,-1,-1
71,31,1920,989,88,40,1,-1,-1,-1
71,32,1532,1003,83,40,1,-1,-1,-1
71,33,1201,1009,80,42,1,-1,-1,-1
71,34,1670,997,71,40,1,-1,-1,-1
71,35,1292,1003,72,40,1,-1,-1,-1
71,36,291,1028,64,28,1,-1,-1,-1
71,37,2027,988,91,46,1,-1,-1,-1
71,38,2156,984,76,48,1,-1,-1,-1
71,39,1193,1008,52,40,1,-1,-1,-1
71,40,2531,971,29,44,1,-1,-1,-1
71,41,638,1019,60,32,1,-1,-1,-1
71,42,2023,991,64,40,1,-1,-1,-1
71,43,573,1019,60,32,1,-1,-1,-1
71,44,1530,1000,84,38,1,-1,-1,-1
71,45,1816,996,60,40,1,-1,-1,-1
71,46,1746,995,64,40,1,-1,-1,-1
72,0,407,1028,64,32,1,-1,-1,-1
72,1,1915,989,92,52,1,-1,-1,-1
72,2,1121,1017,56,32,1,-1,-1,-1
72,3,289,1032,64,28,1,-1,-1,-1
72,4,572,1022,58,29,1,-1,-1,-1
72,5,1526,1002,68,40,1,-1,-1,-1
72,6,638,1023,65,30,1,-1,-1,-1
72,7,1291,1004,71,42,1,-1,-1,-1
72,9,2022,990,104,48,1,-1,-1,-1
72,10,1199,1009,65,38,1,-1,-1,-1
72,11,2407,984,50,42,1,-1,-1,-1
72,12,2161,983,108,44,1,-1,-1,-1
72,13,2351,982,75,49,1,-1,-1,-1
72,14,1829,996,69,34,1,-1,-1,-1
72,15,399,1024,66,35,1,-1,-1,-1
72,16,2202,989,65,42,1,-1,-1,-1
72,17,1918,987,51,40,1,-1,-1,-1
72,18,1233,1010,40,40,1,-1,-1,-1
72,19,1660,1002,48,32,1,-1,-1,-1
72,20,2158,987,57,38,1,-1,-1,-1
72,21,571,1023,54,25,1,-1,-1,-1
72,23,1975,986,38,50,1,-1,-1,-1
72,24,2230,987,38,42,1,-1,-1,-1
72,25,1124,1016,56,32,1,-1,-1,-1
72,26,2050,990,72,44,1,-1,-1,-1
72,27,1205,1008,65,34,1,-1,-1,-1
72,28,1919,987,88,52,1,-1,-1,-1
72,29,1839,997,65,38,1,-1,-1,-1
72,30,1660,997,60,40,1,-1,-1,-1
72,31,1921,989,88,40,1,-1,-1,-1
72,32,1534,1003,83,40,1,-1,-1,-1
72,33,1202,1009,80,42,1,-1,-1,-1
72,34,1670,996,71,40,1,-1,-1,-1
72,35,1294,1003,72,40,1,-1,-1,-1
72,36,293,1028,64,28,1,-1,-1,-1
72,37,2029,988,91,46,1,-1,-1,-1
72,38,2157,984,76,48,1,-1,-1,-1
72,39,1194,1007,52,40,1,-1,-1,-1
72,40,2534,970,26,44,1,-1,-1,-1
72,41,641,1019,57,30,1,-1,-1,-1
72,42,2024,991,64,40,1,-1,-1,-1
72,43,575,1019,60,32,1,-1,-1,-1
72,44,1531,1000,84,38,1,-1,-1,-1
72,45,1817,996,60,40,1,-1,-1,-1
72,46,1748,994,64,40,1,-1,-1,-1
73,0,407,1028,64,32,1,-1,-1,-1
73,1,1915,989,92,52,1,-1,-1,-1
73,2,1121,1017,56,32,1,-1,-1,-1
73,3,289,1032,64,28,1,-1,-1,-1
73,4,572,1022,58,29,1,-1,-1,-1
73,5,1526,1002,68,40,1,-1,-1,-1
73,6,638,1023,65,30,1,-1,-1,-1
73,7,1292,1004,72,40,1,-1,-1,-1
73,9,2022,990,104,48,1,-1,-1,-1
73,10,1199,1009,65,38,1,-1,-1,-1
73,11,2407,984,50,42,1,-1,-1,-1
73,12,2161,983,108,44,1,-1,-1,-1
73,13,2351,982,75,49,1,-1,-1,-1
73,14,1829,996,69,34,1,-1,-1,-1
73,15,399,1024,66,35,1,-1,-1,-1
73,16,2202,989,65,42,1,-1,-1,-1
73,17,1918,987,51,40,1,-1,-1,-1
73,18,1233,1010,40,40,1,-1,-1,-1
73,19,1660,1002,48,32,1,-1,-1,-1
73,20,2158,987,57,38,1,-1,-1,-1
73,21,571,1023,54,25,1,-1,-1,-1
73,23,1975,986,38,50,1,-1,-1,-1
73,24,2230,987,38,42,1,-1,-1,-1
73,25,1124,1016,56,28,1,-1,-1,-1
73,26,2050,990,72,44,1,-1,-1,-1
73,27,1205,1008,65,34,1,-1,-1,-1
73,28,1919,987,88,52,1,-1,-1,-1
73,29,1839,997,65,38,1,-1,-1,-1
73,30,1660,997,60,40,1,-1,-1,-1
73,31,1920,984,88,48,1,-1,-1,-1
73,32,1534,1003,83,40,1,-1,-1,-1
73,33,1232,1008,48,32,1,-1,-1,-1
73,34,1670,996,71,40,1,-1,-1,-1
73,35,1294,1003,72,40,1,-1,-1,-1
73,36,292,1028,64,32,1,-1,-1,-1
73,37,2028,988,96,40,1,-1,-1,-1
73,38,2157,984,76,48,1,-1,-1,-1
73,39,1194,1007,52,40,1,-1,-1,-1
73,40,2534,970,26,44,1,-1,-1,-1
73,41,641,1019,57,30,1,-1,-1,-1
73,42,2024,991,64,40,1,-1,-1,-1
73,43,580,1020,56,28,1,-1,-1,-1
73,44,1528,1000,92,36,1,-1,-1,-1
73,45,1817,996,60,40,1,-1,-1,-1
73,46,1748,994,64,40,1,-1,-1,-1
73,47,2160,984,112,52,1,-1,-1,-1
73,48,648,1020,60,28,1,-1,-1,-1
73,49,404,1020,68,36,1,-1,-1,-1
73,50,1664,996,64,36,1,-1,-1,-1
73,51,2348,976,92,48,1,-1,-1,-1
73,52,1740,992,40,44,1,-1,-1,-1
73,53,1844,996,72,36,1,-1,-1,-1
73,54,1808,996,36,36,1,-1,-1,-1
74,0,415,1028,64,32,1,-1,-1,-1
74,1,1921,988,92,52,1,-1,-1,-1
74,2,1128,1017,56,32,1,-1,-1,-1
74,3,296,1032,64,28,1,-1,-1,-1
74,4,580,1021,58,29,1,-1,-1,-1
74,5,1533,1001,68,40,1,-1,-1,-1
74,6,646,1022,65,30,1,-1,-1,-1
74,7,1298,1004,72,40,1,-1,-1,-1
74,9,2028,990,104,48,1,-1,-1,-1
74,10,1205,1009,65,38,1,-1,-1,-1
74,11,2412,983,50,42,1,-1,-1,-1
74,12,2166,982,108,44,1,-1,-1,-1
74,13,2356,980,75,49,1,-1,-1,-1
74,14,1836,996,69,34,1,-1,-1,-1
74,15,407,1024,66,35,1,-1,-1,-1
74,16,2207,989,65,42,1,-1,-1,-1
74,17,1923,987,51,40,1,-1,-1,-1
74,18,1238,1010,40,40,1,-1,-1,-1
74,19,1665,1001,48,32,1,-1,-1,-1
74,20,2163,986,57,38,1,-1,-1,-1
74,21,582,1023,54,25,1,-1,-1,-1
74,23,1980,986,38,50,1,-1,-1,-1
74,24,2232,986,38,42,1,-1,-1,-1
74,25,1129,1016,56,28,1,-1,-1,-1
74,26,2055,989,72,44,1,-1,-1,-1
74,27,1211,1008,65,34,1,-1,-1,-1
74,28,1925,987,88,52,1,-1,-1,-1
74,29,1846,997,65,38,1,-1,-1,-1
74,30,1665,997,60,40,1,-1,-1,-1
74,31,1924,984,88,48,1,-1,-1,-1
74,32,1541,1002,83,40,1,-1,-1,-1
74,33,1236,1008,48,32,1,-1,-1,-1
74,34,1675,996,71,40,1,-1,-1,-1
74,35,1301,1003,72,40,1,-1,-1,-1
74,36,298,1028,64,32,1,-1,-1,-1
74,37,2031,988,96,40,1,-1,-1,-1
74,38,2163,983,76,48,1,-1,-1,-1
74,39,1200,1006,52,40,1,-1,-1,-1
74,40,2528,974,31,44,1,-1,-1,-1
74,41,649,1019,57,30,1,-1,-1,-1
74,42,2028,990,64,40,1,-1,-1,-1
74,43,586,1020,56,28,1,-1,-1,-1
74,44,1532,999,92,36,1,-1,-1,-1
74,45,1823,995,60,40,1,-1,-1,-1
74,46,1755,994,64,40,1,-1,-1,-1
74,47,2163,984,112,52,1,-1,-1,-1
74,48,654,1020,60,28,1,-1,-1,-1
74,49,409,1020,68,36,1,-1,-1,-1
74,50,1667,995,67,38,1,-1,-1,-1
74,51,2350,976,92,48,1,-1,-1,-1
74,52,1745,992,40,44,1,-1,-1,-1
74,53,1848,996,72,36,1,-1,-1,-1
74,54,1811,996,36,36,1,-1,-1,-1
75,0,417,1027,64,32,1,-1,-1,-1
75,1,1922,988,92,52,1,-1,-1,-1
75,2,1130,1017,56,32,1,-1,-1,-1
75,3,297,1032,64,28,1,-1,-1,-1
75,4,583,1021,58,29,1,-1,-1,-1
75,5,1535,1001,68,40,1,-1,-1,-1
75,6,649,1021,68,32,1,-1,-1,-1
75,7,1299,1004,72,40,1,-1,-1,-1
75,9,2028,990,104,48,1,-1,-1,-1
75,10,1207,1009,65,38,1,-1,-1,-1
75,11,2414,984,47,40,1,-1,-1,-1
75,12,2168,981,108,44,1,-1,-1,-1
75,13,2359,980,75,49,1,-1,-1,-1
75,14,1837,995,69,34,1,-1,-1,-1
75,15,409,1024,66,35,1,-1,-1,-1
75,16,2208,989,65,42,1,-1,-1,-1
75,17,1926,986,51,40,1,-1,-1,-1
75,18,1240,1010,40,40,1,-1,-1,-1
75,19,1667,1001,48,32,1,-1,-1,-1
75,20,2165,986,57,38,1,-1,-1,-1
75,21,583,1023,54,25,1,-1,-1,-1
75,23,1981,986,38,50,1,-1,-1,-1
75,24,2236,984,38,42,1,-1,-1,-1
75,25,1130,1016,56,28,1,-1,-1,-1
75,26,2057,989,72,44,1,-1,-1,-1
75,27,1213,1008,65,34,1,-1,-1,-1
75,28,1927,986,88,52,1,-1,-1,-1
75,29,1847,997,65,38,1,-1,-1,-1
75,30,1667,996,60,40,1,-1,-1,-1
75,31,1926,984,88,48,1,-1,-1,-1
75,32,1541,1002,83,40,1,-1,-1,-1
75,33,1237,1008,48,32,1,-1,-1,-1
75,34,1677,996,71,40,1,-1,-1,-1
75,35,1302,1004,72,40,1,-1,-1,-1
75,36,300,1028,64,32,1,-1,-1,-1
75,37,2032,988,96,40,1,-1,-1,-1
75,38,2164,983,76,48,1,-1,-1,-1
75,39,1202,1006,52,40,1,-1,-1,-1
75,41,652,1019,57,30,1,-1,-1,-1
75,42,2029,990,64,40,1,-1,-1,-1
75,43,589,1021,56,28,1,-1,-1,-1
75,44,1533,999,92,36,1,-1,-1,-1
75,45,1825,995,60,40,1,-1,-1,-1
75,46,1758,993,64,40,1,-1,-1,-1
75,47,2165,984,112,52,1,-1,-1,-1
75,48,657,1020,60,28,1,-1,-1,-1
75,49,411,1020,68,36,1,-1,-1,-1
75,50,1669,995,67,38,1,-1,-1,-1
75,51,2353,976,92,48,1,-1,-1,-1
75,52,1748,993,40,44,1,-1,-1,-1
75,53,1849,996,72,36,1,-1,-1,-1
75,54,1814,996,36,36,1,-1,-1,-1
76,0,419,1026,64,32,1,-1,-1,-1
76,1,1924,987,92,52,1,-1,-1,-1
76,2,1132,1017,56,32,1,-1,-1,-1
76,3,299,1032,64,28,1,-1,-1,-1
76,4,585,1021,58,29,1,-1,-1,-1
76,5,1536,1001,68,40,1,-1,-1,-1
76,6,651,1022,65,30,1,-1,-1,-1
76,7,1302,1004,72,40,1,-1,-1,-1
76,9,2029,989,104,48,1,-1,-1,-1
76,10,1209,1009,65,38,1,-1,-1,-1
76,11,2415,984,47,40,1,-1,-1,-1
76,12,2171,982,103,42,1,-1,-1,-1
76,13,2361,980,75,49,1,-1,-1,-1
76,14,1839,995,69,34,1,-1,-1,-1
76,15,411,1023,66,35,1,-1,-1,-1
76,16,2210,988,65,42,1,-1,-1,-1
76,17,1926,986,51,40,1,-1,-1,-1
76,18,1242,1010,40,40,1,-1,-1,-1
76,19,1670,1001,48,32,1,-1,-1,-1
76,20,2166,986,57,38,1,-1,-1,-1
76,21,586,1022,57,27,1,-1,-1,-1
76,23,1982,986,38,50,1,-1,-1,-1
76,24,2238,985,38,42,1,-1,-1,-1
76,25,1134,1016,56,28,1,-1,-1,-1
76,26,2058,988,72,44,1,-1,-1,-1
76,27,1215,1008,65,34,1,-1,-1,-1
76,28,1929,985,88,52,1,-1,-1,-1
76,29,1850,996,65,38,1,-1,-1,-1
76,30,1669,996,60,40,1,-1,-1,-1
76,31,1928,983,88,48,1,-1,-1,-1
76,32,1543,1002,83,40,1,-1,-1,-1
76,33,1239,1008,48,32,1,-1,-1,-1
76,34,1679,996,71,40,1,-1,-1,-1
76,35,1305,1004,72,40,1,-1,-1,-1
76,36,301,1029,64,32,1,-1,-1,-1
76,37,2034,988,96,40,1,-1,-1,-1
76,38,2166,983,76,48,1,-1,-1,-1
76,39,1205,1006,52,40,1,-1,-1,-1
76,41,655,1019,57,30,1,-1,-1,-1
76,42,2030,989,64,40,1,-1,-1,-1
76,43,591,1020,56,28,1,-1,-1,-1
76,44,1535,999,92,36,1,-1,-1,-1
76,45,1826,995,60,40,1,-1,-1,-1
76,46,1759,993,64,40,1,-1,-1,-1
76,47,2168,984,112,52,1,-1,-1,-1
76,48,660,1021,57,27,1,-1,-1,-1
76,49,414,1020,68,36,1,-1,-1,-1
76,50,1671,995,67,38,1,-1,-1,-1
76,51,2352,975,97,50,1,-1,-1,-1
76,52,1748,992,42,46,1,-1,-1,-1
76,53,1852,995,72,36,1,-1,-1,-1
76,54,1816,996,36,36,1,-1,-1,-1
77,0,422,1028,61,30,1,-1,-1,-1
77,1,1926,987,92,52,1,-1,-1,-1
77,2,1134,1017,56,32,1,-1,-1,-1
77,3,301,1032,64,28,1,-1,-1,-1
77,4,588,1021,58,29,1,-1,-1,-1
77,5,1538,1001,68,40,1,-1,-1,-1
77,6,653,1021,65,30,1,-1,-1,-1
77,7,1305,1004,72,40,1,-1,-1,-1
77,9,2030,989,104,48,1,-1,-1,-1
77,10,1211,1009,65,38,1,-1,-1,-1
77,11,2419,986,45,38,1,-1,-1,-1
77,12,2173,981,103,42,1,-1,-1,-1
77,13,2362,980,75,49,1,-1,-1,-1
77,14,1841,994,69,34,1,-1,-1,-1
77,15,413,1023,66,35,1,-1,-1,-1
77,16,2211,987,65,42,1,-1,-1,-1
77,17,1929,986,51,40,1,-1,-1,-1
77,18,1244,1010,40,40,1,-1,-1,-1
77,19,1671,1001,48,32,1,-1,-1,-1
77,20,2168,986,57,38,1,-1,-1,-1
77,21,587,1022,57,27,1,-1,-1,-1
77,23,1984,985,38,50,1,-1,-1,-1
77,24,2239,983,38,42,1,-1,-1,-1
77,25,1135,1016,56,28,1,-1,-1,-1
77,26,2059,988,72,44,1,-1,-1,-1
77,27,1216,1008,65,34,1,-1,-1,-1
77,28,1930,984,88,52,1,-1,-1,-1
77,29,1852,996,65,38,1,-1,-1,-1
77,30,1671,996,60,40,1,-1,-1,-1
77,31,1930,983,88,48,1,-1,-1,-1
77,32,1545,1002,83,40,1,-1,-1,-1
77,33,1241,1008,50,34,1,-1,-1,-1
77,34,1682,996,67,38,1,-1,-1,-1
77,35,1307,1003,72,40,1,-1,-1,-1
77,36,303,1028,64,32,1,-1,-1,-1
77,37,2035,987,96,40,1,-1,-1,-1
77,38,2167,982,76,48,1,-1,-1,-1
77,39,1206,1006,52,40,1,-1,-1,-1
77,41,656,1019,57,30,1,-1,-1,-1
77,42,2032,989,64,40,1,-1,-1,-1
77,43,596,1021,56,28,1,-1,-1,-1
77,44,1537,999,92,36,1,-1,-1,-1
77,45,1828,994,60,40,1,-1,-1,-1
77,46,1761,994,64,40,1,-1,-1,-1
77,47,2169,984,112,52,1,-1,-1,-1
77,48,664,1021,57,27,1,-1,-1,-1
77,49,417,1020,68,36,1,-1,-1,-1
77,50,1672,995,67,38,1,-1,-1,-1
77,51,2353,975,97,50,1,-1,-1,-1
77,52,1750,992,42,46,1,-1,-1,-1
77,53,1853,995,72,36,1,-1,-1,-1
77,54,1818,996,36,36,1,-1,-1,-1
78,0,426,1026,64,32,1,-1,-1,-1
78,1,1928,987,92,52,1,-1,-1,-1
78,2,1138,1016,56,32,1,-1,-1,-1
78,3,306,1031,64,28,1,-1,-1,-1
78,4,594,1022,58,29,1,-1,-1,-1
78,5,1543,1001,68,40,1,-1,-1,-1
78,6,660,1022,62,29,1,-1,-1,-1
78,7,1310,1004,72,40,1,-1,-1,-1
78,9,2034,988,104,48,1,-1,-1,-1
78,10,1216,1008,65,38,1,-1,-1,-1
78,11,2423,985,45,38,1,-1,-1,-1
78,12,2178,982,98,40,1,-1,-1,-1
78,13,2366,980,75,49,1,-1,-1,-1
78,14,1845,994,69,34,1,-1,-1,-1
78,15,417,1021,69,37,1,-1,-1,-1
78,16,2215,987,65,42,1,-1,-1,-1
78,17,1933,985,51,40,1,-1,-1,-1
78,18,1248,1009,40,40,1,-1,-1,-1
78,19,1674,1001,48,32,1,-1,-1,-1
78,20,2172,985,57,38,1,-1,-1,-1
78,21,593,1022,57,27,1,-1,-1,-1
78,23,1988,983,38,50,1,-1,-1,-1
78,24,2243,984,38,42,1,-1,-1,-1
78,25,1140,1016,56,28,1,-1,-1,-1
78,26,2063,988,72,44,1,-1,-1,-1
78,27,1222,1008,65,34,1,-1,-1,-1
78,28,1934,985,88,52,1,-1,-1,-1
78,29,1856,996,65,38,1,-1,-1,-1
78,30,1675,996,60,40,1,-1,-1,-1
78,31,1933,983,88,48,1,-1,-1,-1
78,32,1550,1002,83,40,1,-1,-1,-1
78,33,1245,1006,50,34,1,-1,-1,-1
78,34,1686,996,67,38,1,-1,-1,-1
78,35,1311,1002,72,40,1,-1,-1,-1
78,36,308,1027,64,32,1,-1,-1,-1
78,37,2039,986,96,40,1,-1,-1,-1
78,38,2170,981,76,48,1,-1,-1,-1
78,39,1212,1006,52,40,1,-1,-1,-1
78,41,662,1019,57,30,1,-1,-1,-1
78,42,2035,988,64,40,1,-1,-1,-1
78,43,599,1021,56,28,1,-1,-1,-1
78,44,1542,999,92,36,1,-1,-1,-1
78,45,1833,995,60,40,1,-1,-1,-1
78,46,1766,993,64,40,1,-1,-1,-1
78,47,2174,984,107,50,1,-1,-1,-1
78,48,668,1021,57,27,1,-1,-1,-1
78,49,422,1019,68,36,1,-1,-1,-1
78,50,1678,995,67,38,1,-1,-1,-1
78,51,2357,975,97,50,1,-1,-1,-1
78,52,1754,992,42,46,1,-1,-1,-1
78,53,1858,995,72,36,1,-1,-1,-1
78,54,1822,996,36,36,1,-1,-1,-1
79,0,428,1025,64,32,1,-1,-1,-1
79,1,1931,987,92,52,1,-1,-1,-1
79,2,1143,1017,53,30,1,-1,-1,-1
79,3,308,1031,64,28,1,-1,-1,-1
79,4,597,1021,58,29,1,-1,-1,-1
79,5,1546,1001,68,40,1,-1,-1,-1
79,6,662,1022,62,29,1,-1,-1,-1
79,7,1312,1003,72,40,1,-1,-1,-1
79,9,2034,988,104,48,1,-1,-1,-1
79,10,1217,1007,65,38,1,-1,-1,-1
79,11,2426,986,43,36,1,-1,-1,-1
79,12,2179,982,98,40,1,-1,-1,-1
79,13,2368,978,75,49,1,-1,-1,-1
79,14,1847,994,69,34,1,-1,-1,-1
79,15,420,1022,66,35,1,-1,-1,-1
79,16,2217,987,65,42,1,-1,-1,-1
79,17,1935,985,51,40,1,-1,-1,-1
79,18,1250,1008,40,40,1,-1,-1,-1
79,19,1676,1001,48,32,1,-1,-1,-1
79,20,2173,985,57,38,1,-1,-1,-1
79,21,596,1022,54,25,1,-1,-1,-1
79,23,1990,983,38,50,1,-1,-1,-1
79,24,2245,984,38,42,1,-1,-1,-1
79,25,1145,1016,53,27,1,-1,-1,-1
79,26,2063,988,72,44,1,-1,-1,-1
79,27,1223,1007,65,34,1,-1,-1,-1
79,28,1935,985,88,52,1,-1,-1,-1
79,29,1857,996,65,38,1,-1,-1,-1
79,30,1677,997,60,40,1,-1,-1,-1
79,31,1935,983,88,48,1,-1,-1,-1
79,32,1549,1001,88,42,1,-1,-1,-1
79,33,1247,1005,50,34,1,-1,-1,-1
79,34,1688,996,67,38,1,-1,-1,-1
79,35,1313,1002,72,40,1,-1,-1,-1
79,36,309,1027,64,32,1,-1,-1,-1
79,37,2040,986,96,40,1,-1,-1,-1
79,38,2171,981,76,48,1,-1,-1,-1
79,39,1213,1005,52,40,1,-1,-1,-1
79,41,665,1020,54,29,1,-1,-1,-1
79,42,2038,988,64,40,1,-1,-1,-1
79,43,602,1021,56,28,1,-1,-1,-1
79,44,1543,999,92,36,1,-1,-1,-1
79,45,1835,994,60,40,1,-1,-1,-1
79,46,1767,993,64,40,1,-1,-1,-1
79,47,2177,983,107,50,1,-1,-1,-1
79,48,671,1021,54,25,1,-1,-1,-1
79,49,425,1018,68,36,1,-1,-1,-1
79,50,1679,995,67,38,1,-1,-1,-1
79,51,2358,974,97,50,1,-1,-1,-1
79,52,1757,993,42,46,1,-1,-1,-1
79,53,1860,994,72,36,1,-1,-1,-1
79,54,1825,996,36,36,1,-1,-1,-1
80,0,431,1025,64,32,1,-1,-1,-1
80,1,1933,987,92,52,1,-1,-1,-1
80,2,1145,1017,53,30,1,-1,-1,-1
80,3,311,1030,64,28,1,-1,-1,-1
80,4,599,1021,58,29,1,-1,-1,-1
80,5,1547,1000,68,40,1,-1,-1,-1
80,6,665,1021,62,29,1,-1,-1,-1
80,7,1314,1003,72,40,1,-1,-1,-1
80,9,2036,988,104,48,1,-1,-1,-1
80,10,1221,1007,65,38,1,-1,-1,-1
80,11,2429,986,43,36,1,-1,-1,-1
80,12,2180,982,98,40,1,-1,-1,-1
80,13,2369,979,75,49,1,-1,-1,-1
80,14,1850,993,69,34,1,-1,-1,-1
80,15,422,1022,66,35,1,-1,-1,-1
80,16,2217,987,65,42,1,-1,-1,-1
80,17,1938,986,51,40,1,-1,-1,-1
80,18,1253,1008,40,40,1,-1,-1,-1
80,19,1679,1001,48,32,1,-1,-1,-1
80,20,2175,986,54,36,1,-1,-1,-1
80,21,602,1023,52,24,1,-1,-1,-1
80,23,1993,983,38,50,1,-1,-1,-1
80,24,2246,984,38,42,1,-1,-1,-1
80,25,1144,1015,56,28,1,-1,-1,-1
80,26,2065,988,72,44,1,-1,-1,-1
80,27,1226,1006,65,34,1,-1,-1,-1
80,28,1937,985,88,52,1,-1,-1,-1
80,29,1860,995,65,38,1,-1,-1,-1
80,30,1679,997,60,40,1,-1,-1,-1
80,31,1937,983,88,48,1,-1,-1,-1
80,32,1551,1000,88,42,1,-1,-1,-1
80,33,1251,1006,50,34,1,-1,-1,-1
80,34,1689,996,67,38,1,-1,-1,-1
80,35,1316,1001,72,40,1,-1,-1,-1
80,36,313,1027,64,32,1,-1,-1,-1
80,37,2041,986,96,40,1,-1,-1,-1
80,38,2172,981,76,48,1,-1,-1,-1
80,39,1216,1006,52,40,1,-1,-1,-1
80,41,668,1018,54,29,1,-1,-1,-1
80,42,2038,988,64,40,1,-1,-1,-1
80,43,605,1021,56,28,1,-1,-1,-1
80,44,1545,999,92,36,1,-1,-1,-1
80,45,1838,994,60,40,1,-1,-1,-1
80,46,1772,993,61,38,1,-1,-1,-1
80,47,2178,982,107,50,1,-1,-1,-1
80,48,674,1021,54,25,1,-1,-1,-1
80,49,427,1018,68,36,1,-1,-1,-1
80,50,1680,995,67,38,1,-1,-1,-1
80,51,2356,973,101,53,1,-1,-1,-1
80,52,1759,993,42,46,1,-1,-1,-1
80,53,1862,993,72,36,1,-1,-1,-1
80,54,1827,996,36,36,1,-1,-1,-1
81,0,431,1025,64,32,1,-1,-1,-1
81,1,1933,987,92,52,1,-1,-1,-1
81,2,1145,1017,53,30,1,-1,-1,-1
81,3,311,1030,64,28,1,-1,-1,-1
81,4,599,1021,58,29,1,-1,-1,-1
81,5,1547,1000,68,40,1,-1,-1,-1
81,6,665,1021,62,29,1,-1,-1,-1
81,7,1314,1003,72,40,1,-1,-1,-1
81,9,2036,988,104,48,1,-1,-1,-1
81,10,1221,1007,65,38,1,-1,-1,-1
81,11,2429,986,43,36,1,-1,-1,-1
81,12,2180,980,104,48,1,-1,-1,-1
81,13,2369,979,75,49,1,-1,-1,-1
81,14,1850,993,69,34,1,-1,-1,-1
81,15,422,1022,66,35,1,-1,-1,-1
81,16,2217,987,65,42,1,-1,-1,-1
81,17,1938,986,51,40,1,-1,-1,-1
81,18,1253,1008,40,40,1,-1,-1,-1
81,19,1680,996,44,36,1,-1,-1,-1
81,20,2175,986,54,36,1,-1,-1,-1
81,21,600,1020,56,28,1,-1,-1,-1
81,23,1993,983,38,50,1,-1,-1,-1
81,24,2246,984,38,42,1,-1,-1,-1
81,25,1144,1012,56,32,1,-1,-1,-1
81,26,2065,988,72,44,1,-1,-1,-1
81,27,1228,1004,72,36,1,-1,-1,-1
81,28,1948,988,76,44,1,-1,-1,-1
81,29,1860,995,65,38,1,-1,-1,-1
81,30,1679,997,60,40,1,-1,-1,-1
81,31,1937,983,88,48,1,-1,-1,-1
81,32,1551,1000,88,42,1,-1,-1,-1
81,33,1251,1006,50,34,1,-1,-1,-1
81,34,1689,996,67,38,1,-1,-1,-1
81,35,1316,1000,76,40,1,-1,-1,-1
81,36,313,1027,64,32,1,-1,-1,-1
81,37,2044,988,96,40,1,-1,-1,-1
81,38,2172,981,76,48,1,-1,-1,-1
81,39,1216,1006,52,40,1,-1,-1,-1
81,41,668,1018,54,29,1,-1,-1,-1
81,42,2038,988,64,40,1,-1,-1,-1
81,43,605,1021,56,28,1,-1,-1,-1
81,44,1548,1000,84,36,1,-1,-1,-1
81,45,1838,994,60,40,1,-1,-1,-1
81,46,1772,993,61,38,1,-1,-1,-1
81,47,2178,982,107,50,1,-1,-1,-1
81,48,676,1016,56,32,1,-1,-1,-1
81,49,428,1020,72,32,1,-1,-1,-1
81,50,1680,995,67,38,1,-1,-1,-1
81,51,2412,984,56,36,1,-1,-1,-1
81,52,1759,993,42,46,1,-1,-1,-1
81,53,1860,992,64,36,1,-1,-1,-1
81,54,1827,996,36,36,1,-1,-1,-1
81,55,316,1020,60,32,1,-1,-1,-1
81,56,2308,972,52,40,1,-1,-1,-1
82,0,437,1025,64,32,1,-1,-1,-1
82,1,1938,987,92,52,1,-1,-1,-1
82,2,1151,1016,53,30,1,-1,-1,-1
82,3,317,1030,64,28,1,-1,-1,-1
82,4,606,1021,58,29,1,-1,-1,-1
82,5,1554,1000,68,40,1,-1,-1,-1
82,6,670,1020,65,30,1,-1,-1,-1
82,7,1320,1002,72,40,1,-1,-1,-1
82,9,2041,988,104,48,1,-1,-1,-1
82,10,1226,1007,65,38,1,-1,-1,-1
82,11,2435,985,43,36,1,-1,-1,-1
82,12,2182,980,104,48,1,-1,-1,-1
82,13,2377,979,71,46,1,-1,-1,-1
82,14,1856,993,69,34,1,-1,-1,-1
82,15,429,1022,66,35,1,-1,-1,-1
82,16,2223,987,65,42,1,-1,-1,-1
82,17,1943,986,51,40,1,-1,-1,-1
82,18,1258,1008,40,40,1,-1,-1,-1
82,19,1683,996,44,36,1,-1,-1,-1
82,20,2179,986,54,36,1,-1,-1,-1
82,21,605,1019,56,28,1,-1,-1,-1
82,23,1998,983,38,50,1,-1,-1,-1
82,24,2251,983,38,42,1,-1,-1,-1
82,25,1148,1012,56,32,1,-1,-1,-1
82,26,2070,988,72,44,1,-1,-1,-1
82,27,1231,1004,72,36,1,-1,-1,-1
82,28,1951,987,76,44,1,-1,-1,-1
82,29,1865,994,65,38,1,-1,-1,-1
82,30,1683,996,60,40,1,-1,-1,-1
82,31,1944,983,88,48,1,-1,-1,-1
82,32,1558,1001,88,42,1,-1,-1,-1
82,33,1255,1006,50,34,1,-1,-1,-1
82,34,1694,995,67,38,1,-1,-1,-1
82,35,1319,1000,76,40,1,-1,-1,-1
82,36,319,1027,64,32,1,-1,-1,-1
82,37,2046,987,96,40,1,-1,-1,-1
82,38,2176,981,76,48,1,-1,-1,-1
82,39,1221,1006,52,40,1,-1,-1,-1
82,41,674,1017,54,29,1,-1,-1,-1
82,42,2044,987,64,40,1,-1,-1,-1
82,43,613,1020,56,28,1,-1,-1,-1
82,44,1551,1000,84,36,1,-1,-1,-1
82,45,1843,993,60,40,1,-1,-1,-1
82,46,1777,993,61,38,1,-1,-1,-1
82,47,2182,983,102,47,1,-1,-1,-1
82,48,681,1016,56,32,1,-1,-1,-1
82,49,433,1020,72,32,1,-1,-1,-1
82,50,1685,995,67,38,1,-1,-1,-1
82,51,2415,984,56,36,1,-1,-1,-1
82,52,1763,991,42,46,1,-1,-1,-1
82,53,1863,992,64,36,1,-1,-1,-1
82,54,1833,995,36,36,1,-1,-1,-1
82,55,321,1020,60,32,1,-1,-1,-1
82,56,2304,973,52,40,1,-1,-1,-1
83,0,438,1024,64,32,1,-1,-1,-1
83,1,1939,986,92,52,1,-1,-1,-1
83,2,1151,1015,56,32,1,-1,-1,-1
83,3,319,1030,64,28,1,-1,-1,-1
83,4,609,1020,58,29,1,-1,-1,-1
83,5,1554,1000,68,40,1,-1,-1,-1
83,6,672,1019,65,30,1,-1,-1,-1
83,7,1321,1002,72,40,1,-1,-1,-1
83,9,2042,987,104,48,1,-1,-1,-1
83,10,1227,1007,65,38,1,-1,-1,-1
83,11,2433,985,43,36,1,-1,-1,-1
83,12,2184,980,104,48,1,-1,-1,-1
83,13,2378,978,71,46,1,-1,-1,-1
83,14,1857,993,69,34,1,-1,-1,-1
83,15,430,1021,66,35,1,-1,-1,-1
83,16,2225,986,65,42,1,-1,-1,-1
83,17,1944,985,51,40,1,-1,-1,-1
83,18,1261,1008,40,40,1,-1,-1,-1
83,19,1684,995,44,36,1,-1,-1,-1
83,20,2179,985,54,36,1,-1,-1,-1
83,21,607,1019,56,28,1,-1,-1,-1
83,23,1999,983,38,50,1,-1,-1,-1
83,24,2253,983,38,42,1,-1,-1,-1
83,25,1150,1012,56,32,1,-1,-1,-1
83,26,2071,987,72,44,1,-1,-1,-1
83,27,1233,1004,72,36,1,-1,-1,-1
83,28,1953,987,76,44,1,-1,-1,-1
83,29,1867,994,65,38,1,-1,-1,-1
83,30,1684,995,60,40,1,-1,-1,-1
83,31,1944,983,88,48,1,-1,-1,-1
83,32,1558,1000,88,42,1,-1,-1,-1
83,33,1258,1007,50,34,1,-1,-1,-1
83,34,1694,995,67,38,1,-1,-1,-1
83,35,1322,1000,76,40,1,-1,-1,-1
83,36,320,1027,64,32,1,-1,-1,-1
83,37,2048,988,96,40,1,-1,-1,-1
83,38,2179,981,72,46,1,-1,-1,-1
83,39,1222,1006,52,40,1,-1,-1,-1
83,41,676,1017,54,29,1,-1,-1,-1
83,42,2046,986,64,40,1,-1,-1,-1
83,43,615,1019,56,28,1,-1,-1,-1
83,44,1553,1000,84,36,1,-1,-1,-1
83,45,1845,992,60,40,1,-1,-1,-1
83,46,1778,992,61,38,1,-1,-1,-1
83,47,2182,981,107,50,1,-1,-1,-1
83,48,683,1016,56,32,1,-1,-1,-1
83,49,436,1021,69,30,1,-1,-1,-1
83,50,1685,994,67,38,1,-1,-1,-1
83,51,2416,984,56,36,1,-1,-1,-1
83,52,1765,990,42,46,1,-1,-1,-1
83,53,1864,992,64,36,1,-1,-1,-1
83,54,1834,995,36,36,1,-1,-1,-1
83,55,323,1020,60,32,1,-1,-1,-1
83,56,2303,975,52,40,1,-1,-1,-1
84,0,441,1025,64,32,1,-1,-1,-1
84,1,1941,986,92,52,1,-1,-1,-1
84,2,1153,1015,56,32,1,-1,-1,-1
84,3,321,1029,64,28,1,-1,-1,-1
84,4,611,1019,58,29,1,-1,-1,-1
84,5,1555,1000,68,40,1,-1,-1,-1
84,6,674,1019,65,30,1,-1,-1,-1
84,7,1322,1001,72,40,1,-1,-1,-1
84,9,2043,987,104,48,1,-1,-1,-1
84,10,1229,1007,65,38,1,-1,-1,-1
84,11,2437,985,43,36,1,-1,-1,-1
84,12,2184,979,104,48,1,-1,-1,-1
84,13,2378,977,71,46,1,-1,-1,-1
84,14,1858,992,69,34,1,-1,-1,-1
84,15,433,1021,66,35,1,-1,-1,-1
84,16,2226,986,65,42,1,-1,-1,-1
84,17,1946,984,51,40,1,-1,-1,-1
84,18,1263,1008,40,40,1,-1,-1,-1
84,19,1686,994,44,36,1,-1,-1,-1
84,20,2181,985,54,36,1,-1,-1,-1
84,21,610,1019,56,28,1,-1,-1,-1
84,23,2001,982,38,50,1,-1,-1,-1
84,24,2254,982,38,42,1,-1,-1,-1
84,25,1151,1012,56,32,1,-1,-1,-1
84,26,2072,987,72,44,1,-1,-1,-1
84,27,1235,1004,72,36,1,-1,-1,-1
84,28,1954,987,76,44,1,-1,-1,-1
84,29,1868,993,65,38,1,-1,-1,-1
84,30,1686,995,60,40,1,-1,-1,-1
84,31,1945,983,88,48,1,-1,-1,-1
84,32,1560,1000,88,42,1,-1,-1,-1
84,33,1260,1006,50,34,1,-1,-1,-1
84,34,1696,995,67,38,1,-1,-1,-1
84,35,1324,1000,76,40,1,-1,-1,-1
84,36,322,1027,64,32,1,-1,-1,-1
84,37,2048,987,96,40,1,-1,-1,-1
84,38,2181,981,72,46,1,-1,-1,-1
84,39,1224,1005,52,40,1,-1,-1,-1
84,41,678,1018,54,29,1,-1,-1,-1
84,42,2046,986,64,40,1,-1,-1,-1
84,43,618,1018,56,28,1,-1,-1,-1
84,44,1555,1000,84,36,1,-1,-1,-1
84,45,1846,992,60,40,1,-1,-1,-1
84,46,1780,991,61,38,1,-1,-1,-1
84,47,2184,981,107,50,1,-1,-1,-1
84,48,685,1016,56,32,1,-1,-1,-1
84,49,439,1021,69,30,1,-1,-1,-1
84,50,1687,994,67,38,1,-1,-1,-1
84,51,2419,984,56,36,1,-1,-1,-1
84,52,1767,990,42,46,1,-1,-1,-1
84,53,1866,992,64,36,1,-1,-1,-1
84,54,1835,994,36,36,1,-1,-1,-1
84,55,325,1020,60,32,1,-1,-1,-1
84,56,2301,976,52,40,1,-1,-1,-1
85,0,443,1025,64,32,1,-1,-1,-1
85,1,1943,986,92,52,1,-1,-1,-1
85,2,1155,1015,56,32,1,-1,-1,-1
85,3,323,1029,64,28,1,-1,-1,-1
85,4,615,1018,58,29,1,-1,-1,-1
85,5,1557,999,68,40,1,-1,-1,-1
85,6,675,1018,65,30,1,-1,-1,-1
85,7,1324,1001,72,40,1,-1,-1,-1
85,9,2044,987,104,48,1,-1,-1,-1
85,10,1229,1006,65,38,1,-1,-1,-1
85,11,2440,984,43,36,1,-1,-1,-1
85,12,2189,980,99,46,1,-1,-1,-1
85,13,2381,977,71,46,1,-1,-1,-1
85,14,1860,992,69,34,1,-1,-1,-1
85,15,435,1022,66,35,1,-1,-1,-1
85,16,2227,985,65,42,1,-1,-1,-1
85,17,1947,984,51,40,1,-1,-1,-1
85,18,1264,1008,40,40,1,-1,-1,-1
85,19,1687,994,44,36,1,-1,-1,-1
85,20,2182,985,54,36,1,-1,-1,-1
85,21,616,1019,53,27,1,-1,-1,-1
85,23,2003,982,38,50,1,-1,-1,-1
85,24,2255,981,38,42,1,-1,-1,-1
85,25,1154,1012,56,32,1,-1,-1,-1
85,26,2073,986,72,44,1,-1,-1,-1
85,27,1236,1004,72,36,1,-1,-1,-1
85,28,1955,987,76,44,1,-1,-1,-1
85,29,1871,993,65,38,1,-1,-1,-1
85,30,1687,994,60,40,1,-1,-1,-1
85,31,1947,982,88,48,1,-1,-1,-1
85,32,1562,999,88,42,1,-1,-1,-1
85,33,1262,1005,50,34,1,-1,-1,-1
85,34,1697,994,67,38,1,-1,-1,-1
85,35,1326,1000,76,40,1,-1,-1,-1
85,36,325,1026,64,32,1,-1,-1,-1
85,37,2050,987,96,40,1,-1,-1,-1
85,38,2182,980,72,46,1,-1,-1,-1
85,39,1225,1004,52,40,1,-1,-1,-1
85,41,680,1016,54,29,1,-1,-1,-1
85,42,2048,986,61,38,1,-1,-1,-1
85,43,620,1018,56,28,1,-1,-1,-1
85,44,1557,1000,84,36,1,-1,-1,-1
85,45,1848,992,60,40,1,-1,-1,-1
85,46,1782,990,61,38,1,-1,-1,-1
85,47,2182,980,112,52,1,-1,-1,-1
85,48,687,1015,56,32,1,-1,-1,-1
85,49,441,1021,69,30,1,-1,-1,-1
85,50,1688,993,67,38,1,-1,-1,-1
85,51,2421,984,56,36,1,-1,-1,-1
85,52,1768,988,42,46,1,-1,-1,-1
85,53,1868,992,64,36,1,-1,-1,-1
85,54,1838,994,36,36,1,-1,-1,-1
85,55,327,1020,60,32,1,-1,-1,-1
85,56,2299,976,52,40,1,-1,-1,-1
86,0,450,1025,64,32,1,-1,-1,-1
86,1,1947,986,92,52,1,-1,-1,-1
86,2,1160,1014,56,32,1,-1,-1,-1
86,3,329,1029,64,28,1,-1,-1,-1
86,4,621,1019,55,28,1,-1,-1,-1
86,5,1563,999,68,40,1,-1,-1,-1
86,6,681,1018,65,30,1,-1,-1,-1
86,7,1330,1001,72,40,1,-1,-1,-1
86,9,2047,986,104,48,1,-1,-1,-1
86,10,1234,1005,65,38,1,-1,-1,-1
86,11,2442,984,43,36,1,-1,-1,-1
86,12,2191,980,99,46,1,-1,-1,-1
86,13,2386,978,71,46,1,-1,-1,-1
86,14,1865,991,69,34,1,-1,-1,-1
86,15,441,1021,66,35,1,-1,-1,-1
86,16,2231,984,65,42,1,-1,-1,-1
86,17,1951,983,51,40,1,-1,-1,-1
86,18,1268,1007,40,40,1,-1,-1,-1
86,19,1690,993,44,36,1,-1,-1,-1
86,20,2184,983,57,38,1,-1,-1,-1
86,21,620,1019,53,27,1,-1,-1,-1
86,23,2006,983,38,50,1,-1,-1,-1
86,24,2258,981,38,42,1,-1,-1,-1
86,25,1159,1011,56,32,1,-1,-1,-1
86,26,2075,985,72,44,1,-1,-1,-1
86,27,1240,1003,76,38,1,-1,-1,-1
86,28,1959,986,76,44,1,-1,-1,-1
86,29,1875,993,65,38,1,-1,-1,-1
86,30,1690,993,60,40,1,-1,-1,-1
86,31,1951,981,88,48,1,-1,-1,-1
86,32,1567,999,88,42,1,-1,-1,-1
86,33,1266,1005,50,34,1,-1,-1,-1
86,34,1701,994,67,38,1,-1,-1,-1
86,35,1331,999,76,40,1,-1,-1,-1
86,36,328,1025,67,34,1,-1,-1,-1
86,37,2054,986,96,40,1,-1,-1,-1
86,38,2186,980,72,46,1,-1,-1,-1
86,39,1229,1003,52,40,1,-1,-1,-1
86,41,686,1016,54,29,1,-1,-1,-1
86,42,2052,985,61,38,1,-1,-1,-1
86,43,627,1018,53,27,1,-1,-1,-1
86,44,1561,1000,84,36,1,-1,-1,-1
86,45,1853,991,60,40,1,-1,-1,-1
86,46,1788,990,61,38,1,-1,-1,-1
86,47,2184,979,112,52,1,-1,-1,-1
86,48,693,1015,56,32,1,-1,-1,-1
86,49,447,1020,69,30,1,-1,-1,-1
86,50,1692,992,67,38,1,-1,-1,-1
86,51,2426,985,53,34,1,-1,-1,-1
86,52,1773,988,42,46,1,-1,-1,-1
86,53,1873,991,64,36,1,-1,-1,-1
86,54,1842,992,36,36,1,-1,-1,-1
86,55,332,1020,60,32,1,-1,-1,-1
86,56,2295,974,52,40,1,-1,-1,-1
87,0,452,1025,64,32,1,-1,-1,-1
87,1,1949,985,92,52,1,-1,-1,-1
87,2,1164,1014,56,32,1,-1,-1,-1
87,3,331,1029,64,28,1,-1,-1,-1
87,4,627,1020,53,26,1,-1,-1,-1
87,5,1564,999,68,40,1,-1,-1,-1
87,6,687,1018,62,29,1,-1,-1,-1
87,7,1331,1001,72,40,1,-1,-1,-1
87,9,2049,986,104,48,1,-1,-1,-1
87,10,1236,1005,65,38,1,-1,-1,-1
87,11,2445,984,43,36,1,-1,-1,-1
87,12,2193,980,99,46,1,-1,-1,-1
87,13,2385,978,75,49,1,-1,-1,-1
87,14,1866,991,69,34,1,-1,-1,-1
87,15,443,1021,66,35,1,-1,-1,-1
87,16,2232,984,65,42,1,-1,-1,-1
87,17,1953,983,51,40,1,-1,-1,-1
87,18,1271,1007,40,40,1,-1,-1,-1
87,19,1692,992,44,36,1,-1,-1,-1
87,20,2186,983,57,38,1,-1,-1,-1
87,21,623,1018,53,27,1,-1,-1,-1
87,23,2008,983,38,50,1,-1,-1,-1
87,24,2260,981,38,42,1,-1,-1,-1
87,25,1162,1010,56,32,1,-1,-1,-1
87,26,2079,986,69,42,1,-1,-1,-1
87,27,1242,1003,76,38,1,-1,-1,-1
87,28,1961,986,76,44,1,-1,-1,-1
87,29,1876,992,65,38,1,-1,-1,-1
87,30,1692,993,60,40,1,-1,-1,-1
87,31,1953,980,88,48,1,-1,-1,-1
87,32,1568,999,88,42,1,-1,-1,-1
87,33,1268,1004,50,34,1,-1,-1,-1
87,34,1702,993,67,38,1,-1,-1,-1
87,35,1333,1000,76,40,1,-1,-1,-1
87,36,331,1025,67,34,1,-1,-1,-1
87,37,2055,986,96,40,1,-1,-1,-1
87,38,2188,980,72,46,1,-1,-1,-1
87,39,1231,1003,52,40,1,-1,-1,-1
87,41,688,1016,54,29,1,-1,-1,-1
87,42,2052,985,61,38,1,-1,-1,-1
87,43,630,1018,53,27,1,-1,-1,-1
87,44,1563,999,84,36,1,-1,-1,-1
87,45,1855,990,60,40,1,-1,-1,-1
87,46,1788,990,61,38,1,-1,-1,-1
87,47,2187,980,112,52,1,-1,-1,-1
87,48,696,1014,56,32,1,-1,-1,-1
87,49,449,1020,69,30,1,-1,-1,-1
87,50,1695,993,64,36,1,-1,-1,-1
87,51,2428,984,53,34,1,-1,-1,-1
87,52,1776,988,42,46,1,-1,-1,-1
87,53,1874,991,64,36,1,-1,-1,-1
87,54,1844,991,38,38,1,-1,-1,-1
87,55,334,1019,60,32,1,-1,-1,-1
87,56,2294,973,52,40,1,-1,-1,-1
88,0,455,1024,64,32,1,-1,-1,-1
88,1,1951,985,92,52,1,-1,-1,-1
88,2,1165,1014,56,32,1,-1,-1,-1
88,3,332,1028,64,28,1,-1,-1,-1
88,4,628,1020,53,26,1,-1,-1,-1
88,5,1566,999,68,40,1,-1,-1,-1
88,6,688,1018,62,29,1,-1,-1,-1
88,7,1333,1000,76,42,1,-1,-1,-1
88,9,2051,985,104,48,1,-1,-1,-1
88,10,1238,1005,65,38,1,-1,-1,-1
88,11,2448,984,43,36,1,-1,-1,-1
88,12,2195,979,99,46,1,-1,-1,-1
88,13,2387,978,75,49,1,-1,-1,-1
88,14,1868,991,69,34,1,-1,-1,-1
88,15,447,1021,66,35,1,-1,-1,-1
88,16,2234,984,65,42,1,-1,-1,-1
88,17,1955,983,51,40,1,-1,-1,-1
88,18,1273,1007,40,40,1,-1,-1,-1
88,19,1695,993,44,36,1,-1,-1,-1
88,20,2189,983,57,38,1,-1,-1,-1
88,21,625,1019,53,27,1,-1,-1,-1
88,23,2009,983,38,50,1,-1,-1,-1
88,24,2261,981,38,42,1,-1,-1,-1
88,25,1163,1011,56,32,1,-1,-1,-1
88,26,2080,986,69,42,1,-1,-1,-1
88,27,1244,1002,76,38,1,-1,-1,-1
88,28,1963,986,76,44,1,-1,-1,-1
88,29,1880,993,62,36,1,-1,-1,-1
88,30,1695,993,60,40,1,-1,-1,-1
88,31,1955,981,88,48,1,-1,-1,-1
88,32,1570,999,88,42,1,-1,-1,-1
88,33,1270,1004,50,34,1,-1,-1,-1
88,34,1704,993,67,38,1,-1,-1,-1
88,35,1334,999,76,40,1,-1,-1,-1
88,36,332,1025,67,34,1,-1,-1,-1
88,37,2056,986,96,40,1,-1,-1,-1
88,38,2189,980,72,46,1,-1,-1,-1
88,39,1232,1003,52,40,1,-1,-1,-1
88,41,692,1016,54,29,1,-1,-1,-1
88,42,2054,984,61,38,1,-1,-1,-1
88,43,632,1018,53,27,1,-1,-1,-1
88,44,1565,999,84,36,1,-1,-1,-1
88,45,1857,990,60,40,1,-1,-1,-1
88,46,1790,990,61,38,1,-1,-1,-1
88,47,2189,979,112,52,1,-1,-1,-1
88,48,697,1014,56,32,1,-1,-1,-1
88,49,452,1019,72,32,1,-1,-1,-1
88,50,1698,993,64,36,1,-1,-1,-1
88,51,2429,984,53,34,1,-1,-1,-1
88,52,1778,988,42,46,1,-1,-1,-1
88,53,1876,991,64,36,1,-1,-1,-1
88,54,1847,991,38,38,1,-1,-1,-1
88,55,336,1019,60,32,1,-1,-1,-1
88,56,2291,972,52,40,1,-1,-1,-1
89,0,455,1024,64,32,1,-1,-1,-1
89,1,1951,985,92,52,1,-1,-1,-1
89,2,1165,1014,56,32,1,-1,-1,-1
89,3,332,1028,64,28,1,-1,-1,-1
89,4,628,1016,52,32,1,-1,-1,-1
89,5,1566,999,68,40,1,-1,-1,-1
89,6,688,1018,62,29,1,-1,-1,-1
89,7,1333,1000,76,42,1,-1,-1,-1
89,9,2051,985,104,48,1,-1,-1,-1
89,10,1238,1005,65,38,1,-1,-1,-1
89,11,2448,984,43,36,1,-1,-1,-1
89,12,2195,979,99,46,1,-1,-1,-1
89,13,2387,978,75,49,1,-1,-1,-1
89,14,1868,991,69,34,1,-1,-1,-1
89,15,447,1021,66,35,1,-1,-1,-1
89,17,1955,983,51,40,1,-1,-1,-1
89,19,1695,993,44,36,1,-1,-1,-1
89,21,625,1019,53,27,1,-1,-1,-1
89,23,2009,983,38,50,1,-1,-1,-1
89,24,2261,981,38,42,1,-1,-1,-1
89,25,1163,1011,56,32,1,-1,-1,-1
89,26,2072,984,80,40,1,-1,-1,-1
89,27,1260,1004,56,32,1,-1,-1,-1
89,28,1963,986,76,44,1,-1,-1,-1
89,29,1880,993,62,36,1,-1,-1,-1
89,30,1696,992,64,40,1,-1,-1,-1
89,31,1952,980,100,52,1,-1,-1,-1
89,32,1570,999,88,42,1,-1,-1,-1
89,33,1270,1004,50,34,1,-1,-1,-1
89,34,1704,993,67,38,1,-1,-1,-1
89,35,1340,996,72,40,1,-1,-1,-1
89,36,332,1025,67,34,1,-1,-1,-1
89,37,2056,986,96,40,1,-1,-1,-1
89,38,2189,980,72,46,1,-1,-1,-1
89,39,1232,1003,52,40,1,-1,-1,-1
89,41,692,1016,54,29,1,-1,-1,-1
89,42,2054,984,61,38,1,-1,-1,-1
89,43,632,1018,53,27,1,-1,-1,-1
89,44,1572,996,80,40,1,-1,-1,-1
89,45,1857,990,60,40,1,-1,-1,-1
89,46,1784,988,72,40,1,-1,-1,-1
89,47,2188,980,100,48,1,-1,-1,-1
89,48,696,1016,60,32,1,-1,-1,-1
89,49,452,1020,64,32,1,-1,-1,-1
89,50,1698,993,64,36,1,-1,-1,-1
89,51,2420,984,64,40,1,-1,-1,-1
89,52,1778,988,42,46,1,-1,-1,-1
89,53,1876,991,64,36,1,-1,-1,-1
89,54,1847,991,38,38,1,-1,-1,-1
89,55,336,1019,60,32,1,-1,-1,-1
89,56,2291,972,52,40,1,-1,-1,-1
89,57,1168,1012,60,32,1,-1,-1,-1
89,58,2296,972,76,52,1,-1,-1,-1
89,59,1860,988,68,40,1,-1,-1,-1
90,0,462,1023,67,34,1,-1,-1,-1
90,1,1960,984,92,52,1,-1,-1,-1
90,2,1172,1013,59,34,1,-1,-1,-1
90,3,341,1028,64,28,1,-1,-1,-1
90,4,634,1016,52,32,1,-1,-1,-1
90,5,1575,998,68,40,1,-1,-1,-1
90,6,698,1018,62,29,1,-1,-1,-1
90,7,1341,999,76,42,1,-1,-1,-1
90,9,2061,985,99,46,1,-1,-1,-1
90,10,1245,1005,65,38,1,-1,-1,-1
90,11,2455,985,43,36,1,-1,-1,-1
90,12,2203,979,99,46,1,-1,-1,-1
90,13,2395,977,75,49,1,-1,-1,-1
90,14,1876,990,69,34,1,-1,-1,-1
90,15,455,1021,66,35,1,-1,-1,-1
90,17,1964,982,51,40,1,-1,-1,-1
90,19,1702,993,44,36,1,-1,-1,-1
90,21,635,1018,53,27,1,-1,-1,-1
90,23,2016,981,38,50,1,-1,-1,-1
90,24,2269,981,38,42,1,-1,-1,-1
90,25,1173,1010,56,32,1,-1,-1,-1
90,26,2077,984,80,40,1,-1,-1,-1
90,27,1266,1003,56,32,1,-1,-1,-1
90,28,1972,985,76,44,1,-1,-1,-1
90,29,1888,993,62,36,1,-1,-1,-1
90,30,1702,992,64,40,1,-1,-1,-1
90,31,1959,980,100,52,1,-1,-1,-1
90,32,1581,999,83,40,1,-1,-1,-1
90,33,1277,1003,50,34,1,-1,-1,-1
90,34,1712,993,67,38,1,-1,-1,-1
90,35,1346,996,72,40,1,-1,-1,-1
90,36,341,1024,67,34,1,-1,-1,-1
90,37,2063,984,96,40,1,-1,-1,-1
90,38,2198,980,72,46,1,-1,-1,-1
90,39,1241,1003,52,40,1,-1,-1,-1
90,41,700,1016,54,29,1,-1,-1,-1
90,42,2061,983,61,38,1,-1,-1,-1
90,43,642,1018,53,27,1,-1,-1,-1
90,44,1579,996,80,40,1,-1,-1,-1
90,45,1865,990,60,40,1,-1,-1,-1
90,46,1790,988,72,40,1,-1,-1,-1
90,47,2193,980,100,48,1,-1,-1,-1
90,48,702,1016,60,32,1,-1,-1,-1
90,49,459,1020,64,32,1,-1,-1,-1
90,50,1705,993,64,36,1,-1,-1,-1
90,51,2425,984,64,40,1,-1,-1,-1
90,52,1786,987,42,46,1,-1,-1,-1
90,53,1885,990,64,36,1,-1,-1,-1
90,54,1855,991,38,38,1,-1,-1,-1
90,55,345,1019,60,32,1,-1,-1,-1
90,56,2289,973,52,40,1,-1,-1,-1
90,57,1174,1011,60,32,1,-1,-1,-1
90,58,2296,973,76,52,1,-1,-1,-1
90,59,1866,988,68,40,1,-1,-1,-1
91,0,467,1022,67,34,1,-1,-1,-1
91,1,1962,983,92,52,1,-1,-1,-1
91,2,1176,1012,59,34,1,-1,-1,-1
91,3,345,1028,64,28,1,-1,-1,-1
91,4,640,1017,50,30,1,-1,-1,-1
91,5,1578,998,65,38,1,-1,-1,-1
91,6,701,1018,62,29,1,-1,-1,-1
91,7,1344,1000,72,40,1,-1,-1,-1
91,9,2065,985,94,44,1,-1,-1,-1
91,10,1249,1005,65,38,1,-1,-1,-1
91,11,2458,985,43,36,1,-1,-1,-1
91,12,2205,979,99,46,1,-1,-1,-1
91,13,2398,977,75,49,1,-1,-1,-1
91,14,1880,990,69,34,1,-1,-1,-1
91,15,459,1020,66,35,1,-1,-1,-1
91,17,1967,983,51,40,1,-1,-1,-1
91,19,1705,993,44,36,1,-1,-1,-1
91,21,639,1018,53,27,1,-1,-1,-1
91,23,2019,980,38,50,1,-1,-1,-1
91,24,2272,981,38,42,1,-1,-1,-1
91,25,1177,1010,56,32,1,-1,-1,-1
91,26,2078,982,84,42,1,-1,-1,-1
91,27,1271,1004,53,30,1,-1,-1,-1
91,28,1975,984,76,44,1,-1,-1,-1
91,29,1891,993,62,36,1,-1,-1,-1
91,30,1704,993,64,40,1,-1,-1,-1
91,31,1961,980,100,52,1,-1,-1,-1
91,32,1583,999,83,40,1,-1,-1,-1
91,33,1280,1003,50,34,1,-1,-1,-1
91,34,1714,993,67,38,1,-1,-1,-1
91,35,1349,996,72,40,1,-1,-1,-1
91,36,344,1024,67,34,1,-1,-1,-1
91,37,2067,984,91,38,1,-1,-1,-1
91,38,2200,980,72,46,1,-1,-1,-1
91,39,1244,1003,52,40,1,-1,-1,-1
91,41,704,1016,54,29,1,-1,-1,-1
91,42,2064,983,61,38,1,-1,-1,-1
91,43,647,1017,53,27,1,-1,-1,-1
91,44,1581,995,80,40,1,-1,-1,-1
91,45,1869,990,60,40,1,-1,-1,-1
91,46,1793,989,72,40,1,-1,-1,-1
91,47,2196,980,100,48,1,-1,-1,-1
91,48,705,1016,63,34,1,-1,-1,-1
91,49,463,1020,64,32,1,-1,-1,-1
91,50,1707,994,64,36,1,-1,-1,-1
91,51,2428,983,64,40,1,-1,-1,-1
91,52,1791,989,40,44,1,-1,-1,-1
91,53,1888,990,64,36,1,-1,-1,-1
91,54,1858,992,38,38,1,-1,-1,-1
91,55,349,1020,57,30,1,-1,-1,-1
91,56,2288,973,52,40,1,-1,-1,-1
91,57,1178,1012,60,32,1,-1,-1,-1
91,58,2296,973,76,52,1,-1,-1,-1
91,59,1869,988,68,40,1,-1,-1,-1
92,0,469,1023,67,34,1,-1,-1,-1
92,1,1965,983,92,52,1,-1,-1,-1
92,2,1179,1011,59,34,1,-1,-1,-1
92,3,348,1028,64,28,1,-1,-1,-1
92,4,644,1017,50,30,1,-1,-1,-1
92,5,1582,999,65,38,1,-1,-1,-1
92,6,704,1018,62,29,1,-1,-1,-1
92,7,1347,1000,72,40,1,-1,-1,-1
92,9,2068,984,94,44,1,-1,-1,-1
92,10,1252,1004,65,38,1,-1,-1,-1
92,11,2462,984,43,36,1,-1,-1,-1
92,12,2207,979,99,46,1,-1,-1,-1
92,13,2400,977,75,49,1,-1,-1,-1
92,14,1882,989,69,34,1,-1,-1,-1
92,15,463,1020,66,35,1,-1,-1,-1
92,17,1970,982,51,40,1,-1,-1,-1
92,19,1707,993,44,36,1,-1,-1,-1
92,21,643,1018,53,27,1,-1,-1,-1
92,23,2021,980,38,50,1,-1,-1,-1
92,24,2274,981,38,42,1,-1,-1,-1
92,25,1179,1010,56,32,1,-1,-1,-1
92,26,2081,982,84,42,1,-1,-1,-1
92,27,1274,1004,53,30,1,-1,-1,-1
92,28,1978,985,76,44,1,-1,-1,-1
92,29,1894,992,62,36,1,-1,-1,-1
92,30,1706,992,64,40,1,-1,-1,-1
92,31,1964,980,100,52,1,-1,-1,-1
92,32,1586,999,83,40,1,-1,-1,-1
92,33,1283,1003,50,34,1,-1,-1,-1
92,34,1718,993,64,36,1,-1,-1,-1
92,35,1352,996,72,40,1,-1,-1,-1
92,36,349,1024,67,34,1,-1,-1,-1
92,37,2070,984,91,38,1,-1,-1,-1
92,38,2202,980,72,46,1,-1,-1,-1
92,39,1248,1003,52,40,1,-1,-1,-1
92,41,706,1015,54,29,1,-1,-1,-1
92,42,2068,984,58,36,1,-1,-1,-1
92,43,650,1017,53,27,1,-1,-1,-1
92,44,1585,995,80,40,1,-1,-1,-1
92,45,1872,990,60,40,1,-1,-1,-1
92,46,1798,989,72,40,1,-1,-1,-1
92,47,2198,980,100,48,1,-1,-1,-1
92,48,709,1016,63,34,1,-1,-1,-1
92,49,466,1020,64,32,1,-1,-1,-1
92,50,1710,993,64,36,1,-1,-1,-1
92,51,2431,983,64,40,1,-1,-1,-1
92,52,1795,990,40,44,1,-1,-1,-1
92,53,1892,992,61,34,1,-1,-1,-1
92,54,1861,991,38,38,1,-1,-1,-1
92,55,352,1019,57,30,1,-1,-1,-1
92,56,2287,971,52,40,1,-1,-1,-1
92,57,1182,1011,60,32,1,-1,-1,-1
92,58,2295,972,76,52,1,-1,-1,-1
92,59,1873,988,68,40,1,-1,-1,-1
93,0,474,1023,64,32,1,-1,-1,-1
93,1,1968,983,92,52,1,-1,-1,-1
93,2,1182,1011,59,34,1,-1,-1,-1
93,3,352,1028,64,28,1,-1,-1,-1
93,4,647,1016,50,30,1,-1,-1,-1
93,5,1585,998,65,38,1,-1,-1,-1
93,6,708,1018,62,29,1,-1,-1,-1
93,7,1350,999,76,42,1,-1,-1,-1
93,9,2070,984,94,44,1,-1,-1,-1
93,10,1255,1004,65,38,1,-1,-1,-1
93,11,2465,984,43,36,1,-1,-1,-1
93,12,2211,980,94,44,1,-1,-1,-1
93,14,1888,990,69,34,1,-1,-1,-1
93,15,467,1020,66,35,1,-1,-1,-1
93,17,1973,982,51,40,1,-1,-1,-1
93,19,1710,993,44,36,1,-1,-1,-1
93,21,646,1019,51,25,1,-1,-1,-1
93,23,2025,980,38,50,1,-1,-1,-1
93,24,2278,981,38,42,1,-1,-1,-1
93,25,1182,1009,56,32,1,-1,-1,-1
93,26,2084,982,84,42,1,-1,-1,-1
93,27,1276,1003,53,30,1,-1,-1,-1
93,28,1980,985,76,44,1,-1,-1,-1
93,29,1898,993,62,36,1,-1,-1,-1
93,30,1710,992,61,38,1,-1,-1,-1
93,31,1966,979,100,52,1,-1,-1,-1
93,32,1591,999,83,40,1,-1,-1,-1
93,33,1286,1003,50,34,1,-1,-1,-1
93,34,1720,993,64,36,1,-1,-1,-1
93,35,1355,996,72,40,1,-1,-1,-1
93,36,351,1023,67,34,1,-1,-1,-1
93,37,2071,983,96,40,1,-1,-1,-1
93,38,2205,980,72,46,1,-1,-1,-1
93,39,1250,1003,52,40,1,-1,-1,-1
93,41,710,1015,57,30,1,-1,-1,-1
93,42,2070,983,58,36,1,-1,-1,-1
93,43,653,1019,51,25,1,-1,-1,-1
93,44,1587,995,80,40,1,-1,-1,-1
93,45,1876,991,57,38,1,-1,-1,-1
93,46,1800,989,72,40,1,-1,-1,-1
93,47,2202,979,100,48,1,-1,-1,-1
93,48,711,1015,63,34,1,-1,-1,-1
93,49,471,1020,64,32,1,-1,-1,-1
93,50,1713,993,61,34,1,-1,-1,-1
93,51,2434,984,64,40,1,-1,-1,-1
93,52,1798,990,40,44,1,-1,-1,-1
93,53,1896,991,61,34,1,-1,-1,-1
93,54,1866,991,38,38,1,-1,-1,-1
93,55,356,1019,57,30,1,-1,-1,-1
93,56,2286,970,52,40,1,-1,-1,-1
93,57,1184,1011,60,32,1,-1,-1,-1
93,58,2295,970,76,52,1,-1,-1,-1
93,59,1876,988,68,40,1,-1,-1,-1
94,0,481,1023,64,32,1,-1,-1,-1
94,1,1973,982,92,52,1,-1,-1,-1
94,2,1188,1011,59,34,1,-1,-1,-1
94,3,358,1028,64,28,1,-1,-1,-1
94,4,653,1016,50,30,1,-1,-1,-1
94,5,1591,998,65,38,1,-1,-1,-1
94,6,714,1016,62,29,1,-1,-1,-1
94,7,1356,998,76,42,1,-1,-1,-1
94,9,2075,982,99,46,1,-1,-1,-1
94,10,1261,1004,65,38,1,-1,-1,-1
94,11,2470,983,43,36,1,-1,-1,-1
94,12,2217,978,99,46,1,-1,-1,-1
94,14,1893,990,69,34,1,-1,-1,-1
94,15,473,1020,66,35,1,-1,-1,-1
94,17,1978,981,51,40,1,-1,-1,-1
94,19,1714,992,44,36,1,-1,-1,-1
94,21,652,1019,51,25,1,-1,-1,-1
94,23,2031,980,38,50,1,-1,-1,-1
94,24,2283,980,38,42,1,-1,-1,-1
94,25,1188,1009,56,32,1,-1,-1,-1
94,26,2091,983,80,40,1,-1,-1,-1
94,27,1281,1002,56,32,1,-1,-1,-1
94,28,1986,984,76,44,1,-1,-1,-1
94,29,1903,992,62,36,1,-1,-1,-1
94,30,1715,992,61,38,1,-1,-1,-1
94,31,1975,980,95,50,1,-1,-1,-1
94,32,1597,999,83,40,1,-1,-1,-1
94,33,1292,1003,50,34,1,-1,-1,-1
94,34,1725,993,64,36,1,-1,-1,-1
94,35,1362,995,72,40,1,-1,-1,-1
94,36,359,1023,67,34,1,-1,-1,-1
94,37,2076,982,96,40,1,-1,-1,-1
94,38,2211,979,72,46,1,-1,-1,-1
94,39,1256,1002,52,40,1,-1,-1,-1
94,41,715,1013,60,32,1,-1,-1,-1
94,42,2075,983,58,36,1,-1,-1,-1
94,43,659,1018,51,25,1,-1,-1,-1
94,44,1594,995,80,40,1,-1,-1,-1
94,45,1883,990,57,38,1,-1,-1,-1
94,46,1806,988,72,40,1,-1,-1,-1
94,47,2209,981,100,48,1,-1,-1,-1
94,48,718,1014,63,34,1,-1,-1,-1
94,49,477,1020,64,32,1,-1,-1,-1
94,50,1717,993,61,34,1,-1,-1,-1
94,51,2441,982,64,40,1,-1,-1,-1
94,52,1803,988,40,44,1,-1,-1,-1
94,53,1902,991,61,34,1,-1,-1,-1
94,54,1872,991,38,38,1,-1,-1,-1
94,55,362,1018,57,30,1,-1,-1,-1
94,56,2286,967,52,40,1,-1,-1,-1
94,57,1190,1011,60,32,1,-1,-1,-1
94,58,2294,969,76,52,1,-1,-1,-1
94,59,1883,988,68,40,1,-1,-1,-1
95,0,485,1023,64,32,1,-1,-1,-1
95,1,1977,982,92,52,1,-1,-1,-1
95,2,1192,1011,59,34,1,-1,-1,-1
95,3,362,1027,64,28,1,-1,-1,-1
95,4,657,1016,50,30,1,-1,-1,-1
95,5,1593,997,65,38,1,-1,-1,-1
95,6,717,1016,62,29,1,-1,-1,-1
95,7,1359,998,76,42,1,-1,-1,-1
95,9,2076,983,99,46,1,-1,-1,-1
95,10,1263,1004,65,38,1,-1,-1,-1
95,11,2473,983,43,36,1,-1,-1,-1
95,12,2219,978,99,46,1,-1,-1,-1
95,14,1895,989,69,34,1,-1,-1,-1
95,15,476,1019,66,35,1,-1,-1,-1
95,17,1981,981,51,40,1,-1,-1,-1
95,19,1716,992,42,34,1,-1,-1,-1
95,21,656,1018,51,25,1,-1,-1,-1
95,23,2035,980,38,50,1,-1,-1,-1
95,24,2286,979,38,42,1,-1,-1,-1
95,25,1191,1009,56,32,1,-1,-1,-1
95,26,2093,983,80,40,1,-1,-1,-1
95,27,1285,1002,56,32,1,-1,-1,-1
95,28,1989,984,76,44,1,-1,-1,-1
95,29,1905,991,62,36,1,-1,-1,-1
95,30,1716,991,61,38,1,-1,-1,-1
95,31,1977,980,95,50,1,-1,-1,-1
95,32,1598,999,83,40,1,-1,-1,-1
95,33,1296,1002,50,34,1,-1,-1,-1
95,34,1728,992,64,36,1,-1,-1,-1
95,35,1363,995,72,40,1,-1,-1,-1
95,36,362,1023,67,34,1,-1,-1,-1
95,37,2079,983,91,38,1,-1,-1,-1
95,38,2213,979,72,46,1,-1,-1,-1
95,39,1257,1001,55,42,1,-1,-1,-1
95,41,718,1012,60,32,1,-1,-1,-1
95,42,2076,983,58,36,1,-1,-1,-1
95,43,663,1017,51,25,1,-1,-1,-1
95,44,1597,995,80,40,1,-1,-1,-1
95,45,1886,990,57,38,1,-1,-1,-1
95,46,1808,987,72,40,1,-1,-1,-1
95,47,2211,980,100,48,1,-1,-1,-1
95,48,721,1014,63,34,1,-1,-1,-1
95,49,480,1020,64,32,1,-1,-1,-1
95,50,1719,992,61,34,1,-1,-1,-1
95,51,2443,981,64,40,1,-1,-1,-1
95,52,1807,987,40,44,1,-1,-1,-1
95,53,1904,990,61,34,1,-1,-1,-1
95,54,1875,991,38,38,1,-1,-1,-1
95,55,367,1018,57,30,1,-1,-1,-1
95,56,2286,968,52,40,1,-1,-1,-1
95,57,1193,1010,60,32,1,-1,-1,-1
95,58,2293,969,76,52,1,-1,-1,-1
95,59,1885,987,68,40,1,-1,-1,-1
96,0,488,1022,64,32,1,-1,-1,-1
96,1,1979,982,92,52,1,-1,-1,-1
96,2,1195,1010,62,35,1,-1,-1,-1
96,3,366,1028,64,28,1,-1,-1,-1
96,4,660,1015,50,30,1,-1,-1,-1
96,5,1597,996,65,38,1,-1,-1,-1
96,6,721,1016,62,29,1,-1,-1,-1
96,7,1359,997,79,44,1,-1,-1,-1
96,9,2078,982,99,46,1,-1,-1,-1
96,10,1267,1004,65,38,1,-1,-1,-1
96,11,2477,982,43,36,1,-1,-1,-1
96,12,2221,978,99,46,1,-1,-1,-1
96,14,1897,989,69,34,1,-1,-1,-1
96,15,481,1019,66,35,1,-1,-1,-1
96,17,1983,981,51,40,1,-1,-1,-1
96,19,1719,991,42,34,1,-1,-1,-1
96,21,659,1017,51,25,1,-1,-1,-1
96,23,2037,979,38,50,1,-1,-1,-1
96,24,2289,978,38,42,1,-1,-1,-1
96,25,1194,1008,59,34,1,-1,-1,-1
96,26,2094,983,80,40,1,-1,-1,-1
96,27,1287,1002,56,32,1,-1,-1,-1
96,28,1990,984,76,44,1,-1,-1,-1
96,29,1908,991,62,36,1,-1,-1,-1
96,30,1719,991,61,38,1,-1,-1,-1
96,31,1979,979,95,50,1,-1,-1,-1
96,32,1603,998,79,38,1,-1,-1,-1
96,33,1298,1002,50,34,1,-1,-1,-1
96,34,1729,991,64,36,1,-1,-1,-1
96,35,1366,995,72,40,1,-1,-1,-1
96,36,366,1023,67,34,1,-1,-1,-1
96,37,2081,983,91,38,1,-1,-1,-1
96,38,2216,978,72,46,1,-1,-1,-1
96,39,1260,1001,55,42,1,-1,-1,-1
96,41,722,1011,60,32,1,-1,-1,-1
96,42,2079,982,58,36,1,-1,-1,-1
96,43,667,1017,51,25,1,-1,-1,-1
96,44,1602,994,80,40,1,-1,-1,-1
96,45,1887,990,57,38,1,-1,-1,-1
96,46,1812,987,72,40,1,-1,-1,-1
96,47,2213,979,100,48,1,-1,-1,-1
96,48,725,1013,63,34,1,-1,-1,-1
96,49,484,1020,64,32,1,-1,-1,-1
96,50,1723,991,61,34,1,-1,-1,-1
96,51,2446,980,64,40,1,-1,-1,-1
96,52,1809,987,40,44,1,-1,-1,-1
96,53,1907,990,61,34,1,-1,-1,-1
96,54,1877,991,38,38,1,-1,-1,-1
96,55,369,1018,57,30,1,-1,-1,-1
96,56,2286,967,52,40,1,-1,-1,-1
96,57,1197,1010,60,32,1,-1,-1,-1
96,58,2293,969,76,52,1,-1,-1,-1
96,59,1887,986,68,40,1,-1,-1,-1
97,0,488,1022,64,32,1,-1,-1,-1
97,1,1979,982,92,52,1,-1,-1,-1
97,2,1195,1010,62,35,1,-1,-1,-1
97,3,366,1028,64,28,1,-1,-1,-1
97,4,660,1015,50,30,1,-1,-1,-1
97,5,1597,996,65,38,1,-1,-1,-1
97,6,721,1016,62,29,1,-1,-1,-1
97,7,1359,997,79,44,1,-1,-1,-1
97,9,2078,982,99,46,1,-1,-1,-1
97,11,2477,982,43,36,1,-1,-1,-1
97,12,2221,978,99,46,1,-1,-1,-1
97,14,1897,989,69,34,1,-1,-1,-1
97,19,1719,991,42,34,1,-1,-1,-1
97,21,659,1017,51,25,1,-1,-1,-1
97,25,1194,1008,59,34,1,-1,-1,-1
97,26,2096,980,84,40,1,-1,-1,-1
97,27,1276,1000,72,36,1,-1,-1,-1
97,28,1990,984,76,44,1,-1,-1,-1
97,29,1908,991,62,36,1,-1,-1,-1
97,30,1719,991,61,38,1,-1,-1,-1
97,31,1988,980,88,48,1,-1,-1,-1
97,32,1603,998,79,38,1,-1,-1,-1
97,33,1298,1002,50,34,1,-1,-1,-1
97,34,1720,988,84,40,1,-1,-1,-1
97,35,1368,996,72,40,1,-1,-1,-1
97,36,366,1023,67,34,1,-1,-1,-1
97,37,2081,983,91,38,1,-1,-1,-1
97,38,2216,978,72,46,1,-1,-1,-1
97,39,1260,1001,55,42,1,-1,-1,-1
97,41,722,1011,60,32,1,-1,-1,-1
97,42,2079,982,58,36,1,-1,-1,-1
97,43,664,1016,56,32,1,-1,-1,-1
97,44,1604,996,80,36,1,-1,-1,-1
97,45,1887,990,57,38,1,-1,-1,-1
97,46,1812,987,72,40,1,-1,-1,-1
97,47,2216,980,96,48,1,-1,-1,-1
97,48,728,1012,64,32,1,-1,-1,-1
97,49,484,1020,64,32,1,-1,-1,-1
97,50,1723,991,61,34,1,-1,-1,-1
97,51,2446,980,64,40,1,-1,-1,-1
97,52,1809,987,40,44,1,-1,-1,-1
97,53,1907,990,61,34,1,-1,-1,-1
97,54,1877,991,38,38,1,-1,-1,-1
97,55,369,1018,57,30,1,-1,-1,-1
97,56,2286,967,52,40,1,-1,-1,-1
97,57,1200,1008,60,32,1,-1,-1,-1
97,58,2293,969,76,52,1,-1,-1,-1
97,59,1887,986,68,40,1,-1,-1,-1
97,60,488,1016,68,28,1,-1,-1,-1
97,61,368,1020,64,32,1,-1,-1,-1
97,62,2424,972,96,48,1,-1,-1,-1
97,63,2300,972,100,48,1,-1,-1,-1
97,64,0,1036,52,24,1,-1,-1,-1
97,65,1916,988,68,36,1,-1,-1,-1
97,66,1808,988,52,40,1,-1,-1,-1
98,0,500,1022,64,32,1,-1,-1,-1
98,1,1988,981,92,52,1,-1,-1,-1
98,2,1205,1009,62,35,1,-1,-1,-1
98,3,376,1027,64,28,1,-1,-1,-1
98,4,670,1013,52,32,1,-1,-1,-1
98,5,1605,995,65,38,1,-1,-1,-1
98,6,731,1014,62,29,1,-1,-1,-1
98,7,1370,996,79,44,1,-1,-1,-1
98,9,2086,981,99,46,1,-1,-1,-1
98,11,2482,979,43,36,1,-1,-1,-1
98,12,2230,977,99,46,1,-1,-1,-1
98,14,1906,988,69,34,1,-1,-1,-1
98,19,1728,989,42,34,1,-1,-1,-1
98,21,671,1016,51,25,1,-1,-1,-1
98,25,1205,1007,59,34,1,-1,-1,-1
98,26,2101,979,88,42,1,-1,-1,-1
98,27,1283,1000,72,36,1,-1,-1,-1
98,28,1999,982,76,44,1,-1,-1,-1
98,29,1917,990,62,36,1,-1,-1,-1
98,30,1726,989,64,40,1,-1,-1,-1
98,31,1995,979,88,48,1,-1,-1,-1
98,32,1614,998,76,36,1,-1,-1,-1
98,33,1308,1001,50,34,1,-1,-1,-1
98,34,1727,987,84,40,1,-1,-1,-1
98,35,1375,996,72,40,1,-1,-1,-1
98,36,375,1023,67,34,1,-1,-1,-1
98,37,2090,982,91,38,1,-1,-1,-1
98,38,2224,977,72,46,1,-1,-1,-1
98,39,1269,998,55,42,1,-1,-1,-1
98,41,735,1011,57,30,1,-1,-1,-1
98,42,2086,981,58,36,1,-1,-1,-1
98,43,672,1016,56,32,1,-1,-1,-1
98,44,1611,996,80,36,1,-1,-1,-1
98,45,1897,989,57,38,1,-1,-1,-1
98,46,1821,986,72,40,1,-1,-1,-1
98,47,2224,980,96,48,1,-1,-1,-1
98,48,735,1011,64,32,1,-1,-1,-1
98,49,496,1020,61,30,1,-1,-1,-1
98,50,1730,990,61,34,1,-1,-1,-1
98,51,2454,980,64,40,1,-1,-1,-1
98,52,1818,985,40,44,1,-1,-1,-1
98,53,1914,989,61,34,1,-1,-1,-1
98,54,1885,989,38,38,1,-1,-1,-1
98,55,380,1018,57,30,1,-1,-1,-1
98,56,2290,969,52,40,1,-1,-1,-1
98,57,1207,1008,60,32,1,-1,-1,-1
98,58,2298,970,72,50,1,-1,-1,-1
98,59,1896,985,68,40,1,-1,-1,-1
98,60,495,1016,68,28,1,-1,-1,-1
98,61,375,1019,64,32,1,-1,-1,-1
98,62,2431,972,96,48,1,-1,-1,-1
98,63,2302,972,100,48,1,-1,-1,-1
98,64,10,1036,50,23,1,-1,-1,-1
98,65,1923,988,68,36,1,-1,-1,-1
98,66,1814,987,52,40,1,-1,-1,-1
99,0,503,1022,64,32,1,-1,-1,-1
99,1,1991,980,92,52,1,-1,-1,-1
99,2,1209,1009,62,35,1,-1,-1,-1
99,3,378,1026,67,29,1,-1,-1,-1
99,4,674,1012,52,32,1,-1,-1,-1
99,5,1608,995,65,38,1,-1,-1,-1
99,6,736,1014,62,29,1,-1,-1,-1
99,7,1374,996,79,44,1,-1,-1,-1
99,9,2089,981,99,46,1,-1,-1,-1
99,11,2485,979,43,36,1,-1,-1,-1
99,12,2233,977,99,46,1,-1,-1,-1
99,14,1911,987,69,34,1,-1,-1,-1
99,19,1732,989,42,34,1,-1,-1,-1
99,21,675,1015,51,25,1,-1,-1,-1
99,25,1207,1006,59,34,1,-1,-1,-1
99,26,2104,980,84,40,1,-1,-1,-1
99,27,1288,1000,72,36,1,-1,-1,-1
99,28,2002,981,76,44,1,-1,-1,-1
99,29,1922,990,62,36,1,-1,-1,-1
99,30,1731,988,64,40,1,-1,-1,-1
99,31,1999,978,88,48,1,-1,-1,-1
99,32,1617,999,72,34,1,-1,-1,-1
99,33,1312,1000,50,34,1,-1,-1,-1
99,34,1729,987,84,40,1,-1,-1,-1
99,35,1379,995,72,40,1,-1,-1,-1
99,36,381,1022,67,34,1,-1,-1,-1
99,37,2092,981,91,38,1,-1,-1,-1
99,38,2229,977,72,46,1,-1,-1,-1
99,39,1273,998,55,42,1,-1,-1,-1
99,41,737,1011,57,30,1,-1,-1,-1
99,42,2090,980,58,36,1,-1,-1,-1
99,43,677,1015,56,32,1,-1,-1,-1
99,44,1615,996,80,36,1,-1,-1,-1
99,45,1899,988,57,38,1,-1,-1,-1
99,46,1825,985,76,42,1,-1,-1,-1
99,47,2225,980,96,48,1,-1,-1,-1
99,48,740,1011,64,32,1,-1,-1,-1
99,49,500,1019,61,30,1,-1,-1,-1
99,50,1735,989,61,34,1,-1,-1,-1
99,51,2458,980,64,40,1,-1,-1,-1
99,52,1823,984,40,44,1,-1,-1,-1
99,53,1920,988,61,34,1,-1,-1,-1
99,54,1888,989,38,38,1,-1,-1,-1
99,55,384,1017,57,30,1,-1,-1,-1
99,56,2289,969,52,40,1,-1,-1,-1
99,57,1212,1007,60,32,1,-1,-1,-1
99,58,2299,970,72,50,1,-1,-1,-1
99,59,1899,985,68,40,1,-1,-1,-1
99,60,500,1016,68,28,1,-1,-1,-1
99,61,380,1019,64,32,1,-1,-1,-1
99,62,2436,973,91,46,1,-1,-1,-1
99,63,2306,973,95,46,1,-1,-1,-1
99,64,14,1036,50,23,1,-1,-1,-1
99,65,1926,988,68,36,1,-1,-1,-1
99,66,1818,987,52,40,1,-1,-1,-1
100,0,506,1021,64,32,1,-1,-1,-1
100,1,1994,979,92,52,1,-1,-1,-1
100,2,1213,1008,62,35,1,-1,-1,-1
100,3,383,1025,67,29,1,-1,-1,-1
100,4,678,1012,52,32,1,-1,-1,-1
100,5,1612,994,65,38,1,-1,-1,-1
100,6,741,1014,62,29,1,-1,-1,-1
100,7,1377,995,79,44,1,-1,-1,-1
100,9,2092,980,99,46,1,-1,-1,-1
100,11,2489,979,43,36,1,-1,-1,-1
100,12,2238,978,94,44,1,-1,-1,-1
100,14,1914,987,69,34,1,-1,-1,-1
100,19,1736,988,42,34,1,-1,-1,-1
100,21,679,1015,51,25,1,-1,-1,-1
100,25,1213,1007,56,32,1,-1,-1,-1
100,26,2109,979,84,40,1,-1,-1,-1
100,27,1290,999,72,36,1,-1,-1,-1
100,28,2005,981,76,44,1,-1,-1,-1
100,29,1925,988,62,36,1,-1,-1,-1
100,30,1734,988,64,40,1,-1,-1,-1
100,31,2002,978,88,48,1,-1,-1,-1
100,32,1621,998,72,34,1,-1,-1,-1
100,33,1315,1000,50,34,1,-1,-1,-1
100,34,1733,987,84,40,1,-1,-1,-1
100,35,1382,995,76,42,1,-1,-1,-1
100,36,383,1021,67,34,1,-1,-1,-1
100,37,2097,980,91,38,1,-1,-1,-1
100,38,2232,976,72,46,1,-1,-1,-1
100,39,1276,998,55,42,1,-1,-1,-1
100,41,742,1011,57,30,1,-1,-1,-1
100,42,2094,980,58,36,1,-1,-1,-1
100,43,681,1015,56,32,1,-1,-1,-1
100,44,1619,995,80,36,1,-1,-1,-1
100,45,1903,988,57,38,1,-1,-1,-1
100,46,1828,984,76,42,1,-1,-1,-1
100,47,2230,979,96,48,1,-1,-1,-1
100,48,744,1011,64,32,1,-1,-1,-1
100,49,503,1019,61,30,1,-1,-1,-1
100,50,1739,989,61,34,1,-1,-1,-1
100,51,2462,979,64,40,1,-1,-1,-1
100,52,1827,984,40,44,1,-1,-1,-1
100,53,1922,987,61,34,1,-1,-1,-1
100,54,1892,988,38,38,1,-1,-1,-1
100,55,387,1016,60,32,1,-1,-1,-1
100,56,2291,967,52,40,1,-1,-1,-1
100,57,1216,1007,60,32,1,-1,-1,-1
100,58,2300,968,72,50,1,-1,-1,-1
100,59,1903,985,68,40,1,-1,-1,-1
100,60,504,1016,68,28,1,-1,-1,-1
100,61,384,1019,64,32,1,-1,-1,-1
100,62,2440,972,91,46,1,-1,-1,-1
100,63,2309,974,91,44,1,-1,-1,-1
100,64,19,1036,50,23,1,-1,-1,-1
100,65,1930,988,68,36,1,-1,-1,-1
100,66,1822,986,52,40,1,-1,-1,-1
101,0,511,1020,64,32,1,-1,-1,-1
101,1,1999,978,92,52,1,-1,-1,-1
101,2,1216,1009,59,34,1,-1,-1,-1
101,3,387,1024,67,29,1,-1,-1,-1
101,4,683,1011,52,32,1,-1,-1,-1
101,5,1616,993,65,38,1,-1,-1,-1
101,6,744,1013,62,29,1,-1,-1,-1
101,7,1381,995,79,44,1,-1,-1,-1
101,9,2095,980,99,46,1,-1,-1,-1
101,11,2493,979,43,36,1,-1,-1,-1
101,12,2242,977,94,44,1,-1,-1,-1
101,14,1917,986,69,34,1,-1,-1,-1
101,19,1740,988,42,34,1,-1,-1,-1
101,21,683,1014,51,25,1,-1,-1,-1
101,25,1216,1006,56,32,1,-1,-1,-1
101,26,2111,979,84,40,1,-1,-1,-1
101,27,1294,998,76,38,1,-1,-1,-1
101,28,2009,980,76,44,1,-1,-1,-1
101,29,1929,988,62,36,1,-1,-1,-1
101,30,1737,987,64,40,1,-1,-1,-1
101,31,2006,978,88,48,1,-1,-1,-1
101,32,1624,997,72,34,1,-1,-1,-1
101,33,1319,999,50,34,1,-1,-1,-1
101,34,1736,987,84,40,1,-1,-1,-1
101,35,1385,995,76,42,1,-1,-1,-1
101,36,389,1021,67,34,1,-1,-1,-1
101,37,2099,980,91,38,1,-1,-1,-1
101,38,2233,975,76,48,1,-1,-1,-1
101,39,1280,997,55,42,1,-1,-1,-1
101,41,746,1010,57,30,1,-1,-1,-1
101,42,2097,981,58,36,1,-1,-1,-1
101,43,686,1015,56,32,1,-1,-1,-1
101,44,1620,994,80,36,1,-1,-1,-1
101,45,1907,987,57,38,1,-1,-1,-1
101,46,1831,984,76,42,1,-1,-1,-1
101,47,2233,979,96,48,1,-1,-1,-1
101,48,749,1011,64,32,1,-1,-1,-1
101,49,508,1019,61,30,1,-1,-1,-1
101,50,1743,989,58,33,1,-1,-1,-1
101,51,2466,979,64,40,1,-1,-1,-1
101,52,1831,983,40,44,1,-1,-1,-1
101,53,1926,986,61,34,1,-1,-1,-1
101,54,1896,987,38,38,1,-1,-1,-1
101,55,391,1016,60,32,1,-1,-1,-1
101,56,2297,967,52,40,1,-1,-1,-1
101,57,1218,1007,60,32,1,-1,-1,-1
101,58,2302,968,72,50,1,-1,-1,-1
101,59,1906,984,68,40,1,-1,-1,-1
101,60,508,1015,68,28,1,-1,-1,-1
101,61,388,1019,64,32,1,-1,-1,-1
101,62,2443,972,91,46,1,-1,-1,-1
101,63,2313,973,91,44,1,-1,-1,-1
101,64,23,1036,50,23,1,-1,-1,-1
101,65,1934,987,68,36,1,-1,-1,-1
101,66,1826,986,52,40,1,-1,-1,-1
102,0,518,1019,64,32,1,-1,-1,-1
102,1,2005,977,92,52,1,-1,-1,-1
102,2,1223,1008,59,34,1,-1,-1,-1
102,3,394,1023,67,29,1,-1,-1,-1
102,4,690,1011,52,32,1,-1,-1,-1
102,5,1622,993,65,38,1,-1,-1,-1
102,6,753,1012,62,29,1,-1,-1,-1
102,7,1391,996,76,42,1,-1,-1,-1
102,9,2102,979,99,46,1,-1,-1,-1
102,11,2500,978,43,36,1,-1,-1,-1
102,12,2249,977,94,44,1,-1,-1,-1
102,14,1924,985,69,34,1,-1,-1,-1
102,19,1748,988,40,33,1,-1,-1,-1
102,21,691,1014,51,25,1,-1,-1,-1
102,25,1223,1005,56,32,1,-1,-1,-1
102,26,2118,978,84,40,1,-1,-1,-1
102,27,1301,998,76,38,1,-1,-1,-1
102,28,2017,979,76,44,1,-1,-1,-1
102,29,1935,988,62,36,1,-1,-1,-1
102,30,1744,986,64,40,1,-1,-1,-1
102,31,2012,977,88,48,1,-1,-1,-1
102,32,1630,995,76,36,1,-1,-1,-1
102,33,1325,998,50,34,1,-1,-1,-1
102,34,1746,988,80,38,1,-1,-1,-1
102,35,1393,995,76,42,1,-1,-1,-1
102,36,395,1020,67,34,1,-1,-1,-1
102,37,2106,980,91,38,1,-1,-1,-1
102,38,2241,974,76,48,1,-1,-1,-1
102,39,1287,996,55,42,1,-1,-1,-1
102,41,755,1009,57,30,1,-1,-1,-1
102,42,2103,980,58,36,1,-1,-1,-1
102,43,693,1015,56,32,1,-1,-1,-1
102,44,1628,993,80,36,1,-1,-1,-1
102,45,1913,986,57,38,1,-1,-1,-1
102,46,1838,983,76,42,1,-1,-1,-1
102,47,2241,978,96,48,1,-1,-1,-1
102,48,758,1011,61,30,1,-1,-1,-1
102,49,515,1018,61,30,1,-1,-1,-1
102,50,1750,989,58,33,1,-1,-1,-1
102,51,2472,978,64,40,1,-1,-1,-1
102,52,1837,982,40,44,1,-1,-1,-1
102,53,1932,986,61,34,1,-1,-1,-1
102,54,1903,986,38,38,1,-1,-1,-1
102,55,398,1015,60,32,1,-1,-1,-1
102,56,2306,965,52,40,1,-1,-1,-1
102,57,1225,1006,60,32,1,-1,-1,-1
102,58,2306,967,72,50,1,-1,-1,-1
102,59,1913,984,68,40,1,-1,-1,-1
102,60,515,1014,68,28,1,-1,-1,-1
102,61,395,1018,64,32,1,-1,-1,-1
102,62,2452,971,91,46,1,-1,-1,-1
102,63,2317,972,91,44,1,-1,-1,-1
102,64,31,1036,50,23,1,-1,-1,-1
102,65,1940,986,68,36,1,-1,-1,-1
102,66,1833,986,52,40,1,-1,-1,-1
103,0,522,1017,67,34,1,-1,-1,-1
103,1,2008,977,92,52,1,-1,-1,-1
103,2,1228,1007,59,34,1,-1,-1,-1
103,3,397,1021,67,29,1,-1,-1,-1
103,4,695,1011,52,32,1,-1,-1,-1
103,5,1626,993,65,38,1,-1,-1,-1
103,6,757,1012,62,29,1,-1,-1,-1
103,7,1394,995,76,42,1,-1,-1,-1
103,9,2104,979,99,46,1,-1,-1,-1
103,11,2505,977,43,36,1,-1,-1,-1
103,12,2251,976,94,44,1,-1,-1,-1
103,14,1927,984,69,34,1,-1,-1,-1
103,19,1751,988,40,33,1,-1,-1,-1
103,21,695,1014,51,25,1,-1,-1,-1
103,25,1227,1004,56,32,1,-1,-1,-1
103,26,2120,978,84,40,1,-1,-1,-1
103,27,1306,997,76,38,1,-1,-1,-1
103,28,2021,978,76,44,1,-1,-1,-1
103,29,1938,987,62,36,1,-1,-1,-1
103,30,1747,986,64,40,1,-1,-1,-1
103,31,2016,977,88,48,1,-1,-1,-1
103,32,1637,995,76,36,1,-1,-1,-1
103,33,1329,998,50,34,1,-1,-1,-1
103,34,1749,987,80,38,1,-1,-1,-1
103,35,1398,994,76,42,1,-1,-1,-1
103,36,399,1019,67,34,1,-1,-1,-1
103,37,2109,980,91,38,1,-1,-1,-1
103,38,2245,973,76,48,1,-1,-1,-1
103,39,1292,996,55,42,1,-1,-1,-1
103,41,759,1009,57,30,1,-1,-1,-1
103,42,2107,979,58,36,1,-1,-1,-1
103,43,698,1014,56,32,1,-1,-1,-1
103,44,1632,992,80,36,1,-1,-1,-1
103,45,1916,985,57,38,1,-1,-1,-1
103,46,1843,982,76,42,1,-1,-1,-1
103,47,2244,977,96,48,1,-1,-1,-1
103,48,762,1011,61,30,1,-1,-1,-1
103,49,519,1017,61,30,1,-1,-1,-1
103,50,1754,989,58,33,1,-1,-1,-1
103,51,2476,978,64,40,1,-1,-1,-1
103,52,1841,982,40,44,1,-1,-1,-1
103,53,1937,986,61,34,1,-1,-1,-1
103,54,1906,985,38,38,1,-1,-1,-1
103,55,402,1014,60,32,1,-1,-1,-1
103,56,2308,965,52,40,1,-1,-1,-1
103,57,1230,1005,60,32,1,-1,-1,-1
103,58,2297,966,76,52,1,-1,-1,-1
103,59,1917,984,65,38,1,-1,-1,-1
103,60,520,1014,68,28,1,-1,-1,-1
103,61,399,1017,64,32,1,-1,-1,-1
103,62,2454,971,91,46,1,-1,-1,-1
103,63,2317,972,91,44,1,-1,-1,-1
103,64,36,1034,50,23,1,-1,-1,-1
103,65,1944,985,68,36,1,-1,-1,-1
103,66,1837,986,52,40,1,-1,-1,-1
104,0,524,1017,67,34,1,-1,-1,-1
104,1,2012,976,92,52,1,-1,-1,-1
104,2,1231,1007,59,34,1,-1,-1,-1
104,3,401,1021,67,29,1,-1,-1,-1
104,4,700,1010,52,32,1,-1,-1,-1
104,5,1630,992,65,38,1,-1,-1,-1
104,6,759,1011,62,29,1,-1,-1,-1
104,7,1397,994,76,42,1,-1,-1,-1
104,9,2108,979,99,46,1,-1,-1,-1
104,11,2509,977,43,36,1,-1,-1,-1
104,12,2257,976,94,44,1,-1,-1,-1
104,14,1931,984,69,34,1,-1,-1,-1
104,19,1754,988,40,33,1,-1,-1,-1
104,21,700,1013,51,25,1,-1,-1,-1
104,25,1230,1004,56,32,1,-1,-1,-1
104,26,2125,978,84,40,1,-1,-1,-1
104,27,1308,996,76,38,1,-1,-1,-1
104,28,2024,978,76,44,1,-1,-1,-1
104,29,1943,986,62,36,1,-1,-1,-1
104,30,1751,986,64,40,1,-1,-1,-1
104,31,2019,976,88,48,1,-1,-1,-1
104,32,1638,995,76,36,1,-1,-1,-1
104,33,1331,997,50,34,1,-1,-1,-1
104,34,1753,987,80,38,1,-1,-1,-1
104,35,1400,993,76,42,1,-1,-1,-1
104,36,402,1019,67,34,1,-1,-1,-1
104,37,2112,979,91,38,1,-1,-1,-1
104,38,2248,973,76,48,1,-1,-1,-1
104,39,1297,997,52,40,1,-1,-1,-1
104,41,763,1008,57,30,1,-1,-1,-1
104,42,2110,979,58,36,1,-1,-1,-1
104,43,702,1014,56,32,1,-1,-1,-1
104,44,1634,992,80,36,1,-1,-1,-1
104,45,1921,983,57,38,1,-1,-1,-1
104,46,1845,982,76,42,1,-1,-1,-1
104,47,2247,977,96,48,1,-1,-1,-1
104,48,767,1010,61,30,1,-1,-1,-1
104,49,523,1016,61,30,1,-1,-1,-1
104,50,1757,989,58,33,1,-1,-1,-1
104,51,2480,977,64,40,1,-1,-1,-1
104,52,1841,980,42,46,1,-1,-1,-1
104,53,1939,984,61,34,1,-1,-1,-1
104,54,1909,984,38,38,1,-1,-1,-1
104,55,406,1013,60,32,1,-1,-1,-1
104,57,1234,1004,60,32,1,-1,-1,-1
104,58,2294,966,80,55,1,-1,-1,-1
104,59,1921,983,65,38,1,-1,-1,-1
104,60,521,1012,71,29,1,-1,-1,-1
104,61,403,1016,64,32,1,-1,-1,-1
104,62,2459,972,87,44,1,-1,-1,-1
104,63,2320,972,91,44,1,-1,-1,-1
104,64,41,1034,50,23,1,-1,-1,-1
104,65,1948,985,65,34,1,-1,-1,-1
104,66,1839,985,52,40,1,-1,-1,-1
105,0,524,1017,67,34,1,-1,-1,-1
105,2,1231,1007,59,34,1,-1,-1,-1
105,3,401,1021,67,29,1,-1,-1,-1
105,4,700,1010,52,32,1,-1,-1,-1
105,5,1630,992,65,38,1,-1,-1,-1
105,6,759,1011,62,29,1,-1,-1,-1
105,7,1397,994,76,42,1,-1,-1,-1
105,9,2108,979,99,46,1,-1,-1,-1
105,11,2509,977,43,36,1,-1,-1,-1
105,12,2257,976,94,44,1,-1,-1,-1
105,14,1936,984,56,40,1,-1,-1,-1
105,19,1754,988,40,33,1,-1,-1,-1
105,21,700,1013,51,25,1,-1,-1,-1
105,25,1230,1004,56,32,1,-1,-1,-1
105,26,2128,976,80,44,1,-1,-1,-1
105,27,1308,996,76,38,1,-1,-1,-1
105,28,2024,978,76,44,1,-1,-1,-1
105,29,1943,986,62,36,1,-1,-1,-1
105,30,1751,986,64,40,1,-1,-1,-1
105,31,2024,976,84,48,1,-1,-1,-1
105,32,1638,995,76,36,1,-1,-1,-1
105,33,1336,996,48,32,1,-1,-1,-1
105,34,1753,987,80,38,1,-1,-1,-1
105,35,1404,992,72,36,1,-1,-1,-1
105,36,402,1019,67,34,1,-1,-1,-1
105,37,2112,979,91,38,1,-1,-1,-1
105,38,2252,972,64,44,1,-1,-1,-1
105,39,1297,997,52,40,1,-1,-1,-1
105,41,763,1008,57,30,1,-1,-1,-1
105,42,2110,979,58,36,1,-1,-1,-1
105,43,702,1014,56,32,1,-1,-1,-1
105,44,1634,992,80,36,1,-1,-1,-1
105,45,1921,983,57,38,1,-1,-1,-1
105,46,1845,982,76,42,1,-1,-1,-1
105,47,2247,977,96,48,1,-1,-1,-1
105,48,772,1008,56,28,1,-1,-1,-1
105,49,524,1016,68,28,1,-1,-1,-1
105,50,1757,989,58,33,1,-1,-1,-1
105,51,2480,977,64,40,1,-1,-1,-1
105,52,1841,980,42,46,1,-1,-1,-1
105,53,1939,984,61,34,1,-1,-1,-1
105,54,1909,984,38,38,1,-1,-1,-1
105,55,406,1013,60,32,1,-1,-1,-1
105,57,1236,1004,64,32,1,-1,-1,-1
105,58,2294,966,80,55,1,-1,-1,-1
105,59,1921,983,65,38,1,-1,-1,-1
105,60,521,1012,71,29,1,-1,-1,-1
105,61,403,1016,64,32,1,-1,-1,-1
105,62,2459,972,87,44,1,-1,-1,-1
105,63,2348,972,56,40,1,-1,-1,-1
105,64,41,1034,50,23,1,-1,-1,-1
105,65,1948,985,65,34,1,-1,-1,-1
105,66,1839,985,52,40,1,-1,-1,-1
105,67,1632,988,80,36,1,-1,-1,-1
105,68,2456,968,92,44,1,-1,-1,-1
105,69,708,1012,52,28,1,-1,-1,-1
105,70,412,1020,64,28,1,-1,-1,-1
105,71,1760,984,80,40,1,-1,-1,-1
105,72,1856,980,72,40,1,-1,-1,-1
105,73,1308,992,64,36,1,-1,-1,-1
105,74,2068,976,44,44,1,-1,-1,-1
106,0,534,1016,67,34,1,-1,-1,-1
106,2,1239,1005,59,34,1,-1,-1,-1
106,3,409,1021,67,29,1,-1,-1,-1
106,4,710,1009,52,32,1,-1,-1,-1
106,5,1639,991,65,38,1,-1,-1,-1
106,6,771,1010,62,29,1,-1,-1,-1
106,7,1405,992,76,42,1,-1,-1,-1
106,9,2116,978,99,46,1,-1,-1,-1
106,11,2516,976,43,36,1,-1,-1,-1
106,12,2263,974,99,46,1,-1,-1,-1
106,14,1942,983,56,40,1,-1,-1,-1
106,19,1762,987,40,33,1,-1,-1,-1
106,21,711,1013,51,25,1,-1,-1,-1
106,25,1240,1003,56,32,1,-1,-1,-1
106,26,2133,975,80,44,1,-1,-1,-1
106,27,1317,995,76,38,1,-1,-1,-1
106,28,2033,977,76,44,1,-1,-1,-1
106,29,1951,985,62,36,1,-1,-1,-1
106,30,1759,985,64,40,1,-1,-1,-1
106,31,2030,976,84,48,1,-1,-1,-1
106,32,1647,994,76,36,1,-1,-1,-1
106,33,1342,996,48,32,1,-1,-1,-1
106,34,1760,986,80,38,1,-1,-1,-1
106,35,1410,991,72,36,1,-1,-1,-1
106,36,410,1018,67,34,1,-1,-1,-1
106,37,2121,978,91,38,1,-1,-1,-1
106,38,2257,972,64,44,1,-1,-1,-1
106,39,1306,996,52,40,1,-1,-1,-1
106,41,773,1006,57,30,1,-1,-1,-1
106,42,2117,978,58,36,1,-1,-1,-1
106,43,713,1013,56,32,1,-1,-1,-1
106,44,1643,991,80,36,1,-1,-1,-1
106,45,1930,983,57,38,1,-1,-1,-1
106,46,1854,981,76,42,1,-1,-1,-1
106,47,2255,976,96,48,1,-1,-1,-1
106,48,778,1007,56,28,1,-1,-1,-1
106,49,530,1016,68,28,1,-1,-1,-1
106,50,1764,988,58,33,1,-1,-1,-1
106,51,2488,975,64,40,1,-1,-1,-1
106,52,1850,979,42,46,1,-1,-1,-1
106,53,1950,983,61,34,1,-1,-1,-1
106,54,1918,984,38,38,1,-1,-1,-1
106,55,413,1012,60,32,1,-1,-1,-1
106,57,1242,1004,64,32,1,-1,-1,-1
106,58,2260,967,80,55,1,-1,-1,-1
106,59,1930,982,65,38,1,-1,-1,-1
106,60,530,1011,71,29,1,-1,-1,-1
106,61,410,1016,64,32,1,-1,-1,-1
106,62,2468,971,87,44,1,-1,-1,-1
106,63,2353,972,53,38,1,-1,-1,-1
106,64,51,1033,50,23,1,-1,-1,-1
106,65,1956,985,65,34,1,-1,-1,-1
106,66,1848,984,52,40,1,-1,-1,-1
106,67,1639,988,80,36,1,-1,-1,-1
106,68,2462,968,92,44,1,-1,-1,-1
106,69,714,1011,52,28,1,-1,-1,-1
106,70,418,1020,64,28,1,-1,-1,-1
106,71,1765,984,80,40,1,-1,-1,-1
106,72,1862,979,72,40,1,-1,-1,-1
106,73,1313,992,64,36,1,-1,-1,-1
106,74,2073,975,44,44,1,-1,-1,-1
107,0,537,1015,67,34,1,-1,-1,-1
107,2,1242,1004,59,34,1,-1,-1,-1
107,3,412,1020,67,29,1,-1,-1,-1
107,4,711,1007,55,34,1,-1,-1,-1
107,5,1641,991,65,38,1,-1,-1,-1
107,6,774,1010,62,29,1,-1,-1,-1
107,7,1409,991,76,42,1,-1,-1,-1
107,9,2117,977,99,46,1,-1,-1,-1
107,11,2519,975,41,36,1,-1,-1,-1
107,12,2264,973,99,46,1,-1,-1,-1
107,14,1945,983,56,40,1,-1,-1,-1
107,19,1764,985,40,33,1,-1,-1,-1
107,21,714,1011,51,25,1,-1,-1,-1
107,25,1242,1002,56,32,1,-1,-1,-1
107,26,2135,974,80,44,1,-1,-1,-1
107,27,1319,995,76,38,1,-1,-1,-1
107,28,2035,977,76,44,1,-1,-1,-1
107,29,1954,985,62,36,1,-1,-1,-1
107,30,1762,983,64,40,1,-1,-1,-1
107,31,2032,975,84,48,1,-1,-1,-1
107,32,1649,993,76,36,1,-1,-1,-1
107,33,1345,997,48,32,1,-1,-1,-1
107,34,1761,985,80,38,1,-1,-1,-1
107,35,1412,991,72,36,1,-1,-1,-1
107,36,413,1017,67,34,1,-1,-1,-1
107,37,2122,978,91,38,1,-1,-1,-1
107,38,2259,971,64,44,1,-1,-1,-1
107,39,1308,995,52,40,1,-1,-1,-1
107,41,775,1006,57,30,1,-1,-1,-1
107,42,2119,977,58,36,1,-1,-1,-1
107,43,716,1011,56,32,1,-1,-1,-1
107,44,1646,991,80,36,1,-1,-1,-1
107,45,1932,983,57,38,1,-1,-1,-1
107,46,1855,979,76,42,1,-1,-1,-1
107,47,2257,976,96,48,1,-1,-1,-1
107,48,782,1007,56,28,1,-1,-1,-1
107,49,533,1015,68,28,1,-1,-1,-1
107,50,1767,987,58,33,1,-1,-1,-1
107,51,2490,974,64,40,1,-1,-1,-1
107,52,1854,980,40,44,1,-1,-1,-1
107,53,1951,982,61,34,1,-1,-1,-1
107,54,1921,983,38,38,1,-1,-1,-1
107,55,416,1011,60,32,1,-1,-1,-1
107,57,1245,1003,64,32,1,-1,-1,-1
107,58,2262,967,80,55,1,-1,-1,-1
107,59,1934,982,65,38,1,-1,-1,-1
107,60,534,1011,71,29,1,-1,-1,-1
107,61,413,1015,64,32,1,-1,-1,-1
107,62,2470,970,87,44,1,-1,-1,-1
107,63,2354,970,53,38,1,-1,-1,-1
107,64,56,1033,47,22,1,-1,-1,-1
107,65,1959,984,65,34,1,-1,-1,-1
107,66,1849,982,52,40,1,-1,-1,-1
107,67,1642,988,76,34,1,-1,-1,-1
107,68,2462,966,97,46,1,-1,-1,-1
107,69,718,1011,52,28,1,-1,-1,-1
107,70,422,1020,61,27,1,-1,-1,-1
107,71,1767,983,80,40,1,-1,-1,-1
107,72,1864,979,72,40,1,-1,-1,-1
107,73,1316,992,64,36,1,-1,-1,-1
107,74,2076,976,44,44,1,-1,-1,-1
108,0,539,1015,67,34,1,-1,-1,-1
108,2,1245,1004,59,34,1,-1,-1,-1
108,3,414,1020,67,29,1,-1,-1,-1
108,4,715,1006,55,34,1,-1,-1,-1
108,5,1646,991,62,36,1,-1,-1,-1
108,6,777,1009,62,29,1,-1,-1,-1
108,7,1410,991,76,42,1,-1,-1,-1
108,9,2121,977,94,44,1,-1,-1,-1
108,11,2521,974,39,36,1,-1,-1,-1
108,12,2267,972,99,46,1,-1,-1,-1
108,14,1949,983,56,40,1,-1,-1,-1
108,19,1766,985,40,33,1,-1,-1,-1
108,21,717,1011,51,25,1,-1,-1,-1
108,25,1245,1002,56,32,1,-1,-1,-1
108,26,2137,974,80,44,1,-1,-1,-1
108,27,1320,994,76,38,1,-1,-1,-1
108,28,2037,976,76,44,1,-1,-1,-1
108,29,1957,984,62,36,1,-1,-1,-1
108,30,1763,982,64,40,1,-1,-1,-1
108,31,2034,975,84,48,1,-1,-1,-1
108,32,1654,993,72,34,1,-1,-1,-1
108,33,1347,996,48,32,1,-1,-1,-1
108,34,1764,984,80,38,1,-1,-1,-1
108,35,1414,991,72,36,1,-1,-1,-1
108,36,415,1017,67,34,1,-1,-1,-1
108,37,2123,977,91,38,1,-1,-1,-1
108,38,2261,970,64,44,1,-1,-1,-1
108,39,1309,994,52,40,1,-1,-1,-1
108,41,779,1005,57,30,1,-1,-1,-1
108,42,2121,976,58,36,1,-1,-1,-1
108,43,719,1011,56,32,1,-1,-1,-1
108,44,1648,990,80,36,1,-1,-1,-1
108,45,1936,983,57,38,1,-1,-1,-1
108,46,1857,979,76,42,1,-1,-1,-1
108,47,2259,975,96,48,1,-1,-1,-1
108,48,785,1006,56,28,1,-1,-1,-1
108,49,536,1015,68,28,1,-1,-1,-1
108,50,1769,985,58,33,1,-1,-1,-1
108,51,2492,973,64,40,1,-1,-1,-1
108,52,1856,979,40,44,1,-1,-1,-1
108,53,1955,982,61,34,1,-1,-1,-1
108,54,1923,983,38,38,1,-1,-1,-1
108,55,419,1011,60,32,1,-1,-1,-1
108,57,1246,1003,64,32,1,-1,-1,-1
108,58,2264,966,80,55,1,-1,-1,-1
108,59,1936,981,65,38,1,-1,-1,-1
108,60,536,1010,71,29,1,-1,-1,-1
108,61,417,1015,64,32,1,-1,-1,-1
108,62,2472,969,87,44,1,-1,-1,-1
108,63,2356,970,51,36,1,-1,-1,-1
108,64,60,1032,47,22,1,-1,-1,-1
108,65,1962,983,65,34,1,-1,-1,-1
108,66,1851,981,52,40,1,-1,-1,-1
108,67,1644,987,76,34,1,-1,-1,-1
108,68,2465,966,92,44,1,-1,-1,-1
108,69,722,1010,52,28,1,-1,-1,-1
108,70,424,1020,58,25,1,-1,-1,-1
108,71,1770,982,80,40,1,-1,-1,-1
108,72,1867,978,72,40,1,-1,-1,-1
108,73,1318,991,64,36,1,-1,-1,-1
108,74,2078,975,44,44,1,-1,-1,-1
109,0,542,1015,67,34,1,-1,-1,-1
109,2,1247,1004,59,34,1,-1,-1,-1
109,3,417,1019,67,29,1,-1,-1,-1
109,4,719,1006,55,34,1,-1,-1,-1
109,5,1648,990,62,36,1,-1,-1,-1
109,6,780,1008,62,29,1,-1,-1,-1
109,7,1413,990,76,42,1,-1,-1,-1
109,9,2123,976,94,44,1,-1,-1,-1
109,11,2523,973,37,36,1,-1,-1,-1
109,12,2267,970,104,48,1,-1,-1,-1
109,14,1950,982,56,40,1,-1,-1,-1
109,19,1767,984,40,33,1,-1,-1,-1
109,21,720,1010,51,25,1,-1,-1,-1
109,25,1247,1001,56,32,1,-1,-1,-1
109,26,2139,974,80,44,1,-1,-1,-1
109,27,1325,993,76,38,1,-1,-1,-1
109,28,2040,976,76,44,1,-1,-1,-1
109,29,1959,983,62,36,1,-1,-1,-1
109,30,1765,982,64,40,1,-1,-1,-1
109,31,2036,974,84,48,1,-1,-1,-1
109,32,1656,992,72,34,1,-1,-1,-1
109,33,1350,997,46,30,1,-1,-1,-1
109,34,1766,983,80,38,1,-1,-1,-1
109,35,1418,990,72,36,1,-1,-1,-1
109,36,417,1017,67,34,1,-1,-1,-1
109,37,2126,976,91,38,1,-1,-1,-1
109,38,2263,970,64,44,1,-1,-1,-1
109,39,1313,994,52,40,1,-1,-1,-1
109,41,783,1004,57,30,1,-1,-1,-1
109,42,2123,976,58,36,1,-1,-1,-1
109,43,723,1010,56,32,1,-1,-1,-1
109,44,1652,989,80,36,1,-1,-1,-1
109,45,1939,982,57,38,1,-1,-1,-1
109,46,1860,978,76,42,1,-1,-1,-1
109,47,2261,975,96,48,1,-1,-1,-1
109,48,789,1006,56,28,1,-1,-1,-1
109,49,540,1015,68,28,1,-1,-1,-1
109,50,1771,985,58,33,1,-1,-1,-1
109,51,2493,973,64,40,1,-1,-1,-1
109,52,1858,978,40,44,1,-1,-1,-1
109,53,1956,981,61,34,1,-1,-1,-1
109,54,1927,983,38,38,1,-1,-1,-1
109,55,422,1011,60,32,1,-1,-1,-1
109,57,1251,1003,64,32,1,-1,-1,-1
109,59,1939,980,65,38,1,-1,-1,-1
109,60,539,1009,71,29,1,-1,-1,-1
109,61,418,1014,64,32,1,-1,-1,-1
109,62,2472,969,87,44,1,-1,-1,-1
109,63,2356,970,48,35,1,-1,-1,-1
109,64,62,1032,47,22,1,-1,-1,-1
109,65,1965,983,65,34,1,-1,-1,-1
109,66,1854,980,52,40,1,-1,-1,-1
109,67,1647,986,76,34,1,-1,-1,-1
109,68,2467,966,92,44,1,-1,-1,-1
109,69,726,1010,52,28,1,-1,-1,-1
109,70,427,1019,61,27,1,-1,-1,-1
109,71,1771,981,80,40,1,-1,-1,-1
109,72,1870,977,72,40,1,-1,-1,-1
109,73,1321,991,64,36,1,-1,-1,-1
109,74,2081,975,44,44,1,-1,-1,-1
110,0,549,1015,67,34,1,-1,-1,-1
110,2,1254,1003,59,34,1,-1,-1,-1
110,3,423,1019,67,29,1,-1,-1,-1
110,4,724,1006,55,34,1,-1,-1,-1
110,5,1655,989,62,36,1,-1,-1,-1
110,6,786,1007,62,29,1,-1,-1,-1
110,7,1420,989,76,42,1,-1,-1,-1
110,9,2128,975,94,44,1,-1,-1,-1
110,11,2527,972,33,36,1,-1,-1,-1
110,12,2272,968,109,50,1,-1,-1,-1
110,14,1955,982,56,40,1,-1,-1,-1
110,19,1772,983,40,33,1,-1,-1,-1
110,21,726,1010,51,25,1,-1,-1,-1
110,25,1253,1001,56,32,1,-1,-1,-1
110,26,2144,973,80,44,1,-1,-1,-1
110,27,1328,992,76,38,1,-1,-1,-1
110,28,2044,974,80,46,1,-1,-1,-1
110,29,1964,983,62,36,1,-1,-1,-1
110,30,1770,982,64,40,1,-1,-1,-1
110,31,2043,974,84,48,1,-1,-1,-1
110,32,1662,992,72,34,1,-1,-1,-1
110,33,1355,996,46,30,1,-1,-1,-1
110,34,1771,982,80,38,1,-1,-1,-1
110,35,1424,989,72,36,1,-1,-1,-1
110,36,424,1016,67,34,1,-1,-1,-1
110,37,2129,975,91,38,1,-1,-1,-1
110,38,2267,970,64,44,1,-1,-1,-1
110,39,1318,993,52,40,1,-1,-1,-1
110,41,788,1004,57,30,1,-1,-1,-1
110,42,2127,975,58,36,1,-1,-1,-1
110,43,729,1009,56,32,1,-1,-1,-1
110,44,1657,989,80,36,1,-1,-1,-1
110,45,1943,981,57,38,1,-1,-1,-1
110,46,1866,977,76,42,1,-1,-1,-1
110,47,2266,973,96,48,1,-1,-1,-1
110,48,795,1005,56,28,1,-1,-1,-1
110,49,545,1015,68,28,1,-1,-1,-1
110,50,1776,984,58,33,1,-1,-1,-1
110,51,2498,973,62,40,1,-1,-1,-1
110,52,1863,977,40,44,1,-1,-1,-1
110,53,1962,981,61,34,1,-1,-1,-1
110,54,1932,982,38,38,1,-1,-1,-1
110,55,427,1010,60,32,1,-1,-1,-1
110,57,1257,1002,64,32,1,-1,-1,-1
110,59,1944,980,65,38,1,-1,-1,-1
110,60,544,1008,75,31,1,-1,-1,-1
110,61,424,1013,64,32,1,-1,-1,-1
110,62,2477,966,83,46,1,-1,-1,-1
110,63,2356,970,46,33,1,-1,-1,-1
110,64,68,1032,47,22,1,-1,-1,-1
110,65,1970,983,65,34,1,-1,-1,-1
110,66,1859,980,52,40,1,-1,-1,-1
110,67,1654,986,76,34,1,-1,-1,-1
110,68,2473,965,87,44,1,-1,-1,-1
110,69,731,1009,52,28,1,-1,-1,-1
110,70,432,1018,61,27,1,-1,-1,-1
110,71,1776,981,80,40,1,-1,-1,-1
110,72,1874,976,72,40,1,-1,-1,-1
110,73,1326,991,64,36,1,-1,-1,-1
110,74,2086,975,44,44,1,-1,-1,-1
111,0,550,1014,67,34,1,-1,-1,-1
111,2,1256,1003,59,34,1,-1,-1,-1
111,3,424,1018,67,29,1,-1,-1,-1
111,4,729,1006,52,32,1,-1,-1,-1
111,5,1656,989,62,36,1,-1,-1,-1
111,6,790,1007,62,29,1,-1,-1,-1
111,7,1422,989,76,42,1,-1,-1,-1
111,9,2130,975,94,44,1,-1,-1,-1
111,11,2530,972,30,36,1,-1,-1,-1
111,12,2272,967,109,50,1,-1,-1,-1
111,14,1958,982,56,40,1,-1,-1,-1
111,19,1775,983,40,33,1,-1,-1,-1
111,21,730,1009,51,25,1,-1,-1,-1
111,25,1257,1000,56,32,1,-1,-1,-1
111,26,2146,973,80,44,1,-1,-1,-1
111,27,1331,993,72,36,1,-1,-1,-1
111,28,2045,974,80,46,1,-1,-1,-1
111,29,1967,982,62,36,1,-1,-1,-1
111,30,1772,981,64,40,1,-1,-1,-1
111,31,2044,973,84,48,1,-1,-1,-1
111,32,1664,991,72,34,1,-1,-1,-1
111,33,1358,995,46,30,1,-1,-1,-1
111,34,1773,982,80,38,1,-1,-1,-1
111,35,1426,989,72,36,1,-1,-1,-1
111,36,426,1015,67,34,1,-1,-1,-1
111,37,2132,974,91,38,1,-1,-1,-1
111,38,2268,969,64,44,1,-1,-1,-1
111,39,1320,992,52,40,1,-1,-1,-1
111,41,791,1004,57,30,1,-1,-1,-1
111,42,2130,975,58,36,1,-1,-1,-1
111,43,731,1008,56,32,1,-1,-1,-1
111,44,1658,989,80,36,1,-1,-1,-1
111,45,1946,980,57,38,1,-1,-1,-1
111,46,1867,976,76,42,1,-1,-1,-1
111,47,2268,973,96,48,1,-1,-1,-1
111,48,799,1005,56,28,1,-1,-1,-1
111,49,548,1015,65,27,1,-1,-1,-1
111,50,1778,984,58,33,1,-1,-1,-1
111,51,2501,973,59,40,1,-1,-1,-1
111,52,1865,977,40,44,1,-1,-1,-1
111,53,1964,981,61,34,1,-1,-1,-1
111,54,1935,981,38,38,1,-1,-1,-1
111,55,430,1009,60,32,1,-1,-1,-1
111,57,1259,1002,64,32,1,-1,-1,-1
111,59,1946,979,65,38,1,-1,-1,-1
111,60,546,1009,71,29,1,-1,-1,-1
111,61,427,1013,64,32,1,-1,-1,-1
111,62,2478,966,82,46,1,-1,-1,-1
111,63,2356,970,46,33,1,-1,-1,-1
111,64,72,1031,47,22,1,-1,-1,-1
111,65,1972,983,65,34,1,-1,-1,-1
111,66,1859,978,55,42,1,-1,-1,-1
111,67,1655,986,76,34,1,-1,-1,-1
111,68,2476,966,84,42,1,-1,-1,-1
111,69,735,1009,52,28,1,-1,-1,-1
111,70,435,1018,61,27,1,-1,-1,-1
111,71,1778,981,80,40,1,-1,-1,-1
111,72,1876,976,72,40,1,-1,-1,-1
111,73,1328,990,64,36,1,-1,-1,-1
111,74,2089,975,44,44,1,-1,-1,-1
112,0,554,1014,67,34,1,-1,-1,-1
112,2,1259,1002,59,34,1,-1,-1,-1
112,3,428,1018,67,29,1,-1,-1,-1
112,4,733,1006,52,32,1,-1,-1,-1
112,5,1659,988,62,36,1,-1,-1,-1
112,6,792,1006,62,29,1,-1,-1,-1
112,7,1424,989,76,42,1,-1,-1,-1
112,9,2132,975,94,44,1,-1,-1,-1
112,11,2531,971,29,36,1,-1,-1,-1
112,12,2275,967,109,50,1,-1,-1,-1
112,14,1961,981,56,40,1,-1,-1,-1
112,19,1778,983,40,33,1,-1,-1,-1
112,21,733,1008,51,25,1,-1,-1,-1
112,25,1258,999,56,32,1,-1,-1,-1
112,26,2148,972,80,44,1,-1,-1,-1
112,27,1334,992,72,36,1,-1,-1,-1
112,28,2048,973,80,46,1,-1,-1,-1
112,29,1969,982,62,36,1,-1,-1,-1
112,30,1774,980,64,40,1,-1,-1,-1
112,31,2046,973,84,48,1,-1,-1,-1
112,32,1667,991,72,34,1,-1,-1,-1
112,33,1361,994,48,32,1,-1,-1,-1
112,34,1775,982,80,38,1,-1,-1,-1
112,35,1429,988,72,36,1,-1,-1,-1
112,36,430,1014,67,34,1,-1,-1,-1
112,37,2134,974,91,38,1,-1,-1,-1
112,38,2270,969,64,44,1,-1,-1,-1
112,39,1322,992,52,40,1,-1,-1,-1
112,41,795,1003,57,30,1,-1,-1,-1
112,42,2133,974,58,36,1,-1,-1,-1
112,43,737,1009,53,30,1,-1,-1,-1
112,44,1662,988,80,36,1,-1,-1,-1
112,45,1949,980,57,38,1,-1,-1,-1
112,46,1870,976,76,42,1,-1,-1,-1
112,47,2272,974,91,46,1,-1,-1,-1
112,48,801,1005,56,28,1,-1,-1,-1
112,49,552,1015,65,27,1,-1,-1,-1
112,50,1781,983,58,33,1,-1,-1,-1
112,51,2503,972,57,40,1,-1,-1,-1
112,52,1868,976,40,44,1,-1,-1,-1
112,53,1968,981,61,34,1,-1,-1,-1
112,54,1938,981,38,38,1,-1,-1,-1
112,55,434,1009,60,32,1,-1,-1,-1
112,57,1262,1003,61,30,1,-1,-1,-1
112,59,1950,980,62,36,1,-1,-1,-1
112,60,550,1009,71,29,1,-1,-1,-1
112,61,431,1012,64,32,1,-1,-1,-1
112,62,2480,966,80,46,1,-1,-1,-1
112,63,2357,969,46,33,1,-1,-1,-1
112,64,75,1030,47,22,1,-1,-1,-1
112,65,1974,982,65,34,1,-1,-1,-1
112,66,1862,977,55,42,1,-1,-1,-1
112,67,1658,985,76,34,1,-1,-1,-1
112,68,2479,965,81,42,1,-1,-1,-1
112,69,738,1008,52,28,1,-1,-1,-1
112,70,439,1017,61,27,1,-1,-1,-1
112,71,1781,981,80,40,1,-1,-1,-1
112,72,1879,976,72,40,1,-1,-1,-1
112,73,1331,989,64,36,1,-1,-1,-1
112,74,2092,974,44,44,1,-1,-1,-1
113,0,554,1014,67,34,1,-1,-1,-1
113,2,1259,1002,59,34,1,-1,-1,-1
113,3,428,1018,67,29,1,-1,-1,-1
113,4,733,1006,52,32,1,-1,-1,-1
113,5,1659,988,62,36,1,-1,-1,-1
113,6,792,1006,62,29,1,-1,-1,-1
113,7,1424,989,76,42,1,-1,-1,-1
113,9,2148,976,80,44,1,-1,-1,-1
113,11,2531,971,29,36,1,-1,-1,-1
113,12,2275,967,109,50,1,-1,-1,-1
113,14,1961,981,56,40,1,-1,-1,-1
113,19,1778,983,40,33,1,-1,-1,-1
113,21,733,1008,51,25,1,-1,-1,-1
113,25,1258,999,56,32,1,-1,-1,-1
113,26,2148,972,80,44,1,-1,-1,-1
113,27,1336,988,72,36,1,-1,-1,-1
113,28,2048,973,80,46,1,-1,-1,-1
113,29,1969,982,62,36,1,-1,-1,-1
113,30,1774,980,64,40,1,-1,-1,-1
113,31,2046,973,84,48,1,-1,-1,-1
113,32,1667,991,72,34,1,-1,-1,-1
113,33,1361,994,48,32,1,-1,-1,-1
113,34,1775,982,80,38,1,-1,-1,-1
113,35,1428,988,76,36,1,-1,-1,-1
113,36,432,1016,68,32,1,-1,-1,-1
113,37,2134,974,91,38,1,-1,-1,-1
113,38,2270,969,64,44,1,-1,-1,-1
113,39,1322,992,52,40,1,-1,-1,-1
113,41,795,1003,57,30,1,-1,-1,-1
113,42,2133,974,58,36,1,-1,-1,-1
113,43,740,1008,56,32,1,-1,-1,-1
113,44,1664,984,76,40,1,-1,-1,-1
113,45,1949,980,57,38,1,-1,-1,-1
113,46,1870,976,76,42,1,-1,-1,-1
113,47,2276,964,84,52,1,-1,-1,-1
113,48,808,1004,56,32,1,-1,-1,-1
113,49,552,1015,65,27,1,-1,-1,-1
113,50,1781,983,58,33,1,-1,-1,-1
113,51,2503,972,57,40,1,-1,-1,-1
113,52,1868,976,40,44,1,-1,-1,-1
113,53,1968,981,61,34,1,-1,-1,-1
113,54,1938,981,38,38,1,-1,-1,-1
113,55,434,1009,60,32,1,-1,-1,-1
113,57,1262,1003,61,30,1,-1,-1,-1
113,59,1950,980,62,36,1,-1,-1,-1
113,60,550,1009,71,29,1,-1,-1,-1
113,61,431,1012,64,32,1,-1,-1,-1
113,62,2480,968,76,44,1,-1,-1,-1
113,63,2357,969,46,33,1,-1,-1,-1
113,64,75,1030,47,22,1,-1,-1,-1
113,65,1972,980,64,36,1,-1,-1,-1
113,66,1862,977,55,42,1,-1,-1,-1
113,67,1658,985,76,34,1,-1,-1,-1
113,68,2479,965,81,42,1,-1,-1,-1
113,69,738,1008,52,28,1,-1,-1,-1
113,70,439,1017,61,27,1,-1,-1,-1
113,71,1776,980,88,44,1,-1,-1,-1
113,72,1879,976,72,40,1,-1,-1,-1
113,73,1331,989,64,36,1,-1,-1,-1
113,74,2092,974,44,44,1,-1,-1,-1
113,75,556,1012,64,28,1,-1,-1,-1
113,76,1264,1000,56,28,1,-1,-1,-1
113,77,2056,972,76,44,1,-1,-1,-1
113,78,1904,984,60,36,1,-1,-1,-1
114,0,561,1013,67,34,1,-1,-1,-1
114,2,1267,1001,59,34,1,-1,-1,-1
114,3,436,1017,67,29,1,-1,-1,-1
114,4,743,1004,52,32,1,-1,-1,-1
114,5,1668,988,62,36,1,-1,-1,-1
114,6,803,1006,62,29,1,-1,-1,-1
114,7,1433,989,76,42,1,-1,-1,-1
114,9,2152,976,80,44,1,-1,-1,-1
114,11,2539,972,21,34,1,-1,-1,-1
114,12,2283,967,109,50,1,-1,-1,-1
114,14,1968,981,56,40,1,-1,-1,-1
114,19,1785,983,40,33,1,-1,-1,-1
114,21,743,1007,51,25,1,-1,-1,-1
114,25,1266,999,56,32,1,-1,-1,-1
114,26,2154,971,80,44,1,-1,-1,-1
114,27,1342,988,72,36,1,-1,-1,-1
114,28,2056,973,80,46,1,-1,-1,-1
114,29,1977,981,62,36,1,-1,-1,-1
114,30,1782,980,64,40,1,-1,-1,-1
114,31,2055,972,84,48,1,-1,-1,-1
114,32,1675,990,72,34,1,-1,-1,-1
114,33,1369,994,48,32,1,-1,-1,-1
114,34,1784,982,80,38,1,-1,-1,-1
114,35,1434,988,76,36,1,-1,-1,-1
114,36,438,1015,68,32,1,-1,-1,-1
114,37,2142,974,91,38,1,-1,-1,-1
114,38,2278,968,64,44,1,-1,-1,-1
114,39,1330,991,52,40,1,-1,-1,-1
114,41,805,1002,57,30,1,-1,-1,-1
114,42,2140,974,58,36,1,-1,-1,-1
114,43,746,1007,56,32,1,-1,-1,-1
114,44,1670,984,76,40,1,-1,-1,-1
114,45,1956,979,57,38,1,-1,-1,-1
114,46,1878,976,76,42,1,-1,-1,-1
114,47,2284,965,80,50,1,-1,-1,-1
114,48,814,1004,56,32,1,-1,-1,-1
114,49,559,1014,65,27,1,-1,-1,-1
114,50,1788,983,58,33,1,-1,-1,-1
114,51,2511,971,49,40,1,-1,-1,-1
114,52,1876,977,40,44,1,-1,-1,-1
114,53,1974,980,61,34,1,-1,-1,-1
114,54,1945,979,38,38,1,-1,-1,-1
114,55,441,1008,60,32,1,-1,-1,-1
114,57,1269,1002,61,30,1,-1,-1,-1
114,59,1958,979,62,36,1,-1,-1,-1
114,60,558,1008,71,29,1,-1,-1,-1
114,61,438,1011,64,32,1,-1,-1,-1
114,62,2485,968,75,44,1,-1,-1,-1
114,63,2342,971,48,35,1,-1,-1,-1
114,64,83,1029,50,23,1,-1,-1,-1
114,65,1977,980,64,36,1,-1,-1,-1
114,66,1870,977,55,42,1,-1,-1,-1
114,67,1667,985,76,34,1,-1,-1,-1
114,68,2487,965,73,42,1,-1,-1,-1
114,69,748,1006,52,28,1,-1,-1,-1
114,70,445,1017,61,27,1,-1,-1,-1
114,71,1782,980,88,44,1,-1,-1,-1
114,72,1886,975,72,40,1,-1,-1,-1
114,73,1338,987,67,38,1,-1,-1,-1
114,74,2098,972,44,44,1,-1,-1,-1
114,75,562,1012,64,28,1,-1,-1,-1
114,76,1270,1000,56,28,1,-1,-1,-1
114,77,2062,972,76,44,1,-1,-1,-1
114,78,1909,983,60,36,1,-1,-1,-1
115,0,564,1013,67,34,1,-1,-1,-1
115,2,1269,1001,59,34,1,-1,-1,-1
115,3,439,1017,67,29,1,-1,-1,-1
115,4,746,1003,52,32,1,-1,-1,-1
115,5,1671,988,62,36,1,-1,-1,-1
115,6,804,1005,62,29,1,-1,-1,-1
115,7,1435,988,76,42,1,-1,-1,-1
115,9,2154,976,80,44,1,-1,-1,-1
115,11,2543,971,17,34,1,-1,-1,-1
115,12,2285,967,109,50,1,-1,-1,-1
115,14,1971,980,56,40,1,-1,-1,-1
115,19,1787,983,40,33,1,-1,-1,-1
115,21,747,1006,51,25,1,-1,-1,-1
115,25,1271,999,56,32,1,-1,-1,-1
115,26,2156,971,80,44,1,-1,-1,-1
115,27,1344,988,72,36,1,-1,-1,-1
115,28,2059,972,80,46,1,-1,-1,-1
115,29,1980,981,62,36,1,-1,-1,-1
115,30,1784,980,64,40,1,-1,-1,-1
115,31,2057,971,84,48,1,-1,-1,-1
115,32,1678,989,76,36,1,-1,-1,-1
115,33,1372,993,48,32,1,-1,-1,-1
115,34,1785,981,80,38,1,-1,-1,-1
115,35,1436,988,76,36,1,-1,-1,-1
115,36,439,1015,71,34,1,-1,-1,-1
115,37,2143,973,91,38,1,-1,-1,-1
115,38,2281,967,64,44,1,-1,-1,-1
115,39,1333,991,52,40,1,-1,-1,-1
115,41,807,1002,57,30,1,-1,-1,-1
115,42,2141,974,58,36,1,-1,-1,-1
115,43,751,1007,56,32,1,-1,-1,-1
115,44,1672,984,76,40,1,-1,-1,-1
115,45,1959,979,57,38,1,-1,-1,-1
115,46,1882,976,76,42,1,-1,-1,-1
115,47,2287,965,80,50,1,-1,-1,-1
115,48,818,1004,56,32,1,-1,-1,-1
115,49,564,1014,65,27,1,-1,-1,-1
115,50,1790,983,58,33,1,-1,-1,-1
115,51,2513,970,47,40,1,-1,-1,-1
115,52,1879,977,40,44,1,-1,-1,-1
115,53,1978,979,61,34,1,-1,-1,-1
115,54,1949,978,38,38,1,-1,-1,-1
115,55,444,1008,60,32,1,-1,-1,-1
115,57,1273,1001,61,30,1,-1,-1,-1
115,59,1962,979,62,36,1,-1,-1,-1
115,60,563,1008,68,28,1,-1,-1,-1
115,61,441,1011,64,32,1,-1,-1,-1
115,62,2487,968,73,44,1,-1,-1,-1
115,63,2342,971,51,36,1,-1,-1,-1
115,64,86,1028,52,24,1,-1,-1,-1
115,65,1980,980,64,36,1,-1,-1,-1
115,66,1873,978,55,42,1,-1,-1,-1
115,67,1669,984,76,34,1,-1,-1,-1
115,68,2489,964,71,42,1,-1,-1,-1
115,69,752,1006,52,28,1,-1,-1,-1
115,70,450,1016,61,27,1,-1,-1,-1
115,71,1783,980,88,44,1,-1,-1,-1
115,72,1890,975,72,40,1,-1,-1,-1
115,73,1340,987,67,38,1,-1,-1,-1
115,74,2100,972,44,44,1,-1,-1,-1
115,75,565,1012,64,28,1,-1,-1,-1
115,76,1274,1000,56,28,1,-1,-1,-1
115,77,2064,971,76,44,1,-1,-1,-1
115,78,1912,984,60,36,1,-1,-1,-1
116,0,568,1012,67,34,1,-1,-1,-1
116,2,1273,1001,59,34,1,-1,-1,-1
116,3,442,1016,67,29,1,-1,-1,-1
116,4,749,1003,52,32,1,-1,-1,-1
116,5,1674,987,62,36,1,-1,-1,-1
116,6,808,1005,62,29,1,-1,-1,-1
116,7,1438,988,76,42,1,-1,-1,-1
116,9,2157,975,80,44,1,-1,-1,-1
116,11,2544,970,16,34,1,-1,-1,-1
116,12,2287,965,109,50,1,-1,-1,-1
116,14,1975,980,56,40,1,-1,-1,-1
116,19,1789,983,40,33,1,-1,-1,-1
116,21,750,1006,51,25,1,-1,-1,-1
116,25,1272,998,56,32,1,-1,-1,-1
116,26,2159,971,80,44,1,-1,-1,-1
116,27,1346,987,72,36,1,-1,-1,-1
116,28,2065,972,80,46,1,-1,-1,-1
116,29,1983,981,62,36,1,-1,-1,-1
116,30,1786,980,64,40,1,-1,-1,-1
116,31,2058,970,84,48,1,-1,-1,-1
116,32,1680,988,76,36,1,-1,-1,-1
116,33,1374,992,48,32,1,-1,-1,-1
116,34,1787,981,80,38,1,-1,-1,-1
116,35,1439,988,76,36,1,-1,-1,-1
116,36,442,1014,71,34,1,-1,-1,-1
116,37,2145,973,91,38,1,-1,-1,-1
116,38,2285,966,64,44,1,-1,-1,-1
116,39,1336,991,52,40,1,-1,-1,-1
116,41,811,1002,57,30,1,-1,-1,-1
116,42,2144,974,58,36,1,-1,-1,-1
116,43,753,1007,56,32,1,-1,-1,-1
116,44,1675,983,76,40,1,-1,-1,-1
116,45,1962,978,57,38,1,-1,-1,-1
116,46,1884,976,76,42,1,-1,-1,-1
116,47,2289,964,80,50,1,-1,-1,-1
116,48,820,1003,56,32,1,-1,-1,-1
116,49,565,1013,65,27,1,-1,-1,-1
116,50,1792,983,58,33,1,-1,-1,-1
116,51,2515,970,45,40,1,-1,-1,-1
116,52,1882,977,40,44,1,-1,-1,-1
116,53,1981,979,61,34,1,-1,-1,-1
116,54,1951,978,38,38,1,-1,-1,-1
116,55,448,1007,60,32,1,-1,-1,-1
116,57,1276,1001,61,30,1,-1,-1,-1
116,59,1963,978,62,36,1,-1,-1,-1
116,60,565,1007,68,28,1,-1,-1,-1
116,61,444,1010,64,32,1,-1,-1,-1
116,62,2490,967,70,44,1,-1,-1,-1
116,63,2344,970,51,36,1,-1,-1,-1
116,64,86,1027,55,25,1,-1,-1,-1
116,65,1983,980,64,36,1,-1,-1,-1
116,66,1877,979,55,42,1,-1,-1,-1
116,67,1672,983,76,34,1,-1,-1,-1
116,68,2491,963,69,42,1,-1,-1,-1
116,69,755,1006,52,28,1,-1,-1,-1
116,70,452,1015,61,27,1,-1,-1,-1
116,71,1785,979,88,44,1,-1,-1,-1
116,72,1893,975,72,40,1,-1,-1,-1
116,73,1343,987,67,38,1,-1,-1,-1
116,74,2102,971,44,44,1,-1,-1,-1
116,75,567,1011,64,28,1,-1,-1,-1
116,76,1275,1000,56,28,1,-1,-1,-1
116,77,2066,971,76,44,1,-1,-1,-1
116,78,1915,984,60,36,1,-1,-1,-1
117,0,570,1012,67,34,1,-1,-1,-1
117,2,1275,1000,59,34,1,-1,-1,-1
117,3,445,1016,67,29,1,-1,-1,-1
117,4,754,1003,52,32,1,-1,-1,-1
117,5,1677,986,62,36,1,-1,-1,-1
117,6,810,1004,62,29,1,-1,-1,-1
117,7,1440,988,76,42,1,-1,-1,-1
117,9,2159,975,80,44,1,-1,-1,-1
117,11,2545,969,15,34,1,-1,-1,-1
117,12,2290,965,109,50,1,-1,-1,-1
117,14,1977,979,56,40,1,-1,-1,-1
117,19,1791,982,40,33,1,-1,-1,-1
117,21,753,1006,51,25,1,-1,-1,-1
117,25,1274,997,56,32,1,-1,-1,-1
117,26,2161,971,80,44,1,-1,-1,-1
117,27,1350,987,72,36,1,-1,-1,-1
117,28,2065,971,80,46,1,-1,-1,-1
117,29,1985,980,62,36,1,-1,-1,-1
117,30,1789,979,64,40,1,-1,-1,-1
117,31,2062,970,84,48,1,-1,-1,-1
117,32,1684,988,72,34,1,-1,-1,-1
117,33,1377,992,48,32,1,-1,-1,-1
117,34,1789,981,80,38,1,-1,-1,-1
117,35,1442,988,76,36,1,-1,-1,-1
117,36,445,1014,71,34,1,-1,-1,-1
117,37,2147,973,91,38,1,-1,-1,-1
117,38,2288,966,64,44,1,-1,-1,-1
117,39,1339,991,52,40,1,-1,-1,-1
117,41,813,1001,57,30,1,-1,-1,-1
117,42,2145,973,58,36,1,-1,-1,-1
117,43,758,1007,56,32,1,-1,-1,-1
117,44,1678,982,76,40,1,-1,-1,-1
117,45,1965,977,57,38,1,-1,-1,-1
117,46,1887,976,76,42,1,-1,-1,-1
117,47,2292,963,80,50,1,-1,-1,-1
117,48,824,1003,56,32,1,-1,-1,-1
117,49,568,1013,65,27,1,-1,-1,-1
117,50,1794,982,58,33,1,-1,-1,-1
117,51,2517,969,43,40,1,-1,-1,-1
117,52,1885,976,40,44,1,-1,-1,-1
117,53,1983,978,61,34,1,-1,-1,-1
117,54,1954,978,38,38,1,-1,-1,-1
117,55,449,1007,60,32,1,-1,-1,-1
117,57,1277,1000,61,30,1,-1,-1,-1
117,59,1966,977,62,36,1,-1,-1,-1
117,60,570,1007,68,28,1,-1,-1,-1
117,61,446,1010,64,32,1,-1,-1,-1
117,62,2491,966,69,44,1,-1,-1,-1
117,63,2345,969,51,36,1,-1,-1,-1
117,64,93,1027,52,24,1,-1,-1,-1
117,65,1987,980,61,34,1,-1,-1,-1
117,66,1880,979,55,42,1,-1,-1,-1
117,67,1675,983,76,34,1,-1,-1,-1
117,68,2495,964,65,40,1,-1,-1,-1
117,69,758,1006,52,28,1,-1,-1,-1
117,70,454,1016,61,27,1,-1,-1,-1
117,71,1787,980,88,44,1,-1,-1,-1
117,72,1895,975,72,40,1,-1,-1,-1
117,73,1345,986,67,38,1,-1,-1,-1
117,74,2104,972,44,44,1,-1,-1,-1
117,75,570,1011,64,28,1,-1,-1,-1
117,76,1278,999,56,28,1,-1,-1,-1
117,77,2070,970,76,44,1,-1,-1,-1
117,78,1917,983,60,36,1,-1,-1,-1
118,0,576,1011,67,34,1,-1,-1,-1
118,2,1281,999,59,34,1,-1,-1,-1
118,3,451,1016,67,29,1,-1,-1,-1
118,4,759,1002,52,32,1,-1,-1,-1
118,5,1682,985,62,36,1,-1,-1,-1
118,6,817,1004,62,29,1,-1,-1,-1
118,7,1446,987,76,42,1,-1,-1,-1
118,9,2165,975,80,44,1,-1,-1,-1
118,11,2549,969,11,34,1,-1,-1,-1
118,12,2294,964,109,50,1,-1,-1,-1
118,14,1984,977,56,40,1,-1,-1,-1
118,19,1794,981,40,33,1,-1,-1,-1
118,21,759,1006,51,25,1,-1,-1,-1
118,25,1280,996,56,32,1,-1,-1,-1
118,26,2166,970,80,44,1,-1,-1,-1
118,27,1356,987,72,36,1,-1,-1,-1
118,28,2069,971,76,44,1,-1,-1,-1
118,29,1991,978,62,36,1,-1,-1,-1
118,30,1792,978,64,40,1,-1,-1,-1
118,31,2067,970,84,48,1,-1,-1,-1
118,32,1689,988,72,34,1,-1,-1,-1
118,33,1382,991,48,32,1,-1,-1,-1
118,34,1792,979,80,38,1,-1,-1,-1
118,35,1448,987,76,36,1,-1,-1,-1
118,36,453,1014,68,32,1,-1,-1,-1
118,37,2151,973,91,38,1,-1,-1,-1
118,38,2294,965,64,44,1,-1,-1,-1
118,39,1344,990,52,40,1,-1,-1,-1
118,41,819,1001,57,30,1,-1,-1,-1
118,42,2150,973,58,36,1,-1,-1,-1
118,43,764,1006,56,32,1,-1,-1,-1
118,44,1684,982,76,40,1,-1,-1,-1
118,45,1972,976,57,38,1,-1,-1,-1
118,46,1893,975,76,42,1,-1,-1,-1
118,47,2298,963,80,50,1,-1,-1,-1
118,48,830,1003,56,32,1,-1,-1,-1
118,49,573,1012,65,27,1,-1,-1,-1
118,50,1798,980,58,33,1,-1,-1,-1
118,51,2523,969,37,40,1,-1,-1,-1
118,52,1890,975,40,44,1,-1,-1,-1
118,53,1989,977,61,34,1,-1,-1,-1
118,54,1960,977,38,38,1,-1,-1,-1
118,55,455,1006,63,34,1,-1,-1,-1
118,57,1284,999,61,30,1,-1,-1,-1
118,59,1972,976,62,36,1,-1,-1,-1
118,60,574,1006,68,28,1,-1,-1,-1
118,61,452,1010,64,32,1,-1,-1,-1
118,62,2497,966,63,44,1,-1,-1,-1
118,63,2350,969,51,36,1,-1,-1,-1
118,64,99,1027,52,24,1,-1,-1,-1
118,65,1993,979,61,34,1,-1,-1,-1
118,66,1885,977,55,42,1,-1,-1,-1
118,67,1681,982,76,34,1,-1,-1,-1
118,68,2502,964,58,40,1,-1,-1,-1
118,69,763,1006,52,28,1,-1,-1,-1
118,70,461,1015,61,27,1,-1,-1,-1
118,71,1790,977,88,44,1,-1,-1,-1
118,72,1900,974,72,40,1,-1,-1,-1
118,73,1352,986,67,38,1,-1,-1,-1
118,74,2108,971,44,44,1,-1,-1,-1
118,75,576,1011,64,28,1,-1,-1,-1
118,76,1284,998,56,28,1,-1,-1,-1
118,77,2075,969,76,44,1,-1,-1,-1
118,78,1923,982,60,36,1,-1,-1,-1
119,0,579,1011,67,34,1,-1,-1,-1
119,2,1283,999,59,34,1,-1,-1,-1
119,3,455,1015,67,29,1,-1,-1,-1
119,4,763,1002,52,32,1,-1,-1,-1
119,5,1684,985,62,36,1,-1,-1,-1
119,6,820,1003,62,29,1,-1,-1,-1
119,7,1447,987,76,42,1,-1,-1,-1
119,9,2166,974,80,44,1,-1,-1,-1
119,11,2553,969,7,34,1,-1,-1,-1
119,12,2300,965,104,48,1,-1,-1,-1
119,14,1987,977,56,40,1,-1,-1,-1
119,19,1795,980,40,33,1,-1,-1,-1
119,21,763,1006,51,25,1,-1,-1,-1
119,25,1284,996,56,32,1,-1,-1,-1
119,26,2167,970,80,44,1,-1,-1,-1
119,27,1358,986,72,36,1,-1,-1,-1
119,28,2071,971,76,44,1,-1,-1,-1
119,29,1994,978,62,36,1,-1,-1,-1
119,30,1793,978,64,40,1,-1,-1,-1
119,31,2068,970,84,48,1,-1,-1,-1
119,32,1692,988,72,34,1,-1,-1,-1
119,33,1385,991,48,32,1,-1,-1,-1
119,34,1795,979,80,38,1,-1,-1,-1
119,35,1449,987,76,36,1,-1,-1,-1
119,36,456,1014,68,32,1,-1,-1,-1
119,37,2153,973,91,38,1,-1,-1,-1
119,38,2296,965,64,44,1,-1,-1,-1
119,39,1347,990,52,40,1,-1,-1,-1
119,41,822,1000,57,30,1,-1,-1,-1
119,42,2151,972,58,36,1,-1,-1,-1
119,43,767,1005,56,32,1,-1,-1,-1
119,44,1686,982,76,40,1,-1,-1,-1
119,45,1974,976,57,38,1,-1,-1,-1
119,46,1895,975,76,42,1,-1,-1,-1
119,47,2301,962,80,50,1,-1,-1,-1
119,48,835,1002,56,32,1,-1,-1,-1
119,49,577,1012,65,27,1,-1,-1,-1
119,50,1799,980,58,33,1,-1,-1,-1
119,51,2526,968,34,38,1,-1,-1,-1
119,52,1893,975,40,44,1,-1,-1,-1
119,53,1992,976,61,34,1,-1,-1,-1
119,54,1963,977,38,38,1,-1,-1,-1
119,55,458,1005,63,34,1,-1,-1,-1
119,57,1286,999,61,30,1,-1,-1,-1
119,59,1975,976,62,36,1,-1,-1,-1
119,60,576,1006,68,28,1,-1,-1,-1
119,61,456,1009,64,32,1,-1,-1,-1
119,62,2499,965,61,44,1,-1,-1,-1
119,63,2353,968,51,36,1,-1,-1,-1
119,64,103,1027,52,24,1,-1,-1,-1
119,65,1995,978,61,34,1,-1,-1,-1
119,66,1886,976,55,42,1,-1,-1,-1
119,67,1683,982,76,34,1,-1,-1,-1
119,68,2504,964,56,40,1,-1,-1,-1
119,69,767,1005,52,28,1,-1,-1,-1
119,70,465,1014,61,27,1,-1,-1,-1
119,71,1792,977,88,44,1,-1,-1,-1
119,72,1902,973,72,40,1,-1,-1,-1
119,73,1354,986,67,38,1,-1,-1,-1
119,74,2110,971,44,44,1,-1,-1,-1
119,75,578,1010,64,28,1,-1,-1,-1
119,76,1286,998,56,28,1,-1,-1,-1
119,77,2076,969,76,44,1,-1,-1,-1
119,78,1925,981,60,36,1,-1,-1,-1
120,0,582,1010,67,34,1,-1,-1,-1
120,2,1287,998,59,34,1,-1,-1,-1
120,3,457,1015,67,29,1,-1,-1,-1
120,4,764,1003,52,32,1,-1,-1,-1
120,5,1687,985,62,36,1,-1,-1,-1
120,6,823,1003,62,29,1,-1,-1,-1
120,7,1451,987,76,42,1,-1,-1,-1
120,9,2168,974,80,44,1,-1,-1,-1
120,11,2557,968,3,34,1,-1,-1,-1
120,12,2301,964,104,48,1,-1,-1,-1
120,14,1989,977,56,40,1,-1,-1,-1
120,19,1797,979,40,33,1,-1,-1,-1
120,21,766,1006,48,24,1,-1,-1,-1
120,25,1286,996,56,32,1,-1,-1,-1
120,26,2169,969,80,44,1,-1,-1,-1
120,27,1360,986,76,38,1,-1,-1,-1
120,28,2074,970,76,44,1,-1,-1,-1
120,29,1997,978,62,36,1,-1,-1,-1
120,30,1795,977,64,40,1,-1,-1,-1
120,31,2071,970,84,48,1,-1,-1,-1
120,32,1694,987,72,34,1,-1,-1,-1
120,33,1387,990,48,32,1,-1,-1,-1
120,34,1797,979,80,38,1,-1,-1,-1
120,35,1451,986,76,36,1,-1,-1,-1
120,36,459,1015,65,30,1,-1,-1,-1
120,37,2156,972,91,38,1,-1,-1,-1
120,38,2299,964,64,44,1,-1,-1,-1
120,39,1350,989,52,40,1,-1,-1,-1
120,41,826,1000,57,30,1,-1,-1,-1
120,42,2153,972,58,36,1,-1,-1,-1
120,43,770,1006,56,32,1,-1,-1,-1
120,44,1688,982,76,40,1,-1,-1,-1
120,45,1978,976,57,38,1,-1,-1,-1
120,46,1897,974,76,42,1,-1,-1,-1
120,47,2302,961,80,50,1,-1,-1,-1
120,48,837,1000,59,34,1,-1,-1,-1
120,49,580,1013,62,25,1,-1,-1,-1
120,50,1800,980,58,33,1,-1,-1,-1
120,51,2530,969,30,36,1,-1,-1,-1
120,52,1895,974,40,44,1,-1,-1,-1
120,53,1995,976,61,34,1,-1,-1,-1
120,54,1967,976,38,38,1,-1,-1,-1
120,55,461,1005,63,34,1,-1,-1,-1
120,57,1290,999,61,30,1,-1,-1,-1
120,59,1978,976,62,36,1,-1,-1,-1
120,60,581,1006,68,28,1,-1,-1,-1
120,61,458,1009,64,32,1,-1,-1,-1
120,62,2502,965,58,44,1,-1,-1,-1
120,63,2356,967,53,38,1,-1,-1,-1
120,64,107,1026,52,24,1,-1,-1,-1
120,65,1998,978,61,34,1,-1,-1,-1
120,66,1889,976,55,42,1,-1,-1,-1
120,67,1686,982,76,34,1,-1,-1,-1
120,68,2506,963,54,40,1,-1,-1,-1
120,69,769,1005,52,28,1,-1,-1,-1
120,70,466,1014,61,27,1,-1,-1,-1
120,71,1795,976,88,44,1,-1,-1,-1
120,72,1905,973,72,40,1,-1,-1,-1
120,73,1358,986,64,36,1,-1,-1,-1
120,74,2113,971,44,44,1,-1,-1,-1
120,75,581,1010,64,28,1,-1,-1,-1
120,76,1289,998,56,28,1,-1,-1,-1
120,77,2078,968,76,44,1,-1,-1,-1
120,78,1929,981,60,36,1,-1,-1,-1
121,0,582,1010,67,34,1,-1,-1,-1
121,4,764,1003,52,32,1,-1,-1,-1
121,5,1687,985,62,36,1,-1,-1,-1
121,7,1451,987,76,42,1,-1,-1,-1
121,9,2168,974,80,44,1,-1,-1,-1
121,11,2557,968,3,34,1,-1,-1,-1
121,12,2300,960,100,52,1,-1,-1,-1
121,14,1989,977,56,40,1,-1,-1,-1
121,19,1797,979,40,33,1,-1,-1,-1
121,21,766,1006,48,24,1,-1,-1,-1
121,25,1286,996,56,32,1,-1,-1,-1
121,26,2168,972,84,40,1,-1,-1,-1
121,27,1360,986,76,38,1,-1,-1,-1
121,28,2074,970,76,44,1,-1,-1,-1
121,29,1997,978,62,36,1,-1,-1,-1
121,30,1795,977,64,40,1,-1,-1,-1
121,31,2071,970,84,48,1,-1,-1,-1
121,32,1694,987,72,34,1,-1,-1,-1
121,33,1387,990,48,32,1,-1,-1,-1
121,34,1797,979,80,38,1,-1,-1,-1
121,35,1451,986,76,36,1,-1,-1,-1
121,36,459,1015,65,30,1,-1,-1,-1
121,37,2156,972,91,38,1,-1,-1,-1
121,38,2299,964,64,44,1,-1,-1,-1
121,39,1350,989,52,40,1,-1,-1,-1
121,41,826,1000,57,30,1,-1,-1,-1
121,42,2153,972,58,36,1,-1,-1,-1
121,43,770,1006,56,32,1,-1,-1,-1
121,44,1692,980,80,40,1,-1,-1,-1
121,45,1978,976,57,38,1,-1,-1,-1
121,46,1897,974,76,42,1,-1,-1,-1
121,47,2302,961,80,50,1,-1,-1,-1
121,48,837,1000,59,34,1,-1,-1,-1
121,49,580,1013,62,25,1,-1,-1,-1
121,50,1800,980,58,33,1,-1,-1,-1
121,51,2530,969,30,36,1,-1,-1,-1
121,52,1895,974,40,44,1,-1,-1,-1
121,53,1995,976,61,34,1,-1,-1,-1
121,54,1967,976,38,38,1,-1,-1,-1
121,55,464,1008,64,28,1,-1,-1,-1
121,57,1290,999,61,30,1,-1,-1,-1
121,59,1978,976,62,36,1,-1,-1,-1
121,60,581,1006,68,28,1,-1,-1,-1
121,61,458,1009,64,32,1,-1,-1,-1
121,62,2502,965,58,44,1,-1,-1,-1
121,63,2356,967,53,38,1,-1,-1,-1
121,64,107,1026,52,24,1,-1,-1,-1
121,65,1998,978,61,34,1,-1,-1,-1
121,66,1889,976,55,42,1,-1,-1,-1
121,67,1686,982,76,34,1,-1,-1,-1
121,68,2500,960,60,48,1,-1,-1,-1
121,69,769,1005,52,28,1,-1,-1,-1
121,70,466,1014,61,27,1,-1,-1,-1
121,71,1796,976,92,44,1,-1,-1,-1
121,72,1905,973,72,40,1,-1,-1,-1
121,73,1358,986,64,36,1,-1,-1,-1
121,74,2113,971,44,44,1,-1,-1,-1
121,75,584,1008,64,28,1,-1,-1,-1
121,76,1289,998,56,28,1,-1,-1,-1
121,77,2078,968,76,44,1,-1,-1,-1
121,78,1929,981,60,36,1,-1,-1,-1
121,79,108,1020,56,28,1,-1,-1,-1
121,80,1460,988,72,36,1,-1,-1,-1
121,81,1292,996,60,28,1,-1,-1,-1
121,82,1360,992,64,36,1,-1,-1,-1
121,83,836,1004,56,24,1,-1,-1,-1
121,84,772,1004,52,24,1,-1,-1,-1
121,85,1984,976,64,36,1,-1,-1,-1
122,0,591,1010,67,34,1,-1,-1,-1
122,4,774,1002,52,32,1,-1,-1,-1
122,5,1694,984,62,36,1,-1,-1,-1
122,7,1458,986,76,42,1,-1,-1,-1
122,9,2175,973,80,44,1,-1,-1,-1
122,11,2537,969,23,33,1,-1,-1,-1
122,12,2304,959,100,52,1,-1,-1,-1
122,14,1996,976,56,40,1,-1,-1,-1
122,19,1804,978,40,33,1,-1,-1,-1
122,21,775,1005,48,24,1,-1,-1,-1
122,25,1294,996,56,32,1,-1,-1,-1
122,26,2174,972,84,40,1,-1,-1,-1
122,27,1368,986,76,38,1,-1,-1,-1
122,28,2082,970,76,44,1,-1,-1,-1
122,29,2004,977,62,36,1,-1,-1,-1
122,30,1802,976,64,40,1,-1,-1,-1
122,31,2079,968,84,48,1,-1,-1,-1
122,32,1702,987,72,34,1,-1,-1,-1
122,33,1395,990,48,32,1,-1,-1,-1
122,34,1803,978,80,38,1,-1,-1,-1
122,35,1458,985,76,36,1,-1,-1,-1
122,36,468,1014,65,30,1,-1,-1,-1
122,37,2164,971,91,38,1,-1,-1,-1
122,38,2306,963,64,44,1,-1,-1,-1
122,39,1358,988,52,40,1,-1,-1,-1
122,41,833,999,57,30,1,-1,-1,-1
122,42,2160,971,58,36,1,-1,-1,-1
122,43,777,1005,56,32,1,-1,-1,-1
122,44,1697,980,80,40,1,-1,-1,-1
122,45,1985,976,57,38,1,-1,-1,-1
122,46,1905,973,76,42,1,-1,-1,-1
122,47,2309,960,80,50,1,-1,-1,-1
122,48,842,999,62,35,1,-1,-1,-1
122,49,589,1012,62,25,1,-1,-1,-1
122,50,1807,978,58,33,1,-1,-1,-1
122,51,2537,970,23,36,1,-1,-1,-1
122,52,1903,974,40,44,1,-1,-1,-1
122,53,2002,975,61,34,1,-1,-1,-1
122,54,1973,977,38,38,1,-1,-1,-1
122,55,470,1008,64,28,1,-1,-1,-1
122,57,1298,999,58,29,1,-1,-1,-1
122,59,1986,975,62,36,1,-1,-1,-1
122,60,590,1006,65,27,1,-1,-1,-1
122,61,466,1008,64,32,1,-1,-1,-1
122,62,2512,965,48,42,1,-1,-1,-1
122,63,2361,966,53,38,1,-1,-1,-1
122,64,117,1025,52,24,1,-1,-1,-1
122,65,2005,977,61,34,1,-1,-1,-1
122,66,1896,975,55,42,1,-1,-1,-1
122,67,1694,981,76,34,1,-1,-1,-1
122,68,2506,960,54,48,1,-1,-1,-1
122,69,779,1004,52,28,1,-1,-1,-1
122,70,475,1013,61,27,1,-1,-1,-1
122,71,1801,976,92,44,1,-1,-1,-1
122,72,1913,972,72,40,1,-1,-1,-1
122,73,1366,985,64,36,1,-1,-1,-1
122,74,2122,969,44,44,1,-1,-1,-1
122,75,592,1008,61,27,1,-1,-1,-1
122,76,1297,998,56,28,1,-1,-1,-1
122,77,2086,967,76,44,1,-1,-1,-1
122,78,1936,980,60,36,1,-1,-1,-1
122,79,114,1020,56,28,1,-1,-1,-1
122,80,1465,987,72,36,1,-1,-1,-1
122,81,1298,996,60,28,1,-1,-1,-1
122,82,1366,991,64,36,1,-1,-1,-1
122,83,842,1004,56,24,1,-1,-1,-1
122,84,778,1004,52,24,1,-1,-1,-1
122,85,1989,976,64,36,1,-1,-1,-1
123,0,593,1010,67,34,1,-1,-1,-1
123,4,776,1001,52,32,1,-1,-1,-1
123,5,1697,984,62,36,1,-1,-1,-1
123,7,1461,985,76,42,1,-1,-1,-1
123,9,2176,972,80,44,1,-1,-1,-1
123,12,2306,959,100,52,1,-1,-1,-1
123,14,1998,976,56,40,1,-1,-1,-1
123,19,1806,978,40,33,1,-1,-1,-1
123,21,779,1005,48,24,1,-1,-1,-1
123,25,1296,995,56,32,1,-1,-1,-1
123,26,2175,972,84,40,1,-1,-1,-1
123,27,1372,985,76,38,1,-1,-1,-1
123,28,2084,969,76,44,1,-1,-1,-1
123,29,2006,977,62,36,1,-1,-1,-1
123,30,1804,976,64,40,1,-1,-1,-1
123,31,2081,967,84,48,1,-1,-1,-1
123,32,1704,986,72,34,1,-1,-1,-1
123,33,1397,990,48,32,1,-1,-1,-1
123,34,1805,977,80,38,1,-1,-1,-1
123,35,1461,985,76,36,1,-1,-1,-1
123,36,470,1013,65,30,1,-1,-1,-1
123,37,2165,970,91,38,1,-1,-1,-1
123,38,2310,963,61,42,1,-1,-1,-1
123,39,1361,988,52,40,1,-1,-1,-1
123,41,837,998,57,30,1,-1,-1,-1
123,42,2162,970,58,36,1,-1,-1,-1
123,43,781,1004,59,34,1,-1,-1,-1
123,44,1702,980,76,38,1,-1,-1,-1
123,45,1988,977,54,36,1,-1,-1,-1
123,46,1907,973,76,42,1,-1,-1,-1
123,47,2311,959,80,50,1,-1,-1,-1
123,48,847,999,62,35,1,-1,-1,-1
123,49,591,1011,62,25,1,-1,-1,-1
123,50,1810,978,58,33,1,-1,-1,-1
123,51,2540,970,20,36,1,-1,-1,-1
123,52,1905,973,40,44,1,-1,-1,-1
123,53,2005,975,61,34,1,-1,-1,-1
123,54,1975,978,38,38,1,-1,-1,-1
123,55,473,1008,61,27,1,-1,-1,-1
123,57,1302,999,58,29,1,-1,-1,-1
123,59,1988,975,62,36,1,-1,-1,-1
123,60,592,1006,65,27,1,-1,-1,-1
123,61,470,1008,64,32,1,-1,-1,-1
123,62,2515,965,45,42,1,-1,-1,-1
123,63,2365,966,53,38,1,-1,-1,-1
123,64,120,1025,52,24,1,-1,-1,-1
123,65,2008,977,61,34,1,-1,-1,-1
123,66,1902,975,52,40,1,-1,-1,-1
123,67,1697,980,76,34,1,-1,-1,-1
123,68,2509,960,51,48,1,-1,-1,-1
123,69,782,1004,52,28,1,-1,-1,-1
123,70,478,1013,61,27,1,-1,-1,-1
123,71,1801,975,97,46,1,-1,-1,-1
123,72,1915,972,72,40,1,-1,-1,-1
123,73,1369,985,64,36,1,-1,-1,-1
123,74,2125,970,44,44,1,-1,-1,-1
123,75,595,1009,61,27,1,-1,-1,-1
123,76,1300,997,56,28,1,-1,-1,-1
123,77,2087,967,76,44,1,-1,-1,-1
123,78,1938,980,60,36,1,-1,-1,-1
123,79,120,1020,53,27,1,-1,-1,-1
123,80,1468,987,72,36,1,-1,-1,-1
123,81,1301,996,60,28,1,-1,-1,-1
123,82,1369,992,64,36,1,-1,-1,-1
123,83,846,1004,56,24,1,-1,-1,-1
123,84,782,1004,52,24,1,-1,-1,-1
123,85,1991,976,64,36,1,-1,-1,-1
124,0,597,1010,67,34,1,-1,-1,-1
124,4,780,1000,52,32,1,-1,-1,-1
124,5,1699,983,62,36,1,-1,-1,-1
124,7,1463,985,76,42,1,-1,-1,-1
124,9,2177,970,84,46,1,-1,-1,-1
124,12,2305,958,105,55,1,-1,-1,-1
124,14,2000,975,56,40,1,-1,-1,-1
124,19,1809,978,40,33,1,-1,-1,-1
124,21,782,1004,48,24,1,-1,-1,-1
124,25,1300,995,56,32,1,-1,-1,-1
124,26,2177,971,84,40,1,-1,-1,-1
124,27,1373,985,76,38,1,-1,-1,-1
124,28,2086,968,76,44,1,-1,-1,-1
124,29,2009,976,62,36,1,-1,-1,-1
124,30,1806,976,64,40,1,-1,-1,-1
124,31,2083,966,84,48,1,-1,-1,-1
124,32,1707,985,72,34,1,-1,-1,-1
124,33,1401,990,48,32,1,-1,-1,-1
124,34,1805,975,84,40,1,-1,-1,-1
124,35,1464,985,76,36,1,-1,-1,-1
124,36,474,1013,68,32,1,-1,-1,-1
124,37,2167,970,91,38,1,-1,-1,-1
124,38,2311,962,61,42,1,-1,-1,-1
124,39,1363,987,52,40,1,-1,-1,-1
124,41,839,998,57,30,1,-1,-1,-1
124,42,2165,970,58,36,1,-1,-1,-1
124,43,783,1003,59,34,1,-1,-1,-1
124,44,1704,980,76,38,1,-1,-1,-1
124,45,1990,976,54,36,1,-1,-1,-1
124,46,1910,972,76,42,1,-1,-1,-1
124,47,2314,959,80,50,1,-1,-1,-1
124,48,849,998,62,35,1,-1,-1,-1
124,49,596,1012,62,25,1,-1,-1,-1
124,50,1812,978,58,33,1,-1,-1,-1
124,51,2542,971,18,36,1,-1,-1,-1
124,52,1908,973,40,44,1,-1,-1,-1
124,53,2007,975,61,34,1,-1,-1,-1
124,54,1977,978,38,38,1,-1,-1,-1
124,55,476,1009,61,27,1,-1,-1,-1
124,57,1303,999,58,29,1,-1,-1,-1
124,59,1991,974,62,36,1,-1,-1,-1
124,60,595,1005,65,27,1,-1,-1,-1
124,61,472,1008,64,32,1,-1,-1,-1
124,62,2518,966,42,40,1,-1,-1,-1
124,63,2368,967,53,38,1,-1,-1,-1
124,64,122,1024,52,24,1,-1,-1,-1
124,65,2011,976,61,34,1,-1,-1,-1
124,66,1904,974,52,40,1,-1,-1,-1
124,67,1698,980,76,34,1,-1,-1,-1
124,68,2512,960,48,48,1,-1,-1,-1
124,69,785,1004,52,28,1,-1,-1,-1
124,70,480,1012,61,27,1,-1,-1,-1
124,71,1805,976,92,44,1,-1,-1,-1
124,72,1917,971,72,40,1,-1,-1,-1
124,73,1371,985,64,36,1,-1,-1,-1
124,74,2127,968,44,44,1,-1,-1,-1
124,75,597,1009,61,27,1,-1,-1,-1
124,76,1304,997,56,28,1,-1,-1,-1
124,77,2089,966,76,44,1,-1,-1,-1
124,78,1941,980,60,36,1,-1,-1,-1
124,79,123,1020,53,27,1,-1,-1,-1
124,80,1471,987,72,36,1,-1,-1,-1
124,81,1303,995,60,28,1,-1,-1,-1
124,82,1371,991,64,36,1,-1,-1,-1
124,83,848,1003,56,24,1,-1,-1,-1
124,84,782,1003,55,25,1,-1,-1,-1
124,85,1994,975,64,36,1,-1,-1,-1
125,0,599,1010,67,34,1,-1,-1,-1
125,4,783,1000,52,32,1,-1,-1,-1
125,5,1702,983,62,36,1,-1,-1,-1
125,7,1466,985,76,42,1,-1,-1,-1
125,9,2179,970,84,46,1,-1,-1,-1
125,12,2312,959,100,52,1,-1,-1,-1
125,14,2002,975,56,40,1,-1,-1,-1
125,19,1812,978,40,33,1,-1,-1,-1
125,21,784,1004,48,24,1,-1,-1,-1
125,25,1302,995,56,32,1,-1,-1,-1
125,26,2179,970,84,40,1,-1,-1,-1
125,27,1378,984,76,38,1,-1,-1,-1
125,28,2088,968,76,44,1,-1,-1,-1
125,29,2010,976,62,36,1,-1,-1,-1
125,30,1808,977,64,40,1,-1,-1,-1
125,31,2086,966,84,48,1,-1,-1,-1
125,32,1709,985,72,34,1,-1,-1,-1
125,33,1404,989,48,32,1,-1,-1,-1
125,34,1807,975,84,40,1,-1,-1,-1
125,35,1467,985,76,36,1,-1,-1,-1
125,36,479,1013,68,32,1,-1,-1,-1
125,37,2170,970,91,38,1,-1,-1,-1
125,38,2316,962,61,42,1,-1,-1,-1
125,39,1365,986,52,40,1,-1,-1,-1
125,41,843,998,57,30,1,-1,-1,-1
125,42,2167,970,58,36,1,-1,-1,-1
125,43,786,1003,59,34,1,-1,-1,-1
125,44,1707,980,76,38,1,-1,-1,-1
125,45,1993,976,54,36,1,-1,-1,-1
125,46,1912,972,76,42,1,-1,-1,-1
125,47,2313,958,84,52,1,-1,-1,-1
125,48,852,997,65,37,1,-1,-1,-1
125,49,598,1011,62,25,1,-1,-1,-1
125,50,1814,978,58,33,1,-1,-1,-1
125,52,1911,972,40,44,1,-1,-1,-1
125,53,2008,975,61,34,1,-1,-1,-1
125,54,1980,977,38,38,1,-1,-1,-1
125,55,479,1008,61,27,1,-1,-1,-1
125,57,1307,998,58,29,1,-1,-1,-1
125,59,1993,974,62,36,1,-1,-1,-1
125,60,597,1005,65,27,1,-1,-1,-1
125,61,475,1008,64,32,1,-1,-1,-1
125,62,2524,967,36,40,1,-1,-1,-1
125,63,2368,966,56,40,1,-1,-1,-1
125,64,126,1024,52,24,1,-1,-1,-1
125,65,2011,976,61,34,1,-1,-1,-1
125,66,1907,974,52,40,1,-1,-1,-1
125,67,1701,979,80,36,1,-1,-1,-1
125,68,2514,959,46,48,1,-1,-1,-1
125,69,787,1003,52,28,1,-1,-1,-1
125,70,484,1013,61,27,1,-1,-1,-1
125,71,1807,976,92,44,1,-1,-1,-1
125,72,1921,971,72,40,1,-1,-1,-1
125,73,1377,984,64,36,1,-1,-1,-1
125,74,2130,969,44,44,1,-1,-1,-1
125,75,600,1009,61,27,1,-1,-1,-1
125,76,1305,997,56,28,1,-1,-1,-1
125,77,2092,966,76,44,1,-1,-1,-1
125,78,1944,980,60,36,1,-1,-1,-1
125,79,126,1020,53,27,1,-1,-1,-1
125,80,1474,987,72,36,1,-1,-1,-1
125,81,1306,995,60,28,1,-1,-1,-1
125,82,1373,990,64,36,1,-1,-1,-1
125,83,852,1003,56,24,1,-1,-1,-1
125,84,788,1003,52,24,1,-1,-1,-1
125,85,1996,975,64,36,1,-1,-1,-1
126,0,607,1011,64,32,1,-1,-1,-1
126,4,790,1000,52,32,1,-1,-1,-1
126,5,1708,982,62,36,1,-1,-1,-1
126,7,1473,984,76,42,1,-1,-1,-1
126,9,2184,971,84,46,1,-1,-1,-1
126,12,2318,959,100,52,1,-1,-1,-1
126,14,2007,974,56,40,1,-1,-1,-1
126,19,1817,978,40,33,1,-1,-1,-1
126,21,791,1004,48,24,1,-1,-1,-1
126,25,1307,994,56,32,1,-1,-1,-1
126,26,2186,970,84,40,1,-1,-1,-1
126,27,1384,983,76,38,1,-1,-1,-1
126,28,2093,966,80,46,1,-1,-1,-1
126,29,2016,976,62,36,1,-1,-1,-1
126,30,1814,976,64,40,1,-1,-1,-1
126,31,2092,966,84,48,1,-1,-1,-1
126,32,1715,984,76,36,1,-1,-1,-1
126,33,1410,987,48,32,1,-1,-1,-1
126,34,1814,975,84,40,1,-1,-1,-1
126,35,1473,985,76,36,1,-1,-1,-1
126,36,483,1012,68,32,1,-1,-1,-1
126,37,2175,970,91,38,1,-1,-1,-1
126,38,2320,961,61,42,1,-1,-1,-1
126,39,1372,986,52,40,1,-1,-1,-1
126,41,850,997,57,30,1,-1,-1,-1
126,42,2173,969,58,36,1,-1,-1,-1
126,43,793,1003,59,34,1,-1,-1,-1
126,44,1713,979,76,38,1,-1,-1,-1
126,45,1996,975,54,36,1,-1,-1,-1
126,46,1919,972,76,42,1,-1,-1,-1
126,47,2319,958,84,52,1,-1,-1,-1
126,48,859,998,62,35,1,-1,-1,-1
126,49,604,1012,62,25,1,-1,-1,-1
126,50,1820,978,58,33,1,-1,-1,-1
126,52,1916,972,40,44,1,-1,-1,-1
126,53,2014,974,61,34,1,-1,-1,-1
126,54,1985,977,38,38,1,-1,-1,-1
126,55,485,1008,61,27,1,-1,-1,-1
126,57,1312,998,58,29,1,-1,-1,-1
126,59,1998,974,62,36,1,-1,-1,-1
126,60,604,1005,65,27,1,-1,-1,-1
126,61,482,1007,64,32,1,-1,-1,-1
126,62,2528,966,32,40,1,-1,-1,-1
126,63,2374,966,56,40,1,-1,-1,-1
126,64,132,1024,52,24,1,-1,-1,-1
126,65,2018,976,61,34,1,-1,-1,-1
126,66,1912,975,52,40,1,-1,-1,-1
126,67,1706,979,80,36,1,-1,-1,-1
126,68,2520,959,40,48,1,-1,-1,-1
126,69,796,1003,52,28,1,-1,-1,-1
126,70,491,1013,61,27,1,-1,-1,-1
126,71,1814,976,92,44,1,-1,-1,-1
126,72,1927,971,72,40,1,-1,-1,-1
126,73,1381,983,64,36,1,-1,-1,-1
126,74,2135,967,44,44,1,-1,-1,-1
126,75,605,1008,64,28,1,-1,-1,-1
126,76,1311,996,56,28,1,-1,-1,-1
126,77,2098,966,76,44,1,-1,-1,-1
126,78,1949,979,60,36,1,-1,-1,-1
126,79,132,1019,53,27,1,-1,-1,-1
126,80,1481,987,72,36,1,-1,-1,-1
126,81,1311,995,60,28,1,-1,-1,-1
126,82,1380,990,64,36,1,-1,-1,-1
126,83,858,1002,56,24,1,-1,-1,-1
126,84,792,1002,55,25,1,-1,-1,-1
126,85,2001,974,64,36,1,-1,-1,-1
127,0,610,1010,64,32,1,-1,-1,-1
127,4,794,1000,52,32,1,-1,-1,-1
127,5,1710,981,62,36,1,-1,-1,-1
127,7,1475,984,76,42,1,-1,-1,-1
127,9,2188,971,84,46,1,-1,-1,-1
127,12,2321,958,100,52,1,-1,-1,-1
127,14,2011,974,56,40,1,-1,-1,-1
127,19,1820,979,40,33,1,-1,-1,-1
127,21,795,1003,48,24,1,-1,-1,-1
127,25,1311,994,56,32,1,-1,-1,-1
127,26,2188,970,84,40,1,-1,-1,-1
127,27,1386,983,76,38,1,-1,-1,-1
127,28,2095,966,80,46,1,-1,-1,-1
127,29,2018,976,62,36,1,-1,-1,-1
127,30,1817,976,64,40,1,-1,-1,-1
127,31,2094,965,84,48,1,-1,-1,-1
127,32,1717,983,76,36,1,-1,-1,-1
127,33,1414,988,48,32,1,-1,-1,-1
127,34,1815,975,84,40,1,-1,-1,-1
127,35,1475,985,76,36,1,-1,-1,-1
127,36,487,1013,65,30,1,-1,-1,-1
127,37,2178,969,91,38,1,-1,-1,-1
127,38,2324,960,61,42,1,-1,-1,-1
127,39,1376,985,52,40,1,-1,-1,-1
127,41,853,997,57,30,1,-1,-1,-1
127,42,2177,969,58,36,1,-1,-1,-1
127,43,797,1003,59,34,1,-1,-1,-1
127,44,1716,979,76,38,1,-1,-1,-1
127,45,2000,975,54,36,1,-1,-1,-1
127,46,1921,972,76,42,1,-1,-1,-1
127,47,2320,958,84,52,1,-1,-1,-1
127,48,864,998,62,35,1,-1,-1,-1
127,49,608,1011,62,25,1,-1,-1,-1
127,50,1822,978,58,33,1,-1,-1,-1
127,52,1919,972,40,44,1,-1,-1,-1
127,53,2016,974,61,34,1,-1,-1,-1
127,54,1987,976,38,38,1,-1,-1,-1
127,55,488,1007,64,28,1,-1,-1,-1
127,57,1317,997,58,29,1,-1,-1,-1
127,59,2001,973,62,36,1,-1,-1,-1
127,60,607,1005,68,28,1,-1,-1,-1
127,61,484,1007,64,32,1,-1,-1,-1
127,62,2530,965,30,40,1,-1,-1,-1
127,63,2378,965,56,40,1,-1,-1,-1
127,64,136,1024,52,24,1,-1,-1,-1
127,65,2020,975,61,34,1,-1,-1,-1
127,66,1915,975,52,40,1,-1,-1,-1
127,67,1708,978,80,36,1,-1,-1,-1
127,68,2523,958,37,48,1,-1,-1,-1
127,69,798,1003,52,28,1,-1,-1,-1
127,70,493,1012,61,27,1,-1,-1,-1
127,71,1813,975,97,46,1,-1,-1,-1
127,72,1929,971,72,40,1,-1,-1,-1
127,73,1384,982,64,36,1,-1,-1,-1
127,74,2139,967,44,44,1,-1,-1,-1
127,75,608,1007,64,28,1,-1,-1,-1
127,76,1314,996,56,28,1,-1,-1,-1
127,77,2101,965,76,44,1,-1,-1,-1
127,78,1952,980,60,36,1,-1,-1,-1
127,79,136,1019,53,27,1,-1,-1,-1
127,80,1485,988,69,34,1,-1,-1,-1
127,81,1315,995,60,28,1,-1,-1,-1
127,82,1384,990,64,36,1,-1,-1,-1
127,83,863,1002,56,24,1,-1,-1,-1
127,84,797,1002,55,25,1,-1,-1,-1
127,85,2005,974,64,36,1,-1,-1,-1
128,0,614,1009,64,32,1,-1,-1,-1
128,4,798,1000,52,32,1,-1,-1,-1
128,5,1714,981,62,36,1,-1,-1,-1
128,7,1478,983,76,42,1,-1,-1,-1
128,9,2190,970,84,46,1,-1,-1,-1
128,12,2325,958,100,52,1,-1,-1,-1
128,14,2014,974,56,40,1,-1,-1,-1
128,19,1823,978,40,33,1,-1,-1,-1
128,21,799,1003,48,24,1,-1,-1,-1
128,25,1315,993,56,32,1,-1,-1,-1
128,26,2191,970,84,40,1,-1,-1,-1
128,27,1392,983,76,38,1,-1,-1,-1
128,28,2098,966,80,46,1,-1,-1,-1
128,29,2021,975,62,36,1,-1,-1,-1
128,30,1820,976,64,40,1,-1,-1,-1
128,31,2098,965,84,48,1,-1,-1,-1
128,32,1720,983,76,36,1,-1,-1,-1
128,33,1417,988,48,32,1,-1,-1,-1
128,34,1819,975,84,40,1,-1,-1,-1
128,35,1480,985,76,36,1,-1,-1,-1
128,36,489,1012,65,30,1,-1,-1,-1
128,37,2180,969,91,38,1,-1,-1,-1
128,38,2327,961,64,44,1,-1,-1,-1
128,39,1379,985,52,40,1,-1,-1,-1
128,41,858,997,57,30,1,-1,-1,-1
128,42,2179,969,58,36,1,-1,-1,-1
128,43,801,1002,59,34,1,-1,-1,-1
128,44,1716,978,80,40,1,-1,-1,-1
128,45,2003,975,54,36,1,-1,-1,-1
128,46,1925,972,72,40,1,-1,-1,-1
128,47,2327,958,84,52,1,-1,-1,-1
128,48,868,998,62,35,1,-1,-1,-1
128,49,612,1011,62,25,1,-1,-1,-1
128,50,1826,978,58,33,1,-1,-1,-1
128,52,1922,972,40,44,1,-1,-1,-1
128,53,2021,974,61,34,1,-1,-1,-1
128,54,1990,975,38,38,1,-1,-1,-1
128,55,490,1006,64,28,1,-1,-1,-1
128,57,1320,997,58,29,1,-1,-1,-1
128,59,2003,973,62,36,1,-1,-1,-1
128,60,610,1004,68,28,1,-1,-1,-1
128,61,489,1007,64,32,1,-1,-1,-1
128,62,2532,966,28,38,1,-1,-1,-1
128,63,2381,964,56,40,1,-1,-1,-1
128,64,140,1023,52,24,1,-1,-1,-1
128,65,2023,975,61,34,1,-1,-1,-1
128,66,1918,974,52,40,1,-1,-1,-1
128,67,1711,977,80,36,1,-1,-1,-1
128,68,2526,958,34,48,1,-1,-1,-1
128,69,802,1003,52,28,1,-1,-1,-1
128,70,497,1012,61,27,1,-1,-1,-1
128,71,1819,976,92,44,1,-1,-1,-1
128,72,1932,971,72,40,1,-1,-1,-1
128,73,1387,982,64,36,1,-1,-1,-1
128,74,2142,966,44,44,1,-1,-1,-1
128,75,612,1007,64,28,1,-1,-1,-1
128,76,1317,995,56,28,1,-1,-1,-1
128,77,2104,965,76,44,1,-1,-1,-1
128,78,1954,979,60,36,1,-1,-1,-1
128,79,141,1019,53,27,1,-1,-1,-1
128,80,1487,988,69,34,1,-1,-1,-1
128,81,1318,995,60,28,1,-1,-1,-1
128,82,1387,989,64,36,1,-1,-1,-1
128,83,867,1002,56,24,1,-1,-1,-1
128,84,801,1002,55,25,1,-1,-1,-1
128,85,2006,974,64,36,1,-1,-1,-1
129,0,614,1009,64,32,1,-1,-1,-1
129,4,798,1000,52,32,1,-1,-1,-1
129,5,1714,981,62,36,1,-1,-1,-1
129,7,1478,983,76,42,1,-1,-1,-1
129,9,2190,970,84,46,1,-1,-1,-1
129,12,2325,958,100,52,1,-1,-1,-1
129,14,2014,974,56,40,1,-1,-1,-1
129,19,1823,978,40,33,1,-1,-1,-1
129,21,799,1003,48,24,1,-1,-1,-1
129,25,1315,993,56,32,1,-1,-1,-1
129,26,2200,968,76,44,1,-1,-1,-1
129,27,1392,983,76,38,1,-1,-1,-1
129,28,2098,966,80,46,1,-1,-1,-1
129,30,1820,976,64,40,1,-1,-1,-1
129,31,2098,965,84,48,1,-1,-1,-1
129,33,1417,988,48,32,1,-1,-1,-1
129,34,1819,975,84,40,1,-1,-1,-1
129,35,1484,984,76,36,1,-1,-1,-1
129,36,489,1012,65,30,1,-1,-1,-1
129,37,2180,969,91,38,1,-1,-1,-1
129,38,2327,961,64,44,1,-1,-1,-1
129,41,858,997,57,30,1,-1,-1,-1
129,42,2179,969,58,36,1,-1,-1,-1
129,43,801,1002,59,34,1,-1,-1,-1
129,44,1716,976,84,40,1,-1,-1,-1
129,45,2003,975,54,36,1,-1,-1,-1
129,46,1925,972,72,40,1,-1,-1,-1
129,47,2327,958,84,52,1,-1,-1,-1
129,48,868,998,62,35,1,-1,-1,-1
129,49,612,1011,62,25,1,-1,-1,-1
129,50,1826,978,58,33,1,-1,-1,-1
129,52,1922,972,40,44,1,-1,-1,-1
129,53,2020,972,72,36,1,-1,-1,-1
129,54,1990,975,38,38,1,-1,-1,-1
129,55,490,1006,64,28,1,-1,-1,-1
129,57,1320,997,58,29,1,-1,-1,-1
129,59,2003,973,62,36,1,-1,-1,-1
129,60,610,1004,68,28,1,-1,-1,-1
129,61,492,1008,64,28,1,-1,-1,-1
129,62,2532,966,28,38,1,-1,-1,-1
129,63,2376,960,64,48,1,-1,-1,-1
129,64,140,1020,56,28,1,-1,-1,-1
129,65,2023,975,61,34,1,-1,-1,-1
129,66,1918,974,52,40,1,-1,-1,-1
129,67,1711,977,80,36,1,-1,-1,-1
129,68,2526,958,34,48,1,-1,-1,-1
129,69,804,1004,48,24,1,-1,-1,-1
129,70,497,1012,61,27,1,-1,-1,-1
129,71,1832,976,76,36,1,-1,-1,-1
129,72,1932,971,72,40,1,-1,-1,-1
129,73,1387,982,64,36,1,-1,-1,-1
129,74,2142,966,44,44,1,-1,-1,-1
129,75,616,1008,64,28,1,-1,-1,-1
129,76,1317,995,56,28,1,-1,-1,-1
129,77,2108,964,84,48,1,-1,-1,-1
129,78,1954,979,60,36,1,-1,-1,-1
129,79,141,1019,53,27,1,-1,-1,-1
129,80,1487,988,69,34,1,-1,-1,-1
129,81,1320,988,60,36,1,-1,-1,-1
129,82,1387,989,64,36,1,-1,-1,-1
129,83,864,1000,60,28,1,-1,-1,-1
129,84,801,1002,55,25,1,-1,-1,-1
129,85,2006,974,64,36,1,-1,-1,-1
129,86,1392,988,68,36,1,-1,-1,-1
129,87,1960,976,56,36,1,-1,-1,-1
130,0,621,1008,64,32,1,-1,-1,-1
130,4,807,1000,52,32,1,-1,-1,-1
130,5,1722,981,62,36,1,-1,-1,-1
130,7,1487,983,76,42,1,-1,-1,-1
130,9,2198,969,84,46,1,-1,-1,-1
130,12,2336,957,100,52,1,-1,-1,-1
130,14,2022,973,56,40,1,-1,-1,-1
130,19,1828,976,42,34,1,-1,-1,-1
130,21,808,1003,48,24,1,-1,-1,-1
130,25,1322,992,56,32,1,-1,-1,-1
130,26,2205,967,76,44,1,-1,-1,-1
130,27,1398,982,76,38,1,-1,-1,-1
130,28,2107,965,80,46,1,-1,-1,-1
130,30,1827,975,64,40,1,-1,-1,-1
130,31,2106,964,84,48,1,-1,-1,-1
130,33,1425,987,48,32,1,-1,-1,-1
130,34,1826,974,84,40,1,-1,-1,-1
130,35,1491,984,76,36,1,-1,-1,-1
130,36,499,1011,65,30,1,-1,-1,-1
130,37,2188,968,91,38,1,-1,-1,-1
130,38,2310,955,64,44,1,-1,-1,-1
130,41,869,997,57,30,1,-1,-1,-1
130,42,2186,968,58,36,1,-1,-1,-1
130,43,809,1001,59,34,1,-1,-1,-1
130,44,1722,976,84,40,1,-1,-1,-1
130,45,2011,973,54,36,1,-1,-1,-1
130,46,1933,972,69,38,1,-1,-1,-1
130,47,2315,951,88,55,1,-1,-1,-1
130,48,878,997,62,35,1,-1,-1,-1
130,49,618,1010,62,25,1,-1,-1,-1
130,50,1832,977,58,33,1,-1,-1,-1
130,52,1928,970,40,44,1,-1,-1,-1
130,53,2026,971,72,36,1,-1,-1,-1
130,54,1997,975,38,38,1,-1,-1,-1
130,55,500,1005,64,28,1,-1,-1,-1
130,57,1328,996,58,29,1,-1,-1,-1
130,59,2012,972,62,36,1,-1,-1,-1
130,60,618,1003,68,28,1,-1,-1,-1
130,61,498,1008,64,28,1,-1,-1,-1
130,62,2513,955,47,38,1,-1,-1,-1
130,63,2381,959,64,48,1,-1,-1,-1
130,64,146,1020,56,28,1,-1,-1,-1
130,65,2031,974,61,34,1,-1,-1,-1
130,66,1925,973,52,40,1,-1,-1,-1
130,67,1719,977,80,36,1,-1,-1,-1
130,68,2534,959,26,46,1,-1,-1,-1
130,69,810,1004,48,24,1,-1,-1,-1
130,70,505,1011,61,27,1,-1,-1,-1
130,71,1836,976,76,36,1,-1,-1,-1
130,72,1937,969,76,42,1,-1,-1,-1
130,73,1397,981,64,36,1,-1,-1,-1
130,74,2148,965,44,44,1,-1,-1,-1
130,75,622,1007,64,28,1,-1,-1,-1
130,76,1326,994,56,28,1,-1,-1,-1
130,77,2113,964,84,48,1,-1,-1,-1
130,78,1960,978,60,36,1,-1,-1,-1
130,79,150,1018,53,27,1,-1,-1,-1
130,80,1496,987,69,34,1,-1,-1,-1
130,81,1326,987,60,36,1,-1,-1,-1
130,82,1395,988,64,36,1,-1,-1,-1
130,83,870,1000,60,28,1,-1,-1,-1
130,84,811,1002,55,25,1,-1,-1,-1
130,85,2015,973,64,36,1,-1,-1,-1
130,86,1398,988,68,36,1,-1,-1,-1
130,87,1965,975,56,36,1,-1,-1,-1
131,0,622,1008,64,32,1,-1,-1,-1
131,4,806,1000,52,32,1,-1,-1,-1
131,5,1722,981,62,36,1,-1,-1,-1
131,7,1488,983,76,42,1,-1,-1,-1
131,9,2198,968,84,46,1,-1,-1,-1
131,12,2336,957,100,52,1,-1,-1,-1
131,14,2022,972,56,40,1,-1,-1,-1
131,19,1828,976,42,34,1,-1,-1,-1
131,21,808,1002,48,24,1,-1,-1,-1
131,25,1322,992,56,32,1,-1,-1,-1
131,26,2205,967,76,44,1,-1,-1,-1
131,27,1398,982,76,38,1,-1,-1,-1
131,28,2107,965,80,46,1,-1,-1,-1
131,30,1826,975,64,40,1,-1,-1,-1
131,31,2105,963,84,48,1,-1,-1,-1
131,33,1425,986,48,32,1,-1,-1,-1
131,34,1826,974,84,40,1,-1,-1,-1
131,35,1490,984,76,36,1,-1,-1,-1
131,36,499,1011,65,30,1,-1,-1,-1
131,37,2188,968,91,38,1,-1,-1,-1
131,38,2309,954,64,44,1,-1,-1,-1
131,41,868,997,57,30,1,-1,-1,-1
131,42,2186,968,58,36,1,-1,-1,-1
131,43,810,1001,59,34,1,-1,-1,-1
131,44,1722,976,84,40,1,-1,-1,-1
131,45,2011,973,54,36,1,-1,-1,-1
131,46,1934,972,69,38,1,-1,-1,-1
131,47,2313,949,93,57,1,-1,-1,-1
131,48,878,997,62,35,1,-1,-1,-1
131,49,617,1009,65,27,1,-1,-1,-1
131,50,1832,976,58,33,1,-1,-1,-1
131,52,1928,970,40,44,1,-1,-1,-1
131,53,2026,972,72,36,1,-1,-1,-1
131,54,1998,974,38,38,1,-1,-1,-1
131,55,500,1005,64,28,1,-1,-1,-1
131,57,1328,996,58,29,1,-1,-1,-1
131,59,2012,971,62,36,1,-1,-1,-1
131,60,619,1003,68,28,1,-1,-1,-1
131,61,498,1008,64,28,1,-1,-1,-1
131,62,2514,954,46,36,1,-1,-1,-1
131,63,2381,959,64,48,1,-1,-1,-1
131,64,147,1020,56,28,1,-1,-1,-1
131,65,2032,973,61,34,1,-1,-1,-1
131,66,1925,973,52,40,1,-1,-1,-1
131,67,1719,977,80,36,1,-1,-1,-1
131,68,2534,959,26,46,1,-1,-1,-1
131,69,810,1004,48,24,1,-1,-1,-1
131,70,506,1011,61,27,1,-1,-1,-1
131,71,1836,976,76,36,1,-1,-1,-1
131,72,1937,969,76,42,1,-1,-1,-1
131,73,1397,981,64,36,1,-1,-1,-1
131,74,2149,966,44,44,1,-1,-1,-1
131,75,622,1007,64,28,1,-1,-1,-1
131,76,1326,994,56,28,1,-1,-1,-1
131,77,2113,964,84,48,1,-1,-1,-1
131,78,1961,978,60,36,1,-1,-1,-1
131,79,150,1018,53,27,1,-1,-1,-1
131,80,1496,987,69,34,1,-1,-1,-1
131,81,1326,987,60,36,1,-1,-1,-1
131,82,1395,988,64,36,1,-1,-1,-1
131,83,871,1001,60,28,1,-1,-1,-1
131,84,810,1001,55,25,1,-1,-1,-1
131,85,2015,973,64,36,1,-1,-1,-1
131,86,1398,988,68,36,1,-1,-1,-1
131,87,1965,975,56,36,1,-1,-1,-1
132,0,628,1007,64,32,1,-1,-1,-1
132,4,813,999,52,32,1,-1,-1,-1
132,5,1729,980,62,36,1,-1,-1,-1
132,7,1493,982,76,42,1,-1,-1,-1
132,9,2202,968,84,46,1,-1,-1,-1
132,12,2345,958,100,52,1,-1,-1,-1
132,14,2027,972,56,40,1,-1,-1,-1
132,19,1832,975,42,34,1,-1,-1,-1
132,21,814,1003,48,24,1,-1,-1,-1
132,25,1328,992,56,32,1,-1,-1,-1
132,26,2211,966,76,44,1,-1,-1,-1
132,27,1404,981,76,38,1,-1,-1,-1
132,28,2114,965,80,46,1,-1,-1,-1
132,30,1831,974,64,40,1,-1,-1,-1
132,31,2111,964,84,48,1,-1,-1,-1
132,33,1430,986,48,32,1,-1,-1,-1
132,34,1833,975,80,38,1,-1,-1,-1
132,35,1495,982,80,38,1,-1,-1,-1
132,36,505,1010,65,30,1,-1,-1,-1
132,37,2192,967,91,38,1,-1,-1,-1
132,38,2313,951,64,44,1,-1,-1,-1
132,41,874,996,57,30,1,-1,-1,-1
132,42,2191,967,58,36,1,-1,-1,-1
132,43,817,1002,59,34,1,-1,-1,-1
132,44,1728,976,84,40,1,-1,-1,-1
132,45,2017,972,54,36,1,-1,-1,-1
132,46,1939,971,69,38,1,-1,-1,-1
132,47,2315,948,93,57,1,-1,-1,-1
132,48,883,997,62,35,1,-1,-1,-1
132,49,623,1007,68,28,1,-1,-1,-1
132,50,1837,976,58,33,1,-1,-1,-1
132,52,1932,970,40,44,1,-1,-1,-1
132,53,2032,971,72,36,1,-1,-1,-1
132,54,2004,973,38,38,1,-1,-1,-1
132,55,506,1004,64,28,1,-1,-1,-1
132,57,1333,995,58,29,1,-1,-1,-1
132,59,2018,971,62,36,1,-1,-1,-1
132,60,624,1002,68,28,1,-1,-1,-1
132,61,504,1008,64,28,1,-1,-1,-1
132,62,2516,952,44,36,1,-1,-1,-1
132,63,2387,959,64,48,1,-1,-1,-1
132,64,153,1019,56,28,1,-1,-1,-1
132,65,2037,973,61,34,1,-1,-1,-1
132,66,1929,972,52,40,1,-1,-1,-1
132,67,1726,976,80,36,1,-1,-1,-1
132,68,2540,959,20,46,1,-1,-1,-1
132,69,817,1004,48,24,1,-1,-1,-1
132,70,511,1009,61,27,1,-1,-1,-1
132,71,1841,975,76,36,1,-1,-1,-1
132,72,1943,968,76,42,1,-1,-1,-1
132,73,1403,980,64,36,1,-1,-1,-1
132,74,2154,965,44,44,1,-1,-1,-1
132,75,628,1007,64,28,1,-1,-1,-1
132,76,1331,994,56,28,1,-1,-1,-1
132,77,2121,965,80,46,1,-1,-1,-1
132,78,1967,977,60,36,1,-1,-1,-1
132,79,157,1018,51,25,1,-1,-1,-1
132,80,1501,986,72,36,1,-1,-1,-1
132,81,1331,987,60,36,1,-1,-1,-1
132,82,1402,988,64,36,1,-1,-1,-1
132,83,877,1000,60,28,1,-1,-1,-1
132,84,816,1001,55,25,1,-1,-1,-1
132,85,2021,972,64,36,1,-1,-1,-1
132,86,1404,988,68,36,1,-1,-1,-1
132,87,1971,975,56,36,1,-1,-1,-1
133,0,629,1007,64,32,1,-1,-1,-1
133,4,816,999,52,32,1,-1,-1,-1
133,5,1730,980,62,36,1,-1,-1,-1
133,7,1495,981,76,42,1,-1,-1,-1
133,9,2204,968,84,46,1,-1,-1,-1
133,12,2349,959,95,50,1,-1,-1,-1
133,14,2029,972,56,40,1,-1,-1,-1
133,19,1834,975,42,34,1,-1,-1,-1
133,21,818,1003,48,24,1,-1,-1,-1
133,25,1331,992,56,32,1,-1,-1,-1
133,26,2211,966,76,44,1,-1,-1,-1
133,27,1407,981,76,38,1,-1,-1,-1
133,28,2117,966,76,44,1,-1,-1,-1
133,30,1832,973,64,40,1,-1,-1,-1
133,31,2113,963,84,48,1,-1,-1,-1
133,33,1433,985,48,32,1,-1,-1,-1
133,34,1834,974,80,38,1,-1,-1,-1
133,35,1497,982,80,38,1,-1,-1,-1
133,36,507,1009,65,30,1,-1,-1,-1
133,37,2194,967,91,38,1,-1,-1,-1
133,38,2314,952,64,44,1,-1,-1,-1
133,41,879,996,57,30,1,-1,-1,-1
133,42,2192,966,58,36,1,-1,-1,-1
133,43,819,1001,59,34,1,-1,-1,-1
133,44,1729,976,84,40,1,-1,-1,-1
133,45,2019,972,54,36,1,-1,-1,-1
133,46,1940,970,69,38,1,-1,-1,-1
133,47,2317,949,93,57,1,-1,-1,-1
133,48,886,995,62,35,1,-1,-1,-1
133,49,625,1006,68,28,1,-1,-1,-1
133,50,1838,976,58,33,1,-1,-1,-1
133,52,1934,969,40,44,1,-1,-1,-1
133,53,2034,971,72,36,1,-1,-1,-1
133,54,2006,972,38,38,1,-1,-1,-1
133,55,509,1005,61,27,1,-1,-1,-1
133,57,1335,995,58,29,1,-1,-1,-1
133,59,2018,970,65,38,1,-1,-1,-1
133,60,626,1001,68,28,1,-1,-1,-1
133,61,506,1008,64,28,1,-1,-1,-1
133,62,2516,952,44,36,1,-1,-1,-1
133,63,2390,958,64,48,1,-1,-1,-1
133,64,157,1019,56,28,1,-1,-1,-1
133,65,2039,973,61,34,1,-1,-1,-1
133,66,1930,972,52,40,1,-1,-1,-1
133,67,1728,976,80,36,1,-1,-1,-1
133,68,2543,959,17,46,1,-1,-1,-1
133,69,821,1004,48,24,1,-1,-1,-1
133,70,515,1009,61,27,1,-1,-1,-1
133,71,1842,975,76,36,1,-1,-1,-1
133,72,1945,968,76,42,1,-1,-1,-1
133,73,1406,980,64,36,1,-1,-1,-1
133,74,2156,965,44,44,1,-1,-1,-1
133,75,630,1007,64,28,1,-1,-1,-1
133,76,1334,993,56,28,1,-1,-1,-1
133,77,2123,964,80,46,1,-1,-1,-1
133,78,1968,976,60,36,1,-1,-1,-1
133,79,160,1018,51,25,1,-1,-1,-1
133,80,1503,985,72,36,1,-1,-1,-1
133,81,1333,986,60,36,1,-1,-1,-1
133,82,1405,987,64,36,1,-1,-1,-1
133,83,879,1000,60,28,1,-1,-1,-1
133,84,820,1001,55,25,1,-1,-1,-1
133,85,2023,972,64,36,1,-1,-1,-1
133,86,1406,987,68,36,1,-1,-1,-1
133,87,1972,974,56,36,1,-1,-1,-1
134,0,634,1007,64,32,1,-1,-1,-1
134,4,821,999,52,32,1,-1,-1,-1
134,5,1736,980,62,36,1,-1,-1,-1
134,7,1501,980,76,42,1,-1,-1,-1
134,9,2209,967,84,46,1,-1,-1,-1
134,12,2356,958,95,50,1,-1,-1,-1
134,14,2035,971,56,40,1,-1,-1,-1
134,19,1838,974,42,34,1,-1,-1,-1
134,21,822,1002,51,25,1,-1,-1,-1
134,25,1336,992,56,32,1,-1,-1,-1
134,26,2216,965,76,44,1,-1,-1,-1
134,27,1412,980,76,38,1,-1,-1,-1
134,28,2121,964,76,44,1,-1,-1,-1
134,30,1837,972,64,40,1,-1,-1,-1
134,31,2119,963,84,48,1,-1,-1,-1
134,33,1438,985,48,32,1,-1,-1,-1
134,34,1839,973,80,38,1,-1,-1,-1
134,35,1502,981,80,38,1,-1,-1,-1
134,36,513,1009,65,30,1,-1,-1,-1
134,37,2198,965,91,38,1,-1,-1,-1
134,38,2314,953,64,44,1,-1,-1,-1
134,41,884,995,57,30,1,-1,-1,-1
134,42,2196,965,58,36,1,-1,-1,-1
134,43,825,1001,59,34,1,-1,-1,-1
134,44,1737,977,80,38,1,-1,-1,-1
134,45,2024,972,54,36,1,-1,-1,-1
134,46,1943,969,69,38,1,-1,-1,-1
134,47,2315,947,97,60,1,-1,-1,-1
134,48,891,995,62,35,1,-1,-1,-1
134,49,631,1006,68,28,1,-1,-1,-1
134,50,1843,975,58,33,1,-1,-1,-1
134,52,1939,968,40,44,1,-1,-1,-1
134,53,2038,970,76,38,1,-1,-1,-1
134,54,2011,972,38,38,1,-1,-1,-1
134,55,516,1004,61,27,1,-1,-1,-1
134,57,1340,995,58,29,1,-1,-1,-1
134,59,2024,969,65,38,1,-1,-1,-1
134,60,632,1001,68,28,1,-1,-1,-1
134,61,512,1007,64,28,1,-1,-1,-1
134,62,2520,952,40,36,1,-1,-1,-1
134,63,2396,957,64,48,1,-1,-1,-1
134,64,162,1019,56,28,1,-1,-1,-1
134,65,2045,973,61,34,1,-1,-1,-1
134,66,1935,971,52,40,1,-1,-1,-1
134,67,1734,976,80,36,1,-1,-1,-1
134,68,2545,960,15,44,1,-1,-1,-1
134,69,826,1004,48,24,1,-1,-1,-1
134,70,519,1008,61,27,1,-1,-1,-1
134,71,1847,974,76,36,1,-1,-1,-1
134,72,1949,966,76,42,1,-1,-1,-1
134,73,1411,980,64,36,1,-1,-1,-1
134,74,2161,965,44,44,1,-1,-1,-1
134,75,636,1006,64,28,1,-1,-1,-1
134,76,1340,993,56,28,1,-1,-1,-1
134,77,2128,963,80,46,1,-1,-1,-1
134,78,1972,976,60,36,1,-1,-1,-1
134,79,166,1017,53,27,1,-1,-1,-1
134,80,1507,983,76,38,1,-1,-1,-1
134,81,1339,986,60,36,1,-1,-1,-1
134,82,1410,987,64,36,1,-1,-1,-1
134,83,886,1000,57,27,1,-1,-1,-1
134,84,825,1001,55,25,1,-1,-1,-1
134,85,2028,972,64,36,1,-1,-1,-1
134,86,1412,987,68,36,1,-1,-1,-1
134,87,1977,974,56,36,1,-1,-1,-1
135,0,635,1007,64,32,1,-1,-1,-1
135,4,822,999,52,32,1,-1,-1,-1
135,5,1736,980,62,36,1,-1,-1,-1
135,7,1500,980,76,42,1,-1,-1,-1
135,9,2208,966,84,46,1,-1,-1,-1
135,12,2355,959,95,50,1,-1,-1,-1
135,14,2035,971,56,40,1,-1,-1,-1
135,19,1838,974,42,34,1,-1,-1,-1
135,21,823,1002,51,25,1,-1,-1,-1
135,25,1336,991,56,32,1,-1,-1,-1
135,26,2216,965,76,44,1,-1,-1,-1
135,27,1411,980,76,38,1,-1,-1,-1
135,28,2122,964,76,44,1,-1,-1,-1
135,30,1837,972,64,40,1,-1,-1,-1
135,31,2118,963,84,48,1,-1,-1,-1
135,33,1439,986,46,30,1,-1,-1,-1
135,34,1838,973,80,38,1,-1,-1,-1
135,35,1502,980,80,38,1,-1,-1,-1
135,36,513,1009,65,30,1,-1,-1,-1
135,37,2199,965,91,38,1,-1,-1,-1
135,38,2313,953,64,44,1,-1,-1,-1
135,41,882,995,57,30,1,-1,-1,-1
135,42,2197,965,58,36,1,-1,-1,-1
135,43,825,1001,59,34,1,-1,-1,-1
135,44,1737,977,80,38,1,-1,-1,-1
135,45,2025,972,54,36,1,-1,-1,-1
135,46,1943,967,72,40,1,-1,-1,-1
135,47,2315,945,102,63,1,-1,-1,-1
135,48,891,995,62,35,1,-1,-1,-1
135,49,631,1006,68,28,1,-1,-1,-1
135,50,1843,975,58,33,1,-1,-1,-1
135,52,1939,968,40,44,1,-1,-1,-1
135,53,2038,971,76,38,1,-1,-1,-1
135,54,2011,972,38,38,1,-1,-1,-1
135,55,515,1004,61,27,1,-1,-1,-1
135,57,1340,995,58,29,1,-1,-1,-1
135,59,2024,969,65,38,1,-1,-1,-1
135,60,630,1000,71,29,1,-1,-1,-1
135,61,512,1007,64,28,1,-1,-1,-1
135,62,2519,952,41,36,1,-1,-1,-1
135,63,2396,958,64,48,1,-1,-1,-1
135,64,162,1020,56,28,1,-1,-1,-1
135,65,2046,973,61,34,1,-1,-1,-1
135,66,1934,971,52,40,1,-1,-1,-1
135,67,1733,976,80,36,1,-1,-1,-1
135,68,2545,960,15,44,1,-1,-1,-1
135,69,826,1004,48,24,1,-1,-1,-1
135,70,519,1008,61,27,1,-1,-1,-1
135,71,1847,974,76,36,1,-1,-1,-1
135,72,1948,966,76,42,1,-1,-1,-1
135,73,1411,980,64,36,1,-1,-1,-1
135,74,2162,964,44,44,1,-1,-1,-1
135,75,635,1006,64,28,1,-1,-1,-1
135,76,1339,993,56,28,1,-1,-1,-1
135,77,2128,963,80,46,1,-1,-1,-1
135,78,1973,975,60,36,1,-1,-1,-1
135,79,166,1017,53,27,1,-1,-1,-1
135,80,1506,983,76,38,1,-1,-1,-1
135,81,1339,986,60,36,1,-1,-1,-1
135,82,1410,987,64,36,1,-1,-1,-1
135,83,886,999,57,27,1,-1,-1,-1
135,84,825,1001,55,25,1,-1,-1,-1
135,85,2029,971,64,36,1,-1,-1,-1
135,86,1413,988,65,34,1,-1,-1,-1
135,87,1977,973,56,36,1,-1,-1,-1
136,0,640,1007,64,32,1,-1,-1,-1
136,4,827,998,52,32,1,-1,-1,-1
136,5,1742,979,62,36,1,-1,-1,-1
136,7,1506,980,76,42,1,-1,-1,-1
136,9,2212,966,84,46,1,-1,-1,-1
136,12,2364,959,91,47,1,-1,-1,-1
136,14,2040,971,56,40,1,-1,-1,-1
136,19,1842,973,42,34,1,-1,-1,-1
136,21,827,1000,51,25,1,-1,-1,-1
136,25,1341,991,56,32,1,-1,-1,-1
136,26,2219,964,76,44,1,-1,-1,-1
136,27,1418,980,76,38,1,-1,-1,-1
136,28,2127,963,76,44,1,-1,-1,-1
136,30,1841,972,64,40,1,-1,-1,-1
136,31,2123,962,84,48,1,-1,-1,-1
136,33,1445,985,46,30,1,-1,-1,-1
136,34,1842,972,80,38,1,-1,-1,-1
136,35,1506,979,84,40,1,-1,-1,-1
136,36,519,1008,65,30,1,-1,-1,-1
136,37,2204,966,87,36,1,-1,-1,-1
136,38,2315,954,64,44,1,-1,-1,-1
136,41,888,994,57,30,1,-1,-1,-1
136,42,2201,964,58,36,1,-1,-1,-1
136,43,830,1000,59,34,1,-1,-1,-1
136,44,1744,976,80,38,1,-1,-1,-1
136,45,2029,972,54,36,1,-1,-1,-1
136,46,1946,966,76,42,1,-1,-1,-1
136,47,2317,944,102,63,1,-1,-1,-1
136,48,896,994,62,35,1,-1,-1,-1
136,49,636,1006,68,28,1,-1,-1,-1
136,50,1848,974,58,33,1,-1,-1,-1
136,52,1943,967,40,44,1,-1,-1,-1
136,53,2043,970,76,38,1,-1,-1,-1
136,54,2016,972,38,38,1,-1,-1,-1
136,55,521,1003,61,27,1,-1,-1,-1
136,57,1345,994,58,29,1,-1,-1,-1
136,59,2031,970,62,36,1,-1,-1,-1
136,60,636,1000,71,29,1,-1,-1,-1
136,61,518,1006,64,28,1,-1,-1,-1
136,63,2402,957,64,48,1,-1,-1,-1
136,64,169,1020,53,27,1,-1,-1,-1
136,65,2050,972,61,34,1,-1,-1,-1
136,66,1939,970,52,40,1,-1,-1,-1
136,67,1739,975,80,36,1,-1,-1,-1
136,68,2545,962,15,44,1,-1,-1,-1
136,69,831,1003,48,24,1,-1,-1,-1
136,70,525,1007,61,27,1,-1,-1,-1
136,71,1851,974,76,36,1,-1,-1,-1
136,72,1954,965,76,42,1,-1,-1,-1
136,73,1417,979,64,36,1,-1,-1,-1
136,74,2167,963,44,44,1,-1,-1,-1
136,75,640,1006,64,28,1,-1,-1,-1
136,76,1345,992,56,28,1,-1,-1,-1
136,77,2132,962,80,46,1,-1,-1,-1
136,78,1978,974,60,36,1,-1,-1,-1
136,79,169,1016,56,28,1,-1,-1,-1
136,80,1513,983,76,38,1,-1,-1,-1
136,81,1345,986,60,36,1,-1,-1,-1
136,82,1416,987,64,36,1,-1,-1,-1
136,83,892,999,57,27,1,-1,-1,-1
136,84,830,1000,55,25,1,-1,-1,-1
136,85,2034,971,64,36,1,-1,-1,-1
136,86,1419,987,65,34,1,-1,-1,-1
136,87,1982,972,56,36,1,-1,-1,-1
137,0,640,1007,64,32,1,-1,-1,-1
137,4,827,998,52,32,1,-1,-1,-1
137,7,1506,980,76,42,1,-1,-1,-1
137,9,2212,966,84,46,1,-1,-1,-1
137,12,2364,959,91,47,1,-1,-1,-1
137,14,2040,971,56,40,1,-1,-1,-1
137,19,1842,973,42,34,1,-1,-1,-1
137,21,827,1000,51,25,1,-1,-1,-1
137,25,1341,991,56,32,1,-1,-1,-1
137,26,2216,964,84,44,1,-1,-1,-1
137,27,1418,980,76,38,1,-1,-1,-1
137,28,2127,963,76,44,1,-1,-1,-1
137,30,1841,972,64,40,1,-1,-1,-1
137,31,2123,962,84,48,1,-1,-1,-1
137,33,1445,985,46,30,1,-1,-1,-1
137,34,1842,972,80,38,1,-1,-1,-1
137,35,1524,980,60,36,1,-1,-1,-1
137,36,524,1008,60,28,1,-1,-1,-1
137,37,2204,966,87,36,1,-1,-1,-1
137,38,2315,954,64,44,1,-1,-1,-1
137,41,888,994,57,30,1,-1,-1,-1
137,43,830,1000,59,34,1,-1,-1,-1
137,44,1744,976,80,38,1,-1,-1,-1
137,45,2029,972,54,36,1,-1,-1,-1
137,46,1946,966,76,42,1,-1,-1,-1
137,47,2317,944,102,63,1,-1,-1,-1
137,48,904,996,44,32,1,-1,-1,-1
137,49,640,1004,60,28,1,-1,-1,-1
137,50,1848,974,58,33,1,-1,-1,-1
137,52,1943,967,40,44,1,-1,-1,-1
137,53,2044,968,68,40,1,-1,-1,-1
137,54,2016,972,38,38,1,-1,-1,-1
137,55,521,1003,61,27,1,-1,-1,-1
137,57,1348,992,56,32,1,-1,-1,-1
137,59,2031,970,62,36,1,-1,-1,-1
137,60,636,1000,71,29,1,-1,-1,-1
137,61,518,1006,64,28,1,-1,-1,-1
137,63,2402,957,64,48,1,-1,-1,-1
137,64,169,1020,53,27,1,-1,-1,-1
137,65,2050,972,61,34,1,-1,-1,-1
137,66,1939,970,52,40,1,-1,-1,-1
137,67,1739,975,80,36,1,-1,-1,-1
137,68,2545,962,15,44,1,-1,-1,-1
137,69,831,1003,48,24,1,-1,-1,-1
137,70,525,1007,61,27,1,-1,-1,-1
137,71,1851,974,76,36,1,-1,-1,-1
137,72,1964,968,64,40,1,-1,-1,-1
137,73,1417,979,64,36,1,-1,-1,-1
137,74,2167,963,44,44,1,-1,-1,-1
137,75,640,1006,64,28,1,-1,-1,-1
137,76,1345,992,56,28,1,-1,-1,-1
137,77,2132,962,80,46,1,-1,-1,-1
137,78,1978,974,60,36,1,-1,-1,-1
137,79,172,1016,60,28,1,-1,-1,-1
137,80,1513,983,76,38,1,-1,-1,-1
137,81,1345,986,60,36,1,-1,-1,-1
137,82,1416,987,64,36,1,-1,-1,-1
137,83,892,999,57,27,1,-1,-1,-1
137,84,832,1000,52,24,1,-1,-1,-1
137,85,2034,971,64,36,1,-1,-1,-1
137,86,1416,984,72,36,1,-1,-1,-1
137,87,1982,972,56,36,1,-1,-1,-1
137,88,1744,972,80,36,1,-1,-1,-1
137,89,1872,972,60,36,1,-1,-1,-1
137,90,2360,952,104,44,1,-1,-1,-1
137,91,2116,960,52,48,1,-1,-1,-1
138,0,647,1006,64,32,1,-1,-1,-1
138,4,834,997,52,32,1,-1,-1,-1
138,7,1513,979,76,42,1,-1,-1,-1
138,9,2218,966,84,46,1,-1,-1,-1
138,12,2370,957,91,47,1,-1,-1,-1
138,14,2046,970,56,40,1,-1,-1,-1
138,19,1849,973,42,34,1,-1,-1,-1
138,21,836,999,51,25,1,-1,-1,-1
138,25,1347,990,56,32,1,-1,-1,-1
138,26,2219,964,84,44,1,-1,-1,-1
138,27,1425,980,72,36,1,-1,-1,-1
138,28,2134,962,76,44,1,-1,-1,-1
138,30,1848,972,64,40,1,-1,-1,-1
138,31,2130,961,84,48,1,-1,-1,-1
138,33,1451,984,46,30,1,-1,-1,-1
138,34,1849,972,80,38,1,-1,-1,-1
138,35,1528,980,60,36,1,-1,-1,-1
138,36,529,1008,60,28,1,-1,-1,-1
138,37,2211,965,87,36,1,-1,-1,-1
138,38,2319,952,64,44,1,-1,-1,-1
138,41,895,993,57,30,1,-1,-1,-1
138,43,837,999,59,34,1,-1,-1,-1
138,44,1749,976,80,38,1,-1,-1,-1
138,45,2036,971,54,36,1,-1,-1,-1
138,46,1953,966,76,42,1,-1,-1,-1
138,47,2317,943,102,63,1,-1,-1,-1
138,48,909,996,44,32,1,-1,-1,-1
138,49,645,1004,60,28,1,-1,-1,-1
138,50,1854,974,58,33,1,-1,-1,-1
138,52,1948,965,42,46,1,-1,-1,-1
138,53,2048,968,68,40,1,-1,-1,-1
138,54,2022,971,38,38,1,-1,-1,-1
138,55,528,1003,61,27,1,-1,-1,-1
138,57,1353,992,56,32,1,-1,-1,-1
138,59,2037,969,62,36,1,-1,-1,-1
138,60,643,1000,71,29,1,-1,-1,-1
138,61,527,1007,61,27,1,-1,-1,-1
138,63,2409,956,64,48,1,-1,-1,-1
138,64,174,1018,56,28,1,-1,-1,-1
138,65,2056,971,61,34,1,-1,-1,-1
138,66,1944,968,55,42,1,-1,-1,-1
138,67,1745,975,80,36,1,-1,-1,-1
138,69,838,1002,48,24,1,-1,-1,-1
138,70,533,1007,61,27,1,-1,-1,-1
138,71,1858,974,76,36,1,-1,-1,-1
138,72,1969,968,64,40,1,-1,-1,-1
138,73,1423,978,64,36,1,-1,-1,-1
138,74,2173,962,44,44,1,-1,-1,-1
138,75,647,1006,64,28,1,-1,-1,-1
138,76,1351,991,56,28,1,-1,-1,-1
138,77,2139,961,80,46,1,-1,-1,-1
138,78,1984,974,60,36,1,-1,-1,-1
138,79,177,1015,60,28,1,-1,-1,-1
138,80,1520,982,76,38,1,-1,-1,-1
138,81,1351,985,60,36,1,-1,-1,-1
138,82,1424,987,61,34,1,-1,-1,-1
138,83,899,998,57,27,1,-1,-1,-1
138,84,837,1000,52,24,1,-1,-1,-1
138,85,2040,970,64,36,1,-1,-1,-1
138,86,1420,984,72,36,1,-1,-1,-1
138,87,1987,972,56,36,1,-1,-1,-1
138,88,1749,972,80,36,1,-1,-1,-1
138,89,1875,972,60,36,1,-1,-1,-1
138,90,2365,952,104,44,1,-1,-1,-1
138,91,2120,959,52,48,1,-1,-1,-1
139,0,647,1006,64,32,1,-1,-1,-1
139,4,834,997,52,32,1,-1,-1,-1
139,7,1513,978,76,42,1,-1,-1,-1
139,9,2218,965,84,46,1,-1,-1,-1
139,12,2370,956,91,47,1,-1,-1,-1
139,14,2046,969,56,40,1,-1,-1,-1
139,19,1849,973,42,34,1,-1,-1,-1
139,21,835,999,51,25,1,-1,-1,-1
139,25,1347,990,56,32,1,-1,-1,-1
139,26,2219,964,84,44,1,-1,-1,-1
139,27,1426,979,72,36,1,-1,-1,-1
139,28,2134,962,76,44,1,-1,-1,-1
139,30,1848,972,64,40,1,-1,-1,-1
139,31,2130,961,84,48,1,-1,-1,-1
139,33,1452,984,46,30,1,-1,-1,-1
139,34,1849,972,80,38,1,-1,-1,-1
139,35,1528,980,60,36,1,-1,-1,-1
139,36,529,1008,60,28,1,-1,-1,-1
139,37,2211,965,87,36,1,-1,-1,-1
139,38,2319,952,64,44,1,-1,-1,-1
139,41,895,993,57,30,1,-1,-1,-1
139,43,838,999,59,34,1,-1,-1,-1
139,44,1747,974,84,40,1,-1,-1,-1
139,45,2036,971,54,36,1,-1,-1,-1
139,46,1953,966,76,42,1,-1,-1,-1
139,47,2318,943,102,63,1,-1,-1,-1
139,48,909,996,44,32,1,-1,-1,-1
139,49,645,1004,60,28,1,-1,-1,-1
139,50,1854,974,58,33,1,-1,-1,-1
139,52,1949,965,42,46,1,-1,-1,-1
139,53,2049,968,68,40,1,-1,-1,-1
139,54,2023,970,38,38,1,-1,-1,-1
139,55,528,1002,61,27,1,-1,-1,-1
139,57,1353,992,56,32,1,-1,-1,-1
139,59,2037,969,62,36,1,-1,-1,-1
139,60,642,1000,71,29,1,-1,-1,-1
139,61,527,1006,61,27,1,-1,-1,-1
139,63,2410,956,64,48,1,-1,-1,-1
139,64,175,1018,56,28,1,-1,-1,-1
139,65,2056,971,61,34,1,-1,-1,-1
139,66,1945,968,55,42,1,-1,-1,-1
139,67,1745,974,80,36,1,-1,-1,-1
139,69,839,1002,48,24,1,-1,-1,-1
139,70,533,1007,61,27,1,-1,-1,-1
139,71,1860,974,72,34,1,-1,-1,-1
139,72,1969,968,64,40,1,-1,-1,-1
139,73,1423,979,64,36,1,-1,-1,-1
139,74,2174,963,44,44,1,-1,-1,-1
139,75,647,1005,64,28,1,-1,-1,-1
139,76,1351,991,56,28,1,-1,-1,-1
139,77,2139,961,80,46,1,-1,-1,-1
139,78,1984,974,60,36,1,-1,-1,-1
139,79,177,1015,60,28,1,-1,-1,-1
139,80,1519,982,76,38,1,-1,-1,-1
139,81,1351,985,60,36,1,-1,-1,-1
139,82,1423,987,61,34,1,-1,-1,-1
139,83,899,998,57,27,1,-1,-1,-1
139,84,837,1000,52,24,1,-1,-1,-1
139,85,2040,969,64,36,1,-1,-1,-1
139,86,1420,984,72,36,1,-1,-1,-1
139,87,1987,972,56,36,1,-1,-1,-1
139,88,1749,972,80,36,1,-1,-1,-1
139,89,1875,972,60,36,1,-1,-1,-1
139,90,2366,952,104,44,1,-1,-1,-1
139,91,2120,960,52,48,1,-1,-1,-1
140,0,652,1005,64,32,1,-1,-1,-1
140,4,840,996,52,32,1,-1,-1,-1
140,7,1517,978,76,42,1,-1,-1,-1
140,9,2220,964,84,46,1,-1,-1,-1
140,12,2373,955,91,47,1,-1,-1,-1
140,14,2051,969,56,40,1,-1,-1,-1
140,19,1853,973,42,34,1,-1,-1,-1
140,21,841,999,51,25,1,-1,-1,-1
140,25,1352,989,56,32,1,-1,-1,-1
140,26,2222,964,84,44,1,-1,-1,-1
140,27,1431,978,72,36,1,-1,-1,-1
140,28,2138,961,80,46,1,-1,-1,-1
140,30,1853,972,64,40,1,-1,-1,-1
140,31,2136,960,84,48,1,-1,-1,-1
140,33,1457,984,46,30,1,-1,-1,-1
140,34,1853,972,80,38,1,-1,-1,-1
140,35,1533,980,60,36,1,-1,-1,-1
140,36,535,1008,60,28,1,-1,-1,-1
140,37,2212,964,87,36,1,-1,-1,-1
140,38,2320,952,64,44,1,-1,-1,-1
140,41,901,993,57,30,1,-1,-1,-1
140,43,844,999,59,34,1,-1,-1,-1
140,44,1752,973,84,40,1,-1,-1,-1
140,45,2040,970,54,36,1,-1,-1,-1
140,46,1958,965,76,42,1,-1,-1,-1
140,47,2320,943,102,63,1,-1,-1,-1
140,48,915,996,44,32,1,-1,-1,-1
140,49,651,1004,60,28,1,-1,-1,-1
140,50,1858,974,58,33,1,-1,-1,-1
140,52,1953,966,42,46,1,-1,-1,-1
140,53,2053,967,68,40,1,-1,-1,-1
140,54,2027,970,38,38,1,-1,-1,-1
140,55,534,1002,61,27,1,-1,-1,-1
140,57,1358,992,56,32,1,-1,-1,-1
140,59,2042,968,62,36,1,-1,-1,-1
140,60,648,999,71,29,1,-1,-1,-1
140,61,532,1006,61,27,1,-1,-1,-1
140,63,2416,955,64,48,1,-1,-1,-1
140,64,180,1017,56,28,1,-1,-1,-1
140,65,2061,971,61,34,1,-1,-1,-1
140,66,1949,968,55,42,1,-1,-1,-1
140,67,1749,974,80,36,1,-1,-1,-1
140,69,844,1001,48,24,1,-1,-1,-1
140,70,538,1006,61,27,1,-1,-1,-1
140,71,1862,974,72,34,1,-1,-1,-1
140,72,1974,968,64,40,1,-1,-1,-1
140,73,1428,978,64,36,1,-1,-1,-1
140,74,2178,962,44,44,1,-1,-1,-1
140,75,652,1005,64,28,1,-1,-1,-1
140,76,1356,991,56,28,1,-1,-1,-1
140,77,2143,961,80,46,1,-1,-1,-1
140,78,1989,973,60,36,1,-1,-1,-1
140,79,182,1015,63,29,1,-1,-1,-1
140,80,1525,982,76,38,1,-1,-1,-1
140,81,1356,984,60,36,1,-1,-1,-1
140,82,1429,987,61,34,1,-1,-1,-1
140,83,905,998,57,27,1,-1,-1,-1
140,84,842,1000,52,24,1,-1,-1,-1
140,85,2045,969,64,36,1,-1,-1,-1
140,86,1426,984,72,36,1,-1,-1,-1
140,87,1993,973,53,34,1,-1,-1,-1
140,88,1754,971,80,36,1,-1,-1,-1
140,89,1879,972,60,36,1,-1,-1,-1
140,90,2370,950,109,46,1,-1,-1,-1
140,91,2126,959,52,48,1,-1,-1,-1
141,0,654,1005,64,32,1,-1,-1,-1
141,4,843,995,52,32,1,-1,-1,-1
141,7,1520,978,76,42,1,-1,-1,-1
141,9,2222,964,84,46,1,-1,-1,-1
141,12,2377,953,95,50,1,-1,-1,-1
141,14,2054,968,56,40,1,-1,-1,-1
141,19,1855,973,42,34,1,-1,-1,-1
141,21,844,999,51,25,1,-1,-1,-1
141,25,1355,989,56,32,1,-1,-1,-1
141,26,2224,963,84,44,1,-1,-1,-1
141,27,1432,978,72,36,1,-1,-1,-1
141,28,2140,960,80,46,1,-1,-1,-1
141,30,1854,971,64,40,1,-1,-1,-1
141,31,2139,961,80,46,1,-1,-1,-1
141,33,1460,984,46,30,1,-1,-1,-1
141,34,1855,972,80,38,1,-1,-1,-1
141,35,1535,980,60,36,1,-1,-1,-1
141,36,538,1008,60,28,1,-1,-1,-1
141,37,2215,964,87,36,1,-1,-1,-1
141,38,2322,952,64,44,1,-1,-1,-1
141,41,904,992,57,30,1,-1,-1,-1
141,43,849,999,59,34,1,-1,-1,-1
141,44,1754,973,84,40,1,-1,-1,-1
141,45,2043,969,54,36,1,-1,-1,-1
141,46,1960,965,76,42,1,-1,-1,-1
141,47,2322,942,102,63,1,-1,-1,-1
141,48,918,996,44,32,1,-1,-1,-1
141,49,652,1003,60,28,1,-1,-1,-1
141,50,1859,974,58,33,1,-1,-1,-1
141,52,1955,965,42,46,1,-1,-1,-1
141,53,2056,967,68,40,1,-1,-1,-1
141,54,2030,969,38,38,1,-1,-1,-1
141,55,537,1002,61,27,1,-1,-1,-1
141,57,1361,992,56,32,1,-1,-1,-1
141,59,2043,968,62,36,1,-1,-1,-1
141,60,648,999,71,29,1,-1,-1,-1
141,61,535,1006,61,27,1,-1,-1,-1
141,63,2420,953,64,48,1,-1,-1,-1
141,64,183,1017,56,28,1,-1,-1,-1
141,65,2064,970,61,34,1,-1,-1,-1
141,66,1951,968,55,42,1,-1,-1,-1
141,67,1751,974,80,36,1,-1,-1,-1
141,69,848,1001,48,24,1,-1,-1,-1
141,70,541,1006,61,27,1,-1,-1,-1
141,71,1865,974,72,34,1,-1,-1,-1
141,72,1976,967,64,40,1,-1,-1,-1
141,73,1430,978,64,36,1,-1,-1,-1
141,74,2180,961,44,44,1,-1,-1,-1
141,75,655,1005,64,28,1,-1,-1,-1
141,76,1358,990,56,28,1,-1,-1,-1
141,77,2146,960,80,46,1,-1,-1,-1
141,78,1991,972,60,36,1,-1,-1,-1
141,79,184,1014,63,29,1,-1,-1,-1
141,80,1525,981,76,38,1,-1,-1,-1
141,81,1358,984,60,36,1,-1,-1,-1
141,82,1431,986,61,34,1,-1,-1,-1
141,83,907,997,57,27,1,-1,-1,-1
141,84,846,1000,52,24,1,-1,-1,-1
141,85,2047,968,64,36,1,-1,-1,-1
141,86,1428,984,72,36,1,-1,-1,-1
141,87,1995,972,53,34,1,-1,-1,-1
141,88,1756,972,80,36,1,-1,-1,-1
141,89,1880,970,63,38,1,-1,-1,-1
141,90,2371,949,109,46,1,-1,-1,-1
141,91,2130,959,52,48,1,-1,-1,-1
142,0,660,1004,64,32,1,-1,-1,-1
142,4,849,995,52,32,1,-1,-1,-1
142,7,1526,977,76,42,1,-1,-1,-1
142,9,2228,963,84,46,1,-1,-1,-1
142,12,2386,954,91,47,1,-1,-1,-1
142,14,2059,968,56,40,1,-1,-1,-1
142,19,1859,972,42,34,1,-1,-1,-1
142,21,850,998,51,25,1,-1,-1,-1
142,25,1361,988,56,32,1,-1,-1,-1
142,26,2230,963,84,44,1,-1,-1,-1
142,27,1438,978,72,36,1,-1,-1,-1
142,28,2146,960,80,46,1,-1,-1,-1
142,30,1858,970,64,40,1,-1,-1,-1
142,31,2145,961,80,46,1,-1,-1,-1
142,33,1466,983,46,30,1,-1,-1,-1
142,34,1858,971,80,38,1,-1,-1,-1
142,35,1541,980,60,36,1,-1,-1,-1
142,36,544,1008,60,28,1,-1,-1,-1
142,37,2220,964,87,36,1,-1,-1,-1
142,38,2325,950,64,44,1,-1,-1,-1
142,41,910,992,57,30,1,-1,-1,-1
142,43,853,998,59,34,1,-1,-1,-1
142,44,1760,972,84,40,1,-1,-1,-1
142,45,2048,969,54,36,1,-1,-1,-1
142,46,1965,965,76,42,1,-1,-1,-1
142,47,2325,942,97,60,1,-1,-1,-1
142,48,923,995,44,32,1,-1,-1,-1
142,49,658,1003,60,28,1,-1,-1,-1
142,50,1862,973,58,33,1,-1,-1,-1
142,52,1960,965,42,46,1,-1,-1,-1
142,53,2061,967,68,40,1,-1,-1,-1
142,54,2034,967,38,38,1,-1,-1,-1
142,55,543,1002,61,27,1,-1,-1,-1
142,57,1367,991,56,32,1,-1,-1,-1
142,59,2048,967,62,36,1,-1,-1,-1
142,60,657,999,68,28,1,-1,-1,-1
142,61,541,1006,61,27,1,-1,-1,-1
142,63,2426,953,64,48,1,-1,-1,-1
142,64,189,1017,56,28,1,-1,-1,-1
142,65,2068,970,61,34,1,-1,-1,-1
142,66,1956,967,55,42,1,-1,-1,-1
142,67,1758,973,80,36,1,-1,-1,-1
142,69,853,1001,48,24,1,-1,-1,-1
142,70,548,1006,61,27,1,-1,-1,-1
142,71,1868,973,72,34,1,-1,-1,-1
142,72,1980,967,64,40,1,-1,-1,-1
142,73,1436,977,64,36,1,-1,-1,-1
142,74,2183,961,44,44,1,-1,-1,-1
142,75,661,1004,64,28,1,-1,-1,-1
142,76,1364,989,56,28,1,-1,-1,-1
142,77,2152,960,80,46,1,-1,-1,-1
142,78,1995,971,60,36,1,-1,-1,-1
142,79,191,1014,63,29,1,-1,-1,-1
142,80,1532,981,76,38,1,-1,-1,-1
142,81,1364,983,60,36,1,-1,-1,-1
142,82,1436,985,61,34,1,-1,-1,-1
142,83,913,997,57,27,1,-1,-1,-1
142,84,852,999,52,24,1,-1,-1,-1
142,85,2052,968,64,36,1,-1,-1,-1
142,86,1434,983,72,36,1,-1,-1,-1
142,87,1998,971,53,34,1,-1,-1,-1
142,88,1763,972,80,36,1,-1,-1,-1
142,89,1885,970,63,38,1,-1,-1,-1
142,90,2378,949,109,46,1,-1,-1,-1
142,91,2135,958,52,48,1,-1,-1,-1
143,0,661,1004,64,32,1,-1,-1,-1
143,4,850,995,52,32,1,-1,-1,-1
143,7,1525,977,76,42,1,-1,-1,-1
143,9,2227,963,84,46,1,-1,-1,-1
143,12,2385,953,91,47,1,-1,-1,-1
143,14,2058,969,56,40,1,-1,-1,-1
143,19,1859,971,42,34,1,-1,-1,-1
143,21,851,998,51,25,1,-1,-1,-1
143,25,1361,988,56,32,1,-1,-1,-1
143,26,2230,963,84,44,1,-1,-1,-1
143,27,1438,977,72,36,1,-1,-1,-1
143,28,2146,960,80,46,1,-1,-1,-1
143,30,1858,970,64,40,1,-1,-1,-1
143,31,2144,960,80,46,1,-1,-1,-1
143,33,1466,983,46,30,1,-1,-1,-1
143,34,1860,972,76,36,1,-1,-1,-1
143,35,1541,980,60,36,1,-1,-1,-1
143,36,545,1008,57,27,1,-1,-1,-1
143,37,2220,963,87,36,1,-1,-1,-1
143,38,2325,950,64,44,1,-1,-1,-1
143,41,910,992,57,30,1,-1,-1,-1
143,43,853,998,59,34,1,-1,-1,-1
143,44,1759,972,84,40,1,-1,-1,-1
143,45,2048,969,54,36,1,-1,-1,-1
143,46,1965,965,76,42,1,-1,-1,-1
143,48,923,995,44,32,1,-1,-1,-1
143,49,658,1003,60,28,1,-1,-1,-1
143,50,1863,972,58,33,1,-1,-1,-1
143,52,1961,965,42,46,1,-1,-1,-1
143,53,2061,967,68,40,1,-1,-1,-1
143,54,2035,967,38,38,1,-1,-1,-1
143,55,542,1002,61,27,1,-1,-1,-1
143,57,1367,990,56,32,1,-1,-1,-1
143,59,2048,967,62,36,1,-1,-1,-1
143,60,657,999,68,28,1,-1,-1,-1
143,61,541,1006,61,27,1,-1,-1,-1
143,63,2427,953,64,48,1,-1,-1,-1
143,64,190,1017,56,28,1,-1,-1,-1
143,65,2068,970,61,34,1,-1,-1,-1
143,66,1956,967,55,42,1,-1,-1,-1
143,67,1758,973,80,36,1,-1,-1,-1
143,69,853,1001,48,24,1,-1,-1,-1
143,70,547,1006,61,27,1,-1,-1,-1
143,71,1868,973,72,34,1,-1,-1,-1
143,72,1980,967,64,40,1,-1,-1,-1
143,73,1436,977,64,36,1,-1,-1,-1
143,74,2183,961,44,44,1,-1,-1,-1
143,75,661,1004,64,28,1,-1,-1,-1
143,76,1365,989,56,28,1,-1,-1,-1
143,77,2151,960,80,46,1,-1,-1,-1
143,78,1995,971,60,36,1,-1,-1,-1
143,79,190,1014,63,29,1,-1,-1,-1
143,80,1532,980,76,38,1,-1,-1,-1
143,81,1365,983,60,36,1,-1,-1,-1
143,82,1436,985,61,34,1,-1,-1,-1
143,83,913,997,57,27,1,-1,-1,-1
143,84,852,999,52,24,1,-1,-1,-1
143,85,2051,968,64,36,1,-1,-1,-1
143,86,1434,983,72,36,1,-1,-1,-1
143,87,1998,971,53,34,1,-1,-1,-1
143,88,1762,971,80,36,1,-1,-1,-1
143,89,1885,970,63,38,1,-1,-1,-1
143,90,2376,947,115,49,1,-1,-1,-1
143,91,2135,958,52,48,1,-1,-1,-1
144,0,665,1003,64,32,1,-1,-1,-1
144,4,855,995,52,32,1,-1,-1,-1
144,7,1530,977,76,42,1,-1,-1,-1
144,9,2230,962,84,46,1,-1,-1,-1
144,12,2386,952,95,50,1,-1,-1,-1
144,14,2063,967,56,40,1,-1,-1,-1
144,19,1863,971,40,33,1,-1,-1,-1
144,21,856,998,51,25,1,-1,-1,-1
144,25,1366,987,56,32,1,-1,-1,-1
144,26,2233,962,84,44,1,-1,-1,-1
144,27,1443,977,72,36,1,-1,-1,-1
144,28,2150,960,80,46,1,-1,-1,-1
144,30,1859,969,64,40,1,-1,-1,-1
144,31,2149,960,80,46,1,-1,-1,-1
144,33,1469,981,48,32,1,-1,-1,-1
144,34,1862,971,76,36,1,-1,-1,-1
144,35,1546,979,60,36,1,-1,-1,-1
144,36,550,1008,57,27,1,-1,-1,-1
144,37,2224,962,87,36,1,-1,-1,-1
144,38,2328,949,64,44,1,-1,-1,-1
144,41,915,991,57,30,1,-1,-1,-1
144,43,858,998,59,34,1,-1,-1,-1
144,44,1764,971,84,40,1,-1,-1,-1
144,45,2052,968,54,36,1,-1,-1,-1
144,46,1967,964,76,42,1,-1,-1,-1
144,48,929,994,44,32,1,-1,-1,-1
144,49,662,1003,60,28,1,-1,-1,-1
144,50,1865,972,58,33,1,-1,-1,-1
144,52,1965,963,42,46,1,-1,-1,-1
144,53,2066,966,68,40,1,-1,-1,-1
144,54,2039,968,38,38,1,-1,-1,-1
144,55,548,1002,61,27,1,-1,-1,-1
144,57,1372,990,56,32,1,-1,-1,-1
144,59,2053,966,62,36,1,-1,-1,-1
144,60,662,999,68,28,1,-1,-1,-1
144,61,546,1005,61,27,1,-1,-1,-1
144,63,2431,953,64,48,1,-1,-1,-1
144,64,194,1016,59,29,1,-1,-1,-1
144,65,2074,969,61,34,1,-1,-1,-1
144,66,1960,966,55,42,1,-1,-1,-1
144,67,1760,971,84,38,1,-1,-1,-1
144,69,858,1000,48,24,1,-1,-1,-1
144,70,552,1005,61,27,1,-1,-1,-1
144,71,1871,972,72,34,1,-1,-1,-1
144,72,1984,967,64,40,1,-1,-1,-1
144,73,1441,976,64,36,1,-1,-1,-1
144,74,2187,960,44,44,1,-1,-1,-1
144,75,665,1003,64,28,1,-1,-1,-1
144,76,1370,989,56,28,1,-1,-1,-1
144,77,2156,960,80,46,1,-1,-1,-1
144,78,1999,971,60,36,1,-1,-1,-1
144,79,196,1013,63,29,1,-1,-1,-1
144,80,1536,980,76,38,1,-1,-1,-1
144,81,1369,982,60,36,1,-1,-1,-1
144,82,1441,985,61,34,1,-1,-1,-1
144,83,918,996,57,27,1,-1,-1,-1
144,84,857,998,52,24,1,-1,-1,-1
144,85,2056,967,64,36,1,-1,-1,-1
144,86,1438,983,72,36,1,-1,-1,-1
144,87,2003,971,53,34,1,-1,-1,-1
144,88,1766,970,80,36,1,-1,-1,-1
144,89,1887,970,63,38,1,-1,-1,-1
144,90,2381,948,109,46,1,-1,-1,-1
144,91,2139,958,52,48,1,-1,-1,-1
145,4,855,995,52,32,1,-1,-1,-1
145,7,1530,977,76,42,1,-1,-1,-1
145,9,2230,962,84,46,1,-1,-1,-1
145,12,2386,952,95,50,1,-1,-1,-1
145,14,2063,967,56,40,1,-1,-1,-1
145,19,1863,971,40,33,1,-1,-1,-1
145,21,856,998,51,25,1,-1,-1,-1
145,25,1366,987,56,32,1,-1,-1,-1
145,26,2240,960,68,44,1,-1,-1,-1
145,27,1443,977,72,36,1,-1,-1,-1
145,28,2150,960,80,46,1,-1,-1,-1
145,30,1859,969,64,40,1,-1,-1,-1
145,31,2149,960,80,46,1,-1,-1,-1
145,33,1469,981,48,32,1,-1,-1,-1
145,34,1862,971,76,36,1,-1,-1,-1
145,35,1540,976,72,36,1,-1,-1,-1
145,36,550,1008,57,27,1,-1,-1,-1
145,37,2224,962,87,36,1,-1,-1,-1
145,38,2328,948,56,52,1,-1,-1,-1
145,43,858,998,59,34,1,-1,-1,-1
145,44,1764,971,84,40,1,-1,-1,-1
145,46,1967,964,76,42,1,-1,-1,-1
145,48,929,994,44,32,1,-1,-1,-1
145,49,662,1003,60,28,1,-1,-1,-1
145,50,1864,968,60,36,1,-1,-1,-1
145,52,1965,963,42,46,1,-1,-1,-1
145,53,2064,964,72,40,1,-1,-1,-1
145,54,2039,968,38,38,1,-1,-1,-1
145,55,548,1004,60,24,1,-1,-1,-1
145,57,1372,990,56,32,1,-1,-1,-1
145,59,2053,966,62,36,1,-1,-1,-1
145,60,662,999,68,28,1,-1,-1,-1
145,61,546,1005,61,27,1,-1,-1,-1
145,63,2431,953,64,48,1,-1,-1,-1
145,64,194,1016,59,29,1,-1,-1,-1
145,65,2074,969,61,34,1,-1,-1,-1
145,66,1960,966,55,42,1,-1,-1,-1
145,67,1760,971,84,38,1,-1,-1,-1
145,69,858,1000,48,24,1,-1,-1,-1
145,70,552,1005,61,27,1,-1,-1,-1
145,71,1871,972,72,34,1,-1,-1,-1
145,72,1984,967,64,40,1,-1,-1,-1
145,73,1441,976,64,36,1,-1,-1,-1
145,74,2187,960,44,44,1,-1,-1,-1
145,75,664,1000,64,32,1,-1,-1,-1
145,76,1368,988,60,28,1,-1,-1,-1
145,77,2156,960,80,46,1,-1,-1,-1
145,78,1999,971,60,36,1,-1,-1,-1
145,79,196,1012,60,28,1,-1,-1,-1
145,80,1536,980,76,38,1,-1,-1,-1
145,81,1369,982,60,36,1,-1,-1,-1
145,82,1441,985,61,34,1,-1,-1,-1
145,83,916,996,52,28,1,-1,-1,-1
145,84,860,996,48,28,1,-1,-1,-1
145,85,2056,967,64,36,1,-1,-1,-1
145,86,1438,983,72,36,1,-1,-1,-1
145,87,2004,968,48,36,1,-1,-1,-1
145,88,1768,968,80,40,1,-1,-1,-1
145,89,1888,968,64,36,1,-1,-1,-1
145,90,2381,948,109,46,1,-1,-1,-1
145,91,2139,958,52,48,1,-1,-1,-1
145,92,1456,984,60,32,1,-1,-1,-1
145,93,2148,952,52,48,1,-1,-1,-1
145,94,2404,952,88,44,1,-1,-1,-1
146,4,861,994,52,32,1,-1,-1,-1
146,7,1536,975,76,42,1,-1,-1,-1
146,9,2236,961,84,46,1,-1,-1,-1
146,12,2394,950,95,50,1,-1,-1,-1
146,14,2069,966,56,40,1,-1,-1,-1
146,19,1867,970,40,33,1,-1,-1,-1
146,21,861,997,51,25,1,-1,-1,-1
146,25,1372,986,56,32,1,-1,-1,-1
146,26,2244,959,68,44,1,-1,-1,-1
146,27,1449,976,72,36,1,-1,-1,-1
146,28,2155,959,80,46,1,-1,-1,-1
146,30,1864,967,64,40,1,-1,-1,-1
146,31,2153,959,84,48,1,-1,-1,-1
146,33,1475,980,48,32,1,-1,-1,-1
146,34,1868,970,76,36,1,-1,-1,-1
146,35,1543,975,76,38,1,-1,-1,-1
146,36,557,1007,57,27,1,-1,-1,-1
146,37,2229,960,87,36,1,-1,-1,-1
146,38,2331,948,56,52,1,-1,-1,-1
146,43,864,997,59,34,1,-1,-1,-1
146,44,1768,970,88,42,1,-1,-1,-1
146,46,1972,963,76,42,1,-1,-1,-1
146,48,936,993,44,32,1,-1,-1,-1
146,49,668,1002,60,28,1,-1,-1,-1
146,50,1867,968,60,36,1,-1,-1,-1
146,52,1969,961,42,46,1,-1,-1,-1
146,53,2068,964,72,40,1,-1,-1,-1
146,54,2042,965,40,40,1,-1,-1,-1
146,55,553,1004,60,24,1,-1,-1,-1
146,57,1378,989,56,32,1,-1,-1,-1
146,59,2060,965,62,36,1,-1,-1,-1
146,60,667,998,68,28,1,-1,-1,-1
146,61,552,1005,61,27,1,-1,-1,-1
146,63,2438,951,64,48,1,-1,-1,-1
146,64,201,1014,59,29,1,-1,-1,-1
146,65,2079,968,61,34,1,-1,-1,-1
146,66,1965,965,55,42,1,-1,-1,-1
146,67,1767,970,84,38,1,-1,-1,-1
146,69,863,998,50,25,1,-1,-1,-1
146,70,558,1005,61,27,1,-1,-1,-1
146,71,1876,970,72,34,1,-1,-1,-1
146,72,1989,966,64,40,1,-1,-1,-1
146,73,1446,975,64,36,1,-1,-1,-1
146,74,2193,959,44,44,1,-1,-1,-1
146,75,668,1000,64,32,1,-1,-1,-1
146,76,1373,988,60,28,1,-1,-1,-1
146,77,2161,959,76,44,1,-1,-1,-1
146,78,2004,970,60,36,1,-1,-1,-1
146,79,202,1011,60,28,1,-1,-1,-1
146,80,1542,978,76,38,1,-1,-1,-1
146,81,1375,981,60,36,1,-1,-1,-1
146,82,1447,984,61,34,1,-1,-1,-1
146,83,921,995,52,28,1,-1,-1,-1
146,84,865,995,48,28,1,-1,-1,-1
146,85,2062,966,64,36,1,-1,-1,-1
146,86,1444,982,72,36,1,-1,-1,-1
146,87,2008,967,48,36,1,-1,-1,-1
146,88,1772,968,80,40,1,-1,-1,-1
146,89,1891,968,64,36,1,-1,-1,-1
146,90,2390,947,109,46,1,-1,-1,-1
146,91,2144,957,52,48,1,-1,-1,-1
146,92,1461,984,60,32,1,-1,-1,-1
146,93,2153,952,52,48,1,-1,-1,-1
146,94,2409,951,88,44,1,-1,-1,-1
147,4,861,993,52,32,1,-1,-1,-1
147,7,1536,975,76,42,1,-1,-1,-1
147,9,2235,961,84,46,1,-1,-1,-1
147,12,2394,949,95,50,1,-1,-1,-1
147,14,2069,966,56,40,1,-1,-1,-1
147,19,1867,969,40,33,1,-1,-1,-1
147,21,862,996,51,25,1,-1,-1,-1
147,25,1372,986,56,32,1,-1,-1,-1
147,26,2244,959,68,44,1,-1,-1,-1
147,27,1449,976,72,36,1,-1,-1,-1
147,28,2156,959,76,44,1,-1,-1,-1
147,30,1864,967,64,40,1,-1,-1,-1
147,31,2152,958,84,48,1,-1,-1,-1
147,33,1475,980,48,32,1,-1,-1,-1
147,34,1866,968,80,38,1,-1,-1,-1
147,35,1543,975,76,38,1,-1,-1,-1
147,36,556,1007,57,27,1,-1,-1,-1
147,37,2228,961,87,36,1,-1,-1,-1
147,38,2332,948,56,52,1,-1,-1,-1
147,43,865,997,59,34,1,-1,-1,-1
147,44,1768,970,88,42,1,-1,-1,-1
147,46,1972,962,76,42,1,-1,-1,-1
147,48,936,993,44,32,1,-1,-1,-1
147,49,668,1002,60,28,1,-1,-1,-1
147,50,1868,968,60,36,1,-1,-1,-1
147,52,1969,961,42,46,1,-1,-1,-1
147,53,2069,964,72,40,1,-1,-1,-1
147,54,2043,965,40,40,1,-1,-1,-1
147,55,553,1004,60,24,1,-1,-1,-1
147,57,1378,988,56,32,1,-1,-1,-1
147,59,2059,965,62,36,1,-1,-1,-1
147,60,667,998,68,28,1,-1,-1,-1
147,61,552,1004,61,27,1,-1,-1,-1
147,63,2438,951,64,48,1,-1,-1,-1
147,64,201,1014,59,29,1,-1,-1,-1
147,65,2079,968,61,34,1,-1,-1,-1
147,66,1965,964,55,42,1,-1,-1,-1
147,67,1767,969,84,38,1,-1,-1,-1
147,69,862,997,53,26,1,-1,-1,-1
147,70,558,1005,61,27,1,-1,-1,-1
147,71,1876,970,72,34,1,-1,-1,-1
147,72,1988,965,64,40,1,-1,-1,-1
147,73,1446,975,64,36,1,-1,-1,-1
147,74,2193,959,44,44,1,-1,-1,-1
147,75,668,1000,64,32,1,-1,-1,-1
147,76,1373,988,60,28,1,-1,-1,-1
147,77,2161,958,76,44,1,-1,-1,-1
147,78,2004,970,60,36,1,-1,-1,-1
147,79,202,1012,60,28,1,-1,-1,-1
147,80,1542,978,76,38,1,-1,-1,-1
147,81,1375,981,60,36,1,-1,-1,-1
147,82,1447,983,61,34,1,-1,-1,-1
147,83,921,996,52,28,1,-1,-1,-1
147,84,865,995,48,28,1,-1,-1,-1
147,85,2062,966,64,36,1,-1,-1,-1
147,86,1444,981,72,36,1,-1,-1,-1
147,87,2008,968,48,36,1,-1,-1,-1
147,88,1772,968,80,40,1,-1,-1,-1
147,89,1892,968,64,36,1,-1,-1,-1
147,90,2390,946,109,46,1,-1,-1,-1
147,91,2145,957,52,48,1,-1,-1,-1
147,92,1461,984,60,32,1,-1,-1,-1
147,93,2153,953,52,48,1,-1,-1,-1
147,94,2409,951,88,44,1,-1,-1,-1
148,4,865,992,52,32,1,-1,-1,-1
148,7,1540,975,76,42,1,-1,-1,-1
148,9,2239,960,84,46,1,-1,-1,-1
148,12,2400,949,95,50,1,-1,-1,-1
148,14,2074,966,56,40,1,-1,-1,-1
148,19,1872,969,40,33,1,-1,-1,-1
148,21,866,995,51,25,1,-1,-1,-1
148,25,1377,985,56,32,1,-1,-1,-1
148,26,2249,959,68,44,1,-1,-1,-1
148,27,1455,975,72,36,1,-1,-1,-1
148,28,2162,958,76,44,1,-1,-1,-1
148,30,1869,966,64,40,1,-1,-1,-1
148,31,2157,957,84,48,1,-1,-1,-1
148,33,1480,979,48,32,1,-1,-1,-1
148,34,1870,968,80,38,1,-1,-1,-1
148,35,1548,974,76,38,1,-1,-1,-1
148,36,561,1006,57,27,1,-1,-1,-1
148,37,2233,960,87,36,1,-1,-1,-1
148,38,2336,948,56,52,1,-1,-1,-1
148,43,869,996,59,34,1,-1,-1,-1
148,44,1774,970,88,42,1,-1,-1,-1
148,46,1977,961,76,42,1,-1,-1,-1
148,48,940,993,44,32,1,-1,-1,-1
148,49,674,1001,60,28,1,-1,-1,-1
148,50,1873,967,60,36,1,-1,-1,-1
148,52,1974,961,42,46,1,-1,-1,-1
148,53,2074,964,72,40,1,-1,-1,-1
148,54,2046,964,42,42,1,-1,-1,-1
148,55,558,1004,60,24,1,-1,-1,-1
148,57,1382,988,56,32,1,-1,-1,-1
148,59,2064,965,62,36,1,-1,-1,-1
148,60,673,997,68,28,1,-1,-1,-1
148,61,558,1004,61,27,1,-1,-1,-1
148,63,2444,950,64,48,1,-1,-1,-1
148,64,207,1014,59,29,1,-1,-1,-1
148,65,2084,967,61,34,1,-1,-1,-1
148,66,1969,963,55,42,1,-1,-1,-1
148,67,1772,969,84,38,1,-1,-1,-1
148,69,867,996,53,26,1,-1,-1,-1
148,70,563,1004,61,27,1,-1,-1,-1
148,71,1880,969,72,34,1,-1,-1,-1
148,72,1993,964,64,40,1,-1,-1,-1
148,73,1452,975,64,36,1,-1,-1,-1
148,74,2199,958,44,44,1,-1,-1,-1
148,75,674,999,64,32,1,-1,-1,-1
148,76,1378,987,60,28,1,-1,-1,-1
148,77,2167,957,76,44,1,-1,-1,-1
148,78,2008,968,63,38,1,-1,-1,-1
148,79,208,1011,60,28,1,-1,-1,-1
148,80,1546,978,76,38,1,-1,-1,-1
148,81,1381,981,60,36,1,-1,-1,-1
148,82,1453,983,61,34,1,-1,-1,-1
148,83,927,995,52,28,1,-1,-1,-1
148,84,870,995,48,28,1,-1,-1,-1
148,85,2067,965,64,36,1,-1,-1,-1
148,86,1450,981,72,36,1,-1,-1,-1
148,87,2013,967,48,36,1,-1,-1,-1
148,88,1778,968,80,40,1,-1,-1,-1
148,89,1896,967,64,36,1,-1,-1,-1
148,90,2397,946,109,46,1,-1,-1,-1
148,91,2150,956,52,48,1,-1,-1,-1
148,92,1467,983,60,32,1,-1,-1,-1
148,93,2158,952,52,48,1,-1,-1,-1
148,94,2416,950,88,44,1,-1,-1,-1
149,4,868,992,52,32,1,-1,-1,-1
149,7,1542,975,76,42,1,-1,-1,-1
149,9,2241,960,84,46,1,-1,-1,-1
149,12,2401,949,95,50,1,-1,-1,-1
149,14,2076,965,56,40,1,-1,-1,-1
149,19,1875,968,40,33,1,-1,-1,-1
149,21,869,994,53,27,1,-1,-1,-1
149,25,1380,984,56,32,1,-1,-1,-1
149,26,2251,958,68,44,1,-1,-1,-1
149,27,1458,974,72,36,1,-1,-1,-1
149,28,2163,957,76,44,1,-1,-1,-1
149,30,1873,966,64,40,1,-1,-1,-1
149,31,2161,957,80,46,1,-1,-1,-1
149,33,1483,978,48,32,1,-1,-1,-1
149,34,1872,967,80,38,1,-1,-1,-1
149,35,1550,974,76,38,1,-1,-1,-1
149,36,564,1006,54,25,1,-1,-1,-1
149,37,2234,960,87,36,1,-1,-1,-1
149,38,2338,948,56,52,1,-1,-1,-1
149,43,872,995,59,34,1,-1,-1,-1
149,44,1776,969,88,42,1,-1,-1,-1
149,46,1979,961,76,42,1,-1,-1,-1
149,48,944,992,44,32,1,-1,-1,-1
149,49,678,1000,60,28,1,-1,-1,-1
149,50,1875,967,60,36,1,-1,-1,-1
149,52,1976,961,42,46,1,-1,-1,-1
149,53,2076,963,72,40,1,-1,-1,-1
149,54,2049,964,42,42,1,-1,-1,-1
149,55,560,1003,60,24,1,-1,-1,-1
149,57,1384,987,56,32,1,-1,-1,-1
149,59,2066,964,62,36,1,-1,-1,-1
149,60,676,997,68,28,1,-1,-1,-1
149,61,559,1003,61,27,1,-1,-1,-1
149,63,2447,949,64,48,1,-1,-1,-1
149,64,212,1013,59,29,1,-1,-1,-1
149,65,2086,966,61,34,1,-1,-1,-1
149,66,1971,962,55,42,1,-1,-1,-1
149,67,1774,968,84,38,1,-1,-1,-1
149,69,869,996,53,26,1,-1,-1,-1
149,70,565,1004,61,27,1,-1,-1,-1
149,71,1884,970,69,33,1,-1,-1,-1
149,72,1995,964,64,40,1,-1,-1,-1
149,73,1454,974,64,36,1,-1,-1,-1
149,74,2201,957,44,44,1,-1,-1,-1
149,75,678,999,61,30,1,-1,-1,-1
149,76,1380,987,60,28,1,-1,-1,-1
149,77,2169,956,76,44,1,-1,-1,-1
149,78,2009,968,63,38,1,-1,-1,-1
149,79,210,1011,60,28,1,-1,-1,-1
149,80,1550,977,76,38,1,-1,-1,-1
149,81,1383,980,60,36,1,-1,-1,-1
149,82,1455,981,61,34,1,-1,-1,-1
149,83,930,994,52,28,1,-1,-1,-1
149,84,873,994,48,28,1,-1,-1,-1
149,85,2069,965,64,36,1,-1,-1,-1
149,86,1452,980,72,36,1,-1,-1,-1
149,87,2014,967,48,36,1,-1,-1,-1
149,88,1780,967,80,40,1,-1,-1,-1
149,89,1898,967,64,36,1,-1,-1,-1
149,90,2398,945,109,46,1,-1,-1,-1
149,91,2152,956,52,48,1,-1,-1,-1
149,92,1469,983,60,32,1,-1,-1,-1
149,93,2158,950,55,50,1,-1,-1,-1
149,94,2417,950,88,44,1,-1,-1,-1
150,4,873,991,52,32,1,-1,-1,-1
150,7,1548,974,76,42,1,-1,-1,-1
150,9,2249,961,80,44,1,-1,-1,-1
150,12,2409,948,95,50,1,-1,-1,-1
150,14,2078,964,56,40,1,-1,-1,-1
150,19,1880,968,40,33,1,-1,-1,-1
150,21,873,993,53,27,1,-1,-1,-1
150,25,1385,984,56,32,1,-1,-1,-1
150,26,2256,958,68,44,1,-1,-1,-1
150,27,1463,974,72,36,1,-1,-1,-1
150,28,2167,957,76,44,1,-1,-1,-1
150,30,1877,967,64,40,1,-1,-1,-1
150,31,2166,956,80,46,1,-1,-1,-1
150,33,1488,977,48,32,1,-1,-1,-1
150,34,1878,967,80,38,1,-1,-1,-1
150,35,1555,974,76,38,1,-1,-1,-1
150,36,570,1006,54,25,1,-1,-1,-1
150,37,2240,960,87,36,1,-1,-1,-1
150,38,2341,947,56,52,1,-1,-1,-1
150,43,876,994,62,35,1,-1,-1,-1
150,44,1782,968,88,42,1,-1,-1,-1
150,46,1984,961,76,42,1,-1,-1,-1
150,48,949,992,44,32,1,-1,-1,-1
150,49,681,1000,60,28,1,-1,-1,-1
150,50,1880,967,60,36,1,-1,-1,-1
150,52,1980,960,42,46,1,-1,-1,-1
150,53,2080,962,76,42,1,-1,-1,-1
150,54,2052,964,42,42,1,-1,-1,-1
150,55,566,1003,60,24,1,-1,-1,-1
150,57,1389,986,56,32,1,-1,-1,-1
150,59,2070,965,62,36,1,-1,-1,-1
150,60,680,997,68,28,1,-1,-1,-1
150,61,565,1002,61,27,1,-1,-1,-1
150,63,2453,949,64,48,1,-1,-1,-1
150,64,216,1012,59,29,1,-1,-1,-1
150,65,2088,965,61,34,1,-1,-1,-1
150,66,1976,962,55,42,1,-1,-1,-1
150,67,1779,966,88,40,1,-1,-1,-1
150,69,875,995,53,26,1,-1,-1,-1
150,70,572,1004,58,25,1,-1,-1,-1
150,71,1889,970,69,33,1,-1,-1,-1
150,72,2000,964,64,40,1,-1,-1,-1
150,73,1460,974,64,36,1,-1,-1,-1
150,74,2206,956,44,44,1,-1,-1,-1
150,75,684,1000,61,30,1,-1,-1,-1
150,76,1384,986,63,29,1,-1,-1,-1
150,77,2174,956,76,44,1,-1,-1,-1
150,78,2014,968,63,38,1,-1,-1,-1
150,79,217,1011,60,28,1,-1,-1,-1
150,80,1554,976,76,38,1,-1,-1,-1
150,81,1387,979,60,36,1,-1,-1,-1
150,82,1461,981,61,34,1,-1,-1,-1
150,83,935,993,52,28,1,-1,-1,-1
150,84,878,993,48,28,1,-1,-1,-1
150,85,2072,964,64,36,1,-1,-1,-1
150,86,1458,980,72,36,1,-1,-1,-1
150,87,2019,966,48,36,1,-1,-1,-1
150,88,1786,966,80,40,1,-1,-1,-1
150,89,1903,966,64,36,1,-1,-1,-1
150,90,2405,944,109,46,1,-1,-1,-1
150,91,2155,956,52,48,1,-1,-1,-1
150,92,1475,983,60,32,1,-1,-1,-1
150,93,2161,950,55,50,1,-1,-1,-1
150,94,2427,951,84,42,1,-1,-1,-1
151,4,873,991,52,32,1,-1,-1,-1
151,7,1547,974,76,42,1,-1,-1,-1
151,9,2249,961,80,44,1,-1,-1,-1
151,12,2409,948,95,50,1,-1,-1,-1
151,14,2078,964,56,40,1,-1,-1,-1
151,19,1880,969,40,33,1,-1,-1,-1
151,21,873,992,53,27,1,-1,-1,-1
151,25,1384,984,56,32,1,-1,-1,-1
151,26,2256,958,68,44,1,-1,-1,-1
151,27,1463,974,72,36,1,-1,-1,-1
151,28,2166,957,76,44,1,-1,-1,-1
151,30,1877,966,64,40,1,-1,-1,-1
151,31,2166,956,80,46,1,-1,-1,-1
151,33,1488,977,48,32,1,-1,-1,-1
151,34,1879,968,76,36,1,-1,-1,-1
151,35,1555,973,76,38,1,-1,-1,-1
151,36,570,1006,54,25,1,-1,-1,-1
151,37,2241,960,87,36,1,-1,-1,-1
151,38,2341,948,56,52,1,-1,-1,-1
151,43,876,994,62,35,1,-1,-1,-1
151,44,1782,968,88,42,1,-1,-1,-1
151,46,1984,961,76,42,1,-1,-1,-1
151,48,950,991,44,32,1,-1,-1,-1
151,49,682,1000,60,28,1,-1,-1,-1
151,50,1880,966,60,36,1,-1,-1,-1
151,52,1980,960,42,46,1,-1,-1,-1
151,53,2080,963,72,40,1,-1,-1,-1
151,54,2053,964,42,42,1,-1,-1,-1
151,55,566,1003,60,24,1,-1,-1,-1
151,57,1389,986,56,32,1,-1,-1,-1
151,59,2071,964,62,36,1,-1,-1,-1
151,60,680,997,68,28,1,-1,-1,-1
151,61,565,1002,61,27,1,-1,-1,-1
151,63,2453,949,64,48,1,-1,-1,-1
151,64,215,1013,59,29,1,-1,-1,-1
151,65,2089,965,61,34,1,-1,-1,-1
151,66,1977,962,55,42,1,-1,-1,-1
151,67,1779,966,88,40,1,-1,-1,-1
151,69,875,995,53,26,1,-1,-1,-1
151,70,572,1004,58,25,1,-1,-1,-1
151,71,1889,970,69,33,1,-1,-1,-1
151,72,1999,963,64,40,1,-1,-1,-1
151,73,1460,974,64,36,1,-1,-1,-1
151,74,2207,956,44,44,1,-1,-1,-1
151,75,684,1000,61,30,1,-1,-1,-1
151,76,1385,986,63,29,1,-1,-1,-1
151,77,2173,956,76,44,1,-1,-1,-1
151,78,2014,968,63,38,1,-1,-1,-1
151,79,217,1010,60,28,1,-1,-1,-1
151,80,1555,976,76,38,1,-1,-1,-1
151,81,1388,979,60,36,1,-1,-1,-1
151,82,1461,981,61,34,1,-1,-1,-1
151,83,935,993,52,28,1,-1,-1,-1
151,84,878,993,48,28,1,-1,-1,-1
151,85,2073,964,64,36,1,-1,-1,-1
151,86,1458,979,72,36,1,-1,-1,-1
151,87,2019,966,48,36,1,-1,-1,-1
151,88,1785,966,80,40,1,-1,-1,-1
151,89,1902,966,64,36,1,-1,-1,-1
151,90,2407,945,104,44,1,-1,-1,-1
151,91,2155,956,52,48,1,-1,-1,-1
151,92,1474,982,60,32,1,-1,-1,-1
151,93,2162,949,55,50,1,-1,-1,-1
151,94,2427,951,84,42,1,-1,-1,-1
152,4,877,990,52,32,1,-1,-1,-1
152,7,1553,973,76,42,1,-1,-1,-1
152,9,2252,959,80,44,1,-1,-1,-1
152,12,2415,948,95,50,1,-1,-1,-1
152,14,2083,963,56,40,1,-1,-1,-1
152,19,1885,968,40,33,1,-1,-1,-1
152,21,879,992,53,27,1,-1,-1,-1
152,25,1389,983,56,32,1,-1,-1,-1
152,26,2260,957,68,44,1,-1,-1,-1
152,27,1468,974,72,36,1,-1,-1,-1
152,28,2171,956,76,44,1,-1,-1,-1
152,30,1881,966,64,40,1,-1,-1,-1
152,31,2170,956,80,46,1,-1,-1,-1
152,33,1493,977,48,32,1,-1,-1,-1
152,34,1883,967,76,36,1,-1,-1,-1
152,35,1561,972,76,38,1,-1,-1,-1
152,36,575,1005,54,25,1,-1,-1,-1
152,37,2243,958,87,36,1,-1,-1,-1
152,38,2343,946,56,52,1,-1,-1,-1
152,43,882,993,62,35,1,-1,-1,-1
152,44,1785,967,88,42,1,-1,-1,-1
152,46,1987,960,76,42,1,-1,-1,-1
152,48,954,991,44,32,1,-1,-1,-1
152,49,686,1000,60,28,1,-1,-1,-1
152,50,1884,966,60,36,1,-1,-1,-1
152,52,1984,960,42,46,1,-1,-1,-1
152,53,2084,961,76,42,1,-1,-1,-1
152,54,2057,963,42,42,1,-1,-1,-1
152,55,571,1002,60,24,1,-1,-1,-1
152,57,1395,985,56,32,1,-1,-1,-1
152,59,2074,963,62,36,1,-1,-1,-1
152,60,685,996,68,28,1,-1,-1,-1
152,61,570,1002,61,27,1,-1,-1,-1
152,63,2459,948,64,48,1,-1,-1,-1
152,64,221,1012,59,29,1,-1,-1,-1
152,65,2094,965,61,34,1,-1,-1,-1
152,66,1980,962,55,42,1,-1,-1,-1
152,67,1783,966,84,38,1,-1,-1,-1
152,69,880,994,53,26,1,-1,-1,-1
152,70,577,1003,58,25,1,-1,-1,-1
152,71,1895,970,69,33,1,-1,-1,-1
152,72,2003,963,64,40,1,-1,-1,-1
152,73,1465,973,64,36,1,-1,-1,-1
152,74,2211,954,44,44,1,-1,-1,-1
152,75,688,999,61,30,1,-1,-1,-1
152,76,1389,985,63,29,1,-1,-1,-1
152,77,2179,955,76,44,1,-1,-1,-1
152,78,2018,967,63,38,1,-1,-1,-1
152,79,223,1010,60,28,1,-1,-1,-1
152,80,1559,975,76,38,1,-1,-1,-1
152,81,1393,978,60,36,1,-1,-1,-1
152,82,1466,981,61,34,1,-1,-1,-1
152,83,941,992,52,28,1,-1,-1,-1
152,84,882,992,50,29,1,-1,-1,-1
152,85,2077,963,64,36,1,-1,-1,-1
152,86,1463,979,72,36,1,-1,-1,-1
152,87,2023,965,48,36,1,-1,-1,-1
152,88,1789,965,80,40,1,-1,-1,-1
152,89,1907,966,64,36,1,-1,-1,-1
152,90,2417,946,99,42,1,-1,-1,-1
152,91,2159,955,52,48,1,-1,-1,-1
152,92,1479,982,60,32,1,-1,-1,-1
152,93,2166,949,55,50,1,-1,-1,-1
152,94,2433,951,84,42,1,-1,-1,-1
153,4,877,990,52,32,1,-1,-1,-1
153,9,2252,959,80,44,1,-1,-1,-1
153,12,2415,948,95,50,1,-1,-1,-1
153,14,2083,963,56,40,1,-1,-1,-1
153,19,1885,968,40,33,1,-1,-1,-1
153,21,879,992,53,27,1,-1,-1,-1
153,25,1392,984,52,28,1,-1,-1,-1
153,26,2260,957,68,44,1,-1,-1,-1
153,27,1468,974,72,36,1,-1,-1,-1
153,28,2171,956,76,44,1,-1,-1,-1
153,30,1881,966,64,40,1,-1,-1,-1
153,31,2170,956,80,46,1,-1,-1,-1
153,33,1484,976,56,36,1,-1,-1,-1
153,34,1888,964,76,40,1,-1,-1,-1
153,35,1568,972,64,36,1,-1,-1,-1
153,36,575,1005,54,25,1,-1,-1,-1
153,37,2243,958,87,36,1,-1,-1,-1
153,38,2343,946,56,52,1,-1,-1,-1
153,43,882,993,62,35,1,-1,-1,-1
153,44,1852,972,28,32,1,-1,-1,-1
153,46,1987,960,76,42,1,-1,-1,-1
153,48,954,991,44,32,1,-1,-1,-1
153,49,686,1000,60,28,1,-1,-1,-1
153,50,1884,966,60,36,1,-1,-1,-1
153,53,2092,960,60,36,1,-1,-1,-1
153,55,571,1002,60,24,1,-1,-1,-1
153,57,1395,985,56,32,1,-1,-1,-1
153,59,2074,963,62,36,1,-1,-1,-1
153,60,685,996,68,28,1,-1,-1,-1
153,61,570,1002,61,27,1,-1,-1,-1
153,63,2459,948,64,48,1,-1,-1,-1
153,64,221,1012,59,29,1,-1,-1,-1
153,65,2094,965,61,34,1,-1,-1,-1
153,66,1980,962,55,42,1,-1,-1,-1
153,67,1783,966,84,38,1,-1,-1,-1
153,69,880,994,53,26,1,-1,-1,-1
153,70,584,1000,52,28,1,-1,-1,-1
153,71,1895,970,69,33,1,-1,-1,-1
153,72,2003,963,64,40,1,-1,-1,-1
153,73,1465,973,64,36,1,-1,-1,-1
153,74,2211,954,44,44,1,-1,-1,-1
153,75,688,999,61,30,1,-1,-1,-1
153,76,1389,985,63,29,1,-1,-1,-1
153,77,2179,955,76,44,1,-1,-1,-1
153,78,2018,967,63,38,1,-1,-1,-1
153,79,224,1008,56,28,1,-1,-1,-1
153,80,1559,975,76,38,1,-1,-1,-1
153,81,1393,978,60,36,1,-1,-1,-1
153,82,1466,981,61,34,1,-1,-1,-1
153,83,941,992,52,28,1,-1,-1,-1
153,84,882,992,50,29,1,-1,-1,-1
153,85,2077,963,64,36,1,-1,-1,-1
153,86,1463,979,72,36,1,-1,-1,-1
153,87,2023,965,48,36,1,-1,-1,-1
153,88,1792,968,84,36,1,-1,-1,-1
153,89,1907,966,64,36,1,-1,-1,-1
153,90,2417,946,99,42,1,-1,-1,-1
153,91,2159,955,52,48,1,-1,-1,-1
153,92,1479,982,60,32,1,-1,-1,-1
153,93,2166,949,55,50,1,-1,-1,-1
153,94,2433,951,84,42,1,-1,-1,-1
153,95,692,1000,64,24,1,-1,-1,-1
153,96,2264,952,72,44,1,-1,-1,-1
153,97,2440,948,84,44,1,-1,-1,-1
153,98,960,988,44,32,1,-1,-1,-1
153,99,888,992,60,28,1,-1,-1,-1
154,4,885,990,52,32,1,-1,-1,-1
154,9,2259,958,80,44,1,-1,-1,-1
154,12,2424,947,95,50,1,-1,-1,-1
154,14,2089,962,56,40,1,-1,-1,-1
154,19,1889,966,42,34,1,-1,-1,-1
154,21,884,991,56,28,1,-1,-1,-1
154,25,1397,984,52,28,1,-1,-1,-1
154,26,2266,956,68,44,1,-1,-1,-1
154,27,1475,973,72,36,1,-1,-1,-1
154,28,2178,956,76,44,1,-1,-1,-1
154,30,1887,965,64,40,1,-1,-1,-1
154,31,2177,955,80,46,1,-1,-1,-1
154,33,1489,975,56,36,1,-1,-1,-1
154,34,1891,963,76,40,1,-1,-1,-1
154,35,1574,972,64,36,1,-1,-1,-1
154,36,582,1005,54,25,1,-1,-1,-1
154,37,2251,958,87,36,1,-1,-1,-1
154,38,2350,944,56,52,1,-1,-1,-1
154,43,889,993,62,35,1,-1,-1,-1
154,44,1856,972,28,32,1,-1,-1,-1
154,46,1994,959,76,42,1,-1,-1,-1
154,48,962,991,44,32,1,-1,-1,-1
154,49,693,999,60,28,1,-1,-1,-1
154,50,1890,965,60,36,1,-1,-1,-1
154,53,2096,960,60,36,1,-1,-1,-1
154,55,578,1001,60,24,1,-1,-1,-1
154,57,1401,985,56,32,1,-1,-1,-1
154,59,2080,962,62,36,1,-1,-1,-1
154,60,692,995,68,28,1,-1,-1,-1
154,61,577,1002,61,27,1,-1,-1,-1
154,63,2468,948,64,48,1,-1,-1,-1
154,64,230,1011,59,29,1,-1,-1,-1
154,65,2099,964,61,34,1,-1,-1,-1
154,66,1984,961,55,42,1,-1,-1,-1
154,67,1791,965,84,38,1,-1,-1,-1
154,69,888,994,53,26,1,-1,-1,-1
154,70,589,1000,52,28,1,-1,-1,-1
154,71,1900,969,69,33,1,-1,-1,-1
154,72,2009,962,64,40,1,-1,-1,-1
154,73,1472,972,64,36,1,-1,-1,-1
154,74,2218,954,44,44,1,-1,-1,-1
154,75,694,998,61,30,1,-1,-1,-1
154,76,1396,985,63,29,1,-1,-1,-1
154,77,2186,955,76,44,1,-1,-1,-1
154,78,2023,966,63,38,1,-1,-1,-1
154,79,230,1008,56,28,1,-1,-1,-1
154,80,1567,975,76,38,1,-1,-1,-1
154,81,1400,978,60,36,1,-1,-1,-1
154,82,1473,980,61,34,1,-1,-1,-1
154,83,949,992,52,28,1,-1,-1,-1
154,84,889,991,50,29,1,-1,-1,-1
154,85,2082,962,64,36,1,-1,-1,-1
154,86,1469,978,72,36,1,-1,-1,-1
154,87,2028,965,48,36,1,-1,-1,-1
154,88,1798,967,84,36,1,-1,-1,-1
154,89,1913,965,64,36,1,-1,-1,-1
154,90,2426,945,99,42,1,-1,-1,-1
154,91,2165,954,52,48,1,-1,-1,-1
154,92,1487,982,60,32,1,-1,-1,-1
154,93,2172,948,55,50,1,-1,-1,-1
154,94,2441,950,84,42,1,-1,-1,-1
154,95,697,999,64,24,1,-1,-1,-1
154,96,2269,952,72,44,1,-1,-1,-1
154,97,2446,947,84,44,1,-1,-1,-1
154,98,965,988,44,32,1,-1,-1,-1
154,99,893,992,60,28,1,-1,-1,-1
155,4,886,990,52,32,1,-1,-1,-1
155,9,2260,957,80,44,1,-1,-1,-1
155,12,2423,947,95,50,1,-1,-1,-1
155,14,2089,962,56,40,1,-1,-1,-1
155,19,1889,966,42,34,1,-1,-1,-1
155,21,885,991,56,28,1,-1,-1,-1
155,25,1398,985,52,28,1,-1,-1,-1
155,26,2266,956,68,44,1,-1,-1,-1
155,27,1475,972,72,36,1,-1,-1,-1
155,28,2178,955,76,44,1,-1,-1,-1
155,30,1887,965,64,40,1,-1,-1,-1
155,31,2177,955,80,46,1,-1,-1,-1
155,33,1489,976,56,36,1,-1,-1,-1
155,34,1892,963,76,40,1,-1,-1,-1
155,35,1574,973,64,36,1,-1,-1,-1
155,36,582,1004,54,25,1,-1,-1,-1
155,37,2251,958,87,36,1,-1,-1,-1
155,38,2350,944,56,52,1,-1,-1,-1
155,43,889,993,62,35,1,-1,-1,-1
155,44,1856,972,28,32,1,-1,-1,-1
155,46,1991,958,79,44,1,-1,-1,-1
155,48,962,991,44,32,1,-1,-1,-1
155,49,692,998,63,29,1,-1,-1,-1
155,50,1890,965,60,36,1,-1,-1,-1
155,53,2096,960,60,36,1,-1,-1,-1
155,55,578,1001,60,24,1,-1,-1,-1
155,57,1401,985,56,32,1,-1,-1,-1
155,59,2080,962,62,36,1,-1,-1,-1
155,60,692,994,68,28,1,-1,-1,-1
155,61,577,1001,61,27,1,-1,-1,-1
155,63,2469,948,64,48,1,-1,-1,-1
155,64,231,1011,59,29,1,-1,-1,-1
155,65,2100,964,61,34,1,-1,-1,-1
155,66,1984,961,55,42,1,-1,-1,-1
155,67,1793,966,80,36,1,-1,-1,-1
155,69,888,994,53,26,1,-1,-1,-1
155,70,589,1000,52,28,1,-1,-1,-1
155,71,1900,968,69,33,1,-1,-1,-1
155,72,2009,961,64,40,1,-1,-1,-1
155,73,1472,972,64,36,1,-1,-1,-1
155,74,2218,954,44,44,1,-1,-1,-1
155,75,696,998,61,30,1,-1,-1,-1
155,76,1397,985,63,29,1,-1,-1,-1
155,77,2186,954,76,44,1,-1,-1,-1
155,78,2023,966,63,38,1,-1,-1,-1
155,79,230,1008,56,28,1,-1,-1,-1
155,80,1567,974,76,38,1,-1,-1,-1
155,81,1400,978,60,36,1,-1,-1,-1
155,82,1472,980,61,34,1,-1,-1,-1
155,83,949,992,52,28,1,-1,-1,-1
155,84,890,991,50,29,1,-1,-1,-1
155,85,2082,962,64,36,1,-1,-1,-1
155,86,1470,978,72,36,1,-1,-1,-1
155,87,2028,964,48,36,1,-1,-1,-1
155,88,1798,967,84,36,1,-1,-1,-1
155,89,1913,965,64,36,1,-1,-1,-1
155,90,2426,945,99,42,1,-1,-1,-1
155,91,2165,953,52,48,1,-1,-1,-1
155,92,1487,981,60,32,1,-1,-1,-1
155,93,2172,947,55,50,1,-1,-1,-1
155,94,2442,950,84,42,1,-1,-1,-1
155,95,697,999,64,24,1,-1,-1,-1
155,96,2269,952,72,44,1,-1,-1,-1
155,97,2447,948,84,44,1,-1,-1,-1
155,98,966,988,44,32,1,-1,-1,-1
155,99,893,992,60,28,1,-1,-1,-1
156,4,891,990,52,32,1,-1,-1,-1
156,9,2265,957,80,44,1,-1,-1,-1
156,12,2428,945,95,50,1,-1,-1,-1
156,14,2094,962,56,40,1,-1,-1,-1
156,19,1893,965,42,34,1,-1,-1,-1
156,21,890,991,56,28,1,-1,-1,-1
156,25,1403,985,52,28,1,-1,-1,-1
156,26,2272,956,68,44,1,-1,-1,-1
156,27,1480,972,72,36,1,-1,-1,-1
156,28,2182,954,80,46,1,-1,-1,-1
156,30,1891,964,64,40,1,-1,-1,-1
156,31,2181,955,80,46,1,-1,-1,-1
156,33,1495,976,56,36,1,-1,-1,-1
156,34,1897,963,76,40,1,-1,-1,-1
156,35,1579,972,64,36,1,-1,-1,-1
156,36,586,1004,54,25,1,-1,-1,-1
156,37,2255,957,87,36,1,-1,-1,-1
156,38,2355,945,56,52,1,-1,-1,-1
156,43,895,993,62,35,1,-1,-1,-1
156,44,1861,972,28,32,1,-1,-1,-1
156,46,1996,959,76,42,1,-1,-1,-1
156,48,968,991,44,32,1,-1,-1,-1
156,49,697,998,63,29,1,-1,-1,-1
156,50,1895,965,60,36,1,-1,-1,-1
156,53,2101,960,60,36,1,-1,-1,-1
156,55,584,1000,60,24,1,-1,-1,-1
156,57,1407,985,56,32,1,-1,-1,-1
156,59,2085,961,62,36,1,-1,-1,-1
156,60,697,994,68,28,1,-1,-1,-1
156,61,582,1001,61,27,1,-1,-1,-1
156,63,2475,947,64,48,1,-1,-1,-1
156,64,235,1010,62,31,1,-1,-1,-1
156,65,2105,963,61,34,1,-1,-1,-1
156,66,1988,960,55,42,1,-1,-1,-1
156,67,1798,965,80,36,1,-1,-1,-1
156,69,894,994,53,26,1,-1,-1,-1
156,70,594,1000,52,28,1,-1,-1,-1
156,71,1904,968,69,33,1,-1,-1,-1
156,72,2013,961,64,40,1,-1,-1,-1
156,73,1478,972,64,36,1,-1,-1,-1
156,74,2223,954,44,44,1,-1,-1,-1
156,75,698,997,61,30,1,-1,-1,-1
156,76,1401,985,63,29,1,-1,-1,-1
156,77,2189,954,76,44,1,-1,-1,-1
156,78,2027,965,63,38,1,-1,-1,-1
156,79,236,1008,56,28,1,-1,-1,-1
156,80,1573,974,76,38,1,-1,-1,-1
156,81,1405,978,60,36,1,-1,-1,-1
156,82,1479,980,61,34,1,-1,-1,-1
156,83,954,992,52,28,1,-1,-1,-1
156,84,895,991,50,29,1,-1,-1,-1
156,85,2087,962,64,36,1,-1,-1,-1
156,86,1474,977,76,38,1,-1,-1,-1
156,87,2032,964,48,36,1,-1,-1,-1
156,88,1802,967,84,36,1,-1,-1,-1
156,89,1917,965,64,36,1,-1,-1,-1
156,90,2433,944,99,42,1,-1,-1,-1
156,91,2171,954,52,48,1,-1,-1,-1
156,92,1493,981,60,32,1,-1,-1,-1
156,93,2177,947,55,50,1,-1,-1,-1
156,94,2448,949,84,42,1,-1,-1,-1
156,95,702,999,64,24,1,-1,-1,-1
156,96,2274,952,72,44,1,-1,-1,-1
156,97,2453,947,84,44,1,-1,-1,-1
156,98,971,988,44,32,1,-1,-1,-1
156,99,898,992,63,29,1,-1,-1,-1
157,4,895,990,52,32,1,-1,-1,-1
157,9,2267,957,80,44,1,-1,-1,-1
157,12,2433,946,95,50,1,-1,-1,-1
157,14,2098,962,56,40,1,-1,-1,-1
157,19,1895,964,42,34,1,-1,-1,-1
157,21,894,992,56,28,1,-1,-1,-1
157,25,1406,984,52,28,1,-1,-1,-1
157,26,2274,956,68,44,1,-1,-1,-1
157,27,1482,971,72,36,1,-1,-1,-1
157,28,2185,954,80,46,1,-1,-1,-1
157,30,1894,964,64,40,1,-1,-1,-1
157,31,2185,954,80,46,1,-1,-1,-1
157,33,1498,976,56,36,1,-1,-1,-1
157,34,1898,963,76,40,1,-1,-1,-1
157,35,1582,972,64,36,1,-1,-1,-1
157,36,589,1003,57,27,1,-1,-1,-1
157,37,2257,956,87,36,1,-1,-1,-1
157,38,2358,945,56,52,1,-1,-1,-1
157,43,897,994,62,35,1,-1,-1,-1
157,44,1864,971,28,32,1,-1,-1,-1
157,46,1999,958,76,42,1,-1,-1,-1
157,48,972,991,44,32,1,-1,-1,-1
157,49,699,998,63,29,1,-1,-1,-1
157,50,1897,964,60,36,1,-1,-1,-1
157,53,2103,959,60,36,1,-1,-1,-1
157,55,585,1000,60,24,1,-1,-1,-1
157,57,1410,984,56,32,1,-1,-1,-1
157,59,2087,961,62,36,1,-1,-1,-1
157,60,699,994,68,28,1,-1,-1,-1
157,61,585,1000,61,27,1,-1,-1,-1
157,63,2479,947,64,48,1,-1,-1,-1
157,64,239,1009,62,31,1,-1,-1,-1
157,65,2108,964,61,34,1,-1,-1,-1
157,66,1990,960,55,42,1,-1,-1,-1
157,67,1799,965,80,36,1,-1,-1,-1
157,69,896,994,56,28,1,-1,-1,-1
157,70,598,1000,52,28,1,-1,-1,-1
157,71,1906,967,69,33,1,-1,-1,-1
157,72,2015,961,64,40,1,-1,-1,-1
157,73,1481,972,61,34,1,-1,-1,-1
157,74,2226,954,44,44,1,-1,-1,-1
157,75,701,997,61,30,1,-1,-1,-1
157,76,1405,984,63,29,1,-1,-1,-1
157,77,2193,953,76,44,1,-1,-1,-1
157,78,2029,965,63,38,1,-1,-1,-1
157,79,240,1008,56,28,1,-1,-1,-1
157,80,1575,974,76,38,1,-1,-1,-1
157,81,1408,977,60,36,1,-1,-1,-1
157,82,1478,978,64,36,1,-1,-1,-1
157,83,959,994,50,27,1,-1,-1,-1
157,84,899,992,50,29,1,-1,-1,-1
157,85,2090,962,64,36,1,-1,-1,-1
157,86,1475,977,76,38,1,-1,-1,-1
157,87,2035,963,48,36,1,-1,-1,-1
157,88,1804,967,84,36,1,-1,-1,-1
157,89,1921,965,64,36,1,-1,-1,-1
157,90,2431,943,104,44,1,-1,-1,-1
157,91,2173,954,52,48,1,-1,-1,-1
157,92,1496,980,60,32,1,-1,-1,-1
157,93,2180,948,55,50,1,-1,-1,-1
157,94,2451,949,84,42,1,-1,-1,-1
157,95,704,999,64,24,1,-1,-1,-1
157,96,2277,952,72,44,1,-1,-1,-1
157,97,2456,946,84,44,1,-1,-1,-1
157,98,974,988,44,32,1,-1,-1,-1
157,99,900,992,63,29,1,-1,-1,-1
158,4,899,990,52,32,1,-1,-1,-1
158,9,2272,957,80,44,1,-1,-1,-1
158,12,2440,946,95,50,1,-1,-1,-1
158,14,2103,962,56,40,1,-1,-1,-1
158,19,1900,964,42,34,1,-1,-1,-1
158,21,899,992,56,28,1,-1,-1,-1
158,25,1411,984,52,28,1,-1,-1,-1
158,26,2280,955,68,44,1,-1,-1,-1
158,27,1489,971,72,36,1,-1,-1,-1
158,28,2191,955,80,46,1,-1,-1,-1
158,30,1899,963,64,40,1,-1,-1,-1
158,31,2190,955,80,46,1,-1,-1,-1
158,33,1503,976,56,36,1,-1,-1,-1
158,34,1904,963,76,40,1,-1,-1,-1
158,35,1587,972,64,36,1,-1,-1,-1
158,36,594,1002,57,27,1,-1,-1,-1
158,37,2264,956,87,36,1,-1,-1,-1
158,38,2363,946,56,52,1,-1,-1,-1
158,43,904,993,62,35,1,-1,-1,-1
158,44,1868,970,28,32,1,-1,-1,-1
158,46,2005,958,76,42,1,-1,-1,-1
158,48,978,990,44,32,1,-1,-1,-1
158,49,704,997,63,29,1,-1,-1,-1
158,50,1902,964,60,36,1,-1,-1,-1
158,53,2109,959,60,36,1,-1,-1,-1
158,55,591,1000,60,24,1,-1,-1,-1
158,57,1416,984,56,32,1,-1,-1,-1
158,59,2092,961,62,36,1,-1,-1,-1
158,60,705,993,68,28,1,-1,-1,-1
158,61,590,1001,61,27,1,-1,-1,-1
158,63,2485,947,64,48,1,-1,-1,-1
158,64,245,1010,62,31,1,-1,-1,-1
158,65,2114,963,61,34,1,-1,-1,-1
158,66,1995,959,55,42,1,-1,-1,-1
158,67,1805,965,80,36,1,-1,-1,-1
158,69,901,994,56,28,1,-1,-1,-1
158,70,602,1000,52,28,1,-1,-1,-1
158,71,1911,967,69,33,1,-1,-1,-1
158,72,2021,960,64,40,1,-1,-1,-1
158,73,1487,972,61,34,1,-1,-1,-1
158,74,2230,954,44,44,1,-1,-1,-1
158,75,706,996,64,32,1,-1,-1,-1
158,76,1411,984,63,29,1,-1,-1,-1
158,77,2198,954,76,44,1,-1,-1,-1
158,78,2035,965,63,38,1,-1,-1,-1
158,79,246,1007,56,28,1,-1,-1,-1
158,80,1580,974,76,38,1,-1,-1,-1
158,81,1414,977,57,34,1,-1,-1,-1
158,82,1485,978,64,36,1,-1,-1,-1
158,83,965,994,50,27,1,-1,-1,-1
158,84,904,992,50,29,1,-1,-1,-1
158,85,2095,961,67,38,1,-1,-1,-1
158,86,1482,977,76,38,1,-1,-1,-1
158,87,2040,963,48,36,1,-1,-1,-1
158,88,1810,966,84,36,1,-1,-1,-1
158,89,1924,964,64,36,1,-1,-1,-1
158,90,2440,943,104,44,1,-1,-1,-1
158,91,2179,954,52,48,1,-1,-1,-1
158,92,1502,981,57,30,1,-1,-1,-1
158,93,2186,948,55,50,1,-1,-1,-1
158,94,2458,949,84,42,1,-1,-1,-1
158,95,710,999,64,24,1,-1,-1,-1
158,96,2281,951,72,44,1,-1,-1,-1
158,97,2463,946,84,44,1,-1,-1,-1
158,98,980,988,44,32,1,-1,-1,-1
158,99,907,992,63,29,1,-1,-1,-1
159,4,900,990,52,32,1,-1,-1,-1
159,9,2272,957,80,44,1,-1,-1,-1
159,12,2440,946,95,50,1,-1,-1,-1
159,14,2103,962,56,40,1,-1,-1,-1
159,19,1900,964,42,34,1,-1,-1,-1
159,21,899,992,56,28,1,-1,-1,-1
159,25,1412,984,52,28,1,-1,-1,-1
159,26,2279,955,68,44,1,-1,-1,-1
159,27,1489,971,72,36,1,-1,-1,-1
159,28,2191,955,80,46,1,-1,-1,-1
159,30,1899,963,64,40,1,-1,-1,-1
159,31,2190,955,80,46,1,-1,-1,-1
159,33,1503,976,56,36,1,-1,-1,-1
159,34,1904,963,76,40,1,-1,-1,-1
159,35,1587,972,64,36,1,-1,-1,-1
159,36,594,1003,57,27,1,-1,-1,-1
159,37,2263,956,87,36,1,-1,-1,-1
159,38,2363,946,56,52,1,-1,-1,-1
159,43,903,993,62,35,1,-1,-1,-1
159,44,1869,970,28,32,1,-1,-1,-1
159,46,2004,958,76,42,1,-1,-1,-1
159,48,978,990,44,32,1,-1,-1,-1
159,49,704,997,63,29,1,-1,-1,-1
159,50,1902,964,60,36,1,-1,-1,-1
159,53,2109,959,60,36,1,-1,-1,-1
159,55,591,1001,60,24,1,-1,-1,-1
159,57,1415,984,56,32,1,-1,-1,-1
159,59,2093,961,62,36,1,-1,-1,-1
159,60,705,993,68,28,1,-1,-1,-1
159,61,590,1000,61,27,1,-1,-1,-1
159,63,2485,947,64,48,1,-1,-1,-1
159,64,245,1010,62,31,1,-1,-1,-1
159,65,2114,963,61,34,1,-1,-1,-1
159,66,1995,959,55,42,1,-1,-1,-1
159,67,1805,965,80,36,1,-1,-1,-1
159,69,902,993,56,28,1,-1,-1,-1
159,70,602,1000,52,28,1,-1,-1,-1
159,71,1911,967,69,33,1,-1,-1,-1
159,72,2020,960,64,40,1,-1,-1,-1
159,73,1486,971,64,36,1,-1,-1,-1
159,74,2230,954,44,44,1,-1,-1,-1
159,75,706,996,64,32,1,-1,-1,-1
159,76,1412,984,60,28,1,-1,-1,-1
159,77,2198,954,76,44,1,-1,-1,-1
159,78,2035,965,63,38,1,-1,-1,-1
159,79,246,1007,56,28,1,-1,-1,-1
159,80,1581,974,76,38,1,-1,-1,-1
159,81,1414,978,57,34,1,-1,-1,-1
159,82,1485,978,64,36,1,-1,-1,-1
159,83,966,993,50,27,1,-1,-1,-1
159,84,904,992,50,29,1,-1,-1,-1
159,85,2094,961,67,38,1,-1,-1,-1
159,86,1482,976,76,38,1,-1,-1,-1
159,87,2041,963,48,36,1,-1,-1,-1
159,88,1810,966,84,36,1,-1,-1,-1
159,89,1923,964,64,36,1,-1,-1,-1
159,90,2440,943,104,44,1,-1,-1,-1
159,91,2179,954,52,48,1,-1,-1,-1
159,92,1502,981,57,30,1,-1,-1,-1
159,93,2186,948,55,50,1,-1,-1,-1
159,94,2458,948,84,42,1,-1,-1,-1
159,95,710,999,64,24,1,-1,-1,-1
159,96,2282,951,72,44,1,-1,-1,-1
159,97,2463,946,84,44,1,-1,-1,-1
159,98,981,988,44,32,1,-1,-1,-1
159,99,907,992,63,29,1,-1,-1,-1
160,4,904,990,52,32,1,-1,-1,-1
160,9,2278,957,80,44,1,-1,-1,-1
160,12,2448,946,95,50,1,-1,-1,-1
160,14,2109,961,56,40,1,-1,-1,-1
160,19,1905,964,42,34,1,-1,-1,-1
160,21,904,991,56,28,1,-1,-1,-1
160,25,1417,984,52,28,1,-1,-1,-1
160,26,2284,954,68,44,1,-1,-1,-1
160,27,1495,971,72,36,1,-1,-1,-1
160,28,2196,954,80,46,1,-1,-1,-1
160,30,1905,963,64,40,1,-1,-1,-1
160,31,2197,956,80,46,1,-1,-1,-1
160,33,1508,975,56,36,1,-1,-1,-1
160,34,1909,963,76,40,1,-1,-1,-1
160,35,1593,972,64,36,1,-1,-1,-1
160,36,600,1002,57,27,1,-1,-1,-1
160,37,2270,955,87,36,1,-1,-1,-1
160,38,2367,946,59,55,1,-1,-1,-1
160,43,907,992,65,37,1,-1,-1,-1
160,44,1874,971,27,30,1,-1,-1,-1
160,46,2009,958,76,42,1,-1,-1,-1
160,48,984,989,44,32,1,-1,-1,-1
160,49,711,997,63,29,1,-1,-1,-1
160,50,1907,964,60,36,1,-1,-1,-1
160,53,2115,959,60,36,1,-1,-1,-1
160,55,597,1000,60,24,1,-1,-1,-1
160,57,1421,984,56,32,1,-1,-1,-1
160,59,2098,961,62,36,1,-1,-1,-1
160,60,711,993,68,28,1,-1,-1,-1
160,61,596,1000,61,27,1,-1,-1,-1
160,63,2490,947,64,48,1,-1,-1,-1
160,64,250,1010,62,31,1,-1,-1,-1
160,65,2119,963,61,34,1,-1,-1,-1
160,66,2001,959,55,42,1,-1,-1,-1
160,67,1812,965,80,36,1,-1,-1,-1
160,69,907,993,56,28,1,-1,-1,-1
160,70,608,1000,52,28,1,-1,-1,-1
160,71,1917,966,69,33,1,-1,-1,-1
160,72,2026,961,64,40,1,-1,-1,-1
160,73,1492,971,64,36,1,-1,-1,-1
160,74,2235,954,44,44,1,-1,-1,-1
160,75,712,997,61,30,1,-1,-1,-1
160,76,1416,983,63,29,1,-1,-1,-1
160,77,2203,954,76,44,1,-1,-1,-1
160,78,2040,965,63,38,1,-1,-1,-1
160,79,251,1008,56,28,1,-1,-1,-1
160,80,1585,974,76,38,1,-1,-1,-1
160,81,1421,978,57,34,1,-1,-1,-1
160,82,1491,978,64,36,1,-1,-1,-1
160,83,971,993,50,27,1,-1,-1,-1
160,84,909,992,50,29,1,-1,-1,-1
160,85,2101,960,67,38,1,-1,-1,-1
160,86,1488,976,76,38,1,-1,-1,-1
160,87,2045,963,48,36,1,-1,-1,-1
160,88,1816,967,84,36,1,-1,-1,-1
160,89,1929,964,64,36,1,-1,-1,-1
160,90,2445,943,104,44,1,-1,-1,-1
160,91,2184,954,52,48,1,-1,-1,-1
160,92,1507,981,57,30,1,-1,-1,-1
160,93,2191,947,55,50,1,-1,-1,-1
160,94,2465,948,84,42,1,-1,-1,-1
160,95,716,999,64,24,1,-1,-1,-1
160,96,2288,952,72,44,1,-1,-1,-1
160,97,2470,946,84,44,1,-1,-1,-1
160,98,987,987,44,32,1,-1,-1,-1
160,99,912,992,63,29,1,-1,-1,-1
161,4,904,990,52,32,1,-1,-1,-1
161,9,2278,957,80,44,1,-1,-1,-1
161,12,2448,946,95,50,1,-1,-1,-1
161,14,2109,961,56,40,1,-1,-1,-1
161,25,1420,984,52,28,1,-1,-1,-1
161,26,2284,954,68,44,1,-1,-1,-1
161,27,1495,971,72,36,1,-1,-1,-1
161,30,1905,963,64,40,1,-1,-1,-1
161,31,2197,956,80,46,1,-1,-1,-1
161,33,1508,975,56,36,1,-1,-1,-1
161,34,1909,963,76,40,1,-1,-1,-1
161,35,1593,972,64,36,1,-1,-1,-1
161,36,600,1002,57,27,1,-1,-1,-1
161,38,2367,946,59,55,1,-1,-1,-1
161,43,907,992,65,37,1,-1,-1,-1
161,44,1874,971,27,30,1,-1,-1,-1
161,46,2012,960,56,40,1,-1,-1,-1
161,48,984,989,44,32,1,-1,-1,-1
161,49,711,997,63,29,1,-1,-1,-1
161,50,1908,960,52,40,1,-1,-1,-1
161,53,2115,959,60,36,1,-1,-1,-1
161,55,600,996,60,28,1,-1,-1,-1
161,57,1421,984,56,32,1,-1,-1,-1
161,59,2098,961,62,36,1,-1,-1,-1
161,60,712,996,64,24,1,-1,-1,-1
161,61,596,1000,61,27,1,-1,-1,-1
161,63,2490,947,64,48,1,-1,-1,-1
161,64,250,1010,62,31,1,-1,-1,-1
161,65,2119,963,61,34,1,-1,-1,-1
161,66,2001,959,55,42,1,-1,-1,-1
161,67,1816,964,72,36,1,-1,-1,-1
161,69,908,992,56,28,1,-1,-1,-1
161,70,608,1000,52,28,1,-1,-1,-1
161,71,1917,966,69,33,1,-1,-1,-1
161,72,2026,961,64,40,1,-1,-1,-1
161,73,1492,971,64,36,1,-1,-1,-1
161,74,2235,954,44,44,1,-1,-1,-1
161,75,712,997,61,30,1,-1,-1,-1
161,76,1416,983,63,29,1,-1,-1,-1
161,77,2203,954,76,44,1,-1,-1,-1
161,78,2040,965,63,38,1,-1,-1,-1
161,79,260,1008,52,28,1,-1,-1,-1
161,80,1585,974,76,38,1,-1,-1,-1
161,81,1421,978,57,34,1,-1,-1,-1
161,82,1491,978,64,36,1,-1,-1,-1
161,83,971,993,50,27,1,-1,-1,-1
161,84,909,992,50,29,1,-1,-1,-1
161,85,2101,960,67,38,1,-1,-1,-1
161,86,1488,976,76,38,1,-1,-1,-1
161,87,2045,963,48,36,1,-1,-1,-1
161,88,1816,967,84,36,1,-1,-1,-1
161,89,1929,964,64,36,1,-1,-1,-1
161,90,2445,943,104,44,1,-1,-1,-1
161,91,2184,954,52,48,1,-1,-1,-1
161,92,1507,981,57,30,1,-1,-1,-1
161,93,2191,947,55,50,1,-1,-1,-1
161,94,2465,948,84,42,1,-1,-1,-1
161,95,716,999,64,24,1,-1,-1,-1
161,96,2288,952,72,44,1,-1,-1,-1
161,97,2470,946,84,44,1,-1,-1,-1
161,98,987,987,44,32,1,-1,-1,-1
161,99,912,992,63,29,1,-1,-1,-1
161,100,1616,976,44,32,1,-1,-1,-1
161,101,972,988,56,32,1,-1,-1,-1
161,102,1948,960,44,40,1,-1,-1,-1
161,103,1524,976,44,32,1,-1,-1,-1
161,104,2280,948,60,44,1,-1,-1,-1
161,105,0,1012,44,28,1,-1,-1,-1
162,4,912,989,52,32,1,-1,-1,-1
162,9,2286,957,80,44,1,-1,-1,-1
162,12,2457,946,95,50,1,-1,-1,-1
162,14,2116,961,56,40,1,-1,-1,-1
162,25,1426,984,52,28,1,-1,-1,-1
162,26,2292,954,68,44,1,-1,-1,-1
162,27,1502,971,72,36,1,-1,-1,-1
162,30,1913,963,64,40,1,-1,-1,-1
162,31,2204,955,80,46,1,-1,-1,-1
162,33,1516,974,56,36,1,-1,-1,-1
162,34,1918,962,76,40,1,-1,-1,-1
162,35,1600,972,64,36,1,-1,-1,-1
162,36,608,1003,54,25,1,-1,-1,-1
162,38,2374,946,59,55,1,-1,-1,-1
162,43,915,991,65,37,1,-1,-1,-1
162,44,1884,971,27,30,1,-1,-1,-1
162,46,2017,960,56,40,1,-1,-1,-1
162,48,993,989,44,32,1,-1,-1,-1
162,49,718,997,63,29,1,-1,-1,-1
162,50,1914,960,52,40,1,-1,-1,-1
162,53,2123,958,60,36,1,-1,-1,-1
162,55,605,996,60,28,1,-1,-1,-1
162,57,1432,984,53,30,1,-1,-1,-1
162,59,2107,959,62,36,1,-1,-1,-1
162,60,717,996,64,24,1,-1,-1,-1
162,61,603,1000,61,27,1,-1,-1,-1
162,63,2499,947,61,48,1,-1,-1,-1
162,64,258,1010,62,31,1,-1,-1,-1
162,65,2127,962,61,34,1,-1,-1,-1
162,66,2009,960,55,42,1,-1,-1,-1
162,67,1822,964,72,36,1,-1,-1,-1
162,69,914,992,56,28,1,-1,-1,-1
162,70,615,999,52,28,1,-1,-1,-1
162,71,1925,966,69,33,1,-1,-1,-1
162,72,2033,960,64,40,1,-1,-1,-1
162,73,1500,970,64,36,1,-1,-1,-1
162,74,2244,954,44,44,1,-1,-1,-1
162,75,720,996,61,30,1,-1,-1,-1
162,76,1424,983,63,29,1,-1,-1,-1
162,77,2211,954,76,44,1,-1,-1,-1
162,78,2047,964,63,38,1,-1,-1,-1
162,79,266,1008,52,28,1,-1,-1,-1
162,80,1593,974,76,38,1,-1,-1,-1
162,81,1429,977,57,34,1,-1,-1,-1
162,82,1499,977,64,36,1,-1,-1,-1
162,83,980,992,50,27,1,-1,-1,-1
162,84,917,990,50,29,1,-1,-1,-1
162,85,2108,960,67,38,1,-1,-1,-1
162,86,1495,976,76,38,1,-1,-1,-1
162,87,2053,962,48,36,1,-1,-1,-1
162,88,1825,967,84,36,1,-1,-1,-1
162,89,1938,963,64,36,1,-1,-1,-1
162,90,2455,943,104,44,1,-1,-1,-1
162,91,2191,953,52,48,1,-1,-1,-1
162,92,1515,980,57,30,1,-1,-1,-1
162,93,2198,947,55,50,1,-1,-1,-1
162,94,2473,948,84,42,1,-1,-1,-1
162,95,724,998,64,24,1,-1,-1,-1
162,96,2296,952,72,44,1,-1,-1,-1
162,97,2481,947,79,42,1,-1,-1,-1
162,98,996,987,44,32,1,-1,-1,-1
162,99,920,992,63,29,1,-1,-1,-1
162,100,1621,976,44,32,1,-1,-1,-1
162,101,978,988,56,32,1,-1,-1,-1
162,102,1953,960,44,40,1,-1,-1,-1
162,103,1529,975,44,32,1,-1,-1,-1
162,104,2285,948,60,44,1,-1,-1,-1
162,105,6,1012,44,28,1,-1,-1,-1
163,4,912,988,55,34,1,-1,-1,-1
163,9,2286,957,80,44,1,-1,-1,-1
163,12,2457,946,95,50,1,-1,-1,-1
163,14,2116,961,56,40,1,-1,-1,-1
163,25,1427,984,52,28,1,-1,-1,-1
163,26,2292,954,68,44,1,-1,-1,-1
163,27,1502,971,72,36,1,-1,-1,-1
163,30,1914,963,64,40,1,-1,-1,-1
163,31,2204,954,80,46,1,-1,-1,-1
163,33,1516,974,56,36,1,-1,-1,-1
163,34,1918,962,76,40,1,-1,-1,-1
163,35,1600,971,64,36,1,-1,-1,-1
163,36,608,1003,54,25,1,-1,-1,-1
163,38,2374,945,59,55,1,-1,-1,-1
163,43,916,991,65,37,1,-1,-1,-1
163,44,1884,971,27,30,1,-1,-1,-1
163,46,2018,960,56,40,1,-1,-1,-1
163,48,993,989,44,32,1,-1,-1,-1
163,49,718,996,63,29,1,-1,-1,-1
163,50,1915,961,52,40,1,-1,-1,-1
163,53,2124,958,60,36,1,-1,-1,-1
163,55,605,996,60,28,1,-1,-1,-1
163,57,1432,984,53,30,1,-1,-1,-1
163,59,2107,959,62,36,1,-1,-1,-1
163,60,719,996,61,23,1,-1,-1,-1
163,61,603,999,61,27,1,-1,-1,-1
163,63,2500,947,60,48,1,-1,-1,-1
163,64,259,1009,62,31,1,-1,-1,-1
163,65,2127,962,61,34,1,-1,-1,-1
163,66,2009,960,55,42,1,-1,-1,-1
163,67,1823,965,72,36,1,-1,-1,-1
163,69,915,992,56,28,1,-1,-1,-1
163,70,615,999,52,28,1,-1,-1,-1
163,71,1926,966,69,33,1,-1,-1,-1
163,72,2034,960,64,40,1,-1,-1,-1
163,73,1500,970,64,36,1,-1,-1,-1
163,74,2244,954,44,44,1,-1,-1,-1
163,75,720,996,61,30,1,-1,-1,-1
163,76,1424,983,63,29,1,-1,-1,-1
163,77,2210,953,80,46,1,-1,-1,-1
163,78,2047,964,63,38,1,-1,-1,-1
163,79,267,1008,52,28,1,-1,-1,-1
163,80,1593,974,76,38,1,-1,-1,-1
163,81,1429,977,57,34,1,-1,-1,-1
163,82,1499,977,64,36,1,-1,-1,-1
163,83,980,992,50,27,1,-1,-1,-1
163,84,918,990,50,29,1,-1,-1,-1
163,85,2108,960,67,38,1,-1,-1,-1
163,86,1495,976,76,38,1,-1,-1,-1
163,87,2053,962,48,36,1,-1,-1,-1
163,88,1825,967,84,36,1,-1,-1,-1
163,89,1937,963,64,36,1,-1,-1,-1
163,90,2455,943,104,44,1,-1,-1,-1
163,91,2192,953,52,48,1,-1,-1,-1
163,92,1515,980,57,30,1,-1,-1,-1
163,93,2198,946,55,50,1,-1,-1,-1
163,94,2473,948,84,42,1,-1,-1,-1
163,95,724,997,64,24,1,-1,-1,-1
163,96,2296,952,72,44,1,-1,-1,-1
163,97,2481,947,79,42,1,-1,-1,-1
163,98,996,987,44,32,1,-1,-1,-1
163,99,921,992,63,29,1,-1,-1,-1
163,100,1622,976,44,32,1,-1,-1,-1
163,101,978,988,56,32,1,-1,-1,-1
163,102,1954,960,44,40,1,-1,-1,-1
163,103,1530,975,44,32,1,-1,-1,-1
163,104,2286,949,60,44,1,-1,-1,-1
163,105,6,1012,44,28,1,-1,-1,-1
164,4,918,988,55,34,1,-1,-1,-1
164,9,2292,956,80,44,1,-1,-1,-1
164,12,2465,946,95,50,1,-1,-1,-1
164,14,2122,961,56,40,1,-1,-1,-1
164,25,1432,984,52,28,1,-1,-1,-1
164,26,2299,954,68,44,1,-1,-1,-1
164,27,1509,971,72,36,1,-1,-1,-1
164,30,1919,963,64,40,1,-1,-1,-1
164,31,2209,954,80,46,1,-1,-1,-1
164,33,1521,974,56,36,1,-1,-1,-1
164,34,1925,963,72,38,1,-1,-1,-1
164,35,1607,971,64,36,1,-1,-1,-1
164,36,614,1003,54,25,1,-1,-1,-1
164,38,2380,945,59,55,1,-1,-1,-1
164,43,922,990,65,37,1,-1,-1,-1
164,44,1890,969,27,30,1,-1,-1,-1
164,46,2024,960,56,40,1,-1,-1,-1
164,48,999,988,44,32,1,-1,-1,-1
164,49,724,996,63,29,1,-1,-1,-1
164,50,1920,961,52,40,1,-1,-1,-1
164,53,2128,958,60,36,1,-1,-1,-1
164,55,611,996,60,28,1,-1,-1,-1
164,57,1438,983,53,30,1,-1,-1,-1
164,59,2112,959,62,36,1,-1,-1,-1
164,60,725,996,61,23,1,-1,-1,-1
164,61,609,1000,61,27,1,-1,-1,-1
164,63,2506,946,54,48,1,-1,-1,-1
164,64,266,1009,62,31,1,-1,-1,-1
164,65,2132,962,61,34,1,-1,-1,-1
164,66,2015,960,55,42,1,-1,-1,-1
164,67,1829,964,72,36,1,-1,-1,-1
164,69,921,992,56,28,1,-1,-1,-1
164,70,621,999,52,28,1,-1,-1,-1
164,71,1930,966,69,33,1,-1,-1,-1
164,72,2039,960,64,40,1,-1,-1,-1
164,73,1506,970,64,36,1,-1,-1,-1
164,74,2250,953,44,44,1,-1,-1,-1
164,75,727,996,61,30,1,-1,-1,-1
164,76,1431,982,63,29,1,-1,-1,-1
164,77,2216,953,80,46,1,-1,-1,-1
164,78,2053,964,63,38,1,-1,-1,-1
164,79,274,1007,52,28,1,-1,-1,-1
164,80,1600,973,76,38,1,-1,-1,-1
164,81,1435,976,57,34,1,-1,-1,-1
164,82,1505,977,64,36,1,-1,-1,-1
164,83,986,992,50,27,1,-1,-1,-1
164,84,923,990,50,29,1,-1,-1,-1
164,85,2113,960,67,38,1,-1,-1,-1
164,86,1502,976,76,38,1,-1,-1,-1
164,87,2058,962,48,36,1,-1,-1,-1
164,88,1831,967,84,36,1,-1,-1,-1
164,89,1941,963,64,36,1,-1,-1,-1
164,90,2463,942,97,44,1,-1,-1,-1
164,91,2197,952,52,48,1,-1,-1,-1
164,92,1520,980,57,30,1,-1,-1,-1
164,93,2204,945,55,50,1,-1,-1,-1
164,94,2481,948,79,42,1,-1,-1,-1
164,95,730,997,64,24,1,-1,-1,-1
164,96,2302,951,72,44,1,-1,-1,-1
164,97,2488,947,72,42,1,-1,-1,-1
164,98,1003,986,44,32,1,-1,-1,-1
164,99,927,991,63,29,1,-1,-1,-1
164,100,1628,976,44,32,1,-1,-1,-1
164,101,985,987,56,32,1,-1,-1,-1
164,102,1958,960,44,40,1,-1,-1,-1
164,103,1534,975,44,32,1,-1,-1,-1
164,104,2292,948,60,44,1,-1,-1,-1
164,105,13,1012,44,28,1,-1,-1,-1
165,4,922,987,55,34,1,-1,-1,-1
165,9,2294,956,80,44,1,-1,-1,-1
165,12,2469,944,91,50,1,-1,-1,-1
165,14,2125,960,56,40,1,-1,-1,-1
165,25,1435,983,52,28,1,-1,-1,-1
165,26,2300,954,68,44,1,-1,-1,-1
165,27,1510,970,72,36,1,-1,-1,-1
165,30,1921,962,64,40,1,-1,-1,-1
165,31,2211,953,80,46,1,-1,-1,-1
165,33,1525,974,56,36,1,-1,-1,-1
165,34,1927,963,72,38,1,-1,-1,-1
165,35,1609,971,64,36,1,-1,-1,-1
165,36,617,1003,54,25,1,-1,-1,-1
165,38,2382,945,56,52,1,-1,-1,-1
165,43,926,990,65,37,1,-1,-1,-1
165,44,1891,972,27,30,1,-1,-1,-1
165,46,2025,960,56,40,1,-1,-1,-1
165,48,1002,987,44,32,1,-1,-1,-1
165,49,728,996,63,29,1,-1,-1,-1
165,50,1922,961,52,40,1,-1,-1,-1
165,53,2131,958,60,36,1,-1,-1,-1
165,55,613,996,60,28,1,-1,-1,-1
165,57,1440,985,51,29,1,-1,-1,-1
165,59,2114,959,62,36,1,-1,-1,-1
165,60,729,996,61,23,1,-1,-1,-1
165,61,612,1000,58,25,1,-1,-1,-1
165,63,2511,945,49,48,1,-1,-1,-1
165,64,269,1008,62,31,1,-1,-1,-1
165,65,2135,962,61,34,1,-1,-1,-1
165,66,2016,959,55,42,1,-1,-1,-1
165,67,1831,963,72,36,1,-1,-1,-1
165,69,925,992,56,28,1,-1,-1,-1
165,70,625,999,52,28,1,-1,-1,-1
165,71,1933,967,66,31,1,-1,-1,-1
165,72,2041,959,64,40,1,-1,-1,-1
165,73,1508,970,64,36,1,-1,-1,-1
165,74,2253,953,44,44,1,-1,-1,-1
165,75,729,996,61,30,1,-1,-1,-1
165,76,1432,982,63,29,1,-1,-1,-1
165,77,2219,952,80,46,1,-1,-1,-1
165,78,2055,963,63,38,1,-1,-1,-1
165,79,277,1007,52,28,1,-1,-1,-1
165,80,1601,973,76,38,1,-1,-1,-1
165,81,1438,976,57,34,1,-1,-1,-1
165,82,1507,977,64,36,1,-1,-1,-1
165,83,991,991,50,27,1,-1,-1,-1
165,84,928,989,50,29,1,-1,-1,-1
165,85,2116,959,67,38,1,-1,-1,-1
165,86,1505,976,72,36,1,-1,-1,-1
165,87,2062,961,48,36,1,-1,-1,-1
165,88,1832,967,84,36,1,-1,-1,-1
165,89,1944,963,64,36,1,-1,-1,-1
165,90,2465,942,95,44,1,-1,-1,-1
165,91,2198,951,55,50,1,-1,-1,-1
165,92,1524,979,57,30,1,-1,-1,-1
165,93,2207,945,55,50,1,-1,-1,-1
165,94,2485,948,75,42,1,-1,-1,-1
165,95,733,997,64,24,1,-1,-1,-1
165,96,2303,951,72,44,1,-1,-1,-1
165,97,2492,946,68,42,1,-1,-1,-1
165,98,1004,985,44,32,1,-1,-1,-1
165,99,931,991,63,29,1,-1,-1,-1
165,100,1631,976,44,32,1,-1,-1,-1
165,101,989,986,56,32,1,-1,-1,-1
165,102,1961,960,44,40,1,-1,-1,-1
165,103,1538,975,44,32,1,-1,-1,-1
165,104,2294,947,60,44,1,-1,-1,-1
165,105,17,1012,44,28,1,-1,-1,-1
166,4,927,987,55,34,1,-1,-1,-1
166,9,2300,955,80,44,1,-1,-1,-1
166,12,2477,944,83,50,1,-1,-1,-1
166,14,2129,960,56,40,1,-1,-1,-1
166,25,1440,982,52,28,1,-1,-1,-1
166,26,2306,954,68,44,1,-1,-1,-1
166,27,1516,969,72,36,1,-1,-1,-1
166,30,1926,962,64,40,1,-1,-1,-1
166,31,2217,952,80,46,1,-1,-1,-1
166,33,1530,973,56,36,1,-1,-1,-1
166,34,1932,962,72,38,1,-1,-1,-1
166,35,1615,970,64,36,1,-1,-1,-1
166,36,622,1003,54,25,1,-1,-1,-1
166,38,2386,944,56,52,1,-1,-1,-1
166,43,932,989,65,37,1,-1,-1,-1
166,44,1896,971,27,30,1,-1,-1,-1
166,46,2030,959,56,40,1,-1,-1,-1
166,48,1008,987,44,32,1,-1,-1,-1
166,49,733,996,63,29,1,-1,-1,-1
166,50,1927,960,52,40,1,-1,-1,-1
166,53,2136,958,60,36,1,-1,-1,-1
166,55,620,996,60,28,1,-1,-1,-1
166,57,1446,984,51,29,1,-1,-1,-1
166,59,2119,958,62,36,1,-1,-1,-1
166,60,733,996,61,23,1,-1,-1,-1
166,61,618,1000,58,25,1,-1,-1,-1
166,63,2518,946,42,46,1,-1,-1,-1
166,64,275,1009,62,31,1,-1,-1,-1
166,65,2139,962,61,34,1,-1,-1,-1
166,66,2022,959,55,42,1,-1,-1,-1
166,67,1837,963,72,36,1,-1,-1,-1
166,69,930,991,56,28,1,-1,-1,-1
166,70,630,998,52,28,1,-1,-1,-1
166,71,1936,965,69,33,1,-1,-1,-1
166,72,2047,959,64,40,1,-1,-1,-1
166,73,1514,970,64,36,1,-1,-1,-1
166,74,2257,952,44,44,1,-1,-1,-1
166,75,734,994,64,32,1,-1,-1,-1
166,76,1439,981,63,29,1,-1,-1,-1
166,77,2222,950,80,46,1,-1,-1,-1
166,78,2061,963,63,38,1,-1,-1,-1
166,79,282,1007,52,28,1,-1,-1,-1
166,80,1607,973,76,38,1,-1,-1,-1
166,81,1443,975,57,34,1,-1,-1,-1
166,82,1513,977,64,36,1,-1,-1,-1
166,83,996,990,50,27,1,-1,-1,-1
166,84,933,989,50,29,1,-1,-1,-1
166,85,2120,959,67,38,1,-1,-1,-1
166,86,1511,976,72,36,1,-1,-1,-1
166,87,2067,961,48,36,1,-1,-1,-1
166,88,1839,967,84,36,1,-1,-1,-1
166,89,1951,963,61,34,1,-1,-1,-1
166,90,2474,942,86,44,1,-1,-1,-1
166,91,2203,950,55,50,1,-1,-1,-1
166,92,1528,979,57,30,1,-1,-1,-1
166,93,2212,944,55,50,1,-1,-1,-1
166,94,2491,947,69,42,1,-1,-1,-1
166,95,738,997,64,24,1,-1,-1,-1
166,96,2309,950,72,44,1,-1,-1,-1
166,97,2499,946,61,42,1,-1,-1,-1
166,98,1012,986,42,30,1,-1,-1,-1
166,99,936,990,63,29,1,-1,-1,-1
166,100,1636,975,44,32,1,-1,-1,-1
166,101,994,986,56,32,1,-1,-1,-1
166,102,1966,959,44,40,1,-1,-1,-1
166,103,1543,975,44,32,1,-1,-1,-1
166,104,2299,947,60,44,1,-1,-1,-1
166,105,23,1011,44,28,1,-1,-1,-1
167,4,927,987,55,34,1,-1,-1,-1
167,9,2300,955,80,44,1,-1,-1,-1
167,12,2476,944,84,50,1,-1,-1,-1
167,14,2129,960,56,40,1,-1,-1,-1
167,25,1440,982,52,28,1,-1,-1,-1
167,26,2306,953,68,44,1,-1,-1,-1
167,27,1516,969,72,36,1,-1,-1,-1
167,30,1926,962,64,40,1,-1,-1,-1
167,31,2217,951,80,46,1,-1,-1,-1
167,33,1530,973,56,36,1,-1,-1,-1
167,34,1932,961,72,38,1,-1,-1,-1
167,35,1615,969,64,36,1,-1,-1,-1
167,36,622,1003,54,25,1,-1,-1,-1
167,38,2387,944,56,52,1,-1,-1,-1
167,43,931,989,65,37,1,-1,-1,-1
167,44,1897,971,27,30,1,-1,-1,-1
167,46,2030,959,56,40,1,-1,-1,-1
167,48,1009,987,44,32,1,-1,-1,-1
167,49,733,996,63,29,1,-1,-1,-1
167,50,1927,960,52,40,1,-1,-1,-1
167,53,2136,958,60,36,1,-1,-1,-1
167,55,620,995,60,28,1,-1,-1,-1
167,57,1447,983,51,29,1,-1,-1,-1
167,59,2119,958,62,36,1,-1,-1,-1
167,60,733,995,61,23,1,-1,-1,-1
167,61,618,1000,58,25,1,-1,-1,-1
167,63,2517,946,43,46,1,-1,-1,-1
167,64,275,1009,62,31,1,-1,-1,-1
167,65,2138,961,61,34,1,-1,-1,-1
167,66,2022,959,55,42,1,-1,-1,-1
167,67,1837,963,72,36,1,-1,-1,-1
167,69,930,991,56,28,1,-1,-1,-1
167,70,630,998,52,28,1,-1,-1,-1
167,71,1937,965,69,33,1,-1,-1,-1
167,72,2047,959,64,40,1,-1,-1,-1
167,73,1514,970,64,36,1,-1,-1,-1
167,74,2257,951,44,44,1,-1,-1,-1
167,75,733,993,64,32,1,-1,-1,-1
167,76,1438,981,63,29,1,-1,-1,-1
167,77,2222,950,80,46,1,-1,-1,-1
167,78,2061,963,63,38,1,-1,-1,-1
167,79,283,1007,52,28,1,-1,-1,-1
167,80,1607,972,76,38,1,-1,-1,-1
167,81,1443,974,57,34,1,-1,-1,-1
167,82,1513,977,64,36,1,-1,-1,-1
167,83,996,990,50,27,1,-1,-1,-1
167,84,933,989,50,29,1,-1,-1,-1
167,85,2120,959,67,38,1,-1,-1,-1
167,86,1511,976,72,36,1,-1,-1,-1
167,87,2067,961,48,36,1,-1,-1,-1
167,88,1838,967,84,36,1,-1,-1,-1
167,89,1950,963,61,34,1,-1,-1,-1
167,90,2473,941,87,44,1,-1,-1,-1
167,91,2203,949,55,50,1,-1,-1,-1
167,92,1529,979,57,30,1,-1,-1,-1
167,93,2211,944,55,50,1,-1,-1,-1
167,94,2491,947,69,42,1,-1,-1,-1
167,95,738,997,64,24,1,-1,-1,-1
167,96,2309,949,72,44,1,-1,-1,-1
167,97,2499,945,61,42,1,-1,-1,-1
167,98,1012,986,42,30,1,-1,-1,-1
167,99,935,990,63,29,1,-1,-1,-1
167,100,1636,975,44,32,1,-1,-1,-1
167,101,994,986,56,32,1,-1,-1,-1
167,102,1966,958,44,40,1,-1,-1,-1
167,103,1543,975,44,32,1,-1,-1,-1
167,104,2299,947,60,44,1,-1,-1,-1
167,105,23,1011,44,28,1,-1,-1,-1
168,4,933,987,55,34,1,-1,-1,-1
168,9,2306,954,80,44,1,-1,-1,-1
168,12,2484,945,76,47,1,-1,-1,-1
168,14,2135,959,56,40,1,-1,-1,-1
168,25,1446,982,52,28,1,-1,-1,-1
168,26,2312,952,68,44,1,-1,-1,-1
168,27,1522,969,72,36,1,-1,-1,-1
168,30,1931,961,64,40,1,-1,-1,-1
168,31,2221,951,80,46,1,-1,-1,-1
168,33,1536,973,56,36,1,-1,-1,-1
168,34,1936,960,72,38,1,-1,-1,-1
168,35,1621,969,64,36,1,-1,-1,-1
168,36,627,1002,54,25,1,-1,-1,-1
168,38,2392,944,56,52,1,-1,-1,-1
168,43,937,989,65,37,1,-1,-1,-1
168,44,1901,970,27,30,1,-1,-1,-1
168,46,2036,958,56,40,1,-1,-1,-1
168,48,1016,987,42,30,1,-1,-1,-1
168,49,738,995,63,29,1,-1,-1,-1
168,50,1931,959,52,40,1,-1,-1,-1
168,53,2141,957,60,36,1,-1,-1,-1
168,55,625,995,60,28,1,-1,-1,-1
168,57,1452,983,51,29,1,-1,-1,-1
168,59,2124,958,62,36,1,-1,-1,-1
168,60,739,995,61,23,1,-1,-1,-1
168,61,624,999,58,25,1,-1,-1,-1
168,63,2525,945,35,46,1,-1,-1,-1
168,64,281,1008,62,31,1,-1,-1,-1
168,65,2145,961,61,34,1,-1,-1,-1
168,66,2027,958,55,42,1,-1,-1,-1
168,67,1843,963,72,36,1,-1,-1,-1
168,69,936,991,56,28,1,-1,-1,-1
168,70,635,998,52,28,1,-1,-1,-1
168,71,1941,965,69,33,1,-1,-1,-1
168,72,2052,958,64,40,1,-1,-1,-1
168,73,1520,969,64,36,1,-1,-1,-1
168,74,2260,951,44,44,1,-1,-1,-1
168,75,739,993,64,32,1,-1,-1,-1
168,76,1445,980,63,29,1,-1,-1,-1
168,77,2227,950,80,46,1,-1,-1,-1
168,78,2066,963,63,38,1,-1,-1,-1
168,79,288,1006,55,29,1,-1,-1,-1
168,80,1614,973,76,38,1,-1,-1,-1
168,81,1450,974,57,34,1,-1,-1,-1
168,82,1519,977,64,36,1,-1,-1,-1
168,83,1002,990,50,27,1,-1,-1,-1
168,84,938,989,50,29,1,-1,-1,-1
168,85,2125,958,67,38,1,-1,-1,-1
168,86,1517,975,72,36,1,-1,-1,-1
168,87,2071,961,48,36,1,-1,-1,-1
168,88,1842,966,84,36,1,-1,-1,-1
168,89,1956,962,61,34,1,-1,-1,-1
168,90,2480,941,80,44,1,-1,-1,-1
168,91,2208,949,55,50,1,-1,-1,-1
168,92,1534,979,57,30,1,-1,-1,-1
168,93,2217,943,55,50,1,-1,-1,-1
168,94,2498,946,62,42,1,-1,-1,-1
168,95,744,997,64,24,1,-1,-1,-1
168,96,2314,948,72,44,1,-1,-1,-1
168,97,2506,945,54,42,1,-1,-1,-1
168,98,1018,986,42,30,1,-1,-1,-1
168,99,942,990,63,29,1,-1,-1,-1
168,100,1642,975,44,32,1,-1,-1,-1
168,101,1000,986,56,32,1,-1,-1,-1
168,102,1971,958,44,40,1,-1,-1,-1
168,103,1548,975,44,32,1,-1,-1,-1
168,104,2305,946,60,44,1,-1,-1,-1
168,105,29,1011,44,28,1,-1,-1,-1
169,9,2306,954,80,44,1,-1,-1,-1
169,12,2488,944,68,44,1,-1,-1,-1
169,14,2135,959,56,40,1,-1,-1,-1
169,25,1446,982,52,28,1,-1,-1,-1
169,26,2312,952,68,44,1,-1,-1,-1
169,27,1522,969,72,36,1,-1,-1,-1
169,31,2221,951,80,46,1,-1,-1,-1
169,33,1536,973,56,36,1,-1,-1,-1
169,34,1936,960,80,40,1,-1,-1,-1
169,35,1621,969,64,36,1,-1,-1,-1
169,36,627,1002,54,25,1,-1,-1,-1
169,38,2392,944,56,52,1,-1,-1,-1
169,43,937,989,65,37,1,-1,-1,-1
169,44,1901,970,27,30,1,-1,-1,-1
169,46,2036,956,48,40,1,-1,-1,-1
169,48,1016,987,42,30,1,-1,-1,-1
169,49,740,996,64,28,1,-1,-1,-1
169,50,1931,959,52,40,1,-1,-1,-1
169,53,2132,956,80,40,1,-1,-1,-1
169,55,625,995,60,28,1,-1,-1,-1
169,57,1452,983,51,29,1,-1,-1,-1
169,60,739,995,61,23,1,-1,-1,-1
169,61,628,1000,56,24,1,-1,-1,-1
169,63,2525,945,35,46,1,-1,-1,-1
169,64,281,1008,62,31,1,-1,-1,-1
169,65,2145,961,61,34,1,-1,-1,-1
169,66,2027,958,55,42,1,-1,-1,-1
169,67,1844,960,68,36,1,-1,-1,-1
169,69,936,991,56,28,1,-1,-1,-1
169,70,635,998,52,28,1,-1,-1,-1
169,71,1941,965,69,33,1,-1,-1,-1
169,72,2052,958,64,40,1,-1,-1,-1
169,73,1520,969,64,36,1,-1,-1,-1
169,74,2260,951,44,44,1,-1,-1,-1
169,75,739,993,64,32,1,-1,-1,-1
169,76,1452,980,52,28,1,-1,-1,-1
169,77,2227,950,80,46,1,-1,-1,-1
169,78,2066,963,63,38,1,-1,-1,-1
169,79,288,1008,52,24,1,-1,-1,-1
169,80,1614,973,76,38,1,-1,-1,-1
169,81,1450,974,57,34,1,-1,-1,-1
169,82,1519,977,64,36,1,-1,-1,-1
169,83,1002,990,50,27,1,-1,-1,-1
169,84,940,988,52,28,1,-1,-1,-1
169,85,2125,958,67,38,1,-1,-1,-1
169,86,1517,975,72,36,1,-1,-1,-1
169,87,2071,961,48,36,1,-1,-1,-1
169,88,1842,966,84,36,1,-1,-1,-1
169,89,1956,962,61,34,1,-1,-1,-1
169,90,2480,941,80,44,1,-1,-1,-1
169,91,2208,949,55,50,1,-1,-1,-1
169,92,1534,979,57,30,1,-1,-1,-1
169,93,2217,943,55,50,1,-1,-1,-1
169,94,2498,946,62,42,1,-1,-1,-1
169,95,744,997,64,24,1,-1,-1,-1
169,96,2314,948,72,44,1,-1,-1,-1
169,97,2506,945,54,42,1,-1,-1,-1
169,98,1018,986,42,30,1,-1,-1,-1
169,99,942,990,63,29,1,-1,-1,-1
169,100,1642,975,44,32,1,-1,-1,-1
169,101,1000,986,56,32,1,-1,-1,-1
169,102,1971,958,44,40,1,-1,-1,-1
169,103,1548,975,44,32,1,-1,-1,-1
169,104,2305,946,60,44,1,-1,-1,-1
169,105,24,1012,56,28,1,-1,-1,-1
169,106,1644,972,48,32,1,-1,-1,-1
169,107,1004,984,56,32,1,-1,-1,-1
169,108,1556,976,40,32,1,-1,-1,-1
169,109,2064,960,52,36,1,-1,-1,-1
169,110,1824,884,48,28,1,-1,-1,-1
170,9,2314,954,80,44,1,-1,-1,-1
170,12,2493,943,67,44,1,-1,-1,-1
170,14,2142,958,56,40,1,-1,-1,-1
170,25,1456,982,52,28,1,-1,-1,-1
170,26,2320,951,68,44,1,-1,-1,-1
170,27,1529,969,72,36,1,-1,-1,-1
170,31,2229,950,80,46,1,-1,-1,-1
170,33,1543,972,56,36,1,-1,-1,-1
170,34,1941,959,80,40,1,-1,-1,-1
170,35,1629,969,64,36,1,-1,-1,-1
170,36,634,1002,54,25,1,-1,-1,-1
170,38,2399,944,56,52,1,-1,-1,-1
170,43,944,989,65,37,1,-1,-1,-1
170,44,1911,968,27,30,1,-1,-1,-1
170,46,2041,956,48,40,1,-1,-1,-1
170,48,1025,987,42,30,1,-1,-1,-1
170,49,746,996,64,28,1,-1,-1,-1
170,50,1937,957,52,40,1,-1,-1,-1
170,53,2138,956,80,40,1,-1,-1,-1
170,55,632,995,60,28,1,-1,-1,-1
170,57,1462,983,51,29,1,-1,-1,-1
170,60,745,994,64,24,1,-1,-1,-1
170,61,633,1000,56,24,1,-1,-1,-1
170,63,2535,944,25,46,1,-1,-1,-1
170,64,290,1008,62,31,1,-1,-1,-1
170,65,2152,960,61,34,1,-1,-1,-1
170,66,2034,957,55,42,1,-1,-1,-1
170,67,1850,960,68,36,1,-1,-1,-1
170,69,943,991,56,28,1,-1,-1,-1
170,70,642,997,52,28,1,-1,-1,-1
170,71,1948,963,69,33,1,-1,-1,-1
170,72,2059,957,64,40,1,-1,-1,-1
170,73,1527,968,64,36,1,-1,-1,-1
170,74,2268,950,44,44,1,-1,-1,-1
170,75,747,993,64,32,1,-1,-1,-1
170,76,1458,980,52,28,1,-1,-1,-1
170,77,2236,950,80,46,1,-1,-1,-1
170,78,2073,962,63,38,1,-1,-1,-1
170,79,294,1008,52,24,1,-1,-1,-1
170,80,1621,972,76,38,1,-1,-1,-1
170,81,1458,974,57,34,1,-1,-1,-1
170,82,1526,975,64,36,1,-1,-1,-1
170,83,1012,990,50,27,1,-1,-1,-1
170,84,946,988,52,28,1,-1,-1,-1
170,85,2134,957,67,38,1,-1,-1,-1
170,86,1525,974,72,36,1,-1,-1,-1
170,87,2077,960,48,36,1,-1,-1,-1
170,88,1851,965,84,36,1,-1,-1,-1
170,89,1962,961,61,34,1,-1,-1,-1
170,90,2491,940,69,44,1,-1,-1,-1
170,91,2217,949,55,50,1,-1,-1,-1
170,92,1542,977,57,30,1,-1,-1,-1
170,93,2225,943,55,50,1,-1,-1,-1
170,94,2509,946,51,42,1,-1,-1,-1
170,95,751,996,64,24,1,-1,-1,-1
170,96,2323,948,72,44,1,-1,-1,-1
170,97,2517,945,43,40,1,-1,-1,-1
170,98,1027,985,42,30,1,-1,-1,-1
170,99,949,990,63,29,1,-1,-1,-1
170,100,1650,975,44,32,1,-1,-1,-1
170,101,1010,986,56,32,1,-1,-1,-1
170,102,1979,957,44,40,1,-1,-1,-1
170,103,1557,973,44,32,1,-1,-1,-1
170,104,2313,945,60,44,1,-1,-1,-1
170,105,29,1012,59,29,1,-1,-1,-1
170,106,1650,971,48,32,1,-1,-1,-1
170,107,1010,984,56,32,1,-1,-1,-1
170,108,1561,975,40,32,1,-1,-1,-1
170,109,2069,960,52,36,1,-1,-1,-1
170,110,1833,884,48,28,1,-1,-1,-1
171,9,2314,953,80,44,1,-1,-1,-1
171,12,2493,943,67,44,1,-1,-1,-1
171,14,2142,958,56,40,1,-1,-1,-1
171,25,1455,982,52,28,1,-1,-1,-1
171,26,2320,951,68,44,1,-1,-1,-1
171,27,1529,968,72,36,1,-1,-1,-1
171,31,2229,950,80,46,1,-1,-1,-1
171,33,1543,972,56,36,1,-1,-1,-1
171,34,1941,959,80,40,1,-1,-1,-1
171,35,1629,968,64,36,1,-1,-1,-1
171,36,635,1002,54,25,1,-1,-1,-1
171,38,2400,944,56,52,1,-1,-1,-1
171,43,945,989,65,37,1,-1,-1,-1
171,46,2041,956,48,40,1,-1,-1,-1
171,48,1026,987,42,30,1,-1,-1,-1
171,49,746,996,64,28,1,-1,-1,-1
171,50,1937,957,52,40,1,-1,-1,-1
171,53,2138,956,80,40,1,-1,-1,-1
171,55,634,996,57,27,1,-1,-1,-1
171,57,1462,982,51,29,1,-1,-1,-1
171,60,747,995,61,23,1,-1,-1,-1
171,61,633,1001,56,24,1,-1,-1,-1
171,63,2536,944,24,46,1,-1,-1,-1
171,64,290,1007,62,31,1,-1,-1,-1
171,65,2153,960,61,34,1,-1,-1,-1
171,66,2034,957,55,42,1,-1,-1,-1
171,67,1850,960,68,36,1,-1,-1,-1
171,69,944,991,56,28,1,-1,-1,-1
171,70,642,997,52,28,1,-1,-1,-1
171,71,1948,963,69,33,1,-1,-1,-1
171,72,2059,957,64,40,1,-1,-1,-1
171,73,1527,968,64,36,1,-1,-1,-1
171,74,2268,950,44,44,1,-1,-1,-1
171,75,747,992,64,32,1,-1,-1,-1
171,76,1458,980,52,28,1,-1,-1,-1
171,77,2236,950,80,46,1,-1,-1,-1
171,78,2072,962,63,38,1,-1,-1,-1
171,79,294,1008,52,24,1,-1,-1,-1
171,80,1621,972,76,38,1,-1,-1,-1
171,81,1458,974,57,34,1,-1,-1,-1
171,82,1526,975,64,36,1,-1,-1,-1
171,83,1011,990,50,27,1,-1,-1,-1
171,84,946,989,52,28,1,-1,-1,-1
171,85,2133,957,67,38,1,-1,-1,-1
171,86,1524,974,72,36,1,-1,-1,-1
171,87,2078,960,48,36,1,-1,-1,-1
171,88,1854,965,80,34,1,-1,-1,-1
171,89,1963,961,61,34,1,-1,-1,-1
171,90,2491,940,69,44,1,-1,-1,-1
171,91,2217,949,55,50,1,-1,-1,-1
171,92,1541,977,60,32,1,-1,-1,-1
171,93,2225,943,55,50,1,-1,-1,-1
171,94,2509,946,51,42,1,-1,-1,-1
171,95,752,995,64,24,1,-1,-1,-1
171,96,2323,948,72,44,1,-1,-1,-1
171,97,2519,946,41,38,1,-1,-1,-1
171,98,1027,985,42,30,1,-1,-1,-1
171,99,950,990,63,29,1,-1,-1,-1
171,100,1650,975,44,32,1,-1,-1,-1
171,101,1010,986,56,32,1,-1,-1,-1
171,102,1979,956,44,40,1,-1,-1,-1
171,103,1557,973,44,32,1,-1,-1,-1
171,104,2314,945,60,44,1,-1,-1,-1
171,105,29,1012,59,29,1,-1,-1,-1
171,106,1651,972,48,32,1,-1,-1,-1
171,107,1011,984,56,32,1,-1,-1,-1
171,108,1562,975,40,32,1,-1,-1,-1
171,109,2069,960,52,36,1,-1,-1,-1
171,110,1833,884,48,28,1,-1,-1,-1
172,9,2319,953,80,44,1,-1,-1,-1
172,12,2500,942,60,44,1,-1,-1,-1
172,14,2148,958,56,40,1,-1,-1,-1
172,25,1462,981,52,28,1,-1,-1,-1
172,26,2326,951,68,44,1,-1,-1,-1
172,27,1536,968,72,36,1,-1,-1,-1
172,31,2234,950,80,46,1,-1,-1,-1
172,33,1549,971,56,36,1,-1,-1,-1
172,34,1948,959,80,40,1,-1,-1,-1
172,35,1636,969,64,36,1,-1,-1,-1
172,36,641,1002,54,25,1,-1,-1,-1
172,38,2405,944,56,52,1,-1,-1,-1
172,43,952,989,65,37,1,-1,-1,-1
172,46,2047,956,48,40,1,-1,-1,-1
172,48,1032,987,42,30,1,-1,-1,-1
172,49,753,996,64,28,1,-1,-1,-1
172,50,1943,957,52,40,1,-1,-1,-1
172,53,2143,955,80,40,1,-1,-1,-1
172,55,640,996,57,27,1,-1,-1,-1
172,57,1468,982,51,29,1,-1,-1,-1
172,60,753,994,61,23,1,-1,-1,-1
172,61,639,1000,56,24,1,-1,-1,-1
172,63,2541,944,19,46,1,-1,-1,-1
172,64,296,1007,62,31,1,-1,-1,-1
172,65,2158,959,61,34,1,-1,-1,-1
172,66,2040,956,55,42,1,-1,-1,-1
172,67,1857,959,68,36,1,-1,-1,-1
172,69,950,991,56,28,1,-1,-1,-1
172,70,648,997,52,28,1,-1,-1,-1
172,71,1953,963,69,33,1,-1,-1,-1
172,72,2064,957,64,40,1,-1,-1,-1
172,73,1532,968,64,36,1,-1,-1,-1
172,74,2274,950,44,44,1,-1,-1,-1
172,75,753,992,64,32,1,-1,-1,-1
172,76,1465,980,52,28,1,-1,-1,-1
172,77,2242,950,80,46,1,-1,-1,-1
172,78,2079,961,63,38,1,-1,-1,-1
172,79,301,1008,52,24,1,-1,-1,-1
172,80,1628,972,76,38,1,-1,-1,-1
172,81,1465,974,57,34,1,-1,-1,-1
172,82,1532,975,64,36,1,-1,-1,-1
172,83,1017,990,50,27,1,-1,-1,-1
172,84,952,988,52,28,1,-1,-1,-1
172,85,2139,957,67,38,1,-1,-1,-1
172,86,1530,974,72,36,1,-1,-1,-1
172,87,2083,959,48,36,1,-1,-1,-1
172,88,1860,964,80,34,1,-1,-1,-1
172,89,1967,960,61,34,1,-1,-1,-1
172,90,2499,941,61,44,1,-1,-1,-1
172,91,2222,948,55,50,1,-1,-1,-1
172,92,1547,977,60,32,1,-1,-1,-1
172,93,2231,943,55,50,1,-1,-1,-1
172,94,2516,945,44,42,1,-1,-1,-1
172,95,758,995,64,24,1,-1,-1,-1
172,96,2329,948,72,44,1,-1,-1,-1
172,97,2527,946,33,38,1,-1,-1,-1
172,98,1034,985,42,30,1,-1,-1,-1
172,99,956,990,63,29,1,-1,-1,-1
172,100,1656,975,44,32,1,-1,-1,-1
172,101,1017,986,56,32,1,-1,-1,-1
172,102,1983,956,44,40,1,-1,-1,-1
172,103,1563,973,44,32,1,-1,-1,-1
172,104,2319,945,60,44,1,-1,-1,-1
172,105,35,1012,59,29,1,-1,-1,-1
172,106,1657,972,48,32,1,-1,-1,-1
172,107,1017,984,56,32,1,-1,-1,-1
172,108,1568,975,40,32,1,-1,-1,-1
172,109,2075,959,52,36,1,-1,-1,-1
172,110,1842,884,48,28,1,-1,-1,-1
173,9,2322,953,80,44,1,-1,-1,-1
173,12,2502,942,58,44,1,-1,-1,-1
173,14,2150,958,56,40,1,-1,-1,-1
173,25,1465,981,52,28,1,-1,-1,-1
173,26,2330,952,65,42,1,-1,-1,-1
173,27,1537,968,72,36,1,-1,-1,-1
173,31,2238,951,76,44,1,-1,-1,-1
173,33,1552,971,56,36,1,-1,-1,-1
173,34,1946,957,84,42,1,-1,-1,-1
173,35,1638,968,64,36,1,-1,-1,-1
173,36,644,1000,57,27,1,-1,-1,-1
173,38,2408,944,56,52,1,-1,-1,-1
173,43,954,989,65,37,1,-1,-1,-1
173,46,2050,955,48,40,1,-1,-1,-1
173,48,1035,987,42,30,1,-1,-1,-1
173,49,756,996,64,28,1,-1,-1,-1
173,50,1946,957,52,40,1,-1,-1,-1
173,53,2145,956,80,40,1,-1,-1,-1
173,55,642,995,57,27,1,-1,-1,-1
173,57,1470,982,51,29,1,-1,-1,-1
173,60,757,994,61,23,1,-1,-1,-1
173,61,643,1000,56,24,1,-1,-1,-1
173,63,2547,944,13,46,1,-1,-1,-1
173,64,302,1007,62,31,1,-1,-1,-1
173,65,2160,959,61,34,1,-1,-1,-1
173,66,2043,956,55,42,1,-1,-1,-1
173,67,1860,960,65,34,1,-1,-1,-1
173,69,956,991,53,27,1,-1,-1,-1
173,70,651,997,52,28,1,-1,-1,-1
173,71,1955,962,69,33,1,-1,-1,-1
173,72,2066,957,64,40,1,-1,-1,-1
173,73,1534,968,64,36,1,-1,-1,-1
173,74,2277,950,44,44,1,-1,-1,-1
173,75,757,992,64,32,1,-1,-1,-1
173,76,1469,980,52,28,1,-1,-1,-1
173,77,2243,949,80,46,1,-1,-1,-1
173,78,2081,961,63,38,1,-1,-1,-1
173,79,306,1008,52,24,1,-1,-1,-1
173,80,1630,971,76,38,1,-1,-1,-1
173,81,1467,973,57,34,1,-1,-1,-1
173,82,1534,974,64,36,1,-1,-1,-1
173,83,1021,990,50,27,1,-1,-1,-1
173,84,954,988,52,28,1,-1,-1,-1
173,85,2141,956,67,38,1,-1,-1,-1
173,86,1533,974,72,36,1,-1,-1,-1
173,87,2085,959,48,36,1,-1,-1,-1
173,88,1862,964,80,34,1,-1,-1,-1
173,89,1971,960,61,34,1,-1,-1,-1
173,90,2502,940,58,44,1,-1,-1,-1
173,91,2225,948,55,50,1,-1,-1,-1
173,92,1549,976,60,32,1,-1,-1,-1
173,93,2233,942,55,50,1,-1,-1,-1
173,94,2519,945,41,42,1,-1,-1,-1
173,95,760,995,64,24,1,-1,-1,-1
173,96,2331,948,72,44,1,-1,-1,-1
173,97,2530,945,30,38,1,-1,-1,-1
173,98,1036,985,42,30,1,-1,-1,-1
173,99,959,989,63,29,1,-1,-1,-1
173,100,1659,975,44,32,1,-1,-1,-1
173,101,1020,986,56,32,1,-1,-1,-1
173,102,1986,956,44,40,1,-1,-1,-1
173,103,1564,973,44,32,1,-1,-1,-1
173,104,2322,945,60,44,1,-1,-1,-1
173,105,40,1012,59,29,1,-1,-1,-1
173,106,1660,972,48,32,1,-1,-1,-1
173,107,1022,985,53,30,1,-1,-1,-1
173,108,1571,975,40,32,1,-1,-1,-1
173,109,2078,959,52,36,1,-1,-1,-1
173,110,1846,883,48,28,1,-1,-1,-1
174,9,2328,953,80,44,1,-1,-1,-1
174,12,2508,941,52,44,1,-1,-1,-1
174,14,2154,957,56,40,1,-1,-1,-1
174,25,1469,981,52,28,1,-1,-1,-1
174,26,2336,951,65,42,1,-1,-1,-1
174,27,1543,967,72,36,1,-1,-1,-1
174,31,2244,950,76,44,1,-1,-1,-1
174,33,1556,971,56,36,1,-1,-1,-1
174,34,1954,959,80,40,1,-1,-1,-1
174,35,1643,968,64,36,1,-1,-1,-1
174,36,648,1000,57,27,1,-1,-1,-1
174,38,2412,944,56,52,1,-1,-1,-1
174,43,959,988,65,37,1,-1,-1,-1
174,46,2054,955,48,40,1,-1,-1,-1
174,48,1041,985,42,30,1,-1,-1,-1
174,49,762,995,64,28,1,-1,-1,-1
174,50,1951,957,52,40,1,-1,-1,-1
174,53,2150,955,80,40,1,-1,-1,-1
174,55,647,995,57,27,1,-1,-1,-1
174,57,1475,982,51,29,1,-1,-1,-1
174,60,763,994,61,23,1,-1,-1,-1
174,61,647,1000,56,24,1,-1,-1,-1
174,63,2551,943,9,48,1,-1,-1,-1
174,64,304,1007,62,31,1,-1,-1,-1
174,65,2165,958,61,34,1,-1,-1,-1
174,66,2047,956,55,42,1,-1,-1,-1
174,67,1865,960,65,34,1,-1,-1,-1
174,69,961,990,53,27,1,-1,-1,-1
174,70,656,997,52,28,1,-1,-1,-1
174,71,1961,962,69,33,1,-1,-1,-1
174,72,2071,957,64,40,1,-1,-1,-1
174,73,1540,967,64,36,1,-1,-1,-1
174,74,2282,950,44,44,1,-1,-1,-1
174,75,762,992,64,32,1,-1,-1,-1
174,76,1473,980,52,28,1,-1,-1,-1
174,77,2248,949,80,46,1,-1,-1,-1
174,78,2085,961,63,38,1,-1,-1,-1
174,79,310,1007,52,24,1,-1,-1,-1
174,80,1636,970,76,38,1,-1,-1,-1
174,81,1472,973,57,34,1,-1,-1,-1
174,82,1539,974,64,36,1,-1,-1,-1
174,83,1027,989,50,27,1,-1,-1,-1
174,84,959,988,52,28,1,-1,-1,-1
174,85,2145,956,67,38,1,-1,-1,-1
174,86,1538,974,72,36,1,-1,-1,-1
174,87,2089,959,48,36,1,-1,-1,-1
174,88,1868,963,80,34,1,-1,-1,-1
174,89,1975,960,61,34,1,-1,-1,-1
174,90,2507,938,53,46,1,-1,-1,-1
174,91,2229,947,55,50,1,-1,-1,-1
174,92,1554,976,60,32,1,-1,-1,-1
174,93,2238,942,55,50,1,-1,-1,-1
174,94,2525,945,35,42,1,-1,-1,-1
174,95,765,994,67,25,1,-1,-1,-1
174,96,2336,947,72,44,1,-1,-1,-1
174,97,2534,945,26,36,1,-1,-1,-1
174,98,1042,984,42,30,1,-1,-1,-1
174,99,964,989,63,29,1,-1,-1,-1
174,100,1663,974,44,32,1,-1,-1,-1
174,101,1026,985,56,32,1,-1,-1,-1
174,102,1990,956,44,40,1,-1,-1,-1
174,103,1570,972,44,32,1,-1,-1,-1
174,104,2327,944,60,44,1,-1,-1,-1
174,105,47,1011,59,29,1,-1,-1,-1
174,106,1664,971,48,32,1,-1,-1,-1
174,107,1027,983,56,32,1,-1,-1,-1
174,108,1576,975,40,32,1,-1,-1,-1
174,109,2081,960,52,36,1,-1,-1,-1
174,110,1853,883,48,28,1,-1,-1,-1
175,9,2328,953,80,44,1,-1,-1,-1
175,12,2508,941,52,44,1,-1,-1,-1
175,14,2154,957,56,40,1,-1,-1,-1
175,25,1469,981,52,28,1,-1,-1,-1
175,26,2336,951,65,42,1,-1,-1,-1
175,27,1543,967,72,36,1,-1,-1,-1
175,31,2243,950,76,44,1,-1,-1,-1
175,33,1557,971,56,36,1,-1,-1,-1
175,34,1954,959,80,40,1,-1,-1,-1
175,35,1642,968,64,36,1,-1,-1,-1
175,36,648,1000,57,27,1,-1,-1,-1
175,38,2413,944,56,52,1,-1,-1,-1
175,43,960,988,65,37,1,-1,-1,-1
175,46,2054,955,48,40,1,-1,-1,-1
175,48,1041,985,42,30,1,-1,-1,-1
175,49,762,995,64,28,1,-1,-1,-1
175,50,1951,957,52,40,1,-1,-1,-1
175,53,2150,955,80,40,1,-1,-1,-1
175,55,647,995,57,27,1,-1,-1,-1
175,57,1475,982,51,29,1,-1,-1,-1
175,60,762,993,61,23,1,-1,-1,-1
175,61,647,999,56,24,1,-1,-1,-1
175,63,2551,943,9,48,1,-1,-1,-1
175,64,306,1007,59,29,1,-1,-1,-1
175,65,2164,958,61,34,1,-1,-1,-1
175,66,2047,956,55,42,1,-1,-1,-1
175,67,1866,959,65,34,1,-1,-1,-1
175,69,959,990,53,27,1,-1,-1,-1
175,70,656,996,52,28,1,-1,-1,-1
175,71,1961,962,69,33,1,-1,-1,-1
175,72,2071,956,64,40,1,-1,-1,-1
175,73,1540,967,64,36,1,-1,-1,-1
175,74,2282,950,44,44,1,-1,-1,-1
175,75,763,992,64,32,1,-1,-1,-1
175,76,1473,979,52,28,1,-1,-1,-1
175,77,2248,948,80,46,1,-1,-1,-1
175,78,2085,961,63,38,1,-1,-1,-1
175,79,310,1007,52,24,1,-1,-1,-1
175,80,1636,970,76,38,1,-1,-1,-1
175,81,1472,972,57,34,1,-1,-1,-1
175,82,1539,974,64,36,1,-1,-1,-1
175,83,1027,988,50,27,1,-1,-1,-1
175,84,960,988,52,28,1,-1,-1,-1
175,85,2146,956,67,38,1,-1,-1,-1
175,86,1538,973,72,36,1,-1,-1,-1
175,87,2090,959,48,36,1,-1,-1,-1
175,88,1867,963,80,34,1,-1,-1,-1
175,89,1975,960,61,34,1,-1,-1,-1
175,90,2506,938,54,46,1,-1,-1,-1
175,91,2229,947,55,50,1,-1,-1,-1
175,92,1552,975,63,34,1,-1,-1,-1
175,93,2238,942,55,50,1,-1,-1,-1
175,94,2525,945,35,42,1,-1,-1,-1
175,95,765,995,67,25,1,-1,-1,-1
175,96,2336,947,72,44,1,-1,-1,-1
175,97,2535,945,25,36,1,-1,-1,-1
175,98,1043,984,42,30,1,-1,-1,-1
175,99,963,989,63,29,1,-1,-1,-1
175,100,1663,974,44,32,1,-1,-1,-1
175,101,1026,984,56,32,1,-1,-1,-1
175,102,1990,956,44,40,1,-1,-1,-1
175,103,1571,973,42,30,1,-1,-1,-1
175,104,2328,944,60,44,1,-1,-1,-1
175,105,46,1011,59,29,1,-1,-1,-1
175,106,1664,971,48,32,1,-1,-1,-1
175,107,1026,983,59,34,1,-1,-1,-1
175,108,1576,974,40,32,1,-1,-1,-1
175,109,2081,959,52,36,1,-1,-1,-1
175,110,1853,882,48,28,1,-1,-1,-1
176,9,2334,952,80,44,1,-1,-1,-1
176,12,2514,941,46,44,1,-1,-1,-1
176,14,2158,957,56,40,1,-1,-1,-1
176,25,1474,981,52,28,1,-1,-1,-1
176,26,2342,952,65,42,1,-1,-1,-1
176,27,1548,967,72,36,1,-1,-1,-1
176,31,2247,949,76,44,1,-1,-1,-1
176,33,1561,971,56,36,1,-1,-1,-1
176,34,1960,959,80,40,1,-1,-1,-1
176,35,1647,968,64,36,1,-1,-1,-1
176,36,653,999,57,27,1,-1,-1,-1
176,38,2417,944,56,52,1,-1,-1,-1
176,43,964,988,65,37,1,-1,-1,-1
176,46,2058,956,48,40,1,-1,-1,-1
176,48,1044,986,42,30,1,-1,-1,-1
176,49,767,995,64,28,1,-1,-1,-1
176,50,1956,957,52,40,1,-1,-1,-1
176,53,2153,955,80,40,1,-1,-1,-1
176,55,652,994,57,27,1,-1,-1,-1
176,57,1480,982,51,29,1,-1,-1,-1
176,60,767,994,61,23,1,-1,-1,-1
176,61,652,999,56,24,1,-1,-1,-1
176,63,2557,943,3,48,1,-1,-1,-1
176,64,312,1006,59,29,1,-1,-1,-1
176,65,2169,958,61,34,1,-1,-1,-1
176,66,2050,956,55,42,1,-1,-1,-1
176,67,1870,959,65,34,1,-1,-1,-1
176,69,964,989,53,27,1,-1,-1,-1
176,70,661,996,52,28,1,-1,-1,-1
176,71,1966,963,69,33,1,-1,-1,-1
176,72,2074,956,64,40,1,-1,-1,-1
176,73,1544,967,64,36,1,-1,-1,-1
176,74,2288,949,44,44,1,-1,-1,-1
176,75,766,991,67,34,1,-1,-1,-1
176,76,1478,979,52,28,1,-1,-1,-1
176,77,2253,948,80,46,1,-1,-1,-1
176,78,2089,961,63,38,1,-1,-1,-1
176,79,315,1006,52,24,1,-1,-1,-1
176,80,1641,970,76,38,1,-1,-1,-1
176,81,1477,973,57,34,1,-1,-1,-1
176,82,1544,974,64,36,1,-1,-1,-1
176,83,1032,988,50,27,1,-1,-1,-1
176,84,964,987,52,28,1,-1,-1,-1
176,85,2150,956,67,38,1,-1,-1,-1
176,86,1542,973,72,36,1,-1,-1,-1
176,87,2094,959,48,36,1,-1,-1,-1
176,88,1873,963,80,34,1,-1,-1,-1
176,89,1980,960,61,34,1,-1,-1,-1
176,90,2513,939,47,46,1,-1,-1,-1
176,91,2234,948,52,48,1,-1,-1,-1
176,92,1559,975,63,34,1,-1,-1,-1
176,93,2241,942,55,50,1,-1,-1,-1
176,94,2532,944,28,42,1,-1,-1,-1
176,95,771,994,67,25,1,-1,-1,-1
176,96,2342,947,72,44,1,-1,-1,-1
176,97,2540,944,20,38,1,-1,-1,-1
176,98,1048,983,42,30,1,-1,-1,-1
176,99,969,988,63,29,1,-1,-1,-1
176,100,1667,973,44,32,1,-1,-1,-1
176,101,1029,984,59,34,1,-1,-1,-1
176,102,1996,956,44,40,1,-1,-1,-1
176,103,1576,973,42,30,1,-1,-1,-1
176,104,2333,945,60,44,1,-1,-1,-1
176,105,53,1012,59,29,1,-1,-1,-1
176,106,1669,971,48,32,1,-1,-1,-1
176,107,1031,982,59,34,1,-1,-1,-1
176,108,1581,974,40,32,1,-1,-1,-1
176,109,2085,959,52,36,1,-1,-1,-1
176,110,1861,882,48,28,1,-1,-1,-1
177,9,2334,952,80,44,1,-1,-1,-1
177,12,2514,941,46,44,1,-1,-1,-1
177,14,2158,957,56,40,1,-1,-1,-1
177,25,1474,981,52,28,1,-1,-1,-1
177,26,2342,952,65,42,1,-1,-1,-1
177,27,1548,967,72,36,1,-1,-1,-1
177,31,2247,949,76,44,1,-1,-1,-1
177,33,1564,972,56,32,1,-1,-1,-1
177,34,1960,959,80,40,1,-1,-1,-1
177,35,1647,968,64,36,1,-1,-1,-1
177,36,653,999,57,27,1,-1,-1,-1
177,38,2417,944,56,52,1,-1,-1,-1
177,43,964,988,65,37,1,-1,-1,-1
177,46,2058,956,48,40,1,-1,-1,-1
177,48,1044,986,42,30,1,-1,-1,-1
177,49,768,996,64,28,1,-1,-1,-1
177,50,1956,957,52,40,1,-1,-1,-1
177,53,2153,955,80,40,1,-1,-1,-1
177,55,652,994,57,27,1,-1,-1,-1
177,57,1480,982,51,29,1,-1,-1,-1
177,60,767,994,61,23,1,-1,-1,-1
177,61,652,996,60,28,1,-1,-1,-1
177,63,2557,943,3,48,1,-1,-1,-1
177,64,312,1006,59,29,1,-1,-1,-1
177,65,2169,958,61,34,1,-1,-1,-1
177,67,1870,959,65,34,1,-1,-1,-1
177,69,964,988,60,28,1,-1,-1,-1
177,70,661,996,52,28,1,-1,-1,-1
177,71,1966,963,69,33,1,-1,-1,-1
177,72,2074,956,64,40,1,-1,-1,-1
177,73,1544,967,64,36,1,-1,-1,-1
177,74,2288,949,44,44,1,-1,-1,-1
177,75,766,991,67,34,1,-1,-1,-1
177,76,1480,980,52,28,1,-1,-1,-1
177,77,2253,948,80,46,1,-1,-1,-1
177,78,2089,961,63,38,1,-1,-1,-1
177,79,316,1004,52,24,1,-1,-1,-1
177,80,1641,970,76,38,1,-1,-1,-1
177,81,1477,973,57,34,1,-1,-1,-1
177,82,1544,974,64,36,1,-1,-1,-1
177,83,1032,988,50,27,1,-1,-1,-1
177,84,964,987,52,28,1,-1,-1,-1
177,85,2150,956,67,38,1,-1,-1,-1
177,86,1542,973,72,36,1,-1,-1,-1
177,87,2096,956,56,40,1,-1,-1,-1
177,88,1872,960,72,36,1,-1,-1,-1
177,89,1984,956,56,40,1,-1,-1,-1
177,90,2513,939,47,46,1,-1,-1,-1
177,91,2234,948,52,48,1,-1,-1,-1
177,92,1559,975,63,34,1,-1,-1,-1
177,93,2241,942,55,50,1,-1,-1,-1
177,94,2532,944,28,42,1,-1,-1,-1
177,95,771,994,67,25,1,-1,-1,-1
177,96,2342,947,72,44,1,-1,-1,-1
177,97,2540,944,20,38,1,-1,-1,-1
177,98,1048,983,42,30,1,-1,-1,-1
177,99,969,988,63,29,1,-1,-1,-1
177,100,1667,973,44,32,1,-1,-1,-1
177,101,1029,984,59,34,1,-1,-1,-1
177,102,1996,956,44,40,1,-1,-1,-1
177,103,1576,973,42,30,1,-1,-1,-1
177,104,2333,945,60,44,1,-1,-1,-1
177,105,53,1012,59,29,1,-1,-1,-1
177,106,1669,971,48,32,1,-1,-1,-1
177,107,1036,984,56,28,1,-1,-1,-1
177,108,1581,974,40,32,1,-1,-1,-1
177,109,2085,959,52,36,1,-1,-1,-1
177,110,1861,882,48,28,1,-1,-1,-1
177,111,64,1008,48,28,1,-1,-1,-1
177,112,1956,960,44,36,1,-1,-1,-1
178,9,2341,951,80,44,1,-1,-1,-1
178,12,2521,940,39,44,1,-1,-1,-1
178,14,2164,956,56,40,1,-1,-1,-1
178,25,1480,980,52,28,1,-1,-1,-1
178,26,2348,951,65,42,1,-1,-1,-1
178,27,1554,966,72,36,1,-1,-1,-1
178,31,2254,949,76,44,1,-1,-1,-1
178,33,1569,972,56,32,1,-1,-1,-1
178,34,1966,959,80,40,1,-1,-1,-1
178,35,1654,967,64,36,1,-1,-1,-1
178,36,658,999,57,27,1,-1,-1,-1
178,38,2422,944,56,52,1,-1,-1,-1
178,43,971,987,65,37,1,-1,-1,-1
178,46,2063,954,48,40,1,-1,-1,-1
178,48,1051,984,44,32,1,-1,-1,-1
178,49,772,996,64,28,1,-1,-1,-1
178,50,1961,956,52,40,1,-1,-1,-1
178,53,2160,954,80,40,1,-1,-1,-1
178,55,658,994,57,27,1,-1,-1,-1
178,57,1485,981,51,29,1,-1,-1,-1
178,60,773,993,61,23,1,-1,-1,-1
178,61,656,995,60,28,1,-1,-1,-1
178,63,2559,938,1,48,1,-1,-1,-1
178,64,319,1006,59,29,1,-1,-1,-1
178,65,2174,957,61,34,1,-1,-1,-1
178,67,1877,959,65,34,1,-1,-1,-1
178,69,969,988,60,28,1,-1,-1,-1
178,70,668,996,50,27,1,-1,-1,-1
178,71,1974,963,66,31,1,-1,-1,-1
178,72,2080,956,64,40,1,-1,-1,-1
178,73,1551,966,64,36,1,-1,-1,-1
178,74,2294,949,44,44,1,-1,-1,-1
178,75,772,990,67,34,1,-1,-1,-1
178,76,1484,980,52,28,1,-1,-1,-1
178,77,2260,948,80,46,1,-1,-1,-1
178,78,2094,960,63,38,1,-1,-1,-1
178,79,321,1004,52,24,1,-1,-1,-1
178,80,1647,969,76,38,1,-1,-1,-1
178,81,1483,972,57,34,1,-1,-1,-1
178,82,1551,973,64,36,1,-1,-1,-1
178,83,1039,988,50,27,1,-1,-1,-1
178,84,971,987,52,28,1,-1,-1,-1
178,85,2156,955,67,38,1,-1,-1,-1
178,86,1549,972,72,36,1,-1,-1,-1
178,87,2100,956,56,40,1,-1,-1,-1
178,88,1876,960,72,36,1,-1,-1,-1
178,89,1988,956,56,40,1,-1,-1,-1
178,90,2520,937,40,49,1,-1,-1,-1
178,91,2240,947,52,48,1,-1,-1,-1
178,92,1565,974,63,34,1,-1,-1,-1
178,93,2247,941,55,50,1,-1,-1,-1
178,94,2538,941,22,42,1,-1,-1,-1
178,95,776,994,67,25,1,-1,-1,-1
178,96,2349,946,72,44,1,-1,-1,-1
178,97,2547,942,13,38,1,-1,-1,-1
178,98,1055,983,42,30,1,-1,-1,-1
178,99,975,988,63,29,1,-1,-1,-1
178,100,1673,972,44,32,1,-1,-1,-1
178,101,1036,983,59,34,1,-1,-1,-1
178,102,2001,955,44,40,1,-1,-1,-1
178,103,1582,972,42,30,1,-1,-1,-1
178,104,2339,943,60,44,1,-1,-1,-1
178,105,64,1011,59,29,1,-1,-1,-1
178,106,1674,970,48,32,1,-1,-1,-1
178,107,1041,984,56,28,1,-1,-1,-1
178,108,1587,973,40,32,1,-1,-1,-1
178,109,2091,959,52,36,1,-1,-1,-1
178,110,1872,882,48,28,1,-1,-1,-1
178,111,70,1008,48,28,1,-1,-1,-1
178,112,1960,960,44,36,1,-1,-1,-1
179,9,2340,951,80,44,1,-1,-1,-1
179,12,2522,939,38,44,1,-1,-1,-1
179,14,2164,956,56,40,1,-1,-1,-1
179,25,1480,980,52,28,1,-1,-1,-1
179,26,2348,951,65,42,1,-1,-1,-1
179,27,1554,966,72,36,1,-1,-1,-1
179,31,2254,949,76,44,1,-1,-1,-1
179,33,1569,972,56,32,1,-1,-1,-1
179,34,1965,959,80,40,1,-1,-1,-1
179,35,1653,966,64,36,1,-1,-1,-1
179,36,659,998,57,27,1,-1,-1,-1
179,38,2422,943,56,52,1,-1,-1,-1
179,43,971,987,65,37,1,-1,-1,-1
179,46,2063,953,48,40,1,-1,-1,-1
179,48,1052,985,44,32,1,-1,-1,-1
179,49,772,996,64,28,1,-1,-1,-1
179,50,1962,956,52,40,1,-1,-1,-1
179,53,2160,954,80,40,1,-1,-1,-1
179,55,658,993,57,27,1,-1,-1,-1
179,57,1486,980,51,29,1,-1,-1,-1
179,60,773,993,61,23,1,-1,-1,-1
179,61,656,996,60,28,1,-1,-1,-1
179,64,319,1005,59,29,1,-1,-1,-1
179,65,2175,957,61,34,1,-1,-1,-1
179,67,1877,959,65,34,1,-1,-1,-1
179,69,969,988,60,28,1,-1,-1,-1
179,70,668,996,50,27,1,-1,-1,-1
179,71,1973,963,66,31,1,-1,-1,-1
179,72,2080,955,64,40,1,-1,-1,-1
179,73,1551,966,64,36,1,-1,-1,-1
179,74,2294,949,44,44,1,-1,-1,-1
179,75,772,991,67,34,1,-1,-1,-1
179,76,1484,981,52,28,1,-1,-1,-1
179,77,2260,947,80,46,1,-1,-1,-1
179,78,2095,960,63,38,1,-1,-1,-1
179,79,321,1004,52,24,1,-1,-1,-1
179,80,1648,969,76,38,1,-1,-1,-1
179,81,1483,972,57,34,1,-1,-1,-1
179,82,1551,973,64,36,1,-1,-1,-1
179,83,1039,988,50,27,1,-1,-1,-1
179,84,971,987,52,28,1,-1,-1,-1
179,85,2155,954,67,38,1,-1,-1,-1
179,86,1549,972,72,36,1,-1,-1,-1
179,87,2100,956,56,40,1,-1,-1,-1
179,88,1877,960,72,36,1,-1,-1,-1
179,89,1988,956,56,40,1,-1,-1,-1
179,91,2240,947,52,48,1,-1,-1,-1
179,92,1566,974,60,32,1,-1,-1,-1
179,93,2247,941,55,50,1,-1,-1,-1
179,95,776,994,67,25,1,-1,-1,-1
179,96,2349,945,72,44,1,-1,-1,-1
179,97,2547,941,13,38,1,-1,-1,-1
179,98,1055,984,42,30,1,-1,-1,-1
179,99,976,988,63,29,1,-1,-1,-1
179,100,1673,972,44,32,1,-1,-1,-1
179,101,1036,982,59,34,1,-1,-1,-1
179,102,2000,953,46,42,1,-1,-1,-1
179,103,1582,972,42,30,1,-1,-1,-1
179,104,2339,943,60,44,1,-1,-1,-1
179,105,64,1011,59,29,1,-1,-1,-1
179,106,1674,969,48,32,1,-1,-1,-1
179,107,1041,984,56,28,1,-1,-1,-1
179,108,1587,973,40,32,1,-1,-1,-1
179,109,2091,958,52,36,1,-1,-1,-1
179,110,1872,882,48,28,1,-1,-1,-1
179,111,71,1008,48,28,1,-1,-1,-1
179,112,1961,961,44,36,1,-1,-1,-1
180,9,2346,950,80,44,1,-1,-1,-1
180,12,2529,939,31,44,1,-1,-1,-1
180,14,2169,955,56,40,1,-1,-1,-1
180,25,1486,979,52,28,1,-1,-1,-1
180,26,2354,950,65,42,1,-1,-1,-1
180,27,1560,966,72,36,1,-1,-1,-1
180,31,2259,948,76,44,1,-1,-1,-1
180,33,1575,971,56,32,1,-1,-1,-1
180,34,1971,958,80,40,1,-1,-1,-1
180,35,1659,966,64,36,1,-1,-1,-1
180,36,664,998,57,27,1,-1,-1,-1
180,38,2426,942,56,52,1,-1,-1,-1
180,43,977,987,65,37,1,-1,-1,-1
180,46,2067,953,48,40,1,-1,-1,-1
180,48,1058,984,44,32,1,-1,-1,-1
180,49,777,996,64,28,1,-1,-1,-1
180,50,1967,955,52,40,1,-1,-1,-1
180,53,2162,951,84,42,1,-1,-1,-1
180,55,664,993,57,27,1,-1,-1,-1
180,57,1491,980,51,29,1,-1,-1,-1
180,60,777,992,64,24,1,-1,-1,-1
180,61,662,995,60,28,1,-1,-1,-1
180,64,326,1005,59,29,1,-1,-1,-1
180,65,2179,956,61,34,1,-1,-1,-1
180,67,1882,959,65,34,1,-1,-1,-1
180,69,975,988,60,28,1,-1,-1,-1
180,70,673,996,50,27,1,-1,-1,-1
180,71,1977,963,66,31,1,-1,-1,-1
180,72,2085,955,64,40,1,-1,-1,-1
180,73,1557,965,64,36,1,-1,-1,-1
180,74,2299,948,44,44,1,-1,-1,-1
180,75,777,990,67,34,1,-1,-1,-1
180,76,1490,980,52,28,1,-1,-1,-1
180,77,2265,947,80,46,1,-1,-1,-1
180,78,2099,960,63,38,1,-1,-1,-1
180,79,327,1004,52,24,1,-1,-1,-1
180,80,1652,969,76,38,1,-1,-1,-1
180,81,1488,972,57,34,1,-1,-1,-1
180,82,1557,973,64,36,1,-1,-1,-1
180,83,1045,987,50,27,1,-1,-1,-1
180,84,977,987,52,28,1,-1,-1,-1
180,85,2160,954,67,38,1,-1,-1,-1
180,86,1555,972,72,36,1,-1,-1,-1
180,87,2105,955,56,40,1,-1,-1,-1
180,88,1882,960,72,36,1,-1,-1,-1
180,89,1993,956,56,40,1,-1,-1,-1
180,91,2245,947,52,48,1,-1,-1,-1
180,92,1572,974,60,32,1,-1,-1,-1
180,93,2252,941,55,50,1,-1,-1,-1
180,95,783,994,67,25,1,-1,-1,-1
180,96,2355,945,72,44,1,-1,-1,-1
180,98,1061,982,42,30,1,-1,-1,-1
180,99,981,988,63,29,1,-1,-1,-1
180,100,1678,972,44,32,1,-1,-1,-1
180,101,1041,981,62,35,1,-1,-1,-1
180,102,2005,952,46,42,1,-1,-1,-1
180,103,1587,971,42,30,1,-1,-1,-1
180,104,2346,943,60,44,1,-1,-1,-1
180,105,70,1011,59,29,1,-1,-1,-1
180,106,1679,969,48,32,1,-1,-1,-1
180,107,1047,983,56,28,1,-1,-1,-1
180,108,1591,972,42,34,1,-1,-1,-1
180,109,2096,958,52,36,1,-1,-1,-1
180,110,1880,881,48,28,1,-1,-1,-1
180,111,78,1009,46,27,1,-1,-1,-1
180,112,1965,960,44,36,1,-1,-1,-1
181,9,2348,949,80,44,1,-1,-1,-1
181,12,2532,941,28,42,1,-1,-1,-1
181,14,2172,954,56,40,1,-1,-1,-1
181,25,1490,979,52,28,1,-1,-1,-1
181,26,2357,949,65,42,1,-1,-1,-1
181,27,1564,965,72,36,1,-1,-1,-1
181,31,2261,948,76,44,1,-1,-1,-1
181,33,1578,971,56,32,1,-1,-1,-1
181,34,1972,958,80,40,1,-1,-1,-1
181,35,1661,966,64,36,1,-1,-1,-1
181,36,667,998,57,27,1,-1,-1,-1
181,38,2428,942,56,52,1,-1,-1,-1
181,43,980,987,65,37,1,-1,-1,-1
181,46,2069,953,48,40,1,-1,-1,-1
181,48,1062,984,44,32,1,-1,-1,-1
181,49,781,996,64,28,1,-1,-1,-1
181,50,1969,955,52,40,1,-1,-1,-1
181,53,2165,952,84,42,1,-1,-1,-1
181,55,667,993,57,27,1,-1,-1,-1
181,57,1495,980,51,29,1,-1,-1,-1
181,60,779,992,64,24,1,-1,-1,-1
181,61,665,995,60,28,1,-1,-1,-1
181,64,329,1005,59,29,1,-1,-1,-1
181,65,2182,956,61,34,1,-1,-1,-1
181,67,1884,958,65,34,1,-1,-1,-1
181,69,978,988,60,28,1,-1,-1,-1
181,70,676,996,50,27,1,-1,-1,-1
181,71,1979,962,66,31,1,-1,-1,-1
181,72,2087,955,64,40,1,-1,-1,-1
181,73,1560,965,64,36,1,-1,-1,-1
181,74,2302,948,44,44,1,-1,-1,-1
181,75,780,989,67,34,1,-1,-1,-1
181,76,1494,980,52,28,1,-1,-1,-1
181,77,2267,947,80,46,1,-1,-1,-1
181,78,2101,959,63,38,1,-1,-1,-1
181,79,331,1004,52,24,1,-1,-1,-1
181,80,1655,969,72,36,1,-1,-1,-1
181,81,1492,972,57,34,1,-1,-1,-1
181,82,1560,973,64,36,1,-1,-1,-1
181,83,1049,986,50,27,1,-1,-1,-1
181,84,980,986,52,28,1,-1,-1,-1
181,85,2162,954,67,38,1,-1,-1,-1
181,86,1558,972,72,36,1,-1,-1,-1
181,87,2107,955,56,40,1,-1,-1,-1
181,88,1884,959,72,36,1,-1,-1,-1
181,89,1997,955,56,40,1,-1,-1,-1
181,91,2249,947,52,48,1,-1,-1,-1
181,92,1575,973,60,32,1,-1,-1,-1
181,93,2256,941,55,50,1,-1,-1,-1
181,95,784,993,67,25,1,-1,-1,-1
181,96,2358,945,72,44,1,-1,-1,-1
181,98,1065,982,42,30,1,-1,-1,-1
181,99,985,987,63,29,1,-1,-1,-1
181,100,1682,972,44,32,1,-1,-1,-1
181,101,1045,982,62,35,1,-1,-1,-1
181,102,2009,953,46,42,1,-1,-1,-1
181,103,1591,971,42,30,1,-1,-1,-1
181,104,2349,942,60,44,1,-1,-1,-1
181,105,75,1010,59,29,1,-1,-1,-1
181,106,1682,969,48,32,1,-1,-1,-1
181,107,1051,983,56,28,1,-1,-1,-1
181,108,1595,972,42,34,1,-1,-1,-1
181,109,2096,956,55,38,1,-1,-1,-1
181,110,1885,881,48,28,1,-1,-1,-1
181,111,83,1009,46,27,1,-1,-1,-1
181,112,1968,959,44,36,1,-1,-1,-1
182,9,2356,950,80,44,1,-1,-1,-1
182,12,2536,941,24,44,1,-1,-1,-1
182,14,2178,954,56,40,1,-1,-1,-1
182,25,1495,979,52,28,1,-1,-1,-1
182,26,2364,950,65,42,1,-1,-1,-1
182,27,1569,965,72,36,1,-1,-1,-1
182,31,2268,948,76,44,1,-1,-1,-1
182,33,1584,971,56,32,1,-1,-1,-1
182,34,1978,957,80,40,1,-1,-1,-1
182,35,1667,966,64,36,1,-1,-1,-1
182,36,673,998,57,27,1,-1,-1,-1
182,38,2433,942,56,52,1,-1,-1,-1
182,43,986,986,65,37,1,-1,-1,-1
182,46,2075,952,48,40,1,-1,-1,-1
182,48,1067,984,44,32,1,-1,-1,-1
182,49,787,995,64,28,1,-1,-1,-1
182,50,1975,954,52,40,1,-1,-1,-1
182,53,2171,952,84,42,1,-1,-1,-1
182,55,673,993,57,27,1,-1,-1,-1
182,57,1501,980,51,29,1,-1,-1,-1
182,60,785,992,64,24,1,-1,-1,-1
182,61,670,995,60,28,1,-1,-1,-1
182,64,335,1005,59,29,1,-1,-1,-1
182,65,2187,955,64,36,1,-1,-1,-1
182,67,1890,958,65,34,1,-1,-1,-1
182,69,984,988,60,28,1,-1,-1,-1
182,70,682,996,50,27,1,-1,-1,-1
182,71,1985,961,66,31,1,-1,-1,-1
182,72,2093,954,64,40,1,-1,-1,-1
182,73,1566,965,64,36,1,-1,-1,-1
182,74,2308,948,44,44,1,-1,-1,-1
182,75,787,989,67,34,1,-1,-1,-1
182,76,1500,979,52,28,1,-1,-1,-1
182,77,2274,947,80,46,1,-1,-1,-1
182,78,2107,959,63,38,1,-1,-1,-1
182,79,337,1004,52,24,1,-1,-1,-1
182,80,1662,969,72,36,1,-1,-1,-1
182,81,1498,972,57,34,1,-1,-1,-1
182,82,1566,972,64,36,1,-1,-1,-1
182,83,1054,987,50,27,1,-1,-1,-1
182,84,987,986,52,28,1,-1,-1,-1
182,85,2168,954,67,38,1,-1,-1,-1
182,86,1564,971,72,36,1,-1,-1,-1
182,87,2113,955,56,40,1,-1,-1,-1
182,88,1890,958,72,36,1,-1,-1,-1
182,89,2001,955,56,40,1,-1,-1,-1
182,91,2255,948,52,48,1,-1,-1,-1
182,92,1581,973,60,32,1,-1,-1,-1
182,93,2262,941,55,50,1,-1,-1,-1
182,95,790,992,67,25,1,-1,-1,-1
182,96,2365,945,72,44,1,-1,-1,-1
182,98,1073,983,40,29,1,-1,-1,-1
182,99,991,987,63,29,1,-1,-1,-1
182,100,1688,972,44,32,1,-1,-1,-1
182,101,1051,982,62,35,1,-1,-1,-1
182,102,2014,952,46,42,1,-1,-1,-1
182,103,1597,971,42,30,1,-1,-1,-1
182,104,2355,943,60,44,1,-1,-1,-1
182,105,83,1010,59,29,1,-1,-1,-1
182,106,1687,969,48,32,1,-1,-1,-1
182,107,1057,983,56,28,1,-1,-1,-1
182,108,1601,971,42,34,1,-1,-1,-1
182,109,2102,956,55,38,1,-1,-1,-1
182,110,1893,880,48,28,1,-1,-1,-1
182,111,90,1008,46,27,1,-1,-1,-1
182,112,1973,958,44,36,1,-1,-1,-1
183,9,2356,950,80,44,1,-1,-1,-1
183,12,2536,941,24,44,1,-1,-1,-1
183,14,2178,954,56,40,1,-1,-1,-1
183,25,1496,979,52,28,1,-1,-1,-1
183,26,2364,950,65,42,1,-1,-1,-1
183,27,1569,965,72,36,1,-1,-1,-1
183,31,2268,948,76,44,1,-1,-1,-1
183,33,1584,971,56,32,1,-1,-1,-1
183,34,1980,958,76,38,1,-1,-1,-1
183,35,1667,966,64,36,1,-1,-1,-1
183,36,673,998,57,27,1,-1,-1,-1
183,38,2434,942,56,52,1,-1,-1,-1
183,43,986,987,65,37,1,-1,-1,-1
183,46,2075,952,48,40,1,-1,-1,-1
183,48,1067,984,44,32,1,-1,-1,-1
183,49,787,995,64,28,1,-1,-1,-1
183,50,1974,954,52,40,1,-1,-1,-1
183,53,2171,952,84,42,1,-1,-1,-1
183,55,672,993,57,27,1,-1,-1,-1
183,57,1501,980,51,29,1,-1,-1,-1
183,60,785,991,64,24,1,-1,-1,-1
183,61,670,995,60,28,1,-1,-1,-1
183,64,336,1005,59,29,1,-1,-1,-1
183,65,2187,955,64,36,1,-1,-1,-1
183,67,1890,957,65,34,1,-1,-1,-1
183,69,985,988,60,28,1,-1,-1,-1
183,70,681,996,50,27,1,-1,-1,-1
183,71,1985,961,66,31,1,-1,-1,-1
183,72,2093,954,64,40,1,-1,-1,-1
183,73,1566,965,64,36,1,-1,-1,-1
183,74,2308,948,44,44,1,-1,-1,-1
183,75,786,989,67,34,1,-1,-1,-1
183,76,1500,980,52,28,1,-1,-1,-1
183,77,2274,947,80,46,1,-1,-1,-1
183,78,2108,959,63,38,1,-1,-1,-1
183,79,338,1004,52,24,1,-1,-1,-1
183,80,1662,969,72,36,1,-1,-1,-1
183,81,1498,972,57,34,1,-1,-1,-1
183,82,1566,972,64,36,1,-1,-1,-1
183,83,1055,987,50,27,1,-1,-1,-1
183,84,987,986,52,28,1,-1,-1,-1
183,85,2168,954,67,38,1,-1,-1,-1
183,86,1564,971,72,36,1,-1,-1,-1
183,87,2113,955,56,40,1,-1,-1,-1
183,88,1890,958,72,36,1,-1,-1,-1
183,89,2001,955,56,40,1,-1,-1,-1
183,91,2255,948,52,48,1,-1,-1,-1
183,92,1581,973,60,32,1,-1,-1,-1
183,93,2263,941,55,50,1,-1,-1,-1
183,95,790,992,67,25,1,-1,-1,-1
183,96,2363,943,76,46,1,-1,-1,-1
183,98,1073,982,40,29,1,-1,-1,-1
183,99,991,987,63,29,1,-1,-1,-1
183,100,1688,972,44,32,1,-1,-1,-1
183,101,1051,982,62,35,1,-1,-1,-1
183,102,2014,952,46,42,1,-1,-1,-1
183,103,1597,970,42,30,1,-1,-1,-1
183,104,2356,943,60,44,1,-1,-1,-1
183,105,82,1010,59,29,1,-1,-1,-1
183,106,1687,969,48,32,1,-1,-1,-1
183,107,1057,982,56,28,1,-1,-1,-1
183,108,1601,972,42,34,1,-1,-1,-1
183,109,2102,956,55,38,1,-1,-1,-1
183,110,1893,880,48,28,1,-1,-1,-1
183,111,90,1008,46,27,1,-1,-1,-1
183,112,1973,957,44,36,1,-1,-1,-1
184,9,2364,950,80,44,1,-1,-1,-1
184,12,2541,943,19,44,1,-1,-1,-1
184,14,2183,954,56,40,1,-1,-1,-1
184,25,1501,979,52,28,1,-1,-1,-1
184,26,2370,949,65,42,1,-1,-1,-1
184,27,1575,965,72,36,1,-1,-1,-1
184,31,2275,948,76,44,1,-1,-1,-1
184,33,1590,971,56,32,1,-1,-1,-1
184,34,1986,958,76,38,1,-1,-1,-1
184,35,1673,966,64,36,1,-1,-1,-1
184,36,678,997,57,27,1,-1,-1,-1
184,38,2440,942,56,52,1,-1,-1,-1
184,43,993,986,65,37,1,-1,-1,-1
184,46,2081,953,48,40,1,-1,-1,-1
184,48,1075,984,44,32,1,-1,-1,-1
184,49,791,994,67,29,1,-1,-1,-1
184,50,1980,954,52,40,1,-1,-1,-1
184,53,2177,951,84,42,1,-1,-1,-1
184,55,678,993,57,27,1,-1,-1,-1
184,57,1507,980,51,29,1,-1,-1,-1
184,60,791,991,64,24,1,-1,-1,-1
184,61,676,995,60,28,1,-1,-1,-1
184,64,342,1005,59,29,1,-1,-1,-1
184,65,2193,955,64,36,1,-1,-1,-1
184,67,1896,957,65,34,1,-1,-1,-1
184,69,991,988,60,28,1,-1,-1,-1
184,70,687,995,50,27,1,-1,-1,-1
184,71,1991,962,66,31,1,-1,-1,-1
184,72,2099,954,64,40,1,-1,-1,-1
184,73,1572,965,64,36,1,-1,-1,-1
184,74,2314,948,44,44,1,-1,-1,-1
184,75,792,989,67,34,1,-1,-1,-1
184,76,1506,980,52,28,1,-1,-1,-1
184,77,2280,947,80,46,1,-1,-1,-1
184,78,2113,959,63,38,1,-1,-1,-1
184,79,344,1004,52,24,1,-1,-1,-1
184,80,1668,969,72,36,1,-1,-1,-1
184,81,1504,971,57,34,1,-1,-1,-1
184,82,1572,972,64,36,1,-1,-1,-1
184,83,1062,987,50,27,1,-1,-1,-1
184,84,993,986,52,28,1,-1,-1,-1
184,85,2174,954,67,38,1,-1,-1,-1
184,86,1570,970,72,36,1,-1,-1,-1
184,87,2119,954,56,40,1,-1,-1,-1
184,88,1897,958,72,36,1,-1,-1,-1
184,89,2006,955,56,40,1,-1,-1,-1
184,91,2261,948,52,48,1,-1,-1,-1
184,92,1587,973,60,32,1,-1,-1,-1
184,93,2269,941,55,50,1,-1,-1,-1
184,95,796,992,67,25,1,-1,-1,-1
184,96,2371,943,76,46,1,-1,-1,-1
184,98,1080,983,40,29,1,-1,-1,-1
184,99,997,987,63,29,1,-1,-1,-1
184,100,1694,971,44,32,1,-1,-1,-1
184,101,1057,982,62,35,1,-1,-1,-1
184,102,2018,952,46,42,1,-1,-1,-1
184,103,1603,970,42,30,1,-1,-1,-1
184,104,2363,942,60,44,1,-1,-1,-1
184,105,91,1011,56,28,1,-1,-1,-1
184,106,1695,969,46,30,1,-1,-1,-1
184,107,1064,983,56,28,1,-1,-1,-1
184,108,1607,971,42,34,1,-1,-1,-1
184,109,2109,956,55,38,1,-1,-1,-1
184,110,1902,879,48,28,1,-1,-1,-1
184,111,98,1007,46,27,1,-1,-1,-1
184,112,1978,957,44,36,1,-1,-1,-1
185,9,2364,950,80,44,1,-1,-1,-1
185,12,2541,943,19,44,1,-1,-1,-1
185,25,1501,979,52,28,1,-1,-1,-1
185,26,2370,949,65,42,1,-1,-1,-1
185,27,1575,965,72,36,1,-1,-1,-1
185,33,1590,971,56,32,1,-1,-1,-1
185,34,1988,952,72,40,1,-1,-1,-1
185,35,1672,964,68,36,1,-1,-1,-1
185,36,678,997,57,27,1,-1,-1,-1
185,38,2440,942,56,52,1,-1,-1,-1
185,43,993,986,65,37,1,-1,-1,-1
185,46,2084,956,44,36,1,-1,-1,-1
185,48,1075,984,44,32,1,-1,-1,-1
185,49,792,992,60,28,1,-1,-1,-1
185,50,1980,954,52,40,1,-1,-1,-1
185,53,2177,951,84,42,1,-1,-1,-1
185,55,678,993,57,27,1,-1,-1,-1
185,57,1507,980,51,29,1,-1,-1,-1
185,60,791,991,64,24,1,-1,-1,-1
185,61,676,995,60,28,1,-1,-1,-1
185,64,342,1005,59,29,1,-1,-1,-1
185,65,2193,955,64,36,1,-1,-1,-1
185,67,1896,956,72,36,1,-1,-1,-1
185,69,991,988,60,28,1,-1,-1,-1
185,70,680,992,60,32,1,-1,-1,-1
185,71,1991,962,66,31,1,-1,-1,-1
185,72,2099,954,64,40,1,-1,-1,-1
185,75,792,989,67,34,1,-1,-1,-1
185,76,1506,980,52,28,1,-1,-1,-1
185,77,2280,947,80,46,1,-1,-1,-1
185,78,2113,959,63,38,1,-1,-1,-1
185,79,344,1004,52,24,1,-1,-1,-1
185,80,1668,969,72,36,1,-1,-1,-1
185,81,1504,971,57,34,1,-1,-1,-1
185,82,1572,972,64,36,1,-1,-1,-1
185,83,1062,987,50,27,1,-1,-1,-1
185,84,993,986,52,28,1,-1,-1,-1
185,85,2174,954,67,38,1,-1,-1,-1
185,86,1570,970,72,36,1,-1,-1,-1
185,87,2119,954,56,40,1,-1,-1,-1
185,88,1897,958,72,36,1,-1,-1,-1
185,89,2006,955,56,40,1,-1,-1,-1
185,91,2261,948,52,48,1,-1,-1,-1
185,92,1588,972,60,32,1,-1,-1,-1
185,93,2269,941,55,50,1,-1,-1,-1
185,95,796,992,67,25,1,-1,-1,-1
185,96,2371,943,76,46,1,-1,-1,-1
185,98,1080,983,40,29,1,-1,-1,-1
185,99,997,987,63,29,1,-1,-1,-1
185,100,1694,971,44,32,1,-1,-1,-1
185,101,1057,982,62,35,1,-1,-1,-1
185,102,2018,952,46,42,1,-1,-1,-1
185,103,1603,970,42,30,1,-1,-1,-1
185,104,2363,942,60,44,1,-1,-1,-1
185,105,91,1011,56,28,1,-1,-1,-1
185,106,1695,969,46,30,1,-1,-1,-1
185,107,1064,983,56,28,1,-1,-1,-1
185,108,1607,971,42,34,1,-1,-1,-1
185,109,2109,956,55,38,1,-1,-1,-1
185,110,1902,879,48,28,1,-1,-1,-1
185,111,98,1007,46,27,1,-1,-1,-1
185,112,1978,957,44,36,1,-1,-1,-1
185,113,104,1008,44,24,1,-1,-1,-1
185,114,1508,976,60,28,1,-1,-1,-1
185,115,1068,980,52,28,1,-1,-1,-1
185,116,1004,984,48,28,1,-1,-1,-1
185,117,36,1012,28,24,1,-1,-1,-1
185,118,1568,972,56,28,1,-1,-1,-1
186,9,2373,949,80,44,1,-1,-1,-1
186,12,2543,937,17,44,1,-1,-1,-1
186,25,1512,979,52,28,1,-1,-1,-1
186,26,2381,948,65,42,1,-1,-1,-1
186,27,1584,965,72,36,1,-1,-1,-1
186,33,1599,971,56,32,1,-1,-1,-1
186,34,1995,952,72,40,1,-1,-1,-1
186,35,1678,964,68,36,1,-1,-1,-1
186,36,689,997,57,27,1,-1,-1,-1
186,38,2452,942,56,52,1,-1,-1,-1
186,43,1003,986,65,37,1,-1,-1,-1
186,46,2091,957,44,36,1,-1,-1,-1
186,48,1085,983,44,32,1,-1,-1,-1
186,49,799,992,60,28,1,-1,-1,-1
186,50,1991,954,52,40,1,-1,-1,-1
186,53,2186,952,84,42,1,-1,-1,-1
186,55,689,992,57,27,1,-1,-1,-1
186,57,1517,980,51,29,1,-1,-1,-1
186,60,802,991,64,24,1,-1,-1,-1
186,61,686,995,60,28,1,-1,-1,-1
186,64,352,1004,62,31,1,-1,-1,-1
186,65,2203,955,64,36,1,-1,-1,-1
186,67,1903,956,72,36,1,-1,-1,-1
186,69,1001,988,60,28,1,-1,-1,-1
186,70,687,992,60,32,1,-1,-1,-1
186,71,2001,961,66,31,1,-1,-1,-1
186,72,2109,954,64,40,1,-1,-1,-1
186,75,801,989,67,34,1,-1,-1,-1
186,76,1516,980,52,28,1,-1,-1,-1
186,77,2290,947,80,46,1,-1,-1,-1
186,78,2122,958,63,38,1,-1,-1,-1
186,79,354,1003,52,24,1,-1,-1,-1
186,80,1676,969,72,36,1,-1,-1,-1
186,81,1514,971,57,34,1,-1,-1,-1
186,82,1580,972,64,36,1,-1,-1,-1
186,83,1072,987,50,27,1,-1,-1,-1
186,84,1004,986,52,28,1,-1,-1,-1
186,85,2182,953,71,40,1,-1,-1,-1
186,86,1579,970,72,36,1,-1,-1,-1
186,87,2127,955,56,40,1,-1,-1,-1
186,88,1906,958,72,36,1,-1,-1,-1
186,89,2016,955,56,40,1,-1,-1,-1
186,91,2271,948,52,48,1,-1,-1,-1
186,92,1594,972,60,32,1,-1,-1,-1
186,93,2279,941,55,50,1,-1,-1,-1
186,95,806,992,67,25,1,-1,-1,-1
186,96,2380,942,76,46,1,-1,-1,-1
186,98,1089,982,42,30,1,-1,-1,-1
186,99,1008,987,63,29,1,-1,-1,-1
186,100,1704,971,44,32,1,-1,-1,-1
186,101,1069,982,62,35,1,-1,-1,-1
186,102,2028,952,46,42,1,-1,-1,-1
186,103,1612,970,44,32,1,-1,-1,-1
186,104,2373,942,60,44,1,-1,-1,-1
186,105,104,1011,56,28,1,-1,-1,-1
186,106,1705,968,46,30,1,-1,-1,-1
186,107,1075,983,56,28,1,-1,-1,-1
186,108,1616,971,42,34,1,-1,-1,-1
186,109,2117,956,55,38,1,-1,-1,-1
186,110,1916,879,48,28,1,-1,-1,-1
186,111,111,1007,46,27,1,-1,-1,-1
186,112,1988,958,44,36,1,-1,-1,-1
186,113,113,1008,44,24,1,-1,-1,-1
186,114,1515,976,60,28,1,-1,-1,-1
186,115,1075,980,52,28,1,-1,-1,-1
186,116,1011,984,48,28,1,-1,-1,-1
186,117,45,1012,28,24,1,-1,-1,-1
186,118,1574,972,56,28,1,-1,-1,-1
187,9,2373,949,80,44,1,-1,-1,-1
187,12,2543,937,17,44,1,-1,-1,-1
187,25,1512,979,52,28,1,-1,-1,-1
187,26,2381,948,65,42,1,-1,-1,-1
187,27,1586,966,69,34,1,-1,-1,-1
187,33,1599,971,56,32,1,-1,-1,-1
187,34,1995,952,72,40,1,-1,-1,-1
187,35,1679,964,68,36,1,-1,-1,-1
187,36,688,997,57,27,1,-1,-1,-1
187,38,2452,942,56,52,1,-1,-1,-1
187,43,1003,986,65,37,1,-1,-1,-1
187,46,2091,957,44,36,1,-1,-1,-1
187,48,1086,983,44,32,1,-1,-1,-1
187,49,799,992,60,28,1,-1,-1,-1
187,50,1991,954,52,40,1,-1,-1,-1
187,53,2186,952,84,42,1,-1,-1,-1
187,55,688,992,57,27,1,-1,-1,-1
187,57,1517,979,51,29,1,-1,-1,-1
187,60,802,991,64,24,1,-1,-1,-1
187,61,686,995,60,28,1,-1,-1,-1
187,64,352,1004,62,31,1,-1,-1,-1
187,65,2203,954,64,36,1,-1,-1,-1
187,67,1903,957,72,36,1,-1,-1,-1
187,69,1001,988,60,28,1,-1,-1,-1
187,70,687,992,60,32,1,-1,-1,-1
187,71,2001,961,66,31,1,-1,-1,-1
187,72,2108,954,64,40,1,-1,-1,-1
187,75,804,990,64,32,1,-1,-1,-1
187,76,1516,979,52,28,1,-1,-1,-1
187,77,2291,946,80,46,1,-1,-1,-1
187,78,2122,959,63,38,1,-1,-1,-1
187,79,354,1003,52,24,1,-1,-1,-1
187,80,1677,968,72,36,1,-1,-1,-1
187,81,1514,971,57,34,1,-1,-1,-1
187,82,1581,972,64,36,1,-1,-1,-1
187,83,1073,987,50,27,1,-1,-1,-1
187,84,1004,986,52,28,1,-1,-1,-1
187,85,2182,953,71,40,1,-1,-1,-1
187,86,1580,970,72,36,1,-1,-1,-1
187,87,2127,955,56,40,1,-1,-1,-1
187,88,1907,958,72,36,1,-1,-1,-1
187,89,2017,955,56,40,1,-1,-1,-1
187,91,2272,948,52,48,1,-1,-1,-1
187,92,1595,972,60,32,1,-1,-1,-1
187,93,2279,940,55,50,1,-1,-1,-1
187,95,806,991,67,25,1,-1,-1,-1
187,96,2380,942,76,46,1,-1,-1,-1
187,98,1089,982,42,30,1,-1,-1,-1
187,99,1008,987,63,29,1,-1,-1,-1
187,100,1704,971,44,32,1,-1,-1,-1
187,101,1068,982,62,35,1,-1,-1,-1
187,102,2028,952,46,42,1,-1,-1,-1
187,103,1613,970,44,32,1,-1,-1,-1
187,104,2373,942,60,44,1,-1,-1,-1
187,105,104,1010,56,28,1,-1,-1,-1
187,106,1705,968,46,30,1,-1,-1,-1
187,107,1075,983,56,28,1,-1,-1,-1
187,108,1616,971,42,34,1,-1,-1,-1
187,109,2118,956,55,38,1,-1,-1,-1
187,110,1916,879,48,28,1,-1,-1,-1
187,111,112,1007,46,27,1,-1,-1,-1
187,112,1989,958,44,36,1,-1,-1,-1
187,113,113,1008,44,24,1,-1,-1,-1
187,114,1515,976,60,28,1,-1,-1,-1
187,115,1074,979,55,29,1,-1,-1,-1
187,116,1012,985,48,28,1,-1,-1,-1
187,117,46,1012,28,24,1,-1,-1,-1
187,118,1575,972,56,28,1,-1,-1,-1
188,9,2381,949,80,44,1,-1,-1,-1
188,12,2540,938,20,44,1,-1,-1,-1
188,25,1519,978,52,28,1,-1,-1,-1
188,26,2388,948,65,42,1,-1,-1,-1
188,27,1593,966,69,34,1,-1,-1,-1
188,33,1606,971,56,32,1,-1,-1,-1
188,34,2003,952,72,40,1,-1,-1,-1
188,35,1686,964,68,36,1,-1,-1,-1
188,36,696,997,57,27,1,-1,-1,-1
188,38,2460,943,56,52,1,-1,-1,-1
188,43,1009,986,65,37,1,-1,-1,-1
188,46,2099,957,44,36,1,-1,-1,-1
188,48,1093,983,44,32,1,-1,-1,-1
188,49,807,992,60,28,1,-1,-1,-1
188,50,1998,955,52,40,1,-1,-1,-1
188,53,2193,951,84,42,1,-1,-1,-1
188,55,697,993,54,25,1,-1,-1,-1
188,57,1525,979,51,29,1,-1,-1,-1
188,60,809,991,64,24,1,-1,-1,-1
188,61,695,995,60,28,1,-1,-1,-1
188,64,359,1004,62,31,1,-1,-1,-1
188,65,2210,954,64,36,1,-1,-1,-1
188,67,1911,956,72,36,1,-1,-1,-1
188,69,1008,988,60,28,1,-1,-1,-1
188,70,695,992,60,32,1,-1,-1,-1
188,71,2008,961,66,31,1,-1,-1,-1
188,72,2115,954,64,40,1,-1,-1,-1
188,75,811,990,64,32,1,-1,-1,-1
188,76,1524,979,52,28,1,-1,-1,-1
188,77,2298,946,80,46,1,-1,-1,-1
188,78,2129,959,63,38,1,-1,-1,-1
188,79,361,1003,55,25,1,-1,-1,-1
188,80,1684,968,72,36,1,-1,-1,-1
188,81,1522,971,57,34,1,-1,-1,-1
188,82,1588,971,64,36,1,-1,-1,-1
188,83,1079,986,52,28,1,-1,-1,-1
188,84,1011,985,52,28,1,-1,-1,-1
188,85,2189,953,71,40,1,-1,-1,-1
188,86,1587,970,72,36,1,-1,-1,-1
188,87,2134,954,56,40,1,-1,-1,-1
188,88,1915,958,72,36,1,-1,-1,-1
188,89,2023,955,56,40,1,-1,-1,-1
188,91,2278,947,52,48,1,-1,-1,-1
188,92,1602,972,60,32,1,-1,-1,-1
188,93,2285,941,55,50,1,-1,-1,-1
188,95,813,992,67,25,1,-1,-1,-1
188,96,2389,942,76,46,1,-1,-1,-1
188,98,1097,982,42,30,1,-1,-1,-1
188,99,1015,987,63,29,1,-1,-1,-1
188,100,1712,970,44,32,1,-1,-1,-1
188,101,1075,982,62,35,1,-1,-1,-1
188,102,2034,952,46,42,1,-1,-1,-1
188,103,1620,970,44,32,1,-1,-1,-1
188,104,2380,941,60,44,1,-1,-1,-1
188,105,115,1010,53,27,1,-1,-1,-1
188,106,1711,968,46,30,1,-1,-1,-1
188,107,1082,983,56,28,1,-1,-1,-1
188,108,1624,972,40,32,1,-1,-1,-1
188,109,2125,955,55,38,1,-1,-1,-1
188,110,1926,879,48,28,1,-1,-1,-1
188,111,121,1007,44,25,1,-1,-1,-1
188,112,1997,958,44,36,1,-1,-1,-1
188,113,122,1008,44,24,1,-1,-1,-1
188,114,1523,976,60,28,1,-1,-1,-1
188,115,1081,979,55,29,1,-1,-1,-1
188,116,1019,984,48,28,1,-1,-1,-1
188,117,57,1012,28,24,1,-1,-1,-1
188,118,1583,972,56,28,1,-1,-1,-1
189,9,2384,949,80,44,1,-1,-1,-1
189,12,2541,937,19,44,1,-1,-1,-1
189,25,1523,978,52,28,1,-1,-1,-1
189,26,2392,948,65,42,1,-1,-1,-1
189,27,1600,966,65,33,1,-1,-1,-1
189,33,1610,970,56,32,1,-1,-1,-1
189,34,2006,952,72,40,1,-1,-1,-1
189,35,1687,963,71,38,1,-1,-1,-1
189,36,701,997,57,27,1,-1,-1,-1
189,38,2465,943,56,52,1,-1,-1,-1
189,43,1014,986,65,37,1,-1,-1,-1
189,46,2102,956,44,36,1,-1,-1,-1
189,48,1097,983,44,32,1,-1,-1,-1
189,49,811,992,60,28,1,-1,-1,-1
189,50,2001,955,52,40,1,-1,-1,-1
189,53,2197,951,84,42,1,-1,-1,-1
189,55,701,993,54,25,1,-1,-1,-1
189,57,1528,980,51,29,1,-1,-1,-1
189,60,813,991,64,24,1,-1,-1,-1
189,61,698,995,60,28,1,-1,-1,-1
189,64,364,1003,62,31,1,-1,-1,-1
189,65,2213,953,64,36,1,-1,-1,-1
189,67,1916,956,72,36,1,-1,-1,-1
189,69,1013,987,60,28,1,-1,-1,-1
189,70,700,992,60,32,1,-1,-1,-1
189,71,2012,960,69,33,1,-1,-1,-1
189,72,2118,954,64,40,1,-1,-1,-1
189,75,813,989,64,32,1,-1,-1,-1
189,76,1527,979,52,28,1,-1,-1,-1
189,77,2301,946,80,46,1,-1,-1,-1
189,78,2134,958,63,38,1,-1,-1,-1
189,79,365,1002,55,25,1,-1,-1,-1
189,80,1688,968,72,36,1,-1,-1,-1
189,81,1525,971,57,34,1,-1,-1,-1
189,82,1592,971,64,36,1,-1,-1,-1
189,83,1083,986,52,28,1,-1,-1,-1
189,84,1015,985,52,28,1,-1,-1,-1
189,85,2193,952,71,40,1,-1,-1,-1
189,86,1590,970,72,36,1,-1,-1,-1
189,87,2138,954,56,40,1,-1,-1,-1
189,88,1919,958,72,36,1,-1,-1,-1
189,89,2027,955,56,40,1,-1,-1,-1
189,91,2281,947,52,48,1,-1,-1,-1
189,92,1606,972,60,32,1,-1,-1,-1
189,93,2289,940,55,50,1,-1,-1,-1
189,95,816,991,67,25,1,-1,-1,-1
189,96,2392,942,76,46,1,-1,-1,-1
189,98,1101,982,42,30,1,-1,-1,-1
189,99,1018,986,63,29,1,-1,-1,-1
189,100,1716,970,44,32,1,-1,-1,-1
189,101,1080,982,62,35,1,-1,-1,-1
189,102,2038,952,46,42,1,-1,-1,-1
189,103,1623,970,44,32,1,-1,-1,-1
189,104,2385,943,57,42,1,-1,-1,-1
189,105,120,1010,53,27,1,-1,-1,-1
189,106,1716,968,46,30,1,-1,-1,-1
189,107,1086,983,56,28,1,-1,-1,-1
189,108,1628,972,40,32,1,-1,-1,-1
189,109,2129,956,55,38,1,-1,-1,-1
189,110,1931,879,48,28,1,-1,-1,-1
189,111,126,1007,44,25,1,-1,-1,-1
189,112,2000,958,44,36,1,-1,-1,-1
189,113,127,1009,44,24,1,-1,-1,-1
189,114,1528,976,60,28,1,-1,-1,-1
189,115,1085,980,55,29,1,-1,-1,-1
189,116,1023,984,48,28,1,-1,-1,-1
189,117,62,1012,28,24,1,-1,-1,-1
189,118,1587,972,56,28,1,-1,-1,-1
190,9,2391,949,80,44,1,-1,-1,-1
190,25,1529,978,52,28,1,-1,-1,-1
190,26,2399,948,65,42,1,-1,-1,-1
190,27,1605,967,65,33,1,-1,-1,-1
190,33,1616,970,56,32,1,-1,-1,-1
190,34,2012,952,72,40,1,-1,-1,-1
190,35,1694,963,71,38,1,-1,-1,-1
190,36,707,998,54,25,1,-1,-1,-1
190,38,2471,943,56,52,1,-1,-1,-1
190,43,1021,985,65,37,1,-1,-1,-1
190,46,2107,956,44,36,1,-1,-1,-1
190,48,1102,983,44,32,1,-1,-1,-1
190,49,817,992,60,28,1,-1,-1,-1
190,50,2006,955,52,40,1,-1,-1,-1
190,53,2203,950,84,42,1,-1,-1,-1
190,55,707,993,54,25,1,-1,-1,-1
190,57,1534,979,51,29,1,-1,-1,-1
190,60,819,991,64,24,1,-1,-1,-1
190,61,704,995,60,28,1,-1,-1,-1
190,64,370,1003,62,31,1,-1,-1,-1
190,65,2218,953,64,36,1,-1,-1,-1
190,67,1922,957,72,36,1,-1,-1,-1
190,69,1019,987,60,28,1,-1,-1,-1
190,70,706,992,60,32,1,-1,-1,-1
190,71,2017,960,69,33,1,-1,-1,-1
190,72,2125,954,64,40,1,-1,-1,-1
190,75,820,989,64,32,1,-1,-1,-1
190,76,1532,979,52,28,1,-1,-1,-1
190,77,2307,947,80,46,1,-1,-1,-1
190,78,2139,957,63,38,1,-1,-1,-1
190,79,372,1002,55,25,1,-1,-1,-1
190,80,1694,968,72,36,1,-1,-1,-1
190,81,1531,970,57,34,1,-1,-1,-1
190,82,1599,971,64,36,1,-1,-1,-1
190,83,1089,986,52,28,1,-1,-1,-1
190,84,1021,985,50,27,1,-1,-1,-1
190,85,2199,953,71,40,1,-1,-1,-1
190,86,1597,970,72,36,1,-1,-1,-1
190,87,2143,954,56,40,1,-1,-1,-1
190,88,1926,958,72,36,1,-1,-1,-1
190,89,2033,954,56,40,1,-1,-1,-1
190,91,2288,946,52,48,1,-1,-1,-1
190,92,1612,972,60,32,1,-1,-1,-1
190,93,2294,940,55,50,1,-1,-1,-1
190,95,823,991,67,25,1,-1,-1,-1
190,96,2399,942,76,46,1,-1,-1,-1
190,98,1107,982,42,30,1,-1,-1,-1
190,99,1025,986,63,29,1,-1,-1,-1
190,100,1722,970,44,32,1,-1,-1,-1
190,101,1086,981,62,35,1,-1,-1,-1
190,102,2044,952,46,42,1,-1,-1,-1
190,103,1628,970,44,32,1,-1,-1,-1
190,104,2391,942,57,42,1,-1,-1,-1
190,105,128,1010,53,27,1,-1,-1,-1
190,106,1722,968,46,30,1,-1,-1,-1
190,107,1091,982,56,28,1,-1,-1,-1
190,108,1633,972,40,32,1,-1,-1,-1
190,109,2134,956,55,38,1,-1,-1,-1
190,110,1940,878,48,28,1,-1,-1,-1
190,111,135,1008,41,24,1,-1,-1,-1
190,112,2005,958,44,36,1,-1,-1,-1
190,113,135,1009,44,24,1,-1,-1,-1
190,114,1533,976,60,28,1,-1,-1,-1
190,115,1091,979,55,29,1,-1,-1,-1
190,116,1029,983,48,28,1,-1,-1,-1
190,117,70,1011,28,24,1,-1,-1,-1
190,118,1593,972,56,28,1,-1,-1,-1
191,9,2391,948,80,44,1,-1,-1,-1
191,25,1529,978,52,28,1,-1,-1,-1
191,26,2399,948,65,42,1,-1,-1,-1
191,27,1605,967,65,33,1,-1,-1,-1
191,33,1616,970,56,32,1,-1,-1,-1
191,34,2012,952,72,40,1,-1,-1,-1
191,35,1694,964,71,38,1,-1,-1,-1
191,36,707,998,54,25,1,-1,-1,-1
191,38,2471,943,56,52,1,-1,-1,-1
191,43,1021,984,65,37,1,-1,-1,-1
191,46,2107,956,44,36,1,-1,-1,-1
191,48,1103,983,44,32,1,-1,-1,-1
191,49,817,992,60,28,1,-1,-1,-1
191,50,2006,954,52,40,1,-1,-1,-1
191,53,2202,950,84,42,1,-1,-1,-1
191,55,707,993,54,25,1,-1,-1,-1
191,57,1534,978,51,29,1,-1,-1,-1
191,60,819,990,64,24,1,-1,-1,-1
191,61,704,995,60,28,1,-1,-1,-1
191,64,371,1003,62,31,1,-1,-1,-1
191,65,2219,953,64,36,1,-1,-1,-1
191,67,1922,957,72,36,1,-1,-1,-1
191,69,1020,987,57,27,1,-1,-1,-1
191,70,706,991,60,32,1,-1,-1,-1
191,71,2017,960,69,33,1,-1,-1,-1
191,72,2125,954,64,40,1,-1,-1,-1
191,75,821,989,64,32,1,-1,-1,-1
191,76,1533,979,52,28,1,-1,-1,-1
191,77,2307,947,80,46,1,-1,-1,-1
191,78,2139,958,63,38,1,-1,-1,-1
191,79,372,1002,55,25,1,-1,-1,-1
191,80,1694,968,72,36,1,-1,-1,-1
191,81,1532,970,57,34,1,-1,-1,-1
191,82,1599,971,64,36,1,-1,-1,-1
191,83,1087,985,55,29,1,-1,-1,-1
191,84,1021,986,50,27,1,-1,-1,-1
191,85,2199,952,71,40,1,-1,-1,-1
191,86,1597,970,72,36,1,-1,-1,-1
191,87,2143,954,56,40,1,-1,-1,-1
191,88,1926,958,72,36,1,-1,-1,-1
191,89,2033,954,56,40,1,-1,-1,-1
191,91,2288,946,52,48,1,-1,-1,-1
191,92,1612,972,60,32,1,-1,-1,-1
191,93,2295,940,55,50,1,-1,-1,-1
191,95,823,991,67,25,1,-1,-1,-1
191,96,2399,942,76,46,1,-1,-1,-1
191,98,1107,982,42,30,1,-1,-1,-1
191,99,1024,986,63,29,1,-1,-1,-1
191,100,1722,970,44,32,1,-1,-1,-1
191,101,1085,981,62,35,1,-1,-1,-1
191,102,2044,952,46,42,1,-1,-1,-1
191,103,1628,970,44,32,1,-1,-1,-1
191,104,2392,942,57,42,1,-1,-1,-1
191,105,128,1010,53,27,1,-1,-1,-1
191,106,1723,968,46,30,1,-1,-1,-1
191,107,1091,982,56,28,1,-1,-1,-1
191,108,1633,972,40,32,1,-1,-1,-1
191,109,2134,956,55,38,1,-1,-1,-1
191,110,1940,878,48,28,1,-1,-1,-1
191,111,136,1008,41,24,1,-1,-1,-1
191,112,2005,957,44,36,1,-1,-1,-1
191,113,135,1009,44,24,1,-1,-1,-1
191,114,1533,975,60,28,1,-1,-1,-1
191,115,1091,979,55,29,1,-1,-1,-1
191,116,1029,983,48,28,1,-1,-1,-1
191,117,71,1011,28,24,1,-1,-1,-1
191,118,1593,972,56,28,1,-1,-1,-1
