1,0,2200,576,264,224,1,-1,-1,-1
1,1,556,592,220,276,1,-1,-1,-1
1,2,1500,408,236,184,1,-1,-1,-1
1,3,816,832,256,248,1,-1,-1,-1
1,4,1688,208,868,816,1,-1,-1,-1
1,5,552,312,120,224,1,-1,-1,-1
1,6,1268,272,132,172,1,-1,-1,-1
1,7,360,584,188,208,1,-1,-1,-1
1,8,1072,248,160,212,1,-1,-1,-1
1,9,664,264,172,156,1,-1,-1,-1
1,10,436,1052,228,296,1,-1,-1,-1
1,11,384,440,140,192,1,-1,-1,-1
1,12,2052,600,152,204,1,-1,-1,-1
1,13,1068,672,200,224,1,-1,-1,-1
1,14,60,936,312,260,1,-1,-1,-1
1,15,1924,296,120,148,1,-1,-1,-1
1,16,1660,576,116,320,1,-1,-1,-1
1,17,148,772,200,228,1,-1,-1,-1
1,18,352,952,324,196,1,-1,-1,-1
1,19,384,856,244,156,1,-1,-1,-1
1,20,0,1200,136,236,1,-1,-1,-1
1,21,1700,348,228,180,1,-1,-1,-1
1,22,1200,536,60,40,1,-1,-1,-1
2,0,2200,575,264,224,1,-1,-1,-1
2,1,562,591,220,276,1,-1,-1,-1
2,2,1454,414,236,184,1,-1,-1,-1
2,3,817,831,256,248,1,-1,-1,-1
2,4,1668,205,868,816,1,-1,-1,-1
2,5,552,312,120,224,1,-1,-1,-1
2,6,1267,273,132,172,1,-1,-1,-1
2,7,361,584,188,208,1,-1,-1,-1
2,8,1072,248,160,212,1,-1,-1,-1
2,9,664,264,172,156,1,-1,-1,-1
2,10,436,1053,228,296,1,-1,-1,-1
2,11,383,440,140,192,1,-1,-1,-1
2,12,2051,599,152,204,1,-1,-1,-1
2,13,1067,674,200,224,1,-1,-1,-1
2,14,61,936,312,260,1,-1,-1,-1
2,15,1928,295,120,148,1,-1,-1,-1
2,16,1656,571,116,320,1,-1,-1,-1
2,17,147,773,200,228,1,-1,-1,-1
2,18,356,955,324,196,1,-1,-1,-1
2,19,386,857,244,156,1,-1,-1,-1
2,20,0,1200,136,236,1,-1,-1,-1
2,21,1686,349,228,180,1,-1,-1,-1
2,22,1200,536,60,40,1,-1,-1,-1
3,0,2201,575,264,224,1,-1,-1,-1
3,1,573,587,220,276,1,-1,-1,-1
3,2,1402,423,236,184,1,-1,-1,-1
3,3,818,831,256,248,1,-1,-1,-1
3,4,1679,207,868,816,1,-1,-1,-1
3,5,552,312,120,224,1,-1,-1,-1
3,6,1266,275,132,172,1,-1,-1,-1
3,7,363,585,188,208,1,-1,-1,-1
3,8,1073,248,160,212,1,-1,-1,-1
3,9,664,264,172,156,1,-1,-1,-1
3,10,436,1056,228,296,1,-1,-1,-1
3,11,385,439,140,192,1,-1,-1,-1
3,12,2052,599,152,204,1,-1,-1,-1
3,13,1066,676,200,224,1,-1,-1,-1
3,14,62,937,312,260,1,-1,-1,-1
3,15,1934,297,120,148,1,-1,-1,-1
3,16,1633,609,116,320,1,-1,-1,-1
3,17,144,776,200,228,1,-1,-1,-1
3,18,359,959,324,196,1,-1,-1,-1
3,19,387,858,244,156,1,-1,-1,-1
3,20,1,1200,136,236,1,-1,-1,-1
3,21,1688,352,228,180,1,-1,-1,-1
3,22,1200,537,60,40,1,-1,-1,-1
4,0,2203,579,264,224,1,-1,-1,-1
4,1,588,578,220,276,1,-1,-1,-1
4,2,1362,421,236,184,1,-1,-1,-1
4,3,819,829,256,248,1,-1,-1,-1
4,4,1654,197,906,857,1,-1,-1,-1
4,5,553,313,120,224,1,-1,-1,-1
4,6,1264,277,132,172,1,-1,-1,-1
4,7,364,585,188,208,1,-1,-1,-1
4,8,1074,250,160,212,1,-1,-1,-1
4,9,665,266,172,156,1,-1,-1,-1
4,10,435,1058,228,296,1,-1,-1,-1
4,11,388,437,140,192,1,-1,-1,-1
4,12,2053,602,152,204,1,-1,-1,-1
4,13,1070,680,190,213,1,-1,-1,-1
4,14,61,937,312,260,1,-1,-1,-1
4,15,1939,299,120,148,1,-1,-1,-1
4,16,1641,683,116,320,1,-1,-1,-1
4,17,143,777,200,228,1,-1,-1,-1
4,18,361,960,324,196,1,-1,-1,-1
4,19,390,859,244,156,1,-1,-1,-1
4,20,1,1200,136,236,1,-1,-1,-1
4,21,1687,351,228,180,1,-1,-1,-1
4,22,1200,537,60,40,1,-1,-1,-1
5,0,2203,580,264,224,1,-1,-1,-1
5,1,590,578,220,276,1,-1,-1,-1
5,2,1359,423,236,184,1,-1,-1,-1
5,3,820,828,256,248,1,-1,-1,-1
5,4,1647,195,911,857,1,-1,-1,-1
5,5,553,313,120,224,1,-1,-1,-1
5,6,1264,277,132,172,1,-1,-1,-1
5,7,365,585,188,208,1,-1,-1,-1
5,8,1076,251,160,212,1,-1,-1,-1
5,9,664,266,172,156,1,-1,-1,-1
5,10,435,1058,228,296,1,-1,-1,-1
5,11,389,436,140,192,1,-1,-1,-1
5,12,2053,602,152,204,1,-1,-1,-1
5,13,1069,680,190,213,1,-1,-1,-1
5,14,60,938,312,260,1,-1,-1,-1
5,15,1939,298,120,148,1,-1,-1,-1
5,16,1645,707,122,336,1,-1,-1,-1
5,17,143,776,200,228,1,-1,-1,-1
5,18,362,960,324,196,1,-1,-1,-1
5,19,390,859,244,156,1,-1,-1,-1
5,20,1,1200,136,236,1,-1,-1,-1
5,21,1686,351,228,180,1,-1,-1,-1
5,22,1200,537,60,40,1,-1,-1,-1
6,0,2209,588,251,213,1,-1,-1,-1
6,1,605,569,220,276,1,-1,-1,-1
6,2,1332,418,236,184,1,-1,-1,-1
6,3,820,829,256,248,1,-1,-1,-1
6,4,1600,195,957,900,1,-1,-1,-1
6,5,554,312,120,224,1,-1,-1,-1
6,6,1262,278,132,172,1,-1,-1,-1
6,7,366,585,188,208,1,-1,-1,-1
6,8,1077,251,160,212,1,-1,-1,-1
6,9,664,265,172,156,1,-1,-1,-1
6,10,433,1057,228,296,1,-1,-1,-1
6,11,392,434,140,192,1,-1,-1,-1
6,12,2054,603,152,204,1,-1,-1,-1
6,13,1066,673,190,213,1,-1,-1,-1
6,14,61,938,312,260,1,-1,-1,-1
6,15,1941,300,120,148,1,-1,-1,-1
6,16,1648,732,116,320,1,-1,-1,-1
6,17,143,776,200,228,1,-1,-1,-1
6,18,362,960,324,196,1,-1,-1,-1
6,19,391,859,244,156,1,-1,-1,-1
6,20,1,1201,136,236,1,-1,-1,-1
6,21,1685,351,228,180,1,-1,-1,-1
6,22,1200,537,60,40,1,-1,-1,-1
7,0,2210,592,251,213,1,-1,-1,-1
7,1,614,568,220,276,1,-1,-1,-1
7,2,1298,421,225,175,1,-1,-1,-1
7,3,819,829,256,248,1,-1,-1,-1
7,4,1611,197,949,900,1,-1,-1,-1
7,5,554,312,120,224,1,-1,-1,-1
7,6,1262,278,132,172,1,-1,-1,-1
7,7,371,587,188,208,1,-1,-1,-1
7,8,1077,253,160,212,1,-1,-1,-1
7,9,664,265,172,156,1,-1,-1,-1
7,10,433,1060,228,296,1,-1,-1,-1
7,11,396,431,140,192,1,-1,-1,-1
7,12,2055,608,145,194,1,-1,-1,-1
7,13,1065,661,190,213,1,-1,-1,-1
7,14,61,938,312,260,1,-1,-1,-1
7,15,1943,300,120,148,1,-1,-1,-1
7,16,1649,728,116,320,1,-1,-1,-1
7,17,142,776,200,228,1,-1,-1,-1
7,18,361,960,324,196,1,-1,-1,-1
7,19,390,859,244,156,1,-1,-1,-1
7,20,1,1201,136,236,1,-1,-1,-1
7,21,1684,352,228,180,1,-1,-1,-1
7,22,1200,537,60,40,1,-1,-1,-1
8,0,2248,619,264,224,1,-1,-1,-1
8,1,617,564,220,276,1,-1,-1,-1
8,2,1259,424,225,175,1,-1,-1,-1
8,3,819,827,256,248,1,-1,-1,-1
8,4,1656,227,904,857,1,-1,-1,-1
8,5,554,312,120,224,1,-1,-1,-1
8,6,1263,278,132,172,1,-1,-1,-1
8,7,368,582,197,218,1,-1,-1,-1
8,8,1077,256,160,212,1,-1,-1,-1
8,9,663,264,172,156,1,-1,-1,-1
8,10,432,1064,228,296,1,-1,-1,-1
8,11,397,429,140,192,1,-1,-1,-1
8,12,2084,620,138,185,1,-1,-1,-1
8,13,1022,726,190,213,1,-1,-1,-1
8,14,60,938,312,260,1,-1,-1,-1
8,15,1946,301,120,148,1,-1,-1,-1
8,16,1657,737,110,305,1,-1,-1,-1
8,17,143,773,200,228,1,-1,-1,-1
8,18,363,961,324,196,1,-1,-1,-1
8,19,389,858,244,156,1,-1,-1,-1
8,20,1,1201,136,236,1,-1,-1,-1
8,21,1681,355,228,180,1,-1,-1,-1
8,22,1200,537,60,40,1,-1,-1,-1
9,0,2248,619,264,224,1,-1,-1,-1
9,1,628,580,228,288,1,-1,-1,-1
9,2,1236,416,232,184,1,-1,-1,-1
9,3,824,780,188,284,1,-1,-1,-1
9,4,1656,227,904,857,1,-1,-1,-1
9,5,552,312,116,216,1,-1,-1,-1
9,6,1276,284,120,148,1,-1,-1,-1
9,7,360,584,220,208,1,-1,-1,-1
9,8,1092,256,132,232,1,-1,-1,-1
9,9,660,264,172,164,1,-1,-1,-1
9,10,392,1080,224,340,1,-1,-1,-1
9,11,392,448,144,160,1,-1,-1,-1
9,12,2084,620,138,185,1,-1,-1,-1
9,13,1022,726,190,213,1,-1,-1,-1
9,14,60,936,308,288,1,-1,-1,-1
9,15,1944,300,128,160,1,-1,-1,-1
9,16,1657,737,110,305,1,-1,-1,-1
9,17,148,760,192,236,1,-1,-1,-1
9,18,392,980,304,160,1,-1,-1,-1
9,19,392,852,248,156,1,-1,-1,-1
9,20,0,1196,80,232,1,-1,-1,-1
9,21,1664,356,224,140,1,-1,-1,-1
9,22,1200,532,60,48,1,-1,-1,-1
9,23,952,292,1608,936,1,-1,-1,-1
9,24,1076,664,168,96,1,-1,-1,-1
9,25,1780,260,152,116,1,-1,-1,-1
10,0,2224,601,264,224,1,-1,-1,-1
10,1,628,580,228,288,1,-1,-1,-1
10,2,1221,416,232,184,1,-1,-1,-1
10,3,815,777,188,284,1,-1,-1,-1
10,4,1652,217,908,900,1,-1,-1,-1
10,5,552,312,116,216,1,-1,-1,-1
10,6,1276,283,120,148,1,-1,-1,-1
10,7,363,585,220,208,1,-1,-1,-1
10,8,1092,256,132,232,1,-1,-1,-1
10,9,660,264,172,164,1,-1,-1,-1
10,10,388,1087,224,340,1,-1,-1,-1
10,11,392,448,144,160,1,-1,-1,-1
10,12,2058,621,138,185,1,-1,-1,-1
10,13,992,811,190,213,1,-1,-1,-1
10,14,60,936,308,288,1,-1,-1,-1
10,15,1944,301,128,160,1,-1,-1,-1
10,16,1644,898,116,320,1,-1,-1,-1
10,17,151,754,192,236,1,-1,-1,-1
10,18,394,981,304,160,1,-1,-1,-1
10,19,392,852,248,156,1,-1,-1,-1
10,20,0,1196,80,232,1,-1,-1,-1
10,21,1660,355,224,140,1,-1,-1,-1
10,22,1200,532,60,48,1,-1,-1,-1
10,23,946,317,1608,936,1,-1,-1,-1
10,24,1076,663,168,96,1,-1,-1,-1
10,25,1779,260,152,116,1,-1,-1,-1
11,0,2231,593,264,224,1,-1,-1,-1
11,1,630,579,228,288,1,-1,-1,-1
11,2,1222,417,232,184,1,-1,-1,-1
11,3,811,780,188,284,1,-1,-1,-1
11,4,1673,215,887,900,1,-1,-1,-1
11,5,552,312,116,216,1,-1,-1,-1
11,6,1277,284,120,148,1,-1,-1,-1
11,7,364,585,220,208,1,-1,-1,-1
11,8,1092,257,132,232,1,-1,-1,-1
11,9,660,265,172,164,1,-1,-1,-1
11,10,386,1088,224,340,1,-1,-1,-1
11,11,392,448,144,160,1,-1,-1,-1
11,12,2056,615,138,185,1,-1,-1,-1
11,13,989,825,190,213,1,-1,-1,-1
11,14,60,936,308,288,1,-1,-1,-1
11,15,1945,301,128,160,1,-1,-1,-1
11,16,1640,923,122,336,1,-1,-1,-1
11,17,153,752,192,236,1,-1,-1,-1
11,18,395,982,304,160,1,-1,-1,-1
11,19,392,852,248,156,1,-1,-1,-1
11,20,0,1196,80,232,1,-1,-1,-1
11,21,1660,354,224,140,1,-1,-1,-1
11,22,1200,532,60,48,1,-1,-1,-1
11,23,947,322,1608,936,1,-1,-1,-1
11,24,1076,663,168,96,1,-1,-1,-1
11,25,1779,260,152,116,1,-1,-1,-1
12,0,2203,523,264,224,1,-1,-1,-1
12,1,630,578,228,288,1,-1,-1,-1
12,2,1211,418,232,184,1,-1,-1,-1
12,3,822,766,188,284,1,-1,-1,-1
12,4,1676,236,884,900,1,-1,-1,-1
12,5,552,312,116,216,1,-1,-1,-1
12,6,1277,283,120,148,1,-1,-1,-1
12,7,366,586,220,208,1,-1,-1,-1
12,8,1092,258,132,232,1,-1,-1,-1
12,9,661,265,172,164,1,-1,-1,-1
12,10,389,1090,224,340,1,-1,-1,-1
12,11,393,448,144,160,1,-1,-1,-1
12,12,2036,647,138,185,1,-1,-1,-1
12,13,951,871,190,213,1,-1,-1,-1
12,14,59,935,308,288,1,-1,-1,-1
12,15,1946,303,128,160,1,-1,-1,-1
12,16,1635,945,116,320,1,-1,-1,-1
12,17,155,745,192,236,1,-1,-1,-1
12,18,396,981,304,160,1,-1,-1,-1
12,19,392,851,248,156,1,-1,-1,-1
12,20,0,1197,80,232,1,-1,-1,-1
12,21,1655,353,224,140,1,-1,-1,-1
12,22,1201,532,60,48,1,-1,-1,-1
12,23,932,347,1608,936,1,-1,-1,-1
12,24,1075,659,168,96,1,-1,-1,-1
12,25,1778,260,152,116,1,-1,-1,-1
13,0,2179,534,251,213,1,-1,-1,-1
13,1,629,579,228,288,1,-1,-1,-1
13,2,1195,422,232,184,1,-1,-1,-1
13,3,795,760,188,284,1,-1,-1,-1
13,4,1677,247,883,900,1,-1,-1,-1
13,5,552,313,116,216,1,-1,-1,-1
13,6,1277,282,120,148,1,-1,-1,-1
13,7,369,588,220,208,1,-1,-1,-1
13,8,1092,259,132,232,1,-1,-1,-1
13,9,661,266,172,164,1,-1,-1,-1
13,10,393,1089,224,340,1,-1,-1,-1
13,11,394,449,144,160,1,-1,-1,-1
13,12,2000,663,138,185,1,-1,-1,-1
13,13,907,916,190,213,1,-1,-1,-1
13,14,59,935,308,288,1,-1,-1,-1
13,15,1944,305,128,160,1,-1,-1,-1
13,16,1645,983,110,305,1,-1,-1,-1
13,17,161,739,192,236,1,-1,-1,-1
13,18,398,975,304,160,1,-1,-1,-1
13,19,392,850,248,156,1,-1,-1,-1
13,20,0,1196,79,232,1,-1,-1,-1
13,21,1652,352,224,140,1,-1,-1,-1
13,22,1201,532,60,48,1,-1,-1,-1
13,23,917,370,1608,936,1,-1,-1,-1
13,24,1074,657,168,96,1,-1,-1,-1
13,25,1777,260,152,116,1,-1,-1,-1
14,0,2180,582,251,213,1,-1,-1,-1
14,1,628,579,228,288,1,-1,-1,-1
14,2,1182,432,221,175,1,-1,-1,-1
14,3,800,733,188,284,1,-1,-1,-1
14,4,1647,246,913,945,1,-1,-1,-1
14,5,552,313,116,216,1,-1,-1,-1
14,6,1277,282,120,148,1,-1,-1,-1
14,7,372,593,220,208,1,-1,-1,-1
14,8,1089,259,132,232,1,-1,-1,-1
14,9,661,266,172,164,1,-1,-1,-1
14,10,384,1079,235,357,1,-1,-1,-1
14,11,394,449,144,160,1,-1,-1,-1
14,12,1981,683,138,185,1,-1,-1,-1
14,13,944,966,190,213,1,-1,-1,-1
14,14,58,934,308,288,1,-1,-1,-1
14,15,1942,309,128,160,1,-1,-1,-1
14,16,1646,1045,110,305,1,-1,-1,-1
14,17,178,721,192,236,1,-1,-1,-1
14,18,399,969,304,160,1,-1,-1,-1
14,19,392,847,248,156,1,-1,-1,-1
14,20,0,1195,79,232,1,-1,-1,-1
14,21,1650,352,224,140,1,-1,-1,-1
14,22,1200,532,60,48,1,-1,-1,-1
14,23,905,403,1608,936,1,-1,-1,-1
14,24,1073,655,168,96,1,-1,-1,-1
14,25,1778,260,152,116,1,-1,-1,-1
15,0,2177,601,251,213,1,-1,-1,-1
15,1,628,580,228,288,1,-1,-1,-1
15,2,1167,436,221,175,1,-1,-1,-1
15,3,832,678,188,284,1,-1,-1,-1
15,4,1658,256,902,945,1,-1,-1,-1
15,5,553,313,116,216,1,-1,-1,-1
15,6,1277,282,120,148,1,-1,-1,-1
15,7,375,596,220,208,1,-1,-1,-1
15,8,1085,259,132,232,1,-1,-1,-1
15,9,661,266,172,164,1,-1,-1,-1
15,10,380,1084,235,356,1,-1,-1,-1
15,11,394,448,144,160,1,-1,-1,-1
15,12,1975,717,145,194,1,-1,-1,-1
15,13,921,997,190,213,1,-1,-1,-1
15,14,58,933,308,288,1,-1,-1,-1
15,15,1940,315,128,160,1,-1,-1,-1
15,17,185,724,192,236,1,-1,-1,-1
15,18,393,963,319,168,1,-1,-1,-1
15,19,390,846,248,156,1,-1,-1,-1
15,20,0,1193,79,232,1,-1,-1,-1
15,21,1647,352,224,140,1,-1,-1,-1
15,22,1200,532,60,48,1,-1,-1,-1
15,23,891,427,1608,936,1,-1,-1,-1
15,24,1067,650,176,101,1,-1,-1,-1
15,25,1777,260,152,116,1,-1,-1,-1
16,0,2170,631,251,213,1,-1,-1,-1
16,1,630,580,228,288,1,-1,-1,-1
16,2,1148,440,221,175,1,-1,-1,-1
16,3,828,679,188,284,1,-1,-1,-1
16,4,1660,267,900,945,1,-1,-1,-1
16,5,553,314,116,216,1,-1,-1,-1
16,6,1277,282,120,148,1,-1,-1,-1
16,7,375,599,220,208,1,-1,-1,-1
16,8,1082,258,132,232,1,-1,-1,-1
16,9,661,265,172,164,1,-1,-1,-1
16,10,362,1075,247,365,1,-1,-1,-1
16,11,395,447,144,160,1,-1,-1,-1
16,12,1959,719,145,194,1,-1,-1,-1
16,13,883,1025,190,213,1,-1,-1,-1
16,14,60,933,308,288,1,-1,-1,-1
16,15,1934,323,134,168,1,-1,-1,-1
16,17,194,727,192,236,1,-1,-1,-1
16,18,393,958,319,168,1,-1,-1,-1
16,19,390,844,248,156,1,-1,-1,-1
16,20,0,1190,78,232,1,-1,-1,-1
16,21,1644,350,224,140,1,-1,-1,-1
16,22,1200,532,60,48,1,-1,-1,-1
16,23,886,442,1608,936,1,-1,-1,-1
16,24,1064,646,176,101,1,-1,-1,-1
16,25,1778,260,152,116,1,-1,-1,-1
17,0,2170,631,251,213,1,-1,-1,-1
17,1,632,580,224,296,1,-1,-1,-1
17,2,1152,448,236,188,1,-1,-1,-1
17,3,836,700,148,212,1,-1,-1,-1
17,4,1660,267,900,945,1,-1,-1,-1
17,5,552,312,116,216,1,-1,-1,-1
17,6,1280,280,116,156,1,-1,-1,-1
17,7,376,620,232,208,1,-1,-1,-1
17,8,1092,260,112,240,1,-1,-1,-1
17,9,660,264,176,164,1,-1,-1,-1
17,10,362,1075,247,365,1,-1,-1,-1
17,11,392,444,144,180,1,-1,-1,-1
17,12,1959,719,145,194,1,-1,-1,-1
17,13,883,1025,190,213,1,-1,-1,-1
17,14,60,940,304,220,1,-1,-1,-1
17,15,1940,312,124,196,1,-1,-1,-1
17,17,192,728,168,284,1,-1,-1,-1
17,18,408,892,296,264,1,-1,-1,-1
17,19,384,848,248,160,1,-1,-1,-1
17,20,0,1180,92,252,1,-1,-1,-1
17,21,1644,348,216,192,1,-1,-1,-1
17,22,1200,532,60,48,1,-1,-1,-1
17,23,886,442,1608,936,1,-1,-1,-1
17,24,1064,646,176,101,1,-1,-1,-1
17,25,1780,256,156,132,1,-1,-1,-1
17,26,232,1152,356,268,1,-1,-1,-1
17,27,1004,644,240,228,1,-1,-1,-1
17,28,1656,580,124,124,1,-1,-1,-1
17,29,1836,492,212,132,1,-1,-1,-1
17,30,2104,240,152,156,1,-1,-1,-1
17,31,2112,392,132,124,1,-1,-1,-1
18,0,2167,630,251,213,1,-1,-1,-1
18,1,632,578,224,296,1,-1,-1,-1
18,2,1149,449,236,188,1,-1,-1,-1
18,3,833,698,148,212,1,-1,-1,-1
18,4,1670,278,890,945,1,-1,-1,-1
18,5,552,312,116,216,1,-1,-1,-1
18,6,1280,280,116,156,1,-1,-1,-1
18,7,376,619,232,208,1,-1,-1,-1
18,8,1090,260,112,240,1,-1,-1,-1
18,9,661,264,176,164,1,-1,-1,-1
18,10,355,1076,247,364,1,-1,-1,-1
18,11,393,443,144,180,1,-1,-1,-1
18,12,1959,743,145,194,1,-1,-1,-1
18,13,856,1034,190,213,1,-1,-1,-1
18,14,60,939,304,220,1,-1,-1,-1
18,15,1938,315,124,196,1,-1,-1,-1
18,17,198,727,168,284,1,-1,-1,-1
18,18,400,890,296,264,1,-1,-1,-1
18,19,382,846,248,160,1,-1,-1,-1
18,20,0,1179,91,252,1,-1,-1,-1
18,21,1639,348,216,192,1,-1,-1,-1
18,22,1199,533,60,48,1,-1,-1,-1
18,23,872,457,1608,936,1,-1,-1,-1
18,24,1065,642,176,101,1,-1,-1,-1
18,25,1779,256,156,132,1,-1,-1,-1
18,26,218,1148,356,268,1,-1,-1,-1
18,27,1003,644,240,228,1,-1,-1,-1
18,28,1655,581,124,124,1,-1,-1,-1
18,29,1831,493,212,132,1,-1,-1,-1
18,30,2104,240,152,156,1,-1,-1,-1
18,31,2111,393,132,124,1,-1,-1,-1
19,0,2175,647,251,213,1,-1,-1,-1
19,1,631,577,224,296,1,-1,-1,-1
19,2,1145,452,236,188,1,-1,-1,-1
19,3,829,697,148,212,1,-1,-1,-1
19,4,1678,281,882,945,1,-1,-1,-1
19,5,553,312,116,216,1,-1,-1,-1
19,6,1281,280,116,156,1,-1,-1,-1
19,7,377,620,232,208,1,-1,-1,-1
19,8,1089,261,112,240,1,-1,-1,-1
19,9,661,264,176,164,1,-1,-1,-1
19,10,351,1070,247,370,1,-1,-1,-1
19,11,395,441,144,180,1,-1,-1,-1
19,12,1956,749,145,194,1,-1,-1,-1
19,13,826,1047,190,213,1,-1,-1,-1
19,14,60,939,304,220,1,-1,-1,-1
19,15,1936,319,124,196,1,-1,-1,-1
19,17,204,727,168,284,1,-1,-1,-1
19,18,394,884,296,264,1,-1,-1,-1
19,19,386,846,236,152,1,-1,-1,-1
19,20,0,1180,88,252,1,-1,-1,-1
19,21,1630,346,216,192,1,-1,-1,-1
19,22,1199,535,57,46,1,-1,-1,-1
19,23,871,480,1608,936,1,-1,-1,-1
19,24,1066,642,176,101,1,-1,-1,-1
19,25,1779,257,156,132,1,-1,-1,-1
19,26,201,1139,356,268,1,-1,-1,-1
19,27,1003,644,240,228,1,-1,-1,-1
19,28,1655,583,124,124,1,-1,-1,-1
19,29,1829,495,212,132,1,-1,-1,-1
19,30,2104,240,152,156,1,-1,-1,-1
19,31,2111,393,132,124,1,-1,-1,-1
20,0,2180,648,251,213,1,-1,-1,-1
20,1,632,576,224,296,1,-1,-1,-1
20,2,1141,451,236,188,1,-1,-1,-1
20,3,826,695,148,212,1,-1,-1,-1
20,4,1659,291,901,945,1,-1,-1,-1
20,5,553,312,116,216,1,-1,-1,-1
20,6,1282,281,116,156,1,-1,-1,-1
20,7,376,621,232,208,1,-1,-1,-1
20,8,1088,261,112,240,1,-1,-1,-1
20,9,661,265,176,164,1,-1,-1,-1
20,10,347,1064,247,375,1,-1,-1,-1
20,11,397,439,144,180,1,-1,-1,-1
20,12,1955,746,152,204,1,-1,-1,-1
20,13,808,1051,190,213,1,-1,-1,-1
20,14,60,939,304,220,1,-1,-1,-1
20,15,1930,315,130,206,1,-1,-1,-1
20,17,207,729,168,284,1,-1,-1,-1
20,18,396,881,282,251,1,-1,-1,-1
20,19,381,842,236,152,1,-1,-1,-1
20,20,0,1180,84,252,1,-1,-1,-1
20,21,1615,342,216,192,1,-1,-1,-1
20,22,1201,540,54,44,1,-1,-1,-1
20,23,880,487,1608,936,1,-1,-1,-1
20,24,1067,641,176,101,1,-1,-1,-1
20,25,1779,257,156,132,1,-1,-1,-1
20,26,182,1127,374,281,1,-1,-1,-1
20,27,1004,645,240,228,1,-1,-1,-1
20,28,1656,585,124,124,1,-1,-1,-1
20,29,1822,492,223,139,1,-1,-1,-1
20,30,2104,240,152,156,1,-1,-1,-1
20,31,2111,394,132,124,1,-1,-1,-1
21,1,632,577,224,296,1,-1,-1,-1
21,2,1134,451,236,188,1,-1,-1,-1
21,3,822,698,148,212,1,-1,-1,-1
21,4,1660,286,900,945,1,-1,-1,-1
21,5,553,312,116,216,1,-1,-1,-1
21,6,1283,282,116,156,1,-1,-1,-1
21,7,377,622,232,208,1,-1,-1,-1
21,8,1088,261,112,240,1,-1,-1,-1
21,9,660,264,176,164,1,-1,-1,-1
21,10,328,1051,259,389,1,-1,-1,-1
21,11,398,440,144,180,1,-1,-1,-1
21,12,1960,740,152,204,1,-1,-1,-1
21,14,60,939,304,220,1,-1,-1,-1
21,15,1928,315,130,206,1,-1,-1,-1
21,17,209,731,168,284,1,-1,-1,-1
21,18,394,872,282,251,1,-1,-1,-1
21,19,385,839,225,145,1,-1,-1,-1
21,20,0,1180,79,252,1,-1,-1,-1
21,21,1600,339,216,192,1,-1,-1,-1
21,22,1195,554,57,46,1,-1,-1,-1
21,23,835,472,1688,968,1,-1,-1,-1
21,24,1071,646,168,96,1,-1,-1,-1
21,25,1779,257,156,132,1,-1,-1,-1
21,26,183,1127,356,268,1,-1,-1,-1
21,27,1004,645,240,228,1,-1,-1,-1
21,28,1656,586,124,124,1,-1,-1,-1
21,29,1817,487,234,146,1,-1,-1,-1
21,30,2104,240,152,156,1,-1,-1,-1
21,31,2111,395,132,124,1,-1,-1,-1
22,1,631,577,224,296,1,-1,-1,-1
22,2,1123,453,236,188,1,-1,-1,-1
22,3,816,694,155,223,1,-1,-1,-1
22,4,1666,287,894,945,1,-1,-1,-1
22,5,552,312,116,216,1,-1,-1,-1
22,6,1284,282,116,156,1,-1,-1,-1
22,7,378,622,232,208,1,-1,-1,-1
22,8,1087,262,112,240,1,-1,-1,-1
22,9,660,264,176,164,1,-1,-1,-1
22,10,293,1042,259,394,1,-1,-1,-1
22,11,398,440,144,180,1,-1,-1,-1
22,14,60,939,304,220,1,-1,-1,-1
22,15,1927,315,130,206,1,-1,-1,-1
22,17,210,728,168,284,1,-1,-1,-1
22,18,388,860,282,251,1,-1,-1,-1
22,19,382,825,225,145,1,-1,-1,-1
22,20,0,1170,77,252,1,-1,-1,-1
22,21,1583,336,216,192,1,-1,-1,-1
22,22,1191,560,57,46,1,-1,-1,-1
22,23,824,465,1688,975,1,-1,-1,-1
22,24,1071,648,168,96,1,-1,-1,-1
22,25,1780,257,156,132,1,-1,-1,-1
22,26,180,1119,356,268,1,-1,-1,-1
22,27,1005,646,240,228,1,-1,-1,-1
22,28,1658,585,124,124,1,-1,-1,-1
22,29,1818,484,234,146,1,-1,-1,-1
22,30,2104,241,152,156,1,-1,-1,-1
22,31,2112,393,132,124,1,-1,-1,-1
23,1,631,576,224,296,1,-1,-1,-1
23,2,1121,453,236,188,1,-1,-1,-1
23,3,815,694,155,223,1,-1,-1,-1
23,4,1663,283,897,945,1,-1,-1,-1
23,5,553,312,116,216,1,-1,-1,-1
23,6,1284,282,116,156,1,-1,-1,-1
23,7,378,622,232,208,1,-1,-1,-1
23,8,1086,262,112,240,1,-1,-1,-1
23,9,661,265,176,164,1,-1,-1,-1
23,10,286,1041,259,394,1,-1,-1,-1
23,11,398,439,144,180,1,-1,-1,-1
23,14,60,939,304,220,1,-1,-1,-1
23,15,1926,316,130,206,1,-1,-1,-1
23,17,210,729,168,284,1,-1,-1,-1
23,18,390,859,282,251,1,-1,-1,-1
23,19,382,828,225,145,1,-1,-1,-1
23,20,0,1200,74,240,1,-1,-1,-1
23,21,1584,334,216,192,1,-1,-1,-1
23,22,1188,562,54,44,1,-1,-1,-1
23,23,812,469,1688,971,1,-1,-1,-1
23,24,1072,648,168,96,1,-1,-1,-1
23,25,1781,257,156,132,1,-1,-1,-1
23,26,180,1117,356,268,1,-1,-1,-1
23,27,1005,645,240,228,1,-1,-1,-1
23,28,1659,585,124,124,1,-1,-1,-1
23,29,1819,483,234,146,1,-1,-1,-1
23,30,2104,240,152,156,1,-1,-1,-1
23,31,2113,392,132,124,1,-1,-1,-1
24,1,632,577,224,296,1,-1,-1,-1
24,2,1104,454,236,188,1,-1,-1,-1
24,3,813,692,155,223,1,-1,-1,-1
24,4,1674,281,886,945,1,-1,-1,-1
24,5,553,311,116,216,1,-1,-1,-1
24,6,1284,282,116,156,1,-1,-1,-1
24,7,379,622,232,208,1,-1,-1,-1
24,8,1086,263,112,240,1,-1,-1,-1
24,9,660,265,176,164,1,-1,-1,-1
24,10,276,1022,259,394,1,-1,-1,-1
24,11,398,439,144,180,1,-1,-1,-1
24,14,60,940,304,220,1,-1,-1,-1
24,15,1924,317,130,206,1,-1,-1,-1
24,17,210,729,168,284,1,-1,-1,-1
24,18,384,852,282,251,1,-1,-1,-1
24,19,379,818,225,145,1,-1,-1,-1
24,20,0,1199,74,240,1,-1,-1,-1
24,21,1578,335,216,192,1,-1,-1,-1
24,22,1188,562,54,44,1,-1,-1,-1
24,23,824,464,1688,976,1,-1,-1,-1
24,24,1073,650,168,96,1,-1,-1,-1
24,25,1783,257,156,132,1,-1,-1,-1
24,26,179,1113,356,268,1,-1,-1,-1
24,27,1007,647,240,228,1,-1,-1,-1
24,28,1659,585,124,124,1,-1,-1,-1
24,29,1822,483,234,146,1,-1,-1,-1
24,30,2105,241,152,156,1,-1,-1,-1
24,31,2112,392,132,124,1,-1,-1,-1
25,1,636,592,240,204,1,-1,-1,-1
25,2,1084,448,224,184,1,-1,-1,-1
25,3,808,692,144,220,1,-1,-1,-1
25,4,1674,281,886,945,1,-1,-1,-1
25,5,552,312,116,220,1,-1,-1,-1
25,6,1280,280,116,160,1,-1,-1,-1
25,7,368,636,272,196,1,-1,-1,-1
25,8,1084,260,124,200,1,-1,-1,-1
25,9,660,264,176,168,1,-1,-1,-1
25,10,276,1022,259,394,1,-1,-1,-1
25,11,392,440,148,192,1,-1,-1,-1
25,14,56,940,308,208,1,-1,-1,-1
25,15,1924,324,124,192,1,-1,-1,-1
25,17,220,748,160,284,1,-1,-1,-1
25,18,404,828,308,240,1,-1,-1,-1
25,19,380,812,232,176,1,-1,-1,-1
25,20,0,1199,74,240,1,-1,-1,-1
25,21,1578,335,216,192,1,-1,-1,-1
25,22,1188,562,54,44,1,-1,-1,-1
25,23,464,400,2096,904,1,-1,-1,-1
25,24,1073,650,168,96,1,-1,-1,-1
25,25,1783,257,156,132,1,-1,-1,-1
25,26,168,1104,348,288,1,-1,-1,-1
25,27,1012,656,232,232,1,-1,-1,-1
25,28,1660,576,120,140,1,-1,-1,-1
25,29,1808,500,232,136,1,-1,-1,-1
25,30,2105,241,152,156,1,-1,-1,-1
25,31,2112,392,132,124,1,-1,-1,-1
25,32,0,1244,144,196,1,-1,-1,-1
26,1,637,591,240,204,1,-1,-1,-1
26,2,1073,447,224,184,1,-1,-1,-1
26,3,808,689,144,220,1,-1,-1,-1
26,4,1674,278,886,945,1,-1,-1,-1
26,5,552,312,116,220,1,-1,-1,-1
26,6,1280,280,116,160,1,-1,-1,-1
26,7,369,637,272,196,1,-1,-1,-1
26,8,1083,259,124,200,1,-1,-1,-1
26,9,660,264,176,168,1,-1,-1,-1
26,10,267,1026,259,394,1,-1,-1,-1
26,11,393,440,148,192,1,-1,-1,-1
26,14,57,940,308,208,1,-1,-1,-1
26,15,1924,325,124,192,1,-1,-1,-1
26,17,219,748,160,284,1,-1,-1,-1
26,18,407,823,308,240,1,-1,-1,-1
26,19,381,811,232,176,1,-1,-1,-1
26,20,0,1191,73,240,1,-1,-1,-1
26,21,1570,335,216,192,1,-1,-1,-1
26,22,1185,564,52,41,1,-1,-1,-1
26,23,459,393,2096,904,1,-1,-1,-1
26,24,1072,656,168,96,1,-1,-1,-1
26,25,1783,257,156,132,1,-1,-1,-1
26,26,166,1103,348,288,1,-1,-1,-1
26,27,1013,660,232,232,1,-1,-1,-1
26,28,1661,575,120,140,1,-1,-1,-1
26,29,1808,500,232,136,1,-1,-1,-1
26,30,2105,240,152,156,1,-1,-1,-1
26,31,2111,390,132,124,1,-1,-1,-1
26,32,2,1244,144,196,1,-1,-1,-1
27,1,638,590,240,204,1,-1,-1,-1
27,2,1052,439,235,193,1,-1,-1,-1
27,3,810,689,137,210,1,-1,-1,-1
27,4,1667,268,893,945,1,-1,-1,-1
27,5,553,313,116,220,1,-1,-1,-1
27,6,1281,281,116,160,1,-1,-1,-1
27,7,370,637,272,196,1,-1,-1,-1
27,8,1084,261,124,200,1,-1,-1,-1
27,9,661,265,176,168,1,-1,-1,-1
27,11,393,439,148,192,1,-1,-1,-1
27,14,56,941,308,208,1,-1,-1,-1
27,15,1924,326,124,192,1,-1,-1,-1
27,17,218,748,160,284,1,-1,-1,-1
27,18,413,819,308,240,1,-1,-1,-1
27,19,383,811,232,176,1,-1,-1,-1
27,20,0,1218,72,222,1,-1,-1,-1
27,21,1565,334,216,192,1,-1,-1,-1
27,22,1186,563,54,44,1,-1,-1,-1
27,23,464,384,2096,904,1,-1,-1,-1
27,24,1069,661,168,96,1,-1,-1,-1
27,25,1786,258,156,132,1,-1,-1,-1
27,26,164,1107,348,288,1,-1,-1,-1
27,27,1013,665,232,232,1,-1,-1,-1
27,28,1660,570,120,140,1,-1,-1,-1
27,29,1804,499,232,136,1,-1,-1,-1
27,30,2105,240,152,156,1,-1,-1,-1
27,31,2108,388,132,124,1,-1,-1,-1
27,32,2,1245,144,195,1,-1,-1,-1
28,1,638,592,240,204,1,-1,-1,-1
28,2,1038,438,235,193,1,-1,-1,-1
28,3,809,688,137,210,1,-1,-1,-1
28,4,1679,261,881,945,1,-1,-1,-1
28,5,552,313,116,220,1,-1,-1,-1
28,6,1281,282,116,160,1,-1,-1,-1
28,7,373,636,272,196,1,-1,-1,-1
28,8,1084,261,124,200,1,-1,-1,-1
28,9,661,264,176,168,1,-1,-1,-1
28,11,394,436,148,192,1,-1,-1,-1
28,14,56,941,308,208,1,-1,-1,-1
28,15,1922,326,124,192,1,-1,-1,-1
28,17,217,748,160,284,1,-1,-1,-1
28,18,418,826,308,240,1,-1,-1,-1
28,19,387,810,232,176,1,-1,-1,-1
28,20,0,1218,78,222,1,-1,-1,-1
28,21,1560,334,216,192,1,-1,-1,-1
28,22,1202,536,57,46,1,-1,-1,-1
28,23,474,366,2086,904,1,-1,-1,-1
28,24,1067,664,168,96,1,-1,-1,-1
28,25,1789,258,156,132,1,-1,-1,-1
28,26,149,1103,365,302,1,-1,-1,-1
28,27,1013,671,221,221,1,-1,-1,-1
28,28,1656,562,120,140,1,-1,-1,-1
28,29,1796,496,232,136,1,-1,-1,-1
28,30,2105,240,152,156,1,-1,-1,-1
28,31,2107,388,132,124,1,-1,-1,-1
28,32,0,1244,144,196,1,-1,-1,-1
29,1,639,591,240,204,1,-1,-1,-1
29,2,1038,439,235,193,1,-1,-1,-1
29,3,808,688,137,210,1,-1,-1,-1
29,4,1685,264,875,945,1,-1,-1,-1
29,5,552,313,116,220,1,-1,-1,-1
29,6,1282,282,116,160,1,-1,-1,-1
29,7,373,636,272,196,1,-1,-1,-1
29,8,1084,261,124,200,1,-1,-1,-1
29,9,661,265,176,168,1,-1,-1,-1
29,11,394,436,148,192,1,-1,-1,-1
29,14,56,941,308,208,1,-1,-1,-1
29,15,1922,327,124,192,1,-1,-1,-1
29,17,217,747,160,284,1,-1,-1,-1
29,18,421,826,308,240,1,-1,-1,-1
29,19,388,809,232,176,1,-1,-1,-1
29,20,0,1219,80,221,1,-1,-1,-1
29,21,1560,335,216,192,1,-1,-1,-1
29,22,1202,534,57,46,1,-1,-1,-1
29,23,470,362,2090,904,1,-1,-1,-1
29,24,1067,665,168,96,1,-1,-1,-1
29,25,1793,261,149,126,1,-1,-1,-1
29,26,149,1106,365,302,1,-1,-1,-1
29,27,1017,672,221,221,1,-1,-1,-1
29,28,1655,561,120,140,1,-1,-1,-1
29,29,1794,498,232,136,1,-1,-1,-1
29,30,2105,240,152,156,1,-1,-1,-1
29,31,2108,388,132,124,1,-1,-1,-1
29,32,0,1245,144,195,1,-1,-1,-1
30,1,639,593,240,204,1,-1,-1,-1
30,2,1019,437,235,193,1,-1,-1,-1
30,3,814,685,137,210,1,-1,-1,-1
30,4,1669,247,891,945,1,-1,-1,-1
30,5,552,313,116,220,1,-1,-1,-1
30,6,1282,283,116,160,1,-1,-1,-1
30,7,374,632,272,196,1,-1,-1,-1
30,8,1085,261,124,200,1,-1,-1,-1
30,9,661,264,176,168,1,-1,-1,-1
30,11,392,435,148,192,1,-1,-1,-1
30,14,55,940,308,208,1,-1,-1,-1
30,15,1922,329,124,192,1,-1,-1,-1
30,17,216,746,160,284,1,-1,-1,-1
30,18,425,818,323,252,1,-1,-1,-1
30,19,392,806,232,176,1,-1,-1,-1
30,20,2,1217,83,223,1,-1,-1,-1
30,21,1554,338,216,192,1,-1,-1,-1
30,22,1203,534,57,46,1,-1,-1,-1
30,23,470,353,2090,904,1,-1,-1,-1
30,24,1064,668,168,96,1,-1,-1,-1
30,25,1794,260,149,126,1,-1,-1,-1
30,26,149,1116,348,288,1,-1,-1,-1
30,27,1019,663,210,210,1,-1,-1,-1
30,28,1658,532,120,140,1,-1,-1,-1
30,29,1788,498,232,136,1,-1,-1,-1
30,30,2105,239,152,156,1,-1,-1,-1
30,31,2109,384,132,124,1,-1,-1,-1
30,32,2,1243,144,196,1,-1,-1,-1
31,1,636,592,240,204,1,-1,-1,-1
31,2,1003,437,235,193,1,-1,-1,-1
31,3,773,767,137,210,1,-1,-1,-1
31,4,1671,231,889,945,1,-1,-1,-1
31,5,552,313,116,220,1,-1,-1,-1
31,6,1282,284,116,160,1,-1,-1,-1
31,7,375,630,272,196,1,-1,-1,-1
31,8,1085,260,124,200,1,-1,-1,-1
31,9,661,264,176,168,1,-1,-1,-1
31,11,394,432,148,192,1,-1,-1,-1
31,14,54,940,308,208,1,-1,-1,-1
31,15,1924,332,124,192,1,-1,-1,-1
31,17,215,745,160,284,1,-1,-1,-1
31,18,437,799,340,265,1,-1,-1,-1
31,19,387,800,244,185,1,-1,-1,-1
31,20,8,1217,79,218,1,-1,-1,-1
31,21,1545,340,216,192,1,-1,-1,-1
31,22,1202,534,57,46,1,-1,-1,-1
31,23,474,335,2086,904,1,-1,-1,-1
31,24,1052,678,168,96,1,-1,-1,-1
31,25,1798,258,149,126,1,-1,-1,-1
31,26,143,1119,348,288,1,-1,-1,-1
31,27,1021,680,200,200,1,-1,-1,-1
31,28,1654,514,120,140,1,-1,-1,-1
31,29,1788,498,221,130,1,-1,-1,-1
31,30,2105,240,152,156,1,-1,-1,-1
31,31,2053,345,132,124,1,-1,-1,-1
31,32,4,1240,144,196,1,-1,-1,-1
32,1,637,591,240,204,1,-1,-1,-1
32,2,991,444,224,184,1,-1,-1,-1
32,3,787,787,131,200,1,-1,-1,-1
32,4,1661,206,899,945,1,-1,-1,-1
32,5,552,312,116,220,1,-1,-1,-1
32,6,1282,285,116,160,1,-1,-1,-1
32,7,376,627,272,196,1,-1,-1,-1
32,8,1084,260,124,200,1,-1,-1,-1
32,9,661,264,176,168,1,-1,-1,-1
32,11,395,429,148,192,1,-1,-1,-1
32,14,54,939,308,208,1,-1,-1,-1
32,15,1926,339,124,192,1,-1,-1,-1
32,17,214,745,160,284,1,-1,-1,-1
32,18,469,771,340,265,1,-1,-1,-1
32,19,381,798,244,185,1,-1,-1,-1
32,20,11,1220,76,207,1,-1,-1,-1
32,21,1542,341,216,192,1,-1,-1,-1
32,22,1203,534,57,46,1,-1,-1,-1
32,23,483,304,2077,904,1,-1,-1,-1
32,24,1033,677,168,96,1,-1,-1,-1
32,25,1804,258,149,126,1,-1,-1,-1
32,26,129,1122,348,288,1,-1,-1,-1
32,27,1026,546,210,210,1,-1,-1,-1
32,28,1655,496,120,140,1,-1,-1,-1
32,29,1788,497,210,123,1,-1,-1,-1
32,30,2106,241,152,156,1,-1,-1,-1
32,31,2108,390,132,124,1,-1,-1,-1
32,32,7,1238,144,196,1,-1,-1,-1
33,1,648,564,168,208,1,-1,-1,-1
33,2,964,436,220,200,1,-1,-1,-1
33,3,787,787,131,200,1,-1,-1,-1
33,4,1661,206,899,945,1,-1,-1,-1
33,5,552,316,116,216,1,-1,-1,-1
33,6,1280,284,120,156,1,-1,-1,-1
33,7,384,616,260,180,1,-1,-1,-1
33,8,1084,260,116,220,1,-1,-1,-1
33,9,660,268,172,168,1,-1,-1,-1
33,11,412,420,116,148,1,-1,-1,-1
33,14,64,940,304,208,1,-1,-1,-1
33,15,1924,344,124,176,1,-1,-1,-1
33,17,196,744,168,252,1,-1,-1,-1
33,18,469,771,340,265,1,-1,-1,-1
33,19,376,808,216,196,1,-1,-1,-1
33,20,11,1220,76,207,1,-1,-1,-1
33,21,1542,341,216,192,1,-1,-1,-1
33,22,1203,534,57,46,1,-1,-1,-1
33,23,728,328,1828,788,1,-1,-1,-1
33,24,1033,677,168,96,1,-1,-1,-1
33,25,1804,258,149,126,1,-1,-1,-1
33,26,100,1144,364,252,1,-1,-1,-1
33,27,1026,546,210,210,1,-1,-1,-1
33,28,1655,496,120,140,1,-1,-1,-1
33,29,1788,497,210,123,1,-1,-1,-1
33,30,2106,241,152,156,1,-1,-1,-1
33,31,2108,390,132,124,1,-1,-1,-1
33,32,7,1238,144,196,1,-1,-1,-1
33,33,1816,272,192,160,1,-1,-1,-1
34,1,649,559,168,208,1,-1,-1,-1
34,2,947,436,220,200,1,-1,-1,-1
34,3,803,719,131,200,1,-1,-1,-1
34,4,1662,227,898,900,1,-1,-1,-1
34,5,552,316,116,216,1,-1,-1,-1
34,6,1280,284,120,156,1,-1,-1,-1
34,7,384,611,260,180,1,-1,-1,-1
34,8,1083,260,116,220,1,-1,-1,-1
34,9,660,267,172,168,1,-1,-1,-1
34,11,411,418,116,148,1,-1,-1,-1
34,14,66,940,304,208,1,-1,-1,-1
34,15,1925,346,124,176,1,-1,-1,-1
34,17,198,745,168,252,1,-1,-1,-1
34,18,506,741,340,265,1,-1,-1,-1
34,19,382,802,216,196,1,-1,-1,-1
34,20,8,1221,76,207,1,-1,-1,-1
34,21,1524,345,227,202,1,-1,-1,-1
34,22,1201,532,60,48,1,-1,-1,-1
34,23,750,315,1810,788,1,-1,-1,-1
34,24,955,679,168,96,1,-1,-1,-1
34,25,1820,256,149,126,1,-1,-1,-1
34,26,97,1145,364,252,1,-1,-1,-1
34,27,1061,522,210,210,1,-1,-1,-1
34,28,1643,454,120,140,1,-1,-1,-1
34,29,1820,515,210,123,1,-1,-1,-1
34,30,2106,240,152,156,1,-1,-1,-1
34,31,2111,390,132,124,1,-1,-1,-1
34,32,3,1233,151,206,1,-1,-1,-1
34,33,1821,273,192,160,1,-1,-1,-1
35,1,649,558,168,208,1,-1,-1,-1
35,2,947,437,220,200,1,-1,-1,-1
35,3,801,713,131,200,1,-1,-1,-1
35,4,1659,235,901,900,1,-1,-1,-1
35,5,552,317,116,216,1,-1,-1,-1
35,6,1280,284,120,156,1,-1,-1,-1
35,7,385,610,260,180,1,-1,-1,-1
35,8,1083,260,116,220,1,-1,-1,-1
35,9,660,267,172,168,1,-1,-1,-1
35,11,410,418,116,148,1,-1,-1,-1
35,14,66,941,304,208,1,-1,-1,-1
35,15,1926,347,124,176,1,-1,-1,-1
35,17,199,745,168,252,1,-1,-1,-1
35,18,504,743,340,265,1,-1,-1,-1
35,19,384,801,216,196,1,-1,-1,-1
35,20,7,1220,76,207,1,-1,-1,-1
35,21,1523,345,227,202,1,-1,-1,-1
35,22,1201,532,60,48,1,-1,-1,-1
35,23,748,307,1812,788,1,-1,-1,-1
35,24,944,680,176,101,1,-1,-1,-1
35,25,1822,255,149,126,1,-1,-1,-1
35,26,96,1146,364,252,1,-1,-1,-1
35,27,1075,519,210,210,1,-1,-1,-1
35,28,1645,459,114,133,1,-1,-1,-1
35,29,1838,520,200,117,1,-1,-1,-1
35,30,2107,240,152,156,1,-1,-1,-1
35,31,2114,390,126,118,1,-1,-1,-1
35,32,2,1233,151,206,1,-1,-1,-1
35,33,1822,274,192,160,1,-1,-1,-1
36,1,647,550,168,208,1,-1,-1,-1
36,2,924,432,231,210,1,-1,-1,-1
36,3,803,711,131,200,1,-1,-1,-1
36,4,1661,227,899,900,1,-1,-1,-1
36,5,552,317,116,216,1,-1,-1,-1
36,6,1280,285,120,156,1,-1,-1,-1
36,7,387,608,260,180,1,-1,-1,-1
36,8,1082,260,116,220,1,-1,-1,-1
36,9,660,267,172,168,1,-1,-1,-1
36,11,409,414,116,148,1,-1,-1,-1
36,14,68,940,304,208,1,-1,-1,-1
36,15,1928,351,124,176,1,-1,-1,-1
36,17,199,742,168,252,1,-1,-1,-1
36,18,528,736,340,265,1,-1,-1,-1
36,19,389,800,216,196,1,-1,-1,-1
36,20,3,1222,76,207,1,-1,-1,-1
36,21,1518,345,227,202,1,-1,-1,-1
36,22,1201,532,60,48,1,-1,-1,-1
36,23,783,281,1777,788,1,-1,-1,-1
36,24,918,680,176,101,1,-1,-1,-1
36,25,1830,253,149,126,1,-1,-1,-1
36,26,92,1146,364,252,1,-1,-1,-1
36,27,981,465,200,200,1,-1,-1,-1
36,28,1639,457,109,127,1,-1,-1,-1
36,29,1850,524,191,112,1,-1,-1,-1
36,30,2108,241,152,156,1,-1,-1,-1
36,31,2116,390,126,118,1,-1,-1,-1
36,32,1,1233,151,206,1,-1,-1,-1
36,33,1828,274,192,160,1,-1,-1,-1
37,1,631,538,168,208,1,-1,-1,-1
37,2,902,429,231,210,1,-1,-1,-1
37,3,789,709,131,200,1,-1,-1,-1
37,4,1642,233,918,900,1,-1,-1,-1
37,5,552,317,116,216,1,-1,-1,-1
37,6,1281,285,120,156,1,-1,-1,-1
37,7,388,604,260,180,1,-1,-1,-1
37,8,1083,260,116,220,1,-1,-1,-1
37,9,660,266,172,168,1,-1,-1,-1
37,11,408,409,116,148,1,-1,-1,-1
37,14,69,938,304,208,1,-1,-1,-1
37,15,1935,356,124,176,1,-1,-1,-1
37,17,199,742,168,252,1,-1,-1,-1
37,18,552,733,340,265,1,-1,-1,-1
37,19,395,804,216,196,1,-1,-1,-1
37,20,1,1227,76,207,1,-1,-1,-1
37,21,1512,345,227,202,1,-1,-1,-1
37,22,1201,532,60,48,1,-1,-1,-1
37,23,788,261,1772,788,1,-1,-1,-1
37,24,989,703,176,101,1,-1,-1,-1
37,25,1843,253,149,126,1,-1,-1,-1
37,26,87,1144,364,252,1,-1,-1,-1
37,27,942,448,200,200,1,-1,-1,-1
37,28,1641,460,109,127,1,-1,-1,-1
37,29,1834,525,182,107,1,-1,-1,-1
37,30,2108,241,152,156,1,-1,-1,-1
37,31,2121,337,132,124,1,-1,-1,-1
37,32,0,1236,149,204,1,-1,-1,-1
37,33,1836,274,192,160,1,-1,-1,-1
38,1,617,540,168,208,1,-1,-1,-1
38,2,887,423,231,210,1,-1,-1,-1
38,3,757,712,137,210,1,-1,-1,-1
38,4,1621,232,939,900,1,-1,-1,-1
38,5,552,317,116,216,1,-1,-1,-1
38,6,1281,285,120,156,1,-1,-1,-1
38,7,390,600,260,180,1,-1,-1,-1
38,8,1082,258,116,220,1,-1,-1,-1
38,9,660,267,172,168,1,-1,-1,-1
38,11,404,405,116,148,1,-1,-1,-1
38,14,69,935,304,208,1,-1,-1,-1
38,15,1941,352,124,176,1,-1,-1,-1
38,17,199,741,168,252,1,-1,-1,-1
38,18,557,703,340,265,1,-1,-1,-1
38,19,410,803,216,196,1,-1,-1,-1
38,20,1,1238,72,197,1,-1,-1,-1
38,21,1506,344,227,202,1,-1,-1,-1
38,22,1201,532,60,48,1,-1,-1,-1
38,23,754,228,1806,788,1,-1,-1,-1
38,24,984,718,176,101,1,-1,-1,-1
38,25,1847,253,149,126,1,-1,-1,-1
38,26,75,1150,347,240,1,-1,-1,-1
38,27,918,450,200,200,1,-1,-1,-1
38,28,1642,491,109,127,1,-1,-1,-1
38,29,1813,492,182,107,1,-1,-1,-1
38,30,2108,240,152,156,1,-1,-1,-1
38,31,2150,289,126,118,1,-1,-1,-1
38,32,0,1237,151,203,1,-1,-1,-1
38,33,1843,273,192,160,1,-1,-1,-1
39,1,593,536,176,218,1,-1,-1,-1
39,2,864,422,231,210,1,-1,-1,-1
39,3,738,718,137,210,1,-1,-1,-1
39,4,1629,204,931,900,1,-1,-1,-1
39,5,552,317,116,216,1,-1,-1,-1
39,6,1281,285,120,156,1,-1,-1,-1
39,7,392,597,260,180,1,-1,-1,-1
39,8,1082,258,116,220,1,-1,-1,-1
39,9,660,267,172,168,1,-1,-1,-1
39,11,403,400,116,148,1,-1,-1,-1
39,14,70,930,304,208,1,-1,-1,-1
39,15,1944,354,124,176,1,-1,-1,-1
39,17,200,740,168,252,1,-1,-1,-1
39,18,552,685,340,265,1,-1,-1,-1
39,19,426,800,216,196,1,-1,-1,-1
39,20,1,1244,72,196,1,-1,-1,-1
39,21,1497,340,227,202,1,-1,-1,-1
39,22,1201,532,60,48,1,-1,-1,-1
39,23,726,235,1828,788,1,-1,-1,-1
39,24,990,721,168,96,1,-1,-1,-1
39,25,1846,251,149,126,1,-1,-1,-1
39,26,55,1141,364,252,1,-1,-1,-1
39,27,912,440,191,191,1,-1,-1,-1
39,28,1608,477,109,127,1,-1,-1,-1
39,29,1832,475,182,107,1,-1,-1,-1
39,30,2110,237,152,156,1,-1,-1,-1
39,31,2114,265,126,118,1,-1,-1,-1
39,32,3,1241,151,199,1,-1,-1,-1
39,33,1846,270,192,160,1,-1,-1,-1
40,1,590,518,176,218,1,-1,-1,-1
40,2,848,415,231,210,1,-1,-1,-1
40,3,727,715,137,210,1,-1,-1,-1
40,4,1631,196,929,900,1,-1,-1,-1
40,5,552,317,116,216,1,-1,-1,-1
40,6,1281,285,120,156,1,-1,-1,-1
40,7,387,586,273,189,1,-1,-1,-1
40,8,1080,256,116,220,1,-1,-1,-1
40,9,660,266,172,168,1,-1,-1,-1
40,11,401,396,116,148,1,-1,-1,-1
40,14,71,926,304,208,1,-1,-1,-1
40,15,1922,359,124,176,1,-1,-1,-1
40,17,196,734,176,265,1,-1,-1,-1
40,18,554,683,323,252,1,-1,-1,-1
40,19,437,799,216,196,1,-1,-1,-1
40,20,4,1258,72,182,1,-1,-1,-1
40,21,1499,343,227,202,1,-1,-1,-1
40,22,1200,532,60,48,1,-1,-1,-1
40,23,724,256,1828,788,1,-1,-1,-1
40,24,987,723,168,96,1,-1,-1,-1
40,25,1843,250,149,126,1,-1,-1,-1
40,26,37,1139,364,252,1,-1,-1,-1
40,27,897,442,191,191,1,-1,-1,-1
40,28,1620,469,104,121,1,-1,-1,-1
40,29,1869,462,182,107,1,-1,-1,-1
40,30,2110,235,152,156,1,-1,-1,-1
40,31,2099,244,126,118,1,-1,-1,-1
40,32,0,1246,151,194,1,-1,-1,-1
40,33,1841,268,192,160,1,-1,-1,-1
41,1,590,518,176,218,1,-1,-1,-1
41,2,848,420,224,220,1,-1,-1,-1
41,3,727,715,137,210,1,-1,-1,-1
41,4,1752,284,808,564,1,-1,-1,-1
41,5,552,317,116,216,1,-1,-1,-1
41,6,1280,284,116,148,1,-1,-1,-1
41,7,388,580,256,200,1,-1,-1,-1
41,8,1084,264,112,180,1,-1,-1,-1
41,9,660,266,172,168,1,-1,-1,-1
41,11,401,396,116,148,1,-1,-1,-1
41,14,71,926,304,208,1,-1,-1,-1
41,15,1922,359,124,176,1,-1,-1,-1
41,17,204,740,156,220,1,-1,-1,-1
41,18,554,683,323,252,1,-1,-1,-1
41,19,440,772,216,228,1,-1,-1,-1
41,20,4,1258,72,182,1,-1,-1,-1
41,21,1499,343,227,202,1,-1,-1,-1
41,22,1200,532,60,48,1,-1,-1,-1
41,23,724,256,1828,788,1,-1,-1,-1
41,24,987,723,168,96,1,-1,-1,-1
41,25,1843,250,149,126,1,-1,-1,-1
41,26,37,1139,364,252,1,-1,-1,-1
41,27,897,442,191,191,1,-1,-1,-1
41,28,1620,469,104,121,1,-1,-1,-1
41,29,1869,462,182,107,1,-1,-1,-1
41,30,2110,235,152,156,1,-1,-1,-1
41,31,2099,244,126,118,1,-1,-1,-1
41,32,0,1246,151,194,1,-1,-1,-1
41,33,1841,268,192,160,1,-1,-1,-1
42,1,637,491,176,218,1,-1,-1,-1
42,2,841,416,224,220,1,-1,-1,-1
42,3,722,715,137,210,1,-1,-1,-1
42,4,1772,282,788,564,1,-1,-1,-1
42,5,552,317,116,216,1,-1,-1,-1
42,6,1280,284,116,148,1,-1,-1,-1
42,7,389,579,256,200,1,-1,-1,-1
42,8,1080,264,112,180,1,-1,-1,-1
42,9,661,266,172,168,1,-1,-1,-1
42,11,400,394,116,148,1,-1,-1,-1
42,14,76,929,290,198,1,-1,-1,-1
42,15,1940,364,124,176,1,-1,-1,-1
42,17,205,739,156,220,1,-1,-1,-1
42,18,539,671,340,265,1,-1,-1,-1
42,19,444,771,216,228,1,-1,-1,-1
42,20,19,1279,69,161,1,-1,-1,-1
42,21,1497,343,227,202,1,-1,-1,-1
42,22,1200,532,60,48,1,-1,-1,-1
42,23,737,312,1741,750,1,-1,-1,-1
42,24,982,723,168,96,1,-1,-1,-1
42,25,1843,253,149,126,1,-1,-1,-1
42,26,4,1136,382,265,1,-1,-1,-1
42,27,889,434,191,191,1,-1,-1,-1
42,28,1623,462,99,115,1,-1,-1,-1
42,29,1833,495,191,112,1,-1,-1,-1
42,30,2109,232,152,156,1,-1,-1,-1
42,31,2099,240,126,118,1,-1,-1,-1
42,32,0,1250,143,190,1,-1,-1,-1
42,33,1842,273,192,160,1,-1,-1,-1
43,1,593,508,168,208,1,-1,-1,-1
43,2,837,414,224,220,1,-1,-1,-1
43,3,721,718,137,210,1,-1,-1,-1
43,4,1759,286,801,564,1,-1,-1,-1
43,5,552,317,116,216,1,-1,-1,-1
43,6,1281,284,116,148,1,-1,-1,-1
43,7,390,578,256,200,1,-1,-1,-1
43,8,1077,265,112,180,1,-1,-1,-1
43,9,660,267,172,168,1,-1,-1,-1
43,11,398,392,116,148,1,-1,-1,-1
43,14,73,927,290,198,1,-1,-1,-1
43,15,1941,369,124,176,1,-1,-1,-1
43,17,207,739,156,220,1,-1,-1,-1
43,18,545,668,340,265,1,-1,-1,-1
43,19,448,770,216,228,1,-1,-1,-1
43,20,32,1283,69,157,1,-1,-1,-1
43,21,1488,344,227,202,1,-1,-1,-1
43,22,1200,532,60,48,1,-1,-1,-1
43,23,702,301,1828,788,1,-1,-1,-1
43,24,975,723,176,101,1,-1,-1,-1
43,25,1842,253,149,126,1,-1,-1,-1
43,26,2,1134,382,265,1,-1,-1,-1
43,27,876,435,191,191,1,-1,-1,-1
43,28,1623,466,99,115,1,-1,-1,-1
43,29,1836,517,182,107,1,-1,-1,-1
43,30,2109,241,152,156,1,-1,-1,-1
43,31,2102,239,126,118,1,-1,-1,-1
43,32,0,1250,137,190,1,-1,-1,-1
43,33,1840,275,192,160,1,-1,-1,-1
44,1,590,511,168,208,1,-1,-1,-1
44,2,836,413,224,220,1,-1,-1,-1
44,3,722,717,144,220,1,-1,-1,-1
44,4,1745,270,808,564,1,-1,-1,-1
44,5,551,316,116,216,1,-1,-1,-1
44,6,1281,284,116,148,1,-1,-1,-1
44,7,391,578,256,200,1,-1,-1,-1
44,8,1073,263,112,180,1,-1,-1,-1
44,9,659,265,172,168,1,-1,-1,-1
44,11,398,390,116,148,1,-1,-1,-1
44,14,67,923,290,198,1,-1,-1,-1
44,15,1940,374,124,176,1,-1,-1,-1
44,17,211,736,156,220,1,-1,-1,-1
44,18,545,669,340,265,1,-1,-1,-1
44,19,452,770,216,228,1,-1,-1,-1
44,21,1480,344,227,202,1,-1,-1,-1
44,22,1200,532,60,48,1,-1,-1,-1
44,23,702,289,1828,788,1,-1,-1,-1
44,24,968,726,176,101,1,-1,-1,-1
44,25,1842,254,149,126,1,-1,-1,-1
44,26,0,1135,382,265,1,-1,-1,-1
44,27,884,436,182,182,1,-1,-1,-1
44,28,1625,462,94,110,1,-1,-1,-1
44,29,1839,519,182,107,1,-1,-1,-1
44,30,2108,241,152,156,1,-1,-1,-1
44,31,2104,239,126,118,1,-1,-1,-1
44,32,0,1246,137,194,1,-1,-1,-1
44,33,1840,276,192,160,1,-1,-1,-1
45,1,593,508,168,208,1,-1,-1,-1
45,2,836,411,224,220,1,-1,-1,-1
45,3,725,718,144,220,1,-1,-1,-1
45,4,1747,270,808,564,1,-1,-1,-1
45,5,552,316,116,216,1,-1,-1,-1
45,6,1282,284,116,148,1,-1,-1,-1
45,7,391,576,256,200,1,-1,-1,-1
45,8,1066,257,118,189,1,-1,-1,-1
45,9,659,263,172,168,1,-1,-1,-1
45,11,398,388,116,148,1,-1,-1,-1
45,14,68,924,290,198,1,-1,-1,-1
45,15,1937,379,124,176,1,-1,-1,-1
45,17,211,736,156,220,1,-1,-1,-1
45,18,548,664,340,265,1,-1,-1,-1
45,19,460,765,216,228,1,-1,-1,-1
45,21,1464,345,227,202,1,-1,-1,-1
45,22,1200,532,60,48,1,-1,-1,-1
45,23,708,294,1828,788,1,-1,-1,-1
45,24,962,737,176,101,1,-1,-1,-1
45,25,1841,255,149,126,1,-1,-1,-1
45,26,1,1133,382,265,1,-1,-1,-1
45,27,887,438,173,173,1,-1,-1,-1
45,30,2109,241,152,156,1,-1,-1,-1
45,31,2102,239,132,124,1,-1,-1,-1
45,32,0,1250,129,190,1,-1,-1,-1
45,33,1840,276,192,160,1,-1,-1,-1
46,1,599,510,160,198,1,-1,-1,-1
46,2,834,411,224,220,1,-1,-1,-1
46,3,726,720,144,220,1,-1,-1,-1
46,4,1725,258,835,592,1,-1,-1,-1
46,5,552,316,116,216,1,-1,-1,-1
46,6,1282,284,116,148,1,-1,-1,-1
46,7,390,570,256,200,1,-1,-1,-1
46,8,1060,255,118,189,1,-1,-1,-1
46,9,659,263,172,168,1,-1,-1,-1
46,11,398,384,116,148,1,-1,-1,-1
46,14,72,924,290,198,1,-1,-1,-1
46,15,1933,384,124,176,1,-1,-1,-1
46,17,208,734,156,220,1,-1,-1,-1
46,18,554,646,340,265,1,-1,-1,-1
46,19,472,752,216,228,1,-1,-1,-1
46,21,1456,343,227,202,1,-1,-1,-1
46,22,1200,532,60,48,1,-1,-1,-1
46,23,683,283,1877,827,1,-1,-1,-1
46,24,950,756,176,101,1,-1,-1,-1
46,25,1840,255,149,126,1,-1,-1,-1
46,26,13,1139,364,252,1,-1,-1,-1
46,27,885,429,182,182,1,-1,-1,-1
46,30,2110,242,152,156,1,-1,-1,-1
46,31,2105,243,132,124,1,-1,-1,-1
46,32,0,1252,129,188,1,-1,-1,-1
46,33,1839,276,192,160,1,-1,-1,-1
47,2,833,411,224,220,1,-1,-1,-1
47,3,723,715,151,231,1,-1,-1,-1
47,4,1739,278,808,564,1,-1,-1,-1
47,5,552,316,116,216,1,-1,-1,-1
47,6,1282,284,116,148,1,-1,-1,-1
47,7,389,569,256,200,1,-1,-1,-1
47,8,1059,256,118,189,1,-1,-1,-1
47,9,659,263,172,168,1,-1,-1,-1
47,11,396,383,116,148,1,-1,-1,-1
47,14,71,926,290,198,1,-1,-1,-1
47,15,1931,384,124,176,1,-1,-1,-1
47,17,211,739,149,210,1,-1,-1,-1
47,18,555,642,340,265,1,-1,-1,-1
47,19,470,752,216,228,1,-1,-1,-1
47,21,1456,343,227,202,1,-1,-1,-1
47,22,1200,532,60,48,1,-1,-1,-1
47,23,705,299,1855,827,1,-1,-1,-1
47,24,950,759,176,101,1,-1,-1,-1
47,25,1840,256,149,126,1,-1,-1,-1
47,26,11,1139,364,252,1,-1,-1,-1
47,27,883,431,182,182,1,-1,-1,-1
47,30,2110,242,152,156,1,-1,-1,-1
47,31,2106,245,132,124,1,-1,-1,-1
47,32,0,1254,129,186,1,-1,-1,-1
47,33,1838,276,192,160,1,-1,-1,-1
48,2,833,411,224,220,1,-1,-1,-1
48,3,723,716,151,231,1,-1,-1,-1
48,4,1747,275,808,564,1,-1,-1,-1
48,5,552,316,116,216,1,-1,-1,-1
48,6,1282,284,116,148,1,-1,-1,-1
48,7,387,567,256,200,1,-1,-1,-1
48,8,1058,256,118,189,1,-1,-1,-1
48,9,660,264,172,168,1,-1,-1,-1
48,11,398,385,110,141,1,-1,-1,-1
48,14,76,920,290,198,1,-1,-1,-1
48,15,1928,386,124,176,1,-1,-1,-1
48,17,210,738,149,210,1,-1,-1,-1
48,18,557,636,340,265,1,-1,-1,-1
48,19,469,742,216,228,1,-1,-1,-1
48,21,1456,343,227,202,1,-1,-1,-1
48,22,1201,532,60,48,1,-1,-1,-1
48,23,674,291,1886,827,1,-1,-1,-1
48,24,943,777,168,96,1,-1,-1,-1
48,25,1839,256,149,126,1,-1,-1,-1
48,26,18,1140,364,252,1,-1,-1,-1
48,27,881,431,182,182,1,-1,-1,-1
48,30,2109,242,152,156,1,-1,-1,-1
48,31,2110,246,132,124,1,-1,-1,-1
48,32,0,1254,145,186,1,-1,-1,-1
48,33,1838,276,192,160,1,-1,-1,-1
49,2,824,392,224,216,1,-1,-1,-1
49,3,728,700,156,316,1,-1,-1,-1
49,4,1747,275,808,564,1,-1,-1,-1
49,5,552,312,116,216,1,-1,-1,-1
49,6,1284,280,116,160,1,-1,-1,-1
49,7,392,548,220,192,1,-1,-1,-1
49,8,1040,280,152,236,1,-1,-1,-1
49,9,660,264,172,168,1,-1,-1,-1
49,11,408,388,112,148,1,-1,-1,-1
49,14,128,912,236,184,1,-1,-1,-1
49,15,1916,384,132,232,1,-1,-1,-1
49,17,210,738,149,210,1,-1,-1,-1
49,18,644,608,188,288,1,-1,-1,-1
49,19,480,708,204,280,1,-1,-1,-1
49,21,1456,343,227,202,1,-1,-1,-1
49,22,1201,532,60,48,1,-1,-1,-1
49,23,674,291,1886,827,1,-1,-1,-1
49,24,943,777,168,96,1,-1,-1,-1
49,25,1839,256,149,126,1,-1,-1,-1
49,26,32,1120,360,212,1,-1,-1,-1
49,27,881,431,182,182,1,-1,-1,-1
49,30,2109,242,152,156,1,-1,-1,-1
49,31,2110,246,132,124,1,-1,-1,-1
49,32,0,1254,145,186,1,-1,-1,-1
49,33,1838,276,192,160,1,-1,-1,-1
49,34,2220,460,228,244,1,-1,-1,-1
49,35,928,788,176,268,1,-1,-1,-1
49,36,1828,704,152,232,1,-1,-1,-1
49,37,1780,488,152,232,1,-1,-1,-1
49,38,2056,532,128,200,1,-1,-1,-1
49,39,1632,568,228,220,1,-1,-1,-1
50,2,823,392,224,216,1,-1,-1,-1
50,3,728,699,156,316,1,-1,-1,-1
50,4,1743,279,808,564,1,-1,-1,-1
50,5,552,312,116,216,1,-1,-1,-1
50,6,1284,280,116,160,1,-1,-1,-1
50,7,395,548,220,192,1,-1,-1,-1
50,8,1040,285,152,236,1,-1,-1,-1
50,9,659,263,172,168,1,-1,-1,-1
50,11,408,387,112,148,1,-1,-1,-1
50,14,131,912,236,184,1,-1,-1,-1
50,15,1914,385,132,232,1,-1,-1,-1
50,17,210,739,149,210,1,-1,-1,-1
50,18,646,608,188,288,1,-1,-1,-1
50,19,480,704,204,280,1,-1,-1,-1
50,21,1449,340,227,202,1,-1,-1,-1
50,22,1201,532,60,48,1,-1,-1,-1
50,23,675,319,1885,827,1,-1,-1,-1
50,24,928,799,168,96,1,-1,-1,-1
50,25,1841,257,149,126,1,-1,-1,-1
50,26,33,1119,360,212,1,-1,-1,-1
50,27,875,432,173,173,1,-1,-1,-1
50,30,2110,243,152,156,1,-1,-1,-1
50,31,2109,250,132,124,1,-1,-1,-1
50,32,0,1261,129,179,1,-1,-1,-1
50,33,1837,277,192,160,1,-1,-1,-1
50,34,2221,460,228,244,1,-1,-1,-1
50,35,927,797,176,268,1,-1,-1,-1
50,36,1820,708,152,232,1,-1,-1,-1
50,37,1779,487,152,232,1,-1,-1,-1
50,38,2056,532,128,200,1,-1,-1,-1
50,39,1631,568,228,220,1,-1,-1,-1
51,2,821,393,224,216,1,-1,-1,-1
51,3,730,698,156,316,1,-1,-1,-1
51,4,1741,278,808,564,1,-1,-1,-1
51,5,552,313,116,216,1,-1,-1,-1
51,6,1284,280,116,160,1,-1,-1,-1
51,7,400,547,220,192,1,-1,-1,-1
51,8,1039,295,152,236,1,-1,-1,-1
51,9,659,264,172,168,1,-1,-1,-1
51,11,408,386,112,148,1,-1,-1,-1
51,14,134,911,236,184,1,-1,-1,-1
51,15,1912,386,132,232,1,-1,-1,-1
51,17,210,740,149,210,1,-1,-1,-1
51,18,650,607,188,288,1,-1,-1,-1
51,19,480,700,204,280,1,-1,-1,-1
51,21,1441,339,227,202,1,-1,-1,-1
51,22,1201,532,60,48,1,-1,-1,-1
51,23,648,300,1912,827,1,-1,-1,-1
51,24,929,813,160,91,1,-1,-1,-1
51,25,1842,258,149,126,1,-1,-1,-1
51,26,35,1119,360,212,1,-1,-1,-1
51,27,877,437,165,165,1,-1,-1,-1
51,30,2110,244,152,156,1,-1,-1,-1
51,31,2109,252,132,124,1,-1,-1,-1
51,32,0,1257,128,183,1,-1,-1,-1
51,33,1836,278,192,160,1,-1,-1,-1
51,34,2222,460,228,244,1,-1,-1,-1
51,35,925,802,176,268,1,-1,-1,-1
51,36,1806,704,160,244,1,-1,-1,-1
51,37,1778,486,152,232,1,-1,-1,-1
51,38,2057,532,128,200,1,-1,-1,-1
51,39,1631,568,228,220,1,-1,-1,-1
52,2,820,393,224,216,1,-1,-1,-1
52,3,730,699,156,316,1,-1,-1,-1
52,4,1738,285,808,564,1,-1,-1,-1
52,5,552,313,116,216,1,-1,-1,-1
52,6,1284,280,116,160,1,-1,-1,-1
52,7,404,545,220,192,1,-1,-1,-1
52,8,1040,299,152,236,1,-1,-1,-1
52,9,659,264,172,168,1,-1,-1,-1
52,11,409,383,112,148,1,-1,-1,-1
52,14,136,910,236,184,1,-1,-1,-1
52,15,1909,387,132,232,1,-1,-1,-1
52,17,212,741,149,210,1,-1,-1,-1
52,18,651,605,188,288,1,-1,-1,-1
52,19,479,697,204,280,1,-1,-1,-1
52,21,1434,339,227,202,1,-1,-1,-1
52,22,1201,532,60,48,1,-1,-1,-1
52,23,645,284,1915,827,1,-1,-1,-1
52,24,923,818,160,91,1,-1,-1,-1
52,25,1841,259,149,126,1,-1,-1,-1
52,26,37,1120,360,212,1,-1,-1,-1
52,27,872,437,165,165,1,-1,-1,-1
52,30,2111,244,152,156,1,-1,-1,-1
52,31,2110,252,132,124,1,-1,-1,-1
52,32,0,1263,127,177,1,-1,-1,-1
52,33,1835,278,192,160,1,-1,-1,-1
52,34,2222,460,228,244,1,-1,-1,-1
52,35,924,805,176,268,1,-1,-1,-1
52,36,1779,730,160,244,1,-1,-1,-1
52,37,1777,484,152,232,1,-1,-1,-1
52,38,2058,532,128,200,1,-1,-1,-1
52,39,1632,568,228,220,1,-1,-1,-1
53,2,818,392,224,216,1,-1,-1,-1
53,3,731,700,156,316,1,-1,-1,-1
53,4,1737,288,808,564,1,-1,-1,-1
53,5,552,314,116,216,1,-1,-1,-1
53,6,1284,280,116,160,1,-1,-1,-1
53,7,404,544,220,192,1,-1,-1,-1
53,8,1039,300,152,236,1,-1,-1,-1
53,9,659,263,172,168,1,-1,-1,-1
53,11,410,382,112,148,1,-1,-1,-1
53,14,136,910,236,184,1,-1,-1,-1
53,15,1908,386,132,232,1,-1,-1,-1
53,17,212,742,149,210,1,-1,-1,-1
53,18,650,605,188,288,1,-1,-1,-1
53,19,480,696,204,280,1,-1,-1,-1
53,21,1436,340,227,202,1,-1,-1,-1
53,22,1201,532,60,48,1,-1,-1,-1
53,23,661,288,1899,827,1,-1,-1,-1
53,24,922,821,160,91,1,-1,-1,-1
53,25,1841,259,149,126,1,-1,-1,-1
53,26,38,1121,360,212,1,-1,-1,-1
53,27,873,436,165,165,1,-1,-1,-1
53,30,2110,243,152,156,1,-1,-1,-1
53,31,2109,252,132,124,1,-1,-1,-1
53,32,0,1265,129,175,1,-1,-1,-1
53,33,1834,278,192,160,1,-1,-1,-1
53,34,2222,460,228,244,1,-1,-1,-1
53,35,924,806,176,268,1,-1,-1,-1
53,36,1770,732,160,244,1,-1,-1,-1
53,37,1773,478,160,244,1,-1,-1,-1
53,38,2058,532,128,200,1,-1,-1,-1
53,39,1632,567,228,220,1,-1,-1,-1
54,2,812,393,224,216,1,-1,-1,-1
54,3,731,696,156,316,1,-1,-1,-1
54,4,1739,288,808,564,1,-1,-1,-1
54,5,552,314,116,216,1,-1,-1,-1
54,6,1283,280,116,160,1,-1,-1,-1
54,7,407,542,220,192,1,-1,-1,-1
54,8,1038,302,152,236,1,-1,-1,-1
54,9,659,264,172,168,1,-1,-1,-1
54,11,411,378,112,148,1,-1,-1,-1
54,14,137,910,236,184,1,-1,-1,-1
54,15,1906,387,132,232,1,-1,-1,-1
54,17,214,739,149,210,1,-1,-1,-1
54,18,651,602,188,288,1,-1,-1,-1
54,19,480,693,204,280,1,-1,-1,-1
54,21,1429,339,227,202,1,-1,-1,-1
54,22,1200,532,60,48,1,-1,-1,-1
54,23,684,314,1876,827,1,-1,-1,-1
54,24,919,827,160,91,1,-1,-1,-1
54,25,1841,260,149,126,1,-1,-1,-1
54,26,39,1122,360,212,1,-1,-1,-1
54,27,862,435,165,165,1,-1,-1,-1
54,30,2110,243,152,156,1,-1,-1,-1
54,31,2110,253,132,124,1,-1,-1,-1
54,32,0,1271,135,169,1,-1,-1,-1
54,33,1833,277,192,160,1,-1,-1,-1
54,34,2222,460,228,244,1,-1,-1,-1
54,35,924,806,176,268,1,-1,-1,-1
54,36,1762,757,160,244,1,-1,-1,-1
54,37,1773,478,160,244,1,-1,-1,-1
54,38,2059,532,128,200,1,-1,-1,-1
54,39,1633,567,228,220,1,-1,-1,-1
55,2,807,393,224,216,1,-1,-1,-1
55,3,731,696,156,316,1,-1,-1,-1
55,4,1745,286,808,564,1,-1,-1,-1
55,5,553,314,116,216,1,-1,-1,-1
55,6,1284,281,116,160,1,-1,-1,-1
55,7,408,540,220,192,1,-1,-1,-1
55,8,1040,303,152,236,1,-1,-1,-1
55,9,659,263,172,168,1,-1,-1,-1
55,11,413,375,112,148,1,-1,-1,-1
55,14,138,910,236,184,1,-1,-1,-1
55,15,1905,389,132,232,1,-1,-1,-1
55,17,219,738,149,210,1,-1,-1,-1
55,18,653,600,188,288,1,-1,-1,-1
55,19,479,687,204,280,1,-1,-1,-1
55,21,1418,340,227,202,1,-1,-1,-1
55,22,1200,532,60,48,1,-1,-1,-1
55,23,626,303,1934,869,1,-1,-1,-1
55,24,911,842,152,87,1,-1,-1,-1
55,25,1840,260,149,126,1,-1,-1,-1
55,26,39,1126,360,212,1,-1,-1,-1
55,27,857,438,165,165,1,-1,-1,-1
55,30,2111,243,152,156,1,-1,-1,-1
55,31,2109,251,132,124,1,-1,-1,-1
55,32,0,1272,119,168,1,-1,-1,-1
55,33,1832,277,192,160,1,-1,-1,-1
55,34,2223,460,228,244,1,-1,-1,-1
55,35,923,819,176,268,1,-1,-1,-1
55,36,1753,759,160,244,1,-1,-1,-1
55,37,1773,477,160,244,1,-1,-1,-1
55,38,2060,531,128,200,1,-1,-1,-1
55,39,1635,566,228,220,1,-1,-1,-1
56,2,794,395,224,216,1,-1,-1,-1
56,3,732,695,156,316,1,-1,-1,-1
56,4,1747,289,808,564,1,-1,-1,-1
56,5,553,314,116,216,1,-1,-1,-1
56,6,1284,281,116,160,1,-1,-1,-1
56,7,409,538,220,192,1,-1,-1,-1
56,8,1036,299,160,248,1,-1,-1,-1
56,9,661,262,172,168,1,-1,-1,-1
56,11,416,374,112,148,1,-1,-1,-1
56,14,139,911,236,184,1,-1,-1,-1
56,15,1904,392,132,232,1,-1,-1,-1
56,17,222,736,149,210,1,-1,-1,-1
56,18,655,597,188,288,1,-1,-1,-1
56,19,479,682,204,280,1,-1,-1,-1
56,21,1411,342,227,202,1,-1,-1,-1
56,22,1201,532,60,48,1,-1,-1,-1
56,23,607,308,1953,869,1,-1,-1,-1
56,24,902,849,145,83,1,-1,-1,-1
56,25,1840,260,149,126,1,-1,-1,-1
56,26,39,1128,360,212,1,-1,-1,-1
56,27,849,444,165,165,1,-1,-1,-1
56,30,2110,243,152,156,1,-1,-1,-1
56,31,2109,252,132,124,1,-1,-1,-1
56,32,0,1267,117,173,1,-1,-1,-1
56,33,1832,277,192,160,1,-1,-1,-1
56,34,2222,459,228,244,1,-1,-1,-1
56,35,914,836,176,268,1,-1,-1,-1
56,36,1732,760,168,256,1,-1,-1,-1
56,37,1777,481,152,232,1,-1,-1,-1
56,38,2061,529,128,200,1,-1,-1,-1
56,39,1636,567,228,220,1,-1,-1,-1
57,2,800,388,192,212,1,-1,-1,-1
57,3,732,695,156,316,1,-1,-1,-1
57,4,1747,289,808,564,1,-1,-1,-1
57,5,552,316,116,212,1,-1,-1,-1
57,6,1284,280,120,156,1,-1,-1,-1
57,7,424,556,204,152,1,-1,-1,-1
57,8,992,324,216,204,1,-1,-1,-1
57,9,661,262,172,168,1,-1,-1,-1
57,11,424,376,104,176,1,-1,-1,-1
57,14,148,912,228,184,1,-1,-1,-1
57,15,1908,396,124,256,1,-1,-1,-1
57,17,222,736,149,210,1,-1,-1,-1
57,18,655,597,188,288,1,-1,-1,-1
57,19,476,704,228,184,1,-1,-1,-1
57,21,1411,342,227,202,1,-1,-1,-1
57,22,1201,532,60,48,1,-1,-1,-1
57,23,607,308,1953,869,1,-1,-1,-1
57,24,902,849,145,83,1,-1,-1,-1
57,25,1840,260,149,126,1,-1,-1,-1
57,26,92,1088,280,228,1,-1,-1,-1
57,27,849,444,165,165,1,-1,-1,-1
57,30,2110,243,152,156,1,-1,-1,-1
57,31,2109,252,132,124,1,-1,-1,-1
57,32,0,1267,117,173,1,-1,-1,-1
57,33,1832,277,192,160,1,-1,-1,-1
57,34,2222,459,228,244,1,-1,-1,-1
57,35,914,836,176,268,1,-1,-1,-1
57,36,1644,784,240,228,1,-1,-1,-1
57,37,1776,480,148,136,1,-1,-1,-1
57,38,2060,524,128,192,1,-1,-1,-1
57,39,1636,567,228,220,1,-1,-1,-1
57,40,36,1344,372,96,1,-1,-1,-1
58,2,793,390,192,212,1,-1,-1,-1
58,3,732,694,156,316,1,-1,-1,-1
58,4,1754,286,806,564,1,-1,-1,-1
58,5,552,316,116,212,1,-1,-1,-1
58,6,1284,280,120,156,1,-1,-1,-1
58,7,423,554,204,152,1,-1,-1,-1
58,8,991,325,216,204,1,-1,-1,-1
58,9,663,260,172,168,1,-1,-1,-1
58,11,426,375,104,176,1,-1,-1,-1
58,14,149,914,228,184,1,-1,-1,-1
58,15,1910,401,124,256,1,-1,-1,-1
58,17,226,737,149,210,1,-1,-1,-1
58,18,656,592,188,288,1,-1,-1,-1
58,19,477,701,228,184,1,-1,-1,-1
58,21,1391,346,227,202,1,-1,-1,-1
58,22,1201,532,60,48,1,-1,-1,-1
58,23,613,303,1947,869,1,-1,-1,-1
58,24,871,863,145,83,1,-1,-1,-1
58,25,1839,261,149,126,1,-1,-1,-1
58,26,90,1090,280,228,1,-1,-1,-1
58,27,835,448,165,165,1,-1,-1,-1
58,30,2111,243,152,156,1,-1,-1,-1
58,31,2110,251,132,124,1,-1,-1,-1
58,32,0,1256,126,184,1,-1,-1,-1
58,33,1835,278,192,160,1,-1,-1,-1
58,34,2222,459,228,244,1,-1,-1,-1
58,35,888,865,176,268,1,-1,-1,-1
58,36,1639,785,240,228,1,-1,-1,-1
58,37,1777,485,148,136,1,-1,-1,-1
58,38,2061,523,128,192,1,-1,-1,-1
58,39,1641,568,228,220,1,-1,-1,-1
58,40,40,1345,372,95,1,-1,-1,-1
59,2,793,391,192,212,1,-1,-1,-1
59,3,729,687,164,332,1,-1,-1,-1
59,4,1748,289,808,564,1,-1,-1,-1
59,5,553,316,116,212,1,-1,-1,-1
59,6,1284,280,120,156,1,-1,-1,-1
59,7,424,554,204,152,1,-1,-1,-1
59,8,991,325,216,204,1,-1,-1,-1
59,9,663,260,172,168,1,-1,-1,-1
59,11,427,375,104,176,1,-1,-1,-1
59,14,149,915,228,184,1,-1,-1,-1
59,15,1911,402,124,256,1,-1,-1,-1
59,17,227,733,149,210,1,-1,-1,-1
59,18,658,590,188,288,1,-1,-1,-1
59,19,478,701,228,184,1,-1,-1,-1
59,21,1388,347,227,202,1,-1,-1,-1
59,22,1201,532,60,48,1,-1,-1,-1
59,23,628,292,1932,869,1,-1,-1,-1
59,24,875,869,138,79,1,-1,-1,-1
59,25,1839,261,149,126,1,-1,-1,-1
59,26,89,1091,280,228,1,-1,-1,-1
59,27,834,448,165,165,1,-1,-1,-1
59,30,2110,243,152,156,1,-1,-1,-1
59,31,2109,252,132,124,1,-1,-1,-1
59,32,0,1250,126,190,1,-1,-1,-1
59,33,1836,278,192,160,1,-1,-1,-1
59,34,2222,459,228,244,1,-1,-1,-1
59,35,893,875,168,255,1,-1,-1,-1
59,36,1638,786,240,228,1,-1,-1,-1
59,37,1778,485,148,136,1,-1,-1,-1
59,38,2061,522,128,192,1,-1,-1,-1
59,39,1640,567,228,220,1,-1,-1,-1
59,40,40,1346,372,94,1,-1,-1,-1
60,2,787,392,192,212,1,-1,-1,-1
60,3,729,687,164,332,1,-1,-1,-1
60,4,1751,288,808,564,1,-1,-1,-1
60,5,553,316,116,212,1,-1,-1,-1
60,6,1284,280,120,156,1,-1,-1,-1
60,7,425,553,204,152,1,-1,-1,-1
60,8,990,326,216,204,1,-1,-1,-1
60,9,666,259,172,168,1,-1,-1,-1
60,11,429,375,104,176,1,-1,-1,-1
60,14,150,916,228,184,1,-1,-1,-1
60,15,1913,410,124,256,1,-1,-1,-1
60,17,223,730,149,210,1,-1,-1,-1
60,18,657,587,188,288,1,-1,-1,-1
60,19,478,699,228,184,1,-1,-1,-1
60,21,1380,347,227,202,1,-1,-1,-1
60,22,1201,532,60,48,1,-1,-1,-1
60,23,612,281,1948,869,1,-1,-1,-1
60,24,868,874,138,79,1,-1,-1,-1
60,25,1839,261,149,126,1,-1,-1,-1
60,26,85,1091,280,228,1,-1,-1,-1
60,27,822,446,173,173,1,-1,-1,-1
60,30,2109,243,152,156,1,-1,-1,-1
60,31,2109,252,132,124,1,-1,-1,-1
60,32,0,1249,131,191,1,-1,-1,-1
60,33,1837,279,192,160,1,-1,-1,-1
60,34,2222,459,228,244,1,-1,-1,-1
60,35,884,879,176,268,1,-1,-1,-1
60,36,1626,788,240,228,1,-1,-1,-1
60,37,1780,488,148,136,1,-1,-1,-1
60,38,2059,517,134,202,1,-1,-1,-1
60,39,1643,566,228,220,1,-1,-1,-1
60,40,46,1347,372,93,1,-1,-1,-1
61,2,780,394,192,212,1,-1,-1,-1
61,3,729,686,164,332,1,-1,-1,-1
61,4,1752,292,808,564,1,-1,-1,-1
61,5,553,317,116,212,1,-1,-1,-1
61,6,1284,280,120,156,1,-1,-1,-1
61,7,430,549,204,152,1,-1,-1,-1
61,8,990,327,216,204,1,-1,-1,-1
61,9,670,257,172,168,1,-1,-1,-1
61,11,430,375,104,176,1,-1,-1,-1
61,14,150,916,228,184,1,-1,-1,-1
61,15,1915,412,130,269,1,-1,-1,-1
61,17,224,730,149,210,1,-1,-1,-1
61,18,658,585,188,288,1,-1,-1,-1
61,19,479,697,228,184,1,-1,-1,-1
61,21,1374,349,227,202,1,-1,-1,-1
61,22,1201,532,60,48,1,-1,-1,-1
61,23,649,273,1911,869,1,-1,-1,-1
61,24,857,879,138,79,1,-1,-1,-1
61,25,1840,260,149,126,1,-1,-1,-1
61,26,78,1092,280,228,1,-1,-1,-1
61,27,815,450,173,173,1,-1,-1,-1
61,30,2110,242,152,156,1,-1,-1,-1
61,31,2110,251,132,124,1,-1,-1,-1
61,32,0,1246,132,194,1,-1,-1,-1
61,33,1838,280,192,160,1,-1,-1,-1
61,34,2223,459,228,244,1,-1,-1,-1
61,35,883,888,176,268,1,-1,-1,-1
61,36,1583,812,240,228,1,-1,-1,-1
61,37,1783,491,148,136,1,-1,-1,-1
61,38,2060,514,134,202,1,-1,-1,-1
61,39,1653,566,228,220,1,-1,-1,-1
61,40,50,1347,372,93,1,-1,-1,-1
62,2,774,392,192,212,1,-1,-1,-1
62,3,726,676,172,348,1,-1,-1,-1
62,4,1759,290,801,564,1,-1,-1,-1
62,5,552,317,116,212,1,-1,-1,-1
62,6,1284,280,120,156,1,-1,-1,-1
62,7,438,544,204,152,1,-1,-1,-1
62,8,986,327,216,204,1,-1,-1,-1
62,9,673,254,172,168,1,-1,-1,-1
62,11,431,376,104,176,1,-1,-1,-1
62,14,150,916,228,184,1,-1,-1,-1
62,15,1920,417,130,269,1,-1,-1,-1
62,17,228,730,149,210,1,-1,-1,-1
62,18,660,585,188,288,1,-1,-1,-1
62,19,485,695,228,184,1,-1,-1,-1
62,21,1368,351,227,202,1,-1,-1,-1
62,22,1201,531,60,48,1,-1,-1,-1
62,23,600,293,1960,869,1,-1,-1,-1
62,24,858,886,132,75,1,-1,-1,-1
62,25,1840,260,149,126,1,-1,-1,-1
62,26,72,1092,280,228,1,-1,-1,-1
62,27,803,446,173,173,1,-1,-1,-1
62,30,2110,242,152,156,1,-1,-1,-1
62,31,2110,251,132,124,1,-1,-1,-1
62,32,0,1244,134,196,1,-1,-1,-1
62,33,1840,280,192,160,1,-1,-1,-1
62,34,2223,458,228,244,1,-1,-1,-1
62,35,882,888,176,268,1,-1,-1,-1
62,36,1539,839,240,228,1,-1,-1,-1
62,37,1785,491,148,136,1,-1,-1,-1
62,38,2061,513,134,202,1,-1,-1,-1
62,39,1675,579,228,220,1,-1,-1,-1
62,40,54,1348,372,92,1,-1,-1,-1
63,2,760,383,192,212,1,-1,-1,-1
63,3,726,676,172,348,1,-1,-1,-1
63,4,1758,288,802,564,1,-1,-1,-1
63,5,552,317,116,212,1,-1,-1,-1
63,6,1284,281,120,156,1,-1,-1,-1
63,7,441,542,204,152,1,-1,-1,-1
63,8,979,328,216,204,1,-1,-1,-1
63,9,675,253,172,168,1,-1,-1,-1
63,11,432,377,104,176,1,-1,-1,-1
63,14,151,915,228,184,1,-1,-1,-1
63,15,1925,423,130,269,1,-1,-1,-1
63,17,235,726,149,210,1,-1,-1,-1
63,18,660,581,188,288,1,-1,-1,-1
63,19,489,692,228,184,1,-1,-1,-1
63,21,1361,352,227,202,1,-1,-1,-1
63,22,1201,531,60,48,1,-1,-1,-1
63,23,630,286,1930,869,1,-1,-1,-1
63,24,855,893,132,75,1,-1,-1,-1
63,25,1841,259,149,126,1,-1,-1,-1
63,26,68,1092,280,228,1,-1,-1,-1
63,27,796,443,173,173,1,-1,-1,-1
63,30,2111,242,152,156,1,-1,-1,-1
63,31,2110,252,132,124,1,-1,-1,-1
63,32,0,1244,135,196,1,-1,-1,-1
63,33,1840,280,192,160,1,-1,-1,-1
63,34,2223,459,228,244,1,-1,-1,-1
63,35,874,893,176,268,1,-1,-1,-1
63,36,1505,857,240,228,1,-1,-1,-1
63,37,1785,491,148,136,1,-1,-1,-1
63,38,2060,511,134,202,1,-1,-1,-1
63,39,1669,581,228,220,1,-1,-1,-1
63,40,60,1350,372,90,1,-1,-1,-1
64,2,743,378,192,212,1,-1,-1,-1
64,3,730,686,164,332,1,-1,-1,-1
64,4,1755,291,805,564,1,-1,-1,-1
64,5,552,318,116,212,1,-1,-1,-1
64,6,1283,279,120,156,1,-1,-1,-1
64,7,449,536,204,152,1,-1,-1,-1
64,8,971,330,216,204,1,-1,-1,-1
64,9,678,252,172,168,1,-1,-1,-1
64,11,432,376,104,176,1,-1,-1,-1
64,14,152,915,228,184,1,-1,-1,-1
64,15,1929,427,130,269,1,-1,-1,-1
64,17,277,748,149,210,1,-1,-1,-1
64,18,660,579,188,288,1,-1,-1,-1
64,19,501,695,217,175,1,-1,-1,-1
64,21,1358,353,227,202,1,-1,-1,-1
64,22,1201,532,60,48,1,-1,-1,-1
64,23,609,291,1951,869,1,-1,-1,-1
64,24,856,902,132,75,1,-1,-1,-1
64,25,1842,259,149,126,1,-1,-1,-1
64,26,65,1090,280,228,1,-1,-1,-1
64,27,772,434,182,182,1,-1,-1,-1
64,30,2110,242,152,156,1,-1,-1,-1
64,31,2110,252,132,124,1,-1,-1,-1
64,32,0,1242,132,196,1,-1,-1,-1
64,33,1842,280,192,160,1,-1,-1,-1
64,34,2223,459,228,244,1,-1,-1,-1
64,35,867,891,176,268,1,-1,-1,-1
64,36,1494,854,252,239,1,-1,-1,-1
64,37,1783,491,148,136,1,-1,-1,-1
64,38,2062,510,134,202,1,-1,-1,-1
64,39,1661,583,217,210,1,-1,-1,-1
64,40,74,1351,372,89,1,-1,-1,-1
65,2,748,384,180,176,1,-1,-1,-1
65,3,730,686,164,332,1,-1,-1,-1
65,4,1755,291,805,564,1,-1,-1,-1
65,5,536,316,132,196,1,-1,-1,-1
65,6,1283,279,120,156,1,-1,-1,-1
65,7,456,524,148,164,1,-1,-1,-1
65,8,964,336,228,156,1,-1,-1,-1
65,9,678,252,172,168,1,-1,-1,-1
65,11,432,376,104,176,1,-1,-1,-1
65,14,152,900,216,188,1,-1,-1,-1
65,15,1929,427,130,269,1,-1,-1,-1
65,17,277,748,149,210,1,-1,-1,-1
65,18,660,579,188,288,1,-1,-1,-1
65,19,508,692,188,204,1,-1,-1,-1
65,21,1358,353,227,202,1,-1,-1,-1
65,22,1201,532,60,48,1,-1,-1,-1
65,23,609,291,1951,869,1,-1,-1,-1
65,24,856,902,132,75,1,-1,-1,-1
65,25,1842,259,149,126,1,-1,-1,-1
65,26,56,1072,268,264,1,-1,-1,-1
65,27,772,434,182,182,1,-1,-1,-1
65,30,2110,242,152,156,1,-1,-1,-1
65,31,2110,252,132,124,1,-1,-1,-1
65,32,0,1242,132,196,1,-1,-1,-1
65,33,1842,280,192,160,1,-1,-1,-1
65,34,2223,459,228,244,1,-1,-1,-1
65,35,844,876,152,312,1,-1,-1,-1
65,36,1480,828,280,260,1,-1,-1,-1
65,37,1788,488,148,152,1,-1,-1,-1
65,38,2044,516,144,160,1,-1,-1,-1
65,39,1696,596,256,208,1,-1,-1,-1
65,40,92,1352,344,84,1,-1,-1,-1
66,2,744,380,180,176,1,-1,-1,-1
66,3,730,686,164,332,1,-1,-1,-1
66,4,1757,296,803,564,1,-1,-1,-1
66,5,536,316,132,196,1,-1,-1,-1
66,6,1282,278,120,156,1,-1,-1,-1
66,7,457,522,148,164,1,-1,-1,-1
66,8,952,338,228,156,1,-1,-1,-1
66,9,680,252,172,168,1,-1,-1,-1
66,11,432,374,104,176,1,-1,-1,-1
66,14,154,899,216,188,1,-1,-1,-1
66,15,1931,429,130,269,1,-1,-1,-1
66,18,658,576,188,288,1,-1,-1,-1
66,19,511,690,188,204,1,-1,-1,-1
66,21,1356,354,227,202,1,-1,-1,-1
66,22,1201,532,60,48,1,-1,-1,-1
66,23,673,312,1887,827,1,-1,-1,-1
66,24,857,914,132,75,1,-1,-1,-1
66,25,1843,259,149,126,1,-1,-1,-1
66,26,57,1070,268,264,1,-1,-1,-1
66,27,756,415,182,182,1,-1,-1,-1
66,30,2110,242,152,156,1,-1,-1,-1
66,31,2110,251,132,124,1,-1,-1,-1
66,32,0,1250,132,190,1,-1,-1,-1
66,33,1843,280,192,160,1,-1,-1,-1
66,34,2222,459,228,244,1,-1,-1,-1
66,35,842,882,152,312,1,-1,-1,-1
66,36,1475,828,280,260,1,-1,-1,-1
66,37,1789,489,148,152,1,-1,-1,-1
66,38,2041,515,144,160,1,-1,-1,-1
66,39,1700,601,256,208,1,-1,-1,-1
66,40,100,1353,344,84,1,-1,-1,-1
67,2,730,370,180,176,1,-1,-1,-1
67,3,728,687,164,332,1,-1,-1,-1
67,4,1780,306,770,537,1,-1,-1,-1
67,5,536,316,132,196,1,-1,-1,-1
67,6,1282,278,120,156,1,-1,-1,-1
67,7,459,519,148,164,1,-1,-1,-1
67,8,941,339,228,156,1,-1,-1,-1
67,9,682,251,172,168,1,-1,-1,-1
67,11,432,373,104,176,1,-1,-1,-1
67,14,154,898,216,188,1,-1,-1,-1
67,15,1934,433,130,269,1,-1,-1,-1
67,18,653,573,188,288,1,-1,-1,-1
67,19,518,687,188,204,1,-1,-1,-1
67,21,1348,355,227,202,1,-1,-1,-1
67,22,1201,532,60,48,1,-1,-1,-1
67,23,633,287,1927,869,1,-1,-1,-1
67,24,860,929,132,75,1,-1,-1,-1
67,25,1843,258,149,126,1,-1,-1,-1
67,26,56,1071,268,264,1,-1,-1,-1
67,27,740,401,182,182,1,-1,-1,-1
67,30,2111,242,152,156,1,-1,-1,-1
67,31,2110,251,132,124,1,-1,-1,-1
67,32,0,1252,130,188,1,-1,-1,-1
67,33,1844,280,192,160,1,-1,-1,-1
67,34,2222,459,228,244,1,-1,-1,-1
67,35,836,904,152,312,1,-1,-1,-1
67,36,1472,836,267,248,1,-1,-1,-1
67,37,1790,488,148,152,1,-1,-1,-1
67,38,2033,512,144,160,1,-1,-1,-1
67,39,1709,606,256,208,1,-1,-1,-1
67,40,131,1353,344,84,1,-1,-1,-1
68,2,715,354,180,176,1,-1,-1,-1
68,3,728,686,164,332,1,-1,-1,-1
68,4,1781,301,770,537,1,-1,-1,-1
68,5,537,316,132,196,1,-1,-1,-1
68,6,1281,278,120,156,1,-1,-1,-1
68,7,461,513,148,164,1,-1,-1,-1
68,8,931,340,228,156,1,-1,-1,-1
68,9,686,255,172,168,1,-1,-1,-1
68,11,432,370,104,176,1,-1,-1,-1
68,14,154,897,216,188,1,-1,-1,-1
68,15,1936,436,130,269,1,-1,-1,-1
68,18,653,573,188,288,1,-1,-1,-1
68,19,521,684,188,204,1,-1,-1,-1
68,21,1339,354,227,202,1,-1,-1,-1
68,22,1201,532,60,48,1,-1,-1,-1
68,23,700,280,1860,827,1,-1,-1,-1
68,24,861,953,132,75,1,-1,-1,-1
68,25,1843,257,149,126,1,-1,-1,-1
68,26,53,1071,268,264,1,-1,-1,-1
68,27,737,396,182,182,1,-1,-1,-1
68,30,2110,242,152,156,1,-1,-1,-1
68,31,2110,252,132,124,1,-1,-1,-1
68,32,0,1252,130,188,1,-1,-1,-1
68,33,1845,279,192,160,1,-1,-1,-1
68,34,2222,460,228,244,1,-1,-1,-1
68,35,833,929,152,312,1,-1,-1,-1
68,36,1465,838,267,248,1,-1,-1,-1
68,37,1790,488,148,152,1,-1,-1,-1
68,38,2025,504,137,152,1,-1,-1,-1
68,39,1715,610,256,208,1,-1,-1,-1
68,40,131,1352,344,84,1,-1,-1,-1
69,2,694,341,180,176,1,-1,-1,-1
69,3,730,685,164,332,1,-1,-1,-1
69,4,1783,304,770,537,1,-1,-1,-1
69,5,537,316,132,196,1,-1,-1,-1
69,6,1280,278,120,156,1,-1,-1,-1
69,7,464,501,148,164,1,-1,-1,-1
69,8,920,342,228,156,1,-1,-1,-1
69,9,693,260,172,168,1,-1,-1,-1
69,11,431,368,104,176,1,-1,-1,-1
69,14,156,897,216,188,1,-1,-1,-1
69,15,1938,442,130,269,1,-1,-1,-1
69,18,655,573,188,288,1,-1,-1,-1
69,19,528,681,188,204,1,-1,-1,-1
69,21,1331,353,227,202,1,-1,-1,-1
69,22,1201,532,60,48,1,-1,-1,-1
69,23,693,286,1867,827,1,-1,-1,-1
69,24,861,971,132,75,1,-1,-1,-1
69,25,1843,258,149,126,1,-1,-1,-1
69,26,48,1072,268,264,1,-1,-1,-1
69,27,728,391,182,182,1,-1,-1,-1
69,30,2110,242,152,156,1,-1,-1,-1
69,31,2110,252,132,124,1,-1,-1,-1
69,32,0,1253,128,187,1,-1,-1,-1
69,33,1846,279,192,160,1,-1,-1,-1
69,34,2222,461,228,244,1,-1,-1,-1
69,35,838,941,152,312,1,-1,-1,-1
69,36,1449,845,267,248,1,-1,-1,-1
69,37,1790,488,148,152,1,-1,-1,-1
69,38,2028,498,137,152,1,-1,-1,-1
69,39,1720,612,256,208,1,-1,-1,-1
69,40,153,1347,361,88,1,-1,-1,-1
70,2,684,333,180,176,1,-1,-1,-1
70,3,730,687,164,332,1,-1,-1,-1
70,4,1763,285,797,564,1,-1,-1,-1
70,5,537,315,132,196,1,-1,-1,-1
70,6,1281,278,120,156,1,-1,-1,-1
70,7,465,488,148,164,1,-1,-1,-1
70,8,911,345,228,156,1,-1,-1,-1
70,9,697,266,172,168,1,-1,-1,-1
70,11,430,365,104,176,1,-1,-1,-1
70,14,158,898,216,188,1,-1,-1,-1
70,15,1943,458,130,269,1,-1,-1,-1
70,18,657,578,188,288,1,-1,-1,-1
70,19,533,678,188,204,1,-1,-1,-1
70,21,1327,353,227,202,1,-1,-1,-1
70,22,1201,532,60,48,1,-1,-1,-1
70,23,693,301,1867,827,1,-1,-1,-1
70,24,856,986,132,75,1,-1,-1,-1
70,25,1843,258,149,126,1,-1,-1,-1
70,26,43,1071,268,264,1,-1,-1,-1
70,27,720,389,182,182,1,-1,-1,-1
70,30,2110,243,152,156,1,-1,-1,-1
70,31,2110,251,132,124,1,-1,-1,-1
70,32,0,1255,127,185,1,-1,-1,-1
70,33,1847,280,192,160,1,-1,-1,-1
70,34,2222,463,228,244,1,-1,-1,-1
70,35,835,960,152,312,1,-1,-1,-1
70,36,1420,864,267,248,1,-1,-1,-1
70,37,1790,487,148,152,1,-1,-1,-1
70,38,2024,493,137,152,1,-1,-1,-1
70,39,1720,613,256,208,1,-1,-1,-1
70,40,155,1346,361,88,1,-1,-1,-1
71,2,683,334,180,176,1,-1,-1,-1
71,3,730,686,164,332,1,-1,-1,-1
71,4,1780,302,770,537,1,-1,-1,-1
71,5,537,315,132,196,1,-1,-1,-1
71,6,1281,278,120,156,1,-1,-1,-1
71,7,466,489,148,164,1,-1,-1,-1
71,8,911,346,228,156,1,-1,-1,-1
71,9,698,268,172,168,1,-1,-1,-1
71,11,430,365,104,176,1,-1,-1,-1
71,14,157,897,216,188,1,-1,-1,-1
71,15,1946,457,130,269,1,-1,-1,-1
71,18,656,578,188,288,1,-1,-1,-1
71,19,533,677,188,204,1,-1,-1,-1
71,21,1327,353,227,202,1,-1,-1,-1
71,22,1201,532,60,48,1,-1,-1,-1
71,23,672,295,1888,827,1,-1,-1,-1
71,24,851,993,138,79,1,-1,-1,-1
71,25,1843,258,149,126,1,-1,-1,-1
71,26,42,1071,268,264,1,-1,-1,-1
71,27,719,390,182,182,1,-1,-1,-1
71,30,2110,243,152,156,1,-1,-1,-1
71,31,2110,252,132,124,1,-1,-1,-1
71,33,1840,277,202,168,1,-1,-1,-1
71,34,2222,463,228,244,1,-1,-1,-1
71,35,834,957,152,312,1,-1,-1,-1
71,36,1417,865,267,248,1,-1,-1,-1
71,37,1790,488,148,152,1,-1,-1,-1
71,38,2023,494,137,152,1,-1,-1,-1
71,39,1720,614,256,208,1,-1,-1,-1
71,40,157,1344,361,88,1,-1,-1,-1
72,2,679,333,180,176,1,-1,-1,-1
72,3,730,685,164,332,1,-1,-1,-1
72,4,1808,321,733,512,1,-1,-1,-1
72,5,537,314,132,196,1,-1,-1,-1
72,6,1281,279,120,156,1,-1,-1,-1
72,7,466,478,148,164,1,-1,-1,-1
72,8,905,347,228,156,1,-1,-1,-1
72,9,698,270,172,168,1,-1,-1,-1
72,11,428,362,104,176,1,-1,-1,-1
72,14,162,898,216,188,1,-1,-1,-1
72,15,1947,462,130,269,1,-1,-1,-1
72,18,660,580,188,288,1,-1,-1,-1
72,19,536,675,188,204,1,-1,-1,-1
72,21,1321,354,227,202,1,-1,-1,-1
72,22,1201,532,60,48,1,-1,-1,-1
72,23,638,278,1922,869,1,-1,-1,-1
72,24,843,1007,138,79,1,-1,-1,-1
72,25,1843,259,149,126,1,-1,-1,-1
72,26,38,1072,268,264,1,-1,-1,-1
72,27,714,393,182,182,1,-1,-1,-1
72,30,2111,244,152,156,1,-1,-1,-1
72,31,2111,253,132,124,1,-1,-1,-1
72,33,1841,277,202,168,1,-1,-1,-1
72,34,2222,464,228,244,1,-1,-1,-1
72,35,837,968,145,297,1,-1,-1,-1
72,36,1403,875,267,248,1,-1,-1,-1
72,37,1790,487,148,152,1,-1,-1,-1
72,38,2020,493,137,152,1,-1,-1,-1
72,39,1723,614,256,208,1,-1,-1,-1
72,40,169,1345,344,84,1,-1,-1,-1
73,2,692,340,148,172,1,-1,-1,-1
73,3,732,684,152,328,1,-1,-1,-1
73,4,1808,321,733,512,1,-1,-1,-1
73,5,544,320,128,192,1,-1,-1,-1
73,6,1280,280,116,156,1,-1,-1,-1
73,7,464,460,172,276,1,-1,-1,-1
73,8,924,332,216,188,1,-1,-1,-1
73,9,698,270,172,168,1,-1,-1,-1
73,11,432,340,124,148,1,-1,-1,-1
73,14,172,900,196,264,1,-1,-1,-1
73,15,1948,468,160,260,1,-1,-1,-1
73,18,660,580,188,288,1,-1,-1,-1
73,19,548,660,196,228,1,-1,-1,-1
73,21,1321,354,227,202,1,-1,-1,-1
73,22,1201,532,60,48,1,-1,-1,-1
73,23,638,278,1922,869,1,-1,-1,-1
73,24,843,1007,138,79,1,-1,-1,-1
73,25,1843,259,149,126,1,-1,-1,-1
73,26,36,1052,256,288,1,-1,-1,-1
73,27,714,393,182,182,1,-1,-1,-1
73,30,2111,244,152,156,1,-1,-1,-1
73,31,2111,253,132,124,1,-1,-1,-1
73,33,1841,277,202,168,1,-1,-1,-1
73,34,2212,448,232,264,1,-1,-1,-1
73,35,800,988,204,348,1,-1,-1,-1
73,36,1376,896,300,224,1,-1,-1,-1
73,37,1796,484,140,144,1,-1,-1,-1
73,38,2020,493,137,152,1,-1,-1,-1
73,39,1732,604,256,204,1,-1,-1,-1
73,40,169,1345,344,84,1,-1,-1,-1
73,41,416,820,272,236,1,-1,-1,-1
73,42,712,580,260,216,1,-1,-1,-1
74,2,690,342,148,172,1,-1,-1,-1
74,3,734,686,152,328,1,-1,-1,-1
74,4,1805,328,733,512,1,-1,-1,-1
74,5,544,319,128,192,1,-1,-1,-1
74,6,1280,280,116,156,1,-1,-1,-1
74,7,466,456,172,276,1,-1,-1,-1
74,8,921,332,216,188,1,-1,-1,-1
74,9,696,274,172,168,1,-1,-1,-1
74,11,432,336,124,148,1,-1,-1,-1
74,14,176,901,196,264,1,-1,-1,-1
74,15,1949,471,160,260,1,-1,-1,-1
74,18,665,570,197,302,1,-1,-1,-1
74,19,552,656,196,228,1,-1,-1,-1
74,21,1314,362,216,192,1,-1,-1,-1
74,22,1201,532,60,48,1,-1,-1,-1
74,23,624,300,1936,869,1,-1,-1,-1
74,24,815,1036,145,83,1,-1,-1,-1
74,25,1843,260,149,126,1,-1,-1,-1
74,26,34,1052,256,288,1,-1,-1,-1
74,27,717,402,182,182,1,-1,-1,-1
74,30,2110,242,152,156,1,-1,-1,-1
74,31,2110,252,132,124,1,-1,-1,-1
74,33,1840,278,202,168,1,-1,-1,-1
74,34,2212,448,232,264,1,-1,-1,-1
74,35,794,996,204,348,1,-1,-1,-1
74,36,1370,896,300,224,1,-1,-1,-1
74,37,1797,485,140,144,1,-1,-1,-1
74,38,2018,493,137,152,1,-1,-1,-1
74,39,1731,604,256,204,1,-1,-1,-1
74,40,180,1342,344,84,1,-1,-1,-1
74,41,419,821,272,236,1,-1,-1,-1
74,42,718,583,260,216,1,-1,-1,-1
75,2,692,343,148,172,1,-1,-1,-1
75,3,735,686,152,328,1,-1,-1,-1
75,4,1803,324,733,512,1,-1,-1,-1
75,5,544,318,128,192,1,-1,-1,-1
75,6,1281,281,116,156,1,-1,-1,-1
75,7,471,451,172,276,1,-1,-1,-1
75,8,918,334,216,188,1,-1,-1,-1
75,9,697,277,172,168,1,-1,-1,-1
75,11,435,332,124,148,1,-1,-1,-1
75,14,179,905,196,264,1,-1,-1,-1
75,15,1950,474,160,260,1,-1,-1,-1
75,18,668,565,197,302,1,-1,-1,-1
75,19,555,650,196,228,1,-1,-1,-1
75,21,1313,366,206,183,1,-1,-1,-1
75,22,1201,532,60,48,1,-1,-1,-1
75,23,552,284,2008,912,1,-1,-1,-1
75,24,797,1056,145,83,1,-1,-1,-1
75,25,1843,260,149,126,1,-1,-1,-1
75,26,33,1054,256,288,1,-1,-1,-1
75,27,724,402,182,182,1,-1,-1,-1
75,30,2107,243,152,156,1,-1,-1,-1
75,31,2111,252,132,124,1,-1,-1,-1
75,33,1840,279,202,168,1,-1,-1,-1
75,34,2211,450,232,264,1,-1,-1,-1
75,35,789,1001,204,348,1,-1,-1,-1
75,36,1363,896,300,224,1,-1,-1,-1
75,37,1797,485,140,144,1,-1,-1,-1
75,38,2016,491,137,152,1,-1,-1,-1
75,39,1730,603,256,204,1,-1,-1,-1
75,40,184,1340,344,84,1,-1,-1,-1
75,41,421,825,272,236,1,-1,-1,-1
75,42,726,585,260,216,1,-1,-1,-1
76,2,698,346,148,172,1,-1,-1,-1
76,3,738,688,152,328,1,-1,-1,-1
76,4,1799,325,733,512,1,-1,-1,-1
76,5,544,318,128,192,1,-1,-1,-1
76,6,1281,283,116,156,1,-1,-1,-1
76,7,473,447,172,276,1,-1,-1,-1
76,8,913,334,216,188,1,-1,-1,-1
76,9,700,280,172,168,1,-1,-1,-1
76,11,436,325,124,148,1,-1,-1,-1
76,14,180,909,196,264,1,-1,-1,-1
76,15,1951,476,160,260,1,-1,-1,-1
76,18,669,564,197,302,1,-1,-1,-1
76,19,556,641,196,228,1,-1,-1,-1
76,21,1310,369,206,183,1,-1,-1,-1
76,22,1201,532,60,48,1,-1,-1,-1
76,23,557,272,2003,912,1,-1,-1,-1
76,24,778,1070,145,83,1,-1,-1,-1
76,25,1844,260,149,126,1,-1,-1,-1
76,26,32,1056,256,288,1,-1,-1,-1
76,27,718,398,182,182,1,-1,-1,-1
76,30,2108,244,152,156,1,-1,-1,-1
76,31,2113,252,132,124,1,-1,-1,-1
76,33,1840,279,202,168,1,-1,-1,-1
76,34,2208,451,232,264,1,-1,-1,-1
76,35,780,1005,204,348,1,-1,-1,-1
76,36,1357,896,300,224,1,-1,-1,-1
76,37,1796,484,140,144,1,-1,-1,-1
76,38,2015,491,137,152,1,-1,-1,-1
76,39,1729,602,256,204,1,-1,-1,-1
76,40,189,1339,344,84,1,-1,-1,-1
76,41,421,832,272,236,1,-1,-1,-1
76,42,731,586,260,216,1,-1,-1,-1
77,2,700,348,148,172,1,-1,-1,-1
77,3,738,686,152,328,1,-1,-1,-1
77,4,1800,325,733,512,1,-1,-1,-1
77,5,544,317,128,192,1,-1,-1,-1
77,6,1281,283,116,156,1,-1,-1,-1
77,7,469,439,181,290,1,-1,-1,-1
77,8,912,334,216,188,1,-1,-1,-1
77,9,699,279,172,168,1,-1,-1,-1
77,11,436,325,124,148,1,-1,-1,-1
77,14,180,912,196,264,1,-1,-1,-1
77,15,1952,478,160,260,1,-1,-1,-1
77,18,668,564,197,302,1,-1,-1,-1
77,19,559,640,196,228,1,-1,-1,-1
77,21,1307,370,206,183,1,-1,-1,-1
77,22,1201,532,60,48,1,-1,-1,-1
77,23,551,280,2009,912,1,-1,-1,-1
77,24,776,1074,145,83,1,-1,-1,-1
77,25,1844,260,149,126,1,-1,-1,-1
77,26,32,1056,256,288,1,-1,-1,-1
77,27,715,398,182,182,1,-1,-1,-1
77,30,2109,244,152,156,1,-1,-1,-1
77,31,2114,253,132,124,1,-1,-1,-1
77,33,1840,280,202,168,1,-1,-1,-1
77,34,2208,451,232,264,1,-1,-1,-1
77,35,777,1003,204,348,1,-1,-1,-1
77,36,1354,896,300,224,1,-1,-1,-1
77,37,1796,485,140,144,1,-1,-1,-1
77,38,2015,492,137,152,1,-1,-1,-1
77,39,1730,601,256,204,1,-1,-1,-1
77,40,188,1337,344,84,1,-1,-1,-1
77,41,420,833,272,236,1,-1,-1,-1
77,42,731,588,260,216,1,-1,-1,-1
78,2,701,343,148,172,1,-1,-1,-1
78,3,741,686,152,328,1,-1,-1,-1
78,4,1800,324,733,512,1,-1,-1,-1
78,5,544,317,128,192,1,-1,-1,-1
78,6,1281,284,116,156,1,-1,-1,-1
78,7,470,438,181,290,1,-1,-1,-1
78,8,907,335,216,188,1,-1,-1,-1
78,9,700,281,172,168,1,-1,-1,-1
78,11,437,319,124,148,1,-1,-1,-1
78,14,180,913,196,264,1,-1,-1,-1
78,15,1953,480,160,260,1,-1,-1,-1
78,18,670,556,197,302,1,-1,-1,-1
78,19,555,630,206,239,1,-1,-1,-1
78,21,1305,376,206,183,1,-1,-1,-1
78,22,1200,532,60,48,1,-1,-1,-1
78,23,542,275,2018,912,1,-1,-1,-1
78,24,758,1086,145,83,1,-1,-1,-1
78,25,1844,259,149,126,1,-1,-1,-1
78,26,32,1056,256,288,1,-1,-1,-1
78,27,712,400,182,182,1,-1,-1,-1
78,30,2109,245,152,156,1,-1,-1,-1
78,31,2114,253,132,124,1,-1,-1,-1
78,33,1839,279,202,168,1,-1,-1,-1
78,34,2205,451,232,264,1,-1,-1,-1
78,35,771,1000,214,365,1,-1,-1,-1
78,36,1355,895,300,224,1,-1,-1,-1
78,37,1796,485,140,144,1,-1,-1,-1
78,38,2015,493,137,152,1,-1,-1,-1
78,39,1729,601,256,204,1,-1,-1,-1
78,40,198,1338,328,80,1,-1,-1,-1
78,41,421,837,272,236,1,-1,-1,-1
78,42,736,587,260,216,1,-1,-1,-1
79,2,693,346,148,172,1,-1,-1,-1
79,3,745,684,152,328,1,-1,-1,-1
79,4,1798,324,733,512,1,-1,-1,-1
79,5,544,317,128,192,1,-1,-1,-1
79,6,1281,283,116,156,1,-1,-1,-1
79,7,471,437,181,290,1,-1,-1,-1
79,8,900,340,216,188,1,-1,-1,-1
79,9,701,284,172,168,1,-1,-1,-1
79,11,438,312,124,148,1,-1,-1,-1
79,14,181,915,196,264,1,-1,-1,-1
79,15,1956,483,160,260,1,-1,-1,-1
79,18,672,559,197,302,1,-1,-1,-1
79,19,557,626,206,239,1,-1,-1,-1
79,21,1296,393,196,174,1,-1,-1,-1
79,22,1200,532,60,48,1,-1,-1,-1
79,23,565,283,1995,912,1,-1,-1,-1
79,24,761,1092,138,79,1,-1,-1,-1
79,25,1844,258,149,126,1,-1,-1,-1
79,26,32,1057,256,288,1,-1,-1,-1
79,27,716,403,182,182,1,-1,-1,-1
79,30,2109,246,152,156,1,-1,-1,-1
79,31,2113,254,132,124,1,-1,-1,-1
79,33,1837,276,202,168,1,-1,-1,-1
79,34,2203,449,232,264,1,-1,-1,-1
79,35,766,992,214,365,1,-1,-1,-1
79,36,1352,899,300,224,1,-1,-1,-1
79,37,1796,484,140,144,1,-1,-1,-1
79,38,2015,493,137,152,1,-1,-1,-1
79,39,1728,602,256,204,1,-1,-1,-1
79,40,201,1338,328,80,1,-1,-1,-1
79,41,421,838,272,236,1,-1,-1,-1
79,42,738,589,260,216,1,-1,-1,-1
80,2,693,344,148,172,1,-1,-1,-1
80,3,747,685,152,328,1,-1,-1,-1
80,4,1794,324,733,512,1,-1,-1,-1
80,5,544,317,128,192,1,-1,-1,-1
80,6,1281,282,116,156,1,-1,-1,-1
80,7,471,435,181,290,1,-1,-1,-1
80,8,887,341,227,197,1,-1,-1,-1
80,9,703,287,172,168,1,-1,-1,-1
80,11,442,308,124,148,1,-1,-1,-1
80,14,185,920,196,264,1,-1,-1,-1
80,15,1960,489,160,260,1,-1,-1,-1
80,18,668,547,207,318,1,-1,-1,-1
80,19,557,621,206,239,1,-1,-1,-1
80,21,1297,394,196,174,1,-1,-1,-1
80,22,1201,532,60,48,1,-1,-1,-1
80,23,560,288,2000,912,1,-1,-1,-1
80,24,760,1095,138,79,1,-1,-1,-1
80,25,1842,258,149,126,1,-1,-1,-1
80,26,27,1054,256,288,1,-1,-1,-1
80,27,733,423,173,173,1,-1,-1,-1
80,30,2109,246,152,156,1,-1,-1,-1
80,31,2114,254,132,124,1,-1,-1,-1
80,33,1837,275,202,168,1,-1,-1,-1
80,34,2195,448,232,264,1,-1,-1,-1
80,35,769,990,214,365,1,-1,-1,-1
80,36,1345,897,300,224,1,-1,-1,-1
80,37,1795,484,140,144,1,-1,-1,-1
80,38,2016,493,137,152,1,-1,-1,-1
80,39,1726,602,256,204,1,-1,-1,-1
80,40,201,1337,328,80,1,-1,-1,-1
80,41,421,840,272,236,1,-1,-1,-1
80,42,741,597,260,216,1,-1,-1,-1
81,2,693,344,148,172,1,-1,-1,-1
81,3,740,712,180,304,1,-1,-1,-1
81,4,1794,324,733,512,1,-1,-1,-1
81,5,552,316,116,148,1,-1,-1,-1
81,6,1280,248,116,184,1,-1,-1,-1
81,7,480,456,156,216,1,-1,-1,-1
81,8,884,372,200,212,1,-1,-1,-1
81,9,736,288,140,160,1,-1,-1,-1
81,11,440,312,136,148,1,-1,-1,-1
81,14,208,956,188,300,1,-1,-1,-1
81,15,1964,508,164,248,1,-1,-1,-1
81,18,668,547,207,318,1,-1,-1,-1
81,19,560,632,212,244,1,-1,-1,-1
81,21,1284,392,204,192,1,-1,-1,-1
81,22,1201,532,60,48,1,-1,-1,-1
81,23,560,288,2000,912,1,-1,-1,-1
81,24,760,1095,138,79,1,-1,-1,-1
81,25,1842,258,149,126,1,-1,-1,-1
81,26,24,1008,220,316,1,-1,-1,-1
81,27,724,432,200,216,1,-1,-1,-1
81,30,2109,246,152,156,1,-1,-1,-1
81,31,2114,254,132,124,1,-1,-1,-1
81,33,1837,275,202,168,1,-1,-1,-1
81,34,2196,488,176,224,1,-1,-1,-1
81,35,769,990,214,365,1,-1,-1,-1
81,36,1368,888,252,232,1,-1,-1,-1
81,37,1792,484,148,144,1,-1,-1,-1
81,38,2016,493,137,152,1,-1,-1,-1
81,39,1732,604,248,208,1,-1,-1,-1
81,40,201,1337,328,80,1,-1,-1,-1
81,41,416,844,276,276,1,-1,-1,-1
81,42,741,597,260,216,1,-1,-1,-1
81,43,680,1108,216,320,1,-1,-1,-1
81,44,648,308,136,196,1,-1,-1,-1
81,45,2332,344,228,460,1,-1,-1,-1
81,46,812,612,292,216,1,-1,-1,-1
82,2,640,308,148,172,1,-1,-1,-1
82,3,740,712,180,304,1,-1,-1,-1
82,4,1794,330,733,512,1,-1,-1,-1
82,5,552,316,116,148,1,-1,-1,-1
82,6,1280,247,116,184,1,-1,-1,-1
82,7,480,455,156,216,1,-1,-1,-1
82,8,882,374,200,212,1,-1,-1,-1
82,9,736,288,140,160,1,-1,-1,-1
82,11,444,312,136,148,1,-1,-1,-1
82,14,208,966,188,300,1,-1,-1,-1
82,15,1970,510,164,248,1,-1,-1,-1
82,18,666,542,207,318,1,-1,-1,-1
82,19,560,631,212,244,1,-1,-1,-1
82,21,1283,393,204,192,1,-1,-1,-1
82,22,1201,532,60,48,1,-1,-1,-1
82,23,556,275,2004,912,1,-1,-1,-1
82,24,778,1087,138,79,1,-1,-1,-1
82,25,1841,258,149,126,1,-1,-1,-1
82,26,25,1003,220,316,1,-1,-1,-1
82,27,727,433,200,216,1,-1,-1,-1
82,30,2109,247,152,156,1,-1,-1,-1
82,31,2114,254,132,124,1,-1,-1,-1
82,33,1838,276,202,168,1,-1,-1,-1
82,34,2189,487,176,224,1,-1,-1,-1
82,35,792,983,225,384,1,-1,-1,-1
82,36,1367,883,252,232,1,-1,-1,-1
82,37,1793,483,148,144,1,-1,-1,-1
82,38,1957,525,144,160,1,-1,-1,-1
82,39,1733,603,248,208,1,-1,-1,-1
82,40,201,1340,328,80,1,-1,-1,-1
82,41,416,845,276,276,1,-1,-1,-1
82,42,749,601,260,216,1,-1,-1,-1
82,43,675,1119,216,320,1,-1,-1,-1
82,44,648,306,136,196,1,-1,-1,-1
82,45,2306,342,228,460,1,-1,-1,-1
82,46,816,615,292,216,1,-1,-1,-1
83,2,639,305,148,172,1,-1,-1,-1
83,3,741,712,180,304,1,-1,-1,-1
83,4,1796,326,733,512,1,-1,-1,-1
83,5,552,317,116,148,1,-1,-1,-1
83,6,1281,248,116,184,1,-1,-1,-1
83,7,481,456,156,216,1,-1,-1,-1
83,8,881,374,200,212,1,-1,-1,-1
83,9,736,288,140,160,1,-1,-1,-1
83,11,445,312,136,148,1,-1,-1,-1
83,14,209,969,188,300,1,-1,-1,-1
83,15,1973,511,164,248,1,-1,-1,-1
83,18,671,539,207,318,1,-1,-1,-1
83,19,561,630,212,244,1,-1,-1,-1
83,21,1283,394,204,192,1,-1,-1,-1
83,22,1201,532,60,48,1,-1,-1,-1
83,23,644,310,1916,869,1,-1,-1,-1
83,24,782,1084,138,79,1,-1,-1,-1
83,25,1841,257,149,126,1,-1,-1,-1
83,26,24,1002,220,316,1,-1,-1,-1
83,27,728,433,200,216,1,-1,-1,-1
83,30,2110,248,152,156,1,-1,-1,-1
83,31,2115,254,132,124,1,-1,-1,-1
83,33,1836,275,202,168,1,-1,-1,-1
83,34,2188,487,176,224,1,-1,-1,-1
83,35,787,981,225,384,1,-1,-1,-1
83,36,1365,882,252,232,1,-1,-1,-1
83,37,1794,483,148,144,1,-1,-1,-1
83,38,1952,526,144,160,1,-1,-1,-1
83,39,1734,603,248,208,1,-1,-1,-1
83,40,202,1342,328,80,1,-1,-1,-1
83,41,416,845,276,276,1,-1,-1,-1
83,42,754,602,260,216,1,-1,-1,-1
83,43,673,1122,216,318,1,-1,-1,-1
83,44,649,306,136,196,1,-1,-1,-1
83,45,2304,341,228,460,1,-1,-1,-1
83,46,817,615,292,216,1,-1,-1,-1
84,2,630,294,141,164,1,-1,-1,-1
84,3,742,711,180,304,1,-1,-1,-1
84,4,1784,317,770,537,1,-1,-1,-1
84,5,552,316,116,148,1,-1,-1,-1
84,6,1280,248,116,184,1,-1,-1,-1
84,7,482,456,156,216,1,-1,-1,-1
84,8,878,376,200,212,1,-1,-1,-1
84,9,736,288,140,160,1,-1,-1,-1
84,11,449,311,136,148,1,-1,-1,-1
84,14,209,977,188,300,1,-1,-1,-1
84,15,1982,512,164,248,1,-1,-1,-1
84,18,665,533,218,333,1,-1,-1,-1
84,19,561,629,212,244,1,-1,-1,-1
84,21,1282,395,204,192,1,-1,-1,-1
84,22,1201,532,60,48,1,-1,-1,-1
84,23,667,339,1893,827,1,-1,-1,-1
84,24,782,1088,138,79,1,-1,-1,-1
84,25,1841,257,149,126,1,-1,-1,-1
84,26,29,986,220,316,1,-1,-1,-1
84,27,731,433,200,216,1,-1,-1,-1
84,30,2111,250,152,156,1,-1,-1,-1
84,31,2115,256,132,124,1,-1,-1,-1
84,33,1836,276,202,168,1,-1,-1,-1
84,34,2183,486,176,224,1,-1,-1,-1
84,35,791,982,225,384,1,-1,-1,-1
84,36,1364,879,252,232,1,-1,-1,-1
84,37,1794,479,148,144,1,-1,-1,-1
84,38,1965,533,137,152,1,-1,-1,-1
84,39,1740,597,248,208,1,-1,-1,-1
84,40,201,1346,328,80,1,-1,-1,-1
84,41,415,847,276,276,1,-1,-1,-1
84,42,761,610,248,206,1,-1,-1,-1
84,43,671,1126,216,314,1,-1,-1,-1
84,44,648,302,136,196,1,-1,-1,-1
84,45,2275,353,217,438,1,-1,-1,-1
84,46,820,615,292,216,1,-1,-1,-1
85,2,630,289,141,164,1,-1,-1,-1
85,3,744,711,180,304,1,-1,-1,-1
85,4,1765,305,795,564,1,-1,-1,-1
85,5,552,316,116,148,1,-1,-1,-1
85,6,1279,249,116,184,1,-1,-1,-1
85,7,482,455,156,216,1,-1,-1,-1
85,8,876,377,200,212,1,-1,-1,-1
85,9,734,288,140,160,1,-1,-1,-1
85,11,457,310,136,148,1,-1,-1,-1
85,14,208,986,188,300,1,-1,-1,-1
85,15,1991,513,164,248,1,-1,-1,-1
85,18,665,533,218,333,1,-1,-1,-1
85,19,561,628,212,244,1,-1,-1,-1
85,21,1282,393,204,192,1,-1,-1,-1
85,22,1201,532,60,48,1,-1,-1,-1
85,24,783,1090,138,79,1,-1,-1,-1
85,25,1840,256,149,126,1,-1,-1,-1
85,26,35,957,220,316,1,-1,-1,-1
85,27,732,433,200,216,1,-1,-1,-1
85,30,2113,249,152,156,1,-1,-1,-1
85,31,2117,257,132,124,1,-1,-1,-1
85,33,1836,276,202,168,1,-1,-1,-1
85,34,2185,486,176,224,1,-1,-1,-1
85,35,796,978,225,384,1,-1,-1,-1
85,36,1358,871,265,244,1,-1,-1,-1
85,37,1798,479,141,137,1,-1,-1,-1
85,38,1977,535,137,152,1,-1,-1,-1
85,39,1738,593,260,218,1,-1,-1,-1
85,40,203,1357,328,80,1,-1,-1,-1
85,41,417,848,276,276,1,-1,-1,-1
85,42,769,609,248,206,1,-1,-1,-1
85,43,669,1127,216,313,1,-1,-1,-1
85,44,645,297,136,196,1,-1,-1,-1
85,45,2249,350,217,438,1,-1,-1,-1
85,46,825,614,292,216,1,-1,-1,-1
86,2,630,282,141,164,1,-1,-1,-1
86,3,748,712,180,304,1,-1,-1,-1
86,4,1763,305,797,564,1,-1,-1,-1
86,5,552,316,116,148,1,-1,-1,-1
86,6,1277,250,116,184,1,-1,-1,-1
86,7,482,454,156,216,1,-1,-1,-1
86,8,874,379,200,212,1,-1,-1,-1
86,9,733,288,140,160,1,-1,-1,-1
86,11,459,310,136,148,1,-1,-1,-1
86,14,212,993,188,300,1,-1,-1,-1
86,15,1998,519,164,248,1,-1,-1,-1
86,19,561,626,212,244,1,-1,-1,-1
86,21,1281,391,204,192,1,-1,-1,-1
86,22,1201,532,60,48,1,-1,-1,-1
86,24,782,1088,145,83,1,-1,-1,-1
86,25,1840,256,149,126,1,-1,-1,-1
86,26,44,923,220,316,1,-1,-1,-1
86,27,734,433,200,216,1,-1,-1,-1
86,30,2113,251,152,156,1,-1,-1,-1
86,31,2117,259,132,124,1,-1,-1,-1
86,33,1836,275,202,168,1,-1,-1,-1
86,34,2184,488,176,224,1,-1,-1,-1
86,35,787,970,236,403,1,-1,-1,-1
86,36,1358,871,265,244,1,-1,-1,-1
86,37,1798,478,141,137,1,-1,-1,-1
86,38,1989,543,131,145,1,-1,-1,-1
86,39,1741,593,260,218,1,-1,-1,-1
86,40,211,1362,312,76,1,-1,-1,-1
86,41,417,849,276,276,1,-1,-1,-1
86,42,790,621,248,206,1,-1,-1,-1
86,43,668,1136,216,304,1,-1,-1,-1
86,44,643,291,136,196,1,-1,-1,-1
86,45,2240,352,207,417,1,-1,-1,-1
86,46,831,614,292,216,1,-1,-1,-1
87,2,631,279,141,164,1,-1,-1,-1
87,3,748,711,180,304,1,-1,-1,-1
87,4,1755,313,805,564,1,-1,-1,-1
87,5,551,315,116,148,1,-1,-1,-1
87,6,1274,250,116,184,1,-1,-1,-1
87,7,481,452,156,216,1,-1,-1,-1
87,8,873,380,200,212,1,-1,-1,-1
87,9,733,291,140,160,1,-1,-1,-1
87,11,470,302,136,148,1,-1,-1,-1
87,14,213,1002,188,300,1,-1,-1,-1
87,15,2003,524,164,248,1,-1,-1,-1
87,19,561,623,212,244,1,-1,-1,-1
87,21,1280,389,204,192,1,-1,-1,-1
87,22,1201,532,60,48,1,-1,-1,-1
87,24,785,1088,145,83,1,-1,-1,-1
87,25,1839,256,149,126,1,-1,-1,-1
87,26,59,889,220,316,1,-1,-1,-1
87,27,734,433,200,216,1,-1,-1,-1
87,30,2114,251,152,156,1,-1,-1,-1
87,31,2118,260,132,124,1,-1,-1,-1
87,33,1837,275,202,168,1,-1,-1,-1
87,34,2183,491,176,224,1,-1,-1,-1
87,35,795,978,225,384,1,-1,-1,-1
87,36,1357,872,265,244,1,-1,-1,-1
87,37,1798,477,141,137,1,-1,-1,-1
87,38,1992,545,131,145,1,-1,-1,-1
87,39,1734,594,273,229,1,-1,-1,-1
87,40,204,1365,328,75,1,-1,-1,-1
87,41,418,848,276,276,1,-1,-1,-1
87,42,809,620,248,206,1,-1,-1,-1
87,43,666,1138,216,302,1,-1,-1,-1
87,44,640,289,136,196,1,-1,-1,-1
87,45,2224,347,207,417,1,-1,-1,-1
87,46,837,613,292,216,1,-1,-1,-1
88,2,633,277,141,164,1,-1,-1,-1
88,3,751,712,180,304,1,-1,-1,-1
88,4,1756,316,804,564,1,-1,-1,-1
88,5,550,314,116,148,1,-1,-1,-1
88,6,1272,251,116,184,1,-1,-1,-1
88,7,481,452,156,216,1,-1,-1,-1
88,8,872,380,200,212,1,-1,-1,-1
88,9,735,293,140,160,1,-1,-1,-1
88,11,484,298,136,148,1,-1,-1,-1
88,14,214,1004,188,300,1,-1,-1,-1
88,15,2006,526,164,248,1,-1,-1,-1
88,19,560,620,212,244,1,-1,-1,-1
88,21,1280,388,204,192,1,-1,-1,-1
88,22,1200,532,60,48,1,-1,-1,-1
88,24,787,1087,145,83,1,-1,-1,-1
88,25,1838,256,149,126,1,-1,-1,-1
88,26,122,870,231,332,1,-1,-1,-1
88,27,733,433,200,216,1,-1,-1,-1
88,30,2114,250,152,156,1,-1,-1,-1
88,31,2121,262,126,118,1,-1,-1,-1
88,33,1835,275,202,168,1,-1,-1,-1
88,34,2179,492,176,224,1,-1,-1,-1
88,35,793,967,236,403,1,-1,-1,-1
88,36,1356,869,265,244,1,-1,-1,-1
88,37,1802,478,134,131,1,-1,-1,-1
88,38,1991,548,137,152,1,-1,-1,-1
88,39,1735,586,273,229,1,-1,-1,-1
88,40,202,1368,328,72,1,-1,-1,-1
88,41,418,849,276,276,1,-1,-1,-1
88,42,792,669,248,206,1,-1,-1,-1
88,43,661,1140,216,300,1,-1,-1,-1
88,44,637,281,136,196,1,-1,-1,-1
88,45,2221,341,207,417,1,-1,-1,-1
88,46,845,613,292,216,1,-1,-1,-1
89,2,640,264,120,192,1,-1,-1,-1
89,3,751,712,180,304,1,-1,-1,-1
89,4,1756,316,804,564,1,-1,-1,-1
89,5,552,316,116,140,1,-1,-1,-1
89,6,1276,236,112,192,1,-1,-1,-1
89,7,492,432,176,184,1,-1,-1,-1
89,8,896,384,156,200,1,-1,-1,-1
89,9,760,288,108,180,1,-1,-1,-1
89,11,488,296,112,140,1,-1,-1,-1
89,14,188,1012,204,260,1,-1,-1,-1
89,15,1988,532,200,224,1,-1,-1,-1
89,19,560,612,224,256,1,-1,-1,-1
89,21,1280,384,200,208,1,-1,-1,-1
89,25,1838,256,149,126,1,-1,-1,-1
89,26,122,870,231,332,1,-1,-1,-1
89,27,733,433,200,216,1,-1,-1,-1
89,30,2114,250,152,156,1,-1,-1,-1
89,31,2121,262,126,118,1,-1,-1,-1
89,33,1835,275,202,168,1,-1,-1,-1
89,34,2179,492,176,224,1,-1,-1,-1
89,35,793,967,236,403,1,-1,-1,-1
89,36,1368,876,244,244,1,-1,-1,-1
89,37,1802,478,134,131,1,-1,-1,-1
89,38,1991,548,137,152,1,-1,-1,-1
89,39,1712,472,252,332,1,-1,-1,-1
89,40,202,1368,328,72,1,-1,-1,-1
89,41,416,852,284,264,1,-1,-1,-1
89,42,792,669,248,206,1,-1,-1,-1
89,43,628,1164,220,272,1,-1,-1,-1
89,44,637,281,136,196,1,-1,-1,-1
89,45,2221,341,207,417,1,-1,-1,-1
89,46,876,608,264,224,1,-1,-1,-1
89,47,84,816,156,292,1,-1,-1,-1
90,2,640,263,120,192,1,-1,-1,-1
90,3,755,710,180,304,1,-1,-1,-1
90,4,1749,312,808,564,1,-1,-1,-1
90,5,553,316,116,140,1,-1,-1,-1
90,6,1275,236,112,192,1,-1,-1,-1
90,7,496,433,176,184,1,-1,-1,-1
90,8,895,384,156,200,1,-1,-1,-1
90,9,761,289,108,180,1,-1,-1,-1
90,11,489,295,112,140,1,-1,-1,-1
90,14,187,1013,204,260,1,-1,-1,-1
90,15,1989,533,200,224,1,-1,-1,-1
90,19,560,612,224,256,1,-1,-1,-1
90,21,1280,384,200,208,1,-1,-1,-1
90,25,1838,256,149,126,1,-1,-1,-1
90,26,152,885,220,316,1,-1,-1,-1
90,27,733,433,200,216,1,-1,-1,-1
90,30,2114,250,152,156,1,-1,-1,-1
90,31,2122,262,126,118,1,-1,-1,-1
90,33,1836,275,202,168,1,-1,-1,-1
90,34,2176,493,176,224,1,-1,-1,-1
90,35,796,972,236,403,1,-1,-1,-1
90,36,1368,876,244,244,1,-1,-1,-1
90,37,1803,473,134,131,1,-1,-1,-1
90,38,1993,551,137,152,1,-1,-1,-1
90,39,1711,468,252,332,1,-1,-1,-1
90,40,194,1367,344,73,1,-1,-1,-1
90,41,415,852,284,264,1,-1,-1,-1
90,42,805,675,236,196,1,-1,-1,-1
90,43,625,1167,220,272,1,-1,-1,-1
90,44,635,282,136,196,1,-1,-1,-1
90,45,2219,339,207,417,1,-1,-1,-1
90,46,879,608,264,224,1,-1,-1,-1
90,47,102,776,156,292,1,-1,-1,-1
91,2,641,263,120,192,1,-1,-1,-1
91,3,761,710,180,304,1,-1,-1,-1
91,4,1745,313,808,564,1,-1,-1,-1
91,5,555,316,116,140,1,-1,-1,-1
91,6,1275,237,112,192,1,-1,-1,-1
91,7,505,431,176,184,1,-1,-1,-1
91,8,893,384,156,200,1,-1,-1,-1
91,9,763,290,108,180,1,-1,-1,-1
91,11,491,293,112,140,1,-1,-1,-1
91,14,186,1015,204,260,1,-1,-1,-1
91,15,1990,533,200,224,1,-1,-1,-1
91,19,560,610,224,256,1,-1,-1,-1
91,21,1279,384,200,208,1,-1,-1,-1
91,25,1837,256,149,126,1,-1,-1,-1
91,26,157,892,220,316,1,-1,-1,-1
91,27,732,432,200,216,1,-1,-1,-1
91,30,2114,250,152,156,1,-1,-1,-1
91,31,2121,262,126,118,1,-1,-1,-1
91,33,1836,275,202,168,1,-1,-1,-1
91,34,2173,489,176,224,1,-1,-1,-1
91,36,1367,878,244,244,1,-1,-1,-1
91,37,1804,469,134,131,1,-1,-1,-1
91,38,1993,554,137,152,1,-1,-1,-1
91,39,1709,468,252,332,1,-1,-1,-1
91,40,195,1368,344,72,1,-1,-1,-1
91,41,415,852,284,264,1,-1,-1,-1
91,42,823,648,236,196,1,-1,-1,-1
91,43,618,1172,220,268,1,-1,-1,-1
91,44,635,281,136,196,1,-1,-1,-1
91,45,2213,336,207,417,1,-1,-1,-1
91,46,885,610,264,224,1,-1,-1,-1
91,47,132,755,149,278,1,-1,-1,-1
92,2,642,264,120,192,1,-1,-1,-1
92,3,764,707,180,304,1,-1,-1,-1
92,4,1736,304,808,564,1,-1,-1,-1
92,5,555,316,116,140,1,-1,-1,-1
92,6,1278,237,112,192,1,-1,-1,-1
92,7,510,430,176,184,1,-1,-1,-1
92,8,893,384,156,200,1,-1,-1,-1
92,9,765,290,108,180,1,-1,-1,-1
92,11,492,293,112,140,1,-1,-1,-1
92,14,186,1015,204,260,1,-1,-1,-1
92,15,1989,536,200,224,1,-1,-1,-1
92,19,559,610,224,256,1,-1,-1,-1
92,21,1278,383,200,208,1,-1,-1,-1
92,25,1838,257,149,126,1,-1,-1,-1
92,26,160,894,220,316,1,-1,-1,-1
92,27,731,432,200,216,1,-1,-1,-1
92,30,2114,250,152,156,1,-1,-1,-1
92,31,2121,262,126,118,1,-1,-1,-1
92,33,1836,275,202,168,1,-1,-1,-1
92,34,2184,490,176,224,1,-1,-1,-1
92,36,1362,876,244,244,1,-1,-1,-1
92,37,1806,467,134,131,1,-1,-1,-1
92,38,1990,556,137,152,1,-1,-1,-1
92,39,1710,470,252,332,1,-1,-1,-1
92,40,196,1368,344,72,1,-1,-1,-1
92,41,412,852,284,264,1,-1,-1,-1
92,42,839,635,236,196,1,-1,-1,-1
92,43,611,1177,220,263,1,-1,-1,-1
92,44,635,281,136,196,1,-1,-1,-1
92,45,2201,335,207,417,1,-1,-1,-1
92,46,892,611,264,224,1,-1,-1,-1
92,47,155,725,149,278,1,-1,-1,-1
93,2,641,264,120,192,1,-1,-1,-1
93,3,763,699,180,304,1,-1,-1,-1
93,4,1744,305,808,564,1,-1,-1,-1
93,5,556,317,116,140,1,-1,-1,-1
93,6,1282,237,112,192,1,-1,-1,-1
93,7,517,431,176,184,1,-1,-1,-1
93,8,893,383,156,200,1,-1,-1,-1
93,9,767,291,108,180,1,-1,-1,-1
93,11,493,294,112,140,1,-1,-1,-1
93,14,185,1017,204,260,1,-1,-1,-1
93,15,1987,538,200,224,1,-1,-1,-1
93,19,559,609,224,256,1,-1,-1,-1
93,21,1275,384,200,208,1,-1,-1,-1
93,25,1838,257,149,126,1,-1,-1,-1
93,26,159,904,220,316,1,-1,-1,-1
93,27,731,431,200,216,1,-1,-1,-1
93,30,2114,250,152,156,1,-1,-1,-1
93,31,2122,263,126,118,1,-1,-1,-1
93,33,1836,276,202,168,1,-1,-1,-1
93,34,2201,490,176,224,1,-1,-1,-1
93,36,1366,876,244,244,1,-1,-1,-1
93,37,1801,469,134,131,1,-1,-1,-1
93,38,1989,567,137,152,1,-1,-1,-1
93,39,1701,467,265,349,1,-1,-1,-1
93,40,197,1369,344,71,1,-1,-1,-1
93,41,412,854,284,264,1,-1,-1,-1
93,42,844,651,236,196,1,-1,-1,-1
93,43,603,1180,210,259,1,-1,-1,-1
93,44,635,280,136,196,1,-1,-1,-1
93,45,2188,332,207,417,1,-1,-1,-1
93,46,899,612,264,224,1,-1,-1,-1
93,47,171,701,149,278,1,-1,-1,-1
94,2,640,264,120,192,1,-1,-1,-1
94,3,763,693,180,304,1,-1,-1,-1
94,4,1736,314,808,564,1,-1,-1,-1
94,5,556,317,116,140,1,-1,-1,-1
94,6,1287,237,112,192,1,-1,-1,-1
94,7,525,431,176,184,1,-1,-1,-1
94,8,892,384,156,200,1,-1,-1,-1
94,9,771,292,108,180,1,-1,-1,-1
94,11,494,293,112,140,1,-1,-1,-1
94,14,186,1017,204,260,1,-1,-1,-1
94,15,1985,540,200,224,1,-1,-1,-1
94,19,560,610,224,256,1,-1,-1,-1
94,21,1275,386,200,208,1,-1,-1,-1
94,25,1837,256,149,126,1,-1,-1,-1
94,26,164,907,220,316,1,-1,-1,-1
94,27,732,431,200,216,1,-1,-1,-1
94,30,2114,250,152,156,1,-1,-1,-1
94,31,2121,263,126,118,1,-1,-1,-1
94,33,1836,277,202,168,1,-1,-1,-1
94,34,2201,489,176,224,1,-1,-1,-1
94,36,1367,875,244,244,1,-1,-1,-1
94,37,1798,470,134,131,1,-1,-1,-1
94,38,1986,573,144,160,1,-1,-1,-1
94,39,1701,474,265,349,1,-1,-1,-1
94,40,196,1370,344,70,1,-1,-1,-1
94,41,411,855,284,264,1,-1,-1,-1
94,43,570,1200,210,240,1,-1,-1,-1
94,44,632,282,136,196,1,-1,-1,-1
94,45,2166,313,207,417,1,-1,-1,-1
94,46,902,614,264,224,1,-1,-1,-1
94,47,196,679,149,278,1,-1,-1,-1
95,2,640,264,120,192,1,-1,-1,-1
95,3,766,694,180,304,1,-1,-1,-1
95,4,1743,316,808,564,1,-1,-1,-1
95,5,556,317,116,140,1,-1,-1,-1
95,6,1288,237,112,192,1,-1,-1,-1
95,7,526,430,176,184,1,-1,-1,-1
95,8,892,384,156,200,1,-1,-1,-1
95,9,771,292,108,180,1,-1,-1,-1
95,11,494,293,112,140,1,-1,-1,-1
95,14,186,1017,204,260,1,-1,-1,-1
95,15,1985,540,200,224,1,-1,-1,-1
95,19,560,609,224,256,1,-1,-1,-1
95,21,1269,381,210,218,1,-1,-1,-1
95,25,1837,256,149,126,1,-1,-1,-1
95,26,166,914,220,316,1,-1,-1,-1
95,27,732,431,200,216,1,-1,-1,-1
95,30,2113,251,152,156,1,-1,-1,-1
95,31,2121,264,126,118,1,-1,-1,-1
95,33,1836,277,202,168,1,-1,-1,-1
95,34,2202,490,176,224,1,-1,-1,-1
95,36,1367,875,244,244,1,-1,-1,-1
95,37,1797,470,134,131,1,-1,-1,-1
95,38,1983,577,144,160,1,-1,-1,-1
95,39,1699,476,265,349,1,-1,-1,-1
95,40,194,1371,344,69,1,-1,-1,-1
95,41,411,855,284,264,1,-1,-1,-1
95,43,569,1201,210,239,1,-1,-1,-1
95,44,632,280,136,196,1,-1,-1,-1
95,45,2164,314,207,417,1,-1,-1,-1
95,46,902,614,264,224,1,-1,-1,-1
95,47,199,682,149,278,1,-1,-1,-1
96,2,639,265,120,192,1,-1,-1,-1
96,3,769,690,180,304,1,-1,-1,-1
96,4,1742,304,808,564,1,-1,-1,-1
96,5,555,318,116,140,1,-1,-1,-1
96,6,1293,236,112,192,1,-1,-1,-1
96,7,536,426,176,184,1,-1,-1,-1
96,8,889,385,156,200,1,-1,-1,-1
96,9,771,293,108,180,1,-1,-1,-1
96,11,494,292,112,140,1,-1,-1,-1
96,14,187,1017,204,260,1,-1,-1,-1
96,15,1985,541,200,224,1,-1,-1,-1
96,19,562,608,224,256,1,-1,-1,-1
96,21,1266,383,210,218,1,-1,-1,-1
96,25,1838,256,149,126,1,-1,-1,-1
96,27,734,430,200,216,1,-1,-1,-1
96,30,2114,250,152,156,1,-1,-1,-1
96,31,2122,263,126,118,1,-1,-1,-1
96,33,1839,276,202,168,1,-1,-1,-1
96,34,2190,486,176,224,1,-1,-1,-1
96,36,1367,875,244,244,1,-1,-1,-1
96,37,1794,471,134,131,1,-1,-1,-1
96,38,1980,574,144,160,1,-1,-1,-1
96,39,1702,478,265,349,1,-1,-1,-1
96,40,195,1371,344,69,1,-1,-1,-1
96,41,411,855,284,264,1,-1,-1,-1
96,43,551,1227,200,213,1,-1,-1,-1
96,44,631,280,136,196,1,-1,-1,-1
96,45,2141,297,217,438,1,-1,-1,-1
96,46,900,618,264,224,1,-1,-1,-1
96,47,217,668,141,265,1,-1,-1,-1
97,2,632,260,120,172,1,-1,-1,-1
97,3,769,690,180,304,1,-1,-1,-1
97,4,1742,304,808,564,1,-1,-1,-1
97,5,552,320,120,140,1,-1,-1,-1
97,6,1304,224,108,208,1,-1,-1,-1
97,7,536,426,176,184,1,-1,-1,-1
97,8,889,385,156,200,1,-1,-1,-1
97,9,776,296,104,172,1,-1,-1,-1
97,11,500,284,108,120,1,-1,-1,-1
97,14,180,1020,208,252,1,-1,-1,-1
97,15,1980,556,192,212,1,-1,-1,-1
97,19,572,592,244,204,1,-1,-1,-1
97,21,1208,396,264,196,1,-1,-1,-1
97,27,732,452,212,208,1,-1,-1,-1
97,33,1839,276,202,168,1,-1,-1,-1
97,34,2190,486,176,224,1,-1,-1,-1
97,36,1392,864,204,252,1,-1,-1,-1
97,37,1788,448,140,160,1,-1,-1,-1
97,38,1980,574,144,160,1,-1,-1,-1
97,39,1732,576,244,208,1,-1,-1,-1
97,40,195,1371,344,69,1,-1,-1,-1
97,41,420,856,272,260,1,-1,-1,-1
97,43,548,1236,224,200,1,-1,-1,-1
97,44,631,280,136,196,1,-1,-1,-1
97,45,2141,297,217,438,1,-1,-1,-1
97,46,900,618,264,224,1,-1,-1,-1
97,47,220,664,180,324,1,-1,-1,-1
97,48,788,676,276,240,1,-1,-1,-1
97,49,776,384,244,192,1,-1,-1,-1
97,50,2272,544,144,152,1,-1,-1,-1
97,51,1992,492,172,128,1,-1,-1,-1
98,2,632,260,120,172,1,-1,-1,-1
98,3,778,688,180,304,1,-1,-1,-1
98,4,1739,306,808,564,1,-1,-1,-1
98,5,552,320,120,140,1,-1,-1,-1
98,6,1307,223,108,208,1,-1,-1,-1
98,7,550,424,176,184,1,-1,-1,-1
98,8,851,387,156,200,1,-1,-1,-1
98,9,774,295,104,172,1,-1,-1,-1
98,11,499,283,108,120,1,-1,-1,-1
98,14,180,1022,208,252,1,-1,-1,-1
98,15,1976,554,192,212,1,-1,-1,-1
98,19,579,591,244,204,1,-1,-1,-1
98,21,1207,396,264,196,1,-1,-1,-1
98,27,734,451,212,208,1,-1,-1,-1
98,33,1843,272,202,168,1,-1,-1,-1
98,34,2211,494,176,224,1,-1,-1,-1
98,36,1392,864,204,252,1,-1,-1,-1
98,37,1788,448,140,160,1,-1,-1,-1
98,38,1979,567,144,160,1,-1,-1,-1
98,39,1735,578,244,208,1,-1,-1,-1
98,40,194,1371,344,69,1,-1,-1,-1
98,41,421,856,272,260,1,-1,-1,-1
98,43,545,1240,224,200,1,-1,-1,-1
98,44,628,281,136,196,1,-1,-1,-1
98,45,2150,431,217,438,1,-1,-1,-1
98,46,905,622,264,224,1,-1,-1,-1
98,47,223,659,180,324,1,-1,-1,-1
98,48,791,677,276,240,1,-1,-1,-1
98,49,771,386,244,192,1,-1,-1,-1
98,50,2270,543,144,152,1,-1,-1,-1
98,51,1990,491,172,128,1,-1,-1,-1
99,2,632,261,120,172,1,-1,-1,-1
99,3,790,700,171,290,1,-1,-1,-1
99,4,1736,306,808,564,1,-1,-1,-1
99,5,552,321,120,140,1,-1,-1,-1
99,6,1310,223,108,208,1,-1,-1,-1
99,7,554,424,176,184,1,-1,-1,-1
99,8,828,389,156,200,1,-1,-1,-1
99,9,773,294,104,172,1,-1,-1,-1
99,11,498,283,108,120,1,-1,-1,-1
99,14,181,1024,208,252,1,-1,-1,-1
99,15,1964,552,192,212,1,-1,-1,-1
99,19,591,591,244,204,1,-1,-1,-1
99,21,1207,397,264,196,1,-1,-1,-1
99,27,740,449,212,208,1,-1,-1,-1
99,33,1847,270,202,168,1,-1,-1,-1
99,34,2208,498,176,224,1,-1,-1,-1
99,36,1392,864,204,252,1,-1,-1,-1
99,37,1789,448,140,160,1,-1,-1,-1
99,38,1962,561,144,160,1,-1,-1,-1
99,39,1747,589,232,198,1,-1,-1,-1
99,40,194,1371,344,69,1,-1,-1,-1
99,41,422,857,272,260,1,-1,-1,-1
99,43,538,1251,224,189,1,-1,-1,-1
99,44,631,283,130,187,1,-1,-1,-1
99,45,2140,420,228,460,1,-1,-1,-1
99,46,905,623,264,224,1,-1,-1,-1
99,47,229,654,180,324,1,-1,-1,-1
99,48,799,678,276,240,1,-1,-1,-1
99,49,767,386,244,192,1,-1,-1,-1
99,50,2273,544,144,152,1,-1,-1,-1
99,51,1985,492,172,128,1,-1,-1,-1
100,2,632,261,120,172,1,-1,-1,-1
100,3,824,684,171,290,1,-1,-1,-1
100,4,1735,300,808,564,1,-1,-1,-1
100,5,552,322,120,140,1,-1,-1,-1
100,6,1310,223,108,208,1,-1,-1,-1
100,7,558,423,176,184,1,-1,-1,-1
100,8,819,387,156,200,1,-1,-1,-1
100,9,772,293,104,172,1,-1,-1,-1
100,11,497,283,108,120,1,-1,-1,-1
100,14,182,1027,208,252,1,-1,-1,-1
100,15,1942,551,192,212,1,-1,-1,-1
100,19,602,588,244,204,1,-1,-1,-1
100,21,1206,397,264,196,1,-1,-1,-1
100,27,745,451,212,208,1,-1,-1,-1
100,33,1852,268,202,168,1,-1,-1,-1
100,34,2201,500,176,224,1,-1,-1,-1
100,36,1393,866,204,252,1,-1,-1,-1
100,37,1788,448,140,160,1,-1,-1,-1
100,38,1940,566,144,160,1,-1,-1,-1
100,39,1753,595,232,198,1,-1,-1,-1
100,40,194,1370,344,70,1,-1,-1,-1
100,41,422,859,272,260,1,-1,-1,-1
100,43,532,1266,224,174,1,-1,-1,-1
100,44,628,281,130,187,1,-1,-1,-1
100,45,2133,416,228,460,1,-1,-1,-1
100,46,914,624,264,224,1,-1,-1,-1
100,47,233,648,180,324,1,-1,-1,-1
100,48,823,683,263,229,1,-1,-1,-1
100,49,759,387,244,192,1,-1,-1,-1
100,50,2273,545,144,152,1,-1,-1,-1
100,51,1971,491,172,128,1,-1,-1,-1
101,2,631,261,120,172,1,-1,-1,-1
101,3,826,683,171,290,1,-1,-1,-1
101,4,1744,294,808,564,1,-1,-1,-1
101,5,552,321,120,140,1,-1,-1,-1
101,6,1310,223,108,208,1,-1,-1,-1
101,7,560,422,176,184,1,-1,-1,-1
101,8,817,388,156,200,1,-1,-1,-1
101,9,772,293,104,172,1,-1,-1,-1
101,11,497,283,108,120,1,-1,-1,-1
101,14,182,1028,208,252,1,-1,-1,-1
101,15,1941,552,192,212,1,-1,-1,-1
101,19,605,586,244,204,1,-1,-1,-1
101,21,1206,398,264,196,1,-1,-1,-1
101,27,747,452,212,208,1,-1,-1,-1
101,33,1854,268,202,168,1,-1,-1,-1
101,34,2198,498,176,224,1,-1,-1,-1
101,36,1393,867,204,252,1,-1,-1,-1
101,37,1787,448,140,160,1,-1,-1,-1
101,38,1938,565,144,160,1,-1,-1,-1
101,39,1754,597,232,198,1,-1,-1,-1
101,40,194,1370,344,70,1,-1,-1,-1
101,41,422,859,272,260,1,-1,-1,-1
101,43,532,1266,224,174,1,-1,-1,-1
101,44,627,281,130,187,1,-1,-1,-1
101,45,2129,416,228,460,1,-1,-1,-1
101,46,912,623,264,224,1,-1,-1,-1
101,47,235,645,180,324,1,-1,-1,-1
101,48,821,683,263,229,1,-1,-1,-1
101,49,762,387,244,192,1,-1,-1,-1
101,50,2274,545,144,152,1,-1,-1,-1
101,51,1971,491,172,128,1,-1,-1,-1
102,2,631,260,120,172,1,-1,-1,-1
102,4,1739,280,808,564,1,-1,-1,-1
102,5,551,323,120,140,1,-1,-1,-1
102,6,1310,223,108,208,1,-1,-1,-1
102,7,561,423,176,184,1,-1,-1,-1
102,8,810,386,156,200,1,-1,-1,-1
102,9,772,295,104,172,1,-1,-1,-1
102,11,496,283,108,120,1,-1,-1,-1
102,14,184,1028,208,252,1,-1,-1,-1
102,15,1916,551,192,212,1,-1,-1,-1
102,19,614,583,244,204,1,-1,-1,-1
102,21,1204,399,264,196,1,-1,-1,-1
102,27,747,454,212,208,1,-1,-1,-1
102,33,1859,268,202,168,1,-1,-1,-1
102,34,2197,504,168,213,1,-1,-1,-1
102,36,1393,867,204,252,1,-1,-1,-1
102,37,1787,447,140,160,1,-1,-1,-1
102,38,1920,570,144,160,1,-1,-1,-1
102,39,1760,601,232,198,1,-1,-1,-1
102,40,204,1370,328,70,1,-1,-1,-1
102,41,422,860,272,260,1,-1,-1,-1
102,43,530,1291,213,149,1,-1,-1,-1
102,44,627,282,130,187,1,-1,-1,-1
102,45,2124,410,228,460,1,-1,-1,-1
102,46,913,625,264,224,1,-1,-1,-1
102,47,240,638,180,324,1,-1,-1,-1
102,48,847,684,263,229,1,-1,-1,-1
102,49,761,387,244,192,1,-1,-1,-1
102,50,2275,546,144,152,1,-1,-1,-1
102,51,1931,485,181,134,1,-1,-1,-1
103,2,630,259,120,172,1,-1,-1,-1
103,4,1738,279,808,564,1,-1,-1,-1
103,5,551,324,120,140,1,-1,-1,-1
103,6,1309,224,108,208,1,-1,-1,-1
103,7,563,422,176,184,1,-1,-1,-1
103,8,802,384,156,200,1,-1,-1,-1
103,9,773,296,104,172,1,-1,-1,-1
103,11,496,284,108,120,1,-1,-1,-1
103,14,187,1029,208,252,1,-1,-1,-1
103,15,1895,550,192,212,1,-1,-1,-1
103,19,617,581,244,204,1,-1,-1,-1
103,21,1201,399,264,196,1,-1,-1,-1
103,27,746,456,212,208,1,-1,-1,-1
103,33,1861,268,202,168,1,-1,-1,-1
103,34,2194,504,168,213,1,-1,-1,-1
103,36,1390,866,204,252,1,-1,-1,-1
103,37,1787,447,140,160,1,-1,-1,-1
103,38,1906,576,144,160,1,-1,-1,-1
103,39,1761,614,221,189,1,-1,-1,-1
103,40,207,1368,328,72,1,-1,-1,-1
103,41,423,860,272,260,1,-1,-1,-1
103,43,531,1310,203,130,1,-1,-1,-1
103,44,626,281,130,187,1,-1,-1,-1
103,45,2115,382,228,460,1,-1,-1,-1
103,46,897,619,264,224,1,-1,-1,-1
103,47,246,625,180,324,1,-1,-1,-1
103,48,878,688,263,229,1,-1,-1,-1
103,49,759,386,244,192,1,-1,-1,-1
103,50,2275,546,144,152,1,-1,-1,-1
103,51,1904,488,172,128,1,-1,-1,-1
104,2,631,259,120,172,1,-1,-1,-1
104,4,1740,273,808,564,1,-1,-1,-1
104,5,550,326,120,140,1,-1,-1,-1
104,6,1306,225,108,208,1,-1,-1,-1
104,7,562,425,176,184,1,-1,-1,-1
104,8,796,382,156,200,1,-1,-1,-1
104,9,774,296,104,172,1,-1,-1,-1
104,11,496,283,108,120,1,-1,-1,-1
104,14,191,1028,208,252,1,-1,-1,-1
104,15,1877,548,192,212,1,-1,-1,-1
104,19,613,574,256,214,1,-1,-1,-1
104,21,1196,399,264,196,1,-1,-1,-1
104,27,748,456,212,208,1,-1,-1,-1
104,33,1866,265,202,168,1,-1,-1,-1
104,34,2193,509,160,203,1,-1,-1,-1
104,36,1386,865,204,252,1,-1,-1,-1
104,37,1786,446,140,160,1,-1,-1,-1
104,38,1891,578,144,160,1,-1,-1,-1
104,39,1759,617,211,180,1,-1,-1,-1
104,40,211,1367,328,73,1,-1,-1,-1
104,41,424,860,272,260,1,-1,-1,-1
104,43,524,1323,203,117,1,-1,-1,-1
104,44,625,280,130,187,1,-1,-1,-1
104,45,2101,380,239,483,1,-1,-1,-1
104,46,908,623,264,224,1,-1,-1,-1
104,47,259,604,180,324,1,-1,-1,-1
104,48,900,687,263,229,1,-1,-1,-1
104,49,762,386,244,192,1,-1,-1,-1
104,50,2276,546,144,152,1,-1,-1,-1
104,51,1891,489,172,128,1,-1,-1,-1
105,2,632,240,116,188,1,-1,-1,-1
105,4,1740,273,808,564,1,-1,-1,-1
105,5,540,332,124,140,1,-1,-1,-1
105,6,1292,220,112,200,1,-1,-1,-1
105,7,562,425,176,184,1,-1,-1,-1
105,8,720,384,236,136,1,-1,-1,-1
105,9,776,288,96,124,1,-1,-1,-1
105,11,496,283,108,120,1,-1,-1,-1
105,14,208,1012,216,276,1,-1,-1,-1
105,15,1877,548,192,212,1,-1,-1,-1
105,19,624,568,276,224,1,-1,-1,-1
105,21,1228,396,216,184,1,-1,-1,-1
105,27,748,456,212,208,1,-1,-1,-1
105,33,1866,265,202,168,1,-1,-1,-1
105,34,2200,528,220,172,1,-1,-1,-1
105,36,1396,864,184,252,1,-1,-1,-1
105,37,1784,448,132,172,1,-1,-1,-1
105,38,1891,578,144,160,1,-1,-1,-1
105,39,1756,620,200,280,1,-1,-1,-1
105,40,211,1367,328,73,1,-1,-1,-1
105,41,424,856,276,260,1,-1,-1,-1
105,43,524,1323,203,117,1,-1,-1,-1
105,44,625,280,130,187,1,-1,-1,-1
105,45,2101,380,239,483,1,-1,-1,-1
105,46,908,623,264,224,1,-1,-1,-1
105,47,264,624,172,284,1,-1,-1,-1
105,48,904,712,324,244,1,-1,-1,-1
105,49,762,386,244,192,1,-1,-1,-1
105,50,2276,546,144,152,1,-1,-1,-1
105,51,1891,489,172,128,1,-1,-1,-1
105,52,2016,264,540,340,1,-1,-1,-1
105,53,1796,324,160,184,1,-1,-1,-1
106,2,632,240,116,188,1,-1,-1,-1
106,4,1737,260,808,564,1,-1,-1,-1
106,5,540,333,124,140,1,-1,-1,-1
106,6,1290,221,112,200,1,-1,-1,-1
106,7,562,426,176,184,1,-1,-1,-1
106,8,719,386,236,136,1,-1,-1,-1
106,9,776,288,96,124,1,-1,-1,-1
106,11,495,283,108,120,1,-1,-1,-1
106,14,209,1012,216,276,1,-1,-1,-1
106,15,1866,545,202,223,1,-1,-1,-1
106,19,625,568,276,224,1,-1,-1,-1
106,21,1226,396,216,184,1,-1,-1,-1
106,27,754,460,212,208,1,-1,-1,-1
106,33,1871,275,202,168,1,-1,-1,-1
106,34,2200,527,220,172,1,-1,-1,-1
106,36,1395,865,184,252,1,-1,-1,-1
106,37,1780,448,132,172,1,-1,-1,-1
106,38,1882,576,137,152,1,-1,-1,-1
106,39,1745,629,200,280,1,-1,-1,-1
106,40,211,1366,328,74,1,-1,-1,-1
106,41,425,856,276,260,1,-1,-1,-1
106,43,510,1350,203,90,1,-1,-1,-1
106,44,626,278,130,187,1,-1,-1,-1
106,45,2095,376,239,483,1,-1,-1,-1
106,46,900,629,264,224,1,-1,-1,-1
106,47,265,617,172,284,1,-1,-1,-1
106,48,911,712,324,244,1,-1,-1,-1
106,49,721,392,244,192,1,-1,-1,-1
106,50,2276,544,144,152,1,-1,-1,-1
106,51,1874,487,172,128,1,-1,-1,-1
106,52,2012,261,540,340,1,-1,-1,-1
106,53,1795,325,160,184,1,-1,-1,-1
107,2,632,240,116,188,1,-1,-1,-1
107,4,1734,263,808,564,1,-1,-1,-1
107,5,540,333,124,140,1,-1,-1,-1
107,6,1290,221,112,200,1,-1,-1,-1
107,7,562,425,176,184,1,-1,-1,-1
107,8,719,387,236,136,1,-1,-1,-1
107,9,777,288,96,124,1,-1,-1,-1
107,11,495,282,108,120,1,-1,-1,-1
107,14,209,1013,216,276,1,-1,-1,-1
107,15,1863,545,202,223,1,-1,-1,-1
107,19,625,569,276,224,1,-1,-1,-1
107,21,1225,396,216,184,1,-1,-1,-1
107,27,755,458,212,208,1,-1,-1,-1
107,33,1871,277,202,168,1,-1,-1,-1
107,34,2200,528,220,172,1,-1,-1,-1
107,36,1393,866,184,252,1,-1,-1,-1
107,37,1780,448,132,172,1,-1,-1,-1
107,38,1876,575,137,152,1,-1,-1,-1
107,39,1744,632,200,280,1,-1,-1,-1
107,40,211,1365,328,75,1,-1,-1,-1
107,41,426,857,276,260,1,-1,-1,-1
107,43,515,1351,193,89,1,-1,-1,-1
107,44,626,277,130,187,1,-1,-1,-1
107,45,2087,370,251,507,1,-1,-1,-1
107,46,904,628,264,224,1,-1,-1,-1
107,47,266,615,172,284,1,-1,-1,-1
107,48,914,713,324,244,1,-1,-1,-1
107,49,710,394,244,192,1,-1,-1,-1
107,50,2276,543,144,152,1,-1,-1,-1
107,51,1872,487,172,128,1,-1,-1,-1
107,52,2011,259,540,340,1,-1,-1,-1
107,53,1796,325,160,184,1,-1,-1,-1
108,2,633,240,116,188,1,-1,-1,-1
108,4,1736,256,808,564,1,-1,-1,-1
108,5,539,333,124,140,1,-1,-1,-1
108,6,1288,222,112,200,1,-1,-1,-1
108,7,561,424,176,184,1,-1,-1,-1
108,8,721,387,236,136,1,-1,-1,-1
108,9,778,288,96,124,1,-1,-1,-1
108,11,495,283,108,120,1,-1,-1,-1
108,14,211,1015,216,276,1,-1,-1,-1
108,15,1862,545,202,223,1,-1,-1,-1
108,19,630,568,276,224,1,-1,-1,-1
108,21,1224,395,216,184,1,-1,-1,-1
108,27,761,457,212,208,1,-1,-1,-1
108,33,1876,279,202,168,1,-1,-1,-1
108,34,2202,529,220,172,1,-1,-1,-1
108,36,1391,865,184,252,1,-1,-1,-1
108,37,1775,449,132,172,1,-1,-1,-1
108,38,1862,561,137,152,1,-1,-1,-1
108,39,1734,634,200,280,1,-1,-1,-1
108,40,218,1366,312,74,1,-1,-1,-1
108,41,426,858,276,260,1,-1,-1,-1
108,43,517,1358,184,82,1,-1,-1,-1
108,44,627,277,130,187,1,-1,-1,-1
108,45,2091,373,239,483,1,-1,-1,-1
108,46,903,625,264,224,1,-1,-1,-1
108,47,268,613,172,284,1,-1,-1,-1
108,48,922,712,324,244,1,-1,-1,-1
108,49,718,393,244,192,1,-1,-1,-1
108,50,2279,544,144,152,1,-1,-1,-1
108,51,1874,485,172,128,1,-1,-1,-1
108,52,2009,253,540,340,1,-1,-1,-1
108,53,1794,326,160,184,1,-1,-1,-1
109,2,633,240,116,188,1,-1,-1,-1
109,5,537,333,124,140,1,-1,-1,-1
109,6,1288,222,112,200,1,-1,-1,-1
109,7,558,422,176,184,1,-1,-1,-1
109,8,723,386,236,136,1,-1,-1,-1
109,9,779,288,96,124,1,-1,-1,-1
109,11,494,284,108,120,1,-1,-1,-1
109,14,215,1020,216,276,1,-1,-1,-1
109,15,1863,554,192,212,1,-1,-1,-1
109,19,640,566,276,224,1,-1,-1,-1
109,21,1222,395,216,184,1,-1,-1,-1
109,27,793,457,202,198,1,-1,-1,-1
109,33,1878,279,202,168,1,-1,-1,-1
109,34,2205,530,220,172,1,-1,-1,-1
109,36,1394,865,184,252,1,-1,-1,-1
109,37,1765,455,132,172,1,-1,-1,-1
109,38,1860,563,137,152,1,-1,-1,-1
109,39,1730,639,200,280,1,-1,-1,-1
109,40,218,1365,312,75,1,-1,-1,-1
109,41,427,859,276,260,1,-1,-1,-1
109,43,446,1302,184,138,1,-1,-1,-1
109,44,627,277,130,187,1,-1,-1,-1
109,45,2079,377,239,483,1,-1,-1,-1
109,46,894,621,277,235,1,-1,-1,-1
109,47,270,611,172,284,1,-1,-1,-1
109,48,928,711,324,244,1,-1,-1,-1
109,49,715,388,244,192,1,-1,-1,-1
109,50,2281,546,144,152,1,-1,-1,-1
109,51,1876,486,172,128,1,-1,-1,-1
109,52,2004,247,540,340,1,-1,-1,-1
109,53,1793,325,160,184,1,-1,-1,-1
110,2,633,239,116,188,1,-1,-1,-1
110,5,536,334,124,140,1,-1,-1,-1
110,6,1287,222,112,200,1,-1,-1,-1
110,7,561,424,176,184,1,-1,-1,-1
110,8,717,389,236,136,1,-1,-1,-1
110,9,780,289,96,124,1,-1,-1,-1
110,11,493,284,108,120,1,-1,-1,-1
110,14,222,1026,216,276,1,-1,-1,-1
110,15,1857,553,192,212,1,-1,-1,-1
110,19,665,550,276,224,1,-1,-1,-1
110,21,1222,395,216,184,1,-1,-1,-1
110,27,859,421,202,198,1,-1,-1,-1
110,33,1877,277,202,168,1,-1,-1,-1
110,34,2204,530,220,172,1,-1,-1,-1
110,36,1393,864,184,252,1,-1,-1,-1
110,37,1750,466,132,172,1,-1,-1,-1
110,38,1855,555,137,152,1,-1,-1,-1
110,39,1723,644,200,280,1,-1,-1,-1
110,40,219,1365,312,75,1,-1,-1,-1
110,41,428,857,276,260,1,-1,-1,-1
110,43,456,1291,176,149,1,-1,-1,-1
110,44,630,280,123,178,1,-1,-1,-1
110,45,2074,368,251,507,1,-1,-1,-1
110,46,891,623,277,235,1,-1,-1,-1
110,47,273,609,172,284,1,-1,-1,-1
110,48,948,712,324,244,1,-1,-1,-1
110,49,713,390,244,192,1,-1,-1,-1
110,50,2281,546,144,152,1,-1,-1,-1
110,51,1876,492,172,128,1,-1,-1,-1
110,52,1991,231,567,357,1,-1,-1,-1
110,53,1797,324,160,184,1,-1,-1,-1
111,2,633,238,116,188,1,-1,-1,-1
111,5,535,334,124,140,1,-1,-1,-1
111,6,1287,222,112,200,1,-1,-1,-1
111,7,558,424,176,184,1,-1,-1,-1
111,8,715,392,236,136,1,-1,-1,-1
111,9,781,290,96,124,1,-1,-1,-1
111,11,492,284,108,120,1,-1,-1,-1
111,14,230,1030,216,276,1,-1,-1,-1
111,15,1854,557,192,212,1,-1,-1,-1
111,19,684,540,276,224,1,-1,-1,-1
111,21,1221,395,216,184,1,-1,-1,-1
111,27,895,419,192,189,1,-1,-1,-1
111,33,1873,273,202,168,1,-1,-1,-1
111,34,2204,529,220,172,1,-1,-1,-1
111,36,1392,864,184,252,1,-1,-1,-1
111,37,1737,484,132,172,1,-1,-1,-1
111,38,1848,552,144,160,1,-1,-1,-1
111,39,1711,654,210,294,1,-1,-1,-1
111,40,220,1364,312,76,1,-1,-1,-1
111,41,429,856,276,260,1,-1,-1,-1
111,43,454,1287,176,153,1,-1,-1,-1
111,44,631,280,123,178,1,-1,-1,-1
111,45,2067,359,264,533,1,-1,-1,-1
111,46,901,633,264,224,1,-1,-1,-1
111,47,280,605,172,284,1,-1,-1,-1
111,48,955,714,324,244,1,-1,-1,-1
111,49,702,395,232,183,1,-1,-1,-1
111,50,2281,545,144,152,1,-1,-1,-1
111,51,1876,493,172,128,1,-1,-1,-1
111,52,1971,213,589,375,1,-1,-1,-1
111,53,1800,323,160,184,1,-1,-1,-1
112,2,633,238,116,188,1,-1,-1,-1
112,5,535,336,124,140,1,-1,-1,-1
112,6,1288,222,112,200,1,-1,-1,-1
112,7,560,430,176,184,1,-1,-1,-1
112,8,713,393,236,136,1,-1,-1,-1
112,9,781,290,96,124,1,-1,-1,-1
112,11,491,284,108,120,1,-1,-1,-1
112,14,230,1020,227,290,1,-1,-1,-1
112,15,1854,563,192,212,1,-1,-1,-1
112,19,705,536,276,224,1,-1,-1,-1
112,21,1222,395,216,184,1,-1,-1,-1
112,33,1867,267,202,168,1,-1,-1,-1
112,34,2205,529,220,172,1,-1,-1,-1
112,36,1391,864,184,252,1,-1,-1,-1
112,37,1727,498,132,172,1,-1,-1,-1
112,38,1847,561,144,160,1,-1,-1,-1
112,39,1708,672,210,294,1,-1,-1,-1
112,40,226,1366,297,73,1,-1,-1,-1
112,41,429,856,276,260,1,-1,-1,-1
112,43,449,1289,176,151,1,-1,-1,-1
112,44,630,280,123,178,1,-1,-1,-1
112,45,2073,367,264,533,1,-1,-1,-1
112,46,899,634,264,224,1,-1,-1,-1
112,47,288,596,172,284,1,-1,-1,-1
112,48,960,703,340,256,1,-1,-1,-1
112,49,702,401,221,174,1,-1,-1,-1
112,50,2282,544,144,152,1,-1,-1,-1
112,51,1870,494,164,122,1,-1,-1,-1
112,52,1967,206,593,375,1,-1,-1,-1
112,53,1802,323,160,184,1,-1,-1,-1
113,2,633,238,116,188,1,-1,-1,-1
113,5,535,336,124,140,1,-1,-1,-1
113,6,1288,222,112,200,1,-1,-1,-1
113,7,560,430,176,184,1,-1,-1,-1
113,8,713,393,236,136,1,-1,-1,-1
113,9,781,290,96,124,1,-1,-1,-1
113,11,491,284,108,120,1,-1,-1,-1
113,14,256,1024,208,316,1,-1,-1,-1
113,15,1876,584,168,168,1,-1,-1,-1
113,19,705,536,276,224,1,-1,-1,-1
113,21,1200,396,236,196,1,-1,-1,-1
113,34,2204,532,228,176,1,-1,-1,-1
113,36,1396,860,180,260,1,-1,-1,-1
113,37,1724,508,136,168,1,-1,-1,-1
113,38,1847,561,144,160,1,-1,-1,-1
113,39,1740,700,168,296,1,-1,-1,-1
113,40,226,1366,297,73,1,-1,-1,-1
113,41,420,864,284,260,1,-1,-1,-1
113,43,449,1289,176,151,1,-1,-1,-1
113,44,630,280,123,178,1,-1,-1,-1
113,45,2073,367,264,533,1,-1,-1,-1
113,46,899,634,264,224,1,-1,-1,-1
113,47,320,592,192,264,1,-1,-1,-1
113,48,960,703,340,256,1,-1,-1,-1
113,49,716,392,216,200,1,-1,-1,-1
113,50,2282,544,144,152,1,-1,-1,-1
113,51,1870,494,164,122,1,-1,-1,-1
113,52,1952,208,604,352,1,-1,-1,-1
113,53,1802,323,160,184,1,-1,-1,-1
113,54,824,1296,212,144,1,-1,-1,-1
114,2,633,239,116,188,1,-1,-1,-1
114,5,535,336,124,140,1,-1,-1,-1
114,6,1288,222,112,200,1,-1,-1,-1
114,7,555,424,185,193,1,-1,-1,-1
114,8,714,395,236,136,1,-1,-1,-1
114,9,780,291,96,124,1,-1,-1,-1
114,11,490,286,108,120,1,-1,-1,-1
114,14,257,1025,208,316,1,-1,-1,-1
114,15,1879,595,168,168,1,-1,-1,-1
114,19,729,531,276,224,1,-1,-1,-1
114,21,1200,396,236,196,1,-1,-1,-1
114,34,2204,531,228,176,1,-1,-1,-1
114,36,1396,860,180,260,1,-1,-1,-1
114,37,1714,515,136,168,1,-1,-1,-1
114,38,1845,574,151,168,1,-1,-1,-1
114,39,1743,711,168,296,1,-1,-1,-1
114,40,226,1366,297,73,1,-1,-1,-1
114,41,420,864,284,260,1,-1,-1,-1
114,43,448,1290,176,150,1,-1,-1,-1
114,44,630,281,123,178,1,-1,-1,-1
114,46,899,635,264,224,1,-1,-1,-1
114,47,330,586,192,264,1,-1,-1,-1
114,48,952,687,340,256,1,-1,-1,-1
114,49,720,392,216,200,1,-1,-1,-1
114,50,2280,542,144,152,1,-1,-1,-1
114,51,1866,504,172,128,1,-1,-1,-1
114,52,1950,207,604,352,1,-1,-1,-1
114,53,1801,322,160,184,1,-1,-1,-1
114,54,832,1292,212,144,1,-1,-1,-1
115,2,632,240,116,188,1,-1,-1,-1
115,5,534,338,124,140,1,-1,-1,-1
115,6,1288,222,112,200,1,-1,-1,-1
115,7,553,424,185,193,1,-1,-1,-1
115,8,712,395,236,136,1,-1,-1,-1
115,9,780,290,96,124,1,-1,-1,-1
115,11,490,287,108,120,1,-1,-1,-1
115,14,258,1027,208,316,1,-1,-1,-1
115,15,1893,617,168,168,1,-1,-1,-1
115,19,789,531,263,213,1,-1,-1,-1
115,21,1201,397,236,196,1,-1,-1,-1
115,34,2206,530,228,176,1,-1,-1,-1
115,36,1396,860,180,260,1,-1,-1,-1
115,37,1704,523,136,168,1,-1,-1,-1
115,38,1859,597,151,168,1,-1,-1,-1
115,39,1753,734,160,282,1,-1,-1,-1
115,40,226,1366,297,73,1,-1,-1,-1
115,41,421,864,284,260,1,-1,-1,-1
115,44,629,282,123,178,1,-1,-1,-1
115,46,907,642,251,213,1,-1,-1,-1
115,47,340,576,192,264,1,-1,-1,-1
115,48,986,691,324,244,1,-1,-1,-1
115,49,719,394,216,200,1,-1,-1,-1
115,50,2278,541,144,152,1,-1,-1,-1
115,51,1859,508,164,122,1,-1,-1,-1
115,52,1948,203,604,352,1,-1,-1,-1
115,53,1800,323,160,184,1,-1,-1,-1
115,54,852,1273,212,144,1,-1,-1,-1
116,2,631,240,116,188,1,-1,-1,-1
116,5,533,338,124,140,1,-1,-1,-1
116,6,1289,222,112,200,1,-1,-1,-1
116,7,553,426,185,193,1,-1,-1,-1
116,8,710,395,236,136,1,-1,-1,-1
116,9,780,290,96,124,1,-1,-1,-1
116,11,490,287,108,120,1,-1,-1,-1
116,14,260,1028,208,316,1,-1,-1,-1
116,15,1909,655,168,168,1,-1,-1,-1
116,19,832,533,263,213,1,-1,-1,-1
116,21,1202,398,236,196,1,-1,-1,-1
116,34,2206,530,228,176,1,-1,-1,-1
116,36,1396,861,180,260,1,-1,-1,-1
116,37,1693,528,136,168,1,-1,-1,-1
116,38,1875,623,151,168,1,-1,-1,-1
116,39,1760,761,160,282,1,-1,-1,-1
116,40,224,1365,297,73,1,-1,-1,-1
116,41,421,865,284,260,1,-1,-1,-1
116,44,629,283,123,178,1,-1,-1,-1
116,46,910,643,251,213,1,-1,-1,-1
116,47,348,567,192,264,1,-1,-1,-1
116,48,990,692,324,244,1,-1,-1,-1
116,49,717,396,216,200,1,-1,-1,-1
116,50,2280,541,144,152,1,-1,-1,-1
116,51,1859,509,164,122,1,-1,-1,-1
116,52,1948,201,604,352,1,-1,-1,-1
116,53,1798,325,160,184,1,-1,-1,-1
116,54,869,1253,212,144,1,-1,-1,-1
117,2,630,238,116,188,1,-1,-1,-1
117,5,532,339,124,140,1,-1,-1,-1
117,6,1289,222,112,200,1,-1,-1,-1
117,7,553,427,185,193,1,-1,-1,-1
117,8,708,395,236,136,1,-1,-1,-1
117,9,779,290,96,124,1,-1,-1,-1
117,11,491,287,108,120,1,-1,-1,-1
117,14,260,1029,208,316,1,-1,-1,-1
117,15,1925,680,168,168,1,-1,-1,-1
117,19,856,526,263,213,1,-1,-1,-1
117,21,1204,399,236,196,1,-1,-1,-1
117,34,2206,529,228,176,1,-1,-1,-1
117,36,1396,861,180,260,1,-1,-1,-1
117,37,1678,540,136,168,1,-1,-1,-1
117,38,1893,642,151,168,1,-1,-1,-1
117,39,1763,787,160,282,1,-1,-1,-1
117,40,223,1365,297,73,1,-1,-1,-1
117,41,421,865,284,260,1,-1,-1,-1
117,44,627,281,123,178,1,-1,-1,-1
117,46,909,634,251,213,1,-1,-1,-1
117,47,352,564,192,264,1,-1,-1,-1
117,48,1003,691,309,232,1,-1,-1,-1
117,49,715,393,216,200,1,-1,-1,-1
117,50,2280,540,144,152,1,-1,-1,-1
117,51,1854,511,164,122,1,-1,-1,-1
117,52,1953,198,604,352,1,-1,-1,-1
117,53,1790,324,160,184,1,-1,-1,-1
117,54,891,1235,202,137,1,-1,-1,-1
118,2,629,240,116,188,1,-1,-1,-1
118,5,531,340,124,140,1,-1,-1,-1
118,6,1289,223,112,200,1,-1,-1,-1
118,7,553,428,185,193,1,-1,-1,-1
118,8,708,397,236,136,1,-1,-1,-1
118,9,779,290,96,124,1,-1,-1,-1
118,11,492,287,108,120,1,-1,-1,-1
118,14,259,1030,208,316,1,-1,-1,-1
118,15,1940,698,168,168,1,-1,-1,-1
118,19,884,524,263,213,1,-1,-1,-1
118,21,1205,400,236,196,1,-1,-1,-1
118,34,2207,529,228,176,1,-1,-1,-1
118,36,1395,860,180,260,1,-1,-1,-1
118,37,1661,552,136,168,1,-1,-1,-1
118,38,1907,662,151,168,1,-1,-1,-1
118,39,1757,799,168,296,1,-1,-1,-1
118,40,220,1365,297,73,1,-1,-1,-1
118,41,420,865,284,260,1,-1,-1,-1
118,44,626,283,123,178,1,-1,-1,-1
118,46,914,635,251,213,1,-1,-1,-1
118,47,354,559,192,264,1,-1,-1,-1
118,48,1011,687,309,232,1,-1,-1,-1
118,49,714,391,216,200,1,-1,-1,-1
118,50,2279,540,144,152,1,-1,-1,-1
118,51,1857,496,172,128,1,-1,-1,-1
118,52,1973,202,575,335,1,-1,-1,-1
118,53,1790,323,160,184,1,-1,-1,-1
118,54,897,1225,202,137,1,-1,-1,-1
119,2,629,240,116,188,1,-1,-1,-1
119,5,530,341,124,140,1,-1,-1,-1
119,6,1289,223,112,200,1,-1,-1,-1
119,7,551,428,185,193,1,-1,-1,-1
119,8,707,398,236,136,1,-1,-1,-1
119,9,779,290,96,124,1,-1,-1,-1
119,11,492,287,108,120,1,-1,-1,-1
119,14,258,1030,208,316,1,-1,-1,-1
119,15,1938,696,176,176,1,-1,-1,-1
119,19,887,522,263,213,1,-1,-1,-1
119,21,1205,400,236,196,1,-1,-1,-1
119,34,2207,529,228,176,1,-1,-1,-1
119,36,1395,860,180,260,1,-1,-1,-1
119,37,1660,551,136,168,1,-1,-1,-1
119,38,1906,668,151,168,1,-1,-1,-1
119,39,1757,799,168,296,1,-1,-1,-1
119,40,220,1365,297,73,1,-1,-1,-1
119,41,420,865,284,260,1,-1,-1,-1
119,44,625,282,123,178,1,-1,-1,-1
119,46,916,636,251,213,1,-1,-1,-1
119,47,357,558,192,264,1,-1,-1,-1
119,48,1003,684,309,232,1,-1,-1,-1
119,49,713,390,216,200,1,-1,-1,-1
119,50,2279,540,144,152,1,-1,-1,-1
119,51,1854,487,172,128,1,-1,-1,-1
119,52,1985,208,548,319,1,-1,-1,-1
119,53,1790,323,160,184,1,-1,-1,-1
119,54,899,1225,202,137,1,-1,-1,-1
120,2,628,239,116,188,1,-1,-1,-1
120,5,530,340,124,140,1,-1,-1,-1
120,6,1289,223,112,200,1,-1,-1,-1
120,7,549,428,185,193,1,-1,-1,-1
120,8,706,398,236,136,1,-1,-1,-1
120,9,778,289,96,124,1,-1,-1,-1
120,11,493,286,108,120,1,-1,-1,-1
120,14,259,1031,208,316,1,-1,-1,-1
120,15,1953,707,176,176,1,-1,-1,-1
120,19,931,526,276,224,1,-1,-1,-1
120,21,1206,400,236,196,1,-1,-1,-1
120,34,2208,528,228,176,1,-1,-1,-1
120,36,1394,859,180,260,1,-1,-1,-1
120,37,1647,555,136,168,1,-1,-1,-1
120,38,1917,697,151,168,1,-1,-1,-1
120,39,1759,813,160,282,1,-1,-1,-1
120,40,218,1366,297,73,1,-1,-1,-1
120,41,420,865,284,260,1,-1,-1,-1
120,44,625,281,123,178,1,-1,-1,-1
120,46,921,631,251,213,1,-1,-1,-1
120,47,359,555,192,264,1,-1,-1,-1
120,48,996,681,309,232,1,-1,-1,-1
120,49,714,388,216,200,1,-1,-1,-1
120,50,2280,540,144,152,1,-1,-1,-1
120,51,1851,485,181,134,1,-1,-1,-1
120,52,1988,204,548,319,1,-1,-1,-1
120,53,1789,321,160,184,1,-1,-1,-1
120,54,898,1221,202,137,1,-1,-1,-1
121,2,636,248,108,172,1,-1,-1,-1
121,5,512,336,152,132,1,-1,-1,-1
121,6,1289,223,112,200,1,-1,-1,-1
121,7,544,412,184,216,1,-1,-1,-1
121,8,706,398,236,136,1,-1,-1,-1
121,9,778,289,96,124,1,-1,-1,-1
121,11,493,286,108,120,1,-1,-1,-1
121,14,256,1036,208,300,1,-1,-1,-1
121,15,1953,707,176,176,1,-1,-1,-1
121,19,931,526,276,224,1,-1,-1,-1
121,21,1206,400,236,196,1,-1,-1,-1
121,34,2236,516,192,184,1,-1,-1,-1
121,36,1396,860,176,256,1,-1,-1,-1
121,37,1612,548,144,156,1,-1,-1,-1
121,38,1917,697,151,168,1,-1,-1,-1
121,39,1740,828,152,300,1,-1,-1,-1
121,40,208,1356,328,84,1,-1,-1,-1
121,41,420,864,284,260,1,-1,-1,-1
121,44,625,281,123,178,1,-1,-1,-1
121,46,921,631,251,213,1,-1,-1,-1
121,47,372,552,132,220,1,-1,-1,-1
121,48,996,681,309,232,1,-1,-1,-1
121,49,700,392,224,232,1,-1,-1,-1
121,50,2280,540,144,152,1,-1,-1,-1
121,51,1851,485,181,134,1,-1,-1,-1
121,52,1988,204,548,319,1,-1,-1,-1
121,53,1772,316,192,180,1,-1,-1,-1
121,54,898,1221,202,137,1,-1,-1,-1
121,55,820,1228,284,208,1,-1,-1,-1
122,2,636,248,108,172,1,-1,-1,-1
122,5,511,336,152,132,1,-1,-1,-1
122,6,1289,224,112,200,1,-1,-1,-1
122,7,544,411,184,216,1,-1,-1,-1
122,8,706,400,236,136,1,-1,-1,-1
122,9,777,288,96,124,1,-1,-1,-1
122,11,494,286,108,120,1,-1,-1,-1
122,14,261,1038,208,300,1,-1,-1,-1
122,15,1973,744,168,168,1,-1,-1,-1
122,19,989,571,290,235,1,-1,-1,-1
122,21,1206,400,236,196,1,-1,-1,-1
122,34,2238,513,192,184,1,-1,-1,-1
122,36,1396,859,176,256,1,-1,-1,-1
122,37,1606,552,144,156,1,-1,-1,-1
122,38,1930,731,151,168,1,-1,-1,-1
122,39,1735,835,152,300,1,-1,-1,-1
122,40,207,1357,328,83,1,-1,-1,-1
122,41,420,864,284,260,1,-1,-1,-1
122,44,625,281,123,178,1,-1,-1,-1
122,46,959,614,251,213,1,-1,-1,-1
122,47,373,547,132,220,1,-1,-1,-1
122,48,1016,683,309,232,1,-1,-1,-1
122,49,701,392,224,232,1,-1,-1,-1
122,50,2282,534,144,152,1,-1,-1,-1
122,51,1851,479,181,134,1,-1,-1,-1
122,52,1996,196,548,319,1,-1,-1,-1
122,53,1771,314,192,180,1,-1,-1,-1
122,54,889,1215,212,144,1,-1,-1,-1
122,55,821,1226,284,208,1,-1,-1,-1
123,2,635,248,108,172,1,-1,-1,-1
123,5,510,338,152,132,1,-1,-1,-1
123,6,1288,224,112,200,1,-1,-1,-1
123,7,545,412,184,216,1,-1,-1,-1
123,8,708,401,236,136,1,-1,-1,-1
123,9,776,288,96,124,1,-1,-1,-1
123,11,493,285,108,120,1,-1,-1,-1
123,14,266,1038,208,300,1,-1,-1,-1
123,15,1974,754,168,168,1,-1,-1,-1
123,19,1013,608,290,235,1,-1,-1,-1
123,21,1205,400,236,196,1,-1,-1,-1
123,34,2242,509,192,184,1,-1,-1,-1
123,36,1394,858,176,256,1,-1,-1,-1
123,37,1603,555,144,156,1,-1,-1,-1
123,38,1940,742,151,168,1,-1,-1,-1
123,39,1730,858,152,300,1,-1,-1,-1
123,40,206,1358,328,82,1,-1,-1,-1
123,41,420,864,284,260,1,-1,-1,-1
123,44,626,282,123,178,1,-1,-1,-1
123,46,962,608,251,213,1,-1,-1,-1
123,47,375,533,132,220,1,-1,-1,-1
123,49,702,393,224,232,1,-1,-1,-1
123,50,2286,530,144,152,1,-1,-1,-1
123,52,1995,190,548,319,1,-1,-1,-1
123,53,1772,313,192,180,1,-1,-1,-1
123,54,889,1213,212,144,1,-1,-1,-1
123,55,822,1225,284,208,1,-1,-1,-1
124,2,635,248,108,172,1,-1,-1,-1
124,5,509,340,152,132,1,-1,-1,-1
124,6,1288,224,112,200,1,-1,-1,-1
124,7,545,413,184,216,1,-1,-1,-1
124,8,708,403,236,136,1,-1,-1,-1
124,9,775,288,96,124,1,-1,-1,-1
124,11,493,284,108,120,1,-1,-1,-1
124,14,267,1039,208,300,1,-1,-1,-1
124,15,1966,758,168,168,1,-1,-1,-1
124,21,1204,400,236,196,1,-1,-1,-1
124,34,2246,503,192,184,1,-1,-1,-1
124,36,1392,860,176,256,1,-1,-1,-1
124,37,1600,560,144,156,1,-1,-1,-1
124,38,1940,746,151,168,1,-1,-1,-1
124,39,1724,863,152,300,1,-1,-1,-1
124,40,197,1356,344,84,1,-1,-1,-1
124,41,421,864,284,260,1,-1,-1,-1
124,44,624,281,123,178,1,-1,-1,-1
124,46,984,595,264,224,1,-1,-1,-1
124,47,379,518,132,220,1,-1,-1,-1
124,49,703,393,224,232,1,-1,-1,-1
124,50,2289,527,144,152,1,-1,-1,-1
124,52,2004,191,548,319,1,-1,-1,-1
124,53,1772,313,192,180,1,-1,-1,-1
124,54,889,1210,212,144,1,-1,-1,-1
124,55,824,1224,284,208,1,-1,-1,-1
125,2,635,248,108,172,1,-1,-1,-1
125,5,509,340,152,132,1,-1,-1,-1
125,6,1288,224,112,200,1,-1,-1,-1
125,7,545,413,184,216,1,-1,-1,-1
125,8,707,402,236,136,1,-1,-1,-1
125,9,776,288,96,124,1,-1,-1,-1
125,11,494,283,108,120,1,-1,-1,-1
125,14,266,1039,208,300,1,-1,-1,-1
125,15,1969,757,168,168,1,-1,-1,-1
125,21,1204,400,236,196,1,-1,-1,-1
125,34,2246,505,192,184,1,-1,-1,-1
125,36,1393,859,176,256,1,-1,-1,-1
125,37,1599,561,144,156,1,-1,-1,-1
125,39,1721,863,152,300,1,-1,-1,-1
125,40,196,1356,344,84,1,-1,-1,-1
125,41,421,864,284,260,1,-1,-1,-1
125,44,624,281,123,178,1,-1,-1,-1
125,46,991,591,264,224,1,-1,-1,-1
125,47,380,519,132,220,1,-1,-1,-1
125,49,703,393,224,232,1,-1,-1,-1
125,50,2289,525,144,152,1,-1,-1,-1
125,52,1995,186,548,319,1,-1,-1,-1
125,53,1772,313,192,180,1,-1,-1,-1
125,54,889,1210,212,144,1,-1,-1,-1
125,55,824,1222,284,208,1,-1,-1,-1
126,2,634,249,108,172,1,-1,-1,-1
126,5,508,342,152,132,1,-1,-1,-1
126,6,1288,225,112,200,1,-1,-1,-1
126,7,545,413,184,216,1,-1,-1,-1
126,8,708,404,236,136,1,-1,-1,-1
126,9,776,290,96,124,1,-1,-1,-1
126,11,494,283,108,120,1,-1,-1,-1
126,14,267,1040,208,300,1,-1,-1,-1
126,15,1969,761,168,168,1,-1,-1,-1
126,21,1204,401,236,196,1,-1,-1,-1
126,34,2247,502,192,184,1,-1,-1,-1
126,36,1392,860,176,256,1,-1,-1,-1
126,37,1599,567,144,156,1,-1,-1,-1
126,39,1704,891,152,300,1,-1,-1,-1
126,40,186,1355,362,85,1,-1,-1,-1
126,41,422,865,284,260,1,-1,-1,-1
126,44,622,281,123,178,1,-1,-1,-1
126,46,1070,588,264,224,1,-1,-1,-1
126,47,382,510,132,220,1,-1,-1,-1
126,49,703,395,224,232,1,-1,-1,-1
126,50,2289,523,144,152,1,-1,-1,-1
126,52,1996,181,548,319,1,-1,-1,-1
126,53,1772,312,192,180,1,-1,-1,-1
126,54,891,1209,212,144,1,-1,-1,-1
126,55,827,1221,284,208,1,-1,-1,-1
127,2,632,250,108,172,1,-1,-1,-1
127,5,506,345,152,132,1,-1,-1,-1
127,6,1286,226,112,200,1,-1,-1,-1
127,7,544,413,184,216,1,-1,-1,-1
127,8,708,405,236,136,1,-1,-1,-1
127,9,776,291,96,124,1,-1,-1,-1
127,11,494,282,108,120,1,-1,-1,-1
127,14,278,1047,198,286,1,-1,-1,-1
127,15,1969,767,168,168,1,-1,-1,-1
127,21,1204,402,236,196,1,-1,-1,-1
127,34,2249,499,192,184,1,-1,-1,-1
127,36,1390,860,176,256,1,-1,-1,-1
127,37,1604,580,144,156,1,-1,-1,-1
127,39,1694,896,152,300,1,-1,-1,-1
127,40,191,1356,362,84,1,-1,-1,-1
127,41,424,865,284,260,1,-1,-1,-1
127,44,621,282,123,178,1,-1,-1,-1
127,46,1094,585,277,235,1,-1,-1,-1
127,47,386,509,132,220,1,-1,-1,-1
127,49,703,396,224,232,1,-1,-1,-1
127,50,2290,519,144,152,1,-1,-1,-1
127,52,1998,180,548,319,1,-1,-1,-1
127,53,1773,312,192,180,1,-1,-1,-1
127,54,904,1205,212,144,1,-1,-1,-1
127,55,833,1219,284,208,1,-1,-1,-1
128,2,632,251,108,172,1,-1,-1,-1
128,5,501,345,160,139,1,-1,-1,-1
128,6,1285,227,112,200,1,-1,-1,-1
128,7,543,414,184,216,1,-1,-1,-1
128,8,708,405,236,136,1,-1,-1,-1
128,9,776,293,96,124,1,-1,-1,-1
128,11,493,283,108,120,1,-1,-1,-1
128,14,310,1067,198,286,1,-1,-1,-1
128,15,1970,770,168,168,1,-1,-1,-1
128,21,1203,401,236,196,1,-1,-1,-1
128,34,2253,496,192,184,1,-1,-1,-1
128,36,1388,860,176,256,1,-1,-1,-1
128,37,1609,593,144,156,1,-1,-1,-1
128,39,1692,922,152,300,1,-1,-1,-1
128,40,186,1355,380,85,1,-1,-1,-1
128,41,427,867,284,260,1,-1,-1,-1
128,44,620,283,123,178,1,-1,-1,-1
128,46,1122,588,277,235,1,-1,-1,-1
128,47,389,503,132,220,1,-1,-1,-1
128,49,704,395,224,232,1,-1,-1,-1
128,50,2293,518,144,152,1,-1,-1,-1
128,52,2006,180,548,319,1,-1,-1,-1
128,53,1773,312,192,180,1,-1,-1,-1
128,54,922,1200,202,137,1,-1,-1,-1
128,55,853,1212,284,208,1,-1,-1,-1
129,2,620,236,120,192,1,-1,-1,-1
129,5,484,356,172,128,1,-1,-1,-1
129,6,1284,236,116,192,1,-1,-1,-1
129,7,540,412,196,216,1,-1,-1,-1
129,8,708,405,236,136,1,-1,-1,-1
129,9,776,293,96,124,1,-1,-1,-1
129,11,493,283,108,120,1,-1,-1,-1
129,14,284,1124,256,244,1,-1,-1,-1
129,15,1970,770,168,168,1,-1,-1,-1
129,21,1203,401,236,196,1,-1,-1,-1
129,34,2253,496,192,184,1,-1,-1,-1
129,36,1392,844,160,196,1,-1,-1,-1
129,37,1620,592,136,168,1,-1,-1,-1
129,39,1692,922,152,300,1,-1,-1,-1
129,40,196,1352,404,84,1,-1,-1,-1
129,41,424,872,312,252,1,-1,-1,-1
129,44,620,283,123,178,1,-1,-1,-1
129,46,1140,620,272,144,1,-1,-1,-1
129,47,384,536,132,168,1,-1,-1,-1
129,49,704,395,224,232,1,-1,-1,-1
129,50,2293,518,144,152,1,-1,-1,-1
129,52,2044,164,512,316,1,-1,-1,-1
129,53,1773,312,192,180,1,-1,-1,-1
129,54,922,1200,202,137,1,-1,-1,-1
129,55,884,1204,256,236,1,-1,-1,-1
129,56,1664,964,208,156,1,-1,-1,-1
129,57,1180,560,232,92,1,-1,-1,-1
130,2,620,236,120,192,1,-1,-1,-1
130,5,483,360,172,128,1,-1,-1,-1
130,6,1284,237,116,192,1,-1,-1,-1
130,7,539,413,196,216,1,-1,-1,-1
130,8,708,405,236,136,1,-1,-1,-1
130,9,773,297,96,124,1,-1,-1,-1
130,11,493,284,108,120,1,-1,-1,-1
130,14,291,1130,256,244,1,-1,-1,-1
130,15,1981,782,176,176,1,-1,-1,-1
130,21,1203,401,236,196,1,-1,-1,-1
130,34,2253,502,192,184,1,-1,-1,-1
130,36,1389,843,160,196,1,-1,-1,-1
130,37,1623,596,136,168,1,-1,-1,-1
130,39,1703,962,152,300,1,-1,-1,-1
130,40,206,1352,404,84,1,-1,-1,-1
130,41,426,872,312,252,1,-1,-1,-1
130,44,619,284,123,178,1,-1,-1,-1
130,46,1155,625,272,144,1,-1,-1,-1
130,47,385,533,132,168,1,-1,-1,-1
130,49,704,396,224,232,1,-1,-1,-1
130,50,2286,530,144,152,1,-1,-1,-1
130,52,2049,164,511,316,1,-1,-1,-1
130,53,1773,313,192,180,1,-1,-1,-1
130,54,954,1181,202,137,1,-1,-1,-1
130,55,894,1202,256,236,1,-1,-1,-1
130,56,1663,974,208,156,1,-1,-1,-1
130,57,1208,563,232,92,1,-1,-1,-1
131,2,620,237,120,192,1,-1,-1,-1
131,5,483,361,172,128,1,-1,-1,-1
131,6,1285,238,116,192,1,-1,-1,-1
131,7,538,414,196,216,1,-1,-1,-1
131,8,708,406,236,136,1,-1,-1,-1
131,9,773,297,96,124,1,-1,-1,-1
131,11,492,285,108,120,1,-1,-1,-1
131,14,294,1133,256,244,1,-1,-1,-1
131,15,1983,783,176,176,1,-1,-1,-1
131,21,1203,402,236,196,1,-1,-1,-1
131,34,2253,502,192,184,1,-1,-1,-1
131,36,1388,843,160,196,1,-1,-1,-1
131,37,1624,598,136,168,1,-1,-1,-1
131,39,1701,961,152,300,1,-1,-1,-1
131,40,209,1352,404,84,1,-1,-1,-1
131,41,427,873,312,252,1,-1,-1,-1
131,44,619,285,123,178,1,-1,-1,-1
131,46,1156,625,272,144,1,-1,-1,-1
131,47,386,532,132,168,1,-1,-1,-1
131,49,703,396,224,232,1,-1,-1,-1
131,50,2285,529,144,152,1,-1,-1,-1
131,52,2053,162,507,316,1,-1,-1,-1
131,53,1773,313,192,180,1,-1,-1,-1
131,54,961,1185,192,131,1,-1,-1,-1
131,55,897,1201,256,236,1,-1,-1,-1
131,56,1661,977,208,156,1,-1,-1,-1
131,57,1206,563,244,97,1,-1,-1,-1
132,2,621,237,120,192,1,-1,-1,-1
132,5,484,363,172,128,1,-1,-1,-1
132,6,1286,239,116,192,1,-1,-1,-1
132,7,539,414,196,216,1,-1,-1,-1
132,8,707,406,236,136,1,-1,-1,-1
132,9,770,295,101,130,1,-1,-1,-1
132,11,492,285,108,120,1,-1,-1,-1
132,14,296,1139,256,244,1,-1,-1,-1
132,15,1970,807,176,176,1,-1,-1,-1
132,21,1202,402,236,196,1,-1,-1,-1
132,34,2251,502,192,184,1,-1,-1,-1
132,36,1387,841,160,196,1,-1,-1,-1
132,37,1625,601,136,168,1,-1,-1,-1
132,39,1705,968,152,300,1,-1,-1,-1
132,40,244,1353,404,84,1,-1,-1,-1
132,41,428,875,312,252,1,-1,-1,-1
132,44,618,285,123,178,1,-1,-1,-1
132,46,1166,624,272,144,1,-1,-1,-1
132,47,387,525,132,168,1,-1,-1,-1
132,49,704,395,224,232,1,-1,-1,-1
132,50,2278,525,151,160,1,-1,-1,-1
132,52,2059,163,501,316,1,-1,-1,-1
132,53,1773,316,192,180,1,-1,-1,-1
132,54,971,1185,192,131,1,-1,-1,-1
132,55,908,1202,256,236,1,-1,-1,-1
132,56,1658,986,208,156,1,-1,-1,-1
132,57,1242,568,244,97,1,-1,-1,-1
133,2,622,238,120,192,1,-1,-1,-1
133,5,485,364,172,128,1,-1,-1,-1
133,6,1285,239,116,192,1,-1,-1,-1
133,7,539,416,196,216,1,-1,-1,-1
133,8,706,408,236,136,1,-1,-1,-1
133,9,770,295,101,130,1,-1,-1,-1
133,11,493,285,108,120,1,-1,-1,-1
133,14,301,1144,256,244,1,-1,-1,-1
133,15,1977,833,176,176,1,-1,-1,-1
133,21,1203,400,236,196,1,-1,-1,-1
133,34,2249,499,192,184,1,-1,-1,-1
133,36,1385,836,160,196,1,-1,-1,-1
133,37,1624,608,143,176,1,-1,-1,-1
133,39,1702,967,152,300,1,-1,-1,-1
133,40,270,1353,404,84,1,-1,-1,-1
133,41,434,876,312,252,1,-1,-1,-1
133,44,618,285,123,178,1,-1,-1,-1
133,46,1172,624,272,144,1,-1,-1,-1
133,47,388,519,132,168,1,-1,-1,-1
133,49,702,396,224,232,1,-1,-1,-1
133,50,2275,521,151,160,1,-1,-1,-1
133,52,2068,166,492,316,1,-1,-1,-1
133,53,1772,318,192,180,1,-1,-1,-1
133,54,976,1186,192,131,1,-1,-1,-1
133,55,915,1202,256,236,1,-1,-1,-1
133,56,1651,992,208,156,1,-1,-1,-1
133,57,1284,563,256,101,1,-1,-1,-1
134,2,624,238,120,192,1,-1,-1,-1
134,5,487,366,172,128,1,-1,-1,-1
134,6,1285,239,116,192,1,-1,-1,-1
134,7,540,416,196,216,1,-1,-1,-1
134,8,705,408,236,136,1,-1,-1,-1
134,9,767,293,106,137,1,-1,-1,-1
134,11,493,284,108,120,1,-1,-1,-1
134,14,304,1149,256,244,1,-1,-1,-1
134,15,2003,856,176,176,1,-1,-1,-1
134,21,1203,398,236,196,1,-1,-1,-1
134,34,2253,503,183,175,1,-1,-1,-1
134,36,1385,831,160,196,1,-1,-1,-1
134,37,1617,619,143,176,1,-1,-1,-1
134,39,1699,965,152,300,1,-1,-1,-1
134,40,271,1351,424,88,1,-1,-1,-1
134,41,439,876,312,252,1,-1,-1,-1
134,44,618,286,123,178,1,-1,-1,-1
134,46,1173,624,259,137,1,-1,-1,-1
134,47,389,507,132,168,1,-1,-1,-1
134,49,702,396,224,232,1,-1,-1,-1
134,50,2273,519,151,160,1,-1,-1,-1
134,52,2049,166,511,332,1,-1,-1,-1
134,53,1772,319,192,180,1,-1,-1,-1
134,54,980,1185,192,131,1,-1,-1,-1
134,55,920,1203,256,236,1,-1,-1,-1
134,56,1631,996,218,164,1,-1,-1,-1
134,57,1338,559,244,97,1,-1,-1,-1
135,2,624,236,120,192,1,-1,-1,-1
135,5,488,367,172,128,1,-1,-1,-1
135,6,1285,239,116,192,1,-1,-1,-1
135,7,538,418,196,216,1,-1,-1,-1
135,8,701,409,236,136,1,-1,-1,-1
135,9,767,294,106,137,1,-1,-1,-1
135,11,493,283,108,120,1,-1,-1,-1
135,14,308,1151,256,244,1,-1,-1,-1
135,15,2016,904,185,185,1,-1,-1,-1
135,21,1205,397,236,196,1,-1,-1,-1
135,34,2251,502,183,175,1,-1,-1,-1
135,36,1385,826,160,196,1,-1,-1,-1
135,37,1604,622,143,176,1,-1,-1,-1
135,39,1691,968,152,300,1,-1,-1,-1
135,40,283,1351,424,88,1,-1,-1,-1
135,41,445,878,312,252,1,-1,-1,-1
135,44,619,285,123,178,1,-1,-1,-1
135,46,1180,619,259,137,1,-1,-1,-1
135,47,383,503,139,176,1,-1,-1,-1
135,49,694,394,235,244,1,-1,-1,-1
135,50,2273,516,151,160,1,-1,-1,-1
135,52,2042,179,518,332,1,-1,-1,-1
135,53,1771,322,192,180,1,-1,-1,-1
135,54,981,1185,192,131,1,-1,-1,-1
135,55,922,1203,256,236,1,-1,-1,-1
135,56,1614,998,218,164,1,-1,-1,-1
135,57,1345,555,232,92,1,-1,-1,-1
136,2,623,236,120,192,1,-1,-1,-1
136,5,488,368,172,128,1,-1,-1,-1
136,6,1285,239,116,192,1,-1,-1,-1
136,7,539,417,196,216,1,-1,-1,-1
136,8,697,413,236,136,1,-1,-1,-1
136,9,770,295,106,137,1,-1,-1,-1
136,11,491,284,108,120,1,-1,-1,-1
136,14,317,1152,256,244,1,-1,-1,-1
136,15,2017,966,185,185,1,-1,-1,-1
136,21,1205,397,236,196,1,-1,-1,-1
136,34,2247,503,183,175,1,-1,-1,-1
136,36,1384,827,160,196,1,-1,-1,-1
136,37,1599,625,143,176,1,-1,-1,-1
136,39,1667,976,152,300,1,-1,-1,-1
136,40,288,1351,424,88,1,-1,-1,-1
136,41,448,877,312,252,1,-1,-1,-1
136,44,618,284,123,178,1,-1,-1,-1
136,46,1180,616,259,137,1,-1,-1,-1
136,47,383,507,139,176,1,-1,-1,-1
136,49,691,398,235,244,1,-1,-1,-1
136,50,2270,519,151,160,1,-1,-1,-1
136,52,2054,192,506,332,1,-1,-1,-1
136,53,1770,321,192,180,1,-1,-1,-1
136,54,982,1186,192,131,1,-1,-1,-1
136,55,924,1204,256,236,1,-1,-1,-1
136,56,1588,998,218,164,1,-1,-1,-1
136,57,1347,555,221,88,1,-1,-1,-1
137,2,620,236,120,184,1,-1,-1,-1
137,5,452,372,208,140,1,-1,-1,-1
137,6,1284,232,120,192,1,-1,-1,-1
137,7,539,417,196,216,1,-1,-1,-1
137,8,697,413,236,136,1,-1,-1,-1
137,9,768,312,180,124,1,-1,-1,-1
137,11,491,284,108,120,1,-1,-1,-1
137,14,320,1156,304,220,1,-1,-1,-1
137,15,2017,966,185,185,1,-1,-1,-1
137,21,1205,397,236,196,1,-1,-1,-1
137,34,2247,503,183,175,1,-1,-1,-1
137,36,1392,816,144,228,1,-1,-1,-1
137,37,1599,625,143,176,1,-1,-1,-1
137,39,1667,976,152,300,1,-1,-1,-1
137,40,288,1351,424,88,1,-1,-1,-1
137,41,456,884,300,240,1,-1,-1,-1
137,44,618,284,123,178,1,-1,-1,-1
137,46,1180,616,259,137,1,-1,-1,-1
137,47,368,516,156,196,1,-1,-1,-1
137,49,691,398,235,244,1,-1,-1,-1
137,50,2270,519,151,160,1,-1,-1,-1
137,52,2200,200,356,484,1,-1,-1,-1
137,53,1770,321,192,180,1,-1,-1,-1
137,54,982,1186,192,131,1,-1,-1,-1
137,55,924,1204,256,236,1,-1,-1,-1
137,56,1572,1024,252,212,1,-1,-1,-1
137,57,1347,555,221,88,1,-1,-1,-1
137,58,1968,940,256,332,1,-1,-1,-1
137,59,1560,636,184,248,1,-1,-1,-1
137,60,1360,632,204,220,1,-1,-1,-1
137,61,4,4,524,1300,1,-1,-1,-1
138,2,619,237,120,184,1,-1,-1,-1
138,5,451,372,208,140,1,-1,-1,-1
138,6,1284,232,120,192,1,-1,-1,-1
138,7,538,416,196,216,1,-1,-1,-1
138,8,689,415,236,136,1,-1,-1,-1
138,9,770,313,180,124,1,-1,-1,-1
138,11,491,282,108,120,1,-1,-1,-1
138,14,325,1157,304,220,1,-1,-1,-1
138,15,2034,1010,185,185,1,-1,-1,-1
138,21,1205,398,236,196,1,-1,-1,-1
138,34,2251,494,183,175,1,-1,-1,-1
138,36,1391,818,144,228,1,-1,-1,-1
138,37,1598,618,150,185,1,-1,-1,-1
138,39,1644,984,152,300,1,-1,-1,-1
138,40,290,1351,424,88,1,-1,-1,-1
138,41,457,884,300,240,1,-1,-1,-1
138,44,619,284,123,178,1,-1,-1,-1
138,46,1180,614,259,137,1,-1,-1,-1
138,47,369,517,156,196,1,-1,-1,-1
138,49,685,403,235,244,1,-1,-1,-1
138,50,2283,526,151,160,1,-1,-1,-1
138,52,2212,194,348,484,1,-1,-1,-1
138,53,1770,321,192,180,1,-1,-1,-1
138,54,982,1186,192,131,1,-1,-1,-1
138,55,923,1204,256,236,1,-1,-1,-1
138,56,1560,1026,252,212,1,-1,-1,-1
138,57,1353,553,210,83,1,-1,-1,-1
138,58,1971,960,256,332,1,-1,-1,-1
138,59,1558,637,184,248,1,-1,-1,-1
138,60,1362,634,204,220,1,-1,-1,-1
138,61,3,6,524,1300,1,-1,-1,-1
139,2,618,239,120,184,1,-1,-1,-1
139,5,451,373,208,140,1,-1,-1,-1
139,6,1283,233,120,192,1,-1,-1,-1
139,7,539,416,196,216,1,-1,-1,-1
139,8,679,422,236,136,1,-1,-1,-1
139,9,780,316,180,124,1,-1,-1,-1
139,11,491,282,108,120,1,-1,-1,-1
139,14,351,1169,290,210,1,-1,-1,-1
139,15,2047,1020,185,185,1,-1,-1,-1
139,21,1206,399,236,196,1,-1,-1,-1
139,34,2261,498,183,175,1,-1,-1,-1
139,36,1388,822,144,228,1,-1,-1,-1
139,37,1604,618,150,185,1,-1,-1,-1
139,39,1618,990,152,300,1,-1,-1,-1
139,40,304,1352,404,84,1,-1,-1,-1
139,41,459,884,300,240,1,-1,-1,-1
139,44,619,285,123,178,1,-1,-1,-1
139,46,1176,607,272,144,1,-1,-1,-1
139,47,370,519,156,196,1,-1,-1,-1
139,49,676,410,235,244,1,-1,-1,-1
139,50,2282,517,151,160,1,-1,-1,-1
139,52,2208,195,352,484,1,-1,-1,-1
139,53,1770,321,192,180,1,-1,-1,-1
139,54,983,1188,192,131,1,-1,-1,-1
139,55,925,1206,256,234,1,-1,-1,-1
139,56,1536,1039,252,212,1,-1,-1,-1
139,57,1350,552,221,88,1,-1,-1,-1
139,58,1976,972,256,332,1,-1,-1,-1
139,59,1556,639,184,248,1,-1,-1,-1
139,60,1363,637,204,220,1,-1,-1,-1
139,61,2,9,524,1300,1,-1,-1,-1
140,2,618,241,120,184,1,-1,-1,-1
140,5,449,374,208,140,1,-1,-1,-1
140,6,1283,233,120,192,1,-1,-1,-1
140,7,538,416,196,216,1,-1,-1,-1
140,8,669,436,225,130,1,-1,-1,-1
140,9,799,320,180,124,1,-1,-1,-1
140,11,491,283,108,120,1,-1,-1,-1
140,14,373,1178,276,200,1,-1,-1,-1
140,15,2044,1018,194,194,1,-1,-1,-1
140,21,1206,398,236,196,1,-1,-1,-1
140,34,2262,493,183,175,1,-1,-1,-1
140,36,1384,825,144,228,1,-1,-1,-1
140,37,1605,610,157,194,1,-1,-1,-1
140,39,1599,1003,152,300,1,-1,-1,-1
140,40,297,1353,424,87,1,-1,-1,-1
140,41,459,884,300,240,1,-1,-1,-1
140,44,616,288,123,178,1,-1,-1,-1
140,46,1176,605,272,144,1,-1,-1,-1
140,47,370,520,156,196,1,-1,-1,-1
140,49,652,425,235,244,1,-1,-1,-1
140,50,2282,509,151,160,1,-1,-1,-1
140,52,2207,198,353,484,1,-1,-1,-1
140,53,1770,321,192,180,1,-1,-1,-1
140,54,988,1190,183,124,1,-1,-1,-1
140,55,925,1207,256,233,1,-1,-1,-1
140,56,1520,1059,240,202,1,-1,-1,-1
140,57,1385,530,232,92,1,-1,-1,-1
140,58,1981,975,256,332,1,-1,-1,-1
140,59,1554,640,184,248,1,-1,-1,-1
140,60,1364,637,204,220,1,-1,-1,-1
140,61,4,9,524,1300,1,-1,-1,-1
141,2,618,241,120,184,1,-1,-1,-1
141,5,445,375,208,140,1,-1,-1,-1
141,6,1283,232,120,192,1,-1,-1,-1
141,7,535,416,196,216,1,-1,-1,-1
141,8,654,448,214,123,1,-1,-1,-1
141,9,816,323,189,130,1,-1,-1,-1
141,11,490,283,108,120,1,-1,-1,-1
141,14,385,1176,276,200,1,-1,-1,-1
141,15,2043,1019,194,194,1,-1,-1,-1
141,21,1205,396,236,196,1,-1,-1,-1
141,34,2260,491,183,175,1,-1,-1,-1
141,36,1376,829,144,228,1,-1,-1,-1
141,37,1610,613,157,194,1,-1,-1,-1
141,39,1583,1036,145,286,1,-1,-1,-1
141,40,301,1358,424,82,1,-1,-1,-1
141,41,458,884,300,240,1,-1,-1,-1
141,44,615,288,123,178,1,-1,-1,-1
141,46,1178,604,272,144,1,-1,-1,-1
141,47,370,521,156,196,1,-1,-1,-1
141,49,632,440,235,244,1,-1,-1,-1
141,50,2279,506,151,160,1,-1,-1,-1
141,52,2206,204,354,484,1,-1,-1,-1
141,53,1769,321,192,180,1,-1,-1,-1
141,54,987,1190,183,124,1,-1,-1,-1
141,55,923,1207,256,233,1,-1,-1,-1
141,56,1502,1086,240,202,1,-1,-1,-1
141,57,1396,529,221,88,1,-1,-1,-1
141,58,1980,976,256,332,1,-1,-1,-1
141,59,1556,645,184,248,1,-1,-1,-1
141,60,1363,639,204,220,1,-1,-1,-1
141,61,3,7,524,1300,1,-1,-1,-1
142,2,617,240,120,184,1,-1,-1,-1
142,5,441,376,208,140,1,-1,-1,-1
142,6,1283,230,120,192,1,-1,-1,-1
142,7,532,417,196,216,1,-1,-1,-1
142,8,629,459,214,123,1,-1,-1,-1
142,9,827,324,198,137,1,-1,-1,-1
142,11,490,283,108,120,1,-1,-1,-1
142,14,392,1176,276,200,1,-1,-1,-1
142,15,2040,1019,194,194,1,-1,-1,-1
142,21,1205,392,236,196,1,-1,-1,-1
142,34,2253,502,183,175,1,-1,-1,-1
142,36,1358,830,144,228,1,-1,-1,-1
142,37,1613,613,157,194,1,-1,-1,-1
142,39,1580,1048,145,286,1,-1,-1,-1
142,40,386,1353,404,84,1,-1,-1,-1
142,41,458,884,300,240,1,-1,-1,-1
142,44,614,286,123,178,1,-1,-1,-1
142,46,1179,604,272,144,1,-1,-1,-1
142,47,370,522,156,196,1,-1,-1,-1
142,49,625,442,235,244,1,-1,-1,-1
142,50,2273,514,151,160,1,-1,-1,-1
142,52,2204,204,356,484,1,-1,-1,-1
142,53,1770,321,192,180,1,-1,-1,-1
142,54,988,1190,183,124,1,-1,-1,-1
142,55,921,1207,256,233,1,-1,-1,-1
142,56,1483,1118,240,202,1,-1,-1,-1
142,58,1978,977,256,332,1,-1,-1,-1
142,59,1559,648,184,248,1,-1,-1,-1
142,60,1366,640,204,220,1,-1,-1,-1
142,61,5,10,524,1300,1,-1,-1,-1
143,2,617,240,120,184,1,-1,-1,-1
143,5,440,377,208,140,1,-1,-1,-1
143,6,1284,230,120,192,1,-1,-1,-1
143,7,532,418,196,216,1,-1,-1,-1
143,8,630,467,214,123,1,-1,-1,-1
143,9,830,324,198,137,1,-1,-1,-1
143,11,490,283,108,120,1,-1,-1,-1
143,14,393,1177,276,200,1,-1,-1,-1
143,15,2039,1018,194,194,1,-1,-1,-1
143,21,1204,391,236,196,1,-1,-1,-1
143,34,2252,502,183,175,1,-1,-1,-1
143,36,1357,831,144,228,1,-1,-1,-1
143,37,1615,614,157,194,1,-1,-1,-1
143,39,1575,1050,145,286,1,-1,-1,-1
143,40,380,1352,404,84,1,-1,-1,-1
143,41,457,883,300,240,1,-1,-1,-1
143,44,613,287,123,178,1,-1,-1,-1
143,46,1180,604,272,144,1,-1,-1,-1
143,47,370,522,156,196,1,-1,-1,-1
143,49,622,445,235,244,1,-1,-1,-1
143,50,2275,516,151,160,1,-1,-1,-1
143,52,2212,219,339,461,1,-1,-1,-1
143,53,1770,320,192,180,1,-1,-1,-1
143,54,988,1190,183,124,1,-1,-1,-1
143,55,921,1207,256,233,1,-1,-1,-1
143,56,1480,1119,240,202,1,-1,-1,-1
143,58,1976,975,256,332,1,-1,-1,-1
143,59,1560,647,184,248,1,-1,-1,-1
143,60,1366,642,204,220,1,-1,-1,-1
143,61,6,7,524,1300,1,-1,-1,-1
144,2,618,242,120,184,1,-1,-1,-1
144,5,437,377,208,140,1,-1,-1,-1
144,6,1284,229,120,192,1,-1,-1,-1
144,7,534,418,196,216,1,-1,-1,-1
144,8,616,471,214,123,1,-1,-1,-1
144,9,840,327,198,137,1,-1,-1,-1
144,11,490,283,108,120,1,-1,-1,-1
144,14,399,1175,276,200,1,-1,-1,-1
144,15,2038,1017,194,194,1,-1,-1,-1
144,21,1204,388,236,196,1,-1,-1,-1
144,34,2248,504,183,175,1,-1,-1,-1
144,36,1338,838,144,228,1,-1,-1,-1
144,37,1620,620,157,194,1,-1,-1,-1
144,39,1564,1068,145,286,1,-1,-1,-1
144,40,381,1354,404,84,1,-1,-1,-1
144,41,457,885,300,240,1,-1,-1,-1
144,44,609,282,130,187,1,-1,-1,-1
144,46,1182,604,272,144,1,-1,-1,-1
144,47,372,522,156,196,1,-1,-1,-1
144,49,605,451,235,244,1,-1,-1,-1
144,50,2273,519,151,160,1,-1,-1,-1
144,52,2211,221,339,461,1,-1,-1,-1
144,53,1765,316,202,189,1,-1,-1,-1
144,54,989,1191,183,124,1,-1,-1,-1
144,55,920,1206,256,234,1,-1,-1,-1
144,56,1475,1127,240,202,1,-1,-1,-1
144,58,1976,974,256,332,1,-1,-1,-1
144,59,1563,650,184,248,1,-1,-1,-1
144,60,1367,641,204,220,1,-1,-1,-1
144,61,10,5,524,1300,1,-1,-1,-1
145,2,616,244,128,184,1,-1,-1,-1
145,5,437,377,208,140,1,-1,-1,-1
145,6,1284,232,120,172,1,-1,-1,-1
145,7,534,418,196,216,1,-1,-1,-1
145,8,616,471,214,123,1,-1,-1,-1
145,9,840,327,198,137,1,-1,-1,-1
145,11,490,283,108,120,1,-1,-1,-1
145,14,399,1175,276,200,1,-1,-1,-1
145,15,2038,1017,194,194,1,-1,-1,-1
145,21,1204,388,236,196,1,-1,-1,-1
145,34,2248,504,183,175,1,-1,-1,-1
145,36,1336,792,160,296,1,-1,-1,-1
145,37,1620,620,157,194,1,-1,-1,-1
145,39,1564,1068,145,286,1,-1,-1,-1
145,40,381,1354,404,84,1,-1,-1,-1
145,41,460,880,304,244,1,-1,-1,-1
145,44,609,282,130,187,1,-1,-1,-1
145,46,1182,604,272,144,1,-1,-1,-1
145,47,372,522,156,196,1,-1,-1,-1
145,49,556,452,244,228,1,-1,-1,-1
145,50,2273,519,151,160,1,-1,-1,-1
145,52,2211,221,339,461,1,-1,-1,-1
145,53,1765,316,202,189,1,-1,-1,-1
145,54,989,1191,183,124,1,-1,-1,-1
145,55,920,1206,256,234,1,-1,-1,-1
145,56,1440,1120,276,280,1,-1,-1,-1
145,58,1964,984,264,296,1,-1,-1,-1
145,59,1572,664,216,220,1,-1,-1,-1
145,60,1408,652,204,168,1,-1,-1,-1
145,61,10,5,524,1300,1,-1,-1,-1
146,2,617,244,128,184,1,-1,-1,-1
146,5,437,375,208,140,1,-1,-1,-1
146,6,1284,231,120,172,1,-1,-1,-1
146,7,528,419,196,216,1,-1,-1,-1
146,8,598,478,214,123,1,-1,-1,-1
146,9,848,327,198,137,1,-1,-1,-1
146,11,489,283,108,120,1,-1,-1,-1
146,14,407,1172,276,200,1,-1,-1,-1
146,15,2033,1011,194,194,1,-1,-1,-1
146,21,1197,386,236,196,1,-1,-1,-1
146,34,2241,500,183,175,1,-1,-1,-1
146,36,1333,791,160,296,1,-1,-1,-1
146,37,1643,627,150,185,1,-1,-1,-1
146,39,1537,1093,145,286,1,-1,-1,-1
146,40,348,1357,385,80,1,-1,-1,-1
146,41,460,880,304,244,1,-1,-1,-1
146,44,609,283,130,187,1,-1,-1,-1
146,46,1176,605,272,144,1,-1,-1,-1
146,47,371,519,156,196,1,-1,-1,-1
146,49,551,454,244,228,1,-1,-1,-1
146,50,2266,508,151,160,1,-1,-1,-1
146,52,2215,216,339,461,1,-1,-1,-1
146,53,1765,316,202,189,1,-1,-1,-1
146,54,1006,1192,183,124,1,-1,-1,-1
146,55,929,1207,256,233,1,-1,-1,-1
146,56,1434,1123,276,280,1,-1,-1,-1
146,58,1962,982,264,296,1,-1,-1,-1
146,59,1576,665,216,220,1,-1,-1,-1
146,60,1415,656,204,168,1,-1,-1,-1
146,61,0,0,547,1334,1,-1,-1,-1
147,2,618,243,128,184,1,-1,-1,-1
147,5,441,375,208,140,1,-1,-1,-1
147,6,1284,230,120,172,1,-1,-1,-1
147,7,526,421,196,216,1,-1,-1,-1
147,8,585,493,214,123,1,-1,-1,-1
147,9,865,333,189,130,1,-1,-1,-1
147,11,489,283,108,120,1,-1,-1,-1
147,14,410,1172,276,200,1,-1,-1,-1
147,15,2029,1009,194,194,1,-1,-1,-1
147,21,1196,384,236,196,1,-1,-1,-1
147,34,2237,496,183,175,1,-1,-1,-1
147,36,1333,790,160,296,1,-1,-1,-1
147,37,1655,629,150,185,1,-1,-1,-1
147,39,1520,1092,145,286,1,-1,-1,-1
147,40,354,1361,366,76,1,-1,-1,-1
147,41,460,880,304,244,1,-1,-1,-1
147,44,610,280,130,187,1,-1,-1,-1
147,46,1179,610,259,137,1,-1,-1,-1
147,47,370,517,156,196,1,-1,-1,-1
147,49,547,460,244,228,1,-1,-1,-1
147,50,2255,500,151,160,1,-1,-1,-1
147,52,2215,215,339,461,1,-1,-1,-1
147,53,1764,317,202,189,1,-1,-1,-1
147,54,1013,1192,183,124,1,-1,-1,-1
147,55,934,1206,256,234,1,-1,-1,-1
147,56,1427,1122,276,280,1,-1,-1,-1
147,58,1961,980,264,296,1,-1,-1,-1
147,59,1583,666,216,220,1,-1,-1,-1
147,60,1438,672,204,168,1,-1,-1,-1
147,61,0,0,547,1335,1,-1,-1,-1
148,2,618,243,128,184,1,-1,-1,-1
148,5,442,375,208,140,1,-1,-1,-1
148,6,1284,230,120,172,1,-1,-1,-1
148,7,528,421,196,216,1,-1,-1,-1
148,8,570,509,214,123,1,-1,-1,-1
148,9,881,338,189,130,1,-1,-1,-1
148,11,488,281,108,120,1,-1,-1,-1
148,14,417,1174,276,200,1,-1,-1,-1
148,15,2027,1007,194,194,1,-1,-1,-1
148,21,1197,381,236,196,1,-1,-1,-1
148,34,2234,492,183,175,1,-1,-1,-1
148,36,1336,785,160,296,1,-1,-1,-1
148,37,1660,623,150,185,1,-1,-1,-1
148,39,1522,1073,145,286,1,-1,-1,-1
148,40,385,1362,366,76,1,-1,-1,-1
148,41,461,880,304,244,1,-1,-1,-1
148,44,612,280,130,187,1,-1,-1,-1
148,46,1180,609,259,137,1,-1,-1,-1
148,47,370,515,156,196,1,-1,-1,-1
148,49,540,468,244,228,1,-1,-1,-1
148,50,2237,487,159,168,1,-1,-1,-1
148,52,2213,212,339,461,1,-1,-1,-1
148,53,1765,317,202,189,1,-1,-1,-1
148,54,1015,1192,183,124,1,-1,-1,-1
148,55,941,1203,256,236,1,-1,-1,-1
148,56,1425,1118,276,280,1,-1,-1,-1
148,58,1959,979,264,296,1,-1,-1,-1
148,59,1590,666,216,220,1,-1,-1,-1
148,60,1428,662,204,168,1,-1,-1,-1
148,61,0,0,544,1333,1,-1,-1,-1
149,2,618,242,128,184,1,-1,-1,-1
149,5,442,374,208,140,1,-1,-1,-1
149,6,1285,230,120,172,1,-1,-1,-1
149,7,528,421,196,216,1,-1,-1,-1
149,8,570,512,214,123,1,-1,-1,-1
149,9,881,339,189,130,1,-1,-1,-1
149,11,488,281,108,120,1,-1,-1,-1
149,14,419,1175,276,200,1,-1,-1,-1
149,15,2026,1007,194,194,1,-1,-1,-1
149,21,1197,380,236,196,1,-1,-1,-1
149,34,2231,491,183,175,1,-1,-1,-1
149,36,1338,784,160,296,1,-1,-1,-1
149,37,1660,627,150,185,1,-1,-1,-1
149,39,1518,1070,145,286,1,-1,-1,-1
149,40,381,1362,366,76,1,-1,-1,-1
149,41,460,880,304,244,1,-1,-1,-1
149,44,611,281,130,187,1,-1,-1,-1
149,46,1180,610,259,137,1,-1,-1,-1
149,47,371,515,156,196,1,-1,-1,-1
149,49,537,469,244,228,1,-1,-1,-1
149,50,2235,483,159,168,1,-1,-1,-1
149,52,2212,211,339,461,1,-1,-1,-1
149,53,1766,317,202,189,1,-1,-1,-1
149,54,1016,1192,183,124,1,-1,-1,-1
149,55,941,1202,256,236,1,-1,-1,-1
149,56,1424,1117,276,280,1,-1,-1,-1
149,58,1958,978,264,296,1,-1,-1,-1
149,59,1591,667,216,220,1,-1,-1,-1
149,60,1433,661,204,168,1,-1,-1,-1
149,61,0,0,545,1336,1,-1,-1,-1
150,2,619,242,128,184,1,-1,-1,-1
150,5,443,374,208,140,1,-1,-1,-1
150,6,1286,229,120,172,1,-1,-1,-1
150,7,529,424,196,216,1,-1,-1,-1
150,8,565,516,214,123,1,-1,-1,-1
150,9,894,342,189,130,1,-1,-1,-1
150,11,487,280,108,120,1,-1,-1,-1
150,14,419,1177,276,200,1,-1,-1,-1
150,15,2025,1006,194,194,1,-1,-1,-1
150,21,1199,381,236,196,1,-1,-1,-1
150,34,2228,488,183,175,1,-1,-1,-1
150,36,1340,780,160,296,1,-1,-1,-1
150,37,1665,626,150,185,1,-1,-1,-1
150,39,1518,1068,145,286,1,-1,-1,-1
150,41,460,881,304,244,1,-1,-1,-1
150,44,611,280,130,187,1,-1,-1,-1
150,46,1178,607,259,137,1,-1,-1,-1
150,47,370,515,156,196,1,-1,-1,-1
150,49,531,475,244,228,1,-1,-1,-1
150,50,2223,477,159,168,1,-1,-1,-1
150,52,2209,208,339,461,1,-1,-1,-1
150,53,1766,317,202,189,1,-1,-1,-1
150,54,1018,1192,183,124,1,-1,-1,-1
150,55,945,1200,256,236,1,-1,-1,-1
150,56,1424,1114,276,280,1,-1,-1,-1
150,58,1957,977,264,296,1,-1,-1,-1
150,59,1593,666,216,220,1,-1,-1,-1
150,60,1438,665,194,160,1,-1,-1,-1
150,61,0,0,547,1331,1,-1,-1,-1
151,2,619,244,128,184,1,-1,-1,-1
151,5,442,373,208,140,1,-1,-1,-1
151,6,1287,229,120,172,1,-1,-1,-1
151,7,530,424,196,216,1,-1,-1,-1
151,8,558,519,214,123,1,-1,-1,-1
151,9,901,340,189,130,1,-1,-1,-1
151,11,486,279,108,120,1,-1,-1,-1
151,14,415,1173,290,210,1,-1,-1,-1
151,15,2025,1005,194,194,1,-1,-1,-1
151,21,1201,382,236,196,1,-1,-1,-1
151,34,2198,452,183,175,1,-1,-1,-1
151,36,1343,786,160,296,1,-1,-1,-1
151,37,1668,626,150,185,1,-1,-1,-1
151,39,1514,1064,152,300,1,-1,-1,-1
151,41,461,881,304,244,1,-1,-1,-1
151,44,610,281,130,187,1,-1,-1,-1
151,46,1178,606,259,137,1,-1,-1,-1
151,47,369,515,156,196,1,-1,-1,-1
151,49,523,480,244,228,1,-1,-1,-1
151,50,2211,472,159,168,1,-1,-1,-1
151,52,2196,193,356,484,1,-1,-1,-1
151,53,1766,317,202,189,1,-1,-1,-1
151,54,1019,1192,183,124,1,-1,-1,-1
151,55,946,1200,256,236,1,-1,-1,-1
151,56,1430,1114,276,280,1,-1,-1,-1
151,58,1958,979,264,296,1,-1,-1,-1
151,59,1593,666,216,220,1,-1,-1,-1
151,60,1440,673,194,160,1,-1,-1,-1
151,61,0,0,563,1370,1,-1,-1,-1
152,2,619,246,128,184,1,-1,-1,-1
152,5,440,373,208,140,1,-1,-1,-1
152,6,1288,229,120,172,1,-1,-1,-1
152,7,531,426,196,216,1,-1,-1,-1
152,8,550,522,214,123,1,-1,-1,-1
152,9,907,339,189,130,1,-1,-1,-1
152,11,487,278,108,120,1,-1,-1,-1
152,14,421,1174,290,210,1,-1,-1,-1
152,15,2024,1005,194,194,1,-1,-1,-1
152,21,1201,383,236,196,1,-1,-1,-1
152,34,2190,450,183,175,1,-1,-1,-1
152,36,1343,789,160,296,1,-1,-1,-1
152,37,1665,624,150,185,1,-1,-1,-1
152,39,1520,1079,145,286,1,-1,-1,-1
152,41,461,882,304,244,1,-1,-1,-1
152,44,608,284,130,187,1,-1,-1,-1
152,46,1179,604,259,137,1,-1,-1,-1
152,47,369,515,156,196,1,-1,-1,-1
152,49,498,498,244,228,1,-1,-1,-1
152,50,2208,458,159,168,1,-1,-1,-1
152,52,2195,191,356,484,1,-1,-1,-1
152,53,1766,317,202,189,1,-1,-1,-1
152,54,1020,1193,183,124,1,-1,-1,-1
152,55,948,1200,256,236,1,-1,-1,-1
152,56,1434,1116,276,280,1,-1,-1,-1
152,58,1957,977,264,296,1,-1,-1,-1
152,59,1595,664,216,220,1,-1,-1,-1
152,60,1438,676,194,160,1,-1,-1,-1
152,61,0,0,546,1336,1,-1,-1,-1
153,2,619,246,128,184,1,-1,-1,-1
153,5,428,388,188,116,1,-1,-1,-1
153,6,1292,228,116,168,1,-1,-1,-1
153,7,536,428,196,160,1,-1,-1,-1
153,8,550,522,214,123,1,-1,-1,-1
153,9,907,339,189,130,1,-1,-1,-1
153,11,487,278,108,120,1,-1,-1,-1
153,14,421,1174,290,210,1,-1,-1,-1
153,15,2024,1005,194,194,1,-1,-1,-1
153,21,1201,383,236,196,1,-1,-1,-1
153,34,2168,472,188,128,1,-1,-1,-1
153,36,1336,816,168,212,1,-1,-1,-1
153,37,1665,624,150,185,1,-1,-1,-1
153,39,1520,1079,145,286,1,-1,-1,-1
153,41,461,882,304,244,1,-1,-1,-1
153,44,608,284,130,187,1,-1,-1,-1
153,46,1179,604,259,137,1,-1,-1,-1
153,47,368,520,160,188,1,-1,-1,-1
153,49,498,498,244,228,1,-1,-1,-1
153,50,2208,458,159,168,1,-1,-1,-1
153,52,2195,191,356,484,1,-1,-1,-1
153,53,1766,317,202,189,1,-1,-1,-1
153,54,1020,1193,183,124,1,-1,-1,-1
153,55,948,1200,256,236,1,-1,-1,-1
153,56,1434,1116,276,280,1,-1,-1,-1
153,58,1968,988,248,284,1,-1,-1,-1
153,59,1595,664,216,220,1,-1,-1,-1
153,60,1438,676,194,160,1,-1,-1,-1
153,61,0,0,546,1336,1,-1,-1,-1
153,62,1904,396,176,144,1,-1,-1,-1
154,2,621,244,128,184,1,-1,-1,-1
154,5,433,387,188,116,1,-1,-1,-1
154,6,1293,228,116,168,1,-1,-1,-1
154,7,535,429,196,160,1,-1,-1,-1
154,8,533,531,214,123,1,-1,-1,-1
154,9,912,338,189,130,1,-1,-1,-1
154,11,487,280,108,120,1,-1,-1,-1
154,14,430,1177,290,210,1,-1,-1,-1
154,15,2022,1002,194,194,1,-1,-1,-1
154,21,1200,385,236,196,1,-1,-1,-1
154,34,2168,474,188,128,1,-1,-1,-1
154,36,1334,816,168,212,1,-1,-1,-1
154,37,1667,619,150,185,1,-1,-1,-1
154,39,1520,1110,145,286,1,-1,-1,-1
154,41,460,881,304,244,1,-1,-1,-1
154,44,611,283,130,187,1,-1,-1,-1
154,46,1174,603,259,137,1,-1,-1,-1
154,47,368,520,160,188,1,-1,-1,-1
154,49,488,504,244,228,1,-1,-1,-1
154,50,2197,455,159,168,1,-1,-1,-1
154,52,2195,193,356,484,1,-1,-1,-1
154,53,1763,316,202,189,1,-1,-1,-1
154,54,1018,1192,183,124,1,-1,-1,-1
154,55,949,1198,256,236,1,-1,-1,-1
154,56,1440,1140,276,280,1,-1,-1,-1
154,58,1967,987,248,284,1,-1,-1,-1
154,59,1593,662,216,220,1,-1,-1,-1
154,60,1471,721,194,160,1,-1,-1,-1
154,61,0,0,548,1335,1,-1,-1,-1
154,62,1905,395,176,144,1,-1,-1,-1
155,2,621,243,128,184,1,-1,-1,-1
155,5,435,387,188,116,1,-1,-1,-1
155,6,1293,229,116,168,1,-1,-1,-1
155,7,536,430,196,160,1,-1,-1,-1
155,8,530,533,214,123,1,-1,-1,-1
155,9,912,339,189,130,1,-1,-1,-1
155,11,487,280,108,120,1,-1,-1,-1
155,14,433,1180,290,210,1,-1,-1,-1
155,15,2022,1002,194,194,1,-1,-1,-1
155,21,1200,385,236,196,1,-1,-1,-1
155,34,2169,475,188,128,1,-1,-1,-1
155,36,1335,817,168,212,1,-1,-1,-1
155,37,1667,619,150,185,1,-1,-1,-1
155,39,1521,1112,145,286,1,-1,-1,-1
155,41,459,882,304,244,1,-1,-1,-1
155,44,612,282,130,187,1,-1,-1,-1
155,46,1176,604,259,137,1,-1,-1,-1
155,47,369,521,160,188,1,-1,-1,-1
155,49,485,507,244,228,1,-1,-1,-1
155,50,2193,454,159,168,1,-1,-1,-1
155,53,1762,317,202,189,1,-1,-1,-1
155,54,1018,1192,183,124,1,-1,-1,-1
155,55,949,1198,256,236,1,-1,-1,-1
155,56,1441,1138,276,280,1,-1,-1,-1
155,58,1967,986,248,284,1,-1,-1,-1
155,59,1597,662,216,220,1,-1,-1,-1
155,60,1483,726,185,152,1,-1,-1,-1
155,61,0,0,543,1337,1,-1,-1,-1
155,62,1905,395,176,144,1,-1,-1,-1
156,2,621,242,128,184,1,-1,-1,-1
156,5,441,388,188,116,1,-1,-1,-1
156,6,1296,229,116,168,1,-1,-1,-1
156,7,536,431,196,160,1,-1,-1,-1
156,8,517,535,225,130,1,-1,-1,-1
156,9,917,339,189,130,1,-1,-1,-1
156,11,486,280,108,120,1,-1,-1,-1
156,14,439,1182,290,210,1,-1,-1,-1
156,15,2021,1000,194,194,1,-1,-1,-1
156,21,1200,384,236,196,1,-1,-1,-1
156,34,2171,478,188,128,1,-1,-1,-1
156,36,1333,819,168,212,1,-1,-1,-1
156,37,1668,619,150,185,1,-1,-1,-1
156,39,1503,1122,152,300,1,-1,-1,-1
156,41,460,882,304,244,1,-1,-1,-1
156,44,613,281,130,187,1,-1,-1,-1
156,46,1177,605,259,137,1,-1,-1,-1
156,47,368,521,160,188,1,-1,-1,-1
156,49,476,514,244,228,1,-1,-1,-1
156,50,2190,463,159,168,1,-1,-1,-1
156,53,1761,316,202,189,1,-1,-1,-1
156,54,1016,1194,183,124,1,-1,-1,-1
156,55,948,1198,256,236,1,-1,-1,-1
156,56,1443,1149,276,280,1,-1,-1,-1
156,58,1966,985,248,284,1,-1,-1,-1
156,59,1597,659,216,220,1,-1,-1,-1
156,60,1499,747,176,145,1,-1,-1,-1
156,61,8,2,524,1300,1,-1,-1,-1
156,62,1905,395,176,144,1,-1,-1,-1
157,2,621,241,128,184,1,-1,-1,-1
157,5,446,389,188,116,1,-1,-1,-1
157,6,1300,229,116,168,1,-1,-1,-1
157,7,536,432,196,160,1,-1,-1,-1
157,8,487,553,236,136,1,-1,-1,-1
157,9,918,340,189,130,1,-1,-1,-1
157,11,486,282,108,120,1,-1,-1,-1
157,14,465,1200,290,210,1,-1,-1,-1
157,15,2018,997,194,194,1,-1,-1,-1
157,21,1200,381,236,196,1,-1,-1,-1
157,34,2173,482,188,128,1,-1,-1,-1
157,36,1340,824,168,212,1,-1,-1,-1
157,37,1676,618,150,185,1,-1,-1,-1
157,39,1490,1150,152,290,1,-1,-1,-1
157,41,460,881,304,244,1,-1,-1,-1
157,44,616,279,130,187,1,-1,-1,-1
157,46,1177,604,259,137,1,-1,-1,-1
157,47,366,523,160,188,1,-1,-1,-1
157,49,454,531,244,228,1,-1,-1,-1
157,50,2202,462,151,160,1,-1,-1,-1
157,53,1761,316,202,189,1,-1,-1,-1
157,54,1015,1195,183,124,1,-1,-1,-1
157,55,944,1197,256,236,1,-1,-1,-1
157,56,1428,1175,276,265,1,-1,-1,-1
157,58,1965,984,248,284,1,-1,-1,-1
157,59,1599,658,216,220,1,-1,-1,-1
157,60,1502,751,176,145,1,-1,-1,-1
157,61,4,4,524,1300,1,-1,-1,-1
157,62,1905,395,176,144,1,-1,-1,-1
158,2,620,243,128,184,1,-1,-1,-1
158,5,451,391,188,116,1,-1,-1,-1
158,6,1301,229,116,168,1,-1,-1,-1
158,7,532,432,196,160,1,-1,-1,-1
158,8,454,566,248,143,1,-1,-1,-1
158,9,918,342,189,130,1,-1,-1,-1
158,11,486,283,108,120,1,-1,-1,-1
158,14,467,1196,304,220,1,-1,-1,-1
158,15,2016,998,194,194,1,-1,-1,-1
158,21,1200,378,236,196,1,-1,-1,-1
158,34,2175,483,188,128,1,-1,-1,-1
158,36,1348,826,168,212,1,-1,-1,-1
158,37,1685,620,143,176,1,-1,-1,-1
158,39,1470,1195,152,245,1,-1,-1,-1
158,41,459,882,304,244,1,-1,-1,-1
158,44,612,281,130,187,1,-1,-1,-1
158,46,1177,602,259,137,1,-1,-1,-1
158,47,365,523,160,188,1,-1,-1,-1
158,49,439,540,244,228,1,-1,-1,-1
158,50,2202,460,151,160,1,-1,-1,-1
158,53,1761,317,202,189,1,-1,-1,-1
158,54,1009,1195,183,124,1,-1,-1,-1
158,55,937,1194,256,236,1,-1,-1,-1
158,56,1429,1164,276,276,1,-1,-1,-1
158,58,1965,985,248,284,1,-1,-1,-1
158,59,1602,658,216,220,1,-1,-1,-1
158,61,3,0,524,1299,1,-1,-1,-1
158,62,1905,394,176,144,1,-1,-1,-1
159,2,621,246,128,184,1,-1,-1,-1
159,5,454,393,188,116,1,-1,-1,-1
159,6,1302,222,116,168,1,-1,-1,-1
159,7,530,431,196,160,1,-1,-1,-1
159,8,454,569,236,136,1,-1,-1,-1
159,9,924,342,189,130,1,-1,-1,-1
159,11,486,283,108,120,1,-1,-1,-1
159,14,464,1195,319,231,1,-1,-1,-1
159,15,2017,998,194,194,1,-1,-1,-1
159,21,1199,371,236,196,1,-1,-1,-1
159,34,2175,483,188,128,1,-1,-1,-1
159,36,1354,826,168,212,1,-1,-1,-1
159,37,1696,612,143,176,1,-1,-1,-1
159,39,1463,1204,152,236,1,-1,-1,-1
159,41,460,882,304,244,1,-1,-1,-1
159,44,610,283,130,187,1,-1,-1,-1
159,46,1177,602,259,137,1,-1,-1,-1
159,47,364,523,160,188,1,-1,-1,-1
159,49,428,542,244,228,1,-1,-1,-1
159,50,2196,469,151,160,1,-1,-1,-1
159,53,1763,318,202,189,1,-1,-1,-1
159,54,1004,1194,183,124,1,-1,-1,-1
159,55,932,1193,256,236,1,-1,-1,-1
159,56,1428,1187,276,253,1,-1,-1,-1
159,58,1966,984,248,284,1,-1,-1,-1
159,59,1612,657,216,220,1,-1,-1,-1
159,61,5,0,524,1292,1,-1,-1,-1
159,62,1905,394,176,144,1,-1,-1,-1
160,2,620,245,128,184,1,-1,-1,-1
160,5,457,393,188,116,1,-1,-1,-1
160,6,1309,221,116,168,1,-1,-1,-1
160,7,529,430,196,160,1,-1,-1,-1
160,8,448,569,236,136,1,-1,-1,-1
160,9,928,346,189,130,1,-1,-1,-1
160,11,487,284,108,120,1,-1,-1,-1
160,14,470,1200,319,231,1,-1,-1,-1
160,15,2016,998,194,194,1,-1,-1,-1
160,21,1193,366,248,206,1,-1,-1,-1
160,34,2174,484,188,128,1,-1,-1,-1
160,36,1355,821,168,212,1,-1,-1,-1
160,37,1706,608,143,176,1,-1,-1,-1
160,39,1459,1205,152,235,1,-1,-1,-1
160,41,459,884,304,244,1,-1,-1,-1
160,44,610,283,130,187,1,-1,-1,-1
160,46,1178,601,259,137,1,-1,-1,-1
160,47,361,522,160,188,1,-1,-1,-1
160,49,420,543,244,228,1,-1,-1,-1
160,50,2201,470,151,160,1,-1,-1,-1
160,53,1764,320,202,189,1,-1,-1,-1
160,54,1002,1197,183,124,1,-1,-1,-1
160,55,925,1192,256,236,1,-1,-1,-1
160,56,1412,1187,263,253,1,-1,-1,-1
160,58,1965,985,248,284,1,-1,-1,-1
160,59,1611,651,227,231,1,-1,-1,-1
160,61,12,28,499,1238,1,-1,-1,-1
160,62,1906,395,176,144,1,-1,-1,-1
161,2,616,240,124,184,1,-1,-1,-1
161,5,457,393,188,116,1,-1,-1,-1
161,6,1309,221,116,168,1,-1,-1,-1
161,7,529,430,196,160,1,-1,-1,-1
161,8,448,569,236,136,1,-1,-1,-1
161,9,928,346,189,130,1,-1,-1,-1
161,11,487,284,108,120,1,-1,-1,-1
161,14,468,1220,288,216,1,-1,-1,-1
161,15,2016,998,194,194,1,-1,-1,-1
161,21,1193,366,248,206,1,-1,-1,-1
161,34,2174,484,188,128,1,-1,-1,-1
161,36,1355,821,168,212,1,-1,-1,-1
161,37,1706,608,143,176,1,-1,-1,-1
161,39,1459,1205,152,235,1,-1,-1,-1
161,41,456,884,300,240,1,-1,-1,-1
161,46,1178,601,259,137,1,-1,-1,-1
161,47,361,522,160,188,1,-1,-1,-1
161,49,420,543,244,228,1,-1,-1,-1
161,50,2201,470,151,160,1,-1,-1,-1
161,53,1764,320,202,189,1,-1,-1,-1
161,54,1002,1197,183,124,1,-1,-1,-1
161,55,925,1192,256,236,1,-1,-1,-1
161,56,1412,1187,263,253,1,-1,-1,-1
161,58,1968,984,236,284,1,-1,-1,-1
161,59,1611,651,227,231,1,-1,-1,-1
161,61,12,28,499,1238,1,-1,-1,-1
161,62,1906,395,176,144,1,-1,-1,-1
162,2,616,239,124,184,1,-1,-1,-1
162,5,447,390,188,116,1,-1,-1,-1
162,6,1319,214,116,168,1,-1,-1,-1
162,7,529,427,196,160,1,-1,-1,-1
162,8,442,570,236,136,1,-1,-1,-1
162,9,931,349,189,130,1,-1,-1,-1
162,11,486,285,108,120,1,-1,-1,-1
162,14,469,1222,288,216,1,-1,-1,-1
162,15,2015,997,194,194,1,-1,-1,-1
162,21,1192,367,248,206,1,-1,-1,-1
162,34,2174,485,188,128,1,-1,-1,-1
162,36,1358,830,168,212,1,-1,-1,-1
162,37,1710,608,143,176,1,-1,-1,-1
162,39,1451,1204,152,236,1,-1,-1,-1
162,41,456,884,300,240,1,-1,-1,-1
162,46,1182,598,259,137,1,-1,-1,-1
162,47,361,521,160,188,1,-1,-1,-1
162,49,417,544,244,228,1,-1,-1,-1
162,50,2200,470,151,160,1,-1,-1,-1
162,53,1764,319,202,189,1,-1,-1,-1
162,54,1000,1197,183,124,1,-1,-1,-1
162,55,917,1193,256,236,1,-1,-1,-1
162,56,1394,1225,250,215,1,-1,-1,-1
162,58,1967,984,236,284,1,-1,-1,-1
162,59,1613,647,227,231,1,-1,-1,-1
162,61,0,0,521,1295,1,-1,-1,-1
162,62,1907,395,176,144,1,-1,-1,-1
163,2,617,237,124,184,1,-1,-1,-1
163,5,435,385,188,116,1,-1,-1,-1
163,6,1340,218,110,160,1,-1,-1,-1
163,7,530,426,196,160,1,-1,-1,-1
163,8,433,569,248,143,1,-1,-1,-1
163,9,936,354,189,130,1,-1,-1,-1
163,11,486,285,108,120,1,-1,-1,-1
163,14,470,1225,288,215,1,-1,-1,-1
163,15,2015,997,194,194,1,-1,-1,-1
163,21,1196,368,248,206,1,-1,-1,-1
163,34,2175,487,188,128,1,-1,-1,-1
163,36,1356,827,176,223,1,-1,-1,-1
163,37,1714,607,143,176,1,-1,-1,-1
163,39,1427,1242,152,198,1,-1,-1,-1
163,41,457,885,300,240,1,-1,-1,-1
163,46,1189,601,247,131,1,-1,-1,-1
163,47,361,520,160,188,1,-1,-1,-1
163,49,416,547,244,228,1,-1,-1,-1
163,50,2199,473,151,160,1,-1,-1,-1
163,53,1764,320,202,189,1,-1,-1,-1
163,54,999,1197,183,124,1,-1,-1,-1
163,55,913,1193,256,236,1,-1,-1,-1
163,56,1400,1224,238,216,1,-1,-1,-1
163,58,1967,983,236,284,1,-1,-1,-1
163,59,1628,642,227,231,1,-1,-1,-1
163,61,0,0,524,1298,1,-1,-1,-1
163,62,1908,395,176,144,1,-1,-1,-1
164,2,617,237,124,184,1,-1,-1,-1
164,5,433,382,197,122,1,-1,-1,-1
164,6,1359,219,110,160,1,-1,-1,-1
164,7,532,424,196,160,1,-1,-1,-1
164,8,431,571,248,143,1,-1,-1,-1
164,9,943,358,189,130,1,-1,-1,-1
164,11,486,286,108,120,1,-1,-1,-1
164,14,471,1225,288,215,1,-1,-1,-1
164,15,2014,997,194,194,1,-1,-1,-1
164,21,1196,365,248,206,1,-1,-1,-1
164,34,2176,487,188,128,1,-1,-1,-1
164,36,1357,837,176,223,1,-1,-1,-1
164,37,1726,608,143,176,1,-1,-1,-1
164,39,1423,1258,160,182,1,-1,-1,-1
164,41,457,885,300,240,1,-1,-1,-1
164,46,1192,605,247,131,1,-1,-1,-1
164,47,362,520,160,188,1,-1,-1,-1
164,49,408,550,244,228,1,-1,-1,-1
164,53,1764,319,202,189,1,-1,-1,-1
164,54,998,1197,183,124,1,-1,-1,-1
164,55,914,1194,256,236,1,-1,-1,-1
164,56,1408,1250,227,190,1,-1,-1,-1
164,58,1967,983,236,284,1,-1,-1,-1
164,59,1640,649,227,231,1,-1,-1,-1
164,61,1,2,524,1300,1,-1,-1,-1
164,62,1909,395,176,144,1,-1,-1,-1
165,2,617,237,124,184,1,-1,-1,-1
165,5,435,383,197,122,1,-1,-1,-1
165,6,1374,216,110,160,1,-1,-1,-1
165,7,533,424,196,160,1,-1,-1,-1
165,8,412,593,248,143,1,-1,-1,-1
165,9,949,361,189,130,1,-1,-1,-1
165,11,486,286,108,120,1,-1,-1,-1
165,14,472,1227,288,213,1,-1,-1,-1
165,15,2018,999,185,185,1,-1,-1,-1
165,21,1195,365,248,206,1,-1,-1,-1
165,34,2176,486,188,128,1,-1,-1,-1
165,36,1359,841,176,223,1,-1,-1,-1
165,37,1743,618,143,176,1,-1,-1,-1
165,39,1423,1283,160,157,1,-1,-1,-1
165,41,457,885,300,240,1,-1,-1,-1
165,46,1192,607,247,131,1,-1,-1,-1
165,47,363,520,160,188,1,-1,-1,-1
165,49,408,555,244,228,1,-1,-1,-1
165,53,1765,319,202,189,1,-1,-1,-1
165,54,999,1197,183,124,1,-1,-1,-1
165,55,913,1196,256,236,1,-1,-1,-1
165,56,1416,1264,227,176,1,-1,-1,-1
165,58,1966,983,236,284,1,-1,-1,-1
165,59,1649,649,238,243,1,-1,-1,-1
165,61,3,3,524,1300,1,-1,-1,-1
165,62,1911,395,176,144,1,-1,-1,-1
166,2,617,239,124,184,1,-1,-1,-1
166,5,436,382,197,122,1,-1,-1,-1
166,6,1393,214,110,160,1,-1,-1,-1
166,7,534,423,196,160,1,-1,-1,-1
166,8,425,600,236,136,1,-1,-1,-1
166,9,952,363,189,130,1,-1,-1,-1
166,11,486,286,108,120,1,-1,-1,-1
166,14,474,1229,288,211,1,-1,-1,-1
166,15,2018,1000,185,185,1,-1,-1,-1
166,21,1194,361,248,206,1,-1,-1,-1
166,34,2178,487,188,128,1,-1,-1,-1
166,36,1363,843,176,223,1,-1,-1,-1
166,37,1777,624,136,168,1,-1,-1,-1
166,39,1428,1308,160,132,1,-1,-1,-1
166,41,458,885,300,240,1,-1,-1,-1
166,46,1197,608,247,131,1,-1,-1,-1
166,47,363,520,160,188,1,-1,-1,-1
166,49,412,562,232,217,1,-1,-1,-1
166,53,1765,318,202,189,1,-1,-1,-1
166,54,999,1198,183,124,1,-1,-1,-1
166,55,914,1199,256,236,1,-1,-1,-1
166,56,1402,1167,238,242,1,-1,-1,-1
166,58,1967,982,236,284,1,-1,-1,-1
166,59,1657,664,238,243,1,-1,-1,-1
166,61,3,6,524,1300,1,-1,-1,-1
166,62,1913,394,176,144,1,-1,-1,-1
167,2,617,240,124,184,1,-1,-1,-1
167,5,435,383,197,122,1,-1,-1,-1
167,6,1396,214,110,160,1,-1,-1,-1
167,7,534,421,196,160,1,-1,-1,-1
167,8,430,600,225,130,1,-1,-1,-1
167,9,955,364,189,130,1,-1,-1,-1
167,11,486,285,108,120,1,-1,-1,-1
167,14,476,1229,288,211,1,-1,-1,-1
167,15,2017,999,185,185,1,-1,-1,-1
167,21,1193,363,248,206,1,-1,-1,-1
167,34,2178,486,188,128,1,-1,-1,-1
167,37,1780,623,136,168,1,-1,-1,-1
167,39,1431,1306,160,134,1,-1,-1,-1
167,41,459,884,300,240,1,-1,-1,-1
167,46,1198,610,247,131,1,-1,-1,-1
167,47,363,520,160,188,1,-1,-1,-1
167,49,411,561,232,217,1,-1,-1,-1
167,53,1765,319,202,189,1,-1,-1,-1
167,54,999,1198,183,124,1,-1,-1,-1
167,55,913,1198,256,236,1,-1,-1,-1
167,58,1967,982,236,284,1,-1,-1,-1
167,59,1664,664,238,243,1,-1,-1,-1
167,61,0,10,524,1300,1,-1,-1,-1
167,62,1913,394,176,144,1,-1,-1,-1
168,2,616,239,124,184,1,-1,-1,-1
168,5,435,380,197,122,1,-1,-1,-1
168,6,1405,215,110,160,1,-1,-1,-1
168,7,535,422,196,160,1,-1,-1,-1
168,8,433,599,225,130,1,-1,-1,-1
168,9,955,364,189,130,1,-1,-1,-1
168,11,487,284,108,120,1,-1,-1,-1
168,14,477,1226,288,214,1,-1,-1,-1
168,15,2017,999,185,185,1,-1,-1,-1
168,21,1193,364,248,206,1,-1,-1,-1
168,34,2183,485,188,128,1,-1,-1,-1
168,37,1800,625,136,168,1,-1,-1,-1
168,39,1429,1319,168,121,1,-1,-1,-1
168,41,460,884,300,240,1,-1,-1,-1
168,46,1200,611,247,131,1,-1,-1,-1
168,47,363,520,160,188,1,-1,-1,-1
168,49,412,567,232,217,1,-1,-1,-1
168,53,1766,317,202,189,1,-1,-1,-1
168,54,995,1198,192,131,1,-1,-1,-1
168,55,914,1201,256,236,1,-1,-1,-1
168,58,1966,983,236,284,1,-1,-1,-1
168,59,1675,666,238,243,1,-1,-1,-1
168,61,0,7,521,1300,1,-1,-1,-1
168,62,1917,391,176,144,1,-1,-1,-1
169,2,612,244,124,184,1,-1,-1,-1
169,5,428,380,224,120,1,-1,-1,-1
169,6,1405,215,110,160,1,-1,-1,-1
169,7,536,420,196,204,1,-1,-1,-1
169,8,433,599,225,130,1,-1,-1,-1
169,9,955,364,189,130,1,-1,-1,-1
169,11,487,284,108,120,1,-1,-1,-1
169,14,528,1216,228,220,1,-1,-1,-1
169,15,2017,999,185,185,1,-1,-1,-1
169,21,1193,364,248,206,1,-1,-1,-1
169,34,2183,485,188,128,1,-1,-1,-1
169,37,1800,625,136,168,1,-1,-1,-1
169,39,1429,1319,168,121,1,-1,-1,-1
169,41,460,888,296,236,1,-1,-1,-1
169,46,1200,611,247,131,1,-1,-1,-1
169,47,376,516,148,176,1,-1,-1,-1
169,49,448,580,196,288,1,-1,-1,-1
169,53,1766,317,202,189,1,-1,-1,-1
169,54,995,1198,192,131,1,-1,-1,-1
169,55,914,1201,256,236,1,-1,-1,-1
169,58,1968,980,236,292,1,-1,-1,-1
169,59,1688,640,264,260,1,-1,-1,-1
169,61,0,7,521,1300,1,-1,-1,-1
169,62,1917,391,176,144,1,-1,-1,-1
169,63,2200,476,148,224,1,-1,-1,-1
169,64,1448,856,216,304,1,-1,-1,-1
169,65,1584,824,240,240,1,-1,-1,-1
169,66,1172,684,260,200,1,-1,-1,-1
170,2,612,244,124,184,1,-1,-1,-1
170,5,429,379,224,120,1,-1,-1,-1
170,7,538,421,196,204,1,-1,-1,-1
170,8,437,608,225,130,1,-1,-1,-1
170,9,957,368,189,130,1,-1,-1,-1
170,11,487,283,108,120,1,-1,-1,-1
170,14,533,1222,228,218,1,-1,-1,-1
170,15,2018,1000,185,185,1,-1,-1,-1
170,21,1192,361,248,206,1,-1,-1,-1
170,34,2201,492,179,122,1,-1,-1,-1
170,37,1818,625,136,168,1,-1,-1,-1
170,39,1425,1322,168,118,1,-1,-1,-1
170,41,460,887,296,236,1,-1,-1,-1
170,46,1205,617,247,131,1,-1,-1,-1
170,47,377,517,148,176,1,-1,-1,-1
170,49,450,587,196,288,1,-1,-1,-1
170,53,1768,316,202,189,1,-1,-1,-1
170,54,995,1199,192,131,1,-1,-1,-1
170,55,913,1206,256,234,1,-1,-1,-1
170,58,1968,980,236,292,1,-1,-1,-1
170,59,1691,641,264,260,1,-1,-1,-1
170,61,0,3,519,1300,1,-1,-1,-1
170,62,1920,384,185,151,1,-1,-1,-1
170,63,2200,478,148,224,1,-1,-1,-1
170,64,1447,859,216,304,1,-1,-1,-1
170,65,1587,831,240,240,1,-1,-1,-1
170,66,1176,685,260,200,1,-1,-1,-1
171,2,615,245,124,184,1,-1,-1,-1
171,5,430,379,224,120,1,-1,-1,-1
171,7,539,422,196,204,1,-1,-1,-1
171,8,442,615,214,123,1,-1,-1,-1
171,9,959,371,189,130,1,-1,-1,-1
171,11,488,282,108,120,1,-1,-1,-1
171,14,555,1236,228,204,1,-1,-1,-1
171,15,2019,1002,185,185,1,-1,-1,-1
171,21,1190,359,248,206,1,-1,-1,-1
171,34,2208,498,171,116,1,-1,-1,-1
171,37,1821,624,136,168,1,-1,-1,-1
171,39,1426,1338,168,102,1,-1,-1,-1
171,41,461,887,296,236,1,-1,-1,-1
171,46,1211,618,247,131,1,-1,-1,-1
171,47,378,518,148,176,1,-1,-1,-1
171,49,452,593,196,288,1,-1,-1,-1
171,53,1765,314,202,189,1,-1,-1,-1
171,54,995,1200,192,131,1,-1,-1,-1
171,55,914,1207,256,233,1,-1,-1,-1
171,58,1969,982,236,292,1,-1,-1,-1
171,59,1695,642,264,260,1,-1,-1,-1
171,61,0,0,518,1300,1,-1,-1,-1
171,62,1915,385,185,151,1,-1,-1,-1
171,63,2201,485,148,224,1,-1,-1,-1
171,64,1447,865,216,304,1,-1,-1,-1
171,65,1590,839,240,240,1,-1,-1,-1
171,66,1176,688,260,200,1,-1,-1,-1
172,2,616,245,124,184,1,-1,-1,-1
172,5,430,379,224,120,1,-1,-1,-1
172,7,542,423,196,204,1,-1,-1,-1
172,8,442,620,214,123,1,-1,-1,-1
172,9,961,373,189,130,1,-1,-1,-1
172,11,490,282,108,120,1,-1,-1,-1
172,14,585,1254,228,186,1,-1,-1,-1
172,15,2019,1002,185,185,1,-1,-1,-1
172,21,1190,358,248,206,1,-1,-1,-1
172,34,2205,502,171,116,1,-1,-1,-1
172,37,1822,625,136,168,1,-1,-1,-1
172,39,1429,1349,168,91,1,-1,-1,-1
172,41,461,887,296,236,1,-1,-1,-1
172,46,1214,618,247,131,1,-1,-1,-1
172,47,380,519,148,176,1,-1,-1,-1
172,49,455,595,196,288,1,-1,-1,-1
172,53,1763,313,202,189,1,-1,-1,-1
172,54,995,1200,192,131,1,-1,-1,-1
172,55,913,1208,256,232,1,-1,-1,-1
172,58,1970,981,236,292,1,-1,-1,-1
172,59,1704,648,251,248,1,-1,-1,-1
172,61,0,10,520,1300,1,-1,-1,-1
172,62,1907,381,185,151,1,-1,-1,-1
172,63,2198,497,148,224,1,-1,-1,-1
172,64,1445,868,216,304,1,-1,-1,-1
172,65,1593,845,240,240,1,-1,-1,-1
172,66,1172,685,273,210,1,-1,-1,-1
173,2,616,245,124,184,1,-1,-1,-1
173,5,431,379,224,120,1,-1,-1,-1
173,7,541,423,196,204,1,-1,-1,-1
173,8,443,623,214,123,1,-1,-1,-1
173,9,961,373,189,130,1,-1,-1,-1
173,11,490,281,108,120,1,-1,-1,-1
173,14,585,1258,228,182,1,-1,-1,-1
173,15,2019,1001,185,185,1,-1,-1,-1
173,21,1191,357,248,206,1,-1,-1,-1
173,34,2204,504,171,116,1,-1,-1,-1
173,37,1823,625,136,168,1,-1,-1,-1
173,39,1428,1348,168,92,1,-1,-1,-1
173,41,460,888,296,236,1,-1,-1,-1
173,46,1215,618,247,131,1,-1,-1,-1
173,47,380,519,148,176,1,-1,-1,-1
173,49,456,597,196,288,1,-1,-1,-1
173,53,1763,313,202,189,1,-1,-1,-1
173,54,995,1200,192,131,1,-1,-1,-1
173,55,914,1207,256,233,1,-1,-1,-1
173,58,1969,981,236,292,1,-1,-1,-1
173,59,1705,648,251,248,1,-1,-1,-1
173,61,0,10,515,1300,1,-1,-1,-1
173,62,1906,381,185,151,1,-1,-1,-1
173,63,2197,498,148,224,1,-1,-1,-1
173,64,1445,869,216,304,1,-1,-1,-1
173,65,1596,847,240,240,1,-1,-1,-1
173,66,1173,686,273,210,1,-1,-1,-1
174,2,616,243,124,184,1,-1,-1,-1
174,5,431,379,224,120,1,-1,-1,-1
174,7,541,424,196,204,1,-1,-1,-1
174,8,450,628,204,117,1,-1,-1,-1
174,9,963,374,189,130,1,-1,-1,-1
174,11,490,279,108,120,1,-1,-1,-1
174,14,600,1273,228,167,1,-1,-1,-1
174,15,2020,1003,185,185,1,-1,-1,-1
174,21,1186,357,248,206,1,-1,-1,-1
174,34,2201,506,171,116,1,-1,-1,-1
174,37,1823,622,136,168,1,-1,-1,-1
174,39,1425,1352,168,88,1,-1,-1,-1
174,41,461,888,296,236,1,-1,-1,-1
174,46,1219,619,247,131,1,-1,-1,-1
174,47,381,519,148,176,1,-1,-1,-1
174,49,457,601,196,288,1,-1,-1,-1
174,53,1763,312,202,189,1,-1,-1,-1
174,54,996,1200,192,131,1,-1,-1,-1
174,55,914,1207,256,233,1,-1,-1,-1
174,58,1971,982,236,292,1,-1,-1,-1
174,59,1705,649,251,248,1,-1,-1,-1
174,61,0,0,522,1349,1,-1,-1,-1
174,62,1894,383,185,151,1,-1,-1,-1
174,63,2192,496,155,235,1,-1,-1,-1
174,64,1448,878,206,290,1,-1,-1,-1
174,65,1593,845,252,252,1,-1,-1,-1
174,66,1180,689,260,200,1,-1,-1,-1
175,2,617,242,124,184,1,-1,-1,-1
175,5,432,381,224,120,1,-1,-1,-1
175,7,542,424,196,204,1,-1,-1,-1
175,8,449,629,204,117,1,-1,-1,-1
175,9,965,375,189,130,1,-1,-1,-1
175,11,491,274,108,120,1,-1,-1,-1
175,14,613,1295,217,145,1,-1,-1,-1
175,15,2017,1001,194,194,1,-1,-1,-1
175,21,1183,353,248,206,1,-1,-1,-1
175,34,2200,508,171,116,1,-1,-1,-1
175,37,1825,622,136,168,1,-1,-1,-1
175,41,461,887,296,236,1,-1,-1,-1
175,46,1222,615,247,131,1,-1,-1,-1
175,47,382,519,148,176,1,-1,-1,-1
175,49,458,601,196,288,1,-1,-1,-1
175,53,1761,312,202,189,1,-1,-1,-1
175,54,996,1200,192,131,1,-1,-1,-1
175,55,913,1207,256,233,1,-1,-1,-1
175,58,1971,981,236,292,1,-1,-1,-1
175,59,1708,646,251,248,1,-1,-1,-1
175,61,0,0,535,1391,1,-1,-1,-1
175,62,1887,389,185,151,1,-1,-1,-1
175,63,2192,502,155,235,1,-1,-1,-1
175,64,1446,879,206,290,1,-1,-1,-1
175,65,1589,840,265,265,1,-1,-1,-1
175,66,1175,682,273,210,1,-1,-1,-1
176,2,619,242,124,184,1,-1,-1,-1
176,5,434,380,224,120,1,-1,-1,-1
176,7,542,424,196,204,1,-1,-1,-1
176,8,451,630,204,117,1,-1,-1,-1
176,9,961,375,198,137,1,-1,-1,-1
176,11,491,268,108,120,1,-1,-1,-1
176,14,615,1299,217,141,1,-1,-1,-1
176,15,2019,1001,194,194,1,-1,-1,-1
176,21,1181,348,248,206,1,-1,-1,-1
176,34,2200,515,171,116,1,-1,-1,-1
176,37,1825,622,136,168,1,-1,-1,-1
176,41,460,887,296,236,1,-1,-1,-1
176,46,1226,612,247,131,1,-1,-1,-1
176,47,383,518,148,176,1,-1,-1,-1
176,49,464,610,187,274,1,-1,-1,-1
176,53,1761,313,202,189,1,-1,-1,-1
176,54,990,1202,192,131,1,-1,-1,-1
176,55,911,1206,256,234,1,-1,-1,-1
176,58,1970,981,236,292,1,-1,-1,-1
176,59,1712,644,251,248,1,-1,-1,-1
176,61,0,0,526,1348,1,-1,-1,-1
176,62,1886,390,185,151,1,-1,-1,-1
176,63,2193,509,155,235,1,-1,-1,-1
176,64,1440,874,216,304,1,-1,-1,-1
176,65,1616,868,265,265,1,-1,-1,-1
176,66,1180,678,273,210,1,-1,-1,-1
177,2,619,242,124,184,1,-1,-1,-1
177,5,420,380,248,128,1,-1,-1,-1
177,7,536,432,216,184,1,-1,-1,-1
177,8,451,630,204,117,1,-1,-1,-1
177,9,961,375,198,137,1,-1,-1,-1
177,11,484,268,148,120,1,-1,-1,-1
177,14,615,1299,217,141,1,-1,-1,-1
177,15,2019,1001,194,194,1,-1,-1,-1
177,21,1181,348,248,206,1,-1,-1,-1
177,34,2200,515,171,116,1,-1,-1,-1
177,37,1825,622,136,168,1,-1,-1,-1
177,41,456,888,300,232,1,-1,-1,-1
177,46,1226,612,247,131,1,-1,-1,-1
177,47,380,512,148,196,1,-1,-1,-1
177,49,468,604,168,272,1,-1,-1,-1
177,53,1761,313,202,189,1,-1,-1,-1
177,54,990,1202,192,131,1,-1,-1,-1
177,55,904,1212,324,228,1,-1,-1,-1
177,58,1964,984,236,292,1,-1,-1,-1
177,59,1728,640,244,260,1,-1,-1,-1
177,61,0,0,526,1348,1,-1,-1,-1
177,62,1840,384,220,172,1,-1,-1,-1
177,63,2196,524,128,200,1,-1,-1,-1
177,64,1456,876,188,264,1,-1,-1,-1
177,65,1644,892,272,252,1,-1,-1,-1
177,66,1180,678,273,210,1,-1,-1,-1
178,2,630,243,124,184,1,-1,-1,-1
178,5,420,381,248,128,1,-1,-1,-1
178,7,535,432,216,184,1,-1,-1,-1
178,8,451,631,204,117,1,-1,-1,-1
178,9,961,376,198,137,1,-1,-1,-1
178,11,484,267,148,120,1,-1,-1,-1
178,14,619,1302,217,138,1,-1,-1,-1
178,15,2020,1000,194,194,1,-1,-1,-1
178,21,1174,349,248,206,1,-1,-1,-1
178,34,2207,547,162,111,1,-1,-1,-1
178,37,1840,605,136,168,1,-1,-1,-1
178,41,457,888,300,232,1,-1,-1,-1
178,46,1232,609,247,131,1,-1,-1,-1
178,47,380,512,148,196,1,-1,-1,-1
178,49,469,604,168,272,1,-1,-1,-1
178,53,1762,312,202,189,1,-1,-1,-1
178,54,972,1202,192,131,1,-1,-1,-1
178,55,901,1213,324,227,1,-1,-1,-1
178,58,1965,984,236,292,1,-1,-1,-1
178,59,1730,635,244,260,1,-1,-1,-1
178,61,0,0,539,1384,1,-1,-1,-1
178,62,1840,385,220,172,1,-1,-1,-1
178,63,2200,538,128,200,1,-1,-1,-1
178,64,1458,878,188,264,1,-1,-1,-1
178,65,1655,895,272,252,1,-1,-1,-1
178,66,1187,676,273,210,1,-1,-1,-1
179,2,631,243,124,184,1,-1,-1,-1
179,5,420,383,248,128,1,-1,-1,-1
179,7,536,432,216,184,1,-1,-1,-1
179,8,451,632,204,117,1,-1,-1,-1
179,9,962,377,198,137,1,-1,-1,-1
179,11,485,267,148,120,1,-1,-1,-1
179,14,619,1305,217,135,1,-1,-1,-1
179,15,2020,1000,194,194,1,-1,-1,-1
179,21,1174,350,248,206,1,-1,-1,-1
179,34,2208,548,162,111,1,-1,-1,-1
179,37,1841,603,136,168,1,-1,-1,-1
179,41,458,888,300,232,1,-1,-1,-1
179,46,1232,608,247,131,1,-1,-1,-1
179,47,380,512,148,196,1,-1,-1,-1
179,49,469,605,168,272,1,-1,-1,-1
179,53,1762,312,202,189,1,-1,-1,-1
179,54,972,1201,192,131,1,-1,-1,-1
179,55,901,1214,324,226,1,-1,-1,-1
179,58,1966,984,236,292,1,-1,-1,-1
179,59,1732,633,244,260,1,-1,-1,-1
179,61,0,0,538,1377,1,-1,-1,-1
179,62,1840,385,220,172,1,-1,-1,-1
179,63,2201,539,128,200,1,-1,-1,-1
179,64,1459,878,188,264,1,-1,-1,-1
179,65,1658,899,272,252,1,-1,-1,-1
179,66,1189,675,273,210,1,-1,-1,-1
180,2,635,241,124,184,1,-1,-1,-1
180,5,420,383,248,128,1,-1,-1,-1
180,7,534,432,216,184,1,-1,-1,-1
180,8,450,632,204,117,1,-1,-1,-1
180,9,961,377,198,137,1,-1,-1,-1
180,11,487,268,148,120,1,-1,-1,-1
180,14,622,1304,217,136,1,-1,-1,-1
180,15,2020,999,194,194,1,-1,-1,-1
180,21,1169,350,248,206,1,-1,-1,-1
180,34,2210,558,162,111,1,-1,-1,-1
180,37,1842,580,143,176,1,-1,-1,-1
180,41,461,886,300,232,1,-1,-1,-1
180,46,1234,609,247,131,1,-1,-1,-1
180,47,380,513,148,196,1,-1,-1,-1
180,49,468,605,168,272,1,-1,-1,-1
180,53,1763,312,202,189,1,-1,-1,-1
180,54,969,1202,192,131,1,-1,-1,-1
180,55,896,1214,324,226,1,-1,-1,-1
180,58,1966,983,236,292,1,-1,-1,-1
180,59,1737,627,244,260,1,-1,-1,-1
180,61,0,0,544,1377,1,-1,-1,-1
180,62,1840,385,220,172,1,-1,-1,-1
180,63,2209,550,128,200,1,-1,-1,-1
180,64,1461,885,188,264,1,-1,-1,-1
180,65,1674,901,272,252,1,-1,-1,-1
180,66,1192,677,273,210,1,-1,-1,-1
181,2,632,235,124,184,1,-1,-1,-1
181,5,418,384,248,128,1,-1,-1,-1
181,7,531,433,216,184,1,-1,-1,-1
181,8,448,631,204,117,1,-1,-1,-1
181,9,962,377,198,137,1,-1,-1,-1
181,11,488,272,148,120,1,-1,-1,-1
181,14,620,1301,217,139,1,-1,-1,-1
181,15,2019,999,194,194,1,-1,-1,-1
181,21,1166,350,248,206,1,-1,-1,-1
181,34,2212,566,162,111,1,-1,-1,-1
181,37,1842,566,143,176,1,-1,-1,-1
181,41,468,882,300,232,1,-1,-1,-1
181,46,1235,612,247,131,1,-1,-1,-1
181,47,379,514,148,196,1,-1,-1,-1
181,49,468,605,168,272,1,-1,-1,-1
181,53,1763,313,202,189,1,-1,-1,-1
181,54,963,1204,192,131,1,-1,-1,-1
181,55,894,1215,324,225,1,-1,-1,-1
181,58,1966,983,236,292,1,-1,-1,-1
181,59,1738,619,244,260,1,-1,-1,-1
181,61,0,0,544,1385,1,-1,-1,-1
181,62,1839,385,220,172,1,-1,-1,-1
181,63,2216,554,128,200,1,-1,-1,-1
181,64,1470,899,188,264,1,-1,-1,-1
181,65,1692,907,272,252,1,-1,-1,-1
181,66,1191,683,273,210,1,-1,-1,-1
182,2,636,231,124,184,1,-1,-1,-1
182,5,417,385,248,128,1,-1,-1,-1
182,7,530,434,216,184,1,-1,-1,-1
182,8,445,633,204,117,1,-1,-1,-1
182,9,960,377,198,137,1,-1,-1,-1
182,11,489,276,148,120,1,-1,-1,-1
182,15,2019,999,194,194,1,-1,-1,-1
182,21,1163,350,248,206,1,-1,-1,-1
182,34,2208,567,162,111,1,-1,-1,-1
182,37,1842,553,143,176,1,-1,-1,-1
182,41,475,880,300,232,1,-1,-1,-1
182,46,1236,620,247,131,1,-1,-1,-1
182,47,379,514,148,196,1,-1,-1,-1
182,49,467,604,168,272,1,-1,-1,-1
182,53,1763,313,202,189,1,-1,-1,-1
182,54,960,1206,192,131,1,-1,-1,-1
182,55,891,1215,324,225,1,-1,-1,-1
182,58,1964,983,236,292,1,-1,-1,-1
182,59,1743,615,244,260,1,-1,-1,-1
182,61,0,0,545,1378,1,-1,-1,-1
182,62,1839,386,220,172,1,-1,-1,-1
182,63,2204,542,122,190,1,-1,-1,-1
182,64,1487,924,188,264,1,-1,-1,-1
182,65,1694,906,286,265,1,-1,-1,-1
182,66,1188,690,287,220,1,-1,-1,-1
183,2,648,216,130,193,1,-1,-1,-1
183,5,417,386,248,128,1,-1,-1,-1
183,7,529,436,216,184,1,-1,-1,-1
183,8,444,632,204,117,1,-1,-1,-1
183,9,959,377,198,137,1,-1,-1,-1
183,11,489,278,148,120,1,-1,-1,-1
183,15,2020,999,194,194,1,-1,-1,-1
183,21,1163,350,248,206,1,-1,-1,-1
183,34,2253,593,171,116,1,-1,-1,-1
183,37,1841,550,143,176,1,-1,-1,-1
183,41,481,877,300,232,1,-1,-1,-1
183,46,1240,624,247,131,1,-1,-1,-1
183,47,378,514,148,196,1,-1,-1,-1
183,49,466,606,168,272,1,-1,-1,-1
183,53,1763,312,202,189,1,-1,-1,-1
183,54,958,1206,192,131,1,-1,-1,-1
183,55,890,1215,324,225,1,-1,-1,-1
183,58,1965,983,236,292,1,-1,-1,-1
183,59,1748,603,244,260,1,-1,-1,-1
183,61,0,0,549,1385,1,-1,-1,-1
183,62,1841,387,220,172,1,-1,-1,-1
183,63,2225,559,122,190,1,-1,-1,-1
183,64,1484,922,188,264,1,-1,-1,-1
183,65,1709,917,286,265,1,-1,-1,-1
183,66,1195,694,287,220,1,-1,-1,-1
184,2,646,224,130,193,1,-1,-1,-1
184,5,417,388,248,128,1,-1,-1,-1
184,7,531,437,216,184,1,-1,-1,-1
184,8,443,635,204,117,1,-1,-1,-1
184,9,961,377,198,137,1,-1,-1,-1
184,11,488,279,148,120,1,-1,-1,-1
184,15,2021,999,194,194,1,-1,-1,-1
184,21,1161,350,248,206,1,-1,-1,-1
184,34,2215,599,179,122,1,-1,-1,-1
184,37,1838,546,150,185,1,-1,-1,-1
184,41,487,876,300,232,1,-1,-1,-1
184,46,1250,627,247,131,1,-1,-1,-1
184,47,379,514,148,196,1,-1,-1,-1
184,49,465,606,168,272,1,-1,-1,-1
184,53,1763,311,202,189,1,-1,-1,-1
184,54,954,1206,192,131,1,-1,-1,-1
184,55,889,1215,324,225,1,-1,-1,-1
184,58,1966,983,236,292,1,-1,-1,-1
184,59,1756,601,244,260,1,-1,-1,-1
184,61,0,0,535,1347,1,-1,-1,-1
184,62,1841,388,220,172,1,-1,-1,-1
184,63,2244,522,122,190,1,-1,-1,-1
184,64,1470,922,179,251,1,-1,-1,-1
184,65,1716,929,286,265,1,-1,-1,-1
184,66,1204,694,287,220,1,-1,-1,-1
185,2,648,280,120,144,1,-1,-1,-1
185,5,417,388,248,128,1,-1,-1,-1
185,7,536,416,196,208,1,-1,-1,-1
185,9,961,377,198,137,1,-1,-1,-1
185,11,492,264,172,128,1,-1,-1,-1
185,15,2021,999,194,194,1,-1,-1,-1
185,21,1161,350,248,206,1,-1,-1,-1
185,34,2215,599,179,122,1,-1,-1,-1
185,37,1838,546,150,185,1,-1,-1,-1
185,41,492,880,300,236,1,-1,-1,-1
185,46,1250,627,247,131,1,-1,-1,-1
185,47,376,516,148,196,1,-1,-1,-1
185,49,464,600,160,292,1,-1,-1,-1
185,53,1763,311,202,189,1,-1,-1,-1
185,54,954,1206,192,131,1,-1,-1,-1
185,55,889,1215,324,225,1,-1,-1,-1
185,58,1988,980,208,280,1,-1,-1,-1
185,59,1772,564,196,280,1,-1,-1,-1
185,61,0,0,535,1347,1,-1,-1,-1
185,62,1848,384,192,164,1,-1,-1,-1
185,63,2244,522,122,190,1,-1,-1,-1
185,64,1484,956,188,296,1,-1,-1,-1
185,65,1740,932,248,364,1,-1,-1,-1
185,66,1212,684,216,184,1,-1,-1,-1
185,67,2028,388,532,748,1,-1,-1,-1
185,68,1332,628,176,252,1,-1,-1,-1
185,69,612,1284,176,156,1,-1,-1,-1
185,70,888,1028,348,408,1,-1,-1,-1
185,71,1376,272,228,188,1,-1,-1,-1
186,2,640,284,120,144,1,-1,-1,-1
186,5,417,389,248,128,1,-1,-1,-1
186,7,536,416,196,208,1,-1,-1,-1
186,9,966,376,198,137,1,-1,-1,-1
186,11,489,265,172,128,1,-1,-1,-1
186,15,2021,1002,194,194,1,-1,-1,-1
186,21,1162,349,248,206,1,-1,-1,-1
186,34,2267,598,179,122,1,-1,-1,-1
186,37,1836,546,150,185,1,-1,-1,-1
186,41,493,877,300,236,1,-1,-1,-1
186,46,1254,625,247,131,1,-1,-1,-1
186,47,376,516,148,196,1,-1,-1,-1
186,49,464,598,160,292,1,-1,-1,-1
186,53,1768,315,192,180,1,-1,-1,-1
186,54,953,1205,192,131,1,-1,-1,-1
186,55,887,1213,324,227,1,-1,-1,-1
186,58,1988,987,208,280,1,-1,-1,-1
186,59,1773,563,196,280,1,-1,-1,-1
186,61,0,0,534,1342,1,-1,-1,-1
186,62,1848,384,192,164,1,-1,-1,-1
186,63,2281,502,122,190,1,-1,-1,-1
186,64,1483,958,188,296,1,-1,-1,-1
186,65,1742,944,248,364,1,-1,-1,-1
186,66,1213,680,216,184,1,-1,-1,-1
186,67,1968,397,532,748,1,-1,-1,-1
186,68,1333,627,176,252,1,-1,-1,-1
186,69,606,1285,176,155,1,-1,-1,-1
186,70,886,1028,348,408,1,-1,-1,-1
186,71,1381,274,228,188,1,-1,-1,-1
187,2,626,290,126,151,1,-1,-1,-1
187,5,418,390,248,128,1,-1,-1,-1
187,7,535,416,196,208,1,-1,-1,-1
187,9,975,375,198,137,1,-1,-1,-1
187,11,487,266,172,128,1,-1,-1,-1
187,15,2056,977,194,194,1,-1,-1,-1
187,21,1161,345,248,206,1,-1,-1,-1
187,34,2278,604,171,116,1,-1,-1,-1
187,37,1837,549,150,185,1,-1,-1,-1
187,41,495,875,300,236,1,-1,-1,-1
187,46,1249,619,259,137,1,-1,-1,-1
187,47,376,518,148,196,1,-1,-1,-1
187,49,465,596,160,292,1,-1,-1,-1
187,53,1768,315,192,180,1,-1,-1,-1
187,54,950,1203,192,131,1,-1,-1,-1
187,55,886,1212,324,228,1,-1,-1,-1
187,58,1997,967,208,280,1,-1,-1,-1
187,59,1776,565,196,280,1,-1,-1,-1
187,61,0,6,520,1300,1,-1,-1,-1
187,62,1850,384,192,164,1,-1,-1,-1
187,63,2300,488,128,200,1,-1,-1,-1
187,64,1483,962,188,296,1,-1,-1,-1
187,65,1753,967,248,364,1,-1,-1,-1
187,66,1211,676,216,184,1,-1,-1,-1
187,67,1865,409,532,748,1,-1,-1,-1
187,68,1333,626,176,252,1,-1,-1,-1
187,69,601,1287,176,153,1,-1,-1,-1
187,70,886,1027,348,408,1,-1,-1,-1
187,71,1400,284,217,179,1,-1,-1,-1
188,2,616,299,126,151,1,-1,-1,-1
188,5,417,390,248,128,1,-1,-1,-1
188,7,536,417,196,208,1,-1,-1,-1
188,9,985,377,189,130,1,-1,-1,-1
188,11,486,268,172,128,1,-1,-1,-1
188,15,2038,988,194,194,1,-1,-1,-1
188,21,1161,346,248,206,1,-1,-1,-1
188,34,2253,579,171,116,1,-1,-1,-1
188,37,1839,539,150,185,1,-1,-1,-1
188,41,495,872,300,236,1,-1,-1,-1
188,46,1248,618,259,137,1,-1,-1,-1
188,47,376,519,148,196,1,-1,-1,-1
188,49,466,595,160,292,1,-1,-1,-1
188,53,1768,315,192,180,1,-1,-1,-1
188,54,946,1202,192,131,1,-1,-1,-1
188,55,885,1210,324,228,1,-1,-1,-1
188,58,2001,974,208,280,1,-1,-1,-1
188,59,1779,569,196,280,1,-1,-1,-1
188,61,0,1,524,1300,1,-1,-1,-1
188,62,1850,384,192,164,1,-1,-1,-1
188,63,2296,464,128,200,1,-1,-1,-1
188,64,1477,963,188,296,1,-1,-1,-1
188,65,1765,995,248,364,1,-1,-1,-1
188,66,1204,674,216,184,1,-1,-1,-1
188,67,1763,406,532,748,1,-1,-1,-1
188,68,1331,625,176,252,1,-1,-1,-1
188,69,595,1291,176,149,1,-1,-1,-1
188,70,884,1025,348,408,1,-1,-1,-1
188,71,1406,286,228,188,1,-1,-1,-1
189,2,612,310,126,151,1,-1,-1,-1
189,5,417,391,248,128,1,-1,-1,-1
189,7,536,415,196,208,1,-1,-1,-1
189,9,996,377,189,130,1,-1,-1,-1
189,11,486,269,172,128,1,-1,-1,-1
189,15,2038,981,194,194,1,-1,-1,-1
189,21,1162,347,248,206,1,-1,-1,-1
189,34,2249,544,171,116,1,-1,-1,-1
189,37,1883,524,150,185,1,-1,-1,-1
189,41,501,868,300,236,1,-1,-1,-1
189,46,1243,618,259,137,1,-1,-1,-1
189,47,376,519,148,196,1,-1,-1,-1
189,49,467,594,160,292,1,-1,-1,-1
189,53,1767,314,192,180,1,-1,-1,-1
189,54,941,1200,192,131,1,-1,-1,-1
189,55,880,1210,324,228,1,-1,-1,-1
189,58,1995,956,218,294,1,-1,-1,-1
189,59,1802,541,196,280,1,-1,-1,-1
189,61,2,0,524,1296,1,-1,-1,-1
189,62,1851,385,192,164,1,-1,-1,-1
189,63,2299,440,122,190,1,-1,-1,-1
189,64,1458,964,188,296,1,-1,-1,-1
189,65,1775,1013,236,347,1,-1,-1,-1
189,66,1200,672,216,184,1,-1,-1,-1
189,67,1693,409,532,748,1,-1,-1,-1
189,68,1331,625,176,252,1,-1,-1,-1
189,69,591,1295,176,145,1,-1,-1,-1
189,70,883,1022,348,408,1,-1,-1,-1
189,71,1416,290,228,188,1,-1,-1,-1
190,2,609,321,126,151,1,-1,-1,-1
190,5,416,390,248,128,1,-1,-1,-1
190,7,538,415,196,208,1,-1,-1,-1
190,9,999,376,189,130,1,-1,-1,-1
190,11,487,270,172,128,1,-1,-1,-1
190,15,2036,980,194,194,1,-1,-1,-1
190,21,1170,354,236,196,1,-1,-1,-1
190,34,2233,510,171,116,1,-1,-1,-1
190,37,1896,496,150,185,1,-1,-1,-1
190,41,507,867,300,236,1,-1,-1,-1
190,46,1239,617,259,137,1,-1,-1,-1
190,47,376,519,148,196,1,-1,-1,-1
190,49,469,594,160,292,1,-1,-1,-1
190,53,1768,314,192,180,1,-1,-1,-1
190,54,934,1199,192,131,1,-1,-1,-1
190,55,873,1210,324,228,1,-1,-1,-1
190,58,1991,959,208,280,1,-1,-1,-1
190,59,1774,623,187,267,1,-1,-1,-1
190,61,3,0,524,1296,1,-1,-1,-1
190,62,1852,381,192,164,1,-1,-1,-1
190,63,2292,410,122,190,1,-1,-1,-1
190,64,1428,939,197,311,1,-1,-1,-1
190,65,1795,1045,236,347,1,-1,-1,-1
190,66,1198,673,216,184,1,-1,-1,-1
190,67,1546,385,532,748,1,-1,-1,-1
190,68,1330,626,176,252,1,-1,-1,-1
190,69,583,1297,176,143,1,-1,-1,-1
190,70,879,1020,348,408,1,-1,-1,-1
190,71,1429,293,228,188,1,-1,-1,-1
191,2,608,320,126,151,1,-1,-1,-1
191,5,415,390,248,128,1,-1,-1,-1
191,7,539,414,196,208,1,-1,-1,-1
191,9,995,373,198,137,1,-1,-1,-1
191,11,488,270,172,128,1,-1,-1,-1
191,15,2035,980,194,194,1,-1,-1,-1
191,21,1170,354,236,196,1,-1,-1,-1
191,34,2215,502,179,122,1,-1,-1,-1
191,37,1896,494,150,185,1,-1,-1,-1
191,41,507,867,300,236,1,-1,-1,-1
191,46,1235,611,272,144,1,-1,-1,-1
191,47,376,520,148,196,1,-1,-1,-1
191,49,469,594,160,292,1,-1,-1,-1
191,53,1768,314,192,180,1,-1,-1,-1
191,54,932,1201,192,131,1,-1,-1,-1
191,55,872,1210,324,228,1,-1,-1,-1
191,58,1990,959,208,280,1,-1,-1,-1
191,59,1774,627,187,267,1,-1,-1,-1
191,61,1,0,524,1300,1,-1,-1,-1
191,62,1852,379,192,164,1,-1,-1,-1
191,63,2286,400,128,200,1,-1,-1,-1
191,64,1424,947,197,311,1,-1,-1,-1
191,65,1797,1048,236,347,1,-1,-1,-1
191,66,1198,674,216,184,1,-1,-1,-1
191,67,1514,377,532,748,1,-1,-1,-1
191,68,1330,626,176,252,1,-1,-1,-1
191,69,584,1300,176,140,1,-1,-1,-1
191,70,878,1022,348,408,1,-1,-1,-1
191,71,1428,296,228,188,1,-1,-1,-1
192,2,608,318,126,151,1,-1,-1,-1
192,5,416,391,248,128,1,-1,-1,-1
192,7,538,414,196,208,1,-1,-1,-1
192,9,997,374,198,137,1,-1,-1,-1
192,11,487,272,172,128,1,-1,-1,-1
192,15,2034,980,194,194,1,-1,-1,-1
192,21,1166,355,236,196,1,-1,-1,-1
192,34,2225,466,188,128,1,-1,-1,-1
192,37,1913,449,150,185,1,-1,-1,-1
192,41,516,870,300,236,1,-1,-1,-1
192,46,1228,613,272,144,1,-1,-1,-1
192,47,375,519,148,196,1,-1,-1,-1
192,49,470,595,160,292,1,-1,-1,-1
192,53,1767,311,192,180,1,-1,-1,-1
192,54,924,1201,192,131,1,-1,-1,-1
192,55,863,1208,324,228,1,-1,-1,-1
192,58,1988,957,208,280,1,-1,-1,-1
192,59,1807,577,178,254,1,-1,-1,-1
192,61,3,0,524,1299,1,-1,-1,-1
192,62,1847,384,192,164,1,-1,-1,-1
192,64,1500,963,207,326,1,-1,-1,-1
192,65,1815,1073,236,347,1,-1,-1,-1
192,66,1195,677,216,184,1,-1,-1,-1
192,67,1440,341,532,748,1,-1,-1,-1
192,68,1329,631,176,252,1,-1,-1,-1
192,69,580,1299,176,141,1,-1,-1,-1
192,70,883,1030,331,389,1,-1,-1,-1
192,71,1436,295,228,188,1,-1,-1,-1
193,2,608,318,126,151,1,-1,-1,-1
193,5,432,384,208,172,1,-1,-1,-1
193,7,544,320,192,300,1,-1,-1,-1
193,9,997,374,198,137,1,-1,-1,-1
193,11,488,248,168,152,1,-1,-1,-1
193,15,2012,952,224,248,1,-1,-1,-1
193,34,2225,466,188,128,1,-1,-1,-1
193,37,1913,449,150,185,1,-1,-1,-1
193,41,532,872,276,264,1,-1,-1,-1
193,46,1228,613,272,144,1,-1,-1,-1
193,47,380,516,140,204,1,-1,-1,-1
193,49,464,608,160,276,1,-1,-1,-1
193,53,1767,311,192,180,1,-1,-1,-1
193,55,852,1196,336,240,1,-1,-1,-1
193,58,1988,957,208,280,1,-1,-1,-1
193,59,1824,596,156,208,1,-1,-1,-1
193,61,3,0,524,1299,1,-1,-1,-1
193,62,1847,384,192,164,1,-1,-1,-1
193,64,1500,963,207,326,1,-1,-1,-1
193,65,1824,1092,264,268,1,-1,-1,-1
193,66,1195,677,216,184,1,-1,-1,-1
193,67,1440,341,532,748,1,-1,-1,-1
193,68,1329,631,176,252,1,-1,-1,-1
193,69,580,1299,176,141,1,-1,-1,-1
193,70,883,1030,331,389,1,-1,-1,-1
193,71,1444,288,216,196,1,-1,-1,-1
193,72,1380,144,1180,788,1,-1,-1,-1
193,73,2192,576,152,164,1,-1,-1,-1
193,74,1308,1012,256,248,1,-1,-1,-1
194,2,607,323,126,151,1,-1,-1,-1
194,5,432,385,208,172,1,-1,-1,-1
194,7,544,321,192,300,1,-1,-1,-1
194,9,999,378,198,137,1,-1,-1,-1
194,11,488,249,168,152,1,-1,-1,-1
194,15,2017,951,224,248,1,-1,-1,-1
194,34,2182,443,188,128,1,-1,-1,-1
194,37,1936,514,143,176,1,-1,-1,-1
194,41,531,873,276,264,1,-1,-1,-1
194,46,1211,599,259,137,1,-1,-1,-1
194,47,380,516,140,204,1,-1,-1,-1
194,49,463,609,160,276,1,-1,-1,-1
194,53,1860,382,183,171,1,-1,-1,-1
194,55,848,1197,336,240,1,-1,-1,-1
194,58,1998,947,208,280,1,-1,-1,-1
194,59,1824,586,156,208,1,-1,-1,-1
194,61,5,0,524,1298,1,-1,-1,-1
194,62,1842,382,192,164,1,-1,-1,-1
194,64,1533,999,197,311,1,-1,-1,-1
194,65,1835,1107,264,268,1,-1,-1,-1
194,66,1177,669,216,184,1,-1,-1,-1
194,67,1432,323,532,748,1,-1,-1,-1
194,68,1253,597,185,265,1,-1,-1,-1
194,69,581,1303,176,137,1,-1,-1,-1
194,70,880,1029,331,389,1,-1,-1,-1
194,71,1443,287,216,196,1,-1,-1,-1
194,72,1348,131,1180,788,1,-1,-1,-1
194,73,2189,567,152,164,1,-1,-1,-1
194,74,1285,1017,256,248,1,-1,-1,-1
195,2,606,330,126,151,1,-1,-1,-1
195,5,432,386,208,172,1,-1,-1,-1
195,7,545,323,192,300,1,-1,-1,-1
195,9,1000,381,198,137,1,-1,-1,-1
195,11,489,252,168,152,1,-1,-1,-1
195,15,2033,949,224,248,1,-1,-1,-1
195,34,2082,418,188,128,1,-1,-1,-1
195,41,532,876,276,264,1,-1,-1,-1
195,46,1104,623,272,144,1,-1,-1,-1
195,47,379,516,140,204,1,-1,-1,-1
195,49,463,611,160,276,1,-1,-1,-1
195,53,1854,354,192,180,1,-1,-1,-1
195,55,842,1198,336,240,1,-1,-1,-1
195,58,2005,948,198,267,1,-1,-1,-1
195,59,1822,572,156,208,1,-1,-1,-1
195,61,7,2,524,1300,1,-1,-1,-1
195,62,1860,348,183,156,1,-1,-1,-1
195,64,1555,999,197,311,1,-1,-1,-1
195,65,1853,1165,264,268,1,-1,-1,-1
195,66,1168,672,206,175,1,-1,-1,-1
195,67,1396,307,559,785,1,-1,-1,-1
195,68,1305,615,185,265,1,-1,-1,-1
195,69,580,1300,185,140,1,-1,-1,-1
195,70,880,1026,331,389,1,-1,-1,-1
195,71,1455,292,206,187,1,-1,-1,-1
195,72,1281,91,1239,827,1,-1,-1,-1
195,73,2187,551,152,164,1,-1,-1,-1
195,74,1270,1025,256,248,1,-1,-1,-1
196,2,604,335,126,151,1,-1,-1,-1
196,5,432,387,208,172,1,-1,-1,-1
196,7,544,324,192,300,1,-1,-1,-1
196,9,999,382,198,137,1,-1,-1,-1
196,11,489,255,168,152,1,-1,-1,-1
196,15,2040,945,224,248,1,-1,-1,-1
196,41,530,879,276,264,1,-1,-1,-1
196,46,1186,595,286,151,1,-1,-1,-1
196,47,379,516,140,204,1,-1,-1,-1
196,49,460,612,160,276,1,-1,-1,-1
196,53,1907,337,192,180,1,-1,-1,-1
196,55,838,1197,336,240,1,-1,-1,-1
196,58,2013,945,198,267,1,-1,-1,-1
196,59,1814,546,156,208,1,-1,-1,-1
196,61,5,0,524,1298,1,-1,-1,-1
196,62,1853,330,174,149,1,-1,-1,-1
196,64,1567,1002,197,311,1,-1,-1,-1
196,65,1877,1237,251,203,1,-1,-1,-1
196,66,1151,663,196,167,1,-1,-1,-1
196,67,1394,232,587,825,1,-1,-1,-1
196,68,1335,632,185,265,1,-1,-1,-1
196,69,580,1302,185,138,1,-1,-1,-1
196,70,875,1026,331,389,1,-1,-1,-1
196,71,1437,279,206,187,1,-1,-1,-1
196,72,1226,80,1239,827,1,-1,-1,-1
196,73,2187,541,152,164,1,-1,-1,-1
196,74,1266,1027,244,236,1,-1,-1,-1
197,2,605,334,126,151,1,-1,-1,-1
197,5,431,387,208,172,1,-1,-1,-1
197,7,543,325,192,300,1,-1,-1,-1
197,9,1000,382,198,137,1,-1,-1,-1
197,11,490,254,168,152,1,-1,-1,-1
197,15,2042,946,224,248,1,-1,-1,-1
197,41,531,879,276,264,1,-1,-1,-1
197,46,1197,592,286,151,1,-1,-1,-1
197,47,379,516,140,204,1,-1,-1,-1
197,49,459,613,160,276,1,-1,-1,-1
197,53,1922,336,192,180,1,-1,-1,-1
197,55,838,1198,336,240,1,-1,-1,-1
197,58,2011,942,208,280,1,-1,-1,-1
197,59,1812,545,156,208,1,-1,-1,-1
197,61,9,0,524,1297,1,-1,-1,-1
197,62,1853,327,174,149,1,-1,-1,-1
197,64,1576,1000,207,326,1,-1,-1,-1
197,65,1851,1215,251,225,1,-1,-1,-1
197,66,1152,663,196,167,1,-1,-1,-1
197,67,1381,223,587,825,1,-1,-1,-1
197,68,1334,629,185,265,1,-1,-1,-1
197,69,580,1301,185,139,1,-1,-1,-1
197,70,876,1026,331,389,1,-1,-1,-1
197,71,1440,280,206,187,1,-1,-1,-1
197,72,1219,70,1239,827,1,-1,-1,-1
197,73,2191,545,145,156,1,-1,-1,-1
197,74,1268,1028,244,236,1,-1,-1,-1
198,2,607,336,126,151,1,-1,-1,-1
198,5,431,387,208,172,1,-1,-1,-1
198,7,543,326,192,300,1,-1,-1,-1
198,9,984,375,198,137,1,-1,-1,-1
198,11,491,255,168,152,1,-1,-1,-1
198,15,2051,940,224,248,1,-1,-1,-1
198,41,529,882,276,264,1,-1,-1,-1
198,46,1198,586,286,151,1,-1,-1,-1
198,47,377,516,140,204,1,-1,-1,-1
198,49,456,615,160,276,1,-1,-1,-1
198,53,1964,339,183,171,1,-1,-1,-1
198,55,836,1197,336,240,1,-1,-1,-1
198,58,2013,933,218,294,1,-1,-1,-1
198,59,1806,526,156,208,1,-1,-1,-1
198,61,6,1,524,1300,1,-1,-1,-1
198,62,1869,329,174,149,1,-1,-1,-1
198,64,1549,1002,207,326,1,-1,-1,-1
198,65,1852,1121,239,243,1,-1,-1,-1
198,66,1146,645,196,167,1,-1,-1,-1
198,67,1386,237,587,825,1,-1,-1,-1
198,68,1336,636,176,252,1,-1,-1,-1
198,69,576,1298,194,142,1,-1,-1,-1
198,70,876,1027,331,389,1,-1,-1,-1
198,71,1446,310,206,187,1,-1,-1,-1
198,72,1209,64,1239,827,1,-1,-1,-1
198,73,2198,544,138,149,1,-1,-1,-1
198,74,1246,1037,232,225,1,-1,-1,-1
199,2,611,335,126,151,1,-1,-1,-1
199,5,431,387,208,172,1,-1,-1,-1
199,7,537,320,202,315,1,-1,-1,-1
199,9,953,362,189,130,1,-1,-1,-1
199,11,492,256,168,152,1,-1,-1,-1
199,15,2064,941,224,248,1,-1,-1,-1
199,41,529,886,276,264,1,-1,-1,-1
199,46,1192,585,286,151,1,-1,-1,-1
199,47,377,516,140,204,1,-1,-1,-1
199,49,450,617,160,276,1,-1,-1,-1
199,53,2058,328,183,171,1,-1,-1,-1
199,55,836,1196,336,240,1,-1,-1,-1
199,58,2028,941,208,280,1,-1,-1,-1
199,59,1805,511,156,208,1,-1,-1,-1
199,61,5,0,524,1297,1,-1,-1,-1
199,62,1844,311,183,156,1,-1,-1,-1
199,64,1546,1024,207,326,1,-1,-1,-1
199,65,1865,1122,228,232,1,-1,-1,-1
199,66,1152,641,196,167,1,-1,-1,-1
199,67,1391,260,587,825,1,-1,-1,-1
199,68,1333,638,176,252,1,-1,-1,-1
199,69,576,1296,194,144,1,-1,-1,-1
199,70,876,1026,331,389,1,-1,-1,-1
199,71,1451,296,206,187,1,-1,-1,-1
199,72,1293,67,1239,827,1,-1,-1,-1
199,73,2204,547,138,149,1,-1,-1,-1
199,74,1183,1088,232,225,1,-1,-1,-1
200,2,613,336,126,151,1,-1,-1,-1
200,5,431,386,208,172,1,-1,-1,-1
200,7,537,318,202,315,1,-1,-1,-1
200,9,978,356,189,130,1,-1,-1,-1
200,11,494,255,168,152,1,-1,-1,-1
200,15,2070,940,224,248,1,-1,-1,-1
200,41,528,886,276,264,1,-1,-1,-1
200,46,1191,580,286,151,1,-1,-1,-1
200,47,377,516,140,204,1,-1,-1,-1
200,49,444,621,160,276,1,-1,-1,-1
200,53,2025,315,183,171,1,-1,-1,-1
200,55,831,1195,336,240,1,-1,-1,-1
200,58,2031,940,208,280,1,-1,-1,-1
200,59,1799,493,164,218,1,-1,-1,-1
200,61,7,0,524,1295,1,-1,-1,-1
200,62,1833,311,183,156,1,-1,-1,-1
200,65,1864,1116,228,232,1,-1,-1,-1
200,66,1146,645,196,167,1,-1,-1,-1
200,67,1702,483,559,785,1,-1,-1,-1
200,68,1334,638,176,252,1,-1,-1,-1
200,69,576,1297,194,143,1,-1,-1,-1
200,70,874,1024,331,389,1,-1,-1,-1
200,71,1452,285,216,196,1,-1,-1,-1
200,72,1281,50,1239,827,1,-1,-1,-1
200,73,2209,548,138,149,1,-1,-1,-1
200,74,1144,1128,232,225,1,-1,-1,-1
201,2,624,336,116,116,1,-1,-1,-1
201,5,431,386,208,172,1,-1,-1,-1
201,7,540,400,200,224,1,-1,-1,-1
201,9,978,356,189,130,1,-1,-1,-1
201,11,496,244,152,152,1,-1,-1,-1
201,15,2070,940,224,248,1,-1,-1,-1
201,41,532,884,272,268,1,-1,-1,-1
201,46,1191,580,286,151,1,-1,-1,-1
201,47,384,516,132,184,1,-1,-1,-1
201,49,440,632,180,272,1,-1,-1,-1
201,55,824,1192,320,248,1,-1,-1,-1
201,58,1984,952,368,276,1,-1,-1,-1
201,59,1800,464,168,236,1,-1,-1,-1
201,61,7,0,524,1295,1,-1,-1,-1
201,62,1833,311,183,156,1,-1,-1,-1
201,65,1864,1116,228,232,1,-1,-1,-1
201,66,1176,628,176,236,1,-1,-1,-1
201,67,1702,483,559,785,1,-1,-1,-1
201,68,1336,620,156,272,1,-1,-1,-1
201,69,576,1297,194,143,1,-1,-1,-1
201,70,874,1024,331,389,1,-1,-1,-1
201,71,1452,285,216,196,1,-1,-1,-1
201,72,1281,50,1239,827,1,-1,-1,-1
201,73,2184,524,172,212,1,-1,-1,-1
201,74,1144,1128,232,225,1,-1,-1,-1
201,75,984,36,1576,480,1,-1,-1,-1
202,2,624,334,116,116,1,-1,-1,-1
202,5,431,385,208,172,1,-1,-1,-1
202,7,539,400,200,224,1,-1,-1,-1
202,9,1001,389,198,137,1,-1,-1,-1
202,11,496,244,152,152,1,-1,-1,-1
202,15,2075,941,235,260,1,-1,-1,-1
202,41,530,883,272,268,1,-1,-1,-1
202,46,1190,582,286,151,1,-1,-1,-1
202,47,384,516,132,184,1,-1,-1,-1
202,49,439,632,180,272,1,-1,-1,-1
202,55,821,1191,320,248,1,-1,-1,-1
202,58,1987,951,368,276,1,-1,-1,-1
202,59,1800,463,168,236,1,-1,-1,-1
202,61,5,0,524,1297,1,-1,-1,-1
202,62,1834,301,174,149,1,-1,-1,-1
202,65,1864,1126,228,232,1,-1,-1,-1
202,66,1174,628,176,236,1,-1,-1,-1
202,68,1336,619,156,272,1,-1,-1,-1
202,69,575,1298,194,142,1,-1,-1,-1
202,70,869,1017,331,389,1,-1,-1,-1
202,71,1470,294,206,187,1,-1,-1,-1
202,72,1303,49,1239,827,1,-1,-1,-1
202,73,2186,525,172,212,1,-1,-1,-1
202,74,1119,1174,232,225,1,-1,-1,-1
202,75,985,36,1575,480,1,-1,-1,-1
203,2,625,334,116,116,1,-1,-1,-1
203,5,432,386,208,172,1,-1,-1,-1
203,7,539,401,200,224,1,-1,-1,-1
203,9,1005,397,198,137,1,-1,-1,-1
203,11,496,244,152,152,1,-1,-1,-1
203,15,2079,941,235,260,1,-1,-1,-1
203,41,528,884,272,268,1,-1,-1,-1
203,46,1190,582,286,151,1,-1,-1,-1
203,47,384,516,132,184,1,-1,-1,-1
203,49,438,632,180,272,1,-1,-1,-1
203,55,820,1192,320,248,1,-1,-1,-1
203,58,1989,951,368,276,1,-1,-1,-1
203,59,1800,462,168,236,1,-1,-1,-1
203,61,8,0,524,1295,1,-1,-1,-1
203,62,1827,301,174,149,1,-1,-1,-1
203,65,1860,1126,228,232,1,-1,-1,-1
203,66,1173,629,176,236,1,-1,-1,-1
203,68,1336,618,156,272,1,-1,-1,-1
203,69,576,1298,194,142,1,-1,-1,-1
203,70,868,1018,331,389,1,-1,-1,-1
203,71,1474,291,206,187,1,-1,-1,-1
203,72,1285,41,1239,827,1,-1,-1,-1
203,73,2186,525,172,212,1,-1,-1,-1
203,74,1116,1192,232,225,1,-1,-1,-1
203,75,984,35,1576,480,1,-1,-1,-1
204,2,624,333,116,116,1,-1,-1,-1
204,5,433,386,208,172,1,-1,-1,-1
204,7,538,401,200,224,1,-1,-1,-1
204,9,1006,393,198,137,1,-1,-1,-1
204,11,496,244,152,152,1,-1,-1,-1
204,15,2094,938,235,260,1,-1,-1,-1
204,41,524,880,272,268,1,-1,-1,-1
204,46,1190,584,286,151,1,-1,-1,-1
204,47,384,516,132,184,1,-1,-1,-1
204,49,437,631,180,272,1,-1,-1,-1
204,55,817,1192,320,248,1,-1,-1,-1
204,58,2017,954,350,263,1,-1,-1,-1
204,59,1800,460,168,236,1,-1,-1,-1
204,61,5,0,524,1298,1,-1,-1,-1
204,62,1824,295,174,149,1,-1,-1,-1
204,65,1864,1123,228,232,1,-1,-1,-1
204,66,1172,630,176,236,1,-1,-1,-1
204,68,1336,618,156,272,1,-1,-1,-1
204,69,574,1297,194,143,1,-1,-1,-1
204,70,866,1012,331,389,1,-1,-1,-1
204,71,1510,289,206,187,1,-1,-1,-1
204,72,1256,14,1301,869,1,-1,-1,-1
204,73,2188,526,172,212,1,-1,-1,-1
204,74,1112,1207,232,225,1,-1,-1,-1
204,75,987,34,1573,480,1,-1,-1,-1
205,2,624,330,116,116,1,-1,-1,-1
205,5,434,386,208,172,1,-1,-1,-1
205,7,537,401,200,224,1,-1,-1,-1
205,9,1005,391,198,137,1,-1,-1,-1
205,11,495,243,152,152,1,-1,-1,-1
205,15,2109,930,235,260,1,-1,-1,-1
205,41,517,880,272,268,1,-1,-1,-1
205,46,1188,586,286,151,1,-1,-1,-1
205,47,384,516,132,184,1,-1,-1,-1
205,49,434,631,180,272,1,-1,-1,-1
205,55,815,1191,320,248,1,-1,-1,-1
205,58,2028,953,350,263,1,-1,-1,-1
205,59,1801,460,168,236,1,-1,-1,-1
205,61,5,0,524,1299,1,-1,-1,-1
205,62,1845,290,174,149,1,-1,-1,-1
205,66,1172,635,176,236,1,-1,-1,-1
205,68,1337,620,156,272,1,-1,-1,-1
205,69,575,1299,194,141,1,-1,-1,-1
205,70,866,1013,331,389,1,-1,-1,-1
205,71,1529,289,206,187,1,-1,-1,-1
205,72,1231,3,1301,869,1,-1,-1,-1
205,73,2189,527,172,212,1,-1,-1,-1
205,74,1112,1202,232,225,1,-1,-1,-1
205,75,1008,34,1552,480,1,-1,-1,-1
206,2,623,329,116,116,1,-1,-1,-1
206,5,433,385,208,172,1,-1,-1,-1
206,7,537,399,200,224,1,-1,-1,-1
206,9,1003,392,198,137,1,-1,-1,-1
206,11,493,242,152,152,1,-1,-1,-1
206,15,2134,915,224,248,1,-1,-1,-1
206,41,510,886,272,268,1,-1,-1,-1
206,47,383,515,132,184,1,-1,-1,-1
206,49,429,634,180,272,1,-1,-1,-1
206,55,813,1190,320,248,1,-1,-1,-1
206,58,2040,946,350,263,1,-1,-1,-1
206,59,1803,462,168,236,1,-1,-1,-1
206,61,5,0,524,1296,1,-1,-1,-1
206,66,1173,639,176,236,1,-1,-1,-1
206,68,1339,619,156,272,1,-1,-1,-1
206,69,576,1298,194,142,1,-1,-1,-1
206,70,863,1014,331,389,1,-1,-1,-1
206,71,1539,290,196,178,1,-1,-1,-1
206,72,1195,0,1365,901,1,-1,-1,-1
206,73,2188,526,172,212,1,-1,-1,-1
206,75,981,24,1579,504,1,-1,-1,-1
207,2,623,330,116,116,1,-1,-1,-1
207,5,431,384,208,172,1,-1,-1,-1
207,7,535,398,200,224,1,-1,-1,-1
207,9,1002,394,198,137,1,-1,-1,-1
207,11,493,241,152,152,1,-1,-1,-1
207,15,2144,925,224,248,1,-1,-1,-1
207,41,504,900,272,268,1,-1,-1,-1
207,47,383,515,132,184,1,-1,-1,-1
207,49,422,640,180,272,1,-1,-1,-1
207,55,811,1190,320,248,1,-1,-1,-1
207,58,2056,951,350,263,1,-1,-1,-1
207,59,1803,464,168,236,1,-1,-1,-1
207,61,2,0,524,1296,1,-1,-1,-1
207,66,1171,633,185,248,1,-1,-1,-1
207,68,1345,618,156,272,1,-1,-1,-1
207,69,575,1299,194,141,1,-1,-1,-1
207,70,873,1023,316,370,1,-1,-1,-1
207,71,1500,276,206,187,1,-1,-1,-1
207,72,1243,24,1301,869,1,-1,-1,-1
207,73,2181,527,172,212,1,-1,-1,-1
207,75,1022,25,1538,504,1,-1,-1,-1
208,2,623,331,116,116,1,-1,-1,-1
208,5,430,384,208,172,1,-1,-1,-1
208,7,535,396,200,224,1,-1,-1,-1
208,11,495,241,152,152,1,-1,-1,-1
208,15,2154,935,224,248,1,-1,-1,-1
208,41,498,916,272,268,1,-1,-1,-1
208,47,383,515,132,184,1,-1,-1,-1
208,49,415,642,180,272,1,-1,-1,-1
208,55,812,1190,320,248,1,-1,-1,-1
208,58,2083,938,350,263,1,-1,-1,-1
208,59,1810,474,160,225,1,-1,-1,-1
208,61,0,0,522,1299,1,-1,-1,-1
208,66,1180,622,176,236,1,-1,-1,-1
208,68,1359,617,156,272,1,-1,-1,-1
208,69,575,1300,194,140,1,-1,-1,-1
208,70,874,1023,316,370,1,-1,-1,-1
208,71,1476,292,206,187,1,-1,-1,-1
208,72,1234,33,1301,869,1,-1,-1,-1
208,73,2167,530,172,212,1,-1,-1,-1
208,75,1093,40,1467,504,1,-1,-1,-1
209,2,623,331,116,116,1,-1,-1,-1
209,5,412,380,228,188,1,-1,-1,-1
209,7,536,352,200,272,1,-1,-1,-1
209,11,492,232,160,164,1,-1,-1,-1
209,15,2154,935,224,248,1,-1,-1,-1
209,41,504,924,272,288,1,-1,-1,-1
209,47,383,515,132,184,1,-1,-1,-1
209,49,400,528,220,384,1,-1,-1,-1
209,55,812,1188,288,248,1,-1,-1,-1
209,58,2128,932,288,312,1,-1,-1,-1
209,59,1808,484,176,208,1,-1,-1,-1
209,61,4,4,532,1300,1,-1,-1,-1
209,66,1180,622,176,236,1,-1,-1,-1
209,68,1360,632,156,260,1,-1,-1,-1
209,69,575,1300,194,140,1,-1,-1,-1
209,70,874,1023,316,370,1,-1,-1,-1
209,71,1476,292,206,187,1,-1,-1,-1
209,72,1234,33,1301,869,1,-1,-1,-1
209,73,2176,556,164,192,1,-1,-1,-1
209,75,1008,124,1552,476,1,-1,-1,-1
209,76,1064,1028,240,388,1,-1,-1,-1
210,2,623,330,116,116,1,-1,-1,-1
210,5,412,379,228,188,1,-1,-1,-1
210,7,536,351,200,272,1,-1,-1,-1
210,11,494,232,160,164,1,-1,-1,-1
210,15,2155,925,224,248,1,-1,-1,-1
210,41,497,928,272,288,1,-1,-1,-1
210,47,382,515,132,184,1,-1,-1,-1
210,49,397,528,220,384,1,-1,-1,-1
210,55,810,1191,288,248,1,-1,-1,-1
210,58,2137,930,288,312,1,-1,-1,-1
210,59,1810,486,176,208,1,-1,-1,-1
210,61,3,3,532,1300,1,-1,-1,-1
210,66,1194,627,176,236,1,-1,-1,-1
210,68,1377,639,156,260,1,-1,-1,-1
210,69,576,1303,194,137,1,-1,-1,-1
210,70,880,1027,316,370,1,-1,-1,-1
210,72,1260,42,1300,869,1,-1,-1,-1
210,73,2162,556,164,192,1,-1,-1,-1
210,75,1043,128,1517,476,1,-1,-1,-1
210,76,1061,1031,240,388,1,-1,-1,-1
211,2,624,330,116,116,1,-1,-1,-1
211,5,412,379,228,188,1,-1,-1,-1
211,7,537,352,200,272,1,-1,-1,-1
211,11,498,233,160,164,1,-1,-1,-1
211,15,2137,936,224,248,1,-1,-1,-1
211,41,489,930,272,288,1,-1,-1,-1
211,47,382,516,132,184,1,-1,-1,-1
211,49,392,531,220,384,1,-1,-1,-1
211,55,806,1198,288,242,1,-1,-1,-1
211,58,2139,923,288,312,1,-1,-1,-1
211,59,1814,491,176,208,1,-1,-1,-1
211,61,1,4,532,1300,1,-1,-1,-1
211,66,1193,623,185,248,1,-1,-1,-1
211,68,1376,633,164,273,1,-1,-1,-1
211,69,576,1304,194,136,1,-1,-1,-1
211,70,873,1015,331,389,1,-1,-1,-1
211,72,1269,61,1291,869,1,-1,-1,-1
211,73,2146,562,164,192,1,-1,-1,-1
211,75,1163,135,1397,476,1,-1,-1,-1
211,76,1057,1029,240,388,1,-1,-1,-1
212,2,624,330,116,116,1,-1,-1,-1
212,5,410,380,228,188,1,-1,-1,-1
212,7,537,353,200,272,1,-1,-1,-1
212,11,501,233,160,164,1,-1,-1,-1
212,15,2138,919,224,248,1,-1,-1,-1
212,41,485,928,272,288,1,-1,-1,-1
212,47,386,520,126,175,1,-1,-1,-1
212,49,390,532,220,384,1,-1,-1,-1
212,55,805,1204,288,236,1,-1,-1,-1
212,58,2136,911,288,312,1,-1,-1,-1
212,59,1816,495,176,208,1,-1,-1,-1
212,61,1,2,532,1300,1,-1,-1,-1
212,66,1187,621,185,248,1,-1,-1,-1
212,68,1401,656,164,273,1,-1,-1,-1
212,69,575,1303,194,137,1,-1,-1,-1
212,70,874,1016,331,389,1,-1,-1,-1
212,72,1347,87,1213,827,1,-1,-1,-1
212,73,2135,568,164,192,1,-1,-1,-1
212,75,1279,152,1281,476,1,-1,-1,-1
212,76,1053,1029,240,388,1,-1,-1,-1
213,2,623,329,116,116,1,-1,-1,-1
213,5,407,382,228,188,1,-1,-1,-1
213,7,535,354,200,272,1,-1,-1,-1
213,11,504,233,160,164,1,-1,-1,-1
213,15,2141,902,213,236,1,-1,-1,-1
213,41,478,925,272,288,1,-1,-1,-1
213,47,386,520,126,175,1,-1,-1,-1
213,49,388,533,220,384,1,-1,-1,-1
213,55,816,1201,288,239,1,-1,-1,-1
213,58,2116,910,302,328,1,-1,-1,-1
213,59,1821,497,176,208,1,-1,-1,-1
213,61,4,0,532,1298,1,-1,-1,-1
213,66,1190,628,176,236,1,-1,-1,-1
213,68,1397,655,172,287,1,-1,-1,-1
213,69,575,1303,194,137,1,-1,-1,-1
213,70,865,1006,348,408,1,-1,-1,-1
213,72,1341,104,1219,827,1,-1,-1,-1
213,73,2126,571,164,192,1,-1,-1,-1
213,75,1062,132,1498,500,1,-1,-1,-1
213,76,1047,1028,240,388,1,-1,-1,-1
214,2,621,329,116,116,1,-1,-1,-1
214,5,405,383,228,188,1,-1,-1,-1
214,7,533,355,200,272,1,-1,-1,-1
214,11,508,234,160,164,1,-1,-1,-1
214,15,2133,866,213,236,1,-1,-1,-1
214,41,471,925,272,288,1,-1,-1,-1
214,47,386,519,126,175,1,-1,-1,-1
214,49,388,534,220,384,1,-1,-1,-1
214,55,811,1202,288,238,1,-1,-1,-1
214,58,2105,888,318,344,1,-1,-1,-1
214,59,1837,524,176,208,1,-1,-1,-1
214,61,0,0,546,1331,1,-1,-1,-1
214,66,1191,628,176,236,1,-1,-1,-1
214,68,1394,652,181,301,1,-1,-1,-1
214,69,576,1304,194,136,1,-1,-1,-1
214,70,854,998,365,428,1,-1,-1,-1
214,72,1347,120,1213,827,1,-1,-1,-1
214,73,2121,569,164,192,1,-1,-1,-1
214,75,1015,100,1545,525,1,-1,-1,-1
214,76,1041,1029,240,388,1,-1,-1,-1
215,2,621,330,116,116,1,-1,-1,-1
215,5,404,384,228,188,1,-1,-1,-1
215,7,534,354,200,272,1,-1,-1,-1
215,11,509,233,160,164,1,-1,-1,-1
215,15,2133,862,213,236,1,-1,-1,-1
215,41,470,926,272,288,1,-1,-1,-1
215,47,386,520,126,175,1,-1,-1,-1
215,49,386,533,220,384,1,-1,-1,-1
215,55,799,1196,302,244,1,-1,-1,-1
215,58,2082,867,333,361,1,-1,-1,-1
215,59,1840,527,176,208,1,-1,-1,-1
215,61,0,0,545,1335,1,-1,-1,-1
215,66,1194,630,176,236,1,-1,-1,-1
215,68,1402,654,172,287,1,-1,-1,-1
215,69,576,1304,194,136,1,-1,-1,-1
215,70,852,1000,365,428,1,-1,-1,-1
215,72,1345,121,1215,827,1,-1,-1,-1
215,73,2122,567,164,192,1,-1,-1,-1
215,75,997,77,1563,525,1,-1,-1,-1
215,76,1038,1029,240,388,1,-1,-1,-1
216,2,620,329,116,116,1,-1,-1,-1
216,5,402,386,228,188,1,-1,-1,-1
216,7,532,355,200,272,1,-1,-1,-1
216,11,502,237,160,164,1,-1,-1,-1
216,15,2128,845,213,236,1,-1,-1,-1
216,41,461,932,272,288,1,-1,-1,-1
216,47,386,519,126,175,1,-1,-1,-1
216,49,386,533,220,384,1,-1,-1,-1
216,55,799,1192,302,248,1,-1,-1,-1
216,58,2086,834,318,344,1,-1,-1,-1
216,59,1774,457,176,208,1,-1,-1,-1
216,61,2,1,532,1300,1,-1,-1,-1
216,66,1202,634,168,225,1,-1,-1,-1
216,68,1423,656,172,287,1,-1,-1,-1
216,69,580,1313,185,127,1,-1,-1,-1
216,70,852,994,365,428,1,-1,-1,-1
216,72,1367,143,1193,827,1,-1,-1,-1
216,73,2047,565,164,192,1,-1,-1,-1
216,75,1021,76,1539,500,1,-1,-1,-1
216,76,1038,1027,240,388,1,-1,-1,-1
217,2,620,329,116,116,1,-1,-1,-1
217,5,402,386,228,188,1,-1,-1,-1
217,7,528,424,204,192,1,-1,-1,-1
217,11,502,237,160,164,1,-1,-1,-1
217,15,2132,756,168,304,1,-1,-1,-1
217,41,428,960,300,292,1,-1,-1,-1
217,47,384,524,140,164,1,-1,-1,-1
217,49,396,652,184,268,1,-1,-1,-1
217,55,788,1188,256,248,1,-1,-1,-1
217,58,2086,834,318,344,1,-1,-1,-1
217,59,1774,457,176,208,1,-1,-1,-1
217,61,2,1,532,1300,1,-1,-1,-1
217,66,1202,634,168,225,1,-1,-1,-1
217,68,1423,656,172,287,1,-1,-1,-1
217,69,580,1313,185,127,1,-1,-1,-1
217,70,852,994,365,428,1,-1,-1,-1
217,72,1367,143,1193,827,1,-1,-1,-1
217,73,2047,565,164,192,1,-1,-1,-1
217,75,1021,76,1539,500,1,-1,-1,-1
217,76,1064,1028,192,368,1,-1,-1,-1
217,77,1916,324,644,480,1,-1,-1,-1
217,78,1832,360,152,328,1,-1,-1,-1
217,79,1528,280,204,204,1,-1,-1,-1
217,80,1496,1216,204,220,1,-1,-1,-1
217,81,1428,680,236,112,1,-1,-1,-1
217,82,572,244,208,148,1,-1,-1,-1
217,83,1388,776,296,228,1,-1,-1,-1
218,2,615,334,116,116,1,-1,-1,-1
218,5,398,388,228,188,1,-1,-1,-1
218,7,528,425,204,192,1,-1,-1,-1
218,11,488,237,160,164,1,-1,-1,-1
218,15,2127,745,168,304,1,-1,-1,-1
218,41,425,960,300,292,1,-1,-1,-1
218,47,384,524,140,164,1,-1,-1,-1
218,49,396,652,184,268,1,-1,-1,-1
218,55,784,1184,256,248,1,-1,-1,-1
218,58,2069,813,318,344,1,-1,-1,-1
218,59,1825,482,176,208,1,-1,-1,-1
218,61,2,0,532,1298,1,-1,-1,-1
218,66,1200,636,168,225,1,-1,-1,-1
218,68,1397,640,172,287,1,-1,-1,-1
218,69,544,1358,185,82,1,-1,-1,-1
218,70,844,991,365,428,1,-1,-1,-1
218,72,1381,130,1179,827,1,-1,-1,-1
218,73,2027,555,164,192,1,-1,-1,-1
218,75,975,49,1585,525,1,-1,-1,-1
218,76,1062,1028,192,368,1,-1,-1,-1
218,77,1922,323,638,480,1,-1,-1,-1
218,78,1831,359,152,328,1,-1,-1,-1
218,79,1527,280,204,204,1,-1,-1,-1
218,80,1482,1199,204,220,1,-1,-1,-1
218,81,1433,676,236,112,1,-1,-1,-1
218,82,585,242,208,148,1,-1,-1,-1
218,83,1402,773,296,228,1,-1,-1,-1
219,2,615,330,116,116,1,-1,-1,-1
219,5,398,388,228,188,1,-1,-1,-1
219,7,529,427,204,192,1,-1,-1,-1
219,11,491,236,160,164,1,-1,-1,-1
219,15,2114,720,168,304,1,-1,-1,-1
219,41,424,961,300,292,1,-1,-1,-1
219,47,383,525,140,164,1,-1,-1,-1
219,49,395,653,184,268,1,-1,-1,-1
219,55,782,1179,256,248,1,-1,-1,-1
219,58,2055,771,318,344,1,-1,-1,-1
219,59,1830,483,176,208,1,-1,-1,-1
219,61,2,3,532,1300,1,-1,-1,-1
219,68,1398,633,172,287,1,-1,-1,-1
219,69,531,1360,185,80,1,-1,-1,-1
219,70,844,992,365,428,1,-1,-1,-1
219,72,1344,101,1216,827,1,-1,-1,-1
219,73,2107,534,164,192,1,-1,-1,-1
219,75,1034,58,1526,500,1,-1,-1,-1
219,76,1061,1028,192,368,1,-1,-1,-1
219,77,1913,324,644,480,1,-1,-1,-1
219,78,1829,356,152,328,1,-1,-1,-1
219,79,1527,280,204,204,1,-1,-1,-1
219,80,1477,1194,204,220,1,-1,-1,-1
219,81,1443,664,248,118,1,-1,-1,-1
219,82,596,239,208,148,1,-1,-1,-1
219,83,1427,769,296,228,1,-1,-1,-1
220,2,614,329,116,116,1,-1,-1,-1
220,5,398,389,228,188,1,-1,-1,-1
220,7,530,428,204,192,1,-1,-1,-1
220,11,492,234,160,164,1,-1,-1,-1
220,15,2093,689,168,304,1,-1,-1,-1
220,41,421,960,300,292,1,-1,-1,-1
220,47,383,525,140,164,1,-1,-1,-1
220,49,394,652,184,268,1,-1,-1,-1
220,55,780,1176,256,248,1,-1,-1,-1
220,58,2032,731,318,344,1,-1,-1,-1
220,59,1827,479,185,218,1,-1,-1,-1
220,61,0,0,532,1299,1,-1,-1,-1
220,68,1418,645,164,273,1,-1,-1,-1
220,69,532,1360,185,80,1,-1,-1,-1
220,70,838,992,365,428,1,-1,-1,-1
220,72,1342,76,1218,827,1,-1,-1,-1
220,73,2128,523,164,192,1,-1,-1,-1
220,75,1043,53,1517,500,1,-1,-1,-1
220,76,1060,1030,192,368,1,-1,-1,-1
220,77,1899,295,661,504,1,-1,-1,-1
220,78,1828,354,152,328,1,-1,-1,-1
220,79,1527,280,204,204,1,-1,-1,-1
220,80,1476,1188,214,231,1,-1,-1,-1
220,81,1446,655,248,118,1,-1,-1,-1
220,82,637,238,208,148,1,-1,-1,-1
220,83,1434,775,296,228,1,-1,-1,-1
221,2,613,329,116,116,1,-1,-1,-1
221,5,398,389,228,188,1,-1,-1,-1
221,7,529,428,204,192,1,-1,-1,-1
221,11,491,233,160,164,1,-1,-1,-1
221,15,2091,685,168,304,1,-1,-1,-1
221,41,423,959,300,292,1,-1,-1,-1
221,47,383,525,140,164,1,-1,-1,-1
221,49,393,653,184,268,1,-1,-1,-1
221,55,780,1177,256,248,1,-1,-1,-1
221,58,2042,751,302,328,1,-1,-1,-1
221,59,1828,480,185,218,1,-1,-1,-1
221,61,4,2,532,1300,1,-1,-1,-1
221,68,1418,652,156,260,1,-1,-1,-1
221,69,535,1358,185,82,1,-1,-1,-1
221,70,831,980,384,450,1,-1,-1,-1
221,72,1384,75,1176,788,1,-1,-1,-1
221,73,2127,523,164,192,1,-1,-1,-1
221,75,1027,40,1533,500,1,-1,-1,-1
221,76,1060,1030,192,368,1,-1,-1,-1
221,77,1898,296,662,504,1,-1,-1,-1
221,78,1828,355,152,328,1,-1,-1,-1
221,79,1526,280,204,204,1,-1,-1,-1
221,80,1480,1188,214,231,1,-1,-1,-1
221,81,1451,651,248,118,1,-1,-1,-1
221,82,636,237,208,148,1,-1,-1,-1
221,83,1437,776,296,228,1,-1,-1,-1
222,2,612,330,116,116,1,-1,-1,-1
222,5,397,388,228,188,1,-1,-1,-1
222,7,529,427,204,192,1,-1,-1,-1
222,11,494,232,160,164,1,-1,-1,-1
222,15,2083,673,168,304,1,-1,-1,-1
222,41,424,957,300,292,1,-1,-1,-1
222,47,383,525,140,164,1,-1,-1,-1
222,49,391,654,184,268,1,-1,-1,-1
222,55,779,1175,256,248,1,-1,-1,-1
222,58,2033,727,302,328,1,-1,-1,-1
222,59,1825,479,185,218,1,-1,-1,-1
222,61,0,6,530,1300,1,-1,-1,-1
222,68,1417,647,164,273,1,-1,-1,-1
222,69,535,1357,194,83,1,-1,-1,-1
222,70,821,971,403,469,1,-1,-1,-1
222,72,1418,79,1124,750,1,-1,-1,-1
222,73,2129,524,164,192,1,-1,-1,-1
222,75,1039,33,1521,500,1,-1,-1,-1
222,76,1065,1044,183,350,1,-1,-1,-1
222,77,1896,293,664,504,1,-1,-1,-1
222,78,1826,355,152,328,1,-1,-1,-1
222,79,1526,280,204,204,1,-1,-1,-1
222,80,1462,1177,214,231,1,-1,-1,-1
222,81,1450,644,260,123,1,-1,-1,-1
222,82,658,241,198,141,1,-1,-1,-1
222,83,1448,786,296,228,1,-1,-1,-1
223,2,611,330,116,116,1,-1,-1,-1
223,5,396,388,228,188,1,-1,-1,-1
223,7,529,426,204,192,1,-1,-1,-1
223,11,494,232,160,164,1,-1,-1,-1
223,15,2076,654,168,304,1,-1,-1,-1
223,41,426,956,300,292,1,-1,-1,-1
223,47,383,526,140,164,1,-1,-1,-1
223,49,387,657,184,268,1,-1,-1,-1
223,55,779,1176,256,248,1,-1,-1,-1
223,58,2030,715,302,328,1,-1,-1,-1
223,59,1823,478,185,218,1,-1,-1,-1
223,61,0,11,529,1300,1,-1,-1,-1
223,68,1421,653,164,273,1,-1,-1,-1
223,69,544,1352,194,88,1,-1,-1,-1
223,70,812,968,403,472,1,-1,-1,-1
223,72,1406,65,1124,750,1,-1,-1,-1
223,73,2130,522,164,192,1,-1,-1,-1
223,75,1091,41,1469,476,1,-1,-1,-1
223,76,1067,1051,183,350,1,-1,-1,-1
223,77,1896,297,664,504,1,-1,-1,-1
223,78,1819,347,160,344,1,-1,-1,-1
223,79,1526,280,204,204,1,-1,-1,-1
223,80,1438,1173,214,231,1,-1,-1,-1
223,81,1455,643,260,123,1,-1,-1,-1
223,82,670,244,198,141,1,-1,-1,-1
223,83,1463,796,296,228,1,-1,-1,-1
224,2,611,333,116,116,1,-1,-1,-1
224,5,396,389,228,188,1,-1,-1,-1
224,7,528,426,204,192,1,-1,-1,-1
224,11,494,231,160,164,1,-1,-1,-1
224,15,2067,643,168,304,1,-1,-1,-1
224,41,428,955,300,292,1,-1,-1,-1
224,47,384,526,140,164,1,-1,-1,-1
224,49,382,663,184,268,1,-1,-1,-1
224,55,777,1177,256,248,1,-1,-1,-1
224,58,2006,698,302,328,1,-1,-1,-1
224,59,1816,472,185,218,1,-1,-1,-1
224,61,0,15,529,1300,1,-1,-1,-1
224,68,1426,663,156,260,1,-1,-1,-1
224,69,545,1352,194,88,1,-1,-1,-1
224,70,814,968,403,472,1,-1,-1,-1
224,72,1441,79,1070,715,1,-1,-1,-1
224,73,2127,522,164,192,1,-1,-1,-1
224,75,1053,37,1507,500,1,-1,-1,-1
224,76,1067,1052,183,350,1,-1,-1,-1
224,77,1893,297,667,504,1,-1,-1,-1
224,78,1814,345,160,344,1,-1,-1,-1
224,79,1526,281,204,204,1,-1,-1,-1
224,80,1403,1139,225,243,1,-1,-1,-1
224,81,1453,654,273,130,1,-1,-1,-1
224,82,689,249,198,141,1,-1,-1,-1
224,83,1479,806,296,228,1,-1,-1,-1
225,2,612,324,116,144,1,-1,-1,-1
225,5,396,389,228,188,1,-1,-1,-1
225,7,524,444,228,176,1,-1,-1,-1
225,11,494,231,160,164,1,-1,-1,-1
225,15,2036,632,172,320,1,-1,-1,-1
225,41,420,956,320,288,1,-1,-1,-1
225,47,380,508,144,184,1,-1,-1,-1
225,49,364,692,172,288,1,-1,-1,-1
225,55,784,1168,256,268,1,-1,-1,-1
225,58,2006,698,302,328,1,-1,-1,-1
225,59,1820,480,196,148,1,-1,-1,-1
225,61,0,15,529,1300,1,-1,-1,-1
225,68,1426,663,156,260,1,-1,-1,-1
225,69,545,1352,194,88,1,-1,-1,-1
225,70,814,968,403,472,1,-1,-1,-1
225,72,1441,79,1070,715,1,-1,-1,-1
225,73,2152,516,140,152,1,-1,-1,-1
225,75,1053,37,1507,500,1,-1,-1,-1
225,76,1060,1024,272,412,1,-1,-1,-1
225,77,1893,297,667,504,1,-1,-1,-1
225,78,1814,345,160,344,1,-1,-1,-1
225,79,1524,284,204,204,1,-1,-1,-1
225,80,1403,1139,225,243,1,-1,-1,-1
225,81,1456,656,268,164,1,-1,-1,-1
225,82,689,249,198,141,1,-1,-1,-1
225,83,1479,806,296,228,1,-1,-1,-1
225,84,1768,392,164,124,1,-1,-1,-1
225,85,1368,1088,188,348,1,-1,-1,-1
226,2,611,324,116,144,1,-1,-1,-1
226,5,396,388,228,188,1,-1,-1,-1
226,7,523,444,228,176,1,-1,-1,-1
226,11,494,231,160,164,1,-1,-1,-1
226,15,2028,622,172,320,1,-1,-1,-1
226,41,420,958,320,288,1,-1,-1,-1
226,47,380,508,144,184,1,-1,-1,-1
226,49,356,708,172,288,1,-1,-1,-1
226,55,783,1170,256,268,1,-1,-1,-1
226,58,1974,669,302,328,1,-1,-1,-1
226,59,1814,481,196,148,1,-1,-1,-1
226,61,0,17,530,1300,1,-1,-1,-1
226,68,1450,681,156,260,1,-1,-1,-1
226,69,530,1368,185,72,1,-1,-1,-1
226,70,818,966,403,472,1,-1,-1,-1
226,72,1453,103,1070,715,1,-1,-1,-1
226,73,2149,515,147,160,1,-1,-1,-1
226,75,1061,34,1499,500,1,-1,-1,-1
226,76,1062,1025,272,412,1,-1,-1,-1
226,77,1887,300,673,504,1,-1,-1,-1
226,78,1806,341,160,344,1,-1,-1,-1
226,79,1524,284,204,204,1,-1,-1,-1
226,80,1390,1109,225,243,1,-1,-1,-1
226,81,1456,656,268,164,1,-1,-1,-1
226,82,713,251,198,141,1,-1,-1,-1
226,83,1505,815,296,228,1,-1,-1,-1
226,84,1751,389,164,124,1,-1,-1,-1
226,85,1366,1082,188,348,1,-1,-1,-1
227,2,612,324,116,144,1,-1,-1,-1
227,5,395,388,228,188,1,-1,-1,-1
227,7,524,444,228,176,1,-1,-1,-1
227,15,2023,618,172,320,1,-1,-1,-1
227,41,421,959,320,288,1,-1,-1,-1
227,47,381,508,144,184,1,-1,-1,-1
227,49,356,709,172,288,1,-1,-1,-1
227,55,782,1170,256,268,1,-1,-1,-1
227,58,1977,663,302,328,1,-1,-1,-1
227,59,1814,481,196,148,1,-1,-1,-1
227,61,0,17,529,1300,1,-1,-1,-1
227,69,529,1367,185,73,1,-1,-1,-1
227,70,818,969,403,471,1,-1,-1,-1
227,72,1452,102,1070,715,1,-1,-1,-1
227,73,2150,516,147,160,1,-1,-1,-1
227,75,1016,16,1544,525,1,-1,-1,-1
227,76,1062,1025,272,412,1,-1,-1,-1
227,77,1874,287,686,529,1,-1,-1,-1
227,78,1802,338,160,344,1,-1,-1,-1
227,79,1524,285,204,204,1,-1,-1,-1
227,80,1389,1102,225,243,1,-1,-1,-1
227,81,1456,656,268,164,1,-1,-1,-1
227,82,710,250,208,148,1,-1,-1,-1
227,83,1516,823,282,217,1,-1,-1,-1
227,84,1750,389,164,124,1,-1,-1,-1
227,85,1365,1080,188,348,1,-1,-1,-1
228,2,610,324,116,144,1,-1,-1,-1
228,5,396,388,228,188,1,-1,-1,-1
228,7,523,445,228,176,1,-1,-1,-1
228,15,2003,603,164,305,1,-1,-1,-1
228,41,424,961,320,288,1,-1,-1,-1
228,47,381,508,144,184,1,-1,-1,-1
228,49,357,718,172,288,1,-1,-1,-1
228,55,780,1171,256,268,1,-1,-1,-1
228,58,1957,647,302,328,1,-1,-1,-1
228,59,1811,480,196,148,1,-1,-1,-1
228,61,0,17,523,1300,1,-1,-1,-1
228,70,818,970,403,470,1,-1,-1,-1
228,72,1457,106,1070,715,1,-1,-1,-1
228,73,2150,519,147,160,1,-1,-1,-1
228,75,1003,20,1557,525,1,-1,-1,-1
228,76,1063,1027,272,412,1,-1,-1,-1
228,77,1876,299,684,529,1,-1,-1,-1
228,78,1801,328,160,344,1,-1,-1,-1
228,79,1523,285,204,204,1,-1,-1,-1
228,80,1382,1083,225,243,1,-1,-1,-1
228,81,1456,656,268,164,1,-1,-1,-1
228,82,714,252,208,148,1,-1,-1,-1
228,83,1520,825,282,217,1,-1,-1,-1
228,84,1734,387,164,124,1,-1,-1,-1
228,85,1370,1068,179,331,1,-1,-1,-1
229,2,607,325,116,144,1,-1,-1,-1
229,5,402,393,217,179,1,-1,-1,-1
229,7,523,445,228,176,1,-1,-1,-1
229,15,1999,598,164,305,1,-1,-1,-1
229,41,426,965,320,288,1,-1,-1,-1
229,47,381,508,144,184,1,-1,-1,-1
229,49,358,722,172,288,1,-1,-1,-1
229,55,785,1178,244,255,1,-1,-1,-1
229,58,1947,647,302,328,1,-1,-1,-1
229,59,1808,479,196,148,1,-1,-1,-1
229,61,0,18,519,1300,1,-1,-1,-1
229,70,814,972,403,468,1,-1,-1,-1
229,72,1416,96,1124,750,1,-1,-1,-1
229,73,2151,521,147,160,1,-1,-1,-1
229,75,1005,24,1555,525,1,-1,-1,-1
229,76,1065,1030,272,410,1,-1,-1,-1
229,77,1881,311,679,529,1,-1,-1,-1
229,78,1794,312,168,362,1,-1,-1,-1
229,79,1523,286,204,204,1,-1,-1,-1
229,80,1377,1050,225,243,1,-1,-1,-1
229,81,1454,656,268,164,1,-1,-1,-1
229,82,719,254,208,148,1,-1,-1,-1
229,83,1530,827,282,217,1,-1,-1,-1
229,84,1724,386,164,124,1,-1,-1,-1
229,85,1375,1051,171,316,1,-1,-1,-1
230,2,605,324,116,144,1,-1,-1,-1
230,5,402,393,217,179,1,-1,-1,-1
230,7,523,445,228,176,1,-1,-1,-1
230,15,1974,574,164,305,1,-1,-1,-1
230,41,430,974,320,288,1,-1,-1,-1
230,47,381,509,144,184,1,-1,-1,-1
230,49,356,726,172,288,1,-1,-1,-1
230,55,784,1179,244,255,1,-1,-1,-1
230,58,1929,611,302,328,1,-1,-1,-1
230,59,1808,479,196,148,1,-1,-1,-1
230,61,0,17,522,1300,1,-1,-1,-1
230,70,813,975,403,465,1,-1,-1,-1
230,72,1409,94,1124,750,1,-1,-1,-1
230,73,2153,524,147,160,1,-1,-1,-1
230,75,1012,21,1548,525,1,-1,-1,-1
230,76,1063,1029,272,411,1,-1,-1,-1
230,77,1882,314,678,529,1,-1,-1,-1
230,78,1794,309,168,362,1,-1,-1,-1
230,79,1524,286,204,204,1,-1,-1,-1
230,80,1363,1006,214,231,1,-1,-1,-1
230,81,1448,654,268,164,1,-1,-1,-1
230,82,725,255,208,148,1,-1,-1,-1
230,83,1535,830,282,217,1,-1,-1,-1
230,84,1719,386,164,124,1,-1,-1,-1
230,85,1384,1034,162,301,1,-1,-1,-1
231,2,604,324,116,144,1,-1,-1,-1
231,5,402,394,217,179,1,-1,-1,-1
231,7,525,445,228,176,1,-1,-1,-1
231,15,1968,568,164,305,1,-1,-1,-1
231,41,431,983,320,288,1,-1,-1,-1
231,47,382,509,144,184,1,-1,-1,-1
231,49,348,724,181,302,1,-1,-1,-1
231,55,782,1180,244,255,1,-1,-1,-1
231,58,1921,619,302,328,1,-1,-1,-1
231,59,1807,477,196,148,1,-1,-1,-1
231,61,0,12,524,1300,1,-1,-1,-1
231,70,813,975,403,465,1,-1,-1,-1
231,72,1408,94,1124,750,1,-1,-1,-1
231,73,2156,528,147,160,1,-1,-1,-1
231,75,1004,17,1556,525,1,-1,-1,-1
231,76,1062,1033,272,407,1,-1,-1,-1
231,77,1899,326,661,504,1,-1,-1,-1
231,78,1787,311,168,362,1,-1,-1,-1
231,79,1524,286,204,204,1,-1,-1,-1
231,80,1357,1002,214,231,1,-1,-1,-1
231,81,1444,651,268,164,1,-1,-1,-1
231,82,730,256,208,148,1,-1,-1,-1
231,83,1544,831,282,217,1,-1,-1,-1
231,84,1716,387,164,124,1,-1,-1,-1
231,85,1382,1007,171,316,1,-1,-1,-1
232,2,603,324,116,144,1,-1,-1,-1
232,5,403,393,217,179,1,-1,-1,-1
232,7,525,445,228,176,1,-1,-1,-1
232,15,1957,549,164,305,1,-1,-1,-1
232,41,426,983,336,302,1,-1,-1,-1
232,47,382,509,144,184,1,-1,-1,-1
232,49,318,750,190,318,1,-1,-1,-1
232,55,783,1179,244,255,1,-1,-1,-1
232,58,1907,591,302,328,1,-1,-1,-1
232,59,1806,476,196,148,1,-1,-1,-1
232,61,0,6,531,1300,1,-1,-1,-1
232,70,812,976,403,464,1,-1,-1,-1
232,72,1405,94,1124,750,1,-1,-1,-1
232,73,2159,529,147,160,1,-1,-1,-1
232,75,1008,24,1552,525,1,-1,-1,-1
232,76,1060,1033,272,407,1,-1,-1,-1
232,77,1901,321,659,504,1,-1,-1,-1
232,78,1781,303,168,362,1,-1,-1,-1
232,79,1523,286,204,204,1,-1,-1,-1
232,81,1441,651,268,164,1,-1,-1,-1
232,82,739,258,208,148,1,-1,-1,-1
232,83,1550,832,282,217,1,-1,-1,-1
232,84,1711,390,164,124,1,-1,-1,-1
232,85,1375,989,171,316,1,-1,-1,-1
233,2,603,324,116,144,1,-1,-1,-1
233,5,403,393,217,179,1,-1,-1,-1
233,7,524,448,260,144,1,-1,-1,-1
233,15,1976,544,144,324,1,-1,-1,-1
233,41,424,984,340,264,1,-1,-1,-1
233,47,372,500,152,200,1,-1,-1,-1
233,49,304,756,188,296,1,-1,-1,-1
233,55,784,1176,260,264,1,-1,-1,-1
233,58,1907,591,302,328,1,-1,-1,-1
233,59,1804,480,216,180,1,-1,-1,-1
233,61,0,6,531,1300,1,-1,-1,-1
233,70,812,976,403,464,1,-1,-1,-1
233,72,1405,94,1124,750,1,-1,-1,-1
233,73,2164,516,136,196,1,-1,-1,-1
233,75,1008,24,1552,525,1,-1,-1,-1
233,76,1060,1033,272,407,1,-1,-1,-1
233,77,1901,321,659,504,1,-1,-1,-1
233,78,1781,303,168,362,1,-1,-1,-1
233,79,1544,284,168,204,1,-1,-1,-1
233,81,1428,656,288,204,1,-1,-1,-1
233,82,739,258,208,148,1,-1,-1,-1
233,83,1550,832,282,217,1,-1,-1,-1
233,84,1700,396,192,124,1,-1,-1,-1
233,85,1348,1000,204,344,1,-1,-1,-1
233,86,444,404,168,104,1,-1,-1,-1
233,87,1072,1228,276,208,1,-1,-1,-1
234,2,603,323,116,144,1,-1,-1,-1
234,5,403,394,217,179,1,-1,-1,-1
234,7,525,448,260,144,1,-1,-1,-1
234,15,1974,538,144,324,1,-1,-1,-1
234,41,426,984,340,264,1,-1,-1,-1
234,47,373,501,152,200,1,-1,-1,-1
234,49,302,760,188,296,1,-1,-1,-1
234,55,784,1176,260,264,1,-1,-1,-1
234,58,1910,587,302,328,1,-1,-1,-1
234,59,1803,480,216,180,1,-1,-1,-1
234,61,2,16,532,1300,1,-1,-1,-1
234,70,814,977,403,463,1,-1,-1,-1
234,72,1408,85,1124,750,1,-1,-1,-1
234,73,2166,519,136,196,1,-1,-1,-1
234,75,1019,22,1541,525,1,-1,-1,-1
234,76,1055,1034,272,406,1,-1,-1,-1
234,77,1887,322,673,529,1,-1,-1,-1
234,78,1776,301,168,362,1,-1,-1,-1
234,79,1544,284,168,204,1,-1,-1,-1
234,81,1431,658,288,204,1,-1,-1,-1
234,82,749,262,208,148,1,-1,-1,-1
234,83,1551,825,282,217,1,-1,-1,-1
234,84,1695,400,192,124,1,-1,-1,-1
234,85,1342,992,204,344,1,-1,-1,-1
234,86,444,404,168,104,1,-1,-1,-1
234,87,1069,1231,276,208,1,-1,-1,-1
235,2,603,323,116,144,1,-1,-1,-1
235,5,403,395,217,179,1,-1,-1,-1
235,7,527,448,260,144,1,-1,-1,-1
235,15,1973,531,144,324,1,-1,-1,-1
235,41,432,986,340,264,1,-1,-1,-1
235,47,373,502,152,200,1,-1,-1,-1
235,49,301,768,188,296,1,-1,-1,-1
235,55,784,1177,260,263,1,-1,-1,-1
235,58,1903,576,302,328,1,-1,-1,-1
235,59,1802,480,216,180,1,-1,-1,-1
235,61,0,24,531,1300,1,-1,-1,-1
235,70,812,977,403,463,1,-1,-1,-1
235,72,1410,84,1124,750,1,-1,-1,-1
235,73,2168,523,136,196,1,-1,-1,-1
235,75,1009,18,1551,525,1,-1,-1,-1
235,76,1048,1026,286,414,1,-1,-1,-1
235,77,1893,309,667,529,1,-1,-1,-1
235,78,1773,299,168,362,1,-1,-1,-1
235,79,1543,284,168,204,1,-1,-1,-1
235,81,1435,661,288,204,1,-1,-1,-1
235,82,761,262,208,148,1,-1,-1,-1
235,83,1546,811,282,217,1,-1,-1,-1
235,84,1677,412,192,124,1,-1,-1,-1
235,85,1303,951,214,361,1,-1,-1,-1
235,86,445,404,168,104,1,-1,-1,-1
235,87,1064,1237,276,203,1,-1,-1,-1
236,2,604,324,116,144,1,-1,-1,-1
236,5,401,395,217,179,1,-1,-1,-1
236,7,530,446,260,144,1,-1,-1,-1
236,15,1969,529,144,324,1,-1,-1,-1
236,41,440,986,340,264,1,-1,-1,-1
236,47,373,502,152,200,1,-1,-1,-1
236,49,286,785,188,296,1,-1,-1,-1
236,55,783,1177,260,263,1,-1,-1,-1
236,58,1894,572,302,328,1,-1,-1,-1
236,59,1801,480,216,180,1,-1,-1,-1
236,61,0,17,528,1300,1,-1,-1,-1
236,70,814,978,403,462,1,-1,-1,-1
236,72,1410,87,1124,750,1,-1,-1,-1
236,73,2172,528,136,196,1,-1,-1,-1
236,75,1006,17,1554,525,1,-1,-1,-1
236,76,1049,1033,286,407,1,-1,-1,-1
236,77,1891,312,669,529,1,-1,-1,-1
236,78,1768,288,176,380,1,-1,-1,-1
236,79,1543,284,168,204,1,-1,-1,-1
236,81,1438,664,288,204,1,-1,-1,-1
236,82,769,263,208,148,1,-1,-1,-1
236,83,1540,809,282,217,1,-1,-1,-1
236,84,1673,415,192,124,1,-1,-1,-1
236,85,1275,932,214,361,1,-1,-1,-1
236,86,445,405,168,104,1,-1,-1,-1
236,87,1056,1242,276,198,1,-1,-1,-1
237,2,604,323,116,144,1,-1,-1,-1
237,5,402,398,217,179,1,-1,-1,-1
237,7,536,446,260,144,1,-1,-1,-1
237,15,1968,527,144,324,1,-1,-1,-1
237,41,450,984,340,264,1,-1,-1,-1
237,47,373,503,152,200,1,-1,-1,-1
237,49,284,800,188,296,1,-1,-1,-1
237,55,784,1177,260,263,1,-1,-1,-1
237,58,1890,561,302,328,1,-1,-1,-1
237,59,1800,480,216,180,1,-1,-1,-1
237,61,0,8,526,1300,1,-1,-1,-1
237,70,818,982,403,458,1,-1,-1,-1
237,72,1410,87,1124,750,1,-1,-1,-1
237,73,2176,538,136,196,1,-1,-1,-1
237,75,1009,24,1551,525,1,-1,-1,-1
237,76,1042,1027,286,413,1,-1,-1,-1
237,77,1890,315,670,529,1,-1,-1,-1
237,78,1768,287,176,380,1,-1,-1,-1
237,79,1542,283,168,204,1,-1,-1,-1
237,81,1442,665,288,204,1,-1,-1,-1
237,82,780,264,208,148,1,-1,-1,-1
237,83,1546,809,268,207,1,-1,-1,-1
237,84,1672,418,192,124,1,-1,-1,-1
237,85,1268,917,214,361,1,-1,-1,-1
237,86,445,406,168,104,1,-1,-1,-1
237,87,1054,1238,276,202,1,-1,-1,-1
238,2,604,323,116,144,1,-1,-1,-1
238,5,401,397,217,179,1,-1,-1,-1
238,7,554,442,260,144,1,-1,-1,-1
238,15,1968,521,144,324,1,-1,-1,-1
238,41,464,980,340,264,1,-1,-1,-1
238,47,373,503,152,200,1,-1,-1,-1
238,49,267,811,188,296,1,-1,-1,-1
238,55,784,1177,260,263,1,-1,-1,-1
238,58,1893,553,302,328,1,-1,-1,-1
238,59,1800,481,216,180,1,-1,-1,-1
238,61,0,0,539,1347,1,-1,-1,-1
238,70,820,983,403,457,1,-1,-1,-1
238,72,1408,87,1124,750,1,-1,-1,-1
238,73,2180,559,136,196,1,-1,-1,-1
238,75,1022,22,1538,525,1,-1,-1,-1
238,76,1039,1030,286,410,1,-1,-1,-1
238,77,1911,322,649,504,1,-1,-1,-1
238,79,1542,283,168,204,1,-1,-1,-1
238,81,1448,668,288,204,1,-1,-1,-1
238,82,780,256,218,155,1,-1,-1,-1
238,83,1547,808,268,207,1,-1,-1,-1
238,84,1688,415,183,118,1,-1,-1,-1
238,85,1260,918,204,344,1,-1,-1,-1
238,86,444,406,168,104,1,-1,-1,-1
238,87,1047,1238,276,202,1,-1,-1,-1
239,2,604,323,116,144,1,-1,-1,-1
239,5,402,398,217,179,1,-1,-1,-1
239,7,555,441,260,144,1,-1,-1,-1
239,15,1968,521,144,324,1,-1,-1,-1
239,41,469,977,340,264,1,-1,-1,-1
239,47,373,503,152,200,1,-1,-1,-1
239,49,267,812,188,296,1,-1,-1,-1
239,55,783,1177,260,263,1,-1,-1,-1
239,58,1889,548,302,328,1,-1,-1,-1
239,59,1799,481,216,180,1,-1,-1,-1
239,61,0,0,551,1382,1,-1,-1,-1
239,70,818,984,403,456,1,-1,-1,-1
239,72,1404,91,1124,750,1,-1,-1,-1
239,73,2187,564,136,196,1,-1,-1,-1
239,75,942,12,1618,551,1,-1,-1,-1
239,76,1036,1031,286,409,1,-1,-1,-1
239,77,1912,323,648,504,1,-1,-1,-1
239,79,1542,284,168,204,1,-1,-1,-1
239,81,1451,670,288,204,1,-1,-1,-1
239,82,784,255,218,155,1,-1,-1,-1
239,83,1548,806,268,207,1,-1,-1,-1
239,84,1690,415,183,118,1,-1,-1,-1
239,85,1260,917,204,344,1,-1,-1,-1
239,86,444,407,168,104,1,-1,-1,-1
239,87,1045,1237,276,203,1,-1,-1,-1
240,2,606,323,116,144,1,-1,-1,-1
240,5,402,396,217,179,1,-1,-1,-1
240,7,570,436,260,144,1,-1,-1,-1
240,15,1965,518,144,324,1,-1,-1,-1
240,41,479,973,340,264,1,-1,-1,-1
240,47,373,503,152,200,1,-1,-1,-1
240,49,264,820,179,282,1,-1,-1,-1
240,55,783,1178,260,262,1,-1,-1,-1
240,58,1891,558,288,312,1,-1,-1,-1
240,59,1799,481,216,180,1,-1,-1,-1
240,61,0,0,546,1384,1,-1,-1,-1
240,70,817,985,403,455,1,-1,-1,-1
240,72,1405,84,1124,750,1,-1,-1,-1
240,73,2188,583,136,196,1,-1,-1,-1
240,75,939,17,1621,551,1,-1,-1,-1
240,76,1041,1043,272,397,1,-1,-1,-1
240,77,1913,316,647,504,1,-1,-1,-1
240,79,1541,284,168,204,1,-1,-1,-1
240,81,1457,674,288,204,1,-1,-1,-1
240,82,782,251,229,163,1,-1,-1,-1
240,83,1547,806,268,207,1,-1,-1,-1
240,84,1685,414,183,118,1,-1,-1,-1
240,85,1255,914,204,344,1,-1,-1,-1
240,86,444,406,168,104,1,-1,-1,-1
240,87,1044,1237,276,203,1,-1,-1,-1
241,2,606,323,116,144,1,-1,-1,-1
241,5,444,400,172,168,1,-1,-1,-1
241,7,570,436,260,144,1,-1,-1,-1
241,15,1965,518,144,324,1,-1,-1,-1
241,41,504,972,344,236,1,-1,-1,-1
241,47,384,524,140,172,1,-1,-1,-1
241,49,272,812,204,336,1,-1,-1,-1
241,55,780,1176,264,264,1,-1,-1,-1
241,58,1891,558,288,312,1,-1,-1,-1
241,59,1808,484,196,180,1,-1,-1,-1
241,61,0,0,546,1384,1,-1,-1,-1
241,70,817,985,403,455,1,-1,-1,-1
241,72,1405,84,1124,750,1,-1,-1,-1
241,73,2188,583,136,196,1,-1,-1,-1
241,75,939,17,1621,551,1,-1,-1,-1
241,76,1041,1043,272,397,1,-1,-1,-1
241,77,1913,316,647,504,1,-1,-1,-1
241,79,1541,284,168,204,1,-1,-1,-1
241,81,1464,692,276,112,1,-1,-1,-1
241,82,788,280,192,108,1,-1,-1,-1
241,83,1547,806,268,207,1,-1,-1,-1
241,84,1612,424,232,128,1,-1,-1,-1
241,85,1232,956,224,280,1,-1,-1,-1
241,86,444,406,168,104,1,-1,-1,-1
241,87,1060,1244,236,196,1,-1,-1,-1
242,2,608,323,116,144,1,-1,-1,-1
242,5,445,399,172,168,1,-1,-1,-1
242,7,595,432,260,144,1,-1,-1,-1
242,15,1958,523,144,324,1,-1,-1,-1
242,41,507,970,344,236,1,-1,-1,-1
242,47,384,524,140,172,1,-1,-1,-1
242,49,270,813,204,336,1,-1,-1,-1
242,55,780,1176,264,264,1,-1,-1,-1
242,58,1883,563,288,312,1,-1,-1,-1
242,59,1807,484,196,180,1,-1,-1,-1
242,61,0,0,544,1378,1,-1,-1,-1
242,70,815,982,403,458,1,-1,-1,-1
242,72,1401,95,1124,750,1,-1,-1,-1
242,73,2193,594,143,206,1,-1,-1,-1
242,75,931,19,1629,551,1,-1,-1,-1
242,76,1043,1037,272,403,1,-1,-1,-1
242,77,1913,310,647,504,1,-1,-1,-1
242,79,1540,283,168,204,1,-1,-1,-1
242,81,1473,695,276,112,1,-1,-1,-1
242,82,788,280,192,108,1,-1,-1,-1
242,83,1549,807,268,207,1,-1,-1,-1
242,84,1610,424,232,128,1,-1,-1,-1
242,85,1230,952,224,280,1,-1,-1,-1
242,86,447,403,168,104,1,-1,-1,-1
242,87,1061,1246,236,194,1,-1,-1,-1
243,2,608,323,116,144,1,-1,-1,-1
243,5,446,399,172,168,1,-1,-1,-1
243,7,604,434,260,144,1,-1,-1,-1
243,15,1954,530,137,309,1,-1,-1,-1
243,41,514,971,344,236,1,-1,-1,-1
243,47,385,525,140,172,1,-1,-1,-1
243,49,269,814,204,336,1,-1,-1,-1
243,55,780,1177,264,263,1,-1,-1,-1
243,58,1880,562,288,312,1,-1,-1,-1
243,59,1806,484,196,180,1,-1,-1,-1
243,61,0,0,549,1385,1,-1,-1,-1
243,70,816,978,403,462,1,-1,-1,-1
243,72,1402,88,1124,750,1,-1,-1,-1
243,73,2197,610,150,216,1,-1,-1,-1
243,75,969,25,1591,525,1,-1,-1,-1
243,76,1047,1051,259,389,1,-1,-1,-1
243,77,1918,315,642,504,1,-1,-1,-1
243,79,1539,282,168,204,1,-1,-1,-1
243,81,1482,696,290,118,1,-1,-1,-1
243,82,790,281,192,108,1,-1,-1,-1
243,84,1607,424,232,128,1,-1,-1,-1
243,85,1227,946,224,280,1,-1,-1,-1
243,86,448,402,168,104,1,-1,-1,-1
243,87,1061,1250,236,190,1,-1,-1,-1
244,2,608,323,116,144,1,-1,-1,-1
244,5,446,400,172,168,1,-1,-1,-1
244,7,613,438,260,144,1,-1,-1,-1
244,15,1952,530,137,309,1,-1,-1,-1
244,41,519,975,344,236,1,-1,-1,-1
244,47,384,525,140,172,1,-1,-1,-1
244,49,267,815,204,336,1,-1,-1,-1
244,55,781,1178,264,262,1,-1,-1,-1
244,58,1875,570,288,312,1,-1,-1,-1
244,59,1805,485,196,180,1,-1,-1,-1
244,61,0,0,545,1386,1,-1,-1,-1
244,70,819,979,403,461,1,-1,-1,-1
244,72,1404,88,1124,750,1,-1,-1,-1
244,73,2207,630,150,216,1,-1,-1,-1
244,75,976,22,1584,525,1,-1,-1,-1
244,76,1048,1055,259,385,1,-1,-1,-1
244,77,1924,315,636,504,1,-1,-1,-1
244,79,1539,281,168,204,1,-1,-1,-1
244,81,1506,698,290,118,1,-1,-1,-1
244,82,790,284,192,108,1,-1,-1,-1
244,84,1601,424,232,128,1,-1,-1,-1
244,85,1230,950,213,267,1,-1,-1,-1
244,86,448,401,168,104,1,-1,-1,-1
244,87,1063,1254,236,186,1,-1,-1,-1
245,2,608,323,116,144,1,-1,-1,-1
245,5,446,401,172,168,1,-1,-1,-1
245,7,622,440,248,137,1,-1,-1,-1
245,15,1950,528,137,309,1,-1,-1,-1
245,41,519,976,344,236,1,-1,-1,-1
245,47,384,526,140,172,1,-1,-1,-1
245,49,267,815,204,336,1,-1,-1,-1
245,55,780,1178,264,262,1,-1,-1,-1
245,58,1879,564,288,312,1,-1,-1,-1
245,59,1805,485,196,180,1,-1,-1,-1
245,61,0,0,545,1383,1,-1,-1,-1
245,70,827,987,384,450,1,-1,-1,-1
245,72,1404,85,1124,750,1,-1,-1,-1
245,73,2208,631,150,216,1,-1,-1,-1
245,75,1027,33,1533,500,1,-1,-1,-1
245,76,1048,1048,259,392,1,-1,-1,-1
245,77,1913,316,647,504,1,-1,-1,-1
245,79,1539,282,168,204,1,-1,-1,-1
245,81,1509,703,276,112,1,-1,-1,-1
245,82,790,284,192,108,1,-1,-1,-1
245,84,1600,424,232,128,1,-1,-1,-1
245,85,1229,949,213,267,1,-1,-1,-1
245,86,448,401,168,104,1,-1,-1,-1
245,87,1063,1255,236,185,1,-1,-1,-1
246,2,610,325,116,144,1,-1,-1,-1
246,5,447,402,172,168,1,-1,-1,-1
246,7,641,438,248,137,1,-1,-1,-1
246,15,1948,532,137,309,1,-1,-1,-1
246,41,529,977,344,236,1,-1,-1,-1
246,47,384,527,140,172,1,-1,-1,-1
246,49,263,818,204,336,1,-1,-1,-1
246,55,780,1178,264,262,1,-1,-1,-1
246,58,1876,568,288,312,1,-1,-1,-1
246,59,1803,485,196,180,1,-1,-1,-1
246,61,0,0,544,1390,1,-1,-1,-1
246,70,828,988,384,450,1,-1,-1,-1
246,72,1401,87,1124,750,1,-1,-1,-1
246,73,2219,654,150,216,1,-1,-1,-1
246,75,1048,34,1512,500,1,-1,-1,-1
246,76,1045,1042,272,398,1,-1,-1,-1
246,77,1914,315,646,504,1,-1,-1,-1
246,79,1539,282,168,204,1,-1,-1,-1
246,81,1520,702,276,112,1,-1,-1,-1
246,82,790,287,192,108,1,-1,-1,-1
246,84,1592,424,232,128,1,-1,-1,-1
246,85,1228,948,213,267,1,-1,-1,-1
246,86,448,402,168,104,1,-1,-1,-1
246,87,1064,1258,236,182,1,-1,-1,-1
247,2,610,326,116,144,1,-1,-1,-1
247,5,446,402,172,168,1,-1,-1,-1
247,7,658,441,248,137,1,-1,-1,-1
247,15,1948,530,137,309,1,-1,-1,-1
247,41,535,977,344,236,1,-1,-1,-1
247,47,383,527,140,172,1,-1,-1,-1
247,49,259,818,204,336,1,-1,-1,-1
247,55,780,1179,264,261,1,-1,-1,-1
247,58,1876,571,288,312,1,-1,-1,-1
247,59,1802,486,196,180,1,-1,-1,-1
247,61,0,0,548,1393,1,-1,-1,-1
247,70,827,991,384,449,1,-1,-1,-1
247,72,1405,91,1124,750,1,-1,-1,-1
247,73,2232,668,157,227,1,-1,-1,-1
247,75,1015,18,1545,525,1,-1,-1,-1
247,76,1050,1044,272,396,1,-1,-1,-1
247,77,1914,320,646,504,1,-1,-1,-1
247,79,1538,282,168,204,1,-1,-1,-1
247,81,1519,700,276,112,1,-1,-1,-1
247,82,790,287,192,108,1,-1,-1,-1
247,84,1579,424,232,128,1,-1,-1,-1
247,85,1227,948,213,267,1,-1,-1,-1
247,86,448,402,168,104,1,-1,-1,-1
247,87,1066,1258,236,182,1,-1,-1,-1
248,2,611,327,116,144,1,-1,-1,-1
248,5,446,402,172,168,1,-1,-1,-1
248,7,671,444,248,137,1,-1,-1,-1
248,15,1948,532,137,309,1,-1,-1,-1
248,41,539,973,344,236,1,-1,-1,-1
248,47,383,528,140,172,1,-1,-1,-1
248,49,257,819,204,336,1,-1,-1,-1
248,55,778,1180,264,260,1,-1,-1,-1
248,58,1874,571,288,312,1,-1,-1,-1
248,59,1803,487,196,180,1,-1,-1,-1
248,61,0,0,539,1353,1,-1,-1,-1
248,70,825,991,384,449,1,-1,-1,-1
248,72,1414,86,1124,750,1,-1,-1,-1
248,73,2234,668,165,238,1,-1,-1,-1
248,75,1007,23,1553,525,1,-1,-1,-1
248,76,1054,1045,272,395,1,-1,-1,-1
248,77,1920,321,640,504,1,-1,-1,-1
248,79,1538,282,168,204,1,-1,-1,-1
248,81,1525,698,276,112,1,-1,-1,-1
248,82,791,287,192,108,1,-1,-1,-1
248,84,1566,421,232,128,1,-1,-1,-1
248,85,1227,947,213,267,1,-1,-1,-1
248,86,447,402,168,104,1,-1,-1,-1
248,87,1064,1261,236,179,1,-1,-1,-1
249,2,620,324,108,180,1,-1,-1,-1
249,5,446,402,172,168,1,-1,-1,-1
249,7,684,440,264,160,1,-1,-1,-1
249,15,1928,532,144,248,1,-1,-1,-1
249,41,540,976,300,172,1,-1,-1,-1
249,47,384,528,136,156,1,-1,-1,-1
249,49,228,832,204,328,1,-1,-1,-1
249,55,780,1188,268,252,1,-1,-1,-1
249,58,1874,571,288,312,1,-1,-1,-1
249,59,1804,484,180,172,1,-1,-1,-1
249,61,0,0,539,1353,1,-1,-1,-1
249,70,825,991,384,449,1,-1,-1,-1
249,72,1414,86,1124,750,1,-1,-1,-1
249,73,2244,676,160,268,1,-1,-1,-1
249,75,1007,23,1553,525,1,-1,-1,-1
249,76,1054,1045,272,395,1,-1,-1,-1
249,77,1920,321,640,504,1,-1,-1,-1
249,79,1538,282,168,204,1,-1,-1,-1
249,81,1525,698,276,112,1,-1,-1,-1
249,82,792,280,200,152,1,-1,-1,-1
249,84,1566,421,232,128,1,-1,-1,-1
249,85,1236,956,208,272,1,-1,-1,-1
249,86,444,400,172,120,1,-1,-1,-1
249,87,1072,1256,192,184,1,-1,-1,-1
249,88,1520,688,240,228,1,-1,-1,-1
249,89,1604,412,160,208,1,-1,-1,-1
250,2,621,324,108,180,1,-1,-1,-1
250,5,446,403,172,168,1,-1,-1,-1
250,7,688,441,264,160,1,-1,-1,-1
250,15,1929,532,144,248,1,-1,-1,-1
250,41,535,973,300,172,1,-1,-1,-1
250,47,383,529,136,156,1,-1,-1,-1
250,49,226,838,204,328,1,-1,-1,-1
250,55,782,1189,268,251,1,-1,-1,-1
250,58,1882,580,274,297,1,-1,-1,-1
250,59,1805,484,180,172,1,-1,-1,-1
250,61,0,0,560,1390,1,-1,-1,-1
250,70,823,991,384,449,1,-1,-1,-1
250,72,1414,77,1124,750,1,-1,-1,-1
250,73,2245,680,160,268,1,-1,-1,-1
250,75,1006,24,1554,525,1,-1,-1,-1
250,76,1051,1030,286,410,1,-1,-1,-1
250,77,1904,307,656,529,1,-1,-1,-1
250,79,1543,287,160,194,1,-1,-1,-1
250,81,1533,699,263,107,1,-1,-1,-1
250,82,793,281,200,152,1,-1,-1,-1
250,84,1547,417,232,128,1,-1,-1,-1
250,85,1236,954,208,272,1,-1,-1,-1
250,86,445,400,172,120,1,-1,-1,-1
250,87,1070,1255,192,184,1,-1,-1,-1
250,88,1520,690,240,228,1,-1,-1,-1
250,89,1602,412,160,208,1,-1,-1,-1
251,2,622,325,108,180,1,-1,-1,-1
251,5,446,402,172,168,1,-1,-1,-1
251,7,690,441,264,160,1,-1,-1,-1
251,15,1929,533,144,248,1,-1,-1,-1
251,41,533,973,300,172,1,-1,-1,-1
251,47,384,530,136,156,1,-1,-1,-1
251,49,224,841,204,328,1,-1,-1,-1
251,55,782,1190,268,250,1,-1,-1,-1
251,58,1880,580,274,297,1,-1,-1,-1
251,59,1806,485,180,172,1,-1,-1,-1
251,61,0,0,569,1392,1,-1,-1,-1
251,70,822,988,384,450,1,-1,-1,-1
251,72,1409,69,1124,750,1,-1,-1,-1
251,73,2249,687,152,255,1,-1,-1,-1
251,75,1007,26,1553,525,1,-1,-1,-1
251,76,1053,1027,286,413,1,-1,-1,-1
251,77,1903,307,657,529,1,-1,-1,-1
251,79,1543,287,160,194,1,-1,-1,-1
251,81,1539,703,250,102,1,-1,-1,-1
251,82,793,282,200,152,1,-1,-1,-1
251,84,1550,415,232,128,1,-1,-1,-1
251,85,1237,953,208,272,1,-1,-1,-1
251,86,445,400,172,120,1,-1,-1,-1
251,87,1069,1254,192,184,1,-1,-1,-1
251,88,1520,692,240,228,1,-1,-1,-1
251,89,1601,412,160,208,1,-1,-1,-1
252,2,622,326,108,180,1,-1,-1,-1
252,5,446,402,172,168,1,-1,-1,-1
252,7,693,442,264,160,1,-1,-1,-1
252,15,1930,533,144,248,1,-1,-1,-1
252,41,527,973,300,172,1,-1,-1,-1
252,47,383,531,136,156,1,-1,-1,-1
252,49,223,849,204,328,1,-1,-1,-1
252,55,782,1191,268,249,1,-1,-1,-1
252,58,1885,576,274,297,1,-1,-1,-1
252,59,1807,485,180,172,1,-1,-1,-1
252,61,0,0,566,1391,1,-1,-1,-1
252,70,821,989,384,450,1,-1,-1,-1
252,72,1416,83,1124,750,1,-1,-1,-1
252,73,2248,697,152,255,1,-1,-1,-1
252,75,1001,26,1559,525,1,-1,-1,-1
252,76,1052,1031,286,409,1,-1,-1,-1
252,77,1903,313,657,529,1,-1,-1,-1
252,79,1542,288,160,194,1,-1,-1,-1
252,81,1534,699,263,107,1,-1,-1,-1
252,82,794,282,200,152,1,-1,-1,-1
252,84,1537,416,232,128,1,-1,-1,-1
252,85,1236,950,208,272,1,-1,-1,-1
252,86,445,400,172,120,1,-1,-1,-1
252,87,1070,1250,192,184,1,-1,-1,-1
252,88,1522,695,240,228,1,-1,-1,-1
252,89,1600,412,160,208,1,-1,-1,-1
253,2,622,327,108,180,1,-1,-1,-1
253,5,446,403,172,168,1,-1,-1,-1
253,7,696,443,264,160,1,-1,-1,-1
253,15,1931,534,144,248,1,-1,-1,-1
253,41,522,978,300,172,1,-1,-1,-1
253,47,383,530,136,156,1,-1,-1,-1
253,49,211,876,204,328,1,-1,-1,-1
253,55,783,1190,268,250,1,-1,-1,-1
253,58,1887,583,261,283,1,-1,-1,-1
253,59,1808,485,180,172,1,-1,-1,-1
253,61,0,0,564,1399,1,-1,-1,-1
253,70,821,987,384,450,1,-1,-1,-1
253,72,1448,102,1070,715,1,-1,-1,-1
253,73,2245,706,152,255,1,-1,-1,-1
253,75,993,32,1567,525,1,-1,-1,-1
253,76,1052,1025,286,415,1,-1,-1,-1
253,77,1902,311,658,529,1,-1,-1,-1
253,79,1543,290,160,194,1,-1,-1,-1
253,81,1535,700,263,107,1,-1,-1,-1
253,82,797,284,200,152,1,-1,-1,-1
253,84,1539,418,232,128,1,-1,-1,-1
253,85,1235,950,208,272,1,-1,-1,-1
253,86,445,401,172,120,1,-1,-1,-1
253,87,1071,1246,192,184,1,-1,-1,-1
253,88,1526,697,240,228,1,-1,-1,-1
253,89,1598,413,160,208,1,-1,-1,-1
254,2,622,327,108,180,1,-1,-1,-1
254,5,446,403,172,168,1,-1,-1,-1
254,7,699,443,264,160,1,-1,-1,-1
254,15,1932,534,144,248,1,-1,-1,-1
254,41,520,983,300,172,1,-1,-1,-1
254,47,383,530,136,156,1,-1,-1,-1
254,49,197,904,204,328,1,-1,-1,-1
254,55,784,1189,268,251,1,-1,-1,-1
254,58,1887,577,261,283,1,-1,-1,-1
254,59,1808,485,180,172,1,-1,-1,-1
254,61,0,0,561,1397,1,-1,-1,-1
254,70,823,987,384,450,1,-1,-1,-1
254,72,1452,97,1070,715,1,-1,-1,-1
254,73,2241,707,152,255,1,-1,-1,-1
254,75,980,28,1580,525,1,-1,-1,-1
254,76,1052,1025,286,415,1,-1,-1,-1
254,77,1899,308,661,529,1,-1,-1,-1
254,79,1543,289,160,194,1,-1,-1,-1
254,81,1541,701,263,107,1,-1,-1,-1
254,82,800,286,200,152,1,-1,-1,-1
254,84,1539,418,232,128,1,-1,-1,-1
254,85,1235,945,208,272,1,-1,-1,-1
254,86,445,401,172,120,1,-1,-1,-1
254,87,1078,1242,192,184,1,-1,-1,-1
254,88,1522,695,252,239,1,-1,-1,-1
254,89,1597,414,160,208,1,-1,-1,-1
255,2,622,327,108,180,1,-1,-1,-1
255,5,446,404,172,168,1,-1,-1,-1
255,7,699,440,277,168,1,-1,-1,-1
255,15,1932,535,144,248,1,-1,-1,-1
255,41,519,986,300,172,1,-1,-1,-1
255,47,383,531,136,156,1,-1,-1,-1
255,49,192,914,204,328,1,-1,-1,-1
255,55,784,1189,268,251,1,-1,-1,-1
255,58,1879,573,274,297,1,-1,-1,-1
255,59,1808,486,180,172,1,-1,-1,-1
255,61,0,0,546,1365,1,-1,-1,-1
255,70,825,988,384,450,1,-1,-1,-1
255,72,1456,100,1070,715,1,-1,-1,-1
255,73,2238,707,152,255,1,-1,-1,-1
255,75,1028,35,1532,500,1,-1,-1,-1
255,76,1050,1019,286,421,1,-1,-1,-1
255,77,1902,305,658,529,1,-1,-1,-1
255,79,1542,289,160,194,1,-1,-1,-1
255,81,1541,703,263,107,1,-1,-1,-1
255,82,807,288,200,152,1,-1,-1,-1
255,84,1537,420,232,128,1,-1,-1,-1
255,85,1235,939,208,272,1,-1,-1,-1
255,86,444,402,172,120,1,-1,-1,-1
255,87,1081,1240,192,184,1,-1,-1,-1
255,88,1523,697,252,239,1,-1,-1,-1
255,89,1596,417,160,208,1,-1,-1,-1
256,2,623,328,108,180,1,-1,-1,-1
256,5,446,405,172,168,1,-1,-1,-1
256,7,703,440,277,168,1,-1,-1,-1
256,15,1936,541,137,236,1,-1,-1,-1
256,41,520,989,300,172,1,-1,-1,-1
256,47,383,532,136,156,1,-1,-1,-1
256,49,184,927,204,328,1,-1,-1,-1
256,55,785,1188,268,252,1,-1,-1,-1
256,58,1881,577,274,297,1,-1,-1,-1
256,59,1808,486,180,172,1,-1,-1,-1
256,61,0,0,546,1359,1,-1,-1,-1
256,70,826,987,384,450,1,-1,-1,-1
256,72,1455,102,1070,715,1,-1,-1,-1
256,73,2236,707,152,255,1,-1,-1,-1
256,75,1042,34,1518,500,1,-1,-1,-1
256,76,1051,1015,286,425,1,-1,-1,-1
256,77,1904,304,656,529,1,-1,-1,-1
256,79,1542,287,160,194,1,-1,-1,-1
256,81,1542,703,263,107,1,-1,-1,-1
256,82,813,289,200,152,1,-1,-1,-1
256,84,1533,423,232,128,1,-1,-1,-1
256,85,1236,932,208,272,1,-1,-1,-1
256,86,444,403,172,120,1,-1,-1,-1
256,87,1083,1236,192,184,1,-1,-1,-1
256,88,1524,698,252,239,1,-1,-1,-1
256,89,1594,420,160,208,1,-1,-1,-1
257,2,623,328,108,180,1,-1,-1,-1
257,5,446,405,172,168,1,-1,-1,-1
257,7,740,440,240,176,1,-1,-1,-1
257,15,1936,541,137,236,1,-1,-1,-1
257,41,516,984,316,180,1,-1,-1,-1
257,47,388,532,128,152,1,-1,-1,-1
257,49,176,916,236,352,1,-1,-1,-1
257,55,780,1188,276,248,1,-1,-1,-1
257,58,1881,577,274,297,1,-1,-1,-1
257,59,1808,484,184,172,1,-1,-1,-1
257,61,0,0,546,1359,1,-1,-1,-1
257,70,826,987,384,450,1,-1,-1,-1
257,72,1455,102,1070,715,1,-1,-1,-1
257,73,2244,720,148,228,1,-1,-1,-1
257,75,1042,34,1518,500,1,-1,-1,-1
257,76,1051,1015,286,425,1,-1,-1,-1
257,77,1904,304,656,529,1,-1,-1,-1
257,79,1542,287,160,194,1,-1,-1,-1
257,81,1542,703,263,107,1,-1,-1,-1
257,82,808,292,216,128,1,-1,-1,-1
257,84,1533,423,232,128,1,-1,-1,-1
257,85,1244,952,188,272,1,-1,-1,-1
257,86,436,404,176,120,1,-1,-1,-1
257,87,1083,1236,192,184,1,-1,-1,-1
257,88,1528,692,232,220,1,-1,-1,-1
257,89,1596,412,144,228,1,-1,-1,-1
258,2,624,328,108,180,1,-1,-1,-1
258,5,445,405,172,168,1,-1,-1,-1
258,7,744,438,240,176,1,-1,-1,-1
258,15,1934,540,137,236,1,-1,-1,-1
258,41,518,985,316,180,1,-1,-1,-1
258,47,389,531,128,152,1,-1,-1,-1
258,49,173,918,236,352,1,-1,-1,-1
258,55,780,1187,276,248,1,-1,-1,-1
258,58,1879,575,274,297,1,-1,-1,-1
258,59,1807,484,184,172,1,-1,-1,-1
258,61,0,0,549,1351,1,-1,-1,-1
258,70,825,987,384,450,1,-1,-1,-1
258,72,1454,104,1070,715,1,-1,-1,-1
258,73,2243,721,148,228,1,-1,-1,-1
258,75,1035,34,1525,500,1,-1,-1,-1
258,76,1051,1018,286,422,1,-1,-1,-1
258,77,1900,308,660,529,1,-1,-1,-1
258,79,1542,287,160,194,1,-1,-1,-1
258,81,1541,704,263,107,1,-1,-1,-1
258,82,812,292,216,128,1,-1,-1,-1
258,84,1533,423,232,128,1,-1,-1,-1
258,85,1243,949,188,272,1,-1,-1,-1
258,86,436,404,176,120,1,-1,-1,-1
258,87,1082,1234,192,184,1,-1,-1,-1
258,88,1528,692,232,220,1,-1,-1,-1
258,89,1597,413,144,228,1,-1,-1,-1
259,2,625,329,108,180,1,-1,-1,-1
259,5,446,406,172,168,1,-1,-1,-1
259,7,748,430,252,185,1,-1,-1,-1
259,15,1931,535,144,248,1,-1,-1,-1
259,41,521,984,316,180,1,-1,-1,-1
259,47,390,532,128,152,1,-1,-1,-1
259,49,169,922,236,352,1,-1,-1,-1
259,55,781,1189,276,248,1,-1,-1,-1
259,58,1885,577,261,283,1,-1,-1,-1
259,59,1808,483,184,172,1,-1,-1,-1
259,61,0,0,554,1348,1,-1,-1,-1
259,70,826,985,384,450,1,-1,-1,-1
259,72,1452,102,1070,715,1,-1,-1,-1
259,73,2242,721,148,228,1,-1,-1,-1
259,75,1037,37,1523,500,1,-1,-1,-1
259,76,1048,1021,286,419,1,-1,-1,-1
259,77,1903,308,657,529,1,-1,-1,-1
259,79,1543,287,160,194,1,-1,-1,-1
259,81,1540,703,263,107,1,-1,-1,-1
259,82,816,293,216,128,1,-1,-1,-1
259,84,1540,428,221,122,1,-1,-1,-1
259,85,1243,945,188,272,1,-1,-1,-1
259,86,437,405,176,120,1,-1,-1,-1
259,87,1082,1230,192,184,1,-1,-1,-1
259,88,1528,693,232,220,1,-1,-1,-1
259,89,1599,415,144,228,1,-1,-1,-1
260,2,623,324,113,189,1,-1,-1,-1
260,5,447,406,172,168,1,-1,-1,-1
260,7,752,426,252,185,1,-1,-1,-1
260,15,1928,533,144,248,1,-1,-1,-1
260,41,524,983,316,180,1,-1,-1,-1
260,47,391,532,128,152,1,-1,-1,-1
260,49,168,925,236,352,1,-1,-1,-1
260,55,782,1191,276,248,1,-1,-1,-1
260,58,1883,580,261,283,1,-1,-1,-1
260,59,1806,483,184,172,1,-1,-1,-1
260,61,6,14,532,1300,1,-1,-1,-1
260,70,827,987,384,450,1,-1,-1,-1
260,72,1449,98,1070,715,1,-1,-1,-1
260,73,2240,722,148,228,1,-1,-1,-1
260,75,986,30,1574,525,1,-1,-1,-1
260,76,1048,1019,286,421,1,-1,-1,-1
260,77,1901,309,659,529,1,-1,-1,-1
260,79,1545,288,160,194,1,-1,-1,-1
260,81,1537,703,263,107,1,-1,-1,-1
260,82,820,293,216,128,1,-1,-1,-1
260,84,1546,433,221,122,1,-1,-1,-1
260,85,1240,945,188,272,1,-1,-1,-1
260,86,437,405,176,120,1,-1,-1,-1
260,87,1084,1226,192,184,1,-1,-1,-1
260,88,1529,693,232,220,1,-1,-1,-1
260,89,1600,417,144,228,1,-1,-1,-1
261,2,623,325,113,189,1,-1,-1,-1
261,5,446,406,172,168,1,-1,-1,-1
261,7,757,424,252,185,1,-1,-1,-1
261,15,1922,530,144,248,1,-1,-1,-1
261,41,526,983,316,180,1,-1,-1,-1
261,47,391,533,128,152,1,-1,-1,-1
261,49,165,925,236,352,1,-1,-1,-1
261,55,784,1191,276,248,1,-1,-1,-1
261,58,1872,579,261,283,1,-1,-1,-1
261,59,1803,482,184,172,1,-1,-1,-1
261,61,8,14,532,1300,1,-1,-1,-1
261,70,828,988,384,450,1,-1,-1,-1
261,72,1454,100,1070,715,1,-1,-1,-1
261,73,2231,721,148,228,1,-1,-1,-1
261,75,1029,47,1531,500,1,-1,-1,-1
261,76,1046,1016,286,424,1,-1,-1,-1
261,77,1901,308,659,529,1,-1,-1,-1
261,79,1546,289,160,194,1,-1,-1,-1
261,81,1537,703,263,107,1,-1,-1,-1
261,82,823,294,216,128,1,-1,-1,-1
261,84,1552,441,210,116,1,-1,-1,-1
261,85,1231,939,188,272,1,-1,-1,-1
261,86,437,407,176,120,1,-1,-1,-1
261,87,1085,1220,192,184,1,-1,-1,-1
261,88,1530,693,232,220,1,-1,-1,-1
261,89,1602,422,144,228,1,-1,-1,-1
262,2,623,326,113,189,1,-1,-1,-1
262,5,445,407,172,168,1,-1,-1,-1
262,7,759,425,252,185,1,-1,-1,-1
262,15,1914,527,144,248,1,-1,-1,-1
262,41,530,982,316,180,1,-1,-1,-1
262,47,391,533,128,152,1,-1,-1,-1
262,49,162,926,236,352,1,-1,-1,-1
262,55,784,1191,276,248,1,-1,-1,-1
262,58,1871,585,249,270,1,-1,-1,-1
262,59,1801,481,184,172,1,-1,-1,-1
262,61,8,13,532,1300,1,-1,-1,-1
262,70,829,988,384,450,1,-1,-1,-1
262,72,1453,101,1070,715,1,-1,-1,-1
262,73,2235,724,148,228,1,-1,-1,-1
262,75,1028,43,1532,500,1,-1,-1,-1
262,76,1043,1014,286,426,1,-1,-1,-1
262,77,1899,307,661,529,1,-1,-1,-1
262,79,1546,289,160,194,1,-1,-1,-1
262,81,1542,706,250,102,1,-1,-1,-1
262,82,824,294,216,128,1,-1,-1,-1
262,84,1554,443,210,116,1,-1,-1,-1
262,85,1225,914,197,286,1,-1,-1,-1
262,86,436,407,176,120,1,-1,-1,-1
262,87,1086,1217,192,184,1,-1,-1,-1
262,88,1532,693,232,220,1,-1,-1,-1
262,89,1603,425,144,228,1,-1,-1,-1
263,2,624,325,113,189,1,-1,-1,-1
263,5,445,407,172,168,1,-1,-1,-1
263,7,758,424,252,185,1,-1,-1,-1
263,15,1913,527,144,248,1,-1,-1,-1
263,41,530,982,316,180,1,-1,-1,-1
263,47,391,533,128,152,1,-1,-1,-1
263,49,160,927,236,352,1,-1,-1,-1
263,55,785,1191,276,248,1,-1,-1,-1
263,58,1873,586,249,270,1,-1,-1,-1
263,59,1799,481,184,172,1,-1,-1,-1
263,61,8,16,532,1300,1,-1,-1,-1
263,70,830,988,384,450,1,-1,-1,-1
263,72,1457,101,1070,715,1,-1,-1,-1
263,73,2236,725,148,228,1,-1,-1,-1
263,75,1024,43,1536,500,1,-1,-1,-1
263,76,1051,1021,272,412,1,-1,-1,-1
263,77,1898,309,662,529,1,-1,-1,-1
263,79,1546,289,160,194,1,-1,-1,-1
263,81,1542,706,250,102,1,-1,-1,-1
263,82,824,295,216,128,1,-1,-1,-1
263,84,1561,445,200,111,1,-1,-1,-1
263,85,1220,909,207,300,1,-1,-1,-1
263,86,436,407,176,120,1,-1,-1,-1
263,87,1085,1217,192,184,1,-1,-1,-1
263,88,1532,693,232,220,1,-1,-1,-1
263,89,1604,425,144,228,1,-1,-1,-1
264,2,623,326,113,189,1,-1,-1,-1
264,5,445,408,172,168,1,-1,-1,-1
264,7,759,425,252,185,1,-1,-1,-1
264,15,1909,526,144,248,1,-1,-1,-1
264,41,534,983,316,180,1,-1,-1,-1
264,47,391,533,128,152,1,-1,-1,-1
264,49,155,929,236,352,1,-1,-1,-1
264,55,786,1191,276,248,1,-1,-1,-1
264,58,1869,580,249,270,1,-1,-1,-1
264,59,1799,480,184,172,1,-1,-1,-1
264,61,5,15,532,1300,1,-1,-1,-1
264,70,830,988,384,450,1,-1,-1,-1
264,72,1458,98,1070,715,1,-1,-1,-1
264,73,2234,731,141,217,1,-1,-1,-1
264,75,1024,47,1536,500,1,-1,-1,-1
264,76,1046,1022,272,412,1,-1,-1,-1
264,77,1900,312,660,529,1,-1,-1,-1
264,79,1547,289,160,194,1,-1,-1,-1
264,81,1543,705,250,102,1,-1,-1,-1
264,82,825,295,216,128,1,-1,-1,-1
264,84,1565,447,200,111,1,-1,-1,-1
264,85,1215,890,207,300,1,-1,-1,-1
264,86,435,408,176,120,1,-1,-1,-1
264,87,1088,1216,192,184,1,-1,-1,-1
264,88,1532,693,232,220,1,-1,-1,-1
264,89,1605,426,144,228,1,-1,-1,-1
265,2,623,326,113,189,1,-1,-1,-1
265,5,445,408,172,168,1,-1,-1,-1
265,7,776,420,232,164,1,-1,-1,-1
265,15,1909,526,144,248,1,-1,-1,-1
265,41,544,984,332,220,1,-1,-1,-1
265,47,388,532,128,148,1,-1,-1,-1
265,49,116,932,268,336,1,-1,-1,-1
265,55,780,1192,300,248,1,-1,-1,-1
265,58,1869,580,249,270,1,-1,-1,-1
265,59,1804,484,180,160,1,-1,-1,-1
265,61,5,15,532,1300,1,-1,-1,-1
265,72,1458,98,1070,715,1,-1,-1,-1
265,73,2234,731,141,217,1,-1,-1,-1
265,75,1024,47,1536,500,1,-1,-1,-1
265,76,1046,1022,272,412,1,-1,-1,-1
265,77,1900,312,660,529,1,-1,-1,-1
265,79,1547,289,160,194,1,-1,-1,-1
265,81,1543,705,250,102,1,-1,-1,-1
265,82,828,304,212,132,1,-1,-1,-1
265,84,1565,447,200,111,1,-1,-1,-1
265,85,1215,890,207,300,1,-1,-1,-1
265,86,435,408,176,120,1,-1,-1,-1
265,87,1088,1216,192,184,1,-1,-1,-1
265,88,1532,693,232,220,1,-1,-1,-1
265,89,1608,424,128,240,1,-1,-1,-1
265,90,1408,1236,280,200,1,-1,-1,-1
265,91,2128,768,248,232,1,-1,-1,-1
266,2,623,326,113,189,1,-1,-1,-1
266,5,442,410,172,168,1,-1,-1,-1
266,7,777,419,232,164,1,-1,-1,-1
266,15,1911,530,144,248,1,-1,-1,-1
266,41,547,984,332,220,1,-1,-1,-1
266,47,388,532,128,148,1,-1,-1,-1
266,49,111,933,268,336,1,-1,-1,-1
266,55,780,1192,300,248,1,-1,-1,-1
266,58,1872,578,249,270,1,-1,-1,-1
266,59,1805,485,180,160,1,-1,-1,-1
266,61,6,18,532,1300,1,-1,-1,-1
266,72,1450,88,1070,715,1,-1,-1,-1
266,73,2230,710,141,217,1,-1,-1,-1
266,75,1018,48,1542,500,1,-1,-1,-1
266,76,1047,1020,272,412,1,-1,-1,-1
266,77,1901,306,659,529,1,-1,-1,-1
266,79,1547,291,160,194,1,-1,-1,-1
266,81,1548,696,263,107,1,-1,-1,-1
266,82,828,304,212,132,1,-1,-1,-1
266,84,1572,449,191,105,1,-1,-1,-1
266,85,1208,868,207,300,1,-1,-1,-1
266,86,430,410,176,120,1,-1,-1,-1
266,87,1092,1226,183,175,1,-1,-1,-1
266,88,1538,689,232,220,1,-1,-1,-1
266,89,1608,424,128,240,1,-1,-1,-1
266,90,1432,1218,280,200,1,-1,-1,-1
266,91,2121,766,248,232,1,-1,-1,-1
267,2,623,326,113,189,1,-1,-1,-1
267,5,440,411,172,168,1,-1,-1,-1
267,7,779,419,232,164,1,-1,-1,-1
267,15,1920,532,144,248,1,-1,-1,-1
267,41,550,986,332,220,1,-1,-1,-1
267,47,388,532,128,148,1,-1,-1,-1
267,49,102,937,268,336,1,-1,-1,-1
267,55,780,1192,300,248,1,-1,-1,-1
267,58,1885,583,237,257,1,-1,-1,-1
267,59,1808,487,180,160,1,-1,-1,-1
267,61,3,17,532,1300,1,-1,-1,-1
267,72,1452,90,1070,715,1,-1,-1,-1
267,73,2222,711,141,217,1,-1,-1,-1
267,75,1018,48,1542,500,1,-1,-1,-1
267,76,1047,1025,272,412,1,-1,-1,-1
267,77,1901,306,659,529,1,-1,-1,-1
267,79,1547,290,160,194,1,-1,-1,-1
267,81,1559,690,263,107,1,-1,-1,-1
267,82,828,304,212,132,1,-1,-1,-1
267,84,1572,449,191,105,1,-1,-1,-1
267,85,1208,857,207,300,1,-1,-1,-1
267,86,427,412,176,120,1,-1,-1,-1
267,87,1090,1234,183,175,1,-1,-1,-1
267,88,1542,679,244,231,1,-1,-1,-1
267,89,1608,424,128,240,1,-1,-1,-1
267,90,1454,1186,294,210,1,-1,-1,-1
267,91,2099,766,248,232,1,-1,-1,-1
268,2,623,326,113,189,1,-1,-1,-1
268,5,438,412,172,168,1,-1,-1,-1
268,7,781,421,232,164,1,-1,-1,-1
268,15,1928,536,144,248,1,-1,-1,-1
268,41,561,992,316,210,1,-1,-1,-1
268,47,388,533,128,148,1,-1,-1,-1
268,49,92,942,268,336,1,-1,-1,-1
268,55,781,1192,300,248,1,-1,-1,-1
268,58,1901,560,237,257,1,-1,-1,-1
268,59,1810,488,180,160,1,-1,-1,-1
268,61,0,0,550,1354,1,-1,-1,-1
268,72,1454,86,1070,715,1,-1,-1,-1
268,73,2196,704,148,228,1,-1,-1,-1
268,75,1020,46,1540,500,1,-1,-1,-1
268,76,1049,1041,272,399,1,-1,-1,-1
268,77,1902,309,658,529,1,-1,-1,-1
268,79,1546,290,160,194,1,-1,-1,-1
268,81,1563,686,263,107,1,-1,-1,-1
268,82,829,304,212,132,1,-1,-1,-1
268,84,1573,450,191,105,1,-1,-1,-1
268,85,1202,852,207,300,1,-1,-1,-1
268,86,425,414,176,120,1,-1,-1,-1
268,87,1086,1245,183,175,1,-1,-1,-1
268,88,1541,675,244,231,1,-1,-1,-1
268,89,1609,424,128,240,1,-1,-1,-1
268,90,1478,1159,294,210,1,-1,-1,-1
268,91,2076,768,248,232,1,-1,-1,-1
269,2,623,326,113,189,1,-1,-1,-1
269,5,438,412,172,168,1,-1,-1,-1
269,7,781,422,232,164,1,-1,-1,-1
269,15,1929,534,144,248,1,-1,-1,-1
269,41,561,994,316,210,1,-1,-1,-1
269,47,388,532,128,148,1,-1,-1,-1
269,49,91,943,268,336,1,-1,-1,-1
269,55,780,1192,300,248,1,-1,-1,-1
269,58,1903,565,237,257,1,-1,-1,-1
269,59,1810,488,180,160,1,-1,-1,-1
269,61,0,0,550,1348,1,-1,-1,-1
269,72,1451,84,1070,715,1,-1,-1,-1
269,73,2191,699,148,228,1,-1,-1,-1
269,75,1020,45,1540,500,1,-1,-1,-1
269,76,1052,1050,272,390,1,-1,-1,-1
269,77,1903,308,657,529,1,-1,-1,-1
269,79,1546,290,160,194,1,-1,-1,-1
269,81,1566,683,263,107,1,-1,-1,-1
269,82,829,304,212,132,1,-1,-1,-1
269,84,1573,451,191,105,1,-1,-1,-1
269,85,1200,852,207,300,1,-1,-1,-1
269,86,424,414,176,120,1,-1,-1,-1
269,87,1086,1244,183,175,1,-1,-1,-1
269,88,1547,679,232,220,1,-1,-1,-1
269,89,1609,424,128,240,1,-1,-1,-1
269,90,1480,1158,294,210,1,-1,-1,-1
269,91,2069,768,248,232,1,-1,-1,-1
270,2,623,326,113,189,1,-1,-1,-1
270,5,436,412,172,168,1,-1,-1,-1
270,7,783,422,232,164,1,-1,-1,-1
270,15,1934,536,144,248,1,-1,-1,-1
270,41,562,995,316,210,1,-1,-1,-1
270,47,387,532,128,148,1,-1,-1,-1
270,49,84,947,268,336,1,-1,-1,-1
270,55,780,1193,300,247,1,-1,-1,-1
270,58,1909,565,237,257,1,-1,-1,-1
270,59,1810,489,180,160,1,-1,-1,-1
270,61,0,0,548,1354,1,-1,-1,-1
270,72,1452,86,1070,715,1,-1,-1,-1
270,73,2170,694,155,239,1,-1,-1,-1
270,75,1012,43,1548,500,1,-1,-1,-1
270,76,1054,1054,272,386,1,-1,-1,-1
270,77,1902,310,658,529,1,-1,-1,-1
270,79,1546,291,160,194,1,-1,-1,-1
270,81,1571,681,263,107,1,-1,-1,-1
270,82,829,304,212,132,1,-1,-1,-1
270,84,1573,453,191,105,1,-1,-1,-1
270,85,1202,851,207,300,1,-1,-1,-1
270,86,423,414,176,120,1,-1,-1,-1
270,87,1080,1249,183,175,1,-1,-1,-1
270,88,1554,676,232,220,1,-1,-1,-1
270,89,1609,423,128,240,1,-1,-1,-1
270,90,1498,1138,294,210,1,-1,-1,-1
270,91,2049,770,248,232,1,-1,-1,-1
271,2,623,326,113,189,1,-1,-1,-1
271,5,435,411,172,168,1,-1,-1,-1
271,7,786,424,232,164,1,-1,-1,-1
271,15,1934,532,151,260,1,-1,-1,-1
271,41,562,996,316,210,1,-1,-1,-1
271,47,387,532,128,148,1,-1,-1,-1
271,49,75,950,268,336,1,-1,-1,-1
271,55,779,1193,300,247,1,-1,-1,-1
271,58,1910,563,237,257,1,-1,-1,-1
271,59,1811,489,180,160,1,-1,-1,-1
271,61,0,0,549,1349,1,-1,-1,-1
271,72,1416,77,1124,750,1,-1,-1,-1
271,73,2146,694,155,239,1,-1,-1,-1
271,75,1011,44,1549,500,1,-1,-1,-1
271,76,1054,1056,272,384,1,-1,-1,-1
271,77,1903,312,657,529,1,-1,-1,-1
271,79,1547,291,160,194,1,-1,-1,-1
271,81,1582,683,263,107,1,-1,-1,-1
271,82,831,305,212,132,1,-1,-1,-1
271,84,1573,454,191,105,1,-1,-1,-1
271,85,1202,851,207,300,1,-1,-1,-1
271,86,422,414,176,120,1,-1,-1,-1
271,87,1074,1255,183,175,1,-1,-1,-1
271,88,1566,679,232,220,1,-1,-1,-1
271,89,1609,423,128,240,1,-1,-1,-1
271,90,1516,1142,280,200,1,-1,-1,-1
271,91,2021,766,260,244,1,-1,-1,-1
272,2,623,326,113,189,1,-1,-1,-1
272,5,435,411,172,168,1,-1,-1,-1
272,7,785,424,232,164,1,-1,-1,-1
272,15,1940,536,144,248,1,-1,-1,-1
272,41,563,997,316,210,1,-1,-1,-1
272,47,387,532,128,148,1,-1,-1,-1
272,49,67,955,268,336,1,-1,-1,-1
272,55,778,1193,300,247,1,-1,-1,-1
272,58,1913,556,237,257,1,-1,-1,-1
272,59,1812,487,180,160,1,-1,-1,-1
272,61,0,0,551,1355,1,-1,-1,-1
272,72,1414,71,1124,750,1,-1,-1,-1
272,73,2119,676,155,239,1,-1,-1,-1
272,75,1012,44,1548,500,1,-1,-1,-1
272,76,1055,1058,272,382,1,-1,-1,-1
272,77,1899,310,661,529,1,-1,-1,-1
272,79,1547,291,160,194,1,-1,-1,-1
272,81,1605,685,263,107,1,-1,-1,-1
272,82,831,305,212,132,1,-1,-1,-1
272,84,1574,454,191,105,1,-1,-1,-1
272,85,1200,848,207,300,1,-1,-1,-1
272,86,420,414,176,120,1,-1,-1,-1
272,87,1073,1261,183,175,1,-1,-1,-1
272,88,1580,679,232,220,1,-1,-1,-1
272,89,1609,422,128,240,1,-1,-1,-1
272,90,1545,1143,267,190,1,-1,-1,-1
272,91,1994,751,260,244,1,-1,-1,-1
273,2,616,332,120,192,1,-1,-1,-1
273,5,435,411,172,168,1,-1,-1,-1
273,7,784,420,232,156,1,-1,-1,-1
273,15,1940,536,144,248,1,-1,-1,-1
273,41,556,992,340,220,1,-1,-1,-1
273,47,380,528,140,168,1,-1,-1,-1
273,49,52,968,272,356,1,-1,-1,-1
273,55,780,1192,292,244,1,-1,-1,-1
273,58,1913,556,237,257,1,-1,-1,-1
273,59,1804,484,196,176,1,-1,-1,-1
273,61,0,0,551,1355,1,-1,-1,-1
273,73,2119,676,155,239,1,-1,-1,-1
273,75,1012,44,1548,500,1,-1,-1,-1
273,76,1055,1058,272,382,1,-1,-1,-1
273,77,1899,310,661,529,1,-1,-1,-1
273,79,1548,280,152,208,1,-1,-1,-1
273,81,1616,688,276,172,1,-1,-1,-1
273,82,832,304,212,144,1,-1,-1,-1
273,84,1574,454,191,105,1,-1,-1,-1
273,85,1220,872,172,252,1,-1,-1,-1
273,86,420,414,176,120,1,-1,-1,-1
273,87,1073,1261,183,175,1,-1,-1,-1
273,88,1580,679,232,220,1,-1,-1,-1
273,89,1584,428,156,232,1,-1,-1,-1
273,90,1572,1104,232,316,1,-1,-1,-1
273,91,1994,751,260,244,1,-1,-1,-1
273,92,1680,848,296,264,1,-1,-1,-1
274,2,616,330,120,192,1,-1,-1,-1
274,5,434,411,172,168,1,-1,-1,-1
274,7,788,420,232,156,1,-1,-1,-1
274,15,1937,529,144,248,1,-1,-1,-1
274,41,556,991,340,220,1,-1,-1,-1
274,47,380,528,140,168,1,-1,-1,-1
274,49,49,974,272,356,1,-1,-1,-1
274,55,779,1191,292,244,1,-1,-1,-1
274,58,1910,555,237,257,1,-1,-1,-1
274,59,1804,483,196,176,1,-1,-1,-1
274,61,0,0,551,1354,1,-1,-1,-1
274,73,2113,634,148,228,1,-1,-1,-1
274,75,1014,42,1546,500,1,-1,-1,-1
274,76,1056,1045,272,395,1,-1,-1,-1
274,77,1895,309,665,529,1,-1,-1,-1
274,79,1548,280,152,208,1,-1,-1,-1
274,81,1620,688,276,172,1,-1,-1,-1
274,82,834,304,212,144,1,-1,-1,-1
274,84,1573,454,191,105,1,-1,-1,-1
274,85,1221,872,172,252,1,-1,-1,-1
274,86,420,414,176,120,1,-1,-1,-1
274,87,1078,1258,192,182,1,-1,-1,-1
274,88,1603,683,232,220,1,-1,-1,-1
274,89,1583,428,156,232,1,-1,-1,-1
274,90,1587,1101,232,316,1,-1,-1,-1
274,91,1954,726,260,244,1,-1,-1,-1
274,92,1680,847,296,264,1,-1,-1,-1
275,2,616,329,120,192,1,-1,-1,-1
275,5,434,411,172,168,1,-1,-1,-1
275,7,789,420,232,156,1,-1,-1,-1
275,15,1939,529,144,248,1,-1,-1,-1
275,41,556,991,340,220,1,-1,-1,-1
275,47,380,528,140,168,1,-1,-1,-1
275,49,47,975,272,356,1,-1,-1,-1
275,55,780,1190,292,244,1,-1,-1,-1
275,58,1909,555,237,257,1,-1,-1,-1
275,59,1805,483,196,176,1,-1,-1,-1
275,61,0,0,552,1353,1,-1,-1,-1
275,75,1009,38,1551,500,1,-1,-1,-1
275,76,1055,1047,272,393,1,-1,-1,-1
275,77,1898,307,662,529,1,-1,-1,-1
275,79,1548,280,152,208,1,-1,-1,-1
275,81,1620,690,276,172,1,-1,-1,-1
275,82,834,305,212,144,1,-1,-1,-1
275,84,1572,455,191,105,1,-1,-1,-1
275,85,1222,872,172,252,1,-1,-1,-1
275,86,419,414,176,120,1,-1,-1,-1
275,87,1082,1257,192,183,1,-1,-1,-1
275,88,1601,683,232,220,1,-1,-1,-1
275,89,1583,428,156,232,1,-1,-1,-1
275,90,1590,1098,232,316,1,-1,-1,-1
275,91,1947,728,260,244,1,-1,-1,-1
275,92,1680,847,296,264,1,-1,-1,-1
276,2,617,328,120,192,1,-1,-1,-1
276,5,434,411,172,168,1,-1,-1,-1
276,7,795,419,232,156,1,-1,-1,-1
276,15,1941,528,144,248,1,-1,-1,-1
276,41,555,990,340,220,1,-1,-1,-1
276,47,381,528,140,168,1,-1,-1,-1
276,49,42,989,272,356,1,-1,-1,-1
276,55,780,1188,292,244,1,-1,-1,-1
276,58,1909,556,237,257,1,-1,-1,-1
276,59,1804,482,196,176,1,-1,-1,-1
276,61,5,18,532,1300,1,-1,-1,-1
276,75,1024,36,1536,500,1,-1,-1,-1
276,76,1057,1041,272,399,1,-1,-1,-1
276,77,1898,307,662,529,1,-1,-1,-1
276,79,1547,281,152,208,1,-1,-1,-1
276,81,1620,691,276,172,1,-1,-1,-1
276,82,837,306,212,144,1,-1,-1,-1
276,84,1568,453,191,105,1,-1,-1,-1
276,85,1226,871,172,252,1,-1,-1,-1
276,86,419,413,176,120,1,-1,-1,-1
276,87,1078,1253,202,187,1,-1,-1,-1
276,88,1611,687,232,220,1,-1,-1,-1
276,89,1581,428,156,232,1,-1,-1,-1
276,90,1593,1088,244,332,1,-1,-1,-1
276,91,1925,722,273,256,1,-1,-1,-1
276,92,1680,845,296,264,1,-1,-1,-1
277,2,618,328,120,192,1,-1,-1,-1
277,5,434,410,172,168,1,-1,-1,-1
277,7,801,419,232,156,1,-1,-1,-1
277,15,1941,528,144,248,1,-1,-1,-1
277,41,555,991,340,220,1,-1,-1,-1
277,47,381,528,140,168,1,-1,-1,-1
277,49,28,1011,272,356,1,-1,-1,-1
277,55,780,1185,292,244,1,-1,-1,-1
277,58,1916,559,226,244,1,-1,-1,-1
277,59,1805,482,196,176,1,-1,-1,-1
277,61,6,7,532,1300,1,-1,-1,-1
277,75,1021,37,1539,500,1,-1,-1,-1
277,76,1056,1033,272,407,1,-1,-1,-1
277,77,1899,306,661,529,1,-1,-1,-1
277,79,1542,282,152,208,1,-1,-1,-1
277,81,1621,691,276,172,1,-1,-1,-1
277,82,839,308,212,144,1,-1,-1,-1
277,84,1561,450,191,105,1,-1,-1,-1
277,85,1228,871,172,252,1,-1,-1,-1
277,86,418,413,176,120,1,-1,-1,-1
277,87,1085,1259,192,181,1,-1,-1,-1
277,88,1610,695,232,220,1,-1,-1,-1
277,89,1577,427,156,232,1,-1,-1,-1
277,90,1598,1085,244,332,1,-1,-1,-1
277,91,1921,718,273,256,1,-1,-1,-1
277,92,1679,845,296,264,1,-1,-1,-1
278,2,620,328,120,192,1,-1,-1,-1
278,5,433,411,172,168,1,-1,-1,-1
278,7,807,420,232,156,1,-1,-1,-1
278,15,1939,527,144,248,1,-1,-1,-1
278,41,554,991,340,220,1,-1,-1,-1
278,47,381,529,140,168,1,-1,-1,-1
278,49,20,1039,272,356,1,-1,-1,-1
278,55,780,1184,292,244,1,-1,-1,-1
278,58,1919,558,226,244,1,-1,-1,-1
278,59,1803,482,196,176,1,-1,-1,-1
278,61,5,16,532,1300,1,-1,-1,-1
278,75,1026,34,1534,500,1,-1,-1,-1
278,76,1062,1022,272,412,1,-1,-1,-1
278,77,1899,304,661,529,1,-1,-1,-1
278,79,1540,282,152,208,1,-1,-1,-1
278,81,1617,689,276,172,1,-1,-1,-1
278,82,841,309,212,144,1,-1,-1,-1
278,84,1557,447,191,105,1,-1,-1,-1
278,85,1229,872,172,252,1,-1,-1,-1
278,86,418,412,176,120,1,-1,-1,-1
278,87,1141,1255,192,184,1,-1,-1,-1
278,88,1604,699,232,220,1,-1,-1,-1
278,89,1571,421,156,232,1,-1,-1,-1
278,90,1596,1079,244,332,1,-1,-1,-1
278,91,1916,717,273,256,1,-1,-1,-1
278,92,1678,845,296,264,1,-1,-1,-1
279,2,621,327,120,192,1,-1,-1,-1
279,5,433,411,172,168,1,-1,-1,-1
279,7,816,421,232,156,1,-1,-1,-1
279,15,1940,528,144,248,1,-1,-1,-1
279,41,553,992,340,220,1,-1,-1,-1
279,47,381,529,140,168,1,-1,-1,-1
279,49,17,1051,272,356,1,-1,-1,-1
279,55,780,1182,292,244,1,-1,-1,-1
279,58,1919,557,226,244,1,-1,-1,-1
279,59,1802,480,196,176,1,-1,-1,-1
279,61,7,18,532,1300,1,-1,-1,-1
279,75,1023,30,1537,500,1,-1,-1,-1
279,76,1058,1013,286,427,1,-1,-1,-1
279,77,1898,305,662,529,1,-1,-1,-1
279,79,1538,281,152,208,1,-1,-1,-1
279,81,1615,689,276,172,1,-1,-1,-1
279,82,843,310,212,144,1,-1,-1,-1
279,84,1554,447,191,105,1,-1,-1,-1
279,85,1230,872,172,252,1,-1,-1,-1
279,86,418,411,176,120,1,-1,-1,-1
279,87,1199,1250,192,184,1,-1,-1,-1
279,88,1604,698,232,220,1,-1,-1,-1
279,89,1563,414,164,244,1,-1,-1,-1
279,90,1584,1082,244,332,1,-1,-1,-1
279,91,1915,716,273,256,1,-1,-1,-1
279,92,1678,844,296,264,1,-1,-1,-1
280,2,622,326,120,192,1,-1,-1,-1
280,5,433,411,172,168,1,-1,-1,-1
280,7,819,420,232,156,1,-1,-1,-1
280,15,1939,527,144,248,1,-1,-1,-1
280,41,552,991,340,220,1,-1,-1,-1
280,47,382,529,140,168,1,-1,-1,-1
280,49,16,1060,272,356,1,-1,-1,-1
280,55,779,1181,292,244,1,-1,-1,-1
280,58,1922,555,226,244,1,-1,-1,-1
280,59,1802,480,196,176,1,-1,-1,-1
280,61,7,12,532,1300,1,-1,-1,-1
280,75,1022,35,1538,500,1,-1,-1,-1
280,76,1057,1017,286,423,1,-1,-1,-1
280,77,1897,305,663,529,1,-1,-1,-1
280,79,1536,282,152,208,1,-1,-1,-1
280,81,1613,688,276,172,1,-1,-1,-1
280,82,845,310,212,144,1,-1,-1,-1
280,84,1545,447,200,111,1,-1,-1,-1
280,85,1229,872,172,252,1,-1,-1,-1
280,86,417,412,176,120,1,-1,-1,-1
280,87,1236,1252,192,184,1,-1,-1,-1
280,88,1600,699,232,220,1,-1,-1,-1
280,89,1558,415,164,244,1,-1,-1,-1
280,90,1571,1084,244,332,1,-1,-1,-1
280,91,1914,716,273,256,1,-1,-1,-1
280,92,1678,845,296,264,1,-1,-1,-1
281,2,628,336,120,164,1,-1,-1,-1
281,5,433,411,172,168,1,-1,-1,-1
281,7,828,416,200,144,1,-1,-1,-1
281,15,1939,527,144,248,1,-1,-1,-1
281,41,556,988,320,212,1,-1,-1,-1
281,47,384,528,132,156,1,-1,-1,-1
281,49,52,1056,228,380,1,-1,-1,-1
281,55,779,1181,292,244,1,-1,-1,-1
281,58,1922,555,226,244,1,-1,-1,-1
281,59,1796,480,200,160,1,-1,-1,-1
281,61,7,12,532,1300,1,-1,-1,-1
281,75,1022,35,1538,500,1,-1,-1,-1
281,76,1057,1017,286,423,1,-1,-1,-1
281,77,1897,305,663,529,1,-1,-1,-1
281,79,1536,280,172,184,1,-1,-1,-1
281,81,1613,688,276,172,1,-1,-1,-1
281,82,840,304,208,124,1,-1,-1,-1
281,84,1545,447,200,111,1,-1,-1,-1
281,85,1232,868,160,212,1,-1,-1,-1
281,86,417,412,176,120,1,-1,-1,-1
281,87,1236,1252,192,184,1,-1,-1,-1
281,88,1600,699,232,220,1,-1,-1,-1
281,89,1558,415,164,244,1,-1,-1,-1
281,90,1608,988,200,396,1,-1,-1,-1
281,91,1914,716,273,256,1,-1,-1,-1
281,92,1678,845,296,264,1,-1,-1,-1
281,93,1232,1088,304,276,1,-1,-1,-1
282,2,629,335,120,164,1,-1,-1,-1
282,5,431,411,172,168,1,-1,-1,-1
282,7,830,416,200,144,1,-1,-1,-1
282,15,1938,526,144,248,1,-1,-1,-1
282,41,556,987,320,212,1,-1,-1,-1
282,47,384,529,132,156,1,-1,-1,-1
282,49,51,1058,228,380,1,-1,-1,-1
282,55,780,1182,292,244,1,-1,-1,-1
282,58,1919,552,226,244,1,-1,-1,-1
282,59,1795,480,200,160,1,-1,-1,-1
282,61,7,11,532,1300,1,-1,-1,-1
282,75,1024,33,1536,500,1,-1,-1,-1
282,76,1055,1016,286,424,1,-1,-1,-1
282,77,1896,304,664,529,1,-1,-1,-1
282,79,1536,280,172,184,1,-1,-1,-1
282,81,1610,688,276,172,1,-1,-1,-1
282,82,841,304,208,124,1,-1,-1,-1
282,84,1534,454,200,111,1,-1,-1,-1
282,85,1231,867,160,212,1,-1,-1,-1
282,86,416,412,176,120,1,-1,-1,-1
282,87,1266,1244,202,193,1,-1,-1,-1
282,88,1602,698,232,220,1,-1,-1,-1
282,89,1556,415,164,244,1,-1,-1,-1
282,90,1601,971,200,396,1,-1,-1,-1
282,91,1911,717,287,269,1,-1,-1,-1
282,92,1678,846,296,264,1,-1,-1,-1
282,93,1246,1071,304,276,1,-1,-1,-1
283,2,633,337,120,164,1,-1,-1,-1
283,5,426,410,172,168,1,-1,-1,-1
283,7,832,417,200,144,1,-1,-1,-1
283,15,1939,526,144,248,1,-1,-1,-1
283,41,555,987,320,212,1,-1,-1,-1
283,47,383,533,132,156,1,-1,-1,-1
283,49,48,1061,228,379,1,-1,-1,-1
283,55,781,1181,292,244,1,-1,-1,-1
283,58,1915,548,237,257,1,-1,-1,-1
283,59,1794,479,200,160,1,-1,-1,-1
283,61,8,10,532,1300,1,-1,-1,-1
283,75,1029,34,1531,500,1,-1,-1,-1
283,76,1060,1034,272,406,1,-1,-1,-1
283,77,1896,305,664,529,1,-1,-1,-1
283,79,1536,280,172,184,1,-1,-1,-1
283,81,1614,686,276,172,1,-1,-1,-1
283,82,843,305,208,124,1,-1,-1,-1
283,84,1510,456,210,116,1,-1,-1,-1
283,85,1231,867,160,212,1,-1,-1,-1
283,86,412,413,176,120,1,-1,-1,-1
283,87,1301,1234,212,203,1,-1,-1,-1
283,88,1603,697,232,220,1,-1,-1,-1
283,89,1556,406,164,244,1,-1,-1,-1
283,90,1578,936,200,396,1,-1,-1,-1
283,91,1903,712,287,269,1,-1,-1,-1
283,92,1676,843,296,264,1,-1,-1,-1
283,93,1276,1047,304,276,1,-1,-1,-1
284,2,635,336,120,164,1,-1,-1,-1
284,5,421,412,172,168,1,-1,-1,-1
284,7,833,418,200,144,1,-1,-1,-1
284,15,1941,527,144,248,1,-1,-1,-1
284,41,555,988,320,212,1,-1,-1,-1
284,47,382,535,132,156,1,-1,-1,-1
284,49,47,1062,228,378,1,-1,-1,-1
284,55,783,1181,292,244,1,-1,-1,-1
284,58,1914,550,237,257,1,-1,-1,-1
284,59,1793,481,200,160,1,-1,-1,-1
284,61,6,14,532,1300,1,-1,-1,-1
284,75,1026,34,1534,500,1,-1,-1,-1
284,76,1062,1032,272,408,1,-1,-1,-1
284,77,1896,305,664,529,1,-1,-1,-1
284,79,1536,280,172,184,1,-1,-1,-1
284,81,1612,688,276,172,1,-1,-1,-1
284,82,845,306,208,124,1,-1,-1,-1
284,84,1499,459,210,116,1,-1,-1,-1
284,85,1232,869,160,212,1,-1,-1,-1
284,86,403,414,176,120,1,-1,-1,-1
284,87,1312,1227,222,213,1,-1,-1,-1
284,88,1601,693,232,220,1,-1,-1,-1
284,89,1554,414,164,244,1,-1,-1,-1
284,90,1564,921,200,396,1,-1,-1,-1
284,91,1901,709,287,269,1,-1,-1,-1
284,92,1674,839,296,264,1,-1,-1,-1
284,93,1284,1041,304,276,1,-1,-1,-1
285,2,638,336,120,164,1,-1,-1,-1
285,5,412,414,172,168,1,-1,-1,-1
285,7,833,417,200,144,1,-1,-1,-1
285,15,1939,529,144,248,1,-1,-1,-1
285,41,555,987,320,212,1,-1,-1,-1
285,47,380,537,132,156,1,-1,-1,-1
285,49,48,1064,228,376,1,-1,-1,-1
285,55,787,1185,278,232,1,-1,-1,-1
285,59,1793,483,200,160,1,-1,-1,-1
285,61,7,14,532,1300,1,-1,-1,-1
285,75,1027,37,1533,500,1,-1,-1,-1
285,76,1063,1026,272,412,1,-1,-1,-1
285,77,1896,308,664,529,1,-1,-1,-1
285,79,1535,280,172,184,1,-1,-1,-1
285,81,1611,687,276,172,1,-1,-1,-1
285,82,846,307,208,124,1,-1,-1,-1
285,84,1491,460,210,116,1,-1,-1,-1
285,85,1233,870,160,212,1,-1,-1,-1
285,86,395,414,176,120,1,-1,-1,-1
285,87,1332,1213,222,213,1,-1,-1,-1
285,88,1607,693,232,220,1,-1,-1,-1
285,89,1553,399,164,244,1,-1,-1,-1
285,90,1541,885,200,396,1,-1,-1,-1
285,91,1899,708,287,269,1,-1,-1,-1
285,92,1672,838,296,264,1,-1,-1,-1
285,93,1323,1017,304,276,1,-1,-1,-1
286,2,641,335,120,164,1,-1,-1,-1
286,5,413,415,164,160,1,-1,-1,-1
286,7,833,417,200,144,1,-1,-1,-1
286,15,1938,530,144,248,1,-1,-1,-1
286,41,555,987,320,212,1,-1,-1,-1
286,47,381,538,132,156,1,-1,-1,-1
286,49,47,1060,228,380,1,-1,-1,-1
286,55,786,1185,278,232,1,-1,-1,-1
286,59,1793,483,200,160,1,-1,-1,-1
286,61,8,13,532,1300,1,-1,-1,-1
286,75,1027,33,1533,500,1,-1,-1,-1
286,76,1063,1026,272,412,1,-1,-1,-1
286,77,1894,312,666,529,1,-1,-1,-1
286,79,1536,280,172,184,1,-1,-1,-1
286,81,1610,682,276,172,1,-1,-1,-1
286,82,847,308,208,124,1,-1,-1,-1
286,84,1487,463,210,116,1,-1,-1,-1
286,85,1233,869,160,212,1,-1,-1,-1
286,86,390,412,176,120,1,-1,-1,-1
286,89,1544,398,172,256,1,-1,-1,-1
286,90,1516,854,200,396,1,-1,-1,-1
286,91,1901,708,287,269,1,-1,-1,-1
286,92,1671,836,296,264,1,-1,-1,-1
286,93,1353,1007,290,263,1,-1,-1,-1
287,2,642,335,120,164,1,-1,-1,-1
287,5,412,414,164,160,1,-1,-1,-1
287,7,832,418,200,144,1,-1,-1,-1
287,15,1938,529,144,248,1,-1,-1,-1
287,41,555,987,320,212,1,-1,-1,-1
287,47,380,537,132,156,1,-1,-1,-1
287,49,47,1061,228,379,1,-1,-1,-1
287,55,786,1187,278,232,1,-1,-1,-1
287,59,1793,483,200,160,1,-1,-1,-1
287,61,8,10,532,1300,1,-1,-1,-1
287,75,1025,33,1535,500,1,-1,-1,-1
287,76,1065,1027,272,412,1,-1,-1,-1
287,77,1894,315,666,529,1,-1,-1,-1
287,79,1536,281,172,184,1,-1,-1,-1
287,81,1608,683,276,172,1,-1,-1,-1
287,82,847,309,208,124,1,-1,-1,-1
287,84,1485,464,210,116,1,-1,-1,-1
287,85,1233,869,160,212,1,-1,-1,-1
287,86,389,412,176,120,1,-1,-1,-1
287,89,1545,384,172,256,1,-1,-1,-1
287,90,1512,848,200,396,1,-1,-1,-1
287,91,1899,709,287,269,1,-1,-1,-1
287,92,1670,836,296,264,1,-1,-1,-1
287,93,1346,1005,290,263,1,-1,-1,-1
288,2,644,335,120,164,1,-1,-1,-1
288,5,408,412,164,160,1,-1,-1,-1
288,7,831,418,200,144,1,-1,-1,-1
288,15,1939,529,144,248,1,-1,-1,-1
288,41,555,987,320,212,1,-1,-1,-1
288,47,380,537,132,156,1,-1,-1,-1
288,49,45,1059,228,380,1,-1,-1,-1
288,55,787,1188,278,232,1,-1,-1,-1
288,59,1794,483,200,160,1,-1,-1,-1
288,61,8,12,532,1300,1,-1,-1,-1
288,75,1025,36,1535,500,1,-1,-1,-1
288,76,1060,1013,286,427,1,-1,-1,-1
288,77,1897,320,663,529,1,-1,-1,-1
288,79,1535,282,172,184,1,-1,-1,-1
288,81,1607,683,276,172,1,-1,-1,-1
288,82,847,308,208,124,1,-1,-1,-1
288,84,1484,465,210,116,1,-1,-1,-1
288,85,1233,868,160,212,1,-1,-1,-1
288,86,384,410,176,120,1,-1,-1,-1
288,89,1547,392,172,256,1,-1,-1,-1
288,90,1502,843,200,396,1,-1,-1,-1
288,91,1901,709,287,269,1,-1,-1,-1
288,92,1668,836,296,264,1,-1,-1,-1
288,93,1357,1000,290,263,1,-1,-1,-1
289,2,644,332,120,176,1,-1,-1,-1
289,5,408,412,164,160,1,-1,-1,-1
289,7,832,420,188,160,1,-1,-1,-1
289,15,1928,504,172,264,1,-1,-1,-1
289,41,552,992,328,232,1,-1,-1,-1
289,47,388,484,124,220,1,-1,-1,-1
289,49,44,1056,220,376,1,-1,-1,-1
289,55,788,1168,268,268,1,-1,-1,-1
289,59,1804,484,188,180,1,-1,-1,-1
289,76,1060,1013,286,427,1,-1,-1,-1
289,77,1897,320,663,529,1,-1,-1,-1
289,79,1536,280,192,204,1,-1,-1,-1
289,81,1688,684,236,200,1,-1,-1,-1
289,82,848,308,212,128,1,-1,-1,-1
289,84,1476,456,224,156,1,-1,-1,-1
289,85,1180,860,204,228,1,-1,-1,-1
289,86,384,410,176,120,1,-1,-1,-1
289,89,1547,392,172,256,1,-1,-1,-1
289,90,1502,843,200,396,1,-1,-1,-1
289,91,1904,744,296,268,1,-1,-1,-1
289,92,1672,852,296,256,1,-1,-1,-1
289,93,1404,996,172,276,1,-1,-1,-1
289,94,1476,764,180,400,1,-1,-1,-1
289,95,2280,468,280,652,1,-1,-1,-1
289,96,960,1240,188,200,1,-1,-1,-1
290,2,643,332,120,176,1,-1,-1,-1
290,5,399,412,164,160,1,-1,-1,-1
290,7,831,419,188,160,1,-1,-1,-1
290,15,1928,504,172,264,1,-1,-1,-1
290,41,552,992,328,232,1,-1,-1,-1
290,47,390,484,124,220,1,-1,-1,-1
290,49,43,1054,220,376,1,-1,-1,-1
290,55,789,1167,268,268,1,-1,-1,-1
290,59,1804,484,188,180,1,-1,-1,-1
290,76,1058,1013,286,427,1,-1,-1,-1
290,77,1895,331,665,529,1,-1,-1,-1
290,79,1537,280,192,204,1,-1,-1,-1
290,81,1687,683,236,200,1,-1,-1,-1
290,82,849,308,212,128,1,-1,-1,-1
290,84,1475,456,224,156,1,-1,-1,-1
290,85,1180,856,204,228,1,-1,-1,-1
290,86,380,409,176,120,1,-1,-1,-1
290,89,1545,399,172,256,1,-1,-1,-1
290,90,1508,969,200,396,1,-1,-1,-1
290,91,1904,743,296,268,1,-1,-1,-1
290,92,1670,851,296,256,1,-1,-1,-1
290,93,1404,996,172,276,1,-1,-1,-1
290,94,1474,757,180,400,1,-1,-1,-1
290,95,2226,471,280,652,1,-1,-1,-1
290,96,961,1240,188,200,1,-1,-1,-1
291,2,644,333,120,176,1,-1,-1,-1
291,5,395,411,164,160,1,-1,-1,-1
291,7,830,419,188,160,1,-1,-1,-1
291,15,1927,504,172,264,1,-1,-1,-1
291,41,552,992,328,232,1,-1,-1,-1
291,47,393,484,124,220,1,-1,-1,-1
291,49,41,1055,220,376,1,-1,-1,-1
291,55,789,1168,268,268,1,-1,-1,-1
291,59,1805,485,188,180,1,-1,-1,-1
291,76,1059,1019,286,421,1,-1,-1,-1
291,77,1891,332,669,529,1,-1,-1,-1
291,79,1538,282,192,204,1,-1,-1,-1
291,81,1686,682,236,200,1,-1,-1,-1
291,82,851,308,212,128,1,-1,-1,-1
291,84,1476,456,224,156,1,-1,-1,-1
291,85,1180,845,204,228,1,-1,-1,-1
291,86,379,409,176,120,1,-1,-1,-1
291,89,1544,396,172,256,1,-1,-1,-1
291,90,1521,988,190,377,1,-1,-1,-1
291,91,1901,741,296,268,1,-1,-1,-1
291,92,1664,849,296,256,1,-1,-1,-1
291,93,1401,999,172,276,1,-1,-1,-1
291,94,1469,761,189,420,1,-1,-1,-1
291,95,2121,480,280,652,1,-1,-1,-1
291,96,962,1241,188,199,1,-1,-1,-1
292,2,643,335,120,176,1,-1,-1,-1
292,5,392,409,164,160,1,-1,-1,-1
292,7,829,419,188,160,1,-1,-1,-1
292,15,1927,504,172,264,1,-1,-1,-1
292,41,554,993,328,232,1,-1,-1,-1
292,47,397,483,124,220,1,-1,-1,-1
292,49,39,1056,220,376,1,-1,-1,-1
292,55,790,1169,268,268,1,-1,-1,-1
292,59,1805,484,188,180,1,-1,-1,-1
292,76,1062,1016,286,424,1,-1,-1,-1
292,77,1886,321,674,529,1,-1,-1,-1
292,79,1539,282,192,204,1,-1,-1,-1
292,81,1685,680,236,200,1,-1,-1,-1
292,82,853,307,212,128,1,-1,-1,-1
292,84,1476,456,224,156,1,-1,-1,-1
292,85,1173,825,214,239,1,-1,-1,-1
292,86,379,408,176,120,1,-1,-1,-1
292,89,1541,395,172,256,1,-1,-1,-1
292,90,1527,999,181,359,1,-1,-1,-1
292,91,1898,734,296,268,1,-1,-1,-1
292,92,1659,844,296,256,1,-1,-1,-1
292,93,1397,988,181,290,1,-1,-1,-1
292,94,1465,756,189,420,1,-1,-1,-1
292,95,2025,476,280,652,1,-1,-1,-1
292,96,962,1242,188,198,1,-1,-1,-1
293,2,643,336,120,176,1,-1,-1,-1
293,5,391,410,164,160,1,-1,-1,-1
293,7,829,419,188,160,1,-1,-1,-1
293,15,1927,503,172,264,1,-1,-1,-1
293,41,554,993,328,232,1,-1,-1,-1
293,47,398,483,124,220,1,-1,-1,-1
293,49,39,1055,220,376,1,-1,-1,-1
293,55,790,1169,268,268,1,-1,-1,-1
293,59,1805,484,188,180,1,-1,-1,-1
293,76,1060,1018,286,422,1,-1,-1,-1
293,77,1889,314,671,529,1,-1,-1,-1
293,79,1539,282,192,204,1,-1,-1,-1
293,81,1684,680,236,200,1,-1,-1,-1
293,82,853,307,212,128,1,-1,-1,-1
293,84,1475,456,224,156,1,-1,-1,-1
293,85,1172,826,214,239,1,-1,-1,-1
293,86,379,408,176,120,1,-1,-1,-1
293,89,1542,395,172,256,1,-1,-1,-1
293,90,1533,994,190,377,1,-1,-1,-1
293,91,1896,734,296,268,1,-1,-1,-1
293,92,1658,843,296,256,1,-1,-1,-1
293,93,1397,986,181,290,1,-1,-1,-1
293,94,1455,755,189,420,1,-1,-1,-1
293,95,2013,480,280,652,1,-1,-1,-1
293,96,962,1242,188,198,1,-1,-1,-1
294,2,641,339,120,176,1,-1,-1,-1
294,5,390,411,164,160,1,-1,-1,-1
294,7,829,420,188,160,1,-1,-1,-1
294,15,1925,501,172,264,1,-1,-1,-1
294,41,554,993,328,232,1,-1,-1,-1
294,47,400,482,124,220,1,-1,-1,-1
294,49,38,1057,220,376,1,-1,-1,-1
294,55,789,1170,268,268,1,-1,-1,-1
294,59,1804,485,188,180,1,-1,-1,-1
294,76,1058,1017,286,423,1,-1,-1,-1
294,77,1897,299,663,529,1,-1,-1,-1
294,79,1538,283,192,204,1,-1,-1,-1
294,81,1686,679,236,200,1,-1,-1,-1
294,82,854,307,212,128,1,-1,-1,-1
294,84,1476,456,224,156,1,-1,-1,-1
294,85,1168,821,214,239,1,-1,-1,-1
294,86,377,408,176,120,1,-1,-1,-1
294,89,1542,395,172,256,1,-1,-1,-1
294,90,1506,991,200,396,1,-1,-1,-1
294,91,1911,725,296,268,1,-1,-1,-1
294,92,1660,830,296,256,1,-1,-1,-1
294,93,1397,983,181,290,1,-1,-1,-1
294,94,1462,755,189,420,1,-1,-1,-1
294,95,1917,465,280,652,1,-1,-1,-1
294,96,961,1242,188,198,1,-1,-1,-1
295,2,640,343,120,176,1,-1,-1,-1
295,5,390,411,164,160,1,-1,-1,-1
295,7,829,420,188,160,1,-1,-1,-1
295,15,1928,506,172,264,1,-1,-1,-1
295,41,554,994,328,232,1,-1,-1,-1
295,47,403,481,124,220,1,-1,-1,-1
295,49,36,1059,220,376,1,-1,-1,-1
295,55,788,1170,268,268,1,-1,-1,-1
295,59,1803,485,188,180,1,-1,-1,-1
295,76,1059,1018,286,422,1,-1,-1,-1
295,77,1901,304,659,529,1,-1,-1,-1
295,79,1538,283,192,204,1,-1,-1,-1
295,81,1690,678,225,190,1,-1,-1,-1
295,82,855,307,212,128,1,-1,-1,-1
295,84,1475,456,224,156,1,-1,-1,-1
295,85,1162,814,214,239,1,-1,-1,-1
295,86,377,409,176,120,1,-1,-1,-1
295,89,1542,397,172,256,1,-1,-1,-1
295,90,1504,982,200,396,1,-1,-1,-1
295,91,1837,675,311,281,1,-1,-1,-1
295,92,1655,814,296,256,1,-1,-1,-1
295,93,1396,981,181,290,1,-1,-1,-1
295,94,1474,752,189,420,1,-1,-1,-1
295,95,1805,454,280,652,1,-1,-1,-1
295,96,961,1242,188,198,1,-1,-1,-1
296,2,638,346,120,176,1,-1,-1,-1
296,5,391,411,164,160,1,-1,-1,-1
296,7,829,420,188,160,1,-1,-1,-1
296,15,1901,506,181,277,1,-1,-1,-1
296,41,554,993,328,232,1,-1,-1,-1
296,47,406,480,124,220,1,-1,-1,-1
296,49,33,1062,220,376,1,-1,-1,-1
296,55,788,1169,268,268,1,-1,-1,-1
296,59,1804,489,188,180,1,-1,-1,-1
296,76,1059,1018,286,422,1,-1,-1,-1
296,77,1870,292,690,529,1,-1,-1,-1
296,79,1538,283,192,204,1,-1,-1,-1
296,81,1712,703,236,200,1,-1,-1,-1
296,82,855,307,212,128,1,-1,-1,-1
296,84,1474,456,224,156,1,-1,-1,-1
296,85,1156,806,214,239,1,-1,-1,-1
296,86,378,410,176,120,1,-1,-1,-1
296,89,1539,395,172,256,1,-1,-1,-1
296,90,1502,984,200,396,1,-1,-1,-1
296,91,1913,741,311,281,1,-1,-1,-1
296,92,1674,803,296,256,1,-1,-1,-1
296,93,1395,981,181,290,1,-1,-1,-1
296,94,1476,747,189,420,1,-1,-1,-1
296,95,1790,389,280,652,1,-1,-1,-1
296,96,960,1242,188,198,1,-1,-1,-1
297,2,636,344,116,220,1,-1,-1,-1
297,5,391,411,164,160,1,-1,-1,-1
297,7,828,420,196,172,1,-1,-1,-1
297,15,1901,506,181,277,1,-1,-1,-1
297,41,556,992,320,220,1,-1,-1,-1
297,47,408,480,172,232,1,-1,-1,-1
297,49,16,1072,236,360,1,-1,-1,-1
297,55,788,1169,268,268,1,-1,-1,-1
297,59,1804,489,188,180,1,-1,-1,-1
297,76,1059,1018,286,422,1,-1,-1,-1
297,79,1536,284,196,212,1,-1,-1,-1
297,81,1712,703,236,200,1,-1,-1,-1
297,82,856,312,204,132,1,-1,-1,-1
297,84,1476,452,228,204,1,-1,-1,-1
297,85,1136,812,224,212,1,-1,-1,-1
297,86,378,410,176,120,1,-1,-1,-1
297,89,1539,395,172,256,1,-1,-1,-1
297,90,1502,984,200,396,1,-1,-1,-1
297,91,1948,748,264,268,1,-1,-1,-1
297,92,1674,803,296,256,1,-1,-1,-1
297,93,1360,1032,180,248,1,-1,-1,-1
297,94,1476,747,189,420,1,-1,-1,-1
297,95,1790,389,280,652,1,-1,-1,-1
297,96,960,1242,188,198,1,-1,-1,-1
297,97,1264,520,200,324,1,-1,-1,-1
297,98,1600,188,956,812,1,-1,-1,-1
298,2,636,345,116,220,1,-1,-1,-1
298,5,396,413,164,160,1,-1,-1,-1
298,7,828,420,196,172,1,-1,-1,-1
298,15,1910,492,181,277,1,-1,-1,-1
298,41,555,992,320,220,1,-1,-1,-1
298,47,409,480,172,232,1,-1,-1,-1
298,49,15,1074,236,360,1,-1,-1,-1
298,55,787,1171,268,268,1,-1,-1,-1
298,59,1795,483,188,180,1,-1,-1,-1
298,76,1058,1018,286,422,1,-1,-1,-1
298,79,1535,284,196,212,1,-1,-1,-1
298,81,1738,654,236,200,1,-1,-1,-1
298,82,856,312,204,132,1,-1,-1,-1
298,84,1478,455,228,204,1,-1,-1,-1
298,85,1123,809,224,212,1,-1,-1,-1
298,86,383,411,176,120,1,-1,-1,-1
298,89,1546,412,172,256,1,-1,-1,-1
298,90,1495,987,200,396,1,-1,-1,-1
298,91,1955,747,264,268,1,-1,-1,-1
298,92,1652,749,296,256,1,-1,-1,-1
298,93,1359,1030,180,248,1,-1,-1,-1
298,94,1468,689,198,441,1,-1,-1,-1
298,95,1807,404,280,652,1,-1,-1,-1
298,96,957,1244,188,196,1,-1,-1,-1
298,97,1257,513,200,324,1,-1,-1,-1
298,98,1583,175,956,812,1,-1,-1,-1
299,2,636,345,116,220,1,-1,-1,-1
299,5,396,414,164,160,1,-1,-1,-1
299,7,829,420,196,172,1,-1,-1,-1
299,15,1913,497,172,264,1,-1,-1,-1
299,41,556,992,320,220,1,-1,-1,-1
299,47,409,481,172,232,1,-1,-1,-1
299,49,14,1075,236,360,1,-1,-1,-1
299,55,787,1172,268,268,1,-1,-1,-1
299,59,1795,482,188,180,1,-1,-1,-1
299,76,1058,1018,286,422,1,-1,-1,-1
299,79,1535,284,196,212,1,-1,-1,-1
299,81,1732,652,236,200,1,-1,-1,-1
299,82,856,312,204,132,1,-1,-1,-1
299,84,1478,457,228,204,1,-1,-1,-1
299,85,1119,809,224,212,1,-1,-1,-1
299,86,383,411,176,120,1,-1,-1,-1
299,89,1548,412,172,256,1,-1,-1,-1
299,91,1957,747,264,268,1,-1,-1,-1
299,92,1653,741,296,256,1,-1,-1,-1
299,93,1359,1028,180,248,1,-1,-1,-1
299,94,1462,690,189,420,1,-1,-1,-1
299,95,1816,395,280,652,1,-1,-1,-1
299,96,956,1244,188,196,1,-1,-1,-1
299,97,1252,510,200,324,1,-1,-1,-1
299,98,1576,168,956,812,1,-1,-1,-1
300,2,637,346,116,220,1,-1,-1,-1
300,5,396,414,164,160,1,-1,-1,-1
300,7,829,420,196,172,1,-1,-1,-1
300,15,1911,495,172,264,1,-1,-1,-1
300,41,553,992,320,220,1,-1,-1,-1
300,47,409,482,172,232,1,-1,-1,-1
300,49,11,1077,236,360,1,-1,-1,-1
300,55,786,1173,268,267,1,-1,-1,-1
300,59,1801,491,179,171,1,-1,-1,-1
300,76,1057,1018,286,422,1,-1,-1,-1
300,79,1535,277,196,212,1,-1,-1,-1
300,81,1721,652,225,190,1,-1,-1,-1
300,82,856,312,204,132,1,-1,-1,-1
300,84,1492,431,228,204,1,-1,-1,-1
300,85,1097,796,224,212,1,-1,-1,-1
300,86,383,412,176,120,1,-1,-1,-1
300,89,1549,402,172,256,1,-1,-1,-1
300,91,1975,749,264,268,1,-1,-1,-1
300,92,1652,762,296,256,1,-1,-1,-1
300,93,1360,1028,180,248,1,-1,-1,-1
300,94,1435,596,198,441,1,-1,-1,-1
300,95,1828,386,280,652,1,-1,-1,-1
300,96,955,1247,188,193,1,-1,-1,-1
300,97,1210,483,200,324,1,-1,-1,-1
300,98,1575,156,956,812,1,-1,-1,-1
301,2,637,347,116,220,1,-1,-1,-1
301,5,396,415,164,160,1,-1,-1,-1
301,7,829,420,196,172,1,-1,-1,-1
301,15,1912,494,172,264,1,-1,-1,-1
301,41,551,991,320,220,1,-1,-1,-1
301,47,410,482,172,232,1,-1,-1,-1
301,49,10,1079,236,360,1,-1,-1,-1
301,55,783,1174,268,266,1,-1,-1,-1
301,59,1802,488,179,171,1,-1,-1,-1
301,76,1056,1023,286,417,1,-1,-1,-1
301,79,1536,277,196,212,1,-1,-1,-1
301,81,1728,657,214,181,1,-1,-1,-1
301,82,856,312,204,132,1,-1,-1,-1
301,84,1466,434,239,214,1,-1,-1,-1
301,85,1082,787,224,212,1,-1,-1,-1
301,86,384,412,176,120,1,-1,-1,-1
301,91,1988,754,264,268,1,-1,-1,-1
301,92,1703,783,282,244,1,-1,-1,-1
301,93,1362,1022,180,248,1,-1,-1,-1
301,95,1834,418,267,621,1,-1,-1,-1
301,96,954,1249,188,191,1,-1,-1,-1
301,97,1211,466,210,340,1,-1,-1,-1
301,98,1589,147,956,812,1,-1,-1,-1
302,2,639,348,116,220,1,-1,-1,-1
302,5,396,414,164,160,1,-1,-1,-1
302,7,830,420,196,172,1,-1,-1,-1
302,15,1911,494,172,264,1,-1,-1,-1
302,41,549,988,320,220,1,-1,-1,-1
302,47,411,482,172,232,1,-1,-1,-1
302,49,8,1081,236,359,1,-1,-1,-1
302,55,781,1175,268,265,1,-1,-1,-1
302,59,1802,487,179,171,1,-1,-1,-1
302,76,1056,1022,286,418,1,-1,-1,-1
302,79,1527,278,206,223,1,-1,-1,-1
302,81,1717,652,204,173,1,-1,-1,-1
302,82,856,312,204,132,1,-1,-1,-1
302,84,1487,459,228,204,1,-1,-1,-1
302,85,1064,777,224,212,1,-1,-1,-1
302,86,384,412,176,120,1,-1,-1,-1
302,91,2010,753,277,281,1,-1,-1,-1
302,92,1702,782,282,244,1,-1,-1,-1
302,93,1366,1016,180,248,1,-1,-1,-1
302,95,1833,426,267,621,1,-1,-1,-1
302,96,951,1254,188,186,1,-1,-1,-1
302,97,1165,427,220,357,1,-1,-1,-1
302,98,1560,139,1000,853,1,-1,-1,-1
303,2,640,347,116,220,1,-1,-1,-1
303,5,395,414,164,160,1,-1,-1,-1
303,7,832,419,196,172,1,-1,-1,-1
303,15,1910,493,172,264,1,-1,-1,-1
303,41,545,983,320,220,1,-1,-1,-1
303,47,412,483,172,232,1,-1,-1,-1
303,49,6,1084,236,356,1,-1,-1,-1
303,55,777,1178,268,262,1,-1,-1,-1
303,59,1802,485,179,171,1,-1,-1,-1
303,76,1056,1020,286,420,1,-1,-1,-1
303,79,1547,414,206,223,1,-1,-1,-1
303,81,1762,656,204,173,1,-1,-1,-1
303,82,856,312,204,132,1,-1,-1,-1
303,84,1485,455,228,204,1,-1,-1,-1
303,85,1053,771,224,212,1,-1,-1,-1
303,86,383,412,176,120,1,-1,-1,-1
303,91,2030,750,277,281,1,-1,-1,-1
303,92,1667,771,296,256,1,-1,-1,-1
303,93,1369,1012,180,248,1,-1,-1,-1
303,95,1838,458,254,591,1,-1,-1,-1
303,96,949,1261,188,179,1,-1,-1,-1
303,97,1092,353,220,357,1,-1,-1,-1
303,98,1562,146,998,853,1,-1,-1,-1
304,2,640,347,116,220,1,-1,-1,-1
304,5,396,413,164,160,1,-1,-1,-1
304,7,835,417,196,172,1,-1,-1,-1
304,15,1912,497,164,251,1,-1,-1,-1
304,41,540,981,320,220,1,-1,-1,-1
304,47,412,483,172,232,1,-1,-1,-1
304,49,4,1083,236,357,1,-1,-1,-1
304,55,773,1181,268,259,1,-1,-1,-1
304,59,1802,486,179,171,1,-1,-1,-1
304,76,1056,1021,286,419,1,-1,-1,-1
304,79,1547,413,216,234,1,-1,-1,-1
304,81,1799,653,204,173,1,-1,-1,-1
304,82,854,312,204,132,1,-1,-1,-1
304,84,1487,453,228,204,1,-1,-1,-1
304,85,1043,755,224,212,1,-1,-1,-1
304,86,383,412,176,120,1,-1,-1,-1
304,91,2058,741,277,281,1,-1,-1,-1
304,92,1565,783,282,244,1,-1,-1,-1
304,93,1370,1003,180,248,1,-1,-1,-1
304,96,945,1265,188,175,1,-1,-1,-1
304,97,1087,394,220,357,1,-1,-1,-1
304,98,1543,164,1004,853,1,-1,-1,-1
305,2,636,348,132,208,1,-1,-1,-1
305,5,344,404,212,220,1,-1,-1,-1
305,7,840,416,120,176,1,-1,-1,-1
305,15,1916,492,156,236,1,-1,-1,-1
305,41,536,960,300,260,1,-1,-1,-1
305,47,420,488,136,220,1,-1,-1,-1
305,49,8,1080,232,352,1,-1,-1,-1
305,55,773,1181,268,259,1,-1,-1,-1
305,59,1804,480,168,184,1,-1,-1,-1
305,79,1547,413,216,234,1,-1,-1,-1
305,81,1799,653,204,173,1,-1,-1,-1
305,82,856,308,152,112,1,-1,-1,-1
305,84,1488,460,220,192,1,-1,-1,-1
305,85,1068,736,200,252,1,-1,-1,-1
305,86,383,412,176,120,1,-1,-1,-1
305,91,2052,728,284,264,1,-1,-1,-1
305,92,1576,668,252,316,1,-1,-1,-1
305,93,1364,1008,192,264,1,-1,-1,-1
305,96,945,1265,188,175,1,-1,-1,-1
305,97,1087,394,220,357,1,-1,-1,-1
305,98,1543,164,1004,853,1,-1,-1,-1
305,99,1148,520,132,180,1,-1,-1,-1
305,100,1780,664,276,244,1,-1,-1,-1
305,101,2048,504,100,228,1,-1,-1,-1
305,102,2076,1296,172,144,1,-1,-1,-1
306,2,636,348,132,208,1,-1,-1,-1
306,5,345,404,212,220,1,-1,-1,-1
306,7,852,405,126,185,1,-1,-1,-1
306,15,1917,491,156,236,1,-1,-1,-1
306,41,532,958,300,260,1,-1,-1,-1
306,47,422,488,136,220,1,-1,-1,-1
306,49,6,1080,232,352,1,-1,-1,-1
306,55,771,1187,268,253,1,-1,-1,-1
306,59,1804,479,168,184,1,-1,-1,-1
306,79,1549,414,216,234,1,-1,-1,-1
306,81,1812,658,204,173,1,-1,-1,-1
306,82,854,307,152,112,1,-1,-1,-1
306,84,1490,459,220,192,1,-1,-1,-1
306,85,1062,720,200,252,1,-1,-1,-1
306,86,385,412,176,120,1,-1,-1,-1
306,91,2061,719,284,264,1,-1,-1,-1
306,92,1556,659,252,316,1,-1,-1,-1
306,93,1364,1003,192,264,1,-1,-1,-1
306,96,948,1271,188,169,1,-1,-1,-1
306,97,1065,375,220,357,1,-1,-1,-1
306,98,1543,174,1004,853,1,-1,-1,-1
306,99,1132,502,132,180,1,-1,-1,-1
306,100,1782,662,276,244,1,-1,-1,-1
306,101,2050,505,100,228,1,-1,-1,-1
306,102,2063,1291,172,144,1,-1,-1,-1
307,2,636,348,132,208,1,-1,-1,-1
307,5,347,405,212,220,1,-1,-1,-1
307,7,847,407,126,185,1,-1,-1,-1
307,15,1917,491,156,236,1,-1,-1,-1
307,41,528,955,300,260,1,-1,-1,-1
307,47,423,490,136,220,1,-1,-1,-1
307,49,0,1083,230,352,1,-1,-1,-1
307,55,780,1183,281,257,1,-1,-1,-1
307,59,1804,479,168,184,1,-1,-1,-1
307,79,1553,414,216,234,1,-1,-1,-1
307,81,1829,663,204,173,1,-1,-1,-1
307,82,850,305,145,107,1,-1,-1,-1
307,84,1492,458,220,192,1,-1,-1,-1
307,85,1055,700,200,252,1,-1,-1,-1
307,86,385,412,176,120,1,-1,-1,-1
307,91,2082,714,284,264,1,-1,-1,-1
307,92,1533,648,252,316,1,-1,-1,-1
307,93,1365,998,192,264,1,-1,-1,-1
307,96,958,1284,197,156,1,-1,-1,-1
307,97,1059,365,220,357,1,-1,-1,-1
307,98,1546,178,1004,853,1,-1,-1,-1
307,99,1116,485,132,180,1,-1,-1,-1
307,100,1788,665,276,244,1,-1,-1,-1
307,101,2051,505,100,228,1,-1,-1,-1
307,102,2047,1282,172,144,1,-1,-1,-1
308,2,636,349,132,208,1,-1,-1,-1
308,5,348,405,212,220,1,-1,-1,-1
308,7,844,401,132,194,1,-1,-1,-1
308,15,1918,491,156,236,1,-1,-1,-1
308,41,525,954,300,260,1,-1,-1,-1
308,47,422,490,136,220,1,-1,-1,-1
308,49,0,1083,223,352,1,-1,-1,-1
308,55,778,1206,281,234,1,-1,-1,-1
308,59,1804,479,168,184,1,-1,-1,-1
308,79,1558,415,216,234,1,-1,-1,-1
308,81,1846,679,214,181,1,-1,-1,-1
308,82,850,305,138,102,1,-1,-1,-1
308,84,1497,461,210,183,1,-1,-1,-1
308,85,1047,684,200,252,1,-1,-1,-1
308,86,384,412,176,120,1,-1,-1,-1
308,91,2099,712,284,264,1,-1,-1,-1
308,92,1499,629,265,332,1,-1,-1,-1
308,93,1364,995,192,264,1,-1,-1,-1
308,96,986,1303,197,137,1,-1,-1,-1
308,97,1036,360,220,357,1,-1,-1,-1
308,98,1543,183,1004,853,1,-1,-1,-1
308,99,1098,469,132,180,1,-1,-1,-1
308,100,1790,670,276,244,1,-1,-1,-1
308,101,2053,503,100,228,1,-1,-1,-1
308,102,2044,1279,172,144,1,-1,-1,-1
309,2,636,349,132,208,1,-1,-1,-1
309,5,348,404,212,220,1,-1,-1,-1
309,7,838,397,139,204,1,-1,-1,-1
309,15,1918,491,156,236,1,-1,-1,-1
309,41,523,953,300,260,1,-1,-1,-1
309,47,422,489,136,220,1,-1,-1,-1
309,49,0,1083,213,352,1,-1,-1,-1
309,55,779,1212,281,228,1,-1,-1,-1
309,59,1804,480,168,184,1,-1,-1,-1
309,79,1565,417,216,234,1,-1,-1,-1
309,81,1873,694,214,181,1,-1,-1,-1
309,82,850,306,131,97,1,-1,-1,-1
309,84,1498,461,210,183,1,-1,-1,-1
309,85,1038,671,200,252,1,-1,-1,-1
309,86,385,412,176,120,1,-1,-1,-1
309,91,2112,713,284,264,1,-1,-1,-1
309,92,1468,608,265,332,1,-1,-1,-1
309,93,1364,994,192,264,1,-1,-1,-1
309,96,1027,1298,197,142,1,-1,-1,-1
309,97,1040,346,220,357,1,-1,-1,-1
309,98,1551,176,1004,853,1,-1,-1,-1
309,99,1091,462,132,180,1,-1,-1,-1
309,100,1792,674,276,244,1,-1,-1,-1
309,101,2054,502,100,228,1,-1,-1,-1
309,102,2041,1275,172,144,1,-1,-1,-1
310,2,636,348,132,208,1,-1,-1,-1
310,5,348,404,212,220,1,-1,-1,-1
310,7,837,405,139,204,1,-1,-1,-1
310,15,1918,491,156,236,1,-1,-1,-1
310,41,519,949,300,260,1,-1,-1,-1
310,47,423,488,136,220,1,-1,-1,-1
310,49,0,1087,202,352,1,-1,-1,-1
310,55,776,1203,281,237,1,-1,-1,-1
310,59,1802,478,168,184,1,-1,-1,-1
310,79,1552,420,227,245,1,-1,-1,-1
310,81,1875,692,225,190,1,-1,-1,-1
310,82,853,308,131,97,1,-1,-1,-1
310,84,1497,462,210,183,1,-1,-1,-1
310,85,1021,661,200,252,1,-1,-1,-1
310,86,386,413,176,120,1,-1,-1,-1
310,91,2122,716,284,264,1,-1,-1,-1
310,92,1465,605,265,332,1,-1,-1,-1
310,93,1363,996,192,264,1,-1,-1,-1
310,96,1050,1296,197,144,1,-1,-1,-1
310,98,1557,183,1003,853,1,-1,-1,-1
310,99,1090,463,132,180,1,-1,-1,-1
310,100,1786,673,290,256,1,-1,-1,-1
310,101,2057,501,100,228,1,-1,-1,-1
310,102,2042,1269,172,144,1,-1,-1,-1
311,2,636,347,132,208,1,-1,-1,-1
311,5,349,404,212,220,1,-1,-1,-1
311,7,836,406,139,204,1,-1,-1,-1
311,15,1918,491,156,236,1,-1,-1,-1
311,41,518,949,300,260,1,-1,-1,-1
311,47,424,488,136,220,1,-1,-1,-1
311,49,0,1097,194,335,1,-1,-1,-1
311,55,783,1202,268,238,1,-1,-1,-1
311,59,1801,477,168,184,1,-1,-1,-1
311,79,1551,418,227,245,1,-1,-1,-1
311,81,1877,692,225,190,1,-1,-1,-1
311,82,854,309,131,97,1,-1,-1,-1
311,84,1496,462,210,183,1,-1,-1,-1
311,85,1023,658,200,252,1,-1,-1,-1
311,86,386,413,176,120,1,-1,-1,-1
311,91,2139,719,284,264,1,-1,-1,-1
311,92,1463,602,265,332,1,-1,-1,-1
311,93,1363,995,192,264,1,-1,-1,-1
311,96,1052,1291,197,149,1,-1,-1,-1
311,98,1548,197,1004,853,1,-1,-1,-1
311,99,1093,467,126,171,1,-1,-1,-1
311,100,1790,674,290,256,1,-1,-1,-1
311,101,2060,507,95,217,1,-1,-1,-1
311,102,2040,1266,172,144,1,-1,-1,-1
312,2,636,346,132,208,1,-1,-1,-1
312,5,351,403,212,220,1,-1,-1,-1
312,7,824,402,146,214,1,-1,-1,-1
312,15,1918,492,156,236,1,-1,-1,-1
312,41,515,946,300,260,1,-1,-1,-1
312,47,426,488,136,220,1,-1,-1,-1
312,49,0,1100,183,335,1,-1,-1,-1
312,55,780,1202,268,238,1,-1,-1,-1
312,59,1794,466,176,193,1,-1,-1,-1
312,79,1548,425,227,245,1,-1,-1,-1
312,81,1881,698,225,190,1,-1,-1,-1
312,82,861,306,138,102,1,-1,-1,-1
312,84,1496,463,210,183,1,-1,-1,-1
312,85,1014,651,200,252,1,-1,-1,-1
312,86,386,412,176,120,1,-1,-1,-1
312,91,2148,719,284,264,1,-1,-1,-1
312,92,1460,604,265,332,1,-1,-1,-1
312,93,1361,996,192,264,1,-1,-1,-1
312,96,1071,1296,188,144,1,-1,-1,-1
312,98,1526,164,1034,895,1,-1,-1,-1
312,99,1085,478,126,171,1,-1,-1,-1
312,100,1802,684,276,244,1,-1,-1,-1
312,101,2062,510,95,217,1,-1,-1,-1
312,102,2040,1251,172,144,1,-1,-1,-1
313,2,644,344,116,180,1,-1,-1,-1
313,5,348,408,208,216,1,-1,-1,-1
313,7,820,364,140,212,1,-1,-1,-1
313,15,1912,516,152,216,1,-1,-1,-1
313,41,496,928,296,248,1,-1,-1,-1
313,47,428,488,152,216,1,-1,-1,-1
313,49,0,1104,228,304,1,-1,-1,-1
313,55,808,1228,212,212,1,-1,-1,-1
313,59,1792,496,196,160,1,-1,-1,-1
313,79,1548,425,227,245,1,-1,-1,-1
313,81,1888,696,204,248,1,-1,-1,-1
313,82,861,306,138,102,1,-1,-1,-1
313,84,1492,480,220,172,1,-1,-1,-1
313,85,992,628,196,196,1,-1,-1,-1
313,86,386,412,176,120,1,-1,-1,-1
313,91,2144,724,284,252,1,-1,-1,-1
313,92,1456,628,248,356,1,-1,-1,-1
313,93,1376,980,168,260,1,-1,-1,-1
313,96,1068,1284,188,156,1,-1,-1,-1
313,98,1526,164,1034,895,1,-1,-1,-1
313,99,1085,478,126,171,1,-1,-1,-1
313,100,1802,684,276,244,1,-1,-1,-1
313,101,2062,510,95,217,1,-1,-1,-1
313,102,2040,1251,172,144,1,-1,-1,-1
313,103,920,56,1640,536,1,-1,-1,-1
313,104,2068,1216,172,220,1,-1,-1,-1
314,2,643,343,116,180,1,-1,-1,-1
314,5,348,406,208,216,1,-1,-1,-1
314,7,818,364,140,212,1,-1,-1,-1
314,15,1912,518,152,216,1,-1,-1,-1
314,41,494,932,296,248,1,-1,-1,-1
314,47,428,486,152,216,1,-1,-1,-1
314,49,0,1106,225,304,1,-1,-1,-1
314,55,801,1227,212,212,1,-1,-1,-1
314,59,1791,498,196,160,1,-1,-1,-1
314,79,1594,460,227,245,1,-1,-1,-1
314,81,1889,696,204,248,1,-1,-1,-1
314,82,872,304,138,102,1,-1,-1,-1
314,84,1492,481,220,172,1,-1,-1,-1
314,85,995,627,196,196,1,-1,-1,-1
314,86,386,412,176,120,1,-1,-1,-1
314,91,2145,724,284,252,1,-1,-1,-1
314,92,1455,628,248,356,1,-1,-1,-1
314,93,1377,979,168,260,1,-1,-1,-1
314,96,1068,1285,188,155,1,-1,-1,-1
314,98,1527,141,1033,895,1,-1,-1,-1
314,99,1060,479,132,180,1,-1,-1,-1
314,100,1796,681,290,256,1,-1,-1,-1
314,101,2065,516,95,217,1,-1,-1,-1
314,102,2054,1211,172,144,1,-1,-1,-1
314,103,958,58,1602,536,1,-1,-1,-1
314,104,2078,1201,172,220,1,-1,-1,-1
315,2,643,342,116,180,1,-1,-1,-1
315,5,349,405,208,216,1,-1,-1,-1
315,7,816,364,140,212,1,-1,-1,-1
315,15,1912,520,152,216,1,-1,-1,-1
315,41,492,940,296,248,1,-1,-1,-1
315,47,430,485,152,216,1,-1,-1,-1
315,49,0,1111,219,304,1,-1,-1,-1
315,55,783,1229,212,211,1,-1,-1,-1
315,59,1794,505,187,152,1,-1,-1,-1
315,81,1892,697,204,248,1,-1,-1,-1
315,82,876,303,138,102,1,-1,-1,-1
315,84,1492,481,220,172,1,-1,-1,-1
315,85,1003,629,196,196,1,-1,-1,-1
315,86,385,411,176,120,1,-1,-1,-1
315,91,2144,722,284,252,1,-1,-1,-1
315,92,1455,626,248,356,1,-1,-1,-1
315,93,1376,978,168,260,1,-1,-1,-1
315,96,1066,1287,188,153,1,-1,-1,-1
315,98,1525,137,1035,895,1,-1,-1,-1
315,99,1023,426,132,180,1,-1,-1,-1
315,100,1794,676,304,269,1,-1,-1,-1
315,101,2067,516,100,228,1,-1,-1,-1
315,102,2063,1189,172,144,1,-1,-1,-1
315,103,1046,70,1514,536,1,-1,-1,-1
315,104,2092,1186,172,220,1,-1,-1,-1
316,2,642,342,116,180,1,-1,-1,-1
316,5,349,405,208,216,1,-1,-1,-1
316,7,814,366,140,212,1,-1,-1,-1
316,15,1915,520,152,216,1,-1,-1,-1
316,41,483,944,296,248,1,-1,-1,-1
316,47,430,485,152,216,1,-1,-1,-1
316,49,0,1111,215,304,1,-1,-1,-1
316,55,762,1231,212,209,1,-1,-1,-1
316,59,1795,508,187,152,1,-1,-1,-1
316,81,1895,694,204,248,1,-1,-1,-1
316,82,878,301,138,102,1,-1,-1,-1
316,84,1494,484,220,172,1,-1,-1,-1
316,85,1005,626,206,206,1,-1,-1,-1
316,86,386,411,176,120,1,-1,-1,-1
316,91,2144,719,284,252,1,-1,-1,-1
316,92,1453,616,248,356,1,-1,-1,-1
316,93,1374,979,168,260,1,-1,-1,-1
316,96,1058,1290,188,150,1,-1,-1,-1
316,98,1525,143,1035,895,1,-1,-1,-1
316,99,1025,414,139,189,1,-1,-1,-1
316,100,1796,674,304,269,1,-1,-1,-1
316,101,2069,518,100,228,1,-1,-1,-1
316,102,2067,1182,172,144,1,-1,-1,-1
316,103,1232,85,1328,510,1,-1,-1,-1
316,104,2091,1179,181,231,1,-1,-1,-1
317,2,642,342,116,180,1,-1,-1,-1
317,5,349,405,208,216,1,-1,-1,-1
317,7,813,366,140,212,1,-1,-1,-1
317,15,1915,518,152,216,1,-1,-1,-1
317,41,482,944,296,248,1,-1,-1,-1
317,47,427,479,160,227,1,-1,-1,-1
317,49,0,1112,213,304,1,-1,-1,-1
317,55,759,1230,212,210,1,-1,-1,-1
317,59,1794,509,187,152,1,-1,-1,-1
317,81,1895,696,204,248,1,-1,-1,-1
317,82,879,300,138,102,1,-1,-1,-1
317,84,1501,491,210,164,1,-1,-1,-1
317,85,1006,624,206,206,1,-1,-1,-1
317,86,386,410,176,120,1,-1,-1,-1
317,91,2143,719,284,252,1,-1,-1,-1
317,92,1452,616,248,356,1,-1,-1,-1
317,93,1372,979,168,260,1,-1,-1,-1
317,96,1057,1291,188,149,1,-1,-1,-1
317,98,1499,130,1061,940,1,-1,-1,-1
317,99,1025,418,139,189,1,-1,-1,-1
317,100,1801,676,304,269,1,-1,-1,-1
317,101,2072,517,100,228,1,-1,-1,-1
317,102,2071,1185,164,137,1,-1,-1,-1
317,103,1230,89,1330,510,1,-1,-1,-1
317,104,2092,1178,181,231,1,-1,-1,-1
318,2,642,342,116,180,1,-1,-1,-1
318,5,349,404,208,216,1,-1,-1,-1
318,7,813,368,140,212,1,-1,-1,-1
318,15,1918,514,152,216,1,-1,-1,-1
318,41,477,954,296,248,1,-1,-1,-1
318,47,426,479,160,227,1,-1,-1,-1
318,49,0,1115,209,304,1,-1,-1,-1
318,55,747,1229,212,211,1,-1,-1,-1
318,59,1795,501,187,152,1,-1,-1,-1
318,81,1896,691,204,248,1,-1,-1,-1
318,82,881,299,138,102,1,-1,-1,-1
318,84,1521,541,220,172,1,-1,-1,-1
318,85,1019,624,206,206,1,-1,-1,-1
318,86,386,410,176,120,1,-1,-1,-1
318,91,2142,717,284,252,1,-1,-1,-1
318,92,1464,628,236,339,1,-1,-1,-1
318,93,1363,972,168,260,1,-1,-1,-1
318,96,1043,1293,188,147,1,-1,-1,-1
318,98,1514,147,1046,940,1,-1,-1,-1
318,99,1027,417,139,189,1,-1,-1,-1
318,100,1782,665,320,282,1,-1,-1,-1
318,101,2075,521,100,228,1,-1,-1,-1
318,102,2072,1186,164,137,1,-1,-1,-1
318,103,1271,109,1289,486,1,-1,-1,-1
318,104,2093,1180,181,231,1,-1,-1,-1
319,2,641,343,116,180,1,-1,-1,-1
319,5,350,401,208,216,1,-1,-1,-1
319,7,811,369,140,212,1,-1,-1,-1
319,15,1905,626,160,227,1,-1,-1,-1
319,41,474,960,296,248,1,-1,-1,-1
319,47,423,470,168,238,1,-1,-1,-1
319,49,0,1125,210,304,1,-1,-1,-1
319,55,740,1220,212,212,1,-1,-1,-1
319,59,1792,503,187,152,1,-1,-1,-1
319,81,1894,675,204,248,1,-1,-1,-1
319,82,883,298,138,102,1,-1,-1,-1
319,84,1569,523,220,172,1,-1,-1,-1
319,85,1010,628,206,206,1,-1,-1,-1
319,86,384,409,176,120,1,-1,-1,-1
319,91,2140,710,284,252,1,-1,-1,-1
319,92,1453,618,248,356,1,-1,-1,-1
319,93,1338,946,168,260,1,-1,-1,-1
319,96,1026,1296,188,144,1,-1,-1,-1
319,98,1525,169,1035,940,1,-1,-1,-1
319,99,1026,422,139,189,1,-1,-1,-1
319,100,1792,661,320,282,1,-1,-1,-1
319,101,2080,524,95,217,1,-1,-1,-1
319,102,2073,1187,164,137,1,-1,-1,-1
319,103,1238,111,1322,486,1,-1,-1,-1
319,104,2091,1180,181,231,1,-1,-1,-1
320,2,639,344,116,180,1,-1,-1,-1
320,5,350,399,208,216,1,-1,-1,-1
320,7,809,368,140,212,1,-1,-1,-1
320,15,1938,525,152,216,1,-1,-1,-1
320,41,468,955,296,248,1,-1,-1,-1
320,47,425,467,168,238,1,-1,-1,-1
320,49,0,1141,206,299,1,-1,-1,-1
320,55,737,1217,212,212,1,-1,-1,-1
320,59,1757,463,178,145,1,-1,-1,-1
320,81,1887,657,204,248,1,-1,-1,-1
320,82,884,299,138,102,1,-1,-1,-1
320,84,1496,483,220,172,1,-1,-1,-1
320,85,1014,632,206,206,1,-1,-1,-1
320,86,384,409,176,120,1,-1,-1,-1
320,91,2138,700,284,252,1,-1,-1,-1
320,92,1422,596,248,356,1,-1,-1,-1
320,93,1316,927,168,260,1,-1,-1,-1
320,96,1007,1301,188,139,1,-1,-1,-1
320,98,1559,182,1001,940,1,-1,-1,-1
320,99,1028,424,139,189,1,-1,-1,-1
320,100,1800,662,304,269,1,-1,-1,-1
320,101,2062,588,95,217,1,-1,-1,-1
320,102,2067,1197,172,144,1,-1,-1,-1
320,103,1046,65,1514,510,1,-1,-1,-1
320,104,2084,1197,181,231,1,-1,-1,-1
321,2,640,348,112,188,1,-1,-1,-1
321,5,356,404,196,196,1,-1,-1,-1
321,7,812,368,172,224,1,-1,-1,-1
321,15,1938,525,152,216,1,-1,-1,-1
321,41,496,896,224,368,1,-1,-1,-1
321,47,436,468,200,224,1,-1,-1,-1
321,49,0,1168,144,264,1,-1,-1,-1
321,55,756,1208,200,228,1,-1,-1,-1
321,59,1757,463,178,145,1,-1,-1,-1
321,81,1887,657,204,248,1,-1,-1,-1
321,82,884,299,138,102,1,-1,-1,-1
321,84,1484,452,228,200,1,-1,-1,-1
321,85,996,620,252,160,1,-1,-1,-1
321,86,384,409,176,120,1,-1,-1,-1
321,91,2192,704,216,232,1,-1,-1,-1
321,92,1400,592,244,292,1,-1,-1,-1
321,93,1316,927,168,260,1,-1,-1,-1
321,96,1000,1320,164,120,1,-1,-1,-1
321,98,1559,182,1001,940,1,-1,-1,-1
321,99,1028,424,139,189,1,-1,-1,-1
321,100,1800,662,304,269,1,-1,-1,-1
321,101,2062,588,95,217,1,-1,-1,-1
321,102,2067,1197,172,144,1,-1,-1,-1
321,103,1046,65,1514,510,1,-1,-1,-1
321,104,2048,1216,176,224,1,-1,-1,-1
321,105,1196,872,268,340,1,-1,-1,-1
321,106,884,296,272,256,1,-1,-1,-1
321,107,1308,312,176,164,1,-1,-1,-1
321,108,1824,368,180,292,1,-1,-1,-1
321,109,1532,284,188,184,1,-1,-1,-1
321,110,1088,268,128,140,1,-1,-1,-1
322,2,639,348,112,188,1,-1,-1,-1
322,5,357,403,196,196,1,-1,-1,-1
322,7,811,368,172,224,1,-1,-1,-1
322,15,1906,504,152,216,1,-1,-1,-1
322,41,490,887,224,368,1,-1,-1,-1
322,47,438,467,200,224,1,-1,-1,-1
322,49,0,1177,141,263,1,-1,-1,-1
322,55,756,1207,200,228,1,-1,-1,-1
322,59,1806,467,178,145,1,-1,-1,-1
322,81,1869,647,204,248,1,-1,-1,-1
322,82,888,300,138,102,1,-1,-1,-1
322,84,1484,453,228,200,1,-1,-1,-1
322,85,994,621,252,160,1,-1,-1,-1
322,86,385,408,176,120,1,-1,-1,-1
322,91,2104,647,216,232,1,-1,-1,-1
322,92,1394,590,244,292,1,-1,-1,-1
322,93,1290,898,168,260,1,-1,-1,-1
322,96,988,1324,164,116,1,-1,-1,-1
322,98,1501,150,1059,940,1,-1,-1,-1
322,99,1029,424,132,180,1,-1,-1,-1
322,100,1772,681,304,269,1,-1,-1,-1
322,101,2064,502,95,217,1,-1,-1,-1
322,102,2040,1227,181,151,1,-1,-1,-1
322,103,950,31,1610,536,1,-1,-1,-1
322,104,2042,1223,176,217,1,-1,-1,-1
322,105,1192,869,268,340,1,-1,-1,-1
322,106,884,296,272,256,1,-1,-1,-1
322,107,1308,312,176,164,1,-1,-1,-1
322,108,1825,364,180,292,1,-1,-1,-1
322,109,1532,284,188,184,1,-1,-1,-1
322,110,1088,267,128,140,1,-1,-1,-1
323,2,639,348,112,188,1,-1,-1,-1
323,5,358,402,196,196,1,-1,-1,-1
323,7,811,369,172,224,1,-1,-1,-1
323,15,1906,500,152,216,1,-1,-1,-1
323,41,488,884,224,368,1,-1,-1,-1
323,47,439,467,200,224,1,-1,-1,-1
323,49,0,1180,138,260,1,-1,-1,-1
323,55,756,1207,200,228,1,-1,-1,-1
323,59,1807,472,178,145,1,-1,-1,-1
323,81,1869,655,204,248,1,-1,-1,-1
323,82,889,301,138,102,1,-1,-1,-1
323,84,1484,454,228,200,1,-1,-1,-1
323,85,993,621,252,160,1,-1,-1,-1
323,86,386,407,176,120,1,-1,-1,-1
323,91,2066,577,227,244,1,-1,-1,-1
323,92,1390,589,244,292,1,-1,-1,-1
323,93,1283,895,168,260,1,-1,-1,-1
323,96,984,1325,164,115,1,-1,-1,-1
323,98,1499,156,1061,940,1,-1,-1,-1
323,99,1028,424,132,180,1,-1,-1,-1
323,100,1772,678,304,269,1,-1,-1,-1
323,101,2062,496,95,217,1,-1,-1,-1
323,102,2037,1232,181,151,1,-1,-1,-1
323,103,899,18,1661,563,1,-1,-1,-1
323,104,2039,1226,176,214,1,-1,-1,-1
323,105,1188,866,268,340,1,-1,-1,-1
323,106,884,297,272,256,1,-1,-1,-1
323,107,1308,312,176,164,1,-1,-1,-1
323,108,1826,362,180,292,1,-1,-1,-1
323,109,1533,285,188,184,1,-1,-1,-1
323,110,1088,267,128,140,1,-1,-1,-1
324,2,640,347,112,188,1,-1,-1,-1
324,5,359,401,196,196,1,-1,-1,-1
324,7,811,369,172,224,1,-1,-1,-1
324,15,1904,509,145,206,1,-1,-1,-1
324,41,483,870,224,368,1,-1,-1,-1
324,47,440,465,200,224,1,-1,-1,-1
324,49,0,1190,133,250,1,-1,-1,-1
324,55,756,1206,200,228,1,-1,-1,-1
324,59,1808,460,178,145,1,-1,-1,-1
324,81,1863,655,204,248,1,-1,-1,-1
324,82,894,304,138,102,1,-1,-1,-1
324,84,1483,455,228,200,1,-1,-1,-1
324,85,983,623,252,160,1,-1,-1,-1
324,86,387,407,176,120,1,-1,-1,-1
324,91,2014,562,227,244,1,-1,-1,-1
324,92,1382,589,244,292,1,-1,-1,-1
324,93,1272,894,160,248,1,-1,-1,-1
324,96,972,1329,156,111,1,-1,-1,-1
324,98,1503,140,1057,940,1,-1,-1,-1
324,99,1029,419,132,180,1,-1,-1,-1
324,100,1761,686,304,269,1,-1,-1,-1
324,101,2045,490,95,217,1,-1,-1,-1
324,102,2034,1238,181,151,1,-1,-1,-1
324,103,888,17,1672,563,1,-1,-1,-1
324,104,2039,1233,168,207,1,-1,-1,-1
324,105,1180,865,268,340,1,-1,-1,-1
324,106,884,297,272,256,1,-1,-1,-1
324,107,1309,312,176,164,1,-1,-1,-1
324,108,1824,355,189,307,1,-1,-1,-1
324,109,1533,285,188,184,1,-1,-1,-1
324,110,1089,266,128,140,1,-1,-1,-1
325,2,639,347,112,188,1,-1,-1,-1
325,5,360,400,196,196,1,-1,-1,-1
325,7,811,368,172,224,1,-1,-1,-1
325,15,1901,503,145,206,1,-1,-1,-1
325,41,473,860,224,368,1,-1,-1,-1
325,47,440,464,200,224,1,-1,-1,-1
325,49,0,1200,127,240,1,-1,-1,-1
325,55,756,1206,200,228,1,-1,-1,-1
325,59,1785,491,178,145,1,-1,-1,-1
325,81,1842,637,204,248,1,-1,-1,-1
325,82,900,307,138,102,1,-1,-1,-1
325,84,1482,456,228,200,1,-1,-1,-1
325,85,962,637,252,160,1,-1,-1,-1
325,86,386,406,176,120,1,-1,-1,-1
325,91,1995,557,227,244,1,-1,-1,-1
325,92,1374,590,244,292,1,-1,-1,-1
325,93,1269,898,152,236,1,-1,-1,-1
325,96,959,1328,156,112,1,-1,-1,-1
325,98,1510,136,1050,940,1,-1,-1,-1
325,99,1026,414,132,180,1,-1,-1,-1
325,100,1753,679,304,269,1,-1,-1,-1
325,101,2051,512,95,217,1,-1,-1,-1
325,102,2030,1239,181,151,1,-1,-1,-1
325,103,937,20,1623,536,1,-1,-1,-1
325,104,2037,1235,168,205,1,-1,-1,-1
325,105,1175,860,268,340,1,-1,-1,-1
325,106,884,297,272,256,1,-1,-1,-1
325,107,1309,312,176,164,1,-1,-1,-1
325,108,1827,355,189,307,1,-1,-1,-1
325,109,1533,285,188,184,1,-1,-1,-1
325,110,1089,265,128,140,1,-1,-1,-1
326,2,639,346,112,188,1,-1,-1,-1
326,5,360,400,196,196,1,-1,-1,-1
326,7,811,368,172,224,1,-1,-1,-1
326,15,1877,503,152,216,1,-1,-1,-1
326,41,477,862,213,350,1,-1,-1,-1
326,47,441,464,200,224,1,-1,-1,-1
326,49,0,1211,115,229,1,-1,-1,-1
326,55,757,1206,200,228,1,-1,-1,-1
326,59,1770,495,178,145,1,-1,-1,-1
326,81,1831,635,214,260,1,-1,-1,-1
326,82,906,310,138,102,1,-1,-1,-1
326,84,1482,456,228,200,1,-1,-1,-1
326,85,959,636,252,160,1,-1,-1,-1
326,86,384,407,176,120,1,-1,-1,-1
326,91,1980,547,227,244,1,-1,-1,-1
326,92,1372,586,244,292,1,-1,-1,-1
326,93,1261,896,152,236,1,-1,-1,-1
326,96,960,1326,156,114,1,-1,-1,-1
326,98,1513,123,1047,940,1,-1,-1,-1
326,99,1025,407,132,180,1,-1,-1,-1
326,100,1713,696,304,269,1,-1,-1,-1
326,101,2048,503,100,228,1,-1,-1,-1
326,102,2029,1240,181,151,1,-1,-1,-1
326,103,897,15,1663,563,1,-1,-1,-1
326,104,2036,1233,168,207,1,-1,-1,-1
326,105,1168,854,268,340,1,-1,-1,-1
326,106,885,296,272,256,1,-1,-1,-1
326,107,1308,312,176,164,1,-1,-1,-1
326,108,1826,353,189,307,1,-1,-1,-1
326,109,1533,285,188,184,1,-1,-1,-1
326,110,1089,265,128,140,1,-1,-1,-1
