1,0,1100,732,180,116,1,-1,-1,-1
1,1,256,764,276,96,1,-1,-1,-1
1,2,1452,724,192,100,1,-1,-1,-1
1,3,356,708,292,124,1,-1,-1,-1
1,4,736,720,120,108,1,-1,-1,-1
2,0,1101,729,180,116,1,-1,-1,-1
2,1,230,765,276,96,1,-1,-1,-1
2,2,1431,724,192,100,1,-1,-1,-1
2,3,334,709,292,124,1,-1,-1,-1
2,4,723,719,120,108,1,-1,-1,-1
3,0,1103,727,180,116,1,-1,-1,-1
3,1,202,767,276,96,1,-1,-1,-1
3,2,1408,725,192,100,1,-1,-1,-1
3,3,309,709,292,124,1,-1,-1,-1
3,4,709,717,120,108,1,-1,-1,-1
4,0,1104,718,189,122,1,-1,-1,-1
4,1,168,766,290,101,1,-1,-1,-1
4,2,1375,722,202,105,1,-1,-1,-1
4,3,288,710,292,124,1,-1,-1,-1
4,4,695,716,120,108,1,-1,-1,-1
5,0,1113,715,189,122,1,-1,-1,-1
5,1,138,765,290,101,1,-1,-1,-1
5,2,1341,719,202,105,1,-1,-1,-1
5,3,268,711,292,124,1,-1,-1,-1
5,4,682,715,120,108,1,-1,-1,-1
6,0,1126,713,189,122,1,-1,-1,-1
6,1,101,765,290,101,1,-1,-1,-1
6,2,1305,717,202,105,1,-1,-1,-1
6,3,248,713,292,124,1,-1,-1,-1
6,4,669,716,120,108,1,-1,-1,-1
7,0,1122,712,189,122,1,-1,-1,-1
7,1,62,762,304,106,1,-1,-1,-1
7,2,1270,717,202,105,1,-1,-1,-1
7,3,215,713,307,130,1,-1,-1,-1
7,4,656,715,120,108,1,-1,-1,-1
8,0,1122,715,180,116,1,-1,-1,-1
8,1,30,762,304,106,1,-1,-1,-1
8,2,1235,718,202,105,1,-1,-1,-1
8,3,199,717,292,124,1,-1,-1,-1
8,4,647,714,120,108,1,-1,-1,-1
9,0,1122,715,180,116,1,-1,-1,-1
9,1,68,768,244,128,1,-1,-1,-1
9,2,1232,708,176,120,1,-1,-1,-1
9,3,199,717,292,124,1,-1,-1,-1
9,4,647,714,120,108,1,-1,-1,-1
9,5,432,704,208,124,1,-1,-1,-1
9,6,1956,760,144,156,1,-1,-1,-1
10,0,1119,714,180,116,1,-1,-1,-1
10,1,45,772,244,128,1,-1,-1,-1
10,2,1213,707,176,120,1,-1,-1,-1
10,3,184,707,307,130,1,-1,-1,-1
10,4,627,705,126,113,1,-1,-1,-1
10,5,419,704,208,124,1,-1,-1,-1
10,6,1942,758,144,156,1,-1,-1,-1
11,0,1138,728,189,122,1,-1,-1,-1
11,1,23,771,256,134,1,-1,-1,-1
11,2,1199,703,176,120,1,-1,-1,-1
11,3,170,707,307,130,1,-1,-1,-1
11,4,620,704,126,113,1,-1,-1,-1
11,5,406,705,208,124,1,-1,-1,-1
11,6,1928,757,144,156,1,-1,-1,-1
12,0,1125,725,180,116,1,-1,-1,-1
12,1,0,772,251,134,1,-1,-1,-1
12,2,1185,703,168,114,1,-1,-1,-1
12,3,147,710,307,130,1,-1,-1,-1
12,4,610,704,126,113,1,-1,-1,-1
12,5,388,703,218,130,1,-1,-1,-1
12,6,1916,755,144,156,1,-1,-1,-1
13,1,0,773,254,134,1,-1,-1,-1
13,2,1172,701,168,114,1,-1,-1,-1
13,4,605,704,126,113,1,-1,-1,-1
13,5,380,703,218,130,1,-1,-1,-1
13,6,1904,752,144,156,1,-1,-1,-1
14,1,0,775,251,134,1,-1,-1,-1
14,2,1115,701,168,114,1,-1,-1,-1
14,4,590,700,132,119,1,-1,-1,-1
14,5,369,702,218,130,1,-1,-1,-1
14,6,1893,750,144,156,1,-1,-1,-1
15,1,0,775,247,134,1,-1,-1,-1
15,2,1032,690,168,114,1,-1,-1,-1
15,4,586,701,132,119,1,-1,-1,-1
15,5,362,702,218,130,1,-1,-1,-1
15,6,1881,749,144,156,1,-1,-1,-1
16,2,1003,679,176,120,1,-1,-1,-1
16,4,571,696,139,125,1,-1,-1,-1
16,5,352,701,218,130,1,-1,-1,-1
16,6,1871,747,144,156,1,-1,-1,-1
17,2,1003,679,176,120,1,-1,-1,-1
17,4,576,708,104,120,1,-1,-1,-1
17,5,312,700,244,140,1,-1,-1,-1
17,6,1800,720,212,180,1,-1,-1,-1
17,7,2060,768,296,188,1,-1,-1,-1
17,8,44,728,304,144,1,-1,-1,-1
17,9,1696,732,128,104,1,-1,-1,-1
18,2,966,675,176,120,1,-1,-1,-1
18,4,567,708,104,120,1,-1,-1,-1
18,5,306,701,244,140,1,-1,-1,-1
18,6,1786,719,212,180,1,-1,-1,-1
18,7,2041,765,296,188,1,-1,-1,-1
18,8,34,729,304,144,1,-1,-1,-1
18,9,1682,732,128,104,1,-1,-1,-1
19,2,952,672,176,120,1,-1,-1,-1
19,4,558,708,104,120,1,-1,-1,-1
19,5,299,700,244,140,1,-1,-1,-1
19,6,1776,718,212,180,1,-1,-1,-1
19,7,2027,769,296,188,1,-1,-1,-1
19,8,26,731,304,144,1,-1,-1,-1
19,9,1669,731,128,104,1,-1,-1,-1
20,2,948,673,176,120,1,-1,-1,-1
20,4,554,706,104,120,1,-1,-1,-1
20,5,292,700,244,140,1,-1,-1,-1
20,6,1768,717,212,180,1,-1,-1,-1
20,7,2009,764,296,188,1,-1,-1,-1
20,8,21,732,304,144,1,-1,-1,-1
20,9,1657,728,128,104,1,-1,-1,-1
21,2,932,664,176,120,1,-1,-1,-1
21,4,549,704,104,120,1,-1,-1,-1
21,5,286,700,244,140,1,-1,-1,-1
21,6,1755,714,212,180,1,-1,-1,-1
21,7,1987,762,296,188,1,-1,-1,-1
21,8,15,733,304,144,1,-1,-1,-1
21,9,1642,724,128,104,1,-1,-1,-1
22,2,923,662,176,120,1,-1,-1,-1
22,4,541,705,104,120,1,-1,-1,-1
22,5,279,700,244,140,1,-1,-1,-1
22,6,1742,714,212,180,1,-1,-1,-1
22,7,1950,755,311,197,1,-1,-1,-1
22,8,29,737,290,137,1,-1,-1,-1
22,9,1630,722,128,104,1,-1,-1,-1
23,2,919,656,176,120,1,-1,-1,-1
23,4,531,707,104,120,1,-1,-1,-1
23,5,272,700,244,140,1,-1,-1,-1
23,6,1722,713,212,180,1,-1,-1,-1
23,7,1921,751,311,197,1,-1,-1,-1
23,8,25,736,290,137,1,-1,-1,-1
23,9,1615,722,128,104,1,-1,-1,-1
24,2,918,652,176,120,1,-1,-1,-1
24,4,524,708,104,120,1,-1,-1,-1
24,5,273,702,232,133,1,-1,-1,-1
24,6,1706,708,223,189,1,-1,-1,-1
24,7,1891,742,311,197,1,-1,-1,-1
24,8,26,735,290,137,1,-1,-1,-1
24,9,1600,723,128,104,1,-1,-1,-1
25,2,952,648,148,104,1,-1,-1,-1
25,4,464,712,152,116,1,-1,-1,-1
25,5,292,700,212,132,1,-1,-1,-1
25,6,1684,728,212,120,1,-1,-1,-1
25,7,1844,768,328,156,1,-1,-1,-1
25,8,60,728,276,136,1,-1,-1,-1
25,9,1600,723,128,104,1,-1,-1,-1
26,2,950,649,148,104,1,-1,-1,-1
26,4,454,713,152,116,1,-1,-1,-1
26,5,288,700,212,132,1,-1,-1,-1
26,6,1671,726,212,120,1,-1,-1,-1
26,7,1821,768,328,156,1,-1,-1,-1
26,8,57,728,276,136,1,-1,-1,-1
26,9,1576,725,122,99,1,-1,-1,-1
27,2,948,651,148,104,1,-1,-1,-1
27,4,445,714,152,116,1,-1,-1,-1
27,5,283,699,212,132,1,-1,-1,-1
27,6,1661,723,212,120,1,-1,-1,-1
27,7,1808,768,328,156,1,-1,-1,-1
27,8,55,728,276,136,1,-1,-1,-1
27,9,1568,723,122,99,1,-1,-1,-1
28,2,944,652,148,104,1,-1,-1,-1
28,4,434,709,160,122,1,-1,-1,-1
28,5,281,698,212,132,1,-1,-1,-1
28,6,1651,721,212,120,1,-1,-1,-1
28,7,1776,764,328,156,1,-1,-1,-1
28,8,55,729,276,136,1,-1,-1,-1
28,9,1571,717,122,99,1,-1,-1,-1
29,2,943,653,148,104,1,-1,-1,-1
29,4,441,708,160,122,1,-1,-1,-1
29,5,284,700,202,126,1,-1,-1,-1
29,6,1610,717,212,120,1,-1,-1,-1
29,7,1735,761,328,156,1,-1,-1,-1
29,8,57,729,276,136,1,-1,-1,-1
29,9,1574,719,122,99,1,-1,-1,-1
30,2,938,651,155,109,1,-1,-1,-1
30,4,441,707,160,122,1,-1,-1,-1
30,5,284,698,202,126,1,-1,-1,-1
30,6,1590,721,212,120,1,-1,-1,-1
30,7,1702,752,328,156,1,-1,-1,-1
30,8,61,728,276,136,1,-1,-1,-1
30,9,1571,722,122,99,1,-1,-1,-1
31,2,939,653,155,109,1,-1,-1,-1
31,4,446,712,152,116,1,-1,-1,-1
31,5,290,697,202,126,1,-1,-1,-1
31,7,1663,749,328,156,1,-1,-1,-1
31,8,65,726,276,136,1,-1,-1,-1
32,2,938,650,163,115,1,-1,-1,-1
32,4,443,711,152,116,1,-1,-1,-1
32,5,291,696,202,126,1,-1,-1,-1
32,7,1627,741,328,156,1,-1,-1,-1
32,8,76,730,263,130,1,-1,-1,-1
33,2,932,644,176,128,1,-1,-1,-1
33,4,356,716,240,116,1,-1,-1,-1
33,5,291,696,202,126,1,-1,-1,-1
33,7,1608,748,268,144,1,-1,-1,-1
33,8,84,720,296,140,1,-1,-1,-1
33,10,1508,688,216,108,1,-1,-1,-1
34,2,933,645,176,128,1,-1,-1,-1
34,4,354,715,240,116,1,-1,-1,-1
34,5,343,709,202,126,1,-1,-1,-1
34,7,1595,751,268,144,1,-1,-1,-1
34,8,87,720,296,140,1,-1,-1,-1
34,10,1489,687,216,108,1,-1,-1,-1
35,2,935,646,176,128,1,-1,-1,-1
35,4,355,719,229,110,1,-1,-1,-1
35,5,356,723,192,120,1,-1,-1,-1
35,7,1605,748,268,144,1,-1,-1,-1
35,8,91,719,296,140,1,-1,-1,-1
35,10,1470,685,216,108,1,-1,-1,-1
36,2,937,648,176,128,1,-1,-1,-1
36,4,349,719,229,110,1,-1,-1,-1
36,5,361,722,192,120,1,-1,-1,-1
36,7,1603,743,268,144,1,-1,-1,-1
36,8,96,719,296,140,1,-1,-1,-1
36,10,1447,683,216,108,1,-1,-1,-1
37,2,938,651,176,128,1,-1,-1,-1
37,4,345,718,229,110,1,-1,-1,-1
37,5,365,723,192,120,1,-1,-1,-1
37,7,1598,738,268,144,1,-1,-1,-1
37,8,109,717,296,140,1,-1,-1,-1
37,10,1427,681,216,108,1,-1,-1,-1
38,2,939,651,176,128,1,-1,-1,-1
38,4,344,722,218,105,1,-1,-1,-1
38,5,363,723,192,120,1,-1,-1,-1
38,7,1599,715,268,144,1,-1,-1,-1
38,8,111,716,296,140,1,-1,-1,-1
38,10,1413,676,216,108,1,-1,-1,-1
39,2,941,652,176,128,1,-1,-1,-1
39,4,350,723,218,105,1,-1,-1,-1
39,5,363,723,192,120,1,-1,-1,-1
39,7,1631,716,268,144,1,-1,-1,-1
39,8,129,714,296,140,1,-1,-1,-1
39,10,1394,675,216,108,1,-1,-1,-1
40,2,944,653,176,128,1,-1,-1,-1
40,4,332,729,218,105,1,-1,-1,-1
40,5,365,723,192,120,1,-1,-1,-1
40,8,130,714,296,140,1,-1,-1,-1
40,10,1373,677,216,108,1,-1,-1,-1
41,2,944,653,176,128,1,-1,-1,-1
41,4,332,729,218,105,1,-1,-1,-1
41,5,380,728,160,104,1,-1,-1,-1
41,8,164,712,220,140,1,-1,-1,-1
41,10,1373,677,216,108,1,-1,-1,-1
41,11,24,708,132,148,1,-1,-1,-1
41,12,1376,720,220,112,1,-1,-1,-1
41,13,1740,728,204,108,1,-1,-1,-1
41,14,1368,672,184,72,1,-1,-1,-1
42,2,956,657,176,128,1,-1,-1,-1
42,4,318,735,218,105,1,-1,-1,-1
42,5,378,729,160,104,1,-1,-1,-1
42,8,167,712,220,140,1,-1,-1,-1
42,11,29,708,132,148,1,-1,-1,-1
42,12,1357,725,210,107,1,-1,-1,-1
42,13,1753,731,204,108,1,-1,-1,-1
42,14,1346,673,184,72,1,-1,-1,-1
43,2,962,658,176,128,1,-1,-1,-1
43,4,315,737,218,105,1,-1,-1,-1
43,5,375,730,160,104,1,-1,-1,-1
43,8,169,711,220,140,1,-1,-1,-1
43,11,33,709,132,148,1,-1,-1,-1
43,12,1336,727,210,107,1,-1,-1,-1
43,13,1767,731,214,113,1,-1,-1,-1
43,14,1332,675,175,69,1,-1,-1,-1
44,2,967,663,168,122,1,-1,-1,-1
44,4,296,732,229,110,1,-1,-1,-1
44,5,373,731,160,104,1,-1,-1,-1
44,8,171,711,220,140,1,-1,-1,-1
44,11,38,709,132,148,1,-1,-1,-1
44,12,1319,727,200,102,1,-1,-1,-1
44,13,1812,749,214,113,1,-1,-1,-1
44,14,1321,675,167,65,1,-1,-1,-1
45,2,967,665,168,122,1,-1,-1,-1
45,4,282,730,229,110,1,-1,-1,-1
45,5,359,731,160,104,1,-1,-1,-1
45,8,172,711,220,140,1,-1,-1,-1
45,11,41,709,132,148,1,-1,-1,-1
45,12,1300,728,200,102,1,-1,-1,-1
45,13,1849,753,214,113,1,-1,-1,-1
45,14,1310,670,167,65,1,-1,-1,-1
46,2,968,666,168,122,1,-1,-1,-1
46,4,280,726,229,110,1,-1,-1,-1
46,5,367,732,152,99,1,-1,-1,-1
46,8,174,711,220,140,1,-1,-1,-1
46,11,43,710,132,148,1,-1,-1,-1
46,12,1235,720,200,102,1,-1,-1,-1
46,13,1868,757,214,113,1,-1,-1,-1
46,14,1307,665,167,65,1,-1,-1,-1
47,2,970,667,168,122,1,-1,-1,-1
47,4,265,723,240,116,1,-1,-1,-1
47,5,352,734,145,94,1,-1,-1,-1
47,8,180,714,210,133,1,-1,-1,-1
47,11,44,711,132,148,1,-1,-1,-1
47,12,1207,710,210,107,1,-1,-1,-1
47,13,1880,756,225,119,1,-1,-1,-1
47,14,1289,667,167,65,1,-1,-1,-1
48,2,970,665,168,122,1,-1,-1,-1
48,4,267,725,229,110,1,-1,-1,-1
48,5,344,732,145,94,1,-1,-1,-1
48,8,180,713,210,133,1,-1,-1,-1
48,11,44,713,132,148,1,-1,-1,-1
48,13,1923,763,225,119,1,-1,-1,-1
48,14,1273,667,167,65,1,-1,-1,-1
49,2,1000,688,144,100,1,-1,-1,-1
49,4,267,725,229,110,1,-1,-1,-1
49,5,344,732,145,94,1,-1,-1,-1
49,8,180,713,210,133,1,-1,-1,-1
49,11,44,713,132,148,1,-1,-1,-1
49,13,1923,763,225,119,1,-1,-1,-1
49,14,1273,667,167,65,1,-1,-1,-1
49,15,1300,612,92,128,1,-1,-1,-1
49,16,1260,684,140,116,1,-1,-1,-1
50,2,997,688,144,100,1,-1,-1,-1
50,4,177,728,240,116,1,-1,-1,-1
50,5,360,728,152,99,1,-1,-1,-1
50,8,176,714,210,133,1,-1,-1,-1
50,11,35,716,132,148,1,-1,-1,-1
50,13,1988,772,225,119,1,-1,-1,-1
50,14,1239,664,167,65,1,-1,-1,-1
50,15,1288,605,92,128,1,-1,-1,-1
50,16,1241,681,147,122,1,-1,-1,-1
51,2,992,688,144,100,1,-1,-1,-1
51,4,163,732,229,110,1,-1,-1,-1
51,5,356,728,145,94,1,-1,-1,-1
51,8,170,713,210,133,1,-1,-1,-1
51,11,25,717,132,148,1,-1,-1,-1
51,13,2028,768,236,125,1,-1,-1,-1
51,14,1325,662,167,65,1,-1,-1,-1
51,15,1274,585,97,134,1,-1,-1,-1
51,16,1218,676,147,122,1,-1,-1,-1
52,2,987,690,144,100,1,-1,-1,-1
52,4,162,733,229,110,1,-1,-1,-1
52,5,347,727,145,94,1,-1,-1,-1
52,8,159,710,220,140,1,-1,-1,-1
52,11,16,719,132,148,1,-1,-1,-1
52,13,2056,777,236,125,1,-1,-1,-1
52,14,1308,647,175,69,1,-1,-1,-1
52,15,1265,576,92,128,1,-1,-1,-1
52,16,1194,682,147,122,1,-1,-1,-1
53,2,981,691,144,100,1,-1,-1,-1
53,4,153,738,218,105,1,-1,-1,-1
53,5,338,726,145,94,1,-1,-1,-1
53,8,147,713,220,140,1,-1,-1,-1
53,11,5,724,132,148,1,-1,-1,-1
53,15,1269,555,88,122,1,-1,-1,-1
53,16,1176,679,147,122,1,-1,-1,-1
54,2,975,691,144,100,1,-1,-1,-1
54,4,150,739,218,105,1,-1,-1,-1
54,5,340,729,138,90,1,-1,-1,-1
54,8,135,710,231,147,1,-1,-1,-1
54,11,0,724,124,148,1,-1,-1,-1
54,15,1264,548,88,122,1,-1,-1,-1
54,16,1145,665,147,122,1,-1,-1,-1
55,2,960,689,144,100,1,-1,-1,-1
55,4,135,739,218,105,1,-1,-1,-1
55,5,327,731,138,90,1,-1,-1,-1
55,8,119,712,231,147,1,-1,-1,-1
55,11,0,723,110,148,1,-1,-1,-1
55,16,1104,672,147,122,1,-1,-1,-1
56,2,950,689,144,100,1,-1,-1,-1
56,4,138,742,207,100,1,-1,-1,-1
56,5,317,732,132,86,1,-1,-1,-1
56,8,106,712,231,147,1,-1,-1,-1
56,11,0,725,93,148,1,-1,-1,-1
57,2,950,689,144,100,1,-1,-1,-1
57,4,138,742,207,100,1,-1,-1,-1
57,5,317,732,132,86,1,-1,-1,-1
57,8,106,712,231,147,1,-1,-1,-1
57,11,0,725,93,148,1,-1,-1,-1
57,17,1216,1188,192,152,1,-1,-1,-1
58,2,920,687,144,100,1,-1,-1,-1
58,4,91,740,207,100,1,-1,-1,-1
58,5,279,730,132,86,1,-1,-1,-1
58,8,64,715,231,147,1,-1,-1,-1
58,11,1,742,139,155,1,-1,-1,-1
58,17,1192,1154,192,152,1,-1,-1,-1
59,2,904,690,144,100,1,-1,-1,-1
59,4,58,739,218,105,1,-1,-1,-1
59,5,256,728,132,86,1,-1,-1,-1
59,8,39,719,231,147,1,-1,-1,-1
59,11,3,740,146,163,1,-1,-1,-1
59,17,1165,1135,192,152,1,-1,-1,-1
60,2,890,691,144,100,1,-1,-1,-1
60,4,35,741,218,105,1,-1,-1,-1
60,5,236,727,132,86,1,-1,-1,-1
60,8,13,721,231,147,1,-1,-1,-1
60,11,14,741,146,163,1,-1,-1,-1
60,17,1132,1150,202,160,1,-1,-1,-1
61,2,861,691,144,100,1,-1,-1,-1
61,8,0,722,221,147,1,-1,-1,-1
61,17,1108,1190,202,160,1,-1,-1,-1
62,2,842,690,151,105,1,-1,-1,-1
62,8,0,726,196,147,1,-1,-1,-1
62,17,1097,1212,202,160,1,-1,-1,-1
63,2,833,691,159,110,1,-1,-1,-1
63,8,0,726,175,147,1,-1,-1,-1
63,17,1075,1231,202,160,1,-1,-1,-1
64,2,818,692,159,110,1,-1,-1,-1
64,8,0,730,153,147,1,-1,-1,-1
64,17,1049,1264,202,160,1,-1,-1,-1
65,2,818,692,159,110,1,-1,-1,-1
65,8,0,730,153,147,1,-1,-1,-1
65,17,1049,1264,202,160,1,-1,-1,-1
65,18,132,716,140,128,1,-1,-1,-1
66,2,807,690,167,116,1,-1,-1,-1
66,8,0,737,128,147,1,-1,-1,-1
66,17,1015,1286,202,154,1,-1,-1,-1
66,18,120,720,140,128,1,-1,-1,-1
67,2,806,694,167,116,1,-1,-1,-1
67,8,0,741,113,140,1,-1,-1,-1
67,17,1011,1289,192,151,1,-1,-1,-1
67,18,111,722,140,128,1,-1,-1,-1
68,2,801,696,167,116,1,-1,-1,-1
68,8,0,738,113,147,1,-1,-1,-1
68,17,1001,1277,192,152,1,-1,-1,-1
68,18,103,722,140,128,1,-1,-1,-1
69,2,794,694,167,116,1,-1,-1,-1
69,8,0,739,111,147,1,-1,-1,-1
69,17,993,1263,192,152,1,-1,-1,-1
69,18,100,723,140,128,1,-1,-1,-1
70,2,799,697,167,116,1,-1,-1,-1
70,8,0,742,112,147,1,-1,-1,-1
70,17,994,1262,192,152,1,-1,-1,-1
70,18,95,726,140,128,1,-1,-1,-1
71,2,802,698,167,116,1,-1,-1,-1
71,17,1004,1266,192,152,1,-1,-1,-1
71,18,93,731,140,128,1,-1,-1,-1
72,2,808,699,167,116,1,-1,-1,-1
72,17,1018,1280,192,152,1,-1,-1,-1
72,18,97,726,140,128,1,-1,-1,-1
73,2,808,699,167,116,1,-1,-1,-1
73,17,1018,1280,192,152,1,-1,-1,-1
73,18,97,726,140,128,1,-1,-1,-1
73,19,0,748,140,132,1,-1,-1,-1
73,20,1736,804,288,140,1,-1,-1,-1
74,2,820,699,167,116,1,-1,-1,-1
74,17,1045,1316,192,124,1,-1,-1,-1
74,18,106,722,147,134,1,-1,-1,-1
74,19,9,749,140,132,1,-1,-1,-1
74,20,1728,803,288,140,1,-1,-1,-1
75,2,831,702,167,116,1,-1,-1,-1
75,17,1065,1335,192,105,1,-1,-1,-1
75,18,108,728,147,134,1,-1,-1,-1
75,19,17,750,140,132,1,-1,-1,-1
75,20,1722,805,274,133,1,-1,-1,-1
76,2,848,700,167,116,1,-1,-1,-1
76,17,1084,1349,192,91,1,-1,-1,-1
76,18,116,737,147,134,1,-1,-1,-1
76,19,27,751,140,132,1,-1,-1,-1
76,20,1709,807,274,133,1,-1,-1,-1
77,2,866,701,167,116,1,-1,-1,-1
77,17,1098,1337,192,103,1,-1,-1,-1
77,18,114,749,154,141,1,-1,-1,-1
77,19,41,751,140,132,1,-1,-1,-1
77,20,1701,806,274,133,1,-1,-1,-1
78,2,886,702,167,116,1,-1,-1,-1
78,17,1121,1317,192,123,1,-1,-1,-1
78,18,120,747,162,148,1,-1,-1,-1
78,19,55,753,140,132,1,-1,-1,-1
78,20,1680,795,274,133,1,-1,-1,-1
79,17,1147,1300,192,140,1,-1,-1,-1
79,18,141,756,162,148,1,-1,-1,-1
79,19,48,751,140,132,1,-1,-1,-1
79,20,1662,791,274,133,1,-1,-1,-1
80,17,1176,1294,192,146,1,-1,-1,-1
80,18,154,758,162,148,1,-1,-1,-1
80,19,0,764,141,139,1,-1,-1,-1
80,20,1658,788,274,133,1,-1,-1,-1
81,17,1176,1294,192,146,1,-1,-1,-1
81,18,136,776,232,140,1,-1,-1,-1
81,19,0,764,141,139,1,-1,-1,-1
81,20,1656,772,260,148,1,-1,-1,-1
81,21,4,732,252,156,1,-1,-1,-1
81,22,1164,704,228,92,1,-1,-1,-1
82,17,1226,1302,192,138,1,-1,-1,-1
82,18,145,779,232,140,1,-1,-1,-1
82,19,0,776,142,139,1,-1,-1,-1
82,20,1650,772,260,148,1,-1,-1,-1
82,21,22,731,252,156,1,-1,-1,-1
82,22,1193,706,228,92,1,-1,-1,-1
83,17,1252,1317,192,123,1,-1,-1,-1
83,18,150,779,232,140,1,-1,-1,-1
83,19,7,771,147,139,1,-1,-1,-1
83,20,1629,764,260,148,1,-1,-1,-1
83,21,42,731,252,156,1,-1,-1,-1
83,22,1234,709,228,92,1,-1,-1,-1
84,17,1281,1318,192,122,1,-1,-1,-1
84,18,168,778,232,140,1,-1,-1,-1
84,19,23,774,140,132,1,-1,-1,-1
84,20,1617,762,260,148,1,-1,-1,-1
84,21,69,730,252,156,1,-1,-1,-1
84,22,1266,708,228,92,1,-1,-1,-1
85,17,1310,1317,192,123,1,-1,-1,-1
85,18,147,795,232,140,1,-1,-1,-1
85,19,0,774,125,139,1,-1,-1,-1
85,20,1626,752,260,148,1,-1,-1,-1
85,21,89,732,252,156,1,-1,-1,-1
85,22,1324,712,217,88,1,-1,-1,-1
86,17,1335,1313,192,127,1,-1,-1,-1
86,18,128,803,232,140,1,-1,-1,-1
86,19,0,753,120,139,1,-1,-1,-1
86,20,1610,750,248,141,1,-1,-1,-1
86,21,118,736,252,156,1,-1,-1,-1
86,22,1370,719,217,88,1,-1,-1,-1
87,17,1357,1312,192,128,1,-1,-1,-1
87,18,148,828,221,133,1,-1,-1,-1
87,19,0,749,129,146,1,-1,-1,-1
87,20,1618,752,236,134,1,-1,-1,-1
87,21,141,749,265,164,1,-1,-1,-1
87,22,1390,722,228,92,1,-1,-1,-1
88,17,1378,1311,192,129,1,-1,-1,-1
88,18,141,835,221,133,1,-1,-1,-1
88,19,0,747,142,146,1,-1,-1,-1
88,20,1620,750,236,134,1,-1,-1,-1
88,22,1416,723,239,97,1,-1,-1,-1
89,17,1378,1311,192,129,1,-1,-1,-1
89,18,0,824,360,136,1,-1,-1,-1
89,19,0,760,140,124,1,-1,-1,-1
89,20,1648,764,152,124,1,-1,-1,-1
89,22,1448,720,180,112,1,-1,-1,-1
89,23,1236,756,192,80,1,-1,-1,-1
89,24,236,736,244,120,1,-1,-1,-1
89,25,1064,700,224,108,1,-1,-1,-1
90,17,1425,1306,192,134,1,-1,-1,-1
90,18,0,825,338,136,1,-1,-1,-1
90,19,15,759,140,124,1,-1,-1,-1
90,20,1649,761,152,124,1,-1,-1,-1
90,22,1468,721,180,112,1,-1,-1,-1
90,23,1265,755,192,80,1,-1,-1,-1
90,24,258,737,244,120,1,-1,-1,-1
90,25,1091,700,224,108,1,-1,-1,-1
91,17,1446,1303,192,137,1,-1,-1,-1
91,18,0,832,299,130,1,-1,-1,-1
91,19,32,757,140,124,1,-1,-1,-1
91,20,1651,754,152,124,1,-1,-1,-1
91,22,1488,719,180,112,1,-1,-1,-1
91,23,1300,757,192,80,1,-1,-1,-1
91,24,280,737,244,120,1,-1,-1,-1
91,25,1114,700,224,108,1,-1,-1,-1
92,17,1460,1299,192,141,1,-1,-1,-1
92,18,0,835,262,123,1,-1,-1,-1
92,19,48,755,140,124,1,-1,-1,-1
92,20,1668,760,145,118,1,-1,-1,-1
92,22,1503,718,180,112,1,-1,-1,-1
92,23,1328,757,192,80,1,-1,-1,-1
92,24,300,738,244,120,1,-1,-1,-1
92,25,1131,701,224,108,1,-1,-1,-1
93,17,1471,1300,192,140,1,-1,-1,-1
93,18,0,836,254,123,1,-1,-1,-1
93,19,60,757,140,124,1,-1,-1,-1
93,20,1654,758,145,118,1,-1,-1,-1
93,22,1523,719,171,107,1,-1,-1,-1
93,23,1364,762,192,80,1,-1,-1,-1
93,24,303,732,256,126,1,-1,-1,-1
93,25,1150,699,224,108,1,-1,-1,-1
94,17,1487,1307,192,133,1,-1,-1,-1
94,18,0,852,193,123,1,-1,-1,-1
94,19,73,759,140,124,1,-1,-1,-1
94,20,1668,751,145,118,1,-1,-1,-1
94,22,1533,716,171,107,1,-1,-1,-1
94,23,1371,763,183,76,1,-1,-1,-1
94,24,320,730,269,132,1,-1,-1,-1
94,25,1166,698,224,108,1,-1,-1,-1
95,17,1497,1314,192,126,1,-1,-1,-1
95,19,83,759,140,124,1,-1,-1,-1
95,20,1670,763,138,112,1,-1,-1,-1
95,22,1546,715,171,107,1,-1,-1,-1
95,23,1430,765,183,76,1,-1,-1,-1
95,24,333,731,269,132,1,-1,-1,-1
95,25,1175,695,235,113,1,-1,-1,-1
96,17,1503,1315,192,125,1,-1,-1,-1
96,19,94,761,140,124,1,-1,-1,-1
96,22,1555,712,171,107,1,-1,-1,-1
96,23,1471,772,183,76,1,-1,-1,-1
96,24,347,733,269,132,1,-1,-1,-1
96,25,1184,693,247,119,1,-1,-1,-1
97,17,1503,1315,192,125,1,-1,-1,-1
97,19,94,761,140,124,1,-1,-1,-1
97,22,1555,712,171,107,1,-1,-1,-1
97,23,1471,772,183,76,1,-1,-1,-1
97,24,444,740,168,128,1,-1,-1,-1
97,25,1240,704,184,104,1,-1,-1,-1
97,26,20,768,236,156,1,-1,-1,-1
97,27,268,740,172,152,1,-1,-1,-1
97,28,1340,724,216,100,1,-1,-1,-1
97,29,1496,728,272,140,1,-1,-1,-1
98,17,1520,1298,192,142,1,-1,-1,-1
98,19,107,766,140,124,1,-1,-1,-1
98,22,1533,710,180,112,1,-1,-1,-1
98,23,1524,783,192,80,1,-1,-1,-1
98,24,455,739,168,128,1,-1,-1,-1
98,25,1258,706,184,104,1,-1,-1,-1
98,26,23,769,236,156,1,-1,-1,-1
98,27,279,740,172,152,1,-1,-1,-1
98,28,1360,724,216,100,1,-1,-1,-1
98,29,1508,726,272,140,1,-1,-1,-1
99,17,1532,1291,192,149,1,-1,-1,-1
99,19,110,771,140,124,1,-1,-1,-1
99,22,1548,712,180,112,1,-1,-1,-1
99,23,1579,785,192,80,1,-1,-1,-1
99,24,460,741,168,128,1,-1,-1,-1
99,25,1271,707,193,109,1,-1,-1,-1
99,26,21,766,248,164,1,-1,-1,-1
99,27,285,740,172,152,1,-1,-1,-1
99,28,1391,726,206,95,1,-1,-1,-1
99,29,1519,725,272,140,1,-1,-1,-1
100,17,1544,1265,192,152,1,-1,-1,-1
100,19,112,774,140,124,1,-1,-1,-1
100,22,1564,714,180,112,1,-1,-1,-1
100,23,1632,783,192,80,1,-1,-1,-1
100,24,473,744,176,134,1,-1,-1,-1
100,25,1271,710,193,109,1,-1,-1,-1
100,26,23,768,248,164,1,-1,-1,-1
100,27,292,740,172,152,1,-1,-1,-1
100,28,1418,728,206,95,1,-1,-1,-1
100,29,1542,726,272,140,1,-1,-1,-1
101,17,1540,1230,192,152,1,-1,-1,-1
101,19,112,775,140,124,1,-1,-1,-1
101,22,1555,713,189,118,1,-1,-1,-1
101,23,1664,781,202,84,1,-1,-1,-1
101,24,486,744,176,134,1,-1,-1,-1
101,25,1286,709,193,109,1,-1,-1,-1
101,26,25,769,248,164,1,-1,-1,-1
101,27,298,739,172,152,1,-1,-1,-1
101,28,1443,727,216,100,1,-1,-1,-1
101,29,1621,724,286,147,1,-1,-1,-1
102,17,1516,1204,202,160,1,-1,-1,-1
102,19,112,774,140,124,1,-1,-1,-1
102,22,1554,717,189,118,1,-1,-1,-1
102,23,1716,783,202,84,1,-1,-1,-1
102,24,500,745,176,134,1,-1,-1,-1
102,25,1302,707,193,109,1,-1,-1,-1
102,26,24,768,248,164,1,-1,-1,-1
102,27,302,738,172,152,1,-1,-1,-1
102,28,1455,723,227,105,1,-1,-1,-1
102,29,1618,718,300,154,1,-1,-1,-1
103,17,1495,1189,202,160,1,-1,-1,-1
103,19,106,773,140,124,1,-1,-1,-1
103,23,1758,780,202,84,1,-1,-1,-1
103,24,507,750,168,128,1,-1,-1,-1
103,25,1315,707,193,109,1,-1,-1,-1
103,26,24,767,248,164,1,-1,-1,-1
103,27,305,738,172,152,1,-1,-1,-1
103,28,1442,720,238,110,1,-1,-1,-1
104,17,1484,1183,202,160,1,-1,-1,-1
104,19,107,772,140,124,1,-1,-1,-1
104,23,1813,778,202,84,1,-1,-1,-1
104,24,525,752,168,128,1,-1,-1,-1
104,25,1331,708,193,109,1,-1,-1,-1
104,26,21,767,248,164,1,-1,-1,-1
104,27,311,738,172,152,1,-1,-1,-1
104,28,1434,729,238,110,1,-1,-1,-1
105,17,1484,1183,202,160,1,-1,-1,-1
105,19,107,772,140,124,1,-1,-1,-1
105,23,1813,778,202,84,1,-1,-1,-1
105,24,525,752,168,128,1,-1,-1,-1
105,25,1348,712,188,100,1,-1,-1,-1
105,26,4,768,264,160,1,-1,-1,-1
105,27,320,740,168,148,1,-1,-1,-1
105,28,1434,729,238,110,1,-1,-1,-1
105,30,1840,752,272,148,1,-1,-1,-1
105,31,536,760,284,112,1,-1,-1,-1
105,32,1552,720,160,116,1,-1,-1,-1
106,17,1521,1197,202,160,1,-1,-1,-1
106,19,96,769,140,124,1,-1,-1,-1
106,23,1885,781,202,84,1,-1,-1,-1
106,24,575,751,168,128,1,-1,-1,-1
106,25,1361,712,188,100,1,-1,-1,-1
106,26,4,768,264,160,1,-1,-1,-1
106,27,323,740,168,148,1,-1,-1,-1
106,28,1438,733,238,110,1,-1,-1,-1
106,30,1846,750,272,148,1,-1,-1,-1
106,31,558,760,284,112,1,-1,-1,-1
106,32,1556,720,160,116,1,-1,-1,-1
107,17,1515,1213,202,160,1,-1,-1,-1
107,19,98,769,140,124,1,-1,-1,-1
107,23,1932,767,202,84,1,-1,-1,-1
107,24,613,744,168,128,1,-1,-1,-1
107,25,1369,713,188,100,1,-1,-1,-1
107,26,4,768,264,160,1,-1,-1,-1
107,27,328,740,168,148,1,-1,-1,-1
107,30,1853,749,272,148,1,-1,-1,-1
107,31,580,754,298,118,1,-1,-1,-1
107,32,1559,719,160,116,1,-1,-1,-1
108,17,1487,1199,202,160,1,-1,-1,-1
108,19,101,769,140,124,1,-1,-1,-1
108,23,1976,763,202,84,1,-1,-1,-1
108,24,669,748,168,128,1,-1,-1,-1
108,25,1375,713,188,100,1,-1,-1,-1
108,26,5,768,264,160,1,-1,-1,-1
108,27,332,740,168,148,1,-1,-1,-1
108,30,1845,747,286,155,1,-1,-1,-1
108,31,638,755,284,112,1,-1,-1,-1
108,32,1563,720,160,116,1,-1,-1,-1
109,17,1466,1160,202,160,1,-1,-1,-1
109,19,96,767,147,130,1,-1,-1,-1
109,23,2019,759,212,88,1,-1,-1,-1
109,24,708,756,168,128,1,-1,-1,-1
109,25,1380,712,188,100,1,-1,-1,-1
109,26,4,769,264,160,1,-1,-1,-1
109,27,336,740,168,148,1,-1,-1,-1
109,30,1858,747,272,148,1,-1,-1,-1
109,31,680,752,284,112,1,-1,-1,-1
109,32,1567,721,160,116,1,-1,-1,-1
110,17,1479,1135,202,160,1,-1,-1,-1
110,19,95,768,147,130,1,-1,-1,-1
110,23,2063,756,212,88,1,-1,-1,-1
110,24,751,748,176,134,1,-1,-1,-1
110,25,1387,711,188,100,1,-1,-1,-1
110,26,1,768,264,160,1,-1,-1,-1
110,27,341,740,168,148,1,-1,-1,-1
110,30,1854,740,272,148,1,-1,-1,-1
110,31,740,751,270,107,1,-1,-1,-1
110,32,1572,719,160,116,1,-1,-1,-1
111,17,1509,1146,202,160,1,-1,-1,-1
111,19,93,767,147,130,1,-1,-1,-1
111,23,2104,757,202,84,1,-1,-1,-1
111,24,790,741,168,128,1,-1,-1,-1
111,25,1389,709,188,100,1,-1,-1,-1
111,26,0,763,270,168,1,-1,-1,-1
111,27,346,740,168,148,1,-1,-1,-1
111,30,1846,728,286,155,1,-1,-1,-1
111,31,764,745,284,112,1,-1,-1,-1
111,32,1574,718,160,116,1,-1,-1,-1
112,17,1549,1153,202,160,1,-1,-1,-1
112,19,90,767,147,130,1,-1,-1,-1
112,23,2124,762,202,84,1,-1,-1,-1
112,24,824,739,160,122,1,-1,-1,-1
112,25,1390,709,188,100,1,-1,-1,-1
112,26,0,761,270,168,1,-1,-1,-1
112,27,353,739,168,148,1,-1,-1,-1
112,30,1845,729,286,155,1,-1,-1,-1
112,31,794,744,284,112,1,-1,-1,-1
112,32,1576,718,160,116,1,-1,-1,-1
113,17,1549,1153,202,160,1,-1,-1,-1
113,19,90,767,147,130,1,-1,-1,-1
113,23,2124,762,202,84,1,-1,-1,-1
113,24,824,739,160,122,1,-1,-1,-1
113,25,1408,720,140,96,1,-1,-1,-1
113,26,0,768,248,156,1,-1,-1,-1
113,27,348,732,228,144,1,-1,-1,-1
113,30,1845,729,286,155,1,-1,-1,-1
113,31,828,732,292,136,1,-1,-1,-1
113,32,1576,718,160,116,1,-1,-1,-1
113,33,2196,744,152,148,1,-1,-1,-1
114,17,1590,1168,202,160,1,-1,-1,-1
114,19,75,761,154,137,1,-1,-1,-1
114,23,2180,756,202,84,1,-1,-1,-1
114,24,890,745,160,122,1,-1,-1,-1
114,25,1407,719,140,96,1,-1,-1,-1
114,26,0,768,244,156,1,-1,-1,-1
114,27,354,732,228,144,1,-1,-1,-1
114,30,1850,732,286,155,1,-1,-1,-1
114,31,857,734,292,136,1,-1,-1,-1
114,32,1577,713,160,116,1,-1,-1,-1
114,33,2207,743,152,148,1,-1,-1,-1
115,17,1591,1200,202,160,1,-1,-1,-1
115,19,60,759,162,144,1,-1,-1,-1
115,23,2198,736,202,84,1,-1,-1,-1
115,25,1405,718,140,96,1,-1,-1,-1
115,26,0,766,240,156,1,-1,-1,-1
115,27,362,733,228,144,1,-1,-1,-1
115,30,1851,732,286,155,1,-1,-1,-1
115,31,893,738,292,136,1,-1,-1,-1
115,32,1575,707,168,122,1,-1,-1,-1
115,33,2210,742,152,148,1,-1,-1,-1
116,17,1584,1230,202,160,1,-1,-1,-1
116,19,60,758,162,144,1,-1,-1,-1
116,23,2202,726,192,80,1,-1,-1,-1
116,25,1402,717,140,96,1,-1,-1,-1
116,26,0,764,238,156,1,-1,-1,-1
116,27,374,731,228,144,1,-1,-1,-1
116,30,1852,728,286,155,1,-1,-1,-1
116,31,893,739,292,136,1,-1,-1,-1
116,32,1578,704,168,122,1,-1,-1,-1
116,33,2203,732,160,155,1,-1,-1,-1
117,17,1569,1238,202,160,1,-1,-1,-1
117,19,56,757,162,144,1,-1,-1,-1
117,25,1400,717,140,96,1,-1,-1,-1
117,26,0,762,236,156,1,-1,-1,-1
117,27,392,725,228,144,1,-1,-1,-1
117,30,1856,735,272,148,1,-1,-1,-1
117,31,871,741,292,136,1,-1,-1,-1
117,32,1569,698,176,128,1,-1,-1,-1
117,33,2205,725,160,155,1,-1,-1,-1
118,17,1565,1239,202,160,1,-1,-1,-1
118,19,54,755,162,144,1,-1,-1,-1
118,25,1394,714,147,101,1,-1,-1,-1
118,26,0,759,236,156,1,-1,-1,-1
118,27,412,718,228,144,1,-1,-1,-1
118,30,1864,737,259,141,1,-1,-1,-1
118,31,873,738,292,136,1,-1,-1,-1
118,32,1567,697,176,128,1,-1,-1,-1
118,33,2201,686,160,155,1,-1,-1,-1
119,17,1571,1240,192,152,1,-1,-1,-1
119,19,50,754,162,144,1,-1,-1,-1
119,25,1391,714,147,101,1,-1,-1,-1
119,26,0,759,233,156,1,-1,-1,-1
119,27,432,711,228,144,1,-1,-1,-1
119,30,1860,736,259,141,1,-1,-1,-1
119,32,1563,696,176,128,1,-1,-1,-1
119,33,2196,691,160,155,1,-1,-1,-1
120,17,1573,1230,192,152,1,-1,-1,-1
120,19,48,753,162,144,1,-1,-1,-1
120,25,1382,711,154,106,1,-1,-1,-1
120,26,0,759,232,156,1,-1,-1,-1
120,27,447,707,228,144,1,-1,-1,-1
120,30,1863,733,259,141,1,-1,-1,-1
120,32,1558,691,185,134,1,-1,-1,-1
120,33,2183,689,160,155,1,-1,-1,-1
121,17,1573,1230,192,152,1,-1,-1,-1
121,19,48,753,162,144,1,-1,-1,-1
121,25,1392,712,144,100,1,-1,-1,-1
121,26,0,752,228,164,1,-1,-1,-1
121,27,460,720,232,132,1,-1,-1,-1
121,30,1863,733,259,141,1,-1,-1,-1
121,32,1558,691,185,134,1,-1,-1,-1
121,33,2183,689,160,155,1,-1,-1,-1
121,34,2220,732,192,164,1,-1,-1,-1
121,35,1212,712,172,92,1,-1,-1,-1
122,17,1575,1233,192,152,1,-1,-1,-1
122,19,31,748,170,151,1,-1,-1,-1
122,25,1390,712,144,100,1,-1,-1,-1
122,26,0,751,225,164,1,-1,-1,-1
122,27,466,720,232,132,1,-1,-1,-1
122,30,1847,733,272,148,1,-1,-1,-1
122,32,1549,694,185,134,1,-1,-1,-1
122,34,2212,728,202,172,1,-1,-1,-1
122,35,1232,708,172,92,1,-1,-1,-1
123,17,1570,1234,192,152,1,-1,-1,-1
123,19,17,741,179,158,1,-1,-1,-1
123,25,1386,712,144,100,1,-1,-1,-1
123,26,0,751,221,164,1,-1,-1,-1
123,27,481,721,232,132,1,-1,-1,-1
123,30,1844,731,272,148,1,-1,-1,-1
123,32,1543,694,185,134,1,-1,-1,-1
123,34,2195,722,212,181,1,-1,-1,-1
123,35,1264,705,172,92,1,-1,-1,-1
124,17,1556,1233,192,152,1,-1,-1,-1
124,19,12,739,179,158,1,-1,-1,-1
124,25,1379,711,144,100,1,-1,-1,-1
124,26,0,750,217,164,1,-1,-1,-1
124,27,498,715,232,132,1,-1,-1,-1
124,30,1838,731,272,148,1,-1,-1,-1
124,32,1536,692,185,134,1,-1,-1,-1
124,34,2184,723,212,181,1,-1,-1,-1
124,35,1319,699,181,97,1,-1,-1,-1
125,17,1544,1234,192,152,1,-1,-1,-1
125,19,6,738,179,158,1,-1,-1,-1
125,25,1371,708,151,105,1,-1,-1,-1
125,26,0,753,205,156,1,-1,-1,-1
125,27,517,711,232,132,1,-1,-1,-1
125,30,1831,732,272,148,1,-1,-1,-1
125,32,1524,691,185,134,1,-1,-1,-1
125,34,2179,723,212,181,1,-1,-1,-1
125,35,1339,698,190,101,1,-1,-1,-1
126,17,1529,1236,192,152,1,-1,-1,-1
126,19,4,736,179,158,1,-1,-1,-1
126,25,1364,708,151,105,1,-1,-1,-1
126,26,0,753,200,156,1,-1,-1,-1
126,27,529,707,232,132,1,-1,-1,-1
126,30,1822,728,272,148,1,-1,-1,-1
126,32,1515,685,194,141,1,-1,-1,-1
126,34,2175,730,212,181,1,-1,-1,-1
126,35,1340,699,190,101,1,-1,-1,-1
127,17,1518,1242,192,152,1,-1,-1,-1
127,19,0,737,176,158,1,-1,-1,-1
127,25,1358,709,151,105,1,-1,-1,-1
127,26,0,753,190,156,1,-1,-1,-1
127,27,552,710,221,126,1,-1,-1,-1
127,30,1815,725,272,148,1,-1,-1,-1
127,32,1508,683,194,141,1,-1,-1,-1
127,34,2162,737,212,181,1,-1,-1,-1
127,35,1339,701,190,101,1,-1,-1,-1
128,17,1500,1250,192,152,1,-1,-1,-1
128,19,0,740,163,158,1,-1,-1,-1
128,25,1350,709,151,105,1,-1,-1,-1
128,26,0,754,180,156,1,-1,-1,-1
128,27,554,704,232,132,1,-1,-1,-1
128,30,1797,721,286,155,1,-1,-1,-1
128,32,1502,684,194,141,1,-1,-1,-1
128,34,2148,745,212,181,1,-1,-1,-1
128,35,1333,700,190,101,1,-1,-1,-1
129,17,1500,1250,192,152,1,-1,-1,-1
129,19,0,740,163,158,1,-1,-1,-1
129,25,1350,709,151,105,1,-1,-1,-1
129,26,0,752,192,156,1,-1,-1,-1
129,27,572,700,228,124,1,-1,-1,-1
129,30,1797,721,286,155,1,-1,-1,-1
129,32,1502,684,194,141,1,-1,-1,-1
129,34,2092,780,232,152,1,-1,-1,-1
129,35,1333,700,190,101,1,-1,-1,-1
130,17,1482,1251,192,152,1,-1,-1,-1
130,19,0,741,152,151,1,-1,-1,-1
130,25,1340,707,151,105,1,-1,-1,-1
130,26,0,752,183,156,1,-1,-1,-1
130,27,584,699,228,124,1,-1,-1,-1
130,30,1772,717,286,155,1,-1,-1,-1
130,32,1493,681,194,141,1,-1,-1,-1
130,34,2082,782,232,152,1,-1,-1,-1
130,35,1328,697,190,101,1,-1,-1,-1
131,17,1482,1238,192,152,1,-1,-1,-1
131,19,0,740,145,151,1,-1,-1,-1
131,25,1337,704,159,110,1,-1,-1,-1
131,26,0,752,175,156,1,-1,-1,-1
131,27,602,699,228,124,1,-1,-1,-1
131,30,1770,716,286,155,1,-1,-1,-1
131,32,1484,681,194,141,1,-1,-1,-1
131,34,2060,780,244,160,1,-1,-1,-1
131,35,1329,696,190,101,1,-1,-1,-1
132,17,1472,1213,192,152,1,-1,-1,-1
132,19,0,741,140,151,1,-1,-1,-1
132,25,1339,704,159,110,1,-1,-1,-1
132,26,0,755,161,149,1,-1,-1,-1
132,27,621,700,217,118,1,-1,-1,-1
132,30,1761,716,286,155,1,-1,-1,-1
132,32,1466,685,194,141,1,-1,-1,-1
132,34,2043,781,244,160,1,-1,-1,-1
132,35,1326,693,190,101,1,-1,-1,-1
133,17,1449,1185,192,152,1,-1,-1,-1
133,19,0,741,134,151,1,-1,-1,-1
133,25,1343,703,159,110,1,-1,-1,-1
133,26,0,753,153,149,1,-1,-1,-1
133,27,642,697,217,118,1,-1,-1,-1
133,30,1753,714,286,155,1,-1,-1,-1
133,32,1452,677,204,148,1,-1,-1,-1
133,34,2022,785,244,160,1,-1,-1,-1
133,35,1323,694,190,101,1,-1,-1,-1
134,17,1434,1175,183,145,1,-1,-1,-1
134,19,0,740,132,151,1,-1,-1,-1
134,25,1346,700,159,110,1,-1,-1,-1
134,26,0,755,144,141,1,-1,-1,-1
134,27,658,694,217,118,1,-1,-1,-1
134,30,1752,714,286,155,1,-1,-1,-1
134,32,1440,682,204,148,1,-1,-1,-1
134,34,1997,785,244,160,1,-1,-1,-1
134,35,1322,690,190,101,1,-1,-1,-1
135,17,1432,1191,183,145,1,-1,-1,-1
135,19,0,735,123,151,1,-1,-1,-1
135,25,1349,700,159,110,1,-1,-1,-1
135,26,0,755,133,141,1,-1,-1,-1
135,27,670,694,217,118,1,-1,-1,-1
135,30,1740,715,272,148,1,-1,-1,-1
135,32,1423,684,204,148,1,-1,-1,-1
135,34,1968,787,244,160,1,-1,-1,-1
135,35,1309,690,190,101,1,-1,-1,-1
136,17,1437,1222,183,145,1,-1,-1,-1
136,19,0,738,114,144,1,-1,-1,-1
136,25,1321,695,159,110,1,-1,-1,-1
136,26,0,755,126,141,1,-1,-1,-1
136,27,690,685,217,118,1,-1,-1,-1
136,30,1736,715,272,148,1,-1,-1,-1
136,32,1419,680,204,148,1,-1,-1,-1
136,34,1946,790,232,152,1,-1,-1,-1
136,35,1290,690,190,101,1,-1,-1,-1
137,17,1437,1222,183,145,1,-1,-1,-1
137,19,0,738,114,144,1,-1,-1,-1
137,25,1321,695,159,110,1,-1,-1,-1
137,26,0,755,126,141,1,-1,-1,-1
137,27,724,684,164,128,1,-1,-1,-1
137,30,1736,715,272,148,1,-1,-1,-1
137,32,1419,680,204,148,1,-1,-1,-1
137,34,1920,796,236,124,1,-1,-1,-1
137,35,1290,690,190,101,1,-1,-1,-1
138,17,1418,1288,183,145,1,-1,-1,-1
138,19,0,736,110,144,1,-1,-1,-1
138,25,1372,714,151,105,1,-1,-1,-1
138,26,0,726,105,135,1,-1,-1,-1
138,27,730,683,164,128,1,-1,-1,-1
138,30,1729,713,272,148,1,-1,-1,-1
138,32,1403,684,204,148,1,-1,-1,-1
138,34,1904,796,236,124,1,-1,-1,-1
138,35,1220,691,199,107,1,-1,-1,-1
139,17,1405,1292,183,145,1,-1,-1,-1
139,19,0,728,96,144,1,-1,-1,-1
139,25,1399,724,151,105,1,-1,-1,-1
139,26,0,728,110,135,1,-1,-1,-1
139,27,742,678,172,134,1,-1,-1,-1
139,30,1718,711,272,148,1,-1,-1,-1
139,32,1400,683,204,148,1,-1,-1,-1
139,34,1883,795,248,130,1,-1,-1,-1
140,17,1400,1278,183,145,1,-1,-1,-1
140,19,0,717,93,137,1,-1,-1,-1
140,25,1413,721,151,105,1,-1,-1,-1
140,26,0,729,117,135,1,-1,-1,-1
140,27,756,677,172,134,1,-1,-1,-1
140,30,1714,707,272,148,1,-1,-1,-1
140,32,1397,682,204,148,1,-1,-1,-1
140,34,1866,799,248,130,1,-1,-1,-1
141,17,1401,1255,183,145,1,-1,-1,-1
141,25,1425,719,151,105,1,-1,-1,-1
141,26,0,732,112,128,1,-1,-1,-1
141,27,769,681,164,128,1,-1,-1,-1
141,30,1715,705,272,148,1,-1,-1,-1
141,32,1392,679,204,148,1,-1,-1,-1
141,34,1842,801,248,130,1,-1,-1,-1
142,17,1403,1237,183,145,1,-1,-1,-1
142,25,1426,719,151,105,1,-1,-1,-1
142,26,0,725,102,128,1,-1,-1,-1
142,27,775,680,164,128,1,-1,-1,-1
142,32,1397,674,214,155,1,-1,-1,-1
142,34,1821,802,248,130,1,-1,-1,-1
143,17,1403,1234,183,145,1,-1,-1,-1
143,25,1426,718,151,105,1,-1,-1,-1
143,26,0,724,97,128,1,-1,-1,-1
143,27,781,678,164,128,1,-1,-1,-1
143,32,1404,674,214,155,1,-1,-1,-1
143,34,1805,802,248,130,1,-1,-1,-1
144,17,1403,1235,183,145,1,-1,-1,-1
144,25,1425,718,151,105,1,-1,-1,-1
144,27,790,680,156,122,1,-1,-1,-1
144,32,1397,670,225,163,1,-1,-1,-1
144,34,1775,798,260,137,1,-1,-1,-1
145,17,1403,1235,183,145,1,-1,-1,-1
145,25,1420,704,200,128,1,-1,-1,-1
145,27,816,680,128,116,1,-1,-1,-1
145,32,1397,670,225,163,1,-1,-1,-1
145,34,1744,804,240,124,1,-1,-1,-1
145,36,0,780,240,156,1,-1,-1,-1
145,37,1544,672,92,60,1,-1,-1,-1
146,17,1404,1235,183,145,1,-1,-1,-1
146,25,1420,704,200,128,1,-1,-1,-1
146,27,818,680,128,116,1,-1,-1,-1
146,32,1396,670,225,163,1,-1,-1,-1
146,34,1725,810,229,118,1,-1,-1,-1
146,36,18,779,240,156,1,-1,-1,-1
146,37,1547,671,92,60,1,-1,-1,-1
147,17,1407,1238,183,145,1,-1,-1,-1
147,25,1420,704,200,128,1,-1,-1,-1
147,27,824,683,122,110,1,-1,-1,-1
147,32,1394,669,225,163,1,-1,-1,-1
147,34,1705,821,229,118,1,-1,-1,-1
147,36,30,775,252,164,1,-1,-1,-1
147,37,1546,669,97,63,1,-1,-1,-1
148,17,1410,1245,192,152,1,-1,-1,-1
148,25,1421,704,200,128,1,-1,-1,-1
148,27,826,683,122,110,1,-1,-1,-1
148,32,1399,668,225,163,1,-1,-1,-1
148,34,1632,821,240,124,1,-1,-1,-1
148,36,52,764,265,172,1,-1,-1,-1
148,37,1546,671,97,63,1,-1,-1,-1
149,17,1414,1256,192,152,1,-1,-1,-1
149,25,1422,704,200,128,1,-1,-1,-1
149,27,828,682,122,110,1,-1,-1,-1
149,32,1396,662,236,171,1,-1,-1,-1
149,34,1594,821,252,130,1,-1,-1,-1
149,36,57,764,265,172,1,-1,-1,-1
149,37,1547,669,97,63,1,-1,-1,-1
150,17,1415,1264,192,152,1,-1,-1,-1
150,25,1425,704,200,128,1,-1,-1,-1
150,27,830,682,122,110,1,-1,-1,-1
150,32,1399,661,236,171,1,-1,-1,-1
150,34,1565,827,252,130,1,-1,-1,-1
150,36,78,745,278,181,1,-1,-1,-1
150,37,1548,668,97,63,1,-1,-1,-1
151,17,1416,1265,192,152,1,-1,-1,-1
151,25,1426,703,200,128,1,-1,-1,-1
151,27,832,682,122,110,1,-1,-1,-1
151,32,1405,669,225,163,1,-1,-1,-1
151,34,1509,806,265,137,1,-1,-1,-1
151,36,110,737,278,181,1,-1,-1,-1
151,37,1551,667,97,63,1,-1,-1,-1
152,17,1418,1261,192,152,1,-1,-1,-1
152,25,1427,701,200,128,1,-1,-1,-1
152,27,833,681,122,110,1,-1,-1,-1
152,32,1415,673,214,155,1,-1,-1,-1
152,34,1464,805,265,137,1,-1,-1,-1
152,36,113,732,278,181,1,-1,-1,-1
152,37,1554,669,97,63,1,-1,-1,-1
153,17,1418,1261,192,152,1,-1,-1,-1
153,25,1428,704,124,116,1,-1,-1,-1
153,27,844,676,108,120,1,-1,-1,-1
153,32,1415,673,214,155,1,-1,-1,-1
153,34,1416,804,256,132,1,-1,-1,-1
153,36,113,732,278,181,1,-1,-1,-1
153,37,1554,669,97,63,1,-1,-1,-1
153,38,20,724,220,156,1,-1,-1,-1
153,39,1544,700,88,104,1,-1,-1,-1
153,40,224,732,184,128,1,-1,-1,-1
153,41,1416,652,112,64,1,-1,-1,-1
154,17,1434,1248,192,152,1,-1,-1,-1
154,25,1431,703,124,116,1,-1,-1,-1
154,27,847,677,108,120,1,-1,-1,-1
154,32,1417,675,214,155,1,-1,-1,-1
154,34,1379,803,256,132,1,-1,-1,-1
154,37,1557,665,97,63,1,-1,-1,-1
154,38,35,724,220,156,1,-1,-1,-1
154,39,1544,699,88,104,1,-1,-1,-1
154,40,243,732,184,128,1,-1,-1,-1
154,41,1419,650,112,64,1,-1,-1,-1
155,17,1441,1246,192,152,1,-1,-1,-1
155,25,1436,703,124,116,1,-1,-1,-1
155,27,851,678,108,120,1,-1,-1,-1
155,32,1420,676,214,155,1,-1,-1,-1
155,34,1319,802,256,132,1,-1,-1,-1
155,37,1556,659,97,63,1,-1,-1,-1
155,38,44,721,231,164,1,-1,-1,-1
155,39,1547,698,88,104,1,-1,-1,-1
155,40,251,729,184,128,1,-1,-1,-1
155,41,1425,649,112,64,1,-1,-1,-1
156,17,1449,1244,192,152,1,-1,-1,-1
156,25,1440,702,124,116,1,-1,-1,-1
156,27,853,682,108,120,1,-1,-1,-1
156,32,1422,677,214,155,1,-1,-1,-1
156,34,1262,795,269,139,1,-1,-1,-1
156,37,1556,659,101,66,1,-1,-1,-1
156,38,63,720,243,172,1,-1,-1,-1
156,39,1549,699,88,104,1,-1,-1,-1
156,40,270,729,175,122,1,-1,-1,-1
156,41,1427,648,112,64,1,-1,-1,-1
157,17,1456,1247,192,152,1,-1,-1,-1
157,25,1447,701,124,116,1,-1,-1,-1
157,27,854,683,108,120,1,-1,-1,-1
157,32,1425,678,214,155,1,-1,-1,-1
157,34,1232,792,269,139,1,-1,-1,-1
157,38,99,721,231,164,1,-1,-1,-1
157,39,1555,702,84,99,1,-1,-1,-1
157,40,302,729,175,122,1,-1,-1,-1
157,41,1446,645,107,61,1,-1,-1,-1
158,17,1459,1251,192,152,1,-1,-1,-1
158,25,1451,700,124,116,1,-1,-1,-1
158,27,858,687,108,120,1,-1,-1,-1
158,32,1431,678,214,155,1,-1,-1,-1
158,34,1164,779,282,146,1,-1,-1,-1
158,38,110,724,231,164,1,-1,-1,-1
158,39,1558,705,84,99,1,-1,-1,-1
158,40,303,717,175,122,1,-1,-1,-1
158,41,1451,645,107,61,1,-1,-1,-1
159,17,1466,1251,192,152,1,-1,-1,-1
159,25,1456,699,124,116,1,-1,-1,-1
159,27,861,688,108,120,1,-1,-1,-1
159,32,1435,678,214,155,1,-1,-1,-1
159,34,1105,772,282,146,1,-1,-1,-1
159,38,132,723,231,164,1,-1,-1,-1
159,39,1560,706,84,99,1,-1,-1,-1
159,41,1460,646,102,58,1,-1,-1,-1
160,17,1479,1253,192,152,1,-1,-1,-1
160,25,1460,700,124,116,1,-1,-1,-1
160,27,866,690,108,120,1,-1,-1,-1
160,32,1433,674,225,163,1,-1,-1,-1
160,34,1055,769,282,146,1,-1,-1,-1
160,38,159,718,231,164,1,-1,-1,-1
160,39,1567,707,84,99,1,-1,-1,-1
160,41,1463,646,102,58,1,-1,-1,-1
161,17,1479,1253,192,152,1,-1,-1,-1
161,25,1464,700,112,128,1,-1,-1,-1
161,27,868,684,120,128,1,-1,-1,-1
161,32,1433,674,225,163,1,-1,-1,-1
161,34,1032,768,228,144,1,-1,-1,-1
161,38,159,718,231,164,1,-1,-1,-1
161,39,1567,707,84,99,1,-1,-1,-1
161,41,1456,640,112,72,1,-1,-1,-1
161,42,1576,672,192,116,1,-1,-1,-1
161,43,1688,696,240,108,1,-1,-1,-1
161,44,184,712,324,124,1,-1,-1,-1
162,17,1494,1247,192,152,1,-1,-1,-1
162,25,1467,700,112,128,1,-1,-1,-1
162,27,875,684,120,128,1,-1,-1,-1
162,32,1446,679,214,155,1,-1,-1,-1
162,34,990,768,228,144,1,-1,-1,-1
162,38,243,697,231,164,1,-1,-1,-1
162,39,1577,709,84,99,1,-1,-1,-1
162,41,1459,642,112,72,1,-1,-1,-1
162,42,1580,672,192,116,1,-1,-1,-1
162,43,1700,696,240,108,1,-1,-1,-1
162,44,217,711,324,124,1,-1,-1,-1
163,17,1493,1221,192,152,1,-1,-1,-1
163,25,1473,702,112,128,1,-1,-1,-1
163,27,882,683,120,128,1,-1,-1,-1
163,32,1443,675,225,163,1,-1,-1,-1
163,34,961,771,228,144,1,-1,-1,-1
163,38,313,697,231,164,1,-1,-1,-1
163,39,1582,709,84,99,1,-1,-1,-1
163,41,1462,648,112,72,1,-1,-1,-1
163,42,1584,672,192,116,1,-1,-1,-1
163,43,1701,695,252,113,1,-1,-1,-1
163,44,277,714,309,118,1,-1,-1,-1
164,17,1478,1178,202,160,1,-1,-1,-1
164,25,1478,703,112,128,1,-1,-1,-1
164,27,891,682,120,128,1,-1,-1,-1
164,32,1442,677,225,163,1,-1,-1,-1
164,34,917,763,228,144,1,-1,-1,-1
164,38,354,695,231,164,1,-1,-1,-1
164,39,1589,710,84,99,1,-1,-1,-1
164,41,1469,650,112,72,1,-1,-1,-1
164,42,1593,675,183,110,1,-1,-1,-1
164,43,1710,698,240,108,1,-1,-1,-1
164,44,307,712,309,118,1,-1,-1,-1
165,17,1474,1125,202,160,1,-1,-1,-1
165,25,1485,705,112,128,1,-1,-1,-1
165,27,900,682,120,128,1,-1,-1,-1
165,32,1434,680,225,163,1,-1,-1,-1
165,34,862,761,239,151,1,-1,-1,-1
165,38,407,702,231,164,1,-1,-1,-1
165,39,1595,710,84,99,1,-1,-1,-1
165,41,1472,654,112,72,1,-1,-1,-1
165,42,1600,675,183,110,1,-1,-1,-1
165,43,1707,696,252,113,1,-1,-1,-1
165,44,375,715,294,112,1,-1,-1,-1
166,17,1499,1096,202,160,1,-1,-1,-1
166,25,1491,705,112,128,1,-1,-1,-1
166,27,913,681,120,128,1,-1,-1,-1
166,32,1432,675,236,171,1,-1,-1,-1
166,34,805,750,251,159,1,-1,-1,-1
166,38,446,699,231,164,1,-1,-1,-1
166,39,1602,711,84,99,1,-1,-1,-1
166,41,1475,655,112,72,1,-1,-1,-1
166,42,1609,677,183,110,1,-1,-1,-1
166,43,1715,698,252,113,1,-1,-1,-1
166,44,428,713,280,107,1,-1,-1,-1
167,17,1540,1105,202,160,1,-1,-1,-1
167,25,1495,706,112,128,1,-1,-1,-1
167,27,922,682,120,128,1,-1,-1,-1
167,32,1433,677,236,171,1,-1,-1,-1
167,34,757,735,251,159,1,-1,-1,-1
167,38,500,697,231,164,1,-1,-1,-1
167,39,1611,711,84,99,1,-1,-1,-1
167,41,1476,657,112,72,1,-1,-1,-1
167,42,1619,681,183,110,1,-1,-1,-1
167,43,1733,702,252,113,1,-1,-1,-1
167,44,472,709,280,107,1,-1,-1,-1
168,17,1569,1140,202,160,1,-1,-1,-1
168,25,1500,708,112,128,1,-1,-1,-1
168,27,930,683,120,128,1,-1,-1,-1
168,32,1428,680,236,171,1,-1,-1,-1
168,34,699,716,251,159,1,-1,-1,-1
168,38,537,682,231,164,1,-1,-1,-1
168,39,1618,711,84,99,1,-1,-1,-1
168,41,1480,661,107,69,1,-1,-1,-1
168,42,1630,682,183,110,1,-1,-1,-1
168,43,1739,707,252,113,1,-1,-1,-1
168,44,522,705,280,107,1,-1,-1,-1
169,17,1569,1140,202,160,1,-1,-1,-1
169,25,1476,712,152,128,1,-1,-1,-1
169,27,940,680,172,132,1,-1,-1,-1
169,32,1428,680,236,171,1,-1,-1,-1
169,34,699,716,251,159,1,-1,-1,-1
169,38,537,682,231,164,1,-1,-1,-1
169,39,1616,712,96,120,1,-1,-1,-1
169,41,1476,660,180,76,1,-1,-1,-1
169,42,1640,688,196,104,1,-1,-1,-1
169,43,1739,707,252,113,1,-1,-1,-1
169,44,522,705,280,107,1,-1,-1,-1
169,45,1872,724,172,112,1,-1,-1,-1
169,46,64,752,128,144,1,-1,-1,-1
169,47,756,740,132,128,1,-1,-1,-1
169,48,0,784,44,140,1,-1,-1,-1
169,49,452,640,144,156,1,-1,-1,-1
170,17,1561,1199,202,160,1,-1,-1,-1
170,25,1482,712,152,128,1,-1,-1,-1
170,27,953,679,172,132,1,-1,-1,-1
170,32,1433,685,236,171,1,-1,-1,-1
170,34,651,704,251,159,1,-1,-1,-1
170,38,642,678,243,172,1,-1,-1,-1
170,39,1626,711,96,120,1,-1,-1,-1
170,41,1479,661,180,76,1,-1,-1,-1
170,42,1655,688,196,104,1,-1,-1,-1
170,43,1765,709,252,113,1,-1,-1,-1
170,44,635,700,280,107,1,-1,-1,-1
170,45,1881,725,172,112,1,-1,-1,-1
170,46,78,752,128,144,1,-1,-1,-1
170,47,732,741,132,128,1,-1,-1,-1
170,48,12,782,44,140,1,-1,-1,-1
170,49,467,640,144,156,1,-1,-1,-1
171,17,1561,1219,202,160,1,-1,-1,-1
171,25,1489,712,152,128,1,-1,-1,-1
171,27,963,675,181,139,1,-1,-1,-1
171,32,1431,686,236,171,1,-1,-1,-1
171,34,665,701,251,159,1,-1,-1,-1
171,38,632,669,243,172,1,-1,-1,-1
171,39,1634,711,96,120,1,-1,-1,-1
171,41,1486,663,180,76,1,-1,-1,-1
171,42,1669,689,196,104,1,-1,-1,-1
171,43,1782,714,252,113,1,-1,-1,-1
171,44,637,699,294,112,1,-1,-1,-1
171,45,1892,725,172,112,1,-1,-1,-1
171,46,93,752,128,144,1,-1,-1,-1
171,47,705,727,132,128,1,-1,-1,-1
171,48,25,780,44,140,1,-1,-1,-1
171,49,483,640,144,156,1,-1,-1,-1
172,17,1579,1240,202,160,1,-1,-1,-1
172,25,1494,713,152,128,1,-1,-1,-1
172,27,975,675,181,139,1,-1,-1,-1
172,32,1442,688,236,171,1,-1,-1,-1
172,34,668,698,264,167,1,-1,-1,-1
172,39,1642,712,96,120,1,-1,-1,-1
172,41,1487,664,189,80,1,-1,-1,-1
172,42,1681,691,196,104,1,-1,-1,-1
172,43,1785,708,265,119,1,-1,-1,-1
172,44,629,700,309,118,1,-1,-1,-1
172,45,1898,725,172,112,1,-1,-1,-1
172,46,110,753,128,144,1,-1,-1,-1
172,47,689,732,126,122,1,-1,-1,-1
172,48,38,780,44,140,1,-1,-1,-1
172,49,493,643,144,156,1,-1,-1,-1
173,17,1605,1261,202,160,1,-1,-1,-1
173,25,1498,713,152,128,1,-1,-1,-1
173,27,988,676,181,139,1,-1,-1,-1
173,32,1451,686,236,171,1,-1,-1,-1
173,34,750,669,264,167,1,-1,-1,-1
173,39,1648,711,96,120,1,-1,-1,-1
173,41,1495,664,189,80,1,-1,-1,-1
173,42,1688,691,206,109,1,-1,-1,-1
173,43,1808,708,265,119,1,-1,-1,-1
173,45,1905,723,172,112,1,-1,-1,-1
173,46,128,753,128,144,1,-1,-1,-1
173,47,707,728,132,128,1,-1,-1,-1
173,48,47,776,46,147,1,-1,-1,-1
173,49,506,639,151,164,1,-1,-1,-1
174,17,1625,1274,202,160,1,-1,-1,-1
174,25,1501,713,152,128,1,-1,-1,-1
174,27,998,676,181,139,1,-1,-1,-1
174,32,1459,684,236,171,1,-1,-1,-1
174,34,789,670,251,159,1,-1,-1,-1
174,39,1660,712,96,120,1,-1,-1,-1
174,41,1495,662,198,84,1,-1,-1,-1
174,42,1705,695,206,109,1,-1,-1,-1
174,43,1824,708,265,119,1,-1,-1,-1
174,45,1913,721,172,112,1,-1,-1,-1
174,46,149,752,128,144,1,-1,-1,-1
174,48,48,777,46,147,1,-1,-1,-1
174,49,513,642,151,164,1,-1,-1,-1
175,17,1641,1274,202,160,1,-1,-1,-1
175,25,1512,714,152,128,1,-1,-1,-1
175,27,1015,676,181,139,1,-1,-1,-1
175,32,1470,683,236,171,1,-1,-1,-1
175,39,1671,714,96,120,1,-1,-1,-1
175,41,1505,659,208,88,1,-1,-1,-1
175,42,1710,694,206,109,1,-1,-1,-1
175,43,1827,703,265,119,1,-1,-1,-1
175,45,1921,721,172,112,1,-1,-1,-1
175,46,165,753,128,144,1,-1,-1,-1
175,49,521,646,144,156,1,-1,-1,-1
176,17,1657,1259,202,160,1,-1,-1,-1
176,25,1524,715,152,128,1,-1,-1,-1
176,27,1030,678,181,139,1,-1,-1,-1
176,32,1483,677,248,180,1,-1,-1,-1
176,39,1688,714,96,120,1,-1,-1,-1
176,41,1518,658,208,88,1,-1,-1,-1
176,42,1709,694,206,109,1,-1,-1,-1
176,43,1837,709,252,113,1,-1,-1,-1
176,45,1929,724,172,112,1,-1,-1,-1
176,46,177,750,134,151,1,-1,-1,-1
176,49,544,643,144,156,1,-1,-1,-1
177,17,1657,1259,202,160,1,-1,-1,-1
177,25,1540,716,228,128,1,-1,-1,-1
177,27,984,680,240,132,1,-1,-1,-1
177,32,1483,677,248,180,1,-1,-1,-1
177,39,1688,714,96,120,1,-1,-1,-1
177,41,1518,658,208,88,1,-1,-1,-1
177,42,1709,694,206,109,1,-1,-1,-1
177,43,1837,709,252,113,1,-1,-1,-1
177,45,1940,736,164,104,1,-1,-1,-1
177,46,172,736,156,148,1,-1,-1,-1
177,49,544,643,144,156,1,-1,-1,-1
177,50,72,732,112,168,1,-1,-1,-1
177,51,492,680,180,132,1,-1,-1,-1
177,52,1780,696,188,128,1,-1,-1,-1
178,17,1696,1210,192,152,1,-1,-1,-1
178,25,1554,717,228,128,1,-1,-1,-1
178,27,1009,683,229,126,1,-1,-1,-1
178,39,1712,713,96,120,1,-1,-1,-1
178,41,1529,658,219,92,1,-1,-1,-1
178,42,1731,694,196,104,1,-1,-1,-1
178,43,1840,714,265,119,1,-1,-1,-1
178,45,1950,740,164,104,1,-1,-1,-1
178,46,189,738,156,148,1,-1,-1,-1
178,49,570,656,144,156,1,-1,-1,-1
178,50,88,732,112,168,1,-1,-1,-1
178,51,496,682,180,132,1,-1,-1,-1
178,52,1796,697,188,128,1,-1,-1,-1
179,17,1707,1189,192,152,1,-1,-1,-1
179,25,1570,720,228,128,1,-1,-1,-1
179,27,1029,684,229,126,1,-1,-1,-1
179,39,1722,715,96,120,1,-1,-1,-1
179,41,1515,661,208,88,1,-1,-1,-1
179,45,1956,743,164,104,1,-1,-1,-1
179,46,201,736,164,155,1,-1,-1,-1
179,50,103,732,112,168,1,-1,-1,-1
179,51,495,687,180,132,1,-1,-1,-1
179,52,1813,701,188,128,1,-1,-1,-1
180,17,1713,1172,192,152,1,-1,-1,-1
180,25,1584,722,228,128,1,-1,-1,-1
180,27,1046,685,229,126,1,-1,-1,-1
180,41,1516,663,208,88,1,-1,-1,-1
180,45,1966,748,156,99,1,-1,-1,-1
180,46,216,739,164,155,1,-1,-1,-1
180,50,119,734,112,168,1,-1,-1,-1
180,51,503,692,180,132,1,-1,-1,-1
180,52,1831,702,188,128,1,-1,-1,-1
181,17,1725,1169,192,152,1,-1,-1,-1
181,25,1598,722,239,134,1,-1,-1,-1
181,27,1066,686,229,126,1,-1,-1,-1
181,41,1525,666,198,84,1,-1,-1,-1
181,45,1983,752,149,94,1,-1,-1,-1
181,46,229,739,164,155,1,-1,-1,-1
181,50,132,732,112,168,1,-1,-1,-1
181,51,516,696,180,132,1,-1,-1,-1
181,52,1845,705,188,128,1,-1,-1,-1
182,17,1741,1178,192,152,1,-1,-1,-1
182,25,1608,725,239,134,1,-1,-1,-1
182,27,1091,687,229,126,1,-1,-1,-1
182,41,1530,668,189,80,1,-1,-1,-1
182,45,1993,753,149,94,1,-1,-1,-1
182,46,245,740,164,155,1,-1,-1,-1
182,50,144,733,112,168,1,-1,-1,-1
182,51,528,691,189,139,1,-1,-1,-1
182,52,1858,705,188,128,1,-1,-1,-1
183,17,1759,1197,192,152,1,-1,-1,-1
183,25,1638,726,239,134,1,-1,-1,-1
183,27,1113,681,240,132,1,-1,-1,-1
183,41,1534,668,189,80,1,-1,-1,-1
183,45,2000,755,149,94,1,-1,-1,-1
183,46,259,740,164,155,1,-1,-1,-1
183,50,156,734,112,168,1,-1,-1,-1
183,51,549,696,180,132,1,-1,-1,-1
183,52,1864,704,188,128,1,-1,-1,-1
184,17,1780,1211,192,152,1,-1,-1,-1
184,25,1682,725,228,128,1,-1,-1,-1
184,27,1139,678,240,132,1,-1,-1,-1
184,41,1528,665,198,84,1,-1,-1,-1
184,45,2003,754,156,99,1,-1,-1,-1
184,46,273,740,164,155,1,-1,-1,-1
184,50,165,735,112,168,1,-1,-1,-1
184,52,1870,704,188,128,1,-1,-1,-1
185,17,1780,1211,192,152,1,-1,-1,-1
185,25,1682,725,228,128,1,-1,-1,-1
185,27,1139,678,240,132,1,-1,-1,-1
185,41,1528,665,198,84,1,-1,-1,-1
185,45,2003,754,156,99,1,-1,-1,-1
185,46,273,740,164,155,1,-1,-1,-1
185,50,165,735,112,168,1,-1,-1,-1
185,52,1870,704,188,128,1,-1,-1,-1
185,53,1784,724,200,140,1,-1,-1,-1
185,54,500,648,136,180,1,-1,-1,-1
185,55,676,684,212,132,1,-1,-1,-1
186,17,1814,1237,192,152,1,-1,-1,-1
186,25,1702,723,228,128,1,-1,-1,-1
186,27,1190,676,240,132,1,-1,-1,-1
186,41,1543,667,198,84,1,-1,-1,-1
186,45,2008,763,156,99,1,-1,-1,-1
186,46,299,742,164,155,1,-1,-1,-1
186,50,179,735,112,168,1,-1,-1,-1
186,52,1823,725,197,134,1,-1,-1,-1
186,53,1802,723,200,140,1,-1,-1,-1
186,54,509,653,136,180,1,-1,-1,-1
186,55,680,685,212,132,1,-1,-1,-1
187,17,1819,1254,192,152,1,-1,-1,-1
187,25,1722,720,228,128,1,-1,-1,-1
187,27,1212,679,240,132,1,-1,-1,-1
187,41,1554,670,189,80,1,-1,-1,-1
187,45,2011,765,156,99,1,-1,-1,-1
187,46,310,744,164,155,1,-1,-1,-1
187,50,184,736,112,168,1,-1,-1,-1
187,52,1826,721,207,141,1,-1,-1,-1
187,53,1829,723,200,140,1,-1,-1,-1
187,54,516,659,136,180,1,-1,-1,-1
187,55,687,687,212,132,1,-1,-1,-1
188,17,1820,1259,192,152,1,-1,-1,-1
188,25,1721,710,239,134,1,-1,-1,-1
188,27,1239,683,229,126,1,-1,-1,-1
188,45,2017,766,156,99,1,-1,-1,-1
188,46,319,746,164,155,1,-1,-1,-1
188,50,193,738,112,168,1,-1,-1,-1
188,52,1849,721,207,141,1,-1,-1,-1
188,53,1865,726,200,140,1,-1,-1,-1
188,54,516,660,136,180,1,-1,-1,-1
188,55,694,687,212,132,1,-1,-1,-1
189,17,1831,1258,192,152,1,-1,-1,-1
189,25,1710,708,239,134,1,-1,-1,-1
189,27,1265,687,218,120,1,-1,-1,-1
189,45,2026,774,156,99,1,-1,-1,-1
189,46,322,747,164,155,1,-1,-1,-1
189,50,200,742,112,168,1,-1,-1,-1
189,52,1874,721,197,134,1,-1,-1,-1
189,53,1899,727,190,133,1,-1,-1,-1
189,54,513,651,143,189,1,-1,-1,-1
189,55,704,683,212,132,1,-1,-1,-1
190,17,1852,1261,192,152,1,-1,-1,-1
190,25,1705,709,239,134,1,-1,-1,-1
190,27,1288,684,218,120,1,-1,-1,-1
190,45,2040,777,149,94,1,-1,-1,-1
190,46,331,753,164,155,1,-1,-1,-1
190,50,209,742,112,168,1,-1,-1,-1
190,52,1889,707,207,141,1,-1,-1,-1
190,53,1916,728,190,133,1,-1,-1,-1
190,54,523,652,143,189,1,-1,-1,-1
190,55,707,681,212,132,1,-1,-1,-1
191,17,1871,1271,192,152,1,-1,-1,-1
191,25,1691,712,239,134,1,-1,-1,-1
191,27,1305,679,229,126,1,-1,-1,-1
191,45,2042,779,149,94,1,-1,-1,-1
191,46,330,757,164,155,1,-1,-1,-1
191,50,218,744,112,168,1,-1,-1,-1
191,52,1912,711,197,134,1,-1,-1,-1
191,53,1936,728,200,140,1,-1,-1,-1
191,54,530,649,143,189,1,-1,-1,-1
191,55,713,681,212,132,1,-1,-1,-1
192,17,1877,1274,192,152,1,-1,-1,-1
192,25,1681,710,239,134,1,-1,-1,-1
192,27,1321,685,229,126,1,-1,-1,-1
192,45,2042,786,149,94,1,-1,-1,-1
192,46,333,758,164,155,1,-1,-1,-1
192,50,223,743,118,176,1,-1,-1,-1
192,52,1920,701,197,134,1,-1,-1,-1
192,53,1954,725,200,140,1,-1,-1,-1
192,55,711,680,223,139,1,-1,-1,-1
193,17,1877,1274,192,152,1,-1,-1,-1
193,25,1688,740,212,96,1,-1,-1,-1
193,27,1321,685,229,126,1,-1,-1,-1
193,45,2042,786,149,94,1,-1,-1,-1
193,46,333,758,164,155,1,-1,-1,-1
193,50,223,743,118,176,1,-1,-1,-1
193,52,1920,701,197,134,1,-1,-1,-1
193,53,1954,725,200,140,1,-1,-1,-1
193,55,700,720,224,100,1,-1,-1,-1
193,56,548,752,212,88,1,-1,-1,-1
194,17,1878,1265,192,152,1,-1,-1,-1
194,25,1689,740,212,96,1,-1,-1,-1
194,27,1353,690,229,126,1,-1,-1,-1
194,45,2038,780,149,94,1,-1,-1,-1
194,46,337,766,156,148,1,-1,-1,-1
194,50,239,744,118,176,1,-1,-1,-1
194,52,1954,734,207,141,1,-1,-1,-1
194,53,1985,734,200,140,1,-1,-1,-1
194,55,702,718,224,100,1,-1,-1,-1
194,56,563,752,212,88,1,-1,-1,-1
195,17,1882,1264,192,152,1,-1,-1,-1
195,25,1688,741,212,96,1,-1,-1,-1
195,27,1365,691,240,132,1,-1,-1,-1
195,45,2045,784,142,90,1,-1,-1,-1
195,46,340,762,156,148,1,-1,-1,-1
195,50,244,746,118,176,1,-1,-1,-1
195,52,1961,742,207,141,1,-1,-1,-1
195,53,1980,734,210,147,1,-1,-1,-1
195,55,703,718,224,100,1,-1,-1,-1
195,56,574,750,223,92,1,-1,-1,-1
196,17,1886,1263,192,152,1,-1,-1,-1
196,25,1688,741,212,96,1,-1,-1,-1
196,27,1380,696,229,126,1,-1,-1,-1
196,45,2057,786,142,90,1,-1,-1,-1
196,46,343,761,149,141,1,-1,-1,-1
196,50,251,747,118,176,1,-1,-1,-1
196,52,1962,742,218,148,1,-1,-1,-1
196,53,1988,738,210,147,1,-1,-1,-1
196,55,695,712,235,105,1,-1,-1,-1
196,56,589,747,234,97,1,-1,-1,-1
197,17,1893,1265,192,152,1,-1,-1,-1
197,25,1687,740,212,96,1,-1,-1,-1
197,27,1396,695,229,126,1,-1,-1,-1
197,45,2050,787,142,90,1,-1,-1,-1
197,46,343,756,149,141,1,-1,-1,-1
197,50,256,748,118,176,1,-1,-1,-1
197,52,1967,739,218,148,1,-1,-1,-1
197,55,701,712,224,100,1,-1,-1,-1
197,56,604,742,245,102,1,-1,-1,-1
198,17,1895,1270,192,152,1,-1,-1,-1
198,25,1687,740,212,96,1,-1,-1,-1
198,27,1407,688,240,132,1,-1,-1,-1
198,45,2053,785,142,90,1,-1,-1,-1
198,46,359,757,149,141,1,-1,-1,-1
198,50,262,748,118,176,1,-1,-1,-1
198,52,1970,732,229,156,1,-1,-1,-1
198,55,690,710,235,105,1,-1,-1,-1
198,56,615,739,258,107,1,-1,-1,-1
199,17,1893,1270,192,152,1,-1,-1,-1
199,25,1686,741,212,96,1,-1,-1,-1
199,27,1412,684,252,139,1,-1,-1,-1
199,45,2057,786,142,90,1,-1,-1,-1
199,46,357,751,149,141,1,-1,-1,-1
199,50,266,744,118,176,1,-1,-1,-1
199,52,1966,731,229,156,1,-1,-1,-1
199,55,670,709,247,110,1,-1,-1,-1
199,56,631,737,245,102,1,-1,-1,-1
200,17,1884,1254,192,152,1,-1,-1,-1
200,25,1683,740,212,96,1,-1,-1,-1
200,27,1457,680,252,139,1,-1,-1,-1
200,45,2061,784,142,90,1,-1,-1,-1
200,46,365,750,141,134,1,-1,-1,-1
200,50,274,744,118,176,1,-1,-1,-1
200,52,1942,715,229,156,1,-1,-1,-1
200,55,659,715,247,110,1,-1,-1,-1
200,56,651,730,245,102,1,-1,-1,-1
201,17,1884,1254,192,152,1,-1,-1,-1
201,25,1724,748,160,88,1,-1,-1,-1
201,27,1457,680,252,139,1,-1,-1,-1
201,45,2061,784,142,90,1,-1,-1,-1
201,46,365,750,141,134,1,-1,-1,-1
201,50,274,744,118,176,1,-1,-1,-1
201,52,1956,732,172,108,1,-1,-1,-1
201,55,652,712,248,116,1,-1,-1,-1
201,56,651,730,245,102,1,-1,-1,-1
201,57,1384,660,156,132,1,-1,-1,-1
201,58,2068,736,256,152,1,-1,-1,-1
201,59,1656,688,120,56,1,-1,-1,-1
201,60,1532,716,172,100,1,-1,-1,-1
202,17,1864,1182,192,152,1,-1,-1,-1
202,25,1721,749,160,88,1,-1,-1,-1
202,27,1483,673,265,146,1,-1,-1,-1
202,45,2068,777,149,94,1,-1,-1,-1
202,50,276,747,118,176,1,-1,-1,-1
202,52,1957,732,172,108,1,-1,-1,-1
202,55,657,711,248,116,1,-1,-1,-1
202,56,670,734,245,102,1,-1,-1,-1
202,57,1384,659,156,132,1,-1,-1,-1
202,58,2070,737,256,152,1,-1,-1,-1
202,59,1658,688,120,56,1,-1,-1,-1
202,60,1545,716,172,100,1,-1,-1,-1
203,17,1876,1141,192,152,1,-1,-1,-1
203,25,1716,748,160,88,1,-1,-1,-1
203,27,1510,676,265,146,1,-1,-1,-1
203,45,2067,777,156,99,1,-1,-1,-1
203,50,280,746,118,176,1,-1,-1,-1
203,52,1959,732,172,108,1,-1,-1,-1
203,55,657,705,260,122,1,-1,-1,-1
203,56,692,734,245,102,1,-1,-1,-1
203,57,1384,659,156,132,1,-1,-1,-1
203,58,2073,739,256,152,1,-1,-1,-1
203,59,1662,687,120,56,1,-1,-1,-1
203,60,1562,718,172,100,1,-1,-1,-1
204,17,1894,1126,192,152,1,-1,-1,-1
204,25,1703,744,160,88,1,-1,-1,-1
204,27,1513,678,265,146,1,-1,-1,-1
204,45,2063,776,164,104,1,-1,-1,-1
204,50,283,749,118,176,1,-1,-1,-1
204,52,1961,732,172,108,1,-1,-1,-1
204,55,653,701,260,122,1,-1,-1,-1
204,56,721,734,234,97,1,-1,-1,-1
204,57,1385,660,156,132,1,-1,-1,-1
204,58,2075,740,256,152,1,-1,-1,-1
204,59,1662,687,120,56,1,-1,-1,-1
204,60,1577,718,181,105,1,-1,-1,-1
205,17,1900,1143,192,152,1,-1,-1,-1
205,25,1705,742,160,88,1,-1,-1,-1
205,27,1524,681,265,146,1,-1,-1,-1
205,45,2067,778,164,104,1,-1,-1,-1
205,50,284,752,118,176,1,-1,-1,-1
205,52,1963,732,172,108,1,-1,-1,-1
205,55,651,696,273,128,1,-1,-1,-1
205,56,725,739,223,92,1,-1,-1,-1
205,57,1385,660,156,132,1,-1,-1,-1
205,58,2075,741,256,152,1,-1,-1,-1
205,59,1663,688,126,59,1,-1,-1,-1
205,60,1588,722,181,105,1,-1,-1,-1
206,17,1898,1178,192,152,1,-1,-1,-1
206,25,1656,743,160,88,1,-1,-1,-1
206,27,1535,686,265,146,1,-1,-1,-1
206,45,2074,781,164,104,1,-1,-1,-1
206,50,283,758,118,176,1,-1,-1,-1
206,52,1964,733,172,108,1,-1,-1,-1
206,55,651,695,273,128,1,-1,-1,-1
206,56,728,740,223,92,1,-1,-1,-1
206,57,1382,661,156,132,1,-1,-1,-1
206,58,2075,741,256,152,1,-1,-1,-1
206,59,1666,689,126,59,1,-1,-1,-1
206,60,1596,723,181,105,1,-1,-1,-1
207,17,1898,1218,192,152,1,-1,-1,-1
207,25,1622,745,160,88,1,-1,-1,-1
207,27,1564,696,252,139,1,-1,-1,-1
207,45,2093,777,156,99,1,-1,-1,-1
207,50,280,761,118,176,1,-1,-1,-1
207,52,1965,733,172,108,1,-1,-1,-1
207,55,670,686,287,134,1,-1,-1,-1
207,56,755,741,223,92,1,-1,-1,-1
207,57,1382,661,156,132,1,-1,-1,-1
207,58,2078,741,256,152,1,-1,-1,-1
207,59,1670,689,126,59,1,-1,-1,-1
207,60,1609,726,190,110,1,-1,-1,-1
208,17,1901,1253,192,152,1,-1,-1,-1
208,25,1629,747,160,88,1,-1,-1,-1
208,27,1577,697,252,139,1,-1,-1,-1
208,45,2096,779,149,94,1,-1,-1,-1
208,50,276,761,118,176,1,-1,-1,-1
208,52,1965,732,172,108,1,-1,-1,-1
208,55,620,680,301,141,1,-1,-1,-1
208,56,776,738,223,92,1,-1,-1,-1
208,57,1381,663,156,132,1,-1,-1,-1
208,58,2074,740,256,152,1,-1,-1,-1
208,59,1668,689,132,62,1,-1,-1,-1
208,60,1620,728,190,110,1,-1,-1,-1
209,17,1901,1253,192,152,1,-1,-1,-1
209,25,1629,747,160,88,1,-1,-1,-1
209,27,1577,697,252,139,1,-1,-1,-1
209,45,2096,779,149,94,1,-1,-1,-1
209,50,276,761,118,176,1,-1,-1,-1
209,52,1964,724,156,112,1,-1,-1,-1
209,55,620,680,301,141,1,-1,-1,-1
209,56,760,728,264,108,1,-1,-1,-1
209,57,1372,668,164,128,1,-1,-1,-1
209,58,2064,764,236,124,1,-1,-1,-1
209,59,1668,689,132,62,1,-1,-1,-1
209,60,1600,724,252,120,1,-1,-1,-1
209,61,192,796,208,124,1,-1,-1,-1
209,62,584,708,216,116,1,-1,-1,-1
209,63,192,732,232,100,1,-1,-1,-1
210,17,1901,1292,192,148,1,-1,-1,-1
210,27,1600,711,252,139,1,-1,-1,-1
210,45,2107,775,149,94,1,-1,-1,-1
210,50,275,758,118,176,1,-1,-1,-1
210,52,1963,724,156,112,1,-1,-1,-1
210,55,573,692,287,134,1,-1,-1,-1
210,56,768,728,264,108,1,-1,-1,-1
210,57,1371,668,164,128,1,-1,-1,-1
210,58,2065,763,236,124,1,-1,-1,-1
210,59,1678,691,132,62,1,-1,-1,-1
210,60,1606,724,252,120,1,-1,-1,-1
210,61,191,796,208,124,1,-1,-1,-1
210,62,579,708,216,116,1,-1,-1,-1
210,63,193,731,232,100,1,-1,-1,-1
211,17,1896,1295,192,145,1,-1,-1,-1
211,27,1604,707,265,146,1,-1,-1,-1
211,45,2116,778,149,94,1,-1,-1,-1
211,50,276,758,118,176,1,-1,-1,-1
211,52,1963,725,156,112,1,-1,-1,-1
211,55,564,696,273,128,1,-1,-1,-1
211,56,788,725,264,108,1,-1,-1,-1
211,57,1370,669,164,128,1,-1,-1,-1
211,58,2067,764,236,124,1,-1,-1,-1
211,59,1681,691,132,62,1,-1,-1,-1
211,60,1626,725,252,120,1,-1,-1,-1
211,61,192,797,208,124,1,-1,-1,-1
211,62,575,709,216,116,1,-1,-1,-1
211,63,193,732,232,100,1,-1,-1,-1
212,17,1892,1285,192,152,1,-1,-1,-1
212,27,1636,706,265,146,1,-1,-1,-1
212,45,2126,779,149,94,1,-1,-1,-1
212,50,276,758,118,176,1,-1,-1,-1
212,52,1963,726,156,112,1,-1,-1,-1
212,55,561,693,273,128,1,-1,-1,-1
212,56,817,721,264,108,1,-1,-1,-1
212,57,1368,671,164,128,1,-1,-1,-1
212,58,2069,765,236,124,1,-1,-1,-1
212,59,1686,693,132,62,1,-1,-1,-1
212,60,1655,728,240,114,1,-1,-1,-1
212,61,192,798,208,124,1,-1,-1,-1
212,62,569,707,216,116,1,-1,-1,-1
212,63,195,733,232,100,1,-1,-1,-1
213,17,1896,1270,192,152,1,-1,-1,-1
213,27,1641,711,265,146,1,-1,-1,-1
213,45,2127,780,149,94,1,-1,-1,-1
213,50,276,756,118,176,1,-1,-1,-1
213,52,1962,726,156,112,1,-1,-1,-1
213,55,558,690,273,128,1,-1,-1,-1
213,56,818,718,277,113,1,-1,-1,-1
213,57,1365,674,164,128,1,-1,-1,-1
213,58,2069,766,236,124,1,-1,-1,-1
213,59,1690,697,132,62,1,-1,-1,-1
213,60,1676,734,229,109,1,-1,-1,-1
213,61,192,798,208,124,1,-1,-1,-1
213,62,565,706,216,116,1,-1,-1,-1
213,63,191,731,244,105,1,-1,-1,-1
214,17,1905,1264,192,152,1,-1,-1,-1
214,27,1643,708,265,146,1,-1,-1,-1
214,45,2136,783,142,90,1,-1,-1,-1
214,50,281,755,118,176,1,-1,-1,-1
214,52,1960,725,156,112,1,-1,-1,-1
214,55,551,692,273,128,1,-1,-1,-1
214,56,842,717,264,108,1,-1,-1,-1
214,57,1363,678,164,128,1,-1,-1,-1
214,58,2070,763,248,130,1,-1,-1,-1
214,59,1687,697,132,62,1,-1,-1,-1
214,60,1669,732,229,109,1,-1,-1,-1
214,61,194,796,208,124,1,-1,-1,-1
214,62,555,706,216,116,1,-1,-1,-1
214,63,192,731,244,105,1,-1,-1,-1
215,17,1907,1260,202,160,1,-1,-1,-1
215,27,1651,709,265,146,1,-1,-1,-1
215,45,2144,787,142,90,1,-1,-1,-1
215,50,283,756,118,176,1,-1,-1,-1
215,52,1960,725,156,112,1,-1,-1,-1
215,55,543,693,273,128,1,-1,-1,-1
215,56,846,714,277,113,1,-1,-1,-1
215,57,1366,682,164,128,1,-1,-1,-1
215,58,2085,769,236,124,1,-1,-1,-1
215,60,1682,734,229,109,1,-1,-1,-1
215,61,195,795,208,124,1,-1,-1,-1
215,62,550,706,216,116,1,-1,-1,-1
215,63,196,733,244,105,1,-1,-1,-1
216,17,1910,1262,202,160,1,-1,-1,-1
216,27,1664,709,265,146,1,-1,-1,-1
216,45,2149,788,142,90,1,-1,-1,-1
216,50,283,758,118,176,1,-1,-1,-1
216,52,1959,724,156,112,1,-1,-1,-1
216,55,547,697,260,122,1,-1,-1,-1
216,56,869,713,277,113,1,-1,-1,-1
216,57,1368,683,164,128,1,-1,-1,-1
216,58,2108,772,236,124,1,-1,-1,-1
216,60,1695,736,229,109,1,-1,-1,-1
216,61,189,792,218,130,1,-1,-1,-1
216,62,546,707,216,116,1,-1,-1,-1
216,63,194,733,244,105,1,-1,-1,-1
217,17,1910,1262,202,160,1,-1,-1,-1
217,27,1664,709,265,146,1,-1,-1,-1
217,45,2149,788,142,90,1,-1,-1,-1
217,50,283,758,118,176,1,-1,-1,-1
217,52,1964,728,136,100,1,-1,-1,-1
217,55,547,697,260,122,1,-1,-1,-1
217,56,944,724,192,108,1,-1,-1,-1
217,57,1380,696,160,112,1,-1,-1,-1
217,58,2140,764,280,128,1,-1,-1,-1
217,60,1732,720,180,120,1,-1,-1,-1
217,61,164,784,248,160,1,-1,-1,-1
217,62,556,704,216,124,1,-1,-1,-1
217,63,194,733,244,105,1,-1,-1,-1
217,64,1652,688,168,112,1,-1,-1,-1
217,65,2068,724,184,152,1,-1,-1,-1
217,66,260,756,224,148,1,-1,-1,-1
217,67,1524,704,104,96,1,-1,-1,-1
218,17,1911,1278,202,160,1,-1,-1,-1
218,27,1681,705,265,146,1,-1,-1,-1
218,45,2183,787,142,90,1,-1,-1,-1
218,50,288,762,112,168,1,-1,-1,-1
218,52,1965,727,136,100,1,-1,-1,-1
218,55,534,694,260,122,1,-1,-1,-1
218,56,950,725,192,108,1,-1,-1,-1
218,57,1383,696,160,112,1,-1,-1,-1
218,58,2147,766,280,128,1,-1,-1,-1
218,60,1737,719,180,120,1,-1,-1,-1
218,61,166,784,248,160,1,-1,-1,-1
218,62,555,705,216,124,1,-1,-1,-1
218,63,201,736,232,100,1,-1,-1,-1
218,64,1654,687,168,112,1,-1,-1,-1
218,65,2069,725,184,152,1,-1,-1,-1
218,66,263,757,224,148,1,-1,-1,-1
218,67,1520,702,104,96,1,-1,-1,-1
219,17,1910,1275,202,160,1,-1,-1,-1
219,27,1685,702,265,146,1,-1,-1,-1
219,45,2198,784,142,90,1,-1,-1,-1
219,50,292,761,112,168,1,-1,-1,-1
219,52,1966,726,136,100,1,-1,-1,-1
219,55,528,696,260,122,1,-1,-1,-1
219,56,954,724,192,108,1,-1,-1,-1
219,57,1390,698,160,112,1,-1,-1,-1
219,58,2152,766,280,128,1,-1,-1,-1
219,60,1735,716,189,126,1,-1,-1,-1
219,61,167,784,248,160,1,-1,-1,-1
219,62,553,705,216,124,1,-1,-1,-1
219,63,206,736,232,100,1,-1,-1,-1
219,64,1655,687,168,112,1,-1,-1,-1
219,65,2071,725,184,152,1,-1,-1,-1
219,66,268,758,224,148,1,-1,-1,-1
219,67,1515,700,104,96,1,-1,-1,-1
220,17,1909,1272,202,160,1,-1,-1,-1
220,27,1693,701,265,146,1,-1,-1,-1
220,50,296,761,112,168,1,-1,-1,-1
220,52,1969,725,136,100,1,-1,-1,-1
220,55,524,698,260,122,1,-1,-1,-1
220,56,962,724,192,108,1,-1,-1,-1
220,57,1395,700,160,112,1,-1,-1,-1
220,58,2169,766,280,128,1,-1,-1,-1
220,60,1740,715,189,126,1,-1,-1,-1
220,61,169,785,248,160,1,-1,-1,-1
220,62,552,705,216,124,1,-1,-1,-1
220,63,210,737,232,100,1,-1,-1,-1
220,64,1650,684,176,118,1,-1,-1,-1
220,65,2067,730,184,152,1,-1,-1,-1
220,66,271,759,224,148,1,-1,-1,-1
220,67,1507,696,104,96,1,-1,-1,-1
221,17,1912,1276,202,160,1,-1,-1,-1
221,27,1698,700,265,146,1,-1,-1,-1
221,50,299,760,112,168,1,-1,-1,-1
221,52,1969,725,136,100,1,-1,-1,-1
221,55,530,703,248,116,1,-1,-1,-1
221,56,969,725,183,103,1,-1,-1,-1
221,57,1412,700,152,107,1,-1,-1,-1
221,58,2191,769,280,128,1,-1,-1,-1
221,60,1741,714,189,126,1,-1,-1,-1
221,61,170,786,248,160,1,-1,-1,-1
221,62,551,705,216,124,1,-1,-1,-1
221,63,204,735,244,105,1,-1,-1,-1
221,64,1645,685,176,118,1,-1,-1,-1
221,65,2060,729,184,152,1,-1,-1,-1
221,66,274,759,224,148,1,-1,-1,-1
221,67,1504,690,109,101,1,-1,-1,-1
222,17,1916,1292,202,148,1,-1,-1,-1
222,27,1704,701,265,146,1,-1,-1,-1
222,50,299,760,112,168,1,-1,-1,-1
222,52,1973,726,136,100,1,-1,-1,-1
222,55,534,704,236,110,1,-1,-1,-1
222,56,976,723,174,98,1,-1,-1,-1
222,57,1430,702,145,102,1,-1,-1,-1
222,58,2216,771,280,128,1,-1,-1,-1
222,60,1744,714,189,126,1,-1,-1,-1
222,61,170,788,248,160,1,-1,-1,-1
222,62,548,705,216,124,1,-1,-1,-1
222,63,202,734,244,105,1,-1,-1,-1
222,64,1644,687,176,118,1,-1,-1,-1
222,65,2060,736,184,152,1,-1,-1,-1
222,66,277,759,224,148,1,-1,-1,-1
222,67,1500,687,109,101,1,-1,-1,-1
223,17,1916,1298,202,142,1,-1,-1,-1
223,27,1718,703,252,139,1,-1,-1,-1
223,50,301,760,112,168,1,-1,-1,-1
223,52,1976,724,136,100,1,-1,-1,-1
223,55,530,704,236,110,1,-1,-1,-1
223,56,957,716,183,103,1,-1,-1,-1
223,57,1446,699,145,102,1,-1,-1,-1
223,58,2222,773,280,128,1,-1,-1,-1
223,60,1745,712,189,126,1,-1,-1,-1
223,61,170,790,248,160,1,-1,-1,-1
223,62,544,705,216,124,1,-1,-1,-1
223,64,1642,688,176,118,1,-1,-1,-1
223,65,2075,746,175,145,1,-1,-1,-1
223,66,277,760,224,148,1,-1,-1,-1
223,67,1493,684,109,101,1,-1,-1,-1
224,17,1912,1298,202,142,1,-1,-1,-1
224,27,1731,707,240,132,1,-1,-1,-1
224,50,304,760,112,168,1,-1,-1,-1
224,52,1976,721,143,105,1,-1,-1,-1
224,55,526,706,236,110,1,-1,-1,-1
224,56,943,712,192,108,1,-1,-1,-1
224,58,2235,776,267,122,1,-1,-1,-1
224,60,1747,710,189,126,1,-1,-1,-1
224,61,168,790,248,160,1,-1,-1,-1
224,62,539,704,216,124,1,-1,-1,-1
224,64,1640,688,176,118,1,-1,-1,-1
224,65,2080,752,175,145,1,-1,-1,-1
224,66,278,760,224,148,1,-1,-1,-1
224,67,1494,683,109,101,1,-1,-1,-1
225,17,1912,1298,202,142,1,-1,-1,-1
225,27,1731,707,240,132,1,-1,-1,-1
225,50,304,760,112,168,1,-1,-1,-1
225,52,1976,721,143,105,1,-1,-1,-1
225,55,526,706,236,110,1,-1,-1,-1
225,56,943,712,192,108,1,-1,-1,-1
225,58,2252,776,236,116,1,-1,-1,-1
225,60,1784,740,128,100,1,-1,-1,-1
225,61,136,788,292,140,1,-1,-1,-1
225,62,516,700,240,128,1,-1,-1,-1
225,64,1636,688,200,120,1,-1,-1,-1
225,65,1992,740,264,140,1,-1,-1,-1
225,66,278,760,224,148,1,-1,-1,-1
225,67,1494,683,109,101,1,-1,-1,-1
225,68,1036,700,80,128,1,-1,-1,-1
225,69,1440,712,144,112,1,-1,-1,-1
226,17,1911,1283,202,157,1,-1,-1,-1
226,27,1733,708,240,132,1,-1,-1,-1
226,50,305,760,112,168,1,-1,-1,-1
226,52,1976,722,143,105,1,-1,-1,-1
226,55,512,702,248,116,1,-1,-1,-1
226,56,937,711,202,113,1,-1,-1,-1
226,58,2251,776,236,116,1,-1,-1,-1
226,60,1786,740,128,100,1,-1,-1,-1
226,61,135,789,292,140,1,-1,-1,-1
226,62,515,700,240,128,1,-1,-1,-1
226,64,1636,688,200,120,1,-1,-1,-1
226,65,1992,740,264,140,1,-1,-1,-1
226,66,279,760,224,148,1,-1,-1,-1
226,67,1487,699,109,101,1,-1,-1,-1
226,68,1040,701,80,128,1,-1,-1,-1
226,69,1448,714,144,112,1,-1,-1,-1
227,17,1916,1280,202,160,1,-1,-1,-1
227,27,1725,709,240,132,1,-1,-1,-1
227,50,306,760,112,168,1,-1,-1,-1
227,52,1981,723,143,105,1,-1,-1,-1
227,55,502,703,248,116,1,-1,-1,-1
227,56,942,719,192,108,1,-1,-1,-1
227,58,2249,775,236,116,1,-1,-1,-1
227,60,1789,741,128,100,1,-1,-1,-1
227,61,133,789,292,140,1,-1,-1,-1
227,62,512,700,240,128,1,-1,-1,-1
227,64,1638,688,200,120,1,-1,-1,-1
227,65,1992,741,264,140,1,-1,-1,-1
227,66,281,760,224,148,1,-1,-1,-1
227,67,1469,719,115,106,1,-1,-1,-1
227,68,1039,695,84,134,1,-1,-1,-1
227,69,1451,715,144,112,1,-1,-1,-1
228,17,1919,1283,202,157,1,-1,-1,-1
228,50,305,758,112,168,1,-1,-1,-1
228,52,1979,724,143,105,1,-1,-1,-1
228,55,490,702,260,122,1,-1,-1,-1
228,56,949,719,192,108,1,-1,-1,-1
228,58,2245,773,236,116,1,-1,-1,-1
228,60,1791,741,128,100,1,-1,-1,-1
228,61,131,790,292,140,1,-1,-1,-1
228,62,507,702,240,128,1,-1,-1,-1
228,64,1641,688,200,120,1,-1,-1,-1
228,65,1996,742,264,140,1,-1,-1,-1
228,66,281,760,224,148,1,-1,-1,-1
228,67,1473,726,115,106,1,-1,-1,-1
228,68,1034,694,88,141,1,-1,-1,-1
228,69,1449,714,144,112,1,-1,-1,-1
229,17,1925,1295,202,145,1,-1,-1,-1
229,50,305,759,112,168,1,-1,-1,-1
229,52,1983,722,143,105,1,-1,-1,-1
229,55,483,702,260,122,1,-1,-1,-1
229,56,955,721,192,108,1,-1,-1,-1
229,58,2246,774,225,110,1,-1,-1,-1
229,60,1795,742,128,100,1,-1,-1,-1
229,61,131,792,292,140,1,-1,-1,-1
229,62,502,702,240,128,1,-1,-1,-1
229,64,1643,688,200,120,1,-1,-1,-1
229,65,1998,742,264,140,1,-1,-1,-1
229,66,282,760,224,148,1,-1,-1,-1
229,67,1487,730,115,106,1,-1,-1,-1
229,68,1032,696,88,141,1,-1,-1,-1
229,69,1474,713,144,112,1,-1,-1,-1
230,17,1931,1300,202,140,1,-1,-1,-1
230,50,304,759,112,168,1,-1,-1,-1
230,52,1986,721,143,105,1,-1,-1,-1
230,55,476,701,260,122,1,-1,-1,-1
230,56,960,721,192,108,1,-1,-1,-1
230,58,2241,774,225,110,1,-1,-1,-1
230,60,1798,742,128,100,1,-1,-1,-1
230,61,122,791,307,147,1,-1,-1,-1
230,62,493,702,240,128,1,-1,-1,-1
230,64,1644,687,200,120,1,-1,-1,-1
230,65,2001,741,264,140,1,-1,-1,-1
230,66,283,762,224,148,1,-1,-1,-1
230,67,1510,721,120,111,1,-1,-1,-1
230,68,1036,702,84,134,1,-1,-1,-1
230,69,1492,710,137,107,1,-1,-1,-1
231,17,1936,1298,202,142,1,-1,-1,-1
231,50,313,763,107,160,1,-1,-1,-1
231,52,1989,722,143,105,1,-1,-1,-1
231,55,479,706,248,116,1,-1,-1,-1
231,56,968,720,192,108,1,-1,-1,-1
231,58,2234,774,225,110,1,-1,-1,-1
231,60,1796,739,134,105,1,-1,-1,-1
231,61,137,793,292,140,1,-1,-1,-1
231,62,484,703,240,128,1,-1,-1,-1
231,64,1647,686,200,120,1,-1,-1,-1
231,65,2002,740,264,140,1,-1,-1,-1
231,66,287,763,224,148,1,-1,-1,-1
231,67,1506,713,120,111,1,-1,-1,-1
231,68,1033,699,88,141,1,-1,-1,-1
231,69,1490,711,131,102,1,-1,-1,-1
232,17,1940,1294,202,146,1,-1,-1,-1
232,50,314,762,107,160,1,-1,-1,-1
232,52,1990,722,143,105,1,-1,-1,-1
232,55,477,709,248,116,1,-1,-1,-1
232,56,963,716,202,113,1,-1,-1,-1
232,58,2229,773,225,110,1,-1,-1,-1
232,60,1797,739,134,105,1,-1,-1,-1
232,61,136,792,292,140,1,-1,-1,-1
232,62,484,709,229,122,1,-1,-1,-1
232,64,1654,686,200,120,1,-1,-1,-1
232,65,2002,740,264,140,1,-1,-1,-1
232,66,281,761,235,155,1,-1,-1,-1
232,67,1511,712,120,111,1,-1,-1,-1
232,68,1033,702,88,141,1,-1,-1,-1
232,69,1491,716,124,97,1,-1,-1,-1
233,17,1940,1294,202,146,1,-1,-1,-1
233,50,314,762,107,160,1,-1,-1,-1
233,52,1990,722,143,105,1,-1,-1,-1
233,55,477,709,248,116,1,-1,-1,-1
233,56,940,716,212,120,1,-1,-1,-1
233,58,2220,760,216,132,1,-1,-1,-1
233,60,1836,732,88,108,1,-1,-1,-1
233,61,116,792,296,124,1,-1,-1,-1
233,62,484,724,232,108,1,-1,-1,-1
233,64,1680,692,172,100,1,-1,-1,-1
233,65,2016,740,232,144,1,-1,-1,-1
233,66,308,776,228,144,1,-1,-1,-1
233,67,1511,712,120,111,1,-1,-1,-1
233,68,1033,702,88,141,1,-1,-1,-1
233,69,1512,716,80,92,1,-1,-1,-1
233,70,1560,724,280,116,1,-1,-1,-1
234,17,1942,1294,202,146,1,-1,-1,-1
234,50,299,776,102,152,1,-1,-1,-1
234,52,1994,721,143,105,1,-1,-1,-1
234,55,477,711,248,116,1,-1,-1,-1
234,56,937,715,212,120,1,-1,-1,-1
234,58,2218,760,216,132,1,-1,-1,-1
234,60,1838,731,88,108,1,-1,-1,-1
234,61,114,793,296,124,1,-1,-1,-1
234,62,485,724,232,108,1,-1,-1,-1
234,64,1688,693,172,100,1,-1,-1,-1
234,65,2016,741,232,144,1,-1,-1,-1
234,66,308,777,228,144,1,-1,-1,-1
234,67,1511,714,120,111,1,-1,-1,-1
234,68,1033,703,88,141,1,-1,-1,-1
234,69,1513,717,80,92,1,-1,-1,-1
234,70,1572,726,280,116,1,-1,-1,-1
235,17,1943,1293,202,147,1,-1,-1,-1
235,50,301,776,102,152,1,-1,-1,-1
235,52,1994,722,143,105,1,-1,-1,-1
235,55,479,711,248,116,1,-1,-1,-1
235,56,928,716,212,120,1,-1,-1,-1
235,58,2215,760,216,132,1,-1,-1,-1
235,60,1841,731,88,108,1,-1,-1,-1
235,61,112,794,296,124,1,-1,-1,-1
235,62,485,724,232,108,1,-1,-1,-1
235,64,1690,693,172,100,1,-1,-1,-1
235,65,2015,742,232,144,1,-1,-1,-1
235,66,308,777,228,144,1,-1,-1,-1
235,67,1476,701,120,111,1,-1,-1,-1
235,68,1033,705,88,141,1,-1,-1,-1
235,69,1515,717,80,92,1,-1,-1,-1
235,70,1582,729,280,116,1,-1,-1,-1
236,17,1944,1287,202,153,1,-1,-1,-1
236,50,303,773,102,152,1,-1,-1,-1
236,52,1998,721,143,105,1,-1,-1,-1
236,55,479,711,248,116,1,-1,-1,-1
236,56,917,714,212,120,1,-1,-1,-1
236,58,2213,759,216,132,1,-1,-1,-1
236,60,1840,728,88,108,1,-1,-1,-1
236,61,112,793,296,124,1,-1,-1,-1
236,62,486,724,232,108,1,-1,-1,-1
236,64,1701,695,164,95,1,-1,-1,-1
236,65,2016,742,232,144,1,-1,-1,-1
236,66,309,776,228,144,1,-1,-1,-1
236,67,1477,700,120,111,1,-1,-1,-1
236,68,1016,693,93,148,1,-1,-1,-1
236,69,1517,717,80,92,1,-1,-1,-1
236,70,1634,726,294,122,1,-1,-1,-1
237,17,1944,1276,202,160,1,-1,-1,-1
237,50,304,773,97,145,1,-1,-1,-1
237,52,1999,721,143,105,1,-1,-1,-1
237,55,480,710,248,116,1,-1,-1,-1
237,56,900,714,212,120,1,-1,-1,-1
237,58,2211,759,216,132,1,-1,-1,-1
237,60,1836,725,92,113,1,-1,-1,-1
237,61,111,789,296,124,1,-1,-1,-1
237,62,486,724,232,108,1,-1,-1,-1
237,64,1701,694,164,95,1,-1,-1,-1
237,65,2015,742,232,144,1,-1,-1,-1
237,66,308,775,228,144,1,-1,-1,-1
237,67,1478,699,120,111,1,-1,-1,-1
237,68,1004,683,93,148,1,-1,-1,-1
237,69,1519,717,80,92,1,-1,-1,-1
237,70,1682,727,309,128,1,-1,-1,-1
238,17,1946,1273,202,160,1,-1,-1,-1
238,50,301,771,97,145,1,-1,-1,-1
238,52,1999,721,143,105,1,-1,-1,-1
238,55,478,710,248,116,1,-1,-1,-1
238,56,862,713,212,120,1,-1,-1,-1
238,58,2206,760,216,132,1,-1,-1,-1
238,60,1832,735,97,119,1,-1,-1,-1
238,61,115,791,282,118,1,-1,-1,-1
238,62,488,724,232,108,1,-1,-1,-1
238,64,1715,711,164,95,1,-1,-1,-1
238,65,2018,745,221,137,1,-1,-1,-1
238,66,306,774,228,144,1,-1,-1,-1
238,67,1479,701,120,111,1,-1,-1,-1
238,68,979,679,93,148,1,-1,-1,-1
238,69,1520,719,80,92,1,-1,-1,-1
238,70,1721,729,294,122,1,-1,-1,-1
239,17,1947,1274,202,160,1,-1,-1,-1
239,50,298,774,97,145,1,-1,-1,-1
239,52,2000,715,150,110,1,-1,-1,-1
239,55,485,712,236,110,1,-1,-1,-1
239,56,835,710,223,126,1,-1,-1,-1
239,58,2193,756,227,139,1,-1,-1,-1
239,60,1825,731,97,119,1,-1,-1,-1
239,61,105,790,296,124,1,-1,-1,-1
239,62,490,723,232,108,1,-1,-1,-1
239,64,1707,732,156,91,1,-1,-1,-1
239,65,2016,744,221,137,1,-1,-1,-1
239,66,306,775,228,144,1,-1,-1,-1
239,67,1478,702,120,111,1,-1,-1,-1
239,69,1519,720,80,92,1,-1,-1,-1
239,70,1752,731,294,122,1,-1,-1,-1
240,17,1946,1277,202,160,1,-1,-1,-1
240,50,294,775,97,145,1,-1,-1,-1
240,52,2000,715,150,110,1,-1,-1,-1
240,55,489,711,236,110,1,-1,-1,-1
240,56,821,713,212,120,1,-1,-1,-1
240,58,2190,755,227,139,1,-1,-1,-1
240,61,100,794,296,124,1,-1,-1,-1
240,62,492,723,232,108,1,-1,-1,-1
240,65,2015,745,221,137,1,-1,-1,-1
240,66,304,776,228,144,1,-1,-1,-1
240,67,1477,703,120,111,1,-1,-1,-1
240,69,1519,720,80,92,1,-1,-1,-1
240,70,1786,731,294,122,1,-1,-1,-1
241,17,1946,1277,202,160,1,-1,-1,-1
241,50,294,775,97,145,1,-1,-1,-1
241,52,2000,715,150,110,1,-1,-1,-1
241,55,489,711,236,110,1,-1,-1,-1
241,56,784,720,220,104,1,-1,-1,-1
241,58,2164,760,220,132,1,-1,-1,-1
241,61,88,804,296,136,1,-1,-1,-1
241,62,512,724,208,116,1,-1,-1,-1
241,65,2000,732,200,144,1,-1,-1,-1
241,66,316,776,216,144,1,-1,-1,-1
241,67,1477,703,120,111,1,-1,-1,-1
241,69,1508,708,76,104,1,-1,-1,-1
241,70,1844,748,196,120,1,-1,-1,-1
241,71,1720,708,144,112,1,-1,-1,-1
242,17,1947,1286,202,154,1,-1,-1,-1
242,50,285,774,97,145,1,-1,-1,-1
242,52,2019,728,150,110,1,-1,-1,-1
242,55,491,712,236,110,1,-1,-1,-1
242,56,770,719,220,104,1,-1,-1,-1
242,58,2160,759,220,132,1,-1,-1,-1
242,61,88,802,296,136,1,-1,-1,-1
242,62,513,724,208,116,1,-1,-1,-1
242,65,1997,731,200,144,1,-1,-1,-1
242,66,316,776,216,144,1,-1,-1,-1
242,67,1474,706,120,111,1,-1,-1,-1
242,69,1507,708,76,104,1,-1,-1,-1
242,70,1851,748,196,120,1,-1,-1,-1
242,71,1720,708,144,112,1,-1,-1,-1
243,17,1949,1287,202,153,1,-1,-1,-1
243,50,283,773,97,145,1,-1,-1,-1
243,55,495,714,236,110,1,-1,-1,-1
243,56,749,716,231,109,1,-1,-1,-1
243,58,2157,757,220,132,1,-1,-1,-1
243,61,87,799,296,136,1,-1,-1,-1
243,62,515,725,208,116,1,-1,-1,-1
243,65,1993,730,200,144,1,-1,-1,-1
243,66,315,776,216,144,1,-1,-1,-1
243,67,1473,705,120,111,1,-1,-1,-1
243,69,1507,709,76,104,1,-1,-1,-1
243,70,1852,748,196,120,1,-1,-1,-1
243,71,1719,708,144,112,1,-1,-1,-1
244,17,1950,1288,202,152,1,-1,-1,-1
244,50,282,775,97,145,1,-1,-1,-1
244,55,497,716,236,110,1,-1,-1,-1
244,56,734,718,220,104,1,-1,-1,-1
244,58,2155,757,220,132,1,-1,-1,-1
244,61,87,800,296,136,1,-1,-1,-1
244,62,516,725,208,116,1,-1,-1,-1
244,65,1991,730,200,144,1,-1,-1,-1
244,66,315,777,216,144,1,-1,-1,-1
244,67,1473,704,120,111,1,-1,-1,-1
244,69,1506,710,76,104,1,-1,-1,-1
244,70,1835,746,196,120,1,-1,-1,-1
244,71,1719,709,144,112,1,-1,-1,-1
245,17,1952,1292,202,148,1,-1,-1,-1
245,50,281,777,97,145,1,-1,-1,-1
245,55,498,715,236,110,1,-1,-1,-1
245,56,706,713,231,109,1,-1,-1,-1
245,58,2154,756,220,132,1,-1,-1,-1
245,61,86,804,296,136,1,-1,-1,-1
245,62,516,725,208,116,1,-1,-1,-1
245,65,1984,726,210,151,1,-1,-1,-1
245,66,313,778,216,144,1,-1,-1,-1
245,67,1472,703,120,111,1,-1,-1,-1
245,69,1505,710,76,104,1,-1,-1,-1
245,70,1833,744,196,120,1,-1,-1,-1
245,71,1718,709,144,112,1,-1,-1,-1
246,17,1955,1297,202,143,1,-1,-1,-1
246,50,277,780,97,145,1,-1,-1,-1
246,55,503,719,225,105,1,-1,-1,-1
246,56,687,714,231,109,1,-1,-1,-1
246,58,2154,757,220,132,1,-1,-1,-1
246,61,83,808,296,136,1,-1,-1,-1
246,62,521,729,198,110,1,-1,-1,-1
246,65,1987,727,210,151,1,-1,-1,-1
246,66,311,780,216,144,1,-1,-1,-1
246,67,1470,705,120,111,1,-1,-1,-1
246,69,1503,710,76,104,1,-1,-1,-1
246,70,1837,747,187,114,1,-1,-1,-1
246,71,1718,710,144,112,1,-1,-1,-1
247,17,1957,1298,202,142,1,-1,-1,-1
247,50,275,780,97,145,1,-1,-1,-1
247,55,500,719,225,105,1,-1,-1,-1
247,56,662,718,231,109,1,-1,-1,-1
247,58,2155,758,220,132,1,-1,-1,-1
247,61,83,809,296,136,1,-1,-1,-1
247,62,520,729,198,110,1,-1,-1,-1
247,65,1986,727,210,151,1,-1,-1,-1
247,66,310,781,216,144,1,-1,-1,-1
247,67,1465,701,126,117,1,-1,-1,-1
247,69,1501,710,76,104,1,-1,-1,-1
247,70,1834,747,187,114,1,-1,-1,-1
247,71,1716,711,144,112,1,-1,-1,-1
248,17,1958,1297,202,143,1,-1,-1,-1
248,50,276,779,97,145,1,-1,-1,-1
248,55,498,717,225,105,1,-1,-1,-1
248,56,635,719,231,109,1,-1,-1,-1
248,58,2158,759,220,132,1,-1,-1,-1
248,61,82,805,296,136,1,-1,-1,-1
248,62,520,730,198,110,1,-1,-1,-1
248,65,1989,729,210,151,1,-1,-1,-1
248,66,308,782,216,144,1,-1,-1,-1
248,67,1465,703,126,117,1,-1,-1,-1
248,69,1502,712,76,104,1,-1,-1,-1
248,70,1836,748,187,114,1,-1,-1,-1
248,71,1715,712,144,112,1,-1,-1,-1
249,17,1958,1297,202,143,1,-1,-1,-1
249,50,276,779,97,145,1,-1,-1,-1
249,55,498,717,225,105,1,-1,-1,-1
249,56,635,719,231,109,1,-1,-1,-1
249,58,2144,764,232,128,1,-1,-1,-1
249,61,92,812,284,188,1,-1,-1,-1
249,62,520,730,198,110,1,-1,-1,-1
249,65,1989,729,210,151,1,-1,-1,-1
249,66,260,784,256,136,1,-1,-1,-1
249,67,1465,703,126,117,1,-1,-1,-1
249,69,1502,712,76,104,1,-1,-1,-1
249,70,1836,748,187,114,1,-1,-1,-1
249,71,1720,716,124,120,1,-1,-1,-1
250,17,1956,1293,202,147,1,-1,-1,-1
250,50,274,781,97,145,1,-1,-1,-1
250,55,501,718,225,105,1,-1,-1,-1
250,56,580,714,243,115,1,-1,-1,-1
250,58,2150,765,232,128,1,-1,-1,-1
250,61,91,815,284,188,1,-1,-1,-1
250,62,519,730,198,110,1,-1,-1,-1
250,65,1993,731,210,151,1,-1,-1,-1
250,66,259,785,256,136,1,-1,-1,-1
250,67,1464,705,126,117,1,-1,-1,-1
250,69,1503,714,76,104,1,-1,-1,-1
250,70,1836,746,196,120,1,-1,-1,-1
250,71,1719,715,124,120,1,-1,-1,-1
251,17,1954,1288,202,152,1,-1,-1,-1
251,50,274,783,97,145,1,-1,-1,-1
251,55,505,718,225,105,1,-1,-1,-1
251,56,583,716,231,109,1,-1,-1,-1
251,58,2162,765,244,134,1,-1,-1,-1
251,61,91,824,284,188,1,-1,-1,-1
251,62,520,732,198,110,1,-1,-1,-1
251,65,1992,722,220,159,1,-1,-1,-1
251,66,258,785,256,136,1,-1,-1,-1
251,67,1466,706,126,117,1,-1,-1,-1
251,69,1503,714,76,104,1,-1,-1,-1
251,70,1841,748,187,114,1,-1,-1,-1
251,71,1719,716,124,120,1,-1,-1,-1
252,17,1954,1284,202,156,1,-1,-1,-1
252,50,275,785,97,145,1,-1,-1,-1
252,55,504,718,225,105,1,-1,-1,-1
252,56,584,719,220,104,1,-1,-1,-1
252,58,2193,767,244,134,1,-1,-1,-1
252,61,95,827,284,188,1,-1,-1,-1
252,62,518,734,198,110,1,-1,-1,-1
252,65,2006,716,220,159,1,-1,-1,-1
252,66,257,786,256,136,1,-1,-1,-1
252,67,1468,703,126,117,1,-1,-1,-1
252,69,1506,712,76,104,1,-1,-1,-1
252,70,1834,739,196,120,1,-1,-1,-1
252,71,1719,715,124,120,1,-1,-1,-1
253,17,1954,1270,202,160,1,-1,-1,-1
253,50,277,784,97,145,1,-1,-1,-1
253,55,501,716,225,105,1,-1,-1,-1
253,56,582,719,220,104,1,-1,-1,-1
253,58,2211,770,244,134,1,-1,-1,-1
253,61,105,823,270,179,1,-1,-1,-1
253,62,516,734,198,110,1,-1,-1,-1
253,65,2038,720,210,151,1,-1,-1,-1
253,66,254,785,256,136,1,-1,-1,-1
253,67,1471,702,126,117,1,-1,-1,-1
253,69,1511,715,72,99,1,-1,-1,-1
253,70,1835,742,196,120,1,-1,-1,-1
253,71,1720,714,124,120,1,-1,-1,-1
254,17,1956,1256,202,160,1,-1,-1,-1
254,50,278,781,97,145,1,-1,-1,-1
254,55,498,716,225,105,1,-1,-1,-1
254,56,583,718,220,104,1,-1,-1,-1
254,58,2221,768,256,141,1,-1,-1,-1
254,61,113,816,270,179,1,-1,-1,-1
254,62,511,730,208,116,1,-1,-1,-1
254,65,2063,723,210,151,1,-1,-1,-1
254,66,252,784,256,136,1,-1,-1,-1
254,67,1474,701,126,117,1,-1,-1,-1
254,69,1514,710,72,99,1,-1,-1,-1
254,71,1720,713,124,120,1,-1,-1,-1
255,17,1959,1250,202,160,1,-1,-1,-1
255,50,276,779,97,145,1,-1,-1,-1
255,55,497,718,225,105,1,-1,-1,-1
255,56,584,720,220,104,1,-1,-1,-1
255,58,2207,771,244,134,1,-1,-1,-1
255,61,112,817,270,179,1,-1,-1,-1
255,62,511,731,208,116,1,-1,-1,-1
255,65,2084,728,210,151,1,-1,-1,-1
255,66,250,785,256,136,1,-1,-1,-1
255,67,1484,702,126,117,1,-1,-1,-1
255,69,1519,710,72,99,1,-1,-1,-1
255,71,1721,712,124,120,1,-1,-1,-1
256,17,1966,1244,202,160,1,-1,-1,-1
256,50,290,784,97,145,1,-1,-1,-1
256,55,493,721,225,105,1,-1,-1,-1
256,56,593,721,210,99,1,-1,-1,-1
256,58,2237,777,244,134,1,-1,-1,-1
256,61,129,831,258,171,1,-1,-1,-1
256,62,503,730,218,122,1,-1,-1,-1
256,65,2096,728,210,151,1,-1,-1,-1
256,66,245,787,256,136,1,-1,-1,-1
256,69,1528,709,72,99,1,-1,-1,-1
256,71,1721,712,124,120,1,-1,-1,-1
257,17,1966,1244,202,160,1,-1,-1,-1
257,50,290,784,97,145,1,-1,-1,-1
257,55,468,720,232,124,1,-1,-1,-1
257,56,593,721,210,99,1,-1,-1,-1
257,58,2237,777,244,134,1,-1,-1,-1
257,61,129,831,258,171,1,-1,-1,-1
257,62,503,730,218,122,1,-1,-1,-1
257,65,2120,732,268,140,1,-1,-1,-1
257,66,245,787,256,136,1,-1,-1,-1
257,69,1528,709,72,99,1,-1,-1,-1
257,71,1721,712,124,120,1,-1,-1,-1
257,72,1552,692,156,116,1,-1,-1,-1
257,73,2344,776,216,148,1,-1,-1,-1
257,74,2004,728,200,92,1,-1,-1,-1
257,75,1804,708,104,116,1,-1,-1,-1
258,17,1972,1238,202,160,1,-1,-1,-1
258,55,466,721,232,124,1,-1,-1,-1
258,61,163,830,245,162,1,-1,-1,-1
258,62,494,734,229,128,1,-1,-1,-1
258,65,2127,731,268,140,1,-1,-1,-1
258,66,248,790,244,130,1,-1,-1,-1
258,69,1533,701,72,99,1,-1,-1,-1
258,71,1721,714,124,120,1,-1,-1,-1
258,72,1562,692,156,116,1,-1,-1,-1
258,73,2351,776,209,148,1,-1,-1,-1
258,74,2005,728,200,92,1,-1,-1,-1
258,75,1803,708,104,116,1,-1,-1,-1
259,17,1963,1236,202,160,1,-1,-1,-1
259,55,463,724,232,124,1,-1,-1,-1
259,61,167,827,245,162,1,-1,-1,-1
259,62,489,737,229,128,1,-1,-1,-1
259,65,2134,731,281,147,1,-1,-1,-1
259,66,251,792,232,123,1,-1,-1,-1
259,69,1537,706,72,99,1,-1,-1,-1
259,71,1722,713,124,120,1,-1,-1,-1
259,72,1565,692,156,116,1,-1,-1,-1
259,73,2346,779,214,148,1,-1,-1,-1
259,74,2006,728,200,92,1,-1,-1,-1
259,75,1802,708,104,116,1,-1,-1,-1
260,17,1952,1239,202,160,1,-1,-1,-1
260,55,455,726,232,124,1,-1,-1,-1
260,61,184,847,245,162,1,-1,-1,-1
260,62,479,738,229,128,1,-1,-1,-1
260,65,2136,729,281,147,1,-1,-1,-1
260,66,244,800,232,123,1,-1,-1,-1
260,69,1518,706,69,94,1,-1,-1,-1
260,71,1719,715,124,120,1,-1,-1,-1
260,72,1568,692,156,116,1,-1,-1,-1
260,73,2349,783,206,141,1,-1,-1,-1
260,74,2004,728,200,92,1,-1,-1,-1
260,75,1800,708,104,116,1,-1,-1,-1
261,17,1949,1255,202,160,1,-1,-1,-1
261,55,442,723,244,130,1,-1,-1,-1
261,61,182,866,245,162,1,-1,-1,-1
261,62,472,740,229,128,1,-1,-1,-1
261,65,2129,722,295,154,1,-1,-1,-1
261,66,219,804,244,130,1,-1,-1,-1
261,71,1719,714,124,120,1,-1,-1,-1
261,72,1585,688,156,116,1,-1,-1,-1
261,73,2343,779,216,148,1,-1,-1,-1
261,74,2003,728,200,92,1,-1,-1,-1
261,75,1798,707,104,116,1,-1,-1,-1
262,17,1948,1274,202,160,1,-1,-1,-1
262,55,439,723,244,130,1,-1,-1,-1
262,61,147,873,245,162,1,-1,-1,-1
262,62,458,740,229,128,1,-1,-1,-1
262,65,2132,720,295,154,1,-1,-1,-1
262,66,220,808,244,130,1,-1,-1,-1
262,71,1716,715,124,120,1,-1,-1,-1
262,72,1596,686,156,116,1,-1,-1,-1
262,73,2345,781,215,148,1,-1,-1,-1
262,74,2003,729,200,92,1,-1,-1,-1
262,75,1795,706,104,116,1,-1,-1,-1
263,17,1949,1289,202,151,1,-1,-1,-1
263,55,431,722,244,130,1,-1,-1,-1
263,61,162,846,258,171,1,-1,-1,-1
263,62,445,735,241,134,1,-1,-1,-1
263,65,2110,717,295,154,1,-1,-1,-1
263,66,219,808,244,130,1,-1,-1,-1
263,71,1716,716,124,120,1,-1,-1,-1
263,72,1605,681,164,122,1,-1,-1,-1
263,73,2336,785,224,155,1,-1,-1,-1
263,74,2002,729,200,92,1,-1,-1,-1
263,75,1794,706,104,116,1,-1,-1,-1
264,17,1951,1289,202,151,1,-1,-1,-1
264,55,420,726,232,124,1,-1,-1,-1
264,61,183,833,270,179,1,-1,-1,-1
264,62,437,736,241,134,1,-1,-1,-1
264,65,2118,722,281,147,1,-1,-1,-1
264,66,215,802,244,130,1,-1,-1,-1
264,71,1716,716,124,120,1,-1,-1,-1
264,72,1613,682,164,122,1,-1,-1,-1
264,73,2336,764,224,155,1,-1,-1,-1
264,74,2001,729,200,92,1,-1,-1,-1
264,75,1794,706,104,116,1,-1,-1,-1
265,17,1951,1289,202,151,1,-1,-1,-1
265,55,420,726,232,124,1,-1,-1,-1
265,61,183,833,270,179,1,-1,-1,-1
265,62,396,736,248,132,1,-1,-1,-1
265,65,2172,732,168,136,1,-1,-1,-1
265,66,148,792,332,136,1,-1,-1,-1
265,71,1716,716,124,120,1,-1,-1,-1
265,72,1613,682,164,122,1,-1,-1,-1
265,73,2336,764,224,155,1,-1,-1,-1
265,74,2012,732,184,124,1,-1,-1,-1
265,75,1794,706,104,116,1,-1,-1,-1
265,76,700,720,92,124,1,-1,-1,-1
265,77,2332,696,228,100,1,-1,-1,-1
266,17,1951,1260,202,160,1,-1,-1,-1
266,55,406,729,232,124,1,-1,-1,-1
266,61,172,832,284,188,1,-1,-1,-1
266,62,393,737,248,132,1,-1,-1,-1
266,65,2167,731,168,136,1,-1,-1,-1
266,66,144,794,332,136,1,-1,-1,-1
266,71,1714,718,124,120,1,-1,-1,-1
266,72,1631,684,164,122,1,-1,-1,-1
266,73,2332,762,227,155,1,-1,-1,-1
266,74,2010,733,184,124,1,-1,-1,-1
266,75,1792,707,104,116,1,-1,-1,-1
266,76,702,719,92,124,1,-1,-1,-1
266,77,2343,697,217,100,1,-1,-1,-1
267,17,1946,1241,202,160,1,-1,-1,-1
267,55,401,732,232,124,1,-1,-1,-1
267,61,149,825,298,197,1,-1,-1,-1
267,62,389,738,248,132,1,-1,-1,-1
267,65,2161,730,168,136,1,-1,-1,-1
267,66,133,796,332,136,1,-1,-1,-1
267,71,1711,718,124,120,1,-1,-1,-1
267,72,1634,682,164,122,1,-1,-1,-1
267,73,2330,718,230,163,1,-1,-1,-1
267,74,2006,732,184,124,1,-1,-1,-1
267,75,1791,706,104,116,1,-1,-1,-1
267,76,705,720,92,124,1,-1,-1,-1
267,77,2353,702,207,95,1,-1,-1,-1
268,17,1930,1220,202,160,1,-1,-1,-1
268,55,392,729,244,130,1,-1,-1,-1
268,61,136,817,298,197,1,-1,-1,-1
268,62,387,741,248,132,1,-1,-1,-1
268,65,2149,730,168,136,1,-1,-1,-1
268,66,121,796,332,136,1,-1,-1,-1
268,71,1711,721,118,114,1,-1,-1,-1
268,72,1637,685,156,116,1,-1,-1,-1
268,73,2350,696,210,163,1,-1,-1,-1
268,74,2002,732,184,124,1,-1,-1,-1
268,75,1788,706,104,116,1,-1,-1,-1
268,76,707,720,92,124,1,-1,-1,-1
268,77,2350,713,210,95,1,-1,-1,-1
269,17,1914,1204,202,160,1,-1,-1,-1
269,55,389,731,244,130,1,-1,-1,-1
269,61,115,813,298,197,1,-1,-1,-1
269,62,384,743,248,132,1,-1,-1,-1
269,65,2140,723,176,143,1,-1,-1,-1
269,66,120,800,316,130,1,-1,-1,-1
269,71,1706,722,118,114,1,-1,-1,-1
269,72,1634,685,156,116,1,-1,-1,-1
269,73,2332,692,228,163,1,-1,-1,-1
269,74,1994,732,184,124,1,-1,-1,-1
269,75,1783,706,104,116,1,-1,-1,-1
269,76,706,721,92,124,1,-1,-1,-1
269,77,2344,716,216,95,1,-1,-1,-1
270,17,1908,1201,202,160,1,-1,-1,-1
270,55,386,733,244,130,1,-1,-1,-1
270,61,97,823,298,197,1,-1,-1,-1
270,62,382,743,248,132,1,-1,-1,-1
270,65,2131,720,176,143,1,-1,-1,-1
270,66,90,802,316,130,1,-1,-1,-1
270,71,1701,723,118,114,1,-1,-1,-1
270,72,1626,685,156,116,1,-1,-1,-1
270,73,2332,706,228,163,1,-1,-1,-1
270,74,1988,732,184,124,1,-1,-1,-1
270,75,1777,705,104,116,1,-1,-1,-1
270,76,703,722,92,124,1,-1,-1,-1
270,77,2335,718,217,95,1,-1,-1,-1
271,17,1905,1211,202,160,1,-1,-1,-1
271,55,383,733,244,130,1,-1,-1,-1
271,61,62,826,313,207,1,-1,-1,-1
271,62,380,744,248,132,1,-1,-1,-1
271,65,2115,726,176,143,1,-1,-1,-1
271,66,50,804,332,136,1,-1,-1,-1
271,71,1698,725,112,109,1,-1,-1,-1
271,72,1623,683,156,116,1,-1,-1,-1
271,73,2301,699,250,171,1,-1,-1,-1
271,74,1980,734,175,118,1,-1,-1,-1
271,75,1765,706,104,116,1,-1,-1,-1
271,76,696,724,92,124,1,-1,-1,-1
271,77,2313,723,217,95,1,-1,-1,-1
272,17,1883,1235,212,168,1,-1,-1,-1
272,55,380,734,244,130,1,-1,-1,-1
272,61,60,834,298,197,1,-1,-1,-1
272,62,376,745,248,132,1,-1,-1,-1
272,65,2106,724,176,143,1,-1,-1,-1
272,66,9,802,349,143,1,-1,-1,-1
272,71,1688,723,112,109,1,-1,-1,-1
272,72,1609,683,156,116,1,-1,-1,-1
272,73,2294,694,263,180,1,-1,-1,-1
272,74,1968,730,184,124,1,-1,-1,-1
272,75,1758,706,104,116,1,-1,-1,-1
272,76,693,726,92,124,1,-1,-1,-1
272,77,2278,726,217,95,1,-1,-1,-1
273,17,1883,1235,212,168,1,-1,-1,-1
273,55,380,734,244,130,1,-1,-1,-1
273,61,60,834,298,197,1,-1,-1,-1
273,62,380,740,236,144,1,-1,-1,-1
273,65,2106,724,176,143,1,-1,-1,-1
273,66,8,832,340,124,1,-1,-1,-1
273,71,1688,723,112,109,1,-1,-1,-1
273,72,1609,683,156,116,1,-1,-1,-1
273,73,2294,694,263,180,1,-1,-1,-1
273,74,1968,730,184,124,1,-1,-1,-1
273,75,1758,706,104,116,1,-1,-1,-1
273,76,672,724,108,132,1,-1,-1,-1
273,77,2278,726,217,95,1,-1,-1,-1
273,78,2224,704,252,160,1,-1,-1,-1
273,79,1592,708,92,96,1,-1,-1,-1
274,17,1831,1284,212,156,1,-1,-1,-1
274,55,358,736,244,130,1,-1,-1,-1
274,61,8,856,298,197,1,-1,-1,-1
274,62,368,742,236,144,1,-1,-1,-1
274,65,2067,724,176,143,1,-1,-1,-1
274,66,0,834,314,124,1,-1,-1,-1
274,71,1662,724,112,109,1,-1,-1,-1
274,72,1590,691,149,110,1,-1,-1,-1
274,74,1936,729,184,124,1,-1,-1,-1
274,75,1732,706,104,116,1,-1,-1,-1
274,76,661,725,108,132,1,-1,-1,-1
274,77,2237,723,217,95,1,-1,-1,-1
274,78,2199,704,252,160,1,-1,-1,-1
274,79,1580,708,92,96,1,-1,-1,-1
275,17,1800,1291,212,149,1,-1,-1,-1
275,55,350,737,244,130,1,-1,-1,-1
275,61,0,858,260,207,1,-1,-1,-1
275,62,354,744,236,144,1,-1,-1,-1
275,65,2043,727,176,143,1,-1,-1,-1
275,66,0,847,274,124,1,-1,-1,-1
275,71,1646,724,112,109,1,-1,-1,-1
275,72,1575,691,149,110,1,-1,-1,-1
275,74,1919,729,184,124,1,-1,-1,-1
275,75,1717,707,104,116,1,-1,-1,-1
275,76,646,723,113,139,1,-1,-1,-1
275,77,2235,707,217,95,1,-1,-1,-1
275,78,2173,705,252,160,1,-1,-1,-1
275,79,1565,709,92,96,1,-1,-1,-1
276,17,1782,1289,212,151,1,-1,-1,-1
276,55,339,739,244,130,1,-1,-1,-1
276,61,0,858,215,218,1,-1,-1,-1
276,62,341,748,236,144,1,-1,-1,-1
276,65,2022,728,176,143,1,-1,-1,-1
276,66,0,854,218,124,1,-1,-1,-1
276,71,1633,723,112,109,1,-1,-1,-1
276,72,1563,691,149,110,1,-1,-1,-1
276,74,1902,729,184,124,1,-1,-1,-1
276,75,1702,706,104,116,1,-1,-1,-1
276,76,634,725,113,139,1,-1,-1,-1
276,77,2199,703,228,100,1,-1,-1,-1
276,78,2151,706,252,160,1,-1,-1,-1
276,79,1552,710,92,96,1,-1,-1,-1
277,17,1772,1276,212,164,1,-1,-1,-1
277,55,325,742,244,130,1,-1,-1,-1
277,61,0,854,165,207,1,-1,-1,-1
277,62,325,751,236,144,1,-1,-1,-1
277,65,1989,728,176,143,1,-1,-1,-1
277,66,0,857,186,124,1,-1,-1,-1
277,71,1618,722,112,109,1,-1,-1,-1
277,72,1548,693,149,110,1,-1,-1,-1
277,74,1884,729,184,124,1,-1,-1,-1
277,75,1687,706,104,116,1,-1,-1,-1
277,76,627,727,113,139,1,-1,-1,-1
277,78,2124,709,252,160,1,-1,-1,-1
277,79,1538,711,92,96,1,-1,-1,-1
278,17,1757,1264,212,168,1,-1,-1,-1
278,55,315,748,232,124,1,-1,-1,-1
278,62,300,749,248,151,1,-1,-1,-1
278,65,1961,729,176,143,1,-1,-1,-1
278,66,0,851,149,124,1,-1,-1,-1
278,71,1602,722,112,109,1,-1,-1,-1
278,72,1533,694,149,110,1,-1,-1,-1
278,74,1873,730,184,124,1,-1,-1,-1
278,75,1669,705,104,116,1,-1,-1,-1
278,76,617,728,113,139,1,-1,-1,-1
278,78,2098,712,252,160,1,-1,-1,-1
278,79,1526,712,92,96,1,-1,-1,-1
279,17,1740,1260,212,168,1,-1,-1,-1
279,55,300,750,232,124,1,-1,-1,-1
279,62,283,753,248,151,1,-1,-1,-1
279,65,1923,731,176,143,1,-1,-1,-1
279,66,0,855,110,118,1,-1,-1,-1
279,71,1583,721,112,109,1,-1,-1,-1
279,72,1524,694,149,110,1,-1,-1,-1
279,74,1864,729,175,118,1,-1,-1,-1
279,75,1652,703,104,116,1,-1,-1,-1
279,76,605,729,113,139,1,-1,-1,-1
279,78,2069,712,252,160,1,-1,-1,-1
279,79,1514,712,92,96,1,-1,-1,-1
280,17,1719,1262,212,168,1,-1,-1,-1
280,55,284,752,232,124,1,-1,-1,-1
280,62,271,752,248,151,1,-1,-1,-1
280,65,1892,736,176,143,1,-1,-1,-1
280,66,0,858,84,118,1,-1,-1,-1
280,71,1569,722,112,109,1,-1,-1,-1
280,72,1506,694,156,116,1,-1,-1,-1
280,74,1857,729,175,118,1,-1,-1,-1
280,75,1637,703,104,116,1,-1,-1,-1
280,76,593,726,119,146,1,-1,-1,-1
280,78,2045,714,252,160,1,-1,-1,-1
280,79,1499,713,92,96,1,-1,-1,-1
281,17,1719,1262,212,168,1,-1,-1,-1
281,55,284,752,232,124,1,-1,-1,-1
281,62,256,764,244,124,1,-1,-1,-1
281,65,1892,736,176,143,1,-1,-1,-1
281,66,0,858,84,118,1,-1,-1,-1
281,71,1569,722,112,109,1,-1,-1,-1
281,72,1506,694,156,116,1,-1,-1,-1
281,74,1848,752,196,108,1,-1,-1,-1
281,75,1637,703,104,116,1,-1,-1,-1
281,76,540,732,160,144,1,-1,-1,-1
281,78,2044,724,240,120,1,-1,-1,-1
281,79,1499,713,92,96,1,-1,-1,-1
281,80,2368,812,192,120,1,-1,-1,-1
282,17,1683,1279,212,161,1,-1,-1,-1
282,55,248,751,244,130,1,-1,-1,-1
282,62,239,765,244,124,1,-1,-1,-1
282,65,1843,748,176,143,1,-1,-1,-1
282,66,0,880,84,118,1,-1,-1,-1
282,71,1542,722,112,109,1,-1,-1,-1
282,72,1483,699,156,116,1,-1,-1,-1
282,74,1826,752,196,108,1,-1,-1,-1
282,75,1613,701,104,116,1,-1,-1,-1
282,76,529,733,160,144,1,-1,-1,-1
282,78,2023,725,240,120,1,-1,-1,-1
282,79,1477,715,92,96,1,-1,-1,-1
282,80,2342,811,192,120,1,-1,-1,-1
283,17,1663,1282,212,158,1,-1,-1,-1
283,55,229,756,244,130,1,-1,-1,-1
283,62,224,767,244,124,1,-1,-1,-1
283,65,1818,741,185,150,1,-1,-1,-1
283,66,0,876,150,118,1,-1,-1,-1
283,71,1528,722,112,109,1,-1,-1,-1
283,72,1476,702,156,116,1,-1,-1,-1
283,74,1807,753,196,108,1,-1,-1,-1
283,75,1599,701,104,116,1,-1,-1,-1
283,76,519,734,160,144,1,-1,-1,-1
283,78,2005,725,240,120,1,-1,-1,-1
283,79,1463,715,97,101,1,-1,-1,-1
283,80,2328,807,202,126,1,-1,-1,-1
284,17,1638,1284,212,156,1,-1,-1,-1
284,55,208,761,244,130,1,-1,-1,-1
284,62,199,766,256,130,1,-1,-1,-1
284,65,1798,732,194,157,1,-1,-1,-1
284,71,1515,723,112,109,1,-1,-1,-1
284,72,1464,701,156,116,1,-1,-1,-1
284,74,1795,752,196,108,1,-1,-1,-1
284,75,1587,702,104,116,1,-1,-1,-1
284,76,506,735,160,144,1,-1,-1,-1
284,78,1995,730,240,120,1,-1,-1,-1
284,79,1451,716,97,101,1,-1,-1,-1
284,80,2308,805,202,126,1,-1,-1,-1
285,17,1613,1280,212,160,1,-1,-1,-1
285,55,180,762,256,137,1,-1,-1,-1
285,62,181,769,256,130,1,-1,-1,-1
285,65,1782,728,194,157,1,-1,-1,-1
285,71,1502,722,112,109,1,-1,-1,-1
285,72,1455,700,156,116,1,-1,-1,-1
285,74,1782,751,196,108,1,-1,-1,-1
285,75,1574,702,104,116,1,-1,-1,-1
285,76,492,737,160,144,1,-1,-1,-1
285,78,1981,729,240,120,1,-1,-1,-1
285,79,1442,716,97,101,1,-1,-1,-1
285,80,2302,804,202,126,1,-1,-1,-1
286,17,1592,1271,212,168,1,-1,-1,-1
286,55,162,766,256,137,1,-1,-1,-1
286,62,157,767,269,137,1,-1,-1,-1
286,65,1770,725,194,157,1,-1,-1,-1
286,71,1491,722,112,109,1,-1,-1,-1
286,72,1443,699,156,116,1,-1,-1,-1
286,74,1770,750,196,108,1,-1,-1,-1
286,75,1562,701,104,116,1,-1,-1,-1
286,76,479,738,160,144,1,-1,-1,-1
286,78,1972,733,240,120,1,-1,-1,-1
286,79,1428,715,97,101,1,-1,-1,-1
286,80,2258,797,212,132,1,-1,-1,-1
287,17,1571,1261,212,168,1,-1,-1,-1
287,55,146,772,256,137,1,-1,-1,-1
287,62,139,771,269,137,1,-1,-1,-1
287,65,1757,725,194,157,1,-1,-1,-1
287,71,1483,720,112,109,1,-1,-1,-1
287,72,1424,698,164,122,1,-1,-1,-1
287,74,1756,749,196,108,1,-1,-1,-1
287,75,1549,700,104,116,1,-1,-1,-1
287,76,467,741,160,144,1,-1,-1,-1
287,78,1957,733,252,126,1,-1,-1,-1
287,79,1410,715,92,96,1,-1,-1,-1
287,80,2232,785,212,132,1,-1,-1,-1
288,17,1544,1243,212,168,1,-1,-1,-1
288,55,121,773,256,137,1,-1,-1,-1
288,62,112,770,282,144,1,-1,-1,-1
288,65,1747,726,194,157,1,-1,-1,-1
288,71,1472,720,112,109,1,-1,-1,-1
288,72,1409,698,164,122,1,-1,-1,-1
288,74,1745,748,196,108,1,-1,-1,-1
288,75,1538,698,104,116,1,-1,-1,-1
288,76,456,743,160,144,1,-1,-1,-1
288,78,1945,735,252,126,1,-1,-1,-1
288,79,1394,715,92,96,1,-1,-1,-1
289,17,1532,1224,180,168,1,-1,-1,-1
289,55,84,784,272,120,1,-1,-1,-1
289,62,112,770,282,144,1,-1,-1,-1
289,65,1732,716,220,144,1,-1,-1,-1
289,71,1472,720,112,109,1,-1,-1,-1
289,72,1409,698,164,122,1,-1,-1,-1
289,74,1745,748,196,108,1,-1,-1,-1
289,75,1538,698,104,116,1,-1,-1,-1
289,76,444,744,180,140,1,-1,-1,-1
289,78,1936,748,236,140,1,-1,-1,-1
289,79,1380,708,104,104,1,-1,-1,-1
289,81,2120,768,208,140,1,-1,-1,-1
289,82,1504,688,100,120,1,-1,-1,-1
290,17,1508,1196,180,168,1,-1,-1,-1
290,55,63,783,272,120,1,-1,-1,-1
290,62,65,771,282,144,1,-1,-1,-1
290,65,1719,716,220,144,1,-1,-1,-1
290,71,1449,718,112,109,1,-1,-1,-1
290,72,1381,698,172,128,1,-1,-1,-1
290,74,1721,746,196,108,1,-1,-1,-1
290,75,1515,698,104,116,1,-1,-1,-1
290,76,432,745,180,140,1,-1,-1,-1
290,78,1920,747,236,140,1,-1,-1,-1
290,79,1368,709,104,104,1,-1,-1,-1
290,81,2101,766,208,140,1,-1,-1,-1
290,82,1493,688,100,120,1,-1,-1,-1
291,17,1494,1166,180,168,1,-1,-1,-1
291,55,50,784,272,120,1,-1,-1,-1
291,62,44,772,282,144,1,-1,-1,-1
291,65,1709,715,220,144,1,-1,-1,-1
291,71,1437,719,112,109,1,-1,-1,-1
291,74,1707,745,196,108,1,-1,-1,-1
291,75,1504,697,104,116,1,-1,-1,-1
291,76,419,747,180,140,1,-1,-1,-1
291,78,1904,744,236,140,1,-1,-1,-1
291,79,1356,709,104,104,1,-1,-1,-1
291,81,2083,764,208,140,1,-1,-1,-1
291,82,1482,688,100,120,1,-1,-1,-1
292,17,1493,1161,180,168,1,-1,-1,-1
292,55,30,783,272,120,1,-1,-1,-1
292,62,22,772,282,144,1,-1,-1,-1
292,65,1697,714,220,144,1,-1,-1,-1
292,71,1427,717,112,109,1,-1,-1,-1
292,74,1697,745,196,108,1,-1,-1,-1
292,75,1492,697,104,116,1,-1,-1,-1
292,76,407,748,180,140,1,-1,-1,-1
292,78,1889,743,236,140,1,-1,-1,-1
292,79,1343,710,104,104,1,-1,-1,-1
292,81,2062,765,208,140,1,-1,-1,-1
292,82,1471,687,100,120,1,-1,-1,-1
293,17,1493,1176,180,168,1,-1,-1,-1
293,55,4,778,286,126,1,-1,-1,-1
293,62,3,772,282,144,1,-1,-1,-1
293,65,1687,714,220,144,1,-1,-1,-1
293,71,1417,716,112,109,1,-1,-1,-1
293,74,1688,742,196,108,1,-1,-1,-1
293,75,1482,697,104,116,1,-1,-1,-1
293,76,393,749,180,140,1,-1,-1,-1
293,78,1879,746,225,133,1,-1,-1,-1
293,79,1332,710,104,104,1,-1,-1,-1
293,81,2058,766,208,140,1,-1,-1,-1
293,82,1461,687,100,120,1,-1,-1,-1
294,17,1493,1207,180,168,1,-1,-1,-1
294,55,0,778,272,126,1,-1,-1,-1
294,62,0,772,267,144,1,-1,-1,-1
294,65,1679,712,220,144,1,-1,-1,-1
294,71,1407,715,112,109,1,-1,-1,-1
294,74,1678,744,196,108,1,-1,-1,-1
294,75,1473,695,104,116,1,-1,-1,-1
294,76,379,749,180,140,1,-1,-1,-1
294,78,1865,745,225,133,1,-1,-1,-1
294,79,1320,710,104,104,1,-1,-1,-1
294,81,2044,770,218,147,1,-1,-1,-1
294,82,1452,686,100,120,1,-1,-1,-1
295,17,1494,1227,180,168,1,-1,-1,-1
295,55,0,778,256,126,1,-1,-1,-1
295,62,0,774,245,144,1,-1,-1,-1
295,65,1670,711,220,144,1,-1,-1,-1
295,71,1400,715,112,109,1,-1,-1,-1
295,74,1670,741,196,108,1,-1,-1,-1
295,75,1464,694,104,116,1,-1,-1,-1
295,76,363,745,189,147,1,-1,-1,-1
295,78,1846,746,225,133,1,-1,-1,-1
295,79,1309,710,104,104,1,-1,-1,-1
295,81,2038,776,218,147,1,-1,-1,-1
295,82,1444,685,100,120,1,-1,-1,-1
296,17,1492,1225,180,168,1,-1,-1,-1
296,55,0,777,238,132,1,-1,-1,-1
296,62,0,772,226,151,1,-1,-1,-1
296,65,1659,705,231,151,1,-1,-1,-1
296,71,1392,713,112,109,1,-1,-1,-1
296,74,1659,735,206,113,1,-1,-1,-1
296,75,1457,694,104,116,1,-1,-1,-1
296,76,352,745,189,147,1,-1,-1,-1
296,78,1827,746,225,133,1,-1,-1,-1
296,79,1297,709,104,104,1,-1,-1,-1
296,81,2047,781,208,140,1,-1,-1,-1
296,82,1435,685,100,120,1,-1,-1,-1
297,17,1492,1225,180,168,1,-1,-1,-1
297,55,0,777,238,132,1,-1,-1,-1
297,62,0,792,244,140,1,-1,-1,-1
297,65,1648,716,224,136,1,-1,-1,-1
297,71,1396,704,96,128,1,-1,-1,-1
297,74,1659,735,206,113,1,-1,-1,-1
297,75,1457,694,104,116,1,-1,-1,-1
297,76,300,756,228,124,1,-1,-1,-1
297,78,1796,760,240,116,1,-1,-1,-1
297,79,1297,709,104,104,1,-1,-1,-1
297,81,2047,781,208,140,1,-1,-1,-1
297,82,1436,680,88,112,1,-1,-1,-1
297,83,1232,700,152,108,1,-1,-1,-1
297,84,1996,752,124,120,1,-1,-1,-1
298,17,1471,1209,180,168,1,-1,-1,-1
298,55,0,782,200,132,1,-1,-1,-1
298,62,0,789,228,147,1,-1,-1,-1
298,65,1643,716,224,136,1,-1,-1,-1
298,71,1390,704,96,128,1,-1,-1,-1
298,74,1642,732,206,113,1,-1,-1,-1
298,75,1444,694,104,116,1,-1,-1,-1
298,76,286,756,228,124,1,-1,-1,-1
298,78,1793,764,229,110,1,-1,-1,-1
298,79,1280,704,104,104,1,-1,-1,-1
298,82,1430,679,88,112,1,-1,-1,-1
298,83,1223,699,152,108,1,-1,-1,-1
298,84,1989,751,124,120,1,-1,-1,-1
299,17,1456,1217,180,168,1,-1,-1,-1
299,55,0,787,175,132,1,-1,-1,-1
299,62,0,792,217,147,1,-1,-1,-1
299,65,1637,716,224,136,1,-1,-1,-1
299,71,1385,704,96,128,1,-1,-1,-1
299,74,1639,731,206,113,1,-1,-1,-1
299,75,1439,694,104,116,1,-1,-1,-1
299,76,272,756,228,124,1,-1,-1,-1
299,78,1782,765,229,110,1,-1,-1,-1
299,79,1265,703,104,104,1,-1,-1,-1
299,82,1425,678,88,112,1,-1,-1,-1
299,83,1215,699,152,108,1,-1,-1,-1
299,84,1982,746,130,126,1,-1,-1,-1
300,17,1444,1233,180,168,1,-1,-1,-1
300,55,0,785,155,139,1,-1,-1,-1
300,62,0,791,199,147,1,-1,-1,-1
300,65,1631,715,224,136,1,-1,-1,-1
300,71,1380,702,96,128,1,-1,-1,-1
300,74,1634,730,206,113,1,-1,-1,-1
300,75,1434,693,104,116,1,-1,-1,-1
300,76,250,753,239,130,1,-1,-1,-1
300,78,1771,763,240,116,1,-1,-1,-1
300,79,1263,703,104,104,1,-1,-1,-1
300,82,1420,678,88,112,1,-1,-1,-1
300,83,1203,694,160,113,1,-1,-1,-1
300,84,1979,743,130,126,1,-1,-1,-1
301,17,1441,1249,180,168,1,-1,-1,-1
301,55,0,784,137,139,1,-1,-1,-1
301,62,0,789,184,147,1,-1,-1,-1
301,65,1626,714,224,136,1,-1,-1,-1
301,71,1376,702,96,128,1,-1,-1,-1
301,74,1626,729,206,113,1,-1,-1,-1
301,75,1429,692,104,116,1,-1,-1,-1
301,76,233,755,239,130,1,-1,-1,-1
301,78,1760,762,240,116,1,-1,-1,-1
301,79,1276,696,104,104,1,-1,-1,-1
301,82,1415,678,88,112,1,-1,-1,-1
301,83,1198,694,160,113,1,-1,-1,-1
301,84,1977,742,130,126,1,-1,-1,-1
302,17,1444,1264,180,168,1,-1,-1,-1
302,55,0,788,122,132,1,-1,-1,-1
302,62,0,796,158,140,1,-1,-1,-1
302,65,1621,712,224,136,1,-1,-1,-1
302,71,1372,701,96,128,1,-1,-1,-1
302,74,1623,726,206,113,1,-1,-1,-1
302,75,1425,691,104,116,1,-1,-1,-1
302,76,210,755,239,130,1,-1,-1,-1
302,78,1756,760,240,116,1,-1,-1,-1
302,79,1275,698,104,104,1,-1,-1,-1
302,82,1411,677,88,112,1,-1,-1,-1
302,83,1194,693,160,113,1,-1,-1,-1
302,84,1972,742,130,126,1,-1,-1,-1
303,17,1451,1274,180,166,1,-1,-1,-1
303,55,0,786,106,139,1,-1,-1,-1
303,62,0,797,141,140,1,-1,-1,-1
303,65,1617,711,224,136,1,-1,-1,-1
303,71,1368,700,96,128,1,-1,-1,-1
303,74,1620,725,206,113,1,-1,-1,-1
303,75,1422,690,104,116,1,-1,-1,-1
303,76,192,757,239,130,1,-1,-1,-1
303,78,1752,758,240,116,1,-1,-1,-1
303,79,1273,700,104,104,1,-1,-1,-1
303,82,1407,676,88,112,1,-1,-1,-1
303,83,1188,692,160,113,1,-1,-1,-1
303,84,1966,740,137,132,1,-1,-1,-1
304,17,1453,1281,180,159,1,-1,-1,-1
304,55,0,783,89,139,1,-1,-1,-1
304,62,0,794,132,140,1,-1,-1,-1
304,65,1616,710,224,136,1,-1,-1,-1
304,71,1366,699,96,128,1,-1,-1,-1
304,74,1619,724,206,113,1,-1,-1,-1
304,75,1419,689,104,116,1,-1,-1,-1
304,76,175,757,239,130,1,-1,-1,-1
304,78,1751,757,240,116,1,-1,-1,-1
304,79,1274,699,104,104,1,-1,-1,-1
304,82,1406,675,88,112,1,-1,-1,-1
304,83,1186,693,160,113,1,-1,-1,-1
304,84,1964,738,137,132,1,-1,-1,-1
305,17,1453,1281,180,159,1,-1,-1,-1
305,55,0,808,76,108,1,-1,-1,-1
305,62,0,794,132,140,1,-1,-1,-1
305,65,1608,708,204,136,1,-1,-1,-1
305,71,1364,688,96,136,1,-1,-1,-1
305,74,1619,724,206,113,1,-1,-1,-1
305,75,1419,689,104,116,1,-1,-1,-1
305,76,148,760,268,124,1,-1,-1,-1
305,78,1748,740,192,128,1,-1,-1,-1
305,79,1274,699,104,104,1,-1,-1,-1
305,82,1406,675,88,112,1,-1,-1,-1
305,83,1186,693,160,113,1,-1,-1,-1
305,84,1964,728,136,144,1,-1,-1,-1
305,85,1104,700,204,96,1,-1,-1,-1
306,17,1441,1267,180,168,1,-1,-1,-1
306,55,0,805,65,108,1,-1,-1,-1
306,62,0,793,117,140,1,-1,-1,-1
306,65,1607,707,204,136,1,-1,-1,-1
306,71,1363,688,96,136,1,-1,-1,-1
306,74,1617,721,206,113,1,-1,-1,-1
306,75,1415,688,104,116,1,-1,-1,-1
306,76,135,756,281,130,1,-1,-1,-1
306,78,1747,739,192,128,1,-1,-1,-1
306,79,1267,702,104,104,1,-1,-1,-1
306,82,1402,674,88,112,1,-1,-1,-1
306,83,1185,691,160,113,1,-1,-1,-1
306,84,1965,728,136,144,1,-1,-1,-1
306,85,1086,696,214,101,1,-1,-1,-1
307,17,1437,1253,180,168,1,-1,-1,-1
307,55,0,811,52,108,1,-1,-1,-1
307,62,0,785,117,140,1,-1,-1,-1
307,65,1607,707,204,136,1,-1,-1,-1
307,71,1364,688,96,136,1,-1,-1,-1
307,74,1615,721,206,113,1,-1,-1,-1
307,75,1415,687,104,116,1,-1,-1,-1
307,76,116,757,281,130,1,-1,-1,-1
307,78,1746,738,192,128,1,-1,-1,-1
307,79,1260,701,109,109,1,-1,-1,-1
307,82,1402,673,88,112,1,-1,-1,-1
307,83,1177,691,168,119,1,-1,-1,-1
307,84,1967,730,136,144,1,-1,-1,-1
307,85,1065,691,225,106,1,-1,-1,-1
308,17,1437,1234,180,168,1,-1,-1,-1
308,55,0,812,42,113,1,-1,-1,-1
308,62,0,781,108,140,1,-1,-1,-1
308,65,1607,706,204,136,1,-1,-1,-1
308,71,1363,687,96,136,1,-1,-1,-1
308,74,1616,719,206,113,1,-1,-1,-1
308,75,1414,686,104,116,1,-1,-1,-1
308,76,91,757,295,137,1,-1,-1,-1
308,78,1747,736,192,128,1,-1,-1,-1
308,79,1260,701,109,109,1,-1,-1,-1
308,82,1401,673,88,112,1,-1,-1,-1
308,83,1178,692,168,119,1,-1,-1,-1
308,84,1968,732,136,144,1,-1,-1,-1
308,85,1054,691,225,106,1,-1,-1,-1
309,17,1437,1221,180,168,1,-1,-1,-1
309,55,0,811,42,119,1,-1,-1,-1
309,65,1607,705,204,136,1,-1,-1,-1
309,71,1362,687,96,136,1,-1,-1,-1
309,74,1616,719,206,113,1,-1,-1,-1
309,75,1414,685,104,116,1,-1,-1,-1
309,76,74,762,281,130,1,-1,-1,-1
309,78,1748,734,192,128,1,-1,-1,-1
309,79,1261,702,109,109,1,-1,-1,-1
309,82,1401,672,88,112,1,-1,-1,-1
309,83,1193,701,160,113,1,-1,-1,-1
309,84,1970,734,136,144,1,-1,-1,-1
309,85,1036,687,225,106,1,-1,-1,-1
310,17,1438,1220,180,168,1,-1,-1,-1
310,55,0,806,42,113,1,-1,-1,-1
310,65,1607,704,204,136,1,-1,-1,-1
310,71,1363,687,96,136,1,-1,-1,-1
310,74,1616,719,206,113,1,-1,-1,-1
310,75,1415,685,104,116,1,-1,-1,-1
310,76,57,764,281,130,1,-1,-1,-1
310,78,1750,732,192,128,1,-1,-1,-1
310,79,1262,699,109,109,1,-1,-1,-1
310,82,1401,672,88,112,1,-1,-1,-1
310,83,1192,703,160,113,1,-1,-1,-1
310,84,1971,735,136,144,1,-1,-1,-1
310,85,1021,687,225,106,1,-1,-1,-1
311,17,1436,1223,180,168,1,-1,-1,-1
311,55,0,810,46,108,1,-1,-1,-1
311,65,1608,703,204,136,1,-1,-1,-1
311,71,1363,686,96,136,1,-1,-1,-1
311,74,1617,719,206,113,1,-1,-1,-1
311,75,1415,685,104,116,1,-1,-1,-1
311,76,53,768,268,124,1,-1,-1,-1
311,78,1752,728,192,128,1,-1,-1,-1
311,79,1263,697,109,109,1,-1,-1,-1
311,82,1401,671,88,112,1,-1,-1,-1
311,83,1196,699,160,113,1,-1,-1,-1
311,84,1971,734,136,144,1,-1,-1,-1
311,85,1003,686,225,106,1,-1,-1,-1
312,17,1435,1233,180,168,1,-1,-1,-1
312,65,1609,702,204,136,1,-1,-1,-1
312,71,1364,686,96,136,1,-1,-1,-1
312,74,1618,717,206,113,1,-1,-1,-1
312,75,1416,685,104,116,1,-1,-1,-1
312,76,41,768,268,124,1,-1,-1,-1
312,78,1753,726,192,128,1,-1,-1,-1
312,79,1264,697,109,109,1,-1,-1,-1
312,82,1401,671,88,112,1,-1,-1,-1
312,83,1202,699,152,108,1,-1,-1,-1
312,84,1969,730,143,151,1,-1,-1,-1
312,85,986,690,214,101,1,-1,-1,-1
313,17,1435,1233,180,168,1,-1,-1,-1
313,65,1608,700,208,140,1,-1,-1,-1
313,71,1364,686,96,136,1,-1,-1,-1
313,74,1618,717,206,113,1,-1,-1,-1
313,75,1416,685,104,116,1,-1,-1,-1
313,76,32,764,268,132,1,-1,-1,-1
313,78,1772,716,172,144,1,-1,-1,-1
313,79,1264,697,109,109,1,-1,-1,-1
313,82,1401,671,88,112,1,-1,-1,-1
313,83,1202,699,152,108,1,-1,-1,-1
313,84,1956,736,156,144,1,-1,-1,-1
313,85,1000,684,172,96,1,-1,-1,-1
314,17,1443,1243,180,168,1,-1,-1,-1
314,65,1608,700,208,140,1,-1,-1,-1
314,71,1364,685,96,136,1,-1,-1,-1
314,74,1618,717,206,113,1,-1,-1,-1
314,75,1416,684,104,116,1,-1,-1,-1
314,76,27,765,268,132,1,-1,-1,-1
314,78,1773,715,172,144,1,-1,-1,-1
314,79,1270,701,109,109,1,-1,-1,-1
314,82,1401,669,88,112,1,-1,-1,-1
314,83,1206,700,152,108,1,-1,-1,-1
314,84,1956,736,156,144,1,-1,-1,-1
314,85,993,683,172,96,1,-1,-1,-1
315,17,1445,1235,180,168,1,-1,-1,-1
315,65,1610,699,208,140,1,-1,-1,-1
315,71,1365,684,96,136,1,-1,-1,-1
315,74,1621,715,206,113,1,-1,-1,-1
315,75,1417,681,104,116,1,-1,-1,-1
315,76,20,765,268,132,1,-1,-1,-1
315,78,1774,713,172,144,1,-1,-1,-1
315,79,1273,698,109,109,1,-1,-1,-1
315,82,1401,666,88,112,1,-1,-1,-1
315,83,1207,699,152,108,1,-1,-1,-1
315,84,1957,735,156,144,1,-1,-1,-1
315,85,979,680,181,101,1,-1,-1,-1
