1,0,2200,576,264,224,1,-1,-1,-1
1,1,556,592,220,276,1,-1,-1,-1
1,2,1500,408,236,184,1,-1,-1,-1
1,3,816,832,256,248,1,-1,-1,-1
1,4,1688,208,868,816,1,-1,-1,-1
1,5,552,312,120,224,1,-1,-1,-1
1,6,1268,272,132,172,1,-1,-1,-1
1,7,360,584,188,208,1,-1,-1,-1
1,8,1072,248,160,212,1,-1,-1,-1
1,9,664,264,172,156,1,-1,-1,-1
1,10,436,1052,228,296,1,-1,-1,-1
1,11,384,440,140,192,1,-1,-1,-1
1,12,2052,600,152,204,1,-1,-1,-1
1,13,1068,672,200,224,1,-1,-1,-1
1,14,60,936,312,260,1,-1,-1,-1
1,15,1924,296,120,148,1,-1,-1,-1
1,16,1660,576,116,320,1,-1,-1,-1
1,17,148,772,200,228,1,-1,-1,-1
1,18,352,952,324,196,1,-1,-1,-1
1,19,384,856,244,156,1,-1,-1,-1
1,20,0,1200,136,236,1,-1,-1,-1
2,0,2200,575,264,224,1,-1,-1,-1
2,1,562,591,220,276,1,-1,-1,-1
2,2,1454,414,236,184,1,-1,-1,-1
2,3,817,831,256,248,1,-1,-1,-1
2,4,1668,205,868,816,1,-1,-1,-1
2,5,552,312,120,224,1,-1,-1,-1
2,6,1267,273,132,172,1,-1,-1,-1
2,7,361,584,188,208,1,-1,-1,-1
2,8,1072,248,160,212,1,-1,-1,-1
2,9,664,264,172,156,1,-1,-1,-1
2,10,436,1053,228,296,1,-1,-1,-1
2,11,383,440,140,192,1,-1,-1,-1
2,12,2051,599,152,204,1,-1,-1,-1
2,13,1067,674,200,224,1,-1,-1,-1
2,14,61,936,312,260,1,-1,-1,-1
2,15,1928,295,120,148,1,-1,-1,-1
2,16,1656,571,116,320,1,-1,-1,-1
2,17,147,773,200,228,1,-1,-1,-1
2,18,356,955,324,196,1,-1,-1,-1
2,19,386,857,244,156,1,-1,-1,-1
2,20,0,1200,136,236,1,-1,-1,-1
3,0,2201,575,264,224,1,-1,-1,-1
3,1,573,587,220,276,1,-1,-1,-1
3,2,1402,423,236,184,1,-1,-1,-1
3,3,818,831,256,248,1,-1,-1,-1
3,4,1679,207,868,816,1,-1,-1,-1
3,5,552,312,120,224,1,-1,-1,-1
3,6,1266,275,132,172,1,-1,-1,-1
3,7,363,585,188,208,1,-1,-1,-1
3,8,1073,248,160,212,1,-1,-1,-1
3,9,664,264,172,156,1,-1,-1,-1
3,10,436,1056,228,296,1,-1,-1,-1
3,11,385,439,140,192,1,-1,-1,-1
3,12,2052,599,152,204,1,-1,-1,-1
3,13,1066,676,200,224,1,-1,-1,-1
3,14,62,937,312,260,1,-1,-1,-1
3,15,1934,297,120,148,1,-1,-1,-1
3,16,1633,609,116,320,1,-1,-1,-1
3,17,144,776,200,228,1,-1,-1,-1
3,18,359,959,324,196,1,-1,-1,-1
3,19,387,858,244,156,1,-1,-1,-1
3,20,1,1200,136,236,1,-1,-1,-1
4,0,2203,579,264,224,1,-1,-1,-1
4,1,588,578,220,276,1,-1,-1,-1
4,2,1362,421,236,184,1,-1,-1,-1
4,3,819,829,256,248,1,-1,-1,-1
4,4,1654,197,906,857,1,-1,-1,-1
4,5,553,313,120,224,1,-1,-1,-1
4,6,1264,277,132,172,1,-1,-1,-1
4,7,364,585,188,208,1,-1,-1,-1
4,8,1074,250,160,212,1,-1,-1,-1
4,9,665,266,172,156,1,-1,-1,-1
4,10,435,1058,228,296,1,-1,-1,-1
4,11,388,437,140,192,1,-1,-1,-1
4,12,2053,602,152,204,1,-1,-1,-1
4,13,1070,680,190,213,1,-1,-1,-1
4,14,61,937,312,260,1,-1,-1,-1
4,15,1939,299,120,148,1,-1,-1,-1
4,16,1641,683,116,320,1,-1,-1,-1
4,17,143,777,200,228,1,-1,-1,-1
4,18,361,960,324,196,1,-1,-1,-1
4,19,390,859,244,156,1,-1,-1,-1
4,20,1,1200,136,236,1,-1,-1,-1
5,0,2203,580,264,224,1,-1,-1,-1
5,1,590,578,220,276,1,-1,-1,-1
5,2,1359,423,236,184,1,-1,-1,-1
5,3,820,828,256,248,1,-1,-1,-1
5,4,1647,195,911,857,1,-1,-1,-1
5,5,553,313,120,224,1,-1,-1,-1
5,6,1264,277,132,172,1,-1,-1,-1
5,7,365,585,188,208,1,-1,-1,-1
5,8,1076,251,160,212,1,-1,-1,-1
5,9,664,266,172,156,1,-1,-1,-1
5,10,435,1058,228,296,1,-1,-1,-1
5,11,389,436,140,192,1,-1,-1,-1
5,12,2053,602,152,204,1,-1,-1,-1
5,13,1069,680,190,213,1,-1,-1,-1
5,14,60,938,312,260,1,-1,-1,-1
5,15,1939,298,120,148,1,-1,-1,-1
5,16,1645,707,122,336,1,-1,-1,-1
5,17,143,776,200,228,1,-1,-1,-1
5,18,362,960,324,196,1,-1,-1,-1
5,19,390,859,244,156,1,-1,-1,-1
5,20,1,1200,136,236,1,-1,-1,-1
6,0,2209,588,251,213,1,-1,-1,-1
6,1,605,569,220,276,1,-1,-1,-1
6,2,1332,418,236,184,1,-1,-1,-1
6,3,820,829,256,248,1,-1,-1,-1
6,4,1600,195,957,900,1,-1,-1,-1
6,5,554,312,120,224,1,-1,-1,-1
6,6,1262,278,132,172,1,-1,-1,-1
6,7,366,585,188,208,1,-1,-1,-1
6,8,1077,251,160,212,1,-1,-1,-1
6,9,664,265,172,156,1,-1,-1,-1
6,10,433,1057,228,296,1,-1,-1,-1
6,11,392,434,140,192,1,-1,-1,-1
6,12,2054,603,152,204,1,-1,-1,-1
6,13,1066,673,190,213,1,-1,-1,-1
6,14,61,938,312,260,1,-1,-1,-1
6,15,1941,300,120,148,1,-1,-1,-1
6,16,1648,732,116,320,1,-1,-1,-1
6,17,143,776,200,228,1,-1,-1,-1
6,18,362,960,324,196,1,-1,-1,-1
6,19,391,859,244,156,1,-1,-1,-1
6,20,1,1201,136,236,1,-1,-1,-1
7,0,2210,592,251,213,1,-1,-1,-1
7,1,614,568,220,276,1,-1,-1,-1
7,2,1298,421,225,175,1,-1,-1,-1
7,3,819,829,256,248,1,-1,-1,-1
7,4,1611,197,949,900,1,-1,-1,-1
7,5,554,312,120,224,1,-1,-1,-1
7,6,1262,278,132,172,1,-1,-1,-1
7,7,371,587,188,208,1,-1,-1,-1
7,8,1077,253,160,212,1,-1,-1,-1
7,9,664,265,172,156,1,-1,-1,-1
7,10,433,1060,228,296,1,-1,-1,-1
7,11,396,431,140,192,1,-1,-1,-1
7,12,2055,608,145,194,1,-1,-1,-1
7,13,1065,661,190,213,1,-1,-1,-1
7,14,61,938,312,260,1,-1,-1,-1
7,15,1943,300,120,148,1,-1,-1,-1
7,16,1649,728,116,320,1,-1,-1,-1
7,17,142,776,200,228,1,-1,-1,-1
7,18,361,960,324,196,1,-1,-1,-1
7,19,390,859,244,156,1,-1,-1,-1
7,20,1,1201,136,236,1,-1,-1,-1
8,0,2248,619,264,224,1,-1,-1,-1
8,1,617,564,220,276,1,-1,-1,-1
8,2,1259,424,225,175,1,-1,-1,-1
8,3,819,827,256,248,1,-1,-1,-1
8,4,1656,227,904,857,1,-1,-1,-1
8,5,554,312,120,224,1,-1,-1,-1
8,6,1263,278,132,172,1,-1,-1,-1
8,7,368,582,197,218,1,-1,-1,-1
8,8,1077,256,160,212,1,-1,-1,-1
8,9,663,264,172,156,1,-1,-1,-1
8,10,432,1064,228,296,1,-1,-1,-1
8,11,397,429,140,192,1,-1,-1,-1
8,12,2084,620,138,185,1,-1,-1,-1
8,13,1022,726,190,213,1,-1,-1,-1
8,14,60,938,312,260,1,-1,-1,-1
8,15,1946,301,120,148,1,-1,-1,-1
8,17,143,773,200,228,1,-1,-1,-1
8,18,363,961,324,196,1,-1,-1,-1
8,19,389,858,244,156,1,-1,-1,-1
8,20,1,1201,136,236,1,-1,-1,-1
9,0,2248,619,264,224,1,-1,-1,-1
9,1,628,580,228,288,1,-1,-1,-1
9,2,1236,416,232,184,1,-1,-1,-1
9,3,824,780,188,284,1,-1,-1,-1
9,4,1656,227,904,857,1,-1,-1,-1
9,5,552,312,116,216,1,-1,-1,-1
9,6,1276,284,120,148,1,-1,-1,-1
9,7,360,584,220,208,1,-1,-1,-1
9,8,1092,256,132,232,1,-1,-1,-1
9,9,660,264,172,164,1,-1,-1,-1
9,10,392,1080,224,340,1,-1,-1,-1
9,11,392,448,144,160,1,-1,-1,-1
9,12,2084,620,138,185,1,-1,-1,-1
9,13,1022,726,190,213,1,-1,-1,-1
9,14,60,936,308,288,1,-1,-1,-1
9,15,1944,300,128,160,1,-1,-1,-1
9,17,148,760,192,236,1,-1,-1,-1
9,18,392,980,304,160,1,-1,-1,-1
9,19,389,858,244,156,1,-1,-1,-1
9,20,0,1196,80,232,1,-1,-1,-1
9,21,952,292,1608,936,1,-1,-1,-1
9,22,1076,664,168,96,1,-1,-1,-1
9,23,1664,356,224,140,1,-1,-1,-1
10,0,2224,601,264,224,1,-1,-1,-1
10,1,628,580,228,288,1,-1,-1,-1
10,2,1221,416,232,184,1,-1,-1,-1
10,3,815,777,188,284,1,-1,-1,-1
10,4,1652,217,908,900,1,-1,-1,-1
10,5,552,312,116,216,1,-1,-1,-1
10,6,1276,283,120,148,1,-1,-1,-1
10,7,363,585,220,208,1,-1,-1,-1
10,8,1092,256,132,232,1,-1,-1,-1
10,9,660,264,172,164,1,-1,-1,-1
10,10,388,1087,224,340,1,-1,-1,-1
10,11,392,448,144,160,1,-1,-1,-1
10,12,2058,621,138,185,1,-1,-1,-1
10,13,992,811,190,213,1,-1,-1,-1
10,14,60,936,308,288,1,-1,-1,-1
10,15,1944,301,128,160,1,-1,-1,-1
10,17,151,754,192,236,1,-1,-1,-1
10,18,394,981,304,160,1,-1,-1,-1
10,19,391,855,244,156,1,-1,-1,-1
10,20,0,1196,80,232,1,-1,-1,-1
10,21,946,317,1608,936,1,-1,-1,-1
10,22,1076,663,168,96,1,-1,-1,-1
10,23,1660,355,224,140,1,-1,-1,-1
11,0,2231,593,264,224,1,-1,-1,-1
11,1,630,579,228,288,1,-1,-1,-1
11,2,1222,417,232,184,1,-1,-1,-1
11,3,811,780,188,284,1,-1,-1,-1
11,4,1673,215,887,900,1,-1,-1,-1
11,5,552,312,116,216,1,-1,-1,-1
11,6,1277,284,120,148,1,-1,-1,-1
11,7,364,585,220,208,1,-1,-1,-1
11,8,1092,257,132,232,1,-1,-1,-1
11,9,660,265,172,164,1,-1,-1,-1
11,10,386,1088,224,340,1,-1,-1,-1
11,11,392,448,144,160,1,-1,-1,-1
11,12,2056,615,138,185,1,-1,-1,-1
11,13,989,825,190,213,1,-1,-1,-1
11,14,60,936,308,288,1,-1,-1,-1
11,15,1945,301,128,160,1,-1,-1,-1
11,17,153,752,192,236,1,-1,-1,-1
11,18,395,982,304,160,1,-1,-1,-1
11,19,391,854,244,156,1,-1,-1,-1
11,20,0,1196,80,232,1,-1,-1,-1
11,21,947,322,1608,936,1,-1,-1,-1
11,22,1076,663,168,96,1,-1,-1,-1
11,23,1660,354,224,140,1,-1,-1,-1
12,0,2203,523,264,224,1,-1,-1,-1
12,1,630,578,228,288,1,-1,-1,-1
12,2,1211,418,232,184,1,-1,-1,-1
12,3,822,766,188,284,1,-1,-1,-1
12,4,1676,236,884,900,1,-1,-1,-1
12,5,552,312,116,216,1,-1,-1,-1
12,6,1277,283,120,148,1,-1,-1,-1
12,7,366,586,220,208,1,-1,-1,-1
12,8,1092,258,132,232,1,-1,-1,-1
12,9,661,265,172,164,1,-1,-1,-1
12,10,389,1090,224,340,1,-1,-1,-1
12,11,393,448,144,160,1,-1,-1,-1
12,12,2036,647,138,185,1,-1,-1,-1
12,13,951,871,190,213,1,-1,-1,-1
12,14,59,935,308,288,1,-1,-1,-1
12,15,1946,303,128,160,1,-1,-1,-1
12,17,155,745,192,236,1,-1,-1,-1
12,18,396,981,304,160,1,-1,-1,-1
12,19,392,854,244,156,1,-1,-1,-1
12,20,0,1197,80,232,1,-1,-1,-1
12,21,932,347,1608,936,1,-1,-1,-1
12,22,1075,659,168,96,1,-1,-1,-1
12,23,1655,353,224,140,1,-1,-1,-1
13,0,2179,534,251,213,1,-1,-1,-1
13,1,629,579,228,288,1,-1,-1,-1
13,2,1195,422,232,184,1,-1,-1,-1
13,3,795,760,188,284,1,-1,-1,-1
13,4,1677,247,883,900,1,-1,-1,-1
13,5,552,313,116,216,1,-1,-1,-1
13,6,1277,282,120,148,1,-1,-1,-1
13,7,369,588,220,208,1,-1,-1,-1
13,8,1092,259,132,232,1,-1,-1,-1
13,9,661,266,172,164,1,-1,-1,-1
13,10,393,1089,224,340,1,-1,-1,-1
13,11,394,449,144,160,1,-1,-1,-1
13,12,2000,663,138,185,1,-1,-1,-1
13,13,907,916,190,213,1,-1,-1,-1
13,14,59,935,308,288,1,-1,-1,-1
13,15,1944,305,128,160,1,-1,-1,-1
13,17,161,739,192,236,1,-1,-1,-1
13,18,398,975,304,160,1,-1,-1,-1
13,19,391,853,244,156,1,-1,-1,-1
13,20,0,1196,79,232,1,-1,-1,-1
13,21,917,370,1608,936,1,-1,-1,-1
13,22,1074,657,168,96,1,-1,-1,-1
13,23,1652,352,224,140,1,-1,-1,-1
14,1,628,579,228,288,1,-1,-1,-1
14,2,1182,432,221,175,1,-1,-1,-1
14,3,800,733,188,284,1,-1,-1,-1
14,4,1647,246,913,945,1,-1,-1,-1
14,5,552,313,116,216,1,-1,-1,-1
14,6,1277,282,120,148,1,-1,-1,-1
14,7,372,593,220,208,1,-1,-1,-1
14,8,1089,259,132,232,1,-1,-1,-1
14,9,661,266,172,164,1,-1,-1,-1
14,10,384,1079,235,357,1,-1,-1,-1
14,11,394,449,144,160,1,-1,-1,-1
14,12,1981,683,138,185,1,-1,-1,-1
14,14,58,934,308,288,1,-1,-1,-1
14,15,1942,309,128,160,1,-1,-1,-1
14,17,178,721,192,236,1,-1,-1,-1
14,18,399,969,304,160,1,-1,-1,-1
14,19,391,849,244,156,1,-1,-1,-1
14,20,0,1195,79,232,1,-1,-1,-1
14,21,905,403,1608,936,1,-1,-1,-1
14,22,1073,655,168,96,1,-1,-1,-1
14,23,1650,352,224,140,1,-1,-1,-1
15,1,628,580,228,288,1,-1,-1,-1
15,2,1167,436,221,175,1,-1,-1,-1
15,3,832,678,188,284,1,-1,-1,-1
15,4,1658,256,902,945,1,-1,-1,-1
15,5,553,313,116,216,1,-1,-1,-1
15,6,1277,282,120,148,1,-1,-1,-1
15,7,375,596,220,208,1,-1,-1,-1
15,8,1085,259,132,232,1,-1,-1,-1
15,9,661,266,172,164,1,-1,-1,-1
15,10,380,1084,235,356,1,-1,-1,-1
15,11,394,448,144,160,1,-1,-1,-1
15,14,58,933,308,288,1,-1,-1,-1
15,15,1940,315,128,160,1,-1,-1,-1
15,17,185,724,192,236,1,-1,-1,-1
15,18,393,963,319,168,1,-1,-1,-1
15,19,388,847,244,156,1,-1,-1,-1
15,20,0,1193,79,232,1,-1,-1,-1
15,21,891,427,1608,936,1,-1,-1,-1
15,22,1067,650,176,101,1,-1,-1,-1
15,23,1647,352,224,140,1,-1,-1,-1
16,1,630,580,228,288,1,-1,-1,-1
16,2,1148,440,221,175,1,-1,-1,-1
16,3,828,679,188,284,1,-1,-1,-1
16,5,553,314,116,216,1,-1,-1,-1
16,6,1277,282,120,148,1,-1,-1,-1
16,7,375,599,220,208,1,-1,-1,-1
16,8,1082,258,132,232,1,-1,-1,-1
16,9,661,265,172,164,1,-1,-1,-1
16,10,362,1075,247,365,1,-1,-1,-1
16,11,395,447,144,160,1,-1,-1,-1
16,14,60,933,308,288,1,-1,-1,-1
16,15,1934,323,134,168,1,-1,-1,-1
16,17,194,727,192,236,1,-1,-1,-1
16,18,393,958,319,168,1,-1,-1,-1
16,19,387,846,244,156,1,-1,-1,-1
16,20,0,1190,78,232,1,-1,-1,-1
16,21,886,442,1608,936,1,-1,-1,-1
16,22,1064,646,176,101,1,-1,-1,-1
16,23,1644,350,224,140,1,-1,-1,-1
17,1,632,580,224,296,1,-1,-1,-1
17,2,1152,448,236,188,1,-1,-1,-1
17,3,836,700,148,212,1,-1,-1,-1
17,5,552,312,116,216,1,-1,-1,-1
17,6,1280,280,116,156,1,-1,-1,-1
17,7,376,620,232,208,1,-1,-1,-1
17,8,1092,260,112,240,1,-1,-1,-1
17,9,660,264,176,164,1,-1,-1,-1
17,10,362,1075,247,365,1,-1,-1,-1
17,11,392,444,144,180,1,-1,-1,-1
17,14,60,940,304,220,1,-1,-1,-1
17,15,1940,312,124,196,1,-1,-1,-1
17,17,192,728,168,284,1,-1,-1,-1
17,18,408,892,296,264,1,-1,-1,-1
17,19,384,848,248,160,1,-1,-1,-1
17,20,0,1180,92,252,1,-1,-1,-1
17,21,886,442,1608,936,1,-1,-1,-1
17,22,1064,646,176,101,1,-1,-1,-1
17,23,1644,348,216,192,1,-1,-1,-1
17,24,232,1152,356,268,1,-1,-1,-1
17,25,1004,644,240,228,1,-1,-1,-1
17,26,1656,580,124,124,1,-1,-1,-1
17,27,1836,492,212,132,1,-1,-1,-1
17,28,1780,256,156,132,1,-1,-1,-1
17,29,2104,240,152,156,1,-1,-1,-1
18,1,632,578,224,296,1,-1,-1,-1
18,2,1149,449,236,188,1,-1,-1,-1
18,3,833,698,148,212,1,-1,-1,-1
18,5,552,312,116,216,1,-1,-1,-1
18,6,1280,280,116,156,1,-1,-1,-1
18,7,376,619,232,208,1,-1,-1,-1
18,8,1090,260,112,240,1,-1,-1,-1
18,9,661,264,176,164,1,-1,-1,-1
18,10,355,1076,247,364,1,-1,-1,-1
18,11,393,443,144,180,1,-1,-1,-1
18,14,60,939,304,220,1,-1,-1,-1
18,15,1938,315,124,196,1,-1,-1,-1
18,17,198,727,168,284,1,-1,-1,-1
18,18,400,890,296,264,1,-1,-1,-1
18,19,382,846,248,160,1,-1,-1,-1
18,20,0,1179,91,252,1,-1,-1,-1
18,21,872,457,1608,936,1,-1,-1,-1
18,22,1065,642,176,101,1,-1,-1,-1
18,23,1639,348,216,192,1,-1,-1,-1
18,24,218,1148,356,268,1,-1,-1,-1
18,25,1003,644,240,228,1,-1,-1,-1
18,26,1655,581,124,124,1,-1,-1,-1
18,27,1831,493,212,132,1,-1,-1,-1
18,28,1779,256,156,132,1,-1,-1,-1
18,29,2104,240,152,156,1,-1,-1,-1
19,1,631,577,224,296,1,-1,-1,-1
19,2,1145,452,236,188,1,-1,-1,-1
19,3,829,697,148,212,1,-1,-1,-1
19,5,553,312,116,216,1,-1,-1,-1
19,6,1281,280,116,156,1,-1,-1,-1
19,7,377,620,232,208,1,-1,-1,-1
19,8,1089,261,112,240,1,-1,-1,-1
19,9,661,264,176,164,1,-1,-1,-1
19,10,351,1070,247,370,1,-1,-1,-1
19,11,395,441,144,180,1,-1,-1,-1
19,14,60,939,304,220,1,-1,-1,-1
19,15,1936,319,124,196,1,-1,-1,-1
19,17,204,727,168,284,1,-1,-1,-1
19,18,394,884,296,264,1,-1,-1,-1
19,19,386,846,236,152,1,-1,-1,-1
19,20,0,1180,88,252,1,-1,-1,-1
19,21,871,480,1608,936,1,-1,-1,-1
19,22,1066,642,176,101,1,-1,-1,-1
19,23,1630,346,216,192,1,-1,-1,-1
19,24,201,1139,356,268,1,-1,-1,-1
19,25,1003,644,240,228,1,-1,-1,-1
19,26,1655,583,124,124,1,-1,-1,-1
19,27,1829,495,212,132,1,-1,-1,-1
19,28,1779,257,156,132,1,-1,-1,-1
19,29,2104,240,152,156,1,-1,-1,-1
20,1,632,576,224,296,1,-1,-1,-1
20,2,1141,451,236,188,1,-1,-1,-1
20,3,826,695,148,212,1,-1,-1,-1
20,5,553,312,116,216,1,-1,-1,-1
20,6,1282,281,116,156,1,-1,-1,-1
20,7,376,621,232,208,1,-1,-1,-1
20,8,1088,261,112,240,1,-1,-1,-1
20,9,661,265,176,164,1,-1,-1,-1
20,10,347,1064,247,375,1,-1,-1,-1
20,11,397,439,144,180,1,-1,-1,-1
20,14,60,939,304,220,1,-1,-1,-1
20,15,1930,315,130,206,1,-1,-1,-1
20,17,207,729,168,284,1,-1,-1,-1
20,18,396,881,282,251,1,-1,-1,-1
20,19,381,842,236,152,1,-1,-1,-1
20,20,0,1180,84,252,1,-1,-1,-1
20,21,880,487,1608,936,1,-1,-1,-1
20,22,1067,641,176,101,1,-1,-1,-1
20,23,1615,342,216,192,1,-1,-1,-1
20,24,182,1127,374,281,1,-1,-1,-1
20,25,1004,645,240,228,1,-1,-1,-1
20,26,1656,585,124,124,1,-1,-1,-1
20,27,1822,492,223,139,1,-1,-1,-1
20,28,1779,257,156,132,1,-1,-1,-1
20,29,2104,240,152,156,1,-1,-1,-1
21,1,632,577,224,296,1,-1,-1,-1
21,2,1134,451,236,188,1,-1,-1,-1
21,3,822,698,148,212,1,-1,-1,-1
21,5,553,312,116,216,1,-1,-1,-1
21,6,1283,282,116,156,1,-1,-1,-1
21,7,377,622,232,208,1,-1,-1,-1
21,8,1088,261,112,240,1,-1,-1,-1
21,9,660,264,176,164,1,-1,-1,-1
21,10,328,1051,259,389,1,-1,-1,-1
21,11,398,440,144,180,1,-1,-1,-1
21,14,60,939,304,220,1,-1,-1,-1
21,15,1928,315,130,206,1,-1,-1,-1
21,17,209,731,168,284,1,-1,-1,-1
21,18,394,872,282,251,1,-1,-1,-1
21,19,385,839,225,145,1,-1,-1,-1
21,20,0,1180,79,252,1,-1,-1,-1
21,21,835,472,1688,968,1,-1,-1,-1
21,22,1071,646,168,96,1,-1,-1,-1
21,23,1600,339,216,192,1,-1,-1,-1
21,24,183,1127,356,268,1,-1,-1,-1
21,25,1004,645,240,228,1,-1,-1,-1
21,26,1656,586,124,124,1,-1,-1,-1
21,27,1817,487,234,146,1,-1,-1,-1
21,28,1779,257,156,132,1,-1,-1,-1
21,29,2104,240,152,156,1,-1,-1,-1
22,1,631,577,224,296,1,-1,-1,-1
22,2,1123,453,236,188,1,-1,-1,-1
22,3,816,694,155,223,1,-1,-1,-1
22,5,552,312,116,216,1,-1,-1,-1
22,6,1284,282,116,156,1,-1,-1,-1
22,7,378,622,232,208,1,-1,-1,-1
22,8,1087,262,112,240,1,-1,-1,-1
22,9,660,264,176,164,1,-1,-1,-1
22,10,293,1042,259,394,1,-1,-1,-1
22,11,398,440,144,180,1,-1,-1,-1
22,14,60,939,304,220,1,-1,-1,-1
22,15,1927,315,130,206,1,-1,-1,-1
22,17,210,728,168,284,1,-1,-1,-1
22,18,388,860,282,251,1,-1,-1,-1
22,19,382,825,225,145,1,-1,-1,-1
22,20,0,1170,77,252,1,-1,-1,-1
22,21,824,465,1688,975,1,-1,-1,-1
22,22,1071,648,168,96,1,-1,-1,-1
22,23,1583,336,216,192,1,-1,-1,-1
22,24,180,1119,356,268,1,-1,-1,-1
22,25,1005,646,240,228,1,-1,-1,-1
22,26,1658,585,124,124,1,-1,-1,-1
22,27,1818,484,234,146,1,-1,-1,-1
22,28,1780,257,156,132,1,-1,-1,-1
22,29,2104,241,152,156,1,-1,-1,-1
23,1,631,576,224,296,1,-1,-1,-1
23,2,1121,453,236,188,1,-1,-1,-1
23,3,815,694,155,223,1,-1,-1,-1
23,5,553,312,116,216,1,-1,-1,-1
23,6,1284,282,116,156,1,-1,-1,-1
23,7,378,622,232,208,1,-1,-1,-1
23,8,1086,262,112,240,1,-1,-1,-1
23,9,661,265,176,164,1,-1,-1,-1
23,10,286,1041,259,394,1,-1,-1,-1
23,11,398,439,144,180,1,-1,-1,-1
23,14,60,939,304,220,1,-1,-1,-1
23,15,1926,316,130,206,1,-1,-1,-1
23,17,210,729,168,284,1,-1,-1,-1
23,18,390,859,282,251,1,-1,-1,-1
23,19,382,828,225,145,1,-1,-1,-1
23,20,0,1200,74,240,1,-1,-1,-1
23,21,812,469,1688,971,1,-1,-1,-1
23,22,1072,648,168,96,1,-1,-1,-1
23,23,1584,334,216,192,1,-1,-1,-1
23,24,180,1117,356,268,1,-1,-1,-1
23,25,1005,645,240,228,1,-1,-1,-1
23,26,1659,585,124,124,1,-1,-1,-1
23,27,1819,483,234,146,1,-1,-1,-1
23,28,1781,257,156,132,1,-1,-1,-1
23,29,2104,240,152,156,1,-1,-1,-1
24,1,632,577,224,296,1,-1,-1,-1
24,2,1104,454,236,188,1,-1,-1,-1
24,3,813,692,155,223,1,-1,-1,-1
24,5,553,311,116,216,1,-1,-1,-1
24,6,1284,282,116,156,1,-1,-1,-1
24,7,379,622,232,208,1,-1,-1,-1
24,8,1086,263,112,240,1,-1,-1,-1
24,9,660,265,176,164,1,-1,-1,-1
24,10,276,1022,259,394,1,-1,-1,-1
24,11,398,439,144,180,1,-1,-1,-1
24,14,60,940,304,220,1,-1,-1,-1
24,15,1924,317,130,206,1,-1,-1,-1
24,17,210,729,168,284,1,-1,-1,-1
24,18,384,852,282,251,1,-1,-1,-1
24,19,379,818,225,145,1,-1,-1,-1
24,20,0,1199,74,240,1,-1,-1,-1
24,21,824,464,1688,976,1,-1,-1,-1
24,22,1073,650,168,96,1,-1,-1,-1
24,23,1578,335,216,192,1,-1,-1,-1
24,24,179,1113,356,268,1,-1,-1,-1
24,25,1007,647,240,228,1,-1,-1,-1
24,26,1659,585,124,124,1,-1,-1,-1
24,27,1822,483,234,146,1,-1,-1,-1
24,28,1783,257,156,132,1,-1,-1,-1
24,29,2105,241,152,156,1,-1,-1,-1
25,1,632,577,224,296,1,-1,-1,-1
25,2,1084,448,224,184,1,-1,-1,-1
25,3,813,692,155,223,1,-1,-1,-1
25,5,552,312,116,220,1,-1,-1,-1
25,6,1280,280,116,160,1,-1,-1,-1
25,7,368,636,272,196,1,-1,-1,-1
25,8,1084,260,124,200,1,-1,-1,-1
25,9,660,264,176,168,1,-1,-1,-1
25,10,276,1022,259,394,1,-1,-1,-1
25,11,392,440,148,192,1,-1,-1,-1
25,14,56,940,308,208,1,-1,-1,-1
25,15,1924,324,124,192,1,-1,-1,-1
25,17,220,748,160,284,1,-1,-1,-1
25,18,404,828,308,240,1,-1,-1,-1
25,19,380,812,232,176,1,-1,-1,-1
25,20,0,1199,74,240,1,-1,-1,-1
25,21,464,400,2096,904,1,-1,-1,-1
25,22,1073,650,168,96,1,-1,-1,-1
25,23,1578,335,216,192,1,-1,-1,-1
25,24,168,1104,348,288,1,-1,-1,-1
25,25,1012,656,232,232,1,-1,-1,-1
25,26,1660,576,120,140,1,-1,-1,-1
25,27,1808,500,232,136,1,-1,-1,-1
25,28,1783,257,156,132,1,-1,-1,-1
25,29,2105,241,152,156,1,-1,-1,-1
26,1,635,573,224,296,1,-1,-1,-1
26,2,1073,447,224,184,1,-1,-1,-1
26,3,812,688,155,223,1,-1,-1,-1
26,5,552,312,116,220,1,-1,-1,-1
26,6,1280,280,116,160,1,-1,-1,-1
26,7,369,637,272,196,1,-1,-1,-1
26,8,1083,259,124,200,1,-1,-1,-1
26,9,660,264,176,168,1,-1,-1,-1
26,10,267,1026,259,394,1,-1,-1,-1
26,11,393,440,148,192,1,-1,-1,-1
26,14,57,940,308,208,1,-1,-1,-1
26,15,1924,325,124,192,1,-1,-1,-1
26,17,219,748,160,284,1,-1,-1,-1
26,18,407,823,308,240,1,-1,-1,-1
26,19,381,811,232,176,1,-1,-1,-1
26,20,0,1191,73,240,1,-1,-1,-1
26,21,459,393,2096,904,1,-1,-1,-1
26,22,1072,656,168,96,1,-1,-1,-1
26,23,1570,335,216,192,1,-1,-1,-1
26,24,166,1103,348,288,1,-1,-1,-1
26,25,1013,660,232,232,1,-1,-1,-1
26,26,1661,575,120,140,1,-1,-1,-1
26,27,1808,500,232,136,1,-1,-1,-1
26,28,1783,257,156,132,1,-1,-1,-1
26,29,2105,240,152,156,1,-1,-1,-1
27,1,636,571,224,296,1,-1,-1,-1
27,2,1052,439,235,193,1,-1,-1,-1
27,3,812,681,155,223,1,-1,-1,-1
27,5,553,313,116,220,1,-1,-1,-1
27,6,1281,281,116,160,1,-1,-1,-1
27,7,370,637,272,196,1,-1,-1,-1
27,8,1084,261,124,200,1,-1,-1,-1
27,9,661,265,176,168,1,-1,-1,-1
27,10,257,1032,259,394,1,-1,-1,-1
27,11,393,439,148,192,1,-1,-1,-1
27,14,56,941,308,208,1,-1,-1,-1
27,15,1924,326,124,192,1,-1,-1,-1
27,17,218,748,160,284,1,-1,-1,-1
27,18,413,819,308,240,1,-1,-1,-1
27,19,383,811,232,176,1,-1,-1,-1
27,20,0,1218,72,222,1,-1,-1,-1
27,21,464,384,2096,904,1,-1,-1,-1
27,22,1069,661,168,96,1,-1,-1,-1
27,23,1565,334,216,192,1,-1,-1,-1
27,24,164,1107,348,288,1,-1,-1,-1
27,25,1013,665,232,232,1,-1,-1,-1
27,26,1660,570,120,140,1,-1,-1,-1
27,27,1804,499,232,136,1,-1,-1,-1
27,28,1786,258,156,132,1,-1,-1,-1
27,29,2105,240,152,156,1,-1,-1,-1
28,1,640,568,224,296,1,-1,-1,-1
28,2,1038,438,235,193,1,-1,-1,-1
28,3,815,683,155,223,1,-1,-1,-1
28,5,552,313,116,220,1,-1,-1,-1
28,6,1281,282,116,160,1,-1,-1,-1
28,7,373,636,272,196,1,-1,-1,-1
28,8,1084,261,124,200,1,-1,-1,-1
28,9,661,264,176,168,1,-1,-1,-1
28,10,244,1040,259,394,1,-1,-1,-1
28,11,394,436,148,192,1,-1,-1,-1
28,14,56,941,308,208,1,-1,-1,-1
28,15,1922,326,124,192,1,-1,-1,-1
28,17,217,748,160,284,1,-1,-1,-1
28,18,418,826,308,240,1,-1,-1,-1
28,19,387,810,232,176,1,-1,-1,-1
28,20,0,1218,78,222,1,-1,-1,-1
28,21,474,366,2086,904,1,-1,-1,-1
28,22,1067,664,168,96,1,-1,-1,-1
28,23,1560,334,216,192,1,-1,-1,-1
28,24,149,1103,365,302,1,-1,-1,-1
28,25,1013,671,221,221,1,-1,-1,-1
28,26,1656,562,120,140,1,-1,-1,-1
28,27,1796,496,232,136,1,-1,-1,-1
28,28,1789,258,156,132,1,-1,-1,-1
28,29,2105,240,152,156,1,-1,-1,-1
29,1,645,573,213,282,1,-1,-1,-1
29,2,1038,439,235,193,1,-1,-1,-1
29,3,815,683,155,223,1,-1,-1,-1
29,5,552,313,116,220,1,-1,-1,-1
29,6,1282,282,116,160,1,-1,-1,-1
29,7,373,636,272,196,1,-1,-1,-1
29,8,1084,261,124,200,1,-1,-1,-1
29,9,661,265,176,168,1,-1,-1,-1
29,10,243,1041,259,394,1,-1,-1,-1
29,11,394,436,148,192,1,-1,-1,-1
29,14,56,941,308,208,1,-1,-1,-1
29,15,1922,327,124,192,1,-1,-1,-1
29,17,217,747,160,284,1,-1,-1,-1
29,18,421,826,308,240,1,-1,-1,-1
29,19,388,809,232,176,1,-1,-1,-1
29,20,0,1219,80,221,1,-1,-1,-1
29,21,470,362,2090,904,1,-1,-1,-1
29,22,1067,665,168,96,1,-1,-1,-1
29,23,1560,335,216,192,1,-1,-1,-1
29,24,149,1106,365,302,1,-1,-1,-1
29,25,1017,672,221,221,1,-1,-1,-1
29,26,1655,561,120,140,1,-1,-1,-1
29,27,1794,498,232,136,1,-1,-1,-1
29,28,1793,261,149,126,1,-1,-1,-1
29,29,2105,240,152,156,1,-1,-1,-1
30,1,646,574,213,282,1,-1,-1,-1
30,2,1019,437,235,193,1,-1,-1,-1
30,3,829,686,155,223,1,-1,-1,-1
30,5,552,313,116,220,1,-1,-1,-1
30,6,1282,283,116,160,1,-1,-1,-1
30,7,374,632,272,196,1,-1,-1,-1
30,8,1085,261,124,200,1,-1,-1,-1
30,9,661,264,176,168,1,-1,-1,-1
30,10,246,1041,259,394,1,-1,-1,-1
30,11,392,435,148,192,1,-1,-1,-1
30,14,55,940,308,208,1,-1,-1,-1
30,15,1922,329,124,192,1,-1,-1,-1
30,17,216,746,160,284,1,-1,-1,-1
30,18,425,818,323,252,1,-1,-1,-1
30,19,392,806,232,176,1,-1,-1,-1
30,20,2,1217,83,223,1,-1,-1,-1
30,21,470,353,2090,904,1,-1,-1,-1
30,22,1064,668,168,96,1,-1,-1,-1
30,23,1554,338,216,192,1,-1,-1,-1
30,24,149,1116,348,288,1,-1,-1,-1
30,25,1019,663,210,210,1,-1,-1,-1
30,26,1658,532,120,140,1,-1,-1,-1
30,27,1788,498,232,136,1,-1,-1,-1
30,28,1794,260,149,126,1,-1,-1,-1
30,29,2105,239,152,156,1,-1,-1,-1
31,1,649,578,213,282,1,-1,-1,-1
31,2,1003,437,235,193,1,-1,-1,-1
31,3,780,757,155,223,1,-1,-1,-1
31,5,552,313,116,220,1,-1,-1,-1
31,6,1282,284,116,160,1,-1,-1,-1
31,7,375,630,272,196,1,-1,-1,-1
31,8,1085,260,124,200,1,-1,-1,-1
31,9,661,264,176,168,1,-1,-1,-1
31,10,241,1050,259,390,1,-1,-1,-1
31,11,394,432,148,192,1,-1,-1,-1
31,14,54,940,308,208,1,-1,-1,-1
31,15,1924,332,124,192,1,-1,-1,-1
31,17,215,745,160,284,1,-1,-1,-1
31,18,437,799,340,265,1,-1,-1,-1
31,19,387,800,244,185,1,-1,-1,-1
31,20,8,1217,79,218,1,-1,-1,-1
31,21,474,335,2086,904,1,-1,-1,-1
31,22,1052,678,168,96,1,-1,-1,-1
31,23,1545,340,216,192,1,-1,-1,-1
31,24,143,1119,348,288,1,-1,-1,-1
31,25,1021,680,200,200,1,-1,-1,-1
31,26,1654,514,120,140,1,-1,-1,-1
31,27,1788,498,221,130,1,-1,-1,-1
31,28,1798,258,149,126,1,-1,-1,-1
31,29,2105,240,152,156,1,-1,-1,-1
32,1,647,577,213,282,1,-1,-1,-1
32,2,991,444,224,184,1,-1,-1,-1
32,3,802,759,155,223,1,-1,-1,-1
32,5,552,312,116,220,1,-1,-1,-1
32,6,1282,285,116,160,1,-1,-1,-1
32,7,376,627,272,196,1,-1,-1,-1
32,8,1084,260,124,200,1,-1,-1,-1
32,9,661,264,176,168,1,-1,-1,-1
32,10,238,1051,259,389,1,-1,-1,-1
32,11,395,429,148,192,1,-1,-1,-1
32,14,54,939,308,208,1,-1,-1,-1
32,15,1926,339,124,192,1,-1,-1,-1
32,17,214,745,160,284,1,-1,-1,-1
32,18,469,771,340,265,1,-1,-1,-1
32,19,381,798,244,185,1,-1,-1,-1
32,20,11,1220,76,207,1,-1,-1,-1
32,21,483,304,2077,904,1,-1,-1,-1
32,22,1033,677,168,96,1,-1,-1,-1
32,23,1542,341,216,192,1,-1,-1,-1
32,24,129,1122,348,288,1,-1,-1,-1
32,25,1026,546,210,210,1,-1,-1,-1
32,26,1655,496,120,140,1,-1,-1,-1
32,27,1788,497,210,123,1,-1,-1,-1
32,28,1804,258,149,126,1,-1,-1,-1
32,29,2106,241,152,156,1,-1,-1,-1
33,1,648,564,168,208,1,-1,-1,-1
33,2,964,436,220,200,1,-1,-1,-1
33,3,802,759,155,223,1,-1,-1,-1
33,5,552,316,116,216,1,-1,-1,-1
33,6,1280,284,120,156,1,-1,-1,-1
33,7,384,616,260,180,1,-1,-1,-1
33,8,1084,260,116,220,1,-1,-1,-1
33,9,660,268,172,168,1,-1,-1,-1
33,10,238,1051,259,389,1,-1,-1,-1
33,11,412,420,116,148,1,-1,-1,-1
33,14,64,940,304,208,1,-1,-1,-1
33,15,1924,344,124,176,1,-1,-1,-1
33,17,196,744,168,252,1,-1,-1,-1
33,18,469,771,340,265,1,-1,-1,-1
33,19,381,798,244,185,1,-1,-1,-1
33,20,11,1220,76,207,1,-1,-1,-1
33,21,728,328,1828,788,1,-1,-1,-1
33,22,1033,677,168,96,1,-1,-1,-1
33,23,1542,341,216,192,1,-1,-1,-1
33,24,100,1144,364,252,1,-1,-1,-1
33,25,1026,546,210,210,1,-1,-1,-1
33,26,1655,496,120,140,1,-1,-1,-1
33,27,1788,497,210,123,1,-1,-1,-1
33,28,1804,258,149,126,1,-1,-1,-1
33,29,2106,241,152,156,1,-1,-1,-1
33,30,1816,272,192,160,1,-1,-1,-1
34,1,649,559,168,208,1,-1,-1,-1
34,2,947,436,220,200,1,-1,-1,-1
34,3,806,704,148,212,1,-1,-1,-1
34,5,552,316,116,216,1,-1,-1,-1
34,6,1280,284,120,156,1,-1,-1,-1
34,7,384,611,260,180,1,-1,-1,-1
34,8,1083,260,116,220,1,-1,-1,-1
34,9,660,267,172,168,1,-1,-1,-1
34,10,224,1057,259,383,1,-1,-1,-1
34,11,411,418,116,148,1,-1,-1,-1
34,14,66,940,304,208,1,-1,-1,-1
34,15,1925,346,124,176,1,-1,-1,-1
34,17,198,745,168,252,1,-1,-1,-1
34,18,506,741,340,265,1,-1,-1,-1
34,19,381,790,244,185,1,-1,-1,-1
34,20,8,1221,76,207,1,-1,-1,-1
34,21,750,315,1810,788,1,-1,-1,-1
34,22,955,679,168,96,1,-1,-1,-1
34,23,1524,345,227,202,1,-1,-1,-1
34,24,97,1145,364,252,1,-1,-1,-1
34,25,1061,522,210,210,1,-1,-1,-1
34,26,1643,454,120,140,1,-1,-1,-1
34,27,1820,515,210,123,1,-1,-1,-1
34,28,1820,256,149,126,1,-1,-1,-1
34,29,2106,240,152,156,1,-1,-1,-1
34,30,1821,273,192,160,1,-1,-1,-1
35,1,649,558,168,208,1,-1,-1,-1
35,2,947,437,220,200,1,-1,-1,-1
35,3,809,706,141,202,1,-1,-1,-1
35,5,552,317,116,216,1,-1,-1,-1
35,6,1280,284,120,156,1,-1,-1,-1
35,7,385,610,260,180,1,-1,-1,-1
35,8,1083,260,116,220,1,-1,-1,-1
35,9,660,267,172,168,1,-1,-1,-1
35,10,217,1060,259,380,1,-1,-1,-1
35,11,410,418,116,148,1,-1,-1,-1
35,14,66,941,304,208,1,-1,-1,-1
35,15,1926,347,124,176,1,-1,-1,-1
35,17,199,745,168,252,1,-1,-1,-1
35,18,504,743,340,265,1,-1,-1,-1
35,19,382,789,244,185,1,-1,-1,-1
35,20,7,1220,76,207,1,-1,-1,-1
35,21,748,307,1812,788,1,-1,-1,-1
35,22,944,680,176,101,1,-1,-1,-1
35,23,1523,345,227,202,1,-1,-1,-1
35,24,96,1146,364,252,1,-1,-1,-1
35,25,1075,519,210,210,1,-1,-1,-1
35,26,1645,459,114,133,1,-1,-1,-1
35,27,1838,520,200,117,1,-1,-1,-1
35,28,1822,255,149,126,1,-1,-1,-1
35,29,2107,240,152,156,1,-1,-1,-1
35,30,1822,274,192,160,1,-1,-1,-1
36,1,647,550,168,208,1,-1,-1,-1
36,2,924,432,231,210,1,-1,-1,-1
36,3,807,707,141,202,1,-1,-1,-1
36,5,552,317,116,216,1,-1,-1,-1
36,6,1280,285,120,156,1,-1,-1,-1
36,7,387,608,260,180,1,-1,-1,-1
36,8,1082,260,116,220,1,-1,-1,-1
36,9,660,267,172,168,1,-1,-1,-1
36,10,213,1057,259,383,1,-1,-1,-1
36,11,409,414,116,148,1,-1,-1,-1
36,14,68,940,304,208,1,-1,-1,-1
36,15,1928,351,124,176,1,-1,-1,-1
36,17,199,742,168,252,1,-1,-1,-1
36,18,528,736,340,265,1,-1,-1,-1
36,19,386,788,244,185,1,-1,-1,-1
36,20,3,1222,76,207,1,-1,-1,-1
36,21,783,281,1777,788,1,-1,-1,-1
36,22,918,680,176,101,1,-1,-1,-1
36,23,1518,345,227,202,1,-1,-1,-1
36,24,92,1146,364,252,1,-1,-1,-1
36,25,981,465,200,200,1,-1,-1,-1
36,26,1639,457,109,127,1,-1,-1,-1
36,27,1850,524,191,112,1,-1,-1,-1
36,28,1830,253,149,126,1,-1,-1,-1
36,29,2108,241,152,156,1,-1,-1,-1
36,30,1828,274,192,160,1,-1,-1,-1
37,1,631,538,168,208,1,-1,-1,-1
37,2,902,429,231,210,1,-1,-1,-1
37,3,790,706,141,202,1,-1,-1,-1
37,5,552,317,116,216,1,-1,-1,-1
37,6,1281,285,120,156,1,-1,-1,-1
37,7,388,604,260,180,1,-1,-1,-1
37,8,1083,260,116,220,1,-1,-1,-1
37,9,660,266,172,168,1,-1,-1,-1
37,10,214,1069,247,371,1,-1,-1,-1
37,11,408,409,116,148,1,-1,-1,-1
37,14,69,938,304,208,1,-1,-1,-1
37,15,1935,356,124,176,1,-1,-1,-1
37,17,199,742,168,252,1,-1,-1,-1
37,18,552,733,340,265,1,-1,-1,-1
37,19,395,785,244,185,1,-1,-1,-1
37,20,1,1227,76,207,1,-1,-1,-1
37,21,788,261,1772,788,1,-1,-1,-1
37,22,989,703,176,101,1,-1,-1,-1
37,23,1512,345,227,202,1,-1,-1,-1
37,24,87,1144,364,252,1,-1,-1,-1
37,26,1641,460,109,127,1,-1,-1,-1
37,27,1834,525,182,107,1,-1,-1,-1
37,28,1843,253,149,126,1,-1,-1,-1
37,29,2108,241,152,156,1,-1,-1,-1
37,30,1836,274,192,160,1,-1,-1,-1
38,1,617,540,168,208,1,-1,-1,-1
38,2,887,423,231,210,1,-1,-1,-1
38,3,763,711,141,202,1,-1,-1,-1
38,5,552,317,116,216,1,-1,-1,-1
38,6,1281,285,120,156,1,-1,-1,-1
38,7,390,600,260,180,1,-1,-1,-1
38,8,1082,258,116,220,1,-1,-1,-1
38,9,660,267,172,168,1,-1,-1,-1
38,10,190,1069,247,371,1,-1,-1,-1
38,11,404,405,116,148,1,-1,-1,-1
38,14,69,935,304,208,1,-1,-1,-1
38,15,1941,352,124,176,1,-1,-1,-1
38,17,199,741,168,252,1,-1,-1,-1
38,18,557,703,340,265,1,-1,-1,-1
38,19,407,779,244,185,1,-1,-1,-1
38,20,1,1238,72,197,1,-1,-1,-1
38,21,754,228,1806,788,1,-1,-1,-1
38,22,984,718,176,101,1,-1,-1,-1
38,23,1506,344,227,202,1,-1,-1,-1
38,24,75,1150,347,240,1,-1,-1,-1
38,28,1847,253,149,126,1,-1,-1,-1
38,29,2108,240,152,156,1,-1,-1,-1
38,30,1843,273,192,160,1,-1,-1,-1
39,1,593,536,176,218,1,-1,-1,-1
39,2,864,422,231,210,1,-1,-1,-1
39,3,744,715,141,202,1,-1,-1,-1
39,5,552,317,116,216,1,-1,-1,-1
39,6,1281,285,120,156,1,-1,-1,-1
39,7,392,597,260,180,1,-1,-1,-1
39,8,1082,258,116,220,1,-1,-1,-1
39,9,660,267,172,168,1,-1,-1,-1
39,10,179,1069,247,371,1,-1,-1,-1
39,11,403,400,116,148,1,-1,-1,-1
39,14,70,930,304,208,1,-1,-1,-1
39,15,1944,354,124,176,1,-1,-1,-1
39,17,200,740,168,252,1,-1,-1,-1
39,18,552,685,340,265,1,-1,-1,-1
39,19,419,773,244,185,1,-1,-1,-1
39,20,1,1244,72,196,1,-1,-1,-1
39,21,726,235,1828,788,1,-1,-1,-1
39,22,990,721,168,96,1,-1,-1,-1
39,23,1497,340,227,202,1,-1,-1,-1
39,24,55,1141,364,252,1,-1,-1,-1
39,28,1846,251,149,126,1,-1,-1,-1
39,29,2110,237,152,156,1,-1,-1,-1
39,30,1846,270,192,160,1,-1,-1,-1
40,1,590,518,176,218,1,-1,-1,-1
40,2,848,415,231,210,1,-1,-1,-1
40,3,732,715,141,202,1,-1,-1,-1
40,5,552,317,116,216,1,-1,-1,-1
40,6,1281,285,120,156,1,-1,-1,-1
40,7,387,586,273,189,1,-1,-1,-1
40,8,1080,256,116,220,1,-1,-1,-1
40,9,660,266,172,168,1,-1,-1,-1
40,10,167,1070,247,370,1,-1,-1,-1
40,11,401,396,116,148,1,-1,-1,-1
40,14,71,926,304,208,1,-1,-1,-1
40,15,1922,359,124,176,1,-1,-1,-1
40,17,196,734,176,265,1,-1,-1,-1
40,18,554,683,323,252,1,-1,-1,-1
40,19,430,769,244,185,1,-1,-1,-1
40,20,4,1258,72,182,1,-1,-1,-1
40,21,724,256,1828,788,1,-1,-1,-1
40,22,987,723,168,96,1,-1,-1,-1
40,23,1499,343,227,202,1,-1,-1,-1
40,24,37,1139,364,252,1,-1,-1,-1
40,28,1843,250,149,126,1,-1,-1,-1
40,29,2110,235,152,156,1,-1,-1,-1
40,30,1841,268,192,160,1,-1,-1,-1
41,1,590,518,176,218,1,-1,-1,-1
41,2,848,415,231,210,1,-1,-1,-1
41,3,732,715,141,202,1,-1,-1,-1
41,5,552,317,116,216,1,-1,-1,-1
41,6,1280,284,116,148,1,-1,-1,-1
41,7,387,586,273,189,1,-1,-1,-1
41,8,1080,256,116,220,1,-1,-1,-1
41,9,660,266,172,168,1,-1,-1,-1
41,10,167,1070,247,370,1,-1,-1,-1
41,11,401,396,116,148,1,-1,-1,-1
41,14,71,926,304,208,1,-1,-1,-1
41,15,1922,359,124,176,1,-1,-1,-1
41,17,196,734,176,265,1,-1,-1,-1
41,18,554,683,323,252,1,-1,-1,-1
41,19,430,769,244,185,1,-1,-1,-1
41,20,4,1258,72,182,1,-1,-1,-1
41,21,724,256,1828,788,1,-1,-1,-1
41,22,987,723,168,96,1,-1,-1,-1
41,23,1499,343,227,202,1,-1,-1,-1
41,24,37,1139,364,252,1,-1,-1,-1
41,28,1843,250,149,126,1,-1,-1,-1
41,29,2110,235,152,156,1,-1,-1,-1
41,30,1841,268,192,160,1,-1,-1,-1
41,31,1752,284,808,564,1,-1,-1,-1
42,1,637,491,176,218,1,-1,-1,-1
42,2,838,407,231,210,1,-1,-1,-1
42,3,730,715,141,202,1,-1,-1,-1
42,5,552,317,116,216,1,-1,-1,-1
42,6,1280,284,116,148,1,-1,-1,-1
42,7,390,583,273,189,1,-1,-1,-1
42,8,1082,258,110,210,1,-1,-1,-1
42,9,661,266,172,168,1,-1,-1,-1
42,10,160,1071,247,369,1,-1,-1,-1
42,11,400,394,116,148,1,-1,-1,-1
42,14,76,929,290,198,1,-1,-1,-1
42,15,1940,364,124,176,1,-1,-1,-1
42,17,196,736,176,265,1,-1,-1,-1
42,18,539,671,340,265,1,-1,-1,-1
42,19,436,764,244,185,1,-1,-1,-1
42,20,19,1279,69,161,1,-1,-1,-1
42,21,737,312,1741,750,1,-1,-1,-1
42,22,982,723,168,96,1,-1,-1,-1
42,23,1497,343,227,202,1,-1,-1,-1
42,24,4,1136,382,265,1,-1,-1,-1
42,28,1843,253,149,126,1,-1,-1,-1
42,29,2109,232,152,156,1,-1,-1,-1
42,30,1842,273,192,160,1,-1,-1,-1
42,31,1772,282,788,564,1,-1,-1,-1
43,1,593,508,168,208,1,-1,-1,-1
43,2,836,406,231,210,1,-1,-1,-1
43,3,730,720,141,202,1,-1,-1,-1
43,5,552,317,116,216,1,-1,-1,-1
43,6,1281,284,116,148,1,-1,-1,-1
43,7,389,582,273,189,1,-1,-1,-1
43,8,1080,261,110,210,1,-1,-1,-1
43,9,660,267,172,168,1,-1,-1,-1
43,10,155,1070,247,370,1,-1,-1,-1
43,11,398,392,116,148,1,-1,-1,-1
43,14,73,927,290,198,1,-1,-1,-1
43,15,1941,369,124,176,1,-1,-1,-1
43,17,199,736,176,265,1,-1,-1,-1
43,18,545,668,340,265,1,-1,-1,-1
43,19,449,760,244,185,1,-1,-1,-1
43,20,32,1283,69,157,1,-1,-1,-1
43,21,702,301,1828,788,1,-1,-1,-1
43,22,975,723,176,101,1,-1,-1,-1
43,23,1488,344,227,202,1,-1,-1,-1
43,24,2,1134,382,265,1,-1,-1,-1
43,28,1842,253,149,126,1,-1,-1,-1
43,29,2109,241,152,156,1,-1,-1,-1
43,30,1840,275,192,160,1,-1,-1,-1
43,31,1759,286,801,564,1,-1,-1,-1
44,2,835,407,231,210,1,-1,-1,-1
44,3,730,719,148,212,1,-1,-1,-1
44,5,551,316,116,216,1,-1,-1,-1
44,6,1281,284,116,148,1,-1,-1,-1
44,7,386,577,287,198,1,-1,-1,-1
44,8,1079,263,110,210,1,-1,-1,-1
44,9,659,265,172,168,1,-1,-1,-1
44,10,154,1072,247,368,1,-1,-1,-1
44,11,398,390,116,148,1,-1,-1,-1
44,14,67,923,290,198,1,-1,-1,-1
44,15,1940,374,124,176,1,-1,-1,-1
44,17,200,731,176,265,1,-1,-1,-1
44,18,545,669,340,265,1,-1,-1,-1
44,19,458,759,244,185,1,-1,-1,-1
44,20,36,1282,69,158,1,-1,-1,-1
44,21,702,289,1828,788,1,-1,-1,-1
44,22,968,726,176,101,1,-1,-1,-1
44,23,1480,344,227,202,1,-1,-1,-1
44,24,0,1135,382,265,1,-1,-1,-1
44,28,1842,254,149,126,1,-1,-1,-1
44,29,2108,241,152,156,1,-1,-1,-1
44,30,1840,276,192,160,1,-1,-1,-1
44,31,1745,270,808,564,1,-1,-1,-1
45,2,834,404,231,210,1,-1,-1,-1
45,3,730,715,155,223,1,-1,-1,-1
45,5,552,316,116,216,1,-1,-1,-1
45,6,1282,284,116,148,1,-1,-1,-1
45,7,384,569,287,198,1,-1,-1,-1
45,8,1081,266,110,210,1,-1,-1,-1
45,9,659,263,172,168,1,-1,-1,-1
45,10,145,1073,247,367,1,-1,-1,-1
45,11,398,388,116,148,1,-1,-1,-1
45,14,68,924,290,198,1,-1,-1,-1
45,15,1937,379,124,176,1,-1,-1,-1
45,17,205,725,168,252,1,-1,-1,-1
45,18,548,664,340,265,1,-1,-1,-1
45,19,473,742,244,185,1,-1,-1,-1
45,20,41,1286,65,154,1,-1,-1,-1
45,21,708,294,1828,788,1,-1,-1,-1
45,22,962,737,176,101,1,-1,-1,-1
45,23,1464,345,227,202,1,-1,-1,-1
45,24,1,1133,382,265,1,-1,-1,-1
45,28,1841,255,149,126,1,-1,-1,-1
45,29,2109,241,152,156,1,-1,-1,-1
45,30,1840,276,192,160,1,-1,-1,-1
45,31,1747,270,808,564,1,-1,-1,-1
46,2,840,409,220,200,1,-1,-1,-1
46,3,726,710,163,234,1,-1,-1,-1
46,5,552,316,116,216,1,-1,-1,-1
46,6,1282,284,116,148,1,-1,-1,-1
46,7,385,566,287,198,1,-1,-1,-1
46,8,1075,263,116,220,1,-1,-1,-1
46,9,659,263,172,168,1,-1,-1,-1
46,10,146,1071,247,369,1,-1,-1,-1
46,11,398,384,116,148,1,-1,-1,-1
46,14,72,924,290,198,1,-1,-1,-1
46,15,1933,384,124,176,1,-1,-1,-1
46,17,209,737,160,240,1,-1,-1,-1
46,18,554,646,340,265,1,-1,-1,-1
46,19,463,738,244,185,1,-1,-1,-1
46,21,683,283,1877,827,1,-1,-1,-1
46,22,950,756,176,101,1,-1,-1,-1
46,23,1456,343,227,202,1,-1,-1,-1
46,24,13,1139,364,252,1,-1,-1,-1
46,28,1840,255,149,126,1,-1,-1,-1
46,29,2110,242,152,156,1,-1,-1,-1
46,30,1839,276,192,160,1,-1,-1,-1
46,31,1725,258,835,592,1,-1,-1,-1
47,2,839,410,220,200,1,-1,-1,-1
47,3,726,710,163,234,1,-1,-1,-1
47,5,552,316,116,216,1,-1,-1,-1
47,6,1282,284,116,148,1,-1,-1,-1
47,7,385,565,287,198,1,-1,-1,-1
47,8,1075,265,116,220,1,-1,-1,-1
47,9,659,263,172,168,1,-1,-1,-1
47,10,146,1069,247,371,1,-1,-1,-1
47,11,396,383,116,148,1,-1,-1,-1
47,14,71,926,290,198,1,-1,-1,-1
47,15,1931,384,124,176,1,-1,-1,-1
47,17,208,737,160,240,1,-1,-1,-1
47,18,555,642,340,265,1,-1,-1,-1
47,19,463,736,244,185,1,-1,-1,-1
47,21,705,299,1855,827,1,-1,-1,-1
47,22,950,759,176,101,1,-1,-1,-1
47,23,1456,343,227,202,1,-1,-1,-1
47,24,11,1139,364,252,1,-1,-1,-1
47,28,1840,256,149,126,1,-1,-1,-1
47,29,2110,242,152,156,1,-1,-1,-1
47,30,1838,276,192,160,1,-1,-1,-1
47,31,1739,278,808,564,1,-1,-1,-1
48,2,839,410,220,200,1,-1,-1,-1
48,3,726,710,163,234,1,-1,-1,-1
48,5,552,316,116,216,1,-1,-1,-1
48,6,1282,284,116,148,1,-1,-1,-1
48,7,384,570,287,198,1,-1,-1,-1
48,8,1071,265,116,220,1,-1,-1,-1
48,9,660,264,172,168,1,-1,-1,-1
48,10,140,1061,259,379,1,-1,-1,-1
48,11,398,385,110,141,1,-1,-1,-1
48,14,76,920,290,198,1,-1,-1,-1
48,15,1928,386,124,176,1,-1,-1,-1
48,17,205,738,160,240,1,-1,-1,-1
48,18,557,636,340,265,1,-1,-1,-1
48,19,467,731,244,185,1,-1,-1,-1
48,21,674,291,1886,827,1,-1,-1,-1
48,22,943,777,168,96,1,-1,-1,-1
48,23,1456,343,227,202,1,-1,-1,-1
48,24,18,1140,364,252,1,-1,-1,-1
48,28,1839,256,149,126,1,-1,-1,-1
48,29,2109,242,152,156,1,-1,-1,-1
48,30,1838,276,192,160,1,-1,-1,-1
48,31,1747,275,808,564,1,-1,-1,-1
49,2,824,392,224,216,1,-1,-1,-1
49,3,728,700,156,316,1,-1,-1,-1
49,5,552,312,116,216,1,-1,-1,-1
49,6,1284,280,116,160,1,-1,-1,-1
49,7,384,570,287,198,1,-1,-1,-1
49,8,1040,280,152,236,1,-1,-1,-1
49,9,660,264,172,168,1,-1,-1,-1
49,10,140,1061,259,379,1,-1,-1,-1
49,11,408,388,112,148,1,-1,-1,-1
49,14,76,920,290,198,1,-1,-1,-1
49,15,1916,384,132,232,1,-1,-1,-1
49,17,205,738,160,240,1,-1,-1,-1
49,18,644,608,188,288,1,-1,-1,-1
49,19,480,708,204,280,1,-1,-1,-1
49,21,674,291,1886,827,1,-1,-1,-1
49,22,943,777,168,96,1,-1,-1,-1
49,23,1456,343,227,202,1,-1,-1,-1
49,24,32,1120,360,212,1,-1,-1,-1
49,28,1839,256,149,126,1,-1,-1,-1
49,29,2109,242,152,156,1,-1,-1,-1
49,30,1838,276,192,160,1,-1,-1,-1
49,31,1747,275,808,564,1,-1,-1,-1
49,32,2220,460,228,244,1,-1,-1,-1
49,33,928,788,176,268,1,-1,-1,-1
49,34,1828,704,152,232,1,-1,-1,-1
49,35,1780,488,152,232,1,-1,-1,-1
49,36,2056,532,128,200,1,-1,-1,-1
50,2,823,392,224,216,1,-1,-1,-1
50,3,728,699,156,316,1,-1,-1,-1
50,5,552,312,116,216,1,-1,-1,-1
50,6,1284,280,116,160,1,-1,-1,-1
50,7,389,580,287,198,1,-1,-1,-1
50,8,1040,285,152,236,1,-1,-1,-1
50,9,659,263,172,168,1,-1,-1,-1
50,10,147,1062,259,378,1,-1,-1,-1
50,11,408,387,112,148,1,-1,-1,-1
50,14,84,911,290,198,1,-1,-1,-1
50,15,1914,385,132,232,1,-1,-1,-1
50,17,208,740,152,229,1,-1,-1,-1
50,18,646,608,188,288,1,-1,-1,-1
50,19,480,704,204,280,1,-1,-1,-1
50,21,675,319,1885,827,1,-1,-1,-1
50,22,928,799,168,96,1,-1,-1,-1
50,23,1449,340,227,202,1,-1,-1,-1
50,24,33,1119,360,212,1,-1,-1,-1
50,28,1841,257,149,126,1,-1,-1,-1
50,29,2110,243,152,156,1,-1,-1,-1
50,30,1837,277,192,160,1,-1,-1,-1
50,31,1743,279,808,564,1,-1,-1,-1
50,32,2221,460,228,244,1,-1,-1,-1
50,33,927,797,176,268,1,-1,-1,-1
50,34,1820,708,152,232,1,-1,-1,-1
50,35,1779,487,152,232,1,-1,-1,-1
50,36,2056,532,128,200,1,-1,-1,-1
51,2,821,393,224,216,1,-1,-1,-1
51,3,730,698,156,316,1,-1,-1,-1
51,5,552,313,116,216,1,-1,-1,-1
51,6,1284,280,116,160,1,-1,-1,-1
51,7,396,583,287,198,1,-1,-1,-1
51,8,1039,295,152,236,1,-1,-1,-1
51,9,659,264,172,168,1,-1,-1,-1
51,10,149,1066,259,374,1,-1,-1,-1
51,11,408,386,112,148,1,-1,-1,-1
51,14,87,910,290,198,1,-1,-1,-1
51,15,1912,386,132,232,1,-1,-1,-1
51,17,212,746,145,218,1,-1,-1,-1
51,18,650,607,188,288,1,-1,-1,-1
51,19,480,700,204,280,1,-1,-1,-1
51,21,648,300,1912,827,1,-1,-1,-1
51,22,929,813,160,91,1,-1,-1,-1
51,23,1441,339,227,202,1,-1,-1,-1
51,24,35,1119,360,212,1,-1,-1,-1
51,28,1842,258,149,126,1,-1,-1,-1
51,29,2110,244,152,156,1,-1,-1,-1
51,30,1836,278,192,160,1,-1,-1,-1
51,31,1741,278,808,564,1,-1,-1,-1
51,32,2222,460,228,244,1,-1,-1,-1
51,33,925,802,176,268,1,-1,-1,-1
51,34,1806,704,160,244,1,-1,-1,-1
51,35,1778,486,152,232,1,-1,-1,-1
51,36,2057,532,128,200,1,-1,-1,-1
52,2,820,393,224,216,1,-1,-1,-1
52,3,730,699,156,316,1,-1,-1,-1
52,5,552,313,116,216,1,-1,-1,-1
52,6,1284,280,116,160,1,-1,-1,-1
52,7,400,580,287,198,1,-1,-1,-1
52,8,1040,299,152,236,1,-1,-1,-1
52,9,659,264,172,168,1,-1,-1,-1
52,10,155,1067,259,373,1,-1,-1,-1
52,11,409,383,112,148,1,-1,-1,-1
52,14,88,911,290,198,1,-1,-1,-1
52,15,1909,387,132,232,1,-1,-1,-1
52,17,217,747,145,218,1,-1,-1,-1
52,18,651,605,188,288,1,-1,-1,-1
52,19,479,697,204,280,1,-1,-1,-1
52,21,645,284,1915,827,1,-1,-1,-1
52,22,923,818,160,91,1,-1,-1,-1
52,23,1434,339,227,202,1,-1,-1,-1
52,24,37,1120,360,212,1,-1,-1,-1
52,28,1841,259,149,126,1,-1,-1,-1
52,29,2111,244,152,156,1,-1,-1,-1
52,30,1835,278,192,160,1,-1,-1,-1
52,31,1738,285,808,564,1,-1,-1,-1
52,32,2222,460,228,244,1,-1,-1,-1
52,33,924,805,176,268,1,-1,-1,-1
52,34,1779,730,160,244,1,-1,-1,-1
52,35,1777,484,152,232,1,-1,-1,-1
52,36,2058,532,128,200,1,-1,-1,-1
53,2,818,392,224,216,1,-1,-1,-1
53,3,731,700,156,316,1,-1,-1,-1
53,5,552,314,116,216,1,-1,-1,-1
53,6,1284,280,116,160,1,-1,-1,-1
53,7,401,580,287,198,1,-1,-1,-1
53,8,1039,300,152,236,1,-1,-1,-1
53,9,659,263,172,168,1,-1,-1,-1
53,10,151,1057,272,383,1,-1,-1,-1
53,11,410,382,112,148,1,-1,-1,-1
53,14,88,911,290,198,1,-1,-1,-1
53,15,1908,386,132,232,1,-1,-1,-1
53,17,217,747,145,218,1,-1,-1,-1
53,18,650,605,188,288,1,-1,-1,-1
53,19,480,696,204,280,1,-1,-1,-1
53,21,661,288,1899,827,1,-1,-1,-1
53,22,922,821,160,91,1,-1,-1,-1
53,23,1436,340,227,202,1,-1,-1,-1
53,24,38,1121,360,212,1,-1,-1,-1
53,28,1841,259,149,126,1,-1,-1,-1
53,29,2110,243,152,156,1,-1,-1,-1
53,30,1834,278,192,160,1,-1,-1,-1
53,31,1737,288,808,564,1,-1,-1,-1
53,32,2222,460,228,244,1,-1,-1,-1
53,33,924,806,176,268,1,-1,-1,-1
53,34,1770,732,160,244,1,-1,-1,-1
53,35,1773,478,160,244,1,-1,-1,-1
53,36,2058,532,128,200,1,-1,-1,-1
54,2,812,393,224,216,1,-1,-1,-1
54,3,731,696,156,316,1,-1,-1,-1
54,5,552,314,116,216,1,-1,-1,-1
54,6,1283,280,116,160,1,-1,-1,-1
54,7,403,577,287,198,1,-1,-1,-1
54,8,1038,302,152,236,1,-1,-1,-1
54,9,659,264,172,168,1,-1,-1,-1
54,10,151,1061,272,379,1,-1,-1,-1
54,11,411,378,112,148,1,-1,-1,-1
54,14,88,911,290,198,1,-1,-1,-1
54,15,1906,387,132,232,1,-1,-1,-1
54,17,213,743,145,218,1,-1,-1,-1
54,18,651,602,188,288,1,-1,-1,-1
54,19,480,693,204,280,1,-1,-1,-1
54,21,684,314,1876,827,1,-1,-1,-1
54,22,919,827,160,91,1,-1,-1,-1
54,23,1429,339,227,202,1,-1,-1,-1
54,24,39,1122,360,212,1,-1,-1,-1
54,28,1841,260,149,126,1,-1,-1,-1
54,29,2110,243,152,156,1,-1,-1,-1
54,30,1833,277,192,160,1,-1,-1,-1
54,31,1739,288,808,564,1,-1,-1,-1
54,32,2222,460,228,244,1,-1,-1,-1
54,33,924,806,176,268,1,-1,-1,-1
54,34,1762,757,160,244,1,-1,-1,-1
54,35,1773,478,160,244,1,-1,-1,-1
54,36,2059,532,128,200,1,-1,-1,-1
55,2,807,393,224,216,1,-1,-1,-1
55,3,731,696,156,316,1,-1,-1,-1
55,5,553,314,116,216,1,-1,-1,-1
55,6,1284,281,116,160,1,-1,-1,-1
55,7,395,572,301,208,1,-1,-1,-1
55,8,1040,303,152,236,1,-1,-1,-1
55,9,659,263,172,168,1,-1,-1,-1
55,10,154,1064,272,376,1,-1,-1,-1
55,11,413,375,112,148,1,-1,-1,-1
55,14,87,912,290,198,1,-1,-1,-1
55,15,1905,389,132,232,1,-1,-1,-1
55,17,215,749,145,218,1,-1,-1,-1
55,18,653,600,188,288,1,-1,-1,-1
55,19,479,687,204,280,1,-1,-1,-1
55,21,626,303,1934,869,1,-1,-1,-1
55,22,911,842,152,87,1,-1,-1,-1
55,23,1418,340,227,202,1,-1,-1,-1
55,24,39,1126,360,212,1,-1,-1,-1
55,28,1840,260,149,126,1,-1,-1,-1
55,29,2111,243,152,156,1,-1,-1,-1
55,30,1832,277,192,160,1,-1,-1,-1
55,31,1745,286,808,564,1,-1,-1,-1
55,32,2223,460,228,244,1,-1,-1,-1
55,33,923,819,176,268,1,-1,-1,-1
55,34,1753,759,160,244,1,-1,-1,-1
55,35,1773,477,160,244,1,-1,-1,-1
55,36,2060,531,128,200,1,-1,-1,-1
56,2,794,395,224,216,1,-1,-1,-1
56,3,732,695,156,316,1,-1,-1,-1
56,5,553,314,116,216,1,-1,-1,-1
56,6,1284,281,116,160,1,-1,-1,-1
56,7,395,567,301,208,1,-1,-1,-1
56,8,1036,299,160,248,1,-1,-1,-1
56,9,661,262,172,168,1,-1,-1,-1
56,10,160,1079,259,361,1,-1,-1,-1
56,11,416,374,112,148,1,-1,-1,-1
56,14,84,911,290,198,1,-1,-1,-1
56,15,1904,392,132,232,1,-1,-1,-1
56,17,214,744,152,229,1,-1,-1,-1
56,18,655,597,188,288,1,-1,-1,-1
56,19,479,682,204,280,1,-1,-1,-1
56,21,607,308,1953,869,1,-1,-1,-1
56,22,902,849,145,83,1,-1,-1,-1
56,23,1411,342,227,202,1,-1,-1,-1
56,24,39,1128,360,212,1,-1,-1,-1
56,28,1840,260,149,126,1,-1,-1,-1
56,29,2110,243,152,156,1,-1,-1,-1
56,30,1832,277,192,160,1,-1,-1,-1
56,31,1747,289,808,564,1,-1,-1,-1
56,32,2222,459,228,244,1,-1,-1,-1
56,33,914,836,176,268,1,-1,-1,-1
56,34,1732,760,168,256,1,-1,-1,-1
56,35,1777,481,152,232,1,-1,-1,-1
56,36,2061,529,128,200,1,-1,-1,-1
57,2,800,388,192,212,1,-1,-1,-1
57,3,732,695,156,316,1,-1,-1,-1
57,5,552,316,116,212,1,-1,-1,-1
57,6,1284,281,116,160,1,-1,-1,-1
57,7,395,567,301,208,1,-1,-1,-1
57,8,992,324,216,204,1,-1,-1,-1
57,9,661,262,172,168,1,-1,-1,-1
57,10,160,1079,259,361,1,-1,-1,-1
57,11,424,376,104,176,1,-1,-1,-1
57,14,84,911,290,198,1,-1,-1,-1
57,15,1908,396,124,256,1,-1,-1,-1
57,17,214,744,152,229,1,-1,-1,-1
57,18,655,597,188,288,1,-1,-1,-1
57,19,476,704,228,184,1,-1,-1,-1
57,21,607,308,1953,869,1,-1,-1,-1
57,22,902,849,145,83,1,-1,-1,-1
57,23,1411,342,227,202,1,-1,-1,-1
57,24,39,1128,360,212,1,-1,-1,-1
57,28,1840,260,149,126,1,-1,-1,-1
57,29,2110,243,152,156,1,-1,-1,-1
57,30,1832,277,192,160,1,-1,-1,-1
57,31,1747,289,808,564,1,-1,-1,-1
57,32,2222,459,228,244,1,-1,-1,-1
57,33,914,836,176,268,1,-1,-1,-1
57,34,1644,784,240,228,1,-1,-1,-1
57,35,1776,480,148,136,1,-1,-1,-1
57,36,2060,524,128,192,1,-1,-1,-1
57,37,424,556,204,152,1,-1,-1,-1
58,2,793,390,192,212,1,-1,-1,-1
58,3,732,694,156,316,1,-1,-1,-1
58,5,552,316,116,212,1,-1,-1,-1
58,6,1284,281,116,160,1,-1,-1,-1
58,7,396,560,301,208,1,-1,-1,-1
58,8,991,325,216,204,1,-1,-1,-1
58,9,663,260,172,168,1,-1,-1,-1
58,10,152,1089,259,351,1,-1,-1,-1
58,11,426,375,104,176,1,-1,-1,-1
58,14,81,910,290,198,1,-1,-1,-1
58,15,1910,401,124,256,1,-1,-1,-1
58,17,219,743,152,229,1,-1,-1,-1
58,18,656,592,188,288,1,-1,-1,-1
58,19,477,701,228,184,1,-1,-1,-1
58,21,613,303,1947,869,1,-1,-1,-1
58,22,871,863,145,83,1,-1,-1,-1
58,23,1391,346,227,202,1,-1,-1,-1
58,24,38,1129,360,212,1,-1,-1,-1
58,28,1839,261,149,126,1,-1,-1,-1
58,29,2111,243,152,156,1,-1,-1,-1
58,30,1835,278,192,160,1,-1,-1,-1
58,31,1754,286,806,564,1,-1,-1,-1
58,32,2222,459,228,244,1,-1,-1,-1
58,33,888,865,176,268,1,-1,-1,-1
58,34,1639,785,240,228,1,-1,-1,-1
58,35,1777,485,148,136,1,-1,-1,-1
58,36,2061,523,128,192,1,-1,-1,-1
58,37,423,554,204,152,1,-1,-1,-1
59,2,793,391,192,212,1,-1,-1,-1
59,3,729,687,164,332,1,-1,-1,-1
59,5,553,316,116,212,1,-1,-1,-1
59,6,1284,281,116,160,1,-1,-1,-1
59,7,397,557,301,208,1,-1,-1,-1
59,8,991,325,216,204,1,-1,-1,-1
59,9,663,260,172,168,1,-1,-1,-1
59,10,150,1088,259,352,1,-1,-1,-1
59,11,427,375,104,176,1,-1,-1,-1
59,14,82,912,290,198,1,-1,-1,-1
59,15,1911,402,124,256,1,-1,-1,-1
59,17,222,742,152,229,1,-1,-1,-1
59,18,658,590,188,288,1,-1,-1,-1
59,19,478,701,228,184,1,-1,-1,-1
59,21,628,292,1932,869,1,-1,-1,-1
59,22,875,869,138,79,1,-1,-1,-1
59,23,1388,347,227,202,1,-1,-1,-1
59,24,37,1129,360,212,1,-1,-1,-1
59,28,1839,261,149,126,1,-1,-1,-1
59,29,2110,243,152,156,1,-1,-1,-1
59,30,1836,278,192,160,1,-1,-1,-1
59,31,1748,289,808,564,1,-1,-1,-1
59,32,2222,459,228,244,1,-1,-1,-1
59,33,893,875,168,255,1,-1,-1,-1
59,34,1638,786,240,228,1,-1,-1,-1
59,35,1778,485,148,136,1,-1,-1,-1
59,36,2061,522,128,192,1,-1,-1,-1
59,37,424,554,204,152,1,-1,-1,-1
60,2,787,392,192,212,1,-1,-1,-1
60,3,729,687,164,332,1,-1,-1,-1
60,5,553,316,116,212,1,-1,-1,-1
60,6,1284,281,116,160,1,-1,-1,-1
60,7,399,557,301,208,1,-1,-1,-1
60,8,990,326,216,204,1,-1,-1,-1
60,9,666,259,172,168,1,-1,-1,-1
60,10,146,1088,259,352,1,-1,-1,-1
60,11,429,375,104,176,1,-1,-1,-1
60,14,81,909,290,198,1,-1,-1,-1
60,15,1913,410,124,256,1,-1,-1,-1
60,17,222,739,160,240,1,-1,-1,-1
60,18,657,587,188,288,1,-1,-1,-1
60,19,478,699,228,184,1,-1,-1,-1
60,21,612,281,1948,869,1,-1,-1,-1
60,22,868,874,138,79,1,-1,-1,-1
60,23,1380,347,227,202,1,-1,-1,-1
60,24,31,1128,360,212,1,-1,-1,-1
60,28,1839,261,149,126,1,-1,-1,-1
60,29,2109,243,152,156,1,-1,-1,-1
60,30,1837,279,192,160,1,-1,-1,-1
60,31,1751,288,808,564,1,-1,-1,-1
60,32,2222,459,228,244,1,-1,-1,-1
60,33,884,879,176,268,1,-1,-1,-1
60,34,1626,788,240,228,1,-1,-1,-1
60,35,1780,488,148,136,1,-1,-1,-1
60,36,2059,517,134,202,1,-1,-1,-1
60,37,425,553,204,152,1,-1,-1,-1
61,2,780,394,192,212,1,-1,-1,-1
61,3,729,686,164,332,1,-1,-1,-1
61,5,553,317,116,212,1,-1,-1,-1
61,6,1284,280,116,160,1,-1,-1,-1
61,7,403,560,287,198,1,-1,-1,-1
61,8,990,327,216,204,1,-1,-1,-1
61,9,670,257,172,168,1,-1,-1,-1
61,10,135,1091,259,349,1,-1,-1,-1
61,11,430,375,104,176,1,-1,-1,-1
61,14,81,909,290,198,1,-1,-1,-1
61,15,1915,412,130,269,1,-1,-1,-1
61,17,229,739,160,240,1,-1,-1,-1
61,18,658,585,188,288,1,-1,-1,-1
61,19,479,697,228,184,1,-1,-1,-1
61,21,649,273,1911,869,1,-1,-1,-1
61,22,857,879,138,79,1,-1,-1,-1
61,23,1374,349,227,202,1,-1,-1,-1
61,24,26,1128,360,212,1,-1,-1,-1
61,28,1840,260,149,126,1,-1,-1,-1
61,29,2110,242,152,156,1,-1,-1,-1
61,30,1838,280,192,160,1,-1,-1,-1
61,31,1752,292,808,564,1,-1,-1,-1
61,32,2223,459,228,244,1,-1,-1,-1
61,33,883,888,176,268,1,-1,-1,-1
61,34,1583,812,240,228,1,-1,-1,-1
61,35,1783,491,148,136,1,-1,-1,-1
61,36,2060,514,134,202,1,-1,-1,-1
61,37,430,549,204,152,1,-1,-1,-1
62,2,774,392,192,212,1,-1,-1,-1
62,3,726,676,172,348,1,-1,-1,-1
62,5,552,317,116,212,1,-1,-1,-1
62,6,1284,280,116,160,1,-1,-1,-1
62,7,406,559,287,198,1,-1,-1,-1
62,8,986,327,216,204,1,-1,-1,-1
62,9,673,254,172,168,1,-1,-1,-1
62,10,141,1099,247,341,1,-1,-1,-1
62,11,431,376,104,176,1,-1,-1,-1
62,14,81,909,290,198,1,-1,-1,-1
62,15,1920,417,130,269,1,-1,-1,-1
62,17,244,741,160,240,1,-1,-1,-1
62,18,660,585,188,288,1,-1,-1,-1
62,19,485,695,228,184,1,-1,-1,-1
62,21,600,293,1960,869,1,-1,-1,-1
62,22,858,886,132,75,1,-1,-1,-1
62,23,1368,351,227,202,1,-1,-1,-1
62,24,26,1129,360,212,1,-1,-1,-1
62,28,1840,260,149,126,1,-1,-1,-1
62,29,2110,242,152,156,1,-1,-1,-1
62,30,1840,280,192,160,1,-1,-1,-1
62,31,1759,290,801,564,1,-1,-1,-1
62,32,2223,458,228,244,1,-1,-1,-1
62,33,882,888,176,268,1,-1,-1,-1
62,34,1539,839,240,228,1,-1,-1,-1
62,35,1785,491,148,136,1,-1,-1,-1
62,36,2061,513,134,202,1,-1,-1,-1
62,37,438,544,204,152,1,-1,-1,-1
63,2,760,383,192,212,1,-1,-1,-1
63,3,726,676,172,348,1,-1,-1,-1
63,5,552,317,116,212,1,-1,-1,-1
63,6,1284,280,116,160,1,-1,-1,-1
63,7,411,555,287,198,1,-1,-1,-1
63,8,979,328,216,204,1,-1,-1,-1
63,9,675,253,172,168,1,-1,-1,-1
63,10,137,1100,247,340,1,-1,-1,-1
63,11,432,377,104,176,1,-1,-1,-1
63,14,81,910,290,198,1,-1,-1,-1
63,15,1925,423,130,269,1,-1,-1,-1
63,17,271,755,152,229,1,-1,-1,-1
63,18,660,581,188,288,1,-1,-1,-1
63,19,489,692,228,184,1,-1,-1,-1
63,21,630,286,1930,869,1,-1,-1,-1
63,22,855,893,132,75,1,-1,-1,-1
63,23,1361,352,227,202,1,-1,-1,-1
63,24,27,1138,360,212,1,-1,-1,-1
63,28,1841,259,149,126,1,-1,-1,-1
63,29,2111,242,152,156,1,-1,-1,-1
63,30,1840,280,192,160,1,-1,-1,-1
63,31,1758,288,802,564,1,-1,-1,-1
63,32,2223,459,228,244,1,-1,-1,-1
63,33,874,893,176,268,1,-1,-1,-1
63,34,1505,857,240,228,1,-1,-1,-1
63,35,1785,491,148,136,1,-1,-1,-1
63,36,2060,511,134,202,1,-1,-1,-1
63,37,441,542,204,152,1,-1,-1,-1
64,2,743,378,192,212,1,-1,-1,-1
64,3,730,686,164,332,1,-1,-1,-1
64,5,552,318,116,212,1,-1,-1,-1
64,6,1283,279,116,160,1,-1,-1,-1
64,7,409,551,287,198,1,-1,-1,-1
64,8,971,330,216,204,1,-1,-1,-1
64,9,678,252,172,168,1,-1,-1,-1
64,10,114,1098,247,342,1,-1,-1,-1
64,11,432,376,104,176,1,-1,-1,-1
64,14,80,909,290,198,1,-1,-1,-1
64,15,1929,427,130,269,1,-1,-1,-1
64,17,291,755,152,229,1,-1,-1,-1
64,18,660,579,188,288,1,-1,-1,-1
64,19,501,695,217,175,1,-1,-1,-1
64,21,609,291,1951,869,1,-1,-1,-1
64,22,856,902,132,75,1,-1,-1,-1
64,23,1358,353,227,202,1,-1,-1,-1
64,24,23,1132,360,212,1,-1,-1,-1
64,28,1842,259,149,126,1,-1,-1,-1
64,29,2110,242,152,156,1,-1,-1,-1
64,30,1842,280,192,160,1,-1,-1,-1
64,31,1755,291,805,564,1,-1,-1,-1
64,32,2223,459,228,244,1,-1,-1,-1
64,33,867,891,176,268,1,-1,-1,-1
64,34,1494,854,252,239,1,-1,-1,-1
64,35,1783,491,148,136,1,-1,-1,-1
64,36,2062,510,134,202,1,-1,-1,-1
64,37,449,536,204,152,1,-1,-1,-1
65,2,748,384,180,176,1,-1,-1,-1
65,3,730,686,164,332,1,-1,-1,-1
65,5,536,316,132,196,1,-1,-1,-1
65,6,1283,279,116,160,1,-1,-1,-1
65,7,409,551,287,198,1,-1,-1,-1
65,8,971,330,216,204,1,-1,-1,-1
65,9,678,252,172,168,1,-1,-1,-1
65,10,114,1098,247,342,1,-1,-1,-1
65,11,432,376,104,176,1,-1,-1,-1
65,14,152,900,216,188,1,-1,-1,-1
65,15,1929,427,130,269,1,-1,-1,-1
65,17,291,755,152,229,1,-1,-1,-1
65,18,660,579,188,288,1,-1,-1,-1
65,19,508,692,188,204,1,-1,-1,-1
65,21,609,291,1951,869,1,-1,-1,-1
65,22,856,902,132,75,1,-1,-1,-1
65,23,1358,353,227,202,1,-1,-1,-1
65,24,56,1072,268,264,1,-1,-1,-1
65,28,1842,259,149,126,1,-1,-1,-1
65,29,2110,242,152,156,1,-1,-1,-1
65,30,1842,280,192,160,1,-1,-1,-1
65,31,1755,291,805,564,1,-1,-1,-1
65,32,2223,459,228,244,1,-1,-1,-1
65,33,844,876,152,312,1,-1,-1,-1
65,34,1480,828,280,260,1,-1,-1,-1
65,35,1788,488,148,152,1,-1,-1,-1
65,36,2044,516,144,160,1,-1,-1,-1
65,37,456,524,148,164,1,-1,-1,-1
65,38,92,1352,344,84,1,-1,-1,-1
66,2,744,380,180,176,1,-1,-1,-1
66,3,730,686,164,332,1,-1,-1,-1
66,5,536,316,132,196,1,-1,-1,-1
66,6,1283,278,116,160,1,-1,-1,-1
66,7,413,549,287,198,1,-1,-1,-1
66,8,951,332,227,214,1,-1,-1,-1
66,9,680,252,172,168,1,-1,-1,-1
66,10,116,1102,235,338,1,-1,-1,-1
66,11,432,374,104,176,1,-1,-1,-1
66,14,154,899,216,188,1,-1,-1,-1
66,15,1931,429,130,269,1,-1,-1,-1
66,17,303,754,152,229,1,-1,-1,-1
66,18,658,576,188,288,1,-1,-1,-1
66,19,511,690,188,204,1,-1,-1,-1
66,21,673,312,1887,827,1,-1,-1,-1
66,22,857,914,132,75,1,-1,-1,-1
66,23,1356,354,227,202,1,-1,-1,-1
66,24,57,1070,268,264,1,-1,-1,-1
66,28,1843,259,149,126,1,-1,-1,-1
66,29,2110,242,152,156,1,-1,-1,-1
66,30,1843,280,192,160,1,-1,-1,-1
66,31,1757,296,803,564,1,-1,-1,-1
66,32,2222,459,228,244,1,-1,-1,-1
66,33,842,882,152,312,1,-1,-1,-1
66,34,1475,828,280,260,1,-1,-1,-1
66,35,1789,489,148,152,1,-1,-1,-1
66,36,2041,515,144,160,1,-1,-1,-1
66,37,457,522,148,164,1,-1,-1,-1
66,38,100,1353,344,84,1,-1,-1,-1
67,2,730,370,180,176,1,-1,-1,-1
67,3,728,687,164,332,1,-1,-1,-1
67,5,536,316,132,196,1,-1,-1,-1
67,6,1282,278,116,160,1,-1,-1,-1
67,7,414,545,287,198,1,-1,-1,-1
67,8,936,336,227,214,1,-1,-1,-1
67,9,682,251,172,168,1,-1,-1,-1
67,10,112,1102,235,338,1,-1,-1,-1
67,11,432,373,104,176,1,-1,-1,-1
67,14,154,898,216,188,1,-1,-1,-1
67,15,1934,433,130,269,1,-1,-1,-1
67,18,653,573,188,288,1,-1,-1,-1
67,19,518,687,188,204,1,-1,-1,-1
67,21,633,287,1927,869,1,-1,-1,-1
67,22,860,929,132,75,1,-1,-1,-1
67,23,1348,355,227,202,1,-1,-1,-1
67,24,56,1071,268,264,1,-1,-1,-1
67,28,1843,258,149,126,1,-1,-1,-1
67,29,2111,242,152,156,1,-1,-1,-1
67,30,1844,280,192,160,1,-1,-1,-1
67,31,1780,306,770,537,1,-1,-1,-1
67,32,2222,459,228,244,1,-1,-1,-1
67,33,836,904,152,312,1,-1,-1,-1
67,34,1472,836,267,248,1,-1,-1,-1
67,35,1790,488,148,152,1,-1,-1,-1
67,36,2033,512,144,160,1,-1,-1,-1
67,37,459,519,148,164,1,-1,-1,-1
67,38,131,1353,344,84,1,-1,-1,-1
68,2,715,354,180,176,1,-1,-1,-1
68,3,728,686,164,332,1,-1,-1,-1
68,5,537,316,132,196,1,-1,-1,-1
68,6,1281,278,116,160,1,-1,-1,-1
68,7,414,541,287,198,1,-1,-1,-1
68,8,927,333,227,214,1,-1,-1,-1
68,9,686,255,172,168,1,-1,-1,-1
68,10,110,1099,235,341,1,-1,-1,-1
68,11,432,370,104,176,1,-1,-1,-1
68,14,154,897,216,188,1,-1,-1,-1
68,15,1936,436,130,269,1,-1,-1,-1
68,18,653,573,188,288,1,-1,-1,-1
68,19,521,684,188,204,1,-1,-1,-1
68,21,700,280,1860,827,1,-1,-1,-1
68,22,861,953,132,75,1,-1,-1,-1
68,23,1339,354,227,202,1,-1,-1,-1
68,24,53,1071,268,264,1,-1,-1,-1
68,28,1843,257,149,126,1,-1,-1,-1
68,29,2110,242,152,156,1,-1,-1,-1
68,30,1845,279,192,160,1,-1,-1,-1
68,31,1781,301,770,537,1,-1,-1,-1
68,32,2222,460,228,244,1,-1,-1,-1
68,33,833,929,152,312,1,-1,-1,-1
68,34,1465,838,267,248,1,-1,-1,-1
68,35,1790,488,148,152,1,-1,-1,-1
68,36,2025,504,137,152,1,-1,-1,-1
68,37,461,513,148,164,1,-1,-1,-1
68,38,131,1352,344,84,1,-1,-1,-1
69,2,694,341,180,176,1,-1,-1,-1
69,3,730,685,164,332,1,-1,-1,-1
69,5,537,316,132,196,1,-1,-1,-1
69,6,1281,277,116,160,1,-1,-1,-1
69,7,419,535,287,198,1,-1,-1,-1
69,8,915,335,227,214,1,-1,-1,-1
69,9,693,260,172,168,1,-1,-1,-1
69,10,105,1097,235,343,1,-1,-1,-1
69,11,431,368,104,176,1,-1,-1,-1
69,14,156,897,216,188,1,-1,-1,-1
69,15,1938,442,130,269,1,-1,-1,-1
69,18,655,573,188,288,1,-1,-1,-1
69,19,528,681,188,204,1,-1,-1,-1
69,21,693,286,1867,827,1,-1,-1,-1
69,22,861,971,132,75,1,-1,-1,-1
69,23,1331,353,227,202,1,-1,-1,-1
69,24,48,1072,268,264,1,-1,-1,-1
69,28,1843,258,149,126,1,-1,-1,-1
69,29,2110,242,152,156,1,-1,-1,-1
69,30,1846,279,192,160,1,-1,-1,-1
69,31,1783,304,770,537,1,-1,-1,-1
69,32,2222,461,228,244,1,-1,-1,-1
69,33,838,941,152,312,1,-1,-1,-1
69,34,1449,845,267,248,1,-1,-1,-1
69,35,1790,488,148,152,1,-1,-1,-1
69,36,2028,498,137,152,1,-1,-1,-1
69,37,464,501,148,164,1,-1,-1,-1
69,38,153,1347,361,88,1,-1,-1,-1
70,2,684,333,180,176,1,-1,-1,-1
70,3,730,687,164,332,1,-1,-1,-1
70,5,537,315,132,196,1,-1,-1,-1
70,6,1281,277,116,160,1,-1,-1,-1
70,7,424,528,287,198,1,-1,-1,-1
70,8,910,337,227,214,1,-1,-1,-1
70,9,697,266,172,168,1,-1,-1,-1
70,10,105,1096,235,344,1,-1,-1,-1
70,11,430,365,104,176,1,-1,-1,-1
70,14,158,898,216,188,1,-1,-1,-1
70,15,1943,458,130,269,1,-1,-1,-1
70,18,657,578,188,288,1,-1,-1,-1
70,19,533,678,188,204,1,-1,-1,-1
70,21,693,301,1867,827,1,-1,-1,-1
70,22,856,986,132,75,1,-1,-1,-1
70,23,1327,353,227,202,1,-1,-1,-1
70,24,43,1071,268,264,1,-1,-1,-1
70,28,1843,258,149,126,1,-1,-1,-1
70,29,2110,243,152,156,1,-1,-1,-1
70,30,1847,280,192,160,1,-1,-1,-1
70,31,1763,285,797,564,1,-1,-1,-1
70,32,2222,463,228,244,1,-1,-1,-1
70,33,835,960,152,312,1,-1,-1,-1
70,34,1420,864,267,248,1,-1,-1,-1
70,35,1790,487,148,152,1,-1,-1,-1
70,36,2024,493,137,152,1,-1,-1,-1
70,37,465,488,148,164,1,-1,-1,-1
70,38,155,1346,361,88,1,-1,-1,-1
71,2,683,334,180,176,1,-1,-1,-1
71,3,730,686,164,332,1,-1,-1,-1
71,5,537,315,132,196,1,-1,-1,-1
71,6,1281,277,116,160,1,-1,-1,-1
71,7,428,520,287,198,1,-1,-1,-1
71,8,903,333,238,225,1,-1,-1,-1
71,9,698,268,172,168,1,-1,-1,-1
71,10,102,1095,235,345,1,-1,-1,-1
71,11,430,365,104,176,1,-1,-1,-1
71,14,157,897,216,188,1,-1,-1,-1
71,15,1946,457,130,269,1,-1,-1,-1
71,18,656,578,188,288,1,-1,-1,-1
71,19,533,677,188,204,1,-1,-1,-1
71,21,672,295,1888,827,1,-1,-1,-1
71,22,851,993,138,79,1,-1,-1,-1
71,23,1327,353,227,202,1,-1,-1,-1
71,24,42,1071,268,264,1,-1,-1,-1
71,28,1843,258,149,126,1,-1,-1,-1
71,29,2110,243,152,156,1,-1,-1,-1
71,30,1840,277,202,168,1,-1,-1,-1
71,31,1780,302,770,537,1,-1,-1,-1
71,32,2222,463,228,244,1,-1,-1,-1
71,33,834,957,152,312,1,-1,-1,-1
71,34,1417,865,267,248,1,-1,-1,-1
71,35,1790,488,148,152,1,-1,-1,-1
71,36,2023,494,137,152,1,-1,-1,-1
71,37,466,489,148,164,1,-1,-1,-1
71,38,157,1344,361,88,1,-1,-1,-1
72,2,679,333,180,176,1,-1,-1,-1
72,3,730,685,164,332,1,-1,-1,-1
72,5,537,314,132,196,1,-1,-1,-1
72,6,1281,278,116,160,1,-1,-1,-1
72,7,430,516,287,198,1,-1,-1,-1
72,8,897,331,238,225,1,-1,-1,-1
72,9,698,270,172,168,1,-1,-1,-1
72,10,98,1094,235,346,1,-1,-1,-1
72,11,428,362,104,176,1,-1,-1,-1
72,14,162,898,216,188,1,-1,-1,-1
72,15,1947,462,130,269,1,-1,-1,-1
72,18,660,580,188,288,1,-1,-1,-1
72,19,536,675,188,204,1,-1,-1,-1
72,21,638,278,1922,869,1,-1,-1,-1
72,22,843,1007,138,79,1,-1,-1,-1
72,23,1321,354,227,202,1,-1,-1,-1
72,24,38,1072,268,264,1,-1,-1,-1
72,28,1843,259,149,126,1,-1,-1,-1
72,29,2111,244,152,156,1,-1,-1,-1
72,30,1841,277,202,168,1,-1,-1,-1
72,31,1808,321,733,512,1,-1,-1,-1
72,32,2222,464,228,244,1,-1,-1,-1
72,33,837,968,145,297,1,-1,-1,-1
72,34,1403,875,267,248,1,-1,-1,-1
72,35,1790,487,148,152,1,-1,-1,-1
72,36,2020,493,137,152,1,-1,-1,-1
72,37,466,478,148,164,1,-1,-1,-1
72,38,169,1345,344,84,1,-1,-1,-1
73,2,692,340,148,172,1,-1,-1,-1
73,3,732,684,152,328,1,-1,-1,-1
73,5,544,320,128,192,1,-1,-1,-1
73,6,1281,278,116,160,1,-1,-1,-1
73,7,430,516,287,198,1,-1,-1,-1
73,8,924,332,216,188,1,-1,-1,-1
73,9,698,270,172,168,1,-1,-1,-1
73,10,98,1094,235,346,1,-1,-1,-1
73,11,432,340,124,148,1,-1,-1,-1
73,14,172,900,196,264,1,-1,-1,-1
73,15,1948,468,160,260,1,-1,-1,-1
73,18,660,580,188,288,1,-1,-1,-1
73,19,548,660,196,228,1,-1,-1,-1
73,21,638,278,1922,869,1,-1,-1,-1
73,22,843,1007,138,79,1,-1,-1,-1
73,23,1321,354,227,202,1,-1,-1,-1
73,24,36,1052,256,288,1,-1,-1,-1
73,28,1843,259,149,126,1,-1,-1,-1
73,29,2111,244,152,156,1,-1,-1,-1
73,30,1841,277,202,168,1,-1,-1,-1
73,31,1808,321,733,512,1,-1,-1,-1
73,32,2212,448,232,264,1,-1,-1,-1
73,33,800,988,204,348,1,-1,-1,-1
73,34,1376,896,300,224,1,-1,-1,-1
73,35,1796,484,140,144,1,-1,-1,-1
73,36,2020,493,137,152,1,-1,-1,-1
73,37,464,460,172,276,1,-1,-1,-1
73,38,169,1345,344,84,1,-1,-1,-1
73,39,416,820,272,236,1,-1,-1,-1
73,40,1732,604,256,204,1,-1,-1,-1
74,2,690,342,148,172,1,-1,-1,-1
74,3,734,686,152,328,1,-1,-1,-1
74,5,544,319,128,192,1,-1,-1,-1
74,6,1281,279,116,160,1,-1,-1,-1
74,7,442,510,287,198,1,-1,-1,-1
74,8,921,332,216,188,1,-1,-1,-1
74,9,696,274,172,168,1,-1,-1,-1
74,10,85,1095,235,345,1,-1,-1,-1
74,11,432,336,124,148,1,-1,-1,-1
74,14,176,901,196,264,1,-1,-1,-1
74,15,1949,471,160,260,1,-1,-1,-1
74,18,665,570,197,302,1,-1,-1,-1
74,19,552,656,196,228,1,-1,-1,-1
74,21,624,300,1936,869,1,-1,-1,-1
74,22,815,1036,145,83,1,-1,-1,-1
74,23,1314,362,216,192,1,-1,-1,-1
74,24,34,1052,256,288,1,-1,-1,-1
74,28,1843,260,149,126,1,-1,-1,-1
74,29,2110,242,152,156,1,-1,-1,-1
74,30,1840,278,202,168,1,-1,-1,-1
74,31,1805,328,733,512,1,-1,-1,-1
74,32,2212,448,232,264,1,-1,-1,-1
74,33,794,996,204,348,1,-1,-1,-1
74,34,1370,896,300,224,1,-1,-1,-1
74,35,1797,485,140,144,1,-1,-1,-1
74,36,2018,493,137,152,1,-1,-1,-1
74,37,466,456,172,276,1,-1,-1,-1
74,38,180,1342,344,84,1,-1,-1,-1
74,39,419,821,272,236,1,-1,-1,-1
74,40,1731,604,256,204,1,-1,-1,-1
75,2,692,343,148,172,1,-1,-1,-1
75,3,735,686,152,328,1,-1,-1,-1
75,5,544,318,128,192,1,-1,-1,-1
75,6,1281,280,116,160,1,-1,-1,-1
75,7,438,502,287,198,1,-1,-1,-1
75,8,918,334,216,188,1,-1,-1,-1
75,9,697,277,172,168,1,-1,-1,-1
75,10,85,1107,224,333,1,-1,-1,-1
75,11,435,332,124,148,1,-1,-1,-1
75,14,179,905,196,264,1,-1,-1,-1
75,15,1950,474,160,260,1,-1,-1,-1
75,18,668,565,197,302,1,-1,-1,-1
75,19,555,650,196,228,1,-1,-1,-1
75,21,552,284,2008,912,1,-1,-1,-1
75,22,797,1056,145,83,1,-1,-1,-1
75,23,1313,366,206,183,1,-1,-1,-1
75,24,33,1054,256,288,1,-1,-1,-1
75,28,1843,260,149,126,1,-1,-1,-1
75,29,2107,243,152,156,1,-1,-1,-1
75,30,1840,279,202,168,1,-1,-1,-1
75,31,1803,324,733,512,1,-1,-1,-1
75,32,2211,450,232,264,1,-1,-1,-1
75,33,789,1001,204,348,1,-1,-1,-1
75,34,1363,896,300,224,1,-1,-1,-1
75,35,1797,485,140,144,1,-1,-1,-1
75,36,2016,491,137,152,1,-1,-1,-1
75,37,471,451,172,276,1,-1,-1,-1
75,38,184,1340,344,84,1,-1,-1,-1
75,39,421,825,272,236,1,-1,-1,-1
75,40,1730,603,256,204,1,-1,-1,-1
76,2,698,346,148,172,1,-1,-1,-1
76,3,738,688,152,328,1,-1,-1,-1
76,5,544,318,128,192,1,-1,-1,-1
76,6,1281,281,116,160,1,-1,-1,-1
76,7,445,502,287,198,1,-1,-1,-1
76,8,913,334,216,188,1,-1,-1,-1
76,9,700,280,172,168,1,-1,-1,-1
76,10,79,1106,224,334,1,-1,-1,-1
76,11,436,325,124,148,1,-1,-1,-1
76,14,180,909,196,264,1,-1,-1,-1
76,15,1951,476,160,260,1,-1,-1,-1
76,18,669,564,197,302,1,-1,-1,-1
76,19,556,641,196,228,1,-1,-1,-1
76,21,557,272,2003,912,1,-1,-1,-1
76,22,778,1070,145,83,1,-1,-1,-1
76,23,1310,369,206,183,1,-1,-1,-1
76,24,32,1056,256,288,1,-1,-1,-1
76,28,1844,260,149,126,1,-1,-1,-1
76,29,2108,244,152,156,1,-1,-1,-1
76,30,1840,279,202,168,1,-1,-1,-1
76,31,1799,325,733,512,1,-1,-1,-1
76,32,2208,451,232,264,1,-1,-1,-1
76,33,780,1005,204,348,1,-1,-1,-1
76,34,1357,896,300,224,1,-1,-1,-1
76,35,1796,484,140,144,1,-1,-1,-1
76,36,2015,491,137,152,1,-1,-1,-1
76,37,473,447,172,276,1,-1,-1,-1
76,38,189,1339,344,84,1,-1,-1,-1
76,39,421,832,272,236,1,-1,-1,-1
76,40,1729,602,256,204,1,-1,-1,-1
77,2,700,348,148,172,1,-1,-1,-1
77,3,738,686,152,328,1,-1,-1,-1
77,5,544,317,128,192,1,-1,-1,-1
77,6,1281,281,116,160,1,-1,-1,-1
77,7,448,501,287,198,1,-1,-1,-1
77,8,912,334,216,188,1,-1,-1,-1
77,9,699,279,172,168,1,-1,-1,-1
77,10,85,1114,213,324,1,-1,-1,-1
77,11,436,325,124,148,1,-1,-1,-1
77,14,180,912,196,264,1,-1,-1,-1
77,15,1952,478,160,260,1,-1,-1,-1
77,18,668,564,197,302,1,-1,-1,-1
77,19,559,640,196,228,1,-1,-1,-1
77,21,551,280,2009,912,1,-1,-1,-1
77,22,776,1074,145,83,1,-1,-1,-1
77,23,1307,370,206,183,1,-1,-1,-1
77,24,32,1056,256,288,1,-1,-1,-1
77,28,1844,260,149,126,1,-1,-1,-1
77,29,2109,244,152,156,1,-1,-1,-1
77,30,1840,280,202,168,1,-1,-1,-1
77,31,1800,325,733,512,1,-1,-1,-1
77,32,2208,451,232,264,1,-1,-1,-1
77,33,777,1003,204,348,1,-1,-1,-1
77,34,1354,896,300,224,1,-1,-1,-1
77,35,1796,485,140,144,1,-1,-1,-1
77,36,2015,492,137,152,1,-1,-1,-1
77,37,469,439,181,290,1,-1,-1,-1
77,38,188,1337,344,84,1,-1,-1,-1
77,39,420,833,272,236,1,-1,-1,-1
77,40,1730,601,256,204,1,-1,-1,-1
78,2,701,343,148,172,1,-1,-1,-1
78,3,741,686,152,328,1,-1,-1,-1
78,5,544,317,128,192,1,-1,-1,-1
78,6,1281,282,116,160,1,-1,-1,-1
78,7,450,497,287,198,1,-1,-1,-1
78,8,907,335,216,188,1,-1,-1,-1
78,9,700,281,172,168,1,-1,-1,-1
78,10,86,1116,213,324,1,-1,-1,-1
78,11,437,319,124,148,1,-1,-1,-1
78,14,180,913,196,264,1,-1,-1,-1
78,15,1953,480,160,260,1,-1,-1,-1
78,18,670,556,197,302,1,-1,-1,-1
78,19,555,630,206,239,1,-1,-1,-1
78,21,542,275,2018,912,1,-1,-1,-1
78,22,758,1086,145,83,1,-1,-1,-1
78,23,1305,376,206,183,1,-1,-1,-1
78,24,32,1056,256,288,1,-1,-1,-1
78,28,1844,259,149,126,1,-1,-1,-1
78,29,2109,245,152,156,1,-1,-1,-1
78,30,1839,279,202,168,1,-1,-1,-1
78,31,1800,324,733,512,1,-1,-1,-1
78,32,2205,451,232,264,1,-1,-1,-1
78,33,771,1000,214,365,1,-1,-1,-1
78,34,1355,895,300,224,1,-1,-1,-1
78,35,1796,485,140,144,1,-1,-1,-1
78,36,2015,493,137,152,1,-1,-1,-1
78,37,470,438,181,290,1,-1,-1,-1
78,38,198,1338,328,80,1,-1,-1,-1
78,39,421,837,272,236,1,-1,-1,-1
78,40,1729,601,256,204,1,-1,-1,-1
79,2,693,346,148,172,1,-1,-1,-1
79,3,745,684,152,328,1,-1,-1,-1
79,5,544,317,128,192,1,-1,-1,-1
79,6,1282,281,116,160,1,-1,-1,-1
79,7,452,498,273,189,1,-1,-1,-1
79,8,900,340,216,188,1,-1,-1,-1
79,9,701,284,172,168,1,-1,-1,-1
79,10,83,1116,213,324,1,-1,-1,-1
79,11,438,312,124,148,1,-1,-1,-1
79,14,181,915,196,264,1,-1,-1,-1
79,15,1956,483,160,260,1,-1,-1,-1
79,18,672,559,197,302,1,-1,-1,-1
79,19,557,626,206,239,1,-1,-1,-1
79,21,565,283,1995,912,1,-1,-1,-1
79,22,761,1092,138,79,1,-1,-1,-1
79,23,1296,393,196,174,1,-1,-1,-1
79,24,32,1057,256,288,1,-1,-1,-1
79,28,1844,258,149,126,1,-1,-1,-1
79,29,2109,246,152,156,1,-1,-1,-1
79,30,1837,276,202,168,1,-1,-1,-1
79,31,1798,324,733,512,1,-1,-1,-1
79,32,2203,449,232,264,1,-1,-1,-1
79,33,766,992,214,365,1,-1,-1,-1
79,34,1352,899,300,224,1,-1,-1,-1
79,35,1796,484,140,144,1,-1,-1,-1
79,36,2015,493,137,152,1,-1,-1,-1
79,37,471,437,181,290,1,-1,-1,-1
79,38,201,1338,328,80,1,-1,-1,-1
79,39,421,838,272,236,1,-1,-1,-1
79,40,1728,602,256,204,1,-1,-1,-1
80,2,693,344,148,172,1,-1,-1,-1
80,3,747,685,152,328,1,-1,-1,-1
80,5,544,317,128,192,1,-1,-1,-1
80,6,1281,281,116,160,1,-1,-1,-1
80,7,457,496,273,189,1,-1,-1,-1
80,8,887,341,227,197,1,-1,-1,-1
80,9,703,287,172,168,1,-1,-1,-1
80,10,79,1115,213,324,1,-1,-1,-1
80,11,442,308,124,148,1,-1,-1,-1
80,14,185,920,196,264,1,-1,-1,-1
80,15,1960,489,160,260,1,-1,-1,-1
80,18,668,547,207,318,1,-1,-1,-1
80,19,557,621,206,239,1,-1,-1,-1
80,21,560,288,2000,912,1,-1,-1,-1
80,22,760,1095,138,79,1,-1,-1,-1
80,23,1297,394,196,174,1,-1,-1,-1
80,24,27,1054,256,288,1,-1,-1,-1
80,28,1842,258,149,126,1,-1,-1,-1
80,29,2109,246,152,156,1,-1,-1,-1
80,30,1837,275,202,168,1,-1,-1,-1
80,31,1794,324,733,512,1,-1,-1,-1
80,32,2195,448,232,264,1,-1,-1,-1
80,33,769,990,214,365,1,-1,-1,-1
80,34,1345,897,300,224,1,-1,-1,-1
80,35,1795,484,140,144,1,-1,-1,-1
80,36,2016,493,137,152,1,-1,-1,-1
80,37,471,435,181,290,1,-1,-1,-1
80,38,201,1337,328,80,1,-1,-1,-1
80,39,421,840,272,236,1,-1,-1,-1
80,40,1726,602,256,204,1,-1,-1,-1
81,2,693,344,148,172,1,-1,-1,-1
81,3,740,712,180,304,1,-1,-1,-1
81,5,552,316,116,148,1,-1,-1,-1
81,6,1280,248,116,184,1,-1,-1,-1
81,7,457,496,273,189,1,-1,-1,-1
81,8,884,372,200,212,1,-1,-1,-1
81,9,736,288,140,160,1,-1,-1,-1
81,10,79,1115,213,324,1,-1,-1,-1
81,11,440,312,136,148,1,-1,-1,-1
81,14,208,956,188,300,1,-1,-1,-1
81,15,1964,508,164,248,1,-1,-1,-1
81,18,668,547,207,318,1,-1,-1,-1
81,19,560,632,212,244,1,-1,-1,-1
81,21,560,288,2000,912,1,-1,-1,-1
81,22,760,1095,138,79,1,-1,-1,-1
81,23,1284,392,204,192,1,-1,-1,-1
81,24,24,1008,220,316,1,-1,-1,-1
81,28,1842,258,149,126,1,-1,-1,-1
81,29,2109,246,152,156,1,-1,-1,-1
81,30,1837,275,202,168,1,-1,-1,-1
81,31,1794,324,733,512,1,-1,-1,-1
81,32,2196,488,176,224,1,-1,-1,-1
81,33,769,990,214,365,1,-1,-1,-1
81,34,1368,888,252,232,1,-1,-1,-1
81,35,1795,484,140,144,1,-1,-1,-1
81,36,2016,493,137,152,1,-1,-1,-1
81,37,480,456,156,216,1,-1,-1,-1
81,38,201,1337,328,80,1,-1,-1,-1
81,39,416,844,276,276,1,-1,-1,-1
81,40,1732,604,248,208,1,-1,-1,-1
81,41,680,1108,216,320,1,-1,-1,-1
81,42,648,308,136,196,1,-1,-1,-1
81,43,2332,344,228,460,1,-1,-1,-1
81,44,812,612,292,216,1,-1,-1,-1
82,2,640,308,148,172,1,-1,-1,-1
82,3,740,712,180,304,1,-1,-1,-1
82,5,552,316,116,148,1,-1,-1,-1
82,6,1280,247,116,184,1,-1,-1,-1
82,7,457,494,273,189,1,-1,-1,-1
82,8,882,374,200,212,1,-1,-1,-1
82,9,736,288,140,160,1,-1,-1,-1
82,10,55,1105,213,324,1,-1,-1,-1
82,11,444,312,136,148,1,-1,-1,-1
82,14,208,966,188,300,1,-1,-1,-1
82,15,1970,510,164,248,1,-1,-1,-1
82,18,666,542,207,318,1,-1,-1,-1
82,19,560,631,212,244,1,-1,-1,-1
82,21,556,275,2004,912,1,-1,-1,-1
82,22,778,1087,138,79,1,-1,-1,-1
82,23,1283,393,204,192,1,-1,-1,-1
82,24,25,1003,220,316,1,-1,-1,-1
82,28,1841,258,149,126,1,-1,-1,-1
82,29,2109,247,152,156,1,-1,-1,-1
82,30,1838,276,202,168,1,-1,-1,-1
82,31,1794,330,733,512,1,-1,-1,-1
82,32,2189,487,176,224,1,-1,-1,-1
82,33,792,983,225,384,1,-1,-1,-1
82,34,1367,883,252,232,1,-1,-1,-1
82,35,1795,479,140,144,1,-1,-1,-1
82,36,1957,525,144,160,1,-1,-1,-1
82,37,480,455,156,216,1,-1,-1,-1
82,38,201,1340,328,80,1,-1,-1,-1
82,39,416,845,276,276,1,-1,-1,-1
82,40,1733,603,248,208,1,-1,-1,-1
82,41,675,1119,216,320,1,-1,-1,-1
82,42,648,306,136,196,1,-1,-1,-1
82,43,2306,342,228,460,1,-1,-1,-1
82,44,816,615,292,216,1,-1,-1,-1
83,2,639,305,148,172,1,-1,-1,-1
83,3,741,712,180,304,1,-1,-1,-1
83,5,552,317,116,148,1,-1,-1,-1
83,6,1281,248,116,184,1,-1,-1,-1
83,7,455,495,273,189,1,-1,-1,-1
83,8,881,374,200,212,1,-1,-1,-1
83,9,736,288,140,160,1,-1,-1,-1
83,10,52,1106,213,324,1,-1,-1,-1
83,11,445,312,136,148,1,-1,-1,-1
83,14,209,969,188,300,1,-1,-1,-1
83,15,1973,511,164,248,1,-1,-1,-1
83,19,561,630,212,244,1,-1,-1,-1
83,21,644,310,1916,869,1,-1,-1,-1
83,22,782,1084,138,79,1,-1,-1,-1
83,23,1283,394,204,192,1,-1,-1,-1
83,24,24,1002,220,316,1,-1,-1,-1
83,28,1841,257,149,126,1,-1,-1,-1
83,29,2110,248,152,156,1,-1,-1,-1
83,30,1836,275,202,168,1,-1,-1,-1
83,31,1796,326,733,512,1,-1,-1,-1
83,32,2188,487,176,224,1,-1,-1,-1
83,33,787,981,225,384,1,-1,-1,-1
83,34,1365,882,252,232,1,-1,-1,-1
83,35,1795,479,140,144,1,-1,-1,-1
83,36,1952,526,144,160,1,-1,-1,-1
83,37,481,456,156,216,1,-1,-1,-1
83,38,202,1342,328,80,1,-1,-1,-1
83,39,416,845,276,276,1,-1,-1,-1
83,40,1734,603,248,208,1,-1,-1,-1
83,41,673,1122,216,318,1,-1,-1,-1
83,42,649,306,136,196,1,-1,-1,-1
83,43,2304,341,228,460,1,-1,-1,-1
83,44,817,615,292,216,1,-1,-1,-1
84,2,630,294,141,164,1,-1,-1,-1
84,3,742,711,180,304,1,-1,-1,-1
84,5,552,316,116,148,1,-1,-1,-1
84,6,1280,248,116,184,1,-1,-1,-1
84,7,457,493,273,189,1,-1,-1,-1
84,8,878,376,200,212,1,-1,-1,-1
84,9,736,288,140,160,1,-1,-1,-1
84,10,49,1102,213,324,1,-1,-1,-1
84,11,449,311,136,148,1,-1,-1,-1
84,14,209,977,188,300,1,-1,-1,-1
84,15,1982,512,164,248,1,-1,-1,-1
84,19,561,629,212,244,1,-1,-1,-1
84,21,667,339,1893,827,1,-1,-1,-1
84,22,782,1088,138,79,1,-1,-1,-1
84,23,1282,395,204,192,1,-1,-1,-1
84,24,29,986,220,316,1,-1,-1,-1
84,28,1841,257,149,126,1,-1,-1,-1
84,29,2111,250,152,156,1,-1,-1,-1
84,30,1836,276,202,168,1,-1,-1,-1
84,31,1784,317,770,537,1,-1,-1,-1
84,32,2183,486,176,224,1,-1,-1,-1
84,33,791,982,225,384,1,-1,-1,-1
84,34,1364,879,252,232,1,-1,-1,-1
84,35,1797,475,140,144,1,-1,-1,-1
84,36,1965,533,137,152,1,-1,-1,-1
84,37,482,456,156,216,1,-1,-1,-1
84,38,201,1346,328,80,1,-1,-1,-1
84,39,415,847,276,276,1,-1,-1,-1
84,40,1740,597,248,208,1,-1,-1,-1
84,41,671,1126,216,314,1,-1,-1,-1
84,42,648,302,136,196,1,-1,-1,-1
84,43,2275,353,217,438,1,-1,-1,-1
84,44,820,615,292,216,1,-1,-1,-1
85,2,630,289,141,164,1,-1,-1,-1
85,3,744,711,180,304,1,-1,-1,-1
85,5,552,316,116,148,1,-1,-1,-1
85,6,1279,249,116,184,1,-1,-1,-1
85,7,458,492,273,189,1,-1,-1,-1
85,8,876,377,200,212,1,-1,-1,-1
85,9,734,288,140,160,1,-1,-1,-1
85,10,34,1077,224,340,1,-1,-1,-1
85,11,457,310,136,148,1,-1,-1,-1
85,14,208,986,188,300,1,-1,-1,-1
85,15,1991,513,164,248,1,-1,-1,-1
85,19,561,628,212,244,1,-1,-1,-1
85,21,661,332,1899,827,1,-1,-1,-1
85,22,783,1090,138,79,1,-1,-1,-1
85,23,1282,393,204,192,1,-1,-1,-1
85,24,35,957,220,316,1,-1,-1,-1
85,28,1840,256,149,126,1,-1,-1,-1
85,29,2113,249,152,156,1,-1,-1,-1
85,30,1836,276,202,168,1,-1,-1,-1
85,31,1765,305,795,564,1,-1,-1,-1
85,32,2185,486,176,224,1,-1,-1,-1
85,33,796,978,225,384,1,-1,-1,-1
85,34,1358,871,265,244,1,-1,-1,-1
85,35,1798,470,140,144,1,-1,-1,-1
85,36,1977,535,137,152,1,-1,-1,-1
85,37,482,455,156,216,1,-1,-1,-1
85,38,203,1357,328,80,1,-1,-1,-1
85,39,417,848,276,276,1,-1,-1,-1
85,40,1738,593,260,218,1,-1,-1,-1
85,41,669,1127,216,313,1,-1,-1,-1
85,42,645,297,136,196,1,-1,-1,-1
85,43,2249,350,217,438,1,-1,-1,-1
85,44,825,614,292,216,1,-1,-1,-1
86,2,630,282,141,164,1,-1,-1,-1
86,3,748,712,180,304,1,-1,-1,-1
86,5,552,316,116,148,1,-1,-1,-1
86,6,1277,250,116,184,1,-1,-1,-1
86,7,456,491,273,189,1,-1,-1,-1
86,8,874,379,200,212,1,-1,-1,-1
86,9,733,288,140,160,1,-1,-1,-1
86,10,38,1079,224,340,1,-1,-1,-1
86,11,459,310,136,148,1,-1,-1,-1
86,14,212,993,188,300,1,-1,-1,-1
86,15,1998,519,164,248,1,-1,-1,-1
86,19,561,626,212,244,1,-1,-1,-1
86,21,615,306,1945,869,1,-1,-1,-1
86,22,782,1088,145,83,1,-1,-1,-1
86,23,1281,391,204,192,1,-1,-1,-1
86,24,44,923,220,316,1,-1,-1,-1
86,28,1840,256,149,126,1,-1,-1,-1
86,29,2113,251,152,156,1,-1,-1,-1
86,30,1836,275,202,168,1,-1,-1,-1
86,31,1763,305,797,564,1,-1,-1,-1
86,32,2184,488,176,224,1,-1,-1,-1
86,33,787,970,236,403,1,-1,-1,-1
86,34,1358,871,265,244,1,-1,-1,-1
86,35,1801,473,133,137,1,-1,-1,-1
86,36,1989,543,131,145,1,-1,-1,-1
86,37,482,454,156,216,1,-1,-1,-1
86,38,211,1362,312,76,1,-1,-1,-1
86,39,417,849,276,276,1,-1,-1,-1
86,40,1741,593,260,218,1,-1,-1,-1
86,41,668,1136,216,304,1,-1,-1,-1
86,42,643,291,136,196,1,-1,-1,-1
86,43,2240,352,207,417,1,-1,-1,-1
86,44,831,614,292,216,1,-1,-1,-1
87,2,631,279,141,164,1,-1,-1,-1
87,3,748,711,180,304,1,-1,-1,-1
87,5,551,315,116,148,1,-1,-1,-1
87,6,1274,250,116,184,1,-1,-1,-1
87,7,456,488,273,189,1,-1,-1,-1
87,8,873,380,200,212,1,-1,-1,-1
87,9,733,291,140,160,1,-1,-1,-1
87,10,45,1070,224,340,1,-1,-1,-1
87,11,470,302,136,148,1,-1,-1,-1
87,14,213,1002,188,300,1,-1,-1,-1
87,15,2003,524,164,248,1,-1,-1,-1
87,19,561,623,212,244,1,-1,-1,-1
87,21,602,309,1958,869,1,-1,-1,-1
87,22,785,1088,145,83,1,-1,-1,-1
87,23,1280,389,204,192,1,-1,-1,-1
87,24,59,889,220,316,1,-1,-1,-1
87,28,1839,256,149,126,1,-1,-1,-1
87,29,2114,251,152,156,1,-1,-1,-1
87,30,1837,275,202,168,1,-1,-1,-1
87,31,1755,313,805,564,1,-1,-1,-1
87,32,2183,491,176,224,1,-1,-1,-1
87,34,1357,872,265,244,1,-1,-1,-1
87,35,1801,472,133,137,1,-1,-1,-1
87,36,1992,545,131,145,1,-1,-1,-1
87,37,481,452,156,216,1,-1,-1,-1
87,38,204,1365,328,75,1,-1,-1,-1
87,39,418,848,276,276,1,-1,-1,-1
87,40,1734,594,273,229,1,-1,-1,-1
87,41,666,1138,216,302,1,-1,-1,-1
87,42,640,289,136,196,1,-1,-1,-1
87,43,2224,347,207,417,1,-1,-1,-1
87,44,837,613,292,216,1,-1,-1,-1
88,2,633,277,141,164,1,-1,-1,-1
88,3,751,712,180,304,1,-1,-1,-1
88,5,550,314,116,148,1,-1,-1,-1
88,6,1272,251,116,184,1,-1,-1,-1
88,7,456,488,273,189,1,-1,-1,-1
88,8,872,380,200,212,1,-1,-1,-1
88,9,735,293,140,160,1,-1,-1,-1
88,10,81,1114,213,324,1,-1,-1,-1
88,11,484,298,136,148,1,-1,-1,-1
88,14,214,1004,188,300,1,-1,-1,-1
88,15,2006,526,164,248,1,-1,-1,-1
88,19,560,620,212,244,1,-1,-1,-1
88,21,601,308,1959,869,1,-1,-1,-1
88,23,1280,388,204,192,1,-1,-1,-1
88,24,122,870,231,332,1,-1,-1,-1
88,28,1838,256,149,126,1,-1,-1,-1
88,29,2114,250,152,156,1,-1,-1,-1
88,30,1835,275,202,168,1,-1,-1,-1
88,31,1756,316,804,564,1,-1,-1,-1
88,32,2179,492,176,224,1,-1,-1,-1
88,34,1356,869,265,244,1,-1,-1,-1
88,35,1803,471,133,137,1,-1,-1,-1
88,36,1991,548,137,152,1,-1,-1,-1
88,37,481,452,156,216,1,-1,-1,-1
88,38,202,1368,328,72,1,-1,-1,-1
88,39,418,849,276,276,1,-1,-1,-1
88,40,1735,586,273,229,1,-1,-1,-1
88,41,661,1140,216,300,1,-1,-1,-1
88,42,637,281,136,196,1,-1,-1,-1
88,43,2221,341,207,417,1,-1,-1,-1
88,44,845,613,292,216,1,-1,-1,-1
89,2,640,264,120,192,1,-1,-1,-1
89,3,751,712,180,304,1,-1,-1,-1
89,5,552,316,116,140,1,-1,-1,-1
89,6,1276,236,112,192,1,-1,-1,-1
89,7,456,488,273,189,1,-1,-1,-1
89,8,896,384,156,200,1,-1,-1,-1
89,9,760,288,108,180,1,-1,-1,-1
89,10,81,1114,213,324,1,-1,-1,-1
89,11,484,298,136,148,1,-1,-1,-1
89,14,188,1012,204,260,1,-1,-1,-1
89,15,1988,532,200,224,1,-1,-1,-1
89,19,560,612,224,256,1,-1,-1,-1
89,21,601,308,1959,869,1,-1,-1,-1
89,23,1280,384,200,208,1,-1,-1,-1
89,24,122,870,231,332,1,-1,-1,-1
89,28,1838,256,149,126,1,-1,-1,-1
89,29,2114,250,152,156,1,-1,-1,-1
89,30,1835,275,202,168,1,-1,-1,-1
89,31,1756,316,804,564,1,-1,-1,-1
89,32,2179,492,176,224,1,-1,-1,-1
89,34,1368,876,244,244,1,-1,-1,-1
89,35,1803,471,133,137,1,-1,-1,-1
89,36,1991,548,137,152,1,-1,-1,-1
89,37,492,432,176,184,1,-1,-1,-1
89,38,202,1368,328,72,1,-1,-1,-1
89,39,416,852,284,264,1,-1,-1,-1
89,40,1712,472,252,332,1,-1,-1,-1
89,41,628,1164,220,272,1,-1,-1,-1
89,42,637,281,136,196,1,-1,-1,-1
89,43,2221,341,207,417,1,-1,-1,-1
89,44,876,608,264,224,1,-1,-1,-1
89,45,84,816,156,292,1,-1,-1,-1
90,2,640,263,120,192,1,-1,-1,-1
90,3,755,710,180,304,1,-1,-1,-1
90,5,553,316,116,140,1,-1,-1,-1
90,6,1275,236,112,192,1,-1,-1,-1
90,7,459,487,273,189,1,-1,-1,-1
90,8,895,384,156,200,1,-1,-1,-1
90,9,761,289,108,180,1,-1,-1,-1
90,10,87,1129,203,308,1,-1,-1,-1
90,11,488,295,136,148,1,-1,-1,-1
90,14,187,1013,204,260,1,-1,-1,-1
90,15,1989,533,200,224,1,-1,-1,-1
90,19,560,612,224,256,1,-1,-1,-1
90,21,608,304,1952,869,1,-1,-1,-1
90,23,1280,384,200,208,1,-1,-1,-1
90,24,152,885,220,316,1,-1,-1,-1
90,28,1838,256,149,126,1,-1,-1,-1
90,29,2114,250,152,156,1,-1,-1,-1
90,30,1836,275,202,168,1,-1,-1,-1
90,31,1749,312,808,564,1,-1,-1,-1
90,32,2176,493,176,224,1,-1,-1,-1
90,34,1368,876,244,244,1,-1,-1,-1
90,35,1803,465,133,137,1,-1,-1,-1
90,36,1993,551,137,152,1,-1,-1,-1
90,37,496,433,176,184,1,-1,-1,-1
90,38,194,1367,344,73,1,-1,-1,-1
90,39,415,852,284,264,1,-1,-1,-1
90,40,1711,468,252,332,1,-1,-1,-1
90,41,625,1167,220,272,1,-1,-1,-1
90,42,635,282,136,196,1,-1,-1,-1
90,43,2219,339,207,417,1,-1,-1,-1
90,44,879,608,264,224,1,-1,-1,-1
90,45,102,776,156,292,1,-1,-1,-1
91,2,641,263,120,192,1,-1,-1,-1
91,3,761,710,180,304,1,-1,-1,-1
91,5,555,316,116,140,1,-1,-1,-1
91,6,1275,237,112,192,1,-1,-1,-1
91,7,462,481,273,189,1,-1,-1,-1
91,8,893,384,156,200,1,-1,-1,-1
91,9,763,290,108,180,1,-1,-1,-1
91,10,84,1127,203,308,1,-1,-1,-1
91,11,493,291,136,148,1,-1,-1,-1
91,14,186,1015,204,260,1,-1,-1,-1
91,15,1990,533,200,224,1,-1,-1,-1
91,19,560,610,224,256,1,-1,-1,-1
91,21,607,310,1953,869,1,-1,-1,-1
91,23,1279,384,200,208,1,-1,-1,-1
91,24,157,892,220,316,1,-1,-1,-1
91,28,1837,256,149,126,1,-1,-1,-1
91,29,2114,250,152,156,1,-1,-1,-1
91,30,1836,275,202,168,1,-1,-1,-1
91,31,1745,313,808,564,1,-1,-1,-1
91,32,2173,489,176,224,1,-1,-1,-1
91,34,1367,878,244,244,1,-1,-1,-1
91,35,1804,458,133,137,1,-1,-1,-1
91,36,1993,554,137,152,1,-1,-1,-1
91,37,505,431,176,184,1,-1,-1,-1
91,38,195,1368,344,72,1,-1,-1,-1
91,39,415,852,284,264,1,-1,-1,-1
91,40,1709,468,252,332,1,-1,-1,-1
91,41,618,1172,220,268,1,-1,-1,-1
91,42,635,281,136,196,1,-1,-1,-1
91,43,2213,336,207,417,1,-1,-1,-1
91,44,885,610,264,224,1,-1,-1,-1
91,45,132,755,149,278,1,-1,-1,-1
92,2,642,264,120,192,1,-1,-1,-1
92,3,764,707,180,304,1,-1,-1,-1
92,5,555,316,116,140,1,-1,-1,-1
92,6,1278,237,112,192,1,-1,-1,-1
92,7,466,480,273,189,1,-1,-1,-1
92,8,893,384,156,200,1,-1,-1,-1
92,9,765,290,108,180,1,-1,-1,-1
92,10,81,1126,203,308,1,-1,-1,-1
92,11,495,292,136,148,1,-1,-1,-1
92,14,186,1015,204,260,1,-1,-1,-1
92,15,1989,536,200,224,1,-1,-1,-1
92,19,559,610,224,256,1,-1,-1,-1
92,21,611,305,1949,869,1,-1,-1,-1
92,23,1278,383,200,208,1,-1,-1,-1
92,24,160,894,220,316,1,-1,-1,-1
92,28,1838,257,149,126,1,-1,-1,-1
92,29,2114,250,152,156,1,-1,-1,-1
92,30,1836,275,202,168,1,-1,-1,-1
92,31,1736,304,808,564,1,-1,-1,-1
92,32,2184,490,176,224,1,-1,-1,-1
92,34,1362,876,244,244,1,-1,-1,-1
92,35,1808,459,133,137,1,-1,-1,-1
92,36,1990,556,137,152,1,-1,-1,-1
92,37,510,430,176,184,1,-1,-1,-1
92,38,196,1368,344,72,1,-1,-1,-1
92,39,412,852,284,264,1,-1,-1,-1
92,40,1710,470,252,332,1,-1,-1,-1
92,41,611,1177,220,263,1,-1,-1,-1
92,42,635,281,136,196,1,-1,-1,-1
92,43,2201,335,207,417,1,-1,-1,-1
92,44,892,611,264,224,1,-1,-1,-1
92,45,155,725,149,278,1,-1,-1,-1
93,2,641,264,120,192,1,-1,-1,-1
93,3,763,699,180,304,1,-1,-1,-1
93,5,556,317,116,140,1,-1,-1,-1
93,6,1282,237,112,192,1,-1,-1,-1
93,7,469,476,273,189,1,-1,-1,-1
93,8,893,383,156,200,1,-1,-1,-1
93,9,767,291,108,180,1,-1,-1,-1
93,11,495,293,136,148,1,-1,-1,-1
93,14,185,1017,204,260,1,-1,-1,-1
93,15,1987,538,200,224,1,-1,-1,-1
93,19,559,609,224,256,1,-1,-1,-1
93,21,609,299,1951,869,1,-1,-1,-1
93,23,1275,384,200,208,1,-1,-1,-1
93,24,159,904,220,316,1,-1,-1,-1
93,28,1838,257,149,126,1,-1,-1,-1
93,29,2114,250,152,156,1,-1,-1,-1
93,30,1836,276,202,168,1,-1,-1,-1
93,31,1744,305,808,564,1,-1,-1,-1
93,32,2201,490,176,224,1,-1,-1,-1
93,34,1366,876,244,244,1,-1,-1,-1
93,35,1800,465,133,137,1,-1,-1,-1
93,36,1989,567,137,152,1,-1,-1,-1
93,37,517,431,176,184,1,-1,-1,-1
93,38,197,1369,344,71,1,-1,-1,-1
93,39,412,854,284,264,1,-1,-1,-1
93,40,1701,467,265,349,1,-1,-1,-1
93,41,603,1180,210,259,1,-1,-1,-1
93,42,635,280,136,196,1,-1,-1,-1
93,43,2188,332,207,417,1,-1,-1,-1
93,44,899,612,264,224,1,-1,-1,-1
93,45,171,701,149,278,1,-1,-1,-1
94,2,640,264,120,192,1,-1,-1,-1
94,3,763,693,180,304,1,-1,-1,-1
94,5,556,317,116,140,1,-1,-1,-1
94,6,1287,237,112,192,1,-1,-1,-1
94,7,474,475,273,189,1,-1,-1,-1
94,8,892,384,156,200,1,-1,-1,-1
94,9,771,292,108,180,1,-1,-1,-1
94,11,494,285,143,155,1,-1,-1,-1
94,14,186,1017,204,260,1,-1,-1,-1
94,15,1985,540,200,224,1,-1,-1,-1
94,19,560,610,224,256,1,-1,-1,-1
94,21,616,296,1944,869,1,-1,-1,-1
94,23,1275,386,200,208,1,-1,-1,-1
94,24,164,907,220,316,1,-1,-1,-1
94,28,1837,256,149,126,1,-1,-1,-1
94,29,2114,250,152,156,1,-1,-1,-1
94,30,1836,277,202,168,1,-1,-1,-1
94,31,1736,314,808,564,1,-1,-1,-1
94,32,2201,489,176,224,1,-1,-1,-1
94,34,1367,875,244,244,1,-1,-1,-1
94,35,1796,464,133,137,1,-1,-1,-1
94,36,1986,573,144,160,1,-1,-1,-1
94,37,525,431,176,184,1,-1,-1,-1
94,38,196,1370,344,70,1,-1,-1,-1
94,39,411,855,284,264,1,-1,-1,-1
94,40,1701,474,265,349,1,-1,-1,-1
94,41,570,1200,210,240,1,-1,-1,-1
94,42,632,282,136,196,1,-1,-1,-1
94,43,2166,313,207,417,1,-1,-1,-1
94,44,902,614,264,224,1,-1,-1,-1
94,45,196,679,149,278,1,-1,-1,-1
95,2,640,264,120,192,1,-1,-1,-1
95,3,766,694,180,304,1,-1,-1,-1
95,5,556,317,116,140,1,-1,-1,-1
95,6,1288,237,112,192,1,-1,-1,-1
95,7,476,475,273,189,1,-1,-1,-1
95,8,892,384,156,200,1,-1,-1,-1
95,9,771,292,108,180,1,-1,-1,-1
95,11,495,285,143,155,1,-1,-1,-1
95,14,186,1017,204,260,1,-1,-1,-1
95,15,1985,540,200,224,1,-1,-1,-1
95,19,560,609,224,256,1,-1,-1,-1
95,21,616,291,1944,869,1,-1,-1,-1
95,23,1269,381,210,218,1,-1,-1,-1
95,24,166,914,220,316,1,-1,-1,-1
95,28,1837,256,149,126,1,-1,-1,-1
95,29,2113,251,152,156,1,-1,-1,-1
95,30,1836,277,202,168,1,-1,-1,-1
95,31,1743,316,808,564,1,-1,-1,-1
95,32,2202,490,176,224,1,-1,-1,-1
95,34,1367,875,244,244,1,-1,-1,-1
95,35,1796,464,133,137,1,-1,-1,-1
95,36,1983,577,144,160,1,-1,-1,-1
95,37,526,430,176,184,1,-1,-1,-1
95,38,194,1371,344,69,1,-1,-1,-1
95,39,411,855,284,264,1,-1,-1,-1
95,40,1699,476,265,349,1,-1,-1,-1
95,41,569,1201,210,239,1,-1,-1,-1
95,42,632,280,136,196,1,-1,-1,-1
95,43,2164,314,207,417,1,-1,-1,-1
95,44,902,614,264,224,1,-1,-1,-1
95,45,199,682,149,278,1,-1,-1,-1
96,2,639,265,120,192,1,-1,-1,-1
96,3,769,690,180,304,1,-1,-1,-1
96,5,555,318,116,140,1,-1,-1,-1
96,6,1293,236,112,192,1,-1,-1,-1
96,7,479,473,273,189,1,-1,-1,-1
96,8,889,385,156,200,1,-1,-1,-1
96,9,771,293,108,180,1,-1,-1,-1
96,11,498,284,143,155,1,-1,-1,-1
96,14,187,1017,204,260,1,-1,-1,-1
96,15,1985,541,200,224,1,-1,-1,-1
96,19,562,608,224,256,1,-1,-1,-1
96,21,650,296,1910,869,1,-1,-1,-1
96,23,1266,383,210,218,1,-1,-1,-1
96,24,169,910,220,316,1,-1,-1,-1
96,28,1838,256,149,126,1,-1,-1,-1
96,29,2114,250,152,156,1,-1,-1,-1
96,30,1839,276,202,168,1,-1,-1,-1
96,31,1742,304,808,564,1,-1,-1,-1
96,32,2190,486,176,224,1,-1,-1,-1
96,34,1367,875,244,244,1,-1,-1,-1
96,35,1791,465,133,137,1,-1,-1,-1
96,36,1980,574,144,160,1,-1,-1,-1
96,37,536,426,176,184,1,-1,-1,-1
96,38,195,1371,344,69,1,-1,-1,-1
96,39,411,855,284,264,1,-1,-1,-1
96,40,1702,478,265,349,1,-1,-1,-1
96,41,551,1227,200,213,1,-1,-1,-1
96,42,631,280,136,196,1,-1,-1,-1
96,43,2141,297,217,438,1,-1,-1,-1
96,44,900,618,264,224,1,-1,-1,-1
96,45,217,668,141,265,1,-1,-1,-1
97,2,632,260,120,172,1,-1,-1,-1
97,3,769,690,180,304,1,-1,-1,-1
97,5,552,320,120,140,1,-1,-1,-1
97,6,1304,224,108,208,1,-1,-1,-1
97,7,479,473,273,189,1,-1,-1,-1
97,8,889,385,156,200,1,-1,-1,-1
97,9,776,296,104,172,1,-1,-1,-1
97,11,498,284,143,155,1,-1,-1,-1
97,14,180,1020,208,252,1,-1,-1,-1
97,15,1985,541,200,224,1,-1,-1,-1
97,19,562,608,224,256,1,-1,-1,-1
97,21,650,296,1910,869,1,-1,-1,-1
97,23,1208,396,264,196,1,-1,-1,-1
97,24,169,910,220,316,1,-1,-1,-1
97,28,1838,256,149,126,1,-1,-1,-1
97,29,2114,250,152,156,1,-1,-1,-1
97,30,1839,276,202,168,1,-1,-1,-1
97,31,1742,304,808,564,1,-1,-1,-1
97,32,2190,486,176,224,1,-1,-1,-1
97,34,1392,864,204,252,1,-1,-1,-1
97,35,1788,448,140,160,1,-1,-1,-1
97,36,1980,574,144,160,1,-1,-1,-1
97,37,536,426,176,184,1,-1,-1,-1
97,38,195,1371,344,69,1,-1,-1,-1
97,39,420,856,272,260,1,-1,-1,-1
97,40,1732,576,244,208,1,-1,-1,-1
97,41,548,1236,224,200,1,-1,-1,-1
97,42,631,280,136,196,1,-1,-1,-1
97,43,2141,297,217,438,1,-1,-1,-1
97,44,900,618,264,224,1,-1,-1,-1
97,45,220,664,180,324,1,-1,-1,-1
97,46,788,676,276,240,1,-1,-1,-1
97,47,776,384,244,192,1,-1,-1,-1
97,48,2272,544,144,152,1,-1,-1,-1
97,49,1992,492,172,128,1,-1,-1,-1
97,50,732,452,212,208,1,-1,-1,-1
98,2,632,260,120,172,1,-1,-1,-1
98,3,778,688,180,304,1,-1,-1,-1
98,5,552,320,120,140,1,-1,-1,-1
98,6,1307,223,108,208,1,-1,-1,-1
98,7,492,470,273,189,1,-1,-1,-1
98,8,851,387,156,200,1,-1,-1,-1
98,9,774,295,104,172,1,-1,-1,-1
98,11,496,279,143,155,1,-1,-1,-1
98,14,180,1022,208,252,1,-1,-1,-1
98,15,1978,534,210,235,1,-1,-1,-1
98,19,578,603,224,256,1,-1,-1,-1
98,21,626,280,1934,869,1,-1,-1,-1
98,23,1207,396,264,196,1,-1,-1,-1
98,24,172,911,220,316,1,-1,-1,-1
98,28,1841,252,149,126,1,-1,-1,-1
98,29,2113,248,152,156,1,-1,-1,-1
98,30,1843,272,202,168,1,-1,-1,-1
98,31,1739,306,808,564,1,-1,-1,-1
98,32,2211,494,176,224,1,-1,-1,-1
98,34,1392,864,204,252,1,-1,-1,-1
98,35,1788,448,140,160,1,-1,-1,-1
98,36,1979,567,144,160,1,-1,-1,-1
98,37,550,424,176,184,1,-1,-1,-1
98,38,194,1371,344,69,1,-1,-1,-1
98,39,421,856,272,260,1,-1,-1,-1
98,40,1735,578,244,208,1,-1,-1,-1
98,41,545,1240,224,200,1,-1,-1,-1
98,42,628,281,136,196,1,-1,-1,-1
98,43,2150,431,217,438,1,-1,-1,-1
98,44,905,622,264,224,1,-1,-1,-1
98,45,223,659,180,324,1,-1,-1,-1
98,46,791,677,276,240,1,-1,-1,-1
98,47,771,386,244,192,1,-1,-1,-1
98,48,2270,543,144,152,1,-1,-1,-1
98,49,1990,491,172,128,1,-1,-1,-1
98,50,734,451,212,208,1,-1,-1,-1
99,2,632,261,120,172,1,-1,-1,-1
99,3,790,700,171,290,1,-1,-1,-1
99,5,552,321,120,140,1,-1,-1,-1
99,6,1310,223,108,208,1,-1,-1,-1
99,7,506,466,273,189,1,-1,-1,-1
99,8,828,389,156,200,1,-1,-1,-1
99,9,773,294,104,172,1,-1,-1,-1
99,11,496,277,143,155,1,-1,-1,-1
99,14,181,1024,208,252,1,-1,-1,-1
99,15,1966,538,210,235,1,-1,-1,-1
99,19,590,603,224,256,1,-1,-1,-1
99,21,636,288,1924,869,1,-1,-1,-1
99,23,1207,397,264,196,1,-1,-1,-1
99,24,174,912,220,316,1,-1,-1,-1
99,28,1846,250,149,126,1,-1,-1,-1
99,29,2114,247,152,156,1,-1,-1,-1
99,30,1847,270,202,168,1,-1,-1,-1
99,31,1736,306,808,564,1,-1,-1,-1
99,34,1392,864,204,252,1,-1,-1,-1
99,35,1789,448,140,160,1,-1,-1,-1
99,36,1962,561,144,160,1,-1,-1,-1
99,37,554,424,176,184,1,-1,-1,-1
99,38,194,1371,344,69,1,-1,-1,-1
99,39,422,857,272,260,1,-1,-1,-1
99,40,1747,589,232,198,1,-1,-1,-1
99,41,538,1251,224,189,1,-1,-1,-1
99,42,631,283,130,187,1,-1,-1,-1
99,43,2140,420,228,460,1,-1,-1,-1
99,44,905,623,264,224,1,-1,-1,-1
99,45,229,654,180,324,1,-1,-1,-1
99,46,799,678,276,240,1,-1,-1,-1
99,47,767,386,244,192,1,-1,-1,-1
99,48,2273,544,144,152,1,-1,-1,-1
99,49,1985,492,172,128,1,-1,-1,-1
99,50,740,449,212,208,1,-1,-1,-1
100,2,632,261,120,172,1,-1,-1,-1
100,3,824,684,171,290,1,-1,-1,-1
100,5,552,322,120,140,1,-1,-1,-1
100,6,1310,223,108,208,1,-1,-1,-1
100,7,510,466,273,189,1,-1,-1,-1
100,8,819,387,156,200,1,-1,-1,-1
100,9,772,293,104,172,1,-1,-1,-1
100,11,491,275,150,163,1,-1,-1,-1
100,14,182,1027,208,252,1,-1,-1,-1
100,15,1941,532,220,247,1,-1,-1,-1
100,19,602,599,224,256,1,-1,-1,-1
100,21,711,305,1849,827,1,-1,-1,-1
100,23,1206,397,264,196,1,-1,-1,-1
100,24,175,913,220,316,1,-1,-1,-1
100,28,1851,246,149,126,1,-1,-1,-1
100,29,2114,247,152,156,1,-1,-1,-1
100,30,1852,268,202,168,1,-1,-1,-1
100,31,1735,300,808,564,1,-1,-1,-1
100,34,1393,866,204,252,1,-1,-1,-1
100,35,1788,448,140,160,1,-1,-1,-1
100,36,1940,566,144,160,1,-1,-1,-1
100,37,558,423,176,184,1,-1,-1,-1
100,38,194,1370,344,70,1,-1,-1,-1
100,39,422,859,272,260,1,-1,-1,-1
100,40,1753,595,232,198,1,-1,-1,-1
100,41,532,1266,224,174,1,-1,-1,-1
100,42,628,281,130,187,1,-1,-1,-1
100,43,2133,416,228,460,1,-1,-1,-1
100,44,914,624,264,224,1,-1,-1,-1
100,45,233,648,180,324,1,-1,-1,-1
100,46,823,683,263,229,1,-1,-1,-1
100,47,759,387,244,192,1,-1,-1,-1
100,48,2273,545,144,152,1,-1,-1,-1
100,49,1971,491,172,128,1,-1,-1,-1
100,50,745,451,212,208,1,-1,-1,-1
101,2,631,261,120,172,1,-1,-1,-1
101,3,826,683,171,290,1,-1,-1,-1
101,5,552,321,120,140,1,-1,-1,-1
101,6,1310,223,108,208,1,-1,-1,-1
101,7,512,464,273,189,1,-1,-1,-1
101,8,817,388,156,200,1,-1,-1,-1
101,9,772,293,104,172,1,-1,-1,-1
101,11,491,274,150,163,1,-1,-1,-1
101,14,182,1028,208,252,1,-1,-1,-1
101,15,1939,533,220,247,1,-1,-1,-1
101,19,606,597,224,256,1,-1,-1,-1
101,21,692,302,1868,827,1,-1,-1,-1
101,23,1206,398,264,196,1,-1,-1,-1
101,24,175,915,220,316,1,-1,-1,-1
101,28,1851,246,149,126,1,-1,-1,-1
101,29,2117,249,145,149,1,-1,-1,-1
101,30,1854,268,202,168,1,-1,-1,-1
101,31,1744,294,808,564,1,-1,-1,-1
101,34,1393,867,204,252,1,-1,-1,-1
101,35,1787,448,140,160,1,-1,-1,-1
101,36,1938,565,144,160,1,-1,-1,-1
101,37,560,422,176,184,1,-1,-1,-1
101,38,194,1370,344,70,1,-1,-1,-1
101,39,422,859,272,260,1,-1,-1,-1
101,40,1754,597,232,198,1,-1,-1,-1
101,41,532,1266,224,174,1,-1,-1,-1
101,42,627,281,130,187,1,-1,-1,-1
101,43,2129,416,228,460,1,-1,-1,-1
101,44,912,623,264,224,1,-1,-1,-1
101,45,235,645,180,324,1,-1,-1,-1
101,46,821,683,263,229,1,-1,-1,-1
101,47,762,387,244,192,1,-1,-1,-1
101,48,2274,545,144,152,1,-1,-1,-1
101,49,1971,491,172,128,1,-1,-1,-1
101,50,747,452,212,208,1,-1,-1,-1
102,2,631,260,120,172,1,-1,-1,-1
102,3,848,682,171,290,1,-1,-1,-1
102,5,551,323,120,140,1,-1,-1,-1
102,6,1310,223,108,208,1,-1,-1,-1
102,7,513,464,273,189,1,-1,-1,-1
102,8,810,386,156,200,1,-1,-1,-1
102,9,772,295,104,172,1,-1,-1,-1
102,11,490,273,150,163,1,-1,-1,-1
102,14,184,1028,208,252,1,-1,-1,-1
102,15,1914,537,220,247,1,-1,-1,-1
102,19,614,595,224,256,1,-1,-1,-1
102,21,683,301,1877,827,1,-1,-1,-1
102,23,1204,399,264,196,1,-1,-1,-1
102,24,177,918,220,316,1,-1,-1,-1
102,28,1856,244,149,126,1,-1,-1,-1
102,29,2117,249,145,149,1,-1,-1,-1
102,30,1859,268,202,168,1,-1,-1,-1
102,31,1739,280,808,564,1,-1,-1,-1
102,34,1393,867,204,252,1,-1,-1,-1
102,35,1787,447,140,160,1,-1,-1,-1
102,36,1920,570,144,160,1,-1,-1,-1
102,37,561,423,176,184,1,-1,-1,-1
102,38,204,1370,328,70,1,-1,-1,-1
102,39,422,860,272,260,1,-1,-1,-1
102,40,1760,601,232,198,1,-1,-1,-1
102,41,530,1291,213,149,1,-1,-1,-1
102,42,627,282,130,187,1,-1,-1,-1
102,43,2124,410,228,460,1,-1,-1,-1
102,44,913,625,264,224,1,-1,-1,-1
102,45,240,638,180,324,1,-1,-1,-1
102,46,847,684,263,229,1,-1,-1,-1
102,47,761,387,244,192,1,-1,-1,-1
102,48,2275,546,144,152,1,-1,-1,-1
102,49,1931,485,181,134,1,-1,-1,-1
102,50,747,454,212,208,1,-1,-1,-1
103,2,630,259,120,172,1,-1,-1,-1
103,3,855,704,171,290,1,-1,-1,-1
103,5,551,324,120,140,1,-1,-1,-1
103,6,1309,224,108,208,1,-1,-1,-1
103,7,519,468,260,180,1,-1,-1,-1
103,8,802,384,156,200,1,-1,-1,-1
103,9,773,296,104,172,1,-1,-1,-1
103,11,492,273,150,163,1,-1,-1,-1
103,14,187,1029,208,252,1,-1,-1,-1
103,15,1897,536,220,247,1,-1,-1,-1
103,19,619,591,224,256,1,-1,-1,-1
103,21,682,302,1878,827,1,-1,-1,-1
103,23,1201,399,264,196,1,-1,-1,-1
103,24,180,916,220,316,1,-1,-1,-1
103,28,1859,244,149,126,1,-1,-1,-1
103,29,2118,247,145,149,1,-1,-1,-1
103,30,1861,268,202,168,1,-1,-1,-1
103,31,1738,279,808,564,1,-1,-1,-1
103,34,1390,866,204,252,1,-1,-1,-1
103,35,1787,447,140,160,1,-1,-1,-1
103,36,1906,576,144,160,1,-1,-1,-1
103,37,563,422,176,184,1,-1,-1,-1
103,38,207,1368,328,72,1,-1,-1,-1
103,39,423,860,272,260,1,-1,-1,-1
103,40,1761,614,221,189,1,-1,-1,-1
103,41,531,1310,203,130,1,-1,-1,-1
103,42,626,281,130,187,1,-1,-1,-1
103,43,2115,382,228,460,1,-1,-1,-1
103,44,897,619,264,224,1,-1,-1,-1
103,45,246,625,180,324,1,-1,-1,-1
103,46,878,688,263,229,1,-1,-1,-1
103,47,759,386,244,192,1,-1,-1,-1
103,48,2275,546,144,152,1,-1,-1,-1
103,49,1904,488,172,128,1,-1,-1,-1
103,50,746,456,212,208,1,-1,-1,-1
104,2,631,259,120,172,1,-1,-1,-1
104,3,884,688,171,290,1,-1,-1,-1
104,5,550,326,120,140,1,-1,-1,-1
104,6,1306,225,108,208,1,-1,-1,-1
104,7,516,470,260,180,1,-1,-1,-1
104,8,796,382,156,200,1,-1,-1,-1
104,9,774,296,104,172,1,-1,-1,-1
104,11,491,271,150,163,1,-1,-1,-1
104,14,191,1028,208,252,1,-1,-1,-1
104,15,1883,536,232,259,1,-1,-1,-1
104,19,623,587,224,256,1,-1,-1,-1
104,21,675,301,1885,827,1,-1,-1,-1
104,23,1196,399,264,196,1,-1,-1,-1
104,24,185,917,220,316,1,-1,-1,-1
104,28,1864,242,149,126,1,-1,-1,-1
104,29,2120,244,145,149,1,-1,-1,-1
104,30,1866,265,202,168,1,-1,-1,-1
104,31,1740,273,808,564,1,-1,-1,-1
104,34,1386,865,204,252,1,-1,-1,-1
104,35,1786,446,140,160,1,-1,-1,-1
104,36,1891,578,144,160,1,-1,-1,-1
104,37,562,425,176,184,1,-1,-1,-1
104,38,211,1367,328,73,1,-1,-1,-1
104,39,424,860,272,260,1,-1,-1,-1
104,40,1759,617,211,180,1,-1,-1,-1
104,41,524,1323,203,117,1,-1,-1,-1
104,42,625,280,130,187,1,-1,-1,-1
104,43,2101,380,239,483,1,-1,-1,-1
104,44,908,623,264,224,1,-1,-1,-1
104,45,259,604,180,324,1,-1,-1,-1
104,46,900,687,263,229,1,-1,-1,-1
104,47,762,386,244,192,1,-1,-1,-1
104,48,2276,546,144,152,1,-1,-1,-1
104,49,1891,489,172,128,1,-1,-1,-1
104,50,748,456,212,208,1,-1,-1,-1
105,2,632,240,116,188,1,-1,-1,-1
105,3,884,688,171,290,1,-1,-1,-1
105,5,550,326,120,140,1,-1,-1,-1
105,6,1306,225,108,208,1,-1,-1,-1
105,7,516,470,260,180,1,-1,-1,-1
105,8,796,382,156,200,1,-1,-1,-1
105,9,776,288,96,124,1,-1,-1,-1
105,11,491,271,150,163,1,-1,-1,-1
105,14,208,1012,216,276,1,-1,-1,-1
105,15,1883,536,232,259,1,-1,-1,-1
105,19,624,568,276,224,1,-1,-1,-1
105,21,675,301,1885,827,1,-1,-1,-1
105,23,1196,399,264,196,1,-1,-1,-1
105,24,185,917,220,316,1,-1,-1,-1
105,28,1864,242,149,126,1,-1,-1,-1
105,29,2120,244,145,149,1,-1,-1,-1
105,30,1866,265,202,168,1,-1,-1,-1
105,31,1740,273,808,564,1,-1,-1,-1
105,34,1396,864,184,252,1,-1,-1,-1
105,35,1786,446,140,160,1,-1,-1,-1
105,36,1891,578,144,160,1,-1,-1,-1
105,37,562,425,176,184,1,-1,-1,-1
105,38,211,1367,328,73,1,-1,-1,-1
105,39,424,856,276,260,1,-1,-1,-1
105,40,1756,620,200,280,1,-1,-1,-1
105,41,524,1323,203,117,1,-1,-1,-1
105,42,625,280,130,187,1,-1,-1,-1
105,43,2101,380,239,483,1,-1,-1,-1
105,44,908,623,264,224,1,-1,-1,-1
105,45,264,624,172,284,1,-1,-1,-1
105,46,904,712,324,244,1,-1,-1,-1
105,47,762,386,244,192,1,-1,-1,-1
105,48,2200,528,220,172,1,-1,-1,-1
105,49,1891,489,172,128,1,-1,-1,-1
105,50,748,456,212,208,1,-1,-1,-1
105,51,2016,264,540,340,1,-1,-1,-1
106,2,632,240,116,188,1,-1,-1,-1
106,3,911,691,163,276,1,-1,-1,-1
106,5,550,329,120,140,1,-1,-1,-1
106,6,1299,227,108,208,1,-1,-1,-1
106,7,522,477,248,171,1,-1,-1,-1
106,8,788,381,156,200,1,-1,-1,-1
106,9,776,288,96,124,1,-1,-1,-1
106,11,491,272,150,163,1,-1,-1,-1
106,14,209,1012,216,276,1,-1,-1,-1
106,15,1867,535,232,259,1,-1,-1,-1
106,19,625,568,276,224,1,-1,-1,-1
106,21,667,305,1893,827,1,-1,-1,-1
106,23,1191,399,264,196,1,-1,-1,-1
106,24,188,916,220,316,1,-1,-1,-1
106,28,1871,255,149,126,1,-1,-1,-1
106,29,2119,243,145,149,1,-1,-1,-1
106,30,1871,275,202,168,1,-1,-1,-1
106,31,1737,260,808,564,1,-1,-1,-1
106,34,1395,865,184,252,1,-1,-1,-1
106,35,1780,445,140,160,1,-1,-1,-1
106,36,1882,576,137,152,1,-1,-1,-1
106,37,562,426,176,184,1,-1,-1,-1
106,38,211,1366,328,74,1,-1,-1,-1
106,39,425,856,276,260,1,-1,-1,-1
106,40,1745,629,200,280,1,-1,-1,-1
106,41,510,1350,203,90,1,-1,-1,-1
106,42,626,278,130,187,1,-1,-1,-1
106,43,2095,376,239,483,1,-1,-1,-1
106,44,900,629,264,224,1,-1,-1,-1
106,45,265,617,172,284,1,-1,-1,-1
106,46,911,712,324,244,1,-1,-1,-1
106,47,721,392,244,192,1,-1,-1,-1
106,48,2200,527,220,172,1,-1,-1,-1
106,49,1874,487,172,128,1,-1,-1,-1
106,50,754,460,212,208,1,-1,-1,-1
106,51,2012,261,540,340,1,-1,-1,-1
107,2,632,240,116,188,1,-1,-1,-1
107,3,916,695,163,276,1,-1,-1,-1
107,5,549,330,120,140,1,-1,-1,-1
107,6,1297,229,108,208,1,-1,-1,-1
107,7,519,479,248,171,1,-1,-1,-1
107,8,787,380,156,200,1,-1,-1,-1
107,9,777,288,96,124,1,-1,-1,-1
107,11,491,272,150,163,1,-1,-1,-1
107,14,209,1013,216,276,1,-1,-1,-1
107,15,1866,535,232,259,1,-1,-1,-1
107,19,625,569,276,224,1,-1,-1,-1
107,21,685,308,1875,827,1,-1,-1,-1
107,23,1190,399,264,196,1,-1,-1,-1
107,24,191,917,220,316,1,-1,-1,-1
107,28,1871,255,149,126,1,-1,-1,-1
107,29,2120,243,145,149,1,-1,-1,-1
107,30,1871,277,202,168,1,-1,-1,-1
107,31,1734,263,808,564,1,-1,-1,-1
107,34,1393,866,184,252,1,-1,-1,-1
107,35,1779,445,140,160,1,-1,-1,-1
107,36,1876,575,137,152,1,-1,-1,-1
107,37,562,425,176,184,1,-1,-1,-1
107,38,211,1365,328,75,1,-1,-1,-1
107,39,426,857,276,260,1,-1,-1,-1
107,40,1744,632,200,280,1,-1,-1,-1
107,41,515,1351,193,89,1,-1,-1,-1
107,42,626,277,130,187,1,-1,-1,-1
107,43,2087,370,251,507,1,-1,-1,-1
107,44,904,628,264,224,1,-1,-1,-1
107,45,266,615,172,284,1,-1,-1,-1
107,46,914,713,324,244,1,-1,-1,-1
107,47,710,394,244,192,1,-1,-1,-1
107,48,2200,528,220,172,1,-1,-1,-1
107,49,1872,487,172,128,1,-1,-1,-1
107,50,755,458,212,208,1,-1,-1,-1
107,51,2011,259,540,340,1,-1,-1,-1
108,2,633,240,116,188,1,-1,-1,-1
108,3,920,693,163,276,1,-1,-1,-1
108,5,548,331,120,140,1,-1,-1,-1
108,6,1294,229,108,208,1,-1,-1,-1
108,7,520,480,248,171,1,-1,-1,-1
108,8,786,377,156,200,1,-1,-1,-1
108,9,778,288,96,124,1,-1,-1,-1
108,11,490,274,150,163,1,-1,-1,-1
108,14,211,1015,216,276,1,-1,-1,-1
108,15,1861,530,232,259,1,-1,-1,-1
108,19,630,568,276,224,1,-1,-1,-1
108,21,690,321,1870,827,1,-1,-1,-1
108,23,1191,397,264,196,1,-1,-1,-1
108,24,195,919,220,316,1,-1,-1,-1
108,28,1877,259,149,126,1,-1,-1,-1
108,29,2119,239,145,149,1,-1,-1,-1
108,30,1876,279,202,168,1,-1,-1,-1
108,31,1736,256,808,564,1,-1,-1,-1
108,34,1391,865,184,252,1,-1,-1,-1
108,35,1771,447,140,160,1,-1,-1,-1
108,36,1862,561,137,152,1,-1,-1,-1
108,37,561,424,176,184,1,-1,-1,-1
108,38,218,1366,312,74,1,-1,-1,-1
108,39,426,858,276,260,1,-1,-1,-1
108,40,1734,634,200,280,1,-1,-1,-1
108,41,517,1358,184,82,1,-1,-1,-1
108,42,627,277,130,187,1,-1,-1,-1
108,43,2091,373,239,483,1,-1,-1,-1
108,44,903,625,264,224,1,-1,-1,-1
108,45,268,613,172,284,1,-1,-1,-1
108,46,922,712,324,244,1,-1,-1,-1
108,47,718,393,244,192,1,-1,-1,-1
108,48,2202,529,220,172,1,-1,-1,-1
108,49,1874,485,172,128,1,-1,-1,-1
108,50,761,457,212,208,1,-1,-1,-1
108,51,2009,253,540,340,1,-1,-1,-1
109,2,633,240,116,188,1,-1,-1,-1
109,5,544,327,126,147,1,-1,-1,-1
109,6,1292,228,108,208,1,-1,-1,-1
109,7,520,480,248,171,1,-1,-1,-1
109,8,789,377,156,200,1,-1,-1,-1
109,9,779,288,96,124,1,-1,-1,-1
109,11,490,275,150,163,1,-1,-1,-1
109,14,215,1020,216,276,1,-1,-1,-1
109,15,1859,530,232,259,1,-1,-1,-1
109,19,640,566,276,224,1,-1,-1,-1
109,21,680,317,1880,827,1,-1,-1,-1
109,23,1190,398,264,196,1,-1,-1,-1
109,24,192,916,231,332,1,-1,-1,-1
109,28,1883,260,149,126,1,-1,-1,-1
109,29,2115,245,145,149,1,-1,-1,-1
109,30,1878,279,202,168,1,-1,-1,-1
109,31,1738,253,808,564,1,-1,-1,-1
109,34,1394,865,184,252,1,-1,-1,-1
109,35,1760,452,140,160,1,-1,-1,-1
109,36,1860,563,137,152,1,-1,-1,-1
109,37,558,422,176,184,1,-1,-1,-1
109,38,218,1365,312,75,1,-1,-1,-1
109,39,427,859,276,260,1,-1,-1,-1
109,40,1730,639,200,280,1,-1,-1,-1
109,41,446,1302,184,138,1,-1,-1,-1
109,42,627,277,130,187,1,-1,-1,-1
109,43,2079,377,239,483,1,-1,-1,-1
109,44,894,621,277,235,1,-1,-1,-1
109,45,270,611,172,284,1,-1,-1,-1
109,46,928,711,324,244,1,-1,-1,-1
109,47,715,388,244,192,1,-1,-1,-1
109,48,2205,530,220,172,1,-1,-1,-1
109,49,1876,486,172,128,1,-1,-1,-1
109,50,793,457,202,198,1,-1,-1,-1
109,51,2004,247,540,340,1,-1,-1,-1
110,2,633,239,116,188,1,-1,-1,-1
110,5,543,327,126,147,1,-1,-1,-1
110,6,1292,228,108,208,1,-1,-1,-1
110,7,518,480,248,171,1,-1,-1,-1
110,8,783,383,156,200,1,-1,-1,-1
110,9,780,289,96,124,1,-1,-1,-1
110,11,489,274,150,163,1,-1,-1,-1
110,14,222,1026,216,276,1,-1,-1,-1
110,15,1858,537,232,259,1,-1,-1,-1
110,19,665,550,276,224,1,-1,-1,-1
110,21,675,311,1885,827,1,-1,-1,-1
110,23,1190,397,264,196,1,-1,-1,-1
110,24,200,919,231,332,1,-1,-1,-1
110,28,1887,262,149,126,1,-1,-1,-1
110,29,2093,255,152,156,1,-1,-1,-1
110,30,1877,277,202,168,1,-1,-1,-1
110,31,1710,231,848,592,1,-1,-1,-1
110,34,1393,864,184,252,1,-1,-1,-1
110,35,1746,463,140,160,1,-1,-1,-1
110,36,1855,555,137,152,1,-1,-1,-1
110,37,561,424,176,184,1,-1,-1,-1
110,38,219,1365,312,75,1,-1,-1,-1
110,39,428,857,276,260,1,-1,-1,-1
110,40,1723,644,200,280,1,-1,-1,-1
110,41,456,1291,176,149,1,-1,-1,-1
110,42,630,280,123,178,1,-1,-1,-1
110,44,891,623,277,235,1,-1,-1,-1
110,45,273,609,172,284,1,-1,-1,-1
110,46,948,712,324,244,1,-1,-1,-1
110,47,713,390,244,192,1,-1,-1,-1
110,48,2204,530,220,172,1,-1,-1,-1
110,49,1876,492,172,128,1,-1,-1,-1
110,50,859,421,202,198,1,-1,-1,-1
110,51,1991,231,567,357,1,-1,-1,-1
111,2,633,238,116,188,1,-1,-1,-1
111,5,541,327,126,147,1,-1,-1,-1
111,6,1292,229,108,208,1,-1,-1,-1
111,7,515,482,248,171,1,-1,-1,-1
111,8,773,386,156,200,1,-1,-1,-1
111,9,781,290,96,124,1,-1,-1,-1
111,11,488,275,150,163,1,-1,-1,-1
111,14,230,1030,216,276,1,-1,-1,-1
111,15,1854,540,232,259,1,-1,-1,-1
111,19,684,540,276,224,1,-1,-1,-1
111,21,737,323,1823,788,1,-1,-1,-1
111,23,1189,397,264,196,1,-1,-1,-1
111,24,208,917,231,332,1,-1,-1,-1
111,28,1888,261,149,126,1,-1,-1,-1
111,29,2079,253,152,156,1,-1,-1,-1
111,30,1873,273,202,168,1,-1,-1,-1
111,31,1715,221,845,592,1,-1,-1,-1
111,34,1392,864,184,252,1,-1,-1,-1
111,35,1732,481,140,160,1,-1,-1,-1
111,36,1848,552,144,160,1,-1,-1,-1
111,37,558,424,176,184,1,-1,-1,-1
111,38,220,1364,312,76,1,-1,-1,-1
111,39,429,856,276,260,1,-1,-1,-1
111,40,1711,654,210,294,1,-1,-1,-1
111,41,454,1287,176,153,1,-1,-1,-1
111,42,631,280,123,178,1,-1,-1,-1
111,44,901,633,264,224,1,-1,-1,-1
111,45,280,605,172,284,1,-1,-1,-1
111,46,955,714,324,244,1,-1,-1,-1
111,47,702,395,232,183,1,-1,-1,-1
111,48,2204,529,220,172,1,-1,-1,-1
111,49,1876,493,172,128,1,-1,-1,-1
111,50,895,419,192,189,1,-1,-1,-1
111,51,1971,213,589,375,1,-1,-1,-1
112,2,633,238,116,188,1,-1,-1,-1
112,5,540,330,126,147,1,-1,-1,-1
112,6,1292,228,108,208,1,-1,-1,-1
112,7,507,481,260,180,1,-1,-1,-1
112,8,774,391,156,200,1,-1,-1,-1
112,9,781,290,96,124,1,-1,-1,-1
112,11,488,277,150,163,1,-1,-1,-1
112,14,230,1020,227,290,1,-1,-1,-1
112,15,1852,549,232,259,1,-1,-1,-1
112,19,705,536,276,224,1,-1,-1,-1
112,21,738,329,1822,788,1,-1,-1,-1
112,23,1189,397,264,196,1,-1,-1,-1
112,24,212,919,231,332,1,-1,-1,-1
112,28,1886,258,149,126,1,-1,-1,-1
112,30,1867,267,202,168,1,-1,-1,-1
112,31,1685,202,875,622,1,-1,-1,-1
112,34,1391,864,184,252,1,-1,-1,-1
112,35,1718,495,140,160,1,-1,-1,-1
112,36,1847,561,144,160,1,-1,-1,-1
112,37,560,430,176,184,1,-1,-1,-1
112,38,226,1366,297,73,1,-1,-1,-1
112,39,429,856,276,260,1,-1,-1,-1
112,40,1708,672,210,294,1,-1,-1,-1
112,41,449,1289,176,151,1,-1,-1,-1
112,42,630,280,123,178,1,-1,-1,-1
112,44,899,634,264,224,1,-1,-1,-1
112,45,288,596,172,284,1,-1,-1,-1
112,46,960,703,340,256,1,-1,-1,-1
112,47,702,401,221,174,1,-1,-1,-1
112,48,2205,529,220,172,1,-1,-1,-1
112,49,1870,494,164,122,1,-1,-1,-1
112,50,906,429,183,180,1,-1,-1,-1
112,51,1967,206,593,375,1,-1,-1,-1
113,2,633,238,116,188,1,-1,-1,-1
113,5,540,330,126,147,1,-1,-1,-1
113,6,1292,228,108,208,1,-1,-1,-1
113,7,507,481,260,180,1,-1,-1,-1
113,8,774,391,156,200,1,-1,-1,-1
113,9,781,290,96,124,1,-1,-1,-1
113,11,488,277,150,163,1,-1,-1,-1
113,14,256,1024,208,316,1,-1,-1,-1
113,15,1852,549,232,259,1,-1,-1,-1
113,19,705,536,276,224,1,-1,-1,-1
113,21,738,329,1822,788,1,-1,-1,-1
113,23,1189,397,264,196,1,-1,-1,-1
113,24,212,919,231,332,1,-1,-1,-1
113,28,1886,258,149,126,1,-1,-1,-1
113,30,1867,267,202,168,1,-1,-1,-1
113,31,1685,202,875,622,1,-1,-1,-1
113,34,1396,860,180,260,1,-1,-1,-1
113,35,1718,495,140,160,1,-1,-1,-1
113,36,1847,561,144,160,1,-1,-1,-1
113,37,560,430,176,184,1,-1,-1,-1
113,38,226,1366,297,73,1,-1,-1,-1
113,39,420,864,284,260,1,-1,-1,-1
113,40,1740,700,168,296,1,-1,-1,-1
113,41,449,1289,176,151,1,-1,-1,-1
113,42,630,280,123,178,1,-1,-1,-1
113,44,899,634,264,224,1,-1,-1,-1
113,45,320,592,192,264,1,-1,-1,-1
113,46,960,703,340,256,1,-1,-1,-1
113,47,716,392,216,200,1,-1,-1,-1
113,48,2204,532,228,176,1,-1,-1,-1
113,49,1870,494,164,122,1,-1,-1,-1
113,50,906,429,183,180,1,-1,-1,-1
113,51,1952,208,604,352,1,-1,-1,-1
113,52,824,1296,212,144,1,-1,-1,-1
114,2,633,239,116,188,1,-1,-1,-1
114,5,540,332,126,147,1,-1,-1,-1
114,6,1293,228,108,208,1,-1,-1,-1
114,7,512,487,248,171,1,-1,-1,-1
114,8,774,392,156,200,1,-1,-1,-1
114,9,780,291,96,124,1,-1,-1,-1
114,11,488,277,150,163,1,-1,-1,-1
114,14,257,1025,208,316,1,-1,-1,-1
114,15,1852,560,232,259,1,-1,-1,-1
114,19,729,531,276,224,1,-1,-1,-1
114,21,742,339,1818,788,1,-1,-1,-1
114,23,1188,398,264,196,1,-1,-1,-1
114,24,209,911,243,348,1,-1,-1,-1
114,28,1884,256,149,126,1,-1,-1,-1
114,30,1869,265,202,168,1,-1,-1,-1
114,31,1683,200,877,622,1,-1,-1,-1
114,34,1396,860,180,260,1,-1,-1,-1
114,35,1704,505,140,160,1,-1,-1,-1
114,36,1845,574,151,168,1,-1,-1,-1
114,37,555,424,185,193,1,-1,-1,-1
114,38,226,1366,297,73,1,-1,-1,-1
114,39,420,864,284,260,1,-1,-1,-1
114,40,1743,711,168,296,1,-1,-1,-1
114,41,448,1290,176,150,1,-1,-1,-1
114,42,630,281,123,178,1,-1,-1,-1
114,44,899,635,264,224,1,-1,-1,-1
114,45,330,586,192,264,1,-1,-1,-1
114,46,952,687,340,256,1,-1,-1,-1
114,47,720,392,216,200,1,-1,-1,-1
114,48,2204,531,228,176,1,-1,-1,-1
114,49,1866,504,172,128,1,-1,-1,-1
114,50,916,427,183,180,1,-1,-1,-1
114,51,1950,207,604,352,1,-1,-1,-1
114,52,832,1292,212,144,1,-1,-1,-1
115,2,632,240,116,188,1,-1,-1,-1
115,5,539,332,126,147,1,-1,-1,-1
115,6,1291,224,113,218,1,-1,-1,-1
115,7,509,490,248,171,1,-1,-1,-1
115,8,777,397,149,190,1,-1,-1,-1
115,9,780,290,96,124,1,-1,-1,-1
115,11,487,278,150,163,1,-1,-1,-1
115,14,258,1027,208,316,1,-1,-1,-1
115,15,1860,570,220,247,1,-1,-1,-1
115,19,789,531,263,213,1,-1,-1,-1
115,21,728,337,1828,788,1,-1,-1,-1
115,23,1189,400,264,196,1,-1,-1,-1
115,24,212,912,243,348,1,-1,-1,-1
115,28,1887,257,149,126,1,-1,-1,-1
115,30,1876,269,202,168,1,-1,-1,-1
115,31,1685,201,875,622,1,-1,-1,-1
115,34,1396,860,180,260,1,-1,-1,-1
115,35,1700,506,140,160,1,-1,-1,-1
115,36,1859,597,151,168,1,-1,-1,-1
115,37,553,424,185,193,1,-1,-1,-1
115,38,226,1366,297,73,1,-1,-1,-1
115,39,421,864,284,260,1,-1,-1,-1
115,40,1753,734,160,282,1,-1,-1,-1
115,41,458,1283,184,157,1,-1,-1,-1
115,42,629,282,123,178,1,-1,-1,-1
115,44,907,642,251,213,1,-1,-1,-1
115,45,340,576,192,264,1,-1,-1,-1
115,46,986,691,324,244,1,-1,-1,-1
115,47,719,394,216,200,1,-1,-1,-1
115,48,2206,530,228,176,1,-1,-1,-1
115,49,1859,508,164,122,1,-1,-1,-1
115,50,965,410,192,189,1,-1,-1,-1
115,51,1948,203,604,352,1,-1,-1,-1
115,52,852,1273,212,144,1,-1,-1,-1
116,2,631,240,116,188,1,-1,-1,-1
116,5,537,333,126,147,1,-1,-1,-1
116,6,1291,224,113,218,1,-1,-1,-1
116,7,506,490,248,171,1,-1,-1,-1
116,8,775,397,149,190,1,-1,-1,-1
116,9,780,290,96,124,1,-1,-1,-1
116,11,487,280,150,163,1,-1,-1,-1
116,14,260,1028,208,316,1,-1,-1,-1
116,15,1884,617,220,247,1,-1,-1,-1
116,19,832,533,263,213,1,-1,-1,-1
116,21,662,340,1898,827,1,-1,-1,-1
116,23,1190,401,264,196,1,-1,-1,-1
116,24,211,916,243,348,1,-1,-1,-1
116,28,1890,259,149,126,1,-1,-1,-1
116,30,1881,274,202,168,1,-1,-1,-1
116,31,1688,193,872,622,1,-1,-1,-1
116,34,1396,861,180,260,1,-1,-1,-1
116,35,1684,516,140,160,1,-1,-1,-1
116,36,1875,623,151,168,1,-1,-1,-1
116,37,553,426,185,193,1,-1,-1,-1
116,38,224,1365,297,73,1,-1,-1,-1
116,39,421,865,284,260,1,-1,-1,-1
116,40,1760,761,160,282,1,-1,-1,-1
116,41,451,1287,184,153,1,-1,-1,-1
116,42,629,283,123,178,1,-1,-1,-1
116,44,910,643,251,213,1,-1,-1,-1
116,45,348,567,192,264,1,-1,-1,-1
116,46,990,692,324,244,1,-1,-1,-1
116,47,717,396,216,200,1,-1,-1,-1
116,48,2206,530,228,176,1,-1,-1,-1
116,49,1859,509,164,122,1,-1,-1,-1
116,51,1948,201,604,352,1,-1,-1,-1
116,52,869,1253,212,144,1,-1,-1,-1
117,2,630,238,116,188,1,-1,-1,-1
117,5,535,334,126,147,1,-1,-1,-1
117,6,1291,225,113,218,1,-1,-1,-1
117,7,509,491,248,171,1,-1,-1,-1
117,8,775,397,149,190,1,-1,-1,-1
117,9,779,290,96,124,1,-1,-1,-1
117,11,485,278,157,171,1,-1,-1,-1
117,14,260,1029,208,316,1,-1,-1,-1
117,15,1898,645,220,247,1,-1,-1,-1
117,19,856,526,263,213,1,-1,-1,-1
117,21,678,338,1882,827,1,-1,-1,-1
117,23,1192,402,264,196,1,-1,-1,-1
117,24,209,918,243,348,1,-1,-1,-1
117,28,1894,262,149,126,1,-1,-1,-1
117,30,1884,279,202,168,1,-1,-1,-1
117,31,1686,194,874,622,1,-1,-1,-1
117,34,1396,861,180,260,1,-1,-1,-1
117,35,1666,530,140,160,1,-1,-1,-1
117,36,1893,642,151,168,1,-1,-1,-1
117,37,553,427,185,193,1,-1,-1,-1
117,38,223,1365,297,73,1,-1,-1,-1
117,39,421,865,284,260,1,-1,-1,-1
117,40,1763,787,160,282,1,-1,-1,-1
117,41,444,1282,184,158,1,-1,-1,-1
117,42,627,281,123,178,1,-1,-1,-1
117,44,909,634,251,213,1,-1,-1,-1
117,45,352,564,192,264,1,-1,-1,-1
117,46,1003,691,309,232,1,-1,-1,-1
117,47,715,393,216,200,1,-1,-1,-1
117,48,2206,529,228,176,1,-1,-1,-1
117,49,1854,511,164,122,1,-1,-1,-1
117,51,1953,198,604,352,1,-1,-1,-1
117,52,891,1235,202,137,1,-1,-1,-1
118,2,629,240,116,188,1,-1,-1,-1
118,5,536,335,126,147,1,-1,-1,-1
118,6,1292,225,113,218,1,-1,-1,-1
118,7,508,490,248,171,1,-1,-1,-1
118,8,773,399,149,190,1,-1,-1,-1
118,9,779,290,96,124,1,-1,-1,-1
118,11,484,278,157,171,1,-1,-1,-1
118,14,259,1030,208,316,1,-1,-1,-1
118,15,1918,664,220,247,1,-1,-1,-1
118,19,884,524,263,213,1,-1,-1,-1
118,21,681,342,1879,827,1,-1,-1,-1
118,23,1192,402,264,196,1,-1,-1,-1
118,24,208,920,243,348,1,-1,-1,-1
118,28,1899,264,149,126,1,-1,-1,-1
118,30,1887,282,202,168,1,-1,-1,-1
118,31,1686,195,874,622,1,-1,-1,-1
118,34,1395,860,180,260,1,-1,-1,-1
118,35,1648,540,140,160,1,-1,-1,-1
118,36,1907,662,151,168,1,-1,-1,-1
118,37,553,428,185,193,1,-1,-1,-1
118,38,220,1365,297,73,1,-1,-1,-1
118,39,420,865,284,260,1,-1,-1,-1
118,40,1757,799,168,296,1,-1,-1,-1
118,41,446,1285,184,155,1,-1,-1,-1
118,42,626,283,123,178,1,-1,-1,-1
118,44,914,635,251,213,1,-1,-1,-1
118,45,354,559,192,264,1,-1,-1,-1
118,46,1011,687,309,232,1,-1,-1,-1
118,47,714,391,216,200,1,-1,-1,-1
118,48,2207,529,228,176,1,-1,-1,-1
118,49,1857,496,172,128,1,-1,-1,-1
118,51,1973,202,575,335,1,-1,-1,-1
118,52,897,1225,202,137,1,-1,-1,-1
119,2,629,240,116,188,1,-1,-1,-1
119,5,536,335,126,147,1,-1,-1,-1
119,6,1292,225,113,218,1,-1,-1,-1
119,7,507,489,248,171,1,-1,-1,-1
119,8,770,399,149,190,1,-1,-1,-1
119,9,779,290,96,124,1,-1,-1,-1
119,11,484,277,157,171,1,-1,-1,-1
119,14,258,1030,208,316,1,-1,-1,-1
119,15,1918,664,220,247,1,-1,-1,-1
119,19,887,522,263,213,1,-1,-1,-1
119,21,681,349,1879,827,1,-1,-1,-1
119,23,1193,403,264,196,1,-1,-1,-1
119,24,209,920,243,348,1,-1,-1,-1
119,28,1900,264,149,126,1,-1,-1,-1
119,30,1887,282,202,168,1,-1,-1,-1
119,31,1690,193,870,622,1,-1,-1,-1
119,34,1395,860,180,260,1,-1,-1,-1
119,35,1646,541,140,160,1,-1,-1,-1
119,36,1906,668,151,168,1,-1,-1,-1
119,37,551,428,185,193,1,-1,-1,-1
119,38,220,1365,297,73,1,-1,-1,-1
119,39,420,865,284,260,1,-1,-1,-1
119,40,1757,799,168,296,1,-1,-1,-1
119,41,442,1280,193,160,1,-1,-1,-1
119,42,625,282,123,178,1,-1,-1,-1
119,44,916,636,251,213,1,-1,-1,-1
119,45,357,558,192,264,1,-1,-1,-1
119,46,1003,684,309,232,1,-1,-1,-1
119,47,713,390,216,200,1,-1,-1,-1
119,48,2207,529,228,176,1,-1,-1,-1
119,51,1985,208,548,319,1,-1,-1,-1
119,52,899,1225,202,137,1,-1,-1,-1
120,2,628,239,116,188,1,-1,-1,-1
120,5,535,335,126,147,1,-1,-1,-1
120,6,1292,225,113,218,1,-1,-1,-1
120,7,508,489,248,171,1,-1,-1,-1
120,8,770,403,149,190,1,-1,-1,-1
120,9,778,289,96,124,1,-1,-1,-1
120,11,484,278,157,171,1,-1,-1,-1
120,14,259,1031,208,316,1,-1,-1,-1
120,15,1922,670,220,247,1,-1,-1,-1
120,19,931,526,276,224,1,-1,-1,-1
120,21,671,347,1889,827,1,-1,-1,-1
120,23,1193,403,264,196,1,-1,-1,-1
120,24,211,921,243,348,1,-1,-1,-1
120,28,1898,262,156,132,1,-1,-1,-1
120,30,1887,283,202,168,1,-1,-1,-1
120,31,1684,182,876,622,1,-1,-1,-1
120,34,1394,859,180,260,1,-1,-1,-1
120,35,1630,545,140,160,1,-1,-1,-1
120,36,1917,697,151,168,1,-1,-1,-1
120,37,549,428,185,193,1,-1,-1,-1
120,38,218,1366,297,73,1,-1,-1,-1
120,39,420,865,284,260,1,-1,-1,-1
120,40,1759,813,160,282,1,-1,-1,-1
120,41,444,1280,193,160,1,-1,-1,-1
120,42,625,281,123,178,1,-1,-1,-1
120,44,921,631,251,213,1,-1,-1,-1
120,45,359,555,192,264,1,-1,-1,-1
120,46,996,681,309,232,1,-1,-1,-1
120,47,714,388,216,200,1,-1,-1,-1
120,48,2208,528,228,176,1,-1,-1,-1
120,51,1988,204,548,319,1,-1,-1,-1
120,52,898,1221,202,137,1,-1,-1,-1
121,2,628,239,116,188,1,-1,-1,-1
121,5,512,336,152,132,1,-1,-1,-1
121,6,1292,225,113,218,1,-1,-1,-1
121,7,508,489,248,171,1,-1,-1,-1
121,8,770,403,149,190,1,-1,-1,-1
121,9,778,289,96,124,1,-1,-1,-1
121,11,484,278,157,171,1,-1,-1,-1
121,14,256,1036,208,300,1,-1,-1,-1
121,15,1922,670,220,247,1,-1,-1,-1
121,19,931,526,276,224,1,-1,-1,-1
121,21,671,347,1889,827,1,-1,-1,-1
121,23,1193,403,264,196,1,-1,-1,-1
121,24,211,921,243,348,1,-1,-1,-1
121,28,1898,262,156,132,1,-1,-1,-1
121,30,1887,283,202,168,1,-1,-1,-1
121,31,1684,182,876,622,1,-1,-1,-1
121,34,1394,859,180,260,1,-1,-1,-1
121,35,1630,545,140,160,1,-1,-1,-1
121,36,1917,697,151,168,1,-1,-1,-1
121,37,549,428,185,193,1,-1,-1,-1
121,38,218,1366,297,73,1,-1,-1,-1
121,39,420,864,284,260,1,-1,-1,-1
121,40,1740,828,152,300,1,-1,-1,-1
121,41,444,1280,193,160,1,-1,-1,-1
121,42,625,281,123,178,1,-1,-1,-1
121,44,921,631,251,213,1,-1,-1,-1
121,45,372,552,132,220,1,-1,-1,-1
121,46,996,681,309,232,1,-1,-1,-1
121,47,714,388,216,200,1,-1,-1,-1
121,48,2208,528,228,176,1,-1,-1,-1
121,51,1988,204,548,319,1,-1,-1,-1
121,52,898,1221,202,137,1,-1,-1,-1
121,53,820,1228,284,208,1,-1,-1,-1
122,2,628,238,116,188,1,-1,-1,-1
122,5,511,336,152,132,1,-1,-1,-1
122,6,1292,226,113,218,1,-1,-1,-1
122,7,506,487,248,171,1,-1,-1,-1
122,8,770,406,149,190,1,-1,-1,-1
122,9,777,288,96,124,1,-1,-1,-1
122,11,485,278,157,171,1,-1,-1,-1
122,14,261,1038,208,300,1,-1,-1,-1
122,15,1938,706,210,235,1,-1,-1,-1
122,19,989,571,290,235,1,-1,-1,-1
122,21,620,321,1940,869,1,-1,-1,-1
122,23,1192,402,264,196,1,-1,-1,-1
122,24,208,920,255,366,1,-1,-1,-1
122,28,1913,268,149,126,1,-1,-1,-1
122,30,1901,286,202,168,1,-1,-1,-1
122,31,1693,173,867,622,1,-1,-1,-1
122,34,1394,858,180,260,1,-1,-1,-1
122,35,1609,554,140,160,1,-1,-1,-1
122,36,1930,731,151,168,1,-1,-1,-1
122,37,545,427,185,193,1,-1,-1,-1
122,38,213,1367,297,73,1,-1,-1,-1
122,39,420,864,284,260,1,-1,-1,-1
122,40,1735,835,152,300,1,-1,-1,-1
122,41,444,1279,193,161,1,-1,-1,-1
122,42,625,281,123,178,1,-1,-1,-1
122,44,959,614,251,213,1,-1,-1,-1
122,45,373,547,132,220,1,-1,-1,-1
122,46,1016,683,309,232,1,-1,-1,-1
122,47,715,388,216,200,1,-1,-1,-1
122,48,2208,524,228,176,1,-1,-1,-1
122,51,1996,196,548,319,1,-1,-1,-1
122,52,889,1215,212,144,1,-1,-1,-1
122,53,821,1226,284,208,1,-1,-1,-1
123,2,627,238,116,188,1,-1,-1,-1
123,5,510,338,152,132,1,-1,-1,-1
123,6,1291,226,113,218,1,-1,-1,-1
123,7,509,486,248,171,1,-1,-1,-1
123,8,770,408,149,190,1,-1,-1,-1
123,9,776,288,96,124,1,-1,-1,-1
123,11,484,279,157,171,1,-1,-1,-1
123,14,266,1038,208,300,1,-1,-1,-1
123,15,1942,717,210,235,1,-1,-1,-1
123,19,1013,608,290,235,1,-1,-1,-1
123,21,626,314,1934,869,1,-1,-1,-1
123,23,1191,403,264,196,1,-1,-1,-1
123,24,216,923,255,366,1,-1,-1,-1
123,28,1919,273,149,126,1,-1,-1,-1
123,30,1904,288,202,168,1,-1,-1,-1
123,31,1692,175,868,622,1,-1,-1,-1
123,34,1393,858,180,260,1,-1,-1,-1
123,35,1604,557,140,160,1,-1,-1,-1
123,36,1940,742,151,168,1,-1,-1,-1
123,37,547,428,185,193,1,-1,-1,-1
123,38,206,1367,312,73,1,-1,-1,-1
123,39,420,864,284,260,1,-1,-1,-1
123,40,1730,858,152,300,1,-1,-1,-1
123,41,444,1278,193,162,1,-1,-1,-1
123,42,626,282,123,178,1,-1,-1,-1
123,44,962,608,251,213,1,-1,-1,-1
123,45,375,533,132,220,1,-1,-1,-1
123,46,1012,671,324,244,1,-1,-1,-1
123,47,720,391,206,190,1,-1,-1,-1
123,48,2211,519,228,176,1,-1,-1,-1
123,51,1995,190,548,319,1,-1,-1,-1
123,52,889,1213,212,144,1,-1,-1,-1
123,53,822,1225,284,208,1,-1,-1,-1
124,2,626,238,116,188,1,-1,-1,-1
124,5,509,340,152,132,1,-1,-1,-1
124,6,1290,226,113,218,1,-1,-1,-1
124,7,510,486,248,171,1,-1,-1,-1
124,8,771,409,149,190,1,-1,-1,-1
124,9,775,288,96,124,1,-1,-1,-1
124,11,483,279,157,171,1,-1,-1,-1
124,14,267,1039,208,300,1,-1,-1,-1
124,15,1940,718,220,247,1,-1,-1,-1
124,19,1027,639,304,247,1,-1,-1,-1
124,21,631,313,1929,869,1,-1,-1,-1
124,23,1191,403,264,196,1,-1,-1,-1
124,24,216,928,255,366,1,-1,-1,-1
124,28,1930,273,149,126,1,-1,-1,-1
124,30,1929,292,192,160,1,-1,-1,-1
124,31,1718,186,842,592,1,-1,-1,-1
124,34,1392,858,180,260,1,-1,-1,-1
124,35,1599,566,140,160,1,-1,-1,-1
124,36,1940,746,151,168,1,-1,-1,-1
124,37,547,428,185,193,1,-1,-1,-1
124,38,206,1368,312,72,1,-1,-1,-1
124,39,421,864,284,260,1,-1,-1,-1
124,40,1724,863,152,300,1,-1,-1,-1
124,41,449,1276,193,164,1,-1,-1,-1
124,42,624,281,123,178,1,-1,-1,-1
124,44,984,595,264,224,1,-1,-1,-1
124,45,379,518,132,220,1,-1,-1,-1
124,46,1019,670,324,244,1,-1,-1,-1
124,47,720,392,206,190,1,-1,-1,-1
124,48,2216,513,228,176,1,-1,-1,-1
124,51,2004,191,548,319,1,-1,-1,-1
124,52,889,1210,212,144,1,-1,-1,-1
124,53,824,1224,284,208,1,-1,-1,-1
125,2,626,239,116,188,1,-1,-1,-1
125,5,509,340,152,132,1,-1,-1,-1
125,6,1290,226,113,218,1,-1,-1,-1
125,7,510,485,248,171,1,-1,-1,-1
125,8,770,409,149,190,1,-1,-1,-1
125,9,776,288,96,124,1,-1,-1,-1
125,11,484,279,157,171,1,-1,-1,-1
125,14,266,1039,208,300,1,-1,-1,-1
125,15,1944,720,220,247,1,-1,-1,-1
125,19,1037,656,304,247,1,-1,-1,-1
125,21,626,324,1934,869,1,-1,-1,-1
125,23,1191,402,264,196,1,-1,-1,-1
125,24,219,930,255,366,1,-1,-1,-1
125,28,1932,273,149,126,1,-1,-1,-1
125,31,1716,188,844,592,1,-1,-1,-1
125,34,1393,858,180,260,1,-1,-1,-1
125,35,1599,565,140,160,1,-1,-1,-1
125,36,1939,746,151,168,1,-1,-1,-1
125,37,546,427,185,193,1,-1,-1,-1
125,38,206,1370,312,70,1,-1,-1,-1
125,39,421,864,284,260,1,-1,-1,-1
125,40,1721,863,152,300,1,-1,-1,-1
125,41,451,1277,193,163,1,-1,-1,-1
125,42,624,281,123,178,1,-1,-1,-1
125,44,991,591,264,224,1,-1,-1,-1
125,45,380,519,132,220,1,-1,-1,-1
125,46,1011,664,340,256,1,-1,-1,-1
125,47,721,392,206,190,1,-1,-1,-1
125,48,2216,513,228,176,1,-1,-1,-1
125,51,1995,186,548,319,1,-1,-1,-1
125,52,889,1210,212,144,1,-1,-1,-1
125,53,824,1222,284,208,1,-1,-1,-1
126,2,624,239,116,188,1,-1,-1,-1
126,5,508,342,152,132,1,-1,-1,-1
126,6,1290,226,113,218,1,-1,-1,-1
126,7,511,484,248,171,1,-1,-1,-1
126,8,772,409,149,190,1,-1,-1,-1
126,9,776,290,96,124,1,-1,-1,-1
126,11,483,279,157,171,1,-1,-1,-1
126,14,267,1040,208,300,1,-1,-1,-1
126,15,1943,727,220,247,1,-1,-1,-1
126,19,1043,647,304,247,1,-1,-1,-1
126,21,631,315,1929,869,1,-1,-1,-1
126,23,1190,402,264,196,1,-1,-1,-1
126,24,222,932,255,366,1,-1,-1,-1
126,28,1944,272,149,126,1,-1,-1,-1
126,31,1720,180,840,592,1,-1,-1,-1
126,34,1393,861,180,260,1,-1,-1,-1
126,35,1596,570,147,168,1,-1,-1,-1
126,36,1942,751,151,168,1,-1,-1,-1
126,37,547,427,185,193,1,-1,-1,-1
126,38,199,1369,328,71,1,-1,-1,-1
126,39,422,865,284,260,1,-1,-1,-1
126,40,1704,891,152,300,1,-1,-1,-1
126,41,455,1275,193,165,1,-1,-1,-1
126,42,622,281,123,178,1,-1,-1,-1
126,44,1070,588,264,224,1,-1,-1,-1
126,45,382,510,132,220,1,-1,-1,-1
126,46,1013,656,357,269,1,-1,-1,-1
126,47,721,393,206,190,1,-1,-1,-1
126,48,2217,511,228,176,1,-1,-1,-1
126,51,1996,181,548,319,1,-1,-1,-1
126,52,891,1209,212,144,1,-1,-1,-1
126,53,827,1221,284,208,1,-1,-1,-1
127,2,623,240,116,188,1,-1,-1,-1
127,5,506,345,152,132,1,-1,-1,-1
127,6,1289,228,113,218,1,-1,-1,-1
127,7,510,484,248,171,1,-1,-1,-1
127,8,774,409,149,190,1,-1,-1,-1
127,9,776,291,96,124,1,-1,-1,-1
127,11,483,278,157,171,1,-1,-1,-1
127,14,278,1047,198,286,1,-1,-1,-1
127,15,1944,730,220,247,1,-1,-1,-1
127,19,1060,658,304,247,1,-1,-1,-1
127,21,630,316,1930,869,1,-1,-1,-1
127,23,1190,404,264,196,1,-1,-1,-1
127,24,228,939,255,366,1,-1,-1,-1
127,28,1956,273,149,126,1,-1,-1,-1
127,31,1724,177,836,592,1,-1,-1,-1
127,34,1391,862,180,260,1,-1,-1,-1
127,35,1602,581,147,168,1,-1,-1,-1
127,36,1943,757,151,168,1,-1,-1,-1
127,37,545,426,185,193,1,-1,-1,-1
127,38,202,1371,328,69,1,-1,-1,-1
127,39,424,865,284,260,1,-1,-1,-1
127,40,1694,896,152,300,1,-1,-1,-1
127,41,453,1275,193,165,1,-1,-1,-1
127,42,621,282,123,178,1,-1,-1,-1
127,45,386,509,132,220,1,-1,-1,-1
127,46,1044,665,340,256,1,-1,-1,-1
127,47,721,394,206,190,1,-1,-1,-1
127,48,2218,508,228,176,1,-1,-1,-1
127,51,1998,180,548,319,1,-1,-1,-1
127,52,904,1205,212,144,1,-1,-1,-1
127,53,833,1219,284,208,1,-1,-1,-1
128,2,624,242,116,188,1,-1,-1,-1
128,5,501,345,160,139,1,-1,-1,-1
128,6,1289,229,113,218,1,-1,-1,-1
128,7,509,485,248,171,1,-1,-1,-1
128,8,773,408,149,190,1,-1,-1,-1
128,9,776,293,96,124,1,-1,-1,-1
128,11,482,278,157,171,1,-1,-1,-1
128,14,310,1067,198,286,1,-1,-1,-1
128,15,1945,736,220,247,1,-1,-1,-1
128,19,1085,660,304,247,1,-1,-1,-1
128,21,681,350,1879,827,1,-1,-1,-1
128,23,1190,404,264,196,1,-1,-1,-1
128,24,258,972,255,366,1,-1,-1,-1
128,28,1965,276,141,120,1,-1,-1,-1
128,31,1723,180,837,592,1,-1,-1,-1
128,34,1389,863,180,260,1,-1,-1,-1
128,35,1610,588,154,176,1,-1,-1,-1
128,36,1943,765,151,168,1,-1,-1,-1
128,37,545,427,185,193,1,-1,-1,-1
128,38,200,1374,328,66,1,-1,-1,-1
128,39,427,867,284,260,1,-1,-1,-1
128,40,1692,922,152,300,1,-1,-1,-1
128,42,620,283,123,178,1,-1,-1,-1
128,45,389,503,132,220,1,-1,-1,-1
128,46,1075,669,324,244,1,-1,-1,-1
128,47,721,394,206,190,1,-1,-1,-1
128,48,2223,505,228,176,1,-1,-1,-1
128,51,2006,180,548,319,1,-1,-1,-1
128,52,922,1200,202,137,1,-1,-1,-1
128,53,853,1212,284,208,1,-1,-1,-1
129,2,624,242,116,188,1,-1,-1,-1
129,5,484,356,172,128,1,-1,-1,-1
129,6,1289,229,113,218,1,-1,-1,-1
129,7,509,485,248,171,1,-1,-1,-1
129,8,773,408,149,190,1,-1,-1,-1
129,9,776,293,96,124,1,-1,-1,-1
129,11,482,278,157,171,1,-1,-1,-1
129,14,284,1124,256,244,1,-1,-1,-1
129,15,1945,736,220,247,1,-1,-1,-1
129,19,1085,660,304,247,1,-1,-1,-1
129,21,681,350,1879,827,1,-1,-1,-1
129,23,1190,404,264,196,1,-1,-1,-1
129,24,258,972,255,366,1,-1,-1,-1
129,28,1965,276,141,120,1,-1,-1,-1
129,31,1723,180,837,592,1,-1,-1,-1
129,34,1392,844,160,196,1,-1,-1,-1
129,35,1620,592,136,168,1,-1,-1,-1
129,36,1943,765,151,168,1,-1,-1,-1
129,37,545,427,185,193,1,-1,-1,-1
129,38,196,1352,404,84,1,-1,-1,-1
129,39,424,872,312,252,1,-1,-1,-1
129,40,1692,922,152,300,1,-1,-1,-1
129,42,620,283,123,178,1,-1,-1,-1
129,45,384,536,132,168,1,-1,-1,-1
129,46,1075,669,324,244,1,-1,-1,-1
129,47,721,394,206,190,1,-1,-1,-1
129,48,2223,505,228,176,1,-1,-1,-1
129,51,2006,180,548,319,1,-1,-1,-1
129,52,922,1200,202,137,1,-1,-1,-1
129,53,884,1204,256,236,1,-1,-1,-1
129,54,1140,620,272,144,1,-1,-1,-1
129,55,1664,964,208,156,1,-1,-1,-1
130,2,622,244,116,188,1,-1,-1,-1
130,5,483,360,172,128,1,-1,-1,-1
130,6,1289,230,113,218,1,-1,-1,-1
130,7,505,486,248,171,1,-1,-1,-1
130,8,770,404,156,200,1,-1,-1,-1
130,9,773,297,96,124,1,-1,-1,-1
130,11,483,276,157,171,1,-1,-1,-1
130,14,291,1130,256,244,1,-1,-1,-1
130,15,1948,750,220,247,1,-1,-1,-1
130,19,1101,660,304,247,1,-1,-1,-1
130,21,677,340,1883,827,1,-1,-1,-1
130,23,1189,404,264,196,1,-1,-1,-1
130,24,290,1007,255,366,1,-1,-1,-1
130,28,1964,265,141,120,1,-1,-1,-1
130,31,1734,184,826,592,1,-1,-1,-1
130,34,1389,843,160,196,1,-1,-1,-1
130,35,1623,596,136,168,1,-1,-1,-1
130,36,1945,780,151,168,1,-1,-1,-1
130,37,543,429,185,193,1,-1,-1,-1
130,38,206,1352,404,84,1,-1,-1,-1
130,39,426,872,312,252,1,-1,-1,-1
130,40,1703,962,152,300,1,-1,-1,-1
130,42,619,284,123,178,1,-1,-1,-1
130,45,385,533,132,168,1,-1,-1,-1
130,46,1094,671,324,244,1,-1,-1,-1
130,47,721,394,206,190,1,-1,-1,-1
130,48,2219,513,228,176,1,-1,-1,-1
130,51,2008,182,548,319,1,-1,-1,-1
130,52,954,1181,202,137,1,-1,-1,-1
130,53,894,1202,256,236,1,-1,-1,-1
130,54,1155,625,272,144,1,-1,-1,-1
130,55,1663,974,208,156,1,-1,-1,-1
131,2,622,244,116,188,1,-1,-1,-1
131,5,483,361,172,128,1,-1,-1,-1
131,6,1289,230,113,218,1,-1,-1,-1
131,7,506,486,248,171,1,-1,-1,-1
131,8,769,405,156,200,1,-1,-1,-1
131,9,773,297,96,124,1,-1,-1,-1
131,11,483,276,157,171,1,-1,-1,-1
131,14,294,1133,256,244,1,-1,-1,-1
131,15,1949,749,220,247,1,-1,-1,-1
131,19,1101,660,304,247,1,-1,-1,-1
131,21,693,337,1867,827,1,-1,-1,-1
131,23,1190,403,264,196,1,-1,-1,-1
131,24,298,1013,243,348,1,-1,-1,-1
131,28,1969,262,141,120,1,-1,-1,-1
131,31,1732,185,828,592,1,-1,-1,-1
131,34,1388,843,160,196,1,-1,-1,-1
131,35,1624,598,136,168,1,-1,-1,-1
131,36,1945,780,151,168,1,-1,-1,-1
131,37,540,429,185,193,1,-1,-1,-1
131,38,209,1352,404,84,1,-1,-1,-1
131,39,427,873,312,252,1,-1,-1,-1
131,40,1701,961,152,300,1,-1,-1,-1
131,42,619,285,123,178,1,-1,-1,-1
131,45,386,532,132,168,1,-1,-1,-1
131,46,1095,674,324,244,1,-1,-1,-1
131,47,720,395,206,190,1,-1,-1,-1
131,48,2218,513,228,176,1,-1,-1,-1
131,51,2007,185,548,319,1,-1,-1,-1
131,52,961,1185,192,131,1,-1,-1,-1
131,53,897,1201,256,236,1,-1,-1,-1
131,54,1156,625,272,144,1,-1,-1,-1
131,55,1661,977,208,156,1,-1,-1,-1
132,2,621,244,116,188,1,-1,-1,-1
132,5,484,363,172,128,1,-1,-1,-1
132,6,1289,232,113,218,1,-1,-1,-1
132,7,505,487,248,171,1,-1,-1,-1
132,8,769,406,156,200,1,-1,-1,-1
132,9,770,295,101,130,1,-1,-1,-1
132,11,483,275,157,171,1,-1,-1,-1
132,14,296,1139,256,244,1,-1,-1,-1
132,15,1941,776,220,247,1,-1,-1,-1
132,19,1102,654,320,259,1,-1,-1,-1
132,21,697,325,1863,827,1,-1,-1,-1
132,23,1190,403,264,196,1,-1,-1,-1
132,24,292,1014,243,348,1,-1,-1,-1
132,28,1968,265,141,120,1,-1,-1,-1
132,31,1731,181,829,592,1,-1,-1,-1
132,34,1387,841,160,196,1,-1,-1,-1
132,35,1625,601,136,168,1,-1,-1,-1
132,36,1938,805,151,168,1,-1,-1,-1
132,37,541,431,185,193,1,-1,-1,-1
132,38,244,1353,404,84,1,-1,-1,-1
132,39,428,875,312,252,1,-1,-1,-1
132,40,1705,968,152,300,1,-1,-1,-1
132,42,618,285,123,178,1,-1,-1,-1
132,45,387,525,132,168,1,-1,-1,-1
132,46,1108,680,324,244,1,-1,-1,-1
132,47,719,395,206,190,1,-1,-1,-1
132,48,2218,514,228,176,1,-1,-1,-1
132,51,2000,175,560,335,1,-1,-1,-1
132,52,971,1185,192,131,1,-1,-1,-1
132,53,908,1202,256,236,1,-1,-1,-1
132,54,1166,624,272,144,1,-1,-1,-1
132,55,1658,986,208,156,1,-1,-1,-1
133,2,621,244,116,188,1,-1,-1,-1
133,5,485,364,172,128,1,-1,-1,-1
133,6,1288,233,113,218,1,-1,-1,-1
133,7,504,489,248,171,1,-1,-1,-1
133,8,768,406,156,200,1,-1,-1,-1
133,9,770,295,101,130,1,-1,-1,-1
133,11,484,274,157,171,1,-1,-1,-1
133,14,301,1144,256,244,1,-1,-1,-1
133,15,1950,797,220,247,1,-1,-1,-1
133,19,1106,654,320,259,1,-1,-1,-1
133,21,715,326,1845,827,1,-1,-1,-1
133,23,1191,401,264,196,1,-1,-1,-1
133,24,301,1024,231,332,1,-1,-1,-1
133,28,1979,277,141,120,1,-1,-1,-1
133,31,1721,178,839,592,1,-1,-1,-1
133,34,1385,836,160,196,1,-1,-1,-1
133,35,1624,608,143,176,1,-1,-1,-1
133,36,1945,823,151,168,1,-1,-1,-1
133,37,540,433,185,193,1,-1,-1,-1
133,38,270,1353,404,84,1,-1,-1,-1
133,39,434,876,312,252,1,-1,-1,-1
133,40,1702,967,152,300,1,-1,-1,-1
133,42,618,285,123,178,1,-1,-1,-1
133,45,388,519,132,168,1,-1,-1,-1
133,46,1113,679,324,244,1,-1,-1,-1
133,47,718,396,206,190,1,-1,-1,-1
133,48,2221,517,217,168,1,-1,-1,-1
133,51,2003,180,557,335,1,-1,-1,-1
133,52,976,1186,192,131,1,-1,-1,-1
133,53,915,1202,256,236,1,-1,-1,-1
133,54,1172,624,272,144,1,-1,-1,-1
133,55,1651,992,208,156,1,-1,-1,-1
134,2,621,244,116,188,1,-1,-1,-1
134,5,487,366,172,128,1,-1,-1,-1
134,6,1288,233,113,218,1,-1,-1,-1
134,7,503,490,248,171,1,-1,-1,-1
134,8,767,406,156,200,1,-1,-1,-1
134,9,767,293,106,137,1,-1,-1,-1
134,11,484,274,157,171,1,-1,-1,-1
134,14,304,1149,256,244,1,-1,-1,-1
134,15,1965,825,220,247,1,-1,-1,-1
134,19,1123,660,304,247,1,-1,-1,-1
134,21,706,295,1854,827,1,-1,-1,-1
134,23,1190,399,264,196,1,-1,-1,-1
134,24,301,1024,231,332,1,-1,-1,-1
134,28,1979,276,141,120,1,-1,-1,-1
134,31,1725,181,835,592,1,-1,-1,-1
134,34,1385,831,160,196,1,-1,-1,-1
134,35,1617,619,143,176,1,-1,-1,-1
134,36,1960,848,151,168,1,-1,-1,-1
134,37,538,433,185,193,1,-1,-1,-1
134,38,271,1351,424,88,1,-1,-1,-1
134,39,439,876,312,252,1,-1,-1,-1
134,40,1699,965,152,300,1,-1,-1,-1
134,42,618,286,123,178,1,-1,-1,-1
134,45,389,507,132,168,1,-1,-1,-1
134,46,1123,682,324,244,1,-1,-1,-1
134,47,717,396,206,190,1,-1,-1,-1
134,48,2220,514,217,168,1,-1,-1,-1
134,51,2015,189,545,335,1,-1,-1,-1
134,52,980,1185,192,131,1,-1,-1,-1
134,53,920,1203,256,236,1,-1,-1,-1
134,54,1173,624,259,137,1,-1,-1,-1
134,55,1631,996,218,164,1,-1,-1,-1
135,2,622,244,116,188,1,-1,-1,-1
135,5,488,367,172,128,1,-1,-1,-1
135,6,1289,233,113,218,1,-1,-1,-1
135,7,503,490,248,171,1,-1,-1,-1
135,8,765,407,156,200,1,-1,-1,-1
135,9,767,294,106,137,1,-1,-1,-1
135,11,484,272,157,171,1,-1,-1,-1
135,14,308,1151,256,244,1,-1,-1,-1
135,15,1985,874,220,247,1,-1,-1,-1
135,19,1129,659,290,235,1,-1,-1,-1
135,21,708,285,1852,827,1,-1,-1,-1
135,23,1191,399,264,196,1,-1,-1,-1
135,24,297,1027,231,332,1,-1,-1,-1
135,28,1980,276,141,120,1,-1,-1,-1
135,31,1736,195,824,592,1,-1,-1,-1
135,34,1385,826,160,196,1,-1,-1,-1
135,35,1604,622,143,176,1,-1,-1,-1
135,36,1979,884,151,168,1,-1,-1,-1
135,37,535,434,185,193,1,-1,-1,-1
135,38,283,1351,424,88,1,-1,-1,-1
135,39,445,878,312,252,1,-1,-1,-1
135,40,1691,968,152,300,1,-1,-1,-1
135,42,619,285,123,178,1,-1,-1,-1
135,45,383,503,139,176,1,-1,-1,-1
135,46,1128,676,324,244,1,-1,-1,-1
135,47,714,399,206,190,1,-1,-1,-1
135,48,2219,510,217,168,1,-1,-1,-1
135,51,2133,202,427,335,1,-1,-1,-1
135,52,981,1185,192,131,1,-1,-1,-1
135,53,922,1203,256,236,1,-1,-1,-1
135,54,1180,619,259,137,1,-1,-1,-1
135,55,1614,998,218,164,1,-1,-1,-1
136,2,621,243,116,188,1,-1,-1,-1
136,5,488,368,172,128,1,-1,-1,-1
136,6,1288,232,113,218,1,-1,-1,-1
136,7,503,491,248,171,1,-1,-1,-1
136,8,760,410,156,200,1,-1,-1,-1
136,9,770,295,106,137,1,-1,-1,-1
136,11,484,272,157,171,1,-1,-1,-1
136,14,317,1152,256,244,1,-1,-1,-1
136,15,1997,931,220,247,1,-1,-1,-1
136,19,1124,658,290,235,1,-1,-1,-1
136,21,706,285,1854,827,1,-1,-1,-1
136,23,1192,401,264,196,1,-1,-1,-1
136,24,308,1024,231,332,1,-1,-1,-1
136,28,1979,275,141,120,1,-1,-1,-1
136,31,1741,202,819,592,1,-1,-1,-1
136,34,1384,827,160,196,1,-1,-1,-1
136,35,1599,625,143,176,1,-1,-1,-1
136,36,1994,942,151,168,1,-1,-1,-1
136,37,535,434,185,193,1,-1,-1,-1
136,38,288,1351,424,88,1,-1,-1,-1
136,39,448,877,312,252,1,-1,-1,-1
136,40,1667,976,152,300,1,-1,-1,-1
136,42,618,284,123,178,1,-1,-1,-1
136,45,383,507,139,176,1,-1,-1,-1
136,47,709,403,206,190,1,-1,-1,-1
136,48,2224,519,207,160,1,-1,-1,-1
136,51,2236,182,324,335,1,-1,-1,-1
136,52,982,1186,192,131,1,-1,-1,-1
136,53,924,1204,256,236,1,-1,-1,-1
136,54,1180,616,259,137,1,-1,-1,-1
136,55,1588,998,218,164,1,-1,-1,-1
137,2,620,236,120,184,1,-1,-1,-1
137,5,452,372,208,140,1,-1,-1,-1
137,6,1284,232,120,192,1,-1,-1,-1
137,7,503,491,248,171,1,-1,-1,-1
137,8,760,410,156,200,1,-1,-1,-1
137,9,770,295,106,137,1,-1,-1,-1
137,11,484,272,157,171,1,-1,-1,-1
137,14,320,1156,304,220,1,-1,-1,-1
137,15,1968,940,256,332,1,-1,-1,-1
137,19,1124,658,290,235,1,-1,-1,-1
137,21,706,285,1854,827,1,-1,-1,-1
137,23,1192,401,264,196,1,-1,-1,-1
137,24,308,1024,231,332,1,-1,-1,-1
137,28,1979,275,141,120,1,-1,-1,-1
137,31,1741,202,819,592,1,-1,-1,-1
137,34,1392,816,144,228,1,-1,-1,-1
137,35,1599,625,143,176,1,-1,-1,-1
137,36,1994,942,151,168,1,-1,-1,-1
137,37,535,434,185,193,1,-1,-1,-1
137,38,288,1351,424,88,1,-1,-1,-1
137,39,456,884,300,240,1,-1,-1,-1
137,40,1667,976,152,300,1,-1,-1,-1
137,42,618,284,123,178,1,-1,-1,-1
137,45,368,516,156,196,1,-1,-1,-1
137,47,709,403,206,190,1,-1,-1,-1
137,48,2224,519,207,160,1,-1,-1,-1
137,51,2236,182,324,335,1,-1,-1,-1
137,52,982,1186,192,131,1,-1,-1,-1
137,53,924,1204,256,236,1,-1,-1,-1
137,54,1180,616,259,137,1,-1,-1,-1
137,55,1572,1024,252,212,1,-1,-1,-1
137,56,1560,636,184,248,1,-1,-1,-1
137,57,1360,632,204,220,1,-1,-1,-1
138,2,619,237,120,184,1,-1,-1,-1
138,5,451,372,208,140,1,-1,-1,-1
138,6,1284,232,120,192,1,-1,-1,-1
138,7,503,489,248,171,1,-1,-1,-1
138,8,755,416,156,200,1,-1,-1,-1
138,9,772,299,106,137,1,-1,-1,-1
138,11,484,271,157,171,1,-1,-1,-1
138,14,325,1157,304,220,1,-1,-1,-1
138,15,1971,960,256,332,1,-1,-1,-1
138,19,1129,661,290,235,1,-1,-1,-1
138,21,708,270,1852,827,1,-1,-1,-1
138,23,1191,402,264,196,1,-1,-1,-1
138,24,315,1024,231,332,1,-1,-1,-1
138,28,1978,276,141,120,1,-1,-1,-1
138,31,1746,201,814,592,1,-1,-1,-1
138,34,1391,818,144,228,1,-1,-1,-1
138,35,1598,618,150,185,1,-1,-1,-1
138,36,2008,991,144,160,1,-1,-1,-1
138,37,535,433,185,193,1,-1,-1,-1
138,38,290,1351,424,88,1,-1,-1,-1
138,39,457,884,300,240,1,-1,-1,-1
138,40,1644,984,152,300,1,-1,-1,-1
138,42,619,284,123,178,1,-1,-1,-1
138,45,369,517,156,196,1,-1,-1,-1
138,47,704,408,206,190,1,-1,-1,-1
138,48,2244,527,197,152,1,-1,-1,-1
138,51,2348,170,212,319,1,-1,-1,-1
138,52,982,1186,192,131,1,-1,-1,-1
138,53,923,1204,256,236,1,-1,-1,-1
138,54,1180,614,259,137,1,-1,-1,-1
138,55,1560,1026,252,212,1,-1,-1,-1
138,56,1558,637,184,248,1,-1,-1,-1
138,57,1362,634,204,220,1,-1,-1,-1
139,2,618,239,120,184,1,-1,-1,-1
139,5,451,373,208,140,1,-1,-1,-1
139,6,1283,233,120,192,1,-1,-1,-1
139,7,504,489,248,171,1,-1,-1,-1
139,8,747,421,156,200,1,-1,-1,-1
139,9,777,303,106,137,1,-1,-1,-1
139,11,483,271,157,171,1,-1,-1,-1
139,14,351,1169,290,210,1,-1,-1,-1
139,15,1976,972,256,332,1,-1,-1,-1
139,19,1129,657,290,235,1,-1,-1,-1
139,21,716,272,1844,827,1,-1,-1,-1
139,23,1191,402,264,196,1,-1,-1,-1
139,24,328,1023,231,332,1,-1,-1,-1
139,28,1978,279,141,120,1,-1,-1,-1
139,31,1734,201,826,592,1,-1,-1,-1
139,34,1388,822,144,228,1,-1,-1,-1
139,35,1604,618,150,185,1,-1,-1,-1
139,36,2019,1002,144,160,1,-1,-1,-1
139,37,535,433,185,193,1,-1,-1,-1
139,38,304,1352,404,84,1,-1,-1,-1
139,39,459,884,300,240,1,-1,-1,-1
139,40,1618,990,152,300,1,-1,-1,-1
139,42,619,285,123,178,1,-1,-1,-1
139,45,370,519,156,196,1,-1,-1,-1
139,47,697,410,206,190,1,-1,-1,-1
139,48,2243,522,197,152,1,-1,-1,-1
139,51,2401,146,159,304,1,-1,-1,-1
139,52,983,1188,192,131,1,-1,-1,-1
139,53,925,1206,256,234,1,-1,-1,-1
139,54,1176,607,272,144,1,-1,-1,-1
139,55,1536,1039,252,212,1,-1,-1,-1
139,56,1556,639,184,248,1,-1,-1,-1
139,57,1363,637,204,220,1,-1,-1,-1
140,2,618,241,120,184,1,-1,-1,-1
140,5,449,374,208,140,1,-1,-1,-1
140,6,1283,233,120,192,1,-1,-1,-1
140,7,502,488,248,171,1,-1,-1,-1
140,8,725,432,156,200,1,-1,-1,-1
140,9,789,305,106,137,1,-1,-1,-1
140,11,482,272,157,171,1,-1,-1,-1
140,14,373,1178,276,200,1,-1,-1,-1
140,15,1981,975,256,332,1,-1,-1,-1
140,19,1132,661,290,235,1,-1,-1,-1
140,21,713,268,1847,827,1,-1,-1,-1
140,23,1191,400,264,196,1,-1,-1,-1
140,24,363,1043,231,332,1,-1,-1,-1
140,28,1976,280,141,120,1,-1,-1,-1
140,31,1731,198,829,592,1,-1,-1,-1
140,34,1384,825,144,228,1,-1,-1,-1
140,35,1605,610,157,194,1,-1,-1,-1
140,36,2018,1001,151,168,1,-1,-1,-1
140,37,536,431,185,193,1,-1,-1,-1
140,38,297,1353,424,87,1,-1,-1,-1
140,39,459,884,300,240,1,-1,-1,-1
140,40,1599,1003,152,300,1,-1,-1,-1
140,42,616,288,123,178,1,-1,-1,-1
140,45,370,520,156,196,1,-1,-1,-1
140,47,684,420,206,190,1,-1,-1,-1
140,48,2245,516,197,152,1,-1,-1,-1
140,51,2352,134,208,304,1,-1,-1,-1
140,52,988,1190,183,124,1,-1,-1,-1
140,53,925,1207,256,233,1,-1,-1,-1
140,54,1176,605,272,144,1,-1,-1,-1
140,55,1520,1059,240,202,1,-1,-1,-1
140,56,1554,640,184,248,1,-1,-1,-1
140,57,1364,637,204,220,1,-1,-1,-1
141,2,618,241,120,184,1,-1,-1,-1
141,5,445,375,208,140,1,-1,-1,-1
141,6,1283,232,120,192,1,-1,-1,-1
141,7,498,488,248,171,1,-1,-1,-1
141,8,702,442,156,200,1,-1,-1,-1
141,9,811,306,106,137,1,-1,-1,-1
141,11,482,271,157,171,1,-1,-1,-1
141,14,385,1176,276,200,1,-1,-1,-1
141,15,1980,976,256,332,1,-1,-1,-1
141,21,710,267,1850,827,1,-1,-1,-1
141,23,1190,398,264,196,1,-1,-1,-1
141,24,369,1040,231,332,1,-1,-1,-1
141,28,1973,279,149,126,1,-1,-1,-1
141,31,1728,199,832,592,1,-1,-1,-1
141,34,1376,829,144,228,1,-1,-1,-1
141,35,1610,613,157,194,1,-1,-1,-1
141,36,2016,1001,151,168,1,-1,-1,-1
141,37,534,430,185,193,1,-1,-1,-1
141,38,301,1358,424,82,1,-1,-1,-1
141,39,458,884,300,240,1,-1,-1,-1
141,40,1583,1036,145,286,1,-1,-1,-1
141,42,615,288,123,178,1,-1,-1,-1
141,45,370,521,156,196,1,-1,-1,-1
141,47,670,435,196,181,1,-1,-1,-1
141,48,2245,509,197,152,1,-1,-1,-1
141,51,2380,121,180,304,1,-1,-1,-1
141,52,987,1190,183,124,1,-1,-1,-1
141,53,923,1207,256,233,1,-1,-1,-1
141,54,1178,604,272,144,1,-1,-1,-1
141,55,1502,1086,240,202,1,-1,-1,-1
141,56,1556,645,184,248,1,-1,-1,-1
141,57,1363,639,204,220,1,-1,-1,-1
142,2,617,240,120,184,1,-1,-1,-1
142,5,441,376,208,140,1,-1,-1,-1
142,6,1283,230,120,192,1,-1,-1,-1
142,7,492,489,248,171,1,-1,-1,-1
142,8,693,447,156,200,1,-1,-1,-1
142,9,822,307,106,137,1,-1,-1,-1
142,11,482,272,157,171,1,-1,-1,-1
142,14,392,1176,276,200,1,-1,-1,-1
142,15,1978,977,256,332,1,-1,-1,-1
142,21,706,267,1854,827,1,-1,-1,-1
142,23,1192,394,264,196,1,-1,-1,-1
142,24,374,1040,231,332,1,-1,-1,-1
142,28,1973,279,149,126,1,-1,-1,-1
142,31,1723,206,837,592,1,-1,-1,-1
142,34,1358,830,144,228,1,-1,-1,-1
142,35,1613,613,157,194,1,-1,-1,-1
142,36,2012,1002,151,168,1,-1,-1,-1
142,37,533,433,185,193,1,-1,-1,-1
142,38,386,1353,404,84,1,-1,-1,-1
142,39,458,884,300,240,1,-1,-1,-1
142,40,1580,1048,145,286,1,-1,-1,-1
142,42,614,286,123,178,1,-1,-1,-1
142,45,370,522,156,196,1,-1,-1,-1
142,47,646,447,196,181,1,-1,-1,-1
142,48,2240,517,197,152,1,-1,-1,-1
142,52,988,1190,183,124,1,-1,-1,-1
142,53,921,1207,256,233,1,-1,-1,-1
142,54,1179,604,272,144,1,-1,-1,-1
142,55,1483,1118,240,202,1,-1,-1,-1
142,56,1559,648,184,248,1,-1,-1,-1
142,57,1366,640,204,220,1,-1,-1,-1
143,2,617,240,120,184,1,-1,-1,-1
143,5,440,377,208,140,1,-1,-1,-1
143,6,1284,230,120,192,1,-1,-1,-1
143,7,490,491,248,171,1,-1,-1,-1
143,8,692,450,156,200,1,-1,-1,-1
143,9,825,308,106,137,1,-1,-1,-1
143,11,481,272,157,171,1,-1,-1,-1
143,14,393,1177,276,200,1,-1,-1,-1
143,15,1976,975,256,332,1,-1,-1,-1
143,21,699,269,1861,827,1,-1,-1,-1
143,23,1192,393,264,196,1,-1,-1,-1
143,24,372,1041,231,332,1,-1,-1,-1
143,28,1974,278,149,126,1,-1,-1,-1
143,31,1729,209,831,592,1,-1,-1,-1
143,34,1357,831,144,228,1,-1,-1,-1
143,35,1615,614,157,194,1,-1,-1,-1
143,36,2008,999,159,176,1,-1,-1,-1
143,37,533,434,185,193,1,-1,-1,-1
143,38,380,1352,404,84,1,-1,-1,-1
143,39,457,883,300,240,1,-1,-1,-1
143,40,1575,1050,145,286,1,-1,-1,-1
143,42,613,287,123,178,1,-1,-1,-1
143,45,370,522,156,196,1,-1,-1,-1
143,47,646,450,196,181,1,-1,-1,-1
143,48,2238,519,197,152,1,-1,-1,-1
143,52,988,1190,183,124,1,-1,-1,-1
143,53,921,1207,256,233,1,-1,-1,-1
143,54,1180,604,272,144,1,-1,-1,-1
143,55,1480,1119,240,202,1,-1,-1,-1
143,56,1560,647,184,248,1,-1,-1,-1
143,57,1366,642,204,220,1,-1,-1,-1
144,2,618,242,120,184,1,-1,-1,-1
144,5,437,377,208,140,1,-1,-1,-1
144,6,1284,229,120,192,1,-1,-1,-1
144,7,484,487,248,171,1,-1,-1,-1
144,8,678,460,156,200,1,-1,-1,-1
144,9,838,309,106,137,1,-1,-1,-1
144,11,483,271,157,171,1,-1,-1,-1
144,14,399,1175,276,200,1,-1,-1,-1
144,15,1976,974,256,332,1,-1,-1,-1
144,21,690,261,1870,827,1,-1,-1,-1
144,23,1191,392,264,196,1,-1,-1,-1
144,24,375,1038,231,332,1,-1,-1,-1
144,28,1976,277,149,126,1,-1,-1,-1
144,31,1727,202,833,592,1,-1,-1,-1
144,34,1338,838,144,228,1,-1,-1,-1
144,35,1620,620,157,194,1,-1,-1,-1
144,36,2005,999,159,176,1,-1,-1,-1
144,37,532,432,185,193,1,-1,-1,-1
144,38,381,1354,404,84,1,-1,-1,-1
144,39,457,885,300,240,1,-1,-1,-1
144,40,1564,1068,145,286,1,-1,-1,-1
144,42,609,282,130,187,1,-1,-1,-1
144,45,372,522,156,196,1,-1,-1,-1
144,47,636,460,187,173,1,-1,-1,-1
144,48,2234,521,197,152,1,-1,-1,-1
144,52,989,1191,183,124,1,-1,-1,-1
144,53,920,1206,256,234,1,-1,-1,-1
144,54,1182,604,272,144,1,-1,-1,-1
144,55,1475,1127,240,202,1,-1,-1,-1
144,56,1563,650,184,248,1,-1,-1,-1
144,57,1367,641,204,220,1,-1,-1,-1
145,2,618,242,120,184,1,-1,-1,-1
145,5,437,377,208,140,1,-1,-1,-1
145,6,1284,229,120,192,1,-1,-1,-1
145,7,484,487,248,171,1,-1,-1,-1
145,8,678,460,156,200,1,-1,-1,-1
145,9,838,309,106,137,1,-1,-1,-1
145,11,483,271,157,171,1,-1,-1,-1
145,14,399,1175,276,200,1,-1,-1,-1
145,15,1964,984,264,296,1,-1,-1,-1
145,21,690,261,1870,827,1,-1,-1,-1
145,23,1191,392,264,196,1,-1,-1,-1
145,24,375,1038,231,332,1,-1,-1,-1
145,28,1976,277,149,126,1,-1,-1,-1
145,31,1727,202,833,592,1,-1,-1,-1
145,34,1336,792,160,296,1,-1,-1,-1
145,35,1620,620,157,194,1,-1,-1,-1
145,36,2005,999,159,176,1,-1,-1,-1
145,37,532,432,185,193,1,-1,-1,-1
145,38,381,1354,404,84,1,-1,-1,-1
145,39,460,880,304,244,1,-1,-1,-1
145,40,1564,1068,145,286,1,-1,-1,-1
145,42,609,282,130,187,1,-1,-1,-1
145,45,372,522,156,196,1,-1,-1,-1
145,47,636,460,187,173,1,-1,-1,-1
145,48,2234,521,197,152,1,-1,-1,-1
145,52,989,1191,183,124,1,-1,-1,-1
145,53,920,1206,256,234,1,-1,-1,-1
145,54,1182,604,272,144,1,-1,-1,-1
145,55,1475,1127,240,202,1,-1,-1,-1
145,56,1572,664,216,220,1,-1,-1,-1
145,57,1408,652,204,168,1,-1,-1,-1
146,2,622,241,120,184,1,-1,-1,-1
146,5,437,375,208,140,1,-1,-1,-1
146,6,1284,228,120,192,1,-1,-1,-1
146,7,481,485,248,171,1,-1,-1,-1
146,8,651,472,156,200,1,-1,-1,-1
146,9,854,311,106,137,1,-1,-1,-1
146,11,484,271,157,171,1,-1,-1,-1
146,14,407,1172,276,200,1,-1,-1,-1
146,15,1962,982,264,296,1,-1,-1,-1
146,21,645,248,1915,869,1,-1,-1,-1
146,23,1185,388,264,196,1,-1,-1,-1
146,24,382,1038,231,332,1,-1,-1,-1
146,28,1977,278,149,126,1,-1,-1,-1
146,31,1726,202,834,592,1,-1,-1,-1
146,34,1333,791,160,296,1,-1,-1,-1
146,35,1643,627,150,185,1,-1,-1,-1
146,36,2002,996,159,176,1,-1,-1,-1
146,37,529,434,185,193,1,-1,-1,-1
146,38,348,1357,385,80,1,-1,-1,-1
146,39,460,880,304,244,1,-1,-1,-1
146,40,1537,1093,145,286,1,-1,-1,-1
146,42,609,283,130,187,1,-1,-1,-1
146,45,371,519,156,196,1,-1,-1,-1
146,47,610,475,187,173,1,-1,-1,-1
146,48,2226,516,197,152,1,-1,-1,-1
146,52,1006,1192,183,124,1,-1,-1,-1
146,53,929,1207,256,233,1,-1,-1,-1
146,54,1176,605,272,144,1,-1,-1,-1
146,55,1443,1144,240,202,1,-1,-1,-1
146,56,1576,665,216,220,1,-1,-1,-1
146,57,1415,656,204,168,1,-1,-1,-1
147,2,624,239,120,184,1,-1,-1,-1
147,5,441,375,208,140,1,-1,-1,-1
147,6,1284,227,120,192,1,-1,-1,-1
147,7,481,484,248,171,1,-1,-1,-1
147,8,637,491,156,200,1,-1,-1,-1
147,9,867,316,106,137,1,-1,-1,-1
147,11,484,270,157,171,1,-1,-1,-1
147,14,410,1172,276,200,1,-1,-1,-1
147,15,1961,980,264,296,1,-1,-1,-1
147,21,654,250,1906,869,1,-1,-1,-1
147,23,1183,387,264,196,1,-1,-1,-1
147,24,383,1039,231,332,1,-1,-1,-1
147,28,1979,278,149,126,1,-1,-1,-1
147,31,1721,206,839,592,1,-1,-1,-1
147,34,1333,790,160,296,1,-1,-1,-1
147,35,1655,629,150,185,1,-1,-1,-1
147,36,2000,993,159,176,1,-1,-1,-1
147,37,529,436,185,193,1,-1,-1,-1
147,38,354,1361,366,76,1,-1,-1,-1
147,39,460,880,304,244,1,-1,-1,-1
147,40,1520,1092,145,286,1,-1,-1,-1
147,42,610,280,130,187,1,-1,-1,-1
147,45,370,517,156,196,1,-1,-1,-1
147,47,596,490,187,173,1,-1,-1,-1
147,48,2223,512,197,152,1,-1,-1,-1
147,52,1013,1192,183,124,1,-1,-1,-1
147,53,934,1206,256,234,1,-1,-1,-1
147,54,1179,610,259,137,1,-1,-1,-1
147,55,1433,1143,240,202,1,-1,-1,-1
147,56,1583,666,216,220,1,-1,-1,-1
147,57,1438,672,204,168,1,-1,-1,-1
148,2,625,239,120,184,1,-1,-1,-1
148,5,442,375,208,140,1,-1,-1,-1
148,6,1284,226,120,192,1,-1,-1,-1
148,7,486,485,248,171,1,-1,-1,-1
148,8,636,503,149,190,1,-1,-1,-1
148,9,883,320,106,137,1,-1,-1,-1
148,11,484,268,157,171,1,-1,-1,-1
148,14,417,1174,276,200,1,-1,-1,-1
148,15,1959,979,264,296,1,-1,-1,-1
148,21,650,257,1910,869,1,-1,-1,-1
148,23,1185,385,264,196,1,-1,-1,-1
148,24,388,1040,231,332,1,-1,-1,-1
148,28,1978,278,149,126,1,-1,-1,-1
148,31,1722,208,838,592,1,-1,-1,-1
148,34,1336,785,160,296,1,-1,-1,-1
148,35,1660,623,150,185,1,-1,-1,-1
148,36,1998,992,159,176,1,-1,-1,-1
148,37,535,440,176,184,1,-1,-1,-1
148,39,461,880,304,244,1,-1,-1,-1
148,40,1522,1073,145,286,1,-1,-1,-1
148,42,612,280,130,187,1,-1,-1,-1
148,45,370,515,156,196,1,-1,-1,-1
148,47,586,503,187,173,1,-1,-1,-1
148,48,2219,507,197,152,1,-1,-1,-1
148,52,1015,1192,183,124,1,-1,-1,-1
148,53,941,1203,256,236,1,-1,-1,-1
148,54,1180,609,259,137,1,-1,-1,-1
148,55,1431,1135,240,202,1,-1,-1,-1
148,56,1590,666,216,220,1,-1,-1,-1
148,57,1428,662,204,168,1,-1,-1,-1
149,2,625,239,120,184,1,-1,-1,-1
149,5,442,374,208,140,1,-1,-1,-1
149,6,1284,226,120,192,1,-1,-1,-1
149,8,634,504,149,190,1,-1,-1,-1
149,9,887,320,106,137,1,-1,-1,-1
149,11,485,267,157,171,1,-1,-1,-1
149,14,419,1175,276,200,1,-1,-1,-1
149,15,1958,978,264,296,1,-1,-1,-1
149,21,650,260,1910,869,1,-1,-1,-1
149,23,1185,384,264,196,1,-1,-1,-1
149,24,389,1042,231,332,1,-1,-1,-1
149,28,1978,278,149,126,1,-1,-1,-1
149,31,1721,206,839,592,1,-1,-1,-1
149,34,1338,784,160,296,1,-1,-1,-1
149,35,1660,627,150,185,1,-1,-1,-1
149,36,1999,991,159,176,1,-1,-1,-1
149,37,534,440,176,184,1,-1,-1,-1
149,39,460,880,304,244,1,-1,-1,-1
149,40,1518,1070,145,286,1,-1,-1,-1
149,42,611,281,130,187,1,-1,-1,-1
149,45,371,515,156,196,1,-1,-1,-1
149,47,587,502,187,173,1,-1,-1,-1
149,48,2217,503,197,152,1,-1,-1,-1
149,52,1016,1192,183,124,1,-1,-1,-1
149,53,941,1202,256,236,1,-1,-1,-1
149,54,1180,610,259,137,1,-1,-1,-1
149,55,1430,1134,240,202,1,-1,-1,-1
149,56,1591,667,216,220,1,-1,-1,-1
149,57,1433,661,204,168,1,-1,-1,-1
150,2,625,239,120,184,1,-1,-1,-1
150,5,443,374,208,140,1,-1,-1,-1
150,6,1285,225,120,192,1,-1,-1,-1
150,8,621,518,149,190,1,-1,-1,-1
150,9,901,323,101,130,1,-1,-1,-1
150,11,483,267,157,171,1,-1,-1,-1
150,14,419,1177,276,200,1,-1,-1,-1
150,15,1957,977,264,296,1,-1,-1,-1
150,21,653,263,1907,869,1,-1,-1,-1
150,23,1186,384,264,196,1,-1,-1,-1
150,24,384,1034,243,348,1,-1,-1,-1
150,28,1977,278,149,126,1,-1,-1,-1
150,31,1721,202,839,592,1,-1,-1,-1
150,34,1340,780,160,296,1,-1,-1,-1
150,35,1665,626,150,185,1,-1,-1,-1
150,36,1997,990,159,176,1,-1,-1,-1
150,37,539,441,176,184,1,-1,-1,-1
150,39,460,881,304,244,1,-1,-1,-1
150,40,1518,1068,145,286,1,-1,-1,-1
150,42,611,280,130,187,1,-1,-1,-1
150,45,370,515,156,196,1,-1,-1,-1
150,47,577,512,187,173,1,-1,-1,-1
150,48,2198,483,197,152,1,-1,-1,-1
150,52,1018,1192,183,124,1,-1,-1,-1
150,53,945,1200,256,236,1,-1,-1,-1
150,54,1178,607,259,137,1,-1,-1,-1
150,55,1430,1132,240,202,1,-1,-1,-1
150,56,1593,666,216,220,1,-1,-1,-1
150,57,1438,665,194,160,1,-1,-1,-1
151,2,626,244,120,184,1,-1,-1,-1
151,5,442,373,208,140,1,-1,-1,-1
151,6,1286,224,120,192,1,-1,-1,-1
151,8,615,520,149,190,1,-1,-1,-1
151,9,910,317,106,137,1,-1,-1,-1
151,11,484,266,157,171,1,-1,-1,-1
151,14,415,1173,290,210,1,-1,-1,-1
151,15,1958,979,264,296,1,-1,-1,-1
151,21,655,261,1905,869,1,-1,-1,-1
151,23,1188,385,264,196,1,-1,-1,-1
151,24,385,1036,243,348,1,-1,-1,-1
151,28,1978,278,149,126,1,-1,-1,-1
151,31,1743,210,808,564,1,-1,-1,-1
151,34,1343,786,160,296,1,-1,-1,-1
151,35,1668,626,150,185,1,-1,-1,-1
151,36,1996,989,159,176,1,-1,-1,-1
151,37,540,442,176,184,1,-1,-1,-1
151,39,461,881,304,244,1,-1,-1,-1
151,40,1514,1064,152,300,1,-1,-1,-1
151,42,610,281,130,187,1,-1,-1,-1
151,45,369,515,156,196,1,-1,-1,-1
151,47,564,512,196,181,1,-1,-1,-1
151,48,2184,472,197,152,1,-1,-1,-1
151,52,1019,1192,183,124,1,-1,-1,-1
151,53,946,1200,256,236,1,-1,-1,-1
151,54,1178,606,259,137,1,-1,-1,-1
151,55,1432,1132,240,202,1,-1,-1,-1
151,56,1593,666,216,220,1,-1,-1,-1
151,57,1440,673,194,160,1,-1,-1,-1
152,2,627,245,120,184,1,-1,-1,-1
152,5,440,373,208,140,1,-1,-1,-1
152,6,1287,224,120,192,1,-1,-1,-1
152,8,610,525,149,190,1,-1,-1,-1
152,9,916,314,106,137,1,-1,-1,-1
152,11,482,267,157,171,1,-1,-1,-1
152,14,421,1174,290,210,1,-1,-1,-1
152,15,1957,977,264,296,1,-1,-1,-1
152,21,654,265,1906,869,1,-1,-1,-1
152,23,1189,387,264,196,1,-1,-1,-1
152,24,386,1038,243,348,1,-1,-1,-1
152,28,1978,277,149,126,1,-1,-1,-1
152,31,1746,209,808,564,1,-1,-1,-1
152,34,1343,789,160,296,1,-1,-1,-1
152,35,1665,624,150,185,1,-1,-1,-1
152,36,1995,989,159,176,1,-1,-1,-1
152,39,461,882,304,244,1,-1,-1,-1
152,40,1520,1079,145,286,1,-1,-1,-1
152,42,608,284,130,187,1,-1,-1,-1
152,45,369,515,156,196,1,-1,-1,-1
152,47,555,518,196,181,1,-1,-1,-1
152,48,2179,468,197,152,1,-1,-1,-1
152,52,1020,1193,183,124,1,-1,-1,-1
152,53,948,1200,256,236,1,-1,-1,-1
152,54,1179,604,259,137,1,-1,-1,-1
152,55,1433,1139,240,202,1,-1,-1,-1
152,56,1595,664,216,220,1,-1,-1,-1
152,57,1438,676,194,160,1,-1,-1,-1
153,2,627,245,120,184,1,-1,-1,-1
153,5,440,373,208,140,1,-1,-1,-1
153,6,1292,228,116,168,1,-1,-1,-1
153,8,610,525,149,190,1,-1,-1,-1
153,9,916,314,106,137,1,-1,-1,-1
153,11,482,267,157,171,1,-1,-1,-1
153,14,421,1174,290,210,1,-1,-1,-1
153,15,1968,988,248,284,1,-1,-1,-1
153,21,654,265,1906,869,1,-1,-1,-1
153,23,1189,387,264,196,1,-1,-1,-1
153,24,386,1038,243,348,1,-1,-1,-1
153,28,1978,277,149,126,1,-1,-1,-1
153,31,1746,209,808,564,1,-1,-1,-1
153,34,1343,789,160,296,1,-1,-1,-1
153,35,1665,624,150,185,1,-1,-1,-1
153,36,1995,989,159,176,1,-1,-1,-1
153,39,461,882,304,244,1,-1,-1,-1
153,40,1520,1079,145,286,1,-1,-1,-1
153,42,608,284,130,187,1,-1,-1,-1
153,45,369,515,156,196,1,-1,-1,-1
153,47,555,518,196,181,1,-1,-1,-1
153,48,2179,468,197,152,1,-1,-1,-1
153,52,1020,1193,183,124,1,-1,-1,-1
153,53,948,1200,256,236,1,-1,-1,-1
153,54,1179,604,259,137,1,-1,-1,-1
153,55,1433,1139,240,202,1,-1,-1,-1
153,56,1595,664,216,220,1,-1,-1,-1
153,57,1438,676,194,160,1,-1,-1,-1
153,58,536,428,196,160,1,-1,-1,-1
154,2,627,240,120,184,1,-1,-1,-1
154,5,431,371,218,147,1,-1,-1,-1
154,6,1293,228,116,168,1,-1,-1,-1
154,8,592,538,149,190,1,-1,-1,-1
154,9,925,314,106,137,1,-1,-1,-1
154,11,483,267,157,171,1,-1,-1,-1
154,14,430,1177,290,210,1,-1,-1,-1
154,15,1967,987,248,284,1,-1,-1,-1
154,21,656,276,1904,869,1,-1,-1,-1
154,23,1181,385,277,206,1,-1,-1,-1
154,24,392,1037,243,348,1,-1,-1,-1
154,28,1977,278,149,126,1,-1,-1,-1
154,31,1746,213,808,564,1,-1,-1,-1
154,34,1348,783,160,296,1,-1,-1,-1
154,35,1667,619,150,185,1,-1,-1,-1
154,36,1994,987,159,176,1,-1,-1,-1
154,39,460,881,304,244,1,-1,-1,-1
154,40,1520,1110,145,286,1,-1,-1,-1
154,42,611,283,130,187,1,-1,-1,-1
154,45,370,517,156,196,1,-1,-1,-1
154,47,539,525,196,181,1,-1,-1,-1
154,48,2176,461,197,152,1,-1,-1,-1
154,52,1018,1192,183,124,1,-1,-1,-1
154,53,949,1198,256,236,1,-1,-1,-1
154,54,1174,603,259,137,1,-1,-1,-1
154,55,1444,1167,240,202,1,-1,-1,-1
154,56,1593,662,216,220,1,-1,-1,-1
154,57,1471,721,194,160,1,-1,-1,-1
154,58,535,429,196,160,1,-1,-1,-1
155,2,628,240,120,184,1,-1,-1,-1
155,5,429,370,218,147,1,-1,-1,-1
155,6,1293,229,116,168,1,-1,-1,-1
155,8,594,537,149,190,1,-1,-1,-1
155,9,927,312,106,137,1,-1,-1,-1
155,11,482,267,157,171,1,-1,-1,-1
155,14,433,1180,290,210,1,-1,-1,-1
155,15,1967,986,248,284,1,-1,-1,-1
155,21,664,276,1896,869,1,-1,-1,-1
155,23,1180,386,277,206,1,-1,-1,-1
155,24,393,1038,243,348,1,-1,-1,-1
155,28,1978,278,149,126,1,-1,-1,-1
155,31,1748,209,808,564,1,-1,-1,-1
155,34,1345,788,160,296,1,-1,-1,-1
155,35,1667,619,150,185,1,-1,-1,-1
155,36,1994,985,159,176,1,-1,-1,-1
155,39,459,882,304,244,1,-1,-1,-1
155,40,1521,1112,145,286,1,-1,-1,-1
155,42,612,282,130,187,1,-1,-1,-1
155,45,371,517,156,196,1,-1,-1,-1
155,47,539,523,196,181,1,-1,-1,-1
155,48,2176,459,197,152,1,-1,-1,-1
155,52,1018,1192,183,124,1,-1,-1,-1
155,53,949,1198,256,236,1,-1,-1,-1
155,54,1176,604,259,137,1,-1,-1,-1
155,55,1442,1168,240,202,1,-1,-1,-1
155,56,1597,662,216,220,1,-1,-1,-1
155,57,1483,726,185,152,1,-1,-1,-1
155,58,536,430,196,160,1,-1,-1,-1
156,2,627,237,120,184,1,-1,-1,-1
156,5,436,371,218,147,1,-1,-1,-1
156,6,1296,229,116,168,1,-1,-1,-1
156,8,588,542,149,190,1,-1,-1,-1
156,9,929,313,106,137,1,-1,-1,-1
156,11,483,268,157,171,1,-1,-1,-1
156,14,439,1182,290,210,1,-1,-1,-1
156,15,1966,985,248,284,1,-1,-1,-1
156,21,665,274,1895,869,1,-1,-1,-1
156,23,1178,384,277,206,1,-1,-1,-1
156,24,396,1038,243,348,1,-1,-1,-1
156,28,1977,278,149,126,1,-1,-1,-1
156,31,1747,213,808,564,1,-1,-1,-1
156,34,1344,798,152,282,1,-1,-1,-1
156,35,1668,619,150,185,1,-1,-1,-1
156,36,1994,984,159,176,1,-1,-1,-1
156,39,460,882,304,244,1,-1,-1,-1
156,40,1503,1122,152,300,1,-1,-1,-1
156,42,613,281,130,187,1,-1,-1,-1
156,45,371,517,156,196,1,-1,-1,-1
156,47,528,532,196,181,1,-1,-1,-1
156,48,2172,453,197,152,1,-1,-1,-1
156,52,1016,1194,183,124,1,-1,-1,-1
156,53,948,1198,256,236,1,-1,-1,-1
156,54,1177,605,259,137,1,-1,-1,-1
156,55,1442,1185,240,202,1,-1,-1,-1
156,56,1597,659,216,220,1,-1,-1,-1
156,57,1499,747,176,145,1,-1,-1,-1
156,58,536,431,196,160,1,-1,-1,-1
157,2,626,237,120,184,1,-1,-1,-1
157,5,436,370,218,147,1,-1,-1,-1
157,6,1300,229,116,168,1,-1,-1,-1
157,8,566,557,149,190,1,-1,-1,-1
157,9,931,314,106,137,1,-1,-1,-1
157,11,483,269,157,171,1,-1,-1,-1
157,14,465,1200,290,210,1,-1,-1,-1
157,15,1965,984,248,284,1,-1,-1,-1
157,21,667,277,1893,869,1,-1,-1,-1
157,23,1179,382,277,206,1,-1,-1,-1
157,24,407,1043,243,348,1,-1,-1,-1
157,28,1980,279,149,126,1,-1,-1,-1
157,31,1749,216,808,564,1,-1,-1,-1
157,34,1343,814,145,268,1,-1,-1,-1
157,35,1676,618,150,185,1,-1,-1,-1
157,36,1993,984,159,176,1,-1,-1,-1
157,39,460,881,304,244,1,-1,-1,-1
157,40,1490,1150,152,290,1,-1,-1,-1
157,42,616,279,130,187,1,-1,-1,-1
157,45,370,518,156,196,1,-1,-1,-1
157,47,513,549,187,173,1,-1,-1,-1
157,48,2172,453,197,152,1,-1,-1,-1
157,52,1015,1195,183,124,1,-1,-1,-1
157,53,944,1197,256,236,1,-1,-1,-1
157,54,1177,604,259,137,1,-1,-1,-1
157,55,1432,1203,240,202,1,-1,-1,-1
157,56,1599,658,216,220,1,-1,-1,-1
157,57,1502,751,176,145,1,-1,-1,-1
157,58,536,432,196,160,1,-1,-1,-1
158,2,625,242,120,184,1,-1,-1,-1
158,5,435,372,218,147,1,-1,-1,-1
158,6,1301,229,116,168,1,-1,-1,-1
158,8,551,562,149,190,1,-1,-1,-1
158,9,934,317,106,137,1,-1,-1,-1
158,11,481,269,157,171,1,-1,-1,-1
158,14,467,1196,304,220,1,-1,-1,-1
158,15,1965,985,248,284,1,-1,-1,-1
158,21,666,275,1894,869,1,-1,-1,-1
158,23,1179,378,277,206,1,-1,-1,-1
158,24,410,1049,243,348,1,-1,-1,-1
158,28,1981,281,149,126,1,-1,-1,-1
158,31,1752,216,808,564,1,-1,-1,-1
158,34,1349,825,138,256,1,-1,-1,-1
158,35,1685,620,143,176,1,-1,-1,-1
158,36,1993,985,159,176,1,-1,-1,-1
158,39,459,882,304,244,1,-1,-1,-1
158,40,1470,1195,152,245,1,-1,-1,-1
158,42,612,281,130,187,1,-1,-1,-1
158,45,368,517,156,196,1,-1,-1,-1
158,47,501,556,187,173,1,-1,-1,-1
158,48,2172,453,197,152,1,-1,-1,-1
158,52,1009,1195,183,124,1,-1,-1,-1
158,53,937,1194,256,236,1,-1,-1,-1
158,54,1177,602,259,137,1,-1,-1,-1
158,55,1403,1247,240,193,1,-1,-1,-1
158,56,1602,658,216,220,1,-1,-1,-1
158,57,1521,772,168,138,1,-1,-1,-1
158,58,532,432,196,160,1,-1,-1,-1
159,2,627,243,120,184,1,-1,-1,-1
159,5,435,373,218,147,1,-1,-1,-1
159,6,1302,222,116,168,1,-1,-1,-1
159,8,536,566,149,190,1,-1,-1,-1
159,9,935,318,106,137,1,-1,-1,-1
159,11,481,269,157,171,1,-1,-1,-1
159,14,464,1195,319,231,1,-1,-1,-1
159,15,1966,984,248,284,1,-1,-1,-1
159,21,661,281,1899,869,1,-1,-1,-1
159,23,1178,370,277,206,1,-1,-1,-1
159,24,424,1052,243,348,1,-1,-1,-1
159,28,1983,283,149,126,1,-1,-1,-1
159,31,1752,223,808,564,1,-1,-1,-1
159,34,1362,821,138,256,1,-1,-1,-1
159,35,1696,612,143,176,1,-1,-1,-1
159,36,1994,985,159,176,1,-1,-1,-1
159,39,460,882,304,244,1,-1,-1,-1
159,40,1463,1204,152,236,1,-1,-1,-1
159,42,610,283,130,187,1,-1,-1,-1
159,45,368,517,156,196,1,-1,-1,-1
159,47,483,562,187,173,1,-1,-1,-1
159,48,2177,453,197,152,1,-1,-1,-1
159,52,1004,1194,183,124,1,-1,-1,-1
159,53,932,1193,256,236,1,-1,-1,-1
159,54,1177,602,259,137,1,-1,-1,-1
159,55,1398,1266,229,174,1,-1,-1,-1
159,56,1612,657,216,220,1,-1,-1,-1
159,57,1539,785,168,138,1,-1,-1,-1
159,58,530,431,196,160,1,-1,-1,-1
160,2,627,243,120,184,1,-1,-1,-1
160,5,435,372,218,147,1,-1,-1,-1
160,6,1309,221,116,168,1,-1,-1,-1
160,8,524,571,149,190,1,-1,-1,-1
160,9,937,321,106,137,1,-1,-1,-1
160,11,482,271,157,171,1,-1,-1,-1
160,14,470,1200,319,231,1,-1,-1,-1
160,15,1965,985,248,284,1,-1,-1,-1
160,21,666,282,1894,869,1,-1,-1,-1
160,23,1177,369,277,206,1,-1,-1,-1
160,24,426,1060,243,348,1,-1,-1,-1
160,28,1984,284,149,126,1,-1,-1,-1
160,31,1751,220,808,564,1,-1,-1,-1
160,34,1379,812,138,256,1,-1,-1,-1
160,35,1706,608,143,176,1,-1,-1,-1
160,36,1993,986,159,176,1,-1,-1,-1
160,39,459,884,304,244,1,-1,-1,-1
160,40,1459,1205,152,235,1,-1,-1,-1
160,42,610,283,130,187,1,-1,-1,-1
160,45,367,517,156,196,1,-1,-1,-1
160,47,472,557,196,181,1,-1,-1,-1
160,52,1002,1197,183,124,1,-1,-1,-1
160,53,925,1192,256,236,1,-1,-1,-1
160,54,1178,601,259,137,1,-1,-1,-1
160,55,1392,1275,229,165,1,-1,-1,-1
160,56,1611,651,227,231,1,-1,-1,-1
160,57,1554,800,168,138,1,-1,-1,-1
160,58,529,430,196,160,1,-1,-1,-1
161,2,616,240,124,184,1,-1,-1,-1
161,5,435,372,218,147,1,-1,-1,-1
161,6,1309,221,116,168,1,-1,-1,-1
161,8,524,571,149,190,1,-1,-1,-1
161,9,937,321,106,137,1,-1,-1,-1
161,11,482,271,157,171,1,-1,-1,-1
161,14,468,1220,288,216,1,-1,-1,-1
161,15,1968,984,236,284,1,-1,-1,-1
161,21,666,282,1894,869,1,-1,-1,-1
161,23,1177,369,277,206,1,-1,-1,-1
161,24,426,1060,243,348,1,-1,-1,-1
161,28,1984,284,149,126,1,-1,-1,-1
161,31,1751,220,808,564,1,-1,-1,-1
161,34,1379,812,138,256,1,-1,-1,-1
161,35,1706,608,143,176,1,-1,-1,-1
161,36,1993,986,159,176,1,-1,-1,-1
161,39,456,884,300,240,1,-1,-1,-1
161,40,1459,1205,152,235,1,-1,-1,-1
161,42,610,283,130,187,1,-1,-1,-1
161,45,367,517,156,196,1,-1,-1,-1
161,47,472,557,196,181,1,-1,-1,-1
161,52,1002,1197,183,124,1,-1,-1,-1
161,53,925,1192,256,236,1,-1,-1,-1
161,54,1178,601,259,137,1,-1,-1,-1
161,55,1392,1275,229,165,1,-1,-1,-1
161,56,1611,651,227,231,1,-1,-1,-1
161,57,1554,800,168,138,1,-1,-1,-1
161,58,529,430,196,160,1,-1,-1,-1
162,2,616,239,124,184,1,-1,-1,-1
162,5,438,373,218,147,1,-1,-1,-1
162,6,1319,214,116,168,1,-1,-1,-1
162,8,517,568,149,190,1,-1,-1,-1
162,9,938,326,106,137,1,-1,-1,-1
162,11,481,271,157,171,1,-1,-1,-1
162,14,469,1222,288,216,1,-1,-1,-1
162,15,1967,984,236,284,1,-1,-1,-1
162,21,669,279,1891,869,1,-1,-1,-1
162,23,1180,370,277,206,1,-1,-1,-1
162,24,436,1058,243,348,1,-1,-1,-1
162,28,1984,282,149,126,1,-1,-1,-1
162,31,1752,223,808,564,1,-1,-1,-1
162,34,1411,781,145,268,1,-1,-1,-1
162,35,1710,608,143,176,1,-1,-1,-1
162,36,1992,984,159,176,1,-1,-1,-1
162,39,456,884,300,240,1,-1,-1,-1
162,40,1451,1204,152,236,1,-1,-1,-1
162,42,610,282,130,187,1,-1,-1,-1
162,45,366,516,156,196,1,-1,-1,-1
162,47,466,560,196,181,1,-1,-1,-1
162,52,1000,1197,183,124,1,-1,-1,-1
162,53,917,1193,256,236,1,-1,-1,-1
162,54,1182,598,259,137,1,-1,-1,-1
162,55,1376,1262,240,178,1,-1,-1,-1
162,56,1613,647,227,231,1,-1,-1,-1
162,57,1569,807,168,138,1,-1,-1,-1
162,58,529,427,196,160,1,-1,-1,-1
163,2,617,237,124,184,1,-1,-1,-1
163,5,440,375,218,147,1,-1,-1,-1
163,6,1340,218,110,160,1,-1,-1,-1
163,8,516,569,149,190,1,-1,-1,-1
163,9,944,335,106,137,1,-1,-1,-1
163,11,482,271,157,171,1,-1,-1,-1
163,14,470,1225,288,215,1,-1,-1,-1
163,15,1967,983,236,284,1,-1,-1,-1
163,21,674,283,1886,869,1,-1,-1,-1
163,23,1182,369,277,206,1,-1,-1,-1
163,24,441,1064,243,348,1,-1,-1,-1
163,28,1986,281,149,126,1,-1,-1,-1
163,31,1752,222,808,564,1,-1,-1,-1
163,34,1432,776,152,282,1,-1,-1,-1
163,35,1714,607,143,176,1,-1,-1,-1
163,36,1991,983,159,176,1,-1,-1,-1
163,39,457,885,300,240,1,-1,-1,-1
163,40,1427,1242,152,198,1,-1,-1,-1
163,42,612,279,130,187,1,-1,-1,-1
163,45,366,516,156,196,1,-1,-1,-1
163,47,463,561,196,181,1,-1,-1,-1
163,52,999,1197,183,124,1,-1,-1,-1
163,53,913,1193,256,236,1,-1,-1,-1
163,54,1189,601,247,131,1,-1,-1,-1
163,55,1370,1269,240,171,1,-1,-1,-1
163,56,1628,642,227,231,1,-1,-1,-1
163,57,1572,804,168,138,1,-1,-1,-1
163,58,530,426,196,160,1,-1,-1,-1
164,2,617,237,124,184,1,-1,-1,-1
164,5,441,375,218,147,1,-1,-1,-1
164,6,1359,219,110,160,1,-1,-1,-1
164,8,511,571,149,190,1,-1,-1,-1
164,9,950,340,106,137,1,-1,-1,-1
164,11,483,271,157,171,1,-1,-1,-1
164,14,471,1225,288,215,1,-1,-1,-1
164,15,1967,983,236,284,1,-1,-1,-1
164,21,660,288,1900,869,1,-1,-1,-1
164,23,1182,366,277,206,1,-1,-1,-1
164,24,445,1065,243,348,1,-1,-1,-1
164,28,1989,280,149,126,1,-1,-1,-1
164,31,1756,226,804,564,1,-1,-1,-1
164,34,1443,793,145,268,1,-1,-1,-1
164,35,1726,608,143,176,1,-1,-1,-1
164,36,1993,982,159,176,1,-1,-1,-1
164,39,457,885,300,240,1,-1,-1,-1
164,40,1423,1258,160,182,1,-1,-1,-1
164,42,613,277,130,187,1,-1,-1,-1
164,45,370,519,149,187,1,-1,-1,-1
164,47,461,565,196,181,1,-1,-1,-1
164,52,998,1197,183,124,1,-1,-1,-1
164,53,914,1194,256,236,1,-1,-1,-1
164,54,1192,605,247,131,1,-1,-1,-1
164,55,1371,1275,240,165,1,-1,-1,-1
164,56,1640,649,227,231,1,-1,-1,-1
164,57,1579,799,168,138,1,-1,-1,-1
164,58,532,424,196,160,1,-1,-1,-1
165,2,617,237,124,184,1,-1,-1,-1
165,5,440,375,218,147,1,-1,-1,-1
165,6,1374,216,110,160,1,-1,-1,-1
165,8,507,575,149,190,1,-1,-1,-1
165,9,955,342,106,137,1,-1,-1,-1
165,11,483,272,157,171,1,-1,-1,-1
165,14,472,1227,288,213,1,-1,-1,-1
165,15,1966,983,236,284,1,-1,-1,-1
165,21,665,293,1895,869,1,-1,-1,-1
165,23,1181,365,277,206,1,-1,-1,-1
165,24,448,1068,243,348,1,-1,-1,-1
165,28,1990,280,149,126,1,-1,-1,-1
165,31,1758,223,802,564,1,-1,-1,-1
165,34,1441,789,152,282,1,-1,-1,-1
165,35,1743,618,143,176,1,-1,-1,-1
165,36,1992,980,159,176,1,-1,-1,-1
165,39,457,885,300,240,1,-1,-1,-1
165,40,1423,1283,160,157,1,-1,-1,-1
165,42,611,279,130,187,1,-1,-1,-1
165,45,370,519,149,187,1,-1,-1,-1
165,47,459,568,196,181,1,-1,-1,-1
165,52,999,1197,183,124,1,-1,-1,-1
165,53,913,1196,256,236,1,-1,-1,-1
165,54,1192,607,247,131,1,-1,-1,-1
165,56,1649,649,238,243,1,-1,-1,-1
165,57,1580,799,168,138,1,-1,-1,-1
165,58,533,424,196,160,1,-1,-1,-1
166,2,617,239,124,184,1,-1,-1,-1
166,5,440,374,218,147,1,-1,-1,-1
166,6,1393,214,110,160,1,-1,-1,-1
166,8,503,580,149,190,1,-1,-1,-1
166,9,960,343,106,137,1,-1,-1,-1
166,11,483,271,157,171,1,-1,-1,-1
166,14,474,1229,288,211,1,-1,-1,-1
166,15,1967,982,236,284,1,-1,-1,-1
166,21,673,302,1887,869,1,-1,-1,-1
166,23,1178,366,277,206,1,-1,-1,-1
166,24,455,1071,243,348,1,-1,-1,-1
166,28,1991,280,149,126,1,-1,-1,-1
166,31,1757,223,803,564,1,-1,-1,-1
166,34,1448,790,152,282,1,-1,-1,-1
166,35,1777,624,136,168,1,-1,-1,-1
166,36,1992,981,159,176,1,-1,-1,-1
166,39,458,885,300,240,1,-1,-1,-1
166,40,1428,1308,160,132,1,-1,-1,-1
166,42,610,280,130,187,1,-1,-1,-1
166,45,369,519,149,187,1,-1,-1,-1
166,47,459,570,196,181,1,-1,-1,-1
166,52,999,1198,183,124,1,-1,-1,-1
166,53,914,1199,256,236,1,-1,-1,-1
166,54,1197,608,247,131,1,-1,-1,-1
166,56,1657,664,238,243,1,-1,-1,-1
166,57,1588,803,160,132,1,-1,-1,-1
166,58,534,423,196,160,1,-1,-1,-1
167,2,617,240,124,184,1,-1,-1,-1
167,5,440,374,218,147,1,-1,-1,-1
167,6,1396,214,110,160,1,-1,-1,-1
167,8,503,582,149,190,1,-1,-1,-1
167,9,957,340,111,144,1,-1,-1,-1
167,11,482,272,157,171,1,-1,-1,-1
167,14,476,1229,288,211,1,-1,-1,-1
167,15,1967,982,236,284,1,-1,-1,-1
167,21,669,302,1891,869,1,-1,-1,-1
167,23,1178,365,277,206,1,-1,-1,-1
167,24,457,1073,243,348,1,-1,-1,-1
167,28,1991,280,149,126,1,-1,-1,-1
167,31,1757,223,803,564,1,-1,-1,-1
167,34,1452,795,152,282,1,-1,-1,-1
167,35,1780,623,136,168,1,-1,-1,-1
167,36,1991,981,159,176,1,-1,-1,-1
167,39,459,884,300,240,1,-1,-1,-1
167,40,1431,1306,160,134,1,-1,-1,-1
167,42,610,281,130,187,1,-1,-1,-1
167,45,369,519,149,187,1,-1,-1,-1
167,47,458,571,196,181,1,-1,-1,-1
167,52,999,1198,183,124,1,-1,-1,-1
167,53,913,1198,256,236,1,-1,-1,-1
167,54,1198,610,247,131,1,-1,-1,-1
167,56,1664,664,238,243,1,-1,-1,-1
167,57,1590,805,160,132,1,-1,-1,-1
167,58,534,421,196,160,1,-1,-1,-1
168,2,616,239,124,184,1,-1,-1,-1
168,5,440,373,218,147,1,-1,-1,-1
168,6,1405,215,110,160,1,-1,-1,-1
168,8,506,588,149,190,1,-1,-1,-1
168,9,959,342,111,144,1,-1,-1,-1
168,11,482,270,157,171,1,-1,-1,-1
168,14,477,1226,288,214,1,-1,-1,-1
168,15,1966,983,236,284,1,-1,-1,-1
168,21,666,300,1894,869,1,-1,-1,-1
168,23,1177,366,277,206,1,-1,-1,-1
168,24,469,1067,243,348,1,-1,-1,-1
168,28,1991,280,149,126,1,-1,-1,-1
168,31,1758,222,802,564,1,-1,-1,-1
168,34,1455,800,145,268,1,-1,-1,-1
168,35,1800,625,136,168,1,-1,-1,-1
168,36,1991,982,159,176,1,-1,-1,-1
168,39,460,884,300,240,1,-1,-1,-1
168,40,1429,1319,168,121,1,-1,-1,-1
168,42,610,282,130,187,1,-1,-1,-1
168,45,369,520,149,187,1,-1,-1,-1
168,47,459,577,196,181,1,-1,-1,-1
168,52,995,1198,192,131,1,-1,-1,-1
168,53,914,1201,256,236,1,-1,-1,-1
168,54,1200,611,247,131,1,-1,-1,-1
168,56,1675,666,238,243,1,-1,-1,-1
168,57,1588,806,168,138,1,-1,-1,-1
168,58,535,422,196,160,1,-1,-1,-1
169,2,612,244,124,184,1,-1,-1,-1
169,5,428,380,224,120,1,-1,-1,-1
169,6,1405,215,110,160,1,-1,-1,-1
169,8,506,588,149,190,1,-1,-1,-1
169,9,959,342,111,144,1,-1,-1,-1
169,11,482,270,157,171,1,-1,-1,-1
169,14,477,1226,288,214,1,-1,-1,-1
169,15,1968,980,236,292,1,-1,-1,-1
169,21,666,300,1894,869,1,-1,-1,-1
169,23,1177,366,277,206,1,-1,-1,-1
169,24,469,1067,243,348,1,-1,-1,-1
169,28,1991,280,149,126,1,-1,-1,-1
169,31,1758,222,802,564,1,-1,-1,-1
169,34,1455,800,145,268,1,-1,-1,-1
169,35,1800,625,136,168,1,-1,-1,-1
169,36,1991,982,159,176,1,-1,-1,-1
169,39,460,888,296,236,1,-1,-1,-1
169,40,1429,1319,168,121,1,-1,-1,-1
169,42,610,282,130,187,1,-1,-1,-1
169,45,376,516,148,176,1,-1,-1,-1
169,47,448,580,196,288,1,-1,-1,-1
169,52,995,1198,192,131,1,-1,-1,-1
169,53,914,1201,256,236,1,-1,-1,-1
169,54,1200,611,247,131,1,-1,-1,-1
169,56,1688,640,264,260,1,-1,-1,-1
169,57,1588,806,168,138,1,-1,-1,-1
169,58,536,420,196,204,1,-1,-1,-1
169,59,2200,476,148,224,1,-1,-1,-1
169,60,1448,856,216,304,1,-1,-1,-1
170,2,612,244,124,184,1,-1,-1,-1
170,5,429,379,224,120,1,-1,-1,-1
170,6,1414,213,110,160,1,-1,-1,-1
170,8,506,607,149,190,1,-1,-1,-1
170,9,960,347,111,144,1,-1,-1,-1
170,11,481,269,157,171,1,-1,-1,-1
170,14,491,1229,288,211,1,-1,-1,-1
170,15,1968,980,236,292,1,-1,-1,-1
170,21,677,302,1883,869,1,-1,-1,-1
170,23,1177,365,277,206,1,-1,-1,-1
170,24,517,1095,231,332,1,-1,-1,-1
170,28,1992,279,149,126,1,-1,-1,-1
170,31,1756,226,804,564,1,-1,-1,-1
170,34,1462,824,138,256,1,-1,-1,-1
170,35,1818,625,136,168,1,-1,-1,-1
170,36,1993,982,159,176,1,-1,-1,-1
170,39,460,887,296,236,1,-1,-1,-1
170,40,1425,1322,168,118,1,-1,-1,-1
170,42,608,283,130,187,1,-1,-1,-1
170,45,377,517,148,176,1,-1,-1,-1
170,47,450,587,196,288,1,-1,-1,-1
170,52,995,1199,192,131,1,-1,-1,-1
170,53,913,1206,256,234,1,-1,-1,-1
170,54,1205,617,247,131,1,-1,-1,-1
170,56,1691,641,264,260,1,-1,-1,-1
170,57,1600,826,168,138,1,-1,-1,-1
170,58,538,421,196,204,1,-1,-1,-1
170,59,2200,478,148,224,1,-1,-1,-1
170,60,1447,859,216,304,1,-1,-1,-1
171,2,615,245,124,184,1,-1,-1,-1
171,5,430,379,224,120,1,-1,-1,-1
171,6,1411,217,110,160,1,-1,-1,-1
171,8,505,612,149,190,1,-1,-1,-1
171,9,962,350,111,144,1,-1,-1,-1
171,11,481,269,157,171,1,-1,-1,-1
171,14,494,1220,288,216,1,-1,-1,-1
171,15,1969,982,236,292,1,-1,-1,-1
171,21,671,308,1889,869,1,-1,-1,-1
171,23,1184,366,264,196,1,-1,-1,-1
171,24,544,1125,231,315,1,-1,-1,-1
171,28,1991,279,149,126,1,-1,-1,-1
171,31,1758,227,802,564,1,-1,-1,-1
171,34,1461,830,138,256,1,-1,-1,-1
171,35,1821,624,136,168,1,-1,-1,-1
171,36,1993,982,159,176,1,-1,-1,-1
171,39,461,887,296,236,1,-1,-1,-1
171,40,1426,1338,168,102,1,-1,-1,-1
171,42,609,285,130,187,1,-1,-1,-1
171,45,378,518,148,176,1,-1,-1,-1
171,47,452,593,196,288,1,-1,-1,-1
171,52,995,1200,192,131,1,-1,-1,-1
171,53,914,1207,256,233,1,-1,-1,-1
171,54,1211,618,247,131,1,-1,-1,-1
171,56,1695,642,264,260,1,-1,-1,-1
171,57,1614,846,168,138,1,-1,-1,-1
171,58,539,422,196,204,1,-1,-1,-1
171,59,2201,485,148,224,1,-1,-1,-1
171,60,1447,865,216,304,1,-1,-1,-1
172,2,616,245,124,184,1,-1,-1,-1
172,5,430,379,224,120,1,-1,-1,-1
172,6,1409,220,110,160,1,-1,-1,-1
172,8,501,617,149,190,1,-1,-1,-1
172,9,963,353,111,144,1,-1,-1,-1
172,11,483,269,157,171,1,-1,-1,-1
172,14,527,1230,274,206,1,-1,-1,-1
172,15,1970,981,236,292,1,-1,-1,-1
172,21,671,313,1889,869,1,-1,-1,-1
172,23,1184,365,264,196,1,-1,-1,-1
172,24,562,1134,220,306,1,-1,-1,-1
172,28,1990,279,149,126,1,-1,-1,-1
172,31,1756,231,804,564,1,-1,-1,-1
172,34,1456,826,145,268,1,-1,-1,-1
172,35,1822,625,136,168,1,-1,-1,-1
172,36,1993,983,159,176,1,-1,-1,-1
172,39,461,887,296,236,1,-1,-1,-1
172,42,610,286,130,187,1,-1,-1,-1
172,45,380,519,148,176,1,-1,-1,-1
172,47,455,595,196,288,1,-1,-1,-1
172,52,995,1200,192,131,1,-1,-1,-1
172,53,913,1208,256,232,1,-1,-1,-1
172,54,1214,618,247,131,1,-1,-1,-1
172,56,1704,648,251,248,1,-1,-1,-1
172,57,1614,855,176,145,1,-1,-1,-1
172,58,542,423,196,204,1,-1,-1,-1
172,59,2198,497,148,224,1,-1,-1,-1
172,60,1445,868,216,304,1,-1,-1,-1
173,2,616,245,124,184,1,-1,-1,-1
173,5,431,379,224,120,1,-1,-1,-1
173,6,1410,219,110,160,1,-1,-1,-1
173,8,501,619,149,190,1,-1,-1,-1
173,9,965,353,111,144,1,-1,-1,-1
173,11,483,269,157,171,1,-1,-1,-1
173,14,529,1231,274,206,1,-1,-1,-1
173,15,1969,981,236,292,1,-1,-1,-1
173,21,667,313,1893,869,1,-1,-1,-1
173,23,1184,364,264,196,1,-1,-1,-1
173,24,571,1143,210,297,1,-1,-1,-1
173,28,1989,279,149,126,1,-1,-1,-1
173,31,1757,232,803,564,1,-1,-1,-1
173,34,1455,827,145,268,1,-1,-1,-1
173,35,1823,625,136,168,1,-1,-1,-1
173,36,1993,983,159,176,1,-1,-1,-1
173,39,460,888,296,236,1,-1,-1,-1
173,42,610,285,130,187,1,-1,-1,-1
173,45,380,519,148,176,1,-1,-1,-1
173,47,456,597,196,288,1,-1,-1,-1
173,52,995,1200,192,131,1,-1,-1,-1
173,53,914,1207,256,233,1,-1,-1,-1
173,54,1215,618,247,131,1,-1,-1,-1
173,56,1705,648,251,248,1,-1,-1,-1
173,57,1616,856,176,145,1,-1,-1,-1
173,58,541,423,196,204,1,-1,-1,-1
173,59,2197,498,148,224,1,-1,-1,-1
173,60,1445,869,216,304,1,-1,-1,-1
174,2,616,243,124,184,1,-1,-1,-1
174,5,431,379,224,120,1,-1,-1,-1
174,6,1407,221,110,160,1,-1,-1,-1
174,8,500,623,149,190,1,-1,-1,-1
174,9,965,354,111,144,1,-1,-1,-1
174,11,485,268,157,171,1,-1,-1,-1
174,14,539,1237,274,203,1,-1,-1,-1
174,15,1971,982,236,292,1,-1,-1,-1
174,21,663,313,1897,869,1,-1,-1,-1
174,23,1180,364,264,196,1,-1,-1,-1
174,24,577,1145,210,295,1,-1,-1,-1
174,28,1988,280,149,126,1,-1,-1,-1
174,31,1759,231,801,564,1,-1,-1,-1
174,34,1460,831,138,256,1,-1,-1,-1
174,35,1823,622,136,168,1,-1,-1,-1
174,36,1994,984,159,176,1,-1,-1,-1
174,39,461,888,296,236,1,-1,-1,-1
174,42,612,284,130,187,1,-1,-1,-1
174,45,381,519,148,176,1,-1,-1,-1
174,47,457,601,196,288,1,-1,-1,-1
174,52,996,1200,192,131,1,-1,-1,-1
174,53,914,1207,256,233,1,-1,-1,-1
174,54,1219,619,247,131,1,-1,-1,-1
174,56,1705,649,251,248,1,-1,-1,-1
174,57,1626,872,185,152,1,-1,-1,-1
174,58,541,424,196,204,1,-1,-1,-1
174,59,2192,496,155,235,1,-1,-1,-1
174,60,1448,878,206,290,1,-1,-1,-1
175,2,617,242,124,184,1,-1,-1,-1
175,5,432,381,224,120,1,-1,-1,-1
175,6,1405,222,110,160,1,-1,-1,-1
175,8,500,626,149,190,1,-1,-1,-1
175,9,966,354,111,144,1,-1,-1,-1
175,11,485,263,157,171,1,-1,-1,-1
175,14,555,1242,274,198,1,-1,-1,-1
175,15,1971,981,236,292,1,-1,-1,-1
175,21,661,310,1899,869,1,-1,-1,-1
175,23,1173,360,264,196,1,-1,-1,-1
175,24,587,1151,210,289,1,-1,-1,-1
175,28,1989,280,149,126,1,-1,-1,-1
175,31,1757,234,803,564,1,-1,-1,-1
175,34,1457,828,145,268,1,-1,-1,-1
175,35,1825,622,136,168,1,-1,-1,-1
175,36,1996,983,159,176,1,-1,-1,-1
175,39,461,887,296,236,1,-1,-1,-1
175,42,613,283,130,187,1,-1,-1,-1
175,45,382,519,148,176,1,-1,-1,-1
175,47,458,601,196,288,1,-1,-1,-1
175,52,996,1200,192,131,1,-1,-1,-1
175,53,913,1207,256,233,1,-1,-1,-1
175,54,1222,615,247,131,1,-1,-1,-1
175,56,1708,646,251,248,1,-1,-1,-1
175,57,1628,875,185,152,1,-1,-1,-1
175,58,542,424,196,204,1,-1,-1,-1
175,59,2192,502,155,235,1,-1,-1,-1
175,60,1446,879,206,290,1,-1,-1,-1
176,2,619,242,124,184,1,-1,-1,-1
176,5,434,380,224,120,1,-1,-1,-1
176,6,1403,222,110,160,1,-1,-1,-1
176,8,499,629,149,190,1,-1,-1,-1
176,9,967,356,111,144,1,-1,-1,-1
176,11,485,259,157,171,1,-1,-1,-1
176,14,563,1248,274,192,1,-1,-1,-1
176,15,1970,981,236,292,1,-1,-1,-1
176,21,668,315,1892,869,1,-1,-1,-1
176,23,1170,357,264,196,1,-1,-1,-1
176,24,592,1155,210,285,1,-1,-1,-1
176,28,1990,278,149,126,1,-1,-1,-1
176,31,1757,241,803,564,1,-1,-1,-1
176,35,1825,622,136,168,1,-1,-1,-1
176,36,1997,984,159,176,1,-1,-1,-1
176,39,460,887,296,236,1,-1,-1,-1
176,42,615,283,130,187,1,-1,-1,-1
176,45,383,518,148,176,1,-1,-1,-1
176,47,464,610,187,274,1,-1,-1,-1
176,52,990,1202,192,131,1,-1,-1,-1
176,53,911,1206,256,234,1,-1,-1,-1
176,54,1226,612,247,131,1,-1,-1,-1
176,56,1712,644,251,248,1,-1,-1,-1
176,57,1641,885,185,152,1,-1,-1,-1
176,58,542,424,196,204,1,-1,-1,-1
176,59,2193,509,155,235,1,-1,-1,-1
176,60,1440,874,216,304,1,-1,-1,-1
177,2,619,242,124,184,1,-1,-1,-1
177,5,420,380,248,128,1,-1,-1,-1
177,6,1403,222,110,160,1,-1,-1,-1
177,8,499,629,149,190,1,-1,-1,-1
177,9,967,356,111,144,1,-1,-1,-1
177,11,485,259,157,171,1,-1,-1,-1
177,14,563,1248,274,192,1,-1,-1,-1
177,15,1964,984,236,292,1,-1,-1,-1
177,21,668,315,1892,869,1,-1,-1,-1
177,23,1170,357,264,196,1,-1,-1,-1
177,24,592,1155,210,285,1,-1,-1,-1
177,28,1990,278,149,126,1,-1,-1,-1
177,31,1757,241,803,564,1,-1,-1,-1
177,35,1825,622,136,168,1,-1,-1,-1
177,36,1997,984,159,176,1,-1,-1,-1
177,39,456,888,300,232,1,-1,-1,-1
177,42,615,283,130,187,1,-1,-1,-1
177,45,380,512,148,196,1,-1,-1,-1
177,47,468,604,168,272,1,-1,-1,-1
177,52,990,1202,192,131,1,-1,-1,-1
177,53,911,1206,256,234,1,-1,-1,-1
177,54,1226,612,247,131,1,-1,-1,-1
177,56,1728,640,244,260,1,-1,-1,-1
177,57,1641,885,185,152,1,-1,-1,-1
177,58,542,424,196,204,1,-1,-1,-1
177,59,2193,509,155,235,1,-1,-1,-1
177,60,1456,876,188,264,1,-1,-1,-1
177,61,1840,384,220,172,1,-1,-1,-1
178,2,630,243,124,184,1,-1,-1,-1
178,5,420,381,248,128,1,-1,-1,-1
178,6,1403,220,110,160,1,-1,-1,-1
178,8,501,631,149,190,1,-1,-1,-1
178,9,968,357,111,144,1,-1,-1,-1
178,11,484,254,157,171,1,-1,-1,-1
178,14,572,1256,261,184,1,-1,-1,-1
178,15,1965,984,236,292,1,-1,-1,-1
178,21,658,318,1902,869,1,-1,-1,-1
178,23,1165,358,264,196,1,-1,-1,-1
178,24,599,1158,210,282,1,-1,-1,-1
178,28,1995,276,149,126,1,-1,-1,-1
178,31,1759,244,801,564,1,-1,-1,-1
178,35,1840,605,136,168,1,-1,-1,-1
178,36,1998,983,159,176,1,-1,-1,-1
178,39,457,888,300,232,1,-1,-1,-1
178,42,622,277,130,187,1,-1,-1,-1
178,45,380,512,148,196,1,-1,-1,-1
178,47,469,604,168,272,1,-1,-1,-1
178,52,972,1202,192,131,1,-1,-1,-1
178,53,903,1205,256,235,1,-1,-1,-1
178,54,1232,609,247,131,1,-1,-1,-1
178,56,1730,635,244,260,1,-1,-1,-1
178,57,1678,897,185,152,1,-1,-1,-1
178,58,541,424,196,204,1,-1,-1,-1
178,59,2197,533,155,235,1,-1,-1,-1
178,60,1458,878,188,264,1,-1,-1,-1
178,61,1840,385,220,172,1,-1,-1,-1
179,2,631,243,124,184,1,-1,-1,-1
179,5,420,383,248,128,1,-1,-1,-1
179,6,1402,219,110,160,1,-1,-1,-1
179,8,501,631,149,190,1,-1,-1,-1
179,9,969,358,111,144,1,-1,-1,-1
179,11,484,253,157,171,1,-1,-1,-1
179,14,577,1256,261,184,1,-1,-1,-1
179,15,1966,984,236,292,1,-1,-1,-1
179,21,657,314,1903,869,1,-1,-1,-1
179,23,1169,361,251,187,1,-1,-1,-1
179,24,600,1157,210,283,1,-1,-1,-1
179,28,1993,276,149,126,1,-1,-1,-1
179,31,1759,240,801,564,1,-1,-1,-1
179,35,1841,603,136,168,1,-1,-1,-1
179,36,1998,982,159,176,1,-1,-1,-1
179,39,458,888,300,232,1,-1,-1,-1
179,42,622,276,130,187,1,-1,-1,-1
179,45,380,512,148,196,1,-1,-1,-1
179,47,469,605,168,272,1,-1,-1,-1
179,52,972,1201,192,131,1,-1,-1,-1
179,53,903,1204,256,236,1,-1,-1,-1
179,54,1232,608,247,131,1,-1,-1,-1
179,56,1732,633,244,260,1,-1,-1,-1
179,57,1680,897,185,152,1,-1,-1,-1
179,58,540,424,196,204,1,-1,-1,-1
179,59,2197,534,155,235,1,-1,-1,-1
179,60,1459,878,188,264,1,-1,-1,-1
179,61,1840,385,220,172,1,-1,-1,-1
180,2,635,241,124,184,1,-1,-1,-1
180,5,420,383,248,128,1,-1,-1,-1
180,6,1403,217,110,160,1,-1,-1,-1
180,8,500,631,149,190,1,-1,-1,-1
180,9,969,359,111,144,1,-1,-1,-1
180,11,486,253,157,171,1,-1,-1,-1
180,14,583,1261,249,179,1,-1,-1,-1
180,15,1966,983,236,292,1,-1,-1,-1
180,21,661,315,1899,869,1,-1,-1,-1
180,23,1167,364,251,187,1,-1,-1,-1
180,24,601,1159,210,281,1,-1,-1,-1
180,28,1996,276,149,126,1,-1,-1,-1
180,31,1759,244,801,564,1,-1,-1,-1
180,35,1842,580,143,176,1,-1,-1,-1
180,36,1999,982,159,176,1,-1,-1,-1
180,39,461,886,300,232,1,-1,-1,-1
180,42,628,275,130,187,1,-1,-1,-1
180,45,380,513,148,196,1,-1,-1,-1
180,47,468,605,168,272,1,-1,-1,-1
180,52,969,1202,192,131,1,-1,-1,-1
180,53,899,1205,256,235,1,-1,-1,-1
180,54,1234,609,247,131,1,-1,-1,-1
180,56,1737,627,244,260,1,-1,-1,-1
180,57,1699,898,185,152,1,-1,-1,-1
180,58,538,424,196,204,1,-1,-1,-1
180,59,2207,544,155,235,1,-1,-1,-1
180,60,1461,885,188,264,1,-1,-1,-1
180,61,1840,385,220,172,1,-1,-1,-1
181,2,632,235,124,184,1,-1,-1,-1
181,5,418,384,248,128,1,-1,-1,-1
181,6,1406,214,110,160,1,-1,-1,-1
181,8,497,630,149,190,1,-1,-1,-1
181,9,969,359,111,144,1,-1,-1,-1
181,11,489,257,157,171,1,-1,-1,-1
181,14,590,1265,237,175,1,-1,-1,-1
181,15,1966,983,236,292,1,-1,-1,-1
181,21,651,320,1909,869,1,-1,-1,-1
181,23,1163,362,251,187,1,-1,-1,-1
181,28,1999,277,149,126,1,-1,-1,-1
181,31,1760,242,800,564,1,-1,-1,-1
181,35,1842,566,143,176,1,-1,-1,-1
181,36,1998,983,159,176,1,-1,-1,-1
181,39,468,882,300,232,1,-1,-1,-1
181,42,628,269,130,187,1,-1,-1,-1
181,45,379,514,148,196,1,-1,-1,-1
181,47,468,605,168,272,1,-1,-1,-1
181,52,963,1204,192,131,1,-1,-1,-1
181,53,893,1205,256,235,1,-1,-1,-1
181,54,1235,612,247,131,1,-1,-1,-1
181,56,1738,619,244,260,1,-1,-1,-1
181,57,1715,904,185,152,1,-1,-1,-1
181,58,536,425,196,204,1,-1,-1,-1
181,59,2212,550,155,235,1,-1,-1,-1
181,60,1470,899,188,264,1,-1,-1,-1
181,61,1839,385,220,172,1,-1,-1,-1
182,2,636,231,124,184,1,-1,-1,-1
182,5,417,385,248,128,1,-1,-1,-1
182,6,1408,213,110,160,1,-1,-1,-1
182,8,496,631,149,190,1,-1,-1,-1
182,9,965,355,117,151,1,-1,-1,-1
182,11,490,259,157,171,1,-1,-1,-1
182,14,590,1265,237,175,1,-1,-1,-1
182,15,1964,983,236,292,1,-1,-1,-1
182,21,642,328,1918,869,1,-1,-1,-1
182,23,1162,363,251,187,1,-1,-1,-1
182,28,2005,279,149,126,1,-1,-1,-1
182,31,1757,243,803,564,1,-1,-1,-1
182,35,1842,553,143,176,1,-1,-1,-1
182,36,1999,983,159,176,1,-1,-1,-1
182,39,475,880,300,232,1,-1,-1,-1
182,42,634,263,130,187,1,-1,-1,-1
182,45,379,514,148,196,1,-1,-1,-1
182,47,467,604,168,272,1,-1,-1,-1
182,52,960,1206,192,131,1,-1,-1,-1
182,53,892,1206,256,234,1,-1,-1,-1
182,54,1236,620,247,131,1,-1,-1,-1
182,56,1743,615,244,260,1,-1,-1,-1
182,57,1728,910,185,152,1,-1,-1,-1
182,58,535,426,196,204,1,-1,-1,-1
182,59,2194,545,155,235,1,-1,-1,-1
182,60,1487,924,188,264,1,-1,-1,-1
182,61,1839,386,220,172,1,-1,-1,-1
183,2,648,216,130,193,1,-1,-1,-1
183,5,417,386,248,128,1,-1,-1,-1
183,6,1411,214,110,160,1,-1,-1,-1
183,8,494,630,149,190,1,-1,-1,-1
183,9,964,355,117,151,1,-1,-1,-1
183,11,491,261,157,171,1,-1,-1,-1
183,14,589,1267,237,173,1,-1,-1,-1
183,15,1965,983,236,292,1,-1,-1,-1
183,21,643,326,1917,869,1,-1,-1,-1
183,23,1161,364,251,187,1,-1,-1,-1
183,28,2016,282,149,126,1,-1,-1,-1
183,31,1768,247,792,564,1,-1,-1,-1
183,35,1841,550,143,176,1,-1,-1,-1
183,36,1998,982,159,176,1,-1,-1,-1
183,39,481,877,300,232,1,-1,-1,-1
183,42,646,263,130,187,1,-1,-1,-1
183,45,378,514,148,196,1,-1,-1,-1
183,47,466,606,168,272,1,-1,-1,-1
183,52,958,1206,192,131,1,-1,-1,-1
183,53,891,1205,256,235,1,-1,-1,-1
183,54,1240,624,247,131,1,-1,-1,-1
183,56,1748,603,244,260,1,-1,-1,-1
183,57,1739,917,176,145,1,-1,-1,-1
183,58,534,427,196,204,1,-1,-1,-1
183,59,2220,557,148,224,1,-1,-1,-1
183,60,1484,922,188,264,1,-1,-1,-1
183,61,1841,387,220,172,1,-1,-1,-1
184,2,646,224,130,193,1,-1,-1,-1
184,5,417,388,248,128,1,-1,-1,-1
184,6,1414,212,110,160,1,-1,-1,-1
184,8,493,633,149,190,1,-1,-1,-1
184,9,966,354,117,151,1,-1,-1,-1
184,11,486,257,165,180,1,-1,-1,-1
184,14,582,1267,237,173,1,-1,-1,-1
184,15,1966,983,236,292,1,-1,-1,-1
184,21,652,329,1908,869,1,-1,-1,-1
184,23,1160,362,251,187,1,-1,-1,-1
184,28,2027,283,149,126,1,-1,-1,-1
184,31,1772,248,788,564,1,-1,-1,-1
184,35,1838,546,150,185,1,-1,-1,-1
184,36,2001,980,159,176,1,-1,-1,-1
184,39,487,876,300,232,1,-1,-1,-1
184,42,645,272,130,187,1,-1,-1,-1
184,45,379,514,148,196,1,-1,-1,-1
184,47,465,606,168,272,1,-1,-1,-1
184,52,954,1206,192,131,1,-1,-1,-1
184,53,890,1205,256,235,1,-1,-1,-1
184,54,1250,627,247,131,1,-1,-1,-1
184,56,1756,601,244,260,1,-1,-1,-1
184,57,1746,928,176,145,1,-1,-1,-1
184,58,535,428,196,204,1,-1,-1,-1
184,59,2244,515,148,224,1,-1,-1,-1
184,60,1470,922,179,251,1,-1,-1,-1
184,61,1841,388,220,172,1,-1,-1,-1
185,2,646,224,130,193,1,-1,-1,-1
185,5,417,388,248,128,1,-1,-1,-1
185,6,1414,212,110,160,1,-1,-1,-1
185,8,493,633,149,190,1,-1,-1,-1
185,9,966,354,117,151,1,-1,-1,-1
185,11,492,264,172,128,1,-1,-1,-1
185,14,612,1284,176,156,1,-1,-1,-1
185,15,1988,980,208,280,1,-1,-1,-1
185,21,652,329,1908,869,1,-1,-1,-1
185,23,1160,362,251,187,1,-1,-1,-1
185,28,2027,283,149,126,1,-1,-1,-1
185,31,1772,248,788,564,1,-1,-1,-1
185,35,1838,546,150,185,1,-1,-1,-1
185,36,2001,980,159,176,1,-1,-1,-1
185,39,492,880,300,236,1,-1,-1,-1
185,42,648,280,120,144,1,-1,-1,-1
185,45,376,516,148,196,1,-1,-1,-1
185,47,464,600,160,292,1,-1,-1,-1
185,52,954,1206,192,131,1,-1,-1,-1
185,53,890,1205,256,235,1,-1,-1,-1
185,54,1250,627,247,131,1,-1,-1,-1
185,56,1772,564,196,280,1,-1,-1,-1
185,57,1746,928,176,145,1,-1,-1,-1
185,58,536,416,196,208,1,-1,-1,-1
185,59,2244,515,148,224,1,-1,-1,-1
185,60,1484,956,188,296,1,-1,-1,-1
185,61,1841,388,220,172,1,-1,-1,-1
185,62,2028,388,532,748,1,-1,-1,-1
185,63,1740,932,248,364,1,-1,-1,-1
185,64,1332,628,176,252,1,-1,-1,-1
186,2,632,230,130,193,1,-1,-1,-1
186,5,417,389,248,128,1,-1,-1,-1
186,6,1415,210,116,168,1,-1,-1,-1
186,8,493,635,149,190,1,-1,-1,-1
186,9,972,354,117,151,1,-1,-1,-1
186,11,489,265,172,128,1,-1,-1,-1
186,14,606,1285,176,155,1,-1,-1,-1
186,15,1988,987,208,280,1,-1,-1,-1
186,21,652,322,1908,869,1,-1,-1,-1
186,23,1160,359,251,187,1,-1,-1,-1
186,28,2033,283,149,126,1,-1,-1,-1
186,31,1763,246,797,564,1,-1,-1,-1
186,35,1836,546,150,185,1,-1,-1,-1
186,36,1993,1016,159,176,1,-1,-1,-1
186,39,493,877,300,236,1,-1,-1,-1
186,42,640,284,120,144,1,-1,-1,-1
186,45,376,516,148,196,1,-1,-1,-1
186,47,464,598,160,292,1,-1,-1,-1
186,52,953,1205,192,131,1,-1,-1,-1
186,53,889,1204,256,236,1,-1,-1,-1
186,54,1254,625,247,131,1,-1,-1,-1
186,56,1773,563,196,280,1,-1,-1,-1
186,57,1754,945,176,145,1,-1,-1,-1
186,58,536,416,196,208,1,-1,-1,-1
186,59,2217,498,155,235,1,-1,-1,-1
186,60,1483,958,188,296,1,-1,-1,-1
186,61,1841,388,220,172,1,-1,-1,-1
186,62,1968,397,532,748,1,-1,-1,-1
186,63,1742,944,248,364,1,-1,-1,-1
186,64,1333,627,176,252,1,-1,-1,-1
187,2,618,224,137,203,1,-1,-1,-1
187,5,418,390,248,128,1,-1,-1,-1
187,6,1432,218,110,160,1,-1,-1,-1
187,8,493,635,149,190,1,-1,-1,-1
187,9,982,356,117,151,1,-1,-1,-1
187,11,487,266,172,128,1,-1,-1,-1
187,14,601,1287,176,153,1,-1,-1,-1
187,15,1997,967,208,280,1,-1,-1,-1
187,21,642,323,1918,869,1,-1,-1,-1
187,23,1161,358,251,187,1,-1,-1,-1
187,28,2039,284,149,126,1,-1,-1,-1
187,31,1768,251,792,564,1,-1,-1,-1
187,35,1837,549,150,185,1,-1,-1,-1
187,36,2005,960,167,185,1,-1,-1,-1
187,39,495,875,300,236,1,-1,-1,-1
187,42,626,290,126,151,1,-1,-1,-1
187,45,376,518,148,196,1,-1,-1,-1
187,47,465,596,160,292,1,-1,-1,-1
187,52,950,1203,192,131,1,-1,-1,-1
187,53,888,1202,256,236,1,-1,-1,-1
187,54,1249,619,259,137,1,-1,-1,-1
187,56,1776,565,196,280,1,-1,-1,-1
187,57,1761,966,176,145,1,-1,-1,-1
187,58,535,416,196,208,1,-1,-1,-1
187,59,2218,517,148,224,1,-1,-1,-1
187,60,1483,962,188,296,1,-1,-1,-1
187,61,1842,387,220,172,1,-1,-1,-1
187,62,1865,409,532,748,1,-1,-1,-1
187,63,1753,967,248,364,1,-1,-1,-1
187,64,1333,626,176,252,1,-1,-1,-1
188,2,616,241,130,193,1,-1,-1,-1
188,5,417,390,248,128,1,-1,-1,-1
188,6,1446,219,110,160,1,-1,-1,-1
188,8,493,637,149,190,1,-1,-1,-1
188,9,991,356,117,151,1,-1,-1,-1
188,11,486,268,172,128,1,-1,-1,-1
188,14,595,1291,176,149,1,-1,-1,-1
188,15,2001,974,208,280,1,-1,-1,-1
188,21,641,316,1919,869,1,-1,-1,-1
188,23,1162,358,251,187,1,-1,-1,-1
188,28,2044,285,149,126,1,-1,-1,-1
188,31,1762,264,798,564,1,-1,-1,-1
188,36,2009,968,167,185,1,-1,-1,-1
188,39,495,872,300,236,1,-1,-1,-1
188,42,616,299,126,151,1,-1,-1,-1
188,45,376,519,148,196,1,-1,-1,-1
188,47,466,595,160,292,1,-1,-1,-1
188,52,946,1202,192,131,1,-1,-1,-1
188,53,886,1203,256,236,1,-1,-1,-1
188,54,1248,618,259,137,1,-1,-1,-1
188,56,1779,569,196,280,1,-1,-1,-1
188,57,1763,1000,176,145,1,-1,-1,-1
188,58,536,417,196,208,1,-1,-1,-1
188,59,2223,472,148,224,1,-1,-1,-1
188,60,1477,963,188,296,1,-1,-1,-1
188,61,1844,387,220,172,1,-1,-1,-1
188,62,1763,406,532,748,1,-1,-1,-1
188,63,1765,995,248,364,1,-1,-1,-1
188,64,1331,625,176,252,1,-1,-1,-1
189,2,608,246,130,193,1,-1,-1,-1
189,5,417,391,248,128,1,-1,-1,-1
189,6,1461,218,110,160,1,-1,-1,-1
189,8,495,637,149,190,1,-1,-1,-1
189,9,999,354,117,151,1,-1,-1,-1
189,11,486,269,172,128,1,-1,-1,-1
189,14,591,1295,176,145,1,-1,-1,-1
189,15,1995,956,218,294,1,-1,-1,-1
189,21,648,318,1912,869,1,-1,-1,-1
189,23,1160,360,251,187,1,-1,-1,-1
189,28,2048,286,149,126,1,-1,-1,-1
189,31,1753,266,807,564,1,-1,-1,-1
189,36,2009,962,167,185,1,-1,-1,-1
189,39,501,868,300,236,1,-1,-1,-1
189,42,612,310,126,151,1,-1,-1,-1
189,45,376,519,148,196,1,-1,-1,-1
189,47,467,594,160,292,1,-1,-1,-1
189,52,941,1200,192,131,1,-1,-1,-1
189,53,883,1202,256,236,1,-1,-1,-1
189,54,1243,618,259,137,1,-1,-1,-1
189,56,1802,541,196,280,1,-1,-1,-1
189,57,1771,1035,176,145,1,-1,-1,-1
189,58,536,415,196,208,1,-1,-1,-1
189,59,2209,459,141,213,1,-1,-1,-1
189,60,1458,964,188,296,1,-1,-1,-1
189,61,1844,385,220,172,1,-1,-1,-1
189,62,1693,409,532,748,1,-1,-1,-1
189,63,1775,1013,236,347,1,-1,-1,-1
189,64,1331,625,176,252,1,-1,-1,-1
190,2,607,247,130,193,1,-1,-1,-1
190,5,416,390,248,128,1,-1,-1,-1
190,6,1471,221,110,160,1,-1,-1,-1
190,8,495,637,149,190,1,-1,-1,-1
190,9,1002,353,117,151,1,-1,-1,-1
190,11,487,270,172,128,1,-1,-1,-1
190,14,583,1297,176,143,1,-1,-1,-1
190,15,1991,959,208,280,1,-1,-1,-1
190,21,655,309,1905,869,1,-1,-1,-1
190,23,1161,360,251,187,1,-1,-1,-1
190,28,2049,286,149,126,1,-1,-1,-1
190,31,1751,271,808,564,1,-1,-1,-1
190,36,2004,962,167,185,1,-1,-1,-1
190,39,507,867,300,236,1,-1,-1,-1
190,42,609,321,126,151,1,-1,-1,-1
190,45,376,519,148,196,1,-1,-1,-1
190,47,469,594,160,292,1,-1,-1,-1
190,52,934,1199,192,131,1,-1,-1,-1
190,53,877,1201,256,236,1,-1,-1,-1
190,54,1239,617,259,137,1,-1,-1,-1
190,56,1774,623,187,267,1,-1,-1,-1
190,57,1793,1032,185,152,1,-1,-1,-1
190,58,538,415,196,208,1,-1,-1,-1
190,60,1428,939,197,311,1,-1,-1,-1
190,61,1845,382,231,181,1,-1,-1,-1
190,62,1546,385,532,748,1,-1,-1,-1
190,63,1795,1045,236,347,1,-1,-1,-1
190,64,1330,626,176,252,1,-1,-1,-1
191,2,607,247,130,193,1,-1,-1,-1
191,5,415,390,248,128,1,-1,-1,-1
191,6,1473,220,110,160,1,-1,-1,-1
191,8,496,636,149,190,1,-1,-1,-1
191,9,1003,353,117,151,1,-1,-1,-1
191,11,488,270,172,128,1,-1,-1,-1
191,14,584,1300,176,140,1,-1,-1,-1
191,15,1990,959,208,280,1,-1,-1,-1
191,21,663,301,1897,869,1,-1,-1,-1
191,23,1162,361,251,187,1,-1,-1,-1
191,28,2049,286,149,126,1,-1,-1,-1
191,31,1728,259,832,592,1,-1,-1,-1
191,36,2003,962,167,185,1,-1,-1,-1
191,39,507,867,300,236,1,-1,-1,-1
191,42,608,320,126,151,1,-1,-1,-1
191,45,376,520,148,196,1,-1,-1,-1
191,47,469,594,160,292,1,-1,-1,-1
191,52,932,1201,192,131,1,-1,-1,-1
191,53,875,1201,256,236,1,-1,-1,-1
191,54,1235,611,272,144,1,-1,-1,-1
191,56,1774,627,187,267,1,-1,-1,-1
191,57,1795,1033,185,152,1,-1,-1,-1
191,58,539,414,196,208,1,-1,-1,-1
191,60,1424,947,197,311,1,-1,-1,-1
191,61,1845,383,231,181,1,-1,-1,-1
191,62,1514,377,532,748,1,-1,-1,-1
191,63,1797,1048,236,347,1,-1,-1,-1
191,64,1330,626,176,252,1,-1,-1,-1
192,2,607,250,130,193,1,-1,-1,-1
192,5,416,391,248,128,1,-1,-1,-1
192,6,1483,223,110,160,1,-1,-1,-1
192,8,495,639,149,190,1,-1,-1,-1
192,9,1006,354,117,151,1,-1,-1,-1
192,11,487,272,172,128,1,-1,-1,-1
192,14,580,1299,176,141,1,-1,-1,-1
192,15,1988,957,208,280,1,-1,-1,-1
192,21,673,299,1887,869,1,-1,-1,-1
192,23,1158,363,251,187,1,-1,-1,-1
192,28,2049,285,149,126,1,-1,-1,-1
192,31,1728,249,832,592,1,-1,-1,-1
192,36,2001,962,167,185,1,-1,-1,-1
192,39,516,870,300,236,1,-1,-1,-1
192,42,608,318,126,151,1,-1,-1,-1
192,45,375,519,148,196,1,-1,-1,-1
192,47,470,595,160,292,1,-1,-1,-1
192,52,924,1201,192,131,1,-1,-1,-1
192,53,865,1201,256,236,1,-1,-1,-1
192,54,1228,613,272,144,1,-1,-1,-1
192,56,1807,577,178,254,1,-1,-1,-1
192,57,1816,1051,185,152,1,-1,-1,-1
192,58,538,414,196,208,1,-1,-1,-1
192,60,1500,963,207,326,1,-1,-1,-1
192,61,1839,385,231,181,1,-1,-1,-1
192,62,1440,341,532,748,1,-1,-1,-1
192,63,1815,1073,236,347,1,-1,-1,-1
192,64,1329,631,176,252,1,-1,-1,-1
193,2,607,250,130,193,1,-1,-1,-1
193,5,432,384,208,172,1,-1,-1,-1
193,6,1483,223,110,160,1,-1,-1,-1
193,8,495,639,149,190,1,-1,-1,-1
193,9,1006,354,117,151,1,-1,-1,-1
193,11,488,248,168,152,1,-1,-1,-1
193,14,580,1299,176,141,1,-1,-1,-1
193,15,2012,952,224,248,1,-1,-1,-1
193,21,673,299,1887,869,1,-1,-1,-1
193,23,1158,363,251,187,1,-1,-1,-1
193,28,2049,285,149,126,1,-1,-1,-1
193,31,1380,144,1180,788,1,-1,-1,-1
193,36,2001,962,167,185,1,-1,-1,-1
193,39,532,872,276,264,1,-1,-1,-1
193,42,608,318,126,151,1,-1,-1,-1
193,45,380,516,140,204,1,-1,-1,-1
193,47,464,608,160,276,1,-1,-1,-1
193,52,924,1201,192,131,1,-1,-1,-1
193,53,865,1201,256,236,1,-1,-1,-1
193,54,1228,613,272,144,1,-1,-1,-1
193,56,1824,596,156,208,1,-1,-1,-1
193,57,1816,1051,185,152,1,-1,-1,-1
193,58,544,320,192,300,1,-1,-1,-1
193,60,1500,963,207,326,1,-1,-1,-1
193,61,1839,385,231,181,1,-1,-1,-1
193,62,1440,341,532,748,1,-1,-1,-1
193,63,1824,1092,264,268,1,-1,-1,-1
193,64,1329,631,176,252,1,-1,-1,-1
193,65,2192,576,152,164,1,-1,-1,-1
193,66,1308,1012,256,248,1,-1,-1,-1
194,2,606,252,130,193,1,-1,-1,-1
194,5,432,385,208,172,1,-1,-1,-1
194,6,1488,223,110,160,1,-1,-1,-1
194,8,493,641,149,190,1,-1,-1,-1
194,9,1008,357,117,151,1,-1,-1,-1
194,11,488,249,168,152,1,-1,-1,-1
194,14,581,1303,176,137,1,-1,-1,-1
194,15,2017,951,224,248,1,-1,-1,-1
194,21,669,316,1891,869,1,-1,-1,-1
194,23,1156,368,239,178,1,-1,-1,-1
194,28,2033,339,149,126,1,-1,-1,-1
194,31,1348,131,1180,788,1,-1,-1,-1
194,36,2016,961,167,185,1,-1,-1,-1
194,39,531,873,276,264,1,-1,-1,-1
194,42,607,323,126,151,1,-1,-1,-1
194,45,380,516,140,204,1,-1,-1,-1
194,47,463,609,160,276,1,-1,-1,-1
194,52,919,1205,192,131,1,-1,-1,-1
194,53,848,1204,256,236,1,-1,-1,-1
194,54,1211,599,259,137,1,-1,-1,-1
194,56,1824,586,156,208,1,-1,-1,-1
194,57,1830,1030,185,152,1,-1,-1,-1
194,58,544,321,192,300,1,-1,-1,-1
194,60,1533,999,197,311,1,-1,-1,-1
194,61,1779,337,243,190,1,-1,-1,-1
194,62,1432,323,532,748,1,-1,-1,-1
194,63,1835,1107,264,268,1,-1,-1,-1
194,64,1253,597,185,265,1,-1,-1,-1
194,65,2189,567,152,164,1,-1,-1,-1
194,66,1285,1017,256,248,1,-1,-1,-1
195,2,605,259,130,193,1,-1,-1,-1
195,5,432,386,208,172,1,-1,-1,-1
195,6,1495,220,110,160,1,-1,-1,-1
195,8,491,643,149,190,1,-1,-1,-1
195,9,1008,360,117,151,1,-1,-1,-1
195,11,489,252,168,152,1,-1,-1,-1
195,14,580,1300,185,140,1,-1,-1,-1
195,15,2033,949,224,248,1,-1,-1,-1
195,21,662,335,1898,869,1,-1,-1,-1
195,23,1115,364,239,178,1,-1,-1,-1
195,28,2055,353,149,126,1,-1,-1,-1
195,31,1281,91,1239,827,1,-1,-1,-1
195,36,2030,957,167,185,1,-1,-1,-1
195,39,532,876,276,264,1,-1,-1,-1
195,42,606,330,126,151,1,-1,-1,-1
195,45,379,516,140,204,1,-1,-1,-1
195,47,463,611,160,276,1,-1,-1,-1
195,52,912,1205,192,131,1,-1,-1,-1
195,53,842,1204,256,236,1,-1,-1,-1
195,54,1104,623,272,144,1,-1,-1,-1
195,56,1822,572,156,208,1,-1,-1,-1
195,57,1847,1051,185,152,1,-1,-1,-1
195,58,545,323,192,300,1,-1,-1,-1
195,60,1555,999,197,311,1,-1,-1,-1
195,61,1749,362,243,190,1,-1,-1,-1
195,62,1396,307,559,785,1,-1,-1,-1
195,63,1853,1165,264,268,1,-1,-1,-1
195,64,1305,615,185,265,1,-1,-1,-1
195,65,2187,551,152,164,1,-1,-1,-1
195,66,1270,1025,256,248,1,-1,-1,-1
196,2,603,265,130,193,1,-1,-1,-1
196,5,432,387,208,172,1,-1,-1,-1
196,6,1471,206,110,160,1,-1,-1,-1
196,8,488,644,149,190,1,-1,-1,-1
196,9,1008,360,117,151,1,-1,-1,-1
196,11,489,255,168,152,1,-1,-1,-1
196,14,580,1302,185,138,1,-1,-1,-1
196,15,2040,945,224,248,1,-1,-1,-1
196,21,650,330,1910,869,1,-1,-1,-1
196,23,1139,369,251,187,1,-1,-1,-1
196,28,2041,335,149,126,1,-1,-1,-1
196,31,1226,80,1239,827,1,-1,-1,-1
196,36,2041,953,167,185,1,-1,-1,-1
196,39,530,879,276,264,1,-1,-1,-1
196,42,604,335,126,151,1,-1,-1,-1
196,45,379,516,140,204,1,-1,-1,-1
196,47,460,612,160,276,1,-1,-1,-1
196,52,906,1205,192,131,1,-1,-1,-1
196,53,840,1205,256,235,1,-1,-1,-1
196,54,1186,595,286,151,1,-1,-1,-1
196,56,1814,546,156,208,1,-1,-1,-1
196,57,1838,1050,194,160,1,-1,-1,-1
196,58,544,324,192,300,1,-1,-1,-1
196,60,1567,1002,197,311,1,-1,-1,-1
196,61,1725,352,243,190,1,-1,-1,-1
196,62,1394,232,587,825,1,-1,-1,-1
196,63,1877,1237,251,203,1,-1,-1,-1
196,64,1335,632,185,265,1,-1,-1,-1
196,65,2187,541,152,164,1,-1,-1,-1
196,66,1266,1027,244,236,1,-1,-1,-1
197,2,604,267,130,193,1,-1,-1,-1
197,5,431,387,208,172,1,-1,-1,-1
197,6,1459,205,110,160,1,-1,-1,-1
197,8,488,645,149,190,1,-1,-1,-1
197,9,1008,361,117,151,1,-1,-1,-1
197,11,490,254,168,152,1,-1,-1,-1
197,14,580,1301,185,139,1,-1,-1,-1
197,15,2042,946,224,248,1,-1,-1,-1
197,21,651,338,1909,869,1,-1,-1,-1
197,23,1136,374,251,187,1,-1,-1,-1
197,28,2028,323,149,126,1,-1,-1,-1
197,31,1219,70,1239,827,1,-1,-1,-1
197,36,2041,952,167,185,1,-1,-1,-1
197,39,531,879,276,264,1,-1,-1,-1
197,42,605,334,126,151,1,-1,-1,-1
197,45,379,516,140,204,1,-1,-1,-1
197,47,459,613,160,276,1,-1,-1,-1
197,52,900,1203,202,137,1,-1,-1,-1
197,53,838,1206,256,234,1,-1,-1,-1
197,54,1197,592,286,151,1,-1,-1,-1
197,56,1812,545,156,208,1,-1,-1,-1
197,57,1832,1055,194,160,1,-1,-1,-1
197,58,543,325,192,300,1,-1,-1,-1
197,60,1576,1000,207,326,1,-1,-1,-1
197,63,1851,1215,251,225,1,-1,-1,-1
197,64,1334,629,185,265,1,-1,-1,-1
197,65,2191,545,145,156,1,-1,-1,-1
197,66,1268,1028,244,236,1,-1,-1,-1
198,2,607,269,130,193,1,-1,-1,-1
198,5,431,387,208,172,1,-1,-1,-1
198,6,1468,149,105,152,1,-1,-1,-1
198,8,483,647,149,190,1,-1,-1,-1
198,9,1002,358,117,151,1,-1,-1,-1
198,11,491,255,168,152,1,-1,-1,-1
198,14,576,1298,194,142,1,-1,-1,-1
198,15,2051,940,224,248,1,-1,-1,-1
198,21,638,317,1922,869,1,-1,-1,-1
198,23,1098,349,264,196,1,-1,-1,-1
198,28,1970,321,156,132,1,-1,-1,-1
198,31,1209,64,1239,827,1,-1,-1,-1
198,36,2051,947,167,185,1,-1,-1,-1
198,39,529,882,276,264,1,-1,-1,-1
198,42,607,336,126,151,1,-1,-1,-1
198,45,377,516,140,204,1,-1,-1,-1
198,47,456,615,160,276,1,-1,-1,-1
198,52,900,1204,202,137,1,-1,-1,-1
198,53,837,1205,256,235,1,-1,-1,-1
198,54,1198,586,286,151,1,-1,-1,-1
198,56,1806,526,156,208,1,-1,-1,-1
198,57,1835,1050,204,168,1,-1,-1,-1
198,58,543,326,192,300,1,-1,-1,-1
198,60,1549,1002,207,326,1,-1,-1,-1
198,63,1852,1121,239,243,1,-1,-1,-1
198,64,1336,636,176,252,1,-1,-1,-1
198,65,2198,544,138,149,1,-1,-1,-1
198,66,1246,1037,232,225,1,-1,-1,-1
199,2,611,266,130,193,1,-1,-1,-1
199,5,431,387,208,172,1,-1,-1,-1
199,6,1459,127,105,152,1,-1,-1,-1
199,8,478,650,149,190,1,-1,-1,-1
199,9,1000,358,117,151,1,-1,-1,-1
199,11,492,256,168,152,1,-1,-1,-1
199,14,576,1296,194,144,1,-1,-1,-1
199,15,2064,941,224,248,1,-1,-1,-1
199,21,640,313,1920,869,1,-1,-1,-1
199,23,1047,319,264,196,1,-1,-1,-1
199,31,1293,67,1239,827,1,-1,-1,-1
199,36,2060,947,167,185,1,-1,-1,-1
199,39,529,886,276,264,1,-1,-1,-1
199,42,611,335,126,151,1,-1,-1,-1
199,45,377,516,140,204,1,-1,-1,-1
199,47,450,617,160,276,1,-1,-1,-1
199,52,889,1199,212,144,1,-1,-1,-1
199,53,836,1203,256,236,1,-1,-1,-1
199,56,1805,511,156,208,1,-1,-1,-1
199,57,1856,1053,194,160,1,-1,-1,-1
199,58,537,320,202,315,1,-1,-1,-1
199,63,1865,1122,228,232,1,-1,-1,-1
199,64,1333,638,176,252,1,-1,-1,-1
199,65,2204,547,138,149,1,-1,-1,-1
199,66,1183,1088,232,225,1,-1,-1,-1
200,2,613,268,130,193,1,-1,-1,-1
200,5,431,386,208,172,1,-1,-1,-1
200,6,1471,109,105,152,1,-1,-1,-1
200,8,466,664,149,190,1,-1,-1,-1
200,9,990,342,111,144,1,-1,-1,-1
200,11,494,255,168,152,1,-1,-1,-1
200,14,576,1297,194,143,1,-1,-1,-1
200,15,2070,940,224,248,1,-1,-1,-1
200,21,631,310,1929,869,1,-1,-1,-1
200,23,999,279,277,206,1,-1,-1,-1
200,31,1281,50,1239,827,1,-1,-1,-1
200,36,2065,949,167,185,1,-1,-1,-1
200,39,528,886,276,264,1,-1,-1,-1
200,42,613,336,126,151,1,-1,-1,-1
200,45,377,516,140,204,1,-1,-1,-1
200,47,444,621,160,276,1,-1,-1,-1
200,52,885,1200,212,144,1,-1,-1,-1
200,53,835,1208,244,225,1,-1,-1,-1
200,56,1799,493,164,218,1,-1,-1,-1
200,58,537,318,202,315,1,-1,-1,-1
200,63,1864,1116,228,232,1,-1,-1,-1
200,64,1334,638,176,252,1,-1,-1,-1
200,65,2209,548,138,149,1,-1,-1,-1
200,66,1144,1128,232,225,1,-1,-1,-1
201,2,613,268,130,193,1,-1,-1,-1
201,5,431,386,208,172,1,-1,-1,-1
201,6,1471,109,105,152,1,-1,-1,-1
201,8,466,664,149,190,1,-1,-1,-1
201,9,990,342,111,144,1,-1,-1,-1
201,11,496,244,152,152,1,-1,-1,-1
201,14,576,1297,194,143,1,-1,-1,-1
201,15,1984,952,368,276,1,-1,-1,-1
201,21,631,310,1929,869,1,-1,-1,-1
201,23,999,279,277,206,1,-1,-1,-1
201,31,1281,50,1239,827,1,-1,-1,-1
201,36,2065,949,167,185,1,-1,-1,-1
201,39,528,886,276,264,1,-1,-1,-1
201,42,613,336,126,151,1,-1,-1,-1
201,45,384,516,132,184,1,-1,-1,-1
201,47,440,632,180,272,1,-1,-1,-1
201,52,885,1200,212,144,1,-1,-1,-1
201,53,824,1192,320,248,1,-1,-1,-1
201,56,1800,464,168,236,1,-1,-1,-1
201,58,537,318,202,315,1,-1,-1,-1
201,63,1864,1116,228,232,1,-1,-1,-1
201,64,1336,620,156,272,1,-1,-1,-1
201,65,2184,524,172,212,1,-1,-1,-1
201,66,1144,1128,232,225,1,-1,-1,-1
201,67,984,36,1576,480,1,-1,-1,-1
201,68,1176,628,176,236,1,-1,-1,-1
202,2,617,262,130,193,1,-1,-1,-1
202,5,431,385,208,172,1,-1,-1,-1
202,6,1473,84,105,152,1,-1,-1,-1
202,8,460,665,149,190,1,-1,-1,-1
202,9,972,339,117,151,1,-1,-1,-1
202,11,496,244,152,152,1,-1,-1,-1
202,14,575,1298,194,142,1,-1,-1,-1
202,15,1987,951,368,276,1,-1,-1,-1
202,21,644,299,1916,869,1,-1,-1,-1
202,31,1303,49,1239,827,1,-1,-1,-1
202,36,2073,953,167,185,1,-1,-1,-1
202,39,524,886,276,264,1,-1,-1,-1
202,42,615,334,126,151,1,-1,-1,-1
202,45,384,516,132,184,1,-1,-1,-1
202,47,439,632,180,272,1,-1,-1,-1
202,52,878,1197,212,144,1,-1,-1,-1
202,53,821,1191,320,248,1,-1,-1,-1
202,56,1800,463,168,236,1,-1,-1,-1
202,58,537,318,202,315,1,-1,-1,-1
202,63,1864,1126,228,232,1,-1,-1,-1
202,64,1336,619,156,272,1,-1,-1,-1
202,65,2186,525,172,212,1,-1,-1,-1
202,66,1119,1174,232,225,1,-1,-1,-1
202,67,985,36,1575,480,1,-1,-1,-1
202,68,1174,628,176,236,1,-1,-1,-1
203,2,618,263,130,193,1,-1,-1,-1
203,5,432,386,208,172,1,-1,-1,-1
203,8,457,664,156,200,1,-1,-1,-1
203,9,970,337,117,151,1,-1,-1,-1
203,11,496,244,152,152,1,-1,-1,-1
203,14,576,1298,194,142,1,-1,-1,-1
203,15,1989,951,368,276,1,-1,-1,-1
203,21,626,300,1934,869,1,-1,-1,-1
203,31,1285,41,1239,827,1,-1,-1,-1
203,36,2078,951,167,185,1,-1,-1,-1
203,39,524,886,276,264,1,-1,-1,-1
203,42,617,332,126,151,1,-1,-1,-1
203,45,384,516,132,184,1,-1,-1,-1
203,47,438,632,180,272,1,-1,-1,-1
203,52,877,1197,212,144,1,-1,-1,-1
203,53,820,1192,320,248,1,-1,-1,-1
203,56,1800,462,168,236,1,-1,-1,-1
203,58,537,319,202,315,1,-1,-1,-1
203,64,1336,618,156,272,1,-1,-1,-1
203,65,2186,525,172,212,1,-1,-1,-1
203,66,1116,1192,232,225,1,-1,-1,-1
203,67,984,35,1576,480,1,-1,-1,-1
203,68,1173,629,176,236,1,-1,-1,-1
204,2,616,263,130,193,1,-1,-1,-1
204,5,433,386,208,172,1,-1,-1,-1
204,8,454,662,156,200,1,-1,-1,-1
204,9,1002,369,111,144,1,-1,-1,-1
204,11,496,244,152,152,1,-1,-1,-1
204,14,574,1297,194,143,1,-1,-1,-1
204,15,2017,954,350,263,1,-1,-1,-1
204,21,624,292,1936,869,1,-1,-1,-1
204,31,1256,14,1301,869,1,-1,-1,-1
204,36,2081,949,167,185,1,-1,-1,-1
204,39,518,884,276,264,1,-1,-1,-1
204,42,616,332,126,151,1,-1,-1,-1
204,45,384,516,132,184,1,-1,-1,-1
204,47,437,631,180,272,1,-1,-1,-1
204,52,872,1197,212,144,1,-1,-1,-1
204,53,817,1192,320,248,1,-1,-1,-1
204,56,1800,460,168,236,1,-1,-1,-1
204,58,535,319,202,315,1,-1,-1,-1
204,64,1336,618,156,272,1,-1,-1,-1
204,65,2188,526,172,212,1,-1,-1,-1
204,66,1112,1207,232,225,1,-1,-1,-1
204,67,987,34,1573,480,1,-1,-1,-1
204,68,1172,630,176,236,1,-1,-1,-1
205,2,615,263,130,193,1,-1,-1,-1
205,5,434,386,208,172,1,-1,-1,-1
205,8,451,662,156,200,1,-1,-1,-1
205,9,1006,371,111,144,1,-1,-1,-1
205,11,495,243,152,152,1,-1,-1,-1
205,14,575,1299,194,141,1,-1,-1,-1
205,15,2028,953,350,263,1,-1,-1,-1
205,21,629,295,1931,869,1,-1,-1,-1
205,31,1231,3,1301,869,1,-1,-1,-1
205,36,2101,936,167,185,1,-1,-1,-1
205,39,511,885,276,264,1,-1,-1,-1
205,42,614,330,126,151,1,-1,-1,-1
205,45,384,516,132,184,1,-1,-1,-1
205,47,434,631,180,272,1,-1,-1,-1
205,52,869,1195,212,144,1,-1,-1,-1
205,53,815,1191,320,248,1,-1,-1,-1
205,56,1801,460,168,236,1,-1,-1,-1
205,58,536,317,202,315,1,-1,-1,-1
205,64,1337,620,156,272,1,-1,-1,-1
205,65,2189,527,172,212,1,-1,-1,-1
205,66,1112,1202,232,225,1,-1,-1,-1
205,67,1008,34,1552,480,1,-1,-1,-1
205,68,1172,635,176,236,1,-1,-1,-1
206,2,615,261,130,193,1,-1,-1,-1
206,5,433,385,208,172,1,-1,-1,-1
206,8,450,668,156,200,1,-1,-1,-1
206,9,1007,373,111,144,1,-1,-1,-1
206,11,493,242,152,152,1,-1,-1,-1
206,14,576,1298,194,142,1,-1,-1,-1
206,15,2040,946,350,263,1,-1,-1,-1
206,21,637,298,1923,869,1,-1,-1,-1
206,31,1195,0,1365,901,1,-1,-1,-1
206,36,2107,934,167,185,1,-1,-1,-1
206,39,507,890,276,264,1,-1,-1,-1
206,42,613,329,126,151,1,-1,-1,-1
206,45,383,515,132,184,1,-1,-1,-1
206,47,429,634,180,272,1,-1,-1,-1
206,52,870,1193,212,144,1,-1,-1,-1
206,53,813,1190,320,248,1,-1,-1,-1
206,56,1803,462,168,236,1,-1,-1,-1
206,58,536,314,202,315,1,-1,-1,-1
206,64,1339,619,156,272,1,-1,-1,-1
206,65,2188,526,172,212,1,-1,-1,-1
206,66,1103,1202,244,236,1,-1,-1,-1
206,67,981,24,1579,504,1,-1,-1,-1
206,68,1173,639,176,236,1,-1,-1,-1
207,2,615,260,130,193,1,-1,-1,-1
207,5,431,384,208,172,1,-1,-1,-1
207,8,448,671,156,200,1,-1,-1,-1
207,9,1005,377,111,144,1,-1,-1,-1
207,11,493,241,152,152,1,-1,-1,-1
207,14,575,1299,194,141,1,-1,-1,-1
207,15,2056,951,350,263,1,-1,-1,-1
207,21,633,306,1927,869,1,-1,-1,-1
207,31,1243,24,1301,869,1,-1,-1,-1
207,36,2124,935,167,185,1,-1,-1,-1
207,39,504,910,276,264,1,-1,-1,-1
207,42,613,330,126,151,1,-1,-1,-1
207,45,383,515,132,184,1,-1,-1,-1
207,47,422,640,180,272,1,-1,-1,-1
207,52,868,1193,212,144,1,-1,-1,-1
207,53,811,1190,320,248,1,-1,-1,-1
207,56,1803,464,168,236,1,-1,-1,-1
207,58,536,314,202,315,1,-1,-1,-1
207,64,1345,618,156,272,1,-1,-1,-1
207,65,2181,527,172,212,1,-1,-1,-1
207,66,1107,1200,244,236,1,-1,-1,-1
207,67,1022,25,1538,504,1,-1,-1,-1
207,68,1171,633,185,248,1,-1,-1,-1
208,2,615,259,130,193,1,-1,-1,-1
208,5,430,384,208,172,1,-1,-1,-1
208,8,437,673,156,200,1,-1,-1,-1
208,9,1004,375,111,144,1,-1,-1,-1
208,11,495,241,152,152,1,-1,-1,-1
208,14,575,1300,194,140,1,-1,-1,-1
208,15,2083,938,350,263,1,-1,-1,-1
208,21,639,313,1921,869,1,-1,-1,-1
208,31,1234,33,1301,869,1,-1,-1,-1
208,36,2144,939,167,185,1,-1,-1,-1
208,39,492,921,290,277,1,-1,-1,-1
208,42,613,332,126,151,1,-1,-1,-1
208,45,383,515,132,184,1,-1,-1,-1
208,47,415,642,180,272,1,-1,-1,-1
208,52,867,1195,212,144,1,-1,-1,-1
208,53,812,1190,320,248,1,-1,-1,-1
208,56,1810,474,160,225,1,-1,-1,-1
208,58,536,313,202,315,1,-1,-1,-1
208,64,1359,617,156,272,1,-1,-1,-1
208,65,2167,530,172,212,1,-1,-1,-1
208,66,1113,1207,232,225,1,-1,-1,-1
208,67,1093,40,1467,504,1,-1,-1,-1
208,68,1180,622,176,236,1,-1,-1,-1
209,2,615,259,130,193,1,-1,-1,-1
209,5,412,380,228,188,1,-1,-1,-1
209,8,437,673,156,200,1,-1,-1,-1
209,9,1004,375,111,144,1,-1,-1,-1
209,11,492,232,160,164,1,-1,-1,-1
209,14,575,1300,194,140,1,-1,-1,-1
209,15,2128,932,288,312,1,-1,-1,-1
209,21,639,313,1921,869,1,-1,-1,-1
209,31,1234,33,1301,869,1,-1,-1,-1
209,36,2144,939,167,185,1,-1,-1,-1
209,39,504,924,272,288,1,-1,-1,-1
209,42,613,332,126,151,1,-1,-1,-1
209,45,383,515,132,184,1,-1,-1,-1
209,47,400,528,220,384,1,-1,-1,-1
209,52,867,1195,212,144,1,-1,-1,-1
209,53,812,1188,288,248,1,-1,-1,-1
209,56,1808,484,176,208,1,-1,-1,-1
209,58,536,352,200,272,1,-1,-1,-1
209,64,1360,632,156,260,1,-1,-1,-1
209,65,2176,556,164,192,1,-1,-1,-1
209,66,1113,1207,232,225,1,-1,-1,-1
209,67,1008,124,1552,476,1,-1,-1,-1
209,68,1180,622,176,236,1,-1,-1,-1
210,2,616,258,130,193,1,-1,-1,-1
210,5,412,379,228,188,1,-1,-1,-1
210,8,431,672,156,200,1,-1,-1,-1
210,9,1000,374,111,144,1,-1,-1,-1
210,11,494,232,160,164,1,-1,-1,-1
210,14,576,1303,194,137,1,-1,-1,-1
210,15,2137,930,288,312,1,-1,-1,-1
210,21,650,314,1910,869,1,-1,-1,-1
210,31,1260,42,1300,869,1,-1,-1,-1
210,36,2156,932,167,185,1,-1,-1,-1
210,39,497,928,272,288,1,-1,-1,-1
210,42,613,330,126,151,1,-1,-1,-1
210,45,382,515,132,184,1,-1,-1,-1
210,47,397,528,220,384,1,-1,-1,-1
210,52,860,1194,212,144,1,-1,-1,-1
210,53,810,1191,288,248,1,-1,-1,-1
210,56,1810,486,176,208,1,-1,-1,-1
210,58,536,351,200,272,1,-1,-1,-1
210,64,1377,639,156,260,1,-1,-1,-1
210,65,2162,556,164,192,1,-1,-1,-1
210,66,1111,1205,232,225,1,-1,-1,-1
210,67,1043,128,1517,476,1,-1,-1,-1
210,68,1194,627,176,236,1,-1,-1,-1
211,2,617,258,130,193,1,-1,-1,-1
211,5,412,379,228,188,1,-1,-1,-1
211,8,426,674,156,200,1,-1,-1,-1
211,9,1003,367,117,151,1,-1,-1,-1
211,11,498,233,160,164,1,-1,-1,-1
211,14,576,1304,194,136,1,-1,-1,-1
211,15,2139,923,288,312,1,-1,-1,-1
211,21,654,314,1906,869,1,-1,-1,-1
211,31,1269,61,1291,869,1,-1,-1,-1
211,39,489,930,272,288,1,-1,-1,-1
211,42,614,330,126,151,1,-1,-1,-1
211,45,382,516,132,184,1,-1,-1,-1
211,47,392,531,220,384,1,-1,-1,-1
211,52,849,1213,202,137,1,-1,-1,-1
211,53,806,1198,288,242,1,-1,-1,-1
211,56,1814,491,176,208,1,-1,-1,-1
211,58,537,352,200,272,1,-1,-1,-1
211,64,1376,633,164,273,1,-1,-1,-1
211,65,2146,562,164,192,1,-1,-1,-1
211,66,1110,1206,232,225,1,-1,-1,-1
211,67,1163,135,1397,476,1,-1,-1,-1
211,68,1193,623,185,248,1,-1,-1,-1
212,2,618,256,130,193,1,-1,-1,-1
212,5,410,380,228,188,1,-1,-1,-1
212,8,423,676,156,200,1,-1,-1,-1
212,9,1005,367,117,151,1,-1,-1,-1
212,11,501,233,160,164,1,-1,-1,-1
212,14,575,1303,194,137,1,-1,-1,-1
212,15,2136,911,288,312,1,-1,-1,-1
212,21,667,308,1893,869,1,-1,-1,-1
212,31,1347,87,1213,827,1,-1,-1,-1
212,39,485,928,272,288,1,-1,-1,-1
212,42,614,332,126,151,1,-1,-1,-1
212,45,386,520,126,175,1,-1,-1,-1
212,47,390,532,220,384,1,-1,-1,-1
212,52,847,1220,202,137,1,-1,-1,-1
212,53,805,1204,288,236,1,-1,-1,-1
212,56,1816,495,176,208,1,-1,-1,-1
212,58,537,353,200,272,1,-1,-1,-1
212,64,1401,656,164,273,1,-1,-1,-1
212,65,2135,568,164,192,1,-1,-1,-1
212,66,1108,1209,232,225,1,-1,-1,-1
212,67,1279,152,1281,476,1,-1,-1,-1
212,68,1187,621,185,248,1,-1,-1,-1
213,2,612,251,137,203,1,-1,-1,-1
213,5,407,382,228,188,1,-1,-1,-1
213,8,422,676,156,200,1,-1,-1,-1
213,9,1006,366,117,151,1,-1,-1,-1
213,11,504,233,160,164,1,-1,-1,-1
213,14,575,1303,194,137,1,-1,-1,-1
213,15,2116,910,302,328,1,-1,-1,-1
213,21,652,310,1908,869,1,-1,-1,-1
213,31,1341,104,1219,827,1,-1,-1,-1
213,39,478,925,272,288,1,-1,-1,-1
213,42,612,331,126,151,1,-1,-1,-1
213,45,386,520,126,175,1,-1,-1,-1
213,47,388,533,220,384,1,-1,-1,-1
213,52,841,1227,202,137,1,-1,-1,-1
213,53,816,1201,288,239,1,-1,-1,-1
213,56,1821,497,176,208,1,-1,-1,-1
213,58,535,354,200,272,1,-1,-1,-1
213,64,1397,655,172,287,1,-1,-1,-1
213,65,2126,571,164,192,1,-1,-1,-1
213,66,1103,1221,232,219,1,-1,-1,-1
213,67,1062,132,1498,500,1,-1,-1,-1
213,68,1190,628,176,236,1,-1,-1,-1
214,2,609,253,137,203,1,-1,-1,-1
214,5,405,383,228,188,1,-1,-1,-1
214,8,420,676,156,200,1,-1,-1,-1
214,9,1007,367,117,151,1,-1,-1,-1
214,11,508,234,160,164,1,-1,-1,-1
214,14,576,1304,194,136,1,-1,-1,-1
214,15,2105,888,318,344,1,-1,-1,-1
214,21,650,314,1910,869,1,-1,-1,-1
214,31,1347,120,1213,827,1,-1,-1,-1
214,39,471,925,272,288,1,-1,-1,-1
214,42,606,329,132,159,1,-1,-1,-1
214,45,386,519,126,175,1,-1,-1,-1
214,47,388,534,220,384,1,-1,-1,-1
214,52,835,1227,202,137,1,-1,-1,-1
214,53,811,1202,288,238,1,-1,-1,-1
214,56,1837,524,176,208,1,-1,-1,-1
214,58,533,355,200,272,1,-1,-1,-1
214,64,1394,652,181,301,1,-1,-1,-1
214,65,2121,569,164,192,1,-1,-1,-1
214,66,1092,1223,232,217,1,-1,-1,-1
214,67,1015,100,1545,525,1,-1,-1,-1
214,68,1191,628,176,236,1,-1,-1,-1
215,2,609,253,137,203,1,-1,-1,-1
215,5,404,384,228,188,1,-1,-1,-1
215,8,421,675,156,200,1,-1,-1,-1
215,9,1009,367,117,151,1,-1,-1,-1
215,11,509,233,160,164,1,-1,-1,-1
215,14,576,1304,194,136,1,-1,-1,-1
215,15,2082,867,333,361,1,-1,-1,-1
215,21,646,312,1914,869,1,-1,-1,-1
215,31,1345,121,1215,827,1,-1,-1,-1
215,39,470,926,272,288,1,-1,-1,-1
215,42,605,329,132,159,1,-1,-1,-1
215,45,386,520,126,175,1,-1,-1,-1
215,47,386,533,220,384,1,-1,-1,-1
215,52,836,1227,202,137,1,-1,-1,-1
215,53,799,1196,302,244,1,-1,-1,-1
215,56,1840,527,176,208,1,-1,-1,-1
215,58,534,354,200,272,1,-1,-1,-1
215,64,1402,654,172,287,1,-1,-1,-1
215,65,2122,567,164,192,1,-1,-1,-1
215,66,1089,1216,244,224,1,-1,-1,-1
215,67,997,77,1563,525,1,-1,-1,-1
216,2,609,255,137,203,1,-1,-1,-1
216,5,402,386,228,188,1,-1,-1,-1
216,8,421,676,156,200,1,-1,-1,-1
216,9,1008,363,123,158,1,-1,-1,-1
216,11,502,237,160,164,1,-1,-1,-1
216,14,580,1313,185,127,1,-1,-1,-1
216,15,2086,834,318,344,1,-1,-1,-1
216,21,638,307,1922,869,1,-1,-1,-1
216,31,1367,143,1193,827,1,-1,-1,-1
216,39,461,932,272,288,1,-1,-1,-1
216,42,603,328,132,159,1,-1,-1,-1
216,45,386,519,126,175,1,-1,-1,-1
216,47,386,533,220,384,1,-1,-1,-1
216,52,832,1227,202,137,1,-1,-1,-1
216,53,799,1192,302,248,1,-1,-1,-1
216,56,1774,457,176,208,1,-1,-1,-1
216,58,532,355,200,272,1,-1,-1,-1
216,64,1423,656,172,287,1,-1,-1,-1
216,65,2047,565,164,192,1,-1,-1,-1
216,66,1066,1208,256,232,1,-1,-1,-1
216,67,1021,76,1539,500,1,-1,-1,-1
217,2,609,255,137,203,1,-1,-1,-1
217,5,402,386,228,188,1,-1,-1,-1
217,8,396,652,184,268,1,-1,-1,-1
217,9,1008,363,123,158,1,-1,-1,-1
217,11,502,237,160,164,1,-1,-1,-1
217,14,580,1313,185,127,1,-1,-1,-1
217,15,2086,834,318,344,1,-1,-1,-1
217,21,638,307,1922,869,1,-1,-1,-1
217,31,1367,143,1193,827,1,-1,-1,-1
217,39,428,960,300,292,1,-1,-1,-1
217,42,603,328,132,159,1,-1,-1,-1
217,45,384,524,140,164,1,-1,-1,-1
217,47,386,533,220,384,1,-1,-1,-1
217,52,832,1227,202,137,1,-1,-1,-1
217,53,788,1188,256,248,1,-1,-1,-1
217,56,1774,457,176,208,1,-1,-1,-1
217,58,528,424,204,192,1,-1,-1,-1
217,64,1423,656,172,287,1,-1,-1,-1
217,65,2047,565,164,192,1,-1,-1,-1
217,66,1066,1208,256,232,1,-1,-1,-1
217,67,1021,76,1539,500,1,-1,-1,-1
217,69,1916,324,644,480,1,-1,-1,-1
217,70,2132,756,168,304,1,-1,-1,-1
217,71,1832,360,152,328,1,-1,-1,-1
217,72,1528,280,204,204,1,-1,-1,-1
217,73,1064,1028,192,368,1,-1,-1,-1
217,74,1496,1216,204,220,1,-1,-1,-1
217,75,1428,680,236,112,1,-1,-1,-1
217,76,572,244,208,148,1,-1,-1,-1
217,77,1388,776,296,228,1,-1,-1,-1
218,2,608,259,137,203,1,-1,-1,-1
218,5,398,388,228,188,1,-1,-1,-1
218,8,396,652,184,268,1,-1,-1,-1
218,9,1012,363,123,158,1,-1,-1,-1
218,11,488,237,160,164,1,-1,-1,-1
218,14,544,1358,185,82,1,-1,-1,-1
218,15,2069,813,318,344,1,-1,-1,-1
218,21,681,317,1879,827,1,-1,-1,-1
218,31,1381,130,1179,827,1,-1,-1,-1
218,39,425,960,300,292,1,-1,-1,-1
218,42,601,328,132,159,1,-1,-1,-1
218,45,384,524,140,164,1,-1,-1,-1
218,47,387,533,220,384,1,-1,-1,-1
218,52,817,1215,202,137,1,-1,-1,-1
218,53,784,1184,256,248,1,-1,-1,-1
218,56,1825,482,176,208,1,-1,-1,-1
218,58,528,425,204,192,1,-1,-1,-1
218,64,1397,640,172,287,1,-1,-1,-1
218,65,2027,555,164,192,1,-1,-1,-1
218,66,1047,1206,256,234,1,-1,-1,-1
218,67,975,49,1585,525,1,-1,-1,-1
218,69,1922,323,638,480,1,-1,-1,-1
218,70,2127,745,168,304,1,-1,-1,-1
218,71,1831,359,152,328,1,-1,-1,-1
218,72,1527,280,204,204,1,-1,-1,-1
218,73,1062,1028,192,368,1,-1,-1,-1
218,74,1482,1199,204,220,1,-1,-1,-1
218,75,1433,676,236,112,1,-1,-1,-1
218,76,585,242,208,148,1,-1,-1,-1
218,77,1402,773,296,228,1,-1,-1,-1
219,2,609,262,137,203,1,-1,-1,-1
219,5,398,388,228,188,1,-1,-1,-1
219,8,395,653,184,268,1,-1,-1,-1
219,9,1015,362,123,158,1,-1,-1,-1
219,11,491,236,160,164,1,-1,-1,-1
219,14,531,1360,185,80,1,-1,-1,-1
219,15,2055,771,318,344,1,-1,-1,-1
219,21,677,311,1883,827,1,-1,-1,-1
219,31,1344,101,1216,827,1,-1,-1,-1
219,39,424,961,300,292,1,-1,-1,-1
219,42,601,328,132,159,1,-1,-1,-1
219,45,383,525,140,164,1,-1,-1,-1
219,47,385,534,220,384,1,-1,-1,-1
219,52,817,1211,202,137,1,-1,-1,-1
219,53,782,1179,256,248,1,-1,-1,-1
219,56,1830,483,176,208,1,-1,-1,-1
219,58,529,427,204,192,1,-1,-1,-1
219,64,1398,633,172,287,1,-1,-1,-1
219,65,2107,534,164,192,1,-1,-1,-1
219,66,1049,1210,244,230,1,-1,-1,-1
219,67,1034,58,1526,500,1,-1,-1,-1
219,69,1913,324,644,480,1,-1,-1,-1
219,70,2114,720,168,304,1,-1,-1,-1
219,71,1829,356,152,328,1,-1,-1,-1
219,72,1527,280,204,204,1,-1,-1,-1
219,73,1061,1028,192,368,1,-1,-1,-1
219,74,1477,1194,204,220,1,-1,-1,-1
219,75,1443,664,248,118,1,-1,-1,-1
219,76,596,239,208,148,1,-1,-1,-1
219,77,1427,769,296,228,1,-1,-1,-1
220,2,609,265,137,203,1,-1,-1,-1
220,5,398,389,228,188,1,-1,-1,-1
220,8,394,652,184,268,1,-1,-1,-1
220,9,1017,361,123,158,1,-1,-1,-1
220,11,492,234,160,164,1,-1,-1,-1
220,14,532,1360,185,80,1,-1,-1,-1
220,15,2032,731,318,344,1,-1,-1,-1
220,21,679,304,1881,827,1,-1,-1,-1
220,31,1342,76,1218,827,1,-1,-1,-1
220,39,421,960,300,292,1,-1,-1,-1
220,42,601,329,132,159,1,-1,-1,-1
220,45,383,525,140,164,1,-1,-1,-1
220,47,383,534,220,384,1,-1,-1,-1
220,52,820,1215,192,131,1,-1,-1,-1
220,53,780,1176,256,248,1,-1,-1,-1
220,56,1827,479,185,218,1,-1,-1,-1
220,58,530,428,204,192,1,-1,-1,-1
220,65,2128,523,164,192,1,-1,-1,-1
220,66,1058,1207,244,233,1,-1,-1,-1
220,67,1043,53,1517,500,1,-1,-1,-1
220,69,1899,295,661,504,1,-1,-1,-1
220,70,2093,689,168,304,1,-1,-1,-1
220,71,1828,354,152,328,1,-1,-1,-1
220,72,1527,280,204,204,1,-1,-1,-1
220,73,1060,1030,192,368,1,-1,-1,-1
220,74,1476,1188,214,231,1,-1,-1,-1
220,75,1446,655,248,118,1,-1,-1,-1
220,76,637,238,208,148,1,-1,-1,-1
220,77,1434,775,296,228,1,-1,-1,-1
221,2,609,265,137,203,1,-1,-1,-1
221,5,398,389,228,188,1,-1,-1,-1
221,8,393,653,184,268,1,-1,-1,-1
221,9,1017,361,123,158,1,-1,-1,-1
221,11,491,233,160,164,1,-1,-1,-1
221,14,535,1358,185,82,1,-1,-1,-1
221,15,2042,751,302,328,1,-1,-1,-1
221,21,686,305,1874,827,1,-1,-1,-1
221,31,1384,75,1176,788,1,-1,-1,-1
221,39,423,959,300,292,1,-1,-1,-1
221,42,601,329,132,159,1,-1,-1,-1
221,45,383,525,140,164,1,-1,-1,-1
221,47,383,534,220,384,1,-1,-1,-1
221,52,823,1219,183,124,1,-1,-1,-1
221,53,780,1177,256,248,1,-1,-1,-1
221,56,1828,480,185,218,1,-1,-1,-1
221,58,529,428,204,192,1,-1,-1,-1
221,65,2127,523,164,192,1,-1,-1,-1
221,66,1058,1210,244,230,1,-1,-1,-1
221,67,1027,40,1533,500,1,-1,-1,-1
221,69,1898,296,662,504,1,-1,-1,-1
221,70,2091,685,168,304,1,-1,-1,-1
221,71,1828,355,152,328,1,-1,-1,-1
221,72,1526,280,204,204,1,-1,-1,-1
221,73,1060,1030,192,368,1,-1,-1,-1
221,74,1480,1188,214,231,1,-1,-1,-1
221,75,1451,651,248,118,1,-1,-1,-1
221,76,636,237,208,148,1,-1,-1,-1
221,77,1437,776,296,228,1,-1,-1,-1
222,2,610,267,137,203,1,-1,-1,-1
222,5,397,388,228,188,1,-1,-1,-1
222,8,391,654,184,268,1,-1,-1,-1
222,9,1020,361,123,158,1,-1,-1,-1
222,11,494,232,160,164,1,-1,-1,-1
222,14,535,1357,194,83,1,-1,-1,-1
222,15,2033,727,302,328,1,-1,-1,-1
222,21,689,307,1871,827,1,-1,-1,-1
222,31,1418,79,1124,750,1,-1,-1,-1
222,39,424,957,300,292,1,-1,-1,-1
222,42,601,328,132,159,1,-1,-1,-1
222,45,383,525,140,164,1,-1,-1,-1
222,47,381,535,220,384,1,-1,-1,-1
222,52,823,1217,183,124,1,-1,-1,-1
222,53,779,1175,256,248,1,-1,-1,-1
222,56,1825,479,185,218,1,-1,-1,-1
222,58,529,427,204,192,1,-1,-1,-1
222,65,2129,524,164,192,1,-1,-1,-1
222,66,1062,1224,244,216,1,-1,-1,-1
222,67,1039,33,1521,500,1,-1,-1,-1
222,69,1896,293,664,504,1,-1,-1,-1
222,70,2083,673,168,304,1,-1,-1,-1
222,71,1826,355,152,328,1,-1,-1,-1
222,72,1526,280,204,204,1,-1,-1,-1
222,73,1065,1044,183,350,1,-1,-1,-1
222,74,1462,1177,214,231,1,-1,-1,-1
222,75,1450,644,260,123,1,-1,-1,-1
222,76,658,241,198,141,1,-1,-1,-1
222,77,1448,786,296,228,1,-1,-1,-1
223,2,609,269,137,203,1,-1,-1,-1
223,5,396,388,228,188,1,-1,-1,-1
223,8,387,657,184,268,1,-1,-1,-1
223,9,1021,361,123,158,1,-1,-1,-1
223,11,494,232,160,164,1,-1,-1,-1
223,14,544,1352,194,88,1,-1,-1,-1
223,15,2030,715,302,328,1,-1,-1,-1
223,21,696,306,1864,827,1,-1,-1,-1
223,31,1406,65,1124,750,1,-1,-1,-1
223,39,426,956,300,292,1,-1,-1,-1
223,42,600,330,132,159,1,-1,-1,-1
223,45,383,526,140,164,1,-1,-1,-1
223,47,377,539,220,384,1,-1,-1,-1
223,52,822,1216,183,124,1,-1,-1,-1
223,53,779,1176,256,248,1,-1,-1,-1
223,56,1823,478,185,218,1,-1,-1,-1
223,58,529,426,204,192,1,-1,-1,-1
223,65,2130,522,164,192,1,-1,-1,-1
223,66,1079,1220,244,220,1,-1,-1,-1
223,67,1091,41,1469,476,1,-1,-1,-1
223,69,1896,297,664,504,1,-1,-1,-1
223,70,2076,654,168,304,1,-1,-1,-1
223,71,1819,347,160,344,1,-1,-1,-1
223,72,1526,280,204,204,1,-1,-1,-1
223,73,1067,1051,183,350,1,-1,-1,-1
223,74,1438,1173,214,231,1,-1,-1,-1
223,75,1455,643,260,123,1,-1,-1,-1
223,76,670,244,198,141,1,-1,-1,-1
223,77,1463,796,296,228,1,-1,-1,-1
224,2,614,276,130,193,1,-1,-1,-1
224,5,396,389,228,188,1,-1,-1,-1
224,8,382,663,184,268,1,-1,-1,-1
224,9,1023,361,123,158,1,-1,-1,-1
224,11,494,231,160,164,1,-1,-1,-1
224,15,2006,698,302,328,1,-1,-1,-1
224,21,685,302,1875,827,1,-1,-1,-1
224,31,1441,79,1070,715,1,-1,-1,-1
224,39,428,955,300,292,1,-1,-1,-1
224,42,600,330,132,159,1,-1,-1,-1
224,45,384,526,140,164,1,-1,-1,-1
224,47,375,541,220,384,1,-1,-1,-1
224,52,822,1217,183,124,1,-1,-1,-1
224,53,777,1177,256,248,1,-1,-1,-1
224,56,1816,472,185,218,1,-1,-1,-1
224,58,528,426,204,192,1,-1,-1,-1
224,65,2127,522,164,192,1,-1,-1,-1
224,66,1103,1236,256,204,1,-1,-1,-1
224,67,1053,37,1507,500,1,-1,-1,-1
224,69,1893,297,667,504,1,-1,-1,-1
224,70,2067,643,168,304,1,-1,-1,-1
224,71,1814,345,160,344,1,-1,-1,-1
224,72,1526,281,204,204,1,-1,-1,-1
224,73,1067,1052,183,350,1,-1,-1,-1
224,74,1403,1139,225,243,1,-1,-1,-1
224,75,1453,654,273,130,1,-1,-1,-1
224,76,689,249,198,141,1,-1,-1,-1
224,77,1479,806,296,228,1,-1,-1,-1
225,2,614,276,130,193,1,-1,-1,-1
225,5,396,389,228,188,1,-1,-1,-1
225,8,364,692,172,288,1,-1,-1,-1
225,9,1023,361,123,158,1,-1,-1,-1
225,11,494,231,160,164,1,-1,-1,-1
225,15,2006,698,302,328,1,-1,-1,-1
225,21,685,302,1875,827,1,-1,-1,-1
225,31,1441,79,1070,715,1,-1,-1,-1
225,39,420,956,320,288,1,-1,-1,-1
225,42,600,330,132,159,1,-1,-1,-1
225,45,380,508,144,184,1,-1,-1,-1
225,47,375,541,220,384,1,-1,-1,-1
225,52,822,1217,183,124,1,-1,-1,-1
225,53,784,1168,256,268,1,-1,-1,-1
225,56,1820,480,196,148,1,-1,-1,-1
225,58,528,426,204,192,1,-1,-1,-1
225,65,2127,522,164,192,1,-1,-1,-1
225,66,1103,1236,256,204,1,-1,-1,-1
225,67,1053,37,1507,500,1,-1,-1,-1
225,69,1893,297,667,504,1,-1,-1,-1
225,70,2036,632,172,320,1,-1,-1,-1
225,71,1814,345,160,344,1,-1,-1,-1
225,72,1524,284,204,204,1,-1,-1,-1
225,73,1060,1024,272,412,1,-1,-1,-1
225,74,1403,1139,225,243,1,-1,-1,-1
225,75,1456,656,268,164,1,-1,-1,-1
225,76,689,249,198,141,1,-1,-1,-1
225,77,1479,806,296,228,1,-1,-1,-1
225,78,1768,392,164,124,1,-1,-1,-1
226,2,608,268,137,203,1,-1,-1,-1
226,5,396,388,228,188,1,-1,-1,-1
226,8,356,708,172,288,1,-1,-1,-1
226,9,1022,362,123,158,1,-1,-1,-1
226,11,494,231,160,164,1,-1,-1,-1
226,15,1974,669,302,328,1,-1,-1,-1
226,21,696,305,1864,827,1,-1,-1,-1
226,31,1453,103,1070,715,1,-1,-1,-1
226,39,420,958,320,288,1,-1,-1,-1
226,42,598,329,132,159,1,-1,-1,-1
226,45,380,508,144,184,1,-1,-1,-1
226,47,376,551,220,384,1,-1,-1,-1
226,52,817,1218,183,124,1,-1,-1,-1
226,53,783,1170,256,268,1,-1,-1,-1
226,56,1814,481,196,148,1,-1,-1,-1
226,58,527,425,204,192,1,-1,-1,-1
226,65,2114,529,164,192,1,-1,-1,-1
226,66,1123,1236,256,204,1,-1,-1,-1
226,67,1061,34,1499,500,1,-1,-1,-1
226,69,1887,300,673,504,1,-1,-1,-1
226,70,2028,622,172,320,1,-1,-1,-1
226,71,1806,341,160,344,1,-1,-1,-1
226,72,1524,284,204,204,1,-1,-1,-1
226,73,1062,1025,272,412,1,-1,-1,-1
226,74,1390,1109,225,243,1,-1,-1,-1
226,75,1456,656,268,164,1,-1,-1,-1
226,76,713,251,198,141,1,-1,-1,-1
226,77,1505,815,296,228,1,-1,-1,-1
226,78,1751,389,164,124,1,-1,-1,-1
227,2,608,268,137,203,1,-1,-1,-1
227,5,395,388,228,188,1,-1,-1,-1
227,8,356,709,172,288,1,-1,-1,-1
227,9,1021,362,123,158,1,-1,-1,-1
227,11,494,231,160,164,1,-1,-1,-1
227,15,1977,663,302,328,1,-1,-1,-1
227,21,687,308,1873,827,1,-1,-1,-1
227,31,1452,102,1070,715,1,-1,-1,-1
227,39,421,959,320,288,1,-1,-1,-1
227,42,598,328,132,159,1,-1,-1,-1
227,45,381,508,144,184,1,-1,-1,-1
227,47,369,557,220,384,1,-1,-1,-1
227,52,817,1219,183,124,1,-1,-1,-1
227,53,782,1170,256,268,1,-1,-1,-1
227,56,1814,481,196,148,1,-1,-1,-1
227,58,527,425,204,192,1,-1,-1,-1
227,65,2111,528,164,192,1,-1,-1,-1
227,66,1120,1230,269,210,1,-1,-1,-1
227,67,1016,16,1544,525,1,-1,-1,-1
227,69,1874,287,686,529,1,-1,-1,-1
227,70,2023,618,172,320,1,-1,-1,-1
227,71,1802,338,160,344,1,-1,-1,-1
227,72,1524,285,204,204,1,-1,-1,-1
227,73,1062,1025,272,412,1,-1,-1,-1
227,74,1389,1102,225,243,1,-1,-1,-1
227,75,1456,656,268,164,1,-1,-1,-1
227,76,710,250,208,148,1,-1,-1,-1
227,77,1516,823,282,217,1,-1,-1,-1
227,78,1750,389,164,124,1,-1,-1,-1
228,2,605,267,137,203,1,-1,-1,-1
228,5,396,388,228,188,1,-1,-1,-1
228,8,357,718,172,288,1,-1,-1,-1
228,9,1023,361,123,158,1,-1,-1,-1
228,11,493,232,160,164,1,-1,-1,-1
228,15,1957,647,302,328,1,-1,-1,-1
228,21,693,311,1867,827,1,-1,-1,-1
228,31,1457,106,1070,715,1,-1,-1,-1
228,39,424,961,320,288,1,-1,-1,-1
228,42,596,329,132,159,1,-1,-1,-1
228,45,381,508,144,184,1,-1,-1,-1
228,47,361,554,231,403,1,-1,-1,-1
228,52,817,1220,183,124,1,-1,-1,-1
228,53,780,1171,256,268,1,-1,-1,-1
228,56,1811,480,196,148,1,-1,-1,-1
228,58,526,424,204,192,1,-1,-1,-1
228,65,2116,533,164,192,1,-1,-1,-1
228,66,1129,1222,269,218,1,-1,-1,-1
228,67,1003,20,1557,525,1,-1,-1,-1
228,69,1876,299,684,529,1,-1,-1,-1
228,70,2003,603,164,305,1,-1,-1,-1
228,71,1801,328,160,344,1,-1,-1,-1
228,72,1523,285,204,204,1,-1,-1,-1
228,73,1063,1027,272,412,1,-1,-1,-1
228,74,1382,1083,225,243,1,-1,-1,-1
228,75,1456,656,268,164,1,-1,-1,-1
228,76,714,252,208,148,1,-1,-1,-1
228,77,1520,825,282,217,1,-1,-1,-1
228,78,1734,387,164,124,1,-1,-1,-1
229,2,603,267,137,203,1,-1,-1,-1
229,5,402,393,217,179,1,-1,-1,-1
229,8,358,722,172,288,1,-1,-1,-1
229,9,1023,361,123,158,1,-1,-1,-1
229,11,492,232,160,164,1,-1,-1,-1
229,15,1947,647,302,328,1,-1,-1,-1
229,21,699,307,1861,827,1,-1,-1,-1
229,31,1416,96,1124,750,1,-1,-1,-1
229,39,426,965,320,288,1,-1,-1,-1
229,42,595,329,132,159,1,-1,-1,-1
229,45,381,508,144,184,1,-1,-1,-1
229,47,356,559,231,403,1,-1,-1,-1
229,52,815,1218,183,124,1,-1,-1,-1
229,53,785,1178,244,255,1,-1,-1,-1
229,56,1808,479,196,148,1,-1,-1,-1
229,58,526,425,204,192,1,-1,-1,-1
229,65,2118,533,164,192,1,-1,-1,-1
229,66,1137,1229,269,211,1,-1,-1,-1
229,67,1005,24,1555,525,1,-1,-1,-1
229,69,1881,311,679,529,1,-1,-1,-1
229,70,1999,598,164,305,1,-1,-1,-1
229,71,1794,312,168,362,1,-1,-1,-1
229,72,1523,286,204,204,1,-1,-1,-1
229,73,1065,1030,272,410,1,-1,-1,-1
229,74,1377,1050,225,243,1,-1,-1,-1
229,75,1454,656,268,164,1,-1,-1,-1
229,76,719,254,208,148,1,-1,-1,-1
229,77,1530,827,282,217,1,-1,-1,-1
229,78,1724,386,164,124,1,-1,-1,-1
230,2,601,266,137,203,1,-1,-1,-1
230,5,402,393,217,179,1,-1,-1,-1
230,8,356,726,172,288,1,-1,-1,-1
230,9,1024,361,123,158,1,-1,-1,-1
230,11,494,235,152,156,1,-1,-1,-1
230,15,1929,611,302,328,1,-1,-1,-1
230,21,691,306,1869,827,1,-1,-1,-1
230,31,1409,94,1124,750,1,-1,-1,-1
230,39,430,974,320,288,1,-1,-1,-1
230,42,593,328,132,159,1,-1,-1,-1
230,45,381,509,144,184,1,-1,-1,-1
230,47,356,567,231,403,1,-1,-1,-1
230,52,816,1219,183,124,1,-1,-1,-1
230,53,784,1179,244,255,1,-1,-1,-1
230,56,1808,479,196,148,1,-1,-1,-1
230,58,526,424,204,192,1,-1,-1,-1
230,65,2121,535,164,192,1,-1,-1,-1
230,67,1012,21,1548,525,1,-1,-1,-1
230,69,1882,314,678,529,1,-1,-1,-1
230,70,1974,574,164,305,1,-1,-1,-1
230,71,1794,309,168,362,1,-1,-1,-1
230,72,1524,286,204,204,1,-1,-1,-1
230,73,1063,1029,272,411,1,-1,-1,-1
230,74,1363,1006,214,231,1,-1,-1,-1
230,75,1448,654,268,164,1,-1,-1,-1
230,76,725,255,208,148,1,-1,-1,-1
230,77,1535,830,282,217,1,-1,-1,-1
230,78,1719,386,164,124,1,-1,-1,-1
231,2,600,266,137,203,1,-1,-1,-1
231,5,402,394,217,179,1,-1,-1,-1
231,8,348,724,181,302,1,-1,-1,-1
231,9,1024,361,123,158,1,-1,-1,-1
231,11,493,235,152,156,1,-1,-1,-1
231,15,1921,619,302,328,1,-1,-1,-1
231,21,634,297,1926,869,1,-1,-1,-1
231,31,1408,94,1124,750,1,-1,-1,-1
231,39,431,983,320,288,1,-1,-1,-1
231,42,592,329,132,159,1,-1,-1,-1
231,45,382,509,144,184,1,-1,-1,-1
231,47,324,606,231,403,1,-1,-1,-1
231,52,815,1220,183,124,1,-1,-1,-1
231,53,782,1180,244,255,1,-1,-1,-1
231,56,1807,477,196,148,1,-1,-1,-1
231,58,527,426,204,192,1,-1,-1,-1
231,65,2125,539,164,192,1,-1,-1,-1
231,67,1004,17,1556,525,1,-1,-1,-1
231,69,1899,326,661,504,1,-1,-1,-1
231,70,1968,568,164,305,1,-1,-1,-1
231,72,1524,286,204,204,1,-1,-1,-1
231,73,1062,1033,272,407,1,-1,-1,-1
231,74,1357,1002,214,231,1,-1,-1,-1
231,75,1444,651,268,164,1,-1,-1,-1
231,76,730,256,208,148,1,-1,-1,-1
231,77,1544,831,282,217,1,-1,-1,-1
231,78,1716,387,164,124,1,-1,-1,-1
232,2,599,265,137,203,1,-1,-1,-1
232,5,403,393,217,179,1,-1,-1,-1
232,8,318,750,190,318,1,-1,-1,-1
232,9,1025,360,123,158,1,-1,-1,-1
232,11,494,234,152,156,1,-1,-1,-1
232,15,1907,591,302,328,1,-1,-1,-1
232,21,643,298,1917,869,1,-1,-1,-1
232,31,1405,94,1124,750,1,-1,-1,-1
232,39,426,983,336,302,1,-1,-1,-1
232,42,592,329,132,159,1,-1,-1,-1
232,45,382,509,144,184,1,-1,-1,-1
232,47,315,613,231,403,1,-1,-1,-1
232,52,814,1219,183,124,1,-1,-1,-1
232,53,783,1179,244,255,1,-1,-1,-1
232,56,1806,476,196,148,1,-1,-1,-1
232,58,528,425,204,192,1,-1,-1,-1
232,65,2131,540,164,192,1,-1,-1,-1
232,67,1008,24,1552,525,1,-1,-1,-1
232,69,1901,321,659,504,1,-1,-1,-1
232,70,1957,549,164,305,1,-1,-1,-1
232,72,1523,286,204,204,1,-1,-1,-1
232,73,1060,1033,272,407,1,-1,-1,-1
232,74,1361,999,204,220,1,-1,-1,-1
232,75,1441,651,268,164,1,-1,-1,-1
232,76,739,258,208,148,1,-1,-1,-1
232,77,1550,832,282,217,1,-1,-1,-1
232,78,1711,390,164,124,1,-1,-1,-1
233,2,599,265,137,203,1,-1,-1,-1
233,5,403,393,217,179,1,-1,-1,-1
233,8,304,756,188,296,1,-1,-1,-1
233,9,1025,360,123,158,1,-1,-1,-1
233,11,494,234,152,156,1,-1,-1,-1
233,15,1907,591,302,328,1,-1,-1,-1
233,21,643,298,1917,869,1,-1,-1,-1
233,31,1405,94,1124,750,1,-1,-1,-1
233,39,424,984,340,264,1,-1,-1,-1
233,42,592,329,132,159,1,-1,-1,-1
233,45,382,509,144,184,1,-1,-1,-1
233,47,315,613,231,403,1,-1,-1,-1
233,52,814,1219,183,124,1,-1,-1,-1
233,53,784,1176,260,264,1,-1,-1,-1
233,56,1804,480,216,180,1,-1,-1,-1
233,58,528,425,204,192,1,-1,-1,-1
233,65,2131,540,164,192,1,-1,-1,-1
233,67,1008,24,1552,525,1,-1,-1,-1
233,69,1901,321,659,504,1,-1,-1,-1
233,70,1976,544,144,324,1,-1,-1,-1
233,72,1544,284,168,204,1,-1,-1,-1
233,73,1060,1033,272,407,1,-1,-1,-1
233,74,1348,1000,204,344,1,-1,-1,-1
233,75,1428,656,288,204,1,-1,-1,-1
233,76,739,258,208,148,1,-1,-1,-1
233,77,1550,832,282,217,1,-1,-1,-1
233,78,1711,390,164,124,1,-1,-1,-1
234,2,599,265,137,203,1,-1,-1,-1
234,5,403,394,217,179,1,-1,-1,-1
234,8,302,760,188,296,1,-1,-1,-1
234,9,1026,360,123,158,1,-1,-1,-1
234,11,494,235,152,156,1,-1,-1,-1
234,15,1910,587,302,328,1,-1,-1,-1
234,21,647,301,1913,869,1,-1,-1,-1
234,31,1408,85,1124,750,1,-1,-1,-1
234,39,426,984,340,264,1,-1,-1,-1
234,42,593,329,132,159,1,-1,-1,-1
234,45,383,509,144,184,1,-1,-1,-1
234,47,312,624,231,403,1,-1,-1,-1
234,52,814,1220,183,124,1,-1,-1,-1
234,53,784,1176,260,264,1,-1,-1,-1
234,56,1803,480,216,180,1,-1,-1,-1
234,58,530,425,204,192,1,-1,-1,-1
234,65,2132,529,172,202,1,-1,-1,-1
234,67,1019,22,1541,525,1,-1,-1,-1
234,69,1887,322,673,529,1,-1,-1,-1
234,70,1974,538,144,324,1,-1,-1,-1
234,72,1544,284,168,204,1,-1,-1,-1
234,73,1055,1034,272,406,1,-1,-1,-1
234,74,1342,992,204,344,1,-1,-1,-1
234,75,1431,658,288,204,1,-1,-1,-1
234,76,749,262,208,148,1,-1,-1,-1
234,77,1551,825,282,217,1,-1,-1,-1
234,78,1704,394,164,124,1,-1,-1,-1
235,2,599,265,137,203,1,-1,-1,-1
235,5,403,395,217,179,1,-1,-1,-1
235,8,301,768,188,296,1,-1,-1,-1
235,9,1027,360,123,158,1,-1,-1,-1
235,11,495,235,152,156,1,-1,-1,-1
235,15,1903,576,302,328,1,-1,-1,-1
235,21,644,298,1916,869,1,-1,-1,-1
235,31,1410,84,1124,750,1,-1,-1,-1
235,39,432,986,340,264,1,-1,-1,-1
235,42,593,328,132,159,1,-1,-1,-1
235,45,383,511,144,184,1,-1,-1,-1
235,47,306,638,231,403,1,-1,-1,-1
235,52,811,1219,183,124,1,-1,-1,-1
235,53,784,1177,260,263,1,-1,-1,-1
235,56,1802,480,216,180,1,-1,-1,-1
235,58,532,424,204,192,1,-1,-1,-1
235,65,2136,529,172,202,1,-1,-1,-1
235,67,1009,18,1551,525,1,-1,-1,-1
235,69,1893,309,667,529,1,-1,-1,-1
235,70,1973,531,144,324,1,-1,-1,-1
235,72,1543,284,168,204,1,-1,-1,-1
235,73,1048,1026,286,414,1,-1,-1,-1
235,74,1303,951,214,361,1,-1,-1,-1
235,75,1435,661,288,204,1,-1,-1,-1
235,76,761,262,208,148,1,-1,-1,-1
235,77,1546,811,282,217,1,-1,-1,-1
235,78,1684,404,172,130,1,-1,-1,-1
236,2,598,264,137,203,1,-1,-1,-1
236,5,401,395,217,179,1,-1,-1,-1
236,8,286,785,188,296,1,-1,-1,-1
236,9,1027,359,123,158,1,-1,-1,-1
236,11,495,235,152,156,1,-1,-1,-1
236,15,1894,572,302,328,1,-1,-1,-1
236,21,650,295,1910,869,1,-1,-1,-1
236,31,1410,87,1124,750,1,-1,-1,-1
236,39,440,986,340,264,1,-1,-1,-1
236,42,593,329,132,159,1,-1,-1,-1
236,45,382,512,144,184,1,-1,-1,-1
236,47,297,656,231,403,1,-1,-1,-1
236,52,812,1221,183,124,1,-1,-1,-1
236,53,783,1177,260,263,1,-1,-1,-1
236,56,1801,480,216,180,1,-1,-1,-1
236,58,533,424,204,192,1,-1,-1,-1
236,65,2148,531,172,202,1,-1,-1,-1
236,67,1006,17,1554,525,1,-1,-1,-1
236,69,1891,312,669,529,1,-1,-1,-1
236,70,1969,529,144,324,1,-1,-1,-1
236,72,1543,284,168,204,1,-1,-1,-1
236,73,1049,1033,286,407,1,-1,-1,-1
236,74,1275,932,214,361,1,-1,-1,-1
236,75,1438,664,288,204,1,-1,-1,-1
236,76,769,263,208,148,1,-1,-1,-1
236,77,1540,809,282,217,1,-1,-1,-1
236,78,1666,415,172,130,1,-1,-1,-1
237,2,598,263,137,203,1,-1,-1,-1
237,5,402,398,217,179,1,-1,-1,-1
237,8,284,800,188,296,1,-1,-1,-1
237,9,1028,359,123,158,1,-1,-1,-1
237,11,495,234,152,156,1,-1,-1,-1
237,15,1890,561,302,328,1,-1,-1,-1
237,21,647,296,1913,869,1,-1,-1,-1
237,31,1410,87,1124,750,1,-1,-1,-1
237,39,450,984,340,264,1,-1,-1,-1
237,42,594,327,132,159,1,-1,-1,-1
237,45,382,512,144,184,1,-1,-1,-1
237,47,284,660,243,423,1,-1,-1,-1
237,52,812,1220,183,124,1,-1,-1,-1
237,53,784,1177,260,263,1,-1,-1,-1
237,56,1800,480,216,180,1,-1,-1,-1
237,58,538,426,204,192,1,-1,-1,-1
237,65,2152,552,172,202,1,-1,-1,-1
237,67,1009,24,1551,525,1,-1,-1,-1
237,69,1890,315,670,529,1,-1,-1,-1
237,70,1968,527,144,324,1,-1,-1,-1
237,72,1542,283,168,204,1,-1,-1,-1
237,73,1042,1027,286,413,1,-1,-1,-1
237,74,1268,917,214,361,1,-1,-1,-1
237,75,1442,665,288,204,1,-1,-1,-1
237,76,780,264,208,148,1,-1,-1,-1
237,77,1546,809,268,207,1,-1,-1,-1
237,78,1671,419,172,130,1,-1,-1,-1
238,2,598,262,137,203,1,-1,-1,-1
238,5,401,397,217,179,1,-1,-1,-1
238,8,267,811,188,296,1,-1,-1,-1
238,9,1029,359,123,158,1,-1,-1,-1
238,11,495,234,152,156,1,-1,-1,-1
238,15,1893,553,302,328,1,-1,-1,-1
238,21,649,296,1911,869,1,-1,-1,-1
238,31,1408,87,1124,750,1,-1,-1,-1
238,39,464,980,340,264,1,-1,-1,-1
238,42,593,327,132,159,1,-1,-1,-1
238,45,382,511,144,184,1,-1,-1,-1
238,47,277,668,243,423,1,-1,-1,-1
238,52,811,1220,183,124,1,-1,-1,-1
238,53,784,1177,260,263,1,-1,-1,-1
238,56,1800,481,216,180,1,-1,-1,-1
238,58,537,426,204,192,1,-1,-1,-1
238,65,2153,566,172,202,1,-1,-1,-1
238,67,1022,22,1538,525,1,-1,-1,-1
238,69,1911,322,649,504,1,-1,-1,-1
238,70,1968,521,144,324,1,-1,-1,-1
238,72,1542,283,168,204,1,-1,-1,-1
238,73,1039,1030,286,410,1,-1,-1,-1
238,74,1260,918,204,344,1,-1,-1,-1
238,75,1448,668,288,204,1,-1,-1,-1
238,76,780,256,218,155,1,-1,-1,-1
238,77,1547,808,268,207,1,-1,-1,-1
238,78,1679,419,172,130,1,-1,-1,-1
239,2,598,261,137,203,1,-1,-1,-1
239,5,402,398,217,179,1,-1,-1,-1
239,8,267,812,188,296,1,-1,-1,-1
239,9,1030,359,123,158,1,-1,-1,-1
239,11,494,234,152,156,1,-1,-1,-1
239,15,1889,548,302,328,1,-1,-1,-1
239,21,654,300,1906,869,1,-1,-1,-1
239,31,1404,91,1124,750,1,-1,-1,-1
239,39,469,977,340,264,1,-1,-1,-1
239,42,594,327,132,159,1,-1,-1,-1
239,45,382,511,144,184,1,-1,-1,-1
239,47,276,670,243,423,1,-1,-1,-1
239,52,811,1220,183,124,1,-1,-1,-1
239,53,783,1177,260,263,1,-1,-1,-1
239,56,1799,481,216,180,1,-1,-1,-1
239,58,537,426,204,192,1,-1,-1,-1
239,65,2156,570,172,202,1,-1,-1,-1
239,67,942,12,1618,551,1,-1,-1,-1
239,69,1912,323,648,504,1,-1,-1,-1
239,70,1968,521,144,324,1,-1,-1,-1
239,72,1542,284,168,204,1,-1,-1,-1
239,73,1036,1031,286,409,1,-1,-1,-1
239,74,1260,917,204,344,1,-1,-1,-1
239,75,1451,670,288,204,1,-1,-1,-1
239,76,784,255,218,155,1,-1,-1,-1
239,77,1548,806,268,207,1,-1,-1,-1
239,78,1697,408,172,130,1,-1,-1,-1
240,2,599,260,137,203,1,-1,-1,-1
240,5,402,396,217,179,1,-1,-1,-1
240,8,264,820,179,282,1,-1,-1,-1
240,9,1031,358,123,158,1,-1,-1,-1
240,11,495,235,152,156,1,-1,-1,-1
240,15,1891,558,288,312,1,-1,-1,-1
240,21,652,298,1908,869,1,-1,-1,-1
240,31,1405,84,1124,750,1,-1,-1,-1
240,39,479,973,340,264,1,-1,-1,-1
240,42,594,328,132,159,1,-1,-1,-1
240,45,382,511,144,184,1,-1,-1,-1
240,47,267,664,255,445,1,-1,-1,-1
240,52,811,1220,183,124,1,-1,-1,-1
240,53,783,1178,260,262,1,-1,-1,-1
240,56,1799,481,216,180,1,-1,-1,-1
240,58,532,428,204,192,1,-1,-1,-1
240,65,2150,570,181,212,1,-1,-1,-1
240,67,939,17,1621,551,1,-1,-1,-1
240,69,1913,316,647,504,1,-1,-1,-1
240,70,1965,518,144,324,1,-1,-1,-1
240,72,1541,284,168,204,1,-1,-1,-1
240,73,1041,1043,272,397,1,-1,-1,-1
240,74,1255,914,204,344,1,-1,-1,-1
240,75,1457,674,288,204,1,-1,-1,-1
240,76,782,251,229,163,1,-1,-1,-1
240,77,1547,806,268,207,1,-1,-1,-1
240,78,1691,414,164,124,1,-1,-1,-1
241,2,599,260,137,203,1,-1,-1,-1
241,5,444,400,172,168,1,-1,-1,-1
241,8,272,812,204,336,1,-1,-1,-1
241,9,1031,358,123,158,1,-1,-1,-1
241,11,495,235,152,156,1,-1,-1,-1
241,15,1891,558,288,312,1,-1,-1,-1
241,21,652,298,1908,869,1,-1,-1,-1
241,31,1405,84,1124,750,1,-1,-1,-1
241,39,504,972,344,236,1,-1,-1,-1
241,42,594,328,132,159,1,-1,-1,-1
241,45,384,524,140,172,1,-1,-1,-1
241,47,267,664,255,445,1,-1,-1,-1
241,52,811,1220,183,124,1,-1,-1,-1
241,53,780,1176,264,264,1,-1,-1,-1
241,56,1808,484,196,180,1,-1,-1,-1
241,58,532,428,204,192,1,-1,-1,-1
241,65,2150,570,181,212,1,-1,-1,-1
241,67,939,17,1621,551,1,-1,-1,-1
241,69,1913,316,647,504,1,-1,-1,-1
241,70,1965,518,144,324,1,-1,-1,-1
241,72,1541,284,168,204,1,-1,-1,-1
241,73,1041,1043,272,397,1,-1,-1,-1
241,74,1232,956,224,280,1,-1,-1,-1
241,75,1457,674,288,204,1,-1,-1,-1
241,76,782,251,229,163,1,-1,-1,-1
241,77,1547,806,268,207,1,-1,-1,-1
241,78,1691,414,164,124,1,-1,-1,-1
242,2,602,259,137,203,1,-1,-1,-1
242,5,445,399,172,168,1,-1,-1,-1
242,8,270,813,204,336,1,-1,-1,-1
242,9,1034,359,123,158,1,-1,-1,-1
242,11,496,235,152,156,1,-1,-1,-1
242,15,1883,563,288,312,1,-1,-1,-1
242,21,658,294,1902,869,1,-1,-1,-1
242,31,1401,95,1124,750,1,-1,-1,-1
242,39,507,970,344,236,1,-1,-1,-1
242,42,596,327,132,159,1,-1,-1,-1
242,45,384,524,140,172,1,-1,-1,-1
242,47,262,668,255,445,1,-1,-1,-1
242,52,811,1219,183,124,1,-1,-1,-1
242,53,780,1176,264,264,1,-1,-1,-1
242,56,1807,484,196,180,1,-1,-1,-1
242,58,532,426,204,192,1,-1,-1,-1
242,65,2160,589,181,212,1,-1,-1,-1
242,67,931,19,1629,551,1,-1,-1,-1
242,69,1913,310,647,504,1,-1,-1,-1
242,70,1958,523,144,324,1,-1,-1,-1
242,72,1540,283,168,204,1,-1,-1,-1
242,73,1043,1037,272,403,1,-1,-1,-1
242,74,1230,952,224,280,1,-1,-1,-1
242,75,1471,682,288,204,1,-1,-1,-1
242,76,785,250,229,163,1,-1,-1,-1
242,77,1549,807,268,207,1,-1,-1,-1
242,78,1674,417,164,124,1,-1,-1,-1
243,2,602,259,137,203,1,-1,-1,-1
243,5,446,399,172,168,1,-1,-1,-1
243,8,269,814,204,336,1,-1,-1,-1
243,9,1036,360,123,158,1,-1,-1,-1
243,11,495,235,152,156,1,-1,-1,-1
243,15,1880,562,288,312,1,-1,-1,-1
243,21,649,294,1911,869,1,-1,-1,-1
243,31,1402,88,1124,750,1,-1,-1,-1
243,39,514,971,344,236,1,-1,-1,-1
243,42,596,327,132,159,1,-1,-1,-1
243,45,385,525,140,172,1,-1,-1,-1
243,47,263,686,243,423,1,-1,-1,-1
243,52,811,1220,183,124,1,-1,-1,-1
243,53,780,1177,264,263,1,-1,-1,-1
243,56,1806,484,196,180,1,-1,-1,-1
243,58,532,424,204,192,1,-1,-1,-1
243,65,2165,614,181,212,1,-1,-1,-1
243,67,969,25,1591,525,1,-1,-1,-1
243,69,1918,315,642,504,1,-1,-1,-1
243,70,1954,530,137,309,1,-1,-1,-1
243,72,1539,282,168,204,1,-1,-1,-1
243,73,1047,1051,259,389,1,-1,-1,-1
243,74,1227,946,224,280,1,-1,-1,-1
243,75,1476,683,288,204,1,-1,-1,-1
243,76,791,249,229,163,1,-1,-1,-1
243,77,1555,805,268,207,1,-1,-1,-1
243,78,1664,422,164,124,1,-1,-1,-1
244,2,602,259,137,203,1,-1,-1,-1
244,5,446,400,172,168,1,-1,-1,-1
244,8,267,815,204,336,1,-1,-1,-1
244,9,1039,360,123,158,1,-1,-1,-1
244,11,495,234,152,156,1,-1,-1,-1
244,15,1875,570,288,312,1,-1,-1,-1
244,21,652,299,1908,869,1,-1,-1,-1
244,31,1404,88,1124,750,1,-1,-1,-1
244,39,519,975,344,236,1,-1,-1,-1
244,42,597,327,132,159,1,-1,-1,-1
244,45,384,525,140,172,1,-1,-1,-1
244,47,259,688,243,423,1,-1,-1,-1
244,52,810,1219,183,124,1,-1,-1,-1
244,53,781,1178,264,262,1,-1,-1,-1
244,56,1805,485,196,180,1,-1,-1,-1
244,58,533,427,204,192,1,-1,-1,-1
244,65,2178,629,181,212,1,-1,-1,-1
244,67,976,22,1584,525,1,-1,-1,-1
244,69,1924,315,636,504,1,-1,-1,-1
244,70,1952,530,137,309,1,-1,-1,-1
244,72,1539,281,168,204,1,-1,-1,-1
244,73,1048,1055,259,385,1,-1,-1,-1
244,74,1230,950,213,267,1,-1,-1,-1
244,75,1479,679,288,204,1,-1,-1,-1
244,76,796,249,229,163,1,-1,-1,-1
244,77,1559,799,268,207,1,-1,-1,-1
244,78,1657,418,164,124,1,-1,-1,-1
245,2,602,260,137,203,1,-1,-1,-1
245,5,446,401,172,168,1,-1,-1,-1
245,8,267,815,204,336,1,-1,-1,-1
245,9,1040,359,123,158,1,-1,-1,-1
245,11,494,234,152,156,1,-1,-1,-1
245,15,1879,564,288,312,1,-1,-1,-1
245,21,657,298,1903,869,1,-1,-1,-1
245,31,1404,85,1124,750,1,-1,-1,-1
245,39,519,976,344,236,1,-1,-1,-1
245,42,598,327,132,159,1,-1,-1,-1
245,45,384,526,140,172,1,-1,-1,-1
245,47,259,689,243,423,1,-1,-1,-1
245,52,811,1220,183,124,1,-1,-1,-1
245,53,780,1178,264,262,1,-1,-1,-1
245,56,1805,485,196,180,1,-1,-1,-1
245,58,532,426,204,192,1,-1,-1,-1
245,65,2177,636,181,212,1,-1,-1,-1
245,67,1027,33,1533,500,1,-1,-1,-1
245,69,1913,316,647,504,1,-1,-1,-1
245,70,1950,528,137,309,1,-1,-1,-1
245,72,1539,282,168,204,1,-1,-1,-1
245,73,1048,1048,259,392,1,-1,-1,-1
245,74,1229,949,213,267,1,-1,-1,-1
245,75,1484,682,274,194,1,-1,-1,-1
245,76,796,250,229,163,1,-1,-1,-1
245,77,1558,797,268,207,1,-1,-1,-1
245,78,1658,420,164,124,1,-1,-1,-1
246,2,604,262,137,203,1,-1,-1,-1
246,5,447,402,172,168,1,-1,-1,-1
246,8,263,818,204,336,1,-1,-1,-1
246,9,1042,360,123,158,1,-1,-1,-1
246,11,495,234,152,156,1,-1,-1,-1
246,15,1876,568,288,312,1,-1,-1,-1
246,21,652,302,1908,869,1,-1,-1,-1
246,31,1401,87,1124,750,1,-1,-1,-1
246,39,529,977,344,236,1,-1,-1,-1
246,42,598,327,132,159,1,-1,-1,-1
246,45,384,527,140,172,1,-1,-1,-1
246,47,255,694,243,423,1,-1,-1,-1
246,52,812,1220,183,124,1,-1,-1,-1
246,53,780,1178,264,262,1,-1,-1,-1
246,56,1803,485,196,180,1,-1,-1,-1
246,58,531,429,204,192,1,-1,-1,-1
246,65,2190,649,181,212,1,-1,-1,-1
246,67,1048,34,1512,500,1,-1,-1,-1
246,69,1914,315,646,504,1,-1,-1,-1
246,70,1948,532,137,309,1,-1,-1,-1
246,72,1539,282,168,204,1,-1,-1,-1
246,73,1045,1042,272,398,1,-1,-1,-1
246,74,1228,948,213,267,1,-1,-1,-1
246,75,1500,684,261,185,1,-1,-1,-1
246,76,796,249,229,163,1,-1,-1,-1
246,77,1553,786,282,217,1,-1,-1,-1
246,78,1641,422,164,124,1,-1,-1,-1
247,2,606,263,137,203,1,-1,-1,-1
247,5,446,402,172,168,1,-1,-1,-1
247,8,259,818,204,336,1,-1,-1,-1
247,9,1047,359,123,158,1,-1,-1,-1
247,11,496,235,152,156,1,-1,-1,-1
247,15,1876,571,288,312,1,-1,-1,-1
247,21,641,297,1919,869,1,-1,-1,-1
247,31,1405,91,1124,750,1,-1,-1,-1
247,39,535,977,344,236,1,-1,-1,-1
247,42,599,330,132,159,1,-1,-1,-1
247,45,383,527,140,172,1,-1,-1,-1
247,47,250,690,243,423,1,-1,-1,-1
247,52,810,1222,183,124,1,-1,-1,-1
247,53,780,1179,264,261,1,-1,-1,-1
247,56,1802,486,196,180,1,-1,-1,-1
247,58,527,430,204,192,1,-1,-1,-1
247,65,2203,662,181,212,1,-1,-1,-1
247,67,1015,18,1545,525,1,-1,-1,-1
247,69,1914,320,646,504,1,-1,-1,-1
247,70,1948,530,137,309,1,-1,-1,-1
247,72,1538,282,168,204,1,-1,-1,-1
247,73,1050,1044,272,396,1,-1,-1,-1
247,74,1227,948,213,267,1,-1,-1,-1
247,75,1501,679,261,185,1,-1,-1,-1
247,76,796,249,229,163,1,-1,-1,-1
247,77,1550,782,282,217,1,-1,-1,-1
247,78,1620,420,164,124,1,-1,-1,-1
248,2,606,265,137,203,1,-1,-1,-1
248,5,446,402,172,168,1,-1,-1,-1
248,8,257,819,204,336,1,-1,-1,-1
248,9,1055,356,123,158,1,-1,-1,-1
248,11,496,235,152,156,1,-1,-1,-1
248,15,1874,571,288,312,1,-1,-1,-1
248,21,640,300,1920,869,1,-1,-1,-1
248,31,1414,86,1124,750,1,-1,-1,-1
248,39,539,973,344,236,1,-1,-1,-1
248,42,599,332,132,159,1,-1,-1,-1
248,45,383,528,140,172,1,-1,-1,-1
248,47,248,692,243,423,1,-1,-1,-1
248,52,811,1223,183,124,1,-1,-1,-1
248,53,778,1180,264,260,1,-1,-1,-1
248,56,1803,487,196,180,1,-1,-1,-1
248,58,527,425,214,202,1,-1,-1,-1
248,65,2207,669,181,212,1,-1,-1,-1
248,67,1007,23,1553,525,1,-1,-1,-1
248,69,1920,321,640,504,1,-1,-1,-1
248,70,1948,532,137,309,1,-1,-1,-1
248,72,1538,282,168,204,1,-1,-1,-1
248,73,1054,1045,272,395,1,-1,-1,-1
248,74,1227,947,213,267,1,-1,-1,-1
248,75,1505,680,261,185,1,-1,-1,-1
248,76,797,252,229,163,1,-1,-1,-1
248,77,1560,785,282,217,1,-1,-1,-1
248,78,1609,425,156,118,1,-1,-1,-1
249,2,606,265,137,203,1,-1,-1,-1
249,5,446,402,172,168,1,-1,-1,-1
249,8,228,832,204,328,1,-1,-1,-1
249,9,1055,356,123,158,1,-1,-1,-1
249,11,496,235,152,156,1,-1,-1,-1
249,15,1874,571,288,312,1,-1,-1,-1
249,21,640,300,1920,869,1,-1,-1,-1
249,31,1414,86,1124,750,1,-1,-1,-1
249,39,540,976,300,172,1,-1,-1,-1
249,42,599,332,132,159,1,-1,-1,-1
249,45,384,528,136,156,1,-1,-1,-1
249,47,248,692,243,423,1,-1,-1,-1
249,52,811,1223,183,124,1,-1,-1,-1
249,53,778,1180,264,260,1,-1,-1,-1
249,56,1804,484,180,172,1,-1,-1,-1
249,58,527,425,214,202,1,-1,-1,-1
249,65,2244,676,160,268,1,-1,-1,-1
249,67,1007,23,1553,525,1,-1,-1,-1
249,69,1920,321,640,504,1,-1,-1,-1
249,70,1948,532,137,309,1,-1,-1,-1
249,72,1538,282,168,204,1,-1,-1,-1
249,73,1054,1045,272,395,1,-1,-1,-1
249,74,1236,956,208,272,1,-1,-1,-1
249,75,1520,688,240,228,1,-1,-1,-1
249,76,792,280,200,152,1,-1,-1,-1
249,77,1560,785,282,217,1,-1,-1,-1
249,78,1604,412,160,208,1,-1,-1,-1
250,2,606,267,137,203,1,-1,-1,-1
250,5,446,403,172,168,1,-1,-1,-1
250,8,226,838,204,328,1,-1,-1,-1
250,9,1065,353,123,158,1,-1,-1,-1
250,11,496,235,152,156,1,-1,-1,-1
250,15,1882,580,274,297,1,-1,-1,-1
250,21,634,302,1926,869,1,-1,-1,-1
250,31,1414,77,1124,750,1,-1,-1,-1
250,39,535,973,300,172,1,-1,-1,-1
250,42,602,333,132,159,1,-1,-1,-1
250,45,383,529,136,156,1,-1,-1,-1
250,47,246,693,243,423,1,-1,-1,-1
250,52,814,1227,183,124,1,-1,-1,-1
250,53,787,1190,251,250,1,-1,-1,-1
250,56,1805,484,180,172,1,-1,-1,-1
250,58,528,426,214,202,1,-1,-1,-1
250,65,2245,680,160,268,1,-1,-1,-1
250,67,1006,24,1554,525,1,-1,-1,-1
250,69,1904,307,656,529,1,-1,-1,-1
250,70,1948,531,137,309,1,-1,-1,-1
250,72,1543,287,160,194,1,-1,-1,-1
250,73,1051,1030,286,410,1,-1,-1,-1
250,74,1236,954,208,272,1,-1,-1,-1
250,75,1520,690,240,228,1,-1,-1,-1
250,76,793,281,200,152,1,-1,-1,-1
250,77,1592,805,282,217,1,-1,-1,-1
250,78,1602,412,160,208,1,-1,-1,-1
251,2,603,263,144,213,1,-1,-1,-1
251,5,446,402,172,168,1,-1,-1,-1
251,8,224,841,204,328,1,-1,-1,-1
251,9,1064,352,123,158,1,-1,-1,-1
251,11,496,234,152,156,1,-1,-1,-1
251,15,1880,580,274,297,1,-1,-1,-1
251,21,631,298,1929,869,1,-1,-1,-1
251,31,1409,69,1124,750,1,-1,-1,-1
251,39,533,973,300,172,1,-1,-1,-1
251,42,602,334,132,159,1,-1,-1,-1
251,45,384,530,136,156,1,-1,-1,-1
251,47,244,695,243,423,1,-1,-1,-1
251,52,815,1227,183,124,1,-1,-1,-1
251,53,780,1184,264,256,1,-1,-1,-1
251,56,1806,485,180,172,1,-1,-1,-1
251,58,528,424,214,202,1,-1,-1,-1
251,65,2249,687,152,255,1,-1,-1,-1
251,67,1007,26,1553,525,1,-1,-1,-1
251,69,1903,307,657,529,1,-1,-1,-1
251,70,1948,529,137,309,1,-1,-1,-1
251,72,1543,287,160,194,1,-1,-1,-1
251,73,1053,1027,286,413,1,-1,-1,-1
251,74,1237,953,208,272,1,-1,-1,-1
251,75,1520,692,240,228,1,-1,-1,-1
251,76,793,282,200,152,1,-1,-1,-1
251,77,1585,808,282,217,1,-1,-1,-1
251,78,1601,412,160,208,1,-1,-1,-1
252,2,602,263,144,213,1,-1,-1,-1
252,5,446,402,172,168,1,-1,-1,-1
252,8,223,849,204,328,1,-1,-1,-1
252,9,1069,352,123,158,1,-1,-1,-1
252,11,495,235,152,156,1,-1,-1,-1
252,15,1885,576,274,297,1,-1,-1,-1
252,21,635,300,1925,869,1,-1,-1,-1
252,31,1416,83,1124,750,1,-1,-1,-1
252,39,527,973,300,172,1,-1,-1,-1
252,42,602,334,132,159,1,-1,-1,-1
252,45,383,531,136,156,1,-1,-1,-1
252,47,244,698,243,423,1,-1,-1,-1
252,52,816,1227,183,124,1,-1,-1,-1
252,53,780,1184,264,256,1,-1,-1,-1
252,56,1807,485,180,172,1,-1,-1,-1
252,58,529,424,214,202,1,-1,-1,-1
252,65,2248,697,152,255,1,-1,-1,-1
252,67,1001,26,1559,525,1,-1,-1,-1
252,69,1903,313,657,529,1,-1,-1,-1
252,70,1949,534,137,309,1,-1,-1,-1
252,72,1542,288,160,194,1,-1,-1,-1
252,73,1052,1031,286,409,1,-1,-1,-1
252,74,1236,950,208,272,1,-1,-1,-1
252,75,1522,695,240,228,1,-1,-1,-1
252,76,794,282,200,152,1,-1,-1,-1
252,77,1628,842,282,217,1,-1,-1,-1
252,78,1600,412,160,208,1,-1,-1,-1
253,2,602,264,144,213,1,-1,-1,-1
253,5,446,403,172,168,1,-1,-1,-1
253,8,211,876,204,328,1,-1,-1,-1
253,9,1067,349,123,158,1,-1,-1,-1
253,11,495,235,152,156,1,-1,-1,-1
253,15,1887,583,261,283,1,-1,-1,-1
253,21,633,300,1927,869,1,-1,-1,-1
253,31,1448,102,1070,715,1,-1,-1,-1
253,39,522,978,300,172,1,-1,-1,-1
253,42,602,335,132,159,1,-1,-1,-1
253,45,383,530,136,156,1,-1,-1,-1
253,47,245,710,243,423,1,-1,-1,-1
253,52,817,1227,183,124,1,-1,-1,-1
253,53,781,1183,264,257,1,-1,-1,-1
253,56,1808,485,180,172,1,-1,-1,-1
253,58,529,424,214,202,1,-1,-1,-1
253,65,2245,706,152,255,1,-1,-1,-1
253,67,993,32,1567,525,1,-1,-1,-1
253,69,1902,311,658,529,1,-1,-1,-1
253,70,1948,533,137,309,1,-1,-1,-1
253,72,1543,290,160,194,1,-1,-1,-1
253,73,1052,1025,286,415,1,-1,-1,-1
253,74,1235,950,208,272,1,-1,-1,-1
253,75,1526,697,240,228,1,-1,-1,-1
253,76,797,284,200,152,1,-1,-1,-1
253,78,1598,413,160,208,1,-1,-1,-1
254,2,603,266,144,213,1,-1,-1,-1
254,5,446,403,172,168,1,-1,-1,-1
254,8,197,904,204,328,1,-1,-1,-1
254,9,1070,345,123,158,1,-1,-1,-1
254,11,496,235,152,156,1,-1,-1,-1
254,15,1887,577,261,283,1,-1,-1,-1
254,21,629,297,1931,869,1,-1,-1,-1
254,31,1452,97,1070,715,1,-1,-1,-1
254,39,520,983,300,172,1,-1,-1,-1
254,42,601,337,132,159,1,-1,-1,-1
254,45,383,530,136,156,1,-1,-1,-1
254,47,245,716,243,423,1,-1,-1,-1
254,52,817,1228,183,124,1,-1,-1,-1
254,53,782,1183,264,257,1,-1,-1,-1
254,56,1808,485,180,172,1,-1,-1,-1
254,58,530,426,214,202,1,-1,-1,-1
254,65,2241,707,152,255,1,-1,-1,-1
254,67,980,28,1580,525,1,-1,-1,-1
254,69,1899,308,661,529,1,-1,-1,-1
254,70,1947,533,137,309,1,-1,-1,-1
254,72,1543,289,160,194,1,-1,-1,-1
254,73,1052,1025,286,415,1,-1,-1,-1
254,74,1235,945,208,272,1,-1,-1,-1
254,75,1522,695,252,239,1,-1,-1,-1
254,76,800,286,200,152,1,-1,-1,-1
254,78,1597,414,160,208,1,-1,-1,-1
255,2,603,266,144,213,1,-1,-1,-1
255,5,446,404,172,168,1,-1,-1,-1
255,8,192,914,204,328,1,-1,-1,-1
255,9,1072,338,129,166,1,-1,-1,-1
255,11,496,235,152,156,1,-1,-1,-1
255,15,1879,573,274,297,1,-1,-1,-1
255,21,638,297,1922,869,1,-1,-1,-1
255,31,1456,100,1070,715,1,-1,-1,-1
255,39,519,986,300,172,1,-1,-1,-1
255,42,603,337,132,159,1,-1,-1,-1
255,45,383,531,136,156,1,-1,-1,-1
255,47,242,729,243,423,1,-1,-1,-1
255,52,816,1227,183,124,1,-1,-1,-1
255,53,782,1183,264,257,1,-1,-1,-1
255,56,1808,486,180,172,1,-1,-1,-1
255,58,529,425,214,202,1,-1,-1,-1
255,65,2238,707,152,255,1,-1,-1,-1
255,67,1028,35,1532,500,1,-1,-1,-1
255,69,1902,305,658,529,1,-1,-1,-1
255,70,1949,538,137,309,1,-1,-1,-1
255,72,1542,289,160,194,1,-1,-1,-1
255,73,1050,1019,286,421,1,-1,-1,-1
255,74,1235,939,208,272,1,-1,-1,-1
255,75,1523,697,252,239,1,-1,-1,-1
255,76,807,288,200,152,1,-1,-1,-1
255,78,1596,417,160,208,1,-1,-1,-1
256,2,603,265,144,213,1,-1,-1,-1
256,5,446,405,172,168,1,-1,-1,-1
256,8,184,927,204,328,1,-1,-1,-1
256,9,1080,332,129,166,1,-1,-1,-1
256,11,496,235,152,156,1,-1,-1,-1
256,15,1881,577,274,297,1,-1,-1,-1
256,21,631,297,1929,869,1,-1,-1,-1
256,31,1455,102,1070,715,1,-1,-1,-1
256,39,520,989,300,172,1,-1,-1,-1
256,42,604,337,132,159,1,-1,-1,-1
256,45,383,532,136,156,1,-1,-1,-1
256,47,234,730,243,423,1,-1,-1,-1
256,52,816,1225,183,124,1,-1,-1,-1
256,53,782,1183,264,257,1,-1,-1,-1
256,56,1808,486,180,172,1,-1,-1,-1
256,58,529,425,214,202,1,-1,-1,-1
256,65,2236,707,152,255,1,-1,-1,-1
256,67,1042,34,1518,500,1,-1,-1,-1
256,69,1904,304,656,529,1,-1,-1,-1
256,70,1950,538,137,309,1,-1,-1,-1
256,72,1542,287,160,194,1,-1,-1,-1
256,73,1051,1015,286,425,1,-1,-1,-1
256,74,1236,932,208,272,1,-1,-1,-1
256,75,1524,698,252,239,1,-1,-1,-1
256,76,813,289,200,152,1,-1,-1,-1
256,78,1594,420,160,208,1,-1,-1,-1
257,2,603,265,144,213,1,-1,-1,-1
257,5,446,405,172,168,1,-1,-1,-1
257,8,176,916,236,352,1,-1,-1,-1
257,9,1080,332,129,166,1,-1,-1,-1
257,11,496,235,152,156,1,-1,-1,-1
257,15,1881,577,274,297,1,-1,-1,-1
257,21,631,297,1929,869,1,-1,-1,-1
257,31,1455,102,1070,715,1,-1,-1,-1
257,39,516,984,316,180,1,-1,-1,-1
257,42,604,337,132,159,1,-1,-1,-1
257,45,388,532,128,152,1,-1,-1,-1
257,47,234,730,243,423,1,-1,-1,-1
257,52,816,1225,183,124,1,-1,-1,-1
257,53,782,1183,264,257,1,-1,-1,-1
257,56,1808,484,184,172,1,-1,-1,-1
257,58,529,425,214,202,1,-1,-1,-1
257,65,2244,720,148,228,1,-1,-1,-1
257,67,1042,34,1518,500,1,-1,-1,-1
257,69,1904,304,656,529,1,-1,-1,-1
257,70,1950,538,137,309,1,-1,-1,-1
257,72,1542,287,160,194,1,-1,-1,-1
257,73,1051,1015,286,425,1,-1,-1,-1
257,74,1244,952,188,272,1,-1,-1,-1
257,75,1528,692,232,220,1,-1,-1,-1
257,76,813,289,200,152,1,-1,-1,-1
257,78,1596,412,144,228,1,-1,-1,-1
257,79,740,440,240,176,1,-1,-1,-1
258,2,605,266,144,213,1,-1,-1,-1
258,5,445,405,172,168,1,-1,-1,-1
258,8,173,918,236,352,1,-1,-1,-1
258,9,1078,326,129,166,1,-1,-1,-1
258,11,497,235,152,156,1,-1,-1,-1
258,15,1879,575,274,297,1,-1,-1,-1
258,21,641,292,1919,869,1,-1,-1,-1
258,31,1454,104,1070,715,1,-1,-1,-1
258,39,518,985,316,180,1,-1,-1,-1
258,42,605,337,132,159,1,-1,-1,-1
258,45,389,531,128,152,1,-1,-1,-1
258,47,231,725,243,423,1,-1,-1,-1
258,52,816,1225,183,124,1,-1,-1,-1
258,53,782,1181,264,259,1,-1,-1,-1
258,56,1807,484,184,172,1,-1,-1,-1
258,58,531,425,214,202,1,-1,-1,-1
258,65,2243,721,148,228,1,-1,-1,-1
258,67,1035,34,1525,500,1,-1,-1,-1
258,69,1900,308,660,529,1,-1,-1,-1
258,70,1950,536,137,309,1,-1,-1,-1
258,72,1542,287,160,194,1,-1,-1,-1
258,73,1051,1018,286,422,1,-1,-1,-1
258,74,1243,949,188,272,1,-1,-1,-1
258,75,1528,692,232,220,1,-1,-1,-1
258,76,820,290,200,152,1,-1,-1,-1
258,78,1597,413,144,228,1,-1,-1,-1
258,79,744,438,240,176,1,-1,-1,-1
259,2,606,266,144,213,1,-1,-1,-1
259,5,446,406,172,168,1,-1,-1,-1
259,8,169,922,236,352,1,-1,-1,-1
259,9,1081,324,129,166,1,-1,-1,-1
259,11,499,235,152,156,1,-1,-1,-1
259,15,1885,577,261,283,1,-1,-1,-1
259,21,636,296,1924,869,1,-1,-1,-1
259,31,1452,102,1070,715,1,-1,-1,-1
259,39,521,984,316,180,1,-1,-1,-1
259,42,606,337,132,159,1,-1,-1,-1
259,45,390,532,128,152,1,-1,-1,-1
259,47,230,735,243,423,1,-1,-1,-1
259,52,816,1225,183,124,1,-1,-1,-1
259,53,780,1182,264,258,1,-1,-1,-1
259,56,1808,483,184,172,1,-1,-1,-1
259,58,531,426,214,202,1,-1,-1,-1
259,65,2242,721,148,228,1,-1,-1,-1
259,67,1037,37,1523,500,1,-1,-1,-1
259,69,1903,308,657,529,1,-1,-1,-1
259,70,1950,541,131,294,1,-1,-1,-1
259,72,1543,287,160,194,1,-1,-1,-1
259,73,1048,1021,286,419,1,-1,-1,-1
259,74,1243,945,188,272,1,-1,-1,-1
259,75,1528,693,232,220,1,-1,-1,-1
259,76,823,291,200,152,1,-1,-1,-1
259,78,1599,415,144,228,1,-1,-1,-1
259,79,748,430,252,185,1,-1,-1,-1
260,2,606,265,144,213,1,-1,-1,-1
260,5,447,406,172,168,1,-1,-1,-1
260,8,168,925,236,352,1,-1,-1,-1
260,9,1084,326,129,166,1,-1,-1,-1
260,11,498,235,152,156,1,-1,-1,-1
260,15,1883,580,261,283,1,-1,-1,-1
260,21,637,291,1923,869,1,-1,-1,-1
260,31,1449,98,1070,715,1,-1,-1,-1
260,39,524,983,316,180,1,-1,-1,-1
260,42,606,336,132,159,1,-1,-1,-1
260,45,391,532,128,152,1,-1,-1,-1
260,47,227,740,243,423,1,-1,-1,-1
260,52,817,1226,183,124,1,-1,-1,-1
260,53,781,1184,264,256,1,-1,-1,-1
260,56,1806,483,184,172,1,-1,-1,-1
260,58,533,427,214,202,1,-1,-1,-1
260,65,2240,722,148,228,1,-1,-1,-1
260,67,986,30,1574,525,1,-1,-1,-1
260,69,1901,309,659,529,1,-1,-1,-1
260,70,1951,547,124,280,1,-1,-1,-1
260,72,1545,288,160,194,1,-1,-1,-1
260,73,1048,1019,286,421,1,-1,-1,-1
260,74,1240,945,188,272,1,-1,-1,-1
260,75,1529,693,232,220,1,-1,-1,-1
260,76,826,291,200,152,1,-1,-1,-1
260,78,1600,417,144,228,1,-1,-1,-1
260,79,752,426,252,185,1,-1,-1,-1
261,2,606,266,144,213,1,-1,-1,-1
261,5,446,406,172,168,1,-1,-1,-1
261,8,165,925,236,352,1,-1,-1,-1
261,9,1082,326,129,166,1,-1,-1,-1
261,11,498,235,152,156,1,-1,-1,-1
261,15,1872,579,261,283,1,-1,-1,-1
261,21,639,286,1921,869,1,-1,-1,-1
261,31,1454,100,1070,715,1,-1,-1,-1
261,39,526,983,316,180,1,-1,-1,-1
261,42,605,336,132,159,1,-1,-1,-1
261,45,391,533,128,152,1,-1,-1,-1
261,47,228,752,231,403,1,-1,-1,-1
261,52,819,1228,183,124,1,-1,-1,-1
261,53,781,1185,264,255,1,-1,-1,-1
261,56,1803,482,184,172,1,-1,-1,-1
261,58,533,428,214,202,1,-1,-1,-1
261,65,2231,721,148,228,1,-1,-1,-1
261,67,1029,47,1531,500,1,-1,-1,-1
261,69,1901,308,659,529,1,-1,-1,-1
261,70,1942,542,124,280,1,-1,-1,-1
261,72,1546,289,160,194,1,-1,-1,-1
261,73,1046,1016,286,424,1,-1,-1,-1
261,74,1231,939,188,272,1,-1,-1,-1
261,75,1530,693,232,220,1,-1,-1,-1
261,76,828,292,200,152,1,-1,-1,-1
261,78,1602,422,144,228,1,-1,-1,-1
261,79,757,424,252,185,1,-1,-1,-1
262,2,605,266,144,213,1,-1,-1,-1
262,5,445,407,172,168,1,-1,-1,-1
262,8,162,926,236,352,1,-1,-1,-1
262,9,1081,325,129,166,1,-1,-1,-1
262,11,498,235,152,156,1,-1,-1,-1
262,15,1871,585,249,270,1,-1,-1,-1
262,21,640,278,1920,869,1,-1,-1,-1
262,31,1453,101,1070,715,1,-1,-1,-1
262,39,530,982,316,180,1,-1,-1,-1
262,42,606,335,132,159,1,-1,-1,-1
262,45,391,533,128,152,1,-1,-1,-1
262,47,226,759,231,403,1,-1,-1,-1
262,52,821,1227,183,124,1,-1,-1,-1
262,53,782,1184,264,256,1,-1,-1,-1
262,56,1801,481,184,172,1,-1,-1,-1
262,58,533,429,214,202,1,-1,-1,-1
262,65,2235,724,148,228,1,-1,-1,-1
262,67,1028,43,1532,500,1,-1,-1,-1
262,69,1899,307,661,529,1,-1,-1,-1
262,70,1935,537,124,280,1,-1,-1,-1
262,72,1546,289,160,194,1,-1,-1,-1
262,73,1043,1014,286,426,1,-1,-1,-1
262,74,1225,914,197,286,1,-1,-1,-1
262,75,1532,693,232,220,1,-1,-1,-1
262,76,831,293,200,152,1,-1,-1,-1
262,78,1603,425,144,228,1,-1,-1,-1
262,79,759,425,252,185,1,-1,-1,-1
263,2,605,265,144,213,1,-1,-1,-1
263,5,445,407,172,168,1,-1,-1,-1
263,8,160,927,236,352,1,-1,-1,-1
263,9,1081,324,129,166,1,-1,-1,-1
263,11,498,235,152,156,1,-1,-1,-1
263,15,1873,586,249,270,1,-1,-1,-1
263,21,648,285,1912,869,1,-1,-1,-1
263,31,1457,101,1070,715,1,-1,-1,-1
263,39,530,982,316,180,1,-1,-1,-1
263,42,605,335,132,159,1,-1,-1,-1
263,45,391,533,128,152,1,-1,-1,-1
263,47,223,764,231,403,1,-1,-1,-1
263,52,822,1227,183,124,1,-1,-1,-1
263,53,782,1185,264,255,1,-1,-1,-1
263,56,1799,481,184,172,1,-1,-1,-1
263,58,532,429,214,202,1,-1,-1,-1
263,65,2236,725,148,228,1,-1,-1,-1
263,67,1024,43,1536,500,1,-1,-1,-1
263,69,1898,309,662,529,1,-1,-1,-1
263,70,1934,538,124,280,1,-1,-1,-1
263,72,1546,289,160,194,1,-1,-1,-1
263,73,1051,1021,272,412,1,-1,-1,-1
263,74,1220,909,207,300,1,-1,-1,-1
263,75,1532,693,232,220,1,-1,-1,-1
263,76,831,293,200,152,1,-1,-1,-1
263,78,1604,425,144,228,1,-1,-1,-1
263,79,758,424,252,185,1,-1,-1,-1
264,2,605,266,144,213,1,-1,-1,-1
264,5,445,408,172,168,1,-1,-1,-1
264,8,155,929,236,352,1,-1,-1,-1
264,9,1079,321,129,166,1,-1,-1,-1
264,11,498,235,152,156,1,-1,-1,-1
264,15,1869,580,249,270,1,-1,-1,-1
264,21,635,286,1925,869,1,-1,-1,-1
264,31,1458,98,1070,715,1,-1,-1,-1
264,39,534,983,316,180,1,-1,-1,-1
264,42,606,335,132,159,1,-1,-1,-1
264,45,391,533,128,152,1,-1,-1,-1
264,47,220,769,231,403,1,-1,-1,-1
264,52,822,1228,183,124,1,-1,-1,-1
264,53,782,1185,264,255,1,-1,-1,-1
264,56,1799,480,184,172,1,-1,-1,-1
264,58,531,430,214,202,1,-1,-1,-1
264,65,2234,731,141,217,1,-1,-1,-1
264,67,1024,47,1536,500,1,-1,-1,-1
264,69,1900,312,660,529,1,-1,-1,-1
264,70,1931,537,124,280,1,-1,-1,-1
264,72,1547,289,160,194,1,-1,-1,-1
264,73,1046,1022,272,412,1,-1,-1,-1
264,74,1215,890,207,300,1,-1,-1,-1
264,75,1532,693,232,220,1,-1,-1,-1
264,76,832,293,200,152,1,-1,-1,-1
264,78,1605,426,144,228,1,-1,-1,-1
264,79,759,425,252,185,1,-1,-1,-1
265,2,605,266,144,213,1,-1,-1,-1
265,5,445,408,172,168,1,-1,-1,-1
265,8,116,932,268,336,1,-1,-1,-1
265,9,1079,321,129,166,1,-1,-1,-1
265,11,498,235,152,156,1,-1,-1,-1
265,15,1869,580,249,270,1,-1,-1,-1
265,21,635,286,1925,869,1,-1,-1,-1
265,31,1458,98,1070,715,1,-1,-1,-1
265,39,544,984,332,220,1,-1,-1,-1
265,42,606,335,132,159,1,-1,-1,-1
265,45,388,532,128,148,1,-1,-1,-1
265,47,220,769,231,403,1,-1,-1,-1
265,52,822,1228,183,124,1,-1,-1,-1
265,53,780,1192,300,248,1,-1,-1,-1
265,56,1804,484,180,160,1,-1,-1,-1
265,58,531,430,214,202,1,-1,-1,-1
265,65,2234,731,141,217,1,-1,-1,-1
265,67,1024,47,1536,500,1,-1,-1,-1
265,69,1900,312,660,529,1,-1,-1,-1
265,70,1931,537,124,280,1,-1,-1,-1
265,72,1547,289,160,194,1,-1,-1,-1
265,73,1046,1022,272,412,1,-1,-1,-1
265,74,1215,890,207,300,1,-1,-1,-1
265,75,1532,693,232,220,1,-1,-1,-1
265,76,828,304,212,132,1,-1,-1,-1
265,78,1608,424,128,240,1,-1,-1,-1
265,79,776,420,232,164,1,-1,-1,-1
265,80,1408,1236,280,200,1,-1,-1,-1
266,2,605,267,144,213,1,-1,-1,-1
266,5,442,410,172,168,1,-1,-1,-1
266,8,111,933,268,336,1,-1,-1,-1
266,9,1075,318,129,166,1,-1,-1,-1
266,11,495,233,160,164,1,-1,-1,-1
266,15,1872,578,249,270,1,-1,-1,-1
266,21,594,272,1966,912,1,-1,-1,-1
266,31,1450,88,1070,715,1,-1,-1,-1
266,39,547,984,332,220,1,-1,-1,-1
266,42,606,335,132,159,1,-1,-1,-1
266,45,388,532,128,148,1,-1,-1,-1
266,47,185,796,231,403,1,-1,-1,-1
266,52,824,1226,183,124,1,-1,-1,-1
266,53,780,1192,300,248,1,-1,-1,-1
266,56,1805,485,180,160,1,-1,-1,-1
266,58,530,431,214,202,1,-1,-1,-1
266,65,2230,710,141,217,1,-1,-1,-1
266,67,1018,48,1542,500,1,-1,-1,-1
266,69,1901,306,659,529,1,-1,-1,-1
266,70,1936,534,124,280,1,-1,-1,-1
266,72,1547,291,160,194,1,-1,-1,-1
266,73,1047,1020,272,412,1,-1,-1,-1
266,74,1208,868,207,300,1,-1,-1,-1
266,75,1538,689,232,220,1,-1,-1,-1
266,76,828,304,212,132,1,-1,-1,-1
266,78,1608,424,128,240,1,-1,-1,-1
266,79,777,419,232,164,1,-1,-1,-1
266,80,1432,1218,280,200,1,-1,-1,-1
267,2,605,266,144,213,1,-1,-1,-1
267,5,440,411,172,168,1,-1,-1,-1
267,8,102,937,268,336,1,-1,-1,-1
267,9,1074,318,129,166,1,-1,-1,-1
267,11,495,232,160,164,1,-1,-1,-1
267,15,1885,583,237,257,1,-1,-1,-1
267,21,585,281,1975,912,1,-1,-1,-1
267,31,1452,90,1070,715,1,-1,-1,-1
267,39,550,986,332,220,1,-1,-1,-1
267,42,607,335,132,159,1,-1,-1,-1
267,45,388,532,128,148,1,-1,-1,-1
267,47,181,799,231,403,1,-1,-1,-1
267,52,824,1225,183,124,1,-1,-1,-1
267,53,780,1192,300,248,1,-1,-1,-1
267,56,1808,487,180,160,1,-1,-1,-1
267,58,530,433,214,202,1,-1,-1,-1
267,65,2222,711,141,217,1,-1,-1,-1
267,67,1018,48,1542,500,1,-1,-1,-1
267,69,1901,306,659,529,1,-1,-1,-1
267,70,1946,538,118,267,1,-1,-1,-1
267,72,1547,290,160,194,1,-1,-1,-1
267,73,1047,1025,272,412,1,-1,-1,-1
267,74,1208,857,207,300,1,-1,-1,-1
267,75,1542,679,244,231,1,-1,-1,-1
267,76,828,304,212,132,1,-1,-1,-1
267,78,1608,424,128,240,1,-1,-1,-1
267,79,779,419,232,164,1,-1,-1,-1
267,80,1454,1186,294,210,1,-1,-1,-1
268,2,605,267,144,213,1,-1,-1,-1
268,5,438,412,172,168,1,-1,-1,-1
268,8,92,942,268,336,1,-1,-1,-1
268,9,1076,318,129,166,1,-1,-1,-1
268,11,494,232,160,164,1,-1,-1,-1
268,15,1901,560,237,257,1,-1,-1,-1
268,21,583,279,1977,912,1,-1,-1,-1
268,31,1454,86,1070,715,1,-1,-1,-1
268,39,561,992,316,210,1,-1,-1,-1
268,42,606,336,132,159,1,-1,-1,-1
268,45,388,533,128,148,1,-1,-1,-1
268,47,172,800,231,403,1,-1,-1,-1
268,52,824,1225,183,124,1,-1,-1,-1
268,53,781,1192,300,248,1,-1,-1,-1
268,56,1810,488,180,160,1,-1,-1,-1
268,58,528,434,214,202,1,-1,-1,-1
268,65,2196,704,148,228,1,-1,-1,-1
268,67,1020,46,1540,500,1,-1,-1,-1
268,69,1902,309,658,529,1,-1,-1,-1
268,70,1957,549,113,254,1,-1,-1,-1
268,72,1546,290,160,194,1,-1,-1,-1
268,73,1049,1041,272,399,1,-1,-1,-1
268,74,1202,852,207,300,1,-1,-1,-1
268,75,1541,675,244,231,1,-1,-1,-1
268,76,829,304,212,132,1,-1,-1,-1
268,78,1609,424,128,240,1,-1,-1,-1
268,79,781,421,232,164,1,-1,-1,-1
268,80,1478,1159,294,210,1,-1,-1,-1
269,2,605,267,144,213,1,-1,-1,-1
269,5,438,412,172,168,1,-1,-1,-1
269,8,91,943,268,336,1,-1,-1,-1
269,9,1076,318,129,166,1,-1,-1,-1
269,11,494,232,160,164,1,-1,-1,-1
269,15,1903,565,237,257,1,-1,-1,-1
269,21,589,279,1971,912,1,-1,-1,-1
269,31,1451,84,1070,715,1,-1,-1,-1
269,39,561,994,316,210,1,-1,-1,-1
269,42,606,336,132,159,1,-1,-1,-1
269,45,388,532,128,148,1,-1,-1,-1
269,47,169,802,231,403,1,-1,-1,-1
269,52,823,1225,183,124,1,-1,-1,-1
269,53,780,1192,300,248,1,-1,-1,-1
269,56,1810,488,180,160,1,-1,-1,-1
269,58,528,433,214,202,1,-1,-1,-1
269,65,2191,699,148,228,1,-1,-1,-1
269,67,1020,45,1540,500,1,-1,-1,-1
269,69,1903,308,657,529,1,-1,-1,-1
269,70,1959,547,113,254,1,-1,-1,-1
269,72,1546,290,160,194,1,-1,-1,-1
269,73,1052,1050,272,390,1,-1,-1,-1
269,74,1200,852,207,300,1,-1,-1,-1
269,75,1547,679,232,220,1,-1,-1,-1
269,76,829,304,212,132,1,-1,-1,-1
269,78,1609,424,128,240,1,-1,-1,-1
269,79,781,422,232,164,1,-1,-1,-1
269,80,1480,1158,294,210,1,-1,-1,-1
270,2,604,268,144,213,1,-1,-1,-1
270,5,436,412,172,168,1,-1,-1,-1
270,8,84,947,268,336,1,-1,-1,-1
270,9,1076,318,129,166,1,-1,-1,-1
270,11,494,232,160,164,1,-1,-1,-1
270,15,1909,565,237,257,1,-1,-1,-1
270,21,582,282,1978,912,1,-1,-1,-1
270,31,1452,86,1070,715,1,-1,-1,-1
270,39,562,995,316,210,1,-1,-1,-1
270,42,606,336,132,159,1,-1,-1,-1
270,45,387,532,128,148,1,-1,-1,-1
270,47,166,800,231,403,1,-1,-1,-1
270,52,824,1225,183,124,1,-1,-1,-1
270,53,780,1193,300,247,1,-1,-1,-1
270,56,1810,489,180,160,1,-1,-1,-1
270,58,527,434,214,202,1,-1,-1,-1
270,65,2170,694,155,239,1,-1,-1,-1
270,67,1012,43,1548,500,1,-1,-1,-1
270,69,1902,310,658,529,1,-1,-1,-1
270,70,1968,549,113,254,1,-1,-1,-1
270,72,1546,291,160,194,1,-1,-1,-1
270,73,1054,1054,272,386,1,-1,-1,-1
270,74,1202,851,207,300,1,-1,-1,-1
270,75,1554,676,232,220,1,-1,-1,-1
270,76,829,304,212,132,1,-1,-1,-1
270,78,1609,423,128,240,1,-1,-1,-1
270,79,783,422,232,164,1,-1,-1,-1
270,80,1498,1138,294,210,1,-1,-1,-1
271,2,604,267,144,213,1,-1,-1,-1
271,5,435,411,172,168,1,-1,-1,-1
271,8,75,950,268,336,1,-1,-1,-1
271,9,1077,319,129,166,1,-1,-1,-1
271,11,494,232,160,164,1,-1,-1,-1
271,15,1910,563,237,257,1,-1,-1,-1
271,21,579,276,1981,912,1,-1,-1,-1
271,31,1416,77,1124,750,1,-1,-1,-1
271,39,562,996,316,210,1,-1,-1,-1
271,42,606,337,132,159,1,-1,-1,-1
271,45,387,532,128,148,1,-1,-1,-1
271,47,159,806,231,403,1,-1,-1,-1
271,52,822,1226,183,124,1,-1,-1,-1
271,53,779,1193,300,247,1,-1,-1,-1
271,56,1811,489,180,160,1,-1,-1,-1
271,58,527,434,214,202,1,-1,-1,-1
271,65,2146,694,155,239,1,-1,-1,-1
271,67,1011,44,1549,500,1,-1,-1,-1
271,69,1903,312,657,529,1,-1,-1,-1
271,70,1970,540,118,267,1,-1,-1,-1
271,72,1547,291,160,194,1,-1,-1,-1
271,73,1054,1056,272,384,1,-1,-1,-1
271,74,1202,851,207,300,1,-1,-1,-1
271,75,1566,679,232,220,1,-1,-1,-1
271,76,831,305,212,132,1,-1,-1,-1
271,78,1609,423,128,240,1,-1,-1,-1
271,79,786,424,232,164,1,-1,-1,-1
271,80,1516,1142,280,200,1,-1,-1,-1
272,2,604,267,144,213,1,-1,-1,-1
272,5,435,411,172,168,1,-1,-1,-1
272,8,67,955,268,336,1,-1,-1,-1
272,9,1076,319,129,166,1,-1,-1,-1
272,11,494,233,160,164,1,-1,-1,-1
272,15,1913,556,237,257,1,-1,-1,-1
272,21,585,276,1975,912,1,-1,-1,-1
272,31,1414,71,1124,750,1,-1,-1,-1
272,39,563,997,316,210,1,-1,-1,-1
272,42,606,339,132,159,1,-1,-1,-1
272,45,387,532,128,148,1,-1,-1,-1
272,47,154,813,231,403,1,-1,-1,-1
272,52,821,1226,183,124,1,-1,-1,-1
272,53,778,1193,300,247,1,-1,-1,-1
272,56,1812,487,180,160,1,-1,-1,-1
272,58,526,433,214,202,1,-1,-1,-1
272,67,1012,44,1548,500,1,-1,-1,-1
272,69,1899,310,661,529,1,-1,-1,-1
272,70,1970,538,118,267,1,-1,-1,-1
272,72,1547,291,160,194,1,-1,-1,-1
272,73,1055,1058,272,382,1,-1,-1,-1
272,74,1200,848,207,300,1,-1,-1,-1
272,75,1580,679,232,220,1,-1,-1,-1
272,76,831,305,212,132,1,-1,-1,-1
272,78,1609,422,128,240,1,-1,-1,-1
272,79,785,424,232,164,1,-1,-1,-1
272,80,1545,1143,267,190,1,-1,-1,-1
273,2,604,267,144,213,1,-1,-1,-1
273,5,435,411,172,168,1,-1,-1,-1
273,8,52,968,272,356,1,-1,-1,-1
273,9,1076,319,129,166,1,-1,-1,-1
273,11,494,233,160,164,1,-1,-1,-1
273,15,1913,556,237,257,1,-1,-1,-1
273,21,585,276,1975,912,1,-1,-1,-1
273,31,1414,71,1124,750,1,-1,-1,-1
273,39,556,992,340,220,1,-1,-1,-1
273,42,616,332,120,192,1,-1,-1,-1
273,45,380,528,140,168,1,-1,-1,-1
273,47,154,813,231,403,1,-1,-1,-1
273,52,821,1226,183,124,1,-1,-1,-1
273,53,778,1193,300,247,1,-1,-1,-1
273,56,1804,484,196,176,1,-1,-1,-1
273,58,526,433,214,202,1,-1,-1,-1
273,67,1012,44,1548,500,1,-1,-1,-1
273,69,1899,310,661,529,1,-1,-1,-1
273,70,1970,538,118,267,1,-1,-1,-1
273,72,1548,280,152,208,1,-1,-1,-1
273,73,1055,1058,272,382,1,-1,-1,-1
273,74,1220,872,172,252,1,-1,-1,-1
273,75,1580,679,232,220,1,-1,-1,-1
273,76,831,305,212,132,1,-1,-1,-1
273,78,1609,422,128,240,1,-1,-1,-1
273,79,785,424,232,164,1,-1,-1,-1
273,80,1572,1104,232,316,1,-1,-1,-1
274,2,605,267,144,213,1,-1,-1,-1
274,5,434,411,172,168,1,-1,-1,-1
274,8,49,974,272,356,1,-1,-1,-1
274,9,1076,320,129,166,1,-1,-1,-1
274,11,494,232,160,164,1,-1,-1,-1
274,15,1910,555,237,257,1,-1,-1,-1
274,21,580,276,1980,912,1,-1,-1,-1
274,31,1416,75,1124,750,1,-1,-1,-1
274,39,556,991,340,220,1,-1,-1,-1
274,42,616,330,120,192,1,-1,-1,-1
274,45,380,528,140,168,1,-1,-1,-1
274,47,144,816,231,403,1,-1,-1,-1
274,52,820,1227,183,124,1,-1,-1,-1
274,53,780,1189,300,248,1,-1,-1,-1
274,56,1804,483,196,176,1,-1,-1,-1
274,58,526,431,214,202,1,-1,-1,-1
274,67,1014,42,1546,500,1,-1,-1,-1
274,69,1895,309,665,529,1,-1,-1,-1
274,70,1969,534,118,267,1,-1,-1,-1
274,72,1548,280,152,208,1,-1,-1,-1
274,73,1056,1045,272,395,1,-1,-1,-1
274,74,1221,872,172,252,1,-1,-1,-1
274,75,1603,683,232,220,1,-1,-1,-1
274,76,834,306,212,132,1,-1,-1,-1
274,78,1607,423,128,240,1,-1,-1,-1
274,79,799,423,232,164,1,-1,-1,-1
274,80,1587,1101,232,316,1,-1,-1,-1
275,2,605,267,144,213,1,-1,-1,-1
275,5,434,411,172,168,1,-1,-1,-1
275,8,47,975,272,356,1,-1,-1,-1
275,9,1076,321,129,166,1,-1,-1,-1
275,11,494,233,160,164,1,-1,-1,-1
275,15,1909,555,237,257,1,-1,-1,-1
275,21,585,279,1975,912,1,-1,-1,-1
275,31,1449,93,1070,715,1,-1,-1,-1
275,39,556,991,340,220,1,-1,-1,-1
275,42,616,329,120,192,1,-1,-1,-1
275,45,380,528,140,168,1,-1,-1,-1
275,47,141,822,231,403,1,-1,-1,-1
275,52,819,1228,183,124,1,-1,-1,-1
275,53,779,1189,300,248,1,-1,-1,-1
275,56,1805,483,196,176,1,-1,-1,-1
275,58,528,429,214,202,1,-1,-1,-1
275,67,1009,38,1551,500,1,-1,-1,-1
275,69,1898,307,662,529,1,-1,-1,-1
275,70,1971,534,118,267,1,-1,-1,-1
275,72,1548,280,152,208,1,-1,-1,-1
275,73,1055,1047,272,393,1,-1,-1,-1
275,74,1222,872,172,252,1,-1,-1,-1
275,75,1601,683,232,220,1,-1,-1,-1
275,76,835,306,212,132,1,-1,-1,-1
275,78,1608,423,128,240,1,-1,-1,-1
275,79,800,423,232,164,1,-1,-1,-1
275,80,1590,1098,232,316,1,-1,-1,-1
276,2,606,266,144,213,1,-1,-1,-1
276,5,434,411,172,168,1,-1,-1,-1
276,8,42,989,272,356,1,-1,-1,-1
276,9,1075,321,129,166,1,-1,-1,-1
276,11,494,233,160,164,1,-1,-1,-1
276,15,1909,556,237,257,1,-1,-1,-1
276,21,581,276,1979,912,1,-1,-1,-1
276,31,1450,88,1070,715,1,-1,-1,-1
276,39,555,990,340,220,1,-1,-1,-1
276,42,617,328,120,192,1,-1,-1,-1
276,45,381,528,140,168,1,-1,-1,-1
276,47,137,831,231,403,1,-1,-1,-1
276,52,816,1226,183,124,1,-1,-1,-1
276,53,779,1185,300,248,1,-1,-1,-1
276,56,1804,482,196,176,1,-1,-1,-1
276,58,527,430,214,202,1,-1,-1,-1
276,67,1024,36,1536,500,1,-1,-1,-1
276,69,1898,307,662,529,1,-1,-1,-1
276,70,1972,535,118,267,1,-1,-1,-1
276,72,1547,281,152,208,1,-1,-1,-1
276,73,1057,1041,272,399,1,-1,-1,-1
276,74,1226,871,172,252,1,-1,-1,-1
276,75,1611,687,232,220,1,-1,-1,-1
276,76,837,306,212,132,1,-1,-1,-1
276,78,1604,422,128,240,1,-1,-1,-1
276,79,804,420,232,164,1,-1,-1,-1
276,80,1593,1088,244,332,1,-1,-1,-1
277,2,607,266,144,213,1,-1,-1,-1
277,5,434,410,172,168,1,-1,-1,-1
277,8,28,1011,272,356,1,-1,-1,-1
277,9,1073,321,129,166,1,-1,-1,-1
277,11,495,233,160,164,1,-1,-1,-1
277,15,1916,559,226,244,1,-1,-1,-1
277,21,587,273,1973,912,1,-1,-1,-1
277,31,1452,91,1070,715,1,-1,-1,-1
277,39,555,991,340,220,1,-1,-1,-1
277,42,618,328,120,192,1,-1,-1,-1
277,45,381,528,140,168,1,-1,-1,-1
277,47,129,869,220,384,1,-1,-1,-1
277,52,815,1226,183,124,1,-1,-1,-1
277,53,780,1184,300,248,1,-1,-1,-1
277,56,1805,482,196,176,1,-1,-1,-1
277,58,527,430,214,202,1,-1,-1,-1
277,67,1021,37,1539,500,1,-1,-1,-1
277,69,1899,306,661,529,1,-1,-1,-1
277,70,1971,534,118,267,1,-1,-1,-1
277,72,1542,282,152,208,1,-1,-1,-1
277,73,1056,1033,272,407,1,-1,-1,-1
277,74,1228,871,172,252,1,-1,-1,-1
277,75,1610,695,232,220,1,-1,-1,-1
277,76,839,308,212,132,1,-1,-1,-1
277,78,1599,420,128,240,1,-1,-1,-1
277,79,810,418,232,164,1,-1,-1,-1
277,80,1598,1085,244,332,1,-1,-1,-1
278,2,609,265,144,213,1,-1,-1,-1
278,5,433,411,172,168,1,-1,-1,-1
278,8,20,1039,272,356,1,-1,-1,-1
278,9,1071,321,129,166,1,-1,-1,-1
278,11,495,232,160,164,1,-1,-1,-1
278,15,1919,558,226,244,1,-1,-1,-1
278,21,581,282,1979,912,1,-1,-1,-1
278,31,1449,92,1070,715,1,-1,-1,-1
278,39,554,991,340,220,1,-1,-1,-1
278,42,620,328,120,192,1,-1,-1,-1
278,45,381,529,140,168,1,-1,-1,-1
278,47,125,889,220,384,1,-1,-1,-1
278,52,814,1226,183,124,1,-1,-1,-1
278,53,781,1183,300,248,1,-1,-1,-1
278,56,1803,482,196,176,1,-1,-1,-1
278,58,528,430,214,202,1,-1,-1,-1
278,67,1026,34,1534,500,1,-1,-1,-1
278,69,1899,304,661,529,1,-1,-1,-1
278,70,1974,533,118,267,1,-1,-1,-1
278,72,1540,282,152,208,1,-1,-1,-1
278,73,1062,1022,272,412,1,-1,-1,-1
278,74,1229,872,172,252,1,-1,-1,-1
278,75,1604,699,232,220,1,-1,-1,-1
278,76,839,310,212,132,1,-1,-1,-1
278,78,1594,416,128,240,1,-1,-1,-1
278,79,820,418,232,164,1,-1,-1,-1
278,80,1596,1079,244,332,1,-1,-1,-1
279,2,611,266,144,213,1,-1,-1,-1
279,5,433,411,172,168,1,-1,-1,-1
279,8,17,1051,272,356,1,-1,-1,-1
279,9,1071,322,129,166,1,-1,-1,-1
279,11,495,232,160,164,1,-1,-1,-1
279,15,1919,557,226,244,1,-1,-1,-1
279,21,585,281,1975,912,1,-1,-1,-1
279,31,1448,88,1070,715,1,-1,-1,-1
279,39,553,992,340,220,1,-1,-1,-1
279,42,621,327,120,192,1,-1,-1,-1
279,45,381,529,140,168,1,-1,-1,-1
279,47,119,897,220,384,1,-1,-1,-1
279,52,813,1227,183,124,1,-1,-1,-1
279,53,780,1184,300,248,1,-1,-1,-1
279,56,1802,480,196,176,1,-1,-1,-1
279,58,529,430,214,202,1,-1,-1,-1
279,67,1023,30,1537,500,1,-1,-1,-1
279,69,1898,305,662,529,1,-1,-1,-1
279,70,1975,530,118,267,1,-1,-1,-1
279,72,1538,281,152,208,1,-1,-1,-1
279,73,1058,1013,286,427,1,-1,-1,-1
279,74,1230,872,172,252,1,-1,-1,-1
279,75,1604,698,232,220,1,-1,-1,-1
279,76,839,310,212,132,1,-1,-1,-1
279,78,1593,418,128,240,1,-1,-1,-1
279,79,825,417,232,164,1,-1,-1,-1
279,80,1584,1082,244,332,1,-1,-1,-1
280,2,613,265,144,213,1,-1,-1,-1
280,5,433,411,172,168,1,-1,-1,-1
280,8,16,1060,272,356,1,-1,-1,-1
280,9,1071,324,129,166,1,-1,-1,-1
280,11,496,232,160,164,1,-1,-1,-1
280,15,1922,555,226,244,1,-1,-1,-1
280,21,582,284,1978,912,1,-1,-1,-1
280,31,1446,87,1070,715,1,-1,-1,-1
280,39,552,991,340,220,1,-1,-1,-1
280,42,622,326,120,192,1,-1,-1,-1
280,45,382,529,140,168,1,-1,-1,-1
280,47,112,902,220,384,1,-1,-1,-1
280,52,812,1227,183,124,1,-1,-1,-1
280,53,779,1183,300,248,1,-1,-1,-1
280,56,1802,480,196,176,1,-1,-1,-1
280,58,530,429,214,202,1,-1,-1,-1
280,67,1022,35,1538,500,1,-1,-1,-1
280,69,1897,305,663,529,1,-1,-1,-1
280,70,1977,534,113,254,1,-1,-1,-1
280,72,1536,282,152,208,1,-1,-1,-1
280,73,1057,1017,286,423,1,-1,-1,-1
280,74,1229,872,172,252,1,-1,-1,-1
280,75,1600,699,232,220,1,-1,-1,-1
280,76,840,310,212,132,1,-1,-1,-1
280,78,1590,420,128,240,1,-1,-1,-1
280,79,831,421,221,156,1,-1,-1,-1
280,80,1571,1084,244,332,1,-1,-1,-1
281,2,613,265,144,213,1,-1,-1,-1
281,5,433,411,172,168,1,-1,-1,-1
281,8,52,1056,228,380,1,-1,-1,-1
281,9,1071,324,129,166,1,-1,-1,-1
281,11,496,232,160,164,1,-1,-1,-1
281,15,1922,555,226,244,1,-1,-1,-1
281,21,582,284,1978,912,1,-1,-1,-1
281,31,1446,87,1070,715,1,-1,-1,-1
281,39,556,988,320,212,1,-1,-1,-1
281,42,628,336,120,164,1,-1,-1,-1
281,45,382,529,140,168,1,-1,-1,-1
281,47,112,902,220,384,1,-1,-1,-1
281,52,812,1227,183,124,1,-1,-1,-1
281,53,779,1183,300,248,1,-1,-1,-1
281,56,1796,480,200,160,1,-1,-1,-1
281,58,530,429,214,202,1,-1,-1,-1
281,67,1022,35,1538,500,1,-1,-1,-1
281,69,1897,305,663,529,1,-1,-1,-1
281,70,1977,534,113,254,1,-1,-1,-1
281,72,1536,282,152,208,1,-1,-1,-1
281,73,1057,1017,286,423,1,-1,-1,-1
281,74,1229,872,172,252,1,-1,-1,-1
281,75,1600,699,232,220,1,-1,-1,-1
281,76,840,304,208,124,1,-1,-1,-1
281,78,1590,420,128,240,1,-1,-1,-1
281,79,828,416,200,144,1,-1,-1,-1
281,80,1608,988,200,396,1,-1,-1,-1
281,81,1232,1088,304,276,1,-1,-1,-1
282,2,615,264,144,213,1,-1,-1,-1
282,5,431,411,172,168,1,-1,-1,-1
282,8,51,1058,228,380,1,-1,-1,-1
282,9,1071,324,129,166,1,-1,-1,-1
282,11,496,232,160,164,1,-1,-1,-1
282,15,1919,552,226,244,1,-1,-1,-1
282,21,579,284,1981,912,1,-1,-1,-1
282,31,1447,86,1070,715,1,-1,-1,-1
282,39,556,987,320,212,1,-1,-1,-1
282,42,629,335,120,164,1,-1,-1,-1
282,45,382,530,140,168,1,-1,-1,-1
282,47,108,909,220,384,1,-1,-1,-1
282,52,812,1226,183,124,1,-1,-1,-1
282,53,782,1183,300,248,1,-1,-1,-1
282,56,1795,480,200,160,1,-1,-1,-1
282,58,530,428,214,202,1,-1,-1,-1
282,67,1024,33,1536,500,1,-1,-1,-1
282,69,1896,304,664,529,1,-1,-1,-1
282,70,1978,533,113,254,1,-1,-1,-1
282,72,1537,282,152,208,1,-1,-1,-1
282,73,1055,1016,286,424,1,-1,-1,-1
282,74,1226,870,172,252,1,-1,-1,-1
282,75,1602,698,232,220,1,-1,-1,-1
282,76,841,304,208,124,1,-1,-1,-1
282,78,1580,421,128,240,1,-1,-1,-1
282,79,830,416,200,144,1,-1,-1,-1
282,80,1601,971,200,396,1,-1,-1,-1
282,81,1246,1071,304,276,1,-1,-1,-1
283,2,618,265,144,213,1,-1,-1,-1
283,5,426,410,172,168,1,-1,-1,-1
283,8,48,1061,228,379,1,-1,-1,-1
283,9,1071,323,129,166,1,-1,-1,-1
283,11,497,232,160,164,1,-1,-1,-1
283,15,1915,548,237,257,1,-1,-1,-1
283,21,588,285,1972,912,1,-1,-1,-1
283,31,1446,84,1070,715,1,-1,-1,-1
283,39,555,987,320,212,1,-1,-1,-1
283,42,633,337,120,164,1,-1,-1,-1
283,45,380,532,140,168,1,-1,-1,-1
283,47,109,921,210,366,1,-1,-1,-1
283,52,813,1224,183,124,1,-1,-1,-1
283,53,783,1181,300,248,1,-1,-1,-1
283,56,1794,479,200,160,1,-1,-1,-1
283,58,531,427,214,202,1,-1,-1,-1
283,67,1029,34,1531,500,1,-1,-1,-1
283,69,1896,305,664,529,1,-1,-1,-1
283,70,1978,531,113,254,1,-1,-1,-1
283,72,1537,282,152,208,1,-1,-1,-1
283,73,1060,1034,272,406,1,-1,-1,-1
283,74,1225,868,172,252,1,-1,-1,-1
283,75,1603,697,232,220,1,-1,-1,-1
283,76,843,305,208,124,1,-1,-1,-1
283,78,1566,429,128,240,1,-1,-1,-1
283,79,832,417,200,144,1,-1,-1,-1
283,80,1578,936,200,396,1,-1,-1,-1
283,81,1276,1047,304,276,1,-1,-1,-1
284,2,620,265,144,213,1,-1,-1,-1
284,5,421,412,172,168,1,-1,-1,-1
284,8,47,1062,228,378,1,-1,-1,-1
284,9,1071,323,129,166,1,-1,-1,-1
284,11,498,232,160,164,1,-1,-1,-1
284,15,1914,550,237,257,1,-1,-1,-1
284,21,581,288,1979,912,1,-1,-1,-1
284,31,1445,87,1070,715,1,-1,-1,-1
284,39,555,988,320,212,1,-1,-1,-1
284,42,635,336,120,164,1,-1,-1,-1
284,45,378,534,140,168,1,-1,-1,-1
284,47,106,926,210,366,1,-1,-1,-1
284,52,813,1222,183,124,1,-1,-1,-1
284,53,782,1180,300,248,1,-1,-1,-1
284,56,1793,481,200,160,1,-1,-1,-1
284,58,525,426,225,212,1,-1,-1,-1
284,67,1026,34,1534,500,1,-1,-1,-1
284,69,1896,305,664,529,1,-1,-1,-1
284,70,1977,531,113,254,1,-1,-1,-1
284,72,1538,283,152,208,1,-1,-1,-1
284,73,1062,1032,272,408,1,-1,-1,-1
284,74,1227,875,172,252,1,-1,-1,-1
284,75,1601,693,232,220,1,-1,-1,-1
284,76,845,306,208,124,1,-1,-1,-1
284,78,1548,428,128,240,1,-1,-1,-1
284,79,833,418,200,144,1,-1,-1,-1
284,80,1564,921,200,396,1,-1,-1,-1
284,81,1284,1041,304,276,1,-1,-1,-1
285,2,623,265,144,213,1,-1,-1,-1
285,5,412,414,172,168,1,-1,-1,-1
285,8,48,1064,228,376,1,-1,-1,-1
285,9,1070,322,129,166,1,-1,-1,-1
285,11,497,232,160,164,1,-1,-1,-1
285,15,1914,552,237,257,1,-1,-1,-1
285,21,585,289,1975,912,1,-1,-1,-1
285,31,1443,86,1070,715,1,-1,-1,-1
285,39,555,987,320,212,1,-1,-1,-1
285,42,638,336,120,164,1,-1,-1,-1
285,45,377,537,140,168,1,-1,-1,-1
285,47,103,927,210,366,1,-1,-1,-1
285,52,814,1223,183,124,1,-1,-1,-1
285,53,782,1181,300,248,1,-1,-1,-1
285,56,1793,483,200,160,1,-1,-1,-1
285,58,528,425,225,212,1,-1,-1,-1
285,67,1027,37,1533,500,1,-1,-1,-1
285,69,1896,308,664,529,1,-1,-1,-1
285,70,1982,538,107,242,1,-1,-1,-1
285,72,1539,283,152,208,1,-1,-1,-1
285,73,1063,1026,272,412,1,-1,-1,-1
285,74,1226,877,172,252,1,-1,-1,-1
285,75,1607,693,232,220,1,-1,-1,-1
285,76,846,307,208,124,1,-1,-1,-1
285,78,1536,436,122,229,1,-1,-1,-1
285,79,833,417,200,144,1,-1,-1,-1
285,80,1541,885,200,396,1,-1,-1,-1
285,81,1323,1017,304,276,1,-1,-1,-1
286,2,626,264,144,213,1,-1,-1,-1
286,5,413,415,164,160,1,-1,-1,-1
286,8,47,1060,228,380,1,-1,-1,-1
286,9,1070,320,129,166,1,-1,-1,-1
286,11,497,232,160,164,1,-1,-1,-1
286,15,1912,552,237,257,1,-1,-1,-1
286,21,588,286,1972,912,1,-1,-1,-1
286,31,1441,87,1070,715,1,-1,-1,-1
286,39,555,987,320,212,1,-1,-1,-1
286,42,641,335,120,164,1,-1,-1,-1
286,45,376,537,140,168,1,-1,-1,-1
286,47,101,930,210,366,1,-1,-1,-1
286,52,815,1224,183,124,1,-1,-1,-1
286,53,782,1182,300,248,1,-1,-1,-1
286,56,1793,483,200,160,1,-1,-1,-1
286,58,523,425,236,222,1,-1,-1,-1
286,67,1027,33,1533,500,1,-1,-1,-1
286,69,1894,312,666,529,1,-1,-1,-1
286,70,1981,535,107,242,1,-1,-1,-1
286,72,1539,284,152,208,1,-1,-1,-1
286,73,1063,1026,272,412,1,-1,-1,-1
286,74,1226,876,172,252,1,-1,-1,-1
286,75,1590,688,244,231,1,-1,-1,-1
286,76,847,308,208,124,1,-1,-1,-1
286,78,1532,437,122,229,1,-1,-1,-1
286,79,833,417,200,144,1,-1,-1,-1
286,80,1516,854,200,396,1,-1,-1,-1
286,81,1353,1007,290,263,1,-1,-1,-1
287,2,627,265,144,213,1,-1,-1,-1
287,5,412,414,164,160,1,-1,-1,-1
287,8,47,1061,228,379,1,-1,-1,-1
287,9,1070,320,129,166,1,-1,-1,-1
287,11,497,232,160,164,1,-1,-1,-1
287,15,1913,553,237,257,1,-1,-1,-1
287,21,587,289,1973,912,1,-1,-1,-1
287,31,1440,85,1070,715,1,-1,-1,-1
287,39,555,987,320,212,1,-1,-1,-1
287,42,642,335,120,164,1,-1,-1,-1
287,45,376,536,140,168,1,-1,-1,-1
287,47,100,930,210,366,1,-1,-1,-1
287,52,814,1224,183,124,1,-1,-1,-1
287,53,783,1182,300,248,1,-1,-1,-1
287,56,1793,483,200,160,1,-1,-1,-1
287,58,523,424,236,222,1,-1,-1,-1
287,67,1025,33,1535,500,1,-1,-1,-1
287,69,1894,315,666,529,1,-1,-1,-1
287,70,1983,536,107,242,1,-1,-1,-1
287,72,1539,285,152,208,1,-1,-1,-1
287,73,1065,1027,272,412,1,-1,-1,-1
287,74,1224,876,172,252,1,-1,-1,-1
287,75,1596,688,244,231,1,-1,-1,-1
287,76,847,309,208,124,1,-1,-1,-1
287,78,1530,437,122,229,1,-1,-1,-1
287,79,832,418,200,144,1,-1,-1,-1
287,80,1512,848,200,396,1,-1,-1,-1
287,81,1346,1005,290,263,1,-1,-1,-1
288,2,627,265,144,213,1,-1,-1,-1
288,5,408,412,164,160,1,-1,-1,-1
288,8,45,1059,228,380,1,-1,-1,-1
288,9,1069,318,129,166,1,-1,-1,-1
288,11,498,232,160,164,1,-1,-1,-1
288,15,1911,550,237,257,1,-1,-1,-1
288,21,578,289,1982,912,1,-1,-1,-1
288,31,1439,88,1070,715,1,-1,-1,-1
288,39,555,987,320,212,1,-1,-1,-1
288,42,644,335,120,164,1,-1,-1,-1
288,45,376,536,140,168,1,-1,-1,-1
288,47,100,929,210,366,1,-1,-1,-1
288,52,817,1225,183,124,1,-1,-1,-1
288,53,783,1182,300,248,1,-1,-1,-1
288,56,1794,483,200,160,1,-1,-1,-1
288,58,522,423,236,222,1,-1,-1,-1
288,67,1025,36,1535,500,1,-1,-1,-1
288,69,1897,320,663,529,1,-1,-1,-1
288,70,1983,536,107,242,1,-1,-1,-1
288,72,1538,285,152,208,1,-1,-1,-1
288,73,1060,1013,286,427,1,-1,-1,-1
288,74,1226,882,164,240,1,-1,-1,-1
288,75,1597,691,244,231,1,-1,-1,-1
288,76,847,308,208,124,1,-1,-1,-1
288,78,1530,438,122,229,1,-1,-1,-1
288,79,831,418,200,144,1,-1,-1,-1
288,80,1502,843,200,396,1,-1,-1,-1
288,81,1357,1000,290,263,1,-1,-1,-1
289,2,627,265,144,213,1,-1,-1,-1
289,5,408,412,164,160,1,-1,-1,-1
289,8,44,1056,220,376,1,-1,-1,-1
289,9,1069,318,129,166,1,-1,-1,-1
289,11,498,232,160,164,1,-1,-1,-1
289,15,1928,504,172,264,1,-1,-1,-1
289,21,578,289,1982,912,1,-1,-1,-1
289,31,1439,88,1070,715,1,-1,-1,-1
289,39,555,987,320,212,1,-1,-1,-1
289,42,644,332,120,176,1,-1,-1,-1
289,45,388,484,124,220,1,-1,-1,-1
289,47,100,929,210,366,1,-1,-1,-1
289,52,817,1225,183,124,1,-1,-1,-1
289,53,783,1182,300,248,1,-1,-1,-1
289,56,1794,483,200,160,1,-1,-1,-1
289,58,522,423,236,222,1,-1,-1,-1
289,67,1025,36,1535,500,1,-1,-1,-1
289,69,1897,320,663,529,1,-1,-1,-1
289,70,1983,536,107,242,1,-1,-1,-1
289,72,1536,280,192,204,1,-1,-1,-1
289,73,1060,1013,286,427,1,-1,-1,-1
289,74,1180,860,204,228,1,-1,-1,-1
289,75,1597,691,244,231,1,-1,-1,-1
289,76,847,308,208,124,1,-1,-1,-1
289,78,1530,438,122,229,1,-1,-1,-1
289,79,832,420,188,160,1,-1,-1,-1
289,80,1502,843,200,396,1,-1,-1,-1
289,81,1404,996,172,276,1,-1,-1,-1
289,82,1672,852,296,256,1,-1,-1,-1
289,83,1476,764,180,400,1,-1,-1,-1
289,84,1904,744,296,268,1,-1,-1,-1
289,85,2280,468,280,652,1,-1,-1,-1
289,86,1688,684,236,200,1,-1,-1,-1
290,2,628,265,144,213,1,-1,-1,-1
290,5,399,412,164,160,1,-1,-1,-1
290,8,43,1054,220,376,1,-1,-1,-1
290,9,1064,309,135,174,1,-1,-1,-1
290,11,498,232,160,164,1,-1,-1,-1
290,15,1928,504,172,264,1,-1,-1,-1
290,21,575,292,1985,912,1,-1,-1,-1
290,31,1437,85,1070,715,1,-1,-1,-1
290,39,555,987,320,212,1,-1,-1,-1
290,42,643,332,120,176,1,-1,-1,-1
290,45,390,484,124,220,1,-1,-1,-1
290,47,99,928,210,366,1,-1,-1,-1
290,52,819,1226,183,124,1,-1,-1,-1
290,53,785,1184,300,248,1,-1,-1,-1
290,56,1796,483,200,160,1,-1,-1,-1
290,58,527,423,236,222,1,-1,-1,-1
290,67,1025,37,1535,500,1,-1,-1,-1
290,69,1895,331,665,529,1,-1,-1,-1
290,70,1982,533,107,242,1,-1,-1,-1
290,72,1537,280,192,204,1,-1,-1,-1
290,73,1058,1013,286,427,1,-1,-1,-1
290,74,1180,856,204,228,1,-1,-1,-1
290,75,1622,695,244,231,1,-1,-1,-1
290,76,850,309,208,124,1,-1,-1,-1
290,78,1526,436,122,229,1,-1,-1,-1
290,79,831,419,188,160,1,-1,-1,-1
290,80,1508,969,200,396,1,-1,-1,-1
290,81,1404,996,172,276,1,-1,-1,-1
290,82,1670,851,296,256,1,-1,-1,-1
290,83,1474,757,180,400,1,-1,-1,-1
290,84,1904,743,296,268,1,-1,-1,-1
290,85,2226,471,280,652,1,-1,-1,-1
290,86,1687,683,236,200,1,-1,-1,-1
291,2,628,265,144,213,1,-1,-1,-1
291,5,395,411,164,160,1,-1,-1,-1
291,8,41,1055,220,376,1,-1,-1,-1
291,9,1062,306,135,174,1,-1,-1,-1
291,11,498,233,160,164,1,-1,-1,-1
291,15,1927,504,172,264,1,-1,-1,-1
291,21,583,283,1977,912,1,-1,-1,-1
291,31,1435,85,1070,715,1,-1,-1,-1
291,39,554,988,320,212,1,-1,-1,-1
291,42,644,333,120,176,1,-1,-1,-1
291,45,393,484,124,220,1,-1,-1,-1
291,47,100,928,210,366,1,-1,-1,-1
291,52,818,1228,183,124,1,-1,-1,-1
291,53,785,1184,300,248,1,-1,-1,-1
291,56,1797,484,200,160,1,-1,-1,-1
291,58,527,422,236,222,1,-1,-1,-1
291,67,1027,37,1533,500,1,-1,-1,-1
291,69,1891,332,669,529,1,-1,-1,-1
291,70,1983,533,107,242,1,-1,-1,-1
291,72,1538,282,192,204,1,-1,-1,-1
291,73,1059,1019,286,421,1,-1,-1,-1
291,74,1180,845,204,228,1,-1,-1,-1
291,75,1623,698,244,231,1,-1,-1,-1
291,76,852,309,208,124,1,-1,-1,-1
291,78,1526,436,122,229,1,-1,-1,-1
291,79,830,419,188,160,1,-1,-1,-1
291,80,1521,988,190,377,1,-1,-1,-1
291,81,1401,999,172,276,1,-1,-1,-1
291,82,1664,849,296,256,1,-1,-1,-1
291,83,1469,761,189,420,1,-1,-1,-1
291,84,1901,741,296,268,1,-1,-1,-1
291,85,2121,480,280,652,1,-1,-1,-1
291,86,1686,682,236,200,1,-1,-1,-1
292,2,627,268,144,213,1,-1,-1,-1
292,5,392,409,164,160,1,-1,-1,-1
292,8,39,1056,220,376,1,-1,-1,-1
292,9,1061,304,135,174,1,-1,-1,-1
292,11,497,232,160,164,1,-1,-1,-1
292,15,1927,504,172,264,1,-1,-1,-1
292,21,580,283,1980,912,1,-1,-1,-1
292,31,1433,84,1070,715,1,-1,-1,-1
292,39,555,987,320,212,1,-1,-1,-1
292,42,643,335,120,176,1,-1,-1,-1
292,45,397,483,124,220,1,-1,-1,-1
292,47,101,926,210,366,1,-1,-1,-1
292,52,819,1228,183,124,1,-1,-1,-1
292,53,786,1186,300,248,1,-1,-1,-1
292,56,1798,484,200,160,1,-1,-1,-1
292,58,528,424,236,222,1,-1,-1,-1
292,67,1031,35,1529,500,1,-1,-1,-1
292,69,1886,321,674,529,1,-1,-1,-1
292,70,1983,532,107,242,1,-1,-1,-1
292,72,1539,282,192,204,1,-1,-1,-1
292,73,1062,1016,286,424,1,-1,-1,-1
292,74,1173,825,214,239,1,-1,-1,-1
292,75,1620,697,256,243,1,-1,-1,-1
292,76,852,308,208,124,1,-1,-1,-1
292,78,1525,437,122,229,1,-1,-1,-1
292,79,829,419,188,160,1,-1,-1,-1
292,80,1527,999,181,359,1,-1,-1,-1
292,81,1397,988,181,290,1,-1,-1,-1
292,82,1659,844,296,256,1,-1,-1,-1
292,83,1465,756,189,420,1,-1,-1,-1
292,84,1898,734,296,268,1,-1,-1,-1
292,85,2025,476,280,652,1,-1,-1,-1
292,86,1685,680,236,200,1,-1,-1,-1
293,2,628,268,144,213,1,-1,-1,-1
293,5,391,410,164,160,1,-1,-1,-1
293,8,39,1055,220,376,1,-1,-1,-1
293,9,1062,303,135,174,1,-1,-1,-1
293,11,497,232,160,164,1,-1,-1,-1
293,15,1927,503,172,264,1,-1,-1,-1
293,21,584,284,1976,912,1,-1,-1,-1
293,31,1435,81,1070,715,1,-1,-1,-1
293,39,556,988,320,212,1,-1,-1,-1
293,42,643,336,120,176,1,-1,-1,-1
293,45,398,483,124,220,1,-1,-1,-1
293,47,102,926,210,366,1,-1,-1,-1
293,52,819,1229,183,124,1,-1,-1,-1
293,53,784,1186,300,248,1,-1,-1,-1
293,56,1797,484,200,160,1,-1,-1,-1
293,58,527,425,236,222,1,-1,-1,-1
293,67,1033,33,1527,500,1,-1,-1,-1
293,69,1889,314,671,529,1,-1,-1,-1
293,70,1983,530,107,242,1,-1,-1,-1
293,72,1539,282,192,204,1,-1,-1,-1
293,73,1060,1018,286,422,1,-1,-1,-1
293,74,1172,826,214,239,1,-1,-1,-1
293,75,1621,701,256,243,1,-1,-1,-1
293,76,852,308,208,124,1,-1,-1,-1
293,78,1524,437,122,229,1,-1,-1,-1
293,79,829,419,188,160,1,-1,-1,-1
293,80,1533,994,190,377,1,-1,-1,-1
293,81,1397,986,181,290,1,-1,-1,-1
293,82,1658,843,296,256,1,-1,-1,-1
293,83,1455,755,189,420,1,-1,-1,-1
293,84,1896,734,296,268,1,-1,-1,-1
293,85,2013,480,280,652,1,-1,-1,-1
293,86,1684,680,236,200,1,-1,-1,-1
294,2,625,272,144,213,1,-1,-1,-1
294,5,390,411,164,160,1,-1,-1,-1
294,8,38,1057,220,376,1,-1,-1,-1
294,9,1062,300,135,174,1,-1,-1,-1
294,11,497,233,160,164,1,-1,-1,-1
294,15,1925,501,172,264,1,-1,-1,-1
294,21,579,281,1981,912,1,-1,-1,-1
294,31,1433,78,1070,715,1,-1,-1,-1
294,39,556,990,320,212,1,-1,-1,-1
294,42,641,339,120,176,1,-1,-1,-1
294,45,400,482,124,220,1,-1,-1,-1
294,47,108,934,200,348,1,-1,-1,-1
294,52,818,1229,183,124,1,-1,-1,-1
294,53,784,1186,300,248,1,-1,-1,-1
294,56,1796,484,200,160,1,-1,-1,-1
294,58,527,426,236,222,1,-1,-1,-1
294,67,1029,31,1531,500,1,-1,-1,-1
294,69,1897,299,663,529,1,-1,-1,-1
294,70,1977,524,107,242,1,-1,-1,-1
294,72,1538,283,192,204,1,-1,-1,-1
294,73,1058,1017,286,423,1,-1,-1,-1
294,74,1168,821,214,239,1,-1,-1,-1
294,75,1623,699,256,243,1,-1,-1,-1
294,76,853,308,208,124,1,-1,-1,-1
294,78,1524,436,122,229,1,-1,-1,-1
294,79,829,420,188,160,1,-1,-1,-1
294,80,1506,991,200,396,1,-1,-1,-1
294,81,1397,983,181,290,1,-1,-1,-1
294,82,1660,830,296,256,1,-1,-1,-1
294,83,1462,755,189,420,1,-1,-1,-1
294,84,1911,725,296,268,1,-1,-1,-1
294,85,1917,465,280,652,1,-1,-1,-1
294,86,1686,679,236,200,1,-1,-1,-1
295,2,623,273,144,213,1,-1,-1,-1
295,5,390,411,164,160,1,-1,-1,-1
295,8,36,1059,220,376,1,-1,-1,-1
295,9,1061,298,135,174,1,-1,-1,-1
295,11,497,232,160,164,1,-1,-1,-1
295,15,1928,506,172,264,1,-1,-1,-1
295,21,582,284,1978,912,1,-1,-1,-1
295,31,1431,85,1070,715,1,-1,-1,-1
295,39,556,990,320,212,1,-1,-1,-1
295,42,640,343,120,176,1,-1,-1,-1
295,45,403,481,124,220,1,-1,-1,-1
295,47,109,935,200,348,1,-1,-1,-1
295,52,817,1228,183,124,1,-1,-1,-1
295,53,784,1186,300,248,1,-1,-1,-1
295,56,1796,484,200,160,1,-1,-1,-1
295,58,526,430,236,222,1,-1,-1,-1
295,67,1027,29,1533,500,1,-1,-1,-1
295,69,1901,304,659,529,1,-1,-1,-1
295,70,1994,524,113,254,1,-1,-1,-1
295,72,1538,283,192,204,1,-1,-1,-1
295,73,1059,1018,286,422,1,-1,-1,-1
295,74,1162,814,214,239,1,-1,-1,-1
295,75,1618,692,256,243,1,-1,-1,-1
295,76,854,308,208,124,1,-1,-1,-1
295,78,1524,437,122,229,1,-1,-1,-1
295,79,829,420,188,160,1,-1,-1,-1
295,81,1396,981,181,290,1,-1,-1,-1
295,82,1655,814,296,256,1,-1,-1,-1
295,83,1474,752,189,420,1,-1,-1,-1
295,84,1837,675,311,281,1,-1,-1,-1
295,85,1805,454,280,652,1,-1,-1,-1
295,86,1690,678,225,190,1,-1,-1,-1
296,2,621,275,144,213,1,-1,-1,-1
296,5,391,411,164,160,1,-1,-1,-1
296,8,33,1062,220,376,1,-1,-1,-1
296,9,1061,295,135,174,1,-1,-1,-1
296,11,497,233,160,164,1,-1,-1,-1
296,15,1901,506,181,277,1,-1,-1,-1
296,21,575,288,1985,912,1,-1,-1,-1
296,31,1435,97,1070,715,1,-1,-1,-1
296,39,556,990,320,212,1,-1,-1,-1
296,42,638,346,120,176,1,-1,-1,-1
296,45,406,480,124,220,1,-1,-1,-1
296,47,107,938,200,348,1,-1,-1,-1
296,52,816,1228,183,124,1,-1,-1,-1
296,53,785,1186,300,248,1,-1,-1,-1
296,56,1793,479,200,160,1,-1,-1,-1
296,58,525,431,236,222,1,-1,-1,-1
296,67,1067,35,1493,476,1,-1,-1,-1
296,69,1870,292,690,529,1,-1,-1,-1
296,70,1969,534,113,254,1,-1,-1,-1
296,72,1538,283,192,204,1,-1,-1,-1
296,73,1059,1018,286,422,1,-1,-1,-1
296,74,1156,806,214,239,1,-1,-1,-1
296,75,1656,688,256,243,1,-1,-1,-1
296,76,855,308,208,124,1,-1,-1,-1
296,78,1524,437,122,229,1,-1,-1,-1
296,79,829,420,188,160,1,-1,-1,-1
296,81,1395,981,181,290,1,-1,-1,-1
296,82,1674,803,296,256,1,-1,-1,-1
296,83,1476,747,189,420,1,-1,-1,-1
296,84,1913,741,311,281,1,-1,-1,-1
296,85,1790,389,280,652,1,-1,-1,-1
296,86,1712,703,236,200,1,-1,-1,-1
297,2,621,275,144,213,1,-1,-1,-1
297,5,391,411,164,160,1,-1,-1,-1
297,8,16,1072,236,360,1,-1,-1,-1
297,9,1061,295,135,174,1,-1,-1,-1
297,11,497,233,160,164,1,-1,-1,-1
297,15,1901,506,181,277,1,-1,-1,-1
297,21,575,288,1985,912,1,-1,-1,-1
297,31,1435,97,1070,715,1,-1,-1,-1
297,39,556,992,320,220,1,-1,-1,-1
297,42,636,344,116,220,1,-1,-1,-1
297,45,408,480,172,232,1,-1,-1,-1
297,47,107,938,200,348,1,-1,-1,-1
297,52,816,1228,183,124,1,-1,-1,-1
297,53,785,1186,300,248,1,-1,-1,-1
297,56,1793,479,200,160,1,-1,-1,-1
297,58,525,431,236,222,1,-1,-1,-1
297,67,1067,35,1493,476,1,-1,-1,-1
297,69,1870,292,690,529,1,-1,-1,-1
297,70,1969,534,113,254,1,-1,-1,-1
297,72,1536,284,196,212,1,-1,-1,-1
297,73,1059,1018,286,422,1,-1,-1,-1
297,74,1136,812,224,212,1,-1,-1,-1
297,75,1656,688,256,243,1,-1,-1,-1
297,76,855,308,208,124,1,-1,-1,-1
297,78,1524,437,122,229,1,-1,-1,-1
297,79,828,420,196,172,1,-1,-1,-1
297,81,1360,1032,180,248,1,-1,-1,-1
297,82,1674,803,296,256,1,-1,-1,-1
297,83,1476,747,189,420,1,-1,-1,-1
297,84,1948,748,264,268,1,-1,-1,-1
297,85,1790,389,280,652,1,-1,-1,-1
297,86,1712,703,236,200,1,-1,-1,-1
297,87,1264,520,200,324,1,-1,-1,-1
298,2,621,277,144,213,1,-1,-1,-1
298,5,396,413,164,160,1,-1,-1,-1
298,8,15,1074,236,360,1,-1,-1,-1
298,9,1069,290,135,174,1,-1,-1,-1
298,11,497,233,160,164,1,-1,-1,-1
298,15,1910,492,181,277,1,-1,-1,-1
298,21,558,289,2002,912,1,-1,-1,-1
298,31,1459,112,1070,715,1,-1,-1,-1
298,39,555,992,320,220,1,-1,-1,-1
298,42,636,345,116,220,1,-1,-1,-1
298,45,409,480,172,232,1,-1,-1,-1
298,47,103,942,200,348,1,-1,-1,-1
298,52,814,1229,183,124,1,-1,-1,-1
298,53,782,1185,300,248,1,-1,-1,-1
298,56,1792,479,200,160,1,-1,-1,-1
298,58,526,433,236,222,1,-1,-1,-1
298,67,1052,32,1508,476,1,-1,-1,-1
298,69,1889,305,671,529,1,-1,-1,-1
298,70,1968,514,113,254,1,-1,-1,-1
298,72,1535,284,196,212,1,-1,-1,-1
298,73,1058,1018,286,422,1,-1,-1,-1
298,74,1123,809,224,212,1,-1,-1,-1
298,75,1720,691,256,243,1,-1,-1,-1
298,76,854,308,208,124,1,-1,-1,-1
298,78,1514,436,122,229,1,-1,-1,-1
298,79,828,420,196,172,1,-1,-1,-1
298,81,1359,1030,180,248,1,-1,-1,-1
298,82,1652,749,296,256,1,-1,-1,-1
298,83,1468,689,198,441,1,-1,-1,-1
298,84,1955,747,264,268,1,-1,-1,-1
298,85,1807,404,280,652,1,-1,-1,-1
298,86,1738,654,236,200,1,-1,-1,-1
298,87,1257,513,200,324,1,-1,-1,-1
299,2,621,276,144,213,1,-1,-1,-1
299,5,396,414,164,160,1,-1,-1,-1
299,8,14,1075,236,360,1,-1,-1,-1
299,9,1069,289,135,174,1,-1,-1,-1
299,11,497,233,160,164,1,-1,-1,-1
299,15,1913,497,172,264,1,-1,-1,-1
299,21,572,285,1988,912,1,-1,-1,-1
299,31,1466,122,1070,715,1,-1,-1,-1
299,39,556,992,320,220,1,-1,-1,-1
299,42,636,345,116,220,1,-1,-1,-1
299,45,409,481,172,232,1,-1,-1,-1
299,47,96,934,210,366,1,-1,-1,-1
299,52,814,1230,183,124,1,-1,-1,-1
299,53,782,1186,300,248,1,-1,-1,-1
299,56,1792,478,200,160,1,-1,-1,-1
299,58,525,435,236,222,1,-1,-1,-1
299,67,1045,33,1515,476,1,-1,-1,-1
299,69,1894,318,666,529,1,-1,-1,-1
299,70,1965,515,113,254,1,-1,-1,-1
299,72,1535,284,196,212,1,-1,-1,-1
299,73,1058,1018,286,422,1,-1,-1,-1
299,74,1119,809,224,212,1,-1,-1,-1
299,75,1729,696,244,231,1,-1,-1,-1
299,76,854,309,208,124,1,-1,-1,-1
299,78,1514,438,122,229,1,-1,-1,-1
299,79,829,420,196,172,1,-1,-1,-1
299,81,1359,1028,180,248,1,-1,-1,-1
299,82,1653,741,296,256,1,-1,-1,-1
299,83,1462,690,189,420,1,-1,-1,-1
299,84,1957,747,264,268,1,-1,-1,-1
299,85,1816,395,280,652,1,-1,-1,-1
299,86,1732,652,236,200,1,-1,-1,-1
299,87,1252,510,200,324,1,-1,-1,-1
300,2,622,278,144,213,1,-1,-1,-1
300,5,396,414,164,160,1,-1,-1,-1
300,8,11,1077,236,360,1,-1,-1,-1
300,9,1071,282,135,174,1,-1,-1,-1
300,11,498,232,160,164,1,-1,-1,-1
300,15,1911,495,172,264,1,-1,-1,-1
300,21,576,294,1984,912,1,-1,-1,-1
300,31,1431,96,1124,750,1,-1,-1,-1
300,39,553,992,320,220,1,-1,-1,-1
300,42,637,346,116,220,1,-1,-1,-1
300,45,409,482,172,232,1,-1,-1,-1
300,47,93,937,210,366,1,-1,-1,-1
300,52,813,1231,183,124,1,-1,-1,-1
300,53,780,1186,300,248,1,-1,-1,-1
300,56,1792,487,200,160,1,-1,-1,-1
300,58,519,431,248,233,1,-1,-1,-1
300,67,1075,30,1485,476,1,-1,-1,-1
300,69,1914,336,646,504,1,-1,-1,-1
300,70,1963,518,113,254,1,-1,-1,-1
300,72,1535,277,196,212,1,-1,-1,-1
300,73,1057,1018,286,422,1,-1,-1,-1
300,74,1097,796,224,212,1,-1,-1,-1
300,75,1717,682,232,220,1,-1,-1,-1
300,76,854,309,208,124,1,-1,-1,-1
300,78,1528,401,128,240,1,-1,-1,-1
300,79,829,420,196,172,1,-1,-1,-1
300,81,1360,1028,180,248,1,-1,-1,-1
300,82,1652,762,296,256,1,-1,-1,-1
300,83,1435,596,198,441,1,-1,-1,-1
300,84,1975,749,264,268,1,-1,-1,-1
300,85,1828,386,280,652,1,-1,-1,-1
300,86,1721,652,225,190,1,-1,-1,-1
300,87,1210,483,200,324,1,-1,-1,-1
301,2,621,279,144,213,1,-1,-1,-1
301,5,396,415,164,160,1,-1,-1,-1
301,8,10,1079,236,360,1,-1,-1,-1
301,9,1077,280,129,166,1,-1,-1,-1
301,11,497,233,160,164,1,-1,-1,-1
301,15,1912,494,172,264,1,-1,-1,-1
301,21,591,301,1969,912,1,-1,-1,-1
301,31,1424,87,1124,750,1,-1,-1,-1
301,39,551,991,320,220,1,-1,-1,-1
301,42,637,347,116,220,1,-1,-1,-1
301,45,410,482,172,232,1,-1,-1,-1
301,47,90,937,210,366,1,-1,-1,-1
301,52,811,1232,183,124,1,-1,-1,-1
301,53,779,1186,300,248,1,-1,-1,-1
301,56,1790,484,200,160,1,-1,-1,-1
301,58,519,431,248,233,1,-1,-1,-1
301,67,1156,51,1404,476,1,-1,-1,-1
301,69,1926,331,634,504,1,-1,-1,-1
301,70,1958,521,113,254,1,-1,-1,-1
301,72,1536,277,196,212,1,-1,-1,-1
301,73,1056,1023,286,417,1,-1,-1,-1
301,74,1082,787,224,212,1,-1,-1,-1
301,75,1722,672,232,220,1,-1,-1,-1
301,76,853,310,208,124,1,-1,-1,-1
301,78,1529,421,128,240,1,-1,-1,-1
301,79,829,420,196,172,1,-1,-1,-1
301,81,1362,1022,180,248,1,-1,-1,-1
301,82,1703,783,282,244,1,-1,-1,-1
301,83,1442,675,208,463,1,-1,-1,-1
301,84,1988,754,264,268,1,-1,-1,-1
301,85,1834,418,267,621,1,-1,-1,-1
301,86,1728,657,214,181,1,-1,-1,-1
301,87,1211,466,210,340,1,-1,-1,-1
302,2,621,278,144,213,1,-1,-1,-1
302,5,396,414,164,160,1,-1,-1,-1
302,8,8,1081,236,359,1,-1,-1,-1
302,9,1080,277,129,166,1,-1,-1,-1
302,11,497,234,160,164,1,-1,-1,-1
302,15,1911,494,172,264,1,-1,-1,-1
302,21,575,309,1985,912,1,-1,-1,-1
302,31,1395,86,1124,750,1,-1,-1,-1
302,39,549,988,320,220,1,-1,-1,-1
302,42,639,348,116,220,1,-1,-1,-1
302,45,411,482,172,232,1,-1,-1,-1
302,47,88,939,210,366,1,-1,-1,-1
302,52,809,1235,183,124,1,-1,-1,-1
302,53,778,1189,300,248,1,-1,-1,-1
302,56,1792,482,200,160,1,-1,-1,-1
302,58,520,432,248,233,1,-1,-1,-1
302,67,1125,62,1435,476,1,-1,-1,-1
302,69,1920,328,640,504,1,-1,-1,-1
302,70,1956,520,113,254,1,-1,-1,-1
302,72,1527,278,206,223,1,-1,-1,-1
302,73,1056,1022,286,418,1,-1,-1,-1
302,74,1064,777,224,212,1,-1,-1,-1
302,75,1769,689,232,220,1,-1,-1,-1
302,76,853,309,208,124,1,-1,-1,-1
302,78,1531,440,122,229,1,-1,-1,-1
302,79,830,420,196,172,1,-1,-1,-1
302,81,1366,1016,180,248,1,-1,-1,-1
302,82,1702,782,282,244,1,-1,-1,-1
302,83,1456,721,198,441,1,-1,-1,-1
302,84,2010,753,277,281,1,-1,-1,-1
302,86,1717,652,204,173,1,-1,-1,-1
302,87,1165,427,220,357,1,-1,-1,-1
303,2,621,277,144,213,1,-1,-1,-1
303,5,395,414,164,160,1,-1,-1,-1
303,8,6,1084,236,356,1,-1,-1,-1
303,9,1084,275,129,166,1,-1,-1,-1
303,11,497,233,160,164,1,-1,-1,-1
303,15,1910,493,172,264,1,-1,-1,-1
303,21,565,322,1995,912,1,-1,-1,-1
303,31,1364,88,1124,750,1,-1,-1,-1
303,39,545,983,320,220,1,-1,-1,-1
303,42,640,347,116,220,1,-1,-1,-1
303,45,412,483,172,232,1,-1,-1,-1
303,47,83,942,210,366,1,-1,-1,-1
303,52,806,1242,183,124,1,-1,-1,-1
303,53,764,1186,315,254,1,-1,-1,-1
303,56,1793,481,200,160,1,-1,-1,-1
303,58,521,432,248,233,1,-1,-1,-1
303,67,1061,66,1499,476,1,-1,-1,-1
303,69,1923,332,637,504,1,-1,-1,-1
303,70,1955,520,113,254,1,-1,-1,-1
303,72,1547,414,206,223,1,-1,-1,-1
303,73,1056,1020,286,420,1,-1,-1,-1
303,74,1053,771,224,212,1,-1,-1,-1
303,75,1765,678,232,220,1,-1,-1,-1
303,76,853,309,208,124,1,-1,-1,-1
303,78,1527,436,122,229,1,-1,-1,-1
303,79,832,419,196,172,1,-1,-1,-1
303,81,1369,1012,180,248,1,-1,-1,-1
303,83,1465,716,198,441,1,-1,-1,-1
303,84,2030,750,277,281,1,-1,-1,-1
303,86,1762,656,204,173,1,-1,-1,-1
303,87,1092,353,220,357,1,-1,-1,-1
304,2,622,277,144,213,1,-1,-1,-1
304,5,396,413,164,160,1,-1,-1,-1
304,8,4,1083,236,357,1,-1,-1,-1
304,9,1107,274,129,166,1,-1,-1,-1
304,11,497,233,160,164,1,-1,-1,-1
304,15,1912,497,164,251,1,-1,-1,-1
304,21,559,314,2001,912,1,-1,-1,-1
304,31,1330,94,1124,750,1,-1,-1,-1
304,39,540,981,320,220,1,-1,-1,-1
304,42,640,347,116,220,1,-1,-1,-1
304,45,412,483,172,232,1,-1,-1,-1
304,47,78,946,210,366,1,-1,-1,-1
304,52,791,1257,183,124,1,-1,-1,-1
304,53,759,1191,315,249,1,-1,-1,-1
304,56,1793,481,200,160,1,-1,-1,-1
304,58,521,431,248,233,1,-1,-1,-1
304,67,1014,72,1546,476,1,-1,-1,-1
304,69,1926,334,634,504,1,-1,-1,-1
304,70,1953,518,113,254,1,-1,-1,-1
304,72,1547,413,216,234,1,-1,-1,-1
304,73,1056,1021,286,419,1,-1,-1,-1
304,74,1043,755,224,212,1,-1,-1,-1
304,75,1776,669,244,231,1,-1,-1,-1
304,76,853,309,208,124,1,-1,-1,-1
304,78,1527,438,116,218,1,-1,-1,-1
304,79,835,417,196,172,1,-1,-1,-1
304,81,1370,1003,180,248,1,-1,-1,-1
304,84,2058,741,277,281,1,-1,-1,-1
304,86,1799,653,204,173,1,-1,-1,-1
304,87,1087,394,220,357,1,-1,-1,-1
305,2,622,277,144,213,1,-1,-1,-1
305,5,344,404,212,220,1,-1,-1,-1
305,8,8,1080,232,352,1,-1,-1,-1
305,9,1107,274,129,166,1,-1,-1,-1
305,11,497,233,160,164,1,-1,-1,-1
305,15,1916,492,156,236,1,-1,-1,-1
305,21,559,314,2001,912,1,-1,-1,-1
305,31,1330,94,1124,750,1,-1,-1,-1
305,39,536,960,300,260,1,-1,-1,-1
305,42,636,348,132,208,1,-1,-1,-1
305,45,420,488,136,220,1,-1,-1,-1
305,47,78,946,210,366,1,-1,-1,-1
305,52,791,1257,183,124,1,-1,-1,-1
305,53,759,1191,315,249,1,-1,-1,-1
305,56,1804,480,168,184,1,-1,-1,-1
305,58,521,431,248,233,1,-1,-1,-1
305,67,1014,72,1546,476,1,-1,-1,-1
305,69,1926,334,634,504,1,-1,-1,-1
305,70,1953,518,113,254,1,-1,-1,-1
305,72,1547,413,216,234,1,-1,-1,-1
305,73,1056,1021,286,419,1,-1,-1,-1
305,74,1068,736,200,252,1,-1,-1,-1
305,75,1780,664,276,244,1,-1,-1,-1
305,76,853,309,208,124,1,-1,-1,-1
305,78,1527,438,116,218,1,-1,-1,-1
305,79,840,416,120,176,1,-1,-1,-1
305,81,1364,1008,192,264,1,-1,-1,-1
305,84,2052,728,284,264,1,-1,-1,-1
305,86,1799,653,204,173,1,-1,-1,-1
305,87,1087,394,220,357,1,-1,-1,-1
305,88,1488,460,220,192,1,-1,-1,-1
305,89,1576,668,252,316,1,-1,-1,-1
305,90,1148,520,132,180,1,-1,-1,-1
306,2,623,277,144,213,1,-1,-1,-1
306,5,345,404,212,220,1,-1,-1,-1
306,8,6,1080,232,352,1,-1,-1,-1
306,9,1098,255,135,174,1,-1,-1,-1
306,11,498,232,160,164,1,-1,-1,-1
306,15,1917,491,156,236,1,-1,-1,-1
306,21,557,311,2003,912,1,-1,-1,-1
306,31,1254,83,1180,788,1,-1,-1,-1
306,39,532,958,300,260,1,-1,-1,-1
306,42,636,348,132,208,1,-1,-1,-1
306,45,422,488,136,220,1,-1,-1,-1
306,47,71,950,210,366,1,-1,-1,-1
306,52,793,1264,183,124,1,-1,-1,-1
306,53,754,1189,331,251,1,-1,-1,-1
306,56,1804,479,168,184,1,-1,-1,-1
306,58,522,431,248,233,1,-1,-1,-1
306,67,977,85,1552,476,1,-1,-1,-1
306,69,1928,331,632,504,1,-1,-1,-1
306,70,1953,521,113,254,1,-1,-1,-1
306,72,1549,414,216,234,1,-1,-1,-1
306,73,1057,1018,286,422,1,-1,-1,-1
306,74,1062,720,200,252,1,-1,-1,-1
306,75,1782,662,276,244,1,-1,-1,-1
306,76,852,310,208,124,1,-1,-1,-1
306,78,1529,437,116,218,1,-1,-1,-1
306,79,852,405,126,185,1,-1,-1,-1
306,81,1364,1003,192,264,1,-1,-1,-1
306,84,2061,719,284,264,1,-1,-1,-1
306,86,1812,658,204,173,1,-1,-1,-1
306,87,1065,375,220,357,1,-1,-1,-1
306,88,1490,459,220,192,1,-1,-1,-1
306,89,1556,659,252,316,1,-1,-1,-1
306,90,1132,502,132,180,1,-1,-1,-1
307,2,623,277,144,213,1,-1,-1,-1
307,5,347,405,212,220,1,-1,-1,-1
307,8,0,1083,230,352,1,-1,-1,-1
307,9,1076,233,142,183,1,-1,-1,-1
307,11,497,233,160,164,1,-1,-1,-1
307,15,1917,491,156,236,1,-1,-1,-1
307,21,553,305,2007,912,1,-1,-1,-1
307,31,1247,79,1180,788,1,-1,-1,-1
307,39,528,955,300,260,1,-1,-1,-1
307,42,636,348,132,208,1,-1,-1,-1
307,45,423,490,136,220,1,-1,-1,-1
307,47,62,952,210,366,1,-1,-1,-1
307,52,801,1288,183,124,1,-1,-1,-1
307,53,775,1176,331,264,1,-1,-1,-1
307,56,1804,479,168,184,1,-1,-1,-1
307,58,520,433,248,233,1,-1,-1,-1
307,67,959,90,1552,476,1,-1,-1,-1
307,69,1927,328,633,504,1,-1,-1,-1
307,70,1954,522,107,242,1,-1,-1,-1
307,72,1553,414,216,234,1,-1,-1,-1
307,73,1063,1022,286,418,1,-1,-1,-1
307,74,1055,700,200,252,1,-1,-1,-1
307,75,1788,665,276,244,1,-1,-1,-1
307,76,850,301,208,124,1,-1,-1,-1
307,78,1532,435,116,218,1,-1,-1,-1
307,79,847,407,126,185,1,-1,-1,-1
307,81,1365,998,192,264,1,-1,-1,-1
307,84,2082,714,284,264,1,-1,-1,-1
307,87,1059,365,220,357,1,-1,-1,-1
307,88,1492,458,220,192,1,-1,-1,-1
307,89,1533,648,252,316,1,-1,-1,-1
307,90,1116,485,132,180,1,-1,-1,-1
308,2,623,277,144,213,1,-1,-1,-1
308,5,348,405,212,220,1,-1,-1,-1
308,8,0,1083,223,352,1,-1,-1,-1
308,9,1062,227,142,183,1,-1,-1,-1
308,11,497,233,160,164,1,-1,-1,-1
308,15,1918,491,156,236,1,-1,-1,-1
308,21,544,305,2016,912,1,-1,-1,-1
308,31,1251,74,1180,788,1,-1,-1,-1
308,39,525,954,300,260,1,-1,-1,-1
308,42,636,349,132,208,1,-1,-1,-1
308,45,422,490,136,220,1,-1,-1,-1
308,47,54,957,210,366,1,-1,-1,-1
308,52,801,1303,183,124,1,-1,-1,-1
308,53,793,1171,331,269,1,-1,-1,-1
308,56,1804,479,168,184,1,-1,-1,-1
308,58,525,434,248,233,1,-1,-1,-1
308,67,958,93,1552,476,1,-1,-1,-1
308,69,1927,325,633,504,1,-1,-1,-1
308,70,1954,524,107,242,1,-1,-1,-1
308,73,1074,1031,272,409,1,-1,-1,-1
308,74,1047,684,200,252,1,-1,-1,-1
308,75,1790,670,276,244,1,-1,-1,-1
308,76,852,302,208,124,1,-1,-1,-1
308,78,1532,434,116,218,1,-1,-1,-1
308,79,844,401,132,194,1,-1,-1,-1
308,81,1364,995,192,264,1,-1,-1,-1
308,84,2099,712,284,264,1,-1,-1,-1
308,88,1497,461,210,183,1,-1,-1,-1
308,89,1499,629,265,332,1,-1,-1,-1
308,90,1098,469,132,180,1,-1,-1,-1
309,2,623,278,144,213,1,-1,-1,-1
309,5,348,404,212,220,1,-1,-1,-1
309,8,0,1083,213,352,1,-1,-1,-1
309,9,1063,223,142,183,1,-1,-1,-1
309,11,498,233,160,164,1,-1,-1,-1
309,15,1918,491,156,236,1,-1,-1,-1
309,21,547,303,2013,912,1,-1,-1,-1
309,31,1233,81,1180,788,1,-1,-1,-1
309,39,523,953,300,260,1,-1,-1,-1
309,42,636,349,132,208,1,-1,-1,-1
309,45,422,489,136,220,1,-1,-1,-1
309,47,48,961,210,366,1,-1,-1,-1
309,52,803,1309,183,124,1,-1,-1,-1
309,53,799,1174,331,266,1,-1,-1,-1
309,56,1804,480,168,184,1,-1,-1,-1
309,58,523,433,248,233,1,-1,-1,-1
309,67,908,84,1630,500,1,-1,-1,-1
309,69,1930,329,630,504,1,-1,-1,-1
309,70,1954,523,107,242,1,-1,-1,-1
309,73,1067,1036,272,404,1,-1,-1,-1
309,74,1038,671,200,252,1,-1,-1,-1
309,75,1792,674,276,244,1,-1,-1,-1
309,76,852,295,218,130,1,-1,-1,-1
309,78,1531,436,116,218,1,-1,-1,-1
309,79,838,397,139,204,1,-1,-1,-1
309,81,1364,994,192,264,1,-1,-1,-1
309,84,2112,713,284,264,1,-1,-1,-1
309,88,1498,461,210,183,1,-1,-1,-1
309,89,1468,608,265,332,1,-1,-1,-1
309,90,1091,462,132,180,1,-1,-1,-1
310,2,623,278,144,213,1,-1,-1,-1
310,5,348,404,212,220,1,-1,-1,-1
310,8,0,1087,202,352,1,-1,-1,-1
310,11,497,233,160,164,1,-1,-1,-1
310,15,1918,491,156,236,1,-1,-1,-1
310,21,546,306,2014,912,1,-1,-1,-1
310,31,1197,66,1239,827,1,-1,-1,-1
310,39,519,949,300,260,1,-1,-1,-1
310,42,636,348,132,208,1,-1,-1,-1
310,45,423,488,136,220,1,-1,-1,-1
310,47,40,965,210,366,1,-1,-1,-1
310,52,802,1310,183,124,1,-1,-1,-1
310,53,784,1171,331,269,1,-1,-1,-1
310,56,1802,478,168,184,1,-1,-1,-1
310,58,522,433,248,233,1,-1,-1,-1
310,67,923,90,1630,500,1,-1,-1,-1
310,69,1931,332,629,504,1,-1,-1,-1
310,70,1955,524,107,242,1,-1,-1,-1
310,73,1063,1037,272,403,1,-1,-1,-1
310,74,1021,661,200,252,1,-1,-1,-1
310,75,1786,673,290,256,1,-1,-1,-1
310,76,853,298,208,124,1,-1,-1,-1
310,78,1530,436,116,218,1,-1,-1,-1
310,79,837,405,139,204,1,-1,-1,-1
310,81,1363,996,192,264,1,-1,-1,-1
310,84,2122,716,284,264,1,-1,-1,-1
310,88,1497,462,210,183,1,-1,-1,-1
310,89,1465,605,265,332,1,-1,-1,-1
310,90,1090,463,132,180,1,-1,-1,-1
311,2,623,278,144,213,1,-1,-1,-1
311,5,349,404,212,220,1,-1,-1,-1
311,8,0,1097,194,335,1,-1,-1,-1
311,11,497,233,160,164,1,-1,-1,-1
311,15,1918,491,156,236,1,-1,-1,-1
311,21,550,311,2010,912,1,-1,-1,-1
311,31,1202,70,1239,827,1,-1,-1,-1
311,39,518,949,300,260,1,-1,-1,-1
311,42,636,347,132,208,1,-1,-1,-1
311,45,424,488,136,220,1,-1,-1,-1
311,47,37,967,210,366,1,-1,-1,-1
311,52,802,1311,183,124,1,-1,-1,-1
311,53,792,1176,331,264,1,-1,-1,-1
311,56,1801,477,168,184,1,-1,-1,-1
311,58,522,433,248,233,1,-1,-1,-1
311,67,927,93,1630,500,1,-1,-1,-1
311,69,1931,333,629,504,1,-1,-1,-1
311,70,1955,524,107,242,1,-1,-1,-1
311,73,1061,1036,272,404,1,-1,-1,-1
311,74,1023,658,200,252,1,-1,-1,-1
311,75,1790,674,290,256,1,-1,-1,-1
311,76,850,298,208,124,1,-1,-1,-1
311,78,1530,436,116,218,1,-1,-1,-1
311,79,836,406,139,204,1,-1,-1,-1
311,81,1363,995,192,264,1,-1,-1,-1
311,84,2139,719,284,264,1,-1,-1,-1
311,88,1496,462,210,183,1,-1,-1,-1
311,89,1463,602,265,332,1,-1,-1,-1
311,90,1093,467,126,171,1,-1,-1,-1
312,2,624,278,144,213,1,-1,-1,-1
312,5,351,403,212,220,1,-1,-1,-1
312,8,0,1100,183,335,1,-1,-1,-1
312,11,497,234,160,164,1,-1,-1,-1
312,15,1918,492,156,236,1,-1,-1,-1
312,21,555,324,2005,912,1,-1,-1,-1
312,31,1211,75,1239,827,1,-1,-1,-1
312,39,515,946,300,260,1,-1,-1,-1
312,42,636,346,132,208,1,-1,-1,-1
312,45,426,488,136,220,1,-1,-1,-1
312,47,29,971,210,366,1,-1,-1,-1
312,52,797,1305,183,124,1,-1,-1,-1
312,53,796,1181,315,259,1,-1,-1,-1
312,56,1794,466,176,193,1,-1,-1,-1
312,58,521,432,248,233,1,-1,-1,-1
312,67,885,77,1675,525,1,-1,-1,-1
312,69,1937,336,623,504,1,-1,-1,-1
312,70,1955,523,107,242,1,-1,-1,-1
312,73,1061,1034,272,406,1,-1,-1,-1
312,74,1014,651,200,252,1,-1,-1,-1
312,75,1802,684,276,244,1,-1,-1,-1
312,76,854,303,208,124,1,-1,-1,-1
312,78,1529,437,116,218,1,-1,-1,-1
312,79,824,402,146,214,1,-1,-1,-1
312,81,1361,996,192,264,1,-1,-1,-1
312,84,2148,719,284,264,1,-1,-1,-1
312,88,1496,463,210,183,1,-1,-1,-1
312,89,1460,604,265,332,1,-1,-1,-1
312,90,1085,478,126,171,1,-1,-1,-1
313,2,624,278,144,213,1,-1,-1,-1
313,5,348,408,208,216,1,-1,-1,-1
313,8,0,1104,228,304,1,-1,-1,-1
313,11,497,234,160,164,1,-1,-1,-1
313,15,1912,516,152,216,1,-1,-1,-1
313,21,555,324,2005,912,1,-1,-1,-1
313,31,1211,75,1239,827,1,-1,-1,-1
313,39,496,928,296,248,1,-1,-1,-1
313,42,644,344,116,180,1,-1,-1,-1
313,45,428,488,152,216,1,-1,-1,-1
313,47,29,971,210,366,1,-1,-1,-1
313,52,797,1305,183,124,1,-1,-1,-1
313,53,808,1228,212,212,1,-1,-1,-1
313,56,1792,496,196,160,1,-1,-1,-1
313,58,521,432,248,233,1,-1,-1,-1
313,67,920,56,1640,536,1,-1,-1,-1
313,69,1937,336,623,504,1,-1,-1,-1
313,70,1955,523,107,242,1,-1,-1,-1
313,73,1061,1034,272,406,1,-1,-1,-1
313,74,992,628,196,196,1,-1,-1,-1
313,75,1888,696,204,248,1,-1,-1,-1
313,76,854,303,208,124,1,-1,-1,-1
313,78,1529,437,116,218,1,-1,-1,-1
313,79,820,364,140,212,1,-1,-1,-1
313,81,1376,980,168,260,1,-1,-1,-1
313,84,2144,724,284,252,1,-1,-1,-1
313,88,1492,480,220,172,1,-1,-1,-1
313,89,1456,628,248,356,1,-1,-1,-1
313,90,1085,478,126,171,1,-1,-1,-1
313,91,2068,1216,172,220,1,-1,-1,-1
313,92,1068,1284,188,156,1,-1,-1,-1
314,2,624,277,144,213,1,-1,-1,-1
314,5,348,406,208,216,1,-1,-1,-1
314,8,0,1106,225,304,1,-1,-1,-1
314,11,497,233,160,164,1,-1,-1,-1
314,15,1912,518,152,216,1,-1,-1,-1
314,21,560,326,2000,912,1,-1,-1,-1
314,31,1300,89,1239,827,1,-1,-1,-1
314,39,494,932,296,248,1,-1,-1,-1
314,42,643,343,116,180,1,-1,-1,-1
314,45,428,486,152,216,1,-1,-1,-1
314,47,17,982,210,366,1,-1,-1,-1
314,52,780,1300,183,124,1,-1,-1,-1
314,53,801,1227,212,212,1,-1,-1,-1
314,56,1791,498,196,160,1,-1,-1,-1
314,58,521,430,248,233,1,-1,-1,-1
314,67,958,58,1602,536,1,-1,-1,-1
314,69,1939,341,621,504,1,-1,-1,-1
314,70,1957,524,107,242,1,-1,-1,-1
314,73,1059,1034,272,406,1,-1,-1,-1
314,74,995,627,196,196,1,-1,-1,-1
314,75,1889,696,204,248,1,-1,-1,-1
314,76,866,306,208,124,1,-1,-1,-1
314,78,1531,439,116,218,1,-1,-1,-1
314,79,818,364,140,212,1,-1,-1,-1
314,81,1377,979,168,260,1,-1,-1,-1
314,84,2145,724,284,252,1,-1,-1,-1
314,88,1492,481,220,172,1,-1,-1,-1
314,89,1455,628,248,356,1,-1,-1,-1
314,90,1060,479,132,180,1,-1,-1,-1
314,91,2078,1201,172,220,1,-1,-1,-1
314,92,1068,1285,188,155,1,-1,-1,-1
315,2,624,277,144,213,1,-1,-1,-1
315,5,349,405,208,216,1,-1,-1,-1
315,8,0,1111,219,304,1,-1,-1,-1
315,11,497,233,160,164,1,-1,-1,-1
315,15,1912,520,152,216,1,-1,-1,-1
315,21,584,325,1976,912,1,-1,-1,-1
315,31,1322,97,1238,827,1,-1,-1,-1
315,39,492,940,296,248,1,-1,-1,-1
315,42,643,342,116,180,1,-1,-1,-1
315,45,430,485,152,216,1,-1,-1,-1
315,47,10,986,210,366,1,-1,-1,-1
315,52,762,1302,183,124,1,-1,-1,-1
315,53,783,1229,212,211,1,-1,-1,-1
315,56,1794,505,187,152,1,-1,-1,-1
315,58,520,430,248,233,1,-1,-1,-1
315,67,1046,70,1514,536,1,-1,-1,-1
315,69,1944,342,616,504,1,-1,-1,-1
315,70,1957,522,107,242,1,-1,-1,-1
315,73,1064,1046,259,392,1,-1,-1,-1
315,74,1003,629,196,196,1,-1,-1,-1
315,75,1892,697,204,248,1,-1,-1,-1
315,76,868,304,208,124,1,-1,-1,-1
315,78,1531,435,116,218,1,-1,-1,-1
315,79,816,364,140,212,1,-1,-1,-1
315,81,1376,978,168,260,1,-1,-1,-1
315,84,2144,722,284,252,1,-1,-1,-1
315,88,1492,481,220,172,1,-1,-1,-1
315,89,1455,626,248,356,1,-1,-1,-1
315,90,1023,426,132,180,1,-1,-1,-1
315,91,2092,1186,172,220,1,-1,-1,-1
315,92,1066,1287,188,153,1,-1,-1,-1
316,2,623,276,144,213,1,-1,-1,-1
316,5,349,405,208,216,1,-1,-1,-1
316,8,0,1111,215,304,1,-1,-1,-1
316,11,498,233,160,164,1,-1,-1,-1
316,15,1915,520,152,216,1,-1,-1,-1
316,21,520,311,2040,958,1,-1,-1,-1
316,31,1342,98,1218,827,1,-1,-1,-1
316,39,483,944,296,248,1,-1,-1,-1
316,42,642,342,116,180,1,-1,-1,-1
316,45,430,485,152,216,1,-1,-1,-1
316,47,1,988,210,366,1,-1,-1,-1
316,52,739,1304,183,124,1,-1,-1,-1
316,53,762,1231,212,209,1,-1,-1,-1
316,56,1795,508,187,152,1,-1,-1,-1
316,58,518,430,248,233,1,-1,-1,-1
316,67,1232,85,1328,510,1,-1,-1,-1
316,69,1953,344,607,504,1,-1,-1,-1
316,70,1957,515,107,242,1,-1,-1,-1
316,73,1069,1058,247,374,1,-1,-1,-1
316,74,1005,626,206,206,1,-1,-1,-1
316,75,1895,694,204,248,1,-1,-1,-1
316,76,870,302,208,124,1,-1,-1,-1
316,78,1531,430,122,229,1,-1,-1,-1
316,79,814,366,140,212,1,-1,-1,-1
316,81,1374,979,168,260,1,-1,-1,-1
316,84,2144,719,284,252,1,-1,-1,-1
316,88,1494,484,220,172,1,-1,-1,-1
316,89,1453,616,248,356,1,-1,-1,-1
316,90,1025,414,139,189,1,-1,-1,-1
316,91,2091,1179,181,231,1,-1,-1,-1
316,92,1058,1290,188,150,1,-1,-1,-1
317,2,623,277,144,213,1,-1,-1,-1
317,5,349,405,208,216,1,-1,-1,-1
317,8,0,1112,213,304,1,-1,-1,-1
317,11,498,233,160,164,1,-1,-1,-1
317,15,1915,518,152,216,1,-1,-1,-1
317,21,536,318,2024,958,1,-1,-1,-1
317,31,1354,102,1206,827,1,-1,-1,-1
317,39,482,944,296,248,1,-1,-1,-1
317,42,642,342,116,180,1,-1,-1,-1
317,45,427,479,160,227,1,-1,-1,-1
317,47,0,988,209,366,1,-1,-1,-1
317,52,736,1304,183,124,1,-1,-1,-1
317,53,759,1230,212,210,1,-1,-1,-1
317,56,1794,509,187,152,1,-1,-1,-1
317,58,519,431,248,233,1,-1,-1,-1
317,67,1230,89,1330,510,1,-1,-1,-1
317,69,1955,344,605,504,1,-1,-1,-1
317,70,1957,512,107,242,1,-1,-1,-1
317,73,1069,1055,247,374,1,-1,-1,-1
317,74,1006,624,206,206,1,-1,-1,-1
317,75,1895,696,204,248,1,-1,-1,-1
317,76,871,302,208,124,1,-1,-1,-1
317,78,1533,430,122,229,1,-1,-1,-1
317,79,813,366,140,212,1,-1,-1,-1
317,81,1372,979,168,260,1,-1,-1,-1
317,84,2143,719,284,252,1,-1,-1,-1
317,88,1501,491,210,164,1,-1,-1,-1
317,89,1452,616,248,356,1,-1,-1,-1
317,90,1025,418,139,189,1,-1,-1,-1
317,91,2092,1178,181,231,1,-1,-1,-1
317,92,1057,1291,188,149,1,-1,-1,-1
318,2,623,277,144,213,1,-1,-1,-1
318,5,349,404,208,216,1,-1,-1,-1
318,8,0,1115,209,304,1,-1,-1,-1
318,11,497,234,160,164,1,-1,-1,-1
318,15,1918,514,152,216,1,-1,-1,-1
318,21,532,316,2028,958,1,-1,-1,-1
318,31,1341,112,1219,827,1,-1,-1,-1
318,39,477,954,296,248,1,-1,-1,-1
318,42,642,342,116,180,1,-1,-1,-1
318,45,426,479,160,227,1,-1,-1,-1
318,47,0,991,205,366,1,-1,-1,-1
318,52,727,1297,183,124,1,-1,-1,-1
318,53,747,1229,212,211,1,-1,-1,-1
318,56,1795,501,187,152,1,-1,-1,-1
318,58,519,435,248,233,1,-1,-1,-1
318,67,1271,109,1289,486,1,-1,-1,-1
318,69,1945,349,615,504,1,-1,-1,-1
318,70,1955,519,107,242,1,-1,-1,-1
318,73,1067,1056,247,374,1,-1,-1,-1
318,74,1019,624,206,206,1,-1,-1,-1
318,75,1896,691,204,248,1,-1,-1,-1
318,76,872,302,208,124,1,-1,-1,-1
318,78,1507,422,122,229,1,-1,-1,-1
318,79,813,368,140,212,1,-1,-1,-1
318,81,1363,972,168,260,1,-1,-1,-1
318,84,2142,717,284,252,1,-1,-1,-1
318,88,1521,541,220,172,1,-1,-1,-1
318,89,1464,628,236,339,1,-1,-1,-1
318,90,1027,417,139,189,1,-1,-1,-1
318,91,2093,1180,181,231,1,-1,-1,-1
318,92,1043,1293,188,147,1,-1,-1,-1
319,2,623,277,144,213,1,-1,-1,-1
319,5,350,401,208,216,1,-1,-1,-1
319,8,0,1125,210,304,1,-1,-1,-1
319,11,498,233,160,164,1,-1,-1,-1
319,15,1905,626,160,227,1,-1,-1,-1
319,21,530,303,2030,958,1,-1,-1,-1
319,31,1314,107,1246,869,1,-1,-1,-1
319,39,474,960,296,248,1,-1,-1,-1
319,42,641,343,116,180,1,-1,-1,-1
319,45,423,470,168,238,1,-1,-1,-1
319,47,0,998,203,366,1,-1,-1,-1
319,52,720,1290,183,124,1,-1,-1,-1
319,53,740,1220,212,212,1,-1,-1,-1
319,56,1792,503,187,152,1,-1,-1,-1
319,58,517,433,248,233,1,-1,-1,-1
319,67,1238,111,1322,486,1,-1,-1,-1
319,69,1919,322,641,529,1,-1,-1,-1
319,70,1960,643,107,242,1,-1,-1,-1
319,73,1067,1056,247,374,1,-1,-1,-1
319,74,1010,628,206,206,1,-1,-1,-1
319,75,1894,675,204,248,1,-1,-1,-1
319,76,873,302,208,124,1,-1,-1,-1
319,78,1550,420,122,229,1,-1,-1,-1
319,79,811,369,140,212,1,-1,-1,-1
319,81,1338,946,168,260,1,-1,-1,-1
319,84,2140,710,284,252,1,-1,-1,-1
319,88,1569,523,220,172,1,-1,-1,-1
319,89,1453,618,248,356,1,-1,-1,-1
319,90,1026,422,139,189,1,-1,-1,-1
319,91,2091,1180,181,231,1,-1,-1,-1
319,92,1026,1296,188,144,1,-1,-1,-1
320,2,622,278,144,213,1,-1,-1,-1
320,5,350,399,208,216,1,-1,-1,-1
320,8,0,1141,206,299,1,-1,-1,-1
320,11,498,233,160,164,1,-1,-1,-1
320,15,1938,525,152,216,1,-1,-1,-1
320,21,520,296,2040,958,1,-1,-1,-1
320,31,1311,93,1249,869,1,-1,-1,-1
320,39,468,955,296,248,1,-1,-1,-1
320,42,639,344,116,180,1,-1,-1,-1
320,45,425,467,168,238,1,-1,-1,-1
320,47,0,1020,192,366,1,-1,-1,-1
320,52,720,1280,183,124,1,-1,-1,-1
320,53,737,1217,212,212,1,-1,-1,-1
320,56,1757,463,178,145,1,-1,-1,-1
320,58,515,435,248,233,1,-1,-1,-1
320,67,1046,65,1514,510,1,-1,-1,-1
320,69,1916,320,644,529,1,-1,-1,-1
320,70,1985,682,107,242,1,-1,-1,-1
320,73,1070,1054,247,374,1,-1,-1,-1
320,74,1014,632,206,206,1,-1,-1,-1
320,75,1887,657,204,248,1,-1,-1,-1
320,76,881,303,198,118,1,-1,-1,-1
320,78,1536,441,116,218,1,-1,-1,-1
320,79,809,368,140,212,1,-1,-1,-1
320,81,1316,927,168,260,1,-1,-1,-1
320,84,2138,700,284,252,1,-1,-1,-1
320,88,1496,483,220,172,1,-1,-1,-1
320,89,1422,596,248,356,1,-1,-1,-1
320,90,1028,424,139,189,1,-1,-1,-1
320,91,2084,1197,181,231,1,-1,-1,-1
320,92,1007,1301,188,139,1,-1,-1,-1
321,2,622,278,144,213,1,-1,-1,-1
321,5,356,404,196,196,1,-1,-1,-1
321,8,0,1168,144,264,1,-1,-1,-1
321,11,498,233,160,164,1,-1,-1,-1
321,15,1938,525,152,216,1,-1,-1,-1
321,21,520,296,2040,958,1,-1,-1,-1
321,31,1311,93,1249,869,1,-1,-1,-1
321,39,496,896,224,368,1,-1,-1,-1
321,42,640,348,112,188,1,-1,-1,-1
321,45,436,468,200,224,1,-1,-1,-1
321,47,0,1020,192,366,1,-1,-1,-1
321,52,720,1280,183,124,1,-1,-1,-1
321,53,756,1208,200,228,1,-1,-1,-1
321,56,1757,463,178,145,1,-1,-1,-1
321,58,515,435,248,233,1,-1,-1,-1
321,67,1046,65,1514,510,1,-1,-1,-1
321,69,1916,320,644,529,1,-1,-1,-1
321,70,1985,682,107,242,1,-1,-1,-1
321,73,1070,1054,247,374,1,-1,-1,-1
321,74,996,620,252,160,1,-1,-1,-1
321,75,1887,657,204,248,1,-1,-1,-1
321,76,881,303,198,118,1,-1,-1,-1
321,78,1536,441,116,218,1,-1,-1,-1
321,79,812,368,172,224,1,-1,-1,-1
321,81,1316,927,168,260,1,-1,-1,-1
321,84,2138,700,284,252,1,-1,-1,-1
321,88,1484,452,228,200,1,-1,-1,-1
321,89,1400,592,244,292,1,-1,-1,-1
321,90,1028,424,139,189,1,-1,-1,-1
321,91,2048,1216,176,224,1,-1,-1,-1
321,92,1000,1320,164,120,1,-1,-1,-1
321,93,1196,872,268,340,1,-1,-1,-1
321,94,884,296,272,256,1,-1,-1,-1
321,95,1308,312,176,164,1,-1,-1,-1
321,96,1824,368,180,292,1,-1,-1,-1
321,97,1532,284,188,184,1,-1,-1,-1
322,2,626,278,144,213,1,-1,-1,-1
322,5,357,403,196,196,1,-1,-1,-1
322,8,0,1177,141,263,1,-1,-1,-1
322,11,498,233,160,164,1,-1,-1,-1
322,15,1906,504,152,216,1,-1,-1,-1
322,21,496,294,2064,958,1,-1,-1,-1
322,31,1264,40,1296,869,1,-1,-1,-1
322,39,490,887,224,368,1,-1,-1,-1
322,42,639,348,112,188,1,-1,-1,-1
322,45,438,467,200,224,1,-1,-1,-1
322,47,0,1055,174,366,1,-1,-1,-1
322,52,717,1274,183,124,1,-1,-1,-1
322,53,756,1207,200,228,1,-1,-1,-1
322,56,1806,467,178,145,1,-1,-1,-1
322,58,517,434,248,233,1,-1,-1,-1
322,67,950,31,1610,536,1,-1,-1,-1
322,69,1892,340,668,529,1,-1,-1,-1
322,70,1956,644,107,242,1,-1,-1,-1
322,73,1070,1055,247,374,1,-1,-1,-1
322,74,994,621,252,160,1,-1,-1,-1
322,75,1869,647,204,248,1,-1,-1,-1
322,76,886,304,198,118,1,-1,-1,-1
322,78,1533,439,116,218,1,-1,-1,-1
322,79,811,368,172,224,1,-1,-1,-1
322,81,1290,898,168,260,1,-1,-1,-1
322,84,2104,689,284,252,1,-1,-1,-1
322,88,1484,453,228,200,1,-1,-1,-1
322,89,1394,590,244,292,1,-1,-1,-1
322,90,1029,424,132,180,1,-1,-1,-1
322,91,2042,1223,176,217,1,-1,-1,-1
322,92,988,1324,164,116,1,-1,-1,-1
322,93,1192,869,268,340,1,-1,-1,-1
322,94,884,296,272,256,1,-1,-1,-1
322,95,1308,312,176,164,1,-1,-1,-1
322,96,1825,364,180,292,1,-1,-1,-1
322,97,1532,284,188,184,1,-1,-1,-1
323,2,627,277,144,213,1,-1,-1,-1
323,5,358,402,196,196,1,-1,-1,-1
323,8,0,1180,138,260,1,-1,-1,-1
323,11,498,233,160,164,1,-1,-1,-1
323,15,1906,500,152,216,1,-1,-1,-1
323,21,501,288,2059,958,1,-1,-1,-1
323,31,1262,30,1298,869,1,-1,-1,-1
323,39,488,884,224,368,1,-1,-1,-1
323,42,639,348,112,188,1,-1,-1,-1
323,45,439,467,200,224,1,-1,-1,-1
323,47,0,1058,174,366,1,-1,-1,-1
323,52,719,1272,183,124,1,-1,-1,-1
323,53,756,1207,200,228,1,-1,-1,-1
323,56,1807,472,178,145,1,-1,-1,-1
323,58,517,435,248,233,1,-1,-1,-1
323,67,899,18,1661,563,1,-1,-1,-1
323,69,1901,342,659,529,1,-1,-1,-1
323,73,1071,1055,247,374,1,-1,-1,-1
323,74,993,621,252,160,1,-1,-1,-1
323,75,1869,655,204,248,1,-1,-1,-1
323,76,887,304,198,118,1,-1,-1,-1
323,78,1534,444,111,207,1,-1,-1,-1
323,79,811,369,172,224,1,-1,-1,-1
323,81,1283,895,168,260,1,-1,-1,-1
323,84,2100,690,284,252,1,-1,-1,-1
323,88,1484,454,228,200,1,-1,-1,-1
323,89,1390,589,244,292,1,-1,-1,-1
323,90,1028,424,132,180,1,-1,-1,-1
323,91,2039,1226,176,214,1,-1,-1,-1
323,92,984,1325,164,115,1,-1,-1,-1
323,93,1188,866,268,340,1,-1,-1,-1
323,94,884,297,272,256,1,-1,-1,-1
323,95,1308,312,176,164,1,-1,-1,-1
323,96,1826,362,180,292,1,-1,-1,-1
323,97,1533,285,188,184,1,-1,-1,-1
324,2,629,278,144,213,1,-1,-1,-1
324,5,359,401,196,196,1,-1,-1,-1
324,8,0,1190,133,250,1,-1,-1,-1
324,11,499,233,160,164,1,-1,-1,-1
324,15,1904,509,145,206,1,-1,-1,-1
324,21,508,285,2052,958,1,-1,-1,-1
324,31,1270,34,1290,869,1,-1,-1,-1
324,39,483,870,224,368,1,-1,-1,-1
324,42,640,347,112,188,1,-1,-1,-1
324,45,440,465,200,224,1,-1,-1,-1
324,47,0,1066,167,366,1,-1,-1,-1
324,52,718,1270,183,124,1,-1,-1,-1
324,53,756,1206,200,228,1,-1,-1,-1
324,56,1808,460,178,145,1,-1,-1,-1
324,58,517,435,248,233,1,-1,-1,-1
324,67,888,17,1672,563,1,-1,-1,-1
324,69,1893,322,667,529,1,-1,-1,-1
324,73,1072,1055,247,374,1,-1,-1,-1
324,74,983,623,252,160,1,-1,-1,-1
324,75,1863,655,204,248,1,-1,-1,-1
324,76,890,307,198,118,1,-1,-1,-1
324,78,1533,445,111,207,1,-1,-1,-1
324,79,811,369,172,224,1,-1,-1,-1
324,81,1272,894,160,248,1,-1,-1,-1
324,84,2104,659,284,252,1,-1,-1,-1
324,88,1483,455,228,200,1,-1,-1,-1
324,89,1382,589,244,292,1,-1,-1,-1
324,90,1029,419,132,180,1,-1,-1,-1
324,91,2039,1233,168,207,1,-1,-1,-1
324,92,972,1329,156,111,1,-1,-1,-1
324,93,1180,865,268,340,1,-1,-1,-1
324,94,884,297,272,256,1,-1,-1,-1
324,95,1309,312,176,164,1,-1,-1,-1
324,96,1824,355,189,307,1,-1,-1,-1
324,97,1533,285,188,184,1,-1,-1,-1
325,2,629,275,144,213,1,-1,-1,-1
325,5,360,400,196,196,1,-1,-1,-1
325,8,0,1200,127,240,1,-1,-1,-1
325,11,499,233,160,164,1,-1,-1,-1
325,15,1901,503,145,206,1,-1,-1,-1
325,21,506,273,2054,958,1,-1,-1,-1
325,31,1312,53,1239,827,1,-1,-1,-1
325,39,473,860,224,368,1,-1,-1,-1
325,42,639,347,112,188,1,-1,-1,-1
325,45,440,464,200,224,1,-1,-1,-1
325,47,0,1078,156,362,1,-1,-1,-1
325,52,719,1270,183,124,1,-1,-1,-1
325,53,756,1206,200,228,1,-1,-1,-1
325,56,1785,491,178,145,1,-1,-1,-1
325,58,515,435,248,233,1,-1,-1,-1
325,67,937,20,1623,536,1,-1,-1,-1
325,69,1897,312,663,529,1,-1,-1,-1
325,73,1072,1057,247,374,1,-1,-1,-1
325,74,962,637,252,160,1,-1,-1,-1
325,75,1842,637,204,248,1,-1,-1,-1
325,76,895,310,198,118,1,-1,-1,-1
325,78,1532,446,111,207,1,-1,-1,-1
325,79,811,368,172,224,1,-1,-1,-1
325,81,1269,898,152,236,1,-1,-1,-1
325,84,2100,633,284,252,1,-1,-1,-1
325,88,1482,456,228,200,1,-1,-1,-1
325,89,1374,590,244,292,1,-1,-1,-1
325,90,1026,414,132,180,1,-1,-1,-1
325,91,2037,1235,168,205,1,-1,-1,-1
325,92,959,1328,156,112,1,-1,-1,-1
325,93,1175,860,268,340,1,-1,-1,-1
325,94,884,297,272,256,1,-1,-1,-1
325,95,1309,312,176,164,1,-1,-1,-1
325,96,1827,355,189,307,1,-1,-1,-1
325,97,1533,285,188,184,1,-1,-1,-1
326,2,628,276,144,213,1,-1,-1,-1
326,5,360,400,196,196,1,-1,-1,-1
326,8,0,1211,115,229,1,-1,-1,-1
326,11,499,234,160,164,1,-1,-1,-1
326,15,1877,503,152,216,1,-1,-1,-1
326,21,497,265,2063,958,1,-1,-1,-1
326,31,1311,53,1239,827,1,-1,-1,-1
326,39,477,862,213,350,1,-1,-1,-1
326,42,639,346,112,188,1,-1,-1,-1
326,45,441,464,200,224,1,-1,-1,-1
326,47,0,1092,144,348,1,-1,-1,-1
326,52,719,1268,183,124,1,-1,-1,-1
326,53,757,1206,200,228,1,-1,-1,-1
326,56,1770,495,178,145,1,-1,-1,-1
326,58,514,435,248,233,1,-1,-1,-1
326,67,897,15,1663,563,1,-1,-1,-1
326,69,1899,307,661,529,1,-1,-1,-1
326,73,1067,1042,259,392,1,-1,-1,-1
326,74,959,636,252,160,1,-1,-1,-1
326,75,1831,635,214,260,1,-1,-1,-1
326,76,901,311,198,118,1,-1,-1,-1
326,78,1532,446,111,207,1,-1,-1,-1
326,79,811,368,172,224,1,-1,-1,-1
326,81,1261,896,152,236,1,-1,-1,-1
326,84,2092,618,298,265,1,-1,-1,-1
326,88,1482,456,228,200,1,-1,-1,-1
326,89,1372,586,244,292,1,-1,-1,-1
326,90,1025,407,132,180,1,-1,-1,-1
326,91,2036,1233,168,207,1,-1,-1,-1
326,92,960,1326,156,114,1,-1,-1,-1
326,93,1168,854,268,340,1,-1,-1,-1
326,94,885,296,272,256,1,-1,-1,-1
326,95,1308,312,176,164,1,-1,-1,-1
326,96,1826,353,189,307,1,-1,-1,-1
326,97,1533,285,188,184,1,-1,-1,-1
