1,0,148,472,852,624,1,-1,-1,-1
1,1,1704,600,712,576,1,-1,-1,-1
1,2,1148,396,468,460,1,-1,-1,-1
1,3,764,452,512,508,1,-1,-1,-1
1,4,1952,568,456,148,1,-1,-1,-1
1,5,2468,728,92,316,1,-1,-1,-1
2,0,143,470,852,624,1,-1,-1,-1
2,1,1700,600,712,576,1,-1,-1,-1
2,2,1148,399,468,460,1,-1,-1,-1
2,3,759,449,512,508,1,-1,-1,-1
2,4,1952,568,456,148,1,-1,-1,-1
2,5,2468,728,92,316,1,-1,-1,-1
3,0,140,475,852,624,1,-1,-1,-1
3,1,1689,603,712,576,1,-1,-1,-1
3,2,1143,399,468,460,1,-1,-1,-1
3,3,754,459,512,508,1,-1,-1,-1
3,4,1951,568,456,148,1,-1,-1,-1
3,5,2468,727,92,316,1,-1,-1,-1
4,0,145,477,852,624,1,-1,-1,-1
4,1,1677,604,712,576,1,-1,-1,-1
4,2,1139,400,468,460,1,-1,-1,-1
4,3,751,456,512,508,1,-1,-1,-1
4,4,1951,566,456,148,1,-1,-1,-1
4,5,2468,728,92,316,1,-1,-1,-1
5,0,138,473,852,624,1,-1,-1,-1
5,1,1682,604,712,576,1,-1,-1,-1
5,2,1138,400,468,460,1,-1,-1,-1
5,3,742,457,512,508,1,-1,-1,-1
5,4,1950,565,456,148,1,-1,-1,-1
5,5,2468,727,92,316,1,-1,-1,-1
6,0,140,476,852,624,1,-1,-1,-1
6,1,1677,601,712,576,1,-1,-1,-1
6,2,1140,399,468,460,1,-1,-1,-1
6,3,732,445,538,533,1,-1,-1,-1
6,4,1950,564,456,148,1,-1,-1,-1
6,5,2467,728,92,316,1,-1,-1,-1
7,0,163,491,811,594,1,-1,-1,-1
7,1,1661,603,712,576,1,-1,-1,-1
7,2,1134,399,468,460,1,-1,-1,-1
7,3,727,445,538,533,1,-1,-1,-1
7,4,1941,565,456,148,1,-1,-1,-1
7,5,2468,727,92,316,1,-1,-1,-1
8,0,161,489,811,594,1,-1,-1,-1
8,1,1655,598,712,576,1,-1,-1,-1
8,2,1144,410,446,438,1,-1,-1,-1
8,3,721,446,538,533,1,-1,-1,-1
8,4,1951,566,456,148,1,-1,-1,-1
8,5,2469,728,91,316,1,-1,-1,-1
9,0,148,468,808,624,1,-1,-1,-1
9,1,1632,596,776,576,1,-1,-1,-1
9,2,1164,400,444,456,1,-1,-1,-1
9,3,660,476,536,480,1,-1,-1,-1
9,4,1951,566,456,148,1,-1,-1,-1
9,5,2460,728,100,316,1,-1,-1,-1
9,6,1072,488,228,448,1,-1,-1,-1
9,7,1944,568,472,288,1,-1,-1,-1
10,0,149,470,808,624,1,-1,-1,-1
10,1,1632,593,776,576,1,-1,-1,-1
10,2,1162,398,444,456,1,-1,-1,-1
10,3,658,474,536,480,1,-1,-1,-1
10,4,1949,566,456,148,1,-1,-1,-1
10,5,2459,728,100,316,1,-1,-1,-1
10,6,1068,489,228,448,1,-1,-1,-1
10,7,1942,568,472,288,1,-1,-1,-1
11,0,150,470,808,624,1,-1,-1,-1
11,1,1624,594,776,576,1,-1,-1,-1
11,2,1161,402,444,456,1,-1,-1,-1
11,3,656,474,536,480,1,-1,-1,-1
11,4,1949,565,456,148,1,-1,-1,-1
11,5,2459,728,100,316,1,-1,-1,-1
11,6,1068,490,228,448,1,-1,-1,-1
11,7,1937,569,472,288,1,-1,-1,-1
12,0,152,466,808,624,1,-1,-1,-1
12,1,1628,594,776,576,1,-1,-1,-1
12,2,1158,400,444,456,1,-1,-1,-1
12,3,654,475,536,480,1,-1,-1,-1
12,4,1938,561,479,155,1,-1,-1,-1
12,5,2459,730,100,316,1,-1,-1,-1
12,6,1067,489,228,448,1,-1,-1,-1
12,7,1939,568,472,288,1,-1,-1,-1
13,0,150,467,808,624,1,-1,-1,-1
13,1,1622,595,776,576,1,-1,-1,-1
13,2,1156,399,444,456,1,-1,-1,-1
13,3,646,480,536,480,1,-1,-1,-1
13,4,1940,560,479,155,1,-1,-1,-1
13,5,2459,728,100,316,1,-1,-1,-1
13,6,1062,489,228,448,1,-1,-1,-1
13,7,1934,570,472,288,1,-1,-1,-1
14,0,146,471,808,624,1,-1,-1,-1
14,1,1613,602,776,576,1,-1,-1,-1
14,2,1158,397,444,456,1,-1,-1,-1
14,3,657,487,510,457,1,-1,-1,-1
14,4,1953,564,456,148,1,-1,-1,-1
14,5,2459,727,100,316,1,-1,-1,-1
14,6,1054,492,228,448,1,-1,-1,-1
14,7,1928,571,472,288,1,-1,-1,-1
15,0,149,471,808,624,1,-1,-1,-1
15,1,1605,600,776,576,1,-1,-1,-1
15,2,1151,400,444,456,1,-1,-1,-1
15,3,648,476,536,480,1,-1,-1,-1
15,4,1964,565,434,141,1,-1,-1,-1
15,5,2455,720,105,332,1,-1,-1,-1
15,6,1046,485,239,470,1,-1,-1,-1
15,7,1921,568,472,288,1,-1,-1,-1
16,0,126,448,848,655,1,-1,-1,-1
16,1,1596,605,776,576,1,-1,-1,-1
16,2,1152,399,444,456,1,-1,-1,-1
16,3,650,478,536,480,1,-1,-1,-1
16,4,1961,565,434,141,1,-1,-1,-1
16,5,2457,729,100,316,1,-1,-1,-1
16,6,1051,504,228,448,1,-1,-1,-1
16,7,1914,568,472,288,1,-1,-1,-1
17,0,148,468,772,620,1,-1,-1,-1
17,1,1556,592,852,576,1,-1,-1,-1
17,2,1168,408,420,452,1,-1,-1,-1
17,3,650,478,536,480,1,-1,-1,-1
17,4,1961,565,434,141,1,-1,-1,-1
17,5,2460,720,100,324,1,-1,-1,-1
17,6,984,488,308,428,1,-1,-1,-1
17,7,1932,572,488,256,1,-1,-1,-1
17,8,896,584,256,384,1,-1,-1,-1
18,0,143,469,772,620,1,-1,-1,-1
18,1,1552,593,852,576,1,-1,-1,-1
18,2,1172,407,420,452,1,-1,-1,-1
18,3,648,486,536,480,1,-1,-1,-1
18,4,1965,562,434,141,1,-1,-1,-1
18,5,2461,719,99,324,1,-1,-1,-1
18,6,981,491,308,428,1,-1,-1,-1
18,7,1930,571,488,256,1,-1,-1,-1
18,8,891,582,256,384,1,-1,-1,-1
19,0,144,468,772,620,1,-1,-1,-1
19,1,1549,593,852,576,1,-1,-1,-1
19,2,1166,407,420,452,1,-1,-1,-1
19,3,641,480,536,480,1,-1,-1,-1
19,4,1977,565,414,134,1,-1,-1,-1
19,5,2461,719,99,324,1,-1,-1,-1
19,6,976,494,308,428,1,-1,-1,-1
19,7,1921,570,488,256,1,-1,-1,-1
19,8,885,585,256,384,1,-1,-1,-1
20,0,146,467,772,620,1,-1,-1,-1
20,1,1541,596,852,576,1,-1,-1,-1
20,2,1167,406,420,452,1,-1,-1,-1
20,3,648,480,536,480,1,-1,-1,-1
20,4,1967,562,434,141,1,-1,-1,-1
20,5,2461,722,99,324,1,-1,-1,-1
20,6,970,490,308,428,1,-1,-1,-1
20,7,1918,569,488,256,1,-1,-1,-1
20,8,880,587,256,384,1,-1,-1,-1
21,0,149,467,772,620,1,-1,-1,-1
21,1,1529,595,852,576,1,-1,-1,-1
21,2,1165,407,420,452,1,-1,-1,-1
21,3,643,489,536,480,1,-1,-1,-1
21,4,1967,563,434,141,1,-1,-1,-1
21,5,2462,723,98,324,1,-1,-1,-1
21,6,966,497,308,428,1,-1,-1,-1
21,7,1913,568,488,256,1,-1,-1,-1
21,8,876,587,256,384,1,-1,-1,-1
22,0,143,464,772,620,1,-1,-1,-1
22,1,1520,604,852,576,1,-1,-1,-1
22,2,1167,408,420,452,1,-1,-1,-1
22,3,643,484,536,480,1,-1,-1,-1
22,4,1976,566,414,134,1,-1,-1,-1
22,5,2462,722,98,324,1,-1,-1,-1
22,6,954,494,308,428,1,-1,-1,-1
22,7,1904,570,488,256,1,-1,-1,-1
22,8,868,589,256,384,1,-1,-1,-1
23,0,134,467,772,620,1,-1,-1,-1
23,1,1528,595,852,576,1,-1,-1,-1
23,2,1163,408,420,452,1,-1,-1,-1
23,3,644,481,536,480,1,-1,-1,-1
23,4,1978,566,414,134,1,-1,-1,-1
23,5,2462,721,98,324,1,-1,-1,-1
23,6,952,495,308,428,1,-1,-1,-1
23,7,1895,560,512,269,1,-1,-1,-1
23,8,872,599,244,366,1,-1,-1,-1
24,0,131,466,772,620,1,-1,-1,-1
24,1,1517,604,852,576,1,-1,-1,-1
24,2,1166,410,420,452,1,-1,-1,-1
24,3,646,478,536,480,1,-1,-1,-1
24,4,1989,567,394,128,1,-1,-1,-1
24,5,2462,720,98,324,1,-1,-1,-1
24,6,944,501,308,428,1,-1,-1,-1
24,7,1893,561,512,269,1,-1,-1,-1
24,8,868,602,244,366,1,-1,-1,-1
25,0,152,464,796,624,1,-1,-1,-1
25,1,1460,588,860,580,1,-1,-1,-1
25,2,1176,444,392,396,1,-1,-1,-1
25,3,646,478,536,480,1,-1,-1,-1
25,4,1989,567,394,128,1,-1,-1,-1
25,5,2464,716,96,324,1,-1,-1,-1
25,6,888,532,400,388,1,-1,-1,-1
25,7,1928,568,488,260,1,-1,-1,-1
25,8,872,600,188,372,1,-1,-1,-1
26,0,152,463,796,624,1,-1,-1,-1
26,1,1454,590,860,580,1,-1,-1,-1
26,2,1175,443,392,396,1,-1,-1,-1
26,3,667,482,536,480,1,-1,-1,-1
26,4,1990,567,394,128,1,-1,-1,-1
26,5,2464,716,96,324,1,-1,-1,-1
26,6,884,533,400,388,1,-1,-1,-1
26,7,1928,569,488,260,1,-1,-1,-1
26,8,870,602,188,372,1,-1,-1,-1
27,0,154,458,796,624,1,-1,-1,-1
27,1,1435,586,860,580,1,-1,-1,-1
27,2,1170,443,392,396,1,-1,-1,-1
27,3,668,486,536,480,1,-1,-1,-1
27,4,1994,565,394,128,1,-1,-1,-1
27,5,2464,716,96,324,1,-1,-1,-1
27,6,880,531,400,388,1,-1,-1,-1
27,7,1926,569,488,260,1,-1,-1,-1
27,8,871,603,188,372,1,-1,-1,-1
28,0,158,453,796,624,1,-1,-1,-1
28,1,1430,585,860,580,1,-1,-1,-1
28,2,1169,443,392,396,1,-1,-1,-1
28,3,670,471,536,480,1,-1,-1,-1
28,4,1991,565,394,128,1,-1,-1,-1
28,5,2464,718,96,324,1,-1,-1,-1
28,6,880,533,400,388,1,-1,-1,-1
28,7,1918,569,488,260,1,-1,-1,-1
28,8,871,599,188,372,1,-1,-1,-1
29,0,137,446,836,655,1,-1,-1,-1
29,1,1430,587,860,580,1,-1,-1,-1
29,2,1168,442,392,396,1,-1,-1,-1
29,3,657,455,563,504,1,-1,-1,-1
29,4,1988,563,394,128,1,-1,-1,-1
29,5,2467,722,91,309,1,-1,-1,-1
29,6,878,536,400,388,1,-1,-1,-1
29,7,1918,563,488,260,1,-1,-1,-1
29,8,864,600,188,372,1,-1,-1,-1
30,0,131,436,836,655,1,-1,-1,-1
30,1,1426,591,860,580,1,-1,-1,-1
30,2,1164,442,392,396,1,-1,-1,-1
30,3,661,453,563,504,1,-1,-1,-1
30,4,1988,563,394,128,1,-1,-1,-1
30,5,2464,714,96,324,1,-1,-1,-1
30,6,866,529,420,407,1,-1,-1,-1
30,7,1911,565,488,260,1,-1,-1,-1
30,8,865,600,188,372,1,-1,-1,-1
31,0,140,445,836,655,1,-1,-1,-1
31,1,1428,589,860,580,1,-1,-1,-1
31,2,1161,441,392,396,1,-1,-1,-1
31,3,675,468,536,480,1,-1,-1,-1
31,4,1977,560,414,134,1,-1,-1,-1
31,5,2463,714,96,324,1,-1,-1,-1
31,6,856,530,420,407,1,-1,-1,-1
31,7,1896,559,512,273,1,-1,-1,-1
31,8,866,595,188,372,1,-1,-1,-1
32,0,136,440,836,655,1,-1,-1,-1
32,1,1426,590,860,580,1,-1,-1,-1
32,2,1154,441,392,396,1,-1,-1,-1
32,3,662,452,563,504,1,-1,-1,-1
32,4,1975,562,414,134,1,-1,-1,-1
32,5,2463,715,96,324,1,-1,-1,-1
32,6,846,531,420,407,1,-1,-1,-1
32,7,1907,566,488,260,1,-1,-1,-1
32,8,868,603,179,354,1,-1,-1,-1
33,0,156,472,828,616,1,-1,-1,-1
33,1,1352,592,892,576,1,-1,-1,-1
33,2,1180,404,396,452,1,-1,-1,-1
33,3,662,452,563,504,1,-1,-1,-1
33,4,1975,562,414,134,1,-1,-1,-1
33,5,2460,716,96,328,1,-1,-1,-1
33,6,808,480,420,448,1,-1,-1,-1
33,7,1936,568,484,304,1,-1,-1,-1
33,8,868,603,179,354,1,-1,-1,-1
34,0,159,473,828,616,1,-1,-1,-1
34,1,1346,593,892,576,1,-1,-1,-1
34,2,1178,405,396,452,1,-1,-1,-1
34,3,666,457,563,504,1,-1,-1,-1
34,4,1976,562,414,134,1,-1,-1,-1
34,5,2460,717,96,328,1,-1,-1,-1
34,6,806,481,420,448,1,-1,-1,-1
34,7,1932,568,484,304,1,-1,-1,-1
34,8,871,597,179,354,1,-1,-1,-1
35,0,155,472,828,616,1,-1,-1,-1
35,1,1371,611,850,549,1,-1,-1,-1
35,2,1174,403,396,452,1,-1,-1,-1
35,3,665,457,563,504,1,-1,-1,-1
35,4,1978,562,414,134,1,-1,-1,-1
35,5,2457,709,101,344,1,-1,-1,-1
35,6,801,483,420,448,1,-1,-1,-1
35,7,1933,568,484,304,1,-1,-1,-1
35,8,875,593,179,354,1,-1,-1,-1
36,0,164,479,828,616,1,-1,-1,-1
36,1,1338,591,892,576,1,-1,-1,-1
36,2,1166,404,396,452,1,-1,-1,-1
36,3,660,456,563,504,1,-1,-1,-1
36,4,1979,563,414,134,1,-1,-1,-1
36,5,2460,717,96,328,1,-1,-1,-1
36,6,797,480,420,448,1,-1,-1,-1
36,7,1932,571,484,304,1,-1,-1,-1
36,8,869,591,188,372,1,-1,-1,-1
37,0,166,475,828,616,1,-1,-1,-1
37,1,1320,590,892,576,1,-1,-1,-1
37,2,1162,405,396,452,1,-1,-1,-1
37,3,665,465,536,480,1,-1,-1,-1
37,4,1965,561,434,141,1,-1,-1,-1
37,5,2461,717,96,328,1,-1,-1,-1
37,6,786,485,420,448,1,-1,-1,-1
37,7,1918,562,508,319,1,-1,-1,-1
37,8,863,597,188,372,1,-1,-1,-1
38,0,162,476,828,616,1,-1,-1,-1
38,1,1312,595,892,576,1,-1,-1,-1
38,2,1150,405,396,452,1,-1,-1,-1
38,3,678,477,510,457,1,-1,-1,-1
38,4,1965,563,434,141,1,-1,-1,-1
38,5,2461,718,96,328,1,-1,-1,-1
38,6,791,498,400,427,1,-1,-1,-1
38,7,1933,573,484,304,1,-1,-1,-1
38,8,858,595,188,372,1,-1,-1,-1
39,0,147,461,869,647,1,-1,-1,-1
39,1,1290,596,892,576,1,-1,-1,-1
39,2,1148,406,396,452,1,-1,-1,-1
39,3,679,477,510,457,1,-1,-1,-1
39,4,1966,563,434,141,1,-1,-1,-1
39,5,2461,718,96,328,1,-1,-1,-1
39,6,778,500,400,427,1,-1,-1,-1
39,7,1911,564,508,319,1,-1,-1,-1
39,8,863,599,188,372,1,-1,-1,-1
40,0,146,453,869,647,1,-1,-1,-1
40,1,1291,602,892,576,1,-1,-1,-1
40,2,1141,413,396,452,1,-1,-1,-1
40,3,679,477,510,457,1,-1,-1,-1
40,4,1965,563,434,141,1,-1,-1,-1
40,5,2459,708,101,344,1,-1,-1,-1
40,6,769,499,400,427,1,-1,-1,-1
40,7,1907,564,508,319,1,-1,-1,-1
40,8,869,598,188,372,1,-1,-1,-1
41,0,156,484,804,604,1,-1,-1,-1
41,1,1272,576,860,588,1,-1,-1,-1
41,2,1184,412,404,444,1,-1,-1,-1
41,3,732,488,448,472,1,-1,-1,-1
41,4,1965,563,434,141,1,-1,-1,-1
41,5,2464,716,96,328,1,-1,-1,-1
41,6,769,499,400,427,1,-1,-1,-1
41,7,1940,568,484,284,1,-1,-1,-1
41,8,869,598,188,372,1,-1,-1,-1
42,0,154,486,804,604,1,-1,-1,-1
42,1,1256,576,860,588,1,-1,-1,-1
42,2,1179,412,404,444,1,-1,-1,-1
42,3,730,489,448,472,1,-1,-1,-1
42,4,1965,562,434,141,1,-1,-1,-1
42,5,2464,716,96,328,1,-1,-1,-1
42,6,763,503,400,427,1,-1,-1,-1
42,7,1937,567,484,284,1,-1,-1,-1
42,8,869,599,188,372,1,-1,-1,-1
43,0,146,483,804,604,1,-1,-1,-1
43,1,1235,577,860,588,1,-1,-1,-1
43,2,1172,415,404,444,1,-1,-1,-1
43,3,726,494,448,472,1,-1,-1,-1
43,4,1977,565,414,134,1,-1,-1,-1
43,5,2465,727,91,312,1,-1,-1,-1
43,6,756,507,400,427,1,-1,-1,-1
43,7,1931,568,484,284,1,-1,-1,-1
43,8,870,603,188,372,1,-1,-1,-1
44,0,142,487,804,604,1,-1,-1,-1
44,1,1221,580,860,588,1,-1,-1,-1
44,2,1170,419,404,444,1,-1,-1,-1
44,3,730,496,448,472,1,-1,-1,-1
44,4,1979,564,414,134,1,-1,-1,-1
44,5,2463,718,96,328,1,-1,-1,-1
44,6,757,493,420,448,1,-1,-1,-1
44,7,1932,568,484,284,1,-1,-1,-1
44,8,869,590,197,391,1,-1,-1,-1
45,0,133,490,804,604,1,-1,-1,-1
45,1,1208,575,860,588,1,-1,-1,-1
45,2,1166,424,385,423,1,-1,-1,-1
45,3,729,495,448,472,1,-1,-1,-1
45,4,1968,563,434,141,1,-1,-1,-1
45,5,2462,717,96,328,1,-1,-1,-1
45,6,780,493,420,448,1,-1,-1,-1
45,7,1930,563,484,284,1,-1,-1,-1
45,8,873,588,197,391,1,-1,-1,-1
46,0,132,484,804,604,1,-1,-1,-1
46,1,1217,593,819,560,1,-1,-1,-1
46,2,1154,421,404,444,1,-1,-1,-1
46,3,733,510,427,450,1,-1,-1,-1
46,4,1968,562,434,141,1,-1,-1,-1
46,5,2462,716,96,328,1,-1,-1,-1
46,6,774,484,441,470,1,-1,-1,-1
46,7,1919,555,508,298,1,-1,-1,-1
46,8,875,588,197,391,1,-1,-1,-1
47,0,127,485,804,604,1,-1,-1,-1
47,1,1231,602,780,533,1,-1,-1,-1
47,2,1148,428,404,444,1,-1,-1,-1
47,3,731,510,427,450,1,-1,-1,-1
47,4,1978,565,414,134,1,-1,-1,-1
47,5,2462,717,96,328,1,-1,-1,-1
47,6,768,483,441,470,1,-1,-1,-1
47,7,1916,557,508,298,1,-1,-1,-1
47,8,876,584,197,391,1,-1,-1,-1
48,0,136,483,804,604,1,-1,-1,-1
48,1,1219,600,780,533,1,-1,-1,-1
48,2,1143,429,404,444,1,-1,-1,-1
48,3,719,503,448,472,1,-1,-1,-1
48,4,1979,565,414,134,1,-1,-1,-1
48,5,2459,710,101,344,1,-1,-1,-1
48,6,769,482,441,470,1,-1,-1,-1
48,7,1911,560,508,298,1,-1,-1,-1
48,8,878,585,197,391,1,-1,-1,-1
49,0,148,476,768,612,1,-1,-1,-1
49,1,1164,592,876,580,1,-1,-1,-1
49,2,1143,429,404,444,1,-1,-1,-1
49,3,719,503,448,472,1,-1,-1,-1
49,4,1979,565,414,134,1,-1,-1,-1
49,5,2468,720,92,328,1,-1,-1,-1
49,6,769,482,441,470,1,-1,-1,-1
49,7,1924,568,500,292,1,-1,-1,-1
49,8,878,585,197,391,1,-1,-1,-1
49,9,1184,400,404,268,1,-1,-1,-1
50,0,146,480,768,612,1,-1,-1,-1
50,1,1162,594,876,580,1,-1,-1,-1
50,2,1130,419,424,466,1,-1,-1,-1
50,3,722,499,448,472,1,-1,-1,-1
50,4,1989,567,394,128,1,-1,-1,-1
50,5,2468,720,92,328,1,-1,-1,-1
50,6,773,479,441,470,1,-1,-1,-1
50,7,1922,568,500,292,1,-1,-1,-1
50,8,870,573,207,410,1,-1,-1,-1
50,9,1183,400,404,268,1,-1,-1,-1
51,0,138,476,768,612,1,-1,-1,-1
51,1,1178,612,834,552,1,-1,-1,-1
51,2,1132,425,424,466,1,-1,-1,-1
51,3,722,503,448,472,1,-1,-1,-1
51,4,1989,568,394,128,1,-1,-1,-1
51,5,2469,721,91,328,1,-1,-1,-1
51,6,786,491,420,448,1,-1,-1,-1
51,7,1922,565,500,292,1,-1,-1,-1
51,8,867,571,207,410,1,-1,-1,-1
51,9,1184,400,404,268,1,-1,-1,-1
52,0,143,474,768,612,1,-1,-1,-1
52,1,1165,615,834,552,1,-1,-1,-1
52,2,1143,434,424,466,1,-1,-1,-1
52,3,730,508,427,450,1,-1,-1,-1
52,4,1989,568,394,128,1,-1,-1,-1
52,5,2469,722,91,328,1,-1,-1,-1
52,6,787,491,420,448,1,-1,-1,-1
52,7,1905,557,525,307,1,-1,-1,-1
52,8,865,572,207,410,1,-1,-1,-1
52,9,1183,401,404,268,1,-1,-1,-1
53,0,140,475,768,612,1,-1,-1,-1
53,1,1164,615,834,552,1,-1,-1,-1
53,2,1137,436,424,466,1,-1,-1,-1
53,3,719,511,427,450,1,-1,-1,-1
53,4,1990,567,394,128,1,-1,-1,-1
53,5,2469,725,91,328,1,-1,-1,-1
53,6,785,493,420,448,1,-1,-1,-1
53,7,1905,558,525,307,1,-1,-1,-1
53,8,871,586,197,391,1,-1,-1,-1
53,9,1184,403,404,268,1,-1,-1,-1
54,0,138,475,768,612,1,-1,-1,-1
54,1,1177,628,795,526,1,-1,-1,-1
54,2,1151,452,404,444,1,-1,-1,-1
54,3,717,499,448,472,1,-1,-1,-1
54,4,1990,567,394,128,1,-1,-1,-1
54,5,2469,722,91,328,1,-1,-1,-1
54,6,785,491,420,448,1,-1,-1,-1
54,7,1904,558,525,307,1,-1,-1,-1
54,8,870,583,197,391,1,-1,-1,-1
54,9,1187,411,385,255,1,-1,-1,-1
55,0,135,480,768,612,1,-1,-1,-1
55,1,1185,640,757,501,1,-1,-1,-1
55,2,1152,494,385,423,1,-1,-1,-1
55,3,727,514,427,450,1,-1,-1,-1
55,4,2002,569,375,122,1,-1,-1,-1
55,5,2469,723,91,328,1,-1,-1,-1
55,6,784,496,420,448,1,-1,-1,-1
55,7,1903,560,525,307,1,-1,-1,-1
55,8,870,581,197,391,1,-1,-1,-1
55,9,1188,412,385,255,1,-1,-1,-1
56,0,138,479,768,612,1,-1,-1,-1
56,1,1151,629,795,526,1,-1,-1,-1
56,2,1138,483,404,444,1,-1,-1,-1
56,3,714,500,448,472,1,-1,-1,-1
56,4,2003,567,375,122,1,-1,-1,-1
56,5,2467,710,93,344,1,-1,-1,-1
56,6,792,484,420,448,1,-1,-1,-1
56,7,1898,561,525,307,1,-1,-1,-1
56,8,869,580,197,391,1,-1,-1,-1
56,9,1181,407,404,268,1,-1,-1,-1
57,0,140,484,836,604,1,-1,-1,-1
57,1,1060,568,868,584,1,-1,-1,-1
57,2,1138,483,404,444,1,-1,-1,-1
57,3,588,500,496,436,1,-1,-1,-1
57,4,2003,567,375,122,1,-1,-1,-1
57,5,2472,716,88,324,1,-1,-1,-1
57,6,792,484,420,448,1,-1,-1,-1
57,7,1912,568,516,308,1,-1,-1,-1
57,8,844,576,248,344,1,-1,-1,-1
57,9,1184,400,404,284,1,-1,-1,-1
57,10,60,456,660,452,1,-1,-1,-1
58,0,139,484,836,604,1,-1,-1,-1
58,1,1053,569,868,584,1,-1,-1,-1
58,2,1130,470,404,444,1,-1,-1,-1
58,3,587,502,496,436,1,-1,-1,-1
58,4,1991,564,394,128,1,-1,-1,-1
58,5,2472,715,88,324,1,-1,-1,-1
58,6,784,473,441,470,1,-1,-1,-1
58,7,1913,569,516,308,1,-1,-1,-1
58,8,841,575,248,344,1,-1,-1,-1
58,9,1182,398,404,284,1,-1,-1,-1
58,10,58,458,660,452,1,-1,-1,-1
59,0,139,483,836,604,1,-1,-1,-1
59,1,1057,565,868,584,1,-1,-1,-1
59,2,1133,483,404,444,1,-1,-1,-1
59,3,583,503,496,436,1,-1,-1,-1
59,4,1987,565,394,128,1,-1,-1,-1
59,5,2473,713,87,324,1,-1,-1,-1
59,6,777,476,441,470,1,-1,-1,-1
59,7,1913,570,516,308,1,-1,-1,-1
59,8,841,574,248,344,1,-1,-1,-1
59,9,1191,408,385,270,1,-1,-1,-1
59,10,58,458,660,452,1,-1,-1,-1
60,0,133,484,836,604,1,-1,-1,-1
60,1,1047,565,868,584,1,-1,-1,-1
60,2,1134,492,385,423,1,-1,-1,-1
60,3,597,513,472,415,1,-1,-1,-1
60,4,1979,564,414,134,1,-1,-1,-1
60,5,2471,702,89,340,1,-1,-1,-1
60,6,792,486,420,448,1,-1,-1,-1
60,7,1912,570,516,308,1,-1,-1,-1
60,8,845,584,236,328,1,-1,-1,-1
60,9,1183,402,404,284,1,-1,-1,-1
60,10,56,455,660,452,1,-1,-1,-1
61,0,151,493,796,575,1,-1,-1,-1
61,1,1044,585,827,556,1,-1,-1,-1
61,2,1126,490,385,423,1,-1,-1,-1
61,3,575,499,496,436,1,-1,-1,-1
61,4,1978,564,414,134,1,-1,-1,-1
61,5,2469,703,91,340,1,-1,-1,-1
61,6,777,468,441,470,1,-1,-1,-1
61,7,1913,571,516,308,1,-1,-1,-1
61,8,840,583,236,328,1,-1,-1,-1
61,9,1181,400,404,284,1,-1,-1,-1
61,10,51,455,660,452,1,-1,-1,-1
62,0,151,496,796,575,1,-1,-1,-1
62,1,1047,584,827,556,1,-1,-1,-1
62,2,1109,478,404,444,1,-1,-1,-1
62,3,581,504,496,436,1,-1,-1,-1
62,4,1975,564,414,134,1,-1,-1,-1
62,5,2469,703,91,340,1,-1,-1,-1
62,6,776,465,441,470,1,-1,-1,-1
62,7,1923,577,491,293,1,-1,-1,-1
62,8,843,582,236,328,1,-1,-1,-1
62,9,1178,399,404,284,1,-1,-1,-1
62,10,57,450,660,452,1,-1,-1,-1
63,0,148,499,796,575,1,-1,-1,-1
63,1,1042,581,827,556,1,-1,-1,-1
63,2,1107,473,404,444,1,-1,-1,-1
63,3,572,503,496,436,1,-1,-1,-1
63,4,1976,562,414,134,1,-1,-1,-1
63,5,2470,704,90,340,1,-1,-1,-1
63,6,772,464,441,470,1,-1,-1,-1
63,7,1912,568,516,308,1,-1,-1,-1
63,8,842,582,236,328,1,-1,-1,-1
63,9,1178,396,404,284,1,-1,-1,-1
63,10,51,453,660,452,1,-1,-1,-1
64,0,150,497,796,575,1,-1,-1,-1
64,1,1043,594,787,530,1,-1,-1,-1
64,2,1164,434,424,466,1,-1,-1,-1
64,3,571,503,496,436,1,-1,-1,-1
64,4,1975,562,414,134,1,-1,-1,-1
64,5,2470,706,90,340,1,-1,-1,-1
64,6,765,448,463,494,1,-1,-1,-1
64,7,1914,570,516,308,1,-1,-1,-1
64,8,842,581,236,328,1,-1,-1,-1
64,9,1184,396,404,284,1,-1,-1,-1
64,10,65,465,629,430,1,-1,-1,-1
65,0,136,488,844,624,1,-1,-1,-1
65,1,960,576,860,580,1,-1,-1,-1
65,2,1164,434,424,466,1,-1,-1,-1
65,3,571,503,496,436,1,-1,-1,-1
65,4,1975,562,414,134,1,-1,-1,-1
65,5,2468,716,92,328,1,-1,-1,-1
65,6,765,448,463,494,1,-1,-1,-1
65,7,1912,568,516,288,1,-1,-1,-1
65,8,842,581,236,328,1,-1,-1,-1
65,9,1180,400,408,280,1,-1,-1,-1
65,10,0,440,700,472,1,-1,-1,-1
66,0,133,484,844,624,1,-1,-1,-1
66,1,948,577,860,580,1,-1,-1,-1
66,2,1163,413,424,466,1,-1,-1,-1
66,3,572,505,496,436,1,-1,-1,-1
66,4,1977,562,414,134,1,-1,-1,-1
66,5,2468,715,92,328,1,-1,-1,-1
66,6,773,469,441,470,1,-1,-1,-1
66,7,1912,568,516,288,1,-1,-1,-1
66,8,840,583,236,328,1,-1,-1,-1
66,9,1179,399,408,280,1,-1,-1,-1
66,10,1,437,700,472,1,-1,-1,-1
67,0,138,495,844,624,1,-1,-1,-1
67,1,945,577,860,580,1,-1,-1,-1
67,2,1185,418,404,444,1,-1,-1,-1
67,3,575,506,496,436,1,-1,-1,-1
67,4,1976,561,414,134,1,-1,-1,-1
67,5,2468,709,92,328,1,-1,-1,-1
67,6,777,459,463,494,1,-1,-1,-1
67,7,1910,566,516,288,1,-1,-1,-1
67,8,838,586,236,328,1,-1,-1,-1
67,9,1176,401,408,280,1,-1,-1,-1
67,10,0,436,697,472,1,-1,-1,-1
68,0,110,468,886,655,1,-1,-1,-1
68,1,929,577,860,580,1,-1,-1,-1
68,3,579,503,496,436,1,-1,-1,-1
68,4,1976,561,414,134,1,-1,-1,-1
68,5,2468,704,92,328,1,-1,-1,-1
68,6,790,471,441,470,1,-1,-1,-1
68,7,1908,565,516,288,1,-1,-1,-1
68,8,841,594,236,328,1,-1,-1,-1
68,9,1174,401,408,280,1,-1,-1,-1
68,10,0,446,689,472,1,-1,-1,-1
69,0,120,488,844,624,1,-1,-1,-1
69,1,915,578,860,580,1,-1,-1,-1
69,3,579,506,496,436,1,-1,-1,-1
69,4,1975,561,414,134,1,-1,-1,-1
69,5,2469,702,91,328,1,-1,-1,-1
69,6,801,472,441,470,1,-1,-1,-1
69,7,1907,567,516,288,1,-1,-1,-1
69,8,846,589,248,344,1,-1,-1,-1
69,9,1165,398,428,294,1,-1,-1,-1
69,10,6,456,667,450,1,-1,-1,-1
70,0,92,472,886,655,1,-1,-1,-1
70,1,908,584,860,580,1,-1,-1,-1
70,3,575,507,496,436,1,-1,-1,-1
70,4,1975,561,414,134,1,-1,-1,-1
70,5,2468,707,92,328,1,-1,-1,-1
70,6,800,470,441,470,1,-1,-1,-1
70,7,1910,568,516,288,1,-1,-1,-1
70,8,846,584,248,344,1,-1,-1,-1
70,9,1166,399,428,294,1,-1,-1,-1
70,10,6,458,667,450,1,-1,-1,-1
71,0,85,461,886,655,1,-1,-1,-1
71,1,922,597,819,552,1,-1,-1,-1
71,3,580,505,496,436,1,-1,-1,-1
71,4,1976,561,414,134,1,-1,-1,-1
71,5,2468,711,92,328,1,-1,-1,-1
71,6,800,468,441,470,1,-1,-1,-1
71,7,1909,568,516,288,1,-1,-1,-1
71,8,846,587,248,344,1,-1,-1,-1
71,9,1165,401,428,294,1,-1,-1,-1
71,10,6,457,667,450,1,-1,-1,-1
72,0,101,465,886,655,1,-1,-1,-1
72,1,930,596,819,552,1,-1,-1,-1
72,3,591,515,472,415,1,-1,-1,-1
72,4,1976,561,414,134,1,-1,-1,-1
72,5,2470,716,88,312,1,-1,-1,-1
72,6,795,471,441,470,1,-1,-1,-1
72,7,1909,569,516,288,1,-1,-1,-1
72,8,845,581,248,344,1,-1,-1,-1
72,9,1163,399,428,294,1,-1,-1,-1
72,10,0,453,661,450,1,-1,-1,-1
73,0,140,472,752,608,1,-1,-1,-1
73,1,848,568,880,580,1,-1,-1,-1
73,3,591,515,472,415,1,-1,-1,-1
73,4,1976,561,414,134,1,-1,-1,-1
73,5,2504,708,52,332,1,-1,-1,-1
73,6,795,471,441,470,1,-1,-1,-1
73,7,1912,568,520,288,1,-1,-1,-1
73,8,845,581,248,344,1,-1,-1,-1
73,9,1180,396,416,272,1,-1,-1,-1
73,10,0,432,636,520,1,-1,-1,-1
74,0,139,468,752,608,1,-1,-1,-1
74,1,832,571,880,580,1,-1,-1,-1
74,3,591,512,472,415,1,-1,-1,-1
74,4,1976,561,414,134,1,-1,-1,-1
74,5,2469,293,52,332,1,-1,-1,-1
74,6,787,481,441,470,1,-1,-1,-1
74,7,1913,570,520,288,1,-1,-1,-1
74,8,838,578,248,344,1,-1,-1,-1
74,9,1181,396,416,272,1,-1,-1,-1
74,10,0,430,635,520,1,-1,-1,-1
75,0,141,459,752,608,1,-1,-1,-1
75,1,820,573,880,580,1,-1,-1,-1
75,3,585,515,472,415,1,-1,-1,-1
75,4,1978,562,414,134,1,-1,-1,-1
75,5,2435,0,52,210,1,-1,-1,-1
75,6,792,496,420,448,1,-1,-1,-1
75,7,1913,571,520,288,1,-1,-1,-1
75,8,841,589,236,328,1,-1,-1,-1
75,9,1180,396,416,272,1,-1,-1,-1
75,10,0,431,633,520,1,-1,-1,-1
76,0,137,463,752,608,1,-1,-1,-1
76,1,808,574,880,580,1,-1,-1,-1
76,3,580,515,472,415,1,-1,-1,-1
76,4,1977,563,414,134,1,-1,-1,-1
76,5,2400,0,52,2,1,-1,-1,-1
76,6,778,484,441,470,1,-1,-1,-1
76,7,1917,569,520,288,1,-1,-1,-1
76,8,839,591,236,328,1,-1,-1,-1
76,9,1181,396,416,272,1,-1,-1,-1
76,10,0,430,624,520,1,-1,-1,-1
77,0,153,481,716,579,1,-1,-1,-1
77,1,804,570,880,580,1,-1,-1,-1
77,3,578,515,472,415,1,-1,-1,-1
77,4,1977,563,414,134,1,-1,-1,-1
77,5,2366,0,52,2,1,-1,-1,-1
77,6,779,487,441,470,1,-1,-1,-1
77,7,1915,573,520,288,1,-1,-1,-1
77,8,842,591,236,328,1,-1,-1,-1
77,9,1178,396,416,272,1,-1,-1,-1
77,10,0,432,627,520,1,-1,-1,-1
78,0,128,472,752,608,1,-1,-1,-1
78,1,789,574,880,580,1,-1,-1,-1
78,3,580,518,472,415,1,-1,-1,-1
78,4,1976,563,414,134,1,-1,-1,-1
78,5,2331,0,52,2,1,-1,-1,-1
78,6,772,487,441,470,1,-1,-1,-1
78,7,1919,572,520,288,1,-1,-1,-1
78,8,835,596,236,328,1,-1,-1,-1
78,9,1179,395,416,272,1,-1,-1,-1
78,10,0,437,630,520,1,-1,-1,-1
79,0,139,471,752,608,1,-1,-1,-1
79,1,796,579,880,580,1,-1,-1,-1
79,3,581,524,472,415,1,-1,-1,-1
79,4,1990,564,394,128,1,-1,-1,-1
79,5,2297,0,52,2,1,-1,-1,-1
79,6,770,490,441,470,1,-1,-1,-1
79,7,1920,575,520,288,1,-1,-1,-1
79,8,842,617,225,312,1,-1,-1,-1
79,9,1177,397,416,272,1,-1,-1,-1
79,10,0,435,629,520,1,-1,-1,-1
80,0,130,475,752,608,1,-1,-1,-1
80,1,767,572,880,580,1,-1,-1,-1
80,3,583,532,450,395,1,-1,-1,-1
80,4,1992,564,394,128,1,-1,-1,-1
80,5,2262,0,52,2,1,-1,-1,-1
80,6,778,508,420,448,1,-1,-1,-1
80,7,1922,576,520,288,1,-1,-1,-1
80,8,841,628,225,312,1,-1,-1,-1
80,9,1177,398,416,272,1,-1,-1,-1
80,10,0,430,619,520,1,-1,-1,-1
81,0,152,472,740,612,1,-1,-1,-1
81,1,724,588,860,560,1,-1,-1,-1
81,3,583,532,450,395,1,-1,-1,-1
81,4,1992,564,394,128,1,-1,-1,-1
81,5,2262,0,52,2,1,-1,-1,-1
81,6,778,508,420,448,1,-1,-1,-1
81,7,1912,568,520,288,1,-1,-1,-1
81,8,841,628,225,312,1,-1,-1,-1
81,9,1180,400,432,400,1,-1,-1,-1
81,10,0,430,619,520,1,-1,-1,-1
81,11,2480,716,80,328,1,-1,-1,-1
81,12,0,468,240,332,1,-1,-1,-1
81,13,36,592,404,404,1,-1,-1,-1
82,0,148,471,740,612,1,-1,-1,-1
82,1,719,586,860,560,1,-1,-1,-1
82,3,586,536,450,395,1,-1,-1,-1
82,4,1988,563,394,128,1,-1,-1,-1
82,5,2227,0,52,2,1,-1,-1,-1
82,6,760,505,441,470,1,-1,-1,-1
82,7,1912,569,520,288,1,-1,-1,-1
82,8,832,639,225,312,1,-1,-1,-1
82,9,1175,400,432,400,1,-1,-1,-1
82,10,0,429,623,520,1,-1,-1,-1
82,11,2480,718,80,328,1,-1,-1,-1
82,12,0,477,228,316,1,-1,-1,-1
82,13,29,592,404,404,1,-1,-1,-1
83,0,146,471,740,612,1,-1,-1,-1
83,1,743,603,819,533,1,-1,-1,-1
83,3,590,538,450,395,1,-1,-1,-1
83,4,1976,561,414,134,1,-1,-1,-1
83,5,2193,0,52,2,1,-1,-1,-1
83,6,757,502,441,470,1,-1,-1,-1
83,7,1913,570,520,288,1,-1,-1,-1
83,8,824,637,236,328,1,-1,-1,-1
83,9,1173,400,432,400,1,-1,-1,-1
83,10,0,434,632,520,1,-1,-1,-1
83,11,2481,719,79,328,1,-1,-1,-1
83,12,0,476,226,316,1,-1,-1,-1
83,13,28,594,404,404,1,-1,-1,-1
84,0,142,465,740,612,1,-1,-1,-1
84,1,708,584,860,560,1,-1,-1,-1
84,3,592,544,450,395,1,-1,-1,-1
84,4,1977,561,414,134,1,-1,-1,-1
84,6,736,511,441,470,1,-1,-1,-1
84,7,1914,571,520,288,1,-1,-1,-1
84,8,812,639,236,328,1,-1,-1,-1
84,9,1171,402,432,400,1,-1,-1,-1
84,10,0,428,623,520,1,-1,-1,-1
84,11,2482,726,76,312,1,-1,-1,-1
84,12,0,480,218,316,1,-1,-1,-1
84,13,23,593,404,404,1,-1,-1,-1
85,0,110,450,777,643,1,-1,-1,-1
85,1,719,596,819,533,1,-1,-1,-1
85,3,599,554,450,395,1,-1,-1,-1
85,4,1976,562,414,134,1,-1,-1,-1
85,6,711,507,463,494,1,-1,-1,-1
85,7,1916,572,520,288,1,-1,-1,-1
85,8,779,665,248,344,1,-1,-1,-1
85,9,1164,404,432,400,1,-1,-1,-1
85,10,0,431,629,520,1,-1,-1,-1
85,11,2479,715,80,328,1,-1,-1,-1
85,12,0,482,208,316,1,-1,-1,-1
85,13,7,585,424,424,1,-1,-1,-1
86,0,130,467,740,612,1,-1,-1,-1
86,1,713,600,819,533,1,-1,-1,-1
86,3,601,572,450,395,1,-1,-1,-1
86,4,1978,561,414,134,1,-1,-1,-1
86,6,735,525,441,470,1,-1,-1,-1
86,7,1912,571,520,288,1,-1,-1,-1
86,8,754,656,260,361,1,-1,-1,-1
86,9,1158,406,432,400,1,-1,-1,-1
86,10,0,424,648,546,1,-1,-1,-1
86,11,2477,713,80,328,1,-1,-1,-1
86,12,0,479,203,316,1,-1,-1,-1
86,13,0,580,422,424,1,-1,-1,-1
87,0,129,469,740,612,1,-1,-1,-1
87,1,726,618,780,508,1,-1,-1,-1
87,3,598,569,450,395,1,-1,-1,-1
87,4,1977,562,414,134,1,-1,-1,-1
87,6,709,532,441,470,1,-1,-1,-1
87,7,1917,570,520,288,1,-1,-1,-1
87,8,747,663,260,361,1,-1,-1,-1
87,9,1153,403,432,400,1,-1,-1,-1
87,10,0,419,637,546,1,-1,-1,-1
87,11,2476,713,80,328,1,-1,-1,-1
87,12,0,482,192,316,1,-1,-1,-1
87,13,0,585,424,424,1,-1,-1,-1
88,0,131,473,740,612,1,-1,-1,-1
88,1,702,609,819,533,1,-1,-1,-1
88,3,603,571,450,395,1,-1,-1,-1
88,4,1964,559,434,141,1,-1,-1,-1
88,6,718,548,441,470,1,-1,-1,-1
88,7,1928,579,495,274,1,-1,-1,-1
88,8,711,670,273,379,1,-1,-1,-1
88,9,1146,394,454,420,1,-1,-1,-1
88,10,0,417,640,546,1,-1,-1,-1
88,11,2476,712,80,328,1,-1,-1,-1
88,12,0,483,184,316,1,-1,-1,-1
88,13,0,585,418,424,1,-1,-1,-1
89,0,160,472,632,612,1,-1,-1,-1
89,1,616,584,868,556,1,-1,-1,-1
89,3,603,571,450,395,1,-1,-1,-1
89,4,1964,559,434,141,1,-1,-1,-1
89,6,718,548,441,470,1,-1,-1,-1
89,7,1916,568,512,288,1,-1,-1,-1
89,8,711,670,273,379,1,-1,-1,-1
89,9,1180,400,432,452,1,-1,-1,-1
89,10,0,417,640,546,1,-1,-1,-1
89,11,2508,720,52,316,1,-1,-1,-1
89,12,0,483,184,316,1,-1,-1,-1
89,13,0,588,424,412,1,-1,-1,-1
90,0,161,472,632,612,1,-1,-1,-1
90,1,601,593,868,556,1,-1,-1,-1
90,3,593,558,450,395,1,-1,-1,-1
90,4,1967,558,434,141,1,-1,-1,-1
90,6,700,543,441,470,1,-1,-1,-1
90,7,1914,567,512,288,1,-1,-1,-1
90,8,708,678,260,361,1,-1,-1,-1
90,9,1177,396,432,452,1,-1,-1,-1
90,10,0,430,643,546,1,-1,-1,-1
90,11,2475,325,52,316,1,-1,-1,-1
90,12,0,482,175,316,1,-1,-1,-1
90,13,0,582,417,412,1,-1,-1,-1
91,0,146,469,632,612,1,-1,-1,-1
91,1,616,603,827,530,1,-1,-1,-1
91,3,601,554,450,395,1,-1,-1,-1
91,4,1978,562,414,134,1,-1,-1,-1
91,6,695,560,441,470,1,-1,-1,-1
91,7,1916,568,512,288,1,-1,-1,-1
91,8,693,678,260,361,1,-1,-1,-1
91,9,1167,401,432,452,1,-1,-1,-1
91,10,0,425,652,546,1,-1,-1,-1
91,11,2442,0,52,246,1,-1,-1,-1
91,12,0,479,166,316,1,-1,-1,-1
91,13,0,581,416,412,1,-1,-1,-1
92,0,149,472,632,612,1,-1,-1,-1
92,1,584,594,868,556,1,-1,-1,-1
92,3,592,553,450,395,1,-1,-1,-1
92,4,1977,561,414,134,1,-1,-1,-1
92,6,678,556,441,470,1,-1,-1,-1
92,7,1915,565,512,288,1,-1,-1,-1
92,8,685,686,260,361,1,-1,-1,-1
92,9,1163,406,432,452,1,-1,-1,-1
92,10,0,429,637,546,1,-1,-1,-1
92,11,2409,0,52,2,1,-1,-1,-1
92,12,0,475,156,316,1,-1,-1,-1
92,13,0,584,417,412,1,-1,-1,-1
93,0,139,468,632,612,1,-1,-1,-1
93,1,565,592,868,556,1,-1,-1,-1
93,3,598,550,450,395,1,-1,-1,-1
93,4,1978,561,414,134,1,-1,-1,-1
93,6,662,560,441,470,1,-1,-1,-1
93,7,1917,567,512,288,1,-1,-1,-1
93,8,681,693,248,344,1,-1,-1,-1
93,9,1154,406,432,452,1,-1,-1,-1
93,10,0,430,639,546,1,-1,-1,-1
93,11,2376,0,52,2,1,-1,-1,-1
93,12,0,477,151,316,1,-1,-1,-1
93,13,0,583,414,412,1,-1,-1,-1
94,0,156,483,602,583,1,-1,-1,-1
94,1,549,591,868,556,1,-1,-1,-1
94,3,586,549,450,395,1,-1,-1,-1
94,4,1977,561,414,134,1,-1,-1,-1
94,6,669,558,441,470,1,-1,-1,-1
94,7,1919,566,512,288,1,-1,-1,-1
94,8,653,673,248,344,1,-1,-1,-1
94,9,1161,415,411,430,1,-1,-1,-1
94,10,0,426,645,546,1,-1,-1,-1
94,11,2343,0,52,2,1,-1,-1,-1
94,12,0,476,133,316,1,-1,-1,-1
94,13,0,580,411,412,1,-1,-1,-1
95,0,161,480,602,583,1,-1,-1,-1
95,1,556,603,868,556,1,-1,-1,-1
95,3,590,551,450,395,1,-1,-1,-1
95,4,1977,561,414,134,1,-1,-1,-1
95,7,1918,566,512,288,1,-1,-1,-1
95,8,652,663,248,344,1,-1,-1,-1
95,9,1169,415,411,430,1,-1,-1,-1
95,10,0,423,646,546,1,-1,-1,-1
95,11,2310,0,52,2,1,-1,-1,-1
95,12,0,475,138,316,1,-1,-1,-1
95,13,0,583,410,412,1,-1,-1,-1
96,0,163,482,602,583,1,-1,-1,-1
96,1,560,615,827,530,1,-1,-1,-1
96,3,592,546,450,395,1,-1,-1,-1
96,4,1978,561,414,134,1,-1,-1,-1
96,7,1916,564,512,288,1,-1,-1,-1
96,8,654,663,236,328,1,-1,-1,-1
96,9,1171,417,411,430,1,-1,-1,-1
96,10,0,428,637,546,1,-1,-1,-1
96,11,2278,0,52,2,1,-1,-1,-1
96,12,0,477,130,316,1,-1,-1,-1
96,13,0,579,408,412,1,-1,-1,-1
97,0,160,472,428,616,1,-1,-1,-1
97,1,496,572,852,560,1,-1,-1,-1
97,3,592,546,450,395,1,-1,-1,-1
97,4,1978,561,414,134,1,-1,-1,-1
97,7,1912,568,516,296,1,-1,-1,-1
97,8,654,663,236,328,1,-1,-1,-1
97,9,1176,400,432,460,1,-1,-1,-1
97,10,0,428,637,546,1,-1,-1,-1
97,11,2278,0,52,2,1,-1,-1,-1
97,12,0,477,130,316,1,-1,-1,-1
97,13,0,580,424,420,1,-1,-1,-1
97,14,2432,720,128,324,1,-1,-1,-1
97,15,0,508,236,108,1,-1,-1,-1
98,0,158,473,428,616,1,-1,-1,-1
98,1,501,569,852,560,1,-1,-1,-1
98,3,582,550,450,395,1,-1,-1,-1
98,4,1979,561,414,134,1,-1,-1,-1
98,7,1910,567,516,296,1,-1,-1,-1
98,8,621,657,236,328,1,-1,-1,-1
98,9,1172,400,432,460,1,-1,-1,-1
98,10,0,448,634,520,1,-1,-1,-1
98,11,2245,0,52,2,1,-1,-1,-1
98,12,0,477,120,316,1,-1,-1,-1
98,13,0,583,419,420,1,-1,-1,-1
98,14,2434,729,126,324,1,-1,-1,-1
98,15,0,508,232,108,1,-1,-1,-1
99,0,146,460,449,647,1,-1,-1,-1
99,1,495,580,852,560,1,-1,-1,-1
99,3,570,552,450,395,1,-1,-1,-1
99,4,1979,562,414,134,1,-1,-1,-1
99,7,1909,568,516,296,1,-1,-1,-1
99,8,583,647,248,344,1,-1,-1,-1
99,9,1177,411,411,438,1,-1,-1,-1
99,10,0,436,652,546,1,-1,-1,-1
99,11,2212,0,52,2,1,-1,-1,-1
99,12,0,478,107,316,1,-1,-1,-1
99,13,0,583,407,420,1,-1,-1,-1
99,14,2436,733,124,324,1,-1,-1,-1
99,15,0,509,221,108,1,-1,-1,-1
100,0,156,464,428,616,1,-1,-1,-1
100,1,499,582,811,533,1,-1,-1,-1
100,3,565,561,428,377,1,-1,-1,-1
100,4,1979,563,414,134,1,-1,-1,-1
100,7,1908,566,516,296,1,-1,-1,-1
100,8,551,636,248,344,1,-1,-1,-1
100,9,1170,407,411,438,1,-1,-1,-1
100,10,0,446,630,520,1,-1,-1,-1
100,12,0,474,100,316,1,-1,-1,-1
100,13,0,584,402,420,1,-1,-1,-1
100,14,2431,734,128,324,1,-1,-1,-1
100,15,0,505,217,113,1,-1,-1,-1
101,0,148,464,428,616,1,-1,-1,-1
101,1,496,585,811,533,1,-1,-1,-1
101,3,561,546,428,377,1,-1,-1,-1
101,4,1979,562,414,134,1,-1,-1,-1
101,7,1910,569,516,296,1,-1,-1,-1
101,8,557,641,236,328,1,-1,-1,-1
101,9,1168,410,411,438,1,-1,-1,-1
101,10,0,449,629,520,1,-1,-1,-1
101,12,0,464,98,332,1,-1,-1,-1
101,13,0,585,404,420,1,-1,-1,-1
101,14,2428,732,128,324,1,-1,-1,-1
101,15,0,502,221,119,1,-1,-1,-1
102,0,144,470,428,616,1,-1,-1,-1
102,1,477,585,811,533,1,-1,-1,-1
102,3,542,549,408,359,1,-1,-1,-1
102,4,1979,563,414,134,1,-1,-1,-1
102,7,1911,571,516,296,1,-1,-1,-1
102,8,540,641,236,328,1,-1,-1,-1
102,9,1163,410,411,438,1,-1,-1,-1
102,10,0,447,627,520,1,-1,-1,-1
102,12,0,468,96,332,1,-1,-1,-1
102,13,0,594,391,400,1,-1,-1,-1
102,14,2428,726,128,324,1,-1,-1,-1
102,15,0,505,214,119,1,-1,-1,-1
103,0,143,472,428,616,1,-1,-1,-1
103,1,441,581,852,560,1,-1,-1,-1
103,3,522,548,408,359,1,-1,-1,-1
103,4,1979,562,414,134,1,-1,-1,-1
103,7,1913,574,516,296,1,-1,-1,-1
103,8,526,641,236,328,1,-1,-1,-1
103,9,1158,395,432,460,1,-1,-1,-1
103,10,0,448,624,520,1,-1,-1,-1
103,12,0,467,85,332,1,-1,-1,-1
103,13,0,585,400,420,1,-1,-1,-1
103,14,2427,722,128,324,1,-1,-1,-1
103,15,0,508,219,119,1,-1,-1,-1
104,0,141,470,428,616,1,-1,-1,-1
104,1,456,592,811,533,1,-1,-1,-1
104,3,498,548,408,359,1,-1,-1,-1
104,4,1978,562,414,134,1,-1,-1,-1
104,7,1909,571,516,296,1,-1,-1,-1
104,8,501,639,236,328,1,-1,-1,-1
104,9,1159,394,432,460,1,-1,-1,-1
104,10,0,446,617,520,1,-1,-1,-1
104,12,0,474,72,316,1,-1,-1,-1
104,13,0,586,390,420,1,-1,-1,-1
104,14,2427,716,128,324,1,-1,-1,-1
104,15,0,509,226,119,1,-1,-1,-1
105,0,164,468,736,616,1,-1,-1,-1
105,1,380,516,876,620,1,-1,-1,-1
105,3,498,548,408,359,1,-1,-1,-1
105,4,1978,562,414,134,1,-1,-1,-1
105,7,1916,568,516,300,1,-1,-1,-1
105,8,501,639,236,328,1,-1,-1,-1
105,9,1180,392,432,476,1,-1,-1,-1
105,10,0,446,617,520,1,-1,-1,-1
105,12,0,474,72,316,1,-1,-1,-1
105,13,0,580,432,492,1,-1,-1,-1
105,14,2427,716,128,324,1,-1,-1,-1
105,15,0,496,188,116,1,-1,-1,-1
105,16,2512,720,48,324,1,-1,-1,-1
106,0,155,465,736,616,1,-1,-1,-1
106,1,374,521,876,620,1,-1,-1,-1
106,3,462,541,408,359,1,-1,-1,-1
106,4,1979,562,414,134,1,-1,-1,-1
106,7,1915,569,516,300,1,-1,-1,-1
106,8,465,643,236,328,1,-1,-1,-1
106,9,1180,391,432,476,1,-1,-1,-1
106,10,0,455,600,495,1,-1,-1,-1
106,12,0,405,188,332,1,-1,-1,-1
106,13,0,579,425,492,1,-1,-1,-1
106,14,2432,726,122,309,1,-1,-1,-1
106,15,0,497,178,116,1,-1,-1,-1
106,16,2478,315,48,324,1,-1,-1,-1
107,0,160,466,736,616,1,-1,-1,-1
107,1,369,521,876,620,1,-1,-1,-1
107,3,463,553,389,342,1,-1,-1,-1
107,4,1979,562,414,134,1,-1,-1,-1
107,7,1915,567,516,300,1,-1,-1,-1
107,8,461,645,236,328,1,-1,-1,-1
107,9,1180,390,432,476,1,-1,-1,-1
107,10,0,439,597,495,1,-1,-1,-1
107,12,0,405,214,332,1,-1,-1,-1
107,13,0,577,425,492,1,-1,-1,-1
107,14,2432,729,122,309,1,-1,-1,-1
107,15,0,498,178,116,1,-1,-1,-1
107,16,2444,0,48,234,1,-1,-1,-1
108,0,160,471,736,616,1,-1,-1,-1
108,1,349,515,876,620,1,-1,-1,-1
108,3,446,547,389,342,1,-1,-1,-1
108,4,1981,562,414,134,1,-1,-1,-1
108,7,1914,567,516,300,1,-1,-1,-1
108,8,438,644,236,328,1,-1,-1,-1
108,9,1179,391,432,476,1,-1,-1,-1
108,10,0,453,575,472,1,-1,-1,-1
108,13,0,576,426,492,1,-1,-1,-1
108,14,2428,722,128,324,1,-1,-1,-1
108,15,0,499,165,116,1,-1,-1,-1
108,16,2411,0,48,2,1,-1,-1,-1
109,0,149,473,736,616,1,-1,-1,-1
109,1,345,509,876,620,1,-1,-1,-1
109,3,442,549,370,325,1,-1,-1,-1
109,4,1981,562,414,134,1,-1,-1,-1
109,7,1916,569,516,300,1,-1,-1,-1
109,8,427,654,236,328,1,-1,-1,-1
109,9,1180,393,432,476,1,-1,-1,-1
109,10,10,449,577,472,1,-1,-1,-1
109,13,0,563,435,517,1,-1,-1,-1
109,14,2425,711,134,340,1,-1,-1,-1
109,15,0,501,151,116,1,-1,-1,-1
109,16,2377,0,48,2,1,-1,-1,-1
110,0,147,471,736,616,1,-1,-1,-1
110,1,357,519,834,590,1,-1,-1,-1
110,3,431,540,370,325,1,-1,-1,-1
110,4,1983,562,414,134,1,-1,-1,-1
110,7,1922,567,516,300,1,-1,-1,-1
110,8,421,662,236,328,1,-1,-1,-1
110,9,1182,391,432,476,1,-1,-1,-1
110,10,9,462,577,472,1,-1,-1,-1
110,13,0,566,437,517,1,-1,-1,-1
110,14,2422,696,138,357,1,-1,-1,-1
110,15,0,505,136,116,1,-1,-1,-1
110,16,2343,0,48,2,1,-1,-1,-1
111,0,155,483,701,587,1,-1,-1,-1
111,1,339,510,834,590,1,-1,-1,-1
111,3,418,543,352,310,1,-1,-1,-1
111,4,1983,562,414,134,1,-1,-1,-1
111,7,1918,568,516,300,1,-1,-1,-1
111,8,404,666,236,328,1,-1,-1,-1
111,9,1181,390,432,476,1,-1,-1,-1
111,10,0,444,606,495,1,-1,-1,-1
111,13,0,551,440,542,1,-1,-1,-1
111,14,2419,685,141,375,1,-1,-1,-1
111,15,0,506,118,116,1,-1,-1,-1
111,16,2310,0,48,2,1,-1,-1,-1
112,0,134,479,701,587,1,-1,-1,-1
112,1,309,516,834,590,1,-1,-1,-1
112,3,406,543,352,310,1,-1,-1,-1
112,4,1985,562,414,134,1,-1,-1,-1
112,7,1922,567,516,300,1,-1,-1,-1
112,8,379,654,236,328,1,-1,-1,-1
112,9,1182,390,432,476,1,-1,-1,-1
112,10,38,459,606,495,1,-1,-1,-1
112,13,0,562,428,517,1,-1,-1,-1
112,14,2418,690,142,375,1,-1,-1,-1
112,15,0,505,106,116,1,-1,-1,-1
112,16,2276,0,48,2,1,-1,-1,-1
113,0,134,479,701,587,1,-1,-1,-1
113,1,264,580,904,552,1,-1,-1,-1
113,3,406,543,352,310,1,-1,-1,-1
113,4,1985,562,414,134,1,-1,-1,-1
113,7,1916,568,520,288,1,-1,-1,-1
113,8,379,654,236,328,1,-1,-1,-1
113,9,1128,400,488,456,1,-1,-1,-1
113,10,38,459,606,495,1,-1,-1,-1
113,13,0,596,400,408,1,-1,-1,-1
113,14,2418,690,142,375,1,-1,-1,-1
113,15,0,505,106,116,1,-1,-1,-1
113,16,2276,0,48,2,1,-1,-1,-1
113,17,2512,720,48,332,1,-1,-1,-1
114,0,124,480,701,587,1,-1,-1,-1
114,1,268,576,904,552,1,-1,-1,-1
114,3,387,536,370,325,1,-1,-1,-1
114,4,1986,562,414,134,1,-1,-1,-1
114,7,1917,569,520,288,1,-1,-1,-1
114,8,358,654,236,328,1,-1,-1,-1
114,9,1128,402,488,456,1,-1,-1,-1
114,10,13,447,636,520,1,-1,-1,-1
114,13,0,597,395,408,1,-1,-1,-1
114,14,2416,691,144,375,1,-1,-1,-1
114,15,0,503,89,116,1,-1,-1,-1
114,16,2242,0,48,2,1,-1,-1,-1
114,17,2477,305,48,332,1,-1,-1,-1
115,0,122,482,701,587,1,-1,-1,-1
115,1,268,589,861,526,1,-1,-1,-1
115,3,387,536,352,310,1,-1,-1,-1
115,4,1989,563,414,134,1,-1,-1,-1
115,7,1919,570,520,288,1,-1,-1,-1
115,8,344,653,236,328,1,-1,-1,-1
115,9,1129,402,488,456,1,-1,-1,-1
115,10,4,451,636,520,1,-1,-1,-1
115,13,0,597,387,408,1,-1,-1,-1
115,14,2414,701,146,375,1,-1,-1,-1
115,15,0,497,75,122,1,-1,-1,-1
115,16,2208,0,48,2,1,-1,-1,-1
115,17,2443,0,48,222,1,-1,-1,-1
116,0,127,483,701,587,1,-1,-1,-1
116,1,257,588,861,526,1,-1,-1,-1
116,3,394,541,336,295,1,-1,-1,-1
116,4,1988,563,414,134,1,-1,-1,-1
116,7,1921,568,520,288,1,-1,-1,-1
116,8,334,653,236,328,1,-1,-1,-1
116,9,1130,400,488,456,1,-1,-1,-1
116,10,1,449,636,520,1,-1,-1,-1
116,13,0,597,385,408,1,-1,-1,-1
116,14,2413,699,147,375,1,-1,-1,-1
116,15,0,490,64,128,1,-1,-1,-1
116,17,2408,0,48,2,1,-1,-1,-1
117,0,124,470,701,587,1,-1,-1,-1
117,1,263,607,820,501,1,-1,-1,-1
117,3,376,539,336,295,1,-1,-1,-1
117,4,1989,561,414,134,1,-1,-1,-1
117,7,1919,569,520,288,1,-1,-1,-1
117,8,326,649,236,328,1,-1,-1,-1
117,9,1133,402,488,456,1,-1,-1,-1
117,10,0,434,649,546,1,-1,-1,-1
117,13,0,599,374,408,1,-1,-1,-1
117,14,2416,702,144,375,1,-1,-1,-1
117,15,0,485,49,134,1,-1,-1,-1
117,17,2374,0,48,2,1,-1,-1,-1
118,0,129,470,668,559,1,-1,-1,-1
118,1,228,595,861,526,1,-1,-1,-1
118,3,377,546,320,281,1,-1,-1,-1
118,4,1990,560,414,134,1,-1,-1,-1
118,7,1923,567,520,288,1,-1,-1,-1
118,8,290,642,248,344,1,-1,-1,-1
118,9,1132,403,488,456,1,-1,-1,-1
118,10,0,429,667,573,1,-1,-1,-1
118,13,0,607,353,389,1,-1,-1,-1
118,14,2422,703,138,375,1,-1,-1,-1
118,15,0,480,36,128,1,-1,-1,-1
118,17,2339,0,48,2,1,-1,-1,-1
119,0,109,466,701,587,1,-1,-1,-1
119,1,213,590,861,526,1,-1,-1,-1
119,3,375,547,320,281,1,-1,-1,-1
119,4,1989,560,414,134,1,-1,-1,-1
119,7,1923,567,520,288,1,-1,-1,-1
119,8,294,643,248,344,1,-1,-1,-1
119,9,1133,399,488,456,1,-1,-1,-1
119,10,0,425,672,573,1,-1,-1,-1
119,13,0,605,353,389,1,-1,-1,-1
119,14,2426,709,134,375,1,-1,-1,-1
119,15,0,476,36,134,1,-1,-1,-1
119,17,2305,0,48,2,1,-1,-1,-1
120,0,138,456,701,587,1,-1,-1,-1
120,1,222,594,861,526,1,-1,-1,-1
120,3,361,547,320,281,1,-1,-1,-1
120,4,1993,560,414,134,1,-1,-1,-1
120,7,1924,566,520,288,1,-1,-1,-1
120,8,290,655,236,328,1,-1,-1,-1
120,9,1134,395,488,456,1,-1,-1,-1
120,10,0,436,662,546,1,-1,-1,-1
120,13,0,618,338,370,1,-1,-1,-1
120,14,2432,713,128,375,1,-1,-1,-1
120,15,0,478,30,134,1,-1,-1,-1
120,17,2270,0,48,2,1,-1,-1,-1
121,0,138,456,701,587,1,-1,-1,-1
121,1,168,592,904,540,1,-1,-1,-1
121,3,361,547,320,281,1,-1,-1,-1
121,4,1993,560,414,134,1,-1,-1,-1
121,7,1940,564,520,276,1,-1,-1,-1
121,8,290,655,236,328,1,-1,-1,-1
121,9,1072,416,572,440,1,-1,-1,-1
121,10,0,436,662,546,1,-1,-1,-1
121,13,0,596,200,396,1,-1,-1,-1
121,14,2432,713,128,375,1,-1,-1,-1
121,15,0,478,30,134,1,-1,-1,-1
121,17,2270,0,48,2,1,-1,-1,-1
121,18,192,468,328,528,1,-1,-1,-1
122,0,153,463,701,587,1,-1,-1,-1
122,1,165,587,904,540,1,-1,-1,-1
122,3,366,546,320,281,1,-1,-1,-1
122,4,2042,563,394,128,1,-1,-1,-1
122,7,1956,565,520,276,1,-1,-1,-1
122,8,293,652,236,328,1,-1,-1,-1
122,9,1087,416,572,440,1,-1,-1,-1
122,10,0,436,667,546,1,-1,-1,-1
122,13,9,595,200,396,1,-1,-1,-1
122,14,2433,782,127,375,1,-1,-1,-1
122,15,0,472,35,141,1,-1,-1,-1
122,17,2235,0,48,2,1,-1,-1,-1
122,18,205,471,328,528,1,-1,-1,-1
123,0,130,474,668,559,1,-1,-1,-1
123,1,191,592,904,540,1,-1,-1,-1
123,3,378,549,320,281,1,-1,-1,-1
123,4,2057,559,414,134,1,-1,-1,-1
123,7,1986,566,520,276,1,-1,-1,-1
123,8,303,662,236,328,1,-1,-1,-1
123,9,1110,418,572,440,1,-1,-1,-1
123,10,6,420,701,573,1,-1,-1,-1
123,13,23,595,200,396,1,-1,-1,-1
123,14,2449,783,111,375,1,-1,-1,-1
123,15,0,474,36,141,1,-1,-1,-1
123,17,2201,0,48,2,1,-1,-1,-1
123,18,218,472,328,528,1,-1,-1,-1
124,0,163,477,668,559,1,-1,-1,-1
124,1,189,577,949,567,1,-1,-1,-1
124,3,389,553,320,281,1,-1,-1,-1
124,4,2091,560,414,134,1,-1,-1,-1
124,7,2026,566,520,276,1,-1,-1,-1
124,8,309,662,248,344,1,-1,-1,-1
124,9,1154,417,572,440,1,-1,-1,-1
124,10,5,431,701,573,1,-1,-1,-1
124,13,57,607,190,377,1,-1,-1,-1
124,14,2452,646,108,357,1,-1,-1,-1
124,18,235,460,344,554,1,-1,-1,-1
125,0,130,464,701,587,1,-1,-1,-1
125,1,188,573,949,567,1,-1,-1,-1
125,3,379,550,336,295,1,-1,-1,-1
125,4,2091,561,414,134,1,-1,-1,-1
125,7,2025,566,520,276,1,-1,-1,-1
125,8,312,660,248,344,1,-1,-1,-1
125,9,1151,416,572,440,1,-1,-1,-1
125,10,6,432,701,573,1,-1,-1,-1
125,13,59,606,190,377,1,-1,-1,-1
125,14,2447,673,113,357,1,-1,-1,-1
125,18,243,459,344,554,1,-1,-1,-1
126,0,143,463,701,587,1,-1,-1,-1
126,1,212,568,949,567,1,-1,-1,-1
126,3,397,556,336,295,1,-1,-1,-1
126,4,2129,561,414,134,1,-1,-1,-1
126,7,2063,564,497,276,1,-1,-1,-1
126,8,338,665,248,344,1,-1,-1,-1
126,9,1187,415,572,440,1,-1,-1,-1
126,10,21,425,701,573,1,-1,-1,-1
126,13,84,605,190,377,1,-1,-1,-1
126,14,2438,714,122,357,1,-1,-1,-1
126,18,288,475,328,528,1,-1,-1,-1
127,0,192,452,701,587,1,-1,-1,-1
127,1,189,555,997,595,1,-1,-1,-1
127,3,426,553,336,295,1,-1,-1,-1
127,4,2169,561,391,134,1,-1,-1,-1
127,7,2099,566,461,276,1,-1,-1,-1
127,8,361,669,248,344,1,-1,-1,-1
127,9,1224,416,572,440,1,-1,-1,-1
127,10,49,448,668,546,1,-1,-1,-1
127,13,111,617,181,359,1,-1,-1,-1
127,14,2445,689,115,340,1,-1,-1,-1
127,18,317,476,328,528,1,-1,-1,-1
128,0,197,449,701,587,1,-1,-1,-1
128,1,210,555,997,595,1,-1,-1,-1
128,3,427,544,336,295,1,-1,-1,-1
128,4,2191,557,369,141,1,-1,-1,-1
128,7,2135,565,425,276,1,-1,-1,-1
128,8,370,675,248,344,1,-1,-1,-1
128,9,1247,415,572,440,1,-1,-1,-1
128,10,28,436,701,573,1,-1,-1,-1
128,13,127,623,181,359,1,-1,-1,-1
128,14,2447,699,113,340,1,-1,-1,-1
128,18,331,480,328,528,1,-1,-1,-1
129,0,197,449,701,587,1,-1,-1,-1
129,1,232,580,868,544,1,-1,-1,-1
129,3,427,544,336,295,1,-1,-1,-1
129,4,2191,557,369,141,1,-1,-1,-1
129,7,2144,564,416,300,1,-1,-1,-1
129,8,370,675,248,344,1,-1,-1,-1
129,9,1248,436,604,428,1,-1,-1,-1
129,10,28,436,701,573,1,-1,-1,-1
129,13,127,623,181,359,1,-1,-1,-1
129,14,2447,699,113,340,1,-1,-1,-1
129,18,331,480,328,528,1,-1,-1,-1
129,19,0,592,300,416,1,-1,-1,-1
129,20,0,516,128,124,1,-1,-1,-1
130,0,218,467,701,587,1,-1,-1,-1
130,1,244,586,827,518,1,-1,-1,-1
130,3,431,548,320,281,1,-1,-1,-1
130,4,2209,558,351,141,1,-1,-1,-1
130,7,2152,562,408,300,1,-1,-1,-1
130,8,362,671,248,344,1,-1,-1,-1
130,9,1256,435,604,428,1,-1,-1,-1
130,10,12,417,736,602,1,-1,-1,-1
130,13,125,618,181,359,1,-1,-1,-1
130,14,2422,664,134,340,1,-1,-1,-1
130,18,307,475,328,528,1,-1,-1,-1
130,19,0,591,297,416,1,-1,-1,-1
130,20,0,515,126,124,1,-1,-1,-1
131,0,233,485,668,559,1,-1,-1,-1
131,1,244,586,827,518,1,-1,-1,-1
131,3,428,545,320,281,1,-1,-1,-1
131,4,2212,557,348,141,1,-1,-1,-1
131,7,2155,563,405,300,1,-1,-1,-1
131,8,365,671,248,344,1,-1,-1,-1
131,9,1255,434,604,428,1,-1,-1,-1
131,10,35,436,701,573,1,-1,-1,-1
131,13,123,608,190,377,1,-1,-1,-1
131,14,2421,672,134,340,1,-1,-1,-1
131,18,317,488,328,528,1,-1,-1,-1
131,19,0,590,296,416,1,-1,-1,-1
131,20,0,515,126,124,1,-1,-1,-1
132,0,232,483,668,559,1,-1,-1,-1
132,1,263,582,827,518,1,-1,-1,-1
132,3,425,543,320,281,1,-1,-1,-1
132,4,2225,557,335,141,1,-1,-1,-1
132,7,2171,564,389,300,1,-1,-1,-1
132,8,363,667,248,344,1,-1,-1,-1
132,9,1264,433,604,428,1,-1,-1,-1
132,10,40,439,701,573,1,-1,-1,-1
132,13,120,606,190,377,1,-1,-1,-1
132,18,312,482,328,528,1,-1,-1,-1
132,19,0,591,298,416,1,-1,-1,-1
132,20,0,515,128,124,1,-1,-1,-1
133,0,242,478,668,559,1,-1,-1,-1
133,1,272,585,827,518,1,-1,-1,-1
133,3,424,548,320,281,1,-1,-1,-1
133,4,2254,559,306,141,1,-1,-1,-1
133,7,2187,566,373,300,1,-1,-1,-1
133,8,370,661,248,344,1,-1,-1,-1
133,9,1286,432,604,428,1,-1,-1,-1
133,10,46,444,701,573,1,-1,-1,-1
133,13,119,608,190,377,1,-1,-1,-1
133,18,308,478,328,528,1,-1,-1,-1
133,19,2,591,300,416,1,-1,-1,-1
133,20,1,514,128,124,1,-1,-1,-1
134,0,225,462,701,587,1,-1,-1,-1
134,1,271,577,827,518,1,-1,-1,-1
134,3,441,549,320,281,1,-1,-1,-1
134,4,2287,558,273,141,1,-1,-1,-1
134,7,2219,565,341,300,1,-1,-1,-1
134,8,382,651,248,344,1,-1,-1,-1
134,9,1317,434,604,428,1,-1,-1,-1
134,10,13,442,701,573,1,-1,-1,-1
134,13,119,599,200,396,1,-1,-1,-1
134,18,302,490,312,503,1,-1,-1,-1
134,19,14,592,300,416,1,-1,-1,-1
134,20,11,513,128,124,1,-1,-1,-1
135,0,291,472,668,559,1,-1,-1,-1
135,1,300,577,868,544,1,-1,-1,-1
135,3,451,543,320,281,1,-1,-1,-1
135,4,2319,557,241,141,1,-1,-1,-1
135,7,2248,565,312,300,1,-1,-1,-1
135,8,399,643,248,344,1,-1,-1,-1
135,9,1353,436,604,428,1,-1,-1,-1
135,10,37,446,701,573,1,-1,-1,-1
135,13,133,597,200,396,1,-1,-1,-1
135,18,296,474,328,528,1,-1,-1,-1
135,19,46,595,286,396,1,-1,-1,-1
135,20,20,508,134,130,1,-1,-1,-1
136,0,293,470,668,559,1,-1,-1,-1
136,1,319,583,868,544,1,-1,-1,-1
136,3,455,544,320,281,1,-1,-1,-1
136,4,2351,555,209,141,1,-1,-1,-1
136,7,2278,565,282,300,1,-1,-1,-1
136,8,404,639,248,344,1,-1,-1,-1
136,9,1370,436,604,428,1,-1,-1,-1
136,10,40,450,701,573,1,-1,-1,-1
136,13,159,595,200,396,1,-1,-1,-1
136,18,305,462,328,528,1,-1,-1,-1
136,19,73,588,286,396,1,-1,-1,-1
136,20,23,504,141,137,1,-1,-1,-1
137,0,293,470,668,559,1,-1,-1,-1
137,1,276,592,884,528,1,-1,-1,-1
137,3,455,544,320,281,1,-1,-1,-1
137,4,2351,555,209,141,1,-1,-1,-1
137,7,2284,560,276,276,1,-1,-1,-1
137,8,404,639,248,344,1,-1,-1,-1
137,9,1384,444,604,412,1,-1,-1,-1
137,10,0,576,560,468,1,-1,-1,-1
137,13,159,595,200,396,1,-1,-1,-1
137,18,305,462,328,528,1,-1,-1,-1
137,19,73,588,286,396,1,-1,-1,-1
137,20,0,476,164,200,1,-1,-1,-1
138,0,309,473,668,559,1,-1,-1,-1
138,1,279,590,884,528,1,-1,-1,-1
138,3,462,545,320,281,1,-1,-1,-1
138,4,2371,559,189,141,1,-1,-1,-1
138,7,2306,560,254,276,1,-1,-1,-1
138,8,401,640,248,344,1,-1,-1,-1
138,9,1402,445,604,412,1,-1,-1,-1
138,10,6,577,560,468,1,-1,-1,-1
138,13,186,604,190,377,1,-1,-1,-1
138,18,306,463,328,528,1,-1,-1,-1
138,19,78,589,286,396,1,-1,-1,-1
138,20,4,474,164,200,1,-1,-1,-1
139,0,363,466,668,559,1,-1,-1,-1
139,1,293,596,884,528,1,-1,-1,-1
139,3,463,542,320,281,1,-1,-1,-1
139,4,2385,561,175,141,1,-1,-1,-1
139,7,2329,560,231,276,1,-1,-1,-1
139,8,402,638,248,344,1,-1,-1,-1
139,9,1427,445,604,412,1,-1,-1,-1
139,10,20,574,560,468,1,-1,-1,-1
139,13,195,593,200,396,1,-1,-1,-1
139,18,321,480,312,503,1,-1,-1,-1
139,19,82,593,286,396,1,-1,-1,-1
139,20,10,474,164,200,1,-1,-1,-1
140,0,375,472,636,532,1,-1,-1,-1
140,1,323,610,842,503,1,-1,-1,-1
140,3,465,545,320,281,1,-1,-1,-1
140,4,2405,566,155,134,1,-1,-1,-1
140,7,2347,559,213,276,1,-1,-1,-1
140,8,396,639,248,344,1,-1,-1,-1
140,9,1452,454,575,392,1,-1,-1,-1
140,10,26,575,560,468,1,-1,-1,-1
140,13,197,586,210,416,1,-1,-1,-1
140,18,318,482,312,503,1,-1,-1,-1
140,19,80,595,286,396,1,-1,-1,-1
140,20,13,472,164,200,1,-1,-1,-1
141,0,377,484,606,507,1,-1,-1,-1
141,1,300,597,884,528,1,-1,-1,-1
141,3,455,549,320,281,1,-1,-1,-1
141,4,2413,568,147,134,1,-1,-1,-1
141,7,2362,559,198,276,1,-1,-1,-1
141,8,402,649,236,328,1,-1,-1,-1
141,9,1461,455,575,392,1,-1,-1,-1
141,10,22,582,560,468,1,-1,-1,-1
141,13,213,587,210,416,1,-1,-1,-1
141,18,312,490,312,503,1,-1,-1,-1
141,19,76,596,286,396,1,-1,-1,-1
141,20,11,470,164,200,1,-1,-1,-1
142,0,335,532,606,507,1,-1,-1,-1
142,1,314,608,842,503,1,-1,-1,-1
142,3,449,551,320,281,1,-1,-1,-1
142,4,2424,570,136,128,1,-1,-1,-1
142,7,2377,558,183,276,1,-1,-1,-1
142,8,402,651,236,328,1,-1,-1,-1
142,9,1468,446,604,412,1,-1,-1,-1
142,10,28,577,560,468,1,-1,-1,-1
142,13,222,587,210,416,1,-1,-1,-1
142,18,309,494,312,503,1,-1,-1,-1
142,19,77,603,286,396,1,-1,-1,-1
142,20,7,462,164,200,1,-1,-1,-1
143,0,349,517,606,507,1,-1,-1,-1
143,1,332,606,842,503,1,-1,-1,-1
143,3,449,551,320,281,1,-1,-1,-1
143,4,2425,569,135,128,1,-1,-1,-1
143,7,2375,560,185,276,1,-1,-1,-1
143,8,403,651,236,328,1,-1,-1,-1
143,9,1467,446,604,412,1,-1,-1,-1
143,10,31,579,560,468,1,-1,-1,-1
143,13,226,590,210,416,1,-1,-1,-1
143,18,306,498,312,503,1,-1,-1,-1
143,19,79,603,286,396,1,-1,-1,-1
143,20,9,463,164,200,1,-1,-1,-1
144,0,360,527,606,507,1,-1,-1,-1
144,1,338,606,842,503,1,-1,-1,-1
144,3,459,560,305,268,1,-1,-1,-1
144,4,2439,573,121,122,1,-1,-1,-1
144,7,2399,560,161,276,1,-1,-1,-1
144,8,410,655,236,328,1,-1,-1,-1
144,9,1496,457,575,392,1,-1,-1,-1
144,10,29,583,560,468,1,-1,-1,-1
144,13,240,591,200,396,1,-1,-1,-1
144,18,296,487,328,528,1,-1,-1,-1
144,19,78,607,286,396,1,-1,-1,-1
144,20,8,472,164,200,1,-1,-1,-1
145,0,360,527,606,507,1,-1,-1,-1
145,1,300,592,884,532,1,-1,-1,-1
145,3,459,560,305,268,1,-1,-1,-1
145,4,2439,573,121,122,1,-1,-1,-1
145,7,2420,564,136,296,1,-1,-1,-1
145,8,410,655,236,328,1,-1,-1,-1
145,9,1500,448,612,404,1,-1,-1,-1
145,10,0,576,644,472,1,-1,-1,-1
145,13,240,591,200,396,1,-1,-1,-1
145,18,296,487,328,528,1,-1,-1,-1
145,19,78,607,286,396,1,-1,-1,-1
145,20,8,472,164,200,1,-1,-1,-1
145,21,1068,588,388,496,1,-1,-1,-1
145,22,0,464,236,132,1,-1,-1,-1
146,0,323,542,577,483,1,-1,-1,-1
146,1,294,596,884,532,1,-1,-1,-1
146,3,462,560,305,268,1,-1,-1,-1
146,7,2433,564,127,296,1,-1,-1,-1
146,8,417,662,225,312,1,-1,-1,-1
146,9,1513,449,612,404,1,-1,-1,-1
146,10,2,574,644,472,1,-1,-1,-1
146,13,251,591,200,396,1,-1,-1,-1
146,18,288,484,328,528,1,-1,-1,-1
146,19,87,601,286,396,1,-1,-1,-1
146,20,11,476,156,190,1,-1,-1,-1
146,21,1078,587,388,496,1,-1,-1,-1
146,22,9,465,236,132,1,-1,-1,-1
147,0,277,550,577,483,1,-1,-1,-1
147,1,316,598,884,532,1,-1,-1,-1
147,3,466,558,305,268,1,-1,-1,-1
147,7,2455,565,105,296,1,-1,-1,-1
147,8,420,657,225,312,1,-1,-1,-1
147,9,1523,449,612,404,1,-1,-1,-1
147,10,5,577,644,472,1,-1,-1,-1
147,13,259,590,200,396,1,-1,-1,-1
147,18,305,492,312,503,1,-1,-1,-1
147,19,105,609,272,377,1,-1,-1,-1
147,20,17,474,156,190,1,-1,-1,-1
147,21,1090,589,388,496,1,-1,-1,-1
147,22,20,464,236,132,1,-1,-1,-1
148,0,212,526,606,507,1,-1,-1,-1
148,1,339,609,842,507,1,-1,-1,-1
148,3,468,556,305,268,1,-1,-1,-1
148,7,2476,565,84,296,1,-1,-1,-1
148,8,431,661,214,297,1,-1,-1,-1
148,9,1552,445,612,404,1,-1,-1,-1
148,10,33,592,613,450,1,-1,-1,-1
148,13,259,594,200,396,1,-1,-1,-1
148,18,322,498,298,479,1,-1,-1,-1
148,19,114,595,286,396,1,-1,-1,-1
148,20,25,473,156,190,1,-1,-1,-1
148,21,1106,588,388,496,1,-1,-1,-1
148,22,22,458,248,139,1,-1,-1,-1
149,0,197,515,636,532,1,-1,-1,-1
149,1,364,618,802,483,1,-1,-1,-1
149,3,471,553,305,268,1,-1,-1,-1
149,7,2474,567,86,296,1,-1,-1,-1
149,8,422,652,225,312,1,-1,-1,-1
149,9,1552,449,612,404,1,-1,-1,-1
149,10,31,593,613,450,1,-1,-1,-1
149,13,259,598,200,396,1,-1,-1,-1
149,18,330,499,298,479,1,-1,-1,-1
149,19,101,596,272,377,1,-1,-1,-1
149,20,26,473,156,190,1,-1,-1,-1
149,21,1109,589,388,496,1,-1,-1,-1
149,22,21,458,260,146,1,-1,-1,-1
150,0,188,507,668,559,1,-1,-1,-1
150,1,360,626,802,483,1,-1,-1,-1
150,3,471,551,305,268,1,-1,-1,-1
150,7,2493,562,67,296,1,-1,-1,-1
150,8,425,654,225,312,1,-1,-1,-1
150,9,1559,448,612,404,1,-1,-1,-1
150,10,30,601,613,450,1,-1,-1,-1
150,13,247,612,190,377,1,-1,-1,-1
150,18,318,486,312,503,1,-1,-1,-1
150,19,142,589,272,377,1,-1,-1,-1
150,20,27,474,156,190,1,-1,-1,-1
150,21,1119,589,388,496,1,-1,-1,-1
150,22,29,457,260,146,1,-1,-1,-1
151,0,154,502,668,559,1,-1,-1,-1
151,1,358,617,802,483,1,-1,-1,-1
151,3,467,551,305,268,1,-1,-1,-1
151,7,2501,571,59,282,1,-1,-1,-1
151,8,427,653,225,312,1,-1,-1,-1
151,9,1569,451,612,404,1,-1,-1,-1
151,10,33,599,613,450,1,-1,-1,-1
151,13,245,612,190,377,1,-1,-1,-1
151,18,312,472,328,528,1,-1,-1,-1
151,19,160,580,286,396,1,-1,-1,-1
151,20,26,476,156,190,1,-1,-1,-1
151,21,1130,587,388,496,1,-1,-1,-1
151,22,26,459,273,153,1,-1,-1,-1
152,0,156,490,668,559,1,-1,-1,-1
152,1,363,621,802,483,1,-1,-1,-1
152,3,468,549,305,268,1,-1,-1,-1
152,7,2512,585,48,268,1,-1,-1,-1
152,8,430,653,225,312,1,-1,-1,-1
152,9,1584,452,612,404,1,-1,-1,-1
152,10,34,599,613,450,1,-1,-1,-1
152,13,240,609,190,377,1,-1,-1,-1
152,18,310,477,328,528,1,-1,-1,-1
152,19,163,584,286,396,1,-1,-1,-1
152,20,29,472,156,190,1,-1,-1,-1
152,21,1131,584,407,521,1,-1,-1,-1
152,22,20,453,287,160,1,-1,-1,-1
153,0,156,490,668,559,1,-1,-1,-1
153,1,288,600,896,524,1,-1,-1,-1
153,3,468,549,305,268,1,-1,-1,-1
153,7,2512,585,48,268,1,-1,-1,-1
153,8,430,653,225,312,1,-1,-1,-1
153,9,1592,444,632,408,1,-1,-1,-1
153,10,36,580,632,280,1,-1,-1,-1
153,13,240,609,190,377,1,-1,-1,-1
153,18,310,477,328,528,1,-1,-1,-1
153,19,163,584,286,396,1,-1,-1,-1
153,20,29,472,156,190,1,-1,-1,-1
153,21,1131,584,407,521,1,-1,-1,-1
153,22,20,453,287,160,1,-1,-1,-1
153,23,752,548,804,536,1,-1,-1,-1
153,24,0,484,188,356,1,-1,-1,-1
154,0,161,488,668,559,1,-1,-1,-1
154,1,284,606,896,524,1,-1,-1,-1
154,3,472,552,305,268,1,-1,-1,-1
154,7,2462,546,98,268,1,-1,-1,-1
154,8,429,658,225,312,1,-1,-1,-1
154,9,1599,442,632,408,1,-1,-1,-1
154,10,27,576,664,294,1,-1,-1,-1
154,13,263,613,190,377,1,-1,-1,-1
154,18,305,461,344,554,1,-1,-1,-1
154,19,189,583,286,396,1,-1,-1,-1
154,20,31,474,156,190,1,-1,-1,-1
154,21,1153,580,407,521,1,-1,-1,-1
154,22,0,441,273,153,1,-1,-1,-1
154,23,756,553,804,536,1,-1,-1,-1
154,24,2,487,188,356,1,-1,-1,-1
155,0,155,480,668,559,1,-1,-1,-1
155,1,280,603,896,524,1,-1,-1,-1
155,3,470,552,305,268,1,-1,-1,-1
155,7,2445,557,115,256,1,-1,-1,-1
155,8,429,657,225,312,1,-1,-1,-1
155,9,1598,443,632,408,1,-1,-1,-1
155,10,43,581,632,280,1,-1,-1,-1
155,13,267,615,190,377,1,-1,-1,-1
155,18,316,474,328,528,1,-1,-1,-1
155,19,182,579,286,396,1,-1,-1,-1
155,20,32,476,156,190,1,-1,-1,-1
155,21,1161,582,407,521,1,-1,-1,-1
155,22,2,443,273,153,1,-1,-1,-1
155,23,764,548,804,536,1,-1,-1,-1
155,24,3,485,188,356,1,-1,-1,-1
156,0,161,485,668,559,1,-1,-1,-1
156,1,283,606,896,524,1,-1,-1,-1
156,3,468,555,305,268,1,-1,-1,-1
156,7,2444,564,112,244,1,-1,-1,-1
156,8,418,648,236,328,1,-1,-1,-1
156,9,1608,444,632,408,1,-1,-1,-1
156,10,42,580,632,280,1,-1,-1,-1
156,13,286,611,190,377,1,-1,-1,-1
156,18,312,476,328,528,1,-1,-1,-1
156,19,193,572,286,396,1,-1,-1,-1
156,20,33,477,156,190,1,-1,-1,-1
156,21,1171,582,407,521,1,-1,-1,-1
156,22,4,444,273,153,1,-1,-1,-1
156,23,764,552,804,536,1,-1,-1,-1
156,24,6,488,188,356,1,-1,-1,-1
157,0,164,491,668,559,1,-1,-1,-1
157,1,269,593,941,550,1,-1,-1,-1
157,3,462,556,305,268,1,-1,-1,-1
157,7,2436,557,112,244,1,-1,-1,-1
157,8,411,651,236,328,1,-1,-1,-1
157,9,1611,448,632,408,1,-1,-1,-1
157,10,43,577,632,280,1,-1,-1,-1
157,13,291,612,190,377,1,-1,-1,-1
157,18,315,477,328,528,1,-1,-1,-1
157,19,198,583,272,377,1,-1,-1,-1
157,20,33,478,156,190,1,-1,-1,-1
157,21,1178,580,407,521,1,-1,-1,-1
157,22,7,441,273,153,1,-1,-1,-1
157,23,775,553,804,536,1,-1,-1,-1
157,24,8,490,188,356,1,-1,-1,-1
158,0,125,482,701,587,1,-1,-1,-1
158,1,303,615,896,524,1,-1,-1,-1
158,3,455,560,305,268,1,-1,-1,-1
158,7,2436,559,107,232,1,-1,-1,-1
158,8,399,654,236,328,1,-1,-1,-1
158,9,1623,450,632,408,1,-1,-1,-1
158,10,46,578,632,280,1,-1,-1,-1
158,13,297,602,200,396,1,-1,-1,-1
158,18,311,490,312,503,1,-1,-1,-1
158,19,193,573,286,396,1,-1,-1,-1
158,20,30,480,156,190,1,-1,-1,-1
158,21,1180,582,407,521,1,-1,-1,-1
158,22,1,436,287,160,1,-1,-1,-1
158,23,760,560,804,536,1,-1,-1,-1
158,24,5,489,188,356,1,-1,-1,-1
159,0,153,494,668,559,1,-1,-1,-1
159,1,309,615,896,524,1,-1,-1,-1
159,3,452,563,305,268,1,-1,-1,-1
159,7,2450,543,107,232,1,-1,-1,-1
159,8,393,662,236,328,1,-1,-1,-1
159,9,1643,462,602,389,1,-1,-1,-1
159,10,34,585,632,280,1,-1,-1,-1
159,13,309,601,200,396,1,-1,-1,-1
159,18,309,492,312,503,1,-1,-1,-1
159,19,200,572,286,396,1,-1,-1,-1
159,20,29,481,156,190,1,-1,-1,-1
159,21,1196,597,388,496,1,-1,-1,-1
159,22,1,436,287,160,1,-1,-1,-1
159,23,736,539,844,563,1,-1,-1,-1
159,24,6,490,188,356,1,-1,-1,-1
160,0,144,491,668,559,1,-1,-1,-1
160,1,328,630,853,499,1,-1,-1,-1
160,3,446,565,305,268,1,-1,-1,-1
160,7,2454,561,106,232,1,-1,-1,-1
160,8,387,667,236,328,1,-1,-1,-1
160,9,1640,449,632,408,1,-1,-1,-1
160,10,41,580,632,280,1,-1,-1,-1
160,13,318,596,200,396,1,-1,-1,-1
160,18,312,493,312,503,1,-1,-1,-1
160,19,192,575,286,396,1,-1,-1,-1
160,20,27,481,156,190,1,-1,-1,-1
160,21,1197,597,388,496,1,-1,-1,-1
160,22,2,429,287,160,1,-1,-1,-1
160,23,741,545,844,563,1,-1,-1,-1
160,24,5,486,188,356,1,-1,-1,-1
161,0,144,491,668,559,1,-1,-1,-1
161,1,248,596,908,524,1,-1,-1,-1
161,3,446,565,305,268,1,-1,-1,-1
161,7,2454,561,106,232,1,-1,-1,-1
161,8,387,667,236,328,1,-1,-1,-1
161,9,1640,448,612,400,1,-1,-1,-1
161,10,48,580,700,392,1,-1,-1,-1
161,13,318,596,200,396,1,-1,-1,-1
161,18,312,493,312,503,1,-1,-1,-1
161,19,192,575,286,396,1,-1,-1,-1
161,20,0,500,168,220,1,-1,-1,-1
161,21,1197,597,388,496,1,-1,-1,-1
161,22,2,429,287,160,1,-1,-1,-1
161,23,756,532,856,560,1,-1,-1,-1
161,24,5,486,188,356,1,-1,-1,-1
161,25,0,400,452,204,1,-1,-1,-1
161,26,0,404,72,108,1,-1,-1,-1
162,0,124,471,701,587,1,-1,-1,-1
162,1,251,602,908,524,1,-1,-1,-1
162,3,438,568,305,268,1,-1,-1,-1
162,7,2456,562,104,232,1,-1,-1,-1
162,8,382,676,236,328,1,-1,-1,-1
162,9,1642,448,612,400,1,-1,-1,-1
162,10,40,580,700,392,1,-1,-1,-1
162,13,320,585,210,416,1,-1,-1,-1
162,18,292,483,328,528,1,-1,-1,-1
162,19,199,568,286,396,1,-1,-1,-1
162,20,0,497,168,220,1,-1,-1,-1
162,21,1202,600,388,496,1,-1,-1,-1
162,22,0,421,287,160,1,-1,-1,-1
162,23,755,535,856,560,1,-1,-1,-1
162,24,4,484,188,356,1,-1,-1,-1
162,25,5,399,452,204,1,-1,-1,-1
162,26,9,403,72,108,1,-1,-1,-1
163,0,119,476,701,587,1,-1,-1,-1
163,1,242,598,908,524,1,-1,-1,-1
163,3,428,566,305,268,1,-1,-1,-1
163,8,379,679,236,328,1,-1,-1,-1
163,9,1634,442,643,420,1,-1,-1,-1
163,10,43,580,700,392,1,-1,-1,-1
163,13,321,588,210,416,1,-1,-1,-1
163,18,286,481,328,528,1,-1,-1,-1
163,19,189,580,272,377,1,-1,-1,-1
163,20,0,494,166,220,1,-1,-1,-1
163,21,1197,596,407,521,1,-1,-1,-1
163,22,0,422,269,153,1,-1,-1,-1
163,23,752,533,856,560,1,-1,-1,-1
163,24,3,480,188,356,1,-1,-1,-1
163,25,2,395,475,214,1,-1,-1,-1
163,26,19,404,72,108,1,-1,-1,-1
164,0,129,494,668,559,1,-1,-1,-1
164,1,202,587,953,550,1,-1,-1,-1
164,3,426,563,305,268,1,-1,-1,-1
164,8,374,676,236,328,1,-1,-1,-1
164,9,1653,434,643,420,1,-1,-1,-1
164,10,45,580,700,392,1,-1,-1,-1
164,13,326,587,210,416,1,-1,-1,-1
164,18,275,487,328,528,1,-1,-1,-1
164,19,186,565,286,396,1,-1,-1,-1
164,20,0,491,164,220,1,-1,-1,-1
164,21,1234,596,407,521,1,-1,-1,-1
164,22,0,422,266,153,1,-1,-1,-1
164,23,749,537,856,560,1,-1,-1,-1
164,24,3,479,188,356,1,-1,-1,-1
164,25,23,398,452,204,1,-1,-1,-1
164,26,33,403,72,108,1,-1,-1,-1
165,0,135,495,668,559,1,-1,-1,-1
165,1,187,585,953,550,1,-1,-1,-1
165,3,428,561,305,268,1,-1,-1,-1
165,8,377,673,236,328,1,-1,-1,-1
165,9,1666,434,643,420,1,-1,-1,-1
165,10,47,584,700,392,1,-1,-1,-1
165,13,333,585,210,416,1,-1,-1,-1
165,18,280,498,312,503,1,-1,-1,-1
165,19,181,562,300,416,1,-1,-1,-1
165,20,0,488,165,220,1,-1,-1,-1
165,21,1227,581,428,547,1,-1,-1,-1
165,22,0,418,278,160,1,-1,-1,-1
165,23,756,537,856,560,1,-1,-1,-1
165,24,4,475,188,356,1,-1,-1,-1
165,25,48,400,452,204,1,-1,-1,-1
165,26,51,403,72,108,1,-1,-1,-1
166,0,148,497,668,559,1,-1,-1,-1
166,1,280,604,908,524,1,-1,-1,-1
166,3,435,558,305,268,1,-1,-1,-1
166,8,382,674,236,328,1,-1,-1,-1
166,9,1687,435,643,420,1,-1,-1,-1
166,10,63,586,700,392,1,-1,-1,-1
166,13,344,605,200,396,1,-1,-1,-1
166,18,293,492,312,503,1,-1,-1,-1
166,19,189,564,300,416,1,-1,-1,-1
166,20,3,488,168,220,1,-1,-1,-1
166,21,1238,594,428,547,1,-1,-1,-1
166,22,0,425,272,153,1,-1,-1,-1
166,23,769,538,856,560,1,-1,-1,-1
166,24,8,473,188,356,1,-1,-1,-1
166,25,52,393,475,214,1,-1,-1,-1
166,26,74,404,72,108,1,-1,-1,-1
167,0,146,491,668,559,1,-1,-1,-1
167,1,275,604,908,524,1,-1,-1,-1
167,3,434,559,305,268,1,-1,-1,-1
167,8,382,672,236,328,1,-1,-1,-1
167,9,1689,437,643,420,1,-1,-1,-1
167,10,40,595,735,412,1,-1,-1,-1
167,13,346,604,200,396,1,-1,-1,-1
167,18,289,492,312,503,1,-1,-1,-1
167,19,179,551,315,437,1,-1,-1,-1
167,20,3,486,168,220,1,-1,-1,-1
167,21,1235,589,428,547,1,-1,-1,-1
167,22,3,428,260,146,1,-1,-1,-1
167,23,771,541,856,560,1,-1,-1,-1
167,24,10,474,188,356,1,-1,-1,-1
167,25,54,393,475,214,1,-1,-1,-1
167,26,83,407,69,103,1,-1,-1,-1
168,0,154,502,668,559,1,-1,-1,-1
168,1,311,616,865,499,1,-1,-1,-1
168,3,434,559,305,268,1,-1,-1,-1
168,8,380,665,236,328,1,-1,-1,-1
168,9,1703,431,643,420,1,-1,-1,-1
168,10,54,588,735,412,1,-1,-1,-1
168,13,351,611,190,377,1,-1,-1,-1
168,18,289,492,312,503,1,-1,-1,-1
168,19,203,557,315,437,1,-1,-1,-1
168,20,4,484,168,220,1,-1,-1,-1
168,21,1250,588,428,547,1,-1,-1,-1
168,22,3,428,260,146,1,-1,-1,-1
168,23,784,538,856,560,1,-1,-1,-1
168,24,15,472,188,356,1,-1,-1,-1
168,25,67,393,475,214,1,-1,-1,-1
168,26,101,408,69,103,1,-1,-1,-1
169,0,154,502,668,559,1,-1,-1,-1
169,1,232,596,880,524,1,-1,-1,-1
169,3,434,559,305,268,1,-1,-1,-1
169,8,380,665,236,328,1,-1,-1,-1
169,9,1728,428,588,420,1,-1,-1,-1
169,10,54,588,735,412,1,-1,-1,-1
169,13,351,611,190,377,1,-1,-1,-1
169,18,289,492,312,503,1,-1,-1,-1
169,19,203,557,315,437,1,-1,-1,-1
169,20,4,484,168,220,1,-1,-1,-1
169,21,1250,588,428,547,1,-1,-1,-1
169,22,3,428,260,146,1,-1,-1,-1
169,23,672,548,972,544,1,-1,-1,-1
169,24,0,480,196,324,1,-1,-1,-1
169,25,4,372,568,244,1,-1,-1,-1
169,26,101,408,69,103,1,-1,-1,-1
170,0,166,497,668,559,1,-1,-1,-1
170,1,229,592,880,524,1,-1,-1,-1
170,3,421,559,305,268,1,-1,-1,-1
170,8,375,665,225,312,1,-1,-1,-1
170,9,1737,429,588,420,1,-1,-1,-1
170,10,5,590,735,412,1,-1,-1,-1
170,13,330,601,200,396,1,-1,-1,-1
170,18,301,501,298,479,1,-1,-1,-1
170,19,201,568,315,437,1,-1,-1,-1
170,20,1,485,168,220,1,-1,-1,-1
170,21,1242,587,428,547,1,-1,-1,-1
170,22,0,430,259,146,1,-1,-1,-1
170,23,675,552,972,544,1,-1,-1,-1
170,24,0,479,195,324,1,-1,-1,-1
170,25,7,374,568,244,1,-1,-1,-1
170,26,123,405,72,108,1,-1,-1,-1
171,0,168,498,668,559,1,-1,-1,-1
171,1,213,596,880,524,1,-1,-1,-1
171,3,417,560,305,268,1,-1,-1,-1
171,8,367,659,225,312,1,-1,-1,-1
171,9,1752,428,588,420,1,-1,-1,-1
171,10,10,587,735,412,1,-1,-1,-1
171,13,312,592,210,416,1,-1,-1,-1
171,18,289,484,312,503,1,-1,-1,-1
171,19,208,570,315,437,1,-1,-1,-1
171,20,4,487,168,220,1,-1,-1,-1
171,21,1236,590,428,547,1,-1,-1,-1
171,22,3,430,260,146,1,-1,-1,-1
171,23,677,559,972,544,1,-1,-1,-1
171,24,1,482,196,324,1,-1,-1,-1
171,25,26,374,568,244,1,-1,-1,-1
171,26,143,407,72,108,1,-1,-1,-1
172,0,183,492,668,559,1,-1,-1,-1
172,1,212,591,880,524,1,-1,-1,-1
172,3,411,561,305,268,1,-1,-1,-1
172,8,361,658,225,312,1,-1,-1,-1
172,9,1763,426,588,420,1,-1,-1,-1
172,10,11,591,735,412,1,-1,-1,-1
172,13,293,595,200,396,1,-1,-1,-1
172,18,291,498,298,479,1,-1,-1,-1
172,19,210,557,331,459,1,-1,-1,-1
172,20,9,492,168,220,1,-1,-1,-1
172,21,1238,584,428,547,1,-1,-1,-1
172,22,3,429,273,153,1,-1,-1,-1
172,23,692,557,972,544,1,-1,-1,-1
172,24,1,472,206,340,1,-1,-1,-1
172,25,35,376,568,244,1,-1,-1,-1
172,26,164,407,72,108,1,-1,-1,-1
173,0,154,494,668,559,1,-1,-1,-1
173,1,212,611,880,524,1,-1,-1,-1
173,3,409,559,305,268,1,-1,-1,-1
173,8,360,657,225,312,1,-1,-1,-1
173,9,1767,426,588,420,1,-1,-1,-1
173,10,13,591,735,412,1,-1,-1,-1
173,13,297,611,190,377,1,-1,-1,-1
173,18,287,503,298,479,1,-1,-1,-1
173,19,238,562,347,482,1,-1,-1,-1
173,20,9,493,168,220,1,-1,-1,-1
173,21,1229,586,428,547,1,-1,-1,-1
173,22,7,433,260,146,1,-1,-1,-1
173,23,649,548,1021,571,1,-1,-1,-1
173,24,2,475,206,340,1,-1,-1,-1
173,25,25,365,596,256,1,-1,-1,-1
173,26,166,407,72,108,1,-1,-1,-1
174,0,135,496,668,559,1,-1,-1,-1
174,1,240,613,880,524,1,-1,-1,-1
174,3,403,562,305,268,1,-1,-1,-1
174,8,355,656,225,312,1,-1,-1,-1
174,9,1781,423,588,420,1,-1,-1,-1
174,10,0,583,768,432,1,-1,-1,-1
174,13,286,598,200,396,1,-1,-1,-1
174,18,270,494,312,503,1,-1,-1,-1
174,19,266,539,365,506,1,-1,-1,-1
174,20,11,497,168,220,1,-1,-1,-1
174,21,1240,589,407,521,1,-1,-1,-1
174,22,11,434,260,146,1,-1,-1,-1
174,23,651,530,1021,571,1,-1,-1,-1
174,24,0,471,215,357,1,-1,-1,-1
174,25,28,365,596,256,1,-1,-1,-1
174,26,185,408,72,108,1,-1,-1,-1
175,0,125,500,668,559,1,-1,-1,-1
175,1,221,602,880,524,1,-1,-1,-1
175,3,401,562,305,268,1,-1,-1,-1
175,8,351,658,225,312,1,-1,-1,-1
175,9,1799,425,588,420,1,-1,-1,-1
175,10,0,585,762,432,1,-1,-1,-1
175,18,256,484,328,528,1,-1,-1,-1
175,19,269,536,365,506,1,-1,-1,-1
175,20,13,499,168,220,1,-1,-1,-1
175,21,1248,591,407,521,1,-1,-1,-1
175,22,14,435,260,146,1,-1,-1,-1
175,23,665,554,1021,571,1,-1,-1,-1
175,24,2,477,216,357,1,-1,-1,-1
175,25,42,368,596,256,1,-1,-1,-1
175,26,202,408,72,108,1,-1,-1,-1
176,0,93,489,701,587,1,-1,-1,-1
176,1,203,602,880,524,1,-1,-1,-1
176,3,395,563,305,268,1,-1,-1,-1
176,8,346,658,225,312,1,-1,-1,-1
176,9,1800,419,588,420,1,-1,-1,-1
176,10,0,570,804,454,1,-1,-1,-1
176,18,252,484,328,528,1,-1,-1,-1
176,19,269,537,365,506,1,-1,-1,-1
176,20,15,498,168,220,1,-1,-1,-1
176,21,1255,595,388,496,1,-1,-1,-1
176,22,19,433,260,146,1,-1,-1,-1
176,23,636,542,1021,571,1,-1,-1,-1
176,24,7,487,206,340,1,-1,-1,-1
176,25,56,368,596,256,1,-1,-1,-1
176,26,216,407,72,108,1,-1,-1,-1
177,0,93,489,701,587,1,-1,-1,-1
177,1,208,596,904,524,1,-1,-1,-1
177,3,395,563,305,268,1,-1,-1,-1
177,8,346,658,225,312,1,-1,-1,-1
177,9,1832,420,572,416,1,-1,-1,-1
177,10,0,570,804,454,1,-1,-1,-1
177,18,252,484,328,528,1,-1,-1,-1
177,19,269,537,365,506,1,-1,-1,-1
177,20,15,498,168,220,1,-1,-1,-1
177,21,1255,595,388,496,1,-1,-1,-1
177,22,19,433,260,146,1,-1,-1,-1
177,23,752,544,904,536,1,-1,-1,-1
177,24,0,492,212,396,1,-1,-1,-1
177,25,76,372,616,268,1,-1,-1,-1
177,26,216,407,72,108,1,-1,-1,-1
178,0,109,487,701,587,1,-1,-1,-1
178,1,210,586,904,524,1,-1,-1,-1
178,3,390,565,305,268,1,-1,-1,-1
178,8,347,663,225,312,1,-1,-1,-1
178,9,1838,418,572,416,1,-1,-1,-1
178,10,60,576,772,432,1,-1,-1,-1
178,18,235,503,328,528,1,-1,-1,-1
178,19,294,540,365,506,1,-1,-1,-1
178,20,12,491,176,231,1,-1,-1,-1
178,21,1256,593,388,496,1,-1,-1,-1
178,22,28,438,260,146,1,-1,-1,-1
178,23,766,546,904,536,1,-1,-1,-1
178,24,3,490,212,396,1,-1,-1,-1
178,25,85,369,616,268,1,-1,-1,-1
178,26,247,407,72,108,1,-1,-1,-1
179,0,96,484,701,587,1,-1,-1,-1
179,1,209,579,904,524,1,-1,-1,-1
179,3,390,564,305,268,1,-1,-1,-1
179,8,348,665,225,312,1,-1,-1,-1
179,9,1853,425,545,396,1,-1,-1,-1
179,10,42,598,735,412,1,-1,-1,-1
179,18,217,516,328,528,1,-1,-1,-1
179,19,302,538,365,506,1,-1,-1,-1
179,20,14,491,176,231,1,-1,-1,-1
179,21,1262,593,388,496,1,-1,-1,-1
179,22,29,437,260,146,1,-1,-1,-1
179,23,767,549,904,536,1,-1,-1,-1
179,24,2,489,212,396,1,-1,-1,-1
179,25,89,372,616,268,1,-1,-1,-1
179,26,254,409,72,108,1,-1,-1,-1
180,0,112,485,701,587,1,-1,-1,-1
180,1,183,557,949,550,1,-1,-1,-1
180,3,387,563,305,268,1,-1,-1,-1
180,8,351,665,225,312,1,-1,-1,-1
180,9,1850,411,572,416,1,-1,-1,-1
180,10,5,602,735,412,1,-1,-1,-1
180,18,224,511,328,528,1,-1,-1,-1
180,19,294,535,383,531,1,-1,-1,-1
180,20,15,491,176,231,1,-1,-1,-1
180,21,1258,592,388,496,1,-1,-1,-1
180,22,31,438,260,146,1,-1,-1,-1
180,23,790,554,861,510,1,-1,-1,-1
180,24,0,478,221,416,1,-1,-1,-1
180,25,98,368,616,268,1,-1,-1,-1
180,26,264,405,76,113,1,-1,-1,-1
181,0,119,506,668,559,1,-1,-1,-1
181,1,208,584,904,524,1,-1,-1,-1
181,3,386,561,305,268,1,-1,-1,-1
181,8,349,665,225,312,1,-1,-1,-1
181,9,1852,417,572,416,1,-1,-1,-1
181,10,16,591,735,412,1,-1,-1,-1
181,18,235,506,328,528,1,-1,-1,-1
181,19,294,539,383,531,1,-1,-1,-1
181,20,15,487,176,231,1,-1,-1,-1
181,21,1256,585,388,496,1,-1,-1,-1
181,22,28,431,273,153,1,-1,-1,-1
181,23,786,548,861,510,1,-1,-1,-1
181,24,0,480,223,416,1,-1,-1,-1
181,25,120,377,587,255,1,-1,-1,-1
181,26,277,406,76,113,1,-1,-1,-1
182,0,117,501,668,559,1,-1,-1,-1
182,1,218,568,904,524,1,-1,-1,-1
182,3,386,558,305,268,1,-1,-1,-1
182,8,348,663,225,312,1,-1,-1,-1
182,9,1878,429,545,396,1,-1,-1,-1
182,10,6,596,735,412,1,-1,-1,-1
182,18,235,505,328,528,1,-1,-1,-1
182,19,309,542,365,506,1,-1,-1,-1
182,20,15,488,176,231,1,-1,-1,-1
182,21,1264,590,388,496,1,-1,-1,-1
182,22,28,433,273,153,1,-1,-1,-1
182,23,833,559,820,486,1,-1,-1,-1
182,24,4,478,223,416,1,-1,-1,-1
182,25,136,376,587,255,1,-1,-1,-1
182,26,295,407,76,113,1,-1,-1,-1
183,0,122,504,668,559,1,-1,-1,-1
183,1,233,590,904,524,1,-1,-1,-1
183,3,382,556,305,268,1,-1,-1,-1
183,8,349,662,214,297,1,-1,-1,-1
183,9,1887,433,545,396,1,-1,-1,-1
183,10,0,599,733,412,1,-1,-1,-1
183,18,238,507,328,528,1,-1,-1,-1
183,19,300,540,365,506,1,-1,-1,-1
183,20,17,486,176,231,1,-1,-1,-1
183,21,1273,591,388,496,1,-1,-1,-1
183,22,30,432,273,153,1,-1,-1,-1
183,23,830,571,820,486,1,-1,-1,-1
183,24,7,475,223,416,1,-1,-1,-1
183,25,149,378,587,255,1,-1,-1,-1
183,26,309,406,76,113,1,-1,-1,-1
184,0,130,500,668,559,1,-1,-1,-1
184,1,245,594,904,524,1,-1,-1,-1
184,3,378,554,305,268,1,-1,-1,-1
184,8,338,659,214,297,1,-1,-1,-1
184,9,1890,430,545,396,1,-1,-1,-1
184,10,12,594,735,412,1,-1,-1,-1
184,18,246,511,312,503,1,-1,-1,-1
184,19,316,540,365,506,1,-1,-1,-1
184,20,15,484,176,231,1,-1,-1,-1
184,21,1281,596,388,496,1,-1,-1,-1
184,22,23,428,273,153,1,-1,-1,-1
184,23,829,576,820,486,1,-1,-1,-1
184,24,7,475,223,416,1,-1,-1,-1
184,25,166,377,587,255,1,-1,-1,-1
184,26,322,406,76,113,1,-1,-1,-1
185,0,130,500,668,559,1,-1,-1,-1
185,1,184,588,932,528,1,-1,-1,-1
185,3,378,554,305,268,1,-1,-1,-1
185,8,338,659,214,297,1,-1,-1,-1
185,9,1896,436,564,408,1,-1,-1,-1
185,10,12,594,735,412,1,-1,-1,-1
185,18,246,511,312,503,1,-1,-1,-1
185,19,316,540,365,506,1,-1,-1,-1
185,20,15,484,176,231,1,-1,-1,-1
185,21,1281,596,388,496,1,-1,-1,-1
185,22,23,428,273,153,1,-1,-1,-1
185,23,796,532,888,548,1,-1,-1,-1
185,24,0,484,216,400,1,-1,-1,-1
185,25,166,377,587,255,1,-1,-1,-1
185,26,322,406,76,113,1,-1,-1,-1
186,0,137,486,668,559,1,-1,-1,-1
186,1,176,588,932,528,1,-1,-1,-1
186,3,375,554,305,268,1,-1,-1,-1
186,8,330,652,225,312,1,-1,-1,-1
186,9,1902,433,564,408,1,-1,-1,-1
186,10,14,593,735,412,1,-1,-1,-1
186,18,231,502,312,503,1,-1,-1,-1
186,19,301,539,365,506,1,-1,-1,-1
186,20,13,486,176,231,1,-1,-1,-1
186,21,1286,605,388,496,1,-1,-1,-1
186,22,19,426,273,153,1,-1,-1,-1
186,23,795,534,888,548,1,-1,-1,-1
186,24,0,484,212,400,1,-1,-1,-1
186,25,177,377,587,255,1,-1,-1,-1
186,26,334,407,76,113,1,-1,-1,-1
187,0,145,501,636,532,1,-1,-1,-1
187,1,185,590,932,528,1,-1,-1,-1
187,3,374,553,305,268,1,-1,-1,-1
187,8,329,653,225,312,1,-1,-1,-1
187,9,1911,438,564,408,1,-1,-1,-1
187,10,0,594,734,412,1,-1,-1,-1
187,18,232,493,312,503,1,-1,-1,-1
187,19,290,537,365,506,1,-1,-1,-1
187,20,14,485,176,231,1,-1,-1,-1
187,21,1295,619,370,472,1,-1,-1,-1
187,22,16,424,273,153,1,-1,-1,-1
187,23,786,543,888,548,1,-1,-1,-1
187,24,0,485,213,400,1,-1,-1,-1
187,25,199,377,587,255,1,-1,-1,-1
187,26,346,405,79,119,1,-1,-1,-1
188,0,149,514,606,507,1,-1,-1,-1
188,1,179,607,932,528,1,-1,-1,-1
188,3,371,554,305,268,1,-1,-1,-1
188,8,324,652,225,312,1,-1,-1,-1
188,9,1928,437,564,408,1,-1,-1,-1
188,10,0,586,721,412,1,-1,-1,-1
188,18,205,480,328,528,1,-1,-1,-1
188,19,299,547,347,482,1,-1,-1,-1
188,20,14,485,176,231,1,-1,-1,-1
188,21,1295,614,370,472,1,-1,-1,-1
188,22,18,424,273,153,1,-1,-1,-1
188,23,797,543,888,548,1,-1,-1,-1
188,24,2,486,216,400,1,-1,-1,-1
188,25,211,378,587,255,1,-1,-1,-1
188,26,359,405,79,119,1,-1,-1,-1
189,0,119,496,636,532,1,-1,-1,-1
189,1,188,613,932,528,1,-1,-1,-1
189,3,362,559,305,268,1,-1,-1,-1
189,8,321,654,225,312,1,-1,-1,-1
189,9,1934,434,564,408,1,-1,-1,-1
189,10,0,592,728,412,1,-1,-1,-1
189,18,189,459,344,554,1,-1,-1,-1
189,19,292,550,347,482,1,-1,-1,-1
189,20,14,485,176,231,1,-1,-1,-1
189,21,1288,610,370,472,1,-1,-1,-1
189,22,19,428,273,153,1,-1,-1,-1
189,23,782,534,932,575,1,-1,-1,-1
189,24,12,495,206,381,1,-1,-1,-1
189,25,228,383,587,255,1,-1,-1,-1
189,26,371,404,79,119,1,-1,-1,-1
190,0,120,490,636,532,1,-1,-1,-1
190,1,181,612,932,528,1,-1,-1,-1
190,3,360,561,305,268,1,-1,-1,-1
190,8,317,658,225,312,1,-1,-1,-1
190,9,1945,433,564,408,1,-1,-1,-1
190,10,0,585,716,412,1,-1,-1,-1
190,18,187,458,344,554,1,-1,-1,-1
190,19,290,550,347,482,1,-1,-1,-1
190,20,16,489,176,231,1,-1,-1,-1
190,21,1287,606,370,472,1,-1,-1,-1
190,22,21,430,273,153,1,-1,-1,-1
190,23,775,538,932,575,1,-1,-1,-1
190,24,9,498,206,381,1,-1,-1,-1
190,25,245,384,587,255,1,-1,-1,-1
190,26,383,406,79,119,1,-1,-1,-1
191,0,118,494,636,532,1,-1,-1,-1
191,1,182,607,932,528,1,-1,-1,-1
191,3,360,561,305,268,1,-1,-1,-1
191,8,317,659,225,312,1,-1,-1,-1
191,9,1946,436,564,408,1,-1,-1,-1
191,10,0,586,698,392,1,-1,-1,-1
191,18,194,457,344,554,1,-1,-1,-1
191,19,285,547,347,482,1,-1,-1,-1
191,20,17,491,176,231,1,-1,-1,-1
191,21,1288,607,370,472,1,-1,-1,-1
191,22,24,433,273,153,1,-1,-1,-1
191,23,766,535,932,575,1,-1,-1,-1
191,24,13,500,206,381,1,-1,-1,-1
191,25,240,380,587,255,1,-1,-1,-1
191,26,387,406,79,119,1,-1,-1,-1
192,0,121,491,636,532,1,-1,-1,-1
192,1,206,608,888,503,1,-1,-1,-1
192,3,363,563,305,268,1,-1,-1,-1
192,8,317,663,225,312,1,-1,-1,-1
192,9,1954,435,564,408,1,-1,-1,-1
192,10,0,594,689,392,1,-1,-1,-1
192,18,190,458,344,554,1,-1,-1,-1
192,19,303,551,347,482,1,-1,-1,-1
192,20,25,491,176,231,1,-1,-1,-1
192,21,1288,602,370,472,1,-1,-1,-1
192,22,35,435,273,153,1,-1,-1,-1
192,23,754,537,932,575,1,-1,-1,-1
192,24,21,497,206,381,1,-1,-1,-1
192,25,248,385,587,255,1,-1,-1,-1
192,26,401,406,79,119,1,-1,-1,-1
193,0,121,491,636,532,1,-1,-1,-1
193,1,180,580,896,532,1,-1,-1,-1
193,3,363,563,305,268,1,-1,-1,-1
193,8,317,663,225,312,1,-1,-1,-1
193,9,1964,436,560,408,1,-1,-1,-1
193,10,0,594,689,392,1,-1,-1,-1
193,18,190,458,344,554,1,-1,-1,-1
193,19,303,551,347,482,1,-1,-1,-1
193,20,25,491,176,231,1,-1,-1,-1
193,21,1288,602,370,472,1,-1,-1,-1
193,22,35,435,273,153,1,-1,-1,-1
193,23,864,560,812,524,1,-1,-1,-1
193,24,0,488,232,400,1,-1,-1,-1
193,25,276,392,608,224,1,-1,-1,-1
193,26,401,406,79,119,1,-1,-1,-1
194,0,127,471,668,559,1,-1,-1,-1
194,1,179,591,896,532,1,-1,-1,-1
194,3,369,563,305,268,1,-1,-1,-1
194,8,323,669,225,312,1,-1,-1,-1
194,9,1974,438,560,408,1,-1,-1,-1
194,10,0,594,698,392,1,-1,-1,-1
194,18,199,466,344,554,1,-1,-1,-1
194,19,303,547,347,482,1,-1,-1,-1
194,20,46,492,176,231,1,-1,-1,-1
194,21,1294,602,370,472,1,-1,-1,-1
194,22,60,435,273,153,1,-1,-1,-1
194,23,873,562,812,524,1,-1,-1,-1
194,24,5,486,232,400,1,-1,-1,-1
194,25,282,394,608,224,1,-1,-1,-1
194,26,421,405,79,119,1,-1,-1,-1
195,0,148,483,636,532,1,-1,-1,-1
195,1,176,579,941,559,1,-1,-1,-1
195,3,372,563,305,268,1,-1,-1,-1
195,8,335,673,225,312,1,-1,-1,-1
195,9,1987,433,560,408,1,-1,-1,-1
195,10,0,598,696,392,1,-1,-1,-1
195,18,212,468,344,554,1,-1,-1,-1
195,19,307,549,347,482,1,-1,-1,-1
195,20,55,490,176,231,1,-1,-1,-1
195,21,1300,599,370,472,1,-1,-1,-1
195,22,68,442,260,146,1,-1,-1,-1
195,23,874,567,812,524,1,-1,-1,-1
195,24,12,486,232,400,1,-1,-1,-1
195,25,296,395,608,224,1,-1,-1,-1
195,26,431,403,83,125,1,-1,-1,-1
196,0,137,476,668,559,1,-1,-1,-1
196,1,156,577,941,559,1,-1,-1,-1
196,3,370,562,305,268,1,-1,-1,-1
196,8,336,673,225,312,1,-1,-1,-1
196,9,2003,429,557,408,1,-1,-1,-1
196,10,14,592,700,392,1,-1,-1,-1
196,18,214,466,344,554,1,-1,-1,-1
196,19,316,551,347,482,1,-1,-1,-1
196,20,61,490,176,231,1,-1,-1,-1
196,21,1301,598,370,472,1,-1,-1,-1
196,22,76,448,248,139,1,-1,-1,-1
196,23,872,565,812,524,1,-1,-1,-1
196,24,19,483,232,400,1,-1,-1,-1
196,25,325,398,608,224,1,-1,-1,-1
196,26,434,398,83,125,1,-1,-1,-1
197,0,129,500,636,532,1,-1,-1,-1
197,1,163,583,941,559,1,-1,-1,-1
197,3,371,561,305,268,1,-1,-1,-1
197,8,336,674,225,312,1,-1,-1,-1
197,9,2018,443,533,389,1,-1,-1,-1
197,10,21,596,700,392,1,-1,-1,-1
197,18,213,470,344,554,1,-1,-1,-1
197,19,317,552,347,482,1,-1,-1,-1
197,20,62,490,176,231,1,-1,-1,-1
197,21,1299,596,370,472,1,-1,-1,-1
197,22,75,447,248,139,1,-1,-1,-1
197,23,872,567,812,524,1,-1,-1,-1
197,24,20,484,232,400,1,-1,-1,-1
197,25,323,397,608,224,1,-1,-1,-1
197,26,435,398,83,125,1,-1,-1,-1
198,0,151,496,636,532,1,-1,-1,-1
198,1,184,586,941,559,1,-1,-1,-1
198,3,369,560,305,268,1,-1,-1,-1
198,8,337,670,225,312,1,-1,-1,-1
198,9,2005,433,555,408,1,-1,-1,-1
198,10,33,596,700,392,1,-1,-1,-1
198,18,213,467,344,554,1,-1,-1,-1
198,19,325,566,331,459,1,-1,-1,-1
198,20,60,484,185,243,1,-1,-1,-1
198,21,1291,599,370,472,1,-1,-1,-1
198,22,76,445,248,139,1,-1,-1,-1
198,23,871,571,812,524,1,-1,-1,-1
198,24,20,485,232,400,1,-1,-1,-1
198,25,332,396,608,224,1,-1,-1,-1
198,26,442,404,83,125,1,-1,-1,-1
199,0,154,491,636,532,1,-1,-1,-1
199,1,165,558,988,587,1,-1,-1,-1
199,3,360,558,305,268,1,-1,-1,-1
199,8,325,668,225,312,1,-1,-1,-1
199,9,2010,433,550,408,1,-1,-1,-1
199,10,12,598,700,392,1,-1,-1,-1
199,18,208,465,344,554,1,-1,-1,-1
199,19,315,567,331,459,1,-1,-1,-1
199,20,56,484,185,243,1,-1,-1,-1
199,21,1287,600,370,472,1,-1,-1,-1
199,22,71,449,248,139,1,-1,-1,-1
199,23,876,573,812,524,1,-1,-1,-1
199,24,18,486,232,400,1,-1,-1,-1
199,25,340,397,608,224,1,-1,-1,-1
199,26,446,402,83,125,1,-1,-1,-1
200,0,146,489,636,532,1,-1,-1,-1
200,1,168,588,988,587,1,-1,-1,-1
200,3,343,553,305,268,1,-1,-1,-1
200,8,302,654,225,312,1,-1,-1,-1
200,9,2028,440,532,389,1,-1,-1,-1
200,10,6,604,700,392,1,-1,-1,-1
200,18,201,477,328,528,1,-1,-1,-1
200,19,286,557,331,459,1,-1,-1,-1
200,20,46,483,185,243,1,-1,-1,-1
200,21,1279,604,370,472,1,-1,-1,-1
200,22,65,448,248,139,1,-1,-1,-1
200,23,867,574,812,524,1,-1,-1,-1
200,24,9,482,232,400,1,-1,-1,-1
200,25,350,403,579,213,1,-1,-1,-1
200,26,449,403,83,125,1,-1,-1,-1
201,0,146,489,636,532,1,-1,-1,-1
201,1,112,588,944,520,1,-1,-1,-1
201,3,343,553,305,268,1,-1,-1,-1
201,8,302,654,225,312,1,-1,-1,-1
201,9,2004,432,536,408,1,-1,-1,-1
201,10,6,604,700,392,1,-1,-1,-1
201,18,201,477,328,528,1,-1,-1,-1
201,19,286,557,331,459,1,-1,-1,-1
201,20,46,483,185,243,1,-1,-1,-1
201,21,1279,604,370,472,1,-1,-1,-1
201,22,65,448,248,139,1,-1,-1,-1
201,23,804,556,852,524,1,-1,-1,-1
201,24,0,480,236,312,1,-1,-1,-1
201,25,352,420,596,196,1,-1,-1,-1
201,26,449,403,83,125,1,-1,-1,-1
202,0,130,489,636,532,1,-1,-1,-1
202,1,103,593,944,520,1,-1,-1,-1
202,3,319,552,305,268,1,-1,-1,-1
202,8,276,654,225,312,1,-1,-1,-1
202,9,2007,432,536,408,1,-1,-1,-1
202,10,16,614,667,373,1,-1,-1,-1
202,18,172,478,328,528,1,-1,-1,-1
202,19,267,560,331,459,1,-1,-1,-1
202,20,31,483,185,243,1,-1,-1,-1
202,21,1281,608,370,472,1,-1,-1,-1
202,22,48,435,248,139,1,-1,-1,-1
202,23,798,553,852,524,1,-1,-1,-1
202,24,0,479,229,312,1,-1,-1,-1
202,25,366,427,568,187,1,-1,-1,-1
202,26,454,405,83,125,1,-1,-1,-1
203,0,136,491,636,532,1,-1,-1,-1
203,1,101,594,944,520,1,-1,-1,-1
203,3,318,552,305,268,1,-1,-1,-1
203,8,276,655,225,312,1,-1,-1,-1
203,9,2010,435,536,408,1,-1,-1,-1
203,10,11,614,667,373,1,-1,-1,-1
203,18,171,483,328,528,1,-1,-1,-1
203,19,259,558,331,459,1,-1,-1,-1
203,20,31,483,185,243,1,-1,-1,-1
203,21,1283,611,370,472,1,-1,-1,-1
203,22,46,436,248,139,1,-1,-1,-1
203,23,801,556,852,524,1,-1,-1,-1
203,24,0,479,228,312,1,-1,-1,-1
203,25,364,428,568,187,1,-1,-1,-1
203,26,453,408,83,125,1,-1,-1,-1
204,0,129,488,636,532,1,-1,-1,-1
204,1,101,594,944,520,1,-1,-1,-1
204,3,313,552,305,268,1,-1,-1,-1
204,8,275,651,225,312,1,-1,-1,-1
204,9,2017,436,536,408,1,-1,-1,-1
204,10,9,617,667,373,1,-1,-1,-1
204,18,178,493,312,503,1,-1,-1,-1
204,19,260,561,331,459,1,-1,-1,-1
204,20,35,484,185,243,1,-1,-1,-1
204,21,1286,612,370,472,1,-1,-1,-1
204,23,804,559,852,524,1,-1,-1,-1
204,24,0,479,229,312,1,-1,-1,-1
204,25,370,429,568,187,1,-1,-1,-1
204,26,476,414,79,119,1,-1,-1,-1
205,0,138,494,636,532,1,-1,-1,-1
205,1,86,592,944,520,1,-1,-1,-1
205,3,313,554,305,268,1,-1,-1,-1
205,8,273,650,225,312,1,-1,-1,-1
205,9,2039,434,521,408,1,-1,-1,-1
205,10,10,613,667,373,1,-1,-1,-1
205,18,164,480,328,528,1,-1,-1,-1
205,19,254,561,331,459,1,-1,-1,-1
205,20,45,484,185,243,1,-1,-1,-1
205,21,1284,608,370,472,1,-1,-1,-1
205,23,807,560,852,524,1,-1,-1,-1
205,24,0,478,235,312,1,-1,-1,-1
205,25,393,431,541,178,1,-1,-1,-1
205,26,500,414,79,119,1,-1,-1,-1
206,0,127,496,636,532,1,-1,-1,-1
206,1,116,591,944,520,1,-1,-1,-1
206,3,314,555,305,268,1,-1,-1,-1
206,8,271,650,225,312,1,-1,-1,-1
206,9,2050,436,510,408,1,-1,-1,-1
206,10,7,612,667,373,1,-1,-1,-1
206,18,165,484,328,528,1,-1,-1,-1
206,19,255,562,331,459,1,-1,-1,-1
206,20,52,487,185,243,1,-1,-1,-1
206,21,1291,604,370,472,1,-1,-1,-1
206,23,815,565,852,524,1,-1,-1,-1
206,24,7,480,236,312,1,-1,-1,-1
206,25,427,432,541,178,1,-1,-1,-1
206,26,519,414,79,119,1,-1,-1,-1
207,0,128,507,636,532,1,-1,-1,-1
207,1,99,594,944,520,1,-1,-1,-1
207,3,308,557,305,268,1,-1,-1,-1
207,8,262,653,225,312,1,-1,-1,-1
207,9,2055,439,505,408,1,-1,-1,-1
207,10,2,616,667,373,1,-1,-1,-1
207,18,162,485,328,528,1,-1,-1,-1
207,19,239,564,331,459,1,-1,-1,-1
207,20,56,486,185,243,1,-1,-1,-1
207,21,1289,606,370,472,1,-1,-1,-1
207,23,824,560,852,524,1,-1,-1,-1
207,24,12,481,236,312,1,-1,-1,-1
207,25,435,435,541,178,1,-1,-1,-1
207,26,530,409,79,119,1,-1,-1,-1
208,0,102,504,636,532,1,-1,-1,-1
208,1,106,587,944,520,1,-1,-1,-1
208,3,295,562,305,268,1,-1,-1,-1
208,8,249,658,225,312,1,-1,-1,-1
208,9,2056,439,504,408,1,-1,-1,-1
208,10,7,623,667,373,1,-1,-1,-1
208,18,141,473,344,554,1,-1,-1,-1
208,19,217,550,347,482,1,-1,-1,-1
208,20,53,488,185,243,1,-1,-1,-1
208,21,1271,606,370,472,1,-1,-1,-1
208,23,822,555,852,524,1,-1,-1,-1
208,24,1,483,236,312,1,-1,-1,-1
208,25,435,436,541,178,1,-1,-1,-1
208,26,536,406,79,119,1,-1,-1,-1
209,0,102,504,636,532,1,-1,-1,-1
209,1,120,592,912,520,1,-1,-1,-1
209,3,295,562,305,268,1,-1,-1,-1
209,8,249,658,225,312,1,-1,-1,-1
209,9,2072,444,488,400,1,-1,-1,-1
209,10,7,623,667,373,1,-1,-1,-1
209,18,141,473,344,554,1,-1,-1,-1
209,19,217,550,347,482,1,-1,-1,-1
209,20,53,488,185,243,1,-1,-1,-1
209,21,1271,606,370,472,1,-1,-1,-1
209,23,800,564,872,512,1,-1,-1,-1
209,24,0,488,252,400,1,-1,-1,-1
209,25,428,416,592,196,1,-1,-1,-1
209,26,536,406,79,119,1,-1,-1,-1
210,0,104,516,636,532,1,-1,-1,-1
210,1,113,595,912,520,1,-1,-1,-1
210,3,286,563,305,268,1,-1,-1,-1
210,8,244,659,225,312,1,-1,-1,-1
210,9,2075,445,485,400,1,-1,-1,-1
210,10,2,627,667,373,1,-1,-1,-1
210,18,140,485,328,528,1,-1,-1,-1
210,19,213,555,347,482,1,-1,-1,-1
210,20,52,488,185,243,1,-1,-1,-1
210,21,1258,591,388,496,1,-1,-1,-1
210,23,800,565,872,512,1,-1,-1,-1
210,24,1,487,252,400,1,-1,-1,-1
210,25,442,423,564,187,1,-1,-1,-1
210,26,540,406,79,119,1,-1,-1,-1
211,0,91,522,636,532,1,-1,-1,-1
211,1,115,593,912,520,1,-1,-1,-1
211,3,284,560,305,268,1,-1,-1,-1
211,8,248,661,225,312,1,-1,-1,-1
211,9,2087,445,473,400,1,-1,-1,-1
211,10,1,628,667,373,1,-1,-1,-1
211,18,156,501,312,503,1,-1,-1,-1
211,19,207,558,347,482,1,-1,-1,-1
211,20,58,487,185,243,1,-1,-1,-1
211,21,1259,587,388,496,1,-1,-1,-1
211,23,799,562,872,512,1,-1,-1,-1
211,24,5,488,252,400,1,-1,-1,-1
211,25,449,424,564,187,1,-1,-1,-1
211,26,546,403,79,119,1,-1,-1,-1
212,0,94,519,636,532,1,-1,-1,-1
212,1,123,598,912,520,1,-1,-1,-1
212,3,295,558,305,268,1,-1,-1,-1
212,8,254,660,225,312,1,-1,-1,-1
212,9,2114,447,446,400,1,-1,-1,-1
212,10,21,632,635,356,1,-1,-1,-1
212,18,155,503,312,503,1,-1,-1,-1
212,19,211,560,347,482,1,-1,-1,-1
212,20,72,483,185,243,1,-1,-1,-1
212,21,1268,591,388,496,1,-1,-1,-1
212,23,798,568,872,512,1,-1,-1,-1
212,24,8,477,265,420,1,-1,-1,-1
212,25,478,429,537,178,1,-1,-1,-1
212,26,561,403,79,119,1,-1,-1,-1
213,0,95,531,606,507,1,-1,-1,-1
213,1,140,596,912,520,1,-1,-1,-1
213,3,296,557,305,268,1,-1,-1,-1
213,8,261,657,225,312,1,-1,-1,-1
213,9,2126,445,434,400,1,-1,-1,-1
213,10,15,635,635,356,1,-1,-1,-1
213,18,150,507,312,503,1,-1,-1,-1
213,19,224,557,347,482,1,-1,-1,-1
213,20,79,481,185,243,1,-1,-1,-1
213,21,1269,587,388,496,1,-1,-1,-1
213,23,812,575,872,512,1,-1,-1,-1
213,24,10,477,265,420,1,-1,-1,-1
213,25,488,428,537,178,1,-1,-1,-1
213,26,575,403,79,119,1,-1,-1,-1
214,0,102,527,606,507,1,-1,-1,-1
214,1,126,617,912,520,1,-1,-1,-1
214,3,292,556,305,268,1,-1,-1,-1
214,8,255,658,225,312,1,-1,-1,-1
214,9,2130,442,430,400,1,-1,-1,-1
214,10,24,633,635,356,1,-1,-1,-1
214,18,143,496,328,528,1,-1,-1,-1
214,19,240,573,331,459,1,-1,-1,-1
214,20,80,478,185,243,1,-1,-1,-1
214,21,1257,584,388,496,1,-1,-1,-1
214,23,812,575,872,512,1,-1,-1,-1
214,24,9,476,265,420,1,-1,-1,-1
214,25,500,430,511,169,1,-1,-1,-1
214,26,580,403,79,119,1,-1,-1,-1
215,0,94,516,636,532,1,-1,-1,-1
215,1,148,597,912,520,1,-1,-1,-1
215,3,292,556,305,268,1,-1,-1,-1
215,8,254,657,225,312,1,-1,-1,-1
215,9,2136,439,424,400,1,-1,-1,-1
215,10,21,636,635,356,1,-1,-1,-1
215,18,145,496,328,528,1,-1,-1,-1
215,19,231,559,347,482,1,-1,-1,-1
215,20,80,478,185,243,1,-1,-1,-1
215,21,1259,584,388,496,1,-1,-1,-1
215,23,794,553,916,538,1,-1,-1,-1
215,24,7,476,265,420,1,-1,-1,-1
215,25,500,429,511,169,1,-1,-1,-1
215,26,586,407,76,113,1,-1,-1,-1
216,0,87,519,636,532,1,-1,-1,-1
216,1,157,610,869,495,1,-1,-1,-1
216,3,284,555,305,268,1,-1,-1,-1
216,8,245,656,225,312,1,-1,-1,-1
216,9,2145,449,415,381,1,-1,-1,-1
216,10,28,630,635,356,1,-1,-1,-1
216,18,140,493,328,528,1,-1,-1,-1
216,19,229,561,347,482,1,-1,-1,-1
216,20,76,475,185,243,1,-1,-1,-1
216,21,1251,583,388,496,1,-1,-1,-1
216,23,783,551,916,538,1,-1,-1,-1
216,24,3,474,265,420,1,-1,-1,-1
216,25,498,429,511,169,1,-1,-1,-1
216,26,585,410,76,113,1,-1,-1,-1
217,0,87,519,636,532,1,-1,-1,-1
217,1,104,588,872,524,1,-1,-1,-1
217,3,284,555,305,268,1,-1,-1,-1
217,8,245,656,225,312,1,-1,-1,-1
217,9,2148,440,412,408,1,-1,-1,-1
217,10,28,630,635,356,1,-1,-1,-1
217,18,140,493,328,528,1,-1,-1,-1
217,19,229,561,347,482,1,-1,-1,-1
217,20,0,480,284,228,1,-1,-1,-1
217,21,1251,583,388,496,1,-1,-1,-1
217,23,780,556,812,528,1,-1,-1,-1
217,24,3,474,265,420,1,-1,-1,-1
217,25,484,424,596,192,1,-1,-1,-1
217,26,585,410,76,113,1,-1,-1,-1
217,27,1096,560,624,404,1,-1,-1,-1
218,0,105,529,606,507,1,-1,-1,-1
218,1,107,580,872,524,1,-1,-1,-1
218,3,286,551,305,268,1,-1,-1,-1
218,8,244,653,225,312,1,-1,-1,-1
218,9,2157,440,403,408,1,-1,-1,-1
218,10,28,631,635,356,1,-1,-1,-1
218,18,140,496,328,528,1,-1,-1,-1
218,19,227,558,347,482,1,-1,-1,-1
218,20,3,480,284,228,1,-1,-1,-1
218,21,1237,576,407,521,1,-1,-1,-1
218,23,779,555,812,528,1,-1,-1,-1
218,24,4,476,265,420,1,-1,-1,-1
218,25,502,425,568,183,1,-1,-1,-1
218,26,589,411,76,113,1,-1,-1,-1
218,27,1091,558,624,404,1,-1,-1,-1
219,0,104,521,606,507,1,-1,-1,-1
219,1,102,582,872,524,1,-1,-1,-1
219,3,288,550,305,268,1,-1,-1,-1
219,8,245,651,225,312,1,-1,-1,-1
219,9,2179,440,381,408,1,-1,-1,-1
219,10,37,627,635,356,1,-1,-1,-1
219,18,142,497,328,528,1,-1,-1,-1
219,19,228,559,347,482,1,-1,-1,-1
219,20,7,479,284,228,1,-1,-1,-1
219,21,1244,585,407,521,1,-1,-1,-1
219,23,778,566,812,528,1,-1,-1,-1
219,24,5,476,265,420,1,-1,-1,-1
219,25,510,428,568,183,1,-1,-1,-1
219,26,602,417,76,113,1,-1,-1,-1
219,27,1100,555,624,404,1,-1,-1,-1
220,0,119,525,606,507,1,-1,-1,-1
220,1,79,571,916,550,1,-1,-1,-1
220,3,279,553,305,268,1,-1,-1,-1
220,8,236,651,225,312,1,-1,-1,-1
220,9,2184,439,376,408,1,-1,-1,-1
220,10,31,641,605,339,1,-1,-1,-1
220,18,133,499,328,528,1,-1,-1,-1
220,19,227,576,331,459,1,-1,-1,-1
220,20,4,479,284,228,1,-1,-1,-1
220,21,1257,596,388,496,1,-1,-1,-1
220,23,779,564,812,528,1,-1,-1,-1
220,24,5,474,265,420,1,-1,-1,-1
220,25,515,429,568,183,1,-1,-1,-1
220,26,611,422,76,113,1,-1,-1,-1
220,27,1092,557,624,404,1,-1,-1,-1
221,0,118,542,577,483,1,-1,-1,-1
221,1,72,574,916,550,1,-1,-1,-1
221,3,277,554,305,268,1,-1,-1,-1
221,8,235,651,225,312,1,-1,-1,-1
221,9,2188,437,372,408,1,-1,-1,-1
221,10,29,645,605,339,1,-1,-1,-1
221,18,140,513,312,503,1,-1,-1,-1
221,19,228,573,331,459,1,-1,-1,-1
221,20,3,480,284,228,1,-1,-1,-1
221,21,1255,597,388,496,1,-1,-1,-1
221,23,794,569,773,503,1,-1,-1,-1
221,24,3,475,265,420,1,-1,-1,-1
221,25,519,430,568,183,1,-1,-1,-1
221,26,616,422,76,113,1,-1,-1,-1
221,27,1086,554,624,404,1,-1,-1,-1
222,0,106,536,577,483,1,-1,-1,-1
222,1,119,593,872,524,1,-1,-1,-1
222,3,262,559,305,268,1,-1,-1,-1
222,8,222,653,225,312,1,-1,-1,-1
222,9,2189,436,371,408,1,-1,-1,-1
222,10,29,644,605,339,1,-1,-1,-1
222,18,135,508,312,503,1,-1,-1,-1
222,19,209,558,347,482,1,-1,-1,-1
222,20,0,479,281,228,1,-1,-1,-1
222,21,1247,595,388,496,1,-1,-1,-1
222,23,806,574,773,503,1,-1,-1,-1
222,24,0,473,262,420,1,-1,-1,-1
222,25,532,436,541,174,1,-1,-1,-1
222,26,616,424,76,113,1,-1,-1,-1
222,27,1079,557,624,404,1,-1,-1,-1
223,0,91,537,577,483,1,-1,-1,-1
223,1,112,591,830,499,1,-1,-1,-1
223,3,252,562,305,268,1,-1,-1,-1
223,8,204,656,225,312,1,-1,-1,-1
223,9,2194,435,366,408,1,-1,-1,-1
223,10,3,638,635,356,1,-1,-1,-1
223,18,117,505,312,503,1,-1,-1,-1
223,19,196,556,347,482,1,-1,-1,-1
223,20,0,480,274,228,1,-1,-1,-1
223,21,1227,594,388,496,1,-1,-1,-1
223,23,820,581,737,479,1,-1,-1,-1
223,24,0,470,260,420,1,-1,-1,-1
223,25,508,434,568,183,1,-1,-1,-1
223,26,614,424,76,113,1,-1,-1,-1
223,27,1060,551,655,424,1,-1,-1,-1
224,0,78,530,577,483,1,-1,-1,-1
224,1,120,603,830,499,1,-1,-1,-1
224,3,240,565,305,268,1,-1,-1,-1
224,8,193,663,225,312,1,-1,-1,-1
224,9,2207,444,353,389,1,-1,-1,-1
224,10,0,646,615,356,1,-1,-1,-1
224,18,114,505,312,503,1,-1,-1,-1
224,19,186,558,347,482,1,-1,-1,-1
224,20,0,481,269,228,1,-1,-1,-1
224,21,1210,595,388,496,1,-1,-1,-1
224,23,774,568,773,503,1,-1,-1,-1
224,24,0,466,239,420,1,-1,-1,-1
224,25,504,435,568,183,1,-1,-1,-1
224,26,606,421,76,113,1,-1,-1,-1
224,27,1068,551,655,424,1,-1,-1,-1
225,0,78,530,577,483,1,-1,-1,-1
225,1,32,588,896,516,1,-1,-1,-1
225,3,240,565,305,268,1,-1,-1,-1
225,8,193,663,225,312,1,-1,-1,-1
225,9,2200,428,360,416,1,-1,-1,-1
225,10,0,646,615,356,1,-1,-1,-1
225,18,114,505,312,503,1,-1,-1,-1
225,19,186,558,347,482,1,-1,-1,-1
225,20,0,488,272,212,1,-1,-1,-1
225,21,1210,595,388,496,1,-1,-1,-1
225,23,748,560,872,528,1,-1,-1,-1
225,24,0,466,239,420,1,-1,-1,-1
225,25,508,436,632,180,1,-1,-1,-1
225,26,606,421,76,113,1,-1,-1,-1
225,27,1160,556,524,416,1,-1,-1,-1
226,0,78,546,549,460,1,-1,-1,-1
226,1,33,585,896,516,1,-1,-1,-1
226,3,231,565,305,268,1,-1,-1,-1
226,8,187,670,225,312,1,-1,-1,-1
226,9,2206,433,354,416,1,-1,-1,-1
226,10,0,626,579,356,1,-1,-1,-1
226,18,99,505,312,503,1,-1,-1,-1
226,19,176,569,331,459,1,-1,-1,-1
226,20,0,488,272,212,1,-1,-1,-1
226,21,1196,590,388,496,1,-1,-1,-1
226,23,740,551,872,528,1,-1,-1,-1
226,24,0,476,229,400,1,-1,-1,-1
226,25,530,439,602,171,1,-1,-1,-1
226,26,610,419,76,113,1,-1,-1,-1
226,27,1159,551,524,416,1,-1,-1,-1
227,0,82,547,549,460,1,-1,-1,-1
227,1,0,573,940,542,1,-1,-1,-1
227,3,229,564,305,268,1,-1,-1,-1
227,8,185,672,225,312,1,-1,-1,-1
227,9,2217,444,343,396,1,-1,-1,-1
227,10,0,625,590,356,1,-1,-1,-1
227,18,91,505,312,503,1,-1,-1,-1
227,19,181,581,315,437,1,-1,-1,-1
227,20,0,489,272,212,1,-1,-1,-1
227,21,1197,588,388,496,1,-1,-1,-1
227,23,755,565,830,503,1,-1,-1,-1
227,24,0,476,234,400,1,-1,-1,-1
227,25,518,434,632,180,1,-1,-1,-1
227,26,609,420,76,113,1,-1,-1,-1
227,27,1158,549,524,416,1,-1,-1,-1
228,0,84,556,523,438,1,-1,-1,-1
228,1,0,562,931,542,1,-1,-1,-1
228,3,225,564,305,268,1,-1,-1,-1
228,8,185,673,225,312,1,-1,-1,-1
228,9,2215,431,345,416,1,-1,-1,-1
228,10,0,625,588,356,1,-1,-1,-1
228,18,84,509,312,503,1,-1,-1,-1
228,19,171,581,315,437,1,-1,-1,-1
228,20,0,487,269,212,1,-1,-1,-1
228,21,1195,579,388,496,1,-1,-1,-1
228,23,724,555,872,528,1,-1,-1,-1
228,24,0,475,227,400,1,-1,-1,-1
228,25,543,439,602,171,1,-1,-1,-1
228,26,620,418,76,113,1,-1,-1,-1
228,27,1141,539,550,437,1,-1,-1,-1
229,0,82,556,523,438,1,-1,-1,-1
229,1,5,573,941,542,1,-1,-1,-1
229,3,214,563,305,268,1,-1,-1,-1
229,8,182,674,225,312,1,-1,-1,-1
229,9,2213,431,347,416,1,-1,-1,-1
229,10,0,633,559,339,1,-1,-1,-1
229,18,81,509,312,503,1,-1,-1,-1
229,19,168,582,315,437,1,-1,-1,-1
229,20,0,486,263,212,1,-1,-1,-1
229,21,1178,584,388,496,1,-1,-1,-1
229,23,734,551,872,528,1,-1,-1,-1
229,24,0,465,243,420,1,-1,-1,-1
229,25,555,440,602,171,1,-1,-1,-1
229,26,627,417,76,113,1,-1,-1,-1
229,27,1137,536,550,437,1,-1,-1,-1
230,0,80,552,523,438,1,-1,-1,-1
230,1,0,567,937,542,1,-1,-1,-1
230,3,205,562,305,268,1,-1,-1,-1
230,8,175,673,225,312,1,-1,-1,-1
230,9,2210,433,350,416,1,-1,-1,-1
230,10,0,635,552,339,1,-1,-1,-1
230,18,78,512,312,503,1,-1,-1,-1
230,19,164,583,315,437,1,-1,-1,-1
230,20,0,487,256,212,1,-1,-1,-1
230,21,1163,578,388,496,1,-1,-1,-1
230,23,707,552,872,528,1,-1,-1,-1
230,24,0,470,248,420,1,-1,-1,-1
230,25,574,444,573,163,1,-1,-1,-1
230,26,633,418,76,113,1,-1,-1,-1
230,27,1124,540,550,437,1,-1,-1,-1
231,0,71,549,523,438,1,-1,-1,-1
231,1,0,581,922,542,1,-1,-1,-1
231,3,191,561,305,268,1,-1,-1,-1
231,8,160,670,225,312,1,-1,-1,-1
231,9,2212,433,348,416,1,-1,-1,-1
231,10,0,635,557,339,1,-1,-1,-1
231,18,70,510,312,503,1,-1,-1,-1
231,19,149,574,331,459,1,-1,-1,-1
231,20,0,486,249,212,1,-1,-1,-1
231,21,1149,573,388,496,1,-1,-1,-1
231,23,725,566,830,503,1,-1,-1,-1
231,24,0,473,247,420,1,-1,-1,-1
231,25,571,444,573,163,1,-1,-1,-1
231,26,637,417,76,113,1,-1,-1,-1
231,27,1107,538,550,437,1,-1,-1,-1
232,0,70,556,523,438,1,-1,-1,-1
232,1,0,575,918,542,1,-1,-1,-1
232,3,178,558,305,268,1,-1,-1,-1
232,8,141,663,225,312,1,-1,-1,-1
232,9,2215,432,345,416,1,-1,-1,-1
232,10,0,634,550,339,1,-1,-1,-1
232,18,56,511,312,503,1,-1,-1,-1
232,19,128,579,331,459,1,-1,-1,-1
232,20,0,484,242,212,1,-1,-1,-1
232,21,1136,582,388,496,1,-1,-1,-1
232,23,704,558,830,503,1,-1,-1,-1
232,24,0,473,252,420,1,-1,-1,-1
232,25,577,445,573,163,1,-1,-1,-1
232,26,639,416,76,113,1,-1,-1,-1
232,27,1118,552,524,416,1,-1,-1,-1
233,0,70,556,523,438,1,-1,-1,-1
233,1,0,592,864,508,1,-1,-1,-1
233,3,178,558,305,268,1,-1,-1,-1
233,8,141,663,225,312,1,-1,-1,-1
233,9,2224,436,332,408,1,-1,-1,-1
233,10,0,634,550,339,1,-1,-1,-1
233,18,56,511,312,503,1,-1,-1,-1
233,19,128,579,331,459,1,-1,-1,-1
233,20,0,484,242,212,1,-1,-1,-1
233,21,1136,582,388,496,1,-1,-1,-1
233,23,588,548,928,528,1,-1,-1,-1
233,24,0,480,260,408,1,-1,-1,-1
233,25,528,420,608,196,1,-1,-1,-1
233,26,639,416,76,113,1,-1,-1,-1
233,27,1118,552,524,416,1,-1,-1,-1
234,0,56,554,523,438,1,-1,-1,-1
234,1,0,587,864,508,1,-1,-1,-1
234,3,164,558,305,268,1,-1,-1,-1
234,8,128,661,225,312,1,-1,-1,-1
234,9,2225,439,332,408,1,-1,-1,-1
234,10,0,640,541,339,1,-1,-1,-1
234,18,38,509,312,503,1,-1,-1,-1
234,19,110,579,331,459,1,-1,-1,-1
234,20,0,484,233,212,1,-1,-1,-1
234,21,1134,591,388,496,1,-1,-1,-1
234,23,581,549,928,528,1,-1,-1,-1
234,24,0,479,255,408,1,-1,-1,-1
234,25,530,419,608,196,1,-1,-1,-1
234,26,636,414,79,119,1,-1,-1,-1
234,27,1111,552,524,416,1,-1,-1,-1
235,0,42,553,523,438,1,-1,-1,-1
235,1,0,588,853,508,1,-1,-1,-1
235,3,154,558,305,268,1,-1,-1,-1
235,8,110,657,225,312,1,-1,-1,-1
235,9,2230,439,330,408,1,-1,-1,-1
235,10,0,639,539,339,1,-1,-1,-1
235,18,18,512,312,503,1,-1,-1,-1
235,19,90,578,331,459,1,-1,-1,-1
235,20,0,484,232,212,1,-1,-1,-1
235,21,1140,586,388,496,1,-1,-1,-1
235,23,612,569,884,503,1,-1,-1,-1
235,24,0,480,249,408,1,-1,-1,-1
235,25,526,418,608,196,1,-1,-1,-1
235,26,636,415,79,119,1,-1,-1,-1
235,27,1117,555,524,416,1,-1,-1,-1
236,0,22,551,523,438,1,-1,-1,-1
236,1,5,595,864,508,1,-1,-1,-1
236,3,141,559,305,268,1,-1,-1,-1
236,8,97,655,225,312,1,-1,-1,-1
236,9,2231,440,329,408,1,-1,-1,-1
236,10,0,643,527,339,1,-1,-1,-1
236,18,14,503,312,503,1,-1,-1,-1
236,19,75,570,331,459,1,-1,-1,-1
236,20,0,484,232,212,1,-1,-1,-1
236,21,1133,592,388,496,1,-1,-1,-1
236,23,590,560,928,528,1,-1,-1,-1
236,24,0,490,240,389,1,-1,-1,-1
236,25,542,424,579,187,1,-1,-1,-1
236,26,634,417,79,119,1,-1,-1,-1
236,27,1112,563,524,416,1,-1,-1,-1
237,0,27,553,523,438,1,-1,-1,-1
237,1,7,610,823,484,1,-1,-1,-1
237,3,124,555,305,268,1,-1,-1,-1
237,8,78,651,225,312,1,-1,-1,-1
237,9,2238,440,322,408,1,-1,-1,-1
237,10,0,652,513,339,1,-1,-1,-1
237,18,0,512,298,479,1,-1,-1,-1
237,19,54,572,331,459,1,-1,-1,-1
237,20,0,483,224,212,1,-1,-1,-1
237,21,1131,583,407,521,1,-1,-1,-1
237,23,578,551,928,528,1,-1,-1,-1
237,24,0,489,227,389,1,-1,-1,-1
237,25,549,426,551,178,1,-1,-1,-1
237,26,632,418,79,119,1,-1,-1,-1
237,27,1106,561,524,416,1,-1,-1,-1
238,0,20,553,523,438,1,-1,-1,-1
238,1,1,607,823,484,1,-1,-1,-1
238,3,110,560,305,268,1,-1,-1,-1
238,8,67,651,225,312,1,-1,-1,-1
238,9,2245,441,315,408,1,-1,-1,-1
238,10,0,659,506,322,1,-1,-1,-1
238,18,0,500,295,503,1,-1,-1,-1
238,19,41,553,347,482,1,-1,-1,-1
238,20,0,482,225,212,1,-1,-1,-1
238,21,1116,575,428,547,1,-1,-1,-1
238,23,580,540,928,528,1,-1,-1,-1
238,24,0,485,221,389,1,-1,-1,-1
238,25,539,426,579,187,1,-1,-1,-1
238,26,631,421,79,119,1,-1,-1,-1
238,27,1085,557,550,437,1,-1,-1,-1
239,0,9,549,523,438,1,-1,-1,-1
239,1,0,596,848,508,1,-1,-1,-1
239,3,110,559,305,268,1,-1,-1,-1
239,8,66,648,225,312,1,-1,-1,-1
239,9,2244,443,316,408,1,-1,-1,-1
239,10,0,653,513,339,1,-1,-1,-1
239,18,0,501,298,503,1,-1,-1,-1
239,19,31,552,347,482,1,-1,-1,-1
239,20,0,482,225,212,1,-1,-1,-1
239,21,1121,575,428,547,1,-1,-1,-1
239,23,586,546,928,528,1,-1,-1,-1
239,24,0,487,217,389,1,-1,-1,-1
239,25,543,429,579,187,1,-1,-1,-1
239,26,631,422,79,119,1,-1,-1,-1
239,27,1091,551,550,437,1,-1,-1,-1
240,0,9,550,523,438,1,-1,-1,-1
240,1,0,596,844,508,1,-1,-1,-1
240,3,105,560,305,268,1,-1,-1,-1
240,8,63,655,214,297,1,-1,-1,-1
240,9,2252,438,308,408,1,-1,-1,-1
240,10,0,641,477,339,1,-1,-1,-1
240,18,0,500,288,503,1,-1,-1,-1
240,19,11,539,365,506,1,-1,-1,-1
240,20,0,483,227,212,1,-1,-1,-1
240,21,1106,580,428,547,1,-1,-1,-1
240,23,532,538,974,554,1,-1,-1,-1
240,24,0,476,224,408,1,-1,-1,-1
240,25,548,429,579,187,1,-1,-1,-1
240,26,630,422,83,125,1,-1,-1,-1
240,27,1091,557,550,437,1,-1,-1,-1
241,0,9,550,523,438,1,-1,-1,-1
241,1,0,588,848,524,1,-1,-1,-1
241,3,105,560,305,268,1,-1,-1,-1
241,8,63,655,214,297,1,-1,-1,-1
241,9,2244,428,316,420,1,-1,-1,-1
241,10,0,641,477,339,1,-1,-1,-1
241,18,0,500,288,503,1,-1,-1,-1
241,19,11,539,365,506,1,-1,-1,-1
241,20,0,488,240,128,1,-1,-1,-1
241,21,1106,580,428,547,1,-1,-1,-1
241,23,552,564,960,512,1,-1,-1,-1
241,24,0,476,224,408,1,-1,-1,-1
241,25,532,440,636,180,1,-1,-1,-1
241,26,630,422,83,125,1,-1,-1,-1
241,27,1091,557,550,437,1,-1,-1,-1
242,0,0,547,519,438,1,-1,-1,-1
242,1,3,585,848,524,1,-1,-1,-1
242,3,92,564,305,268,1,-1,-1,-1
242,8,54,660,214,297,1,-1,-1,-1
242,9,2254,429,306,420,1,-1,-1,-1
242,10,0,641,482,339,1,-1,-1,-1
242,18,0,507,272,503,1,-1,-1,-1
242,19,1,543,365,506,1,-1,-1,-1
242,20,1,489,240,128,1,-1,-1,-1
242,21,1067,576,428,547,1,-1,-1,-1
242,23,560,565,960,512,1,-1,-1,-1
242,24,0,476,225,408,1,-1,-1,-1
242,25,535,445,636,180,1,-1,-1,-1
242,26,630,425,88,131,1,-1,-1,-1
242,27,1091,561,524,416,1,-1,-1,-1
243,0,0,559,523,438,1,-1,-1,-1
243,1,0,566,879,550,1,-1,-1,-1
243,3,89,563,305,268,1,-1,-1,-1
243,8,54,663,214,297,1,-1,-1,-1
243,9,2268,430,292,420,1,-1,-1,-1
243,10,0,656,472,322,1,-1,-1,-1
243,18,0,509,271,503,1,-1,-1,-1
243,19,11,560,347,482,1,-1,-1,-1
243,20,4,490,240,128,1,-1,-1,-1
243,21,1062,565,428,547,1,-1,-1,-1
243,23,567,571,960,512,1,-1,-1,-1
243,24,0,477,231,408,1,-1,-1,-1
243,25,520,440,668,189,1,-1,-1,-1
243,26,635,427,88,131,1,-1,-1,-1
243,27,1071,551,550,437,1,-1,-1,-1
244,0,2,565,523,438,1,-1,-1,-1
244,1,4,586,848,524,1,-1,-1,-1
244,3,83,564,305,268,1,-1,-1,-1
244,8,50,667,214,297,1,-1,-1,-1
244,9,2272,430,288,420,1,-1,-1,-1
244,10,0,666,469,307,1,-1,-1,-1
244,18,0,508,276,503,1,-1,-1,-1
244,19,14,561,347,482,1,-1,-1,-1
244,20,2,492,240,128,1,-1,-1,-1
244,21,1038,561,428,547,1,-1,-1,-1
244,23,559,571,960,512,1,-1,-1,-1
244,24,0,478,228,408,1,-1,-1,-1
244,25,536,445,636,180,1,-1,-1,-1
244,26,636,426,92,138,1,-1,-1,-1
244,27,1047,553,524,416,1,-1,-1,-1
245,0,0,555,527,460,1,-1,-1,-1
245,1,0,586,842,524,1,-1,-1,-1
245,3,84,564,305,268,1,-1,-1,-1
245,8,50,667,214,297,1,-1,-1,-1
245,9,2274,432,286,420,1,-1,-1,-1
245,10,0,667,471,307,1,-1,-1,-1
245,18,0,512,276,503,1,-1,-1,-1
245,19,11,564,347,482,1,-1,-1,-1
245,20,3,493,240,128,1,-1,-1,-1
245,21,1037,569,428,547,1,-1,-1,-1
245,23,614,587,914,488,1,-1,-1,-1
245,24,0,478,224,408,1,-1,-1,-1
245,25,528,439,668,189,1,-1,-1,-1
245,26,638,426,92,138,1,-1,-1,-1
245,27,1047,557,524,416,1,-1,-1,-1
246,0,0,556,522,460,1,-1,-1,-1
246,1,10,600,808,499,1,-1,-1,-1
246,3,77,565,305,268,1,-1,-1,-1
246,8,42,669,214,297,1,-1,-1,-1
246,9,2261,422,299,441,1,-1,-1,-1
246,10,0,673,468,293,1,-1,-1,-1
246,18,0,514,275,503,1,-1,-1,-1
246,19,12,563,347,482,1,-1,-1,-1
246,20,0,492,238,128,1,-1,-1,-1
246,21,1032,572,407,521,1,-1,-1,-1
246,23,654,593,871,464,1,-1,-1,-1
246,24,0,479,221,408,1,-1,-1,-1
246,25,543,446,636,180,1,-1,-1,-1
246,26,638,427,92,138,1,-1,-1,-1
246,27,1056,549,524,416,1,-1,-1,-1
247,0,0,548,506,460,1,-1,-1,-1
247,1,0,606,801,499,1,-1,-1,-1
247,3,65,564,305,268,1,-1,-1,-1
247,8,33,669,214,297,1,-1,-1,-1
247,9,2258,420,302,441,1,-1,-1,-1
247,10,0,681,435,293,1,-1,-1,-1
247,18,0,514,269,503,1,-1,-1,-1
247,19,2,566,347,482,1,-1,-1,-1
247,20,0,491,228,128,1,-1,-1,-1
247,21,1009,569,407,521,1,-1,-1,-1
247,23,640,578,871,464,1,-1,-1,-1
247,24,0,474,220,408,1,-1,-1,-1
247,25,541,449,636,180,1,-1,-1,-1
247,26,634,424,96,145,1,-1,-1,-1
247,27,1020,547,499,396,1,-1,-1,-1
248,0,0,542,492,460,1,-1,-1,-1
248,1,0,599,804,499,1,-1,-1,-1
248,3,51,561,305,268,1,-1,-1,-1
248,8,21,666,214,297,1,-1,-1,-1
248,9,2256,424,304,441,1,-1,-1,-1
248,10,0,679,441,293,1,-1,-1,-1
248,18,0,517,263,503,1,-1,-1,-1
248,19,0,557,347,506,1,-1,-1,-1
248,20,0,493,216,122,1,-1,-1,-1
248,21,1002,580,388,496,1,-1,-1,-1
248,23,606,571,914,488,1,-1,-1,-1
248,24,0,481,224,408,1,-1,-1,-1
248,25,536,451,636,180,1,-1,-1,-1
248,26,632,425,96,145,1,-1,-1,-1
248,27,1004,558,475,377,1,-1,-1,-1
249,0,0,542,492,460,1,-1,-1,-1
249,1,0,584,732,528,1,-1,-1,-1
249,3,51,561,305,268,1,-1,-1,-1
249,8,21,666,214,297,1,-1,-1,-1
249,9,2268,424,288,424,1,-1,-1,-1
249,10,0,679,441,293,1,-1,-1,-1
249,18,0,517,263,503,1,-1,-1,-1
249,19,0,557,347,506,1,-1,-1,-1
249,20,0,493,216,122,1,-1,-1,-1
249,21,1002,580,388,496,1,-1,-1,-1
249,23,536,552,840,524,1,-1,-1,-1
249,24,0,488,212,416,1,-1,-1,-1
249,25,532,444,624,172,1,-1,-1,-1
249,26,632,425,96,145,1,-1,-1,-1
249,27,1004,558,475,377,1,-1,-1,-1
249,28,1292,580,452,400,1,-1,-1,-1
250,0,0,542,483,460,1,-1,-1,-1
250,1,0,584,727,528,1,-1,-1,-1
250,3,35,553,305,268,1,-1,-1,-1
250,8,3,658,214,297,1,-1,-1,-1
250,9,2272,426,288,424,1,-1,-1,-1
250,10,0,672,415,307,1,-1,-1,-1
250,18,0,521,241,479,1,-1,-1,-1
250,19,0,550,332,506,1,-1,-1,-1
250,20,0,491,201,122,1,-1,-1,-1
250,21,1000,589,370,472,1,-1,-1,-1
250,23,524,562,840,524,1,-1,-1,-1
250,24,0,490,211,416,1,-1,-1,-1
250,25,534,442,624,172,1,-1,-1,-1
250,26,631,425,96,145,1,-1,-1,-1
250,27,960,562,475,377,1,-1,-1,-1
250,28,1290,579,452,400,1,-1,-1,-1
251,0,0,542,478,460,1,-1,-1,-1
251,1,0,583,724,528,1,-1,-1,-1
251,3,34,555,305,268,1,-1,-1,-1
251,8,0,658,214,297,1,-1,-1,-1
251,9,2269,425,288,424,1,-1,-1,-1
251,10,0,669,430,307,1,-1,-1,-1
251,18,0,533,231,456,1,-1,-1,-1
251,19,0,548,329,506,1,-1,-1,-1
251,20,0,491,201,122,1,-1,-1,-1
251,21,991,591,370,472,1,-1,-1,-1
251,23,523,553,840,524,1,-1,-1,-1
251,24,0,490,208,416,1,-1,-1,-1
251,25,538,443,624,172,1,-1,-1,-1
251,26,630,425,96,145,1,-1,-1,-1
251,27,957,566,475,377,1,-1,-1,-1
251,28,1291,579,452,400,1,-1,-1,-1
252,0,0,525,491,483,1,-1,-1,-1
252,1,0,585,730,528,1,-1,-1,-1
252,3,33,555,305,268,1,-1,-1,-1
252,8,0,658,211,297,1,-1,-1,-1
252,9,2263,414,297,445,1,-1,-1,-1
252,10,0,679,422,293,1,-1,-1,-1
252,18,0,524,223,456,1,-1,-1,-1
252,19,0,555,314,482,1,-1,-1,-1
252,20,0,492,203,122,1,-1,-1,-1
252,21,983,589,388,496,1,-1,-1,-1
252,23,523,558,840,524,1,-1,-1,-1
252,24,0,482,217,437,1,-1,-1,-1
252,25,541,443,624,172,1,-1,-1,-1
252,26,633,427,96,145,1,-1,-1,-1
252,27,956,573,475,377,1,-1,-1,-1
252,28,1295,578,452,400,1,-1,-1,-1
253,0,0,540,488,460,1,-1,-1,-1
253,1,0,586,731,528,1,-1,-1,-1
253,3,39,555,305,268,1,-1,-1,-1
253,8,1,657,214,297,1,-1,-1,-1
253,9,2283,413,277,445,1,-1,-1,-1
253,10,0,684,453,293,1,-1,-1,-1
253,18,0,523,229,456,1,-1,-1,-1
253,19,0,541,332,506,1,-1,-1,-1
253,20,0,487,216,128,1,-1,-1,-1
253,21,1007,584,388,496,1,-1,-1,-1
253,23,505,547,882,550,1,-1,-1,-1
253,24,4,491,212,416,1,-1,-1,-1
253,25,558,445,594,164,1,-1,-1,-1
253,26,648,428,96,145,1,-1,-1,-1
253,27,977,579,475,377,1,-1,-1,-1
253,28,1314,579,452,400,1,-1,-1,-1
254,0,0,540,491,460,1,-1,-1,-1
254,1,17,591,732,528,1,-1,-1,-1
254,3,47,555,305,268,1,-1,-1,-1
254,8,5,657,214,297,1,-1,-1,-1
254,9,2296,409,264,445,1,-1,-1,-1
254,10,0,686,467,293,1,-1,-1,-1
254,18,0,523,230,456,1,-1,-1,-1
254,19,0,554,322,482,1,-1,-1,-1
254,20,0,488,228,128,1,-1,-1,-1
254,21,1016,593,388,496,1,-1,-1,-1
254,23,533,555,882,550,1,-1,-1,-1
254,24,6,493,212,416,1,-1,-1,-1
254,25,573,443,594,164,1,-1,-1,-1
254,26,666,429,92,138,1,-1,-1,-1
254,27,975,575,499,396,1,-1,-1,-1
254,28,1335,578,452,400,1,-1,-1,-1
255,0,0,543,500,460,1,-1,-1,-1
255,1,21,584,732,528,1,-1,-1,-1
255,3,47,561,305,268,1,-1,-1,-1
255,8,7,665,214,297,1,-1,-1,-1
255,9,2298,410,262,445,1,-1,-1,-1
255,10,0,692,446,293,1,-1,-1,-1
255,18,0,528,228,456,1,-1,-1,-1
255,19,0,556,327,482,1,-1,-1,-1
255,20,0,489,235,128,1,-1,-1,-1
255,21,1023,596,388,496,1,-1,-1,-1
255,23,515,545,882,550,1,-1,-1,-1
255,24,9,497,212,416,1,-1,-1,-1
255,25,582,443,594,164,1,-1,-1,-1
255,26,676,429,92,138,1,-1,-1,-1
255,27,978,577,499,396,1,-1,-1,-1
255,28,1354,581,452,400,1,-1,-1,-1
256,0,0,543,503,460,1,-1,-1,-1
256,1,5,584,732,528,1,-1,-1,-1
256,3,47,564,305,268,1,-1,-1,-1
256,8,5,670,214,297,1,-1,-1,-1
256,9,2300,409,260,445,1,-1,-1,-1
256,10,0,706,439,279,1,-1,-1,-1
256,18,0,531,235,456,1,-1,-1,-1
256,19,0,560,330,482,1,-1,-1,-1
256,20,0,492,237,128,1,-1,-1,-1
256,21,1019,591,388,496,1,-1,-1,-1
256,23,525,546,882,550,1,-1,-1,-1
256,24,10,508,202,396,1,-1,-1,-1
256,25,582,446,594,164,1,-1,-1,-1
256,26,678,431,92,138,1,-1,-1,-1
256,27,970,575,499,396,1,-1,-1,-1
256,28,1364,586,452,400,1,-1,-1,-1
257,0,0,543,503,460,1,-1,-1,-1
257,1,4,600,764,516,1,-1,-1,-1
257,3,47,564,305,268,1,-1,-1,-1
257,8,5,670,214,297,1,-1,-1,-1
257,9,2348,432,212,400,1,-1,-1,-1
257,10,0,706,439,279,1,-1,-1,-1
257,18,0,531,235,456,1,-1,-1,-1
257,19,0,560,330,482,1,-1,-1,-1
257,20,0,492,237,128,1,-1,-1,-1
257,21,1019,591,388,496,1,-1,-1,-1
257,23,288,544,1128,536,1,-1,-1,-1
257,24,10,508,202,396,1,-1,-1,-1
257,25,592,452,604,168,1,-1,-1,-1
257,26,678,431,92,138,1,-1,-1,-1
257,27,970,575,499,396,1,-1,-1,-1
257,28,1276,580,528,412,1,-1,-1,-1
258,0,0,558,493,438,1,-1,-1,-1
258,1,3,599,764,516,1,-1,-1,-1
258,3,45,566,305,268,1,-1,-1,-1
258,8,5,675,214,297,1,-1,-1,-1
258,9,2352,437,208,400,1,-1,-1,-1
258,10,0,703,442,279,1,-1,-1,-1
258,18,0,524,246,479,1,-1,-1,-1
258,19,0,563,333,482,1,-1,-1,-1
258,20,0,493,240,128,1,-1,-1,-1
258,21,1003,572,407,521,1,-1,-1,-1
258,23,291,538,1128,536,1,-1,-1,-1
258,24,8,507,202,396,1,-1,-1,-1
258,25,595,450,604,168,1,-1,-1,-1
258,26,687,435,92,138,1,-1,-1,-1
258,27,965,565,499,396,1,-1,-1,-1
258,28,1285,580,528,412,1,-1,-1,-1
259,0,0,565,489,438,1,-1,-1,-1
259,1,18,600,764,516,1,-1,-1,-1
259,3,49,570,305,268,1,-1,-1,-1
259,8,9,681,214,297,1,-1,-1,-1
259,9,2366,434,194,400,1,-1,-1,-1
259,10,0,705,438,279,1,-1,-1,-1
259,18,0,531,253,479,1,-1,-1,-1
259,19,0,569,340,482,1,-1,-1,-1
259,20,9,495,240,128,1,-1,-1,-1
259,21,1012,580,388,496,1,-1,-1,-1
259,23,284,530,1128,536,1,-1,-1,-1
259,24,9,512,202,396,1,-1,-1,-1
259,25,617,451,575,160,1,-1,-1,-1
259,26,697,438,92,138,1,-1,-1,-1
259,27,972,564,499,396,1,-1,-1,-1
259,28,1303,581,528,412,1,-1,-1,-1
260,0,0,574,489,417,1,-1,-1,-1
260,1,23,601,764,516,1,-1,-1,-1
260,3,53,572,305,268,1,-1,-1,-1
260,8,16,687,214,297,1,-1,-1,-1
260,9,2382,441,178,381,1,-1,-1,-1
260,10,0,705,455,279,1,-1,-1,-1
260,18,0,533,253,479,1,-1,-1,-1
260,19,0,573,342,482,1,-1,-1,-1
260,20,20,497,240,128,1,-1,-1,-1
260,21,1014,580,388,496,1,-1,-1,-1
260,23,291,517,1184,563,1,-1,-1,-1
260,24,9,512,202,396,1,-1,-1,-1
260,25,624,450,575,160,1,-1,-1,-1
260,26,704,439,92,138,1,-1,-1,-1
260,27,977,560,499,396,1,-1,-1,-1
260,28,1308,582,528,412,1,-1,-1,-1
261,0,0,569,485,417,1,-1,-1,-1
261,1,21,602,764,516,1,-1,-1,-1
261,3,54,572,305,268,1,-1,-1,-1
261,8,24,689,214,297,1,-1,-1,-1
261,9,2393,435,167,381,1,-1,-1,-1
261,10,0,703,453,279,1,-1,-1,-1
261,18,0,533,257,479,1,-1,-1,-1
261,19,0,573,343,482,1,-1,-1,-1
261,20,25,497,240,128,1,-1,-1,-1
261,21,1016,579,388,496,1,-1,-1,-1
261,23,279,523,1184,563,1,-1,-1,-1
261,24,13,515,202,396,1,-1,-1,-1
261,25,622,447,604,168,1,-1,-1,-1
261,26,716,439,92,138,1,-1,-1,-1
261,27,980,555,499,396,1,-1,-1,-1
261,28,1322,577,528,412,1,-1,-1,-1
262,0,0,571,485,417,1,-1,-1,-1
262,1,23,606,764,516,1,-1,-1,-1
262,3,52,573,305,268,1,-1,-1,-1
262,8,25,691,214,297,1,-1,-1,-1
262,9,2391,430,169,400,1,-1,-1,-1
262,10,0,704,464,279,1,-1,-1,-1
262,18,0,549,256,456,1,-1,-1,-1
262,19,0,573,345,482,1,-1,-1,-1
262,20,29,498,240,128,1,-1,-1,-1
262,21,1014,572,388,496,1,-1,-1,-1
262,23,262,504,1244,591,1,-1,-1,-1
262,24,22,526,192,377,1,-1,-1,-1
262,25,643,451,575,160,1,-1,-1,-1
262,26,718,438,92,138,1,-1,-1,-1
262,27,974,553,499,396,1,-1,-1,-1
262,28,1312,568,554,433,1,-1,-1,-1
263,0,0,573,481,417,1,-1,-1,-1
263,1,22,612,764,516,1,-1,-1,-1
263,3,51,573,305,268,1,-1,-1,-1
263,8,24,693,214,297,1,-1,-1,-1
263,9,2392,432,168,400,1,-1,-1,-1
263,10,0,710,455,265,1,-1,-1,-1
263,18,0,547,254,456,1,-1,-1,-1
263,19,0,576,345,482,1,-1,-1,-1
263,20,30,500,240,128,1,-1,-1,-1
263,21,1008,570,388,496,1,-1,-1,-1
263,23,302,508,1184,563,1,-1,-1,-1
263,24,16,515,202,396,1,-1,-1,-1
263,25,647,450,575,160,1,-1,-1,-1
263,26,718,438,92,138,1,-1,-1,-1
263,27,978,548,499,396,1,-1,-1,-1
263,28,1334,577,528,412,1,-1,-1,-1
264,0,0,573,478,417,1,-1,-1,-1
264,1,15,613,764,516,1,-1,-1,-1
264,3,47,572,305,268,1,-1,-1,-1
264,8,25,693,214,297,1,-1,-1,-1
264,9,2390,429,170,400,1,-1,-1,-1
264,10,0,712,435,265,1,-1,-1,-1
264,18,0,547,253,456,1,-1,-1,-1
264,19,0,574,346,482,1,-1,-1,-1
264,20,25,497,252,134,1,-1,-1,-1
264,21,1005,567,388,496,1,-1,-1,-1
264,23,306,534,1128,536,1,-1,-1,-1
264,24,21,518,202,396,1,-1,-1,-1
264,25,639,445,604,168,1,-1,-1,-1
264,26,716,437,92,138,1,-1,-1,-1
264,27,971,554,499,396,1,-1,-1,-1
264,28,1336,579,528,412,1,-1,-1,-1
265,0,0,573,478,417,1,-1,-1,-1
265,1,0,604,728,516,1,-1,-1,-1
265,3,47,572,305,268,1,-1,-1,-1
265,8,25,693,214,297,1,-1,-1,-1
265,9,2390,429,170,400,1,-1,-1,-1
265,10,0,712,435,265,1,-1,-1,-1
265,18,0,547,253,456,1,-1,-1,-1
265,19,0,500,288,568,1,-1,-1,-1
265,20,25,497,252,134,1,-1,-1,-1
265,21,1005,567,388,496,1,-1,-1,-1
265,23,348,524,996,560,1,-1,-1,-1
265,24,21,518,202,396,1,-1,-1,-1
265,25,639,445,604,168,1,-1,-1,-1
265,26,716,437,92,138,1,-1,-1,-1
265,27,971,554,499,396,1,-1,-1,-1
265,28,1268,576,580,420,1,-1,-1,-1
265,29,2416,424,144,212,1,-1,-1,-1
266,0,0,569,476,417,1,-1,-1,-1
266,1,0,598,726,516,1,-1,-1,-1
266,3,48,570,305,268,1,-1,-1,-1
266,8,23,684,214,297,1,-1,-1,-1
266,9,2416,434,144,381,1,-1,-1,-1
266,10,0,704,434,265,1,-1,-1,-1
266,18,0,552,251,434,1,-1,-1,-1
266,19,6,502,288,568,1,-1,-1,-1
266,20,23,494,265,141,1,-1,-1,-1
266,21,1000,579,388,496,1,-1,-1,-1
266,23,345,523,996,560,1,-1,-1,-1
266,24,15,505,212,416,1,-1,-1,-1
266,25,662,446,575,160,1,-1,-1,-1
266,26,729,438,92,138,1,-1,-1,-1
266,27,971,566,499,396,1,-1,-1,-1
266,28,1277,574,580,420,1,-1,-1,-1
266,29,2424,424,136,212,1,-1,-1,-1
267,0,0,571,482,417,1,-1,-1,-1
267,1,0,607,728,516,1,-1,-1,-1
267,3,46,570,305,268,1,-1,-1,-1
267,8,17,681,214,297,1,-1,-1,-1
267,9,2410,423,150,400,1,-1,-1,-1
267,10,0,699,442,265,1,-1,-1,-1
267,18,0,555,242,434,1,-1,-1,-1
267,19,12,503,288,568,1,-1,-1,-1
267,20,28,493,265,141,1,-1,-1,-1
267,21,1001,578,388,496,1,-1,-1,-1
267,23,354,529,996,560,1,-1,-1,-1
267,24,13,504,212,416,1,-1,-1,-1
267,25,677,447,548,152,1,-1,-1,-1
267,26,744,437,92,138,1,-1,-1,-1
267,27,990,585,475,377,1,-1,-1,-1
267,28,1288,569,580,420,1,-1,-1,-1
267,29,2434,425,126,212,1,-1,-1,-1
268,0,0,572,472,417,1,-1,-1,-1
268,1,0,594,747,542,1,-1,-1,-1
268,3,40,571,305,268,1,-1,-1,-1
268,8,7,678,214,297,1,-1,-1,-1
268,9,2415,426,145,400,1,-1,-1,-1
268,10,0,698,421,265,1,-1,-1,-1
268,18,0,553,234,434,1,-1,-1,-1
268,19,7,500,288,568,1,-1,-1,-1
268,20,32,493,265,141,1,-1,-1,-1
268,21,1005,577,388,496,1,-1,-1,-1
268,23,326,510,1046,588,1,-1,-1,-1
268,24,14,509,212,416,1,-1,-1,-1
268,25,676,440,575,160,1,-1,-1,-1
268,26,759,436,92,138,1,-1,-1,-1
268,27,974,567,499,396,1,-1,-1,-1
268,28,1307,589,552,400,1,-1,-1,-1
268,29,2441,432,119,202,1,-1,-1,-1
269,0,0,572,471,417,1,-1,-1,-1
269,1,0,581,759,569,1,-1,-1,-1
269,3,38,571,305,268,1,-1,-1,-1
269,8,7,677,214,297,1,-1,-1,-1
269,9,2429,420,131,400,1,-1,-1,-1
269,10,0,688,428,279,1,-1,-1,-1
269,18,0,540,241,456,1,-1,-1,-1
269,19,5,502,288,568,1,-1,-1,-1
269,20,32,493,265,141,1,-1,-1,-1
269,21,1007,580,388,496,1,-1,-1,-1
269,23,354,486,1046,588,1,-1,-1,-1
269,24,11,513,212,416,1,-1,-1,-1
269,25,672,435,604,168,1,-1,-1,-1
269,26,762,435,92,138,1,-1,-1,-1
269,27,977,564,499,396,1,-1,-1,-1
269,28,1306,585,552,400,1,-1,-1,-1
269,29,2444,432,116,202,1,-1,-1,-1
270,0,0,567,459,417,1,-1,-1,-1
270,1,0,587,758,569,1,-1,-1,-1
270,3,24,573,305,268,1,-1,-1,-1
270,8,0,674,204,297,1,-1,-1,-1
270,9,2414,430,146,400,1,-1,-1,-1
270,10,0,694,414,279,1,-1,-1,-1
270,18,0,543,226,456,1,-1,-1,-1
270,19,0,505,281,568,1,-1,-1,-1
270,20,28,493,265,141,1,-1,-1,-1
270,21,1007,576,388,496,1,-1,-1,-1
270,23,389,509,996,560,1,-1,-1,-1
270,24,4,501,223,437,1,-1,-1,-1
270,25,674,437,604,168,1,-1,-1,-1
270,26,765,435,92,138,1,-1,-1,-1
270,27,974,565,499,396,1,-1,-1,-1
270,28,1294,577,580,420,1,-1,-1,-1
270,29,2441,434,119,202,1,-1,-1,-1
271,0,0,567,454,417,1,-1,-1,-1
271,1,0,601,728,542,1,-1,-1,-1
271,3,11,575,305,268,1,-1,-1,-1
271,8,0,673,188,297,1,-1,-1,-1
271,9,2411,430,149,400,1,-1,-1,-1
271,10,0,698,415,279,1,-1,-1,-1
271,18,0,546,216,456,1,-1,-1,-1
271,19,0,513,275,568,1,-1,-1,-1
271,20,24,493,265,141,1,-1,-1,-1
271,21,988,566,407,521,1,-1,-1,-1
271,23,353,521,996,560,1,-1,-1,-1
271,24,0,506,212,437,1,-1,-1,-1
271,25,676,440,604,168,1,-1,-1,-1
271,26,768,432,92,138,1,-1,-1,-1
271,27,987,584,475,377,1,-1,-1,-1
271,28,1299,573,580,420,1,-1,-1,-1
271,29,2440,436,120,202,1,-1,-1,-1
272,0,0,571,448,417,1,-1,-1,-1
272,1,0,599,731,542,1,-1,-1,-1
272,3,0,579,305,268,1,-1,-1,-1
272,8,0,677,176,297,1,-1,-1,-1
272,9,2416,431,144,400,1,-1,-1,-1
272,10,0,706,407,279,1,-1,-1,-1
272,18,0,550,206,456,1,-1,-1,-1
272,19,0,508,271,568,1,-1,-1,-1
272,20,22,495,265,141,1,-1,-1,-1
272,21,986,565,407,521,1,-1,-1,-1
272,23,334,530,996,560,1,-1,-1,-1
272,24,0,509,208,437,1,-1,-1,-1
272,25,684,437,604,168,1,-1,-1,-1
272,26,770,430,92,138,1,-1,-1,-1
272,27,972,570,499,396,1,-1,-1,-1
272,28,1305,575,580,420,1,-1,-1,-1
272,29,2440,435,120,202,1,-1,-1,-1
273,0,0,571,448,417,1,-1,-1,-1
273,1,0,624,740,500,1,-1,-1,-1
273,3,0,579,305,268,1,-1,-1,-1
273,8,0,677,176,297,1,-1,-1,-1
273,9,2416,431,144,400,1,-1,-1,-1
273,10,0,706,407,279,1,-1,-1,-1
273,18,0,550,206,456,1,-1,-1,-1
273,19,0,508,271,568,1,-1,-1,-1
273,20,0,496,296,164,1,-1,-1,-1
273,21,986,565,407,521,1,-1,-1,-1
273,23,420,508,976,572,1,-1,-1,-1
273,24,0,509,208,437,1,-1,-1,-1
273,25,680,444,592,160,1,-1,-1,-1
273,26,770,430,92,138,1,-1,-1,-1
273,27,972,570,499,396,1,-1,-1,-1
273,28,1168,556,692,448,1,-1,-1,-1
273,29,2444,432,112,220,1,-1,-1,-1
274,0,0,580,446,417,1,-1,-1,-1
274,1,0,626,730,500,1,-1,-1,-1
274,3,0,583,288,268,1,-1,-1,-1
274,8,0,679,153,297,1,-1,-1,-1
274,9,2414,431,146,400,1,-1,-1,-1
274,10,0,709,426,279,1,-1,-1,-1
274,18,0,553,209,456,1,-1,-1,-1
274,19,0,506,260,596,1,-1,-1,-1
274,20,0,497,295,164,1,-1,-1,-1
274,21,965,562,407,521,1,-1,-1,-1
274,23,416,510,976,572,1,-1,-1,-1
274,24,0,518,196,437,1,-1,-1,-1
274,25,671,442,592,160,1,-1,-1,-1
274,26,774,430,92,138,1,-1,-1,-1
274,27,939,548,524,416,1,-1,-1,-1
274,28,1167,554,692,448,1,-1,-1,-1
274,29,2443,432,112,220,1,-1,-1,-1
275,0,0,581,448,417,1,-1,-1,-1
275,1,0,631,737,500,1,-1,-1,-1
275,3,0,585,287,268,1,-1,-1,-1
275,8,0,681,152,297,1,-1,-1,-1
275,9,2406,431,154,400,1,-1,-1,-1
275,10,0,715,416,279,1,-1,-1,-1
275,18,0,563,207,434,1,-1,-1,-1
275,19,0,506,261,596,1,-1,-1,-1
275,20,0,498,295,164,1,-1,-1,-1
275,21,959,566,407,521,1,-1,-1,-1
275,23,413,513,976,572,1,-1,-1,-1
275,24,0,515,195,437,1,-1,-1,-1
275,25,677,443,592,160,1,-1,-1,-1
275,26,774,430,92,138,1,-1,-1,-1
275,27,933,553,524,416,1,-1,-1,-1
275,28,1159,554,692,448,1,-1,-1,-1
275,29,2443,432,112,220,1,-1,-1,-1
276,0,0,592,438,417,1,-1,-1,-1
276,1,0,623,719,500,1,-1,-1,-1
276,3,0,584,270,268,1,-1,-1,-1
276,8,0,691,139,297,1,-1,-1,-1
276,9,2406,429,154,400,1,-1,-1,-1
276,10,0,727,414,279,1,-1,-1,-1
276,18,0,582,213,434,1,-1,-1,-1
276,19,0,528,238,568,1,-1,-1,-1
276,20,0,501,284,164,1,-1,-1,-1
276,21,940,575,407,521,1,-1,-1,-1
276,23,401,494,976,572,1,-1,-1,-1
276,24,0,517,190,437,1,-1,-1,-1
276,25,655,441,622,168,1,-1,-1,-1
276,26,768,433,92,138,1,-1,-1,-1
276,27,909,536,550,437,1,-1,-1,-1
276,28,1154,551,692,448,1,-1,-1,-1
276,29,2436,429,112,220,1,-1,-1,-1
277,0,0,601,431,417,1,-1,-1,-1
277,1,0,625,714,500,1,-1,-1,-1
277,3,0,585,250,268,1,-1,-1,-1
277,8,0,695,127,297,1,-1,-1,-1
277,9,2403,430,157,400,1,-1,-1,-1
277,10,0,741,417,279,1,-1,-1,-1
277,18,0,607,205,414,1,-1,-1,-1
277,19,0,520,233,596,1,-1,-1,-1
277,20,0,502,272,164,1,-1,-1,-1
277,21,922,569,407,521,1,-1,-1,-1
277,23,400,507,976,572,1,-1,-1,-1
277,24,0,522,182,437,1,-1,-1,-1
277,25,661,444,622,168,1,-1,-1,-1
277,26,757,435,92,138,1,-1,-1,-1
277,27,893,546,524,416,1,-1,-1,-1
277,28,1135,550,692,448,1,-1,-1,-1
277,29,2426,425,118,231,1,-1,-1,-1
278,0,0,589,431,417,1,-1,-1,-1
278,1,0,626,709,500,1,-1,-1,-1
278,3,0,586,235,268,1,-1,-1,-1
278,8,0,700,113,297,1,-1,-1,-1
278,9,2396,426,164,400,1,-1,-1,-1
278,10,0,742,416,279,1,-1,-1,-1
278,18,0,616,203,434,1,-1,-1,-1
278,19,0,517,223,596,1,-1,-1,-1
278,20,0,504,262,164,1,-1,-1,-1
278,21,906,562,407,521,1,-1,-1,-1
278,23,381,508,976,572,1,-1,-1,-1
278,24,0,529,180,437,1,-1,-1,-1
278,25,660,447,622,168,1,-1,-1,-1
278,26,747,435,92,138,1,-1,-1,-1
278,27,897,549,524,416,1,-1,-1,-1
278,28,1127,537,727,470,1,-1,-1,-1
278,29,2416,422,118,231,1,-1,-1,-1
279,0,0,577,411,417,1,-1,-1,-1
279,1,0,646,677,476,1,-1,-1,-1
279,3,0,583,226,268,1,-1,-1,-1
279,8,0,695,106,297,1,-1,-1,-1
279,9,2385,410,175,420,1,-1,-1,-1
279,10,0,744,422,279,1,-1,-1,-1
279,18,0,579,212,434,1,-1,-1,-1
279,19,0,526,223,568,1,-1,-1,-1
279,20,0,502,258,164,1,-1,-1,-1
279,21,884,563,407,521,1,-1,-1,-1
279,23,393,521,976,572,1,-1,-1,-1
279,24,0,539,183,437,1,-1,-1,-1
279,25,639,447,622,168,1,-1,-1,-1
279,26,741,435,92,138,1,-1,-1,-1
279,27,871,547,524,416,1,-1,-1,-1
279,28,1110,541,727,470,1,-1,-1,-1
279,29,2412,414,118,231,1,-1,-1,-1
280,0,0,585,393,397,1,-1,-1,-1
280,1,0,639,658,476,1,-1,-1,-1
280,3,0,581,215,268,1,-1,-1,-1
280,8,0,690,100,297,1,-1,-1,-1
280,9,2386,412,174,420,1,-1,-1,-1
280,18,0,563,212,434,1,-1,-1,-1
280,19,0,544,206,541,1,-1,-1,-1
280,20,0,498,256,164,1,-1,-1,-1
280,21,866,561,407,521,1,-1,-1,-1
280,23,396,518,930,545,1,-1,-1,-1
280,24,0,538,172,437,1,-1,-1,-1
280,25,646,451,592,160,1,-1,-1,-1
280,26,739,436,92,138,1,-1,-1,-1
280,27,849,538,524,416,1,-1,-1,-1
280,28,1100,532,727,470,1,-1,-1,-1
280,29,2407,413,118,231,1,-1,-1,-1
281,0,0,585,393,397,1,-1,-1,-1
281,1,0,616,632,512,1,-1,-1,-1
281,3,0,581,215,268,1,-1,-1,-1
281,8,0,690,100,297,1,-1,-1,-1
281,9,2384,416,172,436,1,-1,-1,-1
281,18,0,563,212,434,1,-1,-1,-1
281,19,0,544,206,541,1,-1,-1,-1
281,20,0,500,288,156,1,-1,-1,-1
281,21,866,561,407,521,1,-1,-1,-1
281,23,404,532,872,540,1,-1,-1,-1
281,24,0,538,172,437,1,-1,-1,-1
281,25,656,464,560,132,1,-1,-1,-1
281,26,739,436,92,138,1,-1,-1,-1
281,27,849,538,524,416,1,-1,-1,-1
281,28,1088,532,732,484,1,-1,-1,-1
281,29,2407,413,118,231,1,-1,-1,-1
282,0,0,580,389,397,1,-1,-1,-1
282,1,0,617,619,512,1,-1,-1,-1
282,3,0,579,206,268,1,-1,-1,-1
282,8,0,685,96,297,1,-1,-1,-1
282,9,2385,415,172,436,1,-1,-1,-1
282,18,0,557,231,456,1,-1,-1,-1
282,19,0,544,191,515,1,-1,-1,-1
282,20,0,500,288,156,1,-1,-1,-1
282,21,861,557,407,521,1,-1,-1,-1
282,23,406,550,830,514,1,-1,-1,-1
282,24,0,551,160,437,1,-1,-1,-1
282,25,656,464,560,132,1,-1,-1,-1
282,26,738,437,92,138,1,-1,-1,-1
282,27,825,527,550,437,1,-1,-1,-1
282,28,1086,540,732,484,1,-1,-1,-1
282,29,2404,408,118,231,1,-1,-1,-1
283,0,0,565,371,397,1,-1,-1,-1
283,1,0,615,619,512,1,-1,-1,-1
283,3,0,574,190,268,1,-1,-1,-1
283,8,0,685,88,283,1,-1,-1,-1
283,9,2384,414,172,436,1,-1,-1,-1
283,18,0,568,235,456,1,-1,-1,-1
283,19,0,544,183,515,1,-1,-1,-1
283,20,0,499,282,156,1,-1,-1,-1
283,21,834,552,428,547,1,-1,-1,-1
283,23,408,557,830,514,1,-1,-1,-1
283,24,0,509,183,437,1,-1,-1,-1
283,25,661,466,533,126,1,-1,-1,-1
283,26,738,436,92,138,1,-1,-1,-1
283,27,821,558,524,416,1,-1,-1,-1
283,28,1103,552,697,461,1,-1,-1,-1
283,29,2395,402,118,231,1,-1,-1,-1
284,0,0,570,383,397,1,-1,-1,-1
284,1,0,599,626,538,1,-1,-1,-1
284,3,0,576,181,268,1,-1,-1,-1
284,8,0,687,74,283,1,-1,-1,-1
284,9,2381,412,172,436,1,-1,-1,-1
284,19,0,544,175,491,1,-1,-1,-1
284,20,0,498,279,156,1,-1,-1,-1
284,21,841,571,407,521,1,-1,-1,-1
284,23,396,554,830,514,1,-1,-1,-1
284,24,0,533,183,437,1,-1,-1,-1
284,25,660,467,533,126,1,-1,-1,-1
284,26,737,435,92,138,1,-1,-1,-1
284,27,817,556,524,416,1,-1,-1,-1
284,28,1102,556,697,461,1,-1,-1,-1
284,29,2389,403,118,231,1,-1,-1,-1
285,0,0,576,354,378,1,-1,-1,-1
285,1,0,588,641,564,1,-1,-1,-1
285,3,0,579,168,268,1,-1,-1,-1
285,8,0,686,67,297,1,-1,-1,-1
285,9,2371,412,172,436,1,-1,-1,-1
285,19,0,566,180,491,1,-1,-1,-1
285,20,0,497,273,156,1,-1,-1,-1
285,21,837,593,388,496,1,-1,-1,-1
285,23,393,559,830,514,1,-1,-1,-1
285,24,0,483,192,437,1,-1,-1,-1
285,25,647,465,560,132,1,-1,-1,-1
285,26,736,436,92,138,1,-1,-1,-1
285,27,804,564,524,416,1,-1,-1,-1
285,28,1090,564,697,461,1,-1,-1,-1
285,29,2382,404,118,231,1,-1,-1,-1
286,0,0,574,346,378,1,-1,-1,-1
286,1,0,587,645,564,1,-1,-1,-1
286,3,0,581,154,268,1,-1,-1,-1
286,8,0,689,65,312,1,-1,-1,-1
286,9,2366,411,172,436,1,-1,-1,-1
286,19,0,510,192,491,1,-1,-1,-1
286,20,0,496,262,156,1,-1,-1,-1
286,21,814,577,407,521,1,-1,-1,-1
286,23,368,569,830,514,1,-1,-1,-1
286,24,0,481,190,416,1,-1,-1,-1
286,25,644,465,560,132,1,-1,-1,-1
286,26,733,436,92,138,1,-1,-1,-1
286,27,773,563,524,416,1,-1,-1,-1
286,28,1108,565,664,439,1,-1,-1,-1
286,29,2367,400,118,231,1,-1,-1,-1
287,0,0,584,351,378,1,-1,-1,-1
287,1,0,588,648,564,1,-1,-1,-1
287,3,0,579,154,268,1,-1,-1,-1
287,8,0,685,59,312,1,-1,-1,-1
287,9,2361,409,172,436,1,-1,-1,-1
287,19,0,496,193,467,1,-1,-1,-1
287,20,0,497,253,149,1,-1,-1,-1
287,21,811,580,407,521,1,-1,-1,-1
287,23,367,559,872,540,1,-1,-1,-1
287,24,0,489,180,396,1,-1,-1,-1
287,25,642,464,560,132,1,-1,-1,-1
287,26,733,436,92,138,1,-1,-1,-1
287,27,779,564,524,416,1,-1,-1,-1
287,28,1089,557,697,461,1,-1,-1,-1
287,29,2366,401,118,231,1,-1,-1,-1
288,0,0,578,336,378,1,-1,-1,-1
288,1,0,583,627,564,1,-1,-1,-1
288,3,0,586,143,268,1,-1,-1,-1
288,9,2354,412,172,436,1,-1,-1,-1
288,19,0,513,189,445,1,-1,-1,-1
288,20,0,495,239,149,1,-1,-1,-1
288,21,786,581,407,521,1,-1,-1,-1
288,23,362,553,872,540,1,-1,-1,-1
288,24,0,490,172,396,1,-1,-1,-1
288,25,639,464,560,132,1,-1,-1,-1
288,26,726,438,92,138,1,-1,-1,-1
288,27,753,565,524,416,1,-1,-1,-1
288,28,1060,549,732,484,1,-1,-1,-1
288,29,2351,402,118,231,1,-1,-1,-1
289,0,0,578,336,378,1,-1,-1,-1
289,1,0,632,508,496,1,-1,-1,-1
289,3,0,586,143,268,1,-1,-1,-1
289,9,2324,412,236,276,1,-1,-1,-1
289,19,0,513,189,445,1,-1,-1,-1
289,20,0,496,220,176,1,-1,-1,-1
289,21,786,581,407,521,1,-1,-1,-1
289,23,260,564,952,516,1,-1,-1,-1
289,24,0,490,172,396,1,-1,-1,-1
289,25,616,440,560,164,1,-1,-1,-1
289,26,726,438,92,138,1,-1,-1,-1
289,27,753,565,524,416,1,-1,-1,-1
289,28,1044,540,748,472,1,-1,-1,-1
289,29,2351,402,118,231,1,-1,-1,-1
289,30,112,504,204,136,1,-1,-1,-1
290,0,0,563,316,378,1,-1,-1,-1
290,1,0,632,495,496,1,-1,-1,-1
290,3,0,599,116,268,1,-1,-1,-1
290,9,2315,413,236,276,1,-1,-1,-1
290,19,0,513,173,445,1,-1,-1,-1
290,20,0,498,213,176,1,-1,-1,-1
290,21,747,570,407,521,1,-1,-1,-1
290,23,250,566,952,516,1,-1,-1,-1
290,24,0,493,154,396,1,-1,-1,-1
290,25,617,440,560,164,1,-1,-1,-1
290,26,715,438,92,138,1,-1,-1,-1
290,27,715,550,524,416,1,-1,-1,-1
290,28,1042,538,748,472,1,-1,-1,-1
290,29,2326,408,118,231,1,-1,-1,-1
290,30,105,505,204,136,1,-1,-1,-1
291,0,0,563,297,378,1,-1,-1,-1
291,1,0,638,474,496,1,-1,-1,-1
291,3,0,605,90,255,1,-1,-1,-1
291,9,2300,409,236,276,1,-1,-1,-1
291,19,0,503,168,467,1,-1,-1,-1
291,20,0,497,203,176,1,-1,-1,-1
291,21,729,571,407,521,1,-1,-1,-1
291,23,241,560,952,516,1,-1,-1,-1
291,24,0,493,144,396,1,-1,-1,-1
291,25,613,439,560,164,1,-1,-1,-1
291,26,708,439,92,138,1,-1,-1,-1
291,27,686,532,550,437,1,-1,-1,-1
291,28,1023,536,748,472,1,-1,-1,-1
291,29,2308,404,118,231,1,-1,-1,-1
291,30,99,504,204,136,1,-1,-1,-1
292,1,0,641,447,472,1,-1,-1,-1
292,3,0,641,119,255,1,-1,-1,-1
292,9,2286,410,236,276,1,-1,-1,-1
292,19,0,493,161,467,1,-1,-1,-1
292,20,0,492,192,185,1,-1,-1,-1
292,21,716,564,407,521,1,-1,-1,-1
292,23,237,560,952,516,1,-1,-1,-1
292,24,0,505,134,377,1,-1,-1,-1
292,25,597,438,560,164,1,-1,-1,-1
292,26,704,439,92,138,1,-1,-1,-1
292,27,683,531,550,437,1,-1,-1,-1
292,28,1019,533,748,472,1,-1,-1,-1
292,29,2296,405,118,231,1,-1,-1,-1
292,30,86,500,204,136,1,-1,-1,-1
293,1,0,647,430,450,1,-1,-1,-1
293,3,0,645,125,255,1,-1,-1,-1
293,9,2285,407,236,276,1,-1,-1,-1
293,19,0,487,158,467,1,-1,-1,-1
293,20,0,494,191,185,1,-1,-1,-1
293,21,717,562,407,521,1,-1,-1,-1
293,23,229,560,952,516,1,-1,-1,-1
293,24,0,505,134,377,1,-1,-1,-1
293,25,599,440,560,164,1,-1,-1,-1
293,26,703,438,92,138,1,-1,-1,-1
293,27,676,530,550,437,1,-1,-1,-1
293,28,1018,535,748,472,1,-1,-1,-1
293,29,2295,403,118,231,1,-1,-1,-1
293,30,87,502,204,136,1,-1,-1,-1
294,1,0,648,421,450,1,-1,-1,-1
294,3,0,669,140,243,1,-1,-1,-1
294,9,2272,412,236,276,1,-1,-1,-1
294,19,0,485,165,491,1,-1,-1,-1
294,20,0,494,185,185,1,-1,-1,-1
294,21,707,560,407,521,1,-1,-1,-1
294,23,207,565,952,516,1,-1,-1,-1
294,24,0,651,197,396,1,-1,-1,-1
294,25,590,442,560,164,1,-1,-1,-1
294,26,698,443,92,138,1,-1,-1,-1
294,27,670,533,550,437,1,-1,-1,-1
294,28,1034,549,712,450,1,-1,-1,-1
294,29,2290,398,118,231,1,-1,-1,-1
294,30,68,493,214,143,1,-1,-1,-1
295,1,0,651,395,450,1,-1,-1,-1
295,3,0,677,132,231,1,-1,-1,-1
295,9,2257,404,236,276,1,-1,-1,-1
295,19,0,645,220,491,1,-1,-1,-1
295,20,0,489,174,194,1,-1,-1,-1
295,21,680,566,407,521,1,-1,-1,-1
295,23,182,569,952,516,1,-1,-1,-1
295,24,4,664,192,377,1,-1,-1,-1
295,25,592,445,533,156,1,-1,-1,-1
295,26,689,444,92,138,1,-1,-1,-1
295,27,652,534,550,437,1,-1,-1,-1
295,28,1008,536,748,472,1,-1,-1,-1
295,29,2279,396,118,231,1,-1,-1,-1
295,30,51,487,225,150,1,-1,-1,-1
296,1,0,657,400,450,1,-1,-1,-1
296,3,0,688,126,220,1,-1,-1,-1
296,9,2242,395,236,276,1,-1,-1,-1
296,19,0,649,221,467,1,-1,-1,-1
296,20,0,487,161,194,1,-1,-1,-1
296,21,657,562,407,521,1,-1,-1,-1
296,23,192,567,952,516,1,-1,-1,-1
296,24,1,662,192,377,1,-1,-1,-1
296,25,562,441,560,164,1,-1,-1,-1
296,26,682,446,92,138,1,-1,-1,-1
296,27,626,521,550,437,1,-1,-1,-1
296,28,994,535,748,472,1,-1,-1,-1
296,29,2264,387,118,231,1,-1,-1,-1
296,30,35,489,236,157,1,-1,-1,-1
297,1,0,628,312,488,1,-1,-1,-1
297,3,0,688,126,220,1,-1,-1,-1
297,9,2242,395,236,276,1,-1,-1,-1
297,19,0,649,221,467,1,-1,-1,-1
297,20,0,487,161,194,1,-1,-1,-1
297,21,657,562,407,521,1,-1,-1,-1
297,23,64,504,952,568,1,-1,-1,-1
297,24,1,662,192,377,1,-1,-1,-1
297,25,548,456,520,140,1,-1,-1,-1
297,26,682,446,92,138,1,-1,-1,-1
297,27,548,448,644,468,1,-1,-1,-1
297,28,980,528,784,492,1,-1,-1,-1
297,29,2264,387,118,231,1,-1,-1,-1
297,30,35,489,236,157,1,-1,-1,-1
297,31,2224,388,336,456,1,-1,-1,-1
298,1,0,627,299,488,1,-1,-1,-1
298,3,0,737,158,220,1,-1,-1,-1
298,9,2217,399,225,263,1,-1,-1,-1
298,19,0,644,202,445,1,-1,-1,-1
298,20,0,484,139,194,1,-1,-1,-1
298,21,622,569,407,521,1,-1,-1,-1
298,23,53,506,952,568,1,-1,-1,-1
298,24,0,668,178,377,1,-1,-1,-1
298,25,541,457,520,140,1,-1,-1,-1
298,26,662,443,92,138,1,-1,-1,-1
298,27,545,451,644,468,1,-1,-1,-1
298,28,973,529,784,492,1,-1,-1,-1
298,29,2240,389,118,231,1,-1,-1,-1
298,30,17,486,236,157,1,-1,-1,-1
298,31,2220,386,336,456,1,-1,-1,-1
299,1,0,629,297,488,1,-1,-1,-1
299,3,0,742,241,220,1,-1,-1,-1
299,9,2217,399,225,263,1,-1,-1,-1
299,19,0,632,201,467,1,-1,-1,-1
299,20,0,484,140,194,1,-1,-1,-1
299,21,614,566,407,521,1,-1,-1,-1
299,23,51,504,952,568,1,-1,-1,-1
299,24,0,672,180,377,1,-1,-1,-1
299,25,541,456,520,140,1,-1,-1,-1
299,26,656,440,92,138,1,-1,-1,-1
299,27,540,447,644,468,1,-1,-1,-1
299,28,978,526,784,492,1,-1,-1,-1
299,29,2236,385,123,243,1,-1,-1,-1
299,30,19,487,236,157,1,-1,-1,-1
299,31,2215,386,336,456,1,-1,-1,-1
300,1,0,632,283,488,1,-1,-1,-1
300,9,2211,400,214,250,1,-1,-1,-1
300,20,0,484,135,194,1,-1,-1,-1
300,21,604,580,388,496,1,-1,-1,-1
300,23,41,505,952,568,1,-1,-1,-1
300,24,0,673,173,377,1,-1,-1,-1
300,25,528,456,520,140,1,-1,-1,-1
300,26,644,438,92,138,1,-1,-1,-1
300,27,525,448,644,468,1,-1,-1,-1
300,28,970,531,784,492,1,-1,-1,-1
300,29,2228,386,118,231,1,-1,-1,-1
300,30,16,491,248,165,1,-1,-1,-1
300,31,2209,384,336,456,1,-1,-1,-1
301,1,0,635,268,488,1,-1,-1,-1
301,9,2199,403,214,250,1,-1,-1,-1
301,20,0,482,128,194,1,-1,-1,-1
301,21,594,587,388,496,1,-1,-1,-1
301,23,40,514,952,568,1,-1,-1,-1
301,24,0,694,152,359,1,-1,-1,-1
301,25,519,456,520,140,1,-1,-1,-1
301,26,630,438,92,138,1,-1,-1,-1
301,27,520,452,644,468,1,-1,-1,-1
301,28,963,532,784,492,1,-1,-1,-1
301,29,2211,382,118,231,1,-1,-1,-1
301,30,7,489,248,165,1,-1,-1,-1
301,31,2195,383,336,456,1,-1,-1,-1
302,1,0,642,248,465,1,-1,-1,-1
302,9,2186,403,214,250,1,-1,-1,-1
302,20,0,482,111,194,1,-1,-1,-1
302,21,572,574,407,521,1,-1,-1,-1
302,23,8,499,1000,596,1,-1,-1,-1
302,24,0,692,146,359,1,-1,-1,-1
302,25,515,456,520,140,1,-1,-1,-1
302,26,620,438,92,138,1,-1,-1,-1
302,27,520,452,644,468,1,-1,-1,-1
302,28,952,529,784,492,1,-1,-1,-1
302,29,2194,386,112,220,1,-1,-1,-1
302,30,50,495,248,165,1,-1,-1,-1
302,31,2188,382,336,456,1,-1,-1,-1
303,1,0,640,233,465,1,-1,-1,-1
303,9,2171,403,214,250,1,-1,-1,-1
303,20,0,481,118,194,1,-1,-1,-1
303,21,542,578,407,521,1,-1,-1,-1
303,23,25,512,952,568,1,-1,-1,-1
303,24,0,714,133,342,1,-1,-1,-1
303,25,510,454,520,140,1,-1,-1,-1
303,26,610,436,92,138,1,-1,-1,-1
303,27,504,453,644,468,1,-1,-1,-1
303,28,946,529,784,492,1,-1,-1,-1
303,29,2177,388,112,220,1,-1,-1,-1
303,30,41,498,248,165,1,-1,-1,-1
303,31,2166,376,353,479,1,-1,-1,-1
304,1,0,633,222,465,1,-1,-1,-1
304,9,2158,401,214,250,1,-1,-1,-1
304,20,0,486,114,194,1,-1,-1,-1
304,21,525,579,407,521,1,-1,-1,-1
304,23,38,510,952,568,1,-1,-1,-1
304,24,0,725,123,326,1,-1,-1,-1
304,25,505,451,520,140,1,-1,-1,-1
304,26,604,438,92,138,1,-1,-1,-1
304,27,493,455,644,468,1,-1,-1,-1
304,28,934,533,784,492,1,-1,-1,-1
304,29,2161,389,112,220,1,-1,-1,-1
304,30,14,490,260,174,1,-1,-1,-1
304,31,2151,373,353,479,1,-1,-1,-1
305,1,0,644,248,464,1,-1,-1,-1
305,9,2158,401,214,250,1,-1,-1,-1
305,20,0,486,114,194,1,-1,-1,-1
305,21,525,579,407,521,1,-1,-1,-1
305,23,32,552,916,520,1,-1,-1,-1
305,24,0,725,123,326,1,-1,-1,-1
305,25,508,452,524,148,1,-1,-1,-1
305,26,604,438,92,138,1,-1,-1,-1
305,27,480,460,552,576,1,-1,-1,-1
305,28,892,520,856,504,1,-1,-1,-1
305,29,2161,389,112,220,1,-1,-1,-1
305,30,0,496,324,152,1,-1,-1,-1
305,31,2144,392,416,452,1,-1,-1,-1
306,1,0,644,239,464,1,-1,-1,-1
306,9,2154,406,214,250,1,-1,-1,-1
306,20,0,484,123,204,1,-1,-1,-1
306,21,521,572,407,521,1,-1,-1,-1
306,23,28,558,916,520,1,-1,-1,-1
306,24,0,717,124,326,1,-1,-1,-1
306,25,507,453,524,148,1,-1,-1,-1
306,26,602,438,92,138,1,-1,-1,-1
306,27,478,458,552,576,1,-1,-1,-1
306,28,890,523,856,504,1,-1,-1,-1
306,29,2154,393,118,231,1,-1,-1,-1
306,30,0,495,323,152,1,-1,-1,-1
306,31,2139,393,416,452,1,-1,-1,-1
307,1,0,638,235,464,1,-1,-1,-1
307,9,2153,407,214,250,1,-1,-1,-1
307,20,0,486,128,204,1,-1,-1,-1
307,21,511,574,407,521,1,-1,-1,-1
307,23,33,573,872,495,1,-1,-1,-1
307,24,0,782,128,310,1,-1,-1,-1
307,25,513,454,524,148,1,-1,-1,-1
307,26,607,437,92,138,1,-1,-1,-1
307,27,487,462,552,576,1,-1,-1,-1
307,28,888,520,856,504,1,-1,-1,-1
307,29,2154,396,118,231,1,-1,-1,-1
307,30,0,494,324,152,1,-1,-1,-1
307,31,2146,392,414,452,1,-1,-1,-1
308,1,0,638,245,464,1,-1,-1,-1
308,9,2161,407,214,250,1,-1,-1,-1
308,20,0,482,127,204,1,-1,-1,-1
308,21,512,572,407,521,1,-1,-1,-1
308,23,31,574,872,495,1,-1,-1,-1
308,24,0,788,131,296,1,-1,-1,-1
308,25,541,457,499,141,1,-1,-1,-1
308,26,617,439,92,138,1,-1,-1,-1
308,27,497,460,552,576,1,-1,-1,-1
308,28,872,504,899,529,1,-1,-1,-1
308,29,2159,397,118,231,1,-1,-1,-1
308,30,10,493,324,152,1,-1,-1,-1
308,31,2152,393,408,452,1,-1,-1,-1
309,1,0,640,241,464,1,-1,-1,-1
309,9,2162,408,214,250,1,-1,-1,-1
309,20,0,481,129,204,1,-1,-1,-1
309,21,502,571,407,521,1,-1,-1,-1
309,23,35,572,872,495,1,-1,-1,-1
309,24,0,790,138,310,1,-1,-1,-1
309,25,556,458,475,134,1,-1,-1,-1
309,26,623,434,92,138,1,-1,-1,-1
309,27,507,463,552,576,1,-1,-1,-1
309,28,887,509,899,529,1,-1,-1,-1
309,29,2162,396,118,231,1,-1,-1,-1
309,30,12,493,324,152,1,-1,-1,-1
309,31,2156,395,404,452,1,-1,-1,-1
310,1,0,653,232,464,1,-1,-1,-1
310,9,2151,411,214,250,1,-1,-1,-1
310,20,0,483,127,204,1,-1,-1,-1
310,21,498,576,388,496,1,-1,-1,-1
310,23,6,553,916,520,1,-1,-1,-1
310,24,0,812,136,296,1,-1,-1,-1
310,25,537,452,499,141,1,-1,-1,-1
310,26,621,434,92,138,1,-1,-1,-1
310,27,495,453,580,605,1,-1,-1,-1
310,28,913,518,856,504,1,-1,-1,-1
310,29,2158,395,118,231,1,-1,-1,-1
310,30,0,497,305,145,1,-1,-1,-1
310,31,2138,379,422,475,1,-1,-1,-1
311,1,0,650,234,464,1,-1,-1,-1
311,9,2151,410,214,250,1,-1,-1,-1
311,20,0,485,128,204,1,-1,-1,-1
311,21,496,576,388,496,1,-1,-1,-1
311,23,16,554,916,520,1,-1,-1,-1
311,24,0,796,142,310,1,-1,-1,-1
311,25,542,457,499,141,1,-1,-1,-1
311,26,620,434,92,138,1,-1,-1,-1
311,27,494,449,580,605,1,-1,-1,-1
311,28,941,532,815,480,1,-1,-1,-1
311,29,2157,396,118,231,1,-1,-1,-1
311,30,1,496,309,145,1,-1,-1,-1
311,31,2153,393,407,452,1,-1,-1,-1
312,1,0,654,215,464,1,-1,-1,-1
312,9,2140,410,214,250,1,-1,-1,-1
312,20,0,487,122,204,1,-1,-1,-1
312,21,478,571,388,496,1,-1,-1,-1
312,23,11,552,916,520,1,-1,-1,-1
312,24,0,808,140,310,1,-1,-1,-1
312,25,540,457,499,141,1,-1,-1,-1
312,26,609,434,92,138,1,-1,-1,-1
312,27,500,451,580,605,1,-1,-1,-1
312,28,925,515,856,504,1,-1,-1,-1
312,29,2149,392,118,231,1,-1,-1,-1
312,30,0,496,294,145,1,-1,-1,-1
312,31,2129,378,431,475,1,-1,-1,-1
313,1,0,654,215,464,1,-1,-1,-1
313,9,2140,410,214,250,1,-1,-1,-1
313,20,0,487,122,204,1,-1,-1,-1
313,21,478,571,388,496,1,-1,-1,-1
313,23,0,552,864,524,1,-1,-1,-1
313,24,0,664,96,464,1,-1,-1,-1
313,25,516,456,516,144,1,-1,-1,-1
313,26,609,434,92,138,1,-1,-1,-1
313,27,412,464,720,588,1,-1,-1,-1
313,28,944,516,764,496,1,-1,-1,-1
313,29,2149,392,118,231,1,-1,-1,-1
313,30,0,496,294,145,1,-1,-1,-1
313,31,2120,388,440,452,1,-1,-1,-1
313,32,788,572,344,484,1,-1,-1,-1
314,1,0,650,185,464,1,-1,-1,-1
314,9,2129,414,214,250,1,-1,-1,-1
314,20,0,494,114,214,1,-1,-1,-1
314,21,453,568,388,496,1,-1,-1,-1
314,23,5,561,864,524,1,-1,-1,-1
314,24,2,666,96,464,1,-1,-1,-1
314,25,513,458,516,144,1,-1,-1,-1
314,26,590,440,92,138,1,-1,-1,-1
314,27,429,469,720,588,1,-1,-1,-1
314,28,952,522,764,496,1,-1,-1,-1
314,29,2138,396,112,220,1,-1,-1,-1
314,30,0,499,287,145,1,-1,-1,-1
314,31,2118,392,440,452,1,-1,-1,-1
314,32,792,570,344,484,1,-1,-1,-1
315,1,0,654,178,464,1,-1,-1,-1
315,9,2123,407,225,263,1,-1,-1,-1
315,20,0,495,112,214,1,-1,-1,-1
315,21,454,585,370,472,1,-1,-1,-1
315,23,0,565,858,524,1,-1,-1,-1
315,24,3,672,96,464,1,-1,-1,-1
315,25,519,459,516,144,1,-1,-1,-1
315,26,591,440,92,138,1,-1,-1,-1
315,27,427,471,720,588,1,-1,-1,-1
315,28,979,535,728,472,1,-1,-1,-1
315,29,2137,396,112,220,1,-1,-1,-1
315,30,0,501,260,138,1,-1,-1,-1
315,31,2121,393,439,452,1,-1,-1,-1
315,32,809,587,328,461,1,-1,-1,-1
316,1,0,658,163,464,1,-1,-1,-1
316,9,2124,409,225,263,1,-1,-1,-1
316,20,0,503,107,204,1,-1,-1,-1
316,21,438,575,388,496,1,-1,-1,-1
316,23,0,564,848,524,1,-1,-1,-1
316,24,0,674,92,464,1,-1,-1,-1
316,25,538,462,491,137,1,-1,-1,-1
316,26,596,440,92,138,1,-1,-1,-1
316,27,437,476,720,588,1,-1,-1,-1
316,28,983,535,728,472,1,-1,-1,-1
316,29,2135,395,112,220,1,-1,-1,-1
316,30,0,500,253,138,1,-1,-1,-1
316,31,2122,390,438,452,1,-1,-1,-1
316,32,818,587,328,461,1,-1,-1,-1
317,1,0,663,161,464,1,-1,-1,-1
317,9,2124,409,225,263,1,-1,-1,-1
317,20,0,506,110,204,1,-1,-1,-1
317,21,438,576,388,496,1,-1,-1,-1
317,23,0,557,843,524,1,-1,-1,-1
317,24,0,672,90,464,1,-1,-1,-1
317,25,539,461,491,137,1,-1,-1,-1
317,26,598,440,92,138,1,-1,-1,-1
317,27,407,457,756,617,1,-1,-1,-1
317,28,984,532,728,472,1,-1,-1,-1
317,29,2135,399,107,210,1,-1,-1,-1
317,30,0,498,253,138,1,-1,-1,-1
317,31,2122,391,438,452,1,-1,-1,-1
317,32,820,581,328,461,1,-1,-1,-1
318,1,0,666,162,464,1,-1,-1,-1
318,9,2124,408,225,263,1,-1,-1,-1
318,20,0,513,97,194,1,-1,-1,-1
318,21,444,581,388,496,1,-1,-1,-1
318,23,0,570,856,524,1,-1,-1,-1
318,24,0,671,90,464,1,-1,-1,-1
318,25,537,461,491,137,1,-1,-1,-1
318,26,605,443,92,138,1,-1,-1,-1
318,27,411,457,756,617,1,-1,-1,-1
318,28,994,536,728,472,1,-1,-1,-1
318,29,2135,397,112,220,1,-1,-1,-1
318,30,0,502,249,138,1,-1,-1,-1
318,31,2122,392,438,452,1,-1,-1,-1
318,32,828,585,328,461,1,-1,-1,-1
319,1,0,664,164,464,1,-1,-1,-1
319,9,2128,409,225,263,1,-1,-1,-1
319,20,0,531,109,185,1,-1,-1,-1
319,21,443,589,388,496,1,-1,-1,-1
319,23,0,553,876,550,1,-1,-1,-1
319,24,0,664,93,464,1,-1,-1,-1
319,25,562,459,468,131,1,-1,-1,-1
319,26,616,444,92,138,1,-1,-1,-1
319,27,425,465,756,617,1,-1,-1,-1
319,28,1006,539,728,472,1,-1,-1,-1
319,29,2135,401,112,220,1,-1,-1,-1
319,30,0,504,241,138,1,-1,-1,-1
319,31,2120,395,440,452,1,-1,-1,-1
319,32,841,586,328,461,1,-1,-1,-1
320,1,0,657,156,464,1,-1,-1,-1
320,9,2130,410,225,263,1,-1,-1,-1
320,20,0,524,110,185,1,-1,-1,-1
320,21,437,584,388,496,1,-1,-1,-1
320,23,0,561,884,550,1,-1,-1,-1
320,24,0,661,93,464,1,-1,-1,-1
320,25,565,459,468,131,1,-1,-1,-1
320,26,625,443,92,138,1,-1,-1,-1
320,27,420,468,756,617,1,-1,-1,-1
320,28,1015,538,728,472,1,-1,-1,-1
320,29,2135,406,112,220,1,-1,-1,-1
320,30,0,511,240,131,1,-1,-1,-1
320,31,2120,390,440,452,1,-1,-1,-1
320,32,861,581,328,461,1,-1,-1,-1
321,1,0,657,156,464,1,-1,-1,-1
321,9,2130,410,225,263,1,-1,-1,-1
321,20,0,524,110,185,1,-1,-1,-1
321,21,437,584,388,496,1,-1,-1,-1
321,23,4,572,856,504,1,-1,-1,-1
321,24,0,661,93,464,1,-1,-1,-1
321,25,552,476,484,124,1,-1,-1,-1
321,26,625,443,92,138,1,-1,-1,-1
321,27,468,492,760,572,1,-1,-1,-1
321,28,964,508,780,516,1,-1,-1,-1
321,29,2135,406,112,220,1,-1,-1,-1
321,30,0,511,240,131,1,-1,-1,-1
321,31,2120,408,436,436,1,-1,-1,-1
321,32,861,581,328,461,1,-1,-1,-1
322,1,0,667,153,442,1,-1,-1,-1
322,9,2135,414,214,250,1,-1,-1,-1
322,20,0,504,123,194,1,-1,-1,-1
322,21,427,580,388,496,1,-1,-1,-1
322,23,0,578,855,504,1,-1,-1,-1
322,24,0,669,89,464,1,-1,-1,-1
322,25,555,477,484,124,1,-1,-1,-1
322,26,638,444,92,138,1,-1,-1,-1
322,27,463,492,760,572,1,-1,-1,-1
322,28,968,510,780,516,1,-1,-1,-1
322,29,2131,411,112,220,1,-1,-1,-1
322,30,0,508,235,131,1,-1,-1,-1
322,31,2115,409,436,436,1,-1,-1,-1
322,32,874,579,328,461,1,-1,-1,-1
323,1,0,675,138,421,1,-1,-1,-1
323,9,2133,415,214,250,1,-1,-1,-1
323,20,0,499,123,194,1,-1,-1,-1
323,21,418,580,388,496,1,-1,-1,-1
323,23,0,574,843,504,1,-1,-1,-1
323,24,0,684,79,442,1,-1,-1,-1
323,25,557,478,484,124,1,-1,-1,-1
323,26,641,443,92,138,1,-1,-1,-1
323,27,460,491,760,572,1,-1,-1,-1
323,28,968,511,780,516,1,-1,-1,-1
323,29,2127,407,118,231,1,-1,-1,-1
323,30,0,506,252,131,1,-1,-1,-1
323,31,2113,410,436,436,1,-1,-1,-1
323,32,875,582,328,461,1,-1,-1,-1
324,1,0,663,135,442,1,-1,-1,-1
324,9,2131,413,214,250,1,-1,-1,-1
324,20,0,506,124,194,1,-1,-1,-1
324,21,416,581,388,496,1,-1,-1,-1
324,23,0,572,848,504,1,-1,-1,-1
324,24,0,764,81,421,1,-1,-1,-1
324,25,567,478,484,124,1,-1,-1,-1
324,26,647,443,92,138,1,-1,-1,-1
324,27,466,491,760,572,1,-1,-1,-1
324,28,973,515,780,516,1,-1,-1,-1
324,29,2123,409,123,243,1,-1,-1,-1
324,30,0,508,205,138,1,-1,-1,-1
324,31,2117,407,436,436,1,-1,-1,-1
324,32,876,581,328,461,1,-1,-1,-1
325,1,0,662,130,442,1,-1,-1,-1
325,9,2127,410,225,263,1,-1,-1,-1
325,20,0,501,134,204,1,-1,-1,-1
325,21,412,575,388,496,1,-1,-1,-1
325,23,0,566,847,504,1,-1,-1,-1
325,24,0,676,86,421,1,-1,-1,-1
325,25,572,477,484,124,1,-1,-1,-1
325,26,659,445,92,138,1,-1,-1,-1
325,27,467,487,760,572,1,-1,-1,-1
325,28,999,519,743,491,1,-1,-1,-1
325,29,2124,408,123,243,1,-1,-1,-1
325,30,0,506,205,138,1,-1,-1,-1
325,31,2122,408,436,436,1,-1,-1,-1
325,32,898,592,312,439,1,-1,-1,-1
