1,0,1228,832,92,220,1,-1,-1,-1
1,1,1324,824,120,224,1,-1,-1,-1
1,2,648,740,84,148,1,-1,-1,-1
1,3,1564,784,100,232,1,-1,-1,-1
2,0,1226,833,92,220,1,-1,-1,-1
2,1,1324,824,120,224,1,-1,-1,-1
2,2,647,740,84,148,1,-1,-1,-1
2,3,1562,784,100,232,1,-1,-1,-1
3,0,1223,834,92,220,1,-1,-1,-1
3,1,1324,824,120,224,1,-1,-1,-1
3,2,646,740,84,148,1,-1,-1,-1
3,3,1559,785,100,232,1,-1,-1,-1
4,0,1219,835,92,220,1,-1,-1,-1
4,1,1324,824,120,224,1,-1,-1,-1
4,2,645,741,84,148,1,-1,-1,-1
4,3,1557,785,100,232,1,-1,-1,-1
5,0,1215,835,92,220,1,-1,-1,-1
5,1,1323,824,120,224,1,-1,-1,-1
5,2,644,741,84,148,1,-1,-1,-1
5,3,1554,786,100,232,1,-1,-1,-1
6,0,1209,829,97,231,1,-1,-1,-1
6,1,1323,826,120,224,1,-1,-1,-1
6,2,641,743,84,148,1,-1,-1,-1
6,3,1552,786,100,232,1,-1,-1,-1
7,0,1207,829,97,231,1,-1,-1,-1
7,1,1323,826,120,224,1,-1,-1,-1
7,2,638,739,88,155,1,-1,-1,-1
7,3,1551,787,100,232,1,-1,-1,-1
8,0,1205,830,97,231,1,-1,-1,-1
8,1,1322,825,120,224,1,-1,-1,-1
8,2,636,739,88,155,1,-1,-1,-1
8,3,1550,788,100,232,1,-1,-1,-1
9,0,1196,824,108,248,1,-1,-1,-1
9,1,1340,828,104,220,1,-1,-1,-1
9,2,656,740,72,156,1,-1,-1,-1
9,3,1556,784,88,200,1,-1,-1,-1
9,4,1280,800,92,216,1,-1,-1,-1
9,5,824,876,164,264,1,-1,-1,-1
9,6,1068,768,120,220,1,-1,-1,-1
9,7,944,744,104,128,1,-1,-1,-1
9,8,744,772,88,208,1,-1,-1,-1
10,0,1195,824,108,248,1,-1,-1,-1
10,1,1339,829,104,220,1,-1,-1,-1
10,2,655,740,72,156,1,-1,-1,-1
10,3,1556,784,88,200,1,-1,-1,-1
10,4,1279,800,92,216,1,-1,-1,-1
10,5,821,876,164,264,1,-1,-1,-1
10,6,1067,768,120,220,1,-1,-1,-1
10,7,944,743,104,128,1,-1,-1,-1
10,8,743,772,88,208,1,-1,-1,-1
11,0,1193,825,108,248,1,-1,-1,-1
11,1,1337,831,104,220,1,-1,-1,-1
11,2,652,740,72,156,1,-1,-1,-1
11,3,1553,779,92,210,1,-1,-1,-1
11,4,1278,801,92,216,1,-1,-1,-1
11,5,817,878,164,264,1,-1,-1,-1
11,6,1066,769,120,220,1,-1,-1,-1
11,7,943,742,104,128,1,-1,-1,-1
11,8,742,773,88,208,1,-1,-1,-1
12,0,1191,825,108,248,1,-1,-1,-1
12,1,1334,832,104,220,1,-1,-1,-1
12,2,650,741,72,156,1,-1,-1,-1
12,3,1553,778,92,210,1,-1,-1,-1
12,4,1276,802,92,216,1,-1,-1,-1
12,5,813,879,164,264,1,-1,-1,-1
12,6,1065,768,120,220,1,-1,-1,-1
12,7,942,742,104,128,1,-1,-1,-1
12,8,739,773,88,208,1,-1,-1,-1
13,0,1191,824,108,248,1,-1,-1,-1
13,1,1333,832,104,220,1,-1,-1,-1
13,2,650,741,72,156,1,-1,-1,-1
13,3,1553,778,92,210,1,-1,-1,-1
13,4,1275,802,92,216,1,-1,-1,-1
13,5,811,879,164,264,1,-1,-1,-1
13,6,1065,769,120,220,1,-1,-1,-1
13,7,942,742,104,128,1,-1,-1,-1
13,8,738,773,88,208,1,-1,-1,-1
14,0,1190,824,108,248,1,-1,-1,-1
14,1,1330,833,104,220,1,-1,-1,-1
14,2,648,741,72,156,1,-1,-1,-1
14,3,1552,776,92,210,1,-1,-1,-1
14,4,1274,803,92,216,1,-1,-1,-1
14,5,807,881,164,264,1,-1,-1,-1
14,6,1065,769,120,220,1,-1,-1,-1
14,7,944,742,104,128,1,-1,-1,-1
14,8,733,768,92,218,1,-1,-1,-1
15,0,1189,824,108,248,1,-1,-1,-1
15,1,1328,832,104,220,1,-1,-1,-1
15,2,645,742,72,156,1,-1,-1,-1
15,3,1552,778,92,210,1,-1,-1,-1
15,4,1273,804,92,216,1,-1,-1,-1
15,5,805,882,164,264,1,-1,-1,-1
15,6,1064,769,120,220,1,-1,-1,-1
15,7,947,744,104,128,1,-1,-1,-1
15,8,729,769,92,218,1,-1,-1,-1
16,0,1188,824,108,248,1,-1,-1,-1
16,1,1325,833,104,220,1,-1,-1,-1
16,2,644,743,72,156,1,-1,-1,-1
16,3,1550,777,92,210,1,-1,-1,-1
16,4,1270,800,97,227,1,-1,-1,-1
16,5,802,884,164,264,1,-1,-1,-1
16,6,1062,766,120,220,1,-1,-1,-1
16,7,948,744,104,128,1,-1,-1,-1
16,8,725,769,92,218,1,-1,-1,-1
17,0,1192,832,92,244,1,-1,-1,-1
17,1,1325,833,104,220,1,-1,-1,-1
17,2,624,744,88,168,1,-1,-1,-1
17,3,1550,777,92,210,1,-1,-1,-1
17,4,1270,800,97,227,1,-1,-1,-1
17,5,802,884,164,264,1,-1,-1,-1
17,6,1044,760,148,148,1,-1,-1,-1
17,7,948,744,104,128,1,-1,-1,-1
17,8,748,768,80,172,1,-1,-1,-1
17,9,1284,808,148,244,1,-1,-1,-1
17,10,1640,768,132,192,1,-1,-1,-1
17,11,1488,748,92,160,1,-1,-1,-1
17,12,1372,760,136,208,1,-1,-1,-1
18,0,1191,833,92,244,1,-1,-1,-1
18,1,1314,831,104,220,1,-1,-1,-1
18,2,623,744,88,168,1,-1,-1,-1
18,3,1544,776,92,210,1,-1,-1,-1
18,4,1265,800,97,227,1,-1,-1,-1
18,5,794,886,164,264,1,-1,-1,-1
18,6,1044,761,148,148,1,-1,-1,-1
18,7,950,742,104,128,1,-1,-1,-1
18,8,746,768,80,172,1,-1,-1,-1
18,9,1283,810,148,244,1,-1,-1,-1
18,10,1638,768,132,192,1,-1,-1,-1
18,11,1486,748,92,160,1,-1,-1,-1
18,12,1370,762,136,208,1,-1,-1,-1
19,0,1191,833,92,244,1,-1,-1,-1
19,1,1313,834,104,220,1,-1,-1,-1
19,2,623,744,88,168,1,-1,-1,-1
19,3,1543,775,92,210,1,-1,-1,-1
19,4,1263,800,97,227,1,-1,-1,-1
19,5,792,886,164,264,1,-1,-1,-1
19,6,1043,761,148,148,1,-1,-1,-1
19,7,950,742,104,128,1,-1,-1,-1
19,8,746,768,80,172,1,-1,-1,-1
19,9,1282,810,148,244,1,-1,-1,-1
19,10,1638,768,132,192,1,-1,-1,-1
19,11,1486,748,92,160,1,-1,-1,-1
19,12,1369,762,136,208,1,-1,-1,-1
20,0,1190,834,92,244,1,-1,-1,-1
20,1,1311,836,104,220,1,-1,-1,-1
20,2,622,745,88,168,1,-1,-1,-1
20,3,1539,775,92,210,1,-1,-1,-1
20,4,1255,796,101,238,1,-1,-1,-1
20,5,785,886,164,264,1,-1,-1,-1
20,6,1043,761,148,148,1,-1,-1,-1
20,7,947,739,109,134,1,-1,-1,-1
20,8,744,768,80,172,1,-1,-1,-1
20,9,1281,812,148,244,1,-1,-1,-1
20,10,1638,768,132,192,1,-1,-1,-1
20,11,1484,749,92,160,1,-1,-1,-1
20,12,1368,763,136,208,1,-1,-1,-1
21,0,1188,834,92,244,1,-1,-1,-1
21,1,1305,838,104,220,1,-1,-1,-1
21,2,620,744,88,168,1,-1,-1,-1
21,3,1536,773,92,210,1,-1,-1,-1
21,4,1254,801,97,227,1,-1,-1,-1
21,5,780,888,164,264,1,-1,-1,-1
21,6,1041,761,148,148,1,-1,-1,-1
21,7,946,737,109,134,1,-1,-1,-1
21,8,741,768,80,172,1,-1,-1,-1
21,9,1276,814,148,244,1,-1,-1,-1
21,10,1636,769,132,192,1,-1,-1,-1
21,11,1482,750,92,160,1,-1,-1,-1
21,12,1367,763,136,208,1,-1,-1,-1
22,0,1185,835,92,244,1,-1,-1,-1
22,1,1302,837,104,220,1,-1,-1,-1
22,2,618,743,88,168,1,-1,-1,-1
22,3,1532,772,92,210,1,-1,-1,-1
22,4,1250,800,97,227,1,-1,-1,-1
22,5,770,890,164,264,1,-1,-1,-1
22,6,1040,763,148,148,1,-1,-1,-1
22,7,945,737,109,134,1,-1,-1,-1
22,8,738,768,80,172,1,-1,-1,-1
22,9,1272,814,148,244,1,-1,-1,-1
22,10,1634,767,132,192,1,-1,-1,-1
22,11,1479,749,92,160,1,-1,-1,-1
22,12,1363,764,136,208,1,-1,-1,-1
23,0,1180,831,97,256,1,-1,-1,-1
23,1,1298,837,104,220,1,-1,-1,-1
23,2,617,742,88,168,1,-1,-1,-1
23,3,1528,770,92,210,1,-1,-1,-1
23,4,1247,799,97,227,1,-1,-1,-1
23,5,762,890,164,264,1,-1,-1,-1
23,6,1038,762,148,148,1,-1,-1,-1
23,7,943,734,109,134,1,-1,-1,-1
23,8,735,772,80,172,1,-1,-1,-1
23,9,1270,815,148,244,1,-1,-1,-1
23,10,1633,767,132,192,1,-1,-1,-1
23,11,1477,750,92,160,1,-1,-1,-1
23,12,1360,764,136,208,1,-1,-1,-1
24,0,1174,832,97,256,1,-1,-1,-1
24,1,1296,837,104,220,1,-1,-1,-1
24,2,616,741,88,168,1,-1,-1,-1
24,3,1525,771,92,210,1,-1,-1,-1
24,4,1247,808,92,216,1,-1,-1,-1
24,5,752,881,172,277,1,-1,-1,-1
24,6,1035,760,148,148,1,-1,-1,-1
24,7,945,734,109,134,1,-1,-1,-1
24,8,730,771,80,172,1,-1,-1,-1
24,9,1268,816,148,244,1,-1,-1,-1
24,10,1630,765,132,192,1,-1,-1,-1
24,11,1475,751,92,160,1,-1,-1,-1
24,12,1361,762,136,208,1,-1,-1,-1
25,0,1168,840,92,236,1,-1,-1,-1
25,1,1296,837,104,220,1,-1,-1,-1
25,2,620,736,112,140,1,-1,-1,-1
25,3,1532,776,100,196,1,-1,-1,-1
25,4,1247,808,92,216,1,-1,-1,-1
25,5,764,872,156,276,1,-1,-1,-1
25,6,1035,760,148,148,1,-1,-1,-1
25,7,945,734,109,134,1,-1,-1,-1
25,8,730,771,80,172,1,-1,-1,-1
25,9,1272,808,128,252,1,-1,-1,-1
25,10,1630,765,132,192,1,-1,-1,-1
25,11,1468,748,88,188,1,-1,-1,-1
25,12,1368,752,112,180,1,-1,-1,-1
25,13,860,832,156,244,1,-1,-1,-1
26,0,1165,841,92,236,1,-1,-1,-1
26,1,1295,835,104,220,1,-1,-1,-1
26,2,619,736,112,140,1,-1,-1,-1
26,3,1531,777,100,196,1,-1,-1,-1
26,4,1246,805,92,216,1,-1,-1,-1
26,5,761,872,156,276,1,-1,-1,-1
26,6,1034,758,148,148,1,-1,-1,-1
26,7,942,735,109,134,1,-1,-1,-1
26,8,728,769,80,172,1,-1,-1,-1
26,9,1272,808,128,252,1,-1,-1,-1
26,10,1630,766,132,192,1,-1,-1,-1
26,11,1466,749,88,188,1,-1,-1,-1
26,12,1367,751,112,180,1,-1,-1,-1
26,13,857,832,156,244,1,-1,-1,-1
27,0,1160,842,92,236,1,-1,-1,-1
27,1,1294,836,104,220,1,-1,-1,-1
27,2,617,737,112,140,1,-1,-1,-1
27,3,1530,778,100,196,1,-1,-1,-1
27,4,1244,806,92,216,1,-1,-1,-1
27,5,756,873,156,276,1,-1,-1,-1
27,6,1031,758,148,148,1,-1,-1,-1
27,7,936,730,115,141,1,-1,-1,-1
27,8,726,769,80,172,1,-1,-1,-1
27,9,1271,808,128,252,1,-1,-1,-1
27,10,1630,766,132,192,1,-1,-1,-1
27,11,1463,751,88,188,1,-1,-1,-1
27,12,1365,750,112,180,1,-1,-1,-1
27,13,853,834,156,244,1,-1,-1,-1
28,0,1155,842,92,236,1,-1,-1,-1
28,1,1294,836,104,220,1,-1,-1,-1
28,2,614,737,112,140,1,-1,-1,-1
28,3,1530,780,100,196,1,-1,-1,-1
28,4,1242,807,92,216,1,-1,-1,-1
28,5,748,876,156,276,1,-1,-1,-1
28,6,1028,759,148,148,1,-1,-1,-1
28,7,930,730,120,148,1,-1,-1,-1
28,8,722,769,80,172,1,-1,-1,-1
28,9,1270,808,128,252,1,-1,-1,-1
28,10,1627,766,132,192,1,-1,-1,-1
28,11,1461,752,88,188,1,-1,-1,-1
28,12,1362,749,112,180,1,-1,-1,-1
28,13,848,836,156,244,1,-1,-1,-1
29,0,1152,841,92,236,1,-1,-1,-1
29,1,1293,838,104,220,1,-1,-1,-1
29,2,610,737,112,140,1,-1,-1,-1
29,3,1529,781,100,196,1,-1,-1,-1
29,4,1239,802,97,227,1,-1,-1,-1
29,5,742,879,156,276,1,-1,-1,-1
29,6,1021,754,155,155,1,-1,-1,-1
29,7,928,732,120,148,1,-1,-1,-1
29,8,718,771,80,172,1,-1,-1,-1
29,9,1267,808,128,252,1,-1,-1,-1
29,10,1626,765,132,192,1,-1,-1,-1
29,11,1459,752,88,188,1,-1,-1,-1
29,12,1359,750,112,180,1,-1,-1,-1
29,13,841,839,156,244,1,-1,-1,-1
30,0,1146,836,97,248,1,-1,-1,-1
30,1,1291,838,104,220,1,-1,-1,-1
30,2,604,730,118,147,1,-1,-1,-1
30,3,1528,782,100,196,1,-1,-1,-1
30,4,1237,803,97,227,1,-1,-1,-1
30,5,736,882,156,276,1,-1,-1,-1
30,6,1016,753,155,155,1,-1,-1,-1
30,7,925,733,120,148,1,-1,-1,-1
30,8,714,771,80,172,1,-1,-1,-1
30,9,1265,809,128,252,1,-1,-1,-1
30,10,1624,767,132,192,1,-1,-1,-1
30,11,1455,747,92,197,1,-1,-1,-1
30,12,1356,750,112,180,1,-1,-1,-1
30,13,832,840,156,244,1,-1,-1,-1
31,0,1145,837,97,248,1,-1,-1,-1
31,1,1290,838,104,220,1,-1,-1,-1
31,2,602,730,118,147,1,-1,-1,-1
31,3,1528,782,100,196,1,-1,-1,-1
31,4,1236,803,97,227,1,-1,-1,-1
31,5,734,882,156,276,1,-1,-1,-1
31,6,1015,752,155,155,1,-1,-1,-1
31,7,924,732,120,148,1,-1,-1,-1
31,8,713,772,80,172,1,-1,-1,-1
31,9,1264,808,128,252,1,-1,-1,-1
31,10,1623,767,132,192,1,-1,-1,-1
31,11,1455,746,92,197,1,-1,-1,-1
31,12,1355,750,112,180,1,-1,-1,-1
31,13,831,840,156,244,1,-1,-1,-1
32,0,1142,838,97,248,1,-1,-1,-1
32,1,1286,832,109,231,1,-1,-1,-1
32,2,599,728,118,147,1,-1,-1,-1
32,3,1526,782,100,196,1,-1,-1,-1
32,4,1234,804,97,227,1,-1,-1,-1
32,5,728,885,156,276,1,-1,-1,-1
32,6,1010,752,155,155,1,-1,-1,-1
32,7,920,732,120,148,1,-1,-1,-1
32,8,710,770,80,172,1,-1,-1,-1
32,9,1263,809,128,252,1,-1,-1,-1
32,10,1621,768,132,192,1,-1,-1,-1
32,11,1453,747,92,197,1,-1,-1,-1
32,12,1352,752,112,180,1,-1,-1,-1
32,13,824,841,156,244,1,-1,-1,-1
33,0,1132,828,104,252,1,-1,-1,-1
33,1,1286,832,109,231,1,-1,-1,-1
33,2,608,720,68,148,1,-1,-1,-1
33,3,1524,784,136,200,1,-1,-1,-1
33,4,1234,804,97,227,1,-1,-1,-1
33,5,728,885,156,276,1,-1,-1,-1
33,6,1010,752,155,155,1,-1,-1,-1
33,7,920,732,120,148,1,-1,-1,-1
33,8,710,770,80,172,1,-1,-1,-1
33,9,1248,808,152,256,1,-1,-1,-1
33,10,1621,768,132,192,1,-1,-1,-1
33,11,1456,744,112,168,1,-1,-1,-1
33,12,1352,752,112,180,1,-1,-1,-1
33,13,824,841,156,244,1,-1,-1,-1
34,0,1131,828,104,252,1,-1,-1,-1
34,1,1279,833,109,231,1,-1,-1,-1
34,2,607,720,68,148,1,-1,-1,-1
34,3,1523,784,136,200,1,-1,-1,-1
34,4,1230,807,97,227,1,-1,-1,-1
34,5,712,889,156,276,1,-1,-1,-1
34,6,1008,752,155,155,1,-1,-1,-1
34,7,915,733,120,148,1,-1,-1,-1
34,8,704,767,84,181,1,-1,-1,-1
34,9,1245,808,152,256,1,-1,-1,-1
34,10,1617,766,132,192,1,-1,-1,-1
34,11,1455,743,112,168,1,-1,-1,-1
34,12,1343,754,112,180,1,-1,-1,-1
34,13,812,840,156,244,1,-1,-1,-1
35,0,1127,824,109,265,1,-1,-1,-1
35,1,1273,834,109,231,1,-1,-1,-1
35,2,606,721,68,148,1,-1,-1,-1
35,3,1521,785,136,200,1,-1,-1,-1
35,4,1223,806,101,238,1,-1,-1,-1
35,5,706,886,156,276,1,-1,-1,-1
35,6,1008,752,155,155,1,-1,-1,-1
35,7,911,733,120,148,1,-1,-1,-1
35,8,697,762,88,190,1,-1,-1,-1
35,9,1242,810,152,256,1,-1,-1,-1
35,10,1613,764,132,192,1,-1,-1,-1
35,11,1455,743,112,168,1,-1,-1,-1
35,12,1337,754,112,180,1,-1,-1,-1
35,13,809,840,156,244,1,-1,-1,-1
36,0,1125,825,109,265,1,-1,-1,-1
36,1,1267,833,109,231,1,-1,-1,-1
36,2,604,722,68,148,1,-1,-1,-1
36,3,1522,786,136,200,1,-1,-1,-1
36,4,1222,809,97,227,1,-1,-1,-1
36,5,699,887,156,276,1,-1,-1,-1
36,6,1005,751,155,155,1,-1,-1,-1
36,7,911,732,120,148,1,-1,-1,-1
36,8,690,758,93,199,1,-1,-1,-1
36,9,1238,809,152,256,1,-1,-1,-1
36,10,1612,763,132,192,1,-1,-1,-1
36,11,1458,747,107,160,1,-1,-1,-1
36,12,1330,749,118,189,1,-1,-1,-1
36,13,807,843,156,244,1,-1,-1,-1
37,0,1124,824,109,265,1,-1,-1,-1
37,1,1269,838,104,220,1,-1,-1,-1
37,2,603,722,68,148,1,-1,-1,-1
37,3,1522,786,136,200,1,-1,-1,-1
37,4,1217,808,97,227,1,-1,-1,-1
37,5,697,885,156,276,1,-1,-1,-1
37,6,1006,751,155,155,1,-1,-1,-1
37,7,911,732,120,148,1,-1,-1,-1
37,8,689,757,93,199,1,-1,-1,-1
37,9,1235,809,152,256,1,-1,-1,-1
37,10,1612,763,132,192,1,-1,-1,-1
37,11,1458,747,107,160,1,-1,-1,-1
37,12,1329,748,118,189,1,-1,-1,-1
37,13,806,845,156,244,1,-1,-1,-1
38,0,1123,826,109,265,1,-1,-1,-1
38,1,1265,841,104,220,1,-1,-1,-1
38,2,601,722,68,148,1,-1,-1,-1
38,3,1521,787,136,200,1,-1,-1,-1
38,4,1215,809,97,227,1,-1,-1,-1
38,5,690,888,156,276,1,-1,-1,-1
38,6,1003,751,155,155,1,-1,-1,-1
38,7,911,731,120,148,1,-1,-1,-1
38,8,687,757,93,199,1,-1,-1,-1
38,9,1233,809,152,256,1,-1,-1,-1
38,10,1609,764,132,192,1,-1,-1,-1
38,11,1458,748,107,160,1,-1,-1,-1
38,12,1324,748,118,189,1,-1,-1,-1
38,13,803,847,156,244,1,-1,-1,-1
39,0,1123,832,104,252,1,-1,-1,-1
39,1,1260,841,104,220,1,-1,-1,-1
39,2,600,722,68,148,1,-1,-1,-1
39,3,1519,785,136,200,1,-1,-1,-1
39,4,1208,804,101,238,1,-1,-1,-1
39,5,681,887,156,276,1,-1,-1,-1
39,6,1003,751,155,155,1,-1,-1,-1
39,7,914,733,115,141,1,-1,-1,-1
39,8,682,758,93,199,1,-1,-1,-1
39,9,1227,811,152,256,1,-1,-1,-1
39,10,1606,764,132,192,1,-1,-1,-1
39,11,1459,748,107,160,1,-1,-1,-1
39,12,1319,748,118,189,1,-1,-1,-1
39,13,800,848,156,244,1,-1,-1,-1
40,0,1119,833,104,252,1,-1,-1,-1
40,1,1257,844,104,220,1,-1,-1,-1
40,2,599,724,68,148,1,-1,-1,-1
40,3,1516,786,136,200,1,-1,-1,-1
40,4,1203,808,101,238,1,-1,-1,-1
40,5,673,887,156,276,1,-1,-1,-1
40,6,1001,751,155,155,1,-1,-1,-1
40,7,913,733,115,141,1,-1,-1,-1
40,8,678,757,93,199,1,-1,-1,-1
40,9,1222,814,152,256,1,-1,-1,-1
40,10,1603,762,132,192,1,-1,-1,-1
40,11,1458,747,107,160,1,-1,-1,-1
40,12,1314,745,118,189,1,-1,-1,-1
40,13,797,850,156,244,1,-1,-1,-1
41,0,1112,840,108,252,1,-1,-1,-1
41,1,1257,844,104,220,1,-1,-1,-1
41,2,588,740,68,132,1,-1,-1,-1
41,3,1516,792,120,172,1,-1,-1,-1
41,4,1203,808,101,238,1,-1,-1,-1
41,5,673,887,156,276,1,-1,-1,-1
41,6,1001,751,155,155,1,-1,-1,-1
41,7,916,744,108,120,1,-1,-1,-1
41,8,678,757,93,199,1,-1,-1,-1
41,9,1212,812,148,256,1,-1,-1,-1
41,10,1588,764,140,192,1,-1,-1,-1
41,11,1464,748,80,160,1,-1,-1,-1
41,12,1314,745,118,189,1,-1,-1,-1
41,13,797,850,156,244,1,-1,-1,-1
41,14,1332,752,172,236,1,-1,-1,-1
42,0,1110,841,108,252,1,-1,-1,-1
42,1,1249,845,104,220,1,-1,-1,-1
42,2,587,739,68,132,1,-1,-1,-1
42,3,1514,793,120,172,1,-1,-1,-1
42,4,1196,806,101,238,1,-1,-1,-1
42,5,654,886,156,276,1,-1,-1,-1
42,6,998,753,155,155,1,-1,-1,-1
42,7,916,744,108,120,1,-1,-1,-1
42,8,665,754,93,199,1,-1,-1,-1
42,9,1211,812,148,256,1,-1,-1,-1
42,10,1585,765,140,192,1,-1,-1,-1
42,11,1461,749,80,160,1,-1,-1,-1
42,12,1311,751,118,189,1,-1,-1,-1
42,13,794,846,156,244,1,-1,-1,-1
42,14,1329,752,172,236,1,-1,-1,-1
43,0,1109,842,108,252,1,-1,-1,-1
43,1,1248,847,104,220,1,-1,-1,-1
43,2,587,739,68,132,1,-1,-1,-1
43,3,1513,793,120,172,1,-1,-1,-1
43,4,1194,808,97,227,1,-1,-1,-1
43,5,655,887,156,276,1,-1,-1,-1
43,6,998,753,155,155,1,-1,-1,-1
43,7,917,745,108,120,1,-1,-1,-1
43,8,664,753,93,199,1,-1,-1,-1
43,9,1211,812,148,256,1,-1,-1,-1
43,10,1585,766,140,192,1,-1,-1,-1
43,11,1461,750,80,160,1,-1,-1,-1
43,12,1311,751,118,189,1,-1,-1,-1
43,13,797,846,156,244,1,-1,-1,-1
43,14,1329,752,172,236,1,-1,-1,-1
44,0,1106,844,108,252,1,-1,-1,-1
44,1,1245,848,104,220,1,-1,-1,-1
44,2,585,739,68,132,1,-1,-1,-1
44,3,1511,793,120,172,1,-1,-1,-1
44,4,1188,803,101,238,1,-1,-1,-1
44,5,651,885,156,276,1,-1,-1,-1
44,6,997,752,155,155,1,-1,-1,-1
44,7,917,745,108,120,1,-1,-1,-1
44,8,661,752,93,199,1,-1,-1,-1
44,9,1208,813,148,256,1,-1,-1,-1
44,10,1584,766,140,192,1,-1,-1,-1
44,11,1459,750,80,160,1,-1,-1,-1
44,12,1312,755,112,180,1,-1,-1,-1
44,13,797,844,156,244,1,-1,-1,-1
44,14,1327,754,172,236,1,-1,-1,-1
45,0,1103,850,103,240,1,-1,-1,-1
45,1,1242,846,104,220,1,-1,-1,-1
45,2,583,738,68,132,1,-1,-1,-1
45,3,1505,789,126,181,1,-1,-1,-1
45,4,1187,805,101,238,1,-1,-1,-1
45,5,645,888,156,276,1,-1,-1,-1
45,6,995,752,155,155,1,-1,-1,-1
45,7,918,745,108,120,1,-1,-1,-1
45,8,657,753,93,199,1,-1,-1,-1
45,9,1206,813,148,256,1,-1,-1,-1
45,10,1584,765,140,192,1,-1,-1,-1
45,11,1455,746,84,168,1,-1,-1,-1
45,12,1310,755,112,180,1,-1,-1,-1
45,13,797,842,156,244,1,-1,-1,-1
45,14,1325,753,172,236,1,-1,-1,-1
46,0,1097,852,103,240,1,-1,-1,-1
46,1,1242,852,99,210,1,-1,-1,-1
46,2,581,736,68,132,1,-1,-1,-1
46,3,1504,786,126,181,1,-1,-1,-1
46,4,1183,804,101,238,1,-1,-1,-1
46,5,641,891,156,276,1,-1,-1,-1
46,6,992,753,155,155,1,-1,-1,-1
46,7,919,744,108,120,1,-1,-1,-1
46,8,654,755,93,199,1,-1,-1,-1
46,9,1204,812,148,256,1,-1,-1,-1
46,10,1583,764,140,192,1,-1,-1,-1
46,11,1453,746,84,168,1,-1,-1,-1
46,12,1307,753,112,180,1,-1,-1,-1
46,13,791,837,164,256,1,-1,-1,-1
46,14,1322,751,172,236,1,-1,-1,-1
47,0,1089,852,103,240,1,-1,-1,-1
47,1,1240,851,99,210,1,-1,-1,-1
47,2,581,737,68,132,1,-1,-1,-1
47,3,1501,784,126,181,1,-1,-1,-1
47,4,1185,806,101,238,1,-1,-1,-1
47,5,636,893,156,276,1,-1,-1,-1
47,6,989,752,155,155,1,-1,-1,-1
47,7,920,744,108,120,1,-1,-1,-1
47,8,652,755,93,199,1,-1,-1,-1
47,9,1202,811,148,256,1,-1,-1,-1
47,10,1581,763,140,192,1,-1,-1,-1
47,11,1453,746,84,168,1,-1,-1,-1
47,12,1305,751,112,180,1,-1,-1,-1
47,13,785,836,164,256,1,-1,-1,-1
47,14,1321,754,172,236,1,-1,-1,-1
48,0,1085,851,103,240,1,-1,-1,-1
48,1,1238,851,99,210,1,-1,-1,-1
48,2,578,737,68,132,1,-1,-1,-1
48,3,1498,783,126,181,1,-1,-1,-1
48,4,1188,806,101,238,1,-1,-1,-1
48,5,626,893,164,290,1,-1,-1,-1
48,6,987,749,155,155,1,-1,-1,-1
48,7,921,742,108,120,1,-1,-1,-1
48,8,650,757,93,199,1,-1,-1,-1
48,9,1200,811,148,256,1,-1,-1,-1
48,10,1580,761,140,192,1,-1,-1,-1
48,11,1451,747,84,168,1,-1,-1,-1
48,12,1302,752,112,180,1,-1,-1,-1
48,13,779,835,164,256,1,-1,-1,-1
48,14,1321,755,172,236,1,-1,-1,-1
49,0,1085,851,103,240,1,-1,-1,-1
49,1,1238,851,99,210,1,-1,-1,-1
49,2,578,737,68,132,1,-1,-1,-1
49,3,1498,783,126,181,1,-1,-1,-1
49,4,1188,806,101,238,1,-1,-1,-1
49,5,626,893,164,290,1,-1,-1,-1
49,6,987,749,155,155,1,-1,-1,-1
49,7,924,716,88,144,1,-1,-1,-1
49,8,650,757,93,199,1,-1,-1,-1
49,9,1200,811,148,256,1,-1,-1,-1
49,10,1580,761,140,192,1,-1,-1,-1
49,11,1408,740,124,196,1,-1,-1,-1
49,12,1302,752,112,180,1,-1,-1,-1
49,13,779,835,164,256,1,-1,-1,-1
49,14,1321,755,172,236,1,-1,-1,-1
50,0,1082,851,103,240,1,-1,-1,-1
50,1,1233,843,104,220,1,-1,-1,-1
50,2,576,738,68,132,1,-1,-1,-1
50,3,1498,782,126,181,1,-1,-1,-1
50,4,1190,807,101,238,1,-1,-1,-1
50,5,620,897,164,290,1,-1,-1,-1
50,6,985,751,148,148,1,-1,-1,-1
50,7,924,715,88,144,1,-1,-1,-1
50,8,646,759,93,199,1,-1,-1,-1
50,9,1197,810,148,256,1,-1,-1,-1
50,10,1579,759,140,192,1,-1,-1,-1
50,11,1405,741,124,196,1,-1,-1,-1
50,12,1300,751,112,180,1,-1,-1,-1
50,13,771,835,164,256,1,-1,-1,-1
50,14,1319,753,172,236,1,-1,-1,-1
51,0,1078,851,103,240,1,-1,-1,-1
51,1,1230,843,104,220,1,-1,-1,-1
51,2,573,737,68,132,1,-1,-1,-1
51,3,1496,782,126,181,1,-1,-1,-1
51,4,1188,810,101,238,1,-1,-1,-1
51,5,615,897,164,290,1,-1,-1,-1
51,6,977,748,148,148,1,-1,-1,-1
51,7,924,715,88,144,1,-1,-1,-1
51,8,644,758,93,199,1,-1,-1,-1
51,9,1193,810,148,256,1,-1,-1,-1
51,10,1577,757,140,192,1,-1,-1,-1
51,11,1402,741,124,196,1,-1,-1,-1
51,12,1297,751,112,180,1,-1,-1,-1
51,13,761,833,172,269,1,-1,-1,-1
51,14,1315,753,172,236,1,-1,-1,-1
52,0,1076,856,103,240,1,-1,-1,-1
52,1,1225,844,104,220,1,-1,-1,-1
52,2,570,736,68,132,1,-1,-1,-1
52,3,1495,783,126,181,1,-1,-1,-1
52,4,1185,812,101,238,1,-1,-1,-1
52,5,612,896,164,290,1,-1,-1,-1
52,6,973,749,148,148,1,-1,-1,-1
52,7,922,714,88,144,1,-1,-1,-1
52,8,641,758,93,199,1,-1,-1,-1
52,9,1186,810,148,256,1,-1,-1,-1
52,10,1576,754,140,192,1,-1,-1,-1
52,11,1400,741,124,196,1,-1,-1,-1
52,12,1292,749,112,180,1,-1,-1,-1
52,13,755,832,172,269,1,-1,-1,-1
52,14,1312,753,172,236,1,-1,-1,-1
53,0,1072,856,103,240,1,-1,-1,-1
53,1,1219,847,104,220,1,-1,-1,-1
53,2,566,736,68,132,1,-1,-1,-1
53,3,1494,784,126,181,1,-1,-1,-1
53,4,1179,813,101,238,1,-1,-1,-1
53,5,607,896,164,290,1,-1,-1,-1
53,6,969,749,148,148,1,-1,-1,-1
53,7,919,714,88,144,1,-1,-1,-1
53,8,637,757,93,199,1,-1,-1,-1
53,9,1180,812,148,256,1,-1,-1,-1
53,10,1573,755,140,192,1,-1,-1,-1
53,11,1398,742,124,196,1,-1,-1,-1
53,12,1289,750,112,180,1,-1,-1,-1
53,13,753,836,164,256,1,-1,-1,-1
53,14,1309,751,172,236,1,-1,-1,-1
54,0,1067,851,108,252,1,-1,-1,-1
54,1,1210,841,109,231,1,-1,-1,-1
54,2,561,734,68,132,1,-1,-1,-1
54,3,1494,784,126,181,1,-1,-1,-1
54,4,1176,814,101,238,1,-1,-1,-1
54,5,598,887,172,304,1,-1,-1,-1
54,6,965,751,148,148,1,-1,-1,-1
54,7,917,713,88,144,1,-1,-1,-1
54,8,632,755,93,199,1,-1,-1,-1
54,9,1175,811,148,256,1,-1,-1,-1
54,10,1571,755,140,192,1,-1,-1,-1
54,11,1399,744,118,187,1,-1,-1,-1
54,12,1287,748,112,180,1,-1,-1,-1
54,13,746,838,164,256,1,-1,-1,-1
54,14,1302,742,181,248,1,-1,-1,-1
55,0,1066,852,108,252,1,-1,-1,-1
55,1,1208,839,109,231,1,-1,-1,-1
55,2,561,733,68,132,1,-1,-1,-1
55,3,1493,783,126,181,1,-1,-1,-1
55,4,1176,819,97,227,1,-1,-1,-1
55,5,600,894,164,290,1,-1,-1,-1
55,6,967,751,148,148,1,-1,-1,-1
55,7,917,713,88,144,1,-1,-1,-1
55,8,630,756,93,199,1,-1,-1,-1
55,9,1173,811,148,256,1,-1,-1,-1
55,10,1565,750,147,202,1,-1,-1,-1
55,11,1399,743,118,187,1,-1,-1,-1
55,12,1285,748,112,180,1,-1,-1,-1
55,13,745,838,164,256,1,-1,-1,-1
55,14,1300,743,181,248,1,-1,-1,-1
56,0,1064,854,108,252,1,-1,-1,-1
56,1,1202,839,109,231,1,-1,-1,-1
56,2,559,731,68,132,1,-1,-1,-1
56,3,1492,785,126,181,1,-1,-1,-1
56,4,1174,820,97,227,1,-1,-1,-1
56,5,594,893,164,290,1,-1,-1,-1
56,6,966,752,148,148,1,-1,-1,-1
56,7,917,714,88,144,1,-1,-1,-1
56,8,626,754,93,199,1,-1,-1,-1
56,9,1170,811,148,256,1,-1,-1,-1
56,10,1563,751,147,202,1,-1,-1,-1
56,11,1398,742,118,187,1,-1,-1,-1
56,12,1285,750,112,180,1,-1,-1,-1
56,13,743,839,164,256,1,-1,-1,-1
56,14,1299,744,181,248,1,-1,-1,-1
57,0,1056,852,108,260,1,-1,-1,-1
57,1,1202,839,109,231,1,-1,-1,-1
57,2,559,731,68,132,1,-1,-1,-1
57,3,1492,785,126,181,1,-1,-1,-1
57,4,1174,820,97,227,1,-1,-1,-1
57,5,594,893,164,290,1,-1,-1,-1
57,6,966,752,148,148,1,-1,-1,-1
57,7,917,714,88,144,1,-1,-1,-1
57,8,626,754,93,199,1,-1,-1,-1
57,9,1180,800,152,264,1,-1,-1,-1
57,10,1563,751,147,202,1,-1,-1,-1
57,11,1398,742,118,187,1,-1,-1,-1
57,12,1285,750,112,180,1,-1,-1,-1
57,13,743,839,164,256,1,-1,-1,-1
57,14,1299,744,181,248,1,-1,-1,-1
58,0,1055,852,108,260,1,-1,-1,-1
58,1,1185,833,109,231,1,-1,-1,-1
58,2,555,728,68,132,1,-1,-1,-1
58,3,1487,784,126,181,1,-1,-1,-1
58,4,1165,819,101,238,1,-1,-1,-1
58,5,575,893,164,290,1,-1,-1,-1
58,6,965,752,148,148,1,-1,-1,-1
58,7,910,713,88,144,1,-1,-1,-1
58,8,615,750,93,199,1,-1,-1,-1
58,9,1176,800,152,264,1,-1,-1,-1
58,10,1556,752,147,202,1,-1,-1,-1
58,11,1394,740,118,187,1,-1,-1,-1
58,12,1276,753,112,180,1,-1,-1,-1
58,13,735,834,172,269,1,-1,-1,-1
58,14,1292,740,181,248,1,-1,-1,-1
59,0,1052,852,108,260,1,-1,-1,-1
59,1,1179,834,109,231,1,-1,-1,-1
59,2,553,726,68,132,1,-1,-1,-1
59,3,1483,782,126,181,1,-1,-1,-1
59,4,1158,819,101,238,1,-1,-1,-1
59,5,568,891,164,290,1,-1,-1,-1
59,6,964,750,148,148,1,-1,-1,-1
59,7,908,715,88,144,1,-1,-1,-1
59,8,610,748,93,199,1,-1,-1,-1
59,9,1171,800,152,264,1,-1,-1,-1
59,10,1553,751,147,202,1,-1,-1,-1
59,11,1392,741,118,187,1,-1,-1,-1
59,12,1269,753,112,180,1,-1,-1,-1
59,13,730,833,172,269,1,-1,-1,-1
59,14,1286,739,181,248,1,-1,-1,-1
60,0,1048,851,108,260,1,-1,-1,-1
60,1,1175,835,109,231,1,-1,-1,-1
60,2,552,725,68,132,1,-1,-1,-1
60,3,1483,779,126,181,1,-1,-1,-1
60,4,1155,818,101,238,1,-1,-1,-1
60,5,563,890,164,290,1,-1,-1,-1
60,6,963,750,148,148,1,-1,-1,-1
60,7,908,716,88,144,1,-1,-1,-1
60,8,607,746,93,199,1,-1,-1,-1
60,9,1169,803,152,264,1,-1,-1,-1
60,10,1551,748,147,202,1,-1,-1,-1
60,11,1390,740,118,187,1,-1,-1,-1
60,12,1263,748,112,180,1,-1,-1,-1
60,13,728,834,172,269,1,-1,-1,-1
60,14,1280,740,181,248,1,-1,-1,-1
61,0,1045,849,108,260,1,-1,-1,-1
61,1,1173,836,109,231,1,-1,-1,-1
61,2,551,724,68,132,1,-1,-1,-1
61,3,1482,779,126,181,1,-1,-1,-1
61,4,1154,817,101,238,1,-1,-1,-1
61,5,562,890,164,290,1,-1,-1,-1
61,6,963,751,148,148,1,-1,-1,-1
61,7,907,715,88,144,1,-1,-1,-1
61,8,605,744,93,199,1,-1,-1,-1
61,9,1168,803,152,264,1,-1,-1,-1
61,10,1554,752,140,192,1,-1,-1,-1
61,11,1388,739,118,187,1,-1,-1,-1
61,12,1260,747,112,180,1,-1,-1,-1
61,13,726,836,172,269,1,-1,-1,-1
61,14,1280,741,181,248,1,-1,-1,-1
62,0,1038,849,108,260,1,-1,-1,-1
62,1,1170,833,109,231,1,-1,-1,-1
62,2,550,725,68,132,1,-1,-1,-1
62,3,1479,778,126,181,1,-1,-1,-1
62,4,1149,814,107,250,1,-1,-1,-1
62,5,556,890,164,290,1,-1,-1,-1
62,6,960,749,148,148,1,-1,-1,-1
62,7,904,713,88,144,1,-1,-1,-1
62,8,601,743,93,199,1,-1,-1,-1
62,9,1166,804,152,264,1,-1,-1,-1
62,10,1553,752,140,192,1,-1,-1,-1
62,11,1389,739,118,187,1,-1,-1,-1
62,12,1255,743,112,180,1,-1,-1,-1
62,13,724,836,172,269,1,-1,-1,-1
62,14,1276,742,181,248,1,-1,-1,-1
63,0,1030,850,108,260,1,-1,-1,-1
63,1,1165,833,109,231,1,-1,-1,-1
63,2,548,725,68,132,1,-1,-1,-1
63,3,1475,777,126,181,1,-1,-1,-1
63,4,1145,814,107,250,1,-1,-1,-1
63,5,551,893,164,290,1,-1,-1,-1
63,6,959,748,148,148,1,-1,-1,-1
63,7,900,713,88,144,1,-1,-1,-1
63,8,599,746,88,190,1,-1,-1,-1
63,9,1163,808,152,264,1,-1,-1,-1
63,10,1550,753,140,192,1,-1,-1,-1
63,11,1389,740,118,187,1,-1,-1,-1
63,12,1253,743,112,180,1,-1,-1,-1
63,13,727,842,164,256,1,-1,-1,-1
63,14,1273,741,181,248,1,-1,-1,-1
64,0,1019,848,113,273,1,-1,-1,-1
64,1,1162,836,109,231,1,-1,-1,-1
64,2,545,725,68,132,1,-1,-1,-1
64,3,1472,778,126,181,1,-1,-1,-1
64,4,1142,806,107,250,1,-1,-1,-1
64,5,545,895,164,290,1,-1,-1,-1
64,6,959,749,148,148,1,-1,-1,-1
64,7,896,712,88,144,1,-1,-1,-1
64,8,594,747,88,190,1,-1,-1,-1
64,9,1158,809,152,264,1,-1,-1,-1
64,10,1547,754,140,192,1,-1,-1,-1
64,11,1390,741,118,187,1,-1,-1,-1
64,12,1252,741,112,180,1,-1,-1,-1
64,13,720,835,172,269,1,-1,-1,-1
64,14,1269,737,181,248,1,-1,-1,-1
65,0,1019,848,113,273,1,-1,-1,-1
65,1,1162,836,109,231,1,-1,-1,-1
65,2,545,725,68,132,1,-1,-1,-1
65,3,1472,778,126,181,1,-1,-1,-1
65,4,1142,806,107,250,1,-1,-1,-1
65,5,536,856,132,332,1,-1,-1,-1
65,6,959,749,148,148,1,-1,-1,-1
65,7,896,712,88,144,1,-1,-1,-1
65,8,594,747,88,190,1,-1,-1,-1
65,9,1158,809,152,264,1,-1,-1,-1
65,10,1547,754,140,192,1,-1,-1,-1
65,11,1390,741,118,187,1,-1,-1,-1
65,12,1252,741,112,180,1,-1,-1,-1
65,13,728,840,144,264,1,-1,-1,-1
65,14,1269,737,181,248,1,-1,-1,-1
66,0,1001,853,108,260,1,-1,-1,-1
66,1,1155,838,109,231,1,-1,-1,-1
66,2,543,725,68,132,1,-1,-1,-1
66,3,1465,778,126,181,1,-1,-1,-1
66,4,1136,795,112,263,1,-1,-1,-1
66,5,534,856,132,332,1,-1,-1,-1
66,6,955,749,148,148,1,-1,-1,-1
66,7,895,709,88,144,1,-1,-1,-1
66,8,591,747,88,190,1,-1,-1,-1
66,9,1152,802,152,264,1,-1,-1,-1
66,10,1542,755,140,192,1,-1,-1,-1
66,11,1386,739,118,187,1,-1,-1,-1
66,12,1244,739,112,180,1,-1,-1,-1
66,13,726,842,144,264,1,-1,-1,-1
66,14,1263,736,181,248,1,-1,-1,-1
67,0,998,852,108,260,1,-1,-1,-1
67,1,1153,835,109,231,1,-1,-1,-1
67,2,542,725,68,132,1,-1,-1,-1
67,3,1463,776,126,181,1,-1,-1,-1
67,4,1136,794,112,263,1,-1,-1,-1
67,5,534,856,132,332,1,-1,-1,-1
67,6,956,749,148,148,1,-1,-1,-1
67,7,895,709,88,144,1,-1,-1,-1
67,8,589,745,88,190,1,-1,-1,-1
67,9,1152,801,152,264,1,-1,-1,-1
67,10,1542,755,140,192,1,-1,-1,-1
67,11,1386,738,118,187,1,-1,-1,-1
67,12,1242,740,112,180,1,-1,-1,-1
67,13,726,843,144,264,1,-1,-1,-1
67,14,1262,737,181,248,1,-1,-1,-1
68,0,994,852,108,260,1,-1,-1,-1
68,1,1151,834,109,231,1,-1,-1,-1
68,2,541,724,68,132,1,-1,-1,-1
68,3,1462,777,126,181,1,-1,-1,-1
68,4,1132,794,112,263,1,-1,-1,-1
68,5,531,857,132,332,1,-1,-1,-1
68,6,958,746,148,148,1,-1,-1,-1
68,7,896,708,88,144,1,-1,-1,-1
68,8,587,745,88,190,1,-1,-1,-1
68,9,1150,798,152,264,1,-1,-1,-1
68,10,1539,755,140,192,1,-1,-1,-1
68,11,1380,732,124,196,1,-1,-1,-1
68,12,1240,739,112,180,1,-1,-1,-1
68,13,723,842,144,264,1,-1,-1,-1
68,14,1252,729,190,260,1,-1,-1,-1
69,0,991,851,108,260,1,-1,-1,-1
69,1,1147,833,109,231,1,-1,-1,-1
69,2,540,722,68,132,1,-1,-1,-1
69,3,1460,778,126,181,1,-1,-1,-1
69,4,1128,795,112,263,1,-1,-1,-1
69,5,523,848,139,349,1,-1,-1,-1
69,6,949,739,155,155,1,-1,-1,-1
69,7,898,708,88,144,1,-1,-1,-1
69,8,584,744,88,190,1,-1,-1,-1
69,9,1147,798,152,264,1,-1,-1,-1
69,10,1537,755,140,192,1,-1,-1,-1
69,11,1379,734,124,196,1,-1,-1,-1
69,12,1236,739,112,180,1,-1,-1,-1
69,13,716,836,151,277,1,-1,-1,-1
69,14,1250,728,190,260,1,-1,-1,-1
70,0,988,853,108,260,1,-1,-1,-1
70,1,1145,835,109,231,1,-1,-1,-1
70,2,540,721,68,132,1,-1,-1,-1
70,3,1458,779,126,181,1,-1,-1,-1
70,4,1126,794,112,263,1,-1,-1,-1
70,5,516,847,139,349,1,-1,-1,-1
70,6,943,739,155,155,1,-1,-1,-1
70,7,897,710,88,144,1,-1,-1,-1
70,8,580,744,88,190,1,-1,-1,-1
70,9,1143,797,152,264,1,-1,-1,-1
70,10,1534,754,140,192,1,-1,-1,-1
70,11,1377,734,124,196,1,-1,-1,-1
70,12,1230,738,112,180,1,-1,-1,-1
70,13,709,836,151,277,1,-1,-1,-1
70,14,1245,727,190,260,1,-1,-1,-1
71,0,986,853,108,260,1,-1,-1,-1
71,1,1142,833,109,231,1,-1,-1,-1
71,2,538,720,68,132,1,-1,-1,-1
71,3,1457,780,126,181,1,-1,-1,-1
71,4,1124,798,107,250,1,-1,-1,-1
71,5,506,843,139,349,1,-1,-1,-1
71,6,938,738,155,155,1,-1,-1,-1
71,7,897,710,88,144,1,-1,-1,-1
71,8,576,745,88,190,1,-1,-1,-1
71,9,1137,799,152,264,1,-1,-1,-1
71,10,1533,753,140,192,1,-1,-1,-1
71,11,1374,735,124,196,1,-1,-1,-1
71,12,1228,741,112,180,1,-1,-1,-1
71,13,702,833,151,277,1,-1,-1,-1
71,14,1245,729,190,260,1,-1,-1,-1
72,0,986,859,103,248,1,-1,-1,-1
72,1,1137,833,109,231,1,-1,-1,-1
72,2,537,720,68,132,1,-1,-1,-1
72,3,1457,779,126,181,1,-1,-1,-1
72,4,1115,796,107,250,1,-1,-1,-1
72,5,494,842,139,349,1,-1,-1,-1
72,6,933,734,155,155,1,-1,-1,-1
72,7,898,706,88,144,1,-1,-1,-1
72,8,574,743,88,190,1,-1,-1,-1
72,9,1133,802,152,264,1,-1,-1,-1
72,10,1532,753,140,192,1,-1,-1,-1
72,11,1376,736,124,196,1,-1,-1,-1
72,12,1220,736,118,189,1,-1,-1,-1
72,13,698,831,151,277,1,-1,-1,-1
72,14,1244,730,190,260,1,-1,-1,-1
73,0,960,840,136,260,1,-1,-1,-1
73,1,1137,833,109,231,1,-1,-1,-1
73,2,537,720,68,132,1,-1,-1,-1
73,3,1457,779,126,181,1,-1,-1,-1
73,4,1115,796,107,250,1,-1,-1,-1
73,5,496,872,160,320,1,-1,-1,-1
73,6,933,734,155,155,1,-1,-1,-1
73,7,898,706,88,144,1,-1,-1,-1
73,8,574,743,88,190,1,-1,-1,-1
73,9,1133,802,152,264,1,-1,-1,-1
73,10,1532,753,140,192,1,-1,-1,-1
73,11,1376,736,124,196,1,-1,-1,-1
73,12,1220,736,118,189,1,-1,-1,-1
73,13,698,831,151,277,1,-1,-1,-1
73,14,1244,730,190,260,1,-1,-1,-1
73,15,780,724,108,140,1,-1,-1,-1
74,0,957,841,136,260,1,-1,-1,-1
74,1,1133,834,109,231,1,-1,-1,-1
74,2,535,719,68,132,1,-1,-1,-1
74,3,1458,780,126,181,1,-1,-1,-1
74,4,1111,800,107,250,1,-1,-1,-1
74,5,490,871,160,320,1,-1,-1,-1
74,6,928,730,155,155,1,-1,-1,-1
74,7,899,704,88,144,1,-1,-1,-1
74,8,573,743,88,190,1,-1,-1,-1
74,9,1129,805,152,264,1,-1,-1,-1
74,10,1533,754,140,192,1,-1,-1,-1
74,11,1376,736,124,196,1,-1,-1,-1
74,12,1215,740,118,189,1,-1,-1,-1
74,13,684,824,159,291,1,-1,-1,-1
74,14,1244,734,190,260,1,-1,-1,-1
74,15,779,723,108,140,1,-1,-1,-1
75,0,953,842,136,260,1,-1,-1,-1
75,1,1131,831,109,231,1,-1,-1,-1
75,2,533,718,68,132,1,-1,-1,-1
75,3,1457,782,126,181,1,-1,-1,-1
75,4,1111,797,107,250,1,-1,-1,-1
75,5,484,871,160,320,1,-1,-1,-1
75,6,925,728,155,155,1,-1,-1,-1
75,7,897,700,92,151,1,-1,-1,-1
75,8,570,743,88,190,1,-1,-1,-1
75,9,1127,803,152,264,1,-1,-1,-1
75,10,1533,755,140,192,1,-1,-1,-1
75,11,1377,736,124,196,1,-1,-1,-1
75,12,1211,743,118,189,1,-1,-1,-1
75,13,680,820,159,291,1,-1,-1,-1
75,14,1240,727,199,273,1,-1,-1,-1
75,15,779,720,108,140,1,-1,-1,-1
76,0,946,835,143,273,1,-1,-1,-1
76,1,1127,832,109,231,1,-1,-1,-1
76,2,530,718,68,132,1,-1,-1,-1
76,3,1457,781,126,181,1,-1,-1,-1
76,4,1105,800,107,250,1,-1,-1,-1
76,5,476,872,160,320,1,-1,-1,-1
76,6,921,724,155,155,1,-1,-1,-1
76,7,896,699,92,151,1,-1,-1,-1
76,8,566,743,88,190,1,-1,-1,-1
76,9,1119,795,160,277,1,-1,-1,-1
76,10,1532,756,140,192,1,-1,-1,-1
76,11,1378,736,124,196,1,-1,-1,-1
76,12,1210,741,118,189,1,-1,-1,-1
76,13,675,822,159,291,1,-1,-1,-1
76,14,1231,718,199,273,1,-1,-1,-1
76,15,778,717,108,140,1,-1,-1,-1
77,0,941,832,143,273,1,-1,-1,-1
77,1,1122,832,109,231,1,-1,-1,-1
77,2,527,717,68,132,1,-1,-1,-1
77,3,1458,780,126,181,1,-1,-1,-1
77,4,1099,804,107,250,1,-1,-1,-1
77,5,468,873,160,320,1,-1,-1,-1
77,6,919,724,155,155,1,-1,-1,-1
77,7,900,699,92,151,1,-1,-1,-1
77,8,562,740,88,190,1,-1,-1,-1
77,9,1109,788,168,291,1,-1,-1,-1
77,10,1532,756,140,192,1,-1,-1,-1
77,11,1380,737,118,187,1,-1,-1,-1
77,12,1211,745,112,180,1,-1,-1,-1
77,13,673,824,159,291,1,-1,-1,-1
77,14,1228,720,199,273,1,-1,-1,-1
77,15,777,716,108,140,1,-1,-1,-1
78,0,935,830,143,273,1,-1,-1,-1
78,1,1116,838,109,231,1,-1,-1,-1
78,2,525,715,68,132,1,-1,-1,-1
78,3,1459,780,126,181,1,-1,-1,-1
78,4,1091,803,112,263,1,-1,-1,-1
78,5,455,868,168,336,1,-1,-1,-1
78,6,921,722,155,155,1,-1,-1,-1
78,7,903,696,92,151,1,-1,-1,-1
78,8,558,740,88,190,1,-1,-1,-1
78,9,1103,788,168,291,1,-1,-1,-1
78,10,1531,756,140,192,1,-1,-1,-1
78,11,1366,725,124,196,1,-1,-1,-1
78,12,1210,742,112,180,1,-1,-1,-1
78,13,669,824,159,291,1,-1,-1,-1
78,14,1229,722,199,273,1,-1,-1,-1
78,15,776,714,108,140,1,-1,-1,-1
79,0,934,831,143,273,1,-1,-1,-1
79,1,1114,837,109,231,1,-1,-1,-1
79,2,525,714,68,132,1,-1,-1,-1
79,3,1460,780,126,181,1,-1,-1,-1
79,4,1088,805,112,263,1,-1,-1,-1
79,5,453,868,168,336,1,-1,-1,-1
79,6,922,720,155,155,1,-1,-1,-1
79,7,903,696,92,151,1,-1,-1,-1
79,8,556,738,88,190,1,-1,-1,-1
79,9,1101,788,168,291,1,-1,-1,-1
79,10,1531,756,140,192,1,-1,-1,-1
79,11,1360,725,124,196,1,-1,-1,-1
79,12,1210,741,112,180,1,-1,-1,-1
79,13,666,824,159,291,1,-1,-1,-1
79,14,1232,720,199,273,1,-1,-1,-1
79,15,772,709,113,147,1,-1,-1,-1
80,0,931,835,143,273,1,-1,-1,-1
80,1,1109,836,109,231,1,-1,-1,-1
80,2,523,713,68,132,1,-1,-1,-1
80,3,1460,781,126,181,1,-1,-1,-1
80,4,1085,799,112,263,1,-1,-1,-1
80,5,445,869,168,336,1,-1,-1,-1
80,6,921,722,155,155,1,-1,-1,-1
80,7,904,696,92,151,1,-1,-1,-1
80,8,552,731,93,199,1,-1,-1,-1
80,9,1099,787,168,291,1,-1,-1,-1
80,10,1531,755,140,192,1,-1,-1,-1
80,11,1363,721,124,196,1,-1,-1,-1
80,12,1207,737,112,180,1,-1,-1,-1
80,13,666,827,159,291,1,-1,-1,-1
80,14,1233,721,199,273,1,-1,-1,-1
80,15,769,708,113,147,1,-1,-1,-1
81,0,944,844,136,252,1,-1,-1,-1
81,1,1109,836,109,231,1,-1,-1,-1
81,2,523,713,68,132,1,-1,-1,-1
81,3,1460,781,126,181,1,-1,-1,-1
81,4,1085,799,112,263,1,-1,-1,-1
81,5,432,852,128,364,1,-1,-1,-1
81,6,921,722,155,155,1,-1,-1,-1
81,7,904,696,92,151,1,-1,-1,-1
81,8,536,712,120,188,1,-1,-1,-1
81,9,1052,784,216,264,1,-1,-1,-1
81,10,1528,748,228,200,1,-1,-1,-1
81,11,1363,721,124,196,1,-1,-1,-1
81,12,1207,737,112,180,1,-1,-1,-1
81,13,664,836,228,244,1,-1,-1,-1
81,14,1233,721,199,273,1,-1,-1,-1
81,15,772,716,116,136,1,-1,-1,-1
81,16,1296,724,84,140,1,-1,-1,-1
82,0,940,843,136,252,1,-1,-1,-1
82,1,1106,840,109,231,1,-1,-1,-1
82,2,522,713,68,132,1,-1,-1,-1
82,3,1458,780,126,181,1,-1,-1,-1
82,4,1085,803,112,263,1,-1,-1,-1
82,5,425,852,128,364,1,-1,-1,-1
82,6,923,723,155,155,1,-1,-1,-1
82,7,903,697,92,151,1,-1,-1,-1
82,8,534,711,120,188,1,-1,-1,-1
82,9,1049,784,216,264,1,-1,-1,-1
82,10,1526,749,228,200,1,-1,-1,-1
82,11,1364,717,130,206,1,-1,-1,-1
82,12,1199,735,112,180,1,-1,-1,-1
82,13,658,836,228,244,1,-1,-1,-1
82,14,1224,705,209,287,1,-1,-1,-1
82,15,772,715,116,136,1,-1,-1,-1
82,16,1294,723,84,140,1,-1,-1,-1
83,0,933,843,136,252,1,-1,-1,-1
83,1,1101,838,109,231,1,-1,-1,-1
83,2,523,712,68,132,1,-1,-1,-1
83,3,1457,778,126,181,1,-1,-1,-1
83,4,1083,802,112,263,1,-1,-1,-1
83,5,417,850,128,364,1,-1,-1,-1
83,6,922,724,155,155,1,-1,-1,-1
83,7,904,698,92,151,1,-1,-1,-1
83,8,532,710,120,188,1,-1,-1,-1
83,9,1048,784,216,264,1,-1,-1,-1
83,10,1525,749,228,200,1,-1,-1,-1
83,11,1363,722,130,206,1,-1,-1,-1
83,12,1191,732,112,180,1,-1,-1,-1
83,13,655,834,228,244,1,-1,-1,-1
83,14,1216,703,209,287,1,-1,-1,-1
83,15,773,714,116,136,1,-1,-1,-1
83,16,1291,721,84,140,1,-1,-1,-1
84,0,926,845,136,252,1,-1,-1,-1
84,1,1095,840,109,231,1,-1,-1,-1
84,2,523,713,68,132,1,-1,-1,-1
84,3,1456,778,126,181,1,-1,-1,-1
84,4,1082,803,112,263,1,-1,-1,-1
84,5,401,840,134,382,1,-1,-1,-1
84,6,921,725,155,155,1,-1,-1,-1
84,7,906,700,92,151,1,-1,-1,-1
84,8,531,709,120,188,1,-1,-1,-1
84,9,1047,785,216,264,1,-1,-1,-1
84,10,1523,746,228,200,1,-1,-1,-1
84,11,1364,720,130,206,1,-1,-1,-1
84,12,1188,732,112,180,1,-1,-1,-1
84,13,653,831,228,244,1,-1,-1,-1
84,14,1210,710,199,273,1,-1,-1,-1
84,15,772,713,116,136,1,-1,-1,-1
84,16,1286,717,88,147,1,-1,-1,-1
85,0,925,844,136,252,1,-1,-1,-1
85,1,1091,839,109,231,1,-1,-1,-1
85,2,523,714,68,132,1,-1,-1,-1
85,3,1455,778,126,181,1,-1,-1,-1
85,4,1081,805,112,263,1,-1,-1,-1
85,5,397,838,134,382,1,-1,-1,-1
85,6,920,724,155,155,1,-1,-1,-1
85,7,907,699,92,151,1,-1,-1,-1
85,8,531,709,120,188,1,-1,-1,-1
85,9,1045,786,216,264,1,-1,-1,-1
85,10,1522,746,228,200,1,-1,-1,-1
85,11,1366,720,130,206,1,-1,-1,-1
85,12,1187,732,112,180,1,-1,-1,-1
85,13,652,832,228,244,1,-1,-1,-1
85,14,1211,712,199,273,1,-1,-1,-1
85,15,772,713,116,136,1,-1,-1,-1
85,16,1285,717,88,147,1,-1,-1,-1
86,0,920,843,136,252,1,-1,-1,-1
86,1,1091,839,109,231,1,-1,-1,-1
86,2,523,715,68,132,1,-1,-1,-1
86,3,1453,776,126,181,1,-1,-1,-1
86,4,1082,806,112,263,1,-1,-1,-1
86,5,390,837,134,382,1,-1,-1,-1
86,6,919,727,155,155,1,-1,-1,-1
86,7,906,697,92,151,1,-1,-1,-1
86,8,530,709,120,188,1,-1,-1,-1
86,9,1043,787,216,264,1,-1,-1,-1
86,10,1521,746,228,200,1,-1,-1,-1
86,11,1363,721,130,206,1,-1,-1,-1
86,12,1185,733,112,180,1,-1,-1,-1
86,13,649,831,228,244,1,-1,-1,-1
86,14,1208,711,199,273,1,-1,-1,-1
86,15,769,712,116,136,1,-1,-1,-1
86,16,1282,714,88,147,1,-1,-1,-1
87,0,915,843,136,252,1,-1,-1,-1
87,1,1089,840,109,231,1,-1,-1,-1
87,2,523,715,68,132,1,-1,-1,-1
87,3,1449,775,126,181,1,-1,-1,-1
87,4,1076,797,117,276,1,-1,-1,-1
87,5,378,835,134,382,1,-1,-1,-1
87,6,919,724,155,155,1,-1,-1,-1
87,7,905,697,92,151,1,-1,-1,-1
87,8,530,709,120,188,1,-1,-1,-1
87,9,1040,786,216,264,1,-1,-1,-1
87,10,1520,744,228,200,1,-1,-1,-1
87,11,1360,720,130,206,1,-1,-1,-1
87,12,1186,734,112,180,1,-1,-1,-1
87,13,647,829,228,244,1,-1,-1,-1
87,14,1210,718,190,260,1,-1,-1,-1
87,15,769,713,116,136,1,-1,-1,-1
87,16,1280,714,88,147,1,-1,-1,-1
88,0,912,845,136,252,1,-1,-1,-1
88,1,1088,839,109,231,1,-1,-1,-1
88,2,521,714,71,139,1,-1,-1,-1
88,3,1446,772,126,181,1,-1,-1,-1
88,4,1075,797,117,276,1,-1,-1,-1
88,5,372,838,134,382,1,-1,-1,-1
88,6,919,722,155,155,1,-1,-1,-1
88,7,904,696,92,151,1,-1,-1,-1
88,8,528,705,126,197,1,-1,-1,-1
88,9,1042,785,216,264,1,-1,-1,-1
88,10,1519,743,228,200,1,-1,-1,-1
88,11,1357,722,130,206,1,-1,-1,-1
88,12,1186,736,112,180,1,-1,-1,-1
88,13,642,828,228,244,1,-1,-1,-1
88,14,1206,719,190,260,1,-1,-1,-1
88,15,770,714,116,136,1,-1,-1,-1
88,16,1279,713,88,147,1,-1,-1,-1
89,0,912,845,136,252,1,-1,-1,-1
89,1,1088,839,109,231,1,-1,-1,-1
89,2,521,714,71,139,1,-1,-1,-1
89,3,1446,772,126,181,1,-1,-1,-1
89,4,1075,797,117,276,1,-1,-1,-1
89,5,372,838,134,382,1,-1,-1,-1
89,6,919,722,155,155,1,-1,-1,-1
89,7,904,696,92,151,1,-1,-1,-1
89,8,540,704,120,184,1,-1,-1,-1
89,9,1042,785,216,264,1,-1,-1,-1
89,10,1519,743,228,200,1,-1,-1,-1
89,11,1357,722,130,206,1,-1,-1,-1
89,12,1186,736,112,180,1,-1,-1,-1
89,13,642,828,228,244,1,-1,-1,-1
89,14,1206,719,190,260,1,-1,-1,-1
89,15,760,720,116,104,1,-1,-1,-1
89,16,1279,713,88,147,1,-1,-1,-1
89,17,348,840,264,388,1,-1,-1,-1
90,0,910,849,136,252,1,-1,-1,-1
90,1,1089,834,109,231,1,-1,-1,-1
90,2,519,717,75,146,1,-1,-1,-1
90,3,1441,772,126,181,1,-1,-1,-1
90,4,1073,790,117,276,1,-1,-1,-1
90,5,348,850,134,382,1,-1,-1,-1
90,6,915,719,155,155,1,-1,-1,-1
90,7,902,694,92,151,1,-1,-1,-1
90,8,539,703,120,184,1,-1,-1,-1
90,9,1043,783,216,264,1,-1,-1,-1
90,10,1519,741,228,200,1,-1,-1,-1
90,11,1350,719,130,206,1,-1,-1,-1
90,12,1186,738,112,180,1,-1,-1,-1
90,13,633,826,228,244,1,-1,-1,-1
90,14,1199,716,199,273,1,-1,-1,-1
90,15,758,721,116,104,1,-1,-1,-1
90,16,1281,718,88,147,1,-1,-1,-1
90,17,341,840,264,388,1,-1,-1,-1
91,0,908,851,136,252,1,-1,-1,-1
91,1,1090,836,109,231,1,-1,-1,-1
91,2,517,714,79,153,1,-1,-1,-1
91,3,1440,770,126,181,1,-1,-1,-1
91,4,1072,787,117,276,1,-1,-1,-1
91,5,344,849,134,382,1,-1,-1,-1
91,6,915,719,155,155,1,-1,-1,-1
91,7,902,694,92,151,1,-1,-1,-1
91,8,538,703,120,184,1,-1,-1,-1
91,9,1043,785,216,264,1,-1,-1,-1
91,10,1519,741,228,200,1,-1,-1,-1
91,11,1348,717,130,206,1,-1,-1,-1
91,12,1186,738,112,180,1,-1,-1,-1
91,13,633,824,228,244,1,-1,-1,-1
91,14,1199,717,199,273,1,-1,-1,-1
91,15,758,722,116,104,1,-1,-1,-1
91,16,1280,718,88,147,1,-1,-1,-1
91,17,338,840,264,388,1,-1,-1,-1
92,0,908,854,136,252,1,-1,-1,-1
92,1,1087,828,115,243,1,-1,-1,-1
92,2,515,712,79,153,1,-1,-1,-1
92,3,1439,769,126,181,1,-1,-1,-1
92,4,1067,778,123,289,1,-1,-1,-1
92,5,338,849,134,382,1,-1,-1,-1
92,6,914,718,155,155,1,-1,-1,-1
92,7,899,697,92,151,1,-1,-1,-1
92,8,536,703,120,184,1,-1,-1,-1
92,9,1042,785,216,264,1,-1,-1,-1
92,10,1519,739,228,200,1,-1,-1,-1
92,11,1348,718,130,206,1,-1,-1,-1
92,12,1184,740,112,180,1,-1,-1,-1
92,13,629,823,228,244,1,-1,-1,-1
92,14,1199,718,199,273,1,-1,-1,-1
92,15,758,721,116,104,1,-1,-1,-1
92,16,1282,722,88,147,1,-1,-1,-1
92,17,332,842,264,388,1,-1,-1,-1
93,0,906,856,136,252,1,-1,-1,-1
93,1,1085,824,115,243,1,-1,-1,-1
93,2,513,709,83,160,1,-1,-1,-1
93,3,1438,770,126,181,1,-1,-1,-1
93,4,1066,777,123,289,1,-1,-1,-1
93,5,332,847,134,382,1,-1,-1,-1
93,6,910,718,155,155,1,-1,-1,-1
93,7,897,697,92,151,1,-1,-1,-1
93,8,535,705,120,184,1,-1,-1,-1
93,9,1042,784,216,264,1,-1,-1,-1
93,10,1518,739,228,200,1,-1,-1,-1
93,11,1349,721,130,206,1,-1,-1,-1
93,12,1186,740,112,180,1,-1,-1,-1
93,13,624,822,228,244,1,-1,-1,-1
93,14,1200,716,199,273,1,-1,-1,-1
93,15,757,719,116,104,1,-1,-1,-1
93,16,1285,722,88,147,1,-1,-1,-1
93,17,324,842,264,388,1,-1,-1,-1
94,0,904,855,136,252,1,-1,-1,-1
94,1,1084,825,115,243,1,-1,-1,-1
94,2,512,705,83,160,1,-1,-1,-1
94,3,1436,771,126,181,1,-1,-1,-1
94,4,1063,786,123,289,1,-1,-1,-1
94,5,324,844,134,382,1,-1,-1,-1
94,6,906,717,155,155,1,-1,-1,-1
94,7,894,698,92,151,1,-1,-1,-1
94,8,535,700,120,184,1,-1,-1,-1
94,9,1037,785,216,264,1,-1,-1,-1
94,10,1516,737,228,200,1,-1,-1,-1
94,11,1353,722,130,206,1,-1,-1,-1
94,12,1185,740,112,180,1,-1,-1,-1
94,13,619,819,228,244,1,-1,-1,-1
94,14,1202,719,199,273,1,-1,-1,-1
94,15,756,717,116,104,1,-1,-1,-1
94,16,1289,724,88,147,1,-1,-1,-1
94,17,318,841,264,388,1,-1,-1,-1
95,0,899,853,136,252,1,-1,-1,-1
95,1,1082,825,115,243,1,-1,-1,-1
95,2,511,706,83,160,1,-1,-1,-1
95,3,1435,771,126,181,1,-1,-1,-1
95,4,1059,784,123,289,1,-1,-1,-1
95,5,313,835,141,401,1,-1,-1,-1
95,6,901,716,155,155,1,-1,-1,-1
95,7,888,693,97,159,1,-1,-1,-1
95,8,534,699,120,184,1,-1,-1,-1
95,9,1033,784,216,264,1,-1,-1,-1
95,10,1516,735,228,200,1,-1,-1,-1
95,11,1354,721,130,206,1,-1,-1,-1
95,12,1185,739,112,180,1,-1,-1,-1
95,13,617,821,228,244,1,-1,-1,-1
95,14,1203,721,199,273,1,-1,-1,-1
95,15,754,716,116,104,1,-1,-1,-1
95,16,1292,724,88,147,1,-1,-1,-1
95,17,305,829,277,407,1,-1,-1,-1
96,0,896,851,136,252,1,-1,-1,-1
96,1,1080,823,115,243,1,-1,-1,-1
96,2,510,703,83,160,1,-1,-1,-1
96,3,1435,769,126,181,1,-1,-1,-1
96,4,1055,782,123,289,1,-1,-1,-1
96,5,301,833,141,401,1,-1,-1,-1
96,6,897,714,155,155,1,-1,-1,-1
96,7,884,691,97,159,1,-1,-1,-1
96,8,532,699,120,184,1,-1,-1,-1
96,9,1031,786,216,264,1,-1,-1,-1
96,10,1520,739,217,190,1,-1,-1,-1
96,11,1357,724,130,206,1,-1,-1,-1
96,12,1181,736,118,189,1,-1,-1,-1
96,13,615,824,228,244,1,-1,-1,-1
96,14,1203,721,199,273,1,-1,-1,-1
96,15,754,714,116,104,1,-1,-1,-1
96,16,1294,723,88,147,1,-1,-1,-1
96,17,288,830,277,407,1,-1,-1,-1
97,0,896,851,136,252,1,-1,-1,-1
97,1,1080,823,115,243,1,-1,-1,-1
97,2,510,703,83,160,1,-1,-1,-1
97,3,1435,769,126,181,1,-1,-1,-1
97,4,1055,782,123,289,1,-1,-1,-1
97,5,301,833,141,401,1,-1,-1,-1
97,6,892,716,172,136,1,-1,-1,-1
97,7,884,691,97,159,1,-1,-1,-1
97,8,528,696,116,188,1,-1,-1,-1
97,9,1031,786,216,264,1,-1,-1,-1
97,10,1520,739,217,190,1,-1,-1,-1
97,11,1357,724,130,206,1,-1,-1,-1
97,12,1181,736,118,189,1,-1,-1,-1
97,13,580,812,248,276,1,-1,-1,-1
97,14,1203,721,199,273,1,-1,-1,-1
97,15,754,714,116,104,1,-1,-1,-1
97,16,1294,723,88,147,1,-1,-1,-1
97,17,288,830,277,407,1,-1,-1,-1
97,18,844,844,280,296,1,-1,-1,-1
98,0,888,843,143,265,1,-1,-1,-1
98,1,1075,814,120,255,1,-1,-1,-1
98,2,509,703,87,168,1,-1,-1,-1
98,3,1435,768,126,181,1,-1,-1,-1
98,4,1051,783,123,289,1,-1,-1,-1
98,5,288,834,141,401,1,-1,-1,-1
98,6,890,715,172,136,1,-1,-1,-1
98,7,884,691,97,159,1,-1,-1,-1
98,8,528,695,116,188,1,-1,-1,-1
98,9,1020,778,227,277,1,-1,-1,-1
98,10,1523,738,217,190,1,-1,-1,-1
98,11,1364,729,124,196,1,-1,-1,-1
98,12,1183,732,118,189,1,-1,-1,-1
98,13,576,813,248,276,1,-1,-1,-1
98,14,1204,718,199,273,1,-1,-1,-1
98,15,751,711,116,104,1,-1,-1,-1
98,16,1294,723,88,147,1,-1,-1,-1
98,17,279,830,277,407,1,-1,-1,-1
98,18,841,844,280,296,1,-1,-1,-1
99,0,885,842,143,265,1,-1,-1,-1
99,1,1074,809,120,255,1,-1,-1,-1
99,2,507,704,87,168,1,-1,-1,-1
99,3,1434,771,126,181,1,-1,-1,-1
99,4,1049,776,123,289,1,-1,-1,-1
99,5,281,832,141,401,1,-1,-1,-1
99,6,890,715,172,136,1,-1,-1,-1
99,7,886,689,97,159,1,-1,-1,-1
99,8,528,695,116,188,1,-1,-1,-1
99,9,1019,776,227,277,1,-1,-1,-1
99,10,1525,737,217,190,1,-1,-1,-1
99,11,1368,733,124,196,1,-1,-1,-1
99,12,1185,729,118,189,1,-1,-1,-1
99,13,572,815,248,276,1,-1,-1,-1
99,14,1208,717,199,273,1,-1,-1,-1
99,15,751,710,116,104,1,-1,-1,-1
99,16,1294,721,88,147,1,-1,-1,-1
99,17,273,831,277,407,1,-1,-1,-1
99,18,837,845,280,296,1,-1,-1,-1
100,0,881,844,143,265,1,-1,-1,-1
100,1,1073,806,120,255,1,-1,-1,-1
100,2,505,704,87,168,1,-1,-1,-1
100,3,1433,771,126,181,1,-1,-1,-1
100,4,1046,770,123,289,1,-1,-1,-1
100,5,275,834,141,401,1,-1,-1,-1
100,6,889,714,172,136,1,-1,-1,-1
100,7,886,686,97,159,1,-1,-1,-1
100,8,527,694,116,188,1,-1,-1,-1
100,9,1017,775,227,277,1,-1,-1,-1
100,10,1526,737,217,190,1,-1,-1,-1
100,11,1370,737,124,196,1,-1,-1,-1
100,12,1187,727,118,189,1,-1,-1,-1
100,13,571,816,248,276,1,-1,-1,-1
100,14,1212,715,199,273,1,-1,-1,-1
100,15,750,708,116,104,1,-1,-1,-1
100,16,1292,721,88,147,1,-1,-1,-1
100,17,264,833,277,407,1,-1,-1,-1
100,18,833,846,280,296,1,-1,-1,-1
101,0,876,846,143,265,1,-1,-1,-1
101,1,1070,804,120,255,1,-1,-1,-1
101,2,503,695,87,168,1,-1,-1,-1
101,3,1433,768,126,181,1,-1,-1,-1
101,4,1043,772,123,289,1,-1,-1,-1
101,5,263,840,141,401,1,-1,-1,-1
101,6,890,711,172,136,1,-1,-1,-1
101,7,887,687,97,159,1,-1,-1,-1
101,8,526,691,116,188,1,-1,-1,-1
101,9,1017,771,227,277,1,-1,-1,-1
101,10,1528,734,217,190,1,-1,-1,-1
101,11,1374,741,124,196,1,-1,-1,-1
101,12,1190,726,118,189,1,-1,-1,-1
101,13,572,815,248,276,1,-1,-1,-1
101,14,1215,711,199,273,1,-1,-1,-1
101,15,751,706,116,104,1,-1,-1,-1
101,16,1288,720,88,147,1,-1,-1,-1
101,17,255,837,277,407,1,-1,-1,-1
101,18,831,845,280,296,1,-1,-1,-1
102,0,871,844,143,265,1,-1,-1,-1
102,1,1066,800,120,255,1,-1,-1,-1
102,2,498,694,87,168,1,-1,-1,-1
102,3,1434,768,126,181,1,-1,-1,-1
102,4,1042,775,123,289,1,-1,-1,-1
102,5,253,839,141,401,1,-1,-1,-1
102,6,892,709,172,136,1,-1,-1,-1
102,7,888,688,97,159,1,-1,-1,-1
102,8,520,682,122,197,1,-1,-1,-1
102,9,1014,765,227,277,1,-1,-1,-1
102,10,1530,734,217,190,1,-1,-1,-1
102,11,1375,745,124,196,1,-1,-1,-1
102,12,1191,725,118,189,1,-1,-1,-1
102,13,571,813,248,276,1,-1,-1,-1
102,14,1214,707,199,273,1,-1,-1,-1
102,15,751,704,116,104,1,-1,-1,-1
102,16,1285,716,88,147,1,-1,-1,-1
102,17,246,834,277,407,1,-1,-1,-1
102,18,829,846,280,296,1,-1,-1,-1
103,0,868,845,143,265,1,-1,-1,-1
103,1,1066,800,120,255,1,-1,-1,-1
103,2,498,693,87,168,1,-1,-1,-1
103,3,1434,768,126,181,1,-1,-1,-1
103,4,1041,770,123,289,1,-1,-1,-1
103,5,247,836,148,421,1,-1,-1,-1
103,6,893,708,172,136,1,-1,-1,-1
103,7,889,687,97,159,1,-1,-1,-1
103,8,520,681,122,197,1,-1,-1,-1
103,9,1014,764,227,277,1,-1,-1,-1
103,10,1530,734,217,190,1,-1,-1,-1
103,11,1378,749,118,187,1,-1,-1,-1
103,12,1191,725,118,189,1,-1,-1,-1
103,13,570,812,248,276,1,-1,-1,-1
103,14,1214,707,199,273,1,-1,-1,-1
103,15,751,703,116,104,1,-1,-1,-1
103,16,1285,715,88,147,1,-1,-1,-1
103,17,243,833,277,407,1,-1,-1,-1
103,18,826,844,280,296,1,-1,-1,-1
104,0,863,844,143,265,1,-1,-1,-1
104,1,1063,800,120,255,1,-1,-1,-1
104,2,498,692,87,168,1,-1,-1,-1
104,3,1436,767,126,181,1,-1,-1,-1
104,4,1040,765,123,289,1,-1,-1,-1
104,5,240,841,148,421,1,-1,-1,-1
104,6,897,707,172,136,1,-1,-1,-1
104,7,890,687,97,159,1,-1,-1,-1
104,8,518,681,122,197,1,-1,-1,-1
104,9,1011,764,227,277,1,-1,-1,-1
104,10,1533,733,217,190,1,-1,-1,-1
104,11,1380,747,118,187,1,-1,-1,-1
104,12,1191,726,118,189,1,-1,-1,-1
104,13,569,810,248,276,1,-1,-1,-1
104,14,1215,709,199,273,1,-1,-1,-1
104,15,754,703,116,104,1,-1,-1,-1
104,16,1282,711,88,147,1,-1,-1,-1
104,17,235,836,277,407,1,-1,-1,-1
104,18,823,843,280,296,1,-1,-1,-1
105,0,863,844,143,265,1,-1,-1,-1
105,1,1063,800,120,255,1,-1,-1,-1
105,2,498,692,87,168,1,-1,-1,-1
105,3,1436,767,126,181,1,-1,-1,-1
105,4,1040,765,123,289,1,-1,-1,-1
105,5,228,840,124,412,1,-1,-1,-1
105,6,897,707,172,136,1,-1,-1,-1
105,7,890,687,97,159,1,-1,-1,-1
105,8,518,681,122,197,1,-1,-1,-1
105,9,1011,764,227,277,1,-1,-1,-1
105,10,1533,733,217,190,1,-1,-1,-1
105,11,1380,747,118,187,1,-1,-1,-1
105,12,1191,726,118,189,1,-1,-1,-1
105,13,569,810,248,276,1,-1,-1,-1
105,14,1215,709,199,273,1,-1,-1,-1
105,15,754,703,116,104,1,-1,-1,-1
105,16,1282,711,88,147,1,-1,-1,-1
105,17,235,836,277,407,1,-1,-1,-1
105,18,823,843,280,296,1,-1,-1,-1
106,0,853,843,143,265,1,-1,-1,-1
106,1,1061,801,120,255,1,-1,-1,-1
106,2,496,685,87,168,1,-1,-1,-1
106,3,1436,761,132,190,1,-1,-1,-1
106,4,1039,768,123,289,1,-1,-1,-1
106,5,226,839,124,412,1,-1,-1,-1
106,6,901,706,172,136,1,-1,-1,-1
106,7,892,685,97,159,1,-1,-1,-1
106,8,516,677,122,197,1,-1,-1,-1
106,9,1010,764,227,277,1,-1,-1,-1
106,10,1529,734,228,200,1,-1,-1,-1
106,11,1383,771,112,178,1,-1,-1,-1
106,12,1191,729,118,189,1,-1,-1,-1
106,13,564,806,248,276,1,-1,-1,-1
106,14,1212,708,199,273,1,-1,-1,-1
106,15,757,702,116,104,1,-1,-1,-1
106,16,1269,708,88,147,1,-1,-1,-1
106,17,219,838,277,407,1,-1,-1,-1
106,18,817,842,280,296,1,-1,-1,-1
107,0,851,844,143,265,1,-1,-1,-1
107,1,1061,800,120,255,1,-1,-1,-1
107,2,497,687,87,168,1,-1,-1,-1
107,3,1438,760,132,190,1,-1,-1,-1
107,4,1041,770,123,289,1,-1,-1,-1
107,5,223,839,124,412,1,-1,-1,-1
107,6,906,707,172,136,1,-1,-1,-1
107,7,893,684,97,159,1,-1,-1,-1
107,8,517,677,122,197,1,-1,-1,-1
107,9,1011,767,227,277,1,-1,-1,-1
107,10,1528,735,228,200,1,-1,-1,-1
107,11,1385,768,112,178,1,-1,-1,-1
107,12,1190,730,118,189,1,-1,-1,-1
107,13,562,806,248,276,1,-1,-1,-1
107,14,1212,711,199,273,1,-1,-1,-1
107,15,759,702,116,104,1,-1,-1,-1
107,16,1264,705,88,147,1,-1,-1,-1
107,17,213,838,277,407,1,-1,-1,-1
107,18,814,843,280,296,1,-1,-1,-1
108,0,848,846,143,265,1,-1,-1,-1
108,1,1062,806,120,255,1,-1,-1,-1
108,2,498,693,87,168,1,-1,-1,-1
108,3,1438,761,132,190,1,-1,-1,-1
108,4,1044,778,117,276,1,-1,-1,-1
108,5,216,838,124,412,1,-1,-1,-1
108,6,910,705,172,136,1,-1,-1,-1
108,7,897,685,97,159,1,-1,-1,-1
108,8,517,678,122,197,1,-1,-1,-1
108,9,1015,773,216,264,1,-1,-1,-1
108,10,1529,736,228,200,1,-1,-1,-1
108,11,1384,763,112,178,1,-1,-1,-1
108,12,1188,731,118,189,1,-1,-1,-1
108,13,559,804,248,276,1,-1,-1,-1
108,14,1210,713,199,273,1,-1,-1,-1
108,15,760,703,116,104,1,-1,-1,-1
108,16,1260,703,88,147,1,-1,-1,-1
108,17,201,835,277,407,1,-1,-1,-1
108,18,811,843,280,296,1,-1,-1,-1
109,0,849,845,143,265,1,-1,-1,-1
109,1,1062,805,120,255,1,-1,-1,-1
109,2,498,694,87,168,1,-1,-1,-1
109,3,1439,761,132,190,1,-1,-1,-1
109,4,1044,778,117,276,1,-1,-1,-1
109,5,213,836,124,412,1,-1,-1,-1
109,6,911,704,172,136,1,-1,-1,-1
109,7,898,684,97,159,1,-1,-1,-1
109,8,517,680,122,197,1,-1,-1,-1
109,9,1016,773,216,264,1,-1,-1,-1
109,10,1529,737,228,200,1,-1,-1,-1
109,11,1384,764,112,178,1,-1,-1,-1
109,12,1188,731,118,189,1,-1,-1,-1
109,13,559,804,248,276,1,-1,-1,-1
109,14,1205,705,209,287,1,-1,-1,-1
109,15,761,703,116,104,1,-1,-1,-1
109,16,1262,704,84,140,1,-1,-1,-1
109,17,201,836,277,407,1,-1,-1,-1
109,18,812,844,280,296,1,-1,-1,-1
110,0,848,846,143,265,1,-1,-1,-1
110,1,1064,816,115,243,1,-1,-1,-1
110,2,497,694,87,168,1,-1,-1,-1
110,3,1438,754,139,199,1,-1,-1,-1
110,4,1046,780,117,276,1,-1,-1,-1
110,5,204,833,124,412,1,-1,-1,-1
110,6,914,704,172,136,1,-1,-1,-1
110,7,904,685,97,159,1,-1,-1,-1
110,8,518,678,122,197,1,-1,-1,-1
110,9,1017,778,216,264,1,-1,-1,-1
110,10,1532,738,228,200,1,-1,-1,-1
110,11,1386,765,112,178,1,-1,-1,-1
110,12,1186,730,118,189,1,-1,-1,-1
110,13,554,804,248,276,1,-1,-1,-1
110,14,1202,704,209,287,1,-1,-1,-1
110,15,761,704,116,104,1,-1,-1,-1
110,16,1262,702,84,140,1,-1,-1,-1
110,17,188,825,291,428,1,-1,-1,-1
110,18,810,846,280,296,1,-1,-1,-1
111,0,847,849,143,265,1,-1,-1,-1
111,1,1063,818,115,243,1,-1,-1,-1
111,2,498,692,87,168,1,-1,-1,-1
111,3,1439,755,139,199,1,-1,-1,-1
111,4,1046,784,117,276,1,-1,-1,-1
111,5,192,821,130,433,1,-1,-1,-1
111,6,918,707,172,136,1,-1,-1,-1
111,7,906,690,97,159,1,-1,-1,-1
111,8,518,676,122,197,1,-1,-1,-1
111,9,1009,773,227,277,1,-1,-1,-1
111,10,1533,737,228,200,1,-1,-1,-1
111,11,1386,760,112,178,1,-1,-1,-1
111,12,1184,727,118,189,1,-1,-1,-1
111,13,549,803,248,276,1,-1,-1,-1
111,14,1202,704,209,287,1,-1,-1,-1
111,15,764,703,116,104,1,-1,-1,-1
111,16,1264,700,84,140,1,-1,-1,-1
111,17,179,821,291,428,1,-1,-1,-1
111,18,809,847,280,296,1,-1,-1,-1
112,0,848,852,143,265,1,-1,-1,-1
112,1,1066,817,115,243,1,-1,-1,-1
112,2,495,689,87,168,1,-1,-1,-1
112,3,1440,756,139,199,1,-1,-1,-1
112,4,1047,784,117,276,1,-1,-1,-1
112,5,183,819,130,433,1,-1,-1,-1
112,6,920,705,172,136,1,-1,-1,-1
112,7,903,690,102,167,1,-1,-1,-1
112,8,519,673,122,197,1,-1,-1,-1
112,9,1009,772,227,277,1,-1,-1,-1
112,10,1535,737,228,200,1,-1,-1,-1
112,11,1384,764,112,178,1,-1,-1,-1
112,12,1184,723,118,189,1,-1,-1,-1
112,13,544,801,248,276,1,-1,-1,-1
112,14,1201,703,209,287,1,-1,-1,-1
112,15,767,701,116,104,1,-1,-1,-1
112,16,1266,700,84,140,1,-1,-1,-1
112,17,172,822,291,428,1,-1,-1,-1
112,18,806,847,280,296,1,-1,-1,-1
113,0,812,848,156,308,1,-1,-1,-1
113,1,1066,817,115,243,1,-1,-1,-1
113,2,495,689,87,168,1,-1,-1,-1
113,3,1424,736,136,220,1,-1,-1,-1
113,4,1047,784,117,276,1,-1,-1,-1
113,5,164,828,196,436,1,-1,-1,-1
113,6,920,705,172,136,1,-1,-1,-1
113,7,928,708,88,144,1,-1,-1,-1
113,8,519,673,122,197,1,-1,-1,-1
113,9,1009,772,227,277,1,-1,-1,-1
113,10,1600,732,152,164,1,-1,-1,-1
113,11,1384,764,112,178,1,-1,-1,-1
113,12,1184,723,118,189,1,-1,-1,-1
113,13,548,800,228,264,1,-1,-1,-1
113,14,1201,703,209,287,1,-1,-1,-1
113,15,764,696,124,132,1,-1,-1,-1
113,16,1266,700,84,140,1,-1,-1,-1
113,17,172,822,291,428,1,-1,-1,-1
113,18,806,847,280,296,1,-1,-1,-1
114,0,813,847,156,308,1,-1,-1,-1
114,1,1070,813,115,243,1,-1,-1,-1
114,2,496,684,87,168,1,-1,-1,-1
114,3,1425,736,136,220,1,-1,-1,-1
114,4,1051,780,117,276,1,-1,-1,-1
114,5,162,828,196,436,1,-1,-1,-1
114,6,925,702,172,136,1,-1,-1,-1
114,7,928,708,88,144,1,-1,-1,-1
114,8,521,669,122,197,1,-1,-1,-1
114,9,1015,774,227,277,1,-1,-1,-1
114,10,1601,731,152,164,1,-1,-1,-1
114,11,1370,732,112,178,1,-1,-1,-1
114,12,1186,723,118,189,1,-1,-1,-1
114,13,546,801,228,264,1,-1,-1,-1
114,14,1204,703,209,287,1,-1,-1,-1
114,15,766,694,124,132,1,-1,-1,-1
114,16,1275,700,84,140,1,-1,-1,-1
114,17,163,816,291,428,1,-1,-1,-1
114,18,808,849,280,296,1,-1,-1,-1
115,0,814,848,156,308,1,-1,-1,-1
115,1,1072,815,115,243,1,-1,-1,-1
115,2,499,683,87,168,1,-1,-1,-1
115,3,1426,736,136,220,1,-1,-1,-1
115,4,1053,779,117,276,1,-1,-1,-1
115,5,161,828,196,436,1,-1,-1,-1
115,6,926,701,172,136,1,-1,-1,-1
115,7,929,709,88,144,1,-1,-1,-1
115,8,520,670,122,197,1,-1,-1,-1
115,9,1014,769,227,277,1,-1,-1,-1
115,10,1602,730,152,164,1,-1,-1,-1
115,11,1370,731,112,178,1,-1,-1,-1
115,12,1186,723,118,189,1,-1,-1,-1
115,13,546,800,228,264,1,-1,-1,-1
115,14,1203,703,209,287,1,-1,-1,-1
115,15,766,694,124,132,1,-1,-1,-1
115,16,1276,700,84,140,1,-1,-1,-1
115,17,160,818,291,428,1,-1,-1,-1
115,18,808,848,280,296,1,-1,-1,-1
116,0,814,847,156,308,1,-1,-1,-1
116,1,1073,814,115,243,1,-1,-1,-1
116,2,500,680,87,168,1,-1,-1,-1
116,3,1426,736,136,220,1,-1,-1,-1
116,4,1055,776,117,276,1,-1,-1,-1
116,5,156,829,196,436,1,-1,-1,-1
116,6,923,702,181,143,1,-1,-1,-1
116,7,929,709,88,144,1,-1,-1,-1
116,8,521,668,122,197,1,-1,-1,-1
116,9,1017,768,227,277,1,-1,-1,-1
116,10,1604,729,152,164,1,-1,-1,-1
116,11,1370,732,112,178,1,-1,-1,-1
116,12,1188,720,118,189,1,-1,-1,-1
116,13,545,801,228,264,1,-1,-1,-1
116,14,1205,700,209,287,1,-1,-1,-1
116,15,768,693,124,132,1,-1,-1,-1
116,16,1278,699,84,140,1,-1,-1,-1
116,17,154,819,291,428,1,-1,-1,-1
116,18,806,849,280,296,1,-1,-1,-1
117,0,815,844,156,308,1,-1,-1,-1
117,1,1075,812,115,243,1,-1,-1,-1
117,2,502,681,87,168,1,-1,-1,-1
117,3,1428,734,136,220,1,-1,-1,-1
117,4,1055,775,117,276,1,-1,-1,-1
117,5,150,828,196,436,1,-1,-1,-1
117,6,910,707,181,143,1,-1,-1,-1
117,7,928,708,88,144,1,-1,-1,-1
117,8,524,667,122,197,1,-1,-1,-1
117,9,1017,768,227,277,1,-1,-1,-1
117,10,1606,730,152,164,1,-1,-1,-1
117,11,1374,732,112,178,1,-1,-1,-1
117,12,1191,723,118,189,1,-1,-1,-1
117,13,544,803,228,264,1,-1,-1,-1
117,14,1208,698,209,287,1,-1,-1,-1
117,15,770,692,124,132,1,-1,-1,-1
117,16,1283,700,84,140,1,-1,-1,-1
117,17,145,810,306,449,1,-1,-1,-1
117,18,808,847,280,296,1,-1,-1,-1
118,0,815,842,156,308,1,-1,-1,-1
118,1,1076,809,115,243,1,-1,-1,-1
118,2,503,679,87,168,1,-1,-1,-1
118,3,1431,735,136,220,1,-1,-1,-1
118,4,1056,774,117,276,1,-1,-1,-1
118,5,144,817,206,458,1,-1,-1,-1
118,6,912,715,172,136,1,-1,-1,-1
118,7,928,708,88,144,1,-1,-1,-1
118,8,524,666,122,197,1,-1,-1,-1
118,9,1020,766,227,277,1,-1,-1,-1
118,10,1608,729,152,164,1,-1,-1,-1
118,11,1379,732,112,178,1,-1,-1,-1
118,12,1194,723,118,189,1,-1,-1,-1
118,13,543,804,228,264,1,-1,-1,-1
118,14,1211,698,209,287,1,-1,-1,-1
118,15,770,693,124,132,1,-1,-1,-1
118,16,1289,701,84,140,1,-1,-1,-1
118,17,140,811,306,449,1,-1,-1,-1
118,18,808,845,280,296,1,-1,-1,-1
119,0,815,840,156,308,1,-1,-1,-1
119,1,1076,809,115,243,1,-1,-1,-1
119,2,505,680,87,168,1,-1,-1,-1
119,3,1433,735,136,220,1,-1,-1,-1
119,4,1056,772,117,276,1,-1,-1,-1
119,5,140,821,206,458,1,-1,-1,-1
119,6,911,714,172,136,1,-1,-1,-1
119,7,927,707,88,144,1,-1,-1,-1
119,8,526,665,122,197,1,-1,-1,-1
119,9,1022,766,227,277,1,-1,-1,-1
119,10,1610,728,152,164,1,-1,-1,-1
119,11,1381,735,112,178,1,-1,-1,-1
119,12,1198,724,118,189,1,-1,-1,-1
119,13,541,804,228,264,1,-1,-1,-1
119,14,1215,700,209,287,1,-1,-1,-1
119,15,774,692,124,132,1,-1,-1,-1
119,16,1294,706,84,140,1,-1,-1,-1
119,17,135,807,306,449,1,-1,-1,-1
119,18,809,846,280,296,1,-1,-1,-1
120,0,815,840,156,308,1,-1,-1,-1
120,1,1077,807,115,243,1,-1,-1,-1
120,2,506,680,87,168,1,-1,-1,-1
120,3,1435,734,136,220,1,-1,-1,-1
120,4,1055,775,117,276,1,-1,-1,-1
120,5,138,826,206,458,1,-1,-1,-1
120,6,910,715,172,136,1,-1,-1,-1
120,7,926,705,88,144,1,-1,-1,-1
120,8,528,664,122,197,1,-1,-1,-1
120,9,1023,765,227,277,1,-1,-1,-1
120,10,1612,727,152,164,1,-1,-1,-1
120,11,1383,734,112,178,1,-1,-1,-1
120,12,1202,725,118,189,1,-1,-1,-1
120,13,542,806,228,264,1,-1,-1,-1
120,14,1220,700,209,287,1,-1,-1,-1
120,15,778,689,124,132,1,-1,-1,-1
120,16,1301,706,84,140,1,-1,-1,-1
120,17,133,807,306,449,1,-1,-1,-1
120,18,809,845,280,296,1,-1,-1,-1
121,0,815,840,156,308,1,-1,-1,-1
121,1,1077,807,115,243,1,-1,-1,-1
121,2,506,680,87,168,1,-1,-1,-1
121,3,1436,744,108,204,1,-1,-1,-1
121,4,1055,775,117,276,1,-1,-1,-1
121,5,120,824,204,456,1,-1,-1,-1
121,6,910,715,172,136,1,-1,-1,-1
121,7,924,712,100,136,1,-1,-1,-1
121,8,528,664,122,197,1,-1,-1,-1
121,9,1084,768,168,280,1,-1,-1,-1
121,10,1612,727,152,164,1,-1,-1,-1
121,11,1383,734,112,178,1,-1,-1,-1
121,12,1176,728,148,208,1,-1,-1,-1
121,13,532,800,228,288,1,-1,-1,-1
121,14,1220,700,209,287,1,-1,-1,-1
121,15,760,696,140,124,1,-1,-1,-1
121,16,1308,720,108,128,1,-1,-1,-1
121,17,133,807,306,449,1,-1,-1,-1
121,18,832,840,224,308,1,-1,-1,-1
121,19,1504,712,88,192,1,-1,-1,-1
122,0,816,842,156,308,1,-1,-1,-1
122,1,1076,800,120,255,1,-1,-1,-1
122,2,504,678,87,168,1,-1,-1,-1
122,3,1438,744,108,204,1,-1,-1,-1
122,4,1055,776,117,276,1,-1,-1,-1
122,5,121,825,204,456,1,-1,-1,-1
122,6,910,713,172,136,1,-1,-1,-1
122,7,925,710,100,136,1,-1,-1,-1
122,8,528,661,122,197,1,-1,-1,-1
122,9,1086,768,168,280,1,-1,-1,-1
122,10,1616,726,152,164,1,-1,-1,-1
122,11,1386,732,112,178,1,-1,-1,-1
122,12,1178,727,148,208,1,-1,-1,-1
122,13,532,799,228,288,1,-1,-1,-1
122,14,1225,700,209,287,1,-1,-1,-1
122,15,761,695,140,124,1,-1,-1,-1
122,16,1311,720,108,128,1,-1,-1,-1
122,17,132,806,306,449,1,-1,-1,-1
122,18,831,840,224,308,1,-1,-1,-1
122,19,1506,712,88,192,1,-1,-1,-1
123,0,815,845,156,308,1,-1,-1,-1
123,1,1075,800,120,255,1,-1,-1,-1
123,2,504,678,87,168,1,-1,-1,-1
123,3,1440,745,108,204,1,-1,-1,-1
123,4,1049,770,123,289,1,-1,-1,-1
123,5,118,825,204,456,1,-1,-1,-1
123,6,910,709,172,136,1,-1,-1,-1
123,7,926,708,100,136,1,-1,-1,-1
123,8,529,658,122,197,1,-1,-1,-1
123,9,1080,761,176,294,1,-1,-1,-1
123,10,1618,724,152,164,1,-1,-1,-1
123,11,1389,732,112,178,1,-1,-1,-1
123,12,1181,727,148,208,1,-1,-1,-1
123,13,533,798,228,288,1,-1,-1,-1
123,14,1231,701,209,287,1,-1,-1,-1
123,15,764,694,140,124,1,-1,-1,-1
123,16,1316,721,108,128,1,-1,-1,-1
123,17,130,805,306,449,1,-1,-1,-1
123,18,830,840,224,308,1,-1,-1,-1
123,19,1508,712,88,192,1,-1,-1,-1
124,0,809,844,156,308,1,-1,-1,-1
124,1,1071,792,126,267,1,-1,-1,-1
124,2,502,675,87,168,1,-1,-1,-1
124,3,1442,745,108,204,1,-1,-1,-1
124,4,1047,769,123,289,1,-1,-1,-1
124,5,115,824,204,456,1,-1,-1,-1
124,6,912,707,172,136,1,-1,-1,-1
124,7,929,706,100,136,1,-1,-1,-1
124,8,528,661,122,197,1,-1,-1,-1
124,9,1079,760,176,294,1,-1,-1,-1
124,10,1620,722,152,164,1,-1,-1,-1
124,11,1395,732,112,178,1,-1,-1,-1
124,12,1185,726,148,208,1,-1,-1,-1
124,13,533,796,228,288,1,-1,-1,-1
124,14,1235,700,209,287,1,-1,-1,-1
124,15,768,691,140,124,1,-1,-1,-1
124,16,1319,721,108,128,1,-1,-1,-1
124,17,129,805,306,449,1,-1,-1,-1
124,18,828,842,224,308,1,-1,-1,-1
124,19,1507,708,92,202,1,-1,-1,-1
125,0,805,844,156,308,1,-1,-1,-1
125,1,1067,792,126,267,1,-1,-1,-1
125,2,502,673,87,168,1,-1,-1,-1
125,3,1446,743,108,204,1,-1,-1,-1
125,4,1044,773,123,289,1,-1,-1,-1
125,5,113,823,204,456,1,-1,-1,-1
125,6,912,706,181,143,1,-1,-1,-1
125,7,932,705,100,136,1,-1,-1,-1
125,8,528,659,122,197,1,-1,-1,-1
125,9,1076,759,176,294,1,-1,-1,-1
125,10,1623,720,152,164,1,-1,-1,-1
125,11,1400,729,112,178,1,-1,-1,-1
125,12,1188,725,148,208,1,-1,-1,-1
125,13,532,794,228,288,1,-1,-1,-1
125,14,1238,700,209,287,1,-1,-1,-1
125,15,772,690,140,124,1,-1,-1,-1
125,16,1324,718,108,128,1,-1,-1,-1
125,17,126,801,306,449,1,-1,-1,-1
125,18,824,842,224,308,1,-1,-1,-1
125,19,1509,709,92,202,1,-1,-1,-1
126,0,800,843,156,308,1,-1,-1,-1
126,1,1065,790,126,267,1,-1,-1,-1
126,2,503,672,87,168,1,-1,-1,-1
126,3,1449,743,108,204,1,-1,-1,-1
126,4,1042,769,123,289,1,-1,-1,-1
126,5,109,820,204,456,1,-1,-1,-1
126,6,915,702,181,143,1,-1,-1,-1
126,7,935,705,100,136,1,-1,-1,-1
126,8,529,657,122,197,1,-1,-1,-1
126,9,1077,754,176,294,1,-1,-1,-1
126,10,1627,719,152,164,1,-1,-1,-1
126,11,1405,731,112,178,1,-1,-1,-1
126,12,1186,719,155,218,1,-1,-1,-1
126,13,529,793,228,288,1,-1,-1,-1
126,14,1243,700,209,287,1,-1,-1,-1
126,15,773,688,140,124,1,-1,-1,-1
126,16,1327,717,108,128,1,-1,-1,-1
126,17,122,797,306,449,1,-1,-1,-1
126,18,817,842,224,308,1,-1,-1,-1
126,19,1511,708,92,202,1,-1,-1,-1
127,0,797,841,156,308,1,-1,-1,-1
127,1,1064,791,126,267,1,-1,-1,-1
127,2,504,671,87,168,1,-1,-1,-1
127,3,1450,743,108,204,1,-1,-1,-1
127,4,1042,771,123,289,1,-1,-1,-1
127,5,107,820,204,456,1,-1,-1,-1
127,6,916,703,181,143,1,-1,-1,-1
127,7,935,705,100,136,1,-1,-1,-1
127,8,530,658,122,197,1,-1,-1,-1
127,9,1075,755,176,294,1,-1,-1,-1
127,10,1625,716,160,172,1,-1,-1,-1
127,11,1406,734,112,178,1,-1,-1,-1
127,12,1187,719,155,218,1,-1,-1,-1
127,13,528,793,228,288,1,-1,-1,-1
127,14,1244,700,209,287,1,-1,-1,-1
127,15,773,688,140,124,1,-1,-1,-1
127,16,1326,716,108,128,1,-1,-1,-1
127,17,115,787,321,472,1,-1,-1,-1
127,18,815,841,224,308,1,-1,-1,-1
127,19,1512,707,92,202,1,-1,-1,-1
128,0,792,842,156,308,1,-1,-1,-1
128,1,1063,789,126,267,1,-1,-1,-1
128,2,505,669,87,168,1,-1,-1,-1
128,3,1453,742,108,204,1,-1,-1,-1
128,4,1040,767,123,289,1,-1,-1,-1
128,5,104,816,204,456,1,-1,-1,-1
128,6,920,702,181,143,1,-1,-1,-1
128,7,938,704,100,136,1,-1,-1,-1
128,8,533,658,122,197,1,-1,-1,-1
128,9,1074,752,176,294,1,-1,-1,-1
128,10,1627,710,168,181,1,-1,-1,-1
128,11,1410,733,112,178,1,-1,-1,-1
128,12,1190,718,155,218,1,-1,-1,-1
128,13,526,791,228,288,1,-1,-1,-1
128,14,1240,692,220,301,1,-1,-1,-1
128,15,777,686,140,124,1,-1,-1,-1
128,16,1331,714,108,128,1,-1,-1,-1
128,17,114,788,321,472,1,-1,-1,-1
128,18,812,839,224,308,1,-1,-1,-1
128,19,1513,706,92,202,1,-1,-1,-1
129,0,792,842,156,308,1,-1,-1,-1
129,1,1063,789,126,267,1,-1,-1,-1
129,2,505,669,87,168,1,-1,-1,-1
129,3,1453,742,108,204,1,-1,-1,-1
129,4,1040,767,123,289,1,-1,-1,-1
129,5,76,820,232,436,1,-1,-1,-1
129,6,920,702,181,143,1,-1,-1,-1
129,7,938,704,100,136,1,-1,-1,-1
129,8,533,658,122,197,1,-1,-1,-1
129,9,1074,752,176,294,1,-1,-1,-1
129,10,1668,732,148,196,1,-1,-1,-1
129,11,1410,733,112,178,1,-1,-1,-1
129,12,1190,718,155,218,1,-1,-1,-1
129,13,526,791,228,288,1,-1,-1,-1
129,14,1240,692,220,301,1,-1,-1,-1
129,15,777,686,140,124,1,-1,-1,-1
129,16,1331,714,108,128,1,-1,-1,-1
129,17,114,788,321,472,1,-1,-1,-1
129,18,812,839,224,308,1,-1,-1,-1
129,19,1513,706,92,202,1,-1,-1,-1
130,0,788,842,156,308,1,-1,-1,-1
130,1,1063,791,126,267,1,-1,-1,-1
130,2,508,671,87,168,1,-1,-1,-1
130,3,1462,734,113,214,1,-1,-1,-1
130,4,1038,769,123,289,1,-1,-1,-1
130,5,73,819,232,436,1,-1,-1,-1
130,6,931,697,181,143,1,-1,-1,-1
130,7,948,701,100,136,1,-1,-1,-1
130,8,536,654,122,197,1,-1,-1,-1
130,9,1076,753,176,294,1,-1,-1,-1
130,10,1670,731,148,196,1,-1,-1,-1
130,11,1414,727,118,187,1,-1,-1,-1
130,12,1193,716,163,229,1,-1,-1,-1
130,13,520,789,228,288,1,-1,-1,-1
130,14,1248,692,220,301,1,-1,-1,-1
130,15,786,684,140,124,1,-1,-1,-1
130,16,1340,710,108,128,1,-1,-1,-1
130,17,110,782,321,472,1,-1,-1,-1
130,18,808,836,224,308,1,-1,-1,-1
130,19,1522,701,92,202,1,-1,-1,-1
131,0,784,834,164,323,1,-1,-1,-1
131,1,1065,791,126,267,1,-1,-1,-1
131,2,511,668,87,168,1,-1,-1,-1
131,3,1464,731,113,214,1,-1,-1,-1
131,4,1040,770,123,289,1,-1,-1,-1
131,5,72,818,232,436,1,-1,-1,-1
131,6,935,699,181,143,1,-1,-1,-1
131,7,954,702,100,136,1,-1,-1,-1
131,8,538,655,122,197,1,-1,-1,-1
131,9,1076,753,176,294,1,-1,-1,-1
131,10,1674,732,148,196,1,-1,-1,-1
131,11,1419,726,118,187,1,-1,-1,-1
131,12,1196,716,163,229,1,-1,-1,-1
131,13,515,787,228,288,1,-1,-1,-1
131,14,1253,690,220,301,1,-1,-1,-1
131,15,789,683,140,124,1,-1,-1,-1
131,16,1344,709,108,128,1,-1,-1,-1
131,17,108,779,321,472,1,-1,-1,-1
131,18,807,834,224,308,1,-1,-1,-1
131,19,1524,698,92,202,1,-1,-1,-1
132,0,787,836,164,323,1,-1,-1,-1
132,1,1067,791,126,267,1,-1,-1,-1
132,2,518,668,87,168,1,-1,-1,-1
132,3,1467,730,113,214,1,-1,-1,-1
132,4,1042,768,123,289,1,-1,-1,-1
132,5,72,814,232,436,1,-1,-1,-1
132,6,942,697,181,143,1,-1,-1,-1
132,7,959,703,100,136,1,-1,-1,-1
132,8,543,655,122,197,1,-1,-1,-1
132,9,1076,753,176,294,1,-1,-1,-1
132,10,1679,733,148,196,1,-1,-1,-1
132,11,1423,728,118,187,1,-1,-1,-1
132,12,1200,715,163,229,1,-1,-1,-1
132,13,511,786,228,288,1,-1,-1,-1
132,14,1256,690,220,301,1,-1,-1,-1
132,15,793,683,140,124,1,-1,-1,-1
132,16,1347,709,108,128,1,-1,-1,-1
132,17,106,774,321,472,1,-1,-1,-1
132,18,809,836,224,308,1,-1,-1,-1
132,19,1530,698,92,202,1,-1,-1,-1
133,0,786,837,164,323,1,-1,-1,-1
133,1,1068,790,126,267,1,-1,-1,-1
133,2,520,669,83,160,1,-1,-1,-1
133,3,1468,730,113,214,1,-1,-1,-1
133,4,1043,768,123,289,1,-1,-1,-1
133,5,70,814,232,436,1,-1,-1,-1
133,6,944,696,181,143,1,-1,-1,-1
133,7,960,702,100,136,1,-1,-1,-1
133,8,545,655,122,197,1,-1,-1,-1
133,9,1076,753,176,294,1,-1,-1,-1
133,10,1679,732,148,196,1,-1,-1,-1
133,11,1423,728,118,187,1,-1,-1,-1
133,12,1200,714,163,229,1,-1,-1,-1
133,13,512,783,228,288,1,-1,-1,-1
133,14,1256,690,220,301,1,-1,-1,-1
133,15,794,682,140,124,1,-1,-1,-1
133,16,1348,709,108,128,1,-1,-1,-1
133,17,104,775,321,472,1,-1,-1,-1
133,18,809,835,224,308,1,-1,-1,-1
133,19,1531,698,92,202,1,-1,-1,-1
134,0,785,840,164,323,1,-1,-1,-1
134,1,1070,793,126,267,1,-1,-1,-1
134,2,522,669,83,160,1,-1,-1,-1
134,3,1471,729,113,214,1,-1,-1,-1
134,4,1046,771,123,289,1,-1,-1,-1
134,5,70,813,232,436,1,-1,-1,-1
134,6,951,694,181,143,1,-1,-1,-1
134,7,965,700,100,136,1,-1,-1,-1
134,8,546,653,122,197,1,-1,-1,-1
134,9,1079,752,176,294,1,-1,-1,-1
134,10,1682,733,148,196,1,-1,-1,-1
134,11,1425,727,118,187,1,-1,-1,-1
134,12,1201,717,163,229,1,-1,-1,-1
134,13,510,782,228,288,1,-1,-1,-1
134,14,1257,690,220,301,1,-1,-1,-1
134,15,798,682,140,124,1,-1,-1,-1
134,16,1350,709,108,128,1,-1,-1,-1
134,17,105,775,321,472,1,-1,-1,-1
134,18,809,836,224,308,1,-1,-1,-1
134,19,1537,696,92,202,1,-1,-1,-1
135,0,786,841,164,323,1,-1,-1,-1
135,1,1072,793,126,267,1,-1,-1,-1
135,2,522,668,83,160,1,-1,-1,-1
135,3,1473,732,113,214,1,-1,-1,-1
135,4,1051,773,123,289,1,-1,-1,-1
135,5,70,814,232,436,1,-1,-1,-1
135,6,959,693,172,136,1,-1,-1,-1
135,7,971,697,100,136,1,-1,-1,-1
135,8,546,653,122,197,1,-1,-1,-1
135,9,1083,754,176,294,1,-1,-1,-1
135,10,1685,735,148,196,1,-1,-1,-1
135,11,1425,728,118,187,1,-1,-1,-1
135,12,1200,717,163,229,1,-1,-1,-1
135,13,512,782,228,288,1,-1,-1,-1
135,14,1257,691,220,301,1,-1,-1,-1
135,15,802,680,140,124,1,-1,-1,-1
135,16,1350,704,113,134,1,-1,-1,-1
135,17,105,773,321,472,1,-1,-1,-1
135,18,811,837,224,308,1,-1,-1,-1
135,19,1539,692,97,212,1,-1,-1,-1
136,0,788,843,164,323,1,-1,-1,-1
136,1,1075,795,126,267,1,-1,-1,-1
136,2,523,669,83,160,1,-1,-1,-1
136,3,1475,732,113,214,1,-1,-1,-1
136,4,1055,773,123,289,1,-1,-1,-1
136,5,69,816,232,436,1,-1,-1,-1
136,6,965,692,172,136,1,-1,-1,-1
136,7,975,695,100,136,1,-1,-1,-1
136,8,546,653,122,197,1,-1,-1,-1
136,9,1086,757,176,294,1,-1,-1,-1
136,10,1688,736,148,196,1,-1,-1,-1
136,11,1425,727,118,187,1,-1,-1,-1
136,12,1198,717,163,229,1,-1,-1,-1
136,13,507,778,239,302,1,-1,-1,-1
136,14,1260,690,220,301,1,-1,-1,-1
136,15,804,680,140,124,1,-1,-1,-1
136,16,1350,701,113,134,1,-1,-1,-1
136,17,104,774,321,472,1,-1,-1,-1
136,18,813,840,224,308,1,-1,-1,-1
136,19,1545,692,97,212,1,-1,-1,-1
137,0,796,840,160,340,1,-1,-1,-1
137,1,1075,795,126,267,1,-1,-1,-1
137,2,523,669,83,160,1,-1,-1,-1
137,3,1472,732,112,220,1,-1,-1,-1
137,4,1055,773,123,289,1,-1,-1,-1
137,5,88,828,204,424,1,-1,-1,-1
137,6,965,692,172,136,1,-1,-1,-1
137,7,975,695,100,136,1,-1,-1,-1
137,8,546,653,122,197,1,-1,-1,-1
137,9,1086,757,176,294,1,-1,-1,-1
137,10,1688,736,148,196,1,-1,-1,-1
137,11,1425,727,118,187,1,-1,-1,-1
137,12,1198,717,163,229,1,-1,-1,-1
137,13,507,778,239,302,1,-1,-1,-1
137,14,1260,690,220,301,1,-1,-1,-1
137,15,836,676,108,112,1,-1,-1,-1
137,16,1340,700,120,140,1,-1,-1,-1
137,17,104,774,321,472,1,-1,-1,-1
137,18,813,840,224,308,1,-1,-1,-1
137,19,1545,692,97,212,1,-1,-1,-1
137,20,1296,728,88,200,1,-1,-1,-1
138,0,796,839,160,340,1,-1,-1,-1
138,1,1079,794,126,267,1,-1,-1,-1
138,2,526,667,83,160,1,-1,-1,-1
138,3,1472,731,112,220,1,-1,-1,-1
138,4,1061,770,123,289,1,-1,-1,-1
138,5,88,829,204,424,1,-1,-1,-1
138,6,971,689,172,136,1,-1,-1,-1
138,7,983,692,100,136,1,-1,-1,-1
138,8,551,646,128,207,1,-1,-1,-1
138,9,1090,755,176,294,1,-1,-1,-1
138,10,1693,735,148,196,1,-1,-1,-1
138,11,1417,716,118,187,1,-1,-1,-1
138,12,1198,714,163,229,1,-1,-1,-1
138,13,503,782,239,302,1,-1,-1,-1
138,14,1263,688,220,301,1,-1,-1,-1
138,15,838,675,108,112,1,-1,-1,-1
138,16,1341,697,120,140,1,-1,-1,-1
138,17,93,759,337,495,1,-1,-1,-1
138,18,813,840,224,308,1,-1,-1,-1
138,19,1556,694,92,202,1,-1,-1,-1
138,20,1296,726,88,200,1,-1,-1,-1
139,0,796,838,160,340,1,-1,-1,-1
139,1,1081,793,126,267,1,-1,-1,-1
139,2,527,666,83,160,1,-1,-1,-1
139,3,1473,731,112,220,1,-1,-1,-1
139,4,1063,770,123,289,1,-1,-1,-1
139,5,87,830,204,424,1,-1,-1,-1
139,6,973,687,172,136,1,-1,-1,-1
139,7,984,691,100,136,1,-1,-1,-1
139,8,553,647,128,207,1,-1,-1,-1
139,9,1092,753,176,294,1,-1,-1,-1
139,10,1695,735,148,196,1,-1,-1,-1
139,11,1417,712,118,187,1,-1,-1,-1
139,12,1198,713,163,229,1,-1,-1,-1
139,13,502,783,239,302,1,-1,-1,-1
139,14,1264,689,220,301,1,-1,-1,-1
139,15,839,675,108,112,1,-1,-1,-1
139,16,1342,697,120,140,1,-1,-1,-1
139,17,92,756,337,495,1,-1,-1,-1
139,18,813,841,224,308,1,-1,-1,-1
139,19,1556,690,97,212,1,-1,-1,-1
139,20,1297,726,88,200,1,-1,-1,-1
140,0,796,837,160,340,1,-1,-1,-1
140,1,1084,791,126,267,1,-1,-1,-1
140,2,529,664,83,160,1,-1,-1,-1
140,3,1474,731,112,220,1,-1,-1,-1
140,4,1064,762,129,304,1,-1,-1,-1
140,5,86,831,204,424,1,-1,-1,-1
140,6,974,688,172,136,1,-1,-1,-1
140,7,986,690,100,136,1,-1,-1,-1
140,8,556,646,128,207,1,-1,-1,-1
140,9,1094,752,176,294,1,-1,-1,-1
140,10,1699,733,148,196,1,-1,-1,-1
140,11,1418,711,118,187,1,-1,-1,-1
140,12,1199,712,163,229,1,-1,-1,-1
140,13,501,784,239,302,1,-1,-1,-1
140,14,1264,686,220,301,1,-1,-1,-1
140,15,842,674,108,112,1,-1,-1,-1
140,16,1344,695,120,140,1,-1,-1,-1
140,17,93,755,337,495,1,-1,-1,-1
140,18,813,838,224,308,1,-1,-1,-1
140,19,1562,690,97,212,1,-1,-1,-1
140,20,1298,724,88,200,1,-1,-1,-1
141,0,796,837,160,340,1,-1,-1,-1
141,1,1086,790,126,267,1,-1,-1,-1
141,2,531,661,83,160,1,-1,-1,-1
141,3,1476,732,112,220,1,-1,-1,-1
141,4,1067,761,129,304,1,-1,-1,-1
141,5,85,829,204,424,1,-1,-1,-1
141,6,978,689,172,136,1,-1,-1,-1
141,7,989,691,100,136,1,-1,-1,-1
141,8,559,643,128,207,1,-1,-1,-1
141,9,1096,752,176,294,1,-1,-1,-1
141,10,1710,730,148,196,1,-1,-1,-1
141,11,1421,711,118,187,1,-1,-1,-1
141,12,1204,713,163,229,1,-1,-1,-1
141,13,502,783,239,302,1,-1,-1,-1
141,14,1266,685,220,301,1,-1,-1,-1
141,15,847,674,108,112,1,-1,-1,-1
141,16,1346,693,120,140,1,-1,-1,-1
141,17,92,754,337,495,1,-1,-1,-1
141,18,813,839,224,308,1,-1,-1,-1
141,19,1569,692,97,212,1,-1,-1,-1
141,20,1301,722,88,200,1,-1,-1,-1
142,0,797,836,160,340,1,-1,-1,-1
142,1,1089,789,126,267,1,-1,-1,-1
142,2,535,663,83,160,1,-1,-1,-1
142,3,1478,726,118,231,1,-1,-1,-1
142,4,1070,758,129,304,1,-1,-1,-1
142,5,84,828,204,424,1,-1,-1,-1
142,6,983,688,172,136,1,-1,-1,-1
142,7,993,690,100,136,1,-1,-1,-1
142,8,564,641,128,207,1,-1,-1,-1
142,9,1099,751,176,294,1,-1,-1,-1
142,10,1710,729,148,196,1,-1,-1,-1
142,11,1424,712,118,187,1,-1,-1,-1
142,12,1207,712,163,229,1,-1,-1,-1
142,13,504,784,239,302,1,-1,-1,-1
142,14,1271,683,220,301,1,-1,-1,-1
142,15,853,673,108,112,1,-1,-1,-1
142,16,1349,692,120,140,1,-1,-1,-1
142,17,92,756,337,495,1,-1,-1,-1
142,18,813,838,224,308,1,-1,-1,-1
142,19,1577,691,97,212,1,-1,-1,-1
142,20,1305,721,88,200,1,-1,-1,-1
143,0,801,842,152,324,1,-1,-1,-1
143,1,1093,788,126,267,1,-1,-1,-1
143,2,538,660,83,160,1,-1,-1,-1
143,3,1482,727,118,231,1,-1,-1,-1
143,4,1072,756,129,304,1,-1,-1,-1
143,5,86,827,204,424,1,-1,-1,-1
143,6,985,689,172,136,1,-1,-1,-1
143,7,996,692,100,136,1,-1,-1,-1
143,8,568,638,128,207,1,-1,-1,-1
143,9,1102,750,176,294,1,-1,-1,-1
143,10,1718,729,148,196,1,-1,-1,-1
143,11,1427,709,124,196,1,-1,-1,-1
143,12,1208,708,171,241,1,-1,-1,-1
143,13,507,782,239,302,1,-1,-1,-1
143,14,1275,682,220,301,1,-1,-1,-1
143,15,858,670,108,112,1,-1,-1,-1
143,16,1353,692,120,140,1,-1,-1,-1
143,17,91,755,337,495,1,-1,-1,-1
143,18,808,830,235,323,1,-1,-1,-1
143,19,1590,692,97,212,1,-1,-1,-1
143,20,1309,722,88,200,1,-1,-1,-1
144,0,793,835,160,340,1,-1,-1,-1
144,1,1095,787,126,267,1,-1,-1,-1
144,2,543,658,83,160,1,-1,-1,-1
144,3,1486,725,118,231,1,-1,-1,-1
144,4,1077,762,123,289,1,-1,-1,-1
144,5,86,825,204,424,1,-1,-1,-1
144,6,986,690,172,136,1,-1,-1,-1
144,7,999,690,100,136,1,-1,-1,-1
144,8,572,638,128,207,1,-1,-1,-1
144,9,1104,750,176,294,1,-1,-1,-1
144,10,1719,730,148,196,1,-1,-1,-1
144,11,1431,708,124,196,1,-1,-1,-1
144,12,1212,708,171,241,1,-1,-1,-1
144,13,510,779,239,302,1,-1,-1,-1
144,14,1279,682,220,301,1,-1,-1,-1
144,15,863,669,108,112,1,-1,-1,-1
144,16,1358,692,120,140,1,-1,-1,-1
144,17,93,751,337,495,1,-1,-1,-1
144,18,807,831,235,323,1,-1,-1,-1
144,19,1594,690,97,212,1,-1,-1,-1
144,20,1315,722,88,200,1,-1,-1,-1
145,0,812,840,152,332,1,-1,-1,-1
145,1,1095,787,126,267,1,-1,-1,-1
145,2,543,658,83,160,1,-1,-1,-1
145,3,1488,732,116,220,1,-1,-1,-1
145,4,1077,762,123,289,1,-1,-1,-1
145,5,80,820,212,424,1,-1,-1,-1
145,6,986,690,172,136,1,-1,-1,-1
145,7,999,690,100,136,1,-1,-1,-1
145,8,572,638,128,207,1,-1,-1,-1
145,9,1112,772,144,288,1,-1,-1,-1
145,10,1719,730,148,196,1,-1,-1,-1
145,11,1431,708,124,196,1,-1,-1,-1
145,12,1212,708,171,241,1,-1,-1,-1
145,13,528,796,164,280,1,-1,-1,-1
145,14,1279,682,220,301,1,-1,-1,-1
145,15,863,669,108,112,1,-1,-1,-1
145,16,1358,692,120,140,1,-1,-1,-1
145,17,93,751,337,495,1,-1,-1,-1
145,18,807,831,235,323,1,-1,-1,-1
145,19,1568,692,104,200,1,-1,-1,-1
145,20,1315,722,88,200,1,-1,-1,-1
146,0,810,840,152,332,1,-1,-1,-1
146,1,1097,787,126,267,1,-1,-1,-1
146,2,547,655,83,160,1,-1,-1,-1
146,3,1490,732,116,220,1,-1,-1,-1
146,4,1078,761,123,289,1,-1,-1,-1
146,5,81,819,212,424,1,-1,-1,-1
146,6,988,689,172,136,1,-1,-1,-1
146,7,1001,687,100,136,1,-1,-1,-1
146,8,575,635,128,207,1,-1,-1,-1
146,9,1113,772,144,288,1,-1,-1,-1
146,10,1722,729,148,196,1,-1,-1,-1
146,11,1430,701,130,206,1,-1,-1,-1
146,12,1219,707,171,241,1,-1,-1,-1
146,13,529,795,164,280,1,-1,-1,-1
146,14,1285,683,220,301,1,-1,-1,-1
146,15,869,667,108,112,1,-1,-1,-1
146,16,1363,692,120,140,1,-1,-1,-1
146,17,94,755,337,495,1,-1,-1,-1
146,18,800,825,247,340,1,-1,-1,-1
146,19,1572,692,104,200,1,-1,-1,-1
146,20,1320,723,88,200,1,-1,-1,-1
147,0,807,840,152,332,1,-1,-1,-1
147,1,1097,787,126,267,1,-1,-1,-1
147,2,552,655,83,160,1,-1,-1,-1
147,3,1493,732,116,220,1,-1,-1,-1
147,4,1077,764,123,289,1,-1,-1,-1
147,5,81,817,212,424,1,-1,-1,-1
147,6,987,688,172,136,1,-1,-1,-1
147,7,1001,686,100,136,1,-1,-1,-1
147,8,579,633,128,207,1,-1,-1,-1
147,9,1116,771,144,288,1,-1,-1,-1
147,10,1727,728,148,196,1,-1,-1,-1
147,11,1433,699,130,206,1,-1,-1,-1
147,12,1223,708,171,241,1,-1,-1,-1
147,13,530,794,164,280,1,-1,-1,-1
147,14,1290,684,220,301,1,-1,-1,-1
147,15,873,666,108,112,1,-1,-1,-1
147,16,1368,691,120,140,1,-1,-1,-1
147,17,94,757,337,495,1,-1,-1,-1
147,18,793,827,247,340,1,-1,-1,-1
147,19,1578,693,104,200,1,-1,-1,-1
147,20,1324,724,88,200,1,-1,-1,-1
148,0,803,838,152,332,1,-1,-1,-1
148,1,1097,786,126,267,1,-1,-1,-1
148,2,556,655,83,160,1,-1,-1,-1
148,3,1498,732,116,220,1,-1,-1,-1
148,4,1076,763,123,289,1,-1,-1,-1
148,5,82,818,212,424,1,-1,-1,-1
148,6,987,686,172,136,1,-1,-1,-1
148,7,1000,681,105,143,1,-1,-1,-1
148,8,581,633,128,207,1,-1,-1,-1
148,9,1117,771,144,288,1,-1,-1,-1
148,10,1733,726,148,196,1,-1,-1,-1
148,11,1437,698,130,206,1,-1,-1,-1
148,12,1230,707,171,241,1,-1,-1,-1
148,13,529,793,164,280,1,-1,-1,-1
148,14,1298,686,220,301,1,-1,-1,-1
148,15,876,665,108,112,1,-1,-1,-1
148,16,1374,690,120,140,1,-1,-1,-1
148,17,95,760,337,495,1,-1,-1,-1
148,18,789,826,247,340,1,-1,-1,-1
148,19,1583,694,104,200,1,-1,-1,-1
148,20,1327,720,92,210,1,-1,-1,-1
149,0,802,836,152,332,1,-1,-1,-1
149,1,1096,785,126,267,1,-1,-1,-1
149,2,557,655,83,160,1,-1,-1,-1
149,3,1504,732,116,220,1,-1,-1,-1
149,4,1072,756,129,304,1,-1,-1,-1
149,5,82,815,212,424,1,-1,-1,-1
149,6,990,685,172,136,1,-1,-1,-1
149,7,1003,678,105,143,1,-1,-1,-1
149,8,584,632,128,207,1,-1,-1,-1
149,9,1118,772,144,288,1,-1,-1,-1
149,10,1740,722,148,196,1,-1,-1,-1
149,11,1443,697,130,206,1,-1,-1,-1
149,12,1236,706,171,241,1,-1,-1,-1
149,13,528,792,164,280,1,-1,-1,-1
149,14,1303,687,220,301,1,-1,-1,-1
149,15,880,663,108,112,1,-1,-1,-1
149,16,1376,689,126,147,1,-1,-1,-1
149,17,94,762,337,495,1,-1,-1,-1
149,18,784,821,247,340,1,-1,-1,-1
149,19,1589,695,104,200,1,-1,-1,-1
149,20,1334,721,92,210,1,-1,-1,-1
150,0,800,834,152,332,1,-1,-1,-1
150,1,1094,783,126,267,1,-1,-1,-1
150,2,557,654,83,160,1,-1,-1,-1
150,3,1509,731,116,220,1,-1,-1,-1
150,4,1069,754,129,304,1,-1,-1,-1
150,5,75,802,223,445,1,-1,-1,-1
150,6,993,681,172,136,1,-1,-1,-1
150,7,1007,676,105,143,1,-1,-1,-1
150,8,588,630,128,207,1,-1,-1,-1
150,9,1115,770,144,288,1,-1,-1,-1
150,10,1746,719,148,196,1,-1,-1,-1
150,11,1447,698,130,206,1,-1,-1,-1
150,12,1243,708,171,241,1,-1,-1,-1
150,13,524,789,164,280,1,-1,-1,-1
150,14,1310,687,220,301,1,-1,-1,-1
150,15,884,661,108,112,1,-1,-1,-1
150,16,1381,689,126,147,1,-1,-1,-1
150,17,90,760,337,495,1,-1,-1,-1
150,18,782,819,247,340,1,-1,-1,-1
150,19,1592,695,104,200,1,-1,-1,-1
150,20,1339,722,92,210,1,-1,-1,-1
151,0,800,834,152,332,1,-1,-1,-1
151,1,1093,782,126,267,1,-1,-1,-1
151,2,556,654,83,160,1,-1,-1,-1
151,3,1510,731,116,220,1,-1,-1,-1
151,4,1067,754,129,304,1,-1,-1,-1
151,5,74,801,223,445,1,-1,-1,-1
151,6,993,681,172,136,1,-1,-1,-1
151,7,1008,677,105,143,1,-1,-1,-1
151,8,590,631,128,207,1,-1,-1,-1
151,9,1111,761,151,302,1,-1,-1,-1
151,10,1748,717,148,196,1,-1,-1,-1
151,11,1448,700,130,206,1,-1,-1,-1
151,12,1246,707,171,241,1,-1,-1,-1
151,13,523,789,164,280,1,-1,-1,-1
151,14,1312,687,220,301,1,-1,-1,-1
151,15,884,661,108,112,1,-1,-1,-1
151,16,1380,689,126,147,1,-1,-1,-1
151,17,89,760,337,495,1,-1,-1,-1
151,18,781,821,247,340,1,-1,-1,-1
151,19,1592,695,104,200,1,-1,-1,-1
151,20,1340,723,92,210,1,-1,-1,-1
152,0,800,835,152,332,1,-1,-1,-1
152,1,1091,782,126,267,1,-1,-1,-1
152,2,557,652,83,160,1,-1,-1,-1
152,3,1514,730,116,220,1,-1,-1,-1
152,4,1066,750,129,304,1,-1,-1,-1
152,5,73,800,223,445,1,-1,-1,-1
152,6,998,677,172,136,1,-1,-1,-1
152,7,1012,675,105,143,1,-1,-1,-1
152,8,592,629,128,207,1,-1,-1,-1
152,9,1109,758,151,302,1,-1,-1,-1
152,10,1753,716,148,196,1,-1,-1,-1
152,11,1453,699,130,206,1,-1,-1,-1
152,12,1250,704,171,241,1,-1,-1,-1
152,13,521,785,164,280,1,-1,-1,-1
152,14,1316,687,220,301,1,-1,-1,-1
152,15,888,658,108,112,1,-1,-1,-1
152,16,1384,691,126,147,1,-1,-1,-1
152,17,79,749,354,520,1,-1,-1,-1
152,18,782,821,247,340,1,-1,-1,-1
152,19,1596,695,104,200,1,-1,-1,-1
152,20,1344,723,92,210,1,-1,-1,-1
153,0,796,828,160,332,1,-1,-1,-1
153,1,1091,782,126,267,1,-1,-1,-1
153,2,557,652,83,160,1,-1,-1,-1
153,3,1514,730,116,220,1,-1,-1,-1
153,4,1066,750,129,304,1,-1,-1,-1
153,5,73,800,223,445,1,-1,-1,-1
153,6,998,677,172,136,1,-1,-1,-1
153,7,1012,675,105,143,1,-1,-1,-1
153,8,592,629,128,207,1,-1,-1,-1
153,9,1092,768,160,284,1,-1,-1,-1
153,10,1753,716,148,196,1,-1,-1,-1
153,11,1453,699,130,206,1,-1,-1,-1
153,12,1250,704,171,241,1,-1,-1,-1
153,13,508,784,208,284,1,-1,-1,-1
153,14,1316,687,220,301,1,-1,-1,-1
153,15,888,658,108,112,1,-1,-1,-1
153,16,1384,691,126,147,1,-1,-1,-1
153,17,79,749,354,520,1,-1,-1,-1
153,18,782,821,247,340,1,-1,-1,-1
153,19,1596,695,104,200,1,-1,-1,-1
153,20,1344,723,92,210,1,-1,-1,-1
154,0,796,829,160,332,1,-1,-1,-1
154,1,1089,782,126,267,1,-1,-1,-1
154,2,561,639,83,160,1,-1,-1,-1
154,3,1523,725,116,220,1,-1,-1,-1
154,4,1063,749,129,304,1,-1,-1,-1
154,5,68,797,223,445,1,-1,-1,-1
154,6,1012,674,172,136,1,-1,-1,-1
154,7,1019,667,110,150,1,-1,-1,-1
154,8,597,626,128,207,1,-1,-1,-1
154,9,1092,768,160,284,1,-1,-1,-1
154,10,1762,714,148,196,1,-1,-1,-1
154,11,1465,701,130,206,1,-1,-1,-1
154,12,1265,698,171,241,1,-1,-1,-1
154,13,507,782,208,284,1,-1,-1,-1
154,14,1327,682,220,301,1,-1,-1,-1
154,15,897,653,108,112,1,-1,-1,-1
154,16,1392,692,126,147,1,-1,-1,-1
154,17,78,746,354,520,1,-1,-1,-1
154,18,786,823,247,340,1,-1,-1,-1
154,19,1609,691,104,200,1,-1,-1,-1
154,20,1357,719,92,210,1,-1,-1,-1
155,0,797,831,160,332,1,-1,-1,-1
155,1,1088,781,126,267,1,-1,-1,-1
155,2,564,639,83,160,1,-1,-1,-1
155,3,1525,722,116,220,1,-1,-1,-1
155,4,1061,748,129,304,1,-1,-1,-1
155,5,63,793,223,445,1,-1,-1,-1
155,6,1016,673,172,136,1,-1,-1,-1
155,7,1021,665,110,150,1,-1,-1,-1
155,8,603,623,128,207,1,-1,-1,-1
155,9,1094,768,160,284,1,-1,-1,-1
155,10,1766,714,148,196,1,-1,-1,-1
155,11,1467,697,130,206,1,-1,-1,-1
155,12,1268,696,171,241,1,-1,-1,-1
155,13,506,783,208,284,1,-1,-1,-1
155,14,1334,679,220,301,1,-1,-1,-1
155,15,901,652,108,112,1,-1,-1,-1
155,16,1400,690,120,140,1,-1,-1,-1
155,17,77,740,354,520,1,-1,-1,-1
155,18,788,827,247,340,1,-1,-1,-1
155,19,1608,687,109,210,1,-1,-1,-1
155,20,1361,715,92,210,1,-1,-1,-1
156,0,798,832,160,332,1,-1,-1,-1
156,1,1089,779,126,267,1,-1,-1,-1
156,2,566,640,83,160,1,-1,-1,-1
156,3,1528,722,116,220,1,-1,-1,-1
156,4,1060,746,129,304,1,-1,-1,-1
156,5,60,789,223,445,1,-1,-1,-1
156,6,1021,672,172,136,1,-1,-1,-1
156,7,1026,663,110,150,1,-1,-1,-1
156,8,607,625,128,207,1,-1,-1,-1
156,9,1095,769,160,284,1,-1,-1,-1
156,10,1771,714,148,196,1,-1,-1,-1
156,11,1470,694,130,206,1,-1,-1,-1
156,12,1274,695,171,241,1,-1,-1,-1
156,13,506,785,208,284,1,-1,-1,-1
156,14,1340,680,220,301,1,-1,-1,-1
156,15,905,650,108,112,1,-1,-1,-1
156,16,1407,691,120,140,1,-1,-1,-1
156,17,78,743,354,520,1,-1,-1,-1
156,18,790,829,247,340,1,-1,-1,-1
156,19,1610,688,109,210,1,-1,-1,-1
156,20,1366,712,92,210,1,-1,-1,-1
157,0,799,834,160,332,1,-1,-1,-1
157,1,1089,780,126,267,1,-1,-1,-1
157,2,567,640,83,160,1,-1,-1,-1
157,3,1529,721,116,220,1,-1,-1,-1
157,4,1061,746,129,304,1,-1,-1,-1
157,5,58,787,223,445,1,-1,-1,-1
157,6,1022,670,172,136,1,-1,-1,-1
157,7,1026,662,110,150,1,-1,-1,-1
157,8,609,624,128,207,1,-1,-1,-1
157,9,1095,769,160,284,1,-1,-1,-1
157,10,1773,714,148,196,1,-1,-1,-1
157,11,1468,687,137,216,1,-1,-1,-1
157,12,1276,693,171,241,1,-1,-1,-1
157,13,506,786,208,284,1,-1,-1,-1
157,14,1343,678,220,301,1,-1,-1,-1
157,15,906,650,108,112,1,-1,-1,-1
157,16,1407,689,120,140,1,-1,-1,-1
157,17,73,745,354,520,1,-1,-1,-1
157,18,790,830,247,340,1,-1,-1,-1
157,19,1610,687,109,210,1,-1,-1,-1
157,20,1368,712,92,210,1,-1,-1,-1
158,0,801,834,160,332,1,-1,-1,-1
158,1,1089,780,126,267,1,-1,-1,-1
158,2,569,640,83,160,1,-1,-1,-1
158,3,1531,722,116,220,1,-1,-1,-1
158,4,1061,745,129,304,1,-1,-1,-1
158,5,57,787,223,445,1,-1,-1,-1
158,6,1025,669,172,136,1,-1,-1,-1
158,7,1034,666,105,143,1,-1,-1,-1
158,8,612,623,128,207,1,-1,-1,-1
158,9,1095,768,160,284,1,-1,-1,-1
158,10,1776,714,148,196,1,-1,-1,-1
158,11,1468,690,137,216,1,-1,-1,-1
158,12,1275,688,180,253,1,-1,-1,-1
158,13,505,786,208,284,1,-1,-1,-1
158,14,1348,682,220,301,1,-1,-1,-1
158,15,910,650,108,112,1,-1,-1,-1
158,16,1413,693,120,140,1,-1,-1,-1
158,17,72,746,354,520,1,-1,-1,-1
158,18,792,831,247,340,1,-1,-1,-1
158,19,1614,687,109,210,1,-1,-1,-1
158,20,1373,713,92,210,1,-1,-1,-1
159,0,803,832,160,332,1,-1,-1,-1
159,1,1088,781,126,267,1,-1,-1,-1
159,2,572,640,83,160,1,-1,-1,-1
159,3,1532,722,116,220,1,-1,-1,-1
159,4,1063,747,129,304,1,-1,-1,-1
159,5,56,791,223,445,1,-1,-1,-1
159,6,1031,668,172,136,1,-1,-1,-1
159,7,1045,657,105,143,1,-1,-1,-1
159,8,614,621,128,207,1,-1,-1,-1
159,9,1096,769,160,284,1,-1,-1,-1
159,10,1781,714,148,196,1,-1,-1,-1
159,11,1469,691,137,216,1,-1,-1,-1
159,12,1278,688,180,253,1,-1,-1,-1
159,13,506,787,208,284,1,-1,-1,-1
159,14,1351,680,220,301,1,-1,-1,-1
159,15,917,651,108,112,1,-1,-1,-1
159,16,1416,694,120,140,1,-1,-1,-1
159,17,68,746,354,520,1,-1,-1,-1
159,18,793,829,247,340,1,-1,-1,-1
159,19,1616,686,109,210,1,-1,-1,-1
159,20,1377,714,92,210,1,-1,-1,-1
160,0,804,830,160,332,1,-1,-1,-1
160,1,1087,782,126,267,1,-1,-1,-1
160,2,575,638,83,160,1,-1,-1,-1
160,3,1534,722,116,220,1,-1,-1,-1
160,4,1065,747,129,304,1,-1,-1,-1
160,5,54,793,223,445,1,-1,-1,-1
160,6,1035,666,172,136,1,-1,-1,-1
160,7,1048,659,105,143,1,-1,-1,-1
160,8,618,619,128,207,1,-1,-1,-1
160,9,1097,768,160,284,1,-1,-1,-1
160,10,1785,715,148,196,1,-1,-1,-1
160,11,1472,691,137,216,1,-1,-1,-1
160,12,1283,692,180,253,1,-1,-1,-1
160,13,506,789,208,284,1,-1,-1,-1
160,14,1355,680,220,301,1,-1,-1,-1
160,15,921,650,108,112,1,-1,-1,-1
160,16,1425,690,120,140,1,-1,-1,-1
160,17,61,748,354,520,1,-1,-1,-1
160,18,795,828,247,340,1,-1,-1,-1
160,19,1616,678,115,220,1,-1,-1,-1
160,20,1382,713,92,210,1,-1,-1,-1
161,0,804,830,160,332,1,-1,-1,-1
161,1,1087,782,126,267,1,-1,-1,-1
161,2,588,652,108,160,1,-1,-1,-1
161,3,1540,716,132,236,1,-1,-1,-1
161,4,1065,747,129,304,1,-1,-1,-1
161,5,32,824,228,440,1,-1,-1,-1
161,6,1035,666,172,136,1,-1,-1,-1
161,7,1048,659,105,143,1,-1,-1,-1
161,8,618,619,128,207,1,-1,-1,-1
161,9,1097,768,160,284,1,-1,-1,-1
161,10,1792,712,156,176,1,-1,-1,-1
161,11,1472,691,137,216,1,-1,-1,-1
161,12,1283,692,180,253,1,-1,-1,-1
161,13,492,792,236,316,1,-1,-1,-1
161,14,1355,680,220,301,1,-1,-1,-1
161,15,924,656,144,128,1,-1,-1,-1
161,16,1444,672,104,192,1,-1,-1,-1
161,17,61,748,354,520,1,-1,-1,-1
161,18,812,828,224,348,1,-1,-1,-1
161,19,1640,676,108,192,1,-1,-1,-1
161,20,1340,708,128,208,1,-1,-1,-1
161,21,1732,716,88,212,1,-1,-1,-1
162,0,806,826,160,332,1,-1,-1,-1
162,1,1086,782,126,267,1,-1,-1,-1
162,2,590,651,108,160,1,-1,-1,-1
162,3,1541,714,132,236,1,-1,-1,-1
162,4,1067,745,129,304,1,-1,-1,-1
162,5,32,825,228,440,1,-1,-1,-1
162,6,1046,662,172,136,1,-1,-1,-1
162,7,1057,655,105,143,1,-1,-1,-1
162,8,625,618,128,207,1,-1,-1,-1
162,9,1095,763,160,284,1,-1,-1,-1
162,10,1795,712,156,176,1,-1,-1,-1
162,11,1472,687,137,216,1,-1,-1,-1
162,12,1289,692,180,253,1,-1,-1,-1
162,13,493,791,236,316,1,-1,-1,-1
162,14,1359,678,220,301,1,-1,-1,-1
162,15,928,655,144,128,1,-1,-1,-1
162,16,1447,670,104,192,1,-1,-1,-1
162,17,49,749,354,520,1,-1,-1,-1
162,18,814,828,224,348,1,-1,-1,-1
162,19,1644,675,108,192,1,-1,-1,-1
162,20,1342,708,128,208,1,-1,-1,-1
162,21,1735,716,88,212,1,-1,-1,-1
163,0,807,826,160,332,1,-1,-1,-1
163,1,1086,780,126,267,1,-1,-1,-1
163,2,590,652,108,160,1,-1,-1,-1
163,3,1542,715,132,236,1,-1,-1,-1
163,4,1069,745,129,304,1,-1,-1,-1
163,5,31,826,228,440,1,-1,-1,-1
163,6,1046,662,172,136,1,-1,-1,-1
163,7,1058,656,105,143,1,-1,-1,-1
163,8,627,617,128,207,1,-1,-1,-1
163,9,1095,765,160,284,1,-1,-1,-1
163,10,1796,713,156,176,1,-1,-1,-1
163,11,1472,687,137,216,1,-1,-1,-1
163,12,1289,691,180,253,1,-1,-1,-1
163,13,495,791,236,316,1,-1,-1,-1
163,14,1361,679,220,301,1,-1,-1,-1
163,15,929,656,144,128,1,-1,-1,-1
163,16,1448,670,104,192,1,-1,-1,-1
163,17,49,751,354,520,1,-1,-1,-1
163,18,814,828,224,348,1,-1,-1,-1
163,19,1645,675,108,192,1,-1,-1,-1
163,20,1343,709,128,208,1,-1,-1,-1
163,21,1736,717,88,212,1,-1,-1,-1
164,0,808,827,160,332,1,-1,-1,-1
164,1,1087,779,126,267,1,-1,-1,-1
164,2,593,651,108,160,1,-1,-1,-1
164,3,1545,712,132,236,1,-1,-1,-1
164,4,1069,746,129,304,1,-1,-1,-1
164,5,31,826,228,440,1,-1,-1,-1
164,6,1048,662,172,136,1,-1,-1,-1
164,7,1060,659,105,143,1,-1,-1,-1
164,8,629,616,128,207,1,-1,-1,-1
164,9,1097,763,160,284,1,-1,-1,-1
164,10,1800,712,156,176,1,-1,-1,-1
164,11,1474,686,137,216,1,-1,-1,-1
164,12,1290,692,180,253,1,-1,-1,-1
164,13,497,789,236,316,1,-1,-1,-1
164,14,1364,678,220,301,1,-1,-1,-1
164,15,933,655,144,128,1,-1,-1,-1
164,16,1452,669,104,192,1,-1,-1,-1
164,17,47,753,354,520,1,-1,-1,-1
164,18,815,827,224,348,1,-1,-1,-1
164,19,1650,674,108,192,1,-1,-1,-1
164,20,1345,709,128,208,1,-1,-1,-1
164,21,1741,716,88,212,1,-1,-1,-1
165,0,808,827,160,332,1,-1,-1,-1
165,1,1087,780,126,267,1,-1,-1,-1
165,2,594,649,108,160,1,-1,-1,-1
165,3,1547,711,132,236,1,-1,-1,-1
165,4,1072,754,123,289,1,-1,-1,-1
165,5,31,826,228,440,1,-1,-1,-1
165,6,1053,659,172,136,1,-1,-1,-1
165,7,1064,656,105,143,1,-1,-1,-1
165,8,633,615,128,207,1,-1,-1,-1
165,9,1096,762,160,284,1,-1,-1,-1
165,10,1804,710,156,176,1,-1,-1,-1
165,11,1480,692,130,206,1,-1,-1,-1
165,12,1291,692,180,253,1,-1,-1,-1
165,13,498,788,236,316,1,-1,-1,-1
165,14,1367,678,220,301,1,-1,-1,-1
165,15,938,653,144,128,1,-1,-1,-1
165,16,1456,668,104,192,1,-1,-1,-1
165,17,52,770,337,495,1,-1,-1,-1
165,18,816,826,224,348,1,-1,-1,-1
165,19,1657,673,108,192,1,-1,-1,-1
165,20,1347,708,128,208,1,-1,-1,-1
165,21,1745,715,88,212,1,-1,-1,-1
166,0,803,820,168,349,1,-1,-1,-1
166,1,1088,777,126,267,1,-1,-1,-1
166,2,595,647,108,160,1,-1,-1,-1
166,3,1550,710,132,236,1,-1,-1,-1
166,4,1069,744,129,304,1,-1,-1,-1
166,5,31,824,228,440,1,-1,-1,-1
166,6,1054,659,172,136,1,-1,-1,-1
166,7,1066,657,105,143,1,-1,-1,-1
166,8,634,612,128,207,1,-1,-1,-1
166,9,1095,759,160,284,1,-1,-1,-1
166,10,1809,709,156,176,1,-1,-1,-1
166,11,1484,691,130,206,1,-1,-1,-1
166,12,1293,692,180,253,1,-1,-1,-1
166,13,499,787,236,316,1,-1,-1,-1
166,14,1368,677,220,301,1,-1,-1,-1
166,15,942,652,144,128,1,-1,-1,-1
166,16,1460,668,104,192,1,-1,-1,-1
166,17,50,770,337,495,1,-1,-1,-1
166,18,816,826,224,348,1,-1,-1,-1
166,19,1661,672,108,192,1,-1,-1,-1
166,20,1350,706,128,208,1,-1,-1,-1
166,21,1749,712,88,212,1,-1,-1,-1
167,0,802,822,168,349,1,-1,-1,-1
167,1,1087,774,126,267,1,-1,-1,-1
167,2,597,645,108,160,1,-1,-1,-1
167,3,1553,710,132,236,1,-1,-1,-1
167,4,1068,740,129,304,1,-1,-1,-1
167,5,31,823,228,440,1,-1,-1,-1
167,6,1055,660,172,136,1,-1,-1,-1
167,7,1067,658,105,143,1,-1,-1,-1
167,8,637,612,128,207,1,-1,-1,-1
167,9,1095,757,160,284,1,-1,-1,-1
167,10,1816,706,156,176,1,-1,-1,-1
167,11,1489,688,130,206,1,-1,-1,-1
167,12,1296,691,180,253,1,-1,-1,-1
167,13,500,786,236,316,1,-1,-1,-1
167,14,1370,675,220,301,1,-1,-1,-1
167,15,948,650,144,128,1,-1,-1,-1
167,16,1463,666,104,192,1,-1,-1,-1
167,17,51,769,337,495,1,-1,-1,-1
167,18,814,825,224,348,1,-1,-1,-1
167,19,1667,670,108,192,1,-1,-1,-1
167,20,1352,705,128,208,1,-1,-1,-1
167,21,1752,705,92,223,1,-1,-1,-1
168,0,799,821,168,349,1,-1,-1,-1
168,1,1086,773,126,267,1,-1,-1,-1
168,2,597,642,108,160,1,-1,-1,-1
168,3,1555,710,132,236,1,-1,-1,-1
168,4,1064,741,129,304,1,-1,-1,-1
168,5,31,823,228,440,1,-1,-1,-1
168,6,1058,659,172,136,1,-1,-1,-1
168,7,1070,659,105,143,1,-1,-1,-1
168,8,639,609,128,207,1,-1,-1,-1
168,9,1092,757,160,284,1,-1,-1,-1
168,10,1821,706,156,176,1,-1,-1,-1
168,11,1491,684,130,206,1,-1,-1,-1
168,12,1298,689,180,253,1,-1,-1,-1
168,13,501,784,236,316,1,-1,-1,-1
168,14,1373,671,220,301,1,-1,-1,-1
168,15,952,648,144,128,1,-1,-1,-1
168,16,1461,660,109,202,1,-1,-1,-1
168,17,50,767,337,495,1,-1,-1,-1
168,18,812,825,224,348,1,-1,-1,-1
168,19,1674,668,108,192,1,-1,-1,-1
168,20,1355,705,128,208,1,-1,-1,-1
168,21,1757,704,92,223,1,-1,-1,-1
169,0,799,821,168,349,1,-1,-1,-1
169,1,1086,773,126,267,1,-1,-1,-1
169,2,597,642,108,160,1,-1,-1,-1
169,3,1555,710,132,236,1,-1,-1,-1
169,4,1064,741,129,304,1,-1,-1,-1
169,5,28,812,212,448,1,-1,-1,-1
169,6,1058,659,172,136,1,-1,-1,-1
169,7,1070,659,105,143,1,-1,-1,-1
169,8,639,609,128,207,1,-1,-1,-1
169,9,1092,757,160,284,1,-1,-1,-1
169,10,1821,706,156,176,1,-1,-1,-1
169,11,1491,684,130,206,1,-1,-1,-1
169,12,1298,689,180,253,1,-1,-1,-1
169,13,508,768,176,332,1,-1,-1,-1
169,14,1373,671,220,301,1,-1,-1,-1
169,15,956,636,92,140,1,-1,-1,-1
169,16,1461,660,109,202,1,-1,-1,-1
169,17,50,767,337,495,1,-1,-1,-1
169,18,808,828,224,348,1,-1,-1,-1
169,19,1674,668,108,192,1,-1,-1,-1
169,20,1336,704,156,200,1,-1,-1,-1
169,21,1757,704,92,223,1,-1,-1,-1
169,22,1152,732,196,268,1,-1,-1,-1
170,0,796,821,168,349,1,-1,-1,-1
170,1,1084,774,126,267,1,-1,-1,-1
170,2,600,640,108,160,1,-1,-1,-1
170,3,1558,709,132,236,1,-1,-1,-1
170,4,1060,740,129,304,1,-1,-1,-1
170,5,28,811,212,448,1,-1,-1,-1
170,6,1061,657,172,136,1,-1,-1,-1
170,7,1072,657,105,143,1,-1,-1,-1
170,8,642,608,128,207,1,-1,-1,-1
170,9,1088,760,160,284,1,-1,-1,-1
170,10,1827,704,156,176,1,-1,-1,-1
170,11,1492,681,130,206,1,-1,-1,-1
170,12,1303,687,180,253,1,-1,-1,-1
170,13,508,767,176,332,1,-1,-1,-1
170,14,1376,669,220,301,1,-1,-1,-1
170,15,959,634,92,140,1,-1,-1,-1
170,16,1461,655,109,202,1,-1,-1,-1
170,17,51,767,337,495,1,-1,-1,-1
170,18,808,827,224,348,1,-1,-1,-1
170,19,1681,666,108,192,1,-1,-1,-1
170,20,1338,703,156,200,1,-1,-1,-1
170,21,1760,704,92,223,1,-1,-1,-1
170,22,1152,730,196,268,1,-1,-1,-1
171,0,794,820,168,349,1,-1,-1,-1
171,1,1082,776,126,267,1,-1,-1,-1
171,2,602,639,108,160,1,-1,-1,-1
171,3,1561,710,132,236,1,-1,-1,-1
171,4,1055,740,129,304,1,-1,-1,-1
171,5,25,809,212,448,1,-1,-1,-1
171,6,1061,655,172,136,1,-1,-1,-1
171,7,1072,654,105,143,1,-1,-1,-1
171,8,643,607,128,207,1,-1,-1,-1
171,9,1085,762,160,284,1,-1,-1,-1
171,10,1831,702,156,176,1,-1,-1,-1
171,11,1496,674,130,206,1,-1,-1,-1
171,12,1306,685,180,253,1,-1,-1,-1
171,13,506,765,176,332,1,-1,-1,-1
171,14,1379,667,220,301,1,-1,-1,-1
171,15,965,632,92,140,1,-1,-1,-1
171,16,1461,657,109,202,1,-1,-1,-1
171,17,48,770,337,495,1,-1,-1,-1
171,18,806,824,224,348,1,-1,-1,-1
171,19,1686,666,108,192,1,-1,-1,-1
171,20,1342,701,156,200,1,-1,-1,-1
171,21,1763,704,92,223,1,-1,-1,-1
171,22,1153,730,196,268,1,-1,-1,-1
172,0,792,815,168,349,1,-1,-1,-1
172,1,1079,777,126,267,1,-1,-1,-1
172,2,604,638,108,160,1,-1,-1,-1
172,3,1566,710,132,236,1,-1,-1,-1
172,4,1052,740,129,304,1,-1,-1,-1
172,5,23,808,212,448,1,-1,-1,-1
172,6,1061,651,172,136,1,-1,-1,-1
172,7,1070,650,110,150,1,-1,-1,-1
172,8,642,600,134,218,1,-1,-1,-1
172,9,1079,754,168,298,1,-1,-1,-1
172,10,1835,702,156,176,1,-1,-1,-1
172,11,1499,674,130,206,1,-1,-1,-1
172,12,1311,683,180,253,1,-1,-1,-1
172,13,504,763,176,332,1,-1,-1,-1
172,14,1383,666,220,301,1,-1,-1,-1
172,15,970,630,92,140,1,-1,-1,-1
172,16,1464,653,109,202,1,-1,-1,-1
172,17,45,766,337,495,1,-1,-1,-1
172,18,804,820,224,348,1,-1,-1,-1
172,19,1690,664,108,192,1,-1,-1,-1
172,20,1346,701,156,200,1,-1,-1,-1
172,21,1767,702,92,223,1,-1,-1,-1
172,22,1153,729,196,268,1,-1,-1,-1
173,0,791,811,168,349,1,-1,-1,-1
173,1,1075,776,126,267,1,-1,-1,-1
173,2,607,636,108,160,1,-1,-1,-1
173,3,1570,710,132,236,1,-1,-1,-1
173,4,1046,735,129,304,1,-1,-1,-1
173,5,19,803,212,448,1,-1,-1,-1
173,6,1062,647,172,136,1,-1,-1,-1
173,7,1073,647,110,150,1,-1,-1,-1
173,8,646,597,134,218,1,-1,-1,-1
173,9,1078,754,168,298,1,-1,-1,-1
173,10,1840,700,156,176,1,-1,-1,-1
173,11,1499,668,137,216,1,-1,-1,-1
173,12,1315,686,180,253,1,-1,-1,-1
173,13,501,759,176,332,1,-1,-1,-1
173,14,1387,664,220,301,1,-1,-1,-1
173,15,977,628,92,140,1,-1,-1,-1
173,16,1467,651,109,202,1,-1,-1,-1
173,17,47,768,337,495,1,-1,-1,-1
173,18,804,817,224,348,1,-1,-1,-1
173,19,1691,657,113,202,1,-1,-1,-1
173,20,1352,701,156,200,1,-1,-1,-1
173,21,1768,698,97,234,1,-1,-1,-1
173,22,1155,726,196,268,1,-1,-1,-1
174,0,791,808,168,349,1,-1,-1,-1
174,1,1072,771,126,267,1,-1,-1,-1
174,2,607,635,108,160,1,-1,-1,-1
174,3,1572,709,132,236,1,-1,-1,-1
174,4,1043,730,129,304,1,-1,-1,-1
174,5,16,800,212,448,1,-1,-1,-1
174,6,1065,644,172,136,1,-1,-1,-1
174,7,1077,644,110,150,1,-1,-1,-1
174,8,649,596,134,218,1,-1,-1,-1
174,9,1076,750,168,298,1,-1,-1,-1
174,10,1841,699,156,176,1,-1,-1,-1
174,11,1503,666,137,216,1,-1,-1,-1
174,12,1321,685,180,253,1,-1,-1,-1
174,13,498,756,176,332,1,-1,-1,-1
174,14,1393,663,220,301,1,-1,-1,-1
174,15,978,626,92,140,1,-1,-1,-1
174,16,1472,651,109,202,1,-1,-1,-1
174,17,41,759,337,495,1,-1,-1,-1
174,18,805,811,224,348,1,-1,-1,-1
174,19,1698,654,113,202,1,-1,-1,-1
174,20,1357,699,156,200,1,-1,-1,-1
174,21,1771,697,97,234,1,-1,-1,-1
174,22,1159,726,196,268,1,-1,-1,-1
175,0,795,815,160,332,1,-1,-1,-1
175,1,1070,769,126,267,1,-1,-1,-1
175,2,607,635,108,160,1,-1,-1,-1
175,3,1574,708,132,236,1,-1,-1,-1
175,4,1043,730,129,304,1,-1,-1,-1
175,5,14,798,212,448,1,-1,-1,-1
175,6,1064,644,172,136,1,-1,-1,-1
175,7,1077,645,110,150,1,-1,-1,-1
175,8,648,595,134,218,1,-1,-1,-1
175,9,1071,741,176,313,1,-1,-1,-1
175,10,1842,699,156,176,1,-1,-1,-1
175,11,1505,668,137,216,1,-1,-1,-1
175,12,1323,684,180,253,1,-1,-1,-1
175,13,496,756,176,332,1,-1,-1,-1
175,14,1393,665,220,301,1,-1,-1,-1
175,15,979,626,92,140,1,-1,-1,-1
175,16,1474,649,109,202,1,-1,-1,-1
175,17,39,754,337,495,1,-1,-1,-1
175,18,804,811,224,348,1,-1,-1,-1
175,19,1700,653,113,202,1,-1,-1,-1
175,20,1358,698,156,200,1,-1,-1,-1
175,21,1771,692,102,245,1,-1,-1,-1
175,22,1161,726,196,268,1,-1,-1,-1
176,0,795,815,160,332,1,-1,-1,-1
176,1,1068,764,126,267,1,-1,-1,-1
176,2,606,632,113,168,1,-1,-1,-1
176,3,1578,704,132,236,1,-1,-1,-1
176,4,1040,727,129,304,1,-1,-1,-1
176,5,11,792,212,448,1,-1,-1,-1
176,6,1071,642,172,136,1,-1,-1,-1
176,7,1082,644,110,150,1,-1,-1,-1
176,8,653,595,134,218,1,-1,-1,-1
176,9,1069,739,176,313,1,-1,-1,-1
176,10,1845,699,156,176,1,-1,-1,-1
176,11,1510,666,137,216,1,-1,-1,-1
176,12,1328,685,180,253,1,-1,-1,-1
176,13,494,754,176,332,1,-1,-1,-1
176,14,1400,664,220,301,1,-1,-1,-1
176,15,984,624,92,140,1,-1,-1,-1
176,16,1478,648,109,202,1,-1,-1,-1
176,17,37,753,337,495,1,-1,-1,-1
176,18,804,811,224,348,1,-1,-1,-1
176,19,1702,653,113,202,1,-1,-1,-1
176,20,1364,697,156,200,1,-1,-1,-1
176,21,1772,691,102,245,1,-1,-1,-1
176,22,1161,722,196,268,1,-1,-1,-1
177,0,795,815,160,332,1,-1,-1,-1
177,1,1068,764,126,267,1,-1,-1,-1
177,2,606,632,113,168,1,-1,-1,-1
177,3,1584,692,108,248,1,-1,-1,-1
177,4,1040,727,129,304,1,-1,-1,-1
177,5,24,796,220,432,1,-1,-1,-1
177,6,1071,642,172,136,1,-1,-1,-1
177,7,1082,644,110,150,1,-1,-1,-1
177,8,653,595,134,218,1,-1,-1,-1
177,9,1044,736,188,280,1,-1,-1,-1
177,10,1845,699,156,176,1,-1,-1,-1
177,11,1510,666,137,216,1,-1,-1,-1
177,12,1328,685,180,253,1,-1,-1,-1
177,13,480,760,200,304,1,-1,-1,-1
177,14,1400,664,220,301,1,-1,-1,-1
177,15,984,624,92,140,1,-1,-1,-1
177,16,1478,648,109,202,1,-1,-1,-1
177,17,37,753,337,495,1,-1,-1,-1
177,18,800,808,236,344,1,-1,-1,-1
177,19,1702,653,113,202,1,-1,-1,-1
177,20,1384,696,148,208,1,-1,-1,-1
177,21,1728,712,148,212,1,-1,-1,-1
177,22,1161,722,196,268,1,-1,-1,-1
178,0,798,814,160,332,1,-1,-1,-1
178,1,1066,765,126,267,1,-1,-1,-1
178,2,609,630,113,168,1,-1,-1,-1
178,3,1586,691,108,248,1,-1,-1,-1
178,4,1039,726,129,304,1,-1,-1,-1
178,5,23,796,220,432,1,-1,-1,-1
178,6,1080,640,172,136,1,-1,-1,-1
178,7,1086,640,116,157,1,-1,-1,-1
178,8,661,592,134,218,1,-1,-1,-1
178,9,1043,736,188,280,1,-1,-1,-1
178,10,1852,695,156,176,1,-1,-1,-1
178,11,1518,664,137,216,1,-1,-1,-1
178,12,1341,685,180,253,1,-1,-1,-1
178,13,481,759,200,304,1,-1,-1,-1
178,14,1408,662,220,301,1,-1,-1,-1
178,15,994,623,92,140,1,-1,-1,-1
178,16,1491,651,104,192,1,-1,-1,-1
178,17,31,748,337,495,1,-1,-1,-1
178,18,802,808,236,344,1,-1,-1,-1
178,19,1711,655,113,202,1,-1,-1,-1
178,20,1388,696,148,208,1,-1,-1,-1
178,21,1730,711,148,212,1,-1,-1,-1
178,22,1161,720,196,268,1,-1,-1,-1
179,0,799,814,160,332,1,-1,-1,-1
179,1,1065,766,126,267,1,-1,-1,-1
179,2,612,628,113,168,1,-1,-1,-1
179,3,1588,689,108,248,1,-1,-1,-1
179,4,1039,727,129,304,1,-1,-1,-1
179,5,21,797,220,432,1,-1,-1,-1
179,6,1084,641,172,136,1,-1,-1,-1
179,7,1090,639,116,157,1,-1,-1,-1
179,8,666,589,134,218,1,-1,-1,-1
179,9,1044,735,188,280,1,-1,-1,-1
179,10,1854,695,156,176,1,-1,-1,-1
179,11,1522,668,137,216,1,-1,-1,-1
179,12,1346,683,180,253,1,-1,-1,-1
179,13,482,761,200,304,1,-1,-1,-1
179,14,1415,662,220,301,1,-1,-1,-1
179,15,997,618,92,140,1,-1,-1,-1
179,16,1497,650,104,192,1,-1,-1,-1
179,17,25,738,354,520,1,-1,-1,-1
179,18,804,808,236,344,1,-1,-1,-1
179,19,1709,648,119,212,1,-1,-1,-1
179,20,1396,696,148,208,1,-1,-1,-1
179,21,1734,710,148,212,1,-1,-1,-1
179,22,1154,717,196,268,1,-1,-1,-1
180,0,802,816,160,332,1,-1,-1,-1
180,1,1063,765,126,267,1,-1,-1,-1
180,2,614,625,113,168,1,-1,-1,-1
180,3,1591,688,108,248,1,-1,-1,-1
180,4,1038,727,129,304,1,-1,-1,-1
180,5,18,800,220,432,1,-1,-1,-1
180,6,1092,641,172,136,1,-1,-1,-1
180,7,1095,637,122,165,1,-1,-1,-1
180,8,671,587,134,218,1,-1,-1,-1
180,9,1046,734,188,280,1,-1,-1,-1
180,10,1859,693,156,176,1,-1,-1,-1
180,11,1525,670,137,216,1,-1,-1,-1
180,12,1358,685,171,241,1,-1,-1,-1
180,13,483,763,200,304,1,-1,-1,-1
180,14,1419,661,220,301,1,-1,-1,-1
180,15,1002,617,92,140,1,-1,-1,-1
180,16,1502,651,104,192,1,-1,-1,-1
180,17,19,738,354,520,1,-1,-1,-1
180,18,806,808,236,344,1,-1,-1,-1
180,19,1714,646,119,212,1,-1,-1,-1
180,20,1403,694,148,208,1,-1,-1,-1
180,21,1740,710,148,212,1,-1,-1,-1
180,22,1150,714,196,268,1,-1,-1,-1
181,0,803,817,160,332,1,-1,-1,-1
181,1,1063,764,126,267,1,-1,-1,-1
181,2,614,624,113,168,1,-1,-1,-1
181,3,1592,686,108,248,1,-1,-1,-1
181,4,1039,725,129,304,1,-1,-1,-1
181,5,17,800,220,432,1,-1,-1,-1
181,6,1093,638,172,136,1,-1,-1,-1
181,7,1096,636,122,165,1,-1,-1,-1
181,8,673,586,134,218,1,-1,-1,-1
181,9,1047,734,188,280,1,-1,-1,-1
181,10,1860,694,156,176,1,-1,-1,-1
181,11,1527,672,137,216,1,-1,-1,-1
181,12,1360,684,171,241,1,-1,-1,-1
181,13,484,764,200,304,1,-1,-1,-1
181,14,1422,664,220,301,1,-1,-1,-1
181,15,1002,618,92,140,1,-1,-1,-1
181,16,1503,651,104,192,1,-1,-1,-1
181,17,19,740,354,520,1,-1,-1,-1
181,18,807,809,236,344,1,-1,-1,-1
181,19,1716,644,119,212,1,-1,-1,-1
181,20,1403,694,148,208,1,-1,-1,-1
181,21,1741,710,148,212,1,-1,-1,-1
181,22,1149,714,196,268,1,-1,-1,-1
182,0,805,816,160,332,1,-1,-1,-1
182,1,1061,765,126,267,1,-1,-1,-1
182,2,614,618,119,176,1,-1,-1,-1
182,3,1592,686,108,248,1,-1,-1,-1
182,4,1039,728,129,304,1,-1,-1,-1
182,5,16,800,220,432,1,-1,-1,-1
182,6,1099,641,172,136,1,-1,-1,-1
182,7,1102,639,122,165,1,-1,-1,-1
182,8,677,585,134,218,1,-1,-1,-1
182,9,1049,733,188,280,1,-1,-1,-1
182,10,1864,692,156,176,1,-1,-1,-1
182,11,1529,672,137,216,1,-1,-1,-1
182,12,1367,679,171,241,1,-1,-1,-1
182,13,484,764,200,304,1,-1,-1,-1
182,14,1427,663,220,301,1,-1,-1,-1
182,15,1008,614,92,140,1,-1,-1,-1
182,16,1507,651,104,192,1,-1,-1,-1
182,17,13,740,354,520,1,-1,-1,-1
182,18,810,809,236,344,1,-1,-1,-1
182,19,1724,644,119,212,1,-1,-1,-1
182,20,1410,693,148,208,1,-1,-1,-1
182,21,1744,711,148,212,1,-1,-1,-1
182,22,1150,712,196,268,1,-1,-1,-1
183,0,808,814,160,332,1,-1,-1,-1
183,1,1061,764,126,267,1,-1,-1,-1
183,2,618,616,119,176,1,-1,-1,-1
183,3,1589,679,113,260,1,-1,-1,-1
183,4,1040,727,129,304,1,-1,-1,-1
183,5,14,802,220,432,1,-1,-1,-1
183,6,1103,644,172,136,1,-1,-1,-1
183,7,1105,641,128,174,1,-1,-1,-1
183,8,683,586,134,218,1,-1,-1,-1
183,9,1050,732,188,280,1,-1,-1,-1
183,10,1869,692,156,176,1,-1,-1,-1
183,11,1531,672,137,216,1,-1,-1,-1
183,12,1373,679,171,241,1,-1,-1,-1
183,13,485,765,200,304,1,-1,-1,-1
183,14,1433,663,220,301,1,-1,-1,-1
183,15,1011,609,97,147,1,-1,-1,-1
183,16,1517,654,99,183,1,-1,-1,-1
183,17,7,741,354,520,1,-1,-1,-1
183,18,811,808,236,344,1,-1,-1,-1
183,19,1727,645,119,212,1,-1,-1,-1
183,20,1417,691,148,208,1,-1,-1,-1
183,21,1750,710,148,212,1,-1,-1,-1
183,22,1146,710,196,268,1,-1,-1,-1
184,0,814,813,160,332,1,-1,-1,-1
184,1,1061,765,126,267,1,-1,-1,-1
184,2,621,615,119,176,1,-1,-1,-1
184,3,1588,679,113,260,1,-1,-1,-1
184,4,1040,726,129,304,1,-1,-1,-1
184,5,12,804,220,432,1,-1,-1,-1
184,6,1112,649,164,130,1,-1,-1,-1
184,7,1101,652,134,182,1,-1,-1,-1
184,8,692,587,128,207,1,-1,-1,-1
184,9,1053,731,188,280,1,-1,-1,-1
184,10,1874,692,156,176,1,-1,-1,-1
184,11,1533,678,130,206,1,-1,-1,-1
184,12,1381,678,171,241,1,-1,-1,-1
184,13,488,766,200,304,1,-1,-1,-1
184,14,1442,665,220,301,1,-1,-1,-1
184,15,1014,606,97,147,1,-1,-1,-1
184,16,1521,655,99,183,1,-1,-1,-1
184,17,5,742,354,520,1,-1,-1,-1
184,18,817,807,236,344,1,-1,-1,-1
184,19,1731,645,119,212,1,-1,-1,-1
184,20,1424,690,148,208,1,-1,-1,-1
184,21,1756,710,148,212,1,-1,-1,-1
184,22,1154,716,187,255,1,-1,-1,-1
185,0,814,813,160,332,1,-1,-1,-1
185,1,1080,736,124,288,1,-1,-1,-1
185,2,621,615,119,176,1,-1,-1,-1
185,3,1588,679,113,260,1,-1,-1,-1
185,4,1040,726,129,304,1,-1,-1,-1
185,5,20,800,176,424,1,-1,-1,-1
185,6,1112,649,164,130,1,-1,-1,-1
185,7,1101,652,134,182,1,-1,-1,-1
185,8,692,587,128,207,1,-1,-1,-1
185,9,1053,731,188,280,1,-1,-1,-1
185,10,1874,692,156,176,1,-1,-1,-1
185,11,1533,678,130,206,1,-1,-1,-1
185,12,1381,678,171,241,1,-1,-1,-1
185,13,496,760,180,340,1,-1,-1,-1
185,14,1442,665,220,301,1,-1,-1,-1
185,15,1014,606,97,147,1,-1,-1,-1
185,16,1521,655,99,183,1,-1,-1,-1
185,17,5,742,354,520,1,-1,-1,-1
185,18,824,800,180,352,1,-1,-1,-1
185,19,1731,645,119,212,1,-1,-1,-1
185,20,1448,696,120,204,1,-1,-1,-1
185,21,1816,720,88,196,1,-1,-1,-1
185,22,1168,704,176,272,1,-1,-1,-1
186,0,817,811,160,332,1,-1,-1,-1
186,1,1081,736,124,288,1,-1,-1,-1
186,2,631,617,119,176,1,-1,-1,-1
186,3,1590,678,113,260,1,-1,-1,-1
186,4,1042,725,129,304,1,-1,-1,-1
186,5,19,800,176,424,1,-1,-1,-1
186,6,1129,638,164,130,1,-1,-1,-1
186,7,1120,638,134,182,1,-1,-1,-1
186,8,699,585,128,207,1,-1,-1,-1
186,9,1052,733,188,280,1,-1,-1,-1
186,10,1887,694,156,176,1,-1,-1,-1
186,11,1533,676,130,206,1,-1,-1,-1
186,12,1399,676,171,241,1,-1,-1,-1
186,13,497,760,180,340,1,-1,-1,-1
186,14,1458,659,220,301,1,-1,-1,-1
186,15,1026,604,97,147,1,-1,-1,-1
186,16,1539,657,99,183,1,-1,-1,-1
186,17,0,738,354,520,1,-1,-1,-1
186,18,824,801,180,352,1,-1,-1,-1
186,19,1742,646,119,212,1,-1,-1,-1
186,20,1452,695,120,204,1,-1,-1,-1
186,21,1819,721,88,196,1,-1,-1,-1
186,22,1170,702,176,272,1,-1,-1,-1
187,0,818,811,160,332,1,-1,-1,-1
187,1,1081,737,124,288,1,-1,-1,-1
187,2,631,616,119,176,1,-1,-1,-1
187,3,1592,683,108,248,1,-1,-1,-1
187,4,1042,726,129,304,1,-1,-1,-1
187,5,18,800,176,424,1,-1,-1,-1
187,6,1128,637,164,130,1,-1,-1,-1
187,7,1122,634,134,182,1,-1,-1,-1
187,8,700,585,128,207,1,-1,-1,-1
187,9,1052,732,188,280,1,-1,-1,-1
187,10,1887,693,156,176,1,-1,-1,-1
187,11,1531,674,130,206,1,-1,-1,-1
187,12,1398,675,171,241,1,-1,-1,-1
187,13,498,760,180,340,1,-1,-1,-1
187,14,1460,660,220,301,1,-1,-1,-1
187,15,1026,604,97,147,1,-1,-1,-1
187,16,1540,657,99,183,1,-1,-1,-1
187,17,1,736,354,520,1,-1,-1,-1
187,18,825,801,180,352,1,-1,-1,-1
187,19,1742,644,119,212,1,-1,-1,-1
187,20,1454,696,120,204,1,-1,-1,-1
187,21,1821,722,88,196,1,-1,-1,-1
187,22,1170,703,176,272,1,-1,-1,-1
188,0,819,812,160,332,1,-1,-1,-1
188,1,1084,737,124,288,1,-1,-1,-1
188,2,631,616,119,176,1,-1,-1,-1
188,3,1592,682,108,248,1,-1,-1,-1
188,4,1044,725,129,304,1,-1,-1,-1
188,5,18,799,176,424,1,-1,-1,-1
188,6,1134,635,164,130,1,-1,-1,-1
188,7,1137,622,128,174,1,-1,-1,-1
188,8,705,583,128,207,1,-1,-1,-1
188,9,1055,734,188,280,1,-1,-1,-1
188,10,1891,694,156,176,1,-1,-1,-1
188,11,1531,674,130,206,1,-1,-1,-1
188,12,1405,673,171,241,1,-1,-1,-1
188,13,500,758,180,340,1,-1,-1,-1
188,14,1468,659,220,301,1,-1,-1,-1
188,15,1033,602,97,147,1,-1,-1,-1
188,16,1547,656,99,183,1,-1,-1,-1
188,17,0,737,354,520,1,-1,-1,-1
188,18,826,801,180,352,1,-1,-1,-1
188,19,1746,646,119,212,1,-1,-1,-1
188,20,1461,695,120,204,1,-1,-1,-1
188,21,1826,721,88,196,1,-1,-1,-1
188,22,1174,702,176,272,1,-1,-1,-1
189,0,820,813,160,332,1,-1,-1,-1
189,1,1087,737,124,288,1,-1,-1,-1
189,2,634,617,119,176,1,-1,-1,-1
189,3,1595,683,108,248,1,-1,-1,-1
189,4,1047,729,129,304,1,-1,-1,-1
189,5,18,797,176,424,1,-1,-1,-1
189,6,1141,632,164,130,1,-1,-1,-1
189,7,1143,627,128,174,1,-1,-1,-1
189,8,710,582,128,207,1,-1,-1,-1
189,9,1056,735,188,280,1,-1,-1,-1
189,10,1898,694,156,176,1,-1,-1,-1
189,11,1526,667,137,216,1,-1,-1,-1
189,12,1411,671,171,241,1,-1,-1,-1
189,13,502,757,180,340,1,-1,-1,-1
189,14,1476,659,220,301,1,-1,-1,-1
189,15,1039,603,97,147,1,-1,-1,-1
189,16,1556,651,104,192,1,-1,-1,-1
189,17,1,737,354,520,1,-1,-1,-1
189,18,827,801,180,352,1,-1,-1,-1
189,19,1751,646,119,212,1,-1,-1,-1
189,20,1467,693,120,204,1,-1,-1,-1
189,21,1831,716,92,206,1,-1,-1,-1
189,22,1176,703,176,272,1,-1,-1,-1
190,0,817,808,168,349,1,-1,-1,-1
190,1,1090,736,124,288,1,-1,-1,-1
190,2,635,617,119,176,1,-1,-1,-1
190,3,1600,685,108,248,1,-1,-1,-1
190,4,1048,729,129,304,1,-1,-1,-1
190,5,17,794,176,424,1,-1,-1,-1
190,6,1150,627,164,130,1,-1,-1,-1
190,7,1149,626,128,174,1,-1,-1,-1
190,8,713,581,128,207,1,-1,-1,-1
190,9,1058,743,179,267,1,-1,-1,-1
190,10,1905,695,156,176,1,-1,-1,-1
190,11,1525,669,137,216,1,-1,-1,-1
190,12,1417,670,171,241,1,-1,-1,-1
190,13,504,755,180,340,1,-1,-1,-1
190,14,1485,659,220,301,1,-1,-1,-1
190,15,1049,607,92,140,1,-1,-1,-1
190,16,1564,652,104,192,1,-1,-1,-1
190,17,1,736,354,520,1,-1,-1,-1
190,18,828,803,180,352,1,-1,-1,-1
190,19,1758,645,119,212,1,-1,-1,-1
190,20,1474,692,120,204,1,-1,-1,-1
190,21,1838,716,92,206,1,-1,-1,-1
190,22,1178,704,176,272,1,-1,-1,-1
191,0,816,810,168,349,1,-1,-1,-1
191,1,1093,736,124,288,1,-1,-1,-1
191,2,637,616,119,176,1,-1,-1,-1
191,3,1605,687,108,248,1,-1,-1,-1
191,4,1049,731,129,304,1,-1,-1,-1
191,5,17,793,176,424,1,-1,-1,-1
191,6,1156,626,164,130,1,-1,-1,-1
191,7,1154,624,128,174,1,-1,-1,-1
191,8,716,580,128,207,1,-1,-1,-1
191,9,1058,744,179,267,1,-1,-1,-1
191,10,1912,694,156,176,1,-1,-1,-1
191,11,1527,671,137,216,1,-1,-1,-1
191,12,1423,668,171,241,1,-1,-1,-1
191,13,504,753,180,340,1,-1,-1,-1
191,14,1490,658,220,301,1,-1,-1,-1
191,15,1053,604,92,140,1,-1,-1,-1
191,16,1573,652,104,192,1,-1,-1,-1
191,17,0,736,354,520,1,-1,-1,-1
191,18,828,804,180,352,1,-1,-1,-1
191,19,1767,642,119,212,1,-1,-1,-1
191,20,1477,685,126,214,1,-1,-1,-1
191,21,1845,715,92,206,1,-1,-1,-1
191,22,1181,704,176,272,1,-1,-1,-1
192,0,814,812,168,349,1,-1,-1,-1
192,1,1092,729,130,302,1,-1,-1,-1
192,2,642,615,119,176,1,-1,-1,-1
192,3,1609,689,108,248,1,-1,-1,-1
192,4,1048,733,129,304,1,-1,-1,-1
192,5,16,793,176,424,1,-1,-1,-1
192,6,1159,625,164,130,1,-1,-1,-1
192,7,1159,624,128,174,1,-1,-1,-1
192,8,722,578,128,207,1,-1,-1,-1
192,9,1056,744,179,267,1,-1,-1,-1
192,10,1920,690,164,185,1,-1,-1,-1
192,11,1530,671,137,216,1,-1,-1,-1
192,12,1428,667,171,241,1,-1,-1,-1
192,13,501,753,180,340,1,-1,-1,-1
192,14,1495,654,220,301,1,-1,-1,-1
192,15,1062,607,92,140,1,-1,-1,-1
192,16,1576,652,104,192,1,-1,-1,-1
192,17,0,734,354,520,1,-1,-1,-1
192,18,821,796,189,370,1,-1,-1,-1
192,19,1772,641,119,212,1,-1,-1,-1
192,20,1486,685,126,214,1,-1,-1,-1
192,21,1852,715,92,206,1,-1,-1,-1
192,22,1184,705,176,272,1,-1,-1,-1
193,0,814,812,168,349,1,-1,-1,-1
193,1,1088,760,128,276,1,-1,-1,-1
193,2,664,612,88,160,1,-1,-1,-1
193,3,1609,689,108,248,1,-1,-1,-1
193,4,1048,733,129,304,1,-1,-1,-1
193,5,16,812,168,420,1,-1,-1,-1
193,6,1159,625,164,130,1,-1,-1,-1
193,7,1159,624,128,174,1,-1,-1,-1
193,8,722,578,128,207,1,-1,-1,-1
193,9,1056,744,179,267,1,-1,-1,-1
193,10,1920,690,164,185,1,-1,-1,-1
193,11,1530,671,137,216,1,-1,-1,-1
193,12,1428,667,171,241,1,-1,-1,-1
193,13,501,753,180,340,1,-1,-1,-1
193,14,1495,654,220,301,1,-1,-1,-1
193,15,1062,607,92,140,1,-1,-1,-1
193,16,1576,652,104,192,1,-1,-1,-1
193,17,0,734,354,520,1,-1,-1,-1
193,18,821,796,189,370,1,-1,-1,-1
193,19,1772,641,119,212,1,-1,-1,-1
193,20,1486,685,126,214,1,-1,-1,-1
193,21,1856,740,88,180,1,-1,-1,-1
193,22,1184,705,176,272,1,-1,-1,-1
193,23,1264,624,80,140,1,-1,-1,-1
193,24,740,592,60,164,1,-1,-1,-1
193,25,1872,680,148,228,1,-1,-1,-1
193,26,1592,644,52,160,1,-1,-1,-1
194,0,812,812,168,349,1,-1,-1,-1
194,1,1089,759,128,276,1,-1,-1,-1
194,2,667,610,88,160,1,-1,-1,-1
194,3,1613,690,108,248,1,-1,-1,-1
194,4,1046,731,129,304,1,-1,-1,-1
194,5,16,811,168,420,1,-1,-1,-1
194,6,1162,625,164,130,1,-1,-1,-1
194,7,1167,625,122,165,1,-1,-1,-1
194,8,724,577,128,207,1,-1,-1,-1
194,9,1055,745,179,267,1,-1,-1,-1
194,10,1926,689,164,185,1,-1,-1,-1
194,11,1534,670,137,216,1,-1,-1,-1
194,12,1433,674,171,241,1,-1,-1,-1
194,13,499,749,180,340,1,-1,-1,-1
194,14,1498,656,220,301,1,-1,-1,-1
194,15,1068,604,92,140,1,-1,-1,-1
194,16,1583,654,104,192,1,-1,-1,-1
194,17,0,733,353,520,1,-1,-1,-1
194,18,818,793,189,370,1,-1,-1,-1
194,19,1778,640,119,212,1,-1,-1,-1
194,20,1490,686,126,214,1,-1,-1,-1
194,21,1860,739,88,180,1,-1,-1,-1
194,22,1192,710,168,259,1,-1,-1,-1
194,23,1270,623,80,140,1,-1,-1,-1
194,24,742,591,60,164,1,-1,-1,-1
194,25,1877,680,148,228,1,-1,-1,-1
194,26,1593,644,52,160,1,-1,-1,-1
195,0,811,811,168,349,1,-1,-1,-1
195,1,1090,758,128,276,1,-1,-1,-1
195,2,672,610,88,160,1,-1,-1,-1
195,3,1618,690,108,248,1,-1,-1,-1
195,4,1044,729,129,304,1,-1,-1,-1
195,5,13,810,168,420,1,-1,-1,-1
195,6,1166,625,164,130,1,-1,-1,-1
195,7,1170,627,122,165,1,-1,-1,-1
195,8,728,576,128,207,1,-1,-1,-1
195,9,1053,743,179,267,1,-1,-1,-1
195,10,1933,687,164,185,1,-1,-1,-1
195,11,1540,673,137,216,1,-1,-1,-1
195,12,1434,672,180,253,1,-1,-1,-1
195,13,498,746,180,340,1,-1,-1,-1
195,14,1506,659,220,301,1,-1,-1,-1
195,15,1075,604,92,140,1,-1,-1,-1
195,16,1585,656,104,192,1,-1,-1,-1
195,17,0,732,353,520,1,-1,-1,-1
195,18,817,792,189,370,1,-1,-1,-1
195,19,1786,641,119,212,1,-1,-1,-1
195,20,1494,689,126,214,1,-1,-1,-1
195,21,1866,739,88,180,1,-1,-1,-1
195,22,1197,710,168,259,1,-1,-1,-1
195,23,1276,622,80,140,1,-1,-1,-1
195,24,746,591,60,164,1,-1,-1,-1
195,25,1885,680,148,228,1,-1,-1,-1
195,26,1597,644,52,160,1,-1,-1,-1
196,0,811,811,168,349,1,-1,-1,-1
196,1,1091,756,128,276,1,-1,-1,-1
196,2,675,609,88,160,1,-1,-1,-1
196,3,1625,689,108,248,1,-1,-1,-1
196,4,1042,726,129,304,1,-1,-1,-1
196,5,12,807,168,420,1,-1,-1,-1
196,6,1170,628,164,130,1,-1,-1,-1
196,7,1175,632,116,157,1,-1,-1,-1
196,8,732,574,128,207,1,-1,-1,-1
196,9,1050,740,179,267,1,-1,-1,-1
196,10,1941,683,172,194,1,-1,-1,-1
196,11,1547,675,137,216,1,-1,-1,-1
196,12,1430,672,189,265,1,-1,-1,-1
196,13,495,745,180,340,1,-1,-1,-1
196,14,1510,661,220,301,1,-1,-1,-1
196,15,1081,602,92,140,1,-1,-1,-1
196,16,1591,656,104,192,1,-1,-1,-1
196,17,5,745,337,495,1,-1,-1,-1
196,18,818,792,189,370,1,-1,-1,-1
196,19,1796,647,113,202,1,-1,-1,-1
196,20,1500,689,126,214,1,-1,-1,-1
196,21,1875,738,88,180,1,-1,-1,-1
196,22,1196,711,168,259,1,-1,-1,-1
196,23,1281,622,80,140,1,-1,-1,-1
196,24,750,591,60,164,1,-1,-1,-1
196,25,1892,680,148,228,1,-1,-1,-1
196,26,1603,649,50,152,1,-1,-1,-1
197,0,813,810,168,349,1,-1,-1,-1
197,1,1090,753,128,276,1,-1,-1,-1
197,2,678,608,88,160,1,-1,-1,-1
197,3,1629,688,108,248,1,-1,-1,-1
197,4,1041,722,129,304,1,-1,-1,-1
197,5,10,804,168,420,1,-1,-1,-1
197,6,1177,626,164,130,1,-1,-1,-1
197,7,1180,633,116,157,1,-1,-1,-1
197,8,735,574,128,207,1,-1,-1,-1
197,9,1049,737,179,267,1,-1,-1,-1
197,10,1950,683,172,194,1,-1,-1,-1
197,12,1431,676,189,265,1,-1,-1,-1
197,13,491,740,180,340,1,-1,-1,-1
197,14,1512,662,220,301,1,-1,-1,-1
197,15,1086,602,92,140,1,-1,-1,-1
197,16,1596,657,104,192,1,-1,-1,-1
197,17,4,741,337,495,1,-1,-1,-1
197,18,820,793,189,370,1,-1,-1,-1
197,19,1804,647,113,202,1,-1,-1,-1
197,20,1506,690,126,214,1,-1,-1,-1
197,21,1880,739,88,180,1,-1,-1,-1
197,22,1198,711,168,259,1,-1,-1,-1
197,23,1288,621,80,140,1,-1,-1,-1
197,24,754,591,60,164,1,-1,-1,-1
197,25,1898,680,148,228,1,-1,-1,-1
197,26,1605,648,50,152,1,-1,-1,-1
198,0,815,813,168,349,1,-1,-1,-1
198,1,1090,751,128,276,1,-1,-1,-1
198,2,681,604,92,168,1,-1,-1,-1
198,3,1632,687,108,248,1,-1,-1,-1
198,4,1039,720,129,304,1,-1,-1,-1
198,5,10,803,168,420,1,-1,-1,-1
198,6,1179,627,164,130,1,-1,-1,-1
198,7,1183,634,116,157,1,-1,-1,-1
198,8,741,576,128,207,1,-1,-1,-1
198,9,1044,731,188,280,1,-1,-1,-1
198,10,1957,683,172,194,1,-1,-1,-1
198,12,1433,682,189,265,1,-1,-1,-1
198,13,491,739,180,340,1,-1,-1,-1
198,14,1513,665,220,301,1,-1,-1,-1
198,15,1096,607,92,140,1,-1,-1,-1
198,16,1598,658,104,192,1,-1,-1,-1
198,17,5,739,337,495,1,-1,-1,-1
198,18,822,797,189,370,1,-1,-1,-1
198,19,1810,647,113,202,1,-1,-1,-1
198,20,1509,691,126,214,1,-1,-1,-1
198,21,1888,740,88,180,1,-1,-1,-1
198,22,1198,709,168,259,1,-1,-1,-1
198,23,1293,620,80,140,1,-1,-1,-1
198,24,758,589,60,164,1,-1,-1,-1
198,25,1906,681,148,228,1,-1,-1,-1
198,26,1608,648,50,152,1,-1,-1,-1
199,0,816,814,168,349,1,-1,-1,-1
199,1,1088,751,128,276,1,-1,-1,-1
199,2,682,605,92,168,1,-1,-1,-1
199,3,1634,688,108,248,1,-1,-1,-1
199,4,1038,719,129,304,1,-1,-1,-1
199,5,10,804,168,420,1,-1,-1,-1
199,6,1181,628,164,130,1,-1,-1,-1
199,7,1184,634,116,157,1,-1,-1,-1
199,8,742,576,128,207,1,-1,-1,-1
199,9,1039,722,197,294,1,-1,-1,-1
199,10,1958,682,172,194,1,-1,-1,-1
199,12,1432,679,189,265,1,-1,-1,-1
199,13,490,738,180,340,1,-1,-1,-1
199,14,1514,664,220,301,1,-1,-1,-1
199,15,1096,605,97,147,1,-1,-1,-1
199,16,1597,656,104,192,1,-1,-1,-1
199,17,3,738,337,495,1,-1,-1,-1
199,18,822,797,189,370,1,-1,-1,-1
199,19,1811,647,113,202,1,-1,-1,-1
199,20,1508,692,126,214,1,-1,-1,-1
199,21,1889,740,88,180,1,-1,-1,-1
199,22,1200,711,168,259,1,-1,-1,-1
199,23,1294,621,80,140,1,-1,-1,-1
199,24,760,590,60,164,1,-1,-1,-1
199,25,1907,680,148,228,1,-1,-1,-1
199,26,1610,648,50,152,1,-1,-1,-1
200,0,818,816,168,349,1,-1,-1,-1
200,1,1088,748,128,276,1,-1,-1,-1
200,2,683,603,92,168,1,-1,-1,-1
200,3,1637,687,108,248,1,-1,-1,-1
200,4,1037,716,129,304,1,-1,-1,-1
200,5,8,803,168,420,1,-1,-1,-1
200,6,1183,626,164,130,1,-1,-1,-1
200,7,1184,629,122,165,1,-1,-1,-1
200,8,746,576,128,207,1,-1,-1,-1
200,9,1040,718,197,294,1,-1,-1,-1
200,10,1963,685,172,194,1,-1,-1,-1
200,12,1436,680,189,265,1,-1,-1,-1
200,13,487,730,189,357,1,-1,-1,-1
200,14,1516,662,220,301,1,-1,-1,-1
200,15,1101,602,97,147,1,-1,-1,-1
200,16,1597,656,109,202,1,-1,-1,-1
200,17,1,740,337,495,1,-1,-1,-1
200,18,826,801,189,370,1,-1,-1,-1
200,19,1817,647,113,202,1,-1,-1,-1
200,20,1512,691,126,214,1,-1,-1,-1
200,21,1893,741,88,180,1,-1,-1,-1
200,22,1198,709,168,259,1,-1,-1,-1
200,23,1298,619,80,140,1,-1,-1,-1
200,24,763,591,60,164,1,-1,-1,-1
200,25,1912,681,148,228,1,-1,-1,-1
200,26,1611,649,50,152,1,-1,-1,-1
201,0,816,820,164,376,1,-1,-1,-1
201,1,1088,748,128,276,1,-1,-1,-1
201,2,683,603,92,168,1,-1,-1,-1
201,3,1637,687,108,248,1,-1,-1,-1
201,4,1037,716,129,304,1,-1,-1,-1
201,5,12,800,156,408,1,-1,-1,-1
201,6,1183,626,164,130,1,-1,-1,-1
201,7,1184,629,122,165,1,-1,-1,-1
201,8,746,576,128,207,1,-1,-1,-1
201,9,1064,724,160,308,1,-1,-1,-1
201,10,1963,685,172,194,1,-1,-1,-1
201,12,1436,680,189,265,1,-1,-1,-1
201,13,504,728,164,348,1,-1,-1,-1
201,14,1516,662,220,301,1,-1,-1,-1
201,15,1101,602,97,147,1,-1,-1,-1
201,16,1597,656,109,202,1,-1,-1,-1
201,17,1,740,337,495,1,-1,-1,-1
201,18,826,801,189,370,1,-1,-1,-1
201,19,1817,647,113,202,1,-1,-1,-1
201,20,1512,691,126,214,1,-1,-1,-1
201,21,1893,741,88,180,1,-1,-1,-1
201,22,1198,709,168,259,1,-1,-1,-1
201,23,1312,624,76,136,1,-1,-1,-1
201,24,763,591,60,164,1,-1,-1,-1
201,25,1912,681,148,228,1,-1,-1,-1
201,26,1611,649,50,152,1,-1,-1,-1
202,0,818,821,164,376,1,-1,-1,-1
202,1,1088,749,128,276,1,-1,-1,-1
202,2,687,602,92,168,1,-1,-1,-1
202,3,1643,685,108,248,1,-1,-1,-1
202,4,1039,714,129,304,1,-1,-1,-1
202,5,11,801,156,408,1,-1,-1,-1
202,6,1195,625,164,130,1,-1,-1,-1
202,7,1195,626,122,165,1,-1,-1,-1
202,8,760,580,128,207,1,-1,-1,-1
202,9,1064,724,160,308,1,-1,-1,-1
202,10,1978,688,172,194,1,-1,-1,-1
202,12,1441,681,189,265,1,-1,-1,-1
202,13,502,728,164,348,1,-1,-1,-1
202,14,1526,662,220,301,1,-1,-1,-1
202,15,1113,605,97,147,1,-1,-1,-1
202,16,1611,653,109,202,1,-1,-1,-1
202,17,0,740,328,495,1,-1,-1,-1
202,18,834,818,180,352,1,-1,-1,-1
202,19,1832,645,113,202,1,-1,-1,-1
202,20,1524,689,126,214,1,-1,-1,-1
202,21,1907,744,88,180,1,-1,-1,-1
202,22,1196,706,168,259,1,-1,-1,-1
202,23,1315,624,76,136,1,-1,-1,-1
202,24,773,591,60,164,1,-1,-1,-1
202,25,1927,685,148,228,1,-1,-1,-1
202,26,1613,650,52,160,1,-1,-1,-1
203,0,821,823,164,376,1,-1,-1,-1
203,1,1089,756,122,263,1,-1,-1,-1
203,2,693,604,88,160,1,-1,-1,-1
203,3,1645,684,108,248,1,-1,-1,-1
203,4,1042,718,129,304,1,-1,-1,-1
203,5,8,803,156,408,1,-1,-1,-1
203,6,1200,626,164,130,1,-1,-1,-1
203,7,1199,625,122,165,1,-1,-1,-1
203,8,764,580,128,207,1,-1,-1,-1
203,9,1063,726,160,308,1,-1,-1,-1
203,10,1982,691,172,194,1,-1,-1,-1
203,12,1449,681,189,265,1,-1,-1,-1
203,13,502,729,164,348,1,-1,-1,-1
203,14,1531,663,220,301,1,-1,-1,-1
203,15,1118,599,97,147,1,-1,-1,-1
203,16,1615,651,109,202,1,-1,-1,-1
203,17,0,741,323,495,1,-1,-1,-1
203,18,837,821,180,352,1,-1,-1,-1
203,19,1836,648,113,202,1,-1,-1,-1
203,20,1526,689,126,214,1,-1,-1,-1
203,21,1909,746,88,180,1,-1,-1,-1
203,22,1196,704,168,259,1,-1,-1,-1
203,23,1318,624,76,136,1,-1,-1,-1
203,24,777,590,60,164,1,-1,-1,-1
203,25,1931,687,148,228,1,-1,-1,-1
203,26,1613,645,55,168,1,-1,-1,-1
204,0,825,823,164,376,1,-1,-1,-1
204,1,1088,759,122,263,1,-1,-1,-1
204,2,695,601,88,160,1,-1,-1,-1
204,3,1646,684,108,248,1,-1,-1,-1
204,4,1043,719,129,304,1,-1,-1,-1
204,5,5,804,156,408,1,-1,-1,-1
204,6,1205,626,164,130,1,-1,-1,-1
204,7,1204,626,122,165,1,-1,-1,-1
204,8,769,578,128,207,1,-1,-1,-1
204,9,1063,725,160,308,1,-1,-1,-1
204,10,1985,691,172,194,1,-1,-1,-1
204,12,1453,682,189,265,1,-1,-1,-1
204,13,501,730,164,348,1,-1,-1,-1
204,14,1534,661,220,301,1,-1,-1,-1
204,15,1121,599,97,147,1,-1,-1,-1
204,16,1618,649,109,202,1,-1,-1,-1
204,17,0,744,320,495,1,-1,-1,-1
204,18,839,821,180,352,1,-1,-1,-1
204,19,1840,650,113,202,1,-1,-1,-1
204,20,1531,688,126,214,1,-1,-1,-1
204,21,1913,746,88,180,1,-1,-1,-1
204,22,1199,704,168,259,1,-1,-1,-1
204,23,1320,620,80,143,1,-1,-1,-1
204,24,782,588,60,164,1,-1,-1,-1
204,25,1938,694,141,217,1,-1,-1,-1
204,26,1616,645,55,168,1,-1,-1,-1
205,0,826,824,164,376,1,-1,-1,-1
205,1,1086,758,122,263,1,-1,-1,-1
205,2,696,601,88,160,1,-1,-1,-1
205,3,1647,684,108,248,1,-1,-1,-1
205,4,1044,719,129,304,1,-1,-1,-1
205,5,4,805,156,408,1,-1,-1,-1
205,6,1206,626,164,130,1,-1,-1,-1
205,7,1205,624,122,165,1,-1,-1,-1
205,8,770,578,128,207,1,-1,-1,-1
205,9,1064,725,160,308,1,-1,-1,-1
205,10,1986,692,172,194,1,-1,-1,-1
205,12,1454,681,189,265,1,-1,-1,-1
205,13,501,729,164,348,1,-1,-1,-1
205,14,1536,662,220,301,1,-1,-1,-1
205,15,1122,599,97,147,1,-1,-1,-1
205,16,1617,649,109,202,1,-1,-1,-1
205,17,0,743,318,495,1,-1,-1,-1
205,18,839,820,180,352,1,-1,-1,-1
205,19,1839,650,113,202,1,-1,-1,-1
205,20,1531,688,126,214,1,-1,-1,-1
205,21,1914,746,88,180,1,-1,-1,-1
205,22,1200,704,168,259,1,-1,-1,-1
205,23,1321,621,80,143,1,-1,-1,-1
205,24,785,594,57,156,1,-1,-1,-1
205,25,1935,690,148,228,1,-1,-1,-1
205,26,1617,645,55,168,1,-1,-1,-1
206,0,829,824,164,376,1,-1,-1,-1
206,1,1085,761,122,263,1,-1,-1,-1
206,2,699,600,88,160,1,-1,-1,-1
206,3,1648,683,108,248,1,-1,-1,-1
206,4,1045,722,129,304,1,-1,-1,-1
206,5,1,805,156,408,1,-1,-1,-1
206,6,1212,626,164,130,1,-1,-1,-1
206,7,1211,624,122,165,1,-1,-1,-1
206,8,773,577,128,207,1,-1,-1,-1
206,9,1065,726,160,308,1,-1,-1,-1
206,10,1991,692,172,194,1,-1,-1,-1
206,12,1458,679,189,265,1,-1,-1,-1
206,13,502,730,164,348,1,-1,-1,-1
206,14,1540,662,220,301,1,-1,-1,-1
206,15,1124,595,97,147,1,-1,-1,-1
206,16,1618,649,109,202,1,-1,-1,-1
206,17,0,744,317,495,1,-1,-1,-1
206,18,842,820,180,352,1,-1,-1,-1
206,19,1842,651,113,202,1,-1,-1,-1
206,20,1534,688,126,214,1,-1,-1,-1
206,21,1916,745,88,180,1,-1,-1,-1
206,22,1201,704,168,259,1,-1,-1,-1
206,23,1321,616,84,150,1,-1,-1,-1
206,24,787,590,60,164,1,-1,-1,-1
206,25,1939,691,148,228,1,-1,-1,-1
206,26,1620,645,55,168,1,-1,-1,-1
207,0,831,823,164,376,1,-1,-1,-1
207,1,1084,761,122,263,1,-1,-1,-1
207,2,702,600,88,160,1,-1,-1,-1
207,3,1645,680,113,260,1,-1,-1,-1
207,4,1045,723,129,304,1,-1,-1,-1
207,5,0,807,156,408,1,-1,-1,-1
207,6,1219,624,164,130,1,-1,-1,-1
207,7,1216,623,122,165,1,-1,-1,-1
207,8,776,578,128,207,1,-1,-1,-1
207,9,1065,726,160,308,1,-1,-1,-1
207,10,1992,692,172,194,1,-1,-1,-1
207,12,1461,681,189,265,1,-1,-1,-1
207,13,503,728,164,348,1,-1,-1,-1
207,14,1541,664,220,301,1,-1,-1,-1
207,15,1127,594,97,147,1,-1,-1,-1
207,16,1619,652,109,202,1,-1,-1,-1
207,17,0,743,313,495,1,-1,-1,-1
207,18,844,821,180,352,1,-1,-1,-1
207,19,1845,652,113,202,1,-1,-1,-1
207,20,1536,690,126,214,1,-1,-1,-1
207,21,1916,741,92,189,1,-1,-1,-1
207,22,1203,705,168,259,1,-1,-1,-1
207,23,1323,616,84,150,1,-1,-1,-1
207,24,788,586,63,172,1,-1,-1,-1
207,25,1944,690,148,228,1,-1,-1,-1
207,26,1626,649,55,168,1,-1,-1,-1
208,0,828,814,172,395,1,-1,-1,-1
208,1,1083,761,122,263,1,-1,-1,-1
208,2,707,601,88,160,1,-1,-1,-1
208,3,1649,684,108,248,1,-1,-1,-1
208,4,1046,723,129,304,1,-1,-1,-1
208,5,0,808,155,408,1,-1,-1,-1
208,6,1225,626,164,130,1,-1,-1,-1
208,7,1222,624,122,165,1,-1,-1,-1
208,8,780,577,128,207,1,-1,-1,-1
208,9,1065,728,160,308,1,-1,-1,-1
208,10,1994,692,172,194,1,-1,-1,-1
208,12,1466,682,189,265,1,-1,-1,-1
208,13,504,726,164,348,1,-1,-1,-1
208,14,1541,658,230,316,1,-1,-1,-1
208,15,1130,592,97,147,1,-1,-1,-1
208,16,1622,654,109,202,1,-1,-1,-1
208,17,0,746,314,495,1,-1,-1,-1
208,18,841,813,189,370,1,-1,-1,-1
208,19,1848,652,113,202,1,-1,-1,-1
208,20,1541,694,126,214,1,-1,-1,-1
208,21,1916,740,97,198,1,-1,-1,-1
208,22,1204,706,168,259,1,-1,-1,-1
208,23,1328,618,80,143,1,-1,-1,-1
208,24,791,585,63,172,1,-1,-1,-1
208,25,1945,689,148,228,1,-1,-1,-1
208,26,1630,647,55,168,1,-1,-1,-1
209,0,828,814,172,395,1,-1,-1,-1
209,1,1088,740,96,288,1,-1,-1,-1
209,2,700,608,96,152,1,-1,-1,-1
209,3,1649,684,108,248,1,-1,-1,-1
209,4,1046,723,129,304,1,-1,-1,-1
209,5,0,808,155,408,1,-1,-1,-1
209,6,1225,626,164,130,1,-1,-1,-1
209,7,1222,624,122,165,1,-1,-1,-1
209,8,808,592,88,164,1,-1,-1,-1
209,9,1065,728,160,308,1,-1,-1,-1
209,10,1994,692,172,194,1,-1,-1,-1
209,12,1466,682,189,265,1,-1,-1,-1
209,13,528,752,140,328,1,-1,-1,-1
209,14,1541,658,230,316,1,-1,-1,-1
209,15,1130,592,97,147,1,-1,-1,-1
209,16,1622,654,109,202,1,-1,-1,-1
209,17,0,746,314,495,1,-1,-1,-1
209,18,824,816,240,368,1,-1,-1,-1
209,19,1848,652,113,202,1,-1,-1,-1
209,20,1541,694,126,214,1,-1,-1,-1
209,21,1916,740,97,198,1,-1,-1,-1
209,22,1204,706,168,259,1,-1,-1,-1
209,23,1332,608,72,148,1,-1,-1,-1
209,24,791,585,63,172,1,-1,-1,-1
209,25,1945,689,148,228,1,-1,-1,-1
209,26,1630,647,55,168,1,-1,-1,-1
210,0,832,823,164,376,1,-1,-1,-1
210,1,1088,741,96,288,1,-1,-1,-1
210,2,701,608,96,152,1,-1,-1,-1
210,3,1648,675,113,260,1,-1,-1,-1
210,4,1047,722,129,304,1,-1,-1,-1
210,5,0,808,154,408,1,-1,-1,-1
210,6,1238,628,164,130,1,-1,-1,-1
210,7,1235,623,122,165,1,-1,-1,-1
210,8,811,591,88,164,1,-1,-1,-1
210,9,1066,729,160,308,1,-1,-1,-1
210,10,1997,690,172,194,1,-1,-1,-1
210,12,1477,683,189,265,1,-1,-1,-1
210,13,529,752,140,328,1,-1,-1,-1
210,14,1554,665,230,316,1,-1,-1,-1
210,15,1137,588,97,147,1,-1,-1,-1
210,16,1630,659,109,202,1,-1,-1,-1
210,17,0,744,312,495,1,-1,-1,-1
210,18,824,816,240,368,1,-1,-1,-1
210,19,1854,655,113,202,1,-1,-1,-1
210,20,1550,699,126,214,1,-1,-1,-1
210,21,1918,742,97,198,1,-1,-1,-1
210,22,1202,709,168,259,1,-1,-1,-1
210,23,1334,608,72,148,1,-1,-1,-1
210,24,800,591,63,172,1,-1,-1,-1
210,25,1949,688,148,228,1,-1,-1,-1
210,26,1641,649,55,168,1,-1,-1,-1
211,0,832,823,164,376,1,-1,-1,-1
211,1,1088,741,96,288,1,-1,-1,-1
211,2,702,608,96,152,1,-1,-1,-1
211,3,1647,675,113,260,1,-1,-1,-1
211,4,1048,721,129,304,1,-1,-1,-1
211,5,0,807,154,408,1,-1,-1,-1
211,6,1238,629,164,130,1,-1,-1,-1
211,7,1235,625,122,165,1,-1,-1,-1
211,8,812,591,88,164,1,-1,-1,-1
211,9,1067,730,160,308,1,-1,-1,-1
211,10,1998,690,172,194,1,-1,-1,-1
211,12,1479,681,189,265,1,-1,-1,-1
211,13,529,752,140,328,1,-1,-1,-1
211,14,1556,662,230,316,1,-1,-1,-1
211,15,1137,588,97,147,1,-1,-1,-1
211,16,1630,659,109,202,1,-1,-1,-1
211,17,0,741,312,495,1,-1,-1,-1
211,18,823,815,240,368,1,-1,-1,-1
211,19,1854,653,113,202,1,-1,-1,-1
211,20,1550,696,126,214,1,-1,-1,-1
211,21,1920,741,97,198,1,-1,-1,-1
211,22,1203,709,168,259,1,-1,-1,-1
211,23,1335,608,72,148,1,-1,-1,-1
211,24,804,592,60,164,1,-1,-1,-1
211,25,1951,686,148,228,1,-1,-1,-1
211,26,1642,648,55,168,1,-1,-1,-1
212,0,830,823,164,376,1,-1,-1,-1
212,1,1089,741,96,288,1,-1,-1,-1
212,2,705,608,96,152,1,-1,-1,-1
212,3,1650,675,113,260,1,-1,-1,-1
212,4,1048,721,129,304,1,-1,-1,-1
212,5,0,806,153,408,1,-1,-1,-1
212,6,1244,632,164,130,1,-1,-1,-1
212,7,1240,624,122,165,1,-1,-1,-1
212,8,816,591,88,164,1,-1,-1,-1
212,9,1066,729,160,308,1,-1,-1,-1
212,10,2001,690,172,194,1,-1,-1,-1
212,12,1483,682,189,265,1,-1,-1,-1
212,13,530,753,140,328,1,-1,-1,-1
212,14,1565,669,220,301,1,-1,-1,-1
212,15,1142,586,97,147,1,-1,-1,-1
212,16,1632,659,109,202,1,-1,-1,-1
212,17,0,740,311,495,1,-1,-1,-1
212,18,822,815,240,368,1,-1,-1,-1
212,19,1856,654,113,202,1,-1,-1,-1
212,20,1552,695,132,225,1,-1,-1,-1
212,21,1923,742,97,198,1,-1,-1,-1
212,22,1202,711,168,259,1,-1,-1,-1
212,23,1339,607,72,148,1,-1,-1,-1
212,24,806,590,60,164,1,-1,-1,-1
212,25,1953,687,148,228,1,-1,-1,-1
212,26,1645,651,55,168,1,-1,-1,-1
213,0,828,823,164,376,1,-1,-1,-1
213,1,1090,740,96,288,1,-1,-1,-1
213,2,706,609,96,152,1,-1,-1,-1
213,3,1655,681,113,260,1,-1,-1,-1
213,4,1049,723,129,304,1,-1,-1,-1
213,5,0,806,151,408,1,-1,-1,-1
213,6,1249,633,164,130,1,-1,-1,-1
213,7,1246,624,122,165,1,-1,-1,-1
213,8,819,589,88,164,1,-1,-1,-1
213,9,1067,732,160,308,1,-1,-1,-1
213,10,2007,690,172,194,1,-1,-1,-1
213,12,1489,682,189,265,1,-1,-1,-1
213,13,530,753,140,328,1,-1,-1,-1
213,14,1572,671,220,301,1,-1,-1,-1
213,15,1148,587,92,140,1,-1,-1,-1
213,16,1636,659,109,202,1,-1,-1,-1
213,17,0,738,309,495,1,-1,-1,-1
213,18,820,816,240,368,1,-1,-1,-1
213,19,1860,657,113,202,1,-1,-1,-1
213,20,1554,696,132,225,1,-1,-1,-1
213,21,1927,743,97,198,1,-1,-1,-1
213,22,1202,711,168,259,1,-1,-1,-1
213,23,1343,608,72,148,1,-1,-1,-1
213,24,807,582,63,172,1,-1,-1,-1
213,25,1955,687,148,228,1,-1,-1,-1
213,26,1652,652,55,168,1,-1,-1,-1
214,0,821,823,164,376,1,-1,-1,-1
214,1,1091,740,96,288,1,-1,-1,-1
214,2,708,610,96,152,1,-1,-1,-1
214,3,1659,680,113,260,1,-1,-1,-1
214,4,1049,723,129,304,1,-1,-1,-1
214,5,0,805,150,408,1,-1,-1,-1
214,6,1253,630,164,130,1,-1,-1,-1
214,7,1251,622,122,165,1,-1,-1,-1
214,8,821,588,88,164,1,-1,-1,-1
214,9,1068,732,160,308,1,-1,-1,-1
214,10,2011,690,172,194,1,-1,-1,-1
214,12,1495,680,189,265,1,-1,-1,-1
214,13,530,752,140,328,1,-1,-1,-1
214,14,1576,668,220,301,1,-1,-1,-1
214,15,1153,589,92,140,1,-1,-1,-1
214,16,1643,659,109,202,1,-1,-1,-1
214,17,0,735,307,495,1,-1,-1,-1
214,18,814,816,240,368,1,-1,-1,-1
214,19,1863,659,113,202,1,-1,-1,-1
214,20,1565,701,126,214,1,-1,-1,-1
214,21,1930,742,97,198,1,-1,-1,-1
214,22,1201,714,168,259,1,-1,-1,-1
214,23,1346,605,76,155,1,-1,-1,-1
214,24,810,579,63,172,1,-1,-1,-1
214,25,1958,687,148,228,1,-1,-1,-1
214,26,1656,651,55,168,1,-1,-1,-1
215,0,812,823,164,376,1,-1,-1,-1
215,1,1091,741,96,288,1,-1,-1,-1
215,2,709,609,96,152,1,-1,-1,-1
215,3,1663,681,113,260,1,-1,-1,-1
215,4,1048,725,129,304,1,-1,-1,-1
215,5,0,803,146,408,1,-1,-1,-1
215,6,1260,631,164,130,1,-1,-1,-1
215,7,1258,623,122,165,1,-1,-1,-1
215,8,824,586,88,164,1,-1,-1,-1
215,9,1066,733,160,308,1,-1,-1,-1
215,10,2013,685,181,204,1,-1,-1,-1
215,12,1501,681,189,265,1,-1,-1,-1
215,13,527,742,147,344,1,-1,-1,-1
215,14,1582,669,220,301,1,-1,-1,-1
215,15,1158,587,92,140,1,-1,-1,-1
215,16,1649,660,109,202,1,-1,-1,-1
215,17,0,738,305,495,1,-1,-1,-1
215,18,809,816,240,368,1,-1,-1,-1
215,19,1863,655,119,212,1,-1,-1,-1
215,20,1569,700,126,214,1,-1,-1,-1
215,21,1933,741,97,198,1,-1,-1,-1
215,22,1201,714,168,259,1,-1,-1,-1
215,23,1352,607,76,155,1,-1,-1,-1
215,24,811,581,63,172,1,-1,-1,-1
215,25,1960,687,148,228,1,-1,-1,-1
215,26,1666,649,55,168,1,-1,-1,-1
216,0,803,820,164,376,1,-1,-1,-1
216,1,1091,740,96,288,1,-1,-1,-1
216,2,712,607,96,152,1,-1,-1,-1
216,3,1666,682,113,260,1,-1,-1,-1
216,4,1046,725,129,304,1,-1,-1,-1
216,5,0,801,144,408,1,-1,-1,-1
216,6,1262,633,164,130,1,-1,-1,-1
216,7,1262,624,122,165,1,-1,-1,-1
216,8,828,585,88,164,1,-1,-1,-1
216,9,1065,733,160,308,1,-1,-1,-1
216,10,2020,685,181,204,1,-1,-1,-1
216,12,1507,678,189,265,1,-1,-1,-1
216,13,530,740,147,344,1,-1,-1,-1
216,14,1589,668,220,301,1,-1,-1,-1
216,15,1163,590,88,133,1,-1,-1,-1
216,16,1652,654,115,212,1,-1,-1,-1
216,17,0,736,300,495,1,-1,-1,-1
216,18,801,814,240,368,1,-1,-1,-1
216,19,1867,657,119,212,1,-1,-1,-1
216,20,1574,698,126,214,1,-1,-1,-1
216,21,1938,742,97,198,1,-1,-1,-1
216,22,1198,713,168,259,1,-1,-1,-1
216,23,1358,610,76,155,1,-1,-1,-1
216,24,813,581,63,172,1,-1,-1,-1
216,25,1963,687,148,228,1,-1,-1,-1
216,26,1670,650,55,168,1,-1,-1,-1
217,0,803,820,164,376,1,-1,-1,-1
217,1,1091,740,96,288,1,-1,-1,-1
217,2,712,600,100,160,1,-1,-1,-1
217,3,1666,682,113,260,1,-1,-1,-1
217,4,1046,725,129,304,1,-1,-1,-1
217,5,0,801,144,408,1,-1,-1,-1
217,6,1262,633,164,130,1,-1,-1,-1
217,7,1262,624,122,165,1,-1,-1,-1
217,8,828,585,88,164,1,-1,-1,-1
217,9,1065,733,160,308,1,-1,-1,-1
217,10,2020,685,181,204,1,-1,-1,-1
217,12,1507,678,189,265,1,-1,-1,-1
217,13,464,740,176,340,1,-1,-1,-1
217,14,1589,668,220,301,1,-1,-1,-1
217,15,1163,590,88,133,1,-1,-1,-1
217,16,1652,654,115,212,1,-1,-1,-1
217,17,0,736,300,495,1,-1,-1,-1
217,18,800,820,244,376,1,-1,-1,-1
217,19,1867,657,119,212,1,-1,-1,-1
217,20,1574,698,126,214,1,-1,-1,-1
217,21,1938,742,97,198,1,-1,-1,-1
217,22,1198,713,168,259,1,-1,-1,-1
217,23,1364,616,64,144,1,-1,-1,-1
217,24,813,581,63,172,1,-1,-1,-1
217,25,2020,688,104,236,1,-1,-1,-1
217,26,1670,650,55,168,1,-1,-1,-1
218,0,795,820,164,376,1,-1,-1,-1
218,1,1088,740,96,288,1,-1,-1,-1
218,2,714,599,100,160,1,-1,-1,-1
218,3,1666,674,119,273,1,-1,-1,-1
218,4,1042,725,129,304,1,-1,-1,-1
218,5,0,801,140,408,1,-1,-1,-1
218,6,1265,634,164,130,1,-1,-1,-1
218,7,1265,625,122,165,1,-1,-1,-1
218,8,830,583,88,164,1,-1,-1,-1
218,9,1062,733,160,308,1,-1,-1,-1
218,10,2024,684,181,204,1,-1,-1,-1
218,12,1513,676,189,265,1,-1,-1,-1
218,13,463,739,176,340,1,-1,-1,-1
218,14,1592,661,230,316,1,-1,-1,-1
218,15,1167,595,83,127,1,-1,-1,-1
218,16,1656,652,120,222,1,-1,-1,-1
218,17,0,734,298,495,1,-1,-1,-1
218,18,796,817,244,376,1,-1,-1,-1
218,19,1872,656,119,212,1,-1,-1,-1
218,20,1580,695,126,214,1,-1,-1,-1
218,21,1942,741,97,198,1,-1,-1,-1
218,22,1197,711,168,259,1,-1,-1,-1
218,23,1366,616,64,144,1,-1,-1,-1
218,24,817,581,63,172,1,-1,-1,-1
218,25,2021,688,104,236,1,-1,-1,-1
218,26,1675,646,57,176,1,-1,-1,-1
219,0,786,808,172,395,1,-1,-1,-1
219,1,1086,736,96,288,1,-1,-1,-1
219,2,717,599,100,160,1,-1,-1,-1
219,3,1669,675,119,273,1,-1,-1,-1
219,4,1039,722,129,304,1,-1,-1,-1
219,5,0,805,133,389,1,-1,-1,-1
219,6,1268,634,164,130,1,-1,-1,-1
219,7,1268,625,122,165,1,-1,-1,-1
219,8,830,578,92,172,1,-1,-1,-1
219,9,1058,732,160,308,1,-1,-1,-1
219,10,2029,682,181,204,1,-1,-1,-1
219,12,1519,675,189,265,1,-1,-1,-1
219,13,463,738,176,340,1,-1,-1,-1
219,14,1598,659,230,316,1,-1,-1,-1
219,15,1174,598,83,127,1,-1,-1,-1
219,16,1660,656,115,212,1,-1,-1,-1
219,17,0,717,308,520,1,-1,-1,-1
219,18,793,815,244,376,1,-1,-1,-1
219,19,1875,649,125,222,1,-1,-1,-1
219,20,1585,693,126,214,1,-1,-1,-1
219,21,1947,740,97,198,1,-1,-1,-1
219,22,1194,708,168,259,1,-1,-1,-1
219,23,1370,615,64,144,1,-1,-1,-1
219,24,819,582,63,172,1,-1,-1,-1
219,25,2024,688,104,236,1,-1,-1,-1
219,26,1684,645,57,176,1,-1,-1,-1
220,0,781,809,172,395,1,-1,-1,-1
220,1,1082,736,96,288,1,-1,-1,-1
220,2,720,598,100,160,1,-1,-1,-1
220,3,1674,672,119,273,1,-1,-1,-1
220,4,1034,721,129,304,1,-1,-1,-1
220,5,0,804,130,389,1,-1,-1,-1
220,6,1270,635,164,130,1,-1,-1,-1
220,7,1271,626,122,165,1,-1,-1,-1
220,8,831,576,92,172,1,-1,-1,-1
220,9,1055,727,160,308,1,-1,-1,-1
220,10,2034,682,181,204,1,-1,-1,-1
220,12,1524,672,189,265,1,-1,-1,-1
220,13,461,740,176,340,1,-1,-1,-1
220,14,1605,658,230,316,1,-1,-1,-1
220,15,1179,601,83,127,1,-1,-1,-1
220,16,1665,659,109,202,1,-1,-1,-1
220,17,0,715,306,520,1,-1,-1,-1
220,18,789,814,244,376,1,-1,-1,-1
220,19,1881,649,125,222,1,-1,-1,-1
220,20,1592,691,126,214,1,-1,-1,-1
220,21,1951,740,97,198,1,-1,-1,-1
220,22,1192,708,168,259,1,-1,-1,-1
220,23,1374,614,64,144,1,-1,-1,-1
220,24,821,582,63,172,1,-1,-1,-1
220,25,2028,689,104,236,1,-1,-1,-1
220,26,1689,646,55,168,1,-1,-1,-1
221,0,780,808,172,395,1,-1,-1,-1
221,1,1075,725,101,302,1,-1,-1,-1
221,2,724,597,100,160,1,-1,-1,-1
221,3,1677,670,119,273,1,-1,-1,-1
221,4,1030,717,129,304,1,-1,-1,-1
221,5,0,792,130,408,1,-1,-1,-1
221,6,1273,635,164,130,1,-1,-1,-1
221,7,1273,628,122,165,1,-1,-1,-1
221,8,836,578,92,172,1,-1,-1,-1
221,9,1053,725,160,308,1,-1,-1,-1
221,10,2038,682,181,204,1,-1,-1,-1
221,12,1528,669,189,265,1,-1,-1,-1
221,13,458,742,176,340,1,-1,-1,-1
221,14,1612,656,230,316,1,-1,-1,-1
221,15,1183,604,83,127,1,-1,-1,-1
221,16,1669,659,109,202,1,-1,-1,-1
221,17,0,717,304,520,1,-1,-1,-1
221,18,786,815,244,376,1,-1,-1,-1
221,19,1886,649,125,222,1,-1,-1,-1
221,20,1596,688,126,214,1,-1,-1,-1
221,21,1958,744,92,189,1,-1,-1,-1
221,22,1189,708,168,259,1,-1,-1,-1
221,23,1379,614,64,144,1,-1,-1,-1
221,24,825,580,63,172,1,-1,-1,-1
221,25,2031,691,104,236,1,-1,-1,-1
221,26,1692,646,55,168,1,-1,-1,-1
222,0,778,810,172,395,1,-1,-1,-1
222,1,1069,722,101,302,1,-1,-1,-1
222,2,727,597,100,160,1,-1,-1,-1
222,3,1679,668,119,273,1,-1,-1,-1
222,4,1025,714,129,304,1,-1,-1,-1
222,5,0,796,129,408,1,-1,-1,-1
222,6,1274,635,164,130,1,-1,-1,-1
222,7,1274,629,122,165,1,-1,-1,-1
222,8,839,579,92,172,1,-1,-1,-1
222,9,1049,722,160,308,1,-1,-1,-1
222,10,2043,684,181,204,1,-1,-1,-1
222,12,1530,668,189,265,1,-1,-1,-1
222,13,456,744,176,340,1,-1,-1,-1
222,14,1620,654,230,316,1,-1,-1,-1
222,15,1186,605,83,127,1,-1,-1,-1
222,16,1671,659,109,202,1,-1,-1,-1
222,17,0,723,299,520,1,-1,-1,-1
222,18,784,820,244,376,1,-1,-1,-1
222,19,1891,647,125,222,1,-1,-1,-1
222,20,1599,687,126,214,1,-1,-1,-1
222,21,1963,743,92,189,1,-1,-1,-1
222,22,1187,706,168,259,1,-1,-1,-1
222,23,1383,612,64,144,1,-1,-1,-1
222,24,827,579,63,172,1,-1,-1,-1
222,25,2037,694,104,236,1,-1,-1,-1
222,26,1693,647,55,168,1,-1,-1,-1
223,0,778,811,172,395,1,-1,-1,-1
223,1,1066,720,101,302,1,-1,-1,-1
223,2,728,597,100,160,1,-1,-1,-1
223,3,1682,671,119,273,1,-1,-1,-1
223,4,1022,713,129,304,1,-1,-1,-1
223,5,0,798,128,408,1,-1,-1,-1
223,6,1275,636,164,130,1,-1,-1,-1
223,7,1274,628,122,165,1,-1,-1,-1
223,8,840,580,92,172,1,-1,-1,-1
223,9,1045,714,168,323,1,-1,-1,-1
223,10,2044,685,181,204,1,-1,-1,-1
223,12,1531,667,189,265,1,-1,-1,-1
223,13,455,745,176,340,1,-1,-1,-1
223,14,1620,649,242,332,1,-1,-1,-1
223,15,1187,608,83,127,1,-1,-1,-1
223,16,1673,659,109,202,1,-1,-1,-1
223,17,0,721,301,520,1,-1,-1,-1
223,18,784,818,244,376,1,-1,-1,-1
223,19,1892,646,125,222,1,-1,-1,-1
223,20,1600,686,126,214,1,-1,-1,-1
223,21,1964,745,92,189,1,-1,-1,-1
223,22,1186,704,168,259,1,-1,-1,-1
223,23,1384,613,64,144,1,-1,-1,-1
223,24,828,580,63,172,1,-1,-1,-1
223,25,2038,692,104,236,1,-1,-1,-1
223,26,1693,644,57,176,1,-1,-1,-1
224,0,775,813,172,395,1,-1,-1,-1
224,1,1063,718,101,302,1,-1,-1,-1
224,2,729,597,100,160,1,-1,-1,-1
224,3,1684,672,119,273,1,-1,-1,-1
224,4,1020,712,129,304,1,-1,-1,-1
224,5,0,802,123,408,1,-1,-1,-1
224,6,1276,637,164,130,1,-1,-1,-1
224,7,1275,628,122,165,1,-1,-1,-1
224,8,842,580,92,172,1,-1,-1,-1
224,9,1043,713,168,323,1,-1,-1,-1
224,10,2049,685,181,204,1,-1,-1,-1
224,12,1534,668,189,265,1,-1,-1,-1
224,13,454,747,176,340,1,-1,-1,-1
224,14,1621,652,242,332,1,-1,-1,-1
224,15,1190,609,83,127,1,-1,-1,-1
224,16,1675,659,109,202,1,-1,-1,-1
224,17,0,726,296,520,1,-1,-1,-1
224,18,781,821,244,376,1,-1,-1,-1
224,19,1897,647,125,222,1,-1,-1,-1
224,20,1602,686,126,214,1,-1,-1,-1
224,21,1967,747,92,189,1,-1,-1,-1
224,22,1186,704,168,259,1,-1,-1,-1
224,23,1386,611,64,144,1,-1,-1,-1
224,24,829,575,66,181,1,-1,-1,-1
224,25,2042,693,104,236,1,-1,-1,-1
224,26,1693,642,57,176,1,-1,-1,-1
225,0,775,813,172,395,1,-1,-1,-1
225,1,1063,718,101,302,1,-1,-1,-1
225,2,729,597,100,160,1,-1,-1,-1
225,3,1684,672,119,273,1,-1,-1,-1
225,4,1020,712,129,304,1,-1,-1,-1
225,5,0,802,123,408,1,-1,-1,-1
225,6,1276,637,164,130,1,-1,-1,-1
225,7,1300,628,84,168,1,-1,-1,-1
225,8,842,580,92,172,1,-1,-1,-1
225,9,1036,720,172,308,1,-1,-1,-1
225,10,2068,696,164,188,1,-1,-1,-1
225,12,1534,668,189,265,1,-1,-1,-1
225,13,454,747,176,340,1,-1,-1,-1
225,14,1621,652,242,332,1,-1,-1,-1
225,15,1190,609,83,127,1,-1,-1,-1
225,16,1675,659,109,202,1,-1,-1,-1
225,17,0,726,296,520,1,-1,-1,-1
225,18,780,816,220,380,1,-1,-1,-1
225,19,1897,647,125,222,1,-1,-1,-1
225,20,1602,686,126,214,1,-1,-1,-1
225,21,1960,688,116,244,1,-1,-1,-1
225,22,1186,704,168,259,1,-1,-1,-1
225,23,1386,611,64,144,1,-1,-1,-1
225,24,829,575,66,181,1,-1,-1,-1
225,25,2042,693,104,236,1,-1,-1,-1
225,26,1693,642,57,176,1,-1,-1,-1
226,0,768,816,172,395,1,-1,-1,-1
226,1,1064,726,96,288,1,-1,-1,-1
226,2,731,595,100,160,1,-1,-1,-1
226,3,1684,674,119,273,1,-1,-1,-1
226,4,1018,714,129,304,1,-1,-1,-1
226,5,0,808,117,408,1,-1,-1,-1
226,6,1279,635,164,130,1,-1,-1,-1
226,7,1301,627,84,168,1,-1,-1,-1
226,8,846,579,92,172,1,-1,-1,-1
226,9,1035,720,172,308,1,-1,-1,-1
226,10,2071,696,164,188,1,-1,-1,-1
226,12,1534,671,189,265,1,-1,-1,-1
226,13,449,750,176,340,1,-1,-1,-1
226,14,1621,655,242,332,1,-1,-1,-1
226,15,1199,611,83,127,1,-1,-1,-1
226,16,1674,658,109,202,1,-1,-1,-1
226,17,0,730,288,520,1,-1,-1,-1
226,18,778,819,220,380,1,-1,-1,-1
226,19,1906,649,125,222,1,-1,-1,-1
226,20,1608,691,126,214,1,-1,-1,-1
226,21,1961,690,116,244,1,-1,-1,-1
226,22,1185,705,168,259,1,-1,-1,-1
226,23,1393,613,64,144,1,-1,-1,-1
226,24,830,569,69,190,1,-1,-1,-1
226,25,2052,691,104,236,1,-1,-1,-1
226,26,1693,647,57,176,1,-1,-1,-1
227,0,764,820,172,395,1,-1,-1,-1
227,1,1063,731,96,288,1,-1,-1,-1
227,2,732,594,100,160,1,-1,-1,-1
227,3,1687,682,113,260,1,-1,-1,-1
227,4,1017,717,129,304,1,-1,-1,-1
227,5,0,815,113,408,1,-1,-1,-1
227,6,1280,633,164,130,1,-1,-1,-1
227,7,1304,627,84,168,1,-1,-1,-1
227,8,848,579,92,172,1,-1,-1,-1
227,9,1034,721,172,308,1,-1,-1,-1
227,10,2075,695,164,188,1,-1,-1,-1
227,12,1534,674,189,265,1,-1,-1,-1
227,13,445,750,176,340,1,-1,-1,-1
227,14,1620,656,242,332,1,-1,-1,-1
227,15,1203,610,83,127,1,-1,-1,-1
227,16,1673,658,109,202,1,-1,-1,-1
227,17,0,732,284,520,1,-1,-1,-1
227,18,776,822,220,380,1,-1,-1,-1
227,19,1907,647,125,222,1,-1,-1,-1
227,20,1609,693,126,214,1,-1,-1,-1
227,21,1963,692,116,244,1,-1,-1,-1
227,22,1182,706,168,259,1,-1,-1,-1
227,23,1396,615,64,144,1,-1,-1,-1
227,24,835,575,66,181,1,-1,-1,-1
227,25,2056,692,104,236,1,-1,-1,-1
227,26,1690,646,57,176,1,-1,-1,-1
228,0,761,823,172,395,1,-1,-1,-1
228,1,1060,733,96,288,1,-1,-1,-1
228,2,734,592,100,160,1,-1,-1,-1
228,3,1684,683,113,260,1,-1,-1,-1
228,4,1016,718,129,304,1,-1,-1,-1
228,5,0,812,115,428,1,-1,-1,-1
228,6,1282,633,164,130,1,-1,-1,-1
228,7,1307,628,84,168,1,-1,-1,-1
228,8,850,578,92,172,1,-1,-1,-1
228,9,1031,722,172,308,1,-1,-1,-1
228,10,2079,697,164,188,1,-1,-1,-1
228,12,1535,674,189,265,1,-1,-1,-1
228,13,441,748,176,340,1,-1,-1,-1
228,14,1617,656,242,332,1,-1,-1,-1
228,15,1207,609,83,127,1,-1,-1,-1
228,16,1669,662,109,202,1,-1,-1,-1
228,17,0,722,292,546,1,-1,-1,-1
228,18,774,824,220,380,1,-1,-1,-1
228,19,1909,647,125,222,1,-1,-1,-1
228,20,1608,696,126,214,1,-1,-1,-1
228,21,1966,694,116,244,1,-1,-1,-1
228,22,1180,709,168,259,1,-1,-1,-1
228,23,1398,614,64,144,1,-1,-1,-1
228,24,839,580,63,172,1,-1,-1,-1
228,25,2060,693,104,236,1,-1,-1,-1
228,26,1687,649,55,168,1,-1,-1,-1
229,0,760,823,172,395,1,-1,-1,-1
229,1,1058,733,96,288,1,-1,-1,-1
229,2,734,592,100,160,1,-1,-1,-1
229,3,1684,681,113,260,1,-1,-1,-1
229,4,1015,717,129,304,1,-1,-1,-1
229,5,0,811,114,428,1,-1,-1,-1
229,6,1284,633,164,130,1,-1,-1,-1
229,7,1307,628,84,168,1,-1,-1,-1
229,8,851,579,92,172,1,-1,-1,-1
229,9,1031,723,172,308,1,-1,-1,-1
229,10,2080,697,164,188,1,-1,-1,-1
229,12,1535,675,189,265,1,-1,-1,-1
229,13,440,747,176,340,1,-1,-1,-1
229,14,1617,657,242,332,1,-1,-1,-1
229,15,1207,606,88,133,1,-1,-1,-1
229,16,1667,662,109,202,1,-1,-1,-1
229,17,0,723,292,546,1,-1,-1,-1
229,18,772,825,220,380,1,-1,-1,-1
229,19,1910,647,125,222,1,-1,-1,-1
229,20,1608,697,126,214,1,-1,-1,-1
229,21,1967,694,116,244,1,-1,-1,-1
229,22,1180,708,168,259,1,-1,-1,-1
229,23,1400,614,64,144,1,-1,-1,-1
229,24,841,581,63,172,1,-1,-1,-1
229,25,2063,692,104,236,1,-1,-1,-1
229,26,1685,650,55,168,1,-1,-1,-1
230,0,758,823,172,395,1,-1,-1,-1
230,1,1055,736,96,288,1,-1,-1,-1
230,2,736,590,100,160,1,-1,-1,-1
230,3,1682,679,113,260,1,-1,-1,-1
230,4,1014,721,129,304,1,-1,-1,-1
230,5,0,818,112,428,1,-1,-1,-1
230,6,1286,633,164,130,1,-1,-1,-1
230,7,1309,628,84,168,1,-1,-1,-1
230,8,852,579,92,172,1,-1,-1,-1
230,9,1032,731,164,293,1,-1,-1,-1
230,10,2082,698,164,188,1,-1,-1,-1
230,12,1534,676,189,265,1,-1,-1,-1
230,13,437,746,176,340,1,-1,-1,-1
230,14,1614,656,242,332,1,-1,-1,-1
230,15,1209,604,88,133,1,-1,-1,-1
230,16,1666,663,109,202,1,-1,-1,-1
230,17,0,726,291,546,1,-1,-1,-1
230,18,770,824,220,380,1,-1,-1,-1
230,19,1910,646,125,222,1,-1,-1,-1
230,20,1607,699,126,214,1,-1,-1,-1
230,21,1969,695,116,244,1,-1,-1,-1
230,22,1178,708,168,259,1,-1,-1,-1
230,23,1401,616,64,144,1,-1,-1,-1
230,24,843,580,63,172,1,-1,-1,-1
230,25,2064,696,104,236,1,-1,-1,-1
230,26,1682,649,55,168,1,-1,-1,-1
231,0,756,822,172,395,1,-1,-1,-1
231,1,1054,739,96,288,1,-1,-1,-1
231,2,738,591,100,160,1,-1,-1,-1
231,3,1681,678,113,260,1,-1,-1,-1
231,4,1014,721,129,304,1,-1,-1,-1
231,5,0,829,112,408,1,-1,-1,-1
231,6,1289,633,164,130,1,-1,-1,-1
231,7,1312,628,84,168,1,-1,-1,-1
231,8,856,579,92,172,1,-1,-1,-1
231,9,1030,731,164,293,1,-1,-1,-1
231,10,2086,697,164,188,1,-1,-1,-1
231,12,1534,679,189,265,1,-1,-1,-1
231,13,433,746,176,340,1,-1,-1,-1
231,14,1614,656,242,332,1,-1,-1,-1
231,15,1211,604,88,133,1,-1,-1,-1
231,16,1665,660,109,202,1,-1,-1,-1
231,17,0,743,279,520,1,-1,-1,-1
231,18,768,825,220,380,1,-1,-1,-1
231,19,1910,649,125,222,1,-1,-1,-1
231,20,1606,700,126,214,1,-1,-1,-1
231,21,1970,695,116,244,1,-1,-1,-1
231,22,1176,708,168,259,1,-1,-1,-1
231,23,1403,616,64,144,1,-1,-1,-1
231,24,846,579,63,172,1,-1,-1,-1
231,25,2066,695,104,236,1,-1,-1,-1
231,26,1681,648,55,168,1,-1,-1,-1
232,0,755,821,172,395,1,-1,-1,-1
232,1,1052,740,96,288,1,-1,-1,-1
232,2,739,589,105,168,1,-1,-1,-1
232,3,1682,676,113,260,1,-1,-1,-1
232,4,1012,721,129,304,1,-1,-1,-1
232,5,0,834,114,408,1,-1,-1,-1
232,6,1293,634,164,130,1,-1,-1,-1
232,7,1316,627,84,168,1,-1,-1,-1
232,8,860,579,92,172,1,-1,-1,-1
232,9,1026,726,172,308,1,-1,-1,-1
232,10,2090,698,164,188,1,-1,-1,-1
232,12,1533,680,189,265,1,-1,-1,-1
232,13,431,745,176,340,1,-1,-1,-1
232,14,1612,656,242,332,1,-1,-1,-1
232,15,1211,602,92,140,1,-1,-1,-1
232,16,1665,661,109,202,1,-1,-1,-1
232,17,0,749,280,520,1,-1,-1,-1
232,18,767,824,220,380,1,-1,-1,-1
232,19,1912,650,125,222,1,-1,-1,-1
232,20,1607,699,126,214,1,-1,-1,-1
232,21,1971,695,116,244,1,-1,-1,-1
232,22,1176,707,168,259,1,-1,-1,-1
232,23,1403,616,64,144,1,-1,-1,-1
232,24,849,580,63,172,1,-1,-1,-1
232,25,2068,690,109,248,1,-1,-1,-1
232,26,1680,644,57,176,1,-1,-1,-1
233,0,755,821,172,395,1,-1,-1,-1
233,1,1052,740,96,288,1,-1,-1,-1
233,2,739,589,105,168,1,-1,-1,-1
233,3,1682,676,113,260,1,-1,-1,-1
233,4,1012,721,129,304,1,-1,-1,-1
233,5,0,834,114,408,1,-1,-1,-1
233,6,1293,634,164,130,1,-1,-1,-1
233,7,1316,627,84,168,1,-1,-1,-1
233,8,860,579,92,172,1,-1,-1,-1
233,9,1026,726,172,308,1,-1,-1,-1
233,10,2090,698,164,188,1,-1,-1,-1
233,12,1533,680,189,265,1,-1,-1,-1
233,13,392,740,196,344,1,-1,-1,-1
233,14,1612,656,242,332,1,-1,-1,-1
233,15,1211,602,92,140,1,-1,-1,-1
233,16,1665,661,109,202,1,-1,-1,-1
233,17,0,749,280,520,1,-1,-1,-1
233,18,760,828,204,368,1,-1,-1,-1
233,19,1912,650,125,222,1,-1,-1,-1
233,20,1607,699,126,214,1,-1,-1,-1
233,21,1971,695,116,244,1,-1,-1,-1
233,22,1176,707,168,259,1,-1,-1,-1
233,23,1403,616,64,144,1,-1,-1,-1
233,24,849,580,63,172,1,-1,-1,-1
233,25,2068,690,109,248,1,-1,-1,-1
233,26,1680,644,57,176,1,-1,-1,-1
234,0,749,823,172,395,1,-1,-1,-1
234,1,1051,740,96,288,1,-1,-1,-1
234,2,744,589,105,168,1,-1,-1,-1
234,3,1683,678,113,260,1,-1,-1,-1
234,4,1011,722,129,304,1,-1,-1,-1
234,5,0,847,107,389,1,-1,-1,-1
234,6,1298,634,164,130,1,-1,-1,-1
234,7,1322,627,84,168,1,-1,-1,-1
234,8,863,576,92,172,1,-1,-1,-1
234,9,1022,729,172,308,1,-1,-1,-1
234,10,2099,697,164,188,1,-1,-1,-1
234,12,1536,680,189,265,1,-1,-1,-1
234,13,390,739,196,344,1,-1,-1,-1
234,14,1612,657,242,332,1,-1,-1,-1
234,15,1211,597,97,147,1,-1,-1,-1
234,16,1668,662,109,202,1,-1,-1,-1
234,17,0,746,275,520,1,-1,-1,-1
234,18,758,827,204,368,1,-1,-1,-1
234,19,1917,650,125,222,1,-1,-1,-1
234,20,1607,699,126,214,1,-1,-1,-1
234,21,1973,694,116,244,1,-1,-1,-1
234,22,1175,707,168,259,1,-1,-1,-1
234,23,1406,618,61,137,1,-1,-1,-1
234,24,853,577,63,172,1,-1,-1,-1
234,25,2074,691,109,248,1,-1,-1,-1
234,26,1681,641,60,185,1,-1,-1,-1
235,0,747,824,172,395,1,-1,-1,-1
235,1,1050,740,96,288,1,-1,-1,-1
235,2,745,590,105,168,1,-1,-1,-1
235,3,1684,678,113,260,1,-1,-1,-1
235,4,1011,721,129,304,1,-1,-1,-1
235,5,0,848,109,389,1,-1,-1,-1
235,6,1299,634,164,130,1,-1,-1,-1
235,7,1323,628,84,168,1,-1,-1,-1
235,8,864,576,92,172,1,-1,-1,-1
235,9,1020,730,172,308,1,-1,-1,-1
235,10,2098,697,164,188,1,-1,-1,-1
235,12,1536,679,189,265,1,-1,-1,-1
235,13,389,740,196,344,1,-1,-1,-1
235,14,1614,657,242,332,1,-1,-1,-1
235,15,1212,596,97,147,1,-1,-1,-1
235,16,1667,660,109,202,1,-1,-1,-1
235,17,0,765,264,495,1,-1,-1,-1
235,18,757,827,204,368,1,-1,-1,-1
235,19,1917,651,125,222,1,-1,-1,-1
235,20,1607,699,126,214,1,-1,-1,-1
235,21,1974,692,116,244,1,-1,-1,-1
235,22,1175,707,168,259,1,-1,-1,-1
235,23,1407,617,61,137,1,-1,-1,-1
235,24,854,578,63,172,1,-1,-1,-1
235,25,2076,691,109,248,1,-1,-1,-1
235,26,1684,640,60,185,1,-1,-1,-1
236,0,743,823,172,395,1,-1,-1,-1
236,1,1047,734,101,302,1,-1,-1,-1
236,2,747,590,105,168,1,-1,-1,-1
236,3,1685,681,113,260,1,-1,-1,-1
236,4,1010,721,129,304,1,-1,-1,-1
236,5,0,863,105,370,1,-1,-1,-1
236,6,1302,634,164,130,1,-1,-1,-1
236,7,1326,630,84,168,1,-1,-1,-1
236,8,865,576,92,172,1,-1,-1,-1
236,9,1019,729,172,308,1,-1,-1,-1
236,10,2101,699,164,188,1,-1,-1,-1
236,12,1537,679,189,265,1,-1,-1,-1
236,13,387,739,196,344,1,-1,-1,-1
236,14,1618,657,242,332,1,-1,-1,-1
236,15,1213,596,97,147,1,-1,-1,-1
236,16,1671,663,109,202,1,-1,-1,-1
236,17,0,768,264,495,1,-1,-1,-1
236,18,755,827,204,368,1,-1,-1,-1
236,19,1919,652,125,222,1,-1,-1,-1
236,20,1609,699,126,214,1,-1,-1,-1
236,21,1974,693,116,244,1,-1,-1,-1
236,22,1174,707,168,259,1,-1,-1,-1
236,23,1408,617,61,137,1,-1,-1,-1
236,24,855,576,63,172,1,-1,-1,-1
236,25,2080,698,104,236,1,-1,-1,-1
236,26,1687,643,60,185,1,-1,-1,-1
237,0,737,822,172,395,1,-1,-1,-1
237,1,1046,735,101,302,1,-1,-1,-1
237,2,750,591,105,168,1,-1,-1,-1
237,3,1685,676,119,273,1,-1,-1,-1
237,4,1009,722,129,304,1,-1,-1,-1
237,5,0,863,102,370,1,-1,-1,-1
237,6,1307,635,164,130,1,-1,-1,-1
237,7,1330,631,84,168,1,-1,-1,-1
237,8,868,575,92,172,1,-1,-1,-1
237,9,1018,729,172,308,1,-1,-1,-1
237,10,2101,700,164,188,1,-1,-1,-1
237,12,1540,681,189,265,1,-1,-1,-1
237,13,383,739,196,344,1,-1,-1,-1
237,14,1622,661,242,332,1,-1,-1,-1
237,15,1217,599,92,140,1,-1,-1,-1
237,16,1674,663,109,202,1,-1,-1,-1
237,17,0,771,262,495,1,-1,-1,-1
237,18,751,826,204,368,1,-1,-1,-1
237,19,1921,653,125,222,1,-1,-1,-1
237,20,1612,701,126,214,1,-1,-1,-1
237,21,1975,693,116,244,1,-1,-1,-1
237,22,1174,707,168,259,1,-1,-1,-1
237,23,1409,616,61,137,1,-1,-1,-1
237,24,858,579,60,164,1,-1,-1,-1
237,25,2082,699,104,236,1,-1,-1,-1
237,26,1689,644,60,185,1,-1,-1,-1
238,0,730,822,172,395,1,-1,-1,-1
238,1,1045,735,101,302,1,-1,-1,-1
238,2,752,591,105,168,1,-1,-1,-1
238,3,1687,677,119,273,1,-1,-1,-1
238,4,1007,724,129,304,1,-1,-1,-1
238,5,0,879,105,352,1,-1,-1,-1
238,6,1312,634,164,130,1,-1,-1,-1
238,7,1333,629,84,168,1,-1,-1,-1
238,8,865,570,97,181,1,-1,-1,-1
238,9,1018,729,172,308,1,-1,-1,-1
238,10,2103,701,164,188,1,-1,-1,-1
238,12,1545,681,189,265,1,-1,-1,-1
238,13,377,735,196,344,1,-1,-1,-1
238,14,1627,661,242,332,1,-1,-1,-1
238,15,1221,599,92,140,1,-1,-1,-1
238,16,1678,664,109,202,1,-1,-1,-1
238,17,0,786,251,472,1,-1,-1,-1
238,18,745,825,204,368,1,-1,-1,-1
238,19,1921,654,125,222,1,-1,-1,-1
238,20,1614,702,126,214,1,-1,-1,-1
238,21,1976,694,116,244,1,-1,-1,-1
238,22,1172,706,168,259,1,-1,-1,-1
238,23,1411,614,61,137,1,-1,-1,-1
238,24,858,575,63,172,1,-1,-1,-1
238,25,2084,699,104,236,1,-1,-1,-1
238,26,1694,646,60,185,1,-1,-1,-1
239,0,722,821,172,395,1,-1,-1,-1
239,1,1043,737,101,302,1,-1,-1,-1
239,2,755,591,105,168,1,-1,-1,-1
239,3,1688,677,119,273,1,-1,-1,-1
239,4,1003,726,129,304,1,-1,-1,-1
239,5,0,888,103,352,1,-1,-1,-1
239,6,1316,633,164,130,1,-1,-1,-1
239,7,1337,627,84,168,1,-1,-1,-1
239,8,865,567,97,181,1,-1,-1,-1
239,9,1015,733,172,308,1,-1,-1,-1
239,10,2103,701,164,188,1,-1,-1,-1
239,12,1548,680,189,265,1,-1,-1,-1
239,13,373,731,196,344,1,-1,-1,-1
239,14,1632,660,242,332,1,-1,-1,-1
239,15,1225,600,92,140,1,-1,-1,-1
239,16,1681,665,109,202,1,-1,-1,-1
239,17,0,788,249,472,1,-1,-1,-1
239,18,737,824,204,368,1,-1,-1,-1
239,19,1923,654,125,222,1,-1,-1,-1
239,20,1618,701,126,214,1,-1,-1,-1
239,21,1978,694,116,244,1,-1,-1,-1
239,22,1168,704,168,259,1,-1,-1,-1
239,23,1413,614,61,137,1,-1,-1,-1
239,24,858,574,63,172,1,-1,-1,-1
239,25,2083,700,104,236,1,-1,-1,-1
239,26,1697,650,57,176,1,-1,-1,-1
240,0,715,820,172,395,1,-1,-1,-1
240,1,1040,737,101,302,1,-1,-1,-1
240,2,758,591,105,168,1,-1,-1,-1
240,3,1691,678,119,273,1,-1,-1,-1
240,4,999,729,129,304,1,-1,-1,-1
240,5,0,890,103,352,1,-1,-1,-1
240,6,1319,633,164,130,1,-1,-1,-1
240,7,1338,623,88,176,1,-1,-1,-1
240,8,867,566,97,181,1,-1,-1,-1
240,9,1012,734,172,308,1,-1,-1,-1
240,10,2100,696,172,197,1,-1,-1,-1
240,12,1552,679,189,265,1,-1,-1,-1
240,13,368,731,196,344,1,-1,-1,-1
240,14,1636,661,242,332,1,-1,-1,-1
240,15,1228,601,92,140,1,-1,-1,-1
240,16,1685,669,109,202,1,-1,-1,-1
240,17,0,784,248,472,1,-1,-1,-1
240,18,729,823,204,368,1,-1,-1,-1
240,19,1924,655,125,222,1,-1,-1,-1
240,20,1621,701,126,214,1,-1,-1,-1
240,21,1980,694,116,244,1,-1,-1,-1
240,22,1167,703,168,259,1,-1,-1,-1
240,23,1415,613,61,137,1,-1,-1,-1
240,24,858,573,63,172,1,-1,-1,-1
240,25,2084,699,104,236,1,-1,-1,-1
240,26,1698,650,57,176,1,-1,-1,-1
241,0,715,820,172,395,1,-1,-1,-1
241,1,1040,737,101,302,1,-1,-1,-1
241,2,758,591,105,168,1,-1,-1,-1
241,3,1691,678,119,273,1,-1,-1,-1
241,4,999,729,129,304,1,-1,-1,-1
241,5,0,890,103,352,1,-1,-1,-1
241,6,1319,633,164,130,1,-1,-1,-1
241,7,1338,623,88,176,1,-1,-1,-1
241,8,867,566,97,181,1,-1,-1,-1
241,9,1008,728,172,308,1,-1,-1,-1
241,10,2100,696,172,197,1,-1,-1,-1
241,12,1552,679,189,265,1,-1,-1,-1
241,13,368,740,216,332,1,-1,-1,-1
241,14,1636,661,242,332,1,-1,-1,-1
241,15,1228,601,92,140,1,-1,-1,-1
241,16,1685,669,109,202,1,-1,-1,-1
241,17,0,784,248,472,1,-1,-1,-1
241,18,708,816,232,384,1,-1,-1,-1
241,19,1924,655,125,222,1,-1,-1,-1
241,20,1621,701,126,214,1,-1,-1,-1
241,21,1980,694,116,244,1,-1,-1,-1
241,22,1144,704,180,288,1,-1,-1,-1
241,23,1415,613,61,137,1,-1,-1,-1
241,24,858,573,63,172,1,-1,-1,-1
241,25,2084,699,104,236,1,-1,-1,-1
241,26,1698,650,57,176,1,-1,-1,-1
242,0,707,819,172,395,1,-1,-1,-1
242,1,1037,736,101,302,1,-1,-1,-1
242,2,761,590,105,168,1,-1,-1,-1
242,3,1694,679,119,273,1,-1,-1,-1
242,4,995,729,129,304,1,-1,-1,-1
242,5,0,914,97,336,1,-1,-1,-1
242,6,1323,632,164,130,1,-1,-1,-1
242,7,1342,623,88,176,1,-1,-1,-1
242,8,868,567,97,181,1,-1,-1,-1
242,9,1006,728,172,308,1,-1,-1,-1
242,10,2101,696,172,197,1,-1,-1,-1
242,12,1551,671,198,279,1,-1,-1,-1
242,13,365,741,216,332,1,-1,-1,-1
242,14,1641,661,242,332,1,-1,-1,-1
242,15,1232,602,92,140,1,-1,-1,-1
242,16,1687,670,109,202,1,-1,-1,-1
242,17,0,782,249,472,1,-1,-1,-1
242,18,704,813,232,384,1,-1,-1,-1
242,19,1929,657,125,222,1,-1,-1,-1
242,20,1624,700,126,214,1,-1,-1,-1
242,21,1983,695,116,244,1,-1,-1,-1
242,22,1144,703,180,288,1,-1,-1,-1
242,23,1418,612,61,137,1,-1,-1,-1
242,24,860,574,63,172,1,-1,-1,-1
242,25,2084,699,104,236,1,-1,-1,-1
242,26,1699,649,57,176,1,-1,-1,-1
243,0,701,817,172,395,1,-1,-1,-1
243,1,1034,735,101,302,1,-1,-1,-1
243,2,764,589,105,168,1,-1,-1,-1
243,3,1697,678,119,273,1,-1,-1,-1
243,4,991,727,129,304,1,-1,-1,-1
243,5,0,917,94,320,1,-1,-1,-1
243,6,1326,632,164,130,1,-1,-1,-1
243,7,1346,622,88,176,1,-1,-1,-1
243,8,869,569,97,181,1,-1,-1,-1
243,9,1003,727,172,308,1,-1,-1,-1
243,10,2101,696,172,197,1,-1,-1,-1
243,12,1557,672,198,279,1,-1,-1,-1
243,13,361,743,216,332,1,-1,-1,-1
243,14,1650,661,242,332,1,-1,-1,-1
243,15,1237,602,92,140,1,-1,-1,-1
243,16,1692,673,104,192,1,-1,-1,-1
243,17,0,779,246,472,1,-1,-1,-1
243,18,699,810,232,384,1,-1,-1,-1
243,19,1931,657,125,222,1,-1,-1,-1
243,20,1630,699,126,214,1,-1,-1,-1
243,21,1984,698,116,244,1,-1,-1,-1
243,22,1143,704,180,288,1,-1,-1,-1
243,23,1421,614,61,137,1,-1,-1,-1
243,24,859,569,66,181,1,-1,-1,-1
243,25,2085,698,104,236,1,-1,-1,-1
243,26,1699,690,57,176,1,-1,-1,-1
244,0,696,816,172,395,1,-1,-1,-1
244,1,1024,725,106,318,1,-1,-1,-1
244,2,768,588,105,168,1,-1,-1,-1
244,3,1696,669,125,287,1,-1,-1,-1
244,4,983,723,129,304,1,-1,-1,-1
244,5,0,932,86,304,1,-1,-1,-1
244,6,1328,631,164,130,1,-1,-1,-1
244,7,1349,621,88,176,1,-1,-1,-1
244,8,870,568,97,181,1,-1,-1,-1
244,9,999,722,172,308,1,-1,-1,-1
244,10,2103,694,172,197,1,-1,-1,-1
244,12,1563,671,198,279,1,-1,-1,-1
244,13,357,745,216,332,1,-1,-1,-1
244,14,1654,662,242,332,1,-1,-1,-1
244,15,1241,603,92,140,1,-1,-1,-1
244,16,1694,675,104,192,1,-1,-1,-1
244,17,0,780,244,472,1,-1,-1,-1
244,18,694,808,232,384,1,-1,-1,-1
244,19,1934,658,125,222,1,-1,-1,-1
244,20,1633,701,126,214,1,-1,-1,-1
244,21,1987,697,116,244,1,-1,-1,-1
244,22,1142,706,180,288,1,-1,-1,-1
244,23,1425,616,61,137,1,-1,-1,-1
244,24,862,568,66,181,1,-1,-1,-1
244,25,2087,699,104,236,1,-1,-1,-1
244,26,1700,691,57,176,1,-1,-1,-1
245,0,692,814,172,395,1,-1,-1,-1
245,1,1022,728,101,302,1,-1,-1,-1
245,2,771,588,105,168,1,-1,-1,-1
245,3,1699,668,125,287,1,-1,-1,-1
245,4,976,719,129,304,1,-1,-1,-1
245,5,0,911,91,304,1,-1,-1,-1
245,6,1329,631,164,130,1,-1,-1,-1
245,7,1350,622,88,176,1,-1,-1,-1
245,8,873,567,97,181,1,-1,-1,-1
245,9,993,719,172,308,1,-1,-1,-1
245,10,2105,695,172,197,1,-1,-1,-1
245,12,1565,670,198,279,1,-1,-1,-1
245,13,352,749,216,332,1,-1,-1,-1
245,14,1657,658,242,332,1,-1,-1,-1
245,15,1245,604,92,140,1,-1,-1,-1
245,16,1696,675,104,192,1,-1,-1,-1
245,17,0,775,248,472,1,-1,-1,-1
245,18,690,808,232,384,1,-1,-1,-1
245,19,1938,660,125,222,1,-1,-1,-1
245,20,1636,701,126,214,1,-1,-1,-1
245,21,1990,699,116,244,1,-1,-1,-1
245,22,1144,707,180,288,1,-1,-1,-1
245,23,1428,617,61,137,1,-1,-1,-1
245,24,863,567,66,181,1,-1,-1,-1
245,25,2086,696,109,248,1,-1,-1,-1
245,26,1700,696,57,176,1,-1,-1,-1
246,0,689,816,172,395,1,-1,-1,-1
246,1,1017,725,101,302,1,-1,-1,-1
246,2,775,589,105,168,1,-1,-1,-1
246,3,1701,665,125,287,1,-1,-1,-1
246,4,973,716,129,304,1,-1,-1,-1
246,5,0,924,97,304,1,-1,-1,-1
246,6,1330,631,164,130,1,-1,-1,-1
246,7,1351,622,88,176,1,-1,-1,-1
246,8,875,571,97,181,1,-1,-1,-1
246,9,989,717,172,308,1,-1,-1,-1
246,10,2108,695,172,197,1,-1,-1,-1
246,12,1567,668,198,279,1,-1,-1,-1
246,13,347,751,216,332,1,-1,-1,-1
246,14,1658,658,242,332,1,-1,-1,-1
246,15,1250,604,92,140,1,-1,-1,-1
246,16,1697,675,104,192,1,-1,-1,-1
246,17,0,769,250,472,1,-1,-1,-1
246,18,687,810,232,384,1,-1,-1,-1
246,19,1944,660,125,222,1,-1,-1,-1
246,20,1639,701,126,214,1,-1,-1,-1
246,21,1994,700,116,244,1,-1,-1,-1
246,22,1146,709,180,288,1,-1,-1,-1
246,23,1430,618,61,137,1,-1,-1,-1
246,24,864,568,66,181,1,-1,-1,-1
246,25,2087,697,109,248,1,-1,-1,-1
246,26,1701,696,57,176,1,-1,-1,-1
247,0,688,815,172,395,1,-1,-1,-1
247,1,1013,723,101,302,1,-1,-1,-1
247,2,775,589,105,168,1,-1,-1,-1
247,3,1702,665,125,287,1,-1,-1,-1
247,4,971,716,129,304,1,-1,-1,-1
247,5,0,946,102,304,1,-1,-1,-1
247,6,1331,631,164,130,1,-1,-1,-1
247,7,1351,622,88,176,1,-1,-1,-1
247,8,876,571,97,181,1,-1,-1,-1
247,9,989,715,172,308,1,-1,-1,-1
247,10,2108,697,172,197,1,-1,-1,-1
247,12,1567,667,198,279,1,-1,-1,-1
247,13,345,751,216,332,1,-1,-1,-1
247,14,1659,658,242,332,1,-1,-1,-1
247,15,1251,605,92,140,1,-1,-1,-1
247,16,1698,677,104,192,1,-1,-1,-1
247,17,0,768,247,472,1,-1,-1,-1
247,18,686,810,232,384,1,-1,-1,-1
247,19,1944,659,125,222,1,-1,-1,-1
247,20,1640,700,126,214,1,-1,-1,-1
247,21,1996,701,116,244,1,-1,-1,-1
247,22,1146,709,180,288,1,-1,-1,-1
247,23,1431,619,61,137,1,-1,-1,-1
247,24,864,568,66,181,1,-1,-1,-1
247,25,2088,697,109,248,1,-1,-1,-1
247,26,1702,697,57,176,1,-1,-1,-1
248,0,686,819,172,395,1,-1,-1,-1
248,1,1014,730,96,288,1,-1,-1,-1
248,2,778,589,105,168,1,-1,-1,-1
248,3,1702,665,125,287,1,-1,-1,-1
248,4,969,717,129,304,1,-1,-1,-1
248,5,0,910,102,320,1,-1,-1,-1
248,6,1331,632,164,130,1,-1,-1,-1
248,7,1352,623,88,176,1,-1,-1,-1
248,8,878,571,97,181,1,-1,-1,-1
248,9,985,717,172,308,1,-1,-1,-1
248,10,2111,696,172,197,1,-1,-1,-1
248,12,1569,666,198,279,1,-1,-1,-1
248,13,340,752,216,332,1,-1,-1,-1
248,14,1661,655,242,332,1,-1,-1,-1
248,15,1253,605,92,140,1,-1,-1,-1
248,16,1701,675,104,192,1,-1,-1,-1
248,17,0,770,246,472,1,-1,-1,-1
248,18,685,812,232,384,1,-1,-1,-1
248,19,1949,659,125,222,1,-1,-1,-1
248,20,1643,699,126,214,1,-1,-1,-1
248,21,1998,702,116,244,1,-1,-1,-1
248,22,1146,710,180,288,1,-1,-1,-1
248,23,1433,620,61,137,1,-1,-1,-1
248,24,866,568,66,181,1,-1,-1,-1
248,25,2090,697,109,248,1,-1,-1,-1
248,26,1703,697,57,176,1,-1,-1,-1
249,0,686,819,172,395,1,-1,-1,-1
249,1,1014,730,96,288,1,-1,-1,-1
249,2,788,600,104,152,1,-1,-1,-1
249,3,1676,692,156,276,1,-1,-1,-1
249,4,969,717,129,304,1,-1,-1,-1
249,5,0,910,102,320,1,-1,-1,-1
249,6,1331,632,164,130,1,-1,-1,-1
249,7,1352,623,88,176,1,-1,-1,-1
249,8,878,571,97,181,1,-1,-1,-1
249,9,976,724,184,312,1,-1,-1,-1
249,10,2111,696,172,197,1,-1,-1,-1
249,12,1569,666,198,279,1,-1,-1,-1
249,13,368,748,184,340,1,-1,-1,-1
249,14,1661,655,242,332,1,-1,-1,-1
249,15,1253,605,92,140,1,-1,-1,-1
249,16,1701,675,104,192,1,-1,-1,-1
249,17,0,770,246,472,1,-1,-1,-1
249,18,676,820,236,388,1,-1,-1,-1
249,19,1949,659,125,222,1,-1,-1,-1
249,20,1643,699,126,214,1,-1,-1,-1
249,21,1998,702,116,244,1,-1,-1,-1
249,22,1124,704,212,276,1,-1,-1,-1
249,23,1432,620,72,140,1,-1,-1,-1
249,24,866,568,66,181,1,-1,-1,-1
249,25,2090,697,109,248,1,-1,-1,-1
249,26,1703,697,57,176,1,-1,-1,-1
250,0,674,822,172,395,1,-1,-1,-1
250,1,1012,738,96,288,1,-1,-1,-1
250,2,789,600,104,152,1,-1,-1,-1
250,3,1677,693,156,276,1,-1,-1,-1
250,4,966,722,129,304,1,-1,-1,-1
250,5,0,914,93,320,1,-1,-1,-1
250,6,1332,633,164,130,1,-1,-1,-1
250,7,1353,624,88,176,1,-1,-1,-1
250,8,882,571,97,181,1,-1,-1,-1
250,9,972,723,184,312,1,-1,-1,-1
250,10,2116,696,172,197,1,-1,-1,-1
250,12,1574,666,198,279,1,-1,-1,-1
250,13,367,748,184,340,1,-1,-1,-1
250,14,1664,655,242,332,1,-1,-1,-1
250,15,1262,607,92,140,1,-1,-1,-1
250,16,1699,685,99,183,1,-1,-1,-1
250,17,0,780,249,472,1,-1,-1,-1
250,18,671,821,236,388,1,-1,-1,-1
250,19,1958,664,119,212,1,-1,-1,-1
250,20,1649,699,126,214,1,-1,-1,-1
250,21,2006,701,116,244,1,-1,-1,-1
250,22,1124,704,212,276,1,-1,-1,-1
250,23,1434,619,72,140,1,-1,-1,-1
250,24,870,567,66,181,1,-1,-1,-1
250,25,2093,697,109,248,1,-1,-1,-1
250,26,1703,692,57,176,1,-1,-1,-1
251,0,669,825,172,395,1,-1,-1,-1
251,1,1010,741,96,288,1,-1,-1,-1
251,2,792,600,104,152,1,-1,-1,-1
251,3,1677,694,156,276,1,-1,-1,-1
251,4,963,725,129,304,1,-1,-1,-1
251,5,0,917,87,320,1,-1,-1,-1
251,6,1333,633,164,130,1,-1,-1,-1
251,7,1353,624,88,176,1,-1,-1,-1
251,8,885,571,97,181,1,-1,-1,-1
251,9,968,724,184,312,1,-1,-1,-1
251,10,2119,698,172,197,1,-1,-1,-1
251,12,1575,670,198,279,1,-1,-1,-1
251,13,364,747,184,340,1,-1,-1,-1
251,14,1664,657,242,332,1,-1,-1,-1
251,15,1265,606,92,140,1,-1,-1,-1
251,16,1697,688,99,183,1,-1,-1,-1
251,17,0,783,251,472,1,-1,-1,-1
251,18,666,823,236,388,1,-1,-1,-1
251,19,1960,662,119,212,1,-1,-1,-1
251,20,1651,698,126,214,1,-1,-1,-1
251,21,2009,701,116,244,1,-1,-1,-1
251,22,1126,705,212,276,1,-1,-1,-1
251,23,1437,618,72,140,1,-1,-1,-1
251,24,874,568,66,181,1,-1,-1,-1
251,25,2096,698,109,248,1,-1,-1,-1
251,26,1703,690,57,176,1,-1,-1,-1
252,0,663,825,172,395,1,-1,-1,-1
252,1,1004,744,96,288,1,-1,-1,-1
252,2,794,599,104,152,1,-1,-1,-1
252,3,1677,696,156,276,1,-1,-1,-1
252,4,961,728,129,304,1,-1,-1,-1
252,5,0,920,87,320,1,-1,-1,-1
252,6,1333,633,164,130,1,-1,-1,-1
252,7,1353,625,88,176,1,-1,-1,-1
252,8,887,572,97,181,1,-1,-1,-1
252,9,964,725,184,312,1,-1,-1,-1
252,10,2121,700,172,197,1,-1,-1,-1
252,12,1578,669,198,279,1,-1,-1,-1
252,13,362,746,184,340,1,-1,-1,-1
252,14,1665,657,242,332,1,-1,-1,-1
252,15,1269,605,92,140,1,-1,-1,-1
252,16,1695,690,99,183,1,-1,-1,-1
252,17,0,788,252,472,1,-1,-1,-1
252,18,661,827,236,388,1,-1,-1,-1
252,19,1963,660,119,212,1,-1,-1,-1
252,20,1654,701,126,214,1,-1,-1,-1
252,21,2013,701,116,244,1,-1,-1,-1
252,22,1126,706,212,276,1,-1,-1,-1
252,23,1440,618,72,140,1,-1,-1,-1
252,24,877,571,66,181,1,-1,-1,-1
252,25,2101,699,109,248,1,-1,-1,-1
253,0,661,827,172,395,1,-1,-1,-1
253,1,1002,747,96,288,1,-1,-1,-1
253,2,794,599,104,152,1,-1,-1,-1
253,3,1677,696,156,276,1,-1,-1,-1
253,4,959,729,129,304,1,-1,-1,-1
253,6,1333,633,164,130,1,-1,-1,-1
253,7,1354,625,88,176,1,-1,-1,-1
253,8,887,572,97,181,1,-1,-1,-1
253,9,962,725,184,312,1,-1,-1,-1
253,10,2121,701,172,197,1,-1,-1,-1
253,12,1583,677,189,265,1,-1,-1,-1
253,13,361,747,184,340,1,-1,-1,-1
253,14,1662,658,242,332,1,-1,-1,-1
253,15,1270,604,92,140,1,-1,-1,-1
253,16,1696,688,99,183,1,-1,-1,-1
253,17,0,790,252,472,1,-1,-1,-1
253,18,659,826,236,388,1,-1,-1,-1
253,19,1964,659,119,212,1,-1,-1,-1
253,20,1655,701,126,214,1,-1,-1,-1
253,21,2014,701,116,244,1,-1,-1,-1
253,22,1126,706,212,276,1,-1,-1,-1
253,23,1441,618,72,140,1,-1,-1,-1
253,24,878,573,66,181,1,-1,-1,-1
253,25,2102,699,109,248,1,-1,-1,-1
254,0,657,827,172,395,1,-1,-1,-1
254,1,999,748,96,288,1,-1,-1,-1
254,2,796,598,104,152,1,-1,-1,-1
254,3,1678,695,156,276,1,-1,-1,-1
254,4,955,725,136,319,1,-1,-1,-1
254,6,1336,632,164,130,1,-1,-1,-1
254,7,1355,624,88,176,1,-1,-1,-1
254,8,888,571,97,181,1,-1,-1,-1
254,9,960,727,184,312,1,-1,-1,-1
254,10,2123,702,172,197,1,-1,-1,-1
254,12,1582,680,189,265,1,-1,-1,-1
254,13,358,747,184,340,1,-1,-1,-1
254,14,1662,659,242,332,1,-1,-1,-1
254,15,1273,605,92,140,1,-1,-1,-1
254,16,1693,692,99,183,1,-1,-1,-1
254,17,0,795,250,472,1,-1,-1,-1
254,18,655,828,236,388,1,-1,-1,-1
254,19,1967,659,119,212,1,-1,-1,-1
254,20,1654,703,126,214,1,-1,-1,-1
254,21,2016,702,116,244,1,-1,-1,-1
254,22,1128,707,212,276,1,-1,-1,-1
254,23,1443,617,72,140,1,-1,-1,-1
254,24,880,573,66,181,1,-1,-1,-1
254,25,2105,699,109,248,1,-1,-1,-1
255,0,654,827,172,395,1,-1,-1,-1
255,1,997,750,96,288,1,-1,-1,-1
255,2,797,596,104,152,1,-1,-1,-1
255,3,1679,695,156,276,1,-1,-1,-1
255,4,953,725,136,319,1,-1,-1,-1
255,6,1339,632,164,130,1,-1,-1,-1
255,7,1358,625,88,176,1,-1,-1,-1
255,8,893,570,97,181,1,-1,-1,-1
255,9,959,728,184,312,1,-1,-1,-1
255,10,2127,704,172,197,1,-1,-1,-1
255,12,1581,682,189,265,1,-1,-1,-1
255,13,356,748,184,340,1,-1,-1,-1
255,14,1663,658,242,332,1,-1,-1,-1
255,15,1277,604,92,140,1,-1,-1,-1
255,16,1694,695,99,183,1,-1,-1,-1
255,17,0,796,250,472,1,-1,-1,-1
255,18,653,827,236,388,1,-1,-1,-1
255,19,1971,660,119,212,1,-1,-1,-1
255,20,1654,706,126,214,1,-1,-1,-1
255,21,2019,703,116,244,1,-1,-1,-1
255,22,1129,706,212,276,1,-1,-1,-1
255,23,1446,616,72,140,1,-1,-1,-1
255,24,883,573,66,181,1,-1,-1,-1
255,25,2108,699,109,248,1,-1,-1,-1
256,0,650,827,172,395,1,-1,-1,-1
256,1,995,749,96,288,1,-1,-1,-1
256,2,799,595,104,152,1,-1,-1,-1
256,3,1680,695,156,276,1,-1,-1,-1
256,4,952,723,136,319,1,-1,-1,-1
256,6,1342,632,164,130,1,-1,-1,-1
256,7,1361,625,88,176,1,-1,-1,-1
256,8,894,570,97,181,1,-1,-1,-1
256,9,959,728,184,312,1,-1,-1,-1
256,10,2131,705,172,197,1,-1,-1,-1
256,12,1579,681,189,265,1,-1,-1,-1
256,13,353,748,184,340,1,-1,-1,-1
256,14,1663,659,242,332,1,-1,-1,-1
256,15,1280,603,92,140,1,-1,-1,-1
256,16,1694,699,99,183,1,-1,-1,-1
256,17,0,794,252,472,1,-1,-1,-1
256,18,649,828,236,388,1,-1,-1,-1
256,19,1974,661,119,212,1,-1,-1,-1
256,20,1653,707,126,214,1,-1,-1,-1
256,21,2021,703,116,244,1,-1,-1,-1
256,22,1128,706,212,276,1,-1,-1,-1
256,23,1448,616,72,140,1,-1,-1,-1
256,24,884,572,66,181,1,-1,-1,-1
256,25,2112,699,109,248,1,-1,-1,-1
257,0,650,827,172,395,1,-1,-1,-1
257,1,995,749,96,288,1,-1,-1,-1
257,2,799,595,104,152,1,-1,-1,-1
257,3,1676,696,140,252,1,-1,-1,-1
257,4,952,723,136,319,1,-1,-1,-1
257,6,1342,632,164,130,1,-1,-1,-1
257,7,1361,625,88,176,1,-1,-1,-1
257,8,894,570,97,181,1,-1,-1,-1
257,9,972,732,168,316,1,-1,-1,-1
257,10,2132,700,136,224,1,-1,-1,-1
257,12,1579,681,189,265,1,-1,-1,-1
257,13,296,740,216,352,1,-1,-1,-1
257,14,1663,659,242,332,1,-1,-1,-1
257,15,1284,604,68,152,1,-1,-1,-1
257,16,1694,699,99,183,1,-1,-1,-1
257,17,0,794,252,472,1,-1,-1,-1
257,18,632,808,260,408,1,-1,-1,-1
257,19,1974,661,119,212,1,-1,-1,-1
257,20,1653,707,126,214,1,-1,-1,-1
257,21,2024,708,108,248,1,-1,-1,-1
257,22,1112,700,220,292,1,-1,-1,-1
257,23,1456,608,68,148,1,-1,-1,-1
257,24,892,580,68,152,1,-1,-1,-1
257,25,2112,699,109,248,1,-1,-1,-1
258,0,638,816,181,415,1,-1,-1,-1
258,1,995,749,96,288,1,-1,-1,-1
258,2,801,596,104,152,1,-1,-1,-1
258,3,1675,696,140,252,1,-1,-1,-1
258,4,952,720,136,319,1,-1,-1,-1
258,6,1347,633,164,130,1,-1,-1,-1
258,7,1367,627,88,176,1,-1,-1,-1
258,8,896,565,97,181,1,-1,-1,-1
258,9,972,733,168,316,1,-1,-1,-1
258,10,2134,701,136,224,1,-1,-1,-1
258,12,1579,682,189,265,1,-1,-1,-1
258,13,293,740,216,352,1,-1,-1,-1
258,14,1662,661,242,332,1,-1,-1,-1
258,15,1285,604,68,152,1,-1,-1,-1
258,16,1692,696,99,183,1,-1,-1,-1
258,17,0,787,250,472,1,-1,-1,-1
258,18,629,807,260,408,1,-1,-1,-1
258,19,1977,663,119,212,1,-1,-1,-1
258,20,1651,707,126,214,1,-1,-1,-1
258,21,2024,710,108,248,1,-1,-1,-1
258,22,1111,699,220,292,1,-1,-1,-1
258,23,1457,608,68,148,1,-1,-1,-1
258,24,892,580,68,152,1,-1,-1,-1
258,25,2118,704,109,248,1,-1,-1,-1
259,0,637,816,181,415,1,-1,-1,-1
259,1,994,749,96,288,1,-1,-1,-1
259,2,802,597,104,152,1,-1,-1,-1
259,3,1675,697,140,252,1,-1,-1,-1
259,4,952,721,136,319,1,-1,-1,-1
259,6,1348,635,164,130,1,-1,-1,-1
259,7,1368,629,88,176,1,-1,-1,-1
259,8,896,564,97,181,1,-1,-1,-1
259,9,972,734,168,316,1,-1,-1,-1
259,10,2135,701,136,224,1,-1,-1,-1
259,12,1579,683,189,265,1,-1,-1,-1
259,13,293,740,216,352,1,-1,-1,-1
259,14,1662,662,242,332,1,-1,-1,-1
259,15,1286,604,68,152,1,-1,-1,-1
259,16,1692,696,99,183,1,-1,-1,-1
259,17,0,788,249,472,1,-1,-1,-1
259,18,628,808,260,408,1,-1,-1,-1
259,19,1977,663,119,212,1,-1,-1,-1
259,20,1650,708,126,214,1,-1,-1,-1
259,21,2025,712,108,248,1,-1,-1,-1
259,22,1110,699,220,292,1,-1,-1,-1
259,23,1457,609,68,148,1,-1,-1,-1
259,24,892,580,68,152,1,-1,-1,-1
259,25,2120,704,109,248,1,-1,-1,-1
260,0,632,817,181,415,1,-1,-1,-1
260,1,994,749,96,288,1,-1,-1,-1
260,2,802,597,104,152,1,-1,-1,-1
260,3,1674,697,140,252,1,-1,-1,-1
260,4,950,723,136,319,1,-1,-1,-1
260,6,1350,635,164,130,1,-1,-1,-1
260,7,1368,629,88,176,1,-1,-1,-1
260,8,896,567,97,181,1,-1,-1,-1
260,9,972,734,168,316,1,-1,-1,-1
260,10,2137,701,136,224,1,-1,-1,-1
260,12,1578,683,189,265,1,-1,-1,-1
260,13,290,738,216,352,1,-1,-1,-1
260,14,1663,662,242,332,1,-1,-1,-1
260,15,1287,604,68,152,1,-1,-1,-1
260,16,1691,691,99,183,1,-1,-1,-1
260,18,624,807,260,408,1,-1,-1,-1
260,19,1977,665,119,212,1,-1,-1,-1
260,20,1647,708,126,214,1,-1,-1,-1
260,21,2025,713,108,248,1,-1,-1,-1
260,22,1109,700,220,292,1,-1,-1,-1
260,23,1458,609,68,148,1,-1,-1,-1
260,24,893,581,68,152,1,-1,-1,-1
260,25,2121,704,109,248,1,-1,-1,-1
261,0,624,817,181,415,1,-1,-1,-1
261,1,992,751,96,288,1,-1,-1,-1
261,2,803,598,104,152,1,-1,-1,-1
261,3,1675,698,140,252,1,-1,-1,-1
261,4,946,726,136,319,1,-1,-1,-1
261,6,1352,637,164,130,1,-1,-1,-1
261,7,1372,634,84,168,1,-1,-1,-1
261,8,899,566,97,181,1,-1,-1,-1
261,9,970,736,168,316,1,-1,-1,-1
261,10,2141,701,136,224,1,-1,-1,-1
261,12,1578,681,189,265,1,-1,-1,-1
261,13,285,737,216,352,1,-1,-1,-1
261,14,1666,663,242,332,1,-1,-1,-1
261,15,1289,605,68,152,1,-1,-1,-1
261,16,1691,689,99,183,1,-1,-1,-1
261,18,619,807,260,408,1,-1,-1,-1
261,19,1975,665,119,212,1,-1,-1,-1
261,20,1646,706,126,214,1,-1,-1,-1
261,21,2025,713,108,248,1,-1,-1,-1
261,22,1107,699,220,292,1,-1,-1,-1
261,23,1458,608,68,148,1,-1,-1,-1
261,24,893,581,68,152,1,-1,-1,-1
261,25,2125,704,109,248,1,-1,-1,-1
262,0,619,818,181,415,1,-1,-1,-1
262,1,987,745,101,302,1,-1,-1,-1
262,2,803,600,104,152,1,-1,-1,-1
262,3,1675,699,140,252,1,-1,-1,-1
262,4,942,728,136,319,1,-1,-1,-1
262,6,1354,636,164,130,1,-1,-1,-1
262,7,1375,634,84,168,1,-1,-1,-1
262,8,899,566,97,181,1,-1,-1,-1
262,9,966,736,168,316,1,-1,-1,-1
262,10,2145,702,136,224,1,-1,-1,-1
262,12,1576,680,189,265,1,-1,-1,-1
262,13,280,736,216,352,1,-1,-1,-1
262,14,1665,662,242,332,1,-1,-1,-1
262,15,1291,605,68,152,1,-1,-1,-1
262,18,613,807,260,408,1,-1,-1,-1
262,19,1974,667,119,212,1,-1,-1,-1
262,20,1644,703,126,214,1,-1,-1,-1
262,21,2024,713,108,248,1,-1,-1,-1
262,22,1107,698,220,292,1,-1,-1,-1
262,23,1458,608,68,148,1,-1,-1,-1
262,24,893,581,68,152,1,-1,-1,-1
262,25,2128,704,109,248,1,-1,-1,-1
263,0,610,818,181,415,1,-1,-1,-1
263,1,985,746,101,302,1,-1,-1,-1
263,2,804,602,104,152,1,-1,-1,-1
263,3,1676,700,140,252,1,-1,-1,-1
263,4,938,730,136,319,1,-1,-1,-1
263,6,1357,636,164,130,1,-1,-1,-1
263,7,1378,634,84,168,1,-1,-1,-1
263,8,899,566,97,181,1,-1,-1,-1
263,9,963,738,168,316,1,-1,-1,-1
263,10,2147,702,136,224,1,-1,-1,-1
263,12,1575,681,189,265,1,-1,-1,-1
263,13,276,737,216,352,1,-1,-1,-1
263,14,1667,661,242,332,1,-1,-1,-1
263,15,1293,604,68,152,1,-1,-1,-1
263,18,606,807,260,408,1,-1,-1,-1
263,19,1974,669,119,212,1,-1,-1,-1
263,20,1644,704,126,214,1,-1,-1,-1
263,21,2024,712,108,248,1,-1,-1,-1
263,22,1105,697,220,292,1,-1,-1,-1
263,23,1456,604,71,155,1,-1,-1,-1
263,24,893,580,68,152,1,-1,-1,-1
263,25,2131,706,109,248,1,-1,-1,-1
264,0,601,819,181,415,1,-1,-1,-1
264,1,982,745,101,302,1,-1,-1,-1
264,2,806,601,104,152,1,-1,-1,-1
264,3,1680,701,140,252,1,-1,-1,-1
264,4,934,729,136,319,1,-1,-1,-1
264,6,1360,635,164,130,1,-1,-1,-1
264,7,1380,633,84,168,1,-1,-1,-1
264,8,899,565,97,181,1,-1,-1,-1
264,9,961,738,168,316,1,-1,-1,-1
264,10,2150,702,136,224,1,-1,-1,-1
264,12,1571,672,189,265,1,-1,-1,-1
264,13,272,738,216,352,1,-1,-1,-1
264,14,1671,662,242,332,1,-1,-1,-1
264,15,1294,603,68,152,1,-1,-1,-1
264,18,596,808,260,408,1,-1,-1,-1
264,19,1970,671,119,212,1,-1,-1,-1
264,20,1641,700,126,214,1,-1,-1,-1
264,21,2024,712,108,248,1,-1,-1,-1
264,22,1101,698,220,292,1,-1,-1,-1
264,23,1456,603,71,155,1,-1,-1,-1
264,24,892,578,68,152,1,-1,-1,-1
264,25,2134,707,109,248,1,-1,-1,-1
265,0,601,819,181,415,1,-1,-1,-1
265,1,982,745,101,302,1,-1,-1,-1
265,2,812,600,76,152,1,-1,-1,-1
265,3,1680,701,140,252,1,-1,-1,-1
265,4,934,729,136,319,1,-1,-1,-1
265,6,1360,635,164,130,1,-1,-1,-1
265,7,1380,633,84,168,1,-1,-1,-1
265,8,899,565,97,181,1,-1,-1,-1
265,9,961,738,168,316,1,-1,-1,-1
265,10,2150,702,136,224,1,-1,-1,-1
265,12,1571,672,189,265,1,-1,-1,-1
265,13,284,732,220,348,1,-1,-1,-1
265,14,1671,662,242,332,1,-1,-1,-1
265,15,1294,603,68,152,1,-1,-1,-1
265,18,580,812,256,412,1,-1,-1,-1
265,19,1970,671,119,212,1,-1,-1,-1
265,20,1668,680,116,248,1,-1,-1,-1
265,21,1988,676,152,288,1,-1,-1,-1
265,22,1100,696,216,288,1,-1,-1,-1
265,23,1456,603,71,155,1,-1,-1,-1
265,24,892,578,68,152,1,-1,-1,-1
265,25,2134,707,109,248,1,-1,-1,-1
266,0,593,818,181,415,1,-1,-1,-1
266,1,978,745,101,302,1,-1,-1,-1
266,2,813,600,76,152,1,-1,-1,-1
266,3,1676,693,147,265,1,-1,-1,-1
266,4,930,729,136,319,1,-1,-1,-1
266,6,1363,634,164,130,1,-1,-1,-1
266,7,1382,633,84,168,1,-1,-1,-1
266,8,902,571,92,172,1,-1,-1,-1
266,9,957,739,168,316,1,-1,-1,-1
266,10,2151,702,136,224,1,-1,-1,-1
266,12,1565,668,189,265,1,-1,-1,-1
266,13,280,733,220,348,1,-1,-1,-1
266,14,1674,662,242,332,1,-1,-1,-1
266,15,1296,602,68,152,1,-1,-1,-1
266,18,574,811,256,412,1,-1,-1,-1
266,19,1971,673,119,212,1,-1,-1,-1
266,20,1669,681,116,248,1,-1,-1,-1
266,21,1989,677,152,288,1,-1,-1,-1
266,22,1098,697,216,288,1,-1,-1,-1
266,23,1457,602,71,155,1,-1,-1,-1
266,24,892,577,68,152,1,-1,-1,-1
266,25,2135,707,109,248,1,-1,-1,-1
267,0,584,816,181,415,1,-1,-1,-1
267,1,974,739,101,302,1,-1,-1,-1
267,2,816,600,76,152,1,-1,-1,-1
267,3,1678,693,147,265,1,-1,-1,-1
267,4,923,727,136,319,1,-1,-1,-1
267,6,1365,633,164,130,1,-1,-1,-1
267,7,1384,632,84,168,1,-1,-1,-1
267,8,902,571,92,172,1,-1,-1,-1
267,9,952,733,168,316,1,-1,-1,-1
267,10,2152,703,136,224,1,-1,-1,-1
267,12,1562,667,189,265,1,-1,-1,-1
267,13,275,736,220,348,1,-1,-1,-1
267,14,1680,663,242,332,1,-1,-1,-1
267,15,1299,602,68,152,1,-1,-1,-1
267,18,567,809,256,412,1,-1,-1,-1
267,19,1977,672,119,212,1,-1,-1,-1
267,20,1670,682,116,248,1,-1,-1,-1
267,21,1992,679,152,288,1,-1,-1,-1
267,22,1096,697,216,288,1,-1,-1,-1
267,23,1457,600,71,155,1,-1,-1,-1
267,24,892,577,68,152,1,-1,-1,-1
267,25,2137,708,109,248,1,-1,-1,-1
268,0,578,813,181,415,1,-1,-1,-1
268,1,966,731,106,318,1,-1,-1,-1
268,2,819,599,76,152,1,-1,-1,-1
268,3,1676,693,147,265,1,-1,-1,-1
268,4,918,725,136,319,1,-1,-1,-1
268,6,1367,633,164,130,1,-1,-1,-1
268,7,1386,631,84,168,1,-1,-1,-1
268,8,902,573,92,172,1,-1,-1,-1
268,9,947,730,168,316,1,-1,-1,-1
268,10,2153,704,136,224,1,-1,-1,-1
268,12,1560,665,189,265,1,-1,-1,-1
268,13,272,740,220,348,1,-1,-1,-1
268,14,1680,667,242,332,1,-1,-1,-1
268,15,1303,602,68,152,1,-1,-1,-1
268,18,562,806,256,412,1,-1,-1,-1
268,19,1981,671,119,212,1,-1,-1,-1
268,20,1671,684,116,248,1,-1,-1,-1
268,21,1994,680,152,288,1,-1,-1,-1
268,22,1096,701,216,288,1,-1,-1,-1
268,23,1458,600,71,155,1,-1,-1,-1
268,24,894,580,68,152,1,-1,-1,-1
268,25,2137,709,109,248,1,-1,-1,-1
269,0,571,813,181,415,1,-1,-1,-1
269,1,962,729,106,318,1,-1,-1,-1
269,2,821,599,76,152,1,-1,-1,-1
269,3,1675,693,147,265,1,-1,-1,-1
269,4,913,722,136,319,1,-1,-1,-1
269,6,1367,633,164,130,1,-1,-1,-1
269,7,1388,630,84,168,1,-1,-1,-1
269,8,905,574,92,172,1,-1,-1,-1
269,9,939,722,176,332,1,-1,-1,-1
269,10,2153,705,136,224,1,-1,-1,-1
269,12,1556,667,189,265,1,-1,-1,-1
269,13,267,741,220,348,1,-1,-1,-1
269,14,1680,667,242,332,1,-1,-1,-1
269,15,1305,602,68,152,1,-1,-1,-1
269,18,557,806,256,412,1,-1,-1,-1
269,19,1983,673,119,212,1,-1,-1,-1
269,20,1673,685,116,248,1,-1,-1,-1
269,21,1995,680,152,288,1,-1,-1,-1
269,22,1094,700,216,288,1,-1,-1,-1
269,23,1460,600,71,155,1,-1,-1,-1
269,24,897,580,68,152,1,-1,-1,-1
269,25,2136,710,109,248,1,-1,-1,-1
270,0,567,813,181,415,1,-1,-1,-1
270,1,959,736,101,302,1,-1,-1,-1
270,2,823,599,76,152,1,-1,-1,-1
270,3,1673,694,147,265,1,-1,-1,-1
270,4,910,720,136,319,1,-1,-1,-1
270,6,1366,633,164,130,1,-1,-1,-1
270,7,1388,630,84,168,1,-1,-1,-1
270,8,906,574,92,172,1,-1,-1,-1
270,9,935,722,176,332,1,-1,-1,-1
270,10,2151,705,136,224,1,-1,-1,-1
270,12,1556,667,189,265,1,-1,-1,-1
270,13,262,740,220,348,1,-1,-1,-1
270,14,1680,665,242,332,1,-1,-1,-1
270,15,1307,603,68,152,1,-1,-1,-1
270,18,553,808,256,412,1,-1,-1,-1
270,19,1984,678,119,212,1,-1,-1,-1
270,20,1673,686,116,248,1,-1,-1,-1
270,21,1996,678,152,288,1,-1,-1,-1
270,22,1094,700,216,288,1,-1,-1,-1
270,23,1464,604,68,148,1,-1,-1,-1
270,24,899,582,68,152,1,-1,-1,-1
270,25,2134,709,109,248,1,-1,-1,-1
271,0,565,813,181,415,1,-1,-1,-1
271,1,956,735,101,302,1,-1,-1,-1
271,2,825,599,76,152,1,-1,-1,-1
271,3,1673,694,147,265,1,-1,-1,-1
271,4,907,720,136,319,1,-1,-1,-1
271,6,1367,633,164,130,1,-1,-1,-1
271,7,1388,630,84,168,1,-1,-1,-1
271,8,906,574,92,172,1,-1,-1,-1
271,9,936,720,176,332,1,-1,-1,-1
271,10,2151,704,136,224,1,-1,-1,-1
271,12,1556,666,189,265,1,-1,-1,-1
271,13,259,739,220,348,1,-1,-1,-1
271,14,1680,665,242,332,1,-1,-1,-1
271,15,1308,604,68,152,1,-1,-1,-1
271,18,550,806,256,412,1,-1,-1,-1
271,19,1981,679,119,212,1,-1,-1,-1
271,20,1673,687,116,248,1,-1,-1,-1
271,21,1996,678,152,288,1,-1,-1,-1
271,22,1094,701,216,288,1,-1,-1,-1
271,23,1464,604,68,148,1,-1,-1,-1
271,24,899,581,68,152,1,-1,-1,-1
271,25,2133,708,109,248,1,-1,-1,-1
272,0,562,815,181,415,1,-1,-1,-1
272,1,953,737,101,302,1,-1,-1,-1
272,2,825,599,76,152,1,-1,-1,-1
272,3,1672,695,147,265,1,-1,-1,-1
272,4,904,720,136,319,1,-1,-1,-1
272,6,1366,635,164,130,1,-1,-1,-1
272,7,1388,631,84,168,1,-1,-1,-1
272,8,907,575,92,172,1,-1,-1,-1
272,9,934,722,176,332,1,-1,-1,-1
272,10,2151,704,136,224,1,-1,-1,-1
272,12,1558,669,189,265,1,-1,-1,-1
272,13,256,739,220,348,1,-1,-1,-1
272,14,1675,662,242,332,1,-1,-1,-1
272,15,1309,604,68,152,1,-1,-1,-1
272,18,544,810,256,412,1,-1,-1,-1
272,19,1981,681,119,212,1,-1,-1,-1
272,20,1672,687,116,248,1,-1,-1,-1
272,21,1997,679,152,288,1,-1,-1,-1
272,22,1095,700,216,288,1,-1,-1,-1
272,23,1466,605,68,148,1,-1,-1,-1
272,24,900,582,68,152,1,-1,-1,-1
272,25,2133,709,109,248,1,-1,-1,-1
273,0,562,815,181,415,1,-1,-1,-1
273,1,953,737,101,302,1,-1,-1,-1
273,2,820,592,76,164,1,-1,-1,-1
273,3,1664,692,148,248,1,-1,-1,-1
273,4,904,720,136,319,1,-1,-1,-1
273,6,1366,635,164,130,1,-1,-1,-1
273,7,1388,631,84,168,1,-1,-1,-1
273,8,908,576,92,164,1,-1,-1,-1
273,9,952,728,140,316,1,-1,-1,-1
273,10,2151,704,136,224,1,-1,-1,-1
273,12,1558,669,189,265,1,-1,-1,-1
273,13,268,732,208,368,1,-1,-1,-1
273,14,1675,662,242,332,1,-1,-1,-1
273,15,1296,608,76,148,1,-1,-1,-1
273,18,540,812,268,408,1,-1,-1,-1
273,19,1981,681,119,212,1,-1,-1,-1
273,20,1672,687,116,248,1,-1,-1,-1
273,21,1997,679,152,288,1,-1,-1,-1
273,22,1100,696,176,300,1,-1,-1,-1
273,23,1466,605,68,148,1,-1,-1,-1
273,24,900,582,68,152,1,-1,-1,-1
273,25,2133,709,109,248,1,-1,-1,-1
273,27,1484,616,92,144,1,-1,-1,-1
274,0,551,819,181,415,1,-1,-1,-1
274,1,950,743,101,302,1,-1,-1,-1
274,2,821,592,76,164,1,-1,-1,-1
274,3,1663,692,148,248,1,-1,-1,-1
274,4,901,727,136,319,1,-1,-1,-1
274,6,1365,636,164,130,1,-1,-1,-1
274,7,1386,633,84,168,1,-1,-1,-1
274,8,909,577,92,164,1,-1,-1,-1
274,9,947,727,140,316,1,-1,-1,-1
274,10,2145,698,143,235,1,-1,-1,-1
274,12,1560,673,189,265,1,-1,-1,-1
274,13,267,732,208,368,1,-1,-1,-1
274,14,1669,664,242,332,1,-1,-1,-1
274,15,1298,608,76,148,1,-1,-1,-1
274,18,535,814,268,408,1,-1,-1,-1
274,19,1994,679,119,212,1,-1,-1,-1
274,20,1670,689,116,248,1,-1,-1,-1
274,21,2000,678,152,288,1,-1,-1,-1
274,22,1100,696,176,300,1,-1,-1,-1
274,23,1470,610,68,148,1,-1,-1,-1
274,24,902,581,68,152,1,-1,-1,-1
274,25,2129,710,109,248,1,-1,-1,-1
274,27,1485,618,92,144,1,-1,-1,-1
275,0,542,823,181,415,1,-1,-1,-1
275,1,944,745,101,302,1,-1,-1,-1
275,2,822,592,76,164,1,-1,-1,-1
275,3,1663,692,148,248,1,-1,-1,-1
275,4,897,729,136,319,1,-1,-1,-1
275,6,1364,637,164,130,1,-1,-1,-1
275,7,1385,634,84,168,1,-1,-1,-1
275,8,910,576,92,164,1,-1,-1,-1
275,9,946,735,133,301,1,-1,-1,-1
275,10,2143,698,143,235,1,-1,-1,-1
275,12,1561,677,189,265,1,-1,-1,-1
275,13,264,731,208,368,1,-1,-1,-1
275,14,1663,662,242,332,1,-1,-1,-1
275,15,1302,608,76,148,1,-1,-1,-1
275,18,528,817,268,408,1,-1,-1,-1
275,19,2000,681,119,212,1,-1,-1,-1
275,20,1670,690,116,248,1,-1,-1,-1
275,21,2003,680,152,288,1,-1,-1,-1
275,22,1100,695,176,300,1,-1,-1,-1
275,23,1473,611,68,148,1,-1,-1,-1
275,24,904,580,68,152,1,-1,-1,-1
275,25,2126,704,115,260,1,-1,-1,-1
275,27,1487,620,92,144,1,-1,-1,-1
276,0,535,827,181,415,1,-1,-1,-1
276,1,939,748,101,302,1,-1,-1,-1
276,2,822,591,76,164,1,-1,-1,-1
276,3,1662,690,148,248,1,-1,-1,-1
276,4,892,730,136,319,1,-1,-1,-1
276,6,1364,638,164,130,1,-1,-1,-1
276,7,1384,633,84,168,1,-1,-1,-1
276,8,913,575,92,164,1,-1,-1,-1
276,9,941,737,133,301,1,-1,-1,-1
276,10,2143,698,143,235,1,-1,-1,-1
276,12,1559,677,189,265,1,-1,-1,-1
276,13,262,730,208,368,1,-1,-1,-1
276,14,1661,661,242,332,1,-1,-1,-1
276,15,1304,607,76,148,1,-1,-1,-1
276,18,522,820,268,408,1,-1,-1,-1
276,19,2002,683,119,212,1,-1,-1,-1
276,20,1670,689,116,248,1,-1,-1,-1
276,21,2006,679,152,288,1,-1,-1,-1
276,22,1099,695,176,300,1,-1,-1,-1
276,23,1475,612,68,148,1,-1,-1,-1
276,24,905,580,68,152,1,-1,-1,-1
276,25,2126,704,115,260,1,-1,-1,-1
276,27,1490,620,92,144,1,-1,-1,-1
277,0,532,828,181,415,1,-1,-1,-1
277,1,936,750,101,302,1,-1,-1,-1
277,2,822,591,76,164,1,-1,-1,-1
277,3,1662,691,148,248,1,-1,-1,-1
277,4,890,731,136,319,1,-1,-1,-1
277,6,1364,638,164,130,1,-1,-1,-1
277,7,1384,633,84,168,1,-1,-1,-1
277,8,913,575,92,164,1,-1,-1,-1
277,9,939,739,133,301,1,-1,-1,-1
277,10,2143,698,143,235,1,-1,-1,-1
277,12,1561,677,189,265,1,-1,-1,-1
277,13,261,731,208,368,1,-1,-1,-1
277,14,1657,661,242,332,1,-1,-1,-1
277,15,1304,607,76,148,1,-1,-1,-1
277,18,520,820,268,408,1,-1,-1,-1
277,19,2003,683,119,212,1,-1,-1,-1
277,20,1670,688,116,248,1,-1,-1,-1
277,21,2007,680,152,288,1,-1,-1,-1
277,22,1098,695,176,300,1,-1,-1,-1
277,23,1476,612,68,148,1,-1,-1,-1
277,24,906,579,68,152,1,-1,-1,-1
277,25,2126,705,115,260,1,-1,-1,-1
277,27,1491,621,92,144,1,-1,-1,-1
278,0,528,830,181,415,1,-1,-1,-1
278,1,933,750,101,302,1,-1,-1,-1
278,2,822,590,76,164,1,-1,-1,-1
278,3,1661,691,148,248,1,-1,-1,-1
278,4,888,729,136,319,1,-1,-1,-1
278,6,1363,638,164,130,1,-1,-1,-1
278,7,1385,634,84,168,1,-1,-1,-1
278,8,913,571,97,172,1,-1,-1,-1
278,9,932,731,140,316,1,-1,-1,-1
278,10,2145,698,143,235,1,-1,-1,-1
278,12,1561,676,189,265,1,-1,-1,-1
278,13,257,730,208,368,1,-1,-1,-1
278,14,1657,661,242,332,1,-1,-1,-1
278,15,1306,607,76,148,1,-1,-1,-1
278,18,518,821,268,408,1,-1,-1,-1
278,19,2005,683,119,212,1,-1,-1,-1
278,20,1669,688,116,248,1,-1,-1,-1
278,21,2010,679,152,288,1,-1,-1,-1
278,22,1096,695,176,300,1,-1,-1,-1
278,23,1478,612,68,148,1,-1,-1,-1
278,24,908,578,68,152,1,-1,-1,-1
278,25,2126,706,115,260,1,-1,-1,-1
278,27,1494,619,92,144,1,-1,-1,-1
279,0,525,829,181,415,1,-1,-1,-1
279,1,929,742,106,318,1,-1,-1,-1
279,2,822,588,76,164,1,-1,-1,-1
279,3,1660,691,148,248,1,-1,-1,-1
279,4,889,725,136,319,1,-1,-1,-1
279,6,1364,637,164,130,1,-1,-1,-1
279,7,1386,634,84,168,1,-1,-1,-1
279,8,916,572,97,172,1,-1,-1,-1
279,9,928,724,147,332,1,-1,-1,-1
279,10,2146,700,143,235,1,-1,-1,-1
279,12,1560,674,189,265,1,-1,-1,-1
279,13,252,731,208,368,1,-1,-1,-1
279,14,1655,661,242,332,1,-1,-1,-1
279,15,1309,606,76,148,1,-1,-1,-1
279,18,513,822,268,408,1,-1,-1,-1
279,19,2005,682,119,212,1,-1,-1,-1
279,20,1668,687,116,248,1,-1,-1,-1
279,21,2012,679,152,288,1,-1,-1,-1
279,22,1094,694,176,300,1,-1,-1,-1
279,23,1481,612,68,148,1,-1,-1,-1
279,24,910,579,68,152,1,-1,-1,-1
279,25,2127,706,115,260,1,-1,-1,-1
279,27,1497,616,92,144,1,-1,-1,-1
280,0,523,828,181,415,1,-1,-1,-1
280,1,927,741,106,318,1,-1,-1,-1
280,2,823,587,76,164,1,-1,-1,-1
280,3,1660,691,148,248,1,-1,-1,-1
280,4,888,725,136,319,1,-1,-1,-1
280,6,1367,637,164,130,1,-1,-1,-1
280,7,1388,634,84,168,1,-1,-1,-1
280,8,919,572,97,172,1,-1,-1,-1
280,9,927,723,147,332,1,-1,-1,-1
280,10,2149,700,143,235,1,-1,-1,-1
280,12,1558,673,189,265,1,-1,-1,-1
280,13,243,721,218,386,1,-1,-1,-1
280,14,1653,660,242,332,1,-1,-1,-1
280,15,1312,605,76,148,1,-1,-1,-1
280,18,511,822,268,408,1,-1,-1,-1
280,19,2008,683,119,212,1,-1,-1,-1
280,20,1669,686,116,248,1,-1,-1,-1
280,21,2015,679,152,288,1,-1,-1,-1
280,22,1091,693,176,300,1,-1,-1,-1
280,23,1485,612,68,148,1,-1,-1,-1
280,24,912,579,68,152,1,-1,-1,-1
280,25,2128,705,115,260,1,-1,-1,-1
280,27,1502,615,92,144,1,-1,-1,-1
281,0,523,828,181,415,1,-1,-1,-1
281,1,927,741,106,318,1,-1,-1,-1
281,2,816,592,100,160,1,-1,-1,-1
281,3,1660,684,152,260,1,-1,-1,-1
281,4,888,725,136,319,1,-1,-1,-1
281,6,1367,637,164,130,1,-1,-1,-1
281,7,1404,628,80,176,1,-1,-1,-1
281,8,919,572,97,172,1,-1,-1,-1
281,9,924,632,148,444,1,-1,-1,-1
281,10,2149,700,143,235,1,-1,-1,-1
281,12,1558,673,189,265,1,-1,-1,-1
281,13,236,720,192,376,1,-1,-1,-1
281,14,1653,660,242,332,1,-1,-1,-1
281,15,1312,605,76,148,1,-1,-1,-1
281,18,512,812,268,412,1,-1,-1,-1
281,19,2008,683,119,212,1,-1,-1,-1
281,20,1669,686,116,248,1,-1,-1,-1
281,21,2015,679,152,288,1,-1,-1,-1
281,22,1076,696,216,312,1,-1,-1,-1
281,23,1485,612,68,148,1,-1,-1,-1
281,24,912,579,68,152,1,-1,-1,-1
281,25,2128,705,115,260,1,-1,-1,-1
281,27,1502,615,92,144,1,-1,-1,-1
281,28,1792,664,120,244,1,-1,-1,-1
282,0,520,827,181,415,1,-1,-1,-1
282,1,928,739,106,318,1,-1,-1,-1
282,2,817,593,100,160,1,-1,-1,-1
282,3,1660,684,152,260,1,-1,-1,-1
282,4,888,725,136,319,1,-1,-1,-1
282,6,1369,635,172,136,1,-1,-1,-1
282,7,1406,628,80,176,1,-1,-1,-1
282,8,923,571,97,172,1,-1,-1,-1
282,9,923,631,148,444,1,-1,-1,-1
282,10,2151,703,143,235,1,-1,-1,-1
282,12,1558,673,189,265,1,-1,-1,-1
282,13,233,718,192,376,1,-1,-1,-1
282,14,1658,662,242,332,1,-1,-1,-1
282,15,1317,606,76,148,1,-1,-1,-1
282,18,511,813,268,412,1,-1,-1,-1
282,19,2013,687,113,202,1,-1,-1,-1
282,20,1668,685,116,248,1,-1,-1,-1
282,21,2018,677,152,288,1,-1,-1,-1
282,22,1076,696,216,312,1,-1,-1,-1
282,23,1490,607,71,155,1,-1,-1,-1
282,24,914,580,68,152,1,-1,-1,-1
282,25,2134,706,115,260,1,-1,-1,-1
282,27,1508,616,92,144,1,-1,-1,-1
282,28,1793,665,120,244,1,-1,-1,-1
283,0,517,826,181,415,1,-1,-1,-1
283,1,928,737,106,318,1,-1,-1,-1
283,2,818,593,100,160,1,-1,-1,-1
283,3,1661,684,152,260,1,-1,-1,-1
283,4,887,724,136,319,1,-1,-1,-1
283,6,1370,635,172,136,1,-1,-1,-1
283,7,1406,629,80,176,1,-1,-1,-1
283,8,924,572,97,172,1,-1,-1,-1
283,9,922,630,148,444,1,-1,-1,-1
283,10,2153,703,143,235,1,-1,-1,-1
283,12,1558,673,189,265,1,-1,-1,-1
283,13,233,718,192,376,1,-1,-1,-1
283,14,1662,661,242,332,1,-1,-1,-1
283,15,1318,607,76,148,1,-1,-1,-1
283,18,511,812,268,412,1,-1,-1,-1
283,19,2015,689,113,202,1,-1,-1,-1
283,20,1668,685,116,248,1,-1,-1,-1
283,21,2020,677,152,288,1,-1,-1,-1
283,22,1076,696,216,312,1,-1,-1,-1
283,23,1491,608,71,155,1,-1,-1,-1
283,24,915,580,68,152,1,-1,-1,-1
283,25,2135,706,115,260,1,-1,-1,-1
283,27,1509,617,92,144,1,-1,-1,-1
283,28,1793,665,120,244,1,-1,-1,-1
284,0,516,827,181,415,1,-1,-1,-1
284,1,928,738,106,318,1,-1,-1,-1
284,2,820,594,100,160,1,-1,-1,-1
284,3,1661,685,152,260,1,-1,-1,-1
284,4,886,724,136,319,1,-1,-1,-1
284,6,1372,634,172,136,1,-1,-1,-1
284,7,1408,629,80,176,1,-1,-1,-1
284,8,923,571,97,172,1,-1,-1,-1
284,9,922,629,148,444,1,-1,-1,-1
284,10,2154,705,143,235,1,-1,-1,-1
284,12,1557,669,189,265,1,-1,-1,-1
284,13,230,715,192,376,1,-1,-1,-1
284,14,1661,661,242,332,1,-1,-1,-1
284,15,1320,607,76,148,1,-1,-1,-1
284,18,510,812,268,412,1,-1,-1,-1
284,19,2015,688,113,202,1,-1,-1,-1
284,20,1666,684,116,248,1,-1,-1,-1
284,21,2022,678,152,288,1,-1,-1,-1
284,22,1075,695,216,312,1,-1,-1,-1
284,23,1493,607,71,155,1,-1,-1,-1
284,24,915,578,68,152,1,-1,-1,-1
284,25,2137,708,115,260,1,-1,-1,-1
284,27,1511,615,92,144,1,-1,-1,-1
284,28,1794,665,120,244,1,-1,-1,-1
285,0,515,827,181,415,1,-1,-1,-1
285,1,928,740,106,318,1,-1,-1,-1
285,2,822,594,100,160,1,-1,-1,-1
285,3,1661,687,152,260,1,-1,-1,-1
285,4,885,726,136,319,1,-1,-1,-1
285,6,1375,635,172,136,1,-1,-1,-1
285,7,1412,632,76,168,1,-1,-1,-1
285,8,923,571,97,172,1,-1,-1,-1
285,9,922,629,148,444,1,-1,-1,-1
285,10,2156,706,143,235,1,-1,-1,-1
285,12,1555,671,189,265,1,-1,-1,-1
285,13,224,715,192,376,1,-1,-1,-1
285,14,1660,651,254,349,1,-1,-1,-1
285,15,1321,607,76,148,1,-1,-1,-1
285,18,509,813,268,412,1,-1,-1,-1
285,19,2015,684,119,212,1,-1,-1,-1
285,20,1663,683,116,248,1,-1,-1,-1
285,21,2023,680,152,288,1,-1,-1,-1
285,22,1074,698,216,312,1,-1,-1,-1
285,23,1496,607,71,155,1,-1,-1,-1
285,24,915,577,68,152,1,-1,-1,-1
285,25,2139,709,115,260,1,-1,-1,-1
285,27,1514,614,92,144,1,-1,-1,-1
285,28,1795,664,120,244,1,-1,-1,-1
286,0,512,826,181,415,1,-1,-1,-1
286,1,928,742,106,318,1,-1,-1,-1
286,2,825,595,100,160,1,-1,-1,-1
286,3,1660,687,152,260,1,-1,-1,-1
286,4,882,729,136,319,1,-1,-1,-1
286,6,1379,636,172,136,1,-1,-1,-1
286,7,1414,633,76,168,1,-1,-1,-1
286,8,922,568,97,172,1,-1,-1,-1
286,9,919,628,148,444,1,-1,-1,-1
286,10,2159,708,143,235,1,-1,-1,-1
286,12,1551,671,189,265,1,-1,-1,-1
286,13,220,715,192,376,1,-1,-1,-1
286,14,1663,648,254,349,1,-1,-1,-1
286,15,1323,607,76,148,1,-1,-1,-1
286,18,507,812,268,412,1,-1,-1,-1
286,19,2016,684,119,212,1,-1,-1,-1
286,20,1662,684,116,248,1,-1,-1,-1
286,21,2023,681,152,288,1,-1,-1,-1
286,22,1073,698,216,312,1,-1,-1,-1
286,23,1498,607,71,155,1,-1,-1,-1
286,24,915,574,68,152,1,-1,-1,-1
286,25,2142,710,115,260,1,-1,-1,-1
286,27,1515,610,97,151,1,-1,-1,-1
286,28,1797,664,120,244,1,-1,-1,-1
287,0,508,825,181,415,1,-1,-1,-1
287,1,928,743,106,318,1,-1,-1,-1
287,2,827,595,100,160,1,-1,-1,-1
287,3,1662,687,152,260,1,-1,-1,-1
287,4,879,728,136,319,1,-1,-1,-1
287,6,1383,637,172,136,1,-1,-1,-1
287,7,1416,633,76,168,1,-1,-1,-1
287,8,923,567,97,172,1,-1,-1,-1
287,9,916,618,155,466,1,-1,-1,-1
287,10,2162,708,143,235,1,-1,-1,-1
287,12,1551,669,189,265,1,-1,-1,-1
287,13,216,718,192,376,1,-1,-1,-1
287,14,1666,648,254,349,1,-1,-1,-1
287,15,1325,608,76,148,1,-1,-1,-1
287,18,496,801,281,433,1,-1,-1,-1
287,19,2015,687,119,212,1,-1,-1,-1
287,20,1661,683,116,248,1,-1,-1,-1
287,21,2024,681,152,288,1,-1,-1,-1
287,22,1073,699,216,312,1,-1,-1,-1
287,23,1502,608,71,155,1,-1,-1,-1
287,24,916,572,68,152,1,-1,-1,-1
287,25,2146,711,115,260,1,-1,-1,-1
287,27,1519,612,97,151,1,-1,-1,-1
287,28,1798,664,120,244,1,-1,-1,-1
288,0,503,825,181,415,1,-1,-1,-1
288,1,926,742,106,318,1,-1,-1,-1
288,2,829,595,100,160,1,-1,-1,-1
288,3,1666,687,152,260,1,-1,-1,-1
288,4,876,728,136,319,1,-1,-1,-1
288,6,1387,636,172,136,1,-1,-1,-1
288,7,1420,632,76,168,1,-1,-1,-1
288,8,926,567,97,172,1,-1,-1,-1
288,9,914,618,155,466,1,-1,-1,-1
288,10,2167,709,143,235,1,-1,-1,-1
288,12,1549,666,189,265,1,-1,-1,-1
288,13,210,723,192,376,1,-1,-1,-1
288,14,1674,649,254,349,1,-1,-1,-1
288,15,1328,608,76,148,1,-1,-1,-1
288,18,492,802,281,433,1,-1,-1,-1
288,19,2012,690,119,212,1,-1,-1,-1
288,20,1660,674,122,260,1,-1,-1,-1
288,21,2021,676,160,302,1,-1,-1,-1
288,22,1072,701,216,312,1,-1,-1,-1
288,23,1504,609,71,155,1,-1,-1,-1
288,24,918,573,68,152,1,-1,-1,-1
288,25,2149,710,115,260,1,-1,-1,-1
288,27,1521,613,97,151,1,-1,-1,-1
288,28,1800,663,120,244,1,-1,-1,-1
289,0,503,825,181,415,1,-1,-1,-1
289,1,926,742,106,318,1,-1,-1,-1
289,2,829,595,100,160,1,-1,-1,-1
289,3,1652,668,168,272,1,-1,-1,-1
289,4,876,728,136,319,1,-1,-1,-1
289,6,1387,636,172,136,1,-1,-1,-1
289,7,1420,632,76,168,1,-1,-1,-1
289,8,926,567,97,172,1,-1,-1,-1
289,9,912,728,156,344,1,-1,-1,-1
289,10,2152,704,152,260,1,-1,-1,-1
289,12,1549,666,189,265,1,-1,-1,-1
289,13,200,716,224,372,1,-1,-1,-1
289,14,1674,649,254,349,1,-1,-1,-1
289,15,1332,608,96,156,1,-1,-1,-1
289,18,492,812,232,416,1,-1,-1,-1
289,19,2012,690,119,212,1,-1,-1,-1
289,20,1660,674,122,260,1,-1,-1,-1
289,21,2040,720,120,252,1,-1,-1,-1
289,22,1088,708,200,292,1,-1,-1,-1
289,23,1496,624,76,140,1,-1,-1,-1
289,24,918,573,68,152,1,-1,-1,-1
289,25,2149,710,115,260,1,-1,-1,-1
289,27,1521,613,97,151,1,-1,-1,-1
289,28,1800,663,120,244,1,-1,-1,-1
290,0,498,823,181,415,1,-1,-1,-1
290,1,922,737,106,318,1,-1,-1,-1
290,2,832,596,100,160,1,-1,-1,-1
290,3,1653,669,168,272,1,-1,-1,-1
290,4,871,726,136,319,1,-1,-1,-1
290,6,1390,634,172,136,1,-1,-1,-1
290,7,1422,631,76,168,1,-1,-1,-1
290,8,929,568,97,172,1,-1,-1,-1
290,9,910,726,156,344,1,-1,-1,-1
290,10,2154,704,152,260,1,-1,-1,-1
290,12,1549,666,189,265,1,-1,-1,-1
290,13,194,716,224,372,1,-1,-1,-1
290,14,1674,652,254,349,1,-1,-1,-1
290,15,1335,607,96,156,1,-1,-1,-1
290,18,489,812,232,416,1,-1,-1,-1
290,19,1999,675,119,212,1,-1,-1,-1
290,20,1661,675,122,260,1,-1,-1,-1
290,21,2041,720,120,252,1,-1,-1,-1
290,22,1088,709,200,292,1,-1,-1,-1
290,23,1497,624,76,140,1,-1,-1,-1
290,24,921,574,68,152,1,-1,-1,-1
290,25,2153,710,115,260,1,-1,-1,-1
290,27,1523,614,97,151,1,-1,-1,-1
290,28,1803,665,120,244,1,-1,-1,-1
291,0,492,823,181,415,1,-1,-1,-1
291,1,919,733,106,318,1,-1,-1,-1
291,2,835,596,100,160,1,-1,-1,-1
291,3,1656,670,168,272,1,-1,-1,-1
291,4,868,724,136,319,1,-1,-1,-1
291,6,1393,632,172,136,1,-1,-1,-1
291,7,1426,628,76,168,1,-1,-1,-1
291,8,933,566,97,172,1,-1,-1,-1
291,9,907,722,156,344,1,-1,-1,-1
291,10,2159,704,152,260,1,-1,-1,-1
291,12,1548,665,189,265,1,-1,-1,-1
291,13,190,717,224,372,1,-1,-1,-1
291,14,1678,653,254,349,1,-1,-1,-1
291,15,1339,608,96,156,1,-1,-1,-1
291,18,486,812,232,416,1,-1,-1,-1
291,19,1994,677,119,212,1,-1,-1,-1
291,20,1663,674,122,260,1,-1,-1,-1
291,21,2042,720,120,252,1,-1,-1,-1
291,22,1090,709,200,292,1,-1,-1,-1
291,23,1501,624,76,140,1,-1,-1,-1
291,24,925,574,68,152,1,-1,-1,-1
291,25,2158,710,115,260,1,-1,-1,-1
291,27,1525,613,97,151,1,-1,-1,-1
291,28,1806,665,120,244,1,-1,-1,-1
292,0,487,821,181,415,1,-1,-1,-1
292,1,916,731,106,318,1,-1,-1,-1
292,2,837,596,100,160,1,-1,-1,-1
292,3,1659,671,168,272,1,-1,-1,-1
292,4,864,721,136,319,1,-1,-1,-1
292,6,1396,631,172,136,1,-1,-1,-1
292,7,1430,628,76,168,1,-1,-1,-1
292,8,936,564,97,172,1,-1,-1,-1
292,9,905,718,156,344,1,-1,-1,-1
292,10,2164,705,152,260,1,-1,-1,-1
292,12,1549,664,189,265,1,-1,-1,-1
292,13,188,718,224,372,1,-1,-1,-1
292,14,1682,654,254,349,1,-1,-1,-1
292,15,1344,608,96,156,1,-1,-1,-1
292,18,481,810,232,416,1,-1,-1,-1
292,19,1991,679,119,212,1,-1,-1,-1
292,20,1665,673,122,260,1,-1,-1,-1
292,21,2044,719,120,252,1,-1,-1,-1
292,22,1091,710,200,292,1,-1,-1,-1
292,23,1504,624,76,140,1,-1,-1,-1
292,24,928,575,68,152,1,-1,-1,-1
292,25,2164,709,115,260,1,-1,-1,-1
292,27,1528,613,97,151,1,-1,-1,-1
292,28,1809,666,120,244,1,-1,-1,-1
293,0,481,819,181,415,1,-1,-1,-1
293,1,912,729,106,318,1,-1,-1,-1
293,2,841,594,100,160,1,-1,-1,-1
293,3,1659,672,168,272,1,-1,-1,-1
293,4,862,720,136,319,1,-1,-1,-1
293,6,1400,632,172,136,1,-1,-1,-1
293,7,1433,628,76,168,1,-1,-1,-1
293,8,938,564,97,172,1,-1,-1,-1
293,9,903,718,156,344,1,-1,-1,-1
293,10,2167,706,152,260,1,-1,-1,-1
293,12,1550,664,189,265,1,-1,-1,-1
293,13,187,716,224,372,1,-1,-1,-1
293,14,1680,655,254,349,1,-1,-1,-1
293,15,1347,609,96,156,1,-1,-1,-1
293,18,476,807,232,416,1,-1,-1,-1
293,19,1990,676,125,222,1,-1,-1,-1
293,20,1662,665,128,273,1,-1,-1,-1
293,21,2045,719,120,252,1,-1,-1,-1
293,22,1093,711,200,292,1,-1,-1,-1
293,23,1507,624,76,140,1,-1,-1,-1
293,24,930,571,71,160,1,-1,-1,-1
293,25,2167,710,115,260,1,-1,-1,-1
293,27,1530,615,97,151,1,-1,-1,-1
293,28,1813,667,120,244,1,-1,-1,-1
294,0,476,817,181,415,1,-1,-1,-1
294,1,909,728,106,318,1,-1,-1,-1
294,2,844,594,100,160,1,-1,-1,-1
294,3,1663,679,160,259,1,-1,-1,-1
294,4,861,720,136,319,1,-1,-1,-1
294,6,1403,633,172,136,1,-1,-1,-1
294,7,1436,630,76,168,1,-1,-1,-1
294,8,940,565,97,172,1,-1,-1,-1
294,9,899,710,164,361,1,-1,-1,-1
294,10,2170,706,152,260,1,-1,-1,-1
294,12,1557,671,180,253,1,-1,-1,-1
294,13,186,716,224,372,1,-1,-1,-1
294,14,1677,655,254,349,1,-1,-1,-1
294,15,1351,610,96,156,1,-1,-1,-1
294,18,469,804,232,416,1,-1,-1,-1
294,19,1995,678,125,222,1,-1,-1,-1
294,20,1663,665,128,273,1,-1,-1,-1
294,21,2047,720,120,252,1,-1,-1,-1
294,22,1095,712,200,292,1,-1,-1,-1
294,23,1508,621,80,147,1,-1,-1,-1
294,24,932,572,71,160,1,-1,-1,-1
294,25,2170,712,115,260,1,-1,-1,-1
294,27,1533,615,97,151,1,-1,-1,-1
294,28,1816,670,120,244,1,-1,-1,-1
295,0,474,815,181,415,1,-1,-1,-1
295,1,908,730,106,318,1,-1,-1,-1
295,2,843,594,100,160,1,-1,-1,-1
295,3,1663,680,160,259,1,-1,-1,-1
295,4,861,720,136,319,1,-1,-1,-1
295,6,1403,633,172,136,1,-1,-1,-1
295,7,1437,631,76,168,1,-1,-1,-1
295,8,940,566,97,172,1,-1,-1,-1
295,9,898,709,164,361,1,-1,-1,-1
295,10,2171,707,152,260,1,-1,-1,-1
295,12,1553,664,189,265,1,-1,-1,-1
295,13,186,715,224,372,1,-1,-1,-1
295,14,1678,655,254,349,1,-1,-1,-1
295,15,1351,610,96,156,1,-1,-1,-1
295,18,466,801,232,416,1,-1,-1,-1
295,19,1995,680,125,222,1,-1,-1,-1
295,20,1664,667,128,273,1,-1,-1,-1
295,21,2048,720,120,252,1,-1,-1,-1
295,22,1096,710,200,292,1,-1,-1,-1
295,23,1509,620,80,147,1,-1,-1,-1
295,24,933,573,71,160,1,-1,-1,-1
295,25,2171,712,115,260,1,-1,-1,-1
295,27,1534,615,97,151,1,-1,-1,-1
295,28,1817,671,120,244,1,-1,-1,-1
296,0,470,813,181,415,1,-1,-1,-1
296,1,906,732,106,318,1,-1,-1,-1
296,2,846,593,100,160,1,-1,-1,-1
296,3,1664,679,160,259,1,-1,-1,-1
296,4,860,722,136,319,1,-1,-1,-1
296,6,1405,634,172,136,1,-1,-1,-1
296,7,1440,631,76,168,1,-1,-1,-1
296,8,942,566,97,172,1,-1,-1,-1
296,9,896,713,164,361,1,-1,-1,-1
296,10,2174,709,152,260,1,-1,-1,-1
296,12,1553,664,189,265,1,-1,-1,-1
296,13,183,716,224,372,1,-1,-1,-1
296,14,1677,655,254,349,1,-1,-1,-1
296,15,1355,610,96,156,1,-1,-1,-1
296,18,465,800,232,416,1,-1,-1,-1
296,19,2001,682,125,222,1,-1,-1,-1
296,20,1663,660,128,273,1,-1,-1,-1
296,21,2050,721,120,252,1,-1,-1,-1
296,22,1096,710,200,292,1,-1,-1,-1
296,23,1512,620,80,147,1,-1,-1,-1
296,24,935,573,71,160,1,-1,-1,-1
296,25,2173,715,115,260,1,-1,-1,-1
296,27,1537,615,97,151,1,-1,-1,-1
296,28,1820,670,120,244,1,-1,-1,-1
297,0,470,813,181,415,1,-1,-1,-1
297,1,906,732,106,318,1,-1,-1,-1
297,2,846,593,100,160,1,-1,-1,-1
297,3,1716,704,132,252,1,-1,-1,-1
297,4,860,722,136,319,1,-1,-1,-1
297,6,1405,634,172,136,1,-1,-1,-1
297,7,1448,632,72,168,1,-1,-1,-1
297,8,942,566,97,172,1,-1,-1,-1
297,9,864,584,188,464,1,-1,-1,-1
297,10,2174,709,152,260,1,-1,-1,-1
297,12,1553,664,189,265,1,-1,-1,-1
297,13,188,716,220,372,1,-1,-1,-1
297,14,1677,655,254,349,1,-1,-1,-1
297,15,1356,608,72,144,1,-1,-1,-1
297,18,436,816,276,400,1,-1,-1,-1
297,19,2001,682,125,222,1,-1,-1,-1
297,20,1663,660,128,273,1,-1,-1,-1
297,21,2048,716,124,256,1,-1,-1,-1
297,22,1096,704,140,304,1,-1,-1,-1
297,23,1512,620,80,147,1,-1,-1,-1
297,24,935,573,71,160,1,-1,-1,-1
297,25,2173,715,115,260,1,-1,-1,-1
297,27,1524,620,92,144,1,-1,-1,-1
297,28,1828,664,96,188,1,-1,-1,-1
297,29,1652,672,88,240,1,-1,-1,-1
298,0,467,813,181,415,1,-1,-1,-1
298,1,903,738,106,318,1,-1,-1,-1
298,2,853,592,100,160,1,-1,-1,-1
298,3,1715,704,132,252,1,-1,-1,-1
298,4,858,728,136,319,1,-1,-1,-1
298,6,1410,635,172,136,1,-1,-1,-1
298,7,1449,632,72,168,1,-1,-1,-1
298,8,950,567,97,172,1,-1,-1,-1
298,9,861,582,188,464,1,-1,-1,-1
298,10,2176,710,152,260,1,-1,-1,-1
298,12,1551,666,189,265,1,-1,-1,-1
298,13,188,717,220,372,1,-1,-1,-1
298,14,1669,659,254,349,1,-1,-1,-1
298,15,1359,608,72,144,1,-1,-1,-1
298,18,435,818,276,400,1,-1,-1,-1
298,19,2007,685,125,222,1,-1,-1,-1
298,20,1661,661,128,273,1,-1,-1,-1
298,21,2049,716,124,256,1,-1,-1,-1
298,22,1096,704,140,304,1,-1,-1,-1
298,23,1523,623,80,147,1,-1,-1,-1
298,24,940,569,75,168,1,-1,-1,-1
298,25,2175,717,115,260,1,-1,-1,-1
298,27,1528,620,92,144,1,-1,-1,-1
298,28,1831,663,96,188,1,-1,-1,-1
298,29,1651,673,88,240,1,-1,-1,-1
299,0,464,817,181,415,1,-1,-1,-1
299,1,899,744,106,318,1,-1,-1,-1
299,2,856,592,100,160,1,-1,-1,-1
299,3,1716,703,132,252,1,-1,-1,-1
299,4,855,731,136,319,1,-1,-1,-1
299,6,1412,637,172,136,1,-1,-1,-1
299,7,1451,633,72,168,1,-1,-1,-1
299,8,953,570,97,172,1,-1,-1,-1
299,9,860,583,188,464,1,-1,-1,-1
299,10,2180,709,152,260,1,-1,-1,-1
299,12,1551,664,189,265,1,-1,-1,-1
299,13,187,717,220,372,1,-1,-1,-1
299,14,1664,657,254,349,1,-1,-1,-1
299,15,1364,608,72,144,1,-1,-1,-1
299,18,435,823,276,400,1,-1,-1,-1
299,19,2012,686,125,222,1,-1,-1,-1
299,20,1659,658,128,273,1,-1,-1,-1
299,21,2053,717,124,256,1,-1,-1,-1
299,22,1096,703,140,304,1,-1,-1,-1
299,23,1527,623,80,147,1,-1,-1,-1
299,24,943,568,75,168,1,-1,-1,-1
299,25,2176,717,115,260,1,-1,-1,-1
299,27,1533,621,92,144,1,-1,-1,-1
299,28,1835,663,96,188,1,-1,-1,-1
299,29,1651,674,88,240,1,-1,-1,-1
300,0,459,820,181,415,1,-1,-1,-1
300,1,895,747,106,318,1,-1,-1,-1
300,2,859,591,100,160,1,-1,-1,-1
300,3,1718,701,132,252,1,-1,-1,-1
300,4,852,732,136,319,1,-1,-1,-1
300,6,1413,638,172,136,1,-1,-1,-1
300,7,1453,634,72,168,1,-1,-1,-1
300,8,958,569,97,172,1,-1,-1,-1
300,9,858,585,188,464,1,-1,-1,-1
300,10,2181,710,152,260,1,-1,-1,-1
300,12,1550,662,189,265,1,-1,-1,-1
300,13,186,717,220,372,1,-1,-1,-1
300,14,1663,655,254,349,1,-1,-1,-1
300,15,1368,608,72,144,1,-1,-1,-1
300,18,432,823,276,400,1,-1,-1,-1
300,19,2015,686,125,222,1,-1,-1,-1
300,20,1660,659,128,273,1,-1,-1,-1
300,21,2057,718,124,256,1,-1,-1,-1
300,22,1096,702,140,304,1,-1,-1,-1
300,23,1531,624,80,147,1,-1,-1,-1
300,24,946,568,75,168,1,-1,-1,-1
300,25,2176,716,115,260,1,-1,-1,-1
300,27,1538,622,92,144,1,-1,-1,-1
300,28,1841,664,96,188,1,-1,-1,-1
300,29,1651,675,88,240,1,-1,-1,-1
301,0,457,819,181,415,1,-1,-1,-1
301,1,893,748,106,318,1,-1,-1,-1
301,2,859,592,100,160,1,-1,-1,-1
301,3,1717,702,132,252,1,-1,-1,-1
301,4,850,733,136,319,1,-1,-1,-1
301,6,1414,638,172,136,1,-1,-1,-1
301,7,1454,633,72,168,1,-1,-1,-1
301,8,959,570,97,172,1,-1,-1,-1
301,9,857,585,188,464,1,-1,-1,-1
301,10,2181,710,152,260,1,-1,-1,-1
301,12,1549,663,189,265,1,-1,-1,-1
301,13,185,717,220,372,1,-1,-1,-1
301,14,1662,656,254,349,1,-1,-1,-1
301,15,1368,608,72,144,1,-1,-1,-1
301,18,431,823,276,400,1,-1,-1,-1
301,19,2016,686,125,222,1,-1,-1,-1
301,20,1660,659,128,273,1,-1,-1,-1
301,21,2058,719,124,256,1,-1,-1,-1
301,22,1095,702,140,304,1,-1,-1,-1
301,23,1532,625,80,147,1,-1,-1,-1
301,24,948,569,75,168,1,-1,-1,-1
301,25,2176,717,115,260,1,-1,-1,-1
301,27,1538,622,92,144,1,-1,-1,-1
301,28,1842,663,96,188,1,-1,-1,-1
301,29,1651,675,88,240,1,-1,-1,-1
302,0,452,820,181,415,1,-1,-1,-1
302,1,890,748,106,318,1,-1,-1,-1
302,2,861,591,100,160,1,-1,-1,-1
302,3,1718,703,132,252,1,-1,-1,-1
302,4,847,733,136,319,1,-1,-1,-1
302,6,1411,634,181,143,1,-1,-1,-1
302,7,1455,632,72,168,1,-1,-1,-1
302,8,961,568,97,172,1,-1,-1,-1
302,9,851,573,197,487,1,-1,-1,-1
302,10,2181,711,152,260,1,-1,-1,-1
302,12,1547,660,189,265,1,-1,-1,-1
302,13,185,717,220,372,1,-1,-1,-1
302,14,1663,654,254,349,1,-1,-1,-1
302,15,1372,608,72,144,1,-1,-1,-1
302,18,428,824,276,400,1,-1,-1,-1
302,19,2021,687,125,222,1,-1,-1,-1
302,20,1660,655,128,273,1,-1,-1,-1
302,21,2063,726,118,244,1,-1,-1,-1
302,22,1095,700,140,304,1,-1,-1,-1
302,23,1536,625,80,147,1,-1,-1,-1
302,24,951,568,75,168,1,-1,-1,-1
302,25,2175,717,115,260,1,-1,-1,-1
302,27,1543,621,92,144,1,-1,-1,-1
302,28,1846,663,96,188,1,-1,-1,-1
302,29,1651,674,88,240,1,-1,-1,-1
303,0,447,823,181,415,1,-1,-1,-1
303,1,889,747,106,318,1,-1,-1,-1
303,2,865,590,100,160,1,-1,-1,-1
303,3,1718,705,132,252,1,-1,-1,-1
303,4,846,728,136,319,1,-1,-1,-1
303,6,1413,635,181,143,1,-1,-1,-1
303,7,1456,630,72,168,1,-1,-1,-1
303,8,965,566,97,172,1,-1,-1,-1
303,9,851,568,197,487,1,-1,-1,-1
303,10,2181,710,152,260,1,-1,-1,-1
303,12,1547,661,189,265,1,-1,-1,-1
303,13,182,712,220,372,1,-1,-1,-1
303,14,1661,657,254,349,1,-1,-1,-1
303,15,1377,606,72,144,1,-1,-1,-1
303,18,424,826,276,400,1,-1,-1,-1
303,19,2026,686,125,222,1,-1,-1,-1
303,20,1659,652,128,273,1,-1,-1,-1
303,21,2066,726,118,244,1,-1,-1,-1
303,22,1096,700,140,304,1,-1,-1,-1
303,23,1542,626,80,147,1,-1,-1,-1
303,24,954,567,75,168,1,-1,-1,-1
303,25,2175,716,115,260,1,-1,-1,-1
303,27,1550,622,92,144,1,-1,-1,-1
303,28,1850,665,96,188,1,-1,-1,-1
303,29,1652,671,88,240,1,-1,-1,-1
304,0,444,826,181,415,1,-1,-1,-1
304,1,888,744,106,318,1,-1,-1,-1
304,2,868,589,100,160,1,-1,-1,-1
304,3,1719,708,132,252,1,-1,-1,-1
304,4,845,726,136,319,1,-1,-1,-1
304,6,1418,635,181,143,1,-1,-1,-1
304,7,1458,630,72,168,1,-1,-1,-1
304,8,968,567,97,172,1,-1,-1,-1
304,9,856,582,188,464,1,-1,-1,-1
304,10,2181,709,152,260,1,-1,-1,-1
304,12,1548,661,189,265,1,-1,-1,-1
304,13,179,709,220,372,1,-1,-1,-1
304,14,1659,645,267,366,1,-1,-1,-1
304,15,1382,606,72,144,1,-1,-1,-1
304,18,420,827,276,400,1,-1,-1,-1
304,19,2031,686,125,222,1,-1,-1,-1
304,20,1662,655,128,273,1,-1,-1,-1
304,21,2069,726,118,244,1,-1,-1,-1
304,22,1097,699,140,304,1,-1,-1,-1
304,23,1550,625,80,147,1,-1,-1,-1
304,24,956,565,75,168,1,-1,-1,-1
304,25,2176,716,115,260,1,-1,-1,-1
304,27,1557,626,88,137,1,-1,-1,-1
304,28,1854,666,96,188,1,-1,-1,-1
304,29,1654,672,88,240,1,-1,-1,-1
305,0,444,826,181,415,1,-1,-1,-1
305,1,904,728,136,332,1,-1,-1,-1
305,2,872,588,84,148,1,-1,-1,-1
305,3,1732,700,148,264,1,-1,-1,-1
305,4,845,726,136,319,1,-1,-1,-1
305,6,1418,635,181,143,1,-1,-1,-1
305,7,1472,624,76,196,1,-1,-1,-1
305,8,980,560,88,172,1,-1,-1,-1
305,9,856,582,188,464,1,-1,-1,-1
305,10,2181,709,152,260,1,-1,-1,-1
305,12,1548,661,189,265,1,-1,-1,-1
305,13,144,716,240,372,1,-1,-1,-1
305,14,1659,645,267,366,1,-1,-1,-1
305,15,1396,604,64,148,1,-1,-1,-1
305,18,408,828,288,396,1,-1,-1,-1
305,19,2031,686,125,222,1,-1,-1,-1
305,20,1662,655,128,273,1,-1,-1,-1
305,21,2084,724,120,252,1,-1,-1,-1
305,22,1097,699,140,304,1,-1,-1,-1
305,23,1552,624,72,144,1,-1,-1,-1
305,24,956,565,75,168,1,-1,-1,-1
305,25,2188,712,116,256,1,-1,-1,-1
305,27,1584,624,84,140,1,-1,-1,-1
305,28,1836,668,112,232,1,-1,-1,-1
305,29,1652,668,96,244,1,-1,-1,-1
306,0,438,826,181,415,1,-1,-1,-1
306,1,905,729,136,332,1,-1,-1,-1
306,2,873,586,84,148,1,-1,-1,-1
306,3,1733,701,148,264,1,-1,-1,-1
306,4,845,726,136,319,1,-1,-1,-1
306,6,1424,635,181,143,1,-1,-1,-1
306,7,1474,624,76,196,1,-1,-1,-1
306,8,982,559,88,172,1,-1,-1,-1
306,9,859,583,188,464,1,-1,-1,-1
306,10,2184,709,152,260,1,-1,-1,-1
306,12,1549,665,189,265,1,-1,-1,-1
306,13,144,715,240,372,1,-1,-1,-1
306,14,1664,649,267,366,1,-1,-1,-1
306,15,1400,604,64,148,1,-1,-1,-1
306,18,407,827,288,396,1,-1,-1,-1
306,19,2037,684,125,222,1,-1,-1,-1
306,20,1668,658,128,273,1,-1,-1,-1
306,21,2087,723,120,252,1,-1,-1,-1
306,22,1098,702,140,304,1,-1,-1,-1
306,23,1557,623,72,144,1,-1,-1,-1
306,24,962,562,75,168,1,-1,-1,-1
306,25,2190,713,116,256,1,-1,-1,-1
306,27,1589,624,84,140,1,-1,-1,-1
306,28,1837,669,112,232,1,-1,-1,-1
306,29,1653,668,96,244,1,-1,-1,-1
307,0,435,825,181,415,1,-1,-1,-1
307,1,906,731,136,332,1,-1,-1,-1
307,2,874,587,84,148,1,-1,-1,-1
307,3,1734,702,148,264,1,-1,-1,-1
307,4,845,726,136,319,1,-1,-1,-1
307,6,1425,635,181,143,1,-1,-1,-1
307,7,1475,624,76,196,1,-1,-1,-1
307,8,983,559,88,172,1,-1,-1,-1
307,9,859,583,188,464,1,-1,-1,-1
307,10,2186,710,152,260,1,-1,-1,-1
307,12,1549,665,189,265,1,-1,-1,-1
307,13,143,715,240,372,1,-1,-1,-1
307,14,1663,649,267,366,1,-1,-1,-1
307,15,1401,604,64,148,1,-1,-1,-1
307,18,407,827,288,396,1,-1,-1,-1
307,19,2041,682,125,222,1,-1,-1,-1
307,20,1669,660,128,273,1,-1,-1,-1
307,21,2088,724,120,252,1,-1,-1,-1
307,22,1097,702,140,304,1,-1,-1,-1
307,23,1559,624,72,144,1,-1,-1,-1
307,24,963,561,75,168,1,-1,-1,-1
307,25,2191,713,116,256,1,-1,-1,-1
307,27,1590,624,84,140,1,-1,-1,-1
307,28,1839,669,112,232,1,-1,-1,-1
307,29,1653,668,96,244,1,-1,-1,-1
308,0,434,824,181,415,1,-1,-1,-1
308,1,906,730,136,332,1,-1,-1,-1
308,2,877,587,84,148,1,-1,-1,-1
308,3,1735,705,148,264,1,-1,-1,-1
308,4,845,727,136,319,1,-1,-1,-1
308,6,1429,635,181,143,1,-1,-1,-1
308,7,1479,624,76,196,1,-1,-1,-1
308,8,985,558,88,172,1,-1,-1,-1
308,9,859,587,188,464,1,-1,-1,-1
308,10,2188,711,152,260,1,-1,-1,-1
308,12,1550,665,189,265,1,-1,-1,-1
308,13,141,714,240,372,1,-1,-1,-1
308,14,1665,650,267,366,1,-1,-1,-1
308,15,1405,604,64,148,1,-1,-1,-1
308,18,407,828,288,396,1,-1,-1,-1
308,19,2044,683,125,222,1,-1,-1,-1
308,20,1671,664,128,273,1,-1,-1,-1
308,21,2091,724,120,252,1,-1,-1,-1
308,22,1098,702,140,304,1,-1,-1,-1
308,23,1563,622,72,144,1,-1,-1,-1
308,24,963,560,75,168,1,-1,-1,-1
308,25,2193,714,116,256,1,-1,-1,-1
308,27,1595,624,84,140,1,-1,-1,-1
308,28,1840,671,112,232,1,-1,-1,-1
308,29,1655,669,96,244,1,-1,-1,-1
309,0,432,823,181,415,1,-1,-1,-1
309,1,907,729,136,332,1,-1,-1,-1
309,2,880,586,84,148,1,-1,-1,-1
309,3,1737,704,148,264,1,-1,-1,-1
309,4,842,728,136,319,1,-1,-1,-1
309,6,1431,636,181,143,1,-1,-1,-1
309,7,1482,624,76,196,1,-1,-1,-1
309,8,987,557,88,172,1,-1,-1,-1
309,9,854,574,197,487,1,-1,-1,-1
309,10,2191,711,152,260,1,-1,-1,-1
309,12,1546,667,189,265,1,-1,-1,-1
309,13,139,715,240,372,1,-1,-1,-1
309,14,1672,653,267,366,1,-1,-1,-1
309,15,1408,606,64,148,1,-1,-1,-1
309,18,406,827,288,396,1,-1,-1,-1
309,19,2050,680,125,222,1,-1,-1,-1
309,20,1674,665,128,273,1,-1,-1,-1
309,21,2095,725,120,252,1,-1,-1,-1
309,22,1099,704,140,304,1,-1,-1,-1
309,23,1568,621,72,144,1,-1,-1,-1
309,24,966,558,75,168,1,-1,-1,-1
309,25,2196,715,116,256,1,-1,-1,-1
309,27,1601,624,84,140,1,-1,-1,-1
309,28,1841,672,112,232,1,-1,-1,-1
309,29,1655,670,96,244,1,-1,-1,-1
310,0,430,822,181,415,1,-1,-1,-1
310,1,907,730,136,332,1,-1,-1,-1
310,2,884,585,84,148,1,-1,-1,-1
310,3,1739,707,148,264,1,-1,-1,-1
310,4,839,728,136,319,1,-1,-1,-1
310,6,1435,636,181,143,1,-1,-1,-1
310,7,1486,626,76,196,1,-1,-1,-1
310,8,989,557,88,172,1,-1,-1,-1
310,9,849,568,197,487,1,-1,-1,-1
310,10,2190,703,160,273,1,-1,-1,-1
310,12,1543,667,189,265,1,-1,-1,-1
310,13,136,718,240,372,1,-1,-1,-1
310,14,1684,654,267,366,1,-1,-1,-1
310,15,1409,602,67,155,1,-1,-1,-1
310,18,404,828,288,396,1,-1,-1,-1
310,19,2052,684,125,222,1,-1,-1,-1
310,20,1675,665,128,273,1,-1,-1,-1
310,21,2099,725,120,252,1,-1,-1,-1
310,22,1099,705,140,304,1,-1,-1,-1
310,23,1572,620,72,144,1,-1,-1,-1
310,24,970,560,75,168,1,-1,-1,-1
310,25,2199,716,116,256,1,-1,-1,-1
310,27,1607,624,84,140,1,-1,-1,-1
310,28,1840,672,112,232,1,-1,-1,-1
310,29,1654,673,96,244,1,-1,-1,-1
311,0,428,821,181,415,1,-1,-1,-1
311,1,906,733,136,332,1,-1,-1,-1
311,2,888,585,84,148,1,-1,-1,-1
311,3,1741,707,148,264,1,-1,-1,-1
311,4,836,728,136,319,1,-1,-1,-1
311,6,1439,637,181,143,1,-1,-1,-1
311,7,1489,626,76,196,1,-1,-1,-1
311,8,991,558,88,172,1,-1,-1,-1
311,9,846,568,197,487,1,-1,-1,-1
311,10,2193,704,160,273,1,-1,-1,-1
311,12,1542,668,189,265,1,-1,-1,-1
311,13,133,724,240,372,1,-1,-1,-1
311,14,1689,652,267,366,1,-1,-1,-1
311,15,1412,601,67,155,1,-1,-1,-1
311,18,401,827,288,396,1,-1,-1,-1
311,19,2055,682,125,222,1,-1,-1,-1
311,20,1676,664,128,273,1,-1,-1,-1
311,21,2101,726,120,252,1,-1,-1,-1
311,22,1101,705,140,304,1,-1,-1,-1
311,23,1577,619,72,144,1,-1,-1,-1
311,24,974,560,75,168,1,-1,-1,-1
311,25,2201,717,116,256,1,-1,-1,-1
311,27,1614,623,84,140,1,-1,-1,-1
311,28,1841,671,112,232,1,-1,-1,-1
311,29,1655,675,96,244,1,-1,-1,-1
312,0,425,821,181,415,1,-1,-1,-1
312,1,906,733,136,332,1,-1,-1,-1
312,2,891,586,84,148,1,-1,-1,-1
312,3,1743,707,148,264,1,-1,-1,-1
312,4,829,716,143,335,1,-1,-1,-1
312,6,1439,638,181,143,1,-1,-1,-1
312,7,1491,628,76,196,1,-1,-1,-1
312,8,994,559,88,172,1,-1,-1,-1
312,9,845,578,188,464,1,-1,-1,-1
312,10,2196,706,160,273,1,-1,-1,-1
312,12,1541,666,189,265,1,-1,-1,-1
312,13,128,728,240,372,1,-1,-1,-1
312,14,1699,652,267,366,1,-1,-1,-1
312,15,1414,602,67,155,1,-1,-1,-1
312,18,397,826,288,396,1,-1,-1,-1
312,19,2058,682,125,222,1,-1,-1,-1
312,20,1680,662,128,273,1,-1,-1,-1
312,21,2104,727,120,252,1,-1,-1,-1
312,22,1102,706,140,304,1,-1,-1,-1
312,23,1580,619,72,144,1,-1,-1,-1
312,24,976,563,75,168,1,-1,-1,-1
312,25,2204,718,116,256,1,-1,-1,-1
312,27,1617,623,84,140,1,-1,-1,-1
312,28,1838,671,112,232,1,-1,-1,-1
312,29,1653,672,96,244,1,-1,-1,-1
313,0,425,821,181,415,1,-1,-1,-1
313,1,872,728,164,340,1,-1,-1,-1
313,2,896,584,76,160,1,-1,-1,-1
313,3,1748,696,108,276,1,-1,-1,-1
313,4,829,716,143,335,1,-1,-1,-1
313,6,1439,638,181,143,1,-1,-1,-1
313,7,1468,624,88,204,1,-1,-1,-1
313,8,992,556,92,164,1,-1,-1,-1
313,9,845,578,188,464,1,-1,-1,-1
313,10,2196,706,160,273,1,-1,-1,-1
313,12,1541,666,189,265,1,-1,-1,-1
313,13,124,728,240,352,1,-1,-1,-1
313,14,1699,652,267,366,1,-1,-1,-1
313,15,1416,608,72,164,1,-1,-1,-1
313,18,396,820,288,408,1,-1,-1,-1
313,19,2058,682,125,222,1,-1,-1,-1
313,20,1680,662,128,273,1,-1,-1,-1
313,21,2108,720,112,264,1,-1,-1,-1
313,22,1100,700,136,304,1,-1,-1,-1
313,23,1580,619,72,144,1,-1,-1,-1
313,24,976,563,75,168,1,-1,-1,-1
313,25,2204,724,104,256,1,-1,-1,-1
313,27,1617,623,84,140,1,-1,-1,-1
313,28,1852,660,108,232,1,-1,-1,-1
313,29,1648,676,104,236,1,-1,-1,-1
314,0,420,822,181,415,1,-1,-1,-1
314,1,871,727,164,340,1,-1,-1,-1
314,2,896,584,76,160,1,-1,-1,-1
314,3,1749,696,108,276,1,-1,-1,-1
314,4,823,713,143,335,1,-1,-1,-1
314,6,1441,638,181,143,1,-1,-1,-1
314,7,1468,623,88,204,1,-1,-1,-1
314,8,992,556,92,164,1,-1,-1,-1
314,9,841,582,188,464,1,-1,-1,-1
314,10,2200,709,160,273,1,-1,-1,-1
314,12,1540,664,189,265,1,-1,-1,-1
314,13,122,729,240,352,1,-1,-1,-1
314,14,1707,655,267,366,1,-1,-1,-1
314,15,1418,608,72,164,1,-1,-1,-1
314,18,395,821,288,408,1,-1,-1,-1
314,19,2058,685,125,222,1,-1,-1,-1
314,20,1681,660,128,273,1,-1,-1,-1
314,21,2108,720,112,264,1,-1,-1,-1
314,22,1100,699,136,304,1,-1,-1,-1
314,23,1582,618,72,144,1,-1,-1,-1
314,24,977,562,75,168,1,-1,-1,-1
314,25,2205,725,104,256,1,-1,-1,-1
314,27,1617,622,84,140,1,-1,-1,-1
314,28,1852,660,108,232,1,-1,-1,-1
314,29,1648,676,104,236,1,-1,-1,-1
