1,0,1536,412,84,244,1,-1,-1,-1
1,1,1320,656,364,188,1,-1,-1,-1
1,2,828,676,344,296,1,-1,-1,-1
1,3,2372,688,188,192,1,-1,-1,-1
1,4,548,612,320,276,1,-1,-1,-1
1,5,1208,532,100,96,1,-1,-1,-1
1,6,1588,640,256,196,1,-1,-1,-1
1,7,348,512,152,76,1,-1,-1,-1
1,8,1300,544,76,96,1,-1,-1,-1
2,0,1536,412,84,244,1,-1,-1,-1
2,1,1319,656,364,188,1,-1,-1,-1
2,2,829,676,344,296,1,-1,-1,-1
2,3,2374,688,186,192,1,-1,-1,-1
2,4,549,613,320,276,1,-1,-1,-1
2,5,1209,532,100,96,1,-1,-1,-1
2,6,1589,640,256,196,1,-1,-1,-1
2,7,350,512,152,76,1,-1,-1,-1
2,8,1301,544,76,96,1,-1,-1,-1
3,0,1537,413,84,244,1,-1,-1,-1
3,1,1320,656,364,188,1,-1,-1,-1
3,2,827,677,344,296,1,-1,-1,-1
3,3,2378,689,182,192,1,-1,-1,-1
3,4,551,612,320,276,1,-1,-1,-1
3,5,1211,533,100,96,1,-1,-1,-1
3,6,1588,640,256,196,1,-1,-1,-1
3,7,352,512,152,76,1,-1,-1,-1
3,8,1303,545,76,96,1,-1,-1,-1
4,0,1539,413,84,244,1,-1,-1,-1
4,1,1328,661,347,179,1,-1,-1,-1
4,2,827,677,344,296,1,-1,-1,-1
4,3,2381,690,179,192,1,-1,-1,-1
4,4,552,612,320,276,1,-1,-1,-1
4,5,1212,533,100,96,1,-1,-1,-1
4,6,1589,641,256,196,1,-1,-1,-1
4,7,355,512,152,76,1,-1,-1,-1
4,8,1305,545,76,96,1,-1,-1,-1
5,0,1541,413,84,244,1,-1,-1,-1
5,1,1329,661,347,179,1,-1,-1,-1
5,2,827,677,344,296,1,-1,-1,-1
5,3,2385,691,175,192,1,-1,-1,-1
5,4,554,612,320,276,1,-1,-1,-1
5,5,1214,533,100,96,1,-1,-1,-1
5,6,1589,640,256,196,1,-1,-1,-1
5,7,357,512,152,76,1,-1,-1,-1
5,8,1307,545,76,96,1,-1,-1,-1
6,0,1542,413,84,244,1,-1,-1,-1
6,1,1330,660,347,179,1,-1,-1,-1
6,2,831,677,344,296,1,-1,-1,-1
6,3,2389,692,171,192,1,-1,-1,-1
6,4,557,612,320,276,1,-1,-1,-1
6,5,1216,533,100,96,1,-1,-1,-1
6,6,1589,640,256,196,1,-1,-1,-1
6,7,359,512,152,76,1,-1,-1,-1
6,8,1309,545,76,96,1,-1,-1,-1
7,0,1544,412,84,244,1,-1,-1,-1
7,1,1321,655,364,188,1,-1,-1,-1
7,2,830,677,344,296,1,-1,-1,-1
7,3,2394,691,166,192,1,-1,-1,-1
7,4,560,611,320,276,1,-1,-1,-1
7,5,1218,532,100,96,1,-1,-1,-1
7,6,1588,639,256,196,1,-1,-1,-1
7,7,362,511,152,76,1,-1,-1,-1
7,8,1312,544,76,96,1,-1,-1,-1
8,0,1546,412,84,244,1,-1,-1,-1
8,1,1331,658,347,179,1,-1,-1,-1
8,2,835,677,344,296,1,-1,-1,-1
8,3,2402,695,158,183,1,-1,-1,-1
8,4,562,611,320,276,1,-1,-1,-1
8,5,1221,532,100,96,1,-1,-1,-1
8,6,1590,638,256,196,1,-1,-1,-1
8,7,365,511,152,76,1,-1,-1,-1
8,8,1314,544,76,96,1,-1,-1,-1
9,0,1544,408,84,252,1,-1,-1,-1
9,1,1316,656,360,184,1,-1,-1,-1
9,2,820,680,368,336,1,-1,-1,-1
9,3,2402,695,158,183,1,-1,-1,-1
9,4,580,612,300,264,1,-1,-1,-1
9,5,1224,532,100,92,1,-1,-1,-1
9,6,1680,636,212,204,1,-1,-1,-1
9,7,364,508,156,72,1,-1,-1,-1
9,8,1320,544,68,92,1,-1,-1,-1
9,9,0,824,132,416,1,-1,-1,-1
9,10,0,760,340,304,1,-1,-1,-1
9,11,704,496,80,48,1,-1,-1,-1
10,0,1545,408,84,252,1,-1,-1,-1
10,1,1315,656,360,184,1,-1,-1,-1
10,2,822,680,368,336,1,-1,-1,-1
10,3,2412,695,148,183,1,-1,-1,-1
10,4,583,612,300,264,1,-1,-1,-1
10,5,1226,531,100,92,1,-1,-1,-1
10,6,1680,636,212,204,1,-1,-1,-1
10,7,365,508,156,72,1,-1,-1,-1
10,8,1323,544,68,92,1,-1,-1,-1
10,9,0,823,132,416,1,-1,-1,-1
10,10,2,760,340,304,1,-1,-1,-1
10,11,706,496,80,48,1,-1,-1,-1
11,0,1545,401,88,265,1,-1,-1,-1
11,1,1317,655,360,184,1,-1,-1,-1
11,2,824,678,368,336,1,-1,-1,-1
11,3,2418,694,142,183,1,-1,-1,-1
11,4,586,611,300,264,1,-1,-1,-1
11,5,1228,530,100,92,1,-1,-1,-1
11,6,1681,636,212,204,1,-1,-1,-1
11,7,369,507,156,72,1,-1,-1,-1
11,8,1325,544,68,92,1,-1,-1,-1
11,9,1,821,132,416,1,-1,-1,-1
11,10,5,759,340,304,1,-1,-1,-1
11,11,709,495,80,48,1,-1,-1,-1
12,0,1548,400,88,265,1,-1,-1,-1
12,1,1320,654,360,184,1,-1,-1,-1
12,2,827,677,368,336,1,-1,-1,-1
12,3,2423,693,137,183,1,-1,-1,-1
12,4,589,610,300,264,1,-1,-1,-1
12,5,1231,529,100,92,1,-1,-1,-1
12,6,1682,635,212,204,1,-1,-1,-1
12,7,372,507,156,72,1,-1,-1,-1
12,8,1327,544,68,92,1,-1,-1,-1
12,9,2,811,139,437,1,-1,-1,-1
12,10,8,757,340,304,1,-1,-1,-1
12,11,710,493,84,50,1,-1,-1,-1
13,0,1550,400,88,265,1,-1,-1,-1
13,1,1320,653,360,184,1,-1,-1,-1
13,2,831,676,368,336,1,-1,-1,-1
13,3,2429,692,131,183,1,-1,-1,-1
13,4,593,609,300,264,1,-1,-1,-1
13,5,1235,528,100,92,1,-1,-1,-1
13,6,1682,634,212,204,1,-1,-1,-1
13,7,376,506,156,72,1,-1,-1,-1
13,8,1329,544,68,92,1,-1,-1,-1
13,9,9,811,139,437,1,-1,-1,-1
13,10,12,756,340,304,1,-1,-1,-1
13,11,713,492,84,50,1,-1,-1,-1
14,0,1554,398,88,265,1,-1,-1,-1
14,1,1322,653,360,184,1,-1,-1,-1
14,2,834,676,368,336,1,-1,-1,-1
14,3,2435,691,125,183,1,-1,-1,-1
14,4,597,608,300,264,1,-1,-1,-1
14,5,1237,528,100,92,1,-1,-1,-1
14,6,1684,635,212,204,1,-1,-1,-1
14,7,380,505,156,72,1,-1,-1,-1
14,8,1330,543,68,92,1,-1,-1,-1
14,9,18,810,139,437,1,-1,-1,-1
14,10,17,754,340,304,1,-1,-1,-1
14,11,717,491,84,50,1,-1,-1,-1
15,0,1555,398,88,265,1,-1,-1,-1
15,1,1330,655,343,175,1,-1,-1,-1
15,2,840,674,368,336,1,-1,-1,-1
15,3,2439,692,121,183,1,-1,-1,-1
15,4,601,606,300,264,1,-1,-1,-1
15,5,1239,527,100,92,1,-1,-1,-1
15,6,1685,633,212,204,1,-1,-1,-1
15,7,383,504,156,72,1,-1,-1,-1
15,8,1332,542,68,92,1,-1,-1,-1
15,9,25,810,139,437,1,-1,-1,-1
15,10,23,752,340,304,1,-1,-1,-1
15,11,719,491,84,50,1,-1,-1,-1
16,0,1559,404,84,252,1,-1,-1,-1
16,1,1330,655,343,175,1,-1,-1,-1
16,2,832,666,386,353,1,-1,-1,-1
16,3,2446,696,114,174,1,-1,-1,-1
16,4,604,606,300,264,1,-1,-1,-1
16,5,1241,527,100,92,1,-1,-1,-1
16,6,1686,633,212,204,1,-1,-1,-1
16,7,386,504,156,72,1,-1,-1,-1
16,8,1333,541,68,92,1,-1,-1,-1
16,9,32,811,139,437,1,-1,-1,-1
16,10,29,751,340,304,1,-1,-1,-1
16,11,721,490,84,50,1,-1,-1,-1
17,0,1564,404,88,248,1,-1,-1,-1
17,1,1296,648,392,184,1,-1,-1,-1
17,2,824,684,396,324,1,-1,-1,-1
17,3,2446,696,114,174,1,-1,-1,-1
17,4,624,604,292,252,1,-1,-1,-1
17,5,1244,528,96,88,1,-1,-1,-1
17,6,1704,632,148,192,1,-1,-1,-1
17,7,392,504,152,68,1,-1,-1,-1
17,8,1332,536,64,96,1,-1,-1,-1
17,9,0,816,180,448,1,-1,-1,-1
17,10,0,744,348,316,1,-1,-1,-1
17,11,728,488,76,48,1,-1,-1,-1
17,12,144,664,388,128,1,-1,-1,-1
17,13,172,484,136,112,1,-1,-1,-1
17,14,308,760,236,284,1,-1,-1,-1
17,15,1788,604,196,164,1,-1,-1,-1
17,16,528,728,204,176,1,-1,-1,-1
17,17,1192,780,184,340,1,-1,-1,-1
18,0,1567,410,84,236,1,-1,-1,-1
18,1,1298,648,392,184,1,-1,-1,-1
18,2,826,685,396,324,1,-1,-1,-1
18,3,2461,696,99,174,1,-1,-1,-1
18,4,627,603,292,252,1,-1,-1,-1
18,5,1246,528,96,88,1,-1,-1,-1
18,6,1702,627,155,202,1,-1,-1,-1
18,7,394,504,152,68,1,-1,-1,-1
18,8,1334,536,64,96,1,-1,-1,-1
18,9,3,815,180,448,1,-1,-1,-1
18,10,4,744,348,316,1,-1,-1,-1
18,11,731,488,76,48,1,-1,-1,-1
18,12,146,664,388,128,1,-1,-1,-1
18,13,175,483,136,112,1,-1,-1,-1
18,14,312,761,236,284,1,-1,-1,-1
18,15,1790,604,196,164,1,-1,-1,-1
18,16,530,728,204,176,1,-1,-1,-1
18,17,1196,778,184,340,1,-1,-1,-1
19,0,1569,411,84,236,1,-1,-1,-1
19,1,1301,649,392,184,1,-1,-1,-1
19,2,829,688,396,324,1,-1,-1,-1
19,3,2466,696,94,174,1,-1,-1,-1
19,4,631,606,292,252,1,-1,-1,-1
19,5,1249,528,96,88,1,-1,-1,-1
19,6,1703,627,155,202,1,-1,-1,-1
19,7,397,504,152,68,1,-1,-1,-1
19,8,1335,535,64,96,1,-1,-1,-1
19,9,8,814,180,448,1,-1,-1,-1
19,10,7,744,348,316,1,-1,-1,-1
19,11,733,488,76,48,1,-1,-1,-1
19,12,149,664,388,128,1,-1,-1,-1
19,13,177,483,136,112,1,-1,-1,-1
19,14,316,762,236,284,1,-1,-1,-1
19,15,1792,604,196,164,1,-1,-1,-1
19,16,535,729,204,176,1,-1,-1,-1
19,17,1203,777,184,340,1,-1,-1,-1
20,0,1572,412,84,236,1,-1,-1,-1
20,1,1302,650,392,184,1,-1,-1,-1
20,2,839,696,377,309,1,-1,-1,-1
20,3,2472,696,88,174,1,-1,-1,-1
20,4,634,604,292,252,1,-1,-1,-1
20,5,1250,527,96,88,1,-1,-1,-1
20,6,1707,627,155,202,1,-1,-1,-1
20,7,400,503,152,68,1,-1,-1,-1
20,8,1337,534,64,96,1,-1,-1,-1
20,9,15,815,180,448,1,-1,-1,-1
20,10,11,743,348,316,1,-1,-1,-1
20,11,735,487,76,48,1,-1,-1,-1
20,12,151,663,388,128,1,-1,-1,-1
20,13,180,482,136,112,1,-1,-1,-1
20,14,320,763,236,284,1,-1,-1,-1
20,15,1795,605,196,164,1,-1,-1,-1
20,16,539,729,204,176,1,-1,-1,-1
20,17,1209,776,184,340,1,-1,-1,-1
21,0,1574,414,84,236,1,-1,-1,-1
21,1,1305,650,392,184,1,-1,-1,-1
21,2,839,697,377,309,1,-1,-1,-1
21,3,2477,696,83,174,1,-1,-1,-1
21,4,637,605,292,252,1,-1,-1,-1
21,5,1252,527,96,88,1,-1,-1,-1
21,6,1709,628,155,202,1,-1,-1,-1
21,7,403,503,152,68,1,-1,-1,-1
21,8,1339,533,64,96,1,-1,-1,-1
21,9,22,817,180,448,1,-1,-1,-1
21,10,15,744,348,316,1,-1,-1,-1
21,11,736,487,76,48,1,-1,-1,-1
21,12,151,663,388,128,1,-1,-1,-1
21,13,183,481,136,112,1,-1,-1,-1
21,14,326,765,236,284,1,-1,-1,-1
21,15,1796,604,196,164,1,-1,-1,-1
21,16,543,731,204,176,1,-1,-1,-1
21,17,1217,776,184,340,1,-1,-1,-1
22,0,1577,416,84,236,1,-1,-1,-1
22,1,1306,650,392,184,1,-1,-1,-1
22,2,839,697,377,309,1,-1,-1,-1
22,4,641,607,292,252,1,-1,-1,-1
22,5,1255,527,96,88,1,-1,-1,-1
22,6,1715,633,148,192,1,-1,-1,-1
22,7,406,503,152,68,1,-1,-1,-1
22,8,1341,534,64,96,1,-1,-1,-1
22,9,31,816,180,448,1,-1,-1,-1
22,10,21,743,348,316,1,-1,-1,-1
22,11,739,487,76,48,1,-1,-1,-1
22,12,155,664,388,128,1,-1,-1,-1
22,13,185,481,136,112,1,-1,-1,-1
22,14,331,766,236,284,1,-1,-1,-1
22,15,1798,605,196,164,1,-1,-1,-1
22,16,549,731,204,176,1,-1,-1,-1
22,17,1223,776,184,340,1,-1,-1,-1
23,0,1578,417,84,236,1,-1,-1,-1
23,1,1308,651,392,184,1,-1,-1,-1
23,2,842,700,377,309,1,-1,-1,-1
23,4,644,606,292,252,1,-1,-1,-1
23,5,1256,526,96,88,1,-1,-1,-1
23,6,1722,637,141,183,1,-1,-1,-1
23,7,407,502,152,68,1,-1,-1,-1
23,8,1342,533,64,96,1,-1,-1,-1
23,9,36,818,180,448,1,-1,-1,-1
23,10,23,743,348,316,1,-1,-1,-1
23,11,740,486,76,48,1,-1,-1,-1
23,12,159,664,388,128,1,-1,-1,-1
23,13,187,481,136,112,1,-1,-1,-1
23,14,336,768,236,284,1,-1,-1,-1
23,15,1800,604,196,164,1,-1,-1,-1
23,16,552,731,204,176,1,-1,-1,-1
23,17,1232,774,184,340,1,-1,-1,-1
24,0,1581,419,84,236,1,-1,-1,-1
24,1,1309,652,392,184,1,-1,-1,-1
24,2,843,699,377,309,1,-1,-1,-1
24,4,647,606,292,252,1,-1,-1,-1
24,5,1259,525,96,88,1,-1,-1,-1
24,6,1724,636,141,183,1,-1,-1,-1
24,7,408,502,152,68,1,-1,-1,-1
24,8,1343,530,64,96,1,-1,-1,-1
24,9,37,810,189,470,1,-1,-1,-1
24,10,28,743,348,316,1,-1,-1,-1
24,11,742,486,76,48,1,-1,-1,-1
24,12,163,664,388,128,1,-1,-1,-1
24,13,189,480,136,112,1,-1,-1,-1
24,14,342,768,236,284,1,-1,-1,-1
24,15,1803,605,196,164,1,-1,-1,-1
24,16,555,730,204,176,1,-1,-1,-1
24,17,1244,778,175,324,1,-1,-1,-1
25,0,1588,420,88,232,1,-1,-1,-1
25,1,1309,652,392,184,1,-1,-1,-1
25,2,832,688,412,328,1,-1,-1,-1
25,4,688,604,240,256,1,-1,-1,-1
25,5,1256,520,92,88,1,-1,-1,-1
25,6,1648,624,216,200,1,-1,-1,-1
25,7,408,502,152,68,1,-1,-1,-1
25,8,1348,532,56,92,1,-1,-1,-1
25,9,37,810,189,470,1,-1,-1,-1
25,10,28,743,348,316,1,-1,-1,-1
25,11,744,484,72,56,1,-1,-1,-1
25,12,163,664,388,128,1,-1,-1,-1
25,13,189,480,136,112,1,-1,-1,-1
25,14,342,768,236,284,1,-1,-1,-1
25,15,1803,605,196,164,1,-1,-1,-1
25,16,555,730,204,176,1,-1,-1,-1
25,17,1244,778,175,324,1,-1,-1,-1
26,0,1589,420,88,232,1,-1,-1,-1
26,1,1309,650,392,184,1,-1,-1,-1
26,2,834,687,412,328,1,-1,-1,-1
26,4,692,604,240,256,1,-1,-1,-1
26,5,1257,519,92,88,1,-1,-1,-1
26,6,1649,623,216,200,1,-1,-1,-1
26,7,412,501,152,68,1,-1,-1,-1
26,8,1349,532,56,92,1,-1,-1,-1
26,9,56,813,189,470,1,-1,-1,-1
26,10,45,744,348,316,1,-1,-1,-1
26,11,745,484,72,56,1,-1,-1,-1
26,12,159,662,407,134,1,-1,-1,-1
26,13,193,478,136,112,1,-1,-1,-1
26,14,352,769,236,284,1,-1,-1,-1
26,15,1807,604,196,164,1,-1,-1,-1
26,16,566,732,204,176,1,-1,-1,-1
26,17,1260,774,175,324,1,-1,-1,-1
27,0,1590,421,88,232,1,-1,-1,-1
27,1,1309,648,392,184,1,-1,-1,-1
27,2,839,689,412,328,1,-1,-1,-1
27,4,694,605,240,256,1,-1,-1,-1
27,5,1259,519,92,88,1,-1,-1,-1
27,6,1649,623,216,200,1,-1,-1,-1
27,7,413,501,152,68,1,-1,-1,-1
27,8,1350,532,56,92,1,-1,-1,-1
27,9,63,814,189,470,1,-1,-1,-1
27,10,48,744,348,316,1,-1,-1,-1
27,11,747,484,72,56,1,-1,-1,-1
27,12,163,662,407,134,1,-1,-1,-1
27,13,194,477,136,112,1,-1,-1,-1
27,14,349,763,248,298,1,-1,-1,-1
27,15,1807,603,196,164,1,-1,-1,-1
27,16,569,732,204,176,1,-1,-1,-1
27,17,1267,771,175,324,1,-1,-1,-1
28,0,1591,421,88,232,1,-1,-1,-1
28,1,1317,652,373,175,1,-1,-1,-1
28,2,839,690,412,328,1,-1,-1,-1
28,4,695,606,240,256,1,-1,-1,-1
28,5,1260,519,92,88,1,-1,-1,-1
28,6,1649,624,216,200,1,-1,-1,-1
28,7,414,501,152,68,1,-1,-1,-1
28,8,1350,531,56,92,1,-1,-1,-1
28,9,74,815,189,470,1,-1,-1,-1
28,10,51,745,348,316,1,-1,-1,-1
28,11,748,484,72,56,1,-1,-1,-1
28,12,166,662,407,134,1,-1,-1,-1
28,13,195,477,136,112,1,-1,-1,-1
28,14,354,764,248,298,1,-1,-1,-1
28,15,1807,604,196,164,1,-1,-1,-1
28,16,571,732,204,176,1,-1,-1,-1
28,17,1274,769,175,324,1,-1,-1,-1
29,0,1592,420,88,232,1,-1,-1,-1
29,1,1317,652,373,175,1,-1,-1,-1
29,2,839,692,412,328,1,-1,-1,-1
29,4,698,606,240,256,1,-1,-1,-1
29,5,1261,520,92,88,1,-1,-1,-1
29,6,1650,622,216,200,1,-1,-1,-1
29,7,415,500,152,68,1,-1,-1,-1
29,8,1350,530,56,92,1,-1,-1,-1
29,9,81,814,189,470,1,-1,-1,-1
29,10,55,747,348,316,1,-1,-1,-1
29,11,749,484,72,56,1,-1,-1,-1
29,12,178,666,388,128,1,-1,-1,-1
29,13,197,477,136,112,1,-1,-1,-1
29,14,359,766,248,298,1,-1,-1,-1
29,15,1808,603,196,164,1,-1,-1,-1
29,16,576,733,204,176,1,-1,-1,-1
29,17,1281,771,175,324,1,-1,-1,-1
30,0,1593,419,88,232,1,-1,-1,-1
30,1,1319,654,373,175,1,-1,-1,-1
30,2,839,693,412,328,1,-1,-1,-1
30,4,700,606,240,256,1,-1,-1,-1
30,5,1262,519,92,88,1,-1,-1,-1
30,6,1650,622,216,200,1,-1,-1,-1
30,7,417,500,152,68,1,-1,-1,-1
30,8,1351,529,56,92,1,-1,-1,-1
30,9,91,817,189,470,1,-1,-1,-1
30,10,63,746,348,316,1,-1,-1,-1
30,11,750,484,72,56,1,-1,-1,-1
30,12,172,663,407,134,1,-1,-1,-1
30,13,198,477,136,112,1,-1,-1,-1
30,14,363,766,248,298,1,-1,-1,-1
30,15,1809,603,196,164,1,-1,-1,-1
30,16,579,734,204,176,1,-1,-1,-1
30,17,1286,771,175,324,1,-1,-1,-1
31,0,1597,425,84,221,1,-1,-1,-1
31,1,1323,654,356,167,1,-1,-1,-1
31,2,842,694,412,328,1,-1,-1,-1
31,4,704,607,240,256,1,-1,-1,-1
31,5,1263,519,92,88,1,-1,-1,-1
31,6,1650,622,216,200,1,-1,-1,-1
31,7,423,501,145,65,1,-1,-1,-1
31,8,1350,529,56,92,1,-1,-1,-1
31,9,99,820,189,470,1,-1,-1,-1
31,10,72,745,348,316,1,-1,-1,-1
31,11,750,484,72,56,1,-1,-1,-1
31,12,174,663,407,134,1,-1,-1,-1
31,13,198,477,136,112,1,-1,-1,-1
31,14,366,767,248,298,1,-1,-1,-1
31,15,1808,603,196,164,1,-1,-1,-1
31,16,581,734,204,176,1,-1,-1,-1
31,17,1294,778,167,308,1,-1,-1,-1
32,0,1598,424,84,221,1,-1,-1,-1
32,1,1314,649,373,175,1,-1,-1,-1
32,2,835,686,433,344,1,-1,-1,-1
32,4,705,607,240,256,1,-1,-1,-1
32,5,1264,519,92,88,1,-1,-1,-1
32,6,1649,622,216,200,1,-1,-1,-1
32,7,422,501,145,65,1,-1,-1,-1
32,8,1350,529,56,92,1,-1,-1,-1
32,9,103,823,189,470,1,-1,-1,-1
32,10,81,744,348,316,1,-1,-1,-1
32,11,750,484,72,56,1,-1,-1,-1
32,12,174,664,407,134,1,-1,-1,-1
32,13,198,477,136,112,1,-1,-1,-1
32,14,370,768,248,298,1,-1,-1,-1
32,15,1808,603,196,164,1,-1,-1,-1
32,16,584,734,204,176,1,-1,-1,-1
32,17,1300,776,167,308,1,-1,-1,-1
33,0,1600,420,84,228,1,-1,-1,-1
33,1,1314,649,373,175,1,-1,-1,-1
33,2,844,700,348,276,1,-1,-1,-1
33,4,712,608,236,244,1,-1,-1,-1
33,5,1264,519,92,88,1,-1,-1,-1
33,6,1680,624,180,196,1,-1,-1,-1
33,7,422,501,145,65,1,-1,-1,-1
33,8,1350,529,56,92,1,-1,-1,-1
33,9,103,823,189,470,1,-1,-1,-1
33,10,81,744,348,316,1,-1,-1,-1
33,11,750,484,72,56,1,-1,-1,-1
33,12,180,664,404,128,1,-1,-1,-1
33,13,198,477,136,112,1,-1,-1,-1
33,14,370,768,248,298,1,-1,-1,-1
33,15,1808,603,196,164,1,-1,-1,-1
33,16,584,734,204,176,1,-1,-1,-1
33,17,1300,776,167,308,1,-1,-1,-1
34,0,1600,419,84,228,1,-1,-1,-1
34,1,1314,647,373,175,1,-1,-1,-1
34,2,843,699,348,276,1,-1,-1,-1
34,4,714,608,236,244,1,-1,-1,-1
34,5,1265,518,92,88,1,-1,-1,-1
34,6,1680,623,180,196,1,-1,-1,-1
34,7,423,501,145,65,1,-1,-1,-1
34,8,1349,528,56,92,1,-1,-1,-1
34,9,108,813,198,494,1,-1,-1,-1
34,10,94,744,348,316,1,-1,-1,-1
34,11,751,484,72,56,1,-1,-1,-1
34,12,180,663,404,128,1,-1,-1,-1
34,13,197,478,136,112,1,-1,-1,-1
34,14,374,769,248,298,1,-1,-1,-1
34,15,1807,602,196,164,1,-1,-1,-1
34,16,586,736,204,176,1,-1,-1,-1
34,17,1306,772,167,308,1,-1,-1,-1
35,0,1601,420,84,228,1,-1,-1,-1
35,1,1314,645,373,175,1,-1,-1,-1
35,2,844,700,348,276,1,-1,-1,-1
35,4,716,609,236,244,1,-1,-1,-1
35,5,1264,519,92,88,1,-1,-1,-1
35,6,1679,623,180,196,1,-1,-1,-1
35,7,424,500,145,65,1,-1,-1,-1
35,8,1348,528,56,92,1,-1,-1,-1
35,9,115,814,198,494,1,-1,-1,-1
35,10,95,743,348,316,1,-1,-1,-1
35,11,750,484,72,56,1,-1,-1,-1
35,12,181,664,404,128,1,-1,-1,-1
35,13,197,478,136,112,1,-1,-1,-1
35,14,374,767,248,298,1,-1,-1,-1
35,15,1805,600,196,164,1,-1,-1,-1
35,16,589,735,204,176,1,-1,-1,-1
35,17,1311,769,167,308,1,-1,-1,-1
36,0,1601,419,84,228,1,-1,-1,-1
36,1,1312,644,373,175,1,-1,-1,-1
36,2,853,709,331,263,1,-1,-1,-1
36,4,717,610,236,244,1,-1,-1,-1
36,5,1264,519,92,88,1,-1,-1,-1
36,6,1678,622,180,196,1,-1,-1,-1
36,7,423,500,145,65,1,-1,-1,-1
36,8,1349,529,56,92,1,-1,-1,-1
36,9,124,813,198,494,1,-1,-1,-1
36,10,105,744,348,316,1,-1,-1,-1
36,11,750,484,72,56,1,-1,-1,-1
36,12,182,663,404,128,1,-1,-1,-1
36,13,196,478,136,112,1,-1,-1,-1
36,14,376,769,248,298,1,-1,-1,-1
36,15,1803,601,196,164,1,-1,-1,-1
36,16,589,736,204,176,1,-1,-1,-1
36,17,1315,768,167,308,1,-1,-1,-1
37,0,1601,419,84,228,1,-1,-1,-1
37,1,1324,647,356,167,1,-1,-1,-1
37,2,854,709,331,263,1,-1,-1,-1
37,4,718,610,236,244,1,-1,-1,-1
37,5,1264,519,92,88,1,-1,-1,-1
37,6,1678,622,180,196,1,-1,-1,-1
37,7,423,500,145,65,1,-1,-1,-1
37,8,1350,528,56,92,1,-1,-1,-1
37,9,129,817,198,494,1,-1,-1,-1
37,10,106,744,348,316,1,-1,-1,-1
37,11,749,484,72,56,1,-1,-1,-1
37,12,182,664,404,128,1,-1,-1,-1
37,13,195,478,136,112,1,-1,-1,-1
37,14,378,768,248,298,1,-1,-1,-1
37,15,1800,596,206,172,1,-1,-1,-1
37,16,591,735,204,176,1,-1,-1,-1
37,17,1314,758,175,324,1,-1,-1,-1
38,0,1600,418,84,228,1,-1,-1,-1
38,1,1319,646,356,167,1,-1,-1,-1
38,2,862,716,316,250,1,-1,-1,-1
38,4,718,610,236,244,1,-1,-1,-1
38,5,1264,518,92,88,1,-1,-1,-1
38,6,1677,621,180,196,1,-1,-1,-1
38,7,422,501,145,65,1,-1,-1,-1
38,9,134,819,198,494,1,-1,-1,-1
38,10,122,752,331,301,1,-1,-1,-1
38,11,748,484,72,56,1,-1,-1,-1
38,12,182,663,404,128,1,-1,-1,-1
38,13,194,478,136,112,1,-1,-1,-1
38,14,379,767,248,298,1,-1,-1,-1
38,15,1799,596,206,172,1,-1,-1,-1
38,16,592,736,204,176,1,-1,-1,-1
38,17,1320,762,167,308,1,-1,-1,-1
39,0,1599,418,84,228,1,-1,-1,-1
39,1,1318,646,356,167,1,-1,-1,-1
39,2,863,717,316,250,1,-1,-1,-1
39,4,718,609,236,244,1,-1,-1,-1
39,5,1263,517,92,88,1,-1,-1,-1
39,6,1676,620,180,196,1,-1,-1,-1
39,7,421,500,145,65,1,-1,-1,-1
39,9,138,818,198,494,1,-1,-1,-1
39,10,123,751,331,301,1,-1,-1,-1
39,11,746,483,72,56,1,-1,-1,-1
39,12,181,664,404,128,1,-1,-1,-1
39,13,189,475,143,118,1,-1,-1,-1
39,14,378,766,248,298,1,-1,-1,-1
39,15,1801,597,206,172,1,-1,-1,-1
39,16,592,737,204,176,1,-1,-1,-1
39,17,1324,758,167,308,1,-1,-1,-1
40,0,1597,418,84,228,1,-1,-1,-1
40,1,1327,649,339,159,1,-1,-1,-1
40,2,863,716,316,250,1,-1,-1,-1
40,4,718,610,236,244,1,-1,-1,-1
40,5,1262,516,92,88,1,-1,-1,-1
40,6,1676,620,180,196,1,-1,-1,-1
40,7,420,500,145,65,1,-1,-1,-1
40,9,140,818,198,494,1,-1,-1,-1
40,10,133,751,331,301,1,-1,-1,-1
40,11,744,482,72,56,1,-1,-1,-1
40,12,181,664,404,128,1,-1,-1,-1
40,13,186,475,143,118,1,-1,-1,-1
40,14,380,767,248,298,1,-1,-1,-1
40,15,1797,595,206,172,1,-1,-1,-1
40,16,592,735,204,176,1,-1,-1,-1
40,17,1324,756,167,308,1,-1,-1,-1
41,0,1600,416,72,216,1,-1,-1,-1
41,1,1252,640,400,164,1,-1,-1,-1
41,2,863,716,316,250,1,-1,-1,-1
41,4,708,604,244,248,1,-1,-1,-1
41,5,1262,516,92,88,1,-1,-1,-1
41,6,1620,616,228,204,1,-1,-1,-1
41,7,424,496,132,76,1,-1,-1,-1
41,9,132,828,216,484,1,-1,-1,-1
41,10,133,751,331,301,1,-1,-1,-1
41,11,748,480,68,56,1,-1,-1,-1
41,12,181,664,404,128,1,-1,-1,-1
41,13,176,480,172,112,1,-1,-1,-1
41,14,380,767,248,298,1,-1,-1,-1
41,15,1797,595,206,172,1,-1,-1,-1
41,16,592,735,204,176,1,-1,-1,-1
41,17,1324,756,167,308,1,-1,-1,-1
41,18,1360,532,112,100,1,-1,-1,-1
42,0,1600,416,72,216,1,-1,-1,-1
42,1,1251,640,400,164,1,-1,-1,-1
42,2,863,717,316,250,1,-1,-1,-1
42,4,708,604,244,248,1,-1,-1,-1
42,5,1260,515,92,88,1,-1,-1,-1
42,6,1619,616,228,204,1,-1,-1,-1
42,7,423,496,132,76,1,-1,-1,-1
42,9,131,830,216,484,1,-1,-1,-1
42,10,133,751,331,301,1,-1,-1,-1
42,11,747,480,68,56,1,-1,-1,-1
42,12,181,664,404,128,1,-1,-1,-1
42,13,174,480,172,112,1,-1,-1,-1
42,14,379,768,248,298,1,-1,-1,-1
42,15,1795,595,206,172,1,-1,-1,-1
42,16,591,736,204,176,1,-1,-1,-1
42,17,1328,750,167,308,1,-1,-1,-1
42,18,1359,532,112,100,1,-1,-1,-1
43,0,1597,416,72,216,1,-1,-1,-1
43,1,1250,639,400,164,1,-1,-1,-1
43,2,856,712,331,263,1,-1,-1,-1
43,4,707,605,244,248,1,-1,-1,-1
43,5,1258,513,92,88,1,-1,-1,-1
43,6,1616,616,228,204,1,-1,-1,-1
43,7,421,496,132,76,1,-1,-1,-1
43,9,132,832,216,484,1,-1,-1,-1
43,10,137,750,331,301,1,-1,-1,-1
43,11,745,480,68,56,1,-1,-1,-1
43,12,179,665,404,128,1,-1,-1,-1
43,13,172,480,172,112,1,-1,-1,-1
43,14,377,768,248,298,1,-1,-1,-1
43,15,1791,595,206,172,1,-1,-1,-1
43,16,593,736,204,176,1,-1,-1,-1
43,17,1328,750,167,308,1,-1,-1,-1
43,18,1358,532,112,100,1,-1,-1,-1
44,0,1594,415,72,216,1,-1,-1,-1
44,1,1249,639,400,164,1,-1,-1,-1
44,2,846,708,348,276,1,-1,-1,-1
44,4,707,604,244,248,1,-1,-1,-1
44,5,1257,513,92,88,1,-1,-1,-1
44,6,1614,615,228,204,1,-1,-1,-1
44,7,420,496,132,76,1,-1,-1,-1
44,9,132,834,216,484,1,-1,-1,-1
44,10,134,752,331,301,1,-1,-1,-1
44,11,743,479,68,56,1,-1,-1,-1
44,12,176,665,404,128,1,-1,-1,-1
44,13,170,479,172,112,1,-1,-1,-1
44,14,381,775,236,284,1,-1,-1,-1
44,15,1789,592,206,172,1,-1,-1,-1
44,16,592,736,204,176,1,-1,-1,-1
44,17,1330,748,167,308,1,-1,-1,-1
44,18,1356,531,112,100,1,-1,-1,-1
45,0,1592,414,72,216,1,-1,-1,-1
45,1,1246,639,400,164,1,-1,-1,-1
45,2,845,709,348,276,1,-1,-1,-1
45,4,705,604,244,248,1,-1,-1,-1
45,5,1255,512,92,88,1,-1,-1,-1
45,6,1613,615,228,204,1,-1,-1,-1
45,7,418,495,132,76,1,-1,-1,-1
45,9,131,837,216,484,1,-1,-1,-1
45,10,134,753,331,301,1,-1,-1,-1
45,11,740,479,68,56,1,-1,-1,-1
45,12,174,665,404,128,1,-1,-1,-1
45,13,167,478,172,112,1,-1,-1,-1
45,14,381,774,236,284,1,-1,-1,-1
45,15,1787,592,206,172,1,-1,-1,-1
45,16,591,736,204,176,1,-1,-1,-1
45,17,1329,748,167,308,1,-1,-1,-1
45,18,1355,530,112,100,1,-1,-1,-1
46,0,1590,413,72,216,1,-1,-1,-1
46,1,1245,638,400,164,1,-1,-1,-1
46,2,842,709,348,276,1,-1,-1,-1
46,4,704,603,244,248,1,-1,-1,-1
46,5,1254,511,92,88,1,-1,-1,-1
46,6,1611,613,228,204,1,-1,-1,-1
46,7,415,495,132,76,1,-1,-1,-1
46,9,131,839,216,484,1,-1,-1,-1
46,10,134,753,331,301,1,-1,-1,-1
46,11,738,478,68,56,1,-1,-1,-1
46,12,172,664,404,128,1,-1,-1,-1
46,13,164,478,172,112,1,-1,-1,-1
46,14,381,776,236,284,1,-1,-1,-1
46,15,1786,592,206,172,1,-1,-1,-1
46,16,590,735,204,176,1,-1,-1,-1
46,17,1326,738,175,324,1,-1,-1,-1
46,18,1354,528,112,100,1,-1,-1,-1
47,0,1588,407,76,227,1,-1,-1,-1
47,1,1242,638,400,164,1,-1,-1,-1
47,2,839,710,348,276,1,-1,-1,-1
47,4,703,603,244,248,1,-1,-1,-1
47,5,1253,510,92,88,1,-1,-1,-1
47,6,1611,611,228,204,1,-1,-1,-1
47,7,413,494,132,76,1,-1,-1,-1
47,9,129,843,216,484,1,-1,-1,-1
47,10,130,755,331,301,1,-1,-1,-1
47,11,736,477,68,56,1,-1,-1,-1
47,12,169,664,404,128,1,-1,-1,-1
47,13,161,476,172,112,1,-1,-1,-1
47,14,380,775,236,284,1,-1,-1,-1
47,15,1784,592,206,172,1,-1,-1,-1
47,16,590,733,204,176,1,-1,-1,-1
47,17,1328,737,175,324,1,-1,-1,-1
47,18,1352,527,112,100,1,-1,-1,-1
48,0,1588,410,72,216,1,-1,-1,-1
48,1,1250,640,381,156,1,-1,-1,-1
48,2,836,713,348,276,1,-1,-1,-1
48,4,701,602,244,248,1,-1,-1,-1
48,5,1251,509,92,88,1,-1,-1,-1
48,6,1608,612,228,204,1,-1,-1,-1
48,7,407,491,139,80,1,-1,-1,-1
48,9,128,844,216,484,1,-1,-1,-1
48,10,133,751,331,301,1,-1,-1,-1
48,11,734,476,68,56,1,-1,-1,-1
48,12,168,663,404,128,1,-1,-1,-1
48,13,157,475,172,112,1,-1,-1,-1
48,14,379,777,236,284,1,-1,-1,-1
48,15,1782,589,206,172,1,-1,-1,-1
48,16,588,734,204,176,1,-1,-1,-1
48,17,1330,737,175,324,1,-1,-1,-1
48,18,1349,526,112,100,1,-1,-1,-1
49,0,1584,404,72,220,1,-1,-1,-1
49,1,1250,640,381,156,1,-1,-1,-1
49,2,836,713,348,276,1,-1,-1,-1
49,4,701,602,244,248,1,-1,-1,-1
49,5,1251,509,92,88,1,-1,-1,-1
49,6,1608,612,228,204,1,-1,-1,-1
49,7,407,491,139,80,1,-1,-1,-1
49,9,128,844,216,484,1,-1,-1,-1
49,10,133,751,331,301,1,-1,-1,-1
49,11,734,476,68,56,1,-1,-1,-1
49,12,168,663,404,128,1,-1,-1,-1
49,13,157,475,172,112,1,-1,-1,-1
49,14,379,777,236,284,1,-1,-1,-1
49,15,1782,589,206,172,1,-1,-1,-1
49,16,588,734,204,176,1,-1,-1,-1
49,17,1330,737,175,324,1,-1,-1,-1
49,18,1349,526,112,100,1,-1,-1,-1
49,19,600,848,404,448,1,-1,-1,-1
50,0,1586,408,69,210,1,-1,-1,-1
50,1,1245,639,381,156,1,-1,-1,-1
50,2,828,718,348,276,1,-1,-1,-1
50,4,698,601,244,248,1,-1,-1,-1
50,5,1248,507,92,88,1,-1,-1,-1
50,6,1604,609,228,204,1,-1,-1,-1
50,7,405,489,139,80,1,-1,-1,-1
50,9,125,848,216,484,1,-1,-1,-1
50,10,132,754,331,301,1,-1,-1,-1
50,11,729,473,68,56,1,-1,-1,-1
50,12,154,659,424,134,1,-1,-1,-1
50,13,151,474,172,112,1,-1,-1,-1
50,14,374,776,236,284,1,-1,-1,-1
50,15,1774,583,206,172,1,-1,-1,-1
50,16,587,734,204,176,1,-1,-1,-1
50,17,1330,735,175,324,1,-1,-1,-1
50,18,1347,523,112,100,1,-1,-1,-1
50,19,600,851,404,448,1,-1,-1,-1
51,0,1583,402,72,220,1,-1,-1,-1
51,1,1254,641,363,149,1,-1,-1,-1
51,2,825,719,348,276,1,-1,-1,-1
51,4,697,600,244,248,1,-1,-1,-1
51,5,1246,506,92,88,1,-1,-1,-1
51,6,1600,610,228,204,1,-1,-1,-1
51,7,402,488,139,80,1,-1,-1,-1
51,9,117,837,227,508,1,-1,-1,-1
51,10,133,755,331,301,1,-1,-1,-1
51,11,727,472,68,56,1,-1,-1,-1
51,12,152,658,424,134,1,-1,-1,-1
51,13,147,472,172,112,1,-1,-1,-1
51,14,374,777,236,284,1,-1,-1,-1
51,15,1769,582,206,172,1,-1,-1,-1
51,16,583,733,204,176,1,-1,-1,-1
51,17,1337,743,167,308,1,-1,-1,-1
51,18,1344,523,112,100,1,-1,-1,-1
51,19,605,854,404,448,1,-1,-1,-1
52,0,1582,401,72,220,1,-1,-1,-1
52,1,1254,641,363,149,1,-1,-1,-1
52,2,821,718,348,276,1,-1,-1,-1
52,4,695,599,244,248,1,-1,-1,-1
52,5,1245,506,92,88,1,-1,-1,-1
52,6,1595,609,228,204,1,-1,-1,-1
52,7,400,486,139,80,1,-1,-1,-1
52,9,115,838,227,508,1,-1,-1,-1
52,10,128,756,331,301,1,-1,-1,-1
52,11,725,472,68,56,1,-1,-1,-1
52,12,149,657,424,134,1,-1,-1,-1
52,13,143,471,172,112,1,-1,-1,-1
52,14,371,778,236,284,1,-1,-1,-1
52,15,1764,579,206,172,1,-1,-1,-1
52,16,581,733,204,176,1,-1,-1,-1
52,17,1337,742,167,308,1,-1,-1,-1
52,18,1341,522,112,100,1,-1,-1,-1
52,19,611,856,404,448,1,-1,-1,-1
53,0,1581,403,72,220,1,-1,-1,-1
53,1,1248,639,363,149,1,-1,-1,-1
53,2,814,717,348,276,1,-1,-1,-1
53,4,694,598,244,248,1,-1,-1,-1
53,5,1243,505,92,88,1,-1,-1,-1
53,6,1591,607,228,204,1,-1,-1,-1
53,7,397,485,139,80,1,-1,-1,-1
53,9,111,841,227,508,1,-1,-1,-1
53,10,127,758,331,301,1,-1,-1,-1
53,11,724,471,68,56,1,-1,-1,-1
53,12,145,656,424,134,1,-1,-1,-1
53,13,135,467,181,118,1,-1,-1,-1
53,14,365,771,248,298,1,-1,-1,-1
53,15,1761,579,206,172,1,-1,-1,-1
53,16,580,732,204,176,1,-1,-1,-1
53,17,1338,742,167,308,1,-1,-1,-1
53,18,1339,520,112,100,1,-1,-1,-1
53,19,614,861,404,448,1,-1,-1,-1
54,0,1580,403,72,220,1,-1,-1,-1
54,1,1246,639,363,149,1,-1,-1,-1
54,2,810,721,348,276,1,-1,-1,-1
54,4,694,597,244,248,1,-1,-1,-1
54,5,1242,505,92,88,1,-1,-1,-1
54,6,1587,604,228,204,1,-1,-1,-1
54,7,395,485,139,80,1,-1,-1,-1
54,9,109,844,227,508,1,-1,-1,-1
54,10,125,758,331,301,1,-1,-1,-1
54,11,720,471,68,56,1,-1,-1,-1
54,12,142,657,424,134,1,-1,-1,-1
54,13,131,467,181,118,1,-1,-1,-1
54,14,362,773,248,298,1,-1,-1,-1
54,15,1758,577,206,172,1,-1,-1,-1
54,16,578,731,204,176,1,-1,-1,-1
54,17,1339,742,167,308,1,-1,-1,-1
54,18,1336,520,112,100,1,-1,-1,-1
54,19,622,860,404,448,1,-1,-1,-1
55,0,1578,398,72,220,1,-1,-1,-1
55,1,1240,639,363,149,1,-1,-1,-1
55,2,807,722,348,276,1,-1,-1,-1
55,4,692,596,244,248,1,-1,-1,-1
55,5,1239,505,92,88,1,-1,-1,-1
55,6,1583,605,228,204,1,-1,-1,-1
55,7,394,484,139,80,1,-1,-1,-1
55,9,102,834,238,534,1,-1,-1,-1
55,10,123,759,331,301,1,-1,-1,-1
55,11,718,471,68,56,1,-1,-1,-1
55,12,139,657,424,134,1,-1,-1,-1
55,13,128,467,181,118,1,-1,-1,-1
55,14,360,775,248,298,1,-1,-1,-1
55,15,1756,578,206,172,1,-1,-1,-1
55,16,571,730,214,185,1,-1,-1,-1
55,17,1340,743,167,308,1,-1,-1,-1
55,18,1331,519,112,100,1,-1,-1,-1
55,19,627,862,404,448,1,-1,-1,-1
56,0,1576,398,72,220,1,-1,-1,-1
56,1,1235,638,363,149,1,-1,-1,-1
56,2,795,717,365,290,1,-1,-1,-1
56,4,691,597,244,248,1,-1,-1,-1
56,5,1238,505,92,88,1,-1,-1,-1
56,6,1573,599,239,214,1,-1,-1,-1
56,7,390,484,139,80,1,-1,-1,-1
56,9,99,837,238,534,1,-1,-1,-1
56,10,120,763,331,301,1,-1,-1,-1
56,11,715,471,68,56,1,-1,-1,-1
56,12,136,657,424,134,1,-1,-1,-1
56,13,121,464,190,123,1,-1,-1,-1
56,14,358,777,248,298,1,-1,-1,-1
56,15,1751,579,206,172,1,-1,-1,-1
56,16,569,733,214,185,1,-1,-1,-1
56,17,1340,745,167,308,1,-1,-1,-1
56,18,1329,519,112,100,1,-1,-1,-1
56,19,633,870,404,448,1,-1,-1,-1
57,0,1572,404,76,212,1,-1,-1,-1
57,1,1228,632,400,160,1,-1,-1,-1
57,2,712,728,436,280,1,-1,-1,-1
57,4,692,596,244,224,1,-1,-1,-1
57,5,1232,512,104,84,1,-1,-1,-1
57,6,1573,599,239,214,1,-1,-1,-1
57,7,396,484,128,76,1,-1,-1,-1
57,9,99,837,238,534,1,-1,-1,-1
57,10,120,763,331,301,1,-1,-1,-1
57,11,708,472,68,56,1,-1,-1,-1
57,12,120,660,432,140,1,-1,-1,-1
57,13,121,464,190,123,1,-1,-1,-1
57,14,358,777,248,298,1,-1,-1,-1
57,15,1751,579,206,172,1,-1,-1,-1
57,16,569,733,214,185,1,-1,-1,-1
57,17,1280,740,220,324,1,-1,-1,-1
57,18,1292,516,148,108,1,-1,-1,-1
57,19,633,870,404,448,1,-1,-1,-1
57,20,944,1044,680,388,1,-1,-1,-1
57,21,1452,748,416,204,1,-1,-1,-1
58,0,1572,404,76,212,1,-1,-1,-1
58,1,1225,631,400,160,1,-1,-1,-1
58,2,710,728,436,280,1,-1,-1,-1
58,4,691,596,244,224,1,-1,-1,-1
58,5,1230,511,104,84,1,-1,-1,-1
58,6,1569,597,239,214,1,-1,-1,-1
58,7,395,484,128,76,1,-1,-1,-1
58,9,87,835,250,560,1,-1,-1,-1
58,10,111,769,331,301,1,-1,-1,-1
58,11,706,472,68,56,1,-1,-1,-1
58,12,118,661,432,140,1,-1,-1,-1
58,13,115,464,190,123,1,-1,-1,-1
58,14,352,779,248,298,1,-1,-1,-1
58,15,1750,577,206,172,1,-1,-1,-1
58,16,566,732,214,185,1,-1,-1,-1
58,17,1281,741,220,324,1,-1,-1,-1
58,18,1290,515,148,108,1,-1,-1,-1
58,19,646,876,404,448,1,-1,-1,-1
58,20,949,1047,680,388,1,-1,-1,-1
58,21,1454,748,416,204,1,-1,-1,-1
59,0,1571,403,76,212,1,-1,-1,-1
59,1,1233,635,381,152,1,-1,-1,-1
59,2,709,730,436,280,1,-1,-1,-1
59,4,689,597,244,224,1,-1,-1,-1
59,5,1228,512,104,84,1,-1,-1,-1
59,6,1561,597,239,214,1,-1,-1,-1
59,7,392,484,128,76,1,-1,-1,-1
59,9,84,842,250,560,1,-1,-1,-1
59,10,108,769,331,301,1,-1,-1,-1
59,11,705,472,68,56,1,-1,-1,-1
59,12,116,661,432,140,1,-1,-1,-1
59,13,112,464,190,123,1,-1,-1,-1
59,14,352,783,248,298,1,-1,-1,-1
59,15,1745,577,206,172,1,-1,-1,-1
59,16,563,735,214,185,1,-1,-1,-1
59,17,1282,743,220,324,1,-1,-1,-1
59,18,1288,515,148,108,1,-1,-1,-1
59,19,658,882,404,448,1,-1,-1,-1
59,20,955,1050,680,388,1,-1,-1,-1
59,21,1455,749,416,204,1,-1,-1,-1
60,0,1573,408,72,202,1,-1,-1,-1
60,1,1227,635,381,152,1,-1,-1,-1
60,2,706,733,436,280,1,-1,-1,-1
60,4,687,597,244,224,1,-1,-1,-1
60,5,1226,512,104,84,1,-1,-1,-1
60,6,1560,597,239,214,1,-1,-1,-1
60,7,389,484,128,76,1,-1,-1,-1
60,9,80,848,250,560,1,-1,-1,-1
60,10,107,774,331,301,1,-1,-1,-1
60,11,700,472,68,56,1,-1,-1,-1
60,12,112,662,432,140,1,-1,-1,-1
60,13,110,463,190,123,1,-1,-1,-1
60,14,350,784,248,298,1,-1,-1,-1
60,15,1742,577,206,172,1,-1,-1,-1
60,16,562,735,214,185,1,-1,-1,-1
60,17,1282,744,220,324,1,-1,-1,-1
60,18,1286,517,148,108,1,-1,-1,-1
60,19,666,896,404,448,1,-1,-1,-1
60,20,961,1055,680,385,1,-1,-1,-1
60,21,1454,748,416,204,1,-1,-1,-1
61,0,1572,407,72,202,1,-1,-1,-1
61,1,1226,636,381,152,1,-1,-1,-1
61,2,697,736,436,280,1,-1,-1,-1
61,4,684,598,244,224,1,-1,-1,-1
61,5,1223,512,104,84,1,-1,-1,-1
61,6,1556,597,239,214,1,-1,-1,-1
61,7,387,484,128,76,1,-1,-1,-1
61,9,76,853,250,560,1,-1,-1,-1
61,10,106,778,331,301,1,-1,-1,-1
61,11,698,472,68,56,1,-1,-1,-1
61,12,107,662,432,140,1,-1,-1,-1
61,13,104,464,190,123,1,-1,-1,-1
61,14,348,787,248,298,1,-1,-1,-1
61,15,1740,577,206,172,1,-1,-1,-1
61,16,559,737,214,185,1,-1,-1,-1
61,17,1282,745,220,324,1,-1,-1,-1
61,18,1283,517,148,108,1,-1,-1,-1
61,19,673,900,404,448,1,-1,-1,-1
61,20,981,1068,648,370,1,-1,-1,-1
61,21,1455,749,416,204,1,-1,-1,-1
62,0,1571,406,72,202,1,-1,-1,-1
62,1,1222,636,381,152,1,-1,-1,-1
62,2,694,739,436,280,1,-1,-1,-1
62,4,683,599,244,224,1,-1,-1,-1
62,5,1221,511,104,84,1,-1,-1,-1
62,6,1550,596,239,214,1,-1,-1,-1
62,7,385,485,128,76,1,-1,-1,-1
62,9,72,857,250,560,1,-1,-1,-1
62,10,87,774,348,316,1,-1,-1,-1
62,11,696,472,68,56,1,-1,-1,-1
62,12,104,664,432,140,1,-1,-1,-1
62,13,98,464,190,123,1,-1,-1,-1
62,14,345,790,248,298,1,-1,-1,-1
62,15,1738,577,206,172,1,-1,-1,-1
62,16,558,738,214,185,1,-1,-1,-1
62,17,1277,738,231,340,1,-1,-1,-1
62,18,1281,517,148,108,1,-1,-1,-1
62,19,681,888,424,470,1,-1,-1,-1
62,20,985,1072,648,368,1,-1,-1,-1
62,21,1454,750,416,204,1,-1,-1,-1
63,0,1568,406,72,202,1,-1,-1,-1
63,1,1227,639,363,145,1,-1,-1,-1
63,2,690,745,436,280,1,-1,-1,-1
63,4,681,601,244,224,1,-1,-1,-1
63,5,1219,512,104,84,1,-1,-1,-1
63,6,1549,596,239,214,1,-1,-1,-1
63,7,381,485,128,76,1,-1,-1,-1
63,9,68,860,250,560,1,-1,-1,-1
63,10,83,778,348,316,1,-1,-1,-1
63,11,691,472,68,56,1,-1,-1,-1
63,12,101,664,432,140,1,-1,-1,-1
63,13,94,466,190,123,1,-1,-1,-1
63,14,340,792,248,298,1,-1,-1,-1
63,15,1731,574,216,181,1,-1,-1,-1
63,16,557,738,214,185,1,-1,-1,-1
63,17,1278,741,231,340,1,-1,-1,-1
63,18,1278,517,148,108,1,-1,-1,-1
63,19,688,893,424,470,1,-1,-1,-1
63,20,987,1077,648,363,1,-1,-1,-1
63,21,1452,751,416,204,1,-1,-1,-1
64,0,1568,406,72,202,1,-1,-1,-1
64,1,1207,637,381,152,1,-1,-1,-1
64,2,681,749,436,280,1,-1,-1,-1
64,4,679,603,244,224,1,-1,-1,-1
64,5,1216,513,104,84,1,-1,-1,-1
64,6,1545,598,239,214,1,-1,-1,-1
64,7,378,485,128,76,1,-1,-1,-1
64,9,62,866,250,560,1,-1,-1,-1
64,10,82,780,348,316,1,-1,-1,-1
64,11,688,473,68,56,1,-1,-1,-1
64,12,98,666,432,140,1,-1,-1,-1
64,13,91,466,190,123,1,-1,-1,-1
64,14,332,789,260,313,1,-1,-1,-1
64,15,1729,572,216,181,1,-1,-1,-1
64,16,554,740,214,185,1,-1,-1,-1
64,17,1279,743,231,340,1,-1,-1,-1
64,18,1275,518,148,108,1,-1,-1,-1
64,19,697,897,424,470,1,-1,-1,-1
64,20,990,1081,648,359,1,-1,-1,-1
64,21,1452,752,416,204,1,-1,-1,-1
65,0,1560,404,72,188,1,-1,-1,-1
65,1,1207,637,381,152,1,-1,-1,-1
65,2,556,748,572,332,1,-1,-1,-1
65,4,620,600,304,212,1,-1,-1,-1
65,5,1216,513,104,84,1,-1,-1,-1
65,6,1552,600,224,188,1,-1,-1,-1
65,7,378,485,128,76,1,-1,-1,-1
65,9,62,866,250,560,1,-1,-1,-1
65,10,82,780,348,316,1,-1,-1,-1
65,11,688,473,68,56,1,-1,-1,-1
65,12,98,666,432,140,1,-1,-1,-1
65,13,91,466,190,123,1,-1,-1,-1
65,14,332,789,260,313,1,-1,-1,-1
65,15,1729,572,216,181,1,-1,-1,-1
65,16,554,740,214,185,1,-1,-1,-1
65,17,1279,743,231,340,1,-1,-1,-1
65,18,1275,518,148,108,1,-1,-1,-1
65,19,697,897,424,470,1,-1,-1,-1
65,20,988,1076,660,360,1,-1,-1,-1
65,21,1452,752,416,204,1,-1,-1,-1
66,0,1559,404,72,188,1,-1,-1,-1
66,1,1191,634,400,160,1,-1,-1,-1
66,2,552,751,572,332,1,-1,-1,-1
66,4,616,600,304,212,1,-1,-1,-1
66,5,1212,513,104,84,1,-1,-1,-1
66,6,1549,599,224,188,1,-1,-1,-1
66,7,370,486,128,76,1,-1,-1,-1
66,9,46,860,263,580,1,-1,-1,-1
66,10,62,778,365,332,1,-1,-1,-1
66,11,681,474,68,56,1,-1,-1,-1
66,12,91,668,432,140,1,-1,-1,-1
66,13,80,467,190,123,1,-1,-1,-1
66,14,324,792,260,313,1,-1,-1,-1
66,15,1722,575,216,181,1,-1,-1,-1
66,16,548,741,214,185,1,-1,-1,-1
66,17,1280,744,231,340,1,-1,-1,-1
66,18,1262,518,148,108,1,-1,-1,-1
66,19,713,903,424,470,1,-1,-1,-1
66,20,989,1078,660,360,1,-1,-1,-1
66,21,1452,754,416,204,1,-1,-1,-1
67,0,1557,405,72,188,1,-1,-1,-1
67,1,1176,635,400,160,1,-1,-1,-1
67,2,552,755,572,332,1,-1,-1,-1
67,4,617,602,304,212,1,-1,-1,-1
67,5,1210,511,109,88,1,-1,-1,-1
67,6,1546,600,224,188,1,-1,-1,-1
67,7,367,487,128,76,1,-1,-1,-1
67,9,39,869,263,571,1,-1,-1,-1
67,10,57,783,365,332,1,-1,-1,-1
67,11,677,475,68,56,1,-1,-1,-1
67,12,88,670,432,140,1,-1,-1,-1
67,13,75,469,190,123,1,-1,-1,-1
67,14,316,790,273,329,1,-1,-1,-1
67,15,1719,573,216,181,1,-1,-1,-1
67,16,545,745,214,185,1,-1,-1,-1
67,17,1283,745,231,340,1,-1,-1,-1
67,18,1255,518,148,108,1,-1,-1,-1
67,20,993,1082,660,358,1,-1,-1,-1
67,21,1450,754,416,204,1,-1,-1,-1
68,0,1556,405,72,188,1,-1,-1,-1
68,1,1181,637,381,152,1,-1,-1,-1
68,2,549,761,572,332,1,-1,-1,-1
68,4,613,604,304,212,1,-1,-1,-1
68,5,1210,510,109,88,1,-1,-1,-1
68,6,1542,600,224,188,1,-1,-1,-1
68,7,363,488,128,76,1,-1,-1,-1
68,9,34,877,263,563,1,-1,-1,-1
68,10,52,785,365,332,1,-1,-1,-1
68,11,672,476,68,56,1,-1,-1,-1
68,12,82,671,432,140,1,-1,-1,-1
68,13,71,470,190,123,1,-1,-1,-1
68,14,313,792,273,329,1,-1,-1,-1
68,15,1716,571,216,181,1,-1,-1,-1
68,16,540,745,214,185,1,-1,-1,-1
68,17,1285,745,231,340,1,-1,-1,-1
68,18,1251,518,148,108,1,-1,-1,-1
68,20,996,1087,660,353,1,-1,-1,-1
68,21,1452,754,416,204,1,-1,-1,-1
69,0,1554,405,72,188,1,-1,-1,-1
69,1,1169,635,400,160,1,-1,-1,-1
69,2,545,761,572,332,1,-1,-1,-1
69,4,610,606,304,212,1,-1,-1,-1
69,5,1208,510,109,88,1,-1,-1,-1
69,6,1540,599,224,188,1,-1,-1,-1
69,7,359,490,128,76,1,-1,-1,-1
69,9,28,881,263,559,1,-1,-1,-1
69,10,48,788,365,332,1,-1,-1,-1
69,11,669,477,68,56,1,-1,-1,-1
69,12,77,673,432,140,1,-1,-1,-1
69,13,64,471,190,123,1,-1,-1,-1
69,14,310,795,273,329,1,-1,-1,-1
69,15,1714,573,216,181,1,-1,-1,-1
69,16,539,746,214,185,1,-1,-1,-1
69,17,1286,746,231,340,1,-1,-1,-1
69,18,1245,518,148,108,1,-1,-1,-1
69,20,1001,1088,660,352,1,-1,-1,-1
69,21,1449,755,416,204,1,-1,-1,-1
70,0,1554,410,69,179,1,-1,-1,-1
70,1,1158,635,400,160,1,-1,-1,-1
70,2,541,764,572,332,1,-1,-1,-1
70,4,609,605,304,212,1,-1,-1,-1
70,5,1205,510,109,88,1,-1,-1,-1
70,6,1539,599,224,188,1,-1,-1,-1
70,7,357,491,128,76,1,-1,-1,-1
70,9,25,885,263,555,1,-1,-1,-1
70,10,45,791,365,332,1,-1,-1,-1
70,11,665,477,68,56,1,-1,-1,-1
70,12,73,675,432,140,1,-1,-1,-1
70,13,59,470,190,123,1,-1,-1,-1
70,14,307,796,273,329,1,-1,-1,-1
70,15,1716,576,206,172,1,-1,-1,-1
70,16,538,748,214,185,1,-1,-1,-1
70,17,1285,746,231,340,1,-1,-1,-1
70,18,1240,517,148,108,1,-1,-1,-1
70,20,1005,1092,660,348,1,-1,-1,-1
70,21,1452,756,416,204,1,-1,-1,-1
71,0,1551,409,69,179,1,-1,-1,-1
71,1,1155,636,400,160,1,-1,-1,-1
71,2,539,771,572,332,1,-1,-1,-1
71,4,607,607,304,212,1,-1,-1,-1
71,5,1204,512,109,88,1,-1,-1,-1
71,6,1536,600,224,188,1,-1,-1,-1
71,7,353,491,128,76,1,-1,-1,-1
71,9,21,886,263,554,1,-1,-1,-1
71,10,45,792,365,332,1,-1,-1,-1
71,11,663,477,68,56,1,-1,-1,-1
71,12,70,677,432,140,1,-1,-1,-1
71,13,54,470,190,123,1,-1,-1,-1
71,14,305,799,273,329,1,-1,-1,-1
71,15,1714,575,206,172,1,-1,-1,-1
71,16,534,748,214,185,1,-1,-1,-1
71,17,1285,746,231,340,1,-1,-1,-1
71,18,1238,518,148,108,1,-1,-1,-1
71,20,1011,1097,660,343,1,-1,-1,-1
71,21,1450,757,416,204,1,-1,-1,-1
72,0,1548,408,69,179,1,-1,-1,-1
72,1,1157,637,400,160,1,-1,-1,-1
72,2,533,773,572,332,1,-1,-1,-1
72,4,605,608,304,212,1,-1,-1,-1
72,5,1200,511,109,88,1,-1,-1,-1
72,6,1532,600,224,188,1,-1,-1,-1
72,7,350,493,128,76,1,-1,-1,-1
72,9,9,874,276,566,1,-1,-1,-1
72,10,40,796,365,332,1,-1,-1,-1
72,11,660,478,68,56,1,-1,-1,-1
72,12,66,679,432,140,1,-1,-1,-1
72,13,51,471,190,123,1,-1,-1,-1
72,14,302,802,273,329,1,-1,-1,-1
72,15,1712,574,206,172,1,-1,-1,-1
72,16,533,751,214,185,1,-1,-1,-1
72,17,1286,744,231,340,1,-1,-1,-1
72,18,1230,518,148,108,1,-1,-1,-1
72,20,1016,1098,660,342,1,-1,-1,-1
72,21,1454,758,416,204,1,-1,-1,-1
73,0,1548,404,60,156,1,-1,-1,-1
73,1,1157,637,400,160,1,-1,-1,-1
73,2,500,768,608,508,1,-1,-1,-1
73,4,605,608,304,212,1,-1,-1,-1
73,5,1200,511,109,88,1,-1,-1,-1
73,6,1488,600,256,188,1,-1,-1,-1
73,7,350,493,128,76,1,-1,-1,-1
73,9,9,874,276,566,1,-1,-1,-1
73,10,40,796,365,332,1,-1,-1,-1
73,11,660,478,68,56,1,-1,-1,-1
73,12,66,679,432,140,1,-1,-1,-1
73,13,51,471,190,123,1,-1,-1,-1
73,14,302,802,273,329,1,-1,-1,-1
73,15,1712,574,206,172,1,-1,-1,-1
73,16,533,751,214,185,1,-1,-1,-1
73,17,1286,744,231,340,1,-1,-1,-1
73,18,1230,518,148,108,1,-1,-1,-1
73,20,1016,1098,660,342,1,-1,-1,-1
73,21,1454,758,416,204,1,-1,-1,-1
73,22,1076,640,408,236,1,-1,-1,-1
74,0,1547,404,60,156,1,-1,-1,-1
74,1,1132,637,400,160,1,-1,-1,-1
74,2,502,771,608,508,1,-1,-1,-1
74,4,610,615,290,202,1,-1,-1,-1
74,5,1195,512,109,88,1,-1,-1,-1
74,6,1485,600,256,188,1,-1,-1,-1
74,7,343,493,128,76,1,-1,-1,-1
74,9,6,883,276,557,1,-1,-1,-1
74,10,36,800,365,332,1,-1,-1,-1
74,11,654,479,68,56,1,-1,-1,-1
74,12,61,681,432,140,1,-1,-1,-1
74,13,39,472,190,123,1,-1,-1,-1
74,14,298,806,273,329,1,-1,-1,-1
74,15,1710,577,206,172,1,-1,-1,-1
74,16,528,754,214,185,1,-1,-1,-1
74,17,1286,744,231,340,1,-1,-1,-1
74,18,1218,515,155,113,1,-1,-1,-1
74,20,1021,1103,660,337,1,-1,-1,-1
74,21,1452,757,416,204,1,-1,-1,-1
74,22,1073,641,408,236,1,-1,-1,-1
75,0,1545,404,60,156,1,-1,-1,-1
75,1,1148,640,381,152,1,-1,-1,-1
75,2,499,772,608,508,1,-1,-1,-1
75,4,609,615,290,202,1,-1,-1,-1
75,5,1194,512,109,88,1,-1,-1,-1
75,6,1485,600,256,188,1,-1,-1,-1
75,7,340,493,128,76,1,-1,-1,-1
75,9,4,887,276,553,1,-1,-1,-1
75,10,35,801,365,332,1,-1,-1,-1
75,11,651,480,68,56,1,-1,-1,-1
75,12,57,683,432,140,1,-1,-1,-1
75,13,36,472,190,123,1,-1,-1,-1
75,14,294,808,273,329,1,-1,-1,-1
75,15,1708,576,206,172,1,-1,-1,-1
75,16,527,755,214,185,1,-1,-1,-1
75,17,1281,738,243,357,1,-1,-1,-1
75,18,1215,515,155,113,1,-1,-1,-1
75,20,1022,1106,660,334,1,-1,-1,-1
75,21,1453,757,416,204,1,-1,-1,-1
75,22,1073,642,408,236,1,-1,-1,-1
76,0,1542,404,60,156,1,-1,-1,-1
76,1,1149,642,381,152,1,-1,-1,-1
76,2,499,778,608,508,1,-1,-1,-1
76,4,607,616,290,202,1,-1,-1,-1
76,5,1190,514,109,88,1,-1,-1,-1
76,6,1483,599,256,188,1,-1,-1,-1
76,7,337,494,128,76,1,-1,-1,-1
76,9,3,890,276,550,1,-1,-1,-1
76,10,36,804,365,332,1,-1,-1,-1
76,11,649,480,68,56,1,-1,-1,-1
76,12,55,684,432,140,1,-1,-1,-1
76,13,29,470,199,130,1,-1,-1,-1
76,14,292,811,273,329,1,-1,-1,-1
76,15,1703,575,206,172,1,-1,-1,-1
76,16,526,758,214,185,1,-1,-1,-1
76,17,1280,737,243,357,1,-1,-1,-1
76,18,1217,518,148,108,1,-1,-1,-1
76,20,1027,1108,660,332,1,-1,-1,-1
76,21,1449,757,416,204,1,-1,-1,-1
76,22,1072,641,408,236,1,-1,-1,-1
77,0,1540,405,60,156,1,-1,-1,-1
77,1,1147,644,363,145,1,-1,-1,-1
77,2,498,785,608,508,1,-1,-1,-1
77,4,607,617,290,202,1,-1,-1,-1
77,5,1188,514,109,88,1,-1,-1,-1
77,6,1481,599,256,188,1,-1,-1,-1
77,7,335,495,128,76,1,-1,-1,-1
77,9,0,892,276,548,1,-1,-1,-1
77,10,32,805,365,332,1,-1,-1,-1
77,11,648,481,68,56,1,-1,-1,-1
77,12,41,682,454,147,1,-1,-1,-1
77,13,21,468,209,136,1,-1,-1,-1
77,14,290,813,273,329,1,-1,-1,-1
77,15,1701,574,206,172,1,-1,-1,-1
77,16,524,759,214,185,1,-1,-1,-1
77,17,1283,736,243,357,1,-1,-1,-1
77,18,1213,518,148,108,1,-1,-1,-1
77,20,1031,1111,660,329,1,-1,-1,-1
77,21,1452,760,416,204,1,-1,-1,-1
77,22,1071,643,408,236,1,-1,-1,-1
78,0,1537,405,60,156,1,-1,-1,-1
78,1,1153,645,346,138,1,-1,-1,-1
78,2,499,789,608,508,1,-1,-1,-1
78,4,605,620,290,202,1,-1,-1,-1
78,6,1480,601,256,188,1,-1,-1,-1
78,7,331,496,128,76,1,-1,-1,-1
78,9,0,893,272,547,1,-1,-1,-1
78,10,31,811,365,332,1,-1,-1,-1
78,11,645,482,68,56,1,-1,-1,-1
78,12,49,687,432,140,1,-1,-1,-1
78,13,13,465,220,143,1,-1,-1,-1
78,14,290,813,273,329,1,-1,-1,-1
78,15,1703,575,206,172,1,-1,-1,-1
78,16,523,760,214,185,1,-1,-1,-1
78,17,1279,737,243,357,1,-1,-1,-1
78,18,1208,519,148,108,1,-1,-1,-1
78,20,1034,1115,660,325,1,-1,-1,-1
78,21,1461,766,396,194,1,-1,-1,-1
78,22,1067,644,408,236,1,-1,-1,-1
79,0,1534,405,60,156,1,-1,-1,-1
79,2,496,791,608,508,1,-1,-1,-1
79,4,597,616,304,212,1,-1,-1,-1
79,6,1477,602,256,188,1,-1,-1,-1
79,7,329,497,128,76,1,-1,-1,-1
79,9,0,898,271,542,1,-1,-1,-1
79,10,29,811,365,332,1,-1,-1,-1
79,11,643,482,68,56,1,-1,-1,-1
79,12,34,684,454,147,1,-1,-1,-1
79,13,11,466,220,143,1,-1,-1,-1
79,14,287,816,273,329,1,-1,-1,-1
79,15,1701,577,206,172,1,-1,-1,-1
79,16,522,762,214,185,1,-1,-1,-1
79,17,1285,745,231,340,1,-1,-1,-1
79,18,1205,519,148,108,1,-1,-1,-1
79,20,1038,1118,660,322,1,-1,-1,-1
79,21,1459,767,396,194,1,-1,-1,-1
79,22,1068,644,408,236,1,-1,-1,-1
80,0,1531,405,60,156,1,-1,-1,-1
80,2,495,792,608,508,1,-1,-1,-1
80,4,596,618,304,212,1,-1,-1,-1
80,6,1477,601,256,188,1,-1,-1,-1
80,7,327,498,128,76,1,-1,-1,-1
80,9,0,902,272,538,1,-1,-1,-1
80,10,20,805,384,348,1,-1,-1,-1
80,11,642,484,68,56,1,-1,-1,-1
80,12,34,686,454,147,1,-1,-1,-1
80,13,12,470,209,136,1,-1,-1,-1
80,14,288,817,273,329,1,-1,-1,-1
80,15,1698,577,206,172,1,-1,-1,-1
80,16,521,765,214,185,1,-1,-1,-1
80,17,1286,745,231,340,1,-1,-1,-1
80,18,1203,518,148,108,1,-1,-1,-1
80,20,1040,1118,660,322,1,-1,-1,-1
80,21,1458,768,396,194,1,-1,-1,-1
80,22,1069,643,408,236,1,-1,-1,-1
81,0,1528,408,52,144,1,-1,-1,-1
81,2,480,784,608,480,1,-1,-1,-1
81,4,596,618,304,212,1,-1,-1,-1
81,6,1460,600,268,184,1,-1,-1,-1
81,7,327,498,128,76,1,-1,-1,-1
81,9,0,904,280,528,1,-1,-1,-1
81,10,20,805,384,348,1,-1,-1,-1
81,11,640,480,60,64,1,-1,-1,-1
81,12,34,686,454,147,1,-1,-1,-1
81,13,12,470,209,136,1,-1,-1,-1
81,14,288,817,273,329,1,-1,-1,-1
81,15,1698,577,206,172,1,-1,-1,-1
81,16,521,765,214,185,1,-1,-1,-1
81,17,1296,736,216,348,1,-1,-1,-1
81,18,1184,516,160,108,1,-1,-1,-1
81,20,1040,1118,660,322,1,-1,-1,-1
81,21,1464,764,408,220,1,-1,-1,-1
81,22,1088,648,368,280,1,-1,-1,-1
81,23,508,480,136,72,1,-1,-1,-1
82,0,1526,408,52,144,1,-1,-1,-1
82,2,481,788,608,480,1,-1,-1,-1
82,4,594,619,304,212,1,-1,-1,-1
82,6,1459,600,268,184,1,-1,-1,-1
82,7,323,499,128,76,1,-1,-1,-1
82,9,0,905,279,528,1,-1,-1,-1
82,10,22,810,384,348,1,-1,-1,-1
82,11,639,481,60,64,1,-1,-1,-1
82,12,32,688,454,147,1,-1,-1,-1
82,13,3,471,209,136,1,-1,-1,-1
82,14,287,821,273,329,1,-1,-1,-1
82,15,1696,577,206,172,1,-1,-1,-1
82,16,519,766,214,185,1,-1,-1,-1
82,17,1296,736,216,348,1,-1,-1,-1
82,18,1181,516,160,108,1,-1,-1,-1
82,20,1046,1121,660,319,1,-1,-1,-1
82,21,1465,763,408,220,1,-1,-1,-1
82,22,1086,648,368,280,1,-1,-1,-1
82,23,506,481,136,72,1,-1,-1,-1
83,0,1525,411,50,137,1,-1,-1,-1
83,2,481,793,608,480,1,-1,-1,-1
83,4,593,620,304,212,1,-1,-1,-1
83,6,1460,601,268,184,1,-1,-1,-1
83,7,321,500,128,76,1,-1,-1,-1
83,9,1,908,280,528,1,-1,-1,-1
83,10,23,811,384,348,1,-1,-1,-1
83,11,638,482,60,64,1,-1,-1,-1
83,12,29,689,454,147,1,-1,-1,-1
83,13,2,471,209,136,1,-1,-1,-1
83,14,287,822,273,329,1,-1,-1,-1
83,15,1691,572,216,181,1,-1,-1,-1
83,16,519,768,214,185,1,-1,-1,-1
83,17,1297,735,216,348,1,-1,-1,-1
83,18,1180,517,160,108,1,-1,-1,-1
83,20,1052,1125,660,315,1,-1,-1,-1
83,21,1465,761,408,220,1,-1,-1,-1
83,22,1087,647,368,280,1,-1,-1,-1
83,23,505,481,136,72,1,-1,-1,-1
84,0,1522,410,52,144,1,-1,-1,-1
84,2,481,797,608,480,1,-1,-1,-1
84,4,585,615,319,223,1,-1,-1,-1
84,6,1461,602,268,184,1,-1,-1,-1
84,7,320,500,128,76,1,-1,-1,-1
84,9,4,910,280,528,1,-1,-1,-1
84,10,19,811,384,348,1,-1,-1,-1
84,11,636,482,60,64,1,-1,-1,-1
84,12,29,691,454,147,1,-1,-1,-1
84,13,0,474,208,136,1,-1,-1,-1
84,14,288,824,273,329,1,-1,-1,-1
84,15,1689,572,216,181,1,-1,-1,-1
84,16,519,770,214,185,1,-1,-1,-1
84,17,1296,735,216,348,1,-1,-1,-1
84,18,1177,517,160,108,1,-1,-1,-1
84,20,1057,1126,660,314,1,-1,-1,-1
84,21,1466,760,408,220,1,-1,-1,-1
84,22,1085,648,368,280,1,-1,-1,-1
84,23,503,482,136,72,1,-1,-1,-1
85,0,1518,411,52,144,1,-1,-1,-1
85,2,481,799,608,480,1,-1,-1,-1
85,4,584,617,319,223,1,-1,-1,-1
85,6,1460,602,268,184,1,-1,-1,-1
85,7,317,501,128,76,1,-1,-1,-1
85,9,8,909,280,528,1,-1,-1,-1
85,10,21,814,384,348,1,-1,-1,-1
85,11,635,482,60,64,1,-1,-1,-1
85,12,27,691,454,147,1,-1,-1,-1
85,13,0,475,206,136,1,-1,-1,-1
85,14,290,824,273,329,1,-1,-1,-1
85,15,1688,572,216,181,1,-1,-1,-1
85,16,519,771,214,185,1,-1,-1,-1
85,17,1298,733,216,348,1,-1,-1,-1
85,18,1175,517,160,108,1,-1,-1,-1
85,20,1062,1128,660,312,1,-1,-1,-1
85,21,1465,761,408,220,1,-1,-1,-1
85,22,1086,645,368,280,1,-1,-1,-1
85,23,501,483,136,72,1,-1,-1,-1
86,0,1514,411,52,144,1,-1,-1,-1
86,2,481,800,608,480,1,-1,-1,-1
86,4,593,622,304,212,1,-1,-1,-1
86,6,1460,602,268,184,1,-1,-1,-1
86,7,316,502,128,76,1,-1,-1,-1
86,9,11,912,280,528,1,-1,-1,-1
86,10,25,814,384,348,1,-1,-1,-1
86,11,634,483,60,64,1,-1,-1,-1
86,12,28,692,454,147,1,-1,-1,-1
86,13,0,476,205,136,1,-1,-1,-1
86,14,292,825,273,329,1,-1,-1,-1
86,15,1687,573,216,181,1,-1,-1,-1
86,16,520,772,214,185,1,-1,-1,-1
86,17,1300,733,216,348,1,-1,-1,-1
86,18,1173,516,160,108,1,-1,-1,-1
86,20,1071,1131,660,309,1,-1,-1,-1
86,21,1464,761,408,220,1,-1,-1,-1
86,22,1084,645,368,280,1,-1,-1,-1
86,23,499,483,136,72,1,-1,-1,-1
87,0,1512,411,52,144,1,-1,-1,-1
87,2,485,802,608,480,1,-1,-1,-1
87,4,594,623,304,212,1,-1,-1,-1
87,6,1462,604,268,184,1,-1,-1,-1
87,7,313,502,128,76,1,-1,-1,-1
87,9,14,916,280,524,1,-1,-1,-1
87,10,29,815,384,348,1,-1,-1,-1
87,11,633,484,60,64,1,-1,-1,-1
87,12,26,693,454,147,1,-1,-1,-1
87,13,0,477,203,136,1,-1,-1,-1
87,14,293,828,273,329,1,-1,-1,-1
87,15,1687,573,216,181,1,-1,-1,-1
87,16,522,773,214,185,1,-1,-1,-1
87,17,1299,730,216,348,1,-1,-1,-1
87,18,1176,519,152,103,1,-1,-1,-1
87,20,1076,1133,660,307,1,-1,-1,-1
87,21,1463,761,408,220,1,-1,-1,-1
87,22,1078,637,386,294,1,-1,-1,-1
87,23,498,484,136,72,1,-1,-1,-1
88,0,1510,412,52,144,1,-1,-1,-1
88,2,486,802,608,480,1,-1,-1,-1
88,4,595,624,304,212,1,-1,-1,-1
88,6,1462,604,268,184,1,-1,-1,-1
88,7,311,504,128,76,1,-1,-1,-1
88,9,17,918,280,522,1,-1,-1,-1
88,10,31,815,384,348,1,-1,-1,-1
88,11,631,485,60,64,1,-1,-1,-1
88,12,25,695,454,147,1,-1,-1,-1
88,13,0,478,202,136,1,-1,-1,-1
88,14,294,830,273,329,1,-1,-1,-1
88,15,1686,573,216,181,1,-1,-1,-1
88,16,522,775,214,185,1,-1,-1,-1
88,17,1300,731,216,348,1,-1,-1,-1
88,18,1171,518,160,108,1,-1,-1,-1
88,20,1082,1134,660,306,1,-1,-1,-1
88,21,1464,761,408,220,1,-1,-1,-1
88,22,1080,636,386,294,1,-1,-1,-1
88,23,496,485,136,72,1,-1,-1,-1
89,0,1496,408,64,144,1,-1,-1,-1
89,2,486,802,608,480,1,-1,-1,-1
89,4,595,624,304,212,1,-1,-1,-1
89,6,1420,604,316,176,1,-1,-1,-1
89,7,304,496,124,88,1,-1,-1,-1
89,9,4,920,296,508,1,-1,-1,-1
89,10,31,815,384,348,1,-1,-1,-1
89,11,628,484,60,60,1,-1,-1,-1
89,12,25,695,454,147,1,-1,-1,-1
89,13,0,478,202,136,1,-1,-1,-1
89,14,294,830,273,329,1,-1,-1,-1
89,15,1686,573,216,181,1,-1,-1,-1
89,16,522,775,214,185,1,-1,-1,-1
89,17,1300,736,204,312,1,-1,-1,-1
89,18,1171,518,160,108,1,-1,-1,-1
89,20,1082,1134,660,306,1,-1,-1,-1
89,21,1464,764,416,224,1,-1,-1,-1
89,22,1064,656,368,276,1,-1,-1,-1
89,23,496,485,136,72,1,-1,-1,-1
90,0,1496,408,64,144,1,-1,-1,-1
90,2,492,809,608,480,1,-1,-1,-1
90,4,589,621,319,223,1,-1,-1,-1
90,6,1420,604,316,176,1,-1,-1,-1
90,7,303,497,124,88,1,-1,-1,-1
90,9,6,921,296,508,1,-1,-1,-1
90,10,33,820,384,348,1,-1,-1,-1
90,11,627,485,60,60,1,-1,-1,-1
90,12,10,694,476,154,1,-1,-1,-1
90,13,0,480,199,136,1,-1,-1,-1
90,14,291,826,287,345,1,-1,-1,-1
90,15,1687,574,216,181,1,-1,-1,-1
90,16,525,778,214,185,1,-1,-1,-1
90,17,1305,742,194,297,1,-1,-1,-1
90,18,1167,521,160,108,1,-1,-1,-1
90,20,1112,1148,629,292,1,-1,-1,-1
90,21,1463,764,416,224,1,-1,-1,-1
90,22,1065,656,368,276,1,-1,-1,-1
90,23,491,486,136,72,1,-1,-1,-1
91,0,1493,405,67,151,1,-1,-1,-1
91,2,495,810,608,480,1,-1,-1,-1
91,4,591,624,319,223,1,-1,-1,-1
91,6,1421,606,316,176,1,-1,-1,-1
91,7,302,499,124,88,1,-1,-1,-1
91,9,10,925,296,508,1,-1,-1,-1
91,10,39,824,384,348,1,-1,-1,-1
91,11,626,486,60,60,1,-1,-1,-1
91,12,7,697,476,154,1,-1,-1,-1
91,13,0,481,196,136,1,-1,-1,-1
91,14,294,830,287,345,1,-1,-1,-1
91,15,1687,575,216,181,1,-1,-1,-1
91,16,519,774,225,194,1,-1,-1,-1
91,17,1306,743,194,297,1,-1,-1,-1
91,18,1168,521,160,108,1,-1,-1,-1
91,20,1113,1143,660,297,1,-1,-1,-1
91,21,1464,764,416,224,1,-1,-1,-1
91,22,1066,659,368,276,1,-1,-1,-1
91,23,490,487,136,72,1,-1,-1,-1
92,0,1490,405,67,151,1,-1,-1,-1
92,2,499,815,608,480,1,-1,-1,-1
92,4,592,624,319,223,1,-1,-1,-1
92,6,1422,606,316,176,1,-1,-1,-1
92,7,301,500,124,88,1,-1,-1,-1
92,9,17,928,296,508,1,-1,-1,-1
92,10,42,828,384,348,1,-1,-1,-1
92,11,626,487,60,60,1,-1,-1,-1
92,12,4,700,476,154,1,-1,-1,-1
92,13,0,483,193,136,1,-1,-1,-1
92,14,298,832,287,345,1,-1,-1,-1
92,15,1688,575,216,181,1,-1,-1,-1
92,16,523,778,225,194,1,-1,-1,-1
92,17,1306,743,194,297,1,-1,-1,-1
92,18,1167,521,160,108,1,-1,-1,-1
92,20,1119,1143,660,297,1,-1,-1,-1
92,21,1465,764,416,224,1,-1,-1,-1
92,22,1065,659,368,276,1,-1,-1,-1
92,23,488,489,136,72,1,-1,-1,-1
93,0,1489,405,67,151,1,-1,-1,-1
93,2,499,818,608,480,1,-1,-1,-1
93,4,593,627,319,223,1,-1,-1,-1
93,6,1423,606,316,176,1,-1,-1,-1
93,7,300,501,124,88,1,-1,-1,-1
93,9,24,931,296,508,1,-1,-1,-1
93,10,52,831,384,348,1,-1,-1,-1
93,11,625,488,60,60,1,-1,-1,-1
93,12,7,702,476,154,1,-1,-1,-1
93,13,0,485,193,136,1,-1,-1,-1
93,14,301,834,287,345,1,-1,-1,-1
93,15,1689,574,216,181,1,-1,-1,-1
93,16,524,778,225,194,1,-1,-1,-1
93,17,1310,740,194,297,1,-1,-1,-1
93,18,1166,522,160,108,1,-1,-1,-1
93,20,1129,1148,660,292,1,-1,-1,-1
93,21,1465,765,416,224,1,-1,-1,-1
93,22,1067,660,368,276,1,-1,-1,-1
93,23,488,490,136,72,1,-1,-1,-1
94,0,1487,404,67,151,1,-1,-1,-1
94,2,503,819,608,480,1,-1,-1,-1
94,4,596,629,319,223,1,-1,-1,-1
94,6,1422,607,316,176,1,-1,-1,-1
94,7,300,503,124,88,1,-1,-1,-1
94,9,33,933,296,507,1,-1,-1,-1
94,10,60,830,384,348,1,-1,-1,-1
94,11,624,489,60,60,1,-1,-1,-1
94,12,18,708,454,147,1,-1,-1,-1
94,13,0,488,191,136,1,-1,-1,-1
94,14,297,828,301,362,1,-1,-1,-1
94,15,1689,576,216,181,1,-1,-1,-1
94,16,528,781,225,194,1,-1,-1,-1
94,17,1309,741,194,297,1,-1,-1,-1
94,18,1165,523,160,108,1,-1,-1,-1
94,20,1127,1142,693,298,1,-1,-1,-1
94,21,1466,765,416,224,1,-1,-1,-1
94,22,1067,662,368,276,1,-1,-1,-1
94,23,486,491,136,72,1,-1,-1,-1
95,0,1486,405,67,151,1,-1,-1,-1
95,2,506,821,608,480,1,-1,-1,-1
95,4,601,630,319,223,1,-1,-1,-1
95,6,1424,608,316,176,1,-1,-1,-1
95,7,299,505,124,88,1,-1,-1,-1
95,9,45,940,296,500,1,-1,-1,-1
95,10,66,837,384,348,1,-1,-1,-1
95,11,622,492,60,60,1,-1,-1,-1
95,12,21,709,454,147,1,-1,-1,-1
95,13,0,490,190,136,1,-1,-1,-1
95,14,303,831,301,362,1,-1,-1,-1
95,15,1691,577,216,181,1,-1,-1,-1
95,16,530,784,225,194,1,-1,-1,-1
95,17,1307,735,204,312,1,-1,-1,-1
95,18,1168,523,160,108,1,-1,-1,-1
95,20,1139,1143,693,297,1,-1,-1,-1
95,21,1467,767,416,224,1,-1,-1,-1
95,22,1069,663,368,276,1,-1,-1,-1
95,23,484,493,136,72,1,-1,-1,-1
96,0,1483,407,67,151,1,-1,-1,-1
96,2,510,828,608,480,1,-1,-1,-1
96,4,602,632,319,223,1,-1,-1,-1
96,6,1425,609,316,176,1,-1,-1,-1
96,7,297,507,124,88,1,-1,-1,-1
96,9,51,943,296,497,1,-1,-1,-1
96,10,78,837,384,348,1,-1,-1,-1
96,11,621,493,60,60,1,-1,-1,-1
96,12,21,710,454,147,1,-1,-1,-1
96,13,0,492,190,136,1,-1,-1,-1
96,14,309,834,301,362,1,-1,-1,-1
96,15,1692,578,216,181,1,-1,-1,-1
96,16,533,786,225,194,1,-1,-1,-1
96,17,1310,737,204,312,1,-1,-1,-1
96,18,1164,524,160,108,1,-1,-1,-1
96,20,1165,1153,660,287,1,-1,-1,-1
96,21,1467,769,416,224,1,-1,-1,-1
96,22,1071,665,368,276,1,-1,-1,-1
96,23,482,494,136,72,1,-1,-1,-1
97,0,1476,412,60,172,1,-1,-1,-1
97,2,510,828,608,480,1,-1,-1,-1
97,4,602,632,319,223,1,-1,-1,-1
97,6,1404,608,340,172,1,-1,-1,-1
97,7,297,507,124,88,1,-1,-1,-1
97,9,51,943,296,497,1,-1,-1,-1
97,10,78,837,384,348,1,-1,-1,-1
97,11,621,493,60,60,1,-1,-1,-1
97,12,4,700,456,192,1,-1,-1,-1
97,13,0,492,190,136,1,-1,-1,-1
97,14,309,834,301,362,1,-1,-1,-1
97,15,1692,578,216,181,1,-1,-1,-1
97,16,533,786,225,194,1,-1,-1,-1
97,17,1320,720,184,324,1,-1,-1,-1
97,18,1148,524,140,100,1,-1,-1,-1
97,20,1165,1153,660,287,1,-1,-1,-1
97,21,1467,769,416,224,1,-1,-1,-1
97,22,1071,665,368,276,1,-1,-1,-1
97,23,482,494,136,72,1,-1,-1,-1
97,24,1272,528,84,100,1,-1,-1,-1
98,0,1475,412,60,172,1,-1,-1,-1
98,2,515,832,608,480,1,-1,-1,-1
98,4,607,634,319,223,1,-1,-1,-1
98,6,1403,608,340,172,1,-1,-1,-1
98,7,296,509,124,88,1,-1,-1,-1
98,9,67,947,296,493,1,-1,-1,-1
98,10,93,850,365,332,1,-1,-1,-1
98,11,620,495,60,60,1,-1,-1,-1
98,12,7,700,456,192,1,-1,-1,-1
98,13,0,495,188,136,1,-1,-1,-1
98,14,315,837,301,362,1,-1,-1,-1
98,15,1693,578,216,181,1,-1,-1,-1
98,16,538,788,225,194,1,-1,-1,-1
98,17,1323,720,184,324,1,-1,-1,-1
98,18,1147,525,140,100,1,-1,-1,-1
98,20,1188,1155,660,285,1,-1,-1,-1
98,21,1471,768,416,224,1,-1,-1,-1
98,22,1061,655,386,290,1,-1,-1,-1
98,23,481,496,136,72,1,-1,-1,-1
98,24,1272,529,84,100,1,-1,-1,-1
99,0,1474,415,60,172,1,-1,-1,-1
99,2,532,840,579,457,1,-1,-1,-1
99,4,609,637,319,223,1,-1,-1,-1
99,6,1414,613,324,164,1,-1,-1,-1
99,7,294,511,124,88,1,-1,-1,-1
99,9,76,949,296,491,1,-1,-1,-1
99,10,105,855,365,332,1,-1,-1,-1
99,11,619,496,60,60,1,-1,-1,-1
99,12,0,696,473,202,1,-1,-1,-1
99,13,0,496,186,136,1,-1,-1,-1
99,14,320,839,301,362,1,-1,-1,-1
99,15,1693,578,216,181,1,-1,-1,-1
99,16,541,791,225,194,1,-1,-1,-1
99,17,1325,722,184,324,1,-1,-1,-1
99,18,1146,526,140,100,1,-1,-1,-1
99,20,1199,1155,660,285,1,-1,-1,-1
99,21,1473,769,416,224,1,-1,-1,-1
99,22,1063,657,386,290,1,-1,-1,-1
99,23,479,497,136,72,1,-1,-1,-1
99,24,1271,530,84,100,1,-1,-1,-1
100,0,1472,416,60,172,1,-1,-1,-1
100,2,537,843,579,457,1,-1,-1,-1
100,4,612,639,319,223,1,-1,-1,-1
100,6,1417,614,324,164,1,-1,-1,-1
100,7,293,514,124,88,1,-1,-1,-1
100,9,85,954,296,486,1,-1,-1,-1
100,10,114,858,365,332,1,-1,-1,-1
100,11,618,498,60,60,1,-1,-1,-1
100,12,0,698,475,202,1,-1,-1,-1
100,13,0,498,184,136,1,-1,-1,-1
100,14,322,842,301,362,1,-1,-1,-1
100,15,1693,580,216,181,1,-1,-1,-1
100,16,544,794,225,194,1,-1,-1,-1
100,17,1328,724,184,324,1,-1,-1,-1
100,18,1147,528,140,100,1,-1,-1,-1
100,20,1225,1164,629,276,1,-1,-1,-1
100,21,1476,771,416,224,1,-1,-1,-1
100,22,1063,660,386,290,1,-1,-1,-1
100,23,477,499,136,72,1,-1,-1,-1
100,24,1268,530,88,105,1,-1,-1,-1
101,0,1469,418,60,172,1,-1,-1,-1
101,2,544,845,579,457,1,-1,-1,-1
101,4,615,641,319,223,1,-1,-1,-1
101,6,1418,615,324,164,1,-1,-1,-1
101,7,292,515,124,88,1,-1,-1,-1
101,9,94,954,296,486,1,-1,-1,-1
101,11,616,501,60,60,1,-1,-1,-1
101,12,1,701,479,202,1,-1,-1,-1
101,13,0,501,183,136,1,-1,-1,-1
101,14,327,847,301,362,1,-1,-1,-1
101,15,1696,580,216,181,1,-1,-1,-1
101,16,546,795,225,194,1,-1,-1,-1
101,17,1330,725,184,324,1,-1,-1,-1
101,18,1145,529,140,100,1,-1,-1,-1
101,20,1239,1166,629,274,1,-1,-1,-1
101,21,1479,773,416,224,1,-1,-1,-1
101,22,1063,660,386,290,1,-1,-1,-1
101,23,473,499,143,76,1,-1,-1,-1
101,24,1266,532,88,105,1,-1,-1,-1
102,0,1467,418,60,172,1,-1,-1,-1
102,2,541,836,608,480,1,-1,-1,-1
102,4,615,644,319,223,1,-1,-1,-1
102,6,1420,616,324,164,1,-1,-1,-1
102,7,291,517,124,88,1,-1,-1,-1
102,9,102,956,296,484,1,-1,-1,-1
102,11,615,502,60,60,1,-1,-1,-1
102,12,0,703,478,202,1,-1,-1,-1
102,13,0,504,183,136,1,-1,-1,-1
102,14,335,848,301,362,1,-1,-1,-1
102,15,1695,581,216,181,1,-1,-1,-1
102,16,550,796,225,194,1,-1,-1,-1
102,17,1333,722,184,324,1,-1,-1,-1
102,18,1145,530,140,100,1,-1,-1,-1
102,20,1252,1164,629,276,1,-1,-1,-1
102,21,1482,775,416,224,1,-1,-1,-1
102,22,1065,657,386,290,1,-1,-1,-1
102,23,471,501,143,76,1,-1,-1,-1
102,24,1266,532,88,105,1,-1,-1,-1
103,0,1463,418,60,172,1,-1,-1,-1
103,2,545,841,608,480,1,-1,-1,-1
103,4,618,646,319,223,1,-1,-1,-1
103,6,1411,613,340,172,1,-1,-1,-1
103,7,290,520,124,88,1,-1,-1,-1
103,9,109,958,296,482,1,-1,-1,-1
103,11,614,504,60,60,1,-1,-1,-1
103,12,0,701,493,212,1,-1,-1,-1
103,13,0,505,183,136,1,-1,-1,-1
103,14,337,849,301,362,1,-1,-1,-1
103,15,1696,582,216,181,1,-1,-1,-1
103,16,552,798,225,194,1,-1,-1,-1
103,17,1333,715,193,340,1,-1,-1,-1
103,18,1144,530,140,100,1,-1,-1,-1
103,20,1261,1165,629,275,1,-1,-1,-1
103,21,1484,774,416,224,1,-1,-1,-1
103,22,1069,661,386,290,1,-1,-1,-1
103,23,471,502,143,76,1,-1,-1,-1
103,24,1266,533,88,105,1,-1,-1,-1
104,0,1461,422,57,164,1,-1,-1,-1
104,2,546,837,608,480,1,-1,-1,-1
104,4,621,648,319,223,1,-1,-1,-1
104,6,1414,614,340,172,1,-1,-1,-1
104,7,291,521,124,88,1,-1,-1,-1
104,9,116,961,296,479,1,-1,-1,-1
104,11,614,505,60,60,1,-1,-1,-1
104,12,3,707,479,202,1,-1,-1,-1
104,13,0,507,182,136,1,-1,-1,-1
104,14,344,852,301,362,1,-1,-1,-1
104,15,1698,581,216,181,1,-1,-1,-1
104,16,559,801,225,194,1,-1,-1,-1
104,17,1340,719,184,324,1,-1,-1,-1
104,18,1143,531,140,100,1,-1,-1,-1
104,20,1278,1163,629,277,1,-1,-1,-1
104,21,1487,774,416,224,1,-1,-1,-1
104,22,1069,664,386,290,1,-1,-1,-1
104,23,469,504,143,76,1,-1,-1,-1
104,24,1263,535,88,105,1,-1,-1,-1
105,0,1460,420,56,176,1,-1,-1,-1
105,2,540,832,620,536,1,-1,-1,-1
105,4,621,648,319,223,1,-1,-1,-1
105,6,1400,616,360,172,1,-1,-1,-1
105,7,291,521,124,88,1,-1,-1,-1
105,9,116,961,296,479,1,-1,-1,-1
105,11,614,505,60,60,1,-1,-1,-1
105,12,12,708,456,200,1,-1,-1,-1
105,13,0,507,182,136,1,-1,-1,-1
105,14,344,852,301,362,1,-1,-1,-1
105,15,1698,581,216,181,1,-1,-1,-1
105,16,559,801,225,194,1,-1,-1,-1
105,17,1352,720,176,316,1,-1,-1,-1
105,18,1143,531,140,100,1,-1,-1,-1
105,20,1278,1163,629,277,1,-1,-1,-1
105,21,1487,774,416,224,1,-1,-1,-1
105,22,1044,680,336,260,1,-1,-1,-1
105,23,469,504,143,76,1,-1,-1,-1
105,24,1263,535,88,105,1,-1,-1,-1
106,0,1459,419,56,176,1,-1,-1,-1
106,2,545,836,620,536,1,-1,-1,-1
106,4,628,650,319,223,1,-1,-1,-1
106,6,1401,615,360,172,1,-1,-1,-1
106,7,291,525,124,88,1,-1,-1,-1
106,9,141,967,296,473,1,-1,-1,-1
106,11,612,508,60,60,1,-1,-1,-1
106,12,14,708,456,200,1,-1,-1,-1
106,13,0,511,182,136,1,-1,-1,-1
106,14,352,857,301,362,1,-1,-1,-1
106,15,1700,582,216,181,1,-1,-1,-1
106,16,564,805,225,194,1,-1,-1,-1
106,17,1354,718,176,316,1,-1,-1,-1
106,18,1142,534,133,95,1,-1,-1,-1
106,20,1302,1165,629,275,1,-1,-1,-1
106,21,1492,774,416,224,1,-1,-1,-1
106,22,1045,680,336,260,1,-1,-1,-1
106,23,468,508,143,76,1,-1,-1,-1
106,24,1259,534,88,105,1,-1,-1,-1
107,0,1458,419,56,176,1,-1,-1,-1
107,2,552,838,620,536,1,-1,-1,-1
107,4,631,651,319,223,1,-1,-1,-1
107,6,1402,616,360,172,1,-1,-1,-1
107,7,291,527,124,88,1,-1,-1,-1
107,9,144,965,296,475,1,-1,-1,-1
107,11,612,509,60,60,1,-1,-1,-1
107,12,17,709,456,200,1,-1,-1,-1
107,13,0,512,182,136,1,-1,-1,-1
107,14,357,859,301,362,1,-1,-1,-1
107,15,1700,581,216,181,1,-1,-1,-1
107,16,567,806,225,194,1,-1,-1,-1
107,17,1355,717,176,316,1,-1,-1,-1
107,18,1143,534,133,95,1,-1,-1,-1
107,20,1333,1171,599,269,1,-1,-1,-1
107,21,1496,775,416,224,1,-1,-1,-1
107,22,1046,679,336,260,1,-1,-1,-1
107,23,467,510,143,76,1,-1,-1,-1
107,24,1258,530,93,110,1,-1,-1,-1
108,0,1458,423,53,168,1,-1,-1,-1
108,2,559,839,620,536,1,-1,-1,-1
108,4,635,652,319,223,1,-1,-1,-1
108,6,1405,616,360,172,1,-1,-1,-1
108,7,292,529,124,88,1,-1,-1,-1
108,11,611,510,60,60,1,-1,-1,-1
108,12,18,711,456,200,1,-1,-1,-1
108,13,0,516,183,136,1,-1,-1,-1
108,14,365,861,301,362,1,-1,-1,-1
108,15,1702,581,216,181,1,-1,-1,-1
108,16,569,809,225,194,1,-1,-1,-1
108,17,1357,717,176,316,1,-1,-1,-1
108,18,1138,533,133,95,1,-1,-1,-1
108,20,1344,1166,599,274,1,-1,-1,-1
108,21,1497,774,416,224,1,-1,-1,-1
108,22,1047,679,336,260,1,-1,-1,-1
108,23,465,511,143,76,1,-1,-1,-1
108,24,1258,531,93,110,1,-1,-1,-1
109,0,1455,422,53,168,1,-1,-1,-1
109,2,568,840,620,536,1,-1,-1,-1
109,4,639,652,319,223,1,-1,-1,-1
109,6,1406,615,360,172,1,-1,-1,-1
109,7,293,530,124,88,1,-1,-1,-1
109,11,611,511,60,60,1,-1,-1,-1
109,12,23,711,456,200,1,-1,-1,-1
109,13,0,517,182,136,1,-1,-1,-1
109,14,369,865,301,362,1,-1,-1,-1
109,15,1703,580,216,181,1,-1,-1,-1
109,16,575,810,225,194,1,-1,-1,-1
109,17,1356,708,185,332,1,-1,-1,-1
109,18,1137,533,133,95,1,-1,-1,-1
109,20,1356,1162,599,278,1,-1,-1,-1
109,21,1501,773,416,224,1,-1,-1,-1
109,22,1051,679,336,260,1,-1,-1,-1
109,23,464,512,143,76,1,-1,-1,-1
109,24,1257,530,93,110,1,-1,-1,-1
110,0,1454,421,53,168,1,-1,-1,-1
110,2,576,842,620,536,1,-1,-1,-1
110,4,641,655,319,223,1,-1,-1,-1
110,6,1405,614,360,172,1,-1,-1,-1
110,7,294,531,124,88,1,-1,-1,-1
110,11,611,511,60,60,1,-1,-1,-1
110,12,24,713,456,200,1,-1,-1,-1
110,13,0,519,183,136,1,-1,-1,-1
110,14,372,865,301,362,1,-1,-1,-1
110,15,1704,579,216,181,1,-1,-1,-1
110,16,577,812,225,194,1,-1,-1,-1
110,17,1359,706,185,332,1,-1,-1,-1
110,18,1137,532,133,95,1,-1,-1,-1
110,20,1371,1163,599,277,1,-1,-1,-1
110,21,1501,771,416,224,1,-1,-1,-1
110,22,1054,680,336,260,1,-1,-1,-1
110,23,464,513,143,76,1,-1,-1,-1
111,0,1451,423,53,168,1,-1,-1,-1
111,2,583,845,620,536,1,-1,-1,-1
111,4,644,654,319,223,1,-1,-1,-1
111,6,1408,616,360,172,1,-1,-1,-1
111,7,294,533,124,88,1,-1,-1,-1
111,11,610,512,60,60,1,-1,-1,-1
111,12,24,714,456,200,1,-1,-1,-1
111,13,0,521,182,136,1,-1,-1,-1
111,14,371,856,316,381,1,-1,-1,-1
111,15,1706,579,216,181,1,-1,-1,-1
111,16,580,812,225,194,1,-1,-1,-1
111,17,1367,713,176,316,1,-1,-1,-1
111,20,1387,1163,599,277,1,-1,-1,-1
111,21,1502,772,416,224,1,-1,-1,-1
111,22,1058,680,336,260,1,-1,-1,-1
111,23,463,514,143,76,1,-1,-1,-1
112,0,1448,419,56,176,1,-1,-1,-1
112,2,601,857,590,510,1,-1,-1,-1
112,4,646,655,319,223,1,-1,-1,-1
112,6,1409,615,360,172,1,-1,-1,-1
112,7,295,534,124,88,1,-1,-1,-1
112,11,610,512,60,60,1,-1,-1,-1
112,12,16,710,479,210,1,-1,-1,-1
112,13,0,523,181,136,1,-1,-1,-1
112,14,376,859,316,381,1,-1,-1,-1
112,15,1711,583,206,172,1,-1,-1,-1
112,16,583,814,225,194,1,-1,-1,-1
112,17,1371,712,176,316,1,-1,-1,-1
112,20,1395,1161,599,279,1,-1,-1,-1
112,21,1504,771,416,224,1,-1,-1,-1
112,22,1057,680,336,260,1,-1,-1,-1
112,23,462,515,143,76,1,-1,-1,-1
113,0,1444,416,48,184,1,-1,-1,-1
113,2,604,848,612,584,1,-1,-1,-1
113,4,646,655,319,223,1,-1,-1,-1
113,6,1412,612,356,176,1,-1,-1,-1
113,7,295,534,124,88,1,-1,-1,-1
113,11,610,512,60,60,1,-1,-1,-1
113,12,32,704,460,224,1,-1,-1,-1
113,13,0,523,181,136,1,-1,-1,-1
113,14,376,859,316,381,1,-1,-1,-1
113,15,1711,583,206,172,1,-1,-1,-1
113,16,583,814,225,194,1,-1,-1,-1
113,17,1384,712,160,292,1,-1,-1,-1
113,20,1395,1161,599,279,1,-1,-1,-1
113,21,1504,771,416,224,1,-1,-1,-1
113,22,1048,688,328,236,1,-1,-1,-1
113,23,462,515,143,76,1,-1,-1,-1
113,25,1244,540,152,88,1,-1,-1,-1
114,0,1444,415,48,184,1,-1,-1,-1
114,2,609,851,612,584,1,-1,-1,-1
114,4,649,657,319,223,1,-1,-1,-1
114,6,1412,612,356,176,1,-1,-1,-1
114,7,298,537,118,84,1,-1,-1,-1
114,11,608,514,60,60,1,-1,-1,-1
114,12,32,705,460,224,1,-1,-1,-1
114,13,0,525,181,136,1,-1,-1,-1
114,14,378,861,316,381,1,-1,-1,-1
114,15,1711,582,206,172,1,-1,-1,-1
114,16,588,813,225,194,1,-1,-1,-1
114,17,1386,713,160,292,1,-1,-1,-1
114,20,1419,1162,599,278,1,-1,-1,-1
114,21,1515,774,396,213,1,-1,-1,-1
114,22,1047,688,328,236,1,-1,-1,-1
114,23,460,516,143,76,1,-1,-1,-1
114,25,1244,541,152,88,1,-1,-1,-1
115,0,1443,415,48,184,1,-1,-1,-1
115,2,618,856,612,584,1,-1,-1,-1
115,4,652,658,319,223,1,-1,-1,-1
115,6,1412,612,356,176,1,-1,-1,-1
115,7,298,539,118,84,1,-1,-1,-1
115,11,607,516,60,60,1,-1,-1,-1
115,12,33,707,460,224,1,-1,-1,-1
115,13,0,527,180,136,1,-1,-1,-1
115,14,382,862,316,381,1,-1,-1,-1
115,15,1712,581,206,172,1,-1,-1,-1
115,16,589,814,225,194,1,-1,-1,-1
115,17,1388,712,160,292,1,-1,-1,-1
115,20,1429,1163,599,277,1,-1,-1,-1
115,21,1518,777,396,213,1,-1,-1,-1
115,22,1050,688,328,236,1,-1,-1,-1
115,23,459,517,143,76,1,-1,-1,-1
115,25,1244,541,152,88,1,-1,-1,-1
116,0,1442,415,48,184,1,-1,-1,-1
116,2,623,856,612,584,1,-1,-1,-1
116,4,655,658,319,223,1,-1,-1,-1
116,6,1413,611,356,176,1,-1,-1,-1
116,7,300,541,118,84,1,-1,-1,-1
116,11,607,516,60,60,1,-1,-1,-1
116,12,32,708,460,224,1,-1,-1,-1
116,13,0,528,180,136,1,-1,-1,-1
116,14,383,860,316,381,1,-1,-1,-1
116,15,1713,582,206,172,1,-1,-1,-1
116,16,592,814,225,194,1,-1,-1,-1
116,17,1391,712,160,292,1,-1,-1,-1
116,20,1436,1166,599,274,1,-1,-1,-1
116,21,1521,777,396,213,1,-1,-1,-1
116,22,1053,689,328,236,1,-1,-1,-1
116,23,459,518,143,76,1,-1,-1,-1
116,25,1246,541,152,88,1,-1,-1,-1
117,0,1442,420,46,175,1,-1,-1,-1
117,2,632,859,612,581,1,-1,-1,-1
117,4,658,659,319,223,1,-1,-1,-1
117,6,1415,612,356,176,1,-1,-1,-1
117,7,301,542,118,84,1,-1,-1,-1
117,11,606,516,60,60,1,-1,-1,-1
117,12,34,708,460,224,1,-1,-1,-1
117,13,0,529,179,136,1,-1,-1,-1
117,14,385,861,316,381,1,-1,-1,-1
117,15,1714,580,206,172,1,-1,-1,-1
117,16,595,815,225,194,1,-1,-1,-1
117,17,1393,711,160,292,1,-1,-1,-1
117,20,1449,1168,599,272,1,-1,-1,-1
117,21,1521,777,396,213,1,-1,-1,-1
117,22,1053,690,328,236,1,-1,-1,-1
117,23,458,519,143,76,1,-1,-1,-1
117,25,1247,542,152,88,1,-1,-1,-1
118,0,1441,419,46,175,1,-1,-1,-1
118,2,638,860,612,580,1,-1,-1,-1
118,4,661,659,319,223,1,-1,-1,-1
118,6,1416,610,356,176,1,-1,-1,-1
118,7,300,542,118,84,1,-1,-1,-1
118,11,606,516,60,60,1,-1,-1,-1
118,12,34,708,460,224,1,-1,-1,-1
118,13,0,529,180,136,1,-1,-1,-1
118,14,385,863,316,381,1,-1,-1,-1
118,15,1715,579,206,172,1,-1,-1,-1
118,16,597,815,225,194,1,-1,-1,-1
118,17,1396,709,160,292,1,-1,-1,-1
118,20,1458,1167,599,273,1,-1,-1,-1
118,21,1525,776,396,213,1,-1,-1,-1
118,22,1055,689,328,236,1,-1,-1,-1
118,23,457,520,143,76,1,-1,-1,-1
118,25,1243,540,160,92,1,-1,-1,-1
119,0,1441,419,46,175,1,-1,-1,-1
119,2,643,861,612,579,1,-1,-1,-1
119,4,663,658,319,223,1,-1,-1,-1
119,6,1414,608,356,176,1,-1,-1,-1
119,7,301,542,118,84,1,-1,-1,-1
119,11,605,516,60,60,1,-1,-1,-1
119,12,35,708,460,224,1,-1,-1,-1
119,13,0,530,180,136,1,-1,-1,-1
119,14,386,863,316,381,1,-1,-1,-1
119,15,1716,580,206,172,1,-1,-1,-1
119,16,600,815,225,194,1,-1,-1,-1
119,17,1399,707,160,292,1,-1,-1,-1
119,20,1472,1168,599,272,1,-1,-1,-1
119,21,1528,773,396,213,1,-1,-1,-1
119,22,1058,689,328,236,1,-1,-1,-1
119,23,457,520,143,76,1,-1,-1,-1
119,25,1240,537,168,97,1,-1,-1,-1
120,0,1438,415,48,184,1,-1,-1,-1
120,2,636,849,643,591,1,-1,-1,-1
120,4,666,658,319,223,1,-1,-1,-1
120,6,1420,610,356,176,1,-1,-1,-1
120,7,302,541,118,84,1,-1,-1,-1
120,11,605,516,60,60,1,-1,-1,-1
120,12,35,707,460,224,1,-1,-1,-1
120,13,0,530,180,136,1,-1,-1,-1
120,14,387,862,316,381,1,-1,-1,-1
120,15,1720,580,206,172,1,-1,-1,-1
120,16,602,815,225,194,1,-1,-1,-1
120,17,1400,703,160,292,1,-1,-1,-1
120,20,1479,1168,599,272,1,-1,-1,-1
120,21,1529,774,396,213,1,-1,-1,-1
120,22,1062,689,328,236,1,-1,-1,-1
120,23,456,520,143,76,1,-1,-1,-1
120,25,1242,538,168,97,1,-1,-1,-1
121,0,1432,416,56,200,1,-1,-1,-1
121,2,736,852,512,584,1,-1,-1,-1
121,4,736,656,248,244,1,-1,-1,-1
121,6,1408,608,372,180,1,-1,-1,-1
121,7,302,541,118,84,1,-1,-1,-1
121,11,605,516,60,60,1,-1,-1,-1
121,12,35,707,460,224,1,-1,-1,-1
121,13,0,530,180,136,1,-1,-1,-1
121,14,387,862,316,381,1,-1,-1,-1
121,15,1720,580,206,172,1,-1,-1,-1
121,16,602,815,225,194,1,-1,-1,-1
121,17,1408,700,148,284,1,-1,-1,-1
121,20,1479,1168,599,272,1,-1,-1,-1
121,21,1529,774,396,213,1,-1,-1,-1
121,22,1020,692,356,240,1,-1,-1,-1
121,23,456,520,143,76,1,-1,-1,-1
121,25,1244,548,176,88,1,-1,-1,-1
121,26,1100,532,176,100,1,-1,-1,-1
122,0,1431,417,56,200,1,-1,-1,-1
122,2,741,854,512,584,1,-1,-1,-1
122,4,736,656,248,244,1,-1,-1,-1
122,6,1409,607,372,180,1,-1,-1,-1
122,7,302,542,118,84,1,-1,-1,-1
122,11,606,516,60,60,1,-1,-1,-1
122,12,36,707,460,224,1,-1,-1,-1
122,13,0,530,180,136,1,-1,-1,-1
122,14,387,861,316,381,1,-1,-1,-1
122,15,1721,580,206,172,1,-1,-1,-1
122,16,607,817,225,194,1,-1,-1,-1
122,17,1409,699,148,284,1,-1,-1,-1
122,20,1497,1170,599,270,1,-1,-1,-1
122,21,1531,772,396,213,1,-1,-1,-1
122,22,1021,692,356,240,1,-1,-1,-1
122,23,457,520,143,76,1,-1,-1,-1
122,25,1245,548,176,88,1,-1,-1,-1
122,26,1100,532,176,100,1,-1,-1,-1
123,0,1431,418,56,200,1,-1,-1,-1
123,2,752,858,512,582,1,-1,-1,-1
123,4,739,657,248,244,1,-1,-1,-1
123,6,1409,609,372,180,1,-1,-1,-1
123,7,302,542,118,84,1,-1,-1,-1
123,11,605,517,60,60,1,-1,-1,-1
123,12,28,703,483,235,1,-1,-1,-1
123,13,0,527,186,143,1,-1,-1,-1
123,14,385,864,316,381,1,-1,-1,-1
123,15,1723,581,206,172,1,-1,-1,-1
123,16,608,817,225,194,1,-1,-1,-1
123,17,1412,697,148,284,1,-1,-1,-1
123,20,1507,1168,599,272,1,-1,-1,-1
123,21,1536,772,396,213,1,-1,-1,-1
123,22,1023,693,356,240,1,-1,-1,-1
123,23,456,521,143,76,1,-1,-1,-1
123,25,1245,549,176,88,1,-1,-1,-1
123,26,1101,532,176,100,1,-1,-1,-1
124,0,1431,418,56,200,1,-1,-1,-1
124,2,761,859,512,581,1,-1,-1,-1
124,4,744,658,248,244,1,-1,-1,-1
124,6,1413,609,372,180,1,-1,-1,-1
124,7,303,543,118,84,1,-1,-1,-1
124,11,605,518,60,60,1,-1,-1,-1
124,12,28,706,483,235,1,-1,-1,-1
124,13,0,528,186,143,1,-1,-1,-1
124,15,1726,581,206,172,1,-1,-1,-1
124,16,611,817,225,194,1,-1,-1,-1
124,17,1414,695,148,284,1,-1,-1,-1
124,20,1528,1180,570,260,1,-1,-1,-1
124,21,1534,771,396,213,1,-1,-1,-1
124,22,1026,693,356,240,1,-1,-1,-1
124,23,456,521,143,76,1,-1,-1,-1
124,25,1246,549,176,88,1,-1,-1,-1
124,26,1103,532,176,100,1,-1,-1,-1
125,0,1431,419,56,200,1,-1,-1,-1
125,2,766,866,512,574,1,-1,-1,-1
125,4,746,658,248,244,1,-1,-1,-1
125,6,1414,608,372,180,1,-1,-1,-1
125,7,303,544,118,84,1,-1,-1,-1
125,11,605,519,60,60,1,-1,-1,-1
125,12,29,707,483,235,1,-1,-1,-1
125,13,0,529,187,143,1,-1,-1,-1
125,15,1729,581,206,172,1,-1,-1,-1
125,16,613,817,225,194,1,-1,-1,-1
125,17,1417,695,148,284,1,-1,-1,-1
125,20,1532,1181,570,259,1,-1,-1,-1
125,21,1538,772,396,213,1,-1,-1,-1
125,22,1027,695,356,240,1,-1,-1,-1
125,23,456,522,143,76,1,-1,-1,-1
125,25,1247,551,176,88,1,-1,-1,-1
125,26,1105,533,176,100,1,-1,-1,-1
126,0,1431,420,56,200,1,-1,-1,-1
126,2,774,868,512,572,1,-1,-1,-1
126,4,748,659,248,244,1,-1,-1,-1
126,6,1416,608,372,180,1,-1,-1,-1
126,7,303,544,118,84,1,-1,-1,-1
126,11,606,520,60,60,1,-1,-1,-1
126,12,38,715,460,224,1,-1,-1,-1
126,13,0,529,188,143,1,-1,-1,-1
126,15,1732,581,206,172,1,-1,-1,-1
126,16,612,816,236,204,1,-1,-1,-1
126,17,1420,695,148,284,1,-1,-1,-1
126,20,1543,1183,570,257,1,-1,-1,-1
126,21,1542,774,396,213,1,-1,-1,-1
126,22,1031,695,356,240,1,-1,-1,-1
126,23,457,523,143,76,1,-1,-1,-1
126,25,1254,554,168,84,1,-1,-1,-1
126,26,1107,533,176,100,1,-1,-1,-1
127,0,1431,419,56,200,1,-1,-1,-1
127,2,781,869,512,571,1,-1,-1,-1
127,4,752,661,248,244,1,-1,-1,-1
127,6,1420,609,372,180,1,-1,-1,-1
127,7,304,545,118,84,1,-1,-1,-1
127,11,606,520,60,60,1,-1,-1,-1
127,12,36,716,460,224,1,-1,-1,-1
127,13,0,530,190,143,1,-1,-1,-1
127,15,1734,581,206,172,1,-1,-1,-1
127,16,616,815,236,204,1,-1,-1,-1
127,17,1423,695,148,284,1,-1,-1,-1
127,20,1552,1185,570,255,1,-1,-1,-1
127,21,1546,775,396,213,1,-1,-1,-1
127,22,1036,697,356,240,1,-1,-1,-1
127,23,457,524,143,76,1,-1,-1,-1
127,25,1256,554,168,84,1,-1,-1,-1
127,26,1109,533,176,100,1,-1,-1,-1
128,0,1431,420,56,200,1,-1,-1,-1
128,2,787,878,512,562,1,-1,-1,-1
128,4,756,660,248,244,1,-1,-1,-1
128,6,1422,609,372,180,1,-1,-1,-1
128,7,305,546,118,84,1,-1,-1,-1
128,11,604,520,63,63,1,-1,-1,-1
128,12,33,719,460,224,1,-1,-1,-1
128,13,0,531,190,143,1,-1,-1,-1
128,15,1735,581,206,172,1,-1,-1,-1
128,16,619,818,236,204,1,-1,-1,-1
128,17,1426,695,148,284,1,-1,-1,-1
128,20,1545,1176,599,264,1,-1,-1,-1
128,21,1551,775,396,213,1,-1,-1,-1
128,22,1038,700,356,240,1,-1,-1,-1
128,23,458,525,143,76,1,-1,-1,-1
128,25,1259,554,168,84,1,-1,-1,-1
128,26,1107,532,185,105,1,-1,-1,-1
129,0,1428,420,52,208,1,-1,-1,-1
129,2,787,878,512,562,1,-1,-1,-1
129,4,744,660,268,268,1,-1,-1,-1
129,6,1548,604,256,204,1,-1,-1,-1
129,7,305,546,118,84,1,-1,-1,-1
129,11,604,520,63,63,1,-1,-1,-1
129,12,56,716,436,232,1,-1,-1,-1
129,13,0,531,190,143,1,-1,-1,-1
129,15,1735,581,206,172,1,-1,-1,-1
129,16,620,812,260,228,1,-1,-1,-1
129,17,1428,684,152,280,1,-1,-1,-1
129,20,1545,1176,599,264,1,-1,-1,-1
129,21,1551,775,396,213,1,-1,-1,-1
129,22,980,708,448,248,1,-1,-1,-1
129,23,458,525,143,76,1,-1,-1,-1
129,25,1276,548,164,88,1,-1,-1,-1
129,26,1100,532,188,104,1,-1,-1,-1
129,27,1480,544,132,88,1,-1,-1,-1
129,28,1036,860,256,364,1,-1,-1,-1
129,29,416,828,240,420,1,-1,-1,-1
129,30,152,596,212,76,1,-1,-1,-1
130,0,1428,420,52,208,1,-1,-1,-1
130,2,791,880,512,560,1,-1,-1,-1
130,4,746,662,268,268,1,-1,-1,-1
130,6,1548,606,256,204,1,-1,-1,-1
130,7,306,548,118,84,1,-1,-1,-1
130,11,604,521,63,63,1,-1,-1,-1
130,12,56,717,436,232,1,-1,-1,-1
130,13,0,533,191,143,1,-1,-1,-1
130,15,1740,581,206,172,1,-1,-1,-1
130,16,622,814,260,228,1,-1,-1,-1
130,17,1431,684,152,280,1,-1,-1,-1
130,20,1564,1180,599,260,1,-1,-1,-1
130,21,1558,777,396,213,1,-1,-1,-1
130,22,980,710,448,248,1,-1,-1,-1
130,23,458,527,143,76,1,-1,-1,-1
130,25,1278,548,164,88,1,-1,-1,-1
130,26,1101,532,188,104,1,-1,-1,-1
130,27,1481,544,132,88,1,-1,-1,-1
130,28,1041,862,256,364,1,-1,-1,-1
130,29,420,832,240,420,1,-1,-1,-1
130,30,153,596,212,76,1,-1,-1,-1
131,0,1429,421,52,208,1,-1,-1,-1
131,2,785,873,538,567,1,-1,-1,-1
131,4,749,663,268,268,1,-1,-1,-1
131,6,1550,607,256,204,1,-1,-1,-1
131,7,305,550,118,84,1,-1,-1,-1
131,11,604,522,63,63,1,-1,-1,-1
131,12,56,719,436,232,1,-1,-1,-1
131,13,0,533,191,143,1,-1,-1,-1
131,15,1744,582,206,172,1,-1,-1,-1
131,16,626,816,260,228,1,-1,-1,-1
131,17,1435,685,152,280,1,-1,-1,-1
131,20,1581,1189,599,251,1,-1,-1,-1
131,21,1564,778,396,213,1,-1,-1,-1
131,22,983,714,448,248,1,-1,-1,-1
131,23,457,528,143,76,1,-1,-1,-1
131,25,1282,548,164,88,1,-1,-1,-1
131,26,1102,532,188,104,1,-1,-1,-1
131,27,1482,544,132,88,1,-1,-1,-1
131,28,1046,865,256,364,1,-1,-1,-1
131,29,425,835,240,420,1,-1,-1,-1
131,30,153,597,212,76,1,-1,-1,-1
132,0,1429,422,52,208,1,-1,-1,-1
132,2,791,880,538,560,1,-1,-1,-1
132,4,751,665,268,268,1,-1,-1,-1
132,6,1553,607,256,204,1,-1,-1,-1
132,7,307,551,118,84,1,-1,-1,-1
132,11,603,523,63,63,1,-1,-1,-1
132,12,58,723,436,232,1,-1,-1,-1
132,13,0,535,191,143,1,-1,-1,-1
132,15,1746,582,206,172,1,-1,-1,-1
132,16,629,818,260,228,1,-1,-1,-1
132,17,1438,685,152,280,1,-1,-1,-1
132,21,1571,779,396,213,1,-1,-1,-1
132,22,982,713,448,248,1,-1,-1,-1
132,23,457,529,143,76,1,-1,-1,-1
132,25,1285,549,164,88,1,-1,-1,-1
132,26,1104,532,188,104,1,-1,-1,-1
132,27,1483,544,132,88,1,-1,-1,-1
132,28,1054,867,256,364,1,-1,-1,-1
132,29,430,842,240,420,1,-1,-1,-1
132,30,154,598,212,76,1,-1,-1,-1
133,0,1430,422,52,208,1,-1,-1,-1
133,2,797,879,538,561,1,-1,-1,-1
133,4,754,664,268,268,1,-1,-1,-1
133,6,1556,608,256,204,1,-1,-1,-1
133,7,307,552,118,84,1,-1,-1,-1
133,11,603,524,63,63,1,-1,-1,-1
133,12,57,724,436,232,1,-1,-1,-1
133,13,0,536,191,143,1,-1,-1,-1
133,15,1748,584,206,172,1,-1,-1,-1
133,16,631,820,260,228,1,-1,-1,-1
133,17,1442,685,152,280,1,-1,-1,-1
133,21,1578,780,396,213,1,-1,-1,-1
133,22,983,715,448,248,1,-1,-1,-1
133,23,457,530,143,76,1,-1,-1,-1
133,25,1286,549,164,88,1,-1,-1,-1
133,26,1105,533,188,104,1,-1,-1,-1
133,27,1484,545,132,88,1,-1,-1,-1
133,28,1063,871,256,364,1,-1,-1,-1
133,29,435,849,240,420,1,-1,-1,-1
133,30,154,599,212,76,1,-1,-1,-1
134,0,1432,427,50,198,1,-1,-1,-1
134,2,821,893,512,547,1,-1,-1,-1
134,4,755,666,268,268,1,-1,-1,-1
134,6,1559,608,256,204,1,-1,-1,-1
134,7,306,553,118,84,1,-1,-1,-1
134,11,603,524,63,63,1,-1,-1,-1
134,12,57,728,436,232,1,-1,-1,-1
134,13,0,536,190,143,1,-1,-1,-1
134,15,1750,584,206,172,1,-1,-1,-1
134,16,634,821,260,228,1,-1,-1,-1
134,17,1446,685,152,280,1,-1,-1,-1
134,21,1583,781,396,213,1,-1,-1,-1
134,22,996,723,427,236,1,-1,-1,-1
134,23,458,530,143,76,1,-1,-1,-1
134,25,1290,550,164,88,1,-1,-1,-1
134,26,1106,533,188,104,1,-1,-1,-1
134,27,1486,544,132,88,1,-1,-1,-1
134,28,1069,875,256,364,1,-1,-1,-1
134,29,435,844,252,441,1,-1,-1,-1
134,30,154,600,212,76,1,-1,-1,-1
135,0,1431,422,52,208,1,-1,-1,-1
135,2,823,894,512,546,1,-1,-1,-1
135,4,759,667,268,268,1,-1,-1,-1
135,6,1560,608,256,204,1,-1,-1,-1
135,7,306,554,118,84,1,-1,-1,-1
135,11,602,524,63,63,1,-1,-1,-1
135,12,57,730,436,232,1,-1,-1,-1
135,13,0,533,193,150,1,-1,-1,-1
135,15,1757,588,196,164,1,-1,-1,-1
135,16,636,824,260,228,1,-1,-1,-1
135,17,1447,684,152,280,1,-1,-1,-1
135,21,1587,783,396,213,1,-1,-1,-1
135,22,990,717,448,248,1,-1,-1,-1
135,23,457,531,143,76,1,-1,-1,-1
135,25,1294,551,164,88,1,-1,-1,-1
135,26,1108,533,188,104,1,-1,-1,-1
135,27,1486,545,132,88,1,-1,-1,-1
135,28,1074,876,256,364,1,-1,-1,-1
135,29,439,850,252,441,1,-1,-1,-1
135,30,153,601,212,76,1,-1,-1,-1
136,0,1432,422,52,208,1,-1,-1,-1
136,2,826,895,512,545,1,-1,-1,-1
136,4,760,669,268,268,1,-1,-1,-1
136,6,1561,607,256,204,1,-1,-1,-1
136,7,306,555,118,84,1,-1,-1,-1
136,11,601,525,63,63,1,-1,-1,-1
136,12,58,733,436,232,1,-1,-1,-1
136,13,0,534,192,150,1,-1,-1,-1
136,15,1757,587,196,164,1,-1,-1,-1
136,16,639,827,260,228,1,-1,-1,-1
136,17,1455,689,145,267,1,-1,-1,-1
136,21,1588,785,396,213,1,-1,-1,-1
136,22,990,723,448,248,1,-1,-1,-1
136,23,455,532,143,76,1,-1,-1,-1
136,25,1300,551,164,88,1,-1,-1,-1
136,26,1105,531,197,109,1,-1,-1,-1
136,27,1486,545,132,88,1,-1,-1,-1
136,28,1080,879,256,364,1,-1,-1,-1
136,29,440,854,252,441,1,-1,-1,-1
136,30,157,604,202,72,1,-1,-1,-1
137,0,1428,420,52,176,1,-1,-1,-1
137,2,826,895,512,545,1,-1,-1,-1
137,4,760,669,268,268,1,-1,-1,-1
137,6,1428,616,392,184,1,-1,-1,-1
137,7,306,555,118,84,1,-1,-1,-1
137,11,601,525,63,63,1,-1,-1,-1
137,12,52,740,420,232,1,-1,-1,-1
137,13,0,534,192,150,1,-1,-1,-1
137,15,1757,587,196,164,1,-1,-1,-1
137,16,639,827,260,228,1,-1,-1,-1
137,17,1452,688,152,264,1,-1,-1,-1
137,21,1588,785,396,213,1,-1,-1,-1
137,22,908,732,444,276,1,-1,-1,-1
137,23,455,532,143,76,1,-1,-1,-1
137,25,1312,552,172,92,1,-1,-1,-1
137,26,1108,536,184,100,1,-1,-1,-1
137,27,1486,545,132,88,1,-1,-1,-1
137,28,1080,879,256,364,1,-1,-1,-1
137,29,440,854,252,441,1,-1,-1,-1
137,30,157,604,202,72,1,-1,-1,-1
138,0,1428,420,52,176,1,-1,-1,-1
138,2,835,893,512,547,1,-1,-1,-1
138,4,763,672,268,268,1,-1,-1,-1
138,6,1430,617,392,184,1,-1,-1,-1
138,7,305,558,118,84,1,-1,-1,-1
138,11,599,527,63,63,1,-1,-1,-1
138,12,53,741,420,232,1,-1,-1,-1
138,13,0,537,190,150,1,-1,-1,-1
138,15,1760,588,196,164,1,-1,-1,-1
138,16,643,830,260,228,1,-1,-1,-1
138,17,1453,686,152,264,1,-1,-1,-1
138,21,1596,782,396,213,1,-1,-1,-1
138,22,908,734,444,276,1,-1,-1,-1
138,23,454,535,143,76,1,-1,-1,-1
138,25,1314,552,172,92,1,-1,-1,-1
138,26,1109,536,184,100,1,-1,-1,-1
138,27,1482,544,139,92,1,-1,-1,-1
138,28,1091,885,256,364,1,-1,-1,-1
138,29,441,851,265,463,1,-1,-1,-1
138,30,151,604,212,76,1,-1,-1,-1
139,0,1428,421,52,176,1,-1,-1,-1
139,2,844,898,512,542,1,-1,-1,-1
139,4,771,676,255,255,1,-1,-1,-1
139,6,1430,618,392,184,1,-1,-1,-1
139,7,305,559,118,84,1,-1,-1,-1
139,11,599,528,63,63,1,-1,-1,-1
139,12,42,738,441,244,1,-1,-1,-1
139,13,0,538,190,150,1,-1,-1,-1
139,15,1762,588,196,164,1,-1,-1,-1
139,16,646,832,260,228,1,-1,-1,-1
139,17,1454,686,152,264,1,-1,-1,-1
139,21,1598,785,396,213,1,-1,-1,-1
139,22,912,737,444,276,1,-1,-1,-1
139,23,453,535,143,76,1,-1,-1,-1
139,25,1317,553,172,92,1,-1,-1,-1
139,26,1109,537,184,100,1,-1,-1,-1
139,27,1483,544,139,92,1,-1,-1,-1
139,28,1099,890,256,364,1,-1,-1,-1
139,29,447,856,265,463,1,-1,-1,-1
139,30,151,606,212,76,1,-1,-1,-1
140,0,1428,421,52,176,1,-1,-1,-1
140,2,861,910,488,530,1,-1,-1,-1
140,4,772,676,255,255,1,-1,-1,-1
140,6,1432,617,392,184,1,-1,-1,-1
140,7,304,561,118,84,1,-1,-1,-1
140,11,598,528,63,63,1,-1,-1,-1
140,12,41,741,441,244,1,-1,-1,-1
140,13,0,540,188,150,1,-1,-1,-1
140,15,1763,589,196,164,1,-1,-1,-1
140,16,648,833,260,228,1,-1,-1,-1
140,17,1458,686,152,264,1,-1,-1,-1
140,21,1603,784,396,213,1,-1,-1,-1
140,22,915,738,444,276,1,-1,-1,-1
140,23,448,535,150,79,1,-1,-1,-1
140,25,1317,554,172,92,1,-1,-1,-1
140,26,1110,537,184,100,1,-1,-1,-1
140,27,1483,545,139,92,1,-1,-1,-1
140,28,1105,891,256,364,1,-1,-1,-1
140,29,450,860,265,463,1,-1,-1,-1
140,30,150,607,212,76,1,-1,-1,-1
141,0,1427,421,52,176,1,-1,-1,-1
141,2,863,908,488,532,1,-1,-1,-1
141,4,774,679,255,255,1,-1,-1,-1
141,6,1434,618,392,184,1,-1,-1,-1
141,7,304,562,118,84,1,-1,-1,-1
141,11,597,529,63,63,1,-1,-1,-1
141,12,42,744,441,244,1,-1,-1,-1
141,13,0,542,187,150,1,-1,-1,-1
141,15,1766,588,196,164,1,-1,-1,-1
141,16,651,836,260,228,1,-1,-1,-1
141,17,1460,686,152,264,1,-1,-1,-1
141,21,1603,784,396,213,1,-1,-1,-1
141,22,918,740,444,276,1,-1,-1,-1
141,23,446,536,150,79,1,-1,-1,-1
141,25,1317,555,172,92,1,-1,-1,-1
141,26,1110,536,184,100,1,-1,-1,-1
141,27,1483,544,139,92,1,-1,-1,-1
141,28,1106,884,269,382,1,-1,-1,-1
141,29,451,861,265,463,1,-1,-1,-1
141,30,149,608,212,76,1,-1,-1,-1
142,0,1427,426,50,168,1,-1,-1,-1
142,2,857,902,512,538,1,-1,-1,-1
142,4,769,675,268,268,1,-1,-1,-1
142,6,1436,618,392,184,1,-1,-1,-1
142,7,304,563,118,84,1,-1,-1,-1
142,11,596,529,63,63,1,-1,-1,-1
142,12,43,745,441,244,1,-1,-1,-1
142,13,0,544,185,150,1,-1,-1,-1
142,15,1766,588,196,164,1,-1,-1,-1
142,16,653,839,260,228,1,-1,-1,-1
142,17,1463,686,152,264,1,-1,-1,-1
142,21,1611,790,377,203,1,-1,-1,-1
142,22,921,742,444,276,1,-1,-1,-1
142,23,444,537,150,79,1,-1,-1,-1
142,25,1317,555,172,92,1,-1,-1,-1
142,26,1111,537,184,100,1,-1,-1,-1
142,27,1483,545,139,92,1,-1,-1,-1
142,28,1113,887,269,382,1,-1,-1,-1
142,29,458,875,252,441,1,-1,-1,-1
142,30,142,607,223,80,1,-1,-1,-1
143,0,1426,425,50,168,1,-1,-1,-1
143,2,866,900,512,540,1,-1,-1,-1
143,4,773,676,268,268,1,-1,-1,-1
143,6,1447,622,373,175,1,-1,-1,-1
143,7,303,564,118,84,1,-1,-1,-1
143,11,596,529,63,63,1,-1,-1,-1
143,12,41,748,441,244,1,-1,-1,-1
143,13,0,543,184,150,1,-1,-1,-1
143,15,1768,587,196,164,1,-1,-1,-1
143,16,657,840,260,228,1,-1,-1,-1
143,17,1467,686,152,264,1,-1,-1,-1
143,21,1617,789,377,203,1,-1,-1,-1
143,22,924,741,444,276,1,-1,-1,-1
143,23,444,537,150,79,1,-1,-1,-1
143,25,1318,555,172,92,1,-1,-1,-1
143,26,1112,536,184,100,1,-1,-1,-1
143,27,1484,544,139,92,1,-1,-1,-1
143,28,1117,888,269,382,1,-1,-1,-1
143,29,467,875,252,441,1,-1,-1,-1
143,30,142,608,223,80,1,-1,-1,-1
144,0,1425,424,50,168,1,-1,-1,-1
144,2,874,905,512,535,1,-1,-1,-1
144,4,776,674,268,268,1,-1,-1,-1
144,6,1450,621,373,175,1,-1,-1,-1
144,7,303,563,118,84,1,-1,-1,-1
144,11,596,529,63,63,1,-1,-1,-1
144,12,41,750,441,244,1,-1,-1,-1
144,13,0,544,184,150,1,-1,-1,-1
144,15,1769,587,196,164,1,-1,-1,-1
144,16,659,841,260,228,1,-1,-1,-1
144,17,1470,684,152,264,1,-1,-1,-1
144,21,1617,790,377,203,1,-1,-1,-1
144,22,925,742,444,276,1,-1,-1,-1
144,23,443,537,150,79,1,-1,-1,-1
144,25,1323,555,172,92,1,-1,-1,-1
144,26,1114,536,184,100,1,-1,-1,-1
144,27,1483,543,139,92,1,-1,-1,-1
144,28,1125,889,269,382,1,-1,-1,-1
144,30,142,608,223,80,1,-1,-1,-1
145,0,1420,420,52,168,1,-1,-1,-1
145,2,874,905,512,535,1,-1,-1,-1
145,4,776,674,268,268,1,-1,-1,-1
145,6,1588,616,240,188,1,-1,-1,-1
145,7,303,563,118,84,1,-1,-1,-1
145,11,596,529,63,63,1,-1,-1,-1
145,12,56,748,428,240,1,-1,-1,-1
145,13,0,544,184,150,1,-1,-1,-1
145,15,1769,587,196,164,1,-1,-1,-1
145,16,659,841,260,228,1,-1,-1,-1
145,17,1468,680,152,260,1,-1,-1,-1
145,21,1617,790,377,203,1,-1,-1,-1
145,22,925,742,444,276,1,-1,-1,-1
145,23,443,537,150,79,1,-1,-1,-1
145,25,1323,555,172,92,1,-1,-1,-1
145,26,1108,536,188,104,1,-1,-1,-1
145,27,1488,548,128,88,1,-1,-1,-1
145,28,1125,889,269,382,1,-1,-1,-1
145,30,142,608,223,80,1,-1,-1,-1
145,31,456,872,316,296,1,-1,-1,-1
146,0,1420,420,52,168,1,-1,-1,-1
146,2,883,899,512,541,1,-1,-1,-1
146,4,779,675,268,268,1,-1,-1,-1
146,6,1589,617,240,188,1,-1,-1,-1
146,7,303,563,118,84,1,-1,-1,-1
146,11,595,528,63,63,1,-1,-1,-1
146,12,57,749,428,240,1,-1,-1,-1
146,13,0,543,184,150,1,-1,-1,-1
146,15,1771,587,196,164,1,-1,-1,-1
146,16,664,842,260,228,1,-1,-1,-1
146,17,1469,680,152,260,1,-1,-1,-1
146,21,1620,789,377,203,1,-1,-1,-1
146,22,928,744,444,276,1,-1,-1,-1
146,23,442,538,150,79,1,-1,-1,-1
146,25,1331,554,172,92,1,-1,-1,-1
146,26,1108,537,188,104,1,-1,-1,-1
146,27,1489,548,128,88,1,-1,-1,-1
146,28,1135,894,269,382,1,-1,-1,-1
146,30,142,608,223,80,1,-1,-1,-1
146,31,461,873,316,296,1,-1,-1,-1
147,0,1421,420,52,168,1,-1,-1,-1
147,2,892,903,512,537,1,-1,-1,-1
147,4,781,676,268,268,1,-1,-1,-1
147,6,1591,617,240,188,1,-1,-1,-1
147,7,304,563,118,84,1,-1,-1,-1
147,11,595,529,63,63,1,-1,-1,-1
147,12,57,749,428,240,1,-1,-1,-1
147,13,0,543,183,150,1,-1,-1,-1
147,15,1773,588,196,164,1,-1,-1,-1
147,16,666,844,260,228,1,-1,-1,-1
147,17,1472,680,152,260,1,-1,-1,-1
147,21,1622,792,377,203,1,-1,-1,-1
147,22,922,738,466,290,1,-1,-1,-1
147,23,441,538,150,79,1,-1,-1,-1
147,25,1335,555,172,92,1,-1,-1,-1
147,26,1110,538,188,104,1,-1,-1,-1
147,27,1491,549,128,88,1,-1,-1,-1
147,28,1143,896,269,382,1,-1,-1,-1
147,30,142,609,223,80,1,-1,-1,-1
147,31,467,876,316,296,1,-1,-1,-1
148,0,1422,423,50,160,1,-1,-1,-1
148,2,894,901,512,539,1,-1,-1,-1
148,4,784,676,268,268,1,-1,-1,-1
148,6,1592,619,240,188,1,-1,-1,-1
148,7,304,563,118,84,1,-1,-1,-1
148,11,594,529,63,63,1,-1,-1,-1
148,12,58,749,428,240,1,-1,-1,-1
148,13,0,543,183,150,1,-1,-1,-1
148,15,1774,589,196,164,1,-1,-1,-1
148,16,668,844,260,228,1,-1,-1,-1
148,17,1474,680,152,260,1,-1,-1,-1
148,22,934,740,466,290,1,-1,-1,-1
148,23,441,538,150,79,1,-1,-1,-1
148,25,1335,555,172,92,1,-1,-1,-1
148,26,1111,538,188,104,1,-1,-1,-1
148,27,1492,548,128,88,1,-1,-1,-1
148,28,1149,896,269,382,1,-1,-1,-1
148,30,142,609,223,80,1,-1,-1,-1
148,31,471,877,316,296,1,-1,-1,-1
149,0,1422,422,50,160,1,-1,-1,-1
149,2,901,900,512,540,1,-1,-1,-1
149,4,786,676,268,268,1,-1,-1,-1
149,6,1594,619,240,188,1,-1,-1,-1
149,7,303,563,118,84,1,-1,-1,-1
149,11,594,528,63,63,1,-1,-1,-1
149,12,58,750,428,240,1,-1,-1,-1
149,13,0,542,183,150,1,-1,-1,-1
149,15,1775,590,196,164,1,-1,-1,-1
149,16,673,842,260,228,1,-1,-1,-1
149,17,1476,681,152,260,1,-1,-1,-1
149,22,939,737,466,290,1,-1,-1,-1
149,23,441,538,150,79,1,-1,-1,-1
149,25,1338,554,172,92,1,-1,-1,-1
149,26,1113,539,188,104,1,-1,-1,-1
149,27,1493,549,128,88,1,-1,-1,-1
149,28,1156,897,269,382,1,-1,-1,-1
149,30,143,609,223,80,1,-1,-1,-1
149,31,477,878,316,296,1,-1,-1,-1
150,0,1422,423,50,160,1,-1,-1,-1
150,2,907,902,512,538,1,-1,-1,-1
150,4,789,675,268,268,1,-1,-1,-1
150,6,1595,618,240,188,1,-1,-1,-1
150,7,303,563,118,84,1,-1,-1,-1
150,11,594,529,63,63,1,-1,-1,-1
150,12,59,751,428,240,1,-1,-1,-1
150,13,0,543,183,150,1,-1,-1,-1
150,15,1776,591,196,164,1,-1,-1,-1
150,16,676,842,260,228,1,-1,-1,-1
150,17,1480,678,152,260,1,-1,-1,-1
150,22,943,738,466,290,1,-1,-1,-1
150,23,440,538,150,79,1,-1,-1,-1
150,25,1340,554,172,92,1,-1,-1,-1
150,26,1113,540,188,104,1,-1,-1,-1
150,27,1496,551,122,84,1,-1,-1,-1
150,28,1160,899,269,382,1,-1,-1,-1
150,30,144,609,223,80,1,-1,-1,-1
150,31,483,879,316,296,1,-1,-1,-1
151,0,1423,422,50,160,1,-1,-1,-1
151,2,913,903,512,537,1,-1,-1,-1
151,4,791,676,268,268,1,-1,-1,-1
151,6,1597,618,240,188,1,-1,-1,-1
151,7,304,563,118,84,1,-1,-1,-1
151,11,595,528,63,63,1,-1,-1,-1
151,12,61,751,428,240,1,-1,-1,-1
151,13,0,542,184,150,1,-1,-1,-1
151,15,1780,590,196,164,1,-1,-1,-1
151,16,678,840,260,228,1,-1,-1,-1
151,17,1481,676,152,260,1,-1,-1,-1
151,22,954,736,466,290,1,-1,-1,-1
151,23,440,538,150,79,1,-1,-1,-1
151,25,1345,554,172,92,1,-1,-1,-1
151,26,1115,540,188,104,1,-1,-1,-1
151,27,1498,551,122,84,1,-1,-1,-1
151,28,1165,899,269,382,1,-1,-1,-1
151,30,144,609,223,80,1,-1,-1,-1
151,31,489,878,316,296,1,-1,-1,-1
152,0,1424,426,47,152,1,-1,-1,-1
152,2,915,899,512,541,1,-1,-1,-1
152,4,795,676,268,268,1,-1,-1,-1
152,6,1598,619,240,188,1,-1,-1,-1
152,7,305,563,118,84,1,-1,-1,-1
152,11,594,528,63,63,1,-1,-1,-1
152,12,65,750,428,240,1,-1,-1,-1
152,13,0,542,183,150,1,-1,-1,-1
152,15,1781,590,196,164,1,-1,-1,-1
152,16,689,842,248,217,1,-1,-1,-1
152,17,1483,674,152,260,1,-1,-1,-1
152,22,957,735,466,290,1,-1,-1,-1
152,23,441,538,150,79,1,-1,-1,-1
152,25,1349,554,172,92,1,-1,-1,-1
152,26,1116,540,188,104,1,-1,-1,-1
152,27,1496,549,128,88,1,-1,-1,-1
152,28,1171,900,269,382,1,-1,-1,-1
152,30,143,610,223,80,1,-1,-1,-1
152,31,494,878,316,296,1,-1,-1,-1
153,0,1420,420,56,152,1,-1,-1,-1
153,2,840,892,596,540,1,-1,-1,-1
153,4,795,676,268,268,1,-1,-1,-1
153,6,1598,619,240,188,1,-1,-1,-1
153,7,305,563,118,84,1,-1,-1,-1
153,11,594,528,63,63,1,-1,-1,-1
153,12,72,748,416,240,1,-1,-1,-1
153,13,0,542,183,150,1,-1,-1,-1
153,15,1781,590,196,164,1,-1,-1,-1
153,16,689,842,248,217,1,-1,-1,-1
153,17,1500,672,148,244,1,-1,-1,-1
153,22,852,736,520,392,1,-1,-1,-1
153,23,441,538,150,79,1,-1,-1,-1
153,25,1356,568,184,96,1,-1,-1,-1
153,26,1124,544,172,96,1,-1,-1,-1
153,27,1496,549,128,88,1,-1,-1,-1
153,28,1171,900,269,382,1,-1,-1,-1
153,30,143,610,223,80,1,-1,-1,-1
153,31,494,878,316,296,1,-1,-1,-1
154,0,1420,420,56,152,1,-1,-1,-1
154,2,847,892,596,540,1,-1,-1,-1
154,4,802,674,268,268,1,-1,-1,-1
154,6,1602,621,240,188,1,-1,-1,-1
154,7,306,563,118,84,1,-1,-1,-1
154,11,596,528,63,63,1,-1,-1,-1
154,12,76,748,416,240,1,-1,-1,-1
154,13,0,541,185,150,1,-1,-1,-1
154,15,1785,591,196,164,1,-1,-1,-1
154,16,693,839,248,217,1,-1,-1,-1
154,17,1502,673,148,244,1,-1,-1,-1
154,22,853,735,520,392,1,-1,-1,-1
154,23,442,538,150,79,1,-1,-1,-1
154,25,1357,568,184,96,1,-1,-1,-1
154,26,1124,544,172,96,1,-1,-1,-1
154,27,1499,551,128,88,1,-1,-1,-1
154,28,1184,902,269,382,1,-1,-1,-1
154,30,144,608,223,80,1,-1,-1,-1
154,31,503,877,316,296,1,-1,-1,-1
155,0,1420,420,56,152,1,-1,-1,-1
155,2,850,891,596,540,1,-1,-1,-1
155,4,804,674,268,268,1,-1,-1,-1
155,6,1607,621,240,188,1,-1,-1,-1
155,7,306,563,118,84,1,-1,-1,-1
155,11,596,528,63,63,1,-1,-1,-1
155,12,80,748,416,240,1,-1,-1,-1
155,13,0,541,186,150,1,-1,-1,-1
155,15,1787,592,196,164,1,-1,-1,-1
155,16,698,840,248,217,1,-1,-1,-1
155,17,1504,674,148,244,1,-1,-1,-1
155,22,855,736,520,392,1,-1,-1,-1
155,23,442,537,150,79,1,-1,-1,-1
155,25,1360,569,184,96,1,-1,-1,-1
155,26,1126,545,172,96,1,-1,-1,-1
155,27,1500,552,128,88,1,-1,-1,-1
155,28,1191,902,269,382,1,-1,-1,-1
155,30,145,608,223,80,1,-1,-1,-1
155,31,509,877,316,296,1,-1,-1,-1
156,0,1420,420,56,152,1,-1,-1,-1
156,2,855,890,596,540,1,-1,-1,-1
156,4,809,673,268,268,1,-1,-1,-1
156,6,1609,622,240,188,1,-1,-1,-1
156,7,308,563,118,84,1,-1,-1,-1
156,11,595,528,63,63,1,-1,-1,-1
156,12,83,749,416,240,1,-1,-1,-1
156,13,0,541,186,150,1,-1,-1,-1
156,15,1788,593,196,164,1,-1,-1,-1
156,16,705,838,248,217,1,-1,-1,-1
156,17,1505,673,148,244,1,-1,-1,-1
156,22,859,735,520,392,1,-1,-1,-1
156,23,443,537,150,79,1,-1,-1,-1
156,25,1363,569,184,96,1,-1,-1,-1
156,26,1127,546,172,96,1,-1,-1,-1
156,27,1501,551,128,88,1,-1,-1,-1
156,28,1200,901,269,382,1,-1,-1,-1
156,30,145,608,223,80,1,-1,-1,-1
156,31,515,878,316,296,1,-1,-1,-1
157,0,1420,421,56,152,1,-1,-1,-1
157,2,861,892,596,540,1,-1,-1,-1
157,4,809,672,268,268,1,-1,-1,-1
157,6,1612,622,240,188,1,-1,-1,-1
157,7,309,563,118,84,1,-1,-1,-1
157,11,596,529,63,63,1,-1,-1,-1
157,12,88,749,416,240,1,-1,-1,-1
157,13,0,540,187,150,1,-1,-1,-1
157,15,1790,593,196,164,1,-1,-1,-1
157,16,704,838,248,217,1,-1,-1,-1
157,17,1507,672,148,244,1,-1,-1,-1
157,22,862,736,520,392,1,-1,-1,-1
157,23,443,537,150,79,1,-1,-1,-1
157,25,1365,570,184,96,1,-1,-1,-1
157,26,1128,546,172,96,1,-1,-1,-1
157,27,1502,551,128,88,1,-1,-1,-1
157,28,1205,900,269,382,1,-1,-1,-1
157,30,146,607,223,80,1,-1,-1,-1
157,31,520,877,316,296,1,-1,-1,-1
158,0,1420,421,56,152,1,-1,-1,-1
158,2,864,896,596,540,1,-1,-1,-1
158,4,816,673,268,268,1,-1,-1,-1
158,6,1615,623,240,188,1,-1,-1,-1
158,7,310,563,118,84,1,-1,-1,-1
158,11,597,528,63,63,1,-1,-1,-1
158,12,92,749,416,240,1,-1,-1,-1
158,13,0,539,187,150,1,-1,-1,-1
158,15,1792,593,196,164,1,-1,-1,-1
158,16,712,840,248,217,1,-1,-1,-1
158,17,1511,672,148,244,1,-1,-1,-1
158,22,865,740,520,392,1,-1,-1,-1
158,23,441,537,150,79,1,-1,-1,-1
158,25,1368,570,184,96,1,-1,-1,-1
158,26,1130,546,172,96,1,-1,-1,-1
158,27,1502,552,128,88,1,-1,-1,-1
158,28,1211,902,269,382,1,-1,-1,-1
158,30,147,607,223,80,1,-1,-1,-1
158,31,528,879,316,296,1,-1,-1,-1
159,0,1419,421,56,152,1,-1,-1,-1
159,2,870,898,596,540,1,-1,-1,-1
159,4,820,675,268,268,1,-1,-1,-1
159,6,1618,622,240,188,1,-1,-1,-1
159,7,312,563,118,84,1,-1,-1,-1
159,11,597,529,63,63,1,-1,-1,-1
159,12,100,748,416,240,1,-1,-1,-1
159,13,0,540,187,150,1,-1,-1,-1
159,15,1794,594,196,164,1,-1,-1,-1
159,16,712,841,248,217,1,-1,-1,-1
159,17,1514,672,148,244,1,-1,-1,-1
159,22,883,751,495,373,1,-1,-1,-1
159,23,441,537,150,79,1,-1,-1,-1
159,25,1371,571,184,96,1,-1,-1,-1
159,26,1131,547,172,96,1,-1,-1,-1
159,27,1502,553,128,88,1,-1,-1,-1
159,28,1218,904,269,382,1,-1,-1,-1
159,30,147,606,223,80,1,-1,-1,-1
159,31,534,878,316,296,1,-1,-1,-1
160,0,1419,421,56,152,1,-1,-1,-1
160,2,861,888,626,552,1,-1,-1,-1
160,4,824,673,268,268,1,-1,-1,-1
160,6,1621,621,240,188,1,-1,-1,-1
160,7,313,563,118,84,1,-1,-1,-1
160,11,597,528,63,63,1,-1,-1,-1
160,12,104,747,416,240,1,-1,-1,-1
160,13,0,540,188,150,1,-1,-1,-1
160,15,1796,594,196,164,1,-1,-1,-1
160,16,719,840,248,217,1,-1,-1,-1
160,17,1517,672,148,244,1,-1,-1,-1
160,22,891,754,495,373,1,-1,-1,-1
160,23,441,537,150,79,1,-1,-1,-1
160,25,1372,567,193,101,1,-1,-1,-1
160,26,1133,546,172,96,1,-1,-1,-1
160,27,1504,553,128,88,1,-1,-1,-1
160,28,1226,909,269,382,1,-1,-1,-1
160,30,147,606,223,80,1,-1,-1,-1
160,31,538,877,316,296,1,-1,-1,-1
161,0,1416,424,56,144,1,-1,-1,-1
161,2,908,896,592,500,1,-1,-1,-1
161,4,824,673,268,268,1,-1,-1,-1
161,6,1600,624,280,188,1,-1,-1,-1
161,7,313,563,118,84,1,-1,-1,-1
161,11,597,528,63,63,1,-1,-1,-1
161,12,96,748,456,244,1,-1,-1,-1
161,13,0,540,188,150,1,-1,-1,-1
161,15,1796,594,196,164,1,-1,-1,-1
161,16,719,840,248,217,1,-1,-1,-1
161,17,1517,672,148,244,1,-1,-1,-1
161,22,891,754,495,373,1,-1,-1,-1
161,23,441,537,150,79,1,-1,-1,-1
161,25,1372,567,193,101,1,-1,-1,-1
161,26,1133,546,172,96,1,-1,-1,-1
161,27,1504,553,128,88,1,-1,-1,-1
161,28,1226,909,269,382,1,-1,-1,-1
161,30,147,606,223,80,1,-1,-1,-1
161,31,538,877,316,296,1,-1,-1,-1
161,32,1528,552,248,96,1,-1,-1,-1
162,0,1416,424,56,144,1,-1,-1,-1
162,2,914,897,592,500,1,-1,-1,-1
162,4,837,674,268,268,1,-1,-1,-1
162,6,1602,623,280,188,1,-1,-1,-1
162,7,318,562,118,84,1,-1,-1,-1
162,11,599,527,63,63,1,-1,-1,-1
162,12,99,747,456,244,1,-1,-1,-1
162,13,0,538,191,150,1,-1,-1,-1
162,15,1801,594,196,164,1,-1,-1,-1
162,16,735,843,248,217,1,-1,-1,-1
162,17,1524,669,148,244,1,-1,-1,-1
162,22,902,756,495,373,1,-1,-1,-1
162,23,440,537,150,79,1,-1,-1,-1
162,25,1379,565,193,101,1,-1,-1,-1
162,26,1132,544,181,101,1,-1,-1,-1
162,27,1508,554,128,88,1,-1,-1,-1
162,28,1234,902,282,401,1,-1,-1,-1
162,30,150,605,223,80,1,-1,-1,-1
162,31,548,875,316,296,1,-1,-1,-1
162,32,1529,552,248,96,1,-1,-1,-1
163,0,1417,428,53,137,1,-1,-1,-1
163,2,922,895,592,500,1,-1,-1,-1
163,4,840,675,268,268,1,-1,-1,-1
163,6,1605,624,280,188,1,-1,-1,-1
163,7,318,563,118,84,1,-1,-1,-1
163,11,600,529,63,63,1,-1,-1,-1
163,12,104,747,456,244,1,-1,-1,-1
163,13,0,535,198,158,1,-1,-1,-1
163,15,1807,600,187,156,1,-1,-1,-1
163,16,737,840,248,217,1,-1,-1,-1
163,17,1528,668,148,244,1,-1,-1,-1
163,22,897,746,520,392,1,-1,-1,-1
163,23,441,537,150,79,1,-1,-1,-1
163,25,1384,565,193,101,1,-1,-1,-1
163,26,1134,543,181,101,1,-1,-1,-1
163,27,1514,556,122,84,1,-1,-1,-1
163,28,1242,904,282,401,1,-1,-1,-1
163,30,151,605,223,80,1,-1,-1,-1
163,31,552,878,316,296,1,-1,-1,-1
163,32,1530,552,248,96,1,-1,-1,-1
164,0,1416,424,56,144,1,-1,-1,-1
164,2,931,896,592,500,1,-1,-1,-1
164,4,844,677,268,268,1,-1,-1,-1
164,6,1607,624,280,188,1,-1,-1,-1
164,7,319,564,118,84,1,-1,-1,-1
164,11,599,529,63,63,1,-1,-1,-1
164,12,106,749,456,244,1,-1,-1,-1
164,13,0,534,201,158,1,-1,-1,-1
164,15,1809,600,187,156,1,-1,-1,-1
164,16,742,839,248,217,1,-1,-1,-1
164,17,1529,669,148,244,1,-1,-1,-1
164,22,907,749,520,392,1,-1,-1,-1
164,23,441,537,150,79,1,-1,-1,-1
164,25,1397,568,184,96,1,-1,-1,-1
164,26,1135,543,181,101,1,-1,-1,-1
164,27,1513,556,122,84,1,-1,-1,-1
164,28,1250,906,282,401,1,-1,-1,-1
164,30,152,605,223,80,1,-1,-1,-1
164,31,560,873,316,296,1,-1,-1,-1
164,32,1532,552,248,96,1,-1,-1,-1
165,0,1415,425,56,144,1,-1,-1,-1
165,2,939,900,592,500,1,-1,-1,-1
165,4,848,676,268,268,1,-1,-1,-1
165,6,1601,620,294,197,1,-1,-1,-1
165,7,320,565,118,84,1,-1,-1,-1
165,11,600,529,63,63,1,-1,-1,-1
165,12,113,749,456,244,1,-1,-1,-1
165,13,0,534,203,158,1,-1,-1,-1
165,15,1810,601,187,156,1,-1,-1,-1
165,17,1532,669,148,244,1,-1,-1,-1
165,22,913,751,520,392,1,-1,-1,-1
165,23,441,538,150,79,1,-1,-1,-1
165,25,1404,570,175,91,1,-1,-1,-1
165,26,1132,542,190,106,1,-1,-1,-1
165,27,1516,559,116,80,1,-1,-1,-1
165,28,1258,908,282,401,1,-1,-1,-1
165,30,152,606,223,80,1,-1,-1,-1
165,31,560,877,316,296,1,-1,-1,-1
165,32,1534,552,248,96,1,-1,-1,-1
166,0,1414,427,56,144,1,-1,-1,-1
166,2,946,898,592,500,1,-1,-1,-1
166,4,852,677,268,268,1,-1,-1,-1
166,6,1605,620,294,197,1,-1,-1,-1
166,7,322,565,118,84,1,-1,-1,-1
166,11,599,531,63,63,1,-1,-1,-1
166,12,117,751,456,244,1,-1,-1,-1
166,13,0,535,202,158,1,-1,-1,-1
166,15,1813,601,187,156,1,-1,-1,-1
166,17,1535,666,148,244,1,-1,-1,-1
166,22,902,744,546,412,1,-1,-1,-1
166,23,442,539,150,79,1,-1,-1,-1
166,25,1411,570,175,91,1,-1,-1,-1
166,26,1136,542,190,106,1,-1,-1,-1
166,27,1519,559,116,80,1,-1,-1,-1
166,28,1267,911,282,401,1,-1,-1,-1
166,30,153,606,223,80,1,-1,-1,-1
166,31,565,875,316,296,1,-1,-1,-1
166,32,1540,555,236,91,1,-1,-1,-1
167,0,1412,427,56,144,1,-1,-1,-1
167,2,956,898,592,500,1,-1,-1,-1
167,4,857,678,268,268,1,-1,-1,-1
167,6,1609,620,294,197,1,-1,-1,-1
167,7,323,565,118,84,1,-1,-1,-1
167,11,601,530,63,63,1,-1,-1,-1
167,12,120,752,456,244,1,-1,-1,-1
167,13,0,536,203,158,1,-1,-1,-1
167,15,1814,601,187,156,1,-1,-1,-1
167,17,1537,665,148,244,1,-1,-1,-1
167,22,887,734,573,432,1,-1,-1,-1
167,23,441,539,150,79,1,-1,-1,-1
167,25,1414,570,175,91,1,-1,-1,-1
167,26,1137,541,190,106,1,-1,-1,-1
167,27,1521,561,111,76,1,-1,-1,-1
167,28,1274,913,282,401,1,-1,-1,-1
167,30,154,606,223,80,1,-1,-1,-1
167,31,572,874,316,296,1,-1,-1,-1
167,32,1543,555,236,91,1,-1,-1,-1
168,0,1409,425,59,151,1,-1,-1,-1
168,2,966,900,592,500,1,-1,-1,-1
168,4,861,679,268,268,1,-1,-1,-1
168,6,1612,619,294,197,1,-1,-1,-1
168,7,323,566,118,84,1,-1,-1,-1
168,11,599,532,63,63,1,-1,-1,-1
168,12,122,752,456,244,1,-1,-1,-1
168,13,0,536,204,158,1,-1,-1,-1
168,15,1816,600,187,156,1,-1,-1,-1
168,17,1540,663,148,244,1,-1,-1,-1
168,22,898,736,573,432,1,-1,-1,-1
168,23,440,540,150,79,1,-1,-1,-1
168,25,1419,571,175,91,1,-1,-1,-1
168,26,1135,540,199,111,1,-1,-1,-1
168,27,1522,561,111,76,1,-1,-1,-1
168,28,1281,914,282,401,1,-1,-1,-1
168,30,155,607,223,80,1,-1,-1,-1
168,31,580,875,316,296,1,-1,-1,-1
168,32,1544,555,236,91,1,-1,-1,-1
169,0,1408,428,52,172,1,-1,-1,-1
169,2,988,908,552,372,1,-1,-1,-1
169,4,861,679,268,268,1,-1,-1,-1
169,6,1612,619,294,197,1,-1,-1,-1
169,7,323,566,118,84,1,-1,-1,-1
169,11,599,532,63,63,1,-1,-1,-1
169,12,116,756,476,244,1,-1,-1,-1
169,13,0,536,204,158,1,-1,-1,-1
169,15,1816,600,187,156,1,-1,-1,-1
169,17,1540,663,148,244,1,-1,-1,-1
169,22,898,736,573,432,1,-1,-1,-1
169,23,440,540,150,79,1,-1,-1,-1
169,25,1419,571,175,91,1,-1,-1,-1
169,26,1135,540,199,111,1,-1,-1,-1
169,27,1522,561,111,76,1,-1,-1,-1
169,28,1281,914,282,401,1,-1,-1,-1
169,30,155,607,223,80,1,-1,-1,-1
169,31,580,875,316,296,1,-1,-1,-1
169,32,1544,555,236,91,1,-1,-1,-1
169,33,0,988,536,444,1,-1,-1,-1
169,34,808,812,508,396,1,-1,-1,-1
169,35,140,564,284,148,1,-1,-1,-1
169,36,520,840,432,452,1,-1,-1,-1
170,0,1408,428,52,172,1,-1,-1,-1
170,2,993,907,552,372,1,-1,-1,-1
170,4,865,676,268,268,1,-1,-1,-1
170,6,1619,622,280,188,1,-1,-1,-1
170,7,324,566,118,84,1,-1,-1,-1
170,11,599,531,63,63,1,-1,-1,-1
170,12,120,756,476,244,1,-1,-1,-1
170,13,0,537,204,158,1,-1,-1,-1
170,15,1819,599,187,156,1,-1,-1,-1
170,17,1545,659,148,244,1,-1,-1,-1
170,22,910,737,573,432,1,-1,-1,-1
170,23,439,541,150,79,1,-1,-1,-1
170,25,1420,571,175,91,1,-1,-1,-1
170,26,1139,541,190,106,1,-1,-1,-1
170,27,1523,561,111,76,1,-1,-1,-1
170,28,1300,919,269,382,1,-1,-1,-1
170,30,156,607,223,80,1,-1,-1,-1
170,31,587,879,316,296,1,-1,-1,-1
170,32,1547,555,236,91,1,-1,-1,-1
170,33,7,987,536,444,1,-1,-1,-1
170,34,811,813,508,396,1,-1,-1,-1
170,35,141,564,284,148,1,-1,-1,-1
170,36,523,843,432,452,1,-1,-1,-1
171,0,1407,428,52,172,1,-1,-1,-1
171,2,1000,904,552,372,1,-1,-1,-1
171,4,869,676,268,268,1,-1,-1,-1
171,6,1621,623,280,188,1,-1,-1,-1
171,7,325,567,118,84,1,-1,-1,-1
171,11,599,530,63,63,1,-1,-1,-1
171,12,123,755,476,244,1,-1,-1,-1
171,13,0,538,203,158,1,-1,-1,-1
171,15,1821,599,187,156,1,-1,-1,-1
171,17,1548,657,148,244,1,-1,-1,-1
171,22,912,735,573,432,1,-1,-1,-1
171,23,438,541,150,79,1,-1,-1,-1
171,26,1138,541,190,106,1,-1,-1,-1
171,27,1523,561,111,76,1,-1,-1,-1
171,28,1304,917,269,382,1,-1,-1,-1
171,30,156,607,223,80,1,-1,-1,-1
171,31,591,877,316,296,1,-1,-1,-1
171,32,1549,554,236,91,1,-1,-1,-1
171,33,14,985,536,444,1,-1,-1,-1
171,34,815,814,508,396,1,-1,-1,-1
171,35,141,565,284,148,1,-1,-1,-1
171,36,527,844,432,452,1,-1,-1,-1
172,0,1406,425,55,181,1,-1,-1,-1
172,2,1008,902,552,372,1,-1,-1,-1
172,4,874,674,268,268,1,-1,-1,-1
172,6,1621,623,280,188,1,-1,-1,-1
172,7,327,567,118,84,1,-1,-1,-1
172,11,599,531,63,63,1,-1,-1,-1
172,12,127,756,476,244,1,-1,-1,-1
172,13,0,539,203,158,1,-1,-1,-1
172,15,1823,598,187,156,1,-1,-1,-1
172,17,1550,657,148,244,1,-1,-1,-1
172,22,916,731,573,432,1,-1,-1,-1
172,23,436,541,150,79,1,-1,-1,-1
172,26,1139,540,190,106,1,-1,-1,-1
172,28,1311,916,269,382,1,-1,-1,-1
172,30,156,608,223,80,1,-1,-1,-1
172,31,598,877,316,296,1,-1,-1,-1
172,32,1554,556,225,87,1,-1,-1,-1
172,33,23,985,536,444,1,-1,-1,-1
172,34,819,813,508,396,1,-1,-1,-1
172,35,142,566,284,148,1,-1,-1,-1
172,36,533,846,432,452,1,-1,-1,-1
173,0,1404,425,55,181,1,-1,-1,-1
173,2,1013,901,552,372,1,-1,-1,-1
173,4,876,673,268,268,1,-1,-1,-1
173,6,1625,622,280,188,1,-1,-1,-1
173,7,327,568,118,84,1,-1,-1,-1
173,11,598,530,63,63,1,-1,-1,-1
173,12,130,757,476,244,1,-1,-1,-1
173,13,0,537,203,158,1,-1,-1,-1
173,15,1824,597,187,156,1,-1,-1,-1
173,17,1554,655,148,244,1,-1,-1,-1
173,22,928,732,573,432,1,-1,-1,-1
173,23,437,541,150,79,1,-1,-1,-1
173,26,1139,540,190,106,1,-1,-1,-1
173,28,1316,916,269,382,1,-1,-1,-1
173,30,156,608,223,80,1,-1,-1,-1
173,31,603,876,316,296,1,-1,-1,-1
173,32,1551,552,236,91,1,-1,-1,-1
173,33,32,986,536,444,1,-1,-1,-1
173,34,823,813,508,396,1,-1,-1,-1
173,35,141,565,284,148,1,-1,-1,-1
173,36,537,843,432,452,1,-1,-1,-1
174,0,1402,420,57,190,1,-1,-1,-1
174,2,1020,898,552,372,1,-1,-1,-1
174,4,881,674,268,268,1,-1,-1,-1
174,6,1630,620,280,188,1,-1,-1,-1
174,7,329,567,118,84,1,-1,-1,-1
174,11,599,529,63,63,1,-1,-1,-1
174,12,135,754,476,244,1,-1,-1,-1
174,13,0,535,210,165,1,-1,-1,-1
174,15,1827,596,187,156,1,-1,-1,-1
174,17,1557,656,148,244,1,-1,-1,-1
174,22,924,729,573,432,1,-1,-1,-1
174,23,436,540,150,79,1,-1,-1,-1
174,26,1136,537,199,111,1,-1,-1,-1
174,28,1321,914,269,382,1,-1,-1,-1
174,30,156,607,223,80,1,-1,-1,-1
174,31,609,875,316,296,1,-1,-1,-1
174,32,1557,554,225,87,1,-1,-1,-1
174,33,39,986,536,444,1,-1,-1,-1
174,34,829,812,508,396,1,-1,-1,-1
174,35,143,565,284,148,1,-1,-1,-1
174,36,544,844,432,452,1,-1,-1,-1
175,0,1401,420,57,190,1,-1,-1,-1
175,2,1022,898,552,372,1,-1,-1,-1
175,4,884,671,268,268,1,-1,-1,-1
175,6,1632,618,280,188,1,-1,-1,-1
175,7,330,566,118,84,1,-1,-1,-1
175,11,598,528,63,63,1,-1,-1,-1
175,12,138,753,476,244,1,-1,-1,-1
175,13,0,533,211,165,1,-1,-1,-1
175,15,1829,595,187,156,1,-1,-1,-1
175,17,1558,655,148,244,1,-1,-1,-1
175,22,937,730,573,432,1,-1,-1,-1
175,23,432,538,157,83,1,-1,-1,-1
175,26,1136,538,199,111,1,-1,-1,-1
175,28,1326,913,269,382,1,-1,-1,-1
175,30,156,606,223,80,1,-1,-1,-1
175,31,615,874,316,296,1,-1,-1,-1
175,32,1556,553,225,87,1,-1,-1,-1
175,33,48,984,536,444,1,-1,-1,-1
175,34,832,813,508,396,1,-1,-1,-1
175,35,141,564,284,148,1,-1,-1,-1
175,36,549,844,432,452,1,-1,-1,-1
176,0,1399,419,57,190,1,-1,-1,-1
176,2,1028,897,552,372,1,-1,-1,-1
176,4,886,664,281,281,1,-1,-1,-1
176,6,1635,618,280,188,1,-1,-1,-1
176,7,331,565,118,84,1,-1,-1,-1
176,11,599,526,63,63,1,-1,-1,-1
176,12,142,753,476,244,1,-1,-1,-1
176,13,0,531,212,165,1,-1,-1,-1
176,15,1833,595,187,156,1,-1,-1,-1
176,17,1560,647,155,256,1,-1,-1,-1
176,22,946,727,573,432,1,-1,-1,-1
176,23,432,537,157,83,1,-1,-1,-1
176,26,1141,538,199,111,1,-1,-1,-1
176,28,1331,912,269,382,1,-1,-1,-1
176,30,158,605,223,80,1,-1,-1,-1
176,31,615,867,332,311,1,-1,-1,-1
176,32,1557,552,225,87,1,-1,-1,-1
176,33,56,983,536,444,1,-1,-1,-1
176,34,834,817,508,396,1,-1,-1,-1
176,35,144,563,284,148,1,-1,-1,-1
176,36,557,844,432,452,1,-1,-1,-1
177,0,1380,424,72,208,1,-1,-1,-1
177,2,1100,904,500,364,1,-1,-1,-1
177,4,886,664,281,281,1,-1,-1,-1
177,6,1635,618,280,188,1,-1,-1,-1
177,7,331,565,118,84,1,-1,-1,-1
177,11,599,526,63,63,1,-1,-1,-1
177,12,140,748,480,248,1,-1,-1,-1
177,13,0,531,212,165,1,-1,-1,-1
177,15,1833,595,187,156,1,-1,-1,-1
177,17,1560,647,155,256,1,-1,-1,-1
177,22,946,727,573,432,1,-1,-1,-1
177,23,432,537,157,83,1,-1,-1,-1
177,26,1141,538,199,111,1,-1,-1,-1
177,28,1331,912,269,382,1,-1,-1,-1
177,30,158,605,223,80,1,-1,-1,-1
177,31,615,867,332,311,1,-1,-1,-1
177,32,1557,552,225,87,1,-1,-1,-1
177,33,0,976,604,456,1,-1,-1,-1
177,34,834,817,508,396,1,-1,-1,-1
177,35,144,563,284,148,1,-1,-1,-1
177,36,557,844,432,452,1,-1,-1,-1
178,0,1380,424,72,208,1,-1,-1,-1
178,2,1106,904,500,364,1,-1,-1,-1
178,4,893,663,281,281,1,-1,-1,-1
178,6,1645,615,280,188,1,-1,-1,-1
178,7,333,562,118,84,1,-1,-1,-1
178,11,600,525,63,63,1,-1,-1,-1
178,12,141,747,480,248,1,-1,-1,-1
178,13,0,529,213,165,1,-1,-1,-1
178,15,1836,594,187,156,1,-1,-1,-1
178,17,1571,648,148,244,1,-1,-1,-1
178,22,954,727,573,432,1,-1,-1,-1
178,23,431,535,157,83,1,-1,-1,-1
178,26,1142,534,199,111,1,-1,-1,-1
178,28,1339,908,269,382,1,-1,-1,-1
178,30,151,602,234,84,1,-1,-1,-1
178,31,627,870,332,311,1,-1,-1,-1
178,32,1561,550,225,87,1,-1,-1,-1
178,33,3,976,604,456,1,-1,-1,-1
178,34,836,820,508,396,1,-1,-1,-1
178,35,145,561,284,148,1,-1,-1,-1
178,36,564,842,432,452,1,-1,-1,-1
179,0,1380,424,72,208,1,-1,-1,-1
179,2,1113,902,500,364,1,-1,-1,-1
179,4,899,661,281,281,1,-1,-1,-1
179,6,1650,615,280,188,1,-1,-1,-1
179,7,335,560,118,84,1,-1,-1,-1
179,11,602,524,63,63,1,-1,-1,-1
179,12,143,748,480,248,1,-1,-1,-1
179,13,0,529,213,165,1,-1,-1,-1
179,15,1839,593,187,156,1,-1,-1,-1
179,17,1576,646,148,244,1,-1,-1,-1
179,22,967,726,573,432,1,-1,-1,-1
179,23,432,535,157,83,1,-1,-1,-1
179,26,1149,533,199,111,1,-1,-1,-1
179,28,1350,917,256,364,1,-1,-1,-1
179,30,153,600,234,84,1,-1,-1,-1
179,31,634,866,332,311,1,-1,-1,-1
179,32,1561,551,225,87,1,-1,-1,-1
179,33,10,977,604,456,1,-1,-1,-1
179,34,828,811,533,416,1,-1,-1,-1
179,35,147,559,284,148,1,-1,-1,-1
179,36,569,837,432,452,1,-1,-1,-1
180,0,1380,423,72,208,1,-1,-1,-1
180,2,1117,901,500,364,1,-1,-1,-1
180,4,904,662,281,281,1,-1,-1,-1
180,6,1654,614,280,188,1,-1,-1,-1
180,7,336,559,118,84,1,-1,-1,-1
180,11,602,523,63,63,1,-1,-1,-1
180,12,148,746,480,248,1,-1,-1,-1
180,13,0,527,213,165,1,-1,-1,-1
180,15,1843,592,187,156,1,-1,-1,-1
180,17,1579,643,148,244,1,-1,-1,-1
180,22,968,725,573,432,1,-1,-1,-1
180,23,433,534,157,83,1,-1,-1,-1
180,26,1150,531,199,111,1,-1,-1,-1
180,28,1357,914,256,364,1,-1,-1,-1
180,30,154,599,234,84,1,-1,-1,-1
180,31,643,867,332,311,1,-1,-1,-1
180,32,1563,551,225,87,1,-1,-1,-1
180,33,18,976,604,456,1,-1,-1,-1
180,34,826,812,533,416,1,-1,-1,-1
180,35,148,556,284,148,1,-1,-1,-1
180,36,582,832,432,452,1,-1,-1,-1
181,0,1380,422,72,208,1,-1,-1,-1
181,2,1121,902,500,364,1,-1,-1,-1
181,4,908,662,281,281,1,-1,-1,-1
181,6,1656,614,280,188,1,-1,-1,-1
181,7,337,558,118,84,1,-1,-1,-1
181,11,604,521,63,63,1,-1,-1,-1
181,12,152,744,480,248,1,-1,-1,-1
181,13,0,529,213,165,1,-1,-1,-1
181,15,1846,593,187,156,1,-1,-1,-1
181,17,1584,640,148,244,1,-1,-1,-1
181,22,986,733,546,412,1,-1,-1,-1
181,23,435,532,157,83,1,-1,-1,-1
181,26,1149,531,199,111,1,-1,-1,-1
181,28,1361,914,256,364,1,-1,-1,-1
181,30,155,598,234,84,1,-1,-1,-1
181,32,1564,551,225,87,1,-1,-1,-1
181,33,28,976,604,456,1,-1,-1,-1
181,34,823,819,533,416,1,-1,-1,-1
181,35,150,554,284,148,1,-1,-1,-1
181,36,588,836,432,452,1,-1,-1,-1
182,0,1382,426,69,198,1,-1,-1,-1
182,2,1128,903,500,364,1,-1,-1,-1
182,4,911,662,281,281,1,-1,-1,-1
182,6,1661,613,280,188,1,-1,-1,-1
182,7,339,557,118,84,1,-1,-1,-1
182,11,605,520,63,63,1,-1,-1,-1
182,12,155,745,480,248,1,-1,-1,-1
182,13,0,528,215,165,1,-1,-1,-1
182,15,1847,592,187,156,1,-1,-1,-1
182,17,1587,635,148,244,1,-1,-1,-1
182,22,992,733,546,412,1,-1,-1,-1
182,23,435,532,157,83,1,-1,-1,-1
182,26,1155,530,199,111,1,-1,-1,-1
182,28,1367,914,256,364,1,-1,-1,-1
182,30,157,597,234,84,1,-1,-1,-1
182,32,1567,551,225,87,1,-1,-1,-1
182,33,36,975,604,456,1,-1,-1,-1
182,34,807,817,560,437,1,-1,-1,-1
182,35,151,553,284,148,1,-1,-1,-1
182,36,595,835,432,452,1,-1,-1,-1
183,0,1381,420,72,208,1,-1,-1,-1
183,2,1137,905,500,364,1,-1,-1,-1
183,4,915,662,281,281,1,-1,-1,-1
183,6,1666,612,280,188,1,-1,-1,-1
183,7,341,555,118,84,1,-1,-1,-1
183,11,606,520,63,63,1,-1,-1,-1
183,12,160,743,480,248,1,-1,-1,-1
183,13,0,529,217,165,1,-1,-1,-1
183,15,1852,592,187,156,1,-1,-1,-1
183,17,1594,636,141,232,1,-1,-1,-1
183,22,1000,732,546,412,1,-1,-1,-1
183,23,435,532,157,83,1,-1,-1,-1
183,26,1157,529,199,111,1,-1,-1,-1
183,28,1372,915,256,364,1,-1,-1,-1
183,30,160,596,234,84,1,-1,-1,-1
183,32,1561,550,236,91,1,-1,-1,-1
183,33,45,976,604,456,1,-1,-1,-1
183,34,782,811,588,458,1,-1,-1,-1
183,35,154,552,284,148,1,-1,-1,-1
184,0,1382,420,72,208,1,-1,-1,-1
184,2,1145,908,500,364,1,-1,-1,-1
184,4,924,661,281,281,1,-1,-1,-1
184,6,1670,612,280,188,1,-1,-1,-1
184,7,340,553,124,88,1,-1,-1,-1
184,11,608,519,63,63,1,-1,-1,-1
184,12,165,743,480,248,1,-1,-1,-1
184,13,0,528,219,165,1,-1,-1,-1
184,15,1857,591,187,156,1,-1,-1,-1
184,17,1598,632,141,232,1,-1,-1,-1
184,22,1010,734,546,412,1,-1,-1,-1
184,23,437,531,157,83,1,-1,-1,-1
184,26,1153,526,209,117,1,-1,-1,-1
184,28,1378,917,256,364,1,-1,-1,-1
184,30,163,596,234,84,1,-1,-1,-1
184,32,1562,549,236,91,1,-1,-1,-1
184,33,51,977,604,456,1,-1,-1,-1
184,34,777,819,588,458,1,-1,-1,-1
184,35,158,552,284,148,1,-1,-1,-1
185,0,1392,416,60,212,1,-1,-1,-1
185,2,1145,908,500,364,1,-1,-1,-1
185,4,924,661,281,281,1,-1,-1,-1
185,6,1670,612,280,188,1,-1,-1,-1
185,7,340,553,124,88,1,-1,-1,-1
185,11,608,519,63,63,1,-1,-1,-1
185,12,172,740,496,252,1,-1,-1,-1
185,13,0,528,219,165,1,-1,-1,-1
185,15,1857,591,187,156,1,-1,-1,-1
185,17,1598,632,141,232,1,-1,-1,-1
185,22,1010,734,546,412,1,-1,-1,-1
185,23,437,531,157,83,1,-1,-1,-1
185,26,1153,526,209,117,1,-1,-1,-1
185,28,1378,917,256,364,1,-1,-1,-1
185,30,163,596,234,84,1,-1,-1,-1
185,32,1562,549,236,91,1,-1,-1,-1
185,33,51,977,604,456,1,-1,-1,-1
185,34,777,819,588,458,1,-1,-1,-1
185,35,158,552,284,148,1,-1,-1,-1
185,37,1220,532,108,96,1,-1,-1,-1
186,0,1392,415,60,212,1,-1,-1,-1
186,2,1166,910,500,364,1,-1,-1,-1
186,4,934,663,281,281,1,-1,-1,-1
186,6,1679,611,280,188,1,-1,-1,-1
186,7,343,553,124,88,1,-1,-1,-1
186,11,610,519,63,63,1,-1,-1,-1
186,12,175,741,496,252,1,-1,-1,-1
186,13,0,526,221,165,1,-1,-1,-1
186,15,1864,591,187,156,1,-1,-1,-1
186,17,1601,630,141,232,1,-1,-1,-1
186,22,1023,736,546,412,1,-1,-1,-1
186,23,437,531,157,83,1,-1,-1,-1
186,26,1155,530,199,111,1,-1,-1,-1
186,28,1400,923,256,364,1,-1,-1,-1
186,30,161,594,245,88,1,-1,-1,-1
186,32,1572,552,225,87,1,-1,-1,-1
186,33,48,969,634,471,1,-1,-1,-1
186,34,758,826,617,481,1,-1,-1,-1
186,35,164,552,284,148,1,-1,-1,-1
186,37,1222,532,108,96,1,-1,-1,-1
187,0,1392,415,60,212,1,-1,-1,-1
187,2,1172,914,500,364,1,-1,-1,-1
187,4,941,664,281,281,1,-1,-1,-1
187,6,1691,615,267,179,1,-1,-1,-1
187,7,346,552,124,88,1,-1,-1,-1
187,11,612,518,63,63,1,-1,-1,-1
187,12,180,742,496,252,1,-1,-1,-1
187,13,0,527,224,165,1,-1,-1,-1
187,15,1868,592,187,156,1,-1,-1,-1
187,17,1606,627,141,232,1,-1,-1,-1
187,22,1027,740,546,412,1,-1,-1,-1
187,23,440,531,157,83,1,-1,-1,-1
187,26,1159,532,190,106,1,-1,-1,-1
187,28,1407,928,256,364,1,-1,-1,-1
187,30,161,594,245,88,1,-1,-1,-1
187,32,1572,548,236,91,1,-1,-1,-1
187,33,58,971,634,469,1,-1,-1,-1
187,34,725,827,648,505,1,-1,-1,-1
187,35,165,553,284,148,1,-1,-1,-1
187,37,1225,533,108,96,1,-1,-1,-1
188,0,1393,415,60,212,1,-1,-1,-1
188,2,1181,918,500,364,1,-1,-1,-1
188,4,945,665,281,281,1,-1,-1,-1
188,6,1695,617,267,179,1,-1,-1,-1
188,7,348,552,124,88,1,-1,-1,-1
188,11,614,518,63,63,1,-1,-1,-1
188,12,185,743,496,252,1,-1,-1,-1
188,13,0,527,227,165,1,-1,-1,-1
188,15,1874,593,187,156,1,-1,-1,-1
188,17,1609,624,141,232,1,-1,-1,-1
188,22,1034,748,546,412,1,-1,-1,-1
188,23,443,531,157,83,1,-1,-1,-1
188,26,1162,532,190,106,1,-1,-1,-1
188,28,1416,935,256,364,1,-1,-1,-1
188,30,166,594,245,88,1,-1,-1,-1
188,33,67,972,634,468,1,-1,-1,-1
188,34,731,853,648,505,1,-1,-1,-1
188,35,169,553,284,148,1,-1,-1,-1
188,37,1227,533,108,96,1,-1,-1,-1
189,0,1394,415,60,212,1,-1,-1,-1
189,2,1188,923,500,364,1,-1,-1,-1
189,4,950,667,281,281,1,-1,-1,-1
189,6,1700,616,267,179,1,-1,-1,-1
189,7,351,552,124,88,1,-1,-1,-1
189,11,616,518,63,63,1,-1,-1,-1
189,12,188,744,496,252,1,-1,-1,-1
189,13,0,528,229,165,1,-1,-1,-1
189,15,1875,594,187,156,1,-1,-1,-1
189,17,1611,625,141,232,1,-1,-1,-1
189,22,1046,752,546,412,1,-1,-1,-1
189,23,444,530,157,83,1,-1,-1,-1
189,26,1161,532,190,106,1,-1,-1,-1
189,28,1424,940,256,364,1,-1,-1,-1
189,30,168,594,245,88,1,-1,-1,-1
189,33,71,977,634,463,1,-1,-1,-1
189,35,171,555,284,148,1,-1,-1,-1
189,37,1230,533,108,96,1,-1,-1,-1
190,0,1394,411,63,223,1,-1,-1,-1
190,2,1195,924,500,364,1,-1,-1,-1
190,4,955,671,281,281,1,-1,-1,-1
190,6,1706,618,267,179,1,-1,-1,-1
190,7,353,552,124,88,1,-1,-1,-1
190,11,617,518,63,63,1,-1,-1,-1
190,12,192,745,496,252,1,-1,-1,-1
190,13,0,527,232,165,1,-1,-1,-1
190,15,1880,593,187,156,1,-1,-1,-1
190,17,1616,626,141,232,1,-1,-1,-1
190,22,1048,753,546,412,1,-1,-1,-1
190,23,447,531,157,83,1,-1,-1,-1
190,26,1161,533,190,106,1,-1,-1,-1
190,28,1434,944,256,364,1,-1,-1,-1
190,30,171,595,245,88,1,-1,-1,-1
190,33,76,977,634,463,1,-1,-1,-1
190,35,174,556,284,148,1,-1,-1,-1
190,37,1232,533,108,96,1,-1,-1,-1
191,0,1398,415,60,212,1,-1,-1,-1
191,2,1210,931,500,364,1,-1,-1,-1
191,4,958,671,281,281,1,-1,-1,-1
191,6,1710,619,267,179,1,-1,-1,-1
191,7,357,552,124,88,1,-1,-1,-1
191,11,620,519,63,63,1,-1,-1,-1
191,12,197,748,496,252,1,-1,-1,-1
191,13,0,526,234,165,1,-1,-1,-1
191,15,1884,593,187,156,1,-1,-1,-1
191,17,1621,626,141,232,1,-1,-1,-1
191,22,1058,756,546,412,1,-1,-1,-1
191,23,448,531,157,83,1,-1,-1,-1
191,26,1164,533,190,106,1,-1,-1,-1
191,28,1444,950,256,364,1,-1,-1,-1
191,30,174,595,245,88,1,-1,-1,-1
191,33,87,983,634,457,1,-1,-1,-1
191,35,176,556,284,148,1,-1,-1,-1
191,37,1234,533,108,96,1,-1,-1,-1
192,0,1400,421,57,202,1,-1,-1,-1
192,2,1228,935,500,364,1,-1,-1,-1
192,4,954,664,295,295,1,-1,-1,-1
192,6,1716,618,267,179,1,-1,-1,-1
192,7,359,552,124,88,1,-1,-1,-1
192,11,621,518,63,63,1,-1,-1,-1
192,12,201,749,496,252,1,-1,-1,-1
192,13,0,527,236,165,1,-1,-1,-1
192,15,1888,593,187,156,1,-1,-1,-1
192,17,1629,632,134,221,1,-1,-1,-1
192,22,1065,765,546,412,1,-1,-1,-1
192,23,450,532,157,83,1,-1,-1,-1
192,26,1164,533,190,106,1,-1,-1,-1
192,28,1457,951,256,364,1,-1,-1,-1
192,30,177,595,245,88,1,-1,-1,-1
192,33,94,983,634,457,1,-1,-1,-1
192,35,179,557,284,148,1,-1,-1,-1
192,37,1236,533,108,96,1,-1,-1,-1
193,0,1400,416,52,216,1,-1,-1,-1
193,2,1228,935,500,364,1,-1,-1,-1
193,4,954,664,295,295,1,-1,-1,-1
193,6,1716,618,267,179,1,-1,-1,-1
193,7,359,552,124,88,1,-1,-1,-1
193,11,628,516,60,96,1,-1,-1,-1
193,12,201,749,496,252,1,-1,-1,-1
193,13,0,527,236,165,1,-1,-1,-1
193,15,1888,593,187,156,1,-1,-1,-1
193,17,1629,632,134,221,1,-1,-1,-1
193,22,1065,765,546,412,1,-1,-1,-1
193,23,450,532,157,83,1,-1,-1,-1
193,26,1164,533,190,106,1,-1,-1,-1
193,28,1457,951,256,364,1,-1,-1,-1
193,30,177,595,245,88,1,-1,-1,-1
193,33,94,983,634,457,1,-1,-1,-1
193,35,179,557,284,148,1,-1,-1,-1
193,37,1236,533,108,96,1,-1,-1,-1
194,0,1400,416,52,216,1,-1,-1,-1
194,2,1251,936,500,364,1,-1,-1,-1
194,4,964,666,295,295,1,-1,-1,-1
194,6,1725,617,267,179,1,-1,-1,-1
194,7,363,551,124,88,1,-1,-1,-1
194,11,629,516,60,96,1,-1,-1,-1
194,12,209,751,496,252,1,-1,-1,-1
194,13,0,529,242,165,1,-1,-1,-1
194,15,1900,593,187,156,1,-1,-1,-1
194,17,1635,626,134,221,1,-1,-1,-1
194,22,1080,768,546,412,1,-1,-1,-1
194,23,454,532,157,83,1,-1,-1,-1
194,26,1168,534,190,106,1,-1,-1,-1
194,28,1482,960,256,364,1,-1,-1,-1
194,30,181,595,245,88,1,-1,-1,-1
194,33,107,984,634,456,1,-1,-1,-1
194,35,182,557,284,148,1,-1,-1,-1
194,37,1240,533,108,96,1,-1,-1,-1
195,0,1401,416,52,216,1,-1,-1,-1
195,2,1265,938,500,364,1,-1,-1,-1
195,4,970,666,295,295,1,-1,-1,-1
195,6,1730,617,267,179,1,-1,-1,-1
195,7,366,551,124,88,1,-1,-1,-1
195,11,631,516,60,96,1,-1,-1,-1
195,12,214,752,496,252,1,-1,-1,-1
195,13,0,526,245,165,1,-1,-1,-1
195,15,1902,591,187,156,1,-1,-1,-1
195,17,1636,621,134,221,1,-1,-1,-1
195,22,1095,771,546,412,1,-1,-1,-1
195,23,452,530,165,88,1,-1,-1,-1
195,26,1175,535,190,106,1,-1,-1,-1
195,28,1497,963,256,364,1,-1,-1,-1
195,30,183,595,245,88,1,-1,-1,-1
195,33,111,986,634,454,1,-1,-1,-1
195,35,185,557,284,148,1,-1,-1,-1
195,37,1243,532,108,96,1,-1,-1,-1
196,0,1401,416,52,216,1,-1,-1,-1
196,4,979,664,295,295,1,-1,-1,-1
196,6,1735,618,267,179,1,-1,-1,-1
196,7,368,550,124,88,1,-1,-1,-1
196,11,634,515,60,96,1,-1,-1,-1
196,12,218,751,496,252,1,-1,-1,-1
196,13,0,526,247,165,1,-1,-1,-1
196,15,1911,590,187,156,1,-1,-1,-1
196,17,1637,618,134,221,1,-1,-1,-1
196,22,1097,771,573,432,1,-1,-1,-1
196,23,454,530,165,88,1,-1,-1,-1
196,26,1175,533,190,106,1,-1,-1,-1
196,28,1512,966,256,364,1,-1,-1,-1
196,30,184,595,245,88,1,-1,-1,-1
196,33,118,982,634,458,1,-1,-1,-1
196,35,186,555,284,148,1,-1,-1,-1
196,37,1245,531,108,96,1,-1,-1,-1
197,0,1403,418,52,216,1,-1,-1,-1
197,4,985,665,295,295,1,-1,-1,-1
197,6,1748,623,254,171,1,-1,-1,-1
197,7,370,550,124,88,1,-1,-1,-1
197,11,636,515,60,96,1,-1,-1,-1
197,12,223,752,496,252,1,-1,-1,-1
197,13,0,525,249,165,1,-1,-1,-1
197,17,1637,616,134,221,1,-1,-1,-1
197,23,456,529,165,88,1,-1,-1,-1
197,26,1177,532,190,106,1,-1,-1,-1
197,28,1529,968,256,364,1,-1,-1,-1
197,30,187,595,245,88,1,-1,-1,-1
197,33,129,987,634,453,1,-1,-1,-1
197,35,187,554,284,148,1,-1,-1,-1
197,37,1248,531,108,96,1,-1,-1,-1
198,0,1405,417,52,216,1,-1,-1,-1
198,4,990,665,295,295,1,-1,-1,-1
198,6,1757,623,254,171,1,-1,-1,-1
198,7,372,549,124,88,1,-1,-1,-1
198,11,637,515,60,96,1,-1,-1,-1
198,12,228,751,496,252,1,-1,-1,-1
198,13,0,527,252,165,1,-1,-1,-1
198,17,1637,614,134,221,1,-1,-1,-1
198,23,458,528,165,88,1,-1,-1,-1
198,26,1180,532,190,106,1,-1,-1,-1
198,28,1552,978,256,364,1,-1,-1,-1
198,30,189,594,245,88,1,-1,-1,-1
198,33,140,981,634,459,1,-1,-1,-1
198,35,190,554,284,148,1,-1,-1,-1
198,37,1251,530,108,96,1,-1,-1,-1
199,0,1407,414,52,216,1,-1,-1,-1
199,4,997,664,295,295,1,-1,-1,-1
199,6,1761,624,254,171,1,-1,-1,-1
199,7,376,547,124,88,1,-1,-1,-1
199,11,640,513,60,96,1,-1,-1,-1
199,12,234,751,496,252,1,-1,-1,-1
199,13,3,525,254,165,1,-1,-1,-1
199,17,1637,611,134,221,1,-1,-1,-1
199,23,460,526,165,88,1,-1,-1,-1
199,26,1184,531,190,106,1,-1,-1,-1
199,28,1572,978,256,364,1,-1,-1,-1
199,30,191,592,245,88,1,-1,-1,-1
199,33,148,981,634,459,1,-1,-1,-1
199,35,192,553,284,148,1,-1,-1,-1
199,37,1253,529,108,96,1,-1,-1,-1
200,0,1409,413,52,216,1,-1,-1,-1
200,4,1004,662,295,295,1,-1,-1,-1
200,6,1765,623,254,171,1,-1,-1,-1
200,7,380,547,124,88,1,-1,-1,-1
200,11,643,513,60,96,1,-1,-1,-1
200,12,239,750,496,252,1,-1,-1,-1
200,13,9,523,254,165,1,-1,-1,-1
200,17,1639,609,134,221,1,-1,-1,-1
200,23,460,524,174,92,1,-1,-1,-1
200,26,1188,530,190,106,1,-1,-1,-1
200,28,1589,984,244,347,1,-1,-1,-1
200,30,195,591,245,88,1,-1,-1,-1
200,33,166,989,604,451,1,-1,-1,-1
200,35,196,552,284,148,1,-1,-1,-1
200,37,1256,528,108,96,1,-1,-1,-1
201,0,1409,413,52,216,1,-1,-1,-1
201,4,1004,662,295,295,1,-1,-1,-1
201,6,1765,623,254,171,1,-1,-1,-1
201,7,380,547,124,88,1,-1,-1,-1
201,11,643,513,60,96,1,-1,-1,-1
201,12,239,750,496,252,1,-1,-1,-1
201,13,9,523,254,165,1,-1,-1,-1
201,17,1639,609,134,221,1,-1,-1,-1
201,23,460,524,174,92,1,-1,-1,-1
201,26,1188,524,180,100,1,-1,-1,-1
201,28,1589,984,244,347,1,-1,-1,-1
201,30,195,591,245,88,1,-1,-1,-1
201,33,166,989,604,451,1,-1,-1,-1
201,35,196,552,284,148,1,-1,-1,-1
201,37,1256,528,108,96,1,-1,-1,-1
201,38,476,888,868,540,1,-1,-1,-1
202,4,1015,664,295,295,1,-1,-1,-1
202,6,1780,622,254,171,1,-1,-1,-1
202,7,388,545,124,88,1,-1,-1,-1
202,11,649,511,60,96,1,-1,-1,-1
202,12,249,750,496,252,1,-1,-1,-1
202,13,17,519,254,165,1,-1,-1,-1
202,17,1640,606,134,221,1,-1,-1,-1
202,23,465,522,174,92,1,-1,-1,-1
202,26,1190,525,180,100,1,-1,-1,-1
202,30,202,590,245,88,1,-1,-1,-1
202,33,174,986,604,454,1,-1,-1,-1
202,35,209,554,270,141,1,-1,-1,-1
202,37,1259,524,113,101,1,-1,-1,-1
202,38,483,888,868,540,1,-1,-1,-1
203,4,1021,662,295,295,1,-1,-1,-1
203,6,1782,622,254,171,1,-1,-1,-1
203,7,388,541,130,92,1,-1,-1,-1
203,11,652,510,60,96,1,-1,-1,-1
203,12,248,741,521,265,1,-1,-1,-1
203,13,22,520,254,165,1,-1,-1,-1
203,23,470,520,174,92,1,-1,-1,-1
203,26,1193,524,180,100,1,-1,-1,-1
203,30,206,588,245,88,1,-1,-1,-1
203,33,203,990,575,434,1,-1,-1,-1
203,35,213,552,270,141,1,-1,-1,-1
203,37,1262,523,113,101,1,-1,-1,-1
203,38,491,888,868,540,1,-1,-1,-1
204,4,1028,661,295,295,1,-1,-1,-1
204,6,1794,629,242,162,1,-1,-1,-1
204,7,393,539,130,92,1,-1,-1,-1
204,11,654,506,63,101,1,-1,-1,-1
204,12,253,740,521,265,1,-1,-1,-1
204,13,28,516,254,165,1,-1,-1,-1
204,23,473,518,174,92,1,-1,-1,-1
204,26,1198,523,180,100,1,-1,-1,-1
204,30,210,586,245,88,1,-1,-1,-1
204,33,210,984,575,434,1,-1,-1,-1
204,35,217,550,270,141,1,-1,-1,-1
204,37,1266,523,113,101,1,-1,-1,-1
204,38,494,890,868,540,1,-1,-1,-1
205,4,1037,661,295,295,1,-1,-1,-1
205,6,1801,627,242,162,1,-1,-1,-1
205,7,397,538,130,92,1,-1,-1,-1
205,11,657,505,63,101,1,-1,-1,-1
205,12,262,739,521,265,1,-1,-1,-1
205,13,33,515,254,165,1,-1,-1,-1
205,23,477,517,174,92,1,-1,-1,-1
205,26,1196,519,189,105,1,-1,-1,-1
205,30,216,584,245,88,1,-1,-1,-1
205,33,211,985,575,434,1,-1,-1,-1
205,35,223,550,270,141,1,-1,-1,-1
205,37,1269,521,113,101,1,-1,-1,-1
205,38,500,890,868,540,1,-1,-1,-1
206,4,1044,659,295,295,1,-1,-1,-1
206,6,1803,627,242,162,1,-1,-1,-1
206,7,402,537,130,92,1,-1,-1,-1
206,11,660,503,63,101,1,-1,-1,-1
206,12,268,736,521,265,1,-1,-1,-1
206,13,39,513,254,165,1,-1,-1,-1
206,23,483,515,174,92,1,-1,-1,-1
206,26,1200,519,189,105,1,-1,-1,-1
206,30,221,582,245,88,1,-1,-1,-1
206,33,217,980,575,434,1,-1,-1,-1
206,35,228,549,270,141,1,-1,-1,-1
206,37,1272,521,113,101,1,-1,-1,-1
206,38,495,893,868,540,1,-1,-1,-1
207,4,1047,660,295,295,1,-1,-1,-1
207,6,1814,627,242,162,1,-1,-1,-1
207,7,407,536,130,92,1,-1,-1,-1
207,11,664,502,63,101,1,-1,-1,-1
207,12,273,736,521,265,1,-1,-1,-1
207,13,45,512,254,165,1,-1,-1,-1
207,23,485,513,174,92,1,-1,-1,-1
207,26,1203,518,189,105,1,-1,-1,-1
207,30,226,581,245,88,1,-1,-1,-1
207,33,212,982,575,434,1,-1,-1,-1
207,35,232,548,270,141,1,-1,-1,-1
207,37,1276,520,113,101,1,-1,-1,-1
207,38,499,896,868,540,1,-1,-1,-1
208,4,1055,658,295,295,1,-1,-1,-1
208,6,1814,628,242,162,1,-1,-1,-1
208,7,412,535,130,92,1,-1,-1,-1
208,11,668,502,63,101,1,-1,-1,-1
208,12,282,735,521,265,1,-1,-1,-1
208,13,50,510,254,165,1,-1,-1,-1
208,23,489,513,174,92,1,-1,-1,-1
208,26,1206,519,189,105,1,-1,-1,-1
208,30,231,581,245,88,1,-1,-1,-1
208,33,216,978,575,434,1,-1,-1,-1
208,35,237,547,270,141,1,-1,-1,-1
208,37,1279,519,113,101,1,-1,-1,-1
208,38,489,877,911,563,1,-1,-1,-1
209,4,1055,658,295,295,1,-1,-1,-1
209,6,1814,628,242,162,1,-1,-1,-1
209,7,412,535,130,92,1,-1,-1,-1
209,11,668,502,63,101,1,-1,-1,-1
209,12,282,735,521,265,1,-1,-1,-1
209,13,50,510,254,165,1,-1,-1,-1
209,23,489,513,174,92,1,-1,-1,-1
209,26,1206,519,189,105,1,-1,-1,-1
209,30,231,581,245,88,1,-1,-1,-1
209,33,216,978,575,434,1,-1,-1,-1
209,35,237,547,270,141,1,-1,-1,-1
209,37,1279,519,113,101,1,-1,-1,-1
209,38,489,877,911,563,1,-1,-1,-1
209,39,1420,404,44,204,1,-1,-1,-1
210,4,1069,656,295,295,1,-1,-1,-1
210,6,1813,624,254,171,1,-1,-1,-1
210,7,423,533,130,92,1,-1,-1,-1
210,11,677,501,63,101,1,-1,-1,-1
210,12,300,731,521,265,1,-1,-1,-1
210,13,64,510,254,165,1,-1,-1,-1
210,23,496,511,174,92,1,-1,-1,-1
210,26,1214,517,189,105,1,-1,-1,-1
210,30,243,579,245,88,1,-1,-1,-1
210,33,228,972,575,434,1,-1,-1,-1
210,35,259,548,270,141,1,-1,-1,-1
210,37,1288,519,113,101,1,-1,-1,-1
210,38,481,867,957,573,1,-1,-1,-1
210,39,1421,403,44,204,1,-1,-1,-1
211,4,1076,655,295,295,1,-1,-1,-1
211,6,1832,628,242,162,1,-1,-1,-1
211,7,426,532,130,92,1,-1,-1,-1
211,11,678,501,63,101,1,-1,-1,-1
211,12,305,731,521,265,1,-1,-1,-1
211,13,67,507,254,165,1,-1,-1,-1
211,23,499,511,174,92,1,-1,-1,-1
211,26,1217,516,189,105,1,-1,-1,-1
211,30,245,578,245,88,1,-1,-1,-1
211,33,237,973,575,434,1,-1,-1,-1
211,35,257,544,270,141,1,-1,-1,-1
211,37,1292,518,113,101,1,-1,-1,-1
211,38,481,863,957,577,1,-1,-1,-1
211,39,1423,403,44,204,1,-1,-1,-1
212,4,1084,655,295,295,1,-1,-1,-1
212,6,1834,628,242,162,1,-1,-1,-1
212,7,431,531,130,92,1,-1,-1,-1
212,11,683,499,63,101,1,-1,-1,-1
212,12,317,728,521,265,1,-1,-1,-1
212,13,73,506,254,165,1,-1,-1,-1
212,23,503,510,174,92,1,-1,-1,-1
212,26,1221,516,189,105,1,-1,-1,-1
212,30,250,577,245,88,1,-1,-1,-1
212,33,234,969,575,434,1,-1,-1,-1
212,35,259,543,270,141,1,-1,-1,-1
212,37,1296,518,113,101,1,-1,-1,-1
212,38,492,858,957,582,1,-1,-1,-1
212,39,1425,403,44,204,1,-1,-1,-1
213,4,1091,654,295,295,1,-1,-1,-1
213,7,436,530,130,92,1,-1,-1,-1
213,11,686,498,63,101,1,-1,-1,-1
213,12,325,729,521,265,1,-1,-1,-1
213,13,79,504,254,165,1,-1,-1,-1
213,23,505,509,174,92,1,-1,-1,-1
213,26,1226,515,189,105,1,-1,-1,-1
213,30,261,578,234,84,1,-1,-1,-1
213,33,250,964,575,434,1,-1,-1,-1
213,35,265,542,270,141,1,-1,-1,-1
213,37,1300,517,113,101,1,-1,-1,-1
213,38,511,863,957,577,1,-1,-1,-1
213,39,1427,402,44,204,1,-1,-1,-1
214,4,1099,654,295,295,1,-1,-1,-1
214,7,442,530,130,92,1,-1,-1,-1
214,11,691,498,63,101,1,-1,-1,-1
214,12,334,727,521,265,1,-1,-1,-1
214,13,86,504,254,165,1,-1,-1,-1
214,23,509,508,174,92,1,-1,-1,-1
214,26,1230,516,189,105,1,-1,-1,-1
214,30,266,577,234,84,1,-1,-1,-1
214,33,254,960,575,434,1,-1,-1,-1
214,35,274,544,258,134,1,-1,-1,-1
214,37,1304,517,113,101,1,-1,-1,-1
214,38,527,862,957,578,1,-1,-1,-1
214,39,1430,401,44,204,1,-1,-1,-1
215,4,1107,654,295,295,1,-1,-1,-1
215,7,446,530,130,92,1,-1,-1,-1
215,11,693,498,63,101,1,-1,-1,-1
215,12,342,725,521,265,1,-1,-1,-1
215,13,91,504,254,165,1,-1,-1,-1
215,23,513,507,174,92,1,-1,-1,-1
215,26,1235,517,189,105,1,-1,-1,-1
215,30,271,577,234,84,1,-1,-1,-1
215,33,262,961,575,434,1,-1,-1,-1
215,35,279,543,258,134,1,-1,-1,-1
215,37,1310,518,113,101,1,-1,-1,-1
215,38,543,862,957,578,1,-1,-1,-1
215,39,1433,405,42,194,1,-1,-1,-1
216,4,1113,654,295,295,1,-1,-1,-1
216,7,450,530,130,92,1,-1,-1,-1
216,11,699,498,63,101,1,-1,-1,-1
216,12,353,727,521,265,1,-1,-1,-1
216,13,96,503,254,165,1,-1,-1,-1
216,23,518,506,174,92,1,-1,-1,-1
216,26,1237,517,189,105,1,-1,-1,-1
216,30,276,576,234,84,1,-1,-1,-1
216,33,269,957,575,434,1,-1,-1,-1
216,35,284,543,258,134,1,-1,-1,-1
216,37,1313,517,113,101,1,-1,-1,-1
216,38,553,863,957,577,1,-1,-1,-1
216,39,1437,403,42,194,1,-1,-1,-1
217,4,1020,664,396,256,1,-1,-1,-1
217,7,450,530,130,92,1,-1,-1,-1
217,11,699,498,63,101,1,-1,-1,-1
217,12,400,728,464,248,1,-1,-1,-1
217,13,96,503,254,165,1,-1,-1,-1
217,23,518,506,174,92,1,-1,-1,-1
217,26,1237,517,189,105,1,-1,-1,-1
217,30,276,576,234,84,1,-1,-1,-1
217,33,269,957,575,434,1,-1,-1,-1
217,35,284,543,258,134,1,-1,-1,-1
217,37,1313,517,113,101,1,-1,-1,-1
217,38,553,863,957,577,1,-1,-1,-1
217,39,1436,400,56,212,1,-1,-1,-1
218,4,1027,665,396,256,1,-1,-1,-1
218,7,461,529,130,92,1,-1,-1,-1
218,11,706,497,63,101,1,-1,-1,-1
218,12,403,729,464,248,1,-1,-1,-1
218,13,108,502,254,165,1,-1,-1,-1
218,23,525,505,174,92,1,-1,-1,-1
218,26,1252,518,180,100,1,-1,-1,-1
218,30,289,576,234,84,1,-1,-1,-1
218,33,288,955,575,434,1,-1,-1,-1
218,35,294,542,258,134,1,-1,-1,-1
218,37,1319,516,113,101,1,-1,-1,-1
218,38,546,840,1005,600,1,-1,-1,-1
218,39,1436,401,56,212,1,-1,-1,-1
219,4,1033,665,396,256,1,-1,-1,-1
219,7,464,528,130,92,1,-1,-1,-1
219,11,709,497,63,101,1,-1,-1,-1
219,12,413,729,464,248,1,-1,-1,-1
219,13,113,501,254,165,1,-1,-1,-1
219,23,530,504,174,92,1,-1,-1,-1
219,26,1250,515,189,105,1,-1,-1,-1
219,30,292,576,234,84,1,-1,-1,-1
219,33,294,952,575,434,1,-1,-1,-1
219,35,300,542,258,134,1,-1,-1,-1
219,37,1322,516,113,101,1,-1,-1,-1
219,38,559,842,1005,598,1,-1,-1,-1
219,39,1438,400,56,212,1,-1,-1,-1
220,4,1040,664,396,256,1,-1,-1,-1
220,7,467,527,130,92,1,-1,-1,-1
220,11,712,495,63,101,1,-1,-1,-1
220,12,421,727,464,248,1,-1,-1,-1
220,13,118,500,254,165,1,-1,-1,-1
220,23,534,504,174,92,1,-1,-1,-1
220,26,1252,515,189,105,1,-1,-1,-1
220,30,295,576,234,84,1,-1,-1,-1
220,33,304,948,575,434,1,-1,-1,-1
220,35,304,541,258,134,1,-1,-1,-1
220,37,1325,515,113,101,1,-1,-1,-1
220,38,572,840,1005,600,1,-1,-1,-1
220,39,1440,400,56,212,1,-1,-1,-1
221,4,1046,664,396,256,1,-1,-1,-1
221,7,471,526,130,92,1,-1,-1,-1
221,11,715,494,63,101,1,-1,-1,-1
221,12,428,726,464,248,1,-1,-1,-1
221,13,122,500,254,165,1,-1,-1,-1
221,23,535,503,174,92,1,-1,-1,-1
221,26,1255,515,189,105,1,-1,-1,-1
221,30,297,575,234,84,1,-1,-1,-1
221,33,307,947,575,434,1,-1,-1,-1
221,35,307,540,258,134,1,-1,-1,-1
221,37,1328,514,113,101,1,-1,-1,-1
221,38,571,838,1005,602,1,-1,-1,-1
221,39,1442,400,56,212,1,-1,-1,-1
222,4,1055,662,396,256,1,-1,-1,-1
222,7,474,525,130,92,1,-1,-1,-1
222,11,717,493,63,101,1,-1,-1,-1
222,12,436,725,464,248,1,-1,-1,-1
222,13,126,497,254,165,1,-1,-1,-1
222,23,540,501,174,92,1,-1,-1,-1
222,26,1258,514,189,105,1,-1,-1,-1
222,30,301,574,234,84,1,-1,-1,-1
222,33,313,945,575,434,1,-1,-1,-1
222,35,311,540,258,134,1,-1,-1,-1
222,37,1330,512,113,101,1,-1,-1,-1
222,38,568,837,1005,603,1,-1,-1,-1
222,39,1442,392,59,223,1,-1,-1,-1
223,4,1063,662,396,256,1,-1,-1,-1
223,7,479,524,130,92,1,-1,-1,-1
223,11,721,492,63,101,1,-1,-1,-1
223,12,441,724,464,248,1,-1,-1,-1
223,13,131,496,254,165,1,-1,-1,-1
223,23,542,500,174,92,1,-1,-1,-1
223,26,1262,512,189,105,1,-1,-1,-1
223,30,306,573,234,84,1,-1,-1,-1
223,33,315,941,575,434,1,-1,-1,-1
223,35,315,538,258,134,1,-1,-1,-1
223,37,1333,512,113,101,1,-1,-1,-1
223,38,571,843,1005,597,1,-1,-1,-1
223,39,1445,392,59,223,1,-1,-1,-1
224,4,1069,662,396,256,1,-1,-1,-1
224,7,482,524,130,92,1,-1,-1,-1
224,11,724,491,63,101,1,-1,-1,-1
224,12,449,722,464,248,1,-1,-1,-1
224,13,136,496,254,165,1,-1,-1,-1
224,23,543,499,174,92,1,-1,-1,-1
224,26,1264,510,189,105,1,-1,-1,-1
224,30,311,572,234,84,1,-1,-1,-1
224,33,321,939,575,434,1,-1,-1,-1
224,35,318,537,258,134,1,-1,-1,-1
224,37,1336,510,113,101,1,-1,-1,-1
224,38,591,845,1005,595,1,-1,-1,-1
224,39,1447,391,59,223,1,-1,-1,-1
225,4,1060,656,408,260,1,-1,-1,-1
225,7,482,524,130,92,1,-1,-1,-1
225,11,724,491,63,101,1,-1,-1,-1
225,12,456,716,452,256,1,-1,-1,-1
225,13,136,496,254,165,1,-1,-1,-1
225,23,543,499,174,92,1,-1,-1,-1
225,26,1264,510,189,105,1,-1,-1,-1
225,30,311,572,234,84,1,-1,-1,-1
225,33,180,916,696,412,1,-1,-1,-1
225,35,318,537,258,134,1,-1,-1,-1
225,37,1336,510,113,101,1,-1,-1,-1
225,38,591,845,1005,595,1,-1,-1,-1
225,39,1460,392,44,204,1,-1,-1,-1
226,4,1063,655,408,260,1,-1,-1,-1
226,7,492,522,130,92,1,-1,-1,-1
226,11,729,488,63,101,1,-1,-1,-1
226,12,459,714,452,256,1,-1,-1,-1
226,13,145,493,254,165,1,-1,-1,-1
226,23,551,496,174,92,1,-1,-1,-1
226,26,1271,507,189,105,1,-1,-1,-1
226,30,317,569,234,84,1,-1,-1,-1
226,33,183,914,696,412,1,-1,-1,-1
226,35,325,536,258,134,1,-1,-1,-1
226,37,1342,506,113,101,1,-1,-1,-1
226,38,583,835,1005,605,1,-1,-1,-1
226,39,1461,392,44,204,1,-1,-1,-1
227,4,1068,654,408,260,1,-1,-1,-1
227,7,494,519,130,92,1,-1,-1,-1
227,11,733,487,63,101,1,-1,-1,-1
227,12,464,713,452,256,1,-1,-1,-1
227,13,147,491,254,165,1,-1,-1,-1
227,23,554,494,174,92,1,-1,-1,-1
227,26,1274,506,189,105,1,-1,-1,-1
227,30,321,567,234,84,1,-1,-1,-1
227,33,188,911,696,412,1,-1,-1,-1
227,35,328,535,258,134,1,-1,-1,-1
227,37,1344,506,113,101,1,-1,-1,-1
227,38,598,827,1005,613,1,-1,-1,-1
227,39,1461,392,44,204,1,-1,-1,-1
228,4,1073,653,408,260,1,-1,-1,-1
228,7,496,517,130,92,1,-1,-1,-1
228,11,735,484,63,101,1,-1,-1,-1
228,12,469,710,452,256,1,-1,-1,-1
228,13,150,488,254,165,1,-1,-1,-1
228,23,554,492,174,92,1,-1,-1,-1
228,26,1276,504,189,105,1,-1,-1,-1
228,30,324,565,234,84,1,-1,-1,-1
228,33,196,907,696,412,1,-1,-1,-1
228,35,333,531,258,134,1,-1,-1,-1
228,37,1347,504,113,101,1,-1,-1,-1
228,38,597,823,1005,617,1,-1,-1,-1
228,39,1463,390,44,204,1,-1,-1,-1
229,4,1079,651,408,260,1,-1,-1,-1
229,7,499,515,130,92,1,-1,-1,-1
229,11,737,482,63,101,1,-1,-1,-1
229,12,476,707,452,256,1,-1,-1,-1
229,13,153,484,254,165,1,-1,-1,-1
229,23,555,489,174,92,1,-1,-1,-1
229,26,1278,504,189,105,1,-1,-1,-1
229,30,327,563,234,84,1,-1,-1,-1
229,33,197,903,696,412,1,-1,-1,-1
229,35,335,529,258,134,1,-1,-1,-1
229,37,1350,504,113,101,1,-1,-1,-1
229,39,1464,389,44,204,1,-1,-1,-1
230,4,1083,648,408,260,1,-1,-1,-1
230,7,501,513,130,92,1,-1,-1,-1
230,11,740,481,63,101,1,-1,-1,-1
230,12,482,705,452,256,1,-1,-1,-1
230,13,156,482,254,165,1,-1,-1,-1
230,23,559,488,174,92,1,-1,-1,-1
230,26,1279,502,189,105,1,-1,-1,-1
230,30,334,563,223,80,1,-1,-1,-1
230,33,202,898,696,412,1,-1,-1,-1
230,35,338,527,258,134,1,-1,-1,-1
230,37,1352,502,113,101,1,-1,-1,-1
230,39,1465,388,44,204,1,-1,-1,-1
231,4,1085,647,408,260,1,-1,-1,-1
231,7,505,511,130,92,1,-1,-1,-1
231,11,742,479,63,101,1,-1,-1,-1
231,12,486,702,452,256,1,-1,-1,-1
231,13,159,480,254,165,1,-1,-1,-1
231,23,563,486,174,92,1,-1,-1,-1
231,26,1282,501,189,105,1,-1,-1,-1
231,30,337,561,223,80,1,-1,-1,-1
231,33,211,892,696,412,1,-1,-1,-1
231,35,341,525,258,134,1,-1,-1,-1
231,37,1354,501,113,101,1,-1,-1,-1
231,39,1467,388,44,204,1,-1,-1,-1
232,4,1088,648,408,260,1,-1,-1,-1
232,7,507,510,130,92,1,-1,-1,-1
232,11,744,477,63,101,1,-1,-1,-1
232,12,488,701,452,256,1,-1,-1,-1
232,13,162,478,254,165,1,-1,-1,-1
232,23,565,485,174,92,1,-1,-1,-1
232,26,1283,500,189,105,1,-1,-1,-1
232,30,338,559,223,80,1,-1,-1,-1
232,33,210,891,696,412,1,-1,-1,-1
232,35,343,522,258,134,1,-1,-1,-1
232,37,1355,500,113,101,1,-1,-1,-1
232,39,1468,380,46,214,1,-1,-1,-1
233,4,1108,648,400,264,1,-1,-1,-1
233,7,507,510,130,92,1,-1,-1,-1
233,11,744,477,63,101,1,-1,-1,-1
233,12,488,701,452,256,1,-1,-1,-1
233,13,162,478,254,165,1,-1,-1,-1
233,23,565,485,174,92,1,-1,-1,-1
233,26,1283,500,189,105,1,-1,-1,-1
233,30,338,559,223,80,1,-1,-1,-1
233,33,296,888,608,424,1,-1,-1,-1
233,35,343,522,258,134,1,-1,-1,-1
233,37,1355,500,113,101,1,-1,-1,-1
233,39,1472,384,52,212,1,-1,-1,-1
234,4,1111,649,400,264,1,-1,-1,-1
234,7,512,508,130,92,1,-1,-1,-1
234,11,747,474,66,106,1,-1,-1,-1
234,12,494,699,452,256,1,-1,-1,-1
234,13,167,475,254,165,1,-1,-1,-1
234,23,565,481,182,96,1,-1,-1,-1
234,26,1289,500,189,105,1,-1,-1,-1
234,30,343,556,223,80,1,-1,-1,-1
234,33,294,887,608,424,1,-1,-1,-1
234,35,346,520,258,134,1,-1,-1,-1
234,37,1360,500,113,101,1,-1,-1,-1
234,39,1471,379,55,223,1,-1,-1,-1
235,4,1124,656,381,251,1,-1,-1,-1
235,7,515,506,130,92,1,-1,-1,-1
235,11,749,474,66,106,1,-1,-1,-1
235,12,498,697,452,256,1,-1,-1,-1
235,13,170,473,254,165,1,-1,-1,-1
235,23,568,480,182,96,1,-1,-1,-1
235,26,1289,499,189,105,1,-1,-1,-1
235,30,346,554,223,80,1,-1,-1,-1
235,33,292,887,608,424,1,-1,-1,-1
235,35,350,519,258,134,1,-1,-1,-1
235,37,1363,500,113,101,1,-1,-1,-1
235,39,1472,377,55,223,1,-1,-1,-1
236,4,1129,656,381,251,1,-1,-1,-1
236,7,518,506,130,92,1,-1,-1,-1
236,11,751,473,66,106,1,-1,-1,-1
236,12,500,698,452,256,1,-1,-1,-1
236,13,172,472,254,165,1,-1,-1,-1
236,23,571,478,182,96,1,-1,-1,-1
236,26,1293,499,189,105,1,-1,-1,-1
236,30,348,553,223,80,1,-1,-1,-1
236,33,291,886,608,424,1,-1,-1,-1
236,35,352,518,258,134,1,-1,-1,-1
236,37,1366,500,113,101,1,-1,-1,-1
236,39,1473,377,55,223,1,-1,-1,-1
237,4,1132,656,381,251,1,-1,-1,-1
237,7,520,505,130,92,1,-1,-1,-1
237,11,753,472,66,106,1,-1,-1,-1
237,12,503,698,452,256,1,-1,-1,-1
237,13,175,471,254,165,1,-1,-1,-1
237,23,572,477,182,96,1,-1,-1,-1
237,26,1295,499,189,105,1,-1,-1,-1
237,30,351,551,223,80,1,-1,-1,-1
237,33,291,888,608,424,1,-1,-1,-1
237,35,357,517,258,134,1,-1,-1,-1
237,37,1369,498,113,101,1,-1,-1,-1
237,39,1474,377,55,223,1,-1,-1,-1
238,4,1136,657,381,251,1,-1,-1,-1
238,7,522,504,130,92,1,-1,-1,-1
238,11,755,471,66,106,1,-1,-1,-1
238,12,507,699,452,256,1,-1,-1,-1
238,13,178,469,254,165,1,-1,-1,-1
238,23,574,476,182,96,1,-1,-1,-1
238,26,1299,498,189,105,1,-1,-1,-1
238,30,354,551,223,80,1,-1,-1,-1
238,33,292,892,608,424,1,-1,-1,-1
238,35,358,515,258,134,1,-1,-1,-1
238,37,1372,498,113,101,1,-1,-1,-1
238,39,1477,377,55,223,1,-1,-1,-1
239,4,1128,651,400,264,1,-1,-1,-1
239,7,523,503,130,92,1,-1,-1,-1
239,11,757,470,66,106,1,-1,-1,-1
239,12,509,699,452,256,1,-1,-1,-1
239,13,181,469,254,165,1,-1,-1,-1
239,23,574,476,182,96,1,-1,-1,-1
239,26,1300,497,189,105,1,-1,-1,-1
239,30,356,550,223,80,1,-1,-1,-1
239,33,297,896,608,424,1,-1,-1,-1
239,35,359,514,258,134,1,-1,-1,-1
239,37,1374,498,113,101,1,-1,-1,-1
239,39,1479,376,55,223,1,-1,-1,-1
240,4,1131,652,400,264,1,-1,-1,-1
240,7,525,502,130,92,1,-1,-1,-1
240,11,759,469,66,106,1,-1,-1,-1
240,12,511,699,452,256,1,-1,-1,-1
240,13,183,468,254,165,1,-1,-1,-1
240,23,575,475,182,96,1,-1,-1,-1
240,26,1305,496,189,105,1,-1,-1,-1
240,30,358,549,223,80,1,-1,-1,-1
240,33,295,898,608,424,1,-1,-1,-1
240,35,361,513,258,134,1,-1,-1,-1
240,37,1376,498,113,101,1,-1,-1,-1
240,39,1481,376,55,223,1,-1,-1,-1
241,4,1096,652,444,260,1,-1,-1,-1
241,7,525,502,130,92,1,-1,-1,-1
241,11,759,469,66,106,1,-1,-1,-1
241,12,520,704,448,256,1,-1,-1,-1
241,13,183,468,254,165,1,-1,-1,-1
241,23,575,475,182,96,1,-1,-1,-1
241,26,1305,496,189,105,1,-1,-1,-1
241,30,358,549,223,80,1,-1,-1,-1
241,33,295,898,608,424,1,-1,-1,-1
241,35,361,513,258,134,1,-1,-1,-1
241,37,1376,498,113,101,1,-1,-1,-1
241,39,1476,380,72,216,1,-1,-1,-1
242,4,1098,653,444,260,1,-1,-1,-1
242,7,527,502,130,92,1,-1,-1,-1
242,11,762,468,66,106,1,-1,-1,-1
242,12,522,704,448,256,1,-1,-1,-1
242,13,186,468,254,165,1,-1,-1,-1
242,23,580,474,182,96,1,-1,-1,-1
242,26,1308,497,189,105,1,-1,-1,-1
242,30,362,548,223,80,1,-1,-1,-1
242,33,296,901,608,424,1,-1,-1,-1
242,35,365,513,258,134,1,-1,-1,-1
242,37,1379,499,113,101,1,-1,-1,-1
242,39,1477,380,72,216,1,-1,-1,-1
243,4,1099,654,444,260,1,-1,-1,-1
243,7,529,501,130,92,1,-1,-1,-1
243,11,764,469,66,106,1,-1,-1,-1
243,12,522,706,448,256,1,-1,-1,-1
243,13,187,466,254,165,1,-1,-1,-1
243,23,583,474,182,96,1,-1,-1,-1
243,26,1309,496,189,105,1,-1,-1,-1
243,30,363,548,223,80,1,-1,-1,-1
243,33,298,902,608,424,1,-1,-1,-1
243,35,366,513,258,134,1,-1,-1,-1
243,37,1381,498,113,101,1,-1,-1,-1
243,39,1479,380,72,216,1,-1,-1,-1
244,4,1102,655,444,260,1,-1,-1,-1
244,7,529,501,130,92,1,-1,-1,-1
244,11,765,469,66,106,1,-1,-1,-1
244,12,524,707,448,256,1,-1,-1,-1
244,13,187,466,254,165,1,-1,-1,-1
244,23,583,475,182,96,1,-1,-1,-1
244,26,1309,497,189,105,1,-1,-1,-1
244,30,364,548,223,80,1,-1,-1,-1
244,33,297,906,608,424,1,-1,-1,-1
244,35,367,513,258,134,1,-1,-1,-1
244,37,1381,499,113,101,1,-1,-1,-1
244,39,1478,375,76,227,1,-1,-1,-1
245,4,1103,656,444,260,1,-1,-1,-1
245,7,530,502,130,92,1,-1,-1,-1
245,11,766,468,66,106,1,-1,-1,-1
245,12,523,709,448,256,1,-1,-1,-1
245,13,188,466,254,165,1,-1,-1,-1
245,23,584,475,182,96,1,-1,-1,-1
245,26,1311,497,189,105,1,-1,-1,-1
245,30,365,548,223,80,1,-1,-1,-1
245,33,301,907,608,424,1,-1,-1,-1
245,35,367,513,258,134,1,-1,-1,-1
245,37,1383,497,113,101,1,-1,-1,-1
245,39,1479,375,76,227,1,-1,-1,-1
246,4,1103,657,444,260,1,-1,-1,-1
246,7,528,500,137,97,1,-1,-1,-1
246,11,767,468,66,106,1,-1,-1,-1
246,12,522,709,448,256,1,-1,-1,-1
246,13,189,466,254,165,1,-1,-1,-1
246,23,585,474,182,96,1,-1,-1,-1
246,26,1311,496,189,105,1,-1,-1,-1
246,30,366,548,223,80,1,-1,-1,-1
246,33,301,911,608,424,1,-1,-1,-1
246,35,369,513,258,134,1,-1,-1,-1
246,37,1384,497,113,101,1,-1,-1,-1
246,39,1482,381,72,216,1,-1,-1,-1
247,4,1104,658,444,260,1,-1,-1,-1
247,7,529,500,137,97,1,-1,-1,-1
247,11,767,467,66,106,1,-1,-1,-1
247,12,521,710,448,256,1,-1,-1,-1
247,13,190,465,254,165,1,-1,-1,-1
247,23,589,474,182,96,1,-1,-1,-1
247,26,1312,496,189,105,1,-1,-1,-1
247,30,367,548,223,80,1,-1,-1,-1
247,33,295,914,608,424,1,-1,-1,-1
247,35,370,513,258,134,1,-1,-1,-1
247,37,1384,497,113,101,1,-1,-1,-1
247,39,1484,386,69,206,1,-1,-1,-1
248,4,1106,657,444,260,1,-1,-1,-1
248,7,529,500,137,97,1,-1,-1,-1
248,11,768,467,66,106,1,-1,-1,-1
248,12,521,710,448,256,1,-1,-1,-1
248,13,190,465,254,165,1,-1,-1,-1
248,23,590,474,182,96,1,-1,-1,-1
248,26,1311,494,189,105,1,-1,-1,-1
248,30,368,547,223,80,1,-1,-1,-1
248,33,294,917,608,424,1,-1,-1,-1
248,35,370,512,258,134,1,-1,-1,-1
248,37,1383,496,113,101,1,-1,-1,-1
248,39,1485,385,69,206,1,-1,-1,-1
249,4,1104,652,456,264,1,-1,-1,-1
249,7,529,500,137,97,1,-1,-1,-1
249,11,768,467,66,106,1,-1,-1,-1
249,12,521,710,448,256,1,-1,-1,-1
249,13,190,465,254,165,1,-1,-1,-1
249,23,590,474,182,96,1,-1,-1,-1
249,26,1311,494,189,105,1,-1,-1,-1
249,30,368,547,223,80,1,-1,-1,-1
249,33,294,917,608,424,1,-1,-1,-1
249,35,370,512,258,134,1,-1,-1,-1
249,37,1383,496,113,101,1,-1,-1,-1
249,39,1480,380,72,212,1,-1,-1,-1
250,4,1106,652,456,264,1,-1,-1,-1
250,7,525,499,137,97,1,-1,-1,-1
250,11,769,466,66,106,1,-1,-1,-1
250,12,523,711,448,256,1,-1,-1,-1
250,13,191,464,254,165,1,-1,-1,-1
250,23,597,476,174,92,1,-1,-1,-1
250,26,1311,495,189,105,1,-1,-1,-1
250,30,368,546,223,80,1,-1,-1,-1
250,33,301,918,608,424,1,-1,-1,-1
250,35,370,511,258,134,1,-1,-1,-1
250,37,1382,495,113,101,1,-1,-1,-1
250,39,1481,379,72,212,1,-1,-1,-1
251,4,1109,651,456,264,1,-1,-1,-1
251,7,521,494,144,102,1,-1,-1,-1
251,11,770,465,66,106,1,-1,-1,-1
251,12,527,710,448,256,1,-1,-1,-1
251,13,192,463,254,165,1,-1,-1,-1
251,23,600,475,174,92,1,-1,-1,-1
251,26,1312,493,189,105,1,-1,-1,-1
251,30,369,545,223,80,1,-1,-1,-1
251,33,307,917,608,424,1,-1,-1,-1
251,35,370,510,258,134,1,-1,-1,-1
251,37,1379,493,119,106,1,-1,-1,-1
251,39,1482,379,72,212,1,-1,-1,-1
252,4,1107,652,456,264,1,-1,-1,-1
252,7,521,494,144,102,1,-1,-1,-1
252,11,771,464,66,106,1,-1,-1,-1
252,12,530,710,448,256,1,-1,-1,-1
252,13,193,463,254,165,1,-1,-1,-1
252,23,602,474,174,92,1,-1,-1,-1
252,26,1312,493,189,105,1,-1,-1,-1
252,30,370,544,223,80,1,-1,-1,-1
252,33,308,920,608,424,1,-1,-1,-1
252,35,373,510,258,134,1,-1,-1,-1
252,37,1379,495,119,106,1,-1,-1,-1
252,39,1483,377,72,212,1,-1,-1,-1
253,4,1124,658,434,251,1,-1,-1,-1
253,7,521,493,144,102,1,-1,-1,-1
253,11,772,464,66,106,1,-1,-1,-1
253,12,532,710,448,256,1,-1,-1,-1
253,13,193,462,254,165,1,-1,-1,-1
253,23,605,473,174,92,1,-1,-1,-1
253,26,1319,496,180,100,1,-1,-1,-1
253,30,371,543,223,80,1,-1,-1,-1
253,33,312,920,608,424,1,-1,-1,-1
253,35,372,510,258,134,1,-1,-1,-1
253,37,1380,496,119,106,1,-1,-1,-1
253,39,1484,377,72,212,1,-1,-1,-1
254,4,1113,652,456,264,1,-1,-1,-1
254,7,521,491,144,102,1,-1,-1,-1
254,11,773,462,66,106,1,-1,-1,-1
254,12,534,709,448,256,1,-1,-1,-1
254,13,194,461,254,165,1,-1,-1,-1
254,26,1321,496,180,100,1,-1,-1,-1
254,30,371,542,223,80,1,-1,-1,-1
254,33,316,918,608,424,1,-1,-1,-1
254,35,373,508,258,134,1,-1,-1,-1
254,37,1380,496,119,106,1,-1,-1,-1
254,39,1485,377,72,212,1,-1,-1,-1
255,4,1118,653,456,264,1,-1,-1,-1
255,7,521,491,144,102,1,-1,-1,-1
255,11,774,461,66,106,1,-1,-1,-1
255,12,535,709,448,256,1,-1,-1,-1
255,13,195,460,254,165,1,-1,-1,-1
255,26,1321,496,180,100,1,-1,-1,-1
255,30,371,541,223,80,1,-1,-1,-1
255,33,317,920,608,424,1,-1,-1,-1
255,35,374,507,258,134,1,-1,-1,-1
255,37,1381,497,119,106,1,-1,-1,-1
255,39,1486,376,72,212,1,-1,-1,-1
256,4,1119,651,456,264,1,-1,-1,-1
256,7,521,491,144,102,1,-1,-1,-1
256,11,775,461,66,106,1,-1,-1,-1
256,12,538,708,448,256,1,-1,-1,-1
256,13,195,460,254,165,1,-1,-1,-1
256,26,1320,496,180,100,1,-1,-1,-1
256,30,372,540,223,80,1,-1,-1,-1
256,33,320,920,608,424,1,-1,-1,-1
256,35,375,506,258,134,1,-1,-1,-1
256,37,1381,497,119,106,1,-1,-1,-1
256,39,1487,375,72,212,1,-1,-1,-1
257,4,1148,652,432,268,1,-1,-1,-1
257,7,521,491,144,102,1,-1,-1,-1
257,11,775,461,66,106,1,-1,-1,-1
257,12,538,708,448,256,1,-1,-1,-1
257,13,195,460,254,165,1,-1,-1,-1
257,26,1320,496,180,100,1,-1,-1,-1
257,30,372,540,223,80,1,-1,-1,-1
257,33,320,920,608,424,1,-1,-1,-1
257,35,375,506,258,134,1,-1,-1,-1
257,37,1381,497,119,106,1,-1,-1,-1
257,39,1488,372,76,216,1,-1,-1,-1
257,40,1960,620,216,252,1,-1,-1,-1
258,4,1150,653,432,268,1,-1,-1,-1
258,7,523,489,144,102,1,-1,-1,-1
258,11,776,460,66,106,1,-1,-1,-1
258,12,540,707,448,256,1,-1,-1,-1
258,13,197,458,254,165,1,-1,-1,-1
258,26,1324,496,180,100,1,-1,-1,-1
258,30,374,539,223,80,1,-1,-1,-1
258,33,331,917,608,424,1,-1,-1,-1
258,35,376,505,258,134,1,-1,-1,-1
258,37,1379,498,119,106,1,-1,-1,-1
258,39,1489,372,76,216,1,-1,-1,-1
258,40,1962,620,216,252,1,-1,-1,-1
259,4,1151,653,432,268,1,-1,-1,-1
259,7,524,488,144,102,1,-1,-1,-1
259,11,777,460,66,106,1,-1,-1,-1
259,12,542,706,448,256,1,-1,-1,-1
259,13,198,457,254,165,1,-1,-1,-1
259,26,1324,497,180,100,1,-1,-1,-1
259,30,374,538,223,80,1,-1,-1,-1
259,33,334,918,608,424,1,-1,-1,-1
259,35,378,504,258,134,1,-1,-1,-1
259,37,1379,498,119,106,1,-1,-1,-1
259,39,1489,373,76,216,1,-1,-1,-1
259,40,1965,619,216,252,1,-1,-1,-1
260,4,1153,654,432,268,1,-1,-1,-1
260,7,525,488,144,102,1,-1,-1,-1
260,11,778,459,66,106,1,-1,-1,-1
260,12,547,706,448,256,1,-1,-1,-1
260,13,198,456,254,165,1,-1,-1,-1
260,26,1323,496,180,100,1,-1,-1,-1
260,30,375,536,223,80,1,-1,-1,-1
260,33,326,908,638,445,1,-1,-1,-1
260,35,377,503,258,134,1,-1,-1,-1
260,37,1381,497,119,106,1,-1,-1,-1
260,39,1489,373,76,216,1,-1,-1,-1
260,40,1966,619,216,252,1,-1,-1,-1
261,4,1157,655,432,268,1,-1,-1,-1
261,7,525,487,144,102,1,-1,-1,-1
261,11,778,459,66,106,1,-1,-1,-1
261,12,549,706,448,256,1,-1,-1,-1
261,13,199,456,254,165,1,-1,-1,-1
261,26,1326,496,180,100,1,-1,-1,-1
261,30,375,535,223,80,1,-1,-1,-1
261,33,328,908,638,445,1,-1,-1,-1
261,35,377,502,258,134,1,-1,-1,-1
261,39,1490,373,76,216,1,-1,-1,-1
261,40,1967,620,216,252,1,-1,-1,-1
262,4,1162,655,432,268,1,-1,-1,-1
262,7,527,486,144,102,1,-1,-1,-1
262,11,778,459,66,106,1,-1,-1,-1
262,12,551,707,448,256,1,-1,-1,-1
262,13,200,455,254,165,1,-1,-1,-1
262,26,1327,496,180,100,1,-1,-1,-1
262,30,376,535,223,80,1,-1,-1,-1
262,33,332,908,638,445,1,-1,-1,-1
262,35,379,501,258,134,1,-1,-1,-1
262,39,1492,374,76,216,1,-1,-1,-1
262,40,1968,621,216,252,1,-1,-1,-1
263,4,1164,656,432,268,1,-1,-1,-1
263,7,528,487,144,102,1,-1,-1,-1
263,11,779,459,66,106,1,-1,-1,-1
263,12,554,707,448,256,1,-1,-1,-1
263,13,200,454,254,165,1,-1,-1,-1
263,26,1330,495,180,100,1,-1,-1,-1
263,30,375,535,223,80,1,-1,-1,-1
263,33,337,908,638,445,1,-1,-1,-1
263,35,376,502,258,134,1,-1,-1,-1
263,39,1495,379,72,206,1,-1,-1,-1
263,40,1975,629,206,240,1,-1,-1,-1
264,4,1168,656,432,268,1,-1,-1,-1
264,7,528,486,144,102,1,-1,-1,-1
264,11,779,459,66,106,1,-1,-1,-1
264,12,555,709,448,256,1,-1,-1,-1
264,13,200,454,254,165,1,-1,-1,-1
264,26,1332,495,180,100,1,-1,-1,-1
264,30,376,533,223,80,1,-1,-1,-1
264,33,346,907,638,445,1,-1,-1,-1
264,35,378,501,258,134,1,-1,-1,-1
264,39,1495,378,72,206,1,-1,-1,-1
264,40,1977,630,206,240,1,-1,-1,-1
265,4,1168,656,432,268,1,-1,-1,-1
265,7,528,486,144,102,1,-1,-1,-1
265,11,779,459,66,106,1,-1,-1,-1
265,12,555,709,448,256,1,-1,-1,-1
265,13,200,454,254,165,1,-1,-1,-1
265,26,1332,495,180,100,1,-1,-1,-1
265,30,376,533,223,80,1,-1,-1,-1
265,33,346,907,638,445,1,-1,-1,-1
265,35,378,501,258,134,1,-1,-1,-1
265,39,1504,372,68,212,1,-1,-1,-1
265,40,1977,630,206,240,1,-1,-1,-1
266,4,1173,659,432,268,1,-1,-1,-1
266,7,528,487,144,102,1,-1,-1,-1
266,11,778,459,66,106,1,-1,-1,-1
266,12,558,710,448,256,1,-1,-1,-1
266,13,198,454,254,165,1,-1,-1,-1
266,26,1331,494,180,100,1,-1,-1,-1
266,30,374,534,223,80,1,-1,-1,-1
266,33,374,918,608,424,1,-1,-1,-1
266,35,378,502,258,134,1,-1,-1,-1
266,39,1504,371,68,212,1,-1,-1,-1
266,40,1976,633,206,240,1,-1,-1,-1
267,4,1179,659,432,268,1,-1,-1,-1
267,7,529,487,144,102,1,-1,-1,-1
267,11,777,459,66,106,1,-1,-1,-1
267,12,561,711,448,256,1,-1,-1,-1
267,13,197,454,254,165,1,-1,-1,-1
267,26,1329,493,180,100,1,-1,-1,-1
267,30,372,535,223,80,1,-1,-1,-1
267,33,379,922,608,424,1,-1,-1,-1
267,35,374,503,258,134,1,-1,-1,-1
267,39,1503,367,71,223,1,-1,-1,-1
267,40,1972,634,206,240,1,-1,-1,-1
268,4,1180,660,432,268,1,-1,-1,-1
268,7,527,487,144,102,1,-1,-1,-1
268,11,774,459,66,106,1,-1,-1,-1
268,12,562,713,448,256,1,-1,-1,-1
268,13,194,455,254,165,1,-1,-1,-1
268,26,1328,490,180,100,1,-1,-1,-1
268,30,366,537,223,80,1,-1,-1,-1
268,33,384,923,608,424,1,-1,-1,-1
268,35,371,504,258,134,1,-1,-1,-1
268,39,1501,367,71,223,1,-1,-1,-1
268,40,1970,636,206,240,1,-1,-1,-1
269,4,1183,661,432,268,1,-1,-1,-1
269,7,525,488,144,102,1,-1,-1,-1
269,11,773,460,66,106,1,-1,-1,-1
269,12,564,715,448,256,1,-1,-1,-1
269,13,192,456,254,165,1,-1,-1,-1
269,26,1329,492,171,95,1,-1,-1,-1
269,30,364,537,223,80,1,-1,-1,-1
269,33,384,930,608,424,1,-1,-1,-1
269,35,368,504,258,134,1,-1,-1,-1
269,39,1501,368,71,223,1,-1,-1,-1
269,40,1969,637,206,240,1,-1,-1,-1
270,4,1185,663,432,268,1,-1,-1,-1
270,7,525,489,144,102,1,-1,-1,-1
270,11,771,459,66,106,1,-1,-1,-1
270,12,566,716,448,256,1,-1,-1,-1
270,13,190,455,254,165,1,-1,-1,-1
270,26,1328,492,171,95,1,-1,-1,-1
270,30,361,538,223,80,1,-1,-1,-1
270,33,388,937,608,424,1,-1,-1,-1
270,35,366,505,258,134,1,-1,-1,-1
270,39,1501,367,71,223,1,-1,-1,-1
270,40,1966,637,206,240,1,-1,-1,-1
271,4,1175,658,454,281,1,-1,-1,-1
271,7,525,490,144,102,1,-1,-1,-1
271,11,769,459,66,106,1,-1,-1,-1
271,12,565,719,448,256,1,-1,-1,-1
271,13,187,456,254,165,1,-1,-1,-1
271,30,355,537,234,84,1,-1,-1,-1
271,33,389,944,608,424,1,-1,-1,-1
271,35,363,505,258,134,1,-1,-1,-1
271,39,1501,369,71,223,1,-1,-1,-1
271,40,1966,638,206,240,1,-1,-1,-1
272,4,1176,661,454,281,1,-1,-1,-1
272,7,521,491,144,102,1,-1,-1,-1
272,11,765,460,66,106,1,-1,-1,-1
272,12,565,721,448,256,1,-1,-1,-1
272,13,182,458,254,165,1,-1,-1,-1
272,30,349,538,234,84,1,-1,-1,-1
272,33,391,950,608,424,1,-1,-1,-1
272,35,360,506,258,134,1,-1,-1,-1
272,39,1499,369,71,223,1,-1,-1,-1
272,40,1963,639,206,240,1,-1,-1,-1
273,4,1208,660,412,288,1,-1,-1,-1
273,7,521,491,144,102,1,-1,-1,-1
273,11,765,460,66,106,1,-1,-1,-1
273,12,540,720,512,268,1,-1,-1,-1
273,13,182,458,254,165,1,-1,-1,-1
273,30,349,538,234,84,1,-1,-1,-1
273,33,391,950,608,424,1,-1,-1,-1
273,35,360,506,258,134,1,-1,-1,-1
273,39,1484,376,80,212,1,-1,-1,-1
273,40,1963,639,206,240,1,-1,-1,-1
274,4,1208,660,412,288,1,-1,-1,-1
274,7,514,494,144,102,1,-1,-1,-1
274,11,760,460,66,106,1,-1,-1,-1
274,12,540,722,512,268,1,-1,-1,-1
274,13,174,459,254,165,1,-1,-1,-1
274,30,344,539,234,84,1,-1,-1,-1
274,33,378,946,638,445,1,-1,-1,-1
274,35,353,508,258,134,1,-1,-1,-1
274,39,1483,377,80,212,1,-1,-1,-1
274,40,1947,634,216,252,1,-1,-1,-1
275,4,1208,660,412,288,1,-1,-1,-1
275,7,512,496,144,102,1,-1,-1,-1
275,11,758,460,66,106,1,-1,-1,-1
275,12,539,723,512,268,1,-1,-1,-1
275,13,170,460,254,165,1,-1,-1,-1
275,30,339,539,234,84,1,-1,-1,-1
275,33,380,952,638,445,1,-1,-1,-1
275,35,350,507,258,134,1,-1,-1,-1
275,39,1482,378,80,212,1,-1,-1,-1
275,40,1940,637,216,252,1,-1,-1,-1
276,4,1208,662,412,288,1,-1,-1,-1
276,7,507,496,144,102,1,-1,-1,-1
276,11,755,460,66,106,1,-1,-1,-1
276,12,540,723,512,268,1,-1,-1,-1
276,13,166,460,254,165,1,-1,-1,-1
276,30,336,539,234,84,1,-1,-1,-1
276,33,377,952,638,445,1,-1,-1,-1
276,35,351,513,245,128,1,-1,-1,-1
276,39,1481,377,80,212,1,-1,-1,-1
276,40,1930,631,227,265,1,-1,-1,-1
277,4,1209,662,412,288,1,-1,-1,-1
277,7,503,498,144,102,1,-1,-1,-1
277,11,751,460,66,106,1,-1,-1,-1
277,12,538,724,512,268,1,-1,-1,-1
277,13,161,460,254,165,1,-1,-1,-1
277,30,331,539,234,84,1,-1,-1,-1
277,33,373,953,638,445,1,-1,-1,-1
277,35,346,514,245,128,1,-1,-1,-1
277,39,1478,377,80,212,1,-1,-1,-1
277,40,1925,631,227,265,1,-1,-1,-1
278,4,1208,663,412,288,1,-1,-1,-1
278,7,500,499,144,102,1,-1,-1,-1
278,11,746,459,66,106,1,-1,-1,-1
278,12,537,725,512,268,1,-1,-1,-1
278,13,157,460,254,165,1,-1,-1,-1
278,30,327,540,234,84,1,-1,-1,-1
278,33,353,946,670,467,1,-1,-1,-1
278,35,338,510,258,134,1,-1,-1,-1
278,39,1475,377,80,212,1,-1,-1,-1
278,40,1916,628,227,265,1,-1,-1,-1
279,4,1205,663,412,288,1,-1,-1,-1
279,7,492,497,151,107,1,-1,-1,-1
279,11,743,459,66,106,1,-1,-1,-1
279,12,535,725,512,268,1,-1,-1,-1
279,13,151,460,254,165,1,-1,-1,-1
279,30,323,541,234,84,1,-1,-1,-1
279,33,350,947,670,467,1,-1,-1,-1
279,35,333,510,258,134,1,-1,-1,-1
279,39,1472,377,80,212,1,-1,-1,-1
279,40,1914,635,216,252,1,-1,-1,-1
280,4,1204,663,412,288,1,-1,-1,-1
280,7,487,498,151,107,1,-1,-1,-1
280,11,737,459,66,106,1,-1,-1,-1
280,12,532,725,512,268,1,-1,-1,-1
280,13,144,459,254,165,1,-1,-1,-1
280,30,317,541,234,84,1,-1,-1,-1
280,33,345,947,670,467,1,-1,-1,-1
280,35,323,506,270,141,1,-1,-1,-1
280,39,1469,378,80,212,1,-1,-1,-1
280,40,1907,635,216,252,1,-1,-1,-1
281,4,1204,663,412,288,1,-1,-1,-1
281,7,487,498,151,107,1,-1,-1,-1
281,11,737,459,66,106,1,-1,-1,-1
281,12,520,724,520,276,1,-1,-1,-1
281,13,144,459,254,165,1,-1,-1,-1
281,30,317,541,234,84,1,-1,-1,-1
281,33,372,936,636,452,1,-1,-1,-1
281,35,323,506,270,141,1,-1,-1,-1
281,39,1456,376,88,212,1,-1,-1,-1
281,40,1864,640,276,236,1,-1,-1,-1
281,41,1268,956,392,476,1,-1,-1,-1
282,4,1199,662,412,288,1,-1,-1,-1
282,7,476,499,151,107,1,-1,-1,-1
282,11,728,459,66,106,1,-1,-1,-1
282,12,516,725,520,276,1,-1,-1,-1
282,13,133,461,254,165,1,-1,-1,-1
282,30,309,542,234,84,1,-1,-1,-1
282,33,370,938,636,452,1,-1,-1,-1
282,35,314,508,270,141,1,-1,-1,-1
282,39,1454,376,88,212,1,-1,-1,-1
282,40,1860,639,276,236,1,-1,-1,-1
282,41,1268,957,392,476,1,-1,-1,-1
283,4,1193,664,412,288,1,-1,-1,-1
283,7,472,501,151,107,1,-1,-1,-1
283,11,724,459,66,106,1,-1,-1,-1
283,12,513,726,520,276,1,-1,-1,-1
283,13,127,461,254,165,1,-1,-1,-1
283,30,304,542,234,84,1,-1,-1,-1
283,33,362,939,636,452,1,-1,-1,-1
283,35,308,508,270,141,1,-1,-1,-1
283,39,1450,376,88,212,1,-1,-1,-1
283,40,1856,640,276,236,1,-1,-1,-1
283,41,1266,956,392,476,1,-1,-1,-1
284,4,1191,664,412,288,1,-1,-1,-1
284,7,466,501,151,107,1,-1,-1,-1
284,11,720,458,66,106,1,-1,-1,-1
284,12,508,726,520,276,1,-1,-1,-1
284,13,120,461,254,165,1,-1,-1,-1
284,30,299,543,234,84,1,-1,-1,-1
284,33,355,939,636,452,1,-1,-1,-1
284,35,303,508,270,141,1,-1,-1,-1
284,39,1447,377,88,212,1,-1,-1,-1
284,40,1851,641,276,236,1,-1,-1,-1
284,41,1269,967,373,453,1,-1,-1,-1
285,4,1188,664,412,288,1,-1,-1,-1
285,7,461,502,151,107,1,-1,-1,-1
285,11,715,458,66,106,1,-1,-1,-1
285,12,505,725,520,276,1,-1,-1,-1
285,13,114,463,254,165,1,-1,-1,-1
285,30,294,543,234,84,1,-1,-1,-1
285,33,349,937,636,452,1,-1,-1,-1
285,35,298,509,270,141,1,-1,-1,-1
285,39,1443,376,88,212,1,-1,-1,-1
285,40,1846,642,276,236,1,-1,-1,-1
285,41,1269,969,373,453,1,-1,-1,-1
286,4,1184,664,412,288,1,-1,-1,-1
286,11,712,457,66,106,1,-1,-1,-1
286,12,502,726,520,276,1,-1,-1,-1
286,13,108,462,254,165,1,-1,-1,-1
286,30,288,544,234,84,1,-1,-1,-1
286,33,342,938,636,452,1,-1,-1,-1
286,35,287,506,284,148,1,-1,-1,-1
286,39,1439,376,88,212,1,-1,-1,-1
286,40,1842,642,276,236,1,-1,-1,-1
286,41,1265,967,373,453,1,-1,-1,-1
287,4,1181,664,412,288,1,-1,-1,-1
287,11,708,459,63,101,1,-1,-1,-1
287,12,495,728,520,276,1,-1,-1,-1
287,13,101,463,254,165,1,-1,-1,-1
287,30,281,545,234,84,1,-1,-1,-1
287,33,335,940,636,452,1,-1,-1,-1
287,35,286,512,270,141,1,-1,-1,-1
287,39,1434,376,88,212,1,-1,-1,-1
287,40,1837,643,276,236,1,-1,-1,-1
287,41,1263,968,373,453,1,-1,-1,-1
288,4,1177,664,412,288,1,-1,-1,-1
288,11,703,459,63,101,1,-1,-1,-1
288,12,490,729,520,276,1,-1,-1,-1
288,13,92,465,254,165,1,-1,-1,-1
288,30,273,546,234,84,1,-1,-1,-1
288,33,328,941,636,452,1,-1,-1,-1
288,35,278,512,270,141,1,-1,-1,-1
288,39,1428,377,88,212,1,-1,-1,-1
288,40,1830,646,276,236,1,-1,-1,-1
288,41,1258,968,373,453,1,-1,-1,-1
289,4,1177,664,412,288,1,-1,-1,-1
289,11,703,459,63,101,1,-1,-1,-1
289,12,484,728,520,276,1,-1,-1,-1
289,13,92,465,254,165,1,-1,-1,-1
289,30,273,546,234,84,1,-1,-1,-1
289,33,284,948,664,460,1,-1,-1,-1
289,35,278,512,270,141,1,-1,-1,-1
289,39,1432,376,80,204,1,-1,-1,-1
289,40,1830,646,276,236,1,-1,-1,-1
289,41,1252,964,384,468,1,-1,-1,-1
290,4,1168,665,412,288,1,-1,-1,-1
290,11,694,462,63,101,1,-1,-1,-1
290,12,479,728,520,276,1,-1,-1,-1
290,13,75,465,254,165,1,-1,-1,-1
290,30,257,547,234,84,1,-1,-1,-1
290,33,277,950,664,460,1,-1,-1,-1
290,35,263,513,270,141,1,-1,-1,-1
290,39,1432,381,76,194,1,-1,-1,-1
290,40,1825,645,276,236,1,-1,-1,-1
290,41,1250,965,384,468,1,-1,-1,-1
291,4,1162,666,412,288,1,-1,-1,-1
291,11,688,462,63,101,1,-1,-1,-1
291,12,474,729,520,276,1,-1,-1,-1
291,13,69,467,254,165,1,-1,-1,-1
291,30,252,548,234,84,1,-1,-1,-1
291,33,268,952,664,460,1,-1,-1,-1
291,35,255,516,270,141,1,-1,-1,-1
291,39,1427,377,80,204,1,-1,-1,-1
291,40,1819,644,276,236,1,-1,-1,-1
291,41,1246,964,384,468,1,-1,-1,-1
292,4,1159,666,412,288,1,-1,-1,-1
292,11,681,462,63,101,1,-1,-1,-1
292,12,468,729,520,276,1,-1,-1,-1
292,13,61,469,254,165,1,-1,-1,-1
292,30,241,549,245,88,1,-1,-1,-1
292,33,257,952,664,460,1,-1,-1,-1
292,35,248,518,270,141,1,-1,-1,-1
292,39,1422,376,80,204,1,-1,-1,-1
292,40,1812,638,276,236,1,-1,-1,-1
292,41,1243,966,384,468,1,-1,-1,-1
293,4,1154,665,412,288,1,-1,-1,-1
293,12,461,730,520,276,1,-1,-1,-1
293,13,52,470,254,165,1,-1,-1,-1
293,30,234,549,245,88,1,-1,-1,-1
293,33,250,952,664,460,1,-1,-1,-1
293,35,241,519,270,141,1,-1,-1,-1
293,39,1418,374,80,204,1,-1,-1,-1
293,40,1808,637,276,236,1,-1,-1,-1
293,41,1241,961,384,468,1,-1,-1,-1
294,4,1146,664,412,288,1,-1,-1,-1
294,12,456,730,520,276,1,-1,-1,-1
294,13,43,470,254,165,1,-1,-1,-1
294,30,223,550,245,88,1,-1,-1,-1
294,33,240,952,664,460,1,-1,-1,-1
294,35,233,521,270,141,1,-1,-1,-1
294,39,1415,378,76,194,1,-1,-1,-1
294,40,1801,635,276,236,1,-1,-1,-1
294,41,1235,960,384,468,1,-1,-1,-1
295,4,1141,662,412,288,1,-1,-1,-1
295,12,448,730,520,276,1,-1,-1,-1
295,13,35,471,254,165,1,-1,-1,-1
295,30,215,550,245,88,1,-1,-1,-1
295,33,231,952,664,460,1,-1,-1,-1
295,35,225,521,270,141,1,-1,-1,-1
295,39,1409,377,76,194,1,-1,-1,-1
295,40,1793,636,276,236,1,-1,-1,-1
295,41,1231,958,384,468,1,-1,-1,-1
296,4,1135,663,412,288,1,-1,-1,-1
296,12,444,730,520,276,1,-1,-1,-1
296,13,19,468,267,174,1,-1,-1,-1
296,30,207,551,245,88,1,-1,-1,-1
296,33,224,953,664,460,1,-1,-1,-1
296,35,214,522,270,141,1,-1,-1,-1
296,39,1405,378,76,194,1,-1,-1,-1
296,40,1785,635,276,236,1,-1,-1,-1
296,41,1226,960,384,468,1,-1,-1,-1
297,4,1135,663,412,288,1,-1,-1,-1
297,12,428,732,540,280,1,-1,-1,-1
297,13,19,468,267,174,1,-1,-1,-1
297,30,207,551,245,88,1,-1,-1,-1
297,33,224,953,664,460,1,-1,-1,-1
297,35,214,522,270,141,1,-1,-1,-1
297,39,1384,372,88,200,1,-1,-1,-1
297,40,1848,640,184,264,1,-1,-1,-1
297,41,1228,948,364,484,1,-1,-1,-1
297,42,2184,660,368,236,1,-1,-1,-1
298,4,1125,663,412,288,1,-1,-1,-1
298,12,423,731,540,280,1,-1,-1,-1
298,13,0,467,263,174,1,-1,-1,-1
298,30,185,551,245,88,1,-1,-1,-1
298,33,208,954,664,460,1,-1,-1,-1
298,35,196,521,270,141,1,-1,-1,-1
298,39,1381,371,88,200,1,-1,-1,-1
298,40,1842,639,184,264,1,-1,-1,-1
298,41,1225,948,364,484,1,-1,-1,-1
298,42,2172,657,368,236,1,-1,-1,-1
299,4,1119,663,412,288,1,-1,-1,-1
299,12,417,733,540,280,1,-1,-1,-1
299,13,0,469,256,174,1,-1,-1,-1
299,30,179,552,245,88,1,-1,-1,-1
299,33,196,954,664,460,1,-1,-1,-1
299,35,190,522,270,141,1,-1,-1,-1
299,39,1377,373,88,200,1,-1,-1,-1
299,40,1837,639,184,264,1,-1,-1,-1
299,41,1210,938,382,502,1,-1,-1,-1
299,42,2160,655,368,236,1,-1,-1,-1
300,4,1113,663,412,288,1,-1,-1,-1
300,12,410,735,540,280,1,-1,-1,-1
300,13,0,470,247,174,1,-1,-1,-1
300,30,167,552,258,92,1,-1,-1,-1
300,33,186,955,664,460,1,-1,-1,-1
300,35,179,523,270,141,1,-1,-1,-1
300,39,1373,373,88,200,1,-1,-1,-1
300,40,1829,639,184,264,1,-1,-1,-1
300,41,1205,938,382,502,1,-1,-1,-1
300,42,2148,653,368,236,1,-1,-1,-1
301,4,1106,663,412,288,1,-1,-1,-1
301,12,402,735,540,280,1,-1,-1,-1
301,13,0,470,238,174,1,-1,-1,-1
301,30,159,552,258,92,1,-1,-1,-1
301,33,178,956,664,460,1,-1,-1,-1
301,35,171,525,270,141,1,-1,-1,-1
301,39,1369,372,88,200,1,-1,-1,-1
301,40,1824,638,184,264,1,-1,-1,-1
301,41,1201,937,382,503,1,-1,-1,-1
301,42,2140,657,350,225,1,-1,-1,-1
302,4,1101,661,412,288,1,-1,-1,-1
302,12,394,736,540,280,1,-1,-1,-1
302,13,0,470,228,174,1,-1,-1,-1
302,30,147,553,258,92,1,-1,-1,-1
302,33,166,956,664,460,1,-1,-1,-1
302,35,157,521,284,148,1,-1,-1,-1
302,39,1367,376,84,190,1,-1,-1,-1
302,40,1814,638,184,264,1,-1,-1,-1
302,41,1195,936,382,504,1,-1,-1,-1
302,42,2127,655,350,225,1,-1,-1,-1
303,4,1095,661,412,288,1,-1,-1,-1
303,12,388,735,540,280,1,-1,-1,-1
303,13,0,471,217,174,1,-1,-1,-1
303,30,137,553,258,92,1,-1,-1,-1
303,33,155,956,664,460,1,-1,-1,-1
303,35,141,517,298,155,1,-1,-1,-1
303,39,1362,377,84,190,1,-1,-1,-1
303,40,1807,638,184,264,1,-1,-1,-1
303,41,1199,946,364,484,1,-1,-1,-1
303,42,2109,653,350,225,1,-1,-1,-1
304,4,1087,660,412,288,1,-1,-1,-1
304,12,381,736,540,280,1,-1,-1,-1
304,13,0,471,207,174,1,-1,-1,-1
304,30,122,551,271,97,1,-1,-1,-1
304,33,146,955,664,460,1,-1,-1,-1
304,35,132,518,298,155,1,-1,-1,-1
304,39,1359,377,84,190,1,-1,-1,-1
304,40,1800,638,184,264,1,-1,-1,-1
304,41,1191,944,364,484,1,-1,-1,-1
304,42,2096,651,350,225,1,-1,-1,-1
305,4,1087,660,412,288,1,-1,-1,-1
305,12,368,736,540,284,1,-1,-1,-1
305,13,0,471,207,174,1,-1,-1,-1
305,30,122,551,271,97,1,-1,-1,-1
305,33,44,948,780,484,1,-1,-1,-1
305,35,132,518,298,155,1,-1,-1,-1
305,39,1360,372,72,184,1,-1,-1,-1
305,40,1800,638,184,264,1,-1,-1,-1
305,41,1164,948,376,484,1,-1,-1,-1
305,42,2096,651,350,225,1,-1,-1,-1
306,4,1079,659,412,288,1,-1,-1,-1
306,12,362,735,540,284,1,-1,-1,-1
306,13,0,472,184,174,1,-1,-1,-1
306,30,99,552,271,97,1,-1,-1,-1
306,33,37,947,780,484,1,-1,-1,-1
306,35,109,520,298,155,1,-1,-1,-1
306,39,1359,372,72,184,1,-1,-1,-1
306,40,1779,641,184,264,1,-1,-1,-1
306,41,1160,946,376,484,1,-1,-1,-1
306,42,2065,639,350,225,1,-1,-1,-1
307,4,1069,659,412,288,1,-1,-1,-1
307,12,355,734,540,284,1,-1,-1,-1
307,13,0,474,174,174,1,-1,-1,-1
307,30,93,552,271,97,1,-1,-1,-1
307,33,27,948,780,484,1,-1,-1,-1
307,35,103,521,298,155,1,-1,-1,-1
307,39,1356,373,72,184,1,-1,-1,-1
307,40,1772,641,184,264,1,-1,-1,-1
307,41,1154,947,376,484,1,-1,-1,-1
307,42,2039,633,350,225,1,-1,-1,-1
308,4,1060,660,412,288,1,-1,-1,-1
308,12,346,735,540,284,1,-1,-1,-1
308,13,0,476,165,174,1,-1,-1,-1
308,30,78,554,271,97,1,-1,-1,-1
308,33,14,949,780,484,1,-1,-1,-1
308,35,83,518,313,163,1,-1,-1,-1
308,39,1353,372,72,184,1,-1,-1,-1
308,40,1766,647,184,264,1,-1,-1,-1
308,41,1147,946,376,484,1,-1,-1,-1
308,42,2043,639,334,214,1,-1,-1,-1
309,4,1053,660,412,288,1,-1,-1,-1
309,12,337,736,540,284,1,-1,-1,-1
309,13,0,476,156,174,1,-1,-1,-1
309,30,71,555,271,97,1,-1,-1,-1
309,33,6,948,780,484,1,-1,-1,-1
309,35,74,518,313,163,1,-1,-1,-1
309,39,1351,371,72,184,1,-1,-1,-1
309,40,1756,641,184,264,1,-1,-1,-1
309,41,1138,946,376,484,1,-1,-1,-1
309,42,2032,640,318,204,1,-1,-1,-1
310,4,1046,660,412,288,1,-1,-1,-1
310,12,327,737,540,284,1,-1,-1,-1
310,13,0,477,145,174,1,-1,-1,-1
310,30,59,556,271,97,1,-1,-1,-1
310,33,0,949,778,484,1,-1,-1,-1
310,35,65,518,313,163,1,-1,-1,-1
310,39,1349,370,72,184,1,-1,-1,-1
310,40,1744,640,184,264,1,-1,-1,-1
310,41,1131,944,376,484,1,-1,-1,-1
310,42,2023,641,318,204,1,-1,-1,-1
311,4,1038,659,412,288,1,-1,-1,-1
311,12,317,738,540,284,1,-1,-1,-1
311,13,0,479,136,174,1,-1,-1,-1
311,30,48,558,271,97,1,-1,-1,-1
311,33,0,951,768,484,1,-1,-1,-1
311,35,54,521,313,163,1,-1,-1,-1
311,39,1346,369,72,184,1,-1,-1,-1
311,40,1736,637,184,264,1,-1,-1,-1
311,41,1126,946,376,484,1,-1,-1,-1
311,42,1988,628,334,214,1,-1,-1,-1
312,4,1033,658,412,288,1,-1,-1,-1
312,12,310,739,540,284,1,-1,-1,-1
312,13,0,479,117,174,1,-1,-1,-1
312,30,36,559,271,97,1,-1,-1,-1
312,33,0,951,762,484,1,-1,-1,-1
312,35,41,522,313,163,1,-1,-1,-1
312,39,1344,369,72,184,1,-1,-1,-1
312,40,1729,633,184,264,1,-1,-1,-1
312,41,1117,946,376,484,1,-1,-1,-1
312,42,1978,629,318,204,1,-1,-1,-1
