1,0,2200,576,264,224,1,-1,-1,-1
1,1,556,592,220,276,1,-1,-1,-1
1,2,1500,408,236,184,1,-1,-1,-1
1,3,816,832,256,248,1,-1,-1,-1
1,4,1688,208,868,816,1,-1,-1,-1
1,5,552,312,120,224,1,-1,-1,-1
1,6,1268,272,132,172,1,-1,-1,-1
1,7,360,584,188,208,1,-1,-1,-1
1,8,1072,248,160,212,1,-1,-1,-1
1,9,664,264,172,156,1,-1,-1,-1
1,10,436,1052,228,296,1,-1,-1,-1
1,11,384,440,140,192,1,-1,-1,-1
1,12,2052,600,152,204,1,-1,-1,-1
1,13,1068,672,200,224,1,-1,-1,-1
1,14,60,936,312,260,1,-1,-1,-1
1,15,1924,296,120,148,1,-1,-1,-1
1,16,1660,576,116,320,1,-1,-1,-1
1,17,148,772,200,228,1,-1,-1,-1
1,18,352,952,324,196,1,-1,-1,-1
1,19,384,856,244,156,1,-1,-1,-1
1,20,0,1200,136,236,1,-1,-1,-1
2,0,2200,575,264,224,1,-1,-1,-1
2,1,562,591,220,276,1,-1,-1,-1
2,2,1454,414,236,184,1,-1,-1,-1
2,3,817,831,256,248,1,-1,-1,-1
2,4,1668,205,868,816,1,-1,-1,-1
2,5,552,312,120,224,1,-1,-1,-1
2,6,1267,273,132,172,1,-1,-1,-1
2,7,361,584,188,208,1,-1,-1,-1
2,8,1072,248,160,212,1,-1,-1,-1
2,9,664,264,172,156,1,-1,-1,-1
2,10,436,1053,228,296,1,-1,-1,-1
2,11,383,440,140,192,1,-1,-1,-1
2,12,2051,599,152,204,1,-1,-1,-1
2,13,1067,674,200,224,1,-1,-1,-1
2,14,61,936,312,260,1,-1,-1,-1
2,15,1928,295,120,148,1,-1,-1,-1
2,16,1656,571,116,320,1,-1,-1,-1
2,17,147,773,200,228,1,-1,-1,-1
2,18,356,955,324,196,1,-1,-1,-1
2,19,386,857,244,156,1,-1,-1,-1
2,20,0,1200,136,236,1,-1,-1,-1
3,0,2201,575,264,224,1,-1,-1,-1
3,1,573,587,220,276,1,-1,-1,-1
3,2,1402,423,236,184,1,-1,-1,-1
3,3,818,831,256,248,1,-1,-1,-1
3,4,1679,207,868,816,1,-1,-1,-1
3,5,552,312,120,224,1,-1,-1,-1
3,6,1266,275,132,172,1,-1,-1,-1
3,7,363,585,188,208,1,-1,-1,-1
3,8,1073,248,160,212,1,-1,-1,-1
3,9,664,264,172,156,1,-1,-1,-1
3,10,436,1056,228,296,1,-1,-1,-1
3,11,385,439,140,192,1,-1,-1,-1
3,12,2052,599,152,204,1,-1,-1,-1
3,13,1066,676,200,224,1,-1,-1,-1
3,14,62,937,312,260,1,-1,-1,-1
3,15,1934,297,120,148,1,-1,-1,-1
3,16,1633,609,116,320,1,-1,-1,-1
3,17,144,776,200,228,1,-1,-1,-1
3,18,359,959,324,196,1,-1,-1,-1
3,19,387,858,244,156,1,-1,-1,-1
3,20,1,1200,136,236,1,-1,-1,-1
4,0,2203,579,264,224,1,-1,-1,-1
4,1,588,578,220,276,1,-1,-1,-1
4,2,1362,421,236,184,1,-1,-1,-1
4,3,819,829,256,248,1,-1,-1,-1
4,4,1654,197,906,857,1,-1,-1,-1
4,5,553,313,120,224,1,-1,-1,-1
4,6,1264,277,132,172,1,-1,-1,-1
4,7,364,585,188,208,1,-1,-1,-1
4,8,1074,250,160,212,1,-1,-1,-1
4,9,665,266,172,156,1,-1,-1,-1
4,10,435,1058,228,296,1,-1,-1,-1
4,11,388,437,140,192,1,-1,-1,-1
4,12,2053,602,152,204,1,-1,-1,-1
4,13,1070,680,190,213,1,-1,-1,-1
4,14,61,937,312,260,1,-1,-1,-1
4,15,1939,299,120,148,1,-1,-1,-1
4,16,1641,683,116,320,1,-1,-1,-1
4,17,143,777,200,228,1,-1,-1,-1
4,18,361,960,324,196,1,-1,-1,-1
4,19,390,859,244,156,1,-1,-1,-1
4,20,1,1200,136,236,1,-1,-1,-1
5,0,2203,580,264,224,1,-1,-1,-1
5,1,590,578,220,276,1,-1,-1,-1
5,2,1359,423,236,184,1,-1,-1,-1
5,3,820,828,256,248,1,-1,-1,-1
5,4,1647,195,911,857,1,-1,-1,-1
5,5,553,313,120,224,1,-1,-1,-1
5,6,1264,277,132,172,1,-1,-1,-1
5,7,365,585,188,208,1,-1,-1,-1
5,8,1076,251,160,212,1,-1,-1,-1
5,9,664,266,172,156,1,-1,-1,-1
5,10,435,1058,228,296,1,-1,-1,-1
5,11,389,436,140,192,1,-1,-1,-1
5,12,2053,602,152,204,1,-1,-1,-1
5,13,1069,680,190,213,1,-1,-1,-1
5,14,60,938,312,260,1,-1,-1,-1
5,15,1939,298,120,148,1,-1,-1,-1
5,16,1645,707,122,336,1,-1,-1,-1
5,17,143,776,200,228,1,-1,-1,-1
5,18,362,960,324,196,1,-1,-1,-1
5,19,390,859,244,156,1,-1,-1,-1
5,20,1,1200,136,236,1,-1,-1,-1
6,0,2209,588,251,213,1,-1,-1,-1
6,1,605,569,220,276,1,-1,-1,-1
6,2,1332,418,236,184,1,-1,-1,-1
6,3,820,829,256,248,1,-1,-1,-1
6,4,1600,195,957,900,1,-1,-1,-1
6,5,554,312,120,224,1,-1,-1,-1
6,6,1262,278,132,172,1,-1,-1,-1
6,7,366,585,188,208,1,-1,-1,-1
6,8,1077,251,160,212,1,-1,-1,-1
6,9,664,265,172,156,1,-1,-1,-1
6,10,433,1057,228,296,1,-1,-1,-1
6,11,392,434,140,192,1,-1,-1,-1
6,12,2054,603,152,204,1,-1,-1,-1
6,13,1066,673,190,213,1,-1,-1,-1
6,14,61,938,312,260,1,-1,-1,-1
6,15,1941,300,120,148,1,-1,-1,-1
6,16,1648,732,116,320,1,-1,-1,-1
6,17,143,776,200,228,1,-1,-1,-1
6,18,362,960,324,196,1,-1,-1,-1
6,19,391,859,244,156,1,-1,-1,-1
6,20,1,1201,136,236,1,-1,-1,-1
7,0,2210,592,251,213,1,-1,-1,-1
7,1,614,568,220,276,1,-1,-1,-1
7,2,1298,421,225,175,1,-1,-1,-1
7,3,819,829,256,248,1,-1,-1,-1
7,4,1611,197,949,900,1,-1,-1,-1
7,5,554,312,120,224,1,-1,-1,-1
7,6,1262,278,132,172,1,-1,-1,-1
7,7,371,587,188,208,1,-1,-1,-1
7,8,1077,253,160,212,1,-1,-1,-1
7,9,664,265,172,156,1,-1,-1,-1
7,10,433,1060,228,296,1,-1,-1,-1
7,11,396,431,140,192,1,-1,-1,-1
7,12,2055,608,145,194,1,-1,-1,-1
7,13,1065,661,190,213,1,-1,-1,-1
7,14,61,938,312,260,1,-1,-1,-1
7,15,1943,300,120,148,1,-1,-1,-1
7,16,1649,728,116,320,1,-1,-1,-1
7,17,142,776,200,228,1,-1,-1,-1
7,18,361,960,324,196,1,-1,-1,-1
7,19,390,859,244,156,1,-1,-1,-1
7,20,1,1201,136,236,1,-1,-1,-1
8,0,2248,619,264,224,1,-1,-1,-1
8,1,617,564,220,276,1,-1,-1,-1
8,2,1259,424,225,175,1,-1,-1,-1
8,3,819,827,256,248,1,-1,-1,-1
8,4,1656,227,904,857,1,-1,-1,-1
8,5,554,312,120,224,1,-1,-1,-1
8,6,1263,278,132,172,1,-1,-1,-1
8,7,368,582,197,218,1,-1,-1,-1
8,8,1077,256,160,212,1,-1,-1,-1
8,9,663,264,172,156,1,-1,-1,-1
8,10,432,1064,228,296,1,-1,-1,-1
8,11,397,429,140,192,1,-1,-1,-1
8,12,2084,620,138,185,1,-1,-1,-1
8,13,1022,726,190,213,1,-1,-1,-1
8,14,60,938,312,260,1,-1,-1,-1
8,15,1946,301,120,148,1,-1,-1,-1
8,16,1657,737,110,305,1,-1,-1,-1
8,17,143,773,200,228,1,-1,-1,-1
8,18,363,961,324,196,1,-1,-1,-1
8,19,389,858,244,156,1,-1,-1,-1
8,20,1,1201,136,236,1,-1,-1,-1
9,0,2248,619,264,224,1,-1,-1,-1
9,1,628,580,228,288,1,-1,-1,-1
9,2,1236,416,232,184,1,-1,-1,-1
9,3,824,780,188,284,1,-1,-1,-1
9,4,1656,227,904,857,1,-1,-1,-1
9,5,552,312,116,216,1,-1,-1,-1
9,6,1276,284,120,148,1,-1,-1,-1
9,7,360,584,220,208,1,-1,-1,-1
9,8,1092,256,132,232,1,-1,-1,-1
9,9,660,264,172,164,1,-1,-1,-1
9,10,392,1080,224,340,1,-1,-1,-1
9,11,392,448,144,160,1,-1,-1,-1
9,12,2084,620,138,185,1,-1,-1,-1
9,13,1022,726,190,213,1,-1,-1,-1
9,14,60,936,308,288,1,-1,-1,-1
9,15,1944,300,128,160,1,-1,-1,-1
9,16,1657,737,110,305,1,-1,-1,-1
9,17,148,760,192,236,1,-1,-1,-1
9,18,392,980,304,160,1,-1,-1,-1
9,19,389,858,244,156,1,-1,-1,-1
9,20,0,1196,80,232,1,-1,-1,-1
9,21,952,292,1608,936,1,-1,-1,-1
9,22,1076,664,168,96,1,-1,-1,-1
9,23,1664,356,224,140,1,-1,-1,-1
10,0,2224,601,264,224,1,-1,-1,-1
10,1,628,580,228,288,1,-1,-1,-1
10,2,1221,416,232,184,1,-1,-1,-1
10,3,815,777,188,284,1,-1,-1,-1
10,4,1652,217,908,900,1,-1,-1,-1
10,5,552,312,116,216,1,-1,-1,-1
10,6,1276,283,120,148,1,-1,-1,-1
10,7,363,585,220,208,1,-1,-1,-1
10,8,1092,256,132,232,1,-1,-1,-1
10,9,660,264,172,164,1,-1,-1,-1
10,10,388,1087,224,340,1,-1,-1,-1
10,11,392,448,144,160,1,-1,-1,-1
10,12,2058,621,138,185,1,-1,-1,-1
10,13,992,811,190,213,1,-1,-1,-1
10,14,60,936,308,288,1,-1,-1,-1
10,15,1944,301,128,160,1,-1,-1,-1
10,16,1644,898,116,320,1,-1,-1,-1
10,17,151,754,192,236,1,-1,-1,-1
10,18,394,981,304,160,1,-1,-1,-1
10,19,391,855,244,156,1,-1,-1,-1
10,20,0,1196,80,232,1,-1,-1,-1
10,21,946,317,1608,936,1,-1,-1,-1
10,22,1076,663,168,96,1,-1,-1,-1
10,23,1660,355,224,140,1,-1,-1,-1
11,0,2231,593,264,224,1,-1,-1,-1
11,1,630,579,228,288,1,-1,-1,-1
11,2,1222,417,232,184,1,-1,-1,-1
11,3,811,780,188,284,1,-1,-1,-1
11,4,1673,215,887,900,1,-1,-1,-1
11,5,552,312,116,216,1,-1,-1,-1
11,6,1277,284,120,148,1,-1,-1,-1
11,7,364,585,220,208,1,-1,-1,-1
11,8,1092,257,132,232,1,-1,-1,-1
11,9,660,265,172,164,1,-1,-1,-1
11,10,386,1088,224,340,1,-1,-1,-1
11,11,392,448,144,160,1,-1,-1,-1
11,12,2056,615,138,185,1,-1,-1,-1
11,13,989,825,190,213,1,-1,-1,-1
11,14,60,936,308,288,1,-1,-1,-1
11,15,1945,301,128,160,1,-1,-1,-1
11,16,1640,923,122,336,1,-1,-1,-1
11,17,153,752,192,236,1,-1,-1,-1
11,18,395,982,304,160,1,-1,-1,-1
11,19,391,854,244,156,1,-1,-1,-1
11,20,0,1196,80,232,1,-1,-1,-1
11,21,947,322,1608,936,1,-1,-1,-1
11,22,1076,663,168,96,1,-1,-1,-1
11,23,1660,354,224,140,1,-1,-1,-1
12,0,2203,523,264,224,1,-1,-1,-1
12,1,630,578,228,288,1,-1,-1,-1
12,2,1211,418,232,184,1,-1,-1,-1
12,3,822,766,188,284,1,-1,-1,-1
12,4,1676,236,884,900,1,-1,-1,-1
12,5,552,312,116,216,1,-1,-1,-1
12,6,1277,283,120,148,1,-1,-1,-1
12,7,366,586,220,208,1,-1,-1,-1
12,8,1092,258,132,232,1,-1,-1,-1
12,9,661,265,172,164,1,-1,-1,-1
12,10,389,1090,224,340,1,-1,-1,-1
12,11,393,448,144,160,1,-1,-1,-1
12,12,2036,647,138,185,1,-1,-1,-1
12,13,951,871,190,213,1,-1,-1,-1
12,14,59,935,308,288,1,-1,-1,-1
12,15,1946,303,128,160,1,-1,-1,-1
12,17,155,745,192,236,1,-1,-1,-1
12,18,396,981,304,160,1,-1,-1,-1
12,19,392,854,244,156,1,-1,-1,-1
12,20,0,1197,80,232,1,-1,-1,-1
12,21,932,347,1608,936,1,-1,-1,-1
12,22,1075,659,168,96,1,-1,-1,-1
12,23,1655,353,224,140,1,-1,-1,-1
13,0,2179,534,251,213,1,-1,-1,-1
13,1,629,579,228,288,1,-1,-1,-1
13,2,1195,422,232,184,1,-1,-1,-1
13,3,795,760,188,284,1,-1,-1,-1
13,4,1677,247,883,900,1,-1,-1,-1
13,5,552,313,116,216,1,-1,-1,-1
13,6,1277,282,120,148,1,-1,-1,-1
13,7,369,588,220,208,1,-1,-1,-1
13,8,1092,259,132,232,1,-1,-1,-1
13,9,661,266,172,164,1,-1,-1,-1
13,10,393,1089,224,340,1,-1,-1,-1
13,11,394,449,144,160,1,-1,-1,-1
13,12,2000,663,138,185,1,-1,-1,-1
13,13,907,916,190,213,1,-1,-1,-1
13,14,59,935,308,288,1,-1,-1,-1
13,15,1944,305,128,160,1,-1,-1,-1
13,17,161,739,192,236,1,-1,-1,-1
13,18,398,975,304,160,1,-1,-1,-1
13,19,391,853,244,156,1,-1,-1,-1
13,20,0,1196,79,232,1,-1,-1,-1
13,21,917,370,1608,936,1,-1,-1,-1
13,22,1074,657,168,96,1,-1,-1,-1
13,23,1652,352,224,140,1,-1,-1,-1
14,0,2180,582,251,213,1,-1,-1,-1
14,1,628,579,228,288,1,-1,-1,-1
14,2,1182,432,221,175,1,-1,-1,-1
14,3,800,733,188,284,1,-1,-1,-1
14,4,1647,246,913,945,1,-1,-1,-1
14,5,552,313,116,216,1,-1,-1,-1
14,6,1277,282,120,148,1,-1,-1,-1
14,7,372,593,220,208,1,-1,-1,-1
14,8,1089,259,132,232,1,-1,-1,-1
14,9,661,266,172,164,1,-1,-1,-1
14,10,384,1079,235,357,1,-1,-1,-1
14,11,394,449,144,160,1,-1,-1,-1
14,12,1981,683,138,185,1,-1,-1,-1
14,13,944,966,190,213,1,-1,-1,-1
14,14,58,934,308,288,1,-1,-1,-1
14,15,1942,309,128,160,1,-1,-1,-1
14,17,178,721,192,236,1,-1,-1,-1
14,18,399,969,304,160,1,-1,-1,-1
14,19,391,849,244,156,1,-1,-1,-1
14,20,0,1195,79,232,1,-1,-1,-1
14,21,905,403,1608,936,1,-1,-1,-1
14,22,1073,655,168,96,1,-1,-1,-1
14,23,1650,352,224,140,1,-1,-1,-1
15,0,2177,601,251,213,1,-1,-1,-1
15,1,628,580,228,288,1,-1,-1,-1
15,2,1167,436,221,175,1,-1,-1,-1
15,3,832,678,188,284,1,-1,-1,-1
15,4,1658,256,902,945,1,-1,-1,-1
15,5,553,313,116,216,1,-1,-1,-1
15,6,1277,282,120,148,1,-1,-1,-1
15,7,375,596,220,208,1,-1,-1,-1
15,8,1085,259,132,232,1,-1,-1,-1
15,9,661,266,172,164,1,-1,-1,-1
15,10,380,1084,235,356,1,-1,-1,-1
15,11,394,448,144,160,1,-1,-1,-1
15,12,1975,717,145,194,1,-1,-1,-1
15,13,921,997,190,213,1,-1,-1,-1
15,14,58,933,308,288,1,-1,-1,-1
15,15,1940,315,128,160,1,-1,-1,-1
15,17,185,724,192,236,1,-1,-1,-1
15,18,393,963,319,168,1,-1,-1,-1
15,19,388,847,244,156,1,-1,-1,-1
15,20,0,1193,79,232,1,-1,-1,-1
15,21,891,427,1608,936,1,-1,-1,-1
15,22,1067,650,176,101,1,-1,-1,-1
15,23,1647,352,224,140,1,-1,-1,-1
16,0,2170,631,251,213,1,-1,-1,-1
16,1,630,580,228,288,1,-1,-1,-1
16,2,1148,440,221,175,1,-1,-1,-1
16,3,828,679,188,284,1,-1,-1,-1
16,5,553,314,116,216,1,-1,-1,-1
16,6,1277,282,120,148,1,-1,-1,-1
16,7,375,599,220,208,1,-1,-1,-1
16,8,1082,258,132,232,1,-1,-1,-1
16,9,661,265,172,164,1,-1,-1,-1
16,10,362,1075,247,365,1,-1,-1,-1
16,11,395,447,144,160,1,-1,-1,-1
16,13,883,1025,190,213,1,-1,-1,-1
16,14,60,933,308,288,1,-1,-1,-1
16,15,1934,323,134,168,1,-1,-1,-1
16,17,194,727,192,236,1,-1,-1,-1
16,18,393,958,319,168,1,-1,-1,-1
16,19,387,846,244,156,1,-1,-1,-1
16,20,0,1190,78,232,1,-1,-1,-1
16,21,886,442,1608,936,1,-1,-1,-1
16,22,1064,646,176,101,1,-1,-1,-1
16,23,1644,350,224,140,1,-1,-1,-1
17,0,2170,631,251,213,1,-1,-1,-1
17,1,632,580,224,296,1,-1,-1,-1
17,2,1152,448,236,188,1,-1,-1,-1
17,3,836,700,148,212,1,-1,-1,-1
17,5,552,312,116,216,1,-1,-1,-1
17,6,1280,280,116,156,1,-1,-1,-1
17,7,376,620,232,208,1,-1,-1,-1
17,8,1092,260,112,240,1,-1,-1,-1
17,9,660,264,176,164,1,-1,-1,-1
17,10,362,1075,247,365,1,-1,-1,-1
17,11,392,444,144,180,1,-1,-1,-1
17,13,883,1025,190,213,1,-1,-1,-1
17,14,60,940,304,220,1,-1,-1,-1
17,15,1940,312,124,196,1,-1,-1,-1
17,17,192,728,168,284,1,-1,-1,-1
17,18,408,892,296,264,1,-1,-1,-1
17,19,384,848,248,160,1,-1,-1,-1
17,20,0,1180,92,252,1,-1,-1,-1
17,21,886,442,1608,936,1,-1,-1,-1
17,22,1064,646,176,101,1,-1,-1,-1
17,23,1644,348,216,192,1,-1,-1,-1
17,24,232,1152,356,268,1,-1,-1,-1
17,25,1004,644,240,228,1,-1,-1,-1
17,26,1656,580,124,124,1,-1,-1,-1
17,27,1836,492,212,132,1,-1,-1,-1
17,28,1780,256,156,132,1,-1,-1,-1
17,29,2104,240,152,156,1,-1,-1,-1
18,1,632,578,224,296,1,-1,-1,-1
18,2,1149,449,236,188,1,-1,-1,-1
18,3,833,698,148,212,1,-1,-1,-1
18,5,552,312,116,216,1,-1,-1,-1
18,6,1280,280,116,156,1,-1,-1,-1
18,7,376,619,232,208,1,-1,-1,-1
18,8,1090,260,112,240,1,-1,-1,-1
18,9,661,264,176,164,1,-1,-1,-1
18,10,355,1076,247,364,1,-1,-1,-1
18,11,393,443,144,180,1,-1,-1,-1
18,14,60,939,304,220,1,-1,-1,-1
18,15,1938,315,124,196,1,-1,-1,-1
18,17,198,727,168,284,1,-1,-1,-1
18,18,400,890,296,264,1,-1,-1,-1
18,19,382,846,248,160,1,-1,-1,-1
18,20,0,1179,91,252,1,-1,-1,-1
18,21,872,457,1608,936,1,-1,-1,-1
18,22,1065,642,176,101,1,-1,-1,-1
18,23,1639,348,216,192,1,-1,-1,-1
18,24,218,1148,356,268,1,-1,-1,-1
18,25,1003,644,240,228,1,-1,-1,-1
18,26,1655,581,124,124,1,-1,-1,-1
18,27,1831,493,212,132,1,-1,-1,-1
18,28,1779,256,156,132,1,-1,-1,-1
18,29,2104,240,152,156,1,-1,-1,-1
19,1,631,577,224,296,1,-1,-1,-1
19,2,1145,452,236,188,1,-1,-1,-1
19,3,829,697,148,212,1,-1,-1,-1
19,5,553,312,116,216,1,-1,-1,-1
19,6,1281,280,116,156,1,-1,-1,-1
19,7,377,620,232,208,1,-1,-1,-1
19,8,1089,261,112,240,1,-1,-1,-1
19,9,661,264,176,164,1,-1,-1,-1
19,10,351,1070,247,370,1,-1,-1,-1
19,11,395,441,144,180,1,-1,-1,-1
19,14,60,939,304,220,1,-1,-1,-1
19,15,1936,319,124,196,1,-1,-1,-1
19,17,204,727,168,284,1,-1,-1,-1
19,18,394,884,296,264,1,-1,-1,-1
19,19,386,846,236,152,1,-1,-1,-1
19,20,0,1180,88,252,1,-1,-1,-1
19,21,871,480,1608,936,1,-1,-1,-1
19,22,1066,642,176,101,1,-1,-1,-1
19,23,1630,346,216,192,1,-1,-1,-1
19,24,201,1139,356,268,1,-1,-1,-1
19,25,1003,644,240,228,1,-1,-1,-1
19,26,1655,583,124,124,1,-1,-1,-1
19,27,1829,495,212,132,1,-1,-1,-1
19,28,1779,257,156,132,1,-1,-1,-1
19,29,2104,240,152,156,1,-1,-1,-1
20,1,632,576,224,296,1,-1,-1,-1
20,2,1141,451,236,188,1,-1,-1,-1
20,3,826,695,148,212,1,-1,-1,-1
20,5,553,312,116,216,1,-1,-1,-1
20,6,1282,281,116,156,1,-1,-1,-1
20,7,376,621,232,208,1,-1,-1,-1
20,8,1088,261,112,240,1,-1,-1,-1
20,9,661,265,176,164,1,-1,-1,-1
20,10,347,1064,247,375,1,-1,-1,-1
20,11,397,439,144,180,1,-1,-1,-1
20,14,60,939,304,220,1,-1,-1,-1
20,15,1930,315,130,206,1,-1,-1,-1
20,17,207,729,168,284,1,-1,-1,-1
20,18,396,881,282,251,1,-1,-1,-1
20,19,381,842,236,152,1,-1,-1,-1
20,20,0,1180,84,252,1,-1,-1,-1
20,21,880,487,1608,936,1,-1,-1,-1
20,22,1067,641,176,101,1,-1,-1,-1
20,23,1615,342,216,192,1,-1,-1,-1
20,24,182,1127,374,281,1,-1,-1,-1
20,25,1004,645,240,228,1,-1,-1,-1
20,26,1656,585,124,124,1,-1,-1,-1
20,27,1822,492,223,139,1,-1,-1,-1
20,28,1779,257,156,132,1,-1,-1,-1
20,29,2104,240,152,156,1,-1,-1,-1
21,1,632,577,224,296,1,-1,-1,-1
21,2,1134,451,236,188,1,-1,-1,-1
21,3,822,698,148,212,1,-1,-1,-1
21,5,553,312,116,216,1,-1,-1,-1
21,6,1283,282,116,156,1,-1,-1,-1
21,7,377,622,232,208,1,-1,-1,-1
21,8,1088,261,112,240,1,-1,-1,-1
21,9,660,264,176,164,1,-1,-1,-1
21,10,328,1051,259,389,1,-1,-1,-1
21,11,398,440,144,180,1,-1,-1,-1
21,14,60,939,304,220,1,-1,-1,-1
21,15,1928,315,130,206,1,-1,-1,-1
21,17,209,731,168,284,1,-1,-1,-1
21,18,394,872,282,251,1,-1,-1,-1
21,19,385,839,225,145,1,-1,-1,-1
21,20,0,1180,79,252,1,-1,-1,-1
21,21,835,472,1688,968,1,-1,-1,-1
21,22,1071,646,168,96,1,-1,-1,-1
21,23,1600,339,216,192,1,-1,-1,-1
21,24,183,1127,356,268,1,-1,-1,-1
21,25,1004,645,240,228,1,-1,-1,-1
21,26,1656,586,124,124,1,-1,-1,-1
21,27,1817,487,234,146,1,-1,-1,-1
21,28,1779,257,156,132,1,-1,-1,-1
21,29,2104,240,152,156,1,-1,-1,-1
22,1,631,577,224,296,1,-1,-1,-1
22,2,1123,453,236,188,1,-1,-1,-1
22,3,816,694,155,223,1,-1,-1,-1
22,5,552,312,116,216,1,-1,-1,-1
22,6,1284,282,116,156,1,-1,-1,-1
22,7,378,622,232,208,1,-1,-1,-1
22,8,1087,262,112,240,1,-1,-1,-1
22,9,660,264,176,164,1,-1,-1,-1
22,10,293,1042,259,394,1,-1,-1,-1
22,11,398,440,144,180,1,-1,-1,-1
22,14,60,939,304,220,1,-1,-1,-1
22,15,1927,315,130,206,1,-1,-1,-1
22,17,210,728,168,284,1,-1,-1,-1
22,18,388,860,282,251,1,-1,-1,-1
22,19,382,825,225,145,1,-1,-1,-1
22,20,0,1170,77,252,1,-1,-1,-1
22,21,824,465,1688,975,1,-1,-1,-1
22,23,1583,336,216,192,1,-1,-1,-1
22,24,180,1119,356,268,1,-1,-1,-1
22,25,1005,646,240,228,1,-1,-1,-1
22,26,1658,585,124,124,1,-1,-1,-1
22,27,1818,484,234,146,1,-1,-1,-1
22,28,1780,257,156,132,1,-1,-1,-1
22,29,2104,241,152,156,1,-1,-1,-1
23,1,631,576,224,296,1,-1,-1,-1
23,2,1121,453,236,188,1,-1,-1,-1
23,3,815,694,155,223,1,-1,-1,-1
23,5,553,312,116,216,1,-1,-1,-1
23,6,1284,282,116,156,1,-1,-1,-1
23,7,378,622,232,208,1,-1,-1,-1
23,8,1086,262,112,240,1,-1,-1,-1
23,9,661,265,176,164,1,-1,-1,-1
23,11,398,439,144,180,1,-1,-1,-1
23,14,60,939,304,220,1,-1,-1,-1
23,15,1926,316,130,206,1,-1,-1,-1
23,17,210,729,168,284,1,-1,-1,-1
23,18,390,859,282,251,1,-1,-1,-1
23,19,382,828,225,145,1,-1,-1,-1
23,20,0,1200,74,240,1,-1,-1,-1
23,21,812,469,1688,971,1,-1,-1,-1
23,23,1584,334,216,192,1,-1,-1,-1
23,24,180,1117,356,268,1,-1,-1,-1
23,25,1005,645,240,228,1,-1,-1,-1
23,26,1659,585,124,124,1,-1,-1,-1
23,27,1819,483,234,146,1,-1,-1,-1
23,28,1781,257,156,132,1,-1,-1,-1
23,29,2104,240,152,156,1,-1,-1,-1
24,1,632,577,224,296,1,-1,-1,-1
24,2,1104,454,236,188,1,-1,-1,-1
24,3,813,692,155,223,1,-1,-1,-1
24,5,553,311,116,216,1,-1,-1,-1
24,6,1284,282,116,156,1,-1,-1,-1
24,7,379,622,232,208,1,-1,-1,-1
24,8,1086,263,112,240,1,-1,-1,-1
24,9,660,265,176,164,1,-1,-1,-1
24,11,398,439,144,180,1,-1,-1,-1
24,14,60,940,304,220,1,-1,-1,-1
24,15,1924,317,130,206,1,-1,-1,-1
24,17,210,729,168,284,1,-1,-1,-1
24,18,384,852,282,251,1,-1,-1,-1
24,19,379,818,225,145,1,-1,-1,-1
24,20,0,1199,74,240,1,-1,-1,-1
24,21,824,464,1688,976,1,-1,-1,-1
24,23,1578,335,216,192,1,-1,-1,-1
24,24,179,1113,356,268,1,-1,-1,-1
24,25,1007,647,240,228,1,-1,-1,-1
24,26,1659,585,124,124,1,-1,-1,-1
24,27,1822,483,234,146,1,-1,-1,-1
24,28,1783,257,156,132,1,-1,-1,-1
24,29,2105,241,152,156,1,-1,-1,-1
25,1,632,577,224,296,1,-1,-1,-1
25,2,1084,448,224,184,1,-1,-1,-1
25,3,813,692,155,223,1,-1,-1,-1
25,5,552,312,116,220,1,-1,-1,-1
25,6,1280,280,116,160,1,-1,-1,-1
25,7,368,636,272,196,1,-1,-1,-1
25,8,1084,260,124,200,1,-1,-1,-1
25,9,660,264,176,168,1,-1,-1,-1
25,11,392,440,148,192,1,-1,-1,-1
25,14,56,940,308,208,1,-1,-1,-1
25,15,1924,324,124,192,1,-1,-1,-1
25,17,220,748,160,284,1,-1,-1,-1
25,18,404,828,308,240,1,-1,-1,-1
25,19,380,812,232,176,1,-1,-1,-1
25,20,0,1199,74,240,1,-1,-1,-1
25,21,464,400,2096,904,1,-1,-1,-1
25,23,1578,335,216,192,1,-1,-1,-1
25,24,168,1104,348,288,1,-1,-1,-1
25,25,1012,656,232,232,1,-1,-1,-1
25,26,1660,576,120,140,1,-1,-1,-1
25,27,1808,500,232,136,1,-1,-1,-1
25,28,1783,257,156,132,1,-1,-1,-1
25,29,2105,241,152,156,1,-1,-1,-1
26,1,635,573,224,296,1,-1,-1,-1
26,2,1073,447,224,184,1,-1,-1,-1
26,3,812,688,155,223,1,-1,-1,-1
26,5,552,312,116,220,1,-1,-1,-1
26,6,1280,280,116,160,1,-1,-1,-1
26,7,369,637,272,196,1,-1,-1,-1
26,8,1083,259,124,200,1,-1,-1,-1
26,9,660,264,176,168,1,-1,-1,-1
26,11,393,440,148,192,1,-1,-1,-1
26,14,57,940,308,208,1,-1,-1,-1
26,15,1924,325,124,192,1,-1,-1,-1
26,17,219,748,160,284,1,-1,-1,-1
26,18,407,823,308,240,1,-1,-1,-1
26,19,381,811,232,176,1,-1,-1,-1
26,20,0,1191,73,240,1,-1,-1,-1
26,21,459,393,2096,904,1,-1,-1,-1
26,23,1570,335,216,192,1,-1,-1,-1
26,24,166,1103,348,288,1,-1,-1,-1
26,25,1013,660,232,232,1,-1,-1,-1
26,26,1661,575,120,140,1,-1,-1,-1
26,27,1808,500,232,136,1,-1,-1,-1
26,28,1783,257,156,132,1,-1,-1,-1
26,29,2105,240,152,156,1,-1,-1,-1
27,1,636,571,224,296,1,-1,-1,-1
27,2,1052,439,235,193,1,-1,-1,-1
27,3,812,681,155,223,1,-1,-1,-1
27,5,553,313,116,220,1,-1,-1,-1
27,6,1281,281,116,160,1,-1,-1,-1
27,7,370,637,272,196,1,-1,-1,-1
27,8,1084,261,124,200,1,-1,-1,-1
27,9,661,265,176,168,1,-1,-1,-1
27,11,393,439,148,192,1,-1,-1,-1
27,14,56,941,308,208,1,-1,-1,-1
27,15,1924,326,124,192,1,-1,-1,-1
27,17,218,748,160,284,1,-1,-1,-1
27,18,413,819,308,240,1,-1,-1,-1
27,19,383,811,232,176,1,-1,-1,-1
27,20,0,1218,72,222,1,-1,-1,-1
27,21,464,384,2096,904,1,-1,-1,-1
27,23,1565,334,216,192,1,-1,-1,-1
27,24,164,1107,348,288,1,-1,-1,-1
27,25,1013,665,232,232,1,-1,-1,-1
27,26,1660,570,120,140,1,-1,-1,-1
27,27,1804,499,232,136,1,-1,-1,-1
27,28,1786,258,156,132,1,-1,-1,-1
27,29,2105,240,152,156,1,-1,-1,-1
28,1,640,568,224,296,1,-1,-1,-1
28,2,1038,438,235,193,1,-1,-1,-1
28,3,815,683,155,223,1,-1,-1,-1
28,5,552,313,116,220,1,-1,-1,-1
28,6,1281,282,116,160,1,-1,-1,-1
28,7,373,636,272,196,1,-1,-1,-1
28,8,1084,261,124,200,1,-1,-1,-1
28,9,661,264,176,168,1,-1,-1,-1
28,11,394,436,148,192,1,-1,-1,-1
28,14,56,941,308,208,1,-1,-1,-1
28,15,1922,326,124,192,1,-1,-1,-1
28,17,217,748,160,284,1,-1,-1,-1
28,18,418,826,308,240,1,-1,-1,-1
28,19,387,810,232,176,1,-1,-1,-1
28,20,0,1218,78,222,1,-1,-1,-1
28,21,474,366,2086,904,1,-1,-1,-1
28,23,1560,334,216,192,1,-1,-1,-1
28,24,149,1103,365,302,1,-1,-1,-1
28,25,1013,671,221,221,1,-1,-1,-1
28,26,1656,562,120,140,1,-1,-1,-1
28,27,1796,496,232,136,1,-1,-1,-1
28,28,1789,258,156,132,1,-1,-1,-1
28,29,2105,240,152,156,1,-1,-1,-1
29,1,645,573,213,282,1,-1,-1,-1
29,2,1038,439,235,193,1,-1,-1,-1
29,3,815,683,155,223,1,-1,-1,-1
29,5,552,313,116,220,1,-1,-1,-1
29,6,1282,282,116,160,1,-1,-1,-1
29,7,373,636,272,196,1,-1,-1,-1
29,8,1084,261,124,200,1,-1,-1,-1
29,9,661,265,176,168,1,-1,-1,-1
29,11,394,436,148,192,1,-1,-1,-1
29,14,56,941,308,208,1,-1,-1,-1
29,15,1922,327,124,192,1,-1,-1,-1
29,17,217,747,160,284,1,-1,-1,-1
29,18,421,826,308,240,1,-1,-1,-1
29,19,388,809,232,176,1,-1,-1,-1
29,20,0,1219,80,221,1,-1,-1,-1
29,21,470,362,2090,904,1,-1,-1,-1
29,23,1560,335,216,192,1,-1,-1,-1
29,24,149,1106,365,302,1,-1,-1,-1
29,25,1017,672,221,221,1,-1,-1,-1
29,26,1655,561,120,140,1,-1,-1,-1
29,27,1794,498,232,136,1,-1,-1,-1
29,28,1793,261,149,126,1,-1,-1,-1
29,29,2105,240,152,156,1,-1,-1,-1
30,1,646,574,213,282,1,-1,-1,-1
30,2,1019,437,235,193,1,-1,-1,-1
30,3,829,686,155,223,1,-1,-1,-1
30,5,552,313,116,220,1,-1,-1,-1
30,6,1282,283,116,160,1,-1,-1,-1
30,7,374,632,272,196,1,-1,-1,-1
30,8,1085,261,124,200,1,-1,-1,-1
30,9,661,264,176,168,1,-1,-1,-1
30,11,392,435,148,192,1,-1,-1,-1
30,14,55,940,308,208,1,-1,-1,-1
30,15,1922,329,124,192,1,-1,-1,-1
30,17,216,746,160,284,1,-1,-1,-1
30,18,425,818,323,252,1,-1,-1,-1
30,19,392,806,232,176,1,-1,-1,-1
30,20,2,1217,83,223,1,-1,-1,-1
30,21,470,353,2090,904,1,-1,-1,-1
30,23,1554,338,216,192,1,-1,-1,-1
30,24,149,1116,348,288,1,-1,-1,-1
30,25,1019,663,210,210,1,-1,-1,-1
30,26,1658,532,120,140,1,-1,-1,-1
30,27,1788,498,232,136,1,-1,-1,-1
30,28,1794,260,149,126,1,-1,-1,-1
30,29,2105,239,152,156,1,-1,-1,-1
31,1,649,578,213,282,1,-1,-1,-1
31,2,1003,437,235,193,1,-1,-1,-1
31,3,780,757,155,223,1,-1,-1,-1
31,5,552,313,116,220,1,-1,-1,-1
31,6,1282,284,116,160,1,-1,-1,-1
31,7,375,630,272,196,1,-1,-1,-1
31,8,1085,260,124,200,1,-1,-1,-1
31,9,661,264,176,168,1,-1,-1,-1
31,11,394,432,148,192,1,-1,-1,-1
31,14,54,940,308,208,1,-1,-1,-1
31,15,1924,332,124,192,1,-1,-1,-1
31,17,215,745,160,284,1,-1,-1,-1
31,18,437,799,340,265,1,-1,-1,-1
31,19,387,800,244,185,1,-1,-1,-1
31,21,474,335,2086,904,1,-1,-1,-1
31,23,1545,340,216,192,1,-1,-1,-1
31,24,143,1119,348,288,1,-1,-1,-1
31,25,1021,680,200,200,1,-1,-1,-1
31,26,1654,514,120,140,1,-1,-1,-1
31,27,1788,498,221,130,1,-1,-1,-1
31,28,1798,258,149,126,1,-1,-1,-1
31,29,2105,240,152,156,1,-1,-1,-1
32,1,647,577,213,282,1,-1,-1,-1
32,2,991,444,224,184,1,-1,-1,-1
32,3,802,759,155,223,1,-1,-1,-1
32,5,552,312,116,220,1,-1,-1,-1
32,6,1282,285,116,160,1,-1,-1,-1
32,7,376,627,272,196,1,-1,-1,-1
32,8,1084,260,124,200,1,-1,-1,-1
32,9,661,264,176,168,1,-1,-1,-1
32,11,395,429,148,192,1,-1,-1,-1
32,14,54,939,308,208,1,-1,-1,-1
32,15,1926,339,124,192,1,-1,-1,-1
32,17,214,745,160,284,1,-1,-1,-1
32,18,469,771,340,265,1,-1,-1,-1
32,19,381,798,244,185,1,-1,-1,-1
32,21,483,304,2077,904,1,-1,-1,-1
32,23,1542,341,216,192,1,-1,-1,-1
32,24,129,1122,348,288,1,-1,-1,-1
32,25,1026,546,210,210,1,-1,-1,-1
32,26,1655,496,120,140,1,-1,-1,-1
32,27,1788,497,210,123,1,-1,-1,-1
32,28,1804,258,149,126,1,-1,-1,-1
32,29,2106,241,152,156,1,-1,-1,-1
33,1,648,564,168,208,1,-1,-1,-1
33,2,964,436,220,200,1,-1,-1,-1
33,3,802,759,155,223,1,-1,-1,-1
33,5,552,316,116,216,1,-1,-1,-1
33,6,1280,284,120,156,1,-1,-1,-1
33,7,384,616,260,180,1,-1,-1,-1
33,8,1084,260,116,220,1,-1,-1,-1
33,9,660,268,172,168,1,-1,-1,-1
33,11,412,420,116,148,1,-1,-1,-1
33,14,64,940,304,208,1,-1,-1,-1
33,15,1924,344,124,176,1,-1,-1,-1
33,17,196,744,168,252,1,-1,-1,-1
33,18,469,771,340,265,1,-1,-1,-1
33,19,381,798,244,185,1,-1,-1,-1
33,21,728,328,1828,788,1,-1,-1,-1
33,23,1542,341,216,192,1,-1,-1,-1
33,24,100,1144,364,252,1,-1,-1,-1
33,25,1026,546,210,210,1,-1,-1,-1
33,26,1655,496,120,140,1,-1,-1,-1
33,27,1788,497,210,123,1,-1,-1,-1
33,28,1804,258,149,126,1,-1,-1,-1
33,29,2106,241,152,156,1,-1,-1,-1
33,30,1816,272,192,160,1,-1,-1,-1
34,1,649,559,168,208,1,-1,-1,-1
34,2,947,436,220,200,1,-1,-1,-1
34,3,806,704,148,212,1,-1,-1,-1
34,5,552,316,116,216,1,-1,-1,-1
34,6,1280,284,120,156,1,-1,-1,-1
34,7,384,611,260,180,1,-1,-1,-1
34,8,1083,260,116,220,1,-1,-1,-1
34,9,660,267,172,168,1,-1,-1,-1
34,11,411,418,116,148,1,-1,-1,-1
34,14,66,940,304,208,1,-1,-1,-1
34,15,1925,346,124,176,1,-1,-1,-1
34,17,198,745,168,252,1,-1,-1,-1
34,18,506,741,340,265,1,-1,-1,-1
34,19,381,790,244,185,1,-1,-1,-1
34,21,750,315,1810,788,1,-1,-1,-1
34,23,1524,345,227,202,1,-1,-1,-1
34,24,97,1145,364,252,1,-1,-1,-1
34,25,1061,522,210,210,1,-1,-1,-1
34,26,1643,454,120,140,1,-1,-1,-1
34,27,1820,515,210,123,1,-1,-1,-1
34,28,1820,256,149,126,1,-1,-1,-1
34,29,2106,240,152,156,1,-1,-1,-1
34,30,1821,273,192,160,1,-1,-1,-1
35,1,649,558,168,208,1,-1,-1,-1
35,2,947,437,220,200,1,-1,-1,-1
35,3,809,706,141,202,1,-1,-1,-1
35,5,552,317,116,216,1,-1,-1,-1
35,6,1280,284,120,156,1,-1,-1,-1
35,7,385,610,260,180,1,-1,-1,-1
35,8,1083,260,116,220,1,-1,-1,-1
35,9,660,267,172,168,1,-1,-1,-1
35,11,410,418,116,148,1,-1,-1,-1
35,14,66,941,304,208,1,-1,-1,-1
35,15,1926,347,124,176,1,-1,-1,-1
35,17,199,745,168,252,1,-1,-1,-1
35,18,504,743,340,265,1,-1,-1,-1
35,19,382,789,244,185,1,-1,-1,-1
35,21,748,307,1812,788,1,-1,-1,-1
35,23,1523,345,227,202,1,-1,-1,-1
35,24,96,1146,364,252,1,-1,-1,-1
35,25,1075,519,210,210,1,-1,-1,-1
35,26,1645,459,114,133,1,-1,-1,-1
35,27,1838,520,200,117,1,-1,-1,-1
35,28,1822,255,149,126,1,-1,-1,-1
35,29,2107,240,152,156,1,-1,-1,-1
35,30,1822,274,192,160,1,-1,-1,-1
36,1,647,550,168,208,1,-1,-1,-1
36,2,924,432,231,210,1,-1,-1,-1
36,3,807,707,141,202,1,-1,-1,-1
36,5,552,317,116,216,1,-1,-1,-1
36,6,1280,285,120,156,1,-1,-1,-1
36,7,387,608,260,180,1,-1,-1,-1
36,8,1082,260,116,220,1,-1,-1,-1
36,9,660,267,172,168,1,-1,-1,-1
36,11,409,414,116,148,1,-1,-1,-1
36,14,68,940,304,208,1,-1,-1,-1
36,15,1928,351,124,176,1,-1,-1,-1
36,17,199,742,168,252,1,-1,-1,-1
36,18,528,736,340,265,1,-1,-1,-1
36,19,386,788,244,185,1,-1,-1,-1
36,21,783,281,1777,788,1,-1,-1,-1
36,23,1518,345,227,202,1,-1,-1,-1
36,24,92,1146,364,252,1,-1,-1,-1
36,25,981,465,200,200,1,-1,-1,-1
36,26,1639,457,109,127,1,-1,-1,-1
36,27,1850,524,191,112,1,-1,-1,-1
36,28,1830,253,149,126,1,-1,-1,-1
36,29,2108,241,152,156,1,-1,-1,-1
36,30,1828,274,192,160,1,-1,-1,-1
37,1,631,538,168,208,1,-1,-1,-1
37,2,902,429,231,210,1,-1,-1,-1
37,3,790,706,141,202,1,-1,-1,-1
37,5,552,317,116,216,1,-1,-1,-1
37,6,1281,285,120,156,1,-1,-1,-1
37,7,388,604,260,180,1,-1,-1,-1
37,8,1083,260,116,220,1,-1,-1,-1
37,9,660,266,172,168,1,-1,-1,-1
37,11,408,409,116,148,1,-1,-1,-1
37,14,69,938,304,208,1,-1,-1,-1
37,15,1935,356,124,176,1,-1,-1,-1
37,17,199,742,168,252,1,-1,-1,-1
37,18,552,733,340,265,1,-1,-1,-1
37,19,395,785,244,185,1,-1,-1,-1
37,21,788,261,1772,788,1,-1,-1,-1
37,23,1512,345,227,202,1,-1,-1,-1
37,24,87,1144,364,252,1,-1,-1,-1
37,25,942,448,200,200,1,-1,-1,-1
37,26,1641,460,109,127,1,-1,-1,-1
37,27,1834,525,182,107,1,-1,-1,-1
37,28,1843,253,149,126,1,-1,-1,-1
37,29,2108,241,152,156,1,-1,-1,-1
37,30,1836,274,192,160,1,-1,-1,-1
38,1,617,540,168,208,1,-1,-1,-1
38,2,887,423,231,210,1,-1,-1,-1
38,3,763,711,141,202,1,-1,-1,-1
38,5,552,317,116,216,1,-1,-1,-1
38,6,1281,285,120,156,1,-1,-1,-1
38,7,390,600,260,180,1,-1,-1,-1
38,8,1082,258,116,220,1,-1,-1,-1
38,9,660,267,172,168,1,-1,-1,-1
38,11,404,405,116,148,1,-1,-1,-1
38,14,69,935,304,208,1,-1,-1,-1
38,15,1941,352,124,176,1,-1,-1,-1
38,17,199,741,168,252,1,-1,-1,-1
38,19,407,779,244,185,1,-1,-1,-1
38,21,754,228,1806,788,1,-1,-1,-1
38,23,1506,344,227,202,1,-1,-1,-1
38,24,75,1150,347,240,1,-1,-1,-1
38,28,1847,253,149,126,1,-1,-1,-1
38,29,2108,240,152,156,1,-1,-1,-1
38,30,1843,273,192,160,1,-1,-1,-1
39,1,593,536,176,218,1,-1,-1,-1
39,2,864,422,231,210,1,-1,-1,-1
39,3,744,715,141,202,1,-1,-1,-1
39,5,552,317,116,216,1,-1,-1,-1
39,6,1281,285,120,156,1,-1,-1,-1
39,7,392,597,260,180,1,-1,-1,-1
39,8,1082,258,116,220,1,-1,-1,-1
39,9,660,267,172,168,1,-1,-1,-1
39,11,403,400,116,148,1,-1,-1,-1
39,14,70,930,304,208,1,-1,-1,-1
39,15,1944,354,124,176,1,-1,-1,-1
39,17,200,740,168,252,1,-1,-1,-1
39,19,419,773,244,185,1,-1,-1,-1
39,21,726,235,1828,788,1,-1,-1,-1
39,23,1497,340,227,202,1,-1,-1,-1
39,24,55,1141,364,252,1,-1,-1,-1
39,28,1846,251,149,126,1,-1,-1,-1
39,29,2110,237,152,156,1,-1,-1,-1
39,30,1846,270,192,160,1,-1,-1,-1
40,1,590,518,176,218,1,-1,-1,-1
40,2,848,415,231,210,1,-1,-1,-1
40,3,732,715,141,202,1,-1,-1,-1
40,5,552,317,116,216,1,-1,-1,-1
40,6,1281,285,120,156,1,-1,-1,-1
40,7,387,586,273,189,1,-1,-1,-1
40,8,1080,256,116,220,1,-1,-1,-1
40,9,660,266,172,168,1,-1,-1,-1
40,11,401,396,116,148,1,-1,-1,-1
40,14,71,926,304,208,1,-1,-1,-1
40,15,1922,359,124,176,1,-1,-1,-1
40,17,196,734,176,265,1,-1,-1,-1
40,19,430,769,244,185,1,-1,-1,-1
40,21,724,256,1828,788,1,-1,-1,-1
40,23,1499,343,227,202,1,-1,-1,-1
40,24,37,1139,364,252,1,-1,-1,-1
40,28,1843,250,149,126,1,-1,-1,-1
40,29,2110,235,152,156,1,-1,-1,-1
40,30,1841,268,192,160,1,-1,-1,-1
41,1,590,518,176,218,1,-1,-1,-1
41,2,848,415,231,210,1,-1,-1,-1
41,3,732,715,141,202,1,-1,-1,-1
41,5,552,317,116,216,1,-1,-1,-1
41,6,1280,284,116,148,1,-1,-1,-1
41,7,387,586,273,189,1,-1,-1,-1
41,8,1080,256,116,220,1,-1,-1,-1
41,9,660,266,172,168,1,-1,-1,-1
41,11,401,396,116,148,1,-1,-1,-1
41,14,71,926,304,208,1,-1,-1,-1
41,15,1922,359,124,176,1,-1,-1,-1
41,17,196,734,176,265,1,-1,-1,-1
41,19,430,769,244,185,1,-1,-1,-1
41,21,724,256,1828,788,1,-1,-1,-1
41,23,1499,343,227,202,1,-1,-1,-1
41,24,37,1139,364,252,1,-1,-1,-1
41,28,1843,250,149,126,1,-1,-1,-1
41,29,2110,235,152,156,1,-1,-1,-1
41,30,1841,268,192,160,1,-1,-1,-1
41,31,1752,284,808,564,1,-1,-1,-1
42,1,637,491,176,218,1,-1,-1,-1
42,2,838,407,231,210,1,-1,-1,-1
42,3,730,715,141,202,1,-1,-1,-1
42,5,552,317,116,216,1,-1,-1,-1
42,6,1280,284,116,148,1,-1,-1,-1
42,7,390,583,273,189,1,-1,-1,-1
42,8,1082,258,110,210,1,-1,-1,-1
42,9,661,266,172,168,1,-1,-1,-1
42,11,400,394,116,148,1,-1,-1,-1
42,14,76,929,290,198,1,-1,-1,-1
42,15,1940,364,124,176,1,-1,-1,-1
42,17,196,736,176,265,1,-1,-1,-1
42,21,737,312,1741,750,1,-1,-1,-1
42,23,1497,343,227,202,1,-1,-1,-1
42,24,4,1136,382,265,1,-1,-1,-1
42,28,1843,253,149,126,1,-1,-1,-1
42,29,2109,232,152,156,1,-1,-1,-1
42,30,1842,273,192,160,1,-1,-1,-1
42,31,1772,282,788,564,1,-1,-1,-1
43,1,593,508,168,208,1,-1,-1,-1
43,2,836,406,231,210,1,-1,-1,-1
43,3,730,720,141,202,1,-1,-1,-1
43,5,552,317,116,216,1,-1,-1,-1
43,6,1281,284,116,148,1,-1,-1,-1
43,7,389,582,273,189,1,-1,-1,-1
43,8,1080,261,110,210,1,-1,-1,-1
43,9,660,267,172,168,1,-1,-1,-1
43,11,398,392,116,148,1,-1,-1,-1
43,14,73,927,290,198,1,-1,-1,-1
43,15,1941,369,124,176,1,-1,-1,-1
43,17,199,736,176,265,1,-1,-1,-1
43,21,702,301,1828,788,1,-1,-1,-1
43,23,1488,344,227,202,1,-1,-1,-1
43,24,2,1134,382,265,1,-1,-1,-1
43,28,1842,253,149,126,1,-1,-1,-1
43,29,2109,241,152,156,1,-1,-1,-1
43,30,1840,275,192,160,1,-1,-1,-1
43,31,1759,286,801,564,1,-1,-1,-1
44,1,590,511,168,208,1,-1,-1,-1
44,2,835,407,231,210,1,-1,-1,-1
44,3,730,719,148,212,1,-1,-1,-1
44,5,551,316,116,216,1,-1,-1,-1
44,6,1281,284,116,148,1,-1,-1,-1
44,7,386,577,287,198,1,-1,-1,-1
44,8,1079,263,110,210,1,-1,-1,-1
44,9,659,265,172,168,1,-1,-1,-1
44,11,398,390,116,148,1,-1,-1,-1
44,14,67,923,290,198,1,-1,-1,-1
44,15,1940,374,124,176,1,-1,-1,-1
44,17,200,731,176,265,1,-1,-1,-1
44,21,702,289,1828,788,1,-1,-1,-1
44,23,1480,344,227,202,1,-1,-1,-1
44,24,0,1135,382,265,1,-1,-1,-1
44,28,1842,254,149,126,1,-1,-1,-1
44,29,2108,241,152,156,1,-1,-1,-1
44,30,1840,276,192,160,1,-1,-1,-1
44,31,1745,270,808,564,1,-1,-1,-1
45,1,593,508,168,208,1,-1,-1,-1
45,2,834,404,231,210,1,-1,-1,-1
45,3,730,715,155,223,1,-1,-1,-1
45,5,552,316,116,216,1,-1,-1,-1
45,6,1282,284,116,148,1,-1,-1,-1
45,7,384,569,287,198,1,-1,-1,-1
45,8,1081,266,110,210,1,-1,-1,-1
45,9,659,263,172,168,1,-1,-1,-1
45,11,398,388,116,148,1,-1,-1,-1
45,14,68,924,290,198,1,-1,-1,-1
45,15,1937,379,124,176,1,-1,-1,-1
45,17,205,725,168,252,1,-1,-1,-1
45,21,708,294,1828,788,1,-1,-1,-1
45,23,1464,345,227,202,1,-1,-1,-1
45,24,1,1133,382,265,1,-1,-1,-1
45,28,1841,255,149,126,1,-1,-1,-1
45,29,2109,241,152,156,1,-1,-1,-1
45,30,1840,276,192,160,1,-1,-1,-1
45,31,1747,270,808,564,1,-1,-1,-1
46,2,840,409,220,200,1,-1,-1,-1
46,3,726,710,163,234,1,-1,-1,-1
46,5,552,316,116,216,1,-1,-1,-1
46,6,1282,284,116,148,1,-1,-1,-1
46,7,385,566,287,198,1,-1,-1,-1
46,8,1075,263,116,220,1,-1,-1,-1
46,9,659,263,172,168,1,-1,-1,-1
46,11,398,384,116,148,1,-1,-1,-1
46,14,72,924,290,198,1,-1,-1,-1
46,15,1933,384,124,176,1,-1,-1,-1
46,17,209,737,160,240,1,-1,-1,-1
46,21,683,283,1877,827,1,-1,-1,-1
46,23,1456,343,227,202,1,-1,-1,-1
46,24,13,1139,364,252,1,-1,-1,-1
46,28,1840,255,149,126,1,-1,-1,-1
46,29,2110,242,152,156,1,-1,-1,-1
46,30,1839,276,192,160,1,-1,-1,-1
46,31,1725,258,835,592,1,-1,-1,-1
47,2,839,410,220,200,1,-1,-1,-1
47,3,726,710,163,234,1,-1,-1,-1
47,5,552,316,116,216,1,-1,-1,-1
47,6,1282,284,116,148,1,-1,-1,-1
47,7,385,565,287,198,1,-1,-1,-1
47,8,1075,265,116,220,1,-1,-1,-1
47,9,659,263,172,168,1,-1,-1,-1
47,11,396,383,116,148,1,-1,-1,-1
47,14,71,926,290,198,1,-1,-1,-1
47,15,1931,384,124,176,1,-1,-1,-1
47,17,208,737,160,240,1,-1,-1,-1
47,23,1456,343,227,202,1,-1,-1,-1
47,24,11,1139,364,252,1,-1,-1,-1
47,28,1840,256,149,126,1,-1,-1,-1
47,29,2110,242,152,156,1,-1,-1,-1
47,30,1838,276,192,160,1,-1,-1,-1
47,31,1739,278,808,564,1,-1,-1,-1
48,2,839,410,220,200,1,-1,-1,-1
48,3,726,710,163,234,1,-1,-1,-1
48,5,552,316,116,216,1,-1,-1,-1
48,6,1282,284,116,148,1,-1,-1,-1
48,7,384,570,287,198,1,-1,-1,-1
48,8,1071,265,116,220,1,-1,-1,-1
48,9,660,264,172,168,1,-1,-1,-1
48,11,398,385,110,141,1,-1,-1,-1
48,14,76,920,290,198,1,-1,-1,-1
48,15,1928,386,124,176,1,-1,-1,-1
48,17,205,738,160,240,1,-1,-1,-1
48,23,1456,343,227,202,1,-1,-1,-1
48,24,18,1140,364,252,1,-1,-1,-1
48,28,1839,256,149,126,1,-1,-1,-1
48,29,2109,242,152,156,1,-1,-1,-1
48,30,1838,276,192,160,1,-1,-1,-1
48,31,1747,275,808,564,1,-1,-1,-1
49,2,824,392,224,216,1,-1,-1,-1
49,3,728,700,156,316,1,-1,-1,-1
49,5,552,312,116,216,1,-1,-1,-1
49,6,1284,280,116,160,1,-1,-1,-1
49,7,384,570,287,198,1,-1,-1,-1
49,8,1040,280,152,236,1,-1,-1,-1
49,9,660,264,172,168,1,-1,-1,-1
49,11,408,388,112,148,1,-1,-1,-1
49,14,76,920,290,198,1,-1,-1,-1
49,15,1916,384,132,232,1,-1,-1,-1
49,17,205,738,160,240,1,-1,-1,-1
49,23,1456,343,227,202,1,-1,-1,-1
49,24,32,1120,360,212,1,-1,-1,-1
49,28,1839,256,149,126,1,-1,-1,-1
49,29,2109,242,152,156,1,-1,-1,-1
49,30,1838,276,192,160,1,-1,-1,-1
49,31,1747,275,808,564,1,-1,-1,-1
49,32,644,608,188,288,1,-1,-1,-1
49,33,2220,460,228,244,1,-1,-1,-1
49,34,928,788,176,268,1,-1,-1,-1
49,35,1828,704,152,232,1,-1,-1,-1
49,36,480,708,204,280,1,-1,-1,-1
49,37,1780,488,152,232,1,-1,-1,-1
49,38,2056,532,128,200,1,-1,-1,-1
50,2,823,392,224,216,1,-1,-1,-1
50,3,728,699,156,316,1,-1,-1,-1
50,5,552,312,116,216,1,-1,-1,-1
50,6,1284,280,116,160,1,-1,-1,-1
50,7,389,580,287,198,1,-1,-1,-1
50,8,1040,285,152,236,1,-1,-1,-1
50,9,659,263,172,168,1,-1,-1,-1
50,11,408,387,112,148,1,-1,-1,-1
50,14,84,911,290,198,1,-1,-1,-1
50,15,1914,385,132,232,1,-1,-1,-1
50,17,208,740,152,229,1,-1,-1,-1
50,23,1449,340,227,202,1,-1,-1,-1
50,24,33,1119,360,212,1,-1,-1,-1
50,28,1841,257,149,126,1,-1,-1,-1
50,29,2110,243,152,156,1,-1,-1,-1
50,30,1837,277,192,160,1,-1,-1,-1
50,31,1743,279,808,564,1,-1,-1,-1
50,32,646,608,188,288,1,-1,-1,-1
50,33,2221,460,228,244,1,-1,-1,-1
50,34,927,797,176,268,1,-1,-1,-1
50,35,1820,708,152,232,1,-1,-1,-1
50,36,480,704,204,280,1,-1,-1,-1
50,37,1779,487,152,232,1,-1,-1,-1
50,38,2056,532,128,200,1,-1,-1,-1
51,2,821,393,224,216,1,-1,-1,-1
51,3,730,698,156,316,1,-1,-1,-1
51,5,552,313,116,216,1,-1,-1,-1
51,6,1284,280,116,160,1,-1,-1,-1
51,7,396,583,287,198,1,-1,-1,-1
51,8,1039,295,152,236,1,-1,-1,-1
51,9,659,264,172,168,1,-1,-1,-1
51,11,408,386,112,148,1,-1,-1,-1
51,15,1912,386,132,232,1,-1,-1,-1
51,17,212,746,145,218,1,-1,-1,-1
51,23,1441,339,227,202,1,-1,-1,-1
51,24,35,1119,360,212,1,-1,-1,-1
51,28,1842,258,149,126,1,-1,-1,-1
51,29,2110,244,152,156,1,-1,-1,-1
51,30,1836,278,192,160,1,-1,-1,-1
51,31,1741,278,808,564,1,-1,-1,-1
51,32,650,607,188,288,1,-1,-1,-1
51,33,2222,460,228,244,1,-1,-1,-1
51,34,925,802,176,268,1,-1,-1,-1
51,35,1806,704,160,244,1,-1,-1,-1
51,36,480,700,204,280,1,-1,-1,-1
51,37,1778,486,152,232,1,-1,-1,-1
51,38,2057,532,128,200,1,-1,-1,-1
52,2,820,393,224,216,1,-1,-1,-1
52,3,730,699,156,316,1,-1,-1,-1
52,5,552,313,116,216,1,-1,-1,-1
52,6,1284,280,116,160,1,-1,-1,-1
52,8,1040,299,152,236,1,-1,-1,-1
52,9,659,264,172,168,1,-1,-1,-1
52,11,409,383,112,148,1,-1,-1,-1
52,15,1909,387,132,232,1,-1,-1,-1
52,17,217,747,145,218,1,-1,-1,-1
52,23,1434,339,227,202,1,-1,-1,-1
52,24,37,1120,360,212,1,-1,-1,-1
52,28,1841,259,149,126,1,-1,-1,-1
52,29,2111,244,152,156,1,-1,-1,-1
52,30,1835,278,192,160,1,-1,-1,-1
52,32,651,605,188,288,1,-1,-1,-1
52,33,2222,460,228,244,1,-1,-1,-1
52,34,924,805,176,268,1,-1,-1,-1
52,35,1779,730,160,244,1,-1,-1,-1
52,36,479,697,204,280,1,-1,-1,-1
52,37,1777,484,152,232,1,-1,-1,-1
52,38,2058,532,128,200,1,-1,-1,-1
53,2,818,392,224,216,1,-1,-1,-1
53,3,731,700,156,316,1,-1,-1,-1
53,5,552,314,116,216,1,-1,-1,-1
53,6,1284,280,116,160,1,-1,-1,-1
53,8,1039,300,152,236,1,-1,-1,-1
53,9,659,263,172,168,1,-1,-1,-1
53,11,410,382,112,148,1,-1,-1,-1
53,15,1908,386,132,232,1,-1,-1,-1
53,23,1436,340,227,202,1,-1,-1,-1
53,24,38,1121,360,212,1,-1,-1,-1
53,28,1841,259,149,126,1,-1,-1,-1
53,29,2110,243,152,156,1,-1,-1,-1
53,30,1834,278,192,160,1,-1,-1,-1
53,32,650,605,188,288,1,-1,-1,-1
53,33,2222,460,228,244,1,-1,-1,-1
53,34,924,806,176,268,1,-1,-1,-1
53,35,1770,732,160,244,1,-1,-1,-1
53,36,480,696,204,280,1,-1,-1,-1
53,37,1773,478,160,244,1,-1,-1,-1
53,38,2058,532,128,200,1,-1,-1,-1
54,2,812,393,224,216,1,-1,-1,-1
54,3,731,696,156,316,1,-1,-1,-1
54,5,552,314,116,216,1,-1,-1,-1
54,6,1283,280,116,160,1,-1,-1,-1
54,8,1038,302,152,236,1,-1,-1,-1
54,9,659,264,172,168,1,-1,-1,-1
54,11,411,378,112,148,1,-1,-1,-1
54,15,1906,387,132,232,1,-1,-1,-1
54,24,39,1122,360,212,1,-1,-1,-1
54,28,1841,260,149,126,1,-1,-1,-1
54,29,2110,243,152,156,1,-1,-1,-1
54,30,1833,277,192,160,1,-1,-1,-1
54,32,651,602,188,288,1,-1,-1,-1
54,33,2222,460,228,244,1,-1,-1,-1
54,34,924,806,176,268,1,-1,-1,-1
54,35,1762,757,160,244,1,-1,-1,-1
54,36,480,693,204,280,1,-1,-1,-1
54,37,1773,478,160,244,1,-1,-1,-1
54,38,2059,532,128,200,1,-1,-1,-1
55,2,807,393,224,216,1,-1,-1,-1
55,3,731,696,156,316,1,-1,-1,-1
55,5,553,314,116,216,1,-1,-1,-1
55,6,1284,281,116,160,1,-1,-1,-1
55,8,1040,303,152,236,1,-1,-1,-1
55,9,659,263,172,168,1,-1,-1,-1
55,11,413,375,112,148,1,-1,-1,-1
55,15,1905,389,132,232,1,-1,-1,-1
55,24,39,1126,360,212,1,-1,-1,-1
55,28,1840,260,149,126,1,-1,-1,-1
55,29,2111,243,152,156,1,-1,-1,-1
55,30,1832,277,192,160,1,-1,-1,-1
55,32,653,600,188,288,1,-1,-1,-1
55,33,2223,460,228,244,1,-1,-1,-1
55,34,923,819,176,268,1,-1,-1,-1
55,35,1753,759,160,244,1,-1,-1,-1
55,36,479,687,204,280,1,-1,-1,-1
55,37,1773,477,160,244,1,-1,-1,-1
55,38,2060,531,128,200,1,-1,-1,-1
56,2,794,395,224,216,1,-1,-1,-1
56,3,732,695,156,316,1,-1,-1,-1
56,5,553,314,116,216,1,-1,-1,-1
56,6,1284,281,116,160,1,-1,-1,-1
56,8,1036,299,160,248,1,-1,-1,-1
56,9,661,262,172,168,1,-1,-1,-1
56,11,416,374,112,148,1,-1,-1,-1
56,15,1904,392,132,232,1,-1,-1,-1
56,24,39,1128,360,212,1,-1,-1,-1
56,28,1840,260,149,126,1,-1,-1,-1
56,29,2110,243,152,156,1,-1,-1,-1
56,30,1832,277,192,160,1,-1,-1,-1
56,32,655,597,188,288,1,-1,-1,-1
56,33,2222,459,228,244,1,-1,-1,-1
56,34,914,836,176,268,1,-1,-1,-1
56,35,1732,760,168,256,1,-1,-1,-1
56,36,479,682,204,280,1,-1,-1,-1
56,37,1777,481,152,232,1,-1,-1,-1
56,38,2061,529,128,200,1,-1,-1,-1
57,2,800,388,192,212,1,-1,-1,-1
57,3,732,695,156,316,1,-1,-1,-1
57,5,552,316,116,212,1,-1,-1,-1
57,6,1284,281,116,160,1,-1,-1,-1
57,8,992,324,216,204,1,-1,-1,-1
57,9,661,262,172,168,1,-1,-1,-1
57,11,424,376,104,176,1,-1,-1,-1
57,15,1908,396,124,256,1,-1,-1,-1
57,24,39,1128,360,212,1,-1,-1,-1
57,28,1840,260,149,126,1,-1,-1,-1
57,29,2110,243,152,156,1,-1,-1,-1
57,30,1832,277,192,160,1,-1,-1,-1
57,32,655,597,188,288,1,-1,-1,-1
57,33,2222,459,228,244,1,-1,-1,-1
57,34,914,836,176,268,1,-1,-1,-1
57,35,1644,784,240,228,1,-1,-1,-1
57,36,476,704,228,184,1,-1,-1,-1
57,37,1776,480,148,136,1,-1,-1,-1
57,38,2060,524,128,192,1,-1,-1,-1
57,39,424,556,204,152,1,-1,-1,-1
58,2,793,390,192,212,1,-1,-1,-1
58,3,732,694,156,316,1,-1,-1,-1
58,5,552,316,116,212,1,-1,-1,-1
58,6,1284,281,116,160,1,-1,-1,-1
58,8,991,325,216,204,1,-1,-1,-1
58,9,663,260,172,168,1,-1,-1,-1
58,11,426,375,104,176,1,-1,-1,-1
58,15,1910,401,124,256,1,-1,-1,-1
58,24,38,1129,360,212,1,-1,-1,-1
58,28,1839,261,149,126,1,-1,-1,-1
58,29,2111,243,152,156,1,-1,-1,-1
58,30,1835,278,192,160,1,-1,-1,-1
58,32,656,592,188,288,1,-1,-1,-1
58,33,2222,459,228,244,1,-1,-1,-1
58,34,888,865,176,268,1,-1,-1,-1
58,35,1639,785,240,228,1,-1,-1,-1
58,36,477,701,228,184,1,-1,-1,-1
58,37,1777,485,148,136,1,-1,-1,-1
58,38,2061,523,128,192,1,-1,-1,-1
58,39,423,554,204,152,1,-1,-1,-1
59,2,793,391,192,212,1,-1,-1,-1
59,3,729,687,164,332,1,-1,-1,-1
59,5,553,316,116,212,1,-1,-1,-1
59,6,1284,281,116,160,1,-1,-1,-1
59,8,991,325,216,204,1,-1,-1,-1
59,9,663,260,172,168,1,-1,-1,-1
59,11,427,375,104,176,1,-1,-1,-1
59,15,1911,402,124,256,1,-1,-1,-1
59,24,37,1129,360,212,1,-1,-1,-1
59,28,1839,261,149,126,1,-1,-1,-1
59,29,2110,243,152,156,1,-1,-1,-1
59,30,1836,278,192,160,1,-1,-1,-1
59,32,658,590,188,288,1,-1,-1,-1
59,33,2222,459,228,244,1,-1,-1,-1
59,34,893,875,168,255,1,-1,-1,-1
59,35,1638,786,240,228,1,-1,-1,-1
59,36,478,701,228,184,1,-1,-1,-1
59,37,1778,485,148,136,1,-1,-1,-1
59,38,2061,522,128,192,1,-1,-1,-1
59,39,424,554,204,152,1,-1,-1,-1
60,2,787,392,192,212,1,-1,-1,-1
60,3,729,687,164,332,1,-1,-1,-1
60,5,553,316,116,212,1,-1,-1,-1
60,6,1284,281,116,160,1,-1,-1,-1
60,8,990,326,216,204,1,-1,-1,-1
60,9,666,259,172,168,1,-1,-1,-1
60,11,429,375,104,176,1,-1,-1,-1
60,15,1913,410,124,256,1,-1,-1,-1
60,24,31,1128,360,212,1,-1,-1,-1
60,28,1839,261,149,126,1,-1,-1,-1
60,29,2109,243,152,156,1,-1,-1,-1
60,30,1837,279,192,160,1,-1,-1,-1
60,32,657,587,188,288,1,-1,-1,-1
60,33,2222,459,228,244,1,-1,-1,-1
60,34,884,879,176,268,1,-1,-1,-1
60,35,1626,788,240,228,1,-1,-1,-1
60,36,478,699,228,184,1,-1,-1,-1
60,37,1780,488,148,136,1,-1,-1,-1
60,38,2059,517,134,202,1,-1,-1,-1
60,39,425,553,204,152,1,-1,-1,-1
61,2,780,394,192,212,1,-1,-1,-1
61,3,729,686,164,332,1,-1,-1,-1
61,5,553,317,116,212,1,-1,-1,-1
61,6,1284,280,116,160,1,-1,-1,-1
61,8,990,327,216,204,1,-1,-1,-1
61,9,670,257,172,168,1,-1,-1,-1
61,11,430,375,104,176,1,-1,-1,-1
61,15,1915,412,130,269,1,-1,-1,-1
61,24,26,1128,360,212,1,-1,-1,-1
61,28,1840,260,149,126,1,-1,-1,-1
61,29,2110,242,152,156,1,-1,-1,-1
61,30,1838,280,192,160,1,-1,-1,-1
61,32,658,585,188,288,1,-1,-1,-1
61,33,2223,459,228,244,1,-1,-1,-1
61,34,883,888,176,268,1,-1,-1,-1
61,35,1583,812,240,228,1,-1,-1,-1
61,36,479,697,228,184,1,-1,-1,-1
61,37,1783,491,148,136,1,-1,-1,-1
61,38,2060,514,134,202,1,-1,-1,-1
61,39,430,549,204,152,1,-1,-1,-1
62,2,774,392,192,212,1,-1,-1,-1
62,3,726,676,172,348,1,-1,-1,-1
62,5,552,317,116,212,1,-1,-1,-1
62,6,1284,280,116,160,1,-1,-1,-1
62,8,986,327,216,204,1,-1,-1,-1
62,9,673,254,172,168,1,-1,-1,-1
62,11,431,376,104,176,1,-1,-1,-1
62,15,1920,417,130,269,1,-1,-1,-1
62,24,26,1129,360,212,1,-1,-1,-1
62,28,1840,260,149,126,1,-1,-1,-1
62,29,2110,242,152,156,1,-1,-1,-1
62,30,1840,280,192,160,1,-1,-1,-1
62,32,660,585,188,288,1,-1,-1,-1
62,33,2223,458,228,244,1,-1,-1,-1
62,34,882,888,176,268,1,-1,-1,-1
62,35,1539,839,240,228,1,-1,-1,-1
62,36,485,695,228,184,1,-1,-1,-1
62,37,1785,491,148,136,1,-1,-1,-1
62,38,2061,513,134,202,1,-1,-1,-1
62,39,438,544,204,152,1,-1,-1,-1
63,2,760,383,192,212,1,-1,-1,-1
63,3,726,676,172,348,1,-1,-1,-1
63,5,552,317,116,212,1,-1,-1,-1
63,6,1284,280,116,160,1,-1,-1,-1
63,8,979,328,216,204,1,-1,-1,-1
63,9,675,253,172,168,1,-1,-1,-1
63,11,432,377,104,176,1,-1,-1,-1
63,15,1925,423,130,269,1,-1,-1,-1
63,24,27,1138,360,212,1,-1,-1,-1
63,28,1841,259,149,126,1,-1,-1,-1
63,29,2111,242,152,156,1,-1,-1,-1
63,30,1840,280,192,160,1,-1,-1,-1
63,32,660,581,188,288,1,-1,-1,-1
63,33,2223,459,228,244,1,-1,-1,-1
63,34,874,893,176,268,1,-1,-1,-1
63,35,1505,857,240,228,1,-1,-1,-1
63,36,489,692,228,184,1,-1,-1,-1
63,37,1785,491,148,136,1,-1,-1,-1
63,38,2060,511,134,202,1,-1,-1,-1
63,39,441,542,204,152,1,-1,-1,-1
64,2,743,378,192,212,1,-1,-1,-1
64,3,730,686,164,332,1,-1,-1,-1
64,5,552,318,116,212,1,-1,-1,-1
64,6,1283,279,116,160,1,-1,-1,-1
64,8,971,330,216,204,1,-1,-1,-1
64,9,678,252,172,168,1,-1,-1,-1
64,11,432,376,104,176,1,-1,-1,-1
64,15,1929,427,130,269,1,-1,-1,-1
64,24,23,1132,360,212,1,-1,-1,-1
64,28,1842,259,149,126,1,-1,-1,-1
64,29,2110,242,152,156,1,-1,-1,-1
64,30,1842,280,192,160,1,-1,-1,-1
64,32,660,579,188,288,1,-1,-1,-1
64,33,2223,459,228,244,1,-1,-1,-1
64,35,1494,854,252,239,1,-1,-1,-1
64,36,501,695,217,175,1,-1,-1,-1
64,37,1783,491,148,136,1,-1,-1,-1
64,38,2062,510,134,202,1,-1,-1,-1
64,39,449,536,204,152,1,-1,-1,-1
65,2,748,384,180,176,1,-1,-1,-1
65,3,730,686,164,332,1,-1,-1,-1
65,5,536,316,132,196,1,-1,-1,-1
65,6,1283,279,116,160,1,-1,-1,-1
65,8,971,330,216,204,1,-1,-1,-1
65,9,678,252,172,168,1,-1,-1,-1
65,11,432,376,104,176,1,-1,-1,-1
65,15,1929,427,130,269,1,-1,-1,-1
65,24,56,1072,268,264,1,-1,-1,-1
65,28,1842,259,149,126,1,-1,-1,-1
65,29,2110,242,152,156,1,-1,-1,-1
65,30,1842,280,192,160,1,-1,-1,-1
65,32,660,579,188,288,1,-1,-1,-1
65,33,2223,459,228,244,1,-1,-1,-1
65,35,1480,828,280,260,1,-1,-1,-1
65,36,508,692,188,204,1,-1,-1,-1
65,37,1788,488,148,152,1,-1,-1,-1
65,38,2044,516,144,160,1,-1,-1,-1
65,39,456,524,148,164,1,-1,-1,-1
65,40,844,876,152,312,1,-1,-1,-1
65,41,92,1352,344,84,1,-1,-1,-1
65,42,152,900,216,188,1,-1,-1,-1
66,2,744,380,180,176,1,-1,-1,-1
66,3,730,686,164,332,1,-1,-1,-1
66,5,536,316,132,196,1,-1,-1,-1
66,6,1283,278,116,160,1,-1,-1,-1
66,8,951,332,227,214,1,-1,-1,-1
66,9,680,252,172,168,1,-1,-1,-1
66,11,432,374,104,176,1,-1,-1,-1
66,15,1931,429,130,269,1,-1,-1,-1
66,24,57,1070,268,264,1,-1,-1,-1
66,28,1843,259,149,126,1,-1,-1,-1
66,29,2110,242,152,156,1,-1,-1,-1
66,30,1843,280,192,160,1,-1,-1,-1
66,32,658,576,188,288,1,-1,-1,-1
66,33,2222,459,228,244,1,-1,-1,-1
66,35,1475,828,280,260,1,-1,-1,-1
66,36,511,690,188,204,1,-1,-1,-1
66,37,1789,489,148,152,1,-1,-1,-1
66,38,2041,515,144,160,1,-1,-1,-1
66,39,457,522,148,164,1,-1,-1,-1
66,40,842,882,152,312,1,-1,-1,-1
66,41,100,1353,344,84,1,-1,-1,-1
66,42,154,899,216,188,1,-1,-1,-1
67,2,730,370,180,176,1,-1,-1,-1
67,3,728,687,164,332,1,-1,-1,-1
67,5,536,316,132,196,1,-1,-1,-1
67,6,1282,278,116,160,1,-1,-1,-1
67,8,936,336,227,214,1,-1,-1,-1
67,9,682,251,172,168,1,-1,-1,-1
67,11,432,373,104,176,1,-1,-1,-1
67,15,1934,433,130,269,1,-1,-1,-1
67,24,56,1071,268,264,1,-1,-1,-1
67,28,1843,258,149,126,1,-1,-1,-1
67,29,2111,242,152,156,1,-1,-1,-1
67,30,1844,280,192,160,1,-1,-1,-1
67,32,653,573,188,288,1,-1,-1,-1
67,33,2222,459,228,244,1,-1,-1,-1
67,35,1472,836,267,248,1,-1,-1,-1
67,36,518,687,188,204,1,-1,-1,-1
67,37,1790,488,148,152,1,-1,-1,-1
67,38,2033,512,144,160,1,-1,-1,-1
67,39,459,519,148,164,1,-1,-1,-1
67,40,836,904,152,312,1,-1,-1,-1
67,41,131,1353,344,84,1,-1,-1,-1
67,42,154,898,216,188,1,-1,-1,-1
68,2,715,354,180,176,1,-1,-1,-1
68,3,728,686,164,332,1,-1,-1,-1
68,5,537,316,132,196,1,-1,-1,-1
68,6,1281,278,116,160,1,-1,-1,-1
68,8,927,333,227,214,1,-1,-1,-1
68,9,686,255,172,168,1,-1,-1,-1
68,11,432,370,104,176,1,-1,-1,-1
68,15,1936,436,130,269,1,-1,-1,-1
68,24,53,1071,268,264,1,-1,-1,-1
68,28,1843,257,149,126,1,-1,-1,-1
68,29,2110,242,152,156,1,-1,-1,-1
68,30,1845,279,192,160,1,-1,-1,-1
68,32,653,573,188,288,1,-1,-1,-1
68,33,2222,460,228,244,1,-1,-1,-1
68,35,1465,838,267,248,1,-1,-1,-1
68,36,521,684,188,204,1,-1,-1,-1
68,37,1790,488,148,152,1,-1,-1,-1
68,38,2025,504,137,152,1,-1,-1,-1
68,39,461,513,148,164,1,-1,-1,-1
68,40,833,929,152,312,1,-1,-1,-1
68,41,131,1352,344,84,1,-1,-1,-1
68,42,154,897,216,188,1,-1,-1,-1
69,2,694,341,180,176,1,-1,-1,-1
69,3,730,685,164,332,1,-1,-1,-1
69,5,537,316,132,196,1,-1,-1,-1
69,6,1281,277,116,160,1,-1,-1,-1
69,8,915,335,227,214,1,-1,-1,-1
69,9,693,260,172,168,1,-1,-1,-1
69,11,431,368,104,176,1,-1,-1,-1
69,15,1938,442,130,269,1,-1,-1,-1
69,24,48,1072,268,264,1,-1,-1,-1
69,28,1843,258,149,126,1,-1,-1,-1
69,29,2110,242,152,156,1,-1,-1,-1
69,30,1846,279,192,160,1,-1,-1,-1
69,32,655,573,188,288,1,-1,-1,-1
69,33,2222,461,228,244,1,-1,-1,-1
69,35,1449,845,267,248,1,-1,-1,-1
69,36,528,681,188,204,1,-1,-1,-1
69,37,1790,488,148,152,1,-1,-1,-1
69,38,2028,498,137,152,1,-1,-1,-1
69,39,464,501,148,164,1,-1,-1,-1
69,40,838,941,152,312,1,-1,-1,-1
69,41,153,1347,361,88,1,-1,-1,-1
69,42,156,897,216,188,1,-1,-1,-1
70,2,684,333,180,176,1,-1,-1,-1
70,3,730,687,164,332,1,-1,-1,-1
70,5,537,315,132,196,1,-1,-1,-1
70,6,1281,277,116,160,1,-1,-1,-1
70,8,910,337,227,214,1,-1,-1,-1
70,9,697,266,172,168,1,-1,-1,-1
70,11,430,365,104,176,1,-1,-1,-1
70,15,1943,458,130,269,1,-1,-1,-1
70,24,43,1071,268,264,1,-1,-1,-1
70,28,1843,258,149,126,1,-1,-1,-1
70,29,2110,243,152,156,1,-1,-1,-1
70,30,1847,280,192,160,1,-1,-1,-1
70,32,657,578,188,288,1,-1,-1,-1
70,33,2222,463,228,244,1,-1,-1,-1
70,35,1420,864,267,248,1,-1,-1,-1
70,36,533,678,188,204,1,-1,-1,-1
70,37,1790,487,148,152,1,-1,-1,-1
70,38,2024,493,137,152,1,-1,-1,-1
70,39,465,488,148,164,1,-1,-1,-1
70,40,835,960,152,312,1,-1,-1,-1
70,41,155,1346,361,88,1,-1,-1,-1
70,42,158,898,216,188,1,-1,-1,-1
71,2,683,334,180,176,1,-1,-1,-1
71,3,730,686,164,332,1,-1,-1,-1
71,5,537,315,132,196,1,-1,-1,-1
71,6,1281,277,116,160,1,-1,-1,-1
71,8,903,333,238,225,1,-1,-1,-1
71,9,698,268,172,168,1,-1,-1,-1
71,11,430,365,104,176,1,-1,-1,-1
71,15,1946,457,130,269,1,-1,-1,-1
71,24,42,1071,268,264,1,-1,-1,-1
71,28,1843,258,149,126,1,-1,-1,-1
71,29,2110,243,152,156,1,-1,-1,-1
71,30,1840,277,202,168,1,-1,-1,-1
71,32,656,578,188,288,1,-1,-1,-1
71,33,2222,463,228,244,1,-1,-1,-1
71,35,1417,865,267,248,1,-1,-1,-1
71,36,533,677,188,204,1,-1,-1,-1
71,37,1790,488,148,152,1,-1,-1,-1
71,38,2023,494,137,152,1,-1,-1,-1
71,39,466,489,148,164,1,-1,-1,-1
71,40,834,957,152,312,1,-1,-1,-1
71,41,157,1344,361,88,1,-1,-1,-1
71,42,157,897,216,188,1,-1,-1,-1
72,2,679,333,180,176,1,-1,-1,-1
72,3,730,685,164,332,1,-1,-1,-1
72,5,537,314,132,196,1,-1,-1,-1
72,6,1281,278,116,160,1,-1,-1,-1
72,8,897,331,238,225,1,-1,-1,-1
72,9,698,270,172,168,1,-1,-1,-1
72,11,428,362,104,176,1,-1,-1,-1
72,15,1947,462,130,269,1,-1,-1,-1
72,24,38,1072,268,264,1,-1,-1,-1
72,28,1843,259,149,126,1,-1,-1,-1
72,29,2111,244,152,156,1,-1,-1,-1
72,30,1841,277,202,168,1,-1,-1,-1
72,33,2222,464,228,244,1,-1,-1,-1
72,35,1403,875,267,248,1,-1,-1,-1
72,36,536,675,188,204,1,-1,-1,-1
72,37,1790,487,148,152,1,-1,-1,-1
72,38,2020,493,137,152,1,-1,-1,-1
72,39,466,478,148,164,1,-1,-1,-1
72,40,837,968,145,297,1,-1,-1,-1
72,41,169,1345,344,84,1,-1,-1,-1
72,42,162,898,216,188,1,-1,-1,-1
73,2,692,340,148,172,1,-1,-1,-1
73,3,732,684,152,328,1,-1,-1,-1
73,5,544,320,128,192,1,-1,-1,-1
73,6,1281,278,116,160,1,-1,-1,-1
73,8,924,332,216,188,1,-1,-1,-1
73,9,698,270,172,168,1,-1,-1,-1
73,11,432,340,124,148,1,-1,-1,-1
73,15,1948,468,160,260,1,-1,-1,-1
73,24,36,1052,256,288,1,-1,-1,-1
73,28,1843,259,149,126,1,-1,-1,-1
73,29,2111,244,152,156,1,-1,-1,-1
73,30,1841,277,202,168,1,-1,-1,-1
73,33,2212,448,232,264,1,-1,-1,-1
73,35,1376,896,300,224,1,-1,-1,-1
73,36,548,660,196,228,1,-1,-1,-1
73,37,1796,484,140,144,1,-1,-1,-1
73,38,2020,493,137,152,1,-1,-1,-1
73,39,464,460,172,276,1,-1,-1,-1
73,40,800,988,204,348,1,-1,-1,-1
73,41,169,1345,344,84,1,-1,-1,-1
73,42,172,900,196,264,1,-1,-1,-1
73,43,416,820,272,236,1,-1,-1,-1
73,44,1732,604,256,204,1,-1,-1,-1
74,2,690,342,148,172,1,-1,-1,-1
74,3,734,686,152,328,1,-1,-1,-1
74,5,544,319,128,192,1,-1,-1,-1
74,6,1281,279,116,160,1,-1,-1,-1
74,8,921,332,216,188,1,-1,-1,-1
74,9,696,274,172,168,1,-1,-1,-1
74,11,432,336,124,148,1,-1,-1,-1
74,15,1949,471,160,260,1,-1,-1,-1
74,24,34,1052,256,288,1,-1,-1,-1
74,28,1843,260,149,126,1,-1,-1,-1
74,29,2110,242,152,156,1,-1,-1,-1
74,30,1840,278,202,168,1,-1,-1,-1
74,33,2212,448,232,264,1,-1,-1,-1
74,35,1370,896,300,224,1,-1,-1,-1
74,36,552,656,196,228,1,-1,-1,-1
74,37,1797,485,140,144,1,-1,-1,-1
74,38,2018,493,137,152,1,-1,-1,-1
74,39,466,456,172,276,1,-1,-1,-1
74,40,794,996,204,348,1,-1,-1,-1
74,41,180,1342,344,84,1,-1,-1,-1
74,42,176,901,196,264,1,-1,-1,-1
74,43,419,821,272,236,1,-1,-1,-1
74,44,1731,604,256,204,1,-1,-1,-1
75,2,692,343,148,172,1,-1,-1,-1
75,3,735,686,152,328,1,-1,-1,-1
75,5,544,318,128,192,1,-1,-1,-1
75,6,1281,280,116,160,1,-1,-1,-1
75,8,918,334,216,188,1,-1,-1,-1
75,9,697,277,172,168,1,-1,-1,-1
75,11,435,332,124,148,1,-1,-1,-1
75,15,1950,474,160,260,1,-1,-1,-1
75,24,33,1054,256,288,1,-1,-1,-1
75,28,1843,260,149,126,1,-1,-1,-1
75,29,2107,243,152,156,1,-1,-1,-1
75,30,1840,279,202,168,1,-1,-1,-1
75,33,2211,450,232,264,1,-1,-1,-1
75,35,1363,896,300,224,1,-1,-1,-1
75,36,555,650,196,228,1,-1,-1,-1
75,37,1797,485,140,144,1,-1,-1,-1
75,38,2016,491,137,152,1,-1,-1,-1
75,39,471,451,172,276,1,-1,-1,-1
75,40,789,1001,204,348,1,-1,-1,-1
75,41,184,1340,344,84,1,-1,-1,-1
75,42,179,905,196,264,1,-1,-1,-1
75,43,421,825,272,236,1,-1,-1,-1
75,44,1730,603,256,204,1,-1,-1,-1
76,2,698,346,148,172,1,-1,-1,-1
76,3,738,688,152,328,1,-1,-1,-1
76,5,544,318,128,192,1,-1,-1,-1
76,6,1281,281,116,160,1,-1,-1,-1
76,8,913,334,216,188,1,-1,-1,-1
76,9,700,280,172,168,1,-1,-1,-1
76,11,436,325,124,148,1,-1,-1,-1
76,15,1951,476,160,260,1,-1,-1,-1
76,24,32,1056,256,288,1,-1,-1,-1
76,28,1844,260,149,126,1,-1,-1,-1
76,29,2108,244,152,156,1,-1,-1,-1
76,30,1840,279,202,168,1,-1,-1,-1
76,33,2208,451,232,264,1,-1,-1,-1
76,35,1357,896,300,224,1,-1,-1,-1
76,36,556,641,196,228,1,-1,-1,-1
76,37,1796,484,140,144,1,-1,-1,-1
76,38,2015,491,137,152,1,-1,-1,-1
76,39,473,447,172,276,1,-1,-1,-1
76,40,780,1005,204,348,1,-1,-1,-1
76,41,189,1339,344,84,1,-1,-1,-1
76,42,180,909,196,264,1,-1,-1,-1
76,43,421,832,272,236,1,-1,-1,-1
76,44,1729,602,256,204,1,-1,-1,-1
77,2,700,348,148,172,1,-1,-1,-1
77,3,738,686,152,328,1,-1,-1,-1
77,5,544,317,128,192,1,-1,-1,-1
77,6,1281,281,116,160,1,-1,-1,-1
77,8,912,334,216,188,1,-1,-1,-1
77,11,436,325,124,148,1,-1,-1,-1
77,15,1952,478,160,260,1,-1,-1,-1
77,24,32,1056,256,288,1,-1,-1,-1
77,28,1844,260,149,126,1,-1,-1,-1
77,29,2109,244,152,156,1,-1,-1,-1
77,30,1840,280,202,168,1,-1,-1,-1
77,33,2208,451,232,264,1,-1,-1,-1
77,35,1354,896,300,224,1,-1,-1,-1
77,36,559,640,196,228,1,-1,-1,-1
77,37,1796,485,140,144,1,-1,-1,-1
77,38,2015,492,137,152,1,-1,-1,-1
77,39,469,439,181,290,1,-1,-1,-1
77,40,777,1003,204,348,1,-1,-1,-1
77,41,188,1337,344,84,1,-1,-1,-1
77,42,180,912,196,264,1,-1,-1,-1
77,43,420,833,272,236,1,-1,-1,-1
77,44,1730,601,256,204,1,-1,-1,-1
78,2,701,343,148,172,1,-1,-1,-1
78,3,741,686,152,328,1,-1,-1,-1
78,5,544,317,128,192,1,-1,-1,-1
78,6,1281,282,116,160,1,-1,-1,-1
78,8,907,335,216,188,1,-1,-1,-1
78,11,437,319,124,148,1,-1,-1,-1
78,15,1953,480,160,260,1,-1,-1,-1
78,24,32,1056,256,288,1,-1,-1,-1
78,28,1844,259,149,126,1,-1,-1,-1
78,29,2109,245,152,156,1,-1,-1,-1
78,30,1839,279,202,168,1,-1,-1,-1
78,33,2205,451,232,264,1,-1,-1,-1
78,35,1355,895,300,224,1,-1,-1,-1
78,36,555,630,206,239,1,-1,-1,-1
78,37,1796,485,140,144,1,-1,-1,-1
78,38,2015,493,137,152,1,-1,-1,-1
78,39,470,438,181,290,1,-1,-1,-1
78,40,771,1000,214,365,1,-1,-1,-1
78,41,198,1338,328,80,1,-1,-1,-1
78,42,180,913,196,264,1,-1,-1,-1
78,43,421,837,272,236,1,-1,-1,-1
78,44,1729,601,256,204,1,-1,-1,-1
79,2,693,346,148,172,1,-1,-1,-1
79,3,745,684,152,328,1,-1,-1,-1
79,5,544,317,128,192,1,-1,-1,-1
79,6,1282,281,116,160,1,-1,-1,-1
79,8,900,340,216,188,1,-1,-1,-1
79,11,438,312,124,148,1,-1,-1,-1
79,15,1956,483,160,260,1,-1,-1,-1
79,24,32,1057,256,288,1,-1,-1,-1
79,28,1844,258,149,126,1,-1,-1,-1
79,29,2109,246,152,156,1,-1,-1,-1
79,30,1837,276,202,168,1,-1,-1,-1
79,33,2203,449,232,264,1,-1,-1,-1
79,35,1352,899,300,224,1,-1,-1,-1
79,36,557,626,206,239,1,-1,-1,-1
79,37,1796,484,140,144,1,-1,-1,-1
79,39,471,437,181,290,1,-1,-1,-1
79,40,766,992,214,365,1,-1,-1,-1
79,41,201,1338,328,80,1,-1,-1,-1
79,42,181,915,196,264,1,-1,-1,-1
79,43,421,838,272,236,1,-1,-1,-1
79,44,1728,602,256,204,1,-1,-1,-1
80,2,693,344,148,172,1,-1,-1,-1
80,3,747,685,152,328,1,-1,-1,-1
80,5,544,317,128,192,1,-1,-1,-1
80,6,1281,281,116,160,1,-1,-1,-1
80,8,887,341,227,197,1,-1,-1,-1
80,11,442,308,124,148,1,-1,-1,-1
80,15,1960,489,160,260,1,-1,-1,-1
80,24,27,1054,256,288,1,-1,-1,-1
80,28,1842,258,149,126,1,-1,-1,-1
80,29,2109,246,152,156,1,-1,-1,-1
80,30,1837,275,202,168,1,-1,-1,-1
80,33,2195,448,232,264,1,-1,-1,-1
80,35,1345,897,300,224,1,-1,-1,-1
80,36,557,621,206,239,1,-1,-1,-1
80,37,1795,484,140,144,1,-1,-1,-1
80,39,471,435,181,290,1,-1,-1,-1
80,40,769,990,214,365,1,-1,-1,-1
80,41,201,1337,328,80,1,-1,-1,-1
80,42,185,920,196,264,1,-1,-1,-1
80,43,421,840,272,236,1,-1,-1,-1
80,44,1726,602,256,204,1,-1,-1,-1
81,2,693,344,148,172,1,-1,-1,-1
81,3,740,712,180,304,1,-1,-1,-1
81,5,552,316,116,148,1,-1,-1,-1
81,6,1280,248,116,184,1,-1,-1,-1
81,8,884,372,200,212,1,-1,-1,-1
81,11,440,312,136,148,1,-1,-1,-1
81,15,1964,508,164,248,1,-1,-1,-1
81,24,24,1008,220,316,1,-1,-1,-1
81,28,1842,258,149,126,1,-1,-1,-1
81,29,2109,246,152,156,1,-1,-1,-1
81,30,1837,275,202,168,1,-1,-1,-1
81,33,2196,488,176,224,1,-1,-1,-1
81,35,1368,888,252,232,1,-1,-1,-1
81,36,560,632,212,244,1,-1,-1,-1
81,37,1795,484,140,144,1,-1,-1,-1
81,39,480,456,156,216,1,-1,-1,-1
81,40,769,990,214,365,1,-1,-1,-1
81,41,201,1337,328,80,1,-1,-1,-1
81,42,208,956,188,300,1,-1,-1,-1
81,43,416,844,276,276,1,-1,-1,-1
81,44,1732,604,248,208,1,-1,-1,-1
81,45,1284,392,204,192,1,-1,-1,-1
81,46,680,1108,216,320,1,-1,-1,-1
81,47,648,308,136,196,1,-1,-1,-1
81,48,736,288,140,160,1,-1,-1,-1
81,49,2332,344,228,460,1,-1,-1,-1
81,50,812,612,292,216,1,-1,-1,-1
82,2,640,308,148,172,1,-1,-1,-1
82,3,740,712,180,304,1,-1,-1,-1
82,5,552,316,116,148,1,-1,-1,-1
82,6,1280,247,116,184,1,-1,-1,-1
82,8,882,374,200,212,1,-1,-1,-1
82,11,444,312,136,148,1,-1,-1,-1
82,15,1970,510,164,248,1,-1,-1,-1
82,24,25,1003,220,316,1,-1,-1,-1
82,28,1841,258,149,126,1,-1,-1,-1
82,29,2109,247,152,156,1,-1,-1,-1
82,30,1838,276,202,168,1,-1,-1,-1
82,33,2189,487,176,224,1,-1,-1,-1
82,35,1367,883,252,232,1,-1,-1,-1
82,36,560,631,212,244,1,-1,-1,-1
82,37,1795,479,140,144,1,-1,-1,-1
82,39,480,455,156,216,1,-1,-1,-1
82,40,792,983,225,384,1,-1,-1,-1
82,41,201,1340,328,80,1,-1,-1,-1
82,42,208,966,188,300,1,-1,-1,-1
82,43,416,845,276,276,1,-1,-1,-1
82,44,1733,603,248,208,1,-1,-1,-1
82,45,1283,393,204,192,1,-1,-1,-1
82,46,675,1119,216,320,1,-1,-1,-1
82,47,648,306,136,196,1,-1,-1,-1
82,48,736,288,140,160,1,-1,-1,-1
82,49,2306,342,228,460,1,-1,-1,-1
82,50,816,615,292,216,1,-1,-1,-1
83,2,639,305,148,172,1,-1,-1,-1
83,3,741,712,180,304,1,-1,-1,-1
83,5,552,317,116,148,1,-1,-1,-1
83,6,1281,248,116,184,1,-1,-1,-1
83,8,881,374,200,212,1,-1,-1,-1
83,11,445,312,136,148,1,-1,-1,-1
83,15,1973,511,164,248,1,-1,-1,-1
83,24,24,1002,220,316,1,-1,-1,-1
83,28,1841,257,149,126,1,-1,-1,-1
83,29,2110,248,152,156,1,-1,-1,-1
83,30,1836,275,202,168,1,-1,-1,-1
83,33,2188,487,176,224,1,-1,-1,-1
83,35,1365,882,252,232,1,-1,-1,-1
83,36,561,630,212,244,1,-1,-1,-1
83,37,1795,479,140,144,1,-1,-1,-1
83,39,481,456,156,216,1,-1,-1,-1
83,40,787,981,225,384,1,-1,-1,-1
83,41,202,1342,328,80,1,-1,-1,-1
83,42,209,969,188,300,1,-1,-1,-1
83,43,416,845,276,276,1,-1,-1,-1
83,44,1734,603,248,208,1,-1,-1,-1
83,45,1283,394,204,192,1,-1,-1,-1
83,46,673,1122,216,318,1,-1,-1,-1
83,47,649,306,136,196,1,-1,-1,-1
83,48,736,288,140,160,1,-1,-1,-1
83,49,2304,341,228,460,1,-1,-1,-1
83,50,817,615,292,216,1,-1,-1,-1
84,2,630,294,141,164,1,-1,-1,-1
84,3,742,711,180,304,1,-1,-1,-1
84,5,552,316,116,148,1,-1,-1,-1
84,6,1280,248,116,184,1,-1,-1,-1
84,8,878,376,200,212,1,-1,-1,-1
84,11,449,311,136,148,1,-1,-1,-1
84,15,1982,512,164,248,1,-1,-1,-1
84,24,29,986,220,316,1,-1,-1,-1
84,28,1841,257,149,126,1,-1,-1,-1
84,29,2111,250,152,156,1,-1,-1,-1
84,30,1836,276,202,168,1,-1,-1,-1
84,33,2183,486,176,224,1,-1,-1,-1
84,35,1364,879,252,232,1,-1,-1,-1
84,36,561,629,212,244,1,-1,-1,-1
84,37,1797,475,140,144,1,-1,-1,-1
84,39,482,456,156,216,1,-1,-1,-1
84,40,791,982,225,384,1,-1,-1,-1
84,41,201,1346,328,80,1,-1,-1,-1
84,42,209,977,188,300,1,-1,-1,-1
84,43,415,847,276,276,1,-1,-1,-1
84,44,1740,597,248,208,1,-1,-1,-1
84,45,1282,395,204,192,1,-1,-1,-1
84,46,671,1126,216,314,1,-1,-1,-1
84,47,648,302,136,196,1,-1,-1,-1
84,48,736,288,140,160,1,-1,-1,-1
84,49,2275,353,217,438,1,-1,-1,-1
84,50,820,615,292,216,1,-1,-1,-1
85,2,630,289,141,164,1,-1,-1,-1
85,3,744,711,180,304,1,-1,-1,-1
85,5,552,316,116,148,1,-1,-1,-1
85,6,1279,249,116,184,1,-1,-1,-1
85,8,876,377,200,212,1,-1,-1,-1
85,11,457,310,136,148,1,-1,-1,-1
85,15,1991,513,164,248,1,-1,-1,-1
85,24,35,957,220,316,1,-1,-1,-1
85,28,1840,256,149,126,1,-1,-1,-1
85,29,2113,249,152,156,1,-1,-1,-1
85,30,1836,276,202,168,1,-1,-1,-1
85,33,2185,486,176,224,1,-1,-1,-1
85,35,1358,871,265,244,1,-1,-1,-1
85,36,561,628,212,244,1,-1,-1,-1
85,37,1798,470,140,144,1,-1,-1,-1
85,39,482,455,156,216,1,-1,-1,-1
85,40,796,978,225,384,1,-1,-1,-1
85,41,203,1357,328,80,1,-1,-1,-1
85,42,208,986,188,300,1,-1,-1,-1
85,43,417,848,276,276,1,-1,-1,-1
85,44,1738,593,260,218,1,-1,-1,-1
85,45,1282,393,204,192,1,-1,-1,-1
85,46,669,1127,216,313,1,-1,-1,-1
85,47,645,297,136,196,1,-1,-1,-1
85,48,734,288,140,160,1,-1,-1,-1
85,49,2249,350,217,438,1,-1,-1,-1
85,50,825,614,292,216,1,-1,-1,-1
86,3,748,712,180,304,1,-1,-1,-1
86,5,552,316,116,148,1,-1,-1,-1
86,6,1277,250,116,184,1,-1,-1,-1
86,8,874,379,200,212,1,-1,-1,-1
86,11,459,310,136,148,1,-1,-1,-1
86,15,1998,519,164,248,1,-1,-1,-1
86,24,44,923,220,316,1,-1,-1,-1
86,28,1840,256,149,126,1,-1,-1,-1
86,29,2113,251,152,156,1,-1,-1,-1
86,30,1836,275,202,168,1,-1,-1,-1
86,33,2184,488,176,224,1,-1,-1,-1
86,35,1358,871,265,244,1,-1,-1,-1
86,36,561,626,212,244,1,-1,-1,-1
86,37,1801,473,133,137,1,-1,-1,-1
86,39,482,454,156,216,1,-1,-1,-1
86,41,211,1362,312,76,1,-1,-1,-1
86,42,212,993,188,300,1,-1,-1,-1
86,43,417,849,276,276,1,-1,-1,-1
86,44,1741,593,260,218,1,-1,-1,-1
86,45,1281,391,204,192,1,-1,-1,-1
86,46,668,1136,216,304,1,-1,-1,-1
86,47,643,291,136,196,1,-1,-1,-1
86,48,733,288,140,160,1,-1,-1,-1
86,49,2240,352,207,417,1,-1,-1,-1
86,50,831,614,292,216,1,-1,-1,-1
87,3,748,711,180,304,1,-1,-1,-1
87,5,551,315,116,148,1,-1,-1,-1
87,6,1274,250,116,184,1,-1,-1,-1
87,8,873,380,200,212,1,-1,-1,-1
87,11,470,302,136,148,1,-1,-1,-1
87,15,2003,524,164,248,1,-1,-1,-1
87,24,59,889,220,316,1,-1,-1,-1
87,28,1839,256,149,126,1,-1,-1,-1
87,29,2114,251,152,156,1,-1,-1,-1
87,30,1837,275,202,168,1,-1,-1,-1
87,33,2183,491,176,224,1,-1,-1,-1
87,35,1357,872,265,244,1,-1,-1,-1
87,36,561,623,212,244,1,-1,-1,-1
87,37,1801,472,133,137,1,-1,-1,-1
87,39,481,452,156,216,1,-1,-1,-1
87,41,204,1365,328,75,1,-1,-1,-1
87,42,213,1002,188,300,1,-1,-1,-1
87,43,418,848,276,276,1,-1,-1,-1
87,44,1734,594,273,229,1,-1,-1,-1
87,45,1280,389,204,192,1,-1,-1,-1
87,46,666,1138,216,302,1,-1,-1,-1
87,47,640,289,136,196,1,-1,-1,-1
87,48,733,291,140,160,1,-1,-1,-1
87,49,2224,347,207,417,1,-1,-1,-1
87,50,837,613,292,216,1,-1,-1,-1
88,3,751,712,180,304,1,-1,-1,-1
88,5,550,314,116,148,1,-1,-1,-1
88,6,1272,251,116,184,1,-1,-1,-1
88,8,872,380,200,212,1,-1,-1,-1
88,11,484,298,136,148,1,-1,-1,-1
88,15,2006,526,164,248,1,-1,-1,-1
88,24,122,870,231,332,1,-1,-1,-1
88,28,1838,256,149,126,1,-1,-1,-1
88,29,2114,250,152,156,1,-1,-1,-1
88,30,1835,275,202,168,1,-1,-1,-1
88,33,2179,492,176,224,1,-1,-1,-1
88,35,1356,869,265,244,1,-1,-1,-1
88,36,560,620,212,244,1,-1,-1,-1
88,37,1803,471,133,137,1,-1,-1,-1
88,39,481,452,156,216,1,-1,-1,-1
88,41,202,1368,328,72,1,-1,-1,-1
88,42,214,1004,188,300,1,-1,-1,-1
88,43,418,849,276,276,1,-1,-1,-1
88,44,1735,586,273,229,1,-1,-1,-1
88,45,1280,388,204,192,1,-1,-1,-1
88,46,661,1140,216,300,1,-1,-1,-1
88,47,637,281,136,196,1,-1,-1,-1
88,48,735,293,140,160,1,-1,-1,-1
88,49,2221,341,207,417,1,-1,-1,-1
88,50,845,613,292,216,1,-1,-1,-1
89,3,751,712,180,304,1,-1,-1,-1
89,5,552,316,116,140,1,-1,-1,-1
89,6,1276,236,112,192,1,-1,-1,-1
89,8,896,384,156,200,1,-1,-1,-1
89,11,484,298,136,148,1,-1,-1,-1
89,15,1988,532,200,224,1,-1,-1,-1
89,24,122,870,231,332,1,-1,-1,-1
89,28,1838,256,149,126,1,-1,-1,-1
89,29,2114,250,152,156,1,-1,-1,-1
89,30,1835,275,202,168,1,-1,-1,-1
89,33,2179,492,176,224,1,-1,-1,-1
89,35,1368,876,244,244,1,-1,-1,-1
89,36,560,612,224,256,1,-1,-1,-1
89,37,1803,471,133,137,1,-1,-1,-1
89,39,492,432,176,184,1,-1,-1,-1
89,41,202,1368,328,72,1,-1,-1,-1
89,42,188,1012,204,260,1,-1,-1,-1
89,43,416,852,284,264,1,-1,-1,-1
89,44,1712,472,252,332,1,-1,-1,-1
89,45,1280,384,200,208,1,-1,-1,-1
89,46,628,1164,220,272,1,-1,-1,-1
89,47,640,264,120,192,1,-1,-1,-1
89,48,760,288,108,180,1,-1,-1,-1
89,49,2221,341,207,417,1,-1,-1,-1
89,50,876,608,264,224,1,-1,-1,-1
89,51,84,816,156,292,1,-1,-1,-1
90,3,755,710,180,304,1,-1,-1,-1
90,5,553,316,116,140,1,-1,-1,-1
90,6,1275,236,112,192,1,-1,-1,-1
90,8,895,384,156,200,1,-1,-1,-1
90,11,488,295,136,148,1,-1,-1,-1
90,15,1989,533,200,224,1,-1,-1,-1
90,24,152,885,220,316,1,-1,-1,-1
90,28,1838,256,149,126,1,-1,-1,-1
90,29,2114,250,152,156,1,-1,-1,-1
90,30,1836,275,202,168,1,-1,-1,-1
90,33,2176,493,176,224,1,-1,-1,-1
90,35,1368,876,244,244,1,-1,-1,-1
90,36,560,612,224,256,1,-1,-1,-1
90,37,1803,465,133,137,1,-1,-1,-1
90,39,496,433,176,184,1,-1,-1,-1
90,41,194,1367,344,73,1,-1,-1,-1
90,42,187,1013,204,260,1,-1,-1,-1
90,43,415,852,284,264,1,-1,-1,-1
90,44,1711,468,252,332,1,-1,-1,-1
90,45,1280,384,200,208,1,-1,-1,-1
90,46,625,1167,220,272,1,-1,-1,-1
90,47,640,263,120,192,1,-1,-1,-1
90,48,761,289,108,180,1,-1,-1,-1
90,49,2219,339,207,417,1,-1,-1,-1
90,50,879,608,264,224,1,-1,-1,-1
90,51,102,776,156,292,1,-1,-1,-1
91,3,761,710,180,304,1,-1,-1,-1
91,5,555,316,116,140,1,-1,-1,-1
91,6,1275,237,112,192,1,-1,-1,-1
91,8,893,384,156,200,1,-1,-1,-1
91,11,493,291,136,148,1,-1,-1,-1
91,15,1990,533,200,224,1,-1,-1,-1
91,24,157,892,220,316,1,-1,-1,-1
91,28,1837,256,149,126,1,-1,-1,-1
91,29,2114,250,152,156,1,-1,-1,-1
91,30,1836,275,202,168,1,-1,-1,-1
91,33,2173,489,176,224,1,-1,-1,-1
91,35,1367,878,244,244,1,-1,-1,-1
91,36,560,610,224,256,1,-1,-1,-1
91,37,1804,458,133,137,1,-1,-1,-1
91,39,505,431,176,184,1,-1,-1,-1
91,41,195,1368,344,72,1,-1,-1,-1
91,42,186,1015,204,260,1,-1,-1,-1
91,43,415,852,284,264,1,-1,-1,-1
91,44,1709,468,252,332,1,-1,-1,-1
91,45,1279,384,200,208,1,-1,-1,-1
91,46,618,1172,220,268,1,-1,-1,-1
91,47,641,263,120,192,1,-1,-1,-1
91,48,763,290,108,180,1,-1,-1,-1
91,49,2213,336,207,417,1,-1,-1,-1
91,50,885,610,264,224,1,-1,-1,-1
91,51,132,755,149,278,1,-1,-1,-1
92,3,764,707,180,304,1,-1,-1,-1
92,5,555,316,116,140,1,-1,-1,-1
92,6,1278,237,112,192,1,-1,-1,-1
92,8,893,384,156,200,1,-1,-1,-1
92,11,495,292,136,148,1,-1,-1,-1
92,15,1989,536,200,224,1,-1,-1,-1
92,24,160,894,220,316,1,-1,-1,-1
92,28,1838,257,149,126,1,-1,-1,-1
92,29,2114,250,152,156,1,-1,-1,-1
92,30,1836,275,202,168,1,-1,-1,-1
92,33,2184,490,176,224,1,-1,-1,-1
92,35,1362,876,244,244,1,-1,-1,-1
92,36,559,610,224,256,1,-1,-1,-1
92,37,1808,459,133,137,1,-1,-1,-1
92,39,510,430,176,184,1,-1,-1,-1
92,41,196,1368,344,72,1,-1,-1,-1
92,42,186,1015,204,260,1,-1,-1,-1
92,43,412,852,284,264,1,-1,-1,-1
92,44,1710,470,252,332,1,-1,-1,-1
92,45,1278,383,200,208,1,-1,-1,-1
92,46,611,1177,220,263,1,-1,-1,-1
92,47,642,264,120,192,1,-1,-1,-1
92,48,765,290,108,180,1,-1,-1,-1
92,49,2201,335,207,417,1,-1,-1,-1
92,50,892,611,264,224,1,-1,-1,-1
92,51,155,725,149,278,1,-1,-1,-1
93,3,763,699,180,304,1,-1,-1,-1
93,5,556,317,116,140,1,-1,-1,-1
93,6,1282,237,112,192,1,-1,-1,-1
93,8,893,383,156,200,1,-1,-1,-1
93,11,495,293,136,148,1,-1,-1,-1
93,15,1987,538,200,224,1,-1,-1,-1
93,24,159,904,220,316,1,-1,-1,-1
93,28,1838,257,149,126,1,-1,-1,-1
93,29,2114,250,152,156,1,-1,-1,-1
93,30,1836,276,202,168,1,-1,-1,-1
93,33,2201,490,176,224,1,-1,-1,-1
93,35,1366,876,244,244,1,-1,-1,-1
93,36,559,609,224,256,1,-1,-1,-1
93,37,1800,465,133,137,1,-1,-1,-1
93,39,517,431,176,184,1,-1,-1,-1
93,41,197,1369,344,71,1,-1,-1,-1
93,42,185,1017,204,260,1,-1,-1,-1
93,43,412,854,284,264,1,-1,-1,-1
93,44,1701,467,265,349,1,-1,-1,-1
93,45,1275,384,200,208,1,-1,-1,-1
93,46,603,1180,210,259,1,-1,-1,-1
93,47,641,264,120,192,1,-1,-1,-1
93,48,767,291,108,180,1,-1,-1,-1
93,49,2188,332,207,417,1,-1,-1,-1
93,50,899,612,264,224,1,-1,-1,-1
93,51,171,701,149,278,1,-1,-1,-1
94,3,763,693,180,304,1,-1,-1,-1
94,5,556,317,116,140,1,-1,-1,-1
94,6,1287,237,112,192,1,-1,-1,-1
94,8,892,384,156,200,1,-1,-1,-1
94,11,494,285,143,155,1,-1,-1,-1
94,15,1985,540,200,224,1,-1,-1,-1
94,24,164,907,220,316,1,-1,-1,-1
94,28,1837,256,149,126,1,-1,-1,-1
94,29,2114,250,152,156,1,-1,-1,-1
94,30,1836,277,202,168,1,-1,-1,-1
94,33,2201,489,176,224,1,-1,-1,-1
94,35,1367,875,244,244,1,-1,-1,-1
94,36,560,610,224,256,1,-1,-1,-1
94,37,1796,464,133,137,1,-1,-1,-1
94,39,525,431,176,184,1,-1,-1,-1
94,41,196,1370,344,70,1,-1,-1,-1
94,42,186,1017,204,260,1,-1,-1,-1
94,43,411,855,284,264,1,-1,-1,-1
94,44,1701,474,265,349,1,-1,-1,-1
94,45,1275,386,200,208,1,-1,-1,-1
94,46,570,1200,210,240,1,-1,-1,-1
94,47,640,264,120,192,1,-1,-1,-1
94,48,771,292,108,180,1,-1,-1,-1
94,49,2166,313,207,417,1,-1,-1,-1
94,50,902,614,264,224,1,-1,-1,-1
94,51,196,679,149,278,1,-1,-1,-1
95,3,766,694,180,304,1,-1,-1,-1
95,5,556,317,116,140,1,-1,-1,-1
95,6,1288,237,112,192,1,-1,-1,-1
95,8,892,384,156,200,1,-1,-1,-1
95,11,495,285,143,155,1,-1,-1,-1
95,15,1985,540,200,224,1,-1,-1,-1
95,24,166,914,220,316,1,-1,-1,-1
95,28,1837,256,149,126,1,-1,-1,-1
95,30,1836,277,202,168,1,-1,-1,-1
95,35,1367,875,244,244,1,-1,-1,-1
95,36,560,609,224,256,1,-1,-1,-1
95,37,1796,464,133,137,1,-1,-1,-1
95,39,526,430,176,184,1,-1,-1,-1
95,41,194,1371,344,69,1,-1,-1,-1
95,42,186,1017,204,260,1,-1,-1,-1
95,43,411,855,284,264,1,-1,-1,-1
95,44,1699,476,265,349,1,-1,-1,-1
95,45,1269,381,210,218,1,-1,-1,-1
95,46,569,1201,210,239,1,-1,-1,-1
95,47,640,264,120,192,1,-1,-1,-1
95,48,771,292,108,180,1,-1,-1,-1
95,50,902,614,264,224,1,-1,-1,-1
95,51,199,682,149,278,1,-1,-1,-1
96,3,769,690,180,304,1,-1,-1,-1
96,5,555,318,116,140,1,-1,-1,-1
96,6,1293,236,112,192,1,-1,-1,-1
96,8,889,385,156,200,1,-1,-1,-1
96,15,1985,541,200,224,1,-1,-1,-1
96,28,1838,256,149,126,1,-1,-1,-1
96,30,1839,276,202,168,1,-1,-1,-1
96,35,1367,875,244,244,1,-1,-1,-1
96,36,562,608,224,256,1,-1,-1,-1
96,37,1791,465,133,137,1,-1,-1,-1
96,39,536,426,176,184,1,-1,-1,-1
96,41,195,1371,344,69,1,-1,-1,-1
96,42,187,1017,204,260,1,-1,-1,-1
96,43,411,855,284,264,1,-1,-1,-1
96,44,1702,478,265,349,1,-1,-1,-1
96,45,1266,383,210,218,1,-1,-1,-1
96,46,551,1227,200,213,1,-1,-1,-1
96,47,639,265,120,192,1,-1,-1,-1
96,48,771,293,108,180,1,-1,-1,-1
96,50,900,618,264,224,1,-1,-1,-1
96,51,217,668,141,265,1,-1,-1,-1
97,3,769,690,180,304,1,-1,-1,-1
97,5,552,320,120,140,1,-1,-1,-1
97,6,1304,224,108,208,1,-1,-1,-1
97,8,889,385,156,200,1,-1,-1,-1
97,15,1985,541,200,224,1,-1,-1,-1
97,28,1838,256,149,126,1,-1,-1,-1
97,30,1839,276,202,168,1,-1,-1,-1
97,35,1392,864,204,252,1,-1,-1,-1
97,36,562,608,224,256,1,-1,-1,-1
97,37,1788,448,140,160,1,-1,-1,-1
97,39,536,426,176,184,1,-1,-1,-1
97,41,195,1371,344,69,1,-1,-1,-1
97,42,180,1020,208,252,1,-1,-1,-1
97,43,420,856,272,260,1,-1,-1,-1
97,44,1732,576,244,208,1,-1,-1,-1
97,45,1208,396,264,196,1,-1,-1,-1
97,46,548,1236,224,200,1,-1,-1,-1
97,47,632,260,120,172,1,-1,-1,-1
97,48,776,296,104,172,1,-1,-1,-1
97,50,900,618,264,224,1,-1,-1,-1
97,51,220,664,180,324,1,-1,-1,-1
97,52,788,676,276,240,1,-1,-1,-1
97,53,776,384,244,192,1,-1,-1,-1
97,54,2272,544,144,152,1,-1,-1,-1
97,55,1992,492,172,128,1,-1,-1,-1
97,56,732,452,212,208,1,-1,-1,-1
98,3,778,688,180,304,1,-1,-1,-1
98,5,552,320,120,140,1,-1,-1,-1
98,6,1307,223,108,208,1,-1,-1,-1
98,8,851,387,156,200,1,-1,-1,-1
98,15,1978,534,210,235,1,-1,-1,-1
98,28,1841,252,149,126,1,-1,-1,-1
98,30,1843,272,202,168,1,-1,-1,-1
98,35,1392,864,204,252,1,-1,-1,-1
98,36,578,603,224,256,1,-1,-1,-1
98,37,1788,448,140,160,1,-1,-1,-1
98,39,550,424,176,184,1,-1,-1,-1
98,41,194,1371,344,69,1,-1,-1,-1
98,42,180,1022,208,252,1,-1,-1,-1
98,43,421,856,272,260,1,-1,-1,-1
98,44,1735,578,244,208,1,-1,-1,-1
98,45,1207,396,264,196,1,-1,-1,-1
98,46,545,1240,224,200,1,-1,-1,-1
98,47,632,260,120,172,1,-1,-1,-1
98,48,774,295,104,172,1,-1,-1,-1
98,50,905,622,264,224,1,-1,-1,-1
98,51,223,659,180,324,1,-1,-1,-1
98,52,791,677,276,240,1,-1,-1,-1
98,53,771,386,244,192,1,-1,-1,-1
98,54,2270,543,144,152,1,-1,-1,-1
98,55,1990,491,172,128,1,-1,-1,-1
98,56,734,451,212,208,1,-1,-1,-1
99,3,790,700,171,290,1,-1,-1,-1
99,5,552,321,120,140,1,-1,-1,-1
99,6,1310,223,108,208,1,-1,-1,-1
99,8,828,389,156,200,1,-1,-1,-1
99,15,1966,538,210,235,1,-1,-1,-1
99,28,1846,250,149,126,1,-1,-1,-1
99,30,1847,270,202,168,1,-1,-1,-1
99,35,1392,864,204,252,1,-1,-1,-1
99,36,590,603,224,256,1,-1,-1,-1
99,37,1789,448,140,160,1,-1,-1,-1
99,39,554,424,176,184,1,-1,-1,-1
99,41,194,1371,344,69,1,-1,-1,-1
99,42,181,1024,208,252,1,-1,-1,-1
99,43,422,857,272,260,1,-1,-1,-1
99,44,1747,589,232,198,1,-1,-1,-1
99,45,1207,397,264,196,1,-1,-1,-1
99,46,538,1251,224,189,1,-1,-1,-1
99,47,632,261,120,172,1,-1,-1,-1
99,48,773,294,104,172,1,-1,-1,-1
99,50,905,623,264,224,1,-1,-1,-1
99,51,229,654,180,324,1,-1,-1,-1
99,52,799,678,276,240,1,-1,-1,-1
99,53,767,386,244,192,1,-1,-1,-1
99,54,2273,544,144,152,1,-1,-1,-1
99,55,1985,492,172,128,1,-1,-1,-1
99,56,740,449,212,208,1,-1,-1,-1
100,3,824,684,171,290,1,-1,-1,-1
100,5,552,322,120,140,1,-1,-1,-1
100,6,1310,223,108,208,1,-1,-1,-1
100,8,819,387,156,200,1,-1,-1,-1
100,15,1941,532,220,247,1,-1,-1,-1
100,28,1851,246,149,126,1,-1,-1,-1
100,30,1852,268,202,168,1,-1,-1,-1
100,35,1393,866,204,252,1,-1,-1,-1
100,36,602,599,224,256,1,-1,-1,-1
100,37,1788,448,140,160,1,-1,-1,-1
100,39,558,423,176,184,1,-1,-1,-1
100,41,194,1370,344,70,1,-1,-1,-1
100,42,182,1027,208,252,1,-1,-1,-1
100,43,422,859,272,260,1,-1,-1,-1
100,44,1753,595,232,198,1,-1,-1,-1
100,45,1206,397,264,196,1,-1,-1,-1
100,46,532,1266,224,174,1,-1,-1,-1
100,47,632,261,120,172,1,-1,-1,-1
100,48,772,293,104,172,1,-1,-1,-1
100,50,914,624,264,224,1,-1,-1,-1
100,51,233,648,180,324,1,-1,-1,-1
100,52,823,683,263,229,1,-1,-1,-1
100,53,759,387,244,192,1,-1,-1,-1
100,54,2273,545,144,152,1,-1,-1,-1
100,55,1971,491,172,128,1,-1,-1,-1
100,56,745,451,212,208,1,-1,-1,-1
101,5,552,321,120,140,1,-1,-1,-1
101,6,1310,223,108,208,1,-1,-1,-1
101,8,817,388,156,200,1,-1,-1,-1
101,15,1939,533,220,247,1,-1,-1,-1
101,28,1851,246,149,126,1,-1,-1,-1
101,30,1854,268,202,168,1,-1,-1,-1
101,35,1393,867,204,252,1,-1,-1,-1
101,36,606,597,224,256,1,-1,-1,-1
101,37,1787,448,140,160,1,-1,-1,-1
101,39,560,422,176,184,1,-1,-1,-1
101,41,194,1370,344,70,1,-1,-1,-1
101,42,182,1028,208,252,1,-1,-1,-1
101,43,422,859,272,260,1,-1,-1,-1
101,44,1754,597,232,198,1,-1,-1,-1
101,45,1206,398,264,196,1,-1,-1,-1
101,46,532,1266,224,174,1,-1,-1,-1
101,47,631,261,120,172,1,-1,-1,-1
101,48,772,293,104,172,1,-1,-1,-1
101,50,912,623,264,224,1,-1,-1,-1
101,51,235,645,180,324,1,-1,-1,-1
101,52,821,683,263,229,1,-1,-1,-1
101,53,762,387,244,192,1,-1,-1,-1
101,54,2274,545,144,152,1,-1,-1,-1
101,55,1971,491,172,128,1,-1,-1,-1
101,56,747,452,212,208,1,-1,-1,-1
102,5,551,323,120,140,1,-1,-1,-1
102,6,1310,223,108,208,1,-1,-1,-1
102,8,810,386,156,200,1,-1,-1,-1
102,15,1914,537,220,247,1,-1,-1,-1
102,28,1856,244,149,126,1,-1,-1,-1
102,30,1859,268,202,168,1,-1,-1,-1
102,35,1393,867,204,252,1,-1,-1,-1
102,36,614,595,224,256,1,-1,-1,-1
102,37,1787,447,140,160,1,-1,-1,-1
102,39,561,423,176,184,1,-1,-1,-1
102,41,204,1370,328,70,1,-1,-1,-1
102,42,184,1028,208,252,1,-1,-1,-1
102,43,422,860,272,260,1,-1,-1,-1
102,44,1760,601,232,198,1,-1,-1,-1
102,45,1204,399,264,196,1,-1,-1,-1
102,46,530,1291,213,149,1,-1,-1,-1
102,47,631,260,120,172,1,-1,-1,-1
102,48,772,295,104,172,1,-1,-1,-1
102,50,913,625,264,224,1,-1,-1,-1
102,51,240,638,180,324,1,-1,-1,-1
102,52,847,684,263,229,1,-1,-1,-1
102,53,761,387,244,192,1,-1,-1,-1
102,54,2275,546,144,152,1,-1,-1,-1
102,55,1931,485,181,134,1,-1,-1,-1
102,56,747,454,212,208,1,-1,-1,-1
103,5,551,324,120,140,1,-1,-1,-1
103,6,1309,224,108,208,1,-1,-1,-1
103,8,802,384,156,200,1,-1,-1,-1
103,15,1897,536,220,247,1,-1,-1,-1
103,28,1859,244,149,126,1,-1,-1,-1
103,30,1861,268,202,168,1,-1,-1,-1
103,35,1390,866,204,252,1,-1,-1,-1
103,36,619,591,224,256,1,-1,-1,-1
103,37,1787,447,140,160,1,-1,-1,-1
103,39,563,422,176,184,1,-1,-1,-1
103,41,207,1368,328,72,1,-1,-1,-1
103,42,187,1029,208,252,1,-1,-1,-1
103,43,423,860,272,260,1,-1,-1,-1
103,44,1761,614,221,189,1,-1,-1,-1
103,45,1201,399,264,196,1,-1,-1,-1
103,46,531,1310,203,130,1,-1,-1,-1
103,47,630,259,120,172,1,-1,-1,-1
103,48,773,296,104,172,1,-1,-1,-1
103,50,897,619,264,224,1,-1,-1,-1
103,51,246,625,180,324,1,-1,-1,-1
103,52,878,688,263,229,1,-1,-1,-1
103,53,759,386,244,192,1,-1,-1,-1
103,54,2275,546,144,152,1,-1,-1,-1
103,55,1904,488,172,128,1,-1,-1,-1
103,56,746,456,212,208,1,-1,-1,-1
104,5,550,326,120,140,1,-1,-1,-1
104,6,1306,225,108,208,1,-1,-1,-1
104,8,796,382,156,200,1,-1,-1,-1
104,15,1883,536,232,259,1,-1,-1,-1
104,28,1864,242,149,126,1,-1,-1,-1
104,30,1866,265,202,168,1,-1,-1,-1
104,35,1386,865,204,252,1,-1,-1,-1
104,36,623,587,224,256,1,-1,-1,-1
104,37,1786,446,140,160,1,-1,-1,-1
104,39,562,425,176,184,1,-1,-1,-1
104,41,211,1367,328,73,1,-1,-1,-1
104,42,191,1028,208,252,1,-1,-1,-1
104,43,424,860,272,260,1,-1,-1,-1
104,44,1759,617,211,180,1,-1,-1,-1
104,45,1196,399,264,196,1,-1,-1,-1
104,46,524,1323,203,117,1,-1,-1,-1
104,47,631,259,120,172,1,-1,-1,-1
104,48,774,296,104,172,1,-1,-1,-1
104,51,259,604,180,324,1,-1,-1,-1
104,52,900,687,263,229,1,-1,-1,-1
104,53,762,386,244,192,1,-1,-1,-1
104,54,2276,546,144,152,1,-1,-1,-1
104,55,1891,489,172,128,1,-1,-1,-1
104,56,748,456,212,208,1,-1,-1,-1
105,5,550,326,120,140,1,-1,-1,-1
105,6,1306,225,108,208,1,-1,-1,-1
105,8,796,382,156,200,1,-1,-1,-1
105,15,1883,536,232,259,1,-1,-1,-1
105,28,1864,242,149,126,1,-1,-1,-1
105,30,1866,265,202,168,1,-1,-1,-1
105,35,1396,864,184,252,1,-1,-1,-1
105,36,624,568,276,224,1,-1,-1,-1
105,37,1786,446,140,160,1,-1,-1,-1
105,39,562,425,176,184,1,-1,-1,-1
105,41,211,1367,328,73,1,-1,-1,-1
105,42,208,1012,216,276,1,-1,-1,-1
105,43,424,856,276,260,1,-1,-1,-1
105,44,1756,620,200,280,1,-1,-1,-1
105,45,1196,399,264,196,1,-1,-1,-1
105,46,524,1323,203,117,1,-1,-1,-1
105,47,632,240,116,188,1,-1,-1,-1
105,48,776,288,96,124,1,-1,-1,-1
105,51,264,624,172,284,1,-1,-1,-1
105,52,904,712,324,244,1,-1,-1,-1
105,53,762,386,244,192,1,-1,-1,-1
105,54,2200,528,220,172,1,-1,-1,-1
105,55,1891,489,172,128,1,-1,-1,-1
105,56,748,456,212,208,1,-1,-1,-1
105,57,2016,264,540,340,1,-1,-1,-1
106,5,550,329,120,140,1,-1,-1,-1
106,6,1299,227,108,208,1,-1,-1,-1
106,8,788,381,156,200,1,-1,-1,-1
106,15,1867,535,232,259,1,-1,-1,-1
106,28,1871,255,149,126,1,-1,-1,-1
106,30,1871,275,202,168,1,-1,-1,-1
106,35,1395,865,184,252,1,-1,-1,-1
106,36,625,568,276,224,1,-1,-1,-1
106,37,1780,445,140,160,1,-1,-1,-1
106,39,562,426,176,184,1,-1,-1,-1
106,41,211,1366,328,74,1,-1,-1,-1
106,42,209,1012,216,276,1,-1,-1,-1
106,43,425,856,276,260,1,-1,-1,-1
106,44,1745,629,200,280,1,-1,-1,-1
106,45,1191,399,264,196,1,-1,-1,-1
106,46,510,1350,203,90,1,-1,-1,-1
106,47,632,240,116,188,1,-1,-1,-1
106,48,776,288,96,124,1,-1,-1,-1
106,51,265,617,172,284,1,-1,-1,-1
106,52,911,712,324,244,1,-1,-1,-1
106,53,721,392,244,192,1,-1,-1,-1
106,54,2200,527,220,172,1,-1,-1,-1
106,55,1874,487,172,128,1,-1,-1,-1
106,56,754,460,212,208,1,-1,-1,-1
106,57,2012,261,540,340,1,-1,-1,-1
107,5,549,330,120,140,1,-1,-1,-1
107,6,1297,229,108,208,1,-1,-1,-1
107,8,787,380,156,200,1,-1,-1,-1
107,15,1866,535,232,259,1,-1,-1,-1
107,28,1871,255,149,126,1,-1,-1,-1
107,30,1871,277,202,168,1,-1,-1,-1
107,35,1393,866,184,252,1,-1,-1,-1
107,36,625,569,276,224,1,-1,-1,-1
107,37,1779,445,140,160,1,-1,-1,-1
107,41,211,1365,328,75,1,-1,-1,-1
107,42,209,1013,216,276,1,-1,-1,-1
107,43,426,857,276,260,1,-1,-1,-1
107,44,1744,632,200,280,1,-1,-1,-1
107,45,1190,399,264,196,1,-1,-1,-1
107,46,515,1351,193,89,1,-1,-1,-1
107,47,632,240,116,188,1,-1,-1,-1
107,48,777,288,96,124,1,-1,-1,-1
107,51,266,615,172,284,1,-1,-1,-1
107,52,914,713,324,244,1,-1,-1,-1
107,53,710,394,244,192,1,-1,-1,-1
107,54,2200,528,220,172,1,-1,-1,-1
107,55,1872,487,172,128,1,-1,-1,-1
107,56,755,458,212,208,1,-1,-1,-1
107,57,2011,259,540,340,1,-1,-1,-1
108,5,548,331,120,140,1,-1,-1,-1
108,6,1294,229,108,208,1,-1,-1,-1
108,28,1877,259,149,126,1,-1,-1,-1
108,35,1391,865,184,252,1,-1,-1,-1
108,36,630,568,276,224,1,-1,-1,-1
108,37,1771,447,140,160,1,-1,-1,-1
108,41,218,1366,312,74,1,-1,-1,-1
108,42,211,1015,216,276,1,-1,-1,-1
108,43,426,858,276,260,1,-1,-1,-1
108,44,1734,634,200,280,1,-1,-1,-1
108,45,1191,397,264,196,1,-1,-1,-1
108,46,517,1358,184,82,1,-1,-1,-1
108,47,633,240,116,188,1,-1,-1,-1
108,48,778,288,96,124,1,-1,-1,-1
108,51,268,613,172,284,1,-1,-1,-1
108,52,922,712,324,244,1,-1,-1,-1
108,53,718,393,244,192,1,-1,-1,-1
108,54,2202,529,220,172,1,-1,-1,-1
108,55,1874,485,172,128,1,-1,-1,-1
108,56,761,457,212,208,1,-1,-1,-1
108,57,2009,253,540,340,1,-1,-1,-1
109,5,544,327,126,147,1,-1,-1,-1
109,6,1292,228,108,208,1,-1,-1,-1
109,28,1883,260,149,126,1,-1,-1,-1
109,35,1394,865,184,252,1,-1,-1,-1
109,36,640,566,276,224,1,-1,-1,-1
109,37,1760,452,140,160,1,-1,-1,-1
109,41,218,1365,312,75,1,-1,-1,-1
109,42,215,1020,216,276,1,-1,-1,-1
109,43,427,859,276,260,1,-1,-1,-1
109,44,1730,639,200,280,1,-1,-1,-1
109,45,1190,398,264,196,1,-1,-1,-1
109,46,446,1302,184,138,1,-1,-1,-1
109,47,633,240,116,188,1,-1,-1,-1
109,48,779,288,96,124,1,-1,-1,-1
109,51,270,611,172,284,1,-1,-1,-1
109,52,928,711,324,244,1,-1,-1,-1
109,53,715,388,244,192,1,-1,-1,-1
109,54,2205,530,220,172,1,-1,-1,-1
109,55,1876,486,172,128,1,-1,-1,-1
109,56,793,457,202,198,1,-1,-1,-1
109,57,2004,247,540,340,1,-1,-1,-1
110,5,543,327,126,147,1,-1,-1,-1
110,6,1292,228,108,208,1,-1,-1,-1
110,28,1887,262,149,126,1,-1,-1,-1
110,35,1393,864,184,252,1,-1,-1,-1
110,36,665,550,276,224,1,-1,-1,-1
110,37,1746,463,140,160,1,-1,-1,-1
110,41,219,1365,312,75,1,-1,-1,-1
110,42,222,1026,216,276,1,-1,-1,-1
110,43,428,857,276,260,1,-1,-1,-1
110,44,1723,644,200,280,1,-1,-1,-1
110,45,1190,397,264,196,1,-1,-1,-1
110,46,456,1291,176,149,1,-1,-1,-1
110,47,633,239,116,188,1,-1,-1,-1
110,48,780,289,96,124,1,-1,-1,-1
110,51,273,609,172,284,1,-1,-1,-1
110,52,948,712,324,244,1,-1,-1,-1
110,53,713,390,244,192,1,-1,-1,-1
110,54,2204,530,220,172,1,-1,-1,-1
110,57,1991,231,567,357,1,-1,-1,-1
111,5,541,327,126,147,1,-1,-1,-1
111,6,1292,229,108,208,1,-1,-1,-1
111,28,1888,261,149,126,1,-1,-1,-1
111,35,1392,864,184,252,1,-1,-1,-1
111,36,684,540,276,224,1,-1,-1,-1
111,37,1732,481,140,160,1,-1,-1,-1
111,41,220,1364,312,76,1,-1,-1,-1
111,42,230,1030,216,276,1,-1,-1,-1
111,43,429,856,276,260,1,-1,-1,-1
111,44,1711,654,210,294,1,-1,-1,-1
111,45,1189,397,264,196,1,-1,-1,-1
111,46,454,1287,176,153,1,-1,-1,-1
111,47,633,238,116,188,1,-1,-1,-1
111,48,781,290,96,124,1,-1,-1,-1
111,51,280,605,172,284,1,-1,-1,-1
111,52,955,714,324,244,1,-1,-1,-1
111,53,702,395,232,183,1,-1,-1,-1
111,54,2204,529,220,172,1,-1,-1,-1
111,57,1971,213,589,375,1,-1,-1,-1
112,5,540,330,126,147,1,-1,-1,-1
112,6,1292,228,108,208,1,-1,-1,-1
112,28,1886,258,149,126,1,-1,-1,-1
112,35,1391,864,184,252,1,-1,-1,-1
112,36,705,536,276,224,1,-1,-1,-1
112,37,1718,495,140,160,1,-1,-1,-1
112,41,226,1366,297,73,1,-1,-1,-1
112,42,230,1020,227,290,1,-1,-1,-1
112,43,429,856,276,260,1,-1,-1,-1
112,44,1708,672,210,294,1,-1,-1,-1
112,45,1189,397,264,196,1,-1,-1,-1
112,46,449,1289,176,151,1,-1,-1,-1
112,47,633,238,116,188,1,-1,-1,-1
112,48,781,290,96,124,1,-1,-1,-1
112,51,288,596,172,284,1,-1,-1,-1
112,52,960,703,340,256,1,-1,-1,-1
112,54,2205,529,220,172,1,-1,-1,-1
112,57,1967,206,593,375,1,-1,-1,-1
113,5,540,330,126,147,1,-1,-1,-1
113,6,1292,228,108,208,1,-1,-1,-1
113,28,1886,258,149,126,1,-1,-1,-1
113,35,1396,860,180,260,1,-1,-1,-1
113,36,705,536,276,224,1,-1,-1,-1
113,37,1718,495,140,160,1,-1,-1,-1
113,41,226,1366,297,73,1,-1,-1,-1
113,42,256,1024,208,316,1,-1,-1,-1
113,43,420,864,284,260,1,-1,-1,-1
113,44,1740,700,168,296,1,-1,-1,-1
113,45,1189,397,264,196,1,-1,-1,-1
113,46,449,1289,176,151,1,-1,-1,-1
113,47,633,238,116,188,1,-1,-1,-1
113,48,781,290,96,124,1,-1,-1,-1
113,51,320,592,192,264,1,-1,-1,-1
113,52,960,703,340,256,1,-1,-1,-1
113,54,2204,532,228,176,1,-1,-1,-1
113,57,1952,208,604,352,1,-1,-1,-1
113,58,716,392,216,200,1,-1,-1,-1
113,59,824,1296,212,144,1,-1,-1,-1
114,5,540,332,126,147,1,-1,-1,-1
114,6,1293,228,108,208,1,-1,-1,-1
114,28,1884,256,149,126,1,-1,-1,-1
114,35,1396,860,180,260,1,-1,-1,-1
114,36,729,531,276,224,1,-1,-1,-1
114,37,1704,505,140,160,1,-1,-1,-1
114,41,226,1366,297,73,1,-1,-1,-1
114,42,257,1025,208,316,1,-1,-1,-1
114,43,420,864,284,260,1,-1,-1,-1
114,44,1743,711,168,296,1,-1,-1,-1
114,45,1188,398,264,196,1,-1,-1,-1
114,47,633,239,116,188,1,-1,-1,-1
114,48,780,291,96,124,1,-1,-1,-1
114,51,330,586,192,264,1,-1,-1,-1
114,52,952,687,340,256,1,-1,-1,-1
114,54,2204,531,228,176,1,-1,-1,-1
114,57,1950,207,604,352,1,-1,-1,-1
114,58,720,392,216,200,1,-1,-1,-1
114,59,832,1292,212,144,1,-1,-1,-1
115,5,539,332,126,147,1,-1,-1,-1
115,6,1291,224,113,218,1,-1,-1,-1
115,28,1887,257,149,126,1,-1,-1,-1
115,35,1396,860,180,260,1,-1,-1,-1
115,36,789,531,263,213,1,-1,-1,-1
115,37,1700,506,140,160,1,-1,-1,-1
115,41,226,1366,297,73,1,-1,-1,-1
115,42,258,1027,208,316,1,-1,-1,-1
115,43,421,864,284,260,1,-1,-1,-1
115,44,1753,734,160,282,1,-1,-1,-1
115,45,1189,400,264,196,1,-1,-1,-1
115,47,632,240,116,188,1,-1,-1,-1
115,48,780,290,96,124,1,-1,-1,-1
115,51,340,576,192,264,1,-1,-1,-1
115,52,986,691,324,244,1,-1,-1,-1
115,54,2206,530,228,176,1,-1,-1,-1
115,57,1948,203,604,352,1,-1,-1,-1
115,58,719,394,216,200,1,-1,-1,-1
115,59,852,1273,212,144,1,-1,-1,-1
116,5,537,333,126,147,1,-1,-1,-1
116,6,1291,224,113,218,1,-1,-1,-1
116,28,1890,259,149,126,1,-1,-1,-1
116,35,1396,861,180,260,1,-1,-1,-1
116,36,832,533,263,213,1,-1,-1,-1
116,37,1684,516,140,160,1,-1,-1,-1
116,41,224,1365,297,73,1,-1,-1,-1
116,42,260,1028,208,316,1,-1,-1,-1
116,43,421,865,284,260,1,-1,-1,-1
116,44,1760,761,160,282,1,-1,-1,-1
116,45,1190,401,264,196,1,-1,-1,-1
116,47,631,240,116,188,1,-1,-1,-1
116,48,780,290,96,124,1,-1,-1,-1
116,51,348,567,192,264,1,-1,-1,-1
116,52,990,692,324,244,1,-1,-1,-1
116,54,2206,530,228,176,1,-1,-1,-1
116,57,1948,201,604,352,1,-1,-1,-1
116,58,717,396,216,200,1,-1,-1,-1
116,59,869,1253,212,144,1,-1,-1,-1
117,5,535,334,126,147,1,-1,-1,-1
117,6,1291,225,113,218,1,-1,-1,-1
117,28,1894,262,149,126,1,-1,-1,-1
117,35,1396,861,180,260,1,-1,-1,-1
117,36,856,526,263,213,1,-1,-1,-1
117,37,1666,530,140,160,1,-1,-1,-1
117,41,223,1365,297,73,1,-1,-1,-1
117,42,260,1029,208,316,1,-1,-1,-1
117,43,421,865,284,260,1,-1,-1,-1
117,44,1763,787,160,282,1,-1,-1,-1
117,45,1192,402,264,196,1,-1,-1,-1
117,47,630,238,116,188,1,-1,-1,-1
117,48,779,290,96,124,1,-1,-1,-1
117,51,352,564,192,264,1,-1,-1,-1
117,52,1003,691,309,232,1,-1,-1,-1
117,54,2206,529,228,176,1,-1,-1,-1
117,57,1953,198,604,352,1,-1,-1,-1
117,58,715,393,216,200,1,-1,-1,-1
117,59,891,1235,202,137,1,-1,-1,-1
118,5,536,335,126,147,1,-1,-1,-1
118,6,1292,225,113,218,1,-1,-1,-1
118,35,1395,860,180,260,1,-1,-1,-1
118,36,884,524,263,213,1,-1,-1,-1
118,37,1648,540,140,160,1,-1,-1,-1
118,41,220,1365,297,73,1,-1,-1,-1
118,42,259,1030,208,316,1,-1,-1,-1
118,43,420,865,284,260,1,-1,-1,-1
118,44,1757,799,168,296,1,-1,-1,-1
118,45,1192,402,264,196,1,-1,-1,-1
118,47,629,240,116,188,1,-1,-1,-1
118,48,779,290,96,124,1,-1,-1,-1
118,51,354,559,192,264,1,-1,-1,-1
118,52,1011,687,309,232,1,-1,-1,-1
118,54,2207,529,228,176,1,-1,-1,-1
118,57,1973,202,575,335,1,-1,-1,-1
118,58,714,391,216,200,1,-1,-1,-1
118,59,897,1225,202,137,1,-1,-1,-1
119,5,536,335,126,147,1,-1,-1,-1
119,6,1292,225,113,218,1,-1,-1,-1
119,35,1395,860,180,260,1,-1,-1,-1
119,36,887,522,263,213,1,-1,-1,-1
119,37,1646,541,140,160,1,-1,-1,-1
119,41,220,1365,297,73,1,-1,-1,-1
119,42,258,1030,208,316,1,-1,-1,-1
119,43,420,865,284,260,1,-1,-1,-1
119,44,1757,799,168,296,1,-1,-1,-1
119,45,1193,403,264,196,1,-1,-1,-1
119,47,629,240,116,188,1,-1,-1,-1
119,48,779,290,96,124,1,-1,-1,-1
119,51,357,558,192,264,1,-1,-1,-1
119,52,1003,684,309,232,1,-1,-1,-1
119,54,2207,529,228,176,1,-1,-1,-1
119,57,1985,208,548,319,1,-1,-1,-1
119,58,713,390,216,200,1,-1,-1,-1
119,59,899,1225,202,137,1,-1,-1,-1
120,5,535,335,126,147,1,-1,-1,-1
120,6,1292,225,113,218,1,-1,-1,-1
120,35,1394,859,180,260,1,-1,-1,-1
120,36,931,526,276,224,1,-1,-1,-1
120,37,1630,545,140,160,1,-1,-1,-1
120,41,218,1366,297,73,1,-1,-1,-1
120,42,259,1031,208,316,1,-1,-1,-1
120,43,420,865,284,260,1,-1,-1,-1
120,44,1759,813,160,282,1,-1,-1,-1
120,45,1193,403,264,196,1,-1,-1,-1
120,47,628,239,116,188,1,-1,-1,-1
120,48,778,289,96,124,1,-1,-1,-1
120,51,359,555,192,264,1,-1,-1,-1
120,52,996,681,309,232,1,-1,-1,-1
120,54,2208,528,228,176,1,-1,-1,-1
120,57,1988,204,548,319,1,-1,-1,-1
120,58,714,388,216,200,1,-1,-1,-1
120,59,898,1221,202,137,1,-1,-1,-1
121,5,512,336,152,132,1,-1,-1,-1
121,6,1292,225,113,218,1,-1,-1,-1
121,35,1394,859,180,260,1,-1,-1,-1
121,36,931,526,276,224,1,-1,-1,-1
121,37,1630,545,140,160,1,-1,-1,-1
121,41,218,1366,297,73,1,-1,-1,-1
121,42,256,1036,208,300,1,-1,-1,-1
121,43,420,864,284,260,1,-1,-1,-1
121,44,1740,828,152,300,1,-1,-1,-1
121,45,1193,403,264,196,1,-1,-1,-1
121,47,628,239,116,188,1,-1,-1,-1
121,48,778,289,96,124,1,-1,-1,-1
121,51,372,552,132,220,1,-1,-1,-1
121,52,996,681,309,232,1,-1,-1,-1
121,54,2208,528,228,176,1,-1,-1,-1
121,57,1988,204,548,319,1,-1,-1,-1
121,58,714,388,216,200,1,-1,-1,-1
121,59,898,1221,202,137,1,-1,-1,-1
121,60,820,1228,284,208,1,-1,-1,-1
122,5,511,336,152,132,1,-1,-1,-1
122,6,1292,226,113,218,1,-1,-1,-1
122,35,1394,858,180,260,1,-1,-1,-1
122,36,989,571,290,235,1,-1,-1,-1
122,37,1609,554,140,160,1,-1,-1,-1
122,41,213,1367,297,73,1,-1,-1,-1
122,42,261,1038,208,300,1,-1,-1,-1
122,43,420,864,284,260,1,-1,-1,-1
122,44,1735,835,152,300,1,-1,-1,-1
122,45,1192,402,264,196,1,-1,-1,-1
122,47,628,238,116,188,1,-1,-1,-1
122,48,777,288,96,124,1,-1,-1,-1
122,51,373,547,132,220,1,-1,-1,-1
122,54,2208,524,228,176,1,-1,-1,-1
122,57,1996,196,548,319,1,-1,-1,-1
122,58,715,388,216,200,1,-1,-1,-1
122,59,889,1215,212,144,1,-1,-1,-1
122,60,821,1226,284,208,1,-1,-1,-1
123,5,510,338,152,132,1,-1,-1,-1
123,6,1291,226,113,218,1,-1,-1,-1
123,35,1393,858,180,260,1,-1,-1,-1
123,36,1013,608,290,235,1,-1,-1,-1
123,37,1604,557,140,160,1,-1,-1,-1
123,41,206,1367,312,73,1,-1,-1,-1
123,42,266,1038,208,300,1,-1,-1,-1
123,43,420,864,284,260,1,-1,-1,-1
123,44,1730,858,152,300,1,-1,-1,-1
123,45,1191,403,264,196,1,-1,-1,-1
123,47,627,238,116,188,1,-1,-1,-1
123,48,776,288,96,124,1,-1,-1,-1
123,51,375,533,132,220,1,-1,-1,-1
123,54,2211,519,228,176,1,-1,-1,-1
123,57,1995,190,548,319,1,-1,-1,-1
123,58,720,391,206,190,1,-1,-1,-1
123,59,889,1213,212,144,1,-1,-1,-1
123,60,822,1225,284,208,1,-1,-1,-1
124,5,509,340,152,132,1,-1,-1,-1
124,6,1290,226,113,218,1,-1,-1,-1
124,35,1392,858,180,260,1,-1,-1,-1
124,37,1599,566,140,160,1,-1,-1,-1
124,41,206,1368,312,72,1,-1,-1,-1
124,42,267,1039,208,300,1,-1,-1,-1
124,43,421,864,284,260,1,-1,-1,-1
124,44,1724,863,152,300,1,-1,-1,-1
124,45,1191,403,264,196,1,-1,-1,-1
124,47,626,238,116,188,1,-1,-1,-1
124,48,775,288,96,124,1,-1,-1,-1
124,51,379,518,132,220,1,-1,-1,-1
124,54,2216,513,228,176,1,-1,-1,-1
124,57,2004,191,548,319,1,-1,-1,-1
124,58,720,392,206,190,1,-1,-1,-1
124,59,889,1210,212,144,1,-1,-1,-1
124,60,824,1224,284,208,1,-1,-1,-1
125,5,509,340,152,132,1,-1,-1,-1
125,6,1290,226,113,218,1,-1,-1,-1
125,35,1393,858,180,260,1,-1,-1,-1
125,37,1599,565,140,160,1,-1,-1,-1
125,41,206,1370,312,70,1,-1,-1,-1
125,42,266,1039,208,300,1,-1,-1,-1
125,43,421,864,284,260,1,-1,-1,-1
125,44,1721,863,152,300,1,-1,-1,-1
125,45,1191,402,264,196,1,-1,-1,-1
125,47,626,239,116,188,1,-1,-1,-1
125,48,776,288,96,124,1,-1,-1,-1
125,51,380,519,132,220,1,-1,-1,-1
125,54,2216,513,228,176,1,-1,-1,-1
125,57,1995,186,548,319,1,-1,-1,-1
125,58,721,392,206,190,1,-1,-1,-1
125,59,889,1210,212,144,1,-1,-1,-1
125,60,824,1222,284,208,1,-1,-1,-1
126,5,508,342,152,132,1,-1,-1,-1
126,6,1290,226,113,218,1,-1,-1,-1
126,35,1393,861,180,260,1,-1,-1,-1
126,37,1596,570,147,168,1,-1,-1,-1
126,41,199,1369,328,71,1,-1,-1,-1
126,42,267,1040,208,300,1,-1,-1,-1
126,43,422,865,284,260,1,-1,-1,-1
126,44,1704,891,152,300,1,-1,-1,-1
126,45,1190,402,264,196,1,-1,-1,-1
126,47,624,239,116,188,1,-1,-1,-1
126,48,776,290,96,124,1,-1,-1,-1
126,51,382,510,132,220,1,-1,-1,-1
126,54,2217,511,228,176,1,-1,-1,-1
126,57,1996,181,548,319,1,-1,-1,-1
126,58,721,393,206,190,1,-1,-1,-1
126,59,891,1209,212,144,1,-1,-1,-1
126,60,827,1221,284,208,1,-1,-1,-1
127,5,506,345,152,132,1,-1,-1,-1
127,6,1289,228,113,218,1,-1,-1,-1
127,35,1391,862,180,260,1,-1,-1,-1
127,37,1602,581,147,168,1,-1,-1,-1
127,41,202,1371,328,69,1,-1,-1,-1
127,42,278,1047,198,286,1,-1,-1,-1
127,43,424,865,284,260,1,-1,-1,-1
127,44,1694,896,152,300,1,-1,-1,-1
127,45,1190,404,264,196,1,-1,-1,-1
127,47,623,240,116,188,1,-1,-1,-1
127,48,776,291,96,124,1,-1,-1,-1
127,51,386,509,132,220,1,-1,-1,-1
127,54,2218,508,228,176,1,-1,-1,-1
127,57,1998,180,548,319,1,-1,-1,-1
127,58,721,394,206,190,1,-1,-1,-1
127,59,904,1205,212,144,1,-1,-1,-1
127,60,833,1219,284,208,1,-1,-1,-1
128,5,501,345,160,139,1,-1,-1,-1
128,6,1289,229,113,218,1,-1,-1,-1
128,35,1389,863,180,260,1,-1,-1,-1
128,37,1610,588,154,176,1,-1,-1,-1
128,41,200,1374,328,66,1,-1,-1,-1
128,42,310,1067,198,286,1,-1,-1,-1
128,43,427,867,284,260,1,-1,-1,-1
128,44,1692,922,152,300,1,-1,-1,-1
128,45,1190,404,264,196,1,-1,-1,-1
128,47,624,242,116,188,1,-1,-1,-1
128,48,776,293,96,124,1,-1,-1,-1
128,51,389,503,132,220,1,-1,-1,-1
128,54,2223,505,228,176,1,-1,-1,-1
128,57,2006,180,548,319,1,-1,-1,-1
128,58,721,394,206,190,1,-1,-1,-1
128,59,922,1200,202,137,1,-1,-1,-1
128,60,853,1212,284,208,1,-1,-1,-1
129,5,484,356,172,128,1,-1,-1,-1
129,6,1289,229,113,218,1,-1,-1,-1
129,35,1392,844,160,196,1,-1,-1,-1
129,37,1620,592,136,168,1,-1,-1,-1
129,41,196,1352,404,84,1,-1,-1,-1
129,42,284,1124,256,244,1,-1,-1,-1
129,43,424,872,312,252,1,-1,-1,-1
129,44,1692,922,152,300,1,-1,-1,-1
129,45,1190,404,264,196,1,-1,-1,-1
129,47,624,242,116,188,1,-1,-1,-1
129,48,776,293,96,124,1,-1,-1,-1
129,51,384,536,132,168,1,-1,-1,-1
129,54,2223,505,228,176,1,-1,-1,-1
129,57,2006,180,548,319,1,-1,-1,-1
129,58,721,394,206,190,1,-1,-1,-1
129,59,922,1200,202,137,1,-1,-1,-1
129,60,884,1204,256,236,1,-1,-1,-1
129,61,1140,620,272,144,1,-1,-1,-1
129,62,1664,964,208,156,1,-1,-1,-1
130,5,483,360,172,128,1,-1,-1,-1
130,6,1289,230,113,218,1,-1,-1,-1
130,35,1389,843,160,196,1,-1,-1,-1
130,37,1623,596,136,168,1,-1,-1,-1
130,41,206,1352,404,84,1,-1,-1,-1
130,42,291,1130,256,244,1,-1,-1,-1
130,43,426,872,312,252,1,-1,-1,-1
130,44,1703,962,152,300,1,-1,-1,-1
130,45,1189,404,264,196,1,-1,-1,-1
130,47,622,244,116,188,1,-1,-1,-1
130,48,773,297,96,124,1,-1,-1,-1
130,51,385,533,132,168,1,-1,-1,-1
130,54,2219,513,228,176,1,-1,-1,-1
130,57,2008,182,548,319,1,-1,-1,-1
130,58,721,394,206,190,1,-1,-1,-1
130,59,954,1181,202,137,1,-1,-1,-1
130,60,894,1202,256,236,1,-1,-1,-1
130,61,1155,625,272,144,1,-1,-1,-1
130,62,1663,974,208,156,1,-1,-1,-1
131,5,483,361,172,128,1,-1,-1,-1
131,6,1289,230,113,218,1,-1,-1,-1
131,35,1388,843,160,196,1,-1,-1,-1
131,37,1624,598,136,168,1,-1,-1,-1
131,41,209,1352,404,84,1,-1,-1,-1
131,42,294,1133,256,244,1,-1,-1,-1
131,43,427,873,312,252,1,-1,-1,-1
131,44,1701,961,152,300,1,-1,-1,-1
131,45,1190,403,264,196,1,-1,-1,-1
131,47,622,244,116,188,1,-1,-1,-1
131,48,773,297,96,124,1,-1,-1,-1
131,51,386,532,132,168,1,-1,-1,-1
131,54,2218,513,228,176,1,-1,-1,-1
131,57,2007,185,548,319,1,-1,-1,-1
131,58,720,395,206,190,1,-1,-1,-1
131,59,961,1185,192,131,1,-1,-1,-1
131,60,897,1201,256,236,1,-1,-1,-1
131,61,1156,625,272,144,1,-1,-1,-1
131,62,1661,977,208,156,1,-1,-1,-1
132,5,484,363,172,128,1,-1,-1,-1
132,6,1289,232,113,218,1,-1,-1,-1
132,35,1387,841,160,196,1,-1,-1,-1
132,37,1625,601,136,168,1,-1,-1,-1
132,41,244,1353,404,84,1,-1,-1,-1
132,42,296,1139,256,244,1,-1,-1,-1
132,43,428,875,312,252,1,-1,-1,-1
132,44,1705,968,152,300,1,-1,-1,-1
132,45,1190,403,264,196,1,-1,-1,-1
132,47,621,244,116,188,1,-1,-1,-1
132,48,770,295,101,130,1,-1,-1,-1
132,51,387,525,132,168,1,-1,-1,-1
132,54,2218,514,228,176,1,-1,-1,-1
132,57,2000,175,560,335,1,-1,-1,-1
132,58,719,395,206,190,1,-1,-1,-1
132,59,971,1185,192,131,1,-1,-1,-1
132,60,908,1202,256,236,1,-1,-1,-1
132,61,1166,624,272,144,1,-1,-1,-1
132,62,1658,986,208,156,1,-1,-1,-1
133,5,485,364,172,128,1,-1,-1,-1
133,6,1288,233,113,218,1,-1,-1,-1
133,35,1385,836,160,196,1,-1,-1,-1
133,37,1624,608,143,176,1,-1,-1,-1
133,41,270,1353,404,84,1,-1,-1,-1
133,42,301,1144,256,244,1,-1,-1,-1
133,43,434,876,312,252,1,-1,-1,-1
133,44,1702,967,152,300,1,-1,-1,-1
133,45,1191,401,264,196,1,-1,-1,-1
133,47,621,244,116,188,1,-1,-1,-1
133,48,770,295,101,130,1,-1,-1,-1
133,51,388,519,132,168,1,-1,-1,-1
133,54,2221,517,217,168,1,-1,-1,-1
133,57,2003,180,557,335,1,-1,-1,-1
133,58,718,396,206,190,1,-1,-1,-1
133,59,976,1186,192,131,1,-1,-1,-1
133,60,915,1202,256,236,1,-1,-1,-1
133,61,1172,624,272,144,1,-1,-1,-1
133,62,1651,992,208,156,1,-1,-1,-1
134,5,487,366,172,128,1,-1,-1,-1
134,6,1288,233,113,218,1,-1,-1,-1
134,35,1385,831,160,196,1,-1,-1,-1
134,37,1617,619,143,176,1,-1,-1,-1
134,41,271,1351,424,88,1,-1,-1,-1
134,42,304,1149,256,244,1,-1,-1,-1
134,43,439,876,312,252,1,-1,-1,-1
134,45,1190,399,264,196,1,-1,-1,-1
134,47,621,244,116,188,1,-1,-1,-1
134,48,767,293,106,137,1,-1,-1,-1
134,51,389,507,132,168,1,-1,-1,-1
134,54,2220,514,217,168,1,-1,-1,-1
134,57,2015,189,545,335,1,-1,-1,-1
134,58,717,396,206,190,1,-1,-1,-1
134,59,980,1185,192,131,1,-1,-1,-1
134,60,920,1203,256,236,1,-1,-1,-1
134,61,1173,624,259,137,1,-1,-1,-1
134,62,1631,996,218,164,1,-1,-1,-1
135,5,488,367,172,128,1,-1,-1,-1
135,6,1289,233,113,218,1,-1,-1,-1
135,35,1385,826,160,196,1,-1,-1,-1
135,37,1604,622,143,176,1,-1,-1,-1
135,41,283,1351,424,88,1,-1,-1,-1
135,42,308,1151,256,244,1,-1,-1,-1
135,43,445,878,312,252,1,-1,-1,-1
135,45,1191,399,264,196,1,-1,-1,-1
135,47,622,244,116,188,1,-1,-1,-1
135,48,767,294,106,137,1,-1,-1,-1
135,51,383,503,139,176,1,-1,-1,-1
135,54,2219,510,217,168,1,-1,-1,-1
135,57,2133,202,427,335,1,-1,-1,-1
135,58,714,399,206,190,1,-1,-1,-1
135,59,981,1185,192,131,1,-1,-1,-1
135,60,922,1203,256,236,1,-1,-1,-1
135,61,1180,619,259,137,1,-1,-1,-1
135,62,1614,998,218,164,1,-1,-1,-1
136,5,488,368,172,128,1,-1,-1,-1
136,6,1288,232,113,218,1,-1,-1,-1
136,35,1384,827,160,196,1,-1,-1,-1
136,37,1599,625,143,176,1,-1,-1,-1
136,41,288,1351,424,88,1,-1,-1,-1
136,42,317,1152,256,244,1,-1,-1,-1
136,43,448,877,312,252,1,-1,-1,-1
136,45,1192,401,264,196,1,-1,-1,-1
136,47,621,243,116,188,1,-1,-1,-1
136,48,770,295,106,137,1,-1,-1,-1
136,51,383,507,139,176,1,-1,-1,-1
136,54,2224,519,207,160,1,-1,-1,-1
136,57,2236,182,324,335,1,-1,-1,-1
136,58,709,403,206,190,1,-1,-1,-1
136,59,982,1186,192,131,1,-1,-1,-1
136,60,924,1204,256,236,1,-1,-1,-1
136,61,1180,616,259,137,1,-1,-1,-1
136,62,1588,998,218,164,1,-1,-1,-1
137,5,452,372,208,140,1,-1,-1,-1
137,6,1284,232,120,192,1,-1,-1,-1
137,35,1392,816,144,228,1,-1,-1,-1
137,37,1599,625,143,176,1,-1,-1,-1
137,41,288,1351,424,88,1,-1,-1,-1
137,42,320,1156,304,220,1,-1,-1,-1
137,43,456,884,300,240,1,-1,-1,-1
137,45,1192,401,264,196,1,-1,-1,-1
137,47,620,236,120,184,1,-1,-1,-1
137,48,770,295,106,137,1,-1,-1,-1
137,51,368,516,156,196,1,-1,-1,-1
137,54,2224,519,207,160,1,-1,-1,-1
137,57,2236,182,324,335,1,-1,-1,-1
137,58,709,403,206,190,1,-1,-1,-1
137,59,982,1186,192,131,1,-1,-1,-1
137,60,924,1204,256,236,1,-1,-1,-1
137,61,1180,616,259,137,1,-1,-1,-1
137,62,1572,1024,252,212,1,-1,-1,-1
137,63,1968,940,256,332,1,-1,-1,-1
137,64,1560,636,184,248,1,-1,-1,-1
137,65,1360,632,204,220,1,-1,-1,-1
138,5,451,372,208,140,1,-1,-1,-1
138,6,1284,232,120,192,1,-1,-1,-1
138,35,1391,818,144,228,1,-1,-1,-1
138,37,1598,618,150,185,1,-1,-1,-1
138,41,290,1351,424,88,1,-1,-1,-1
138,42,325,1157,304,220,1,-1,-1,-1
138,43,457,884,300,240,1,-1,-1,-1
138,45,1191,402,264,196,1,-1,-1,-1
138,47,619,237,120,184,1,-1,-1,-1
138,48,772,299,106,137,1,-1,-1,-1
138,51,369,517,156,196,1,-1,-1,-1
138,54,2244,527,197,152,1,-1,-1,-1
138,57,2348,170,212,319,1,-1,-1,-1
138,58,704,408,206,190,1,-1,-1,-1
138,59,982,1186,192,131,1,-1,-1,-1
138,60,923,1204,256,236,1,-1,-1,-1
138,61,1180,614,259,137,1,-1,-1,-1
138,62,1560,1026,252,212,1,-1,-1,-1
138,63,1971,960,256,332,1,-1,-1,-1
138,64,1558,637,184,248,1,-1,-1,-1
138,65,1362,634,204,220,1,-1,-1,-1
139,5,451,373,208,140,1,-1,-1,-1
139,6,1283,233,120,192,1,-1,-1,-1
139,35,1388,822,144,228,1,-1,-1,-1
139,37,1604,618,150,185,1,-1,-1,-1
139,41,304,1352,404,84,1,-1,-1,-1
139,42,351,1169,290,210,1,-1,-1,-1
139,43,459,884,300,240,1,-1,-1,-1
139,45,1191,402,264,196,1,-1,-1,-1
139,47,618,239,120,184,1,-1,-1,-1
139,48,777,303,106,137,1,-1,-1,-1
139,51,370,519,156,196,1,-1,-1,-1
139,57,2401,146,159,304,1,-1,-1,-1
139,58,697,410,206,190,1,-1,-1,-1
139,59,983,1188,192,131,1,-1,-1,-1
139,60,925,1206,256,234,1,-1,-1,-1
139,61,1176,607,272,144,1,-1,-1,-1
139,62,1536,1039,252,212,1,-1,-1,-1
139,63,1976,972,256,332,1,-1,-1,-1
139,64,1556,639,184,248,1,-1,-1,-1
139,65,1363,637,204,220,1,-1,-1,-1
140,5,449,374,208,140,1,-1,-1,-1
140,6,1283,233,120,192,1,-1,-1,-1
140,35,1384,825,144,228,1,-1,-1,-1
140,37,1605,610,157,194,1,-1,-1,-1
140,41,297,1353,424,87,1,-1,-1,-1
140,42,373,1178,276,200,1,-1,-1,-1
140,43,459,884,300,240,1,-1,-1,-1
140,45,1191,400,264,196,1,-1,-1,-1
140,47,618,241,120,184,1,-1,-1,-1
140,48,789,305,106,137,1,-1,-1,-1
140,51,370,520,156,196,1,-1,-1,-1
140,58,684,420,206,190,1,-1,-1,-1
140,59,988,1190,183,124,1,-1,-1,-1
140,60,925,1207,256,233,1,-1,-1,-1
140,61,1176,605,272,144,1,-1,-1,-1
140,62,1520,1059,240,202,1,-1,-1,-1
140,63,1981,975,256,332,1,-1,-1,-1
140,64,1554,640,184,248,1,-1,-1,-1
140,65,1364,637,204,220,1,-1,-1,-1
141,5,445,375,208,140,1,-1,-1,-1
141,6,1283,232,120,192,1,-1,-1,-1
141,35,1376,829,144,228,1,-1,-1,-1
141,37,1610,613,157,194,1,-1,-1,-1
141,41,301,1358,424,82,1,-1,-1,-1
141,42,385,1176,276,200,1,-1,-1,-1
141,43,458,884,300,240,1,-1,-1,-1
141,45,1190,398,264,196,1,-1,-1,-1
141,47,618,241,120,184,1,-1,-1,-1
141,48,811,306,106,137,1,-1,-1,-1
141,51,370,521,156,196,1,-1,-1,-1
141,58,670,435,196,181,1,-1,-1,-1
141,59,987,1190,183,124,1,-1,-1,-1
141,60,923,1207,256,233,1,-1,-1,-1
141,61,1178,604,272,144,1,-1,-1,-1
141,62,1502,1086,240,202,1,-1,-1,-1
141,63,1980,976,256,332,1,-1,-1,-1
141,64,1556,645,184,248,1,-1,-1,-1
141,65,1363,639,204,220,1,-1,-1,-1
142,5,441,376,208,140,1,-1,-1,-1
142,6,1283,230,120,192,1,-1,-1,-1
142,35,1358,830,144,228,1,-1,-1,-1
142,37,1613,613,157,194,1,-1,-1,-1
142,41,386,1353,404,84,1,-1,-1,-1
142,42,392,1176,276,200,1,-1,-1,-1
142,43,458,884,300,240,1,-1,-1,-1
142,45,1192,394,264,196,1,-1,-1,-1
142,47,617,240,120,184,1,-1,-1,-1
142,48,822,307,106,137,1,-1,-1,-1
142,51,370,522,156,196,1,-1,-1,-1
142,58,646,447,196,181,1,-1,-1,-1
142,59,988,1190,183,124,1,-1,-1,-1
142,60,921,1207,256,233,1,-1,-1,-1
142,61,1179,604,272,144,1,-1,-1,-1
142,62,1483,1118,240,202,1,-1,-1,-1
142,63,1978,977,256,332,1,-1,-1,-1
142,64,1559,648,184,248,1,-1,-1,-1
142,65,1366,640,204,220,1,-1,-1,-1
143,5,440,377,208,140,1,-1,-1,-1
143,6,1284,230,120,192,1,-1,-1,-1
143,35,1357,831,144,228,1,-1,-1,-1
143,37,1615,614,157,194,1,-1,-1,-1
143,41,380,1352,404,84,1,-1,-1,-1
143,42,393,1177,276,200,1,-1,-1,-1
143,43,457,883,300,240,1,-1,-1,-1
143,45,1192,393,264,196,1,-1,-1,-1
143,47,617,240,120,184,1,-1,-1,-1
143,48,825,308,106,137,1,-1,-1,-1
143,51,370,522,156,196,1,-1,-1,-1
143,58,646,450,196,181,1,-1,-1,-1
143,59,988,1190,183,124,1,-1,-1,-1
143,60,921,1207,256,233,1,-1,-1,-1
143,61,1180,604,272,144,1,-1,-1,-1
143,62,1480,1119,240,202,1,-1,-1,-1
143,63,1976,975,256,332,1,-1,-1,-1
143,64,1560,647,184,248,1,-1,-1,-1
143,65,1366,642,204,220,1,-1,-1,-1
144,5,437,377,208,140,1,-1,-1,-1
144,6,1284,229,120,192,1,-1,-1,-1
144,35,1338,838,144,228,1,-1,-1,-1
144,37,1620,620,157,194,1,-1,-1,-1
144,41,381,1354,404,84,1,-1,-1,-1
144,42,399,1175,276,200,1,-1,-1,-1
144,43,457,885,300,240,1,-1,-1,-1
144,45,1191,392,264,196,1,-1,-1,-1
144,47,618,242,120,184,1,-1,-1,-1
144,48,838,309,106,137,1,-1,-1,-1
144,51,372,522,156,196,1,-1,-1,-1
144,58,636,460,187,173,1,-1,-1,-1
144,59,989,1191,183,124,1,-1,-1,-1
144,60,920,1206,256,234,1,-1,-1,-1
144,62,1475,1127,240,202,1,-1,-1,-1
144,63,1976,974,256,332,1,-1,-1,-1
144,64,1563,650,184,248,1,-1,-1,-1
144,65,1367,641,204,220,1,-1,-1,-1
145,5,437,377,208,140,1,-1,-1,-1
145,6,1284,229,120,192,1,-1,-1,-1
145,35,1336,792,160,296,1,-1,-1,-1
145,37,1620,620,157,194,1,-1,-1,-1
145,41,381,1354,404,84,1,-1,-1,-1
145,42,399,1175,276,200,1,-1,-1,-1
145,43,460,880,304,244,1,-1,-1,-1
145,45,1191,392,264,196,1,-1,-1,-1
145,47,618,242,120,184,1,-1,-1,-1
145,48,838,309,106,137,1,-1,-1,-1
145,51,372,522,156,196,1,-1,-1,-1
145,58,636,460,187,173,1,-1,-1,-1
145,59,989,1191,183,124,1,-1,-1,-1
145,60,920,1206,256,234,1,-1,-1,-1
145,62,1475,1127,240,202,1,-1,-1,-1
145,63,1964,984,264,296,1,-1,-1,-1
145,64,1572,664,216,220,1,-1,-1,-1
145,65,1408,652,204,168,1,-1,-1,-1
146,5,437,375,208,140,1,-1,-1,-1
146,6,1284,228,120,192,1,-1,-1,-1
146,35,1333,791,160,296,1,-1,-1,-1
146,37,1643,627,150,185,1,-1,-1,-1
146,41,348,1357,385,80,1,-1,-1,-1
146,42,407,1172,276,200,1,-1,-1,-1
146,43,460,880,304,244,1,-1,-1,-1
146,45,1185,388,264,196,1,-1,-1,-1
146,47,622,241,120,184,1,-1,-1,-1
146,48,854,311,106,137,1,-1,-1,-1
146,51,371,519,156,196,1,-1,-1,-1
146,58,610,475,187,173,1,-1,-1,-1
146,59,1006,1192,183,124,1,-1,-1,-1
146,60,929,1207,256,233,1,-1,-1,-1
146,62,1443,1144,240,202,1,-1,-1,-1
146,63,1962,982,264,296,1,-1,-1,-1
146,64,1576,665,216,220,1,-1,-1,-1
146,65,1415,656,204,168,1,-1,-1,-1
147,5,441,375,208,140,1,-1,-1,-1
147,6,1284,227,120,192,1,-1,-1,-1
147,35,1333,790,160,296,1,-1,-1,-1
147,37,1655,629,150,185,1,-1,-1,-1
147,41,354,1361,366,76,1,-1,-1,-1
147,42,410,1172,276,200,1,-1,-1,-1
147,43,460,880,304,244,1,-1,-1,-1
147,45,1183,387,264,196,1,-1,-1,-1
147,47,624,239,120,184,1,-1,-1,-1
147,51,370,517,156,196,1,-1,-1,-1
147,58,596,490,187,173,1,-1,-1,-1
147,59,1013,1192,183,124,1,-1,-1,-1
147,60,934,1206,256,234,1,-1,-1,-1
147,62,1433,1143,240,202,1,-1,-1,-1
147,63,1961,980,264,296,1,-1,-1,-1
147,64,1583,666,216,220,1,-1,-1,-1
147,65,1438,672,204,168,1,-1,-1,-1
148,5,442,375,208,140,1,-1,-1,-1
148,6,1284,226,120,192,1,-1,-1,-1
148,35,1336,785,160,296,1,-1,-1,-1
148,41,385,1362,366,76,1,-1,-1,-1
148,42,417,1174,276,200,1,-1,-1,-1
148,43,461,880,304,244,1,-1,-1,-1
148,45,1185,385,264,196,1,-1,-1,-1
148,47,625,239,120,184,1,-1,-1,-1
148,51,370,515,156,196,1,-1,-1,-1
148,58,586,503,187,173,1,-1,-1,-1
148,59,1015,1192,183,124,1,-1,-1,-1
148,60,941,1203,256,236,1,-1,-1,-1
148,62,1431,1135,240,202,1,-1,-1,-1
148,63,1959,979,264,296,1,-1,-1,-1
148,64,1590,666,216,220,1,-1,-1,-1
148,65,1428,662,204,168,1,-1,-1,-1
149,5,442,374,208,140,1,-1,-1,-1
149,6,1284,226,120,192,1,-1,-1,-1
149,35,1338,784,160,296,1,-1,-1,-1
149,42,419,1175,276,200,1,-1,-1,-1
149,43,460,880,304,244,1,-1,-1,-1
149,45,1185,384,264,196,1,-1,-1,-1
149,47,625,239,120,184,1,-1,-1,-1
149,51,371,515,156,196,1,-1,-1,-1
149,58,587,502,187,173,1,-1,-1,-1
149,59,1016,1192,183,124,1,-1,-1,-1
149,60,941,1202,256,236,1,-1,-1,-1
149,62,1430,1134,240,202,1,-1,-1,-1
149,63,1958,978,264,296,1,-1,-1,-1
149,64,1591,667,216,220,1,-1,-1,-1
149,65,1433,661,204,168,1,-1,-1,-1
150,5,443,374,208,140,1,-1,-1,-1
150,6,1285,225,120,192,1,-1,-1,-1
150,35,1340,780,160,296,1,-1,-1,-1
150,42,419,1177,276,200,1,-1,-1,-1
150,43,460,881,304,244,1,-1,-1,-1
150,45,1186,384,264,196,1,-1,-1,-1
150,47,625,239,120,184,1,-1,-1,-1
150,51,370,515,156,196,1,-1,-1,-1
150,59,1018,1192,183,124,1,-1,-1,-1
150,60,945,1200,256,236,1,-1,-1,-1
150,62,1430,1132,240,202,1,-1,-1,-1
150,63,1957,977,264,296,1,-1,-1,-1
150,64,1593,666,216,220,1,-1,-1,-1
150,65,1438,665,194,160,1,-1,-1,-1
151,5,442,373,208,140,1,-1,-1,-1
151,6,1286,224,120,192,1,-1,-1,-1
151,35,1343,786,160,296,1,-1,-1,-1
151,42,415,1173,290,210,1,-1,-1,-1
151,43,461,881,304,244,1,-1,-1,-1
151,45,1188,385,264,196,1,-1,-1,-1
151,47,626,244,120,184,1,-1,-1,-1
151,51,369,515,156,196,1,-1,-1,-1
151,59,1019,1192,183,124,1,-1,-1,-1
151,60,946,1200,256,236,1,-1,-1,-1
151,62,1432,1132,240,202,1,-1,-1,-1
151,63,1958,979,264,296,1,-1,-1,-1
151,64,1593,666,216,220,1,-1,-1,-1
151,65,1440,673,194,160,1,-1,-1,-1
152,5,440,373,208,140,1,-1,-1,-1
152,6,1287,224,120,192,1,-1,-1,-1
152,35,1343,789,160,296,1,-1,-1,-1
152,42,421,1174,290,210,1,-1,-1,-1
152,43,461,882,304,244,1,-1,-1,-1
152,45,1189,387,264,196,1,-1,-1,-1
152,47,627,245,120,184,1,-1,-1,-1
152,51,369,515,156,196,1,-1,-1,-1
152,59,1020,1193,183,124,1,-1,-1,-1
152,60,948,1200,256,236,1,-1,-1,-1
152,62,1433,1139,240,202,1,-1,-1,-1
152,63,1957,977,264,296,1,-1,-1,-1
152,64,1595,664,216,220,1,-1,-1,-1
152,65,1438,676,194,160,1,-1,-1,-1
153,5,440,373,208,140,1,-1,-1,-1
153,6,1292,228,116,168,1,-1,-1,-1
153,35,1343,789,160,296,1,-1,-1,-1
153,42,421,1174,290,210,1,-1,-1,-1
153,43,461,882,304,244,1,-1,-1,-1
153,45,1189,387,264,196,1,-1,-1,-1
153,47,627,245,120,184,1,-1,-1,-1
153,51,369,515,156,196,1,-1,-1,-1
153,59,1020,1193,183,124,1,-1,-1,-1
153,60,948,1200,256,236,1,-1,-1,-1
153,62,1433,1139,240,202,1,-1,-1,-1
153,63,1968,988,248,284,1,-1,-1,-1
153,64,1595,664,216,220,1,-1,-1,-1
153,65,1438,676,194,160,1,-1,-1,-1
153,66,536,428,196,160,1,-1,-1,-1
154,5,431,371,218,147,1,-1,-1,-1
154,6,1293,228,116,168,1,-1,-1,-1
154,35,1348,783,160,296,1,-1,-1,-1
154,42,430,1177,290,210,1,-1,-1,-1
154,43,460,881,304,244,1,-1,-1,-1
154,45,1181,385,277,206,1,-1,-1,-1
154,47,627,240,120,184,1,-1,-1,-1
154,51,370,517,156,196,1,-1,-1,-1
154,59,1018,1192,183,124,1,-1,-1,-1
154,60,949,1198,256,236,1,-1,-1,-1
154,62,1444,1167,240,202,1,-1,-1,-1
154,63,1967,987,248,284,1,-1,-1,-1
154,64,1593,662,216,220,1,-1,-1,-1
154,65,1471,721,194,160,1,-1,-1,-1
154,66,535,429,196,160,1,-1,-1,-1
155,6,1293,229,116,168,1,-1,-1,-1
155,35,1345,788,160,296,1,-1,-1,-1
155,42,433,1180,290,210,1,-1,-1,-1
155,43,459,882,304,244,1,-1,-1,-1
155,45,1180,386,277,206,1,-1,-1,-1
155,47,628,240,120,184,1,-1,-1,-1
155,51,371,517,156,196,1,-1,-1,-1
155,59,1018,1192,183,124,1,-1,-1,-1
155,60,949,1198,256,236,1,-1,-1,-1
155,62,1442,1168,240,202,1,-1,-1,-1
155,63,1967,986,248,284,1,-1,-1,-1
155,64,1597,662,216,220,1,-1,-1,-1
155,65,1483,726,185,152,1,-1,-1,-1
155,66,536,430,196,160,1,-1,-1,-1
156,6,1296,229,116,168,1,-1,-1,-1
156,35,1344,798,152,282,1,-1,-1,-1
156,42,439,1182,290,210,1,-1,-1,-1
156,43,460,882,304,244,1,-1,-1,-1
156,45,1178,384,277,206,1,-1,-1,-1
156,47,627,237,120,184,1,-1,-1,-1
156,51,371,517,156,196,1,-1,-1,-1
156,60,948,1198,256,236,1,-1,-1,-1
156,62,1442,1185,240,202,1,-1,-1,-1
156,63,1966,985,248,284,1,-1,-1,-1
156,64,1597,659,216,220,1,-1,-1,-1
156,65,1499,747,176,145,1,-1,-1,-1
156,66,536,431,196,160,1,-1,-1,-1
157,6,1300,229,116,168,1,-1,-1,-1
157,35,1343,814,145,268,1,-1,-1,-1
157,42,465,1200,290,210,1,-1,-1,-1
157,43,460,881,304,244,1,-1,-1,-1
157,45,1179,382,277,206,1,-1,-1,-1
157,47,626,237,120,184,1,-1,-1,-1
157,51,370,518,156,196,1,-1,-1,-1
157,60,944,1197,256,236,1,-1,-1,-1
157,62,1432,1203,240,202,1,-1,-1,-1
157,63,1965,984,248,284,1,-1,-1,-1
157,64,1599,658,216,220,1,-1,-1,-1
157,66,536,432,196,160,1,-1,-1,-1
158,6,1301,229,116,168,1,-1,-1,-1
158,35,1349,825,138,256,1,-1,-1,-1
158,42,467,1196,304,220,1,-1,-1,-1
158,43,459,882,304,244,1,-1,-1,-1
158,45,1179,378,277,206,1,-1,-1,-1
158,47,625,242,120,184,1,-1,-1,-1
158,51,368,517,156,196,1,-1,-1,-1
158,60,937,1194,256,236,1,-1,-1,-1
158,62,1403,1247,240,193,1,-1,-1,-1
158,63,1965,985,248,284,1,-1,-1,-1
158,64,1602,658,216,220,1,-1,-1,-1
158,66,532,432,196,160,1,-1,-1,-1
159,6,1302,222,116,168,1,-1,-1,-1
159,35,1362,821,138,256,1,-1,-1,-1
159,42,464,1195,319,231,1,-1,-1,-1
159,43,460,882,304,244,1,-1,-1,-1
159,45,1178,370,277,206,1,-1,-1,-1
159,47,627,243,120,184,1,-1,-1,-1
159,51,368,517,156,196,1,-1,-1,-1
159,60,932,1193,256,236,1,-1,-1,-1
159,62,1398,1266,229,174,1,-1,-1,-1
159,63,1966,984,248,284,1,-1,-1,-1
159,64,1612,657,216,220,1,-1,-1,-1
159,66,530,431,196,160,1,-1,-1,-1
160,6,1309,221,116,168,1,-1,-1,-1
160,35,1379,812,138,256,1,-1,-1,-1
160,42,470,1200,319,231,1,-1,-1,-1
160,43,459,884,304,244,1,-1,-1,-1
160,45,1177,369,277,206,1,-1,-1,-1
160,47,627,243,120,184,1,-1,-1,-1
160,51,367,517,156,196,1,-1,-1,-1
160,60,925,1192,256,236,1,-1,-1,-1
160,62,1392,1275,229,165,1,-1,-1,-1
160,63,1965,985,248,284,1,-1,-1,-1
160,64,1611,651,227,231,1,-1,-1,-1
160,66,529,430,196,160,1,-1,-1,-1
161,6,1309,221,116,168,1,-1,-1,-1
161,35,1379,812,138,256,1,-1,-1,-1
161,42,468,1220,288,216,1,-1,-1,-1
161,43,456,884,300,240,1,-1,-1,-1
161,45,1177,369,277,206,1,-1,-1,-1
161,47,616,240,124,184,1,-1,-1,-1
161,51,367,517,156,196,1,-1,-1,-1
161,60,925,1192,256,236,1,-1,-1,-1
161,62,1392,1275,229,165,1,-1,-1,-1
161,63,1968,984,236,284,1,-1,-1,-1
161,64,1611,651,227,231,1,-1,-1,-1
161,66,529,430,196,160,1,-1,-1,-1
162,6,1319,214,116,168,1,-1,-1,-1
162,42,469,1222,288,216,1,-1,-1,-1
162,43,456,884,300,240,1,-1,-1,-1
162,45,1180,370,277,206,1,-1,-1,-1
162,47,616,239,124,184,1,-1,-1,-1
162,51,366,516,156,196,1,-1,-1,-1
162,60,917,1193,256,236,1,-1,-1,-1
162,63,1967,984,236,284,1,-1,-1,-1
162,64,1613,647,227,231,1,-1,-1,-1
162,66,529,427,196,160,1,-1,-1,-1
163,6,1340,218,110,160,1,-1,-1,-1
163,42,470,1225,288,215,1,-1,-1,-1
163,43,457,885,300,240,1,-1,-1,-1
163,45,1182,369,277,206,1,-1,-1,-1
163,47,617,237,124,184,1,-1,-1,-1
163,51,366,516,156,196,1,-1,-1,-1
163,60,913,1193,256,236,1,-1,-1,-1
163,63,1967,983,236,284,1,-1,-1,-1
163,64,1628,642,227,231,1,-1,-1,-1
163,66,530,426,196,160,1,-1,-1,-1
164,6,1359,219,110,160,1,-1,-1,-1
164,42,471,1225,288,215,1,-1,-1,-1
164,43,457,885,300,240,1,-1,-1,-1
164,45,1182,366,277,206,1,-1,-1,-1
164,47,617,237,124,184,1,-1,-1,-1
164,51,370,519,149,187,1,-1,-1,-1
164,60,914,1194,256,236,1,-1,-1,-1
164,63,1967,983,236,284,1,-1,-1,-1
164,64,1640,649,227,231,1,-1,-1,-1
164,66,532,424,196,160,1,-1,-1,-1
165,6,1374,216,110,160,1,-1,-1,-1
165,42,472,1227,288,213,1,-1,-1,-1
165,43,457,885,300,240,1,-1,-1,-1
165,45,1181,365,277,206,1,-1,-1,-1
165,47,617,237,124,184,1,-1,-1,-1
165,51,370,519,149,187,1,-1,-1,-1
165,60,913,1196,256,236,1,-1,-1,-1
165,63,1966,983,236,284,1,-1,-1,-1
165,64,1649,649,238,243,1,-1,-1,-1
165,66,533,424,196,160,1,-1,-1,-1
166,6,1393,214,110,160,1,-1,-1,-1
166,42,474,1229,288,211,1,-1,-1,-1
166,43,458,885,300,240,1,-1,-1,-1
166,45,1178,366,277,206,1,-1,-1,-1
166,47,617,239,124,184,1,-1,-1,-1
166,51,369,519,149,187,1,-1,-1,-1
166,60,914,1199,256,236,1,-1,-1,-1
166,63,1967,982,236,284,1,-1,-1,-1
166,64,1657,664,238,243,1,-1,-1,-1
166,66,534,423,196,160,1,-1,-1,-1
167,6,1396,214,110,160,1,-1,-1,-1
167,42,476,1229,288,211,1,-1,-1,-1
167,43,459,884,300,240,1,-1,-1,-1
167,45,1178,365,277,206,1,-1,-1,-1
167,47,617,240,124,184,1,-1,-1,-1
167,51,369,519,149,187,1,-1,-1,-1
167,60,913,1198,256,236,1,-1,-1,-1
167,63,1967,982,236,284,1,-1,-1,-1
167,64,1664,664,238,243,1,-1,-1,-1
167,66,534,421,196,160,1,-1,-1,-1
168,42,477,1226,288,214,1,-1,-1,-1
168,43,460,884,300,240,1,-1,-1,-1
168,45,1177,366,277,206,1,-1,-1,-1
168,47,616,239,124,184,1,-1,-1,-1
168,51,369,520,149,187,1,-1,-1,-1
168,60,914,1201,256,236,1,-1,-1,-1
168,63,1966,983,236,284,1,-1,-1,-1
168,66,535,422,196,160,1,-1,-1,-1
169,42,477,1226,288,214,1,-1,-1,-1
169,43,460,888,296,236,1,-1,-1,-1
169,45,1177,366,277,206,1,-1,-1,-1
169,47,612,244,124,184,1,-1,-1,-1
169,51,376,516,148,176,1,-1,-1,-1
169,60,914,1201,256,236,1,-1,-1,-1
169,63,1968,980,236,292,1,-1,-1,-1
169,66,536,420,196,204,1,-1,-1,-1
169,67,448,580,196,288,1,-1,-1,-1
169,68,2200,476,148,224,1,-1,-1,-1
169,69,1688,640,264,260,1,-1,-1,-1
169,70,1448,856,216,304,1,-1,-1,-1
169,71,428,380,224,120,1,-1,-1,-1
170,42,491,1229,288,211,1,-1,-1,-1
170,43,460,887,296,236,1,-1,-1,-1
170,47,612,244,124,184,1,-1,-1,-1
170,51,377,517,148,176,1,-1,-1,-1
170,60,913,1206,256,234,1,-1,-1,-1
170,63,1968,980,236,292,1,-1,-1,-1
170,66,538,421,196,204,1,-1,-1,-1
170,67,450,587,196,288,1,-1,-1,-1
170,68,2200,478,148,224,1,-1,-1,-1
170,69,1691,641,264,260,1,-1,-1,-1
170,70,1447,859,216,304,1,-1,-1,-1
170,71,429,379,224,120,1,-1,-1,-1
171,42,494,1220,288,216,1,-1,-1,-1
171,43,461,887,296,236,1,-1,-1,-1
171,47,615,245,124,184,1,-1,-1,-1
171,51,378,518,148,176,1,-1,-1,-1
171,60,914,1207,256,233,1,-1,-1,-1
171,63,1969,982,236,292,1,-1,-1,-1
171,66,539,422,196,204,1,-1,-1,-1
171,67,452,593,196,288,1,-1,-1,-1
171,68,2201,485,148,224,1,-1,-1,-1
171,69,1695,642,264,260,1,-1,-1,-1
171,70,1447,865,216,304,1,-1,-1,-1
171,71,430,379,224,120,1,-1,-1,-1
172,42,527,1230,274,206,1,-1,-1,-1
172,43,461,887,296,236,1,-1,-1,-1
172,47,616,245,124,184,1,-1,-1,-1
172,51,380,519,148,176,1,-1,-1,-1
172,60,913,1208,256,232,1,-1,-1,-1
172,63,1970,981,236,292,1,-1,-1,-1
172,66,542,423,196,204,1,-1,-1,-1
172,67,455,595,196,288,1,-1,-1,-1
172,68,2198,497,148,224,1,-1,-1,-1
172,69,1704,648,251,248,1,-1,-1,-1
172,70,1445,868,216,304,1,-1,-1,-1
172,71,430,379,224,120,1,-1,-1,-1
173,42,529,1231,274,206,1,-1,-1,-1
173,43,460,888,296,236,1,-1,-1,-1
173,47,616,245,124,184,1,-1,-1,-1
173,51,380,519,148,176,1,-1,-1,-1
173,60,914,1207,256,233,1,-1,-1,-1
173,63,1969,981,236,292,1,-1,-1,-1
173,66,541,423,196,204,1,-1,-1,-1
173,67,456,597,196,288,1,-1,-1,-1
173,68,2197,498,148,224,1,-1,-1,-1
173,69,1705,648,251,248,1,-1,-1,-1
173,70,1445,869,216,304,1,-1,-1,-1
173,71,431,379,224,120,1,-1,-1,-1
174,42,539,1237,274,203,1,-1,-1,-1
174,43,461,888,296,236,1,-1,-1,-1
174,47,616,243,124,184,1,-1,-1,-1
174,51,381,519,148,176,1,-1,-1,-1
174,60,914,1207,256,233,1,-1,-1,-1
174,63,1971,982,236,292,1,-1,-1,-1
174,66,541,424,196,204,1,-1,-1,-1
174,67,457,601,196,288,1,-1,-1,-1
174,68,2192,496,155,235,1,-1,-1,-1
174,69,1705,649,251,248,1,-1,-1,-1
174,70,1448,878,206,290,1,-1,-1,-1
174,71,431,379,224,120,1,-1,-1,-1
175,42,555,1242,274,198,1,-1,-1,-1
175,43,461,887,296,236,1,-1,-1,-1
175,47,617,242,124,184,1,-1,-1,-1
175,51,382,519,148,176,1,-1,-1,-1
175,60,913,1207,256,233,1,-1,-1,-1
175,63,1971,981,236,292,1,-1,-1,-1
175,66,542,424,196,204,1,-1,-1,-1
175,67,458,601,196,288,1,-1,-1,-1
175,68,2192,502,155,235,1,-1,-1,-1
175,69,1708,646,251,248,1,-1,-1,-1
175,70,1446,879,206,290,1,-1,-1,-1
175,71,432,381,224,120,1,-1,-1,-1
176,42,563,1248,274,192,1,-1,-1,-1
176,43,460,887,296,236,1,-1,-1,-1
176,47,619,242,124,184,1,-1,-1,-1
176,51,383,518,148,176,1,-1,-1,-1
176,60,911,1206,256,234,1,-1,-1,-1
176,63,1970,981,236,292,1,-1,-1,-1
176,66,542,424,196,204,1,-1,-1,-1
176,67,464,610,187,274,1,-1,-1,-1
176,68,2193,509,155,235,1,-1,-1,-1
176,69,1712,644,251,248,1,-1,-1,-1
176,70,1440,874,216,304,1,-1,-1,-1
176,71,434,380,224,120,1,-1,-1,-1
177,42,563,1248,274,192,1,-1,-1,-1
177,43,456,888,300,232,1,-1,-1,-1
177,47,619,242,124,184,1,-1,-1,-1
177,51,380,512,148,196,1,-1,-1,-1
177,60,911,1206,256,234,1,-1,-1,-1
177,63,1964,984,236,292,1,-1,-1,-1
177,66,542,424,196,204,1,-1,-1,-1
177,67,468,604,168,272,1,-1,-1,-1
177,68,2193,509,155,235,1,-1,-1,-1
177,69,1728,640,244,260,1,-1,-1,-1
177,70,1456,876,188,264,1,-1,-1,-1
177,71,420,380,248,128,1,-1,-1,-1
177,72,1840,384,220,172,1,-1,-1,-1
178,42,572,1256,261,184,1,-1,-1,-1
178,43,457,888,300,232,1,-1,-1,-1
178,47,630,243,124,184,1,-1,-1,-1
178,51,380,512,148,196,1,-1,-1,-1
178,60,903,1205,256,235,1,-1,-1,-1
178,63,1965,984,236,292,1,-1,-1,-1
178,66,541,424,196,204,1,-1,-1,-1
178,67,469,604,168,272,1,-1,-1,-1
178,68,2197,533,155,235,1,-1,-1,-1
178,69,1730,635,244,260,1,-1,-1,-1
178,70,1458,878,188,264,1,-1,-1,-1
178,71,420,381,248,128,1,-1,-1,-1
178,72,1840,385,220,172,1,-1,-1,-1
179,42,577,1256,261,184,1,-1,-1,-1
179,43,458,888,300,232,1,-1,-1,-1
179,47,631,243,124,184,1,-1,-1,-1
179,51,380,512,148,196,1,-1,-1,-1
179,60,903,1204,256,236,1,-1,-1,-1
179,63,1966,984,236,292,1,-1,-1,-1
179,66,540,424,196,204,1,-1,-1,-1
179,67,469,605,168,272,1,-1,-1,-1
179,68,2197,534,155,235,1,-1,-1,-1
179,69,1732,633,244,260,1,-1,-1,-1
179,70,1459,878,188,264,1,-1,-1,-1
179,71,420,383,248,128,1,-1,-1,-1
179,72,1840,385,220,172,1,-1,-1,-1
180,43,461,886,300,232,1,-1,-1,-1
180,47,635,241,124,184,1,-1,-1,-1
180,51,380,513,148,196,1,-1,-1,-1
180,60,899,1205,256,235,1,-1,-1,-1
180,63,1966,983,236,292,1,-1,-1,-1
180,66,538,424,196,204,1,-1,-1,-1
180,67,468,605,168,272,1,-1,-1,-1
180,68,2207,544,155,235,1,-1,-1,-1
180,69,1737,627,244,260,1,-1,-1,-1
180,70,1461,885,188,264,1,-1,-1,-1
180,71,420,383,248,128,1,-1,-1,-1
180,72,1840,385,220,172,1,-1,-1,-1
181,43,468,882,300,232,1,-1,-1,-1
181,47,632,235,124,184,1,-1,-1,-1
181,51,379,514,148,196,1,-1,-1,-1
181,60,893,1205,256,235,1,-1,-1,-1
181,63,1966,983,236,292,1,-1,-1,-1
181,66,536,425,196,204,1,-1,-1,-1
181,67,468,605,168,272,1,-1,-1,-1
181,68,2212,550,155,235,1,-1,-1,-1
181,69,1738,619,244,260,1,-1,-1,-1
181,70,1470,899,188,264,1,-1,-1,-1
181,71,418,384,248,128,1,-1,-1,-1
181,72,1839,385,220,172,1,-1,-1,-1
182,43,475,880,300,232,1,-1,-1,-1
182,47,636,231,124,184,1,-1,-1,-1
182,51,379,514,148,196,1,-1,-1,-1
182,60,892,1206,256,234,1,-1,-1,-1
182,63,1964,983,236,292,1,-1,-1,-1
182,66,535,426,196,204,1,-1,-1,-1
182,67,467,604,168,272,1,-1,-1,-1
182,68,2194,545,155,235,1,-1,-1,-1
182,69,1743,615,244,260,1,-1,-1,-1
182,70,1487,924,188,264,1,-1,-1,-1
182,71,417,385,248,128,1,-1,-1,-1
182,72,1839,386,220,172,1,-1,-1,-1
183,43,481,877,300,232,1,-1,-1,-1
183,47,648,216,130,193,1,-1,-1,-1
183,51,378,514,148,196,1,-1,-1,-1
183,60,891,1205,256,235,1,-1,-1,-1
183,63,1965,983,236,292,1,-1,-1,-1
183,66,534,427,196,204,1,-1,-1,-1
183,67,466,606,168,272,1,-1,-1,-1
183,68,2220,557,148,224,1,-1,-1,-1
183,69,1748,603,244,260,1,-1,-1,-1
183,70,1484,922,188,264,1,-1,-1,-1
183,71,417,386,248,128,1,-1,-1,-1
183,72,1841,387,220,172,1,-1,-1,-1
184,43,487,876,300,232,1,-1,-1,-1
184,47,646,224,130,193,1,-1,-1,-1
184,51,379,514,148,196,1,-1,-1,-1
184,60,890,1205,256,235,1,-1,-1,-1
184,63,1966,983,236,292,1,-1,-1,-1
184,66,535,428,196,204,1,-1,-1,-1
184,67,465,606,168,272,1,-1,-1,-1
184,68,2244,515,148,224,1,-1,-1,-1
184,69,1756,601,244,260,1,-1,-1,-1
184,70,1470,922,179,251,1,-1,-1,-1
184,71,417,388,248,128,1,-1,-1,-1
184,72,1841,388,220,172,1,-1,-1,-1
185,43,492,880,300,236,1,-1,-1,-1
185,47,648,280,120,144,1,-1,-1,-1
185,51,376,516,148,196,1,-1,-1,-1
185,60,890,1205,256,235,1,-1,-1,-1
185,63,1988,980,208,280,1,-1,-1,-1
185,66,536,416,196,208,1,-1,-1,-1
185,67,464,600,160,292,1,-1,-1,-1
185,68,2244,515,148,224,1,-1,-1,-1
185,69,1772,564,196,280,1,-1,-1,-1
185,70,1484,956,188,296,1,-1,-1,-1
185,71,417,388,248,128,1,-1,-1,-1
185,72,1841,388,220,172,1,-1,-1,-1
185,73,2028,388,532,748,1,-1,-1,-1
185,74,1740,932,248,364,1,-1,-1,-1
185,75,1332,628,176,252,1,-1,-1,-1
185,76,612,1284,176,156,1,-1,-1,-1
185,77,492,264,172,128,1,-1,-1,-1
186,43,493,877,300,236,1,-1,-1,-1
186,47,640,284,120,144,1,-1,-1,-1
186,51,376,516,148,196,1,-1,-1,-1
186,60,889,1204,256,236,1,-1,-1,-1
186,63,1988,987,208,280,1,-1,-1,-1
186,66,536,416,196,208,1,-1,-1,-1
186,67,464,598,160,292,1,-1,-1,-1
186,68,2217,498,155,235,1,-1,-1,-1
186,69,1773,563,196,280,1,-1,-1,-1
186,70,1483,958,188,296,1,-1,-1,-1
186,71,417,389,248,128,1,-1,-1,-1
186,72,1841,388,220,172,1,-1,-1,-1
186,73,1968,397,532,748,1,-1,-1,-1
186,74,1742,944,248,364,1,-1,-1,-1
186,75,1333,627,176,252,1,-1,-1,-1
186,76,606,1285,176,155,1,-1,-1,-1
186,77,489,265,172,128,1,-1,-1,-1
187,43,495,875,300,236,1,-1,-1,-1
187,47,626,290,126,151,1,-1,-1,-1
187,51,376,518,148,196,1,-1,-1,-1
187,60,888,1202,256,236,1,-1,-1,-1
187,63,1997,967,208,280,1,-1,-1,-1
187,66,535,416,196,208,1,-1,-1,-1
187,67,465,596,160,292,1,-1,-1,-1
187,68,2218,517,148,224,1,-1,-1,-1
187,69,1776,565,196,280,1,-1,-1,-1
187,70,1483,962,188,296,1,-1,-1,-1
187,71,418,390,248,128,1,-1,-1,-1
187,72,1842,387,220,172,1,-1,-1,-1
187,73,1865,409,532,748,1,-1,-1,-1
187,74,1753,967,248,364,1,-1,-1,-1
187,75,1333,626,176,252,1,-1,-1,-1
187,76,601,1287,176,153,1,-1,-1,-1
187,77,487,266,172,128,1,-1,-1,-1
188,43,495,872,300,236,1,-1,-1,-1
188,47,616,299,126,151,1,-1,-1,-1
188,51,376,519,148,196,1,-1,-1,-1
188,60,886,1203,256,236,1,-1,-1,-1
188,63,2001,974,208,280,1,-1,-1,-1
188,66,536,417,196,208,1,-1,-1,-1
188,67,466,595,160,292,1,-1,-1,-1
188,68,2223,472,148,224,1,-1,-1,-1
188,69,1779,569,196,280,1,-1,-1,-1
188,70,1477,963,188,296,1,-1,-1,-1
188,71,417,390,248,128,1,-1,-1,-1
188,72,1844,387,220,172,1,-1,-1,-1
188,73,1763,406,532,748,1,-1,-1,-1
188,74,1765,995,248,364,1,-1,-1,-1
188,75,1331,625,176,252,1,-1,-1,-1
188,76,595,1291,176,149,1,-1,-1,-1
188,77,486,268,172,128,1,-1,-1,-1
189,43,501,868,300,236,1,-1,-1,-1
189,47,612,310,126,151,1,-1,-1,-1
189,51,376,519,148,196,1,-1,-1,-1
189,60,883,1202,256,236,1,-1,-1,-1
189,63,1995,956,218,294,1,-1,-1,-1
189,66,536,415,196,208,1,-1,-1,-1
189,67,467,594,160,292,1,-1,-1,-1
189,68,2209,459,141,213,1,-1,-1,-1
189,69,1802,541,196,280,1,-1,-1,-1
189,70,1458,964,188,296,1,-1,-1,-1
189,71,417,391,248,128,1,-1,-1,-1
189,72,1844,385,220,172,1,-1,-1,-1
189,73,1693,409,532,748,1,-1,-1,-1
189,74,1775,1013,236,347,1,-1,-1,-1
189,75,1331,625,176,252,1,-1,-1,-1
189,76,591,1295,176,145,1,-1,-1,-1
189,77,486,269,172,128,1,-1,-1,-1
190,43,507,867,300,236,1,-1,-1,-1
190,47,609,321,126,151,1,-1,-1,-1
190,51,376,519,148,196,1,-1,-1,-1
190,60,877,1201,256,236,1,-1,-1,-1
190,63,1991,959,208,280,1,-1,-1,-1
190,66,538,415,196,208,1,-1,-1,-1
190,67,469,594,160,292,1,-1,-1,-1
190,69,1774,623,187,267,1,-1,-1,-1
190,70,1428,939,197,311,1,-1,-1,-1
190,71,416,390,248,128,1,-1,-1,-1
190,72,1845,382,231,181,1,-1,-1,-1
190,73,1546,385,532,748,1,-1,-1,-1
190,74,1795,1045,236,347,1,-1,-1,-1
190,75,1330,626,176,252,1,-1,-1,-1
190,76,583,1297,176,143,1,-1,-1,-1
190,77,487,270,172,128,1,-1,-1,-1
191,43,507,867,300,236,1,-1,-1,-1
191,47,608,320,126,151,1,-1,-1,-1
191,51,376,520,148,196,1,-1,-1,-1
191,60,875,1201,256,236,1,-1,-1,-1
191,63,1990,959,208,280,1,-1,-1,-1
191,66,539,414,196,208,1,-1,-1,-1
191,67,469,594,160,292,1,-1,-1,-1
191,69,1774,627,187,267,1,-1,-1,-1
191,70,1424,947,197,311,1,-1,-1,-1
191,71,415,390,248,128,1,-1,-1,-1
191,72,1845,383,231,181,1,-1,-1,-1
191,73,1514,377,532,748,1,-1,-1,-1
191,74,1797,1048,236,347,1,-1,-1,-1
191,75,1330,626,176,252,1,-1,-1,-1
191,76,584,1300,176,140,1,-1,-1,-1
191,77,488,270,172,128,1,-1,-1,-1
192,43,516,870,300,236,1,-1,-1,-1
192,47,608,318,126,151,1,-1,-1,-1
192,51,375,519,148,196,1,-1,-1,-1
192,60,865,1201,256,236,1,-1,-1,-1
192,63,1988,957,208,280,1,-1,-1,-1
192,66,538,414,196,208,1,-1,-1,-1
192,67,470,595,160,292,1,-1,-1,-1
192,69,1807,577,178,254,1,-1,-1,-1
192,70,1500,963,207,326,1,-1,-1,-1
192,71,416,391,248,128,1,-1,-1,-1
192,72,1839,385,231,181,1,-1,-1,-1
192,73,1440,341,532,748,1,-1,-1,-1
192,74,1815,1073,236,347,1,-1,-1,-1
192,75,1329,631,176,252,1,-1,-1,-1
192,76,580,1299,176,141,1,-1,-1,-1
192,77,487,272,172,128,1,-1,-1,-1
193,43,532,872,276,264,1,-1,-1,-1
193,47,608,318,126,151,1,-1,-1,-1
193,51,380,516,140,204,1,-1,-1,-1
193,60,865,1201,256,236,1,-1,-1,-1
193,63,2012,952,224,248,1,-1,-1,-1
193,66,544,320,192,300,1,-1,-1,-1
193,67,464,608,160,276,1,-1,-1,-1
193,69,1824,596,156,208,1,-1,-1,-1
193,70,1500,963,207,326,1,-1,-1,-1
193,71,432,384,208,172,1,-1,-1,-1
193,72,1839,385,231,181,1,-1,-1,-1
193,73,1440,341,532,748,1,-1,-1,-1
193,74,1824,1092,264,268,1,-1,-1,-1
193,75,1329,631,176,252,1,-1,-1,-1
193,76,580,1299,176,141,1,-1,-1,-1
193,77,488,248,168,152,1,-1,-1,-1
193,78,1380,144,1180,788,1,-1,-1,-1
193,79,2192,576,152,164,1,-1,-1,-1
193,80,1308,1012,256,248,1,-1,-1,-1
194,43,531,873,276,264,1,-1,-1,-1
194,47,607,323,126,151,1,-1,-1,-1
194,51,380,516,140,204,1,-1,-1,-1
194,60,848,1204,256,236,1,-1,-1,-1
194,63,2017,951,224,248,1,-1,-1,-1
194,66,544,321,192,300,1,-1,-1,-1
194,67,463,609,160,276,1,-1,-1,-1
194,69,1824,586,156,208,1,-1,-1,-1
194,70,1533,999,197,311,1,-1,-1,-1
194,71,432,385,208,172,1,-1,-1,-1
194,72,1779,337,243,190,1,-1,-1,-1
194,73,1432,323,532,748,1,-1,-1,-1
194,74,1835,1107,264,268,1,-1,-1,-1
194,75,1253,597,185,265,1,-1,-1,-1
194,76,581,1303,176,137,1,-1,-1,-1
194,77,488,249,168,152,1,-1,-1,-1
194,78,1348,131,1180,788,1,-1,-1,-1
194,79,2189,567,152,164,1,-1,-1,-1
194,80,1285,1017,256,248,1,-1,-1,-1
195,43,532,876,276,264,1,-1,-1,-1
195,47,606,330,126,151,1,-1,-1,-1
195,51,379,516,140,204,1,-1,-1,-1
195,60,842,1204,256,236,1,-1,-1,-1
195,63,2033,949,224,248,1,-1,-1,-1
195,66,545,323,192,300,1,-1,-1,-1
195,67,463,611,160,276,1,-1,-1,-1
195,69,1822,572,156,208,1,-1,-1,-1
195,70,1555,999,197,311,1,-1,-1,-1
195,71,432,386,208,172,1,-1,-1,-1
195,72,1749,362,243,190,1,-1,-1,-1
195,73,1396,307,559,785,1,-1,-1,-1
195,74,1853,1165,264,268,1,-1,-1,-1
195,75,1305,615,185,265,1,-1,-1,-1
195,76,580,1300,185,140,1,-1,-1,-1
195,77,489,252,168,152,1,-1,-1,-1
195,78,1281,91,1239,827,1,-1,-1,-1
195,79,2187,551,152,164,1,-1,-1,-1
195,80,1270,1025,256,248,1,-1,-1,-1
196,43,530,879,276,264,1,-1,-1,-1
196,47,604,335,126,151,1,-1,-1,-1
196,51,379,516,140,204,1,-1,-1,-1
196,60,840,1205,256,235,1,-1,-1,-1
196,63,2040,945,224,248,1,-1,-1,-1
196,66,544,324,192,300,1,-1,-1,-1
196,67,460,612,160,276,1,-1,-1,-1
196,69,1814,546,156,208,1,-1,-1,-1
196,70,1567,1002,197,311,1,-1,-1,-1
196,71,432,387,208,172,1,-1,-1,-1
196,72,1725,352,243,190,1,-1,-1,-1
196,73,1394,232,587,825,1,-1,-1,-1
196,74,1877,1237,251,203,1,-1,-1,-1
196,75,1335,632,185,265,1,-1,-1,-1
196,76,580,1302,185,138,1,-1,-1,-1
196,77,489,255,168,152,1,-1,-1,-1
196,78,1226,80,1239,827,1,-1,-1,-1
196,79,2187,541,152,164,1,-1,-1,-1
196,80,1266,1027,244,236,1,-1,-1,-1
197,43,531,879,276,264,1,-1,-1,-1
197,47,605,334,126,151,1,-1,-1,-1
197,51,379,516,140,204,1,-1,-1,-1
197,60,838,1206,256,234,1,-1,-1,-1
197,63,2042,946,224,248,1,-1,-1,-1
197,66,543,325,192,300,1,-1,-1,-1
197,67,459,613,160,276,1,-1,-1,-1
197,69,1812,545,156,208,1,-1,-1,-1
197,70,1576,1000,207,326,1,-1,-1,-1
197,71,431,387,208,172,1,-1,-1,-1
197,72,1694,337,255,199,1,-1,-1,-1
197,74,1851,1215,251,225,1,-1,-1,-1
197,75,1334,629,185,265,1,-1,-1,-1
197,76,580,1301,185,139,1,-1,-1,-1
197,77,490,254,168,152,1,-1,-1,-1
197,78,1219,70,1239,827,1,-1,-1,-1
197,79,2191,545,145,156,1,-1,-1,-1
197,80,1268,1028,244,236,1,-1,-1,-1
198,43,529,882,276,264,1,-1,-1,-1
198,47,607,336,126,151,1,-1,-1,-1
198,51,377,516,140,204,1,-1,-1,-1
198,60,837,1205,256,235,1,-1,-1,-1
198,63,2051,940,224,248,1,-1,-1,-1
198,66,543,326,192,300,1,-1,-1,-1
198,67,456,615,160,276,1,-1,-1,-1
198,69,1806,526,156,208,1,-1,-1,-1
198,70,1549,1002,207,326,1,-1,-1,-1
198,71,431,387,208,172,1,-1,-1,-1
198,72,1663,307,255,199,1,-1,-1,-1
198,74,1852,1121,239,243,1,-1,-1,-1
198,75,1336,636,176,252,1,-1,-1,-1
198,76,576,1298,194,142,1,-1,-1,-1
198,77,491,255,168,152,1,-1,-1,-1
198,78,1209,64,1239,827,1,-1,-1,-1
198,79,2198,544,138,149,1,-1,-1,-1
198,80,1246,1037,232,225,1,-1,-1,-1
199,43,529,886,276,264,1,-1,-1,-1
199,51,377,516,140,204,1,-1,-1,-1
199,60,836,1203,256,236,1,-1,-1,-1
199,63,2064,941,224,248,1,-1,-1,-1
199,66,537,320,202,315,1,-1,-1,-1
199,67,450,617,160,276,1,-1,-1,-1
199,69,1805,511,156,208,1,-1,-1,-1
199,71,431,387,208,172,1,-1,-1,-1
199,74,1865,1122,228,232,1,-1,-1,-1
199,75,1333,638,176,252,1,-1,-1,-1
199,76,576,1296,194,144,1,-1,-1,-1
199,77,492,256,168,152,1,-1,-1,-1
199,78,1293,67,1239,827,1,-1,-1,-1
199,79,2204,547,138,149,1,-1,-1,-1
199,80,1183,1088,232,225,1,-1,-1,-1
200,43,528,886,276,264,1,-1,-1,-1
200,51,377,516,140,204,1,-1,-1,-1
200,60,835,1208,244,225,1,-1,-1,-1
200,63,2070,940,224,248,1,-1,-1,-1
200,66,537,318,202,315,1,-1,-1,-1
200,67,444,621,160,276,1,-1,-1,-1
200,69,1799,493,164,218,1,-1,-1,-1
200,71,431,386,208,172,1,-1,-1,-1
200,74,1864,1116,228,232,1,-1,-1,-1
200,75,1334,638,176,252,1,-1,-1,-1
200,76,576,1297,194,143,1,-1,-1,-1
200,77,494,255,168,152,1,-1,-1,-1
200,78,1281,50,1239,827,1,-1,-1,-1
200,79,2209,548,138,149,1,-1,-1,-1
200,80,1144,1128,232,225,1,-1,-1,-1
201,43,528,886,276,264,1,-1,-1,-1
201,51,384,516,132,184,1,-1,-1,-1
201,60,824,1192,320,248,1,-1,-1,-1
201,63,1984,952,368,276,1,-1,-1,-1
201,66,537,318,202,315,1,-1,-1,-1
201,67,440,632,180,272,1,-1,-1,-1
201,69,1800,464,168,236,1,-1,-1,-1
201,71,431,386,208,172,1,-1,-1,-1
201,74,1864,1116,228,232,1,-1,-1,-1
201,75,1336,620,156,272,1,-1,-1,-1
201,76,576,1297,194,143,1,-1,-1,-1
201,77,496,244,152,152,1,-1,-1,-1
201,78,1281,50,1239,827,1,-1,-1,-1
201,79,2184,524,172,212,1,-1,-1,-1
201,80,1144,1128,232,225,1,-1,-1,-1
201,81,984,36,1576,480,1,-1,-1,-1
201,82,1176,628,176,236,1,-1,-1,-1
202,43,524,886,276,264,1,-1,-1,-1
202,51,384,516,132,184,1,-1,-1,-1
202,60,821,1191,320,248,1,-1,-1,-1
202,63,1987,951,368,276,1,-1,-1,-1
202,66,537,318,202,315,1,-1,-1,-1
202,67,439,632,180,272,1,-1,-1,-1
202,69,1800,463,168,236,1,-1,-1,-1
202,71,431,385,208,172,1,-1,-1,-1
202,74,1864,1126,228,232,1,-1,-1,-1
202,75,1336,619,156,272,1,-1,-1,-1
202,76,575,1298,194,142,1,-1,-1,-1
202,77,496,244,152,152,1,-1,-1,-1
202,78,1303,49,1239,827,1,-1,-1,-1
202,79,2186,525,172,212,1,-1,-1,-1
202,80,1119,1174,232,225,1,-1,-1,-1
202,81,985,36,1575,480,1,-1,-1,-1
202,82,1174,628,176,236,1,-1,-1,-1
203,43,524,886,276,264,1,-1,-1,-1
203,51,384,516,132,184,1,-1,-1,-1
203,60,820,1192,320,248,1,-1,-1,-1
203,63,1989,951,368,276,1,-1,-1,-1
203,66,537,319,202,315,1,-1,-1,-1
203,67,438,632,180,272,1,-1,-1,-1
203,69,1800,462,168,236,1,-1,-1,-1
203,71,432,386,208,172,1,-1,-1,-1
203,74,1860,1126,228,232,1,-1,-1,-1
203,75,1336,618,156,272,1,-1,-1,-1
203,76,576,1298,194,142,1,-1,-1,-1
203,77,496,244,152,152,1,-1,-1,-1
203,78,1285,41,1239,827,1,-1,-1,-1
203,79,2186,525,172,212,1,-1,-1,-1
203,80,1116,1192,232,225,1,-1,-1,-1
203,81,984,35,1576,480,1,-1,-1,-1
203,82,1173,629,176,236,1,-1,-1,-1
204,43,518,884,276,264,1,-1,-1,-1
204,51,384,516,132,184,1,-1,-1,-1
204,60,817,1192,320,248,1,-1,-1,-1
204,63,2017,954,350,263,1,-1,-1,-1
204,66,535,319,202,315,1,-1,-1,-1
204,67,437,631,180,272,1,-1,-1,-1
204,69,1800,460,168,236,1,-1,-1,-1
204,71,433,386,208,172,1,-1,-1,-1
204,74,1864,1123,228,232,1,-1,-1,-1
204,75,1336,618,156,272,1,-1,-1,-1
204,76,574,1297,194,143,1,-1,-1,-1
204,77,496,244,152,152,1,-1,-1,-1
204,78,1256,14,1301,869,1,-1,-1,-1
204,79,2188,526,172,212,1,-1,-1,-1
204,80,1112,1207,232,225,1,-1,-1,-1
204,81,987,34,1573,480,1,-1,-1,-1
204,82,1172,630,176,236,1,-1,-1,-1
205,43,511,885,276,264,1,-1,-1,-1
205,51,384,516,132,184,1,-1,-1,-1
205,60,815,1191,320,248,1,-1,-1,-1
205,63,2028,953,350,263,1,-1,-1,-1
205,66,536,317,202,315,1,-1,-1,-1
205,67,434,631,180,272,1,-1,-1,-1
205,69,1801,460,168,236,1,-1,-1,-1
205,71,434,386,208,172,1,-1,-1,-1
205,75,1337,620,156,272,1,-1,-1,-1
205,76,575,1299,194,141,1,-1,-1,-1
205,77,495,243,152,152,1,-1,-1,-1
205,78,1231,3,1301,869,1,-1,-1,-1
205,79,2189,527,172,212,1,-1,-1,-1
205,81,1008,34,1552,480,1,-1,-1,-1
205,82,1172,635,176,236,1,-1,-1,-1
206,43,507,890,276,264,1,-1,-1,-1
206,51,383,515,132,184,1,-1,-1,-1
206,60,813,1190,320,248,1,-1,-1,-1
206,63,2040,946,350,263,1,-1,-1,-1
206,66,536,314,202,315,1,-1,-1,-1
206,67,429,634,180,272,1,-1,-1,-1
206,69,1803,462,168,236,1,-1,-1,-1
206,71,433,385,208,172,1,-1,-1,-1
206,75,1339,619,156,272,1,-1,-1,-1
206,76,576,1298,194,142,1,-1,-1,-1
206,77,493,242,152,152,1,-1,-1,-1
206,79,2188,526,172,212,1,-1,-1,-1
206,81,981,24,1579,504,1,-1,-1,-1
206,82,1173,639,176,236,1,-1,-1,-1
207,43,504,910,276,264,1,-1,-1,-1
207,51,383,515,132,184,1,-1,-1,-1
207,60,811,1190,320,248,1,-1,-1,-1
207,63,2056,951,350,263,1,-1,-1,-1
207,66,536,314,202,315,1,-1,-1,-1
207,67,422,640,180,272,1,-1,-1,-1
207,69,1803,464,168,236,1,-1,-1,-1
207,71,431,384,208,172,1,-1,-1,-1
207,75,1345,618,156,272,1,-1,-1,-1
207,76,575,1299,194,141,1,-1,-1,-1
207,77,493,241,152,152,1,-1,-1,-1
207,79,2181,527,172,212,1,-1,-1,-1
207,81,1022,25,1538,504,1,-1,-1,-1
207,82,1171,633,185,248,1,-1,-1,-1
208,43,492,921,290,277,1,-1,-1,-1
208,51,383,515,132,184,1,-1,-1,-1
208,60,812,1190,320,248,1,-1,-1,-1
208,63,2083,938,350,263,1,-1,-1,-1
208,66,536,313,202,315,1,-1,-1,-1
208,67,415,642,180,272,1,-1,-1,-1
208,69,1810,474,160,225,1,-1,-1,-1
208,71,430,384,208,172,1,-1,-1,-1
208,75,1359,617,156,272,1,-1,-1,-1
208,76,575,1300,194,140,1,-1,-1,-1
208,77,495,241,152,152,1,-1,-1,-1
208,79,2167,530,172,212,1,-1,-1,-1
208,81,1093,40,1467,504,1,-1,-1,-1
208,82,1180,622,176,236,1,-1,-1,-1
209,43,504,924,272,288,1,-1,-1,-1
209,51,383,515,132,184,1,-1,-1,-1
209,60,812,1188,288,248,1,-1,-1,-1
209,63,2128,932,288,312,1,-1,-1,-1
209,66,536,352,200,272,1,-1,-1,-1
209,67,400,528,220,384,1,-1,-1,-1
209,69,1808,484,176,208,1,-1,-1,-1
209,71,412,380,228,188,1,-1,-1,-1
209,75,1360,632,156,260,1,-1,-1,-1
209,76,575,1300,194,140,1,-1,-1,-1
209,77,492,232,160,164,1,-1,-1,-1
209,79,2176,556,164,192,1,-1,-1,-1
209,81,1008,124,1552,476,1,-1,-1,-1
209,82,1180,622,176,236,1,-1,-1,-1
210,43,497,928,272,288,1,-1,-1,-1
210,51,382,515,132,184,1,-1,-1,-1
210,60,810,1191,288,248,1,-1,-1,-1
210,63,2137,930,288,312,1,-1,-1,-1
210,66,536,351,200,272,1,-1,-1,-1
210,67,397,528,220,384,1,-1,-1,-1
210,69,1810,486,176,208,1,-1,-1,-1
210,71,412,379,228,188,1,-1,-1,-1
210,75,1377,639,156,260,1,-1,-1,-1
210,76,576,1303,194,137,1,-1,-1,-1
210,77,494,232,160,164,1,-1,-1,-1
210,79,2162,556,164,192,1,-1,-1,-1
210,81,1043,128,1517,476,1,-1,-1,-1
210,82,1194,627,176,236,1,-1,-1,-1
211,43,489,930,272,288,1,-1,-1,-1
211,51,382,516,132,184,1,-1,-1,-1
211,60,806,1198,288,242,1,-1,-1,-1
211,63,2139,923,288,312,1,-1,-1,-1
211,66,537,352,200,272,1,-1,-1,-1
211,67,392,531,220,384,1,-1,-1,-1
211,69,1814,491,176,208,1,-1,-1,-1
211,71,412,379,228,188,1,-1,-1,-1
211,75,1376,633,164,273,1,-1,-1,-1
211,76,576,1304,194,136,1,-1,-1,-1
211,77,498,233,160,164,1,-1,-1,-1
211,79,2146,562,164,192,1,-1,-1,-1
211,81,1163,135,1397,476,1,-1,-1,-1
211,82,1193,623,185,248,1,-1,-1,-1
212,43,485,928,272,288,1,-1,-1,-1
212,51,386,520,126,175,1,-1,-1,-1
212,60,805,1204,288,236,1,-1,-1,-1
212,63,2136,911,288,312,1,-1,-1,-1
212,66,537,353,200,272,1,-1,-1,-1
212,67,390,532,220,384,1,-1,-1,-1
212,69,1816,495,176,208,1,-1,-1,-1
212,71,410,380,228,188,1,-1,-1,-1
212,75,1401,656,164,273,1,-1,-1,-1
212,76,575,1303,194,137,1,-1,-1,-1
212,77,501,233,160,164,1,-1,-1,-1
212,79,2135,568,164,192,1,-1,-1,-1
212,81,1279,152,1281,476,1,-1,-1,-1
212,82,1187,621,185,248,1,-1,-1,-1
213,43,478,925,272,288,1,-1,-1,-1
213,51,386,520,126,175,1,-1,-1,-1
213,60,816,1201,288,239,1,-1,-1,-1
213,63,2116,910,302,328,1,-1,-1,-1
213,66,535,354,200,272,1,-1,-1,-1
213,67,388,533,220,384,1,-1,-1,-1
213,69,1821,497,176,208,1,-1,-1,-1
213,71,407,382,228,188,1,-1,-1,-1
213,75,1397,655,172,287,1,-1,-1,-1
213,76,575,1303,194,137,1,-1,-1,-1
213,77,504,233,160,164,1,-1,-1,-1
213,79,2126,571,164,192,1,-1,-1,-1
213,81,1062,132,1498,500,1,-1,-1,-1
213,82,1190,628,176,236,1,-1,-1,-1
214,43,471,925,272,288,1,-1,-1,-1
214,51,386,519,126,175,1,-1,-1,-1
214,60,811,1202,288,238,1,-1,-1,-1
214,63,2105,888,318,344,1,-1,-1,-1
214,66,533,355,200,272,1,-1,-1,-1
214,67,388,534,220,384,1,-1,-1,-1
214,69,1837,524,176,208,1,-1,-1,-1
214,71,405,383,228,188,1,-1,-1,-1
214,75,1394,652,181,301,1,-1,-1,-1
214,76,576,1304,194,136,1,-1,-1,-1
214,77,508,234,160,164,1,-1,-1,-1
214,79,2121,569,164,192,1,-1,-1,-1
214,81,1015,100,1545,525,1,-1,-1,-1
214,82,1191,628,176,236,1,-1,-1,-1
215,43,470,926,272,288,1,-1,-1,-1
215,51,386,520,126,175,1,-1,-1,-1
215,60,799,1196,302,244,1,-1,-1,-1
215,63,2082,867,333,361,1,-1,-1,-1
215,66,534,354,200,272,1,-1,-1,-1
215,67,386,533,220,384,1,-1,-1,-1
215,69,1840,527,176,208,1,-1,-1,-1
215,71,404,384,228,188,1,-1,-1,-1
215,75,1402,654,172,287,1,-1,-1,-1
215,76,576,1304,194,136,1,-1,-1,-1
215,77,509,233,160,164,1,-1,-1,-1
215,79,2122,567,164,192,1,-1,-1,-1
215,81,997,77,1563,525,1,-1,-1,-1
215,82,1194,630,176,236,1,-1,-1,-1
216,43,461,932,272,288,1,-1,-1,-1
216,51,386,519,126,175,1,-1,-1,-1
216,60,799,1192,302,248,1,-1,-1,-1
216,63,2086,834,318,344,1,-1,-1,-1
216,66,532,355,200,272,1,-1,-1,-1
216,67,386,533,220,384,1,-1,-1,-1
216,69,1774,457,176,208,1,-1,-1,-1
216,71,402,386,228,188,1,-1,-1,-1
216,75,1423,656,172,287,1,-1,-1,-1
216,76,580,1313,185,127,1,-1,-1,-1
216,77,502,237,160,164,1,-1,-1,-1
216,79,2047,565,164,192,1,-1,-1,-1
216,81,1021,76,1539,500,1,-1,-1,-1
216,82,1202,634,168,225,1,-1,-1,-1
217,43,428,960,300,292,1,-1,-1,-1
217,51,384,524,140,164,1,-1,-1,-1
217,60,788,1188,256,248,1,-1,-1,-1
217,63,2086,834,318,344,1,-1,-1,-1
217,66,528,424,204,192,1,-1,-1,-1
217,67,396,652,184,268,1,-1,-1,-1
217,69,1774,457,176,208,1,-1,-1,-1
217,71,402,386,228,188,1,-1,-1,-1
217,75,1423,656,172,287,1,-1,-1,-1
217,76,580,1313,185,127,1,-1,-1,-1
217,77,502,237,160,164,1,-1,-1,-1
217,79,2047,565,164,192,1,-1,-1,-1
217,81,1021,76,1539,500,1,-1,-1,-1
217,82,1202,634,168,225,1,-1,-1,-1
217,83,1916,324,644,480,1,-1,-1,-1
217,84,2132,756,168,304,1,-1,-1,-1
217,85,1832,360,152,328,1,-1,-1,-1
217,86,1528,280,204,204,1,-1,-1,-1
217,87,1064,1028,192,368,1,-1,-1,-1
217,88,1496,1216,204,220,1,-1,-1,-1
217,89,1428,680,236,112,1,-1,-1,-1
217,90,572,244,208,148,1,-1,-1,-1
217,91,1388,776,296,228,1,-1,-1,-1
218,43,425,960,300,292,1,-1,-1,-1
218,51,384,524,140,164,1,-1,-1,-1
218,60,784,1184,256,248,1,-1,-1,-1
218,63,2069,813,318,344,1,-1,-1,-1
218,66,528,425,204,192,1,-1,-1,-1
218,67,396,652,184,268,1,-1,-1,-1
218,69,1825,482,176,208,1,-1,-1,-1
218,71,398,388,228,188,1,-1,-1,-1
218,75,1397,640,172,287,1,-1,-1,-1
218,76,544,1358,185,82,1,-1,-1,-1
218,77,488,237,160,164,1,-1,-1,-1
218,79,2027,555,164,192,1,-1,-1,-1
218,81,975,49,1585,525,1,-1,-1,-1
218,83,1922,323,638,480,1,-1,-1,-1
218,84,2127,745,168,304,1,-1,-1,-1
218,85,1831,359,152,328,1,-1,-1,-1
218,86,1527,280,204,204,1,-1,-1,-1
218,87,1062,1028,192,368,1,-1,-1,-1
218,88,1482,1199,204,220,1,-1,-1,-1
218,89,1433,676,236,112,1,-1,-1,-1
218,90,585,242,208,148,1,-1,-1,-1
218,91,1402,773,296,228,1,-1,-1,-1
219,43,424,961,300,292,1,-1,-1,-1
219,51,383,525,140,164,1,-1,-1,-1
219,60,782,1179,256,248,1,-1,-1,-1
219,63,2055,771,318,344,1,-1,-1,-1
219,66,529,427,204,192,1,-1,-1,-1
219,67,395,653,184,268,1,-1,-1,-1
219,69,1830,483,176,208,1,-1,-1,-1
219,71,398,388,228,188,1,-1,-1,-1
219,75,1398,633,172,287,1,-1,-1,-1
219,76,531,1360,185,80,1,-1,-1,-1
219,77,491,236,160,164,1,-1,-1,-1
219,79,2107,534,164,192,1,-1,-1,-1
219,81,1034,58,1526,500,1,-1,-1,-1
219,83,1913,324,644,480,1,-1,-1,-1
219,84,2114,720,168,304,1,-1,-1,-1
219,85,1829,356,152,328,1,-1,-1,-1
219,86,1527,280,204,204,1,-1,-1,-1
219,87,1061,1028,192,368,1,-1,-1,-1
219,88,1477,1194,204,220,1,-1,-1,-1
219,89,1443,664,248,118,1,-1,-1,-1
219,90,596,239,208,148,1,-1,-1,-1
219,91,1427,769,296,228,1,-1,-1,-1
220,43,421,960,300,292,1,-1,-1,-1
220,51,383,525,140,164,1,-1,-1,-1
220,60,780,1176,256,248,1,-1,-1,-1
220,63,2032,731,318,344,1,-1,-1,-1
220,66,530,428,204,192,1,-1,-1,-1
220,67,394,652,184,268,1,-1,-1,-1
220,69,1827,479,185,218,1,-1,-1,-1
220,71,398,389,228,188,1,-1,-1,-1
220,75,1418,645,164,273,1,-1,-1,-1
220,76,532,1360,185,80,1,-1,-1,-1
220,77,492,234,160,164,1,-1,-1,-1
220,79,2128,523,164,192,1,-1,-1,-1
220,81,1043,53,1517,500,1,-1,-1,-1
220,83,1899,295,661,504,1,-1,-1,-1
220,84,2093,689,168,304,1,-1,-1,-1
220,85,1828,354,152,328,1,-1,-1,-1
220,86,1527,280,204,204,1,-1,-1,-1
220,87,1060,1030,192,368,1,-1,-1,-1
220,88,1476,1188,214,231,1,-1,-1,-1
220,89,1446,655,248,118,1,-1,-1,-1
220,90,637,238,208,148,1,-1,-1,-1
220,91,1434,775,296,228,1,-1,-1,-1
221,43,423,959,300,292,1,-1,-1,-1
221,51,383,525,140,164,1,-1,-1,-1
221,60,780,1177,256,248,1,-1,-1,-1
221,63,2042,751,302,328,1,-1,-1,-1
221,66,529,428,204,192,1,-1,-1,-1
221,67,393,653,184,268,1,-1,-1,-1
221,69,1828,480,185,218,1,-1,-1,-1
221,71,398,389,228,188,1,-1,-1,-1
221,76,535,1358,185,82,1,-1,-1,-1
221,77,491,233,160,164,1,-1,-1,-1
221,83,1898,296,662,504,1,-1,-1,-1
221,84,2091,685,168,304,1,-1,-1,-1
221,85,1828,355,152,328,1,-1,-1,-1
221,86,1526,280,204,204,1,-1,-1,-1
221,87,1060,1030,192,368,1,-1,-1,-1
221,88,1480,1188,214,231,1,-1,-1,-1
221,89,1451,651,248,118,1,-1,-1,-1
221,90,636,237,208,148,1,-1,-1,-1
221,91,1437,776,296,228,1,-1,-1,-1
222,43,424,957,300,292,1,-1,-1,-1
222,51,383,525,140,164,1,-1,-1,-1
222,60,779,1175,256,248,1,-1,-1,-1
222,66,529,427,204,192,1,-1,-1,-1
222,67,391,654,184,268,1,-1,-1,-1
222,69,1825,479,185,218,1,-1,-1,-1
222,71,397,388,228,188,1,-1,-1,-1
222,76,535,1357,194,83,1,-1,-1,-1
222,77,494,232,160,164,1,-1,-1,-1
222,83,1896,293,664,504,1,-1,-1,-1
222,84,2083,673,168,304,1,-1,-1,-1
222,85,1826,355,152,328,1,-1,-1,-1
222,86,1526,280,204,204,1,-1,-1,-1
222,87,1065,1044,183,350,1,-1,-1,-1
222,88,1462,1177,214,231,1,-1,-1,-1
222,89,1450,644,260,123,1,-1,-1,-1
222,90,658,241,198,141,1,-1,-1,-1
222,91,1448,786,296,228,1,-1,-1,-1
223,43,426,956,300,292,1,-1,-1,-1
223,51,383,526,140,164,1,-1,-1,-1
223,60,779,1176,256,248,1,-1,-1,-1
223,66,529,426,204,192,1,-1,-1,-1
223,67,387,657,184,268,1,-1,-1,-1
223,71,396,388,228,188,1,-1,-1,-1
223,76,544,1352,194,88,1,-1,-1,-1
223,77,494,232,160,164,1,-1,-1,-1
223,83,1896,297,664,504,1,-1,-1,-1
223,84,2076,654,168,304,1,-1,-1,-1
223,85,1819,347,160,344,1,-1,-1,-1
223,86,1526,280,204,204,1,-1,-1,-1
223,87,1067,1051,183,350,1,-1,-1,-1
223,88,1438,1173,214,231,1,-1,-1,-1
223,89,1455,643,260,123,1,-1,-1,-1
223,90,670,244,198,141,1,-1,-1,-1
223,91,1463,796,296,228,1,-1,-1,-1
224,43,428,955,300,292,1,-1,-1,-1
224,51,384,526,140,164,1,-1,-1,-1
224,60,777,1177,256,248,1,-1,-1,-1
224,66,528,426,204,192,1,-1,-1,-1
224,67,382,663,184,268,1,-1,-1,-1
224,71,396,389,228,188,1,-1,-1,-1
224,76,545,1352,194,88,1,-1,-1,-1
224,83,1893,297,667,504,1,-1,-1,-1
224,84,2067,643,168,304,1,-1,-1,-1
224,85,1814,345,160,344,1,-1,-1,-1
224,86,1526,281,204,204,1,-1,-1,-1
224,87,1067,1052,183,350,1,-1,-1,-1
224,88,1403,1139,225,243,1,-1,-1,-1
224,89,1453,654,273,130,1,-1,-1,-1
224,90,689,249,198,141,1,-1,-1,-1
224,91,1479,806,296,228,1,-1,-1,-1
225,43,420,956,320,288,1,-1,-1,-1
225,51,380,508,144,184,1,-1,-1,-1
225,60,784,1168,256,268,1,-1,-1,-1
225,66,528,426,204,192,1,-1,-1,-1
225,67,364,692,172,288,1,-1,-1,-1
225,71,396,389,228,188,1,-1,-1,-1
225,76,545,1352,194,88,1,-1,-1,-1
225,83,1893,297,667,504,1,-1,-1,-1
225,84,2036,632,172,320,1,-1,-1,-1
225,85,1814,345,160,344,1,-1,-1,-1
225,86,1524,284,204,204,1,-1,-1,-1
225,87,1060,1024,272,412,1,-1,-1,-1
225,88,1403,1139,225,243,1,-1,-1,-1
225,89,1456,656,268,164,1,-1,-1,-1
225,90,689,249,198,141,1,-1,-1,-1
225,91,1479,806,296,228,1,-1,-1,-1
225,92,1820,480,196,148,1,-1,-1,-1
225,93,1768,392,164,124,1,-1,-1,-1
226,43,420,958,320,288,1,-1,-1,-1
226,51,380,508,144,184,1,-1,-1,-1
226,60,783,1170,256,268,1,-1,-1,-1
226,66,527,425,204,192,1,-1,-1,-1
226,67,356,708,172,288,1,-1,-1,-1
226,71,396,388,228,188,1,-1,-1,-1
226,76,530,1368,185,72,1,-1,-1,-1
226,83,1887,300,673,504,1,-1,-1,-1
226,84,2028,622,172,320,1,-1,-1,-1
226,85,1806,341,160,344,1,-1,-1,-1
226,86,1524,284,204,204,1,-1,-1,-1
226,87,1062,1025,272,412,1,-1,-1,-1
226,88,1390,1109,225,243,1,-1,-1,-1
226,89,1456,656,268,164,1,-1,-1,-1
226,90,713,251,198,141,1,-1,-1,-1
226,91,1505,815,296,228,1,-1,-1,-1
226,92,1814,481,196,148,1,-1,-1,-1
226,93,1751,389,164,124,1,-1,-1,-1
227,43,421,959,320,288,1,-1,-1,-1
227,51,381,508,144,184,1,-1,-1,-1
227,60,782,1170,256,268,1,-1,-1,-1
227,66,527,425,204,192,1,-1,-1,-1
227,67,356,709,172,288,1,-1,-1,-1
227,71,395,388,228,188,1,-1,-1,-1
227,83,1874,287,686,529,1,-1,-1,-1
227,84,2023,618,172,320,1,-1,-1,-1
227,85,1802,338,160,344,1,-1,-1,-1
227,86,1524,285,204,204,1,-1,-1,-1
227,87,1062,1025,272,412,1,-1,-1,-1
227,88,1389,1102,225,243,1,-1,-1,-1
227,89,1456,656,268,164,1,-1,-1,-1
227,90,710,250,208,148,1,-1,-1,-1
227,91,1516,823,282,217,1,-1,-1,-1
227,92,1814,481,196,148,1,-1,-1,-1
227,93,1750,389,164,124,1,-1,-1,-1
228,43,424,961,320,288,1,-1,-1,-1
228,51,381,508,144,184,1,-1,-1,-1
228,60,780,1171,256,268,1,-1,-1,-1
228,66,526,424,204,192,1,-1,-1,-1
228,67,357,718,172,288,1,-1,-1,-1
228,71,396,388,228,188,1,-1,-1,-1
228,84,2003,603,164,305,1,-1,-1,-1
228,86,1523,285,204,204,1,-1,-1,-1
228,87,1063,1027,272,412,1,-1,-1,-1
228,88,1382,1083,225,243,1,-1,-1,-1
228,89,1456,656,268,164,1,-1,-1,-1
228,90,714,252,208,148,1,-1,-1,-1
228,91,1520,825,282,217,1,-1,-1,-1
228,92,1811,480,196,148,1,-1,-1,-1
228,93,1734,387,164,124,1,-1,-1,-1
229,43,426,965,320,288,1,-1,-1,-1
229,51,381,508,144,184,1,-1,-1,-1
229,60,785,1178,244,255,1,-1,-1,-1
229,66,526,425,204,192,1,-1,-1,-1
229,67,358,722,172,288,1,-1,-1,-1
229,71,402,393,217,179,1,-1,-1,-1
229,84,1999,598,164,305,1,-1,-1,-1
229,86,1523,286,204,204,1,-1,-1,-1
229,87,1065,1030,272,410,1,-1,-1,-1
229,88,1377,1050,225,243,1,-1,-1,-1
229,89,1454,656,268,164,1,-1,-1,-1
229,90,719,254,208,148,1,-1,-1,-1
229,91,1530,827,282,217,1,-1,-1,-1
229,92,1808,479,196,148,1,-1,-1,-1
229,93,1724,386,164,124,1,-1,-1,-1
230,43,430,974,320,288,1,-1,-1,-1
230,51,381,509,144,184,1,-1,-1,-1
230,60,784,1179,244,255,1,-1,-1,-1
230,66,526,424,204,192,1,-1,-1,-1
230,67,356,726,172,288,1,-1,-1,-1
230,71,402,393,217,179,1,-1,-1,-1
230,84,1974,574,164,305,1,-1,-1,-1
230,86,1524,286,204,204,1,-1,-1,-1
230,87,1063,1029,272,411,1,-1,-1,-1
230,89,1448,654,268,164,1,-1,-1,-1
230,90,725,255,208,148,1,-1,-1,-1
230,91,1535,830,282,217,1,-1,-1,-1
230,92,1808,479,196,148,1,-1,-1,-1
230,93,1719,386,164,124,1,-1,-1,-1
231,43,431,983,320,288,1,-1,-1,-1
231,51,382,509,144,184,1,-1,-1,-1
231,60,782,1180,244,255,1,-1,-1,-1
231,66,527,426,204,192,1,-1,-1,-1
231,67,348,724,181,302,1,-1,-1,-1
231,71,402,394,217,179,1,-1,-1,-1
231,84,1968,568,164,305,1,-1,-1,-1
231,86,1524,286,204,204,1,-1,-1,-1
231,87,1062,1033,272,407,1,-1,-1,-1
231,89,1444,651,268,164,1,-1,-1,-1
231,90,730,256,208,148,1,-1,-1,-1
231,91,1544,831,282,217,1,-1,-1,-1
231,92,1807,477,196,148,1,-1,-1,-1
231,93,1716,387,164,124,1,-1,-1,-1
232,43,426,983,336,302,1,-1,-1,-1
232,51,382,509,144,184,1,-1,-1,-1
232,60,783,1179,244,255,1,-1,-1,-1
232,66,528,425,204,192,1,-1,-1,-1
232,67,318,750,190,318,1,-1,-1,-1
232,71,403,393,217,179,1,-1,-1,-1
232,84,1957,549,164,305,1,-1,-1,-1
232,86,1523,286,204,204,1,-1,-1,-1
232,87,1060,1033,272,407,1,-1,-1,-1
232,89,1441,651,268,164,1,-1,-1,-1
232,90,739,258,208,148,1,-1,-1,-1
232,92,1806,476,196,148,1,-1,-1,-1
232,93,1711,390,164,124,1,-1,-1,-1
233,43,424,984,340,264,1,-1,-1,-1
233,51,382,509,144,184,1,-1,-1,-1
233,60,784,1176,260,264,1,-1,-1,-1
233,66,528,425,204,192,1,-1,-1,-1
233,67,304,756,188,296,1,-1,-1,-1
233,71,403,393,217,179,1,-1,-1,-1
233,84,1976,544,144,324,1,-1,-1,-1
233,86,1544,284,168,204,1,-1,-1,-1
233,87,1060,1033,272,407,1,-1,-1,-1
233,89,1428,656,288,204,1,-1,-1,-1
233,90,739,258,208,148,1,-1,-1,-1
233,92,1804,480,216,180,1,-1,-1,-1
233,93,1711,390,164,124,1,-1,-1,-1
233,94,1348,1000,204,344,1,-1,-1,-1
234,43,426,984,340,264,1,-1,-1,-1
234,51,383,509,144,184,1,-1,-1,-1
234,60,784,1176,260,264,1,-1,-1,-1
234,66,530,425,204,192,1,-1,-1,-1
234,67,302,760,188,296,1,-1,-1,-1
234,71,403,394,217,179,1,-1,-1,-1
234,84,1974,538,144,324,1,-1,-1,-1
234,86,1544,284,168,204,1,-1,-1,-1
234,87,1055,1034,272,406,1,-1,-1,-1
234,89,1431,658,288,204,1,-1,-1,-1
234,90,749,262,208,148,1,-1,-1,-1
234,92,1803,480,216,180,1,-1,-1,-1
234,93,1704,394,164,124,1,-1,-1,-1
234,94,1342,992,204,344,1,-1,-1,-1
235,43,432,986,340,264,1,-1,-1,-1
235,51,383,511,144,184,1,-1,-1,-1
235,60,784,1177,260,263,1,-1,-1,-1
235,66,532,424,204,192,1,-1,-1,-1
235,67,301,768,188,296,1,-1,-1,-1
235,71,403,395,217,179,1,-1,-1,-1
235,84,1973,531,144,324,1,-1,-1,-1
235,86,1543,284,168,204,1,-1,-1,-1
235,87,1048,1026,286,414,1,-1,-1,-1
235,89,1435,661,288,204,1,-1,-1,-1
235,90,761,262,208,148,1,-1,-1,-1
235,92,1802,480,216,180,1,-1,-1,-1
235,93,1684,404,172,130,1,-1,-1,-1
235,94,1303,951,214,361,1,-1,-1,-1
236,43,440,986,340,264,1,-1,-1,-1
236,51,382,512,144,184,1,-1,-1,-1
236,60,783,1177,260,263,1,-1,-1,-1
236,66,533,424,204,192,1,-1,-1,-1
236,67,286,785,188,296,1,-1,-1,-1
236,71,401,395,217,179,1,-1,-1,-1
236,84,1969,529,144,324,1,-1,-1,-1
236,86,1543,284,168,204,1,-1,-1,-1
236,87,1049,1033,286,407,1,-1,-1,-1
236,89,1438,664,288,204,1,-1,-1,-1
236,90,769,263,208,148,1,-1,-1,-1
236,92,1801,480,216,180,1,-1,-1,-1
236,93,1666,415,172,130,1,-1,-1,-1
236,94,1275,932,214,361,1,-1,-1,-1
237,43,450,984,340,264,1,-1,-1,-1
237,51,382,512,144,184,1,-1,-1,-1
237,60,784,1177,260,263,1,-1,-1,-1
237,66,538,426,204,192,1,-1,-1,-1
237,67,284,800,188,296,1,-1,-1,-1
237,71,402,398,217,179,1,-1,-1,-1
237,84,1968,527,144,324,1,-1,-1,-1
237,86,1542,283,168,204,1,-1,-1,-1
237,87,1042,1027,286,413,1,-1,-1,-1
237,89,1442,665,288,204,1,-1,-1,-1
237,90,780,264,208,148,1,-1,-1,-1
237,92,1800,480,216,180,1,-1,-1,-1
237,93,1671,419,172,130,1,-1,-1,-1
237,94,1268,917,214,361,1,-1,-1,-1
238,43,464,980,340,264,1,-1,-1,-1
238,51,382,511,144,184,1,-1,-1,-1
238,60,784,1177,260,263,1,-1,-1,-1
238,66,537,426,204,192,1,-1,-1,-1
238,67,267,811,188,296,1,-1,-1,-1
238,71,401,397,217,179,1,-1,-1,-1
238,84,1968,521,144,324,1,-1,-1,-1
238,86,1542,283,168,204,1,-1,-1,-1
238,87,1039,1030,286,410,1,-1,-1,-1
238,89,1448,668,288,204,1,-1,-1,-1
238,90,780,256,218,155,1,-1,-1,-1
238,92,1800,481,216,180,1,-1,-1,-1
238,93,1679,419,172,130,1,-1,-1,-1
238,94,1260,918,204,344,1,-1,-1,-1
239,43,469,977,340,264,1,-1,-1,-1
239,51,382,511,144,184,1,-1,-1,-1
239,60,783,1177,260,263,1,-1,-1,-1
239,66,537,426,204,192,1,-1,-1,-1
239,67,267,812,188,296,1,-1,-1,-1
239,71,402,398,217,179,1,-1,-1,-1
239,84,1968,521,144,324,1,-1,-1,-1
239,86,1542,284,168,204,1,-1,-1,-1
239,87,1036,1031,286,409,1,-1,-1,-1
239,89,1451,670,288,204,1,-1,-1,-1
239,90,784,255,218,155,1,-1,-1,-1
239,92,1799,481,216,180,1,-1,-1,-1
239,93,1697,408,172,130,1,-1,-1,-1
239,94,1260,917,204,344,1,-1,-1,-1
240,43,479,973,340,264,1,-1,-1,-1
240,51,382,511,144,184,1,-1,-1,-1
240,60,783,1178,260,262,1,-1,-1,-1
240,66,532,428,204,192,1,-1,-1,-1
240,67,264,820,179,282,1,-1,-1,-1
240,71,402,396,217,179,1,-1,-1,-1
240,84,1965,518,144,324,1,-1,-1,-1
240,86,1541,284,168,204,1,-1,-1,-1
240,87,1041,1043,272,397,1,-1,-1,-1
240,89,1457,674,288,204,1,-1,-1,-1
240,90,782,251,229,163,1,-1,-1,-1
240,92,1799,481,216,180,1,-1,-1,-1
240,93,1691,414,164,124,1,-1,-1,-1
240,94,1255,914,204,344,1,-1,-1,-1
241,43,504,972,344,236,1,-1,-1,-1
241,51,384,524,140,172,1,-1,-1,-1
241,60,780,1176,264,264,1,-1,-1,-1
241,66,532,428,204,192,1,-1,-1,-1
241,67,272,812,204,336,1,-1,-1,-1
241,71,444,400,172,168,1,-1,-1,-1
241,84,1965,518,144,324,1,-1,-1,-1
241,86,1541,284,168,204,1,-1,-1,-1
241,87,1041,1043,272,397,1,-1,-1,-1
241,89,1457,674,288,204,1,-1,-1,-1
241,90,782,251,229,163,1,-1,-1,-1
241,92,1808,484,196,180,1,-1,-1,-1
241,93,1691,414,164,124,1,-1,-1,-1
241,94,1232,956,224,280,1,-1,-1,-1
242,43,507,970,344,236,1,-1,-1,-1
242,51,384,524,140,172,1,-1,-1,-1
242,60,780,1176,264,264,1,-1,-1,-1
242,66,532,426,204,192,1,-1,-1,-1
242,67,270,813,204,336,1,-1,-1,-1
242,71,445,399,172,168,1,-1,-1,-1
242,84,1958,523,144,324,1,-1,-1,-1
242,86,1540,283,168,204,1,-1,-1,-1
242,87,1043,1037,272,403,1,-1,-1,-1
242,89,1471,682,288,204,1,-1,-1,-1
242,90,785,250,229,163,1,-1,-1,-1
242,92,1807,484,196,180,1,-1,-1,-1
242,93,1674,417,164,124,1,-1,-1,-1
242,94,1230,952,224,280,1,-1,-1,-1
243,43,514,971,344,236,1,-1,-1,-1
243,51,385,525,140,172,1,-1,-1,-1
243,60,780,1177,264,263,1,-1,-1,-1
243,66,532,424,204,192,1,-1,-1,-1
243,67,269,814,204,336,1,-1,-1,-1
243,71,446,399,172,168,1,-1,-1,-1
243,84,1954,530,137,309,1,-1,-1,-1
243,86,1539,282,168,204,1,-1,-1,-1
243,87,1047,1051,259,389,1,-1,-1,-1
243,89,1476,683,288,204,1,-1,-1,-1
243,90,791,249,229,163,1,-1,-1,-1
243,92,1806,484,196,180,1,-1,-1,-1
243,93,1664,422,164,124,1,-1,-1,-1
243,94,1227,946,224,280,1,-1,-1,-1
244,43,519,975,344,236,1,-1,-1,-1
244,51,384,525,140,172,1,-1,-1,-1
244,60,781,1178,264,262,1,-1,-1,-1
244,66,533,427,204,192,1,-1,-1,-1
244,67,267,815,204,336,1,-1,-1,-1
244,71,446,400,172,168,1,-1,-1,-1
244,84,1952,530,137,309,1,-1,-1,-1
244,86,1539,281,168,204,1,-1,-1,-1
244,87,1048,1055,259,385,1,-1,-1,-1
244,89,1479,679,288,204,1,-1,-1,-1
244,92,1805,485,196,180,1,-1,-1,-1
244,93,1657,418,164,124,1,-1,-1,-1
244,94,1230,950,213,267,1,-1,-1,-1
245,43,519,976,344,236,1,-1,-1,-1
245,51,384,526,140,172,1,-1,-1,-1
245,60,780,1178,264,262,1,-1,-1,-1
245,66,532,426,204,192,1,-1,-1,-1
245,67,267,815,204,336,1,-1,-1,-1
245,71,446,401,172,168,1,-1,-1,-1
245,84,1950,528,137,309,1,-1,-1,-1
245,86,1539,282,168,204,1,-1,-1,-1
245,87,1048,1048,259,392,1,-1,-1,-1
245,89,1484,682,274,194,1,-1,-1,-1
245,92,1805,485,196,180,1,-1,-1,-1
245,94,1229,949,213,267,1,-1,-1,-1
246,43,529,977,344,236,1,-1,-1,-1
246,51,384,527,140,172,1,-1,-1,-1
246,60,780,1178,264,262,1,-1,-1,-1
246,66,531,429,204,192,1,-1,-1,-1
246,67,263,818,204,336,1,-1,-1,-1
246,71,447,402,172,168,1,-1,-1,-1
246,84,1948,532,137,309,1,-1,-1,-1
246,86,1539,282,168,204,1,-1,-1,-1
246,89,1500,684,261,185,1,-1,-1,-1
246,92,1803,485,196,180,1,-1,-1,-1
246,94,1228,948,213,267,1,-1,-1,-1
247,43,535,977,344,236,1,-1,-1,-1
247,51,383,527,140,172,1,-1,-1,-1
247,60,780,1179,264,261,1,-1,-1,-1
247,67,259,818,204,336,1,-1,-1,-1
247,71,446,402,172,168,1,-1,-1,-1
247,84,1948,530,137,309,1,-1,-1,-1
247,86,1538,282,168,204,1,-1,-1,-1
247,89,1501,679,261,185,1,-1,-1,-1
247,92,1802,486,196,180,1,-1,-1,-1
247,94,1227,948,213,267,1,-1,-1,-1
248,43,539,973,344,236,1,-1,-1,-1
248,51,383,528,140,172,1,-1,-1,-1
248,60,778,1180,264,260,1,-1,-1,-1
248,67,257,819,204,336,1,-1,-1,-1
248,71,446,402,172,168,1,-1,-1,-1
248,84,1948,532,137,309,1,-1,-1,-1
248,86,1538,282,168,204,1,-1,-1,-1
248,89,1505,680,261,185,1,-1,-1,-1
248,92,1803,487,196,180,1,-1,-1,-1
248,94,1227,947,213,267,1,-1,-1,-1
249,43,540,976,300,172,1,-1,-1,-1
249,51,384,528,136,156,1,-1,-1,-1
249,60,778,1180,264,260,1,-1,-1,-1
249,67,228,832,204,328,1,-1,-1,-1
249,71,446,402,172,168,1,-1,-1,-1
249,84,1948,532,137,309,1,-1,-1,-1
249,86,1538,282,168,204,1,-1,-1,-1
249,89,1520,688,240,228,1,-1,-1,-1
249,92,1804,484,180,172,1,-1,-1,-1
249,94,1236,956,208,272,1,-1,-1,-1
249,95,1604,412,160,208,1,-1,-1,-1
249,96,2244,676,160,268,1,-1,-1,-1
249,97,792,280,200,152,1,-1,-1,-1
250,43,535,973,300,172,1,-1,-1,-1
250,51,383,529,136,156,1,-1,-1,-1
250,60,787,1190,251,250,1,-1,-1,-1
250,67,226,838,204,328,1,-1,-1,-1
250,71,446,403,172,168,1,-1,-1,-1
250,84,1948,531,137,309,1,-1,-1,-1
250,86,1543,287,160,194,1,-1,-1,-1
250,89,1520,690,240,228,1,-1,-1,-1
250,92,1805,484,180,172,1,-1,-1,-1
250,94,1236,954,208,272,1,-1,-1,-1
250,95,1602,412,160,208,1,-1,-1,-1
250,96,2245,680,160,268,1,-1,-1,-1
250,97,793,281,200,152,1,-1,-1,-1
251,43,533,973,300,172,1,-1,-1,-1
251,51,384,530,136,156,1,-1,-1,-1
251,60,780,1184,264,256,1,-1,-1,-1
251,67,224,841,204,328,1,-1,-1,-1
251,71,446,402,172,168,1,-1,-1,-1
251,84,1948,529,137,309,1,-1,-1,-1
251,86,1543,287,160,194,1,-1,-1,-1
251,89,1520,692,240,228,1,-1,-1,-1
251,92,1806,485,180,172,1,-1,-1,-1
251,94,1237,953,208,272,1,-1,-1,-1
251,95,1601,412,160,208,1,-1,-1,-1
251,96,2249,687,152,255,1,-1,-1,-1
251,97,793,282,200,152,1,-1,-1,-1
252,43,527,973,300,172,1,-1,-1,-1
252,51,383,531,136,156,1,-1,-1,-1
252,60,780,1184,264,256,1,-1,-1,-1
252,67,223,849,204,328,1,-1,-1,-1
252,71,446,402,172,168,1,-1,-1,-1
252,86,1542,288,160,194,1,-1,-1,-1
252,89,1522,695,240,228,1,-1,-1,-1
252,92,1807,485,180,172,1,-1,-1,-1
252,94,1236,950,208,272,1,-1,-1,-1
252,95,1600,412,160,208,1,-1,-1,-1
252,96,2248,697,152,255,1,-1,-1,-1
252,97,794,282,200,152,1,-1,-1,-1
253,43,522,978,300,172,1,-1,-1,-1
253,51,383,530,136,156,1,-1,-1,-1
253,60,781,1183,264,257,1,-1,-1,-1
253,67,211,876,204,328,1,-1,-1,-1
253,71,446,403,172,168,1,-1,-1,-1
253,86,1543,290,160,194,1,-1,-1,-1
253,89,1526,697,240,228,1,-1,-1,-1
253,92,1808,485,180,172,1,-1,-1,-1
253,94,1235,950,208,272,1,-1,-1,-1
253,95,1598,413,160,208,1,-1,-1,-1
253,96,2245,706,152,255,1,-1,-1,-1
253,97,797,284,200,152,1,-1,-1,-1
254,43,520,983,300,172,1,-1,-1,-1
254,51,383,530,136,156,1,-1,-1,-1
254,60,782,1183,264,257,1,-1,-1,-1
254,67,197,904,204,328,1,-1,-1,-1
254,71,446,403,172,168,1,-1,-1,-1
254,86,1543,289,160,194,1,-1,-1,-1
254,89,1522,695,252,239,1,-1,-1,-1
254,92,1808,485,180,172,1,-1,-1,-1
254,94,1235,945,208,272,1,-1,-1,-1
254,95,1597,414,160,208,1,-1,-1,-1
254,96,2241,707,152,255,1,-1,-1,-1
254,97,800,286,200,152,1,-1,-1,-1
255,43,519,986,300,172,1,-1,-1,-1
255,51,383,531,136,156,1,-1,-1,-1
255,60,782,1183,264,257,1,-1,-1,-1
255,67,192,914,204,328,1,-1,-1,-1
255,71,446,404,172,168,1,-1,-1,-1
255,86,1542,289,160,194,1,-1,-1,-1
255,89,1523,697,252,239,1,-1,-1,-1
255,92,1808,486,180,172,1,-1,-1,-1
255,94,1235,939,208,272,1,-1,-1,-1
255,95,1596,417,160,208,1,-1,-1,-1
255,96,2238,707,152,255,1,-1,-1,-1
255,97,807,288,200,152,1,-1,-1,-1
256,43,520,989,300,172,1,-1,-1,-1
256,51,383,532,136,156,1,-1,-1,-1
256,60,782,1183,264,257,1,-1,-1,-1
256,67,184,927,204,328,1,-1,-1,-1
256,71,446,405,172,168,1,-1,-1,-1
256,86,1542,287,160,194,1,-1,-1,-1
256,89,1524,698,252,239,1,-1,-1,-1
256,92,1808,486,180,172,1,-1,-1,-1
256,94,1236,932,208,272,1,-1,-1,-1
256,95,1594,420,160,208,1,-1,-1,-1
256,96,2236,707,152,255,1,-1,-1,-1
256,97,813,289,200,152,1,-1,-1,-1
257,43,516,984,316,180,1,-1,-1,-1
257,51,388,532,128,152,1,-1,-1,-1
257,60,782,1183,264,257,1,-1,-1,-1
257,67,176,916,236,352,1,-1,-1,-1
257,71,446,405,172,168,1,-1,-1,-1
257,86,1542,287,160,194,1,-1,-1,-1
257,89,1528,692,232,220,1,-1,-1,-1
257,92,1808,484,184,172,1,-1,-1,-1
257,94,1244,952,188,272,1,-1,-1,-1
257,95,1596,412,144,228,1,-1,-1,-1
257,96,2244,720,148,228,1,-1,-1,-1
257,97,813,289,200,152,1,-1,-1,-1
257,98,740,440,240,176,1,-1,-1,-1
258,43,518,985,316,180,1,-1,-1,-1
258,51,389,531,128,152,1,-1,-1,-1
258,60,782,1181,264,259,1,-1,-1,-1
258,67,173,918,236,352,1,-1,-1,-1
258,71,445,405,172,168,1,-1,-1,-1
258,86,1542,287,160,194,1,-1,-1,-1
258,89,1528,692,232,220,1,-1,-1,-1
258,92,1807,484,184,172,1,-1,-1,-1
258,94,1243,949,188,272,1,-1,-1,-1
258,95,1597,413,144,228,1,-1,-1,-1
258,96,2243,721,148,228,1,-1,-1,-1
258,97,820,290,200,152,1,-1,-1,-1
258,98,744,438,240,176,1,-1,-1,-1
259,43,521,984,316,180,1,-1,-1,-1
259,51,390,532,128,152,1,-1,-1,-1
259,60,780,1182,264,258,1,-1,-1,-1
259,67,169,922,236,352,1,-1,-1,-1
259,71,446,406,172,168,1,-1,-1,-1
259,86,1543,287,160,194,1,-1,-1,-1
259,89,1528,693,232,220,1,-1,-1,-1
259,92,1808,483,184,172,1,-1,-1,-1
259,94,1243,945,188,272,1,-1,-1,-1
259,95,1599,415,144,228,1,-1,-1,-1
259,96,2242,721,148,228,1,-1,-1,-1
259,97,823,291,200,152,1,-1,-1,-1
259,98,748,430,252,185,1,-1,-1,-1
260,43,524,983,316,180,1,-1,-1,-1
260,51,391,532,128,152,1,-1,-1,-1
260,60,781,1184,264,256,1,-1,-1,-1
260,67,168,925,236,352,1,-1,-1,-1
260,71,447,406,172,168,1,-1,-1,-1
260,86,1545,288,160,194,1,-1,-1,-1
260,89,1529,693,232,220,1,-1,-1,-1
260,92,1806,483,184,172,1,-1,-1,-1
260,94,1240,945,188,272,1,-1,-1,-1
260,95,1600,417,144,228,1,-1,-1,-1
260,96,2240,722,148,228,1,-1,-1,-1
260,97,826,291,200,152,1,-1,-1,-1
260,98,752,426,252,185,1,-1,-1,-1
261,43,526,983,316,180,1,-1,-1,-1
261,51,391,533,128,152,1,-1,-1,-1
261,60,781,1185,264,255,1,-1,-1,-1
261,67,165,925,236,352,1,-1,-1,-1
261,71,446,406,172,168,1,-1,-1,-1
261,86,1546,289,160,194,1,-1,-1,-1
261,89,1530,693,232,220,1,-1,-1,-1
261,92,1803,482,184,172,1,-1,-1,-1
261,94,1231,939,188,272,1,-1,-1,-1
261,95,1602,422,144,228,1,-1,-1,-1
261,96,2231,721,148,228,1,-1,-1,-1
261,97,828,292,200,152,1,-1,-1,-1
261,98,757,424,252,185,1,-1,-1,-1
262,43,530,982,316,180,1,-1,-1,-1
262,51,391,533,128,152,1,-1,-1,-1
262,60,782,1184,264,256,1,-1,-1,-1
262,67,162,926,236,352,1,-1,-1,-1
262,71,445,407,172,168,1,-1,-1,-1
262,86,1546,289,160,194,1,-1,-1,-1
262,89,1532,693,232,220,1,-1,-1,-1
262,92,1801,481,184,172,1,-1,-1,-1
262,94,1225,914,197,286,1,-1,-1,-1
262,95,1603,425,144,228,1,-1,-1,-1
262,96,2235,724,148,228,1,-1,-1,-1
262,97,831,293,200,152,1,-1,-1,-1
262,98,759,425,252,185,1,-1,-1,-1
263,43,530,982,316,180,1,-1,-1,-1
263,51,391,533,128,152,1,-1,-1,-1
263,60,782,1185,264,255,1,-1,-1,-1
263,67,160,927,236,352,1,-1,-1,-1
263,71,445,407,172,168,1,-1,-1,-1
263,86,1546,289,160,194,1,-1,-1,-1
263,89,1532,693,232,220,1,-1,-1,-1
263,92,1799,481,184,172,1,-1,-1,-1
263,94,1220,909,207,300,1,-1,-1,-1
263,95,1604,425,144,228,1,-1,-1,-1
263,96,2236,725,148,228,1,-1,-1,-1
263,97,831,293,200,152,1,-1,-1,-1
263,98,758,424,252,185,1,-1,-1,-1
264,43,534,983,316,180,1,-1,-1,-1
264,51,391,533,128,152,1,-1,-1,-1
264,60,782,1185,264,255,1,-1,-1,-1
264,67,155,929,236,352,1,-1,-1,-1
264,71,445,408,172,168,1,-1,-1,-1
264,86,1547,289,160,194,1,-1,-1,-1
264,89,1532,693,232,220,1,-1,-1,-1
264,92,1799,480,184,172,1,-1,-1,-1
264,94,1215,890,207,300,1,-1,-1,-1
264,95,1605,426,144,228,1,-1,-1,-1
264,96,2234,731,141,217,1,-1,-1,-1
264,97,832,293,200,152,1,-1,-1,-1
264,98,759,425,252,185,1,-1,-1,-1
265,43,544,984,332,220,1,-1,-1,-1
265,51,388,532,128,148,1,-1,-1,-1
265,60,780,1192,300,248,1,-1,-1,-1
265,67,116,932,268,336,1,-1,-1,-1
265,71,445,408,172,168,1,-1,-1,-1
265,86,1547,289,160,194,1,-1,-1,-1
265,89,1532,693,232,220,1,-1,-1,-1
265,92,1804,484,180,160,1,-1,-1,-1
265,94,1215,890,207,300,1,-1,-1,-1
265,95,1608,424,128,240,1,-1,-1,-1
265,96,2234,731,141,217,1,-1,-1,-1
265,97,828,304,212,132,1,-1,-1,-1
265,98,776,420,232,164,1,-1,-1,-1
265,99,1408,1236,280,200,1,-1,-1,-1
266,43,547,984,332,220,1,-1,-1,-1
266,51,388,532,128,148,1,-1,-1,-1
266,60,780,1192,300,248,1,-1,-1,-1
266,67,111,933,268,336,1,-1,-1,-1
266,71,442,410,172,168,1,-1,-1,-1
266,86,1547,291,160,194,1,-1,-1,-1
266,89,1538,689,232,220,1,-1,-1,-1
266,92,1805,485,180,160,1,-1,-1,-1
266,94,1208,868,207,300,1,-1,-1,-1
266,95,1608,424,128,240,1,-1,-1,-1
266,96,2230,710,141,217,1,-1,-1,-1
266,97,828,304,212,132,1,-1,-1,-1
266,98,777,419,232,164,1,-1,-1,-1
266,99,1432,1218,280,200,1,-1,-1,-1
267,43,550,986,332,220,1,-1,-1,-1
267,51,388,532,128,148,1,-1,-1,-1
267,60,780,1192,300,248,1,-1,-1,-1
267,67,102,937,268,336,1,-1,-1,-1
267,71,440,411,172,168,1,-1,-1,-1
267,86,1547,290,160,194,1,-1,-1,-1
267,89,1542,679,244,231,1,-1,-1,-1
267,92,1808,487,180,160,1,-1,-1,-1
267,94,1208,857,207,300,1,-1,-1,-1
267,95,1608,424,128,240,1,-1,-1,-1
267,96,2222,711,141,217,1,-1,-1,-1
267,97,828,304,212,132,1,-1,-1,-1
267,98,779,419,232,164,1,-1,-1,-1
267,99,1454,1186,294,210,1,-1,-1,-1
268,43,561,992,316,210,1,-1,-1,-1
268,51,388,533,128,148,1,-1,-1,-1
268,60,781,1192,300,248,1,-1,-1,-1
268,67,92,942,268,336,1,-1,-1,-1
268,71,438,412,172,168,1,-1,-1,-1
268,86,1546,290,160,194,1,-1,-1,-1
268,89,1541,675,244,231,1,-1,-1,-1
268,92,1810,488,180,160,1,-1,-1,-1
268,94,1202,852,207,300,1,-1,-1,-1
268,95,1609,424,128,240,1,-1,-1,-1
268,96,2196,704,148,228,1,-1,-1,-1
268,97,829,304,212,132,1,-1,-1,-1
268,98,781,421,232,164,1,-1,-1,-1
268,99,1478,1159,294,210,1,-1,-1,-1
269,43,561,994,316,210,1,-1,-1,-1
269,51,388,532,128,148,1,-1,-1,-1
269,60,780,1192,300,248,1,-1,-1,-1
269,67,91,943,268,336,1,-1,-1,-1
269,71,438,412,172,168,1,-1,-1,-1
269,86,1546,290,160,194,1,-1,-1,-1
269,89,1547,679,232,220,1,-1,-1,-1
269,92,1810,488,180,160,1,-1,-1,-1
269,94,1200,852,207,300,1,-1,-1,-1
269,95,1609,424,128,240,1,-1,-1,-1
269,96,2191,699,148,228,1,-1,-1,-1
269,97,829,304,212,132,1,-1,-1,-1
269,98,781,422,232,164,1,-1,-1,-1
269,99,1480,1158,294,210,1,-1,-1,-1
270,43,562,995,316,210,1,-1,-1,-1
270,51,387,532,128,148,1,-1,-1,-1
270,60,780,1193,300,247,1,-1,-1,-1
270,67,84,947,268,336,1,-1,-1,-1
270,71,436,412,172,168,1,-1,-1,-1
270,86,1546,291,160,194,1,-1,-1,-1
270,89,1554,676,232,220,1,-1,-1,-1
270,92,1810,489,180,160,1,-1,-1,-1
270,94,1202,851,207,300,1,-1,-1,-1
270,95,1609,423,128,240,1,-1,-1,-1
270,96,2170,694,155,239,1,-1,-1,-1
270,97,829,304,212,132,1,-1,-1,-1
270,98,783,422,232,164,1,-1,-1,-1
270,99,1498,1138,294,210,1,-1,-1,-1
271,43,562,996,316,210,1,-1,-1,-1
271,51,387,532,128,148,1,-1,-1,-1
271,60,779,1193,300,247,1,-1,-1,-1
271,67,75,950,268,336,1,-1,-1,-1
271,71,435,411,172,168,1,-1,-1,-1
271,86,1547,291,160,194,1,-1,-1,-1
271,89,1566,679,232,220,1,-1,-1,-1
271,92,1811,489,180,160,1,-1,-1,-1
271,95,1609,423,128,240,1,-1,-1,-1
271,96,2146,694,155,239,1,-1,-1,-1
271,97,831,305,212,132,1,-1,-1,-1
271,98,786,424,232,164,1,-1,-1,-1
271,99,1516,1142,280,200,1,-1,-1,-1
272,43,563,997,316,210,1,-1,-1,-1
272,51,387,532,128,148,1,-1,-1,-1
272,60,778,1193,300,247,1,-1,-1,-1
272,67,67,955,268,336,1,-1,-1,-1
272,71,435,411,172,168,1,-1,-1,-1
272,86,1547,291,160,194,1,-1,-1,-1
272,89,1580,679,232,220,1,-1,-1,-1
272,92,1812,487,180,160,1,-1,-1,-1
272,95,1609,422,128,240,1,-1,-1,-1
272,97,831,305,212,132,1,-1,-1,-1
272,98,785,424,232,164,1,-1,-1,-1
272,99,1545,1143,267,190,1,-1,-1,-1
273,43,556,992,340,220,1,-1,-1,-1
273,51,380,528,140,168,1,-1,-1,-1
273,60,778,1193,300,247,1,-1,-1,-1
273,67,52,968,272,356,1,-1,-1,-1
273,71,435,411,172,168,1,-1,-1,-1
273,86,1548,280,152,208,1,-1,-1,-1
273,89,1580,679,232,220,1,-1,-1,-1
273,92,1804,484,196,176,1,-1,-1,-1
273,95,1609,422,128,240,1,-1,-1,-1
273,97,831,305,212,132,1,-1,-1,-1
273,98,785,424,232,164,1,-1,-1,-1
273,99,1572,1104,232,316,1,-1,-1,-1
273,100,616,332,120,192,1,-1,-1,-1
273,101,1220,872,172,252,1,-1,-1,-1
274,43,556,991,340,220,1,-1,-1,-1
274,51,380,528,140,168,1,-1,-1,-1
274,60,780,1189,300,248,1,-1,-1,-1
274,67,49,974,272,356,1,-1,-1,-1
274,71,434,411,172,168,1,-1,-1,-1
274,86,1548,280,152,208,1,-1,-1,-1
274,89,1603,683,232,220,1,-1,-1,-1
274,92,1804,483,196,176,1,-1,-1,-1
274,95,1607,423,128,240,1,-1,-1,-1
274,97,834,306,212,132,1,-1,-1,-1
274,98,799,423,232,164,1,-1,-1,-1
274,99,1587,1101,232,316,1,-1,-1,-1
274,100,616,330,120,192,1,-1,-1,-1
274,101,1221,872,172,252,1,-1,-1,-1
275,43,556,991,340,220,1,-1,-1,-1
275,51,380,528,140,168,1,-1,-1,-1
275,60,779,1189,300,248,1,-1,-1,-1
275,67,47,975,272,356,1,-1,-1,-1
275,71,434,411,172,168,1,-1,-1,-1
275,86,1548,280,152,208,1,-1,-1,-1
275,89,1601,683,232,220,1,-1,-1,-1
275,92,1805,483,196,176,1,-1,-1,-1
275,95,1608,423,128,240,1,-1,-1,-1
275,97,835,306,212,132,1,-1,-1,-1
275,98,800,423,232,164,1,-1,-1,-1
275,99,1590,1098,232,316,1,-1,-1,-1
275,100,616,329,120,192,1,-1,-1,-1
275,101,1222,872,172,252,1,-1,-1,-1
276,43,555,990,340,220,1,-1,-1,-1
276,51,381,528,140,168,1,-1,-1,-1
276,60,779,1185,300,248,1,-1,-1,-1
276,67,42,989,272,356,1,-1,-1,-1
276,71,434,411,172,168,1,-1,-1,-1
276,86,1547,281,152,208,1,-1,-1,-1
276,89,1611,687,232,220,1,-1,-1,-1
276,92,1804,482,196,176,1,-1,-1,-1
276,95,1604,422,128,240,1,-1,-1,-1
276,97,837,306,212,132,1,-1,-1,-1
276,98,804,420,232,164,1,-1,-1,-1
276,99,1593,1088,244,332,1,-1,-1,-1
276,100,617,328,120,192,1,-1,-1,-1
276,101,1226,871,172,252,1,-1,-1,-1
277,43,555,991,340,220,1,-1,-1,-1
277,51,381,528,140,168,1,-1,-1,-1
277,60,780,1184,300,248,1,-1,-1,-1
277,67,28,1011,272,356,1,-1,-1,-1
277,71,434,410,172,168,1,-1,-1,-1
277,86,1542,282,152,208,1,-1,-1,-1
277,89,1610,695,232,220,1,-1,-1,-1
277,92,1805,482,196,176,1,-1,-1,-1
277,95,1599,420,128,240,1,-1,-1,-1
277,97,839,308,212,132,1,-1,-1,-1
277,98,810,418,232,164,1,-1,-1,-1
277,99,1598,1085,244,332,1,-1,-1,-1
277,100,618,328,120,192,1,-1,-1,-1
277,101,1228,871,172,252,1,-1,-1,-1
278,43,554,991,340,220,1,-1,-1,-1
278,51,381,529,140,168,1,-1,-1,-1
278,60,781,1183,300,248,1,-1,-1,-1
278,67,20,1039,272,356,1,-1,-1,-1
278,71,433,411,172,168,1,-1,-1,-1
278,86,1540,282,152,208,1,-1,-1,-1
278,89,1604,699,232,220,1,-1,-1,-1
278,92,1803,482,196,176,1,-1,-1,-1
278,95,1594,416,128,240,1,-1,-1,-1
278,97,839,310,212,132,1,-1,-1,-1
278,98,820,418,232,164,1,-1,-1,-1
278,99,1596,1079,244,332,1,-1,-1,-1
278,100,620,328,120,192,1,-1,-1,-1
278,101,1229,872,172,252,1,-1,-1,-1
279,43,553,992,340,220,1,-1,-1,-1
279,51,381,529,140,168,1,-1,-1,-1
279,60,780,1184,300,248,1,-1,-1,-1
279,67,17,1051,272,356,1,-1,-1,-1
279,71,433,411,172,168,1,-1,-1,-1
279,86,1538,281,152,208,1,-1,-1,-1
279,89,1604,698,232,220,1,-1,-1,-1
279,92,1802,480,196,176,1,-1,-1,-1
279,95,1593,418,128,240,1,-1,-1,-1
279,97,839,310,212,132,1,-1,-1,-1
279,98,825,417,232,164,1,-1,-1,-1
279,99,1584,1082,244,332,1,-1,-1,-1
279,100,621,327,120,192,1,-1,-1,-1
279,101,1230,872,172,252,1,-1,-1,-1
280,43,552,991,340,220,1,-1,-1,-1
280,51,382,529,140,168,1,-1,-1,-1
280,60,779,1183,300,248,1,-1,-1,-1
280,67,16,1060,272,356,1,-1,-1,-1
280,71,433,411,172,168,1,-1,-1,-1
280,86,1536,282,152,208,1,-1,-1,-1
280,92,1802,480,196,176,1,-1,-1,-1
280,95,1590,420,128,240,1,-1,-1,-1
280,97,840,310,212,132,1,-1,-1,-1
280,98,831,421,221,156,1,-1,-1,-1
280,99,1571,1084,244,332,1,-1,-1,-1
280,100,622,326,120,192,1,-1,-1,-1
280,101,1229,872,172,252,1,-1,-1,-1
281,43,556,988,320,212,1,-1,-1,-1
281,51,382,529,140,168,1,-1,-1,-1
281,60,779,1183,300,248,1,-1,-1,-1
281,67,52,1056,228,380,1,-1,-1,-1
281,71,433,411,172,168,1,-1,-1,-1
281,86,1536,282,152,208,1,-1,-1,-1
281,92,1796,480,200,160,1,-1,-1,-1
281,95,1590,420,128,240,1,-1,-1,-1
281,97,840,304,208,124,1,-1,-1,-1
281,98,828,416,200,144,1,-1,-1,-1
281,99,1608,988,200,396,1,-1,-1,-1
281,100,628,336,120,164,1,-1,-1,-1
281,101,1229,872,172,252,1,-1,-1,-1
281,102,1232,1088,304,276,1,-1,-1,-1
282,43,556,987,320,212,1,-1,-1,-1
282,51,382,530,140,168,1,-1,-1,-1
282,60,782,1183,300,248,1,-1,-1,-1
282,67,51,1058,228,380,1,-1,-1,-1
282,71,431,411,172,168,1,-1,-1,-1
282,86,1537,282,152,208,1,-1,-1,-1
282,92,1795,480,200,160,1,-1,-1,-1
282,95,1580,421,128,240,1,-1,-1,-1
282,97,841,304,208,124,1,-1,-1,-1
282,98,830,416,200,144,1,-1,-1,-1
282,99,1601,971,200,396,1,-1,-1,-1
282,100,629,335,120,164,1,-1,-1,-1
282,101,1226,870,172,252,1,-1,-1,-1
282,102,1246,1071,304,276,1,-1,-1,-1
283,43,555,987,320,212,1,-1,-1,-1
283,51,380,532,140,168,1,-1,-1,-1
283,60,783,1181,300,248,1,-1,-1,-1
283,67,48,1061,228,379,1,-1,-1,-1
283,71,426,410,172,168,1,-1,-1,-1
283,86,1537,282,152,208,1,-1,-1,-1
283,92,1794,479,200,160,1,-1,-1,-1
283,95,1566,429,128,240,1,-1,-1,-1
283,97,843,305,208,124,1,-1,-1,-1
283,98,832,417,200,144,1,-1,-1,-1
283,99,1578,936,200,396,1,-1,-1,-1
283,100,633,337,120,164,1,-1,-1,-1
283,101,1225,868,172,252,1,-1,-1,-1
283,102,1276,1047,304,276,1,-1,-1,-1
284,43,555,988,320,212,1,-1,-1,-1
284,51,378,534,140,168,1,-1,-1,-1
284,60,782,1180,300,248,1,-1,-1,-1
284,67,47,1062,228,378,1,-1,-1,-1
284,71,421,412,172,168,1,-1,-1,-1
284,86,1538,283,152,208,1,-1,-1,-1
284,92,1793,481,200,160,1,-1,-1,-1
284,95,1548,428,128,240,1,-1,-1,-1
284,97,845,306,208,124,1,-1,-1,-1
284,98,833,418,200,144,1,-1,-1,-1
284,99,1564,921,200,396,1,-1,-1,-1
284,100,635,336,120,164,1,-1,-1,-1
284,101,1227,875,172,252,1,-1,-1,-1
284,102,1284,1041,304,276,1,-1,-1,-1
285,43,555,987,320,212,1,-1,-1,-1
285,51,377,537,140,168,1,-1,-1,-1
285,60,782,1181,300,248,1,-1,-1,-1
285,67,48,1064,228,376,1,-1,-1,-1
285,71,412,414,172,168,1,-1,-1,-1
285,86,1539,283,152,208,1,-1,-1,-1
285,92,1793,483,200,160,1,-1,-1,-1
285,95,1536,436,122,229,1,-1,-1,-1
285,97,846,307,208,124,1,-1,-1,-1
285,98,833,417,200,144,1,-1,-1,-1
285,99,1541,885,200,396,1,-1,-1,-1
285,100,638,336,120,164,1,-1,-1,-1
285,101,1226,877,172,252,1,-1,-1,-1
285,102,1323,1017,304,276,1,-1,-1,-1
286,43,555,987,320,212,1,-1,-1,-1
286,51,376,537,140,168,1,-1,-1,-1
286,60,782,1182,300,248,1,-1,-1,-1
286,67,47,1060,228,380,1,-1,-1,-1
286,71,413,415,164,160,1,-1,-1,-1
286,86,1539,284,152,208,1,-1,-1,-1
286,92,1793,483,200,160,1,-1,-1,-1
286,95,1532,437,122,229,1,-1,-1,-1
286,97,847,308,208,124,1,-1,-1,-1
286,98,833,417,200,144,1,-1,-1,-1
286,99,1516,854,200,396,1,-1,-1,-1
286,100,641,335,120,164,1,-1,-1,-1
286,101,1226,876,172,252,1,-1,-1,-1
286,102,1353,1007,290,263,1,-1,-1,-1
287,43,555,987,320,212,1,-1,-1,-1
287,51,376,536,140,168,1,-1,-1,-1
287,60,783,1182,300,248,1,-1,-1,-1
287,67,47,1061,228,379,1,-1,-1,-1
287,71,412,414,164,160,1,-1,-1,-1
287,86,1539,285,152,208,1,-1,-1,-1
287,92,1793,483,200,160,1,-1,-1,-1
287,95,1530,437,122,229,1,-1,-1,-1
287,97,847,309,208,124,1,-1,-1,-1
287,98,832,418,200,144,1,-1,-1,-1
287,99,1512,848,200,396,1,-1,-1,-1
287,100,642,335,120,164,1,-1,-1,-1
287,101,1224,876,172,252,1,-1,-1,-1
287,102,1346,1005,290,263,1,-1,-1,-1
288,43,555,987,320,212,1,-1,-1,-1
288,51,376,536,140,168,1,-1,-1,-1
288,60,783,1182,300,248,1,-1,-1,-1
288,67,45,1059,228,380,1,-1,-1,-1
288,71,408,412,164,160,1,-1,-1,-1
288,86,1538,285,152,208,1,-1,-1,-1
288,92,1794,483,200,160,1,-1,-1,-1
288,97,847,308,208,124,1,-1,-1,-1
288,98,831,418,200,144,1,-1,-1,-1
288,99,1502,843,200,396,1,-1,-1,-1
288,100,644,335,120,164,1,-1,-1,-1
288,101,1226,882,164,240,1,-1,-1,-1
288,102,1357,1000,290,263,1,-1,-1,-1
289,43,555,987,320,212,1,-1,-1,-1
289,51,388,484,124,220,1,-1,-1,-1
289,60,783,1182,300,248,1,-1,-1,-1
289,67,44,1056,220,376,1,-1,-1,-1
289,71,408,412,164,160,1,-1,-1,-1
289,86,1536,280,192,204,1,-1,-1,-1
289,92,1794,483,200,160,1,-1,-1,-1
289,97,847,308,208,124,1,-1,-1,-1
289,98,832,420,188,160,1,-1,-1,-1
289,99,1502,843,200,396,1,-1,-1,-1
289,100,644,332,120,176,1,-1,-1,-1
289,101,1180,860,204,228,1,-1,-1,-1
289,102,1404,996,172,276,1,-1,-1,-1
289,103,1672,852,296,256,1,-1,-1,-1
289,104,1476,764,180,400,1,-1,-1,-1
289,105,1904,744,296,268,1,-1,-1,-1
289,106,2280,468,280,652,1,-1,-1,-1
289,107,1928,504,172,264,1,-1,-1,-1
289,108,1688,684,236,200,1,-1,-1,-1
290,43,555,987,320,212,1,-1,-1,-1
290,51,390,484,124,220,1,-1,-1,-1
290,60,785,1184,300,248,1,-1,-1,-1
290,67,43,1054,220,376,1,-1,-1,-1
290,71,399,412,164,160,1,-1,-1,-1
290,86,1537,280,192,204,1,-1,-1,-1
290,92,1796,483,200,160,1,-1,-1,-1
290,97,850,309,208,124,1,-1,-1,-1
290,98,831,419,188,160,1,-1,-1,-1
290,99,1508,969,200,396,1,-1,-1,-1
290,100,643,332,120,176,1,-1,-1,-1
290,101,1180,856,204,228,1,-1,-1,-1
290,102,1404,996,172,276,1,-1,-1,-1
290,103,1670,851,296,256,1,-1,-1,-1
290,104,1474,757,180,400,1,-1,-1,-1
290,105,1904,743,296,268,1,-1,-1,-1
290,106,2226,471,280,652,1,-1,-1,-1
290,107,1928,504,172,264,1,-1,-1,-1
290,108,1687,683,236,200,1,-1,-1,-1
291,43,554,988,320,212,1,-1,-1,-1
291,51,393,484,124,220,1,-1,-1,-1
291,60,785,1184,300,248,1,-1,-1,-1
291,67,41,1055,220,376,1,-1,-1,-1
291,71,395,411,164,160,1,-1,-1,-1
291,86,1538,282,192,204,1,-1,-1,-1
291,92,1797,484,200,160,1,-1,-1,-1
291,97,852,309,208,124,1,-1,-1,-1
291,98,830,419,188,160,1,-1,-1,-1
291,99,1521,988,190,377,1,-1,-1,-1
291,100,644,333,120,176,1,-1,-1,-1
291,101,1180,845,204,228,1,-1,-1,-1
291,102,1401,999,172,276,1,-1,-1,-1
291,103,1664,849,296,256,1,-1,-1,-1
291,104,1469,761,189,420,1,-1,-1,-1
291,105,1901,741,296,268,1,-1,-1,-1
291,106,2121,480,280,652,1,-1,-1,-1
291,107,1927,504,172,264,1,-1,-1,-1
291,108,1686,682,236,200,1,-1,-1,-1
292,43,555,987,320,212,1,-1,-1,-1
292,51,397,483,124,220,1,-1,-1,-1
292,60,786,1186,300,248,1,-1,-1,-1
292,67,39,1056,220,376,1,-1,-1,-1
292,71,392,409,164,160,1,-1,-1,-1
292,86,1539,282,192,204,1,-1,-1,-1
292,92,1798,484,200,160,1,-1,-1,-1
292,97,852,308,208,124,1,-1,-1,-1
292,98,829,419,188,160,1,-1,-1,-1
292,99,1527,999,181,359,1,-1,-1,-1
292,100,643,335,120,176,1,-1,-1,-1
292,101,1173,825,214,239,1,-1,-1,-1
292,102,1397,988,181,290,1,-1,-1,-1
292,103,1659,844,296,256,1,-1,-1,-1
292,104,1465,756,189,420,1,-1,-1,-1
292,105,1898,734,296,268,1,-1,-1,-1
292,106,2025,476,280,652,1,-1,-1,-1
292,107,1927,504,172,264,1,-1,-1,-1
292,108,1685,680,236,200,1,-1,-1,-1
293,43,556,988,320,212,1,-1,-1,-1
293,51,398,483,124,220,1,-1,-1,-1
293,60,784,1186,300,248,1,-1,-1,-1
293,67,39,1055,220,376,1,-1,-1,-1
293,71,391,410,164,160,1,-1,-1,-1
293,86,1539,282,192,204,1,-1,-1,-1
293,92,1797,484,200,160,1,-1,-1,-1
293,97,852,308,208,124,1,-1,-1,-1
293,98,829,419,188,160,1,-1,-1,-1
293,100,643,336,120,176,1,-1,-1,-1
293,101,1172,826,214,239,1,-1,-1,-1
293,102,1397,986,181,290,1,-1,-1,-1
293,103,1658,843,296,256,1,-1,-1,-1
293,104,1455,755,189,420,1,-1,-1,-1
293,105,1896,734,296,268,1,-1,-1,-1
293,106,2013,480,280,652,1,-1,-1,-1
293,107,1927,503,172,264,1,-1,-1,-1
293,108,1684,680,236,200,1,-1,-1,-1
294,43,556,990,320,212,1,-1,-1,-1
294,51,400,482,124,220,1,-1,-1,-1
294,60,784,1186,300,248,1,-1,-1,-1
294,67,38,1057,220,376,1,-1,-1,-1
294,71,390,411,164,160,1,-1,-1,-1
294,86,1538,283,192,204,1,-1,-1,-1
294,92,1796,484,200,160,1,-1,-1,-1
294,97,853,308,208,124,1,-1,-1,-1
294,98,829,420,188,160,1,-1,-1,-1
294,100,641,339,120,176,1,-1,-1,-1
294,101,1168,821,214,239,1,-1,-1,-1
294,102,1397,983,181,290,1,-1,-1,-1
294,103,1660,830,296,256,1,-1,-1,-1
294,104,1462,755,189,420,1,-1,-1,-1
294,105,1911,725,296,268,1,-1,-1,-1
294,106,1917,465,280,652,1,-1,-1,-1
294,107,1925,501,172,264,1,-1,-1,-1
294,108,1686,679,236,200,1,-1,-1,-1
295,43,556,990,320,212,1,-1,-1,-1
295,51,403,481,124,220,1,-1,-1,-1
295,60,784,1186,300,248,1,-1,-1,-1
295,67,36,1059,220,376,1,-1,-1,-1
295,71,390,411,164,160,1,-1,-1,-1
295,86,1538,283,192,204,1,-1,-1,-1
295,92,1796,484,200,160,1,-1,-1,-1
295,97,854,308,208,124,1,-1,-1,-1
295,98,829,420,188,160,1,-1,-1,-1
295,100,640,343,120,176,1,-1,-1,-1
295,101,1162,814,214,239,1,-1,-1,-1
295,102,1396,981,181,290,1,-1,-1,-1
295,103,1655,814,296,256,1,-1,-1,-1
295,104,1474,752,189,420,1,-1,-1,-1
295,105,1837,675,311,281,1,-1,-1,-1
295,106,1805,454,280,652,1,-1,-1,-1
295,107,1928,506,172,264,1,-1,-1,-1
295,108,1690,678,225,190,1,-1,-1,-1
296,43,556,990,320,212,1,-1,-1,-1
296,51,406,480,124,220,1,-1,-1,-1
296,60,785,1186,300,248,1,-1,-1,-1
296,67,33,1062,220,376,1,-1,-1,-1
296,71,391,411,164,160,1,-1,-1,-1
296,86,1538,283,192,204,1,-1,-1,-1
296,92,1793,479,200,160,1,-1,-1,-1
296,97,855,308,208,124,1,-1,-1,-1
296,98,829,420,188,160,1,-1,-1,-1
296,100,638,346,120,176,1,-1,-1,-1
296,101,1156,806,214,239,1,-1,-1,-1
296,102,1395,981,181,290,1,-1,-1,-1
296,103,1674,803,296,256,1,-1,-1,-1
296,104,1476,747,189,420,1,-1,-1,-1
296,105,1913,741,311,281,1,-1,-1,-1
296,106,1790,389,280,652,1,-1,-1,-1
296,107,1901,506,181,277,1,-1,-1,-1
296,108,1712,703,236,200,1,-1,-1,-1
297,43,556,992,320,220,1,-1,-1,-1
297,51,408,480,172,232,1,-1,-1,-1
297,60,785,1186,300,248,1,-1,-1,-1
297,67,16,1072,236,360,1,-1,-1,-1
297,71,391,411,164,160,1,-1,-1,-1
297,86,1536,284,196,212,1,-1,-1,-1
297,92,1793,479,200,160,1,-1,-1,-1
297,97,855,308,208,124,1,-1,-1,-1
297,98,828,420,196,172,1,-1,-1,-1
297,100,636,344,116,220,1,-1,-1,-1
297,101,1136,812,224,212,1,-1,-1,-1
297,102,1360,1032,180,248,1,-1,-1,-1
297,103,1674,803,296,256,1,-1,-1,-1
297,104,1476,747,189,420,1,-1,-1,-1
297,105,1948,748,264,268,1,-1,-1,-1
297,106,1790,389,280,652,1,-1,-1,-1
297,107,1901,506,181,277,1,-1,-1,-1
297,108,1712,703,236,200,1,-1,-1,-1
297,109,1264,520,200,324,1,-1,-1,-1
298,43,555,992,320,220,1,-1,-1,-1
298,51,409,480,172,232,1,-1,-1,-1
298,60,782,1185,300,248,1,-1,-1,-1
298,67,15,1074,236,360,1,-1,-1,-1
298,71,396,413,164,160,1,-1,-1,-1
298,86,1535,284,196,212,1,-1,-1,-1
298,92,1792,479,200,160,1,-1,-1,-1
298,97,854,308,208,124,1,-1,-1,-1
298,98,828,420,196,172,1,-1,-1,-1
298,100,636,345,116,220,1,-1,-1,-1
298,101,1123,809,224,212,1,-1,-1,-1
298,102,1359,1030,180,248,1,-1,-1,-1
298,103,1652,749,296,256,1,-1,-1,-1
298,104,1468,689,198,441,1,-1,-1,-1
298,105,1955,747,264,268,1,-1,-1,-1
298,106,1807,404,280,652,1,-1,-1,-1
298,107,1910,492,181,277,1,-1,-1,-1
298,108,1738,654,236,200,1,-1,-1,-1
298,109,1257,513,200,324,1,-1,-1,-1
299,43,556,992,320,220,1,-1,-1,-1
299,51,409,481,172,232,1,-1,-1,-1
299,60,782,1186,300,248,1,-1,-1,-1
299,67,14,1075,236,360,1,-1,-1,-1
299,86,1535,284,196,212,1,-1,-1,-1
299,92,1792,478,200,160,1,-1,-1,-1
299,97,854,309,208,124,1,-1,-1,-1
299,98,829,420,196,172,1,-1,-1,-1
299,100,636,345,116,220,1,-1,-1,-1
299,101,1119,809,224,212,1,-1,-1,-1
299,102,1359,1028,180,248,1,-1,-1,-1
299,103,1653,741,296,256,1,-1,-1,-1
299,104,1462,690,189,420,1,-1,-1,-1
299,105,1957,747,264,268,1,-1,-1,-1
299,106,1816,395,280,652,1,-1,-1,-1
299,107,1913,497,172,264,1,-1,-1,-1
299,108,1732,652,236,200,1,-1,-1,-1
299,109,1252,510,200,324,1,-1,-1,-1
300,43,553,992,320,220,1,-1,-1,-1
300,51,409,482,172,232,1,-1,-1,-1
300,60,780,1186,300,248,1,-1,-1,-1
300,67,11,1077,236,360,1,-1,-1,-1
300,86,1535,277,196,212,1,-1,-1,-1
300,92,1792,487,200,160,1,-1,-1,-1
300,97,854,309,208,124,1,-1,-1,-1
300,98,829,420,196,172,1,-1,-1,-1
300,100,637,346,116,220,1,-1,-1,-1
300,101,1097,796,224,212,1,-1,-1,-1
300,102,1360,1028,180,248,1,-1,-1,-1
300,103,1652,762,296,256,1,-1,-1,-1
300,104,1435,596,198,441,1,-1,-1,-1
300,105,1975,749,264,268,1,-1,-1,-1
300,106,1828,386,280,652,1,-1,-1,-1
300,107,1911,495,172,264,1,-1,-1,-1
300,108,1721,652,225,190,1,-1,-1,-1
300,109,1210,483,200,324,1,-1,-1,-1
301,43,551,991,320,220,1,-1,-1,-1
301,51,410,482,172,232,1,-1,-1,-1
301,60,779,1186,300,248,1,-1,-1,-1
301,67,10,1079,236,360,1,-1,-1,-1
301,86,1536,277,196,212,1,-1,-1,-1
301,92,1790,484,200,160,1,-1,-1,-1
301,97,853,310,208,124,1,-1,-1,-1
301,98,829,420,196,172,1,-1,-1,-1
301,100,637,347,116,220,1,-1,-1,-1
301,101,1082,787,224,212,1,-1,-1,-1
301,102,1362,1022,180,248,1,-1,-1,-1
301,103,1703,783,282,244,1,-1,-1,-1
301,105,1988,754,264,268,1,-1,-1,-1
301,107,1912,494,172,264,1,-1,-1,-1
301,108,1728,657,214,181,1,-1,-1,-1
301,109,1211,466,210,340,1,-1,-1,-1
302,43,549,988,320,220,1,-1,-1,-1
302,51,411,482,172,232,1,-1,-1,-1
302,60,778,1189,300,248,1,-1,-1,-1
302,67,8,1081,236,359,1,-1,-1,-1
302,86,1527,278,206,223,1,-1,-1,-1
302,92,1792,482,200,160,1,-1,-1,-1
302,97,853,309,208,124,1,-1,-1,-1
302,98,830,420,196,172,1,-1,-1,-1
302,100,639,348,116,220,1,-1,-1,-1
302,101,1064,777,224,212,1,-1,-1,-1
302,102,1366,1016,180,248,1,-1,-1,-1
302,103,1702,782,282,244,1,-1,-1,-1
302,105,2010,753,277,281,1,-1,-1,-1
302,107,1911,494,172,264,1,-1,-1,-1
302,108,1717,652,204,173,1,-1,-1,-1
302,109,1165,427,220,357,1,-1,-1,-1
303,43,545,983,320,220,1,-1,-1,-1
303,51,412,483,172,232,1,-1,-1,-1
303,60,764,1186,315,254,1,-1,-1,-1
303,67,6,1084,236,356,1,-1,-1,-1
303,86,1547,414,206,223,1,-1,-1,-1
303,92,1793,481,200,160,1,-1,-1,-1
303,97,853,309,208,124,1,-1,-1,-1
303,98,832,419,196,172,1,-1,-1,-1
303,100,640,347,116,220,1,-1,-1,-1
303,101,1053,771,224,212,1,-1,-1,-1
303,102,1369,1012,180,248,1,-1,-1,-1
303,103,1667,771,296,256,1,-1,-1,-1
303,105,2030,750,277,281,1,-1,-1,-1
303,107,1910,493,172,264,1,-1,-1,-1
303,108,1762,656,204,173,1,-1,-1,-1
303,109,1092,353,220,357,1,-1,-1,-1
304,43,540,981,320,220,1,-1,-1,-1
304,51,412,483,172,232,1,-1,-1,-1
304,60,759,1191,315,249,1,-1,-1,-1
304,67,4,1083,236,357,1,-1,-1,-1
304,86,1547,413,216,234,1,-1,-1,-1
304,92,1793,481,200,160,1,-1,-1,-1
304,97,853,309,208,124,1,-1,-1,-1
304,98,835,417,196,172,1,-1,-1,-1
304,100,640,347,116,220,1,-1,-1,-1
304,101,1043,755,224,212,1,-1,-1,-1
304,102,1370,1003,180,248,1,-1,-1,-1
304,105,2058,741,277,281,1,-1,-1,-1
304,107,1912,497,164,251,1,-1,-1,-1
304,108,1799,653,204,173,1,-1,-1,-1
304,109,1087,394,220,357,1,-1,-1,-1
305,43,536,960,300,260,1,-1,-1,-1
305,51,420,488,136,220,1,-1,-1,-1
305,60,759,1191,315,249,1,-1,-1,-1
305,67,8,1080,232,352,1,-1,-1,-1
305,86,1547,413,216,234,1,-1,-1,-1
305,92,1804,480,168,184,1,-1,-1,-1
305,97,853,309,208,124,1,-1,-1,-1
305,98,840,416,120,176,1,-1,-1,-1
305,100,636,348,132,208,1,-1,-1,-1
305,101,1068,736,200,252,1,-1,-1,-1
305,102,1364,1008,192,264,1,-1,-1,-1
305,105,2052,728,284,264,1,-1,-1,-1
305,107,1916,492,156,236,1,-1,-1,-1
305,108,1799,653,204,173,1,-1,-1,-1
305,109,1087,394,220,357,1,-1,-1,-1
305,110,1488,460,220,192,1,-1,-1,-1
305,111,1576,668,252,316,1,-1,-1,-1
305,112,1148,520,132,180,1,-1,-1,-1
305,113,1780,664,276,244,1,-1,-1,-1
305,114,344,404,212,220,1,-1,-1,-1
306,43,532,958,300,260,1,-1,-1,-1
306,51,422,488,136,220,1,-1,-1,-1
306,60,754,1189,331,251,1,-1,-1,-1
306,67,6,1080,232,352,1,-1,-1,-1
306,86,1549,414,216,234,1,-1,-1,-1
306,92,1804,479,168,184,1,-1,-1,-1
306,97,852,310,208,124,1,-1,-1,-1
306,98,852,405,126,185,1,-1,-1,-1
306,100,636,348,132,208,1,-1,-1,-1
306,101,1062,720,200,252,1,-1,-1,-1
306,102,1364,1003,192,264,1,-1,-1,-1
306,105,2061,719,284,264,1,-1,-1,-1
306,107,1917,491,156,236,1,-1,-1,-1
306,108,1812,658,204,173,1,-1,-1,-1
306,109,1065,375,220,357,1,-1,-1,-1
306,110,1490,459,220,192,1,-1,-1,-1
306,111,1556,659,252,316,1,-1,-1,-1
306,112,1132,502,132,180,1,-1,-1,-1
306,113,1782,662,276,244,1,-1,-1,-1
306,114,345,404,212,220,1,-1,-1,-1
307,43,528,955,300,260,1,-1,-1,-1
307,51,423,490,136,220,1,-1,-1,-1
307,60,775,1176,331,264,1,-1,-1,-1
307,67,0,1083,230,352,1,-1,-1,-1
307,86,1553,414,216,234,1,-1,-1,-1
307,92,1804,479,168,184,1,-1,-1,-1
307,97,850,301,208,124,1,-1,-1,-1
307,98,847,407,126,185,1,-1,-1,-1
307,100,636,348,132,208,1,-1,-1,-1
307,101,1055,700,200,252,1,-1,-1,-1
307,102,1365,998,192,264,1,-1,-1,-1
307,105,2082,714,284,264,1,-1,-1,-1
307,107,1917,491,156,236,1,-1,-1,-1
307,109,1059,365,220,357,1,-1,-1,-1
307,110,1492,458,220,192,1,-1,-1,-1
307,111,1533,648,252,316,1,-1,-1,-1
307,112,1116,485,132,180,1,-1,-1,-1
307,113,1788,665,276,244,1,-1,-1,-1
307,114,347,405,212,220,1,-1,-1,-1
308,43,525,954,300,260,1,-1,-1,-1
308,51,422,490,136,220,1,-1,-1,-1
308,60,793,1171,331,269,1,-1,-1,-1
308,67,0,1083,223,352,1,-1,-1,-1
308,86,1558,415,216,234,1,-1,-1,-1
308,92,1804,479,168,184,1,-1,-1,-1
308,97,852,302,208,124,1,-1,-1,-1
308,98,844,401,132,194,1,-1,-1,-1
308,100,636,349,132,208,1,-1,-1,-1
308,101,1047,684,200,252,1,-1,-1,-1
308,102,1364,995,192,264,1,-1,-1,-1
308,105,2099,712,284,264,1,-1,-1,-1
308,107,1918,491,156,236,1,-1,-1,-1
308,109,1036,360,220,357,1,-1,-1,-1
308,110,1497,461,210,183,1,-1,-1,-1
308,111,1499,629,265,332,1,-1,-1,-1
308,112,1098,469,132,180,1,-1,-1,-1
308,113,1790,670,276,244,1,-1,-1,-1
308,114,348,405,212,220,1,-1,-1,-1
309,43,523,953,300,260,1,-1,-1,-1
309,51,422,489,136,220,1,-1,-1,-1
309,60,799,1174,331,266,1,-1,-1,-1
309,67,0,1083,213,352,1,-1,-1,-1
309,86,1565,417,216,234,1,-1,-1,-1
309,92,1804,480,168,184,1,-1,-1,-1
309,97,852,295,218,130,1,-1,-1,-1
309,98,838,397,139,204,1,-1,-1,-1
309,100,636,349,132,208,1,-1,-1,-1
309,101,1038,671,200,252,1,-1,-1,-1
309,102,1364,994,192,264,1,-1,-1,-1
309,105,2112,713,284,264,1,-1,-1,-1
309,107,1918,491,156,236,1,-1,-1,-1
309,109,1040,346,220,357,1,-1,-1,-1
309,110,1498,461,210,183,1,-1,-1,-1
309,111,1468,608,265,332,1,-1,-1,-1
309,112,1091,462,132,180,1,-1,-1,-1
309,113,1792,674,276,244,1,-1,-1,-1
309,114,348,404,212,220,1,-1,-1,-1
310,43,519,949,300,260,1,-1,-1,-1
310,51,423,488,136,220,1,-1,-1,-1
310,60,784,1171,331,269,1,-1,-1,-1
310,67,0,1087,202,352,1,-1,-1,-1
310,86,1552,420,227,245,1,-1,-1,-1
310,92,1802,478,168,184,1,-1,-1,-1
310,97,853,298,208,124,1,-1,-1,-1
310,98,837,405,139,204,1,-1,-1,-1
310,100,636,348,132,208,1,-1,-1,-1
310,101,1021,661,200,252,1,-1,-1,-1
310,102,1363,996,192,264,1,-1,-1,-1
310,105,2122,716,284,264,1,-1,-1,-1
310,107,1918,491,156,236,1,-1,-1,-1
310,110,1497,462,210,183,1,-1,-1,-1
310,111,1465,605,265,332,1,-1,-1,-1
310,112,1090,463,132,180,1,-1,-1,-1
310,113,1786,673,290,256,1,-1,-1,-1
310,114,348,404,212,220,1,-1,-1,-1
311,43,518,949,300,260,1,-1,-1,-1
311,51,424,488,136,220,1,-1,-1,-1
311,60,792,1176,331,264,1,-1,-1,-1
311,67,0,1097,194,335,1,-1,-1,-1
311,92,1801,477,168,184,1,-1,-1,-1
311,97,850,298,208,124,1,-1,-1,-1
311,98,836,406,139,204,1,-1,-1,-1
311,100,636,347,132,208,1,-1,-1,-1
311,101,1023,658,200,252,1,-1,-1,-1
311,102,1363,995,192,264,1,-1,-1,-1
311,105,2139,719,284,264,1,-1,-1,-1
311,107,1918,491,156,236,1,-1,-1,-1
311,110,1496,462,210,183,1,-1,-1,-1
311,111,1463,602,265,332,1,-1,-1,-1
311,112,1093,467,126,171,1,-1,-1,-1
311,113,1790,674,290,256,1,-1,-1,-1
311,114,349,404,212,220,1,-1,-1,-1
312,43,515,946,300,260,1,-1,-1,-1
312,51,426,488,136,220,1,-1,-1,-1
312,67,0,1100,183,335,1,-1,-1,-1
312,92,1794,466,176,193,1,-1,-1,-1
312,97,854,303,208,124,1,-1,-1,-1
312,98,824,402,146,214,1,-1,-1,-1
312,100,636,346,132,208,1,-1,-1,-1
312,101,1014,651,200,252,1,-1,-1,-1
312,102,1361,996,192,264,1,-1,-1,-1
312,105,2148,719,284,264,1,-1,-1,-1
312,107,1918,492,156,236,1,-1,-1,-1
312,110,1496,463,210,183,1,-1,-1,-1
312,111,1460,604,265,332,1,-1,-1,-1
312,112,1085,478,126,171,1,-1,-1,-1
312,113,1802,684,276,244,1,-1,-1,-1
312,114,351,403,212,220,1,-1,-1,-1
313,43,496,928,296,248,1,-1,-1,-1
313,51,428,488,152,216,1,-1,-1,-1
313,67,0,1104,228,304,1,-1,-1,-1
313,92,1792,496,196,160,1,-1,-1,-1
313,97,854,303,208,124,1,-1,-1,-1
313,98,820,364,140,212,1,-1,-1,-1
313,100,644,344,116,180,1,-1,-1,-1
313,101,992,628,196,196,1,-1,-1,-1
313,102,1376,980,168,260,1,-1,-1,-1
313,105,2144,724,284,252,1,-1,-1,-1
313,107,1912,516,152,216,1,-1,-1,-1
313,110,1492,480,220,172,1,-1,-1,-1
313,111,1456,628,248,356,1,-1,-1,-1
313,112,1085,478,126,171,1,-1,-1,-1
313,113,1888,696,204,248,1,-1,-1,-1
313,114,348,408,208,216,1,-1,-1,-1
313,115,920,56,1640,536,1,-1,-1,-1
313,116,2068,1216,172,220,1,-1,-1,-1
313,117,808,1228,212,212,1,-1,-1,-1
313,118,1068,1284,188,156,1,-1,-1,-1
314,43,494,932,296,248,1,-1,-1,-1
314,51,428,486,152,216,1,-1,-1,-1
314,67,0,1106,225,304,1,-1,-1,-1
314,92,1791,498,196,160,1,-1,-1,-1
314,97,866,306,208,124,1,-1,-1,-1
314,98,818,364,140,212,1,-1,-1,-1
314,100,643,343,116,180,1,-1,-1,-1
314,101,995,627,196,196,1,-1,-1,-1
314,102,1377,979,168,260,1,-1,-1,-1
314,105,2145,724,284,252,1,-1,-1,-1
314,107,1912,518,152,216,1,-1,-1,-1
314,110,1492,481,220,172,1,-1,-1,-1
314,111,1455,628,248,356,1,-1,-1,-1
314,112,1060,479,132,180,1,-1,-1,-1
314,113,1889,696,204,248,1,-1,-1,-1
314,114,348,406,208,216,1,-1,-1,-1
314,115,958,58,1602,536,1,-1,-1,-1
314,116,2078,1201,172,220,1,-1,-1,-1
314,117,801,1227,212,212,1,-1,-1,-1
314,118,1068,1285,188,155,1,-1,-1,-1
315,43,492,940,296,248,1,-1,-1,-1
315,51,430,485,152,216,1,-1,-1,-1
315,67,0,1111,219,304,1,-1,-1,-1
315,92,1794,505,187,152,1,-1,-1,-1
315,97,868,304,208,124,1,-1,-1,-1
315,98,816,364,140,212,1,-1,-1,-1
315,100,643,342,116,180,1,-1,-1,-1
315,101,1003,629,196,196,1,-1,-1,-1
315,102,1376,978,168,260,1,-1,-1,-1
315,105,2144,722,284,252,1,-1,-1,-1
315,107,1912,520,152,216,1,-1,-1,-1
315,110,1492,481,220,172,1,-1,-1,-1
315,111,1455,626,248,356,1,-1,-1,-1
315,112,1023,426,132,180,1,-1,-1,-1
315,113,1892,697,204,248,1,-1,-1,-1
315,114,349,405,208,216,1,-1,-1,-1
315,115,1046,70,1514,536,1,-1,-1,-1
315,116,2092,1186,172,220,1,-1,-1,-1
315,117,783,1229,212,211,1,-1,-1,-1
315,118,1066,1287,188,153,1,-1,-1,-1
316,43,483,944,296,248,1,-1,-1,-1
316,51,430,485,152,216,1,-1,-1,-1
316,67,0,1111,215,304,1,-1,-1,-1
316,92,1795,508,187,152,1,-1,-1,-1
316,98,814,366,140,212,1,-1,-1,-1
316,100,642,342,116,180,1,-1,-1,-1
316,101,1005,626,206,206,1,-1,-1,-1
316,102,1374,979,168,260,1,-1,-1,-1
316,105,2144,719,284,252,1,-1,-1,-1
316,107,1915,520,152,216,1,-1,-1,-1
316,110,1494,484,220,172,1,-1,-1,-1
316,111,1453,616,248,356,1,-1,-1,-1
316,112,1025,414,139,189,1,-1,-1,-1
316,113,1895,694,204,248,1,-1,-1,-1
316,114,349,405,208,216,1,-1,-1,-1
316,115,1232,85,1328,510,1,-1,-1,-1
316,116,2091,1179,181,231,1,-1,-1,-1
316,117,762,1231,212,209,1,-1,-1,-1
316,118,1058,1290,188,150,1,-1,-1,-1
317,43,482,944,296,248,1,-1,-1,-1
317,51,427,479,160,227,1,-1,-1,-1
317,67,0,1112,213,304,1,-1,-1,-1
317,92,1794,509,187,152,1,-1,-1,-1
317,98,813,366,140,212,1,-1,-1,-1
317,100,642,342,116,180,1,-1,-1,-1
317,101,1006,624,206,206,1,-1,-1,-1
317,102,1372,979,168,260,1,-1,-1,-1
317,105,2143,719,284,252,1,-1,-1,-1
317,107,1915,518,152,216,1,-1,-1,-1
317,110,1501,491,210,164,1,-1,-1,-1
317,111,1452,616,248,356,1,-1,-1,-1
317,112,1025,418,139,189,1,-1,-1,-1
317,113,1895,696,204,248,1,-1,-1,-1
317,114,349,405,208,216,1,-1,-1,-1
317,115,1230,89,1330,510,1,-1,-1,-1
317,116,2092,1178,181,231,1,-1,-1,-1
317,117,759,1230,212,210,1,-1,-1,-1
317,118,1057,1291,188,149,1,-1,-1,-1
318,43,477,954,296,248,1,-1,-1,-1
318,51,426,479,160,227,1,-1,-1,-1
318,67,0,1115,209,304,1,-1,-1,-1
318,92,1795,501,187,152,1,-1,-1,-1
318,98,813,368,140,212,1,-1,-1,-1
318,100,642,342,116,180,1,-1,-1,-1
318,101,1019,624,206,206,1,-1,-1,-1
318,102,1363,972,168,260,1,-1,-1,-1
318,105,2142,717,284,252,1,-1,-1,-1
318,107,1918,514,152,216,1,-1,-1,-1
318,110,1521,541,220,172,1,-1,-1,-1
318,111,1464,628,236,339,1,-1,-1,-1
318,112,1027,417,139,189,1,-1,-1,-1
318,113,1896,691,204,248,1,-1,-1,-1
318,114,349,404,208,216,1,-1,-1,-1
318,115,1271,109,1289,486,1,-1,-1,-1
318,116,2093,1180,181,231,1,-1,-1,-1
318,117,747,1229,212,211,1,-1,-1,-1
318,118,1043,1293,188,147,1,-1,-1,-1
319,43,474,960,296,248,1,-1,-1,-1
319,51,423,470,168,238,1,-1,-1,-1
319,67,0,1125,210,304,1,-1,-1,-1
319,92,1792,503,187,152,1,-1,-1,-1
319,98,811,369,140,212,1,-1,-1,-1
319,100,641,343,116,180,1,-1,-1,-1
319,101,1010,628,206,206,1,-1,-1,-1
319,102,1338,946,168,260,1,-1,-1,-1
319,105,2140,710,284,252,1,-1,-1,-1
319,107,1905,626,160,227,1,-1,-1,-1
319,110,1569,523,220,172,1,-1,-1,-1
319,111,1453,618,248,356,1,-1,-1,-1
319,113,1894,675,204,248,1,-1,-1,-1
319,114,350,401,208,216,1,-1,-1,-1
319,115,1238,111,1322,486,1,-1,-1,-1
319,116,2091,1180,181,231,1,-1,-1,-1
319,117,740,1220,212,212,1,-1,-1,-1
319,118,1026,1296,188,144,1,-1,-1,-1
320,43,468,955,296,248,1,-1,-1,-1
320,51,425,467,168,238,1,-1,-1,-1
320,67,0,1141,206,299,1,-1,-1,-1
320,92,1757,463,178,145,1,-1,-1,-1
320,98,809,368,140,212,1,-1,-1,-1
320,100,639,344,116,180,1,-1,-1,-1
320,101,1014,632,206,206,1,-1,-1,-1
320,102,1316,927,168,260,1,-1,-1,-1
320,105,2138,700,284,252,1,-1,-1,-1
320,107,1938,525,152,216,1,-1,-1,-1
320,110,1496,483,220,172,1,-1,-1,-1
320,111,1422,596,248,356,1,-1,-1,-1
320,113,1887,657,204,248,1,-1,-1,-1
320,114,350,399,208,216,1,-1,-1,-1
320,115,1046,65,1514,510,1,-1,-1,-1
320,116,2084,1197,181,231,1,-1,-1,-1
320,117,737,1217,212,212,1,-1,-1,-1
320,118,1007,1301,188,139,1,-1,-1,-1
321,43,496,896,224,368,1,-1,-1,-1
321,51,436,468,200,224,1,-1,-1,-1
321,67,0,1168,144,264,1,-1,-1,-1
321,92,1757,463,178,145,1,-1,-1,-1
321,98,812,368,172,224,1,-1,-1,-1
321,100,640,348,112,188,1,-1,-1,-1
321,101,996,620,252,160,1,-1,-1,-1
321,102,1316,927,168,260,1,-1,-1,-1
321,105,2138,700,284,252,1,-1,-1,-1
321,107,1938,525,152,216,1,-1,-1,-1
321,110,1484,452,228,200,1,-1,-1,-1
321,111,1400,592,244,292,1,-1,-1,-1
321,113,1887,657,204,248,1,-1,-1,-1
321,114,356,404,196,196,1,-1,-1,-1
321,115,1046,65,1514,510,1,-1,-1,-1
321,116,2048,1216,176,224,1,-1,-1,-1
321,117,756,1208,200,228,1,-1,-1,-1
321,118,1000,1320,164,120,1,-1,-1,-1
321,119,1196,872,268,340,1,-1,-1,-1
321,120,884,296,272,256,1,-1,-1,-1
321,121,1308,312,176,164,1,-1,-1,-1
321,122,1824,368,180,292,1,-1,-1,-1
321,123,1532,284,188,184,1,-1,-1,-1
322,43,490,887,224,368,1,-1,-1,-1
322,51,438,467,200,224,1,-1,-1,-1
322,67,0,1177,141,263,1,-1,-1,-1
322,92,1806,467,178,145,1,-1,-1,-1
322,98,811,368,172,224,1,-1,-1,-1
322,100,639,348,112,188,1,-1,-1,-1
322,101,994,621,252,160,1,-1,-1,-1
322,102,1290,898,168,260,1,-1,-1,-1
322,105,2104,689,284,252,1,-1,-1,-1
322,107,1906,504,152,216,1,-1,-1,-1
322,110,1484,453,228,200,1,-1,-1,-1
322,111,1394,590,244,292,1,-1,-1,-1
322,113,1869,647,204,248,1,-1,-1,-1
322,114,357,403,196,196,1,-1,-1,-1
322,115,950,31,1610,536,1,-1,-1,-1
322,116,2042,1223,176,217,1,-1,-1,-1
322,117,756,1207,200,228,1,-1,-1,-1
322,118,988,1324,164,116,1,-1,-1,-1
322,119,1192,869,268,340,1,-1,-1,-1
322,120,884,296,272,256,1,-1,-1,-1
322,121,1308,312,176,164,1,-1,-1,-1
322,122,1825,364,180,292,1,-1,-1,-1
322,123,1532,284,188,184,1,-1,-1,-1
323,43,488,884,224,368,1,-1,-1,-1
323,51,439,467,200,224,1,-1,-1,-1
323,67,0,1180,138,260,1,-1,-1,-1
323,92,1807,472,178,145,1,-1,-1,-1
323,98,811,369,172,224,1,-1,-1,-1
323,100,639,348,112,188,1,-1,-1,-1
323,101,993,621,252,160,1,-1,-1,-1
323,102,1283,895,168,260,1,-1,-1,-1
323,105,2100,690,284,252,1,-1,-1,-1
323,107,1906,500,152,216,1,-1,-1,-1
323,110,1484,454,228,200,1,-1,-1,-1
323,111,1390,589,244,292,1,-1,-1,-1
323,113,1869,655,204,248,1,-1,-1,-1
323,114,358,402,196,196,1,-1,-1,-1
323,115,899,18,1661,563,1,-1,-1,-1
323,116,2039,1226,176,214,1,-1,-1,-1
323,117,756,1207,200,228,1,-1,-1,-1
323,118,984,1325,164,115,1,-1,-1,-1
323,119,1188,866,268,340,1,-1,-1,-1
323,120,884,297,272,256,1,-1,-1,-1
323,121,1308,312,176,164,1,-1,-1,-1
323,122,1826,362,180,292,1,-1,-1,-1
323,123,1533,285,188,184,1,-1,-1,-1
324,43,483,870,224,368,1,-1,-1,-1
324,51,440,465,200,224,1,-1,-1,-1
324,67,0,1190,133,250,1,-1,-1,-1
324,92,1808,460,178,145,1,-1,-1,-1
324,98,811,369,172,224,1,-1,-1,-1
324,100,640,347,112,188,1,-1,-1,-1
324,101,983,623,252,160,1,-1,-1,-1
324,102,1272,894,160,248,1,-1,-1,-1
324,105,2104,659,284,252,1,-1,-1,-1
324,107,1904,509,145,206,1,-1,-1,-1
324,110,1483,455,228,200,1,-1,-1,-1
324,111,1382,589,244,292,1,-1,-1,-1
324,113,1863,655,204,248,1,-1,-1,-1
324,114,359,401,196,196,1,-1,-1,-1
324,115,888,17,1672,563,1,-1,-1,-1
324,116,2039,1233,168,207,1,-1,-1,-1
324,117,756,1206,200,228,1,-1,-1,-1
324,118,972,1329,156,111,1,-1,-1,-1
324,119,1180,865,268,340,1,-1,-1,-1
324,120,884,297,272,256,1,-1,-1,-1
324,121,1309,312,176,164,1,-1,-1,-1
324,122,1824,355,189,307,1,-1,-1,-1
324,123,1533,285,188,184,1,-1,-1,-1
325,43,473,860,224,368,1,-1,-1,-1
325,51,440,464,200,224,1,-1,-1,-1
325,67,0,1200,127,240,1,-1,-1,-1
325,92,1785,491,178,145,1,-1,-1,-1
325,98,811,368,172,224,1,-1,-1,-1
325,100,639,347,112,188,1,-1,-1,-1
325,101,962,637,252,160,1,-1,-1,-1
325,102,1269,898,152,236,1,-1,-1,-1
325,105,2100,633,284,252,1,-1,-1,-1
325,107,1901,503,145,206,1,-1,-1,-1
325,110,1482,456,228,200,1,-1,-1,-1
325,111,1374,590,244,292,1,-1,-1,-1
325,113,1842,637,204,248,1,-1,-1,-1
325,114,360,400,196,196,1,-1,-1,-1
325,116,2037,1235,168,205,1,-1,-1,-1
325,117,756,1206,200,228,1,-1,-1,-1
325,118,959,1328,156,112,1,-1,-1,-1
325,119,1175,860,268,340,1,-1,-1,-1
325,120,884,297,272,256,1,-1,-1,-1
325,121,1309,312,176,164,1,-1,-1,-1
325,122,1827,355,189,307,1,-1,-1,-1
325,123,1533,285,188,184,1,-1,-1,-1
326,43,477,862,213,350,1,-1,-1,-1
326,51,441,464,200,224,1,-1,-1,-1
326,67,0,1211,115,229,1,-1,-1,-1
326,98,811,368,172,224,1,-1,-1,-1
326,100,639,346,112,188,1,-1,-1,-1
326,101,959,636,252,160,1,-1,-1,-1
326,102,1261,896,152,236,1,-1,-1,-1
326,105,2092,618,298,265,1,-1,-1,-1
326,107,1877,503,152,216,1,-1,-1,-1
326,110,1482,456,228,200,1,-1,-1,-1
326,111,1372,586,244,292,1,-1,-1,-1
326,113,1831,635,214,260,1,-1,-1,-1
326,114,360,400,196,196,1,-1,-1,-1
326,116,2036,1233,168,207,1,-1,-1,-1
326,117,757,1206,200,228,1,-1,-1,-1
326,118,960,1326,156,114,1,-1,-1,-1
326,119,1168,854,268,340,1,-1,-1,-1
326,120,885,296,272,256,1,-1,-1,-1
326,121,1308,312,176,164,1,-1,-1,-1
326,122,1826,353,189,307,1,-1,-1,-1
326,123,1533,285,188,184,1,-1,-1,-1
