1,0,0,664,988,764,1,-1,-1,-1
1,1,912,900,92,116,1,-1,-1,-1
1,2,1732,812,200,132,1,-1,-1,-1
1,3,1976,912,52,112,1,-1,-1,-1
1,4,1568,820,128,80,1,-1,-1,-1
1,5,1112,880,52,112,1,-1,-1,-1
1,6,1952,820,188,100,1,-1,-1,-1
1,7,1512,912,64,112,1,-1,-1,-1
1,8,1424,876,48,100,1,-1,-1,-1
1,9,1320,828,100,52,1,-1,-1,-1
2,0,1,664,988,764,1,-1,-1,-1
2,1,912,900,92,116,1,-1,-1,-1
2,2,1732,812,200,132,1,-1,-1,-1
2,3,1977,912,52,112,1,-1,-1,-1
2,4,1568,820,128,80,1,-1,-1,-1
2,5,1113,880,52,112,1,-1,-1,-1
2,6,1952,820,188,100,1,-1,-1,-1
2,7,1512,912,64,112,1,-1,-1,-1
2,8,1424,876,48,100,1,-1,-1,-1
2,9,1320,828,100,52,1,-1,-1,-1
3,0,4,662,988,764,1,-1,-1,-1
3,1,912,901,92,116,1,-1,-1,-1
3,2,1732,811,200,132,1,-1,-1,-1
3,3,1979,913,52,112,1,-1,-1,-1
3,4,1568,820,128,80,1,-1,-1,-1
3,5,1114,880,52,112,1,-1,-1,-1
3,6,1952,821,188,100,1,-1,-1,-1
3,7,1513,913,64,112,1,-1,-1,-1
3,8,1425,876,48,100,1,-1,-1,-1
3,9,1320,828,100,52,1,-1,-1,-1
4,0,3,665,988,764,1,-1,-1,-1
4,1,913,902,92,116,1,-1,-1,-1
4,2,1732,812,200,132,1,-1,-1,-1
4,3,1980,913,52,112,1,-1,-1,-1
4,4,1568,820,128,80,1,-1,-1,-1
4,5,1116,880,52,112,1,-1,-1,-1
4,6,1953,821,188,100,1,-1,-1,-1
4,7,1514,913,64,112,1,-1,-1,-1
4,8,1426,876,48,100,1,-1,-1,-1
4,9,1320,828,100,52,1,-1,-1,-1
5,0,4,664,988,764,1,-1,-1,-1
5,1,913,903,92,116,1,-1,-1,-1
5,2,1732,812,200,132,1,-1,-1,-1
5,3,1981,914,52,112,1,-1,-1,-1
5,4,1568,820,128,80,1,-1,-1,-1
5,5,1117,880,52,112,1,-1,-1,-1
5,6,1953,821,188,100,1,-1,-1,-1
5,7,1515,913,64,112,1,-1,-1,-1
5,8,1427,877,48,100,1,-1,-1,-1
5,9,1321,828,100,52,1,-1,-1,-1
6,0,3,662,988,764,1,-1,-1,-1
6,1,913,903,92,116,1,-1,-1,-1
6,2,1732,812,200,132,1,-1,-1,-1
6,3,1982,913,52,112,1,-1,-1,-1
6,4,1568,821,128,80,1,-1,-1,-1
6,5,1117,879,52,112,1,-1,-1,-1
6,6,1952,821,188,100,1,-1,-1,-1
6,7,1516,914,64,112,1,-1,-1,-1
6,8,1428,877,48,100,1,-1,-1,-1
6,9,1320,828,100,52,1,-1,-1,-1
7,0,4,661,988,764,1,-1,-1,-1
7,1,914,903,92,116,1,-1,-1,-1
7,2,1732,812,200,132,1,-1,-1,-1
7,3,1983,914,52,112,1,-1,-1,-1
7,4,1568,820,128,80,1,-1,-1,-1
7,5,1118,879,52,112,1,-1,-1,-1
7,6,1952,821,188,100,1,-1,-1,-1
7,7,1516,915,64,112,1,-1,-1,-1
7,8,1429,877,48,100,1,-1,-1,-1
7,9,1321,828,100,52,1,-1,-1,-1
8,0,4,664,988,764,1,-1,-1,-1
8,1,914,903,92,116,1,-1,-1,-1
8,2,1732,812,200,132,1,-1,-1,-1
8,3,1984,914,52,112,1,-1,-1,-1
8,4,1568,820,128,80,1,-1,-1,-1
8,5,1119,879,52,112,1,-1,-1,-1
8,6,1953,821,188,100,1,-1,-1,-1
8,7,1516,915,64,112,1,-1,-1,-1
8,8,1430,877,48,100,1,-1,-1,-1
8,9,1321,828,100,52,1,-1,-1,-1
9,0,0,664,988,764,1,-1,-1,-1
9,1,920,908,96,104,1,-1,-1,-1
9,2,1732,812,200,128,1,-1,-1,-1
9,3,1988,916,48,108,1,-1,-1,-1
9,4,1568,820,128,80,1,-1,-1,-1
9,5,1120,876,52,116,1,-1,-1,-1
9,6,1952,820,188,100,1,-1,-1,-1
9,7,1520,920,60,104,1,-1,-1,-1
9,8,1428,884,44,92,1,-1,-1,-1
9,9,1324,828,96,52,1,-1,-1,-1
9,10,1108,828,116,40,1,-1,-1,-1
10,0,0,664,987,764,1,-1,-1,-1
10,1,920,908,96,104,1,-1,-1,-1
10,2,1732,812,200,128,1,-1,-1,-1
10,3,1989,916,48,108,1,-1,-1,-1
10,4,1568,820,128,80,1,-1,-1,-1
10,5,1120,876,52,116,1,-1,-1,-1
10,6,1952,820,188,100,1,-1,-1,-1
10,7,1520,920,60,104,1,-1,-1,-1
10,8,1429,884,44,92,1,-1,-1,-1
10,9,1324,828,96,52,1,-1,-1,-1
10,10,1108,828,116,40,1,-1,-1,-1
11,0,0,663,987,764,1,-1,-1,-1
11,1,921,909,96,104,1,-1,-1,-1
11,2,1732,812,200,128,1,-1,-1,-1
11,3,1990,916,48,108,1,-1,-1,-1
11,4,1569,820,128,80,1,-1,-1,-1
11,5,1121,876,52,116,1,-1,-1,-1
11,6,1952,820,188,100,1,-1,-1,-1
11,7,1521,921,60,104,1,-1,-1,-1
11,8,1430,885,44,92,1,-1,-1,-1
11,9,1324,828,96,52,1,-1,-1,-1
11,10,1108,828,116,40,1,-1,-1,-1
12,0,0,664,987,764,1,-1,-1,-1
12,1,922,910,96,104,1,-1,-1,-1
12,2,1731,812,200,128,1,-1,-1,-1
12,3,1991,916,48,108,1,-1,-1,-1
12,4,1569,820,128,80,1,-1,-1,-1
12,5,1122,877,52,116,1,-1,-1,-1
12,6,1953,821,188,100,1,-1,-1,-1
12,7,1522,921,60,104,1,-1,-1,-1
12,8,1431,885,44,92,1,-1,-1,-1
12,9,1324,828,96,52,1,-1,-1,-1
12,10,1109,828,116,40,1,-1,-1,-1
13,0,0,664,986,764,1,-1,-1,-1
13,1,924,913,91,99,1,-1,-1,-1
13,2,1731,813,200,128,1,-1,-1,-1
13,3,1992,917,48,108,1,-1,-1,-1
13,4,1569,820,128,80,1,-1,-1,-1
13,5,1124,877,52,116,1,-1,-1,-1
13,6,1953,821,188,100,1,-1,-1,-1
13,7,1523,921,60,104,1,-1,-1,-1
13,8,1432,885,44,92,1,-1,-1,-1
13,9,1325,828,96,52,1,-1,-1,-1
13,10,1109,828,116,40,1,-1,-1,-1
14,0,0,665,987,764,1,-1,-1,-1
14,1,925,913,91,99,1,-1,-1,-1
14,2,1731,812,200,128,1,-1,-1,-1
14,3,1993,918,48,108,1,-1,-1,-1
14,4,1569,821,128,80,1,-1,-1,-1
14,5,1126,877,52,116,1,-1,-1,-1
14,6,1953,821,188,100,1,-1,-1,-1
14,7,1523,921,60,104,1,-1,-1,-1
14,8,1433,885,44,92,1,-1,-1,-1
14,9,1324,828,96,52,1,-1,-1,-1
14,10,1108,828,116,40,1,-1,-1,-1
15,0,3,665,988,764,1,-1,-1,-1
15,1,925,914,91,99,1,-1,-1,-1
15,2,1731,812,200,128,1,-1,-1,-1
15,3,1994,918,48,108,1,-1,-1,-1
15,4,1568,820,128,80,1,-1,-1,-1
15,5,1127,877,52,116,1,-1,-1,-1
15,6,1953,821,188,100,1,-1,-1,-1
15,7,1524,922,60,104,1,-1,-1,-1
15,8,1434,885,44,92,1,-1,-1,-1
15,9,1324,828,96,52,1,-1,-1,-1
15,10,1109,828,116,40,1,-1,-1,-1
16,0,3,663,988,764,1,-1,-1,-1
16,1,926,914,91,99,1,-1,-1,-1
16,2,1731,812,200,128,1,-1,-1,-1
16,3,1996,918,48,108,1,-1,-1,-1
16,4,1569,820,128,80,1,-1,-1,-1
16,5,1129,877,52,116,1,-1,-1,-1
16,6,1953,821,188,100,1,-1,-1,-1
16,7,1525,922,60,104,1,-1,-1,-1
16,8,1436,886,44,92,1,-1,-1,-1
16,9,1324,828,96,52,1,-1,-1,-1
16,10,1109,828,116,40,1,-1,-1,-1
17,0,0,664,984,764,1,-1,-1,-1
17,1,912,912,116,100,1,-1,-1,-1
17,2,1732,812,200,128,1,-1,-1,-1
17,3,1996,918,48,108,1,-1,-1,-1
17,4,1572,820,128,80,1,-1,-1,-1
17,5,1136,876,52,116,1,-1,-1,-1
17,6,1952,820,188,100,1,-1,-1,-1
17,7,1532,916,52,108,1,-1,-1,-1
17,8,1432,880,60,100,1,-1,-1,-1
17,9,1324,828,96,52,1,-1,-1,-1
17,10,1112,828,112,40,1,-1,-1,-1
18,0,0,664,984,764,1,-1,-1,-1
18,1,912,912,116,100,1,-1,-1,-1
18,2,1732,812,200,128,1,-1,-1,-1
18,3,2000,918,48,108,1,-1,-1,-1
18,4,1572,820,128,80,1,-1,-1,-1
18,5,1137,876,52,116,1,-1,-1,-1
18,6,1952,820,188,100,1,-1,-1,-1
18,7,1532,916,52,108,1,-1,-1,-1
18,8,1433,880,60,100,1,-1,-1,-1
18,9,1324,828,96,52,1,-1,-1,-1
18,10,1112,828,112,40,1,-1,-1,-1
19,0,0,663,983,764,1,-1,-1,-1
19,1,914,914,116,100,1,-1,-1,-1
19,2,1733,813,200,128,1,-1,-1,-1
19,3,2001,919,48,108,1,-1,-1,-1
19,4,1572,820,128,80,1,-1,-1,-1
19,5,1138,877,52,116,1,-1,-1,-1
19,6,1952,820,188,100,1,-1,-1,-1
19,7,1533,916,52,108,1,-1,-1,-1
19,8,1434,881,60,100,1,-1,-1,-1
19,9,1325,828,96,52,1,-1,-1,-1
19,10,1112,828,112,40,1,-1,-1,-1
20,0,0,664,983,764,1,-1,-1,-1
20,1,915,914,116,100,1,-1,-1,-1
20,2,1733,813,200,128,1,-1,-1,-1
20,3,2004,919,48,108,1,-1,-1,-1
20,4,1572,820,128,80,1,-1,-1,-1
20,5,1140,877,52,116,1,-1,-1,-1
20,6,1953,821,188,100,1,-1,-1,-1
20,7,1533,917,52,108,1,-1,-1,-1
20,8,1435,881,60,100,1,-1,-1,-1
20,9,1325,828,96,52,1,-1,-1,-1
20,10,1112,828,112,40,1,-1,-1,-1
21,0,0,665,983,764,1,-1,-1,-1
21,1,916,915,116,100,1,-1,-1,-1
21,2,1733,813,200,128,1,-1,-1,-1
21,3,2007,918,48,108,1,-1,-1,-1
21,4,1572,820,128,80,1,-1,-1,-1
21,5,1141,877,52,116,1,-1,-1,-1
21,6,1953,821,188,100,1,-1,-1,-1
21,7,1534,917,52,108,1,-1,-1,-1
21,8,1436,881,60,100,1,-1,-1,-1
21,9,1325,828,96,52,1,-1,-1,-1
21,10,1112,828,112,40,1,-1,-1,-1
22,0,0,665,983,764,1,-1,-1,-1
22,1,917,916,116,100,1,-1,-1,-1
22,2,1733,813,200,128,1,-1,-1,-1
22,3,2010,917,48,108,1,-1,-1,-1
22,4,1572,821,128,80,1,-1,-1,-1
22,5,1143,876,52,116,1,-1,-1,-1
22,6,1953,821,188,100,1,-1,-1,-1
22,7,1535,918,52,108,1,-1,-1,-1
22,8,1437,882,60,100,1,-1,-1,-1
22,9,1325,828,96,52,1,-1,-1,-1
22,10,1112,828,112,40,1,-1,-1,-1
23,0,0,665,983,764,1,-1,-1,-1
23,1,918,916,116,100,1,-1,-1,-1
23,2,1733,813,200,128,1,-1,-1,-1
23,3,2013,916,48,108,1,-1,-1,-1
23,4,1572,821,128,80,1,-1,-1,-1
23,5,1145,876,52,116,1,-1,-1,-1
23,6,1953,821,188,100,1,-1,-1,-1
23,7,1536,917,52,108,1,-1,-1,-1
23,8,1438,883,60,100,1,-1,-1,-1
23,9,1325,828,96,52,1,-1,-1,-1
23,10,1112,829,112,40,1,-1,-1,-1
24,0,0,665,982,764,1,-1,-1,-1
24,1,919,917,116,100,1,-1,-1,-1
24,2,1733,813,200,128,1,-1,-1,-1
24,3,2015,915,48,108,1,-1,-1,-1
24,4,1572,821,128,80,1,-1,-1,-1
24,5,1146,876,52,116,1,-1,-1,-1
24,6,1953,821,188,100,1,-1,-1,-1
24,7,1537,918,52,108,1,-1,-1,-1
24,8,1439,883,60,100,1,-1,-1,-1
24,9,1325,828,96,52,1,-1,-1,-1
24,10,1113,829,112,40,1,-1,-1,-1
25,0,0,664,984,764,1,-1,-1,-1
25,1,919,917,116,100,1,-1,-1,-1
25,2,1732,812,200,128,1,-1,-1,-1
25,3,2024,912,48,112,1,-1,-1,-1
25,4,1572,820,128,80,1,-1,-1,-1
25,5,1152,872,48,116,1,-1,-1,-1
25,6,1952,816,192,104,1,-1,-1,-1
25,7,1548,920,64,108,1,-1,-1,-1
25,8,1448,884,48,100,1,-1,-1,-1
25,9,1324,828,96,52,1,-1,-1,-1
25,10,1112,828,108,40,1,-1,-1,-1
25,11,1424,832,92,72,1,-1,-1,-1
26,0,0,664,984,764,1,-1,-1,-1
26,1,921,919,116,100,1,-1,-1,-1
26,2,1732,812,200,128,1,-1,-1,-1
26,3,2025,912,48,112,1,-1,-1,-1
26,4,1572,820,128,80,1,-1,-1,-1
26,5,1153,872,48,116,1,-1,-1,-1
26,6,1952,816,192,104,1,-1,-1,-1
26,7,1549,920,64,108,1,-1,-1,-1
26,8,1448,885,48,100,1,-1,-1,-1
26,9,1324,828,96,52,1,-1,-1,-1
26,10,1112,828,108,40,1,-1,-1,-1
26,11,1424,832,92,72,1,-1,-1,-1
27,0,0,664,983,764,1,-1,-1,-1
27,1,922,919,116,100,1,-1,-1,-1
27,2,1732,812,200,128,1,-1,-1,-1
27,3,2026,913,48,112,1,-1,-1,-1
27,4,1573,821,128,80,1,-1,-1,-1
27,5,1155,872,48,116,1,-1,-1,-1
27,6,1952,816,192,104,1,-1,-1,-1
27,7,1551,920,64,108,1,-1,-1,-1
27,8,1449,885,48,100,1,-1,-1,-1
27,9,1324,828,96,52,1,-1,-1,-1
27,10,1115,829,103,38,1,-1,-1,-1
27,11,1425,832,92,72,1,-1,-1,-1
28,0,0,664,983,764,1,-1,-1,-1
28,1,925,919,116,100,1,-1,-1,-1
28,2,1732,812,200,128,1,-1,-1,-1
28,3,2028,912,48,112,1,-1,-1,-1
28,4,1573,821,128,80,1,-1,-1,-1
28,5,1156,873,48,116,1,-1,-1,-1
28,6,1953,816,192,104,1,-1,-1,-1
28,7,1553,921,64,108,1,-1,-1,-1
28,8,1450,885,48,100,1,-1,-1,-1
28,9,1324,828,96,52,1,-1,-1,-1
28,10,1115,829,103,38,1,-1,-1,-1
28,11,1425,832,92,72,1,-1,-1,-1
29,0,0,664,984,764,1,-1,-1,-1
29,1,930,919,116,100,1,-1,-1,-1
29,2,1732,812,200,128,1,-1,-1,-1
29,3,2030,912,48,112,1,-1,-1,-1
29,4,1572,821,128,80,1,-1,-1,-1
29,5,1158,874,48,116,1,-1,-1,-1
29,6,1953,816,192,104,1,-1,-1,-1
29,7,1556,920,64,108,1,-1,-1,-1
29,8,1451,886,48,100,1,-1,-1,-1
29,9,1324,828,96,52,1,-1,-1,-1
29,10,1116,829,103,38,1,-1,-1,-1
29,11,1425,833,92,72,1,-1,-1,-1
30,0,0,664,983,764,1,-1,-1,-1
30,1,937,920,116,100,1,-1,-1,-1
30,2,1733,813,200,128,1,-1,-1,-1
30,3,2032,912,48,112,1,-1,-1,-1
30,4,1572,821,128,80,1,-1,-1,-1
30,5,1160,875,48,116,1,-1,-1,-1
30,6,1953,816,192,104,1,-1,-1,-1
30,7,1559,920,64,108,1,-1,-1,-1
30,8,1451,886,48,100,1,-1,-1,-1
30,9,1324,828,96,52,1,-1,-1,-1
30,10,1115,829,103,38,1,-1,-1,-1
30,11,1425,833,92,72,1,-1,-1,-1
31,0,0,664,984,764,1,-1,-1,-1
31,1,946,921,116,100,1,-1,-1,-1
31,2,1733,812,200,128,1,-1,-1,-1
31,3,2034,913,48,112,1,-1,-1,-1
31,4,1572,821,128,80,1,-1,-1,-1
31,5,1162,875,48,116,1,-1,-1,-1
31,6,1953,817,192,104,1,-1,-1,-1
31,7,1561,920,64,108,1,-1,-1,-1
31,8,1452,886,48,100,1,-1,-1,-1
31,9,1324,828,96,52,1,-1,-1,-1
31,10,1116,829,103,38,1,-1,-1,-1
31,11,1426,833,92,72,1,-1,-1,-1
32,0,0,663,984,764,1,-1,-1,-1
32,2,1733,812,200,128,1,-1,-1,-1
32,3,2037,913,48,112,1,-1,-1,-1
32,4,1572,821,128,80,1,-1,-1,-1
32,5,1163,876,48,116,1,-1,-1,-1
32,6,1953,817,192,104,1,-1,-1,-1
32,7,1564,920,64,108,1,-1,-1,-1
32,8,1453,886,48,100,1,-1,-1,-1
32,9,1324,828,96,52,1,-1,-1,-1
32,10,1115,829,103,38,1,-1,-1,-1
32,11,1424,831,97,76,1,-1,-1,-1
33,0,0,664,984,764,1,-1,-1,-1
33,2,1732,812,200,128,1,-1,-1,-1
33,3,2040,916,52,112,1,-1,-1,-1
33,4,1572,820,128,80,1,-1,-1,-1
33,5,1168,876,48,116,1,-1,-1,-1
33,6,1952,820,188,100,1,-1,-1,-1
33,7,1556,920,56,108,1,-1,-1,-1
33,8,1452,888,44,96,1,-1,-1,-1
33,9,1324,828,96,52,1,-1,-1,-1
33,10,1112,828,120,40,1,-1,-1,-1
33,11,1424,832,96,72,1,-1,-1,-1
34,0,0,664,984,764,1,-1,-1,-1
34,2,1732,812,200,128,1,-1,-1,-1
34,3,2041,916,52,112,1,-1,-1,-1
34,4,1572,820,128,80,1,-1,-1,-1
34,5,1169,876,48,116,1,-1,-1,-1
34,6,1952,820,188,100,1,-1,-1,-1
34,7,1557,920,56,108,1,-1,-1,-1
34,8,1452,888,44,96,1,-1,-1,-1
34,9,1324,828,96,52,1,-1,-1,-1
34,10,1112,828,120,40,1,-1,-1,-1
34,11,1424,832,96,72,1,-1,-1,-1
35,0,0,664,984,764,1,-1,-1,-1
35,2,1732,812,200,128,1,-1,-1,-1
35,3,2043,917,52,112,1,-1,-1,-1
35,4,1573,820,128,80,1,-1,-1,-1
35,5,1169,876,48,116,1,-1,-1,-1
35,6,1952,820,188,100,1,-1,-1,-1
35,7,1560,920,56,108,1,-1,-1,-1
35,8,1452,888,44,96,1,-1,-1,-1
35,9,1324,828,96,52,1,-1,-1,-1
35,10,1112,828,120,40,1,-1,-1,-1
35,11,1424,833,96,72,1,-1,-1,-1
36,0,0,664,983,764,1,-1,-1,-1
36,2,1732,812,200,128,1,-1,-1,-1
36,3,2044,917,52,112,1,-1,-1,-1
36,4,1573,820,128,80,1,-1,-1,-1
36,5,1171,876,48,116,1,-1,-1,-1
36,6,1953,820,188,100,1,-1,-1,-1
36,7,1563,921,56,108,1,-1,-1,-1
36,8,1452,888,44,96,1,-1,-1,-1
36,9,1324,828,96,52,1,-1,-1,-1
36,10,1112,828,120,40,1,-1,-1,-1
36,11,1425,833,96,72,1,-1,-1,-1
37,0,0,664,983,764,1,-1,-1,-1
37,2,1733,812,200,128,1,-1,-1,-1
37,3,2046,917,52,112,1,-1,-1,-1
37,4,1572,820,128,80,1,-1,-1,-1
37,5,1172,876,48,116,1,-1,-1,-1
37,6,1953,820,188,100,1,-1,-1,-1
37,7,1566,921,56,108,1,-1,-1,-1
37,8,1453,889,44,96,1,-1,-1,-1
37,9,1324,828,96,52,1,-1,-1,-1
37,10,1112,828,120,40,1,-1,-1,-1
37,11,1425,833,96,72,1,-1,-1,-1
38,0,0,666,982,764,1,-1,-1,-1
38,2,1733,813,200,128,1,-1,-1,-1
38,3,2047,918,52,112,1,-1,-1,-1
38,4,1572,820,128,80,1,-1,-1,-1
38,5,1173,876,48,116,1,-1,-1,-1
38,6,1953,820,188,100,1,-1,-1,-1
38,7,1569,922,56,108,1,-1,-1,-1
38,8,1454,889,44,96,1,-1,-1,-1
38,9,1324,828,96,52,1,-1,-1,-1
38,10,1112,828,120,40,1,-1,-1,-1
38,11,1425,833,96,72,1,-1,-1,-1
39,0,0,665,981,764,1,-1,-1,-1
39,2,1733,813,200,128,1,-1,-1,-1
39,3,2048,918,52,112,1,-1,-1,-1
39,4,1572,820,128,80,1,-1,-1,-1
39,5,1174,876,48,116,1,-1,-1,-1
39,6,1953,821,188,100,1,-1,-1,-1
39,7,1572,923,56,108,1,-1,-1,-1
39,8,1455,890,44,96,1,-1,-1,-1
39,9,1324,828,96,52,1,-1,-1,-1
39,10,1112,828,120,40,1,-1,-1,-1
39,11,1425,833,96,72,1,-1,-1,-1
40,0,0,666,983,764,1,-1,-1,-1
40,2,1733,813,200,128,1,-1,-1,-1
40,3,2049,918,52,112,1,-1,-1,-1
40,4,1572,820,128,80,1,-1,-1,-1
40,5,1175,876,48,116,1,-1,-1,-1
40,6,1953,821,188,100,1,-1,-1,-1
40,7,1575,923,56,108,1,-1,-1,-1
40,8,1456,891,44,96,1,-1,-1,-1
40,9,1324,828,96,52,1,-1,-1,-1
40,10,1113,828,120,40,1,-1,-1,-1
40,11,1425,833,96,72,1,-1,-1,-1
41,0,0,664,984,764,1,-1,-1,-1
41,2,1732,812,200,128,1,-1,-1,-1
41,3,2052,912,52,116,1,-1,-1,-1
41,4,1572,820,124,80,1,-1,-1,-1
41,5,1176,872,44,116,1,-1,-1,-1
41,6,1956,820,192,104,1,-1,-1,-1
41,7,1576,928,76,108,1,-1,-1,-1
41,8,1464,892,56,96,1,-1,-1,-1
41,9,1324,828,96,52,1,-1,-1,-1
41,10,1112,824,112,40,1,-1,-1,-1
41,11,1424,832,92,72,1,-1,-1,-1
42,0,0,664,984,764,1,-1,-1,-1
42,2,1732,812,200,128,1,-1,-1,-1
42,3,2052,912,52,116,1,-1,-1,-1
42,4,1572,820,124,80,1,-1,-1,-1
42,5,1176,872,44,116,1,-1,-1,-1
42,6,1956,820,192,104,1,-1,-1,-1
42,7,1577,928,76,108,1,-1,-1,-1
42,8,1464,892,56,96,1,-1,-1,-1
42,9,1324,828,96,52,1,-1,-1,-1
42,10,1112,824,112,40,1,-1,-1,-1
42,11,1424,832,92,72,1,-1,-1,-1
43,0,0,665,983,764,1,-1,-1,-1
43,2,1733,813,200,128,1,-1,-1,-1
43,3,2053,912,52,116,1,-1,-1,-1
43,4,1572,820,124,80,1,-1,-1,-1
43,5,1178,872,44,116,1,-1,-1,-1
43,6,1956,820,192,104,1,-1,-1,-1
43,7,1579,928,76,108,1,-1,-1,-1
43,8,1466,893,56,96,1,-1,-1,-1
43,9,1324,828,96,52,1,-1,-1,-1
43,10,1113,824,112,40,1,-1,-1,-1
43,11,1424,832,92,72,1,-1,-1,-1
44,0,0,666,983,764,1,-1,-1,-1
44,2,1733,812,200,128,1,-1,-1,-1
44,3,2054,912,52,116,1,-1,-1,-1
44,4,1573,820,124,80,1,-1,-1,-1
44,5,1179,873,44,116,1,-1,-1,-1
44,6,1956,820,192,104,1,-1,-1,-1
44,7,1581,928,76,108,1,-1,-1,-1
44,8,1467,893,56,96,1,-1,-1,-1
44,9,1324,828,96,52,1,-1,-1,-1
44,10,1112,824,112,40,1,-1,-1,-1
44,11,1425,833,92,72,1,-1,-1,-1
45,0,0,667,982,764,1,-1,-1,-1
45,2,1733,812,200,128,1,-1,-1,-1
45,3,2055,912,52,116,1,-1,-1,-1
45,4,1573,820,124,80,1,-1,-1,-1
45,5,1180,874,44,116,1,-1,-1,-1
45,6,1956,820,192,104,1,-1,-1,-1
45,7,1582,928,76,108,1,-1,-1,-1
45,8,1467,892,59,101,1,-1,-1,-1
45,9,1324,828,96,52,1,-1,-1,-1
45,10,1112,824,112,40,1,-1,-1,-1
45,11,1425,833,92,72,1,-1,-1,-1
46,0,0,668,982,764,1,-1,-1,-1
46,2,1733,812,200,128,1,-1,-1,-1
46,3,2056,912,52,116,1,-1,-1,-1
46,4,1573,820,124,80,1,-1,-1,-1
46,5,1182,874,44,116,1,-1,-1,-1
46,6,1956,820,192,104,1,-1,-1,-1
46,7,1583,928,76,108,1,-1,-1,-1
46,8,1468,891,59,101,1,-1,-1,-1
46,9,1324,828,96,52,1,-1,-1,-1
46,10,1112,824,112,40,1,-1,-1,-1
46,11,1425,833,92,72,1,-1,-1,-1
47,0,0,666,984,764,1,-1,-1,-1
47,2,1733,812,200,128,1,-1,-1,-1
47,3,2056,912,52,116,1,-1,-1,-1
47,4,1573,820,124,80,1,-1,-1,-1
47,5,1183,874,44,116,1,-1,-1,-1
47,6,1956,820,192,104,1,-1,-1,-1
47,7,1584,927,76,108,1,-1,-1,-1
47,8,1469,892,59,101,1,-1,-1,-1
47,9,1324,828,96,52,1,-1,-1,-1
47,10,1112,824,112,40,1,-1,-1,-1
47,11,1425,834,92,72,1,-1,-1,-1
48,0,0,665,983,764,1,-1,-1,-1
48,2,1733,812,200,128,1,-1,-1,-1
48,3,2057,912,52,116,1,-1,-1,-1
48,4,1573,820,124,80,1,-1,-1,-1
48,5,1185,875,44,116,1,-1,-1,-1
48,6,1956,820,192,104,1,-1,-1,-1
48,7,1585,928,76,108,1,-1,-1,-1
48,8,1471,893,59,101,1,-1,-1,-1
48,9,1324,828,96,52,1,-1,-1,-1
48,10,1112,824,112,40,1,-1,-1,-1
48,11,1425,834,92,72,1,-1,-1,-1
49,0,0,664,984,764,1,-1,-1,-1
49,2,1732,812,200,128,1,-1,-1,-1
49,3,2064,908,56,116,1,-1,-1,-1
49,4,1572,820,124,80,1,-1,-1,-1
49,5,1192,872,56,120,1,-1,-1,-1
49,6,1952,820,188,96,1,-1,-1,-1
49,7,1596,924,52,108,1,-1,-1,-1
49,8,1472,892,64,100,1,-1,-1,-1
49,9,1320,828,100,52,1,-1,-1,-1
49,10,1112,824,112,40,1,-1,-1,-1
49,11,1424,832,96,76,1,-1,-1,-1
50,0,0,664,984,764,1,-1,-1,-1
50,2,1732,812,200,128,1,-1,-1,-1
50,3,2065,908,56,116,1,-1,-1,-1
50,4,1572,820,124,80,1,-1,-1,-1
50,5,1193,872,56,120,1,-1,-1,-1
50,6,1952,820,188,96,1,-1,-1,-1
50,7,1597,925,52,108,1,-1,-1,-1
50,8,1473,892,64,100,1,-1,-1,-1
50,9,1320,828,100,52,1,-1,-1,-1
50,10,1112,824,112,40,1,-1,-1,-1
50,11,1424,832,96,76,1,-1,-1,-1
51,0,0,664,983,764,1,-1,-1,-1
51,2,1733,812,200,128,1,-1,-1,-1
51,3,2066,909,56,116,1,-1,-1,-1
51,4,1572,820,124,80,1,-1,-1,-1
51,5,1195,872,56,120,1,-1,-1,-1
51,6,1952,820,188,96,1,-1,-1,-1
51,7,1598,925,52,108,1,-1,-1,-1
51,8,1474,893,64,100,1,-1,-1,-1
51,9,1320,828,100,52,1,-1,-1,-1
51,10,1112,824,112,40,1,-1,-1,-1
51,11,1424,832,96,76,1,-1,-1,-1
52,0,0,664,983,764,1,-1,-1,-1
52,2,1733,812,200,128,1,-1,-1,-1
52,3,2067,909,56,116,1,-1,-1,-1
52,4,1573,821,124,80,1,-1,-1,-1
52,5,1196,871,56,120,1,-1,-1,-1
52,6,1952,820,188,96,1,-1,-1,-1
52,7,1600,926,52,108,1,-1,-1,-1
52,8,1475,893,64,100,1,-1,-1,-1
52,9,1320,829,100,52,1,-1,-1,-1
52,10,1112,824,112,40,1,-1,-1,-1
52,11,1425,832,96,76,1,-1,-1,-1
53,0,0,666,982,764,1,-1,-1,-1
53,2,1733,812,200,128,1,-1,-1,-1
53,3,2068,910,56,116,1,-1,-1,-1
53,4,1573,820,124,80,1,-1,-1,-1
53,5,1198,871,56,120,1,-1,-1,-1
53,6,1953,820,188,96,1,-1,-1,-1
53,7,1602,926,52,108,1,-1,-1,-1
53,8,1477,893,64,100,1,-1,-1,-1
53,9,1320,829,100,52,1,-1,-1,-1
53,10,1112,824,112,40,1,-1,-1,-1
53,11,1425,832,96,76,1,-1,-1,-1
54,0,0,666,982,764,1,-1,-1,-1
54,2,1733,812,200,128,1,-1,-1,-1
54,3,2069,911,56,116,1,-1,-1,-1
54,4,1573,820,124,80,1,-1,-1,-1
54,5,1199,871,56,120,1,-1,-1,-1
54,6,1953,820,188,96,1,-1,-1,-1
54,7,1604,926,52,108,1,-1,-1,-1
54,8,1477,893,64,100,1,-1,-1,-1
54,9,1320,829,100,52,1,-1,-1,-1
54,10,1112,824,112,40,1,-1,-1,-1
54,11,1425,832,96,76,1,-1,-1,-1
55,0,0,666,982,764,1,-1,-1,-1
55,2,1733,812,200,128,1,-1,-1,-1
55,3,2070,911,56,116,1,-1,-1,-1
55,4,1573,820,124,80,1,-1,-1,-1
55,5,1201,871,56,120,1,-1,-1,-1
55,6,1953,820,188,96,1,-1,-1,-1
55,7,1606,926,52,108,1,-1,-1,-1
55,8,1480,893,64,100,1,-1,-1,-1
55,9,1320,828,100,52,1,-1,-1,-1
55,10,1113,824,112,40,1,-1,-1,-1
55,11,1425,833,96,76,1,-1,-1,-1
56,0,0,665,982,764,1,-1,-1,-1
56,2,1734,813,200,128,1,-1,-1,-1
56,3,2072,911,56,116,1,-1,-1,-1
56,4,1573,820,124,80,1,-1,-1,-1
56,5,1203,871,56,120,1,-1,-1,-1
56,6,1953,820,188,96,1,-1,-1,-1
56,7,1609,926,52,108,1,-1,-1,-1
56,8,1481,894,64,100,1,-1,-1,-1
56,9,1320,828,100,52,1,-1,-1,-1
56,10,1113,825,112,40,1,-1,-1,-1
56,11,1425,833,96,76,1,-1,-1,-1
57,0,0,664,984,764,1,-1,-1,-1
57,2,1732,812,204,128,1,-1,-1,-1
57,3,2072,911,56,116,1,-1,-1,-1
57,4,1572,820,124,80,1,-1,-1,-1
57,5,1204,872,48,116,1,-1,-1,-1
57,6,1952,820,188,96,1,-1,-1,-1
57,7,1609,926,52,108,1,-1,-1,-1
57,8,1492,892,48,96,1,-1,-1,-1
57,9,1320,828,100,52,1,-1,-1,-1
57,10,1113,825,112,40,1,-1,-1,-1
57,11,1424,836,92,80,1,-1,-1,-1
58,0,1,663,984,764,1,-1,-1,-1
58,2,1732,812,204,128,1,-1,-1,-1
58,3,2075,910,56,116,1,-1,-1,-1
58,4,1572,820,124,80,1,-1,-1,-1
58,5,1205,873,48,116,1,-1,-1,-1
58,6,1952,820,188,96,1,-1,-1,-1
58,7,1617,926,52,108,1,-1,-1,-1
58,8,1493,892,48,96,1,-1,-1,-1
58,9,1320,828,100,52,1,-1,-1,-1
58,10,1113,825,112,40,1,-1,-1,-1
58,11,1424,836,92,80,1,-1,-1,-1
59,0,0,663,983,764,1,-1,-1,-1
59,2,1732,812,204,128,1,-1,-1,-1
59,3,2077,909,56,116,1,-1,-1,-1
59,4,1573,821,124,80,1,-1,-1,-1
59,5,1206,874,48,116,1,-1,-1,-1
59,6,1952,821,188,96,1,-1,-1,-1
59,7,1619,923,55,113,1,-1,-1,-1
59,8,1494,893,48,96,1,-1,-1,-1
59,9,1320,829,100,52,1,-1,-1,-1
59,10,1113,825,112,40,1,-1,-1,-1
59,11,1424,836,92,80,1,-1,-1,-1
60,0,0,664,982,764,1,-1,-1,-1
60,2,1732,812,204,128,1,-1,-1,-1
60,3,2079,909,56,116,1,-1,-1,-1
60,4,1572,821,124,80,1,-1,-1,-1
60,5,1208,874,48,116,1,-1,-1,-1
60,6,1952,820,188,96,1,-1,-1,-1
60,7,1622,923,55,113,1,-1,-1,-1
60,8,1495,895,48,96,1,-1,-1,-1
60,9,1320,829,100,52,1,-1,-1,-1
60,10,1113,825,112,40,1,-1,-1,-1
60,11,1424,836,92,80,1,-1,-1,-1
61,0,0,665,983,764,1,-1,-1,-1
61,2,1732,812,204,128,1,-1,-1,-1
61,3,2082,908,56,116,1,-1,-1,-1
61,4,1572,821,124,80,1,-1,-1,-1
61,5,1210,875,48,116,1,-1,-1,-1
61,6,1952,820,188,96,1,-1,-1,-1
61,7,1624,923,55,113,1,-1,-1,-1
61,8,1497,896,48,96,1,-1,-1,-1
61,9,1320,829,100,52,1,-1,-1,-1
61,10,1113,825,112,40,1,-1,-1,-1
61,11,1425,837,92,80,1,-1,-1,-1
62,0,0,666,983,764,1,-1,-1,-1
62,2,1732,812,204,128,1,-1,-1,-1
62,3,2083,903,59,122,1,-1,-1,-1
62,4,1573,821,124,80,1,-1,-1,-1
62,5,1212,875,48,116,1,-1,-1,-1
62,6,1952,820,188,96,1,-1,-1,-1
62,7,1628,923,55,113,1,-1,-1,-1
62,8,1498,897,48,96,1,-1,-1,-1
62,9,1320,829,100,52,1,-1,-1,-1
62,10,1113,825,112,40,1,-1,-1,-1
62,11,1425,837,92,80,1,-1,-1,-1
63,0,0,666,983,764,1,-1,-1,-1
63,2,1732,812,204,128,1,-1,-1,-1
63,3,2086,901,59,122,1,-1,-1,-1
63,4,1573,821,124,80,1,-1,-1,-1
63,5,1214,875,48,116,1,-1,-1,-1
63,6,1952,820,188,96,1,-1,-1,-1
63,7,1630,923,55,113,1,-1,-1,-1
63,8,1500,899,48,96,1,-1,-1,-1
63,9,1320,829,100,52,1,-1,-1,-1
63,10,1113,825,112,40,1,-1,-1,-1
63,11,1425,837,92,80,1,-1,-1,-1
64,0,0,666,984,764,1,-1,-1,-1
64,2,1732,812,204,128,1,-1,-1,-1
64,3,2086,898,62,128,1,-1,-1,-1
64,4,1573,821,124,80,1,-1,-1,-1
64,5,1215,875,48,116,1,-1,-1,-1
64,6,1952,821,188,96,1,-1,-1,-1
64,7,1632,922,55,113,1,-1,-1,-1
64,8,1502,900,48,96,1,-1,-1,-1
64,9,1320,829,100,52,1,-1,-1,-1
64,10,1113,825,112,40,1,-1,-1,-1
64,11,1425,837,92,80,1,-1,-1,-1
65,0,0,664,984,764,1,-1,-1,-1
65,2,1732,812,200,128,1,-1,-1,-1
65,3,2092,892,48,132,1,-1,-1,-1
65,4,1572,820,128,84,1,-1,-1,-1
65,5,1220,872,48,116,1,-1,-1,-1
65,6,1952,820,184,96,1,-1,-1,-1
65,7,1640,928,48,112,1,-1,-1,-1
65,8,1500,896,44,96,1,-1,-1,-1
65,9,1324,828,96,52,1,-1,-1,-1
65,10,1113,825,112,40,1,-1,-1,-1
65,11,1424,832,96,84,1,-1,-1,-1
66,0,0,664,984,764,1,-1,-1,-1
66,2,1732,812,200,128,1,-1,-1,-1
66,3,2093,892,48,132,1,-1,-1,-1
66,4,1572,820,128,84,1,-1,-1,-1
66,5,1220,872,48,116,1,-1,-1,-1
66,6,1952,820,184,96,1,-1,-1,-1
66,7,1641,928,48,112,1,-1,-1,-1
66,8,1500,896,44,96,1,-1,-1,-1
66,9,1324,828,96,52,1,-1,-1,-1
66,10,1113,825,112,40,1,-1,-1,-1
66,11,1424,832,96,84,1,-1,-1,-1
67,0,0,663,984,764,1,-1,-1,-1
67,2,1732,811,200,128,1,-1,-1,-1
67,3,2094,893,48,132,1,-1,-1,-1
67,4,1573,821,128,84,1,-1,-1,-1
67,5,1221,872,48,116,1,-1,-1,-1
67,6,1953,820,184,96,1,-1,-1,-1
67,7,1644,929,48,112,1,-1,-1,-1
67,8,1501,897,44,96,1,-1,-1,-1
67,9,1324,828,96,52,1,-1,-1,-1
67,10,1113,825,112,40,1,-1,-1,-1
67,11,1424,832,96,84,1,-1,-1,-1
68,0,0,663,983,764,1,-1,-1,-1
68,2,1732,812,200,128,1,-1,-1,-1
68,3,2095,893,48,132,1,-1,-1,-1
68,4,1573,821,128,84,1,-1,-1,-1
68,5,1222,872,48,116,1,-1,-1,-1
68,6,1953,820,184,96,1,-1,-1,-1
68,7,1648,930,48,112,1,-1,-1,-1
68,8,1502,897,44,96,1,-1,-1,-1
68,9,1325,828,96,52,1,-1,-1,-1
68,10,1113,825,112,40,1,-1,-1,-1
68,11,1424,832,96,84,1,-1,-1,-1
69,0,0,664,983,764,1,-1,-1,-1
69,2,1732,812,200,128,1,-1,-1,-1
69,3,2096,893,48,132,1,-1,-1,-1
69,4,1573,821,128,84,1,-1,-1,-1
69,5,1223,872,48,116,1,-1,-1,-1
69,6,1953,820,184,96,1,-1,-1,-1
69,7,1651,931,48,112,1,-1,-1,-1
69,8,1503,897,44,96,1,-1,-1,-1
69,9,1325,828,96,52,1,-1,-1,-1
69,10,1113,824,112,40,1,-1,-1,-1
69,11,1424,832,96,84,1,-1,-1,-1
70,0,0,665,984,764,1,-1,-1,-1
70,2,1733,813,200,128,1,-1,-1,-1
70,3,2097,894,48,132,1,-1,-1,-1
70,4,1573,821,128,84,1,-1,-1,-1
70,5,1224,872,48,116,1,-1,-1,-1
70,6,1953,820,184,96,1,-1,-1,-1
70,7,1652,929,50,118,1,-1,-1,-1
70,8,1503,895,46,101,1,-1,-1,-1
70,9,1325,828,96,52,1,-1,-1,-1
70,10,1113,824,112,40,1,-1,-1,-1
70,11,1425,832,96,84,1,-1,-1,-1
71,0,0,665,984,764,1,-1,-1,-1
71,2,1733,813,200,128,1,-1,-1,-1
71,3,2100,898,46,126,1,-1,-1,-1
71,4,1573,821,128,84,1,-1,-1,-1
71,5,1225,872,48,116,1,-1,-1,-1
71,6,1953,820,184,96,1,-1,-1,-1
71,7,1656,929,50,118,1,-1,-1,-1
71,8,1504,894,46,101,1,-1,-1,-1
71,9,1325,828,96,52,1,-1,-1,-1
71,10,1113,824,112,40,1,-1,-1,-1
71,11,1425,832,96,84,1,-1,-1,-1
72,0,0,665,984,764,1,-1,-1,-1
72,2,1733,813,200,128,1,-1,-1,-1
72,3,2101,899,46,126,1,-1,-1,-1
72,4,1573,820,128,84,1,-1,-1,-1
72,5,1226,872,48,116,1,-1,-1,-1
72,6,1953,820,184,96,1,-1,-1,-1
72,7,1658,930,50,118,1,-1,-1,-1
72,8,1505,895,46,101,1,-1,-1,-1
72,9,1324,828,96,52,1,-1,-1,-1
72,10,1113,824,112,40,1,-1,-1,-1
72,11,1425,832,96,84,1,-1,-1,-1
73,0,0,664,984,764,1,-1,-1,-1
73,2,1732,812,204,132,1,-1,-1,-1
73,3,2100,908,48,120,1,-1,-1,-1
73,4,1572,824,124,80,1,-1,-1,-1
73,5,1228,868,48,116,1,-1,-1,-1
73,6,1952,816,184,100,1,-1,-1,-1
73,7,1656,928,64,112,1,-1,-1,-1
73,8,1516,896,48,100,1,-1,-1,-1
73,9,1324,828,96,52,1,-1,-1,-1
73,10,1113,824,112,40,1,-1,-1,-1
73,11,1424,828,100,92,1,-1,-1,-1
74,0,0,664,984,764,1,-1,-1,-1
74,2,1732,812,204,132,1,-1,-1,-1
74,3,2100,908,48,120,1,-1,-1,-1
74,4,1572,824,124,80,1,-1,-1,-1
74,5,1228,868,48,116,1,-1,-1,-1
74,6,1952,816,184,100,1,-1,-1,-1
74,7,1657,928,64,112,1,-1,-1,-1
74,8,1517,897,48,100,1,-1,-1,-1
74,9,1324,828,96,52,1,-1,-1,-1
74,10,1113,824,112,40,1,-1,-1,-1
74,11,1424,828,100,92,1,-1,-1,-1
75,0,0,663,982,764,1,-1,-1,-1
75,2,1733,812,204,132,1,-1,-1,-1
75,3,2101,909,48,120,1,-1,-1,-1
75,4,1572,824,124,80,1,-1,-1,-1
75,5,1229,869,48,116,1,-1,-1,-1
75,6,1952,816,184,100,1,-1,-1,-1
75,7,1658,929,64,112,1,-1,-1,-1
75,8,1518,898,48,100,1,-1,-1,-1
75,9,1324,828,96,52,1,-1,-1,-1
75,10,1113,824,112,40,1,-1,-1,-1
75,11,1424,828,100,92,1,-1,-1,-1
76,0,0,665,982,764,1,-1,-1,-1
76,2,1733,812,204,132,1,-1,-1,-1
76,3,2101,909,48,120,1,-1,-1,-1
76,4,1572,824,124,80,1,-1,-1,-1
76,5,1230,869,48,116,1,-1,-1,-1
76,6,1953,816,184,100,1,-1,-1,-1
76,7,1659,928,64,112,1,-1,-1,-1
76,8,1520,898,48,100,1,-1,-1,-1
76,9,1324,828,96,52,1,-1,-1,-1
76,10,1113,825,112,40,1,-1,-1,-1
76,11,1424,828,100,92,1,-1,-1,-1
77,0,0,665,984,764,1,-1,-1,-1
77,2,1733,812,204,132,1,-1,-1,-1
77,3,2102,909,48,120,1,-1,-1,-1
77,4,1572,824,124,80,1,-1,-1,-1
77,5,1231,869,48,116,1,-1,-1,-1
77,6,1953,816,184,100,1,-1,-1,-1
77,7,1661,929,64,112,1,-1,-1,-1
77,8,1522,899,48,100,1,-1,-1,-1
77,9,1324,828,96,52,1,-1,-1,-1
77,10,1113,825,112,40,1,-1,-1,-1
77,11,1425,828,100,92,1,-1,-1,-1
78,0,0,666,984,764,1,-1,-1,-1
78,2,1733,812,204,132,1,-1,-1,-1
78,3,2103,909,48,120,1,-1,-1,-1
78,4,1572,824,124,80,1,-1,-1,-1
78,5,1232,869,48,116,1,-1,-1,-1
78,6,1953,817,184,100,1,-1,-1,-1
78,7,1662,929,64,112,1,-1,-1,-1
78,8,1524,900,48,100,1,-1,-1,-1
78,9,1324,828,96,52,1,-1,-1,-1
78,10,1113,825,112,40,1,-1,-1,-1
78,11,1425,828,100,92,1,-1,-1,-1
79,0,0,665,984,764,1,-1,-1,-1
79,2,1733,812,204,132,1,-1,-1,-1
79,3,2103,909,48,120,1,-1,-1,-1
79,4,1572,824,124,80,1,-1,-1,-1
79,5,1234,869,48,116,1,-1,-1,-1
79,6,1953,817,184,100,1,-1,-1,-1
79,7,1664,929,64,112,1,-1,-1,-1
79,8,1526,900,48,100,1,-1,-1,-1
79,9,1324,828,96,52,1,-1,-1,-1
79,10,1113,825,112,40,1,-1,-1,-1
79,11,1425,828,100,92,1,-1,-1,-1
80,0,1,666,984,764,1,-1,-1,-1
80,2,1733,812,204,132,1,-1,-1,-1
80,3,2103,909,48,120,1,-1,-1,-1
80,4,1572,824,124,80,1,-1,-1,-1
80,5,1236,869,48,116,1,-1,-1,-1
80,6,1953,817,184,100,1,-1,-1,-1
80,7,1666,928,64,112,1,-1,-1,-1
80,8,1529,901,48,100,1,-1,-1,-1
80,9,1324,828,96,52,1,-1,-1,-1
80,10,1113,825,112,40,1,-1,-1,-1
80,11,1424,829,100,92,1,-1,-1,-1
81,0,0,664,984,764,1,-1,-1,-1
81,2,1732,812,204,132,1,-1,-1,-1
81,3,2112,900,44,120,1,-1,-1,-1
81,4,1572,824,124,80,1,-1,-1,-1
81,5,1240,876,60,108,1,-1,-1,-1
81,6,1952,820,188,100,1,-1,-1,-1
81,7,1676,920,64,120,1,-1,-1,-1
81,8,1529,901,48,100,1,-1,-1,-1
81,9,1324,828,96,52,1,-1,-1,-1
81,10,1113,825,112,40,1,-1,-1,-1
81,11,1424,829,100,92,1,-1,-1,-1
82,0,0,664,984,764,1,-1,-1,-1
82,2,1732,812,204,132,1,-1,-1,-1
82,3,2112,900,44,120,1,-1,-1,-1
82,4,1572,824,124,80,1,-1,-1,-1
82,5,1241,876,60,108,1,-1,-1,-1
82,6,1952,820,188,100,1,-1,-1,-1
82,7,1677,920,64,120,1,-1,-1,-1
82,8,1536,900,48,100,1,-1,-1,-1
82,9,1324,828,96,52,1,-1,-1,-1
82,10,1113,825,112,40,1,-1,-1,-1
82,11,1425,829,100,92,1,-1,-1,-1
83,0,0,664,983,764,1,-1,-1,-1
83,2,1732,812,204,132,1,-1,-1,-1
83,3,2113,900,44,120,1,-1,-1,-1
83,4,1573,824,124,80,1,-1,-1,-1
83,5,1242,876,60,108,1,-1,-1,-1
83,6,1952,821,188,100,1,-1,-1,-1
83,7,1679,921,64,120,1,-1,-1,-1
83,8,1538,901,48,100,1,-1,-1,-1
83,9,1324,828,96,52,1,-1,-1,-1
83,10,1113,825,112,40,1,-1,-1,-1
83,11,1425,829,100,92,1,-1,-1,-1
84,0,0,665,982,764,1,-1,-1,-1
84,2,1733,812,204,132,1,-1,-1,-1
84,3,2113,899,44,120,1,-1,-1,-1
84,4,1573,824,124,80,1,-1,-1,-1
84,5,1244,877,60,108,1,-1,-1,-1
84,6,1952,821,188,100,1,-1,-1,-1
84,7,1682,922,64,120,1,-1,-1,-1
84,8,1540,899,50,105,1,-1,-1,-1
84,9,1324,828,96,52,1,-1,-1,-1
84,10,1113,825,112,40,1,-1,-1,-1
84,11,1424,829,100,92,1,-1,-1,-1
85,0,0,665,981,764,1,-1,-1,-1
85,2,1733,812,204,132,1,-1,-1,-1
85,3,2113,899,44,120,1,-1,-1,-1
85,4,1573,824,124,80,1,-1,-1,-1
85,5,1245,877,60,108,1,-1,-1,-1
85,6,1952,820,188,100,1,-1,-1,-1
85,7,1684,922,64,120,1,-1,-1,-1
85,8,1542,900,50,105,1,-1,-1,-1
85,9,1324,828,96,52,1,-1,-1,-1
85,10,1113,825,112,40,1,-1,-1,-1
85,11,1425,829,100,92,1,-1,-1,-1
86,0,0,666,983,764,1,-1,-1,-1
86,2,1733,812,204,132,1,-1,-1,-1
86,3,2114,899,44,120,1,-1,-1,-1
86,4,1573,824,124,80,1,-1,-1,-1
86,5,1246,877,60,108,1,-1,-1,-1
86,6,1952,820,188,100,1,-1,-1,-1
86,7,1687,922,64,120,1,-1,-1,-1
86,8,1544,899,50,105,1,-1,-1,-1
86,9,1324,828,96,52,1,-1,-1,-1
86,10,1113,825,112,40,1,-1,-1,-1
86,11,1425,829,100,92,1,-1,-1,-1
87,0,0,666,982,764,1,-1,-1,-1
87,2,1733,812,204,132,1,-1,-1,-1
87,3,2115,899,44,120,1,-1,-1,-1
87,4,1573,824,124,80,1,-1,-1,-1
87,5,1247,877,60,108,1,-1,-1,-1
87,6,1952,820,188,100,1,-1,-1,-1
87,7,1691,920,64,120,1,-1,-1,-1
87,8,1547,900,50,105,1,-1,-1,-1
87,9,1325,828,96,52,1,-1,-1,-1
87,10,1113,825,112,40,1,-1,-1,-1
87,11,1425,829,100,92,1,-1,-1,-1
88,0,0,664,983,764,1,-1,-1,-1
88,2,1733,812,204,132,1,-1,-1,-1
88,3,2115,898,44,120,1,-1,-1,-1
88,4,1573,824,124,80,1,-1,-1,-1
88,5,1249,876,60,108,1,-1,-1,-1
88,6,1952,820,188,100,1,-1,-1,-1
88,7,1693,920,64,120,1,-1,-1,-1
88,8,1549,901,50,105,1,-1,-1,-1
88,9,1325,828,96,52,1,-1,-1,-1
88,10,1113,825,112,40,1,-1,-1,-1
88,11,1424,829,100,92,1,-1,-1,-1
89,0,0,664,984,764,1,-1,-1,-1
89,2,1728,812,204,132,1,-1,-1,-1
89,3,2116,892,48,124,1,-1,-1,-1
89,4,1572,820,128,84,1,-1,-1,-1
89,5,1249,876,60,108,1,-1,-1,-1
89,6,1952,820,188,96,1,-1,-1,-1
89,7,1688,920,56,120,1,-1,-1,-1
89,8,1548,908,56,100,1,-1,-1,-1
89,9,1325,828,96,52,1,-1,-1,-1
89,10,1113,825,112,40,1,-1,-1,-1
89,11,1424,824,112,100,1,-1,-1,-1
90,0,0,664,984,764,1,-1,-1,-1
90,2,1728,812,204,132,1,-1,-1,-1
90,3,2116,892,48,124,1,-1,-1,-1
90,4,1572,820,128,84,1,-1,-1,-1
90,5,1252,877,60,108,1,-1,-1,-1
90,6,1952,820,188,96,1,-1,-1,-1
90,7,1689,920,56,120,1,-1,-1,-1
90,8,1549,909,56,100,1,-1,-1,-1
90,9,1325,828,96,52,1,-1,-1,-1
90,10,1113,825,112,40,1,-1,-1,-1
90,11,1424,824,112,100,1,-1,-1,-1
91,0,0,662,984,764,1,-1,-1,-1
91,2,1728,813,204,132,1,-1,-1,-1
91,3,2117,892,48,124,1,-1,-1,-1
91,4,1572,820,128,84,1,-1,-1,-1
91,5,1254,878,60,108,1,-1,-1,-1
91,6,1953,821,188,96,1,-1,-1,-1
91,7,1691,920,56,120,1,-1,-1,-1
91,8,1550,909,59,105,1,-1,-1,-1
91,9,1325,828,96,52,1,-1,-1,-1
91,10,1113,825,112,40,1,-1,-1,-1
91,11,1424,824,112,100,1,-1,-1,-1
92,0,0,664,983,764,1,-1,-1,-1
92,2,1729,813,204,132,1,-1,-1,-1
92,3,2118,892,48,124,1,-1,-1,-1
92,4,1572,820,128,84,1,-1,-1,-1
92,5,1255,879,60,108,1,-1,-1,-1
92,6,1953,820,188,96,1,-1,-1,-1
92,7,1694,920,56,120,1,-1,-1,-1
92,8,1553,910,59,105,1,-1,-1,-1
92,9,1325,828,96,52,1,-1,-1,-1
92,10,1113,825,112,40,1,-1,-1,-1
92,11,1425,824,112,100,1,-1,-1,-1
93,0,0,664,982,764,1,-1,-1,-1
93,2,1729,813,204,132,1,-1,-1,-1
93,3,2119,892,48,124,1,-1,-1,-1
93,4,1572,820,128,84,1,-1,-1,-1
93,5,1256,879,60,108,1,-1,-1,-1
93,6,1953,821,188,96,1,-1,-1,-1
93,7,1696,920,56,120,1,-1,-1,-1
93,8,1556,912,59,105,1,-1,-1,-1
93,9,1325,828,96,52,1,-1,-1,-1
93,10,1113,825,112,40,1,-1,-1,-1
93,11,1425,824,112,100,1,-1,-1,-1
94,0,0,664,983,764,1,-1,-1,-1
94,2,1730,814,204,132,1,-1,-1,-1
94,3,2120,893,48,124,1,-1,-1,-1
94,4,1572,820,128,84,1,-1,-1,-1
94,5,1257,879,60,108,1,-1,-1,-1
94,6,1953,821,188,96,1,-1,-1,-1
94,7,1698,920,56,120,1,-1,-1,-1
94,8,1559,913,59,105,1,-1,-1,-1
94,9,1325,828,96,52,1,-1,-1,-1
94,10,1113,825,112,40,1,-1,-1,-1
94,11,1425,824,112,100,1,-1,-1,-1
95,0,0,664,982,764,1,-1,-1,-1
95,2,1730,814,204,132,1,-1,-1,-1
95,3,2121,893,48,124,1,-1,-1,-1
95,4,1572,820,128,84,1,-1,-1,-1
95,5,1258,880,60,108,1,-1,-1,-1
95,6,1953,821,188,96,1,-1,-1,-1
95,7,1700,921,56,120,1,-1,-1,-1
95,8,1560,913,59,105,1,-1,-1,-1
95,9,1325,828,96,52,1,-1,-1,-1
95,10,1113,825,112,40,1,-1,-1,-1
95,11,1425,824,112,100,1,-1,-1,-1
96,0,0,665,982,764,1,-1,-1,-1
96,2,1730,813,204,132,1,-1,-1,-1
96,3,2122,893,48,124,1,-1,-1,-1
96,4,1572,820,128,84,1,-1,-1,-1
96,5,1259,881,60,108,1,-1,-1,-1
96,6,1953,821,188,96,1,-1,-1,-1
96,7,1703,921,56,120,1,-1,-1,-1
96,8,1562,914,59,105,1,-1,-1,-1
96,9,1325,828,96,52,1,-1,-1,-1
96,10,1113,825,112,40,1,-1,-1,-1
96,11,1424,824,112,100,1,-1,-1,-1
97,0,0,664,984,764,1,-1,-1,-1
97,2,1732,812,204,132,1,-1,-1,-1
97,3,2124,888,56,128,1,-1,-1,-1
97,4,1568,820,128,84,1,-1,-1,-1
97,5,1259,881,60,108,1,-1,-1,-1
97,6,1952,820,188,96,1,-1,-1,-1
97,7,1712,924,60,120,1,-1,-1,-1
97,8,1560,912,60,104,1,-1,-1,-1
97,9,1325,828,96,52,1,-1,-1,-1
97,10,1113,825,112,40,1,-1,-1,-1
97,11,1424,828,104,96,1,-1,-1,-1
98,0,0,664,983,764,1,-1,-1,-1
98,2,1732,812,204,132,1,-1,-1,-1
98,3,2124,888,56,128,1,-1,-1,-1
98,4,1568,820,128,84,1,-1,-1,-1
98,5,1260,881,60,108,1,-1,-1,-1
98,6,1952,820,188,96,1,-1,-1,-1
98,7,1714,924,60,120,1,-1,-1,-1
98,8,1561,912,60,104,1,-1,-1,-1
98,9,1325,828,96,52,1,-1,-1,-1
98,10,1113,825,112,40,1,-1,-1,-1
98,11,1424,828,104,96,1,-1,-1,-1
99,0,0,664,982,764,1,-1,-1,-1
99,2,1732,812,204,132,1,-1,-1,-1
99,3,2125,888,56,128,1,-1,-1,-1
99,4,1568,820,128,84,1,-1,-1,-1
99,5,1261,881,60,108,1,-1,-1,-1
99,6,1952,820,188,96,1,-1,-1,-1
99,7,1717,925,60,120,1,-1,-1,-1
99,8,1563,912,60,104,1,-1,-1,-1
99,9,1325,828,96,52,1,-1,-1,-1
99,10,1113,825,112,40,1,-1,-1,-1
99,11,1424,828,104,96,1,-1,-1,-1
100,0,0,665,981,764,1,-1,-1,-1
100,2,1732,812,204,132,1,-1,-1,-1
100,3,2126,888,56,128,1,-1,-1,-1
100,4,1568,820,128,84,1,-1,-1,-1
100,5,1261,881,60,108,1,-1,-1,-1
100,6,1952,820,188,96,1,-1,-1,-1
100,7,1719,925,60,120,1,-1,-1,-1
100,8,1564,912,60,104,1,-1,-1,-1
100,9,1325,828,96,52,1,-1,-1,-1
100,10,1113,825,112,40,1,-1,-1,-1
100,11,1424,828,104,96,1,-1,-1,-1
101,0,0,665,982,764,1,-1,-1,-1
101,2,1732,812,204,132,1,-1,-1,-1
101,3,2127,888,56,128,1,-1,-1,-1
101,4,1568,820,128,84,1,-1,-1,-1
101,5,1262,880,60,108,1,-1,-1,-1
101,6,1953,821,188,96,1,-1,-1,-1
101,7,1721,926,60,120,1,-1,-1,-1
101,8,1567,913,60,104,1,-1,-1,-1
101,9,1325,828,96,52,1,-1,-1,-1
101,10,1113,825,112,40,1,-1,-1,-1
101,11,1424,828,104,96,1,-1,-1,-1
102,0,0,665,983,764,1,-1,-1,-1
102,2,1732,812,204,132,1,-1,-1,-1
102,3,2128,889,56,128,1,-1,-1,-1
102,4,1569,821,128,84,1,-1,-1,-1
102,5,1263,881,60,108,1,-1,-1,-1
102,6,1953,821,188,96,1,-1,-1,-1
102,7,1723,925,60,120,1,-1,-1,-1
102,8,1569,914,60,104,1,-1,-1,-1
102,9,1325,828,96,52,1,-1,-1,-1
102,10,1113,825,112,40,1,-1,-1,-1
102,11,1425,828,104,96,1,-1,-1,-1
103,0,0,664,981,764,1,-1,-1,-1
103,2,1733,812,204,132,1,-1,-1,-1
103,3,2129,889,56,128,1,-1,-1,-1
103,4,1569,821,128,84,1,-1,-1,-1
103,5,1265,881,60,108,1,-1,-1,-1
103,6,1953,821,188,96,1,-1,-1,-1
103,7,1724,925,60,120,1,-1,-1,-1
103,8,1571,914,60,104,1,-1,-1,-1
103,9,1325,828,96,52,1,-1,-1,-1
103,10,1113,825,112,40,1,-1,-1,-1
103,11,1424,828,104,96,1,-1,-1,-1
104,0,0,664,982,764,1,-1,-1,-1
104,2,1733,812,204,132,1,-1,-1,-1
104,3,2130,889,56,128,1,-1,-1,-1
104,4,1569,821,128,84,1,-1,-1,-1
104,5,1265,881,60,108,1,-1,-1,-1
104,6,1953,821,188,96,1,-1,-1,-1
104,7,1725,925,60,120,1,-1,-1,-1
104,8,1574,915,60,104,1,-1,-1,-1
104,9,1325,828,96,52,1,-1,-1,-1
104,10,1113,825,112,40,1,-1,-1,-1
104,11,1424,828,104,96,1,-1,-1,-1
105,0,0,664,988,764,1,-1,-1,-1
105,2,1732,812,204,132,1,-1,-1,-1
105,3,2132,892,52,128,1,-1,-1,-1
105,4,1572,820,128,80,1,-1,-1,-1
105,5,1265,881,60,108,1,-1,-1,-1
105,6,1952,820,188,100,1,-1,-1,-1
105,7,1732,912,52,128,1,-1,-1,-1
105,8,1574,915,60,104,1,-1,-1,-1
105,9,1325,828,96,52,1,-1,-1,-1
105,10,1113,825,112,40,1,-1,-1,-1
105,11,1424,828,108,92,1,-1,-1,-1
106,0,0,664,988,764,1,-1,-1,-1
106,2,1732,812,204,132,1,-1,-1,-1
106,3,2132,892,52,128,1,-1,-1,-1
106,4,1572,820,128,80,1,-1,-1,-1
106,5,1268,881,60,108,1,-1,-1,-1
106,6,1952,820,188,100,1,-1,-1,-1
106,7,1732,913,52,128,1,-1,-1,-1
106,8,1580,914,60,104,1,-1,-1,-1
106,9,1325,828,96,52,1,-1,-1,-1
106,10,1113,825,112,40,1,-1,-1,-1
106,11,1424,828,108,92,1,-1,-1,-1
107,0,1,664,988,764,1,-1,-1,-1
107,2,1733,812,204,132,1,-1,-1,-1
107,3,2133,892,52,128,1,-1,-1,-1
107,4,1572,820,128,80,1,-1,-1,-1
107,5,1269,882,60,108,1,-1,-1,-1
107,6,1952,820,188,100,1,-1,-1,-1
107,7,1733,913,52,128,1,-1,-1,-1
107,8,1584,912,63,109,1,-1,-1,-1
107,9,1325,828,96,52,1,-1,-1,-1
107,10,1113,825,112,40,1,-1,-1,-1
107,11,1424,828,108,92,1,-1,-1,-1
108,0,1,664,988,764,1,-1,-1,-1
108,2,1733,812,204,132,1,-1,-1,-1
108,3,2134,892,52,128,1,-1,-1,-1
108,4,1572,820,128,80,1,-1,-1,-1
108,5,1270,883,60,108,1,-1,-1,-1
108,6,1952,820,188,100,1,-1,-1,-1
108,7,1734,914,52,128,1,-1,-1,-1
108,8,1586,912,63,109,1,-1,-1,-1
108,9,1325,828,96,52,1,-1,-1,-1
108,10,1113,825,112,40,1,-1,-1,-1
108,11,1424,828,108,92,1,-1,-1,-1
109,0,3,664,988,764,1,-1,-1,-1
109,2,1733,812,204,132,1,-1,-1,-1
109,3,2136,892,52,128,1,-1,-1,-1
109,4,1572,820,128,80,1,-1,-1,-1
109,5,1272,884,60,108,1,-1,-1,-1
109,6,1952,820,188,100,1,-1,-1,-1
109,7,1735,914,52,128,1,-1,-1,-1
109,8,1591,912,63,109,1,-1,-1,-1
109,9,1325,828,96,52,1,-1,-1,-1
109,10,1113,825,112,40,1,-1,-1,-1
109,11,1424,828,108,92,1,-1,-1,-1
110,0,4,664,988,764,1,-1,-1,-1
110,2,1733,812,204,132,1,-1,-1,-1
110,3,2137,892,52,128,1,-1,-1,-1
110,4,1572,820,128,80,1,-1,-1,-1
110,5,1272,885,60,108,1,-1,-1,-1
110,6,1952,820,188,100,1,-1,-1,-1
110,7,1736,914,52,128,1,-1,-1,-1
110,8,1592,911,63,109,1,-1,-1,-1
110,9,1325,828,96,52,1,-1,-1,-1
110,10,1112,825,112,40,1,-1,-1,-1
110,11,1424,828,108,92,1,-1,-1,-1
111,0,3,665,988,764,1,-1,-1,-1
111,2,1733,812,204,132,1,-1,-1,-1
111,3,2138,892,52,128,1,-1,-1,-1
111,4,1572,820,128,80,1,-1,-1,-1
111,5,1273,885,60,108,1,-1,-1,-1
111,6,1952,820,188,100,1,-1,-1,-1
111,7,1737,914,52,128,1,-1,-1,-1
111,8,1596,911,63,109,1,-1,-1,-1
111,9,1325,828,96,52,1,-1,-1,-1
111,10,1112,825,112,40,1,-1,-1,-1
111,11,1425,828,108,92,1,-1,-1,-1
112,0,5,664,988,764,1,-1,-1,-1
112,2,1733,812,204,132,1,-1,-1,-1
112,3,2138,892,52,128,1,-1,-1,-1
112,4,1572,821,128,80,1,-1,-1,-1
112,5,1274,885,60,108,1,-1,-1,-1
112,6,1952,820,188,100,1,-1,-1,-1
112,7,1738,914,52,128,1,-1,-1,-1
112,8,1599,911,63,109,1,-1,-1,-1
112,9,1325,828,96,52,1,-1,-1,-1
112,10,1112,825,112,40,1,-1,-1,-1
112,11,1425,828,108,92,1,-1,-1,-1
113,0,0,664,988,764,1,-1,-1,-1
113,2,1732,812,204,128,1,-1,-1,-1
113,3,2144,892,52,120,1,-1,-1,-1
113,4,1572,820,128,80,1,-1,-1,-1
113,5,1274,885,60,108,1,-1,-1,-1
113,6,1952,820,188,100,1,-1,-1,-1
113,7,1744,908,56,128,1,-1,-1,-1
113,8,1604,916,60,108,1,-1,-1,-1
113,9,1325,828,96,52,1,-1,-1,-1
113,10,1112,825,112,40,1,-1,-1,-1
113,11,1424,828,104,96,1,-1,-1,-1
114,0,0,664,988,764,1,-1,-1,-1
114,2,1732,812,204,128,1,-1,-1,-1
114,3,2145,892,52,120,1,-1,-1,-1
114,4,1572,820,128,80,1,-1,-1,-1
114,5,1278,889,57,103,1,-1,-1,-1
114,6,1952,820,188,100,1,-1,-1,-1
114,7,1745,908,56,128,1,-1,-1,-1
114,8,1606,916,60,108,1,-1,-1,-1
114,9,1325,828,96,52,1,-1,-1,-1
114,10,1112,825,112,40,1,-1,-1,-1
114,11,1424,828,104,96,1,-1,-1,-1
115,0,0,664,988,764,1,-1,-1,-1
115,2,1732,812,204,128,1,-1,-1,-1
115,3,2146,893,52,120,1,-1,-1,-1
115,4,1572,820,128,80,1,-1,-1,-1
115,5,1280,885,57,103,1,-1,-1,-1
115,6,1952,821,188,100,1,-1,-1,-1
115,7,1746,909,56,128,1,-1,-1,-1
115,8,1608,917,60,108,1,-1,-1,-1
115,9,1325,828,96,52,1,-1,-1,-1
115,10,1112,825,112,40,1,-1,-1,-1
115,11,1425,828,104,96,1,-1,-1,-1
116,0,2,665,988,764,1,-1,-1,-1
116,2,1732,812,204,128,1,-1,-1,-1
116,3,2147,893,52,120,1,-1,-1,-1
116,4,1573,820,128,80,1,-1,-1,-1
116,5,1279,882,60,108,1,-1,-1,-1
116,6,1952,821,188,100,1,-1,-1,-1
116,7,1747,909,56,128,1,-1,-1,-1
116,8,1611,918,60,108,1,-1,-1,-1
116,9,1325,828,96,52,1,-1,-1,-1
116,10,1112,825,112,40,1,-1,-1,-1
116,11,1425,828,104,96,1,-1,-1,-1
117,0,3,664,988,764,1,-1,-1,-1
117,2,1732,813,204,128,1,-1,-1,-1
117,3,2148,894,52,120,1,-1,-1,-1
117,4,1573,820,128,80,1,-1,-1,-1
117,5,1276,882,60,108,1,-1,-1,-1
117,6,1952,821,188,100,1,-1,-1,-1
117,7,1748,909,56,128,1,-1,-1,-1
117,8,1615,918,60,108,1,-1,-1,-1
117,9,1325,828,96,52,1,-1,-1,-1
117,10,1112,825,112,40,1,-1,-1,-1
117,11,1425,828,104,96,1,-1,-1,-1
118,0,3,665,988,764,1,-1,-1,-1
118,2,1733,813,204,128,1,-1,-1,-1
118,3,2149,895,52,120,1,-1,-1,-1
118,4,1573,820,128,80,1,-1,-1,-1
118,5,1275,881,60,108,1,-1,-1,-1
118,6,1952,821,188,100,1,-1,-1,-1
118,7,1750,908,56,128,1,-1,-1,-1
118,8,1619,918,60,108,1,-1,-1,-1
118,9,1325,828,96,52,1,-1,-1,-1
118,10,1112,825,112,40,1,-1,-1,-1
118,11,1425,828,104,96,1,-1,-1,-1
119,0,3,665,988,764,1,-1,-1,-1
119,2,1733,813,204,128,1,-1,-1,-1
119,3,2150,895,52,120,1,-1,-1,-1
119,4,1573,821,128,80,1,-1,-1,-1
119,5,1275,881,60,108,1,-1,-1,-1
119,6,1952,821,188,100,1,-1,-1,-1
119,7,1752,908,56,128,1,-1,-1,-1
119,8,1622,919,60,108,1,-1,-1,-1
119,9,1325,828,96,52,1,-1,-1,-1
119,10,1113,825,112,40,1,-1,-1,-1
119,11,1425,828,104,96,1,-1,-1,-1
120,0,3,665,988,764,1,-1,-1,-1
120,2,1733,813,204,128,1,-1,-1,-1
120,3,2151,895,52,120,1,-1,-1,-1
120,4,1573,821,128,80,1,-1,-1,-1
120,5,1269,879,60,108,1,-1,-1,-1
120,6,1953,821,188,100,1,-1,-1,-1
120,7,1753,908,56,128,1,-1,-1,-1
120,8,1624,920,60,108,1,-1,-1,-1
120,9,1325,828,96,52,1,-1,-1,-1
120,10,1113,825,112,40,1,-1,-1,-1
120,11,1425,828,104,96,1,-1,-1,-1
121,0,0,664,988,764,1,-1,-1,-1
121,2,1732,812,200,132,1,-1,-1,-1
121,3,2152,896,56,120,1,-1,-1,-1
121,4,1572,820,128,80,1,-1,-1,-1
121,5,1269,879,60,108,1,-1,-1,-1
121,6,1952,816,164,100,1,-1,-1,-1
121,7,1752,916,56,120,1,-1,-1,-1
121,8,1632,916,52,112,1,-1,-1,-1
121,9,1324,828,96,52,1,-1,-1,-1
121,10,1113,825,112,40,1,-1,-1,-1
121,11,1424,828,104,92,1,-1,-1,-1
122,0,0,664,988,764,1,-1,-1,-1
122,2,1732,812,200,132,1,-1,-1,-1
122,3,2152,896,56,120,1,-1,-1,-1
122,4,1572,820,128,80,1,-1,-1,-1
122,5,1269,881,57,103,1,-1,-1,-1
122,6,1952,816,164,100,1,-1,-1,-1
122,7,1753,916,56,120,1,-1,-1,-1
122,8,1633,916,52,112,1,-1,-1,-1
122,9,1324,828,96,52,1,-1,-1,-1
122,10,1113,825,112,40,1,-1,-1,-1
122,11,1424,828,104,92,1,-1,-1,-1
123,0,0,665,988,764,1,-1,-1,-1
123,2,1733,812,200,132,1,-1,-1,-1
123,3,2153,896,56,120,1,-1,-1,-1
123,4,1573,820,128,80,1,-1,-1,-1
123,5,1268,883,57,103,1,-1,-1,-1
123,6,1952,816,164,100,1,-1,-1,-1
123,7,1754,916,56,120,1,-1,-1,-1
123,8,1634,917,52,112,1,-1,-1,-1
123,9,1324,828,96,52,1,-1,-1,-1
123,10,1112,825,112,40,1,-1,-1,-1
123,11,1425,828,104,92,1,-1,-1,-1
124,0,0,665,988,764,1,-1,-1,-1
124,2,1733,812,200,132,1,-1,-1,-1
124,3,2153,896,56,120,1,-1,-1,-1
124,4,1573,821,128,80,1,-1,-1,-1
124,5,1273,879,60,108,1,-1,-1,-1
124,6,1952,816,164,100,1,-1,-1,-1
124,7,1756,916,56,120,1,-1,-1,-1
124,8,1635,918,52,112,1,-1,-1,-1
124,9,1324,828,96,52,1,-1,-1,-1
124,10,1112,825,112,40,1,-1,-1,-1
124,11,1425,829,104,92,1,-1,-1,-1
125,0,0,665,988,764,1,-1,-1,-1
125,2,1733,813,200,132,1,-1,-1,-1
125,3,2154,896,56,120,1,-1,-1,-1
125,4,1573,821,128,80,1,-1,-1,-1
125,5,1267,877,63,113,1,-1,-1,-1
125,6,1952,816,164,100,1,-1,-1,-1
125,7,1757,916,56,120,1,-1,-1,-1
125,8,1636,918,52,112,1,-1,-1,-1
125,9,1324,828,96,52,1,-1,-1,-1
125,10,1112,825,112,40,1,-1,-1,-1
125,11,1425,829,104,92,1,-1,-1,-1
126,0,1,664,988,764,1,-1,-1,-1
126,2,1733,813,200,132,1,-1,-1,-1
126,3,2154,896,56,120,1,-1,-1,-1
126,4,1573,821,128,80,1,-1,-1,-1
126,5,1268,878,63,113,1,-1,-1,-1
126,6,1952,815,164,100,1,-1,-1,-1
126,7,1759,916,56,120,1,-1,-1,-1
126,8,1639,918,52,112,1,-1,-1,-1
126,9,1324,828,96,52,1,-1,-1,-1
126,10,1112,825,112,40,1,-1,-1,-1
126,11,1425,829,104,92,1,-1,-1,-1
127,0,2,663,988,764,1,-1,-1,-1
127,2,1733,813,200,132,1,-1,-1,-1
127,3,2155,896,56,120,1,-1,-1,-1
127,4,1573,821,128,80,1,-1,-1,-1
127,5,1265,877,63,113,1,-1,-1,-1
127,6,1952,816,164,100,1,-1,-1,-1
127,7,1761,917,56,120,1,-1,-1,-1
127,8,1641,918,52,112,1,-1,-1,-1
127,9,1324,828,96,52,1,-1,-1,-1
127,10,1112,825,112,40,1,-1,-1,-1
127,11,1425,829,104,92,1,-1,-1,-1
128,0,4,663,988,764,1,-1,-1,-1
128,2,1733,813,200,132,1,-1,-1,-1
128,3,2155,895,56,120,1,-1,-1,-1
128,4,1573,821,128,80,1,-1,-1,-1
128,5,1265,878,63,113,1,-1,-1,-1
128,6,1952,816,164,100,1,-1,-1,-1
128,7,1763,918,56,120,1,-1,-1,-1
128,8,1644,918,52,112,1,-1,-1,-1
128,9,1324,828,96,52,1,-1,-1,-1
128,10,1112,825,112,40,1,-1,-1,-1
128,11,1425,829,104,92,1,-1,-1,-1
129,0,0,664,988,764,1,-1,-1,-1
129,2,1732,812,200,132,1,-1,-1,-1
129,3,2160,896,44,124,1,-1,-1,-1
129,4,1572,820,128,80,1,-1,-1,-1
129,5,1265,878,63,113,1,-1,-1,-1
129,6,1952,816,176,100,1,-1,-1,-1
129,7,1776,924,56,112,1,-1,-1,-1
129,8,1644,918,52,112,1,-1,-1,-1
129,9,1324,828,96,52,1,-1,-1,-1
129,10,1112,825,112,40,1,-1,-1,-1
129,11,1424,828,100,96,1,-1,-1,-1
130,0,0,664,988,764,1,-1,-1,-1
130,2,1732,812,200,132,1,-1,-1,-1
130,3,2160,896,44,124,1,-1,-1,-1
130,4,1572,820,128,80,1,-1,-1,-1
130,5,1266,878,63,113,1,-1,-1,-1
130,6,1952,816,176,100,1,-1,-1,-1
130,7,1777,924,56,112,1,-1,-1,-1
130,8,1652,917,52,112,1,-1,-1,-1
130,9,1324,828,96,52,1,-1,-1,-1
130,10,1112,825,112,40,1,-1,-1,-1
130,11,1424,828,100,96,1,-1,-1,-1
131,0,1,664,988,764,1,-1,-1,-1
131,2,1732,812,200,132,1,-1,-1,-1
131,3,2160,896,44,124,1,-1,-1,-1
131,4,1572,820,128,80,1,-1,-1,-1
131,5,1266,878,63,113,1,-1,-1,-1
131,6,1952,816,176,100,1,-1,-1,-1
131,7,1779,925,56,112,1,-1,-1,-1
131,8,1654,917,52,112,1,-1,-1,-1
131,9,1324,829,96,52,1,-1,-1,-1
131,10,1112,825,112,40,1,-1,-1,-1
131,11,1425,829,100,96,1,-1,-1,-1
132,0,2,664,988,764,1,-1,-1,-1
132,2,1733,812,200,132,1,-1,-1,-1
132,3,2161,897,44,124,1,-1,-1,-1
132,4,1572,820,128,80,1,-1,-1,-1
132,5,1269,877,63,113,1,-1,-1,-1
132,6,1952,816,176,100,1,-1,-1,-1
132,7,1782,925,56,112,1,-1,-1,-1
132,8,1657,917,52,112,1,-1,-1,-1
132,9,1324,829,96,52,1,-1,-1,-1
132,10,1112,825,112,40,1,-1,-1,-1
132,11,1425,829,100,96,1,-1,-1,-1
133,0,3,665,988,764,1,-1,-1,-1
133,2,1733,812,200,132,1,-1,-1,-1
133,3,2161,898,44,124,1,-1,-1,-1
133,4,1572,820,128,80,1,-1,-1,-1
133,5,1272,878,63,113,1,-1,-1,-1
133,6,1953,816,176,100,1,-1,-1,-1
133,7,1783,925,56,112,1,-1,-1,-1
133,8,1661,917,52,112,1,-1,-1,-1
133,9,1324,829,96,52,1,-1,-1,-1
133,10,1112,825,112,40,1,-1,-1,-1
133,11,1425,829,100,96,1,-1,-1,-1
134,0,3,664,988,764,1,-1,-1,-1
134,2,1733,812,200,132,1,-1,-1,-1
134,3,2162,898,44,124,1,-1,-1,-1
134,4,1572,820,128,80,1,-1,-1,-1
134,5,1273,877,63,113,1,-1,-1,-1
134,6,1953,816,176,100,1,-1,-1,-1
134,7,1785,925,56,112,1,-1,-1,-1
134,8,1664,917,52,112,1,-1,-1,-1
134,9,1324,829,96,52,1,-1,-1,-1
134,10,1112,825,112,40,1,-1,-1,-1
134,11,1425,829,100,96,1,-1,-1,-1
135,0,2,665,988,764,1,-1,-1,-1
135,2,1733,812,200,132,1,-1,-1,-1
135,3,2163,898,44,124,1,-1,-1,-1
135,4,1572,820,128,80,1,-1,-1,-1
135,5,1273,878,63,113,1,-1,-1,-1
135,6,1953,816,176,100,1,-1,-1,-1
135,7,1787,926,56,112,1,-1,-1,-1
135,8,1667,917,52,112,1,-1,-1,-1
135,9,1324,829,96,52,1,-1,-1,-1
135,10,1112,825,112,40,1,-1,-1,-1
135,11,1425,829,100,96,1,-1,-1,-1
136,0,3,664,988,764,1,-1,-1,-1
136,2,1733,812,200,132,1,-1,-1,-1
136,3,2164,898,44,124,1,-1,-1,-1
136,4,1572,820,128,80,1,-1,-1,-1
136,5,1275,878,63,113,1,-1,-1,-1
136,6,1953,816,176,100,1,-1,-1,-1
136,7,1788,926,56,112,1,-1,-1,-1
136,8,1669,917,52,112,1,-1,-1,-1
136,9,1324,829,96,52,1,-1,-1,-1
136,10,1112,825,112,40,1,-1,-1,-1
136,11,1425,829,100,96,1,-1,-1,-1
137,0,0,664,988,764,1,-1,-1,-1
137,2,1732,812,204,124,1,-1,-1,-1
137,3,2164,900,48,120,1,-1,-1,-1
137,4,1572,820,128,80,1,-1,-1,-1
137,5,1275,878,63,113,1,-1,-1,-1
137,6,1952,816,152,100,1,-1,-1,-1
137,7,1792,924,52,116,1,-1,-1,-1
137,8,1668,916,56,116,1,-1,-1,-1
137,9,1324,829,96,52,1,-1,-1,-1
137,10,1112,825,112,40,1,-1,-1,-1
137,11,1424,828,100,92,1,-1,-1,-1
138,0,0,664,988,764,1,-1,-1,-1
138,2,1732,812,204,124,1,-1,-1,-1
138,3,2164,900,48,120,1,-1,-1,-1
138,4,1572,820,128,80,1,-1,-1,-1
138,5,1276,878,63,113,1,-1,-1,-1
138,6,1952,816,152,100,1,-1,-1,-1
138,7,1792,924,52,116,1,-1,-1,-1
138,8,1669,916,56,116,1,-1,-1,-1
138,9,1324,829,96,52,1,-1,-1,-1
138,10,1112,825,112,40,1,-1,-1,-1
138,11,1424,828,100,92,1,-1,-1,-1
139,0,0,665,988,764,1,-1,-1,-1
139,2,1732,812,204,124,1,-1,-1,-1
139,3,2165,900,48,120,1,-1,-1,-1
139,4,1573,820,128,80,1,-1,-1,-1
139,5,1277,878,63,113,1,-1,-1,-1
139,6,1952,816,152,100,1,-1,-1,-1
139,7,1793,924,52,116,1,-1,-1,-1
139,8,1672,916,56,116,1,-1,-1,-1
139,9,1324,829,96,52,1,-1,-1,-1
139,10,1113,825,112,40,1,-1,-1,-1
139,11,1424,828,100,92,1,-1,-1,-1
140,0,0,665,988,764,1,-1,-1,-1
140,2,1732,812,204,124,1,-1,-1,-1
140,3,2166,901,48,120,1,-1,-1,-1
140,4,1572,820,128,80,1,-1,-1,-1
140,5,1278,878,63,113,1,-1,-1,-1
140,6,1952,816,152,100,1,-1,-1,-1
140,7,1794,924,52,116,1,-1,-1,-1
140,8,1674,916,56,116,1,-1,-1,-1
140,9,1324,829,96,52,1,-1,-1,-1
140,10,1113,825,112,40,1,-1,-1,-1
140,11,1424,828,100,92,1,-1,-1,-1
141,0,0,665,988,764,1,-1,-1,-1
141,2,1733,813,204,124,1,-1,-1,-1
141,3,2167,901,48,120,1,-1,-1,-1
141,4,1572,820,128,80,1,-1,-1,-1
141,5,1279,879,63,113,1,-1,-1,-1
141,6,1952,816,152,100,1,-1,-1,-1
141,7,1795,924,52,116,1,-1,-1,-1
141,8,1677,917,56,116,1,-1,-1,-1
141,9,1324,829,96,52,1,-1,-1,-1
141,10,1113,825,112,40,1,-1,-1,-1
141,11,1424,828,100,92,1,-1,-1,-1
142,0,0,665,988,764,1,-1,-1,-1
142,2,1733,813,204,124,1,-1,-1,-1
142,3,2168,901,48,120,1,-1,-1,-1
142,4,1572,820,128,80,1,-1,-1,-1
142,5,1279,879,63,113,1,-1,-1,-1
142,6,1952,816,152,100,1,-1,-1,-1
142,7,1796,925,52,116,1,-1,-1,-1
142,8,1681,917,56,116,1,-1,-1,-1
142,9,1325,829,96,52,1,-1,-1,-1
142,10,1112,825,112,40,1,-1,-1,-1
142,11,1424,828,100,92,1,-1,-1,-1
143,0,0,665,987,764,1,-1,-1,-1
143,2,1733,813,204,124,1,-1,-1,-1
143,3,2169,900,48,120,1,-1,-1,-1
143,4,1572,820,128,80,1,-1,-1,-1
143,5,1280,880,63,113,1,-1,-1,-1
143,6,1952,816,152,100,1,-1,-1,-1
143,7,1797,925,52,116,1,-1,-1,-1
143,8,1685,918,56,116,1,-1,-1,-1
143,9,1325,829,96,52,1,-1,-1,-1
143,10,1112,825,112,40,1,-1,-1,-1
143,11,1425,828,100,92,1,-1,-1,-1
144,0,0,665,987,764,1,-1,-1,-1
144,2,1733,813,204,124,1,-1,-1,-1
144,3,2170,899,48,120,1,-1,-1,-1
144,4,1572,820,128,80,1,-1,-1,-1
144,5,1283,880,63,113,1,-1,-1,-1
144,6,1952,817,152,100,1,-1,-1,-1
144,7,1798,925,52,116,1,-1,-1,-1
144,8,1688,918,56,116,1,-1,-1,-1
144,9,1325,829,96,52,1,-1,-1,-1
144,10,1112,825,112,40,1,-1,-1,-1
144,11,1425,829,100,92,1,-1,-1,-1
145,0,0,664,988,764,1,-1,-1,-1
145,2,1728,812,208,124,1,-1,-1,-1
145,3,2176,896,48,120,1,-1,-1,-1
145,4,1572,820,128,80,1,-1,-1,-1
145,5,1283,880,63,113,1,-1,-1,-1
145,6,1952,816,144,100,1,-1,-1,-1
145,7,1804,920,52,116,1,-1,-1,-1
145,8,1692,924,52,108,1,-1,-1,-1
145,9,1324,828,96,52,1,-1,-1,-1
145,10,1112,825,112,40,1,-1,-1,-1
145,11,1424,828,100,92,1,-1,-1,-1
146,0,0,664,988,764,1,-1,-1,-1
146,2,1728,812,208,124,1,-1,-1,-1
146,3,2176,896,48,120,1,-1,-1,-1
146,4,1572,820,128,80,1,-1,-1,-1
146,5,1285,879,66,119,1,-1,-1,-1
146,6,1952,816,144,100,1,-1,-1,-1
146,7,1804,920,52,116,1,-1,-1,-1
146,8,1693,924,52,108,1,-1,-1,-1
146,9,1324,828,96,52,1,-1,-1,-1
146,10,1112,825,112,40,1,-1,-1,-1
146,11,1424,828,100,92,1,-1,-1,-1
147,0,0,664,987,764,1,-1,-1,-1
147,2,1728,813,208,124,1,-1,-1,-1
147,3,2178,896,48,120,1,-1,-1,-1
147,4,1572,820,128,80,1,-1,-1,-1
147,5,1288,878,66,119,1,-1,-1,-1
147,6,1952,816,144,100,1,-1,-1,-1
147,7,1806,920,52,116,1,-1,-1,-1
147,8,1694,925,52,108,1,-1,-1,-1
147,9,1324,828,96,52,1,-1,-1,-1
147,10,1112,825,112,40,1,-1,-1,-1
147,11,1424,828,100,92,1,-1,-1,-1
148,0,0,664,987,764,1,-1,-1,-1
148,2,1729,813,208,124,1,-1,-1,-1
148,3,2179,896,48,120,1,-1,-1,-1
148,4,1572,820,128,80,1,-1,-1,-1
148,5,1290,879,66,119,1,-1,-1,-1
148,6,1953,817,144,100,1,-1,-1,-1
148,7,1808,920,52,116,1,-1,-1,-1
148,8,1696,925,52,108,1,-1,-1,-1
148,9,1324,828,96,52,1,-1,-1,-1
148,10,1112,825,112,40,1,-1,-1,-1
148,11,1424,828,100,92,1,-1,-1,-1
149,0,0,664,987,764,1,-1,-1,-1
149,2,1729,812,208,124,1,-1,-1,-1
149,3,2180,896,48,120,1,-1,-1,-1
149,4,1572,820,128,80,1,-1,-1,-1
149,5,1294,879,66,119,1,-1,-1,-1
149,6,1952,816,144,100,1,-1,-1,-1
149,7,1809,920,52,116,1,-1,-1,-1
149,8,1697,925,52,108,1,-1,-1,-1
149,9,1324,828,96,52,1,-1,-1,-1
149,10,1112,825,112,40,1,-1,-1,-1
149,11,1424,828,100,92,1,-1,-1,-1
150,0,0,664,986,764,1,-1,-1,-1
150,2,1730,812,208,124,1,-1,-1,-1
150,3,2182,896,48,120,1,-1,-1,-1
150,4,1572,820,128,80,1,-1,-1,-1
150,5,1297,879,66,119,1,-1,-1,-1
150,6,1952,816,144,100,1,-1,-1,-1
150,7,1811,920,52,116,1,-1,-1,-1
150,8,1698,925,52,108,1,-1,-1,-1
150,9,1324,829,96,52,1,-1,-1,-1
150,10,1112,825,112,40,1,-1,-1,-1
150,11,1424,828,100,92,1,-1,-1,-1
151,0,0,665,986,764,1,-1,-1,-1
151,2,1730,813,208,124,1,-1,-1,-1
151,3,2183,897,48,120,1,-1,-1,-1
151,4,1572,820,128,80,1,-1,-1,-1
151,5,1302,879,66,119,1,-1,-1,-1
151,6,1952,816,144,100,1,-1,-1,-1
151,7,1813,920,52,116,1,-1,-1,-1
151,8,1699,925,52,108,1,-1,-1,-1
151,9,1324,829,96,52,1,-1,-1,-1
151,10,1112,825,112,40,1,-1,-1,-1
151,11,1424,828,100,92,1,-1,-1,-1
152,0,2,666,988,764,1,-1,-1,-1
152,2,1731,813,208,124,1,-1,-1,-1
152,3,2185,897,48,120,1,-1,-1,-1
152,4,1572,820,128,80,1,-1,-1,-1
152,5,1305,880,66,119,1,-1,-1,-1
152,6,1952,816,144,100,1,-1,-1,-1
152,7,1814,920,52,116,1,-1,-1,-1
152,8,1702,925,52,108,1,-1,-1,-1
152,9,1324,828,96,52,1,-1,-1,-1
152,10,1112,825,112,40,1,-1,-1,-1
152,11,1424,828,100,92,1,-1,-1,-1
153,0,0,664,988,764,1,-1,-1,-1
153,2,1732,812,204,128,1,-1,-1,-1
153,3,2188,900,48,120,1,-1,-1,-1
153,4,1572,820,128,80,1,-1,-1,-1
153,5,1305,880,66,119,1,-1,-1,-1
153,6,1952,816,140,100,1,-1,-1,-1
153,7,1824,920,52,112,1,-1,-1,-1
153,8,1708,912,48,116,1,-1,-1,-1
153,9,1324,828,96,52,1,-1,-1,-1
153,10,1112,825,112,40,1,-1,-1,-1
153,11,1428,828,100,92,1,-1,-1,-1
154,0,0,664,988,764,1,-1,-1,-1
154,2,1732,812,204,128,1,-1,-1,-1
154,3,2189,900,48,120,1,-1,-1,-1
154,4,1572,820,128,80,1,-1,-1,-1
154,5,1308,880,66,119,1,-1,-1,-1
154,6,1952,816,140,100,1,-1,-1,-1
154,7,1825,920,52,112,1,-1,-1,-1
154,8,1709,912,48,116,1,-1,-1,-1
154,9,1324,828,96,52,1,-1,-1,-1
154,10,1112,825,112,40,1,-1,-1,-1
154,11,1428,828,100,92,1,-1,-1,-1
155,0,1,664,988,764,1,-1,-1,-1
155,2,1733,812,204,128,1,-1,-1,-1
155,3,2191,902,48,120,1,-1,-1,-1
155,4,1572,820,128,80,1,-1,-1,-1
155,5,1311,881,66,119,1,-1,-1,-1
155,6,1952,816,140,100,1,-1,-1,-1
155,7,1827,920,52,112,1,-1,-1,-1
155,8,1711,912,48,116,1,-1,-1,-1
155,9,1325,828,96,52,1,-1,-1,-1
155,10,1112,825,112,40,1,-1,-1,-1
155,11,1428,828,100,92,1,-1,-1,-1
156,0,1,664,988,764,1,-1,-1,-1
156,2,1733,812,204,128,1,-1,-1,-1
156,3,2192,902,48,120,1,-1,-1,-1
156,4,1573,820,128,80,1,-1,-1,-1
156,5,1315,880,66,119,1,-1,-1,-1
156,6,1952,816,140,100,1,-1,-1,-1
156,7,1829,921,52,112,1,-1,-1,-1
156,8,1712,912,48,116,1,-1,-1,-1
156,9,1325,828,96,52,1,-1,-1,-1
156,10,1112,825,112,40,1,-1,-1,-1
156,11,1428,828,100,92,1,-1,-1,-1
157,0,2,663,988,764,1,-1,-1,-1
157,2,1733,812,204,128,1,-1,-1,-1
157,3,2194,903,48,120,1,-1,-1,-1
157,4,1573,820,128,80,1,-1,-1,-1
157,5,1317,879,66,119,1,-1,-1,-1
157,6,1952,816,140,100,1,-1,-1,-1
157,7,1830,921,52,112,1,-1,-1,-1
157,8,1713,913,48,116,1,-1,-1,-1
157,9,1325,828,96,52,1,-1,-1,-1
157,10,1112,825,112,40,1,-1,-1,-1
157,11,1428,828,100,92,1,-1,-1,-1
158,0,2,664,988,764,1,-1,-1,-1
158,2,1734,812,204,128,1,-1,-1,-1
158,3,2194,904,48,120,1,-1,-1,-1
158,4,1573,820,128,80,1,-1,-1,-1
158,5,1319,879,66,119,1,-1,-1,-1
158,6,1952,816,140,100,1,-1,-1,-1
158,7,1833,921,52,112,1,-1,-1,-1
158,8,1715,913,48,116,1,-1,-1,-1
158,9,1324,828,96,52,1,-1,-1,-1
158,10,1112,825,112,40,1,-1,-1,-1
158,11,1428,828,100,92,1,-1,-1,-1
159,0,4,665,988,764,1,-1,-1,-1
159,2,1734,812,204,128,1,-1,-1,-1
159,3,2195,904,48,120,1,-1,-1,-1
159,4,1573,820,128,80,1,-1,-1,-1
159,5,1321,880,66,119,1,-1,-1,-1
159,6,1952,816,140,100,1,-1,-1,-1
159,7,1834,919,55,118,1,-1,-1,-1
159,8,1717,913,48,116,1,-1,-1,-1
159,9,1324,828,96,52,1,-1,-1,-1
159,10,1112,825,112,40,1,-1,-1,-1
159,11,1428,828,100,92,1,-1,-1,-1
160,0,4,664,988,764,1,-1,-1,-1
160,2,1734,813,204,128,1,-1,-1,-1
160,3,2196,904,48,120,1,-1,-1,-1
160,4,1573,820,128,80,1,-1,-1,-1
160,5,1323,880,66,119,1,-1,-1,-1
160,6,1953,816,140,100,1,-1,-1,-1
160,7,1836,920,55,118,1,-1,-1,-1
160,8,1719,912,48,116,1,-1,-1,-1
160,9,1325,828,96,52,1,-1,-1,-1
160,10,1112,825,112,40,1,-1,-1,-1
160,11,1428,828,100,92,1,-1,-1,-1
161,0,0,664,988,764,1,-1,-1,-1
161,2,1732,812,208,132,1,-1,-1,-1
161,3,2196,904,48,120,1,-1,-1,-1
161,4,1572,820,128,80,1,-1,-1,-1
161,5,1323,880,66,119,1,-1,-1,-1
161,6,1952,820,184,96,1,-1,-1,-1
161,7,1844,920,52,116,1,-1,-1,-1
161,8,1724,908,52,120,1,-1,-1,-1
161,9,1324,828,100,52,1,-1,-1,-1
161,10,1112,825,112,40,1,-1,-1,-1
161,11,1424,828,104,92,1,-1,-1,-1
162,0,0,664,988,764,1,-1,-1,-1
162,2,1732,812,208,132,1,-1,-1,-1
162,3,2197,905,48,120,1,-1,-1,-1
162,4,1572,820,128,80,1,-1,-1,-1
162,5,1327,880,66,119,1,-1,-1,-1
162,6,1952,820,184,96,1,-1,-1,-1
162,7,1845,920,52,116,1,-1,-1,-1
162,8,1725,908,52,120,1,-1,-1,-1
162,9,1324,828,100,52,1,-1,-1,-1
162,10,1112,825,112,40,1,-1,-1,-1
162,11,1424,828,104,92,1,-1,-1,-1
163,0,0,664,988,764,1,-1,-1,-1
163,2,1732,812,208,132,1,-1,-1,-1
163,3,2198,904,48,120,1,-1,-1,-1
163,4,1572,820,128,80,1,-1,-1,-1
163,5,1332,880,66,119,1,-1,-1,-1
163,6,1952,820,184,96,1,-1,-1,-1
163,7,1847,920,52,116,1,-1,-1,-1
163,8,1728,908,52,120,1,-1,-1,-1
163,9,1324,828,100,52,1,-1,-1,-1
163,10,1112,825,112,40,1,-1,-1,-1
163,11,1424,829,104,92,1,-1,-1,-1
164,0,0,663,988,764,1,-1,-1,-1
164,2,1733,812,208,132,1,-1,-1,-1
164,3,2198,904,48,120,1,-1,-1,-1
164,4,1572,820,128,80,1,-1,-1,-1
164,5,1334,880,66,119,1,-1,-1,-1
164,6,1952,820,184,96,1,-1,-1,-1
164,7,1848,921,52,116,1,-1,-1,-1
164,8,1730,907,52,120,1,-1,-1,-1
164,9,1324,828,100,52,1,-1,-1,-1
164,10,1112,825,112,40,1,-1,-1,-1
164,11,1424,829,104,92,1,-1,-1,-1
165,0,0,665,988,764,1,-1,-1,-1
165,2,1733,812,208,132,1,-1,-1,-1
165,3,2199,904,48,120,1,-1,-1,-1
165,4,1572,821,128,80,1,-1,-1,-1
165,5,1336,880,66,119,1,-1,-1,-1
165,6,1953,821,184,96,1,-1,-1,-1
165,7,1849,921,52,116,1,-1,-1,-1
165,8,1732,907,52,120,1,-1,-1,-1
165,9,1325,828,100,52,1,-1,-1,-1
165,10,1112,825,112,40,1,-1,-1,-1
165,11,1424,829,104,92,1,-1,-1,-1
166,0,0,664,988,764,1,-1,-1,-1
166,2,1733,813,208,132,1,-1,-1,-1
166,3,2199,904,48,120,1,-1,-1,-1
166,4,1572,821,128,80,1,-1,-1,-1
166,5,1339,880,66,119,1,-1,-1,-1
166,6,1953,821,184,96,1,-1,-1,-1
166,7,1850,921,52,116,1,-1,-1,-1
166,8,1735,908,52,120,1,-1,-1,-1
166,9,1325,828,100,52,1,-1,-1,-1
166,10,1112,825,112,40,1,-1,-1,-1
166,11,1424,829,104,92,1,-1,-1,-1
167,0,0,663,988,764,1,-1,-1,-1
167,2,1734,812,208,132,1,-1,-1,-1
167,3,2199,905,48,120,1,-1,-1,-1
167,4,1572,820,128,80,1,-1,-1,-1
167,5,1340,880,66,119,1,-1,-1,-1
167,6,1953,821,184,96,1,-1,-1,-1
167,7,1851,921,52,116,1,-1,-1,-1
167,8,1739,908,52,120,1,-1,-1,-1
167,9,1325,828,100,52,1,-1,-1,-1
167,10,1113,824,112,40,1,-1,-1,-1
167,11,1424,829,104,92,1,-1,-1,-1
168,0,0,663,988,764,1,-1,-1,-1
168,2,1734,813,208,132,1,-1,-1,-1
168,3,2199,905,48,120,1,-1,-1,-1
168,4,1572,820,128,80,1,-1,-1,-1
168,5,1341,880,66,119,1,-1,-1,-1
168,6,1952,821,184,96,1,-1,-1,-1
168,7,1853,921,52,116,1,-1,-1,-1
168,8,1741,908,52,120,1,-1,-1,-1
168,9,1325,828,100,52,1,-1,-1,-1
168,10,1112,824,112,40,1,-1,-1,-1
168,11,1424,828,104,92,1,-1,-1,-1
169,0,0,664,988,764,1,-1,-1,-1
169,2,1732,812,200,132,1,-1,-1,-1
169,3,2200,904,52,116,1,-1,-1,-1
169,4,1572,820,128,80,1,-1,-1,-1
169,5,1341,880,66,119,1,-1,-1,-1
169,6,1952,820,184,96,1,-1,-1,-1
169,7,1860,916,52,120,1,-1,-1,-1
169,8,1744,908,52,120,1,-1,-1,-1
169,9,1324,828,100,52,1,-1,-1,-1
169,10,1112,824,112,40,1,-1,-1,-1
169,11,1428,828,100,88,1,-1,-1,-1
170,0,0,664,988,764,1,-1,-1,-1
170,2,1732,812,200,132,1,-1,-1,-1
170,3,2200,904,52,116,1,-1,-1,-1
170,4,1572,820,128,80,1,-1,-1,-1
170,5,1344,880,66,119,1,-1,-1,-1
170,6,1952,820,184,96,1,-1,-1,-1
170,7,1860,916,52,120,1,-1,-1,-1
170,8,1745,908,52,120,1,-1,-1,-1
170,9,1324,828,100,52,1,-1,-1,-1
170,10,1112,824,112,40,1,-1,-1,-1
170,11,1428,828,100,88,1,-1,-1,-1
171,0,0,665,988,764,1,-1,-1,-1
171,2,1732,812,200,132,1,-1,-1,-1
171,3,2201,905,52,116,1,-1,-1,-1
171,4,1572,820,128,80,1,-1,-1,-1
171,5,1347,880,66,119,1,-1,-1,-1
171,6,1952,820,184,96,1,-1,-1,-1
171,7,1861,917,52,120,1,-1,-1,-1
171,8,1746,909,52,120,1,-1,-1,-1
171,9,1324,828,100,52,1,-1,-1,-1
171,10,1112,824,112,40,1,-1,-1,-1
171,11,1428,829,100,88,1,-1,-1,-1
172,0,0,665,988,764,1,-1,-1,-1
172,2,1732,812,200,132,1,-1,-1,-1
172,3,2201,905,52,116,1,-1,-1,-1
172,4,1572,820,128,80,1,-1,-1,-1
172,5,1348,880,66,119,1,-1,-1,-1
172,6,1952,820,184,96,1,-1,-1,-1
172,7,1862,916,52,120,1,-1,-1,-1
172,8,1748,908,52,120,1,-1,-1,-1
172,9,1324,828,100,52,1,-1,-1,-1
172,10,1112,824,112,40,1,-1,-1,-1
172,11,1428,828,100,88,1,-1,-1,-1
173,0,1,665,988,764,1,-1,-1,-1
173,2,1733,812,200,132,1,-1,-1,-1
173,3,2202,905,52,116,1,-1,-1,-1
173,4,1572,820,128,80,1,-1,-1,-1
173,5,1350,880,66,119,1,-1,-1,-1
173,6,1952,820,184,96,1,-1,-1,-1
173,7,1863,917,52,120,1,-1,-1,-1
173,8,1748,905,55,126,1,-1,-1,-1
173,9,1324,828,100,52,1,-1,-1,-1
173,10,1113,824,112,40,1,-1,-1,-1
173,11,1428,828,100,88,1,-1,-1,-1
174,0,2,665,988,764,1,-1,-1,-1
174,2,1733,812,200,132,1,-1,-1,-1
174,3,2202,906,52,116,1,-1,-1,-1
174,4,1572,821,128,80,1,-1,-1,-1
174,5,1351,881,66,119,1,-1,-1,-1
174,6,1952,820,184,96,1,-1,-1,-1
174,7,1864,917,52,120,1,-1,-1,-1
174,8,1749,905,55,126,1,-1,-1,-1
174,9,1324,828,100,52,1,-1,-1,-1
174,10,1112,824,112,40,1,-1,-1,-1
174,11,1428,828,100,88,1,-1,-1,-1
175,0,3,664,988,764,1,-1,-1,-1
175,2,1733,813,200,132,1,-1,-1,-1
175,3,2203,905,52,116,1,-1,-1,-1
175,4,1572,821,128,80,1,-1,-1,-1
175,5,1354,880,66,119,1,-1,-1,-1
175,6,1952,820,184,96,1,-1,-1,-1
175,7,1865,917,52,120,1,-1,-1,-1
175,8,1750,905,55,126,1,-1,-1,-1
175,9,1324,828,100,52,1,-1,-1,-1
175,10,1112,824,112,40,1,-1,-1,-1
175,11,1428,828,100,88,1,-1,-1,-1
176,0,3,665,988,764,1,-1,-1,-1
176,2,1733,813,200,132,1,-1,-1,-1
176,3,2203,905,52,116,1,-1,-1,-1
176,4,1572,821,128,80,1,-1,-1,-1
176,5,1355,881,66,119,1,-1,-1,-1
176,6,1952,820,184,96,1,-1,-1,-1
176,7,1867,917,52,120,1,-1,-1,-1
176,8,1751,904,55,126,1,-1,-1,-1
176,9,1324,828,100,52,1,-1,-1,-1
176,10,1112,824,112,40,1,-1,-1,-1
176,11,1428,828,100,88,1,-1,-1,-1
177,0,0,664,988,764,1,-1,-1,-1
177,2,1732,812,200,132,1,-1,-1,-1
177,3,2203,905,52,116,1,-1,-1,-1
177,4,1572,820,128,80,1,-1,-1,-1
177,5,1355,881,66,119,1,-1,-1,-1
177,6,1952,820,188,96,1,-1,-1,-1
177,7,1880,916,40,112,1,-1,-1,-1
177,8,1760,912,44,112,1,-1,-1,-1
177,9,1324,828,96,52,1,-1,-1,-1
177,10,1112,824,112,40,1,-1,-1,-1
177,11,1424,828,104,92,1,-1,-1,-1
178,0,0,665,988,764,1,-1,-1,-1
178,2,1732,812,200,132,1,-1,-1,-1
178,3,2204,906,52,116,1,-1,-1,-1
178,4,1572,820,128,80,1,-1,-1,-1
178,5,1357,882,66,119,1,-1,-1,-1
178,6,1952,820,188,96,1,-1,-1,-1
178,7,1880,916,40,112,1,-1,-1,-1
178,8,1760,912,44,112,1,-1,-1,-1
178,9,1324,828,96,52,1,-1,-1,-1
178,10,1112,824,112,40,1,-1,-1,-1
178,11,1424,828,104,92,1,-1,-1,-1
179,0,0,666,988,764,1,-1,-1,-1
179,2,1732,812,200,132,1,-1,-1,-1
179,3,2205,905,52,116,1,-1,-1,-1
179,4,1573,821,128,80,1,-1,-1,-1
179,5,1359,882,66,119,1,-1,-1,-1
179,6,1953,820,188,96,1,-1,-1,-1
179,7,1882,916,40,112,1,-1,-1,-1
179,8,1761,912,44,112,1,-1,-1,-1
179,9,1325,828,96,52,1,-1,-1,-1
179,10,1112,824,112,40,1,-1,-1,-1
179,11,1424,828,104,92,1,-1,-1,-1
180,0,1,665,988,764,1,-1,-1,-1
180,2,1732,812,200,132,1,-1,-1,-1
180,3,2206,906,52,116,1,-1,-1,-1
180,4,1573,820,128,80,1,-1,-1,-1
180,5,1361,882,66,119,1,-1,-1,-1
180,6,1953,821,188,96,1,-1,-1,-1
180,7,1884,916,40,112,1,-1,-1,-1
180,8,1762,913,44,112,1,-1,-1,-1
180,9,1325,828,96,52,1,-1,-1,-1
180,10,1112,824,112,40,1,-1,-1,-1
180,11,1424,828,104,92,1,-1,-1,-1
181,0,1,665,988,764,1,-1,-1,-1
181,2,1732,812,200,132,1,-1,-1,-1
181,3,2207,907,52,116,1,-1,-1,-1
181,4,1572,820,128,80,1,-1,-1,-1
181,5,1362,882,66,119,1,-1,-1,-1
181,6,1953,821,188,96,1,-1,-1,-1
181,7,1885,916,40,112,1,-1,-1,-1
181,8,1763,913,44,112,1,-1,-1,-1
181,9,1324,828,96,52,1,-1,-1,-1
181,10,1112,824,112,40,1,-1,-1,-1
181,11,1424,828,104,92,1,-1,-1,-1
182,0,1,665,988,764,1,-1,-1,-1
182,2,1733,811,200,132,1,-1,-1,-1
182,3,2207,906,52,116,1,-1,-1,-1
182,4,1572,820,128,80,1,-1,-1,-1
182,5,1362,880,69,125,1,-1,-1,-1
182,6,1953,821,188,96,1,-1,-1,-1
182,7,1887,916,40,112,1,-1,-1,-1
182,8,1764,913,44,112,1,-1,-1,-1
182,9,1324,828,96,52,1,-1,-1,-1
182,10,1112,824,112,40,1,-1,-1,-1
182,11,1424,828,104,92,1,-1,-1,-1
183,0,2,665,988,764,1,-1,-1,-1
183,2,1733,811,200,132,1,-1,-1,-1
183,3,2209,906,52,116,1,-1,-1,-1
183,4,1572,820,128,80,1,-1,-1,-1
183,5,1366,883,66,119,1,-1,-1,-1
183,6,1953,821,188,96,1,-1,-1,-1
183,7,1889,917,40,112,1,-1,-1,-1
183,8,1765,913,44,112,1,-1,-1,-1
183,9,1324,828,96,52,1,-1,-1,-1
183,10,1112,824,112,40,1,-1,-1,-1
183,11,1425,828,104,92,1,-1,-1,-1
184,0,1,664,988,764,1,-1,-1,-1
184,2,1733,812,200,132,1,-1,-1,-1
184,3,2210,905,52,116,1,-1,-1,-1
184,4,1572,820,128,80,1,-1,-1,-1
184,5,1367,882,66,119,1,-1,-1,-1
184,6,1953,821,188,96,1,-1,-1,-1
184,7,1890,917,40,112,1,-1,-1,-1
184,8,1766,914,44,112,1,-1,-1,-1
184,9,1324,828,96,52,1,-1,-1,-1
184,10,1112,825,112,40,1,-1,-1,-1
184,11,1425,828,104,92,1,-1,-1,-1
185,0,0,664,988,764,1,-1,-1,-1
185,2,1732,812,200,132,1,-1,-1,-1
185,3,2212,904,52,112,1,-1,-1,-1
185,4,1572,820,128,80,1,-1,-1,-1
185,5,1367,882,66,119,1,-1,-1,-1
185,6,1952,816,188,100,1,-1,-1,-1
185,7,1892,908,48,116,1,-1,-1,-1
185,8,1772,916,48,108,1,-1,-1,-1
185,9,1324,828,96,52,1,-1,-1,-1
185,10,1112,825,112,40,1,-1,-1,-1
185,11,1425,828,104,92,1,-1,-1,-1
186,0,0,664,988,764,1,-1,-1,-1
186,2,1732,812,200,132,1,-1,-1,-1
186,3,2212,904,52,112,1,-1,-1,-1
186,4,1572,820,128,80,1,-1,-1,-1
186,5,1372,883,66,119,1,-1,-1,-1
186,6,1952,816,188,100,1,-1,-1,-1
186,7,1893,908,48,116,1,-1,-1,-1
186,8,1773,916,48,108,1,-1,-1,-1
186,9,1324,828,96,52,1,-1,-1,-1
186,10,1112,824,112,40,1,-1,-1,-1
186,11,1425,828,104,92,1,-1,-1,-1
187,0,0,665,987,764,1,-1,-1,-1
187,2,1733,812,200,132,1,-1,-1,-1
187,3,2213,904,52,112,1,-1,-1,-1
187,4,1573,821,128,80,1,-1,-1,-1
187,5,1374,883,66,119,1,-1,-1,-1
187,6,1952,816,188,100,1,-1,-1,-1
187,7,1894,908,48,116,1,-1,-1,-1
187,8,1774,916,48,108,1,-1,-1,-1
187,9,1324,828,96,52,1,-1,-1,-1
187,10,1112,825,112,40,1,-1,-1,-1
187,11,1425,828,104,92,1,-1,-1,-1
188,0,0,666,987,764,1,-1,-1,-1
188,2,1733,812,200,132,1,-1,-1,-1
188,3,2214,903,52,112,1,-1,-1,-1
188,4,1573,821,128,80,1,-1,-1,-1
188,5,1376,883,66,119,1,-1,-1,-1
188,6,1952,816,188,100,1,-1,-1,-1
188,7,1895,908,48,116,1,-1,-1,-1
188,8,1776,916,48,108,1,-1,-1,-1
188,9,1324,828,96,52,1,-1,-1,-1
188,10,1112,825,112,40,1,-1,-1,-1
188,11,1425,829,104,92,1,-1,-1,-1
189,0,0,666,988,764,1,-1,-1,-1
189,2,1734,813,200,132,1,-1,-1,-1
189,3,2214,903,52,112,1,-1,-1,-1
189,4,1573,821,128,80,1,-1,-1,-1
189,5,1378,882,66,119,1,-1,-1,-1
189,6,1952,816,188,100,1,-1,-1,-1
189,7,1897,909,48,116,1,-1,-1,-1
189,8,1777,917,48,108,1,-1,-1,-1
189,9,1324,828,96,52,1,-1,-1,-1
189,10,1112,825,112,40,1,-1,-1,-1
189,11,1425,829,104,92,1,-1,-1,-1
190,0,0,666,988,764,1,-1,-1,-1
190,2,1734,813,200,132,1,-1,-1,-1
190,3,2214,901,55,118,1,-1,-1,-1
190,4,1573,821,128,80,1,-1,-1,-1
190,5,1380,883,66,119,1,-1,-1,-1
190,6,1952,816,188,100,1,-1,-1,-1
190,7,1899,909,48,116,1,-1,-1,-1
190,8,1779,918,48,108,1,-1,-1,-1
190,9,1324,828,96,52,1,-1,-1,-1
190,10,1112,825,112,40,1,-1,-1,-1
190,11,1425,829,104,92,1,-1,-1,-1
191,0,0,666,988,764,1,-1,-1,-1
191,2,1734,812,200,132,1,-1,-1,-1
191,3,2216,900,55,118,1,-1,-1,-1
191,4,1573,821,128,80,1,-1,-1,-1
191,5,1383,883,66,119,1,-1,-1,-1
191,6,1952,816,188,100,1,-1,-1,-1
191,7,1900,910,48,116,1,-1,-1,-1
191,8,1781,918,48,108,1,-1,-1,-1
191,9,1325,828,96,52,1,-1,-1,-1
191,10,1112,825,112,40,1,-1,-1,-1
191,11,1425,829,104,92,1,-1,-1,-1
192,0,0,667,988,764,1,-1,-1,-1
192,2,1735,813,200,132,1,-1,-1,-1
192,3,2217,900,55,118,1,-1,-1,-1
192,4,1573,821,128,80,1,-1,-1,-1
192,5,1384,883,66,119,1,-1,-1,-1
192,6,1952,816,188,100,1,-1,-1,-1
192,7,1904,910,48,116,1,-1,-1,-1
192,8,1784,919,48,108,1,-1,-1,-1
192,9,1325,828,96,52,1,-1,-1,-1
192,10,1112,825,112,40,1,-1,-1,-1
192,11,1425,829,104,92,1,-1,-1,-1
193,0,0,664,988,764,1,-1,-1,-1
193,2,1732,808,204,132,1,-1,-1,-1
193,3,2217,900,55,118,1,-1,-1,-1
193,4,1572,820,128,80,1,-1,-1,-1
193,5,1384,883,66,119,1,-1,-1,-1
193,6,1952,820,188,96,1,-1,-1,-1
193,7,1908,908,52,124,1,-1,-1,-1
193,8,1784,920,52,104,1,-1,-1,-1
193,9,1325,828,96,52,1,-1,-1,-1
193,10,1112,825,112,40,1,-1,-1,-1
193,11,1425,829,104,92,1,-1,-1,-1
194,0,0,664,988,764,1,-1,-1,-1
194,2,1732,808,204,132,1,-1,-1,-1
194,3,2220,902,55,118,1,-1,-1,-1
194,4,1572,820,128,80,1,-1,-1,-1
194,5,1387,883,66,119,1,-1,-1,-1
194,6,1952,820,188,96,1,-1,-1,-1
194,7,1909,908,52,124,1,-1,-1,-1
194,8,1785,920,52,104,1,-1,-1,-1
194,9,1324,828,96,52,1,-1,-1,-1
194,10,1112,825,112,40,1,-1,-1,-1
194,11,1425,829,104,92,1,-1,-1,-1
195,0,0,665,988,764,1,-1,-1,-1
195,2,1732,808,204,132,1,-1,-1,-1
195,3,2222,906,52,112,1,-1,-1,-1
195,4,1572,820,128,80,1,-1,-1,-1
195,5,1388,883,66,119,1,-1,-1,-1
195,6,1952,820,188,96,1,-1,-1,-1
195,7,1911,909,52,124,1,-1,-1,-1
195,8,1786,921,52,104,1,-1,-1,-1
195,9,1325,828,96,52,1,-1,-1,-1
195,10,1112,825,112,40,1,-1,-1,-1
195,11,1425,829,104,92,1,-1,-1,-1
196,0,0,665,988,764,1,-1,-1,-1
196,2,1732,808,204,132,1,-1,-1,-1
196,3,2224,907,52,112,1,-1,-1,-1
196,4,1572,821,128,80,1,-1,-1,-1
196,5,1389,883,66,119,1,-1,-1,-1
196,6,1952,820,188,96,1,-1,-1,-1
196,7,1913,908,52,124,1,-1,-1,-1
196,8,1788,921,52,104,1,-1,-1,-1
196,9,1325,828,96,52,1,-1,-1,-1
196,10,1112,825,112,40,1,-1,-1,-1
196,11,1425,828,104,92,1,-1,-1,-1
197,0,1,665,988,764,1,-1,-1,-1
197,2,1732,807,204,132,1,-1,-1,-1
197,3,2224,907,52,112,1,-1,-1,-1
197,4,1572,821,128,80,1,-1,-1,-1
197,5,1390,884,66,119,1,-1,-1,-1
197,6,1952,820,188,96,1,-1,-1,-1
197,7,1914,908,52,124,1,-1,-1,-1
197,8,1789,921,52,104,1,-1,-1,-1
197,9,1325,828,96,52,1,-1,-1,-1
197,10,1113,825,112,40,1,-1,-1,-1
197,11,1425,829,104,92,1,-1,-1,-1
198,0,1,665,988,764,1,-1,-1,-1
198,2,1732,807,204,132,1,-1,-1,-1
198,3,2225,907,52,112,1,-1,-1,-1
198,4,1572,821,128,80,1,-1,-1,-1
198,5,1391,884,66,119,1,-1,-1,-1
198,6,1953,820,188,96,1,-1,-1,-1
198,7,1916,909,52,124,1,-1,-1,-1
198,8,1790,921,52,104,1,-1,-1,-1
198,9,1325,828,96,52,1,-1,-1,-1
198,10,1112,825,112,40,1,-1,-1,-1
198,11,1425,829,104,92,1,-1,-1,-1
199,0,2,664,988,764,1,-1,-1,-1
199,2,1732,807,204,132,1,-1,-1,-1
199,3,2226,908,52,112,1,-1,-1,-1
199,4,1572,821,128,80,1,-1,-1,-1
199,5,1394,884,66,119,1,-1,-1,-1
199,6,1953,820,188,96,1,-1,-1,-1
199,7,1917,910,52,124,1,-1,-1,-1
199,8,1791,921,52,104,1,-1,-1,-1
199,9,1325,828,96,52,1,-1,-1,-1
199,10,1112,825,112,40,1,-1,-1,-1
199,11,1425,829,104,92,1,-1,-1,-1
200,0,3,665,988,764,1,-1,-1,-1
200,2,1732,807,204,132,1,-1,-1,-1
200,3,2226,908,52,112,1,-1,-1,-1
200,4,1572,821,128,80,1,-1,-1,-1
200,5,1395,884,66,119,1,-1,-1,-1
200,6,1953,820,188,96,1,-1,-1,-1
200,7,1918,909,52,124,1,-1,-1,-1
200,8,1792,921,52,104,1,-1,-1,-1
200,9,1325,828,96,52,1,-1,-1,-1
200,10,1112,825,112,40,1,-1,-1,-1
200,11,1425,829,104,92,1,-1,-1,-1
201,0,0,664,988,764,1,-1,-1,-1
201,2,1732,812,204,124,1,-1,-1,-1
201,3,2228,908,60,108,1,-1,-1,-1
201,4,1572,820,128,80,1,-1,-1,-1
201,5,1395,884,66,119,1,-1,-1,-1
201,6,1952,820,188,96,1,-1,-1,-1
201,7,1920,908,56,124,1,-1,-1,-1
201,8,1800,916,52,108,1,-1,-1,-1
201,9,1324,828,96,52,1,-1,-1,-1
201,10,1112,825,112,40,1,-1,-1,-1
201,11,1425,829,104,92,1,-1,-1,-1
202,0,0,664,988,764,1,-1,-1,-1
202,2,1732,812,204,124,1,-1,-1,-1
202,3,2228,908,60,108,1,-1,-1,-1
202,4,1572,820,128,80,1,-1,-1,-1
202,5,1399,884,66,119,1,-1,-1,-1
202,6,1952,820,188,96,1,-1,-1,-1
202,7,1920,908,56,124,1,-1,-1,-1
202,8,1800,916,52,108,1,-1,-1,-1
202,9,1324,828,96,52,1,-1,-1,-1
202,10,1112,824,112,40,1,-1,-1,-1
202,11,1425,828,104,92,1,-1,-1,-1
203,0,0,665,988,764,1,-1,-1,-1
203,2,1732,812,204,124,1,-1,-1,-1
203,3,2228,908,60,108,1,-1,-1,-1
203,4,1572,820,128,80,1,-1,-1,-1
203,5,1401,885,66,119,1,-1,-1,-1
203,6,1952,820,188,96,1,-1,-1,-1
203,7,1921,909,56,124,1,-1,-1,-1
203,8,1801,916,52,108,1,-1,-1,-1
203,9,1325,828,96,52,1,-1,-1,-1
203,10,1112,825,112,40,1,-1,-1,-1
203,11,1425,829,104,92,1,-1,-1,-1
204,0,1,665,988,764,1,-1,-1,-1
204,2,1732,812,204,124,1,-1,-1,-1
204,3,2229,908,60,108,1,-1,-1,-1
204,4,1572,820,128,80,1,-1,-1,-1
204,5,1406,886,66,119,1,-1,-1,-1
204,6,1952,820,188,96,1,-1,-1,-1
204,7,1922,909,56,124,1,-1,-1,-1
204,8,1802,917,52,108,1,-1,-1,-1
204,9,1325,828,96,52,1,-1,-1,-1
204,10,1112,824,112,40,1,-1,-1,-1
204,11,1425,829,104,92,1,-1,-1,-1
205,0,2,665,988,764,1,-1,-1,-1
205,2,1732,812,204,124,1,-1,-1,-1
205,3,2229,909,60,108,1,-1,-1,-1
205,4,1572,820,128,80,1,-1,-1,-1
205,5,1410,887,66,119,1,-1,-1,-1
205,6,1952,820,188,96,1,-1,-1,-1
205,7,1923,909,56,124,1,-1,-1,-1
205,8,1803,917,52,108,1,-1,-1,-1
205,9,1325,828,96,52,1,-1,-1,-1
205,10,1112,824,112,40,1,-1,-1,-1
205,11,1425,829,104,92,1,-1,-1,-1
206,0,2,664,988,764,1,-1,-1,-1
206,2,1733,812,204,124,1,-1,-1,-1
206,3,2229,909,60,108,1,-1,-1,-1
206,4,1572,820,128,80,1,-1,-1,-1
206,5,1411,886,66,119,1,-1,-1,-1
206,6,1952,820,188,96,1,-1,-1,-1
206,7,1923,909,56,124,1,-1,-1,-1
206,8,1805,917,52,108,1,-1,-1,-1
206,9,1325,828,96,52,1,-1,-1,-1
206,10,1112,824,112,40,1,-1,-1,-1
206,11,1425,829,104,92,1,-1,-1,-1
207,0,3,665,988,764,1,-1,-1,-1
207,2,1733,812,204,124,1,-1,-1,-1
207,3,2229,909,60,108,1,-1,-1,-1
207,4,1572,820,128,80,1,-1,-1,-1
207,5,1415,887,66,119,1,-1,-1,-1
207,6,1953,820,188,96,1,-1,-1,-1
207,7,1924,909,56,124,1,-1,-1,-1
207,8,1806,918,52,108,1,-1,-1,-1
207,9,1325,828,96,52,1,-1,-1,-1
207,10,1112,824,112,40,1,-1,-1,-1
207,11,1425,829,104,92,1,-1,-1,-1
208,0,3,666,988,764,1,-1,-1,-1
208,2,1733,812,204,124,1,-1,-1,-1
208,3,2229,908,60,108,1,-1,-1,-1
208,4,1572,820,128,80,1,-1,-1,-1
208,5,1416,887,66,119,1,-1,-1,-1
208,6,1953,820,188,96,1,-1,-1,-1
208,7,1925,909,56,124,1,-1,-1,-1
208,8,1808,918,52,108,1,-1,-1,-1
208,9,1325,828,96,52,1,-1,-1,-1
208,10,1112,824,112,40,1,-1,-1,-1
208,11,1425,829,104,92,1,-1,-1,-1
209,0,0,664,984,764,1,-1,-1,-1
209,2,1728,812,204,120,1,-1,-1,-1
209,3,2229,908,60,108,1,-1,-1,-1
209,4,1572,820,128,80,1,-1,-1,-1
209,5,1416,887,66,119,1,-1,-1,-1
209,6,1952,816,188,96,1,-1,-1,-1
209,7,1940,904,44,124,1,-1,-1,-1
209,8,1808,918,52,108,1,-1,-1,-1
209,9,1324,828,96,52,1,-1,-1,-1
209,10,1112,824,112,40,1,-1,-1,-1
209,11,1425,829,104,92,1,-1,-1,-1
210,0,0,664,984,764,1,-1,-1,-1
210,2,1728,812,204,120,1,-1,-1,-1
210,3,2230,908,60,108,1,-1,-1,-1
210,4,1572,820,128,80,1,-1,-1,-1
210,5,1418,888,66,119,1,-1,-1,-1
210,6,1952,816,188,96,1,-1,-1,-1
210,7,1940,904,44,124,1,-1,-1,-1
210,8,1811,918,52,108,1,-1,-1,-1
210,9,1324,828,96,52,1,-1,-1,-1
210,10,1112,824,112,40,1,-1,-1,-1
210,11,1425,829,104,92,1,-1,-1,-1
211,0,0,664,982,764,1,-1,-1,-1
211,2,1729,812,204,120,1,-1,-1,-1
211,3,2230,908,60,108,1,-1,-1,-1
211,4,1572,820,128,80,1,-1,-1,-1
211,5,1420,889,66,119,1,-1,-1,-1
211,6,1953,816,188,96,1,-1,-1,-1
211,7,1942,904,44,124,1,-1,-1,-1
211,8,1812,918,52,108,1,-1,-1,-1
211,9,1325,828,96,52,1,-1,-1,-1
211,10,1112,824,112,40,1,-1,-1,-1
211,11,1425,829,104,92,1,-1,-1,-1
212,0,0,665,983,764,1,-1,-1,-1
212,2,1729,812,204,120,1,-1,-1,-1
212,3,2230,908,60,108,1,-1,-1,-1
212,4,1572,820,128,80,1,-1,-1,-1
212,5,1423,888,66,119,1,-1,-1,-1
212,6,1953,816,188,96,1,-1,-1,-1
212,7,1942,904,44,124,1,-1,-1,-1
212,8,1815,918,52,108,1,-1,-1,-1
212,9,1325,828,96,52,1,-1,-1,-1
212,10,1112,824,112,40,1,-1,-1,-1
212,11,1425,829,104,92,1,-1,-1,-1
213,0,0,663,983,764,1,-1,-1,-1
213,2,1729,812,204,120,1,-1,-1,-1
213,3,2230,908,60,108,1,-1,-1,-1
213,4,1572,821,128,80,1,-1,-1,-1
213,5,1424,888,66,119,1,-1,-1,-1
213,6,1953,816,188,96,1,-1,-1,-1
213,7,1943,904,44,124,1,-1,-1,-1
213,8,1817,918,52,108,1,-1,-1,-1
213,9,1325,828,96,52,1,-1,-1,-1
213,10,1112,824,112,40,1,-1,-1,-1
213,11,1425,829,104,92,1,-1,-1,-1
214,0,0,664,982,764,1,-1,-1,-1
214,2,1729,812,204,120,1,-1,-1,-1
214,3,2231,908,60,108,1,-1,-1,-1
214,4,1572,821,128,80,1,-1,-1,-1
214,5,1425,888,66,119,1,-1,-1,-1
214,6,1953,816,188,96,1,-1,-1,-1
214,7,1945,904,44,124,1,-1,-1,-1
214,8,1819,918,52,108,1,-1,-1,-1
214,9,1325,828,96,52,1,-1,-1,-1
214,10,1112,824,112,40,1,-1,-1,-1
214,11,1425,829,104,92,1,-1,-1,-1
215,0,0,665,983,764,1,-1,-1,-1
215,2,1729,812,204,120,1,-1,-1,-1
215,3,2231,908,60,108,1,-1,-1,-1
215,4,1572,820,128,80,1,-1,-1,-1
215,5,1426,888,66,119,1,-1,-1,-1
215,6,1953,816,188,96,1,-1,-1,-1
215,7,1944,901,46,130,1,-1,-1,-1
215,8,1820,918,52,108,1,-1,-1,-1
215,9,1325,828,96,52,1,-1,-1,-1
215,10,1112,825,112,40,1,-1,-1,-1
215,11,1425,829,104,92,1,-1,-1,-1
216,0,0,664,983,764,1,-1,-1,-1
216,2,1730,813,204,120,1,-1,-1,-1
216,3,2231,908,60,108,1,-1,-1,-1
216,4,1572,820,128,80,1,-1,-1,-1
216,5,1428,889,66,119,1,-1,-1,-1
216,6,1953,816,188,96,1,-1,-1,-1
216,7,1946,901,46,130,1,-1,-1,-1
216,8,1822,918,52,108,1,-1,-1,-1
216,9,1324,828,96,52,1,-1,-1,-1
216,10,1112,825,112,40,1,-1,-1,-1
216,11,1425,829,104,92,1,-1,-1,-1
217,0,0,664,984,764,1,-1,-1,-1
217,2,1732,812,208,128,1,-1,-1,-1
217,3,2231,908,60,108,1,-1,-1,-1
217,4,1572,820,128,80,1,-1,-1,-1
217,5,1428,889,66,119,1,-1,-1,-1
217,6,1952,816,176,100,1,-1,-1,-1
217,7,1948,912,48,116,1,-1,-1,-1
217,8,1824,912,48,112,1,-1,-1,-1
217,9,1324,828,96,52,1,-1,-1,-1
217,10,1112,825,112,40,1,-1,-1,-1
217,11,1424,828,100,92,1,-1,-1,-1
218,0,0,664,984,764,1,-1,-1,-1
218,2,1732,812,208,128,1,-1,-1,-1
218,3,2231,908,60,108,1,-1,-1,-1
218,4,1572,820,128,80,1,-1,-1,-1
218,5,1431,889,66,119,1,-1,-1,-1
218,6,1952,816,176,100,1,-1,-1,-1
218,7,1949,912,48,116,1,-1,-1,-1
218,8,1825,912,48,112,1,-1,-1,-1
218,9,1324,828,96,52,1,-1,-1,-1
218,10,1112,825,112,40,1,-1,-1,-1
218,11,1424,828,100,92,1,-1,-1,-1
219,0,0,664,983,764,1,-1,-1,-1
219,2,1732,813,208,128,1,-1,-1,-1
219,3,2231,909,60,108,1,-1,-1,-1
219,4,1573,820,128,80,1,-1,-1,-1
219,5,1432,890,66,119,1,-1,-1,-1
219,6,1952,816,176,100,1,-1,-1,-1
219,7,1950,912,48,116,1,-1,-1,-1
219,8,1827,912,48,112,1,-1,-1,-1
219,9,1324,829,96,52,1,-1,-1,-1
219,10,1112,825,112,40,1,-1,-1,-1
219,11,1424,828,100,92,1,-1,-1,-1
220,0,0,664,982,764,1,-1,-1,-1
220,2,1733,813,208,128,1,-1,-1,-1
220,3,2232,908,60,108,1,-1,-1,-1
220,4,1573,820,128,80,1,-1,-1,-1
220,5,1434,890,66,119,1,-1,-1,-1
220,6,1952,816,176,100,1,-1,-1,-1
220,7,1952,912,48,116,1,-1,-1,-1
220,8,1829,913,48,112,1,-1,-1,-1
220,9,1324,829,96,52,1,-1,-1,-1
220,10,1112,825,112,40,1,-1,-1,-1
220,11,1424,828,100,92,1,-1,-1,-1
221,0,0,665,981,764,1,-1,-1,-1
221,2,1734,813,208,128,1,-1,-1,-1
221,3,2232,908,60,108,1,-1,-1,-1
221,4,1573,820,128,80,1,-1,-1,-1
221,5,1436,891,66,119,1,-1,-1,-1
221,6,1952,816,176,100,1,-1,-1,-1
221,7,1953,912,48,116,1,-1,-1,-1
221,8,1831,914,48,112,1,-1,-1,-1
221,9,1324,829,96,52,1,-1,-1,-1
221,10,1112,825,112,40,1,-1,-1,-1
221,11,1424,828,100,92,1,-1,-1,-1
222,0,0,666,983,764,1,-1,-1,-1
222,2,1734,812,208,128,1,-1,-1,-1
222,3,2232,908,60,108,1,-1,-1,-1
222,4,1573,820,128,80,1,-1,-1,-1
222,5,1437,891,66,119,1,-1,-1,-1
222,6,1952,816,176,100,1,-1,-1,-1
222,7,1955,913,48,116,1,-1,-1,-1
222,8,1834,917,46,107,1,-1,-1,-1
222,9,1324,829,96,52,1,-1,-1,-1
222,10,1112,825,112,40,1,-1,-1,-1
222,11,1424,828,100,92,1,-1,-1,-1
223,0,0,666,982,764,1,-1,-1,-1
223,2,1734,813,208,128,1,-1,-1,-1
223,3,2232,908,60,108,1,-1,-1,-1
223,4,1573,820,128,80,1,-1,-1,-1
223,5,1438,891,66,119,1,-1,-1,-1
223,6,1953,816,176,100,1,-1,-1,-1
223,7,1957,913,48,116,1,-1,-1,-1
223,8,1835,917,46,107,1,-1,-1,-1
223,9,1324,828,96,52,1,-1,-1,-1
223,10,1112,825,112,40,1,-1,-1,-1
223,11,1424,828,100,92,1,-1,-1,-1
224,0,0,666,982,764,1,-1,-1,-1
224,2,1733,813,208,128,1,-1,-1,-1
224,3,2232,908,60,108,1,-1,-1,-1
224,4,1573,820,128,80,1,-1,-1,-1
224,5,1439,892,66,119,1,-1,-1,-1
224,6,1953,816,176,100,1,-1,-1,-1
224,7,1959,913,48,116,1,-1,-1,-1
224,8,1836,918,46,107,1,-1,-1,-1
224,9,1324,828,96,52,1,-1,-1,-1
224,10,1112,825,112,40,1,-1,-1,-1
224,11,1424,828,100,92,1,-1,-1,-1
225,0,0,664,984,760,1,-1,-1,-1
225,2,1732,812,204,128,1,-1,-1,-1
225,3,2236,896,52,120,1,-1,-1,-1
225,4,1572,820,128,80,1,-1,-1,-1
225,5,1439,892,66,119,1,-1,-1,-1
225,6,1952,816,192,100,1,-1,-1,-1
225,7,1960,912,56,124,1,-1,-1,-1
225,8,1840,916,48,108,1,-1,-1,-1
225,9,1324,828,96,52,1,-1,-1,-1
225,10,1112,825,112,40,1,-1,-1,-1
225,11,1424,828,108,96,1,-1,-1,-1
226,0,0,664,984,760,1,-1,-1,-1
226,2,1732,812,204,128,1,-1,-1,-1
226,3,2236,896,52,120,1,-1,-1,-1
226,4,1572,820,128,80,1,-1,-1,-1
226,5,1441,892,66,119,1,-1,-1,-1
226,6,1952,816,192,100,1,-1,-1,-1
226,7,1961,912,56,124,1,-1,-1,-1
226,8,1841,916,48,108,1,-1,-1,-1
226,9,1324,828,96,52,1,-1,-1,-1
226,10,1112,825,112,40,1,-1,-1,-1
226,11,1424,828,108,96,1,-1,-1,-1
227,0,1,664,984,760,1,-1,-1,-1
227,2,1732,812,204,128,1,-1,-1,-1
227,3,2236,897,52,120,1,-1,-1,-1
227,4,1572,820,128,80,1,-1,-1,-1
227,5,1442,893,66,119,1,-1,-1,-1
227,6,1953,816,192,100,1,-1,-1,-1
227,7,1962,913,56,124,1,-1,-1,-1
227,8,1841,916,48,108,1,-1,-1,-1
227,9,1325,829,96,52,1,-1,-1,-1
227,10,1112,825,112,40,1,-1,-1,-1
227,11,1424,829,108,96,1,-1,-1,-1
228,0,1,664,984,760,1,-1,-1,-1
228,2,1732,812,204,128,1,-1,-1,-1
228,3,2237,897,52,120,1,-1,-1,-1
228,4,1572,820,128,80,1,-1,-1,-1
228,5,1446,895,63,113,1,-1,-1,-1
228,6,1953,816,192,100,1,-1,-1,-1
228,7,1963,913,56,124,1,-1,-1,-1
228,8,1842,916,48,108,1,-1,-1,-1
228,9,1325,829,96,52,1,-1,-1,-1
228,10,1112,825,112,40,1,-1,-1,-1
228,11,1424,829,108,96,1,-1,-1,-1
229,0,1,664,984,760,1,-1,-1,-1
229,2,1733,812,204,128,1,-1,-1,-1
229,3,2237,897,52,120,1,-1,-1,-1
229,4,1572,820,128,80,1,-1,-1,-1
229,5,1447,895,63,113,1,-1,-1,-1
229,6,1953,816,192,100,1,-1,-1,-1
229,7,1965,913,56,124,1,-1,-1,-1
229,8,1843,917,48,108,1,-1,-1,-1
229,9,1325,829,96,52,1,-1,-1,-1
229,10,1112,825,112,40,1,-1,-1,-1
229,11,1424,829,108,96,1,-1,-1,-1
230,0,1,664,984,760,1,-1,-1,-1
230,2,1733,813,204,128,1,-1,-1,-1
230,3,2237,897,52,120,1,-1,-1,-1
230,4,1572,820,128,80,1,-1,-1,-1
230,5,1447,896,63,113,1,-1,-1,-1
230,6,1953,816,192,100,1,-1,-1,-1
230,7,1966,913,56,124,1,-1,-1,-1
230,8,1845,917,48,108,1,-1,-1,-1
230,9,1325,829,96,52,1,-1,-1,-1
230,10,1112,825,112,40,1,-1,-1,-1
230,11,1425,829,108,96,1,-1,-1,-1
231,0,1,664,984,760,1,-1,-1,-1
231,2,1733,813,204,128,1,-1,-1,-1
231,3,2238,897,52,120,1,-1,-1,-1
231,4,1572,820,128,80,1,-1,-1,-1
231,5,1448,895,63,113,1,-1,-1,-1
231,6,1953,816,192,100,1,-1,-1,-1
231,7,1967,913,56,124,1,-1,-1,-1
231,8,1846,916,48,108,1,-1,-1,-1
231,9,1325,829,96,52,1,-1,-1,-1
231,10,1112,825,112,40,1,-1,-1,-1
231,11,1425,829,108,96,1,-1,-1,-1
232,0,1,664,984,760,1,-1,-1,-1
232,2,1733,813,204,128,1,-1,-1,-1
232,3,2238,897,52,120,1,-1,-1,-1
232,4,1572,820,128,80,1,-1,-1,-1
232,5,1450,895,63,113,1,-1,-1,-1
232,6,1953,817,192,100,1,-1,-1,-1
232,7,1967,914,56,124,1,-1,-1,-1
232,8,1847,916,48,108,1,-1,-1,-1
232,9,1325,829,96,52,1,-1,-1,-1
232,10,1112,825,112,40,1,-1,-1,-1
232,11,1425,829,108,96,1,-1,-1,-1
233,0,0,664,988,764,1,-1,-1,-1
233,2,1732,812,204,128,1,-1,-1,-1
233,3,2244,900,44,116,1,-1,-1,-1
233,4,1572,820,128,80,1,-1,-1,-1
233,5,1450,895,63,113,1,-1,-1,-1
233,6,1952,816,192,100,1,-1,-1,-1
233,7,1972,912,52,120,1,-1,-1,-1
233,8,1847,916,48,108,1,-1,-1,-1
233,9,1324,828,96,52,1,-1,-1,-1
233,10,1112,825,112,40,1,-1,-1,-1
233,11,1424,828,108,96,1,-1,-1,-1
234,0,0,664,988,764,1,-1,-1,-1
234,2,1732,812,204,128,1,-1,-1,-1
234,3,2244,900,44,116,1,-1,-1,-1
234,4,1572,820,128,80,1,-1,-1,-1
234,5,1450,895,63,113,1,-1,-1,-1
234,6,1952,816,192,100,1,-1,-1,-1
234,7,1972,912,52,120,1,-1,-1,-1
234,8,1850,917,48,108,1,-1,-1,-1
234,9,1324,828,96,52,1,-1,-1,-1
234,10,1112,825,112,40,1,-1,-1,-1
234,11,1424,828,108,96,1,-1,-1,-1
235,0,0,664,988,764,1,-1,-1,-1
235,2,1732,812,204,128,1,-1,-1,-1
235,3,2244,900,44,116,1,-1,-1,-1
235,4,1572,820,128,80,1,-1,-1,-1
235,5,1452,896,63,113,1,-1,-1,-1
235,6,1953,816,192,100,1,-1,-1,-1
235,7,1973,913,52,120,1,-1,-1,-1
235,8,1852,916,48,108,1,-1,-1,-1
235,9,1324,828,96,52,1,-1,-1,-1
235,10,1112,825,112,40,1,-1,-1,-1
235,11,1424,828,108,96,1,-1,-1,-1
236,0,0,664,988,764,1,-1,-1,-1
236,2,1732,812,204,128,1,-1,-1,-1
236,3,2245,900,44,116,1,-1,-1,-1
236,4,1573,820,128,80,1,-1,-1,-1
236,5,1453,896,63,113,1,-1,-1,-1
236,6,1953,816,192,100,1,-1,-1,-1
236,7,1974,913,52,120,1,-1,-1,-1
236,8,1854,915,48,108,1,-1,-1,-1
236,9,1325,829,96,52,1,-1,-1,-1
236,10,1112,825,112,40,1,-1,-1,-1
236,11,1424,828,108,96,1,-1,-1,-1
237,0,0,664,987,764,1,-1,-1,-1
237,2,1733,812,204,128,1,-1,-1,-1
237,3,2245,900,44,116,1,-1,-1,-1
237,4,1572,820,128,80,1,-1,-1,-1
237,5,1454,895,63,113,1,-1,-1,-1
237,6,1953,816,192,100,1,-1,-1,-1
237,7,1975,913,52,120,1,-1,-1,-1
237,8,1855,913,50,113,1,-1,-1,-1
237,9,1325,829,96,52,1,-1,-1,-1
237,10,1112,825,112,40,1,-1,-1,-1
237,11,1424,828,108,96,1,-1,-1,-1
238,0,0,665,987,764,1,-1,-1,-1
238,2,1733,812,204,128,1,-1,-1,-1
238,3,2246,900,44,116,1,-1,-1,-1
238,4,1572,820,128,80,1,-1,-1,-1
238,5,1454,895,63,113,1,-1,-1,-1
238,6,1953,817,192,100,1,-1,-1,-1
238,7,1975,913,52,120,1,-1,-1,-1
238,8,1857,913,50,113,1,-1,-1,-1
238,9,1325,829,96,52,1,-1,-1,-1
238,10,1112,825,112,40,1,-1,-1,-1
238,11,1425,828,108,96,1,-1,-1,-1
239,0,0,666,987,764,1,-1,-1,-1
239,2,1733,812,204,128,1,-1,-1,-1
239,3,2246,900,44,116,1,-1,-1,-1
239,4,1572,820,128,80,1,-1,-1,-1
239,5,1456,896,63,113,1,-1,-1,-1
239,6,1953,817,192,100,1,-1,-1,-1
239,7,1976,914,52,120,1,-1,-1,-1
239,8,1860,913,50,113,1,-1,-1,-1
239,9,1325,829,96,52,1,-1,-1,-1
239,10,1112,825,112,40,1,-1,-1,-1
239,11,1425,828,108,96,1,-1,-1,-1
240,0,0,665,988,764,1,-1,-1,-1
240,2,1732,812,204,128,1,-1,-1,-1
240,3,2246,900,44,116,1,-1,-1,-1
240,4,1572,820,128,80,1,-1,-1,-1
240,5,1456,896,63,113,1,-1,-1,-1
240,6,1953,817,192,100,1,-1,-1,-1
240,7,1976,914,52,120,1,-1,-1,-1
240,8,1864,912,50,113,1,-1,-1,-1
240,9,1325,829,96,52,1,-1,-1,-1
240,10,1112,825,112,40,1,-1,-1,-1
240,11,1425,829,108,96,1,-1,-1,-1
241,0,0,664,988,764,1,-1,-1,-1
241,2,1732,812,200,128,1,-1,-1,-1
241,3,2246,900,44,116,1,-1,-1,-1
241,4,1572,820,128,80,1,-1,-1,-1
241,5,1456,896,63,113,1,-1,-1,-1
241,6,1952,816,192,104,1,-1,-1,-1
241,7,1984,920,44,108,1,-1,-1,-1
241,8,1864,912,50,113,1,-1,-1,-1
241,9,1324,828,96,52,1,-1,-1,-1
241,10,1112,825,112,40,1,-1,-1,-1
241,11,1424,828,108,96,1,-1,-1,-1
242,0,0,664,988,764,1,-1,-1,-1
242,2,1732,812,200,128,1,-1,-1,-1
242,3,2246,900,44,116,1,-1,-1,-1
242,4,1572,820,128,80,1,-1,-1,-1
242,5,1458,897,63,113,1,-1,-1,-1
242,6,1952,816,192,104,1,-1,-1,-1
242,7,1985,920,44,108,1,-1,-1,-1
242,8,1867,911,50,113,1,-1,-1,-1
242,9,1324,828,96,52,1,-1,-1,-1
242,10,1112,825,112,40,1,-1,-1,-1
242,11,1424,828,108,96,1,-1,-1,-1
243,0,0,663,988,764,1,-1,-1,-1
243,2,1732,812,200,128,1,-1,-1,-1
243,3,2246,900,44,116,1,-1,-1,-1
243,4,1572,820,128,80,1,-1,-1,-1
243,5,1460,897,63,113,1,-1,-1,-1
243,6,1953,817,192,104,1,-1,-1,-1
243,7,1986,920,44,108,1,-1,-1,-1
243,8,1869,911,50,113,1,-1,-1,-1
243,9,1324,828,96,52,1,-1,-1,-1
243,10,1112,825,112,40,1,-1,-1,-1
243,11,1424,828,108,96,1,-1,-1,-1
244,0,0,662,988,764,1,-1,-1,-1
244,2,1732,812,200,128,1,-1,-1,-1
244,3,2246,900,44,116,1,-1,-1,-1
244,4,1572,820,128,80,1,-1,-1,-1
244,5,1462,898,63,113,1,-1,-1,-1
244,6,1953,817,192,104,1,-1,-1,-1
244,7,1987,921,44,108,1,-1,-1,-1
244,8,1870,910,50,113,1,-1,-1,-1
244,9,1324,828,96,52,1,-1,-1,-1
244,10,1112,825,112,40,1,-1,-1,-1
244,11,1424,828,108,96,1,-1,-1,-1
245,0,0,663,987,764,1,-1,-1,-1
245,2,1732,812,200,128,1,-1,-1,-1
245,3,2246,900,44,116,1,-1,-1,-1
245,4,1572,820,128,80,1,-1,-1,-1
245,5,1463,898,63,113,1,-1,-1,-1
245,6,1953,817,192,104,1,-1,-1,-1
245,7,1988,921,44,108,1,-1,-1,-1
245,8,1871,910,50,113,1,-1,-1,-1
245,9,1324,828,96,52,1,-1,-1,-1
245,10,1112,825,112,40,1,-1,-1,-1
245,11,1424,828,108,96,1,-1,-1,-1
246,0,0,663,987,764,1,-1,-1,-1
246,2,1732,812,200,128,1,-1,-1,-1
246,3,2247,900,44,116,1,-1,-1,-1
246,4,1572,820,128,80,1,-1,-1,-1
246,5,1465,898,63,113,1,-1,-1,-1
246,6,1953,816,192,104,1,-1,-1,-1
246,7,1989,921,44,108,1,-1,-1,-1
246,8,1873,910,50,113,1,-1,-1,-1
246,9,1324,828,96,52,1,-1,-1,-1
246,10,1112,825,112,40,1,-1,-1,-1
246,11,1425,829,108,96,1,-1,-1,-1
247,0,0,664,987,764,1,-1,-1,-1
247,2,1732,813,200,128,1,-1,-1,-1
247,3,2247,900,44,116,1,-1,-1,-1
247,4,1572,820,128,80,1,-1,-1,-1
247,5,1466,898,63,113,1,-1,-1,-1
247,6,1953,816,192,104,1,-1,-1,-1
247,7,1991,921,44,108,1,-1,-1,-1
247,8,1874,910,50,113,1,-1,-1,-1
247,9,1324,828,96,52,1,-1,-1,-1
247,10,1112,825,112,40,1,-1,-1,-1
247,11,1425,829,108,96,1,-1,-1,-1
248,0,0,664,987,764,1,-1,-1,-1
248,2,1732,813,200,128,1,-1,-1,-1
248,3,2247,900,44,116,1,-1,-1,-1
248,4,1572,820,128,80,1,-1,-1,-1
248,5,1467,899,63,113,1,-1,-1,-1
248,6,1953,816,192,104,1,-1,-1,-1
248,7,1993,921,44,108,1,-1,-1,-1
248,8,1877,911,50,113,1,-1,-1,-1
248,9,1324,828,96,52,1,-1,-1,-1
248,10,1112,825,112,40,1,-1,-1,-1
248,11,1425,829,108,96,1,-1,-1,-1
249,0,0,664,988,764,1,-1,-1,-1
249,2,1732,812,208,132,1,-1,-1,-1
249,3,2240,896,52,120,1,-1,-1,-1
249,4,1572,820,128,80,1,-1,-1,-1
249,5,1467,899,63,113,1,-1,-1,-1
249,6,1952,820,188,100,1,-1,-1,-1
249,7,1996,920,48,108,1,-1,-1,-1
249,8,1876,916,44,108,1,-1,-1,-1
249,9,1324,828,96,52,1,-1,-1,-1
249,10,1112,825,112,40,1,-1,-1,-1
249,11,1424,832,104,88,1,-1,-1,-1
250,0,0,664,988,764,1,-1,-1,-1
250,2,1732,812,208,132,1,-1,-1,-1
250,3,2240,896,52,120,1,-1,-1,-1
250,4,1572,820,128,80,1,-1,-1,-1
250,5,1469,899,63,113,1,-1,-1,-1
250,6,1952,820,188,100,1,-1,-1,-1
250,7,1997,920,48,108,1,-1,-1,-1
250,8,1876,916,44,108,1,-1,-1,-1
250,9,1324,828,96,52,1,-1,-1,-1
250,10,1112,825,112,40,1,-1,-1,-1
250,11,1424,832,104,88,1,-1,-1,-1
251,0,0,664,987,764,1,-1,-1,-1
251,2,1732,813,208,132,1,-1,-1,-1
251,3,2240,896,52,120,1,-1,-1,-1
251,4,1572,820,128,80,1,-1,-1,-1
251,5,1470,900,63,113,1,-1,-1,-1
251,6,1952,820,188,100,1,-1,-1,-1
251,7,1999,920,48,108,1,-1,-1,-1
251,8,1877,916,44,108,1,-1,-1,-1
251,9,1324,828,96,52,1,-1,-1,-1
251,10,1112,825,112,40,1,-1,-1,-1
251,11,1424,833,104,88,1,-1,-1,-1
252,0,1,665,988,764,1,-1,-1,-1
252,2,1732,812,208,132,1,-1,-1,-1
252,3,2240,896,52,120,1,-1,-1,-1
252,4,1573,820,128,80,1,-1,-1,-1
252,5,1472,900,63,113,1,-1,-1,-1
252,6,1953,820,188,100,1,-1,-1,-1
252,7,2001,921,48,108,1,-1,-1,-1
252,8,1876,913,46,113,1,-1,-1,-1
252,9,1324,829,96,52,1,-1,-1,-1
252,10,1112,825,112,40,1,-1,-1,-1
252,11,1424,833,104,88,1,-1,-1,-1
253,0,1,664,988,764,1,-1,-1,-1
253,2,1732,812,208,132,1,-1,-1,-1
253,3,2240,896,52,120,1,-1,-1,-1
253,4,1573,820,128,80,1,-1,-1,-1
253,5,1475,901,63,113,1,-1,-1,-1
253,6,1953,820,188,100,1,-1,-1,-1
253,7,2004,922,48,108,1,-1,-1,-1
253,8,1877,913,46,113,1,-1,-1,-1
253,9,1324,829,96,52,1,-1,-1,-1
253,10,1113,825,112,40,1,-1,-1,-1
253,11,1425,833,104,88,1,-1,-1,-1
254,0,1,665,988,764,1,-1,-1,-1
254,2,1732,812,208,132,1,-1,-1,-1
254,3,2241,896,52,120,1,-1,-1,-1
254,4,1573,820,128,80,1,-1,-1,-1
254,5,1476,901,63,113,1,-1,-1,-1
254,6,1953,820,188,100,1,-1,-1,-1
254,7,2006,922,48,108,1,-1,-1,-1
254,8,1877,913,46,113,1,-1,-1,-1
254,9,1324,829,96,52,1,-1,-1,-1
254,10,1112,825,112,40,1,-1,-1,-1
254,11,1425,833,104,88,1,-1,-1,-1
255,0,1,665,988,764,1,-1,-1,-1
255,2,1732,813,208,132,1,-1,-1,-1
255,3,2241,896,52,120,1,-1,-1,-1
255,4,1573,820,128,80,1,-1,-1,-1
255,5,1479,902,63,113,1,-1,-1,-1
255,6,1953,821,188,100,1,-1,-1,-1
255,7,2009,922,48,108,1,-1,-1,-1
255,8,1878,912,46,113,1,-1,-1,-1
255,9,1324,829,96,52,1,-1,-1,-1
255,10,1112,825,112,40,1,-1,-1,-1
255,11,1425,833,104,88,1,-1,-1,-1
256,0,0,664,988,764,1,-1,-1,-1
256,2,1732,813,208,132,1,-1,-1,-1
256,3,2241,896,52,120,1,-1,-1,-1
256,4,1573,820,128,80,1,-1,-1,-1
256,5,1480,902,63,113,1,-1,-1,-1
256,6,1953,821,188,100,1,-1,-1,-1
256,7,2011,923,48,108,1,-1,-1,-1
256,8,1878,913,46,113,1,-1,-1,-1
256,9,1324,829,96,52,1,-1,-1,-1
256,10,1112,825,112,40,1,-1,-1,-1
256,11,1425,833,104,88,1,-1,-1,-1
257,0,0,664,988,764,1,-1,-1,-1
257,2,1732,812,196,132,1,-1,-1,-1
257,3,2244,896,48,120,1,-1,-1,-1
257,4,1572,820,128,80,1,-1,-1,-1
257,5,1480,902,63,113,1,-1,-1,-1
257,6,1952,816,192,100,1,-1,-1,-1
257,7,2012,928,60,104,1,-1,-1,-1
257,8,1880,904,56,120,1,-1,-1,-1
257,9,1324,828,96,52,1,-1,-1,-1
257,10,1112,825,112,40,1,-1,-1,-1
257,11,1424,828,104,92,1,-1,-1,-1
258,0,0,664,988,764,1,-1,-1,-1
258,2,1732,812,196,132,1,-1,-1,-1
258,3,2244,896,48,120,1,-1,-1,-1
258,4,1572,820,128,80,1,-1,-1,-1
258,5,1486,903,63,113,1,-1,-1,-1
258,6,1952,816,192,100,1,-1,-1,-1
258,7,2013,928,60,104,1,-1,-1,-1
258,8,1880,904,56,120,1,-1,-1,-1
258,9,1324,828,96,52,1,-1,-1,-1
258,10,1112,825,112,40,1,-1,-1,-1
258,11,1424,828,104,92,1,-1,-1,-1
259,0,0,664,987,764,1,-1,-1,-1
259,2,1733,813,196,132,1,-1,-1,-1
259,3,2244,896,48,120,1,-1,-1,-1
259,4,1572,820,128,80,1,-1,-1,-1
259,5,1488,903,63,113,1,-1,-1,-1
259,6,1952,816,192,100,1,-1,-1,-1
259,7,2015,929,60,104,1,-1,-1,-1
259,8,1880,905,56,120,1,-1,-1,-1
259,9,1324,828,96,52,1,-1,-1,-1
259,10,1113,825,112,40,1,-1,-1,-1
259,11,1425,829,104,92,1,-1,-1,-1
260,0,0,664,987,764,1,-1,-1,-1
260,2,1733,813,196,132,1,-1,-1,-1
260,3,2244,896,48,120,1,-1,-1,-1
260,4,1572,820,128,80,1,-1,-1,-1
260,5,1491,904,63,113,1,-1,-1,-1
260,6,1952,816,192,100,1,-1,-1,-1
260,7,2016,928,60,104,1,-1,-1,-1
260,8,1881,904,56,120,1,-1,-1,-1
260,9,1324,828,96,52,1,-1,-1,-1
260,10,1112,825,112,40,1,-1,-1,-1
260,11,1425,828,104,92,1,-1,-1,-1
261,0,0,664,988,764,1,-1,-1,-1
261,2,1733,813,196,132,1,-1,-1,-1
261,3,2244,896,48,120,1,-1,-1,-1
261,4,1572,820,128,80,1,-1,-1,-1
261,5,1494,905,63,113,1,-1,-1,-1
261,6,1953,816,192,100,1,-1,-1,-1
261,7,2016,929,60,104,1,-1,-1,-1
261,8,1881,904,56,120,1,-1,-1,-1
261,9,1324,829,96,52,1,-1,-1,-1
261,10,1112,825,112,40,1,-1,-1,-1
261,11,1425,828,104,92,1,-1,-1,-1
262,0,0,664,987,764,1,-1,-1,-1
262,2,1733,812,196,132,1,-1,-1,-1
262,3,2245,896,48,120,1,-1,-1,-1
262,4,1572,820,128,80,1,-1,-1,-1
262,5,1496,903,66,119,1,-1,-1,-1
262,6,1953,816,192,100,1,-1,-1,-1
262,7,2017,929,60,104,1,-1,-1,-1
262,8,1881,903,56,120,1,-1,-1,-1
262,9,1325,829,96,52,1,-1,-1,-1
262,10,1112,825,112,40,1,-1,-1,-1
262,11,1425,828,104,92,1,-1,-1,-1
263,0,1,665,988,764,1,-1,-1,-1
263,2,1733,812,196,132,1,-1,-1,-1
263,3,2246,896,48,120,1,-1,-1,-1
263,4,1572,820,128,80,1,-1,-1,-1
263,5,1498,904,66,119,1,-1,-1,-1
263,6,1952,816,192,100,1,-1,-1,-1
263,7,2018,929,60,104,1,-1,-1,-1
263,8,1881,903,56,120,1,-1,-1,-1
263,9,1325,829,96,52,1,-1,-1,-1
263,10,1112,825,112,40,1,-1,-1,-1
263,11,1425,828,104,92,1,-1,-1,-1
264,0,0,664,988,764,1,-1,-1,-1
264,2,1733,812,196,132,1,-1,-1,-1
264,3,2246,896,48,120,1,-1,-1,-1
264,4,1572,820,128,80,1,-1,-1,-1
264,5,1502,905,66,119,1,-1,-1,-1
264,6,1952,816,192,100,1,-1,-1,-1
264,7,2019,929,60,104,1,-1,-1,-1
264,8,1881,903,56,120,1,-1,-1,-1
264,9,1325,829,96,52,1,-1,-1,-1
264,10,1113,825,112,40,1,-1,-1,-1
264,11,1425,828,104,92,1,-1,-1,-1
265,0,0,664,988,764,1,-1,-1,-1
265,2,1732,816,200,128,1,-1,-1,-1
265,3,2244,892,48,124,1,-1,-1,-1
265,4,1572,820,128,80,1,-1,-1,-1
265,5,1502,905,66,119,1,-1,-1,-1
265,6,1952,816,196,104,1,-1,-1,-1
265,7,2024,916,52,112,1,-1,-1,-1
265,8,1880,900,60,124,1,-1,-1,-1
265,9,1325,829,96,52,1,-1,-1,-1
265,10,1113,825,112,40,1,-1,-1,-1
265,11,1424,828,108,96,1,-1,-1,-1
266,0,0,664,988,764,1,-1,-1,-1
266,2,1732,816,200,128,1,-1,-1,-1
266,3,2244,892,48,124,1,-1,-1,-1
266,4,1572,820,128,80,1,-1,-1,-1
266,5,1510,906,66,119,1,-1,-1,-1
266,6,1952,816,196,104,1,-1,-1,-1
266,7,2024,916,52,112,1,-1,-1,-1
266,8,1880,900,60,124,1,-1,-1,-1
266,9,1325,829,96,52,1,-1,-1,-1
266,10,1113,825,112,40,1,-1,-1,-1
266,11,1424,828,108,96,1,-1,-1,-1
267,0,0,664,987,764,1,-1,-1,-1
267,2,1732,816,200,128,1,-1,-1,-1
267,3,2244,892,48,124,1,-1,-1,-1
267,4,1573,820,128,80,1,-1,-1,-1
267,5,1516,908,66,119,1,-1,-1,-1
267,6,1953,816,196,104,1,-1,-1,-1
267,7,2025,916,52,112,1,-1,-1,-1
267,8,1881,901,60,124,1,-1,-1,-1
267,9,1325,829,96,52,1,-1,-1,-1
267,10,1112,825,112,40,1,-1,-1,-1
267,11,1425,828,108,96,1,-1,-1,-1
268,0,0,664,987,764,1,-1,-1,-1
268,2,1732,816,200,128,1,-1,-1,-1
268,3,2246,892,48,124,1,-1,-1,-1
268,4,1573,820,128,80,1,-1,-1,-1
268,5,1521,910,66,119,1,-1,-1,-1
268,6,1952,816,196,104,1,-1,-1,-1
268,7,2026,916,52,112,1,-1,-1,-1
268,8,1881,901,60,124,1,-1,-1,-1
268,9,1325,829,96,52,1,-1,-1,-1
268,10,1112,825,112,40,1,-1,-1,-1
268,11,1425,828,108,96,1,-1,-1,-1
269,0,0,665,988,764,1,-1,-1,-1
269,2,1732,816,200,128,1,-1,-1,-1
269,3,2246,893,48,124,1,-1,-1,-1
269,4,1573,820,128,80,1,-1,-1,-1
269,5,1525,908,69,125,1,-1,-1,-1
269,6,1952,816,196,104,1,-1,-1,-1
269,7,2027,916,52,112,1,-1,-1,-1
269,8,1881,901,60,124,1,-1,-1,-1
269,9,1325,829,96,52,1,-1,-1,-1
269,10,1112,825,112,40,1,-1,-1,-1
269,11,1425,828,108,96,1,-1,-1,-1
270,0,0,666,988,764,1,-1,-1,-1
270,2,1732,816,200,128,1,-1,-1,-1
270,3,2247,893,48,124,1,-1,-1,-1
270,4,1573,820,128,80,1,-1,-1,-1
270,5,1528,905,73,131,1,-1,-1,-1
270,6,1952,816,196,104,1,-1,-1,-1
270,7,2028,916,52,112,1,-1,-1,-1
270,8,1881,901,60,124,1,-1,-1,-1
270,9,1325,829,96,52,1,-1,-1,-1
270,10,1112,825,112,40,1,-1,-1,-1
270,11,1425,828,108,96,1,-1,-1,-1
271,0,0,666,988,764,1,-1,-1,-1
271,2,1732,816,200,128,1,-1,-1,-1
271,3,2248,893,48,124,1,-1,-1,-1
271,4,1573,820,128,80,1,-1,-1,-1
271,5,1535,907,73,131,1,-1,-1,-1
271,6,1952,817,196,104,1,-1,-1,-1
271,7,2029,916,52,112,1,-1,-1,-1
271,8,1882,901,60,124,1,-1,-1,-1
271,9,1325,829,96,52,1,-1,-1,-1
271,10,1113,825,112,40,1,-1,-1,-1
271,11,1425,828,108,96,1,-1,-1,-1
272,0,0,666,987,764,1,-1,-1,-1
272,2,1732,816,200,128,1,-1,-1,-1
272,3,2249,893,48,124,1,-1,-1,-1
272,4,1573,820,128,80,1,-1,-1,-1
272,5,1542,910,73,131,1,-1,-1,-1
272,6,1953,817,196,104,1,-1,-1,-1
272,7,2030,916,52,112,1,-1,-1,-1
272,8,1883,901,60,124,1,-1,-1,-1
272,9,1325,829,96,52,1,-1,-1,-1
272,10,1112,825,112,40,1,-1,-1,-1
272,11,1425,828,108,96,1,-1,-1,-1
273,0,0,664,988,764,1,-1,-1,-1
273,2,1728,812,208,132,1,-1,-1,-1
273,3,2252,896,48,120,1,-1,-1,-1
273,4,1572,820,128,80,1,-1,-1,-1
273,5,1542,910,73,131,1,-1,-1,-1
273,6,1952,816,192,96,1,-1,-1,-1
273,7,2036,920,52,108,1,-1,-1,-1
273,8,1884,900,52,124,1,-1,-1,-1
273,9,1324,828,96,52,1,-1,-1,-1
273,10,1112,825,112,40,1,-1,-1,-1
273,11,1424,828,108,96,1,-1,-1,-1
274,0,0,664,988,764,1,-1,-1,-1
274,2,1728,812,208,132,1,-1,-1,-1
274,3,2252,896,48,120,1,-1,-1,-1
274,4,1572,820,128,80,1,-1,-1,-1
274,5,1553,919,73,131,1,-1,-1,-1
274,6,1952,816,192,96,1,-1,-1,-1
274,7,2036,920,52,108,1,-1,-1,-1
274,8,1884,900,52,124,1,-1,-1,-1
274,9,1324,828,96,52,1,-1,-1,-1
274,10,1112,825,112,40,1,-1,-1,-1
274,11,1424,828,108,96,1,-1,-1,-1
275,0,0,664,988,764,1,-1,-1,-1
275,2,1729,812,208,132,1,-1,-1,-1
275,3,2253,896,48,120,1,-1,-1,-1
275,4,1573,820,128,80,1,-1,-1,-1
275,5,1557,920,73,131,1,-1,-1,-1
275,6,1952,816,192,96,1,-1,-1,-1
275,7,2037,920,52,108,1,-1,-1,-1
275,8,1885,901,52,124,1,-1,-1,-1
275,9,1325,829,96,52,1,-1,-1,-1
275,10,1112,825,112,40,1,-1,-1,-1
275,11,1425,828,108,96,1,-1,-1,-1
276,0,0,664,988,764,1,-1,-1,-1
276,2,1729,813,208,132,1,-1,-1,-1
276,3,2254,897,48,120,1,-1,-1,-1
276,4,1573,821,128,80,1,-1,-1,-1
276,5,1564,924,73,131,1,-1,-1,-1
276,6,1953,816,192,96,1,-1,-1,-1
276,7,2039,919,52,108,1,-1,-1,-1
276,8,1886,901,52,124,1,-1,-1,-1
276,9,1324,829,96,52,1,-1,-1,-1
276,10,1112,825,112,40,1,-1,-1,-1
276,11,1425,829,108,96,1,-1,-1,-1
277,0,0,664,987,764,1,-1,-1,-1
277,2,1729,813,208,132,1,-1,-1,-1
277,3,2254,897,48,120,1,-1,-1,-1
277,4,1573,821,128,80,1,-1,-1,-1
277,5,1573,925,73,131,1,-1,-1,-1
277,6,1953,816,192,96,1,-1,-1,-1
277,7,2040,919,52,108,1,-1,-1,-1
277,8,1887,901,52,124,1,-1,-1,-1
277,9,1324,829,96,52,1,-1,-1,-1
277,10,1112,825,112,40,1,-1,-1,-1
277,11,1425,829,108,96,1,-1,-1,-1
278,0,0,664,987,764,1,-1,-1,-1
278,2,1729,813,208,132,1,-1,-1,-1
278,3,2254,897,48,120,1,-1,-1,-1
278,4,1573,821,128,80,1,-1,-1,-1
278,5,1581,926,73,131,1,-1,-1,-1
278,6,1953,816,192,96,1,-1,-1,-1
278,7,2041,918,52,108,1,-1,-1,-1
278,8,1888,901,52,124,1,-1,-1,-1
278,9,1324,829,96,52,1,-1,-1,-1
278,10,1112,825,112,40,1,-1,-1,-1
278,11,1425,829,108,96,1,-1,-1,-1
279,0,0,665,987,764,1,-1,-1,-1
279,2,1729,813,208,132,1,-1,-1,-1
279,3,2254,897,48,120,1,-1,-1,-1
279,4,1573,821,128,80,1,-1,-1,-1
279,5,1588,927,73,131,1,-1,-1,-1
279,6,1953,817,192,96,1,-1,-1,-1
279,7,2042,918,52,108,1,-1,-1,-1
279,8,1888,901,52,124,1,-1,-1,-1
279,9,1324,829,96,52,1,-1,-1,-1
279,10,1112,825,112,40,1,-1,-1,-1
279,11,1425,829,108,96,1,-1,-1,-1
280,0,0,665,987,764,1,-1,-1,-1
280,2,1730,813,208,132,1,-1,-1,-1
280,3,2255,897,48,120,1,-1,-1,-1
280,4,1572,821,128,80,1,-1,-1,-1
280,5,1600,932,69,125,1,-1,-1,-1
280,6,1953,817,192,96,1,-1,-1,-1
280,7,2043,917,52,108,1,-1,-1,-1
280,8,1888,898,55,130,1,-1,-1,-1
280,9,1324,829,96,52,1,-1,-1,-1
280,10,1112,825,112,40,1,-1,-1,-1
280,11,1425,828,108,96,1,-1,-1,-1
281,0,0,664,988,764,1,-1,-1,-1
281,2,1728,812,196,132,1,-1,-1,-1
281,3,2252,896,48,120,1,-1,-1,-1
281,4,1572,820,128,80,1,-1,-1,-1
281,5,1600,932,69,125,1,-1,-1,-1
281,6,1952,816,192,100,1,-1,-1,-1
281,7,2048,912,48,116,1,-1,-1,-1
281,8,1888,898,55,130,1,-1,-1,-1
281,9,1324,828,96,52,1,-1,-1,-1
281,10,1112,825,112,40,1,-1,-1,-1
281,11,1424,832,104,92,1,-1,-1,-1
281,12,1912,888,48,140,1,-1,-1,-1
282,0,0,664,988,764,1,-1,-1,-1
282,2,1728,812,196,132,1,-1,-1,-1
282,3,2252,896,48,120,1,-1,-1,-1
282,4,1572,820,128,80,1,-1,-1,-1
282,5,1613,933,69,125,1,-1,-1,-1
282,6,1952,816,192,100,1,-1,-1,-1
282,7,2049,912,48,116,1,-1,-1,-1
282,8,1889,899,55,130,1,-1,-1,-1
282,9,1324,828,96,52,1,-1,-1,-1
282,10,1112,825,112,40,1,-1,-1,-1
282,11,1424,832,104,92,1,-1,-1,-1
282,12,1912,888,48,140,1,-1,-1,-1
283,0,0,664,987,764,1,-1,-1,-1
283,2,1728,812,196,132,1,-1,-1,-1
283,3,2252,896,48,120,1,-1,-1,-1
283,4,1572,820,128,80,1,-1,-1,-1
283,5,1625,934,69,125,1,-1,-1,-1
283,6,1953,816,192,100,1,-1,-1,-1
283,7,2051,912,48,116,1,-1,-1,-1
283,8,1890,900,55,130,1,-1,-1,-1
283,9,1324,828,96,52,1,-1,-1,-1
283,10,1113,825,112,40,1,-1,-1,-1
283,11,1425,832,104,92,1,-1,-1,-1
283,12,1913,889,48,140,1,-1,-1,-1
284,0,0,664,987,764,1,-1,-1,-1
284,2,1728,812,196,132,1,-1,-1,-1
284,3,2252,897,48,120,1,-1,-1,-1
284,4,1572,821,128,80,1,-1,-1,-1
284,5,1634,938,66,119,1,-1,-1,-1
284,6,1953,817,192,100,1,-1,-1,-1
284,7,2052,912,48,116,1,-1,-1,-1
284,8,1891,899,55,130,1,-1,-1,-1
284,9,1324,828,96,52,1,-1,-1,-1
284,10,1113,825,112,40,1,-1,-1,-1
284,11,1425,832,104,92,1,-1,-1,-1
284,12,1914,888,48,140,1,-1,-1,-1
285,0,0,665,988,764,1,-1,-1,-1
285,2,1728,812,196,132,1,-1,-1,-1
285,3,2252,897,48,120,1,-1,-1,-1
285,4,1572,820,128,80,1,-1,-1,-1
285,5,1643,938,66,119,1,-1,-1,-1
285,6,1953,817,192,100,1,-1,-1,-1
285,7,2054,912,48,116,1,-1,-1,-1
285,8,1892,900,55,130,1,-1,-1,-1
285,9,1324,829,96,52,1,-1,-1,-1
285,10,1113,825,112,40,1,-1,-1,-1
285,11,1425,832,104,92,1,-1,-1,-1
285,12,1914,888,48,140,1,-1,-1,-1
286,0,0,665,988,764,1,-1,-1,-1
286,2,1729,813,196,132,1,-1,-1,-1
286,3,2252,897,48,120,1,-1,-1,-1
286,4,1573,820,128,80,1,-1,-1,-1
286,5,1651,939,66,119,1,-1,-1,-1
286,6,1953,817,192,100,1,-1,-1,-1
286,7,2054,909,50,122,1,-1,-1,-1
286,8,1893,899,55,130,1,-1,-1,-1
286,9,1324,829,96,52,1,-1,-1,-1
286,10,1113,825,112,40,1,-1,-1,-1
286,11,1425,832,104,92,1,-1,-1,-1
286,12,1915,888,48,140,1,-1,-1,-1
287,0,0,664,988,764,1,-1,-1,-1
287,2,1729,813,196,132,1,-1,-1,-1
287,3,2252,897,48,120,1,-1,-1,-1
287,4,1573,820,128,80,1,-1,-1,-1
287,5,1661,943,63,113,1,-1,-1,-1
287,6,1953,817,192,100,1,-1,-1,-1
287,7,2056,910,50,122,1,-1,-1,-1
287,8,1894,899,55,130,1,-1,-1,-1
287,9,1324,829,96,52,1,-1,-1,-1
287,10,1113,825,112,40,1,-1,-1,-1
287,11,1425,832,104,92,1,-1,-1,-1
287,12,1916,887,48,140,1,-1,-1,-1
288,0,0,664,987,764,1,-1,-1,-1
288,2,1729,813,196,132,1,-1,-1,-1
288,3,2253,897,48,120,1,-1,-1,-1
288,4,1573,820,128,80,1,-1,-1,-1
288,5,1667,944,63,113,1,-1,-1,-1
288,6,1953,817,192,100,1,-1,-1,-1
288,7,2058,910,50,122,1,-1,-1,-1
288,8,1896,899,55,130,1,-1,-1,-1
288,9,1324,829,96,52,1,-1,-1,-1
288,10,1113,825,112,40,1,-1,-1,-1
288,11,1425,832,104,92,1,-1,-1,-1
288,12,1917,888,48,140,1,-1,-1,-1
289,0,0,664,988,764,1,-1,-1,-1
289,2,1732,812,188,132,1,-1,-1,-1
289,3,2256,896,48,120,1,-1,-1,-1
289,4,1572,820,128,80,1,-1,-1,-1
289,5,1667,944,63,113,1,-1,-1,-1
289,6,1952,816,192,100,1,-1,-1,-1
289,7,2060,912,56,116,1,-1,-1,-1
289,8,1896,899,55,130,1,-1,-1,-1
289,9,1324,828,96,52,1,-1,-1,-1
289,10,1113,825,112,40,1,-1,-1,-1
289,11,1424,828,108,92,1,-1,-1,-1
289,12,1900,884,64,140,1,-1,-1,-1
290,0,0,665,988,764,1,-1,-1,-1
290,2,1732,812,188,132,1,-1,-1,-1
290,3,2256,896,48,120,1,-1,-1,-1
290,4,1572,820,128,80,1,-1,-1,-1
290,5,1679,943,63,113,1,-1,-1,-1
290,6,1952,816,192,100,1,-1,-1,-1
290,7,2061,912,56,116,1,-1,-1,-1
290,8,1897,900,55,130,1,-1,-1,-1
290,9,1324,828,96,52,1,-1,-1,-1
290,10,1113,825,112,40,1,-1,-1,-1
290,11,1424,828,108,92,1,-1,-1,-1
290,12,1900,884,64,140,1,-1,-1,-1
291,0,0,665,987,764,1,-1,-1,-1
291,2,1732,812,188,132,1,-1,-1,-1
291,3,2256,896,48,120,1,-1,-1,-1
291,4,1572,821,128,80,1,-1,-1,-1
291,5,1690,942,63,113,1,-1,-1,-1
291,6,1952,816,192,100,1,-1,-1,-1
291,7,2062,913,56,116,1,-1,-1,-1
291,8,1898,900,55,130,1,-1,-1,-1
291,9,1325,828,96,52,1,-1,-1,-1
291,10,1113,825,112,40,1,-1,-1,-1
291,11,1424,828,108,92,1,-1,-1,-1
291,12,1901,885,64,140,1,-1,-1,-1
292,0,1,667,988,764,1,-1,-1,-1
292,2,1732,812,188,132,1,-1,-1,-1
292,3,2256,897,48,120,1,-1,-1,-1
292,4,1573,821,128,80,1,-1,-1,-1
292,5,1698,941,63,113,1,-1,-1,-1
292,6,1953,816,192,100,1,-1,-1,-1
292,7,2064,913,56,116,1,-1,-1,-1
292,8,1898,898,55,130,1,-1,-1,-1
292,9,1325,828,96,52,1,-1,-1,-1
292,10,1113,825,112,40,1,-1,-1,-1
292,11,1424,828,108,92,1,-1,-1,-1
292,12,1901,885,64,140,1,-1,-1,-1
293,0,1,668,988,764,1,-1,-1,-1
293,2,1733,812,188,132,1,-1,-1,-1
293,3,2256,897,48,120,1,-1,-1,-1
293,4,1573,821,128,80,1,-1,-1,-1
293,5,1705,939,63,113,1,-1,-1,-1
293,6,1953,816,192,100,1,-1,-1,-1
293,7,2065,913,56,116,1,-1,-1,-1
293,8,1899,899,55,130,1,-1,-1,-1
293,9,1325,828,96,52,1,-1,-1,-1
293,10,1113,825,112,40,1,-1,-1,-1
293,11,1424,828,108,92,1,-1,-1,-1
293,12,1902,885,64,140,1,-1,-1,-1
294,0,2,668,988,764,1,-1,-1,-1
294,2,1733,812,188,132,1,-1,-1,-1
294,3,2256,897,48,120,1,-1,-1,-1
294,4,1573,821,128,80,1,-1,-1,-1
294,5,1711,939,63,113,1,-1,-1,-1
294,6,1953,816,192,100,1,-1,-1,-1
294,7,2066,913,56,116,1,-1,-1,-1
294,8,1900,898,55,130,1,-1,-1,-1
294,9,1325,828,96,52,1,-1,-1,-1
294,10,1113,825,112,40,1,-1,-1,-1
294,11,1424,828,108,92,1,-1,-1,-1
294,12,1902,885,64,140,1,-1,-1,-1
295,0,3,668,988,764,1,-1,-1,-1
295,2,1733,812,188,132,1,-1,-1,-1
295,3,2256,897,48,120,1,-1,-1,-1
295,4,1573,820,128,80,1,-1,-1,-1
295,5,1715,938,63,113,1,-1,-1,-1
295,6,1953,817,192,100,1,-1,-1,-1
295,7,2067,914,56,116,1,-1,-1,-1
295,8,1900,900,55,130,1,-1,-1,-1
295,9,1324,828,96,52,1,-1,-1,-1
295,10,1113,825,112,40,1,-1,-1,-1
295,11,1424,828,108,92,1,-1,-1,-1
295,12,1902,886,64,140,1,-1,-1,-1
296,0,2,667,988,764,1,-1,-1,-1
296,2,1733,812,188,132,1,-1,-1,-1
296,3,2256,897,48,120,1,-1,-1,-1
296,4,1573,820,128,80,1,-1,-1,-1
296,5,1720,937,63,113,1,-1,-1,-1
296,6,1954,817,192,100,1,-1,-1,-1
296,7,2068,913,56,116,1,-1,-1,-1
296,8,1900,900,55,130,1,-1,-1,-1
296,9,1325,828,96,52,1,-1,-1,-1
296,10,1113,825,112,40,1,-1,-1,-1
296,11,1424,828,108,92,1,-1,-1,-1
296,12,1902,886,64,140,1,-1,-1,-1
297,0,0,664,988,764,1,-1,-1,-1
297,2,1728,812,196,128,1,-1,-1,-1
297,3,2256,896,48,120,1,-1,-1,-1
297,4,1572,820,128,80,1,-1,-1,-1
297,5,1720,937,63,113,1,-1,-1,-1
297,6,1952,816,192,100,1,-1,-1,-1
297,7,2068,908,60,116,1,-1,-1,-1
297,8,1892,896,52,128,1,-1,-1,-1
297,9,1324,828,96,52,1,-1,-1,-1
297,10,1113,825,112,40,1,-1,-1,-1
297,11,1424,832,112,88,1,-1,-1,-1
297,12,1902,886,64,140,1,-1,-1,-1
297,13,1932,896,36,124,1,-1,-1,-1
298,0,0,664,988,764,1,-1,-1,-1
298,2,1728,812,196,128,1,-1,-1,-1
298,3,2256,896,48,120,1,-1,-1,-1
298,4,1572,820,128,80,1,-1,-1,-1
298,5,1733,938,63,113,1,-1,-1,-1
298,6,1952,816,192,100,1,-1,-1,-1
298,7,2068,908,60,116,1,-1,-1,-1
298,8,1892,896,52,128,1,-1,-1,-1
298,9,1324,828,96,52,1,-1,-1,-1
298,10,1113,825,112,40,1,-1,-1,-1
298,11,1424,832,112,88,1,-1,-1,-1
298,12,1903,887,64,140,1,-1,-1,-1
298,13,1932,896,36,124,1,-1,-1,-1
299,0,0,664,988,764,1,-1,-1,-1
299,2,1728,812,196,128,1,-1,-1,-1
299,3,2256,896,48,120,1,-1,-1,-1
299,4,1572,820,128,80,1,-1,-1,-1
299,5,1742,936,66,119,1,-1,-1,-1
299,6,1952,816,192,100,1,-1,-1,-1
299,7,2069,908,60,116,1,-1,-1,-1
299,8,1892,897,52,128,1,-1,-1,-1
299,9,1324,829,96,52,1,-1,-1,-1
299,10,1113,825,112,40,1,-1,-1,-1
299,11,1425,833,112,88,1,-1,-1,-1
299,12,1902,887,64,140,1,-1,-1,-1
299,13,1932,895,36,124,1,-1,-1,-1
300,0,0,665,988,764,1,-1,-1,-1
300,2,1728,812,196,128,1,-1,-1,-1
300,3,2256,896,48,120,1,-1,-1,-1
300,4,1573,820,128,80,1,-1,-1,-1
300,5,1750,936,66,119,1,-1,-1,-1
300,6,1952,816,192,100,1,-1,-1,-1
300,7,2070,909,60,116,1,-1,-1,-1
300,8,1892,897,52,128,1,-1,-1,-1
300,9,1324,829,96,52,1,-1,-1,-1
300,10,1113,825,112,40,1,-1,-1,-1
300,11,1425,833,112,88,1,-1,-1,-1
300,12,1902,887,64,140,1,-1,-1,-1
300,13,1932,896,36,124,1,-1,-1,-1
301,0,0,665,988,764,1,-1,-1,-1
301,2,1729,812,196,128,1,-1,-1,-1
301,3,2257,895,48,120,1,-1,-1,-1
301,4,1573,821,128,80,1,-1,-1,-1
301,5,1756,933,69,125,1,-1,-1,-1
301,6,1952,816,192,100,1,-1,-1,-1
301,7,2071,908,60,116,1,-1,-1,-1
301,8,1892,897,52,128,1,-1,-1,-1
301,9,1324,829,96,52,1,-1,-1,-1
301,10,1113,825,112,40,1,-1,-1,-1
301,11,1425,833,112,88,1,-1,-1,-1
301,12,1903,887,64,140,1,-1,-1,-1
301,13,1932,896,36,124,1,-1,-1,-1
302,0,0,665,987,764,1,-1,-1,-1
302,2,1728,812,196,128,1,-1,-1,-1
302,3,2257,895,48,120,1,-1,-1,-1
302,4,1573,821,128,80,1,-1,-1,-1
302,5,1763,932,69,125,1,-1,-1,-1
302,6,1952,816,192,100,1,-1,-1,-1
302,7,2072,908,60,116,1,-1,-1,-1
302,8,1894,901,50,122,1,-1,-1,-1
302,9,1324,829,96,52,1,-1,-1,-1
302,10,1112,825,112,40,1,-1,-1,-1
302,11,1425,833,112,88,1,-1,-1,-1
302,12,1903,888,64,140,1,-1,-1,-1
302,13,1933,896,36,124,1,-1,-1,-1
303,0,0,666,988,764,1,-1,-1,-1
303,2,1728,812,196,128,1,-1,-1,-1
303,3,2256,895,48,120,1,-1,-1,-1
303,4,1573,821,128,80,1,-1,-1,-1
303,5,1769,932,69,125,1,-1,-1,-1
303,6,1953,816,192,100,1,-1,-1,-1
303,7,2072,909,60,116,1,-1,-1,-1
303,8,1894,900,50,122,1,-1,-1,-1
303,9,1324,829,96,52,1,-1,-1,-1
303,10,1112,825,112,40,1,-1,-1,-1
303,11,1424,833,112,88,1,-1,-1,-1
303,12,1903,887,64,140,1,-1,-1,-1
303,13,1933,896,36,124,1,-1,-1,-1
304,0,0,667,987,764,1,-1,-1,-1
304,2,1728,812,196,128,1,-1,-1,-1
304,3,2255,892,50,126,1,-1,-1,-1
304,4,1573,821,128,80,1,-1,-1,-1
304,5,1774,931,69,125,1,-1,-1,-1
304,6,1953,816,192,100,1,-1,-1,-1
304,7,2073,909,60,116,1,-1,-1,-1
304,8,1893,897,52,128,1,-1,-1,-1
304,9,1324,829,96,52,1,-1,-1,-1
304,10,1112,825,112,40,1,-1,-1,-1
304,11,1424,832,112,88,1,-1,-1,-1
304,12,1904,886,64,140,1,-1,-1,-1
304,13,1933,896,36,124,1,-1,-1,-1
305,0,0,664,988,764,1,-1,-1,-1
305,2,1728,812,200,128,1,-1,-1,-1
305,3,2256,888,48,128,1,-1,-1,-1
305,4,1572,820,128,80,1,-1,-1,-1
305,5,1774,931,69,125,1,-1,-1,-1
305,6,1952,816,188,100,1,-1,-1,-1
305,7,2080,904,56,124,1,-1,-1,-1
305,8,1896,896,48,128,1,-1,-1,-1
305,9,1324,828,96,52,1,-1,-1,-1
305,10,1112,825,112,40,1,-1,-1,-1
305,11,1424,832,108,88,1,-1,-1,-1
305,12,1904,886,64,140,1,-1,-1,-1
305,13,1936,900,48,124,1,-1,-1,-1
306,0,0,664,987,764,1,-1,-1,-1
306,2,1728,812,200,128,1,-1,-1,-1
306,3,2256,888,48,128,1,-1,-1,-1
306,4,1572,820,128,80,1,-1,-1,-1
306,5,1783,930,69,125,1,-1,-1,-1
306,6,1952,816,188,100,1,-1,-1,-1
306,7,2080,904,56,124,1,-1,-1,-1
306,8,1896,896,48,128,1,-1,-1,-1
306,9,1324,828,96,52,1,-1,-1,-1
306,10,1112,825,112,40,1,-1,-1,-1
306,11,1424,832,108,88,1,-1,-1,-1
306,12,1904,886,64,140,1,-1,-1,-1
306,13,1936,900,48,124,1,-1,-1,-1
307,0,0,665,986,764,1,-1,-1,-1
307,2,1729,812,200,128,1,-1,-1,-1
307,3,2256,888,48,128,1,-1,-1,-1
307,4,1572,820,128,80,1,-1,-1,-1
307,5,1788,929,69,125,1,-1,-1,-1
307,6,1952,816,188,100,1,-1,-1,-1
307,7,2081,905,56,124,1,-1,-1,-1
307,8,1896,896,48,128,1,-1,-1,-1
307,9,1324,828,96,52,1,-1,-1,-1
307,10,1112,825,112,40,1,-1,-1,-1
307,11,1425,832,108,88,1,-1,-1,-1
307,12,1905,886,64,140,1,-1,-1,-1
307,13,1937,900,48,124,1,-1,-1,-1
308,0,0,666,986,764,1,-1,-1,-1
308,2,1729,812,200,128,1,-1,-1,-1
308,3,2256,889,48,128,1,-1,-1,-1
308,4,1573,821,128,80,1,-1,-1,-1
308,5,1793,929,69,125,1,-1,-1,-1
308,6,1952,817,188,100,1,-1,-1,-1
308,7,2082,905,56,124,1,-1,-1,-1
308,8,1896,896,48,128,1,-1,-1,-1
308,9,1324,828,96,52,1,-1,-1,-1
308,10,1112,825,112,40,1,-1,-1,-1
308,11,1424,832,108,88,1,-1,-1,-1
308,12,1905,887,64,140,1,-1,-1,-1
308,13,1937,900,48,124,1,-1,-1,-1
309,0,0,667,985,764,1,-1,-1,-1
309,2,1729,812,200,128,1,-1,-1,-1
309,3,2256,889,48,128,1,-1,-1,-1
309,4,1573,821,128,80,1,-1,-1,-1
309,5,1793,926,73,131,1,-1,-1,-1
309,6,1952,817,188,100,1,-1,-1,-1
309,7,2083,904,56,124,1,-1,-1,-1
309,8,1897,896,48,128,1,-1,-1,-1
309,9,1325,828,96,52,1,-1,-1,-1
309,10,1112,825,112,40,1,-1,-1,-1
309,11,1425,832,108,88,1,-1,-1,-1
309,12,1905,887,64,140,1,-1,-1,-1
309,13,1938,900,48,124,1,-1,-1,-1
310,0,0,668,986,764,1,-1,-1,-1
310,2,1729,812,200,128,1,-1,-1,-1
310,3,2256,890,48,128,1,-1,-1,-1
310,4,1573,821,128,80,1,-1,-1,-1
310,5,1797,925,73,131,1,-1,-1,-1
310,6,1952,817,188,100,1,-1,-1,-1
310,7,2085,903,56,124,1,-1,-1,-1
310,8,1897,896,48,128,1,-1,-1,-1
310,9,1325,828,96,52,1,-1,-1,-1
310,10,1112,825,112,40,1,-1,-1,-1
310,11,1425,832,108,88,1,-1,-1,-1
310,12,1905,887,64,140,1,-1,-1,-1
310,13,1939,901,48,124,1,-1,-1,-1
311,0,0,667,987,764,1,-1,-1,-1
311,2,1729,812,200,128,1,-1,-1,-1
311,3,2256,890,48,128,1,-1,-1,-1
311,4,1573,821,128,80,1,-1,-1,-1
311,5,1801,925,73,131,1,-1,-1,-1
311,6,1953,817,188,100,1,-1,-1,-1
311,7,2086,902,56,124,1,-1,-1,-1
311,8,1897,896,48,128,1,-1,-1,-1
311,9,1325,828,96,52,1,-1,-1,-1
311,10,1112,825,112,40,1,-1,-1,-1
311,11,1425,832,108,88,1,-1,-1,-1
311,12,1905,887,64,140,1,-1,-1,-1
311,13,1940,901,48,124,1,-1,-1,-1
312,0,1,667,988,764,1,-1,-1,-1
312,2,1729,812,200,128,1,-1,-1,-1
312,3,2256,890,48,128,1,-1,-1,-1
312,4,1573,821,128,80,1,-1,-1,-1
312,5,1805,925,73,131,1,-1,-1,-1
312,6,1953,817,188,100,1,-1,-1,-1
312,7,2086,900,59,130,1,-1,-1,-1
312,8,1897,896,48,128,1,-1,-1,-1
312,9,1325,828,96,52,1,-1,-1,-1
312,10,1112,825,112,40,1,-1,-1,-1
312,11,1425,832,108,88,1,-1,-1,-1
312,12,1906,887,64,140,1,-1,-1,-1
312,13,1940,901,48,124,1,-1,-1,-1
313,0,0,664,988,764,1,-1,-1,-1
313,2,1732,816,196,128,1,-1,-1,-1
313,3,2256,896,48,124,1,-1,-1,-1
313,4,1572,820,128,80,1,-1,-1,-1
313,5,1805,925,73,131,1,-1,-1,-1
313,6,1952,816,188,100,1,-1,-1,-1
313,7,2092,892,56,132,1,-1,-1,-1
313,8,1896,892,52,132,1,-1,-1,-1
313,9,1324,828,96,52,1,-1,-1,-1
313,10,1112,825,112,40,1,-1,-1,-1
313,11,1424,832,104,88,1,-1,-1,-1
313,12,1906,887,64,140,1,-1,-1,-1
313,13,1944,904,48,120,1,-1,-1,-1
314,0,0,664,988,764,1,-1,-1,-1
314,2,1732,816,196,128,1,-1,-1,-1
314,3,2256,896,48,124,1,-1,-1,-1
314,4,1572,820,128,80,1,-1,-1,-1
314,5,1812,926,73,131,1,-1,-1,-1
314,6,1952,816,188,100,1,-1,-1,-1
314,7,2093,892,56,132,1,-1,-1,-1
314,8,1896,892,52,132,1,-1,-1,-1
314,9,1324,828,96,52,1,-1,-1,-1
314,10,1112,825,112,40,1,-1,-1,-1
314,11,1424,832,104,88,1,-1,-1,-1
314,12,1907,887,64,140,1,-1,-1,-1
314,13,1945,904,48,120,1,-1,-1,-1
315,0,1,664,988,764,1,-1,-1,-1
315,2,1733,816,196,128,1,-1,-1,-1
315,3,2256,897,48,124,1,-1,-1,-1
315,4,1572,821,128,80,1,-1,-1,-1
315,5,1815,925,73,131,1,-1,-1,-1
315,6,1952,816,188,100,1,-1,-1,-1
315,7,2094,892,56,132,1,-1,-1,-1
315,8,1896,892,52,132,1,-1,-1,-1
315,9,1324,829,96,52,1,-1,-1,-1
315,10,1113,825,112,40,1,-1,-1,-1
315,11,1424,832,104,88,1,-1,-1,-1
315,12,1906,883,67,147,1,-1,-1,-1
315,13,1946,904,48,120,1,-1,-1,-1
316,0,0,665,988,764,1,-1,-1,-1
316,2,1734,816,196,128,1,-1,-1,-1
316,3,2256,897,48,124,1,-1,-1,-1
316,4,1572,821,128,80,1,-1,-1,-1
316,5,1819,925,73,131,1,-1,-1,-1
316,6,1952,816,188,100,1,-1,-1,-1
316,7,2096,892,56,132,1,-1,-1,-1
316,8,1896,892,52,132,1,-1,-1,-1
316,9,1324,828,96,52,1,-1,-1,-1
316,10,1113,825,112,40,1,-1,-1,-1
316,11,1424,832,104,88,1,-1,-1,-1
316,12,1906,883,67,147,1,-1,-1,-1
316,13,1947,904,48,120,1,-1,-1,-1
317,0,0,666,987,764,1,-1,-1,-1
317,2,1734,816,196,128,1,-1,-1,-1
317,3,2256,897,48,124,1,-1,-1,-1
317,4,1572,821,128,80,1,-1,-1,-1
317,5,1821,925,73,131,1,-1,-1,-1
317,6,1952,816,188,100,1,-1,-1,-1
317,7,2097,892,56,132,1,-1,-1,-1
317,8,1896,892,52,132,1,-1,-1,-1
317,9,1324,828,96,52,1,-1,-1,-1
317,10,1113,825,112,40,1,-1,-1,-1
317,11,1424,832,104,88,1,-1,-1,-1
317,12,1907,883,67,147,1,-1,-1,-1
317,13,1948,904,48,120,1,-1,-1,-1
318,0,0,666,987,764,1,-1,-1,-1
318,2,1734,816,196,128,1,-1,-1,-1
318,3,2256,897,48,124,1,-1,-1,-1
318,4,1572,821,128,80,1,-1,-1,-1
318,5,1824,925,73,131,1,-1,-1,-1
318,6,1952,817,188,100,1,-1,-1,-1
318,7,2098,893,56,132,1,-1,-1,-1
318,8,1896,892,52,132,1,-1,-1,-1
318,9,1324,828,96,52,1,-1,-1,-1
318,10,1113,825,112,40,1,-1,-1,-1
318,11,1424,832,104,88,1,-1,-1,-1
318,12,1908,884,67,147,1,-1,-1,-1
318,13,1949,904,48,120,1,-1,-1,-1
319,0,0,666,987,764,1,-1,-1,-1
319,2,1734,817,196,128,1,-1,-1,-1
319,3,2255,897,48,124,1,-1,-1,-1
319,4,1572,820,128,80,1,-1,-1,-1
319,5,1826,925,73,131,1,-1,-1,-1
319,6,1952,817,188,100,1,-1,-1,-1
319,7,2099,894,56,132,1,-1,-1,-1
319,8,1896,892,52,132,1,-1,-1,-1
319,9,1324,828,96,52,1,-1,-1,-1
319,10,1113,825,112,40,1,-1,-1,-1
319,11,1424,832,104,88,1,-1,-1,-1
319,12,1908,883,67,147,1,-1,-1,-1
319,13,1950,905,48,120,1,-1,-1,-1
320,0,0,666,987,764,1,-1,-1,-1
320,2,1734,817,196,128,1,-1,-1,-1
320,3,2255,897,48,124,1,-1,-1,-1
320,4,1572,820,128,80,1,-1,-1,-1
320,5,1828,924,73,131,1,-1,-1,-1
320,6,1952,817,188,100,1,-1,-1,-1
320,7,2101,895,56,132,1,-1,-1,-1
320,8,1896,892,52,132,1,-1,-1,-1
320,9,1324,828,96,52,1,-1,-1,-1
320,10,1113,825,112,40,1,-1,-1,-1
320,11,1424,832,104,88,1,-1,-1,-1
320,12,1908,884,67,147,1,-1,-1,-1
320,13,1951,905,48,120,1,-1,-1,-1
321,0,0,664,988,764,1,-1,-1,-1
321,2,1728,816,200,124,1,-1,-1,-1
321,3,2252,896,52,120,1,-1,-1,-1
321,4,1572,820,128,80,1,-1,-1,-1
321,5,1828,924,73,131,1,-1,-1,-1
321,6,1952,816,192,104,1,-1,-1,-1
321,7,2108,904,48,124,1,-1,-1,-1
321,8,1896,892,52,132,1,-1,-1,-1
321,9,1324,828,96,52,1,-1,-1,-1
321,10,1113,825,112,40,1,-1,-1,-1
321,11,1424,832,104,88,1,-1,-1,-1
321,12,1908,884,67,147,1,-1,-1,-1
321,13,1948,908,56,120,1,-1,-1,-1
