1,0,1960,324,200,236,1,-1,-1,-1
1,1,388,648,176,184,1,-1,-1,-1
1,2,1368,124,92,264,1,-1,-1,-1
1,3,692,608,140,172,1,-1,-1,-1
1,4,1200,508,220,196,1,-1,-1,-1
1,5,312,580,164,196,1,-1,-1,-1
1,6,1540,284,128,192,1,-1,-1,-1
1,7,2140,104,112,272,1,-1,-1,-1
2,0,1961,326,200,236,1,-1,-1,-1
2,1,389,650,176,184,1,-1,-1,-1
2,2,1370,133,88,251,1,-1,-1,-1
2,3,693,612,140,172,1,-1,-1,-1
2,4,1201,511,220,196,1,-1,-1,-1
2,5,312,582,164,196,1,-1,-1,-1
2,6,1541,286,128,192,1,-1,-1,-1
2,7,2141,105,112,272,1,-1,-1,-1
3,0,1962,331,200,236,1,-1,-1,-1
3,1,390,654,176,184,1,-1,-1,-1
3,2,1370,136,88,251,1,-1,-1,-1
3,3,693,615,140,172,1,-1,-1,-1
3,4,1205,514,220,196,1,-1,-1,-1
3,5,314,586,164,196,1,-1,-1,-1
3,6,1540,290,128,192,1,-1,-1,-1
3,7,2142,108,112,272,1,-1,-1,-1
4,0,1962,331,200,236,1,-1,-1,-1
4,1,393,656,176,184,1,-1,-1,-1
4,2,1370,138,88,251,1,-1,-1,-1
4,3,692,617,140,172,1,-1,-1,-1
4,4,1212,526,210,187,1,-1,-1,-1
4,5,315,591,164,196,1,-1,-1,-1
4,6,1541,298,122,183,1,-1,-1,-1
4,7,2142,109,112,272,1,-1,-1,-1
5,0,1962,336,200,236,1,-1,-1,-1
5,1,396,658,176,184,1,-1,-1,-1
5,2,1366,137,88,251,1,-1,-1,-1
5,3,696,623,133,164,1,-1,-1,-1
5,4,1216,529,210,187,1,-1,-1,-1
5,5,317,596,164,196,1,-1,-1,-1
5,6,1541,301,122,183,1,-1,-1,-1
5,7,2142,111,112,272,1,-1,-1,-1
6,0,1959,337,200,236,1,-1,-1,-1
6,1,395,662,176,184,1,-1,-1,-1
6,2,1365,142,88,251,1,-1,-1,-1
6,3,695,626,133,164,1,-1,-1,-1
6,4,1222,535,200,178,1,-1,-1,-1
6,5,317,599,164,196,1,-1,-1,-1
6,6,1541,304,122,183,1,-1,-1,-1
6,7,2142,113,112,272,1,-1,-1,-1
7,0,1960,339,200,236,1,-1,-1,-1
7,1,397,665,176,184,1,-1,-1,-1
7,2,1365,149,88,251,1,-1,-1,-1
7,3,695,630,133,164,1,-1,-1,-1
7,4,1221,532,210,187,1,-1,-1,-1
7,5,316,601,164,196,1,-1,-1,-1
7,6,1540,306,122,183,1,-1,-1,-1
7,7,2143,114,112,272,1,-1,-1,-1
8,0,1960,342,200,236,1,-1,-1,-1
8,1,400,665,176,184,1,-1,-1,-1
8,2,1365,152,88,251,1,-1,-1,-1
8,3,697,632,133,164,1,-1,-1,-1
8,4,1224,531,210,187,1,-1,-1,-1
8,5,319,604,164,196,1,-1,-1,-1
8,6,1539,308,122,183,1,-1,-1,-1
8,7,2141,113,112,272,1,-1,-1,-1
9,0,1996,328,164,256,1,-1,-1,-1
9,1,380,660,172,196,1,-1,-1,-1
9,2,1360,168,100,248,1,-1,-1,-1
9,3,697,632,133,164,1,-1,-1,-1
9,4,1216,524,264,196,1,-1,-1,-1
9,5,312,616,172,180,1,-1,-1,-1
9,6,1528,300,144,228,1,-1,-1,-1
9,7,2141,113,112,272,1,-1,-1,-1
9,8,0,736,52,120,1,-1,-1,-1
9,9,1608,540,180,144,1,-1,-1,-1
10,0,1997,329,164,256,1,-1,-1,-1
10,1,382,663,172,196,1,-1,-1,-1
10,2,1361,167,100,248,1,-1,-1,-1
10,3,698,641,133,164,1,-1,-1,-1
10,4,1217,527,264,196,1,-1,-1,-1
10,5,318,622,164,171,1,-1,-1,-1
10,6,1530,302,144,228,1,-1,-1,-1
10,7,2143,113,112,272,1,-1,-1,-1
10,8,3,740,52,120,1,-1,-1,-1
10,9,1612,542,180,144,1,-1,-1,-1
11,0,1998,331,164,256,1,-1,-1,-1
11,1,384,665,172,196,1,-1,-1,-1
11,2,1362,168,100,248,1,-1,-1,-1
11,3,703,648,127,156,1,-1,-1,-1
11,4,1223,528,264,196,1,-1,-1,-1
11,5,320,624,164,171,1,-1,-1,-1
11,6,1527,299,151,239,1,-1,-1,-1
11,7,2144,111,112,272,1,-1,-1,-1
11,8,11,741,52,120,1,-1,-1,-1
11,9,1620,544,180,144,1,-1,-1,-1
12,0,1999,337,164,256,1,-1,-1,-1
12,1,385,668,172,196,1,-1,-1,-1
12,2,1364,169,100,248,1,-1,-1,-1
12,3,701,642,133,164,1,-1,-1,-1
12,4,1221,531,264,196,1,-1,-1,-1
12,5,318,621,172,180,1,-1,-1,-1
12,6,1525,303,151,239,1,-1,-1,-1
12,7,2146,108,112,272,1,-1,-1,-1
12,8,16,747,52,120,1,-1,-1,-1
12,9,1631,549,171,137,1,-1,-1,-1
13,0,1998,338,164,256,1,-1,-1,-1
13,1,387,671,172,196,1,-1,-1,-1
13,2,1365,171,100,248,1,-1,-1,-1
13,3,702,645,133,164,1,-1,-1,-1
13,4,1226,531,264,196,1,-1,-1,-1
13,5,319,623,172,180,1,-1,-1,-1
13,6,1530,310,144,228,1,-1,-1,-1
13,7,2150,102,112,272,1,-1,-1,-1
13,8,23,751,52,120,1,-1,-1,-1
13,9,1632,554,171,137,1,-1,-1,-1
14,0,2000,339,164,256,1,-1,-1,-1
14,1,384,668,181,206,1,-1,-1,-1
14,2,1364,174,100,248,1,-1,-1,-1
14,3,704,642,133,164,1,-1,-1,-1
14,4,1227,535,264,196,1,-1,-1,-1
14,5,321,626,172,180,1,-1,-1,-1
14,6,1533,319,137,217,1,-1,-1,-1
14,7,2151,105,112,272,1,-1,-1,-1
14,8,26,756,52,120,1,-1,-1,-1
14,9,1634,554,171,137,1,-1,-1,-1
15,0,2005,340,164,256,1,-1,-1,-1
15,1,386,671,181,206,1,-1,-1,-1
15,2,1362,175,100,248,1,-1,-1,-1
15,3,701,640,140,172,1,-1,-1,-1
15,4,1235,543,251,187,1,-1,-1,-1
15,5,324,629,172,180,1,-1,-1,-1
15,6,1534,322,137,217,1,-1,-1,-1
15,7,2154,110,107,259,1,-1,-1,-1
15,8,31,760,52,120,1,-1,-1,-1
15,9,1637,552,180,144,1,-1,-1,-1
16,0,2005,342,164,256,1,-1,-1,-1
16,1,388,674,181,206,1,-1,-1,-1
16,2,1361,177,100,248,1,-1,-1,-1
16,3,702,642,140,172,1,-1,-1,-1
16,4,1236,541,251,187,1,-1,-1,-1
16,5,327,632,172,180,1,-1,-1,-1
16,6,1536,329,131,207,1,-1,-1,-1
16,7,2154,107,107,259,1,-1,-1,-1
16,8,34,764,52,120,1,-1,-1,-1
16,9,1645,553,180,144,1,-1,-1,-1
17,0,2004,352,160,244,1,-1,-1,-1
17,1,388,674,181,206,1,-1,-1,-1
17,2,1372,176,100,244,1,-1,-1,-1
17,3,728,636,112,184,1,-1,-1,-1
17,4,1236,548,248,192,1,-1,-1,-1
17,5,336,636,160,184,1,-1,-1,-1
17,6,1536,329,131,207,1,-1,-1,-1
17,7,2154,107,107,259,1,-1,-1,-1
17,8,34,764,52,120,1,-1,-1,-1
17,9,1645,553,180,144,1,-1,-1,-1
17,10,0,768,92,160,1,-1,-1,-1
17,11,1536,480,220,180,1,-1,-1,-1
17,12,1672,456,224,212,1,-1,-1,-1
17,13,968,616,176,176,1,-1,-1,-1
18,0,2004,354,160,244,1,-1,-1,-1
18,1,397,683,172,196,1,-1,-1,-1
18,2,1375,182,95,232,1,-1,-1,-1
18,3,731,643,107,175,1,-1,-1,-1
18,4,1237,549,248,192,1,-1,-1,-1
18,5,337,639,160,184,1,-1,-1,-1
18,6,1535,336,131,207,1,-1,-1,-1
18,7,2154,108,107,259,1,-1,-1,-1
18,8,42,764,52,120,1,-1,-1,-1
18,9,1653,553,180,144,1,-1,-1,-1
18,10,1,770,92,160,1,-1,-1,-1
18,11,1537,482,220,180,1,-1,-1,-1
18,12,1674,459,224,212,1,-1,-1,-1
18,13,968,617,176,176,1,-1,-1,-1
19,0,2008,354,160,244,1,-1,-1,-1
19,1,400,686,172,196,1,-1,-1,-1
19,2,1374,185,95,232,1,-1,-1,-1
19,3,732,646,107,175,1,-1,-1,-1
19,4,1242,551,248,192,1,-1,-1,-1
19,5,341,639,160,184,1,-1,-1,-1
19,6,1538,334,131,207,1,-1,-1,-1
19,7,2157,115,102,247,1,-1,-1,-1
19,8,45,763,52,120,1,-1,-1,-1
19,9,1662,557,171,137,1,-1,-1,-1
19,10,3,770,92,160,1,-1,-1,-1
19,11,1543,482,220,180,1,-1,-1,-1
19,12,1676,458,224,212,1,-1,-1,-1
19,13,970,618,176,176,1,-1,-1,-1
20,0,2007,355,160,244,1,-1,-1,-1
20,1,401,688,172,196,1,-1,-1,-1
20,2,1370,181,100,244,1,-1,-1,-1
20,3,733,645,107,175,1,-1,-1,-1
20,4,1245,554,248,192,1,-1,-1,-1
20,5,343,641,160,184,1,-1,-1,-1
20,6,1537,337,131,207,1,-1,-1,-1
20,7,2157,116,102,247,1,-1,-1,-1
20,8,46,764,52,120,1,-1,-1,-1
20,9,1667,559,171,137,1,-1,-1,-1
20,10,5,770,92,160,1,-1,-1,-1
20,11,1547,483,220,180,1,-1,-1,-1
20,12,1677,458,224,212,1,-1,-1,-1
20,13,972,617,176,176,1,-1,-1,-1
21,0,2010,353,160,244,1,-1,-1,-1
21,1,403,687,172,196,1,-1,-1,-1
21,2,1370,183,100,244,1,-1,-1,-1
21,3,734,644,107,175,1,-1,-1,-1
21,4,1251,557,236,183,1,-1,-1,-1
21,5,348,642,160,184,1,-1,-1,-1
21,6,1538,336,131,207,1,-1,-1,-1
21,7,2157,114,102,247,1,-1,-1,-1
21,8,48,761,52,120,1,-1,-1,-1
21,9,1671,560,171,137,1,-1,-1,-1
21,10,4,763,97,168,1,-1,-1,-1
21,11,1549,484,220,180,1,-1,-1,-1
21,12,1680,460,224,212,1,-1,-1,-1
21,13,972,617,176,176,1,-1,-1,-1
22,0,2013,353,160,244,1,-1,-1,-1
22,1,404,686,172,196,1,-1,-1,-1
22,2,1368,177,105,256,1,-1,-1,-1
22,3,733,645,107,175,1,-1,-1,-1
22,4,1256,564,225,174,1,-1,-1,-1
22,5,350,640,160,184,1,-1,-1,-1
22,6,1539,340,124,197,1,-1,-1,-1
22,7,2156,115,102,247,1,-1,-1,-1
22,8,51,759,50,114,1,-1,-1,-1
22,9,1671,557,171,137,1,-1,-1,-1
22,10,6,760,97,168,1,-1,-1,-1
22,11,1550,482,220,180,1,-1,-1,-1
22,12,1676,456,235,223,1,-1,-1,-1
22,13,974,617,176,176,1,-1,-1,-1
23,0,2010,348,168,256,1,-1,-1,-1
23,1,404,684,172,196,1,-1,-1,-1
23,2,1368,174,105,256,1,-1,-1,-1
23,3,733,642,107,175,1,-1,-1,-1
23,4,1264,565,214,166,1,-1,-1,-1
23,5,352,637,160,184,1,-1,-1,-1
23,6,1541,343,118,188,1,-1,-1,-1
23,7,2154,112,102,247,1,-1,-1,-1
23,8,52,751,50,114,1,-1,-1,-1
23,9,1672,556,171,137,1,-1,-1,-1
23,10,8,757,97,168,1,-1,-1,-1
23,11,1558,482,210,171,1,-1,-1,-1
23,12,1680,452,235,223,1,-1,-1,-1
23,13,975,613,176,176,1,-1,-1,-1
24,0,2012,347,168,256,1,-1,-1,-1
24,1,404,681,172,196,1,-1,-1,-1
24,2,1366,171,105,256,1,-1,-1,-1
24,3,733,634,107,175,1,-1,-1,-1
24,4,1273,559,204,158,1,-1,-1,-1
24,5,360,636,152,175,1,-1,-1,-1
24,6,1539,332,118,188,1,-1,-1,-1
24,7,2149,101,107,259,1,-1,-1,-1
24,8,53,741,50,114,1,-1,-1,-1
24,9,1670,548,180,144,1,-1,-1,-1
24,10,8,749,97,168,1,-1,-1,-1
24,11,1559,479,210,171,1,-1,-1,-1
24,12,1680,450,235,223,1,-1,-1,-1
24,13,973,609,176,176,1,-1,-1,-1
25,0,2028,312,148,256,1,-1,-1,-1
25,1,416,656,212,220,1,-1,-1,-1
25,2,1368,180,96,236,1,-1,-1,-1
25,3,728,632,128,176,1,-1,-1,-1
25,4,1260,544,212,184,1,-1,-1,-1
25,5,360,644,168,164,1,-1,-1,-1
25,6,1536,324,160,236,1,-1,-1,-1
25,7,2149,101,107,259,1,-1,-1,-1
25,8,53,741,50,114,1,-1,-1,-1
25,9,1670,548,180,144,1,-1,-1,-1
25,10,0,732,104,188,1,-1,-1,-1
25,11,1548,460,260,212,1,-1,-1,-1
25,12,1680,450,235,223,1,-1,-1,-1
25,13,984,572,180,200,1,-1,-1,-1
25,14,1796,452,160,148,1,-1,-1,-1
25,15,1444,472,132,196,1,-1,-1,-1
25,16,1372,416,164,132,1,-1,-1,-1
26,0,2030,308,148,256,1,-1,-1,-1
26,1,417,655,212,220,1,-1,-1,-1
26,2,1368,176,96,236,1,-1,-1,-1
26,3,729,629,128,176,1,-1,-1,-1
26,4,1264,541,212,184,1,-1,-1,-1
26,5,362,643,168,164,1,-1,-1,-1
26,6,1537,323,160,236,1,-1,-1,-1
26,7,2150,89,102,247,1,-1,-1,-1
26,8,53,730,50,114,1,-1,-1,-1
26,9,1674,544,180,144,1,-1,-1,-1
26,10,1,730,104,188,1,-1,-1,-1
26,11,1557,464,248,202,1,-1,-1,-1
26,12,1706,439,224,212,1,-1,-1,-1
26,13,985,570,180,200,1,-1,-1,-1
26,14,1801,450,160,148,1,-1,-1,-1
26,15,1447,469,132,196,1,-1,-1,-1
26,16,1375,414,164,132,1,-1,-1,-1
27,0,2032,306,148,256,1,-1,-1,-1
27,1,420,655,212,220,1,-1,-1,-1
27,2,1368,175,96,236,1,-1,-1,-1
27,3,729,624,134,185,1,-1,-1,-1
27,4,1270,540,212,184,1,-1,-1,-1
27,5,364,641,168,164,1,-1,-1,-1
27,6,1537,321,160,236,1,-1,-1,-1
27,7,2150,89,102,247,1,-1,-1,-1
27,8,54,726,50,114,1,-1,-1,-1
27,9,1673,539,189,151,1,-1,-1,-1
27,10,2,727,104,188,1,-1,-1,-1
27,11,1559,464,248,202,1,-1,-1,-1
27,12,1714,444,224,212,1,-1,-1,-1
27,13,984,570,180,200,1,-1,-1,-1
27,14,1808,450,160,148,1,-1,-1,-1
27,15,1448,467,132,196,1,-1,-1,-1
27,16,1378,414,164,132,1,-1,-1,-1
28,0,2038,312,141,244,1,-1,-1,-1
28,1,421,654,212,220,1,-1,-1,-1
28,2,1368,174,96,236,1,-1,-1,-1
28,3,731,622,134,185,1,-1,-1,-1
28,4,1273,540,212,184,1,-1,-1,-1
28,5,366,641,168,164,1,-1,-1,-1
28,6,1539,319,160,236,1,-1,-1,-1
28,7,2150,85,102,247,1,-1,-1,-1
28,8,55,725,50,114,1,-1,-1,-1
28,9,1677,542,180,144,1,-1,-1,-1
28,10,3,725,104,188,1,-1,-1,-1
28,11,1561,462,248,202,1,-1,-1,-1
28,12,1695,441,224,212,1,-1,-1,-1
28,13,986,570,180,200,1,-1,-1,-1
28,14,1813,452,160,148,1,-1,-1,-1
28,15,1449,465,132,196,1,-1,-1,-1
28,16,1380,414,164,132,1,-1,-1,-1
29,0,2042,308,141,244,1,-1,-1,-1
29,1,424,654,212,220,1,-1,-1,-1
29,2,1367,173,96,236,1,-1,-1,-1
29,3,732,622,134,185,1,-1,-1,-1
29,4,1276,541,212,184,1,-1,-1,-1
29,5,370,641,168,164,1,-1,-1,-1
29,6,1538,319,160,236,1,-1,-1,-1
29,7,2152,89,97,235,1,-1,-1,-1
29,8,55,724,50,114,1,-1,-1,-1
29,9,1683,543,171,137,1,-1,-1,-1
29,10,3,727,104,188,1,-1,-1,-1
29,11,1561,462,248,202,1,-1,-1,-1
29,12,1664,450,235,223,1,-1,-1,-1
29,13,989,568,180,200,1,-1,-1,-1
29,14,1818,451,160,148,1,-1,-1,-1
29,15,1452,465,132,196,1,-1,-1,-1
29,16,1381,416,164,132,1,-1,-1,-1
30,0,2043,306,141,244,1,-1,-1,-1
30,1,424,654,212,220,1,-1,-1,-1
30,2,1364,167,101,248,1,-1,-1,-1
30,3,733,618,134,185,1,-1,-1,-1
30,4,1279,542,212,184,1,-1,-1,-1
30,5,372,639,168,164,1,-1,-1,-1
30,6,1539,318,160,236,1,-1,-1,-1
30,7,2155,91,92,224,1,-1,-1,-1
30,8,58,730,47,109,1,-1,-1,-1
30,9,1687,545,171,137,1,-1,-1,-1
30,10,5,731,104,188,1,-1,-1,-1
30,11,1562,460,248,202,1,-1,-1,-1
30,12,1661,455,235,223,1,-1,-1,-1
30,13,989,570,180,200,1,-1,-1,-1
30,14,1831,449,152,141,1,-1,-1,-1
30,15,1454,459,132,196,1,-1,-1,-1
30,16,1383,410,164,132,1,-1,-1,-1
31,0,2042,296,148,256,1,-1,-1,-1
31,1,430,654,212,220,1,-1,-1,-1
31,2,1365,165,101,248,1,-1,-1,-1
31,3,734,616,134,185,1,-1,-1,-1
31,4,1282,541,212,184,1,-1,-1,-1
31,5,376,637,168,164,1,-1,-1,-1
31,6,1540,317,160,236,1,-1,-1,-1
31,7,2155,91,92,224,1,-1,-1,-1
31,8,59,731,50,114,1,-1,-1,-1
31,9,1690,544,171,137,1,-1,-1,-1
31,10,8,732,104,188,1,-1,-1,-1
31,11,1560,460,248,202,1,-1,-1,-1
31,12,1657,463,224,212,1,-1,-1,-1
31,13,990,564,189,210,1,-1,-1,-1
31,14,1838,446,152,141,1,-1,-1,-1
31,15,1461,458,126,187,1,-1,-1,-1
31,16,1376,407,172,139,1,-1,-1,-1
32,0,2045,294,148,256,1,-1,-1,-1
32,1,437,655,202,210,1,-1,-1,-1
32,2,1365,164,101,248,1,-1,-1,-1
32,3,737,616,134,185,1,-1,-1,-1
32,4,1284,541,212,184,1,-1,-1,-1
32,5,380,635,168,164,1,-1,-1,-1
32,6,1541,313,160,236,1,-1,-1,-1
32,7,2157,88,92,224,1,-1,-1,-1
32,8,63,731,50,114,1,-1,-1,-1
32,9,1696,547,163,131,1,-1,-1,-1
32,10,11,734,104,188,1,-1,-1,-1
32,11,1563,457,248,202,1,-1,-1,-1
32,12,1665,457,224,212,1,-1,-1,-1
32,13,990,565,189,210,1,-1,-1,-1
32,14,1847,443,152,141,1,-1,-1,-1
32,15,1458,453,132,196,1,-1,-1,-1
32,16,1376,405,172,139,1,-1,-1,-1
33,0,2056,272,120,268,1,-1,-1,-1
33,1,437,655,202,210,1,-1,-1,-1
33,2,1368,144,96,248,1,-1,-1,-1
33,3,744,612,132,180,1,-1,-1,-1
33,4,1296,536,220,180,1,-1,-1,-1
33,5,380,612,176,180,1,-1,-1,-1
33,6,1548,300,148,216,1,-1,-1,-1
33,7,2157,88,92,224,1,-1,-1,-1
33,8,63,731,50,114,1,-1,-1,-1
33,9,1696,547,163,131,1,-1,-1,-1
33,10,0,736,120,172,1,-1,-1,-1
33,11,1576,436,264,216,1,-1,-1,-1
33,12,1665,457,224,212,1,-1,-1,-1
33,13,996,584,196,168,1,-1,-1,-1
33,14,1800,428,188,172,1,-1,-1,-1
33,15,1458,453,132,196,1,-1,-1,-1
33,16,1376,405,172,139,1,-1,-1,-1
33,17,652,548,132,184,1,-1,-1,-1
33,18,1092,400,148,204,1,-1,-1,-1
34,0,2064,248,120,268,1,-1,-1,-1
34,1,459,629,202,210,1,-1,-1,-1
34,2,1376,119,96,248,1,-1,-1,-1
34,3,759,589,132,180,1,-1,-1,-1
34,4,1311,514,220,180,1,-1,-1,-1
34,5,399,594,168,171,1,-1,-1,-1
34,6,1558,278,148,216,1,-1,-1,-1
34,7,2165,62,92,224,1,-1,-1,-1
34,8,84,720,47,109,1,-1,-1,-1
34,9,1714,526,163,131,1,-1,-1,-1
34,10,16,716,120,172,1,-1,-1,-1
34,11,1587,412,264,216,1,-1,-1,-1
34,12,1664,440,224,212,1,-1,-1,-1
34,13,1009,561,196,168,1,-1,-1,-1
34,14,1814,405,188,172,1,-1,-1,-1
34,15,1476,430,132,196,1,-1,-1,-1
34,16,1389,383,164,132,1,-1,-1,-1
34,17,666,525,132,184,1,-1,-1,-1
34,18,1102,380,148,204,1,-1,-1,-1
35,0,2079,222,120,268,1,-1,-1,-1
35,1,478,601,202,210,1,-1,-1,-1
35,2,1388,95,96,248,1,-1,-1,-1
35,3,773,563,132,180,1,-1,-1,-1
35,4,1332,494,210,171,1,-1,-1,-1
35,5,415,566,168,171,1,-1,-1,-1
35,6,1574,251,148,216,1,-1,-1,-1
35,7,2179,35,92,224,1,-1,-1,-1
35,8,104,697,47,109,1,-1,-1,-1
35,9,1731,497,163,131,1,-1,-1,-1
35,10,34,691,120,172,1,-1,-1,-1
35,11,1605,387,264,216,1,-1,-1,-1
35,12,1675,421,224,212,1,-1,-1,-1
35,13,1022,536,196,168,1,-1,-1,-1
35,14,1831,376,188,172,1,-1,-1,-1
35,15,1489,393,139,206,1,-1,-1,-1
35,16,1406,354,164,132,1,-1,-1,-1
35,17,684,504,132,184,1,-1,-1,-1
35,18,1118,353,148,204,1,-1,-1,-1
36,0,2085,204,120,268,1,-1,-1,-1
36,1,481,588,202,210,1,-1,-1,-1
36,2,1391,69,101,260,1,-1,-1,-1
36,3,779,547,132,180,1,-1,-1,-1
36,4,1337,476,210,171,1,-1,-1,-1
36,5,420,550,168,171,1,-1,-1,-1
36,6,1577,233,148,216,1,-1,-1,-1
36,7,2188,16,88,213,1,-1,-1,-1
36,8,114,685,47,109,1,-1,-1,-1
36,9,1736,480,171,137,1,-1,-1,-1
36,10,44,675,120,172,1,-1,-1,-1
36,11,1611,370,264,216,1,-1,-1,-1
36,12,1682,387,235,223,1,-1,-1,-1
36,13,1028,519,196,168,1,-1,-1,-1
36,14,1840,358,188,172,1,-1,-1,-1
36,15,1494,374,139,206,1,-1,-1,-1
36,16,1420,339,164,132,1,-1,-1,-1
36,17,687,485,132,184,1,-1,-1,-1
36,18,1123,336,148,204,1,-1,-1,-1
37,0,2090,194,120,268,1,-1,-1,-1
37,1,489,574,202,210,1,-1,-1,-1
37,2,1397,67,101,260,1,-1,-1,-1
37,3,792,541,132,180,1,-1,-1,-1
37,4,1347,471,200,163,1,-1,-1,-1
37,5,428,539,168,171,1,-1,-1,-1
37,6,1580,224,148,216,1,-1,-1,-1
37,7,2193,-2,88,213,1,-1,-1,-1
37,8,123,673,47,109,1,-1,-1,-1
37,9,1744,465,171,137,1,-1,-1,-1
37,10,53,669,120,172,1,-1,-1,-1
37,11,1619,355,264,216,1,-1,-1,-1
37,12,1697,371,235,223,1,-1,-1,-1
37,13,1035,506,196,168,1,-1,-1,-1
37,14,1848,345,188,172,1,-1,-1,-1
37,15,1504,367,132,196,1,-1,-1,-1
37,16,1421,324,164,132,1,-1,-1,-1
37,17,696,471,132,184,1,-1,-1,-1
37,18,1131,324,148,204,1,-1,-1,-1
38,0,2095,190,120,268,1,-1,-1,-1
38,1,501,563,202,210,1,-1,-1,-1
38,2,1402,47,101,260,1,-1,-1,-1
38,3,797,533,132,180,1,-1,-1,-1
38,4,1358,465,200,163,1,-1,-1,-1
38,5,435,536,168,171,1,-1,-1,-1
38,6,1585,217,148,216,1,-1,-1,-1
38,7,2201,-8,88,213,1,-1,-1,-1
38,8,133,670,47,109,1,-1,-1,-1
38,9,1751,464,163,131,1,-1,-1,-1
38,10,65,662,120,172,1,-1,-1,-1
38,11,1633,353,251,206,1,-1,-1,-1
38,12,1691,365,247,234,1,-1,-1,-1
38,13,1040,502,196,168,1,-1,-1,-1
38,14,1856,341,188,172,1,-1,-1,-1
38,15,1513,359,139,206,1,-1,-1,-1
38,16,1420,323,164,132,1,-1,-1,-1
38,17,704,468,132,184,1,-1,-1,-1
38,18,1139,326,141,194,1,-1,-1,-1
39,0,2099,188,120,268,1,-1,-1,-1
39,1,506,566,202,210,1,-1,-1,-1
39,2,1405,51,101,260,1,-1,-1,-1
39,3,804,539,126,171,1,-1,-1,-1
39,4,1361,462,200,163,1,-1,-1,-1
39,5,435,532,176,180,1,-1,-1,-1
39,6,1590,215,148,216,1,-1,-1,-1
39,7,2205,-17,92,224,1,-1,-1,-1
39,8,143,670,47,109,1,-1,-1,-1
39,9,1760,462,163,131,1,-1,-1,-1
39,10,76,668,114,164,1,-1,-1,-1
39,11,1639,353,251,206,1,-1,-1,-1
39,12,1699,355,259,245,1,-1,-1,-1
39,13,1046,502,196,168,1,-1,-1,-1
39,14,1858,341,188,172,1,-1,-1,-1
39,15,1513,354,139,206,1,-1,-1,-1
39,16,1419,322,164,132,1,-1,-1,-1
39,17,708,464,139,193,1,-1,-1,-1
39,18,1145,324,141,194,1,-1,-1,-1
40,0,2102,191,120,268,1,-1,-1,-1
40,1,510,571,202,210,1,-1,-1,-1
40,2,1410,65,96,248,1,-1,-1,-1
40,3,812,546,126,171,1,-1,-1,-1
40,4,1367,466,200,163,1,-1,-1,-1
40,5,441,538,176,180,1,-1,-1,-1
40,6,1598,223,141,206,1,-1,-1,-1
40,7,2208,-13,92,224,1,-1,-1,-1
40,8,151,674,47,109,1,-1,-1,-1
40,9,1762,466,163,131,1,-1,-1,-1
40,10,83,671,114,164,1,-1,-1,-1
40,11,1645,355,251,206,1,-1,-1,-1
40,12,1716,354,259,245,1,-1,-1,-1
40,13,1049,503,196,168,1,-1,-1,-1
40,14,1870,345,188,172,1,-1,-1,-1
40,15,1517,357,139,206,1,-1,-1,-1
40,16,1420,331,172,139,1,-1,-1,-1
40,17,717,473,132,184,1,-1,-1,-1
40,18,1150,329,141,194,1,-1,-1,-1
41,0,2104,196,116,268,1,-1,-1,-1
41,1,448,560,216,232,1,-1,-1,-1
41,2,1416,100,88,224,1,-1,-1,-1
41,3,804,536,164,184,1,-1,-1,-1
41,4,1360,492,180,156,1,-1,-1,-1
41,5,441,538,176,180,1,-1,-1,-1
41,6,1604,248,140,192,1,-1,-1,-1
41,7,2208,4,112,236,1,-1,-1,-1
41,8,151,674,47,109,1,-1,-1,-1
41,9,1762,466,163,131,1,-1,-1,-1
41,10,83,671,114,164,1,-1,-1,-1
41,11,1645,355,251,206,1,-1,-1,-1
41,12,1724,416,208,184,1,-1,-1,-1
41,13,1048,516,212,160,1,-1,-1,-1
41,14,1916,348,168,152,1,-1,-1,-1
41,15,1517,357,139,206,1,-1,-1,-1
41,16,1420,331,172,139,1,-1,-1,-1
41,17,717,473,132,184,1,-1,-1,-1
41,18,1128,328,144,184,1,-1,-1,-1
41,19,0,680,200,172,1,-1,-1,-1
42,0,2108,204,110,255,1,-1,-1,-1
42,1,446,559,227,244,1,-1,-1,-1
42,2,1416,102,88,224,1,-1,-1,-1
42,3,809,542,164,184,1,-1,-1,-1
42,4,1363,497,180,156,1,-1,-1,-1
42,5,451,557,168,171,1,-1,-1,-1
42,6,1608,251,140,192,1,-1,-1,-1
42,7,2210,7,112,236,1,-1,-1,-1
42,8,162,686,47,109,1,-1,-1,-1
42,9,1766,474,163,131,1,-1,-1,-1
42,10,95,683,114,164,1,-1,-1,-1
42,11,1660,370,251,206,1,-1,-1,-1
42,12,1728,421,208,184,1,-1,-1,-1
42,13,1049,519,212,160,1,-1,-1,-1
42,14,1915,349,176,160,1,-1,-1,-1
42,15,1529,368,139,206,1,-1,-1,-1
42,16,1437,338,172,139,1,-1,-1,-1
42,17,724,487,132,184,1,-1,-1,-1
42,18,1131,332,144,184,1,-1,-1,-1
42,19,4,684,200,172,1,-1,-1,-1
43,0,2112,214,105,243,1,-1,-1,-1
43,1,451,566,227,244,1,-1,-1,-1
43,2,1416,100,92,235,1,-1,-1,-1
43,3,815,549,164,184,1,-1,-1,-1
43,4,1368,502,180,156,1,-1,-1,-1
43,5,461,565,160,163,1,-1,-1,-1
43,6,1612,257,140,192,1,-1,-1,-1
43,7,2213,10,112,236,1,-1,-1,-1
43,8,169,692,47,109,1,-1,-1,-1
43,9,1767,480,163,131,1,-1,-1,-1
43,10,107,686,114,164,1,-1,-1,-1
43,11,1669,374,251,206,1,-1,-1,-1
43,12,1739,430,198,175,1,-1,-1,-1
43,13,1045,521,223,168,1,-1,-1,-1
43,14,1928,358,168,152,1,-1,-1,-1
43,15,1537,385,132,196,1,-1,-1,-1
43,16,1433,336,181,146,1,-1,-1,-1
43,17,729,490,132,184,1,-1,-1,-1
43,18,1135,338,144,184,1,-1,-1,-1
43,19,10,690,200,172,1,-1,-1,-1
44,0,2112,217,105,243,1,-1,-1,-1
44,1,454,567,227,244,1,-1,-1,-1
44,2,1418,103,92,235,1,-1,-1,-1
44,3,818,553,164,184,1,-1,-1,-1
44,4,1371,504,180,156,1,-1,-1,-1
44,5,459,566,168,171,1,-1,-1,-1
44,6,1615,260,140,192,1,-1,-1,-1
44,7,2212,7,118,248,1,-1,-1,-1
44,8,171,693,47,109,1,-1,-1,-1
44,9,1767,479,163,131,1,-1,-1,-1
44,10,110,690,114,164,1,-1,-1,-1
44,11,1674,377,251,206,1,-1,-1,-1
44,12,1740,431,198,175,1,-1,-1,-1
44,13,1049,525,223,168,1,-1,-1,-1
44,14,1933,361,168,152,1,-1,-1,-1
44,15,1543,392,126,187,1,-1,-1,-1
44,16,1433,337,181,146,1,-1,-1,-1
44,17,731,491,132,184,1,-1,-1,-1
44,18,1136,340,144,184,1,-1,-1,-1
44,19,13,692,200,172,1,-1,-1,-1
45,0,2109,210,110,255,1,-1,-1,-1
45,1,454,572,227,244,1,-1,-1,-1
45,2,1419,106,92,235,1,-1,-1,-1
45,3,823,561,156,175,1,-1,-1,-1
45,4,1373,505,180,156,1,-1,-1,-1
45,5,456,566,176,180,1,-1,-1,-1
45,6,1616,260,140,192,1,-1,-1,-1
45,7,2212,8,118,248,1,-1,-1,-1
45,8,177,694,47,109,1,-1,-1,-1
45,9,1769,479,163,131,1,-1,-1,-1
45,10,114,695,114,164,1,-1,-1,-1
45,11,1683,383,239,196,1,-1,-1,-1
45,12,1742,432,198,175,1,-1,-1,-1
45,13,1050,527,223,168,1,-1,-1,-1
45,14,1936,360,168,152,1,-1,-1,-1
45,15,1541,392,126,187,1,-1,-1,-1
45,16,1438,337,181,146,1,-1,-1,-1
45,17,733,491,132,184,1,-1,-1,-1
45,18,1137,340,144,184,1,-1,-1,-1
45,19,18,695,200,172,1,-1,-1,-1
46,0,2107,211,110,255,1,-1,-1,-1
46,1,450,576,227,244,1,-1,-1,-1
46,2,1419,113,88,224,1,-1,-1,-1
46,3,822,564,156,175,1,-1,-1,-1
46,4,1372,508,180,156,1,-1,-1,-1
46,5,449,567,185,189,1,-1,-1,-1
46,6,1611,258,147,202,1,-1,-1,-1
46,7,2208,9,118,248,1,-1,-1,-1
46,8,177,701,47,109,1,-1,-1,-1
46,9,1767,484,163,131,1,-1,-1,-1
46,10,117,700,114,164,1,-1,-1,-1
46,11,1676,388,239,196,1,-1,-1,-1
46,12,1737,430,208,184,1,-1,-1,-1
46,13,1047,527,223,168,1,-1,-1,-1
46,14,1940,367,160,145,1,-1,-1,-1
46,15,1541,397,126,187,1,-1,-1,-1
46,16,1429,342,181,146,1,-1,-1,-1
46,17,729,493,132,184,1,-1,-1,-1
46,18,1134,341,144,184,1,-1,-1,-1
46,19,19,699,200,172,1,-1,-1,-1
47,0,2104,228,110,255,1,-1,-1,-1
47,1,443,589,227,244,1,-1,-1,-1
47,2,1412,128,88,224,1,-1,-1,-1
47,3,817,579,156,175,1,-1,-1,-1
47,4,1368,524,180,156,1,-1,-1,-1
47,5,445,582,185,189,1,-1,-1,-1
47,6,1607,274,147,202,1,-1,-1,-1
47,7,2199,11,123,260,1,-1,-1,-1
47,8,178,717,45,104,1,-1,-1,-1
47,9,1760,494,163,131,1,-1,-1,-1
47,10,118,715,114,164,1,-1,-1,-1
47,11,1674,390,251,206,1,-1,-1,-1
47,12,1733,444,208,184,1,-1,-1,-1
47,13,1040,546,223,168,1,-1,-1,-1
47,14,1940,379,160,145,1,-1,-1,-1
47,15,1536,409,126,187,1,-1,-1,-1
47,16,1426,351,181,146,1,-1,-1,-1
47,17,724,507,132,184,1,-1,-1,-1
47,18,1129,355,144,184,1,-1,-1,-1
47,19,17,714,200,172,1,-1,-1,-1
48,0,2094,241,116,268,1,-1,-1,-1
48,1,440,608,227,244,1,-1,-1,-1
48,2,1402,149,88,224,1,-1,-1,-1
48,3,809,591,164,184,1,-1,-1,-1
48,4,1365,541,180,156,1,-1,-1,-1
48,5,436,599,194,198,1,-1,-1,-1
48,6,1605,292,147,202,1,-1,-1,-1
48,7,2196,38,118,248,1,-1,-1,-1
48,8,179,738,45,104,1,-1,-1,-1
48,9,1760,514,163,131,1,-1,-1,-1
48,10,115,733,114,164,1,-1,-1,-1
48,11,1675,412,239,196,1,-1,-1,-1
48,12,1724,460,218,193,1,-1,-1,-1
48,13,1040,571,212,160,1,-1,-1,-1
48,14,1939,397,160,145,1,-1,-1,-1
48,15,1528,424,126,187,1,-1,-1,-1
48,16,1413,365,190,153,1,-1,-1,-1
48,17,719,523,132,184,1,-1,-1,-1
48,18,1124,375,144,184,1,-1,-1,-1
48,19,16,735,200,172,1,-1,-1,-1
49,0,2094,241,116,268,1,-1,-1,-1
49,1,440,608,227,244,1,-1,-1,-1
49,2,1396,148,92,236,1,-1,-1,-1
49,3,812,656,192,136,1,-1,-1,-1
49,4,1352,540,188,188,1,-1,-1,-1
49,5,436,599,194,198,1,-1,-1,-1
49,6,1600,292,132,200,1,-1,-1,-1
49,7,2192,40,108,280,1,-1,-1,-1
49,8,179,738,45,104,1,-1,-1,-1
49,9,1760,514,163,131,1,-1,-1,-1
49,10,115,733,114,164,1,-1,-1,-1
49,11,1675,412,239,196,1,-1,-1,-1
49,12,1664,440,272,240,1,-1,-1,-1
49,13,1044,600,220,156,1,-1,-1,-1
49,14,1912,416,184,184,1,-1,-1,-1
49,15,1528,424,126,187,1,-1,-1,-1
49,16,1413,365,190,153,1,-1,-1,-1
49,17,688,548,144,180,1,-1,-1,-1
49,18,1124,375,144,184,1,-1,-1,-1
49,19,0,752,224,176,1,-1,-1,-1
50,0,2093,271,110,255,1,-1,-1,-1
50,1,446,638,216,232,1,-1,-1,-1
50,2,1394,152,92,236,1,-1,-1,-1
50,3,811,659,192,136,1,-1,-1,-1
50,4,1352,545,188,188,1,-1,-1,-1
50,5,436,621,194,198,1,-1,-1,-1
50,6,1600,296,132,200,1,-1,-1,-1
50,7,2191,43,108,280,1,-1,-1,-1
50,8,187,761,45,104,1,-1,-1,-1
50,9,1768,538,155,124,1,-1,-1,-1
50,10,127,756,114,164,1,-1,-1,-1
50,11,1670,440,239,196,1,-1,-1,-1
50,12,1667,443,272,240,1,-1,-1,-1
50,13,1043,605,220,156,1,-1,-1,-1
50,14,1912,421,184,184,1,-1,-1,-1
50,15,1528,452,120,178,1,-1,-1,-1
50,16,1397,404,190,153,1,-1,-1,-1
50,17,688,552,144,180,1,-1,-1,-1
50,18,1126,401,144,184,1,-1,-1,-1
50,19,5,757,224,176,1,-1,-1,-1
51,0,2088,265,116,268,1,-1,-1,-1
51,1,448,644,216,232,1,-1,-1,-1
51,2,1397,160,88,225,1,-1,-1,-1
51,3,814,659,192,136,1,-1,-1,-1
51,4,1355,547,188,188,1,-1,-1,-1
51,5,440,624,194,198,1,-1,-1,-1
51,6,1603,297,132,200,1,-1,-1,-1
51,7,2192,45,108,280,1,-1,-1,-1
51,8,192,764,45,104,1,-1,-1,-1
51,9,1772,543,155,124,1,-1,-1,-1
51,10,132,761,114,164,1,-1,-1,-1
51,11,1673,444,239,196,1,-1,-1,-1
51,12,1666,440,286,252,1,-1,-1,-1
51,13,1047,607,220,156,1,-1,-1,-1
51,14,1917,423,184,184,1,-1,-1,-1
51,15,1528,454,120,178,1,-1,-1,-1
51,16,1398,412,190,153,1,-1,-1,-1
51,17,689,555,144,180,1,-1,-1,-1
51,18,1126,403,144,184,1,-1,-1,-1
51,19,9,763,224,176,1,-1,-1,-1
52,0,2088,269,116,268,1,-1,-1,-1
52,1,451,646,216,232,1,-1,-1,-1
52,2,1399,166,83,214,1,-1,-1,-1
52,3,815,663,192,136,1,-1,-1,-1
52,4,1357,550,188,188,1,-1,-1,-1
52,5,442,625,194,198,1,-1,-1,-1
52,6,1609,303,126,190,1,-1,-1,-1
52,7,2190,45,108,280,1,-1,-1,-1
52,8,201,771,43,99,1,-1,-1,-1
52,9,1774,547,155,124,1,-1,-1,-1
52,10,136,763,114,164,1,-1,-1,-1
52,11,1682,449,228,187,1,-1,-1,-1
52,12,1660,433,300,265,1,-1,-1,-1
52,13,1048,611,220,156,1,-1,-1,-1
52,14,1920,427,184,184,1,-1,-1,-1
52,15,1530,458,120,178,1,-1,-1,-1
52,16,1397,412,199,160,1,-1,-1,-1
52,17,689,559,144,180,1,-1,-1,-1
52,18,1128,407,144,184,1,-1,-1,-1
52,19,9,762,235,185,1,-1,-1,-1
53,0,2087,271,116,268,1,-1,-1,-1
53,1,454,646,216,232,1,-1,-1,-1
53,2,1399,167,83,214,1,-1,-1,-1
53,3,816,665,192,136,1,-1,-1,-1
53,4,1357,554,188,188,1,-1,-1,-1
53,5,445,625,194,198,1,-1,-1,-1
53,6,1612,305,126,190,1,-1,-1,-1
53,7,2189,47,108,280,1,-1,-1,-1
53,8,206,771,45,104,1,-1,-1,-1
53,9,1778,549,155,124,1,-1,-1,-1
53,10,144,771,109,156,1,-1,-1,-1
53,11,1683,451,228,187,1,-1,-1,-1
53,12,1668,443,286,252,1,-1,-1,-1
53,13,1050,612,220,156,1,-1,-1,-1
53,14,1922,428,184,184,1,-1,-1,-1
53,15,1532,461,120,178,1,-1,-1,-1
53,16,1399,411,199,160,1,-1,-1,-1
53,17,690,561,144,180,1,-1,-1,-1
53,18,1128,410,144,184,1,-1,-1,-1
53,19,12,766,235,185,1,-1,-1,-1
54,0,2089,274,116,268,1,-1,-1,-1
54,1,455,651,216,232,1,-1,-1,-1
54,2,1399,172,83,214,1,-1,-1,-1
54,3,813,660,202,143,1,-1,-1,-1
54,4,1359,556,188,188,1,-1,-1,-1
54,5,456,632,185,189,1,-1,-1,-1
54,6,1615,308,126,190,1,-1,-1,-1
54,7,2189,45,108,280,1,-1,-1,-1
54,8,208,777,45,104,1,-1,-1,-1
54,9,1778,551,155,124,1,-1,-1,-1
54,10,147,775,109,156,1,-1,-1,-1
54,11,1682,448,239,196,1,-1,-1,-1
54,12,1674,448,286,252,1,-1,-1,-1
54,13,1052,616,220,156,1,-1,-1,-1
54,14,1922,431,184,184,1,-1,-1,-1
54,15,1533,467,120,178,1,-1,-1,-1
54,16,1407,416,199,160,1,-1,-1,-1
54,17,690,566,144,180,1,-1,-1,-1
54,18,1132,415,137,175,1,-1,-1,-1
54,19,16,767,235,185,1,-1,-1,-1
55,0,2090,277,116,268,1,-1,-1,-1
55,1,454,653,216,232,1,-1,-1,-1
55,2,1396,171,88,225,1,-1,-1,-1
55,3,809,661,212,150,1,-1,-1,-1
55,4,1361,560,188,188,1,-1,-1,-1
55,5,460,633,185,189,1,-1,-1,-1
55,6,1616,311,126,190,1,-1,-1,-1
55,7,2189,43,108,280,1,-1,-1,-1
55,8,214,781,47,109,1,-1,-1,-1
55,9,1778,554,155,124,1,-1,-1,-1
55,10,149,772,114,164,1,-1,-1,-1
55,11,1689,452,239,196,1,-1,-1,-1
55,12,1672,442,300,265,1,-1,-1,-1
55,13,1054,617,220,156,1,-1,-1,-1
55,14,1926,433,184,184,1,-1,-1,-1
55,15,1535,469,120,178,1,-1,-1,-1
55,16,1411,415,199,160,1,-1,-1,-1
55,17,690,569,144,180,1,-1,-1,-1
55,18,1136,423,131,167,1,-1,-1,-1
55,19,22,769,235,185,1,-1,-1,-1
56,0,2096,281,110,255,1,-1,-1,-1
56,1,447,650,227,244,1,-1,-1,-1
56,2,1398,181,83,214,1,-1,-1,-1
56,3,811,661,212,150,1,-1,-1,-1
56,4,1362,561,188,188,1,-1,-1,-1
56,5,467,640,176,180,1,-1,-1,-1
56,6,1619,316,126,190,1,-1,-1,-1
56,7,2187,47,108,280,1,-1,-1,-1
56,8,221,783,47,109,1,-1,-1,-1
56,9,1781,555,155,124,1,-1,-1,-1
56,10,157,780,109,156,1,-1,-1,-1
56,11,1694,454,239,196,1,-1,-1,-1
56,12,1670,447,300,265,1,-1,-1,-1
56,13,1057,619,220,156,1,-1,-1,-1
56,14,1922,433,193,193,1,-1,-1,-1
56,15,1534,472,120,178,1,-1,-1,-1
56,16,1414,412,199,160,1,-1,-1,-1
56,17,686,568,151,189,1,-1,-1,-1
56,18,1135,428,131,167,1,-1,-1,-1
56,19,27,771,235,185,1,-1,-1,-1
57,0,2096,300,116,240,1,-1,-1,-1
57,1,447,650,227,244,1,-1,-1,-1
57,2,1388,164,100,240,1,-1,-1,-1
57,3,820,660,216,156,1,-1,-1,-1
57,4,1380,572,200,180,1,-1,-1,-1
57,5,467,640,176,180,1,-1,-1,-1
57,6,1619,316,126,190,1,-1,-1,-1
57,7,2192,84,108,212,1,-1,-1,-1
57,8,221,783,47,109,1,-1,-1,-1
57,9,1781,555,155,124,1,-1,-1,-1
57,10,157,780,109,156,1,-1,-1,-1
57,11,1692,464,236,224,1,-1,-1,-1
57,12,1670,447,300,265,1,-1,-1,-1
57,13,1064,616,236,164,1,-1,-1,-1
57,14,1920,460,204,176,1,-1,-1,-1
57,15,1534,472,120,178,1,-1,-1,-1
57,16,1414,412,199,160,1,-1,-1,-1
57,17,686,568,151,189,1,-1,-1,-1
57,18,1140,428,136,132,1,-1,-1,-1
57,19,36,784,236,172,1,-1,-1,-1
57,20,480,712,152,184,1,-1,-1,-1
58,0,2096,299,116,240,1,-1,-1,-1
58,1,451,663,216,232,1,-1,-1,-1
58,2,1388,165,100,240,1,-1,-1,-1
58,3,825,665,206,149,1,-1,-1,-1
58,4,1383,574,200,180,1,-1,-1,-1
58,5,476,644,176,180,1,-1,-1,-1
58,6,1621,319,126,190,1,-1,-1,-1
58,7,2192,82,108,212,1,-1,-1,-1
58,8,228,790,50,114,1,-1,-1,-1
58,9,1788,558,163,131,1,-1,-1,-1
58,10,172,789,104,149,1,-1,-1,-1
58,11,1694,466,236,224,1,-1,-1,-1
58,12,1673,447,300,265,1,-1,-1,-1
58,13,1067,616,236,164,1,-1,-1,-1
58,14,1922,462,204,176,1,-1,-1,-1
58,15,1533,479,120,178,1,-1,-1,-1
58,16,1414,420,199,160,1,-1,-1,-1
58,17,688,580,151,189,1,-1,-1,-1
58,18,1140,429,136,132,1,-1,-1,-1
58,19,41,785,236,172,1,-1,-1,-1
58,20,480,712,152,184,1,-1,-1,-1
59,0,2097,299,116,240,1,-1,-1,-1
59,1,445,663,216,232,1,-1,-1,-1
59,2,1387,168,100,240,1,-1,-1,-1
59,3,826,667,206,149,1,-1,-1,-1
59,4,1385,576,200,180,1,-1,-1,-1
59,5,485,643,176,180,1,-1,-1,-1
59,6,1625,319,126,190,1,-1,-1,-1
59,7,2193,80,108,212,1,-1,-1,-1
59,8,234,795,47,109,1,-1,-1,-1
59,9,1788,559,163,131,1,-1,-1,-1
59,10,178,791,104,149,1,-1,-1,-1
59,11,1696,467,236,224,1,-1,-1,-1
59,12,1675,453,300,265,1,-1,-1,-1
59,13,1070,618,236,164,1,-1,-1,-1
59,14,1925,462,204,176,1,-1,-1,-1
59,15,1534,477,120,178,1,-1,-1,-1
59,16,1418,424,199,160,1,-1,-1,-1
59,17,693,586,144,180,1,-1,-1,-1
59,18,1144,434,130,126,1,-1,-1,-1
59,19,47,788,236,172,1,-1,-1,-1
59,20,480,712,152,184,1,-1,-1,-1
60,0,2098,298,116,240,1,-1,-1,-1
60,1,426,668,216,232,1,-1,-1,-1
60,2,1385,168,100,240,1,-1,-1,-1
60,3,828,669,206,149,1,-1,-1,-1
60,4,1388,579,200,180,1,-1,-1,-1
60,5,493,649,168,171,1,-1,-1,-1
60,6,1627,322,126,190,1,-1,-1,-1
60,7,2194,80,108,212,1,-1,-1,-1
60,8,241,798,47,109,1,-1,-1,-1
60,9,1790,561,163,131,1,-1,-1,-1
60,10,183,797,99,142,1,-1,-1,-1
60,11,1699,469,236,224,1,-1,-1,-1
60,12,1676,455,300,265,1,-1,-1,-1
60,13,1073,617,236,164,1,-1,-1,-1
60,14,1928,464,204,176,1,-1,-1,-1
60,15,1527,480,126,187,1,-1,-1,-1
60,16,1438,425,190,153,1,-1,-1,-1
60,17,692,585,151,189,1,-1,-1,-1
60,18,1145,435,130,126,1,-1,-1,-1
60,19,51,791,236,172,1,-1,-1,-1
60,20,480,715,152,184,1,-1,-1,-1
61,0,2100,298,116,240,1,-1,-1,-1
61,1,450,666,227,244,1,-1,-1,-1
61,2,1382,162,105,252,1,-1,-1,-1
61,3,830,670,206,149,1,-1,-1,-1
61,4,1390,580,200,180,1,-1,-1,-1
61,5,499,652,168,171,1,-1,-1,-1
61,6,1632,322,120,181,1,-1,-1,-1
61,7,2195,79,108,212,1,-1,-1,-1
61,8,247,799,47,109,1,-1,-1,-1
61,9,1795,564,163,131,1,-1,-1,-1
61,10,191,799,99,142,1,-1,-1,-1
61,11,1702,470,236,224,1,-1,-1,-1
61,12,1679,457,300,265,1,-1,-1,-1
61,13,1077,620,236,164,1,-1,-1,-1
61,14,1928,467,204,176,1,-1,-1,-1
61,15,1528,477,126,187,1,-1,-1,-1
61,16,1439,428,190,153,1,-1,-1,-1
61,17,699,594,144,180,1,-1,-1,-1
61,18,1145,435,130,126,1,-1,-1,-1
61,19,49,790,248,181,1,-1,-1,-1
61,20,479,717,152,184,1,-1,-1,-1
62,0,2098,293,122,252,1,-1,-1,-1
62,1,493,665,216,232,1,-1,-1,-1
62,2,1381,161,105,252,1,-1,-1,-1
62,3,832,670,206,149,1,-1,-1,-1
62,4,1390,583,200,180,1,-1,-1,-1
62,5,501,660,168,171,1,-1,-1,-1
62,6,1635,324,120,181,1,-1,-1,-1
62,7,2195,80,108,212,1,-1,-1,-1
62,8,249,799,47,109,1,-1,-1,-1
62,9,1799,565,163,131,1,-1,-1,-1
62,10,196,803,94,135,1,-1,-1,-1
62,11,1704,474,236,224,1,-1,-1,-1
62,12,1686,458,300,265,1,-1,-1,-1
62,13,1087,629,225,156,1,-1,-1,-1
62,14,1930,468,204,176,1,-1,-1,-1
62,15,1531,480,126,187,1,-1,-1,-1
62,16,1440,432,190,153,1,-1,-1,-1
62,17,701,595,144,180,1,-1,-1,-1
62,18,1147,437,130,126,1,-1,-1,-1
62,19,69,796,236,172,1,-1,-1,-1
62,20,480,720,152,184,1,-1,-1,-1
63,0,2098,294,122,252,1,-1,-1,-1
63,1,506,667,216,232,1,-1,-1,-1
63,2,1381,165,105,252,1,-1,-1,-1
63,3,840,675,196,141,1,-1,-1,-1
63,4,1395,583,200,180,1,-1,-1,-1
63,5,504,665,168,171,1,-1,-1,-1
63,6,1634,325,120,181,1,-1,-1,-1
63,7,2197,83,108,212,1,-1,-1,-1
63,8,251,797,47,109,1,-1,-1,-1
63,9,1802,568,163,131,1,-1,-1,-1
63,10,201,806,94,135,1,-1,-1,-1
63,11,1706,477,236,224,1,-1,-1,-1
63,12,1687,458,300,265,1,-1,-1,-1
63,13,1090,629,225,156,1,-1,-1,-1
63,14,1934,470,204,176,1,-1,-1,-1
63,15,1537,480,126,187,1,-1,-1,-1
63,16,1433,433,199,160,1,-1,-1,-1
63,17,700,593,151,189,1,-1,-1,-1
63,18,1150,438,130,126,1,-1,-1,-1
63,19,80,803,225,164,1,-1,-1,-1
63,20,481,721,152,184,1,-1,-1,-1
64,0,2100,295,122,252,1,-1,-1,-1
64,1,512,673,216,232,1,-1,-1,-1
64,2,1385,173,100,240,1,-1,-1,-1
64,3,840,677,196,141,1,-1,-1,-1
64,4,1399,582,200,180,1,-1,-1,-1
64,5,507,664,168,171,1,-1,-1,-1
64,6,1632,327,120,181,1,-1,-1,-1
64,7,2196,74,113,223,1,-1,-1,-1
64,8,254,795,47,109,1,-1,-1,-1
64,9,1805,569,163,131,1,-1,-1,-1
64,10,202,801,99,142,1,-1,-1,-1
64,11,1712,483,225,213,1,-1,-1,-1
64,12,1687,464,300,265,1,-1,-1,-1
64,13,1096,628,225,156,1,-1,-1,-1
64,14,1944,472,194,168,1,-1,-1,-1
64,15,1540,480,126,187,1,-1,-1,-1
64,16,1433,435,199,160,1,-1,-1,-1
64,17,700,595,151,189,1,-1,-1,-1
64,18,1152,437,130,126,1,-1,-1,-1
64,19,87,805,225,164,1,-1,-1,-1
64,20,477,721,152,184,1,-1,-1,-1
65,0,2100,295,122,252,1,-1,-1,-1
65,1,512,673,216,232,1,-1,-1,-1
65,2,1384,184,92,236,1,-1,-1,-1
65,3,840,640,164,188,1,-1,-1,-1
65,4,1420,588,168,168,1,-1,-1,-1
65,5,528,692,184,124,1,-1,-1,-1
65,6,1632,327,120,181,1,-1,-1,-1
65,7,2196,74,113,223,1,-1,-1,-1
65,8,254,795,47,109,1,-1,-1,-1
65,9,1805,569,163,131,1,-1,-1,-1
65,10,202,801,99,142,1,-1,-1,-1
65,11,1712,483,225,213,1,-1,-1,-1
65,12,1687,464,300,265,1,-1,-1,-1
65,13,1100,620,232,176,1,-1,-1,-1
65,14,1944,472,194,168,1,-1,-1,-1
65,15,1540,480,126,187,1,-1,-1,-1
65,16,1433,435,199,160,1,-1,-1,-1
65,17,700,595,151,189,1,-1,-1,-1
65,18,1152,437,130,126,1,-1,-1,-1
65,19,92,792,208,176,1,-1,-1,-1
65,20,460,728,148,176,1,-1,-1,-1
66,0,2103,297,122,252,1,-1,-1,-1
66,1,520,665,216,232,1,-1,-1,-1
66,2,1384,183,92,236,1,-1,-1,-1
66,3,841,639,164,188,1,-1,-1,-1
66,4,1424,586,168,168,1,-1,-1,-1
66,5,526,689,193,130,1,-1,-1,-1
66,6,1631,329,120,181,1,-1,-1,-1
66,7,2199,83,108,212,1,-1,-1,-1
66,8,261,785,47,109,1,-1,-1,-1
66,9,1812,570,163,131,1,-1,-1,-1
66,10,210,800,99,142,1,-1,-1,-1
66,11,1715,483,225,213,1,-1,-1,-1
66,12,1694,473,286,252,1,-1,-1,-1
66,13,1104,622,232,176,1,-1,-1,-1
66,14,1947,470,194,168,1,-1,-1,-1
66,15,1546,482,120,178,1,-1,-1,-1
66,16,1443,432,199,160,1,-1,-1,-1
66,17,698,591,159,198,1,-1,-1,-1
66,18,1154,436,130,126,1,-1,-1,-1
66,19,96,790,208,176,1,-1,-1,-1
66,20,460,728,148,176,1,-1,-1,-1
67,0,2107,308,116,240,1,-1,-1,-1
67,1,529,675,206,221,1,-1,-1,-1
67,2,1385,184,92,236,1,-1,-1,-1
67,3,844,640,164,188,1,-1,-1,-1
67,4,1430,586,168,168,1,-1,-1,-1
67,5,530,688,193,130,1,-1,-1,-1
67,6,1633,329,120,181,1,-1,-1,-1
67,7,2201,83,108,212,1,-1,-1,-1
67,8,266,785,47,109,1,-1,-1,-1
67,9,1815,571,163,131,1,-1,-1,-1
67,10,215,799,99,142,1,-1,-1,-1
67,11,1718,485,225,213,1,-1,-1,-1
67,12,1697,478,286,252,1,-1,-1,-1
67,13,1109,622,232,176,1,-1,-1,-1
67,14,1961,466,185,160,1,-1,-1,-1
67,15,1548,480,120,178,1,-1,-1,-1
67,16,1455,424,199,160,1,-1,-1,-1
67,17,701,592,159,198,1,-1,-1,-1
67,18,1156,438,130,126,1,-1,-1,-1
67,19,102,793,208,176,1,-1,-1,-1
67,20,460,730,148,176,1,-1,-1,-1
68,0,2109,311,116,240,1,-1,-1,-1
68,1,539,675,206,221,1,-1,-1,-1
68,2,1387,185,92,236,1,-1,-1,-1
68,3,850,641,164,188,1,-1,-1,-1
68,4,1435,586,168,168,1,-1,-1,-1
68,5,536,688,193,130,1,-1,-1,-1
68,6,1636,333,114,173,1,-1,-1,-1
68,7,2207,83,103,202,1,-1,-1,-1
68,8,274,789,45,104,1,-1,-1,-1
68,9,1820,573,163,131,1,-1,-1,-1
68,10,222,798,99,142,1,-1,-1,-1
68,11,1723,484,225,213,1,-1,-1,-1
68,12,1701,477,286,252,1,-1,-1,-1
68,13,1112,623,232,176,1,-1,-1,-1
68,14,1967,462,185,160,1,-1,-1,-1
68,15,1548,489,120,178,1,-1,-1,-1
68,16,1444,439,209,168,1,-1,-1,-1
68,17,705,589,159,198,1,-1,-1,-1
68,18,1164,441,123,120,1,-1,-1,-1
68,19,109,792,208,176,1,-1,-1,-1
68,20,461,730,148,176,1,-1,-1,-1
69,0,2114,314,116,240,1,-1,-1,-1
69,1,548,678,196,210,1,-1,-1,-1
69,2,1385,181,97,248,1,-1,-1,-1
69,3,854,642,164,188,1,-1,-1,-1
69,4,1442,587,168,168,1,-1,-1,-1
69,5,548,690,184,124,1,-1,-1,-1
69,6,1643,336,109,165,1,-1,-1,-1
69,7,2205,80,108,212,1,-1,-1,-1
69,8,282,792,45,104,1,-1,-1,-1
69,9,1828,577,155,124,1,-1,-1,-1
69,10,232,802,94,135,1,-1,-1,-1
69,11,1727,487,225,213,1,-1,-1,-1
69,12,1714,486,272,240,1,-1,-1,-1
69,13,1120,627,232,176,1,-1,-1,-1
69,14,1970,459,185,160,1,-1,-1,-1
69,15,1549,491,126,187,1,-1,-1,-1
69,16,1449,436,199,160,1,-1,-1,-1
69,17,710,590,159,198,1,-1,-1,-1
69,18,1168,441,123,120,1,-1,-1,-1
69,19,123,797,198,168,1,-1,-1,-1
69,20,462,734,148,176,1,-1,-1,-1
70,0,2121,310,116,240,1,-1,-1,-1
70,1,562,671,206,221,1,-1,-1,-1
70,2,1391,187,92,236,1,-1,-1,-1
70,3,859,644,164,188,1,-1,-1,-1
70,4,1447,590,168,168,1,-1,-1,-1
70,5,556,693,184,124,1,-1,-1,-1
70,6,1645,337,109,165,1,-1,-1,-1
70,7,2211,96,108,212,1,-1,-1,-1
70,8,289,793,47,109,1,-1,-1,-1
70,9,1837,576,155,124,1,-1,-1,-1
70,10,242,805,94,135,1,-1,-1,-1
70,11,1737,488,225,213,1,-1,-1,-1
70,12,1721,482,272,240,1,-1,-1,-1
70,13,1124,628,232,176,1,-1,-1,-1
70,14,1988,462,176,152,1,-1,-1,-1
70,15,1549,471,132,196,1,-1,-1,-1
70,16,1460,434,190,153,1,-1,-1,-1
70,17,715,589,159,198,1,-1,-1,-1
70,18,1175,446,123,120,1,-1,-1,-1
70,19,140,800,189,160,1,-1,-1,-1
70,20,461,731,148,176,1,-1,-1,-1
71,0,2128,308,116,240,1,-1,-1,-1
71,1,568,672,206,221,1,-1,-1,-1
71,2,1395,191,92,236,1,-1,-1,-1
71,3,863,644,164,188,1,-1,-1,-1
71,4,1453,592,168,168,1,-1,-1,-1
71,5,566,694,184,124,1,-1,-1,-1
71,6,1646,337,109,165,1,-1,-1,-1
71,7,2215,89,108,212,1,-1,-1,-1
71,8,298,801,47,109,1,-1,-1,-1
71,9,1843,580,155,124,1,-1,-1,-1
71,10,248,811,94,135,1,-1,-1,-1
71,11,1740,490,225,213,1,-1,-1,-1
71,12,1719,477,286,252,1,-1,-1,-1
71,13,1127,628,232,176,1,-1,-1,-1
71,14,1992,462,176,152,1,-1,-1,-1
71,15,1558,469,132,196,1,-1,-1,-1
71,16,1467,436,190,153,1,-1,-1,-1
71,17,720,589,159,198,1,-1,-1,-1
71,18,1178,449,123,120,1,-1,-1,-1
71,19,148,803,189,160,1,-1,-1,-1
71,20,462,730,148,176,1,-1,-1,-1
72,0,2130,305,116,240,1,-1,-1,-1
72,1,570,672,206,221,1,-1,-1,-1
72,2,1398,191,92,236,1,-1,-1,-1
72,3,868,643,164,188,1,-1,-1,-1
72,4,1457,593,168,168,1,-1,-1,-1
72,5,569,690,184,124,1,-1,-1,-1
72,6,1648,338,109,165,1,-1,-1,-1
72,7,2218,69,103,202,1,-1,-1,-1
72,8,306,802,47,109,1,-1,-1,-1
72,9,1844,580,155,124,1,-1,-1,-1
72,10,254,812,94,135,1,-1,-1,-1
72,11,1747,493,225,213,1,-1,-1,-1
72,12,1723,479,286,252,1,-1,-1,-1
72,13,1126,623,244,185,1,-1,-1,-1
72,14,1997,462,176,152,1,-1,-1,-1
72,15,1557,474,132,196,1,-1,-1,-1
72,16,1472,434,190,153,1,-1,-1,-1
72,17,721,590,159,198,1,-1,-1,-1
72,18,1181,447,123,120,1,-1,-1,-1
72,19,154,804,189,160,1,-1,-1,-1
72,20,462,730,148,176,1,-1,-1,-1
73,0,2130,305,116,240,1,-1,-1,-1
73,1,570,672,206,221,1,-1,-1,-1
73,2,1408,184,88,236,1,-1,-1,-1
73,3,876,656,204,168,1,-1,-1,-1
73,4,1432,588,224,180,1,-1,-1,-1
73,5,569,690,184,124,1,-1,-1,-1
73,6,1648,338,109,165,1,-1,-1,-1
73,7,2218,69,103,202,1,-1,-1,-1
73,8,306,802,47,109,1,-1,-1,-1
73,9,1844,580,155,124,1,-1,-1,-1
73,10,254,812,94,135,1,-1,-1,-1
73,11,1760,504,260,204,1,-1,-1,-1
73,12,1723,479,286,252,1,-1,-1,-1
73,13,1136,624,236,180,1,-1,-1,-1
73,14,1997,462,176,152,1,-1,-1,-1
73,15,1557,474,132,196,1,-1,-1,-1
73,16,1472,434,190,153,1,-1,-1,-1
73,17,760,592,120,196,1,-1,-1,-1
73,18,1181,447,123,120,1,-1,-1,-1
73,19,164,804,192,160,1,-1,-1,-1
73,20,456,732,148,164,1,-1,-1,-1
73,21,1392,544,140,156,1,-1,-1,-1
74,0,2136,307,116,240,1,-1,-1,-1
74,1,577,680,206,221,1,-1,-1,-1
74,2,1407,186,88,236,1,-1,-1,-1
74,3,879,655,204,168,1,-1,-1,-1
74,4,1437,589,224,180,1,-1,-1,-1
74,5,575,691,184,124,1,-1,-1,-1
74,6,1655,343,103,157,1,-1,-1,-1
74,7,2225,67,98,192,1,-1,-1,-1
74,8,312,805,50,114,1,-1,-1,-1
74,9,1854,581,155,124,1,-1,-1,-1
74,10,262,812,94,135,1,-1,-1,-1
74,11,1768,509,248,194,1,-1,-1,-1
74,12,1742,475,286,252,1,-1,-1,-1
74,13,1144,629,225,171,1,-1,-1,-1
74,14,2007,462,176,152,1,-1,-1,-1
74,15,1568,474,132,196,1,-1,-1,-1
74,16,1486,433,181,146,1,-1,-1,-1
74,17,764,593,120,196,1,-1,-1,-1
74,18,1193,445,123,120,1,-1,-1,-1
74,19,169,803,192,160,1,-1,-1,-1
74,20,457,732,148,164,1,-1,-1,-1
74,21,1396,545,140,156,1,-1,-1,-1
75,0,2140,309,110,229,1,-1,-1,-1
75,1,574,671,216,232,1,-1,-1,-1
75,2,1410,185,88,236,1,-1,-1,-1
75,3,882,656,204,168,1,-1,-1,-1
75,4,1442,589,224,180,1,-1,-1,-1
75,5,576,689,193,130,1,-1,-1,-1
75,6,1658,339,103,157,1,-1,-1,-1
75,7,2228,65,98,192,1,-1,-1,-1
75,8,320,807,50,114,1,-1,-1,-1
75,9,1859,584,155,124,1,-1,-1,-1
75,10,268,814,94,135,1,-1,-1,-1
75,11,1772,509,248,194,1,-1,-1,-1
75,12,1742,477,286,252,1,-1,-1,-1
75,13,1143,625,236,180,1,-1,-1,-1
75,14,2012,456,176,152,1,-1,-1,-1
75,15,1574,471,132,196,1,-1,-1,-1
75,16,1497,442,181,146,1,-1,-1,-1
75,17,768,593,120,196,1,-1,-1,-1
75,18,1196,446,123,120,1,-1,-1,-1
75,19,177,806,192,160,1,-1,-1,-1
75,20,458,734,148,164,1,-1,-1,-1
75,21,1401,545,140,156,1,-1,-1,-1
76,0,2139,305,116,240,1,-1,-1,-1
76,1,583,674,216,232,1,-1,-1,-1
76,2,1411,186,88,236,1,-1,-1,-1
76,3,887,656,204,168,1,-1,-1,-1
76,4,1446,590,224,180,1,-1,-1,-1
76,5,584,692,193,130,1,-1,-1,-1
76,6,1662,347,99,149,1,-1,-1,-1
76,7,2230,67,93,183,1,-1,-1,-1
76,8,323,806,52,120,1,-1,-1,-1
76,9,1862,585,155,124,1,-1,-1,-1
76,10,273,817,94,135,1,-1,-1,-1
76,11,1775,510,248,194,1,-1,-1,-1
76,12,1748,481,286,252,1,-1,-1,-1
76,13,1145,628,236,180,1,-1,-1,-1
76,14,2021,462,168,145,1,-1,-1,-1
76,15,1575,475,132,196,1,-1,-1,-1
76,16,1544,429,181,146,1,-1,-1,-1
76,17,770,596,120,196,1,-1,-1,-1
76,18,1202,449,117,114,1,-1,-1,-1
76,19,184,806,192,160,1,-1,-1,-1
76,20,459,736,148,164,1,-1,-1,-1
76,21,1404,547,140,156,1,-1,-1,-1
77,0,2139,302,122,252,1,-1,-1,-1
77,1,585,673,216,232,1,-1,-1,-1
77,2,1412,187,88,236,1,-1,-1,-1
77,3,895,661,194,160,1,-1,-1,-1
77,4,1451,593,224,180,1,-1,-1,-1
77,5,587,694,193,130,1,-1,-1,-1
77,6,1661,345,103,157,1,-1,-1,-1
77,7,2233,71,93,183,1,-1,-1,-1
77,8,327,808,52,120,1,-1,-1,-1
77,9,1864,586,155,124,1,-1,-1,-1
77,10,281,817,94,135,1,-1,-1,-1
77,11,1774,508,260,204,1,-1,-1,-1
77,12,1756,488,272,240,1,-1,-1,-1
77,13,1148,626,236,180,1,-1,-1,-1
77,14,2030,462,160,138,1,-1,-1,-1
77,15,1578,467,139,206,1,-1,-1,-1
77,16,1550,429,181,146,1,-1,-1,-1
77,17,770,598,120,196,1,-1,-1,-1
77,18,1208,450,112,109,1,-1,-1,-1
77,19,186,806,202,168,1,-1,-1,-1
77,20,459,739,148,164,1,-1,-1,-1
77,21,1408,549,140,156,1,-1,-1,-1
78,0,2143,305,122,252,1,-1,-1,-1
78,1,592,673,216,232,1,-1,-1,-1
78,2,1417,186,88,236,1,-1,-1,-1
78,3,898,662,194,160,1,-1,-1,-1
78,4,1455,596,224,180,1,-1,-1,-1
78,5,597,699,184,124,1,-1,-1,-1
78,6,1662,346,103,157,1,-1,-1,-1
78,7,2234,71,93,183,1,-1,-1,-1
78,8,329,809,52,120,1,-1,-1,-1
78,9,1866,588,155,124,1,-1,-1,-1
78,10,283,820,94,135,1,-1,-1,-1
78,11,1784,513,248,194,1,-1,-1,-1
78,12,1770,494,259,229,1,-1,-1,-1
78,13,1143,626,248,189,1,-1,-1,-1
78,14,2034,465,160,138,1,-1,-1,-1
78,15,1578,465,146,216,1,-1,-1,-1
78,16,1560,426,181,146,1,-1,-1,-1
78,17,771,600,120,196,1,-1,-1,-1
78,18,1213,451,107,103,1,-1,-1,-1
78,19,194,813,192,160,1,-1,-1,-1
78,20,455,739,155,172,1,-1,-1,-1
78,21,1411,552,140,156,1,-1,-1,-1
79,0,2144,306,122,252,1,-1,-1,-1
79,1,594,679,216,232,1,-1,-1,-1
79,2,1420,193,84,225,1,-1,-1,-1
79,3,902,663,194,160,1,-1,-1,-1
79,4,1460,598,224,180,1,-1,-1,-1
79,5,601,704,175,118,1,-1,-1,-1
79,6,1662,346,103,157,1,-1,-1,-1
79,7,2236,77,89,174,1,-1,-1,-1
79,8,330,810,52,120,1,-1,-1,-1
79,9,1869,591,155,124,1,-1,-1,-1
79,10,291,824,90,128,1,-1,-1,-1
79,11,1785,513,248,194,1,-1,-1,-1
79,12,1773,498,259,229,1,-1,-1,-1
79,13,1145,629,248,189,1,-1,-1,-1
79,14,2038,464,160,138,1,-1,-1,-1
79,15,1580,466,146,216,1,-1,-1,-1
79,16,1560,431,172,139,1,-1,-1,-1
79,17,774,601,120,196,1,-1,-1,-1
79,18,1215,450,107,103,1,-1,-1,-1
79,19,204,818,183,152,1,-1,-1,-1
79,20,450,745,155,172,1,-1,-1,-1
79,21,1415,553,140,156,1,-1,-1,-1
80,0,2148,311,122,252,1,-1,-1,-1
80,1,602,678,216,232,1,-1,-1,-1
80,2,1422,196,84,225,1,-1,-1,-1
80,3,902,665,194,160,1,-1,-1,-1
80,4,1466,600,224,180,1,-1,-1,-1
80,5,605,704,175,118,1,-1,-1,-1
80,6,1662,347,103,157,1,-1,-1,-1
80,7,2237,77,89,174,1,-1,-1,-1
80,8,333,812,52,120,1,-1,-1,-1
80,9,1870,592,155,124,1,-1,-1,-1
80,10,295,825,90,128,1,-1,-1,-1
80,11,1790,518,248,194,1,-1,-1,-1
80,12,1777,499,259,229,1,-1,-1,-1
80,13,1144,631,248,189,1,-1,-1,-1
80,14,2040,466,160,138,1,-1,-1,-1
80,15,1593,487,139,206,1,-1,-1,-1
80,16,1560,428,172,139,1,-1,-1,-1
80,17,777,605,120,196,1,-1,-1,-1
80,18,1217,452,107,103,1,-1,-1,-1
80,19,207,819,183,152,1,-1,-1,-1
80,20,444,751,155,172,1,-1,-1,-1
80,21,1418,555,140,156,1,-1,-1,-1
81,0,2148,311,122,252,1,-1,-1,-1
81,1,602,678,216,232,1,-1,-1,-1
81,2,1420,196,84,236,1,-1,-1,-1
81,3,880,660,200,188,1,-1,-1,-1
81,4,1476,600,184,180,1,-1,-1,-1
81,5,605,704,175,118,1,-1,-1,-1
81,6,1644,336,112,180,1,-1,-1,-1
81,7,2237,77,89,174,1,-1,-1,-1
81,8,333,812,52,120,1,-1,-1,-1
81,9,1870,592,155,124,1,-1,-1,-1
81,10,295,825,90,128,1,-1,-1,-1
81,11,1812,532,236,200,1,-1,-1,-1
81,12,1777,499,259,229,1,-1,-1,-1
81,13,1160,640,228,180,1,-1,-1,-1
81,14,2040,466,160,138,1,-1,-1,-1
81,15,1593,487,139,206,1,-1,-1,-1
81,16,1560,428,172,139,1,-1,-1,-1
81,17,777,605,120,196,1,-1,-1,-1
81,18,1217,452,107,103,1,-1,-1,-1
81,19,212,820,180,164,1,-1,-1,-1
81,20,472,740,120,148,1,-1,-1,-1
81,21,1418,555,140,156,1,-1,-1,-1
82,0,2150,304,128,265,1,-1,-1,-1
82,1,614,690,206,221,1,-1,-1,-1
82,2,1419,198,84,236,1,-1,-1,-1
82,3,881,664,200,188,1,-1,-1,-1
82,4,1480,604,184,180,1,-1,-1,-1
82,5,609,705,184,124,1,-1,-1,-1
82,6,1644,339,112,180,1,-1,-1,-1
82,7,2234,77,93,183,1,-1,-1,-1
82,8,337,817,55,126,1,-1,-1,-1
82,9,1873,597,155,124,1,-1,-1,-1
82,10,305,829,90,128,1,-1,-1,-1
82,11,1819,539,225,190,1,-1,-1,-1
82,12,1779,506,259,229,1,-1,-1,-1
82,13,1167,647,217,171,1,-1,-1,-1
82,14,2046,469,160,138,1,-1,-1,-1
82,15,1593,490,146,216,1,-1,-1,-1
82,16,1565,431,172,139,1,-1,-1,-1
82,17,782,611,120,196,1,-1,-1,-1
82,18,1222,457,107,103,1,-1,-1,-1
82,19,216,823,180,164,1,-1,-1,-1
82,20,473,745,120,148,1,-1,-1,-1
82,21,1423,559,140,156,1,-1,-1,-1
83,0,2148,316,128,265,1,-1,-1,-1
83,1,615,684,216,232,1,-1,-1,-1
83,2,1419,202,84,236,1,-1,-1,-1
83,3,884,669,200,188,1,-1,-1,-1
83,4,1483,608,184,180,1,-1,-1,-1
83,5,612,707,184,124,1,-1,-1,-1
83,6,1644,342,112,180,1,-1,-1,-1
83,7,2236,85,89,174,1,-1,-1,-1
83,8,337,814,57,132,1,-1,-1,-1
83,9,1873,598,155,124,1,-1,-1,-1
83,10,307,832,90,128,1,-1,-1,-1
83,11,1814,537,236,200,1,-1,-1,-1
83,12,1787,511,259,229,1,-1,-1,-1
83,13,1169,650,217,171,1,-1,-1,-1
83,14,2050,476,160,138,1,-1,-1,-1
83,15,1590,496,146,216,1,-1,-1,-1
83,16,1569,441,164,132,1,-1,-1,-1
83,17,784,613,120,196,1,-1,-1,-1
83,18,1224,460,107,103,1,-1,-1,-1
83,19,218,829,180,164,1,-1,-1,-1
83,20,474,752,120,148,1,-1,-1,-1
83,21,1425,563,140,156,1,-1,-1,-1
84,0,2155,322,122,252,1,-1,-1,-1
84,1,621,688,216,232,1,-1,-1,-1
84,2,1419,206,84,236,1,-1,-1,-1
84,3,885,674,200,188,1,-1,-1,-1
84,4,1486,614,184,180,1,-1,-1,-1
84,5,613,711,184,124,1,-1,-1,-1
84,6,1643,347,112,180,1,-1,-1,-1
84,7,2239,98,85,166,1,-1,-1,-1
84,8,340,816,57,132,1,-1,-1,-1
84,9,1874,602,155,124,1,-1,-1,-1
84,10,308,835,90,128,1,-1,-1,-1
84,11,1817,543,236,200,1,-1,-1,-1
84,12,1784,518,259,229,1,-1,-1,-1
84,13,1163,650,228,180,1,-1,-1,-1
84,14,2054,482,160,138,1,-1,-1,-1
84,15,1607,512,146,216,1,-1,-1,-1
84,16,1570,444,156,126,1,-1,-1,-1
84,17,785,622,120,196,1,-1,-1,-1
84,18,1225,462,107,103,1,-1,-1,-1
84,19,220,832,180,164,1,-1,-1,-1
84,20,470,758,126,155,1,-1,-1,-1
84,21,1428,566,140,156,1,-1,-1,-1
85,0,2156,324,122,252,1,-1,-1,-1
85,1,622,695,216,232,1,-1,-1,-1
85,2,1417,204,88,248,1,-1,-1,-1
85,3,884,680,200,188,1,-1,-1,-1
85,4,1487,619,184,180,1,-1,-1,-1
85,5,614,717,184,124,1,-1,-1,-1
85,6,1643,353,112,180,1,-1,-1,-1
85,7,2237,102,85,166,1,-1,-1,-1
85,8,343,820,55,126,1,-1,-1,-1
85,9,1877,607,148,118,1,-1,-1,-1
85,10,308,836,90,128,1,-1,-1,-1
85,11,1818,547,236,200,1,-1,-1,-1
85,12,1796,527,247,218,1,-1,-1,-1
85,13,1163,657,228,180,1,-1,-1,-1
85,14,2053,487,160,138,1,-1,-1,-1
85,15,1604,517,146,216,1,-1,-1,-1
85,16,1569,457,156,126,1,-1,-1,-1
85,17,787,626,120,196,1,-1,-1,-1
85,18,1225,466,107,103,1,-1,-1,-1
85,19,220,838,180,164,1,-1,-1,-1
85,20,467,763,126,155,1,-1,-1,-1
85,21,1430,574,140,156,1,-1,-1,-1
86,0,2158,327,122,252,1,-1,-1,-1
86,1,627,695,216,232,1,-1,-1,-1
86,2,1414,208,88,248,1,-1,-1,-1
86,3,884,684,200,188,1,-1,-1,-1
86,4,1490,625,184,180,1,-1,-1,-1
86,5,614,721,184,124,1,-1,-1,-1
86,6,1642,355,112,180,1,-1,-1,-1
86,7,2234,107,85,166,1,-1,-1,-1
86,8,345,824,52,120,1,-1,-1,-1
86,9,1875,610,148,118,1,-1,-1,-1
86,10,309,837,90,128,1,-1,-1,-1
86,11,1823,554,225,190,1,-1,-1,-1
86,12,1793,531,247,218,1,-1,-1,-1
86,13,1164,658,228,180,1,-1,-1,-1
86,14,2054,490,160,138,1,-1,-1,-1
86,15,1607,518,146,216,1,-1,-1,-1
86,16,1562,449,164,132,1,-1,-1,-1
86,17,785,624,126,206,1,-1,-1,-1
86,18,1224,469,107,103,1,-1,-1,-1
86,19,223,840,180,164,1,-1,-1,-1
86,20,465,766,126,155,1,-1,-1,-1
86,21,1430,577,140,156,1,-1,-1,-1
87,0,2158,328,122,252,1,-1,-1,-1
87,1,626,703,216,232,1,-1,-1,-1
87,2,1412,212,88,248,1,-1,-1,-1
87,3,884,690,200,188,1,-1,-1,-1
87,4,1492,628,184,180,1,-1,-1,-1
87,5,610,725,184,124,1,-1,-1,-1
87,6,1641,364,112,180,1,-1,-1,-1
87,7,2229,107,89,174,1,-1,-1,-1
87,8,348,830,50,114,1,-1,-1,-1
87,9,1874,612,148,118,1,-1,-1,-1
87,10,309,839,90,128,1,-1,-1,-1
87,11,1822,560,225,190,1,-1,-1,-1
87,12,1793,534,247,218,1,-1,-1,-1
87,13,1163,667,228,180,1,-1,-1,-1
87,14,2057,499,152,131,1,-1,-1,-1
87,15,1605,523,146,216,1,-1,-1,-1
87,16,1571,454,156,126,1,-1,-1,-1
87,17,784,629,126,206,1,-1,-1,-1
87,18,1223,477,107,103,1,-1,-1,-1
87,19,223,845,180,164,1,-1,-1,-1
87,20,461,776,126,155,1,-1,-1,-1
87,21,1431,582,140,156,1,-1,-1,-1
88,0,2159,331,122,252,1,-1,-1,-1
88,1,630,706,216,232,1,-1,-1,-1
88,2,1409,211,93,260,1,-1,-1,-1
88,3,882,698,200,188,1,-1,-1,-1
88,4,1495,632,184,180,1,-1,-1,-1
88,5,604,726,193,130,1,-1,-1,-1
88,6,1640,366,112,180,1,-1,-1,-1
88,7,2225,114,89,174,1,-1,-1,-1
88,8,348,832,50,114,1,-1,-1,-1
88,9,1873,616,148,118,1,-1,-1,-1
88,10,309,843,90,128,1,-1,-1,-1
88,11,1818,565,225,190,1,-1,-1,-1
88,12,1794,543,247,218,1,-1,-1,-1
88,13,1162,670,228,180,1,-1,-1,-1
88,14,2057,502,152,131,1,-1,-1,-1
88,15,1606,525,146,216,1,-1,-1,-1
88,16,1572,458,149,120,1,-1,-1,-1
88,17,783,635,126,206,1,-1,-1,-1
88,18,1224,483,101,99,1,-1,-1,-1
88,19,224,850,180,164,1,-1,-1,-1
88,20,459,779,126,155,1,-1,-1,-1
88,21,1431,586,140,156,1,-1,-1,-1
89,0,2159,331,122,252,1,-1,-1,-1
89,1,630,706,216,232,1,-1,-1,-1
89,2,1408,236,96,228,1,-1,-1,-1
89,3,900,708,216,180,1,-1,-1,-1
89,4,1500,664,184,152,1,-1,-1,-1
89,5,604,726,193,130,1,-1,-1,-1
89,6,1636,372,108,212,1,-1,-1,-1
89,7,2225,114,89,174,1,-1,-1,-1
89,8,348,832,50,114,1,-1,-1,-1
89,9,1873,616,148,118,1,-1,-1,-1
89,10,309,843,90,128,1,-1,-1,-1
89,11,1818,565,225,190,1,-1,-1,-1
89,12,1794,543,247,218,1,-1,-1,-1
89,13,1176,680,200,160,1,-1,-1,-1
89,14,2057,502,152,131,1,-1,-1,-1
89,15,1606,525,146,216,1,-1,-1,-1
89,16,1572,458,149,120,1,-1,-1,-1
89,17,783,635,126,206,1,-1,-1,-1
89,18,1224,483,101,99,1,-1,-1,-1
89,19,224,844,168,180,1,-1,-1,-1
89,20,464,760,124,184,1,-1,-1,-1
89,21,1431,586,140,156,1,-1,-1,-1
90,0,2156,341,122,252,1,-1,-1,-1
90,1,632,712,216,232,1,-1,-1,-1
90,2,1406,239,96,228,1,-1,-1,-1
90,3,899,711,216,180,1,-1,-1,-1
90,4,1501,668,184,152,1,-1,-1,-1
90,5,584,739,203,137,1,-1,-1,-1
90,6,1635,375,108,212,1,-1,-1,-1
90,7,2217,128,89,174,1,-1,-1,-1
90,8,344,839,50,114,1,-1,-1,-1
90,9,1869,623,148,118,1,-1,-1,-1
90,10,308,849,90,128,1,-1,-1,-1
90,11,1821,576,214,181,1,-1,-1,-1
90,12,1784,546,259,229,1,-1,-1,-1
90,13,1173,685,200,160,1,-1,-1,-1
90,14,2053,507,152,131,1,-1,-1,-1
90,15,1596,536,139,206,1,-1,-1,-1
90,16,1557,459,149,120,1,-1,-1,-1
90,17,778,644,126,206,1,-1,-1,-1
90,18,1218,494,101,99,1,-1,-1,-1
90,19,221,848,168,180,1,-1,-1,-1
90,20,464,761,124,184,1,-1,-1,-1
90,21,1428,594,140,156,1,-1,-1,-1
91,0,2154,342,122,252,1,-1,-1,-1
91,1,633,712,216,232,1,-1,-1,-1
91,2,1401,242,96,228,1,-1,-1,-1
91,3,897,714,216,180,1,-1,-1,-1
91,4,1503,673,184,152,1,-1,-1,-1
91,5,578,740,203,137,1,-1,-1,-1
91,6,1632,377,108,212,1,-1,-1,-1
91,7,2210,122,93,183,1,-1,-1,-1
91,8,343,842,50,114,1,-1,-1,-1
91,9,1863,622,155,124,1,-1,-1,-1
91,10,304,852,90,128,1,-1,-1,-1
91,11,1819,579,214,181,1,-1,-1,-1
91,12,1770,543,272,240,1,-1,-1,-1
91,13,1172,691,200,160,1,-1,-1,-1
91,14,2051,509,152,131,1,-1,-1,-1
91,15,1596,541,139,206,1,-1,-1,-1
91,16,1557,458,149,120,1,-1,-1,-1
91,17,778,651,120,196,1,-1,-1,-1
91,18,1216,497,101,99,1,-1,-1,-1
91,19,219,852,168,180,1,-1,-1,-1
91,20,462,764,124,184,1,-1,-1,-1
91,21,1426,597,140,156,1,-1,-1,-1
92,0,2151,339,122,252,1,-1,-1,-1
92,1,626,709,227,244,1,-1,-1,-1
92,2,1398,242,96,228,1,-1,-1,-1
92,3,893,719,216,180,1,-1,-1,-1
92,4,1505,674,184,152,1,-1,-1,-1
92,5,569,739,213,144,1,-1,-1,-1
92,6,1628,378,108,212,1,-1,-1,-1
92,7,2201,123,93,183,1,-1,-1,-1
92,8,340,845,50,114,1,-1,-1,-1
92,9,1863,623,155,124,1,-1,-1,-1
92,10,300,854,90,128,1,-1,-1,-1
92,11,1817,582,214,181,1,-1,-1,-1
92,12,1768,546,272,240,1,-1,-1,-1
92,13,1165,690,210,168,1,-1,-1,-1
92,14,2049,508,152,131,1,-1,-1,-1
92,15,1588,545,132,196,1,-1,-1,-1
92,16,1558,472,149,120,1,-1,-1,-1
92,17,776,655,120,196,1,-1,-1,-1
92,18,1212,501,101,99,1,-1,-1,-1
92,19,215,854,168,180,1,-1,-1,-1
92,20,462,769,124,184,1,-1,-1,-1
92,21,1420,601,140,156,1,-1,-1,-1
93,0,2152,349,116,240,1,-1,-1,-1
93,1,636,719,216,232,1,-1,-1,-1
93,2,1395,246,96,228,1,-1,-1,-1
93,3,892,722,216,180,1,-1,-1,-1
93,4,1508,675,184,152,1,-1,-1,-1
93,5,570,744,213,144,1,-1,-1,-1
93,6,1624,382,108,212,1,-1,-1,-1
93,7,2197,125,93,183,1,-1,-1,-1
93,8,338,851,47,109,1,-1,-1,-1
93,9,1861,626,155,124,1,-1,-1,-1
93,10,298,856,90,128,1,-1,-1,-1
93,11,1815,582,225,190,1,-1,-1,-1
93,12,1770,548,272,240,1,-1,-1,-1
93,13,1168,697,200,160,1,-1,-1,-1
93,14,2050,509,152,131,1,-1,-1,-1
93,15,1586,547,126,187,1,-1,-1,-1
93,16,1546,466,156,126,1,-1,-1,-1
93,17,776,657,120,196,1,-1,-1,-1
93,18,1208,503,101,99,1,-1,-1,-1
93,19,214,857,168,180,1,-1,-1,-1
93,20,460,772,124,184,1,-1,-1,-1
93,21,1414,598,147,164,1,-1,-1,-1
94,0,2149,349,116,240,1,-1,-1,-1
94,1,636,723,216,232,1,-1,-1,-1
94,2,1397,256,91,217,1,-1,-1,-1
94,3,892,726,216,180,1,-1,-1,-1
94,4,1512,676,184,152,1,-1,-1,-1
94,5,567,760,203,137,1,-1,-1,-1
94,6,1622,383,108,212,1,-1,-1,-1
94,7,2196,129,93,183,1,-1,-1,-1
94,8,335,859,47,109,1,-1,-1,-1
94,9,1861,630,155,124,1,-1,-1,-1
94,10,298,863,90,128,1,-1,-1,-1
94,11,1812,584,225,190,1,-1,-1,-1
94,12,1771,556,259,229,1,-1,-1,-1
94,13,1168,705,200,160,1,-1,-1,-1
94,14,2050,513,152,131,1,-1,-1,-1
94,15,1582,558,126,187,1,-1,-1,-1
94,16,1543,474,156,126,1,-1,-1,-1
94,17,781,667,114,187,1,-1,-1,-1
94,18,1208,507,101,99,1,-1,-1,-1
94,19,213,859,168,180,1,-1,-1,-1
94,20,464,777,118,175,1,-1,-1,-1
94,21,1409,599,154,172,1,-1,-1,-1
95,0,2145,354,116,240,1,-1,-1,-1
95,1,640,734,206,221,1,-1,-1,-1
95,2,1396,260,91,217,1,-1,-1,-1
95,3,893,725,216,180,1,-1,-1,-1
95,4,1519,679,184,152,1,-1,-1,-1
95,5,563,762,213,144,1,-1,-1,-1
95,6,1620,386,108,212,1,-1,-1,-1
95,7,2192,131,93,183,1,-1,-1,-1
95,8,333,861,47,109,1,-1,-1,-1
95,9,1860,633,155,124,1,-1,-1,-1
95,10,297,866,90,128,1,-1,-1,-1
95,11,1811,590,225,190,1,-1,-1,-1
95,12,1778,563,259,229,1,-1,-1,-1
95,13,1171,709,200,160,1,-1,-1,-1
95,14,2051,513,152,131,1,-1,-1,-1
95,15,1579,567,132,196,1,-1,-1,-1
95,16,1544,477,156,126,1,-1,-1,-1
95,17,780,672,114,187,1,-1,-1,-1
95,18,1205,508,101,99,1,-1,-1,-1
95,19,212,863,168,180,1,-1,-1,-1
95,20,462,776,124,184,1,-1,-1,-1
95,21,1408,601,154,172,1,-1,-1,-1
96,0,2144,356,116,240,1,-1,-1,-1
96,1,638,733,206,221,1,-1,-1,-1
96,2,1394,260,91,217,1,-1,-1,-1
96,3,894,728,216,180,1,-1,-1,-1
96,4,1516,677,193,160,1,-1,-1,-1
96,5,564,763,213,144,1,-1,-1,-1
96,6,1621,394,103,202,1,-1,-1,-1
96,7,2190,133,93,183,1,-1,-1,-1
96,8,332,865,47,109,1,-1,-1,-1
96,9,1860,636,155,124,1,-1,-1,-1
96,10,294,868,90,128,1,-1,-1,-1
96,11,1811,593,225,190,1,-1,-1,-1
96,12,1781,567,247,218,1,-1,-1,-1
96,13,1173,711,200,160,1,-1,-1,-1
96,14,2053,514,152,131,1,-1,-1,-1
96,15,1578,576,132,196,1,-1,-1,-1
96,16,1540,480,149,120,1,-1,-1,-1
96,17,777,673,114,187,1,-1,-1,-1
96,18,1204,508,101,99,1,-1,-1,-1
96,19,209,864,168,180,1,-1,-1,-1
96,20,457,778,130,193,1,-1,-1,-1
96,21,1408,602,154,172,1,-1,-1,-1
97,0,2144,356,116,240,1,-1,-1,-1
97,1,644,720,160,184,1,-1,-1,-1
97,2,1380,268,96,224,1,-1,-1,-1
97,3,868,728,240,188,1,-1,-1,-1
97,4,1516,644,276,192,1,-1,-1,-1
97,5,564,763,213,144,1,-1,-1,-1
97,6,1621,394,103,202,1,-1,-1,-1
97,7,2190,133,93,183,1,-1,-1,-1
97,8,332,865,47,109,1,-1,-1,-1
97,9,1860,636,155,124,1,-1,-1,-1
97,10,294,868,90,128,1,-1,-1,-1
97,11,1811,593,225,190,1,-1,-1,-1
97,12,1781,567,247,218,1,-1,-1,-1
97,13,1188,724,196,144,1,-1,-1,-1
97,14,2053,514,152,131,1,-1,-1,-1
97,15,1578,576,132,196,1,-1,-1,-1
97,16,1540,480,149,120,1,-1,-1,-1
97,17,777,673,114,187,1,-1,-1,-1
97,18,1204,508,101,99,1,-1,-1,-1
97,19,212,864,148,180,1,-1,-1,-1
97,20,452,784,132,180,1,-1,-1,-1
97,21,1408,602,154,172,1,-1,-1,-1
97,22,1460,228,104,164,1,-1,-1,-1
98,0,2140,357,116,240,1,-1,-1,-1
98,1,643,721,160,184,1,-1,-1,-1
98,2,1380,268,96,224,1,-1,-1,-1
98,3,868,729,240,188,1,-1,-1,-1
98,4,1518,645,276,192,1,-1,-1,-1
98,5,562,770,203,137,1,-1,-1,-1
98,6,1618,398,103,202,1,-1,-1,-1
98,7,2185,135,93,183,1,-1,-1,-1
98,8,327,869,47,109,1,-1,-1,-1
98,9,1861,642,148,118,1,-1,-1,-1
98,10,292,874,90,128,1,-1,-1,-1
98,11,1808,600,225,190,1,-1,-1,-1
98,12,1784,576,247,218,1,-1,-1,-1
98,13,1188,725,196,144,1,-1,-1,-1
98,14,2054,518,152,131,1,-1,-1,-1
98,15,1573,582,132,196,1,-1,-1,-1
98,16,1540,486,149,120,1,-1,-1,-1
98,17,780,679,109,178,1,-1,-1,-1
98,18,1195,509,107,103,1,-1,-1,-1
98,19,214,871,141,171,1,-1,-1,-1
98,20,452,788,132,180,1,-1,-1,-1
98,21,1407,605,154,172,1,-1,-1,-1
98,22,1459,229,104,164,1,-1,-1,-1
99,0,2139,356,116,240,1,-1,-1,-1
99,1,643,723,160,184,1,-1,-1,-1
99,2,1378,270,96,224,1,-1,-1,-1
99,3,868,731,240,188,1,-1,-1,-1
99,4,1517,646,276,192,1,-1,-1,-1
99,5,564,778,203,137,1,-1,-1,-1
99,6,1616,398,103,202,1,-1,-1,-1
99,7,2185,145,89,174,1,-1,-1,-1
99,8,326,871,47,109,1,-1,-1,-1
99,9,1860,642,148,118,1,-1,-1,-1
99,10,289,877,90,128,1,-1,-1,-1
99,11,1811,612,225,190,1,-1,-1,-1
99,12,1787,587,235,207,1,-1,-1,-1
99,13,1193,730,187,137,1,-1,-1,-1
99,14,2053,521,152,131,1,-1,-1,-1
99,15,1570,571,126,187,1,-1,-1,-1
99,16,1537,488,149,120,1,-1,-1,-1
99,17,777,683,109,178,1,-1,-1,-1
99,18,1194,510,107,103,1,-1,-1,-1
99,19,213,874,141,171,1,-1,-1,-1
99,20,454,790,132,180,1,-1,-1,-1
99,21,1407,601,154,172,1,-1,-1,-1
99,22,1459,233,104,164,1,-1,-1,-1
100,0,2138,355,116,240,1,-1,-1,-1
100,1,644,724,160,184,1,-1,-1,-1
100,2,1376,272,96,224,1,-1,-1,-1
100,3,868,733,240,188,1,-1,-1,-1
100,4,1523,657,263,183,1,-1,-1,-1
100,5,568,779,193,130,1,-1,-1,-1
100,6,1615,400,103,202,1,-1,-1,-1
100,7,2182,147,89,174,1,-1,-1,-1
100,8,322,872,47,109,1,-1,-1,-1
100,9,1858,645,148,118,1,-1,-1,-1
100,10,286,876,90,128,1,-1,-1,-1
100,11,1799,603,236,200,1,-1,-1,-1
100,12,1790,589,235,207,1,-1,-1,-1
100,13,1190,727,196,144,1,-1,-1,-1
100,14,2054,521,152,131,1,-1,-1,-1
100,15,1570,567,126,187,1,-1,-1,-1
100,16,1535,491,149,120,1,-1,-1,-1
100,17,777,685,109,178,1,-1,-1,-1
100,18,1196,513,101,99,1,-1,-1,-1
100,19,212,874,141,171,1,-1,-1,-1
100,20,453,787,139,189,1,-1,-1,-1
100,21,1409,602,154,172,1,-1,-1,-1
100,22,1458,233,104,164,1,-1,-1,-1
101,0,2135,348,116,240,1,-1,-1,-1
101,1,644,724,160,184,1,-1,-1,-1
101,2,1375,275,96,224,1,-1,-1,-1
101,3,869,732,240,188,1,-1,-1,-1
101,4,1523,657,263,183,1,-1,-1,-1
101,5,569,776,193,130,1,-1,-1,-1
101,6,1613,400,103,202,1,-1,-1,-1
101,7,2181,149,89,174,1,-1,-1,-1
101,8,318,868,47,109,1,-1,-1,-1
101,9,1858,647,148,118,1,-1,-1,-1
101,10,283,874,90,128,1,-1,-1,-1
101,11,1793,602,248,210,1,-1,-1,-1
101,12,1793,592,235,207,1,-1,-1,-1
101,13,1191,726,196,144,1,-1,-1,-1
101,14,2055,521,152,131,1,-1,-1,-1
101,15,1573,571,120,178,1,-1,-1,-1
101,16,1532,495,149,120,1,-1,-1,-1
101,17,772,682,114,187,1,-1,-1,-1
101,18,1197,512,101,99,1,-1,-1,-1
101,19,212,875,141,171,1,-1,-1,-1
101,20,455,789,139,189,1,-1,-1,-1
101,21,1412,597,154,172,1,-1,-1,-1
101,22,1457,233,104,164,1,-1,-1,-1
102,0,2135,345,116,240,1,-1,-1,-1
102,1,646,717,160,184,1,-1,-1,-1
102,2,1375,272,96,224,1,-1,-1,-1
102,3,878,731,229,179,1,-1,-1,-1
102,4,1517,646,276,192,1,-1,-1,-1
102,5,571,768,193,130,1,-1,-1,-1
102,6,1612,396,103,202,1,-1,-1,-1
102,7,2180,148,89,174,1,-1,-1,-1
102,8,315,863,47,109,1,-1,-1,-1
102,9,1859,642,148,118,1,-1,-1,-1
102,10,279,870,90,128,1,-1,-1,-1
102,11,1817,594,248,210,1,-1,-1,-1
102,12,1781,580,247,218,1,-1,-1,-1
102,13,1193,722,196,144,1,-1,-1,-1
102,14,2057,510,152,131,1,-1,-1,-1
102,15,1571,561,120,178,1,-1,-1,-1
102,16,1527,483,156,126,1,-1,-1,-1
102,17,775,677,114,187,1,-1,-1,-1
102,18,1196,505,101,99,1,-1,-1,-1
102,19,213,869,141,171,1,-1,-1,-1
102,20,456,784,139,189,1,-1,-1,-1
102,21,1414,586,154,172,1,-1,-1,-1
102,22,1458,228,104,164,1,-1,-1,-1
103,0,2135,328,116,240,1,-1,-1,-1
103,1,648,702,160,184,1,-1,-1,-1
103,2,1376,252,96,224,1,-1,-1,-1
103,3,880,717,229,179,1,-1,-1,-1
103,4,1515,639,276,192,1,-1,-1,-1
103,5,570,755,193,130,1,-1,-1,-1
103,6,1613,380,103,202,1,-1,-1,-1
103,7,2179,134,89,174,1,-1,-1,-1
103,8,313,852,47,109,1,-1,-1,-1
103,9,1858,629,148,118,1,-1,-1,-1
103,10,277,860,85,122,1,-1,-1,-1
103,11,1819,591,236,200,1,-1,-1,-1
103,12,1780,564,247,218,1,-1,-1,-1
103,13,1198,705,196,144,1,-1,-1,-1
103,14,2057,496,152,131,1,-1,-1,-1
103,15,1572,551,120,178,1,-1,-1,-1
103,16,1527,474,156,126,1,-1,-1,-1
103,17,775,662,114,187,1,-1,-1,-1
103,18,1198,494,101,99,1,-1,-1,-1
103,19,214,855,141,171,1,-1,-1,-1
103,20,460,769,139,189,1,-1,-1,-1
103,21,1418,573,154,172,1,-1,-1,-1
103,22,1456,211,109,172,1,-1,-1,-1
104,0,2148,311,110,229,1,-1,-1,-1
104,1,666,684,152,175,1,-1,-1,-1
104,2,1383,231,96,224,1,-1,-1,-1
104,3,900,698,229,179,1,-1,-1,-1
104,4,1540,619,276,192,1,-1,-1,-1
104,5,586,735,193,130,1,-1,-1,-1
104,6,1617,354,108,212,1,-1,-1,-1
104,7,2187,117,89,174,1,-1,-1,-1
104,8,322,830,47,109,1,-1,-1,-1
104,9,1870,609,148,118,1,-1,-1,-1
104,10,288,836,85,122,1,-1,-1,-1
104,11,1822,558,236,200,1,-1,-1,-1
104,12,1797,540,247,218,1,-1,-1,-1
104,13,1216,682,196,144,1,-1,-1,-1
104,14,2074,469,152,131,1,-1,-1,-1
104,15,1587,527,120,178,1,-1,-1,-1
104,16,1537,455,164,132,1,-1,-1,-1
104,17,788,642,114,187,1,-1,-1,-1
104,18,1212,473,101,99,1,-1,-1,-1
104,19,228,828,148,180,1,-1,-1,-1
104,20,476,745,139,189,1,-1,-1,-1
104,21,1435,554,147,164,1,-1,-1,-1
104,22,1468,190,109,172,1,-1,-1,-1
105,0,2148,311,110,229,1,-1,-1,-1
105,1,672,724,140,128,1,-1,-1,-1
105,2,1404,204,92,228,1,-1,-1,-1
105,3,940,672,224,176,1,-1,-1,-1
105,4,1576,580,256,196,1,-1,-1,-1
105,5,586,735,193,130,1,-1,-1,-1
105,6,1628,336,112,192,1,-1,-1,-1
105,7,2187,117,89,174,1,-1,-1,-1
105,8,322,830,47,109,1,-1,-1,-1
105,9,1870,609,148,118,1,-1,-1,-1
105,10,288,836,85,122,1,-1,-1,-1
105,11,1822,558,236,200,1,-1,-1,-1
105,12,1797,540,247,218,1,-1,-1,-1
105,13,1232,636,208,168,1,-1,-1,-1
105,14,2074,469,152,131,1,-1,-1,-1
105,15,1587,527,120,178,1,-1,-1,-1
105,16,1537,455,164,132,1,-1,-1,-1
105,17,788,642,114,187,1,-1,-1,-1
105,18,1212,473,101,99,1,-1,-1,-1
105,19,240,816,144,168,1,-1,-1,-1
105,20,488,740,152,168,1,-1,-1,-1
105,21,1435,554,147,164,1,-1,-1,-1
105,22,1468,190,109,172,1,-1,-1,-1
106,0,2169,271,116,240,1,-1,-1,-1
106,1,687,710,140,128,1,-1,-1,-1
106,2,1412,191,92,228,1,-1,-1,-1
106,3,957,657,224,176,1,-1,-1,-1
106,4,1592,569,256,196,1,-1,-1,-1
106,5,522,737,193,130,1,-1,-1,-1
106,6,1641,320,112,192,1,-1,-1,-1
106,7,2211,76,89,174,1,-1,-1,-1
106,8,325,803,47,109,1,-1,-1,-1
106,9,1896,576,148,118,1,-1,-1,-1
106,10,308,805,85,122,1,-1,-1,-1
106,11,1839,519,236,200,1,-1,-1,-1
106,12,1824,511,247,218,1,-1,-1,-1
106,13,1247,623,208,168,1,-1,-1,-1
106,14,2105,436,152,131,1,-1,-1,-1
106,15,1608,495,120,178,1,-1,-1,-1
106,16,1553,439,164,132,1,-1,-1,-1
106,17,815,602,114,187,1,-1,-1,-1
106,18,1242,444,101,99,1,-1,-1,-1
106,19,255,803,144,168,1,-1,-1,-1
106,20,503,726,152,168,1,-1,-1,-1
106,21,1469,531,140,156,1,-1,-1,-1
106,22,1496,157,109,172,1,-1,-1,-1
107,0,2191,252,116,240,1,-1,-1,-1
107,1,708,694,140,128,1,-1,-1,-1
107,2,1430,172,92,228,1,-1,-1,-1
107,3,976,642,224,176,1,-1,-1,-1
107,4,1617,557,244,187,1,-1,-1,-1
107,5,542,729,184,124,1,-1,-1,-1
107,6,1658,304,112,192,1,-1,-1,-1
107,7,2228,55,89,174,1,-1,-1,-1
107,8,332,787,47,109,1,-1,-1,-1
107,9,1913,559,148,118,1,-1,-1,-1
107,10,330,788,85,122,1,-1,-1,-1
107,11,1864,503,236,200,1,-1,-1,-1
107,12,1847,487,247,218,1,-1,-1,-1
107,13,1267,609,208,168,1,-1,-1,-1
107,14,2125,417,152,131,1,-1,-1,-1
107,15,1627,475,120,178,1,-1,-1,-1
107,16,1573,426,164,132,1,-1,-1,-1
107,17,832,586,114,187,1,-1,-1,-1
107,18,1263,427,101,99,1,-1,-1,-1
107,19,274,788,144,168,1,-1,-1,-1
107,20,522,710,152,168,1,-1,-1,-1
107,21,1488,513,140,156,1,-1,-1,-1
107,22,1514,139,109,172,1,-1,-1,-1
108,0,2208,235,116,240,1,-1,-1,-1
108,1,725,681,140,128,1,-1,-1,-1
108,2,1445,164,88,217,1,-1,-1,-1
108,3,987,629,235,185,1,-1,-1,-1
108,4,1631,545,244,187,1,-1,-1,-1
108,5,557,716,184,124,1,-1,-1,-1
108,6,1674,292,112,192,1,-1,-1,-1
108,7,2244,44,89,174,1,-1,-1,-1
108,9,1929,545,148,118,1,-1,-1,-1
108,10,343,784,85,122,1,-1,-1,-1
108,11,1888,497,225,190,1,-1,-1,-1
108,12,1864,475,247,218,1,-1,-1,-1
108,13,1284,602,208,168,1,-1,-1,-1
108,14,2141,403,152,131,1,-1,-1,-1
108,15,1644,465,120,178,1,-1,-1,-1
108,16,1592,421,156,126,1,-1,-1,-1
108,17,848,573,114,187,1,-1,-1,-1
108,18,1280,416,101,99,1,-1,-1,-1
108,19,291,781,144,168,1,-1,-1,-1
108,20,537,698,152,168,1,-1,-1,-1
108,21,1507,501,140,156,1,-1,-1,-1
108,22,1530,126,109,172,1,-1,-1,-1
109,0,2218,223,116,240,1,-1,-1,-1
109,1,740,671,140,128,1,-1,-1,-1
109,2,1455,157,88,217,1,-1,-1,-1
109,3,1000,620,235,185,1,-1,-1,-1
109,4,1642,537,244,187,1,-1,-1,-1
109,5,571,708,184,124,1,-1,-1,-1
109,6,1681,280,118,202,1,-1,-1,-1
109,7,2258,38,85,166,1,-1,-1,-1
109,9,1941,533,148,118,1,-1,-1,-1
109,10,359,774,85,122,1,-1,-1,-1
109,11,1894,483,225,190,1,-1,-1,-1
109,12,1869,466,247,218,1,-1,-1,-1
109,13,1295,597,208,168,1,-1,-1,-1
109,14,2157,397,145,125,1,-1,-1,-1
109,15,1657,459,120,178,1,-1,-1,-1
109,16,1588,413,156,126,1,-1,-1,-1
109,17,863,565,120,196,1,-1,-1,-1
109,18,1290,403,107,103,1,-1,-1,-1
109,19,304,772,144,168,1,-1,-1,-1
109,20,548,690,152,168,1,-1,-1,-1
109,21,1522,491,140,156,1,-1,-1,-1
109,22,1544,118,109,172,1,-1,-1,-1
110,0,2225,200,122,252,1,-1,-1,-1
110,1,749,660,140,128,1,-1,-1,-1
110,2,1462,151,88,217,1,-1,-1,-1
110,3,1009,609,235,185,1,-1,-1,-1
110,4,1651,529,244,187,1,-1,-1,-1
110,5,579,698,175,118,1,-1,-1,-1
110,6,1686,269,118,202,1,-1,-1,-1
110,7,2264,33,81,158,1,-1,-1,-1
110,9,1952,524,148,118,1,-1,-1,-1
110,10,369,761,85,122,1,-1,-1,-1
110,11,1912,484,225,190,1,-1,-1,-1
110,12,1886,460,247,218,1,-1,-1,-1
110,13,1304,584,208,168,1,-1,-1,-1
110,14,2167,391,145,125,1,-1,-1,-1
110,15,1661,444,120,178,1,-1,-1,-1
110,16,1597,407,156,126,1,-1,-1,-1
110,17,871,549,120,196,1,-1,-1,-1
110,18,1300,393,107,103,1,-1,-1,-1
110,19,314,760,144,168,1,-1,-1,-1
110,20,558,679,152,168,1,-1,-1,-1
110,21,1533,482,133,149,1,-1,-1,-1
110,22,1558,113,109,172,1,-1,-1,-1
111,0,2228,186,122,252,1,-1,-1,-1
111,1,756,650,140,128,1,-1,-1,-1
111,2,1469,143,88,217,1,-1,-1,-1
111,3,1015,600,235,185,1,-1,-1,-1
111,4,1650,515,256,196,1,-1,-1,-1
111,5,588,696,167,112,1,-1,-1,-1
111,6,1691,261,118,202,1,-1,-1,-1
111,7,2267,22,81,158,1,-1,-1,-1
111,9,1960,518,141,113,1,-1,-1,-1
111,10,377,756,81,116,1,-1,-1,-1
111,11,1927,474,236,200,1,-1,-1,-1
111,12,1887,448,247,218,1,-1,-1,-1
111,13,1317,581,198,160,1,-1,-1,-1
111,14,2170,383,145,125,1,-1,-1,-1
111,15,1667,437,120,178,1,-1,-1,-1
111,16,1610,404,149,120,1,-1,-1,-1
111,17,878,542,120,196,1,-1,-1,-1
111,18,1307,383,107,103,1,-1,-1,-1
111,19,316,756,144,168,1,-1,-1,-1
111,20,563,672,152,168,1,-1,-1,-1
111,21,1541,476,127,141,1,-1,-1,-1
111,22,1561,96,109,172,1,-1,-1,-1
112,0,2233,171,116,240,1,-1,-1,-1
112,1,766,637,140,128,1,-1,-1,-1
112,2,1474,124,88,217,1,-1,-1,-1
112,3,1035,582,235,185,1,-1,-1,-1
112,4,1659,501,256,196,1,-1,-1,-1
112,5,599,683,167,112,1,-1,-1,-1
112,6,1701,248,112,192,1,-1,-1,-1
112,7,2270,5,81,158,1,-1,-1,-1
112,9,1968,505,141,113,1,-1,-1,-1
112,10,387,747,77,111,1,-1,-1,-1
112,11,1929,453,236,200,1,-1,-1,-1
112,12,1890,441,247,218,1,-1,-1,-1
112,13,1332,568,189,152,1,-1,-1,-1
112,14,2178,369,145,125,1,-1,-1,-1
112,15,1672,424,120,178,1,-1,-1,-1
112,16,1617,397,142,114,1,-1,-1,-1
112,17,882,525,120,196,1,-1,-1,-1
112,18,1317,368,107,103,1,-1,-1,-1
112,19,330,742,144,168,1,-1,-1,-1
112,20,571,659,152,168,1,-1,-1,-1
112,21,1550,459,127,141,1,-1,-1,-1
112,22,1567,84,109,172,1,-1,-1,-1
113,0,2233,171,116,240,1,-1,-1,-1
113,1,766,637,140,128,1,-1,-1,-1
113,2,1492,124,80,216,1,-1,-1,-1
113,3,1036,604,244,156,1,-1,-1,-1
113,4,1660,500,296,192,1,-1,-1,-1
113,5,599,683,167,112,1,-1,-1,-1
113,6,1700,252,112,212,1,-1,-1,-1
113,7,2270,5,81,158,1,-1,-1,-1
113,9,1968,505,141,113,1,-1,-1,-1
113,10,387,747,77,111,1,-1,-1,-1
113,11,1952,436,188,216,1,-1,-1,-1
113,12,1890,441,247,218,1,-1,-1,-1
113,13,1328,604,212,112,1,-1,-1,-1
113,14,2178,369,145,125,1,-1,-1,-1
113,15,1672,424,120,178,1,-1,-1,-1
113,16,1617,397,142,114,1,-1,-1,-1
113,17,882,525,120,196,1,-1,-1,-1
113,18,1317,368,107,103,1,-1,-1,-1
113,19,332,736,144,168,1,-1,-1,-1
113,20,556,648,200,172,1,-1,-1,-1
113,21,1550,459,127,141,1,-1,-1,-1
113,22,1567,84,109,172,1,-1,-1,-1
114,0,2238,166,110,229,1,-1,-1,-1
114,1,770,634,140,128,1,-1,-1,-1
114,2,1494,120,80,216,1,-1,-1,-1
114,3,1043,600,244,156,1,-1,-1,-1
114,4,1665,496,296,192,1,-1,-1,-1
114,5,602,674,167,112,1,-1,-1,-1
114,6,1702,246,112,212,1,-1,-1,-1
114,7,2269,-4,81,158,1,-1,-1,-1
114,9,1969,500,141,113,1,-1,-1,-1
114,10,392,743,77,111,1,-1,-1,-1
114,11,1954,432,188,216,1,-1,-1,-1
114,12,1896,431,247,218,1,-1,-1,-1
114,13,1336,601,212,112,1,-1,-1,-1
114,14,2181,362,145,125,1,-1,-1,-1
114,15,1677,421,120,178,1,-1,-1,-1
114,16,1618,391,142,114,1,-1,-1,-1
114,17,891,530,114,187,1,-1,-1,-1
114,18,1320,359,107,103,1,-1,-1,-1
114,19,337,733,144,168,1,-1,-1,-1
114,20,561,646,200,172,1,-1,-1,-1
114,21,1555,455,121,135,1,-1,-1,-1
114,22,1570,78,109,172,1,-1,-1,-1
115,0,2243,139,110,229,1,-1,-1,-1
115,1,784,625,133,122,1,-1,-1,-1
115,2,1496,107,80,216,1,-1,-1,-1
115,3,1047,588,244,156,1,-1,-1,-1
115,4,1671,489,296,192,1,-1,-1,-1
115,5,607,662,167,112,1,-1,-1,-1
115,6,1704,236,112,212,1,-1,-1,-1
115,7,2270,-20,81,158,1,-1,-1,-1
115,9,1974,488,141,113,1,-1,-1,-1
115,10,400,727,77,111,1,-1,-1,-1
115,11,1955,417,188,216,1,-1,-1,-1
115,12,1905,423,247,218,1,-1,-1,-1
115,13,1347,589,223,118,1,-1,-1,-1
115,14,2186,352,145,125,1,-1,-1,-1
115,15,1682,416,120,178,1,-1,-1,-1
115,16,1621,380,142,114,1,-1,-1,-1
115,17,903,521,114,187,1,-1,-1,-1
115,18,1328,351,107,103,1,-1,-1,-1
115,19,349,720,144,168,1,-1,-1,-1
115,20,568,636,200,172,1,-1,-1,-1
115,21,1564,443,121,135,1,-1,-1,-1
115,22,1580,65,109,172,1,-1,-1,-1
116,0,2245,141,110,229,1,-1,-1,-1
116,1,782,625,133,122,1,-1,-1,-1
116,2,1499,107,80,216,1,-1,-1,-1
116,3,1050,587,244,156,1,-1,-1,-1
116,4,1670,486,296,192,1,-1,-1,-1
116,5,607,658,167,112,1,-1,-1,-1
116,6,1707,239,107,202,1,-1,-1,-1
116,7,2270,-19,81,158,1,-1,-1,-1
116,9,1974,487,141,113,1,-1,-1,-1
116,10,400,727,77,111,1,-1,-1,-1
116,11,1961,422,179,206,1,-1,-1,-1
116,12,1905,416,247,218,1,-1,-1,-1
116,13,1338,587,234,123,1,-1,-1,-1
116,14,2186,349,145,125,1,-1,-1,-1
116,15,1683,417,120,178,1,-1,-1,-1
116,16,1625,381,135,109,1,-1,-1,-1
116,17,901,520,114,187,1,-1,-1,-1
116,18,1328,347,107,103,1,-1,-1,-1
116,19,349,720,144,168,1,-1,-1,-1
116,20,568,635,200,172,1,-1,-1,-1
116,21,1564,443,121,135,1,-1,-1,-1
116,22,1581,63,109,172,1,-1,-1,-1
117,0,2247,134,110,229,1,-1,-1,-1
117,1,785,624,133,122,1,-1,-1,-1
117,2,1497,97,84,227,1,-1,-1,-1
117,3,1052,584,244,156,1,-1,-1,-1
117,4,1674,478,296,192,1,-1,-1,-1
117,5,607,655,167,112,1,-1,-1,-1
117,6,1705,232,112,212,1,-1,-1,-1
117,7,2269,-24,81,158,1,-1,-1,-1
117,9,1974,482,141,113,1,-1,-1,-1
117,10,402,725,74,106,1,-1,-1,-1
117,11,1960,417,179,206,1,-1,-1,-1
117,12,1899,406,259,229,1,-1,-1,-1
117,13,1345,582,234,123,1,-1,-1,-1
117,14,2186,344,145,125,1,-1,-1,-1
117,15,1687,413,120,178,1,-1,-1,-1
117,16,1625,380,135,109,1,-1,-1,-1
117,17,904,516,114,187,1,-1,-1,-1
117,18,1329,342,107,103,1,-1,-1,-1
117,19,351,716,144,168,1,-1,-1,-1
117,20,570,631,200,172,1,-1,-1,-1
117,21,1565,440,121,135,1,-1,-1,-1
117,22,1584,66,104,164,1,-1,-1,-1
118,0,2250,131,110,229,1,-1,-1,-1
118,1,797,629,133,122,1,-1,-1,-1
118,2,1498,100,84,227,1,-1,-1,-1
118,3,1066,583,244,156,1,-1,-1,-1
118,4,1680,483,296,192,1,-1,-1,-1
118,5,616,657,159,107,1,-1,-1,-1
118,6,1707,234,112,212,1,-1,-1,-1
118,7,2271,-20,77,151,1,-1,-1,-1
118,9,1976,484,141,113,1,-1,-1,-1
118,10,414,728,70,101,1,-1,-1,-1
118,11,1966,423,179,206,1,-1,-1,-1
118,12,1896,412,259,229,1,-1,-1,-1
118,13,1368,583,234,123,1,-1,-1,-1
118,14,2198,337,145,125,1,-1,-1,-1
118,15,1694,410,120,178,1,-1,-1,-1
118,16,1629,381,135,109,1,-1,-1,-1
118,17,915,527,109,178,1,-1,-1,-1
118,18,1337,346,107,103,1,-1,-1,-1
118,19,362,717,144,168,1,-1,-1,-1
118,20,575,632,200,172,1,-1,-1,-1
118,21,1574,446,121,135,1,-1,-1,-1
118,22,1588,65,109,172,1,-1,-1,-1
119,0,2250,131,110,229,1,-1,-1,-1
119,1,799,632,127,116,1,-1,-1,-1
119,2,1500,100,84,227,1,-1,-1,-1
119,3,1064,583,244,156,1,-1,-1,-1
119,4,1689,491,282,183,1,-1,-1,-1
119,5,615,657,159,107,1,-1,-1,-1
119,6,1709,234,112,212,1,-1,-1,-1
119,7,2270,-20,77,151,1,-1,-1,-1
119,9,1978,484,141,113,1,-1,-1,-1
119,10,415,728,70,101,1,-1,-1,-1
119,11,1968,424,179,206,1,-1,-1,-1
119,12,1882,406,272,240,1,-1,-1,-1
119,13,1374,584,223,118,1,-1,-1,-1
119,14,2197,337,145,125,1,-1,-1,-1
119,15,1697,413,120,178,1,-1,-1,-1
119,16,1628,381,135,109,1,-1,-1,-1
119,17,919,528,109,178,1,-1,-1,-1
119,18,1337,346,107,103,1,-1,-1,-1
119,19,362,718,144,168,1,-1,-1,-1
119,20,576,632,200,172,1,-1,-1,-1
119,21,1575,447,121,135,1,-1,-1,-1
119,22,1587,65,109,172,1,-1,-1,-1
120,0,2253,148,110,229,1,-1,-1,-1
120,1,807,652,127,116,1,-1,-1,-1
120,2,1503,119,84,227,1,-1,-1,-1
120,3,1072,609,232,149,1,-1,-1,-1
120,4,1698,513,268,174,1,-1,-1,-1
120,5,619,673,159,107,1,-1,-1,-1
120,6,1712,256,112,212,1,-1,-1,-1
120,7,2269,-2,77,151,1,-1,-1,-1
120,9,1980,504,141,113,1,-1,-1,-1
120,10,422,750,70,101,1,-1,-1,-1
120,11,1968,446,179,206,1,-1,-1,-1
120,12,1883,430,272,240,1,-1,-1,-1
120,13,1373,606,223,118,1,-1,-1,-1
120,14,2207,348,138,119,1,-1,-1,-1
120,15,1702,430,120,178,1,-1,-1,-1
120,16,1633,398,135,109,1,-1,-1,-1
120,17,921,551,109,178,1,-1,-1,-1
120,18,1338,361,107,103,1,-1,-1,-1
120,19,369,742,144,168,1,-1,-1,-1
120,20,580,657,200,172,1,-1,-1,-1
120,21,1576,468,121,135,1,-1,-1,-1
120,22,1594,82,109,172,1,-1,-1,-1
121,0,2253,148,110,229,1,-1,-1,-1
121,1,807,652,127,116,1,-1,-1,-1
121,2,1503,119,84,227,1,-1,-1,-1
121,3,1072,609,232,149,1,-1,-1,-1
121,4,1698,513,268,174,1,-1,-1,-1
121,5,619,673,159,107,1,-1,-1,-1
121,6,1712,256,112,212,1,-1,-1,-1
121,7,2269,-2,77,151,1,-1,-1,-1
121,9,1980,504,141,113,1,-1,-1,-1
121,10,422,750,70,101,1,-1,-1,-1
121,11,1968,446,179,206,1,-1,-1,-1
121,12,1883,430,272,240,1,-1,-1,-1
121,13,1373,606,223,118,1,-1,-1,-1
121,14,2207,348,138,119,1,-1,-1,-1
121,15,1702,430,120,178,1,-1,-1,-1
121,16,1633,398,135,109,1,-1,-1,-1
121,17,921,551,109,178,1,-1,-1,-1
121,18,1338,361,107,103,1,-1,-1,-1
121,19,369,742,144,168,1,-1,-1,-1
121,20,580,657,200,172,1,-1,-1,-1
121,21,1576,468,121,135,1,-1,-1,-1
121,22,1594,82,109,172,1,-1,-1,-1
121,23,640,764,188,172,1,-1,-1,-1
121,24,1420,696,240,136,1,-1,-1,-1
121,25,1128,688,228,196,1,-1,-1,-1
121,26,412,840,136,180,1,-1,-1,-1
121,27,1536,212,96,240,1,-1,-1,-1
121,28,1716,584,284,220,1,-1,-1,-1
121,29,1988,608,132,160,1,-1,-1,-1
122,0,2258,88,110,229,1,-1,-1,-1
122,1,790,636,127,116,1,-1,-1,-1
122,2,1508,93,84,227,1,-1,-1,-1
122,3,1010,597,232,149,1,-1,-1,-1
122,4,1643,515,256,166,1,-1,-1,-1
122,6,1746,351,118,223,1,-1,-1,-1
122,7,2268,4,77,151,1,-1,-1,-1
122,9,1994,505,141,113,1,-1,-1,-1
122,11,2004,543,179,206,1,-1,-1,-1
122,12,1930,511,286,252,1,-1,-1,-1
122,13,1430,602,223,118,1,-1,-1,-1
122,14,2232,379,138,119,1,-1,-1,-1
122,16,1661,401,128,103,1,-1,-1,-1
122,17,914,604,109,178,1,-1,-1,-1
122,18,1338,355,107,103,1,-1,-1,-1
122,19,410,839,144,168,1,-1,-1,-1
122,20,616,736,210,181,1,-1,-1,-1
122,21,1578,456,121,135,1,-1,-1,-1
122,22,1626,69,104,164,1,-1,-1,-1
122,23,640,764,188,172,1,-1,-1,-1
122,24,1420,696,240,136,1,-1,-1,-1
122,25,1128,688,228,196,1,-1,-1,-1
122,26,413,840,136,180,1,-1,-1,-1
122,27,1536,212,96,240,1,-1,-1,-1
122,28,1716,584,284,220,1,-1,-1,-1
122,29,1988,608,132,160,1,-1,-1,-1
123,0,2263,102,116,240,1,-1,-1,-1
123,1,748,648,127,116,1,-1,-1,-1
123,2,1517,59,80,216,1,-1,-1,-1
123,3,1010,618,232,149,1,-1,-1,-1
123,4,1643,531,244,158,1,-1,-1,-1
123,6,1759,395,118,223,1,-1,-1,-1
123,7,2275,49,77,151,1,-1,-1,-1
123,9,2007,536,148,118,1,-1,-1,-1
123,11,2017,582,188,216,1,-1,-1,-1
123,12,1942,566,286,252,1,-1,-1,-1
123,13,1419,597,223,118,1,-1,-1,-1
123,14,2247,418,138,119,1,-1,-1,-1
123,17,886,693,114,187,1,-1,-1,-1
123,18,1327,339,101,99,1,-1,-1,-1
123,19,429,881,144,168,1,-1,-1,-1
123,20,632,787,210,181,1,-1,-1,-1
123,21,1592,490,121,135,1,-1,-1,-1
123,22,1655,107,99,156,1,-1,-1,-1
123,23,659,804,179,164,1,-1,-1,-1
123,24,1442,733,240,136,1,-1,-1,-1
123,25,1145,726,228,196,1,-1,-1,-1
123,26,429,878,136,180,1,-1,-1,-1
123,27,1551,259,96,240,1,-1,-1,-1
123,28,1732,623,284,220,1,-1,-1,-1
123,29,2003,645,132,160,1,-1,-1,-1
124,0,2266,145,122,252,1,-1,-1,-1
124,1,757,673,133,122,1,-1,-1,-1
124,2,1521,124,76,206,1,-1,-1,-1
124,3,1031,646,232,149,1,-1,-1,-1
124,4,1692,519,244,158,1,-1,-1,-1
124,6,1773,446,118,223,1,-1,-1,-1
124,7,2282,96,81,158,1,-1,-1,-1
124,9,1981,511,155,124,1,-1,-1,-1
124,11,2033,627,197,227,1,-1,-1,-1
124,12,1951,606,286,252,1,-1,-1,-1
124,13,1397,611,223,118,1,-1,-1,-1
124,14,2266,467,138,119,1,-1,-1,-1
124,17,892,748,114,187,1,-1,-1,-1
124,19,448,928,144,168,1,-1,-1,-1
124,20,648,834,210,181,1,-1,-1,-1
124,21,1608,472,115,128,1,-1,-1,-1
124,22,1678,164,99,156,1,-1,-1,-1
124,23,678,855,171,156,1,-1,-1,-1
124,24,1461,778,240,136,1,-1,-1,-1
124,25,1162,776,228,196,1,-1,-1,-1
124,26,446,927,136,180,1,-1,-1,-1
124,27,1559,306,96,240,1,-1,-1,-1
124,28,1746,674,284,220,1,-1,-1,-1
124,29,2019,696,132,160,1,-1,-1,-1
125,0,2266,150,128,265,1,-1,-1,-1
125,1,759,684,133,122,1,-1,-1,-1
125,2,1522,129,76,206,1,-1,-1,-1
125,3,1023,666,232,149,1,-1,-1,-1
125,4,1696,514,244,158,1,-1,-1,-1
125,6,1771,447,118,223,1,-1,-1,-1
125,7,2289,100,81,158,1,-1,-1,-1
125,9,1972,505,155,124,1,-1,-1,-1
125,11,2031,628,197,227,1,-1,-1,-1
125,12,1950,615,286,252,1,-1,-1,-1
125,13,1398,608,223,118,1,-1,-1,-1
125,14,2265,468,138,119,1,-1,-1,-1
125,17,895,760,114,187,1,-1,-1,-1
125,19,449,931,144,168,1,-1,-1,-1
125,20,646,839,210,181,1,-1,-1,-1
125,21,1609,468,115,128,1,-1,-1,-1
125,22,1681,170,94,149,1,-1,-1,-1
125,23,679,857,171,156,1,-1,-1,-1
125,24,1461,783,240,136,1,-1,-1,-1
125,25,1164,777,228,196,1,-1,-1,-1
125,26,447,930,136,180,1,-1,-1,-1
125,27,1563,305,96,240,1,-1,-1,-1
125,28,1749,677,284,220,1,-1,-1,-1
125,29,2019,698,132,160,1,-1,-1,-1
126,0,2269,162,128,265,1,-1,-1,-1
126,1,762,692,133,122,1,-1,-1,-1
126,2,1536,132,73,196,1,-1,-1,-1
126,3,1032,664,221,141,1,-1,-1,-1
126,4,1701,521,232,150,1,-1,-1,-1
126,6,1771,459,118,223,1,-1,-1,-1
126,7,2292,114,81,158,1,-1,-1,-1
126,9,1980,507,148,118,1,-1,-1,-1
126,11,2038,638,197,227,1,-1,-1,-1
126,12,1960,631,272,240,1,-1,-1,-1
126,13,1396,608,223,118,1,-1,-1,-1
126,14,2271,480,132,113,1,-1,-1,-1
126,17,898,767,114,187,1,-1,-1,-1
126,19,453,938,144,168,1,-1,-1,-1
126,20,650,846,210,181,1,-1,-1,-1
126,21,1615,483,110,122,1,-1,-1,-1
126,22,1686,187,94,149,1,-1,-1,-1
126,23,683,868,171,156,1,-1,-1,-1
126,24,1470,788,240,136,1,-1,-1,-1
126,25,1168,786,228,196,1,-1,-1,-1
126,26,452,937,136,180,1,-1,-1,-1
126,27,1567,311,96,240,1,-1,-1,-1
126,28,1758,688,270,210,1,-1,-1,-1
126,29,2023,706,132,160,1,-1,-1,-1
127,0,2273,171,122,252,1,-1,-1,-1
127,1,767,695,133,122,1,-1,-1,-1
127,2,1538,134,73,196,1,-1,-1,-1
127,3,1050,681,221,141,1,-1,-1,-1
127,4,1704,515,244,158,1,-1,-1,-1
127,6,1776,460,118,223,1,-1,-1,-1
127,7,2299,118,77,151,1,-1,-1,-1
127,9,1985,507,148,118,1,-1,-1,-1
127,11,2040,639,197,227,1,-1,-1,-1
127,12,1961,624,286,252,1,-1,-1,-1
127,13,1397,608,223,118,1,-1,-1,-1
127,14,2279,479,132,113,1,-1,-1,-1
127,17,909,770,114,187,1,-1,-1,-1
127,19,462,936,144,168,1,-1,-1,-1
127,20,660,843,210,181,1,-1,-1,-1
127,21,1617,478,110,122,1,-1,-1,-1
127,22,1692,190,94,149,1,-1,-1,-1
127,23,695,862,171,156,1,-1,-1,-1
127,24,1490,786,240,136,1,-1,-1,-1
127,25,1179,785,228,196,1,-1,-1,-1
127,26,462,936,136,180,1,-1,-1,-1
127,27,1571,311,96,240,1,-1,-1,-1
127,28,1778,696,258,200,1,-1,-1,-1
127,29,2032,703,132,160,1,-1,-1,-1
128,0,2274,172,122,252,1,-1,-1,-1
128,1,769,692,133,122,1,-1,-1,-1
128,2,1541,135,73,196,1,-1,-1,-1
128,3,1053,684,221,141,1,-1,-1,-1
128,4,1705,513,244,158,1,-1,-1,-1
128,6,1776,455,118,223,1,-1,-1,-1
128,7,2298,118,77,151,1,-1,-1,-1
128,9,1986,506,148,118,1,-1,-1,-1
128,11,2039,638,197,227,1,-1,-1,-1
128,12,1966,623,286,252,1,-1,-1,-1
128,13,1397,608,223,118,1,-1,-1,-1
128,14,2280,481,132,113,1,-1,-1,-1
128,17,911,767,114,187,1,-1,-1,-1
128,19,463,936,144,168,1,-1,-1,-1
128,20,662,844,210,181,1,-1,-1,-1
128,21,1620,482,104,116,1,-1,-1,-1
128,22,1698,184,90,142,1,-1,-1,-1
128,23,695,860,171,156,1,-1,-1,-1
128,24,1489,785,240,136,1,-1,-1,-1
128,25,1180,785,228,196,1,-1,-1,-1
128,26,465,940,130,171,1,-1,-1,-1
128,27,1571,314,96,240,1,-1,-1,-1
128,28,1782,700,245,190,1,-1,-1,-1
128,29,2033,702,132,160,1,-1,-1,-1
129,0,2274,172,122,252,1,-1,-1,-1
129,1,769,692,133,122,1,-1,-1,-1
129,2,1541,135,73,196,1,-1,-1,-1
129,3,1053,684,221,141,1,-1,-1,-1
129,4,1705,513,244,158,1,-1,-1,-1
129,6,1776,455,118,223,1,-1,-1,-1
129,7,2298,118,77,151,1,-1,-1,-1
129,11,2039,638,197,227,1,-1,-1,-1
129,12,1966,623,286,252,1,-1,-1,-1
129,13,1397,608,223,118,1,-1,-1,-1
129,14,2280,481,132,113,1,-1,-1,-1
129,17,900,748,160,224,1,-1,-1,-1
129,19,463,936,144,168,1,-1,-1,-1
129,20,662,844,210,181,1,-1,-1,-1
129,21,1620,482,104,116,1,-1,-1,-1
129,22,1698,184,90,142,1,-1,-1,-1
129,23,688,852,176,180,1,-1,-1,-1
129,24,1512,764,228,152,1,-1,-1,-1
129,25,1192,772,240,200,1,-1,-1,-1
129,26,468,928,128,180,1,-1,-1,-1
129,27,1588,320,84,208,1,-1,-1,-1
129,28,1776,708,260,184,1,-1,-1,-1
129,29,2048,688,112,168,1,-1,-1,-1
129,30,1068,772,68,148,1,-1,-1,-1
130,0,2278,154,116,240,1,-1,-1,-1
130,1,741,681,133,122,1,-1,-1,-1
130,2,1548,122,69,187,1,-1,-1,-1
130,3,1051,669,232,149,1,-1,-1,-1
130,4,1708,498,244,158,1,-1,-1,-1
130,6,1795,437,112,212,1,-1,-1,-1
130,7,2307,96,77,151,1,-1,-1,-1
130,11,2056,614,197,227,1,-1,-1,-1
130,12,1961,586,300,265,1,-1,-1,-1
130,13,1419,596,223,118,1,-1,-1,-1
130,14,2302,461,125,108,1,-1,-1,-1
130,17,913,730,160,224,1,-1,-1,-1
130,19,480,916,144,168,1,-1,-1,-1
130,20,686,826,210,181,1,-1,-1,-1
130,21,1634,459,104,116,1,-1,-1,-1
130,22,1709,162,90,142,1,-1,-1,-1
130,23,705,836,176,180,1,-1,-1,-1
130,24,1527,748,228,152,1,-1,-1,-1
130,25,1204,757,240,200,1,-1,-1,-1
130,26,479,911,128,180,1,-1,-1,-1
130,27,1590,295,88,218,1,-1,-1,-1
130,28,1796,687,260,184,1,-1,-1,-1
130,29,2062,671,112,168,1,-1,-1,-1
130,30,1082,755,68,148,1,-1,-1,-1
131,0,2281,153,116,240,1,-1,-1,-1
131,1,742,686,127,116,1,-1,-1,-1
131,2,1550,121,69,187,1,-1,-1,-1
131,3,1056,663,232,149,1,-1,-1,-1
131,4,1718,497,232,150,1,-1,-1,-1
131,6,1798,435,112,212,1,-1,-1,-1
131,7,2312,100,73,143,1,-1,-1,-1
131,11,2056,613,197,227,1,-1,-1,-1
131,12,1955,579,300,265,1,-1,-1,-1
131,13,1422,590,223,118,1,-1,-1,-1
131,14,2303,460,125,108,1,-1,-1,-1
131,17,915,730,160,224,1,-1,-1,-1
131,19,482,914,144,168,1,-1,-1,-1
131,20,687,825,210,181,1,-1,-1,-1
131,21,1634,456,104,116,1,-1,-1,-1
131,22,1716,162,90,142,1,-1,-1,-1
131,23,705,835,176,180,1,-1,-1,-1
131,24,1526,746,228,152,1,-1,-1,-1
131,25,1208,757,240,200,1,-1,-1,-1
131,26,480,913,128,180,1,-1,-1,-1
131,27,1591,295,88,218,1,-1,-1,-1
131,28,1785,682,273,193,1,-1,-1,-1
131,29,2063,672,112,168,1,-1,-1,-1
131,30,1084,758,65,141,1,-1,-1,-1
132,0,2287,144,116,240,1,-1,-1,-1
132,1,737,676,133,122,1,-1,-1,-1
132,2,1549,158,69,187,1,-1,-1,-1
132,3,1055,658,244,156,1,-1,-1,-1
132,4,1724,496,221,143,1,-1,-1,-1
132,6,1798,428,112,212,1,-1,-1,-1
132,7,2315,91,73,143,1,-1,-1,-1
132,11,2065,615,188,216,1,-1,-1,-1
132,12,1960,574,300,265,1,-1,-1,-1
132,13,1418,583,223,118,1,-1,-1,-1
132,14,2307,450,125,108,1,-1,-1,-1
132,17,920,720,160,224,1,-1,-1,-1
132,19,485,907,144,168,1,-1,-1,-1
132,20,692,820,210,181,1,-1,-1,-1
132,21,1646,452,104,116,1,-1,-1,-1
132,22,1724,154,86,135,1,-1,-1,-1
132,23,713,830,176,180,1,-1,-1,-1
132,24,1532,739,228,152,1,-1,-1,-1
132,25,1211,748,240,200,1,-1,-1,-1
132,26,479,902,134,189,1,-1,-1,-1
132,27,1597,286,88,218,1,-1,-1,-1
132,28,1799,680,260,184,1,-1,-1,-1
132,29,2068,662,112,168,1,-1,-1,-1
132,30,1089,746,65,141,1,-1,-1,-1
133,0,2302,102,116,240,1,-1,-1,-1
133,1,767,705,133,122,1,-1,-1,-1
133,3,1057,630,256,164,1,-1,-1,-1
133,4,1685,522,210,136,1,-1,-1,-1
133,6,1813,393,107,202,1,-1,-1,-1
133,7,2320,53,73,143,1,-1,-1,-1
133,11,2072,564,197,227,1,-1,-1,-1
133,12,1972,542,300,265,1,-1,-1,-1
133,13,1348,567,223,118,1,-1,-1,-1
133,14,2341,473,125,108,1,-1,-1,-1
133,17,930,675,160,224,1,-1,-1,-1
133,19,493,866,137,160,1,-1,-1,-1
133,20,712,778,200,172,1,-1,-1,-1
133,21,1647,481,104,116,1,-1,-1,-1
133,22,1733,109,86,135,1,-1,-1,-1
133,23,727,788,176,180,1,-1,-1,-1
133,24,1545,697,228,152,1,-1,-1,-1
133,25,1232,709,229,190,1,-1,-1,-1
133,26,486,855,134,189,1,-1,-1,-1
133,27,1601,242,88,218,1,-1,-1,-1
133,28,1808,640,260,184,1,-1,-1,-1
133,29,2079,620,107,160,1,-1,-1,-1
133,30,1099,698,68,148,1,-1,-1,-1
134,0,2303,99,116,240,1,-1,-1,-1
134,1,765,709,140,128,1,-1,-1,-1
134,3,1053,618,256,164,1,-1,-1,-1
134,4,1672,524,210,136,1,-1,-1,-1
134,6,1811,389,107,202,1,-1,-1,-1
134,7,2321,49,73,143,1,-1,-1,-1
134,11,2072,561,197,227,1,-1,-1,-1
134,12,1971,534,300,265,1,-1,-1,-1
134,13,1338,562,234,123,1,-1,-1,-1
134,14,2342,476,119,103,1,-1,-1,-1
134,17,932,673,160,224,1,-1,-1,-1
134,19,496,863,137,160,1,-1,-1,-1
134,20,714,779,190,164,1,-1,-1,-1
134,21,1649,485,104,116,1,-1,-1,-1
134,22,1737,111,81,128,1,-1,-1,-1
134,23,727,787,176,180,1,-1,-1,-1
134,24,1542,694,228,152,1,-1,-1,-1
134,25,1226,703,240,200,1,-1,-1,-1
134,26,487,854,134,189,1,-1,-1,-1
134,27,1602,241,88,218,1,-1,-1,-1
134,28,1808,635,260,184,1,-1,-1,-1
134,29,2079,617,107,160,1,-1,-1,-1
134,30,1100,697,68,148,1,-1,-1,-1
135,0,2309,74,116,240,1,-1,-1,-1
135,1,828,752,140,128,1,-1,-1,-1
135,3,1033,604,269,172,1,-1,-1,-1
135,4,1681,505,210,136,1,-1,-1,-1
135,6,1813,363,107,202,1,-1,-1,-1
135,7,2326,29,70,137,1,-1,-1,-1
135,11,2080,538,197,227,1,-1,-1,-1
135,12,1982,506,300,265,1,-1,-1,-1
135,13,1343,551,234,123,1,-1,-1,-1
135,14,2349,463,119,103,1,-1,-1,-1
135,17,933,640,168,235,1,-1,-1,-1
135,19,501,839,137,160,1,-1,-1,-1
135,20,722,756,190,164,1,-1,-1,-1
135,21,1658,474,104,116,1,-1,-1,-1
135,22,1742,86,81,128,1,-1,-1,-1
135,23,733,763,176,180,1,-1,-1,-1
135,24,1549,669,228,152,1,-1,-1,-1
135,25,1233,678,240,200,1,-1,-1,-1
135,26,493,836,128,180,1,-1,-1,-1
135,27,1606,214,88,218,1,-1,-1,-1
135,28,1807,603,273,193,1,-1,-1,-1
135,29,2088,599,102,152,1,-1,-1,-1
135,30,1103,670,68,148,1,-1,-1,-1
136,0,2309,42,122,252,1,-1,-1,-1
136,1,842,745,140,128,1,-1,-1,-1
136,3,943,601,282,181,1,-1,-1,-1
136,4,1692,490,210,136,1,-1,-1,-1
136,6,1824,340,107,202,1,-1,-1,-1
136,7,2335,7,70,137,1,-1,-1,-1
136,11,2090,525,188,216,1,-1,-1,-1
136,12,1990,488,300,265,1,-1,-1,-1
136,13,1351,528,223,118,1,-1,-1,-1
136,14,2360,444,119,103,1,-1,-1,-1
136,17,944,628,160,224,1,-1,-1,-1
136,19,508,819,137,160,1,-1,-1,-1
136,20,736,740,190,164,1,-1,-1,-1
136,21,1667,450,104,116,1,-1,-1,-1
136,22,1754,59,81,128,1,-1,-1,-1
136,23,747,745,176,180,1,-1,-1,-1
136,24,1561,650,228,152,1,-1,-1,-1
136,25,1243,657,240,200,1,-1,-1,-1
136,26,504,820,122,171,1,-1,-1,-1
136,27,1613,193,88,218,1,-1,-1,-1
136,28,1814,583,273,193,1,-1,-1,-1
136,29,2097,581,102,152,1,-1,-1,-1
136,30,1116,653,68,148,1,-1,-1,-1
137,0,2309,42,122,252,1,-1,-1,-1
137,1,842,745,140,128,1,-1,-1,-1
137,3,943,601,282,181,1,-1,-1,-1
137,4,1692,490,210,136,1,-1,-1,-1
137,6,1824,340,107,202,1,-1,-1,-1
137,7,2335,7,70,137,1,-1,-1,-1
137,11,2090,525,188,216,1,-1,-1,-1
137,12,1990,488,300,265,1,-1,-1,-1
137,13,1351,528,223,118,1,-1,-1,-1
137,14,2360,444,119,103,1,-1,-1,-1
137,17,944,720,152,128,1,-1,-1,-1
137,19,508,819,137,160,1,-1,-1,-1
137,20,736,740,190,164,1,-1,-1,-1
137,21,1667,450,104,116,1,-1,-1,-1
137,22,1754,59,81,128,1,-1,-1,-1
137,23,748,752,168,156,1,-1,-1,-1
137,24,1568,612,224,188,1,-1,-1,-1
137,25,1252,676,240,176,1,-1,-1,-1
137,26,504,828,136,160,1,-1,-1,-1
137,27,1620,180,80,228,1,-1,-1,-1
137,28,1814,583,273,193,1,-1,-1,-1
137,29,2097,581,102,152,1,-1,-1,-1
137,30,1116,653,68,148,1,-1,-1,-1
137,31,2152,444,148,284,1,-1,-1,-1
137,32,2308,424,124,200,1,-1,-1,-1
137,33,1932,560,260,180,1,-1,-1,-1
137,34,1120,608,96,176,1,-1,-1,-1
138,0,2310,33,128,265,1,-1,-1,-1
138,1,846,744,147,134,1,-1,-1,-1
138,3,945,607,269,172,1,-1,-1,-1
138,4,1694,490,210,136,1,-1,-1,-1
138,6,1821,333,112,212,1,-1,-1,-1
138,7,2334,6,70,137,1,-1,-1,-1
138,11,2094,523,188,216,1,-1,-1,-1
138,12,1996,497,286,252,1,-1,-1,-1
138,13,1361,522,223,118,1,-1,-1,-1
138,14,2365,433,119,103,1,-1,-1,-1
138,17,948,717,152,128,1,-1,-1,-1
138,19,514,818,137,160,1,-1,-1,-1
138,20,740,737,190,164,1,-1,-1,-1
138,21,1669,441,104,116,1,-1,-1,-1
138,22,1759,57,81,128,1,-1,-1,-1
138,23,753,750,168,156,1,-1,-1,-1
138,24,1577,613,213,179,1,-1,-1,-1
138,25,1256,674,240,176,1,-1,-1,-1
138,26,507,826,136,160,1,-1,-1,-1
138,27,1622,178,80,228,1,-1,-1,-1
138,28,1822,583,273,193,1,-1,-1,-1
138,29,2103,578,102,152,1,-1,-1,-1
138,30,1118,650,68,148,1,-1,-1,-1
138,31,2158,449,141,270,1,-1,-1,-1
138,32,2310,419,124,200,1,-1,-1,-1
138,33,1936,557,260,180,1,-1,-1,-1
138,34,1121,606,96,176,1,-1,-1,-1
139,0,2313,35,128,265,1,-1,-1,-1
139,1,853,742,147,134,1,-1,-1,-1
139,3,939,603,282,181,1,-1,-1,-1
139,4,1700,487,210,136,1,-1,-1,-1
139,6,1828,332,107,202,1,-1,-1,-1
139,7,2334,7,70,137,1,-1,-1,-1
139,11,2095,515,188,216,1,-1,-1,-1
139,12,1997,491,286,252,1,-1,-1,-1
139,13,1359,515,234,123,1,-1,-1,-1
139,14,2367,429,114,98,1,-1,-1,-1
139,17,951,715,152,128,1,-1,-1,-1
139,19,517,816,137,160,1,-1,-1,-1
139,20,745,736,190,164,1,-1,-1,-1
139,21,1670,438,104,116,1,-1,-1,-1
139,22,1763,58,78,122,1,-1,-1,-1
139,23,757,748,168,156,1,-1,-1,-1
139,24,1578,609,213,179,1,-1,-1,-1
139,25,1257,671,240,176,1,-1,-1,-1
139,26,510,826,136,160,1,-1,-1,-1
139,27,1622,177,80,228,1,-1,-1,-1
139,28,1828,576,273,193,1,-1,-1,-1
139,29,2103,574,102,152,1,-1,-1,-1
139,30,1120,652,65,141,1,-1,-1,-1
139,31,2159,439,148,284,1,-1,-1,-1
139,32,2311,414,124,200,1,-1,-1,-1
139,33,1938,556,260,180,1,-1,-1,-1
139,34,1121,604,96,176,1,-1,-1,-1
140,0,2305,32,134,278,1,-1,-1,-1
140,1,943,710,147,134,1,-1,-1,-1
140,3,928,603,282,181,1,-1,-1,-1
140,4,1696,477,210,136,1,-1,-1,-1
140,6,1822,326,107,202,1,-1,-1,-1
140,7,2323,2,70,137,1,-1,-1,-1
140,11,2087,506,188,216,1,-1,-1,-1
140,12,1993,481,286,252,1,-1,-1,-1
140,13,1354,500,234,123,1,-1,-1,-1
140,14,2356,426,114,98,1,-1,-1,-1
140,17,945,712,152,128,1,-1,-1,-1
140,19,510,814,137,160,1,-1,-1,-1
140,20,740,731,190,164,1,-1,-1,-1
140,21,1664,433,104,116,1,-1,-1,-1
140,22,1762,49,78,122,1,-1,-1,-1
140,23,752,744,168,156,1,-1,-1,-1
140,24,1572,605,213,179,1,-1,-1,-1
140,25,1251,666,240,176,1,-1,-1,-1
140,26,503,824,136,160,1,-1,-1,-1
140,27,1621,181,76,217,1,-1,-1,-1
140,28,1824,577,273,193,1,-1,-1,-1
140,29,2093,569,102,152,1,-1,-1,-1
140,30,1109,647,65,141,1,-1,-1,-1
140,31,2158,435,148,284,1,-1,-1,-1
140,32,2304,413,124,200,1,-1,-1,-1
140,33,1934,549,260,180,1,-1,-1,-1
140,34,1109,600,96,176,1,-1,-1,-1
141,0,2306,30,134,278,1,-1,-1,-1
141,1,944,707,147,134,1,-1,-1,-1
141,3,921,606,282,181,1,-1,-1,-1
141,4,1698,473,210,136,1,-1,-1,-1
141,6,1820,327,107,202,1,-1,-1,-1
141,7,2324,2,70,137,1,-1,-1,-1
141,11,2086,501,197,227,1,-1,-1,-1
141,12,2004,486,272,240,1,-1,-1,-1
141,13,1344,497,245,130,1,-1,-1,-1
141,14,2357,424,114,98,1,-1,-1,-1
141,17,948,714,145,122,1,-1,-1,-1
141,19,510,814,137,160,1,-1,-1,-1
141,20,740,731,190,164,1,-1,-1,-1
141,21,1663,433,104,116,1,-1,-1,-1
141,22,1761,48,78,122,1,-1,-1,-1
141,23,751,743,168,156,1,-1,-1,-1
141,24,1571,605,213,179,1,-1,-1,-1
141,25,1251,665,240,176,1,-1,-1,-1
141,26,503,823,136,160,1,-1,-1,-1
141,27,1619,178,76,217,1,-1,-1,-1
141,28,1822,572,273,193,1,-1,-1,-1
141,29,2090,564,107,160,1,-1,-1,-1
141,30,1107,642,68,148,1,-1,-1,-1
141,31,2156,434,148,284,1,-1,-1,-1
141,32,2303,413,124,200,1,-1,-1,-1
141,33,1930,549,260,180,1,-1,-1,-1
141,34,1110,598,96,176,1,-1,-1,-1
142,0,2301,27,134,278,1,-1,-1,-1
142,1,936,694,147,134,1,-1,-1,-1
142,3,918,595,282,181,1,-1,-1,-1
142,4,1675,468,210,136,1,-1,-1,-1
142,6,1807,306,107,202,1,-1,-1,-1
142,7,2321,-13,70,137,1,-1,-1,-1
142,11,2071,489,197,227,1,-1,-1,-1
142,12,1999,470,272,240,1,-1,-1,-1
142,13,1340,491,234,123,1,-1,-1,-1
142,14,2343,417,114,98,1,-1,-1,-1
142,17,940,702,145,122,1,-1,-1,-1
142,19,499,796,137,160,1,-1,-1,-1
142,20,730,720,190,164,1,-1,-1,-1
142,21,1651,424,104,116,1,-1,-1,-1
142,22,1747,38,78,122,1,-1,-1,-1
142,23,744,732,168,156,1,-1,-1,-1
142,24,1557,592,213,179,1,-1,-1,-1
142,25,1240,654,240,176,1,-1,-1,-1
142,26,493,807,136,160,1,-1,-1,-1
142,27,1610,161,76,217,1,-1,-1,-1
142,28,1805,553,273,193,1,-1,-1,-1
142,29,2080,552,107,160,1,-1,-1,-1
142,30,1094,630,68,148,1,-1,-1,-1
142,31,2151,412,148,284,1,-1,-1,-1
142,32,2290,401,124,200,1,-1,-1,-1
142,33,1912,533,273,189,1,-1,-1,-1
142,34,1094,583,96,176,1,-1,-1,-1
143,0,2302,26,134,278,1,-1,-1,-1
143,1,936,693,147,134,1,-1,-1,-1
143,3,913,589,282,181,1,-1,-1,-1
143,4,1667,468,221,143,1,-1,-1,-1
143,6,1806,305,107,202,1,-1,-1,-1
143,7,2317,-16,73,143,1,-1,-1,-1
143,11,2070,483,197,227,1,-1,-1,-1
143,12,1999,467,272,240,1,-1,-1,-1
143,13,1343,486,234,123,1,-1,-1,-1
143,14,2341,418,114,98,1,-1,-1,-1
143,17,941,700,145,122,1,-1,-1,-1
143,19,500,796,137,160,1,-1,-1,-1
143,20,731,718,190,164,1,-1,-1,-1
143,21,1651,424,104,116,1,-1,-1,-1
143,22,1747,39,74,117,1,-1,-1,-1
143,23,745,733,168,156,1,-1,-1,-1
143,24,1553,586,224,188,1,-1,-1,-1
143,25,1241,652,240,176,1,-1,-1,-1
143,26,497,808,130,152,1,-1,-1,-1
143,27,1601,155,80,228,1,-1,-1,-1
143,28,1812,546,260,184,1,-1,-1,-1
143,29,2079,551,107,160,1,-1,-1,-1
143,30,1089,627,68,148,1,-1,-1,-1
143,31,2149,408,148,284,1,-1,-1,-1
143,32,2290,399,124,200,1,-1,-1,-1
143,33,1902,519,287,198,1,-1,-1,-1
143,34,1093,583,96,176,1,-1,-1,-1
144,0,2300,31,134,278,1,-1,-1,-1
144,1,937,691,147,134,1,-1,-1,-1
144,3,916,590,269,172,1,-1,-1,-1
144,4,1655,470,221,143,1,-1,-1,-1
144,6,1799,302,112,212,1,-1,-1,-1
144,7,2314,-18,73,143,1,-1,-1,-1
144,11,2072,481,197,227,1,-1,-1,-1
144,12,1996,465,272,240,1,-1,-1,-1
144,13,1342,487,234,123,1,-1,-1,-1
144,14,2341,417,114,98,1,-1,-1,-1
144,17,940,699,145,122,1,-1,-1,-1
144,19,500,794,137,160,1,-1,-1,-1
144,20,732,719,190,164,1,-1,-1,-1
144,21,1651,422,104,116,1,-1,-1,-1
144,22,1742,35,78,122,1,-1,-1,-1
144,23,744,729,168,156,1,-1,-1,-1
144,24,1548,581,235,197,1,-1,-1,-1
144,25,1241,649,240,176,1,-1,-1,-1
144,26,500,811,123,145,1,-1,-1,-1
144,27,1600,155,80,228,1,-1,-1,-1
144,28,1821,553,248,175,1,-1,-1,-1
144,29,2080,552,107,160,1,-1,-1,-1
144,30,1089,628,68,148,1,-1,-1,-1
144,31,2150,410,148,284,1,-1,-1,-1
144,32,2289,399,124,200,1,-1,-1,-1
144,33,1908,522,287,198,1,-1,-1,-1
144,34,1092,582,96,176,1,-1,-1,-1
145,0,2300,31,134,278,1,-1,-1,-1
145,1,937,691,147,134,1,-1,-1,-1
145,3,916,590,269,172,1,-1,-1,-1
145,4,1655,470,221,143,1,-1,-1,-1
145,6,1799,302,112,212,1,-1,-1,-1
145,7,2314,-18,73,143,1,-1,-1,-1
145,11,2072,481,197,227,1,-1,-1,-1
145,12,1996,465,272,240,1,-1,-1,-1
145,13,1342,487,234,123,1,-1,-1,-1
145,14,2341,417,114,98,1,-1,-1,-1
145,17,940,699,145,122,1,-1,-1,-1
145,19,492,788,136,176,1,-1,-1,-1
145,20,732,719,190,164,1,-1,-1,-1
145,21,1651,422,104,116,1,-1,-1,-1
145,22,1742,35,78,122,1,-1,-1,-1
145,23,744,708,168,164,1,-1,-1,-1
145,24,1568,576,212,200,1,-1,-1,-1
145,25,1252,632,224,196,1,-1,-1,-1
145,26,500,811,123,145,1,-1,-1,-1
145,27,1580,168,92,192,1,-1,-1,-1
145,28,1821,553,248,175,1,-1,-1,-1
145,29,2076,540,148,168,1,-1,-1,-1
145,30,1089,628,68,148,1,-1,-1,-1
145,31,2150,410,148,284,1,-1,-1,-1
145,32,2289,399,124,200,1,-1,-1,-1
145,33,1908,522,287,198,1,-1,-1,-1
145,34,1092,582,96,176,1,-1,-1,-1
145,35,1184,528,140,212,1,-1,-1,-1
145,36,1544,400,112,232,1,-1,-1,-1
145,37,1804,472,348,280,1,-1,-1,-1
146,0,2296,28,141,292,1,-1,-1,-1
146,1,940,686,147,134,1,-1,-1,-1
146,3,904,585,269,172,1,-1,-1,-1
146,4,1656,477,210,136,1,-1,-1,-1
146,6,1795,303,107,202,1,-1,-1,-1
146,7,2319,-22,70,137,1,-1,-1,-1
146,11,2074,479,197,227,1,-1,-1,-1
146,12,2003,460,272,240,1,-1,-1,-1
146,13,1340,483,234,123,1,-1,-1,-1
146,14,2335,415,108,93,1,-1,-1,-1
146,17,943,695,145,122,1,-1,-1,-1
146,19,490,785,136,176,1,-1,-1,-1
146,20,725,713,190,164,1,-1,-1,-1
146,21,1649,414,104,116,1,-1,-1,-1
146,22,1738,30,78,122,1,-1,-1,-1
146,23,739,705,168,164,1,-1,-1,-1
146,24,1565,574,212,200,1,-1,-1,-1
146,25,1250,629,224,196,1,-1,-1,-1
146,26,500,806,123,145,1,-1,-1,-1
146,27,1578,168,92,192,1,-1,-1,-1
146,28,1821,547,260,184,1,-1,-1,-1
146,29,2075,537,148,168,1,-1,-1,-1
146,30,1074,622,71,155,1,-1,-1,-1
146,31,2147,406,148,284,1,-1,-1,-1
146,32,2285,393,124,200,1,-1,-1,-1
146,33,1911,521,273,189,1,-1,-1,-1
146,34,1084,572,96,176,1,-1,-1,-1
146,35,1179,526,140,212,1,-1,-1,-1
146,36,1541,397,112,232,1,-1,-1,-1
146,37,1803,469,348,280,1,-1,-1,-1
147,0,2291,20,148,306,1,-1,-1,-1
147,1,936,687,147,134,1,-1,-1,-1
147,3,906,586,256,164,1,-1,-1,-1
147,4,1661,474,221,143,1,-1,-1,-1
147,6,1789,297,112,212,1,-1,-1,-1
147,7,2318,-24,70,137,1,-1,-1,-1
147,11,2073,480,197,227,1,-1,-1,-1
147,12,2002,462,272,240,1,-1,-1,-1
147,13,1335,482,234,123,1,-1,-1,-1
147,14,2335,414,108,93,1,-1,-1,-1
147,17,943,696,145,122,1,-1,-1,-1
147,19,489,786,136,176,1,-1,-1,-1
147,20,724,713,190,164,1,-1,-1,-1
147,21,1653,416,99,111,1,-1,-1,-1
147,22,1736,30,78,122,1,-1,-1,-1
147,23,738,706,168,164,1,-1,-1,-1
147,24,1565,574,212,200,1,-1,-1,-1
147,25,1250,629,224,196,1,-1,-1,-1
147,26,499,805,123,145,1,-1,-1,-1
147,27,1576,166,92,192,1,-1,-1,-1
147,28,1817,542,260,184,1,-1,-1,-1
147,29,2075,537,148,168,1,-1,-1,-1
147,30,1072,621,71,155,1,-1,-1,-1
147,31,2147,403,148,284,1,-1,-1,-1
147,32,2285,394,124,200,1,-1,-1,-1
147,33,1913,520,273,189,1,-1,-1,-1
147,34,1082,569,101,185,1,-1,-1,-1
147,35,1179,525,140,212,1,-1,-1,-1
147,36,1540,397,112,232,1,-1,-1,-1
147,37,1799,469,348,280,1,-1,-1,-1
148,0,2282,8,155,322,1,-1,-1,-1
148,1,927,681,147,134,1,-1,-1,-1
148,3,900,586,256,164,1,-1,-1,-1
148,4,1664,460,210,136,1,-1,-1,-1
148,6,1768,290,118,223,1,-1,-1,-1
148,7,2305,-26,70,137,1,-1,-1,-1
148,11,2061,462,207,238,1,-1,-1,-1
148,12,1995,465,272,240,1,-1,-1,-1
148,13,1320,478,234,123,1,-1,-1,-1
148,14,2321,408,108,93,1,-1,-1,-1
148,17,930,691,145,122,1,-1,-1,-1
148,19,478,783,136,176,1,-1,-1,-1
148,20,707,707,190,164,1,-1,-1,-1
148,21,1641,407,99,111,1,-1,-1,-1
148,22,1723,26,81,128,1,-1,-1,-1
148,23,723,702,168,164,1,-1,-1,-1
148,24,1553,570,212,200,1,-1,-1,-1
148,25,1237,627,224,196,1,-1,-1,-1
148,26,488,802,123,145,1,-1,-1,-1
148,27,1560,161,92,192,1,-1,-1,-1
148,28,1811,539,260,184,1,-1,-1,-1
148,29,2063,535,148,168,1,-1,-1,-1
148,30,1058,616,71,155,1,-1,-1,-1
148,31,2146,410,141,270,1,-1,-1,-1
148,32,2267,390,124,200,1,-1,-1,-1
148,33,1905,521,273,189,1,-1,-1,-1
148,34,1065,565,101,185,1,-1,-1,-1
148,35,1168,525,133,202,1,-1,-1,-1
148,36,1525,393,112,232,1,-1,-1,-1
148,37,1790,470,348,280,1,-1,-1,-1
149,0,2271,2,163,338,1,-1,-1,-1
149,1,923,679,147,134,1,-1,-1,-1
149,3,892,584,256,164,1,-1,-1,-1
149,4,1661,456,210,136,1,-1,-1,-1
149,6,1756,290,118,223,1,-1,-1,-1
149,7,2296,-28,70,137,1,-1,-1,-1
149,11,2062,471,197,227,1,-1,-1,-1
149,12,1990,456,272,240,1,-1,-1,-1
149,13,1318,477,234,123,1,-1,-1,-1
149,14,2318,403,108,93,1,-1,-1,-1
149,17,926,689,145,122,1,-1,-1,-1
149,19,477,779,136,176,1,-1,-1,-1
149,20,705,703,190,164,1,-1,-1,-1
149,21,1634,404,99,111,1,-1,-1,-1
149,22,1715,23,81,128,1,-1,-1,-1
149,23,720,698,168,164,1,-1,-1,-1
149,24,1549,567,212,200,1,-1,-1,-1
149,25,1238,627,224,196,1,-1,-1,-1
149,26,487,801,123,145,1,-1,-1,-1
149,27,1556,158,92,192,1,-1,-1,-1
149,28,1807,541,260,184,1,-1,-1,-1
149,29,2062,530,148,168,1,-1,-1,-1
149,30,1048,613,71,155,1,-1,-1,-1
149,31,2153,406,141,270,1,-1,-1,-1
149,32,2265,386,124,200,1,-1,-1,-1
149,33,1909,520,273,189,1,-1,-1,-1
149,34,1062,562,101,185,1,-1,-1,-1
149,35,1162,524,133,202,1,-1,-1,-1
149,36,1521,389,112,232,1,-1,-1,-1
149,37,1777,468,348,280,1,-1,-1,-1
150,0,2261,0,163,338,1,-1,-1,-1
150,1,918,675,154,141,1,-1,-1,-1
150,3,898,591,244,156,1,-1,-1,-1
150,4,1652,457,210,136,1,-1,-1,-1
150,6,1754,286,118,223,1,-1,-1,-1
150,7,2291,-27,70,137,1,-1,-1,-1
150,11,2057,474,197,227,1,-1,-1,-1
150,12,1994,453,272,240,1,-1,-1,-1
150,13,1319,476,234,123,1,-1,-1,-1
150,14,2317,402,108,93,1,-1,-1,-1
150,17,926,687,145,122,1,-1,-1,-1
150,19,477,779,136,176,1,-1,-1,-1
150,20,705,702,190,164,1,-1,-1,-1
150,21,1632,404,99,111,1,-1,-1,-1
150,22,1714,24,81,128,1,-1,-1,-1
150,23,719,699,168,164,1,-1,-1,-1
150,24,1548,565,212,200,1,-1,-1,-1
150,25,1236,626,224,196,1,-1,-1,-1
150,26,488,800,123,145,1,-1,-1,-1
150,27,1553,158,92,192,1,-1,-1,-1
150,28,1811,535,260,184,1,-1,-1,-1
150,29,2063,530,148,168,1,-1,-1,-1
150,30,1048,615,71,155,1,-1,-1,-1
150,31,2150,409,134,258,1,-1,-1,-1
150,32,2265,385,124,200,1,-1,-1,-1
150,33,1909,520,260,180,1,-1,-1,-1
150,34,1060,559,101,185,1,-1,-1,-1
150,35,1159,523,133,202,1,-1,-1,-1
150,36,1520,389,112,232,1,-1,-1,-1
150,37,1775,471,348,280,1,-1,-1,-1
151,0,2248,0,163,338,1,-1,-1,-1
151,1,915,672,154,141,1,-1,-1,-1
151,3,898,577,244,156,1,-1,-1,-1
151,4,1643,454,210,136,1,-1,-1,-1
151,6,1754,281,118,223,1,-1,-1,-1
151,7,2283,-26,70,137,1,-1,-1,-1
151,11,2058,473,188,216,1,-1,-1,-1
151,12,1990,451,272,240,1,-1,-1,-1
151,13,1319,478,234,123,1,-1,-1,-1
151,14,2316,398,108,93,1,-1,-1,-1
151,17,921,683,145,122,1,-1,-1,-1
151,19,477,779,136,176,1,-1,-1,-1
151,20,702,701,190,164,1,-1,-1,-1
151,21,1629,395,99,111,1,-1,-1,-1
151,22,1706,11,86,135,1,-1,-1,-1
151,23,717,694,168,164,1,-1,-1,-1
151,24,1545,563,212,200,1,-1,-1,-1
151,25,1232,628,224,196,1,-1,-1,-1
151,26,488,799,123,145,1,-1,-1,-1
151,27,1547,156,92,192,1,-1,-1,-1
151,28,1816,541,248,175,1,-1,-1,-1
151,29,2061,526,148,168,1,-1,-1,-1
151,30,1043,611,71,155,1,-1,-1,-1
151,31,2152,411,134,258,1,-1,-1,-1
151,32,2261,382,124,200,1,-1,-1,-1
151,33,1909,516,260,180,1,-1,-1,-1
151,34,1055,565,101,185,1,-1,-1,-1
151,35,1149,520,140,212,1,-1,-1,-1
151,36,1519,393,107,221,1,-1,-1,-1
151,37,1778,462,348,280,1,-1,-1,-1
152,0,2242,-9,171,355,1,-1,-1,-1
152,1,912,668,154,141,1,-1,-1,-1
152,3,899,574,244,156,1,-1,-1,-1
152,4,1646,455,210,136,1,-1,-1,-1
152,6,1746,278,118,223,1,-1,-1,-1
152,7,2276,-31,70,137,1,-1,-1,-1
152,11,2055,475,188,216,1,-1,-1,-1
152,12,1980,444,286,252,1,-1,-1,-1
152,13,1323,478,223,118,1,-1,-1,-1
152,14,2315,385,108,93,1,-1,-1,-1
152,17,919,679,145,122,1,-1,-1,-1
152,19,477,777,136,176,1,-1,-1,-1
152,20,701,696,190,164,1,-1,-1,-1
152,21,1626,395,99,111,1,-1,-1,-1
152,22,1702,11,86,135,1,-1,-1,-1
152,23,716,690,168,164,1,-1,-1,-1
152,24,1545,561,212,200,1,-1,-1,-1
152,25,1230,626,224,196,1,-1,-1,-1
152,26,488,799,123,145,1,-1,-1,-1
152,27,1543,155,92,192,1,-1,-1,-1
152,28,1814,541,248,175,1,-1,-1,-1
152,29,2060,522,148,168,1,-1,-1,-1
152,30,1042,613,68,148,1,-1,-1,-1
152,31,2152,410,134,258,1,-1,-1,-1
152,32,2257,375,124,200,1,-1,-1,-1
152,33,1903,512,260,180,1,-1,-1,-1
152,34,1050,568,101,185,1,-1,-1,-1
152,35,1144,518,140,212,1,-1,-1,-1
152,36,1512,384,112,232,1,-1,-1,-1
152,37,1777,460,348,280,1,-1,-1,-1
153,0,2242,-9,171,355,1,-1,-1,-1
153,1,912,668,154,141,1,-1,-1,-1
153,3,899,574,244,156,1,-1,-1,-1
153,4,1646,455,210,136,1,-1,-1,-1
153,6,1746,278,118,223,1,-1,-1,-1
153,7,2276,-31,70,137,1,-1,-1,-1
153,11,2055,475,188,216,1,-1,-1,-1
153,12,1980,444,286,252,1,-1,-1,-1
153,13,1323,478,223,118,1,-1,-1,-1
153,14,2315,385,108,93,1,-1,-1,-1
153,17,916,676,132,132,1,-1,-1,-1
153,19,476,764,144,184,1,-1,-1,-1
153,20,701,696,190,164,1,-1,-1,-1
153,21,1626,395,99,111,1,-1,-1,-1
153,22,1702,11,86,135,1,-1,-1,-1
153,23,720,688,160,176,1,-1,-1,-1
153,24,1548,548,188,216,1,-1,-1,-1
153,25,1232,632,212,188,1,-1,-1,-1
153,26,488,799,123,145,1,-1,-1,-1
153,27,1543,155,92,192,1,-1,-1,-1
153,28,1788,512,284,228,1,-1,-1,-1
153,29,2060,522,148,168,1,-1,-1,-1
153,30,1042,613,68,148,1,-1,-1,-1
153,31,2152,410,134,258,1,-1,-1,-1
153,32,2257,375,124,200,1,-1,-1,-1
153,33,1903,512,260,180,1,-1,-1,-1
153,34,1050,568,101,185,1,-1,-1,-1
153,35,1144,524,176,192,1,-1,-1,-1
153,36,1512,384,112,232,1,-1,-1,-1
153,37,1777,460,348,280,1,-1,-1,-1
153,38,1684,276,148,152,1,-1,-1,-1
154,0,2245,-20,171,355,1,-1,-1,-1
154,1,904,664,154,141,1,-1,-1,-1
154,3,882,579,244,156,1,-1,-1,-1
154,4,1626,459,210,136,1,-1,-1,-1
154,6,1738,280,118,223,1,-1,-1,-1
154,7,2266,-30,70,137,1,-1,-1,-1
154,11,2051,474,188,216,1,-1,-1,-1
154,12,1985,448,272,240,1,-1,-1,-1
154,13,1318,479,223,118,1,-1,-1,-1
154,14,2312,370,108,93,1,-1,-1,-1
154,17,906,670,132,132,1,-1,-1,-1
154,19,472,762,144,184,1,-1,-1,-1
154,20,699,691,190,164,1,-1,-1,-1
154,21,1615,386,99,111,1,-1,-1,-1
154,22,1694,2,86,135,1,-1,-1,-1
154,23,716,684,160,176,1,-1,-1,-1
154,24,1541,548,188,216,1,-1,-1,-1
154,25,1227,632,212,188,1,-1,-1,-1
154,26,482,797,123,145,1,-1,-1,-1
154,27,1531,152,92,192,1,-1,-1,-1
154,28,1783,509,284,228,1,-1,-1,-1
154,29,2057,516,148,168,1,-1,-1,-1
154,30,1036,606,68,148,1,-1,-1,-1
154,31,2151,414,134,258,1,-1,-1,-1
154,32,2252,370,124,200,1,-1,-1,-1
154,33,1905,511,260,180,1,-1,-1,-1
154,34,1044,557,101,185,1,-1,-1,-1
154,35,1132,522,176,192,1,-1,-1,-1
154,36,1504,382,112,232,1,-1,-1,-1
154,37,1758,450,365,294,1,-1,-1,-1
154,38,1669,274,148,152,1,-1,-1,-1
155,0,2244,-6,163,338,1,-1,-1,-1
155,1,896,660,154,141,1,-1,-1,-1
155,3,877,576,244,156,1,-1,-1,-1
155,4,1620,461,210,136,1,-1,-1,-1
155,6,1727,282,118,223,1,-1,-1,-1
155,7,2257,-30,70,137,1,-1,-1,-1
155,11,2046,471,188,216,1,-1,-1,-1
155,12,1991,442,272,240,1,-1,-1,-1
155,13,1304,479,223,118,1,-1,-1,-1
155,14,2303,367,108,93,1,-1,-1,-1
155,17,900,668,132,132,1,-1,-1,-1
155,19,468,760,144,184,1,-1,-1,-1
155,20,692,691,190,164,1,-1,-1,-1
155,21,1608,387,99,111,1,-1,-1,-1
155,22,1687,0,86,135,1,-1,-1,-1
155,23,711,684,160,176,1,-1,-1,-1
155,24,1534,544,188,216,1,-1,-1,-1
155,25,1223,632,212,188,1,-1,-1,-1
155,26,475,797,123,145,1,-1,-1,-1
155,27,1519,149,92,192,1,-1,-1,-1
155,28,1776,508,284,228,1,-1,-1,-1
155,29,2050,512,155,176,1,-1,-1,-1
155,30,1029,607,68,148,1,-1,-1,-1
155,31,2147,413,134,258,1,-1,-1,-1
155,32,2248,370,124,200,1,-1,-1,-1
155,33,1892,507,260,180,1,-1,-1,-1
155,34,1037,564,96,176,1,-1,-1,-1
155,35,1123,520,176,192,1,-1,-1,-1
155,36,1497,386,107,221,1,-1,-1,-1
155,37,1756,448,365,294,1,-1,-1,-1
155,38,1659,272,148,152,1,-1,-1,-1
156,0,2242,0,163,338,1,-1,-1,-1
156,1,896,660,154,141,1,-1,-1,-1
156,3,875,578,244,156,1,-1,-1,-1
156,4,1613,458,210,136,1,-1,-1,-1
156,6,1715,273,123,234,1,-1,-1,-1
156,7,2254,-32,70,137,1,-1,-1,-1
156,11,2050,474,179,206,1,-1,-1,-1
156,12,1987,441,272,240,1,-1,-1,-1
156,13,1303,478,223,118,1,-1,-1,-1
156,14,2303,367,108,93,1,-1,-1,-1
156,17,901,668,132,132,1,-1,-1,-1
156,19,467,760,144,184,1,-1,-1,-1
156,20,692,690,190,164,1,-1,-1,-1
156,21,1607,389,99,111,1,-1,-1,-1
156,22,1687,3,81,128,1,-1,-1,-1
156,23,709,682,160,176,1,-1,-1,-1
156,24,1533,544,188,216,1,-1,-1,-1
156,25,1221,631,212,188,1,-1,-1,-1
156,26,475,799,123,145,1,-1,-1,-1
156,27,1517,144,97,202,1,-1,-1,-1
156,28,1776,509,284,228,1,-1,-1,-1
156,29,2051,512,155,176,1,-1,-1,-1
156,30,1027,604,71,155,1,-1,-1,-1
156,31,2141,413,134,258,1,-1,-1,-1
156,32,2249,368,124,200,1,-1,-1,-1
156,33,1894,505,260,180,1,-1,-1,-1
156,34,1035,563,96,176,1,-1,-1,-1
156,35,1123,521,176,192,1,-1,-1,-1
156,36,1495,385,107,221,1,-1,-1,-1
156,37,1756,447,365,294,1,-1,-1,-1
156,38,1659,272,148,152,1,-1,-1,-1
157,0,2241,15,155,322,1,-1,-1,-1
157,1,886,657,154,141,1,-1,-1,-1
157,3,866,575,244,156,1,-1,-1,-1
157,4,1616,462,200,130,1,-1,-1,-1
157,6,1700,267,123,234,1,-1,-1,-1
157,7,2242,-33,70,137,1,-1,-1,-1
157,11,2054,463,179,206,1,-1,-1,-1
157,12,1981,436,272,240,1,-1,-1,-1
157,13,1303,475,212,112,1,-1,-1,-1
157,14,2293,365,108,93,1,-1,-1,-1
157,17,890,664,132,132,1,-1,-1,-1
157,19,460,757,144,184,1,-1,-1,-1
157,20,687,687,190,164,1,-1,-1,-1
157,21,1597,377,99,111,1,-1,-1,-1
157,22,1674,1,86,135,1,-1,-1,-1
157,23,705,680,160,176,1,-1,-1,-1
157,24,1523,542,188,216,1,-1,-1,-1
157,25,1216,630,212,188,1,-1,-1,-1
157,26,468,797,123,145,1,-1,-1,-1
157,27,1507,151,92,192,1,-1,-1,-1
157,28,1769,506,284,228,1,-1,-1,-1
157,29,2047,501,155,176,1,-1,-1,-1
157,30,1020,601,71,155,1,-1,-1,-1
157,31,2129,404,134,258,1,-1,-1,-1
157,32,2237,370,124,200,1,-1,-1,-1
157,33,1889,499,260,180,1,-1,-1,-1
157,34,1022,556,96,176,1,-1,-1,-1
157,35,1109,521,176,192,1,-1,-1,-1
157,36,1487,384,107,221,1,-1,-1,-1
157,37,1746,445,365,294,1,-1,-1,-1
157,38,1643,270,148,152,1,-1,-1,-1
158,0,2235,7,163,338,1,-1,-1,-1
158,1,887,660,147,134,1,-1,-1,-1
158,3,861,577,244,156,1,-1,-1,-1
158,4,1612,456,200,130,1,-1,-1,-1
158,6,1694,264,123,234,1,-1,-1,-1
158,7,2236,-35,70,137,1,-1,-1,-1
158,11,2057,467,171,196,1,-1,-1,-1
158,12,1982,443,259,229,1,-1,-1,-1
158,13,1298,474,212,112,1,-1,-1,-1
158,14,2291,365,108,93,1,-1,-1,-1
158,17,891,667,126,126,1,-1,-1,-1
158,19,460,757,144,184,1,-1,-1,-1
158,20,686,685,190,164,1,-1,-1,-1
158,21,1595,374,99,111,1,-1,-1,-1
158,22,1670,2,86,135,1,-1,-1,-1
158,23,704,679,160,176,1,-1,-1,-1
158,24,1520,542,188,216,1,-1,-1,-1
158,25,1218,627,212,188,1,-1,-1,-1
158,26,466,797,123,145,1,-1,-1,-1
158,27,1502,152,92,192,1,-1,-1,-1
158,28,1767,504,284,228,1,-1,-1,-1
158,29,2048,504,148,168,1,-1,-1,-1
158,30,1015,604,71,155,1,-1,-1,-1
158,31,2120,400,141,270,1,-1,-1,-1
158,32,2238,369,124,200,1,-1,-1,-1
158,33,1887,498,260,180,1,-1,-1,-1
158,34,1016,555,96,176,1,-1,-1,-1
158,35,1100,516,185,202,1,-1,-1,-1
158,36,1479,379,112,232,1,-1,-1,-1
158,37,1745,442,365,294,1,-1,-1,-1
158,38,1636,269,148,152,1,-1,-1,-1
159,0,2225,-2,171,355,1,-1,-1,-1
159,1,887,660,147,134,1,-1,-1,-1
159,3,860,573,244,156,1,-1,-1,-1
159,4,1606,454,210,136,1,-1,-1,-1
159,6,1683,258,130,245,1,-1,-1,-1
159,7,2236,-30,66,130,1,-1,-1,-1
159,11,2059,467,171,196,1,-1,-1,-1
159,12,1986,445,259,229,1,-1,-1,-1
159,13,1297,473,212,112,1,-1,-1,-1
159,14,2290,364,108,93,1,-1,-1,-1
159,17,891,667,126,126,1,-1,-1,-1
159,19,460,758,144,184,1,-1,-1,-1
159,20,682,682,200,172,1,-1,-1,-1
159,21,1594,374,99,111,1,-1,-1,-1
159,22,1668,2,86,135,1,-1,-1,-1
159,23,704,679,160,176,1,-1,-1,-1
159,24,1520,541,188,216,1,-1,-1,-1
159,25,1218,626,212,188,1,-1,-1,-1
159,26,465,798,123,145,1,-1,-1,-1
159,27,1500,150,92,192,1,-1,-1,-1
159,28,1765,503,284,228,1,-1,-1,-1
159,29,2052,506,141,160,1,-1,-1,-1
159,30,1015,603,71,155,1,-1,-1,-1
159,31,2118,407,141,270,1,-1,-1,-1
159,32,2234,367,124,200,1,-1,-1,-1
159,33,1890,506,248,171,1,-1,-1,-1
159,34,1011,555,96,176,1,-1,-1,-1
159,35,1104,523,176,192,1,-1,-1,-1
159,36,1477,377,112,232,1,-1,-1,-1
159,37,1733,445,365,294,1,-1,-1,-1
159,38,1636,268,148,152,1,-1,-1,-1
160,0,2217,11,171,355,1,-1,-1,-1
160,1,881,663,140,128,1,-1,-1,-1
160,3,864,577,232,149,1,-1,-1,-1
160,4,1601,456,200,130,1,-1,-1,-1
160,6,1665,253,130,245,1,-1,-1,-1
160,7,2231,-31,66,130,1,-1,-1,-1
160,11,2052,466,171,196,1,-1,-1,-1
160,12,1990,451,247,218,1,-1,-1,-1
160,13,1293,472,212,112,1,-1,-1,-1
160,14,2283,363,108,93,1,-1,-1,-1
160,17,883,667,126,126,1,-1,-1,-1
160,19,458,758,144,184,1,-1,-1,-1
160,20,681,686,200,172,1,-1,-1,-1
160,21,1587,372,99,111,1,-1,-1,-1
160,22,1664,0,86,135,1,-1,-1,-1
160,23,703,679,160,176,1,-1,-1,-1
160,24,1518,547,179,206,1,-1,-1,-1
160,25,1217,625,212,188,1,-1,-1,-1
160,26,463,796,123,145,1,-1,-1,-1
160,27,1492,151,88,183,1,-1,-1,-1
160,28,1759,498,284,228,1,-1,-1,-1
160,29,2051,503,141,160,1,-1,-1,-1
160,30,1008,602,71,155,1,-1,-1,-1
160,31,2117,405,141,270,1,-1,-1,-1
160,32,2229,359,130,210,1,-1,-1,-1
160,33,1888,502,248,171,1,-1,-1,-1
160,34,1005,557,96,176,1,-1,-1,-1
160,35,1088,524,176,192,1,-1,-1,-1
160,36,1470,375,112,232,1,-1,-1,-1
160,37,1727,445,365,294,1,-1,-1,-1
160,38,1624,266,148,152,1,-1,-1,-1
161,0,2217,11,171,355,1,-1,-1,-1
161,1,881,663,140,128,1,-1,-1,-1
161,3,864,577,232,149,1,-1,-1,-1
161,4,1601,456,200,130,1,-1,-1,-1
161,6,1665,253,130,245,1,-1,-1,-1
161,7,2231,-31,66,130,1,-1,-1,-1
161,11,2052,466,171,196,1,-1,-1,-1
161,12,1990,451,247,218,1,-1,-1,-1
161,13,1293,472,212,112,1,-1,-1,-1
161,14,2283,363,108,93,1,-1,-1,-1
161,17,883,667,126,126,1,-1,-1,-1
161,19,448,744,180,196,1,-1,-1,-1
161,20,681,686,200,172,1,-1,-1,-1
161,21,1587,372,99,111,1,-1,-1,-1
161,22,1664,0,86,135,1,-1,-1,-1
161,23,700,668,152,184,1,-1,-1,-1
161,24,1520,592,144,156,1,-1,-1,-1
161,25,1220,628,196,180,1,-1,-1,-1
161,26,463,796,123,145,1,-1,-1,-1
161,27,1460,132,116,156,1,-1,-1,-1
161,28,1772,532,268,196,1,-1,-1,-1
161,29,2051,503,141,160,1,-1,-1,-1
161,30,1008,602,71,155,1,-1,-1,-1
161,31,2117,405,141,270,1,-1,-1,-1
161,32,2229,359,130,210,1,-1,-1,-1
161,33,1888,502,248,171,1,-1,-1,-1
161,34,1005,557,96,176,1,-1,-1,-1
161,35,1088,524,176,192,1,-1,-1,-1
161,36,1470,375,112,232,1,-1,-1,-1
161,37,1727,445,365,294,1,-1,-1,-1
161,38,1612,264,148,164,1,-1,-1,-1
162,0,2213,-14,171,355,1,-1,-1,-1
162,1,875,663,140,128,1,-1,-1,-1
162,3,854,578,232,149,1,-1,-1,-1
162,4,1596,458,200,130,1,-1,-1,-1
162,6,1648,238,130,245,1,-1,-1,-1
162,7,2225,-32,66,130,1,-1,-1,-1
162,11,2055,465,171,196,1,-1,-1,-1
162,12,1987,450,247,218,1,-1,-1,-1
162,13,1280,475,212,112,1,-1,-1,-1
162,14,2278,361,108,93,1,-1,-1,-1
162,17,876,667,126,126,1,-1,-1,-1
162,19,448,744,180,196,1,-1,-1,-1
162,20,680,682,200,172,1,-1,-1,-1
162,21,1585,374,95,106,1,-1,-1,-1
162,22,1656,-2,86,135,1,-1,-1,-1
162,23,700,668,152,184,1,-1,-1,-1
162,24,1520,592,144,156,1,-1,-1,-1
162,25,1220,628,196,180,1,-1,-1,-1
162,26,459,796,123,145,1,-1,-1,-1
162,27,1460,132,116,156,1,-1,-1,-1
162,28,1772,532,268,196,1,-1,-1,-1
162,29,2050,501,141,160,1,-1,-1,-1
162,30,1002,601,71,155,1,-1,-1,-1
162,31,2114,392,141,270,1,-1,-1,-1
162,32,2213,362,130,210,1,-1,-1,-1
162,33,1890,508,236,163,1,-1,-1,-1
162,34,995,554,96,176,1,-1,-1,-1
162,35,1081,529,168,183,1,-1,-1,-1
162,36,1461,372,112,232,1,-1,-1,-1
162,37,1741,448,348,280,1,-1,-1,-1
162,38,1612,264,148,164,1,-1,-1,-1
163,0,2202,-12,171,355,1,-1,-1,-1
163,1,862,667,140,128,1,-1,-1,-1
163,3,847,575,232,149,1,-1,-1,-1
163,4,1585,466,191,124,1,-1,-1,-1
163,6,1627,229,136,258,1,-1,-1,-1
163,7,2213,-31,66,130,1,-1,-1,-1
163,11,2047,462,171,196,1,-1,-1,-1
163,12,1984,447,247,218,1,-1,-1,-1
163,13,1278,471,212,112,1,-1,-1,-1
163,14,2270,358,108,93,1,-1,-1,-1
163,17,863,670,126,126,1,-1,-1,-1
163,19,445,746,180,196,1,-1,-1,-1
163,20,677,681,200,172,1,-1,-1,-1
163,21,1574,373,95,106,1,-1,-1,-1
163,22,1644,-1,86,135,1,-1,-1,-1
163,23,697,667,152,184,1,-1,-1,-1
163,24,1511,596,144,156,1,-1,-1,-1
163,25,1215,628,196,180,1,-1,-1,-1
163,26,450,792,130,152,1,-1,-1,-1
163,27,1447,130,116,156,1,-1,-1,-1
163,28,1768,531,268,196,1,-1,-1,-1
163,29,2045,500,141,160,1,-1,-1,-1
163,30,988,610,71,155,1,-1,-1,-1
163,31,2113,402,134,258,1,-1,-1,-1
163,32,2199,362,130,210,1,-1,-1,-1
163,33,1884,500,248,171,1,-1,-1,-1
163,34,986,565,96,176,1,-1,-1,-1
163,35,1065,529,168,183,1,-1,-1,-1
163,36,1451,367,118,244,1,-1,-1,-1
163,37,1738,452,331,267,1,-1,-1,-1
163,38,1598,265,148,164,1,-1,-1,-1
164,0,2196,-4,171,355,1,-1,-1,-1
164,1,858,670,140,128,1,-1,-1,-1
164,3,850,578,221,141,1,-1,-1,-1
164,4,1584,464,191,124,1,-1,-1,-1
164,6,1624,237,130,245,1,-1,-1,-1
164,7,2207,-30,66,130,1,-1,-1,-1
164,11,2046,464,171,196,1,-1,-1,-1
164,12,1976,445,247,218,1,-1,-1,-1
164,13,1277,471,202,107,1,-1,-1,-1
164,14,2268,357,108,93,1,-1,-1,-1
164,17,858,674,126,126,1,-1,-1,-1
164,19,443,747,180,196,1,-1,-1,-1
164,20,677,681,200,172,1,-1,-1,-1
164,21,1574,374,90,101,1,-1,-1,-1
164,22,1638,-1,86,135,1,-1,-1,-1
164,23,696,668,152,184,1,-1,-1,-1
164,24,1508,597,144,156,1,-1,-1,-1
164,25,1212,628,196,180,1,-1,-1,-1
164,26,448,796,130,152,1,-1,-1,-1
164,27,1442,131,116,156,1,-1,-1,-1
164,28,1766,534,268,196,1,-1,-1,-1
164,29,2044,502,141,160,1,-1,-1,-1
164,30,982,614,71,155,1,-1,-1,-1
164,31,2110,410,134,258,1,-1,-1,-1
164,32,2188,353,137,220,1,-1,-1,-1
164,33,1882,504,248,171,1,-1,-1,-1
164,34,980,562,96,176,1,-1,-1,-1
164,35,1058,534,168,183,1,-1,-1,-1
164,36,1446,366,118,244,1,-1,-1,-1
164,37,1719,457,331,267,1,-1,-1,-1
164,38,1593,264,148,164,1,-1,-1,-1
165,0,2193,-7,171,355,1,-1,-1,-1
165,1,858,670,140,128,1,-1,-1,-1
165,3,848,580,221,141,1,-1,-1,-1
165,4,1582,462,191,124,1,-1,-1,-1
165,6,1624,241,123,234,1,-1,-1,-1
165,7,2205,-29,66,130,1,-1,-1,-1
165,11,2047,463,171,196,1,-1,-1,-1
165,12,1977,448,247,218,1,-1,-1,-1
165,13,1273,475,202,107,1,-1,-1,-1
165,14,2267,358,108,93,1,-1,-1,-1
165,17,861,676,120,120,1,-1,-1,-1
165,19,447,752,171,187,1,-1,-1,-1
165,20,678,683,200,172,1,-1,-1,-1
165,21,1573,374,90,101,1,-1,-1,-1
165,22,1636,-4,86,135,1,-1,-1,-1
165,23,696,670,152,184,1,-1,-1,-1
165,24,1507,598,144,156,1,-1,-1,-1
165,25,1212,629,196,180,1,-1,-1,-1
165,26,448,797,130,152,1,-1,-1,-1
165,27,1442,131,116,156,1,-1,-1,-1
165,28,1764,532,268,196,1,-1,-1,-1
165,29,2041,501,141,160,1,-1,-1,-1
165,30,982,612,71,155,1,-1,-1,-1
165,31,2110,409,141,270,1,-1,-1,-1
165,32,2190,351,137,220,1,-1,-1,-1
165,33,1881,502,248,171,1,-1,-1,-1
165,34,981,561,91,168,1,-1,-1,-1
165,35,1058,534,168,183,1,-1,-1,-1
165,36,1443,366,118,244,1,-1,-1,-1
165,37,1722,456,331,267,1,-1,-1,-1
165,38,1592,265,148,164,1,-1,-1,-1
166,0,2196,0,163,338,1,-1,-1,-1
166,1,854,673,133,122,1,-1,-1,-1
166,3,833,576,232,149,1,-1,-1,-1
166,4,1574,461,191,124,1,-1,-1,-1
166,6,1620,247,123,234,1,-1,-1,-1
166,7,2197,-27,66,130,1,-1,-1,-1
166,11,2043,462,171,196,1,-1,-1,-1
166,12,1979,447,247,218,1,-1,-1,-1
166,13,1275,474,192,102,1,-1,-1,-1
166,14,2259,358,108,93,1,-1,-1,-1
166,17,855,677,120,120,1,-1,-1,-1
166,19,446,752,171,187,1,-1,-1,-1
166,20,676,681,200,172,1,-1,-1,-1
166,21,1567,368,90,101,1,-1,-1,-1
166,22,1632,-3,86,135,1,-1,-1,-1
166,23,695,667,152,184,1,-1,-1,-1
166,24,1501,598,144,156,1,-1,-1,-1
166,25,1210,628,196,180,1,-1,-1,-1
166,26,445,795,130,152,1,-1,-1,-1
166,27,1431,128,116,156,1,-1,-1,-1
166,28,1763,535,268,196,1,-1,-1,-1
166,29,2043,501,141,160,1,-1,-1,-1
166,30,978,598,71,155,1,-1,-1,-1
166,31,2105,406,141,270,1,-1,-1,-1
166,32,2185,348,137,220,1,-1,-1,-1
166,33,1874,497,260,180,1,-1,-1,-1
166,34,976,563,91,168,1,-1,-1,-1
166,35,1049,529,176,192,1,-1,-1,-1
166,36,1437,372,112,232,1,-1,-1,-1
166,37,1719,460,316,254,1,-1,-1,-1
166,38,1580,266,148,164,1,-1,-1,-1
167,0,2193,-3,163,338,1,-1,-1,-1
167,1,852,673,133,122,1,-1,-1,-1
167,3,828,577,232,149,1,-1,-1,-1
167,4,1566,459,200,130,1,-1,-1,-1
167,6,1617,252,118,223,1,-1,-1,-1
167,7,2194,-27,66,130,1,-1,-1,-1
167,11,2039,462,171,196,1,-1,-1,-1
167,12,1978,447,247,218,1,-1,-1,-1
167,13,1273,473,192,102,1,-1,-1,-1
167,14,2257,355,108,93,1,-1,-1,-1
167,17,853,677,120,120,1,-1,-1,-1
167,19,445,753,171,187,1,-1,-1,-1
167,20,675,678,200,172,1,-1,-1,-1
167,21,1563,364,90,101,1,-1,-1,-1
167,22,1627,-2,86,135,1,-1,-1,-1
167,23,696,665,152,184,1,-1,-1,-1
167,24,1498,597,144,156,1,-1,-1,-1
167,25,1209,629,196,180,1,-1,-1,-1
167,26,443,794,130,152,1,-1,-1,-1
167,27,1427,129,116,156,1,-1,-1,-1
167,28,1761,534,268,196,1,-1,-1,-1
167,29,2041,501,141,160,1,-1,-1,-1
167,30,977,598,75,163,1,-1,-1,-1
167,31,2094,409,141,270,1,-1,-1,-1
167,32,2185,350,137,220,1,-1,-1,-1
167,33,1872,495,260,180,1,-1,-1,-1
167,34,976,559,96,176,1,-1,-1,-1
167,35,1044,527,176,192,1,-1,-1,-1
167,36,1432,375,112,232,1,-1,-1,-1
167,37,1725,462,316,254,1,-1,-1,-1
167,38,1575,266,148,164,1,-1,-1,-1
168,0,2187,-7,163,338,1,-1,-1,-1
168,1,851,673,133,122,1,-1,-1,-1
168,3,821,577,232,149,1,-1,-1,-1
168,4,1560,460,200,130,1,-1,-1,-1
168,6,1612,253,118,223,1,-1,-1,-1
168,7,2190,-28,66,130,1,-1,-1,-1
168,11,2043,466,162,187,1,-1,-1,-1
168,12,1985,451,235,207,1,-1,-1,-1
168,13,1274,468,192,102,1,-1,-1,-1
168,14,2257,354,108,93,1,-1,-1,-1
168,17,852,677,120,120,1,-1,-1,-1
168,19,444,752,171,187,1,-1,-1,-1
168,20,675,677,200,172,1,-1,-1,-1
168,21,1561,360,90,101,1,-1,-1,-1
168,22,1624,-4,86,135,1,-1,-1,-1
168,23,695,663,152,184,1,-1,-1,-1
168,24,1498,599,137,149,1,-1,-1,-1
168,25,1211,628,196,180,1,-1,-1,-1
168,26,443,794,130,152,1,-1,-1,-1
168,27,1423,128,116,156,1,-1,-1,-1
168,28,1760,534,268,196,1,-1,-1,-1
168,29,2042,498,141,160,1,-1,-1,-1
168,30,978,605,71,155,1,-1,-1,-1
168,31,2093,415,134,258,1,-1,-1,-1
168,32,2185,345,137,220,1,-1,-1,-1
168,33,1873,492,260,180,1,-1,-1,-1
168,34,978,560,96,176,1,-1,-1,-1
168,35,1039,529,176,192,1,-1,-1,-1
168,36,1432,379,107,221,1,-1,-1,-1
168,37,1702,454,331,267,1,-1,-1,-1
168,38,1571,265,148,164,1,-1,-1,-1
169,0,2187,-7,163,338,1,-1,-1,-1
169,1,851,673,133,122,1,-1,-1,-1
169,3,821,577,232,149,1,-1,-1,-1
169,4,1560,460,200,130,1,-1,-1,-1
169,6,1612,253,118,223,1,-1,-1,-1
169,7,2190,-28,66,130,1,-1,-1,-1
169,11,2043,466,162,187,1,-1,-1,-1
169,13,1274,468,192,102,1,-1,-1,-1
169,14,2257,354,108,93,1,-1,-1,-1
169,17,852,677,120,120,1,-1,-1,-1
169,19,440,752,192,184,1,-1,-1,-1
169,20,675,677,200,172,1,-1,-1,-1
169,21,1561,360,90,101,1,-1,-1,-1
169,22,1624,-4,86,135,1,-1,-1,-1
169,23,696,656,164,196,1,-1,-1,-1
169,24,1496,568,212,188,1,-1,-1,-1
169,25,1220,628,184,176,1,-1,-1,-1
169,26,443,794,130,152,1,-1,-1,-1
169,27,1404,132,128,204,1,-1,-1,-1
169,28,1776,508,280,224,1,-1,-1,-1
169,29,2042,498,141,160,1,-1,-1,-1
169,30,978,605,71,155,1,-1,-1,-1
169,31,2093,415,134,258,1,-1,-1,-1
169,32,2185,345,137,220,1,-1,-1,-1
169,33,1873,492,260,180,1,-1,-1,-1
169,34,978,560,96,176,1,-1,-1,-1
169,35,1039,529,176,192,1,-1,-1,-1
169,36,1432,379,107,221,1,-1,-1,-1
169,37,1702,454,331,267,1,-1,-1,-1
169,38,1571,265,148,164,1,-1,-1,-1
169,39,1284,320,144,240,1,-1,-1,-1
169,40,1096,496,152,200,1,-1,-1,-1
170,0,2182,-10,163,338,1,-1,-1,-1
170,1,848,673,133,122,1,-1,-1,-1
170,3,826,577,221,141,1,-1,-1,-1
170,4,1548,458,210,136,1,-1,-1,-1
170,6,1608,264,112,212,1,-1,-1,-1
170,7,2185,-28,66,130,1,-1,-1,-1
170,11,2044,466,162,187,1,-1,-1,-1
170,13,1274,467,192,102,1,-1,-1,-1
170,14,2252,352,108,93,1,-1,-1,-1
170,17,848,678,120,120,1,-1,-1,-1
170,19,439,754,192,184,1,-1,-1,-1
170,20,675,679,200,172,1,-1,-1,-1
170,21,1557,357,90,101,1,-1,-1,-1
170,22,1618,-3,86,135,1,-1,-1,-1
170,23,694,657,164,196,1,-1,-1,-1
170,24,1495,570,212,188,1,-1,-1,-1
170,25,1220,630,184,176,1,-1,-1,-1
170,26,442,792,130,152,1,-1,-1,-1
170,27,1402,135,128,204,1,-1,-1,-1
170,28,1783,515,267,213,1,-1,-1,-1
170,29,2044,495,141,160,1,-1,-1,-1
170,30,975,604,71,155,1,-1,-1,-1
170,31,2089,441,128,245,1,-1,-1,-1
170,32,2187,338,137,220,1,-1,-1,-1
170,33,1875,493,260,180,1,-1,-1,-1
170,34,978,559,96,176,1,-1,-1,-1
170,35,1033,531,176,192,1,-1,-1,-1
170,36,1427,379,107,221,1,-1,-1,-1
170,37,1693,456,331,267,1,-1,-1,-1
170,38,1563,273,141,156,1,-1,-1,-1
170,39,1287,325,137,229,1,-1,-1,-1
170,40,1095,499,152,200,1,-1,-1,-1
171,0,2173,-14,171,355,1,-1,-1,-1
171,1,845,672,133,122,1,-1,-1,-1
171,3,820,579,221,141,1,-1,-1,-1
171,4,1540,456,221,143,1,-1,-1,-1
171,6,1602,261,112,212,1,-1,-1,-1
171,7,2181,-28,66,130,1,-1,-1,-1
171,11,2048,468,155,178,1,-1,-1,-1
171,13,1276,472,183,97,1,-1,-1,-1
171,14,2251,352,108,93,1,-1,-1,-1
171,17,846,677,120,120,1,-1,-1,-1
171,19,438,755,192,184,1,-1,-1,-1
171,20,676,678,200,172,1,-1,-1,-1
171,21,1554,355,90,101,1,-1,-1,-1
171,22,1612,-5,90,142,1,-1,-1,-1
171,23,694,658,164,196,1,-1,-1,-1
171,24,1494,571,212,188,1,-1,-1,-1
171,25,1222,632,184,176,1,-1,-1,-1
171,26,442,789,130,152,1,-1,-1,-1
171,27,1400,135,128,204,1,-1,-1,-1
171,28,1782,515,267,213,1,-1,-1,-1
171,29,2046,493,141,160,1,-1,-1,-1
171,30,974,604,71,155,1,-1,-1,-1
171,31,2085,435,134,258,1,-1,-1,-1
171,32,2190,336,137,220,1,-1,-1,-1
171,33,1886,495,248,171,1,-1,-1,-1
171,34,978,557,96,176,1,-1,-1,-1
171,35,1022,526,185,202,1,-1,-1,-1
171,36,1420,382,107,221,1,-1,-1,-1
171,37,1693,456,348,280,1,-1,-1,-1
171,38,1562,272,141,156,1,-1,-1,-1
171,39,1286,329,137,229,1,-1,-1,-1
171,40,1093,499,152,200,1,-1,-1,-1
172,0,2164,-9,171,355,1,-1,-1,-1
172,1,844,671,133,122,1,-1,-1,-1
172,3,829,585,211,135,1,-1,-1,-1
172,4,1533,458,221,143,1,-1,-1,-1
172,6,1597,256,118,223,1,-1,-1,-1
172,7,2179,-27,66,130,1,-1,-1,-1
172,11,2049,468,155,178,1,-1,-1,-1
172,13,1280,476,174,92,1,-1,-1,-1
172,14,2248,351,108,93,1,-1,-1,-1
172,17,845,677,120,120,1,-1,-1,-1
172,19,440,752,192,184,1,-1,-1,-1
172,20,680,676,200,172,1,-1,-1,-1
172,21,1552,355,90,101,1,-1,-1,-1
172,22,1609,-6,90,142,1,-1,-1,-1
172,23,694,659,164,196,1,-1,-1,-1
172,24,1494,572,212,188,1,-1,-1,-1
172,25,1223,632,184,176,1,-1,-1,-1
172,26,443,788,130,152,1,-1,-1,-1
172,27,1398,136,128,204,1,-1,-1,-1
172,28,1774,511,280,224,1,-1,-1,-1
172,29,2047,492,141,160,1,-1,-1,-1
172,30,973,603,71,155,1,-1,-1,-1
172,31,2077,426,141,270,1,-1,-1,-1
172,32,2188,331,137,220,1,-1,-1,-1
172,33,1887,492,248,171,1,-1,-1,-1
172,34,976,550,101,185,1,-1,-1,-1
172,35,1021,525,185,202,1,-1,-1,-1
172,36,1420,384,107,221,1,-1,-1,-1
172,37,1697,447,365,294,1,-1,-1,-1
172,38,1559,271,141,156,1,-1,-1,-1
172,39,1285,329,137,229,1,-1,-1,-1
172,40,1091,499,152,200,1,-1,-1,-1
173,0,2164,-12,171,355,1,-1,-1,-1
173,1,843,671,133,122,1,-1,-1,-1
173,3,825,587,211,135,1,-1,-1,-1
173,4,1528,461,221,143,1,-1,-1,-1
173,6,1595,261,112,212,1,-1,-1,-1
173,7,2176,-28,66,130,1,-1,-1,-1
173,11,2051,463,155,178,1,-1,-1,-1
173,13,1278,476,174,92,1,-1,-1,-1
173,14,2244,350,108,93,1,-1,-1,-1
173,17,843,677,120,120,1,-1,-1,-1
173,19,440,751,192,184,1,-1,-1,-1
173,20,682,681,190,164,1,-1,-1,-1
173,21,1547,350,90,101,1,-1,-1,-1
173,22,1606,-6,90,142,1,-1,-1,-1
173,23,694,660,164,196,1,-1,-1,-1
173,24,1492,570,212,188,1,-1,-1,-1
173,25,1224,631,184,176,1,-1,-1,-1
173,26,442,784,130,152,1,-1,-1,-1
173,27,1391,137,128,204,1,-1,-1,-1
173,28,1774,512,280,224,1,-1,-1,-1
173,29,2050,488,141,160,1,-1,-1,-1
173,30,972,602,71,155,1,-1,-1,-1
173,31,2079,427,134,258,1,-1,-1,-1
173,32,2182,333,137,220,1,-1,-1,-1
173,33,1884,486,260,180,1,-1,-1,-1
173,34,974,542,106,194,1,-1,-1,-1
173,35,1019,530,176,192,1,-1,-1,-1
173,36,1417,384,107,221,1,-1,-1,-1
173,37,1694,454,348,280,1,-1,-1,-1
173,38,1555,268,141,156,1,-1,-1,-1
173,39,1287,336,131,218,1,-1,-1,-1
173,40,1090,498,152,200,1,-1,-1,-1
174,0,2166,-4,163,338,1,-1,-1,-1
174,1,840,671,133,122,1,-1,-1,-1
174,3,824,587,211,135,1,-1,-1,-1
174,4,1523,462,221,143,1,-1,-1,-1
174,6,1586,256,118,223,1,-1,-1,-1
174,7,2173,-27,66,130,1,-1,-1,-1
174,11,2052,463,155,178,1,-1,-1,-1
174,13,1275,476,174,92,1,-1,-1,-1
174,14,2239,349,108,93,1,-1,-1,-1
174,17,840,676,120,120,1,-1,-1,-1
174,19,443,754,183,175,1,-1,-1,-1
174,20,681,682,190,164,1,-1,-1,-1
174,21,1542,350,90,101,1,-1,-1,-1
174,22,1602,2,90,142,1,-1,-1,-1
174,23,698,667,156,187,1,-1,-1,-1
174,24,1491,571,212,188,1,-1,-1,-1
174,25,1222,633,184,176,1,-1,-1,-1
174,26,442,783,130,152,1,-1,-1,-1
174,27,1387,139,128,204,1,-1,-1,-1
174,28,1770,510,280,224,1,-1,-1,-1
174,29,2050,491,141,160,1,-1,-1,-1
174,30,970,603,71,155,1,-1,-1,-1
174,31,2064,427,134,258,1,-1,-1,-1
174,32,2182,328,137,220,1,-1,-1,-1
174,33,1883,485,260,180,1,-1,-1,-1
174,34,974,541,106,194,1,-1,-1,-1
174,35,1017,532,168,183,1,-1,-1,-1
174,36,1413,384,107,221,1,-1,-1,-1
174,37,1685,456,348,280,1,-1,-1,-1
174,38,1556,271,134,149,1,-1,-1,-1
174,39,1284,337,131,218,1,-1,-1,-1
174,40,1088,499,152,200,1,-1,-1,-1
175,0,2162,-3,163,338,1,-1,-1,-1
175,1,838,670,133,122,1,-1,-1,-1
175,3,819,588,211,135,1,-1,-1,-1
175,4,1521,465,221,143,1,-1,-1,-1
175,6,1580,255,118,223,1,-1,-1,-1
175,7,2170,-28,66,130,1,-1,-1,-1
175,11,2051,466,155,178,1,-1,-1,-1
175,13,1274,477,174,92,1,-1,-1,-1
175,14,2236,349,108,93,1,-1,-1,-1
175,17,837,675,120,120,1,-1,-1,-1
175,19,442,752,183,175,1,-1,-1,-1
175,20,679,684,190,164,1,-1,-1,-1
175,21,1539,347,90,101,1,-1,-1,-1
175,22,1599,1,90,142,1,-1,-1,-1
175,23,697,666,156,187,1,-1,-1,-1
175,24,1484,565,223,197,1,-1,-1,-1
175,25,1222,633,184,176,1,-1,-1,-1
175,26,440,777,136,160,1,-1,-1,-1
175,27,1384,138,128,204,1,-1,-1,-1
175,28,1770,509,280,224,1,-1,-1,-1
175,29,2047,491,141,160,1,-1,-1,-1
175,30,969,602,71,155,1,-1,-1,-1
175,31,2052,430,134,258,1,-1,-1,-1
175,32,2181,323,137,220,1,-1,-1,-1
175,33,1881,484,260,180,1,-1,-1,-1
175,34,971,538,111,204,1,-1,-1,-1
175,35,1011,531,168,183,1,-1,-1,-1
175,36,1410,381,107,221,1,-1,-1,-1
175,37,1691,451,348,280,1,-1,-1,-1
175,38,1551,271,134,149,1,-1,-1,-1
175,39,1283,337,131,218,1,-1,-1,-1
175,40,1085,496,152,200,1,-1,-1,-1
176,0,2157,-9,163,338,1,-1,-1,-1
176,1,839,672,127,116,1,-1,-1,-1
176,3,817,585,211,135,1,-1,-1,-1
176,4,1517,463,221,143,1,-1,-1,-1
176,6,1579,258,112,212,1,-1,-1,-1
176,7,2167,-30,66,130,1,-1,-1,-1
176,11,2050,468,147,169,1,-1,-1,-1
176,13,1274,475,174,92,1,-1,-1,-1
176,14,2233,348,108,93,1,-1,-1,-1
176,17,837,675,120,120,1,-1,-1,-1
176,19,441,750,183,175,1,-1,-1,-1
176,20,677,686,190,164,1,-1,-1,-1
176,21,1534,341,90,101,1,-1,-1,-1
176,22,1596,-1,90,142,1,-1,-1,-1
176,23,694,666,156,187,1,-1,-1,-1
176,24,1489,570,212,188,1,-1,-1,-1
176,25,1222,633,184,176,1,-1,-1,-1
176,26,441,776,136,160,1,-1,-1,-1
176,27,1385,143,122,194,1,-1,-1,-1
176,28,1770,507,280,224,1,-1,-1,-1
176,29,2047,491,141,160,1,-1,-1,-1
176,30,967,601,71,155,1,-1,-1,-1
176,31,2033,436,128,245,1,-1,-1,-1
176,32,2181,320,137,220,1,-1,-1,-1
176,33,1883,483,260,180,1,-1,-1,-1
176,34,968,539,111,204,1,-1,-1,-1
176,35,1009,531,168,183,1,-1,-1,-1
176,36,1405,378,112,232,1,-1,-1,-1
176,37,1687,463,331,267,1,-1,-1,-1
176,38,1545,270,134,149,1,-1,-1,-1
176,39,1280,334,131,218,1,-1,-1,-1
176,40,1084,496,152,200,1,-1,-1,-1
177,1,839,672,127,116,1,-1,-1,-1
177,3,817,585,211,135,1,-1,-1,-1
177,4,1517,463,221,143,1,-1,-1,-1
177,6,1579,258,112,212,1,-1,-1,-1
177,11,2050,468,147,169,1,-1,-1,-1
177,13,1274,475,174,92,1,-1,-1,-1
177,17,837,675,120,120,1,-1,-1,-1
177,19,428,748,188,184,1,-1,-1,-1
177,20,677,686,190,164,1,-1,-1,-1
177,21,1534,341,90,101,1,-1,-1,-1
177,22,1596,-1,90,142,1,-1,-1,-1
177,23,692,676,168,168,1,-1,-1,-1
177,24,1492,588,212,168,1,-1,-1,-1
177,25,1216,632,204,176,1,-1,-1,-1
177,26,441,776,136,160,1,-1,-1,-1
177,27,1385,143,122,194,1,-1,-1,-1
177,28,1772,504,276,228,1,-1,-1,-1
177,29,2047,491,141,160,1,-1,-1,-1
177,30,967,601,71,155,1,-1,-1,-1
177,31,2033,436,128,245,1,-1,-1,-1
177,32,2181,320,137,220,1,-1,-1,-1
177,33,1883,483,260,180,1,-1,-1,-1
177,34,968,539,111,204,1,-1,-1,-1
177,35,1009,531,168,183,1,-1,-1,-1
177,36,1408,392,104,212,1,-1,-1,-1
177,37,1687,463,331,267,1,-1,-1,-1
177,38,1545,270,134,149,1,-1,-1,-1
177,39,1324,324,92,244,1,-1,-1,-1
177,40,1092,492,156,200,1,-1,-1,-1
178,1,833,674,127,116,1,-1,-1,-1
178,3,813,589,201,128,1,-1,-1,-1
178,4,1513,464,210,136,1,-1,-1,-1
178,6,1572,256,112,212,1,-1,-1,-1
178,11,2049,468,147,169,1,-1,-1,-1
178,13,1272,475,166,88,1,-1,-1,-1
178,17,830,674,120,120,1,-1,-1,-1
178,19,427,748,188,184,1,-1,-1,-1
178,20,668,685,190,164,1,-1,-1,-1
178,21,1523,334,90,101,1,-1,-1,-1
178,22,1591,-2,90,142,1,-1,-1,-1
178,23,688,677,168,168,1,-1,-1,-1
178,24,1488,588,212,168,1,-1,-1,-1
178,25,1216,633,204,176,1,-1,-1,-1
178,26,443,778,136,160,1,-1,-1,-1
178,27,1377,142,122,194,1,-1,-1,-1
178,28,1776,511,263,217,1,-1,-1,-1
178,29,2045,491,141,160,1,-1,-1,-1
178,30,960,597,75,163,1,-1,-1,-1
178,31,2018,430,128,245,1,-1,-1,-1
178,32,2172,317,144,232,1,-1,-1,-1
178,33,1880,485,260,180,1,-1,-1,-1
178,34,963,540,111,204,1,-1,-1,-1
178,35,1002,534,168,183,1,-1,-1,-1
178,36,1406,394,104,212,1,-1,-1,-1
178,37,1675,459,348,280,1,-1,-1,-1
178,38,1535,266,134,149,1,-1,-1,-1
178,39,1323,325,92,244,1,-1,-1,-1
178,40,1089,494,156,200,1,-1,-1,-1
179,1,833,673,127,116,1,-1,-1,-1
179,3,812,592,201,128,1,-1,-1,-1
179,4,1502,465,221,143,1,-1,-1,-1
179,6,1564,253,112,212,1,-1,-1,-1
179,11,2051,468,147,169,1,-1,-1,-1
179,13,1271,474,166,88,1,-1,-1,-1
179,17,830,675,120,120,1,-1,-1,-1
179,19,427,748,188,184,1,-1,-1,-1
179,20,665,685,190,164,1,-1,-1,-1
179,21,1520,334,90,101,1,-1,-1,-1
179,22,1587,-2,90,142,1,-1,-1,-1
179,23,686,677,168,168,1,-1,-1,-1
179,24,1487,589,212,168,1,-1,-1,-1
179,25,1215,634,204,176,1,-1,-1,-1
179,26,444,776,136,160,1,-1,-1,-1
179,27,1372,140,122,194,1,-1,-1,-1
179,28,1778,510,263,217,1,-1,-1,-1
179,29,2046,489,141,160,1,-1,-1,-1
179,30,958,597,75,163,1,-1,-1,-1
179,31,2017,430,122,234,1,-1,-1,-1
179,32,2114,381,137,220,1,-1,-1,-1
179,33,1883,490,248,171,1,-1,-1,-1
179,34,963,544,106,194,1,-1,-1,-1
179,35,998,535,168,183,1,-1,-1,-1
179,36,1403,394,104,212,1,-1,-1,-1
179,37,1680,460,348,280,1,-1,-1,-1
179,38,1532,266,134,149,1,-1,-1,-1
179,39,1322,322,92,244,1,-1,-1,-1
179,40,1089,494,156,200,1,-1,-1,-1
180,1,832,672,127,116,1,-1,-1,-1
180,3,807,592,201,128,1,-1,-1,-1
180,4,1499,466,221,143,1,-1,-1,-1
180,6,1561,249,118,223,1,-1,-1,-1
180,11,2048,463,147,169,1,-1,-1,-1
180,13,1265,468,174,92,1,-1,-1,-1
180,17,830,676,120,120,1,-1,-1,-1
180,19,426,746,188,184,1,-1,-1,-1
180,20,662,685,190,164,1,-1,-1,-1
180,21,1518,334,90,101,1,-1,-1,-1
180,22,1584,-4,90,142,1,-1,-1,-1
180,23,684,675,168,168,1,-1,-1,-1
180,24,1488,587,212,168,1,-1,-1,-1
180,25,1215,633,204,176,1,-1,-1,-1
180,26,443,778,136,160,1,-1,-1,-1
180,27,1368,137,128,204,1,-1,-1,-1
180,28,1770,503,276,228,1,-1,-1,-1
180,29,2044,485,141,160,1,-1,-1,-1
180,30,954,598,75,163,1,-1,-1,-1
180,31,2017,431,122,234,1,-1,-1,-1
180,32,2116,387,130,210,1,-1,-1,-1
180,33,1879,485,260,180,1,-1,-1,-1
180,34,961,546,106,194,1,-1,-1,-1
180,35,994,541,160,174,1,-1,-1,-1
180,36,1401,394,104,212,1,-1,-1,-1
180,37,1673,459,348,280,1,-1,-1,-1
180,38,1532,263,128,142,1,-1,-1,-1
180,39,1321,320,92,244,1,-1,-1,-1
180,40,1087,493,156,200,1,-1,-1,-1
181,1,832,672,127,116,1,-1,-1,-1
181,3,810,593,191,122,1,-1,-1,-1
181,4,1492,466,221,143,1,-1,-1,-1
181,6,1556,248,118,223,1,-1,-1,-1
181,11,2050,461,147,169,1,-1,-1,-1
181,13,1266,469,166,88,1,-1,-1,-1
181,17,829,675,120,120,1,-1,-1,-1
181,19,424,750,188,184,1,-1,-1,-1
181,20,659,686,190,164,1,-1,-1,-1
181,21,1513,334,90,101,1,-1,-1,-1
181,22,1583,-3,90,142,1,-1,-1,-1
181,23,681,676,168,168,1,-1,-1,-1
181,24,1488,587,212,168,1,-1,-1,-1
181,25,1214,633,204,176,1,-1,-1,-1
181,26,443,778,136,160,1,-1,-1,-1
181,27,1365,136,128,204,1,-1,-1,-1
181,28,1774,509,263,217,1,-1,-1,-1
181,29,2043,484,141,160,1,-1,-1,-1
181,30,950,596,75,163,1,-1,-1,-1
181,31,2012,432,122,234,1,-1,-1,-1
181,32,2115,386,130,210,1,-1,-1,-1
181,33,1870,481,273,189,1,-1,-1,-1
181,34,956,548,106,194,1,-1,-1,-1
181,35,994,547,152,166,1,-1,-1,-1
181,36,1398,392,104,212,1,-1,-1,-1
181,37,1675,462,348,280,1,-1,-1,-1
181,38,1528,266,122,135,1,-1,-1,-1
181,39,1320,320,92,244,1,-1,-1,-1
181,40,1085,493,156,200,1,-1,-1,-1
182,1,831,673,127,116,1,-1,-1,-1
182,3,807,591,191,122,1,-1,-1,-1
182,4,1492,473,210,136,1,-1,-1,-1
182,6,1553,256,112,212,1,-1,-1,-1
182,11,2048,458,147,169,1,-1,-1,-1
182,13,1262,470,166,88,1,-1,-1,-1
182,17,828,677,120,120,1,-1,-1,-1
182,19,424,751,188,184,1,-1,-1,-1
182,20,653,688,190,164,1,-1,-1,-1
182,21,1508,336,90,101,1,-1,-1,-1
182,22,1579,-3,90,142,1,-1,-1,-1
182,23,677,678,168,168,1,-1,-1,-1
182,24,1486,590,212,168,1,-1,-1,-1
182,25,1212,633,204,176,1,-1,-1,-1
182,26,442,779,136,160,1,-1,-1,-1
182,27,1360,136,128,204,1,-1,-1,-1
182,28,1769,509,263,217,1,-1,-1,-1
182,29,2039,485,141,160,1,-1,-1,-1
182,30,945,596,75,163,1,-1,-1,-1
182,31,2005,430,122,234,1,-1,-1,-1
182,32,2112,390,130,210,1,-1,-1,-1
182,33,1873,486,273,189,1,-1,-1,-1
182,34,953,551,101,185,1,-1,-1,-1
182,35,987,548,160,174,1,-1,-1,-1
182,36,1395,392,104,212,1,-1,-1,-1
182,37,1655,448,365,294,1,-1,-1,-1
182,38,1526,269,116,128,1,-1,-1,-1
182,39,1318,320,92,244,1,-1,-1,-1
182,40,1082,490,156,200,1,-1,-1,-1
183,1,830,672,127,116,1,-1,-1,-1
183,3,801,590,191,122,1,-1,-1,-1
183,4,1489,473,210,136,1,-1,-1,-1
183,6,1554,260,107,202,1,-1,-1,-1
183,11,2047,455,147,169,1,-1,-1,-1
183,13,1259,470,166,88,1,-1,-1,-1
183,17,828,676,120,120,1,-1,-1,-1
183,19,423,749,188,184,1,-1,-1,-1
183,20,651,688,190,164,1,-1,-1,-1
183,21,1504,336,90,101,1,-1,-1,-1
183,22,1578,0,86,135,1,-1,-1,-1
183,23,669,673,176,176,1,-1,-1,-1
183,24,1487,588,212,168,1,-1,-1,-1
183,25,1216,635,194,168,1,-1,-1,-1
183,26,441,778,136,160,1,-1,-1,-1
183,27,1355,138,128,204,1,-1,-1,-1
183,28,1770,511,263,217,1,-1,-1,-1
183,29,2040,483,141,160,1,-1,-1,-1
183,30,942,599,75,163,1,-1,-1,-1
183,31,2001,427,122,234,1,-1,-1,-1
183,32,2109,384,130,210,1,-1,-1,-1
183,33,1862,475,273,189,1,-1,-1,-1
183,34,947,546,106,194,1,-1,-1,-1
183,35,976,545,160,174,1,-1,-1,-1
183,36,1390,392,104,212,1,-1,-1,-1
183,37,1652,434,384,309,1,-1,-1,-1
183,38,1521,268,116,128,1,-1,-1,-1
183,39,1317,319,92,244,1,-1,-1,-1
183,40,1085,496,149,190,1,-1,-1,-1
184,1,830,672,127,116,1,-1,-1,-1
184,3,798,590,191,122,1,-1,-1,-1
184,4,1486,471,210,136,1,-1,-1,-1
184,6,1548,261,107,202,1,-1,-1,-1
184,11,2050,452,147,169,1,-1,-1,-1
184,13,1262,471,158,84,1,-1,-1,-1
184,17,828,676,120,120,1,-1,-1,-1
184,19,428,754,179,175,1,-1,-1,-1
184,20,649,686,190,164,1,-1,-1,-1
184,21,1500,334,90,101,1,-1,-1,-1
184,22,1576,-3,86,135,1,-1,-1,-1
184,23,667,671,176,176,1,-1,-1,-1
184,24,1486,588,212,168,1,-1,-1,-1
184,25,1216,632,194,168,1,-1,-1,-1
184,26,442,778,136,160,1,-1,-1,-1
184,27,1352,134,128,204,1,-1,-1,-1
184,28,1768,509,263,217,1,-1,-1,-1
184,29,2038,478,141,160,1,-1,-1,-1
184,30,937,595,75,163,1,-1,-1,-1
184,31,1993,427,128,245,1,-1,-1,-1
184,32,2107,388,130,210,1,-1,-1,-1
184,33,1862,475,273,189,1,-1,-1,-1
184,34,944,546,106,194,1,-1,-1,-1
184,35,970,544,160,174,1,-1,-1,-1
184,36,1385,388,109,223,1,-1,-1,-1
184,37,1647,441,384,309,1,-1,-1,-1
184,38,1521,270,110,122,1,-1,-1,-1
184,39,1315,320,92,244,1,-1,-1,-1
184,40,1083,494,149,190,1,-1,-1,-1
185,1,830,672,127,116,1,-1,-1,-1
185,3,798,590,191,122,1,-1,-1,-1
185,4,1486,471,210,136,1,-1,-1,-1
185,6,1548,261,107,202,1,-1,-1,-1
185,11,2050,452,147,169,1,-1,-1,-1
185,13,1262,471,158,84,1,-1,-1,-1
185,17,828,676,120,120,1,-1,-1,-1
185,19,448,752,148,180,1,-1,-1,-1
185,20,649,686,190,164,1,-1,-1,-1
185,21,1500,334,90,101,1,-1,-1,-1
185,22,1576,-3,86,135,1,-1,-1,-1
185,23,668,676,148,176,1,-1,-1,-1
185,24,1488,592,228,160,1,-1,-1,-1
185,25,1216,636,204,172,1,-1,-1,-1
185,26,442,778,136,160,1,-1,-1,-1
185,27,1348,140,124,200,1,-1,-1,-1
185,28,1768,516,260,220,1,-1,-1,-1
185,29,2038,478,141,160,1,-1,-1,-1
185,30,937,595,75,163,1,-1,-1,-1
185,31,1993,427,128,245,1,-1,-1,-1
185,32,2107,388,130,210,1,-1,-1,-1
185,33,1862,475,273,189,1,-1,-1,-1
185,34,944,546,106,194,1,-1,-1,-1
185,35,970,544,160,174,1,-1,-1,-1
185,36,1385,388,109,223,1,-1,-1,-1
185,37,1647,441,384,309,1,-1,-1,-1
185,38,1521,270,110,122,1,-1,-1,-1
185,39,1315,320,92,244,1,-1,-1,-1
185,40,1076,472,136,188,1,-1,-1,-1
185,41,1512,280,100,216,1,-1,-1,-1
186,1,827,669,133,122,1,-1,-1,-1
186,3,791,593,191,122,1,-1,-1,-1
186,4,1482,470,210,136,1,-1,-1,-1
186,6,1542,260,107,202,1,-1,-1,-1
186,11,2050,443,147,169,1,-1,-1,-1
186,13,1256,470,158,84,1,-1,-1,-1
186,17,825,676,120,120,1,-1,-1,-1
186,19,448,751,148,180,1,-1,-1,-1
186,20,643,686,190,164,1,-1,-1,-1
186,21,1490,330,90,101,1,-1,-1,-1
186,22,1570,3,86,135,1,-1,-1,-1
186,23,665,677,148,176,1,-1,-1,-1
186,24,1485,593,228,160,1,-1,-1,-1
186,25,1215,635,204,172,1,-1,-1,-1
186,26,445,783,130,152,1,-1,-1,-1
186,27,1344,139,124,200,1,-1,-1,-1
186,28,1768,516,260,220,1,-1,-1,-1
186,29,2043,469,141,160,1,-1,-1,-1
186,30,927,600,75,163,1,-1,-1,-1
186,31,1998,414,128,245,1,-1,-1,-1
186,32,2105,387,130,210,1,-1,-1,-1
186,33,1867,476,273,189,1,-1,-1,-1
186,34,933,548,106,194,1,-1,-1,-1
186,35,951,541,160,174,1,-1,-1,-1
186,36,1378,383,115,234,1,-1,-1,-1
186,37,1638,445,384,309,1,-1,-1,-1
186,38,1511,276,110,122,1,-1,-1,-1
186,39,1314,321,92,244,1,-1,-1,-1
186,40,1074,471,136,188,1,-1,-1,-1
186,41,1509,279,100,216,1,-1,-1,-1
187,1,824,669,133,122,1,-1,-1,-1
187,3,782,597,191,122,1,-1,-1,-1
187,4,1484,466,210,136,1,-1,-1,-1
187,6,1538,259,107,202,1,-1,-1,-1
187,11,2048,441,147,169,1,-1,-1,-1
187,13,1253,469,158,84,1,-1,-1,-1
187,17,823,675,120,120,1,-1,-1,-1
187,19,447,751,148,180,1,-1,-1,-1
187,20,641,685,190,164,1,-1,-1,-1
187,21,1486,329,90,101,1,-1,-1,-1
187,22,1563,3,86,135,1,-1,-1,-1
187,23,662,676,148,176,1,-1,-1,-1
187,24,1483,594,228,160,1,-1,-1,-1
187,25,1215,635,204,172,1,-1,-1,-1
187,26,445,782,130,152,1,-1,-1,-1
187,27,1341,139,124,200,1,-1,-1,-1
187,28,1767,514,260,220,1,-1,-1,-1
187,29,2040,463,141,160,1,-1,-1,-1
187,30,921,596,75,163,1,-1,-1,-1
187,31,2003,419,122,234,1,-1,-1,-1
187,32,2100,385,130,210,1,-1,-1,-1
187,33,1861,474,273,189,1,-1,-1,-1
187,34,924,557,101,185,1,-1,-1,-1
187,35,945,543,152,166,1,-1,-1,-1
187,36,1370,382,115,234,1,-1,-1,-1
187,37,1633,446,384,309,1,-1,-1,-1
187,38,1505,272,110,122,1,-1,-1,-1
187,39,1314,326,88,232,1,-1,-1,-1
187,40,1072,473,136,188,1,-1,-1,-1
187,41,1504,274,105,227,1,-1,-1,-1
188,1,822,670,133,122,1,-1,-1,-1
188,3,775,602,182,116,1,-1,-1,-1
188,4,1483,466,210,136,1,-1,-1,-1
188,6,1535,257,107,202,1,-1,-1,-1
188,11,2048,438,147,169,1,-1,-1,-1
188,13,1248,468,158,84,1,-1,-1,-1
188,17,821,674,120,120,1,-1,-1,-1
188,19,449,751,148,180,1,-1,-1,-1
188,20,639,687,190,164,1,-1,-1,-1
188,21,1481,329,90,101,1,-1,-1,-1
188,22,1563,5,81,128,1,-1,-1,-1
188,23,659,675,148,176,1,-1,-1,-1
188,24,1480,593,228,160,1,-1,-1,-1
188,25,1213,635,204,172,1,-1,-1,-1
188,26,446,783,130,152,1,-1,-1,-1
188,27,1336,139,124,200,1,-1,-1,-1
188,28,1765,512,260,220,1,-1,-1,-1
188,29,2038,461,141,160,1,-1,-1,-1
188,30,917,595,75,163,1,-1,-1,-1
188,31,2000,416,122,234,1,-1,-1,-1
188,32,2096,385,130,210,1,-1,-1,-1
188,33,1859,478,273,189,1,-1,-1,-1
188,34,919,556,101,185,1,-1,-1,-1
188,35,937,544,152,166,1,-1,-1,-1
188,36,1369,388,109,223,1,-1,-1,-1
188,37,1611,439,403,324,1,-1,-1,-1
188,38,1502,272,110,122,1,-1,-1,-1
188,39,1311,323,88,232,1,-1,-1,-1
188,40,1069,473,136,188,1,-1,-1,-1
188,41,1502,279,100,216,1,-1,-1,-1
189,1,821,670,133,122,1,-1,-1,-1
189,3,774,605,173,111,1,-1,-1,-1
189,4,1483,467,210,136,1,-1,-1,-1
189,6,1531,258,107,202,1,-1,-1,-1
189,11,2046,440,147,169,1,-1,-1,-1
189,13,1243,467,158,84,1,-1,-1,-1
189,17,818,676,120,120,1,-1,-1,-1
189,19,450,753,148,180,1,-1,-1,-1
189,20,640,690,181,156,1,-1,-1,-1
189,21,1476,331,90,101,1,-1,-1,-1
189,22,1558,6,81,128,1,-1,-1,-1
189,23,657,675,148,176,1,-1,-1,-1
189,24,1480,593,228,160,1,-1,-1,-1
189,25,1212,634,204,172,1,-1,-1,-1
189,26,450,784,130,152,1,-1,-1,-1
189,27,1331,142,124,200,1,-1,-1,-1
189,28,1764,515,260,220,1,-1,-1,-1
189,29,2037,463,141,160,1,-1,-1,-1
189,30,912,595,75,163,1,-1,-1,-1
189,31,1996,411,128,245,1,-1,-1,-1
189,32,2091,386,130,210,1,-1,-1,-1
189,33,1864,479,260,180,1,-1,-1,-1
189,34,919,562,96,176,1,-1,-1,-1
189,35,933,546,152,166,1,-1,-1,-1
189,36,1367,395,104,212,1,-1,-1,-1
189,37,1601,432,423,340,1,-1,-1,-1
189,38,1498,273,110,122,1,-1,-1,-1
189,39,1309,324,88,232,1,-1,-1,-1
189,40,1066,474,136,188,1,-1,-1,-1
189,41,1498,280,100,216,1,-1,-1,-1
190,1,819,670,133,122,1,-1,-1,-1
190,3,767,609,173,111,1,-1,-1,-1
190,4,1482,468,210,136,1,-1,-1,-1
190,6,1529,262,102,192,1,-1,-1,-1
190,11,2045,441,147,169,1,-1,-1,-1
190,13,1242,466,158,84,1,-1,-1,-1
190,17,816,676,120,120,1,-1,-1,-1
190,19,456,757,141,171,1,-1,-1,-1
190,20,637,689,181,156,1,-1,-1,-1
190,21,1474,335,90,101,1,-1,-1,-1
190,22,1554,8,81,128,1,-1,-1,-1
190,23,655,675,148,176,1,-1,-1,-1
190,24,1484,597,217,152,1,-1,-1,-1
190,25,1211,633,204,172,1,-1,-1,-1
190,26,452,786,130,152,1,-1,-1,-1
190,27,1326,139,130,210,1,-1,-1,-1
190,28,1761,520,260,220,1,-1,-1,-1
190,29,2036,462,141,160,1,-1,-1,-1
190,30,908,595,75,163,1,-1,-1,-1
190,31,1997,413,128,245,1,-1,-1,-1
190,32,2089,388,130,210,1,-1,-1,-1
190,33,1866,476,260,180,1,-1,-1,-1
190,34,915,566,96,176,1,-1,-1,-1
190,35,930,546,152,166,1,-1,-1,-1
190,36,1365,398,104,212,1,-1,-1,-1
190,37,1609,433,423,340,1,-1,-1,-1
190,38,1492,272,110,122,1,-1,-1,-1
190,39,1308,324,88,232,1,-1,-1,-1
190,40,1065,476,136,188,1,-1,-1,-1
190,41,1495,282,100,216,1,-1,-1,-1
191,1,817,670,133,122,1,-1,-1,-1
191,3,759,611,173,111,1,-1,-1,-1
191,4,1474,464,210,136,1,-1,-1,-1
191,6,1523,263,102,192,1,-1,-1,-1
191,11,2045,441,147,169,1,-1,-1,-1
191,13,1238,465,158,84,1,-1,-1,-1
191,17,814,676,120,120,1,-1,-1,-1
191,19,456,760,141,171,1,-1,-1,-1
191,20,635,688,181,156,1,-1,-1,-1
191,21,1471,337,90,101,1,-1,-1,-1
191,22,1550,9,81,128,1,-1,-1,-1
191,23,650,673,155,185,1,-1,-1,-1
191,24,1483,597,217,152,1,-1,-1,-1
191,25,1209,633,204,172,1,-1,-1,-1
191,26,456,788,130,152,1,-1,-1,-1
191,27,1324,140,130,210,1,-1,-1,-1
191,28,1761,519,260,220,1,-1,-1,-1
191,29,2038,466,134,152,1,-1,-1,-1
191,30,906,595,75,163,1,-1,-1,-1
191,31,1999,415,128,245,1,-1,-1,-1
191,32,2087,388,130,210,1,-1,-1,-1
191,33,1868,479,260,180,1,-1,-1,-1
191,34,908,559,101,185,1,-1,-1,-1
191,35,925,551,152,166,1,-1,-1,-1
191,36,1361,399,104,212,1,-1,-1,-1
191,37,1595,436,423,340,1,-1,-1,-1
191,38,1481,271,116,128,1,-1,-1,-1
191,39,1306,324,88,232,1,-1,-1,-1
191,40,1063,477,136,188,1,-1,-1,-1
191,41,1491,281,100,216,1,-1,-1,-1
192,1,817,670,133,122,1,-1,-1,-1
192,3,756,615,173,111,1,-1,-1,-1
192,4,1469,471,210,136,1,-1,-1,-1
192,6,1518,261,102,192,1,-1,-1,-1
192,11,2046,442,147,169,1,-1,-1,-1
192,13,1236,467,158,84,1,-1,-1,-1
192,17,813,677,120,120,1,-1,-1,-1
192,19,461,764,134,163,1,-1,-1,-1
192,20,640,691,173,149,1,-1,-1,-1
192,21,1467,338,90,101,1,-1,-1,-1
192,22,1549,12,81,128,1,-1,-1,-1
192,23,648,672,155,185,1,-1,-1,-1
192,24,1478,596,228,160,1,-1,-1,-1
192,25,1211,636,204,172,1,-1,-1,-1
192,26,455,790,130,152,1,-1,-1,-1
192,27,1320,139,130,210,1,-1,-1,-1
192,28,1759,522,260,220,1,-1,-1,-1
192,29,2042,468,134,152,1,-1,-1,-1
192,30,904,599,75,163,1,-1,-1,-1
192,31,1995,409,134,258,1,-1,-1,-1
192,32,2085,389,130,210,1,-1,-1,-1
192,33,1868,481,260,180,1,-1,-1,-1
192,34,904,556,101,185,1,-1,-1,-1
192,35,920,552,152,166,1,-1,-1,-1
192,36,1360,400,104,212,1,-1,-1,-1
192,37,1593,440,423,340,1,-1,-1,-1
192,38,1470,267,122,135,1,-1,-1,-1
192,39,1306,320,88,232,1,-1,-1,-1
192,40,1063,480,136,188,1,-1,-1,-1
192,41,1490,286,95,206,1,-1,-1,-1
193,1,817,670,133,122,1,-1,-1,-1
193,3,756,615,173,111,1,-1,-1,-1
193,4,1469,471,210,136,1,-1,-1,-1
193,6,1518,261,102,192,1,-1,-1,-1
193,11,2046,442,147,169,1,-1,-1,-1
193,13,1236,467,158,84,1,-1,-1,-1
193,17,813,677,120,120,1,-1,-1,-1
193,19,444,768,152,176,1,-1,-1,-1
193,20,640,691,173,149,1,-1,-1,-1
193,22,1549,12,81,128,1,-1,-1,-1
193,23,648,680,140,176,1,-1,-1,-1
193,24,1488,572,228,184,1,-1,-1,-1
193,25,1212,612,192,196,1,-1,-1,-1
193,26,455,790,130,152,1,-1,-1,-1
193,27,1324,156,96,200,1,-1,-1,-1
193,28,1772,504,256,236,1,-1,-1,-1
193,29,2042,468,134,152,1,-1,-1,-1
193,30,904,599,75,163,1,-1,-1,-1
193,31,1995,409,134,258,1,-1,-1,-1
193,32,2085,389,130,210,1,-1,-1,-1
193,33,1868,481,260,180,1,-1,-1,-1
193,34,904,556,101,185,1,-1,-1,-1
193,35,920,552,152,166,1,-1,-1,-1
193,36,1360,400,104,212,1,-1,-1,-1
193,37,1593,440,423,340,1,-1,-1,-1
193,38,1470,267,122,135,1,-1,-1,-1
193,39,1306,320,88,232,1,-1,-1,-1
193,40,1060,484,136,192,1,-1,-1,-1
193,41,1490,286,95,206,1,-1,-1,-1
193,42,1476,480,92,224,1,-1,-1,-1
193,43,1216,408,96,180,1,-1,-1,-1
194,1,809,673,133,122,1,-1,-1,-1
194,3,748,619,165,106,1,-1,-1,-1
194,4,1464,476,210,136,1,-1,-1,-1
194,6,1510,267,97,183,1,-1,-1,-1
194,11,2044,443,147,169,1,-1,-1,-1
194,13,1229,469,158,84,1,-1,-1,-1
194,17,807,680,120,120,1,-1,-1,-1
194,19,444,769,152,176,1,-1,-1,-1
194,20,631,694,173,149,1,-1,-1,-1
194,22,1540,17,81,128,1,-1,-1,-1
194,23,646,681,140,176,1,-1,-1,-1
194,24,1489,574,228,184,1,-1,-1,-1
194,25,1210,613,192,196,1,-1,-1,-1
194,26,454,792,130,152,1,-1,-1,-1
194,27,1322,157,96,200,1,-1,-1,-1
194,28,1772,504,256,236,1,-1,-1,-1
194,29,2041,470,134,152,1,-1,-1,-1
194,30,899,602,75,163,1,-1,-1,-1
194,31,1994,414,134,258,1,-1,-1,-1
194,32,2076,389,130,210,1,-1,-1,-1
194,33,1871,481,260,180,1,-1,-1,-1
194,34,895,563,101,185,1,-1,-1,-1
194,35,911,558,152,166,1,-1,-1,-1
194,36,1346,398,109,223,1,-1,-1,-1
194,37,1589,443,423,340,1,-1,-1,-1
194,38,1457,273,116,128,1,-1,-1,-1
194,39,1304,332,83,221,1,-1,-1,-1
194,40,1059,485,136,192,1,-1,-1,-1
194,41,1483,289,95,206,1,-1,-1,-1
194,42,1475,480,92,224,1,-1,-1,-1
194,43,1215,407,96,180,1,-1,-1,-1
195,1,807,674,133,122,1,-1,-1,-1
195,3,746,619,165,106,1,-1,-1,-1
195,4,1472,482,200,130,1,-1,-1,-1
195,6,1505,269,97,183,1,-1,-1,-1
195,11,2041,442,147,169,1,-1,-1,-1
195,13,1230,471,151,80,1,-1,-1,-1
195,17,804,682,120,120,1,-1,-1,-1
195,19,443,771,152,176,1,-1,-1,-1
195,20,627,695,173,149,1,-1,-1,-1
195,22,1537,19,81,128,1,-1,-1,-1
195,23,644,683,140,176,1,-1,-1,-1
195,24,1487,575,228,184,1,-1,-1,-1
195,25,1208,615,192,196,1,-1,-1,-1
195,26,453,794,130,152,1,-1,-1,-1
195,27,1317,159,96,200,1,-1,-1,-1
195,28,1777,513,244,225,1,-1,-1,-1
195,29,2038,472,134,152,1,-1,-1,-1
195,30,896,611,71,155,1,-1,-1,-1
195,31,2002,418,128,245,1,-1,-1,-1
195,32,2074,386,130,210,1,-1,-1,-1
195,33,1868,482,260,180,1,-1,-1,-1
195,34,893,564,101,185,1,-1,-1,-1
195,35,906,558,160,174,1,-1,-1,-1
195,36,1341,401,109,223,1,-1,-1,-1
195,37,1586,446,423,340,1,-1,-1,-1
195,38,1451,277,116,128,1,-1,-1,-1
195,39,1300,328,83,221,1,-1,-1,-1
195,40,1056,487,136,192,1,-1,-1,-1
195,41,1477,292,95,206,1,-1,-1,-1
195,42,1473,481,92,224,1,-1,-1,-1
195,43,1213,412,96,180,1,-1,-1,-1
196,1,805,677,133,122,1,-1,-1,-1
196,3,743,621,165,106,1,-1,-1,-1
196,4,1468,481,200,130,1,-1,-1,-1
196,6,1505,268,97,183,1,-1,-1,-1
196,11,2042,445,147,169,1,-1,-1,-1
196,13,1225,472,158,84,1,-1,-1,-1
196,17,802,683,120,120,1,-1,-1,-1
196,19,442,773,152,176,1,-1,-1,-1
196,20,624,700,173,149,1,-1,-1,-1
196,22,1533,20,81,128,1,-1,-1,-1
196,23,640,686,140,176,1,-1,-1,-1
196,24,1485,578,228,184,1,-1,-1,-1
196,25,1208,617,192,196,1,-1,-1,-1
196,26,453,796,130,152,1,-1,-1,-1
196,27,1313,160,96,200,1,-1,-1,-1
196,28,1774,516,244,225,1,-1,-1,-1
196,29,2040,473,134,152,1,-1,-1,-1
196,30,894,612,71,155,1,-1,-1,-1
196,31,1999,424,128,245,1,-1,-1,-1
196,32,2072,387,130,210,1,-1,-1,-1
196,33,1861,483,273,189,1,-1,-1,-1
196,34,889,567,101,185,1,-1,-1,-1
196,35,906,565,152,166,1,-1,-1,-1
196,36,1337,401,109,223,1,-1,-1,-1
196,37,1587,457,403,324,1,-1,-1,-1
196,38,1442,279,116,128,1,-1,-1,-1
196,39,1297,327,83,221,1,-1,-1,-1
196,40,1054,487,136,192,1,-1,-1,-1
196,41,1469,287,100,216,1,-1,-1,-1
196,42,1470,483,92,224,1,-1,-1,-1
196,43,1211,413,96,180,1,-1,-1,-1
197,1,801,679,133,122,1,-1,-1,-1
197,3,737,623,165,106,1,-1,-1,-1
197,4,1476,489,191,124,1,-1,-1,-1
197,6,1505,272,97,183,1,-1,-1,-1
197,11,2040,447,147,169,1,-1,-1,-1
197,13,1226,474,151,80,1,-1,-1,-1
197,17,798,687,120,120,1,-1,-1,-1
197,19,442,776,152,176,1,-1,-1,-1
197,20,620,705,173,149,1,-1,-1,-1
197,22,1530,24,81,128,1,-1,-1,-1
197,23,637,692,140,176,1,-1,-1,-1
197,24,1485,582,228,184,1,-1,-1,-1
197,25,1207,622,192,196,1,-1,-1,-1
197,26,455,802,123,145,1,-1,-1,-1
197,27,1309,163,96,200,1,-1,-1,-1
197,28,1772,517,244,225,1,-1,-1,-1
197,29,2040,482,128,145,1,-1,-1,-1
197,30,891,614,71,155,1,-1,-1,-1
197,31,2000,430,128,245,1,-1,-1,-1
197,32,2071,391,124,200,1,-1,-1,-1
197,33,1872,495,260,180,1,-1,-1,-1
197,34,886,572,101,185,1,-1,-1,-1
197,35,902,569,152,166,1,-1,-1,-1
197,36,1329,396,115,234,1,-1,-1,-1
197,37,1589,472,384,309,1,-1,-1,-1
197,38,1434,284,116,128,1,-1,-1,-1
197,39,1293,328,88,232,1,-1,-1,-1
197,40,1051,490,136,192,1,-1,-1,-1
197,41,1463,290,100,216,1,-1,-1,-1
197,42,1467,485,92,224,1,-1,-1,-1
197,43,1205,411,101,189,1,-1,-1,-1
198,1,797,685,133,122,1,-1,-1,-1
198,3,735,626,165,106,1,-1,-1,-1
198,4,1458,490,200,130,1,-1,-1,-1
198,6,1502,277,102,192,1,-1,-1,-1
198,11,2042,451,147,169,1,-1,-1,-1
198,13,1222,478,151,80,1,-1,-1,-1
198,17,795,692,120,120,1,-1,-1,-1
198,19,442,782,152,176,1,-1,-1,-1
198,20,619,713,173,149,1,-1,-1,-1
198,22,1524,26,86,135,1,-1,-1,-1
198,23,638,701,133,168,1,-1,-1,-1
198,24,1482,587,228,184,1,-1,-1,-1
198,25,1206,626,192,196,1,-1,-1,-1
198,26,455,808,123,145,1,-1,-1,-1
198,27,1309,170,91,190,1,-1,-1,-1
198,28,1768,523,244,225,1,-1,-1,-1
198,29,2040,484,128,145,1,-1,-1,-1
198,30,889,625,71,155,1,-1,-1,-1
198,31,2003,429,128,245,1,-1,-1,-1
198,32,2070,391,124,200,1,-1,-1,-1
198,33,1865,491,273,189,1,-1,-1,-1
198,34,880,574,101,185,1,-1,-1,-1
198,35,893,565,160,174,1,-1,-1,-1
198,36,1323,401,115,234,1,-1,-1,-1
198,37,1577,475,403,324,1,-1,-1,-1
198,38,1431,291,110,122,1,-1,-1,-1
198,39,1293,332,92,244,1,-1,-1,-1
198,40,1047,494,136,192,1,-1,-1,-1
198,41,1460,292,100,216,1,-1,-1,-1
198,42,1462,482,97,235,1,-1,-1,-1
198,43,1202,416,101,189,1,-1,-1,-1
199,1,795,695,133,122,1,-1,-1,-1
199,3,733,631,165,106,1,-1,-1,-1
199,4,1456,498,200,130,1,-1,-1,-1
199,6,1502,282,102,192,1,-1,-1,-1
199,11,2044,455,147,169,1,-1,-1,-1
199,13,1222,483,151,80,1,-1,-1,-1
199,17,791,699,120,120,1,-1,-1,-1
199,19,442,790,152,176,1,-1,-1,-1
199,20,622,724,165,142,1,-1,-1,-1
199,22,1522,30,86,135,1,-1,-1,-1
199,23,636,709,133,168,1,-1,-1,-1
199,24,1480,593,228,184,1,-1,-1,-1
199,25,1206,631,192,196,1,-1,-1,-1
199,26,455,816,123,145,1,-1,-1,-1
199,27,1308,180,87,181,1,-1,-1,-1
199,28,1769,529,244,225,1,-1,-1,-1
199,29,2042,490,128,145,1,-1,-1,-1
199,30,884,633,71,155,1,-1,-1,-1
199,31,2003,433,128,245,1,-1,-1,-1
199,32,2073,400,118,190,1,-1,-1,-1
199,33,1871,487,273,189,1,-1,-1,-1
199,34,878,580,96,176,1,-1,-1,-1
199,35,891,573,160,174,1,-1,-1,-1
199,36,1318,409,115,234,1,-1,-1,-1
199,37,1565,475,403,324,1,-1,-1,-1
199,38,1422,295,116,128,1,-1,-1,-1
199,39,1291,336,92,244,1,-1,-1,-1
199,40,1047,501,136,192,1,-1,-1,-1
199,41,1457,294,100,216,1,-1,-1,-1
199,42,1461,493,92,224,1,-1,-1,-1
199,43,1199,424,101,189,1,-1,-1,-1
200,1,792,698,133,122,1,-1,-1,-1
200,3,730,638,165,106,1,-1,-1,-1
200,4,1455,503,200,130,1,-1,-1,-1
200,6,1502,284,97,183,1,-1,-1,-1
200,11,2047,464,140,161,1,-1,-1,-1
200,13,1217,488,151,80,1,-1,-1,-1
200,17,789,706,120,120,1,-1,-1,-1
200,19,444,796,152,176,1,-1,-1,-1
200,20,626,729,165,142,1,-1,-1,-1
200,22,1519,41,86,135,1,-1,-1,-1
200,23,639,716,133,168,1,-1,-1,-1
200,24,1478,598,228,184,1,-1,-1,-1
200,25,1207,638,192,196,1,-1,-1,-1
200,26,457,820,123,145,1,-1,-1,-1
200,27,1307,189,87,181,1,-1,-1,-1
200,28,1769,535,244,225,1,-1,-1,-1
200,29,2047,496,122,138,1,-1,-1,-1
200,30,882,635,71,155,1,-1,-1,-1
200,31,2003,438,128,245,1,-1,-1,-1
200,32,2076,408,112,181,1,-1,-1,-1
200,33,1880,493,260,180,1,-1,-1,-1
200,34,876,591,96,176,1,-1,-1,-1
200,35,892,571,160,174,1,-1,-1,-1
200,36,1321,421,109,223,1,-1,-1,-1
200,37,1566,481,403,324,1,-1,-1,-1
200,38,1416,303,116,128,1,-1,-1,-1
200,39,1290,340,92,244,1,-1,-1,-1
200,40,1046,505,136,192,1,-1,-1,-1
200,41,1457,304,95,206,1,-1,-1,-1
200,42,1462,505,88,213,1,-1,-1,-1
200,43,1198,431,101,189,1,-1,-1,-1
201,1,792,698,133,122,1,-1,-1,-1
201,3,730,638,165,106,1,-1,-1,-1
201,4,1455,503,200,130,1,-1,-1,-1
201,6,1502,284,97,183,1,-1,-1,-1
201,11,2047,464,140,161,1,-1,-1,-1
201,13,1217,488,151,80,1,-1,-1,-1
201,17,789,706,120,120,1,-1,-1,-1
201,19,444,800,160,168,1,-1,-1,-1
201,20,626,729,165,142,1,-1,-1,-1
201,22,1519,41,86,135,1,-1,-1,-1
201,23,639,716,133,168,1,-1,-1,-1
201,24,1480,604,236,192,1,-1,-1,-1
201,25,1208,648,188,196,1,-1,-1,-1
201,26,457,820,123,145,1,-1,-1,-1
201,27,1307,189,87,181,1,-1,-1,-1
201,28,1788,532,180,236,1,-1,-1,-1
201,29,2047,496,122,138,1,-1,-1,-1
201,30,882,635,71,155,1,-1,-1,-1
201,31,2003,438,128,245,1,-1,-1,-1
201,32,2076,408,112,181,1,-1,-1,-1
201,33,1880,493,260,180,1,-1,-1,-1
201,34,876,591,96,176,1,-1,-1,-1
201,35,892,571,160,174,1,-1,-1,-1
201,36,1321,421,109,223,1,-1,-1,-1
201,37,1566,481,403,324,1,-1,-1,-1
201,38,1416,303,116,128,1,-1,-1,-1
201,39,1290,340,92,244,1,-1,-1,-1
201,40,1044,504,140,212,1,-1,-1,-1
201,41,1457,304,95,206,1,-1,-1,-1
201,42,1462,505,88,213,1,-1,-1,-1
201,43,1198,431,101,189,1,-1,-1,-1
202,1,784,706,133,122,1,-1,-1,-1
202,3,726,642,165,106,1,-1,-1,-1
202,4,1460,513,191,124,1,-1,-1,-1
202,6,1500,302,97,183,1,-1,-1,-1
202,11,2050,474,134,154,1,-1,-1,-1
202,13,1211,501,143,76,1,-1,-1,-1
202,17,781,714,120,120,1,-1,-1,-1
202,19,444,803,160,168,1,-1,-1,-1
202,20,633,739,157,135,1,-1,-1,-1
202,22,1514,48,86,135,1,-1,-1,-1
202,23,641,721,133,168,1,-1,-1,-1
202,24,1479,608,236,192,1,-1,-1,-1
202,25,1206,652,188,196,1,-1,-1,-1
202,26,456,830,123,145,1,-1,-1,-1
202,27,1301,191,91,190,1,-1,-1,-1
202,28,1789,535,180,236,1,-1,-1,-1
202,29,2047,502,122,138,1,-1,-1,-1
202,30,876,647,71,155,1,-1,-1,-1
202,31,2002,441,134,258,1,-1,-1,-1
202,32,2073,406,112,181,1,-1,-1,-1
202,33,1896,500,248,171,1,-1,-1,-1
202,34,874,596,96,176,1,-1,-1,-1
202,35,892,575,168,183,1,-1,-1,-1
202,36,1316,426,109,223,1,-1,-1,-1
202,37,1570,484,403,324,1,-1,-1,-1
202,38,1408,318,110,122,1,-1,-1,-1
202,39,1288,346,97,256,1,-1,-1,-1
202,40,1044,509,140,212,1,-1,-1,-1
202,41,1453,317,95,206,1,-1,-1,-1
202,42,1459,513,88,213,1,-1,-1,-1
202,43,1190,432,106,198,1,-1,-1,-1
203,1,782,710,133,122,1,-1,-1,-1
203,3,725,648,165,106,1,-1,-1,-1
203,4,1455,517,191,124,1,-1,-1,-1
203,6,1492,308,97,183,1,-1,-1,-1
203,11,2050,477,134,154,1,-1,-1,-1
203,13,1207,502,143,76,1,-1,-1,-1
203,17,780,718,120,120,1,-1,-1,-1
203,19,446,809,160,168,1,-1,-1,-1
203,20,636,741,157,135,1,-1,-1,-1
203,22,1515,57,81,128,1,-1,-1,-1
203,23,642,723,133,168,1,-1,-1,-1
203,24,1480,611,236,192,1,-1,-1,-1
203,25,1208,657,188,196,1,-1,-1,-1
203,26,456,833,123,145,1,-1,-1,-1
203,27,1297,196,91,190,1,-1,-1,-1
203,28,1791,539,180,236,1,-1,-1,-1
203,29,2050,508,116,132,1,-1,-1,-1
203,30,873,649,71,155,1,-1,-1,-1
203,31,1996,437,141,270,1,-1,-1,-1
203,32,2072,409,112,181,1,-1,-1,-1
203,33,1905,498,236,163,1,-1,-1,-1
203,34,875,603,91,168,1,-1,-1,-1
203,35,884,582,168,183,1,-1,-1,-1
203,36,1310,424,115,234,1,-1,-1,-1
203,37,1579,496,384,309,1,-1,-1,-1
203,38,1402,322,110,122,1,-1,-1,-1
203,39,1283,348,97,256,1,-1,-1,-1
203,40,1044,513,140,212,1,-1,-1,-1
203,41,1451,327,91,196,1,-1,-1,-1
203,42,1455,512,92,224,1,-1,-1,-1
203,43,1189,434,106,198,1,-1,-1,-1
204,1,780,715,133,122,1,-1,-1,-1
204,3,723,655,165,106,1,-1,-1,-1
204,4,1456,520,191,124,1,-1,-1,-1
204,6,1492,308,97,183,1,-1,-1,-1
204,11,2054,488,127,146,1,-1,-1,-1
204,13,1206,504,143,76,1,-1,-1,-1
204,17,777,722,120,120,1,-1,-1,-1
204,19,447,814,160,168,1,-1,-1,-1
204,20,639,749,149,128,1,-1,-1,-1
204,22,1512,60,81,128,1,-1,-1,-1
204,23,645,725,133,168,1,-1,-1,-1
204,24,1480,616,236,192,1,-1,-1,-1
204,25,1208,660,188,196,1,-1,-1,-1
204,26,457,838,123,145,1,-1,-1,-1
204,27,1296,203,91,190,1,-1,-1,-1
204,28,1792,542,180,236,1,-1,-1,-1
204,29,2051,511,116,132,1,-1,-1,-1
204,30,872,652,71,155,1,-1,-1,-1
204,31,1996,439,141,270,1,-1,-1,-1
204,32,2074,423,107,173,1,-1,-1,-1
204,33,1911,504,225,155,1,-1,-1,-1
204,34,872,608,91,168,1,-1,-1,-1
204,35,883,591,160,174,1,-1,-1,-1
204,36,1305,425,115,234,1,-1,-1,-1
204,37,1572,499,384,309,1,-1,-1,-1
204,38,1398,329,105,117,1,-1,-1,-1
204,39,1285,360,92,244,1,-1,-1,-1
204,40,1044,518,140,212,1,-1,-1,-1
204,41,1449,337,91,196,1,-1,-1,-1
204,42,1451,512,97,235,1,-1,-1,-1
204,43,1185,436,106,198,1,-1,-1,-1
205,1,775,719,133,122,1,-1,-1,-1
205,3,721,657,173,111,1,-1,-1,-1
205,4,1455,523,191,124,1,-1,-1,-1
205,6,1495,311,97,183,1,-1,-1,-1
205,11,2054,493,127,146,1,-1,-1,-1
205,13,1201,504,151,80,1,-1,-1,-1
205,17,774,726,120,120,1,-1,-1,-1
205,19,448,817,160,168,1,-1,-1,-1
205,20,642,754,149,128,1,-1,-1,-1
205,22,1510,64,81,128,1,-1,-1,-1
205,23,645,729,133,168,1,-1,-1,-1
205,24,1481,620,236,192,1,-1,-1,-1
205,25,1207,664,188,196,1,-1,-1,-1
205,26,457,841,123,145,1,-1,-1,-1
205,27,1296,205,91,190,1,-1,-1,-1
205,28,1793,544,180,236,1,-1,-1,-1
205,29,2051,515,116,132,1,-1,-1,-1
205,30,872,655,71,155,1,-1,-1,-1
205,31,1999,449,134,258,1,-1,-1,-1
205,32,2074,424,107,173,1,-1,-1,-1
205,33,1918,503,225,155,1,-1,-1,-1
205,34,868,609,96,176,1,-1,-1,-1
205,35,888,590,160,174,1,-1,-1,-1
205,36,1301,433,115,234,1,-1,-1,-1
205,37,1581,504,384,309,1,-1,-1,-1
205,38,1394,330,105,117,1,-1,-1,-1
205,39,1284,377,92,244,1,-1,-1,-1
205,40,1047,526,133,202,1,-1,-1,-1
205,41,1443,334,91,196,1,-1,-1,-1
205,42,1451,515,97,235,1,-1,-1,-1
205,43,1182,436,106,198,1,-1,-1,-1
206,1,773,722,133,122,1,-1,-1,-1
206,3,720,661,173,111,1,-1,-1,-1
206,4,1450,530,191,124,1,-1,-1,-1
206,6,1490,323,102,192,1,-1,-1,-1
206,11,2054,497,127,146,1,-1,-1,-1
206,13,1199,508,151,80,1,-1,-1,-1
206,17,770,730,120,120,1,-1,-1,-1
206,19,448,822,160,168,1,-1,-1,-1
206,20,645,758,142,122,1,-1,-1,-1
206,22,1507,66,81,128,1,-1,-1,-1
206,23,645,730,133,168,1,-1,-1,-1
206,24,1480,625,236,192,1,-1,-1,-1
206,25,1204,670,188,196,1,-1,-1,-1
206,26,458,846,123,145,1,-1,-1,-1
206,27,1295,208,91,190,1,-1,-1,-1
206,28,1793,547,180,236,1,-1,-1,-1
206,29,2052,521,110,125,1,-1,-1,-1
206,30,870,658,71,155,1,-1,-1,-1
206,31,2003,459,128,245,1,-1,-1,-1
206,32,2070,430,107,173,1,-1,-1,-1
206,33,1916,517,214,148,1,-1,-1,-1
206,34,867,613,96,176,1,-1,-1,-1
206,35,883,600,160,174,1,-1,-1,-1
206,36,1300,425,120,245,1,-1,-1,-1
206,37,1575,500,384,309,1,-1,-1,-1
206,38,1388,333,105,117,1,-1,-1,-1
206,39,1285,382,92,244,1,-1,-1,-1
206,40,1046,531,133,202,1,-1,-1,-1
206,41,1441,335,91,196,1,-1,-1,-1
206,42,1447,518,97,235,1,-1,-1,-1
206,43,1179,440,106,198,1,-1,-1,-1
207,1,768,726,133,122,1,-1,-1,-1
207,3,720,669,173,111,1,-1,-1,-1
207,4,1448,533,191,124,1,-1,-1,-1
207,6,1490,330,97,183,1,-1,-1,-1
207,11,2053,499,127,146,1,-1,-1,-1
207,13,1196,513,151,80,1,-1,-1,-1
207,17,767,733,120,120,1,-1,-1,-1
207,19,449,826,160,168,1,-1,-1,-1
207,20,648,761,135,116,1,-1,-1,-1
207,22,1505,73,81,128,1,-1,-1,-1
207,23,644,731,133,168,1,-1,-1,-1
207,24,1480,625,236,192,1,-1,-1,-1
207,25,1206,673,188,196,1,-1,-1,-1
207,26,458,849,123,145,1,-1,-1,-1
207,27,1292,212,91,190,1,-1,-1,-1
207,28,1792,549,180,236,1,-1,-1,-1
207,29,2052,525,110,125,1,-1,-1,-1
207,30,871,666,68,148,1,-1,-1,-1
207,31,2000,463,128,245,1,-1,-1,-1
207,32,2072,437,102,165,1,-1,-1,-1
207,33,1922,518,214,148,1,-1,-1,-1
207,34,865,613,101,185,1,-1,-1,-1
207,35,886,605,160,174,1,-1,-1,-1
207,36,1296,434,120,245,1,-1,-1,-1
207,37,1565,505,403,324,1,-1,-1,-1
207,38,1383,335,105,117,1,-1,-1,-1
207,39,1280,380,92,244,1,-1,-1,-1
207,40,1046,535,133,202,1,-1,-1,-1
207,41,1439,341,91,196,1,-1,-1,-1
207,42,1443,513,101,247,1,-1,-1,-1
207,43,1175,443,106,198,1,-1,-1,-1
208,1,767,726,133,122,1,-1,-1,-1
208,3,717,663,173,111,1,-1,-1,-1
208,4,1448,535,191,124,1,-1,-1,-1
208,6,1492,327,97,183,1,-1,-1,-1
208,11,2053,501,127,146,1,-1,-1,-1
208,13,1196,515,151,80,1,-1,-1,-1
208,17,764,735,120,120,1,-1,-1,-1
208,19,451,829,160,168,1,-1,-1,-1
208,20,646,762,135,116,1,-1,-1,-1
208,22,1503,75,81,128,1,-1,-1,-1
208,23,642,734,133,168,1,-1,-1,-1
208,24,1481,628,236,192,1,-1,-1,-1
208,25,1204,674,188,196,1,-1,-1,-1
208,26,461,851,123,145,1,-1,-1,-1
208,27,1291,215,91,190,1,-1,-1,-1
208,28,1791,550,180,236,1,-1,-1,-1
208,29,2052,526,110,125,1,-1,-1,-1
208,30,874,670,65,141,1,-1,-1,-1
208,31,2000,465,128,245,1,-1,-1,-1
208,32,2073,447,102,165,1,-1,-1,-1
208,33,1926,523,204,141,1,-1,-1,-1
208,34,865,613,101,185,1,-1,-1,-1
208,35,887,609,160,174,1,-1,-1,-1
208,36,1294,434,120,245,1,-1,-1,-1
208,37,1571,511,384,309,1,-1,-1,-1
208,38,1383,341,100,111,1,-1,-1,-1
208,39,1284,396,88,232,1,-1,-1,-1
208,40,1046,536,133,202,1,-1,-1,-1
208,41,1439,348,86,187,1,-1,-1,-1
208,42,1443,521,97,235,1,-1,-1,-1
208,43,1174,448,106,198,1,-1,-1,-1
209,1,767,726,133,122,1,-1,-1,-1
209,3,717,663,173,111,1,-1,-1,-1
209,4,1448,535,191,124,1,-1,-1,-1
209,6,1492,327,97,183,1,-1,-1,-1
209,11,2053,501,127,146,1,-1,-1,-1
209,13,1196,515,151,80,1,-1,-1,-1
209,17,764,735,120,120,1,-1,-1,-1
209,19,464,844,160,152,1,-1,-1,-1
209,20,646,762,135,116,1,-1,-1,-1
209,22,1503,75,81,128,1,-1,-1,-1
209,23,642,734,133,168,1,-1,-1,-1
209,24,1476,632,244,188,1,-1,-1,-1
209,25,1208,724,200,148,1,-1,-1,-1
209,26,461,851,123,145,1,-1,-1,-1
209,27,1291,215,91,190,1,-1,-1,-1
209,28,1796,536,148,256,1,-1,-1,-1
209,29,2052,526,110,125,1,-1,-1,-1
209,30,874,670,65,141,1,-1,-1,-1
209,31,2036,464,104,284,1,-1,-1,-1
209,32,2073,447,102,165,1,-1,-1,-1
209,33,1926,523,204,141,1,-1,-1,-1
209,34,865,613,101,185,1,-1,-1,-1
209,35,887,609,160,174,1,-1,-1,-1
209,36,1294,434,120,245,1,-1,-1,-1
209,37,1571,511,384,309,1,-1,-1,-1
209,38,1383,341,100,111,1,-1,-1,-1
209,39,1284,396,88,232,1,-1,-1,-1
209,40,1056,536,152,200,1,-1,-1,-1
209,41,1439,348,86,187,1,-1,-1,-1
209,42,1443,521,97,235,1,-1,-1,-1
209,43,1174,448,106,198,1,-1,-1,-1
209,44,1932,472,108,272,1,-1,-1,-1
210,1,764,735,133,122,1,-1,-1,-1
210,3,732,665,165,106,1,-1,-1,-1
210,4,1436,538,200,130,1,-1,-1,-1
210,6,1492,343,97,183,1,-1,-1,-1
210,11,2058,509,121,139,1,-1,-1,-1
210,13,1197,519,151,80,1,-1,-1,-1
210,17,762,742,120,120,1,-1,-1,-1
210,19,468,848,160,152,1,-1,-1,-1
210,20,646,764,135,116,1,-1,-1,-1
210,22,1503,85,81,128,1,-1,-1,-1
210,23,647,740,133,168,1,-1,-1,-1
210,24,1477,635,244,188,1,-1,-1,-1
210,25,1208,729,200,148,1,-1,-1,-1
210,26,466,861,123,145,1,-1,-1,-1
210,27,1287,223,91,190,1,-1,-1,-1
210,28,1798,541,148,256,1,-1,-1,-1
210,29,2055,536,105,119,1,-1,-1,-1
210,30,880,679,65,141,1,-1,-1,-1
210,31,2036,463,104,284,1,-1,-1,-1
210,32,2075,459,102,165,1,-1,-1,-1
210,33,1922,525,214,148,1,-1,-1,-1
210,34,865,615,106,194,1,-1,-1,-1
210,35,895,610,160,174,1,-1,-1,-1
210,36,1297,442,115,234,1,-1,-1,-1
210,37,1561,503,403,324,1,-1,-1,-1
210,38,1375,350,100,111,1,-1,-1,-1
210,39,1290,351,88,232,1,-1,-1,-1
210,40,1054,533,160,210,1,-1,-1,-1
210,41,1436,345,91,196,1,-1,-1,-1
210,42,1439,526,92,224,1,-1,-1,-1
210,43,1173,454,106,198,1,-1,-1,-1
210,44,1935,479,103,259,1,-1,-1,-1
211,1,763,737,133,122,1,-1,-1,-1
211,3,733,665,165,106,1,-1,-1,-1
211,4,1433,543,200,130,1,-1,-1,-1
211,6,1493,347,97,183,1,-1,-1,-1
211,11,2063,511,121,139,1,-1,-1,-1
211,13,1204,525,143,76,1,-1,-1,-1
211,17,762,743,120,120,1,-1,-1,-1
211,19,473,851,160,152,1,-1,-1,-1
211,20,654,769,135,116,1,-1,-1,-1
211,22,1503,86,81,128,1,-1,-1,-1
211,23,654,745,127,160,1,-1,-1,-1
211,24,1481,640,244,188,1,-1,-1,-1
211,25,1212,730,200,148,1,-1,-1,-1
211,26,472,863,123,145,1,-1,-1,-1
211,27,1282,217,96,200,1,-1,-1,-1
211,28,1802,542,148,256,1,-1,-1,-1
211,29,2061,537,105,119,1,-1,-1,-1
211,30,885,681,65,141,1,-1,-1,-1
211,31,2041,475,99,270,1,-1,-1,-1
211,32,2079,466,97,157,1,-1,-1,-1
211,33,1926,522,214,148,1,-1,-1,-1
211,34,878,622,101,185,1,-1,-1,-1
211,35,897,611,160,174,1,-1,-1,-1
211,36,1296,448,115,234,1,-1,-1,-1
211,37,1568,510,403,324,1,-1,-1,-1
211,38,1375,352,100,111,1,-1,-1,-1
211,39,1291,351,88,232,1,-1,-1,-1
211,40,1062,541,152,200,1,-1,-1,-1
211,41,1438,348,91,196,1,-1,-1,-1
211,42,1442,543,88,213,1,-1,-1,-1
211,43,1175,457,106,198,1,-1,-1,-1
211,44,1938,482,103,259,1,-1,-1,-1
212,1,769,736,133,122,1,-1,-1,-1
212,3,740,669,165,106,1,-1,-1,-1
212,4,1438,546,200,130,1,-1,-1,-1
212,6,1500,346,97,183,1,-1,-1,-1
212,11,2073,511,115,133,1,-1,-1,-1
212,13,1210,528,143,76,1,-1,-1,-1
212,17,768,744,120,120,1,-1,-1,-1
212,19,484,853,160,152,1,-1,-1,-1
212,20,661,768,135,116,1,-1,-1,-1
212,22,1510,88,81,128,1,-1,-1,-1
212,23,664,747,127,160,1,-1,-1,-1
212,24,1490,642,244,188,1,-1,-1,-1
212,25,1220,731,200,148,1,-1,-1,-1
212,26,483,865,123,145,1,-1,-1,-1
212,27,1284,235,96,200,1,-1,-1,-1
212,28,1808,546,148,256,1,-1,-1,-1
212,29,2069,534,105,119,1,-1,-1,-1
212,30,895,682,65,141,1,-1,-1,-1
212,31,2043,468,104,284,1,-1,-1,-1
212,32,2050,518,97,157,1,-1,-1,-1
212,33,1940,529,204,141,1,-1,-1,-1
212,34,882,619,106,194,1,-1,-1,-1
212,35,916,614,160,174,1,-1,-1,-1
212,36,1300,457,109,223,1,-1,-1,-1
212,37,1558,515,403,324,1,-1,-1,-1
212,38,1381,355,100,111,1,-1,-1,-1
212,39,1293,348,92,244,1,-1,-1,-1
212,40,1070,541,152,200,1,-1,-1,-1
212,41,1439,352,91,196,1,-1,-1,-1
212,42,1444,547,83,203,1,-1,-1,-1
212,43,1180,462,106,198,1,-1,-1,-1
212,44,1941,476,108,272,1,-1,-1,-1
213,1,777,739,133,122,1,-1,-1,-1
213,3,751,670,165,106,1,-1,-1,-1
213,4,1450,545,200,130,1,-1,-1,-1
213,6,1510,347,97,183,1,-1,-1,-1
213,11,2085,512,115,133,1,-1,-1,-1
213,13,1221,524,143,76,1,-1,-1,-1
213,17,777,747,120,120,1,-1,-1,-1
213,19,497,853,160,152,1,-1,-1,-1
213,20,674,772,135,116,1,-1,-1,-1
213,22,1520,92,81,128,1,-1,-1,-1
213,23,676,751,127,160,1,-1,-1,-1
213,24,1503,643,244,188,1,-1,-1,-1
213,25,1230,733,200,148,1,-1,-1,-1
213,26,496,865,123,145,1,-1,-1,-1
213,27,1286,232,91,190,1,-1,-1,-1
213,28,1821,549,148,256,1,-1,-1,-1
213,29,2081,535,105,119,1,-1,-1,-1
213,30,908,682,65,141,1,-1,-1,-1
213,31,2053,470,104,284,1,-1,-1,-1
213,32,2052,526,97,157,1,-1,-1,-1
213,33,1961,532,194,134,1,-1,-1,-1
213,34,897,624,106,194,1,-1,-1,-1
213,35,928,618,160,174,1,-1,-1,-1
213,36,1310,453,115,234,1,-1,-1,-1
213,37,1584,531,384,309,1,-1,-1,-1
213,38,1391,362,95,106,1,-1,-1,-1
213,39,1302,348,92,244,1,-1,-1,-1
213,40,1085,542,152,200,1,-1,-1,-1
213,41,1446,351,95,206,1,-1,-1,-1
213,42,1446,543,83,203,1,-1,-1,-1
213,43,1185,464,106,198,1,-1,-1,-1
213,44,1958,477,108,272,1,-1,-1,-1
214,1,786,743,133,122,1,-1,-1,-1
214,3,759,669,173,111,1,-1,-1,-1
214,4,1458,547,200,130,1,-1,-1,-1
214,6,1517,354,97,183,1,-1,-1,-1
214,11,2102,517,110,126,1,-1,-1,-1
214,13,1234,521,143,76,1,-1,-1,-1
214,17,786,750,120,120,1,-1,-1,-1
214,19,514,858,152,145,1,-1,-1,-1
214,20,687,777,135,116,1,-1,-1,-1
214,22,1530,94,81,128,1,-1,-1,-1
214,23,689,753,127,160,1,-1,-1,-1
214,24,1513,645,244,188,1,-1,-1,-1
214,25,1238,735,200,148,1,-1,-1,-1
214,26,509,866,123,145,1,-1,-1,-1
214,27,1285,235,91,190,1,-1,-1,-1
214,28,1833,552,148,256,1,-1,-1,-1
214,29,2098,537,100,114,1,-1,-1,-1
214,30,921,685,65,141,1,-1,-1,-1
214,31,2061,475,104,284,1,-1,-1,-1
214,32,2066,528,97,157,1,-1,-1,-1
214,33,1975,538,194,134,1,-1,-1,-1
214,34,911,625,106,194,1,-1,-1,-1
214,35,933,632,160,174,1,-1,-1,-1
214,36,1321,446,115,234,1,-1,-1,-1
214,37,1597,530,384,309,1,-1,-1,-1
214,38,1399,367,95,106,1,-1,-1,-1
214,39,1309,347,92,244,1,-1,-1,-1
214,40,1098,545,152,200,1,-1,-1,-1
214,41,1451,347,100,216,1,-1,-1,-1
214,42,1457,545,83,203,1,-1,-1,-1
214,43,1198,465,106,198,1,-1,-1,-1
214,44,1960,470,113,286,1,-1,-1,-1
215,1,796,745,133,122,1,-1,-1,-1
215,3,771,670,173,111,1,-1,-1,-1
215,4,1469,548,200,130,1,-1,-1,-1
215,6,1523,353,97,183,1,-1,-1,-1
215,11,2117,520,110,126,1,-1,-1,-1
215,13,1247,521,143,76,1,-1,-1,-1
215,17,795,753,120,120,1,-1,-1,-1
215,19,527,860,152,145,1,-1,-1,-1
215,20,701,780,135,116,1,-1,-1,-1
215,22,1542,96,81,128,1,-1,-1,-1
215,23,702,756,127,160,1,-1,-1,-1
215,24,1532,650,232,179,1,-1,-1,-1
215,25,1251,734,210,155,1,-1,-1,-1
215,26,522,868,123,145,1,-1,-1,-1
215,27,1287,234,91,190,1,-1,-1,-1
215,28,1848,552,148,256,1,-1,-1,-1
215,29,2114,537,100,114,1,-1,-1,-1
215,30,933,685,65,141,1,-1,-1,-1
215,31,2072,474,104,284,1,-1,-1,-1
215,32,2080,532,97,157,1,-1,-1,-1
215,33,1989,540,194,134,1,-1,-1,-1
215,34,924,626,106,194,1,-1,-1,-1
215,35,947,628,160,174,1,-1,-1,-1
215,36,1324,445,120,245,1,-1,-1,-1
215,37,1597,528,403,324,1,-1,-1,-1
215,38,1412,370,91,101,1,-1,-1,-1
215,39,1326,356,88,232,1,-1,-1,-1
215,40,1110,546,152,200,1,-1,-1,-1
215,41,1466,354,95,206,1,-1,-1,-1
215,42,1470,549,83,203,1,-1,-1,-1
215,43,1209,456,111,208,1,-1,-1,-1
215,44,1975,476,113,286,1,-1,-1,-1
216,1,811,744,133,122,1,-1,-1,-1
216,3,787,670,173,111,1,-1,-1,-1
216,4,1486,547,200,130,1,-1,-1,-1
216,6,1536,351,97,183,1,-1,-1,-1
216,11,2137,524,105,120,1,-1,-1,-1
216,13,1264,520,143,76,1,-1,-1,-1
216,17,809,754,120,120,1,-1,-1,-1
216,19,546,860,152,145,1,-1,-1,-1
216,20,721,782,135,116,1,-1,-1,-1
216,22,1555,95,86,135,1,-1,-1,-1
216,23,721,759,127,160,1,-1,-1,-1
216,24,1554,652,232,179,1,-1,-1,-1
216,25,1269,734,210,155,1,-1,-1,-1
216,26,541,867,123,145,1,-1,-1,-1
216,27,1299,235,87,181,1,-1,-1,-1
216,28,1865,553,148,256,1,-1,-1,-1
216,29,2136,542,95,108,1,-1,-1,-1
216,30,948,685,65,141,1,-1,-1,-1
216,31,2094,473,104,284,1,-1,-1,-1
216,32,2098,533,97,157,1,-1,-1,-1
216,33,2009,540,194,134,1,-1,-1,-1
216,34,940,626,106,194,1,-1,-1,-1
216,35,963,627,160,174,1,-1,-1,-1
216,36,1340,446,120,245,1,-1,-1,-1
216,37,1612,535,384,309,1,-1,-1,-1
216,38,1421,368,95,106,1,-1,-1,-1
216,39,1340,359,88,232,1,-1,-1,-1
216,40,1134,552,145,190,1,-1,-1,-1
216,41,1477,348,100,216,1,-1,-1,-1
216,42,1487,550,83,203,1,-1,-1,-1
216,43,1230,458,111,208,1,-1,-1,-1
216,44,1995,471,113,286,1,-1,-1,-1
217,1,811,744,133,122,1,-1,-1,-1
217,3,787,670,173,111,1,-1,-1,-1
217,4,1486,547,200,130,1,-1,-1,-1
217,6,1536,351,97,183,1,-1,-1,-1
217,11,2137,524,105,120,1,-1,-1,-1
217,13,1264,520,143,76,1,-1,-1,-1
217,17,809,754,120,120,1,-1,-1,-1
217,19,576,840,156,152,1,-1,-1,-1
217,20,721,782,135,116,1,-1,-1,-1
217,23,736,712,132,196,1,-1,-1,-1
217,24,1588,620,252,200,1,-1,-1,-1
217,25,1304,712,204,168,1,-1,-1,-1
217,26,541,867,123,145,1,-1,-1,-1
217,27,1299,235,87,181,1,-1,-1,-1
217,28,1904,552,136,244,1,-1,-1,-1
217,29,2136,542,95,108,1,-1,-1,-1
217,30,948,685,65,141,1,-1,-1,-1
217,31,2094,473,104,284,1,-1,-1,-1
217,32,2098,533,97,157,1,-1,-1,-1
217,33,2009,540,194,134,1,-1,-1,-1
217,34,940,626,106,194,1,-1,-1,-1
217,35,963,627,160,174,1,-1,-1,-1
217,36,1340,446,120,245,1,-1,-1,-1
217,37,1612,535,384,309,1,-1,-1,-1
217,38,1421,368,95,106,1,-1,-1,-1
217,39,1340,359,88,232,1,-1,-1,-1
217,40,1134,552,145,190,1,-1,-1,-1
217,41,1477,348,100,216,1,-1,-1,-1
217,42,1487,550,83,203,1,-1,-1,-1
217,43,1230,458,111,208,1,-1,-1,-1
217,44,1995,471,113,286,1,-1,-1,-1
217,45,1836,152,216,196,1,-1,-1,-1
218,1,763,760,127,116,1,-1,-1,-1
218,3,778,668,182,116,1,-1,-1,-1
218,4,1524,518,210,136,1,-1,-1,-1
218,6,1534,384,97,183,1,-1,-1,-1
218,11,2135,513,100,115,1,-1,-1,-1
218,13,1245,517,143,76,1,-1,-1,-1
218,17,758,763,120,120,1,-1,-1,-1
218,19,595,821,156,152,1,-1,-1,-1
218,20,772,754,135,116,1,-1,-1,-1
218,23,755,691,132,196,1,-1,-1,-1
218,24,1611,600,252,200,1,-1,-1,-1
218,25,1324,692,204,168,1,-1,-1,-1
218,26,590,831,130,152,1,-1,-1,-1
218,27,1314,229,87,181,1,-1,-1,-1
218,28,1924,529,136,244,1,-1,-1,-1
218,29,2131,523,91,103,1,-1,-1,-1
218,30,947,656,65,141,1,-1,-1,-1
218,31,2072,434,104,284,1,-1,-1,-1
218,32,2085,557,97,157,1,-1,-1,-1
218,33,1989,555,194,134,1,-1,-1,-1
218,34,923,634,106,194,1,-1,-1,-1
218,35,940,622,160,174,1,-1,-1,-1
218,36,1382,417,120,245,1,-1,-1,-1
218,37,1653,504,384,309,1,-1,-1,-1
218,38,1399,381,95,106,1,-1,-1,-1
218,39,1337,406,83,221,1,-1,-1,-1
218,40,1189,517,145,190,1,-1,-1,-1
218,41,1473,321,100,216,1,-1,-1,-1
218,42,1486,556,88,213,1,-1,-1,-1
218,43,1267,442,106,198,1,-1,-1,-1
218,44,2023,447,113,286,1,-1,-1,-1
218,45,1856,132,216,196,1,-1,-1,-1
219,1,773,751,127,116,1,-1,-1,-1
219,3,782,664,182,116,1,-1,-1,-1
219,4,1535,503,221,143,1,-1,-1,-1
219,6,1538,378,97,183,1,-1,-1,-1
219,11,2146,497,100,115,1,-1,-1,-1
219,13,1229,527,143,76,1,-1,-1,-1
219,17,766,751,120,120,1,-1,-1,-1
219,19,610,810,156,152,1,-1,-1,-1
219,20,783,740,135,116,1,-1,-1,-1
219,23,762,682,132,196,1,-1,-1,-1
219,24,1628,598,240,190,1,-1,-1,-1
219,25,1336,679,204,168,1,-1,-1,-1
219,26,607,819,130,152,1,-1,-1,-1
219,27,1329,224,87,181,1,-1,-1,-1
219,28,1933,523,136,244,1,-1,-1,-1
219,29,2144,514,87,98,1,-1,-1,-1
219,30,947,624,65,141,1,-1,-1,-1
219,31,2058,392,109,298,1,-1,-1,-1
219,32,2089,541,93,149,1,-1,-1,-1
219,33,2007,555,185,128,1,-1,-1,-1
219,34,918,623,111,204,1,-1,-1,-1
219,35,943,615,160,174,1,-1,-1,-1
219,36,1399,407,120,245,1,-1,-1,-1
219,37,1682,498,384,309,1,-1,-1,-1
219,38,1404,379,95,106,1,-1,-1,-1
219,39,1340,414,79,211,1,-1,-1,-1
219,40,1204,500,145,190,1,-1,-1,-1
219,41,1475,310,100,216,1,-1,-1,-1
219,43,1290,430,106,198,1,-1,-1,-1
219,44,2050,440,113,286,1,-1,-1,-1
219,45,1858,122,216,196,1,-1,-1,-1
220,1,788,741,127,116,1,-1,-1,-1
220,3,801,662,173,111,1,-1,-1,-1
220,4,1542,497,221,143,1,-1,-1,-1
220,6,1553,363,97,183,1,-1,-1,-1
220,11,2144,535,105,120,1,-1,-1,-1
220,13,1241,535,143,76,1,-1,-1,-1
220,17,782,741,120,120,1,-1,-1,-1
220,19,628,798,156,152,1,-1,-1,-1
220,20,798,727,135,116,1,-1,-1,-1
220,23,781,668,132,196,1,-1,-1,-1
220,24,1648,584,240,190,1,-1,-1,-1
220,25,1354,665,204,168,1,-1,-1,-1
220,26,627,808,130,152,1,-1,-1,-1
220,27,1344,205,91,190,1,-1,-1,-1
220,28,1957,510,130,232,1,-1,-1,-1
220,29,2160,499,87,98,1,-1,-1,-1
220,30,957,596,65,141,1,-1,-1,-1
220,31,2055,386,115,313,1,-1,-1,-1
220,32,2084,514,93,149,1,-1,-1,-1
220,33,2026,550,176,122,1,-1,-1,-1
220,34,930,609,111,204,1,-1,-1,-1
220,35,962,601,160,174,1,-1,-1,-1
220,36,1403,371,126,258,1,-1,-1,-1
220,37,1680,480,384,309,1,-1,-1,-1
220,38,1417,368,95,106,1,-1,-1,-1
220,39,1353,401,79,211,1,-1,-1,-1
220,40,1219,481,152,200,1,-1,-1,-1
220,41,1478,298,100,216,1,-1,-1,-1
220,43,1309,408,111,208,1,-1,-1,-1
220,44,2072,423,108,272,1,-1,-1,-1
220,45,1875,110,216,196,1,-1,-1,-1
221,1,822,714,127,116,1,-1,-1,-1
221,3,840,674,173,111,1,-1,-1,-1
221,4,1564,474,232,150,1,-1,-1,-1
221,6,1538,342,97,183,1,-1,-1,-1
221,11,2176,522,105,120,1,-1,-1,-1
221,13,1276,527,143,76,1,-1,-1,-1
221,17,815,714,120,120,1,-1,-1,-1
221,19,665,769,156,152,1,-1,-1,-1
221,20,830,696,142,122,1,-1,-1,-1
221,23,814,642,132,196,1,-1,-1,-1
221,24,1680,559,240,190,1,-1,-1,-1
221,25,1388,640,204,168,1,-1,-1,-1
221,26,664,777,130,152,1,-1,-1,-1
221,27,1366,185,91,190,1,-1,-1,-1
221,28,1987,486,130,232,1,-1,-1,-1
221,29,2175,530,87,98,1,-1,-1,-1
221,30,948,598,62,134,1,-1,-1,-1
221,31,2056,378,115,313,1,-1,-1,-1
221,32,2111,488,88,142,1,-1,-1,-1
221,33,2012,549,176,122,1,-1,-1,-1
221,34,950,581,111,204,1,-1,-1,-1
221,35,989,577,160,174,1,-1,-1,-1
221,36,1422,348,126,258,1,-1,-1,-1
221,37,1713,448,384,309,1,-1,-1,-1
221,38,1443,412,95,106,1,-1,-1,-1
221,39,1370,376,79,211,1,-1,-1,-1
221,40,1254,458,152,200,1,-1,-1,-1
221,41,1497,286,95,206,1,-1,-1,-1
221,43,1331,374,111,208,1,-1,-1,-1
221,44,2095,393,108,272,1,-1,-1,-1
221,45,1900,88,216,196,1,-1,-1,-1
222,1,850,691,127,116,1,-1,-1,-1
222,3,869,661,173,111,1,-1,-1,-1
222,4,1595,450,232,150,1,-1,-1,-1
222,6,1549,319,97,183,1,-1,-1,-1
222,11,2202,501,105,120,1,-1,-1,-1
222,13,1306,510,151,80,1,-1,-1,-1
222,17,843,691,120,120,1,-1,-1,-1
222,19,696,748,156,152,1,-1,-1,-1
222,20,858,675,142,122,1,-1,-1,-1
222,23,839,621,132,196,1,-1,-1,-1
222,24,1704,530,252,200,1,-1,-1,-1
222,25,1417,617,204,168,1,-1,-1,-1
222,26,696,755,130,152,1,-1,-1,-1
222,27,1369,202,96,200,1,-1,-1,-1
222,28,2016,462,130,232,1,-1,-1,-1
222,29,2203,524,87,98,1,-1,-1,-1
222,30,949,553,59,128,1,-1,-1,-1
222,31,2060,355,115,313,1,-1,-1,-1
222,32,2113,511,84,135,1,-1,-1,-1
222,33,2034,535,176,122,1,-1,-1,-1
222,34,969,558,111,204,1,-1,-1,-1
222,35,1019,554,160,174,1,-1,-1,-1
222,36,1446,313,133,271,1,-1,-1,-1
222,37,1750,428,384,309,1,-1,-1,-1
222,38,1418,423,95,106,1,-1,-1,-1
222,39,1371,357,79,211,1,-1,-1,-1
222,40,1289,431,152,200,1,-1,-1,-1
222,41,1495,308,95,206,1,-1,-1,-1
222,43,1353,334,117,219,1,-1,-1,-1
222,44,2120,367,108,272,1,-1,-1,-1
222,45,1923,58,227,206,1,-1,-1,-1
223,1,876,680,127,116,1,-1,-1,-1
223,3,895,651,173,111,1,-1,-1,-1
223,4,1626,433,232,150,1,-1,-1,-1
223,6,1556,296,97,183,1,-1,-1,-1
223,11,2224,489,105,120,1,-1,-1,-1
223,13,1336,498,151,80,1,-1,-1,-1
223,17,869,682,120,120,1,-1,-1,-1
223,19,725,737,156,152,1,-1,-1,-1
223,20,883,662,142,122,1,-1,-1,-1
223,23,865,607,132,196,1,-1,-1,-1
223,24,1732,519,252,200,1,-1,-1,-1
223,25,1443,603,204,168,1,-1,-1,-1
223,26,728,743,130,152,1,-1,-1,-1
223,27,1368,245,91,190,1,-1,-1,-1
223,28,2042,451,130,232,1,-1,-1,-1
223,29,2217,519,82,94,1,-1,-1,-1
223,30,923,539,59,128,1,-1,-1,-1
223,31,2057,431,115,313,1,-1,-1,-1
223,32,2137,491,88,142,1,-1,-1,-1
223,33,2065,519,176,122,1,-1,-1,-1
223,34,947,581,117,214,1,-1,-1,-1
223,35,1048,544,160,174,1,-1,-1,-1
223,36,1472,305,133,271,1,-1,-1,-1
223,37,1771,411,384,309,1,-1,-1,-1
223,38,1443,416,95,106,1,-1,-1,-1
223,39,1376,352,79,211,1,-1,-1,-1
223,40,1315,425,152,200,1,-1,-1,-1
223,41,1487,302,100,216,1,-1,-1,-1
223,43,1367,302,123,230,1,-1,-1,-1
223,44,2145,363,108,272,1,-1,-1,-1
223,45,1949,54,216,196,1,-1,-1,-1
224,1,905,671,127,116,1,-1,-1,-1
224,3,920,646,173,111,1,-1,-1,-1
224,4,1652,426,232,150,1,-1,-1,-1
224,6,1543,353,97,183,1,-1,-1,-1
224,11,2252,478,105,120,1,-1,-1,-1
224,13,1370,486,151,80,1,-1,-1,-1
224,17,898,674,120,120,1,-1,-1,-1
224,19,758,732,156,152,1,-1,-1,-1
224,20,911,650,142,122,1,-1,-1,-1
224,23,895,603,132,196,1,-1,-1,-1
224,24,1762,511,252,200,1,-1,-1,-1
224,25,1475,597,204,168,1,-1,-1,-1
224,26,760,738,130,152,1,-1,-1,-1
224,27,1382,242,91,190,1,-1,-1,-1
224,28,2072,443,130,232,1,-1,-1,-1
224,29,2242,510,82,94,1,-1,-1,-1
224,31,2078,428,115,313,1,-1,-1,-1
224,32,2098,510,88,142,1,-1,-1,-1
224,33,2095,510,176,122,1,-1,-1,-1
224,34,958,587,117,214,1,-1,-1,-1
224,35,1079,536,160,174,1,-1,-1,-1
224,36,1490,288,139,284,1,-1,-1,-1
224,37,1799,402,384,309,1,-1,-1,-1
224,38,1475,411,95,106,1,-1,-1,-1
224,39,1376,419,79,211,1,-1,-1,-1
224,40,1353,414,152,200,1,-1,-1,-1
224,41,1500,305,95,206,1,-1,-1,-1
224,43,1391,293,123,230,1,-1,-1,-1
224,44,2172,357,108,272,1,-1,-1,-1
224,45,1975,49,216,196,1,-1,-1,-1
225,3,920,646,173,111,1,-1,-1,-1
225,4,1652,426,232,150,1,-1,-1,-1
225,6,1543,353,97,183,1,-1,-1,-1
225,11,2252,478,105,120,1,-1,-1,-1
225,13,1370,486,151,80,1,-1,-1,-1
225,17,898,674,120,120,1,-1,-1,-1
225,19,784,728,148,144,1,-1,-1,-1
225,20,911,650,142,122,1,-1,-1,-1
225,23,895,603,132,196,1,-1,-1,-1
225,24,1800,520,256,176,1,-1,-1,-1
225,25,1492,568,200,176,1,-1,-1,-1
225,26,760,738,130,152,1,-1,-1,-1
225,27,1382,242,91,190,1,-1,-1,-1
225,28,2112,428,112,256,1,-1,-1,-1
225,29,2242,510,82,94,1,-1,-1,-1
225,31,2078,428,115,313,1,-1,-1,-1
225,32,2098,510,88,142,1,-1,-1,-1
225,33,2095,510,176,122,1,-1,-1,-1
225,34,958,587,117,214,1,-1,-1,-1
225,35,1079,536,160,174,1,-1,-1,-1
225,36,1490,288,139,284,1,-1,-1,-1
225,37,1799,402,384,309,1,-1,-1,-1
225,38,1475,411,95,106,1,-1,-1,-1
225,39,1376,419,79,211,1,-1,-1,-1
225,40,1353,414,152,200,1,-1,-1,-1
225,41,1500,305,95,206,1,-1,-1,-1
225,43,1391,293,123,230,1,-1,-1,-1
225,44,2172,357,108,272,1,-1,-1,-1
225,45,1975,49,216,196,1,-1,-1,-1
225,46,0,764,80,104,1,-1,-1,-1
225,47,1680,460,88,168,1,-1,-1,-1
225,48,2212,308,160,324,1,-1,-1,-1
226,3,941,623,182,116,1,-1,-1,-1
226,4,1678,406,232,150,1,-1,-1,-1
226,6,1547,354,97,183,1,-1,-1,-1
226,11,2267,456,105,120,1,-1,-1,-1
226,13,1403,471,151,80,1,-1,-1,-1
226,17,922,650,120,120,1,-1,-1,-1
226,19,794,714,148,144,1,-1,-1,-1
226,20,936,630,142,122,1,-1,-1,-1
226,23,918,577,132,196,1,-1,-1,-1
226,24,1816,510,244,168,1,-1,-1,-1
226,25,1497,554,200,176,1,-1,-1,-1
226,26,794,714,130,152,1,-1,-1,-1
226,27,1400,213,96,200,1,-1,-1,-1
226,28,2118,411,112,256,1,-1,-1,-1
226,29,2260,487,82,94,1,-1,-1,-1
226,31,2105,407,109,298,1,-1,-1,-1
226,32,2112,489,93,149,1,-1,-1,-1
226,33,2128,493,176,122,1,-1,-1,-1
226,34,977,566,117,214,1,-1,-1,-1
226,35,1103,514,160,174,1,-1,-1,-1
226,36,1505,261,139,284,1,-1,-1,-1
226,37,1825,382,384,309,1,-1,-1,-1
226,38,1503,386,100,111,1,-1,-1,-1
226,39,1396,412,76,201,1,-1,-1,-1
226,40,1387,391,152,200,1,-1,-1,-1
226,41,1491,289,91,196,1,-1,-1,-1
226,43,1417,263,129,241,1,-1,-1,-1
226,44,2201,349,103,259,1,-1,-1,-1
226,45,1995,18,227,206,1,-1,-1,-1
226,46,10,750,80,104,1,-1,-1,-1
226,47,1685,445,88,168,1,-1,-1,-1
226,48,2218,298,160,324,1,-1,-1,-1
227,3,942,606,182,116,1,-1,-1,-1
227,4,1685,391,232,150,1,-1,-1,-1
227,6,1552,335,97,183,1,-1,-1,-1
227,11,2286,443,105,120,1,-1,-1,-1
227,13,1411,456,151,80,1,-1,-1,-1
227,17,923,635,120,120,1,-1,-1,-1
227,19,798,701,148,144,1,-1,-1,-1
227,20,936,615,142,122,1,-1,-1,-1
227,23,920,561,132,196,1,-1,-1,-1
227,24,1816,494,256,176,1,-1,-1,-1
227,25,1502,543,200,176,1,-1,-1,-1
227,26,801,701,130,152,1,-1,-1,-1
227,27,1408,194,96,200,1,-1,-1,-1
227,28,2122,400,112,256,1,-1,-1,-1
227,29,2278,475,82,94,1,-1,-1,-1
227,31,2106,384,109,298,1,-1,-1,-1
227,32,2113,471,97,157,1,-1,-1,-1
227,33,2133,477,176,122,1,-1,-1,-1
227,34,982,553,111,204,1,-1,-1,-1
227,35,1106,499,160,174,1,-1,-1,-1
227,36,1525,253,139,284,1,-1,-1,-1
227,37,1815,362,403,324,1,-1,-1,-1
227,38,1506,381,100,111,1,-1,-1,-1
227,39,1410,397,76,201,1,-1,-1,-1
227,40,1392,374,152,200,1,-1,-1,-1
227,41,1492,272,91,196,1,-1,-1,-1
227,43,1431,246,129,241,1,-1,-1,-1
227,44,2221,317,103,259,1,-1,-1,-1
227,45,1992,4,227,206,1,-1,-1,-1
227,46,17,736,80,104,1,-1,-1,-1
227,47,1685,427,92,176,1,-1,-1,-1
227,48,2221,275,160,324,1,-1,-1,-1
228,3,947,598,182,116,1,-1,-1,-1
228,4,1678,376,244,158,1,-1,-1,-1
228,6,1552,328,97,183,1,-1,-1,-1
228,11,2292,436,110,126,1,-1,-1,-1
228,13,1422,448,143,76,1,-1,-1,-1
228,17,927,625,120,120,1,-1,-1,-1
228,19,809,694,148,144,1,-1,-1,-1
228,20,940,605,142,122,1,-1,-1,-1
228,23,924,555,132,196,1,-1,-1,-1
228,24,1822,487,256,176,1,-1,-1,-1
228,25,1507,539,200,176,1,-1,-1,-1
228,26,816,696,123,145,1,-1,-1,-1
228,27,1419,194,91,190,1,-1,-1,-1
228,28,2128,398,107,244,1,-1,-1,-1
228,29,2282,464,82,94,1,-1,-1,-1
228,31,2112,389,104,284,1,-1,-1,-1
228,32,2122,463,97,157,1,-1,-1,-1
228,33,2141,465,176,122,1,-1,-1,-1
228,34,986,555,106,194,1,-1,-1,-1
228,35,1110,492,160,174,1,-1,-1,-1
228,36,1548,254,133,271,1,-1,-1,-1
228,37,1829,364,384,309,1,-1,-1,-1
228,38,1513,366,100,111,1,-1,-1,-1
228,39,1424,401,72,191,1,-1,-1,-1
228,40,1400,366,152,200,1,-1,-1,-1
228,41,1496,263,86,187,1,-1,-1,-1
228,43,1448,243,129,241,1,-1,-1,-1
228,44,2236,302,108,272,1,-1,-1,-1
228,45,1998,2,216,196,1,-1,-1,-1
228,46,26,728,80,104,1,-1,-1,-1
228,47,1690,424,92,176,1,-1,-1,-1
228,48,2227,272,160,324,1,-1,-1,-1
229,3,963,596,173,111,1,-1,-1,-1
229,4,1694,370,244,158,1,-1,-1,-1
229,6,1556,332,97,183,1,-1,-1,-1
229,11,2302,433,110,126,1,-1,-1,-1
229,13,1436,444,143,76,1,-1,-1,-1
229,17,938,624,120,120,1,-1,-1,-1
229,19,827,696,141,137,1,-1,-1,-1
229,20,951,603,142,122,1,-1,-1,-1
229,23,937,551,132,196,1,-1,-1,-1
229,24,1835,483,256,176,1,-1,-1,-1
229,25,1521,537,200,176,1,-1,-1,-1
229,26,830,694,123,145,1,-1,-1,-1
229,27,1428,194,91,190,1,-1,-1,-1
229,28,2137,394,107,244,1,-1,-1,-1
229,29,2296,462,82,94,1,-1,-1,-1
229,31,2114,378,109,298,1,-1,-1,-1
229,32,2133,458,97,157,1,-1,-1,-1
229,33,2153,458,176,122,1,-1,-1,-1
229,34,995,554,106,194,1,-1,-1,-1
229,35,1108,474,168,183,1,-1,-1,-1
229,36,1553,257,126,258,1,-1,-1,-1
229,37,1839,363,384,309,1,-1,-1,-1
229,38,1523,360,100,111,1,-1,-1,-1
229,39,1432,385,72,191,1,-1,-1,-1
229,40,1419,367,145,190,1,-1,-1,-1
229,41,1507,255,86,187,1,-1,-1,-1
229,43,1467,249,129,241,1,-1,-1,-1
229,44,2241,295,108,272,1,-1,-1,-1
229,45,2002,-2,216,196,1,-1,-1,-1
229,46,38,723,84,109,1,-1,-1,-1
229,47,1702,420,92,176,1,-1,-1,-1
229,48,2232,262,168,340,1,-1,-1,-1
230,3,975,595,173,111,1,-1,-1,-1
230,4,1716,373,232,150,1,-1,-1,-1
230,6,1566,330,97,183,1,-1,-1,-1
230,11,2316,429,110,126,1,-1,-1,-1
230,13,1451,440,143,76,1,-1,-1,-1
230,17,951,621,120,120,1,-1,-1,-1
230,19,843,694,141,137,1,-1,-1,-1
230,20,964,601,142,122,1,-1,-1,-1
230,23,951,549,132,196,1,-1,-1,-1
230,24,1852,483,256,176,1,-1,-1,-1
230,25,1537,536,200,176,1,-1,-1,-1
230,26,848,695,123,145,1,-1,-1,-1
230,27,1439,195,87,181,1,-1,-1,-1
230,28,2155,395,107,244,1,-1,-1,-1
230,29,2309,458,87,98,1,-1,-1,-1
230,31,2132,374,109,298,1,-1,-1,-1
230,32,2150,457,97,157,1,-1,-1,-1
230,33,2166,448,185,128,1,-1,-1,-1
230,34,1008,551,106,194,1,-1,-1,-1
230,35,1123,468,168,183,1,-1,-1,-1
230,36,1570,250,126,258,1,-1,-1,-1
230,37,1853,361,384,309,1,-1,-1,-1
230,38,1539,358,100,111,1,-1,-1,-1
230,39,1447,377,76,201,1,-1,-1,-1
230,40,1435,362,145,190,1,-1,-1,-1
230,41,1522,259,82,178,1,-1,-1,-1
230,43,1488,250,129,241,1,-1,-1,-1
230,44,2262,296,103,259,1,-1,-1,-1
230,45,2009,-5,216,196,1,-1,-1,-1
230,46,58,724,80,104,1,-1,-1,-1
230,47,1717,420,92,176,1,-1,-1,-1
230,48,2251,259,168,340,1,-1,-1,-1
231,3,986,591,182,116,1,-1,-1,-1
231,4,1739,374,221,143,1,-1,-1,-1
231,6,1578,325,102,192,1,-1,-1,-1
231,11,2330,428,110,126,1,-1,-1,-1
231,13,1467,437,143,76,1,-1,-1,-1
231,17,965,621,120,120,1,-1,-1,-1
231,19,860,693,141,137,1,-1,-1,-1
231,20,978,601,142,122,1,-1,-1,-1
231,23,964,550,132,196,1,-1,-1,-1
231,24,1868,483,256,176,1,-1,-1,-1
231,25,1553,535,200,176,1,-1,-1,-1
231,26,865,695,123,145,1,-1,-1,-1
231,27,1454,195,87,181,1,-1,-1,-1
231,28,2168,393,107,244,1,-1,-1,-1
231,29,2322,457,91,103,1,-1,-1,-1
231,31,2139,332,109,298,1,-1,-1,-1
231,32,2166,455,97,157,1,-1,-1,-1
231,33,2193,452,176,122,1,-1,-1,-1
231,34,1023,551,106,194,1,-1,-1,-1
231,35,1136,464,168,183,1,-1,-1,-1
231,36,1577,247,126,258,1,-1,-1,-1
231,37,1874,357,384,309,1,-1,-1,-1
231,38,1558,348,100,111,1,-1,-1,-1
231,39,1464,381,72,191,1,-1,-1,-1
231,40,1451,363,145,190,1,-1,-1,-1
231,41,1539,262,78,169,1,-1,-1,-1
231,43,1502,247,129,241,1,-1,-1,-1
231,44,2276,290,103,259,1,-1,-1,-1
231,45,2017,-3,216,196,1,-1,-1,-1
231,46,76,722,80,104,1,-1,-1,-1
231,47,1731,419,92,176,1,-1,-1,-1
231,48,2260,257,168,340,1,-1,-1,-1
232,3,1005,587,182,116,1,-1,-1,-1
232,4,1754,370,221,143,1,-1,-1,-1
232,6,1591,319,102,192,1,-1,-1,-1
232,11,2342,416,110,126,1,-1,-1,-1
232,13,1483,432,143,76,1,-1,-1,-1
232,17,980,616,114,114,1,-1,-1,-1
232,19,877,685,141,137,1,-1,-1,-1
232,20,992,595,142,122,1,-1,-1,-1
232,23,976,541,132,196,1,-1,-1,-1
232,24,1884,477,256,176,1,-1,-1,-1
232,25,1570,530,200,176,1,-1,-1,-1
232,26,882,693,117,138,1,-1,-1,-1
232,27,1470,190,87,181,1,-1,-1,-1
232,28,2181,386,112,256,1,-1,-1,-1
232,29,2335,449,91,103,1,-1,-1,-1
232,31,2149,356,109,298,1,-1,-1,-1
232,32,2182,451,97,157,1,-1,-1,-1
232,33,2214,444,168,116,1,-1,-1,-1
232,34,1035,542,106,194,1,-1,-1,-1
232,35,1146,458,176,192,1,-1,-1,-1
232,36,1588,238,133,271,1,-1,-1,-1
232,37,1879,357,384,309,1,-1,-1,-1
232,38,1573,338,100,111,1,-1,-1,-1
232,39,1479,376,72,191,1,-1,-1,-1
232,40,1465,349,145,190,1,-1,-1,-1
232,41,1550,249,78,169,1,-1,-1,-1
232,43,1518,237,129,241,1,-1,-1,-1
232,44,2292,284,103,259,1,-1,-1,-1
232,45,2027,-7,216,196,1,-1,-1,-1
232,46,92,714,80,104,1,-1,-1,-1
232,47,1745,417,92,176,1,-1,-1,-1
232,48,2274,251,168,340,1,-1,-1,-1
233,17,980,616,114,114,1,-1,-1,-1
233,19,896,668,128,148,1,-1,-1,-1
233,23,976,541,132,196,1,-1,-1,-1
233,24,1900,464,252,188,1,-1,-1,-1
233,25,1592,536,180,156,1,-1,-1,-1
233,26,882,693,117,138,1,-1,-1,-1
233,27,1470,190,87,181,1,-1,-1,-1
233,28,2184,372,120,228,1,-1,-1,-1
233,29,2335,449,91,103,1,-1,-1,-1
233,31,2149,356,109,298,1,-1,-1,-1
233,32,2182,451,97,157,1,-1,-1,-1
233,33,2214,444,168,116,1,-1,-1,-1
233,34,1035,542,106,194,1,-1,-1,-1
233,35,1146,458,176,192,1,-1,-1,-1
233,36,1588,238,133,271,1,-1,-1,-1
233,37,1879,357,384,309,1,-1,-1,-1
233,38,1573,338,100,111,1,-1,-1,-1
233,39,1479,376,72,191,1,-1,-1,-1
233,40,1465,349,145,190,1,-1,-1,-1
233,41,1550,249,78,169,1,-1,-1,-1
233,43,1518,237,129,241,1,-1,-1,-1
233,44,2292,284,103,259,1,-1,-1,-1
233,45,2076,0,176,188,1,-1,-1,-1
233,46,92,714,80,104,1,-1,-1,-1
233,47,1748,364,100,212,1,-1,-1,-1
233,48,2274,251,168,340,1,-1,-1,-1
233,49,0,708,180,168,1,-1,-1,-1
234,17,1002,608,109,109,1,-1,-1,-1
234,19,905,664,128,148,1,-1,-1,-1
234,23,994,537,132,196,1,-1,-1,-1
234,24,1906,460,252,188,1,-1,-1,-1
234,25,1600,532,180,156,1,-1,-1,-1
234,26,907,684,117,138,1,-1,-1,-1
234,27,1488,188,87,181,1,-1,-1,-1
234,28,2190,369,120,228,1,-1,-1,-1
234,29,2357,437,91,103,1,-1,-1,-1
234,31,2172,361,109,298,1,-1,-1,-1
234,32,2204,448,97,157,1,-1,-1,-1
234,33,2233,436,168,116,1,-1,-1,-1
234,34,1052,533,106,194,1,-1,-1,-1
234,35,1165,449,176,192,1,-1,-1,-1
234,36,1596,227,126,258,1,-1,-1,-1
234,37,1900,343,384,309,1,-1,-1,-1
234,38,1592,318,105,117,1,-1,-1,-1
234,39,1496,360,72,191,1,-1,-1,-1
234,40,1488,342,145,190,1,-1,-1,-1
234,41,1564,234,78,169,1,-1,-1,-1
234,43,1532,218,129,241,1,-1,-1,-1
234,44,2313,268,103,259,1,-1,-1,-1
234,45,2080,-4,176,188,1,-1,-1,-1
234,46,116,704,80,104,1,-1,-1,-1
234,47,1752,360,100,212,1,-1,-1,-1
234,48,2297,245,168,340,1,-1,-1,-1
234,49,10,702,180,168,1,-1,-1,-1
235,17,1003,604,109,109,1,-1,-1,-1
235,19,908,661,128,148,1,-1,-1,-1
235,23,999,534,126,187,1,-1,-1,-1
235,24,1917,461,240,179,1,-1,-1,-1
235,25,1603,528,180,156,1,-1,-1,-1
235,26,909,680,117,138,1,-1,-1,-1
235,27,1499,184,87,181,1,-1,-1,-1
235,28,2195,365,120,228,1,-1,-1,-1
235,29,2372,437,91,103,1,-1,-1,-1
235,31,2178,368,104,284,1,-1,-1,-1
235,32,2210,443,97,157,1,-1,-1,-1
235,33,2237,434,168,116,1,-1,-1,-1
235,34,1058,538,101,185,1,-1,-1,-1
235,35,1168,442,176,192,1,-1,-1,-1
235,36,1601,220,126,258,1,-1,-1,-1
235,37,1905,342,384,309,1,-1,-1,-1
235,38,1593,304,105,117,1,-1,-1,-1
235,39,1505,359,72,191,1,-1,-1,-1
235,40,1492,336,145,190,1,-1,-1,-1
235,41,1577,227,75,161,1,-1,-1,-1
235,43,1557,217,129,241,1,-1,-1,-1
235,44,2329,263,103,259,1,-1,-1,-1
235,45,2082,-7,176,188,1,-1,-1,-1
235,46,122,702,76,99,1,-1,-1,-1
235,47,1755,356,100,212,1,-1,-1,-1
235,48,2302,238,168,340,1,-1,-1,-1
235,49,15,696,180,168,1,-1,-1,-1
236,17,1001,600,109,109,1,-1,-1,-1
236,19,908,658,128,148,1,-1,-1,-1
236,23,996,526,126,187,1,-1,-1,-1
236,24,1917,458,240,179,1,-1,-1,-1
236,25,1602,525,180,156,1,-1,-1,-1
236,26,909,678,117,138,1,-1,-1,-1
236,27,1501,176,83,173,1,-1,-1,-1
236,28,2194,362,120,228,1,-1,-1,-1
236,29,2372,434,91,103,1,-1,-1,-1
236,31,2180,351,109,298,1,-1,-1,-1
236,32,2211,439,97,157,1,-1,-1,-1
236,33,2236,430,168,116,1,-1,-1,-1
236,34,1057,533,101,185,1,-1,-1,-1
236,35,1166,441,176,192,1,-1,-1,-1
236,36,1607,224,120,245,1,-1,-1,-1
236,37,1905,339,384,309,1,-1,-1,-1
236,38,1591,295,105,117,1,-1,-1,-1
236,39,1505,349,76,201,1,-1,-1,-1
236,40,1492,331,145,190,1,-1,-1,-1
236,41,1575,220,78,169,1,-1,-1,-1
236,43,1557,209,129,241,1,-1,-1,-1
236,44,2331,262,103,259,1,-1,-1,-1
236,45,2079,-10,176,188,1,-1,-1,-1
236,46,121,700,73,94,1,-1,-1,-1
236,47,1754,348,100,212,1,-1,-1,-1
236,48,2302,233,168,340,1,-1,-1,-1
236,49,16,693,180,168,1,-1,-1,-1
237,17,995,599,109,109,1,-1,-1,-1
237,19,905,658,128,148,1,-1,-1,-1
237,23,993,527,126,187,1,-1,-1,-1
237,24,1915,459,240,179,1,-1,-1,-1
237,25,1598,524,180,156,1,-1,-1,-1
237,26,906,678,117,138,1,-1,-1,-1
237,27,1500,179,83,173,1,-1,-1,-1
237,28,2191,364,120,228,1,-1,-1,-1
237,29,2372,416,91,103,1,-1,-1,-1
237,31,2177,351,109,298,1,-1,-1,-1
237,32,2208,438,97,157,1,-1,-1,-1
237,33,2233,425,168,116,1,-1,-1,-1
237,34,1059,539,96,176,1,-1,-1,-1
237,35,1165,448,168,183,1,-1,-1,-1
237,36,1614,222,115,234,1,-1,-1,-1
237,37,1905,338,384,309,1,-1,-1,-1
237,38,1590,291,105,117,1,-1,-1,-1
237,39,1504,340,79,211,1,-1,-1,-1
237,40,1489,330,145,190,1,-1,-1,-1
237,41,1573,219,78,169,1,-1,-1,-1
237,43,1561,211,123,230,1,-1,-1,-1
237,44,2330,261,103,259,1,-1,-1,-1
237,45,2072,-11,176,188,1,-1,-1,-1
237,46,118,701,73,94,1,-1,-1,-1
237,47,1753,350,95,202,1,-1,-1,-1
237,48,2302,228,168,340,1,-1,-1,-1
237,49,13,693,180,168,1,-1,-1,-1
238,17,974,621,109,109,1,-1,-1,-1
238,19,887,678,128,148,1,-1,-1,-1
238,23,974,549,126,187,1,-1,-1,-1
238,24,1886,475,252,188,1,-1,-1,-1
238,25,1578,543,180,156,1,-1,-1,-1
238,26,889,699,117,138,1,-1,-1,-1
238,27,1490,190,87,181,1,-1,-1,-1
238,28,2172,382,120,228,1,-1,-1,-1
238,29,2359,425,91,103,1,-1,-1,-1
238,31,2174,340,115,313,1,-1,-1,-1
238,32,2189,458,97,157,1,-1,-1,-1
238,33,2213,436,176,122,1,-1,-1,-1
238,34,1041,553,96,176,1,-1,-1,-1
238,35,1144,464,168,183,1,-1,-1,-1
238,36,1618,245,115,234,1,-1,-1,-1
238,37,1885,356,384,309,1,-1,-1,-1
238,38,1567,308,105,117,1,-1,-1,-1
238,39,1489,364,79,211,1,-1,-1,-1
238,40,1470,347,145,190,1,-1,-1,-1
238,41,1560,240,75,161,1,-1,-1,-1
238,43,1544,232,123,230,1,-1,-1,-1
238,44,2315,283,98,247,1,-1,-1,-1
238,45,2050,7,176,188,1,-1,-1,-1
238,46,100,720,73,94,1,-1,-1,-1
238,47,1733,370,95,202,1,-1,-1,-1
238,48,2285,255,168,340,1,-1,-1,-1
238,49,-5,713,180,168,1,-1,-1,-1
239,17,964,628,109,109,1,-1,-1,-1
239,19,878,685,128,148,1,-1,-1,-1
239,23,966,557,126,187,1,-1,-1,-1
239,24,1882,480,252,188,1,-1,-1,-1
239,25,1571,552,171,149,1,-1,-1,-1
239,26,878,707,117,138,1,-1,-1,-1
239,27,1480,202,87,181,1,-1,-1,-1
239,28,2158,385,120,228,1,-1,-1,-1
239,29,2345,435,91,103,1,-1,-1,-1
239,31,2167,309,120,329,1,-1,-1,-1
239,32,2179,465,93,149,1,-1,-1,-1
239,33,2199,444,176,122,1,-1,-1,-1
239,34,1030,558,96,176,1,-1,-1,-1
239,35,1133,471,160,174,1,-1,-1,-1
239,36,1611,245,120,245,1,-1,-1,-1
239,37,1872,359,384,309,1,-1,-1,-1
239,38,1558,322,100,111,1,-1,-1,-1
239,39,1479,373,76,201,1,-1,-1,-1
239,40,1462,359,138,181,1,-1,-1,-1
239,41,1549,249,75,161,1,-1,-1,-1
239,43,1533,222,129,241,1,-1,-1,-1
239,44,2299,280,103,259,1,-1,-1,-1
239,45,2035,16,176,188,1,-1,-1,-1
239,46,88,724,73,94,1,-1,-1,-1
239,47,1719,376,95,202,1,-1,-1,-1
239,48,2277,254,168,340,1,-1,-1,-1
239,49,-10,722,171,160,1,-1,-1,-1
240,17,948,640,109,109,1,-1,-1,-1
240,19,860,692,134,155,1,-1,-1,-1
240,23,949,568,126,187,1,-1,-1,-1
240,24,1863,490,252,188,1,-1,-1,-1
240,25,1555,563,171,149,1,-1,-1,-1
240,26,864,718,117,138,1,-1,-1,-1
240,27,1468,205,91,190,1,-1,-1,-1
240,28,2141,397,120,228,1,-1,-1,-1
240,29,2330,441,95,108,1,-1,-1,-1
240,31,2165,317,115,313,1,-1,-1,-1
240,32,2164,474,93,149,1,-1,-1,-1
240,33,2184,448,176,122,1,-1,-1,-1
240,34,1016,566,96,176,1,-1,-1,-1
240,35,1120,484,160,174,1,-1,-1,-1
240,36,1603,264,120,245,1,-1,-1,-1
240,37,1856,372,384,309,1,-1,-1,-1
240,38,1545,329,100,111,1,-1,-1,-1
240,39,1462,387,76,201,1,-1,-1,-1
240,40,1446,366,138,181,1,-1,-1,-1
240,41,1534,249,78,169,1,-1,-1,-1
240,43,1515,245,129,241,1,-1,-1,-1
240,44,2283,277,108,272,1,-1,-1,-1
240,45,2022,32,168,179,1,-1,-1,-1
240,46,73,736,73,94,1,-1,-1,-1
240,47,1703,390,95,202,1,-1,-1,-1
240,48,2263,258,168,340,1,-1,-1,-1
240,49,-26,733,171,160,1,-1,-1,-1
241,17,948,640,109,109,1,-1,-1,-1
241,19,860,692,134,155,1,-1,-1,-1
241,23,949,568,126,187,1,-1,-1,-1
241,24,1840,524,260,176,1,-1,-1,-1
241,25,1536,568,184,172,1,-1,-1,-1
241,26,864,718,117,138,1,-1,-1,-1
241,27,1468,205,91,190,1,-1,-1,-1
241,28,2141,397,120,228,1,-1,-1,-1
241,29,2330,441,95,108,1,-1,-1,-1
241,31,2165,317,115,313,1,-1,-1,-1
241,32,2164,474,93,149,1,-1,-1,-1
241,33,2184,448,176,122,1,-1,-1,-1
241,34,1016,566,96,176,1,-1,-1,-1
241,35,1120,484,160,174,1,-1,-1,-1
241,36,1603,264,120,245,1,-1,-1,-1
241,37,1856,372,384,309,1,-1,-1,-1
241,38,1545,329,100,111,1,-1,-1,-1
241,39,1462,387,76,201,1,-1,-1,-1
241,40,1446,366,138,181,1,-1,-1,-1
241,41,1534,249,78,169,1,-1,-1,-1
241,43,1515,245,129,241,1,-1,-1,-1
241,44,2283,277,108,272,1,-1,-1,-1
241,45,2022,32,168,179,1,-1,-1,-1
241,46,73,736,73,94,1,-1,-1,-1
241,47,1703,390,95,202,1,-1,-1,-1
241,48,2236,268,196,324,1,-1,-1,-1
241,49,0,740,112,164,1,-1,-1,-1
241,50,2040,400,200,260,1,-1,-1,-1
241,51,1572,36,140,232,1,-1,-1,-1
241,52,844,784,120,72,1,-1,-1,-1
242,17,919,667,109,109,1,-1,-1,-1
242,19,834,719,134,155,1,-1,-1,-1
242,23,923,602,120,178,1,-1,-1,-1
242,24,1830,539,260,176,1,-1,-1,-1
242,25,1523,583,184,172,1,-1,-1,-1
242,26,838,743,117,138,1,-1,-1,-1
242,27,1453,228,91,190,1,-1,-1,-1
242,28,2115,425,120,228,1,-1,-1,-1
242,29,2350,399,95,108,1,-1,-1,-1
242,31,2143,347,120,329,1,-1,-1,-1
242,32,2135,498,93,149,1,-1,-1,-1
242,33,2152,477,176,122,1,-1,-1,-1
242,34,1023,554,91,168,1,-1,-1,-1
242,35,1097,511,160,174,1,-1,-1,-1
242,36,1580,295,120,245,1,-1,-1,-1
242,37,1820,405,384,309,1,-1,-1,-1
242,38,1516,352,100,111,1,-1,-1,-1
242,39,1443,404,76,201,1,-1,-1,-1
242,40,1422,392,138,181,1,-1,-1,-1
242,41,1549,285,75,161,1,-1,-1,-1
242,43,1496,267,123,230,1,-1,-1,-1
242,44,2258,300,108,272,1,-1,-1,-1
242,45,1988,65,160,171,1,-1,-1,-1
242,46,44,761,73,94,1,-1,-1,-1
242,47,1695,413,95,202,1,-1,-1,-1
242,48,2224,283,196,324,1,-1,-1,-1
242,49,-10,752,112,164,1,-1,-1,-1
242,50,2026,414,200,260,1,-1,-1,-1
242,51,1558,52,140,232,1,-1,-1,-1
242,52,832,797,120,72,1,-1,-1,-1
243,17,909,679,109,109,1,-1,-1,-1
243,19,819,727,141,163,1,-1,-1,-1
243,23,910,611,120,178,1,-1,-1,-1
243,24,1823,547,260,176,1,-1,-1,-1
243,25,1515,592,184,172,1,-1,-1,-1
243,26,829,755,117,138,1,-1,-1,-1
243,27,1445,245,87,181,1,-1,-1,-1
243,28,2104,424,126,239,1,-1,-1,-1
243,29,2339,402,95,108,1,-1,-1,-1
243,31,2124,342,120,329,1,-1,-1,-1
243,32,2124,506,93,149,1,-1,-1,-1
243,33,2145,488,176,122,1,-1,-1,-1
243,34,1022,557,91,168,1,-1,-1,-1
243,35,1085,521,160,174,1,-1,-1,-1
243,36,1570,300,120,245,1,-1,-1,-1
243,37,1815,413,384,309,1,-1,-1,-1
243,38,1503,362,100,111,1,-1,-1,-1
243,39,1426,418,76,201,1,-1,-1,-1
243,40,1412,405,131,173,1,-1,-1,-1
243,41,1548,304,71,154,1,-1,-1,-1
243,43,1481,273,123,230,1,-1,-1,-1
243,44,2250,299,108,272,1,-1,-1,-1
243,45,1979,81,152,162,1,-1,-1,-1
243,46,36,772,73,94,1,-1,-1,-1
243,47,1682,423,95,202,1,-1,-1,-1
243,48,2219,296,187,309,1,-1,-1,-1
243,49,-20,761,112,164,1,-1,-1,-1
243,50,2012,427,200,260,1,-1,-1,-1
243,51,1553,58,140,232,1,-1,-1,-1
243,52,823,808,120,72,1,-1,-1,-1
244,17,900,689,109,109,1,-1,-1,-1
244,19,811,736,141,163,1,-1,-1,-1
244,23,904,618,120,178,1,-1,-1,-1
244,24,1814,561,260,176,1,-1,-1,-1
244,25,1507,603,184,172,1,-1,-1,-1
244,26,821,767,117,138,1,-1,-1,-1
244,27,1448,255,83,173,1,-1,-1,-1
244,28,2090,443,126,239,1,-1,-1,-1
244,29,2329,409,95,108,1,-1,-1,-1
244,31,2117,385,120,329,1,-1,-1,-1
244,32,2113,519,93,149,1,-1,-1,-1
244,33,2134,493,176,122,1,-1,-1,-1
244,34,1018,566,91,168,1,-1,-1,-1
244,35,1078,534,160,174,1,-1,-1,-1
244,36,1552,309,120,245,1,-1,-1,-1
244,37,1804,421,384,309,1,-1,-1,-1
244,38,1493,374,100,111,1,-1,-1,-1
244,39,1420,423,76,201,1,-1,-1,-1
244,40,1406,412,131,173,1,-1,-1,-1
244,41,1537,308,71,154,1,-1,-1,-1
244,43,1464,285,123,230,1,-1,-1,-1
244,44,2240,321,108,272,1,-1,-1,-1
244,45,1969,98,145,155,1,-1,-1,-1
244,46,27,783,73,94,1,-1,-1,-1
244,47,1667,439,95,202,1,-1,-1,-1
244,48,2209,303,187,309,1,-1,-1,-1
244,49,-24,771,112,164,1,-1,-1,-1
244,50,2006,437,200,260,1,-1,-1,-1
244,51,1547,78,140,232,1,-1,-1,-1
244,52,816,819,120,72,1,-1,-1,-1
245,17,893,701,109,109,1,-1,-1,-1
245,19,806,749,141,163,1,-1,-1,-1
245,23,895,631,120,178,1,-1,-1,-1
245,24,1806,565,273,185,1,-1,-1,-1
245,25,1500,614,184,172,1,-1,-1,-1
245,26,816,778,117,138,1,-1,-1,-1
245,27,1452,262,83,173,1,-1,-1,-1
245,28,2085,446,126,239,1,-1,-1,-1
245,29,2320,421,95,108,1,-1,-1,-1
245,31,2104,374,126,345,1,-1,-1,-1
245,32,2105,529,93,149,1,-1,-1,-1
245,33,2127,502,176,122,1,-1,-1,-1
245,34,1014,567,91,168,1,-1,-1,-1
245,35,1070,552,160,174,1,-1,-1,-1
245,36,1550,324,115,234,1,-1,-1,-1
245,37,1793,438,384,309,1,-1,-1,-1
245,38,1484,382,100,111,1,-1,-1,-1
245,39,1416,432,76,201,1,-1,-1,-1
245,40,1399,422,131,173,1,-1,-1,-1
245,41,1530,325,71,154,1,-1,-1,-1
245,43,1463,292,117,219,1,-1,-1,-1
245,44,2231,314,108,272,1,-1,-1,-1
245,45,1959,109,145,155,1,-1,-1,-1
245,46,23,795,69,90,1,-1,-1,-1
245,47,1652,437,100,212,1,-1,-1,-1
245,48,2203,313,187,309,1,-1,-1,-1
245,49,-25,786,107,156,1,-1,-1,-1
245,50,1997,449,200,260,1,-1,-1,-1
245,51,1536,81,140,232,1,-1,-1,-1
245,52,810,829,120,72,1,-1,-1,-1
246,17,890,709,109,109,1,-1,-1,-1
246,19,804,754,141,163,1,-1,-1,-1
246,23,892,633,120,178,1,-1,-1,-1
246,24,1801,573,273,185,1,-1,-1,-1
246,25,1497,620,184,172,1,-1,-1,-1
246,26,812,783,117,138,1,-1,-1,-1
246,27,1453,268,79,165,1,-1,-1,-1
246,28,2084,456,120,228,1,-1,-1,-1
246,29,2314,428,95,108,1,-1,-1,-1
246,31,2090,381,126,345,1,-1,-1,-1
246,32,2100,535,93,149,1,-1,-1,-1
246,33,2124,508,176,122,1,-1,-1,-1
246,34,1005,583,91,168,1,-1,-1,-1
246,35,1065,561,160,174,1,-1,-1,-1
246,36,1551,337,109,223,1,-1,-1,-1
246,37,1786,444,384,309,1,-1,-1,-1
246,38,1479,388,100,111,1,-1,-1,-1
246,39,1410,433,76,201,1,-1,-1,-1
246,40,1399,432,125,165,1,-1,-1,-1
246,41,1528,329,71,154,1,-1,-1,-1
246,43,1454,302,117,219,1,-1,-1,-1
246,44,2232,329,103,259,1,-1,-1,-1
246,45,1949,115,145,155,1,-1,-1,-1
246,46,22,802,69,90,1,-1,-1,-1
246,47,1641,436,105,223,1,-1,-1,-1
246,48,2197,314,187,309,1,-1,-1,-1
246,49,-29,791,107,156,1,-1,-1,-1
246,50,1988,454,200,260,1,-1,-1,-1
246,51,1534,93,133,221,1,-1,-1,-1
246,52,807,834,120,72,1,-1,-1,-1
247,17,887,711,109,109,1,-1,-1,-1
247,19,802,756,141,163,1,-1,-1,-1
247,23,890,642,120,178,1,-1,-1,-1
247,24,1800,577,273,185,1,-1,-1,-1
247,25,1496,621,184,172,1,-1,-1,-1
247,26,810,784,117,138,1,-1,-1,-1
247,27,1448,269,79,165,1,-1,-1,-1
247,28,2084,461,114,217,1,-1,-1,-1
247,29,2312,427,95,108,1,-1,-1,-1
247,31,2087,378,126,345,1,-1,-1,-1
247,32,2098,533,93,149,1,-1,-1,-1
247,33,2122,507,176,122,1,-1,-1,-1
247,34,999,582,96,176,1,-1,-1,-1
247,35,1063,564,160,174,1,-1,-1,-1
247,36,1549,340,109,223,1,-1,-1,-1
247,37,1788,450,384,309,1,-1,-1,-1
247,38,1478,390,100,111,1,-1,-1,-1
247,39,1410,435,72,191,1,-1,-1,-1
247,40,1402,437,119,157,1,-1,-1,-1
247,41,1525,331,71,154,1,-1,-1,-1
247,43,1453,306,117,219,1,-1,-1,-1
247,44,2229,327,103,259,1,-1,-1,-1
247,45,1939,119,145,155,1,-1,-1,-1
247,46,23,806,66,86,1,-1,-1,-1
247,47,1635,441,105,223,1,-1,-1,-1
247,48,2197,319,187,309,1,-1,-1,-1
247,49,-28,790,107,156,1,-1,-1,-1
247,50,1988,462,190,248,1,-1,-1,-1
247,51,1533,98,133,221,1,-1,-1,-1
247,52,808,837,114,69,1,-1,-1,-1
248,17,888,712,109,109,1,-1,-1,-1
248,19,808,760,134,155,1,-1,-1,-1
248,23,889,640,120,178,1,-1,-1,-1
248,24,1811,580,260,176,1,-1,-1,-1
248,25,1497,623,184,172,1,-1,-1,-1
248,26,812,785,117,138,1,-1,-1,-1
248,27,1447,270,79,165,1,-1,-1,-1
248,28,2087,465,114,217,1,-1,-1,-1
248,29,2311,425,95,108,1,-1,-1,-1
248,31,2084,384,126,345,1,-1,-1,-1
248,32,2098,532,93,149,1,-1,-1,-1
248,33,2124,508,176,122,1,-1,-1,-1
248,34,994,582,101,185,1,-1,-1,-1
248,35,1063,562,160,174,1,-1,-1,-1
248,36,1551,350,104,212,1,-1,-1,-1
248,37,1783,453,384,309,1,-1,-1,-1
248,38,1478,390,100,111,1,-1,-1,-1
248,39,1412,444,72,191,1,-1,-1,-1
248,40,1404,435,119,157,1,-1,-1,-1
248,41,1522,330,71,154,1,-1,-1,-1
248,43,1451,306,117,219,1,-1,-1,-1
248,44,2231,336,98,247,1,-1,-1,-1
248,45,1938,122,145,155,1,-1,-1,-1
248,46,26,809,66,86,1,-1,-1,-1
248,47,1636,437,105,223,1,-1,-1,-1
248,48,2195,320,187,309,1,-1,-1,-1
248,49,-27,789,107,156,1,-1,-1,-1
248,50,1990,465,190,248,1,-1,-1,-1
248,51,1531,95,133,221,1,-1,-1,-1
248,52,809,838,114,69,1,-1,-1,-1
249,17,888,712,109,109,1,-1,-1,-1
249,19,812,740,204,172,1,-1,-1,-1
249,23,889,640,120,178,1,-1,-1,-1
249,24,1832,568,248,176,1,-1,-1,-1
249,25,1504,604,184,188,1,-1,-1,-1
249,26,812,785,117,138,1,-1,-1,-1
249,27,1447,270,79,165,1,-1,-1,-1
249,28,2087,465,114,217,1,-1,-1,-1
249,29,2311,425,95,108,1,-1,-1,-1
249,31,2084,384,126,345,1,-1,-1,-1
249,32,2098,532,93,149,1,-1,-1,-1
249,33,2124,508,176,122,1,-1,-1,-1
249,34,994,582,101,185,1,-1,-1,-1
249,35,1063,562,160,174,1,-1,-1,-1
249,36,1532,252,116,304,1,-1,-1,-1
249,37,1783,453,384,309,1,-1,-1,-1
249,38,1478,390,100,111,1,-1,-1,-1
249,39,1412,444,72,191,1,-1,-1,-1
249,40,1404,435,119,157,1,-1,-1,-1
249,41,1522,330,71,154,1,-1,-1,-1
249,43,1451,306,117,219,1,-1,-1,-1
249,44,2231,336,98,247,1,-1,-1,-1
249,45,1984,112,92,160,1,-1,-1,-1
249,46,26,809,66,86,1,-1,-1,-1
249,47,1636,437,105,223,1,-1,-1,-1
249,48,2195,320,187,309,1,-1,-1,-1
249,49,0,792,92,160,1,-1,-1,-1
249,50,1976,460,196,236,1,-1,-1,-1
249,51,1532,84,140,200,1,-1,-1,-1
249,52,809,838,114,69,1,-1,-1,-1
250,17,897,714,109,109,1,-1,-1,-1
250,19,817,742,204,172,1,-1,-1,-1
250,23,893,638,126,187,1,-1,-1,-1
250,24,1838,567,248,176,1,-1,-1,-1
250,25,1508,607,184,188,1,-1,-1,-1
250,26,820,787,117,138,1,-1,-1,-1
250,27,1446,270,83,173,1,-1,-1,-1
250,28,2093,473,114,217,1,-1,-1,-1
250,29,2320,418,95,108,1,-1,-1,-1
250,31,2078,370,133,362,1,-1,-1,-1
250,32,2102,530,97,157,1,-1,-1,-1
250,33,2128,508,176,122,1,-1,-1,-1
250,34,995,577,101,185,1,-1,-1,-1
250,35,1074,569,152,166,1,-1,-1,-1
250,36,1535,258,110,290,1,-1,-1,-1
250,37,1794,457,384,309,1,-1,-1,-1
250,38,1484,387,95,106,1,-1,-1,-1
250,39,1415,440,76,201,1,-1,-1,-1
250,40,1414,435,119,157,1,-1,-1,-1
250,41,1524,330,71,154,1,-1,-1,-1
250,43,1454,305,117,219,1,-1,-1,-1
250,44,2228,355,93,235,1,-1,-1,-1
250,45,1985,113,92,160,1,-1,-1,-1
250,46,36,810,69,90,1,-1,-1,-1
250,47,1643,440,105,223,1,-1,-1,-1
250,48,2198,325,187,309,1,-1,-1,-1
250,49,5,795,92,160,1,-1,-1,-1
250,50,1978,462,196,236,1,-1,-1,-1
250,51,1535,85,140,200,1,-1,-1,-1
250,52,818,838,114,69,1,-1,-1,-1
251,17,897,716,109,109,1,-1,-1,-1
251,19,819,743,204,172,1,-1,-1,-1
251,23,896,639,126,187,1,-1,-1,-1
251,24,1848,576,236,168,1,-1,-1,-1
251,25,1510,612,184,188,1,-1,-1,-1
251,26,822,788,117,138,1,-1,-1,-1
251,27,1450,269,83,173,1,-1,-1,-1
251,28,2088,471,120,228,1,-1,-1,-1
251,29,2322,411,95,108,1,-1,-1,-1
251,31,2074,377,133,362,1,-1,-1,-1
251,32,2103,533,97,157,1,-1,-1,-1
251,33,2126,508,185,128,1,-1,-1,-1
251,34,993,577,101,185,1,-1,-1,-1
251,35,1076,572,152,166,1,-1,-1,-1
251,36,1538,273,105,276,1,-1,-1,-1
251,37,1801,463,365,294,1,-1,-1,-1
251,38,1484,387,95,106,1,-1,-1,-1
251,39,1420,437,76,201,1,-1,-1,-1
251,40,1416,436,119,157,1,-1,-1,-1
251,41,1523,332,71,154,1,-1,-1,-1
251,43,1453,305,117,219,1,-1,-1,-1
251,44,2230,360,93,235,1,-1,-1,-1
251,45,1985,116,92,160,1,-1,-1,-1
251,46,40,818,66,86,1,-1,-1,-1
251,47,1649,444,105,223,1,-1,-1,-1
251,48,2198,326,187,309,1,-1,-1,-1
251,49,9,799,92,160,1,-1,-1,-1
251,50,1978,466,196,236,1,-1,-1,-1
251,51,1538,87,140,200,1,-1,-1,-1
251,52,819,840,114,69,1,-1,-1,-1
252,17,898,718,109,109,1,-1,-1,-1
252,19,820,747,204,172,1,-1,-1,-1
252,23,898,649,120,178,1,-1,-1,-1
252,24,1846,580,236,168,1,-1,-1,-1
252,25,1510,617,184,188,1,-1,-1,-1
252,26,822,792,117,138,1,-1,-1,-1
252,27,1450,270,83,173,1,-1,-1,-1
252,28,2090,475,120,228,1,-1,-1,-1
252,29,2323,412,95,108,1,-1,-1,-1
252,31,2075,382,133,362,1,-1,-1,-1
252,32,2100,537,97,157,1,-1,-1,-1
252,33,2122,509,185,128,1,-1,-1,-1
252,34,991,580,101,185,1,-1,-1,-1
252,35,1071,573,160,174,1,-1,-1,-1
252,36,1534,267,110,290,1,-1,-1,-1
252,37,1804,469,365,294,1,-1,-1,-1
252,38,1485,387,95,106,1,-1,-1,-1
252,39,1421,441,76,201,1,-1,-1,-1
252,40,1420,443,113,149,1,-1,-1,-1
252,41,1524,334,68,146,1,-1,-1,-1
252,43,1452,301,117,219,1,-1,-1,-1
252,44,2231,362,93,235,1,-1,-1,-1
252,45,1982,122,92,160,1,-1,-1,-1
252,46,44,822,66,86,1,-1,-1,-1
252,47,1650,446,105,223,1,-1,-1,-1
252,48,2198,329,187,309,1,-1,-1,-1
252,49,9,803,92,160,1,-1,-1,-1
252,50,1976,470,196,236,1,-1,-1,-1
252,51,1537,91,140,200,1,-1,-1,-1
252,52,819,843,114,69,1,-1,-1,-1
253,17,898,721,109,109,1,-1,-1,-1
253,19,819,748,204,172,1,-1,-1,-1
253,23,898,652,120,178,1,-1,-1,-1
253,24,1852,585,225,160,1,-1,-1,-1
253,25,1508,618,184,188,1,-1,-1,-1
253,26,825,794,112,132,1,-1,-1,-1
253,27,1445,269,87,181,1,-1,-1,-1
253,28,2084,473,120,228,1,-1,-1,-1
253,29,2322,411,95,108,1,-1,-1,-1
253,31,2074,385,133,362,1,-1,-1,-1
253,32,2097,543,97,157,1,-1,-1,-1
253,33,2121,510,185,128,1,-1,-1,-1
253,34,990,577,101,185,1,-1,-1,-1
253,35,1070,574,160,174,1,-1,-1,-1
253,36,1536,279,105,276,1,-1,-1,-1
253,37,1795,471,365,294,1,-1,-1,-1
253,38,1481,386,95,106,1,-1,-1,-1
253,39,1421,443,76,201,1,-1,-1,-1
253,40,1416,444,119,157,1,-1,-1,-1
253,41,1523,340,68,146,1,-1,-1,-1
253,43,1452,304,117,219,1,-1,-1,-1
253,44,2231,362,93,235,1,-1,-1,-1
253,45,1978,125,92,160,1,-1,-1,-1
253,46,45,824,66,86,1,-1,-1,-1
253,47,1650,447,105,223,1,-1,-1,-1
253,48,2193,333,187,309,1,-1,-1,-1
253,49,11,805,92,160,1,-1,-1,-1
253,50,1972,475,196,236,1,-1,-1,-1
253,51,1540,98,133,190,1,-1,-1,-1
253,52,817,843,120,72,1,-1,-1,-1
254,17,899,723,109,109,1,-1,-1,-1
254,19,814,746,214,181,1,-1,-1,-1
254,23,901,654,120,178,1,-1,-1,-1
254,24,1854,590,225,160,1,-1,-1,-1
254,25,1507,621,184,188,1,-1,-1,-1
254,26,826,797,112,132,1,-1,-1,-1
254,27,1444,273,87,181,1,-1,-1,-1
254,28,2083,480,114,217,1,-1,-1,-1
254,29,2322,412,95,108,1,-1,-1,-1
254,31,2075,399,126,345,1,-1,-1,-1
254,32,2091,541,97,157,1,-1,-1,-1
254,33,2118,511,185,128,1,-1,-1,-1
254,34,986,576,101,185,1,-1,-1,-1
254,35,1068,575,160,174,1,-1,-1,-1
254,36,1537,293,100,263,1,-1,-1,-1
254,37,1795,474,365,294,1,-1,-1,-1
254,38,1479,386,95,106,1,-1,-1,-1
254,39,1421,446,76,201,1,-1,-1,-1
254,40,1415,446,119,157,1,-1,-1,-1
254,41,1522,337,68,146,1,-1,-1,-1
254,43,1452,309,117,219,1,-1,-1,-1
254,44,2232,366,89,224,1,-1,-1,-1
254,45,1974,127,92,160,1,-1,-1,-1
254,46,47,827,66,86,1,-1,-1,-1
254,47,1649,451,105,223,1,-1,-1,-1
254,48,2196,331,187,309,1,-1,-1,-1
254,49,14,809,92,160,1,-1,-1,-1
254,50,1974,481,187,225,1,-1,-1,-1
254,51,1539,99,133,190,1,-1,-1,-1
254,52,818,844,120,72,1,-1,-1,-1
255,17,900,725,109,109,1,-1,-1,-1
255,19,813,749,214,181,1,-1,-1,-1
255,23,902,658,120,178,1,-1,-1,-1
255,24,1859,593,225,160,1,-1,-1,-1
255,25,1507,624,184,188,1,-1,-1,-1
255,26,827,797,112,132,1,-1,-1,-1
255,27,1444,274,87,181,1,-1,-1,-1
255,28,2082,487,114,217,1,-1,-1,-1
255,29,2323,415,95,108,1,-1,-1,-1
255,31,2073,401,126,345,1,-1,-1,-1
255,32,2089,540,97,157,1,-1,-1,-1
255,33,2114,510,194,134,1,-1,-1,-1
255,34,979,579,101,185,1,-1,-1,-1
255,35,1067,576,160,174,1,-1,-1,-1
255,36,1534,280,105,276,1,-1,-1,-1
255,37,1792,475,365,294,1,-1,-1,-1
255,38,1479,391,95,106,1,-1,-1,-1
255,39,1423,453,72,191,1,-1,-1,-1
255,40,1416,448,119,157,1,-1,-1,-1
255,41,1521,342,68,146,1,-1,-1,-1
255,43,1450,310,117,219,1,-1,-1,-1
255,44,2230,368,89,224,1,-1,-1,-1
255,45,1972,132,92,160,1,-1,-1,-1
255,46,49,829,66,86,1,-1,-1,-1
255,47,1648,453,105,223,1,-1,-1,-1
255,48,2198,334,187,309,1,-1,-1,-1
255,49,17,813,92,160,1,-1,-1,-1
255,50,1967,481,196,236,1,-1,-1,-1
255,51,1543,107,127,181,1,-1,-1,-1
255,52,819,845,120,72,1,-1,-1,-1
256,17,900,727,109,109,1,-1,-1,-1
256,19,819,755,204,172,1,-1,-1,-1
256,23,900,660,120,178,1,-1,-1,-1
256,24,1867,597,214,152,1,-1,-1,-1
256,25,1505,628,184,188,1,-1,-1,-1
256,26,828,799,112,132,1,-1,-1,-1
256,27,1446,278,83,173,1,-1,-1,-1
256,28,2078,488,114,217,1,-1,-1,-1
256,29,2322,420,95,108,1,-1,-1,-1
256,31,2074,407,126,345,1,-1,-1,-1
256,32,2084,539,102,165,1,-1,-1,-1
256,33,2118,510,185,128,1,-1,-1,-1
256,34,982,582,106,194,1,-1,-1,-1
256,35,1067,579,160,174,1,-1,-1,-1
256,36,1534,274,110,290,1,-1,-1,-1
256,37,1794,479,365,294,1,-1,-1,-1
256,38,1479,395,95,106,1,-1,-1,-1
256,39,1423,458,72,191,1,-1,-1,-1
256,40,1417,452,119,157,1,-1,-1,-1
256,41,1521,345,68,146,1,-1,-1,-1
256,43,1448,307,123,230,1,-1,-1,-1
256,44,2232,375,89,224,1,-1,-1,-1
256,45,1971,136,92,160,1,-1,-1,-1
256,46,49,837,63,81,1,-1,-1,-1
256,47,1653,458,100,212,1,-1,-1,-1
256,48,2198,337,187,309,1,-1,-1,-1
256,49,20,816,92,160,1,-1,-1,-1
256,50,1964,485,196,236,1,-1,-1,-1
256,51,1545,110,127,181,1,-1,-1,-1
256,52,822,847,120,72,1,-1,-1,-1
257,17,900,727,109,109,1,-1,-1,-1
257,19,800,760,220,164,1,-1,-1,-1
257,23,900,660,120,178,1,-1,-1,-1
257,24,1864,592,200,180,1,-1,-1,-1
257,25,1504,632,196,188,1,-1,-1,-1
257,27,1446,278,83,173,1,-1,-1,-1
257,28,2078,488,114,217,1,-1,-1,-1
257,29,2322,420,95,108,1,-1,-1,-1
257,31,2074,407,126,345,1,-1,-1,-1
257,34,968,556,124,176,1,-1,-1,-1
257,35,1088,516,156,244,1,-1,-1,-1
257,36,1534,274,110,290,1,-1,-1,-1
257,37,1794,479,365,294,1,-1,-1,-1
257,38,1479,395,95,106,1,-1,-1,-1
257,39,1423,458,72,191,1,-1,-1,-1
257,40,1417,452,119,157,1,-1,-1,-1
257,41,1521,345,68,146,1,-1,-1,-1
257,43,1448,307,123,230,1,-1,-1,-1
257,44,2232,375,89,224,1,-1,-1,-1
257,45,1971,136,92,160,1,-1,-1,-1
257,46,49,837,63,81,1,-1,-1,-1
257,47,1652,444,108,232,1,-1,-1,-1
257,48,2172,288,252,336,1,-1,-1,-1
257,49,0,816,108,160,1,-1,-1,-1
257,50,1964,485,196,236,1,-1,-1,-1
257,51,1545,110,127,181,1,-1,-1,-1
257,52,822,847,120,72,1,-1,-1,-1
258,17,900,729,109,109,1,-1,-1,-1
258,19,802,762,220,164,1,-1,-1,-1
258,23,904,667,114,169,1,-1,-1,-1
258,24,1865,594,200,180,1,-1,-1,-1
258,25,1503,635,196,188,1,-1,-1,-1
258,27,1448,277,83,173,1,-1,-1,-1
258,28,2080,492,114,217,1,-1,-1,-1
258,29,2320,425,95,108,1,-1,-1,-1
258,31,2067,401,126,345,1,-1,-1,-1
258,34,968,556,124,176,1,-1,-1,-1
258,35,1089,517,156,244,1,-1,-1,-1
258,36,1534,280,110,290,1,-1,-1,-1
258,37,1781,490,365,294,1,-1,-1,-1
258,38,1475,395,95,106,1,-1,-1,-1
258,39,1424,461,72,191,1,-1,-1,-1
258,40,1419,455,119,157,1,-1,-1,-1
258,41,1519,347,68,146,1,-1,-1,-1
258,43,1452,313,117,219,1,-1,-1,-1
258,44,2228,374,93,235,1,-1,-1,-1
258,45,1967,150,88,152,1,-1,-1,-1
258,46,54,838,63,81,1,-1,-1,-1
258,47,1652,446,108,232,1,-1,-1,-1
258,48,2171,288,252,336,1,-1,-1,-1
258,49,1,817,108,160,1,-1,-1,-1
258,50,1953,491,196,236,1,-1,-1,-1
258,51,1544,113,127,181,1,-1,-1,-1
258,52,825,849,120,72,1,-1,-1,-1
259,17,899,733,109,109,1,-1,-1,-1
259,19,800,765,220,164,1,-1,-1,-1
259,23,902,671,114,169,1,-1,-1,-1
259,24,1864,599,200,180,1,-1,-1,-1
259,25,1502,640,196,188,1,-1,-1,-1
259,27,1449,277,83,173,1,-1,-1,-1
259,28,2075,490,114,217,1,-1,-1,-1
259,29,2319,430,95,108,1,-1,-1,-1
259,31,2066,400,126,345,1,-1,-1,-1
259,34,968,559,124,176,1,-1,-1,-1
259,35,1088,519,156,244,1,-1,-1,-1
259,36,1531,273,116,304,1,-1,-1,-1
259,37,1782,496,365,294,1,-1,-1,-1
259,38,1474,399,95,106,1,-1,-1,-1
259,39,1425,465,72,191,1,-1,-1,-1
259,40,1416,454,125,165,1,-1,-1,-1
259,41,1516,354,68,146,1,-1,-1,-1
259,43,1451,317,111,208,1,-1,-1,-1
259,44,2227,370,93,235,1,-1,-1,-1
259,45,1962,147,92,160,1,-1,-1,-1
259,46,51,838,63,81,1,-1,-1,-1
259,47,1651,447,108,232,1,-1,-1,-1
259,48,2172,292,252,336,1,-1,-1,-1
259,49,1,819,108,160,1,-1,-1,-1
259,50,1964,503,187,225,1,-1,-1,-1
259,51,1542,118,127,181,1,-1,-1,-1
259,52,826,851,120,72,1,-1,-1,-1
260,17,898,739,109,109,1,-1,-1,-1
260,19,798,770,220,164,1,-1,-1,-1
260,23,900,673,114,169,1,-1,-1,-1
260,24,1866,607,200,180,1,-1,-1,-1
260,25,1499,645,196,188,1,-1,-1,-1
260,27,1452,279,83,173,1,-1,-1,-1
260,28,2067,500,120,228,1,-1,-1,-1
260,29,2316,435,95,108,1,-1,-1,-1
260,31,2066,403,126,345,1,-1,-1,-1
260,34,966,563,124,176,1,-1,-1,-1
260,35,1087,523,156,244,1,-1,-1,-1
260,36,1527,285,122,319,1,-1,-1,-1
260,37,1778,503,365,294,1,-1,-1,-1
260,38,1468,397,100,111,1,-1,-1,-1
260,39,1424,470,72,191,1,-1,-1,-1
260,40,1415,456,125,165,1,-1,-1,-1
260,41,1515,355,68,146,1,-1,-1,-1
260,43,1448,325,111,208,1,-1,-1,-1
260,44,2226,369,93,235,1,-1,-1,-1
260,45,1955,151,92,160,1,-1,-1,-1
260,46,53,841,63,81,1,-1,-1,-1
260,47,1648,442,113,244,1,-1,-1,-1
260,48,2165,293,252,336,1,-1,-1,-1
260,49,1,823,108,160,1,-1,-1,-1
260,50,1958,506,187,225,1,-1,-1,-1
260,51,1542,123,127,181,1,-1,-1,-1
260,52,826,856,120,72,1,-1,-1,-1
261,17,899,743,109,109,1,-1,-1,-1
261,19,798,774,220,164,1,-1,-1,-1
261,23,901,678,114,169,1,-1,-1,-1
261,24,1866,612,200,180,1,-1,-1,-1
261,25,1497,649,196,188,1,-1,-1,-1
261,27,1453,281,83,173,1,-1,-1,-1
261,28,2067,505,120,228,1,-1,-1,-1
261,29,2315,439,95,108,1,-1,-1,-1
261,31,2068,414,120,329,1,-1,-1,-1
261,34,965,563,124,176,1,-1,-1,-1
261,35,1088,526,156,244,1,-1,-1,-1
261,36,1520,285,122,319,1,-1,-1,-1
261,37,1775,499,365,294,1,-1,-1,-1
261,38,1466,398,100,111,1,-1,-1,-1
261,39,1424,473,72,191,1,-1,-1,-1
261,40,1415,460,125,165,1,-1,-1,-1
261,41,1514,357,68,146,1,-1,-1,-1
261,43,1449,323,111,208,1,-1,-1,-1
261,44,2225,366,98,247,1,-1,-1,-1
261,45,1953,152,92,160,1,-1,-1,-1
261,46,53,842,63,81,1,-1,-1,-1
261,47,1647,444,113,244,1,-1,-1,-1
261,48,2164,297,252,336,1,-1,-1,-1
261,49,1,826,108,160,1,-1,-1,-1
261,50,1965,512,178,214,1,-1,-1,-1
261,51,1541,126,127,181,1,-1,-1,-1
261,52,827,860,120,72,1,-1,-1,-1
262,17,900,747,109,109,1,-1,-1,-1
262,19,797,779,220,164,1,-1,-1,-1
262,23,905,689,109,161,1,-1,-1,-1
262,24,1869,615,200,180,1,-1,-1,-1
262,25,1496,652,196,188,1,-1,-1,-1
262,27,1453,289,79,165,1,-1,-1,-1
262,28,2065,513,120,228,1,-1,-1,-1
262,29,2315,444,95,108,1,-1,-1,-1
262,31,2066,420,120,329,1,-1,-1,-1
262,34,965,569,124,176,1,-1,-1,-1
262,35,1087,530,156,244,1,-1,-1,-1
262,36,1523,288,122,319,1,-1,-1,-1
262,37,1775,507,365,294,1,-1,-1,-1
262,38,1464,395,100,111,1,-1,-1,-1
262,39,1425,474,72,191,1,-1,-1,-1
262,40,1417,463,125,165,1,-1,-1,-1
262,41,1512,360,68,146,1,-1,-1,-1
262,43,1445,323,111,208,1,-1,-1,-1
262,44,2225,367,98,247,1,-1,-1,-1
262,45,1951,156,92,160,1,-1,-1,-1
262,46,54,845,63,81,1,-1,-1,-1
262,47,1649,453,108,232,1,-1,-1,-1
262,48,2167,300,252,336,1,-1,-1,-1
262,49,2,831,108,160,1,-1,-1,-1
262,50,1973,516,178,214,1,-1,-1,-1
262,51,1542,130,127,181,1,-1,-1,-1
262,52,829,865,120,72,1,-1,-1,-1
263,17,900,751,109,109,1,-1,-1,-1
263,19,798,782,220,164,1,-1,-1,-1
263,23,901,687,114,169,1,-1,-1,-1
263,24,1873,619,200,180,1,-1,-1,-1
263,25,1495,656,196,188,1,-1,-1,-1
263,27,1453,294,75,157,1,-1,-1,-1
263,28,2062,515,120,228,1,-1,-1,-1
263,29,2314,450,95,108,1,-1,-1,-1
263,31,2064,422,120,329,1,-1,-1,-1
263,34,965,570,124,176,1,-1,-1,-1
263,35,1085,532,156,244,1,-1,-1,-1
263,36,1524,290,116,304,1,-1,-1,-1
263,37,1782,516,348,280,1,-1,-1,-1
263,38,1462,402,100,111,1,-1,-1,-1
263,39,1425,478,72,191,1,-1,-1,-1
263,40,1416,466,125,165,1,-1,-1,-1
263,41,1514,365,64,139,1,-1,-1,-1
263,43,1444,325,111,208,1,-1,-1,-1
263,44,2227,382,93,235,1,-1,-1,-1
263,45,1947,157,97,168,1,-1,-1,-1
263,46,57,848,63,81,1,-1,-1,-1
263,47,1652,465,103,221,1,-1,-1,-1
263,48,2163,310,252,336,1,-1,-1,-1
263,49,2,832,108,160,1,-1,-1,-1
263,50,1969,513,187,225,1,-1,-1,-1
263,51,1541,134,127,181,1,-1,-1,-1
263,52,830,870,120,72,1,-1,-1,-1
264,17,900,754,109,109,1,-1,-1,-1
264,19,799,789,220,164,1,-1,-1,-1
264,23,901,691,114,169,1,-1,-1,-1
264,24,1873,621,200,180,1,-1,-1,-1
264,25,1494,661,196,188,1,-1,-1,-1
264,27,1452,297,75,157,1,-1,-1,-1
264,28,2062,519,120,228,1,-1,-1,-1
264,29,2314,453,95,108,1,-1,-1,-1
264,31,2060,427,120,329,1,-1,-1,-1
264,34,964,570,124,176,1,-1,-1,-1
264,35,1086,535,156,244,1,-1,-1,-1
264,36,1520,282,116,304,1,-1,-1,-1
264,37,1778,519,348,280,1,-1,-1,-1
264,38,1462,404,100,111,1,-1,-1,-1
264,39,1424,481,72,191,1,-1,-1,-1
264,40,1416,469,125,165,1,-1,-1,-1
264,41,1513,365,64,139,1,-1,-1,-1
264,43,1443,328,111,208,1,-1,-1,-1
264,44,2224,379,98,247,1,-1,-1,-1
264,45,1942,160,97,168,1,-1,-1,-1
264,46,56,851,63,81,1,-1,-1,-1
264,47,1652,466,103,221,1,-1,-1,-1
264,48,2169,321,240,320,1,-1,-1,-1
264,49,3,836,108,160,1,-1,-1,-1
264,50,1968,514,187,225,1,-1,-1,-1
264,51,1540,137,127,181,1,-1,-1,-1
264,52,830,874,120,72,1,-1,-1,-1
265,17,900,754,109,109,1,-1,-1,-1
265,19,828,732,232,224,1,-1,-1,-1
265,23,901,691,114,169,1,-1,-1,-1
265,24,1884,604,212,200,1,-1,-1,-1
265,25,1492,656,196,192,1,-1,-1,-1
265,27,1452,297,75,157,1,-1,-1,-1
265,28,2062,519,120,228,1,-1,-1,-1
265,31,2060,427,120,329,1,-1,-1,-1
265,34,964,570,124,176,1,-1,-1,-1
265,35,1086,535,156,244,1,-1,-1,-1
265,36,1520,282,116,304,1,-1,-1,-1
265,38,1462,404,100,111,1,-1,-1,-1
265,39,1424,481,72,191,1,-1,-1,-1
265,40,1380,448,180,216,1,-1,-1,-1
265,41,1513,365,64,139,1,-1,-1,-1
265,43,1443,328,111,208,1,-1,-1,-1
265,44,2224,379,98,247,1,-1,-1,-1
265,45,1942,160,97,168,1,-1,-1,-1
265,46,56,851,63,81,1,-1,-1,-1
265,47,1652,528,92,176,1,-1,-1,-1
265,48,2169,321,240,320,1,-1,-1,-1
265,49,0,832,104,180,1,-1,-1,-1
265,50,1968,514,187,225,1,-1,-1,-1
265,51,1540,137,127,181,1,-1,-1,-1
265,52,830,874,120,72,1,-1,-1,-1
265,53,1872,568,212,100,1,-1,-1,-1
266,17,894,757,109,109,1,-1,-1,-1
266,19,832,739,221,213,1,-1,-1,-1
266,23,894,695,114,169,1,-1,-1,-1
266,24,1882,605,212,200,1,-1,-1,-1
266,25,1491,658,196,192,1,-1,-1,-1
266,27,1450,303,75,157,1,-1,-1,-1
266,28,2063,534,114,217,1,-1,-1,-1
266,31,2061,429,120,329,1,-1,-1,-1
266,34,963,580,118,168,1,-1,-1,-1
266,35,1084,547,149,232,1,-1,-1,-1
266,36,1518,294,122,319,1,-1,-1,-1
266,38,1453,414,100,111,1,-1,-1,-1
266,39,1422,481,72,191,1,-1,-1,-1
266,40,1378,448,180,216,1,-1,-1,-1
266,41,1512,378,61,133,1,-1,-1,-1
266,43,1442,330,111,208,1,-1,-1,-1
266,44,2223,381,98,247,1,-1,-1,-1
266,45,1939,171,97,168,1,-1,-1,-1
266,46,56,859,63,81,1,-1,-1,-1
266,47,1651,528,92,176,1,-1,-1,-1
266,48,2160,318,252,336,1,-1,-1,-1
266,49,0,833,104,180,1,-1,-1,-1
266,50,1968,518,187,225,1,-1,-1,-1
266,51,1539,141,127,181,1,-1,-1,-1
266,52,831,882,120,72,1,-1,-1,-1
266,53,1874,572,202,95,1,-1,-1,-1
267,17,892,763,109,109,1,-1,-1,-1
267,19,829,743,221,213,1,-1,-1,-1
267,23,894,698,114,169,1,-1,-1,-1
267,24,1882,607,212,200,1,-1,-1,-1
267,25,1490,660,196,192,1,-1,-1,-1
267,27,1448,305,75,157,1,-1,-1,-1
267,28,2055,531,120,228,1,-1,-1,-1
267,31,2058,435,120,329,1,-1,-1,-1
267,34,962,581,118,168,1,-1,-1,-1
267,35,1083,550,149,232,1,-1,-1,-1
267,36,1514,287,122,319,1,-1,-1,-1
267,38,1452,418,100,111,1,-1,-1,-1
267,39,1419,483,72,191,1,-1,-1,-1
267,40,1377,453,180,216,1,-1,-1,-1
267,41,1511,377,61,133,1,-1,-1,-1
267,43,1440,333,111,208,1,-1,-1,-1
267,44,2219,384,98,247,1,-1,-1,-1
267,45,1931,163,101,176,1,-1,-1,-1
267,46,58,864,60,78,1,-1,-1,-1
267,47,1650,528,92,176,1,-1,-1,-1
267,48,2159,322,252,336,1,-1,-1,-1
267,49,1,835,104,180,1,-1,-1,-1
267,50,1964,523,187,225,1,-1,-1,-1
267,51,1535,145,127,181,1,-1,-1,-1
267,52,834,887,114,69,1,-1,-1,-1
267,53,1872,574,202,95,1,-1,-1,-1
268,17,890,766,109,109,1,-1,-1,-1
268,19,829,746,221,213,1,-1,-1,-1
268,23,893,702,114,169,1,-1,-1,-1
268,24,1883,610,212,200,1,-1,-1,-1
268,25,1490,662,196,192,1,-1,-1,-1
268,27,1446,305,79,165,1,-1,-1,-1
268,28,2054,540,114,217,1,-1,-1,-1
268,31,2055,437,120,329,1,-1,-1,-1
268,34,960,584,118,168,1,-1,-1,-1
268,35,1083,553,149,232,1,-1,-1,-1
268,36,1521,285,122,319,1,-1,-1,-1
268,38,1450,417,100,111,1,-1,-1,-1
268,39,1418,484,72,191,1,-1,-1,-1
268,40,1381,460,171,206,1,-1,-1,-1
268,41,1510,377,61,133,1,-1,-1,-1
268,43,1435,339,111,208,1,-1,-1,-1
268,44,2219,391,93,235,1,-1,-1,-1
268,45,1927,165,101,176,1,-1,-1,-1
268,46,59,866,60,78,1,-1,-1,-1
268,47,1649,527,92,176,1,-1,-1,-1
268,48,2156,326,252,336,1,-1,-1,-1
268,49,1,836,104,180,1,-1,-1,-1
268,50,1962,526,187,225,1,-1,-1,-1
268,51,1535,145,127,181,1,-1,-1,-1
268,52,835,889,114,69,1,-1,-1,-1
268,53,1867,577,202,95,1,-1,-1,-1
269,17,890,766,109,109,1,-1,-1,-1
269,19,831,747,221,213,1,-1,-1,-1
269,23,893,705,114,169,1,-1,-1,-1
269,24,1885,611,212,200,1,-1,-1,-1
269,25,1490,662,196,192,1,-1,-1,-1
269,27,1446,303,79,165,1,-1,-1,-1
269,28,2052,537,114,217,1,-1,-1,-1
269,31,2056,436,120,329,1,-1,-1,-1
269,34,962,589,118,168,1,-1,-1,-1
269,35,1089,560,141,221,1,-1,-1,-1
269,36,1524,295,116,304,1,-1,-1,-1
269,38,1449,423,100,111,1,-1,-1,-1
269,39,1418,482,72,191,1,-1,-1,-1
269,40,1381,459,171,206,1,-1,-1,-1
269,41,1508,373,64,139,1,-1,-1,-1
269,43,1433,339,111,208,1,-1,-1,-1
269,44,2218,382,98,247,1,-1,-1,-1
269,45,1925,167,101,176,1,-1,-1,-1
269,46,61,868,60,78,1,-1,-1,-1
269,47,1648,522,97,185,1,-1,-1,-1
269,48,2157,328,252,336,1,-1,-1,-1
269,49,3,836,104,180,1,-1,-1,-1
269,50,1957,528,187,225,1,-1,-1,-1
269,51,1535,147,127,181,1,-1,-1,-1
269,52,838,889,114,69,1,-1,-1,-1
269,53,1864,578,202,95,1,-1,-1,-1
270,17,890,767,109,109,1,-1,-1,-1
270,19,831,749,221,213,1,-1,-1,-1
270,23,893,706,114,169,1,-1,-1,-1
270,24,1883,610,212,200,1,-1,-1,-1
270,25,1490,662,196,192,1,-1,-1,-1
270,27,1446,301,79,165,1,-1,-1,-1
270,28,2051,540,114,217,1,-1,-1,-1
270,31,2055,435,120,329,1,-1,-1,-1
270,34,957,585,124,176,1,-1,-1,-1
270,35,1090,559,141,221,1,-1,-1,-1
270,36,1521,292,116,304,1,-1,-1,-1
270,38,1447,419,100,111,1,-1,-1,-1
270,39,1418,481,72,191,1,-1,-1,-1
270,40,1381,460,171,206,1,-1,-1,-1
270,41,1507,372,64,139,1,-1,-1,-1
270,43,1432,335,117,219,1,-1,-1,-1
270,44,2222,388,93,235,1,-1,-1,-1
270,45,1923,167,101,176,1,-1,-1,-1
270,46,59,866,63,81,1,-1,-1,-1
270,47,1649,527,92,176,1,-1,-1,-1
270,48,2153,326,252,336,1,-1,-1,-1
270,49,7,842,99,171,1,-1,-1,-1
270,50,1952,531,187,225,1,-1,-1,-1
270,51,1531,146,127,181,1,-1,-1,-1
270,52,839,889,114,69,1,-1,-1,-1
270,53,1859,580,202,95,1,-1,-1,-1
271,17,890,766,109,109,1,-1,-1,-1
271,19,829,750,221,213,1,-1,-1,-1
271,23,892,706,114,169,1,-1,-1,-1
271,24,1886,612,212,200,1,-1,-1,-1
271,25,1488,662,196,192,1,-1,-1,-1
271,27,1447,302,79,165,1,-1,-1,-1
271,28,2046,541,114,217,1,-1,-1,-1
271,31,2054,436,120,329,1,-1,-1,-1
271,34,955,587,124,176,1,-1,-1,-1
271,35,1086,557,149,232,1,-1,-1,-1
271,36,1528,296,116,304,1,-1,-1,-1
271,38,1448,415,100,111,1,-1,-1,-1
271,39,1418,474,72,191,1,-1,-1,-1
271,40,1381,457,171,206,1,-1,-1,-1
271,41,1506,370,64,139,1,-1,-1,-1
271,43,1431,338,111,208,1,-1,-1,-1
271,44,2222,391,93,235,1,-1,-1,-1
271,45,1921,169,101,176,1,-1,-1,-1
271,46,60,872,63,81,1,-1,-1,-1
271,47,1652,528,88,168,1,-1,-1,-1
271,48,2147,328,252,336,1,-1,-1,-1
271,49,8,842,99,171,1,-1,-1,-1
271,50,1952,529,187,225,1,-1,-1,-1
271,51,1534,150,121,173,1,-1,-1,-1
271,52,840,887,114,69,1,-1,-1,-1
271,53,1856,580,202,95,1,-1,-1,-1
272,17,889,765,109,109,1,-1,-1,-1
272,19,826,748,221,213,1,-1,-1,-1
272,23,891,705,114,169,1,-1,-1,-1
272,24,1890,615,202,190,1,-1,-1,-1
272,25,1488,662,196,192,1,-1,-1,-1
272,27,1448,301,79,165,1,-1,-1,-1
272,28,2047,541,114,217,1,-1,-1,-1
272,31,2051,439,120,329,1,-1,-1,-1
272,34,953,588,124,176,1,-1,-1,-1
272,35,1085,557,149,232,1,-1,-1,-1
272,36,1516,291,122,319,1,-1,-1,-1
272,38,1447,414,100,111,1,-1,-1,-1
272,39,1420,473,72,191,1,-1,-1,-1
272,40,1382,455,171,206,1,-1,-1,-1
272,41,1505,367,64,139,1,-1,-1,-1
272,43,1430,336,111,208,1,-1,-1,-1
272,44,2223,386,93,235,1,-1,-1,-1
272,45,1922,174,97,168,1,-1,-1,-1
272,46,61,873,63,81,1,-1,-1,-1
272,47,1651,526,88,168,1,-1,-1,-1
272,48,2143,324,252,336,1,-1,-1,-1
272,49,6,839,104,180,1,-1,-1,-1
272,50,1956,530,187,225,1,-1,-1,-1
272,51,1537,153,115,165,1,-1,-1,-1
272,52,840,884,114,69,1,-1,-1,-1
272,53,1858,581,202,95,1,-1,-1,-1
273,19,826,748,221,213,1,-1,-1,-1
273,23,891,705,114,169,1,-1,-1,-1
273,24,1904,596,168,216,1,-1,-1,-1
273,25,1496,652,176,200,1,-1,-1,-1
273,27,1448,301,79,165,1,-1,-1,-1
273,28,2047,541,114,217,1,-1,-1,-1
273,31,2051,439,120,329,1,-1,-1,-1
273,34,953,588,124,176,1,-1,-1,-1
273,35,1085,557,149,232,1,-1,-1,-1
273,36,1516,291,122,319,1,-1,-1,-1
273,38,1447,414,100,111,1,-1,-1,-1
273,39,1420,473,72,191,1,-1,-1,-1
273,40,1382,455,171,206,1,-1,-1,-1
273,41,1505,367,64,139,1,-1,-1,-1
273,43,1430,336,111,208,1,-1,-1,-1
273,44,2223,386,93,235,1,-1,-1,-1
273,45,1922,174,97,168,1,-1,-1,-1
273,46,61,873,63,81,1,-1,-1,-1
273,47,1648,488,96,224,1,-1,-1,-1
273,48,2196,340,220,320,1,-1,-1,-1
273,49,0,844,116,168,1,-1,-1,-1
273,50,1956,530,187,225,1,-1,-1,-1
273,51,1544,140,104,184,1,-1,-1,-1
273,52,840,884,114,69,1,-1,-1,-1
273,53,1858,581,202,95,1,-1,-1,-1
273,54,1236,572,96,180,1,-1,-1,-1
274,19,824,748,221,213,1,-1,-1,-1
274,23,887,703,114,169,1,-1,-1,-1
274,24,1903,597,168,216,1,-1,-1,-1
274,25,1495,652,176,200,1,-1,-1,-1
274,27,1449,302,79,165,1,-1,-1,-1
274,28,2043,542,114,217,1,-1,-1,-1
274,31,2046,441,120,329,1,-1,-1,-1
274,34,947,584,130,185,1,-1,-1,-1
274,35,1080,550,156,244,1,-1,-1,-1
274,36,1520,272,122,319,1,-1,-1,-1
274,38,1442,408,100,111,1,-1,-1,-1
274,39,1421,471,72,191,1,-1,-1,-1
274,40,1381,454,171,206,1,-1,-1,-1
274,41,1501,364,61,133,1,-1,-1,-1
274,43,1426,337,106,198,1,-1,-1,-1
274,44,2229,385,93,235,1,-1,-1,-1
274,45,1913,179,97,168,1,-1,-1,-1
274,46,61,874,66,86,1,-1,-1,-1
274,47,1648,489,96,224,1,-1,-1,-1
274,48,2195,341,220,320,1,-1,-1,-1
274,49,0,845,116,168,1,-1,-1,-1
274,50,1946,533,187,225,1,-1,-1,-1
274,51,1543,141,104,184,1,-1,-1,-1
274,52,837,881,114,69,1,-1,-1,-1
274,53,1834,578,212,100,1,-1,-1,-1
274,54,1235,571,96,180,1,-1,-1,-1
275,19,827,752,210,203,1,-1,-1,-1
275,23,882,698,120,178,1,-1,-1,-1
275,24,1902,598,168,216,1,-1,-1,-1
275,25,1494,653,176,200,1,-1,-1,-1
275,27,1450,305,79,165,1,-1,-1,-1
275,28,2038,543,114,217,1,-1,-1,-1
275,31,2039,443,120,329,1,-1,-1,-1
275,34,943,586,130,185,1,-1,-1,-1
275,35,1082,556,149,232,1,-1,-1,-1
275,36,1524,272,116,304,1,-1,-1,-1
275,38,1442,412,100,111,1,-1,-1,-1
275,39,1421,469,76,201,1,-1,-1,-1
275,40,1381,454,171,206,1,-1,-1,-1
275,41,1499,371,58,126,1,-1,-1,-1
275,43,1422,340,106,198,1,-1,-1,-1
275,44,2230,383,93,235,1,-1,-1,-1
275,45,1913,178,97,168,1,-1,-1,-1
275,46,60,874,66,86,1,-1,-1,-1
275,47,1645,484,101,235,1,-1,-1,-1
275,48,2192,342,220,320,1,-1,-1,-1
275,49,1,846,116,168,1,-1,-1,-1
275,50,1943,533,187,225,1,-1,-1,-1
275,51,1542,141,104,184,1,-1,-1,-1
275,52,837,879,114,69,1,-1,-1,-1
275,53,1833,581,212,100,1,-1,-1,-1
275,54,1235,572,96,180,1,-1,-1,-1
276,19,827,752,210,203,1,-1,-1,-1
276,23,880,696,120,178,1,-1,-1,-1
276,24,1901,599,168,216,1,-1,-1,-1
276,25,1493,656,176,200,1,-1,-1,-1
276,27,1449,301,83,173,1,-1,-1,-1
276,28,2032,542,120,228,1,-1,-1,-1
276,31,2038,441,120,329,1,-1,-1,-1
276,34,940,588,130,185,1,-1,-1,-1
276,35,1085,557,149,232,1,-1,-1,-1
276,36,1524,302,116,304,1,-1,-1,-1
276,38,1444,417,95,106,1,-1,-1,-1
276,39,1423,469,76,201,1,-1,-1,-1
276,40,1380,450,180,216,1,-1,-1,-1
276,41,1499,375,58,126,1,-1,-1,-1
276,43,1423,347,101,189,1,-1,-1,-1
276,44,2228,382,98,247,1,-1,-1,-1
276,45,1910,181,97,168,1,-1,-1,-1
276,46,60,874,66,86,1,-1,-1,-1
276,47,1644,483,101,235,1,-1,-1,-1
276,48,2194,342,220,320,1,-1,-1,-1
276,49,2,847,116,168,1,-1,-1,-1
276,50,1942,536,187,225,1,-1,-1,-1
276,51,1540,143,104,184,1,-1,-1,-1
276,52,836,880,114,69,1,-1,-1,-1
276,53,1830,582,212,100,1,-1,-1,-1
276,54,1235,573,96,180,1,-1,-1,-1
277,19,823,748,221,213,1,-1,-1,-1
277,23,880,698,120,178,1,-1,-1,-1
277,24,1904,607,160,206,1,-1,-1,-1
277,25,1493,658,176,200,1,-1,-1,-1
277,27,1453,307,79,165,1,-1,-1,-1
277,28,2033,547,114,217,1,-1,-1,-1
277,31,2033,438,126,345,1,-1,-1,-1
277,34,935,588,137,194,1,-1,-1,-1
277,35,1081,552,156,244,1,-1,-1,-1
277,36,1522,303,116,304,1,-1,-1,-1
277,38,1444,420,95,106,1,-1,-1,-1
277,39,1423,470,76,201,1,-1,-1,-1
277,40,1377,444,189,227,1,-1,-1,-1
277,41,1498,377,58,126,1,-1,-1,-1
277,43,1423,351,101,189,1,-1,-1,-1
277,44,2230,385,98,247,1,-1,-1,-1
277,45,1910,186,97,168,1,-1,-1,-1
277,46,61,874,66,86,1,-1,-1,-1
277,47,1643,488,96,224,1,-1,-1,-1
277,48,2194,346,220,320,1,-1,-1,-1
277,49,3,848,116,168,1,-1,-1,-1
277,50,1942,538,187,225,1,-1,-1,-1
277,51,1541,149,99,175,1,-1,-1,-1
277,52,834,881,114,69,1,-1,-1,-1
277,53,1831,588,202,95,1,-1,-1,-1
277,54,1234,575,96,180,1,-1,-1,-1
278,19,822,749,221,213,1,-1,-1,-1
278,23,878,695,120,178,1,-1,-1,-1
278,24,1903,607,160,206,1,-1,-1,-1
278,25,1494,659,176,200,1,-1,-1,-1
278,27,1452,304,83,173,1,-1,-1,-1
278,28,2032,547,114,217,1,-1,-1,-1
278,31,2036,447,120,329,1,-1,-1,-1
278,34,934,586,137,194,1,-1,-1,-1
278,35,1077,544,164,256,1,-1,-1,-1
278,36,1524,309,110,290,1,-1,-1,-1
278,38,1445,418,95,106,1,-1,-1,-1
278,39,1426,468,76,201,1,-1,-1,-1
278,40,1378,445,189,227,1,-1,-1,-1
278,41,1499,378,58,126,1,-1,-1,-1
278,43,1424,348,101,189,1,-1,-1,-1
278,44,2232,383,98,247,1,-1,-1,-1
278,45,1911,188,97,168,1,-1,-1,-1
278,46,63,873,66,86,1,-1,-1,-1
278,47,1642,487,96,224,1,-1,-1,-1
278,48,2188,342,220,320,1,-1,-1,-1
278,49,5,847,116,168,1,-1,-1,-1
278,50,1932,536,196,236,1,-1,-1,-1
278,51,1539,147,104,184,1,-1,-1,-1
278,52,835,881,114,69,1,-1,-1,-1
278,53,1825,589,202,95,1,-1,-1,-1
278,54,1236,574,96,180,1,-1,-1,-1
279,19,829,753,210,203,1,-1,-1,-1
279,23,877,694,120,178,1,-1,-1,-1
279,24,1902,606,160,206,1,-1,-1,-1
279,25,1497,659,176,200,1,-1,-1,-1
279,27,1449,297,87,181,1,-1,-1,-1
279,28,2031,548,114,217,1,-1,-1,-1
279,31,2035,447,120,329,1,-1,-1,-1
279,34,934,587,137,194,1,-1,-1,-1
279,35,1083,551,156,244,1,-1,-1,-1
279,36,1519,304,116,304,1,-1,-1,-1
279,38,1445,419,95,106,1,-1,-1,-1
279,39,1429,472,72,191,1,-1,-1,-1
279,40,1386,448,180,216,1,-1,-1,-1
279,41,1502,377,58,126,1,-1,-1,-1
279,43,1427,347,101,189,1,-1,-1,-1
279,44,2232,384,98,247,1,-1,-1,-1
279,45,1912,187,97,168,1,-1,-1,-1
279,46,65,872,63,81,1,-1,-1,-1
279,47,1641,477,101,235,1,-1,-1,-1
279,48,2183,330,231,336,1,-1,-1,-1
279,49,6,844,116,168,1,-1,-1,-1
279,50,1932,540,196,236,1,-1,-1,-1
279,51,1543,151,99,175,1,-1,-1,-1
279,52,836,883,114,69,1,-1,-1,-1
279,53,1823,592,192,91,1,-1,-1,-1
279,54,1237,573,96,180,1,-1,-1,-1
280,19,830,750,210,203,1,-1,-1,-1
280,23,878,692,120,178,1,-1,-1,-1
280,24,1904,603,160,206,1,-1,-1,-1
280,25,1500,659,176,200,1,-1,-1,-1
280,27,1451,301,83,173,1,-1,-1,-1
280,28,2025,541,120,228,1,-1,-1,-1
280,31,2038,453,115,313,1,-1,-1,-1
280,34,933,582,137,194,1,-1,-1,-1
280,35,1084,549,156,244,1,-1,-1,-1
280,36,1512,302,116,304,1,-1,-1,-1
280,38,1445,416,95,106,1,-1,-1,-1
280,39,1431,471,72,191,1,-1,-1,-1
280,40,1390,445,180,216,1,-1,-1,-1
280,41,1502,377,58,126,1,-1,-1,-1
280,43,1425,342,101,189,1,-1,-1,-1
280,44,2235,390,93,235,1,-1,-1,-1
280,45,1915,187,97,168,1,-1,-1,-1
280,46,66,866,63,81,1,-1,-1,-1
280,47,1644,480,96,224,1,-1,-1,-1
280,48,2188,328,231,336,1,-1,-1,-1
280,49,8,839,116,168,1,-1,-1,-1
280,50,1931,537,196,236,1,-1,-1,-1
280,51,1543,150,99,175,1,-1,-1,-1
280,52,836,883,114,69,1,-1,-1,-1
280,53,1822,593,192,91,1,-1,-1,-1
280,54,1241,572,96,180,1,-1,-1,-1
281,19,824,668,216,288,1,-1,-1,-1
281,23,878,692,120,178,1,-1,-1,-1
281,24,1904,603,160,206,1,-1,-1,-1
281,25,1508,672,180,180,1,-1,-1,-1
281,27,1451,301,83,173,1,-1,-1,-1
281,28,2025,541,120,228,1,-1,-1,-1
281,31,2038,453,115,313,1,-1,-1,-1
281,34,933,582,137,194,1,-1,-1,-1
281,35,1100,520,156,224,1,-1,-1,-1
281,36,1512,302,116,304,1,-1,-1,-1
281,39,1431,471,72,191,1,-1,-1,-1
281,40,1368,436,208,228,1,-1,-1,-1
281,41,1502,377,58,126,1,-1,-1,-1
281,43,1425,342,101,189,1,-1,-1,-1
281,44,2235,390,93,235,1,-1,-1,-1
281,45,1915,187,97,168,1,-1,-1,-1
281,46,66,866,63,81,1,-1,-1,-1
281,47,1644,452,96,244,1,-1,-1,-1
281,48,2224,316,184,316,1,-1,-1,-1
281,49,0,832,120,176,1,-1,-1,-1
281,50,1931,537,196,236,1,-1,-1,-1
281,51,1543,150,99,175,1,-1,-1,-1
281,52,836,883,114,69,1,-1,-1,-1
281,53,1822,593,192,91,1,-1,-1,-1
281,54,1241,572,96,180,1,-1,-1,-1
281,55,960,552,160,248,1,-1,-1,-1
281,56,1848,564,160,224,1,-1,-1,-1
281,57,1924,136,220,224,1,-1,-1,-1
282,19,825,663,216,288,1,-1,-1,-1
282,23,886,687,120,178,1,-1,-1,-1
282,24,1910,590,160,206,1,-1,-1,-1
282,25,1517,671,171,171,1,-1,-1,-1
282,27,1452,288,83,173,1,-1,-1,-1
282,28,2021,530,126,239,1,-1,-1,-1
282,31,2036,441,120,329,1,-1,-1,-1
282,34,932,579,137,194,1,-1,-1,-1
282,35,1101,514,156,224,1,-1,-1,-1
282,36,1507,297,122,319,1,-1,-1,-1
282,39,1437,455,72,191,1,-1,-1,-1
282,40,1371,426,208,228,1,-1,-1,-1
282,41,1503,359,61,133,1,-1,-1,-1
282,43,1428,328,101,189,1,-1,-1,-1
282,44,2242,389,89,224,1,-1,-1,-1
282,45,1923,173,97,168,1,-1,-1,-1
282,46,76,850,63,81,1,-1,-1,-1
282,47,1647,454,91,232,1,-1,-1,-1
282,48,2225,312,184,316,1,-1,-1,-1
282,49,4,824,120,176,1,-1,-1,-1
282,50,1919,527,206,248,1,-1,-1,-1
282,51,1547,138,99,175,1,-1,-1,-1
282,52,841,877,114,69,1,-1,-1,-1
282,53,1820,589,183,86,1,-1,-1,-1
282,54,1250,555,96,180,1,-1,-1,-1
282,55,958,540,168,260,1,-1,-1,-1
282,56,1850,559,160,224,1,-1,-1,-1
282,57,1924,131,220,224,1,-1,-1,-1
283,19,830,657,216,288,1,-1,-1,-1
283,23,888,679,120,178,1,-1,-1,-1
283,24,1919,581,160,206,1,-1,-1,-1
283,25,1523,659,171,171,1,-1,-1,-1
283,27,1453,272,83,173,1,-1,-1,-1
283,28,2023,521,126,239,1,-1,-1,-1
283,31,2041,429,120,329,1,-1,-1,-1
283,34,933,576,137,194,1,-1,-1,-1
283,35,1107,505,156,224,1,-1,-1,-1
283,36,1503,299,122,319,1,-1,-1,-1
283,39,1443,447,72,191,1,-1,-1,-1
283,40,1380,425,198,217,1,-1,-1,-1
283,41,1512,345,61,133,1,-1,-1,-1
283,43,1430,321,101,189,1,-1,-1,-1
283,44,2243,375,93,235,1,-1,-1,-1
283,45,1925,163,97,168,1,-1,-1,-1
283,46,83,835,63,81,1,-1,-1,-1
283,47,1650,445,87,221,1,-1,-1,-1
283,48,2234,315,175,301,1,-1,-1,-1
283,49,10,813,120,176,1,-1,-1,-1
283,50,1915,514,216,260,1,-1,-1,-1
283,51,1547,130,99,175,1,-1,-1,-1
283,52,845,866,114,69,1,-1,-1,-1
283,53,1818,579,183,86,1,-1,-1,-1
283,54,1255,539,96,180,1,-1,-1,-1
283,55,963,531,168,260,1,-1,-1,-1
283,56,1852,545,160,224,1,-1,-1,-1
283,57,1926,119,220,224,1,-1,-1,-1
284,19,840,639,216,288,1,-1,-1,-1
284,23,895,658,126,187,1,-1,-1,-1
284,24,1927,567,160,206,1,-1,-1,-1
284,25,1529,647,171,171,1,-1,-1,-1
284,27,1455,253,87,181,1,-1,-1,-1
284,28,2026,509,126,239,1,-1,-1,-1
284,31,2045,413,120,329,1,-1,-1,-1
284,34,939,564,137,194,1,-1,-1,-1
284,35,1112,489,156,224,1,-1,-1,-1
284,36,1506,304,116,304,1,-1,-1,-1
284,39,1448,429,72,191,1,-1,-1,-1
284,40,1382,401,208,228,1,-1,-1,-1
284,41,1518,329,61,133,1,-1,-1,-1
284,43,1439,304,101,189,1,-1,-1,-1
284,44,2256,352,93,235,1,-1,-1,-1
284,45,1926,150,97,168,1,-1,-1,-1
284,46,90,824,63,81,1,-1,-1,-1
284,47,1656,428,87,221,1,-1,-1,-1
284,48,2238,284,184,316,1,-1,-1,-1
284,49,17,797,120,176,1,-1,-1,-1
284,50,1900,500,227,273,1,-1,-1,-1
284,51,1549,110,104,184,1,-1,-1,-1
284,52,848,854,114,69,1,-1,-1,-1
284,53,1823,568,174,82,1,-1,-1,-1
284,54,1260,520,101,189,1,-1,-1,-1
284,55,969,516,168,260,1,-1,-1,-1
284,56,1856,530,160,224,1,-1,-1,-1
284,57,1928,104,220,224,1,-1,-1,-1
285,19,835,633,216,288,1,-1,-1,-1
285,23,894,649,126,187,1,-1,-1,-1
285,24,1932,561,152,196,1,-1,-1,-1
285,25,1531,640,171,171,1,-1,-1,-1
285,27,1457,247,87,181,1,-1,-1,-1
285,28,2030,494,126,239,1,-1,-1,-1
285,31,2046,408,120,329,1,-1,-1,-1
285,34,934,555,137,194,1,-1,-1,-1
285,35,1114,483,156,224,1,-1,-1,-1
285,36,1505,305,110,290,1,-1,-1,-1
285,39,1451,419,72,191,1,-1,-1,-1
285,40,1390,400,198,217,1,-1,-1,-1
285,41,1527,316,61,133,1,-1,-1,-1
285,43,1440,294,101,189,1,-1,-1,-1
285,44,2258,347,93,235,1,-1,-1,-1
285,45,1926,137,97,168,1,-1,-1,-1
285,46,91,816,63,81,1,-1,-1,-1
285,47,1657,422,87,221,1,-1,-1,-1
285,48,2239,277,184,316,1,-1,-1,-1
285,49,18,791,120,176,1,-1,-1,-1
285,50,1899,493,227,273,1,-1,-1,-1
285,51,1549,97,104,184,1,-1,-1,-1
285,52,848,844,114,69,1,-1,-1,-1
285,53,1826,560,166,78,1,-1,-1,-1
285,54,1266,506,101,189,1,-1,-1,-1
285,55,972,514,168,260,1,-1,-1,-1
285,56,1856,526,160,224,1,-1,-1,-1
285,57,1927,98,220,224,1,-1,-1,-1
286,19,834,632,216,288,1,-1,-1,-1
286,23,896,644,126,187,1,-1,-1,-1
286,24,1936,565,145,187,1,-1,-1,-1
286,25,1531,637,171,171,1,-1,-1,-1
286,27,1461,250,83,173,1,-1,-1,-1
286,28,2027,496,126,239,1,-1,-1,-1
286,31,2045,406,120,329,1,-1,-1,-1
286,34,938,556,130,185,1,-1,-1,-1
286,35,1111,482,156,224,1,-1,-1,-1
286,36,1504,307,110,290,1,-1,-1,-1
286,39,1453,417,72,191,1,-1,-1,-1
286,40,1390,395,198,217,1,-1,-1,-1
286,41,1528,314,61,133,1,-1,-1,-1
286,43,1441,291,101,189,1,-1,-1,-1
286,44,2263,333,93,235,1,-1,-1,-1
286,45,1926,135,97,168,1,-1,-1,-1
286,46,93,816,63,81,1,-1,-1,-1
286,47,1657,417,87,221,1,-1,-1,-1
286,48,2232,258,193,332,1,-1,-1,-1
286,49,19,790,120,176,1,-1,-1,-1
286,50,1894,495,227,273,1,-1,-1,-1
286,51,1549,95,104,184,1,-1,-1,-1
286,52,846,841,114,69,1,-1,-1,-1
286,53,1821,558,166,78,1,-1,-1,-1
286,54,1263,502,106,198,1,-1,-1,-1
286,55,969,507,168,260,1,-1,-1,-1
286,56,1852,525,160,224,1,-1,-1,-1
286,57,1926,95,220,224,1,-1,-1,-1
287,19,836,630,216,288,1,-1,-1,-1
287,23,899,645,126,187,1,-1,-1,-1
287,24,1939,567,145,187,1,-1,-1,-1
287,25,1532,636,171,171,1,-1,-1,-1
287,27,1460,247,87,181,1,-1,-1,-1
287,28,2027,496,126,239,1,-1,-1,-1
287,31,2040,396,126,345,1,-1,-1,-1
287,34,938,554,130,185,1,-1,-1,-1
287,35,1117,485,149,213,1,-1,-1,-1
287,36,1499,287,116,304,1,-1,-1,-1
287,39,1456,417,72,191,1,-1,-1,-1
287,40,1392,395,198,217,1,-1,-1,-1
287,41,1529,316,61,133,1,-1,-1,-1
287,43,1441,290,101,189,1,-1,-1,-1
287,44,2267,329,93,235,1,-1,-1,-1
287,45,1928,134,97,168,1,-1,-1,-1
287,46,95,816,63,81,1,-1,-1,-1
287,47,1657,418,87,221,1,-1,-1,-1
287,48,2236,267,184,316,1,-1,-1,-1
287,49,21,790,120,176,1,-1,-1,-1
287,50,1893,494,227,273,1,-1,-1,-1
287,51,1546,96,104,184,1,-1,-1,-1
287,52,846,842,114,69,1,-1,-1,-1
287,53,1823,560,158,75,1,-1,-1,-1
287,54,1265,502,106,198,1,-1,-1,-1
287,55,966,506,168,260,1,-1,-1,-1
287,56,1852,525,160,224,1,-1,-1,-1
287,57,1926,94,220,224,1,-1,-1,-1
288,19,837,627,216,288,1,-1,-1,-1
288,23,898,645,126,187,1,-1,-1,-1
288,24,1940,567,145,187,1,-1,-1,-1
288,25,1532,637,171,171,1,-1,-1,-1
288,27,1464,252,83,173,1,-1,-1,-1
288,28,2029,500,120,228,1,-1,-1,-1
288,31,2037,393,126,345,1,-1,-1,-1
288,34,938,550,130,185,1,-1,-1,-1
288,35,1118,482,149,213,1,-1,-1,-1
288,36,1500,284,116,304,1,-1,-1,-1
288,39,1457,417,72,191,1,-1,-1,-1
288,40,1392,396,198,217,1,-1,-1,-1
288,41,1528,323,61,133,1,-1,-1,-1
288,43,1444,295,96,180,1,-1,-1,-1
288,44,2271,330,89,224,1,-1,-1,-1
288,45,1926,130,101,176,1,-1,-1,-1
288,46,99,816,63,81,1,-1,-1,-1
288,47,1655,411,91,232,1,-1,-1,-1
288,48,2239,266,184,316,1,-1,-1,-1
288,49,22,791,120,176,1,-1,-1,-1
288,50,1893,496,227,273,1,-1,-1,-1
288,51,1547,96,104,184,1,-1,-1,-1
288,52,845,841,114,69,1,-1,-1,-1
288,53,1819,561,158,75,1,-1,-1,-1
288,54,1268,504,106,198,1,-1,-1,-1
288,55,970,510,160,248,1,-1,-1,-1
288,56,1850,528,160,224,1,-1,-1,-1
288,57,1920,89,231,235,1,-1,-1,-1
289,19,837,627,216,288,1,-1,-1,-1
289,23,898,645,126,187,1,-1,-1,-1
289,24,1940,567,145,187,1,-1,-1,-1
289,25,1540,632,184,176,1,-1,-1,-1
289,27,1464,252,83,173,1,-1,-1,-1
289,28,2029,500,120,228,1,-1,-1,-1
289,31,2037,393,126,345,1,-1,-1,-1
289,34,938,550,130,185,1,-1,-1,-1
289,35,1124,484,132,212,1,-1,-1,-1
289,36,1500,284,116,304,1,-1,-1,-1
289,39,1457,417,72,191,1,-1,-1,-1
289,40,1392,396,198,217,1,-1,-1,-1
289,41,1528,323,61,133,1,-1,-1,-1
289,43,1444,295,96,180,1,-1,-1,-1
289,44,2271,330,89,224,1,-1,-1,-1
289,45,1926,130,101,176,1,-1,-1,-1
289,46,99,816,63,81,1,-1,-1,-1
289,47,1652,408,96,240,1,-1,-1,-1
289,48,2239,266,184,316,1,-1,-1,-1
289,49,0,788,156,180,1,-1,-1,-1
289,50,1893,496,227,273,1,-1,-1,-1
289,51,1547,96,104,184,1,-1,-1,-1
289,52,845,841,114,69,1,-1,-1,-1
289,53,1819,561,158,75,1,-1,-1,-1
289,54,1268,504,106,198,1,-1,-1,-1
289,55,970,510,160,248,1,-1,-1,-1
289,56,1860,528,188,232,1,-1,-1,-1
289,57,1920,89,231,235,1,-1,-1,-1
289,58,1452,404,132,220,1,-1,-1,-1
289,59,1368,404,112,220,1,-1,-1,-1
289,60,840,780,116,136,1,-1,-1,-1
290,19,841,628,216,288,1,-1,-1,-1
290,23,906,643,126,187,1,-1,-1,-1
290,24,1944,564,145,187,1,-1,-1,-1
290,25,1541,631,184,176,1,-1,-1,-1
290,27,1461,249,87,181,1,-1,-1,-1
290,28,2030,499,120,228,1,-1,-1,-1
290,31,2036,395,126,345,1,-1,-1,-1
290,34,940,553,130,185,1,-1,-1,-1
290,35,1126,482,132,212,1,-1,-1,-1
290,36,1502,302,110,290,1,-1,-1,-1
290,39,1460,415,72,191,1,-1,-1,-1
290,40,1393,394,198,217,1,-1,-1,-1
290,41,1526,321,61,133,1,-1,-1,-1
290,43,1445,292,96,180,1,-1,-1,-1
290,44,2276,329,85,213,1,-1,-1,-1
290,45,1927,132,101,176,1,-1,-1,-1
290,46,105,812,63,81,1,-1,-1,-1
290,47,1651,406,96,240,1,-1,-1,-1
290,48,2234,255,184,316,1,-1,-1,-1
290,49,3,787,156,180,1,-1,-1,-1
290,50,1888,497,227,273,1,-1,-1,-1
290,51,1547,94,104,184,1,-1,-1,-1
290,52,843,839,114,69,1,-1,-1,-1
290,53,1809,561,158,75,1,-1,-1,-1
290,54,1271,503,106,198,1,-1,-1,-1
290,55,971,508,160,248,1,-1,-1,-1
290,56,1859,527,188,232,1,-1,-1,-1
290,57,1913,90,231,235,1,-1,-1,-1
290,58,1453,404,132,220,1,-1,-1,-1
290,59,1367,404,112,220,1,-1,-1,-1
290,60,840,779,116,136,1,-1,-1,-1
291,19,838,626,216,288,1,-1,-1,-1
291,23,904,637,132,196,1,-1,-1,-1
291,24,1953,568,138,178,1,-1,-1,-1
291,25,1542,629,184,176,1,-1,-1,-1
291,27,1459,243,91,190,1,-1,-1,-1
291,28,2031,498,120,228,1,-1,-1,-1
291,31,2036,392,126,345,1,-1,-1,-1
291,34,941,553,124,176,1,-1,-1,-1
291,35,1127,481,132,212,1,-1,-1,-1
291,36,1501,320,110,290,1,-1,-1,-1
291,39,1462,414,72,191,1,-1,-1,-1
291,40,1395,393,198,217,1,-1,-1,-1
291,41,1525,323,61,133,1,-1,-1,-1
291,43,1445,291,96,180,1,-1,-1,-1
291,44,2279,329,85,213,1,-1,-1,-1
291,45,1926,133,101,176,1,-1,-1,-1
291,46,108,813,63,81,1,-1,-1,-1
291,47,1652,406,96,240,1,-1,-1,-1
291,48,2239,268,175,301,1,-1,-1,-1
291,49,5,788,156,180,1,-1,-1,-1
291,50,1880,493,238,287,1,-1,-1,-1
291,51,1546,94,104,184,1,-1,-1,-1
291,52,843,837,114,69,1,-1,-1,-1
291,53,1806,562,158,75,1,-1,-1,-1
291,54,1273,503,106,198,1,-1,-1,-1
291,55,977,514,152,236,1,-1,-1,-1
291,56,1858,528,188,232,1,-1,-1,-1
291,57,1912,91,231,235,1,-1,-1,-1
291,58,1454,403,132,220,1,-1,-1,-1
291,59,1367,404,112,220,1,-1,-1,-1
291,60,839,779,116,136,1,-1,-1,-1
292,19,830,622,227,302,1,-1,-1,-1
292,23,904,638,132,196,1,-1,-1,-1
292,24,1953,572,138,178,1,-1,-1,-1
292,25,1542,630,184,176,1,-1,-1,-1
292,27,1459,243,91,190,1,-1,-1,-1
292,28,2028,499,120,228,1,-1,-1,-1
292,31,2037,402,120,329,1,-1,-1,-1
292,34,940,548,124,176,1,-1,-1,-1
292,35,1131,486,126,202,1,-1,-1,-1
292,36,1496,314,110,290,1,-1,-1,-1
292,39,1464,419,69,182,1,-1,-1,-1
292,40,1392,392,198,217,1,-1,-1,-1
292,41,1523,328,58,126,1,-1,-1,-1
292,43,1444,291,96,180,1,-1,-1,-1
292,44,2281,354,81,203,1,-1,-1,-1
292,45,1923,129,107,185,1,-1,-1,-1
292,46,111,813,63,81,1,-1,-1,-1
292,47,1651,403,96,240,1,-1,-1,-1
292,48,2240,270,175,301,1,-1,-1,-1
292,49,7,786,156,180,1,-1,-1,-1
292,50,1885,495,227,273,1,-1,-1,-1
292,51,1545,94,104,184,1,-1,-1,-1
292,52,842,835,114,69,1,-1,-1,-1
292,53,1801,563,158,75,1,-1,-1,-1
292,54,1277,501,101,189,1,-1,-1,-1
292,55,979,513,152,236,1,-1,-1,-1
292,56,1857,527,188,232,1,-1,-1,-1
292,57,1904,91,231,235,1,-1,-1,-1
292,58,1453,402,132,220,1,-1,-1,-1
292,59,1366,404,112,220,1,-1,-1,-1
292,60,837,777,116,136,1,-1,-1,-1
293,19,834,627,216,288,1,-1,-1,-1
293,23,907,643,126,187,1,-1,-1,-1
293,24,1954,574,132,169,1,-1,-1,-1
293,25,1540,631,184,176,1,-1,-1,-1
293,27,1457,245,91,190,1,-1,-1,-1
293,28,2025,500,120,228,1,-1,-1,-1
293,31,2035,402,120,329,1,-1,-1,-1
293,34,939,554,124,176,1,-1,-1,-1
293,35,1130,486,126,202,1,-1,-1,-1
293,36,1490,315,110,290,1,-1,-1,-1
293,39,1461,413,72,191,1,-1,-1,-1
293,40,1391,394,198,217,1,-1,-1,-1
293,41,1519,327,58,126,1,-1,-1,-1
293,43,1443,292,96,180,1,-1,-1,-1
293,44,2281,363,77,193,1,-1,-1,-1
293,45,1927,128,107,185,1,-1,-1,-1
293,46,111,815,63,81,1,-1,-1,-1
293,47,1651,405,96,240,1,-1,-1,-1
293,48,2236,273,175,301,1,-1,-1,-1
293,49,10,787,156,180,1,-1,-1,-1
293,50,1887,495,227,273,1,-1,-1,-1
293,51,1544,93,104,184,1,-1,-1,-1
293,52,839,834,114,69,1,-1,-1,-1
293,53,1796,563,151,71,1,-1,-1,-1
293,54,1280,502,96,180,1,-1,-1,-1
293,55,978,513,152,236,1,-1,-1,-1
293,56,1854,528,188,232,1,-1,-1,-1
293,57,1899,91,231,235,1,-1,-1,-1
293,58,1451,404,132,220,1,-1,-1,-1
293,59,1364,404,112,220,1,-1,-1,-1
293,60,835,776,116,136,1,-1,-1,-1
294,19,827,631,216,288,1,-1,-1,-1
294,23,902,643,126,187,1,-1,-1,-1
294,24,1947,572,138,178,1,-1,-1,-1
294,25,1537,633,184,176,1,-1,-1,-1
294,27,1458,248,87,181,1,-1,-1,-1
294,28,2022,502,120,228,1,-1,-1,-1
294,31,2032,409,120,329,1,-1,-1,-1
294,34,928,561,124,176,1,-1,-1,-1
294,35,1130,488,126,202,1,-1,-1,-1
294,36,1487,296,116,304,1,-1,-1,-1
294,39,1460,415,72,191,1,-1,-1,-1
294,40,1388,394,198,217,1,-1,-1,-1
294,41,1516,330,56,120,1,-1,-1,-1
294,43,1438,294,96,180,1,-1,-1,-1
294,44,2281,367,77,193,1,-1,-1,-1
294,45,1928,133,101,176,1,-1,-1,-1
294,46,112,816,63,81,1,-1,-1,-1
294,47,1647,405,96,240,1,-1,-1,-1
294,48,2237,278,175,301,1,-1,-1,-1
294,49,11,790,156,180,1,-1,-1,-1
294,50,1892,500,216,260,1,-1,-1,-1
294,51,1544,94,104,184,1,-1,-1,-1
294,52,836,834,114,69,1,-1,-1,-1
294,53,1795,565,143,68,1,-1,-1,-1
294,54,1281,500,96,180,1,-1,-1,-1
294,55,972,508,160,248,1,-1,-1,-1
294,56,1849,531,188,232,1,-1,-1,-1
294,57,1890,93,231,235,1,-1,-1,-1
294,58,1449,407,132,220,1,-1,-1,-1
294,59,1357,400,118,231,1,-1,-1,-1
294,60,832,776,116,136,1,-1,-1,-1
295,19,820,634,216,288,1,-1,-1,-1
295,23,892,640,132,196,1,-1,-1,-1
295,24,1944,575,138,178,1,-1,-1,-1
295,25,1532,639,184,176,1,-1,-1,-1
295,27,1452,255,83,173,1,-1,-1,-1
295,28,2019,507,120,228,1,-1,-1,-1
295,31,2027,414,120,329,1,-1,-1,-1
295,34,912,576,124,176,1,-1,-1,-1
295,35,1127,495,126,202,1,-1,-1,-1
295,36,1477,315,122,319,1,-1,-1,-1
295,39,1457,412,76,201,1,-1,-1,-1
295,40,1383,399,198,217,1,-1,-1,-1
295,41,1508,338,53,115,1,-1,-1,-1
295,43,1434,300,96,180,1,-1,-1,-1
295,44,2280,370,77,193,1,-1,-1,-1
295,45,1922,133,107,185,1,-1,-1,-1
295,46,110,822,63,81,1,-1,-1,-1
295,47,1644,414,91,229,1,-1,-1,-1
295,48,2240,281,175,301,1,-1,-1,-1
295,49,10,793,156,180,1,-1,-1,-1
295,50,1886,507,216,260,1,-1,-1,-1
295,51,1542,98,104,184,1,-1,-1,-1
295,52,833,838,114,69,1,-1,-1,-1
295,53,1785,566,143,68,1,-1,-1,-1
295,54,1278,496,101,189,1,-1,-1,-1
295,55,969,513,160,248,1,-1,-1,-1
295,56,1844,534,188,232,1,-1,-1,-1
295,57,1883,98,231,235,1,-1,-1,-1
295,58,1447,413,132,220,1,-1,-1,-1
295,59,1350,403,118,231,1,-1,-1,-1
295,60,829,780,116,136,1,-1,-1,-1
296,19,822,645,216,288,1,-1,-1,-1
296,23,888,656,132,196,1,-1,-1,-1
296,24,1943,583,138,178,1,-1,-1,-1
296,25,1528,653,184,176,1,-1,-1,-1
296,27,1448,269,83,173,1,-1,-1,-1
296,28,2010,524,120,228,1,-1,-1,-1
296,31,2024,433,120,329,1,-1,-1,-1
296,34,901,596,118,168,1,-1,-1,-1
296,35,1125,507,126,202,1,-1,-1,-1
296,36,1475,331,122,319,1,-1,-1,-1
296,39,1455,423,76,201,1,-1,-1,-1
296,40,1382,407,198,217,1,-1,-1,-1
296,41,1502,348,53,115,1,-1,-1,-1
296,43,1433,317,91,171,1,-1,-1,-1
296,44,2279,382,77,193,1,-1,-1,-1
296,45,1911,149,107,185,1,-1,-1,-1
296,46,107,829,66,86,1,-1,-1,-1
296,47,1638,424,91,229,1,-1,-1,-1
296,48,2245,297,175,301,1,-1,-1,-1
296,49,7,805,156,180,1,-1,-1,-1
296,50,1888,516,216,260,1,-1,-1,-1
296,51,1536,110,104,184,1,-1,-1,-1
296,52,830,850,114,69,1,-1,-1,-1
296,53,1775,571,143,68,1,-1,-1,-1
296,54,1276,503,101,189,1,-1,-1,-1
296,55,972,529,152,236,1,-1,-1,-1
296,56,1834,545,197,244,1,-1,-1,-1
296,57,1874,116,231,235,1,-1,-1,-1
296,58,1445,423,132,220,1,-1,-1,-1
296,59,1349,413,118,231,1,-1,-1,-1
296,60,823,792,116,136,1,-1,-1,-1
297,19,822,645,216,288,1,-1,-1,-1
297,23,888,656,132,196,1,-1,-1,-1
297,24,1943,583,138,178,1,-1,-1,-1
297,25,1524,652,180,196,1,-1,-1,-1
297,27,1448,269,83,173,1,-1,-1,-1
297,28,2010,524,120,228,1,-1,-1,-1
297,31,2024,433,120,329,1,-1,-1,-1
297,34,901,596,118,168,1,-1,-1,-1
297,35,1125,507,126,202,1,-1,-1,-1
297,36,1475,331,122,319,1,-1,-1,-1
297,40,1382,407,198,217,1,-1,-1,-1
297,41,1502,348,53,115,1,-1,-1,-1
297,43,1433,317,91,171,1,-1,-1,-1
297,44,2279,382,77,193,1,-1,-1,-1
297,45,1911,149,107,185,1,-1,-1,-1
297,46,107,829,66,86,1,-1,-1,-1
297,47,1616,416,96,268,1,-1,-1,-1
297,48,2245,297,175,301,1,-1,-1,-1
297,49,0,824,156,180,1,-1,-1,-1
297,50,1888,516,216,260,1,-1,-1,-1
297,51,1536,110,104,184,1,-1,-1,-1
297,52,830,850,114,69,1,-1,-1,-1
297,53,1775,571,143,68,1,-1,-1,-1
297,54,1272,512,92,176,1,-1,-1,-1
297,55,972,529,152,236,1,-1,-1,-1
297,56,1834,545,197,244,1,-1,-1,-1
297,57,1884,156,164,208,1,-1,-1,-1
297,58,1436,452,144,220,1,-1,-1,-1
297,59,1349,413,118,231,1,-1,-1,-1
297,60,820,784,112,172,1,-1,-1,-1
297,61,1816,528,108,204,1,-1,-1,-1
297,62,1912,580,120,240,1,-1,-1,-1
297,63,1320,436,112,220,1,-1,-1,-1
298,19,801,681,216,288,1,-1,-1,-1
298,23,871,684,132,196,1,-1,-1,-1
298,24,1930,621,138,178,1,-1,-1,-1
298,25,1518,669,180,196,1,-1,-1,-1
298,27,1438,298,83,173,1,-1,-1,-1
298,28,2001,553,120,228,1,-1,-1,-1
298,31,2005,466,120,329,1,-1,-1,-1
298,34,884,627,124,176,1,-1,-1,-1
298,35,1114,531,132,212,1,-1,-1,-1
298,36,1474,333,128,335,1,-1,-1,-1
298,40,1379,439,198,217,1,-1,-1,-1
298,41,1490,375,56,120,1,-1,-1,-1
298,43,1421,350,87,163,1,-1,-1,-1
298,44,2276,406,77,193,1,-1,-1,-1
298,45,1924,189,107,185,1,-1,-1,-1
298,46,100,858,66,86,1,-1,-1,-1
298,47,1613,433,96,268,1,-1,-1,-1
298,48,2262,323,175,301,1,-1,-1,-1
298,49,-4,839,156,180,1,-1,-1,-1
298,50,1877,547,216,260,1,-1,-1,-1
298,51,1527,142,104,184,1,-1,-1,-1
298,52,816,876,114,69,1,-1,-1,-1
298,53,1748,588,143,68,1,-1,-1,-1
298,54,1267,529,92,176,1,-1,-1,-1
298,55,960,563,152,236,1,-1,-1,-1
298,56,1819,578,197,244,1,-1,-1,-1
298,57,1875,173,164,208,1,-1,-1,-1
298,58,1432,468,144,220,1,-1,-1,-1
298,59,1331,449,118,231,1,-1,-1,-1
298,60,814,801,112,172,1,-1,-1,-1
298,61,1810,549,108,204,1,-1,-1,-1
298,62,1907,600,120,240,1,-1,-1,-1
298,63,1316,457,112,220,1,-1,-1,-1
299,19,795,695,216,288,1,-1,-1,-1
299,23,868,699,132,196,1,-1,-1,-1
299,24,1931,641,138,178,1,-1,-1,-1
299,25,1513,681,180,196,1,-1,-1,-1
299,27,1431,313,83,173,1,-1,-1,-1
299,28,1987,573,120,228,1,-1,-1,-1
299,31,2000,470,120,329,1,-1,-1,-1
299,34,872,648,124,176,1,-1,-1,-1
299,35,1110,540,132,212,1,-1,-1,-1
299,36,1465,370,128,335,1,-1,-1,-1
299,40,1376,449,198,217,1,-1,-1,-1
299,41,1478,388,58,126,1,-1,-1,-1
299,43,1416,362,87,163,1,-1,-1,-1
299,44,2271,415,81,203,1,-1,-1,-1
299,45,1919,205,107,185,1,-1,-1,-1
299,46,94,872,66,86,1,-1,-1,-1
299,47,1609,446,91,255,1,-1,-1,-1
299,48,2267,334,167,287,1,-1,-1,-1
299,49,-8,850,156,180,1,-1,-1,-1
299,50,1869,563,216,260,1,-1,-1,-1
299,51,1519,157,104,184,1,-1,-1,-1
299,52,812,890,109,65,1,-1,-1,-1
299,53,1741,603,143,68,1,-1,-1,-1
299,54,1263,542,92,176,1,-1,-1,-1
299,55,958,573,152,236,1,-1,-1,-1
299,56,1818,593,197,244,1,-1,-1,-1
299,57,1872,190,156,198,1,-1,-1,-1
299,58,1429,479,144,220,1,-1,-1,-1
299,59,1329,468,118,231,1,-1,-1,-1
299,60,809,812,112,172,1,-1,-1,-1
299,61,1800,560,103,194,1,-1,-1,-1
299,62,1904,613,120,240,1,-1,-1,-1
299,63,1310,467,112,220,1,-1,-1,-1
300,19,791,700,216,288,1,-1,-1,-1
300,23,860,700,139,206,1,-1,-1,-1
300,24,1932,648,138,178,1,-1,-1,-1
300,25,1511,685,180,196,1,-1,-1,-1
300,27,1428,320,83,173,1,-1,-1,-1
300,28,1985,575,120,228,1,-1,-1,-1
300,31,1995,475,120,329,1,-1,-1,-1
300,34,867,644,124,176,1,-1,-1,-1
300,35,1112,545,126,202,1,-1,-1,-1
300,36,1444,369,128,335,1,-1,-1,-1
300,40,1382,458,189,207,1,-1,-1,-1
300,41,1472,391,58,126,1,-1,-1,-1
300,43,1414,366,87,163,1,-1,-1,-1
300,44,2272,412,85,213,1,-1,-1,-1
300,45,1906,209,107,185,1,-1,-1,-1
300,46,93,875,66,86,1,-1,-1,-1
300,47,1605,450,91,255,1,-1,-1,-1
300,48,2271,347,159,273,1,-1,-1,-1
300,49,-9,856,156,180,1,-1,-1,-1
300,50,1871,572,206,248,1,-1,-1,-1
300,51,1516,161,109,193,1,-1,-1,-1
300,52,811,898,109,65,1,-1,-1,-1
300,53,1740,620,137,64,1,-1,-1,-1
300,54,1261,548,92,176,1,-1,-1,-1
300,55,960,587,145,225,1,-1,-1,-1
300,56,1811,595,207,256,1,-1,-1,-1
300,57,1866,195,156,198,1,-1,-1,-1
300,58,1431,487,137,210,1,-1,-1,-1
300,59,1321,467,118,231,1,-1,-1,-1
300,60,803,813,118,181,1,-1,-1,-1
300,61,1794,566,103,194,1,-1,-1,-1
300,62,1901,616,120,240,1,-1,-1,-1
300,63,1308,479,107,210,1,-1,-1,-1
301,19,785,704,216,288,1,-1,-1,-1
301,23,858,702,139,206,1,-1,-1,-1
301,24,1932,647,138,178,1,-1,-1,-1
301,25,1509,688,180,196,1,-1,-1,-1
301,27,1427,326,79,165,1,-1,-1,-1
301,28,1981,579,120,228,1,-1,-1,-1
301,31,1989,481,120,329,1,-1,-1,-1
301,34,867,645,124,176,1,-1,-1,-1
301,35,1112,543,126,202,1,-1,-1,-1
301,36,1437,359,134,352,1,-1,-1,-1
301,40,1388,462,180,197,1,-1,-1,-1
301,41,1467,395,58,126,1,-1,-1,-1
301,43,1411,368,87,163,1,-1,-1,-1
301,44,2269,402,85,213,1,-1,-1,-1
301,45,1904,219,101,176,1,-1,-1,-1
301,46,91,875,66,86,1,-1,-1,-1
301,47,1600,453,91,255,1,-1,-1,-1
301,48,2266,348,159,273,1,-1,-1,-1
301,49,-9,856,156,180,1,-1,-1,-1
301,50,1860,569,216,260,1,-1,-1,-1
301,51,1514,168,104,184,1,-1,-1,-1
301,52,809,901,109,65,1,-1,-1,-1
301,53,1729,625,137,64,1,-1,-1,-1
301,54,1258,550,92,176,1,-1,-1,-1
301,55,955,588,145,225,1,-1,-1,-1
301,56,1810,596,207,256,1,-1,-1,-1
301,57,1862,198,156,198,1,-1,-1,-1
301,58,1429,490,137,210,1,-1,-1,-1
301,59,1318,468,118,231,1,-1,-1,-1
301,60,799,816,118,181,1,-1,-1,-1
301,61,1788,570,103,194,1,-1,-1,-1
301,62,1902,621,114,229,1,-1,-1,-1
301,63,1302,477,112,220,1,-1,-1,-1
302,19,782,707,216,288,1,-1,-1,-1
302,23,855,706,139,206,1,-1,-1,-1
302,24,1939,657,138,178,1,-1,-1,-1
302,25,1507,692,180,196,1,-1,-1,-1
302,27,1427,329,75,157,1,-1,-1,-1
302,28,1978,583,120,228,1,-1,-1,-1
302,31,1986,488,120,329,1,-1,-1,-1
302,34,864,645,124,176,1,-1,-1,-1
302,35,1111,545,126,202,1,-1,-1,-1
302,36,1438,378,128,335,1,-1,-1,-1
302,40,1387,466,180,197,1,-1,-1,-1
302,41,1464,399,58,126,1,-1,-1,-1
302,43,1408,369,87,163,1,-1,-1,-1
302,44,2268,416,85,213,1,-1,-1,-1
302,45,1904,233,97,168,1,-1,-1,-1
302,46,90,878,66,86,1,-1,-1,-1
302,47,1596,459,91,255,1,-1,-1,-1
302,48,2262,349,159,273,1,-1,-1,-1
302,49,-10,859,156,180,1,-1,-1,-1
302,50,1864,578,206,248,1,-1,-1,-1
302,51,1509,166,109,193,1,-1,-1,-1
302,52,804,904,109,65,1,-1,-1,-1
302,53,1728,636,130,61,1,-1,-1,-1
302,54,1256,556,92,176,1,-1,-1,-1
302,55,955,593,145,225,1,-1,-1,-1
302,56,1813,603,207,256,1,-1,-1,-1
302,57,1853,202,156,198,1,-1,-1,-1
302,58,1430,495,137,210,1,-1,-1,-1
302,59,1312,473,118,231,1,-1,-1,-1
302,60,796,817,118,181,1,-1,-1,-1
302,61,1781,578,98,185,1,-1,-1,-1
302,62,1897,624,114,229,1,-1,-1,-1
302,63,1298,481,112,220,1,-1,-1,-1
303,19,788,714,206,274,1,-1,-1,-1
303,23,849,711,139,206,1,-1,-1,-1
303,24,1929,666,138,178,1,-1,-1,-1
303,25,1504,696,180,196,1,-1,-1,-1
303,27,1427,335,72,149,1,-1,-1,-1
303,28,1975,585,120,228,1,-1,-1,-1
303,31,1983,489,120,329,1,-1,-1,-1
303,34,862,650,124,176,1,-1,-1,-1
303,35,1110,544,126,202,1,-1,-1,-1
303,36,1437,390,122,319,1,-1,-1,-1
303,40,1390,466,180,197,1,-1,-1,-1
303,41,1459,403,58,126,1,-1,-1,-1
303,43,1406,371,87,163,1,-1,-1,-1
303,44,2269,412,85,213,1,-1,-1,-1
303,45,1898,239,92,160,1,-1,-1,-1
303,46,89,882,63,81,1,-1,-1,-1
303,47,1594,469,87,243,1,-1,-1,-1
303,48,2253,357,159,273,1,-1,-1,-1
303,49,-12,860,156,180,1,-1,-1,-1
303,50,1851,578,216,260,1,-1,-1,-1
303,51,1505,173,109,193,1,-1,-1,-1
303,52,803,906,109,65,1,-1,-1,-1
303,53,1721,646,124,58,1,-1,-1,-1
303,54,1256,562,88,168,1,-1,-1,-1
303,55,950,600,145,225,1,-1,-1,-1
303,56,1813,608,197,244,1,-1,-1,-1
303,57,1849,207,156,198,1,-1,-1,-1
303,58,1429,496,137,210,1,-1,-1,-1
303,59,1309,476,118,231,1,-1,-1,-1
303,60,796,824,112,172,1,-1,-1,-1
303,61,1776,583,98,185,1,-1,-1,-1
303,62,1895,625,114,229,1,-1,-1,-1
303,63,1295,485,112,220,1,-1,-1,-1
304,19,782,715,216,288,1,-1,-1,-1
304,23,847,716,139,206,1,-1,-1,-1
304,24,1931,658,145,187,1,-1,-1,-1
304,25,1502,700,180,196,1,-1,-1,-1
304,27,1424,340,72,149,1,-1,-1,-1
304,28,1972,588,120,228,1,-1,-1,-1
304,31,1979,496,120,329,1,-1,-1,-1
304,34,860,653,124,176,1,-1,-1,-1
304,35,1115,549,120,192,1,-1,-1,-1
304,36,1434,393,122,319,1,-1,-1,-1
304,40,1397,473,171,188,1,-1,-1,-1
304,41,1456,405,58,126,1,-1,-1,-1
304,43,1403,377,87,163,1,-1,-1,-1
304,44,2272,413,85,213,1,-1,-1,-1
304,45,1890,247,92,160,1,-1,-1,-1
304,46,90,885,63,81,1,-1,-1,-1
304,47,1587,466,91,255,1,-1,-1,-1
304,48,2252,358,159,273,1,-1,-1,-1
304,49,-14,865,156,180,1,-1,-1,-1
304,50,1847,584,216,260,1,-1,-1,-1
304,51,1502,177,109,193,1,-1,-1,-1
304,52,802,912,109,65,1,-1,-1,-1
304,53,1713,657,124,58,1,-1,-1,-1
304,54,1254,564,88,168,1,-1,-1,-1
304,55,949,604,145,225,1,-1,-1,-1
304,56,1801,613,197,244,1,-1,-1,-1
304,57,1849,216,149,189,1,-1,-1,-1
304,58,1426,493,144,220,1,-1,-1,-1
304,59,1302,476,118,231,1,-1,-1,-1
304,60,794,829,112,172,1,-1,-1,-1
304,61,1770,584,103,194,1,-1,-1,-1
304,62,1897,634,109,218,1,-1,-1,-1
304,63,1291,489,112,220,1,-1,-1,-1
