1,0,1976,76,260,336,1,-1,-1,-1
1,1,1608,0,204,196,1,-1,-1,-1
1,2,4,588,524,688,1,-1,-1,-1
1,3,1264,0,244,204,1,-1,-1,-1
1,4,1700,148,320,392,1,-1,-1,-1
1,5,384,124,188,328,1,-1,-1,-1
1,6,584,4,248,448,1,-1,-1,-1
1,7,836,88,176,232,1,-1,-1,-1
1,8,1176,240,508,296,1,-1,-1,-1
1,9,240,168,204,352,1,-1,-1,-1
1,10,2412,344,148,164,1,-1,-1,-1
1,11,48,284,256,320,1,-1,-1,-1
1,12,680,132,568,672,1,-1,-1,-1
2,0,1977,76,260,336,1,-1,-1,-1
2,1,1608,0,204,196,1,-1,-1,-1
2,2,4,586,524,688,1,-1,-1,-1
2,3,1264,0,244,204,1,-1,-1,-1
2,4,1699,147,320,392,1,-1,-1,-1
2,5,384,124,188,328,1,-1,-1,-1
2,6,584,4,248,448,1,-1,-1,-1
2,7,836,88,176,232,1,-1,-1,-1
2,8,1175,240,508,296,1,-1,-1,-1
2,9,240,168,204,352,1,-1,-1,-1
2,10,2412,344,148,164,1,-1,-1,-1
2,11,49,284,256,320,1,-1,-1,-1
2,12,680,132,568,672,1,-1,-1,-1
3,0,1977,75,260,336,1,-1,-1,-1
3,1,1604,1,204,196,1,-1,-1,-1
3,2,8,587,524,688,1,-1,-1,-1
3,3,1266,0,244,204,1,-1,-1,-1
3,4,1702,147,320,392,1,-1,-1,-1
3,5,384,123,188,328,1,-1,-1,-1
3,6,585,4,248,448,1,-1,-1,-1
3,7,837,87,176,232,1,-1,-1,-1
3,8,1177,240,508,296,1,-1,-1,-1
3,9,240,168,204,352,1,-1,-1,-1
3,10,2412,345,148,164,1,-1,-1,-1
3,11,47,285,256,320,1,-1,-1,-1
3,12,679,129,568,672,1,-1,-1,-1
4,0,1975,75,260,336,1,-1,-1,-1
4,1,1590,0,204,195,1,-1,-1,-1
4,2,10,583,524,688,1,-1,-1,-1
4,3,1264,0,244,203,1,-1,-1,-1
4,4,1704,147,320,392,1,-1,-1,-1
4,5,384,124,188,328,1,-1,-1,-1
4,6,585,4,248,448,1,-1,-1,-1
4,7,838,86,176,232,1,-1,-1,-1
4,8,1178,240,508,296,1,-1,-1,-1
4,9,240,167,204,352,1,-1,-1,-1
4,10,2411,346,148,164,1,-1,-1,-1
4,11,47,286,256,320,1,-1,-1,-1
4,12,669,125,568,672,1,-1,-1,-1
5,0,1974,75,260,336,1,-1,-1,-1
5,1,1574,0,214,202,1,-1,-1,-1
5,2,9,573,524,688,1,-1,-1,-1
5,3,1263,0,244,203,1,-1,-1,-1
5,4,1706,151,320,392,1,-1,-1,-1
5,5,384,123,188,328,1,-1,-1,-1
5,6,587,5,248,448,1,-1,-1,-1
5,7,839,85,176,232,1,-1,-1,-1
5,8,1180,241,508,296,1,-1,-1,-1
5,9,240,167,204,352,1,-1,-1,-1
5,10,2411,347,148,164,1,-1,-1,-1
5,11,47,284,256,320,1,-1,-1,-1
5,12,672,119,568,672,1,-1,-1,-1
6,0,1973,74,260,336,1,-1,-1,-1
6,1,1558,2,214,206,1,-1,-1,-1
6,2,6,560,524,688,1,-1,-1,-1
6,3,1264,0,244,202,1,-1,-1,-1
6,4,1709,151,320,392,1,-1,-1,-1
6,5,384,123,188,328,1,-1,-1,-1
6,6,588,3,248,448,1,-1,-1,-1
6,7,840,83,176,232,1,-1,-1,-1
6,8,1182,241,508,296,1,-1,-1,-1
6,9,240,166,204,352,1,-1,-1,-1
6,10,2411,348,148,164,1,-1,-1,-1
6,11,46,282,256,320,1,-1,-1,-1
6,12,674,115,568,672,1,-1,-1,-1
7,0,1966,68,260,336,1,-1,-1,-1
7,1,1500,0,214,203,1,-1,-1,-1
7,2,8,530,524,688,1,-1,-1,-1
7,3,1259,0,244,201,1,-1,-1,-1
7,4,1711,145,320,392,1,-1,-1,-1
7,5,384,123,188,328,1,-1,-1,-1
7,6,590,3,248,448,1,-1,-1,-1
7,7,841,82,176,232,1,-1,-1,-1
7,8,1175,243,508,296,1,-1,-1,-1
7,9,240,166,204,352,1,-1,-1,-1
7,10,2410,344,148,164,1,-1,-1,-1
7,11,47,280,256,320,1,-1,-1,-1
7,12,667,116,568,672,1,-1,-1,-1
8,0,1964,69,260,336,1,-1,-1,-1
8,1,1504,3,204,196,1,-1,-1,-1
8,2,11,544,499,655,1,-1,-1,-1
8,3,1260,0,244,201,1,-1,-1,-1
8,4,1720,150,305,373,1,-1,-1,-1
8,5,384,123,188,328,1,-1,-1,-1
8,6,590,3,248,448,1,-1,-1,-1
8,7,842,83,176,232,1,-1,-1,-1
8,8,1165,237,533,311,1,-1,-1,-1
8,9,240,166,204,352,1,-1,-1,-1
8,10,2411,344,148,164,1,-1,-1,-1
8,11,48,277,256,320,1,-1,-1,-1
8,12,669,115,568,672,1,-1,-1,-1
9,0,1952,60,260,340,1,-1,-1,-1
9,1,1512,4,192,168,1,-1,-1,-1
9,2,4,492,524,748,1,-1,-1,-1
9,3,1260,4,208,204,1,-1,-1,-1
9,4,1716,148,288,396,1,-1,-1,-1
9,5,388,124,188,328,1,-1,-1,-1
9,6,576,4,260,444,1,-1,-1,-1
9,7,612,112,1372,1308,1,-1,-1,-1
9,8,1172,240,512,336,1,-1,-1,-1
9,9,244,168,200,348,1,-1,-1,-1
9,10,2416,332,144,288,1,-1,-1,-1
9,11,48,277,256,320,1,-1,-1,-1
9,12,669,115,568,672,1,-1,-1,-1
9,13,2020,24,180,164,1,-1,-1,-1
9,14,2200,560,360,856,1,-1,-1,-1
10,0,1950,59,260,340,1,-1,-1,-1
10,1,1509,4,192,168,1,-1,-1,-1
10,2,4,485,524,748,1,-1,-1,-1
10,3,1260,5,208,204,1,-1,-1,-1
10,4,1715,148,288,396,1,-1,-1,-1
10,5,388,124,188,328,1,-1,-1,-1
10,6,576,4,260,444,1,-1,-1,-1
10,7,601,111,1372,1308,1,-1,-1,-1
10,8,1168,240,512,336,1,-1,-1,-1
10,9,244,168,200,348,1,-1,-1,-1
10,10,2417,333,143,288,1,-1,-1,-1
10,11,50,275,256,320,1,-1,-1,-1
10,12,677,125,541,640,1,-1,-1,-1
10,13,2018,23,180,164,1,-1,-1,-1
10,14,2201,559,359,856,1,-1,-1,-1
11,0,1948,58,260,340,1,-1,-1,-1
11,1,1506,1,192,168,1,-1,-1,-1
11,2,5,477,524,748,1,-1,-1,-1
11,3,1259,6,208,204,1,-1,-1,-1
11,4,1714,151,288,396,1,-1,-1,-1
11,5,388,124,188,328,1,-1,-1,-1
11,6,577,4,260,444,1,-1,-1,-1
11,7,575,114,1372,1308,1,-1,-1,-1
11,8,1162,243,512,336,1,-1,-1,-1
11,9,245,167,200,348,1,-1,-1,-1
11,10,2417,334,143,288,1,-1,-1,-1
11,11,50,276,256,320,1,-1,-1,-1
11,12,673,124,541,640,1,-1,-1,-1
11,13,2014,22,180,164,1,-1,-1,-1
11,14,2202,559,358,856,1,-1,-1,-1
12,0,1945,57,260,340,1,-1,-1,-1
12,1,1502,2,192,168,1,-1,-1,-1
12,2,0,474,523,748,1,-1,-1,-1
12,3,1260,6,208,204,1,-1,-1,-1
12,4,1712,152,288,396,1,-1,-1,-1
12,5,387,123,188,328,1,-1,-1,-1
12,6,575,3,260,444,1,-1,-1,-1
12,7,577,118,1372,1308,1,-1,-1,-1
12,8,1151,232,538,353,1,-1,-1,-1
12,9,245,166,200,348,1,-1,-1,-1
12,10,2415,334,144,288,1,-1,-1,-1
12,11,51,275,256,320,1,-1,-1,-1
12,12,670,118,541,640,1,-1,-1,-1
12,13,2008,22,180,164,1,-1,-1,-1
12,14,2203,560,357,856,1,-1,-1,-1
13,0,1940,55,260,340,1,-1,-1,-1
13,1,1494,3,192,168,1,-1,-1,-1
13,2,0,469,520,748,1,-1,-1,-1
13,3,1263,2,208,204,1,-1,-1,-1
13,4,1716,157,274,377,1,-1,-1,-1
13,5,389,124,188,328,1,-1,-1,-1
13,6,573,1,260,444,1,-1,-1,-1
13,7,553,122,1372,1308,1,-1,-1,-1
13,8,1160,242,512,336,1,-1,-1,-1
13,9,245,166,200,348,1,-1,-1,-1
13,10,2409,331,144,288,1,-1,-1,-1
13,11,52,274,256,320,1,-1,-1,-1
13,12,660,103,541,640,1,-1,-1,-1
13,13,2003,21,180,164,1,-1,-1,-1
13,14,2203,559,357,856,1,-1,-1,-1
14,0,1937,53,260,340,1,-1,-1,-1
14,1,1492,2,192,168,1,-1,-1,-1
14,2,0,470,523,748,1,-1,-1,-1
14,3,1267,6,198,194,1,-1,-1,-1
14,4,1710,155,274,377,1,-1,-1,-1
14,5,390,124,188,328,1,-1,-1,-1
14,6,570,1,260,444,1,-1,-1,-1
14,7,544,125,1372,1308,1,-1,-1,-1
14,8,1159,241,512,336,1,-1,-1,-1
14,9,244,166,200,348,1,-1,-1,-1
14,10,2407,331,144,288,1,-1,-1,-1
14,11,52,274,256,320,1,-1,-1,-1
14,12,657,98,541,640,1,-1,-1,-1
14,13,2002,20,180,164,1,-1,-1,-1
14,14,2203,559,357,856,1,-1,-1,-1
15,0,1938,51,260,340,1,-1,-1,-1
15,1,1487,1,192,168,1,-1,-1,-1
15,2,0,465,522,748,1,-1,-1,-1
15,3,1269,3,198,194,1,-1,-1,-1
15,4,1704,144,288,396,1,-1,-1,-1
15,5,390,124,188,328,1,-1,-1,-1
15,6,568,1,260,444,1,-1,-1,-1
15,7,534,135,1372,1305,1,-1,-1,-1
15,8,1160,239,512,336,1,-1,-1,-1
15,9,244,166,200,348,1,-1,-1,-1
15,10,2405,328,144,288,1,-1,-1,-1
15,11,52,273,256,320,1,-1,-1,-1
15,12,659,95,541,640,1,-1,-1,-1
15,13,2000,21,180,164,1,-1,-1,-1
15,14,2204,560,356,856,1,-1,-1,-1
16,0,1936,52,260,340,1,-1,-1,-1
16,1,1477,0,192,167,1,-1,-1,-1
16,2,0,468,523,748,1,-1,-1,-1
16,3,1269,1,198,194,1,-1,-1,-1
16,4,1704,147,288,396,1,-1,-1,-1
16,5,391,124,188,328,1,-1,-1,-1
16,6,571,10,248,423,1,-1,-1,-1
16,7,512,135,1372,1305,1,-1,-1,-1
16,8,1164,241,512,336,1,-1,-1,-1
16,9,245,166,200,348,1,-1,-1,-1
16,10,2403,325,144,288,1,-1,-1,-1
16,11,52,273,256,320,1,-1,-1,-1
16,12,657,92,541,640,1,-1,-1,-1
16,13,2000,21,180,164,1,-1,-1,-1
16,14,2200,560,360,856,1,-1,-1,-1
17,0,1964,48,228,332,1,-1,-1,-1
17,1,1472,0,164,164,1,-1,-1,-1
17,2,0,484,408,576,1,-1,-1,-1
17,3,1276,0,168,176,1,-1,-1,-1
17,4,1712,120,304,416,1,-1,-1,-1
17,5,388,128,196,324,1,-1,-1,-1
17,6,588,8,236,392,1,-1,-1,-1
17,7,396,292,1460,1120,1,-1,-1,-1
17,8,1164,244,520,368,1,-1,-1,-1
17,9,252,180,192,340,1,-1,-1,-1
17,10,2376,304,184,416,1,-1,-1,-1
17,11,52,273,256,320,1,-1,-1,-1
17,12,657,92,541,640,1,-1,-1,-1
17,13,2000,21,180,164,1,-1,-1,-1
17,14,2196,668,364,756,1,-1,-1,-1
17,15,632,304,760,432,1,-1,-1,-1
17,16,1888,0,180,128,1,-1,-1,-1
18,0,1962,48,228,332,1,-1,-1,-1
18,1,1470,0,164,162,1,-1,-1,-1
18,2,1,483,408,576,1,-1,-1,-1
18,3,1275,0,168,174,1,-1,-1,-1
18,4,1713,117,304,416,1,-1,-1,-1
18,5,388,128,196,324,1,-1,-1,-1
18,6,588,8,236,392,1,-1,-1,-1
18,7,375,293,1460,1120,1,-1,-1,-1
18,8,1163,243,520,368,1,-1,-1,-1
18,9,252,180,192,340,1,-1,-1,-1
18,10,2377,305,183,416,1,-1,-1,-1
18,11,51,275,256,320,1,-1,-1,-1
18,12,667,87,541,640,1,-1,-1,-1
18,13,2000,24,180,164,1,-1,-1,-1
18,14,2194,669,364,756,1,-1,-1,-1
18,15,631,302,760,432,1,-1,-1,-1
18,16,1884,0,180,128,1,-1,-1,-1
19,0,1959,49,228,332,1,-1,-1,-1
19,1,1456,0,164,164,1,-1,-1,-1
19,2,0,487,405,576,1,-1,-1,-1
19,3,1277,0,168,174,1,-1,-1,-1
19,4,1708,116,304,416,1,-1,-1,-1
19,5,390,126,196,324,1,-1,-1,-1
19,6,591,10,236,392,1,-1,-1,-1
19,7,362,305,1460,1120,1,-1,-1,-1
19,8,1159,238,520,368,1,-1,-1,-1
19,9,253,180,192,340,1,-1,-1,-1
19,10,2377,303,183,416,1,-1,-1,-1
19,11,53,279,256,320,1,-1,-1,-1
19,12,668,74,541,640,1,-1,-1,-1
19,13,1997,25,180,164,1,-1,-1,-1
19,14,2192,671,364,756,1,-1,-1,-1
19,15,632,292,760,432,1,-1,-1,-1
19,16,1883,1,180,128,1,-1,-1,-1
20,0,1958,49,228,332,1,-1,-1,-1
20,1,1455,0,164,164,1,-1,-1,-1
20,2,0,486,407,576,1,-1,-1,-1
20,3,1276,0,168,173,1,-1,-1,-1
20,4,1707,111,304,416,1,-1,-1,-1
20,5,390,125,196,324,1,-1,-1,-1
20,6,591,11,236,392,1,-1,-1,-1
20,7,357,316,1460,1120,1,-1,-1,-1
20,8,1162,230,520,368,1,-1,-1,-1
20,9,253,181,192,340,1,-1,-1,-1
20,10,2378,302,182,416,1,-1,-1,-1
20,11,55,280,256,320,1,-1,-1,-1
20,12,668,74,541,640,1,-1,-1,-1
20,13,1995,25,180,164,1,-1,-1,-1
20,14,2191,674,364,756,1,-1,-1,-1
20,15,636,288,760,432,1,-1,-1,-1
20,16,1883,2,180,128,1,-1,-1,-1
21,0,1958,49,228,332,1,-1,-1,-1
21,1,1453,1,164,164,1,-1,-1,-1
21,2,0,489,408,576,1,-1,-1,-1
21,3,1280,0,168,172,1,-1,-1,-1
21,4,1709,111,304,416,1,-1,-1,-1
21,5,391,123,196,324,1,-1,-1,-1
21,6,591,11,236,392,1,-1,-1,-1
21,7,360,322,1460,1118,1,-1,-1,-1
21,8,1161,235,520,368,1,-1,-1,-1
21,9,254,183,192,340,1,-1,-1,-1
21,10,2379,301,181,416,1,-1,-1,-1
21,11,57,282,256,320,1,-1,-1,-1
21,12,671,77,541,640,1,-1,-1,-1
21,13,1993,25,180,164,1,-1,-1,-1
21,14,2187,678,364,756,1,-1,-1,-1
21,15,637,287,760,432,1,-1,-1,-1
21,16,1883,2,180,128,1,-1,-1,-1
22,0,1957,47,228,332,1,-1,-1,-1
22,1,1446,2,164,164,1,-1,-1,-1
22,2,0,486,408,576,1,-1,-1,-1
22,3,1281,0,168,172,1,-1,-1,-1
22,4,1715,119,290,396,1,-1,-1,-1
22,5,392,125,196,324,1,-1,-1,-1
22,6,594,12,236,392,1,-1,-1,-1
22,7,334,302,1533,1138,1,-1,-1,-1
22,8,1176,244,495,350,1,-1,-1,-1
22,9,256,185,192,340,1,-1,-1,-1
22,10,2378,294,182,416,1,-1,-1,-1
22,11,57,282,256,320,1,-1,-1,-1
22,12,675,77,541,640,1,-1,-1,-1
22,13,1991,24,180,164,1,-1,-1,-1
22,14,2186,679,364,756,1,-1,-1,-1
22,15,640,294,760,432,1,-1,-1,-1
22,16,1882,1,180,128,1,-1,-1,-1
23,0,1957,48,228,332,1,-1,-1,-1
23,1,1442,0,164,164,1,-1,-1,-1
23,2,0,489,401,576,1,-1,-1,-1
23,3,1281,0,168,172,1,-1,-1,-1
23,4,1716,122,290,396,1,-1,-1,-1
23,5,393,124,196,324,1,-1,-1,-1
23,6,595,15,236,392,1,-1,-1,-1
23,7,329,298,1533,1142,1,-1,-1,-1
23,8,1183,243,495,350,1,-1,-1,-1
23,9,257,187,192,340,1,-1,-1,-1
23,10,2378,290,182,416,1,-1,-1,-1
23,11,57,282,256,320,1,-1,-1,-1
23,12,683,84,541,640,1,-1,-1,-1
23,13,1991,24,180,164,1,-1,-1,-1
23,14,2183,683,364,756,1,-1,-1,-1
23,15,651,295,760,432,1,-1,-1,-1
23,16,1884,4,180,128,1,-1,-1,-1
24,0,1957,49,228,332,1,-1,-1,-1
24,1,1439,2,164,164,1,-1,-1,-1
24,2,0,470,409,605,1,-1,-1,-1
24,3,1285,0,160,167,1,-1,-1,-1
24,4,1718,121,290,396,1,-1,-1,-1
24,5,394,123,196,324,1,-1,-1,-1
24,6,599,18,236,392,1,-1,-1,-1
24,7,348,292,1533,1148,1,-1,-1,-1
24,8,1189,243,495,350,1,-1,-1,-1
24,9,258,187,192,340,1,-1,-1,-1
24,10,2378,283,182,416,1,-1,-1,-1
24,11,56,282,256,320,1,-1,-1,-1
24,12,690,81,541,640,1,-1,-1,-1
24,13,1991,22,180,164,1,-1,-1,-1
24,14,2173,673,382,767,1,-1,-1,-1
24,15,665,297,760,432,1,-1,-1,-1
24,16,1886,1,180,128,1,-1,-1,-1
25,0,1956,44,240,340,1,-1,-1,-1
25,1,1456,4,128,148,1,-1,-1,-1
25,2,0,440,320,432,1,-1,-1,-1
25,3,1300,0,132,168,1,-1,-1,-1
25,4,1736,104,260,428,1,-1,-1,-1
25,5,404,120,188,328,1,-1,-1,-1
25,6,592,16,256,420,1,-1,-1,-1
25,7,684,116,728,892,1,-1,-1,-1
25,8,1156,244,524,384,1,-1,-1,-1
25,9,252,228,192,288,1,-1,-1,-1
25,10,2348,256,212,432,1,-1,-1,-1
25,11,56,282,256,320,1,-1,-1,-1
25,12,690,81,541,640,1,-1,-1,-1
25,13,1991,22,180,164,1,-1,-1,-1
25,14,2168,716,388,708,1,-1,-1,-1
25,15,665,297,760,432,1,-1,-1,-1
25,16,1886,1,180,128,1,-1,-1,-1
26,0,1956,44,240,340,1,-1,-1,-1
26,1,1456,4,128,148,1,-1,-1,-1
26,2,0,440,320,432,1,-1,-1,-1
26,3,1300,0,132,168,1,-1,-1,-1
26,4,1736,104,260,428,1,-1,-1,-1
26,5,404,120,188,328,1,-1,-1,-1
26,6,592,16,256,420,1,-1,-1,-1
26,7,684,116,728,892,1,-1,-1,-1
26,8,1156,244,524,384,1,-1,-1,-1
26,9,252,228,192,288,1,-1,-1,-1
26,10,2348,256,212,432,1,-1,-1,-1
26,11,58,276,256,320,1,-1,-1,-1
26,12,724,74,541,640,1,-1,-1,-1
26,13,1985,19,189,172,1,-1,-1,-1
26,14,2168,716,388,708,1,-1,-1,-1
26,15,709,303,760,432,1,-1,-1,-1
26,16,1885,0,180,127,1,-1,-1,-1
27,0,1957,43,240,340,1,-1,-1,-1
27,1,1455,4,128,148,1,-1,-1,-1
27,2,0,438,319,432,1,-1,-1,-1
27,3,1303,0,132,165,1,-1,-1,-1
27,4,1737,102,260,428,1,-1,-1,-1
27,5,405,120,188,328,1,-1,-1,-1
27,6,594,17,256,420,1,-1,-1,-1
27,7,698,118,728,892,1,-1,-1,-1
27,8,1166,241,524,384,1,-1,-1,-1
27,9,252,227,192,288,1,-1,-1,-1
27,10,2348,257,212,432,1,-1,-1,-1
27,11,58,277,256,320,1,-1,-1,-1
27,12,734,86,541,640,1,-1,-1,-1
27,13,1985,18,189,172,1,-1,-1,-1
27,14,2167,721,388,708,1,-1,-1,-1
27,15,738,302,760,432,1,-1,-1,-1
27,16,1885,0,180,126,1,-1,-1,-1
28,0,1957,43,240,340,1,-1,-1,-1
28,1,1454,5,128,148,1,-1,-1,-1
28,2,0,435,317,432,1,-1,-1,-1
28,3,1306,0,132,161,1,-1,-1,-1
28,4,1739,104,260,428,1,-1,-1,-1
28,5,405,120,188,328,1,-1,-1,-1
28,6,595,19,256,420,1,-1,-1,-1
28,7,708,122,728,892,1,-1,-1,-1
28,8,1188,254,499,366,1,-1,-1,-1
28,9,253,228,192,288,1,-1,-1,-1
28,10,2347,267,212,432,1,-1,-1,-1
28,11,58,277,256,320,1,-1,-1,-1
28,12,747,94,541,640,1,-1,-1,-1
28,13,1986,18,189,172,1,-1,-1,-1
28,14,2162,730,388,708,1,-1,-1,-1
28,15,755,308,760,432,1,-1,-1,-1
28,16,1883,0,180,127,1,-1,-1,-1
29,0,1957,43,240,340,1,-1,-1,-1
29,1,1450,4,128,148,1,-1,-1,-1
29,2,0,432,315,432,1,-1,-1,-1
29,3,1307,0,132,158,1,-1,-1,-1
29,4,1741,104,260,428,1,-1,-1,-1
29,5,406,119,188,328,1,-1,-1,-1
29,6,596,19,256,420,1,-1,-1,-1
29,7,717,121,728,892,1,-1,-1,-1
29,8,1194,251,499,366,1,-1,-1,-1
29,9,253,228,192,288,1,-1,-1,-1
29,10,2347,270,212,432,1,-1,-1,-1
29,11,56,275,256,320,1,-1,-1,-1
29,12,740,86,568,672,1,-1,-1,-1
29,13,1984,20,189,172,1,-1,-1,-1
29,14,2159,736,388,704,1,-1,-1,-1
29,15,768,305,760,432,1,-1,-1,-1
29,16,1882,0,180,128,1,-1,-1,-1
30,0,1958,42,240,340,1,-1,-1,-1
30,1,1444,4,128,148,1,-1,-1,-1
30,2,0,430,315,432,1,-1,-1,-1
30,3,1306,0,132,157,1,-1,-1,-1
30,4,1743,104,260,428,1,-1,-1,-1
30,5,406,119,188,328,1,-1,-1,-1
30,6,596,19,256,420,1,-1,-1,-1
30,7,718,122,728,892,1,-1,-1,-1
30,8,1201,248,499,366,1,-1,-1,-1
30,9,253,228,192,288,1,-1,-1,-1
30,10,2347,274,212,432,1,-1,-1,-1
30,11,58,276,256,320,1,-1,-1,-1
30,12,734,84,568,672,1,-1,-1,-1
30,13,1990,19,189,172,1,-1,-1,-1
30,14,2156,738,388,702,1,-1,-1,-1
30,15,767,303,760,432,1,-1,-1,-1
30,16,1882,0,180,127,1,-1,-1,-1
31,0,1957,41,240,340,1,-1,-1,-1
31,1,1431,0,128,148,1,-1,-1,-1
31,2,0,425,311,432,1,-1,-1,-1
31,3,1302,0,132,156,1,-1,-1,-1
31,4,1742,104,260,428,1,-1,-1,-1
31,5,407,119,188,328,1,-1,-1,-1
31,6,597,22,256,420,1,-1,-1,-1
31,7,726,118,728,892,1,-1,-1,-1
31,8,1206,250,499,366,1,-1,-1,-1
31,9,253,228,192,288,1,-1,-1,-1
31,10,2346,273,212,432,1,-1,-1,-1
31,11,54,277,256,320,1,-1,-1,-1
31,12,736,89,568,672,1,-1,-1,-1
31,13,1990,20,189,172,1,-1,-1,-1
31,14,2161,738,388,702,1,-1,-1,-1
31,15,799,317,724,411,1,-1,-1,-1
31,16,1877,0,189,131,1,-1,-1,-1
32,0,1956,41,240,340,1,-1,-1,-1
32,1,1430,0,128,148,1,-1,-1,-1
32,2,0,425,310,432,1,-1,-1,-1
32,3,1301,0,132,157,1,-1,-1,-1
32,4,1743,104,260,428,1,-1,-1,-1
32,5,406,119,188,328,1,-1,-1,-1
32,6,597,22,256,420,1,-1,-1,-1
32,7,723,119,728,892,1,-1,-1,-1
32,8,1203,250,499,366,1,-1,-1,-1
32,9,253,228,192,288,1,-1,-1,-1
32,10,2345,273,212,432,1,-1,-1,-1
32,11,57,277,256,320,1,-1,-1,-1
32,12,732,89,568,672,1,-1,-1,-1
32,13,1988,20,189,172,1,-1,-1,-1
32,14,2164,737,388,703,1,-1,-1,-1
32,15,828,329,689,392,1,-1,-1,-1
32,16,1876,0,189,131,1,-1,-1,-1
33,0,1952,40,248,344,1,-1,-1,-1
33,1,1420,0,120,144,1,-1,-1,-1
33,2,4,424,280,408,1,-1,-1,-1
33,3,1284,0,140,144,1,-1,-1,-1
33,4,1760,72,244,640,1,-1,-1,-1
33,5,404,120,192,332,1,-1,-1,-1
33,6,596,28,276,428,1,-1,-1,-1
33,7,864,360,600,652,1,-1,-1,-1
33,8,1156,244,528,316,1,-1,-1,-1
33,9,252,220,188,300,1,-1,-1,-1
33,10,2324,264,236,440,1,-1,-1,-1
33,11,4,416,908,924,1,-1,-1,-1
33,12,692,136,516,568,1,-1,-1,-1
33,13,1988,20,189,172,1,-1,-1,-1
33,14,2172,728,384,696,1,-1,-1,-1
33,15,828,329,689,392,1,-1,-1,-1
33,16,1876,0,189,131,1,-1,-1,-1
33,17,1576,0,168,100,1,-1,-1,-1
33,18,820,88,296,240,1,-1,-1,-1
34,0,1952,40,248,344,1,-1,-1,-1
34,1,1418,0,120,144,1,-1,-1,-1
34,2,5,424,280,408,1,-1,-1,-1
34,3,1277,1,140,144,1,-1,-1,-1
34,4,1761,70,244,640,1,-1,-1,-1
34,5,404,120,192,332,1,-1,-1,-1
34,6,596,28,276,428,1,-1,-1,-1
34,7,864,360,600,652,1,-1,-1,-1
34,8,1158,245,528,316,1,-1,-1,-1
34,9,252,219,188,300,1,-1,-1,-1
34,10,2324,263,236,440,1,-1,-1,-1
34,11,3,414,908,924,1,-1,-1,-1
34,12,692,136,516,568,1,-1,-1,-1
34,13,1990,20,189,172,1,-1,-1,-1
34,14,2174,724,384,696,1,-1,-1,-1
34,15,851,341,657,373,1,-1,-1,-1
34,16,1880,0,180,128,1,-1,-1,-1
34,17,1571,0,168,99,1,-1,-1,-1
34,18,819,89,296,240,1,-1,-1,-1
35,0,1952,39,248,344,1,-1,-1,-1
35,1,1416,0,120,142,1,-1,-1,-1
35,2,7,423,280,408,1,-1,-1,-1
35,3,1267,1,140,144,1,-1,-1,-1
35,4,1762,70,244,640,1,-1,-1,-1
35,5,404,120,192,332,1,-1,-1,-1
35,6,596,30,276,428,1,-1,-1,-1
35,7,864,359,600,652,1,-1,-1,-1
35,8,1160,244,528,316,1,-1,-1,-1
35,9,253,220,188,300,1,-1,-1,-1
35,10,2321,262,236,440,1,-1,-1,-1
35,11,0,413,908,924,1,-1,-1,-1
35,12,693,137,516,568,1,-1,-1,-1
35,13,1988,21,189,172,1,-1,-1,-1
35,14,2161,697,399,731,1,-1,-1,-1
35,15,850,340,657,373,1,-1,-1,-1
35,16,1880,1,180,128,1,-1,-1,-1
35,17,1566,0,168,98,1,-1,-1,-1
35,18,820,90,296,240,1,-1,-1,-1
36,0,1951,39,248,344,1,-1,-1,-1
36,1,1417,0,120,138,1,-1,-1,-1
36,2,11,423,280,408,1,-1,-1,-1
36,3,1259,0,140,143,1,-1,-1,-1
36,4,1762,74,244,640,1,-1,-1,-1
36,5,405,120,192,332,1,-1,-1,-1
36,6,597,31,276,428,1,-1,-1,-1
36,7,865,359,600,652,1,-1,-1,-1
36,8,1159,245,528,316,1,-1,-1,-1
36,9,254,222,188,300,1,-1,-1,-1
36,10,2324,260,236,440,1,-1,-1,-1
36,11,0,414,905,924,1,-1,-1,-1
36,12,694,138,516,568,1,-1,-1,-1
36,13,1987,21,189,172,1,-1,-1,-1
36,14,2162,687,398,731,1,-1,-1,-1
36,15,848,341,657,373,1,-1,-1,-1
36,16,1877,0,180,126,1,-1,-1,-1
36,17,1556,0,168,93,1,-1,-1,-1
36,18,820,91,296,240,1,-1,-1,-1
37,0,1952,38,248,344,1,-1,-1,-1
37,1,1416,0,120,133,1,-1,-1,-1
37,2,13,418,280,408,1,-1,-1,-1
37,3,1250,0,140,138,1,-1,-1,-1
37,4,1758,61,256,672,1,-1,-1,-1
37,5,405,120,192,332,1,-1,-1,-1
37,6,597,33,276,428,1,-1,-1,-1
37,7,868,359,600,652,1,-1,-1,-1
37,8,1161,246,528,316,1,-1,-1,-1
37,9,257,225,188,300,1,-1,-1,-1
37,10,2331,255,229,440,1,-1,-1,-1
37,11,3,409,908,924,1,-1,-1,-1
37,12,696,140,516,568,1,-1,-1,-1
37,13,1988,16,198,181,1,-1,-1,-1
37,14,2163,686,397,731,1,-1,-1,-1
37,15,849,343,657,373,1,-1,-1,-1
37,16,1876,0,180,125,1,-1,-1,-1
37,17,1542,0,168,93,1,-1,-1,-1
37,18,821,93,296,240,1,-1,-1,-1
38,0,1952,38,248,344,1,-1,-1,-1
38,1,1416,0,120,135,1,-1,-1,-1
38,2,13,416,280,408,1,-1,-1,-1
38,3,1249,0,140,138,1,-1,-1,-1
38,4,1757,65,256,672,1,-1,-1,-1
38,5,405,121,192,332,1,-1,-1,-1
38,6,597,32,276,428,1,-1,-1,-1
38,7,867,357,600,652,1,-1,-1,-1
38,8,1159,246,528,316,1,-1,-1,-1
38,9,256,228,188,300,1,-1,-1,-1
38,10,2330,257,230,440,1,-1,-1,-1
38,11,8,404,908,924,1,-1,-1,-1
38,12,697,142,516,568,1,-1,-1,-1
38,13,1987,18,198,181,1,-1,-1,-1
38,14,2165,687,395,731,1,-1,-1,-1
38,15,850,346,657,373,1,-1,-1,-1
38,16,1881,0,171,121,1,-1,-1,-1
38,17,1543,0,168,93,1,-1,-1,-1
38,18,822,93,296,240,1,-1,-1,-1
39,0,1952,40,248,344,1,-1,-1,-1
39,1,1412,0,120,131,1,-1,-1,-1
39,2,12,413,280,408,1,-1,-1,-1
39,3,1247,0,140,136,1,-1,-1,-1
39,4,1756,62,256,672,1,-1,-1,-1
39,5,405,121,192,332,1,-1,-1,-1
39,6,598,33,276,428,1,-1,-1,-1
39,7,871,358,600,652,1,-1,-1,-1
39,8,1161,248,528,316,1,-1,-1,-1
39,9,258,227,188,300,1,-1,-1,-1
39,10,2328,255,232,440,1,-1,-1,-1
39,11,9,403,908,924,1,-1,-1,-1
39,12,700,141,516,568,1,-1,-1,-1
39,14,2165,686,395,731,1,-1,-1,-1
39,15,855,345,657,373,1,-1,-1,-1
39,16,1881,0,171,120,1,-1,-1,-1
39,17,1533,0,168,93,1,-1,-1,-1
39,18,824,95,296,240,1,-1,-1,-1
40,0,1955,39,248,344,1,-1,-1,-1
40,1,1394,0,120,134,1,-1,-1,-1
40,2,11,404,280,408,1,-1,-1,-1
40,3,1245,0,140,135,1,-1,-1,-1
40,4,1757,62,256,672,1,-1,-1,-1
40,5,405,122,192,332,1,-1,-1,-1
40,6,597,33,276,428,1,-1,-1,-1
40,7,872,358,600,652,1,-1,-1,-1
40,8,1159,247,528,316,1,-1,-1,-1
40,9,259,225,188,300,1,-1,-1,-1
40,10,2328,258,232,440,1,-1,-1,-1
40,11,9,401,908,924,1,-1,-1,-1
40,12,704,142,516,568,1,-1,-1,-1
40,14,2165,683,395,731,1,-1,-1,-1
40,15,856,344,657,373,1,-1,-1,-1
40,16,1884,0,171,120,1,-1,-1,-1
40,17,1525,0,168,90,1,-1,-1,-1
40,18,825,97,296,240,1,-1,-1,-1
41,0,1948,32,288,420,1,-1,-1,-1
41,1,1364,4,140,120,1,-1,-1,-1
41,2,0,432,268,360,1,-1,-1,-1
41,3,1200,0,184,144,1,-1,-1,-1
41,4,1764,76,236,468,1,-1,-1,-1
41,5,404,120,192,328,1,-1,-1,-1
41,6,596,44,196,412,1,-1,-1,-1
41,7,868,360,592,652,1,-1,-1,-1
41,8,1168,244,516,316,1,-1,-1,-1
41,9,260,228,196,300,1,-1,-1,-1
41,10,2336,304,220,404,1,-1,-1,-1
41,11,9,401,908,924,1,-1,-1,-1
41,12,684,168,552,544,1,-1,-1,-1
41,14,2180,732,380,692,1,-1,-1,-1
41,15,856,344,657,373,1,-1,-1,-1
41,16,1884,0,171,120,1,-1,-1,-1
41,17,1520,0,148,88,1,-1,-1,-1
41,18,832,112,268,220,1,-1,-1,-1
41,19,728,108,156,228,1,-1,-1,-1
42,0,1947,32,288,420,1,-1,-1,-1
42,1,1357,4,140,120,1,-1,-1,-1
42,2,0,429,268,360,1,-1,-1,-1
42,3,1200,0,184,144,1,-1,-1,-1
42,4,1764,76,236,468,1,-1,-1,-1
42,5,404,119,192,328,1,-1,-1,-1
42,6,596,45,196,412,1,-1,-1,-1
42,7,869,360,592,652,1,-1,-1,-1
42,8,1168,244,516,316,1,-1,-1,-1
42,9,260,228,196,300,1,-1,-1,-1
42,10,2336,306,220,404,1,-1,-1,-1
42,11,8,406,908,924,1,-1,-1,-1
42,12,684,168,552,544,1,-1,-1,-1
42,14,2180,732,380,692,1,-1,-1,-1
42,15,878,353,625,355,1,-1,-1,-1
42,16,1880,0,180,124,1,-1,-1,-1
42,17,1520,0,148,88,1,-1,-1,-1
42,18,833,114,268,220,1,-1,-1,-1
42,19,727,110,156,228,1,-1,-1,-1
43,0,1947,31,288,420,1,-1,-1,-1
43,1,1358,2,140,120,1,-1,-1,-1
43,2,0,427,268,360,1,-1,-1,-1
43,3,1201,0,184,144,1,-1,-1,-1
43,4,1765,76,236,468,1,-1,-1,-1
43,5,404,118,192,328,1,-1,-1,-1
43,6,594,44,196,412,1,-1,-1,-1
43,7,868,359,592,652,1,-1,-1,-1
43,8,1168,243,516,316,1,-1,-1,-1
43,9,261,227,196,300,1,-1,-1,-1
43,10,2338,305,220,404,1,-1,-1,-1
43,11,5,419,908,924,1,-1,-1,-1
43,12,684,168,552,544,1,-1,-1,-1
43,14,2180,733,380,692,1,-1,-1,-1
43,15,881,356,625,355,1,-1,-1,-1
43,16,1879,0,180,124,1,-1,-1,-1
43,17,1519,0,148,88,1,-1,-1,-1
43,18,834,115,268,220,1,-1,-1,-1
43,19,724,109,156,228,1,-1,-1,-1
44,0,1946,30,288,420,1,-1,-1,-1
44,1,1355,0,140,120,1,-1,-1,-1
44,2,0,427,267,360,1,-1,-1,-1
44,3,1202,1,184,144,1,-1,-1,-1
44,4,1765,77,236,468,1,-1,-1,-1
44,5,404,118,192,328,1,-1,-1,-1
44,6,593,44,196,412,1,-1,-1,-1
44,7,868,358,592,652,1,-1,-1,-1
44,8,1168,242,516,316,1,-1,-1,-1
44,9,261,227,196,300,1,-1,-1,-1
44,10,2337,304,220,404,1,-1,-1,-1
44,11,8,432,908,924,1,-1,-1,-1
44,12,685,168,552,544,1,-1,-1,-1
44,14,2179,734,380,692,1,-1,-1,-1
44,15,883,357,625,355,1,-1,-1,-1
44,16,1879,0,180,124,1,-1,-1,-1
44,17,1519,0,148,88,1,-1,-1,-1
44,18,834,116,268,220,1,-1,-1,-1
44,19,723,108,156,228,1,-1,-1,-1
45,0,1946,26,288,420,1,-1,-1,-1
45,1,1365,2,133,114,1,-1,-1,-1
45,2,0,427,266,360,1,-1,-1,-1
45,3,1203,1,184,144,1,-1,-1,-1
45,4,1765,76,236,468,1,-1,-1,-1
45,5,404,118,192,328,1,-1,-1,-1
45,6,592,43,196,412,1,-1,-1,-1
45,7,870,360,592,652,1,-1,-1,-1
45,8,1168,242,516,316,1,-1,-1,-1
45,9,261,227,196,300,1,-1,-1,-1
45,10,2337,303,220,404,1,-1,-1,-1
45,11,3,426,908,924,1,-1,-1,-1
45,12,686,168,552,544,1,-1,-1,-1
45,14,2178,735,380,692,1,-1,-1,-1
45,15,885,357,625,355,1,-1,-1,-1
45,16,1880,0,180,124,1,-1,-1,-1
45,17,1518,0,148,88,1,-1,-1,-1
45,18,832,116,268,220,1,-1,-1,-1
45,19,721,107,156,228,1,-1,-1,-1
46,0,1943,24,288,420,1,-1,-1,-1
46,1,1368,2,133,114,1,-1,-1,-1
46,2,0,428,265,360,1,-1,-1,-1
46,3,1205,2,184,144,1,-1,-1,-1
46,4,1766,77,236,468,1,-1,-1,-1
46,5,404,118,192,328,1,-1,-1,-1
46,6,591,43,196,412,1,-1,-1,-1
46,7,869,360,592,652,1,-1,-1,-1
46,8,1171,243,516,316,1,-1,-1,-1
46,9,261,227,196,300,1,-1,-1,-1
46,10,2334,303,220,404,1,-1,-1,-1
46,11,0,410,939,970,1,-1,-1,-1
46,12,687,168,552,544,1,-1,-1,-1
46,14,2177,736,380,692,1,-1,-1,-1
46,15,886,356,625,355,1,-1,-1,-1
46,16,1880,0,180,125,1,-1,-1,-1
46,17,1517,1,148,88,1,-1,-1,-1
46,18,832,115,268,220,1,-1,-1,-1
46,19,718,101,156,228,1,-1,-1,-1
47,0,1951,32,274,400,1,-1,-1,-1
47,1,1370,6,133,114,1,-1,-1,-1
47,2,0,430,264,360,1,-1,-1,-1
47,3,1206,1,184,144,1,-1,-1,-1
47,4,1765,75,236,468,1,-1,-1,-1
47,5,403,118,192,328,1,-1,-1,-1
47,6,589,43,196,412,1,-1,-1,-1
47,7,867,360,592,652,1,-1,-1,-1
47,8,1169,243,516,316,1,-1,-1,-1
47,9,261,228,196,300,1,-1,-1,-1
47,10,2331,303,220,404,1,-1,-1,-1
47,11,0,408,940,970,1,-1,-1,-1
47,12,687,167,552,544,1,-1,-1,-1
47,14,2176,736,380,692,1,-1,-1,-1
47,15,884,356,625,355,1,-1,-1,-1
47,16,1880,0,180,124,1,-1,-1,-1
47,17,1516,1,148,88,1,-1,-1,-1
47,18,833,115,268,220,1,-1,-1,-1
47,19,717,98,156,228,1,-1,-1,-1
48,0,1950,33,274,400,1,-1,-1,-1
48,1,1373,4,133,114,1,-1,-1,-1
48,2,1,442,255,343,1,-1,-1,-1
48,3,1209,5,184,144,1,-1,-1,-1
48,4,1766,77,236,468,1,-1,-1,-1
48,5,403,119,192,328,1,-1,-1,-1
48,6,589,42,196,412,1,-1,-1,-1
48,7,867,362,592,652,1,-1,-1,-1
48,8,1170,242,516,316,1,-1,-1,-1
48,9,261,229,196,300,1,-1,-1,-1
48,10,2331,304,220,404,1,-1,-1,-1
48,11,0,415,941,970,1,-1,-1,-1
48,12,688,167,552,544,1,-1,-1,-1
48,14,2176,739,380,692,1,-1,-1,-1
48,15,886,356,625,355,1,-1,-1,-1
48,16,1880,0,180,123,1,-1,-1,-1
48,17,1519,3,141,84,1,-1,-1,-1
48,18,834,115,268,220,1,-1,-1,-1
48,19,711,90,164,239,1,-1,-1,-1
49,0,1944,28,332,428,1,-1,-1,-1
49,1,1373,4,133,114,1,-1,-1,-1
49,2,0,436,252,368,1,-1,-1,-1
49,3,1188,0,208,128,1,-1,-1,-1
49,4,1768,92,228,452,1,-1,-1,-1
49,5,404,112,188,336,1,-1,-1,-1
49,6,592,84,252,388,1,-1,-1,-1
49,7,872,356,600,712,1,-1,-1,-1
49,8,1172,244,516,316,1,-1,-1,-1
49,9,264,228,192,300,1,-1,-1,-1
49,10,2332,296,220,408,1,-1,-1,-1
49,11,120,360,188,232,1,-1,-1,-1
49,12,688,164,552,548,1,-1,-1,-1
49,14,2168,732,388,692,1,-1,-1,-1
49,15,886,356,625,355,1,-1,-1,-1
49,16,1880,0,180,123,1,-1,-1,-1
49,17,1508,0,152,88,1,-1,-1,-1
49,18,828,128,272,204,1,-1,-1,-1
49,19,711,90,164,239,1,-1,-1,-1
49,20,80,712,1312,708,1,-1,-1,-1
49,21,216,148,140,212,1,-1,-1,-1
49,22,768,28,136,148,1,-1,-1,-1
49,23,584,28,116,204,1,-1,-1,-1
50,0,1944,28,332,428,1,-1,-1,-1
50,1,1377,6,133,114,1,-1,-1,-1
50,2,0,436,252,368,1,-1,-1,-1
50,3,1188,0,208,128,1,-1,-1,-1
50,4,1768,92,228,452,1,-1,-1,-1
50,5,404,112,188,336,1,-1,-1,-1
50,6,592,84,252,388,1,-1,-1,-1
50,7,872,356,600,712,1,-1,-1,-1
50,8,1172,244,516,316,1,-1,-1,-1
50,9,264,228,192,300,1,-1,-1,-1
50,10,2332,296,220,408,1,-1,-1,-1
50,11,120,360,188,232,1,-1,-1,-1
50,12,688,164,552,548,1,-1,-1,-1
50,14,2168,732,388,692,1,-1,-1,-1
50,15,884,355,625,355,1,-1,-1,-1
50,16,1879,0,180,123,1,-1,-1,-1
50,17,1508,0,152,88,1,-1,-1,-1
50,18,828,128,272,204,1,-1,-1,-1
50,19,710,89,164,239,1,-1,-1,-1
50,20,80,712,1312,708,1,-1,-1,-1
50,21,216,148,140,212,1,-1,-1,-1
50,22,768,28,136,148,1,-1,-1,-1
50,23,584,28,116,204,1,-1,-1,-1
51,0,1946,28,332,428,1,-1,-1,-1
51,1,1375,5,133,114,1,-1,-1,-1
51,2,0,439,248,368,1,-1,-1,-1
51,3,1190,0,208,128,1,-1,-1,-1
51,4,1770,93,228,452,1,-1,-1,-1
51,5,405,112,188,336,1,-1,-1,-1
51,6,594,84,252,388,1,-1,-1,-1
51,7,876,355,600,712,1,-1,-1,-1
51,8,1173,245,516,316,1,-1,-1,-1
51,9,264,227,192,300,1,-1,-1,-1
51,10,2334,296,220,408,1,-1,-1,-1
51,11,118,362,188,232,1,-1,-1,-1
51,12,688,163,552,548,1,-1,-1,-1
51,14,2168,731,388,692,1,-1,-1,-1
51,15,888,355,625,355,1,-1,-1,-1
51,16,1880,0,180,122,1,-1,-1,-1
51,17,1507,0,152,87,1,-1,-1,-1
51,18,827,127,272,204,1,-1,-1,-1
51,19,710,88,164,239,1,-1,-1,-1
51,20,76,711,1312,708,1,-1,-1,-1
51,21,216,148,140,212,1,-1,-1,-1
51,22,768,28,136,148,1,-1,-1,-1
51,23,585,27,116,204,1,-1,-1,-1
52,0,1945,28,332,428,1,-1,-1,-1
52,1,1376,3,133,114,1,-1,-1,-1
52,2,0,441,243,368,1,-1,-1,-1
52,3,1191,0,208,126,1,-1,-1,-1
52,4,1770,92,228,452,1,-1,-1,-1
52,5,405,113,188,336,1,-1,-1,-1
52,6,594,84,252,388,1,-1,-1,-1
52,7,877,354,600,712,1,-1,-1,-1
52,8,1172,245,516,316,1,-1,-1,-1
52,9,264,227,192,300,1,-1,-1,-1
52,10,2334,298,220,408,1,-1,-1,-1
52,11,116,363,188,232,1,-1,-1,-1
52,12,691,163,552,548,1,-1,-1,-1
52,14,2163,733,388,692,1,-1,-1,-1
52,15,889,355,625,355,1,-1,-1,-1
52,16,1880,0,180,122,1,-1,-1,-1
52,17,1507,0,152,87,1,-1,-1,-1
52,18,825,126,272,204,1,-1,-1,-1
52,19,709,88,164,239,1,-1,-1,-1
52,20,75,716,1312,708,1,-1,-1,-1
52,21,217,148,140,212,1,-1,-1,-1
52,22,767,28,136,148,1,-1,-1,-1
52,23,584,28,116,204,1,-1,-1,-1
53,0,1946,29,332,428,1,-1,-1,-1
53,2,0,444,239,368,1,-1,-1,-1
53,3,1190,0,208,124,1,-1,-1,-1
53,4,1771,92,228,452,1,-1,-1,-1
53,5,406,113,188,336,1,-1,-1,-1
53,6,594,85,252,388,1,-1,-1,-1
53,7,878,357,600,712,1,-1,-1,-1
53,8,1173,247,516,316,1,-1,-1,-1
53,9,264,227,192,300,1,-1,-1,-1
53,10,2338,299,220,408,1,-1,-1,-1
53,11,114,363,188,232,1,-1,-1,-1
53,12,695,163,552,548,1,-1,-1,-1
53,14,2155,739,388,692,1,-1,-1,-1
53,15,896,359,625,355,1,-1,-1,-1
53,16,1880,0,180,122,1,-1,-1,-1
53,17,1502,0,152,86,1,-1,-1,-1
53,18,824,126,272,204,1,-1,-1,-1
53,19,709,89,164,239,1,-1,-1,-1
53,20,78,725,1312,708,1,-1,-1,-1
53,21,217,149,140,212,1,-1,-1,-1
53,22,767,28,136,148,1,-1,-1,-1
53,23,584,28,116,204,1,-1,-1,-1
54,0,1946,26,332,428,1,-1,-1,-1
54,2,0,444,233,368,1,-1,-1,-1
54,3,1190,0,208,124,1,-1,-1,-1
54,4,1771,91,228,452,1,-1,-1,-1
54,5,407,112,188,336,1,-1,-1,-1
54,6,594,86,252,388,1,-1,-1,-1
54,7,884,357,600,712,1,-1,-1,-1
54,8,1186,254,491,301,1,-1,-1,-1
54,9,263,227,192,300,1,-1,-1,-1
54,10,2340,296,220,408,1,-1,-1,-1
54,11,112,363,188,232,1,-1,-1,-1
54,12,700,160,552,548,1,-1,-1,-1
54,14,2151,745,388,692,1,-1,-1,-1
54,15,921,365,595,338,1,-1,-1,-1
54,16,1879,0,180,123,1,-1,-1,-1
54,17,1501,0,152,85,1,-1,-1,-1
54,18,824,126,272,204,1,-1,-1,-1
54,19,708,90,164,239,1,-1,-1,-1
54,20,82,732,1312,708,1,-1,-1,-1
54,21,217,148,140,212,1,-1,-1,-1
54,22,767,29,136,148,1,-1,-1,-1
54,23,584,27,116,204,1,-1,-1,-1
55,0,1947,27,332,428,1,-1,-1,-1
55,2,0,443,227,368,1,-1,-1,-1
55,3,1191,0,208,124,1,-1,-1,-1
55,4,1773,92,228,452,1,-1,-1,-1
55,5,407,113,188,336,1,-1,-1,-1
55,6,593,86,252,388,1,-1,-1,-1
55,7,906,367,571,678,1,-1,-1,-1
55,8,1190,252,491,301,1,-1,-1,-1
55,9,262,228,192,300,1,-1,-1,-1
55,10,2344,295,216,408,1,-1,-1,-1
55,11,105,358,197,244,1,-1,-1,-1
55,12,706,162,552,548,1,-1,-1,-1
55,14,2144,743,388,692,1,-1,-1,-1
55,15,929,366,595,338,1,-1,-1,-1
55,16,1882,0,180,123,1,-1,-1,-1
55,17,1495,0,152,87,1,-1,-1,-1
55,18,823,127,272,204,1,-1,-1,-1
55,19,708,90,164,239,1,-1,-1,-1
55,20,87,724,1312,708,1,-1,-1,-1
55,21,217,148,140,212,1,-1,-1,-1
55,22,765,30,136,148,1,-1,-1,-1
55,23,584,27,116,204,1,-1,-1,-1
56,0,1956,36,316,408,1,-1,-1,-1
56,2,0,452,220,350,1,-1,-1,-1
56,3,1191,0,208,125,1,-1,-1,-1
56,4,1774,92,228,452,1,-1,-1,-1
56,5,406,113,188,336,1,-1,-1,-1
56,6,593,86,252,388,1,-1,-1,-1
56,7,909,370,571,678,1,-1,-1,-1
56,8,1189,253,491,301,1,-1,-1,-1
56,9,263,227,192,300,1,-1,-1,-1
56,10,2345,296,215,408,1,-1,-1,-1
56,11,105,358,197,244,1,-1,-1,-1
56,12,708,161,552,548,1,-1,-1,-1
56,14,2146,744,388,692,1,-1,-1,-1
56,15,934,366,595,338,1,-1,-1,-1
56,16,1883,0,180,123,1,-1,-1,-1
56,17,1493,0,152,88,1,-1,-1,-1
56,18,823,126,272,204,1,-1,-1,-1
56,19,707,91,164,239,1,-1,-1,-1
56,20,93,726,1312,708,1,-1,-1,-1
56,21,217,148,140,212,1,-1,-1,-1
56,22,765,31,136,148,1,-1,-1,-1
56,23,584,27,116,204,1,-1,-1,-1
57,0,1952,28,324,424,1,-1,-1,-1
57,2,0,432,284,372,1,-1,-1,-1
57,3,1196,0,208,160,1,-1,-1,-1
57,4,1776,88,228,436,1,-1,-1,-1
57,5,404,112,192,324,1,-1,-1,-1
57,6,580,92,256,384,1,-1,-1,-1
57,7,888,364,580,708,1,-1,-1,-1
57,8,1176,240,508,316,1,-1,-1,-1
57,9,260,208,196,320,1,-1,-1,-1
57,10,2352,292,204,416,1,-1,-1,-1
57,11,105,358,197,244,1,-1,-1,-1
57,12,684,164,548,548,1,-1,-1,-1
57,14,2146,744,388,692,1,-1,-1,-1
57,15,934,366,595,338,1,-1,-1,-1
57,16,1883,0,180,123,1,-1,-1,-1
57,17,1496,0,156,96,1,-1,-1,-1
57,18,824,104,292,228,1,-1,-1,-1
57,19,707,91,164,239,1,-1,-1,-1
57,20,93,726,1312,708,1,-1,-1,-1
57,21,196,152,160,212,1,-1,-1,-1
57,22,764,28,144,164,1,-1,-1,-1
57,23,584,24,120,176,1,-1,-1,-1
57,24,144,220,88,124,1,-1,-1,-1
58,0,1952,28,324,424,1,-1,-1,-1
58,2,0,434,282,372,1,-1,-1,-1
58,3,1196,0,208,160,1,-1,-1,-1
58,4,1776,88,228,436,1,-1,-1,-1
58,5,404,113,192,324,1,-1,-1,-1
58,6,580,94,256,384,1,-1,-1,-1
58,7,888,365,580,708,1,-1,-1,-1
58,8,1176,241,508,316,1,-1,-1,-1
58,9,260,208,196,320,1,-1,-1,-1
58,10,2355,291,204,416,1,-1,-1,-1
58,11,105,360,197,244,1,-1,-1,-1
58,12,684,164,548,548,1,-1,-1,-1
58,14,2146,743,388,692,1,-1,-1,-1
58,15,949,374,567,322,1,-1,-1,-1
58,16,1886,0,180,123,1,-1,-1,-1
58,17,1495,0,156,96,1,-1,-1,-1
58,18,823,104,292,228,1,-1,-1,-1
58,19,705,99,164,239,1,-1,-1,-1
58,20,89,726,1312,708,1,-1,-1,-1
58,21,196,152,160,212,1,-1,-1,-1
58,22,762,31,144,164,1,-1,-1,-1
58,23,584,24,120,176,1,-1,-1,-1
58,24,144,220,88,124,1,-1,-1,-1
59,0,1954,29,324,424,1,-1,-1,-1
59,2,0,436,279,372,1,-1,-1,-1
59,3,1197,0,208,159,1,-1,-1,-1
59,4,1777,88,228,436,1,-1,-1,-1
59,5,404,112,192,324,1,-1,-1,-1
59,6,579,97,256,384,1,-1,-1,-1
59,7,888,365,580,708,1,-1,-1,-1
59,8,1174,240,508,316,1,-1,-1,-1
59,9,262,207,196,320,1,-1,-1,-1
59,10,2357,287,203,416,1,-1,-1,-1
59,11,103,359,197,244,1,-1,-1,-1
59,12,686,164,548,548,1,-1,-1,-1
59,14,2148,743,388,692,1,-1,-1,-1
59,15,953,376,567,322,1,-1,-1,-1
59,16,1886,0,180,123,1,-1,-1,-1
59,17,1493,0,156,96,1,-1,-1,-1
59,18,822,103,292,228,1,-1,-1,-1
59,19,705,100,164,239,1,-1,-1,-1
59,20,97,722,1312,708,1,-1,-1,-1
59,21,197,152,160,212,1,-1,-1,-1
59,22,761,34,144,164,1,-1,-1,-1
59,23,585,25,120,176,1,-1,-1,-1
59,24,145,220,88,124,1,-1,-1,-1
60,0,1956,30,324,424,1,-1,-1,-1
60,2,0,438,278,372,1,-1,-1,-1
60,3,1195,0,208,159,1,-1,-1,-1
60,4,1779,88,228,436,1,-1,-1,-1
60,5,407,113,192,324,1,-1,-1,-1
60,6,577,100,256,384,1,-1,-1,-1
60,7,888,365,580,708,1,-1,-1,-1
60,8,1174,239,508,316,1,-1,-1,-1
60,9,265,207,196,320,1,-1,-1,-1
60,10,2358,279,202,416,1,-1,-1,-1
60,11,103,360,197,244,1,-1,-1,-1
60,12,686,161,548,548,1,-1,-1,-1
60,14,2149,740,388,692,1,-1,-1,-1
60,15,952,375,567,322,1,-1,-1,-1
60,16,1887,0,180,124,1,-1,-1,-1
60,17,1493,1,156,96,1,-1,-1,-1
60,18,820,103,292,228,1,-1,-1,-1
60,19,681,118,172,251,1,-1,-1,-1
60,20,90,717,1312,708,1,-1,-1,-1
60,21,198,152,160,212,1,-1,-1,-1
60,22,753,32,151,172,1,-1,-1,-1
60,23,587,25,120,176,1,-1,-1,-1
60,24,145,220,88,124,1,-1,-1,-1
61,0,1956,29,324,424,1,-1,-1,-1
61,2,0,440,280,372,1,-1,-1,-1
61,3,1196,0,208,157,1,-1,-1,-1
61,4,1784,91,228,436,1,-1,-1,-1
61,5,406,113,192,324,1,-1,-1,-1
61,6,573,103,256,384,1,-1,-1,-1
61,7,884,365,580,708,1,-1,-1,-1
61,8,1174,239,508,316,1,-1,-1,-1
61,9,269,202,196,320,1,-1,-1,-1
61,10,2360,273,200,416,1,-1,-1,-1
61,11,104,358,197,244,1,-1,-1,-1
61,12,686,162,548,548,1,-1,-1,-1
61,14,2163,741,388,692,1,-1,-1,-1
61,15,951,374,567,322,1,-1,-1,-1
61,16,1887,0,180,124,1,-1,-1,-1
61,17,1497,3,149,91,1,-1,-1,-1
61,18,819,104,292,228,1,-1,-1,-1
61,19,678,127,172,251,1,-1,-1,-1
61,20,89,716,1312,708,1,-1,-1,-1
61,21,199,151,160,212,1,-1,-1,-1
61,22,750,36,151,172,1,-1,-1,-1
61,23,588,24,120,176,1,-1,-1,-1
61,24,145,220,88,124,1,-1,-1,-1
62,0,1958,30,324,424,1,-1,-1,-1
62,2,0,440,280,372,1,-1,-1,-1
62,3,1191,0,218,161,1,-1,-1,-1
62,4,1786,92,228,436,1,-1,-1,-1
62,5,406,113,192,324,1,-1,-1,-1
62,6,570,107,256,384,1,-1,-1,-1
62,7,884,363,580,708,1,-1,-1,-1
62,8,1176,238,508,316,1,-1,-1,-1
62,9,270,202,196,320,1,-1,-1,-1
62,10,2359,273,201,416,1,-1,-1,-1
62,11,103,359,197,244,1,-1,-1,-1
62,12,686,163,548,548,1,-1,-1,-1
62,14,2165,742,388,692,1,-1,-1,-1
62,15,953,374,567,322,1,-1,-1,-1
62,16,1888,0,180,125,1,-1,-1,-1
62,17,1496,3,149,91,1,-1,-1,-1
62,18,820,104,292,228,1,-1,-1,-1
62,19,680,134,164,239,1,-1,-1,-1
62,20,83,714,1312,708,1,-1,-1,-1
62,21,200,151,160,212,1,-1,-1,-1
62,22,744,34,159,181,1,-1,-1,-1
62,23,587,23,120,176,1,-1,-1,-1
62,24,145,219,88,124,1,-1,-1,-1
63,0,1958,32,324,424,1,-1,-1,-1
63,2,0,442,283,372,1,-1,-1,-1
63,3,1189,0,218,161,1,-1,-1,-1
63,4,1788,93,228,436,1,-1,-1,-1
63,5,405,109,192,324,1,-1,-1,-1
63,6,567,112,256,384,1,-1,-1,-1
63,7,886,361,580,708,1,-1,-1,-1
63,8,1176,240,508,316,1,-1,-1,-1
63,9,272,200,196,320,1,-1,-1,-1
63,10,2360,273,200,416,1,-1,-1,-1
63,11,107,358,197,244,1,-1,-1,-1
63,12,685,162,548,548,1,-1,-1,-1
63,14,2168,740,388,692,1,-1,-1,-1
63,15,951,375,567,322,1,-1,-1,-1
63,16,1887,0,180,125,1,-1,-1,-1
63,17,1496,3,149,91,1,-1,-1,-1
63,18,819,104,292,228,1,-1,-1,-1
63,19,685,142,156,228,1,-1,-1,-1
63,20,79,715,1312,708,1,-1,-1,-1
63,21,200,151,160,212,1,-1,-1,-1
63,22,742,35,159,181,1,-1,-1,-1
63,23,586,22,120,176,1,-1,-1,-1
63,24,146,219,88,124,1,-1,-1,-1
64,0,1961,33,324,424,1,-1,-1,-1
64,2,2,443,284,372,1,-1,-1,-1
64,3,1185,0,218,161,1,-1,-1,-1
64,4,1789,89,228,436,1,-1,-1,-1
64,5,410,122,183,309,1,-1,-1,-1
64,6,567,112,256,384,1,-1,-1,-1
64,7,886,359,580,708,1,-1,-1,-1
64,8,1177,241,508,316,1,-1,-1,-1
64,9,274,200,196,320,1,-1,-1,-1
64,10,2360,273,200,416,1,-1,-1,-1
64,11,106,359,197,244,1,-1,-1,-1
64,12,686,162,548,548,1,-1,-1,-1
64,14,2165,737,388,692,1,-1,-1,-1
64,15,952,375,567,322,1,-1,-1,-1
64,16,1887,0,180,125,1,-1,-1,-1
64,17,1496,3,149,91,1,-1,-1,-1
64,18,820,104,292,228,1,-1,-1,-1
64,19,692,145,149,217,1,-1,-1,-1
64,20,71,706,1312,708,1,-1,-1,-1
64,21,200,151,160,212,1,-1,-1,-1
64,22,734,33,167,190,1,-1,-1,-1
64,23,585,22,120,176,1,-1,-1,-1
64,24,146,219,88,124,1,-1,-1,-1
65,0,1952,28,340,444,1,-1,-1,-1
65,2,0,436,288,368,1,-1,-1,-1
65,3,1185,0,218,161,1,-1,-1,-1
65,4,1724,96,296,344,1,-1,-1,-1
65,5,410,122,183,309,1,-1,-1,-1
65,6,548,152,264,296,1,-1,-1,-1
65,7,896,376,580,688,1,-1,-1,-1
65,8,1172,240,512,316,1,-1,-1,-1
65,9,274,200,196,320,1,-1,-1,-1
65,10,2364,264,196,420,1,-1,-1,-1
65,11,106,359,197,244,1,-1,-1,-1
65,12,686,162,548,548,1,-1,-1,-1
65,14,2165,737,388,692,1,-1,-1,-1
65,15,952,375,567,322,1,-1,-1,-1
65,16,1887,0,180,125,1,-1,-1,-1
65,17,1484,0,160,100,1,-1,-1,-1
65,18,820,88,296,244,1,-1,-1,-1
65,19,692,145,149,217,1,-1,-1,-1
65,20,71,706,1312,708,1,-1,-1,-1
65,21,224,148,132,228,1,-1,-1,-1
65,22,734,33,167,190,1,-1,-1,-1
65,23,585,22,120,176,1,-1,-1,-1
65,24,146,219,88,124,1,-1,-1,-1
65,25,308,244,152,292,1,-1,-1,-1
65,26,436,64,260,380,1,-1,-1,-1
66,0,1952,28,340,444,1,-1,-1,-1
66,2,0,437,288,368,1,-1,-1,-1
66,3,1182,0,218,161,1,-1,-1,-1
66,4,1725,96,296,344,1,-1,-1,-1
66,5,403,122,183,309,1,-1,-1,-1
66,6,548,154,264,296,1,-1,-1,-1
66,7,897,374,580,688,1,-1,-1,-1
66,8,1172,239,512,316,1,-1,-1,-1
66,9,276,202,196,320,1,-1,-1,-1
66,10,2365,261,195,420,1,-1,-1,-1
66,11,109,355,197,244,1,-1,-1,-1
66,12,684,161,548,548,1,-1,-1,-1
66,14,2160,745,388,692,1,-1,-1,-1
66,15,951,378,567,322,1,-1,-1,-1
66,16,1886,0,180,125,1,-1,-1,-1
66,17,1483,0,160,100,1,-1,-1,-1
66,18,820,88,296,244,1,-1,-1,-1
66,19,688,167,141,207,1,-1,-1,-1
66,20,93,688,1312,708,1,-1,-1,-1
66,21,224,148,132,228,1,-1,-1,-1
66,22,735,33,167,190,1,-1,-1,-1
66,23,578,23,126,185,1,-1,-1,-1
66,24,146,219,88,124,1,-1,-1,-1
66,25,309,243,152,292,1,-1,-1,-1
66,26,435,64,260,380,1,-1,-1,-1
67,0,1952,31,340,444,1,-1,-1,-1
67,2,1,435,288,368,1,-1,-1,-1
67,3,1179,0,218,161,1,-1,-1,-1
67,4,1725,96,296,344,1,-1,-1,-1
67,5,411,129,174,294,1,-1,-1,-1
67,6,548,158,264,296,1,-1,-1,-1
67,7,896,371,580,688,1,-1,-1,-1
67,8,1171,240,512,316,1,-1,-1,-1
67,9,286,207,196,320,1,-1,-1,-1
67,10,2367,260,193,420,1,-1,-1,-1
67,11,110,355,197,244,1,-1,-1,-1
67,12,679,161,548,548,1,-1,-1,-1
67,14,2124,788,370,652,1,-1,-1,-1
67,15,944,380,567,322,1,-1,-1,-1
67,16,1884,0,180,124,1,-1,-1,-1
67,17,1484,0,160,100,1,-1,-1,-1
67,18,821,88,296,244,1,-1,-1,-1
67,19,683,182,141,207,1,-1,-1,-1
67,20,115,679,1312,708,1,-1,-1,-1
67,21,225,148,132,228,1,-1,-1,-1
67,22,736,29,167,190,1,-1,-1,-1
67,23,578,29,126,185,1,-1,-1,-1
67,24,147,219,88,124,1,-1,-1,-1
67,25,313,250,152,292,1,-1,-1,-1
67,26,435,64,260,380,1,-1,-1,-1
68,0,1950,30,340,444,1,-1,-1,-1
68,2,1,433,288,368,1,-1,-1,-1
68,3,1182,0,208,155,1,-1,-1,-1
68,4,1727,95,296,344,1,-1,-1,-1
68,5,411,131,174,294,1,-1,-1,-1
68,6,548,157,264,296,1,-1,-1,-1
68,7,894,372,580,688,1,-1,-1,-1
68,8,1171,240,512,316,1,-1,-1,-1
68,9,290,214,196,320,1,-1,-1,-1
68,10,2367,259,193,420,1,-1,-1,-1
68,11,111,355,197,244,1,-1,-1,-1
68,12,677,162,548,548,1,-1,-1,-1
68,14,2104,776,388,664,1,-1,-1,-1
68,15,943,376,567,322,1,-1,-1,-1
68,16,1884,0,180,123,1,-1,-1,-1
68,17,1484,0,160,100,1,-1,-1,-1
68,18,821,87,296,244,1,-1,-1,-1
68,19,683,184,141,207,1,-1,-1,-1
68,20,97,670,1312,708,1,-1,-1,-1
68,21,226,148,132,228,1,-1,-1,-1
68,22,737,28,167,190,1,-1,-1,-1
68,23,575,32,126,185,1,-1,-1,-1
68,24,147,219,88,124,1,-1,-1,-1
68,25,314,252,152,292,1,-1,-1,-1
68,26,436,65,260,380,1,-1,-1,-1
69,0,1948,32,340,444,1,-1,-1,-1
69,2,1,432,288,368,1,-1,-1,-1
69,3,1180,0,208,154,1,-1,-1,-1
69,4,1720,94,296,344,1,-1,-1,-1
69,5,412,127,174,294,1,-1,-1,-1
69,6,547,158,264,296,1,-1,-1,-1
69,7,896,369,580,688,1,-1,-1,-1
69,8,1171,240,512,316,1,-1,-1,-1
69,9,291,205,206,336,1,-1,-1,-1
69,10,2368,262,192,420,1,-1,-1,-1
69,11,110,356,197,244,1,-1,-1,-1
69,12,676,159,548,548,1,-1,-1,-1
69,14,2085,795,370,645,1,-1,-1,-1
69,15,944,374,567,322,1,-1,-1,-1
69,16,1884,0,180,124,1,-1,-1,-1
69,17,1484,0,160,100,1,-1,-1,-1
69,18,821,88,296,244,1,-1,-1,-1
69,19,667,186,141,207,1,-1,-1,-1
69,20,94,661,1312,708,1,-1,-1,-1
69,21,225,148,132,228,1,-1,-1,-1
69,22,744,31,159,181,1,-1,-1,-1
69,23,575,36,126,185,1,-1,-1,-1
69,24,146,219,88,124,1,-1,-1,-1
69,25,316,253,152,292,1,-1,-1,-1
69,26,437,66,260,380,1,-1,-1,-1
70,0,1945,31,340,444,1,-1,-1,-1
70,2,2,430,288,368,1,-1,-1,-1
70,3,1178,0,208,155,1,-1,-1,-1
70,4,1717,94,296,344,1,-1,-1,-1
70,5,410,128,174,294,1,-1,-1,-1
70,6,547,157,264,296,1,-1,-1,-1
70,7,894,370,580,688,1,-1,-1,-1
70,8,1170,239,512,316,1,-1,-1,-1
70,9,295,201,216,353,1,-1,-1,-1
70,10,2365,265,195,420,1,-1,-1,-1
70,11,110,356,197,244,1,-1,-1,-1
70,12,676,158,548,548,1,-1,-1,-1
70,14,2064,799,370,641,1,-1,-1,-1
70,15,941,370,567,322,1,-1,-1,-1
70,16,1885,0,180,125,1,-1,-1,-1
70,17,1484,0,160,100,1,-1,-1,-1
70,18,822,87,296,244,1,-1,-1,-1
70,19,667,184,141,207,1,-1,-1,-1
70,20,115,671,1250,674,1,-1,-1,-1
70,21,223,147,132,228,1,-1,-1,-1
70,22,743,31,159,181,1,-1,-1,-1
70,23,572,38,126,185,1,-1,-1,-1
70,24,146,220,88,124,1,-1,-1,-1
70,25,316,254,152,292,1,-1,-1,-1
70,26,437,67,260,380,1,-1,-1,-1
71,0,1945,28,340,444,1,-1,-1,-1
71,2,3,430,288,368,1,-1,-1,-1
71,3,1178,0,198,152,1,-1,-1,-1
71,4,1715,94,296,344,1,-1,-1,-1
71,5,409,130,174,294,1,-1,-1,-1
71,6,545,157,264,296,1,-1,-1,-1
71,7,897,365,580,688,1,-1,-1,-1
71,8,1170,237,512,316,1,-1,-1,-1
71,9,298,213,206,336,1,-1,-1,-1
71,10,2367,263,193,420,1,-1,-1,-1
71,11,110,355,197,244,1,-1,-1,-1
71,12,676,157,548,548,1,-1,-1,-1
71,14,2059,809,370,631,1,-1,-1,-1
71,15,944,367,567,322,1,-1,-1,-1
71,16,1883,0,180,124,1,-1,-1,-1
71,17,1484,0,160,100,1,-1,-1,-1
71,18,821,87,296,244,1,-1,-1,-1
71,19,659,183,141,207,1,-1,-1,-1
71,20,116,676,1250,674,1,-1,-1,-1
71,21,221,147,132,228,1,-1,-1,-1
71,22,744,31,159,181,1,-1,-1,-1
71,23,572,35,126,185,1,-1,-1,-1
71,24,146,220,88,124,1,-1,-1,-1
71,25,316,254,152,292,1,-1,-1,-1
71,26,434,66,260,380,1,-1,-1,-1
72,0,1944,23,340,444,1,-1,-1,-1
72,2,3,429,288,368,1,-1,-1,-1
72,3,1169,0,198,150,1,-1,-1,-1
72,4,1709,94,296,344,1,-1,-1,-1
72,5,393,130,174,294,1,-1,-1,-1
72,6,543,156,264,296,1,-1,-1,-1
72,7,902,362,580,688,1,-1,-1,-1
72,8,1172,234,512,316,1,-1,-1,-1
72,9,299,213,206,336,1,-1,-1,-1
72,10,2369,270,191,420,1,-1,-1,-1
72,11,109,355,197,244,1,-1,-1,-1
72,12,678,154,548,548,1,-1,-1,-1
72,14,2060,819,370,621,1,-1,-1,-1
72,15,943,366,567,322,1,-1,-1,-1
72,16,1882,0,180,124,1,-1,-1,-1
72,17,1484,0,160,100,1,-1,-1,-1
72,18,821,87,296,244,1,-1,-1,-1
72,19,651,194,141,207,1,-1,-1,-1
72,20,102,661,1250,674,1,-1,-1,-1
72,21,219,148,132,228,1,-1,-1,-1
72,22,745,32,159,181,1,-1,-1,-1
72,23,578,33,126,185,1,-1,-1,-1
72,24,146,220,88,124,1,-1,-1,-1
72,25,316,253,152,292,1,-1,-1,-1
72,26,434,65,260,380,1,-1,-1,-1
73,0,1944,24,240,360,1,-1,-1,-1
73,2,0,448,296,356,1,-1,-1,-1
73,3,1169,0,198,150,1,-1,-1,-1
73,4,1636,76,356,396,1,-1,-1,-1
73,5,393,130,174,294,1,-1,-1,-1
73,6,556,164,240,272,1,-1,-1,-1
73,7,902,362,580,688,1,-1,-1,-1
73,8,1208,244,476,324,1,-1,-1,-1
73,9,299,213,206,336,1,-1,-1,-1
73,10,2368,232,188,368,1,-1,-1,-1
73,11,109,355,197,244,1,-1,-1,-1
73,12,684,164,548,556,1,-1,-1,-1
73,14,2060,819,370,621,1,-1,-1,-1
73,15,943,366,567,322,1,-1,-1,-1
73,16,1882,0,180,124,1,-1,-1,-1
73,17,1488,0,156,100,1,-1,-1,-1
73,18,816,88,300,248,1,-1,-1,-1
73,19,651,194,141,207,1,-1,-1,-1
73,20,64,328,1412,1096,1,-1,-1,-1
73,21,219,148,132,228,1,-1,-1,-1
73,22,745,32,159,181,1,-1,-1,-1
73,23,578,33,126,185,1,-1,-1,-1
73,24,146,220,88,124,1,-1,-1,-1
73,25,316,253,152,292,1,-1,-1,-1
73,26,434,65,260,380,1,-1,-1,-1
73,27,344,244,236,260,1,-1,-1,-1
73,28,180,148,192,344,1,-1,-1,-1
73,29,1116,0,228,104,1,-1,-1,-1
73,30,448,156,104,164,1,-1,-1,-1
74,0,1944,24,240,360,1,-1,-1,-1
74,2,0,448,296,356,1,-1,-1,-1
74,3,1164,0,198,149,1,-1,-1,-1
74,4,1636,76,356,396,1,-1,-1,-1
74,6,556,164,240,272,1,-1,-1,-1
74,7,906,357,580,688,1,-1,-1,-1
74,8,1207,244,476,324,1,-1,-1,-1
74,9,302,212,206,336,1,-1,-1,-1
74,10,2368,232,188,368,1,-1,-1,-1
74,11,117,358,188,232,1,-1,-1,-1
74,12,683,164,548,556,1,-1,-1,-1
74,14,2054,815,370,625,1,-1,-1,-1
74,15,948,360,567,322,1,-1,-1,-1
74,16,1881,0,180,123,1,-1,-1,-1
74,17,1488,0,156,100,1,-1,-1,-1
74,18,816,88,300,248,1,-1,-1,-1
74,19,635,178,141,207,1,-1,-1,-1
74,20,65,327,1412,1096,1,-1,-1,-1
74,21,218,148,132,228,1,-1,-1,-1
74,22,741,25,167,190,1,-1,-1,-1
74,23,589,19,120,176,1,-1,-1,-1
74,24,145,220,88,124,1,-1,-1,-1
74,25,315,247,152,292,1,-1,-1,-1
74,26,435,63,260,380,1,-1,-1,-1
74,27,344,244,236,260,1,-1,-1,-1
74,28,180,148,192,344,1,-1,-1,-1
74,29,1116,0,228,104,1,-1,-1,-1
74,30,448,156,104,164,1,-1,-1,-1
75,0,1942,22,240,360,1,-1,-1,-1
75,2,0,451,294,356,1,-1,-1,-1
75,3,1149,0,208,151,1,-1,-1,-1
75,4,1631,75,356,396,1,-1,-1,-1
75,6,558,164,240,272,1,-1,-1,-1
75,7,906,355,580,688,1,-1,-1,-1
75,8,1208,244,476,324,1,-1,-1,-1
75,9,306,212,206,336,1,-1,-1,-1
75,10,2369,233,188,368,1,-1,-1,-1
75,11,122,363,179,221,1,-1,-1,-1
75,12,684,164,548,556,1,-1,-1,-1
75,14,2038,833,370,607,1,-1,-1,-1
75,15,947,358,567,322,1,-1,-1,-1
75,16,1881,0,180,123,1,-1,-1,-1
75,17,1489,0,156,100,1,-1,-1,-1
75,18,816,87,300,248,1,-1,-1,-1
75,20,75,322,1412,1096,1,-1,-1,-1
75,21,218,147,132,228,1,-1,-1,-1
75,22,737,23,167,190,1,-1,-1,-1
75,23,592,19,120,176,1,-1,-1,-1
75,24,145,220,88,124,1,-1,-1,-1
75,25,314,247,152,292,1,-1,-1,-1
75,26,436,61,260,380,1,-1,-1,-1
75,27,344,244,236,260,1,-1,-1,-1
75,28,180,146,192,344,1,-1,-1,-1
75,29,1113,0,228,103,1,-1,-1,-1
75,30,448,156,104,164,1,-1,-1,-1
76,0,1939,23,240,360,1,-1,-1,-1
76,2,0,452,292,356,1,-1,-1,-1
76,3,1147,0,198,147,1,-1,-1,-1
76,4,1624,73,356,396,1,-1,-1,-1
76,6,561,163,240,272,1,-1,-1,-1
76,7,906,354,580,688,1,-1,-1,-1
76,8,1208,244,476,324,1,-1,-1,-1
76,9,305,216,206,336,1,-1,-1,-1
76,10,2370,233,188,368,1,-1,-1,-1
76,11,122,363,179,221,1,-1,-1,-1
76,12,683,163,548,556,1,-1,-1,-1
76,14,2032,807,370,633,1,-1,-1,-1
76,15,946,355,567,322,1,-1,-1,-1
76,16,1880,0,180,124,1,-1,-1,-1
76,17,1489,0,156,100,1,-1,-1,-1
76,18,817,87,300,248,1,-1,-1,-1
76,20,68,326,1412,1096,1,-1,-1,-1
76,21,219,147,132,228,1,-1,-1,-1
76,22,740,21,167,190,1,-1,-1,-1
76,24,144,222,88,124,1,-1,-1,-1
76,25,312,247,152,292,1,-1,-1,-1
76,26,436,63,260,380,1,-1,-1,-1
76,27,343,244,236,260,1,-1,-1,-1
76,28,180,145,192,344,1,-1,-1,-1
76,29,1108,0,228,104,1,-1,-1,-1
76,30,448,156,104,164,1,-1,-1,-1
77,0,1935,19,240,360,1,-1,-1,-1
77,2,0,452,292,356,1,-1,-1,-1
77,3,1140,0,198,146,1,-1,-1,-1
77,4,1615,70,356,396,1,-1,-1,-1
77,6,565,163,240,272,1,-1,-1,-1
77,7,907,356,580,688,1,-1,-1,-1
77,8,1207,244,476,324,1,-1,-1,-1
77,10,2370,233,188,368,1,-1,-1,-1
77,11,122,362,179,221,1,-1,-1,-1
77,12,684,163,548,556,1,-1,-1,-1
77,15,945,355,567,322,1,-1,-1,-1
77,16,1875,0,180,123,1,-1,-1,-1
77,17,1489,0,156,100,1,-1,-1,-1
77,18,817,87,300,248,1,-1,-1,-1
77,20,74,330,1412,1096,1,-1,-1,-1
77,21,220,147,132,228,1,-1,-1,-1
77,22,751,25,159,181,1,-1,-1,-1
77,24,144,224,88,124,1,-1,-1,-1
77,25,312,245,152,292,1,-1,-1,-1
77,26,439,65,260,380,1,-1,-1,-1
77,27,343,243,236,260,1,-1,-1,-1
77,28,181,146,192,344,1,-1,-1,-1
77,29,1103,0,228,103,1,-1,-1,-1
77,30,449,156,104,164,1,-1,-1,-1
78,0,1930,21,240,360,1,-1,-1,-1
78,2,0,453,293,356,1,-1,-1,-1
78,3,1139,0,198,143,1,-1,-1,-1
78,4,1612,69,356,396,1,-1,-1,-1
78,6,569,164,240,272,1,-1,-1,-1
78,7,908,358,580,688,1,-1,-1,-1
78,8,1208,244,476,324,1,-1,-1,-1
78,10,2371,233,188,368,1,-1,-1,-1
78,11,122,362,179,221,1,-1,-1,-1
78,12,684,162,548,556,1,-1,-1,-1
78,15,945,354,567,322,1,-1,-1,-1
78,16,1869,0,180,123,1,-1,-1,-1
78,17,1490,0,156,100,1,-1,-1,-1
78,18,817,88,300,248,1,-1,-1,-1
78,20,59,337,1412,1096,1,-1,-1,-1
78,21,221,148,132,228,1,-1,-1,-1
78,22,752,22,159,181,1,-1,-1,-1
78,24,144,225,88,124,1,-1,-1,-1
78,25,310,247,152,292,1,-1,-1,-1
78,26,450,75,248,362,1,-1,-1,-1
78,27,342,244,236,260,1,-1,-1,-1
78,28,181,146,192,344,1,-1,-1,-1
78,29,1101,0,228,102,1,-1,-1,-1
78,30,449,156,104,164,1,-1,-1,-1
79,0,1905,11,240,360,1,-1,-1,-1
79,2,0,453,294,356,1,-1,-1,-1
79,3,1122,0,198,145,1,-1,-1,-1
79,4,1617,79,339,377,1,-1,-1,-1
79,6,573,165,240,272,1,-1,-1,-1
79,7,905,360,580,688,1,-1,-1,-1
79,8,1205,245,476,324,1,-1,-1,-1
79,10,2374,232,186,368,1,-1,-1,-1
79,11,117,357,188,232,1,-1,-1,-1
79,12,682,161,548,556,1,-1,-1,-1
79,15,944,354,567,322,1,-1,-1,-1
79,16,1850,0,180,120,1,-1,-1,-1
79,17,1490,1,156,100,1,-1,-1,-1
79,18,817,89,300,248,1,-1,-1,-1
79,20,69,336,1412,1096,1,-1,-1,-1
79,21,221,148,132,228,1,-1,-1,-1
79,22,747,31,167,190,1,-1,-1,-1
79,24,146,225,88,124,1,-1,-1,-1
79,25,310,252,152,292,1,-1,-1,-1
79,26,453,77,248,362,1,-1,-1,-1
79,27,339,247,236,260,1,-1,-1,-1
79,28,181,148,192,344,1,-1,-1,-1
79,29,1096,3,217,99,1,-1,-1,-1
79,30,449,156,104,164,1,-1,-1,-1
80,0,1905,12,240,360,1,-1,-1,-1
80,2,0,454,293,356,1,-1,-1,-1
80,3,1122,0,198,147,1,-1,-1,-1
80,4,1614,79,339,377,1,-1,-1,-1
80,6,574,166,240,272,1,-1,-1,-1
80,7,905,364,580,688,1,-1,-1,-1
80,8,1204,244,476,324,1,-1,-1,-1
80,10,2375,231,185,368,1,-1,-1,-1
80,11,117,358,188,232,1,-1,-1,-1
80,12,681,162,548,556,1,-1,-1,-1
80,15,943,355,567,322,1,-1,-1,-1
80,16,1847,0,180,119,1,-1,-1,-1
80,17,1490,1,156,100,1,-1,-1,-1
80,18,817,89,300,248,1,-1,-1,-1
80,20,69,340,1412,1096,1,-1,-1,-1
80,21,221,148,132,228,1,-1,-1,-1
80,22,752,32,167,190,1,-1,-1,-1
80,24,146,225,88,124,1,-1,-1,-1
80,25,309,254,152,292,1,-1,-1,-1
80,26,456,75,248,362,1,-1,-1,-1
80,27,339,248,236,260,1,-1,-1,-1
80,28,182,149,192,344,1,-1,-1,-1
80,29,1093,3,217,99,1,-1,-1,-1
80,30,449,156,104,164,1,-1,-1,-1
81,0,1904,8,208,364,1,-1,-1,-1
81,2,0,452,292,352,1,-1,-1,-1
81,3,1122,0,198,147,1,-1,-1,-1
81,4,1560,76,400,352,1,-1,-1,-1
81,6,576,56,244,388,1,-1,-1,-1
81,7,908,320,568,620,1,-1,-1,-1
81,8,1208,240,480,332,1,-1,-1,-1
81,10,2368,228,188,372,1,-1,-1,-1
81,11,117,358,188,232,1,-1,-1,-1
81,12,684,160,532,556,1,-1,-1,-1
81,15,943,355,567,322,1,-1,-1,-1
81,16,1847,0,180,119,1,-1,-1,-1
81,17,1490,1,156,100,1,-1,-1,-1
81,18,812,88,304,244,1,-1,-1,-1
81,20,69,340,1412,1096,1,-1,-1,-1
81,21,221,148,132,228,1,-1,-1,-1
81,22,744,20,192,208,1,-1,-1,-1
81,24,146,225,88,124,1,-1,-1,-1
81,25,309,254,152,292,1,-1,-1,-1
81,26,456,75,248,362,1,-1,-1,-1
81,27,328,264,188,240,1,-1,-1,-1
81,28,182,149,192,344,1,-1,-1,-1
81,29,1084,0,216,136,1,-1,-1,-1
81,30,448,156,104,192,1,-1,-1,-1
81,31,1312,0,148,88,1,-1,-1,-1
82,0,1901,7,208,364,1,-1,-1,-1
82,2,0,452,292,352,1,-1,-1,-1
82,3,1104,0,198,147,1,-1,-1,-1
82,4,1560,76,400,352,1,-1,-1,-1
82,6,577,56,244,388,1,-1,-1,-1
82,7,909,321,568,620,1,-1,-1,-1
82,8,1207,241,480,332,1,-1,-1,-1
82,10,2369,229,188,372,1,-1,-1,-1
82,11,117,358,188,232,1,-1,-1,-1
82,12,684,159,532,556,1,-1,-1,-1
82,15,946,353,567,322,1,-1,-1,-1
82,16,1834,0,180,112,1,-1,-1,-1
82,17,1492,0,156,100,1,-1,-1,-1
82,18,813,88,304,244,1,-1,-1,-1
82,20,71,336,1412,1096,1,-1,-1,-1
82,21,222,149,132,228,1,-1,-1,-1
82,22,752,20,192,208,1,-1,-1,-1
82,24,146,226,88,124,1,-1,-1,-1
82,25,308,259,152,292,1,-1,-1,-1
82,26,457,80,248,362,1,-1,-1,-1
82,27,327,265,188,240,1,-1,-1,-1
82,28,181,151,192,344,1,-1,-1,-1
82,29,1079,0,216,135,1,-1,-1,-1
82,30,448,156,104,192,1,-1,-1,-1
82,31,1315,0,148,88,1,-1,-1,-1
83,0,1899,5,208,364,1,-1,-1,-1
83,2,0,453,291,352,1,-1,-1,-1
83,3,1099,0,198,149,1,-1,-1,-1
83,4,1558,74,400,352,1,-1,-1,-1
83,6,578,54,244,388,1,-1,-1,-1
83,7,908,321,568,620,1,-1,-1,-1
83,8,1209,240,480,332,1,-1,-1,-1
83,10,2368,231,188,372,1,-1,-1,-1
83,11,117,358,188,232,1,-1,-1,-1
83,12,684,158,532,556,1,-1,-1,-1
83,15,942,356,567,322,1,-1,-1,-1
83,16,1828,0,189,116,1,-1,-1,-1
83,17,1492,1,156,100,1,-1,-1,-1
83,18,815,86,304,244,1,-1,-1,-1
83,20,74,333,1412,1096,1,-1,-1,-1
83,21,221,150,132,228,1,-1,-1,-1
83,22,764,14,192,208,1,-1,-1,-1
83,24,146,226,88,124,1,-1,-1,-1
83,25,308,260,152,292,1,-1,-1,-1
83,26,456,78,248,362,1,-1,-1,-1
83,27,326,266,188,240,1,-1,-1,-1
83,28,181,151,192,344,1,-1,-1,-1
83,29,1073,0,216,134,1,-1,-1,-1
83,30,447,156,104,192,1,-1,-1,-1
83,31,1319,0,148,86,1,-1,-1,-1
84,0,1897,0,208,364,1,-1,-1,-1
84,2,0,452,292,352,1,-1,-1,-1
84,3,1093,0,198,148,1,-1,-1,-1
84,4,1558,73,400,352,1,-1,-1,-1
84,6,579,54,244,388,1,-1,-1,-1
84,7,910,321,568,620,1,-1,-1,-1
84,8,1208,240,480,332,1,-1,-1,-1
84,10,2369,230,188,372,1,-1,-1,-1
84,11,118,358,188,232,1,-1,-1,-1
84,12,683,157,532,556,1,-1,-1,-1
84,15,945,354,567,322,1,-1,-1,-1
84,16,1823,0,189,116,1,-1,-1,-1
84,17,1491,1,156,100,1,-1,-1,-1
84,18,816,85,304,244,1,-1,-1,-1
84,20,70,323,1412,1096,1,-1,-1,-1
84,21,221,149,132,228,1,-1,-1,-1
84,22,762,15,192,208,1,-1,-1,-1
84,24,146,226,88,124,1,-1,-1,-1
84,25,307,260,152,292,1,-1,-1,-1
84,26,458,77,248,362,1,-1,-1,-1
84,27,326,266,188,240,1,-1,-1,-1
84,28,180,151,192,344,1,-1,-1,-1
84,29,1065,0,216,133,1,-1,-1,-1
84,30,447,156,104,192,1,-1,-1,-1
84,31,1320,0,148,84,1,-1,-1,-1
85,0,1892,0,208,362,1,-1,-1,-1
85,2,0,452,292,352,1,-1,-1,-1
85,3,1080,0,198,145,1,-1,-1,-1
85,4,1559,72,400,352,1,-1,-1,-1
85,6,580,54,244,388,1,-1,-1,-1
85,7,907,323,568,620,1,-1,-1,-1
85,8,1206,238,480,332,1,-1,-1,-1
85,10,2371,226,188,372,1,-1,-1,-1
85,11,119,358,188,232,1,-1,-1,-1
85,12,682,157,532,556,1,-1,-1,-1
85,15,944,356,567,322,1,-1,-1,-1
85,16,1821,0,189,115,1,-1,-1,-1
85,17,1492,1,156,100,1,-1,-1,-1
85,18,814,86,304,244,1,-1,-1,-1
85,20,73,324,1412,1096,1,-1,-1,-1
85,21,222,149,132,228,1,-1,-1,-1
85,22,747,17,192,208,1,-1,-1,-1
85,24,146,226,88,124,1,-1,-1,-1
85,25,308,259,152,292,1,-1,-1,-1
85,26,458,76,248,362,1,-1,-1,-1
85,27,326,265,188,240,1,-1,-1,-1
85,28,181,149,192,344,1,-1,-1,-1
85,29,1044,0,227,137,1,-1,-1,-1
85,30,447,156,104,192,1,-1,-1,-1
85,31,1319,0,148,83,1,-1,-1,-1
86,0,1890,0,208,359,1,-1,-1,-1
86,2,0,451,292,352,1,-1,-1,-1
86,3,1081,0,198,147,1,-1,-1,-1
86,4,1556,72,400,352,1,-1,-1,-1
86,6,580,53,244,388,1,-1,-1,-1
86,7,909,323,568,620,1,-1,-1,-1
86,8,1208,238,480,332,1,-1,-1,-1
86,10,2373,226,187,372,1,-1,-1,-1
86,11,120,360,188,232,1,-1,-1,-1
86,12,683,157,532,556,1,-1,-1,-1
86,15,944,355,567,322,1,-1,-1,-1
86,16,1818,0,189,114,1,-1,-1,-1
86,17,1496,3,149,95,1,-1,-1,-1
86,18,812,86,304,244,1,-1,-1,-1
86,20,70,325,1412,1096,1,-1,-1,-1
86,21,222,149,132,228,1,-1,-1,-1
86,22,750,17,192,208,1,-1,-1,-1
86,24,146,226,88,124,1,-1,-1,-1
86,25,308,260,152,292,1,-1,-1,-1
86,26,459,75,248,362,1,-1,-1,-1
86,27,326,266,188,240,1,-1,-1,-1
86,28,180,149,192,344,1,-1,-1,-1
86,29,1045,0,227,136,1,-1,-1,-1
86,30,447,156,104,192,1,-1,-1,-1
86,31,1323,0,141,81,1,-1,-1,-1
87,0,1889,0,208,359,1,-1,-1,-1
87,2,0,451,292,352,1,-1,-1,-1
87,3,1081,0,198,148,1,-1,-1,-1
87,4,1556,69,400,352,1,-1,-1,-1
87,6,581,53,244,388,1,-1,-1,-1
87,7,909,324,568,620,1,-1,-1,-1
87,8,1209,239,480,332,1,-1,-1,-1
87,10,2374,223,186,372,1,-1,-1,-1
87,11,121,360,188,232,1,-1,-1,-1
87,12,684,158,532,556,1,-1,-1,-1
87,15,946,353,567,322,1,-1,-1,-1
87,16,1817,0,189,115,1,-1,-1,-1
87,17,1495,3,149,95,1,-1,-1,-1
87,18,814,86,304,244,1,-1,-1,-1
87,20,74,321,1412,1096,1,-1,-1,-1
87,21,221,148,132,228,1,-1,-1,-1
87,22,750,16,192,208,1,-1,-1,-1
87,24,146,227,88,124,1,-1,-1,-1
87,25,309,260,152,292,1,-1,-1,-1
87,26,458,76,248,362,1,-1,-1,-1
87,27,327,266,188,240,1,-1,-1,-1
87,28,180,150,192,344,1,-1,-1,-1
87,29,1039,0,227,137,1,-1,-1,-1
87,30,447,155,104,192,1,-1,-1,-1
87,31,1321,0,141,81,1,-1,-1,-1
88,0,1886,0,208,360,1,-1,-1,-1
88,2,1,451,292,352,1,-1,-1,-1
88,3,1074,0,198,149,1,-1,-1,-1
88,4,1556,69,400,352,1,-1,-1,-1
88,6,582,51,244,388,1,-1,-1,-1
88,7,909,322,568,620,1,-1,-1,-1
88,8,1211,240,480,332,1,-1,-1,-1
88,10,2376,220,184,372,1,-1,-1,-1
88,11,121,359,188,232,1,-1,-1,-1
88,12,682,157,532,556,1,-1,-1,-1
88,15,946,354,567,322,1,-1,-1,-1
88,16,1816,0,189,115,1,-1,-1,-1
88,17,1496,2,149,95,1,-1,-1,-1
88,18,814,86,304,244,1,-1,-1,-1
88,20,100,345,1345,1044,1,-1,-1,-1
88,21,220,148,132,228,1,-1,-1,-1
88,22,751,15,192,208,1,-1,-1,-1
88,24,146,226,88,124,1,-1,-1,-1
88,25,310,260,152,292,1,-1,-1,-1
88,26,458,77,248,362,1,-1,-1,-1
88,27,326,266,188,240,1,-1,-1,-1
88,28,180,148,192,344,1,-1,-1,-1
88,29,1042,0,216,134,1,-1,-1,-1
88,30,447,155,104,192,1,-1,-1,-1
88,31,1323,0,141,81,1,-1,-1,-1
89,0,1884,4,204,332,1,-1,-1,-1
89,2,0,456,296,348,1,-1,-1,-1
89,3,1074,0,198,149,1,-1,-1,-1
89,4,1604,52,344,376,1,-1,-1,-1
89,6,568,56,272,384,1,-1,-1,-1
89,7,909,322,568,620,1,-1,-1,-1
89,8,1204,240,480,324,1,-1,-1,-1
89,10,2364,184,196,412,1,-1,-1,-1
89,11,121,359,188,232,1,-1,-1,-1
89,12,684,164,532,548,1,-1,-1,-1
89,15,946,354,567,322,1,-1,-1,-1
89,16,1816,0,189,115,1,-1,-1,-1
89,17,1496,2,149,95,1,-1,-1,-1
89,18,828,76,292,260,1,-1,-1,-1
89,20,96,316,1408,1108,1,-1,-1,-1
89,21,220,148,132,228,1,-1,-1,-1
89,22,751,15,192,208,1,-1,-1,-1
89,24,146,226,88,124,1,-1,-1,-1
89,25,310,260,152,292,1,-1,-1,-1
89,26,458,77,248,362,1,-1,-1,-1
89,27,324,260,192,252,1,-1,-1,-1
89,28,180,148,192,344,1,-1,-1,-1
89,29,1040,0,212,148,1,-1,-1,-1
89,30,448,156,116,180,1,-1,-1,-1
89,31,1323,0,141,81,1,-1,-1,-1
90,0,1884,4,204,332,1,-1,-1,-1
90,2,1,456,296,348,1,-1,-1,-1
90,3,1058,0,198,146,1,-1,-1,-1
90,4,1604,53,344,376,1,-1,-1,-1
90,6,568,56,272,384,1,-1,-1,-1
90,7,909,321,568,620,1,-1,-1,-1
90,8,1205,241,480,324,1,-1,-1,-1
90,10,2365,182,195,412,1,-1,-1,-1
90,11,119,359,188,232,1,-1,-1,-1
90,12,684,164,532,548,1,-1,-1,-1
90,15,951,351,567,322,1,-1,-1,-1
90,16,1811,0,189,116,1,-1,-1,-1
90,17,1495,2,149,95,1,-1,-1,-1
90,18,829,76,292,260,1,-1,-1,-1
90,20,97,318,1408,1108,1,-1,-1,-1
90,21,221,150,132,228,1,-1,-1,-1
90,22,755,12,192,208,1,-1,-1,-1
90,24,146,228,88,124,1,-1,-1,-1
90,25,309,260,152,292,1,-1,-1,-1
90,26,453,68,260,380,1,-1,-1,-1
90,27,324,260,192,252,1,-1,-1,-1
90,28,180,151,192,344,1,-1,-1,-1
90,29,1038,0,212,148,1,-1,-1,-1
90,30,448,156,116,180,1,-1,-1,-1
90,31,1329,0,134,79,1,-1,-1,-1
91,0,1879,8,204,332,1,-1,-1,-1
91,2,1,457,296,348,1,-1,-1,-1
91,3,1044,0,189,141,1,-1,-1,-1
91,4,1606,54,344,376,1,-1,-1,-1
91,6,568,54,272,384,1,-1,-1,-1
91,7,905,326,568,620,1,-1,-1,-1
91,8,1205,241,480,324,1,-1,-1,-1
91,10,2367,180,193,412,1,-1,-1,-1
91,11,118,360,188,232,1,-1,-1,-1
91,12,681,163,532,548,1,-1,-1,-1
91,15,932,346,595,338,1,-1,-1,-1
91,16,1803,0,189,115,1,-1,-1,-1
91,17,1494,2,149,95,1,-1,-1,-1
91,18,830,75,292,260,1,-1,-1,-1
91,20,97,316,1408,1108,1,-1,-1,-1
91,21,220,152,132,228,1,-1,-1,-1
91,22,756,14,192,208,1,-1,-1,-1
91,24,146,228,88,124,1,-1,-1,-1
91,25,309,259,152,292,1,-1,-1,-1
91,26,452,68,260,380,1,-1,-1,-1
91,27,324,261,192,252,1,-1,-1,-1
91,28,180,152,192,344,1,-1,-1,-1
91,29,1032,1,212,148,1,-1,-1,-1
91,30,448,157,116,180,1,-1,-1,-1
91,31,1326,0,141,81,1,-1,-1,-1
92,0,1876,10,204,332,1,-1,-1,-1
92,2,0,458,296,348,1,-1,-1,-1
92,3,1045,0,189,141,1,-1,-1,-1
92,4,1605,52,344,376,1,-1,-1,-1
92,6,569,54,272,384,1,-1,-1,-1
92,7,905,323,568,620,1,-1,-1,-1
92,8,1203,241,480,324,1,-1,-1,-1
92,10,2368,181,192,412,1,-1,-1,-1
92,11,119,361,188,232,1,-1,-1,-1
92,12,680,164,532,548,1,-1,-1,-1
92,15,932,349,595,338,1,-1,-1,-1
92,16,1803,0,189,114,1,-1,-1,-1
92,17,1493,2,149,95,1,-1,-1,-1
92,18,831,75,292,260,1,-1,-1,-1
92,20,98,314,1408,1108,1,-1,-1,-1
92,21,220,153,132,228,1,-1,-1,-1
92,22,755,9,192,208,1,-1,-1,-1
92,24,146,228,88,124,1,-1,-1,-1
92,25,309,259,152,292,1,-1,-1,-1
92,26,451,69,260,380,1,-1,-1,-1
92,27,323,261,192,252,1,-1,-1,-1
92,28,180,152,192,344,1,-1,-1,-1
92,29,1031,1,212,148,1,-1,-1,-1
92,30,448,157,116,180,1,-1,-1,-1
92,31,1327,0,148,83,1,-1,-1,-1
93,0,1873,10,204,332,1,-1,-1,-1
93,2,0,457,296,348,1,-1,-1,-1
93,3,1033,0,189,138,1,-1,-1,-1
93,4,1606,53,344,376,1,-1,-1,-1
93,6,569,54,272,384,1,-1,-1,-1
93,7,901,319,568,620,1,-1,-1,-1
93,8,1199,241,480,324,1,-1,-1,-1
93,10,2368,178,192,412,1,-1,-1,-1
93,11,120,362,188,232,1,-1,-1,-1
93,12,680,163,532,548,1,-1,-1,-1
93,15,930,348,595,338,1,-1,-1,-1
93,16,1798,0,189,115,1,-1,-1,-1
93,17,1494,1,149,95,1,-1,-1,-1
93,18,832,75,292,260,1,-1,-1,-1
93,20,90,314,1408,1108,1,-1,-1,-1
93,21,221,153,132,228,1,-1,-1,-1
93,22,758,10,192,208,1,-1,-1,-1
93,24,146,229,88,124,1,-1,-1,-1
93,25,309,259,152,292,1,-1,-1,-1
93,26,451,68,260,380,1,-1,-1,-1
93,27,324,260,192,252,1,-1,-1,-1
93,28,180,154,192,344,1,-1,-1,-1
93,29,1030,0,212,148,1,-1,-1,-1
93,30,448,157,116,180,1,-1,-1,-1
93,31,1328,0,148,83,1,-1,-1,-1
94,0,1871,11,204,332,1,-1,-1,-1
94,2,1,457,296,348,1,-1,-1,-1
94,3,1036,0,189,135,1,-1,-1,-1
94,4,1606,54,344,376,1,-1,-1,-1
94,6,569,54,272,384,1,-1,-1,-1
94,7,898,322,568,620,1,-1,-1,-1
94,8,1210,250,457,309,1,-1,-1,-1
94,10,2367,178,193,412,1,-1,-1,-1
94,11,120,362,188,232,1,-1,-1,-1
94,12,679,161,532,548,1,-1,-1,-1
94,15,927,349,595,338,1,-1,-1,-1
94,16,1793,0,189,116,1,-1,-1,-1
94,17,1494,1,149,95,1,-1,-1,-1
94,18,833,74,292,260,1,-1,-1,-1
94,20,88,314,1408,1108,1,-1,-1,-1
94,21,222,153,132,228,1,-1,-1,-1
94,22,760,11,192,208,1,-1,-1,-1
94,24,147,229,88,124,1,-1,-1,-1
94,25,308,257,152,292,1,-1,-1,-1
94,26,448,68,260,380,1,-1,-1,-1
94,27,323,258,192,252,1,-1,-1,-1
94,28,181,155,192,344,1,-1,-1,-1
94,29,1047,0,212,147,1,-1,-1,-1
94,30,448,157,116,180,1,-1,-1,-1
94,31,1329,0,148,83,1,-1,-1,-1
95,0,1870,10,204,332,1,-1,-1,-1
95,2,3,455,296,348,1,-1,-1,-1
95,3,1025,0,189,132,1,-1,-1,-1
95,4,1606,55,344,376,1,-1,-1,-1
95,6,570,54,272,384,1,-1,-1,-1
95,7,899,321,568,620,1,-1,-1,-1
95,8,1206,250,457,309,1,-1,-1,-1
95,10,2365,181,195,412,1,-1,-1,-1
95,11,123,360,188,232,1,-1,-1,-1
95,12,677,160,532,548,1,-1,-1,-1
95,15,928,345,595,338,1,-1,-1,-1
95,16,1789,0,189,115,1,-1,-1,-1
95,17,1496,2,149,95,1,-1,-1,-1
95,18,834,72,292,260,1,-1,-1,-1
95,20,94,314,1408,1108,1,-1,-1,-1
95,21,222,153,132,228,1,-1,-1,-1
95,22,759,10,192,208,1,-1,-1,-1
95,24,147,229,88,124,1,-1,-1,-1
95,25,307,254,152,292,1,-1,-1,-1
95,26,450,68,260,380,1,-1,-1,-1
95,27,321,259,192,252,1,-1,-1,-1
95,28,181,154,192,344,1,-1,-1,-1
95,29,1049,0,212,146,1,-1,-1,-1
95,30,448,157,116,180,1,-1,-1,-1
95,31,1379,0,148,81,1,-1,-1,-1
96,0,1869,11,204,332,1,-1,-1,-1
96,2,2,458,296,348,1,-1,-1,-1
96,3,1025,0,189,132,1,-1,-1,-1
96,4,1608,55,344,376,1,-1,-1,-1
96,6,571,53,272,384,1,-1,-1,-1
96,7,904,318,568,620,1,-1,-1,-1
96,8,1204,251,457,309,1,-1,-1,-1
96,10,2361,181,196,412,1,-1,-1,-1
96,11,124,358,188,232,1,-1,-1,-1
96,12,691,158,532,548,1,-1,-1,-1
96,15,929,342,595,338,1,-1,-1,-1
96,16,1787,0,189,115,1,-1,-1,-1
96,17,1495,3,149,95,1,-1,-1,-1
96,18,835,71,292,260,1,-1,-1,-1
96,20,91,315,1408,1108,1,-1,-1,-1
96,21,222,154,132,228,1,-1,-1,-1
96,22,759,8,192,208,1,-1,-1,-1
96,24,147,230,88,124,1,-1,-1,-1
96,25,307,254,152,292,1,-1,-1,-1
96,26,452,67,260,380,1,-1,-1,-1
96,27,322,258,192,252,1,-1,-1,-1
96,28,182,153,192,344,1,-1,-1,-1
96,29,993,0,212,141,1,-1,-1,-1
96,30,448,157,116,180,1,-1,-1,-1
96,31,1380,0,148,84,1,-1,-1,-1
97,0,1852,8,200,328,1,-1,-1,-1
97,2,0,464,296,344,1,-1,-1,-1
97,3,1025,0,189,132,1,-1,-1,-1
97,4,1604,64,360,368,1,-1,-1,-1
97,6,576,60,272,392,1,-1,-1,-1
97,7,904,318,568,620,1,-1,-1,-1
97,8,1204,240,480,316,1,-1,-1,-1
97,10,2364,176,180,416,1,-1,-1,-1
97,11,124,358,188,232,1,-1,-1,-1
97,12,691,158,532,548,1,-1,-1,-1
97,17,1495,3,149,95,1,-1,-1,-1
97,18,835,71,292,260,1,-1,-1,-1
97,20,91,315,1408,1108,1,-1,-1,-1
97,21,222,154,132,228,1,-1,-1,-1
97,22,759,8,192,208,1,-1,-1,-1
97,24,147,230,88,124,1,-1,-1,-1
97,25,307,254,152,292,1,-1,-1,-1
97,26,452,67,260,380,1,-1,-1,-1
97,27,320,260,196,244,1,-1,-1,-1
97,28,182,153,192,344,1,-1,-1,-1
97,29,993,0,212,141,1,-1,-1,-1
97,30,452,152,108,188,1,-1,-1,-1
97,31,1380,0,148,84,1,-1,-1,-1
98,0,1852,8,200,328,1,-1,-1,-1
98,2,0,465,296,344,1,-1,-1,-1
98,3,1006,0,189,133,1,-1,-1,-1
98,4,1604,64,360,368,1,-1,-1,-1
98,6,576,60,272,392,1,-1,-1,-1
98,7,910,315,568,620,1,-1,-1,-1
98,8,1204,240,480,316,1,-1,-1,-1
98,10,2364,175,180,416,1,-1,-1,-1
98,11,128,357,188,232,1,-1,-1,-1
98,12,694,152,532,548,1,-1,-1,-1
98,17,1496,3,149,95,1,-1,-1,-1
98,18,834,70,292,260,1,-1,-1,-1
98,20,90,318,1408,1108,1,-1,-1,-1
98,21,222,152,132,228,1,-1,-1,-1
98,22,762,10,192,208,1,-1,-1,-1
98,24,148,229,88,124,1,-1,-1,-1
98,25,307,254,152,292,1,-1,-1,-1
98,26,453,67,260,380,1,-1,-1,-1
98,27,320,260,196,244,1,-1,-1,-1
98,28,183,152,192,344,1,-1,-1,-1
98,29,977,0,212,135,1,-1,-1,-1
98,30,452,152,108,188,1,-1,-1,-1
98,31,1388,0,148,84,1,-1,-1,-1
99,0,1852,7,200,328,1,-1,-1,-1
99,2,0,465,295,344,1,-1,-1,-1
99,3,1018,0,189,134,1,-1,-1,-1
99,4,1604,63,360,368,1,-1,-1,-1
99,6,577,61,272,392,1,-1,-1,-1
99,7,908,312,568,620,1,-1,-1,-1
99,8,1207,240,480,316,1,-1,-1,-1
99,10,2361,175,180,416,1,-1,-1,-1
99,11,127,358,188,232,1,-1,-1,-1
99,12,694,153,532,548,1,-1,-1,-1
99,17,1499,6,141,91,1,-1,-1,-1
99,18,832,70,292,260,1,-1,-1,-1
99,20,98,319,1408,1108,1,-1,-1,-1
99,21,218,145,139,239,1,-1,-1,-1
99,22,758,10,192,208,1,-1,-1,-1
99,24,148,228,88,124,1,-1,-1,-1
99,25,307,256,152,292,1,-1,-1,-1
99,26,446,60,273,399,1,-1,-1,-1
99,27,320,260,196,244,1,-1,-1,-1
99,28,183,149,192,344,1,-1,-1,-1
99,29,975,0,212,132,1,-1,-1,-1
99,30,453,151,108,188,1,-1,-1,-1
99,31,1388,0,148,82,1,-1,-1,-1
100,0,1852,7,200,328,1,-1,-1,-1
100,2,0,465,296,344,1,-1,-1,-1
100,3,1010,0,189,136,1,-1,-1,-1
100,4,1601,65,360,368,1,-1,-1,-1
100,6,576,64,272,392,1,-1,-1,-1
100,7,911,312,568,620,1,-1,-1,-1
100,8,1204,239,480,316,1,-1,-1,-1
100,10,2333,166,180,416,1,-1,-1,-1
100,11,127,358,188,232,1,-1,-1,-1
100,12,693,152,532,548,1,-1,-1,-1
100,17,1501,6,141,91,1,-1,-1,-1
100,18,826,70,292,260,1,-1,-1,-1
100,20,89,315,1408,1108,1,-1,-1,-1
100,21,218,145,139,239,1,-1,-1,-1
100,22,756,14,192,208,1,-1,-1,-1
100,24,148,227,88,124,1,-1,-1,-1
100,25,306,254,152,292,1,-1,-1,-1
100,26,447,58,273,399,1,-1,-1,-1
100,27,321,260,196,244,1,-1,-1,-1
100,28,183,150,192,344,1,-1,-1,-1
100,29,966,0,212,137,1,-1,-1,-1
100,30,453,151,108,188,1,-1,-1,-1
100,31,1386,0,148,83,1,-1,-1,-1
101,0,1852,5,200,328,1,-1,-1,-1
101,2,0,466,295,344,1,-1,-1,-1
101,3,1009,0,189,136,1,-1,-1,-1
101,4,1602,61,360,368,1,-1,-1,-1
101,6,577,65,272,392,1,-1,-1,-1
101,7,909,310,568,620,1,-1,-1,-1
101,8,1205,239,480,316,1,-1,-1,-1
101,10,2322,163,180,416,1,-1,-1,-1
101,11,127,359,188,232,1,-1,-1,-1
101,12,692,152,532,548,1,-1,-1,-1
101,17,1501,6,141,91,1,-1,-1,-1
101,18,820,69,292,260,1,-1,-1,-1
101,20,89,310,1408,1108,1,-1,-1,-1
101,21,219,144,139,239,1,-1,-1,-1
101,22,752,11,202,218,1,-1,-1,-1
101,24,148,227,88,124,1,-1,-1,-1
101,25,306,253,152,292,1,-1,-1,-1
101,26,450,58,273,399,1,-1,-1,-1
101,27,322,260,196,244,1,-1,-1,-1
101,28,184,150,192,344,1,-1,-1,-1
101,29,949,0,212,135,1,-1,-1,-1
101,30,453,151,108,188,1,-1,-1,-1
101,31,1386,0,148,83,1,-1,-1,-1
102,0,1851,2,200,328,1,-1,-1,-1
102,2,0,467,294,344,1,-1,-1,-1
102,3,1006,0,189,132,1,-1,-1,-1
102,4,1598,57,360,368,1,-1,-1,-1
102,6,578,66,272,392,1,-1,-1,-1
102,7,908,311,568,620,1,-1,-1,-1
102,8,1204,240,480,316,1,-1,-1,-1
102,10,2318,157,180,416,1,-1,-1,-1
102,11,126,358,188,232,1,-1,-1,-1
102,12,691,154,532,548,1,-1,-1,-1
102,17,1501,6,141,91,1,-1,-1,-1
102,18,815,68,292,260,1,-1,-1,-1
102,20,87,307,1408,1108,1,-1,-1,-1
102,21,219,144,139,239,1,-1,-1,-1
102,22,760,20,192,208,1,-1,-1,-1
102,24,148,227,88,124,1,-1,-1,-1
102,25,306,253,152,292,1,-1,-1,-1
102,26,451,60,273,399,1,-1,-1,-1
102,27,321,260,196,244,1,-1,-1,-1
102,28,183,149,192,344,1,-1,-1,-1
102,29,938,0,202,130,1,-1,-1,-1
102,30,453,151,108,188,1,-1,-1,-1
102,31,1386,0,148,82,1,-1,-1,-1
103,0,1854,7,190,312,1,-1,-1,-1
103,2,0,468,294,344,1,-1,-1,-1
103,4,1598,51,360,368,1,-1,-1,-1
103,6,579,65,272,392,1,-1,-1,-1
103,7,905,311,568,620,1,-1,-1,-1
103,8,1203,239,480,316,1,-1,-1,-1
103,10,2296,144,189,437,1,-1,-1,-1
103,11,128,358,188,232,1,-1,-1,-1
103,12,692,153,532,548,1,-1,-1,-1
103,17,1502,6,141,91,1,-1,-1,-1
103,18,814,63,292,260,1,-1,-1,-1
103,20,94,296,1408,1108,1,-1,-1,-1
103,21,219,144,139,239,1,-1,-1,-1
103,22,761,15,192,208,1,-1,-1,-1
103,24,148,227,88,124,1,-1,-1,-1
103,25,306,252,152,292,1,-1,-1,-1
103,26,453,60,273,399,1,-1,-1,-1
103,27,321,260,196,244,1,-1,-1,-1
103,28,183,150,192,344,1,-1,-1,-1
103,29,931,0,202,133,1,-1,-1,-1
103,30,452,152,108,188,1,-1,-1,-1
103,31,1387,0,148,82,1,-1,-1,-1
104,0,1853,6,190,312,1,-1,-1,-1
104,2,0,468,294,344,1,-1,-1,-1
104,4,1601,51,360,368,1,-1,-1,-1
104,6,580,65,272,392,1,-1,-1,-1
104,7,907,313,568,620,1,-1,-1,-1
104,8,1202,238,480,316,1,-1,-1,-1
104,10,2298,141,180,416,1,-1,-1,-1
104,11,127,358,188,232,1,-1,-1,-1
104,12,691,154,532,548,1,-1,-1,-1
104,17,1501,6,141,91,1,-1,-1,-1
104,18,811,63,292,260,1,-1,-1,-1
104,20,96,299,1408,1108,1,-1,-1,-1
104,21,218,145,139,239,1,-1,-1,-1
104,22,763,11,192,208,1,-1,-1,-1
104,24,148,227,88,124,1,-1,-1,-1
104,25,306,253,152,292,1,-1,-1,-1
104,26,453,59,273,399,1,-1,-1,-1
104,27,320,261,196,244,1,-1,-1,-1
104,28,182,150,192,344,1,-1,-1,-1
104,29,931,0,202,130,1,-1,-1,-1
104,30,452,152,108,188,1,-1,-1,-1
104,31,1386,0,148,83,1,-1,-1,-1
105,0,1852,4,196,328,1,-1,-1,-1
105,2,0,460,296,344,1,-1,-1,-1
105,4,1580,92,380,248,1,-1,-1,-1
105,6,580,65,272,392,1,-1,-1,-1
105,7,872,292,588,780,1,-1,-1,-1
105,8,1184,244,504,324,1,-1,-1,-1
105,10,2256,140,204,368,1,-1,-1,-1
105,11,127,358,188,232,1,-1,-1,-1
105,12,700,140,480,576,1,-1,-1,-1
105,17,1501,6,141,91,1,-1,-1,-1
105,18,811,63,292,260,1,-1,-1,-1
105,20,96,299,1408,1108,1,-1,-1,-1
105,21,218,145,139,239,1,-1,-1,-1
105,22,763,11,192,208,1,-1,-1,-1
105,24,148,227,88,124,1,-1,-1,-1
105,25,306,253,152,292,1,-1,-1,-1
105,26,520,60,196,244,1,-1,-1,-1
105,27,320,260,192,256,1,-1,-1,-1
105,28,180,148,180,276,1,-1,-1,-1
105,29,931,0,202,130,1,-1,-1,-1
105,30,452,156,108,184,1,-1,-1,-1
105,31,1386,0,148,83,1,-1,-1,-1
105,32,592,160,276,328,1,-1,-1,-1
105,33,696,16,196,172,1,-1,-1,-1
105,34,820,8,184,148,1,-1,-1,-1
105,35,860,68,344,236,1,-1,-1,-1
105,36,2396,732,164,656,1,-1,-1,-1
106,0,1852,3,196,328,1,-1,-1,-1
106,2,0,460,296,344,1,-1,-1,-1
106,4,1582,90,380,248,1,-1,-1,-1
106,6,582,64,272,392,1,-1,-1,-1
106,7,872,293,588,780,1,-1,-1,-1
106,8,1184,244,504,324,1,-1,-1,-1
106,10,2256,135,204,368,1,-1,-1,-1
106,11,128,356,188,232,1,-1,-1,-1
106,12,700,141,480,576,1,-1,-1,-1
106,17,1501,7,141,91,1,-1,-1,-1
106,18,806,60,292,260,1,-1,-1,-1
106,20,101,299,1408,1108,1,-1,-1,-1
106,21,218,144,139,239,1,-1,-1,-1
106,22,725,14,192,208,1,-1,-1,-1
106,24,147,228,88,124,1,-1,-1,-1
106,25,306,252,152,292,1,-1,-1,-1
106,26,520,60,196,244,1,-1,-1,-1
106,27,320,260,192,256,1,-1,-1,-1
106,28,180,148,180,276,1,-1,-1,-1
106,30,452,156,108,184,1,-1,-1,-1
106,31,1386,0,148,83,1,-1,-1,-1
106,32,593,159,276,328,1,-1,-1,-1
106,33,694,16,196,172,1,-1,-1,-1
106,34,819,8,184,148,1,-1,-1,-1
106,35,860,68,344,236,1,-1,-1,-1
106,36,2396,735,164,656,1,-1,-1,-1
107,0,1852,3,196,328,1,-1,-1,-1
107,2,0,459,295,344,1,-1,-1,-1
107,4,1582,88,380,248,1,-1,-1,-1
107,6,584,63,272,392,1,-1,-1,-1
107,7,873,294,588,780,1,-1,-1,-1
107,8,1182,243,504,324,1,-1,-1,-1
107,10,2256,123,204,368,1,-1,-1,-1
107,11,128,356,188,232,1,-1,-1,-1
107,12,701,140,480,576,1,-1,-1,-1
107,17,1502,7,141,91,1,-1,-1,-1
107,18,810,63,292,260,1,-1,-1,-1
107,20,97,299,1408,1108,1,-1,-1,-1
107,21,218,143,139,239,1,-1,-1,-1
107,22,717,16,192,208,1,-1,-1,-1
107,24,147,228,88,124,1,-1,-1,-1
107,25,305,254,152,292,1,-1,-1,-1
107,26,520,59,196,244,1,-1,-1,-1
107,27,320,260,192,256,1,-1,-1,-1
107,28,181,148,180,276,1,-1,-1,-1
107,30,452,156,108,184,1,-1,-1,-1
107,31,1387,0,148,84,1,-1,-1,-1
107,32,595,159,276,328,1,-1,-1,-1
107,33,692,17,196,172,1,-1,-1,-1
107,34,817,8,184,148,1,-1,-1,-1
107,35,860,68,344,236,1,-1,-1,-1
107,36,2397,747,163,656,1,-1,-1,-1
108,0,1853,2,196,328,1,-1,-1,-1
108,2,0,460,295,344,1,-1,-1,-1
108,4,1586,87,380,248,1,-1,-1,-1
108,6,587,65,272,392,1,-1,-1,-1
108,7,873,298,588,780,1,-1,-1,-1
108,8,1180,241,504,324,1,-1,-1,-1
108,10,2254,118,204,368,1,-1,-1,-1
108,11,130,358,188,232,1,-1,-1,-1
108,12,704,140,480,576,1,-1,-1,-1
108,17,1502,7,141,91,1,-1,-1,-1
108,18,808,63,292,260,1,-1,-1,-1
108,20,99,300,1408,1108,1,-1,-1,-1
108,21,218,143,139,239,1,-1,-1,-1
108,22,718,21,183,198,1,-1,-1,-1
108,24,147,228,88,124,1,-1,-1,-1
108,25,306,254,152,292,1,-1,-1,-1
108,26,521,59,196,244,1,-1,-1,-1
108,27,320,260,192,256,1,-1,-1,-1
108,28,181,148,180,276,1,-1,-1,-1
108,30,453,156,108,184,1,-1,-1,-1
108,31,1386,0,148,84,1,-1,-1,-1
108,32,595,159,276,328,1,-1,-1,-1
108,33,689,17,196,172,1,-1,-1,-1
108,34,814,8,184,148,1,-1,-1,-1
108,35,860,68,344,236,1,-1,-1,-1
108,36,2398,760,162,656,1,-1,-1,-1
109,0,1854,4,196,328,1,-1,-1,-1
109,2,0,463,295,344,1,-1,-1,-1
109,4,1578,79,399,260,1,-1,-1,-1
109,6,586,64,272,392,1,-1,-1,-1
109,7,873,299,588,780,1,-1,-1,-1
109,8,1182,241,504,324,1,-1,-1,-1
109,10,2250,113,204,368,1,-1,-1,-1
109,11,131,357,188,232,1,-1,-1,-1
109,12,703,138,480,576,1,-1,-1,-1
109,17,1502,7,141,91,1,-1,-1,-1
109,18,807,63,292,260,1,-1,-1,-1
109,20,134,324,1341,1055,1,-1,-1,-1
109,21,219,143,139,239,1,-1,-1,-1
109,22,701,18,183,198,1,-1,-1,-1
109,24,146,229,88,124,1,-1,-1,-1
109,25,306,254,152,292,1,-1,-1,-1
109,26,521,58,196,244,1,-1,-1,-1
109,27,320,260,192,256,1,-1,-1,-1
109,28,181,148,180,276,1,-1,-1,-1
109,30,453,156,108,184,1,-1,-1,-1
109,31,1387,0,148,83,1,-1,-1,-1
109,32,595,159,276,328,1,-1,-1,-1
109,33,680,19,196,172,1,-1,-1,-1
109,34,804,8,184,148,1,-1,-1,-1
109,35,860,68,344,236,1,-1,-1,-1
109,36,2407,797,153,625,1,-1,-1,-1
110,0,1854,4,196,328,1,-1,-1,-1
110,2,1,463,296,344,1,-1,-1,-1
110,4,1577,79,399,260,1,-1,-1,-1
110,6,588,64,272,392,1,-1,-1,-1
110,7,872,300,588,780,1,-1,-1,-1
110,8,1181,240,504,324,1,-1,-1,-1
110,10,2247,115,204,368,1,-1,-1,-1
110,11,131,357,188,232,1,-1,-1,-1
110,12,706,139,480,576,1,-1,-1,-1
110,17,1502,6,141,91,1,-1,-1,-1
110,18,808,63,292,260,1,-1,-1,-1
110,20,131,328,1341,1055,1,-1,-1,-1
110,21,219,144,139,239,1,-1,-1,-1
110,24,146,229,88,124,1,-1,-1,-1
110,25,306,254,152,292,1,-1,-1,-1
110,26,520,58,196,244,1,-1,-1,-1
110,27,321,261,192,256,1,-1,-1,-1
110,28,181,149,180,276,1,-1,-1,-1
110,30,453,156,108,184,1,-1,-1,-1
110,31,1388,0,148,84,1,-1,-1,-1
110,32,596,160,276,328,1,-1,-1,-1
110,33,677,20,196,172,1,-1,-1,-1
110,34,804,9,184,148,1,-1,-1,-1
110,35,860,68,344,236,1,-1,-1,-1
110,36,2410,799,150,625,1,-1,-1,-1
111,0,1851,5,196,328,1,-1,-1,-1
111,2,0,463,296,344,1,-1,-1,-1
111,4,1573,81,399,260,1,-1,-1,-1
111,6,591,64,272,392,1,-1,-1,-1
111,7,870,296,588,780,1,-1,-1,-1
111,8,1180,240,504,324,1,-1,-1,-1
111,10,2246,115,204,368,1,-1,-1,-1
111,11,130,357,188,232,1,-1,-1,-1
111,12,704,138,480,576,1,-1,-1,-1
111,17,1502,7,141,91,1,-1,-1,-1
111,18,808,61,292,260,1,-1,-1,-1
111,20,126,326,1341,1055,1,-1,-1,-1
111,21,219,143,139,239,1,-1,-1,-1
111,24,146,229,88,124,1,-1,-1,-1
111,25,306,254,152,292,1,-1,-1,-1
111,26,520,58,196,244,1,-1,-1,-1
111,27,321,261,192,256,1,-1,-1,-1
111,28,181,149,180,276,1,-1,-1,-1
111,30,453,155,108,184,1,-1,-1,-1
111,31,1390,0,141,82,1,-1,-1,-1
111,32,596,159,276,328,1,-1,-1,-1
111,33,676,25,187,164,1,-1,-1,-1
111,34,794,6,193,155,1,-1,-1,-1
111,35,861,67,344,236,1,-1,-1,-1
111,36,2413,736,147,656,1,-1,-1,-1
112,0,1849,6,196,328,1,-1,-1,-1
112,2,0,461,295,344,1,-1,-1,-1
112,4,1575,82,399,260,1,-1,-1,-1
112,6,591,62,272,392,1,-1,-1,-1
112,7,872,298,588,780,1,-1,-1,-1
112,8,1181,241,504,324,1,-1,-1,-1
112,10,2241,115,204,368,1,-1,-1,-1
112,11,131,356,188,232,1,-1,-1,-1
112,12,706,139,480,576,1,-1,-1,-1
112,17,1507,10,135,86,1,-1,-1,-1
112,18,808,62,292,260,1,-1,-1,-1
112,20,130,326,1341,1055,1,-1,-1,-1
112,21,219,143,139,239,1,-1,-1,-1
112,24,146,230,88,124,1,-1,-1,-1
112,25,306,253,152,292,1,-1,-1,-1
112,26,521,57,196,244,1,-1,-1,-1
112,27,321,261,192,256,1,-1,-1,-1
112,28,180,149,180,276,1,-1,-1,-1
112,30,454,155,108,184,1,-1,-1,-1
112,31,1392,0,134,80,1,-1,-1,-1
112,32,597,159,276,328,1,-1,-1,-1
112,33,663,31,187,164,1,-1,-1,-1
112,34,783,6,193,155,1,-1,-1,-1
112,35,861,65,344,236,1,-1,-1,-1
112,36,2411,738,149,656,1,-1,-1,-1
113,0,1840,4,196,324,1,-1,-1,-1
113,2,0,460,296,348,1,-1,-1,-1
113,4,1575,82,399,260,1,-1,-1,-1
113,6,591,62,272,392,1,-1,-1,-1
113,7,888,288,572,780,1,-1,-1,-1
113,8,1180,240,508,324,1,-1,-1,-1
113,10,2252,128,180,320,1,-1,-1,-1
113,11,131,356,188,232,1,-1,-1,-1
113,12,712,148,468,564,1,-1,-1,-1
113,17,1507,10,135,86,1,-1,-1,-1
113,18,808,62,292,260,1,-1,-1,-1
113,20,130,326,1341,1055,1,-1,-1,-1
113,21,219,143,139,239,1,-1,-1,-1
113,24,146,230,88,124,1,-1,-1,-1
113,25,306,253,152,292,1,-1,-1,-1
113,26,524,48,188,256,1,-1,-1,-1
113,27,320,256,192,252,1,-1,-1,-1
113,28,192,160,156,296,1,-1,-1,-1
113,30,452,152,108,184,1,-1,-1,-1
113,31,1392,0,134,80,1,-1,-1,-1
113,32,592,160,280,348,1,-1,-1,-1
113,33,663,31,187,164,1,-1,-1,-1
113,34,808,0,168,172,1,-1,-1,-1
113,35,880,68,320,208,1,-1,-1,-1
113,36,2411,738,149,656,1,-1,-1,-1
113,37,1572,100,392,312,1,-1,-1,-1
114,0,1840,3,196,324,1,-1,-1,-1
114,2,0,460,296,348,1,-1,-1,-1
114,4,1578,82,399,260,1,-1,-1,-1
114,6,589,55,272,392,1,-1,-1,-1
114,7,889,288,572,780,1,-1,-1,-1
114,8,1179,240,508,324,1,-1,-1,-1
114,10,2251,128,180,320,1,-1,-1,-1
114,11,130,356,188,232,1,-1,-1,-1
114,12,712,147,468,564,1,-1,-1,-1
114,17,1506,10,135,86,1,-1,-1,-1
114,18,810,56,292,260,1,-1,-1,-1
114,20,123,331,1341,1055,1,-1,-1,-1
114,21,217,145,139,239,1,-1,-1,-1
114,24,146,229,88,124,1,-1,-1,-1
114,25,306,253,152,292,1,-1,-1,-1
114,26,524,48,188,256,1,-1,-1,-1
114,27,320,255,192,252,1,-1,-1,-1
114,28,191,161,156,296,1,-1,-1,-1
114,30,452,152,108,184,1,-1,-1,-1
114,31,1394,0,134,79,1,-1,-1,-1
114,32,591,157,280,348,1,-1,-1,-1
114,33,653,34,178,156,1,-1,-1,-1
114,34,807,0,168,171,1,-1,-1,-1
114,35,880,67,320,208,1,-1,-1,-1
114,36,2399,736,161,656,1,-1,-1,-1
114,37,1573,100,392,312,1,-1,-1,-1
115,0,1838,3,196,324,1,-1,-1,-1
115,2,0,460,296,348,1,-1,-1,-1
115,4,1586,88,380,248,1,-1,-1,-1
115,6,591,54,272,392,1,-1,-1,-1
115,7,890,288,572,780,1,-1,-1,-1
115,8,1180,239,508,324,1,-1,-1,-1
115,10,2249,127,180,320,1,-1,-1,-1
115,11,130,359,188,232,1,-1,-1,-1
115,12,713,145,468,564,1,-1,-1,-1
115,17,1507,10,135,86,1,-1,-1,-1
115,18,809,55,292,260,1,-1,-1,-1
115,20,129,328,1341,1055,1,-1,-1,-1
115,21,216,144,139,239,1,-1,-1,-1
115,24,146,229,88,124,1,-1,-1,-1
115,25,304,251,152,292,1,-1,-1,-1
115,26,526,48,188,256,1,-1,-1,-1
115,27,319,256,192,252,1,-1,-1,-1
115,28,190,160,156,296,1,-1,-1,-1
115,30,453,151,108,184,1,-1,-1,-1
115,31,1398,0,134,77,1,-1,-1,-1
115,32,592,153,280,348,1,-1,-1,-1
115,33,654,35,169,149,1,-1,-1,-1
115,34,805,0,168,167,1,-1,-1,-1
115,35,881,66,320,208,1,-1,-1,-1
115,36,2389,719,171,689,1,-1,-1,-1
115,37,1572,100,392,312,1,-1,-1,-1
116,0,1838,4,196,324,1,-1,-1,-1
116,2,0,459,296,348,1,-1,-1,-1
116,4,1584,89,380,248,1,-1,-1,-1
116,6,593,53,272,392,1,-1,-1,-1
116,7,889,288,572,780,1,-1,-1,-1
116,8,1180,239,508,324,1,-1,-1,-1
116,10,2247,127,180,320,1,-1,-1,-1
116,11,132,359,188,232,1,-1,-1,-1
116,12,712,147,468,564,1,-1,-1,-1
116,17,1507,10,135,86,1,-1,-1,-1
116,18,810,56,292,260,1,-1,-1,-1
116,20,132,334,1341,1055,1,-1,-1,-1
116,21,216,145,139,239,1,-1,-1,-1
116,24,146,229,88,124,1,-1,-1,-1
116,25,303,251,152,292,1,-1,-1,-1
116,26,526,48,188,256,1,-1,-1,-1
116,27,319,256,192,252,1,-1,-1,-1
116,28,191,159,156,296,1,-1,-1,-1
116,30,453,151,108,184,1,-1,-1,-1
116,31,1399,0,134,76,1,-1,-1,-1
116,32,593,153,280,348,1,-1,-1,-1
116,33,653,33,169,149,1,-1,-1,-1
116,34,805,0,168,167,1,-1,-1,-1
116,35,881,66,320,208,1,-1,-1,-1
116,36,2395,740,164,656,1,-1,-1,-1
116,37,1572,100,392,312,1,-1,-1,-1
117,0,1837,6,196,324,1,-1,-1,-1
117,2,0,462,296,348,1,-1,-1,-1
117,4,1584,90,380,248,1,-1,-1,-1
117,6,595,51,272,392,1,-1,-1,-1
117,7,889,289,572,780,1,-1,-1,-1
117,8,1180,238,508,324,1,-1,-1,-1
117,10,2246,125,180,320,1,-1,-1,-1
117,11,133,358,188,232,1,-1,-1,-1
117,12,713,147,468,564,1,-1,-1,-1
117,17,1507,10,135,86,1,-1,-1,-1
117,18,810,56,292,260,1,-1,-1,-1
117,20,97,302,1408,1108,1,-1,-1,-1
117,21,215,144,139,239,1,-1,-1,-1
117,24,146,229,88,124,1,-1,-1,-1
117,25,301,249,152,292,1,-1,-1,-1
117,26,525,48,188,256,1,-1,-1,-1
117,27,318,255,192,252,1,-1,-1,-1
117,28,191,158,156,296,1,-1,-1,-1
117,30,453,151,108,184,1,-1,-1,-1
117,31,1402,0,134,76,1,-1,-1,-1
117,32,592,153,280,348,1,-1,-1,-1
117,33,656,35,161,142,1,-1,-1,-1
117,34,805,0,168,167,1,-1,-1,-1
117,35,881,66,320,208,1,-1,-1,-1
117,36,2391,701,169,689,1,-1,-1,-1
117,37,1573,100,392,312,1,-1,-1,-1
118,0,1837,3,196,324,1,-1,-1,-1
118,2,0,463,296,348,1,-1,-1,-1
118,4,1584,92,380,248,1,-1,-1,-1
118,6,595,48,272,392,1,-1,-1,-1
118,7,888,287,572,780,1,-1,-1,-1
118,8,1180,238,508,324,1,-1,-1,-1
118,10,2244,125,180,320,1,-1,-1,-1
118,11,133,358,188,232,1,-1,-1,-1
118,12,713,147,468,564,1,-1,-1,-1
118,17,1507,10,135,86,1,-1,-1,-1
118,18,810,56,292,260,1,-1,-1,-1
118,20,106,307,1408,1108,1,-1,-1,-1
118,21,216,145,139,239,1,-1,-1,-1
118,24,146,229,88,124,1,-1,-1,-1
118,25,302,246,152,292,1,-1,-1,-1
118,26,525,48,188,256,1,-1,-1,-1
118,27,319,254,192,252,1,-1,-1,-1
118,28,191,159,156,296,1,-1,-1,-1
118,30,453,152,108,184,1,-1,-1,-1
118,31,1430,0,134,77,1,-1,-1,-1
118,32,592,152,280,348,1,-1,-1,-1
118,33,660,39,154,135,1,-1,-1,-1
118,34,805,0,168,165,1,-1,-1,-1
118,35,882,66,320,208,1,-1,-1,-1
118,36,2394,633,166,689,1,-1,-1,-1
118,37,1573,102,392,312,1,-1,-1,-1
119,0,1837,5,196,324,1,-1,-1,-1
119,2,0,463,294,348,1,-1,-1,-1
119,4,1589,92,380,248,1,-1,-1,-1
119,6,594,48,272,392,1,-1,-1,-1
119,7,892,290,572,780,1,-1,-1,-1
119,8,1182,239,508,324,1,-1,-1,-1
119,10,2242,123,180,320,1,-1,-1,-1
119,11,135,356,188,232,1,-1,-1,-1
119,12,716,148,468,564,1,-1,-1,-1
119,17,1507,10,135,86,1,-1,-1,-1
119,18,813,55,292,260,1,-1,-1,-1
119,20,105,299,1408,1108,1,-1,-1,-1
119,21,216,147,139,239,1,-1,-1,-1
119,24,146,230,88,124,1,-1,-1,-1
119,25,304,245,152,292,1,-1,-1,-1
119,26,526,47,188,256,1,-1,-1,-1
119,27,319,254,192,252,1,-1,-1,-1
119,28,191,159,156,296,1,-1,-1,-1
119,30,453,152,108,184,1,-1,-1,-1
119,31,1442,0,134,78,1,-1,-1,-1
119,32,594,152,280,348,1,-1,-1,-1
119,33,661,40,146,128,1,-1,-1,-1
119,34,806,0,168,164,1,-1,-1,-1
119,35,882,66,320,208,1,-1,-1,-1
119,37,1574,102,392,312,1,-1,-1,-1
120,0,1836,7,196,324,1,-1,-1,-1
120,2,0,463,294,348,1,-1,-1,-1
120,4,1582,96,380,248,1,-1,-1,-1
120,6,595,49,272,392,1,-1,-1,-1
120,7,886,293,572,780,1,-1,-1,-1
120,8,1178,242,508,324,1,-1,-1,-1
120,10,2241,123,180,320,1,-1,-1,-1
120,11,136,357,188,232,1,-1,-1,-1
120,12,715,148,468,564,1,-1,-1,-1
120,17,1508,11,135,86,1,-1,-1,-1
120,18,811,53,292,260,1,-1,-1,-1
120,20,101,313,1408,1108,1,-1,-1,-1
120,21,216,147,139,239,1,-1,-1,-1
120,24,146,230,88,124,1,-1,-1,-1
120,25,305,245,152,292,1,-1,-1,-1
120,26,525,47,188,256,1,-1,-1,-1
120,27,319,254,192,252,1,-1,-1,-1
120,28,192,160,156,296,1,-1,-1,-1
120,30,452,152,108,184,1,-1,-1,-1
120,31,1442,0,141,81,1,-1,-1,-1
120,32,593,152,280,348,1,-1,-1,-1
120,33,642,43,154,135,1,-1,-1,-1
120,34,805,0,168,163,1,-1,-1,-1
120,35,882,66,320,208,1,-1,-1,-1
120,37,1571,107,392,312,1,-1,-1,-1
121,0,1816,12,220,312,1,-1,-1,-1
121,2,0,464,300,344,1,-1,-1,-1
121,4,1576,108,376,256,1,-1,-1,-1
121,6,595,49,272,392,1,-1,-1,-1
121,7,884,300,560,772,1,-1,-1,-1
121,8,1188,244,496,348,1,-1,-1,-1
121,10,2236,112,176,336,1,-1,-1,-1
121,11,136,357,188,232,1,-1,-1,-1
121,12,716,144,468,572,1,-1,-1,-1
121,17,1452,0,204,100,1,-1,-1,-1
121,18,811,53,292,260,1,-1,-1,-1
121,20,101,313,1408,1108,1,-1,-1,-1
121,21,216,147,139,239,1,-1,-1,-1
121,24,146,230,88,124,1,-1,-1,-1
121,25,305,245,152,292,1,-1,-1,-1
121,26,528,52,180,252,1,-1,-1,-1
121,27,320,236,192,280,1,-1,-1,-1
121,28,200,168,164,252,1,-1,-1,-1
121,30,452,148,104,184,1,-1,-1,-1
121,31,1442,0,141,81,1,-1,-1,-1
121,32,596,140,276,380,1,-1,-1,-1
121,33,642,43,154,135,1,-1,-1,-1
121,34,792,4,180,248,1,-1,-1,-1
121,35,892,80,332,196,1,-1,-1,-1
121,37,1571,107,392,312,1,-1,-1,-1
122,0,1816,12,220,312,1,-1,-1,-1
122,2,0,464,300,344,1,-1,-1,-1
122,4,1576,108,376,256,1,-1,-1,-1
122,6,594,50,272,392,1,-1,-1,-1
122,7,884,300,560,772,1,-1,-1,-1
122,8,1188,244,496,348,1,-1,-1,-1
122,10,2236,112,176,336,1,-1,-1,-1
122,11,136,358,188,232,1,-1,-1,-1
122,12,716,144,468,572,1,-1,-1,-1
122,17,1452,0,204,100,1,-1,-1,-1
122,18,814,54,292,260,1,-1,-1,-1
122,20,94,308,1408,1108,1,-1,-1,-1
122,21,217,149,139,239,1,-1,-1,-1
122,24,146,231,88,124,1,-1,-1,-1
122,25,306,246,152,292,1,-1,-1,-1
122,26,528,52,180,252,1,-1,-1,-1
122,27,320,236,192,280,1,-1,-1,-1
122,28,200,168,164,252,1,-1,-1,-1
122,30,452,148,104,184,1,-1,-1,-1
122,31,1449,0,141,80,1,-1,-1,-1
122,32,596,140,276,380,1,-1,-1,-1
122,33,631,46,154,135,1,-1,-1,-1
122,34,792,4,180,248,1,-1,-1,-1
122,35,892,80,332,196,1,-1,-1,-1
122,37,1567,108,392,312,1,-1,-1,-1
123,0,1816,12,220,312,1,-1,-1,-1
123,2,0,468,299,344,1,-1,-1,-1
123,4,1576,109,376,256,1,-1,-1,-1
123,6,594,50,272,392,1,-1,-1,-1
123,7,886,302,560,772,1,-1,-1,-1
123,8,1187,244,496,348,1,-1,-1,-1
123,10,2236,111,176,336,1,-1,-1,-1
123,11,136,360,188,232,1,-1,-1,-1
123,12,716,145,468,572,1,-1,-1,-1
123,17,1455,0,204,100,1,-1,-1,-1
123,18,812,52,292,260,1,-1,-1,-1
123,20,80,306,1408,1108,1,-1,-1,-1
123,21,216,149,139,239,1,-1,-1,-1
123,24,146,231,88,124,1,-1,-1,-1
123,25,306,245,152,292,1,-1,-1,-1
123,26,528,52,180,252,1,-1,-1,-1
123,27,320,236,192,280,1,-1,-1,-1
123,28,199,167,164,252,1,-1,-1,-1
123,30,452,148,104,184,1,-1,-1,-1
123,31,1456,0,134,77,1,-1,-1,-1
123,32,597,139,276,380,1,-1,-1,-1
123,34,793,4,180,248,1,-1,-1,-1
123,35,892,80,332,196,1,-1,-1,-1
123,37,1566,107,392,312,1,-1,-1,-1
124,0,1815,13,220,312,1,-1,-1,-1
124,2,0,469,299,344,1,-1,-1,-1
124,4,1576,110,376,256,1,-1,-1,-1
124,6,592,51,272,392,1,-1,-1,-1
124,7,887,303,560,772,1,-1,-1,-1
124,8,1188,246,496,348,1,-1,-1,-1
124,10,2236,110,176,336,1,-1,-1,-1
124,11,136,361,188,232,1,-1,-1,-1
124,12,717,145,468,572,1,-1,-1,-1
124,17,1458,0,204,99,1,-1,-1,-1
124,18,811,53,292,260,1,-1,-1,-1
124,20,75,300,1408,1108,1,-1,-1,-1
124,21,216,149,139,239,1,-1,-1,-1
124,24,146,231,88,124,1,-1,-1,-1
124,25,306,245,152,292,1,-1,-1,-1
124,26,528,52,180,252,1,-1,-1,-1
124,27,320,236,192,280,1,-1,-1,-1
124,28,199,167,164,252,1,-1,-1,-1
124,30,452,148,104,184,1,-1,-1,-1
124,31,1462,0,134,76,1,-1,-1,-1
124,32,596,140,276,380,1,-1,-1,-1
124,34,793,4,180,248,1,-1,-1,-1
124,35,892,80,332,196,1,-1,-1,-1
124,37,1564,109,392,312,1,-1,-1,-1
125,0,1814,12,220,312,1,-1,-1,-1
125,2,0,469,299,344,1,-1,-1,-1
125,4,1574,112,376,256,1,-1,-1,-1
125,6,591,52,272,392,1,-1,-1,-1
125,7,887,305,560,772,1,-1,-1,-1
125,8,1188,247,496,348,1,-1,-1,-1
125,10,2236,110,176,336,1,-1,-1,-1
125,11,137,361,188,232,1,-1,-1,-1
125,12,716,145,468,572,1,-1,-1,-1
125,17,1458,0,204,99,1,-1,-1,-1
125,18,810,54,292,260,1,-1,-1,-1
125,20,78,309,1408,1108,1,-1,-1,-1
125,21,216,149,139,239,1,-1,-1,-1
125,24,146,232,88,124,1,-1,-1,-1
125,25,306,244,152,292,1,-1,-1,-1
125,26,528,53,180,252,1,-1,-1,-1
125,27,320,236,192,280,1,-1,-1,-1
125,28,199,167,164,252,1,-1,-1,-1
125,30,452,148,104,184,1,-1,-1,-1
125,31,1462,0,134,74,1,-1,-1,-1
125,32,597,140,276,380,1,-1,-1,-1
125,34,793,3,180,248,1,-1,-1,-1
125,35,892,80,332,196,1,-1,-1,-1
125,37,1564,112,392,312,1,-1,-1,-1
126,0,1814,12,220,312,1,-1,-1,-1
126,2,0,469,299,344,1,-1,-1,-1
126,4,1574,113,376,256,1,-1,-1,-1
126,6,582,41,286,412,1,-1,-1,-1
126,7,882,307,560,772,1,-1,-1,-1
126,8,1187,248,496,348,1,-1,-1,-1
126,10,2236,110,176,336,1,-1,-1,-1
126,11,138,361,188,232,1,-1,-1,-1
126,12,714,147,468,572,1,-1,-1,-1
126,17,1456,0,204,99,1,-1,-1,-1
126,18,806,54,292,260,1,-1,-1,-1
126,20,88,301,1408,1108,1,-1,-1,-1
126,21,216,149,139,239,1,-1,-1,-1
126,24,146,231,88,124,1,-1,-1,-1
126,25,306,244,152,292,1,-1,-1,-1
126,26,528,52,180,252,1,-1,-1,-1
126,27,320,235,192,280,1,-1,-1,-1
126,28,199,168,164,252,1,-1,-1,-1
126,30,452,148,104,184,1,-1,-1,-1
126,31,1461,0,134,73,1,-1,-1,-1
126,32,596,139,276,380,1,-1,-1,-1
126,34,792,3,180,248,1,-1,-1,-1
126,35,893,79,332,196,1,-1,-1,-1
126,37,1562,113,392,312,1,-1,-1,-1
127,0,1813,12,220,312,1,-1,-1,-1
127,2,0,458,306,361,1,-1,-1,-1
127,4,1571,115,376,256,1,-1,-1,-1
127,6,582,40,286,412,1,-1,-1,-1
127,7,880,307,560,772,1,-1,-1,-1
127,8,1182,247,496,348,1,-1,-1,-1
127,10,2235,108,176,336,1,-1,-1,-1
127,11,138,361,188,232,1,-1,-1,-1
127,12,713,147,468,572,1,-1,-1,-1
127,17,1454,0,204,99,1,-1,-1,-1
127,18,808,55,292,260,1,-1,-1,-1
127,20,68,303,1408,1108,1,-1,-1,-1
127,21,216,148,139,239,1,-1,-1,-1
127,24,146,230,88,124,1,-1,-1,-1
127,25,304,244,152,292,1,-1,-1,-1
127,26,527,52,180,252,1,-1,-1,-1
127,27,321,235,192,280,1,-1,-1,-1
127,28,199,166,164,252,1,-1,-1,-1
127,30,451,148,104,184,1,-1,-1,-1
127,31,1451,0,134,72,1,-1,-1,-1
127,32,595,140,276,380,1,-1,-1,-1
127,34,791,3,180,248,1,-1,-1,-1
127,35,892,80,332,196,1,-1,-1,-1
127,37,1560,113,392,312,1,-1,-1,-1
128,0,1813,11,220,312,1,-1,-1,-1
128,2,0,465,298,344,1,-1,-1,-1
128,4,1569,116,376,256,1,-1,-1,-1
128,6,584,41,286,412,1,-1,-1,-1
128,7,880,307,560,772,1,-1,-1,-1
128,8,1182,247,496,348,1,-1,-1,-1
128,10,2234,108,176,336,1,-1,-1,-1
128,11,138,361,188,232,1,-1,-1,-1
128,12,712,149,468,572,1,-1,-1,-1
128,17,1454,0,204,98,1,-1,-1,-1
128,18,809,55,292,260,1,-1,-1,-1
128,20,75,304,1408,1108,1,-1,-1,-1
128,21,217,148,139,239,1,-1,-1,-1
128,24,146,231,88,124,1,-1,-1,-1
128,25,304,244,152,292,1,-1,-1,-1
128,26,527,52,180,252,1,-1,-1,-1
128,27,321,235,192,280,1,-1,-1,-1
128,28,199,166,164,252,1,-1,-1,-1
128,30,451,148,104,184,1,-1,-1,-1
128,31,1450,0,134,73,1,-1,-1,-1
128,32,595,139,276,380,1,-1,-1,-1
128,34,792,4,180,248,1,-1,-1,-1
128,35,891,80,332,196,1,-1,-1,-1
128,37,1560,114,392,312,1,-1,-1,-1
129,0,1812,12,220,280,1,-1,-1,-1
129,2,0,464,296,344,1,-1,-1,-1
129,4,1548,116,396,280,1,-1,-1,-1
129,6,584,41,286,412,1,-1,-1,-1
129,7,720,144,708,924,1,-1,-1,-1
129,8,1180,240,508,352,1,-1,-1,-1
129,10,2228,92,176,352,1,-1,-1,-1
129,12,712,149,468,572,1,-1,-1,-1
129,17,1484,4,200,92,1,-1,-1,-1
129,18,809,55,292,260,1,-1,-1,-1
129,20,75,304,1408,1108,1,-1,-1,-1
129,21,217,148,139,239,1,-1,-1,-1
129,24,146,231,88,124,1,-1,-1,-1
129,25,304,244,152,292,1,-1,-1,-1
129,26,524,56,220,252,1,-1,-1,-1
129,27,312,236,200,280,1,-1,-1,-1
129,28,199,166,164,252,1,-1,-1,-1
129,30,451,148,104,184,1,-1,-1,-1
129,31,1450,0,134,73,1,-1,-1,-1
129,32,592,136,280,364,1,-1,-1,-1
129,34,804,0,164,188,1,-1,-1,-1
129,35,928,76,296,176,1,-1,-1,-1
129,37,1560,114,392,312,1,-1,-1,-1
129,38,1136,4,152,80,1,-1,-1,-1
130,0,1811,11,220,280,1,-1,-1,-1
130,2,0,464,296,344,1,-1,-1,-1
130,4,1548,115,396,280,1,-1,-1,-1
130,6,576,27,300,432,1,-1,-1,-1
130,7,721,145,708,924,1,-1,-1,-1
130,8,1179,240,508,352,1,-1,-1,-1
130,10,2228,92,176,352,1,-1,-1,-1
130,12,711,149,468,572,1,-1,-1,-1
130,17,1484,5,200,92,1,-1,-1,-1
130,18,799,47,307,273,1,-1,-1,-1
130,20,82,309,1408,1108,1,-1,-1,-1
130,21,217,149,139,239,1,-1,-1,-1
130,24,146,231,88,124,1,-1,-1,-1
130,25,305,245,152,292,1,-1,-1,-1
130,26,523,56,220,252,1,-1,-1,-1
130,27,312,236,200,280,1,-1,-1,-1
130,28,201,166,164,252,1,-1,-1,-1
130,30,451,148,104,184,1,-1,-1,-1
130,31,1452,0,134,72,1,-1,-1,-1
130,32,592,136,280,364,1,-1,-1,-1
130,34,804,1,164,188,1,-1,-1,-1
130,35,928,76,296,176,1,-1,-1,-1
130,37,1552,113,392,312,1,-1,-1,-1
130,38,1139,5,152,80,1,-1,-1,-1
131,0,1811,12,220,280,1,-1,-1,-1
131,2,0,465,295,344,1,-1,-1,-1
131,4,1548,114,396,280,1,-1,-1,-1
131,6,575,26,300,432,1,-1,-1,-1
131,7,729,148,708,924,1,-1,-1,-1
131,8,1181,240,508,352,1,-1,-1,-1
131,10,2227,91,176,352,1,-1,-1,-1
131,12,714,151,468,572,1,-1,-1,-1
131,17,1491,7,190,88,1,-1,-1,-1
131,18,799,51,307,273,1,-1,-1,-1
131,20,74,313,1408,1108,1,-1,-1,-1
131,21,217,150,139,239,1,-1,-1,-1
131,24,144,229,92,130,1,-1,-1,-1
131,25,306,246,152,292,1,-1,-1,-1
131,26,523,56,220,252,1,-1,-1,-1
131,27,312,236,200,280,1,-1,-1,-1
131,28,201,166,164,252,1,-1,-1,-1
131,30,451,149,104,184,1,-1,-1,-1
131,31,1451,0,134,72,1,-1,-1,-1
131,32,592,136,280,364,1,-1,-1,-1
131,34,805,2,164,188,1,-1,-1,-1
131,35,929,78,296,176,1,-1,-1,-1
131,37,1541,101,412,328,1,-1,-1,-1
131,38,1144,5,152,80,1,-1,-1,-1
132,0,1810,13,220,280,1,-1,-1,-1
132,2,0,466,293,344,1,-1,-1,-1
132,4,1549,112,396,280,1,-1,-1,-1
132,6,576,28,300,432,1,-1,-1,-1
132,7,736,148,708,924,1,-1,-1,-1
132,8,1183,239,508,352,1,-1,-1,-1
132,10,2227,89,176,352,1,-1,-1,-1
132,12,723,153,468,572,1,-1,-1,-1
132,17,1491,7,190,88,1,-1,-1,-1
132,18,791,47,322,287,1,-1,-1,-1
132,20,77,316,1408,1108,1,-1,-1,-1
132,21,217,151,139,239,1,-1,-1,-1
132,24,144,229,92,130,1,-1,-1,-1
132,25,306,246,152,292,1,-1,-1,-1
132,26,524,57,220,252,1,-1,-1,-1
132,27,313,236,200,280,1,-1,-1,-1
132,28,202,167,164,252,1,-1,-1,-1
132,30,450,149,104,184,1,-1,-1,-1
132,31,1452,0,134,72,1,-1,-1,-1
132,32,592,136,280,364,1,-1,-1,-1
132,34,805,3,164,188,1,-1,-1,-1
132,35,932,79,296,176,1,-1,-1,-1
132,37,1541,101,412,328,1,-1,-1,-1
132,38,1147,5,152,80,1,-1,-1,-1
133,0,1808,14,220,280,1,-1,-1,-1
133,2,0,466,292,344,1,-1,-1,-1
133,4,1549,112,396,280,1,-1,-1,-1
133,6,575,25,300,432,1,-1,-1,-1
133,7,751,161,708,924,1,-1,-1,-1
133,8,1194,232,508,352,1,-1,-1,-1
133,10,2225,85,176,352,1,-1,-1,-1
133,12,732,156,468,572,1,-1,-1,-1
133,17,1491,6,190,88,1,-1,-1,-1
133,18,801,53,322,287,1,-1,-1,-1
133,20,60,300,1478,1140,1,-1,-1,-1
133,21,216,151,139,239,1,-1,-1,-1
133,24,144,229,92,130,1,-1,-1,-1
133,25,307,246,152,292,1,-1,-1,-1
133,26,523,56,220,252,1,-1,-1,-1
133,27,313,236,200,280,1,-1,-1,-1
133,28,201,168,164,252,1,-1,-1,-1
133,30,450,149,104,184,1,-1,-1,-1
133,31,1453,0,134,72,1,-1,-1,-1
133,32,592,136,280,364,1,-1,-1,-1
133,34,805,4,164,188,1,-1,-1,-1
133,35,939,79,296,176,1,-1,-1,-1
133,37,1539,99,412,328,1,-1,-1,-1
133,38,1156,6,145,76,1,-1,-1,-1
134,0,1813,20,210,267,1,-1,-1,-1
134,2,0,467,293,344,1,-1,-1,-1
134,4,1550,112,396,280,1,-1,-1,-1
134,6,576,28,300,432,1,-1,-1,-1
134,7,754,159,708,924,1,-1,-1,-1
134,8,1211,239,484,335,1,-1,-1,-1
134,10,2225,86,176,352,1,-1,-1,-1
134,12,727,144,491,601,1,-1,-1,-1
134,17,1487,4,200,92,1,-1,-1,-1
134,18,802,54,322,287,1,-1,-1,-1
134,20,59,289,1478,1151,1,-1,-1,-1
134,21,216,151,139,239,1,-1,-1,-1
134,24,144,229,92,130,1,-1,-1,-1
134,25,308,246,152,292,1,-1,-1,-1
134,26,522,56,220,252,1,-1,-1,-1
134,27,313,237,200,280,1,-1,-1,-1
134,28,201,168,164,252,1,-1,-1,-1
134,30,450,149,104,184,1,-1,-1,-1
134,32,592,135,280,364,1,-1,-1,-1
134,34,806,3,164,188,1,-1,-1,-1
134,35,940,79,296,176,1,-1,-1,-1
134,37,1537,96,412,328,1,-1,-1,-1
134,38,1154,4,152,80,1,-1,-1,-1
135,0,1812,17,210,267,1,-1,-1,-1
135,2,0,465,293,344,1,-1,-1,-1
135,4,1549,113,396,280,1,-1,-1,-1
135,6,575,26,300,432,1,-1,-1,-1
135,7,759,156,708,924,1,-1,-1,-1
135,8,1231,237,484,335,1,-1,-1,-1
135,10,2226,84,176,352,1,-1,-1,-1
135,12,731,141,491,601,1,-1,-1,-1
135,17,1489,3,200,92,1,-1,-1,-1
135,18,811,56,322,287,1,-1,-1,-1
135,20,88,325,1408,1108,1,-1,-1,-1
135,21,217,152,139,239,1,-1,-1,-1
135,24,144,229,92,130,1,-1,-1,-1
135,25,310,244,152,292,1,-1,-1,-1
135,26,522,56,220,252,1,-1,-1,-1
135,27,314,235,200,280,1,-1,-1,-1
135,28,201,169,164,252,1,-1,-1,-1
135,30,450,149,104,184,1,-1,-1,-1
135,32,593,135,280,364,1,-1,-1,-1
135,34,806,5,164,188,1,-1,-1,-1
135,35,942,81,296,176,1,-1,-1,-1
135,37,1541,98,412,328,1,-1,-1,-1
135,38,1158,4,152,80,1,-1,-1,-1
136,0,1811,17,210,267,1,-1,-1,-1
136,2,0,462,293,344,1,-1,-1,-1
136,4,1548,109,396,280,1,-1,-1,-1
136,6,575,28,300,432,1,-1,-1,-1
136,7,756,154,708,924,1,-1,-1,-1
136,8,1209,232,484,335,1,-1,-1,-1
136,10,2225,85,176,352,1,-1,-1,-1
136,12,734,134,491,601,1,-1,-1,-1
136,17,1487,4,200,92,1,-1,-1,-1
136,18,821,56,322,287,1,-1,-1,-1
136,20,54,300,1478,1140,1,-1,-1,-1
136,21,217,153,139,239,1,-1,-1,-1
136,24,144,229,92,130,1,-1,-1,-1
136,25,309,244,152,292,1,-1,-1,-1
136,26,522,56,220,252,1,-1,-1,-1
136,27,314,235,200,280,1,-1,-1,-1
136,28,201,170,164,252,1,-1,-1,-1
136,30,450,149,104,184,1,-1,-1,-1
136,32,593,135,280,364,1,-1,-1,-1
136,34,806,7,164,188,1,-1,-1,-1
136,35,945,84,296,176,1,-1,-1,-1
136,37,1541,95,412,328,1,-1,-1,-1
136,38,1166,4,152,80,1,-1,-1,-1
137,0,1811,17,210,267,1,-1,-1,-1
137,2,0,448,288,356,1,-1,-1,-1
137,4,1548,109,396,280,1,-1,-1,-1
137,6,575,28,300,432,1,-1,-1,-1
137,7,756,154,708,924,1,-1,-1,-1
137,8,1209,232,484,335,1,-1,-1,-1
137,10,2216,76,184,340,1,-1,-1,-1
137,12,704,172,532,588,1,-1,-1,-1
137,17,1487,4,200,92,1,-1,-1,-1
137,18,821,56,322,287,1,-1,-1,-1
137,20,54,300,1478,1140,1,-1,-1,-1
137,21,217,153,139,239,1,-1,-1,-1
137,25,309,244,152,292,1,-1,-1,-1
137,26,520,60,196,256,1,-1,-1,-1
137,27,308,232,196,280,1,-1,-1,-1
137,28,201,170,164,252,1,-1,-1,-1
137,30,450,149,104,184,1,-1,-1,-1
137,32,588,132,288,368,1,-1,-1,-1
137,34,806,7,164,188,1,-1,-1,-1
137,35,932,80,332,168,1,-1,-1,-1
137,37,1564,72,376,364,1,-1,-1,-1
137,38,1166,4,152,80,1,-1,-1,-1
137,39,960,348,636,728,1,-1,-1,-1
138,0,1808,13,210,267,1,-1,-1,-1
138,2,1,448,288,356,1,-1,-1,-1
138,4,1545,108,396,280,1,-1,-1,-1
138,6,575,26,300,432,1,-1,-1,-1
138,7,752,154,708,924,1,-1,-1,-1
138,8,1160,234,508,352,1,-1,-1,-1
138,10,2216,75,184,340,1,-1,-1,-1
138,12,707,173,532,588,1,-1,-1,-1
138,17,1486,5,200,92,1,-1,-1,-1
138,18,829,61,322,287,1,-1,-1,-1
138,20,47,290,1478,1150,1,-1,-1,-1
138,21,216,152,139,239,1,-1,-1,-1
138,25,309,239,152,292,1,-1,-1,-1
138,26,520,60,196,256,1,-1,-1,-1
138,27,307,228,196,280,1,-1,-1,-1
138,28,201,169,164,252,1,-1,-1,-1
138,30,451,149,104,184,1,-1,-1,-1
138,32,588,131,288,368,1,-1,-1,-1
138,34,805,7,164,188,1,-1,-1,-1
138,35,935,82,332,168,1,-1,-1,-1
138,37,1564,71,376,364,1,-1,-1,-1
138,38,1178,4,152,80,1,-1,-1,-1
138,39,962,349,636,728,1,-1,-1,-1
139,0,1802,8,210,267,1,-1,-1,-1
139,2,2,451,288,356,1,-1,-1,-1
139,4,1540,105,396,280,1,-1,-1,-1
139,6,574,27,300,432,1,-1,-1,-1
139,7,750,147,743,970,1,-1,-1,-1
139,8,1141,226,533,370,1,-1,-1,-1
139,10,2216,74,184,340,1,-1,-1,-1
139,12,713,179,532,588,1,-1,-1,-1
139,17,1486,4,200,92,1,-1,-1,-1
139,18,830,63,322,287,1,-1,-1,-1
139,20,69,300,1478,1140,1,-1,-1,-1
139,21,215,152,139,239,1,-1,-1,-1
139,25,312,245,145,278,1,-1,-1,-1
139,26,523,60,196,256,1,-1,-1,-1
139,27,315,224,196,280,1,-1,-1,-1
139,28,201,168,164,252,1,-1,-1,-1
139,30,452,149,104,184,1,-1,-1,-1
139,32,589,131,288,368,1,-1,-1,-1
139,34,803,6,164,188,1,-1,-1,-1
139,35,943,84,332,168,1,-1,-1,-1
139,37,1560,72,376,364,1,-1,-1,-1
139,38,1191,9,145,76,1,-1,-1,-1
139,39,971,360,636,728,1,-1,-1,-1
140,0,1800,7,210,267,1,-1,-1,-1
140,2,2,450,288,356,1,-1,-1,-1
140,4,1537,104,396,280,1,-1,-1,-1
140,6,573,27,300,432,1,-1,-1,-1
140,7,740,124,781,1019,1,-1,-1,-1
140,8,1139,225,533,370,1,-1,-1,-1
140,10,2216,74,184,340,1,-1,-1,-1
140,12,714,181,532,588,1,-1,-1,-1
140,17,1486,3,200,92,1,-1,-1,-1
140,18,829,62,322,287,1,-1,-1,-1
140,20,50,302,1478,1138,1,-1,-1,-1
140,21,216,152,139,239,1,-1,-1,-1
140,25,314,245,145,278,1,-1,-1,-1
140,26,523,60,196,256,1,-1,-1,-1
140,27,316,222,196,280,1,-1,-1,-1
140,28,201,168,164,252,1,-1,-1,-1
140,30,453,149,104,184,1,-1,-1,-1
140,32,588,131,288,368,1,-1,-1,-1
140,34,801,6,164,188,1,-1,-1,-1
140,35,938,80,349,176,1,-1,-1,-1
140,37,1557,73,376,364,1,-1,-1,-1
140,38,1189,7,152,80,1,-1,-1,-1
140,39,974,366,636,728,1,-1,-1,-1
141,0,1799,6,210,267,1,-1,-1,-1
141,2,1,451,288,356,1,-1,-1,-1
141,4,1540,104,396,280,1,-1,-1,-1
141,6,572,28,300,432,1,-1,-1,-1
141,7,747,124,781,1019,1,-1,-1,-1
141,8,1138,228,533,370,1,-1,-1,-1
141,10,2216,73,184,340,1,-1,-1,-1
141,12,716,181,532,588,1,-1,-1,-1
141,17,1486,4,200,92,1,-1,-1,-1
141,18,830,65,322,287,1,-1,-1,-1
141,20,58,301,1478,1139,1,-1,-1,-1
141,21,216,153,139,239,1,-1,-1,-1
141,25,314,250,145,278,1,-1,-1,-1
141,26,523,60,196,256,1,-1,-1,-1
141,27,327,229,187,267,1,-1,-1,-1
141,28,200,169,164,252,1,-1,-1,-1
141,30,456,192,104,184,1,-1,-1,-1
141,32,588,130,288,368,1,-1,-1,-1
141,34,799,6,164,188,1,-1,-1,-1
141,35,939,81,349,176,1,-1,-1,-1
141,37,1558,72,376,364,1,-1,-1,-1
141,38,1191,6,152,80,1,-1,-1,-1
141,39,986,373,636,728,1,-1,-1,-1
142,0,1796,6,210,267,1,-1,-1,-1
142,2,1,452,288,356,1,-1,-1,-1
142,4,1540,105,396,280,1,-1,-1,-1
142,6,573,29,300,432,1,-1,-1,-1
142,7,747,124,781,1019,1,-1,-1,-1
142,8,1154,230,533,370,1,-1,-1,-1
142,10,2217,78,184,340,1,-1,-1,-1
142,12,718,177,532,588,1,-1,-1,-1
142,17,1481,2,210,97,1,-1,-1,-1
142,18,831,67,322,287,1,-1,-1,-1
142,20,66,300,1478,1140,1,-1,-1,-1
142,21,214,153,139,239,1,-1,-1,-1
142,25,359,219,145,278,1,-1,-1,-1
142,26,525,62,196,256,1,-1,-1,-1
142,27,351,198,196,280,1,-1,-1,-1
142,28,199,169,164,252,1,-1,-1,-1
142,30,452,216,104,184,1,-1,-1,-1
142,32,588,131,288,368,1,-1,-1,-1
142,34,797,5,164,188,1,-1,-1,-1
142,35,935,75,366,185,1,-1,-1,-1
142,37,1566,81,358,347,1,-1,-1,-1
142,38,1201,5,160,84,1,-1,-1,-1
142,39,1003,365,668,764,1,-1,-1,-1
143,0,1797,4,210,267,1,-1,-1,-1
143,2,1,453,288,356,1,-1,-1,-1
143,4,1551,109,377,267,1,-1,-1,-1
143,6,573,29,300,432,1,-1,-1,-1
143,7,752,126,781,1019,1,-1,-1,-1
143,8,1156,229,533,370,1,-1,-1,-1
143,10,2216,77,184,340,1,-1,-1,-1
143,12,719,180,532,588,1,-1,-1,-1
143,17,1482,3,210,97,1,-1,-1,-1
143,18,830,67,322,287,1,-1,-1,-1
143,20,62,308,1478,1132,1,-1,-1,-1
143,21,213,153,139,239,1,-1,-1,-1
143,25,367,209,152,292,1,-1,-1,-1
143,26,526,63,196,256,1,-1,-1,-1
143,27,356,195,196,280,1,-1,-1,-1
143,28,199,169,164,252,1,-1,-1,-1
143,30,453,221,99,175,1,-1,-1,-1
143,32,589,131,288,368,1,-1,-1,-1
143,34,797,4,164,188,1,-1,-1,-1
143,35,936,74,366,185,1,-1,-1,-1
143,37,1567,80,358,347,1,-1,-1,-1
143,38,1202,5,160,84,1,-1,-1,-1
143,39,1007,373,668,764,1,-1,-1,-1
144,0,1793,5,210,267,1,-1,-1,-1
144,2,1,450,288,356,1,-1,-1,-1
144,4,1552,111,377,267,1,-1,-1,-1
144,6,571,27,300,432,1,-1,-1,-1
144,7,755,125,781,1019,1,-1,-1,-1
144,8,1169,223,533,370,1,-1,-1,-1
144,10,2217,79,184,340,1,-1,-1,-1
144,12,718,178,532,588,1,-1,-1,-1
144,17,1482,3,210,97,1,-1,-1,-1
144,18,833,67,322,287,1,-1,-1,-1
144,20,63,305,1478,1135,1,-1,-1,-1
144,21,214,153,139,239,1,-1,-1,-1
144,25,373,195,152,292,1,-1,-1,-1
144,26,526,63,196,256,1,-1,-1,-1
144,27,361,185,196,280,1,-1,-1,-1
144,28,199,169,164,252,1,-1,-1,-1
144,30,454,198,104,184,1,-1,-1,-1
144,32,588,132,288,368,1,-1,-1,-1
144,34,794,3,164,188,1,-1,-1,-1
144,35,936,74,366,185,1,-1,-1,-1
144,37,1565,81,358,347,1,-1,-1,-1
144,38,1208,5,160,84,1,-1,-1,-1
144,39,1029,375,668,764,1,-1,-1,-1
145,0,1793,5,210,267,1,-1,-1,-1
145,2,0,452,296,356,1,-1,-1,-1
145,4,1556,40,428,336,1,-1,-1,-1
145,6,571,27,300,432,1,-1,-1,-1
145,7,755,125,781,1019,1,-1,-1,-1
145,8,1169,223,533,370,1,-1,-1,-1
145,10,2216,68,184,340,1,-1,-1,-1
145,12,696,184,540,592,1,-1,-1,-1
145,17,1482,3,210,97,1,-1,-1,-1
145,18,833,67,322,287,1,-1,-1,-1
145,20,63,305,1478,1135,1,-1,-1,-1
145,26,526,63,196,256,1,-1,-1,-1
145,27,361,185,196,280,1,-1,-1,-1
145,28,199,169,164,252,1,-1,-1,-1
145,30,454,198,104,184,1,-1,-1,-1
145,32,592,112,264,364,1,-1,-1,-1
145,34,804,4,152,180,1,-1,-1,-1
145,35,988,80,356,172,1,-1,-1,-1
145,37,1565,81,358,347,1,-1,-1,-1
145,38,1208,0,156,80,1,-1,-1,-1
145,39,1029,375,668,764,1,-1,-1,-1
145,40,432,64,288,408,1,-1,-1,-1
145,41,176,160,164,284,1,-1,-1,-1
145,42,292,164,104,220,1,-1,-1,-1
146,0,1798,10,200,254,1,-1,-1,-1
146,2,0,452,296,356,1,-1,-1,-1
146,4,1556,40,428,336,1,-1,-1,-1
146,6,570,28,300,432,1,-1,-1,-1
146,7,756,127,781,1019,1,-1,-1,-1
146,10,2216,68,184,340,1,-1,-1,-1
146,12,696,184,540,592,1,-1,-1,-1
146,17,1483,3,210,97,1,-1,-1,-1
146,18,834,65,322,287,1,-1,-1,-1
146,20,75,305,1478,1135,1,-1,-1,-1
146,26,526,60,196,256,1,-1,-1,-1
146,27,394,187,196,280,1,-1,-1,-1
146,28,199,169,164,252,1,-1,-1,-1
146,30,469,192,104,184,1,-1,-1,-1
146,32,592,112,264,364,1,-1,-1,-1
146,34,804,4,152,180,1,-1,-1,-1
146,35,988,80,356,172,1,-1,-1,-1
146,37,1567,79,358,347,1,-1,-1,-1
146,38,1208,0,156,80,1,-1,-1,-1
146,39,1104,392,668,764,1,-1,-1,-1
146,40,432,64,288,408,1,-1,-1,-1
146,41,176,160,164,284,1,-1,-1,-1
146,42,292,164,104,220,1,-1,-1,-1
147,0,1798,10,200,254,1,-1,-1,-1
147,2,1,451,296,356,1,-1,-1,-1
147,4,1557,42,428,336,1,-1,-1,-1
147,6,580,37,286,412,1,-1,-1,-1
147,7,732,122,781,1019,1,-1,-1,-1
147,10,2217,67,184,340,1,-1,-1,-1
147,12,703,184,540,592,1,-1,-1,-1
147,17,1482,2,210,97,1,-1,-1,-1
147,18,835,65,322,287,1,-1,-1,-1
147,20,81,287,1478,1153,1,-1,-1,-1
147,26,523,63,196,256,1,-1,-1,-1
147,27,443,192,196,280,1,-1,-1,-1
147,28,199,169,164,252,1,-1,-1,-1
147,30,495,196,104,184,1,-1,-1,-1
147,32,591,112,264,364,1,-1,-1,-1
147,34,805,3,152,180,1,-1,-1,-1
147,35,989,79,356,172,1,-1,-1,-1
147,37,1564,78,358,347,1,-1,-1,-1
147,38,1207,0,164,82,1,-1,-1,-1
147,39,1180,417,668,764,1,-1,-1,-1
147,40,432,63,288,408,1,-1,-1,-1
147,41,175,160,164,284,1,-1,-1,-1
147,42,291,163,104,220,1,-1,-1,-1
148,0,1797,10,200,254,1,-1,-1,-1
148,2,1,451,296,356,1,-1,-1,-1
148,4,1556,41,428,336,1,-1,-1,-1
148,6,574,36,286,412,1,-1,-1,-1
148,7,719,111,781,1019,1,-1,-1,-1
148,10,2217,65,184,340,1,-1,-1,-1
148,12,704,185,540,592,1,-1,-1,-1
148,17,1482,2,210,97,1,-1,-1,-1
148,18,824,61,322,287,1,-1,-1,-1
148,20,54,297,1478,1143,1,-1,-1,-1
148,26,522,60,196,256,1,-1,-1,-1
148,27,389,118,187,267,1,-1,-1,-1
148,28,200,168,164,252,1,-1,-1,-1
148,30,459,153,104,184,1,-1,-1,-1
148,32,591,111,264,364,1,-1,-1,-1
148,34,805,2,152,180,1,-1,-1,-1
148,35,987,74,356,172,1,-1,-1,-1
148,37,1565,78,358,347,1,-1,-1,-1
148,38,1208,0,164,82,1,-1,-1,-1
148,39,1256,416,701,803,1,-1,-1,-1
148,40,431,60,288,408,1,-1,-1,-1
148,41,176,159,164,284,1,-1,-1,-1
148,42,292,163,104,220,1,-1,-1,-1
149,0,1797,9,200,254,1,-1,-1,-1
149,2,0,451,296,356,1,-1,-1,-1
149,4,1554,41,428,336,1,-1,-1,-1
149,6,575,39,286,412,1,-1,-1,-1
149,7,707,108,781,1019,1,-1,-1,-1
149,10,2217,64,184,340,1,-1,-1,-1
149,12,706,185,540,592,1,-1,-1,-1
149,17,1483,3,210,97,1,-1,-1,-1
149,18,821,60,322,287,1,-1,-1,-1
149,20,57,289,1478,1151,1,-1,-1,-1
149,26,523,61,196,256,1,-1,-1,-1
149,27,389,128,178,254,1,-1,-1,-1
149,28,200,168,164,252,1,-1,-1,-1
149,30,454,150,104,184,1,-1,-1,-1
149,32,590,110,264,364,1,-1,-1,-1
149,34,804,2,152,180,1,-1,-1,-1
149,35,988,70,356,172,1,-1,-1,-1
149,37,1563,79,358,347,1,-1,-1,-1
149,38,1209,0,164,82,1,-1,-1,-1
149,39,1272,397,701,803,1,-1,-1,-1
149,40,430,59,288,408,1,-1,-1,-1
149,41,177,159,164,284,1,-1,-1,-1
149,42,292,164,104,220,1,-1,-1,-1
150,0,1796,9,200,254,1,-1,-1,-1
150,2,0,451,296,356,1,-1,-1,-1
150,4,1554,42,428,336,1,-1,-1,-1
150,6,575,38,286,412,1,-1,-1,-1
150,7,698,97,781,1019,1,-1,-1,-1
150,10,2216,63,184,340,1,-1,-1,-1
150,12,704,183,540,592,1,-1,-1,-1
150,17,1481,2,210,97,1,-1,-1,-1
150,18,820,60,322,287,1,-1,-1,-1
150,20,55,281,1478,1159,1,-1,-1,-1
150,26,522,58,196,256,1,-1,-1,-1
150,27,387,127,178,254,1,-1,-1,-1
150,28,200,168,164,252,1,-1,-1,-1
150,30,453,150,104,184,1,-1,-1,-1
150,32,595,119,251,347,1,-1,-1,-1
150,34,802,0,152,180,1,-1,-1,-1
150,35,985,70,356,172,1,-1,-1,-1
150,37,1563,78,358,347,1,-1,-1,-1
150,38,1211,0,164,82,1,-1,-1,-1
150,39,1347,396,701,803,1,-1,-1,-1
150,40,429,58,288,408,1,-1,-1,-1
150,41,177,158,164,284,1,-1,-1,-1
150,42,292,164,104,220,1,-1,-1,-1
151,0,1792,10,200,254,1,-1,-1,-1
151,2,1,452,296,356,1,-1,-1,-1
151,4,1553,42,428,336,1,-1,-1,-1
151,6,578,41,286,412,1,-1,-1,-1
151,7,693,102,781,1019,1,-1,-1,-1
151,10,2217,64,184,340,1,-1,-1,-1
151,12,709,179,540,592,1,-1,-1,-1
151,17,1481,1,210,97,1,-1,-1,-1
151,18,811,63,322,287,1,-1,-1,-1
151,20,48,277,1478,1163,1,-1,-1,-1
151,26,524,60,196,256,1,-1,-1,-1
151,28,201,169,164,252,1,-1,-1,-1
151,30,453,149,104,184,1,-1,-1,-1
151,32,598,121,251,347,1,-1,-1,-1
151,34,800,0,152,180,1,-1,-1,-1
151,35,985,69,356,172,1,-1,-1,-1
151,37,1563,79,358,347,1,-1,-1,-1
151,38,1213,0,164,81,1,-1,-1,-1
151,39,1430,391,668,764,1,-1,-1,-1
151,40,435,67,274,389,1,-1,-1,-1
151,41,177,160,164,284,1,-1,-1,-1
151,42,293,165,104,220,1,-1,-1,-1
152,0,1793,7,200,254,1,-1,-1,-1
152,2,1,452,296,356,1,-1,-1,-1
152,4,1552,41,428,336,1,-1,-1,-1
152,6,577,40,286,412,1,-1,-1,-1
152,7,682,80,781,1019,1,-1,-1,-1
152,10,2217,64,184,340,1,-1,-1,-1
152,12,707,177,540,592,1,-1,-1,-1
152,17,1486,3,200,92,1,-1,-1,-1
152,18,808,62,322,287,1,-1,-1,-1
152,20,76,302,1408,1108,1,-1,-1,-1
152,26,524,60,196,256,1,-1,-1,-1
152,28,201,170,164,252,1,-1,-1,-1
152,30,453,149,104,184,1,-1,-1,-1
152,32,591,110,264,364,1,-1,-1,-1
152,34,800,0,152,179,1,-1,-1,-1
152,35,985,67,356,172,1,-1,-1,-1
152,37,1564,78,358,347,1,-1,-1,-1
152,38,1215,0,164,80,1,-1,-1,-1
152,39,1455,396,668,764,1,-1,-1,-1
152,40,435,68,274,389,1,-1,-1,-1
152,41,177,161,164,284,1,-1,-1,-1
152,42,293,166,104,220,1,-1,-1,-1
153,0,1784,28,184,184,1,-1,-1,-1
153,2,0,452,300,356,1,-1,-1,-1
153,4,1552,41,428,336,1,-1,-1,-1
153,6,577,40,286,412,1,-1,-1,-1
153,7,682,80,781,1019,1,-1,-1,-1
153,10,2216,60,184,344,1,-1,-1,-1
153,12,712,160,512,708,1,-1,-1,-1
153,17,1484,0,164,96,1,-1,-1,-1
153,18,808,62,322,287,1,-1,-1,-1
153,20,1168,240,520,352,1,-1,-1,-1
153,26,524,60,196,256,1,-1,-1,-1
153,28,201,170,164,252,1,-1,-1,-1
153,30,452,140,116,204,1,-1,-1,-1
153,32,576,100,272,388,1,-1,-1,-1
153,34,800,0,152,179,1,-1,-1,-1
153,35,1020,72,320,176,1,-1,-1,-1
153,37,1528,100,396,308,1,-1,-1,-1
153,38,1232,4,132,76,1,-1,-1,-1
153,39,1268,392,844,840,1,-1,-1,-1
153,40,435,68,274,389,1,-1,-1,-1
153,41,164,160,180,296,1,-1,-1,-1
153,42,293,166,104,220,1,-1,-1,-1
153,43,804,4,180,296,1,-1,-1,-1
153,44,72,836,1220,588,1,-1,-1,-1
154,0,1777,27,184,184,1,-1,-1,-1
154,2,1,451,300,356,1,-1,-1,-1
154,4,1545,39,428,336,1,-1,-1,-1
154,6,577,42,286,412,1,-1,-1,-1
154,7,667,84,781,1019,1,-1,-1,-1
154,10,2217,60,184,344,1,-1,-1,-1
154,12,712,159,512,708,1,-1,-1,-1
154,17,1484,0,164,96,1,-1,-1,-1
154,18,820,63,322,287,1,-1,-1,-1
154,20,1173,242,520,352,1,-1,-1,-1
154,26,525,61,196,256,1,-1,-1,-1
154,28,199,169,164,252,1,-1,-1,-1
154,30,452,140,116,204,1,-1,-1,-1
154,32,577,100,272,388,1,-1,-1,-1
154,34,800,1,152,180,1,-1,-1,-1
154,35,1022,72,320,176,1,-1,-1,-1
154,37,1526,99,396,308,1,-1,-1,-1
154,38,1232,4,132,76,1,-1,-1,-1
154,39,1287,393,844,840,1,-1,-1,-1
154,40,435,68,274,389,1,-1,-1,-1
154,41,165,160,180,296,1,-1,-1,-1
154,42,293,164,104,220,1,-1,-1,-1
154,43,809,3,180,296,1,-1,-1,-1
154,44,65,838,1220,588,1,-1,-1,-1
155,0,1776,25,184,184,1,-1,-1,-1
155,2,2,449,300,356,1,-1,-1,-1
155,4,1546,38,428,336,1,-1,-1,-1
155,6,576,44,286,412,1,-1,-1,-1
155,7,663,91,781,1019,1,-1,-1,-1
155,10,2217,59,184,344,1,-1,-1,-1
155,12,713,159,512,708,1,-1,-1,-1
155,17,1485,0,164,96,1,-1,-1,-1
155,18,818,61,322,287,1,-1,-1,-1
155,20,1175,245,520,352,1,-1,-1,-1
155,26,525,62,196,256,1,-1,-1,-1
155,28,200,169,164,252,1,-1,-1,-1
155,30,452,140,116,204,1,-1,-1,-1
155,32,577,100,272,388,1,-1,-1,-1
155,34,799,1,152,180,1,-1,-1,-1
155,35,1024,72,320,176,1,-1,-1,-1
155,37,1526,99,396,308,1,-1,-1,-1
155,38,1232,4,132,76,1,-1,-1,-1
155,39,1291,389,844,840,1,-1,-1,-1
155,40,438,69,274,389,1,-1,-1,-1
155,41,165,159,180,296,1,-1,-1,-1
155,42,292,164,104,220,1,-1,-1,-1
155,43,809,3,180,296,1,-1,-1,-1
155,44,61,839,1220,588,1,-1,-1,-1
156,0,1771,23,184,184,1,-1,-1,-1
156,2,2,449,300,356,1,-1,-1,-1
156,4,1543,37,428,336,1,-1,-1,-1
156,6,578,41,286,412,1,-1,-1,-1
156,7,690,99,743,970,1,-1,-1,-1
156,10,2217,60,184,344,1,-1,-1,-1
156,12,712,158,512,708,1,-1,-1,-1
156,17,1485,0,164,96,1,-1,-1,-1
156,18,810,62,322,287,1,-1,-1,-1
156,20,1180,250,520,352,1,-1,-1,-1
156,26,526,62,196,256,1,-1,-1,-1
156,28,200,169,164,252,1,-1,-1,-1
156,30,452,139,116,204,1,-1,-1,-1
156,32,579,98,272,388,1,-1,-1,-1
156,34,803,1,152,180,1,-1,-1,-1
156,35,1024,74,320,176,1,-1,-1,-1
156,37,1526,98,396,308,1,-1,-1,-1
156,38,1232,4,132,76,1,-1,-1,-1
156,39,1300,393,844,840,1,-1,-1,-1
156,40,440,67,274,389,1,-1,-1,-1
156,41,165,159,180,296,1,-1,-1,-1
156,42,292,163,104,220,1,-1,-1,-1
156,43,816,2,180,296,1,-1,-1,-1
156,44,55,848,1220,588,1,-1,-1,-1
157,0,1765,22,184,184,1,-1,-1,-1
157,2,3,448,300,356,1,-1,-1,-1
157,4,1537,38,428,336,1,-1,-1,-1
157,6,578,34,286,412,1,-1,-1,-1
157,7,698,102,743,970,1,-1,-1,-1
157,10,2217,59,184,344,1,-1,-1,-1
157,12,712,158,512,708,1,-1,-1,-1
157,17,1485,0,164,96,1,-1,-1,-1
157,18,804,62,322,287,1,-1,-1,-1
157,20,1188,260,495,335,1,-1,-1,-1
157,26,525,60,196,256,1,-1,-1,-1
157,28,200,168,164,252,1,-1,-1,-1
157,30,452,139,116,204,1,-1,-1,-1
157,32,577,98,272,388,1,-1,-1,-1
157,34,803,1,152,180,1,-1,-1,-1
157,35,1023,73,320,176,1,-1,-1,-1
157,37,1522,98,396,308,1,-1,-1,-1
157,38,1232,4,132,76,1,-1,-1,-1
157,39,1331,400,844,840,1,-1,-1,-1
157,40,437,68,274,389,1,-1,-1,-1
157,41,165,158,180,296,1,-1,-1,-1
157,42,293,164,104,220,1,-1,-1,-1
157,43,811,1,180,296,1,-1,-1,-1
157,44,57,850,1220,588,1,-1,-1,-1
158,0,1762,21,184,184,1,-1,-1,-1
158,2,3,448,300,356,1,-1,-1,-1
158,4,1537,38,428,336,1,-1,-1,-1
158,6,576,38,286,412,1,-1,-1,-1
158,7,711,125,708,924,1,-1,-1,-1
158,10,2217,59,184,344,1,-1,-1,-1
158,12,712,158,512,708,1,-1,-1,-1
158,17,1485,0,164,96,1,-1,-1,-1
158,18,802,62,322,287,1,-1,-1,-1
158,20,1174,250,520,352,1,-1,-1,-1
158,26,526,62,196,256,1,-1,-1,-1
158,28,200,167,164,252,1,-1,-1,-1
158,30,453,139,116,204,1,-1,-1,-1
158,32,576,98,272,388,1,-1,-1,-1
158,34,803,2,152,180,1,-1,-1,-1
158,35,1023,73,320,176,1,-1,-1,-1
158,37,1519,97,396,308,1,-1,-1,-1
158,38,1232,4,132,76,1,-1,-1,-1
158,39,1322,398,844,840,1,-1,-1,-1
158,40,439,66,274,389,1,-1,-1,-1
158,41,165,158,180,296,1,-1,-1,-1
158,42,293,164,104,220,1,-1,-1,-1
158,43,806,0,180,296,1,-1,-1,-1
158,44,59,846,1220,588,1,-1,-1,-1
159,0,1759,20,184,184,1,-1,-1,-1
159,2,3,446,300,356,1,-1,-1,-1
159,4,1534,37,428,336,1,-1,-1,-1
159,6,576,33,286,412,1,-1,-1,-1
159,7,713,123,708,924,1,-1,-1,-1
159,10,2217,59,184,344,1,-1,-1,-1
159,12,712,156,512,708,1,-1,-1,-1
159,17,1485,0,164,96,1,-1,-1,-1
159,18,805,60,322,287,1,-1,-1,-1
159,20,1172,247,520,352,1,-1,-1,-1
159,26,526,62,196,256,1,-1,-1,-1
159,28,199,167,164,252,1,-1,-1,-1
159,30,453,139,116,204,1,-1,-1,-1
159,32,576,98,272,388,1,-1,-1,-1
159,34,803,2,152,180,1,-1,-1,-1
159,35,1022,73,320,176,1,-1,-1,-1
159,37,1518,98,396,308,1,-1,-1,-1
159,38,1232,4,132,76,1,-1,-1,-1
159,39,1330,398,844,840,1,-1,-1,-1
159,40,437,64,274,389,1,-1,-1,-1
159,41,165,158,180,296,1,-1,-1,-1
159,42,292,163,104,220,1,-1,-1,-1
159,43,805,0,180,294,1,-1,-1,-1
159,44,61,843,1220,588,1,-1,-1,-1
160,0,1751,21,184,184,1,-1,-1,-1
160,2,3,448,300,356,1,-1,-1,-1
160,4,1531,37,428,336,1,-1,-1,-1
160,6,578,35,286,412,1,-1,-1,-1
160,7,716,120,708,924,1,-1,-1,-1
160,10,2215,60,184,344,1,-1,-1,-1
160,12,714,156,512,708,1,-1,-1,-1
160,17,1484,0,164,96,1,-1,-1,-1
160,18,807,59,322,287,1,-1,-1,-1
160,20,1172,249,520,352,1,-1,-1,-1
160,26,525,63,196,256,1,-1,-1,-1
160,28,200,167,164,252,1,-1,-1,-1
160,30,453,138,116,204,1,-1,-1,-1
160,32,576,97,272,388,1,-1,-1,-1
160,34,805,0,152,180,1,-1,-1,-1
160,35,1023,74,320,176,1,-1,-1,-1
160,37,1515,97,396,308,1,-1,-1,-1
160,38,1232,3,132,76,1,-1,-1,-1
160,39,1317,358,886,882,1,-1,-1,-1
160,40,436,66,274,389,1,-1,-1,-1
160,41,165,158,180,296,1,-1,-1,-1
160,42,292,164,104,220,1,-1,-1,-1
160,43,806,0,180,291,1,-1,-1,-1
160,44,63,847,1220,588,1,-1,-1,-1
161,0,1744,12,176,176,1,-1,-1,-1
161,2,0,444,300,364,1,-1,-1,-1
161,4,1531,37,428,336,1,-1,-1,-1
161,6,578,35,286,412,1,-1,-1,-1
161,7,716,120,708,924,1,-1,-1,-1
161,10,2200,56,200,352,1,-1,-1,-1
161,12,712,156,512,716,1,-1,-1,-1
161,17,1484,0,164,96,1,-1,-1,-1
161,18,807,59,322,287,1,-1,-1,-1
161,20,1160,244,528,352,1,-1,-1,-1
161,26,520,64,168,236,1,-1,-1,-1
161,28,200,167,164,252,1,-1,-1,-1
161,30,452,148,116,204,1,-1,-1,-1
161,32,588,60,244,448,1,-1,-1,-1
161,34,804,4,152,176,1,-1,-1,-1
161,35,1048,72,288,184,1,-1,-1,-1
161,37,1512,88,404,352,1,-1,-1,-1
161,38,1228,4,140,76,1,-1,-1,-1
161,39,1600,340,620,828,1,-1,-1,-1
161,40,436,66,274,389,1,-1,-1,-1
161,41,160,160,180,288,1,-1,-1,-1
161,42,296,160,108,300,1,-1,-1,-1
161,43,806,0,180,291,1,-1,-1,-1
161,44,63,847,1220,588,1,-1,-1,-1
161,45,912,0,116,148,1,-1,-1,-1
161,46,1044,0,176,136,1,-1,-1,-1
162,0,1742,12,176,176,1,-1,-1,-1
162,2,0,444,300,364,1,-1,-1,-1
162,4,1529,37,428,336,1,-1,-1,-1
162,6,580,43,286,412,1,-1,-1,-1
162,7,715,119,708,924,1,-1,-1,-1
162,10,2201,56,200,352,1,-1,-1,-1
162,12,713,156,512,716,1,-1,-1,-1
162,17,1485,0,164,95,1,-1,-1,-1
162,18,809,62,322,287,1,-1,-1,-1
162,20,1160,245,528,352,1,-1,-1,-1
162,26,520,63,168,236,1,-1,-1,-1
162,28,199,166,164,252,1,-1,-1,-1
162,30,452,148,116,204,1,-1,-1,-1
162,32,588,58,244,448,1,-1,-1,-1
162,34,803,4,152,176,1,-1,-1,-1
162,35,1047,72,288,184,1,-1,-1,-1
162,37,1512,88,404,352,1,-1,-1,-1
162,38,1228,4,140,76,1,-1,-1,-1
162,39,1609,334,620,828,1,-1,-1,-1
162,40,436,63,274,389,1,-1,-1,-1
162,41,160,160,180,288,1,-1,-1,-1
162,42,296,160,108,300,1,-1,-1,-1
162,43,802,0,180,292,1,-1,-1,-1
162,44,64,851,1220,588,1,-1,-1,-1
162,45,912,1,116,148,1,-1,-1,-1
162,46,1053,0,176,136,1,-1,-1,-1
163,0,1740,11,176,176,1,-1,-1,-1
163,2,0,442,299,364,1,-1,-1,-1
163,4,1525,37,428,336,1,-1,-1,-1
163,6,583,50,286,412,1,-1,-1,-1
163,7,711,124,708,924,1,-1,-1,-1
163,10,2201,57,200,352,1,-1,-1,-1
163,12,713,153,512,716,1,-1,-1,-1
163,17,1485,0,164,95,1,-1,-1,-1
163,18,805,60,322,287,1,-1,-1,-1
163,20,1161,245,528,352,1,-1,-1,-1
163,26,520,62,168,236,1,-1,-1,-1
163,28,200,167,164,252,1,-1,-1,-1
163,30,452,148,116,204,1,-1,-1,-1
163,32,589,56,244,448,1,-1,-1,-1
163,34,803,4,152,176,1,-1,-1,-1
163,35,1045,72,288,184,1,-1,-1,-1
163,37,1513,88,404,352,1,-1,-1,-1
163,38,1228,3,140,76,1,-1,-1,-1
163,39,1629,324,620,828,1,-1,-1,-1
163,40,437,61,274,389,1,-1,-1,-1
163,41,161,158,180,288,1,-1,-1,-1
163,42,296,161,108,300,1,-1,-1,-1
163,43,801,0,180,288,1,-1,-1,-1
163,44,64,845,1220,588,1,-1,-1,-1
163,45,912,2,116,148,1,-1,-1,-1
163,46,1122,0,176,123,1,-1,-1,-1
164,0,1740,11,176,176,1,-1,-1,-1
164,2,0,445,296,364,1,-1,-1,-1
164,4,1529,36,428,336,1,-1,-1,-1
164,6,585,50,286,412,1,-1,-1,-1
164,7,714,127,708,924,1,-1,-1,-1
164,10,2200,57,200,352,1,-1,-1,-1
164,12,708,155,512,716,1,-1,-1,-1
164,17,1484,0,164,95,1,-1,-1,-1
164,18,805,61,322,287,1,-1,-1,-1
164,20,1160,245,528,352,1,-1,-1,-1
164,26,520,62,168,236,1,-1,-1,-1
164,28,200,167,164,252,1,-1,-1,-1
164,30,453,148,116,204,1,-1,-1,-1
164,32,589,53,244,448,1,-1,-1,-1
164,34,804,4,152,176,1,-1,-1,-1
164,35,1043,73,288,184,1,-1,-1,-1
164,37,1513,87,404,352,1,-1,-1,-1
164,38,1228,3,140,76,1,-1,-1,-1
164,39,1634,319,620,828,1,-1,-1,-1
164,40,438,63,274,389,1,-1,-1,-1
164,41,161,157,180,288,1,-1,-1,-1
164,42,296,161,108,300,1,-1,-1,-1
164,43,804,0,180,289,1,-1,-1,-1
164,44,61,843,1220,588,1,-1,-1,-1
164,45,912,2,116,148,1,-1,-1,-1
164,46,1126,0,176,124,1,-1,-1,-1
165,0,1739,11,176,176,1,-1,-1,-1
165,2,0,441,299,364,1,-1,-1,-1
165,4,1529,37,428,336,1,-1,-1,-1
165,6,584,53,286,412,1,-1,-1,-1
165,7,715,122,708,924,1,-1,-1,-1
165,10,2200,57,200,352,1,-1,-1,-1
165,12,708,158,512,716,1,-1,-1,-1
165,17,1483,0,164,95,1,-1,-1,-1
165,18,802,60,322,287,1,-1,-1,-1
165,20,1160,245,528,352,1,-1,-1,-1
165,26,520,62,168,236,1,-1,-1,-1
165,28,199,166,164,252,1,-1,-1,-1
165,30,452,148,116,204,1,-1,-1,-1
165,32,589,52,244,448,1,-1,-1,-1
165,34,804,4,152,176,1,-1,-1,-1
165,35,1042,73,288,184,1,-1,-1,-1
165,37,1512,86,404,352,1,-1,-1,-1
165,38,1228,4,140,76,1,-1,-1,-1
165,39,1640,312,620,828,1,-1,-1,-1
165,40,429,53,288,408,1,-1,-1,-1
165,41,161,158,180,288,1,-1,-1,-1
165,42,296,162,108,300,1,-1,-1,-1
165,43,807,0,180,290,1,-1,-1,-1
165,44,63,837,1220,588,1,-1,-1,-1
165,45,911,1,116,148,1,-1,-1,-1
165,46,1140,0,176,120,1,-1,-1,-1
166,0,1738,10,176,176,1,-1,-1,-1
166,2,2,441,300,364,1,-1,-1,-1
166,4,1529,38,428,336,1,-1,-1,-1
166,6,583,49,286,412,1,-1,-1,-1
166,7,720,127,708,924,1,-1,-1,-1
166,10,2200,57,200,352,1,-1,-1,-1
166,12,704,159,512,716,1,-1,-1,-1
166,17,1482,0,164,95,1,-1,-1,-1
166,18,802,61,322,287,1,-1,-1,-1
166,20,1159,246,528,352,1,-1,-1,-1
166,26,520,61,168,236,1,-1,-1,-1
166,28,200,169,164,252,1,-1,-1,-1
166,30,452,149,116,204,1,-1,-1,-1
166,32,587,49,244,448,1,-1,-1,-1
166,34,803,5,152,176,1,-1,-1,-1
166,35,1042,73,288,184,1,-1,-1,-1
166,37,1512,86,404,352,1,-1,-1,-1
166,38,1226,4,140,76,1,-1,-1,-1
166,39,1635,293,620,828,1,-1,-1,-1
166,40,428,52,288,408,1,-1,-1,-1
166,41,161,159,180,288,1,-1,-1,-1
166,42,296,162,108,300,1,-1,-1,-1
166,43,805,0,180,290,1,-1,-1,-1
166,44,78,829,1220,588,1,-1,-1,-1
166,45,909,1,116,148,1,-1,-1,-1
166,46,1154,0,176,115,1,-1,-1,-1
167,0,1736,10,176,176,1,-1,-1,-1
167,2,3,440,300,364,1,-1,-1,-1
167,4,1531,37,428,336,1,-1,-1,-1
167,6,582,50,286,412,1,-1,-1,-1
167,7,717,126,708,924,1,-1,-1,-1
167,10,2203,67,190,335,1,-1,-1,-1
167,12,699,159,512,716,1,-1,-1,-1
167,17,1481,0,164,95,1,-1,-1,-1
167,18,802,62,322,287,1,-1,-1,-1
167,20,1156,247,528,352,1,-1,-1,-1
167,26,520,61,168,236,1,-1,-1,-1
167,28,198,168,164,252,1,-1,-1,-1
167,30,452,149,116,204,1,-1,-1,-1
167,32,585,47,244,448,1,-1,-1,-1
167,34,802,5,152,176,1,-1,-1,-1
167,35,1041,75,288,184,1,-1,-1,-1
167,37,1512,86,404,352,1,-1,-1,-1
167,38,1211,5,147,80,1,-1,-1,-1
167,39,1644,267,620,828,1,-1,-1,-1
167,40,428,52,288,408,1,-1,-1,-1
167,41,160,159,180,288,1,-1,-1,-1
167,42,295,160,108,300,1,-1,-1,-1
167,43,804,0,180,289,1,-1,-1,-1
167,44,83,814,1220,588,1,-1,-1,-1
167,45,909,0,116,148,1,-1,-1,-1
167,46,1161,0,176,119,1,-1,-1,-1
168,0,1737,11,176,176,1,-1,-1,-1
168,2,4,442,300,364,1,-1,-1,-1
168,4,1531,39,428,336,1,-1,-1,-1
168,6,583,49,286,412,1,-1,-1,-1
168,7,722,127,708,924,1,-1,-1,-1
168,10,2203,67,190,335,1,-1,-1,-1
168,12,701,158,512,716,1,-1,-1,-1
168,17,1482,0,164,95,1,-1,-1,-1
168,18,802,64,322,287,1,-1,-1,-1
168,20,1153,249,528,352,1,-1,-1,-1
168,26,519,61,168,236,1,-1,-1,-1
168,28,197,168,164,252,1,-1,-1,-1
168,30,452,149,116,204,1,-1,-1,-1
168,32,584,46,244,448,1,-1,-1,-1
168,34,803,5,152,176,1,-1,-1,-1
168,35,1041,76,288,184,1,-1,-1,-1
168,37,1513,87,404,352,1,-1,-1,-1
168,38,1206,6,147,80,1,-1,-1,-1
168,39,1662,280,590,789,1,-1,-1,-1
168,40,429,53,288,408,1,-1,-1,-1
168,41,159,158,180,288,1,-1,-1,-1
168,42,295,160,108,300,1,-1,-1,-1
168,43,803,0,180,289,1,-1,-1,-1
168,44,89,806,1220,588,1,-1,-1,-1
168,45,910,0,116,148,1,-1,-1,-1
168,46,1161,0,176,117,1,-1,-1,-1
169,0,1688,8,196,152,1,-1,-1,-1
169,2,4,424,296,380,1,-1,-1,-1
169,4,1531,39,428,336,1,-1,-1,-1
169,6,583,49,286,412,1,-1,-1,-1
169,7,722,127,708,924,1,-1,-1,-1
169,10,2208,100,188,308,1,-1,-1,-1
169,12,692,176,516,696,1,-1,-1,-1
169,17,1482,0,164,95,1,-1,-1,-1
169,20,1160,244,528,352,1,-1,-1,-1
169,26,519,61,168,236,1,-1,-1,-1
169,28,197,168,164,252,1,-1,-1,-1
169,30,452,149,116,204,1,-1,-1,-1
169,32,560,36,272,428,1,-1,-1,-1
169,34,808,4,152,180,1,-1,-1,-1
169,35,1036,68,276,184,1,-1,-1,-1
169,37,1496,96,412,276,1,-1,-1,-1
169,38,1206,6,147,80,1,-1,-1,-1
169,39,1772,264,440,804,1,-1,-1,-1
169,40,429,53,288,408,1,-1,-1,-1
169,41,159,158,180,288,1,-1,-1,-1
169,42,295,160,108,300,1,-1,-1,-1
169,43,803,0,180,289,1,-1,-1,-1
169,44,89,806,1220,588,1,-1,-1,-1
169,45,908,0,96,144,1,-1,-1,-1
169,46,1161,0,176,117,1,-1,-1,-1
169,47,36,280,288,248,1,-1,-1,-1
170,0,1688,8,196,152,1,-1,-1,-1
170,2,4,424,296,380,1,-1,-1,-1
170,4,1532,37,428,336,1,-1,-1,-1
170,6,582,47,286,412,1,-1,-1,-1
170,7,729,125,708,924,1,-1,-1,-1
170,10,2208,100,188,308,1,-1,-1,-1
170,12,692,176,516,696,1,-1,-1,-1
170,17,1477,0,164,95,1,-1,-1,-1
170,20,1160,244,528,352,1,-1,-1,-1
170,26,521,62,168,236,1,-1,-1,-1
170,28,198,169,164,252,1,-1,-1,-1
170,30,451,149,116,204,1,-1,-1,-1
170,32,560,36,272,428,1,-1,-1,-1
170,34,808,4,152,180,1,-1,-1,-1
170,35,1036,68,276,184,1,-1,-1,-1
170,37,1496,96,412,276,1,-1,-1,-1
170,38,1208,6,147,80,1,-1,-1,-1
170,39,1772,264,440,804,1,-1,-1,-1
170,40,431,52,288,408,1,-1,-1,-1
170,41,159,158,180,288,1,-1,-1,-1
170,42,295,160,108,300,1,-1,-1,-1
170,43,808,0,180,289,1,-1,-1,-1
170,44,68,797,1281,617,1,-1,-1,-1
170,45,908,0,96,144,1,-1,-1,-1
170,46,1164,0,176,120,1,-1,-1,-1
170,47,36,280,288,248,1,-1,-1,-1
171,0,1684,8,196,152,1,-1,-1,-1
171,2,4,425,296,380,1,-1,-1,-1
171,4,1531,39,428,336,1,-1,-1,-1
171,6,583,47,286,412,1,-1,-1,-1
171,7,726,128,708,924,1,-1,-1,-1
171,10,2207,100,188,308,1,-1,-1,-1
171,12,693,176,516,696,1,-1,-1,-1
171,17,1476,0,164,95,1,-1,-1,-1
171,20,1161,244,528,352,1,-1,-1,-1
171,26,521,62,168,236,1,-1,-1,-1
171,28,196,167,164,252,1,-1,-1,-1
171,30,451,149,116,204,1,-1,-1,-1
171,32,559,36,272,428,1,-1,-1,-1
171,34,808,4,152,180,1,-1,-1,-1
171,35,1037,69,276,184,1,-1,-1,-1
171,37,1495,96,412,276,1,-1,-1,-1
171,38,1205,4,154,84,1,-1,-1,-1
171,39,1774,262,440,804,1,-1,-1,-1
171,40,430,54,288,408,1,-1,-1,-1
171,41,159,157,180,288,1,-1,-1,-1
171,42,295,158,108,300,1,-1,-1,-1
171,43,808,0,180,289,1,-1,-1,-1
171,44,70,799,1281,617,1,-1,-1,-1
171,45,908,0,96,144,1,-1,-1,-1
171,46,1164,0,176,119,1,-1,-1,-1
171,47,35,280,288,248,1,-1,-1,-1
172,0,1674,9,196,152,1,-1,-1,-1
172,2,5,426,296,380,1,-1,-1,-1
172,4,1541,46,428,336,1,-1,-1,-1
172,6,582,48,286,412,1,-1,-1,-1
172,7,718,128,708,924,1,-1,-1,-1
172,10,2202,100,188,308,1,-1,-1,-1
172,12,692,177,516,696,1,-1,-1,-1
172,17,1462,0,164,94,1,-1,-1,-1
172,20,1160,245,528,352,1,-1,-1,-1
172,26,522,61,168,236,1,-1,-1,-1
172,28,195,167,164,252,1,-1,-1,-1
172,30,452,149,116,204,1,-1,-1,-1
172,32,557,34,272,428,1,-1,-1,-1
172,34,809,4,152,180,1,-1,-1,-1
172,35,1036,70,276,184,1,-1,-1,-1
172,37,1496,100,412,276,1,-1,-1,-1
172,38,1206,6,162,88,1,-1,-1,-1
172,39,1775,256,440,804,1,-1,-1,-1
172,40,428,54,288,408,1,-1,-1,-1
172,41,159,156,180,288,1,-1,-1,-1
172,42,293,149,113,315,1,-1,-1,-1
172,43,808,0,180,291,1,-1,-1,-1
172,44,69,797,1281,617,1,-1,-1,-1
172,45,909,0,96,144,1,-1,-1,-1
172,46,1171,0,176,121,1,-1,-1,-1
172,47,35,280,288,248,1,-1,-1,-1
173,0,1678,13,187,145,1,-1,-1,-1
173,2,7,424,296,380,1,-1,-1,-1
173,4,1529,37,449,353,1,-1,-1,-1
173,6,583,47,286,412,1,-1,-1,-1
173,7,708,123,708,924,1,-1,-1,-1
173,10,2201,100,188,308,1,-1,-1,-1
173,12,692,177,516,696,1,-1,-1,-1
173,17,1452,0,164,94,1,-1,-1,-1
173,20,1162,246,528,352,1,-1,-1,-1
173,26,522,61,168,236,1,-1,-1,-1
173,28,194,165,164,252,1,-1,-1,-1
173,30,452,149,116,204,1,-1,-1,-1
173,32,557,34,272,428,1,-1,-1,-1
173,34,809,4,152,180,1,-1,-1,-1
173,35,1033,70,276,184,1,-1,-1,-1
173,37,1498,101,412,276,1,-1,-1,-1
173,38,1206,5,162,88,1,-1,-1,-1
173,39,1778,255,440,804,1,-1,-1,-1
173,40,428,51,288,408,1,-1,-1,-1
173,41,158,152,180,288,1,-1,-1,-1
173,42,293,147,113,315,1,-1,-1,-1
173,43,803,0,180,286,1,-1,-1,-1
173,44,55,792,1281,617,1,-1,-1,-1
173,45,909,0,96,144,1,-1,-1,-1
173,46,1181,0,176,116,1,-1,-1,-1
173,47,34,277,288,248,1,-1,-1,-1
174,0,1679,12,187,145,1,-1,-1,-1
174,2,7,424,296,380,1,-1,-1,-1
174,4,1528,37,449,353,1,-1,-1,-1
174,6,583,48,286,412,1,-1,-1,-1
174,7,708,126,708,924,1,-1,-1,-1
174,10,2201,100,188,308,1,-1,-1,-1
174,12,693,176,516,696,1,-1,-1,-1
174,17,1453,0,164,93,1,-1,-1,-1
174,20,1158,244,528,352,1,-1,-1,-1
174,26,523,61,168,236,1,-1,-1,-1
174,28,193,165,164,252,1,-1,-1,-1
174,30,451,149,116,204,1,-1,-1,-1
174,32,557,34,272,428,1,-1,-1,-1
174,34,809,4,152,180,1,-1,-1,-1
174,35,1032,70,276,184,1,-1,-1,-1
174,37,1498,102,412,276,1,-1,-1,-1
174,38,1206,6,162,88,1,-1,-1,-1
174,39,1779,253,440,804,1,-1,-1,-1
174,40,437,58,274,389,1,-1,-1,-1
174,41,158,152,180,288,1,-1,-1,-1
174,42,295,154,108,300,1,-1,-1,-1
174,43,808,0,180,287,1,-1,-1,-1
174,44,55,788,1281,617,1,-1,-1,-1
174,45,909,0,96,144,1,-1,-1,-1
174,46,1183,0,176,117,1,-1,-1,-1
174,47,34,277,288,248,1,-1,-1,-1
175,0,1690,16,187,145,1,-1,-1,-1
175,2,6,419,296,380,1,-1,-1,-1
175,4,1533,41,449,353,1,-1,-1,-1
175,6,582,46,286,412,1,-1,-1,-1
175,7,712,129,708,924,1,-1,-1,-1
175,10,2202,100,188,308,1,-1,-1,-1
175,12,694,175,516,696,1,-1,-1,-1
175,17,1446,0,164,93,1,-1,-1,-1
175,20,1159,244,528,352,1,-1,-1,-1
175,26,524,61,168,236,1,-1,-1,-1
175,28,190,164,164,252,1,-1,-1,-1
175,30,451,149,116,204,1,-1,-1,-1
175,32,555,31,272,428,1,-1,-1,-1
175,34,808,3,152,180,1,-1,-1,-1
175,35,1033,70,276,184,1,-1,-1,-1
175,37,1499,99,412,276,1,-1,-1,-1
175,38,1209,5,162,88,1,-1,-1,-1
175,39,1779,252,440,804,1,-1,-1,-1
175,40,437,60,274,389,1,-1,-1,-1
175,41,153,149,180,288,1,-1,-1,-1
175,42,295,154,108,300,1,-1,-1,-1
175,43,805,0,180,290,1,-1,-1,-1
175,44,45,788,1281,617,1,-1,-1,-1
175,45,908,0,96,144,1,-1,-1,-1
175,46,1184,0,176,119,1,-1,-1,-1
175,47,31,265,288,248,1,-1,-1,-1
176,0,1697,18,187,145,1,-1,-1,-1
176,2,1,404,311,399,1,-1,-1,-1
176,4,1531,38,449,353,1,-1,-1,-1
176,6,581,47,286,412,1,-1,-1,-1
176,7,718,120,708,924,1,-1,-1,-1
176,10,2203,103,188,308,1,-1,-1,-1
176,12,691,175,516,696,1,-1,-1,-1
176,17,1443,0,164,94,1,-1,-1,-1
176,20,1160,244,528,352,1,-1,-1,-1
176,26,524,61,168,236,1,-1,-1,-1
176,28,189,164,164,252,1,-1,-1,-1
176,30,451,149,116,204,1,-1,-1,-1
176,32,561,39,259,408,1,-1,-1,-1
176,34,808,3,152,180,1,-1,-1,-1
176,35,1033,70,276,184,1,-1,-1,-1
176,37,1501,99,412,276,1,-1,-1,-1
176,38,1209,4,162,88,1,-1,-1,-1
176,39,1763,234,462,844,1,-1,-1,-1
176,40,439,61,274,389,1,-1,-1,-1
176,41,150,149,180,288,1,-1,-1,-1
176,42,297,163,103,286,1,-1,-1,-1
176,43,805,0,180,288,1,-1,-1,-1
176,44,50,783,1281,617,1,-1,-1,-1
176,45,909,0,96,144,1,-1,-1,-1
176,47,29,263,288,248,1,-1,-1,-1
177,0,1697,18,187,145,1,-1,-1,-1
177,2,8,372,276,436,1,-1,-1,-1
177,4,1531,38,449,353,1,-1,-1,-1
177,6,596,28,240,456,1,-1,-1,-1
177,7,718,120,708,924,1,-1,-1,-1
177,10,2196,108,196,300,1,-1,-1,-1
177,12,692,188,512,684,1,-1,-1,-1
177,17,1436,0,160,80,1,-1,-1,-1
177,20,1164,240,524,356,1,-1,-1,-1
177,26,524,61,168,236,1,-1,-1,-1
177,28,189,164,164,252,1,-1,-1,-1
177,30,448,144,132,200,1,-1,-1,-1
177,32,561,39,259,408,1,-1,-1,-1
177,34,776,4,188,180,1,-1,-1,-1
177,35,1028,68,284,184,1,-1,-1,-1
177,37,1508,100,404,308,1,-1,-1,-1
177,38,1204,4,176,120,1,-1,-1,-1
177,39,1804,260,360,768,1,-1,-1,-1
177,40,439,61,274,389,1,-1,-1,-1
177,41,150,149,180,288,1,-1,-1,-1
177,42,297,163,103,286,1,-1,-1,-1
177,43,805,0,180,288,1,-1,-1,-1
177,44,50,783,1281,617,1,-1,-1,-1
177,45,908,0,96,144,1,-1,-1,-1
177,47,29,263,288,248,1,-1,-1,-1
177,48,1592,4,216,112,1,-1,-1,-1
177,49,232,168,136,276,1,-1,-1,-1
177,50,124,288,180,256,1,-1,-1,-1
178,0,1705,17,187,145,1,-1,-1,-1
178,2,9,368,276,436,1,-1,-1,-1
178,4,1530,38,449,353,1,-1,-1,-1
178,6,596,30,240,456,1,-1,-1,-1
178,7,713,116,708,924,1,-1,-1,-1
178,10,2194,109,196,300,1,-1,-1,-1
178,12,692,186,512,684,1,-1,-1,-1
178,17,1426,0,160,78,1,-1,-1,-1
178,20,1163,240,524,356,1,-1,-1,-1
178,26,524,63,168,236,1,-1,-1,-1
178,28,190,165,164,252,1,-1,-1,-1
178,30,448,145,132,200,1,-1,-1,-1
178,32,561,40,259,408,1,-1,-1,-1
178,34,775,4,188,180,1,-1,-1,-1
178,35,1028,68,284,184,1,-1,-1,-1
178,37,1506,99,404,308,1,-1,-1,-1
178,38,1204,4,176,120,1,-1,-1,-1
178,39,1807,261,360,768,1,-1,-1,-1
178,40,439,61,274,389,1,-1,-1,-1
178,41,148,152,180,288,1,-1,-1,-1
178,42,296,163,103,286,1,-1,-1,-1
178,43,803,0,180,288,1,-1,-1,-1
178,44,53,778,1281,617,1,-1,-1,-1
178,45,907,0,96,143,1,-1,-1,-1
178,47,27,263,288,248,1,-1,-1,-1
178,48,1573,5,216,112,1,-1,-1,-1
178,49,232,168,136,276,1,-1,-1,-1
178,50,121,277,180,256,1,-1,-1,-1
179,0,1708,18,187,145,1,-1,-1,-1
179,2,9,362,276,436,1,-1,-1,-1
179,4,1526,38,449,353,1,-1,-1,-1
179,6,595,29,240,456,1,-1,-1,-1
179,7,726,101,708,924,1,-1,-1,-1
179,10,2195,106,196,300,1,-1,-1,-1
179,12,691,185,512,684,1,-1,-1,-1
179,17,1380,0,160,76,1,-1,-1,-1
179,20,1163,237,524,356,1,-1,-1,-1
179,26,524,63,168,236,1,-1,-1,-1
179,28,196,168,164,252,1,-1,-1,-1
179,30,449,144,132,200,1,-1,-1,-1
179,32,561,38,259,408,1,-1,-1,-1
179,34,774,4,188,180,1,-1,-1,-1
179,35,1027,68,284,184,1,-1,-1,-1
179,37,1504,96,404,308,1,-1,-1,-1
179,38,1205,4,176,120,1,-1,-1,-1
179,39,1809,261,360,768,1,-1,-1,-1
179,40,437,62,274,389,1,-1,-1,-1
179,41,153,154,180,288,1,-1,-1,-1
179,42,296,166,103,286,1,-1,-1,-1
179,43,802,0,180,288,1,-1,-1,-1
179,44,21,754,1345,648,1,-1,-1,-1
179,45,906,0,96,143,1,-1,-1,-1
179,47,29,266,288,248,1,-1,-1,-1
179,48,1528,2,216,112,1,-1,-1,-1
179,49,236,170,136,276,1,-1,-1,-1
179,50,119,275,180,256,1,-1,-1,-1
180,0,1712,17,187,145,1,-1,-1,-1
180,2,9,362,276,436,1,-1,-1,-1
180,4,1523,35,449,353,1,-1,-1,-1
180,6,594,28,240,456,1,-1,-1,-1
180,7,727,97,708,924,1,-1,-1,-1
180,10,2193,106,196,300,1,-1,-1,-1
180,12,689,183,512,684,1,-1,-1,-1
180,17,1381,0,160,75,1,-1,-1,-1
180,20,1161,237,524,356,1,-1,-1,-1
180,26,524,63,168,236,1,-1,-1,-1
180,28,197,170,164,252,1,-1,-1,-1
180,30,450,144,132,200,1,-1,-1,-1
180,32,560,37,259,408,1,-1,-1,-1
180,34,774,3,188,180,1,-1,-1,-1
180,35,1027,68,284,184,1,-1,-1,-1
180,37,1505,96,404,308,1,-1,-1,-1
180,38,1205,3,176,120,1,-1,-1,-1
180,39,1810,258,360,768,1,-1,-1,-1
180,40,436,61,274,389,1,-1,-1,-1
180,41,158,161,171,274,1,-1,-1,-1
180,42,294,159,108,300,1,-1,-1,-1
180,43,805,0,180,288,1,-1,-1,-1
180,44,19,751,1345,648,1,-1,-1,-1
180,45,906,0,96,142,1,-1,-1,-1
180,47,29,270,288,248,1,-1,-1,-1
180,48,1527,1,216,112,1,-1,-1,-1
180,49,240,178,130,263,1,-1,-1,-1
180,50,117,273,180,256,1,-1,-1,-1
181,0,1703,16,187,145,1,-1,-1,-1
181,2,11,364,276,436,1,-1,-1,-1
181,4,1520,34,449,353,1,-1,-1,-1
181,6,594,27,240,456,1,-1,-1,-1
181,7,748,95,708,924,1,-1,-1,-1
181,10,2196,107,196,300,1,-1,-1,-1
181,12,694,181,512,684,1,-1,-1,-1
181,17,1370,0,160,75,1,-1,-1,-1
181,20,1164,239,524,356,1,-1,-1,-1
181,26,522,64,168,236,1,-1,-1,-1
181,28,201,174,156,240,1,-1,-1,-1
181,30,450,145,132,200,1,-1,-1,-1
181,32,559,37,259,408,1,-1,-1,-1
181,34,773,3,188,180,1,-1,-1,-1
181,35,1029,68,284,184,1,-1,-1,-1
181,37,1502,94,404,308,1,-1,-1,-1
181,38,1205,2,176,120,1,-1,-1,-1
181,39,1808,257,360,768,1,-1,-1,-1
181,40,436,60,274,389,1,-1,-1,-1
181,41,157,161,171,274,1,-1,-1,-1
181,42,295,159,108,300,1,-1,-1,-1
181,43,804,0,180,288,1,-1,-1,-1
181,44,62,785,1345,648,1,-1,-1,-1
181,45,904,0,96,142,1,-1,-1,-1
181,47,36,274,274,236,1,-1,-1,-1
181,48,1514,2,206,107,1,-1,-1,-1
181,49,242,177,130,263,1,-1,-1,-1
181,50,115,272,180,256,1,-1,-1,-1
182,0,1704,16,187,145,1,-1,-1,-1
182,2,11,366,276,436,1,-1,-1,-1
182,4,1520,31,449,353,1,-1,-1,-1
182,6,593,26,240,456,1,-1,-1,-1
182,7,762,86,708,924,1,-1,-1,-1
182,10,2196,108,196,300,1,-1,-1,-1
182,12,698,181,512,684,1,-1,-1,-1
182,17,1371,0,160,75,1,-1,-1,-1
182,20,1165,237,524,356,1,-1,-1,-1
182,26,521,63,168,236,1,-1,-1,-1
182,28,202,173,156,240,1,-1,-1,-1
182,30,450,145,132,200,1,-1,-1,-1
182,32,556,36,259,408,1,-1,-1,-1
182,34,772,3,188,180,1,-1,-1,-1
182,35,1030,70,284,184,1,-1,-1,-1
182,37,1502,91,404,308,1,-1,-1,-1
182,38,1206,1,176,120,1,-1,-1,-1
182,39,1806,259,360,768,1,-1,-1,-1
182,40,436,62,274,389,1,-1,-1,-1
182,41,159,163,171,274,1,-1,-1,-1
182,42,296,158,108,300,1,-1,-1,-1
182,43,795,0,189,296,1,-1,-1,-1
182,44,67,774,1345,648,1,-1,-1,-1
182,45,902,0,96,141,1,-1,-1,-1
182,47,35,272,274,236,1,-1,-1,-1
182,48,1511,1,206,107,1,-1,-1,-1
182,49,242,178,130,263,1,-1,-1,-1
182,50,119,276,171,244,1,-1,-1,-1
183,0,1704,15,187,145,1,-1,-1,-1
183,2,11,364,276,436,1,-1,-1,-1
183,4,1520,31,449,353,1,-1,-1,-1
183,6,592,26,240,456,1,-1,-1,-1
183,7,775,96,674,880,1,-1,-1,-1
183,10,2197,109,196,300,1,-1,-1,-1
183,12,702,180,512,684,1,-1,-1,-1
183,17,1376,0,152,74,1,-1,-1,-1
183,20,1166,237,524,356,1,-1,-1,-1
183,26,521,63,168,236,1,-1,-1,-1
183,28,202,172,156,240,1,-1,-1,-1
183,30,450,145,132,200,1,-1,-1,-1
183,32,549,25,272,428,1,-1,-1,-1
183,34,772,2,188,180,1,-1,-1,-1
183,35,1029,71,284,184,1,-1,-1,-1
183,37,1499,92,404,308,1,-1,-1,-1
183,38,1205,3,176,120,1,-1,-1,-1
183,39,1800,257,360,768,1,-1,-1,-1
183,40,436,61,274,389,1,-1,-1,-1
183,41,160,163,171,274,1,-1,-1,-1
183,42,299,166,103,286,1,-1,-1,-1
183,43,791,0,189,295,1,-1,-1,-1
183,44,77,773,1345,648,1,-1,-1,-1
183,45,902,0,96,141,1,-1,-1,-1
183,47,27,269,288,248,1,-1,-1,-1
183,48,1511,1,206,107,1,-1,-1,-1
183,49,238,172,136,276,1,-1,-1,-1
183,50,118,276,171,244,1,-1,-1,-1
184,0,1701,17,187,145,1,-1,-1,-1
184,2,11,360,276,436,1,-1,-1,-1
184,4,1521,28,449,353,1,-1,-1,-1
184,6,590,27,240,456,1,-1,-1,-1
184,7,795,71,674,880,1,-1,-1,-1
184,10,2196,109,196,300,1,-1,-1,-1
184,12,719,189,488,651,1,-1,-1,-1
184,17,1375,0,152,76,1,-1,-1,-1
184,20,1169,237,524,356,1,-1,-1,-1
184,26,520,63,168,236,1,-1,-1,-1
184,28,205,172,156,240,1,-1,-1,-1
184,30,449,145,132,200,1,-1,-1,-1
184,32,550,27,272,428,1,-1,-1,-1
184,34,770,0,188,180,1,-1,-1,-1
184,35,1028,74,284,184,1,-1,-1,-1
184,37,1496,89,404,308,1,-1,-1,-1
184,38,1206,1,176,120,1,-1,-1,-1
184,39,1791,263,360,768,1,-1,-1,-1
184,40,436,60,274,389,1,-1,-1,-1
184,41,162,164,171,274,1,-1,-1,-1
184,42,297,159,108,300,1,-1,-1,-1
184,43,791,0,189,292,1,-1,-1,-1
184,44,80,756,1345,648,1,-1,-1,-1
184,45,899,0,96,139,1,-1,-1,-1
184,47,28,270,288,248,1,-1,-1,-1
184,48,1502,1,206,107,1,-1,-1,-1
184,49,239,171,136,276,1,-1,-1,-1
184,50,117,273,171,244,1,-1,-1,-1
185,0,1701,17,187,145,1,-1,-1,-1
185,2,4,336,280,468,1,-1,-1,-1
185,4,1521,28,449,353,1,-1,-1,-1
185,6,590,27,240,456,1,-1,-1,-1
185,7,795,71,674,880,1,-1,-1,-1
185,10,2196,116,196,288,1,-1,-1,-1
185,12,719,189,488,651,1,-1,-1,-1
185,17,1375,0,152,76,1,-1,-1,-1
185,20,1160,240,524,360,1,-1,-1,-1
185,26,520,63,168,236,1,-1,-1,-1
185,28,205,172,156,240,1,-1,-1,-1
185,30,452,152,120,192,1,-1,-1,-1
185,32,536,24,296,452,1,-1,-1,-1
185,34,760,0,200,176,1,-1,-1,-1
185,35,1032,64,280,196,1,-1,-1,-1
185,37,1536,76,376,296,1,-1,-1,-1
185,38,1204,0,176,132,1,-1,-1,-1
185,39,1788,232,360,672,1,-1,-1,-1
185,40,436,60,274,389,1,-1,-1,-1
185,41,162,164,171,274,1,-1,-1,-1
185,42,297,159,108,300,1,-1,-1,-1
185,43,791,0,189,292,1,-1,-1,-1
185,44,80,756,1345,648,1,-1,-1,-1
185,45,899,0,96,139,1,-1,-1,-1
185,47,32,236,1412,1164,1,-1,-1,-1
185,48,1508,0,188,104,1,-1,-1,-1
185,49,240,156,168,292,1,-1,-1,-1
185,50,132,264,160,312,1,-1,-1,-1
185,51,1684,0,188,108,1,-1,-1,-1
185,52,680,240,596,452,1,-1,-1,-1
186,0,1700,14,187,145,1,-1,-1,-1
186,2,4,336,280,468,1,-1,-1,-1
186,4,1524,32,449,353,1,-1,-1,-1
186,6,590,27,240,456,1,-1,-1,-1
186,7,813,55,674,880,1,-1,-1,-1
186,10,2196,116,196,288,1,-1,-1,-1
186,12,719,185,488,651,1,-1,-1,-1
186,17,1379,2,145,73,1,-1,-1,-1
186,20,1160,240,524,360,1,-1,-1,-1
186,26,519,63,168,236,1,-1,-1,-1
186,28,207,172,156,240,1,-1,-1,-1
186,30,452,152,120,192,1,-1,-1,-1
186,32,536,24,296,452,1,-1,-1,-1
186,34,760,0,200,176,1,-1,-1,-1
186,35,1032,64,280,196,1,-1,-1,-1
186,37,1536,76,376,296,1,-1,-1,-1
186,38,1204,0,176,132,1,-1,-1,-1
186,39,1788,232,360,672,1,-1,-1,-1
186,40,437,62,274,389,1,-1,-1,-1
186,41,164,163,171,274,1,-1,-1,-1
186,42,298,161,108,300,1,-1,-1,-1
186,43,790,0,189,293,1,-1,-1,-1
186,44,49,742,1412,681,1,-1,-1,-1
186,45,897,0,96,137,1,-1,-1,-1
186,47,32,236,1412,1164,1,-1,-1,-1
186,48,1508,0,188,104,1,-1,-1,-1
186,49,240,156,168,292,1,-1,-1,-1
186,50,132,264,160,312,1,-1,-1,-1
186,51,1684,0,188,108,1,-1,-1,-1
186,52,680,240,596,452,1,-1,-1,-1
187,0,1703,13,187,145,1,-1,-1,-1
187,2,4,335,280,468,1,-1,-1,-1
187,4,1542,41,428,336,1,-1,-1,-1
187,6,589,25,240,456,1,-1,-1,-1
187,7,819,44,674,880,1,-1,-1,-1
187,10,2198,117,196,288,1,-1,-1,-1
187,12,707,172,512,684,1,-1,-1,-1
187,17,1379,2,145,73,1,-1,-1,-1
187,20,1162,242,524,360,1,-1,-1,-1
187,26,520,64,168,236,1,-1,-1,-1
187,28,208,172,156,240,1,-1,-1,-1
187,30,453,152,120,192,1,-1,-1,-1
187,32,536,24,296,452,1,-1,-1,-1
187,34,756,0,200,176,1,-1,-1,-1
187,35,1032,64,280,196,1,-1,-1,-1
187,37,1530,75,376,296,1,-1,-1,-1
187,38,1204,0,176,132,1,-1,-1,-1
187,39,1789,225,360,672,1,-1,-1,-1
187,40,436,61,274,389,1,-1,-1,-1
187,41,166,164,171,274,1,-1,-1,-1
187,42,301,168,103,286,1,-1,-1,-1
187,43,782,0,189,299,1,-1,-1,-1
187,44,73,750,1412,681,1,-1,-1,-1
187,45,889,0,91,135,1,-1,-1,-1
187,47,45,245,1412,1164,1,-1,-1,-1
187,48,1500,0,188,104,1,-1,-1,-1
187,49,241,156,168,292,1,-1,-1,-1
187,50,132,261,160,312,1,-1,-1,-1
187,51,1684,0,188,107,1,-1,-1,-1
187,52,687,241,596,452,1,-1,-1,-1
188,0,1707,18,178,138,1,-1,-1,-1
188,2,4,336,280,468,1,-1,-1,-1
188,4,1545,44,428,336,1,-1,-1,-1
188,6,588,25,240,456,1,-1,-1,-1
188,7,835,46,674,880,1,-1,-1,-1
188,10,2198,117,196,288,1,-1,-1,-1
188,12,711,173,512,684,1,-1,-1,-1
188,17,1385,2,145,73,1,-1,-1,-1
188,20,1166,242,524,360,1,-1,-1,-1
188,26,520,65,168,236,1,-1,-1,-1
188,28,208,171,156,240,1,-1,-1,-1
188,30,453,152,120,192,1,-1,-1,-1
188,32,536,23,296,452,1,-1,-1,-1
188,34,753,0,200,176,1,-1,-1,-1
188,35,1032,65,280,196,1,-1,-1,-1
188,37,1524,74,376,296,1,-1,-1,-1
188,38,1204,0,176,132,1,-1,-1,-1
188,39,1791,222,360,672,1,-1,-1,-1
188,40,435,59,274,389,1,-1,-1,-1
188,41,168,163,171,274,1,-1,-1,-1
188,42,302,168,103,286,1,-1,-1,-1
188,43,774,0,189,298,1,-1,-1,-1
188,44,70,729,1483,711,1,-1,-1,-1
188,45,880,0,91,137,1,-1,-1,-1
188,47,68,250,1412,1164,1,-1,-1,-1
188,48,1499,0,188,103,1,-1,-1,-1
188,49,241,156,168,292,1,-1,-1,-1
188,50,134,268,152,297,1,-1,-1,-1
188,51,1685,0,188,107,1,-1,-1,-1
188,52,694,241,596,452,1,-1,-1,-1
189,0,1703,16,187,145,1,-1,-1,-1
189,2,4,336,280,468,1,-1,-1,-1
189,4,1543,42,428,336,1,-1,-1,-1
189,6,588,26,240,456,1,-1,-1,-1
189,7,844,64,642,838,1,-1,-1,-1
189,10,2198,116,196,288,1,-1,-1,-1
189,12,711,170,512,684,1,-1,-1,-1
189,17,1384,3,145,73,1,-1,-1,-1
189,20,1175,250,499,343,1,-1,-1,-1
189,26,520,65,168,236,1,-1,-1,-1
189,28,208,170,156,240,1,-1,-1,-1
189,30,453,152,120,192,1,-1,-1,-1
189,32,536,22,296,452,1,-1,-1,-1
189,34,753,1,200,176,1,-1,-1,-1
189,35,1030,65,280,196,1,-1,-1,-1
189,37,1524,72,376,296,1,-1,-1,-1
189,38,1204,0,176,132,1,-1,-1,-1
189,39,1794,217,360,672,1,-1,-1,-1
189,40,436,58,274,389,1,-1,-1,-1
189,41,167,164,171,274,1,-1,-1,-1
189,42,302,166,103,286,1,-1,-1,-1
189,43,773,0,189,295,1,-1,-1,-1
189,44,62,730,1483,710,1,-1,-1,-1
189,45,878,0,91,136,1,-1,-1,-1
189,47,71,245,1412,1164,1,-1,-1,-1
189,48,1498,0,188,102,1,-1,-1,-1
189,49,241,155,168,292,1,-1,-1,-1
189,50,134,266,152,297,1,-1,-1,-1
189,51,1684,0,188,107,1,-1,-1,-1
189,52,695,239,596,452,1,-1,-1,-1
190,0,1704,15,187,145,1,-1,-1,-1
190,2,6,333,280,468,1,-1,-1,-1
190,4,1544,42,428,336,1,-1,-1,-1
190,6,595,36,229,434,1,-1,-1,-1
190,7,857,59,642,838,1,-1,-1,-1
190,10,2198,116,196,288,1,-1,-1,-1
190,12,721,170,512,684,1,-1,-1,-1
190,17,1388,3,145,73,1,-1,-1,-1
190,20,1177,250,499,343,1,-1,-1,-1
190,26,521,65,168,236,1,-1,-1,-1
190,28,206,167,156,240,1,-1,-1,-1
190,30,453,152,120,192,1,-1,-1,-1
190,32,538,20,296,452,1,-1,-1,-1
190,34,751,0,190,168,1,-1,-1,-1
190,35,1031,65,280,196,1,-1,-1,-1
190,37,1525,71,376,296,1,-1,-1,-1
190,38,1204,0,176,131,1,-1,-1,-1
190,39,1790,190,360,672,1,-1,-1,-1
190,40,438,60,274,389,1,-1,-1,-1
190,41,168,158,171,274,1,-1,-1,-1
190,42,301,167,103,286,1,-1,-1,-1
190,43,747,0,189,295,1,-1,-1,-1
190,44,41,705,1557,735,1,-1,-1,-1
190,45,850,6,91,137,1,-1,-1,-1
190,47,77,239,1412,1164,1,-1,-1,-1
190,48,1494,0,188,102,1,-1,-1,-1
190,49,242,155,168,292,1,-1,-1,-1
190,50,135,265,152,297,1,-1,-1,-1
190,51,1684,0,188,107,1,-1,-1,-1
190,52,697,239,596,452,1,-1,-1,-1
191,0,1704,16,187,145,1,-1,-1,-1
191,2,9,329,280,468,1,-1,-1,-1
191,4,1544,42,428,336,1,-1,-1,-1
191,6,597,36,229,434,1,-1,-1,-1
191,7,870,45,642,838,1,-1,-1,-1
191,10,2198,116,196,288,1,-1,-1,-1
191,12,722,166,512,684,1,-1,-1,-1
191,17,1389,2,145,73,1,-1,-1,-1
191,20,1177,250,499,343,1,-1,-1,-1
191,26,521,64,168,236,1,-1,-1,-1
191,28,206,164,156,240,1,-1,-1,-1
191,30,453,152,120,192,1,-1,-1,-1
191,32,533,7,311,475,1,-1,-1,-1
191,34,755,0,181,160,1,-1,-1,-1
191,35,1030,65,280,196,1,-1,-1,-1
191,37,1525,70,376,296,1,-1,-1,-1
191,38,1203,0,176,131,1,-1,-1,-1
191,39,1797,200,343,640,1,-1,-1,-1
191,40,437,61,274,389,1,-1,-1,-1
191,41,166,157,171,274,1,-1,-1,-1
191,42,301,166,103,286,1,-1,-1,-1
191,43,744,0,189,293,1,-1,-1,-1
191,44,70,694,1557,746,1,-1,-1,-1
191,45,835,5,91,137,1,-1,-1,-1
191,47,82,234,1412,1164,1,-1,-1,-1
191,48,1494,0,188,102,1,-1,-1,-1
191,49,243,153,168,292,1,-1,-1,-1
191,50,135,255,160,312,1,-1,-1,-1
191,51,1684,0,188,107,1,-1,-1,-1
191,52,700,236,596,452,1,-1,-1,-1
192,0,1704,14,187,145,1,-1,-1,-1
192,2,7,325,280,468,1,-1,-1,-1
192,4,1540,42,428,336,1,-1,-1,-1
192,6,599,35,229,434,1,-1,-1,-1
192,7,868,45,642,838,1,-1,-1,-1
192,10,2199,116,196,288,1,-1,-1,-1
192,12,721,164,512,684,1,-1,-1,-1
192,17,1392,6,138,69,1,-1,-1,-1
192,20,1177,249,499,343,1,-1,-1,-1
192,26,522,65,168,236,1,-1,-1,-1
192,28,207,164,156,240,1,-1,-1,-1
192,30,453,152,120,192,1,-1,-1,-1
192,32,532,8,311,475,1,-1,-1,-1
192,34,753,0,181,159,1,-1,-1,-1
192,35,1031,65,280,196,1,-1,-1,-1
192,37,1525,71,376,296,1,-1,-1,-1
192,38,1203,0,176,131,1,-1,-1,-1
192,39,1793,207,343,640,1,-1,-1,-1
192,40,438,60,274,389,1,-1,-1,-1
192,41,163,148,180,288,1,-1,-1,-1
192,42,301,166,103,286,1,-1,-1,-1
192,43,745,0,189,289,1,-1,-1,-1
192,44,64,681,1557,750,1,-1,-1,-1
192,45,834,4,91,137,1,-1,-1,-1
192,47,87,237,1412,1164,1,-1,-1,-1
192,48,1487,0,197,104,1,-1,-1,-1
192,49,243,153,168,292,1,-1,-1,-1
192,50,136,255,160,312,1,-1,-1,-1
192,51,1684,0,188,107,1,-1,-1,-1
192,52,700,236,596,452,1,-1,-1,-1
193,0,1704,14,187,145,1,-1,-1,-1
193,2,8,244,284,556,1,-1,-1,-1
193,4,1540,68,372,256,1,-1,-1,-1
193,6,599,35,229,434,1,-1,-1,-1
193,7,868,45,642,838,1,-1,-1,-1
193,10,2196,108,196,300,1,-1,-1,-1
193,12,721,164,512,684,1,-1,-1,-1
193,17,1392,6,138,69,1,-1,-1,-1
193,20,1160,240,524,360,1,-1,-1,-1
193,26,522,65,168,236,1,-1,-1,-1
193,28,207,164,156,240,1,-1,-1,-1
193,30,453,152,120,192,1,-1,-1,-1
193,32,528,28,304,448,1,-1,-1,-1
193,34,753,0,181,159,1,-1,-1,-1
193,35,1032,64,280,216,1,-1,-1,-1
193,37,1525,71,376,296,1,-1,-1,-1
193,38,1203,0,176,131,1,-1,-1,-1
193,39,1732,216,444,580,1,-1,-1,-1
193,40,438,60,274,389,1,-1,-1,-1
193,41,163,148,180,288,1,-1,-1,-1
193,42,301,166,103,286,1,-1,-1,-1
193,43,745,0,189,289,1,-1,-1,-1
193,44,64,681,1557,750,1,-1,-1,-1
193,45,834,4,91,137,1,-1,-1,-1
193,47,516,272,1028,1092,1,-1,-1,-1
193,48,1487,0,197,104,1,-1,-1,-1
193,49,240,152,176,292,1,-1,-1,-1
193,50,136,255,160,312,1,-1,-1,-1
193,51,1684,4,188,104,1,-1,-1,-1
193,52,676,268,620,364,1,-1,-1,-1
193,53,172,240,156,424,1,-1,-1,-1
193,54,1480,0,168,148,1,-1,-1,-1
193,55,748,16,152,156,1,-1,-1,-1
194,0,1706,14,187,145,1,-1,-1,-1
194,2,8,242,284,556,1,-1,-1,-1
194,4,1539,68,372,256,1,-1,-1,-1
194,6,601,34,229,434,1,-1,-1,-1
194,7,873,43,642,838,1,-1,-1,-1
194,10,2196,107,196,300,1,-1,-1,-1
194,12,719,160,512,684,1,-1,-1,-1
194,17,1393,5,138,69,1,-1,-1,-1
194,20,1159,241,524,360,1,-1,-1,-1
194,26,521,65,168,236,1,-1,-1,-1
194,28,206,160,156,240,1,-1,-1,-1
194,30,453,152,120,192,1,-1,-1,-1
194,32,528,29,304,448,1,-1,-1,-1
194,34,766,0,190,165,1,-1,-1,-1
194,35,1032,64,280,216,1,-1,-1,-1
194,37,1522,72,376,296,1,-1,-1,-1
194,38,1204,0,176,130,1,-1,-1,-1
194,39,1734,215,444,580,1,-1,-1,-1
194,40,439,62,274,389,1,-1,-1,-1
194,41,163,146,180,288,1,-1,-1,-1
194,42,300,164,103,286,1,-1,-1,-1
194,43,750,0,189,291,1,-1,-1,-1
194,44,63,671,1557,750,1,-1,-1,-1
194,45,804,3,96,144,1,-1,-1,-1
194,47,518,273,1028,1092,1,-1,-1,-1
194,48,1472,0,197,104,1,-1,-1,-1
194,49,240,152,176,292,1,-1,-1,-1
194,50,137,246,160,312,1,-1,-1,-1
194,51,1684,4,188,104,1,-1,-1,-1
194,52,676,268,620,364,1,-1,-1,-1
194,53,173,237,156,424,1,-1,-1,-1
194,54,1478,1,168,148,1,-1,-1,-1
194,55,747,16,152,156,1,-1,-1,-1
195,0,1704,15,187,145,1,-1,-1,-1
195,2,7,241,284,556,1,-1,-1,-1
195,4,1541,69,372,256,1,-1,-1,-1
195,6,601,34,229,434,1,-1,-1,-1
195,10,2196,106,196,300,1,-1,-1,-1
195,12,722,159,512,684,1,-1,-1,-1
195,17,1393,5,138,69,1,-1,-1,-1
195,20,1161,240,524,360,1,-1,-1,-1
195,26,522,65,168,236,1,-1,-1,-1
195,28,205,159,156,240,1,-1,-1,-1
195,30,453,152,120,192,1,-1,-1,-1
195,32,529,29,304,448,1,-1,-1,-1
195,34,765,0,190,165,1,-1,-1,-1
195,35,1033,63,280,216,1,-1,-1,-1
195,37,1522,71,376,296,1,-1,-1,-1
195,38,1204,0,176,130,1,-1,-1,-1
195,39,1735,214,444,580,1,-1,-1,-1
195,40,429,52,288,408,1,-1,-1,-1
195,41,161,147,180,288,1,-1,-1,-1
195,42,301,161,103,286,1,-1,-1,-1
195,43,757,0,189,291,1,-1,-1,-1
195,44,60,682,1557,750,1,-1,-1,-1
195,45,802,2,96,144,1,-1,-1,-1
195,47,518,272,1028,1092,1,-1,-1,-1
195,48,1469,0,197,105,1,-1,-1,-1
195,49,240,151,176,292,1,-1,-1,-1
195,50,138,245,160,312,1,-1,-1,-1
195,51,1684,4,188,104,1,-1,-1,-1
195,52,676,268,620,364,1,-1,-1,-1
195,53,174,234,156,424,1,-1,-1,-1
195,54,1478,1,168,148,1,-1,-1,-1
195,55,747,16,152,156,1,-1,-1,-1
196,0,1704,15,187,145,1,-1,-1,-1
196,2,7,237,284,556,1,-1,-1,-1
196,4,1542,70,372,256,1,-1,-1,-1
196,6,602,34,229,434,1,-1,-1,-1
196,10,2197,106,196,300,1,-1,-1,-1
196,12,717,140,538,718,1,-1,-1,-1
196,17,1393,4,138,69,1,-1,-1,-1
196,20,1162,240,524,360,1,-1,-1,-1
196,26,522,65,168,236,1,-1,-1,-1
196,28,207,160,156,240,1,-1,-1,-1
196,30,453,152,120,192,1,-1,-1,-1
196,32,531,28,304,448,1,-1,-1,-1
196,34,766,0,190,166,1,-1,-1,-1
196,35,1033,61,280,216,1,-1,-1,-1
196,37,1522,72,376,296,1,-1,-1,-1
196,38,1205,0,176,127,1,-1,-1,-1
196,39,1731,216,444,580,1,-1,-1,-1
196,40,431,51,288,408,1,-1,-1,-1
196,41,163,147,180,288,1,-1,-1,-1
196,42,301,166,103,286,1,-1,-1,-1
196,43,765,0,180,286,1,-1,-1,-1
196,44,61,677,1557,750,1,-1,-1,-1
196,45,789,4,96,144,1,-1,-1,-1
196,47,522,271,1028,1092,1,-1,-1,-1
196,48,1450,0,197,100,1,-1,-1,-1
196,49,241,150,176,292,1,-1,-1,-1
196,50,136,247,160,312,1,-1,-1,-1
196,51,1684,4,188,104,1,-1,-1,-1
196,52,681,265,620,364,1,-1,-1,-1
196,53,174,229,156,424,1,-1,-1,-1
196,54,1465,2,176,155,1,-1,-1,-1
196,55,741,17,152,156,1,-1,-1,-1
197,0,1703,16,187,145,1,-1,-1,-1
197,2,7,242,284,556,1,-1,-1,-1
197,4,1541,71,372,256,1,-1,-1,-1
197,6,602,36,229,434,1,-1,-1,-1
197,10,2200,105,196,300,1,-1,-1,-1
197,12,723,134,538,718,1,-1,-1,-1
197,17,1395,5,138,69,1,-1,-1,-1
197,20,1162,241,524,360,1,-1,-1,-1
197,26,522,65,168,236,1,-1,-1,-1
197,28,206,158,156,240,1,-1,-1,-1
197,30,453,152,120,192,1,-1,-1,-1
197,32,530,30,304,448,1,-1,-1,-1
197,34,766,0,190,167,1,-1,-1,-1
197,35,1034,61,280,216,1,-1,-1,-1
197,37,1521,72,376,296,1,-1,-1,-1
197,38,1205,0,176,126,1,-1,-1,-1
197,39,1731,219,444,580,1,-1,-1,-1
197,40,429,52,288,408,1,-1,-1,-1
197,41,163,146,180,288,1,-1,-1,-1
197,42,301,163,103,286,1,-1,-1,-1
197,44,71,671,1557,750,1,-1,-1,-1
197,45,785,7,96,144,1,-1,-1,-1
197,47,530,263,1028,1092,1,-1,-1,-1
197,48,1438,0,197,95,1,-1,-1,-1
197,49,242,149,176,292,1,-1,-1,-1
197,50,134,245,160,312,1,-1,-1,-1
197,51,1684,4,188,104,1,-1,-1,-1
197,52,689,260,620,364,1,-1,-1,-1
197,53,174,226,156,424,1,-1,-1,-1
197,54,1464,3,176,155,1,-1,-1,-1
197,55,738,19,152,156,1,-1,-1,-1
198,0,1702,14,187,145,1,-1,-1,-1
198,2,7,240,284,556,1,-1,-1,-1
198,4,1542,72,372,256,1,-1,-1,-1
198,6,601,37,229,434,1,-1,-1,-1
198,10,2202,106,196,300,1,-1,-1,-1
198,12,721,127,538,718,1,-1,-1,-1
198,17,1396,6,138,69,1,-1,-1,-1
198,20,1163,240,524,360,1,-1,-1,-1
198,26,522,65,168,236,1,-1,-1,-1
198,28,205,158,156,240,1,-1,-1,-1
198,30,452,151,120,192,1,-1,-1,-1
198,32,529,31,304,448,1,-1,-1,-1
198,34,764,0,190,168,1,-1,-1,-1
198,35,1034,61,280,216,1,-1,-1,-1
198,37,1521,73,376,296,1,-1,-1,-1
198,38,1204,0,176,126,1,-1,-1,-1
198,39,1728,221,444,580,1,-1,-1,-1
198,40,430,52,288,408,1,-1,-1,-1
198,41,163,145,180,288,1,-1,-1,-1
198,42,300,162,103,286,1,-1,-1,-1
198,44,71,666,1557,750,1,-1,-1,-1
198,45,784,7,96,144,1,-1,-1,-1
198,47,529,265,1028,1092,1,-1,-1,-1
198,48,1436,0,197,95,1,-1,-1,-1
198,49,241,149,176,292,1,-1,-1,-1
198,50,132,243,160,312,1,-1,-1,-1
198,51,1684,4,188,104,1,-1,-1,-1
198,52,703,269,590,347,1,-1,-1,-1
198,53,175,226,156,424,1,-1,-1,-1
198,54,1464,3,176,155,1,-1,-1,-1
198,55,738,18,152,156,1,-1,-1,-1
199,0,1702,15,187,145,1,-1,-1,-1
199,2,8,244,284,556,1,-1,-1,-1
199,4,1534,75,372,256,1,-1,-1,-1
199,6,598,40,229,434,1,-1,-1,-1
199,10,2212,111,187,286,1,-1,-1,-1
199,12,700,165,538,718,1,-1,-1,-1
199,17,1396,5,138,69,1,-1,-1,-1
199,20,1160,239,524,360,1,-1,-1,-1
199,26,521,65,168,236,1,-1,-1,-1
199,28,207,158,156,240,1,-1,-1,-1
199,30,452,152,120,192,1,-1,-1,-1
199,32,530,33,304,448,1,-1,-1,-1
199,34,759,2,190,168,1,-1,-1,-1
199,35,1033,59,280,216,1,-1,-1,-1
199,37,1517,76,376,296,1,-1,-1,-1
199,38,1202,0,176,126,1,-1,-1,-1
199,39,1721,224,444,580,1,-1,-1,-1
199,40,431,53,288,408,1,-1,-1,-1
199,41,164,146,180,288,1,-1,-1,-1
199,42,301,159,103,286,1,-1,-1,-1
199,44,96,666,1557,750,1,-1,-1,-1
199,45,774,7,96,144,1,-1,-1,-1
199,47,573,256,1028,1092,1,-1,-1,-1
199,48,1429,0,188,90,1,-1,-1,-1
199,49,244,152,168,278,1,-1,-1,-1
199,50,129,232,168,328,1,-1,-1,-1
199,51,1685,4,188,104,1,-1,-1,-1
199,52,706,263,590,347,1,-1,-1,-1
199,53,176,224,156,424,1,-1,-1,-1
199,54,1455,0,185,163,1,-1,-1,-1
199,55,732,19,152,156,1,-1,-1,-1
200,0,1702,15,187,145,1,-1,-1,-1
200,2,7,242,284,556,1,-1,-1,-1
200,4,1534,77,372,256,1,-1,-1,-1
200,6,597,39,229,434,1,-1,-1,-1
200,10,2207,104,196,300,1,-1,-1,-1
200,17,1399,4,138,69,1,-1,-1,-1
200,20,1162,238,524,360,1,-1,-1,-1
200,26,521,64,168,236,1,-1,-1,-1
200,28,207,156,156,240,1,-1,-1,-1
200,30,452,152,120,192,1,-1,-1,-1
200,32,531,33,304,448,1,-1,-1,-1
200,34,759,6,181,160,1,-1,-1,-1
200,35,1034,59,280,216,1,-1,-1,-1
200,37,1518,76,376,296,1,-1,-1,-1
200,38,1202,0,176,126,1,-1,-1,-1
200,39,1724,232,444,580,1,-1,-1,-1
200,40,430,54,288,408,1,-1,-1,-1
200,42,302,161,103,286,1,-1,-1,-1
200,44,103,640,1557,750,1,-1,-1,-1
200,45,770,7,96,144,1,-1,-1,-1
200,47,578,252,1028,1092,1,-1,-1,-1
200,48,1427,0,188,92,1,-1,-1,-1
200,49,244,152,168,278,1,-1,-1,-1
200,50,132,236,168,328,1,-1,-1,-1
200,51,1685,3,188,104,1,-1,-1,-1
200,52,699,256,620,364,1,-1,-1,-1
200,53,176,230,156,424,1,-1,-1,-1
200,54,1453,1,185,163,1,-1,-1,-1
200,55,728,20,152,156,1,-1,-1,-1
201,0,1702,15,187,145,1,-1,-1,-1
201,2,7,242,284,556,1,-1,-1,-1
201,4,1532,76,376,216,1,-1,-1,-1
201,6,597,39,229,434,1,-1,-1,-1
201,10,2220,80,168,324,1,-1,-1,-1
201,17,1416,0,172,160,1,-1,-1,-1
201,20,1040,240,612,356,1,-1,-1,-1
201,26,521,64,168,236,1,-1,-1,-1
201,30,452,152,120,232,1,-1,-1,-1
201,32,528,28,304,468,1,-1,-1,-1
201,34,759,6,181,160,1,-1,-1,-1
201,35,1028,48,280,232,1,-1,-1,-1
201,37,1518,76,376,296,1,-1,-1,-1
201,38,1208,4,132,128,1,-1,-1,-1
201,39,1648,256,520,584,1,-1,-1,-1
201,40,430,54,288,408,1,-1,-1,-1
201,42,302,161,103,286,1,-1,-1,-1
201,44,688,524,1840,900,1,-1,-1,-1
201,45,770,7,96,144,1,-1,-1,-1
201,47,578,252,1028,1092,1,-1,-1,-1
201,48,1427,0,188,92,1,-1,-1,-1
201,49,244,152,172,292,1,-1,-1,-1
201,50,132,236,168,328,1,-1,-1,-1
201,51,1684,4,204,104,1,-1,-1,-1
201,52,708,268,596,368,1,-1,-1,-1
201,53,172,228,172,408,1,-1,-1,-1
201,54,1453,1,185,163,1,-1,-1,-1
201,55,728,20,152,156,1,-1,-1,-1
202,0,1702,17,187,145,1,-1,-1,-1
202,2,9,231,284,556,1,-1,-1,-1
202,4,1531,77,376,216,1,-1,-1,-1
202,6,595,39,229,434,1,-1,-1,-1
202,10,2220,80,168,324,1,-1,-1,-1
202,17,1416,0,172,160,1,-1,-1,-1
202,20,1040,244,612,356,1,-1,-1,-1
202,26,521,63,168,236,1,-1,-1,-1
202,30,452,152,120,232,1,-1,-1,-1
202,32,527,28,304,468,1,-1,-1,-1
202,35,1028,48,280,232,1,-1,-1,-1
202,37,1522,76,376,296,1,-1,-1,-1
202,38,1208,4,132,128,1,-1,-1,-1
202,39,1647,259,520,584,1,-1,-1,-1
202,40,429,54,288,408,1,-1,-1,-1
202,42,302,162,103,286,1,-1,-1,-1
202,44,687,514,1840,900,1,-1,-1,-1
202,45,757,9,96,144,1,-1,-1,-1
202,47,568,233,1028,1092,1,-1,-1,-1
202,48,1431,0,179,91,1,-1,-1,-1
202,49,248,149,172,292,1,-1,-1,-1
202,50,137,233,168,328,1,-1,-1,-1
202,51,1684,4,204,104,1,-1,-1,-1
202,52,706,271,596,368,1,-1,-1,-1
202,53,175,222,172,408,1,-1,-1,-1
202,54,1454,0,185,162,1,-1,-1,-1
202,55,725,21,152,156,1,-1,-1,-1
203,0,1702,17,187,145,1,-1,-1,-1
203,2,11,225,284,556,1,-1,-1,-1
203,4,1531,78,376,216,1,-1,-1,-1
203,6,594,40,229,434,1,-1,-1,-1
203,10,2220,79,168,324,1,-1,-1,-1
203,17,1416,0,172,159,1,-1,-1,-1
203,20,1037,245,612,356,1,-1,-1,-1
203,26,522,62,168,236,1,-1,-1,-1
203,30,452,152,120,232,1,-1,-1,-1
203,32,526,27,304,468,1,-1,-1,-1
203,35,1028,48,280,232,1,-1,-1,-1
203,37,1517,77,376,296,1,-1,-1,-1
203,38,1208,4,132,128,1,-1,-1,-1
203,39,1644,260,520,584,1,-1,-1,-1
203,40,430,53,288,408,1,-1,-1,-1
203,42,304,159,103,286,1,-1,-1,-1
203,44,723,530,1752,857,1,-1,-1,-1
203,45,750,8,96,144,1,-1,-1,-1
203,47,572,238,1028,1092,1,-1,-1,-1
203,48,1432,0,179,90,1,-1,-1,-1
203,49,258,152,164,278,1,-1,-1,-1
203,50,149,233,160,312,1,-1,-1,-1
203,51,1685,3,204,104,1,-1,-1,-1
203,52,704,273,596,368,1,-1,-1,-1
203,53,181,214,172,408,1,-1,-1,-1
203,54,1452,0,185,163,1,-1,-1,-1
203,55,725,24,145,149,1,-1,-1,-1
204,0,1702,16,187,145,1,-1,-1,-1
204,2,16,218,284,556,1,-1,-1,-1
204,4,1530,79,376,216,1,-1,-1,-1
204,6,587,31,240,456,1,-1,-1,-1
204,10,2221,79,168,324,1,-1,-1,-1
204,17,1415,0,172,160,1,-1,-1,-1
204,20,1022,239,643,374,1,-1,-1,-1
204,26,522,61,168,236,1,-1,-1,-1
204,30,453,152,120,232,1,-1,-1,-1
204,32,524,28,304,468,1,-1,-1,-1
204,35,1028,48,280,232,1,-1,-1,-1
204,37,1521,78,376,296,1,-1,-1,-1
204,38,1209,4,132,128,1,-1,-1,-1
204,39,1640,260,520,584,1,-1,-1,-1
204,40,431,55,288,408,1,-1,-1,-1
204,42,301,153,108,300,1,-1,-1,-1
204,44,717,524,1752,857,1,-1,-1,-1
204,45,736,12,96,144,1,-1,-1,-1
204,47,583,235,1028,1092,1,-1,-1,-1
204,48,1430,0,179,91,1,-1,-1,-1
204,49,259,155,164,278,1,-1,-1,-1
204,51,1687,4,204,104,1,-1,-1,-1
204,52,707,275,596,368,1,-1,-1,-1
204,53,189,205,172,408,1,-1,-1,-1
204,54,1451,0,185,163,1,-1,-1,-1
204,55,719,22,145,149,1,-1,-1,-1
205,0,1703,16,187,145,1,-1,-1,-1
205,2,19,220,284,556,1,-1,-1,-1
205,4,1531,79,376,216,1,-1,-1,-1
205,6,587,31,240,456,1,-1,-1,-1
205,10,2221,80,168,324,1,-1,-1,-1
205,17,1415,0,172,160,1,-1,-1,-1
205,20,1028,241,643,374,1,-1,-1,-1
205,26,522,61,168,236,1,-1,-1,-1
205,30,453,151,120,232,1,-1,-1,-1
205,32,522,28,304,468,1,-1,-1,-1
205,35,1028,48,280,232,1,-1,-1,-1
205,37,1519,77,376,296,1,-1,-1,-1
205,38,1209,4,132,128,1,-1,-1,-1
205,39,1625,247,546,613,1,-1,-1,-1
205,40,430,57,288,408,1,-1,-1,-1
205,42,299,154,108,300,1,-1,-1,-1
205,44,712,520,1752,857,1,-1,-1,-1
205,45,733,14,96,144,1,-1,-1,-1
205,47,580,231,1028,1092,1,-1,-1,-1
205,48,1434,0,171,88,1,-1,-1,-1
205,49,263,161,156,265,1,-1,-1,-1
205,51,1688,4,204,104,1,-1,-1,-1
205,52,706,277,596,368,1,-1,-1,-1
205,53,192,204,172,408,1,-1,-1,-1
205,54,1452,1,185,163,1,-1,-1,-1
205,55,720,23,145,149,1,-1,-1,-1
206,0,1702,15,187,145,1,-1,-1,-1
206,2,27,230,270,530,1,-1,-1,-1
206,4,1530,78,376,216,1,-1,-1,-1
206,6,590,30,240,456,1,-1,-1,-1
206,10,2221,79,168,324,1,-1,-1,-1
206,17,1414,0,172,159,1,-1,-1,-1
206,20,1031,235,643,374,1,-1,-1,-1
206,26,522,61,168,236,1,-1,-1,-1
206,30,453,151,120,232,1,-1,-1,-1
206,32,523,28,304,468,1,-1,-1,-1
206,35,1028,48,280,232,1,-1,-1,-1
206,37,1518,77,376,296,1,-1,-1,-1
206,38,1209,4,132,128,1,-1,-1,-1
206,39,1621,246,546,613,1,-1,-1,-1
206,40,432,53,288,408,1,-1,-1,-1
206,42,298,150,113,315,1,-1,-1,-1
206,44,670,495,1840,900,1,-1,-1,-1
206,45,728,16,96,144,1,-1,-1,-1
206,47,556,200,1079,1147,1,-1,-1,-1
206,48,1434,0,171,88,1,-1,-1,-1
206,49,263,161,156,265,1,-1,-1,-1
206,51,1689,4,204,104,1,-1,-1,-1
206,52,713,273,596,368,1,-1,-1,-1
206,53,191,204,181,428,1,-1,-1,-1
206,54,1455,0,185,163,1,-1,-1,-1
206,55,718,21,145,149,1,-1,-1,-1
207,0,1702,16,187,145,1,-1,-1,-1
207,2,27,231,270,530,1,-1,-1,-1
207,4,1531,78,376,216,1,-1,-1,-1
207,6,591,30,240,456,1,-1,-1,-1
207,10,2221,79,168,324,1,-1,-1,-1
207,17,1415,0,172,158,1,-1,-1,-1
207,20,1047,237,612,356,1,-1,-1,-1
207,26,522,60,168,236,1,-1,-1,-1
207,30,453,151,120,232,1,-1,-1,-1
207,32,525,30,304,468,1,-1,-1,-1
207,35,1028,48,280,232,1,-1,-1,-1
207,37,1523,76,376,296,1,-1,-1,-1
207,38,1209,4,132,128,1,-1,-1,-1
207,39,1623,243,546,613,1,-1,-1,-1
207,40,433,54,288,408,1,-1,-1,-1
207,42,300,150,113,315,1,-1,-1,-1
207,44,723,510,1752,857,1,-1,-1,-1
207,45,722,19,96,144,1,-1,-1,-1
207,47,557,184,1079,1147,1,-1,-1,-1
207,48,1434,0,171,87,1,-1,-1,-1
207,49,261,159,156,265,1,-1,-1,-1
207,51,1690,5,204,104,1,-1,-1,-1
207,52,720,262,596,368,1,-1,-1,-1
207,53,194,209,172,408,1,-1,-1,-1
207,54,1459,0,185,161,1,-1,-1,-1
207,55,719,24,145,149,1,-1,-1,-1
208,0,1703,15,187,145,1,-1,-1,-1
208,2,29,224,270,530,1,-1,-1,-1
208,4,1532,76,376,216,1,-1,-1,-1
208,6,593,30,240,456,1,-1,-1,-1
208,10,2221,78,168,324,1,-1,-1,-1
208,17,1415,0,172,156,1,-1,-1,-1
208,20,1048,234,612,356,1,-1,-1,-1
208,26,522,61,168,236,1,-1,-1,-1
208,30,453,151,120,232,1,-1,-1,-1
208,32,525,31,304,468,1,-1,-1,-1
208,35,1027,49,280,232,1,-1,-1,-1
208,37,1524,76,376,296,1,-1,-1,-1
208,38,1209,4,132,128,1,-1,-1,-1
208,39,1618,246,546,613,1,-1,-1,-1
208,40,432,53,288,408,1,-1,-1,-1
208,42,304,143,113,315,1,-1,-1,-1
208,44,676,477,1840,900,1,-1,-1,-1
208,45,718,21,96,144,1,-1,-1,-1
208,47,593,215,1028,1092,1,-1,-1,-1
208,48,1438,0,162,83,1,-1,-1,-1
208,49,258,155,164,278,1,-1,-1,-1
208,51,1690,6,204,104,1,-1,-1,-1
208,52,726,256,596,368,1,-1,-1,-1
208,53,198,207,172,408,1,-1,-1,-1
208,54,1461,0,185,156,1,-1,-1,-1
208,55,716,17,152,156,1,-1,-1,-1
209,0,1703,15,187,145,1,-1,-1,-1
209,2,44,264,232,496,1,-1,-1,-1
209,4,1544,68,368,228,1,-1,-1,-1
209,6,593,30,240,456,1,-1,-1,-1
209,10,2220,80,164,328,1,-1,-1,-1
209,17,1432,0,152,160,1,-1,-1,-1
209,20,1048,234,612,356,1,-1,-1,-1
209,26,522,61,168,236,1,-1,-1,-1
209,30,452,156,112,224,1,-1,-1,-1
209,32,532,36,300,484,1,-1,-1,-1
209,35,1028,56,280,224,1,-1,-1,-1
209,37,1524,76,376,296,1,-1,-1,-1
209,38,1209,4,132,128,1,-1,-1,-1
209,39,1628,260,520,576,1,-1,-1,-1
209,40,432,53,288,408,1,-1,-1,-1
209,42,304,143,113,315,1,-1,-1,-1
209,44,752,448,1784,976,1,-1,-1,-1
209,45,718,21,96,144,1,-1,-1,-1
209,47,593,215,1028,1092,1,-1,-1,-1
209,48,1438,0,162,83,1,-1,-1,-1
209,49,258,155,164,278,1,-1,-1,-1
209,51,1688,0,216,100,1,-1,-1,-1
209,52,724,268,584,420,1,-1,-1,-1
209,53,180,208,216,404,1,-1,-1,-1
209,54,1461,0,185,156,1,-1,-1,-1
209,55,716,17,152,156,1,-1,-1,-1
210,0,1706,16,187,145,1,-1,-1,-1
210,2,43,265,232,496,1,-1,-1,-1
210,4,1545,68,368,228,1,-1,-1,-1
210,6,595,31,240,456,1,-1,-1,-1
210,10,2220,80,164,328,1,-1,-1,-1
210,17,1432,0,152,160,1,-1,-1,-1
210,20,1048,238,612,356,1,-1,-1,-1
210,26,522,61,168,236,1,-1,-1,-1
210,30,452,156,112,224,1,-1,-1,-1
210,32,533,36,300,484,1,-1,-1,-1
210,35,1028,56,280,224,1,-1,-1,-1
210,37,1525,73,376,296,1,-1,-1,-1
210,38,1210,4,132,128,1,-1,-1,-1
210,39,1627,260,520,576,1,-1,-1,-1
210,40,431,54,288,408,1,-1,-1,-1
210,42,305,146,113,315,1,-1,-1,-1
210,44,756,447,1784,976,1,-1,-1,-1
210,45,717,26,96,144,1,-1,-1,-1
210,47,605,208,1028,1092,1,-1,-1,-1
210,48,1435,0,162,85,1,-1,-1,-1
210,49,258,157,164,278,1,-1,-1,-1
210,51,1690,1,216,100,1,-1,-1,-1
210,52,725,267,584,420,1,-1,-1,-1
210,53,178,209,216,404,1,-1,-1,-1
210,54,1468,0,176,151,1,-1,-1,-1
210,55,728,18,152,156,1,-1,-1,-1
211,0,1708,16,187,145,1,-1,-1,-1
211,2,42,267,232,496,1,-1,-1,-1
211,4,1545,68,368,228,1,-1,-1,-1
211,6,595,33,240,456,1,-1,-1,-1
211,10,2220,79,164,328,1,-1,-1,-1
211,17,1432,0,152,160,1,-1,-1,-1
211,20,1049,236,612,356,1,-1,-1,-1
211,26,521,61,168,236,1,-1,-1,-1
211,30,452,156,112,224,1,-1,-1,-1
211,32,534,36,300,484,1,-1,-1,-1
211,35,1027,56,280,224,1,-1,-1,-1
211,37,1526,73,376,296,1,-1,-1,-1
211,38,1210,4,132,128,1,-1,-1,-1
211,39,1626,259,520,576,1,-1,-1,-1
211,40,432,55,288,408,1,-1,-1,-1
211,42,302,143,119,331,1,-1,-1,-1
211,44,756,451,1784,976,1,-1,-1,-1
211,45,714,26,96,144,1,-1,-1,-1
211,47,614,202,1028,1092,1,-1,-1,-1
211,48,1436,0,162,83,1,-1,-1,-1
211,49,259,165,164,278,1,-1,-1,-1
211,51,1692,1,216,100,1,-1,-1,-1
211,52,726,265,584,420,1,-1,-1,-1
211,53,177,209,216,404,1,-1,-1,-1
211,54,1464,0,176,150,1,-1,-1,-1
211,55,727,18,152,156,1,-1,-1,-1
212,0,1705,16,187,145,1,-1,-1,-1
212,2,40,265,232,496,1,-1,-1,-1
212,4,1546,68,368,228,1,-1,-1,-1
212,6,594,34,240,456,1,-1,-1,-1
212,10,2220,79,164,328,1,-1,-1,-1
212,17,1432,0,152,159,1,-1,-1,-1
212,20,1051,236,612,356,1,-1,-1,-1
212,26,521,61,168,236,1,-1,-1,-1
212,30,452,156,112,224,1,-1,-1,-1
212,32,534,36,300,484,1,-1,-1,-1
212,35,1027,55,280,224,1,-1,-1,-1
212,37,1524,71,376,296,1,-1,-1,-1
212,38,1210,4,132,128,1,-1,-1,-1
212,39,1626,258,520,576,1,-1,-1,-1
212,40,432,55,288,408,1,-1,-1,-1
212,42,304,142,119,331,1,-1,-1,-1
212,44,763,455,1784,976,1,-1,-1,-1
212,45,710,22,101,151,1,-1,-1,-1
212,47,606,201,1028,1092,1,-1,-1,-1
212,48,1436,0,162,84,1,-1,-1,-1
212,49,258,162,164,278,1,-1,-1,-1
212,51,1692,2,216,100,1,-1,-1,-1
212,52,726,265,584,420,1,-1,-1,-1
212,53,178,210,216,404,1,-1,-1,-1
212,54,1467,0,176,151,1,-1,-1,-1
212,55,726,19,152,156,1,-1,-1,-1
213,0,1707,16,187,145,1,-1,-1,-1
213,2,39,265,232,496,1,-1,-1,-1
213,4,1547,68,368,228,1,-1,-1,-1
213,6,595,34,240,456,1,-1,-1,-1
213,10,2220,79,164,328,1,-1,-1,-1
213,17,1432,0,152,159,1,-1,-1,-1
213,20,1054,229,612,356,1,-1,-1,-1
213,26,522,61,168,236,1,-1,-1,-1
213,30,452,156,112,224,1,-1,-1,-1
213,32,535,36,300,484,1,-1,-1,-1
213,35,1028,55,280,224,1,-1,-1,-1
213,37,1527,73,376,296,1,-1,-1,-1
213,38,1210,4,132,128,1,-1,-1,-1
213,39,1629,263,520,576,1,-1,-1,-1
213,40,431,54,288,408,1,-1,-1,-1
213,44,758,461,1784,976,1,-1,-1,-1
213,45,712,20,101,151,1,-1,-1,-1
213,47,607,206,1028,1092,1,-1,-1,-1
213,48,1435,0,162,85,1,-1,-1,-1
213,49,258,159,164,278,1,-1,-1,-1
213,51,1695,2,216,100,1,-1,-1,-1
213,52,724,265,584,420,1,-1,-1,-1
213,53,176,212,216,404,1,-1,-1,-1
213,54,1469,0,176,151,1,-1,-1,-1
213,55,726,19,152,156,1,-1,-1,-1
214,0,1710,16,187,145,1,-1,-1,-1
214,2,38,268,232,496,1,-1,-1,-1
214,4,1545,66,368,228,1,-1,-1,-1
214,6,595,34,240,456,1,-1,-1,-1
214,10,2220,79,164,328,1,-1,-1,-1
214,17,1431,0,152,159,1,-1,-1,-1
214,20,1066,239,583,339,1,-1,-1,-1
214,26,522,62,168,236,1,-1,-1,-1
214,30,452,156,112,224,1,-1,-1,-1
214,32,534,35,300,484,1,-1,-1,-1
214,35,1027,56,280,224,1,-1,-1,-1
214,37,1528,72,376,296,1,-1,-1,-1
214,38,1210,4,132,128,1,-1,-1,-1
214,39,1628,262,520,576,1,-1,-1,-1
214,40,432,55,288,408,1,-1,-1,-1
214,44,798,490,1699,930,1,-1,-1,-1
214,45,709,20,106,159,1,-1,-1,-1
214,47,605,206,1028,1092,1,-1,-1,-1
214,48,1435,0,162,85,1,-1,-1,-1
214,49,261,156,164,278,1,-1,-1,-1
214,51,1698,3,216,100,1,-1,-1,-1
214,52,722,267,584,420,1,-1,-1,-1
214,53,175,212,216,404,1,-1,-1,-1
214,54,1469,0,176,151,1,-1,-1,-1
215,0,1711,16,187,145,1,-1,-1,-1
215,2,36,272,232,496,1,-1,-1,-1
215,4,1545,66,368,228,1,-1,-1,-1
215,6,594,35,240,456,1,-1,-1,-1
215,10,2219,78,164,328,1,-1,-1,-1
215,17,1431,0,152,159,1,-1,-1,-1
215,20,1066,238,583,339,1,-1,-1,-1
215,26,523,62,168,236,1,-1,-1,-1
215,30,453,156,112,224,1,-1,-1,-1
215,32,535,36,300,484,1,-1,-1,-1
215,35,1027,56,280,224,1,-1,-1,-1
215,37,1529,71,376,296,1,-1,-1,-1
215,38,1210,4,132,128,1,-1,-1,-1
215,39,1627,263,520,576,1,-1,-1,-1
215,40,432,55,288,408,1,-1,-1,-1
215,44,800,502,1699,930,1,-1,-1,-1
215,45,710,21,106,159,1,-1,-1,-1
215,47,612,205,1028,1092,1,-1,-1,-1
215,48,1434,0,162,85,1,-1,-1,-1
215,49,256,152,172,292,1,-1,-1,-1
215,51,1703,4,216,100,1,-1,-1,-1
215,52,721,265,584,420,1,-1,-1,-1
215,53,170,211,216,404,1,-1,-1,-1
215,54,1468,0,176,151,1,-1,-1,-1
216,0,1714,16,187,145,1,-1,-1,-1
216,2,31,278,232,496,1,-1,-1,-1
216,4,1543,64,368,228,1,-1,-1,-1
216,6,594,34,240,456,1,-1,-1,-1
216,10,2218,78,164,328,1,-1,-1,-1
216,17,1430,0,152,159,1,-1,-1,-1
216,20,1066,237,583,339,1,-1,-1,-1
216,26,522,62,168,236,1,-1,-1,-1
216,30,455,157,112,224,1,-1,-1,-1
216,32,536,36,300,484,1,-1,-1,-1
216,35,1028,56,280,224,1,-1,-1,-1
216,37,1531,69,376,296,1,-1,-1,-1
216,38,1210,3,132,128,1,-1,-1,-1
216,39,1628,262,520,576,1,-1,-1,-1
216,40,434,56,288,408,1,-1,-1,-1
216,44,802,500,1699,930,1,-1,-1,-1
216,45,711,23,106,159,1,-1,-1,-1
216,47,601,205,1028,1092,1,-1,-1,-1
216,48,1436,0,155,83,1,-1,-1,-1
216,51,1713,3,216,100,1,-1,-1,-1
216,52,718,265,584,420,1,-1,-1,-1
216,53,172,214,206,385,1,-1,-1,-1
216,54,1468,0,176,151,1,-1,-1,-1
217,0,1714,16,187,145,1,-1,-1,-1
217,2,12,308,264,500,1,-1,-1,-1
217,4,1548,72,364,220,1,-1,-1,-1
217,6,594,34,240,456,1,-1,-1,-1
217,10,2220,80,160,328,1,-1,-1,-1
217,17,1440,0,136,160,1,-1,-1,-1
217,20,1048,244,600,348,1,-1,-1,-1
217,26,522,62,168,236,1,-1,-1,-1
217,30,455,157,112,224,1,-1,-1,-1
217,32,536,40,292,480,1,-1,-1,-1
217,35,1020,48,288,232,1,-1,-1,-1
217,37,1531,69,376,296,1,-1,-1,-1
217,38,1212,4,140,120,1,-1,-1,-1
217,39,1592,244,556,600,1,-1,-1,-1
217,40,434,56,288,408,1,-1,-1,-1
217,44,802,500,1699,930,1,-1,-1,-1
217,45,711,23,106,159,1,-1,-1,-1
217,47,744,452,844,824,1,-1,-1,-1
217,48,1436,0,155,83,1,-1,-1,-1
217,51,1720,0,204,104,1,-1,-1,-1
217,52,716,268,588,412,1,-1,-1,-1
217,53,172,214,206,385,1,-1,-1,-1
217,54,1468,0,176,151,1,-1,-1,-1
217,56,204,260,292,380,1,-1,-1,-1
217,57,176,212,212,236,1,-1,-1,-1
217,58,452,148,108,188,1,-1,-1,-1
217,59,84,836,612,588,1,-1,-1,-1
218,0,1716,16,187,145,1,-1,-1,-1
218,2,12,308,264,500,1,-1,-1,-1
218,4,1548,72,364,220,1,-1,-1,-1
218,6,593,35,240,456,1,-1,-1,-1
218,10,2220,79,160,328,1,-1,-1,-1
218,17,1440,0,136,160,1,-1,-1,-1
218,20,1045,240,600,348,1,-1,-1,-1
218,26,522,63,168,236,1,-1,-1,-1
218,30,456,157,112,224,1,-1,-1,-1
218,32,536,40,292,480,1,-1,-1,-1
218,35,1020,48,288,232,1,-1,-1,-1
218,37,1531,66,376,296,1,-1,-1,-1
218,38,1212,4,140,120,1,-1,-1,-1
218,39,1592,245,556,600,1,-1,-1,-1
218,40,435,55,288,408,1,-1,-1,-1
218,44,797,501,1699,930,1,-1,-1,-1
218,45,713,23,106,159,1,-1,-1,-1
218,47,744,453,844,824,1,-1,-1,-1
218,48,1436,0,155,83,1,-1,-1,-1
218,51,1723,0,204,103,1,-1,-1,-1
218,52,716,269,588,412,1,-1,-1,-1
218,53,165,203,216,404,1,-1,-1,-1
218,54,1468,0,176,150,1,-1,-1,-1
218,56,204,261,292,380,1,-1,-1,-1
218,57,176,212,212,236,1,-1,-1,-1
218,58,453,148,108,188,1,-1,-1,-1
218,59,84,837,612,588,1,-1,-1,-1
219,0,1715,16,187,145,1,-1,-1,-1
219,2,9,310,264,500,1,-1,-1,-1
219,4,1548,73,364,220,1,-1,-1,-1
219,6,593,36,240,456,1,-1,-1,-1
219,10,2220,80,160,328,1,-1,-1,-1
219,17,1440,0,136,159,1,-1,-1,-1
219,20,1041,232,600,348,1,-1,-1,-1
219,26,522,63,168,236,1,-1,-1,-1
219,30,456,156,112,224,1,-1,-1,-1
219,32,536,40,292,480,1,-1,-1,-1
219,35,1020,46,288,232,1,-1,-1,-1
219,37,1530,68,376,296,1,-1,-1,-1
219,38,1212,4,140,120,1,-1,-1,-1
219,39,1590,250,556,600,1,-1,-1,-1
219,40,434,55,288,408,1,-1,-1,-1
219,44,801,505,1699,930,1,-1,-1,-1
219,45,713,22,106,159,1,-1,-1,-1
219,47,741,447,844,824,1,-1,-1,-1
219,48,1436,0,155,83,1,-1,-1,-1
219,51,1733,0,204,103,1,-1,-1,-1
219,52,715,251,588,412,1,-1,-1,-1
219,53,162,206,216,404,1,-1,-1,-1
219,54,1465,0,176,150,1,-1,-1,-1
219,56,203,260,292,380,1,-1,-1,-1
219,57,177,212,212,236,1,-1,-1,-1
219,58,453,148,108,188,1,-1,-1,-1
219,59,81,836,612,588,1,-1,-1,-1
220,0,1715,15,187,145,1,-1,-1,-1
220,2,6,314,264,500,1,-1,-1,-1
220,4,1548,73,364,220,1,-1,-1,-1
220,6,593,37,240,456,1,-1,-1,-1
220,10,2220,81,160,328,1,-1,-1,-1
220,17,1440,0,136,159,1,-1,-1,-1
220,20,1030,227,600,348,1,-1,-1,-1
220,26,522,62,168,236,1,-1,-1,-1
220,30,456,155,112,224,1,-1,-1,-1
220,32,536,40,292,480,1,-1,-1,-1
220,35,1020,44,288,232,1,-1,-1,-1
220,37,1529,67,376,296,1,-1,-1,-1
220,38,1211,3,140,120,1,-1,-1,-1
220,39,1587,243,556,600,1,-1,-1,-1
220,40,436,55,288,408,1,-1,-1,-1
220,44,802,509,1699,930,1,-1,-1,-1
220,47,745,447,844,824,1,-1,-1,-1
220,48,1437,0,155,83,1,-1,-1,-1
220,51,1736,0,204,101,1,-1,-1,-1
220,52,716,243,588,412,1,-1,-1,-1
220,53,165,217,206,385,1,-1,-1,-1
220,54,1465,0,176,151,1,-1,-1,-1
220,56,203,260,292,380,1,-1,-1,-1
220,57,177,213,212,236,1,-1,-1,-1
220,58,453,147,108,188,1,-1,-1,-1
220,59,83,838,612,588,1,-1,-1,-1
221,0,1710,16,187,145,1,-1,-1,-1
221,2,5,315,264,500,1,-1,-1,-1
221,4,1548,73,364,220,1,-1,-1,-1
221,6,594,37,240,456,1,-1,-1,-1
221,10,2220,81,160,328,1,-1,-1,-1
221,17,1440,0,136,159,1,-1,-1,-1
221,20,1024,226,600,348,1,-1,-1,-1
221,26,522,62,168,236,1,-1,-1,-1
221,30,456,156,112,224,1,-1,-1,-1
221,32,536,39,292,480,1,-1,-1,-1
221,35,1021,42,288,232,1,-1,-1,-1
221,37,1526,65,376,296,1,-1,-1,-1
221,38,1211,2,140,120,1,-1,-1,-1
221,39,1583,244,556,600,1,-1,-1,-1
221,40,437,57,288,408,1,-1,-1,-1
221,44,796,506,1699,930,1,-1,-1,-1
221,47,750,446,844,824,1,-1,-1,-1
221,48,1435,0,155,84,1,-1,-1,-1
221,51,1744,0,194,99,1,-1,-1,-1
221,52,719,238,588,412,1,-1,-1,-1
221,53,166,214,206,385,1,-1,-1,-1
221,54,1464,0,176,152,1,-1,-1,-1
221,56,202,262,292,380,1,-1,-1,-1
221,57,177,213,212,236,1,-1,-1,-1
221,58,453,148,108,188,1,-1,-1,-1
221,59,84,841,612,588,1,-1,-1,-1
222,0,1718,18,178,138,1,-1,-1,-1
222,2,4,317,264,500,1,-1,-1,-1
222,4,1547,72,364,220,1,-1,-1,-1
222,6,593,37,240,456,1,-1,-1,-1
222,10,2220,81,160,328,1,-1,-1,-1
222,17,1440,0,136,159,1,-1,-1,-1
222,20,1030,225,600,348,1,-1,-1,-1
222,26,522,62,168,236,1,-1,-1,-1
222,30,455,156,112,224,1,-1,-1,-1
222,32,535,41,292,480,1,-1,-1,-1
222,35,1022,47,288,232,1,-1,-1,-1
222,37,1524,64,376,296,1,-1,-1,-1
222,38,1211,2,140,120,1,-1,-1,-1
222,39,1584,245,556,600,1,-1,-1,-1
222,40,434,54,288,408,1,-1,-1,-1
222,44,801,501,1699,930,1,-1,-1,-1
222,47,756,447,844,824,1,-1,-1,-1
222,48,1435,0,155,83,1,-1,-1,-1
222,51,1742,0,204,103,1,-1,-1,-1
222,52,742,244,560,392,1,-1,-1,-1
222,53,164,215,206,385,1,-1,-1,-1
222,54,1468,0,176,151,1,-1,-1,-1
222,56,200,261,292,380,1,-1,-1,-1
222,57,177,212,212,236,1,-1,-1,-1
222,58,453,148,108,188,1,-1,-1,-1
222,59,85,842,612,588,1,-1,-1,-1
223,0,1721,17,178,138,1,-1,-1,-1
223,2,3,315,264,500,1,-1,-1,-1
223,4,1546,72,364,220,1,-1,-1,-1
223,6,594,38,240,456,1,-1,-1,-1
223,10,2220,81,160,328,1,-1,-1,-1
223,17,1439,0,136,159,1,-1,-1,-1
223,20,1034,227,600,348,1,-1,-1,-1
223,26,522,62,168,236,1,-1,-1,-1
223,30,455,155,112,224,1,-1,-1,-1
223,32,533,40,292,480,1,-1,-1,-1
223,35,1022,49,288,232,1,-1,-1,-1
223,37,1528,64,376,296,1,-1,-1,-1
223,38,1211,2,140,120,1,-1,-1,-1
223,39,1582,247,556,600,1,-1,-1,-1
223,40,433,55,288,408,1,-1,-1,-1
223,44,803,495,1699,930,1,-1,-1,-1
223,47,754,445,844,824,1,-1,-1,-1
223,48,1435,0,155,82,1,-1,-1,-1
223,51,1742,0,204,103,1,-1,-1,-1
223,52,743,244,560,392,1,-1,-1,-1
223,53,165,212,206,385,1,-1,-1,-1
223,54,1469,0,176,152,1,-1,-1,-1
223,56,201,261,292,380,1,-1,-1,-1
223,57,177,212,212,236,1,-1,-1,-1
223,58,453,148,108,188,1,-1,-1,-1
223,59,83,842,612,588,1,-1,-1,-1
224,0,1719,19,178,138,1,-1,-1,-1
224,2,1,317,264,500,1,-1,-1,-1
224,4,1548,73,364,220,1,-1,-1,-1
224,6,593,38,240,456,1,-1,-1,-1
224,10,2220,80,160,328,1,-1,-1,-1
224,17,1439,0,136,159,1,-1,-1,-1
224,20,1037,227,600,348,1,-1,-1,-1
224,26,522,63,168,236,1,-1,-1,-1
224,30,456,155,112,224,1,-1,-1,-1
224,32,533,40,292,480,1,-1,-1,-1
224,35,1021,50,288,232,1,-1,-1,-1
224,37,1525,66,376,296,1,-1,-1,-1
224,38,1211,2,140,120,1,-1,-1,-1
224,39,1583,245,556,600,1,-1,-1,-1
224,40,433,55,288,408,1,-1,-1,-1
224,44,807,507,1699,930,1,-1,-1,-1
224,47,753,451,844,824,1,-1,-1,-1
224,48,1434,0,155,82,1,-1,-1,-1
224,51,1745,0,204,104,1,-1,-1,-1
224,52,727,243,560,392,1,-1,-1,-1
224,53,160,205,216,404,1,-1,-1,-1
224,54,1470,0,176,151,1,-1,-1,-1
224,56,201,261,292,380,1,-1,-1,-1
224,57,177,211,212,236,1,-1,-1,-1
224,58,453,148,108,188,1,-1,-1,-1
224,59,85,841,612,588,1,-1,-1,-1
225,0,1719,19,178,138,1,-1,-1,-1
225,2,0,328,276,480,1,-1,-1,-1
225,4,1544,76,372,220,1,-1,-1,-1
225,6,593,38,240,456,1,-1,-1,-1
225,10,2228,100,156,308,1,-1,-1,-1
225,17,1420,0,152,164,1,-1,-1,-1
225,20,1037,227,600,348,1,-1,-1,-1
225,26,522,63,168,236,1,-1,-1,-1
225,30,456,155,112,224,1,-1,-1,-1
225,32,524,48,300,472,1,-1,-1,-1
225,35,1056,48,264,208,1,-1,-1,-1
225,37,1525,66,376,296,1,-1,-1,-1
225,38,1208,4,136,116,1,-1,-1,-1
225,39,1584,236,556,608,1,-1,-1,-1
225,44,636,416,1868,1008,1,-1,-1,-1
225,47,640,424,968,868,1,-1,-1,-1
225,48,1434,0,155,82,1,-1,-1,-1
225,51,1748,0,196,120,1,-1,-1,-1
225,52,660,124,560,680,1,-1,-1,-1
225,53,160,205,216,404,1,-1,-1,-1
225,54,1470,0,176,151,1,-1,-1,-1
225,56,212,268,292,380,1,-1,-1,-1
225,57,172,152,196,372,1,-1,-1,-1
225,58,452,148,112,192,1,-1,-1,-1
225,59,84,836,620,588,1,-1,-1,-1
225,60,1188,240,460,376,1,-1,-1,-1
225,61,1300,1016,1208,412,1,-1,-1,-1
226,0,1713,20,178,138,1,-1,-1,-1
226,2,0,327,276,480,1,-1,-1,-1
226,4,1544,76,372,220,1,-1,-1,-1
226,6,589,38,240,456,1,-1,-1,-1
226,10,2228,100,156,308,1,-1,-1,-1
226,17,1420,0,152,164,1,-1,-1,-1
226,20,983,215,630,365,1,-1,-1,-1
226,26,520,65,168,236,1,-1,-1,-1
226,30,456,155,112,224,1,-1,-1,-1
226,32,523,48,300,472,1,-1,-1,-1
226,35,1053,44,264,208,1,-1,-1,-1
226,37,1526,64,376,296,1,-1,-1,-1
226,38,1208,4,136,116,1,-1,-1,-1
226,39,1585,236,556,608,1,-1,-1,-1
226,44,633,417,1868,1008,1,-1,-1,-1
226,47,633,425,968,868,1,-1,-1,-1
226,48,1432,0,155,84,1,-1,-1,-1
226,51,1749,1,196,120,1,-1,-1,-1
226,52,650,125,560,680,1,-1,-1,-1
226,53,161,205,216,404,1,-1,-1,-1
226,54,1468,0,176,151,1,-1,-1,-1
226,56,211,267,292,380,1,-1,-1,-1
226,57,171,152,196,372,1,-1,-1,-1
226,58,452,149,112,192,1,-1,-1,-1
226,59,84,837,620,588,1,-1,-1,-1
226,60,1183,240,460,376,1,-1,-1,-1
226,61,1299,1015,1208,412,1,-1,-1,-1
227,0,1718,21,178,138,1,-1,-1,-1
227,2,0,328,276,480,1,-1,-1,-1
227,4,1544,76,372,220,1,-1,-1,-1
227,6,588,37,240,456,1,-1,-1,-1
227,10,2228,100,156,308,1,-1,-1,-1
227,17,1419,0,152,164,1,-1,-1,-1
227,20,981,219,630,365,1,-1,-1,-1
227,26,520,65,168,236,1,-1,-1,-1
227,30,455,155,112,224,1,-1,-1,-1
227,32,523,49,300,472,1,-1,-1,-1
227,35,1038,33,277,218,1,-1,-1,-1
227,37,1523,63,376,296,1,-1,-1,-1
227,38,1209,4,136,116,1,-1,-1,-1
227,39,1583,236,556,608,1,-1,-1,-1
227,44,633,421,1868,1008,1,-1,-1,-1
227,47,624,424,968,868,1,-1,-1,-1
227,48,1433,0,155,84,1,-1,-1,-1
227,51,1751,1,196,120,1,-1,-1,-1
227,52,643,126,560,680,1,-1,-1,-1
227,53,163,202,216,404,1,-1,-1,-1
227,54,1468,0,176,150,1,-1,-1,-1
227,56,212,266,292,380,1,-1,-1,-1
227,57,171,152,196,372,1,-1,-1,-1
227,58,452,148,112,192,1,-1,-1,-1
227,59,83,837,620,588,1,-1,-1,-1
227,60,1179,241,460,376,1,-1,-1,-1
227,61,1298,1015,1208,412,1,-1,-1,-1
228,0,1717,22,178,138,1,-1,-1,-1
228,2,1,328,276,480,1,-1,-1,-1
228,4,1546,78,372,220,1,-1,-1,-1
228,6,589,36,240,456,1,-1,-1,-1
228,10,2228,101,156,308,1,-1,-1,-1
228,17,1418,0,152,164,1,-1,-1,-1
228,20,978,222,630,365,1,-1,-1,-1
228,26,520,65,168,236,1,-1,-1,-1
228,30,457,156,112,224,1,-1,-1,-1
228,32,523,47,300,472,1,-1,-1,-1
228,35,1019,10,277,218,1,-1,-1,-1
228,37,1524,65,376,296,1,-1,-1,-1
228,38,1210,2,136,116,1,-1,-1,-1
228,39,1585,240,556,608,1,-1,-1,-1
228,44,627,423,1868,1008,1,-1,-1,-1
228,47,616,424,968,868,1,-1,-1,-1
228,48,1433,0,155,84,1,-1,-1,-1
228,51,1754,2,196,120,1,-1,-1,-1
228,52,629,122,560,680,1,-1,-1,-1
228,53,166,199,216,404,1,-1,-1,-1
228,54,1468,0,176,150,1,-1,-1,-1
228,56,214,266,292,380,1,-1,-1,-1
228,57,172,150,196,372,1,-1,-1,-1
228,58,453,148,112,192,1,-1,-1,-1
228,59,82,838,620,588,1,-1,-1,-1
228,60,1174,242,460,376,1,-1,-1,-1
228,61,1297,1017,1208,412,1,-1,-1,-1
229,2,1,327,276,480,1,-1,-1,-1
229,4,1547,79,372,220,1,-1,-1,-1
229,6,594,48,229,434,1,-1,-1,-1
229,10,2228,101,156,308,1,-1,-1,-1
229,17,1418,0,152,163,1,-1,-1,-1
229,20,978,223,630,365,1,-1,-1,-1
229,26,521,65,168,236,1,-1,-1,-1
229,30,456,156,112,224,1,-1,-1,-1
229,32,524,47,300,472,1,-1,-1,-1
229,35,1022,12,277,218,1,-1,-1,-1
229,37,1532,72,358,282,1,-1,-1,-1
229,38,1210,2,136,116,1,-1,-1,-1
229,39,1586,236,556,608,1,-1,-1,-1
229,44,614,424,1868,1008,1,-1,-1,-1
229,47,611,421,968,868,1,-1,-1,-1
229,48,1432,0,155,85,1,-1,-1,-1
229,51,1755,1,196,120,1,-1,-1,-1
229,52,629,125,560,680,1,-1,-1,-1
229,53,168,203,216,404,1,-1,-1,-1
229,54,1468,0,176,151,1,-1,-1,-1
229,56,214,265,292,380,1,-1,-1,-1
229,57,172,150,196,372,1,-1,-1,-1
229,58,453,147,112,192,1,-1,-1,-1
229,59,81,839,620,588,1,-1,-1,-1
229,60,1172,243,460,376,1,-1,-1,-1
229,61,1295,1017,1208,412,1,-1,-1,-1
230,2,1,327,276,480,1,-1,-1,-1
230,4,1547,82,372,220,1,-1,-1,-1
230,6,595,47,229,434,1,-1,-1,-1
230,10,2229,103,156,308,1,-1,-1,-1
230,17,1417,0,152,163,1,-1,-1,-1
230,20,987,233,600,348,1,-1,-1,-1
230,26,521,65,168,236,1,-1,-1,-1
230,30,456,155,112,224,1,-1,-1,-1
230,32,524,46,300,472,1,-1,-1,-1
230,35,1020,12,277,218,1,-1,-1,-1
230,37,1536,75,358,282,1,-1,-1,-1
230,38,1210,0,136,115,1,-1,-1,-1
230,39,1583,240,556,608,1,-1,-1,-1
230,44,618,428,1868,1008,1,-1,-1,-1
230,47,606,422,968,868,1,-1,-1,-1
230,48,1433,0,155,84,1,-1,-1,-1
230,51,1756,1,196,120,1,-1,-1,-1
230,52,626,125,560,680,1,-1,-1,-1
230,53,169,204,216,404,1,-1,-1,-1
230,54,1468,0,176,150,1,-1,-1,-1
230,56,214,265,292,380,1,-1,-1,-1
230,57,173,150,196,372,1,-1,-1,-1
230,58,453,147,112,192,1,-1,-1,-1
230,59,82,838,620,588,1,-1,-1,-1
230,60,1170,244,460,376,1,-1,-1,-1
230,61,1296,1018,1208,412,1,-1,-1,-1
231,2,1,327,276,480,1,-1,-1,-1
231,4,1548,82,372,220,1,-1,-1,-1
231,6,595,50,229,434,1,-1,-1,-1
231,10,2229,103,156,308,1,-1,-1,-1
231,17,1413,0,160,167,1,-1,-1,-1
231,20,985,235,600,348,1,-1,-1,-1
231,26,521,64,168,236,1,-1,-1,-1
231,30,456,154,112,224,1,-1,-1,-1
231,32,524,47,300,472,1,-1,-1,-1
231,35,1015,1,291,229,1,-1,-1,-1
231,37,1540,76,358,282,1,-1,-1,-1
231,38,1211,0,136,114,1,-1,-1,-1
231,39,1584,242,556,608,1,-1,-1,-1
231,44,620,424,1868,1008,1,-1,-1,-1
231,47,606,424,968,868,1,-1,-1,-1
231,48,1433,0,155,84,1,-1,-1,-1
231,51,1755,1,196,120,1,-1,-1,-1
231,52,626,124,560,680,1,-1,-1,-1
231,53,172,205,216,404,1,-1,-1,-1
231,54,1468,0,176,150,1,-1,-1,-1
231,56,216,267,292,380,1,-1,-1,-1
231,57,173,150,196,372,1,-1,-1,-1
231,58,454,147,112,192,1,-1,-1,-1
231,59,82,838,620,588,1,-1,-1,-1
231,60,1167,243,460,376,1,-1,-1,-1
231,61,1294,1018,1208,412,1,-1,-1,-1
232,2,1,327,276,480,1,-1,-1,-1
232,4,1551,82,372,220,1,-1,-1,-1
232,6,594,50,229,434,1,-1,-1,-1
232,10,2229,102,156,308,1,-1,-1,-1
232,17,1419,0,152,162,1,-1,-1,-1
232,20,981,233,600,348,1,-1,-1,-1
232,26,520,64,168,236,1,-1,-1,-1
232,30,455,154,112,224,1,-1,-1,-1
232,32,523,46,300,472,1,-1,-1,-1
232,35,1005,1,306,241,1,-1,-1,-1
232,37,1535,67,376,296,1,-1,-1,-1
232,38,1210,0,136,114,1,-1,-1,-1
232,39,1584,246,556,608,1,-1,-1,-1
232,44,622,425,1868,1008,1,-1,-1,-1
232,47,603,425,968,868,1,-1,-1,-1
232,48,1432,0,155,84,1,-1,-1,-1
232,51,1756,1,196,120,1,-1,-1,-1
232,52,623,123,560,680,1,-1,-1,-1
232,53,175,207,216,404,1,-1,-1,-1
232,54,1469,0,176,149,1,-1,-1,-1
232,56,213,267,292,380,1,-1,-1,-1
232,57,175,151,196,372,1,-1,-1,-1
232,58,455,147,112,192,1,-1,-1,-1
232,59,81,836,620,588,1,-1,-1,-1
232,60,1157,231,483,395,1,-1,-1,-1
232,61,1293,1019,1208,412,1,-1,-1,-1
233,2,0,332,280,476,1,-1,-1,-1
233,4,1560,60,348,248,1,-1,-1,-1
233,6,596,48,224,428,1,-1,-1,-1
233,10,2228,96,160,312,1,-1,-1,-1
233,17,1444,0,124,164,1,-1,-1,-1
233,20,981,233,600,348,1,-1,-1,-1
233,26,520,72,140,240,1,-1,-1,-1
233,30,455,154,112,224,1,-1,-1,-1
233,32,523,46,300,472,1,-1,-1,-1
233,35,1005,1,306,241,1,-1,-1,-1
233,37,1535,67,376,296,1,-1,-1,-1
233,38,1210,0,136,114,1,-1,-1,-1
233,39,1568,268,584,580,1,-1,-1,-1
233,44,622,425,1868,1008,1,-1,-1,-1
233,47,596,416,996,864,1,-1,-1,-1
233,48,1432,0,155,84,1,-1,-1,-1
233,51,1764,0,184,100,1,-1,-1,-1
233,52,623,123,560,680,1,-1,-1,-1
233,53,172,200,208,392,1,-1,-1,-1
233,54,1469,0,176,149,1,-1,-1,-1
233,56,213,267,292,380,1,-1,-1,-1
233,57,175,151,196,372,1,-1,-1,-1
233,58,455,147,112,192,1,-1,-1,-1
233,59,81,836,620,588,1,-1,-1,-1
233,60,1168,244,444,368,1,-1,-1,-1
233,61,1293,1019,1208,412,1,-1,-1,-1
233,62,272,264,256,324,1,-1,-1,-1
233,63,1132,4,220,256,1,-1,-1,-1
234,2,0,332,280,476,1,-1,-1,-1
234,4,1562,57,348,248,1,-1,-1,-1
234,6,600,50,224,428,1,-1,-1,-1
234,10,2227,96,160,312,1,-1,-1,-1
234,17,1444,0,124,164,1,-1,-1,-1
234,20,977,234,600,348,1,-1,-1,-1
234,26,522,71,140,240,1,-1,-1,-1
234,30,455,153,112,224,1,-1,-1,-1
234,32,528,50,300,472,1,-1,-1,-1
234,35,1037,29,291,229,1,-1,-1,-1
234,37,1540,65,376,296,1,-1,-1,-1
234,38,1209,0,136,114,1,-1,-1,-1
234,39,1569,268,584,580,1,-1,-1,-1
234,44,618,421,1868,1008,1,-1,-1,-1
234,47,591,415,996,864,1,-1,-1,-1
234,48,1433,0,155,84,1,-1,-1,-1
234,51,1764,0,184,100,1,-1,-1,-1
234,52,620,125,560,680,1,-1,-1,-1
234,53,177,199,208,392,1,-1,-1,-1
234,54,1456,0,176,149,1,-1,-1,-1
234,56,216,265,292,380,1,-1,-1,-1
234,57,172,150,196,372,1,-1,-1,-1
234,58,455,147,112,192,1,-1,-1,-1
234,59,71,818,620,588,1,-1,-1,-1
234,60,1167,245,444,368,1,-1,-1,-1
234,61,1291,1021,1208,412,1,-1,-1,-1
234,62,283,261,256,324,1,-1,-1,-1
234,63,1130,4,220,256,1,-1,-1,-1
235,2,1,333,280,476,1,-1,-1,-1
235,4,1563,56,348,248,1,-1,-1,-1
235,6,602,51,224,428,1,-1,-1,-1
235,10,2228,96,160,312,1,-1,-1,-1
235,17,1445,0,124,163,1,-1,-1,-1
235,20,978,234,600,348,1,-1,-1,-1
235,26,523,71,140,240,1,-1,-1,-1
235,30,454,153,112,224,1,-1,-1,-1
235,32,530,50,300,472,1,-1,-1,-1
235,35,1048,33,277,218,1,-1,-1,-1
235,37,1540,65,376,296,1,-1,-1,-1
235,38,1209,0,136,115,1,-1,-1,-1
235,39,1569,268,584,580,1,-1,-1,-1
235,44,571,394,1961,1046,1,-1,-1,-1
235,47,588,415,996,864,1,-1,-1,-1
235,48,1432,0,155,84,1,-1,-1,-1
235,51,1764,0,184,100,1,-1,-1,-1
235,52,618,123,560,680,1,-1,-1,-1
235,53,180,198,208,392,1,-1,-1,-1
235,54,1453,0,176,149,1,-1,-1,-1
235,56,216,267,292,380,1,-1,-1,-1
235,57,170,149,196,372,1,-1,-1,-1
235,58,455,147,112,192,1,-1,-1,-1
235,59,71,810,620,588,1,-1,-1,-1
235,60,1165,244,444,368,1,-1,-1,-1
235,61,1292,1020,1208,412,1,-1,-1,-1
235,62,287,259,256,324,1,-1,-1,-1
235,63,1130,3,220,256,1,-1,-1,-1
236,2,1,330,280,476,1,-1,-1,-1
236,4,1565,55,348,248,1,-1,-1,-1
236,6,604,55,224,428,1,-1,-1,-1
236,10,2230,97,160,312,1,-1,-1,-1
236,17,1445,0,124,163,1,-1,-1,-1
236,20,978,233,600,348,1,-1,-1,-1
236,26,523,71,140,240,1,-1,-1,-1
236,30,455,153,112,224,1,-1,-1,-1
236,32,530,52,300,472,1,-1,-1,-1
236,35,1047,35,277,218,1,-1,-1,-1
236,37,1543,64,376,296,1,-1,-1,-1
236,38,1208,0,136,114,1,-1,-1,-1
236,39,1569,269,584,580,1,-1,-1,-1
236,44,572,390,1961,1050,1,-1,-1,-1
236,47,587,412,996,864,1,-1,-1,-1
236,48,1432,0,155,83,1,-1,-1,-1
236,51,1764,0,184,100,1,-1,-1,-1
236,52,616,122,560,680,1,-1,-1,-1
236,53,182,196,208,392,1,-1,-1,-1
236,54,1453,0,176,149,1,-1,-1,-1
236,56,212,255,307,399,1,-1,-1,-1
236,57,168,147,196,372,1,-1,-1,-1
236,58,454,147,112,192,1,-1,-1,-1
236,59,72,790,620,588,1,-1,-1,-1
236,60,1165,246,444,368,1,-1,-1,-1
236,61,1291,1018,1208,412,1,-1,-1,-1
236,62,294,257,256,324,1,-1,-1,-1
236,63,1130,4,220,256,1,-1,-1,-1
237,2,0,330,280,476,1,-1,-1,-1
237,4,1567,54,348,248,1,-1,-1,-1
237,6,603,57,224,428,1,-1,-1,-1
237,10,2230,97,160,312,1,-1,-1,-1
237,17,1444,0,124,162,1,-1,-1,-1
237,20,973,231,600,348,1,-1,-1,-1
237,26,523,72,140,240,1,-1,-1,-1
237,30,456,152,112,224,1,-1,-1,-1
237,32,528,53,300,472,1,-1,-1,-1
237,35,1049,40,277,218,1,-1,-1,-1
237,37,1545,64,376,296,1,-1,-1,-1
237,38,1211,0,136,114,1,-1,-1,-1
237,39,1570,268,584,580,1,-1,-1,-1
237,44,569,383,1961,1057,1,-1,-1,-1
237,47,614,431,949,823,1,-1,-1,-1
237,48,1433,0,155,83,1,-1,-1,-1
237,51,1763,0,184,100,1,-1,-1,-1
237,52,617,122,560,680,1,-1,-1,-1
237,53,182,197,208,392,1,-1,-1,-1
237,54,1451,0,176,149,1,-1,-1,-1
237,56,208,250,307,399,1,-1,-1,-1
237,57,165,147,196,372,1,-1,-1,-1
237,58,454,146,112,192,1,-1,-1,-1
237,59,85,756,651,617,1,-1,-1,-1
237,60,1164,247,444,368,1,-1,-1,-1
237,61,1288,1017,1208,412,1,-1,-1,-1
237,62,303,255,256,324,1,-1,-1,-1
237,63,1130,4,220,256,1,-1,-1,-1
238,2,0,331,278,476,1,-1,-1,-1
238,4,1568,54,348,248,1,-1,-1,-1
238,6,601,56,224,428,1,-1,-1,-1
238,10,2230,98,160,312,1,-1,-1,-1
238,17,1444,0,124,163,1,-1,-1,-1
238,20,961,221,630,365,1,-1,-1,-1
238,26,522,72,140,240,1,-1,-1,-1
238,30,456,151,112,224,1,-1,-1,-1
238,32,524,54,300,472,1,-1,-1,-1
238,35,1049,35,277,218,1,-1,-1,-1
238,37,1546,63,376,296,1,-1,-1,-1
238,38,1211,0,136,114,1,-1,-1,-1
238,39,1569,269,584,580,1,-1,-1,-1
238,44,573,390,1961,1050,1,-1,-1,-1
238,47,620,429,949,823,1,-1,-1,-1
238,48,1433,0,155,83,1,-1,-1,-1
238,51,1763,0,184,100,1,-1,-1,-1
238,52,619,121,560,680,1,-1,-1,-1
238,53,180,198,208,392,1,-1,-1,-1
238,54,1449,0,176,148,1,-1,-1,-1
238,56,157,224,307,399,1,-1,-1,-1
238,57,163,145,196,372,1,-1,-1,-1
238,58,453,146,112,192,1,-1,-1,-1
238,59,133,740,651,617,1,-1,-1,-1
238,60,1164,245,444,368,1,-1,-1,-1
238,61,1288,1013,1208,412,1,-1,-1,-1
238,62,314,252,256,324,1,-1,-1,-1
238,63,1130,5,220,256,1,-1,-1,-1
239,2,0,331,278,476,1,-1,-1,-1
239,4,1568,54,348,248,1,-1,-1,-1
239,6,602,55,224,428,1,-1,-1,-1
239,10,2227,97,160,312,1,-1,-1,-1
239,17,1445,0,124,163,1,-1,-1,-1
239,20,966,223,630,365,1,-1,-1,-1
239,26,523,70,140,240,1,-1,-1,-1
239,30,453,146,112,224,1,-1,-1,-1
239,32,524,53,300,472,1,-1,-1,-1
239,35,1059,43,264,208,1,-1,-1,-1
239,37,1543,64,376,296,1,-1,-1,-1
239,38,1211,0,136,114,1,-1,-1,-1
239,39,1568,268,584,580,1,-1,-1,-1
239,44,581,387,1961,1053,1,-1,-1,-1
239,47,620,428,949,823,1,-1,-1,-1
239,48,1432,0,155,82,1,-1,-1,-1
239,51,1762,0,184,100,1,-1,-1,-1
239,52,619,117,560,680,1,-1,-1,-1
239,53,179,199,208,392,1,-1,-1,-1
239,54,1452,0,168,144,1,-1,-1,-1
239,56,161,237,292,380,1,-1,-1,-1
239,57,161,147,196,372,1,-1,-1,-1
239,58,453,146,112,192,1,-1,-1,-1
239,59,168,665,684,648,1,-1,-1,-1
239,60,1167,246,444,368,1,-1,-1,-1
239,61,1254,1004,1268,433,1,-1,-1,-1
239,62,366,220,256,324,1,-1,-1,-1
239,63,1131,5,220,256,1,-1,-1,-1
240,2,0,331,277,476,1,-1,-1,-1
240,4,1570,55,348,248,1,-1,-1,-1
240,6,603,51,224,428,1,-1,-1,-1
240,10,2228,98,160,312,1,-1,-1,-1
240,17,1444,0,124,164,1,-1,-1,-1
240,20,970,219,630,365,1,-1,-1,-1
240,26,523,70,140,240,1,-1,-1,-1
240,30,453,142,112,224,1,-1,-1,-1
240,32,522,57,300,472,1,-1,-1,-1
240,35,1059,43,264,208,1,-1,-1,-1
240,37,1547,69,376,296,1,-1,-1,-1
240,38,1212,0,136,113,1,-1,-1,-1
240,39,1570,269,584,580,1,-1,-1,-1
240,44,581,386,1961,1054,1,-1,-1,-1
240,47,626,424,949,823,1,-1,-1,-1
240,48,1433,0,155,82,1,-1,-1,-1
240,51,1762,0,184,100,1,-1,-1,-1
240,52,621,114,560,680,1,-1,-1,-1
240,53,177,197,208,392,1,-1,-1,-1
240,54,1453,0,168,146,1,-1,-1,-1
240,56,162,221,292,380,1,-1,-1,-1
240,57,157,143,196,372,1,-1,-1,-1
240,58,454,145,112,192,1,-1,-1,-1
240,59,163,665,718,681,1,-1,-1,-1
240,60,1174,245,444,368,1,-1,-1,-1
240,61,1256,1005,1268,433,1,-1,-1,-1
240,62,370,221,256,324,1,-1,-1,-1
240,63,1132,5,220,256,1,-1,-1,-1
241,2,0,336,280,468,1,-1,-1,-1
241,4,1580,28,336,284,1,-1,-1,-1
241,6,608,60,232,412,1,-1,-1,-1
241,10,2212,108,176,296,1,-1,-1,-1
241,17,1444,0,124,164,1,-1,-1,-1
241,20,970,219,630,365,1,-1,-1,-1
241,26,523,70,140,240,1,-1,-1,-1
241,30,453,142,112,224,1,-1,-1,-1
241,32,522,57,300,472,1,-1,-1,-1
241,35,1059,43,264,208,1,-1,-1,-1
241,37,1547,69,376,296,1,-1,-1,-1
241,38,1212,0,136,113,1,-1,-1,-1
241,39,1620,268,536,572,1,-1,-1,-1
241,44,581,386,1961,1054,1,-1,-1,-1
241,47,604,408,976,888,1,-1,-1,-1
241,48,1433,0,155,82,1,-1,-1,-1
241,51,1764,0,192,132,1,-1,-1,-1
241,52,621,114,560,680,1,-1,-1,-1
241,53,164,152,216,428,1,-1,-1,-1
241,54,1453,0,168,146,1,-1,-1,-1
241,56,162,221,292,380,1,-1,-1,-1
241,57,157,143,196,372,1,-1,-1,-1
241,58,454,145,112,192,1,-1,-1,-1
241,59,188,728,756,696,1,-1,-1,-1
241,60,1156,244,488,380,1,-1,-1,-1
241,61,1256,1005,1268,433,1,-1,-1,-1
241,62,376,152,268,472,1,-1,-1,-1
241,63,1096,4,256,256,1,-1,-1,-1
241,64,112,220,124,224,1,-1,-1,-1
241,65,516,68,156,196,1,-1,-1,-1
242,2,0,336,280,468,1,-1,-1,-1
242,4,1580,30,336,284,1,-1,-1,-1
242,6,609,59,232,412,1,-1,-1,-1
242,10,2212,108,176,296,1,-1,-1,-1
242,17,1444,0,124,164,1,-1,-1,-1
242,20,979,217,630,365,1,-1,-1,-1
242,26,524,70,140,240,1,-1,-1,-1
242,30,452,143,112,224,1,-1,-1,-1
242,32,523,54,300,472,1,-1,-1,-1
242,35,1060,41,264,208,1,-1,-1,-1
242,37,1550,71,376,296,1,-1,-1,-1
242,38,1212,0,136,113,1,-1,-1,-1
242,39,1621,269,536,572,1,-1,-1,-1
242,44,585,391,1961,1049,1,-1,-1,-1
242,47,605,405,976,888,1,-1,-1,-1
242,48,1432,0,155,82,1,-1,-1,-1
242,51,1764,0,192,132,1,-1,-1,-1
242,52,625,113,560,680,1,-1,-1,-1
242,53,164,152,216,428,1,-1,-1,-1
242,54,1456,0,168,146,1,-1,-1,-1
242,56,164,238,278,362,1,-1,-1,-1
242,57,156,139,196,372,1,-1,-1,-1
242,58,456,148,107,183,1,-1,-1,-1
242,59,194,726,756,696,1,-1,-1,-1
242,60,1158,245,488,380,1,-1,-1,-1
242,61,1253,1004,1268,433,1,-1,-1,-1
242,62,377,152,268,472,1,-1,-1,-1
242,63,1096,4,256,256,1,-1,-1,-1
242,64,112,220,124,224,1,-1,-1,-1
242,65,516,68,156,196,1,-1,-1,-1
243,2,0,335,280,468,1,-1,-1,-1
243,4,1582,32,336,284,1,-1,-1,-1
243,6,611,58,232,412,1,-1,-1,-1
243,10,2212,107,176,296,1,-1,-1,-1
243,17,1444,0,124,163,1,-1,-1,-1
243,20,979,213,630,365,1,-1,-1,-1
243,26,524,71,140,240,1,-1,-1,-1
243,30,453,149,107,213,1,-1,-1,-1
243,32,526,53,300,472,1,-1,-1,-1
243,35,1053,37,277,218,1,-1,-1,-1
243,37,1552,72,376,296,1,-1,-1,-1
243,38,1212,0,136,113,1,-1,-1,-1
243,39,1621,272,536,572,1,-1,-1,-1
243,44,629,422,1868,1008,1,-1,-1,-1
243,47,610,404,976,888,1,-1,-1,-1
243,48,1432,0,155,81,1,-1,-1,-1
243,51,1764,0,192,132,1,-1,-1,-1
243,52,628,113,560,680,1,-1,-1,-1
243,53,164,152,216,428,1,-1,-1,-1
243,54,1457,0,168,145,1,-1,-1,-1
243,56,170,246,265,345,1,-1,-1,-1
243,57,155,141,196,372,1,-1,-1,-1
243,58,455,149,107,183,1,-1,-1,-1
243,59,201,724,756,696,1,-1,-1,-1
243,60,1159,244,488,380,1,-1,-1,-1
243,61,1256,1004,1268,433,1,-1,-1,-1
243,62,378,156,268,472,1,-1,-1,-1
243,63,1097,4,256,256,1,-1,-1,-1
243,64,112,221,124,224,1,-1,-1,-1
243,65,517,68,156,196,1,-1,-1,-1
244,2,0,337,280,468,1,-1,-1,-1
244,4,1583,33,336,284,1,-1,-1,-1
244,6,611,56,232,412,1,-1,-1,-1
244,10,2211,108,176,296,1,-1,-1,-1
244,17,1445,0,124,162,1,-1,-1,-1
244,20,976,213,630,365,1,-1,-1,-1
244,26,523,69,140,240,1,-1,-1,-1
244,30,455,153,102,203,1,-1,-1,-1
244,32,531,51,300,472,1,-1,-1,-1
244,35,1051,38,277,218,1,-1,-1,-1
244,37,1551,73,376,296,1,-1,-1,-1
244,38,1212,0,136,114,1,-1,-1,-1
244,39,1636,279,510,545,1,-1,-1,-1
244,44,627,424,1868,1008,1,-1,-1,-1
244,47,613,402,976,888,1,-1,-1,-1
244,48,1433,0,155,80,1,-1,-1,-1
244,51,1765,0,192,132,1,-1,-1,-1
244,52,629,114,560,680,1,-1,-1,-1
244,53,163,152,216,428,1,-1,-1,-1
244,56,170,243,265,345,1,-1,-1,-1
244,57,155,143,196,372,1,-1,-1,-1
244,58,455,149,107,183,1,-1,-1,-1
244,59,203,720,756,696,1,-1,-1,-1
244,60,1160,247,488,380,1,-1,-1,-1
244,61,1255,1004,1268,433,1,-1,-1,-1
244,62,378,159,268,472,1,-1,-1,-1
244,63,1095,5,256,256,1,-1,-1,-1
244,64,112,221,124,224,1,-1,-1,-1
244,65,516,69,156,196,1,-1,-1,-1
245,2,1,337,280,468,1,-1,-1,-1
245,4,1583,32,336,284,1,-1,-1,-1
245,6,614,58,232,412,1,-1,-1,-1
245,10,2211,107,176,296,1,-1,-1,-1
245,17,1441,0,130,166,1,-1,-1,-1
245,20,977,214,630,365,1,-1,-1,-1
245,26,522,69,140,240,1,-1,-1,-1
245,30,454,152,102,203,1,-1,-1,-1
245,32,535,49,300,472,1,-1,-1,-1
245,35,1052,40,277,218,1,-1,-1,-1
245,37,1554,71,376,296,1,-1,-1,-1
245,38,1212,0,136,114,1,-1,-1,-1
245,39,1634,275,510,545,1,-1,-1,-1
245,44,625,424,1868,1008,1,-1,-1,-1
245,47,612,403,976,888,1,-1,-1,-1
245,48,1432,0,155,80,1,-1,-1,-1
245,51,1765,0,192,132,1,-1,-1,-1
245,52,631,116,560,680,1,-1,-1,-1
245,53,162,153,216,428,1,-1,-1,-1
245,56,172,241,265,345,1,-1,-1,-1
245,57,157,156,187,354,1,-1,-1,-1
245,58,454,148,107,183,1,-1,-1,-1
245,59,204,720,756,696,1,-1,-1,-1
245,60,1159,245,488,380,1,-1,-1,-1
245,61,1253,1004,1268,433,1,-1,-1,-1
245,62,382,158,268,472,1,-1,-1,-1
245,63,1094,6,256,256,1,-1,-1,-1
245,64,113,221,124,224,1,-1,-1,-1
245,65,517,68,156,196,1,-1,-1,-1
246,2,0,338,280,468,1,-1,-1,-1
246,4,1585,29,336,284,1,-1,-1,-1
246,6,615,58,232,412,1,-1,-1,-1
246,10,2211,105,176,296,1,-1,-1,-1
246,17,1446,0,124,159,1,-1,-1,-1
246,20,976,213,630,365,1,-1,-1,-1
246,26,521,64,140,240,1,-1,-1,-1
246,30,453,152,102,203,1,-1,-1,-1
246,32,533,40,300,472,1,-1,-1,-1
246,35,1048,42,277,218,1,-1,-1,-1
246,37,1553,76,376,296,1,-1,-1,-1
246,38,1212,0,136,113,1,-1,-1,-1
246,39,1632,273,510,545,1,-1,-1,-1
246,44,620,424,1868,1008,1,-1,-1,-1
246,47,615,402,976,888,1,-1,-1,-1
246,48,1432,0,155,77,1,-1,-1,-1
246,51,1765,0,192,132,1,-1,-1,-1
246,52,631,111,560,680,1,-1,-1,-1
246,53,162,154,216,428,1,-1,-1,-1
246,57,155,144,196,372,1,-1,-1,-1
246,58,452,148,107,183,1,-1,-1,-1
246,59,204,717,756,696,1,-1,-1,-1
246,60,1161,244,488,380,1,-1,-1,-1
246,61,1256,1009,1268,431,1,-1,-1,-1
246,62,386,162,268,472,1,-1,-1,-1
246,63,1093,6,256,256,1,-1,-1,-1
246,64,112,221,124,224,1,-1,-1,-1
246,65,515,69,156,196,1,-1,-1,-1
247,2,0,335,279,468,1,-1,-1,-1
247,4,1585,31,336,284,1,-1,-1,-1
247,6,615,56,232,412,1,-1,-1,-1
247,10,2209,104,176,296,1,-1,-1,-1
247,17,1446,0,124,159,1,-1,-1,-1
247,20,975,212,630,365,1,-1,-1,-1
247,26,521,61,140,240,1,-1,-1,-1
247,30,453,152,102,203,1,-1,-1,-1
247,32,533,39,300,472,1,-1,-1,-1
247,35,1048,43,277,218,1,-1,-1,-1
247,37,1556,77,376,296,1,-1,-1,-1
247,38,1208,0,143,119,1,-1,-1,-1
247,39,1632,275,510,545,1,-1,-1,-1
247,44,620,420,1868,1008,1,-1,-1,-1
247,47,616,403,976,888,1,-1,-1,-1
247,48,1431,0,155,76,1,-1,-1,-1
247,51,1765,0,192,132,1,-1,-1,-1
247,52,631,111,560,680,1,-1,-1,-1
247,53,162,155,216,428,1,-1,-1,-1
247,57,155,146,196,372,1,-1,-1,-1
247,58,451,149,107,183,1,-1,-1,-1
247,59,200,716,756,696,1,-1,-1,-1
247,60,1160,243,488,380,1,-1,-1,-1
247,61,1252,1010,1268,430,1,-1,-1,-1
247,62,383,152,281,496,1,-1,-1,-1
247,63,1093,6,256,256,1,-1,-1,-1
247,64,112,221,124,224,1,-1,-1,-1
247,65,514,69,156,196,1,-1,-1,-1
248,2,0,334,279,468,1,-1,-1,-1
248,4,1587,30,336,284,1,-1,-1,-1
248,6,617,61,232,412,1,-1,-1,-1
248,10,2208,102,176,296,1,-1,-1,-1
248,17,1446,0,124,157,1,-1,-1,-1
248,20,962,205,662,384,1,-1,-1,-1
248,26,520,61,140,240,1,-1,-1,-1
248,30,452,152,102,203,1,-1,-1,-1
248,32,533,33,300,472,1,-1,-1,-1
248,35,1048,45,277,218,1,-1,-1,-1
248,37,1547,73,395,311,1,-1,-1,-1
248,38,1211,0,136,115,1,-1,-1,-1
248,39,1629,275,510,545,1,-1,-1,-1
248,44,618,426,1868,1008,1,-1,-1,-1
248,47,615,403,976,888,1,-1,-1,-1
248,48,1432,0,155,75,1,-1,-1,-1
248,51,1765,0,192,132,1,-1,-1,-1
248,52,630,110,560,680,1,-1,-1,-1
248,53,163,154,216,428,1,-1,-1,-1
248,57,156,144,196,372,1,-1,-1,-1
248,58,451,148,107,183,1,-1,-1,-1
248,59,197,717,756,696,1,-1,-1,-1
248,60,1162,247,488,380,1,-1,-1,-1
248,61,1254,1019,1268,421,1,-1,-1,-1
248,62,387,163,268,472,1,-1,-1,-1
248,63,1094,5,256,256,1,-1,-1,-1
248,64,113,220,124,224,1,-1,-1,-1
248,65,512,69,156,196,1,-1,-1,-1
249,2,0,340,276,468,1,-1,-1,-1
249,4,1604,24,312,312,1,-1,-1,-1
249,6,660,60,188,408,1,-1,-1,-1
249,10,2212,88,168,316,1,-1,-1,-1
249,17,1446,0,124,157,1,-1,-1,-1
249,20,962,205,662,384,1,-1,-1,-1
249,26,520,61,140,240,1,-1,-1,-1
249,30,452,152,102,203,1,-1,-1,-1
249,32,533,33,300,472,1,-1,-1,-1
249,35,1048,45,277,218,1,-1,-1,-1
249,37,1547,73,395,311,1,-1,-1,-1
249,38,1211,0,136,115,1,-1,-1,-1
249,39,1624,308,512,536,1,-1,-1,-1
249,44,618,426,1868,1008,1,-1,-1,-1
249,47,615,403,976,888,1,-1,-1,-1
249,48,1432,0,155,75,1,-1,-1,-1
249,51,1764,0,188,112,1,-1,-1,-1
249,52,630,110,560,680,1,-1,-1,-1
249,53,168,164,216,428,1,-1,-1,-1
249,57,156,144,196,372,1,-1,-1,-1
249,58,451,148,107,183,1,-1,-1,-1
249,59,197,717,756,696,1,-1,-1,-1
249,60,1132,244,532,388,1,-1,-1,-1
249,61,1254,1019,1268,421,1,-1,-1,-1
249,62,387,163,268,472,1,-1,-1,-1
249,63,1072,4,276,260,1,-1,-1,-1
249,64,113,220,124,224,1,-1,-1,-1
249,65,516,52,180,212,1,-1,-1,-1
249,66,1444,0,192,148,1,-1,-1,-1
249,67,396,240,300,416,1,-1,-1,-1
249,68,176,408,1412,1008,1,-1,-1,-1
249,69,448,156,84,132,1,-1,-1,-1
250,2,0,339,275,468,1,-1,-1,-1
250,4,1604,25,312,312,1,-1,-1,-1
250,6,660,59,188,408,1,-1,-1,-1
250,10,2213,87,168,316,1,-1,-1,-1
250,17,1449,0,118,151,1,-1,-1,-1
250,20,962,206,662,384,1,-1,-1,-1
250,26,520,55,140,240,1,-1,-1,-1
250,30,450,152,102,203,1,-1,-1,-1
250,32,536,27,300,472,1,-1,-1,-1
250,35,1048,44,277,218,1,-1,-1,-1
250,37,1550,70,395,311,1,-1,-1,-1
250,38,1209,0,136,114,1,-1,-1,-1
250,39,1623,311,512,536,1,-1,-1,-1
250,44,617,423,1868,1008,1,-1,-1,-1
250,47,613,404,976,888,1,-1,-1,-1
250,48,1432,0,155,74,1,-1,-1,-1
250,51,1764,0,188,111,1,-1,-1,-1
250,52,624,111,560,680,1,-1,-1,-1
250,53,168,163,216,428,1,-1,-1,-1
250,57,156,142,196,372,1,-1,-1,-1
250,58,451,149,107,183,1,-1,-1,-1
250,59,187,710,756,696,1,-1,-1,-1
250,60,1131,245,532,388,1,-1,-1,-1
250,61,1241,1019,1268,421,1,-1,-1,-1
250,62,389,165,268,472,1,-1,-1,-1
250,63,1072,4,276,260,1,-1,-1,-1
250,64,113,220,124,224,1,-1,-1,-1
250,65,515,51,180,212,1,-1,-1,-1
250,66,1444,0,192,147,1,-1,-1,-1
250,67,396,239,300,416,1,-1,-1,-1
250,68,172,407,1412,1008,1,-1,-1,-1
250,69,448,156,84,132,1,-1,-1,-1
251,2,0,338,275,468,1,-1,-1,-1
251,4,1605,25,312,312,1,-1,-1,-1
251,6,661,58,188,408,1,-1,-1,-1
251,10,2213,87,168,316,1,-1,-1,-1
251,17,1447,0,118,150,1,-1,-1,-1
251,20,959,210,662,384,1,-1,-1,-1
251,26,518,53,140,240,1,-1,-1,-1
251,30,452,158,97,193,1,-1,-1,-1
251,32,527,17,315,496,1,-1,-1,-1
251,35,1046,45,277,218,1,-1,-1,-1
251,37,1543,75,395,311,1,-1,-1,-1
251,38,1210,0,136,113,1,-1,-1,-1
251,39,1624,314,512,536,1,-1,-1,-1
251,44,617,414,1868,1008,1,-1,-1,-1
251,47,614,406,976,888,1,-1,-1,-1
251,48,1431,0,155,76,1,-1,-1,-1
251,51,1764,0,188,111,1,-1,-1,-1
251,52,625,112,560,680,1,-1,-1,-1
251,53,169,162,216,428,1,-1,-1,-1
251,57,158,153,187,354,1,-1,-1,-1
251,58,450,148,107,183,1,-1,-1,-1
251,59,179,706,756,696,1,-1,-1,-1
251,60,1130,247,532,388,1,-1,-1,-1
251,61,1227,1015,1268,425,1,-1,-1,-1
251,62,390,169,268,472,1,-1,-1,-1
251,63,1072,3,276,260,1,-1,-1,-1
251,64,114,220,124,224,1,-1,-1,-1
251,65,514,51,180,212,1,-1,-1,-1
251,66,1445,0,192,147,1,-1,-1,-1
251,67,397,237,300,416,1,-1,-1,-1
251,68,168,401,1412,1008,1,-1,-1,-1
251,69,448,157,84,132,1,-1,-1,-1
252,2,0,337,273,468,1,-1,-1,-1
252,4,1609,25,312,312,1,-1,-1,-1
252,6,663,60,188,408,1,-1,-1,-1
252,10,2213,87,168,316,1,-1,-1,-1
252,17,1442,0,118,152,1,-1,-1,-1
252,20,940,215,662,384,1,-1,-1,-1
252,26,522,54,140,240,1,-1,-1,-1
252,30,452,160,97,193,1,-1,-1,-1
252,32,533,18,315,496,1,-1,-1,-1
252,35,1046,44,277,218,1,-1,-1,-1
252,37,1553,75,395,311,1,-1,-1,-1
252,38,1209,0,136,113,1,-1,-1,-1
252,39,1622,311,512,536,1,-1,-1,-1
252,44,621,418,1868,1008,1,-1,-1,-1
252,47,608,408,976,888,1,-1,-1,-1
252,48,1424,0,155,79,1,-1,-1,-1
252,51,1763,0,188,111,1,-1,-1,-1
252,52,638,141,588,714,1,-1,-1,-1
252,53,171,162,216,428,1,-1,-1,-1
252,57,159,152,187,354,1,-1,-1,-1
252,58,450,149,107,183,1,-1,-1,-1
252,59,170,689,756,696,1,-1,-1,-1
252,60,1119,251,532,388,1,-1,-1,-1
252,61,1192,993,1268,433,1,-1,-1,-1
252,62,396,168,268,472,1,-1,-1,-1
252,63,1072,3,276,260,1,-1,-1,-1
252,64,114,220,124,224,1,-1,-1,-1
252,65,515,53,180,212,1,-1,-1,-1
252,66,1442,2,192,148,1,-1,-1,-1
252,67,400,239,300,416,1,-1,-1,-1
252,68,165,394,1412,1008,1,-1,-1,-1
252,69,449,158,84,132,1,-1,-1,-1
253,2,0,336,273,468,1,-1,-1,-1
253,4,1610,24,312,312,1,-1,-1,-1
253,6,663,61,188,408,1,-1,-1,-1
253,10,2213,87,168,316,1,-1,-1,-1
253,17,1439,0,124,157,1,-1,-1,-1
253,20,938,205,695,403,1,-1,-1,-1
253,26,522,57,140,240,1,-1,-1,-1
253,30,452,160,97,193,1,-1,-1,-1
253,32,536,12,315,496,1,-1,-1,-1
253,35,1045,43,277,218,1,-1,-1,-1
253,37,1555,77,395,311,1,-1,-1,-1
253,38,1209,0,136,113,1,-1,-1,-1
253,39,1620,311,512,536,1,-1,-1,-1
253,44,618,421,1868,1008,1,-1,-1,-1
253,47,607,405,976,888,1,-1,-1,-1
253,48,1425,0,155,78,1,-1,-1,-1
253,51,1763,0,188,110,1,-1,-1,-1
253,52,645,147,588,714,1,-1,-1,-1
253,53,171,163,216,428,1,-1,-1,-1
253,57,159,154,187,354,1,-1,-1,-1
253,58,449,149,107,183,1,-1,-1,-1
253,59,165,682,756,696,1,-1,-1,-1
253,60,1118,254,532,388,1,-1,-1,-1
253,61,1211,998,1208,412,1,-1,-1,-1
253,62,395,170,268,472,1,-1,-1,-1
253,63,1071,3,276,260,1,-1,-1,-1
253,64,114,220,124,224,1,-1,-1,-1
253,65,515,53,180,212,1,-1,-1,-1
253,66,1436,0,202,154,1,-1,-1,-1
253,67,398,240,300,416,1,-1,-1,-1
253,68,168,399,1412,1008,1,-1,-1,-1
253,69,449,158,84,132,1,-1,-1,-1
254,2,0,336,272,468,1,-1,-1,-1
254,4,1614,22,312,312,1,-1,-1,-1
254,6,665,62,188,408,1,-1,-1,-1
254,10,2214,88,168,316,1,-1,-1,-1
254,17,1439,0,118,152,1,-1,-1,-1
254,20,932,218,695,403,1,-1,-1,-1
254,26,521,54,140,240,1,-1,-1,-1
254,30,453,160,97,193,1,-1,-1,-1
254,32,539,6,315,496,1,-1,-1,-1
254,35,1045,43,277,218,1,-1,-1,-1
254,37,1559,71,395,311,1,-1,-1,-1
254,38,1209,0,136,113,1,-1,-1,-1
254,39,1621,310,512,536,1,-1,-1,-1
254,44,619,410,1868,1008,1,-1,-1,-1
254,47,600,406,976,888,1,-1,-1,-1
254,48,1423,0,155,79,1,-1,-1,-1
254,51,1767,1,179,107,1,-1,-1,-1
254,52,649,166,588,714,1,-1,-1,-1
254,53,167,151,227,449,1,-1,-1,-1
254,57,160,153,187,354,1,-1,-1,-1
254,58,449,149,107,183,1,-1,-1,-1
254,59,163,670,756,696,1,-1,-1,-1
254,60,1103,245,559,407,1,-1,-1,-1
254,61,1191,984,1268,433,1,-1,-1,-1
254,62,403,173,268,472,1,-1,-1,-1
254,63,1071,3,276,260,1,-1,-1,-1
254,64,114,220,124,224,1,-1,-1,-1
254,65,514,54,180,212,1,-1,-1,-1
254,66,1434,0,202,155,1,-1,-1,-1
254,67,401,239,300,416,1,-1,-1,-1
254,68,169,397,1412,1008,1,-1,-1,-1
254,69,449,158,84,132,1,-1,-1,-1
255,2,0,336,272,468,1,-1,-1,-1
255,4,1623,18,312,312,1,-1,-1,-1
255,6,668,63,188,408,1,-1,-1,-1
255,10,2213,87,168,316,1,-1,-1,-1
255,17,1435,0,118,152,1,-1,-1,-1
255,20,929,227,695,403,1,-1,-1,-1
255,26,522,59,140,240,1,-1,-1,-1
255,30,453,161,97,193,1,-1,-1,-1
255,32,538,14,315,496,1,-1,-1,-1
255,35,1046,44,277,218,1,-1,-1,-1
255,37,1566,69,395,311,1,-1,-1,-1
255,38,1208,0,136,114,1,-1,-1,-1
255,39,1620,309,512,536,1,-1,-1,-1
255,44,622,413,1868,1008,1,-1,-1,-1
255,47,591,405,976,888,1,-1,-1,-1
255,48,1420,0,155,80,1,-1,-1,-1
255,51,1768,0,179,107,1,-1,-1,-1
255,52,648,177,588,714,1,-1,-1,-1
255,53,167,152,227,449,1,-1,-1,-1
255,57,159,157,187,354,1,-1,-1,-1
255,58,450,149,107,183,1,-1,-1,-1
255,59,158,657,756,696,1,-1,-1,-1
255,60,1105,249,559,407,1,-1,-1,-1
255,61,1184,976,1268,433,1,-1,-1,-1
255,62,410,183,255,450,1,-1,-1,-1
255,63,1071,3,276,260,1,-1,-1,-1
255,64,113,220,124,224,1,-1,-1,-1
255,65,514,54,180,212,1,-1,-1,-1
255,66,1432,0,202,155,1,-1,-1,-1
255,67,402,246,300,416,1,-1,-1,-1
255,68,160,394,1412,1008,1,-1,-1,-1
255,69,450,158,84,132,1,-1,-1,-1
256,2,3,348,263,446,1,-1,-1,-1
256,4,1631,17,312,312,1,-1,-1,-1
256,6,672,66,188,408,1,-1,-1,-1
256,10,2214,88,168,316,1,-1,-1,-1
256,17,1432,0,118,152,1,-1,-1,-1
256,20,922,223,695,403,1,-1,-1,-1
256,30,453,160,97,193,1,-1,-1,-1
256,32,539,18,315,496,1,-1,-1,-1
256,35,1047,45,277,218,1,-1,-1,-1
256,38,1209,0,136,113,1,-1,-1,-1
256,39,1620,311,512,536,1,-1,-1,-1
256,44,615,412,1868,1008,1,-1,-1,-1
256,47,591,406,976,888,1,-1,-1,-1
256,48,1418,0,155,79,1,-1,-1,-1
256,51,1769,1,179,107,1,-1,-1,-1
256,52,650,185,588,714,1,-1,-1,-1
256,53,168,154,227,449,1,-1,-1,-1
256,57,159,156,187,354,1,-1,-1,-1
256,58,449,148,107,183,1,-1,-1,-1
256,59,161,644,756,696,1,-1,-1,-1
256,60,1115,259,532,388,1,-1,-1,-1
256,61,1179,971,1268,433,1,-1,-1,-1
256,62,409,187,255,450,1,-1,-1,-1
256,63,1071,3,276,260,1,-1,-1,-1
256,64,114,220,124,224,1,-1,-1,-1
256,65,515,55,180,212,1,-1,-1,-1
256,66,1430,2,202,155,1,-1,-1,-1
256,67,406,247,300,416,1,-1,-1,-1
256,68,154,388,1412,1008,1,-1,-1,-1
256,69,450,158,84,132,1,-1,-1,-1
257,2,4,340,268,460,1,-1,-1,-1
257,4,1664,12,244,332,1,-1,-1,-1
257,6,640,64,216,392,1,-1,-1,-1
257,10,2220,84,160,320,1,-1,-1,-1
257,17,1432,0,124,140,1,-1,-1,-1
257,20,922,223,695,403,1,-1,-1,-1
257,30,453,160,97,193,1,-1,-1,-1
257,32,539,18,315,496,1,-1,-1,-1
257,35,1047,45,277,218,1,-1,-1,-1
257,38,1209,0,136,113,1,-1,-1,-1
257,39,1624,324,508,528,1,-1,-1,-1
257,44,615,412,1868,1008,1,-1,-1,-1
257,47,591,406,976,888,1,-1,-1,-1
257,48,1418,0,155,79,1,-1,-1,-1
257,51,1769,1,179,107,1,-1,-1,-1
257,52,650,185,588,714,1,-1,-1,-1
257,53,168,160,224,396,1,-1,-1,-1
257,57,159,156,187,354,1,-1,-1,-1
257,58,449,148,107,183,1,-1,-1,-1
257,59,172,640,780,772,1,-1,-1,-1
257,60,1120,244,564,384,1,-1,-1,-1
257,61,1179,971,1268,433,1,-1,-1,-1
257,62,409,187,255,450,1,-1,-1,-1
257,63,1068,4,280,260,1,-1,-1,-1
257,64,114,220,124,224,1,-1,-1,-1
257,65,528,52,168,232,1,-1,-1,-1
257,66,1430,2,202,155,1,-1,-1,-1
257,67,406,247,300,416,1,-1,-1,-1
257,68,154,388,1412,1008,1,-1,-1,-1
257,69,448,156,88,160,1,-1,-1,-1
257,70,724,88,476,568,1,-1,-1,-1
257,71,444,196,260,364,1,-1,-1,-1
258,2,6,340,268,460,1,-1,-1,-1
258,4,1668,6,244,332,1,-1,-1,-1
258,6,643,64,216,392,1,-1,-1,-1
258,10,2220,84,160,320,1,-1,-1,-1
258,17,1431,1,124,140,1,-1,-1,-1
258,20,928,229,695,403,1,-1,-1,-1
258,30,453,163,97,193,1,-1,-1,-1
258,32,542,20,315,496,1,-1,-1,-1
258,35,1043,47,277,218,1,-1,-1,-1
258,38,1206,0,136,115,1,-1,-1,-1
258,39,1624,323,508,528,1,-1,-1,-1
258,44,614,416,1868,1008,1,-1,-1,-1
258,47,588,401,976,888,1,-1,-1,-1
258,48,1414,0,155,81,1,-1,-1,-1
258,51,1771,0,179,106,1,-1,-1,-1
258,52,647,183,588,714,1,-1,-1,-1
258,53,168,160,224,396,1,-1,-1,-1
258,57,158,157,187,354,1,-1,-1,-1
258,58,451,153,102,174,1,-1,-1,-1
258,59,174,620,780,772,1,-1,-1,-1
258,60,1119,243,564,384,1,-1,-1,-1
258,61,1190,975,1268,433,1,-1,-1,-1
258,62,413,197,255,450,1,-1,-1,-1
258,63,1067,5,280,260,1,-1,-1,-1
258,64,115,221,124,224,1,-1,-1,-1
258,65,529,53,168,232,1,-1,-1,-1
258,66,1429,3,202,155,1,-1,-1,-1
258,67,415,243,300,416,1,-1,-1,-1
258,68,173,391,1412,1008,1,-1,-1,-1
258,69,449,157,88,160,1,-1,-1,-1
258,70,725,89,476,568,1,-1,-1,-1
258,71,447,198,260,364,1,-1,-1,-1
259,2,6,339,268,460,1,-1,-1,-1
259,4,1669,7,244,332,1,-1,-1,-1
259,6,644,64,216,392,1,-1,-1,-1
259,10,2220,84,160,320,1,-1,-1,-1
259,17,1432,0,124,140,1,-1,-1,-1
259,20,919,228,695,403,1,-1,-1,-1
259,30,452,165,97,193,1,-1,-1,-1
259,32,545,18,315,496,1,-1,-1,-1
259,35,1041,47,277,218,1,-1,-1,-1
259,38,1205,0,136,116,1,-1,-1,-1
259,39,1624,323,508,528,1,-1,-1,-1
259,44,625,421,1868,1008,1,-1,-1,-1
259,47,592,398,976,888,1,-1,-1,-1
259,48,1419,0,147,78,1,-1,-1,-1
259,51,1771,0,179,105,1,-1,-1,-1
259,52,645,186,588,714,1,-1,-1,-1
259,53,167,161,224,396,1,-1,-1,-1
259,57,159,158,187,354,1,-1,-1,-1
259,58,450,155,102,174,1,-1,-1,-1
259,59,176,615,780,772,1,-1,-1,-1
259,60,1120,243,564,384,1,-1,-1,-1
259,61,1189,974,1268,433,1,-1,-1,-1
259,62,412,203,255,450,1,-1,-1,-1
259,63,1066,5,280,260,1,-1,-1,-1
259,64,115,221,124,224,1,-1,-1,-1
259,65,530,53,168,232,1,-1,-1,-1
259,66,1425,3,202,155,1,-1,-1,-1
259,67,416,236,300,416,1,-1,-1,-1
259,68,168,387,1412,1008,1,-1,-1,-1
259,69,449,157,88,160,1,-1,-1,-1
259,70,725,91,476,568,1,-1,-1,-1
259,71,448,199,260,364,1,-1,-1,-1
260,2,6,337,268,460,1,-1,-1,-1
260,4,1667,2,244,332,1,-1,-1,-1
260,6,646,65,216,392,1,-1,-1,-1
260,10,2219,84,160,320,1,-1,-1,-1
260,17,1432,0,124,140,1,-1,-1,-1
260,20,929,224,695,403,1,-1,-1,-1
260,30,452,165,97,193,1,-1,-1,-1
260,32,544,12,315,496,1,-1,-1,-1
260,35,1039,47,277,218,1,-1,-1,-1
260,38,1203,0,136,116,1,-1,-1,-1
260,39,1623,322,508,528,1,-1,-1,-1
260,44,619,418,1868,1008,1,-1,-1,-1
260,47,595,399,976,888,1,-1,-1,-1
260,48,1418,0,147,78,1,-1,-1,-1
260,51,1770,0,179,105,1,-1,-1,-1
260,52,651,180,588,714,1,-1,-1,-1
260,53,167,161,224,396,1,-1,-1,-1
260,57,158,158,187,354,1,-1,-1,-1
260,58,450,155,102,174,1,-1,-1,-1
260,59,183,608,780,772,1,-1,-1,-1
260,60,1120,241,564,384,1,-1,-1,-1
260,61,1183,973,1268,433,1,-1,-1,-1
260,62,416,208,255,450,1,-1,-1,-1
260,63,1065,6,280,260,1,-1,-1,-1
260,64,114,221,124,224,1,-1,-1,-1
260,65,531,54,168,232,1,-1,-1,-1
260,66,1427,4,202,155,1,-1,-1,-1
260,67,419,242,300,416,1,-1,-1,-1
260,68,173,386,1412,1008,1,-1,-1,-1
260,69,450,158,88,160,1,-1,-1,-1
260,70,727,91,476,568,1,-1,-1,-1
260,71,449,199,260,364,1,-1,-1,-1
261,2,6,337,268,460,1,-1,-1,-1
261,4,1677,0,244,322,1,-1,-1,-1
261,6,646,66,216,392,1,-1,-1,-1
261,10,2218,85,160,320,1,-1,-1,-1
261,17,1431,0,124,140,1,-1,-1,-1
261,20,924,224,695,403,1,-1,-1,-1
261,30,452,166,97,193,1,-1,-1,-1
261,32,545,18,315,496,1,-1,-1,-1
261,35,1037,47,277,218,1,-1,-1,-1
261,38,1203,0,136,116,1,-1,-1,-1
261,39,1623,322,508,528,1,-1,-1,-1
261,44,617,412,1868,1008,1,-1,-1,-1
261,47,601,405,976,888,1,-1,-1,-1
261,48,1419,0,147,78,1,-1,-1,-1
261,51,1764,0,188,109,1,-1,-1,-1
261,52,650,178,588,714,1,-1,-1,-1
261,53,167,163,224,396,1,-1,-1,-1
261,57,157,157,187,354,1,-1,-1,-1
261,58,450,157,102,174,1,-1,-1,-1
261,59,193,599,780,772,1,-1,-1,-1
261,60,1122,240,564,384,1,-1,-1,-1
261,61,1183,976,1268,433,1,-1,-1,-1
261,62,422,208,255,450,1,-1,-1,-1
261,63,1065,6,280,260,1,-1,-1,-1
261,64,115,222,124,224,1,-1,-1,-1
261,65,531,55,168,232,1,-1,-1,-1
261,66,1428,4,202,155,1,-1,-1,-1
261,67,419,231,300,416,1,-1,-1,-1
261,68,183,386,1412,1008,1,-1,-1,-1
261,69,450,158,88,160,1,-1,-1,-1
261,70,730,91,476,568,1,-1,-1,-1
261,71,451,200,260,364,1,-1,-1,-1
262,2,1,328,281,483,1,-1,-1,-1
262,4,1683,0,244,328,1,-1,-1,-1
262,6,646,64,216,392,1,-1,-1,-1
262,10,2218,85,160,320,1,-1,-1,-1
262,17,1431,0,124,140,1,-1,-1,-1
262,20,932,224,695,403,1,-1,-1,-1
262,30,453,166,97,193,1,-1,-1,-1
262,32,544,18,315,496,1,-1,-1,-1
262,35,1036,48,277,218,1,-1,-1,-1
262,38,1198,0,143,121,1,-1,-1,-1
262,39,1624,321,508,528,1,-1,-1,-1
262,44,628,418,1868,1008,1,-1,-1,-1
262,47,605,403,976,888,1,-1,-1,-1
262,48,1420,0,147,78,1,-1,-1,-1
262,51,1764,0,188,109,1,-1,-1,-1
262,52,648,170,588,714,1,-1,-1,-1
262,53,169,163,224,396,1,-1,-1,-1
262,57,157,153,187,354,1,-1,-1,-1
262,58,450,156,102,174,1,-1,-1,-1
262,59,194,588,780,772,1,-1,-1,-1
262,60,1126,241,564,384,1,-1,-1,-1
262,61,1183,971,1268,433,1,-1,-1,-1
262,62,420,202,268,472,1,-1,-1,-1
262,63,1065,6,280,260,1,-1,-1,-1
262,64,116,222,124,224,1,-1,-1,-1
262,65,532,55,168,232,1,-1,-1,-1
262,66,1422,0,212,163,1,-1,-1,-1
262,67,416,242,300,416,1,-1,-1,-1
262,68,186,384,1412,1008,1,-1,-1,-1
262,69,449,156,92,168,1,-1,-1,-1
262,70,731,89,476,568,1,-1,-1,-1
262,71,443,197,273,382,1,-1,-1,-1
263,2,0,330,281,483,1,-1,-1,-1
263,4,1690,0,244,328,1,-1,-1,-1
263,6,647,62,216,392,1,-1,-1,-1
263,10,2218,84,160,320,1,-1,-1,-1
263,17,1432,0,124,140,1,-1,-1,-1
263,20,931,219,695,403,1,-1,-1,-1
263,30,455,167,97,193,1,-1,-1,-1
263,32,546,21,315,496,1,-1,-1,-1
263,35,1034,46,277,218,1,-1,-1,-1
263,38,1197,0,143,122,1,-1,-1,-1
263,39,1625,323,508,528,1,-1,-1,-1
263,44,638,413,1868,1008,1,-1,-1,-1
263,47,608,405,976,888,1,-1,-1,-1
263,48,1423,0,140,77,1,-1,-1,-1
263,51,1763,0,188,109,1,-1,-1,-1
263,52,651,171,588,714,1,-1,-1,-1
263,53,170,164,224,396,1,-1,-1,-1
263,57,157,154,187,354,1,-1,-1,-1
263,58,451,156,102,174,1,-1,-1,-1
263,59,205,579,780,772,1,-1,-1,-1
263,60,1125,239,564,384,1,-1,-1,-1
263,61,1197,973,1268,433,1,-1,-1,-1
263,62,412,194,281,496,1,-1,-1,-1
263,63,1065,6,280,260,1,-1,-1,-1
263,64,116,221,124,224,1,-1,-1,-1
263,65,533,55,168,232,1,-1,-1,-1
263,66,1423,0,212,163,1,-1,-1,-1
263,67,423,260,286,396,1,-1,-1,-1
263,68,186,386,1412,1008,1,-1,-1,-1
263,69,449,157,92,168,1,-1,-1,-1
263,70,732,88,476,568,1,-1,-1,-1
263,71,440,202,273,382,1,-1,-1,-1
264,2,7,338,268,460,1,-1,-1,-1
264,4,1707,8,256,349,1,-1,-1,-1
264,6,645,61,216,392,1,-1,-1,-1
264,10,2218,83,160,320,1,-1,-1,-1
264,17,1431,1,124,140,1,-1,-1,-1
264,20,925,223,695,403,1,-1,-1,-1
264,30,453,165,102,203,1,-1,-1,-1
264,32,547,23,315,496,1,-1,-1,-1
264,35,1035,48,277,218,1,-1,-1,-1
264,38,1193,0,150,125,1,-1,-1,-1
264,39,1628,329,508,528,1,-1,-1,-1
264,44,623,420,1868,1008,1,-1,-1,-1
264,47,615,403,976,888,1,-1,-1,-1
264,48,1422,0,140,77,1,-1,-1,-1
264,51,1764,0,197,113,1,-1,-1,-1
264,52,658,168,588,714,1,-1,-1,-1
264,53,171,167,224,396,1,-1,-1,-1
264,57,157,152,187,354,1,-1,-1,-1
264,58,451,158,102,174,1,-1,-1,-1
264,59,229,584,780,772,1,-1,-1,-1
264,60,1129,239,564,384,1,-1,-1,-1
264,61,1232,989,1208,412,1,-1,-1,-1
264,62,410,205,281,496,1,-1,-1,-1
264,63,1065,6,280,260,1,-1,-1,-1
264,64,116,222,124,224,1,-1,-1,-1
264,65,533,56,168,232,1,-1,-1,-1
264,66,1423,0,212,163,1,-1,-1,-1
264,67,430,284,286,396,1,-1,-1,-1
264,68,188,387,1412,1008,1,-1,-1,-1
264,69,448,157,92,168,1,-1,-1,-1
264,70,733,84,476,568,1,-1,-1,-1
264,71,432,208,273,382,1,-1,-1,-1
265,2,4,344,272,464,1,-1,-1,-1
265,4,1740,12,188,232,1,-1,-1,-1
265,6,628,60,236,512,1,-1,-1,-1
265,10,2216,84,160,320,1,-1,-1,-1
265,17,1428,4,120,140,1,-1,-1,-1
265,20,925,223,695,403,1,-1,-1,-1
265,30,453,165,102,203,1,-1,-1,-1
265,32,547,23,315,496,1,-1,-1,-1
265,35,1035,48,277,218,1,-1,-1,-1
265,38,1193,0,150,125,1,-1,-1,-1
265,39,1620,344,520,508,1,-1,-1,-1
265,44,623,420,1868,1008,1,-1,-1,-1
265,47,615,403,976,888,1,-1,-1,-1
265,51,1764,0,197,113,1,-1,-1,-1
265,52,658,168,588,714,1,-1,-1,-1
265,53,171,167,224,396,1,-1,-1,-1
265,57,157,152,187,354,1,-1,-1,-1
265,58,448,160,120,156,1,-1,-1,-1
265,59,296,568,508,716,1,-1,-1,-1
265,60,1116,240,572,360,1,-1,-1,-1
265,61,1232,989,1208,412,1,-1,-1,-1
265,62,410,205,281,496,1,-1,-1,-1
265,63,1088,4,256,264,1,-1,-1,-1
265,64,116,222,124,224,1,-1,-1,-1
265,65,520,56,180,268,1,-1,-1,-1
265,66,1423,0,212,163,1,-1,-1,-1
265,67,430,284,286,396,1,-1,-1,-1
265,68,188,387,1412,1008,1,-1,-1,-1
265,69,448,157,92,168,1,-1,-1,-1
265,70,720,100,476,548,1,-1,-1,-1
265,71,432,208,273,382,1,-1,-1,-1
265,72,172,300,164,252,1,-1,-1,-1
266,2,4,344,272,464,1,-1,-1,-1
266,4,1751,10,188,232,1,-1,-1,-1
266,6,628,60,236,512,1,-1,-1,-1
266,10,2216,84,160,320,1,-1,-1,-1
266,17,1428,4,120,140,1,-1,-1,-1
266,20,926,223,695,403,1,-1,-1,-1
266,30,453,166,102,203,1,-1,-1,-1
266,32,544,23,315,496,1,-1,-1,-1
266,35,1033,48,277,218,1,-1,-1,-1
266,38,1193,0,150,125,1,-1,-1,-1
266,39,1619,345,520,508,1,-1,-1,-1
266,44,622,418,1868,1008,1,-1,-1,-1
266,47,613,403,976,888,1,-1,-1,-1
266,51,1768,0,197,114,1,-1,-1,-1
266,52,652,168,588,714,1,-1,-1,-1
266,53,172,167,224,396,1,-1,-1,-1
266,57,156,155,187,354,1,-1,-1,-1
266,58,448,160,120,156,1,-1,-1,-1
266,59,311,562,508,716,1,-1,-1,-1
266,60,1116,239,572,360,1,-1,-1,-1
266,61,1230,988,1208,412,1,-1,-1,-1
266,62,412,200,281,496,1,-1,-1,-1
266,63,1088,4,256,264,1,-1,-1,-1
266,64,116,222,124,224,1,-1,-1,-1
266,65,519,56,180,268,1,-1,-1,-1
266,66,1422,0,212,163,1,-1,-1,-1
266,67,421,282,286,396,1,-1,-1,-1
266,68,140,368,1483,1058,1,-1,-1,-1
266,69,448,158,92,168,1,-1,-1,-1
266,70,720,99,476,548,1,-1,-1,-1
266,71,426,207,273,382,1,-1,-1,-1
266,72,171,300,164,252,1,-1,-1,-1
267,2,5,344,272,464,1,-1,-1,-1
267,4,1763,1,188,232,1,-1,-1,-1
267,6,628,57,236,512,1,-1,-1,-1
267,10,2217,83,160,320,1,-1,-1,-1
267,17,1428,4,120,140,1,-1,-1,-1
267,20,929,220,695,403,1,-1,-1,-1
267,30,453,166,102,203,1,-1,-1,-1
267,32,542,19,315,496,1,-1,-1,-1
267,35,1024,41,291,229,1,-1,-1,-1
267,38,1193,0,150,125,1,-1,-1,-1
267,39,1618,347,520,508,1,-1,-1,-1
267,44,628,420,1868,1008,1,-1,-1,-1
267,47,612,401,976,888,1,-1,-1,-1
267,51,1765,0,197,116,1,-1,-1,-1
267,52,658,168,588,714,1,-1,-1,-1
267,53,167,156,235,416,1,-1,-1,-1
267,57,157,153,187,354,1,-1,-1,-1
267,58,448,160,120,156,1,-1,-1,-1
267,59,334,547,508,716,1,-1,-1,-1
267,60,1119,239,572,360,1,-1,-1,-1
267,61,1226,986,1208,412,1,-1,-1,-1
267,62,405,198,281,496,1,-1,-1,-1
267,63,1087,4,256,264,1,-1,-1,-1
267,64,116,222,124,224,1,-1,-1,-1
267,65,519,56,180,268,1,-1,-1,-1
267,66,1422,0,212,163,1,-1,-1,-1
267,67,411,283,286,396,1,-1,-1,-1
267,68,139,366,1483,1058,1,-1,-1,-1
267,69,448,158,92,168,1,-1,-1,-1
267,70,721,98,476,548,1,-1,-1,-1
267,71,423,204,273,382,1,-1,-1,-1
267,72,172,299,164,252,1,-1,-1,-1
268,2,6,342,272,464,1,-1,-1,-1
268,4,1767,0,188,228,1,-1,-1,-1
268,6,627,56,236,512,1,-1,-1,-1
268,10,2217,83,160,320,1,-1,-1,-1
268,17,1427,3,120,140,1,-1,-1,-1
268,20,927,221,695,403,1,-1,-1,-1
268,30,454,166,102,203,1,-1,-1,-1
268,32,551,25,300,472,1,-1,-1,-1
268,35,1025,41,291,229,1,-1,-1,-1
268,38,1196,0,143,122,1,-1,-1,-1
268,39,1619,348,520,508,1,-1,-1,-1
268,44,629,431,1868,1008,1,-1,-1,-1
268,47,614,401,976,888,1,-1,-1,-1
268,51,1765,0,197,115,1,-1,-1,-1
268,52,659,168,588,714,1,-1,-1,-1
268,53,168,155,235,416,1,-1,-1,-1
268,57,156,152,187,354,1,-1,-1,-1
268,58,448,161,120,156,1,-1,-1,-1
268,59,341,538,508,716,1,-1,-1,-1
268,60,1119,237,572,360,1,-1,-1,-1
268,61,1242,984,1208,412,1,-1,-1,-1
268,63,1086,3,256,264,1,-1,-1,-1
268,64,116,222,124,224,1,-1,-1,-1
268,65,517,56,180,268,1,-1,-1,-1
268,66,1422,0,212,163,1,-1,-1,-1
268,68,127,383,1483,1057,1,-1,-1,-1
268,69,448,158,92,168,1,-1,-1,-1
268,70,721,99,476,548,1,-1,-1,-1
268,71,419,201,273,382,1,-1,-1,-1
268,72,173,299,164,252,1,-1,-1,-1
269,2,5,342,272,464,1,-1,-1,-1
269,4,1770,0,188,225,1,-1,-1,-1
269,6,627,56,236,512,1,-1,-1,-1
269,10,2218,84,160,320,1,-1,-1,-1
269,17,1426,4,120,140,1,-1,-1,-1
269,20,927,221,695,403,1,-1,-1,-1
269,30,453,166,102,203,1,-1,-1,-1
269,32,551,23,300,472,1,-1,-1,-1
269,35,1022,39,291,229,1,-1,-1,-1
269,38,1196,0,143,122,1,-1,-1,-1
269,39,1618,349,520,508,1,-1,-1,-1
269,44,621,421,1868,1008,1,-1,-1,-1
269,47,614,406,976,888,1,-1,-1,-1
269,51,1767,0,188,111,1,-1,-1,-1
269,52,659,171,588,714,1,-1,-1,-1
269,53,168,154,235,416,1,-1,-1,-1
269,57,157,154,187,354,1,-1,-1,-1
269,58,448,160,120,156,1,-1,-1,-1
269,59,355,531,508,716,1,-1,-1,-1
269,60,1107,229,601,378,1,-1,-1,-1
269,61,1209,973,1268,433,1,-1,-1,-1
269,63,1086,3,256,264,1,-1,-1,-1
269,64,115,222,124,224,1,-1,-1,-1
269,65,516,55,180,268,1,-1,-1,-1
269,66,1421,0,212,163,1,-1,-1,-1
269,68,115,385,1483,1055,1,-1,-1,-1
269,69,448,157,92,168,1,-1,-1,-1
269,70,721,99,476,548,1,-1,-1,-1
269,71,417,201,273,382,1,-1,-1,-1
269,72,172,299,164,252,1,-1,-1,-1
270,2,6,342,272,464,1,-1,-1,-1
270,4,1776,0,188,224,1,-1,-1,-1
270,6,628,65,225,488,1,-1,-1,-1
270,10,2218,85,160,320,1,-1,-1,-1
270,17,1426,4,120,140,1,-1,-1,-1
270,20,930,218,695,403,1,-1,-1,-1
270,30,453,166,102,203,1,-1,-1,-1
270,32,545,23,300,472,1,-1,-1,-1
270,35,1021,38,291,229,1,-1,-1,-1
270,38,1195,0,143,121,1,-1,-1,-1
270,39,1616,361,520,508,1,-1,-1,-1
270,44,623,424,1868,1008,1,-1,-1,-1
270,47,618,407,976,888,1,-1,-1,-1
270,51,1766,1,179,107,1,-1,-1,-1
270,52,658,163,588,714,1,-1,-1,-1
270,53,170,156,235,416,1,-1,-1,-1
270,57,157,152,187,354,1,-1,-1,-1
270,58,448,160,120,156,1,-1,-1,-1
270,59,353,522,508,716,1,-1,-1,-1
270,60,1110,228,601,378,1,-1,-1,-1
270,61,1207,979,1268,433,1,-1,-1,-1
270,63,1086,2,256,264,1,-1,-1,-1
270,64,115,222,124,224,1,-1,-1,-1
270,65,514,56,180,268,1,-1,-1,-1
270,66,1422,0,212,163,1,-1,-1,-1
270,68,162,408,1412,1008,1,-1,-1,-1
270,69,448,157,92,168,1,-1,-1,-1
270,70,720,98,476,548,1,-1,-1,-1
270,71,423,206,260,364,1,-1,-1,-1
270,72,171,298,164,252,1,-1,-1,-1
271,2,6,343,272,464,1,-1,-1,-1
271,4,1777,0,188,224,1,-1,-1,-1
271,6,629,64,225,488,1,-1,-1,-1
271,10,2218,85,160,320,1,-1,-1,-1
271,17,1426,4,120,140,1,-1,-1,-1
271,20,931,217,695,403,1,-1,-1,-1
271,30,453,166,102,203,1,-1,-1,-1
271,32,546,27,300,472,1,-1,-1,-1
271,35,1018,38,291,229,1,-1,-1,-1
271,38,1197,0,143,121,1,-1,-1,-1
271,39,1616,360,520,508,1,-1,-1,-1
271,44,636,419,1868,1008,1,-1,-1,-1
271,47,620,410,976,888,1,-1,-1,-1
271,51,1766,1,179,107,1,-1,-1,-1
271,52,655,162,588,714,1,-1,-1,-1
271,53,169,156,235,416,1,-1,-1,-1
271,57,158,151,187,354,1,-1,-1,-1
271,58,448,160,120,156,1,-1,-1,-1
271,59,345,520,508,716,1,-1,-1,-1
271,60,1110,226,601,378,1,-1,-1,-1
271,61,1246,985,1208,412,1,-1,-1,-1
271,63,1086,2,256,264,1,-1,-1,-1
271,64,115,222,124,224,1,-1,-1,-1
271,65,514,56,180,268,1,-1,-1,-1
271,66,1420,1,212,163,1,-1,-1,-1
271,68,169,402,1412,1008,1,-1,-1,-1
271,69,448,158,92,168,1,-1,-1,-1
271,70,720,95,476,548,1,-1,-1,-1
271,71,423,204,260,364,1,-1,-1,-1
271,72,170,297,164,252,1,-1,-1,-1
272,2,6,342,272,464,1,-1,-1,-1
272,4,1777,0,188,224,1,-1,-1,-1
272,6,628,62,225,488,1,-1,-1,-1
272,10,2218,86,160,320,1,-1,-1,-1
272,17,1427,4,120,140,1,-1,-1,-1
272,20,944,215,695,403,1,-1,-1,-1
272,30,453,166,102,203,1,-1,-1,-1
272,32,546,26,300,472,1,-1,-1,-1
272,35,1018,38,291,229,1,-1,-1,-1
272,38,1197,0,143,121,1,-1,-1,-1
272,39,1611,368,520,508,1,-1,-1,-1
272,44,676,442,1779,960,1,-1,-1,-1
272,47,626,409,976,888,1,-1,-1,-1
272,52,647,148,588,714,1,-1,-1,-1
272,53,168,157,235,416,1,-1,-1,-1
272,57,157,151,187,354,1,-1,-1,-1
272,58,448,160,120,156,1,-1,-1,-1
272,59,341,520,508,716,1,-1,-1,-1
272,60,1113,227,601,378,1,-1,-1,-1
272,61,1245,986,1208,412,1,-1,-1,-1
272,63,1086,2,256,264,1,-1,-1,-1
272,64,116,222,124,224,1,-1,-1,-1
272,65,514,56,180,268,1,-1,-1,-1
272,66,1427,3,202,155,1,-1,-1,-1
272,68,173,413,1412,1008,1,-1,-1,-1
272,69,448,158,92,168,1,-1,-1,-1
272,70,717,94,476,548,1,-1,-1,-1
272,71,421,206,260,364,1,-1,-1,-1
272,72,171,298,164,252,1,-1,-1,-1
273,2,0,344,288,460,1,-1,-1,-1
273,4,1788,0,184,284,1,-1,-1,-1
273,6,628,62,225,488,1,-1,-1,-1
273,10,2216,84,160,320,1,-1,-1,-1
273,17,1428,4,124,144,1,-1,-1,-1
273,20,944,215,695,403,1,-1,-1,-1
273,30,453,166,102,203,1,-1,-1,-1
273,32,592,52,264,452,1,-1,-1,-1
273,35,1018,38,291,229,1,-1,-1,-1
273,38,1197,0,143,121,1,-1,-1,-1
273,39,1592,376,544,472,1,-1,-1,-1
273,44,676,442,1779,960,1,-1,-1,-1
273,47,626,409,976,888,1,-1,-1,-1
273,52,647,148,588,714,1,-1,-1,-1
273,53,164,188,244,372,1,-1,-1,-1
273,57,157,151,187,354,1,-1,-1,-1
273,58,448,160,120,156,1,-1,-1,-1
273,59,341,520,508,716,1,-1,-1,-1
273,60,1108,240,580,332,1,-1,-1,-1
273,61,1245,986,1208,412,1,-1,-1,-1
273,63,1084,4,264,268,1,-1,-1,-1
273,64,116,222,124,224,1,-1,-1,-1
273,65,514,56,180,268,1,-1,-1,-1
273,66,1427,3,202,155,1,-1,-1,-1
273,68,173,413,1412,1008,1,-1,-1,-1
273,69,448,158,92,168,1,-1,-1,-1
273,70,728,100,472,460,1,-1,-1,-1
273,71,421,206,260,364,1,-1,-1,-1
273,72,171,298,164,252,1,-1,-1,-1
273,73,420,308,256,268,1,-1,-1,-1
274,2,0,344,288,460,1,-1,-1,-1
274,4,1789,0,184,277,1,-1,-1,-1
274,6,627,61,225,488,1,-1,-1,-1
274,10,2216,84,160,320,1,-1,-1,-1
274,17,1428,4,124,144,1,-1,-1,-1
274,20,951,209,695,403,1,-1,-1,-1
274,30,453,166,102,203,1,-1,-1,-1
274,32,590,52,264,452,1,-1,-1,-1
274,35,1017,41,291,229,1,-1,-1,-1
274,38,1198,0,143,120,1,-1,-1,-1
274,39,1590,377,544,472,1,-1,-1,-1
274,44,634,418,1868,1008,1,-1,-1,-1
274,47,641,408,976,888,1,-1,-1,-1
274,52,656,126,588,714,1,-1,-1,-1
274,53,164,188,244,372,1,-1,-1,-1
274,57,158,151,187,354,1,-1,-1,-1
274,58,449,161,120,156,1,-1,-1,-1
274,59,344,520,508,716,1,-1,-1,-1
274,60,1109,240,580,332,1,-1,-1,-1
274,61,1246,985,1208,412,1,-1,-1,-1
274,63,1084,4,264,268,1,-1,-1,-1
274,64,116,222,124,224,1,-1,-1,-1
274,65,513,56,180,268,1,-1,-1,-1
274,66,1425,3,202,155,1,-1,-1,-1
274,68,182,400,1412,1008,1,-1,-1,-1
274,69,449,158,92,168,1,-1,-1,-1
274,70,729,99,472,460,1,-1,-1,-1
274,71,415,207,260,364,1,-1,-1,-1
274,72,171,297,164,252,1,-1,-1,-1
274,73,414,308,256,268,1,-1,-1,-1
275,2,0,344,288,460,1,-1,-1,-1
275,4,1789,0,184,266,1,-1,-1,-1
275,6,625,62,225,488,1,-1,-1,-1
275,10,2217,84,160,320,1,-1,-1,-1
275,17,1429,4,124,144,1,-1,-1,-1
275,20,962,206,695,403,1,-1,-1,-1
275,30,453,165,102,203,1,-1,-1,-1
275,32,589,51,264,452,1,-1,-1,-1
275,35,1019,40,291,229,1,-1,-1,-1
275,38,1199,0,143,120,1,-1,-1,-1
275,39,1579,376,544,472,1,-1,-1,-1
275,44,635,422,1868,1008,1,-1,-1,-1
275,47,645,410,976,888,1,-1,-1,-1
275,52,670,140,560,680,1,-1,-1,-1
275,53,164,188,244,372,1,-1,-1,-1
275,57,159,146,187,354,1,-1,-1,-1
275,58,449,160,120,156,1,-1,-1,-1
275,59,340,515,508,716,1,-1,-1,-1
275,60,1111,241,580,332,1,-1,-1,-1
275,61,1248,984,1208,412,1,-1,-1,-1
275,63,1085,3,264,268,1,-1,-1,-1
275,64,116,221,124,224,1,-1,-1,-1
275,65,511,57,180,268,1,-1,-1,-1
275,66,1427,3,202,155,1,-1,-1,-1
275,68,184,390,1412,1008,1,-1,-1,-1
275,69,449,158,92,168,1,-1,-1,-1
275,70,730,99,472,460,1,-1,-1,-1
275,71,413,205,260,364,1,-1,-1,-1
275,72,170,295,164,252,1,-1,-1,-1
275,73,408,308,256,268,1,-1,-1,-1
276,2,1,343,288,460,1,-1,-1,-1
276,4,1809,0,175,257,1,-1,-1,-1
276,6,623,60,225,488,1,-1,-1,-1
276,10,2217,84,160,320,1,-1,-1,-1
276,17,1429,3,124,144,1,-1,-1,-1
276,20,963,207,695,403,1,-1,-1,-1
276,30,453,165,102,203,1,-1,-1,-1
276,32,585,49,264,452,1,-1,-1,-1
276,35,1019,41,291,229,1,-1,-1,-1
276,38,1199,0,143,119,1,-1,-1,-1
276,39,1570,375,544,472,1,-1,-1,-1
276,44,637,408,1868,1008,1,-1,-1,-1
276,47,651,408,976,888,1,-1,-1,-1
276,52,667,140,560,680,1,-1,-1,-1
276,53,163,184,244,372,1,-1,-1,-1
276,57,158,147,187,354,1,-1,-1,-1
276,58,449,160,120,156,1,-1,-1,-1
276,59,341,517,508,716,1,-1,-1,-1
276,60,1111,240,580,332,1,-1,-1,-1
276,61,1247,981,1208,412,1,-1,-1,-1
276,63,1086,3,264,268,1,-1,-1,-1
276,64,115,221,124,224,1,-1,-1,-1
276,65,510,58,180,268,1,-1,-1,-1
276,66,1424,4,202,155,1,-1,-1,-1
276,68,189,389,1412,1008,1,-1,-1,-1
276,69,449,158,92,168,1,-1,-1,-1
276,70,729,99,472,460,1,-1,-1,-1
276,71,400,203,273,382,1,-1,-1,-1
276,72,170,295,164,252,1,-1,-1,-1
276,73,403,312,256,268,1,-1,-1,-1
277,2,1,342,288,460,1,-1,-1,-1
277,4,1815,0,167,250,1,-1,-1,-1
277,6,621,60,225,488,1,-1,-1,-1
277,10,2218,84,160,320,1,-1,-1,-1
277,17,1428,3,124,144,1,-1,-1,-1
277,20,962,207,695,403,1,-1,-1,-1
277,30,454,165,102,203,1,-1,-1,-1
277,32,579,36,277,475,1,-1,-1,-1
277,35,1019,41,291,229,1,-1,-1,-1
277,38,1200,0,143,119,1,-1,-1,-1
277,39,1567,374,544,472,1,-1,-1,-1
277,44,627,403,1868,1008,1,-1,-1,-1
277,47,650,408,976,888,1,-1,-1,-1
277,52,665,138,560,680,1,-1,-1,-1
277,53,164,182,244,372,1,-1,-1,-1
277,57,158,146,187,354,1,-1,-1,-1
277,58,449,160,120,156,1,-1,-1,-1
277,59,344,521,508,716,1,-1,-1,-1
277,60,1110,239,580,332,1,-1,-1,-1
277,61,1247,979,1208,412,1,-1,-1,-1
277,63,1086,3,264,268,1,-1,-1,-1
277,64,115,221,124,224,1,-1,-1,-1
277,65,510,58,180,268,1,-1,-1,-1
277,66,1427,3,202,155,1,-1,-1,-1
277,68,199,395,1412,1008,1,-1,-1,-1
277,69,449,158,92,168,1,-1,-1,-1
277,70,729,99,472,460,1,-1,-1,-1
277,71,401,210,260,364,1,-1,-1,-1
277,72,170,294,164,252,1,-1,-1,-1
277,73,401,312,256,268,1,-1,-1,-1
278,2,0,343,287,460,1,-1,-1,-1
278,4,1823,0,167,252,1,-1,-1,-1
278,6,625,67,225,488,1,-1,-1,-1
278,10,2218,85,160,320,1,-1,-1,-1
278,17,1428,4,124,144,1,-1,-1,-1
278,20,960,207,695,403,1,-1,-1,-1
278,30,453,165,102,203,1,-1,-1,-1
278,32,580,37,277,475,1,-1,-1,-1
278,35,1020,40,291,229,1,-1,-1,-1
278,38,1199,0,143,119,1,-1,-1,-1
278,39,1567,376,544,472,1,-1,-1,-1
278,44,631,405,1868,1008,1,-1,-1,-1
278,47,648,405,976,888,1,-1,-1,-1
278,52,664,139,560,680,1,-1,-1,-1
278,53,164,182,244,372,1,-1,-1,-1
278,57,157,146,187,354,1,-1,-1,-1
278,58,449,161,120,156,1,-1,-1,-1
278,59,341,514,508,716,1,-1,-1,-1
278,60,1111,239,580,332,1,-1,-1,-1
278,61,1249,974,1208,412,1,-1,-1,-1
278,63,1085,4,264,268,1,-1,-1,-1
278,64,114,222,124,224,1,-1,-1,-1
278,65,508,62,180,268,1,-1,-1,-1
278,66,1424,3,202,155,1,-1,-1,-1
278,68,188,392,1412,1008,1,-1,-1,-1
278,69,449,158,92,168,1,-1,-1,-1
278,70,728,100,472,460,1,-1,-1,-1
278,71,399,211,260,364,1,-1,-1,-1
278,72,169,294,164,252,1,-1,-1,-1
278,73,397,313,256,268,1,-1,-1,-1
279,2,0,343,284,460,1,-1,-1,-1
279,4,1845,0,167,257,1,-1,-1,-1
279,6,618,61,236,512,1,-1,-1,-1
279,10,2219,84,160,320,1,-1,-1,-1
279,17,1427,4,124,144,1,-1,-1,-1
279,20,960,205,695,403,1,-1,-1,-1
279,30,453,165,102,203,1,-1,-1,-1
279,32,578,41,277,475,1,-1,-1,-1
279,35,1018,42,291,229,1,-1,-1,-1
279,38,1199,0,143,120,1,-1,-1,-1
279,39,1556,377,544,472,1,-1,-1,-1
279,44,621,408,1868,1008,1,-1,-1,-1
279,47,651,403,976,888,1,-1,-1,-1
279,52,667,141,560,680,1,-1,-1,-1
279,53,160,182,244,372,1,-1,-1,-1
279,57,158,147,187,354,1,-1,-1,-1
279,58,448,161,120,156,1,-1,-1,-1
279,59,339,518,508,716,1,-1,-1,-1
279,60,1112,239,580,332,1,-1,-1,-1
279,61,1251,977,1208,412,1,-1,-1,-1
279,63,1085,4,264,268,1,-1,-1,-1
279,64,113,222,124,224,1,-1,-1,-1
279,65,508,60,180,268,1,-1,-1,-1
279,66,1425,3,202,155,1,-1,-1,-1
279,68,203,386,1412,1008,1,-1,-1,-1
279,69,449,158,92,168,1,-1,-1,-1
279,70,726,100,472,460,1,-1,-1,-1
279,71,389,214,260,364,1,-1,-1,-1
279,72,168,297,164,252,1,-1,-1,-1
279,73,392,313,256,268,1,-1,-1,-1
280,2,5,353,274,438,1,-1,-1,-1
280,4,1852,0,167,254,1,-1,-1,-1
280,6,616,60,236,512,1,-1,-1,-1
280,10,2218,83,160,320,1,-1,-1,-1
280,17,1426,4,124,144,1,-1,-1,-1
280,20,963,208,695,403,1,-1,-1,-1
280,30,454,164,102,203,1,-1,-1,-1
280,32,576,40,277,475,1,-1,-1,-1
280,35,1020,40,291,229,1,-1,-1,-1
280,38,1200,0,143,120,1,-1,-1,-1
280,39,1553,367,544,472,1,-1,-1,-1
280,44,635,400,1868,1008,1,-1,-1,-1
280,47,651,405,976,888,1,-1,-1,-1
280,52,666,140,560,680,1,-1,-1,-1
280,53,160,183,244,372,1,-1,-1,-1
280,57,155,149,187,354,1,-1,-1,-1
280,58,448,160,120,156,1,-1,-1,-1
280,59,337,514,508,716,1,-1,-1,-1
280,60,1111,238,580,332,1,-1,-1,-1
280,61,1241,973,1208,412,1,-1,-1,-1
280,63,1085,3,264,268,1,-1,-1,-1
280,64,112,223,124,224,1,-1,-1,-1
280,65,507,61,180,268,1,-1,-1,-1
280,66,1424,3,202,155,1,-1,-1,-1
280,68,202,391,1412,1008,1,-1,-1,-1
280,69,449,156,92,168,1,-1,-1,-1
280,70,726,100,472,460,1,-1,-1,-1
280,71,385,218,260,364,1,-1,-1,-1
280,72,168,297,164,252,1,-1,-1,-1
280,73,391,314,256,268,1,-1,-1,-1
281,2,0,356,284,452,1,-1,-1,-1
281,4,1852,4,160,236,1,-1,-1,-1
281,6,616,60,236,512,1,-1,-1,-1
281,10,2216,84,160,320,1,-1,-1,-1
281,17,1428,4,116,144,1,-1,-1,-1
281,20,963,208,695,403,1,-1,-1,-1
281,30,454,164,102,203,1,-1,-1,-1
281,32,544,56,296,440,1,-1,-1,-1
281,35,1020,40,291,229,1,-1,-1,-1
281,38,1200,0,143,120,1,-1,-1,-1
281,39,1568,356,504,496,1,-1,-1,-1
281,44,635,400,1868,1008,1,-1,-1,-1
281,47,651,405,976,888,1,-1,-1,-1
281,52,666,140,560,680,1,-1,-1,-1
281,53,164,216,236,352,1,-1,-1,-1
281,57,155,149,187,354,1,-1,-1,-1
281,58,448,160,120,156,1,-1,-1,-1
281,59,337,514,508,716,1,-1,-1,-1
281,60,1112,240,572,332,1,-1,-1,-1
281,61,1241,973,1208,412,1,-1,-1,-1
281,63,1084,4,268,268,1,-1,-1,-1
281,64,112,223,124,224,1,-1,-1,-1
281,65,507,61,180,268,1,-1,-1,-1
281,66,1424,3,202,155,1,-1,-1,-1
281,68,344,456,1360,968,1,-1,-1,-1
281,69,449,156,92,168,1,-1,-1,-1
281,70,716,100,480,444,1,-1,-1,-1
281,71,385,218,260,364,1,-1,-1,-1
281,72,168,297,164,252,1,-1,-1,-1
281,73,392,308,272,288,1,-1,-1,-1
281,74,1548,4,180,80,1,-1,-1,-1
281,75,1340,0,96,88,1,-1,-1,-1
282,2,0,356,284,452,1,-1,-1,-1
282,4,1857,2,160,236,1,-1,-1,-1
282,6,614,63,236,512,1,-1,-1,-1
282,10,2216,84,160,320,1,-1,-1,-1
282,17,1428,4,116,144,1,-1,-1,-1
282,20,959,207,695,403,1,-1,-1,-1
282,30,451,158,107,213,1,-1,-1,-1
282,32,543,57,296,440,1,-1,-1,-1
282,35,1022,37,291,229,1,-1,-1,-1
282,38,1199,0,143,120,1,-1,-1,-1
282,39,1571,353,504,496,1,-1,-1,-1
282,44,640,405,1868,1008,1,-1,-1,-1
282,47,650,403,976,888,1,-1,-1,-1
282,52,659,138,560,680,1,-1,-1,-1
282,53,163,216,236,352,1,-1,-1,-1
282,57,152,139,196,372,1,-1,-1,-1
282,58,447,158,120,156,1,-1,-1,-1
282,59,328,503,508,716,1,-1,-1,-1
282,60,1112,239,572,332,1,-1,-1,-1
282,61,1256,977,1208,412,1,-1,-1,-1
282,63,1083,4,268,268,1,-1,-1,-1
282,64,113,224,124,224,1,-1,-1,-1
282,65,506,64,180,268,1,-1,-1,-1
282,66,1422,2,202,155,1,-1,-1,-1
282,68,331,458,1360,968,1,-1,-1,-1
282,69,449,154,92,168,1,-1,-1,-1
282,70,717,101,480,444,1,-1,-1,-1
282,71,380,231,273,382,1,-1,-1,-1
282,72,163,293,172,265,1,-1,-1,-1
282,73,381,321,272,288,1,-1,-1,-1
282,74,1548,4,180,80,1,-1,-1,-1
282,75,1339,1,96,88,1,-1,-1,-1
283,2,0,355,284,452,1,-1,-1,-1
283,4,1860,0,160,236,1,-1,-1,-1
283,6,612,65,236,512,1,-1,-1,-1
283,10,2216,84,160,320,1,-1,-1,-1
283,17,1428,4,116,144,1,-1,-1,-1
283,20,961,208,695,403,1,-1,-1,-1
283,30,451,158,107,213,1,-1,-1,-1
283,32,540,58,296,440,1,-1,-1,-1
283,35,1023,38,291,229,1,-1,-1,-1
283,38,1195,0,150,123,1,-1,-1,-1
283,39,1571,349,504,496,1,-1,-1,-1
283,44,639,407,1868,1008,1,-1,-1,-1
283,47,651,401,976,888,1,-1,-1,-1
283,52,657,140,560,680,1,-1,-1,-1
283,53,163,216,236,352,1,-1,-1,-1
283,57,154,139,196,372,1,-1,-1,-1
283,58,447,158,120,156,1,-1,-1,-1
283,59,322,491,508,716,1,-1,-1,-1
283,60,1113,239,572,332,1,-1,-1,-1
283,61,1254,981,1208,412,1,-1,-1,-1
283,63,1083,3,268,268,1,-1,-1,-1
283,64,113,224,124,224,1,-1,-1,-1
283,65,508,65,180,268,1,-1,-1,-1
283,66,1421,2,202,155,1,-1,-1,-1
283,68,331,459,1360,968,1,-1,-1,-1
283,69,449,154,92,168,1,-1,-1,-1
283,70,718,101,480,444,1,-1,-1,-1
283,71,391,232,273,382,1,-1,-1,-1
283,72,163,293,172,265,1,-1,-1,-1
283,73,372,325,272,288,1,-1,-1,-1
283,74,1549,4,180,80,1,-1,-1,-1
283,75,1340,0,96,88,1,-1,-1,-1
284,2,0,357,284,452,1,-1,-1,-1
284,4,1862,0,160,236,1,-1,-1,-1
284,6,611,69,236,512,1,-1,-1,-1
284,10,2216,84,160,320,1,-1,-1,-1
284,17,1431,6,110,137,1,-1,-1,-1
284,20,955,209,695,403,1,-1,-1,-1
284,30,452,158,107,213,1,-1,-1,-1
284,32,541,59,296,440,1,-1,-1,-1
284,35,1023,35,291,229,1,-1,-1,-1
284,38,1195,0,150,123,1,-1,-1,-1
284,39,1587,362,480,472,1,-1,-1,-1
284,44,630,413,1868,1008,1,-1,-1,-1
284,47,639,401,976,888,1,-1,-1,-1
284,52,652,141,560,680,1,-1,-1,-1
284,53,163,216,236,352,1,-1,-1,-1
284,57,154,140,196,372,1,-1,-1,-1
284,58,447,158,120,156,1,-1,-1,-1
284,59,315,510,508,716,1,-1,-1,-1
284,60,1111,239,572,332,1,-1,-1,-1
284,61,1252,978,1208,412,1,-1,-1,-1
284,63,1085,0,268,268,1,-1,-1,-1
284,64,113,223,124,224,1,-1,-1,-1
284,65,507,57,189,281,1,-1,-1,-1
284,66,1423,2,202,155,1,-1,-1,-1
284,68,323,458,1360,968,1,-1,-1,-1
284,69,449,154,92,168,1,-1,-1,-1
284,70,716,100,480,444,1,-1,-1,-1
284,71,401,225,287,401,1,-1,-1,-1
284,72,161,292,172,265,1,-1,-1,-1
284,73,357,310,286,302,1,-1,-1,-1
284,74,1549,4,180,80,1,-1,-1,-1
284,75,1340,0,96,88,1,-1,-1,-1
285,2,0,358,282,452,1,-1,-1,-1
285,4,1864,0,160,236,1,-1,-1,-1
285,6,608,70,236,512,1,-1,-1,-1
285,10,2217,84,160,320,1,-1,-1,-1
285,17,1430,7,110,137,1,-1,-1,-1
285,20,953,208,695,403,1,-1,-1,-1
285,30,452,157,107,213,1,-1,-1,-1
285,32,543,65,296,440,1,-1,-1,-1
285,35,1027,23,291,229,1,-1,-1,-1
285,38,1194,0,150,123,1,-1,-1,-1
285,39,1590,362,480,472,1,-1,-1,-1
285,44,630,422,1868,1008,1,-1,-1,-1
285,47,633,407,976,888,1,-1,-1,-1
285,52,650,133,560,680,1,-1,-1,-1
285,53,163,216,236,352,1,-1,-1,-1
285,57,153,142,196,372,1,-1,-1,-1
285,58,448,158,120,156,1,-1,-1,-1
285,59,314,525,508,716,1,-1,-1,-1
285,60,1110,237,572,332,1,-1,-1,-1
285,61,1246,986,1208,412,1,-1,-1,-1
285,63,1087,0,268,266,1,-1,-1,-1
285,64,113,222,124,224,1,-1,-1,-1
285,65,505,56,189,281,1,-1,-1,-1
285,66,1422,0,202,155,1,-1,-1,-1
285,68,318,462,1360,968,1,-1,-1,-1
285,69,449,154,92,168,1,-1,-1,-1
285,70,720,97,480,444,1,-1,-1,-1
285,71,386,216,287,401,1,-1,-1,-1
285,72,165,296,164,252,1,-1,-1,-1
285,73,380,323,286,302,1,-1,-1,-1
285,74,1548,4,180,80,1,-1,-1,-1
285,75,1340,0,96,88,1,-1,-1,-1
286,2,0,359,280,452,1,-1,-1,-1
286,4,1862,0,160,235,1,-1,-1,-1
286,6,607,66,236,512,1,-1,-1,-1
286,10,2217,83,160,320,1,-1,-1,-1
286,17,1430,7,110,137,1,-1,-1,-1
286,20,943,209,695,403,1,-1,-1,-1
286,30,452,157,107,213,1,-1,-1,-1
286,32,547,63,296,440,1,-1,-1,-1
286,35,1023,27,291,229,1,-1,-1,-1
286,38,1195,0,150,123,1,-1,-1,-1
286,39,1592,359,480,472,1,-1,-1,-1
286,44,648,434,1868,1006,1,-1,-1,-1
286,47,638,404,976,888,1,-1,-1,-1
286,52,652,126,560,680,1,-1,-1,-1
286,53,162,213,236,352,1,-1,-1,-1
286,57,156,142,196,372,1,-1,-1,-1
286,58,448,157,120,156,1,-1,-1,-1
286,59,303,530,508,716,1,-1,-1,-1
286,60,1096,229,601,349,1,-1,-1,-1
286,61,1252,992,1208,412,1,-1,-1,-1
286,63,1088,0,268,267,1,-1,-1,-1
286,64,114,222,124,224,1,-1,-1,-1
286,65,507,54,189,281,1,-1,-1,-1
286,66,1421,3,202,155,1,-1,-1,-1
286,68,311,460,1360,968,1,-1,-1,-1
286,69,448,153,92,168,1,-1,-1,-1
286,70,727,97,480,444,1,-1,-1,-1
286,72,165,295,164,252,1,-1,-1,-1
286,73,384,329,286,302,1,-1,-1,-1
286,74,1547,4,180,80,1,-1,-1,-1
286,75,1340,0,96,88,1,-1,-1,-1
287,2,0,357,276,452,1,-1,-1,-1
287,4,1859,0,160,236,1,-1,-1,-1
287,6,610,64,236,512,1,-1,-1,-1
287,10,2217,82,160,320,1,-1,-1,-1
287,17,1427,4,116,144,1,-1,-1,-1
287,20,936,212,695,403,1,-1,-1,-1
287,30,452,156,107,213,1,-1,-1,-1
287,32,553,63,296,440,1,-1,-1,-1
287,35,1023,30,291,229,1,-1,-1,-1
287,38,1195,0,150,123,1,-1,-1,-1
287,39,1593,362,480,472,1,-1,-1,-1
287,44,643,431,1868,1008,1,-1,-1,-1
287,47,640,403,976,888,1,-1,-1,-1
287,52,665,121,560,680,1,-1,-1,-1
287,53,162,212,236,352,1,-1,-1,-1
287,57,153,140,196,372,1,-1,-1,-1
287,58,448,155,120,156,1,-1,-1,-1
287,59,276,489,533,752,1,-1,-1,-1
287,60,1096,229,601,349,1,-1,-1,-1
287,61,1216,984,1268,433,1,-1,-1,-1
287,63,1086,1,268,268,1,-1,-1,-1
287,64,114,222,124,224,1,-1,-1,-1
287,65,509,52,189,281,1,-1,-1,-1
287,66,1420,2,202,155,1,-1,-1,-1
287,68,301,467,1360,968,1,-1,-1,-1
287,69,448,152,92,168,1,-1,-1,-1
287,70,729,98,480,444,1,-1,-1,-1
287,72,167,298,156,240,1,-1,-1,-1
287,73,381,332,286,302,1,-1,-1,-1
287,74,1545,3,180,80,1,-1,-1,-1
287,75,1340,0,96,88,1,-1,-1,-1
288,2,0,350,271,452,1,-1,-1,-1
288,4,1853,0,160,236,1,-1,-1,-1
288,6,617,67,236,512,1,-1,-1,-1
288,10,2217,81,160,320,1,-1,-1,-1
288,17,1427,5,116,144,1,-1,-1,-1
288,20,934,222,695,403,1,-1,-1,-1
288,30,451,155,107,213,1,-1,-1,-1
288,32,552,58,296,440,1,-1,-1,-1
288,35,1021,33,291,229,1,-1,-1,-1
288,38,1195,0,150,123,1,-1,-1,-1
288,39,1595,361,480,472,1,-1,-1,-1
288,44,649,442,1868,998,1,-1,-1,-1
288,47,640,411,976,888,1,-1,-1,-1
288,52,670,127,560,680,1,-1,-1,-1
288,53,160,208,236,352,1,-1,-1,-1
288,57,149,137,196,372,1,-1,-1,-1
288,58,447,154,120,156,1,-1,-1,-1
288,59,267,482,533,752,1,-1,-1,-1
288,60,1113,237,572,332,1,-1,-1,-1
288,61,1219,981,1268,433,1,-1,-1,-1
288,63,1085,1,268,268,1,-1,-1,-1
288,64,114,222,124,224,1,-1,-1,-1
288,65,508,52,189,281,1,-1,-1,-1
288,66,1423,3,202,155,1,-1,-1,-1
288,68,309,472,1360,968,1,-1,-1,-1
288,69,447,149,92,168,1,-1,-1,-1
288,70,731,96,480,444,1,-1,-1,-1
288,72,165,295,156,240,1,-1,-1,-1
288,73,383,340,286,302,1,-1,-1,-1
288,74,1543,4,180,80,1,-1,-1,-1
288,75,1338,0,96,88,1,-1,-1,-1
289,2,0,360,208,444,1,-1,-1,-1
289,4,1853,0,160,236,1,-1,-1,-1
289,6,617,67,236,512,1,-1,-1,-1
289,10,2216,84,160,320,1,-1,-1,-1
289,17,1428,0,112,144,1,-1,-1,-1
289,20,934,222,695,403,1,-1,-1,-1
289,32,544,60,316,456,1,-1,-1,-1
289,35,1021,33,291,229,1,-1,-1,-1
289,38,1195,0,150,123,1,-1,-1,-1
289,39,1612,348,472,500,1,-1,-1,-1
289,44,649,442,1868,998,1,-1,-1,-1
289,47,640,411,976,888,1,-1,-1,-1
289,52,670,127,560,680,1,-1,-1,-1
289,53,160,208,236,352,1,-1,-1,-1
289,57,160,184,216,332,1,-1,-1,-1
289,58,440,152,164,164,1,-1,-1,-1
289,59,267,482,533,752,1,-1,-1,-1
289,60,1132,240,552,364,1,-1,-1,-1
289,61,1219,981,1268,433,1,-1,-1,-1
289,63,1092,4,260,260,1,-1,-1,-1
289,64,114,222,124,224,1,-1,-1,-1
289,65,508,52,189,281,1,-1,-1,-1
289,66,1423,3,202,155,1,-1,-1,-1
289,68,748,524,884,884,1,-1,-1,-1
289,69,447,149,92,168,1,-1,-1,-1
289,70,728,104,476,472,1,-1,-1,-1
289,72,165,295,156,240,1,-1,-1,-1
289,73,383,340,286,302,1,-1,-1,-1
289,74,1544,4,156,80,1,-1,-1,-1
289,75,1344,0,88,88,1,-1,-1,-1
289,76,1876,0,176,192,1,-1,-1,-1
289,77,392,340,292,252,1,-1,-1,-1
290,2,0,360,204,444,1,-1,-1,-1
290,4,1857,6,152,225,1,-1,-1,-1
290,6,620,66,236,512,1,-1,-1,-1
290,10,2216,84,160,320,1,-1,-1,-1
290,17,1428,0,112,144,1,-1,-1,-1
290,20,952,226,662,384,1,-1,-1,-1
290,32,546,62,316,456,1,-1,-1,-1
290,35,1020,32,291,229,1,-1,-1,-1
290,38,1195,0,150,123,1,-1,-1,-1
290,39,1613,348,472,500,1,-1,-1,-1
290,44,643,447,1868,993,1,-1,-1,-1
290,47,654,424,976,888,1,-1,-1,-1
290,52,665,139,560,680,1,-1,-1,-1
290,53,165,214,225,335,1,-1,-1,-1
290,57,157,185,216,332,1,-1,-1,-1
290,58,440,152,164,164,1,-1,-1,-1
290,59,321,560,533,752,1,-1,-1,-1
290,60,1131,240,552,364,1,-1,-1,-1
290,61,1218,981,1268,433,1,-1,-1,-1
290,63,1092,4,260,260,1,-1,-1,-1
290,64,113,222,124,224,1,-1,-1,-1
290,65,510,53,189,281,1,-1,-1,-1
290,66,1417,2,212,163,1,-1,-1,-1
290,68,740,527,884,884,1,-1,-1,-1
290,69,445,148,92,168,1,-1,-1,-1
290,70,726,106,476,472,1,-1,-1,-1
290,72,167,299,149,229,1,-1,-1,-1
290,73,372,348,300,318,1,-1,-1,-1
290,74,1544,4,156,80,1,-1,-1,-1
290,75,1344,0,88,88,1,-1,-1,-1
290,76,1876,0,176,192,1,-1,-1,-1
290,77,390,342,292,252,1,-1,-1,-1
291,2,0,361,201,444,1,-1,-1,-1
291,4,1858,6,152,225,1,-1,-1,-1
291,6,622,66,236,512,1,-1,-1,-1
291,10,2215,84,160,320,1,-1,-1,-1
291,17,1428,0,112,144,1,-1,-1,-1
291,20,953,224,662,384,1,-1,-1,-1
291,32,550,63,316,456,1,-1,-1,-1
291,35,1020,34,291,229,1,-1,-1,-1
291,38,1196,0,150,123,1,-1,-1,-1
291,39,1614,347,472,500,1,-1,-1,-1
291,44,641,443,1868,997,1,-1,-1,-1
291,47,655,428,976,888,1,-1,-1,-1
291,52,661,136,560,680,1,-1,-1,-1
291,53,162,205,236,352,1,-1,-1,-1
291,57,154,185,216,332,1,-1,-1,-1
291,58,441,152,164,164,1,-1,-1,-1
291,59,329,570,508,716,1,-1,-1,-1
291,60,1131,241,552,364,1,-1,-1,-1
291,61,1227,985,1268,433,1,-1,-1,-1
291,63,1092,4,260,260,1,-1,-1,-1
291,64,114,222,124,224,1,-1,-1,-1
291,65,511,53,189,281,1,-1,-1,-1
291,66,1423,5,202,155,1,-1,-1,-1
291,68,732,536,884,884,1,-1,-1,-1
291,69,444,147,92,168,1,-1,-1,-1
291,70,723,105,476,472,1,-1,-1,-1
291,72,167,298,149,229,1,-1,-1,-1
291,73,361,350,315,333,1,-1,-1,-1
291,74,1544,3,156,80,1,-1,-1,-1
291,75,1343,0,88,88,1,-1,-1,-1
291,76,1876,0,176,191,1,-1,-1,-1
291,77,381,343,307,265,1,-1,-1,-1
292,2,0,359,199,444,1,-1,-1,-1
292,4,1858,5,152,225,1,-1,-1,-1
292,6,622,67,236,512,1,-1,-1,-1
292,10,2214,83,160,320,1,-1,-1,-1
292,17,1428,0,112,143,1,-1,-1,-1
292,20,951,226,662,384,1,-1,-1,-1
292,32,549,64,316,456,1,-1,-1,-1
292,35,1022,34,291,229,1,-1,-1,-1
292,38,1196,0,150,123,1,-1,-1,-1
292,39,1614,347,472,500,1,-1,-1,-1
292,44,614,427,1946,1013,1,-1,-1,-1
292,47,658,427,976,888,1,-1,-1,-1
292,52,655,130,560,680,1,-1,-1,-1
292,53,160,207,236,352,1,-1,-1,-1
292,57,152,185,216,332,1,-1,-1,-1
292,58,440,152,164,164,1,-1,-1,-1
292,59,317,568,508,716,1,-1,-1,-1
292,60,1128,242,552,364,1,-1,-1,-1
292,61,1223,980,1268,433,1,-1,-1,-1
292,63,1092,5,260,260,1,-1,-1,-1
292,64,114,223,124,224,1,-1,-1,-1
292,65,512,53,189,281,1,-1,-1,-1
292,66,1422,4,202,155,1,-1,-1,-1
292,68,731,543,884,884,1,-1,-1,-1
292,69,444,147,92,168,1,-1,-1,-1
292,70,722,105,476,472,1,-1,-1,-1
292,72,166,299,149,229,1,-1,-1,-1
292,73,351,354,315,333,1,-1,-1,-1
292,74,1545,3,156,80,1,-1,-1,-1
292,75,1342,0,88,87,1,-1,-1,-1
292,76,1877,0,176,190,1,-1,-1,-1
292,77,380,346,307,265,1,-1,-1,-1
293,2,0,356,197,444,1,-1,-1,-1
293,4,1858,5,152,225,1,-1,-1,-1
293,6,626,69,236,512,1,-1,-1,-1
293,10,2215,84,160,320,1,-1,-1,-1
293,17,1428,0,112,143,1,-1,-1,-1
293,20,951,225,662,384,1,-1,-1,-1
293,32,558,71,301,434,1,-1,-1,-1
293,35,1022,35,291,229,1,-1,-1,-1
293,38,1192,0,157,127,1,-1,-1,-1
293,39,1614,348,472,500,1,-1,-1,-1
293,44,607,420,1953,1020,1,-1,-1,-1
293,47,652,431,976,888,1,-1,-1,-1
293,52,655,142,560,680,1,-1,-1,-1
293,53,165,216,225,335,1,-1,-1,-1
293,57,152,183,216,332,1,-1,-1,-1
293,58,441,152,164,164,1,-1,-1,-1
293,59,308,587,508,716,1,-1,-1,-1
293,60,1128,243,552,364,1,-1,-1,-1
293,61,1235,983,1268,433,1,-1,-1,-1
293,63,1093,5,260,260,1,-1,-1,-1
293,64,114,223,124,224,1,-1,-1,-1
293,65,514,51,189,281,1,-1,-1,-1
293,66,1421,4,202,155,1,-1,-1,-1
293,68,728,538,884,884,1,-1,-1,-1
293,69,444,147,92,168,1,-1,-1,-1
293,70,721,104,476,472,1,-1,-1,-1
293,72,166,299,149,229,1,-1,-1,-1
293,73,346,361,315,333,1,-1,-1,-1
293,74,1545,3,156,80,1,-1,-1,-1
293,75,1343,0,88,87,1,-1,-1,-1
293,76,1877,0,176,190,1,-1,-1,-1
293,77,380,344,307,265,1,-1,-1,-1
294,2,0,356,197,444,1,-1,-1,-1
294,4,1855,0,152,223,1,-1,-1,-1
294,6,624,64,236,512,1,-1,-1,-1
294,10,2215,85,160,320,1,-1,-1,-1
294,17,1428,0,112,143,1,-1,-1,-1
294,20,951,227,662,384,1,-1,-1,-1
294,32,556,68,301,434,1,-1,-1,-1
294,35,1023,36,291,229,1,-1,-1,-1
294,38,1193,0,157,128,1,-1,-1,-1
294,39,1618,345,472,500,1,-1,-1,-1
294,44,612,428,1948,1012,1,-1,-1,-1
294,47,632,443,976,888,1,-1,-1,-1
294,52,650,138,560,680,1,-1,-1,-1
294,53,162,218,225,335,1,-1,-1,-1
294,57,151,183,216,332,1,-1,-1,-1
294,58,440,151,164,164,1,-1,-1,-1
294,59,209,505,533,752,1,-1,-1,-1
294,60,1129,244,552,364,1,-1,-1,-1
294,61,1233,986,1268,433,1,-1,-1,-1
294,63,1093,5,260,260,1,-1,-1,-1
294,64,113,223,124,224,1,-1,-1,-1
294,65,514,51,189,281,1,-1,-1,-1
294,66,1423,4,202,155,1,-1,-1,-1
294,68,712,551,884,884,1,-1,-1,-1
294,69,444,147,92,168,1,-1,-1,-1
294,70,721,104,476,472,1,-1,-1,-1
294,72,164,299,149,229,1,-1,-1,-1
294,74,1545,3,156,80,1,-1,-1,-1
294,75,1343,0,88,87,1,-1,-1,-1
294,76,1879,0,168,179,1,-1,-1,-1
294,77,381,343,307,265,1,-1,-1,-1
295,2,0,343,204,466,1,-1,-1,-1
295,4,1855,0,152,220,1,-1,-1,-1
295,6,625,63,236,512,1,-1,-1,-1
295,10,2215,85,160,320,1,-1,-1,-1
295,17,1428,0,112,143,1,-1,-1,-1
295,20,952,226,662,384,1,-1,-1,-1
295,32,558,68,301,434,1,-1,-1,-1
295,35,1024,36,291,229,1,-1,-1,-1
295,38,1193,0,157,127,1,-1,-1,-1
295,39,1629,354,450,476,1,-1,-1,-1
295,44,617,427,1943,1013,1,-1,-1,-1
295,47,626,448,976,888,1,-1,-1,-1
295,52,649,137,560,680,1,-1,-1,-1
295,53,162,220,225,335,1,-1,-1,-1
295,57,150,182,216,332,1,-1,-1,-1
295,58,440,151,164,164,1,-1,-1,-1
295,59,203,512,533,752,1,-1,-1,-1
295,60,1126,244,552,364,1,-1,-1,-1
295,61,1237,995,1268,433,1,-1,-1,-1
295,63,1093,5,260,260,1,-1,-1,-1
295,64,113,224,124,224,1,-1,-1,-1
295,65,514,51,189,281,1,-1,-1,-1
295,66,1422,4,202,155,1,-1,-1,-1
295,68,715,550,884,884,1,-1,-1,-1
295,69,443,147,92,168,1,-1,-1,-1
295,70,720,103,476,472,1,-1,-1,-1
295,72,164,300,149,229,1,-1,-1,-1
295,74,1545,3,156,80,1,-1,-1,-1
295,75,1343,0,88,87,1,-1,-1,-1
295,76,1878,0,168,177,1,-1,-1,-1
295,77,383,344,307,265,1,-1,-1,-1
296,2,0,340,206,466,1,-1,-1,-1
296,4,1855,0,152,222,1,-1,-1,-1
296,6,625,62,236,512,1,-1,-1,-1
296,10,2211,78,168,336,1,-1,-1,-1
296,17,1428,0,112,143,1,-1,-1,-1
296,20,951,227,662,384,1,-1,-1,-1
296,32,557,69,301,434,1,-1,-1,-1
296,35,1023,39,291,229,1,-1,-1,-1
296,38,1193,0,157,128,1,-1,-1,-1
296,39,1628,355,450,476,1,-1,-1,-1
296,44,663,458,1868,982,1,-1,-1,-1
296,47,628,443,976,888,1,-1,-1,-1
296,52,650,137,560,680,1,-1,-1,-1
296,53,160,212,236,352,1,-1,-1,-1
296,57,149,183,216,332,1,-1,-1,-1
296,58,440,151,164,164,1,-1,-1,-1
296,59,182,518,533,752,1,-1,-1,-1
296,60,1126,245,552,364,1,-1,-1,-1
296,61,1219,996,1268,433,1,-1,-1,-1
296,63,1094,5,260,260,1,-1,-1,-1
296,64,112,223,124,224,1,-1,-1,-1
296,65,512,52,189,281,1,-1,-1,-1
296,66,1422,4,202,155,1,-1,-1,-1
296,68,722,553,884,884,1,-1,-1,-1
296,69,443,146,92,168,1,-1,-1,-1
296,70,723,105,476,472,1,-1,-1,-1
296,72,163,303,149,229,1,-1,-1,-1
296,74,1544,3,156,80,1,-1,-1,-1
296,75,1344,0,88,87,1,-1,-1,-1
296,76,1879,0,168,179,1,-1,-1,-1
296,77,385,344,307,265,1,-1,-1,-1
297,2,0,340,206,466,1,-1,-1,-1
297,4,1855,0,152,222,1,-1,-1,-1
297,6,624,60,236,420,1,-1,-1,-1
297,10,2216,84,160,324,1,-1,-1,-1
297,17,1428,0,112,144,1,-1,-1,-1
297,32,557,69,301,434,1,-1,-1,-1
297,35,1023,39,291,229,1,-1,-1,-1
297,38,1193,0,157,128,1,-1,-1,-1
297,39,1624,348,460,500,1,-1,-1,-1
297,44,663,458,1868,982,1,-1,-1,-1
297,47,628,443,976,888,1,-1,-1,-1
297,52,650,137,560,680,1,-1,-1,-1
297,53,160,212,236,352,1,-1,-1,-1
297,57,160,160,208,384,1,-1,-1,-1
297,58,440,151,164,164,1,-1,-1,-1
297,59,4,352,500,800,1,-1,-1,-1
297,60,1132,244,552,384,1,-1,-1,-1
297,61,1219,996,1268,433,1,-1,-1,-1
297,63,1068,8,276,248,1,-1,-1,-1
297,64,112,223,124,224,1,-1,-1,-1
297,65,524,60,188,252,1,-1,-1,-1
297,66,1422,4,202,155,1,-1,-1,-1
297,68,660,592,976,796,1,-1,-1,-1
297,69,443,146,92,168,1,-1,-1,-1
297,70,723,105,476,472,1,-1,-1,-1
297,72,163,303,149,229,1,-1,-1,-1
297,74,1540,0,152,80,1,-1,-1,-1
297,75,1344,0,88,87,1,-1,-1,-1
297,76,1879,0,168,179,1,-1,-1,-1
297,77,360,292,336,480,1,-1,-1,-1
297,78,708,148,492,500,1,-1,-1,-1
297,79,2000,4,88,160,1,-1,-1,-1
297,80,432,140,128,164,1,-1,-1,-1
298,2,0,344,207,466,1,-1,-1,-1
298,4,1860,0,160,236,1,-1,-1,-1
298,6,623,60,236,420,1,-1,-1,-1
298,10,2216,84,160,324,1,-1,-1,-1
298,17,1428,0,112,144,1,-1,-1,-1
298,32,556,69,301,434,1,-1,-1,-1
298,35,1025,44,291,229,1,-1,-1,-1
298,38,1193,0,157,129,1,-1,-1,-1
298,39,1625,346,460,500,1,-1,-1,-1
298,44,710,482,1779,958,1,-1,-1,-1
298,47,637,451,976,888,1,-1,-1,-1
298,52,659,155,560,680,1,-1,-1,-1
298,53,158,213,236,352,1,-1,-1,-1
298,57,160,155,208,384,1,-1,-1,-1
298,58,440,151,164,164,1,-1,-1,-1
298,59,0,343,499,800,1,-1,-1,-1
298,60,1133,244,552,384,1,-1,-1,-1
298,61,1217,996,1268,433,1,-1,-1,-1
298,63,1070,9,276,248,1,-1,-1,-1
298,64,111,221,124,224,1,-1,-1,-1
298,65,524,60,188,252,1,-1,-1,-1
298,66,1422,5,202,155,1,-1,-1,-1
298,68,661,602,976,796,1,-1,-1,-1
298,69,444,144,92,168,1,-1,-1,-1
298,70,727,116,476,472,1,-1,-1,-1
298,72,164,299,149,229,1,-1,-1,-1
298,74,1540,0,152,80,1,-1,-1,-1
298,75,1344,0,88,87,1,-1,-1,-1
298,76,1887,5,168,183,1,-1,-1,-1
298,77,356,290,336,480,1,-1,-1,-1
298,78,709,153,492,500,1,-1,-1,-1
298,79,2002,6,88,160,1,-1,-1,-1
298,80,432,139,128,164,1,-1,-1,-1
299,2,0,344,212,466,1,-1,-1,-1
299,4,1866,3,160,236,1,-1,-1,-1
299,6,622,60,236,420,1,-1,-1,-1
299,10,2216,84,160,324,1,-1,-1,-1
299,17,1428,0,112,144,1,-1,-1,-1
299,32,552,65,301,434,1,-1,-1,-1
299,35,1025,45,291,229,1,-1,-1,-1
299,38,1194,0,157,128,1,-1,-1,-1
299,39,1625,351,460,500,1,-1,-1,-1
299,44,712,483,1779,957,1,-1,-1,-1
299,47,635,457,976,888,1,-1,-1,-1
299,52,663,151,560,680,1,-1,-1,-1
299,53,163,218,236,352,1,-1,-1,-1
299,57,165,158,208,384,1,-1,-1,-1
299,58,439,150,164,164,1,-1,-1,-1
299,59,7,324,500,800,1,-1,-1,-1
299,60,1136,247,552,384,1,-1,-1,-1
299,61,1218,1003,1268,433,1,-1,-1,-1
299,63,1070,12,276,248,1,-1,-1,-1
299,64,111,223,124,224,1,-1,-1,-1
299,65,524,59,188,252,1,-1,-1,-1
299,66,1422,5,202,155,1,-1,-1,-1
299,68,668,607,976,796,1,-1,-1,-1
299,69,442,143,92,168,1,-1,-1,-1
299,70,729,122,476,472,1,-1,-1,-1
299,72,191,248,149,229,1,-1,-1,-1
299,74,1540,0,152,80,1,-1,-1,-1
299,75,1345,0,88,87,1,-1,-1,-1
299,76,1892,5,168,183,1,-1,-1,-1
299,77,355,280,336,480,1,-1,-1,-1
299,78,716,152,492,500,1,-1,-1,-1
299,79,2011,10,88,160,1,-1,-1,-1
299,80,432,139,128,164,1,-1,-1,-1
300,2,0,343,216,466,1,-1,-1,-1
300,4,1871,6,160,236,1,-1,-1,-1
300,6,620,57,236,420,1,-1,-1,-1
300,10,2216,85,160,324,1,-1,-1,-1
300,17,1428,0,112,144,1,-1,-1,-1
300,32,555,64,301,434,1,-1,-1,-1
300,35,1024,44,291,229,1,-1,-1,-1
300,38,1193,0,157,127,1,-1,-1,-1
300,39,1624,350,460,500,1,-1,-1,-1
300,44,712,493,1779,947,1,-1,-1,-1
300,47,638,455,976,888,1,-1,-1,-1
300,52,670,148,560,680,1,-1,-1,-1
300,53,168,215,236,352,1,-1,-1,-1
300,57,164,167,208,384,1,-1,-1,-1
300,58,439,150,164,164,1,-1,-1,-1
300,59,5,316,500,800,1,-1,-1,-1
300,60,1141,249,552,384,1,-1,-1,-1
300,61,1227,1003,1268,433,1,-1,-1,-1
300,63,1068,12,276,248,1,-1,-1,-1
300,64,110,225,124,224,1,-1,-1,-1
300,65,524,57,188,252,1,-1,-1,-1
300,66,1422,5,202,155,1,-1,-1,-1
300,68,671,612,976,796,1,-1,-1,-1
300,69,442,142,92,168,1,-1,-1,-1
300,70,717,111,500,496,1,-1,-1,-1
300,72,207,239,149,229,1,-1,-1,-1
300,74,1540,0,152,80,1,-1,-1,-1
300,75,1346,0,88,87,1,-1,-1,-1
300,76,1895,9,168,183,1,-1,-1,-1
300,77,357,277,336,480,1,-1,-1,-1
300,78,718,153,492,500,1,-1,-1,-1
300,79,2021,10,88,160,1,-1,-1,-1
300,80,433,138,128,164,1,-1,-1,-1
301,2,0,345,216,466,1,-1,-1,-1
301,4,1870,7,160,236,1,-1,-1,-1
301,6,619,56,236,420,1,-1,-1,-1
301,10,2216,84,160,324,1,-1,-1,-1
301,17,1429,0,112,144,1,-1,-1,-1
301,32,554,64,301,434,1,-1,-1,-1
301,35,1025,44,291,229,1,-1,-1,-1
301,38,1194,0,157,128,1,-1,-1,-1
301,39,1627,349,460,500,1,-1,-1,-1
301,44,713,497,1779,943,1,-1,-1,-1
301,47,640,462,976,888,1,-1,-1,-1
301,52,670,148,560,680,1,-1,-1,-1
301,53,172,215,236,352,1,-1,-1,-1
301,57,164,169,208,384,1,-1,-1,-1
301,58,439,149,164,164,1,-1,-1,-1
301,59,7,313,500,800,1,-1,-1,-1
301,60,1139,248,552,384,1,-1,-1,-1
301,61,1227,1000,1268,433,1,-1,-1,-1
301,63,1067,12,276,248,1,-1,-1,-1
301,64,110,225,124,224,1,-1,-1,-1
301,65,523,57,188,252,1,-1,-1,-1
301,66,1422,5,202,155,1,-1,-1,-1
301,68,674,612,976,796,1,-1,-1,-1
301,69,443,141,92,168,1,-1,-1,-1
301,70,716,110,500,496,1,-1,-1,-1
301,72,210,228,156,240,1,-1,-1,-1
301,74,1539,0,152,80,1,-1,-1,-1
301,75,1345,0,88,87,1,-1,-1,-1
301,76,1896,9,168,183,1,-1,-1,-1
301,77,358,274,336,480,1,-1,-1,-1
301,78,720,153,492,500,1,-1,-1,-1
301,79,2021,10,88,160,1,-1,-1,-1
301,80,433,138,128,164,1,-1,-1,-1
302,2,0,345,214,466,1,-1,-1,-1
302,4,1876,13,152,225,1,-1,-1,-1
302,6,619,50,236,420,1,-1,-1,-1
302,10,2216,84,160,324,1,-1,-1,-1
302,17,1430,0,112,143,1,-1,-1,-1
302,32,555,59,301,434,1,-1,-1,-1
302,35,1024,45,291,229,1,-1,-1,-1
302,38,1194,0,157,128,1,-1,-1,-1
302,39,1628,348,460,500,1,-1,-1,-1
302,44,707,487,1779,953,1,-1,-1,-1
302,47,639,462,976,888,1,-1,-1,-1
302,52,672,148,560,680,1,-1,-1,-1
302,53,170,216,236,352,1,-1,-1,-1
302,57,159,163,218,403,1,-1,-1,-1
302,58,440,150,164,164,1,-1,-1,-1
302,59,10,309,500,800,1,-1,-1,-1
302,60,1143,249,552,384,1,-1,-1,-1
302,61,1227,1001,1268,433,1,-1,-1,-1
302,63,1068,12,276,248,1,-1,-1,-1
302,64,111,224,124,224,1,-1,-1,-1
302,65,524,57,188,252,1,-1,-1,-1
302,66,1421,5,202,155,1,-1,-1,-1
302,68,673,611,976,796,1,-1,-1,-1
302,69,443,142,92,168,1,-1,-1,-1
302,70,717,109,500,496,1,-1,-1,-1
302,72,210,73,156,240,1,-1,-1,-1
302,74,1539,0,152,80,1,-1,-1,-1
302,75,1345,0,88,87,1,-1,-1,-1
302,76,1899,10,168,183,1,-1,-1,-1
302,77,358,272,336,480,1,-1,-1,-1
302,78,720,151,492,500,1,-1,-1,-1
302,79,2023,10,88,160,1,-1,-1,-1
302,80,432,137,128,164,1,-1,-1,-1
303,2,0,346,215,466,1,-1,-1,-1
303,4,1879,13,152,225,1,-1,-1,-1
303,6,618,46,236,420,1,-1,-1,-1
303,10,2216,84,160,324,1,-1,-1,-1
303,17,1429,0,112,143,1,-1,-1,-1
303,32,556,62,301,434,1,-1,-1,-1
303,35,1025,46,291,229,1,-1,-1,-1
303,38,1193,0,157,128,1,-1,-1,-1
303,39,1630,349,460,500,1,-1,-1,-1
303,44,718,497,1779,943,1,-1,-1,-1
303,47,639,470,976,888,1,-1,-1,-1
303,52,672,158,560,680,1,-1,-1,-1
303,53,159,197,248,370,1,-1,-1,-1
303,57,155,156,218,403,1,-1,-1,-1
303,58,439,151,164,164,1,-1,-1,-1
303,59,3,315,500,800,1,-1,-1,-1
303,60,1143,248,552,384,1,-1,-1,-1
303,61,1232,999,1268,433,1,-1,-1,-1
303,63,1068,12,276,248,1,-1,-1,-1
303,64,111,225,124,224,1,-1,-1,-1
303,65,523,58,188,252,1,-1,-1,-1
303,66,1422,4,202,155,1,-1,-1,-1
303,68,674,615,976,796,1,-1,-1,-1
303,69,443,141,92,168,1,-1,-1,-1
303,70,718,109,500,496,1,-1,-1,-1
303,72,206,59,156,240,1,-1,-1,-1
303,74,1539,0,152,79,1,-1,-1,-1
303,75,1345,0,88,87,1,-1,-1,-1
303,76,1902,10,168,183,1,-1,-1,-1
303,77,367,280,320,457,1,-1,-1,-1
303,78,721,153,492,500,1,-1,-1,-1
303,79,2025,7,92,168,1,-1,-1,-1
303,80,433,137,128,164,1,-1,-1,-1
304,2,0,350,216,466,1,-1,-1,-1
304,4,1882,13,152,225,1,-1,-1,-1
304,6,618,47,236,420,1,-1,-1,-1
304,10,2216,84,160,324,1,-1,-1,-1
304,17,1429,0,112,143,1,-1,-1,-1
304,32,555,61,301,434,1,-1,-1,-1
304,35,1024,46,291,229,1,-1,-1,-1
304,38,1193,0,157,128,1,-1,-1,-1
304,39,1631,350,460,500,1,-1,-1,-1
304,44,704,500,1779,940,1,-1,-1,-1
304,47,639,471,976,888,1,-1,-1,-1
304,52,658,149,588,714,1,-1,-1,-1
304,53,156,206,248,370,1,-1,-1,-1
304,57,156,165,208,384,1,-1,-1,-1
304,58,440,150,164,164,1,-1,-1,-1
304,59,0,321,488,800,1,-1,-1,-1
304,60,1142,247,552,384,1,-1,-1,-1
304,61,1195,990,1332,450,1,-1,-1,-1
304,63,1067,12,276,248,1,-1,-1,-1
304,64,107,219,130,235,1,-1,-1,-1
304,65,522,57,188,252,1,-1,-1,-1
304,66,1422,4,202,155,1,-1,-1,-1
304,68,684,624,976,796,1,-1,-1,-1
304,69,443,141,92,168,1,-1,-1,-1
304,70,724,107,500,496,1,-1,-1,-1
304,72,202,50,164,252,1,-1,-1,-1
304,74,1540,0,152,79,1,-1,-1,-1
304,75,1345,0,88,87,1,-1,-1,-1
304,76,1906,11,168,183,1,-1,-1,-1
304,77,365,282,320,457,1,-1,-1,-1
304,78,714,141,517,525,1,-1,-1,-1
304,79,2028,7,92,168,1,-1,-1,-1
304,80,433,137,128,164,1,-1,-1,-1
305,2,0,364,276,444,1,-1,-1,-1
305,4,1882,13,152,225,1,-1,-1,-1
305,6,618,47,236,420,1,-1,-1,-1
305,10,2216,80,160,324,1,-1,-1,-1
305,17,1428,0,116,144,1,-1,-1,-1
305,32,516,60,328,424,1,-1,-1,-1
305,39,1616,264,480,580,1,-1,-1,-1
305,47,692,184,940,1200,1,-1,-1,-1
305,53,156,206,248,370,1,-1,-1,-1
305,57,160,160,192,408,1,-1,-1,-1
305,58,440,150,164,164,1,-1,-1,-1
305,59,0,321,488,800,1,-1,-1,-1
305,60,1172,244,484,384,1,-1,-1,-1
305,63,1036,12,280,236,1,-1,-1,-1
305,64,107,219,130,235,1,-1,-1,-1
305,65,522,57,188,252,1,-1,-1,-1
305,66,1422,4,202,155,1,-1,-1,-1
305,68,684,624,976,796,1,-1,-1,-1
305,69,443,141,92,168,1,-1,-1,-1
305,70,724,107,500,496,1,-1,-1,-1
305,72,202,50,164,252,1,-1,-1,-1
305,74,1536,4,140,80,1,-1,-1,-1
305,75,1344,0,88,88,1,-1,-1,-1
305,76,1892,0,208,212,1,-1,-1,-1
305,77,365,282,320,457,1,-1,-1,-1
305,78,692,184,544,480,1,-1,-1,-1
305,79,2024,4,92,160,1,-1,-1,-1
305,80,433,137,128,164,1,-1,-1,-1
305,81,380,304,312,588,1,-1,-1,-1
305,82,264,156,256,432,1,-1,-1,-1
305,83,0,896,520,532,1,-1,-1,-1
306,2,0,363,276,444,1,-1,-1,-1
306,4,1892,14,152,225,1,-1,-1,-1
306,6,620,49,236,420,1,-1,-1,-1
306,10,2216,80,160,324,1,-1,-1,-1
306,17,1428,0,116,144,1,-1,-1,-1
306,32,516,60,328,424,1,-1,-1,-1
306,39,1617,263,480,580,1,-1,-1,-1
306,47,697,188,940,1200,1,-1,-1,-1
306,53,150,206,248,370,1,-1,-1,-1
306,57,162,160,192,408,1,-1,-1,-1
306,58,439,150,164,164,1,-1,-1,-1
306,59,0,329,486,800,1,-1,-1,-1
306,60,1173,244,484,384,1,-1,-1,-1
306,63,1036,12,280,236,1,-1,-1,-1
306,64,107,219,130,235,1,-1,-1,-1
306,65,523,58,188,252,1,-1,-1,-1
306,66,1422,4,202,155,1,-1,-1,-1
306,68,695,640,976,796,1,-1,-1,-1
306,69,443,141,92,168,1,-1,-1,-1
306,70,732,107,500,496,1,-1,-1,-1
306,72,201,46,164,252,1,-1,-1,-1
306,74,1536,4,140,80,1,-1,-1,-1
306,75,1344,0,88,88,1,-1,-1,-1
306,76,1897,1,208,212,1,-1,-1,-1
306,77,359,284,320,457,1,-1,-1,-1
306,78,695,184,544,480,1,-1,-1,-1
306,79,2030,6,92,160,1,-1,-1,-1
306,80,432,137,128,164,1,-1,-1,-1
306,81,378,303,312,588,1,-1,-1,-1
306,82,265,155,256,432,1,-1,-1,-1
306,83,0,874,516,532,1,-1,-1,-1
