1,0,1960,324,200,236,1,-1,-1,-1
1,1,388,648,176,184,1,-1,-1,-1
1,2,1368,124,92,264,1,-1,-1,-1
1,3,692,608,140,172,1,-1,-1,-1
1,4,1200,508,220,196,1,-1,-1,-1
1,5,312,580,164,196,1,-1,-1,-1
1,6,1540,284,128,192,1,-1,-1,-1
1,7,2140,104,112,272,1,-1,-1,-1
1,8,1496,448,216,204,1,-1,-1,-1
1,9,1168,424,256,156,1,-1,-1,-1
1,10,836,504,128,164,1,-1,-1,-1
1,11,1588,440,244,212,1,-1,-1,-1
1,12,1472,64,104,228,1,-1,-1,-1
2,0,1961,326,200,236,1,-1,-1,-1
2,1,389,650,176,184,1,-1,-1,-1
2,2,1370,133,88,251,1,-1,-1,-1
2,3,692,611,140,172,1,-1,-1,-1
2,4,1201,511,220,196,1,-1,-1,-1
2,5,312,582,164,196,1,-1,-1,-1
2,6,1541,286,128,192,1,-1,-1,-1
2,7,2141,105,112,272,1,-1,-1,-1
2,8,1497,450,216,204,1,-1,-1,-1
2,9,1172,428,256,156,1,-1,-1,-1
2,10,836,507,128,164,1,-1,-1,-1
2,11,1589,443,244,212,1,-1,-1,-1
2,12,1475,72,99,217,1,-1,-1,-1
3,0,1962,331,200,236,1,-1,-1,-1
3,1,390,654,176,184,1,-1,-1,-1
3,2,1370,136,88,251,1,-1,-1,-1
3,3,694,619,133,164,1,-1,-1,-1
3,4,1205,514,220,196,1,-1,-1,-1
3,5,314,586,164,196,1,-1,-1,-1
3,6,1540,290,128,192,1,-1,-1,-1
3,7,2142,108,112,272,1,-1,-1,-1
3,8,1500,455,216,204,1,-1,-1,-1
3,9,1180,436,244,149,1,-1,-1,-1
3,10,836,512,128,164,1,-1,-1,-1
3,11,1588,449,244,212,1,-1,-1,-1
3,12,1472,68,104,228,1,-1,-1,-1
4,0,1962,331,200,236,1,-1,-1,-1
4,1,393,656,176,184,1,-1,-1,-1
4,2,1370,138,88,251,1,-1,-1,-1
4,3,695,621,133,164,1,-1,-1,-1
4,4,1212,526,210,187,1,-1,-1,-1
4,5,315,591,164,196,1,-1,-1,-1
4,6,1541,298,122,183,1,-1,-1,-1
4,7,2142,109,112,272,1,-1,-1,-1
4,8,1502,458,216,204,1,-1,-1,-1
4,9,1183,438,244,149,1,-1,-1,-1
4,10,835,516,128,164,1,-1,-1,-1
4,11,1590,453,244,212,1,-1,-1,-1
4,12,1474,77,99,217,1,-1,-1,-1
5,0,1962,336,200,236,1,-1,-1,-1
5,1,396,658,176,184,1,-1,-1,-1
5,2,1366,137,88,251,1,-1,-1,-1
5,3,693,620,140,172,1,-1,-1,-1
5,4,1216,529,210,187,1,-1,-1,-1
5,5,317,596,164,196,1,-1,-1,-1
5,6,1541,301,122,183,1,-1,-1,-1
5,7,2142,111,112,272,1,-1,-1,-1
5,8,1504,461,216,204,1,-1,-1,-1
5,9,1178,439,256,156,1,-1,-1,-1
5,10,838,524,122,156,1,-1,-1,-1
5,11,1599,464,232,202,1,-1,-1,-1
5,12,1471,82,99,217,1,-1,-1,-1
6,0,1959,337,200,236,1,-1,-1,-1
6,1,395,662,176,184,1,-1,-1,-1
6,2,1365,142,88,251,1,-1,-1,-1
6,3,688,619,147,181,1,-1,-1,-1
6,4,1222,535,200,178,1,-1,-1,-1
6,5,317,599,164,196,1,-1,-1,-1
6,6,1541,304,122,183,1,-1,-1,-1
6,7,2142,113,112,272,1,-1,-1,-1
6,8,1510,467,206,194,1,-1,-1,-1
6,9,1177,442,256,156,1,-1,-1,-1
6,10,837,528,122,156,1,-1,-1,-1
6,11,1594,461,244,212,1,-1,-1,-1
6,12,1465,82,104,228,1,-1,-1,-1
7,0,1960,339,200,236,1,-1,-1,-1
7,1,397,665,176,184,1,-1,-1,-1
7,2,1365,149,88,251,1,-1,-1,-1
7,3,689,624,147,181,1,-1,-1,-1
7,4,1221,532,210,187,1,-1,-1,-1
7,5,316,601,164,196,1,-1,-1,-1
7,6,1540,306,122,183,1,-1,-1,-1
7,7,2143,114,112,272,1,-1,-1,-1
7,8,1516,474,196,185,1,-1,-1,-1
7,9,1181,446,256,156,1,-1,-1,-1
7,10,836,530,122,156,1,-1,-1,-1
7,11,1601,468,232,202,1,-1,-1,-1
7,12,1466,87,99,217,1,-1,-1,-1
8,0,1960,342,200,236,1,-1,-1,-1
8,1,400,665,176,184,1,-1,-1,-1
8,2,1365,152,88,251,1,-1,-1,-1
8,3,690,626,147,181,1,-1,-1,-1
8,4,1224,531,210,187,1,-1,-1,-1
8,5,319,604,164,196,1,-1,-1,-1
8,6,1539,308,122,183,1,-1,-1,-1
8,7,2141,113,112,272,1,-1,-1,-1
8,8,1519,477,196,185,1,-1,-1,-1
8,9,1183,448,244,149,1,-1,-1,-1
8,10,836,530,122,156,1,-1,-1,-1
8,11,1604,474,232,202,1,-1,-1,-1
8,12,1465,92,99,217,1,-1,-1,-1
9,0,1996,328,164,256,1,-1,-1,-1
9,1,400,665,176,184,1,-1,-1,-1
9,2,1360,168,100,248,1,-1,-1,-1
9,3,690,626,147,181,1,-1,-1,-1
9,4,1216,524,264,196,1,-1,-1,-1
9,5,312,616,172,180,1,-1,-1,-1
9,6,1528,300,144,228,1,-1,-1,-1
9,7,2141,113,112,272,1,-1,-1,-1
9,8,1492,468,248,200,1,-1,-1,-1
9,9,1183,448,244,149,1,-1,-1,-1
9,10,836,530,122,156,1,-1,-1,-1
9,11,1608,540,180,144,1,-1,-1,-1
9,12,1465,92,99,217,1,-1,-1,-1
9,13,380,660,172,196,1,-1,-1,-1
9,14,0,736,52,120,1,-1,-1,-1
9,15,1832,12,164,216,1,-1,-1,-1
9,16,1048,412,176,212,1,-1,-1,-1
9,17,1208,472,244,176,1,-1,-1,-1
9,18,540,588,136,148,1,-1,-1,-1
9,19,1692,464,180,152,1,-1,-1,-1
9,20,1432,48,136,268,1,-1,-1,-1
9,21,984,604,168,160,1,-1,-1,-1
10,0,1997,329,164,256,1,-1,-1,-1
10,1,403,673,176,184,1,-1,-1,-1
10,2,1361,167,100,248,1,-1,-1,-1
10,3,691,635,147,181,1,-1,-1,-1
10,4,1217,527,264,196,1,-1,-1,-1
10,5,318,622,164,171,1,-1,-1,-1
10,6,1530,302,144,228,1,-1,-1,-1
10,7,2143,113,112,272,1,-1,-1,-1
10,8,1494,469,248,200,1,-1,-1,-1
10,9,1189,453,232,141,1,-1,-1,-1
10,10,837,535,122,156,1,-1,-1,-1
10,11,1612,542,180,144,1,-1,-1,-1
10,12,1463,90,99,217,1,-1,-1,-1
10,13,382,663,172,196,1,-1,-1,-1
10,14,3,740,52,120,1,-1,-1,-1
10,15,1828,14,164,216,1,-1,-1,-1
10,16,1054,419,168,202,1,-1,-1,-1
10,17,1211,473,244,176,1,-1,-1,-1
10,18,542,589,136,148,1,-1,-1,-1
10,19,1695,466,180,152,1,-1,-1,-1
10,20,1433,49,136,268,1,-1,-1,-1
10,21,983,606,168,160,1,-1,-1,-1
11,0,1998,331,164,256,1,-1,-1,-1
11,1,406,672,176,184,1,-1,-1,-1
11,2,1362,168,100,248,1,-1,-1,-1
11,3,694,637,147,181,1,-1,-1,-1
11,4,1223,528,264,196,1,-1,-1,-1
11,5,320,624,164,171,1,-1,-1,-1
11,6,1527,299,151,239,1,-1,-1,-1
11,7,2144,111,112,272,1,-1,-1,-1
11,8,1495,471,248,200,1,-1,-1,-1
11,9,1190,450,232,141,1,-1,-1,-1
11,10,837,538,122,156,1,-1,-1,-1
11,11,1620,544,180,144,1,-1,-1,-1
11,12,1465,97,94,207,1,-1,-1,-1
11,13,384,665,172,196,1,-1,-1,-1
11,14,11,741,52,120,1,-1,-1,-1
11,15,1825,15,164,216,1,-1,-1,-1
11,16,1056,421,168,202,1,-1,-1,-1
11,17,1216,473,244,176,1,-1,-1,-1
11,18,545,591,136,148,1,-1,-1,-1
11,19,1696,468,180,152,1,-1,-1,-1
11,20,1429,42,143,281,1,-1,-1,-1
11,21,984,611,168,160,1,-1,-1,-1
12,0,1999,337,164,256,1,-1,-1,-1
12,1,405,675,176,184,1,-1,-1,-1
12,2,1364,169,100,248,1,-1,-1,-1
12,3,694,636,147,181,1,-1,-1,-1
12,4,1221,531,264,196,1,-1,-1,-1
12,5,318,621,172,180,1,-1,-1,-1
12,6,1525,303,151,239,1,-1,-1,-1
12,7,2146,108,112,272,1,-1,-1,-1
12,8,1504,480,236,190,1,-1,-1,-1
12,9,1200,445,232,141,1,-1,-1,-1
12,10,837,539,122,156,1,-1,-1,-1
12,11,1631,549,171,137,1,-1,-1,-1
12,12,1465,102,90,197,1,-1,-1,-1
12,13,385,668,172,196,1,-1,-1,-1
12,14,16,747,52,120,1,-1,-1,-1
12,15,1820,17,164,216,1,-1,-1,-1
12,16,1060,423,168,202,1,-1,-1,-1
12,17,1228,479,232,168,1,-1,-1,-1
12,18,548,593,136,148,1,-1,-1,-1
12,19,1702,474,171,145,1,-1,-1,-1
12,20,1430,54,136,268,1,-1,-1,-1
12,21,983,614,168,160,1,-1,-1,-1
13,0,1998,338,164,256,1,-1,-1,-1
13,1,406,676,176,184,1,-1,-1,-1
13,2,1365,171,100,248,1,-1,-1,-1
13,3,696,636,147,181,1,-1,-1,-1
13,4,1226,531,264,196,1,-1,-1,-1
13,5,319,623,172,180,1,-1,-1,-1
13,6,1530,310,144,228,1,-1,-1,-1
13,7,2150,102,112,272,1,-1,-1,-1
13,8,1509,484,225,181,1,-1,-1,-1
13,9,1227,442,244,149,1,-1,-1,-1
13,10,837,541,122,156,1,-1,-1,-1
13,11,1632,554,171,137,1,-1,-1,-1
13,12,1463,106,90,197,1,-1,-1,-1
13,13,387,671,172,196,1,-1,-1,-1
13,14,23,751,52,120,1,-1,-1,-1
13,15,1816,19,164,216,1,-1,-1,-1
13,16,1059,427,168,202,1,-1,-1,-1
13,17,1226,474,244,176,1,-1,-1,-1
13,18,550,594,136,148,1,-1,-1,-1
13,19,1707,478,163,138,1,-1,-1,-1
13,20,1430,56,136,268,1,-1,-1,-1
13,21,983,617,168,160,1,-1,-1,-1
14,0,2000,339,164,256,1,-1,-1,-1
14,1,408,679,176,184,1,-1,-1,-1
14,2,1364,174,100,248,1,-1,-1,-1
14,3,696,638,147,181,1,-1,-1,-1
14,4,1227,535,264,196,1,-1,-1,-1
14,5,321,626,172,180,1,-1,-1,-1
14,6,1533,319,137,217,1,-1,-1,-1
14,7,2151,105,112,272,1,-1,-1,-1
14,8,1514,488,225,181,1,-1,-1,-1
14,9,1232,446,232,141,1,-1,-1,-1
14,10,837,542,122,156,1,-1,-1,-1
14,11,1634,554,171,137,1,-1,-1,-1
14,12,1461,108,94,207,1,-1,-1,-1
14,13,384,668,181,206,1,-1,-1,-1
14,14,26,756,52,120,1,-1,-1,-1
14,15,1811,21,164,216,1,-1,-1,-1
14,16,1060,426,168,202,1,-1,-1,-1
14,17,1230,475,244,176,1,-1,-1,-1
14,18,553,596,136,148,1,-1,-1,-1
14,19,1707,478,163,138,1,-1,-1,-1
14,20,1429,61,136,268,1,-1,-1,-1
14,21,984,619,168,160,1,-1,-1,-1
15,0,2005,340,164,256,1,-1,-1,-1
15,1,410,685,176,184,1,-1,-1,-1
15,2,1362,175,100,248,1,-1,-1,-1
15,3,699,638,147,181,1,-1,-1,-1
15,4,1235,543,251,187,1,-1,-1,-1
15,5,324,629,172,180,1,-1,-1,-1
15,6,1534,322,137,217,1,-1,-1,-1
15,7,2154,110,107,259,1,-1,-1,-1
15,8,1511,485,236,190,1,-1,-1,-1
15,9,1236,451,221,135,1,-1,-1,-1
15,10,839,544,122,156,1,-1,-1,-1
15,11,1637,552,180,144,1,-1,-1,-1
15,12,1458,102,99,217,1,-1,-1,-1
15,13,386,671,181,206,1,-1,-1,-1
15,14,31,760,52,120,1,-1,-1,-1
15,15,1807,25,164,216,1,-1,-1,-1
15,16,1055,425,176,212,1,-1,-1,-1
15,17,1233,475,244,176,1,-1,-1,-1
15,18,557,599,136,148,1,-1,-1,-1
15,19,1714,481,163,138,1,-1,-1,-1
15,20,1430,61,136,268,1,-1,-1,-1
15,21,983,623,168,160,1,-1,-1,-1
16,0,2005,342,164,256,1,-1,-1,-1
16,1,411,688,176,184,1,-1,-1,-1
16,2,1361,177,100,248,1,-1,-1,-1
16,3,700,640,147,181,1,-1,-1,-1
16,4,1236,541,251,187,1,-1,-1,-1
16,5,327,632,172,180,1,-1,-1,-1
16,6,1536,329,131,207,1,-1,-1,-1
16,7,2154,107,107,259,1,-1,-1,-1
16,8,1513,487,236,190,1,-1,-1,-1
16,9,1250,452,221,135,1,-1,-1,-1
16,10,840,548,122,156,1,-1,-1,-1
16,11,1645,553,180,144,1,-1,-1,-1
16,12,1457,107,99,217,1,-1,-1,-1
16,13,388,674,181,206,1,-1,-1,-1
16,14,34,764,52,120,1,-1,-1,-1
16,15,1800,26,164,216,1,-1,-1,-1
16,16,1055,428,176,212,1,-1,-1,-1
16,17,1238,471,244,176,1,-1,-1,-1
16,18,559,601,136,148,1,-1,-1,-1
16,19,1711,484,163,138,1,-1,-1,-1
16,20,1427,60,136,268,1,-1,-1,-1
16,21,982,623,168,160,1,-1,-1,-1
17,0,2004,352,160,244,1,-1,-1,-1
17,1,444,684,124,196,1,-1,-1,-1
17,2,1372,176,100,244,1,-1,-1,-1
17,3,728,636,112,184,1,-1,-1,-1
17,4,1236,548,248,192,1,-1,-1,-1
17,5,336,636,160,184,1,-1,-1,-1
17,6,1524,340,168,212,1,-1,-1,-1
17,7,2144,128,120,232,1,-1,-1,-1
17,8,1536,480,220,180,1,-1,-1,-1
17,9,1250,452,221,135,1,-1,-1,-1
17,10,840,548,122,156,1,-1,-1,-1
17,11,1645,553,180,144,1,-1,-1,-1
17,12,1457,107,99,217,1,-1,-1,-1
17,13,388,674,181,206,1,-1,-1,-1
17,14,0,768,92,160,1,-1,-1,-1
17,15,1832,36,104,164,1,-1,-1,-1
17,16,1048,412,184,184,1,-1,-1,-1
17,17,1224,440,304,180,1,-1,-1,-1
17,18,559,601,136,148,1,-1,-1,-1
17,19,1672,456,224,212,1,-1,-1,-1
17,20,1432,56,132,284,1,-1,-1,-1
17,21,968,616,176,176,1,-1,-1,-1
17,22,656,564,100,192,1,-1,-1,-1
18,0,2004,354,160,244,1,-1,-1,-1
18,1,445,685,124,196,1,-1,-1,-1
18,2,1375,182,95,232,1,-1,-1,-1
18,3,731,643,107,175,1,-1,-1,-1
18,4,1237,549,248,192,1,-1,-1,-1
18,5,337,639,160,184,1,-1,-1,-1
18,6,1524,341,168,212,1,-1,-1,-1
18,7,2144,127,120,232,1,-1,-1,-1
18,8,1537,482,220,180,1,-1,-1,-1
18,9,1267,458,211,128,1,-1,-1,-1
18,10,841,550,122,156,1,-1,-1,-1
18,11,1653,553,180,144,1,-1,-1,-1
18,12,1457,111,99,217,1,-1,-1,-1
18,13,397,683,172,196,1,-1,-1,-1
18,14,1,770,92,160,1,-1,-1,-1
18,15,1829,36,104,164,1,-1,-1,-1
18,16,1049,414,184,184,1,-1,-1,-1
18,17,1229,446,290,171,1,-1,-1,-1
18,18,563,602,136,148,1,-1,-1,-1
18,19,1674,459,224,212,1,-1,-1,-1
18,20,1430,57,132,284,1,-1,-1,-1
18,21,968,617,176,176,1,-1,-1,-1
18,22,656,566,100,192,1,-1,-1,-1
19,0,2008,354,160,244,1,-1,-1,-1
19,1,447,688,124,196,1,-1,-1,-1
19,2,1374,185,95,232,1,-1,-1,-1
19,3,732,646,107,175,1,-1,-1,-1
19,4,1242,551,248,192,1,-1,-1,-1
19,5,341,639,160,184,1,-1,-1,-1
19,6,1529,346,160,202,1,-1,-1,-1
19,7,2145,128,120,232,1,-1,-1,-1
19,8,1543,482,220,180,1,-1,-1,-1
19,10,842,552,122,156,1,-1,-1,-1
19,11,1662,557,171,137,1,-1,-1,-1
19,12,1458,112,99,217,1,-1,-1,-1
19,13,400,686,172,196,1,-1,-1,-1
19,14,3,770,92,160,1,-1,-1,-1
19,15,1827,33,104,164,1,-1,-1,-1
19,16,1049,417,184,184,1,-1,-1,-1
19,17,1236,447,290,171,1,-1,-1,-1
19,18,563,605,136,148,1,-1,-1,-1
19,19,1676,458,224,212,1,-1,-1,-1
19,20,1431,56,132,284,1,-1,-1,-1
19,21,970,618,176,176,1,-1,-1,-1
19,22,657,565,100,192,1,-1,-1,-1
20,0,2007,355,160,244,1,-1,-1,-1
20,1,448,688,124,196,1,-1,-1,-1
20,2,1370,181,100,244,1,-1,-1,-1
20,3,733,645,107,175,1,-1,-1,-1
20,4,1245,554,248,192,1,-1,-1,-1
20,5,343,641,160,184,1,-1,-1,-1
20,6,1534,353,152,192,1,-1,-1,-1
20,7,2144,129,120,232,1,-1,-1,-1
20,8,1547,483,220,180,1,-1,-1,-1
20,10,839,550,128,164,1,-1,-1,-1
20,11,1667,559,171,137,1,-1,-1,-1
20,12,1458,114,99,217,1,-1,-1,-1
20,13,401,688,172,196,1,-1,-1,-1
20,14,5,770,92,160,1,-1,-1,-1
20,15,1823,31,104,164,1,-1,-1,-1
20,16,1048,419,184,184,1,-1,-1,-1
20,17,1238,450,290,171,1,-1,-1,-1
20,18,561,606,136,148,1,-1,-1,-1
20,19,1677,458,224,212,1,-1,-1,-1
20,20,1432,57,132,284,1,-1,-1,-1
20,21,972,617,176,176,1,-1,-1,-1
20,22,656,566,100,192,1,-1,-1,-1
21,0,2010,353,160,244,1,-1,-1,-1
21,1,449,686,124,196,1,-1,-1,-1
21,2,1370,183,100,244,1,-1,-1,-1
21,3,734,644,107,175,1,-1,-1,-1
21,4,1251,557,236,183,1,-1,-1,-1
21,5,348,642,160,184,1,-1,-1,-1
21,6,1533,354,152,192,1,-1,-1,-1
21,7,2145,129,120,232,1,-1,-1,-1
21,8,1549,484,220,180,1,-1,-1,-1
21,10,841,553,122,156,1,-1,-1,-1
21,11,1671,560,171,137,1,-1,-1,-1
21,12,1459,113,99,217,1,-1,-1,-1
21,13,403,687,172,196,1,-1,-1,-1
21,14,4,763,97,168,1,-1,-1,-1
21,15,1820,27,104,164,1,-1,-1,-1
21,16,1047,419,184,184,1,-1,-1,-1
21,17,1237,450,290,171,1,-1,-1,-1
21,18,560,609,136,148,1,-1,-1,-1
21,19,1680,460,224,212,1,-1,-1,-1
21,20,1429,59,132,284,1,-1,-1,-1
21,21,972,617,176,176,1,-1,-1,-1
21,22,654,561,105,202,1,-1,-1,-1
22,0,2013,353,160,244,1,-1,-1,-1
22,1,451,685,124,196,1,-1,-1,-1
22,2,1368,177,105,256,1,-1,-1,-1
22,3,733,645,107,175,1,-1,-1,-1
22,4,1256,564,225,174,1,-1,-1,-1
22,5,350,640,160,184,1,-1,-1,-1
22,6,1535,357,145,183,1,-1,-1,-1
22,7,2143,127,120,232,1,-1,-1,-1
22,8,1550,482,220,180,1,-1,-1,-1
22,10,837,551,122,156,1,-1,-1,-1
22,11,1671,557,171,137,1,-1,-1,-1
22,12,1456,106,99,217,1,-1,-1,-1
22,13,404,686,172,196,1,-1,-1,-1
22,14,6,760,97,168,1,-1,-1,-1
22,15,1815,19,104,164,1,-1,-1,-1
22,16,1047,420,184,184,1,-1,-1,-1
22,17,1232,447,304,180,1,-1,-1,-1
22,18,560,608,136,148,1,-1,-1,-1
22,19,1676,456,235,223,1,-1,-1,-1
22,20,1428,60,132,284,1,-1,-1,-1
22,21,974,617,176,176,1,-1,-1,-1
22,22,654,560,105,202,1,-1,-1,-1
23,0,2010,348,168,256,1,-1,-1,-1
23,1,452,683,124,196,1,-1,-1,-1
23,2,1368,174,105,256,1,-1,-1,-1
23,3,733,642,107,175,1,-1,-1,-1
23,4,1264,565,214,166,1,-1,-1,-1
23,5,352,637,160,184,1,-1,-1,-1
23,6,1536,351,145,183,1,-1,-1,-1
23,7,2142,126,120,232,1,-1,-1,-1
23,8,1558,482,210,171,1,-1,-1,-1
23,10,834,545,128,164,1,-1,-1,-1
23,11,1672,556,171,137,1,-1,-1,-1
23,12,1457,107,94,207,1,-1,-1,-1
23,13,404,684,172,196,1,-1,-1,-1
23,14,8,757,97,168,1,-1,-1,-1
23,15,1811,16,104,164,1,-1,-1,-1
23,16,1045,418,184,184,1,-1,-1,-1
23,17,1229,444,304,180,1,-1,-1,-1
23,18,561,610,136,148,1,-1,-1,-1
23,19,1680,452,235,223,1,-1,-1,-1
23,20,1430,60,132,284,1,-1,-1,-1
23,21,975,613,176,176,1,-1,-1,-1
23,22,657,564,100,192,1,-1,-1,-1
24,0,2012,347,168,256,1,-1,-1,-1
24,1,453,680,124,196,1,-1,-1,-1
24,2,1366,171,105,256,1,-1,-1,-1
24,3,733,634,107,175,1,-1,-1,-1
24,4,1273,559,204,158,1,-1,-1,-1
24,5,360,636,152,175,1,-1,-1,-1
24,6,1534,345,145,183,1,-1,-1,-1
24,7,2144,129,114,221,1,-1,-1,-1
24,8,1559,479,210,171,1,-1,-1,-1
24,10,833,540,128,164,1,-1,-1,-1
24,11,1670,548,180,144,1,-1,-1,-1
24,12,1456,107,94,207,1,-1,-1,-1
24,13,404,681,172,196,1,-1,-1,-1
24,14,8,749,97,168,1,-1,-1,-1
24,15,1807,11,99,156,1,-1,-1,-1
24,16,1043,413,184,184,1,-1,-1,-1
24,17,1226,441,304,180,1,-1,-1,-1
24,18,561,606,136,148,1,-1,-1,-1
24,19,1680,450,235,223,1,-1,-1,-1
24,20,1428,51,132,284,1,-1,-1,-1
24,21,973,609,176,176,1,-1,-1,-1
24,22,658,558,100,192,1,-1,-1,-1
25,0,2012,347,168,256,1,-1,-1,-1
25,1,453,680,124,196,1,-1,-1,-1
25,2,1368,180,96,236,1,-1,-1,-1
25,3,728,632,128,176,1,-1,-1,-1
25,4,1260,544,212,184,1,-1,-1,-1
25,5,360,644,168,164,1,-1,-1,-1
25,6,1536,324,160,236,1,-1,-1,-1
25,7,2144,129,114,221,1,-1,-1,-1
25,8,1548,460,260,212,1,-1,-1,-1
25,10,833,540,128,164,1,-1,-1,-1
25,11,1670,548,180,144,1,-1,-1,-1
25,12,1456,107,94,207,1,-1,-1,-1
25,13,404,681,172,196,1,-1,-1,-1
25,14,0,732,104,188,1,-1,-1,-1
25,15,1807,11,99,156,1,-1,-1,-1
25,16,1064,424,168,164,1,-1,-1,-1
25,17,1226,441,304,180,1,-1,-1,-1
25,18,561,606,136,148,1,-1,-1,-1
25,19,1796,452,160,148,1,-1,-1,-1
25,20,1428,96,132,228,1,-1,-1,-1
25,21,973,609,176,176,1,-1,-1,-1
25,22,658,558,100,192,1,-1,-1,-1
25,23,2028,312,148,256,1,-1,-1,-1
25,24,984,572,180,200,1,-1,-1,-1
25,25,416,656,212,220,1,-1,-1,-1
25,26,1444,472,132,196,1,-1,-1,-1
25,27,1372,416,164,132,1,-1,-1,-1
25,28,1660,504,160,180,1,-1,-1,-1
25,29,676,568,92,124,1,-1,-1,-1
25,30,1720,0,188,204,1,-1,-1,-1
26,0,2008,334,176,269,1,-1,-1,-1
26,1,455,674,124,196,1,-1,-1,-1
26,2,1368,176,96,236,1,-1,-1,-1
26,3,729,629,128,176,1,-1,-1,-1
26,4,1264,541,212,184,1,-1,-1,-1
26,5,362,643,168,164,1,-1,-1,-1
26,6,1537,323,160,236,1,-1,-1,-1
26,7,2143,112,114,221,1,-1,-1,-1
26,8,1557,464,248,202,1,-1,-1,-1
26,10,834,535,128,164,1,-1,-1,-1
26,11,1674,544,180,144,1,-1,-1,-1
26,12,1452,104,94,207,1,-1,-1,-1
26,13,405,673,172,196,1,-1,-1,-1
26,14,1,730,104,188,1,-1,-1,-1
26,15,1799,10,94,149,1,-1,-1,-1
26,16,1065,423,168,164,1,-1,-1,-1
26,17,1229,443,304,180,1,-1,-1,-1
26,18,562,602,136,148,1,-1,-1,-1
26,19,1801,450,160,148,1,-1,-1,-1
26,20,1428,95,132,228,1,-1,-1,-1
26,21,973,604,176,176,1,-1,-1,-1
26,22,657,549,105,202,1,-1,-1,-1
26,23,2030,308,148,256,1,-1,-1,-1
26,24,985,570,180,200,1,-1,-1,-1
26,25,417,655,212,220,1,-1,-1,-1
26,26,1447,469,132,196,1,-1,-1,-1
26,27,1375,414,164,132,1,-1,-1,-1
26,28,1666,506,152,171,1,-1,-1,-1
26,29,677,565,92,124,1,-1,-1,-1
26,30,1717,0,188,202,1,-1,-1,-1
27,0,2015,334,168,256,1,-1,-1,-1
27,1,455,674,124,196,1,-1,-1,-1
27,2,1368,175,96,236,1,-1,-1,-1
27,3,729,624,134,185,1,-1,-1,-1
27,4,1270,540,212,184,1,-1,-1,-1
27,5,364,641,168,164,1,-1,-1,-1
27,6,1537,321,160,236,1,-1,-1,-1
27,7,2143,110,114,221,1,-1,-1,-1
27,8,1559,464,248,202,1,-1,-1,-1
27,10,835,532,128,164,1,-1,-1,-1
27,11,1673,539,189,151,1,-1,-1,-1
27,12,1452,94,94,207,1,-1,-1,-1
27,13,406,673,172,196,1,-1,-1,-1
27,14,2,727,104,188,1,-1,-1,-1
27,15,1799,10,90,142,1,-1,-1,-1
27,16,1067,420,168,164,1,-1,-1,-1
27,17,1226,439,304,180,1,-1,-1,-1
27,18,562,601,136,148,1,-1,-1,-1
27,19,1808,450,160,148,1,-1,-1,-1
27,20,1427,95,132,228,1,-1,-1,-1
27,21,975,598,176,176,1,-1,-1,-1
27,22,659,545,105,202,1,-1,-1,-1
27,23,2032,306,148,256,1,-1,-1,-1
27,24,984,570,180,200,1,-1,-1,-1
27,25,420,655,212,220,1,-1,-1,-1
27,26,1448,467,132,196,1,-1,-1,-1
27,27,1378,414,164,132,1,-1,-1,-1
27,28,1670,505,152,171,1,-1,-1,-1
27,29,678,564,92,124,1,-1,-1,-1
27,30,1716,0,188,204,1,-1,-1,-1
28,0,2014,327,176,269,1,-1,-1,-1
28,1,460,676,118,187,1,-1,-1,-1
28,2,1368,174,96,236,1,-1,-1,-1
28,3,731,622,134,185,1,-1,-1,-1
28,4,1273,540,212,184,1,-1,-1,-1
28,5,366,641,168,164,1,-1,-1,-1
28,6,1539,319,160,236,1,-1,-1,-1
28,7,2143,106,114,221,1,-1,-1,-1
28,8,1561,462,248,202,1,-1,-1,-1
28,10,836,530,128,164,1,-1,-1,-1
28,11,1677,542,180,144,1,-1,-1,-1
28,12,1451,99,94,207,1,-1,-1,-1
28,13,408,673,172,196,1,-1,-1,-1
28,14,3,725,104,188,1,-1,-1,-1
28,15,1794,10,90,142,1,-1,-1,-1
28,16,1068,420,168,164,1,-1,-1,-1
28,17,1218,433,304,180,1,-1,-1,-1
28,18,569,604,130,141,1,-1,-1,-1
28,19,1813,452,160,148,1,-1,-1,-1
28,20,1426,93,132,228,1,-1,-1,-1
28,21,974,598,176,176,1,-1,-1,-1
28,22,661,544,105,202,1,-1,-1,-1
28,23,2038,312,141,244,1,-1,-1,-1
28,24,986,570,180,200,1,-1,-1,-1
28,25,421,654,212,220,1,-1,-1,-1
28,26,1449,465,132,196,1,-1,-1,-1
28,27,1380,414,164,132,1,-1,-1,-1
28,28,1669,502,160,180,1,-1,-1,-1
28,29,681,565,88,118,1,-1,-1,-1
28,30,1713,0,188,204,1,-1,-1,-1
29,0,2021,323,176,269,1,-1,-1,-1
29,1,463,676,118,187,1,-1,-1,-1
29,2,1367,173,96,236,1,-1,-1,-1
29,3,732,622,134,185,1,-1,-1,-1
29,4,1276,541,212,184,1,-1,-1,-1
29,5,370,641,168,164,1,-1,-1,-1
29,6,1538,319,160,236,1,-1,-1,-1
29,7,2147,107,109,210,1,-1,-1,-1
29,8,1561,462,248,202,1,-1,-1,-1
29,10,837,531,128,164,1,-1,-1,-1
29,11,1683,543,171,137,1,-1,-1,-1
29,12,1447,93,99,217,1,-1,-1,-1
29,13,413,673,172,196,1,-1,-1,-1
29,14,3,727,104,188,1,-1,-1,-1
29,15,1789,11,90,142,1,-1,-1,-1
29,16,1070,420,168,164,1,-1,-1,-1
29,17,1218,427,319,189,1,-1,-1,-1
29,18,571,607,130,141,1,-1,-1,-1
29,19,1818,451,160,148,1,-1,-1,-1
29,20,1426,92,132,228,1,-1,-1,-1
29,21,973,594,185,185,1,-1,-1,-1
29,22,664,543,105,202,1,-1,-1,-1
29,23,2042,308,141,244,1,-1,-1,-1
29,24,989,568,180,200,1,-1,-1,-1
29,25,424,654,212,220,1,-1,-1,-1
29,26,1452,465,132,196,1,-1,-1,-1
29,27,1381,416,164,132,1,-1,-1,-1
29,28,1673,501,160,180,1,-1,-1,-1
29,29,681,561,92,124,1,-1,-1,-1
29,30,1711,0,188,203,1,-1,-1,-1
30,0,2023,320,176,269,1,-1,-1,-1
30,1,465,675,118,187,1,-1,-1,-1
30,2,1364,167,101,248,1,-1,-1,-1
30,3,733,618,134,185,1,-1,-1,-1
30,4,1279,542,212,184,1,-1,-1,-1
30,5,372,639,168,164,1,-1,-1,-1
30,6,1539,318,160,236,1,-1,-1,-1
30,7,2147,109,109,210,1,-1,-1,-1
30,8,1562,460,248,202,1,-1,-1,-1
30,10,838,530,128,164,1,-1,-1,-1
30,11,1687,545,171,137,1,-1,-1,-1
30,12,1445,95,99,217,1,-1,-1,-1
30,13,414,672,172,196,1,-1,-1,-1
30,14,5,731,104,188,1,-1,-1,-1
30,15,1783,8,94,149,1,-1,-1,-1
30,16,1071,420,168,164,1,-1,-1,-1
30,18,572,606,130,141,1,-1,-1,-1
30,19,1831,449,152,141,1,-1,-1,-1
30,20,1426,91,132,228,1,-1,-1,-1
30,21,974,591,185,185,1,-1,-1,-1
30,22,661,539,110,212,1,-1,-1,-1
30,23,2043,306,141,244,1,-1,-1,-1
30,24,989,570,180,200,1,-1,-1,-1
30,25,424,654,212,220,1,-1,-1,-1
30,26,1454,459,132,196,1,-1,-1,-1
30,27,1383,410,164,132,1,-1,-1,-1
30,28,1676,500,160,180,1,-1,-1,-1
30,29,681,559,92,124,1,-1,-1,-1
30,30,1708,0,188,203,1,-1,-1,-1
31,0,2018,308,185,282,1,-1,-1,-1
31,1,470,679,112,178,1,-1,-1,-1
31,2,1365,165,101,248,1,-1,-1,-1
31,3,734,616,134,185,1,-1,-1,-1
31,4,1282,541,212,184,1,-1,-1,-1
31,5,376,637,168,164,1,-1,-1,-1
31,6,1540,317,160,236,1,-1,-1,-1
31,7,2150,110,104,200,1,-1,-1,-1
31,8,1560,460,248,202,1,-1,-1,-1
31,10,839,528,128,164,1,-1,-1,-1
31,11,1690,544,171,137,1,-1,-1,-1
31,12,1442,92,104,228,1,-1,-1,-1
31,13,418,668,172,196,1,-1,-1,-1
31,14,8,732,104,188,1,-1,-1,-1
31,15,1779,6,94,149,1,-1,-1,-1
31,16,1076,423,160,156,1,-1,-1,-1
31,18,575,606,130,141,1,-1,-1,-1
31,19,1838,446,152,141,1,-1,-1,-1
31,20,1427,91,132,228,1,-1,-1,-1
31,21,977,588,185,185,1,-1,-1,-1
31,22,662,537,110,212,1,-1,-1,-1
31,23,2042,296,148,256,1,-1,-1,-1
31,24,990,564,189,210,1,-1,-1,-1
31,25,430,654,212,220,1,-1,-1,-1
31,26,1461,458,126,187,1,-1,-1,-1
31,27,1376,407,172,139,1,-1,-1,-1
31,28,1681,498,160,180,1,-1,-1,-1
31,29,682,557,92,124,1,-1,-1,-1
31,30,1706,0,188,202,1,-1,-1,-1
32,0,2018,317,176,269,1,-1,-1,-1
32,1,473,675,112,178,1,-1,-1,-1
32,2,1365,164,101,248,1,-1,-1,-1
32,3,737,616,134,185,1,-1,-1,-1
32,4,1284,541,212,184,1,-1,-1,-1
32,5,380,635,168,164,1,-1,-1,-1
32,6,1541,313,160,236,1,-1,-1,-1
32,7,2156,110,99,191,1,-1,-1,-1
32,8,1563,457,248,202,1,-1,-1,-1
32,10,843,534,122,156,1,-1,-1,-1
32,11,1696,547,163,131,1,-1,-1,-1
32,13,423,666,172,196,1,-1,-1,-1
32,14,11,734,104,188,1,-1,-1,-1
32,15,1779,5,94,149,1,-1,-1,-1
32,16,1080,421,160,156,1,-1,-1,-1
32,18,585,605,130,141,1,-1,-1,-1
32,19,1847,443,152,141,1,-1,-1,-1
32,20,1425,90,132,228,1,-1,-1,-1
32,21,978,589,185,185,1,-1,-1,-1
32,22,666,538,110,212,1,-1,-1,-1
32,23,2045,294,148,256,1,-1,-1,-1
32,24,990,565,189,210,1,-1,-1,-1
32,25,437,655,202,210,1,-1,-1,-1
32,26,1458,453,132,196,1,-1,-1,-1
32,27,1376,405,172,139,1,-1,-1,-1
32,28,1687,495,160,180,1,-1,-1,-1
32,29,685,556,92,124,1,-1,-1,-1
32,30,1704,0,188,202,1,-1,-1,-1
33,0,2018,317,176,269,1,-1,-1,-1
33,1,473,675,112,178,1,-1,-1,-1
33,2,1368,144,96,248,1,-1,-1,-1
33,3,744,612,132,180,1,-1,-1,-1
33,4,1296,536,220,180,1,-1,-1,-1
33,5,380,612,176,180,1,-1,-1,-1
33,6,1548,300,148,216,1,-1,-1,-1
33,7,2148,80,112,248,1,-1,-1,-1
33,8,1576,436,264,216,1,-1,-1,-1
33,10,843,534,122,156,1,-1,-1,-1
33,11,1696,547,163,131,1,-1,-1,-1
33,13,423,666,172,196,1,-1,-1,-1
33,14,0,736,120,172,1,-1,-1,-1
33,15,1779,5,94,149,1,-1,-1,-1
33,16,1092,400,148,204,1,-1,-1,-1
33,18,585,605,130,141,1,-1,-1,-1
33,19,1800,428,188,172,1,-1,-1,-1
33,20,1425,90,132,228,1,-1,-1,-1
33,21,978,589,185,185,1,-1,-1,-1
33,22,652,548,132,184,1,-1,-1,-1
33,23,2056,272,120,268,1,-1,-1,-1
33,24,996,584,196,168,1,-1,-1,-1
33,25,436,668,184,192,1,-1,-1,-1
33,26,1458,453,132,196,1,-1,-1,-1
33,27,1368,408,208,156,1,-1,-1,-1
33,28,1687,495,160,180,1,-1,-1,-1
33,29,685,556,92,124,1,-1,-1,-1
33,30,1724,4,160,200,1,-1,-1,-1
33,31,1480,456,152,204,1,-1,-1,-1
34,0,2022,286,176,269,1,-1,-1,-1
34,1,493,644,112,178,1,-1,-1,-1
34,2,1376,119,96,248,1,-1,-1,-1
34,3,759,589,132,180,1,-1,-1,-1
34,4,1311,514,220,180,1,-1,-1,-1
34,5,399,594,168,171,1,-1,-1,-1
34,6,1558,278,148,216,1,-1,-1,-1
34,7,2155,57,112,248,1,-1,-1,-1
34,8,1587,412,264,216,1,-1,-1,-1
34,10,859,511,122,156,1,-1,-1,-1
34,11,1714,526,163,131,1,-1,-1,-1
34,13,447,633,172,196,1,-1,-1,-1
34,14,16,716,120,172,1,-1,-1,-1
34,15,1787,21,90,142,1,-1,-1,-1
34,16,1102,380,148,204,1,-1,-1,-1
34,18,600,577,130,141,1,-1,-1,-1
34,19,1814,405,188,172,1,-1,-1,-1
34,20,1432,73,126,217,1,-1,-1,-1
34,21,989,566,185,185,1,-1,-1,-1
34,22,666,525,132,184,1,-1,-1,-1
34,23,2064,248,120,268,1,-1,-1,-1
34,24,1009,561,196,168,1,-1,-1,-1
34,25,453,644,184,192,1,-1,-1,-1
34,26,1476,430,132,196,1,-1,-1,-1
34,27,1381,385,208,156,1,-1,-1,-1
34,28,1701,466,168,189,1,-1,-1,-1
34,29,703,535,88,118,1,-1,-1,-1
34,30,1731,0,160,186,1,-1,-1,-1
34,31,1494,433,152,204,1,-1,-1,-1
35,0,2040,253,176,269,1,-1,-1,-1
35,1,509,619,112,178,1,-1,-1,-1
35,2,1388,95,96,248,1,-1,-1,-1
35,3,773,563,132,180,1,-1,-1,-1
35,4,1332,494,210,171,1,-1,-1,-1
35,5,415,566,168,171,1,-1,-1,-1
35,6,1574,251,148,216,1,-1,-1,-1
35,7,2172,30,112,248,1,-1,-1,-1
35,8,1605,387,264,216,1,-1,-1,-1
35,10,874,483,122,156,1,-1,-1,-1
35,11,1731,497,163,131,1,-1,-1,-1
35,13,462,610,172,196,1,-1,-1,-1
35,14,34,691,120,172,1,-1,-1,-1
35,16,1118,353,148,204,1,-1,-1,-1
35,18,615,549,130,141,1,-1,-1,-1
35,19,1831,376,188,172,1,-1,-1,-1
35,20,1449,46,126,217,1,-1,-1,-1
35,21,1000,549,176,176,1,-1,-1,-1
35,22,684,504,132,184,1,-1,-1,-1
35,23,2079,222,120,268,1,-1,-1,-1
35,24,1022,536,196,168,1,-1,-1,-1
35,25,469,617,184,192,1,-1,-1,-1
35,26,1489,393,139,206,1,-1,-1,-1
35,27,1395,361,208,156,1,-1,-1,-1
35,28,1719,436,168,189,1,-1,-1,-1
35,29,717,511,88,118,1,-1,-1,-1
35,30,1747,0,152,158,1,-1,-1,-1
35,31,1510,407,152,204,1,-1,-1,-1
36,0,2048,247,176,269,1,-1,-1,-1
36,1,519,609,112,178,1,-1,-1,-1
36,2,1391,69,101,260,1,-1,-1,-1
36,3,779,547,132,180,1,-1,-1,-1
36,4,1337,476,210,171,1,-1,-1,-1
36,5,420,550,168,171,1,-1,-1,-1
36,6,1577,233,148,216,1,-1,-1,-1
36,7,2173,2,118,260,1,-1,-1,-1
36,8,1611,370,264,216,1,-1,-1,-1
36,10,882,468,122,156,1,-1,-1,-1
36,11,1736,480,171,137,1,-1,-1,-1
36,13,467,594,172,196,1,-1,-1,-1
36,14,44,675,120,172,1,-1,-1,-1
36,16,1123,336,148,204,1,-1,-1,-1
36,18,626,531,130,141,1,-1,-1,-1
36,19,1840,358,188,172,1,-1,-1,-1
36,20,1451,28,126,217,1,-1,-1,-1
36,21,1001,526,185,185,1,-1,-1,-1
36,22,687,485,132,184,1,-1,-1,-1
36,23,2085,204,120,268,1,-1,-1,-1
36,24,1028,519,196,168,1,-1,-1,-1
36,25,477,606,175,183,1,-1,-1,-1
36,26,1494,374,139,206,1,-1,-1,-1
36,27,1400,343,208,156,1,-1,-1,-1
36,28,1726,417,168,189,1,-1,-1,-1
36,29,728,496,88,118,1,-1,-1,-1
36,30,1751,0,152,142,1,-1,-1,-1
36,31,1515,389,152,204,1,-1,-1,-1
37,1,533,602,112,178,1,-1,-1,-1
37,2,1397,67,101,260,1,-1,-1,-1
37,3,792,541,132,180,1,-1,-1,-1
37,4,1347,471,200,163,1,-1,-1,-1
37,5,428,539,168,171,1,-1,-1,-1
37,6,1580,224,148,216,1,-1,-1,-1
37,7,2179,0,118,251,1,-1,-1,-1
37,8,1619,355,264,216,1,-1,-1,-1
37,10,888,457,122,156,1,-1,-1,-1
37,11,1744,465,171,137,1,-1,-1,-1
37,13,476,576,181,206,1,-1,-1,-1
37,14,53,669,120,172,1,-1,-1,-1
37,16,1131,324,148,204,1,-1,-1,-1
37,19,1848,345,188,172,1,-1,-1,-1
37,20,1454,12,126,217,1,-1,-1,-1
37,21,1012,507,185,185,1,-1,-1,-1
37,22,696,471,132,184,1,-1,-1,-1
37,23,2090,194,120,268,1,-1,-1,-1
37,24,1035,506,196,168,1,-1,-1,-1
37,25,485,593,175,183,1,-1,-1,-1
37,26,1504,367,132,196,1,-1,-1,-1
37,27,1411,334,198,149,1,-1,-1,-1
37,28,1734,406,168,189,1,-1,-1,-1
37,29,738,483,88,118,1,-1,-1,-1
37,30,1756,0,152,131,1,-1,-1,-1
37,31,1524,379,145,194,1,-1,-1,-1
38,1,548,599,107,169,1,-1,-1,-1
38,2,1402,47,101,260,1,-1,-1,-1
38,3,797,533,132,180,1,-1,-1,-1
38,4,1358,465,200,163,1,-1,-1,-1
38,5,435,536,168,171,1,-1,-1,-1
38,6,1585,217,148,216,1,-1,-1,-1
38,7,2183,0,123,245,1,-1,-1,-1
38,8,1633,353,251,206,1,-1,-1,-1
38,10,892,451,122,156,1,-1,-1,-1
38,11,1751,464,163,131,1,-1,-1,-1
38,13,487,570,181,206,1,-1,-1,-1
38,14,65,662,120,172,1,-1,-1,-1
38,16,1139,326,141,194,1,-1,-1,-1
38,19,1856,341,188,172,1,-1,-1,-1
38,20,1463,9,126,217,1,-1,-1,-1
38,21,1016,507,185,185,1,-1,-1,-1
38,22,704,468,132,184,1,-1,-1,-1
38,23,2095,190,120,268,1,-1,-1,-1
38,24,1040,502,196,168,1,-1,-1,-1
38,25,497,588,175,183,1,-1,-1,-1
38,26,1513,359,139,206,1,-1,-1,-1
38,27,1409,326,208,156,1,-1,-1,-1
38,28,1738,401,168,189,1,-1,-1,-1
38,29,746,480,88,118,1,-1,-1,-1
38,30,1761,0,152,128,1,-1,-1,-1
38,31,1533,373,145,194,1,-1,-1,-1
39,1,554,594,112,178,1,-1,-1,-1
39,2,1405,51,101,260,1,-1,-1,-1
39,3,804,539,126,171,1,-1,-1,-1
39,4,1361,462,200,163,1,-1,-1,-1
39,5,435,532,176,180,1,-1,-1,-1
39,6,1590,215,148,216,1,-1,-1,-1
39,7,2188,0,123,245,1,-1,-1,-1
39,8,1639,353,251,206,1,-1,-1,-1
39,10,898,450,122,156,1,-1,-1,-1
39,11,1760,462,163,131,1,-1,-1,-1
39,13,493,572,181,206,1,-1,-1,-1
39,14,76,668,114,164,1,-1,-1,-1
39,16,1145,324,141,194,1,-1,-1,-1
39,19,1858,341,188,172,1,-1,-1,-1
39,20,1462,0,132,228,1,-1,-1,-1
39,21,1024,511,176,176,1,-1,-1,-1
39,22,708,464,139,193,1,-1,-1,-1
39,23,2099,188,120,268,1,-1,-1,-1
39,24,1046,502,196,168,1,-1,-1,-1
39,25,503,592,167,174,1,-1,-1,-1
39,26,1513,354,139,206,1,-1,-1,-1
39,27,1420,330,208,156,1,-1,-1,-1
39,28,1747,402,168,189,1,-1,-1,-1
39,29,752,481,88,118,1,-1,-1,-1
39,30,1761,0,152,124,1,-1,-1,-1
39,31,1537,373,145,194,1,-1,-1,-1
40,1,557,597,112,178,1,-1,-1,-1
40,2,1410,65,96,248,1,-1,-1,-1
40,3,812,546,126,171,1,-1,-1,-1
40,4,1367,466,200,163,1,-1,-1,-1
40,5,441,538,176,180,1,-1,-1,-1
40,6,1598,223,141,206,1,-1,-1,-1
40,7,2193,0,118,240,1,-1,-1,-1
40,8,1645,355,251,206,1,-1,-1,-1
40,10,905,457,116,149,1,-1,-1,-1
40,11,1762,466,163,131,1,-1,-1,-1
40,13,498,578,181,206,1,-1,-1,-1
40,14,83,671,114,164,1,-1,-1,-1
40,16,1150,329,141,194,1,-1,-1,-1
40,19,1870,345,188,172,1,-1,-1,-1
40,20,1464,5,132,228,1,-1,-1,-1
40,21,1031,515,176,176,1,-1,-1,-1
40,22,717,473,132,184,1,-1,-1,-1
40,23,2102,191,120,268,1,-1,-1,-1
40,24,1049,503,196,168,1,-1,-1,-1
40,25,509,594,167,174,1,-1,-1,-1
40,26,1517,357,139,206,1,-1,-1,-1
40,27,1428,334,198,149,1,-1,-1,-1
40,28,1752,403,168,189,1,-1,-1,-1
40,29,756,483,88,118,1,-1,-1,-1
40,30,1763,0,152,132,1,-1,-1,-1
40,31,1544,375,145,194,1,-1,-1,-1
41,1,557,597,112,178,1,-1,-1,-1
41,2,1416,100,88,224,1,-1,-1,-1
41,3,804,536,164,184,1,-1,-1,-1
41,4,1360,492,180,156,1,-1,-1,-1
41,5,441,538,176,180,1,-1,-1,-1
41,6,1604,248,140,192,1,-1,-1,-1
41,7,2208,4,112,236,1,-1,-1,-1
41,8,1645,355,251,206,1,-1,-1,-1
41,10,936,420,192,208,1,-1,-1,-1
41,11,1762,466,163,131,1,-1,-1,-1
41,13,498,578,181,206,1,-1,-1,-1
41,14,83,671,114,164,1,-1,-1,-1
41,16,1150,329,141,194,1,-1,-1,-1
41,19,1870,345,188,172,1,-1,-1,-1
41,20,1464,5,132,228,1,-1,-1,-1
41,21,1031,515,176,176,1,-1,-1,-1
41,22,700,496,140,172,1,-1,-1,-1
41,23,2104,196,116,268,1,-1,-1,-1
41,24,1048,516,212,160,1,-1,-1,-1
41,25,509,594,167,174,1,-1,-1,-1
41,26,1517,357,139,206,1,-1,-1,-1
41,27,1448,348,188,136,1,-1,-1,-1
41,28,1724,416,208,184,1,-1,-1,-1
41,29,756,483,88,118,1,-1,-1,-1
41,30,1768,0,152,132,1,-1,-1,-1
41,31,1544,375,145,194,1,-1,-1,-1
41,32,0,680,200,172,1,-1,-1,-1
41,33,448,560,216,232,1,-1,-1,-1
41,34,1916,348,168,152,1,-1,-1,-1
41,35,1128,328,144,184,1,-1,-1,-1
41,36,768,492,76,120,1,-1,-1,-1
41,37,700,572,112,92,1,-1,-1,-1
42,1,561,613,112,178,1,-1,-1,-1
42,2,1416,102,88,224,1,-1,-1,-1
42,3,809,542,164,184,1,-1,-1,-1
42,4,1363,497,180,156,1,-1,-1,-1
42,5,451,557,168,171,1,-1,-1,-1
42,6,1608,251,140,192,1,-1,-1,-1
42,7,2210,7,112,236,1,-1,-1,-1
42,8,1660,370,251,206,1,-1,-1,-1
42,10,938,423,192,208,1,-1,-1,-1
42,11,1766,474,163,131,1,-1,-1,-1
42,13,502,598,181,206,1,-1,-1,-1
42,14,95,683,114,164,1,-1,-1,-1
42,16,1157,336,141,194,1,-1,-1,-1
42,19,1878,361,188,172,1,-1,-1,-1
42,20,1467,22,132,228,1,-1,-1,-1
42,21,1032,530,176,176,1,-1,-1,-1
42,22,702,501,140,172,1,-1,-1,-1
42,23,2108,204,110,255,1,-1,-1,-1
42,24,1049,519,212,160,1,-1,-1,-1
42,25,514,607,167,174,1,-1,-1,-1
42,26,1529,368,139,206,1,-1,-1,-1
42,27,1450,352,188,136,1,-1,-1,-1
42,28,1728,421,208,184,1,-1,-1,-1
42,29,764,495,88,118,1,-1,-1,-1
42,30,1768,5,152,132,1,-1,-1,-1
42,31,1548,391,145,194,1,-1,-1,-1
42,32,4,684,200,172,1,-1,-1,-1
42,33,446,559,227,244,1,-1,-1,-1
42,34,1915,349,176,160,1,-1,-1,-1
42,35,1131,332,144,184,1,-1,-1,-1
42,36,770,499,76,120,1,-1,-1,-1
42,37,703,576,112,92,1,-1,-1,-1
43,1,564,619,112,178,1,-1,-1,-1
43,2,1416,100,92,235,1,-1,-1,-1
43,3,815,549,164,184,1,-1,-1,-1
43,4,1368,502,180,156,1,-1,-1,-1
43,5,461,565,160,163,1,-1,-1,-1
43,6,1612,257,140,192,1,-1,-1,-1
43,7,2213,10,112,236,1,-1,-1,-1
43,8,1669,374,251,206,1,-1,-1,-1
43,10,941,430,192,208,1,-1,-1,-1
43,11,1767,480,163,131,1,-1,-1,-1
43,13,509,603,181,206,1,-1,-1,-1
43,14,107,686,114,164,1,-1,-1,-1
43,16,1163,347,134,185,1,-1,-1,-1
43,19,1888,362,188,172,1,-1,-1,-1
43,20,1471,27,132,228,1,-1,-1,-1
43,21,1035,536,176,176,1,-1,-1,-1
43,22,707,507,140,172,1,-1,-1,-1
43,23,2112,214,105,243,1,-1,-1,-1
43,24,1045,521,223,168,1,-1,-1,-1
43,25,523,616,167,174,1,-1,-1,-1
43,26,1537,385,132,196,1,-1,-1,-1
43,27,1456,359,188,136,1,-1,-1,-1
43,28,1739,430,198,175,1,-1,-1,-1
43,29,769,501,88,118,1,-1,-1,-1
43,30,1768,7,152,132,1,-1,-1,-1
43,31,1551,393,145,194,1,-1,-1,-1
43,32,10,690,200,172,1,-1,-1,-1
43,33,451,566,227,244,1,-1,-1,-1
43,34,1928,358,168,152,1,-1,-1,-1
43,35,1135,338,144,184,1,-1,-1,-1
43,36,776,503,76,120,1,-1,-1,-1
43,37,708,580,112,92,1,-1,-1,-1
44,1,570,626,107,169,1,-1,-1,-1
44,2,1418,103,92,235,1,-1,-1,-1
44,3,818,553,164,184,1,-1,-1,-1
44,4,1371,504,180,156,1,-1,-1,-1
44,5,459,566,168,171,1,-1,-1,-1
44,6,1615,260,140,192,1,-1,-1,-1
44,7,2212,7,118,248,1,-1,-1,-1
44,8,1674,377,251,206,1,-1,-1,-1
44,10,944,433,192,208,1,-1,-1,-1
44,11,1767,479,163,131,1,-1,-1,-1
44,13,516,611,172,196,1,-1,-1,-1
44,14,110,690,114,164,1,-1,-1,-1
44,16,1163,347,134,185,1,-1,-1,-1
44,19,1895,369,179,164,1,-1,-1,-1
44,20,1472,28,132,228,1,-1,-1,-1
44,21,1038,540,176,176,1,-1,-1,-1
44,22,709,508,140,172,1,-1,-1,-1
44,23,2112,217,105,243,1,-1,-1,-1
44,24,1049,525,223,168,1,-1,-1,-1
44,25,522,625,167,174,1,-1,-1,-1
44,27,1458,361,188,136,1,-1,-1,-1
44,28,1740,431,198,175,1,-1,-1,-1
44,29,772,504,83,112,1,-1,-1,-1
44,30,1764,7,160,139,1,-1,-1,-1
44,31,1554,400,145,194,1,-1,-1,-1
44,32,13,692,200,172,1,-1,-1,-1
44,33,454,567,227,244,1,-1,-1,-1
44,34,1933,361,168,152,1,-1,-1,-1
44,35,1136,340,144,184,1,-1,-1,-1
44,36,778,504,76,120,1,-1,-1,-1
44,37,710,581,112,92,1,-1,-1,-1
45,1,573,633,107,169,1,-1,-1,-1
45,2,1419,106,92,235,1,-1,-1,-1
45,3,823,561,156,175,1,-1,-1,-1
45,4,1373,505,180,156,1,-1,-1,-1
45,5,456,566,176,180,1,-1,-1,-1
45,6,1616,260,140,192,1,-1,-1,-1
45,7,2212,8,118,248,1,-1,-1,-1
45,8,1683,383,239,196,1,-1,-1,-1
45,10,944,433,192,208,1,-1,-1,-1
45,11,1769,479,163,131,1,-1,-1,-1
45,13,518,616,172,196,1,-1,-1,-1
45,14,114,695,114,164,1,-1,-1,-1
45,16,1165,349,134,185,1,-1,-1,-1
45,19,1902,373,171,156,1,-1,-1,-1
45,20,1474,30,132,228,1,-1,-1,-1
45,21,1034,531,185,185,1,-1,-1,-1
45,22,710,508,140,172,1,-1,-1,-1
45,23,2109,210,110,255,1,-1,-1,-1
45,24,1050,527,223,168,1,-1,-1,-1
45,25,527,629,159,166,1,-1,-1,-1
45,27,1461,361,188,136,1,-1,-1,-1
45,28,1742,432,198,175,1,-1,-1,-1
45,29,773,506,83,112,1,-1,-1,-1
45,30,1763,9,160,139,1,-1,-1,-1
45,31,1556,403,138,185,1,-1,-1,-1
45,32,18,695,200,172,1,-1,-1,-1
45,33,454,572,227,244,1,-1,-1,-1
45,34,1936,360,168,152,1,-1,-1,-1
45,35,1137,340,144,184,1,-1,-1,-1
45,36,779,505,76,120,1,-1,-1,-1
45,37,711,582,112,92,1,-1,-1,-1
46,1,571,639,107,169,1,-1,-1,-1
46,2,1419,113,88,224,1,-1,-1,-1
46,3,822,564,156,175,1,-1,-1,-1
46,4,1372,508,180,156,1,-1,-1,-1
46,5,449,567,185,189,1,-1,-1,-1
46,6,1611,258,147,202,1,-1,-1,-1
46,7,2208,9,118,248,1,-1,-1,-1
46,8,1676,388,239,196,1,-1,-1,-1
46,10,945,441,183,198,1,-1,-1,-1
46,11,1767,484,163,131,1,-1,-1,-1
46,13,515,621,172,196,1,-1,-1,-1
46,14,117,700,114,164,1,-1,-1,-1
46,16,1160,345,141,194,1,-1,-1,-1
46,19,1911,374,171,156,1,-1,-1,-1
46,20,1469,33,132,228,1,-1,-1,-1
46,21,1033,536,185,185,1,-1,-1,-1
46,22,708,511,140,172,1,-1,-1,-1
46,23,2107,211,110,255,1,-1,-1,-1
46,24,1047,527,223,168,1,-1,-1,-1
46,25,527,635,159,166,1,-1,-1,-1
46,27,1463,366,179,130,1,-1,-1,-1
46,28,1737,430,208,184,1,-1,-1,-1
46,29,771,508,83,112,1,-1,-1,-1
46,30,1760,17,152,132,1,-1,-1,-1
46,31,1556,407,138,185,1,-1,-1,-1
46,32,19,699,200,172,1,-1,-1,-1
46,33,450,576,227,244,1,-1,-1,-1
46,34,1940,367,160,145,1,-1,-1,-1
46,35,1134,341,144,184,1,-1,-1,-1
46,36,775,504,80,126,1,-1,-1,-1
46,37,708,584,112,92,1,-1,-1,-1
47,2,1412,128,88,224,1,-1,-1,-1
47,3,817,579,156,175,1,-1,-1,-1
47,4,1368,524,180,156,1,-1,-1,-1
47,5,445,582,185,189,1,-1,-1,-1
47,6,1607,274,147,202,1,-1,-1,-1
47,7,2199,11,123,260,1,-1,-1,-1
47,8,1674,390,251,206,1,-1,-1,-1
47,10,938,455,183,198,1,-1,-1,-1
47,11,1760,494,163,131,1,-1,-1,-1
47,13,513,634,172,196,1,-1,-1,-1
47,14,118,715,114,164,1,-1,-1,-1
47,16,1151,352,148,204,1,-1,-1,-1
47,19,1922,384,171,156,1,-1,-1,-1
47,20,1464,49,132,228,1,-1,-1,-1
47,21,1031,542,185,185,1,-1,-1,-1
47,22,703,524,140,172,1,-1,-1,-1
47,23,2104,228,110,255,1,-1,-1,-1
47,24,1040,546,223,168,1,-1,-1,-1
47,25,521,646,159,166,1,-1,-1,-1
47,27,1462,378,179,130,1,-1,-1,-1
47,28,1733,444,208,184,1,-1,-1,-1
47,29,767,518,83,112,1,-1,-1,-1
47,30,1751,27,152,132,1,-1,-1,-1
47,31,1547,417,145,194,1,-1,-1,-1
47,32,17,714,200,172,1,-1,-1,-1
47,33,443,589,227,244,1,-1,-1,-1
47,34,1940,379,160,145,1,-1,-1,-1
47,35,1129,355,144,184,1,-1,-1,-1
47,36,770,517,80,126,1,-1,-1,-1
47,37,702,595,112,92,1,-1,-1,-1
48,2,1402,149,88,224,1,-1,-1,-1
48,3,809,591,164,184,1,-1,-1,-1
48,4,1365,541,180,156,1,-1,-1,-1
48,5,436,599,194,198,1,-1,-1,-1
48,6,1605,292,147,202,1,-1,-1,-1
48,7,2196,38,118,248,1,-1,-1,-1
48,8,1675,412,239,196,1,-1,-1,-1
48,10,933,473,183,198,1,-1,-1,-1
48,11,1760,514,163,131,1,-1,-1,-1
48,13,506,655,172,196,1,-1,-1,-1
48,14,115,733,114,164,1,-1,-1,-1
48,16,1150,378,141,194,1,-1,-1,-1
48,19,1918,406,162,149,1,-1,-1,-1
48,20,1460,70,126,217,1,-1,-1,-1
48,21,1017,573,185,185,1,-1,-1,-1
48,22,698,542,140,172,1,-1,-1,-1
48,23,2094,241,116,268,1,-1,-1,-1
48,24,1040,571,212,160,1,-1,-1,-1
48,25,515,659,167,174,1,-1,-1,-1
48,27,1467,397,171,123,1,-1,-1,-1
48,28,1724,460,218,193,1,-1,-1,-1
48,29,761,535,79,107,1,-1,-1,-1
48,30,1741,45,152,132,1,-1,-1,-1
48,31,1541,435,145,194,1,-1,-1,-1
48,32,16,735,200,172,1,-1,-1,-1
48,33,440,608,227,244,1,-1,-1,-1
48,34,1939,397,160,145,1,-1,-1,-1
48,35,1124,375,144,184,1,-1,-1,-1
48,36,767,538,80,126,1,-1,-1,-1
48,37,697,614,112,92,1,-1,-1,-1
49,2,1396,148,92,236,1,-1,-1,-1
49,3,809,591,164,184,1,-1,-1,-1
49,4,1352,540,188,188,1,-1,-1,-1
49,5,436,599,194,198,1,-1,-1,-1
49,6,1600,292,132,200,1,-1,-1,-1
49,7,2192,40,108,280,1,-1,-1,-1
49,8,1675,412,239,196,1,-1,-1,-1
49,10,956,504,144,192,1,-1,-1,-1
49,11,1760,514,163,131,1,-1,-1,-1
49,13,506,655,172,196,1,-1,-1,-1
49,14,115,733,114,164,1,-1,-1,-1
49,16,1150,378,141,194,1,-1,-1,-1
49,19,1912,416,184,184,1,-1,-1,-1
49,20,1460,70,126,217,1,-1,-1,-1
49,21,1017,573,185,185,1,-1,-1,-1
49,22,688,548,144,180,1,-1,-1,-1
49,23,2094,241,116,268,1,-1,-1,-1
49,24,1040,571,212,160,1,-1,-1,-1
49,25,515,659,167,174,1,-1,-1,-1
49,27,1468,420,148,112,1,-1,-1,-1
49,28,1724,460,218,193,1,-1,-1,-1
49,29,761,535,79,107,1,-1,-1,-1
49,30,1741,45,152,132,1,-1,-1,-1
49,31,1544,460,140,188,1,-1,-1,-1
49,32,0,752,224,176,1,-1,-1,-1
49,33,456,620,196,180,1,-1,-1,-1
49,34,1939,397,160,145,1,-1,-1,-1
49,35,1124,384,148,172,1,-1,-1,-1
49,36,767,538,80,126,1,-1,-1,-1
49,37,697,614,112,92,1,-1,-1,-1
49,38,1044,600,220,156,1,-1,-1,-1
49,39,812,656,192,136,1,-1,-1,-1
49,40,1664,440,272,240,1,-1,-1,-1
50,2,1394,152,92,236,1,-1,-1,-1
50,3,810,614,164,184,1,-1,-1,-1
50,4,1352,545,188,188,1,-1,-1,-1
50,5,436,621,194,198,1,-1,-1,-1
50,6,1600,296,132,200,1,-1,-1,-1
50,7,2191,43,108,280,1,-1,-1,-1
50,8,1670,440,239,196,1,-1,-1,-1
50,10,956,510,144,192,1,-1,-1,-1
50,11,1768,538,155,124,1,-1,-1,-1
50,13,506,676,172,196,1,-1,-1,-1
50,14,127,756,114,164,1,-1,-1,-1
50,16,1152,405,134,185,1,-1,-1,-1
50,19,1912,421,184,184,1,-1,-1,-1
50,20,1450,85,132,228,1,-1,-1,-1
50,22,688,552,144,180,1,-1,-1,-1
50,23,2093,271,110,255,1,-1,-1,-1
50,24,1041,591,212,160,1,-1,-1,-1
50,25,513,689,167,174,1,-1,-1,-1
50,27,1469,428,148,112,1,-1,-1,-1
50,28,1726,485,218,193,1,-1,-1,-1
50,29,759,555,79,107,1,-1,-1,-1
50,30,1737,72,152,132,1,-1,-1,-1
50,31,1544,466,140,188,1,-1,-1,-1
50,32,5,757,224,176,1,-1,-1,-1
50,33,456,626,196,180,1,-1,-1,-1
50,34,1942,419,160,145,1,-1,-1,-1
50,35,1125,391,148,172,1,-1,-1,-1
50,36,767,560,80,126,1,-1,-1,-1
50,37,695,635,112,92,1,-1,-1,-1
50,38,1043,605,220,156,1,-1,-1,-1
50,39,811,659,192,136,1,-1,-1,-1
50,40,1667,443,272,240,1,-1,-1,-1
51,2,1397,160,88,225,1,-1,-1,-1
51,3,812,616,164,184,1,-1,-1,-1
51,4,1355,547,188,188,1,-1,-1,-1
51,5,440,624,194,198,1,-1,-1,-1
51,6,1603,297,132,200,1,-1,-1,-1
51,7,2192,45,108,280,1,-1,-1,-1
51,8,1673,444,239,196,1,-1,-1,-1
51,10,959,514,144,192,1,-1,-1,-1
51,11,1772,543,155,124,1,-1,-1,-1
51,13,507,677,172,196,1,-1,-1,-1
51,14,132,761,114,164,1,-1,-1,-1
51,16,1153,408,134,185,1,-1,-1,-1
51,19,1917,423,184,184,1,-1,-1,-1
51,20,1448,95,132,228,1,-1,-1,-1
51,22,689,555,144,180,1,-1,-1,-1
51,23,2088,265,116,268,1,-1,-1,-1
51,24,1040,594,212,160,1,-1,-1,-1
51,25,519,687,175,183,1,-1,-1,-1
51,27,1470,429,148,112,1,-1,-1,-1
51,28,1732,491,208,184,1,-1,-1,-1
51,29,757,552,79,107,1,-1,-1,-1
51,30,1739,75,152,132,1,-1,-1,-1
51,31,1546,467,140,188,1,-1,-1,-1
51,32,9,763,224,176,1,-1,-1,-1
51,33,460,628,196,180,1,-1,-1,-1
51,34,1955,424,152,138,1,-1,-1,-1
51,35,1126,395,148,172,1,-1,-1,-1
51,36,765,563,80,126,1,-1,-1,-1
51,37,696,639,112,92,1,-1,-1,-1
51,38,1047,607,220,156,1,-1,-1,-1
51,39,814,659,192,136,1,-1,-1,-1
51,40,1666,440,286,252,1,-1,-1,-1
52,2,1399,166,83,214,1,-1,-1,-1
52,3,818,624,156,175,1,-1,-1,-1
52,4,1357,550,188,188,1,-1,-1,-1
52,5,442,625,194,198,1,-1,-1,-1
52,6,1609,303,126,190,1,-1,-1,-1
52,7,2190,45,108,280,1,-1,-1,-1
52,8,1682,449,228,187,1,-1,-1,-1
52,10,959,517,144,192,1,-1,-1,-1
52,11,1774,547,155,124,1,-1,-1,-1
52,13,508,680,172,196,1,-1,-1,-1
52,14,136,763,114,164,1,-1,-1,-1
52,16,1156,410,134,185,1,-1,-1,-1
52,19,1920,427,184,184,1,-1,-1,-1
52,20,1443,87,139,239,1,-1,-1,-1
52,22,689,559,144,180,1,-1,-1,-1
52,23,2088,269,116,268,1,-1,-1,-1
52,24,1038,595,223,168,1,-1,-1,-1
52,25,514,690,175,183,1,-1,-1,-1
52,27,1472,433,148,112,1,-1,-1,-1
52,28,1735,494,208,184,1,-1,-1,-1
52,29,754,554,83,112,1,-1,-1,-1
52,30,1743,82,145,126,1,-1,-1,-1
52,31,1548,472,140,188,1,-1,-1,-1
52,32,9,762,235,185,1,-1,-1,-1
52,33,465,637,187,171,1,-1,-1,-1
52,34,1959,429,152,138,1,-1,-1,-1
52,35,1127,399,148,172,1,-1,-1,-1
52,36,771,574,76,120,1,-1,-1,-1
52,37,696,645,112,92,1,-1,-1,-1
52,38,1048,611,220,156,1,-1,-1,-1
52,39,815,663,192,136,1,-1,-1,-1
52,40,1660,433,300,265,1,-1,-1,-1
53,2,1399,167,83,214,1,-1,-1,-1
53,3,817,629,156,175,1,-1,-1,-1
53,4,1357,554,188,188,1,-1,-1,-1
53,5,445,625,194,198,1,-1,-1,-1
53,6,1612,305,126,190,1,-1,-1,-1
53,7,2189,47,108,280,1,-1,-1,-1
53,8,1683,451,228,187,1,-1,-1,-1
53,10,960,524,144,192,1,-1,-1,-1
53,11,1778,549,155,124,1,-1,-1,-1
53,13,510,684,172,196,1,-1,-1,-1
53,14,144,771,109,156,1,-1,-1,-1
53,16,1156,416,134,185,1,-1,-1,-1
53,19,1922,428,184,184,1,-1,-1,-1
53,20,1442,91,139,239,1,-1,-1,-1
53,22,690,561,144,180,1,-1,-1,-1
53,23,2087,271,116,268,1,-1,-1,-1
53,24,1040,599,223,168,1,-1,-1,-1
53,27,1473,438,148,112,1,-1,-1,-1
53,28,1739,499,198,175,1,-1,-1,-1
53,29,755,553,83,112,1,-1,-1,-1
53,30,1737,82,152,132,1,-1,-1,-1
53,31,1551,474,140,188,1,-1,-1,-1
53,32,12,766,235,185,1,-1,-1,-1
53,33,465,639,187,171,1,-1,-1,-1
53,34,1959,429,160,145,1,-1,-1,-1
53,35,1127,402,148,172,1,-1,-1,-1
53,36,772,578,76,120,1,-1,-1,-1
53,37,697,648,112,92,1,-1,-1,-1
53,38,1050,612,220,156,1,-1,-1,-1
53,39,816,665,192,136,1,-1,-1,-1
53,40,1668,443,286,252,1,-1,-1,-1
54,2,1399,172,83,214,1,-1,-1,-1
54,3,818,631,156,175,1,-1,-1,-1
54,4,1359,556,188,188,1,-1,-1,-1
54,5,456,632,185,189,1,-1,-1,-1
54,6,1615,308,126,190,1,-1,-1,-1
54,7,2189,45,108,280,1,-1,-1,-1
54,8,1682,448,239,196,1,-1,-1,-1
54,10,960,525,144,192,1,-1,-1,-1
54,11,1778,551,155,124,1,-1,-1,-1
54,13,511,688,172,196,1,-1,-1,-1
54,14,147,775,109,156,1,-1,-1,-1
54,16,1154,420,134,185,1,-1,-1,-1
54,19,1922,431,184,184,1,-1,-1,-1
54,20,1440,92,139,239,1,-1,-1,-1
54,22,690,566,144,180,1,-1,-1,-1
54,23,2089,274,116,268,1,-1,-1,-1
54,24,1041,600,223,168,1,-1,-1,-1
54,27,1477,443,148,112,1,-1,-1,-1
54,28,1740,497,208,184,1,-1,-1,-1
54,29,754,555,83,112,1,-1,-1,-1
54,30,1737,86,152,132,1,-1,-1,-1
54,31,1556,482,133,179,1,-1,-1,-1
54,32,16,767,235,185,1,-1,-1,-1
54,33,468,640,187,171,1,-1,-1,-1
54,34,1965,434,152,138,1,-1,-1,-1
54,35,1132,408,141,164,1,-1,-1,-1
54,36,772,579,76,120,1,-1,-1,-1
54,37,698,654,112,92,1,-1,-1,-1
54,38,1052,616,220,156,1,-1,-1,-1
54,39,813,660,202,143,1,-1,-1,-1
54,40,1674,448,286,252,1,-1,-1,-1
55,2,1396,171,88,225,1,-1,-1,-1
55,3,821,632,156,175,1,-1,-1,-1
55,4,1361,560,188,188,1,-1,-1,-1
55,5,460,633,185,189,1,-1,-1,-1
55,6,1616,311,126,190,1,-1,-1,-1
55,7,2189,43,108,280,1,-1,-1,-1
55,8,1689,452,239,196,1,-1,-1,-1
55,10,961,527,144,192,1,-1,-1,-1
55,11,1778,554,155,124,1,-1,-1,-1
55,13,508,691,172,196,1,-1,-1,-1
55,14,149,772,114,164,1,-1,-1,-1
55,16,1156,421,134,185,1,-1,-1,-1
55,19,1926,433,184,184,1,-1,-1,-1
55,20,1440,96,139,239,1,-1,-1,-1
55,22,690,569,144,180,1,-1,-1,-1
55,23,2090,277,116,268,1,-1,-1,-1
55,24,1042,602,223,168,1,-1,-1,-1
55,27,1482,448,141,107,1,-1,-1,-1
55,28,1742,494,218,193,1,-1,-1,-1
55,29,752,561,83,112,1,-1,-1,-1
55,30,1737,89,152,132,1,-1,-1,-1
55,31,1558,485,133,179,1,-1,-1,-1
55,32,22,769,235,185,1,-1,-1,-1
55,33,471,644,187,171,1,-1,-1,-1
55,34,1966,435,160,145,1,-1,-1,-1
55,35,1130,412,141,164,1,-1,-1,-1
55,36,774,585,76,120,1,-1,-1,-1
55,37,698,660,112,92,1,-1,-1,-1
55,38,1054,617,220,156,1,-1,-1,-1
55,39,809,661,212,150,1,-1,-1,-1
55,40,1672,442,300,265,1,-1,-1,-1
56,2,1398,181,83,214,1,-1,-1,-1
56,3,822,632,156,175,1,-1,-1,-1
56,4,1362,561,188,188,1,-1,-1,-1
56,5,467,640,176,180,1,-1,-1,-1
56,6,1619,316,126,190,1,-1,-1,-1
56,7,2187,47,108,280,1,-1,-1,-1
56,10,961,531,144,192,1,-1,-1,-1
56,11,1781,555,155,124,1,-1,-1,-1
56,13,512,697,172,196,1,-1,-1,-1
56,14,157,780,109,156,1,-1,-1,-1
56,16,1154,421,141,194,1,-1,-1,-1
56,19,1922,433,193,193,1,-1,-1,-1
56,20,1443,102,132,228,1,-1,-1,-1
56,22,686,568,151,189,1,-1,-1,-1
56,23,2096,281,110,255,1,-1,-1,-1
56,24,1046,605,223,168,1,-1,-1,-1
56,27,1486,454,141,107,1,-1,-1,-1
56,28,1743,494,229,203,1,-1,-1,-1
56,29,752,569,83,112,1,-1,-1,-1
56,30,1733,87,160,139,1,-1,-1,-1
56,31,1557,485,140,188,1,-1,-1,-1
56,32,27,771,235,185,1,-1,-1,-1
56,33,476,650,178,163,1,-1,-1,-1
56,34,1976,440,152,138,1,-1,-1,-1
56,35,1130,414,141,164,1,-1,-1,-1
56,36,761,576,76,120,1,-1,-1,-1
56,37,698,664,112,92,1,-1,-1,-1
56,38,1057,619,220,156,1,-1,-1,-1
56,39,811,661,212,150,1,-1,-1,-1
56,40,1670,447,300,265,1,-1,-1,-1
57,2,1388,164,100,240,1,-1,-1,-1
57,3,822,632,156,175,1,-1,-1,-1
57,4,1362,561,188,188,1,-1,-1,-1
57,5,467,640,176,180,1,-1,-1,-1
57,6,1616,312,128,220,1,-1,-1,-1
57,7,2192,84,108,212,1,-1,-1,-1
57,10,961,531,144,192,1,-1,-1,-1
57,11,1781,555,155,124,1,-1,-1,-1
57,13,512,697,172,196,1,-1,-1,-1
57,14,157,780,109,156,1,-1,-1,-1
57,16,1154,421,141,194,1,-1,-1,-1
57,19,1920,460,204,176,1,-1,-1,-1
57,20,1443,102,132,228,1,-1,-1,-1
57,22,686,568,151,189,1,-1,-1,-1
57,23,2096,300,116,240,1,-1,-1,-1
57,24,1046,605,223,168,1,-1,-1,-1
57,27,1486,454,141,107,1,-1,-1,-1
57,28,1743,494,229,203,1,-1,-1,-1
57,29,752,569,83,112,1,-1,-1,-1
57,30,1733,87,160,139,1,-1,-1,-1
57,31,1557,485,140,188,1,-1,-1,-1
57,32,36,784,236,172,1,-1,-1,-1
57,33,476,650,178,163,1,-1,-1,-1
57,34,1976,440,152,138,1,-1,-1,-1
57,35,1140,428,136,132,1,-1,-1,-1
57,36,768,576,88,140,1,-1,-1,-1
57,37,652,608,176,152,1,-1,-1,-1
57,38,1064,616,236,164,1,-1,-1,-1
57,39,820,660,216,156,1,-1,-1,-1
57,40,1692,464,236,224,1,-1,-1,-1
57,41,1380,572,200,180,1,-1,-1,-1
57,42,480,712,152,184,1,-1,-1,-1
57,43,1512,504,152,164,1,-1,-1,-1
58,2,1388,165,100,240,1,-1,-1,-1
58,3,826,636,156,175,1,-1,-1,-1
58,4,1365,567,188,188,1,-1,-1,-1
58,5,476,644,176,180,1,-1,-1,-1
58,6,1617,313,128,220,1,-1,-1,-1
58,7,2192,82,108,212,1,-1,-1,-1
58,10,965,532,144,192,1,-1,-1,-1
58,11,1788,558,163,131,1,-1,-1,-1
58,13,512,700,172,196,1,-1,-1,-1
58,14,172,789,104,149,1,-1,-1,-1
58,16,1155,422,141,194,1,-1,-1,-1
58,19,1922,462,204,176,1,-1,-1,-1
58,20,1442,110,132,228,1,-1,-1,-1
58,22,688,580,151,189,1,-1,-1,-1
58,23,2096,299,116,240,1,-1,-1,-1
58,24,1049,610,223,168,1,-1,-1,-1
58,27,1494,460,134,102,1,-1,-1,-1
58,28,1752,501,218,193,1,-1,-1,-1
58,30,1732,92,160,139,1,-1,-1,-1
58,31,1559,485,147,197,1,-1,-1,-1
58,32,41,785,236,172,1,-1,-1,-1
58,33,477,656,178,163,1,-1,-1,-1
58,34,1983,448,145,131,1,-1,-1,-1
58,35,1140,429,136,132,1,-1,-1,-1
58,36,770,578,88,140,1,-1,-1,-1
58,37,653,610,176,152,1,-1,-1,-1
58,38,1067,616,236,164,1,-1,-1,-1
58,39,825,665,206,149,1,-1,-1,-1
58,40,1694,466,236,224,1,-1,-1,-1
58,41,1383,574,200,180,1,-1,-1,-1
58,42,480,712,152,184,1,-1,-1,-1
58,43,1513,505,152,164,1,-1,-1,-1
59,2,1387,168,100,240,1,-1,-1,-1
59,3,827,638,156,175,1,-1,-1,-1
59,4,1369,568,188,188,1,-1,-1,-1
59,5,485,643,176,180,1,-1,-1,-1
59,6,1620,314,128,220,1,-1,-1,-1
59,7,2193,80,108,212,1,-1,-1,-1
59,10,965,532,144,192,1,-1,-1,-1
59,11,1788,559,163,131,1,-1,-1,-1
59,13,513,707,164,187,1,-1,-1,-1
59,14,178,791,104,149,1,-1,-1,-1
59,16,1159,426,134,185,1,-1,-1,-1
59,19,1925,462,204,176,1,-1,-1,-1
59,20,1441,112,132,228,1,-1,-1,-1
59,22,693,586,144,180,1,-1,-1,-1
59,23,2097,299,116,240,1,-1,-1,-1
59,24,1052,610,223,168,1,-1,-1,-1
59,27,1495,462,134,102,1,-1,-1,-1
59,28,1758,504,208,184,1,-1,-1,-1
59,30,1731,93,160,139,1,-1,-1,-1
59,31,1561,489,147,197,1,-1,-1,-1
59,32,47,788,236,172,1,-1,-1,-1
59,33,481,660,178,163,1,-1,-1,-1
59,34,1992,452,138,125,1,-1,-1,-1
59,35,1144,434,130,126,1,-1,-1,-1
59,36,771,582,88,140,1,-1,-1,-1
59,37,659,618,168,145,1,-1,-1,-1
59,38,1070,618,236,164,1,-1,-1,-1
59,39,826,667,206,149,1,-1,-1,-1
59,40,1696,467,236,224,1,-1,-1,-1
59,41,1385,576,200,180,1,-1,-1,-1
59,42,480,712,152,184,1,-1,-1,-1
59,43,1515,508,152,164,1,-1,-1,-1
60,2,1385,168,100,240,1,-1,-1,-1
60,3,832,644,149,167,1,-1,-1,-1
60,4,1371,569,188,188,1,-1,-1,-1
60,5,493,649,168,171,1,-1,-1,-1
60,6,1621,314,128,220,1,-1,-1,-1
60,7,2194,80,108,212,1,-1,-1,-1
60,10,962,530,151,202,1,-1,-1,-1
60,11,1790,561,163,131,1,-1,-1,-1
60,13,508,711,164,187,1,-1,-1,-1
60,14,183,797,99,142,1,-1,-1,-1
60,16,1162,427,134,185,1,-1,-1,-1
60,19,1928,464,204,176,1,-1,-1,-1
60,20,1440,111,132,228,1,-1,-1,-1
60,22,692,585,151,189,1,-1,-1,-1
60,23,2098,298,116,240,1,-1,-1,-1
60,24,1051,605,234,176,1,-1,-1,-1
60,27,1499,465,134,102,1,-1,-1,-1
60,28,1761,506,208,184,1,-1,-1,-1
60,30,1733,99,160,139,1,-1,-1,-1
60,31,1564,489,147,197,1,-1,-1,-1
60,32,51,791,236,172,1,-1,-1,-1
60,33,516,647,169,155,1,-1,-1,-1
60,34,1998,453,132,119,1,-1,-1,-1
60,35,1145,435,130,126,1,-1,-1,-1
60,36,776,588,84,133,1,-1,-1,-1
60,37,662,622,168,145,1,-1,-1,-1
60,38,1073,617,236,164,1,-1,-1,-1
60,39,828,669,206,149,1,-1,-1,-1
60,40,1699,469,236,224,1,-1,-1,-1
60,41,1388,579,200,180,1,-1,-1,-1
60,42,479,715,152,184,1,-1,-1,-1
60,43,1517,510,152,164,1,-1,-1,-1
61,2,1382,162,105,252,1,-1,-1,-1
61,3,836,645,149,167,1,-1,-1,-1
61,4,1375,571,188,188,1,-1,-1,-1
61,5,499,652,168,171,1,-1,-1,-1
61,6,1623,313,128,220,1,-1,-1,-1
61,7,2195,79,108,212,1,-1,-1,-1
61,10,964,533,151,202,1,-1,-1,-1
61,11,1795,564,163,131,1,-1,-1,-1
61,13,510,714,164,187,1,-1,-1,-1
61,14,191,799,99,142,1,-1,-1,-1
61,16,1162,426,134,185,1,-1,-1,-1
61,19,1928,467,204,176,1,-1,-1,-1
61,20,1440,118,132,228,1,-1,-1,-1
61,22,699,594,144,180,1,-1,-1,-1
61,23,2100,298,116,240,1,-1,-1,-1
61,24,1046,601,245,185,1,-1,-1,-1
61,27,1503,467,134,102,1,-1,-1,-1
61,28,1763,506,208,184,1,-1,-1,-1
61,30,1727,96,168,146,1,-1,-1,-1
61,31,1571,496,140,188,1,-1,-1,-1
61,32,49,790,248,181,1,-1,-1,-1
61,33,517,655,169,155,1,-1,-1,-1
61,34,2000,452,132,119,1,-1,-1,-1
61,35,1145,435,130,126,1,-1,-1,-1
61,36,778,589,84,133,1,-1,-1,-1
61,37,664,624,168,145,1,-1,-1,-1
61,38,1077,620,236,164,1,-1,-1,-1
61,39,830,670,206,149,1,-1,-1,-1
61,40,1702,470,236,224,1,-1,-1,-1
61,41,1390,580,200,180,1,-1,-1,-1
61,42,479,717,152,184,1,-1,-1,-1
61,43,1519,511,152,164,1,-1,-1,-1
62,2,1381,161,105,252,1,-1,-1,-1
62,3,834,644,156,175,1,-1,-1,-1
62,4,1376,573,188,188,1,-1,-1,-1
62,5,501,660,168,171,1,-1,-1,-1
62,6,1625,317,128,220,1,-1,-1,-1
62,7,2195,80,108,212,1,-1,-1,-1
62,10,968,532,151,202,1,-1,-1,-1
62,11,1799,565,163,131,1,-1,-1,-1
62,13,514,718,164,187,1,-1,-1,-1
62,14,196,803,94,135,1,-1,-1,-1
62,16,1164,427,134,185,1,-1,-1,-1
62,19,1930,468,204,176,1,-1,-1,-1
62,20,1438,123,132,228,1,-1,-1,-1
62,22,701,595,144,180,1,-1,-1,-1
62,23,2098,293,122,252,1,-1,-1,-1
62,24,1053,608,234,176,1,-1,-1,-1
62,27,1507,472,134,102,1,-1,-1,-1
62,28,1766,510,208,184,1,-1,-1,-1
62,30,1728,99,168,146,1,-1,-1,-1
62,31,1577,505,133,179,1,-1,-1,-1
62,32,69,796,236,172,1,-1,-1,-1
62,33,518,655,178,163,1,-1,-1,-1
62,34,2000,454,132,119,1,-1,-1,-1
62,35,1147,437,130,126,1,-1,-1,-1
62,36,783,594,80,127,1,-1,-1,-1
62,37,671,631,160,138,1,-1,-1,-1
62,38,1087,629,225,156,1,-1,-1,-1
62,39,832,670,206,149,1,-1,-1,-1
62,40,1704,474,236,224,1,-1,-1,-1
62,41,1390,583,200,180,1,-1,-1,-1
62,42,480,720,152,184,1,-1,-1,-1
62,43,1525,517,145,156,1,-1,-1,-1
63,2,1381,165,105,252,1,-1,-1,-1
63,3,836,644,156,175,1,-1,-1,-1
63,4,1379,573,188,188,1,-1,-1,-1
63,5,504,665,168,171,1,-1,-1,-1
63,6,1623,319,128,220,1,-1,-1,-1
63,7,2197,83,108,212,1,-1,-1,-1
63,10,970,536,151,202,1,-1,-1,-1
63,11,1802,568,163,131,1,-1,-1,-1
63,13,496,708,172,196,1,-1,-1,-1
63,14,201,806,94,135,1,-1,-1,-1
63,16,1169,430,128,176,1,-1,-1,-1
63,19,1934,470,204,176,1,-1,-1,-1
63,20,1441,118,132,228,1,-1,-1,-1
63,22,700,593,151,189,1,-1,-1,-1
63,23,2098,294,122,252,1,-1,-1,-1
63,24,1058,610,234,176,1,-1,-1,-1
63,27,1516,477,128,97,1,-1,-1,-1
63,28,1772,510,208,184,1,-1,-1,-1
63,30,1729,101,168,146,1,-1,-1,-1
63,31,1578,507,133,179,1,-1,-1,-1
63,32,80,803,225,164,1,-1,-1,-1
63,33,522,657,178,163,1,-1,-1,-1
63,34,2004,451,132,119,1,-1,-1,-1
63,35,1150,438,130,126,1,-1,-1,-1
63,36,786,597,76,121,1,-1,-1,-1
63,37,672,632,160,138,1,-1,-1,-1
63,38,1090,629,225,156,1,-1,-1,-1
63,39,840,675,196,141,1,-1,-1,-1
63,40,1706,477,236,224,1,-1,-1,-1
63,41,1395,583,200,180,1,-1,-1,-1
63,42,481,721,152,184,1,-1,-1,-1
63,43,1527,517,145,156,1,-1,-1,-1
64,2,1385,173,100,240,1,-1,-1,-1
64,3,840,645,156,175,1,-1,-1,-1
64,4,1384,574,188,188,1,-1,-1,-1
64,5,507,664,168,171,1,-1,-1,-1
64,6,1624,321,128,220,1,-1,-1,-1
64,7,2196,74,113,223,1,-1,-1,-1
64,10,973,534,151,202,1,-1,-1,-1
64,11,1805,569,163,131,1,-1,-1,-1
64,13,485,702,181,206,1,-1,-1,-1
64,14,202,801,99,142,1,-1,-1,-1
64,16,1171,431,128,176,1,-1,-1,-1
64,19,1944,472,194,168,1,-1,-1,-1
64,20,1443,118,132,228,1,-1,-1,-1
64,22,700,595,151,189,1,-1,-1,-1
64,23,2100,295,122,252,1,-1,-1,-1
64,24,1068,617,223,168,1,-1,-1,-1
64,27,1518,475,128,97,1,-1,-1,-1
64,28,1774,511,208,184,1,-1,-1,-1
64,30,1727,103,168,146,1,-1,-1,-1
64,31,1580,509,133,179,1,-1,-1,-1
64,32,87,805,225,164,1,-1,-1,-1
64,33,529,661,178,163,1,-1,-1,-1
64,34,2005,450,132,119,1,-1,-1,-1
64,35,1152,437,130,126,1,-1,-1,-1
64,36,787,598,76,121,1,-1,-1,-1
64,37,673,633,160,138,1,-1,-1,-1
64,38,1096,628,225,156,1,-1,-1,-1
64,39,840,677,196,141,1,-1,-1,-1
64,40,1712,483,225,213,1,-1,-1,-1
64,41,1399,582,200,180,1,-1,-1,-1
64,42,477,721,152,184,1,-1,-1,-1
64,43,1530,518,145,156,1,-1,-1,-1
65,2,1384,184,92,236,1,-1,-1,-1
65,3,840,640,164,188,1,-1,-1,-1
65,4,1384,574,188,188,1,-1,-1,-1
65,5,507,664,168,171,1,-1,-1,-1
65,6,1628,328,108,188,1,-1,-1,-1
65,7,2196,74,113,223,1,-1,-1,-1
65,10,973,534,151,202,1,-1,-1,-1
65,11,1805,569,163,131,1,-1,-1,-1
65,13,485,702,181,206,1,-1,-1,-1
65,14,202,801,99,142,1,-1,-1,-1
65,16,1171,431,128,176,1,-1,-1,-1
65,19,1948,456,168,196,1,-1,-1,-1
65,20,1443,118,132,228,1,-1,-1,-1
65,22,700,595,151,189,1,-1,-1,-1
65,23,2100,295,122,252,1,-1,-1,-1
65,24,1068,617,223,168,1,-1,-1,-1
65,27,1518,475,128,97,1,-1,-1,-1
65,28,1774,511,208,184,1,-1,-1,-1
65,30,1727,103,168,146,1,-1,-1,-1
65,31,1580,509,133,179,1,-1,-1,-1
65,32,92,792,208,176,1,-1,-1,-1
65,33,528,692,184,124,1,-1,-1,-1
65,34,2005,450,132,119,1,-1,-1,-1
65,35,1152,437,130,126,1,-1,-1,-1
65,36,787,598,76,121,1,-1,-1,-1
65,37,673,633,160,138,1,-1,-1,-1
65,38,1100,620,232,176,1,-1,-1,-1
65,39,840,677,196,141,1,-1,-1,-1
65,40,1708,496,252,192,1,-1,-1,-1
65,41,1420,588,168,168,1,-1,-1,-1
65,42,477,721,152,184,1,-1,-1,-1
65,43,1530,518,145,156,1,-1,-1,-1
65,44,460,728,148,176,1,-1,-1,-1
65,45,956,560,128,192,1,-1,-1,-1
66,2,1384,183,92,236,1,-1,-1,-1
66,3,841,639,164,188,1,-1,-1,-1
66,4,1390,572,188,188,1,-1,-1,-1
66,5,511,665,168,171,1,-1,-1,-1
66,6,1629,328,108,188,1,-1,-1,-1
66,7,2199,83,108,212,1,-1,-1,-1
66,10,975,534,159,212,1,-1,-1,-1
66,11,1812,570,163,131,1,-1,-1,-1
66,14,210,800,99,142,1,-1,-1,-1
66,16,1177,434,122,168,1,-1,-1,-1
66,19,1953,455,168,196,1,-1,-1,-1
66,20,1448,125,126,217,1,-1,-1,-1
66,22,698,591,159,198,1,-1,-1,-1
66,23,2103,297,122,252,1,-1,-1,-1
66,24,1074,619,223,168,1,-1,-1,-1
66,27,1524,476,122,92,1,-1,-1,-1
66,28,1776,516,208,184,1,-1,-1,-1
66,30,1728,106,168,146,1,-1,-1,-1
66,31,1585,507,133,179,1,-1,-1,-1
66,32,96,790,208,176,1,-1,-1,-1
66,33,526,689,193,130,1,-1,-1,-1
66,34,2014,448,125,113,1,-1,-1,-1
66,35,1154,436,130,126,1,-1,-1,-1
66,36,789,594,80,127,1,-1,-1,-1
66,37,672,630,168,145,1,-1,-1,-1
66,38,1104,622,232,176,1,-1,-1,-1
66,39,844,679,196,141,1,-1,-1,-1
66,40,1709,495,252,192,1,-1,-1,-1
66,41,1424,586,168,168,1,-1,-1,-1
66,42,455,704,160,193,1,-1,-1,-1
66,43,1532,517,145,156,1,-1,-1,-1
66,44,460,728,148,176,1,-1,-1,-1
66,45,958,560,128,192,1,-1,-1,-1
67,2,1385,184,92,236,1,-1,-1,-1
67,3,844,640,164,188,1,-1,-1,-1
67,4,1394,573,188,188,1,-1,-1,-1
67,5,519,671,160,163,1,-1,-1,-1
67,6,1633,333,103,179,1,-1,-1,-1
67,7,2201,83,108,212,1,-1,-1,-1
67,10,978,537,159,212,1,-1,-1,-1
67,11,1815,571,163,131,1,-1,-1,-1
67,14,215,799,99,142,1,-1,-1,-1
67,16,1179,433,122,168,1,-1,-1,-1
67,19,1956,456,168,196,1,-1,-1,-1
67,20,1446,120,132,228,1,-1,-1,-1
67,22,701,592,159,198,1,-1,-1,-1
67,23,2107,308,116,240,1,-1,-1,-1
67,24,1078,621,223,168,1,-1,-1,-1
67,27,1529,478,116,88,1,-1,-1,-1
67,28,1783,516,208,184,1,-1,-1,-1
67,30,1728,105,168,146,1,-1,-1,-1
67,31,1585,504,140,188,1,-1,-1,-1
67,32,102,793,208,176,1,-1,-1,-1
67,33,530,688,193,130,1,-1,-1,-1
67,34,2020,447,119,108,1,-1,-1,-1
67,35,1156,438,130,126,1,-1,-1,-1
67,36,790,592,80,127,1,-1,-1,-1
67,37,675,631,168,145,1,-1,-1,-1
67,38,1109,622,232,176,1,-1,-1,-1
67,39,849,677,196,141,1,-1,-1,-1
67,40,1714,499,252,192,1,-1,-1,-1
67,41,1430,586,168,168,1,-1,-1,-1
67,42,454,703,160,193,1,-1,-1,-1
67,43,1537,514,145,156,1,-1,-1,-1
67,44,460,730,148,176,1,-1,-1,-1
67,45,961,563,128,192,1,-1,-1,-1
68,2,1387,185,92,236,1,-1,-1,-1
68,3,850,641,164,188,1,-1,-1,-1
68,4,1401,573,188,188,1,-1,-1,-1
68,5,529,674,160,163,1,-1,-1,-1
68,6,1635,331,103,179,1,-1,-1,-1
68,7,2207,83,103,202,1,-1,-1,-1
68,10,981,536,159,212,1,-1,-1,-1
68,11,1820,573,163,131,1,-1,-1,-1
68,14,222,798,99,142,1,-1,-1,-1
68,19,1962,457,168,196,1,-1,-1,-1
68,20,1447,121,132,228,1,-1,-1,-1
68,22,705,589,159,198,1,-1,-1,-1
68,23,2109,311,116,240,1,-1,-1,-1
68,24,1074,623,234,176,1,-1,-1,-1
68,27,1532,475,116,88,1,-1,-1,-1
68,28,1788,516,208,184,1,-1,-1,-1
68,30,1730,105,168,146,1,-1,-1,-1
68,31,1587,504,140,188,1,-1,-1,-1
68,32,109,792,208,176,1,-1,-1,-1
68,33,536,688,193,130,1,-1,-1,-1
68,34,2025,445,125,113,1,-1,-1,-1
68,35,1164,441,123,120,1,-1,-1,-1
68,36,793,591,80,127,1,-1,-1,-1
68,37,673,626,176,152,1,-1,-1,-1
68,38,1112,623,232,176,1,-1,-1,-1
68,39,848,677,206,149,1,-1,-1,-1
68,40,1717,499,252,192,1,-1,-1,-1
68,41,1435,586,168,168,1,-1,-1,-1
68,42,448,703,160,193,1,-1,-1,-1
68,43,1539,515,145,156,1,-1,-1,-1
68,44,461,730,148,176,1,-1,-1,-1
68,45,964,564,128,192,1,-1,-1,-1
69,2,1385,181,97,248,1,-1,-1,-1
69,3,854,642,164,188,1,-1,-1,-1
69,4,1409,575,188,188,1,-1,-1,-1
69,5,534,672,168,171,1,-1,-1,-1
69,6,1638,331,103,179,1,-1,-1,-1
69,7,2205,80,108,212,1,-1,-1,-1
69,10,988,543,159,212,1,-1,-1,-1
69,11,1828,577,155,124,1,-1,-1,-1
69,14,232,802,94,135,1,-1,-1,-1
69,19,1964,460,168,196,1,-1,-1,-1
69,20,1448,120,139,239,1,-1,-1,-1
69,22,710,590,159,198,1,-1,-1,-1
69,23,2114,314,116,240,1,-1,-1,-1
69,24,1085,628,234,176,1,-1,-1,-1
69,27,1535,473,116,88,1,-1,-1,-1
69,28,1795,522,198,175,1,-1,-1,-1
69,30,1732,107,168,146,1,-1,-1,-1
69,31,1592,506,140,188,1,-1,-1,-1
69,32,123,797,198,168,1,-1,-1,-1
69,33,548,690,184,124,1,-1,-1,-1
69,34,2033,447,119,108,1,-1,-1,-1
69,35,1168,441,123,120,1,-1,-1,-1
69,36,797,591,80,127,1,-1,-1,-1
69,37,679,627,176,152,1,-1,-1,-1
69,38,1120,627,232,176,1,-1,-1,-1
69,39,853,680,206,149,1,-1,-1,-1
69,40,1726,505,240,183,1,-1,-1,-1
69,41,1442,587,168,168,1,-1,-1,-1
69,42,449,708,152,184,1,-1,-1,-1
69,43,1548,520,145,156,1,-1,-1,-1
69,44,462,734,148,176,1,-1,-1,-1
69,45,969,566,128,192,1,-1,-1,-1
70,2,1391,187,92,236,1,-1,-1,-1
70,3,859,644,164,188,1,-1,-1,-1
70,4,1421,582,179,179,1,-1,-1,-1
70,5,545,677,160,163,1,-1,-1,-1
70,6,1641,331,103,179,1,-1,-1,-1
70,7,2211,96,108,212,1,-1,-1,-1
70,10,991,543,159,212,1,-1,-1,-1
70,11,1837,576,155,124,1,-1,-1,-1
70,14,242,805,94,135,1,-1,-1,-1
70,19,1974,465,160,187,1,-1,-1,-1
70,20,1454,125,132,228,1,-1,-1,-1
70,22,715,589,159,198,1,-1,-1,-1
70,23,2121,310,116,240,1,-1,-1,-1
70,24,1092,625,234,176,1,-1,-1,-1
70,27,1537,470,116,88,1,-1,-1,-1
70,28,1801,524,198,175,1,-1,-1,-1
70,30,1739,108,168,146,1,-1,-1,-1
70,31,1598,507,140,188,1,-1,-1,-1
70,32,140,800,189,160,1,-1,-1,-1
70,33,556,693,184,124,1,-1,-1,-1
70,34,2040,447,119,108,1,-1,-1,-1
70,35,1175,446,123,120,1,-1,-1,-1
70,36,802,590,80,127,1,-1,-1,-1
70,37,678,621,185,160,1,-1,-1,-1
70,38,1124,628,232,176,1,-1,-1,-1
70,39,858,681,206,149,1,-1,-1,-1
70,40,1733,505,240,183,1,-1,-1,-1
70,41,1447,590,168,168,1,-1,-1,-1
70,42,454,706,152,184,1,-1,-1,-1
70,43,1555,525,145,156,1,-1,-1,-1
70,44,461,731,148,176,1,-1,-1,-1
70,45,974,568,128,192,1,-1,-1,-1
71,2,1395,191,92,236,1,-1,-1,-1
71,3,863,644,164,188,1,-1,-1,-1
71,4,1429,582,179,179,1,-1,-1,-1
71,5,554,677,160,163,1,-1,-1,-1
71,6,1643,333,103,179,1,-1,-1,-1
71,7,2215,89,108,212,1,-1,-1,-1
71,10,1000,549,151,202,1,-1,-1,-1
71,11,1843,580,155,124,1,-1,-1,-1
71,14,248,811,94,135,1,-1,-1,-1
71,19,1980,465,160,187,1,-1,-1,-1
71,20,1456,124,132,228,1,-1,-1,-1
71,22,720,589,159,198,1,-1,-1,-1
71,23,2128,308,116,240,1,-1,-1,-1
71,24,1095,623,234,176,1,-1,-1,-1
71,27,1535,467,122,92,1,-1,-1,-1
71,28,1805,521,208,184,1,-1,-1,-1
71,30,1740,112,168,146,1,-1,-1,-1
71,31,1611,513,140,188,1,-1,-1,-1
71,32,148,803,189,160,1,-1,-1,-1
71,33,566,694,184,124,1,-1,-1,-1
71,34,2044,449,119,108,1,-1,-1,-1
71,35,1178,449,123,120,1,-1,-1,-1
71,36,807,592,80,127,1,-1,-1,-1
71,37,682,620,185,160,1,-1,-1,-1
71,38,1127,628,232,176,1,-1,-1,-1
71,39,862,681,206,149,1,-1,-1,-1
71,40,1739,508,240,183,1,-1,-1,-1
71,41,1453,592,168,168,1,-1,-1,-1
71,42,456,701,152,184,1,-1,-1,-1
71,43,1562,522,152,164,1,-1,-1,-1
71,44,462,730,148,176,1,-1,-1,-1
71,45,978,568,128,192,1,-1,-1,-1
72,2,1398,191,92,236,1,-1,-1,-1
72,3,868,643,164,188,1,-1,-1,-1
72,4,1431,583,179,179,1,-1,-1,-1
72,5,559,673,160,163,1,-1,-1,-1
72,6,1646,331,103,179,1,-1,-1,-1
72,7,2218,69,103,202,1,-1,-1,-1
72,10,1003,549,151,202,1,-1,-1,-1
72,11,1844,580,155,124,1,-1,-1,-1
72,14,254,812,94,135,1,-1,-1,-1
72,19,1988,466,160,187,1,-1,-1,-1
72,20,1464,128,126,217,1,-1,-1,-1
72,22,721,590,159,198,1,-1,-1,-1
72,23,2130,305,116,240,1,-1,-1,-1
72,24,1098,622,234,176,1,-1,-1,-1
72,27,1536,463,128,97,1,-1,-1,-1
72,28,1808,521,208,184,1,-1,-1,-1
72,30,1740,113,168,146,1,-1,-1,-1
72,31,1613,512,140,188,1,-1,-1,-1
72,32,154,804,189,160,1,-1,-1,-1
72,33,569,690,184,124,1,-1,-1,-1
72,34,2049,449,119,108,1,-1,-1,-1
72,35,1181,447,123,120,1,-1,-1,-1
72,36,812,590,84,133,1,-1,-1,-1
72,37,684,621,185,160,1,-1,-1,-1
72,38,1126,623,244,185,1,-1,-1,-1
72,39,871,684,196,141,1,-1,-1,-1
72,40,1743,508,240,183,1,-1,-1,-1
72,41,1457,593,168,168,1,-1,-1,-1
72,43,1563,519,160,172,1,-1,-1,-1
72,44,462,730,148,176,1,-1,-1,-1
72,45,980,566,128,192,1,-1,-1,-1
73,2,1408,184,88,236,1,-1,-1,-1
73,3,868,643,164,188,1,-1,-1,-1
73,4,1431,583,179,179,1,-1,-1,-1
73,5,559,673,160,163,1,-1,-1,-1
73,6,1640,320,108,184,1,-1,-1,-1
73,7,2212,108,96,160,1,-1,-1,-1
73,10,1003,549,151,202,1,-1,-1,-1
73,11,1844,580,155,124,1,-1,-1,-1
73,14,254,812,94,135,1,-1,-1,-1
73,19,1988,466,160,187,1,-1,-1,-1
73,20,1472,164,88,172,1,-1,-1,-1
73,22,760,592,120,196,1,-1,-1,-1
73,23,2140,312,112,196,1,-1,-1,-1
73,24,1098,622,234,176,1,-1,-1,-1
73,27,1536,463,128,97,1,-1,-1,-1
73,28,1808,521,208,184,1,-1,-1,-1
73,30,1740,113,168,146,1,-1,-1,-1
73,31,1613,512,140,188,1,-1,-1,-1
73,32,164,804,192,160,1,-1,-1,-1
73,33,580,656,188,180,1,-1,-1,-1
73,34,2049,449,119,108,1,-1,-1,-1
73,35,1181,447,123,120,1,-1,-1,-1
73,36,812,590,84,133,1,-1,-1,-1
73,37,684,621,185,160,1,-1,-1,-1
73,38,1136,624,236,180,1,-1,-1,-1
73,39,876,656,204,168,1,-1,-1,-1
73,40,1760,504,260,204,1,-1,-1,-1
73,41,1432,588,224,180,1,-1,-1,-1
73,43,1563,519,160,172,1,-1,-1,-1
73,44,456,732,148,164,1,-1,-1,-1
73,45,980,566,128,192,1,-1,-1,-1
73,46,1392,544,140,156,1,-1,-1,-1
74,2,1407,186,88,236,1,-1,-1,-1
74,3,875,643,164,188,1,-1,-1,-1
74,4,1443,584,179,179,1,-1,-1,-1
74,5,572,678,152,155,1,-1,-1,-1
74,6,1641,320,108,184,1,-1,-1,-1
74,7,2213,109,96,160,1,-1,-1,-1
74,10,1004,551,151,202,1,-1,-1,-1
74,11,1854,581,155,124,1,-1,-1,-1
74,14,262,812,94,135,1,-1,-1,-1
74,19,1997,466,160,187,1,-1,-1,-1
74,20,1473,166,88,172,1,-1,-1,-1
74,22,764,593,120,196,1,-1,-1,-1
74,23,2142,312,112,196,1,-1,-1,-1
74,24,1119,622,223,168,1,-1,-1,-1
74,27,1534,460,134,102,1,-1,-1,-1
74,28,1819,523,208,184,1,-1,-1,-1
74,30,1741,113,168,146,1,-1,-1,-1
74,31,1614,509,147,197,1,-1,-1,-1
74,32,169,803,192,160,1,-1,-1,-1
74,33,583,656,188,180,1,-1,-1,-1
74,34,2057,448,119,108,1,-1,-1,-1
74,35,1193,445,123,120,1,-1,-1,-1
74,36,815,589,88,140,1,-1,-1,-1
74,37,685,618,194,168,1,-1,-1,-1
74,38,1144,629,225,171,1,-1,-1,-1
74,39,879,655,204,168,1,-1,-1,-1
74,40,1768,509,248,194,1,-1,-1,-1
74,41,1437,589,224,180,1,-1,-1,-1
74,43,1567,511,168,181,1,-1,-1,-1
74,44,457,732,148,164,1,-1,-1,-1
74,45,985,568,128,192,1,-1,-1,-1
74,46,1396,545,140,156,1,-1,-1,-1
75,2,1410,185,88,236,1,-1,-1,-1
75,3,878,642,164,188,1,-1,-1,-1
75,4,1447,585,179,179,1,-1,-1,-1
75,5,577,679,152,155,1,-1,-1,-1
75,6,1643,321,108,184,1,-1,-1,-1
75,7,2214,110,96,160,1,-1,-1,-1
75,10,1008,549,151,202,1,-1,-1,-1
75,11,1859,584,155,124,1,-1,-1,-1
75,14,268,814,94,135,1,-1,-1,-1
75,19,2000,464,160,187,1,-1,-1,-1
75,20,1475,167,88,172,1,-1,-1,-1
75,22,768,593,120,196,1,-1,-1,-1
75,23,2145,311,112,196,1,-1,-1,-1
75,24,1123,622,223,168,1,-1,-1,-1
75,27,1535,455,134,102,1,-1,-1,-1
75,28,1824,524,208,184,1,-1,-1,-1
75,30,1744,114,168,146,1,-1,-1,-1
75,31,1619,513,147,197,1,-1,-1,-1
75,32,177,806,192,160,1,-1,-1,-1
75,33,588,657,188,180,1,-1,-1,-1
75,34,2064,449,114,103,1,-1,-1,-1
75,35,1196,446,123,120,1,-1,-1,-1
75,36,826,596,84,133,1,-1,-1,-1
75,37,690,621,194,168,1,-1,-1,-1
75,38,1143,625,236,180,1,-1,-1,-1
75,39,882,656,204,168,1,-1,-1,-1
75,40,1772,509,248,194,1,-1,-1,-1
75,41,1442,589,224,180,1,-1,-1,-1
75,43,1572,510,168,181,1,-1,-1,-1
75,44,458,734,148,164,1,-1,-1,-1
75,45,989,568,128,192,1,-1,-1,-1
75,46,1401,545,140,156,1,-1,-1,-1
76,2,1411,186,88,236,1,-1,-1,-1
76,3,881,646,164,188,1,-1,-1,-1
76,4,1454,587,179,179,1,-1,-1,-1
76,5,580,684,152,155,1,-1,-1,-1
76,6,1645,323,108,184,1,-1,-1,-1
76,7,2216,111,96,160,1,-1,-1,-1
76,10,1015,553,144,192,1,-1,-1,-1
76,11,1862,585,155,124,1,-1,-1,-1
76,14,273,817,94,135,1,-1,-1,-1
76,19,2001,463,168,196,1,-1,-1,-1
76,20,1479,166,88,172,1,-1,-1,-1
76,22,770,596,120,196,1,-1,-1,-1
76,23,2147,310,112,196,1,-1,-1,-1
76,27,1537,457,134,102,1,-1,-1,-1
76,28,1833,531,198,175,1,-1,-1,-1
76,30,1746,116,168,146,1,-1,-1,-1
76,32,184,806,192,160,1,-1,-1,-1
76,33,598,662,179,171,1,-1,-1,-1
76,34,2067,447,114,103,1,-1,-1,-1
76,35,1202,449,117,114,1,-1,-1,-1
76,36,828,598,84,133,1,-1,-1,-1
76,37,698,630,185,160,1,-1,-1,-1
76,38,1145,628,236,180,1,-1,-1,-1
76,39,887,656,204,168,1,-1,-1,-1
76,40,1775,510,248,194,1,-1,-1,-1
76,41,1446,590,224,180,1,-1,-1,-1
76,43,1575,512,168,181,1,-1,-1,-1
76,44,459,736,148,164,1,-1,-1,-1
76,45,993,571,122,183,1,-1,-1,-1
76,46,1404,547,140,156,1,-1,-1,-1
77,2,1412,187,88,236,1,-1,-1,-1
77,3,885,647,164,188,1,-1,-1,-1
77,4,1461,590,179,179,1,-1,-1,-1
77,5,588,687,145,148,1,-1,-1,-1
77,6,1646,324,108,184,1,-1,-1,-1
77,7,2217,112,96,160,1,-1,-1,-1
77,10,1017,552,144,192,1,-1,-1,-1
77,11,1864,586,155,124,1,-1,-1,-1
77,14,281,817,94,135,1,-1,-1,-1
77,19,2005,464,168,196,1,-1,-1,-1
77,20,1480,166,88,172,1,-1,-1,-1
77,22,770,598,120,196,1,-1,-1,-1
77,23,2150,311,112,196,1,-1,-1,-1
77,27,1538,458,134,102,1,-1,-1,-1
77,28,1837,530,198,175,1,-1,-1,-1
77,30,1746,117,168,146,1,-1,-1,-1
77,32,186,806,202,168,1,-1,-1,-1
77,33,602,662,179,171,1,-1,-1,-1
77,34,2075,448,108,98,1,-1,-1,-1
77,35,1208,450,112,109,1,-1,-1,-1
77,36,828,601,84,133,1,-1,-1,-1
77,37,699,630,185,160,1,-1,-1,-1
77,38,1148,626,236,180,1,-1,-1,-1
77,39,895,661,194,160,1,-1,-1,-1
77,40,1774,508,260,204,1,-1,-1,-1
77,41,1451,593,224,180,1,-1,-1,-1
77,43,1574,509,176,190,1,-1,-1,-1
77,44,459,739,148,164,1,-1,-1,-1
77,45,995,571,122,183,1,-1,-1,-1
77,46,1408,549,140,156,1,-1,-1,-1
78,2,1417,186,88,236,1,-1,-1,-1
78,3,887,648,164,188,1,-1,-1,-1
78,4,1466,592,179,179,1,-1,-1,-1
78,5,587,686,152,155,1,-1,-1,-1
78,6,1647,326,108,184,1,-1,-1,-1
78,7,2218,114,96,160,1,-1,-1,-1
78,10,1018,553,144,192,1,-1,-1,-1
78,11,1866,588,155,124,1,-1,-1,-1
78,14,283,820,94,135,1,-1,-1,-1
78,19,2013,465,160,187,1,-1,-1,-1
78,20,1484,172,84,164,1,-1,-1,-1
78,22,771,600,120,196,1,-1,-1,-1
78,23,2153,313,112,196,1,-1,-1,-1
78,27,1541,460,134,102,1,-1,-1,-1
78,28,1841,533,198,175,1,-1,-1,-1
78,30,1748,120,168,146,1,-1,-1,-1
78,32,194,813,192,160,1,-1,-1,-1
78,33,609,669,171,163,1,-1,-1,-1
78,34,2079,449,108,98,1,-1,-1,-1
78,35,1213,451,107,103,1,-1,-1,-1
78,36,830,603,84,133,1,-1,-1,-1
78,37,703,630,185,160,1,-1,-1,-1
78,38,1143,626,248,189,1,-1,-1,-1
78,39,898,662,194,160,1,-1,-1,-1
78,40,1784,513,248,194,1,-1,-1,-1
78,41,1455,596,224,180,1,-1,-1,-1
78,43,1585,513,168,181,1,-1,-1,-1
78,44,455,739,155,172,1,-1,-1,-1
78,45,998,572,122,183,1,-1,-1,-1
78,46,1411,552,140,156,1,-1,-1,-1
79,2,1420,193,84,225,1,-1,-1,-1
79,3,891,649,164,188,1,-1,-1,-1
79,4,1466,590,188,188,1,-1,-1,-1
79,5,595,689,152,155,1,-1,-1,-1
79,6,1646,327,108,184,1,-1,-1,-1
79,7,2219,115,96,160,1,-1,-1,-1
79,10,1019,553,144,192,1,-1,-1,-1
79,11,1869,591,155,124,1,-1,-1,-1
79,14,291,824,90,128,1,-1,-1,-1
79,19,2016,461,160,187,1,-1,-1,-1
79,20,1486,173,84,164,1,-1,-1,-1
79,22,774,601,120,196,1,-1,-1,-1
79,23,2155,313,112,196,1,-1,-1,-1
79,28,1844,535,198,175,1,-1,-1,-1
79,30,1747,123,168,146,1,-1,-1,-1
79,32,204,818,183,152,1,-1,-1,-1
79,33,612,671,171,163,1,-1,-1,-1
79,34,2083,450,108,98,1,-1,-1,-1
79,35,1215,450,107,103,1,-1,-1,-1
79,36,832,606,84,133,1,-1,-1,-1
79,37,707,630,185,160,1,-1,-1,-1
79,38,1145,629,248,189,1,-1,-1,-1
79,39,902,663,194,160,1,-1,-1,-1
79,40,1785,513,248,194,1,-1,-1,-1
79,41,1460,598,224,180,1,-1,-1,-1
79,43,1586,512,168,181,1,-1,-1,-1
79,44,450,745,155,172,1,-1,-1,-1
79,45,1000,573,122,183,1,-1,-1,-1
79,46,1415,553,140,156,1,-1,-1,-1
80,2,1422,196,84,225,1,-1,-1,-1
80,3,892,652,164,188,1,-1,-1,-1
80,4,1475,598,179,179,1,-1,-1,-1
80,5,599,693,152,155,1,-1,-1,-1
80,6,1648,328,108,184,1,-1,-1,-1
80,7,2219,117,96,160,1,-1,-1,-1
80,10,1023,559,137,183,1,-1,-1,-1
80,11,1870,592,155,124,1,-1,-1,-1
80,14,295,825,90,128,1,-1,-1,-1
80,19,2022,466,160,187,1,-1,-1,-1
80,20,1487,174,84,164,1,-1,-1,-1
80,22,777,605,120,196,1,-1,-1,-1
80,23,2157,317,112,196,1,-1,-1,-1
80,28,1848,538,198,175,1,-1,-1,-1
80,30,1748,125,168,146,1,-1,-1,-1
80,32,207,819,183,152,1,-1,-1,-1
80,33,617,673,171,163,1,-1,-1,-1
80,34,2086,450,108,98,1,-1,-1,-1
80,35,1217,452,107,103,1,-1,-1,-1
80,36,833,609,84,133,1,-1,-1,-1
80,37,708,637,185,160,1,-1,-1,-1
80,38,1144,631,248,189,1,-1,-1,-1
80,39,902,665,194,160,1,-1,-1,-1
80,40,1790,518,248,194,1,-1,-1,-1
80,41,1466,600,224,180,1,-1,-1,-1
80,44,444,751,155,172,1,-1,-1,-1
80,45,1002,575,122,183,1,-1,-1,-1
80,46,1418,555,140,156,1,-1,-1,-1
81,2,1420,196,84,236,1,-1,-1,-1
81,3,880,660,200,188,1,-1,-1,-1
81,4,1476,600,184,180,1,-1,-1,-1
81,5,599,693,152,155,1,-1,-1,-1
81,6,1644,336,112,180,1,-1,-1,-1
81,7,2204,124,116,188,1,-1,-1,-1
81,10,1023,559,137,183,1,-1,-1,-1
81,11,1870,592,155,124,1,-1,-1,-1
81,14,295,825,90,128,1,-1,-1,-1
81,19,2022,466,160,187,1,-1,-1,-1
81,20,1487,174,84,164,1,-1,-1,-1
81,22,788,604,112,192,1,-1,-1,-1
81,23,2157,317,112,196,1,-1,-1,-1
81,28,1812,532,236,200,1,-1,-1,-1
81,30,1748,125,168,146,1,-1,-1,-1
81,32,212,820,180,164,1,-1,-1,-1
81,33,616,652,172,196,1,-1,-1,-1
81,34,2086,450,108,98,1,-1,-1,-1
81,35,1217,452,107,103,1,-1,-1,-1
81,36,833,609,84,133,1,-1,-1,-1
81,37,708,637,185,160,1,-1,-1,-1
81,38,1160,640,228,180,1,-1,-1,-1
81,39,902,665,194,160,1,-1,-1,-1
81,40,1790,518,248,194,1,-1,-1,-1
81,41,1466,600,224,180,1,-1,-1,-1
81,44,472,740,120,148,1,-1,-1,-1
81,45,1002,575,122,183,1,-1,-1,-1
81,46,1424,524,128,192,1,-1,-1,-1
81,47,1596,508,204,144,1,-1,-1,-1
82,2,1419,198,84,236,1,-1,-1,-1
82,3,881,664,200,188,1,-1,-1,-1
82,4,1480,604,184,180,1,-1,-1,-1
82,5,608,698,152,155,1,-1,-1,-1
82,6,1644,339,112,180,1,-1,-1,-1
82,7,2203,128,116,188,1,-1,-1,-1
82,10,1025,565,137,183,1,-1,-1,-1
82,11,1873,597,155,124,1,-1,-1,-1
82,14,305,829,90,128,1,-1,-1,-1
82,19,2031,474,160,187,1,-1,-1,-1
82,20,1488,174,88,172,1,-1,-1,-1
82,22,791,605,112,192,1,-1,-1,-1
82,23,2161,322,112,196,1,-1,-1,-1
82,28,1819,539,225,190,1,-1,-1,-1
82,30,1749,130,168,146,1,-1,-1,-1
82,32,216,823,180,164,1,-1,-1,-1
82,33,619,655,172,196,1,-1,-1,-1
82,34,2093,453,108,98,1,-1,-1,-1
82,35,1222,457,107,103,1,-1,-1,-1
82,36,835,617,84,133,1,-1,-1,-1
82,37,713,640,185,160,1,-1,-1,-1
82,38,1167,647,217,171,1,-1,-1,-1
82,39,906,676,194,160,1,-1,-1,-1
82,40,1785,521,260,204,1,-1,-1,-1
82,41,1473,605,224,180,1,-1,-1,-1
82,44,473,745,120,148,1,-1,-1,-1
82,45,1005,581,122,183,1,-1,-1,-1
82,46,1425,527,128,192,1,-1,-1,-1
82,47,1596,512,204,144,1,-1,-1,-1
83,2,1419,202,84,236,1,-1,-1,-1
83,3,884,669,200,188,1,-1,-1,-1
83,4,1483,608,184,180,1,-1,-1,-1
83,5,609,698,160,163,1,-1,-1,-1
83,6,1644,342,112,180,1,-1,-1,-1
83,7,2206,136,110,179,1,-1,-1,-1
83,10,1025,566,137,183,1,-1,-1,-1
83,11,1873,598,155,124,1,-1,-1,-1
83,14,307,832,90,128,1,-1,-1,-1
83,19,2032,480,160,187,1,-1,-1,-1
83,20,1489,181,88,172,1,-1,-1,-1
83,22,793,609,112,192,1,-1,-1,-1
83,23,2165,334,107,187,1,-1,-1,-1
83,28,1814,537,236,200,1,-1,-1,-1
83,30,1751,135,168,146,1,-1,-1,-1
83,32,218,829,180,164,1,-1,-1,-1
83,33,621,659,172,196,1,-1,-1,-1
83,34,2094,458,108,98,1,-1,-1,-1
83,35,1224,460,107,103,1,-1,-1,-1
83,36,835,615,88,140,1,-1,-1,-1
83,37,716,643,185,160,1,-1,-1,-1
83,38,1169,650,217,171,1,-1,-1,-1
83,39,910,680,194,160,1,-1,-1,-1
83,40,1786,524,260,204,1,-1,-1,-1
83,41,1477,611,224,180,1,-1,-1,-1
83,44,474,752,120,148,1,-1,-1,-1
83,45,1007,583,122,183,1,-1,-1,-1
83,46,1427,530,128,192,1,-1,-1,-1
83,47,1598,517,204,144,1,-1,-1,-1
84,2,1419,206,84,236,1,-1,-1,-1
84,3,885,674,200,188,1,-1,-1,-1
84,4,1486,614,184,180,1,-1,-1,-1
84,5,609,696,168,171,1,-1,-1,-1
84,6,1643,347,112,180,1,-1,-1,-1
84,7,2206,140,110,179,1,-1,-1,-1
84,10,1030,569,137,183,1,-1,-1,-1
84,11,1874,602,155,124,1,-1,-1,-1
84,14,308,835,90,128,1,-1,-1,-1
84,19,2034,483,160,187,1,-1,-1,-1
84,20,1488,185,88,172,1,-1,-1,-1
84,22,798,618,107,183,1,-1,-1,-1
84,23,2167,341,107,187,1,-1,-1,-1
84,28,1817,543,236,200,1,-1,-1,-1
84,30,1752,140,168,146,1,-1,-1,-1
84,32,220,832,180,164,1,-1,-1,-1
84,33,624,663,172,196,1,-1,-1,-1
84,34,2098,462,108,98,1,-1,-1,-1
84,35,1225,462,107,103,1,-1,-1,-1
84,36,839,621,88,140,1,-1,-1,-1
84,37,718,649,185,160,1,-1,-1,-1
84,38,1163,650,228,180,1,-1,-1,-1
84,39,908,677,204,168,1,-1,-1,-1
84,40,1789,529,260,204,1,-1,-1,-1
84,41,1481,618,224,180,1,-1,-1,-1
84,44,470,758,126,155,1,-1,-1,-1
84,45,1008,584,122,183,1,-1,-1,-1
84,46,1430,535,128,192,1,-1,-1,-1
84,47,1600,521,204,144,1,-1,-1,-1
85,2,1417,204,88,248,1,-1,-1,-1
85,3,884,680,200,188,1,-1,-1,-1
85,4,1487,619,184,180,1,-1,-1,-1
85,5,611,701,168,171,1,-1,-1,-1
85,6,1643,353,112,180,1,-1,-1,-1
85,7,2203,147,110,179,1,-1,-1,-1
85,10,1026,577,137,183,1,-1,-1,-1
85,11,1877,607,148,118,1,-1,-1,-1
85,14,308,836,90,128,1,-1,-1,-1
85,19,2033,489,160,187,1,-1,-1,-1
85,20,1487,188,88,172,1,-1,-1,-1
85,22,798,620,107,183,1,-1,-1,-1
85,23,2166,341,107,187,1,-1,-1,-1
85,28,1818,547,236,200,1,-1,-1,-1
85,30,1752,144,168,146,1,-1,-1,-1
85,32,220,838,180,164,1,-1,-1,-1
85,33,626,669,172,196,1,-1,-1,-1
85,34,2098,468,108,98,1,-1,-1,-1
85,35,1225,466,107,103,1,-1,-1,-1
85,36,841,626,84,133,1,-1,-1,-1
85,37,724,657,176,152,1,-1,-1,-1
85,38,1163,657,228,180,1,-1,-1,-1
85,39,908,681,204,168,1,-1,-1,-1
85,40,1779,528,273,214,1,-1,-1,-1
85,41,1482,624,224,180,1,-1,-1,-1
85,44,467,763,126,155,1,-1,-1,-1
85,45,1007,589,122,183,1,-1,-1,-1
85,46,1431,538,128,192,1,-1,-1,-1
85,47,1607,528,194,137,1,-1,-1,-1
86,2,1414,208,88,248,1,-1,-1,-1
86,3,884,684,200,188,1,-1,-1,-1
86,4,1490,625,184,180,1,-1,-1,-1
86,5,611,699,176,180,1,-1,-1,-1
86,6,1642,355,112,180,1,-1,-1,-1
86,7,2202,151,110,179,1,-1,-1,-1
86,10,1026,581,131,174,1,-1,-1,-1
86,11,1875,610,148,118,1,-1,-1,-1
86,14,309,837,90,128,1,-1,-1,-1
86,19,2034,491,160,187,1,-1,-1,-1
86,20,1485,196,88,172,1,-1,-1,-1
86,22,800,627,102,174,1,-1,-1,-1
86,23,2169,340,107,187,1,-1,-1,-1
86,28,1823,554,225,190,1,-1,-1,-1
86,30,1749,148,168,146,1,-1,-1,-1
86,32,223,840,180,164,1,-1,-1,-1
86,33,623,667,181,206,1,-1,-1,-1
86,34,2098,471,108,98,1,-1,-1,-1
86,35,1224,469,107,103,1,-1,-1,-1
86,36,841,628,84,133,1,-1,-1,-1
86,37,727,660,176,152,1,-1,-1,-1
86,38,1164,658,228,180,1,-1,-1,-1
86,39,908,684,204,168,1,-1,-1,-1
86,40,1785,537,260,204,1,-1,-1,-1
86,41,1486,628,224,180,1,-1,-1,-1
86,44,465,766,126,155,1,-1,-1,-1
86,45,1011,603,122,183,1,-1,-1,-1
86,46,1430,541,128,192,1,-1,-1,-1
86,47,1601,529,204,144,1,-1,-1,-1
87,2,1412,212,88,248,1,-1,-1,-1
87,3,884,690,200,188,1,-1,-1,-1
87,4,1492,628,184,180,1,-1,-1,-1
87,5,615,701,176,180,1,-1,-1,-1
87,6,1641,364,112,180,1,-1,-1,-1
87,7,2196,149,116,188,1,-1,-1,-1
87,10,1028,587,131,174,1,-1,-1,-1
87,11,1874,612,148,118,1,-1,-1,-1
87,14,309,839,90,128,1,-1,-1,-1
87,19,2032,492,160,187,1,-1,-1,-1
87,20,1485,200,88,172,1,-1,-1,-1
87,22,796,628,107,183,1,-1,-1,-1
87,23,2169,347,107,187,1,-1,-1,-1
87,28,1822,560,225,190,1,-1,-1,-1
87,30,1746,153,168,146,1,-1,-1,-1
87,32,223,845,180,164,1,-1,-1,-1
87,33,631,675,172,196,1,-1,-1,-1
87,34,2096,477,108,98,1,-1,-1,-1
87,35,1223,477,107,103,1,-1,-1,-1
87,36,841,633,84,133,1,-1,-1,-1
87,37,725,666,176,152,1,-1,-1,-1
87,38,1163,667,228,180,1,-1,-1,-1
87,39,901,689,214,176,1,-1,-1,-1
87,40,1786,540,260,204,1,-1,-1,-1
87,41,1488,631,224,180,1,-1,-1,-1
87,44,461,776,126,155,1,-1,-1,-1
87,45,1008,600,122,183,1,-1,-1,-1
87,46,1431,548,128,192,1,-1,-1,-1
87,47,1603,534,204,144,1,-1,-1,-1
88,2,1409,211,93,260,1,-1,-1,-1
88,3,882,698,200,188,1,-1,-1,-1
88,4,1495,632,184,180,1,-1,-1,-1
88,5,620,706,176,180,1,-1,-1,-1
88,6,1640,366,112,180,1,-1,-1,-1
88,7,2194,156,116,188,1,-1,-1,-1
88,10,1031,592,124,166,1,-1,-1,-1
88,11,1873,616,148,118,1,-1,-1,-1
88,14,309,843,90,128,1,-1,-1,-1
88,19,2032,496,160,187,1,-1,-1,-1
88,20,1484,210,88,172,1,-1,-1,-1
88,22,799,636,102,174,1,-1,-1,-1
88,23,2169,351,107,187,1,-1,-1,-1
88,28,1818,565,225,190,1,-1,-1,-1
88,30,1748,156,168,146,1,-1,-1,-1
88,32,224,850,180,164,1,-1,-1,-1
88,33,632,681,172,196,1,-1,-1,-1
88,34,2097,481,108,98,1,-1,-1,-1
88,35,1224,483,101,99,1,-1,-1,-1
88,36,839,638,84,133,1,-1,-1,-1
88,37,724,671,176,152,1,-1,-1,-1
88,38,1162,670,228,180,1,-1,-1,-1
88,39,903,699,214,176,1,-1,-1,-1
88,40,1795,549,248,194,1,-1,-1,-1
88,41,1487,635,224,180,1,-1,-1,-1
88,44,459,779,126,155,1,-1,-1,-1
88,45,1006,602,122,183,1,-1,-1,-1
88,46,1433,556,122,183,1,-1,-1,-1
88,47,1603,547,204,144,1,-1,-1,-1
89,2,1408,236,96,228,1,-1,-1,-1
89,3,882,698,200,188,1,-1,-1,-1
89,4,1495,632,184,180,1,-1,-1,-1
89,5,628,792,140,92,1,-1,-1,-1
89,6,1636,372,108,212,1,-1,-1,-1
89,7,2184,164,112,180,1,-1,-1,-1
89,10,1031,592,124,166,1,-1,-1,-1
89,14,309,843,90,128,1,-1,-1,-1
89,19,2008,480,188,244,1,-1,-1,-1
89,20,1480,204,96,188,1,-1,-1,-1
89,22,816,628,88,196,1,-1,-1,-1
89,23,2156,316,104,264,1,-1,-1,-1
89,28,1818,565,225,190,1,-1,-1,-1
89,30,1748,156,168,146,1,-1,-1,-1
89,32,224,844,168,180,1,-1,-1,-1
89,33,632,681,172,196,1,-1,-1,-1
89,34,2097,481,108,98,1,-1,-1,-1
89,35,1224,483,101,99,1,-1,-1,-1
89,36,839,638,84,133,1,-1,-1,-1
89,37,724,671,176,152,1,-1,-1,-1
89,38,1176,680,200,160,1,-1,-1,-1
89,39,900,708,216,180,1,-1,-1,-1
89,40,1795,549,248,194,1,-1,-1,-1
89,41,1500,664,184,152,1,-1,-1,-1
89,44,464,760,124,184,1,-1,-1,-1
89,45,1006,602,122,183,1,-1,-1,-1
89,46,1428,564,144,192,1,-1,-1,-1
89,47,1603,547,204,144,1,-1,-1,-1
89,48,972,624,68,128,1,-1,-1,-1
89,49,1696,564,116,104,1,-1,-1,-1
90,2,1406,239,96,228,1,-1,-1,-1
90,3,877,701,210,197,1,-1,-1,-1
90,4,1502,648,175,171,1,-1,-1,-1
90,5,628,794,140,92,1,-1,-1,-1
90,6,1635,375,108,212,1,-1,-1,-1
90,7,2181,166,112,180,1,-1,-1,-1
90,10,1021,610,124,166,1,-1,-1,-1
90,14,308,849,90,128,1,-1,-1,-1
90,19,2007,479,188,244,1,-1,-1,-1
90,20,1478,207,96,188,1,-1,-1,-1
90,22,815,629,88,196,1,-1,-1,-1
90,23,2154,318,104,264,1,-1,-1,-1
90,28,1821,576,214,181,1,-1,-1,-1
90,30,1745,164,168,146,1,-1,-1,-1
90,32,221,848,168,180,1,-1,-1,-1
90,33,635,689,172,196,1,-1,-1,-1
90,34,2093,485,108,98,1,-1,-1,-1
90,35,1218,494,101,99,1,-1,-1,-1
90,36,830,648,84,133,1,-1,-1,-1
90,37,729,682,168,145,1,-1,-1,-1
90,38,1173,685,200,160,1,-1,-1,-1
90,39,899,711,216,180,1,-1,-1,-1
90,40,1782,565,248,194,1,-1,-1,-1
90,41,1501,668,184,152,1,-1,-1,-1
90,44,464,761,124,184,1,-1,-1,-1
90,45,1006,619,122,183,1,-1,-1,-1
90,46,1426,568,144,192,1,-1,-1,-1
90,47,1600,550,204,144,1,-1,-1,-1
90,48,970,629,68,128,1,-1,-1,-1
90,49,1696,568,116,104,1,-1,-1,-1
91,2,1401,242,96,228,1,-1,-1,-1
91,3,870,705,210,197,1,-1,-1,-1
91,4,1507,649,175,171,1,-1,-1,-1
91,5,628,798,140,92,1,-1,-1,-1
91,6,1632,377,108,212,1,-1,-1,-1
91,7,2177,172,112,180,1,-1,-1,-1
91,10,1026,609,118,158,1,-1,-1,-1
91,14,304,852,90,128,1,-1,-1,-1
91,19,2009,481,188,244,1,-1,-1,-1
91,20,1474,211,96,188,1,-1,-1,-1
91,22,812,633,88,196,1,-1,-1,-1
91,23,2153,320,104,264,1,-1,-1,-1
91,28,1819,579,214,181,1,-1,-1,-1
91,30,1741,166,168,146,1,-1,-1,-1
91,32,219,852,168,180,1,-1,-1,-1
91,33,632,692,172,196,1,-1,-1,-1
91,35,1216,497,101,99,1,-1,-1,-1
91,36,829,648,84,133,1,-1,-1,-1
91,37,726,686,168,145,1,-1,-1,-1
91,38,1172,691,200,160,1,-1,-1,-1
91,39,897,714,216,180,1,-1,-1,-1
91,40,1778,566,248,194,1,-1,-1,-1
91,41,1503,673,184,152,1,-1,-1,-1
91,44,462,764,124,184,1,-1,-1,-1
91,45,1005,620,122,183,1,-1,-1,-1
91,46,1427,577,137,183,1,-1,-1,-1
91,47,1597,558,204,144,1,-1,-1,-1
91,48,967,634,68,128,1,-1,-1,-1
91,49,1695,573,116,104,1,-1,-1,-1
92,2,1398,242,96,228,1,-1,-1,-1
92,3,868,706,210,197,1,-1,-1,-1
92,4,1515,654,167,163,1,-1,-1,-1
92,5,628,802,140,92,1,-1,-1,-1
92,6,1628,378,108,212,1,-1,-1,-1
92,7,2171,172,112,180,1,-1,-1,-1
92,10,1027,616,118,158,1,-1,-1,-1
92,14,300,854,90,128,1,-1,-1,-1
92,19,2010,488,179,232,1,-1,-1,-1
92,20,1470,214,96,188,1,-1,-1,-1
92,22,809,638,88,196,1,-1,-1,-1
92,23,2150,324,104,264,1,-1,-1,-1
92,28,1817,582,214,181,1,-1,-1,-1
92,30,1737,172,168,146,1,-1,-1,-1
92,32,215,854,168,180,1,-1,-1,-1
92,33,630,694,172,196,1,-1,-1,-1
92,35,1212,501,101,99,1,-1,-1,-1
92,36,825,651,84,133,1,-1,-1,-1
92,37,725,690,168,145,1,-1,-1,-1
92,38,1165,690,210,168,1,-1,-1,-1
92,39,893,719,216,180,1,-1,-1,-1
92,40,1777,568,248,194,1,-1,-1,-1
92,41,1505,674,184,152,1,-1,-1,-1
92,44,462,769,124,184,1,-1,-1,-1
92,45,1003,622,122,183,1,-1,-1,-1
92,46,1425,577,137,183,1,-1,-1,-1
92,47,1589,559,214,151,1,-1,-1,-1
92,48,964,638,68,128,1,-1,-1,-1
92,49,1693,577,116,104,1,-1,-1,-1
93,2,1395,246,96,228,1,-1,-1,-1
93,3,865,713,210,197,1,-1,-1,-1
93,4,1523,656,167,163,1,-1,-1,-1
93,5,629,805,140,92,1,-1,-1,-1
93,6,1624,382,108,212,1,-1,-1,-1
93,7,2168,175,112,180,1,-1,-1,-1
93,10,1026,618,118,158,1,-1,-1,-1
93,14,298,856,90,128,1,-1,-1,-1
93,19,2010,494,179,232,1,-1,-1,-1
93,20,1468,216,96,188,1,-1,-1,-1
93,22,807,640,88,196,1,-1,-1,-1
93,23,2149,326,104,264,1,-1,-1,-1
93,28,1815,582,225,190,1,-1,-1,-1
93,30,1732,176,168,146,1,-1,-1,-1
93,32,214,857,168,180,1,-1,-1,-1
93,33,637,703,164,187,1,-1,-1,-1
93,35,1208,503,101,99,1,-1,-1,-1
93,36,823,655,84,133,1,-1,-1,-1
93,37,723,696,168,145,1,-1,-1,-1
93,38,1168,697,200,160,1,-1,-1,-1
93,39,892,722,216,180,1,-1,-1,-1
93,40,1772,572,248,194,1,-1,-1,-1
93,41,1508,675,184,152,1,-1,-1,-1
93,44,460,772,124,184,1,-1,-1,-1
93,45,1004,626,116,174,1,-1,-1,-1
93,46,1421,580,137,183,1,-1,-1,-1
93,47,1582,564,214,151,1,-1,-1,-1
93,48,960,642,68,128,1,-1,-1,-1
93,49,1697,583,110,99,1,-1,-1,-1
94,2,1397,256,91,217,1,-1,-1,-1
94,3,869,715,210,197,1,-1,-1,-1
94,4,1527,657,167,163,1,-1,-1,-1
94,5,630,810,140,92,1,-1,-1,-1
94,6,1622,383,108,212,1,-1,-1,-1
94,7,2167,179,112,180,1,-1,-1,-1
94,10,1025,622,118,158,1,-1,-1,-1
94,14,298,863,90,128,1,-1,-1,-1
94,19,2008,496,179,232,1,-1,-1,-1
94,20,1466,220,96,188,1,-1,-1,-1
94,22,807,645,88,196,1,-1,-1,-1
94,23,2147,329,104,264,1,-1,-1,-1
94,28,1812,584,225,190,1,-1,-1,-1
94,30,1732,180,168,146,1,-1,-1,-1
94,32,213,859,168,180,1,-1,-1,-1
94,33,637,707,164,187,1,-1,-1,-1
94,35,1208,507,101,99,1,-1,-1,-1
94,36,825,659,80,127,1,-1,-1,-1
94,37,726,699,168,145,1,-1,-1,-1
94,38,1168,705,200,160,1,-1,-1,-1
94,39,892,726,216,180,1,-1,-1,-1
94,40,1771,575,248,194,1,-1,-1,-1
94,41,1512,676,184,152,1,-1,-1,-1
94,44,464,777,118,175,1,-1,-1,-1
94,46,1422,583,137,183,1,-1,-1,-1
94,47,1583,565,214,151,1,-1,-1,-1
94,48,959,645,68,128,1,-1,-1,-1
94,49,1698,586,110,99,1,-1,-1,-1
95,2,1396,260,91,217,1,-1,-1,-1
95,3,868,717,210,197,1,-1,-1,-1
95,4,1532,658,167,163,1,-1,-1,-1
95,5,632,813,140,92,1,-1,-1,-1
95,6,1620,386,108,212,1,-1,-1,-1
95,7,2164,182,112,180,1,-1,-1,-1
95,14,297,866,90,128,1,-1,-1,-1
95,19,2013,506,171,221,1,-1,-1,-1
95,20,1464,223,96,188,1,-1,-1,-1
95,22,806,648,88,196,1,-1,-1,-1
95,23,2145,333,104,264,1,-1,-1,-1
95,28,1811,590,225,190,1,-1,-1,-1
95,30,1729,185,168,146,1,-1,-1,-1
95,32,212,863,168,180,1,-1,-1,-1
95,33,639,710,164,187,1,-1,-1,-1
95,35,1205,508,101,99,1,-1,-1,-1
95,36,823,662,84,133,1,-1,-1,-1
95,37,725,703,168,145,1,-1,-1,-1
95,38,1171,709,200,160,1,-1,-1,-1
95,39,893,725,216,180,1,-1,-1,-1
95,40,1763,582,248,194,1,-1,-1,-1
95,41,1519,679,184,152,1,-1,-1,-1
95,44,462,776,124,184,1,-1,-1,-1
95,46,1421,583,137,183,1,-1,-1,-1
95,47,1577,574,214,151,1,-1,-1,-1
95,48,958,647,68,128,1,-1,-1,-1
95,49,1699,590,110,99,1,-1,-1,-1
96,2,1394,260,91,217,1,-1,-1,-1
96,3,867,722,210,197,1,-1,-1,-1
96,4,1534,660,167,163,1,-1,-1,-1
96,5,635,817,140,92,1,-1,-1,-1
96,6,1621,394,103,202,1,-1,-1,-1
96,7,2163,184,112,180,1,-1,-1,-1
96,14,294,868,90,128,1,-1,-1,-1
96,19,2013,506,171,221,1,-1,-1,-1
96,20,1463,226,96,188,1,-1,-1,-1
96,22,806,652,88,196,1,-1,-1,-1
96,23,2145,333,104,264,1,-1,-1,-1
96,28,1811,593,225,190,1,-1,-1,-1
96,30,1729,189,168,146,1,-1,-1,-1
96,32,209,864,168,180,1,-1,-1,-1
96,33,638,713,164,187,1,-1,-1,-1
96,35,1204,508,101,99,1,-1,-1,-1
96,36,823,664,84,133,1,-1,-1,-1
96,37,729,708,160,138,1,-1,-1,-1
96,38,1173,711,200,160,1,-1,-1,-1
96,39,894,728,216,180,1,-1,-1,-1
96,40,1760,586,248,194,1,-1,-1,-1
96,41,1516,677,193,160,1,-1,-1,-1
96,44,457,778,130,193,1,-1,-1,-1
96,46,1419,585,137,183,1,-1,-1,-1
96,47,1577,585,214,151,1,-1,-1,-1
96,48,954,651,68,128,1,-1,-1,-1
96,49,1699,592,110,99,1,-1,-1,-1
97,2,1394,260,91,217,1,-1,-1,-1
97,3,867,722,210,197,1,-1,-1,-1
97,4,1534,660,167,163,1,-1,-1,-1
97,5,635,817,140,92,1,-1,-1,-1
97,6,1621,394,103,202,1,-1,-1,-1
97,7,2163,184,112,180,1,-1,-1,-1
97,14,294,868,90,128,1,-1,-1,-1
97,19,1988,500,200,232,1,-1,-1,-1
97,20,1460,228,104,164,1,-1,-1,-1
97,22,806,652,88,196,1,-1,-1,-1
97,23,2145,333,104,264,1,-1,-1,-1
97,28,1811,593,225,190,1,-1,-1,-1
97,30,1729,189,168,146,1,-1,-1,-1
97,32,212,864,148,180,1,-1,-1,-1
97,33,644,720,160,184,1,-1,-1,-1
97,35,1204,508,101,99,1,-1,-1,-1
97,36,823,664,84,133,1,-1,-1,-1
97,37,729,708,160,138,1,-1,-1,-1
97,38,1188,724,196,144,1,-1,-1,-1
97,39,868,728,240,188,1,-1,-1,-1
97,40,1760,586,248,194,1,-1,-1,-1
97,41,1516,677,193,160,1,-1,-1,-1
97,44,452,784,132,180,1,-1,-1,-1
97,46,1419,585,137,183,1,-1,-1,-1
97,47,1577,585,214,151,1,-1,-1,-1
97,48,954,651,68,128,1,-1,-1,-1
97,49,1699,592,110,99,1,-1,-1,-1
97,50,1516,644,276,192,1,-1,-1,-1
97,51,1380,268,96,224,1,-1,-1,-1
97,52,1812,636,156,160,1,-1,-1,-1
97,53,1412,648,132,132,1,-1,-1,-1
98,2,1394,265,91,217,1,-1,-1,-1
98,3,869,725,210,197,1,-1,-1,-1
98,4,1532,655,167,163,1,-1,-1,-1
98,5,642,830,133,88,1,-1,-1,-1
98,6,1618,398,103,202,1,-1,-1,-1
98,7,2157,189,112,180,1,-1,-1,-1
98,14,292,874,90,128,1,-1,-1,-1
98,19,1988,502,200,232,1,-1,-1,-1
98,20,1459,229,104,164,1,-1,-1,-1
98,22,807,661,84,187,1,-1,-1,-1
98,23,2141,337,104,264,1,-1,-1,-1
98,28,1808,600,225,190,1,-1,-1,-1
98,32,214,871,141,171,1,-1,-1,-1
98,33,643,721,160,184,1,-1,-1,-1
98,35,1195,509,107,103,1,-1,-1,-1
98,36,822,677,84,133,1,-1,-1,-1
98,37,731,714,152,131,1,-1,-1,-1
98,38,1188,725,196,144,1,-1,-1,-1
98,39,868,729,240,188,1,-1,-1,-1
98,40,1759,580,260,204,1,-1,-1,-1
98,41,1521,678,184,152,1,-1,-1,-1
98,44,452,788,132,180,1,-1,-1,-1
98,46,1419,590,137,183,1,-1,-1,-1
98,47,1573,593,214,151,1,-1,-1,-1
98,48,949,653,68,128,1,-1,-1,-1
98,49,1695,594,110,99,1,-1,-1,-1
98,50,1518,645,276,192,1,-1,-1,-1
98,51,1380,268,96,224,1,-1,-1,-1
98,52,1812,638,156,160,1,-1,-1,-1
98,53,1412,649,132,132,1,-1,-1,-1
99,2,1390,265,91,217,1,-1,-1,-1
99,3,868,727,210,197,1,-1,-1,-1
99,4,1532,654,167,163,1,-1,-1,-1
99,5,646,829,133,88,1,-1,-1,-1
99,6,1616,398,103,202,1,-1,-1,-1
99,7,2153,190,112,180,1,-1,-1,-1
99,14,289,877,90,128,1,-1,-1,-1
99,19,1988,503,200,232,1,-1,-1,-1
99,20,1459,233,104,164,1,-1,-1,-1
99,22,807,668,80,178,1,-1,-1,-1
99,23,2137,333,109,277,1,-1,-1,-1
99,28,1811,612,225,190,1,-1,-1,-1
99,32,213,874,141,171,1,-1,-1,-1
99,33,643,723,160,184,1,-1,-1,-1
99,35,1194,510,107,103,1,-1,-1,-1
99,36,821,679,84,133,1,-1,-1,-1
99,37,735,718,145,125,1,-1,-1,-1
99,38,1193,730,187,137,1,-1,-1,-1
99,39,868,731,240,188,1,-1,-1,-1
99,41,1521,679,184,152,1,-1,-1,-1
99,44,454,790,132,180,1,-1,-1,-1
99,46,1417,589,137,183,1,-1,-1,-1
99,48,947,656,68,128,1,-1,-1,-1
99,49,1698,599,105,94,1,-1,-1,-1
99,50,1517,646,276,192,1,-1,-1,-1
99,51,1378,270,96,224,1,-1,-1,-1
99,52,1811,642,156,160,1,-1,-1,-1
99,53,1412,650,132,132,1,-1,-1,-1
100,2,1388,265,91,217,1,-1,-1,-1
100,3,870,726,210,197,1,-1,-1,-1
100,4,1530,662,167,163,1,-1,-1,-1
100,5,651,832,127,83,1,-1,-1,-1
100,6,1615,400,103,202,1,-1,-1,-1
100,7,2150,196,112,180,1,-1,-1,-1
100,14,286,876,90,128,1,-1,-1,-1
100,19,1988,504,200,232,1,-1,-1,-1
100,20,1458,233,104,164,1,-1,-1,-1
100,22,807,669,80,178,1,-1,-1,-1
100,23,2133,318,115,291,1,-1,-1,-1
100,28,1799,603,236,200,1,-1,-1,-1
100,32,212,874,141,171,1,-1,-1,-1
100,33,644,724,160,184,1,-1,-1,-1
100,35,1196,513,101,99,1,-1,-1,-1
100,36,822,680,84,133,1,-1,-1,-1
100,37,735,723,145,125,1,-1,-1,-1
100,38,1190,727,196,144,1,-1,-1,-1
100,39,868,733,240,188,1,-1,-1,-1
100,41,1523,681,184,152,1,-1,-1,-1
100,44,453,787,139,189,1,-1,-1,-1
100,46,1420,595,131,174,1,-1,-1,-1
100,48,946,658,68,128,1,-1,-1,-1
100,49,1697,599,105,94,1,-1,-1,-1
100,50,1523,657,263,183,1,-1,-1,-1
100,51,1376,272,96,224,1,-1,-1,-1
100,52,1812,645,156,160,1,-1,-1,-1
100,53,1415,650,132,132,1,-1,-1,-1
101,2,1383,258,96,228,1,-1,-1,-1
101,3,875,728,210,197,1,-1,-1,-1
101,4,1533,661,167,163,1,-1,-1,-1
101,5,658,832,121,79,1,-1,-1,-1
101,6,1613,400,103,202,1,-1,-1,-1
101,7,2150,196,112,180,1,-1,-1,-1
101,14,283,874,90,128,1,-1,-1,-1
101,19,1988,503,200,232,1,-1,-1,-1
101,20,1457,233,104,164,1,-1,-1,-1
101,22,805,671,80,178,1,-1,-1,-1
101,23,2129,322,115,291,1,-1,-1,-1
101,28,1793,602,248,210,1,-1,-1,-1
101,32,212,875,141,171,1,-1,-1,-1
101,33,644,724,160,184,1,-1,-1,-1
101,35,1197,512,101,99,1,-1,-1,-1
101,36,822,680,84,133,1,-1,-1,-1
101,37,735,722,145,125,1,-1,-1,-1
101,38,1191,726,196,144,1,-1,-1,-1
101,39,869,732,240,188,1,-1,-1,-1
101,41,1522,683,184,152,1,-1,-1,-1
101,44,455,789,139,189,1,-1,-1,-1
101,46,1425,591,131,174,1,-1,-1,-1
101,48,944,658,68,128,1,-1,-1,-1
101,49,1695,599,105,94,1,-1,-1,-1
101,50,1523,657,263,183,1,-1,-1,-1
101,51,1375,275,96,224,1,-1,-1,-1
101,52,1812,644,156,160,1,-1,-1,-1
101,53,1416,649,132,132,1,-1,-1,-1
102,2,1386,261,91,217,1,-1,-1,-1
102,3,877,718,210,197,1,-1,-1,-1
102,4,1539,664,159,155,1,-1,-1,-1
102,5,660,824,121,79,1,-1,-1,-1
102,6,1612,396,103,202,1,-1,-1,-1
102,7,2149,194,112,180,1,-1,-1,-1
102,14,279,870,90,128,1,-1,-1,-1
102,19,1988,497,200,232,1,-1,-1,-1
102,20,1458,228,104,164,1,-1,-1,-1
102,22,805,665,80,178,1,-1,-1,-1
102,23,2132,324,109,277,1,-1,-1,-1
102,28,1817,594,248,210,1,-1,-1,-1
102,32,213,869,141,171,1,-1,-1,-1
102,33,646,717,160,184,1,-1,-1,-1
102,35,1196,505,101,99,1,-1,-1,-1
102,36,823,673,84,133,1,-1,-1,-1
102,37,736,715,145,125,1,-1,-1,-1
102,38,1193,722,196,144,1,-1,-1,-1
102,39,878,731,229,179,1,-1,-1,-1
102,41,1525,680,184,152,1,-1,-1,-1
102,44,456,784,139,189,1,-1,-1,-1
102,46,1428,584,131,174,1,-1,-1,-1
102,48,945,657,68,128,1,-1,-1,-1
102,49,1696,592,105,94,1,-1,-1,-1
102,50,1517,646,276,192,1,-1,-1,-1
102,51,1375,272,96,224,1,-1,-1,-1
102,52,1813,641,156,160,1,-1,-1,-1
102,53,1423,647,126,126,1,-1,-1,-1
103,2,1385,256,91,217,1,-1,-1,-1
103,3,879,711,210,197,1,-1,-1,-1
103,4,1542,653,159,155,1,-1,-1,-1
103,5,663,812,121,79,1,-1,-1,-1
103,6,1613,380,103,202,1,-1,-1,-1
103,7,2147,181,112,180,1,-1,-1,-1
103,14,277,860,85,122,1,-1,-1,-1
103,19,1990,481,200,232,1,-1,-1,-1
103,20,1456,211,109,172,1,-1,-1,-1
103,22,806,650,80,178,1,-1,-1,-1
103,23,2131,309,109,277,1,-1,-1,-1
103,28,1819,591,236,200,1,-1,-1,-1
103,32,214,855,141,171,1,-1,-1,-1
103,33,648,702,160,184,1,-1,-1,-1
103,35,1198,494,101,99,1,-1,-1,-1
103,36,823,661,84,133,1,-1,-1,-1
103,37,735,702,145,125,1,-1,-1,-1
103,38,1198,705,196,144,1,-1,-1,-1
103,39,880,717,229,179,1,-1,-1,-1
103,41,1526,669,184,152,1,-1,-1,-1
103,44,460,769,139,189,1,-1,-1,-1
103,46,1427,570,131,174,1,-1,-1,-1
103,48,946,643,68,128,1,-1,-1,-1
103,49,1696,580,105,94,1,-1,-1,-1
103,50,1515,639,276,192,1,-1,-1,-1
103,51,1376,252,96,224,1,-1,-1,-1
103,52,1814,628,156,160,1,-1,-1,-1
103,53,1423,635,126,126,1,-1,-1,-1
104,2,1399,232,91,217,1,-1,-1,-1
104,3,897,687,210,197,1,-1,-1,-1
104,4,1556,632,159,155,1,-1,-1,-1
104,5,681,789,121,79,1,-1,-1,-1
104,6,1617,354,108,212,1,-1,-1,-1
104,7,2153,162,112,180,1,-1,-1,-1
104,14,288,836,85,122,1,-1,-1,-1
104,19,2004,458,200,232,1,-1,-1,-1
104,20,1468,190,109,172,1,-1,-1,-1
104,22,816,628,80,178,1,-1,-1,-1
104,23,2141,287,109,277,1,-1,-1,-1
104,32,228,828,148,180,1,-1,-1,-1
104,33,666,684,152,175,1,-1,-1,-1
104,35,1212,473,101,99,1,-1,-1,-1
104,36,834,632,88,140,1,-1,-1,-1
104,37,749,679,145,125,1,-1,-1,-1
104,38,1216,682,196,144,1,-1,-1,-1
104,39,900,698,229,179,1,-1,-1,-1
104,41,1543,648,184,152,1,-1,-1,-1
104,44,476,745,139,189,1,-1,-1,-1
104,46,1444,548,131,174,1,-1,-1,-1
104,48,955,622,68,128,1,-1,-1,-1
104,49,1709,614,100,90,1,-1,-1,-1
104,50,1540,619,276,192,1,-1,-1,-1
104,51,1383,231,96,224,1,-1,-1,-1
104,52,1828,601,156,160,1,-1,-1,-1
104,53,1437,611,126,126,1,-1,-1,-1
105,2,1399,232,91,217,1,-1,-1,-1
105,3,897,687,210,197,1,-1,-1,-1
105,4,1556,632,159,155,1,-1,-1,-1
105,5,681,789,121,79,1,-1,-1,-1
105,6,1617,354,108,212,1,-1,-1,-1
105,7,2153,162,112,180,1,-1,-1,-1
105,14,288,836,85,122,1,-1,-1,-1
105,19,2004,458,200,232,1,-1,-1,-1
105,20,1468,190,109,172,1,-1,-1,-1
105,22,816,628,80,178,1,-1,-1,-1
105,23,2141,287,109,277,1,-1,-1,-1
105,32,228,828,148,180,1,-1,-1,-1
105,33,672,724,140,128,1,-1,-1,-1
105,35,1212,473,101,99,1,-1,-1,-1
105,36,834,632,88,140,1,-1,-1,-1
105,37,749,679,145,125,1,-1,-1,-1
105,38,1216,682,196,144,1,-1,-1,-1
105,39,900,698,229,179,1,-1,-1,-1
105,41,1543,648,184,152,1,-1,-1,-1
105,44,476,745,139,189,1,-1,-1,-1
105,46,1444,548,131,174,1,-1,-1,-1
105,48,955,622,68,128,1,-1,-1,-1
105,49,1709,614,100,90,1,-1,-1,-1
105,50,1540,619,276,192,1,-1,-1,-1
105,51,1383,231,96,224,1,-1,-1,-1
105,52,1828,601,156,160,1,-1,-1,-1
105,53,1437,611,126,126,1,-1,-1,-1
105,54,940,672,224,176,1,-1,-1,-1
105,55,488,740,152,168,1,-1,-1,-1
105,56,240,816,144,168,1,-1,-1,-1
105,57,1576,580,256,196,1,-1,-1,-1
105,58,1232,636,208,168,1,-1,-1,-1
105,59,1404,204,92,228,1,-1,-1,-1
105,60,1628,336,112,192,1,-1,-1,-1
105,61,2136,144,140,340,1,-1,-1,-1
105,62,1500,76,108,244,1,-1,-1,-1
105,63,1232,416,88,176,1,-1,-1,-1
105,64,1112,520,124,160,1,-1,-1,-1
105,65,968,604,96,140,1,-1,-1,-1
106,2,1417,202,91,217,1,-1,-1,-1
106,3,918,646,220,207,1,-1,-1,-1
106,4,1580,601,159,155,1,-1,-1,-1
106,5,713,764,121,79,1,-1,-1,-1
106,6,1641,318,108,212,1,-1,-1,-1
106,7,2178,127,112,180,1,-1,-1,-1
106,14,308,805,85,122,1,-1,-1,-1
106,19,2031,430,200,232,1,-1,-1,-1
106,20,1496,157,109,172,1,-1,-1,-1
106,22,841,597,76,169,1,-1,-1,-1
106,23,2147,249,115,291,1,-1,-1,-1
106,32,257,803,148,180,1,-1,-1,-1
106,33,687,710,140,128,1,-1,-1,-1
106,35,1242,444,101,99,1,-1,-1,-1
106,36,862,598,88,140,1,-1,-1,-1
106,37,780,646,145,125,1,-1,-1,-1
106,38,1240,651,206,151,1,-1,-1,-1
106,39,924,661,240,188,1,-1,-1,-1
106,41,1567,614,184,152,1,-1,-1,-1
106,44,506,710,139,189,1,-1,-1,-1
106,46,1477,516,131,174,1,-1,-1,-1
106,48,975,588,71,134,1,-1,-1,-1
106,49,1737,589,105,94,1,-1,-1,-1
106,50,1561,588,276,192,1,-1,-1,-1
106,51,1406,206,96,224,1,-1,-1,-1
106,52,1856,568,156,160,1,-1,-1,-1
106,53,1467,583,126,126,1,-1,-1,-1
106,54,957,657,224,176,1,-1,-1,-1
106,55,503,726,152,168,1,-1,-1,-1
106,56,255,803,144,168,1,-1,-1,-1
106,57,1592,569,256,196,1,-1,-1,-1
106,58,1247,623,208,168,1,-1,-1,-1
106,59,1412,191,92,228,1,-1,-1,-1
106,60,1641,320,112,192,1,-1,-1,-1
106,61,2149,139,140,340,1,-1,-1,-1
106,62,1511,59,108,244,1,-1,-1,-1
106,63,1247,401,88,176,1,-1,-1,-1
106,64,1126,505,124,160,1,-1,-1,-1
106,65,981,590,96,140,1,-1,-1,-1
107,2,1438,179,91,217,1,-1,-1,-1
107,3,941,629,220,207,1,-1,-1,-1
107,4,1600,583,159,155,1,-1,-1,-1
107,5,735,746,121,79,1,-1,-1,-1
107,6,1661,306,103,202,1,-1,-1,-1
107,7,2198,106,112,180,1,-1,-1,-1
107,14,330,788,85,122,1,-1,-1,-1
107,19,2054,409,200,232,1,-1,-1,-1
107,20,1514,139,109,172,1,-1,-1,-1
107,22,860,579,76,169,1,-1,-1,-1
107,23,2177,235,109,277,1,-1,-1,-1
107,32,277,783,148,180,1,-1,-1,-1
107,33,708,694,140,128,1,-1,-1,-1
107,35,1263,427,101,99,1,-1,-1,-1
107,36,880,578,88,140,1,-1,-1,-1
107,37,798,624,145,125,1,-1,-1,-1
107,38,1261,630,206,151,1,-1,-1,-1
107,39,941,636,252,197,1,-1,-1,-1
107,41,1587,596,184,152,1,-1,-1,-1
107,44,527,693,139,189,1,-1,-1,-1
107,46,1497,497,131,174,1,-1,-1,-1
107,48,992,571,75,141,1,-1,-1,-1
107,49,1760,572,105,94,1,-1,-1,-1
107,50,1581,571,263,183,1,-1,-1,-1
107,51,1426,183,96,224,1,-1,-1,-1
107,52,1872,553,156,160,1,-1,-1,-1
107,53,1488,565,126,126,1,-1,-1,-1
107,54,976,642,224,176,1,-1,-1,-1
107,55,522,710,152,168,1,-1,-1,-1
107,56,274,788,144,168,1,-1,-1,-1
107,57,1617,557,244,187,1,-1,-1,-1
107,58,1267,609,208,168,1,-1,-1,-1
107,59,1430,172,92,228,1,-1,-1,-1
107,60,1658,304,112,192,1,-1,-1,-1
107,61,2166,118,133,324,1,-1,-1,-1
107,62,1535,47,103,232,1,-1,-1,-1
107,63,1265,387,88,176,1,-1,-1,-1
107,64,1145,489,124,160,1,-1,-1,-1
107,65,998,574,96,140,1,-1,-1,-1
108,2,1454,175,91,217,1,-1,-1,-1
108,3,961,625,220,207,1,-1,-1,-1
108,4,1616,573,159,155,1,-1,-1,-1
108,5,751,732,121,79,1,-1,-1,-1
108,6,1674,292,108,212,1,-1,-1,-1
108,7,2212,97,112,180,1,-1,-1,-1
108,14,343,784,85,122,1,-1,-1,-1
108,19,2070,401,200,232,1,-1,-1,-1
108,20,1530,126,109,172,1,-1,-1,-1
108,22,875,567,76,169,1,-1,-1,-1
108,23,2190,230,109,277,1,-1,-1,-1
108,32,291,772,148,180,1,-1,-1,-1
108,33,725,681,140,128,1,-1,-1,-1
108,35,1280,416,101,99,1,-1,-1,-1
108,36,896,565,88,140,1,-1,-1,-1
108,37,812,611,145,125,1,-1,-1,-1
108,38,1278,623,206,151,1,-1,-1,-1
108,39,964,634,240,188,1,-1,-1,-1
108,41,1607,591,175,145,1,-1,-1,-1
108,44,544,680,139,189,1,-1,-1,-1
108,46,1514,496,124,166,1,-1,-1,-1
108,48,1004,557,75,141,1,-1,-1,-1
108,49,1780,551,105,94,1,-1,-1,-1
108,50,1593,565,263,183,1,-1,-1,-1
108,51,1441,174,96,224,1,-1,-1,-1
108,52,1883,540,156,160,1,-1,-1,-1
108,53,1502,550,126,126,1,-1,-1,-1
108,54,987,629,235,185,1,-1,-1,-1
108,55,537,698,152,168,1,-1,-1,-1
108,56,291,781,144,168,1,-1,-1,-1
108,57,1631,545,244,187,1,-1,-1,-1
108,58,1284,602,208,168,1,-1,-1,-1
108,59,1445,164,88,217,1,-1,-1,-1
108,60,1674,292,112,192,1,-1,-1,-1
108,61,2179,111,133,324,1,-1,-1,-1
108,62,1549,32,108,244,1,-1,-1,-1
108,63,1282,377,88,176,1,-1,-1,-1
108,64,1161,476,124,160,1,-1,-1,-1
108,65,1012,562,96,140,1,-1,-1,-1
109,2,1464,160,91,217,1,-1,-1,-1
109,3,974,614,220,207,1,-1,-1,-1
109,4,1629,564,159,155,1,-1,-1,-1
109,5,761,717,127,83,1,-1,-1,-1
109,6,1690,283,108,212,1,-1,-1,-1
109,7,2226,84,112,180,1,-1,-1,-1
109,14,359,774,85,122,1,-1,-1,-1
109,19,2079,382,210,244,1,-1,-1,-1
109,20,1544,118,109,172,1,-1,-1,-1
109,22,888,554,80,178,1,-1,-1,-1
109,23,2207,199,115,291,1,-1,-1,-1
109,32,301,770,148,180,1,-1,-1,-1
109,33,740,671,140,128,1,-1,-1,-1
109,35,1290,403,107,103,1,-1,-1,-1
109,36,907,554,88,140,1,-1,-1,-1
109,37,823,601,145,125,1,-1,-1,-1
109,38,1288,617,206,151,1,-1,-1,-1
109,39,970,622,252,197,1,-1,-1,-1
109,41,1615,585,175,145,1,-1,-1,-1
109,44,556,672,139,189,1,-1,-1,-1
109,46,1527,484,124,166,1,-1,-1,-1
109,48,1017,549,71,134,1,-1,-1,-1
109,49,1793,541,105,94,1,-1,-1,-1
109,50,1611,551,263,183,1,-1,-1,-1
109,51,1450,166,96,224,1,-1,-1,-1
109,52,1894,531,156,160,1,-1,-1,-1
109,53,1517,543,126,126,1,-1,-1,-1
109,54,1000,620,235,185,1,-1,-1,-1
109,55,548,690,152,168,1,-1,-1,-1
109,56,304,772,144,168,1,-1,-1,-1
109,57,1642,537,244,187,1,-1,-1,-1
109,58,1295,597,208,168,1,-1,-1,-1
109,59,1455,157,88,217,1,-1,-1,-1
109,60,1681,280,118,202,1,-1,-1,-1
109,61,2188,104,133,324,1,-1,-1,-1
109,62,1559,26,108,244,1,-1,-1,-1
109,63,1294,368,88,176,1,-1,-1,-1
109,64,1175,465,124,160,1,-1,-1,-1
109,65,1022,552,96,140,1,-1,-1,-1
110,2,1470,153,91,217,1,-1,-1,-1
110,3,983,606,220,207,1,-1,-1,-1
110,4,1634,557,159,155,1,-1,-1,-1
110,5,770,705,127,83,1,-1,-1,-1
110,6,1693,270,108,212,1,-1,-1,-1
110,7,2230,79,112,180,1,-1,-1,-1
110,14,369,761,85,122,1,-1,-1,-1
110,19,2083,379,210,244,1,-1,-1,-1
110,20,1558,113,109,172,1,-1,-1,-1
110,22,898,547,76,169,1,-1,-1,-1
110,32,313,760,148,180,1,-1,-1,-1
110,33,749,660,140,128,1,-1,-1,-1
110,35,1300,393,107,103,1,-1,-1,-1
110,36,917,544,88,140,1,-1,-1,-1
110,37,830,591,145,125,1,-1,-1,-1
110,38,1300,608,206,151,1,-1,-1,-1
110,39,986,615,252,197,1,-1,-1,-1
110,41,1625,573,175,145,1,-1,-1,-1
110,44,564,659,146,198,1,-1,-1,-1
110,46,1536,473,124,166,1,-1,-1,-1
110,48,1023,539,71,134,1,-1,-1,-1
110,49,1803,529,105,94,1,-1,-1,-1
110,50,1613,550,263,183,1,-1,-1,-1
110,51,1464,148,96,224,1,-1,-1,-1
110,52,1904,523,156,160,1,-1,-1,-1
110,53,1526,533,126,126,1,-1,-1,-1
110,54,1009,609,235,185,1,-1,-1,-1
110,55,558,679,152,168,1,-1,-1,-1
110,56,314,760,144,168,1,-1,-1,-1
110,57,1651,529,244,187,1,-1,-1,-1
110,58,1304,584,208,168,1,-1,-1,-1
110,59,1462,151,88,217,1,-1,-1,-1
110,60,1686,269,118,202,1,-1,-1,-1
110,61,2190,86,140,340,1,-1,-1,-1
110,62,1562,1,113,256,1,-1,-1,-1
110,63,1305,363,84,168,1,-1,-1,-1
110,64,1184,454,124,160,1,-1,-1,-1
110,65,1027,542,96,140,1,-1,-1,-1
111,2,1476,141,91,217,1,-1,-1,-1
111,3,994,596,220,207,1,-1,-1,-1
111,4,1641,555,151,148,1,-1,-1,-1
111,5,777,694,127,83,1,-1,-1,-1
111,6,1702,263,108,212,1,-1,-1,-1
111,7,2237,68,107,171,1,-1,-1,-1
111,19,2091,377,200,232,1,-1,-1,-1
111,20,1561,96,109,172,1,-1,-1,-1
111,22,904,537,76,169,1,-1,-1,-1
111,32,320,749,148,180,1,-1,-1,-1
111,33,756,650,140,128,1,-1,-1,-1
111,35,1307,383,107,103,1,-1,-1,-1
111,36,921,531,88,140,1,-1,-1,-1
111,37,836,578,145,125,1,-1,-1,-1
111,38,1306,601,206,151,1,-1,-1,-1
111,39,994,607,240,188,1,-1,-1,-1
111,41,1630,564,175,145,1,-1,-1,-1
111,44,566,646,153,208,1,-1,-1,-1
111,46,1539,462,131,174,1,-1,-1,-1
111,48,1027,528,71,134,1,-1,-1,-1
111,49,1813,517,105,94,1,-1,-1,-1
111,50,1613,534,263,183,1,-1,-1,-1
111,51,1469,144,96,224,1,-1,-1,-1
111,52,1909,514,156,160,1,-1,-1,-1
111,53,1533,521,126,126,1,-1,-1,-1
111,54,1015,600,235,185,1,-1,-1,-1
111,55,563,672,152,168,1,-1,-1,-1
111,56,316,756,144,168,1,-1,-1,-1
111,57,1650,515,256,196,1,-1,-1,-1
111,58,1317,581,198,160,1,-1,-1,-1
111,59,1469,143,88,217,1,-1,-1,-1
111,60,1691,261,118,202,1,-1,-1,-1
111,61,2197,84,140,340,1,-1,-1,-1
111,62,1571,4,108,244,1,-1,-1,-1
111,63,1312,356,80,160,1,-1,-1,-1
111,64,1189,444,124,160,1,-1,-1,-1
111,65,1032,532,96,140,1,-1,-1,-1
112,2,1483,128,87,207,1,-1,-1,-1
112,3,1009,576,220,207,1,-1,-1,-1
112,4,1654,544,151,148,1,-1,-1,-1
112,5,787,682,127,83,1,-1,-1,-1
112,6,1709,248,108,212,1,-1,-1,-1
112,7,2243,52,102,163,1,-1,-1,-1
112,19,2106,355,200,232,1,-1,-1,-1
112,20,1567,84,109,172,1,-1,-1,-1
112,22,911,521,76,169,1,-1,-1,-1
112,32,336,741,141,171,1,-1,-1,-1
112,33,766,637,140,128,1,-1,-1,-1
112,35,1317,368,107,103,1,-1,-1,-1
112,36,930,519,84,133,1,-1,-1,-1
112,37,845,568,145,125,1,-1,-1,-1
112,38,1325,584,206,151,1,-1,-1,-1
112,39,1013,590,240,188,1,-1,-1,-1
112,41,1636,547,184,152,1,-1,-1,-1
112,44,572,625,153,208,1,-1,-1,-1
112,46,1550,440,131,174,1,-1,-1,-1
112,50,1623,527,263,183,1,-1,-1,-1
112,51,1476,132,91,213,1,-1,-1,-1
112,52,1923,499,156,160,1,-1,-1,-1
112,53,1544,505,126,126,1,-1,-1,-1
112,54,1035,582,235,185,1,-1,-1,-1
112,55,571,659,152,168,1,-1,-1,-1
112,56,330,742,144,168,1,-1,-1,-1
112,57,1659,501,256,196,1,-1,-1,-1
112,58,1332,568,189,152,1,-1,-1,-1
112,59,1474,124,88,217,1,-1,-1,-1
112,60,1701,248,112,192,1,-1,-1,-1
112,61,2205,56,140,340,1,-1,-1,-1
112,62,1579,0,108,235,1,-1,-1,-1
112,63,1322,339,80,160,1,-1,-1,-1
112,64,1201,430,124,160,1,-1,-1,-1
112,65,1037,520,96,140,1,-1,-1,-1
113,2,1492,124,80,216,1,-1,-1,-1
113,3,1009,576,220,207,1,-1,-1,-1
113,4,1654,544,151,148,1,-1,-1,-1
113,5,787,682,127,83,1,-1,-1,-1
113,6,1700,252,112,212,1,-1,-1,-1
113,7,2243,52,102,163,1,-1,-1,-1
113,19,2112,340,184,256,1,-1,-1,-1
113,20,1567,84,109,172,1,-1,-1,-1
113,22,911,521,76,169,1,-1,-1,-1
113,32,336,741,141,171,1,-1,-1,-1
113,33,766,637,140,128,1,-1,-1,-1
113,35,1317,368,107,103,1,-1,-1,-1
113,36,930,519,84,133,1,-1,-1,-1
113,37,845,568,145,125,1,-1,-1,-1
113,38,1328,604,212,112,1,-1,-1,-1
113,39,1013,590,240,188,1,-1,-1,-1
113,41,1636,547,184,152,1,-1,-1,-1
113,44,572,625,153,208,1,-1,-1,-1
113,46,1544,428,128,216,1,-1,-1,-1
113,50,1623,527,263,183,1,-1,-1,-1
113,51,1476,132,91,213,1,-1,-1,-1
113,52,1923,499,156,160,1,-1,-1,-1
113,53,1544,505,126,126,1,-1,-1,-1
113,54,1036,604,244,156,1,-1,-1,-1
113,55,556,648,200,172,1,-1,-1,-1
113,56,332,736,144,168,1,-1,-1,-1
113,57,1660,500,296,192,1,-1,-1,-1
113,58,1332,568,189,152,1,-1,-1,-1
113,59,1474,124,88,217,1,-1,-1,-1
113,60,1701,248,112,192,1,-1,-1,-1
113,61,2205,56,140,340,1,-1,-1,-1
113,62,1579,0,108,235,1,-1,-1,-1
113,63,1322,339,80,160,1,-1,-1,-1
113,64,1201,430,124,160,1,-1,-1,-1
113,65,1036,504,120,156,1,-1,-1,-1
113,66,1952,436,188,216,1,-1,-1,-1
113,67,772,572,144,188,1,-1,-1,-1
114,2,1494,120,80,216,1,-1,-1,-1
114,3,1017,573,220,207,1,-1,-1,-1
114,4,1658,540,151,148,1,-1,-1,-1
114,5,793,675,127,83,1,-1,-1,-1
114,6,1702,246,112,212,1,-1,-1,-1
114,7,2246,47,102,163,1,-1,-1,-1
114,19,2114,336,184,256,1,-1,-1,-1
114,20,1570,78,109,172,1,-1,-1,-1
114,22,917,524,72,161,1,-1,-1,-1
114,32,341,736,141,171,1,-1,-1,-1
114,33,770,634,140,128,1,-1,-1,-1
114,35,1320,359,107,103,1,-1,-1,-1
114,36,933,517,84,133,1,-1,-1,-1
114,37,851,564,138,119,1,-1,-1,-1
114,38,1336,601,212,112,1,-1,-1,-1
114,39,1021,586,240,188,1,-1,-1,-1
114,41,1639,541,184,152,1,-1,-1,-1
114,44,578,625,153,208,1,-1,-1,-1
114,46,1548,426,128,216,1,-1,-1,-1
114,51,1476,123,96,224,1,-1,-1,-1
114,52,1925,494,156,160,1,-1,-1,-1
114,53,1550,496,126,126,1,-1,-1,-1
114,54,1043,600,244,156,1,-1,-1,-1
114,55,561,646,200,172,1,-1,-1,-1
114,56,337,733,144,168,1,-1,-1,-1
114,57,1665,496,296,192,1,-1,-1,-1
114,58,1339,563,189,152,1,-1,-1,-1
114,59,1476,119,88,217,1,-1,-1,-1
114,60,1704,244,112,192,1,-1,-1,-1
114,61,2212,54,140,340,1,-1,-1,-1
114,62,1583,0,108,231,1,-1,-1,-1
114,63,1324,334,80,160,1,-1,-1,-1
114,64,1205,425,124,160,1,-1,-1,-1
114,65,1039,500,120,156,1,-1,-1,-1
114,66,1954,432,188,216,1,-1,-1,-1
114,67,775,570,144,188,1,-1,-1,-1
115,2,1496,107,80,216,1,-1,-1,-1
115,3,1030,554,220,207,1,-1,-1,-1
115,4,1673,520,159,155,1,-1,-1,-1
115,5,803,666,121,79,1,-1,-1,-1
115,6,1704,236,112,212,1,-1,-1,-1
115,7,2247,38,107,171,1,-1,-1,-1
115,19,2119,333,175,244,1,-1,-1,-1
115,20,1580,65,109,172,1,-1,-1,-1
115,22,922,515,72,161,1,-1,-1,-1
115,32,358,726,134,163,1,-1,-1,-1
115,33,784,625,133,122,1,-1,-1,-1
115,35,1328,351,107,103,1,-1,-1,-1
115,36,940,511,80,127,1,-1,-1,-1
115,37,857,557,145,125,1,-1,-1,-1
115,38,1347,589,223,118,1,-1,-1,-1
115,39,1038,565,240,188,1,-1,-1,-1
115,41,1658,534,184,152,1,-1,-1,-1
115,44,581,616,153,208,1,-1,-1,-1
115,46,1554,411,128,216,1,-1,-1,-1
115,51,1480,117,96,224,1,-1,-1,-1
115,52,1929,480,156,160,1,-1,-1,-1
115,53,1554,486,126,126,1,-1,-1,-1
115,54,1047,588,244,156,1,-1,-1,-1
115,55,568,636,200,172,1,-1,-1,-1
115,56,349,720,144,168,1,-1,-1,-1
115,57,1671,489,296,192,1,-1,-1,-1
115,58,1353,552,198,160,1,-1,-1,-1
115,59,1480,107,88,217,1,-1,-1,-1
115,60,1706,229,112,192,1,-1,-1,-1
115,61,2216,27,140,340,1,-1,-1,-1
115,62,1593,0,103,217,1,-1,-1,-1
115,63,1332,323,76,152,1,-1,-1,-1
115,64,1215,410,124,160,1,-1,-1,-1
115,65,1042,489,120,156,1,-1,-1,-1
115,66,1955,417,188,216,1,-1,-1,-1
115,67,784,560,144,188,1,-1,-1,-1
116,2,1499,107,80,216,1,-1,-1,-1
116,3,1029,556,220,207,1,-1,-1,-1
116,4,1677,520,159,155,1,-1,-1,-1
116,5,803,663,121,79,1,-1,-1,-1
116,6,1707,239,107,202,1,-1,-1,-1
116,19,2122,331,175,244,1,-1,-1,-1
116,20,1581,63,109,172,1,-1,-1,-1
116,22,923,515,72,161,1,-1,-1,-1
116,32,356,726,134,163,1,-1,-1,-1
116,33,782,625,133,122,1,-1,-1,-1
116,35,1328,347,107,103,1,-1,-1,-1
116,36,939,513,80,127,1,-1,-1,-1
116,37,856,556,145,125,1,-1,-1,-1
116,38,1338,587,234,123,1,-1,-1,-1
116,39,1035,569,240,188,1,-1,-1,-1
116,41,1659,535,184,152,1,-1,-1,-1
116,44,582,611,160,219,1,-1,-1,-1
116,46,1555,411,128,216,1,-1,-1,-1
116,51,1481,114,96,224,1,-1,-1,-1
116,52,1929,480,156,160,1,-1,-1,-1
116,53,1557,487,120,120,1,-1,-1,-1
116,54,1050,587,244,156,1,-1,-1,-1
116,55,568,635,200,172,1,-1,-1,-1
116,56,349,720,144,168,1,-1,-1,-1
116,57,1670,486,296,192,1,-1,-1,-1
116,58,1352,550,198,160,1,-1,-1,-1
116,60,1707,230,112,192,1,-1,-1,-1
116,61,2216,29,140,340,1,-1,-1,-1
116,62,1596,0,103,213,1,-1,-1,-1
116,63,1332,322,76,152,1,-1,-1,-1
116,64,1213,412,124,160,1,-1,-1,-1
116,65,1042,490,120,156,1,-1,-1,-1
116,66,1961,422,179,206,1,-1,-1,-1
116,67,785,559,144,188,1,-1,-1,-1
117,2,1497,97,84,227,1,-1,-1,-1
117,3,1033,551,220,207,1,-1,-1,-1
117,4,1683,520,159,155,1,-1,-1,-1
117,5,806,661,121,79,1,-1,-1,-1
117,6,1705,232,112,212,1,-1,-1,-1
117,19,2119,320,184,256,1,-1,-1,-1
117,20,1584,66,104,164,1,-1,-1,-1
117,22,924,511,72,161,1,-1,-1,-1
117,32,355,717,141,171,1,-1,-1,-1
117,33,785,624,133,122,1,-1,-1,-1
117,35,1329,342,107,103,1,-1,-1,-1
117,36,941,509,80,127,1,-1,-1,-1
117,37,858,551,145,125,1,-1,-1,-1
117,38,1345,582,234,123,1,-1,-1,-1
117,39,1029,560,252,197,1,-1,-1,-1
117,41,1669,534,184,152,1,-1,-1,-1
117,44,581,600,168,230,1,-1,-1,-1
117,46,1559,406,128,216,1,-1,-1,-1
117,51,1484,111,91,213,1,-1,-1,-1
117,52,1927,475,156,160,1,-1,-1,-1
117,53,1560,482,120,120,1,-1,-1,-1
117,54,1052,584,244,156,1,-1,-1,-1
117,55,570,631,200,172,1,-1,-1,-1
117,56,351,716,144,168,1,-1,-1,-1
117,57,1674,478,296,192,1,-1,-1,-1
117,58,1357,543,198,160,1,-1,-1,-1
117,60,1706,227,112,192,1,-1,-1,-1
117,61,2223,29,133,324,1,-1,-1,-1
117,62,1599,0,103,208,1,-1,-1,-1
117,63,1332,314,80,160,1,-1,-1,-1
117,64,1219,413,118,152,1,-1,-1,-1
117,65,1043,487,120,156,1,-1,-1,-1
117,66,1960,417,179,206,1,-1,-1,-1
117,67,787,556,144,188,1,-1,-1,-1
118,2,1498,100,84,227,1,-1,-1,-1
118,3,1049,552,220,207,1,-1,-1,-1
118,4,1692,520,167,163,1,-1,-1,-1
118,5,819,668,115,76,1,-1,-1,-1
118,6,1707,234,112,212,1,-1,-1,-1
118,19,2126,318,184,256,1,-1,-1,-1
118,20,1588,65,109,172,1,-1,-1,-1
118,22,929,521,69,154,1,-1,-1,-1
118,32,369,720,141,171,1,-1,-1,-1
118,33,797,629,133,122,1,-1,-1,-1
118,35,1337,346,107,103,1,-1,-1,-1
118,36,938,519,80,127,1,-1,-1,-1
118,37,867,554,145,125,1,-1,-1,-1
118,38,1368,583,234,123,1,-1,-1,-1
118,39,1054,566,240,188,1,-1,-1,-1
118,41,1682,539,184,152,1,-1,-1,-1
118,44,584,606,168,230,1,-1,-1,-1
118,46,1564,408,128,216,1,-1,-1,-1
118,51,1489,110,91,213,1,-1,-1,-1
118,52,1931,482,156,160,1,-1,-1,-1
118,53,1570,483,120,120,1,-1,-1,-1
118,54,1066,583,244,156,1,-1,-1,-1
118,55,575,632,200,172,1,-1,-1,-1
118,56,362,717,144,168,1,-1,-1,-1
118,57,1680,483,296,192,1,-1,-1,-1
118,58,1378,549,189,152,1,-1,-1,-1
118,60,1709,231,112,192,1,-1,-1,-1
118,61,2229,30,127,308,1,-1,-1,-1
118,62,1603,0,108,218,1,-1,-1,-1
118,63,1340,317,80,160,1,-1,-1,-1
118,64,1235,420,112,145,1,-1,-1,-1
118,65,1048,493,120,156,1,-1,-1,-1
118,66,1966,423,179,206,1,-1,-1,-1
118,67,800,559,144,188,1,-1,-1,-1
119,2,1500,100,84,227,1,-1,-1,-1
119,3,1050,555,220,207,1,-1,-1,-1
119,4,1692,521,167,163,1,-1,-1,-1
119,5,818,669,115,76,1,-1,-1,-1
119,6,1709,234,112,212,1,-1,-1,-1
119,19,2128,317,184,256,1,-1,-1,-1
119,20,1587,65,109,172,1,-1,-1,-1
119,22,930,519,72,161,1,-1,-1,-1
119,32,367,720,141,171,1,-1,-1,-1
119,33,799,632,127,116,1,-1,-1,-1
119,35,1337,346,107,103,1,-1,-1,-1
119,36,944,519,80,127,1,-1,-1,-1
119,37,866,556,145,125,1,-1,-1,-1
119,38,1374,584,223,118,1,-1,-1,-1
119,39,1061,567,229,179,1,-1,-1,-1
119,41,1683,540,184,152,1,-1,-1,-1
119,44,586,607,168,230,1,-1,-1,-1
119,46,1565,408,128,216,1,-1,-1,-1
119,51,1490,113,91,213,1,-1,-1,-1
119,52,1930,481,156,160,1,-1,-1,-1
119,53,1570,484,120,120,1,-1,-1,-1
119,54,1064,583,244,156,1,-1,-1,-1
119,55,576,632,200,172,1,-1,-1,-1
119,56,362,718,144,168,1,-1,-1,-1
119,57,1689,491,282,183,1,-1,-1,-1
119,58,1385,549,189,152,1,-1,-1,-1
119,60,1713,234,107,183,1,-1,-1,-1
119,61,2234,32,127,308,1,-1,-1,-1
119,62,1606,0,103,211,1,-1,-1,-1
119,63,1341,317,80,160,1,-1,-1,-1
119,64,1235,421,112,145,1,-1,-1,-1
119,65,1048,492,120,156,1,-1,-1,-1
119,66,1968,424,179,206,1,-1,-1,-1
119,67,799,560,144,188,1,-1,-1,-1
120,2,1503,119,84,227,1,-1,-1,-1
120,3,1056,578,220,207,1,-1,-1,-1
120,4,1699,543,167,163,1,-1,-1,-1
120,5,826,690,115,76,1,-1,-1,-1
120,6,1712,256,112,212,1,-1,-1,-1
120,19,2134,343,175,244,1,-1,-1,-1
120,20,1594,82,109,172,1,-1,-1,-1
120,22,934,541,72,161,1,-1,-1,-1
120,32,374,743,141,171,1,-1,-1,-1
120,33,807,652,127,116,1,-1,-1,-1
120,35,1338,361,107,103,1,-1,-1,-1
120,36,949,545,80,127,1,-1,-1,-1
120,37,868,577,145,125,1,-1,-1,-1
120,38,1373,606,223,118,1,-1,-1,-1
120,39,1066,590,229,179,1,-1,-1,-1
120,41,1688,561,184,152,1,-1,-1,-1
120,44,586,623,177,241,1,-1,-1,-1
120,46,1570,433,128,216,1,-1,-1,-1
120,51,1488,130,96,224,1,-1,-1,-1
120,52,1931,504,156,160,1,-1,-1,-1
120,53,1571,505,126,126,1,-1,-1,-1
120,54,1072,609,232,149,1,-1,-1,-1
120,55,580,657,200,172,1,-1,-1,-1
120,56,369,742,144,168,1,-1,-1,-1
120,57,1698,513,268,174,1,-1,-1,-1
120,58,1387,566,189,152,1,-1,-1,-1
120,60,1715,253,107,183,1,-1,-1,-1
120,61,2240,53,121,294,1,-1,-1,-1
120,62,1605,0,103,227,1,-1,-1,-1
120,63,1345,337,80,160,1,-1,-1,-1
120,64,1239,444,112,145,1,-1,-1,-1
120,65,1050,513,120,156,1,-1,-1,-1
120,66,1968,446,179,206,1,-1,-1,-1
120,67,804,581,144,188,1,-1,-1,-1
121,2,1503,119,84,227,1,-1,-1,-1
121,3,1056,578,220,207,1,-1,-1,-1
121,4,1699,543,167,163,1,-1,-1,-1
121,5,826,690,115,76,1,-1,-1,-1
121,6,1712,256,112,212,1,-1,-1,-1
121,19,2134,343,175,244,1,-1,-1,-1
121,20,1594,82,109,172,1,-1,-1,-1
121,22,934,541,72,161,1,-1,-1,-1
121,32,374,743,141,171,1,-1,-1,-1
121,33,807,652,127,116,1,-1,-1,-1
121,35,1338,361,107,103,1,-1,-1,-1
121,36,949,545,80,127,1,-1,-1,-1
121,37,868,577,145,125,1,-1,-1,-1
121,38,1373,606,223,118,1,-1,-1,-1
121,39,1066,590,229,179,1,-1,-1,-1
121,41,1688,561,184,152,1,-1,-1,-1
121,44,586,623,177,241,1,-1,-1,-1
121,46,1570,433,128,216,1,-1,-1,-1
121,51,1488,130,96,224,1,-1,-1,-1
121,52,1931,504,156,160,1,-1,-1,-1
121,53,1571,505,126,126,1,-1,-1,-1
121,54,1072,609,232,149,1,-1,-1,-1
121,55,580,657,200,172,1,-1,-1,-1
121,56,369,742,144,168,1,-1,-1,-1
121,57,1698,513,268,174,1,-1,-1,-1
121,58,1387,566,189,152,1,-1,-1,-1
121,60,1715,253,107,183,1,-1,-1,-1
121,61,2240,53,121,294,1,-1,-1,-1
121,62,1605,0,103,227,1,-1,-1,-1
121,63,1345,337,80,160,1,-1,-1,-1
121,64,1239,444,112,145,1,-1,-1,-1
121,65,1050,513,120,156,1,-1,-1,-1
121,66,1968,446,179,206,1,-1,-1,-1
121,67,804,581,144,188,1,-1,-1,-1
121,68,640,764,188,172,1,-1,-1,-1
121,69,1420,696,240,136,1,-1,-1,-1
121,70,1128,688,228,196,1,-1,-1,-1
121,71,412,840,136,180,1,-1,-1,-1
121,72,1536,212,96,240,1,-1,-1,-1
121,73,1716,584,284,220,1,-1,-1,-1
121,74,1988,608,132,160,1,-1,-1,-1
121,75,1672,164,96,176,1,-1,-1,-1
121,76,1332,448,152,184,1,-1,-1,-1
121,77,868,664,204,212,1,-1,-1,-1
121,78,1604,532,112,224,1,-1,-1,-1
121,79,1540,528,64,144,1,-1,-1,-1
121,80,1728,332,128,232,1,-1,-1,-1
121,81,1840,88,112,200,1,-1,-1,-1
122,2,1508,93,84,227,1,-1,-1,-1
122,3,993,583,210,197,1,-1,-1,-1
122,4,1705,564,167,163,1,-1,-1,-1
122,5,856,715,110,72,1,-1,-1,-1
122,6,1746,351,118,223,1,-1,-1,-1
122,19,2167,439,175,244,1,-1,-1,-1
122,20,1626,69,104,164,1,-1,-1,-1
122,22,951,639,76,169,1,-1,-1,-1
122,32,374,758,141,171,1,-1,-1,-1
122,33,790,636,127,116,1,-1,-1,-1
122,35,1338,355,107,103,1,-1,-1,-1
122,36,943,583,84,133,1,-1,-1,-1
122,37,836,559,145,125,1,-1,-1,-1
122,38,1430,602,223,118,1,-1,-1,-1
122,39,998,592,229,179,1,-1,-1,-1
122,41,1700,579,184,152,1,-1,-1,-1
122,44,617,712,186,253,1,-1,-1,-1
122,46,1599,534,128,216,1,-1,-1,-1
122,51,1514,223,101,235,1,-1,-1,-1
122,52,1969,605,149,152,1,-1,-1,-1
122,53,1556,509,126,126,1,-1,-1,-1
122,54,1010,597,232,149,1,-1,-1,-1
122,55,616,736,210,181,1,-1,-1,-1
122,56,410,839,144,168,1,-1,-1,-1
122,57,1643,515,256,166,1,-1,-1,-1
122,58,1385,514,189,152,1,-1,-1,-1
122,60,1749,347,112,192,1,-1,-1,-1
122,62,1623,84,108,244,1,-1,-1,-1
122,63,1373,438,84,168,1,-1,-1,-1
122,64,1213,458,107,138,1,-1,-1,-1
122,65,1081,612,120,156,1,-1,-1,-1
122,66,2004,543,179,206,1,-1,-1,-1
122,67,843,677,144,188,1,-1,-1,-1
122,68,640,764,188,172,1,-1,-1,-1
122,69,1420,696,240,136,1,-1,-1,-1
122,70,1128,688,228,196,1,-1,-1,-1
122,71,412,840,136,180,1,-1,-1,-1
122,72,1536,212,96,240,1,-1,-1,-1
122,73,1716,584,284,220,1,-1,-1,-1
122,74,1988,608,132,160,1,-1,-1,-1
122,75,1672,164,96,176,1,-1,-1,-1
122,76,1332,448,152,184,1,-1,-1,-1
122,77,868,664,204,212,1,-1,-1,-1
122,78,1604,532,112,224,1,-1,-1,-1
122,79,1540,528,64,144,1,-1,-1,-1
122,80,1728,332,128,232,1,-1,-1,-1
122,81,1840,88,112,200,1,-1,-1,-1
123,2,1517,59,80,216,1,-1,-1,-1
123,3,998,624,210,197,1,-1,-1,-1
123,4,1728,603,167,163,1,-1,-1,-1
123,5,838,707,115,76,1,-1,-1,-1
123,6,1759,395,118,223,1,-1,-1,-1
123,19,2187,481,175,244,1,-1,-1,-1
123,20,1655,107,99,156,1,-1,-1,-1
123,22,968,685,76,169,1,-1,-1,-1
123,32,382,780,134,163,1,-1,-1,-1
123,33,748,648,127,116,1,-1,-1,-1
123,35,1327,339,101,99,1,-1,-1,-1
123,36,923,573,84,133,1,-1,-1,-1
123,37,829,562,138,119,1,-1,-1,-1
123,38,1419,597,223,118,1,-1,-1,-1
123,39,1003,631,229,179,1,-1,-1,-1
123,44,642,760,177,241,1,-1,-1,-1
123,46,1615,573,134,227,1,-1,-1,-1
123,51,1530,260,106,247,1,-1,-1,-1
123,52,1984,648,149,152,1,-1,-1,-1
123,53,1581,541,120,120,1,-1,-1,-1
123,54,1010,618,232,149,1,-1,-1,-1
123,55,632,787,210,181,1,-1,-1,-1
123,56,429,881,144,168,1,-1,-1,-1
123,57,1643,531,244,158,1,-1,-1,-1
123,58,1386,499,189,152,1,-1,-1,-1
123,60,1764,389,112,192,1,-1,-1,-1
123,63,1392,481,84,168,1,-1,-1,-1
123,64,1222,420,112,145,1,-1,-1,-1
123,65,1096,654,120,156,1,-1,-1,-1
123,66,2017,582,188,216,1,-1,-1,-1
123,67,861,719,144,188,1,-1,-1,-1
123,68,659,804,179,164,1,-1,-1,-1
123,69,1442,733,240,136,1,-1,-1,-1
123,70,1145,726,228,196,1,-1,-1,-1
123,71,429,879,136,180,1,-1,-1,-1
123,72,1551,259,96,240,1,-1,-1,-1
123,73,1732,623,284,220,1,-1,-1,-1
123,74,2003,645,132,160,1,-1,-1,-1
123,75,1689,203,96,176,1,-1,-1,-1
123,76,1349,487,152,184,1,-1,-1,-1
123,77,884,702,204,212,1,-1,-1,-1
123,78,1621,572,112,224,1,-1,-1,-1
123,79,1554,568,64,144,1,-1,-1,-1
123,80,1746,377,122,221,1,-1,-1,-1
123,81,1854,129,112,200,1,-1,-1,-1
124,2,1521,124,76,206,1,-1,-1,-1
124,3,999,669,220,207,1,-1,-1,-1
124,4,1768,639,167,163,1,-1,-1,-1
124,5,828,713,115,76,1,-1,-1,-1
124,6,1773,446,118,223,1,-1,-1,-1
124,19,2206,529,175,244,1,-1,-1,-1
124,20,1678,164,99,156,1,-1,-1,-1
124,22,982,734,76,169,1,-1,-1,-1
124,32,391,816,141,171,1,-1,-1,-1
124,33,757,673,133,122,1,-1,-1,-1
124,35,1334,316,107,103,1,-1,-1,-1
124,36,939,569,84,133,1,-1,-1,-1
124,37,813,519,138,119,1,-1,-1,-1
124,38,1397,611,223,118,1,-1,-1,-1
124,39,1005,674,229,179,1,-1,-1,-1
124,44,664,806,177,241,1,-1,-1,-1
124,46,1633,621,134,227,1,-1,-1,-1
124,51,1547,314,101,235,1,-1,-1,-1
124,52,2001,699,149,152,1,-1,-1,-1
124,53,1597,590,120,120,1,-1,-1,-1
124,54,1031,646,232,149,1,-1,-1,-1
124,55,648,834,210,181,1,-1,-1,-1
124,56,448,928,144,168,1,-1,-1,-1
124,57,1692,519,244,158,1,-1,-1,-1
124,60,1776,440,112,192,1,-1,-1,-1
124,63,1409,533,84,168,1,-1,-1,-1
124,64,1239,412,112,145,1,-1,-1,-1
124,65,1108,703,120,156,1,-1,-1,-1
124,66,2033,627,197,227,1,-1,-1,-1
124,67,880,767,144,188,1,-1,-1,-1
124,68,678,855,171,156,1,-1,-1,-1
124,69,1461,778,240,136,1,-1,-1,-1
124,70,1162,776,228,196,1,-1,-1,-1
124,71,446,927,136,180,1,-1,-1,-1
124,72,1559,306,96,240,1,-1,-1,-1
124,73,1746,674,284,220,1,-1,-1,-1
124,74,2019,696,132,160,1,-1,-1,-1
124,75,1706,256,96,176,1,-1,-1,-1
124,76,1368,543,145,175,1,-1,-1,-1
124,77,901,751,204,212,1,-1,-1,-1
124,78,1636,626,112,224,1,-1,-1,-1
124,79,1567,615,67,151,1,-1,-1,-1
124,80,1754,427,122,221,1,-1,-1,-1
124,81,1868,182,112,200,1,-1,-1,-1
125,2,1522,129,76,206,1,-1,-1,-1
125,3,1004,674,220,207,1,-1,-1,-1
125,4,1767,649,167,163,1,-1,-1,-1
125,5,828,715,115,76,1,-1,-1,-1
125,6,1771,447,118,223,1,-1,-1,-1
125,19,2209,532,175,244,1,-1,-1,-1
125,20,1681,170,94,149,1,-1,-1,-1
125,32,394,823,134,163,1,-1,-1,-1
125,33,759,684,133,122,1,-1,-1,-1
125,35,1346,308,107,103,1,-1,-1,-1
125,36,942,568,84,133,1,-1,-1,-1
125,37,813,515,138,119,1,-1,-1,-1
125,38,1398,608,223,118,1,-1,-1,-1
125,39,1007,683,229,179,1,-1,-1,-1
125,44,664,809,177,241,1,-1,-1,-1
125,46,1632,629,134,227,1,-1,-1,-1
125,51,1551,319,101,235,1,-1,-1,-1
125,52,2001,702,149,152,1,-1,-1,-1
125,53,1594,600,120,120,1,-1,-1,-1
125,54,1023,666,232,149,1,-1,-1,-1
125,55,646,839,210,181,1,-1,-1,-1
125,56,449,931,144,168,1,-1,-1,-1
125,57,1696,514,244,158,1,-1,-1,-1
125,60,1776,445,112,192,1,-1,-1,-1
125,63,1413,536,84,168,1,-1,-1,-1
125,64,1237,418,107,138,1,-1,-1,-1
125,65,1109,705,120,156,1,-1,-1,-1
125,66,2031,628,197,227,1,-1,-1,-1
125,67,881,771,144,188,1,-1,-1,-1
125,68,679,857,171,156,1,-1,-1,-1
125,69,1461,783,240,136,1,-1,-1,-1
125,70,1164,777,228,196,1,-1,-1,-1
125,71,447,930,136,180,1,-1,-1,-1
125,72,1563,305,96,240,1,-1,-1,-1
125,73,1749,677,284,220,1,-1,-1,-1
125,74,2019,698,132,160,1,-1,-1,-1
125,75,1707,256,96,176,1,-1,-1,-1
125,76,1367,545,145,175,1,-1,-1,-1
125,77,902,752,204,212,1,-1,-1,-1
125,78,1636,626,112,224,1,-1,-1,-1
125,79,1568,617,67,151,1,-1,-1,-1
125,80,1753,424,128,232,1,-1,-1,-1
125,81,1866,182,112,200,1,-1,-1,-1
126,2,1536,132,73,196,1,-1,-1,-1
126,3,1003,682,220,207,1,-1,-1,-1
126,4,1772,664,167,163,1,-1,-1,-1
126,5,836,724,115,76,1,-1,-1,-1
126,6,1771,459,118,223,1,-1,-1,-1
126,19,2208,546,175,244,1,-1,-1,-1
126,20,1686,187,94,149,1,-1,-1,-1
126,32,396,821,134,163,1,-1,-1,-1
126,33,762,692,133,122,1,-1,-1,-1
126,35,1357,309,101,99,1,-1,-1,-1
126,36,946,574,88,140,1,-1,-1,-1
126,37,817,524,138,119,1,-1,-1,-1
126,38,1396,608,223,118,1,-1,-1,-1
126,39,1017,698,229,179,1,-1,-1,-1
126,44,667,820,177,241,1,-1,-1,-1
126,46,1637,641,128,216,1,-1,-1,-1
126,51,1557,341,96,224,1,-1,-1,-1
126,52,2003,712,149,152,1,-1,-1,-1
126,53,1599,601,120,120,1,-1,-1,-1
126,54,1032,664,221,141,1,-1,-1,-1
126,55,650,846,210,181,1,-1,-1,-1
126,56,453,938,144,168,1,-1,-1,-1
126,57,1701,521,232,150,1,-1,-1,-1
126,60,1781,451,107,183,1,-1,-1,-1
126,63,1419,556,80,160,1,-1,-1,-1
126,64,1254,407,107,138,1,-1,-1,-1
126,65,1108,710,126,164,1,-1,-1,-1
126,66,2038,638,197,227,1,-1,-1,-1
126,67,887,780,144,188,1,-1,-1,-1
126,68,683,868,171,156,1,-1,-1,-1
126,69,1470,788,240,136,1,-1,-1,-1
126,70,1168,786,228,196,1,-1,-1,-1
126,71,452,937,136,180,1,-1,-1,-1
126,72,1567,311,96,240,1,-1,-1,-1
126,73,1758,688,270,210,1,-1,-1,-1
126,74,2023,706,132,160,1,-1,-1,-1
126,75,1711,268,96,176,1,-1,-1,-1
126,76,1371,553,145,175,1,-1,-1,-1
126,77,908,760,204,212,1,-1,-1,-1
126,78,1638,631,112,224,1,-1,-1,-1
126,79,1572,630,64,144,1,-1,-1,-1
126,80,1754,438,128,232,1,-1,-1,-1
126,81,1871,196,107,190,1,-1,-1,-1
127,2,1538,134,73,196,1,-1,-1,-1
127,3,1009,684,220,207,1,-1,-1,-1
127,4,1789,662,167,163,1,-1,-1,-1
127,5,835,723,115,76,1,-1,-1,-1
127,6,1776,460,118,223,1,-1,-1,-1
127,19,2208,544,184,256,1,-1,-1,-1
127,20,1692,190,94,149,1,-1,-1,-1
127,32,358,791,134,163,1,-1,-1,-1
127,33,767,695,133,122,1,-1,-1,-1
127,35,1360,313,97,94,1,-1,-1,-1
127,37,816,520,145,125,1,-1,-1,-1
127,38,1397,608,223,118,1,-1,-1,-1
127,39,1024,692,229,179,1,-1,-1,-1
127,44,672,818,177,241,1,-1,-1,-1
127,46,1643,638,128,216,1,-1,-1,-1
127,51,1564,335,96,224,1,-1,-1,-1
127,52,2013,708,149,152,1,-1,-1,-1
127,53,1602,599,120,120,1,-1,-1,-1
127,54,1050,681,221,141,1,-1,-1,-1
127,55,660,843,210,181,1,-1,-1,-1
127,56,462,936,144,168,1,-1,-1,-1
127,57,1704,515,244,158,1,-1,-1,-1
127,60,1785,451,107,183,1,-1,-1,-1
127,63,1425,554,76,152,1,-1,-1,-1
127,64,1259,399,102,132,1,-1,-1,-1
127,65,1114,709,126,164,1,-1,-1,-1
127,66,2040,639,197,227,1,-1,-1,-1
127,67,896,779,144,188,1,-1,-1,-1
127,68,695,862,171,156,1,-1,-1,-1
127,69,1490,786,240,136,1,-1,-1,-1
127,70,1179,785,228,196,1,-1,-1,-1
127,71,462,936,136,180,1,-1,-1,-1
127,72,1571,311,96,240,1,-1,-1,-1
127,73,1778,696,258,200,1,-1,-1,-1
127,74,2032,703,132,160,1,-1,-1,-1
127,75,1718,267,96,176,1,-1,-1,-1
127,76,1376,550,145,175,1,-1,-1,-1
127,77,917,756,204,212,1,-1,-1,-1
127,78,1644,631,112,224,1,-1,-1,-1
127,79,1579,628,64,144,1,-1,-1,-1
127,80,1758,433,128,232,1,-1,-1,-1
127,81,1876,201,102,181,1,-1,-1,-1
128,3,1012,688,210,197,1,-1,-1,-1
128,4,1788,659,167,163,1,-1,-1,-1
128,5,836,724,110,72,1,-1,-1,-1
128,6,1776,455,118,223,1,-1,-1,-1
128,19,2215,541,184,256,1,-1,-1,-1
128,20,1698,184,90,142,1,-1,-1,-1
128,32,347,797,134,163,1,-1,-1,-1
128,33,769,692,133,122,1,-1,-1,-1
128,35,1358,312,97,94,1,-1,-1,-1
128,37,817,519,145,125,1,-1,-1,-1
128,39,1027,695,229,179,1,-1,-1,-1
128,44,678,824,168,230,1,-1,-1,-1
128,46,1643,635,128,216,1,-1,-1,-1
128,51,1565,333,96,224,1,-1,-1,-1
128,52,2014,707,149,152,1,-1,-1,-1
128,53,1602,596,120,120,1,-1,-1,-1
128,54,1053,684,221,141,1,-1,-1,-1
128,55,662,844,210,181,1,-1,-1,-1
128,56,463,936,144,168,1,-1,-1,-1
128,57,1705,513,244,158,1,-1,-1,-1
128,60,1786,451,107,183,1,-1,-1,-1
128,63,1427,551,76,152,1,-1,-1,-1
128,64,1261,400,102,132,1,-1,-1,-1
128,65,1116,708,126,164,1,-1,-1,-1
128,66,2039,638,197,227,1,-1,-1,-1
128,67,897,777,144,188,1,-1,-1,-1
128,68,695,860,171,156,1,-1,-1,-1
128,69,1489,785,240,136,1,-1,-1,-1
128,70,1180,785,228,196,1,-1,-1,-1
128,71,462,936,136,180,1,-1,-1,-1
128,72,1571,314,96,240,1,-1,-1,-1
128,73,1782,700,245,190,1,-1,-1,-1
128,74,2033,702,132,160,1,-1,-1,-1
128,75,1721,271,91,168,1,-1,-1,-1
128,76,1378,549,145,175,1,-1,-1,-1
128,77,917,754,204,212,1,-1,-1,-1
128,78,1647,629,112,224,1,-1,-1,-1
128,79,1580,630,61,137,1,-1,-1,-1
128,80,1758,431,128,232,1,-1,-1,-1
128,81,1878,200,102,181,1,-1,-1,-1
129,3,1012,688,210,197,1,-1,-1,-1
129,4,1788,659,167,163,1,-1,-1,-1
129,5,836,724,110,72,1,-1,-1,-1
129,6,1776,455,118,223,1,-1,-1,-1
129,19,2215,541,184,256,1,-1,-1,-1
129,20,1698,184,90,142,1,-1,-1,-1
129,32,347,797,134,163,1,-1,-1,-1
129,33,769,692,133,122,1,-1,-1,-1
129,35,1358,312,97,94,1,-1,-1,-1
129,37,817,519,145,125,1,-1,-1,-1
129,39,1027,695,229,179,1,-1,-1,-1
129,44,678,824,168,230,1,-1,-1,-1
129,46,1656,600,112,240,1,-1,-1,-1
129,51,1565,333,96,224,1,-1,-1,-1
129,52,2014,707,149,152,1,-1,-1,-1
129,53,1602,596,120,120,1,-1,-1,-1
129,54,1053,684,221,141,1,-1,-1,-1
129,55,662,844,210,181,1,-1,-1,-1
129,56,468,928,128,180,1,-1,-1,-1
129,57,1705,513,244,158,1,-1,-1,-1
129,60,1786,451,107,183,1,-1,-1,-1
129,63,1427,551,76,152,1,-1,-1,-1
129,64,1261,400,102,132,1,-1,-1,-1
129,65,1120,712,92,144,1,-1,-1,-1
129,66,2039,638,197,227,1,-1,-1,-1
129,67,900,748,160,224,1,-1,-1,-1
129,68,688,852,176,180,1,-1,-1,-1
129,69,1512,764,228,152,1,-1,-1,-1
129,70,1192,772,240,200,1,-1,-1,-1
129,71,462,936,136,180,1,-1,-1,-1
129,72,1588,320,84,208,1,-1,-1,-1
129,73,1776,708,260,184,1,-1,-1,-1
129,74,2048,688,112,168,1,-1,-1,-1
129,75,1721,271,91,168,1,-1,-1,-1
129,76,1378,549,145,175,1,-1,-1,-1
129,77,917,754,204,212,1,-1,-1,-1
129,78,1647,629,112,224,1,-1,-1,-1
129,79,1580,630,61,137,1,-1,-1,-1
129,80,1758,431,128,232,1,-1,-1,-1
129,81,1878,200,102,181,1,-1,-1,-1
129,82,1068,772,68,148,1,-1,-1,-1
129,83,1776,0,156,136,1,-1,-1,-1
129,84,1924,0,168,116,1,-1,-1,-1
129,85,1756,648,80,156,1,-1,-1,-1
129,86,2140,580,128,252,1,-1,-1,-1
130,3,1030,673,200,188,1,-1,-1,-1
130,4,1787,692,175,171,1,-1,-1,-1
130,5,844,719,115,76,1,-1,-1,-1
130,6,1795,437,112,212,1,-1,-1,-1
130,19,2228,524,184,256,1,-1,-1,-1
130,20,1709,162,90,142,1,-1,-1,-1
130,32,339,812,134,163,1,-1,-1,-1
130,33,741,681,133,122,1,-1,-1,-1
130,35,1375,300,97,94,1,-1,-1,-1
130,37,832,502,145,125,1,-1,-1,-1
130,39,1043,680,218,171,1,-1,-1,-1
130,44,699,804,168,230,1,-1,-1,-1
130,46,1667,578,112,240,1,-1,-1,-1
130,51,1579,309,96,224,1,-1,-1,-1
130,52,2035,686,149,152,1,-1,-1,-1
130,53,1607,586,120,120,1,-1,-1,-1
130,54,1051,669,232,149,1,-1,-1,-1
130,55,686,826,210,181,1,-1,-1,-1
130,56,479,911,128,180,1,-1,-1,-1
130,57,1708,498,244,158,1,-1,-1,-1
130,60,1798,425,112,192,1,-1,-1,-1
130,63,1444,526,72,145,1,-1,-1,-1
130,64,1272,389,107,138,1,-1,-1,-1
130,65,1126,697,92,144,1,-1,-1,-1
130,66,2056,614,197,227,1,-1,-1,-1
130,67,913,730,160,224,1,-1,-1,-1
130,68,705,836,176,180,1,-1,-1,-1
130,69,1527,748,228,152,1,-1,-1,-1
130,70,1204,757,240,200,1,-1,-1,-1
130,71,477,913,136,180,1,-1,-1,-1
130,72,1590,295,88,218,1,-1,-1,-1
130,73,1796,687,260,184,1,-1,-1,-1
130,74,2062,671,112,168,1,-1,-1,-1
130,75,1737,251,91,168,1,-1,-1,-1
130,76,1393,528,145,175,1,-1,-1,-1
130,77,938,735,204,212,1,-1,-1,-1
130,78,1663,609,112,224,1,-1,-1,-1
130,79,1595,604,61,137,1,-1,-1,-1
130,80,1773,413,122,221,1,-1,-1,-1
130,81,1889,183,102,181,1,-1,-1,-1
130,82,1082,755,68,148,1,-1,-1,-1
130,83,1789,0,156,122,1,-1,-1,-1
130,84,1939,0,168,101,1,-1,-1,-1
130,85,1768,636,76,149,1,-1,-1,-1
130,86,2152,564,128,252,1,-1,-1,-1
131,4,1788,704,175,171,1,-1,-1,-1
131,6,1798,435,112,212,1,-1,-1,-1
131,19,2226,520,184,256,1,-1,-1,-1
131,20,1716,162,90,142,1,-1,-1,-1
131,32,340,815,134,163,1,-1,-1,-1
131,33,742,686,127,116,1,-1,-1,-1
131,44,700,803,168,230,1,-1,-1,-1
131,46,1670,586,107,229,1,-1,-1,-1
131,51,1579,308,96,224,1,-1,-1,-1
131,52,2036,682,149,152,1,-1,-1,-1
131,53,1610,581,120,120,1,-1,-1,-1
131,54,1056,663,232,149,1,-1,-1,-1
131,55,687,825,210,181,1,-1,-1,-1
131,56,480,913,128,180,1,-1,-1,-1
131,60,1801,422,112,192,1,-1,-1,-1
131,63,1446,527,69,138,1,-1,-1,-1
131,65,1127,696,92,144,1,-1,-1,-1
131,66,2056,613,197,227,1,-1,-1,-1
131,67,915,730,160,224,1,-1,-1,-1
131,68,705,835,176,180,1,-1,-1,-1
131,69,1526,746,228,152,1,-1,-1,-1
131,70,1208,757,240,200,1,-1,-1,-1
131,71,479,912,136,180,1,-1,-1,-1
131,72,1591,295,88,218,1,-1,-1,-1
131,73,1785,682,273,193,1,-1,-1,-1
131,74,2063,672,112,168,1,-1,-1,-1
131,75,1741,249,91,168,1,-1,-1,-1
131,76,1394,526,145,175,1,-1,-1,-1
131,77,939,734,204,212,1,-1,-1,-1
131,78,1664,606,112,224,1,-1,-1,-1
131,79,1595,600,64,144,1,-1,-1,-1
131,80,1773,414,122,221,1,-1,-1,-1
131,81,1890,181,102,181,1,-1,-1,-1
131,82,1084,758,65,141,1,-1,-1,-1
131,83,1789,0,156,122,1,-1,-1,-1
131,84,1939,0,168,102,1,-1,-1,-1
131,85,1768,636,76,149,1,-1,-1,-1
131,86,2153,564,128,252,1,-1,-1,-1
132,4,1796,700,175,171,1,-1,-1,-1
132,6,1798,428,112,212,1,-1,-1,-1
132,19,2237,519,175,244,1,-1,-1,-1
132,44,712,803,160,219,1,-1,-1,-1
132,46,1674,578,107,229,1,-1,-1,-1
132,51,1585,292,96,224,1,-1,-1,-1
132,52,2043,677,141,145,1,-1,-1,-1
132,55,692,820,210,181,1,-1,-1,-1
132,56,479,902,134,189,1,-1,-1,-1
132,60,1803,416,112,192,1,-1,-1,-1
132,63,1449,527,66,131,1,-1,-1,-1
132,65,1132,690,88,137,1,-1,-1,-1
132,66,2065,615,188,216,1,-1,-1,-1
132,67,920,720,160,224,1,-1,-1,-1
132,68,713,830,176,180,1,-1,-1,-1
132,69,1532,739,228,152,1,-1,-1,-1
132,70,1211,748,240,200,1,-1,-1,-1
132,71,478,900,143,189,1,-1,-1,-1
132,72,1597,286,88,218,1,-1,-1,-1
132,73,1799,680,260,184,1,-1,-1,-1
132,74,2068,662,112,168,1,-1,-1,-1
132,75,1748,242,91,168,1,-1,-1,-1
132,76,1397,518,145,175,1,-1,-1,-1
132,77,948,727,194,202,1,-1,-1,-1
132,78,1665,598,112,224,1,-1,-1,-1
132,79,1599,588,64,144,1,-1,-1,-1
132,80,1775,404,122,221,1,-1,-1,-1
132,81,1889,167,107,190,1,-1,-1,-1
132,82,1089,746,65,141,1,-1,-1,-1
132,83,1796,0,149,113,1,-1,-1,-1
132,84,1945,0,160,92,1,-1,-1,-1
132,85,1770,626,76,149,1,-1,-1,-1
132,86,2157,554,128,252,1,-1,-1,-1
133,4,1808,652,175,171,1,-1,-1,-1
133,6,1813,393,107,202,1,-1,-1,-1
133,19,2246,481,175,244,1,-1,-1,-1
133,44,723,759,160,219,1,-1,-1,-1
133,46,1680,525,112,240,1,-1,-1,-1
133,51,1589,258,96,224,1,-1,-1,-1
133,52,2053,633,141,145,1,-1,-1,-1
133,55,712,778,200,172,1,-1,-1,-1
133,56,486,855,134,189,1,-1,-1,-1
133,60,1813,371,112,192,1,-1,-1,-1
133,63,1460,475,66,131,1,-1,-1,-1
133,65,1136,648,88,137,1,-1,-1,-1
133,66,2072,564,197,227,1,-1,-1,-1
133,67,930,675,160,224,1,-1,-1,-1
133,68,727,788,176,180,1,-1,-1,-1
133,69,1545,697,228,152,1,-1,-1,-1
133,70,1232,709,229,190,1,-1,-1,-1
133,71,483,856,143,189,1,-1,-1,-1
133,72,1601,242,88,218,1,-1,-1,-1
133,73,1808,640,260,184,1,-1,-1,-1
133,74,2079,620,107,160,1,-1,-1,-1
133,75,1752,201,91,168,1,-1,-1,-1
133,76,1405,476,145,175,1,-1,-1,-1
133,77,961,678,204,212,1,-1,-1,-1
133,78,1677,550,112,224,1,-1,-1,-1
133,79,1604,544,64,144,1,-1,-1,-1
133,80,1785,374,116,210,1,-1,-1,-1
133,81,1896,129,107,190,1,-1,-1,-1
133,82,1099,698,68,148,1,-1,-1,-1
133,83,1806,0,149,77,1,-1,-1,-1
133,84,1949,0,152,98,1,-1,-1,-1
133,85,1777,578,76,149,1,-1,-1,-1
133,86,2167,510,128,252,1,-1,-1,-1
134,4,1808,648,175,171,1,-1,-1,-1
134,6,1811,389,107,202,1,-1,-1,-1
134,19,2245,471,175,244,1,-1,-1,-1
134,44,728,761,153,208,1,-1,-1,-1
134,46,1681,524,112,240,1,-1,-1,-1
134,51,1594,245,96,224,1,-1,-1,-1
134,52,2054,629,141,145,1,-1,-1,-1
134,55,714,779,190,164,1,-1,-1,-1
134,56,487,854,134,189,1,-1,-1,-1
134,60,1814,371,112,192,1,-1,-1,-1
134,63,1460,475,66,131,1,-1,-1,-1
134,65,1137,648,88,137,1,-1,-1,-1
134,66,2072,561,197,227,1,-1,-1,-1
134,67,932,673,160,224,1,-1,-1,-1
134,68,727,787,176,180,1,-1,-1,-1
134,69,1542,694,228,152,1,-1,-1,-1
134,70,1226,703,240,200,1,-1,-1,-1
134,71,485,851,143,189,1,-1,-1,-1
134,72,1602,241,88,218,1,-1,-1,-1
134,73,1808,635,260,184,1,-1,-1,-1
134,74,2079,617,107,160,1,-1,-1,-1
134,75,1759,197,91,168,1,-1,-1,-1
134,76,1406,470,145,175,1,-1,-1,-1
134,77,960,672,204,212,1,-1,-1,-1
134,78,1679,548,112,224,1,-1,-1,-1
134,79,1606,542,64,144,1,-1,-1,-1
134,80,1786,369,116,210,1,-1,-1,-1
134,81,1898,128,107,190,1,-1,-1,-1
134,82,1100,697,68,148,1,-1,-1,-1
134,83,1805,0,149,76,1,-1,-1,-1
134,84,1949,0,152,99,1,-1,-1,-1
134,85,1777,581,76,149,1,-1,-1,-1
134,86,2168,508,128,252,1,-1,-1,-1
135,4,1812,629,175,171,1,-1,-1,-1
135,6,1813,363,107,202,1,-1,-1,-1
135,19,2246,443,184,256,1,-1,-1,-1
135,44,733,736,153,208,1,-1,-1,-1
135,46,1687,498,112,240,1,-1,-1,-1
135,51,1593,212,101,235,1,-1,-1,-1
135,52,2060,605,141,145,1,-1,-1,-1
135,55,722,756,190,164,1,-1,-1,-1
135,56,493,836,128,180,1,-1,-1,-1
135,60,1815,345,112,192,1,-1,-1,-1
135,63,1463,447,66,131,1,-1,-1,-1
135,65,1140,621,88,137,1,-1,-1,-1
135,66,2080,538,197,227,1,-1,-1,-1
135,67,933,640,168,235,1,-1,-1,-1
135,68,733,763,176,180,1,-1,-1,-1
135,69,1549,669,228,152,1,-1,-1,-1
135,70,1233,678,240,200,1,-1,-1,-1
135,71,489,827,143,189,1,-1,-1,-1
135,72,1606,214,88,218,1,-1,-1,-1
135,73,1807,603,273,193,1,-1,-1,-1
135,74,2088,599,102,152,1,-1,-1,-1
135,75,1762,171,91,168,1,-1,-1,-1
135,76,1409,447,145,175,1,-1,-1,-1
135,77,964,649,204,212,1,-1,-1,-1
135,78,1683,529,107,213,1,-1,-1,-1
135,79,1609,515,64,144,1,-1,-1,-1
135,80,1794,349,116,210,1,-1,-1,-1
135,81,1900,98,107,190,1,-1,-1,-1
135,82,1103,670,68,148,1,-1,-1,-1
135,83,1811,0,149,43,1,-1,-1,-1
135,84,2006,12,152,105,1,-1,-1,-1
135,85,1776,550,80,156,1,-1,-1,-1
135,86,2175,489,122,240,1,-1,-1,-1
136,4,1822,603,175,171,1,-1,-1,-1
136,19,2255,427,175,244,1,-1,-1,-1
136,44,749,718,153,208,1,-1,-1,-1
136,46,1699,477,112,240,1,-1,-1,-1
136,51,1600,207,96,224,1,-1,-1,-1
136,52,2069,586,141,145,1,-1,-1,-1
136,55,736,740,190,164,1,-1,-1,-1
136,56,504,820,122,171,1,-1,-1,-1
136,60,1823,326,112,192,1,-1,-1,-1
136,63,1473,421,66,131,1,-1,-1,-1
136,65,1148,603,88,137,1,-1,-1,-1
136,66,2090,525,188,216,1,-1,-1,-1
136,67,944,628,160,224,1,-1,-1,-1
136,68,747,745,176,180,1,-1,-1,-1
136,69,1561,650,228,152,1,-1,-1,-1
136,70,1243,657,240,200,1,-1,-1,-1
136,71,496,807,143,189,1,-1,-1,-1
136,72,1613,193,88,218,1,-1,-1,-1
136,73,1814,583,273,193,1,-1,-1,-1
136,74,2097,581,102,152,1,-1,-1,-1
136,75,1771,149,91,168,1,-1,-1,-1
136,76,1418,426,145,175,1,-1,-1,-1
136,77,975,633,194,202,1,-1,-1,-1
136,78,1694,501,112,224,1,-1,-1,-1
136,79,1616,494,67,151,1,-1,-1,-1
136,80,1793,319,116,210,1,-1,-1,-1
136,81,1904,74,107,190,1,-1,-1,-1
136,82,1116,653,68,148,1,-1,-1,-1
136,83,1816,0,149,23,1,-1,-1,-1
136,84,2025,0,152,103,1,-1,-1,-1
136,85,1781,533,80,156,1,-1,-1,-1
136,86,2187,466,122,240,1,-1,-1,-1
137,4,1822,603,175,171,1,-1,-1,-1
137,19,2255,427,175,244,1,-1,-1,-1
137,44,749,718,153,208,1,-1,-1,-1
137,46,1699,477,112,240,1,-1,-1,-1
137,51,1600,207,96,224,1,-1,-1,-1
137,52,2069,586,141,145,1,-1,-1,-1
137,55,736,740,190,164,1,-1,-1,-1
137,56,504,820,122,171,1,-1,-1,-1
137,60,1823,326,112,192,1,-1,-1,-1
137,63,1473,421,66,131,1,-1,-1,-1
137,65,1148,603,88,137,1,-1,-1,-1
137,66,2090,525,188,216,1,-1,-1,-1
137,67,944,628,160,224,1,-1,-1,-1
137,68,748,752,168,156,1,-1,-1,-1
137,69,1568,612,224,188,1,-1,-1,-1
137,70,1252,676,240,176,1,-1,-1,-1
137,71,504,828,136,160,1,-1,-1,-1
137,72,1620,180,80,228,1,-1,-1,-1
137,73,1812,616,220,168,1,-1,-1,-1
137,74,2097,581,102,152,1,-1,-1,-1
137,75,1771,149,91,168,1,-1,-1,-1
137,76,1418,426,145,175,1,-1,-1,-1
137,77,975,633,194,202,1,-1,-1,-1
137,78,1694,501,112,224,1,-1,-1,-1
137,79,1616,494,67,151,1,-1,-1,-1
137,80,1740,316,180,204,1,-1,-1,-1
137,81,1904,74,107,190,1,-1,-1,-1
137,82,1116,653,68,148,1,-1,-1,-1
137,83,1816,0,149,23,1,-1,-1,-1
137,84,2025,0,152,103,1,-1,-1,-1
137,85,1781,533,80,156,1,-1,-1,-1
137,86,2187,466,122,240,1,-1,-1,-1
137,87,2152,444,148,284,1,-1,-1,-1
137,88,944,720,152,128,1,-1,-1,-1
137,89,2308,424,124,200,1,-1,-1,-1
137,90,1932,560,260,180,1,-1,-1,-1
137,91,1120,608,96,176,1,-1,-1,-1
137,92,1584,444,96,204,1,-1,-1,-1
137,93,1220,560,124,204,1,-1,-1,-1
137,94,1704,480,184,220,1,-1,-1,-1
138,4,1830,601,175,171,1,-1,-1,-1
138,19,2279,404,175,244,1,-1,-1,-1
138,44,755,714,153,208,1,-1,-1,-1
138,46,1701,470,112,240,1,-1,-1,-1
138,51,1605,208,91,213,1,-1,-1,-1
138,52,2074,581,141,145,1,-1,-1,-1
138,55,740,737,190,164,1,-1,-1,-1
138,56,507,817,122,171,1,-1,-1,-1
138,63,1476,415,66,131,1,-1,-1,-1
138,65,1150,600,88,137,1,-1,-1,-1
138,66,2094,523,188,216,1,-1,-1,-1
138,67,944,619,168,235,1,-1,-1,-1
138,68,753,750,168,156,1,-1,-1,-1
138,69,1577,613,213,179,1,-1,-1,-1
138,70,1256,674,240,176,1,-1,-1,-1
138,71,507,826,136,160,1,-1,-1,-1
138,72,1622,178,80,228,1,-1,-1,-1
138,73,1817,612,220,168,1,-1,-1,-1
138,74,2103,578,102,152,1,-1,-1,-1
138,75,1778,146,91,168,1,-1,-1,-1
138,76,1417,415,152,184,1,-1,-1,-1
138,77,978,630,194,202,1,-1,-1,-1
138,78,1694,497,112,224,1,-1,-1,-1
138,79,1615,485,71,159,1,-1,-1,-1
138,80,1742,314,180,204,1,-1,-1,-1
138,81,1909,69,107,190,1,-1,-1,-1
138,82,1118,650,68,148,1,-1,-1,-1
138,83,1814,0,156,14,1,-1,-1,-1
138,84,2038,3,152,105,1,-1,-1,-1
138,85,1782,528,80,156,1,-1,-1,-1
138,86,2187,459,128,252,1,-1,-1,-1
138,87,2158,449,141,270,1,-1,-1,-1
138,88,948,717,152,128,1,-1,-1,-1
138,89,2310,419,124,200,1,-1,-1,-1
138,90,1936,557,260,180,1,-1,-1,-1
138,91,1121,606,96,176,1,-1,-1,-1
138,92,1586,441,96,204,1,-1,-1,-1
138,93,1219,554,130,214,1,-1,-1,-1
138,94,1708,477,184,220,1,-1,-1,-1
139,4,1831,597,175,171,1,-1,-1,-1
139,19,2283,404,167,232,1,-1,-1,-1
139,44,758,712,153,208,1,-1,-1,-1
139,46,1705,471,107,229,1,-1,-1,-1
139,51,1609,195,91,213,1,-1,-1,-1
139,52,2073,578,141,145,1,-1,-1,-1
139,55,745,736,190,164,1,-1,-1,-1
139,56,510,813,122,171,1,-1,-1,-1
139,63,1478,413,66,131,1,-1,-1,-1
139,65,1147,596,88,137,1,-1,-1,-1
139,66,2095,515,188,216,1,-1,-1,-1
139,67,946,617,168,235,1,-1,-1,-1
139,68,757,748,168,156,1,-1,-1,-1
139,69,1578,609,213,179,1,-1,-1,-1
139,70,1257,671,240,176,1,-1,-1,-1
139,71,510,826,136,160,1,-1,-1,-1
139,72,1622,177,80,228,1,-1,-1,-1
139,73,1818,608,220,168,1,-1,-1,-1
139,74,2103,574,102,152,1,-1,-1,-1
139,75,1794,139,87,160,1,-1,-1,-1
139,76,1421,411,152,184,1,-1,-1,-1
139,77,978,626,194,202,1,-1,-1,-1
139,78,1700,495,112,224,1,-1,-1,-1
139,79,1614,480,71,159,1,-1,-1,-1
139,80,1742,309,180,204,1,-1,-1,-1
139,81,1907,68,107,190,1,-1,-1,-1
139,82,1120,652,65,141,1,-1,-1,-1
139,83,1817,0,156,11,1,-1,-1,-1
139,84,2039,0,152,105,1,-1,-1,-1
139,85,1774,525,80,156,1,-1,-1,-1
139,86,2194,460,122,240,1,-1,-1,-1
139,87,2159,439,148,284,1,-1,-1,-1
139,88,951,715,152,128,1,-1,-1,-1
139,89,2311,414,124,200,1,-1,-1,-1
139,90,1938,556,260,180,1,-1,-1,-1
139,91,1121,604,96,176,1,-1,-1,-1
139,92,1586,438,96,204,1,-1,-1,-1
139,93,1225,555,124,204,1,-1,-1,-1
139,94,1706,469,193,231,1,-1,-1,-1
140,4,1829,586,175,171,1,-1,-1,-1
140,19,2286,390,167,232,1,-1,-1,-1
140,44,755,710,153,208,1,-1,-1,-1
140,46,1705,466,107,229,1,-1,-1,-1
140,51,1606,192,91,213,1,-1,-1,-1
140,52,2064,575,141,145,1,-1,-1,-1
140,55,740,731,190,164,1,-1,-1,-1
140,56,506,814,122,171,1,-1,-1,-1
140,63,1471,407,69,138,1,-1,-1,-1
140,65,1137,589,88,137,1,-1,-1,-1
140,66,2087,506,188,216,1,-1,-1,-1
140,67,939,614,168,235,1,-1,-1,-1
140,68,752,744,168,156,1,-1,-1,-1
140,69,1572,605,213,179,1,-1,-1,-1
140,70,1251,666,240,176,1,-1,-1,-1
140,71,503,824,136,160,1,-1,-1,-1
140,72,1621,181,76,217,1,-1,-1,-1
140,73,1809,601,220,168,1,-1,-1,-1
140,74,2093,569,102,152,1,-1,-1,-1
140,75,1790,128,87,160,1,-1,-1,-1
140,76,1416,408,152,184,1,-1,-1,-1
140,77,970,620,194,202,1,-1,-1,-1
140,78,1697,489,112,224,1,-1,-1,-1
140,79,1603,479,71,159,1,-1,-1,-1
140,80,1736,304,180,204,1,-1,-1,-1
140,81,1899,70,107,190,1,-1,-1,-1
140,82,1109,647,65,141,1,-1,-1,-1
140,83,1806,0,156,9,1,-1,-1,-1
140,84,2087,3,152,105,1,-1,-1,-1
140,85,1761,524,80,156,1,-1,-1,-1
140,86,2188,449,128,252,1,-1,-1,-1
140,87,2158,435,148,284,1,-1,-1,-1
140,88,945,712,152,128,1,-1,-1,-1
140,89,2304,413,124,200,1,-1,-1,-1
140,90,1934,549,260,180,1,-1,-1,-1
140,91,1109,600,96,176,1,-1,-1,-1
140,92,1581,432,96,204,1,-1,-1,-1
140,93,1215,553,124,204,1,-1,-1,-1
140,94,1699,465,193,231,1,-1,-1,-1
141,4,1827,586,175,171,1,-1,-1,-1
141,19,2283,384,175,244,1,-1,-1,-1
141,44,753,709,153,208,1,-1,-1,-1
141,46,1706,465,107,229,1,-1,-1,-1
141,51,1606,198,91,213,1,-1,-1,-1
141,52,2061,571,149,152,1,-1,-1,-1
141,55,740,731,190,164,1,-1,-1,-1
141,56,504,814,122,171,1,-1,-1,-1
141,63,1470,405,69,138,1,-1,-1,-1
141,65,1136,589,88,137,1,-1,-1,-1
141,66,2086,501,197,227,1,-1,-1,-1
141,67,935,610,168,235,1,-1,-1,-1
141,68,751,743,168,156,1,-1,-1,-1
141,69,1571,605,213,179,1,-1,-1,-1
141,70,1251,665,240,176,1,-1,-1,-1
141,71,503,823,136,160,1,-1,-1,-1
141,72,1619,178,76,217,1,-1,-1,-1
141,73,1810,602,220,168,1,-1,-1,-1
141,74,2090,564,107,160,1,-1,-1,-1
141,75,1788,128,87,160,1,-1,-1,-1
141,76,1417,406,152,184,1,-1,-1,-1
141,77,968,621,194,202,1,-1,-1,-1
141,78,1695,482,118,235,1,-1,-1,-1
141,79,1604,484,67,151,1,-1,-1,-1
141,80,1735,303,180,204,1,-1,-1,-1
141,81,1899,66,107,190,1,-1,-1,-1
141,82,1107,642,68,148,1,-1,-1,-1
141,83,1806,0,156,9,1,-1,-1,-1
141,84,2096,1,152,105,1,-1,-1,-1
141,85,1764,526,76,149,1,-1,-1,-1
141,86,2185,447,128,252,1,-1,-1,-1
141,87,2156,434,148,284,1,-1,-1,-1
141,88,948,714,145,122,1,-1,-1,-1
141,89,2303,413,124,200,1,-1,-1,-1
141,90,1930,549,260,180,1,-1,-1,-1
141,91,1110,598,96,176,1,-1,-1,-1
141,92,1579,431,96,204,1,-1,-1,-1
141,93,1215,551,124,204,1,-1,-1,-1
141,94,1699,461,193,231,1,-1,-1,-1
142,4,1814,570,175,171,1,-1,-1,-1
142,44,746,699,153,208,1,-1,-1,-1
142,46,1704,457,102,218,1,-1,-1,-1
142,52,2049,559,149,152,1,-1,-1,-1
142,55,730,720,190,164,1,-1,-1,-1
142,56,495,797,122,171,1,-1,-1,-1
142,63,1456,392,69,138,1,-1,-1,-1
142,65,1120,575,88,137,1,-1,-1,-1
142,66,2071,489,197,227,1,-1,-1,-1
142,67,925,595,168,235,1,-1,-1,-1
142,68,744,732,168,156,1,-1,-1,-1
142,69,1557,592,213,179,1,-1,-1,-1
142,70,1240,654,240,176,1,-1,-1,-1
142,71,493,807,136,160,1,-1,-1,-1
142,72,1610,161,76,217,1,-1,-1,-1
142,73,1799,585,220,168,1,-1,-1,-1
142,74,2080,552,107,160,1,-1,-1,-1
142,75,1775,116,87,160,1,-1,-1,-1
142,76,1400,393,152,184,1,-1,-1,-1
142,77,958,611,185,192,1,-1,-1,-1
142,78,1685,465,118,235,1,-1,-1,-1
142,79,1590,471,67,151,1,-1,-1,-1
142,80,1719,289,180,204,1,-1,-1,-1
142,81,1880,47,112,200,1,-1,-1,-1
142,82,1094,630,68,148,1,-1,-1,-1
142,83,1798,0,149,1,1,-1,-1,-1
142,84,2080,0,152,97,1,-1,-1,-1
142,85,1751,509,76,149,1,-1,-1,-1
142,86,2182,431,122,240,1,-1,-1,-1
142,87,2151,412,148,284,1,-1,-1,-1
142,88,940,702,145,122,1,-1,-1,-1
142,89,2290,401,124,200,1,-1,-1,-1
142,90,1912,533,273,189,1,-1,-1,-1
142,91,1094,583,96,176,1,-1,-1,-1
142,92,1562,421,96,204,1,-1,-1,-1
142,93,1202,535,124,204,1,-1,-1,-1
142,94,1689,444,193,231,1,-1,-1,-1
143,4,1815,566,175,171,1,-1,-1,-1
143,44,746,696,153,208,1,-1,-1,-1
143,46,1698,457,102,218,1,-1,-1,-1
143,52,2048,558,149,152,1,-1,-1,-1
143,55,731,718,190,164,1,-1,-1,-1
143,56,495,797,122,171,1,-1,-1,-1
143,63,1454,391,69,138,1,-1,-1,-1
143,65,1116,569,92,144,1,-1,-1,-1
143,66,2070,483,197,227,1,-1,-1,-1
143,67,926,602,160,224,1,-1,-1,-1
143,68,745,733,168,156,1,-1,-1,-1
143,69,1553,586,224,188,1,-1,-1,-1
143,70,1241,652,240,176,1,-1,-1,-1
143,71,497,808,130,152,1,-1,-1,-1
143,72,1601,155,80,228,1,-1,-1,-1
143,73,1800,580,220,168,1,-1,-1,-1
143,74,2079,551,107,160,1,-1,-1,-1
143,75,1774,113,87,160,1,-1,-1,-1
143,76,1400,395,145,175,1,-1,-1,-1
143,77,954,604,194,202,1,-1,-1,-1
143,78,1682,466,118,235,1,-1,-1,-1
143,79,1589,474,64,144,1,-1,-1,-1
143,80,1714,287,180,204,1,-1,-1,-1
143,81,1877,45,112,200,1,-1,-1,-1
143,82,1089,627,68,148,1,-1,-1,-1
143,83,1793,0,149,2,1,-1,-1,-1
143,85,1744,504,76,149,1,-1,-1,-1
143,86,2183,428,122,240,1,-1,-1,-1
143,87,2149,408,148,284,1,-1,-1,-1
143,88,941,700,145,122,1,-1,-1,-1
143,89,2290,399,124,200,1,-1,-1,-1
143,90,1902,519,287,198,1,-1,-1,-1
143,91,1093,583,96,176,1,-1,-1,-1
143,92,1562,418,96,204,1,-1,-1,-1
143,93,1199,535,124,204,1,-1,-1,-1
143,94,1690,450,184,220,1,-1,-1,-1
144,4,1814,565,175,171,1,-1,-1,-1
144,44,747,695,153,208,1,-1,-1,-1
144,46,1691,450,107,229,1,-1,-1,-1
144,52,2048,556,149,152,1,-1,-1,-1
144,55,732,719,190,164,1,-1,-1,-1
144,56,495,795,122,171,1,-1,-1,-1
144,63,1453,391,69,138,1,-1,-1,-1
144,65,1116,569,92,144,1,-1,-1,-1
144,66,2072,481,197,227,1,-1,-1,-1
144,67,927,599,160,224,1,-1,-1,-1
144,68,744,729,168,156,1,-1,-1,-1
144,69,1548,581,235,197,1,-1,-1,-1
144,70,1241,649,240,176,1,-1,-1,-1
144,71,500,811,123,145,1,-1,-1,-1
144,72,1600,155,80,228,1,-1,-1,-1
144,73,1801,580,220,168,1,-1,-1,-1
144,74,2080,552,107,160,1,-1,-1,-1
144,75,1775,116,83,152,1,-1,-1,-1
144,76,1402,396,145,175,1,-1,-1,-1
144,77,954,605,194,202,1,-1,-1,-1
144,78,1683,465,118,235,1,-1,-1,-1
144,79,1587,475,64,144,1,-1,-1,-1
144,80,1714,286,180,204,1,-1,-1,-1
144,81,1875,43,112,200,1,-1,-1,-1
144,82,1089,628,68,148,1,-1,-1,-1
144,83,1795,0,149,2,1,-1,-1,-1
144,85,1743,503,76,149,1,-1,-1,-1
144,86,2184,433,116,229,1,-1,-1,-1
144,87,2150,410,148,284,1,-1,-1,-1
144,88,940,699,145,122,1,-1,-1,-1
144,89,2289,399,124,200,1,-1,-1,-1
144,90,1908,522,287,198,1,-1,-1,-1
144,91,1092,582,96,176,1,-1,-1,-1
144,92,1560,413,101,214,1,-1,-1,-1
144,93,1198,538,124,204,1,-1,-1,-1
144,94,1694,457,175,210,1,-1,-1,-1
145,4,1814,565,175,171,1,-1,-1,-1
145,44,747,695,153,208,1,-1,-1,-1
145,46,1691,450,107,229,1,-1,-1,-1
145,52,2048,556,149,152,1,-1,-1,-1
145,55,744,708,168,164,1,-1,-1,-1
145,56,492,788,136,176,1,-1,-1,-1
145,63,1453,391,69,138,1,-1,-1,-1
145,65,1120,560,64,164,1,-1,-1,-1
145,66,2072,481,197,227,1,-1,-1,-1
145,67,927,599,160,224,1,-1,-1,-1
145,68,744,729,168,156,1,-1,-1,-1
145,69,1568,576,212,200,1,-1,-1,-1
145,70,1252,632,224,196,1,-1,-1,-1
145,71,500,811,123,145,1,-1,-1,-1
145,72,1600,155,80,228,1,-1,-1,-1
145,73,1801,580,220,168,1,-1,-1,-1
145,74,2076,540,148,168,1,-1,-1,-1
145,75,1775,116,83,152,1,-1,-1,-1
145,76,1402,396,145,175,1,-1,-1,-1
145,77,954,605,194,202,1,-1,-1,-1
145,78,1683,465,118,235,1,-1,-1,-1
145,79,1587,475,64,144,1,-1,-1,-1
145,80,1720,288,164,212,1,-1,-1,-1
145,81,1875,43,112,200,1,-1,-1,-1
145,82,1089,628,68,148,1,-1,-1,-1
145,83,1795,0,149,2,1,-1,-1,-1
145,85,1743,503,76,149,1,-1,-1,-1
145,86,2184,433,116,229,1,-1,-1,-1
145,87,2150,410,148,284,1,-1,-1,-1
145,88,948,656,156,168,1,-1,-1,-1
145,89,2308,372,96,220,1,-1,-1,-1
145,90,1908,522,287,198,1,-1,-1,-1
145,91,1092,582,96,176,1,-1,-1,-1
145,92,1544,400,112,232,1,-1,-1,-1
145,93,1184,528,140,212,1,-1,-1,-1
145,94,1708,436,120,244,1,-1,-1,-1
145,95,1804,472,348,280,1,-1,-1,-1
145,96,1580,168,92,192,1,-1,-1,-1
145,97,1364,404,164,184,1,-1,-1,-1
145,98,1744,28,124,252,1,-1,-1,-1
146,4,1817,554,175,171,1,-1,-1,-1
146,44,737,685,160,219,1,-1,-1,-1
146,46,1687,442,107,229,1,-1,-1,-1
146,52,2047,555,149,152,1,-1,-1,-1
146,55,739,705,168,164,1,-1,-1,-1
146,56,490,785,136,176,1,-1,-1,-1
146,63,1448,381,69,138,1,-1,-1,-1
146,65,1118,558,64,164,1,-1,-1,-1
146,66,2074,479,197,227,1,-1,-1,-1
146,67,923,597,160,224,1,-1,-1,-1
146,68,737,727,168,156,1,-1,-1,-1
146,69,1565,574,212,200,1,-1,-1,-1
146,70,1250,629,224,196,1,-1,-1,-1
146,71,500,806,123,145,1,-1,-1,-1
146,72,1591,151,80,228,1,-1,-1,-1
146,73,1803,571,220,168,1,-1,-1,-1
146,74,2075,537,148,168,1,-1,-1,-1
146,75,1768,111,87,160,1,-1,-1,-1
146,76,1396,388,145,175,1,-1,-1,-1
146,77,952,602,194,202,1,-1,-1,-1
146,79,1577,465,64,144,1,-1,-1,-1
146,80,1714,287,164,212,1,-1,-1,-1
146,81,1873,41,112,200,1,-1,-1,-1
146,82,1074,622,71,155,1,-1,-1,-1
146,85,1727,504,76,149,1,-1,-1,-1
146,86,2191,429,111,218,1,-1,-1,-1
146,87,2147,406,148,284,1,-1,-1,-1
146,88,946,654,156,168,1,-1,-1,-1
146,89,2306,366,96,220,1,-1,-1,-1
146,90,1911,521,273,189,1,-1,-1,-1
146,91,1084,572,96,176,1,-1,-1,-1
146,92,1541,397,112,232,1,-1,-1,-1
146,93,1179,526,140,212,1,-1,-1,-1
146,94,1704,433,120,244,1,-1,-1,-1
146,95,1805,469,348,280,1,-1,-1,-1
146,96,1578,168,92,192,1,-1,-1,-1
146,97,1361,401,164,184,1,-1,-1,-1
146,98,1743,27,124,252,1,-1,-1,-1
147,4,1817,555,175,171,1,-1,-1,-1
147,44,736,686,160,219,1,-1,-1,-1
147,46,1683,433,112,240,1,-1,-1,-1
147,52,2047,554,149,152,1,-1,-1,-1
147,55,738,706,168,164,1,-1,-1,-1
147,56,489,786,136,176,1,-1,-1,-1
147,63,1447,382,69,138,1,-1,-1,-1
147,65,1117,556,64,164,1,-1,-1,-1
147,66,2073,480,197,227,1,-1,-1,-1
147,67,920,595,160,224,1,-1,-1,-1
147,68,736,726,168,156,1,-1,-1,-1
147,69,1565,574,212,200,1,-1,-1,-1
147,70,1250,629,224,196,1,-1,-1,-1
147,71,499,805,123,145,1,-1,-1,-1
147,72,1588,149,80,228,1,-1,-1,-1
147,73,1802,570,220,168,1,-1,-1,-1
147,74,2075,537,148,168,1,-1,-1,-1
147,75,1769,113,83,152,1,-1,-1,-1
147,76,1400,391,138,167,1,-1,-1,-1
147,77,951,603,185,192,1,-1,-1,-1
147,79,1577,463,64,144,1,-1,-1,-1
147,80,1715,287,164,212,1,-1,-1,-1
147,81,1867,42,112,200,1,-1,-1,-1
147,82,1072,621,71,155,1,-1,-1,-1
147,85,1725,507,73,141,1,-1,-1,-1
147,86,2191,428,111,218,1,-1,-1,-1
147,87,2147,403,148,284,1,-1,-1,-1
147,88,945,654,156,168,1,-1,-1,-1
147,89,2304,365,96,220,1,-1,-1,-1
147,90,1913,520,273,189,1,-1,-1,-1
147,91,1082,569,101,185,1,-1,-1,-1
147,92,1540,397,112,232,1,-1,-1,-1
147,93,1179,525,140,212,1,-1,-1,-1
147,94,1707,439,114,232,1,-1,-1,-1
147,95,1806,468,348,280,1,-1,-1,-1
147,96,1576,166,92,192,1,-1,-1,-1
147,97,1361,401,164,184,1,-1,-1,-1
147,98,1745,34,118,240,1,-1,-1,-1
148,4,1810,551,175,171,1,-1,-1,-1
148,44,717,681,160,219,1,-1,-1,-1
148,46,1671,435,107,229,1,-1,-1,-1
148,52,2040,556,141,145,1,-1,-1,-1
148,55,723,702,168,164,1,-1,-1,-1
148,56,478,783,136,176,1,-1,-1,-1
148,63,1436,372,69,138,1,-1,-1,-1
148,65,1102,553,64,164,1,-1,-1,-1
148,66,2061,462,207,238,1,-1,-1,-1
148,67,911,593,160,224,1,-1,-1,-1
148,68,720,724,168,156,1,-1,-1,-1
148,69,1553,570,212,200,1,-1,-1,-1
148,70,1237,627,224,196,1,-1,-1,-1
148,71,488,802,123,145,1,-1,-1,-1
148,72,1579,154,76,217,1,-1,-1,-1
148,73,1804,569,210,160,1,-1,-1,-1
148,74,2063,535,148,168,1,-1,-1,-1
148,75,1759,114,79,145,1,-1,-1,-1
148,76,1391,384,131,159,1,-1,-1,-1
148,77,932,597,194,202,1,-1,-1,-1
148,79,1563,460,64,144,1,-1,-1,-1
148,80,1699,282,164,212,1,-1,-1,-1
148,81,1852,34,112,200,1,-1,-1,-1
148,82,1058,616,71,155,1,-1,-1,-1
148,85,1711,508,69,135,1,-1,-1,-1
148,86,2185,428,111,218,1,-1,-1,-1
148,87,2146,410,141,270,1,-1,-1,-1
148,88,932,648,156,168,1,-1,-1,-1
148,89,2294,367,91,210,1,-1,-1,-1
148,90,1905,521,273,189,1,-1,-1,-1
148,91,1065,565,101,185,1,-1,-1,-1
148,92,1525,393,112,232,1,-1,-1,-1
148,93,1168,525,133,202,1,-1,-1,-1
148,94,1694,427,120,244,1,-1,-1,-1
148,95,1782,461,365,294,1,-1,-1,-1
148,96,1560,161,92,192,1,-1,-1,-1
148,97,1347,396,164,184,1,-1,-1,-1
148,98,1725,24,124,252,1,-1,-1,-1
149,4,1804,545,184,180,1,-1,-1,-1
149,44,716,678,160,219,1,-1,-1,-1
149,46,1671,437,107,229,1,-1,-1,-1
149,52,2037,552,141,145,1,-1,-1,-1
149,55,720,698,168,164,1,-1,-1,-1
149,56,477,779,136,176,1,-1,-1,-1
149,63,1428,363,72,145,1,-1,-1,-1
149,65,1097,552,64,164,1,-1,-1,-1
149,66,2062,471,197,227,1,-1,-1,-1
149,67,904,591,160,224,1,-1,-1,-1
149,68,717,722,168,156,1,-1,-1,-1
149,69,1549,567,212,200,1,-1,-1,-1
149,70,1238,627,224,196,1,-1,-1,-1
149,71,487,801,123,145,1,-1,-1,-1
149,72,1573,151,76,217,1,-1,-1,-1
149,73,1804,569,200,152,1,-1,-1,-1
149,74,2062,530,148,168,1,-1,-1,-1
149,75,1751,111,79,145,1,-1,-1,-1
149,76,1384,378,131,159,1,-1,-1,-1
149,77,931,597,194,202,1,-1,-1,-1
149,79,1559,451,64,144,1,-1,-1,-1
149,80,1683,275,172,223,1,-1,-1,-1
149,81,1843,33,112,200,1,-1,-1,-1
149,82,1048,613,71,155,1,-1,-1,-1
149,86,2185,431,105,207,1,-1,-1,-1
149,87,2153,406,141,270,1,-1,-1,-1
149,88,929,647,156,168,1,-1,-1,-1
149,89,2291,360,91,210,1,-1,-1,-1
149,90,1909,520,273,189,1,-1,-1,-1
149,91,1062,562,101,185,1,-1,-1,-1
149,92,1521,389,112,232,1,-1,-1,-1
149,93,1162,524,133,202,1,-1,-1,-1
149,94,1688,422,120,244,1,-1,-1,-1
149,95,1785,466,348,280,1,-1,-1,-1
149,96,1556,158,92,192,1,-1,-1,-1
149,97,1344,392,164,184,1,-1,-1,-1
149,98,1719,20,124,252,1,-1,-1,-1
150,4,1802,544,184,180,1,-1,-1,-1
150,44,715,679,160,219,1,-1,-1,-1
150,52,2037,552,141,145,1,-1,-1,-1
150,55,719,699,168,164,1,-1,-1,-1
150,56,477,779,136,176,1,-1,-1,-1
150,63,1428,361,72,145,1,-1,-1,-1
150,65,1096,551,64,164,1,-1,-1,-1
150,66,2057,474,197,227,1,-1,-1,-1
150,67,905,586,160,224,1,-1,-1,-1
150,68,716,721,168,156,1,-1,-1,-1
150,69,1548,565,212,200,1,-1,-1,-1
150,70,1236,626,224,196,1,-1,-1,-1
150,71,488,800,123,145,1,-1,-1,-1
150,72,1568,143,80,228,1,-1,-1,-1
150,73,1805,567,200,152,1,-1,-1,-1
150,74,2063,530,148,168,1,-1,-1,-1
150,75,1748,105,83,152,1,-1,-1,-1
150,76,1386,381,125,151,1,-1,-1,-1
150,77,934,593,194,202,1,-1,-1,-1
150,79,1558,455,61,137,1,-1,-1,-1
150,80,1688,277,164,212,1,-1,-1,-1
150,81,1842,32,112,200,1,-1,-1,-1
150,82,1048,615,71,155,1,-1,-1,-1
150,86,2183,429,105,207,1,-1,-1,-1
150,87,2150,409,134,258,1,-1,-1,-1
150,88,927,647,156,168,1,-1,-1,-1
150,89,2287,354,96,220,1,-1,-1,-1
150,90,1909,520,260,180,1,-1,-1,-1
150,91,1060,559,101,185,1,-1,-1,-1
150,92,1520,389,112,232,1,-1,-1,-1
150,93,1159,523,133,202,1,-1,-1,-1
150,94,1688,428,114,232,1,-1,-1,-1
150,95,1785,467,348,280,1,-1,-1,-1
150,96,1553,158,92,192,1,-1,-1,-1
150,97,1343,391,164,184,1,-1,-1,-1
150,98,1720,15,124,252,1,-1,-1,-1
151,4,1801,542,184,180,1,-1,-1,-1
151,44,714,677,160,219,1,-1,-1,-1
151,52,2037,549,141,145,1,-1,-1,-1
151,55,717,694,168,164,1,-1,-1,-1
151,56,477,779,136,176,1,-1,-1,-1
151,63,1423,355,72,145,1,-1,-1,-1
151,65,1091,556,61,156,1,-1,-1,-1
151,66,2058,473,188,216,1,-1,-1,-1
151,67,900,584,160,224,1,-1,-1,-1
151,68,714,718,168,156,1,-1,-1,-1
151,69,1545,563,212,200,1,-1,-1,-1
151,70,1232,628,224,196,1,-1,-1,-1
151,71,488,799,123,145,1,-1,-1,-1
151,72,1562,143,80,228,1,-1,-1,-1
151,73,1804,570,200,152,1,-1,-1,-1
151,74,2061,526,148,168,1,-1,-1,-1
151,75,1747,98,79,145,1,-1,-1,-1
151,76,1383,372,125,151,1,-1,-1,-1
151,77,925,591,194,202,1,-1,-1,-1
151,79,1553,454,61,137,1,-1,-1,-1
151,80,1682,277,164,212,1,-1,-1,-1
151,81,1830,31,112,200,1,-1,-1,-1
151,82,1043,611,71,155,1,-1,-1,-1
151,86,2178,425,105,207,1,-1,-1,-1
151,87,2152,411,134,258,1,-1,-1,-1
151,88,924,643,156,168,1,-1,-1,-1
151,89,2286,349,96,220,1,-1,-1,-1
151,90,1909,516,260,180,1,-1,-1,-1
151,91,1055,565,101,185,1,-1,-1,-1
151,92,1519,393,107,221,1,-1,-1,-1
151,93,1149,520,140,212,1,-1,-1,-1
151,94,1688,431,109,221,1,-1,-1,-1
151,95,1781,464,348,280,1,-1,-1,-1
151,96,1547,156,92,192,1,-1,-1,-1
151,97,1340,389,164,184,1,-1,-1,-1
151,98,1719,22,118,240,1,-1,-1,-1
152,4,1800,542,184,180,1,-1,-1,-1
152,44,713,675,160,219,1,-1,-1,-1
152,52,2035,545,141,145,1,-1,-1,-1
152,55,716,690,168,164,1,-1,-1,-1
152,56,477,777,136,176,1,-1,-1,-1
152,63,1421,352,69,138,1,-1,-1,-1
152,65,1085,555,61,156,1,-1,-1,-1
152,67,899,586,152,213,1,-1,-1,-1
152,68,712,717,168,156,1,-1,-1,-1
152,69,1545,561,212,200,1,-1,-1,-1
152,70,1230,626,224,196,1,-1,-1,-1
152,71,488,799,123,145,1,-1,-1,-1
152,72,1557,140,80,228,1,-1,-1,-1
152,73,1803,569,200,152,1,-1,-1,-1
152,74,2060,522,148,168,1,-1,-1,-1
152,75,1740,85,83,152,1,-1,-1,-1
152,76,1379,371,125,151,1,-1,-1,-1
152,77,927,589,194,202,1,-1,-1,-1
152,79,1549,448,64,144,1,-1,-1,-1
152,80,1679,276,164,212,1,-1,-1,-1
152,81,1829,31,112,200,1,-1,-1,-1
152,82,1042,613,68,148,1,-1,-1,-1
152,86,2172,419,111,218,1,-1,-1,-1
152,87,2152,410,134,258,1,-1,-1,-1
152,88,922,639,156,168,1,-1,-1,-1
152,89,2283,349,96,220,1,-1,-1,-1
152,91,1050,568,101,185,1,-1,-1,-1
152,92,1512,384,112,232,1,-1,-1,-1
152,93,1144,518,140,212,1,-1,-1,-1
152,94,1687,430,109,221,1,-1,-1,-1
152,95,1776,461,348,280,1,-1,-1,-1
152,96,1543,155,92,192,1,-1,-1,-1
152,97,1339,388,164,184,1,-1,-1,-1
152,98,1717,26,112,229,1,-1,-1,-1
153,4,1800,542,184,180,1,-1,-1,-1
153,44,713,675,160,219,1,-1,-1,-1
153,52,2035,545,141,145,1,-1,-1,-1
153,55,720,688,160,176,1,-1,-1,-1
153,56,476,764,144,184,1,-1,-1,-1
153,63,1421,352,69,138,1,-1,-1,-1
153,65,1085,555,61,156,1,-1,-1,-1
153,67,899,586,152,213,1,-1,-1,-1
153,68,712,717,168,156,1,-1,-1,-1
153,69,1548,548,188,216,1,-1,-1,-1
153,70,1232,632,212,188,1,-1,-1,-1
153,71,488,799,123,145,1,-1,-1,-1
153,72,1557,140,80,228,1,-1,-1,-1
153,73,1803,569,200,152,1,-1,-1,-1
153,74,2048,440,240,256,1,-1,-1,-1
153,75,1740,85,83,152,1,-1,-1,-1
153,76,1379,371,125,151,1,-1,-1,-1
153,77,927,589,194,202,1,-1,-1,-1
153,79,1549,448,64,144,1,-1,-1,-1
153,80,1684,276,148,152,1,-1,-1,-1
153,81,1829,31,112,200,1,-1,-1,-1
153,82,1042,613,68,148,1,-1,-1,-1
153,86,2172,419,111,218,1,-1,-1,-1
153,87,2152,410,134,258,1,-1,-1,-1
153,88,922,639,156,168,1,-1,-1,-1
153,89,2283,349,96,220,1,-1,-1,-1
153,91,1050,568,101,185,1,-1,-1,-1
153,92,1512,384,112,232,1,-1,-1,-1
153,93,1144,524,176,192,1,-1,-1,-1
153,94,1687,430,109,221,1,-1,-1,-1
153,95,1788,512,284,228,1,-1,-1,-1
153,96,1536,136,100,204,1,-1,-1,-1
153,97,1339,388,164,184,1,-1,-1,-1
153,98,1717,26,112,229,1,-1,-1,-1
153,99,916,676,132,132,1,-1,-1,-1
153,100,1508,408,104,188,1,-1,-1,-1
153,101,988,624,112,160,1,-1,-1,-1
154,4,1796,539,184,180,1,-1,-1,-1
154,44,711,670,160,219,1,-1,-1,-1
154,52,2030,541,141,145,1,-1,-1,-1
154,55,716,684,160,176,1,-1,-1,-1
154,56,472,762,144,184,1,-1,-1,-1
154,63,1410,353,69,138,1,-1,-1,-1
154,65,1071,553,61,156,1,-1,-1,-1
154,67,896,582,152,213,1,-1,-1,-1
154,68,706,708,176,164,1,-1,-1,-1
154,69,1541,548,188,216,1,-1,-1,-1
154,70,1227,632,212,188,1,-1,-1,-1
154,71,482,797,123,145,1,-1,-1,-1
154,72,1551,138,80,228,1,-1,-1,-1
154,73,1800,566,200,152,1,-1,-1,-1
154,74,2042,437,240,256,1,-1,-1,-1
154,75,1727,83,83,152,1,-1,-1,-1
154,76,1372,372,119,144,1,-1,-1,-1
154,77,912,581,204,212,1,-1,-1,-1
154,79,1534,443,67,151,1,-1,-1,-1
154,80,1669,274,148,152,1,-1,-1,-1
154,81,1823,36,107,190,1,-1,-1,-1
154,82,1036,606,68,148,1,-1,-1,-1
154,86,2170,401,111,218,1,-1,-1,-1
154,88,916,633,156,168,1,-1,-1,-1
154,89,2279,349,96,220,1,-1,-1,-1
154,91,1044,557,101,185,1,-1,-1,-1
154,92,1504,382,112,232,1,-1,-1,-1
154,93,1132,522,176,192,1,-1,-1,-1
154,94,1679,430,109,221,1,-1,-1,-1
154,95,1783,509,284,228,1,-1,-1,-1
154,96,1526,133,100,204,1,-1,-1,-1
154,97,1326,385,164,184,1,-1,-1,-1
154,98,1710,18,112,229,1,-1,-1,-1
154,99,906,670,132,132,1,-1,-1,-1
154,100,1498,402,109,197,1,-1,-1,-1
154,101,980,618,112,160,1,-1,-1,-1
155,4,1791,535,184,180,1,-1,-1,-1
155,44,704,669,160,219,1,-1,-1,-1
155,52,2028,537,141,145,1,-1,-1,-1
155,55,711,684,160,176,1,-1,-1,-1
155,56,468,760,144,184,1,-1,-1,-1
155,63,1403,348,69,138,1,-1,-1,-1
155,65,1060,552,61,156,1,-1,-1,-1
155,67,890,578,152,213,1,-1,-1,-1
155,68,701,708,176,164,1,-1,-1,-1
155,69,1534,544,188,216,1,-1,-1,-1
155,70,1223,632,212,188,1,-1,-1,-1
155,71,475,797,123,145,1,-1,-1,-1
155,72,1534,136,80,228,1,-1,-1,-1
155,73,1794,564,200,152,1,-1,-1,-1
155,74,2039,434,240,256,1,-1,-1,-1
155,75,1722,80,83,152,1,-1,-1,-1
155,76,1366,368,119,144,1,-1,-1,-1
155,77,913,582,194,202,1,-1,-1,-1
155,79,1527,443,67,151,1,-1,-1,-1
155,80,1659,272,148,152,1,-1,-1,-1
155,81,1817,37,107,190,1,-1,-1,-1
155,82,1029,607,68,148,1,-1,-1,-1
155,86,2171,404,105,207,1,-1,-1,-1
155,88,912,634,149,160,1,-1,-1,-1
155,89,2275,339,91,210,1,-1,-1,-1
155,91,1037,564,96,176,1,-1,-1,-1
155,92,1497,386,107,221,1,-1,-1,-1
155,93,1123,520,176,192,1,-1,-1,-1
155,94,1675,430,109,221,1,-1,-1,-1
155,95,1776,508,284,228,1,-1,-1,-1
155,96,1517,130,100,204,1,-1,-1,-1
155,97,1321,381,164,184,1,-1,-1,-1
155,98,1697,19,112,229,1,-1,-1,-1
155,99,900,668,132,132,1,-1,-1,-1
155,100,1494,405,104,188,1,-1,-1,-1
155,101,974,616,112,160,1,-1,-1,-1
156,4,1791,535,184,180,1,-1,-1,-1
156,44,703,666,160,219,1,-1,-1,-1
156,52,2027,537,141,145,1,-1,-1,-1
156,55,709,682,160,176,1,-1,-1,-1
156,56,467,760,144,184,1,-1,-1,-1
156,63,1403,346,69,138,1,-1,-1,-1
156,65,1059,552,61,156,1,-1,-1,-1
156,67,883,577,152,213,1,-1,-1,-1
156,68,700,707,176,164,1,-1,-1,-1
156,69,1533,544,188,216,1,-1,-1,-1
156,70,1221,631,212,188,1,-1,-1,-1
156,71,475,799,123,145,1,-1,-1,-1
156,72,1535,141,76,217,1,-1,-1,-1
156,73,1792,562,200,152,1,-1,-1,-1
156,74,2045,441,229,244,1,-1,-1,-1
156,75,1721,80,83,152,1,-1,-1,-1
156,76,1366,368,119,144,1,-1,-1,-1
156,77,911,580,194,202,1,-1,-1,-1
156,79,1526,443,67,151,1,-1,-1,-1
156,80,1659,272,148,152,1,-1,-1,-1
156,81,1812,27,112,200,1,-1,-1,-1
156,86,2170,396,111,218,1,-1,-1,-1
156,88,911,634,149,160,1,-1,-1,-1
156,89,2267,336,96,220,1,-1,-1,-1
156,92,1495,385,107,221,1,-1,-1,-1
156,93,1123,521,176,192,1,-1,-1,-1
156,94,1671,430,109,221,1,-1,-1,-1
156,95,1776,509,284,228,1,-1,-1,-1
156,96,1515,132,100,204,1,-1,-1,-1
156,97,1319,382,164,184,1,-1,-1,-1
156,98,1692,14,118,240,1,-1,-1,-1
156,99,901,668,132,132,1,-1,-1,-1
156,100,1489,399,109,197,1,-1,-1,-1
156,101,973,617,112,160,1,-1,-1,-1
157,4,1783,530,184,180,1,-1,-1,-1
157,44,700,665,160,219,1,-1,-1,-1
157,52,2024,526,141,145,1,-1,-1,-1
157,55,705,680,160,176,1,-1,-1,-1
157,56,460,757,144,184,1,-1,-1,-1
157,63,1393,344,69,138,1,-1,-1,-1
157,65,1048,543,61,156,1,-1,-1,-1
157,67,881,577,152,213,1,-1,-1,-1
157,68,700,708,168,156,1,-1,-1,-1
157,69,1523,542,188,216,1,-1,-1,-1
157,70,1216,630,212,188,1,-1,-1,-1
157,71,468,797,123,145,1,-1,-1,-1
157,72,1520,135,80,228,1,-1,-1,-1
157,73,1786,560,200,152,1,-1,-1,-1
157,74,2041,434,229,244,1,-1,-1,-1
157,75,1709,77,83,152,1,-1,-1,-1
157,76,1354,368,119,144,1,-1,-1,-1
157,77,902,576,204,212,1,-1,-1,-1
157,79,1515,438,67,151,1,-1,-1,-1
157,80,1643,270,148,152,1,-1,-1,-1
157,81,1800,20,112,200,1,-1,-1,-1
157,86,2168,392,111,218,1,-1,-1,-1
157,88,900,632,149,160,1,-1,-1,-1
157,89,2258,328,101,231,1,-1,-1,-1
157,92,1487,384,107,221,1,-1,-1,-1
157,93,1109,521,176,192,1,-1,-1,-1
157,94,1668,433,104,211,1,-1,-1,-1
157,95,1769,506,284,228,1,-1,-1,-1
157,96,1501,131,100,204,1,-1,-1,-1
157,97,1314,382,164,184,1,-1,-1,-1
157,98,1679,7,124,252,1,-1,-1,-1
157,99,890,664,132,132,1,-1,-1,-1
157,100,1476,396,109,197,1,-1,-1,-1
157,101,965,618,107,152,1,-1,-1,-1
158,4,1782,530,184,180,1,-1,-1,-1
158,44,699,662,160,219,1,-1,-1,-1
158,52,2025,521,141,145,1,-1,-1,-1
158,55,704,679,160,176,1,-1,-1,-1
158,56,460,757,144,184,1,-1,-1,-1
158,63,1390,343,69,138,1,-1,-1,-1
158,65,1043,542,61,156,1,-1,-1,-1
158,67,879,583,145,203,1,-1,-1,-1
158,68,699,709,168,156,1,-1,-1,-1
158,69,1520,542,188,216,1,-1,-1,-1
158,70,1218,627,212,188,1,-1,-1,-1
158,71,466,797,123,145,1,-1,-1,-1
158,72,1515,135,80,228,1,-1,-1,-1
158,73,1784,557,200,152,1,-1,-1,-1
158,74,2037,435,229,244,1,-1,-1,-1
158,75,1705,77,83,152,1,-1,-1,-1
158,76,1351,366,119,144,1,-1,-1,-1
158,77,896,571,214,223,1,-1,-1,-1
158,79,1512,438,67,151,1,-1,-1,-1
158,80,1636,269,148,152,1,-1,-1,-1
158,81,1789,19,112,200,1,-1,-1,-1
158,88,897,631,149,160,1,-1,-1,-1
158,89,2251,323,106,243,1,-1,-1,-1
158,92,1479,379,112,232,1,-1,-1,-1
158,93,1100,516,185,202,1,-1,-1,-1
158,94,1665,437,99,201,1,-1,-1,-1
158,95,1767,504,284,228,1,-1,-1,-1
158,96,1498,129,100,204,1,-1,-1,-1
158,97,1312,382,156,175,1,-1,-1,-1
158,98,1675,6,124,252,1,-1,-1,-1
158,99,891,667,126,126,1,-1,-1,-1
158,100,1474,396,109,197,1,-1,-1,-1
158,101,961,618,107,152,1,-1,-1,-1
159,4,1782,530,184,180,1,-1,-1,-1
159,44,698,660,160,219,1,-1,-1,-1
159,52,2025,523,141,145,1,-1,-1,-1
159,55,704,679,160,176,1,-1,-1,-1
159,56,460,758,144,184,1,-1,-1,-1
159,63,1389,345,69,138,1,-1,-1,-1
159,65,1042,544,61,156,1,-1,-1,-1
159,67,876,584,145,203,1,-1,-1,-1
159,68,699,708,168,156,1,-1,-1,-1
159,69,1520,541,188,216,1,-1,-1,-1
159,70,1218,626,212,188,1,-1,-1,-1
159,71,465,798,123,145,1,-1,-1,-1
159,72,1511,134,80,228,1,-1,-1,-1
159,73,1785,556,200,152,1,-1,-1,-1
159,74,2042,442,218,232,1,-1,-1,-1
159,75,1703,77,83,152,1,-1,-1,-1
159,76,1352,366,119,144,1,-1,-1,-1
159,77,897,570,214,223,1,-1,-1,-1
159,79,1510,438,67,151,1,-1,-1,-1
159,80,1636,268,148,152,1,-1,-1,-1
159,81,1789,22,112,200,1,-1,-1,-1
159,88,897,631,149,160,1,-1,-1,-1
159,89,2250,319,111,255,1,-1,-1,-1
159,92,1477,377,112,232,1,-1,-1,-1
159,93,1104,523,176,192,1,-1,-1,-1
159,94,1661,435,99,201,1,-1,-1,-1
159,95,1765,503,284,228,1,-1,-1,-1
159,96,1495,129,100,204,1,-1,-1,-1
159,97,1310,383,156,175,1,-1,-1,-1
159,98,1677,9,124,252,1,-1,-1,-1
159,99,891,667,126,126,1,-1,-1,-1
159,100,1473,397,109,197,1,-1,-1,-1
159,101,961,618,107,152,1,-1,-1,-1
160,4,1777,527,184,180,1,-1,-1,-1
160,44,698,659,160,219,1,-1,-1,-1
160,52,2024,517,141,145,1,-1,-1,-1
160,55,703,679,160,176,1,-1,-1,-1
160,56,458,758,144,184,1,-1,-1,-1
160,63,1383,346,66,131,1,-1,-1,-1
160,65,1034,548,61,156,1,-1,-1,-1
160,67,874,580,145,203,1,-1,-1,-1
160,68,697,709,168,156,1,-1,-1,-1
160,69,1518,547,179,206,1,-1,-1,-1
160,70,1217,625,212,188,1,-1,-1,-1
160,71,463,796,123,145,1,-1,-1,-1
160,72,1508,129,80,228,1,-1,-1,-1
160,73,1780,555,200,152,1,-1,-1,-1
160,74,2037,443,218,232,1,-1,-1,-1
160,75,1698,72,87,160,1,-1,-1,-1
160,76,1345,367,113,137,1,-1,-1,-1
160,77,889,562,225,234,1,-1,-1,-1
160,79,1503,431,71,159,1,-1,-1,-1
160,80,1624,266,148,152,1,-1,-1,-1
160,81,1785,16,112,200,1,-1,-1,-1
160,88,888,631,149,160,1,-1,-1,-1
160,89,2243,313,111,255,1,-1,-1,-1
160,92,1470,375,112,232,1,-1,-1,-1
160,93,1088,524,176,192,1,-1,-1,-1
160,94,1656,431,99,201,1,-1,-1,-1
160,95,1759,498,284,228,1,-1,-1,-1
160,96,1489,127,100,204,1,-1,-1,-1
160,97,1302,380,156,175,1,-1,-1,-1
160,98,1677,14,118,240,1,-1,-1,-1
160,99,883,667,126,126,1,-1,-1,-1
160,100,1466,396,109,197,1,-1,-1,-1
160,101,952,619,107,152,1,-1,-1,-1
161,44,700,668,152,184,1,-1,-1,-1
161,52,2024,517,141,145,1,-1,-1,-1
161,55,703,679,160,176,1,-1,-1,-1
161,56,448,744,180,196,1,-1,-1,-1
161,63,1383,346,66,131,1,-1,-1,-1
161,65,1034,548,61,156,1,-1,-1,-1
161,67,874,580,145,203,1,-1,-1,-1
161,68,697,709,168,156,1,-1,-1,-1
161,69,1518,547,179,206,1,-1,-1,-1
161,70,1220,628,196,180,1,-1,-1,-1
161,71,463,796,123,145,1,-1,-1,-1
161,72,1508,129,80,228,1,-1,-1,-1
161,73,1780,555,200,152,1,-1,-1,-1
161,74,2036,468,180,216,1,-1,-1,-1
161,75,1698,72,87,160,1,-1,-1,-1
161,76,1332,332,124,232,1,-1,-1,-1
161,77,889,562,225,234,1,-1,-1,-1
161,79,1503,431,71,159,1,-1,-1,-1
161,80,1612,264,148,164,1,-1,-1,-1
161,81,1785,16,112,200,1,-1,-1,-1
161,88,888,631,149,160,1,-1,-1,-1
161,89,2243,313,111,255,1,-1,-1,-1
161,92,1470,375,112,232,1,-1,-1,-1
161,93,1088,524,176,192,1,-1,-1,-1
161,94,1656,431,99,201,1,-1,-1,-1
161,95,1772,532,268,196,1,-1,-1,-1
161,96,1489,127,100,204,1,-1,-1,-1
161,97,1302,380,156,175,1,-1,-1,-1
161,98,1677,14,118,240,1,-1,-1,-1
161,99,883,667,126,126,1,-1,-1,-1
161,100,1480,412,84,188,1,-1,-1,-1
161,101,952,619,107,152,1,-1,-1,-1
161,102,1460,132,116,156,1,-1,-1,-1
161,103,1520,592,144,156,1,-1,-1,-1
161,104,1616,400,88,148,1,-1,-1,-1
161,105,1044,580,164,124,1,-1,-1,-1
162,44,700,668,152,184,1,-1,-1,-1
162,52,2022,515,141,145,1,-1,-1,-1
162,55,702,679,160,176,1,-1,-1,-1
162,56,448,744,180,196,1,-1,-1,-1
162,63,1376,340,69,138,1,-1,-1,-1
162,65,1027,548,61,156,1,-1,-1,-1
162,67,868,579,145,203,1,-1,-1,-1
162,68,696,710,168,156,1,-1,-1,-1
162,69,1508,546,179,206,1,-1,-1,-1
162,70,1220,628,196,180,1,-1,-1,-1
162,71,459,796,123,145,1,-1,-1,-1
162,72,1505,128,80,228,1,-1,-1,-1
162,73,1772,550,210,160,1,-1,-1,-1
162,74,2036,468,180,216,1,-1,-1,-1
162,76,1332,332,124,232,1,-1,-1,-1
162,77,889,566,214,223,1,-1,-1,-1
162,79,1493,427,71,159,1,-1,-1,-1
162,80,1612,264,148,164,1,-1,-1,-1
162,81,1773,12,112,200,1,-1,-1,-1
162,88,883,633,149,160,1,-1,-1,-1
162,89,2238,308,111,255,1,-1,-1,-1
162,92,1461,372,112,232,1,-1,-1,-1
162,93,1081,529,168,183,1,-1,-1,-1
162,95,1772,532,268,196,1,-1,-1,-1
162,96,1481,129,100,204,1,-1,-1,-1
162,97,1298,378,156,175,1,-1,-1,-1
162,98,1674,13,118,240,1,-1,-1,-1
162,99,876,667,126,126,1,-1,-1,-1
162,100,1480,412,84,188,1,-1,-1,-1
162,101,945,625,107,152,1,-1,-1,-1
162,102,1460,132,116,156,1,-1,-1,-1
162,103,1520,592,144,156,1,-1,-1,-1
162,104,1616,400,88,148,1,-1,-1,-1
162,105,1044,580,164,124,1,-1,-1,-1
163,44,697,667,152,184,1,-1,-1,-1
163,52,2018,514,141,145,1,-1,-1,-1
163,55,705,679,152,168,1,-1,-1,-1
163,56,445,746,180,196,1,-1,-1,-1
163,63,1363,334,72,145,1,-1,-1,-1
163,65,1022,544,61,156,1,-1,-1,-1
163,67,860,581,145,203,1,-1,-1,-1
163,68,695,708,168,156,1,-1,-1,-1
163,69,1500,550,179,206,1,-1,-1,-1
163,70,1215,628,196,180,1,-1,-1,-1
163,71,450,792,130,152,1,-1,-1,-1
163,72,1487,132,80,228,1,-1,-1,-1
163,73,1774,552,200,152,1,-1,-1,-1
163,74,2032,467,180,216,1,-1,-1,-1
163,76,1327,334,124,232,1,-1,-1,-1
163,77,873,570,214,223,1,-1,-1,-1
163,79,1482,422,71,159,1,-1,-1,-1
163,80,1598,265,148,164,1,-1,-1,-1
163,81,1757,10,112,200,1,-1,-1,-1
163,88,871,635,149,160,1,-1,-1,-1
163,89,2230,299,111,255,1,-1,-1,-1
163,92,1451,367,118,244,1,-1,-1,-1
163,93,1065,529,168,183,1,-1,-1,-1
163,95,1768,531,268,196,1,-1,-1,-1
163,96,1466,129,100,204,1,-1,-1,-1
163,97,1285,380,156,175,1,-1,-1,-1
163,98,1657,13,118,240,1,-1,-1,-1
163,99,863,670,126,126,1,-1,-1,-1
163,100,1472,410,84,188,1,-1,-1,-1
163,101,936,631,102,145,1,-1,-1,-1
163,102,1447,130,116,156,1,-1,-1,-1
163,103,1511,596,144,156,1,-1,-1,-1
163,104,1606,401,88,148,1,-1,-1,-1
163,105,1030,582,164,124,1,-1,-1,-1
164,44,696,668,152,184,1,-1,-1,-1
164,52,2016,517,141,145,1,-1,-1,-1
164,55,702,679,152,168,1,-1,-1,-1
164,56,443,747,180,196,1,-1,-1,-1
164,63,1361,332,72,145,1,-1,-1,-1
164,65,1018,538,64,164,1,-1,-1,-1
164,67,854,585,145,203,1,-1,-1,-1
164,68,694,710,168,156,1,-1,-1,-1
164,69,1495,550,179,206,1,-1,-1,-1
164,70,1212,628,196,180,1,-1,-1,-1
164,71,448,796,130,152,1,-1,-1,-1
164,72,1486,141,76,217,1,-1,-1,-1
164,73,1772,554,200,152,1,-1,-1,-1
164,74,2031,468,180,216,1,-1,-1,-1
164,76,1321,331,124,232,1,-1,-1,-1
164,77,869,569,214,223,1,-1,-1,-1
164,79,1479,422,71,159,1,-1,-1,-1
164,80,1593,264,148,164,1,-1,-1,-1
164,88,868,637,149,160,1,-1,-1,-1
164,92,1446,366,118,244,1,-1,-1,-1
164,93,1058,534,168,183,1,-1,-1,-1
164,95,1766,534,268,196,1,-1,-1,-1
164,96,1459,125,105,214,1,-1,-1,-1
164,97,1282,378,156,175,1,-1,-1,-1
164,98,1654,17,112,229,1,-1,-1,-1
164,99,858,674,126,126,1,-1,-1,-1
164,100,1467,411,84,188,1,-1,-1,-1
164,101,932,633,102,145,1,-1,-1,-1
164,102,1442,131,116,156,1,-1,-1,-1
164,103,1508,597,144,156,1,-1,-1,-1
164,104,1603,400,88,148,1,-1,-1,-1
164,105,1026,583,164,124,1,-1,-1,-1
165,44,696,670,152,184,1,-1,-1,-1
165,52,2016,516,141,145,1,-1,-1,-1
165,55,701,681,152,168,1,-1,-1,-1
165,56,447,752,171,187,1,-1,-1,-1
165,63,1360,332,72,145,1,-1,-1,-1
165,65,1015,531,64,164,1,-1,-1,-1
165,67,852,584,145,203,1,-1,-1,-1
165,68,694,710,168,156,1,-1,-1,-1
165,69,1494,552,179,206,1,-1,-1,-1
165,70,1212,629,196,180,1,-1,-1,-1
165,71,448,797,130,152,1,-1,-1,-1
165,72,1484,144,76,217,1,-1,-1,-1
165,73,1772,554,200,152,1,-1,-1,-1
165,74,2030,468,180,216,1,-1,-1,-1
165,76,1323,336,118,221,1,-1,-1,-1
165,77,869,570,214,223,1,-1,-1,-1
165,79,1477,422,71,159,1,-1,-1,-1
165,80,1592,265,148,164,1,-1,-1,-1
165,88,866,638,149,160,1,-1,-1,-1
165,92,1443,366,118,244,1,-1,-1,-1
165,93,1058,534,168,183,1,-1,-1,-1
165,95,1764,532,268,196,1,-1,-1,-1
165,96,1461,131,100,204,1,-1,-1,-1
165,97,1276,373,164,184,1,-1,-1,-1
165,98,1652,16,112,229,1,-1,-1,-1
165,99,861,676,120,120,1,-1,-1,-1
165,100,1465,406,88,197,1,-1,-1,-1
165,101,931,637,97,138,1,-1,-1,-1
165,102,1442,131,116,156,1,-1,-1,-1
165,103,1507,598,144,156,1,-1,-1,-1
165,104,1602,401,88,148,1,-1,-1,-1
165,105,1024,584,164,124,1,-1,-1,-1
166,44,695,667,152,184,1,-1,-1,-1
166,52,2014,518,141,145,1,-1,-1,-1
166,55,701,678,152,168,1,-1,-1,-1
166,56,446,752,171,187,1,-1,-1,-1
166,63,1356,331,72,145,1,-1,-1,-1
166,65,1019,525,64,164,1,-1,-1,-1
166,67,847,584,145,203,1,-1,-1,-1
166,68,693,705,168,156,1,-1,-1,-1
166,69,1489,548,179,206,1,-1,-1,-1
166,70,1210,628,196,180,1,-1,-1,-1
166,71,445,795,130,152,1,-1,-1,-1
166,72,1477,142,76,217,1,-1,-1,-1
166,73,1770,555,200,152,1,-1,-1,-1
166,74,2031,474,171,206,1,-1,-1,-1
166,76,1314,328,124,232,1,-1,-1,-1
166,77,864,572,214,223,1,-1,-1,-1
166,79,1469,421,71,159,1,-1,-1,-1
166,80,1580,266,148,164,1,-1,-1,-1
166,88,856,635,156,168,1,-1,-1,-1
166,92,1437,372,112,232,1,-1,-1,-1
166,93,1049,529,176,192,1,-1,-1,-1
166,95,1763,535,268,196,1,-1,-1,-1
166,96,1454,129,100,204,1,-1,-1,-1
166,97,1271,372,164,184,1,-1,-1,-1
166,98,1640,13,112,229,1,-1,-1,-1
166,99,855,677,120,120,1,-1,-1,-1
166,100,1455,411,84,188,1,-1,-1,-1
166,101,928,636,97,138,1,-1,-1,-1
166,102,1431,128,116,156,1,-1,-1,-1
166,103,1501,598,144,156,1,-1,-1,-1
166,104,1596,396,84,141,1,-1,-1,-1
166,105,1016,584,164,124,1,-1,-1,-1
167,44,696,665,152,184,1,-1,-1,-1
167,52,2013,516,141,145,1,-1,-1,-1
167,55,701,676,152,168,1,-1,-1,-1
167,56,445,753,171,187,1,-1,-1,-1
167,63,1352,327,72,145,1,-1,-1,-1
167,67,844,586,145,203,1,-1,-1,-1
167,68,693,704,168,156,1,-1,-1,-1
167,69,1483,549,179,206,1,-1,-1,-1
167,70,1209,629,196,180,1,-1,-1,-1
167,71,443,794,130,152,1,-1,-1,-1
167,73,1770,556,200,152,1,-1,-1,-1
167,74,2024,469,180,216,1,-1,-1,-1
167,76,1310,326,124,232,1,-1,-1,-1
167,77,863,577,204,212,1,-1,-1,-1
167,79,1465,420,71,159,1,-1,-1,-1
167,80,1575,266,148,164,1,-1,-1,-1
167,88,852,636,156,168,1,-1,-1,-1
167,92,1432,375,112,232,1,-1,-1,-1
167,93,1044,527,176,192,1,-1,-1,-1
167,95,1761,534,268,196,1,-1,-1,-1
167,96,1447,131,100,204,1,-1,-1,-1
167,97,1275,371,156,175,1,-1,-1,-1
167,98,1634,7,118,240,1,-1,-1,-1
167,99,853,677,120,120,1,-1,-1,-1
167,100,1452,410,84,188,1,-1,-1,-1
167,101,923,632,102,145,1,-1,-1,-1
167,102,1427,129,116,156,1,-1,-1,-1
167,103,1498,597,144,156,1,-1,-1,-1
167,104,1595,391,84,141,1,-1,-1,-1
167,105,1012,584,164,124,1,-1,-1,-1
168,44,695,663,152,184,1,-1,-1,-1
168,52,2013,513,141,145,1,-1,-1,-1
168,55,700,673,152,168,1,-1,-1,-1
168,56,444,752,171,187,1,-1,-1,-1
168,63,1350,327,72,145,1,-1,-1,-1
168,67,845,589,138,193,1,-1,-1,-1
168,68,694,701,168,156,1,-1,-1,-1
168,69,1483,547,179,206,1,-1,-1,-1
168,70,1211,628,196,180,1,-1,-1,-1
168,71,443,794,130,152,1,-1,-1,-1
168,73,1771,556,200,152,1,-1,-1,-1
168,74,2023,466,180,216,1,-1,-1,-1
168,76,1306,327,124,232,1,-1,-1,-1
168,77,861,576,204,212,1,-1,-1,-1
168,79,1462,420,71,159,1,-1,-1,-1
168,80,1571,265,148,164,1,-1,-1,-1
168,88,851,635,156,168,1,-1,-1,-1
168,92,1432,379,107,221,1,-1,-1,-1
168,93,1039,529,176,192,1,-1,-1,-1
168,95,1760,534,268,196,1,-1,-1,-1
168,96,1445,128,100,204,1,-1,-1,-1
168,97,1272,368,156,175,1,-1,-1,-1
168,98,1630,1,124,252,1,-1,-1,-1
168,99,852,677,120,120,1,-1,-1,-1
168,100,1449,411,84,188,1,-1,-1,-1
168,101,922,631,102,145,1,-1,-1,-1
168,102,1423,128,116,156,1,-1,-1,-1
168,103,1498,599,137,149,1,-1,-1,-1
168,104,1592,387,84,141,1,-1,-1,-1
168,105,1008,582,164,124,1,-1,-1,-1
169,44,696,656,164,196,1,-1,-1,-1
169,52,2013,513,141,145,1,-1,-1,-1
169,55,700,673,152,168,1,-1,-1,-1
169,56,440,752,192,184,1,-1,-1,-1
169,63,1350,327,72,145,1,-1,-1,-1
169,67,845,589,138,193,1,-1,-1,-1
169,68,694,701,168,156,1,-1,-1,-1
169,69,1483,547,179,206,1,-1,-1,-1
169,70,1220,628,184,176,1,-1,-1,-1
169,71,443,794,130,152,1,-1,-1,-1
169,73,1771,556,200,152,1,-1,-1,-1
169,74,2036,472,148,212,1,-1,-1,-1
169,76,1306,327,124,232,1,-1,-1,-1
169,77,861,576,204,212,1,-1,-1,-1
169,79,1462,420,71,159,1,-1,-1,-1
169,80,1571,265,148,164,1,-1,-1,-1
169,88,851,635,156,168,1,-1,-1,-1
169,92,1432,376,96,232,1,-1,-1,-1
169,93,1039,529,176,192,1,-1,-1,-1
169,95,1776,508,280,224,1,-1,-1,-1
169,96,1445,128,100,204,1,-1,-1,-1
169,97,1284,320,144,240,1,-1,-1,-1
169,98,1630,1,124,252,1,-1,-1,-1
169,99,852,677,120,120,1,-1,-1,-1
169,100,1449,411,84,188,1,-1,-1,-1
169,101,922,631,102,145,1,-1,-1,-1
169,102,1423,128,116,156,1,-1,-1,-1
169,103,1498,599,137,149,1,-1,-1,-1
169,104,1592,387,84,141,1,-1,-1,-1
169,105,1008,582,164,124,1,-1,-1,-1
169,106,1496,568,212,188,1,-1,-1,-1
169,107,1096,496,152,200,1,-1,-1,-1
169,108,1404,132,128,204,1,-1,-1,-1
169,109,984,520,168,188,1,-1,-1,-1
170,44,694,657,164,196,1,-1,-1,-1
170,52,2015,510,141,145,1,-1,-1,-1
170,55,696,669,160,176,1,-1,-1,-1
170,56,439,754,192,184,1,-1,-1,-1
170,63,1346,330,72,145,1,-1,-1,-1
170,67,837,585,145,203,1,-1,-1,-1
170,68,695,701,168,156,1,-1,-1,-1
170,69,1478,546,179,206,1,-1,-1,-1
170,70,1220,630,184,176,1,-1,-1,-1
170,71,442,792,130,152,1,-1,-1,-1
170,73,1772,557,200,152,1,-1,-1,-1
170,74,2036,473,148,212,1,-1,-1,-1
170,76,1306,329,124,232,1,-1,-1,-1
170,77,851,575,204,212,1,-1,-1,-1
170,79,1458,422,71,159,1,-1,-1,-1
170,80,1563,273,141,156,1,-1,-1,-1
170,88,847,636,156,168,1,-1,-1,-1
170,92,1430,377,96,232,1,-1,-1,-1
170,93,1033,531,176,192,1,-1,-1,-1
170,95,1783,515,267,213,1,-1,-1,-1
170,96,1443,134,95,194,1,-1,-1,-1
170,97,1287,325,137,229,1,-1,-1,-1
170,98,1628,6,118,240,1,-1,-1,-1
170,99,848,678,120,120,1,-1,-1,-1
170,100,1443,413,84,188,1,-1,-1,-1
170,101,915,629,107,152,1,-1,-1,-1
170,102,1416,130,116,156,1,-1,-1,-1
170,103,1496,600,137,149,1,-1,-1,-1
170,104,1587,386,84,141,1,-1,-1,-1
170,105,1001,583,164,124,1,-1,-1,-1
170,106,1495,570,212,188,1,-1,-1,-1
170,107,1097,503,145,190,1,-1,-1,-1
170,108,1402,135,128,204,1,-1,-1,-1
170,109,982,521,168,188,1,-1,-1,-1
171,44,694,658,164,196,1,-1,-1,-1
171,52,2017,508,141,145,1,-1,-1,-1
171,55,696,669,160,176,1,-1,-1,-1
171,56,438,755,192,184,1,-1,-1,-1
171,63,1344,330,72,145,1,-1,-1,-1
171,67,833,585,145,203,1,-1,-1,-1
171,68,694,701,168,156,1,-1,-1,-1
171,69,1476,549,179,206,1,-1,-1,-1
171,70,1222,632,184,176,1,-1,-1,-1
171,71,442,789,130,152,1,-1,-1,-1
171,73,1774,554,200,152,1,-1,-1,-1
171,74,2036,474,148,212,1,-1,-1,-1
171,76,1302,331,124,232,1,-1,-1,-1
171,77,850,574,204,212,1,-1,-1,-1
171,79,1454,422,71,159,1,-1,-1,-1
171,80,1562,272,141,156,1,-1,-1,-1
171,88,844,634,156,168,1,-1,-1,-1
171,92,1431,384,91,221,1,-1,-1,-1
171,93,1022,526,185,202,1,-1,-1,-1
171,95,1782,515,267,213,1,-1,-1,-1
171,96,1439,139,95,194,1,-1,-1,-1
171,97,1286,329,137,229,1,-1,-1,-1
171,98,1629,10,118,240,1,-1,-1,-1
171,99,846,677,120,120,1,-1,-1,-1
171,100,1439,415,84,188,1,-1,-1,-1
171,101,913,626,107,152,1,-1,-1,-1
171,102,1413,133,116,156,1,-1,-1,-1
171,103,1496,599,137,149,1,-1,-1,-1
171,104,1585,383,84,141,1,-1,-1,-1
171,105,997,582,164,124,1,-1,-1,-1
171,106,1494,571,212,188,1,-1,-1,-1
171,107,1096,504,145,190,1,-1,-1,-1
171,108,1400,135,128,204,1,-1,-1,-1
171,109,979,522,168,188,1,-1,-1,-1
172,44,694,659,164,196,1,-1,-1,-1
172,52,2020,506,141,145,1,-1,-1,-1
172,55,698,671,160,176,1,-1,-1,-1
172,56,440,752,192,184,1,-1,-1,-1
172,63,1343,331,72,145,1,-1,-1,-1
172,67,831,586,145,203,1,-1,-1,-1
172,68,696,704,168,156,1,-1,-1,-1
172,69,1468,543,188,216,1,-1,-1,-1
172,70,1223,632,184,176,1,-1,-1,-1
172,71,443,788,130,152,1,-1,-1,-1
172,73,1773,555,200,152,1,-1,-1,-1
172,74,2038,473,148,212,1,-1,-1,-1
172,76,1300,333,124,232,1,-1,-1,-1
172,77,846,579,204,212,1,-1,-1,-1
172,79,1454,427,67,151,1,-1,-1,-1
172,80,1559,271,141,156,1,-1,-1,-1
172,88,845,632,156,168,1,-1,-1,-1
172,92,1428,383,91,221,1,-1,-1,-1
172,93,1021,525,185,202,1,-1,-1,-1
172,95,1774,511,280,224,1,-1,-1,-1
172,96,1438,138,95,194,1,-1,-1,-1
172,97,1285,329,137,229,1,-1,-1,-1
172,99,845,677,120,120,1,-1,-1,-1
172,100,1435,410,88,197,1,-1,-1,-1
172,101,911,625,107,152,1,-1,-1,-1
172,102,1410,133,116,156,1,-1,-1,-1
172,103,1496,599,137,149,1,-1,-1,-1
172,104,1583,384,84,141,1,-1,-1,-1
172,105,994,583,164,124,1,-1,-1,-1
172,106,1494,572,212,188,1,-1,-1,-1
172,107,1095,504,145,190,1,-1,-1,-1
172,108,1398,136,128,204,1,-1,-1,-1
172,109,976,524,168,188,1,-1,-1,-1
173,44,694,660,164,196,1,-1,-1,-1
173,52,2023,505,141,145,1,-1,-1,-1
173,55,700,673,160,176,1,-1,-1,-1
173,56,440,751,192,184,1,-1,-1,-1
173,63,1341,331,72,145,1,-1,-1,-1
173,67,829,583,145,203,1,-1,-1,-1
173,68,693,697,176,164,1,-1,-1,-1
173,69,1469,544,188,216,1,-1,-1,-1
173,70,1224,631,184,176,1,-1,-1,-1
173,71,442,784,130,152,1,-1,-1,-1
173,73,1772,555,200,152,1,-1,-1,-1
173,74,2038,472,148,212,1,-1,-1,-1
173,76,1300,332,124,232,1,-1,-1,-1
173,77,845,576,204,212,1,-1,-1,-1
173,79,1451,432,64,144,1,-1,-1,-1
173,80,1555,268,141,156,1,-1,-1,-1
173,88,842,630,156,168,1,-1,-1,-1
173,92,1426,384,91,221,1,-1,-1,-1
173,93,1019,530,176,192,1,-1,-1,-1
173,95,1774,512,280,224,1,-1,-1,-1
173,96,1432,136,95,194,1,-1,-1,-1
173,97,1287,336,131,218,1,-1,-1,-1
173,99,843,677,120,120,1,-1,-1,-1
173,100,1432,410,88,197,1,-1,-1,-1
173,101,908,623,107,152,1,-1,-1,-1
173,102,1406,135,116,156,1,-1,-1,-1
173,103,1496,598,137,149,1,-1,-1,-1
173,104,1578,382,84,141,1,-1,-1,-1
173,105,989,581,164,124,1,-1,-1,-1
173,106,1492,570,212,188,1,-1,-1,-1
173,107,1092,504,145,190,1,-1,-1,-1
173,108,1391,137,128,204,1,-1,-1,-1
173,109,972,522,168,188,1,-1,-1,-1
174,44,698,667,156,187,1,-1,-1,-1
174,52,2024,507,141,145,1,-1,-1,-1
174,55,696,674,160,176,1,-1,-1,-1
174,56,443,754,183,175,1,-1,-1,-1
174,63,1341,335,69,138,1,-1,-1,-1
174,67,825,584,145,203,1,-1,-1,-1
174,68,696,703,168,156,1,-1,-1,-1
174,69,1466,540,197,227,1,-1,-1,-1
174,70,1222,633,184,176,1,-1,-1,-1
174,71,442,783,130,152,1,-1,-1,-1
174,73,1771,556,200,152,1,-1,-1,-1
174,74,2038,471,148,212,1,-1,-1,-1
174,76,1296,332,124,232,1,-1,-1,-1
174,77,844,577,204,212,1,-1,-1,-1
174,79,1447,431,64,144,1,-1,-1,-1
174,80,1556,271,134,149,1,-1,-1,-1
174,88,838,631,156,168,1,-1,-1,-1
174,92,1422,386,91,221,1,-1,-1,-1
174,93,1017,532,168,183,1,-1,-1,-1
174,95,1770,510,280,224,1,-1,-1,-1
174,96,1425,131,100,204,1,-1,-1,-1
174,97,1284,337,131,218,1,-1,-1,-1
174,99,840,676,120,120,1,-1,-1,-1
174,100,1429,410,88,197,1,-1,-1,-1
174,101,906,624,107,152,1,-1,-1,-1
174,102,1403,135,116,156,1,-1,-1,-1
174,103,1496,601,137,149,1,-1,-1,-1
174,104,1574,384,84,141,1,-1,-1,-1
174,105,985,579,164,124,1,-1,-1,-1
174,106,1491,571,212,188,1,-1,-1,-1
174,107,1092,503,145,190,1,-1,-1,-1
174,108,1387,139,128,204,1,-1,-1,-1
174,109,969,523,168,188,1,-1,-1,-1
175,44,697,666,156,187,1,-1,-1,-1
175,52,2022,506,141,145,1,-1,-1,-1
175,55,694,674,160,176,1,-1,-1,-1
175,56,442,752,183,175,1,-1,-1,-1
175,63,1337,334,69,138,1,-1,-1,-1
175,67,823,585,145,203,1,-1,-1,-1
175,68,696,703,168,156,1,-1,-1,-1
175,69,1466,540,197,227,1,-1,-1,-1
175,70,1222,633,184,176,1,-1,-1,-1
175,71,440,777,136,160,1,-1,-1,-1
175,73,1771,556,200,152,1,-1,-1,-1
175,74,2036,472,148,212,1,-1,-1,-1
175,76,1293,331,124,232,1,-1,-1,-1
175,77,837,574,204,212,1,-1,-1,-1
175,79,1443,431,64,144,1,-1,-1,-1
175,80,1551,271,134,149,1,-1,-1,-1
175,88,836,631,156,168,1,-1,-1,-1
175,92,1420,386,91,221,1,-1,-1,-1
175,93,1011,531,168,183,1,-1,-1,-1
175,95,1770,509,280,224,1,-1,-1,-1
175,96,1419,133,100,204,1,-1,-1,-1
175,97,1283,337,131,218,1,-1,-1,-1
175,99,837,675,120,120,1,-1,-1,-1
175,100,1426,410,88,197,1,-1,-1,-1
175,101,901,619,112,160,1,-1,-1,-1
175,102,1400,136,116,156,1,-1,-1,-1
175,103,1495,600,137,149,1,-1,-1,-1
175,104,1570,380,84,141,1,-1,-1,-1
175,105,977,575,172,130,1,-1,-1,-1
175,106,1484,565,223,197,1,-1,-1,-1
175,107,1089,501,145,190,1,-1,-1,-1
175,108,1384,138,128,204,1,-1,-1,-1
175,109,965,521,168,188,1,-1,-1,-1
176,44,694,666,156,187,1,-1,-1,-1
176,52,2022,505,141,145,1,-1,-1,-1
176,55,693,676,160,176,1,-1,-1,-1
176,56,441,750,183,175,1,-1,-1,-1
176,63,1336,333,69,138,1,-1,-1,-1
176,67,820,583,145,203,1,-1,-1,-1
176,68,693,701,168,156,1,-1,-1,-1
176,69,1463,539,197,227,1,-1,-1,-1
176,70,1222,633,184,176,1,-1,-1,-1
176,71,441,776,136,160,1,-1,-1,-1
176,73,1771,556,200,152,1,-1,-1,-1
176,74,2035,471,148,212,1,-1,-1,-1
176,76,1294,330,124,232,1,-1,-1,-1
176,77,835,573,204,212,1,-1,-1,-1
176,79,1438,426,64,144,1,-1,-1,-1
176,80,1545,270,134,149,1,-1,-1,-1
176,88,834,628,156,168,1,-1,-1,-1
176,92,1418,384,91,221,1,-1,-1,-1
176,93,1009,531,168,183,1,-1,-1,-1
176,95,1770,507,280,224,1,-1,-1,-1
176,96,1416,128,100,204,1,-1,-1,-1
176,97,1280,334,131,218,1,-1,-1,-1
176,99,837,675,120,120,1,-1,-1,-1
176,100,1424,407,88,197,1,-1,-1,-1
176,101,899,615,112,160,1,-1,-1,-1
176,102,1397,135,116,156,1,-1,-1,-1
176,103,1495,600,137,149,1,-1,-1,-1
176,104,1565,370,84,141,1,-1,-1,-1
176,105,977,577,164,124,1,-1,-1,-1
176,106,1489,570,212,188,1,-1,-1,-1
176,107,1084,496,152,200,1,-1,-1,-1
176,108,1385,143,122,194,1,-1,-1,-1
176,109,964,520,168,188,1,-1,-1,-1
177,44,694,666,156,187,1,-1,-1,-1
177,55,692,676,168,168,1,-1,-1,-1
177,56,428,748,188,184,1,-1,-1,-1
177,63,1336,333,69,138,1,-1,-1,-1
177,67,820,583,145,203,1,-1,-1,-1
177,68,693,701,168,156,1,-1,-1,-1
177,69,1463,539,197,227,1,-1,-1,-1
177,70,1216,632,204,176,1,-1,-1,-1
177,71,441,776,136,160,1,-1,-1,-1
177,73,1771,556,200,152,1,-1,-1,-1
177,74,2035,471,148,212,1,-1,-1,-1
177,76,1324,324,92,244,1,-1,-1,-1
177,77,835,573,204,212,1,-1,-1,-1
177,79,1438,426,64,144,1,-1,-1,-1
177,80,1545,270,134,149,1,-1,-1,-1
177,88,834,628,156,168,1,-1,-1,-1
177,92,1408,392,104,212,1,-1,-1,-1
177,93,1009,531,168,183,1,-1,-1,-1
177,95,1772,504,276,228,1,-1,-1,-1
177,96,1416,128,100,204,1,-1,-1,-1
177,97,1280,334,131,218,1,-1,-1,-1
177,99,840,716,120,80,1,-1,-1,-1
177,100,1424,407,88,197,1,-1,-1,-1
177,101,899,615,112,160,1,-1,-1,-1
177,102,1397,135,116,156,1,-1,-1,-1
177,103,1495,600,137,149,1,-1,-1,-1
177,104,1565,370,84,141,1,-1,-1,-1
177,105,977,577,164,124,1,-1,-1,-1
177,106,1492,588,212,168,1,-1,-1,-1
177,107,1092,492,156,200,1,-1,-1,-1
177,108,1385,143,122,194,1,-1,-1,-1
177,109,964,520,168,188,1,-1,-1,-1
177,110,904,620,132,128,1,-1,-1,-1
178,44,685,666,156,187,1,-1,-1,-1
178,55,688,677,168,168,1,-1,-1,-1
178,56,427,748,188,184,1,-1,-1,-1
178,63,1330,327,72,145,1,-1,-1,-1
178,67,816,585,145,203,1,-1,-1,-1
178,68,684,705,168,156,1,-1,-1,-1
178,69,1458,543,197,227,1,-1,-1,-1
178,70,1216,633,204,176,1,-1,-1,-1
178,71,443,778,136,160,1,-1,-1,-1
178,73,1768,554,200,152,1,-1,-1,-1
178,74,2038,478,141,202,1,-1,-1,-1
178,76,1323,325,92,244,1,-1,-1,-1
178,77,834,580,194,202,1,-1,-1,-1
178,79,1429,426,64,144,1,-1,-1,-1
178,80,1535,266,134,149,1,-1,-1,-1
178,88,828,630,156,168,1,-1,-1,-1
178,92,1406,394,104,212,1,-1,-1,-1
178,93,1002,534,168,183,1,-1,-1,-1
178,95,1776,511,263,217,1,-1,-1,-1
178,96,1409,129,100,204,1,-1,-1,-1
178,97,1275,332,131,218,1,-1,-1,-1
178,99,838,718,120,80,1,-1,-1,-1
178,100,1417,411,88,197,1,-1,-1,-1
178,101,891,615,112,160,1,-1,-1,-1
178,102,1389,136,116,156,1,-1,-1,-1
178,103,1492,600,137,149,1,-1,-1,-1
178,104,1554,363,88,148,1,-1,-1,-1
178,105,966,583,164,124,1,-1,-1,-1
178,106,1488,588,212,168,1,-1,-1,-1
178,107,1089,494,156,200,1,-1,-1,-1
178,108,1377,142,122,194,1,-1,-1,-1
178,109,955,524,168,188,1,-1,-1,-1
178,110,901,621,132,128,1,-1,-1,-1
179,44,682,667,156,187,1,-1,-1,-1
179,55,686,677,168,168,1,-1,-1,-1
179,56,427,748,188,184,1,-1,-1,-1
179,63,1329,324,72,145,1,-1,-1,-1
179,67,816,584,145,203,1,-1,-1,-1
179,68,679,704,168,156,1,-1,-1,-1
179,69,1454,541,197,227,1,-1,-1,-1
179,70,1215,634,204,176,1,-1,-1,-1
179,71,444,776,136,160,1,-1,-1,-1
179,73,1767,554,200,152,1,-1,-1,-1
179,74,2039,476,141,202,1,-1,-1,-1
179,76,1322,322,92,244,1,-1,-1,-1
179,77,834,580,194,202,1,-1,-1,-1
179,79,1427,425,64,144,1,-1,-1,-1
179,80,1532,266,134,149,1,-1,-1,-1
179,88,828,630,156,168,1,-1,-1,-1
179,92,1403,394,104,212,1,-1,-1,-1
179,93,998,535,168,183,1,-1,-1,-1
179,95,1778,510,263,217,1,-1,-1,-1
179,96,1404,128,100,204,1,-1,-1,-1
179,97,1275,333,131,218,1,-1,-1,-1
179,99,837,719,120,80,1,-1,-1,-1
179,100,1415,409,88,197,1,-1,-1,-1
179,101,890,619,107,152,1,-1,-1,-1
179,102,1386,136,116,156,1,-1,-1,-1
179,103,1492,598,137,149,1,-1,-1,-1
179,104,1551,363,88,148,1,-1,-1,-1
179,105,962,586,164,124,1,-1,-1,-1
179,106,1487,589,212,168,1,-1,-1,-1
179,107,1089,494,156,200,1,-1,-1,-1
179,108,1372,140,122,194,1,-1,-1,-1
179,109,952,523,168,188,1,-1,-1,-1
179,110,899,621,132,128,1,-1,-1,-1
180,44,680,668,156,187,1,-1,-1,-1
180,55,684,675,168,168,1,-1,-1,-1
180,56,426,746,188,184,1,-1,-1,-1
180,63,1329,326,69,138,1,-1,-1,-1
180,67,814,582,145,203,1,-1,-1,-1
180,68,677,705,168,156,1,-1,-1,-1
180,69,1454,538,197,227,1,-1,-1,-1
180,70,1215,633,204,176,1,-1,-1,-1
180,71,443,778,136,160,1,-1,-1,-1
180,73,1766,553,200,152,1,-1,-1,-1
180,74,2039,471,141,202,1,-1,-1,-1
180,76,1321,320,92,244,1,-1,-1,-1
180,77,829,581,194,202,1,-1,-1,-1
180,80,1532,263,128,142,1,-1,-1,-1
180,88,824,630,156,168,1,-1,-1,-1
180,92,1401,394,104,212,1,-1,-1,-1
180,93,994,541,160,174,1,-1,-1,-1
180,95,1770,503,276,228,1,-1,-1,-1
180,96,1405,132,95,194,1,-1,-1,-1
180,97,1272,331,131,218,1,-1,-1,-1
180,99,837,719,120,80,1,-1,-1,-1
180,100,1412,409,88,197,1,-1,-1,-1
180,101,888,619,107,152,1,-1,-1,-1
180,102,1383,134,116,156,1,-1,-1,-1
180,103,1491,597,137,149,1,-1,-1,-1
180,104,1548,360,88,148,1,-1,-1,-1
180,105,958,585,164,124,1,-1,-1,-1
180,106,1488,587,212,168,1,-1,-1,-1
180,107,1087,493,156,200,1,-1,-1,-1
180,108,1368,137,128,204,1,-1,-1,-1
180,109,948,523,168,188,1,-1,-1,-1
180,110,896,621,132,128,1,-1,-1,-1
181,44,677,671,156,187,1,-1,-1,-1
181,55,681,676,168,168,1,-1,-1,-1
181,56,424,750,188,184,1,-1,-1,-1
181,63,1327,324,69,138,1,-1,-1,-1
181,67,814,585,138,193,1,-1,-1,-1
181,68,677,710,160,149,1,-1,-1,-1
181,69,1460,539,197,227,1,-1,-1,-1
181,70,1214,633,204,176,1,-1,-1,-1
181,71,443,778,136,160,1,-1,-1,-1
181,73,1764,552,200,152,1,-1,-1,-1
181,74,2038,469,141,202,1,-1,-1,-1
181,76,1320,320,92,244,1,-1,-1,-1
181,77,827,584,185,192,1,-1,-1,-1
181,80,1528,266,122,135,1,-1,-1,-1
181,88,824,629,156,168,1,-1,-1,-1
181,92,1398,392,104,212,1,-1,-1,-1
181,93,994,547,152,166,1,-1,-1,-1
181,95,1774,509,263,217,1,-1,-1,-1
181,96,1399,128,100,204,1,-1,-1,-1
181,97,1266,324,137,229,1,-1,-1,-1
181,99,837,720,120,80,1,-1,-1,-1
181,100,1411,418,84,188,1,-1,-1,-1
181,101,887,615,112,160,1,-1,-1,-1
181,102,1379,132,116,156,1,-1,-1,-1
181,103,1491,598,137,149,1,-1,-1,-1
181,104,1544,358,88,148,1,-1,-1,-1
181,105,950,585,164,124,1,-1,-1,-1
181,106,1488,587,212,168,1,-1,-1,-1
181,107,1085,493,156,200,1,-1,-1,-1
181,108,1365,136,128,204,1,-1,-1,-1
181,109,941,523,168,188,1,-1,-1,-1
181,110,897,624,126,122,1,-1,-1,-1
182,44,672,668,156,187,1,-1,-1,-1
182,55,677,678,168,168,1,-1,-1,-1
182,56,424,751,188,184,1,-1,-1,-1
182,63,1325,324,69,138,1,-1,-1,-1
182,67,807,582,145,203,1,-1,-1,-1
182,68,673,712,160,149,1,-1,-1,-1
182,69,1459,541,197,227,1,-1,-1,-1
182,70,1212,633,204,176,1,-1,-1,-1
182,71,442,779,136,160,1,-1,-1,-1
182,73,1763,551,200,152,1,-1,-1,-1
182,74,2037,470,141,202,1,-1,-1,-1
182,76,1318,320,92,244,1,-1,-1,-1
182,80,1526,269,116,128,1,-1,-1,-1
182,88,823,630,156,168,1,-1,-1,-1
182,92,1395,392,104,212,1,-1,-1,-1
182,93,987,548,160,174,1,-1,-1,-1
182,95,1769,509,263,217,1,-1,-1,-1
182,96,1394,129,100,204,1,-1,-1,-1
182,97,1266,322,137,229,1,-1,-1,-1
182,99,836,721,120,80,1,-1,-1,-1
182,100,1405,417,84,188,1,-1,-1,-1
182,101,884,617,112,160,1,-1,-1,-1
182,102,1373,135,116,156,1,-1,-1,-1
182,103,1489,600,137,149,1,-1,-1,-1
182,104,1538,360,88,148,1,-1,-1,-1
182,105,947,589,156,118,1,-1,-1,-1
182,106,1486,590,212,168,1,-1,-1,-1
182,107,1082,490,156,200,1,-1,-1,-1
182,108,1360,136,128,204,1,-1,-1,-1
182,109,937,525,168,188,1,-1,-1,-1
182,110,891,626,126,122,1,-1,-1,-1
183,44,670,667,156,187,1,-1,-1,-1
183,55,669,673,176,176,1,-1,-1,-1
183,56,423,749,188,184,1,-1,-1,-1
183,63,1323,321,69,138,1,-1,-1,-1
183,67,801,581,145,203,1,-1,-1,-1
183,68,666,706,168,156,1,-1,-1,-1
183,69,1468,547,188,216,1,-1,-1,-1
183,70,1216,635,194,168,1,-1,-1,-1
183,71,441,778,136,160,1,-1,-1,-1
183,73,1763,549,200,152,1,-1,-1,-1
183,74,2035,464,141,202,1,-1,-1,-1
183,76,1317,319,92,244,1,-1,-1,-1
183,80,1521,268,116,128,1,-1,-1,-1
183,88,825,634,149,160,1,-1,-1,-1
183,92,1390,392,104,212,1,-1,-1,-1
183,93,976,545,160,174,1,-1,-1,-1
183,95,1770,511,263,217,1,-1,-1,-1
183,96,1389,131,100,204,1,-1,-1,-1
183,97,1269,330,131,218,1,-1,-1,-1
183,99,836,720,120,80,1,-1,-1,-1
183,100,1400,413,84,188,1,-1,-1,-1
183,101,883,616,112,160,1,-1,-1,-1
183,102,1369,134,116,156,1,-1,-1,-1
183,103,1490,600,137,149,1,-1,-1,-1
183,104,1533,356,88,148,1,-1,-1,-1
183,105,943,589,156,118,1,-1,-1,-1
183,106,1487,588,212,168,1,-1,-1,-1
183,107,1085,496,149,190,1,-1,-1,-1
183,108,1355,138,128,204,1,-1,-1,-1
183,109,931,525,168,188,1,-1,-1,-1
183,110,889,625,126,122,1,-1,-1,-1
184,44,668,668,156,187,1,-1,-1,-1
184,55,667,671,176,176,1,-1,-1,-1
184,56,428,754,179,175,1,-1,-1,-1
184,63,1323,321,69,138,1,-1,-1,-1
184,67,788,575,152,213,1,-1,-1,-1
184,68,663,707,168,156,1,-1,-1,-1
184,69,1468,543,188,216,1,-1,-1,-1
184,70,1216,632,194,168,1,-1,-1,-1
184,71,442,778,136,160,1,-1,-1,-1
184,73,1762,548,200,152,1,-1,-1,-1
184,74,2034,461,141,202,1,-1,-1,-1
184,76,1315,320,92,244,1,-1,-1,-1
184,80,1521,270,110,122,1,-1,-1,-1
184,88,824,634,149,160,1,-1,-1,-1
184,92,1385,388,109,223,1,-1,-1,-1
184,93,970,544,160,174,1,-1,-1,-1
184,95,1768,509,263,217,1,-1,-1,-1
184,96,1386,129,100,204,1,-1,-1,-1
184,97,1269,332,124,207,1,-1,-1,-1
184,99,837,719,120,80,1,-1,-1,-1
184,100,1396,409,88,197,1,-1,-1,-1
184,101,882,616,112,160,1,-1,-1,-1
184,102,1364,134,116,156,1,-1,-1,-1
184,103,1489,598,137,149,1,-1,-1,-1
184,104,1530,358,88,148,1,-1,-1,-1
184,105,935,590,156,118,1,-1,-1,-1
184,106,1486,588,212,168,1,-1,-1,-1
184,107,1083,494,149,190,1,-1,-1,-1
184,108,1352,134,128,204,1,-1,-1,-1
184,109,933,529,160,179,1,-1,-1,-1
184,110,885,625,126,122,1,-1,-1,-1
185,44,668,676,148,176,1,-1,-1,-1
185,55,667,671,176,176,1,-1,-1,-1
185,56,448,752,148,180,1,-1,-1,-1
185,67,788,575,152,213,1,-1,-1,-1
185,68,663,707,168,156,1,-1,-1,-1
185,69,1468,543,188,216,1,-1,-1,-1
185,70,1216,636,204,172,1,-1,-1,-1
185,71,442,778,136,160,1,-1,-1,-1
185,73,1762,548,200,152,1,-1,-1,-1
185,74,2034,461,141,202,1,-1,-1,-1
185,76,1320,312,84,260,1,-1,-1,-1
185,80,1521,270,110,122,1,-1,-1,-1
185,88,824,634,149,160,1,-1,-1,-1
185,92,1385,388,109,223,1,-1,-1,-1
185,93,970,544,160,174,1,-1,-1,-1
185,95,1768,516,260,220,1,-1,-1,-1
185,96,1386,129,100,204,1,-1,-1,-1
185,97,1269,332,124,207,1,-1,-1,-1
185,99,837,719,120,80,1,-1,-1,-1
185,100,1396,400,88,200,1,-1,-1,-1
185,101,882,616,112,160,1,-1,-1,-1
185,102,1364,134,116,156,1,-1,-1,-1
185,103,1489,598,137,149,1,-1,-1,-1
185,104,1530,358,88,148,1,-1,-1,-1
185,105,935,590,156,118,1,-1,-1,-1
185,106,1488,592,228,160,1,-1,-1,-1
185,107,1083,494,149,190,1,-1,-1,-1
185,108,1348,140,124,200,1,-1,-1,-1
185,109,933,529,160,179,1,-1,-1,-1
185,110,885,625,126,122,1,-1,-1,-1
185,111,1076,472,136,188,1,-1,-1,-1
185,112,1512,280,100,216,1,-1,-1,-1
185,113,1472,488,136,156,1,-1,-1,-1
185,114,840,692,96,104,1,-1,-1,-1
185,115,444,840,132,88,1,-1,-1,-1
185,116,1256,416,96,164,1,-1,-1,-1
186,44,665,677,148,176,1,-1,-1,-1
186,55,658,667,185,185,1,-1,-1,-1
186,56,448,751,148,180,1,-1,-1,-1
186,67,768,580,152,213,1,-1,-1,-1
186,68,658,706,168,156,1,-1,-1,-1
186,69,1471,542,188,216,1,-1,-1,-1
186,70,1215,635,204,172,1,-1,-1,-1
186,71,445,783,130,152,1,-1,-1,-1
186,73,1765,546,200,152,1,-1,-1,-1
186,74,2041,462,134,192,1,-1,-1,-1
186,76,1319,312,84,260,1,-1,-1,-1
186,80,1511,276,110,122,1,-1,-1,-1
186,88,822,634,149,160,1,-1,-1,-1
186,92,1378,383,115,234,1,-1,-1,-1
186,93,951,541,160,174,1,-1,-1,-1
186,95,1768,516,260,220,1,-1,-1,-1
186,96,1377,130,100,204,1,-1,-1,-1
186,97,1266,334,124,207,1,-1,-1,-1
186,99,835,717,120,80,1,-1,-1,-1
186,100,1394,402,88,200,1,-1,-1,-1
186,101,880,622,107,152,1,-1,-1,-1
186,102,1356,137,110,149,1,-1,-1,-1
186,103,1489,598,137,149,1,-1,-1,-1
186,104,1521,355,88,148,1,-1,-1,-1
186,105,925,593,149,112,1,-1,-1,-1
186,106,1485,593,228,160,1,-1,-1,-1
186,107,1079,493,149,190,1,-1,-1,-1
186,108,1344,139,124,200,1,-1,-1,-1
186,109,916,531,160,179,1,-1,-1,-1
186,110,879,629,120,116,1,-1,-1,-1
186,111,1074,471,136,188,1,-1,-1,-1
186,112,1509,279,100,216,1,-1,-1,-1
186,113,1469,488,136,156,1,-1,-1,-1
186,114,838,691,96,104,1,-1,-1,-1
186,115,444,840,132,88,1,-1,-1,-1
186,116,1253,415,96,164,1,-1,-1,-1
187,44,662,676,148,176,1,-1,-1,-1
187,55,654,666,185,185,1,-1,-1,-1
187,56,447,751,148,180,1,-1,-1,-1
187,67,756,588,152,213,1,-1,-1,-1
187,68,655,705,168,156,1,-1,-1,-1
187,69,1472,536,188,216,1,-1,-1,-1
187,70,1215,635,204,172,1,-1,-1,-1
187,71,445,782,130,152,1,-1,-1,-1
187,73,1764,544,200,152,1,-1,-1,-1
187,74,2036,458,134,192,1,-1,-1,-1
187,76,1319,309,84,260,1,-1,-1,-1
187,80,1505,272,110,122,1,-1,-1,-1
187,88,824,637,141,152,1,-1,-1,-1
187,92,1370,382,115,234,1,-1,-1,-1
187,95,1767,514,260,220,1,-1,-1,-1
187,96,1370,129,100,204,1,-1,-1,-1
187,97,1260,329,131,218,1,-1,-1,-1
187,99,833,716,120,80,1,-1,-1,-1
187,100,1391,402,88,200,1,-1,-1,-1
187,101,877,625,107,152,1,-1,-1,-1
187,102,1349,139,110,149,1,-1,-1,-1
187,103,1486,597,137,149,1,-1,-1,-1
187,104,1520,356,84,141,1,-1,-1,-1
187,105,917,594,149,112,1,-1,-1,-1
187,106,1483,594,228,160,1,-1,-1,-1
187,107,1077,494,149,190,1,-1,-1,-1
187,108,1341,139,124,200,1,-1,-1,-1
187,109,910,533,160,179,1,-1,-1,-1
187,110,873,629,120,116,1,-1,-1,-1
187,111,1072,473,136,188,1,-1,-1,-1
187,112,1504,274,105,227,1,-1,-1,-1
187,113,1466,489,136,156,1,-1,-1,-1
187,114,836,691,96,104,1,-1,-1,-1
187,115,445,840,132,88,1,-1,-1,-1
187,116,1249,417,96,164,1,-1,-1,-1
188,44,659,675,148,176,1,-1,-1,-1
188,55,652,669,185,185,1,-1,-1,-1
188,56,449,751,148,180,1,-1,-1,-1
188,67,746,585,160,224,1,-1,-1,-1
188,68,652,703,168,156,1,-1,-1,-1
188,70,1213,635,204,172,1,-1,-1,-1
188,71,446,783,130,152,1,-1,-1,-1
188,73,1766,543,200,152,1,-1,-1,-1
188,74,2036,455,134,192,1,-1,-1,-1
188,76,1316,307,84,260,1,-1,-1,-1
188,80,1502,272,110,122,1,-1,-1,-1
188,88,820,637,141,152,1,-1,-1,-1
188,92,1369,388,109,223,1,-1,-1,-1
188,95,1765,512,260,220,1,-1,-1,-1
188,96,1363,130,100,204,1,-1,-1,-1
188,97,1252,322,137,229,1,-1,-1,-1
188,99,833,717,114,76,1,-1,-1,-1
188,100,1387,403,88,200,1,-1,-1,-1
188,101,872,623,107,152,1,-1,-1,-1
188,102,1344,138,110,149,1,-1,-1,-1
188,103,1485,597,137,149,1,-1,-1,-1
188,104,1514,356,84,141,1,-1,-1,-1
188,105,916,596,142,107,1,-1,-1,-1
188,106,1480,593,228,160,1,-1,-1,-1
188,107,1077,494,149,190,1,-1,-1,-1
188,108,1336,139,124,200,1,-1,-1,-1
188,109,905,529,160,179,1,-1,-1,-1
188,110,868,629,120,116,1,-1,-1,-1
188,111,1069,473,136,188,1,-1,-1,-1
188,112,1502,279,100,216,1,-1,-1,-1
188,113,1466,492,130,149,1,-1,-1,-1
188,114,833,690,96,104,1,-1,-1,-1
188,115,445,840,132,88,1,-1,-1,-1
188,116,1245,415,96,164,1,-1,-1,-1
189,44,657,675,148,176,1,-1,-1,-1
189,55,650,669,185,185,1,-1,-1,-1
189,56,450,753,148,180,1,-1,-1,-1
189,67,743,590,152,213,1,-1,-1,-1
189,68,647,704,168,156,1,-1,-1,-1
189,70,1212,634,204,172,1,-1,-1,-1
189,71,450,784,130,152,1,-1,-1,-1
189,73,1773,547,190,145,1,-1,-1,-1
189,74,2037,454,134,192,1,-1,-1,-1
189,76,1315,307,84,260,1,-1,-1,-1
189,80,1498,273,110,122,1,-1,-1,-1
189,88,825,643,135,145,1,-1,-1,-1
189,92,1367,395,104,212,1,-1,-1,-1
189,95,1764,515,260,220,1,-1,-1,-1
189,96,1363,133,100,204,1,-1,-1,-1
189,97,1256,328,131,218,1,-1,-1,-1
189,99,830,717,114,76,1,-1,-1,-1
189,100,1383,403,88,200,1,-1,-1,-1
189,101,868,625,107,152,1,-1,-1,-1
189,102,1335,137,110,149,1,-1,-1,-1
189,103,1484,595,137,149,1,-1,-1,-1
189,104,1510,357,84,141,1,-1,-1,-1
189,105,909,598,142,107,1,-1,-1,-1
189,106,1480,593,228,160,1,-1,-1,-1
189,107,1079,499,141,181,1,-1,-1,-1
189,108,1331,142,124,200,1,-1,-1,-1
189,109,902,536,152,171,1,-1,-1,-1
189,110,865,631,120,116,1,-1,-1,-1
189,111,1066,474,136,188,1,-1,-1,-1
189,112,1498,280,100,216,1,-1,-1,-1
189,113,1464,493,130,149,1,-1,-1,-1
189,114,830,691,96,104,1,-1,-1,-1
189,115,449,841,132,88,1,-1,-1,-1
189,116,1241,415,96,164,1,-1,-1,-1
190,44,655,675,148,176,1,-1,-1,-1
190,55,648,670,185,185,1,-1,-1,-1
190,56,456,757,141,171,1,-1,-1,-1
190,67,741,589,152,213,1,-1,-1,-1
190,68,646,704,168,156,1,-1,-1,-1
190,70,1211,633,204,172,1,-1,-1,-1
190,71,452,786,130,152,1,-1,-1,-1
190,73,1774,544,190,145,1,-1,-1,-1
190,74,2037,453,134,192,1,-1,-1,-1
190,76,1316,318,80,248,1,-1,-1,-1
190,80,1492,272,110,122,1,-1,-1,-1
190,88,823,642,135,145,1,-1,-1,-1
190,92,1365,398,104,212,1,-1,-1,-1
190,95,1761,520,260,220,1,-1,-1,-1
190,96,1357,135,100,204,1,-1,-1,-1
190,97,1253,326,131,218,1,-1,-1,-1
190,99,828,717,114,76,1,-1,-1,-1
190,100,1381,404,88,200,1,-1,-1,-1
190,101,870,629,102,145,1,-1,-1,-1
190,102,1330,142,110,149,1,-1,-1,-1
190,103,1485,596,137,149,1,-1,-1,-1
190,104,1507,360,84,141,1,-1,-1,-1
190,105,909,603,135,102,1,-1,-1,-1
190,106,1484,597,217,152,1,-1,-1,-1
190,107,1078,500,141,181,1,-1,-1,-1
190,108,1326,139,130,210,1,-1,-1,-1
190,109,900,536,152,171,1,-1,-1,-1
190,110,861,632,120,116,1,-1,-1,-1
190,111,1065,476,136,188,1,-1,-1,-1
190,112,1495,282,100,216,1,-1,-1,-1
190,113,1461,493,130,149,1,-1,-1,-1
190,114,828,692,96,104,1,-1,-1,-1
190,115,453,842,132,88,1,-1,-1,-1
190,116,1240,416,96,164,1,-1,-1,-1
191,44,650,673,155,185,1,-1,-1,-1
191,55,647,671,185,185,1,-1,-1,-1
191,56,456,760,141,171,1,-1,-1,-1
191,68,642,700,176,164,1,-1,-1,-1
191,70,1209,633,204,172,1,-1,-1,-1
191,71,456,788,130,152,1,-1,-1,-1
191,73,1778,549,181,138,1,-1,-1,-1
191,74,2036,453,134,192,1,-1,-1,-1
191,76,1312,317,80,248,1,-1,-1,-1
191,80,1481,271,116,128,1,-1,-1,-1
191,88,822,641,135,145,1,-1,-1,-1
191,92,1361,399,104,212,1,-1,-1,-1
191,95,1761,519,260,220,1,-1,-1,-1
191,97,1251,321,137,229,1,-1,-1,-1
191,99,826,717,114,76,1,-1,-1,-1
191,100,1378,406,88,200,1,-1,-1,-1
191,101,867,629,102,145,1,-1,-1,-1
191,102,1324,144,110,149,1,-1,-1,-1
191,103,1484,597,137,149,1,-1,-1,-1
191,104,1503,363,84,141,1,-1,-1,-1
191,106,1483,597,217,152,1,-1,-1,-1
191,107,1075,501,141,181,1,-1,-1,-1
191,108,1324,140,130,210,1,-1,-1,-1
191,109,903,536,152,171,1,-1,-1,-1
191,110,862,634,114,111,1,-1,-1,-1
191,111,1063,477,136,188,1,-1,-1,-1
191,112,1491,281,100,216,1,-1,-1,-1
191,113,1459,494,130,149,1,-1,-1,-1
191,114,827,691,96,104,1,-1,-1,-1
191,115,457,843,132,88,1,-1,-1,-1
191,116,1237,417,96,164,1,-1,-1,-1
192,44,648,672,155,185,1,-1,-1,-1
192,55,645,672,185,185,1,-1,-1,-1
192,56,461,764,134,163,1,-1,-1,-1
192,68,645,704,168,156,1,-1,-1,-1
192,70,1211,636,204,172,1,-1,-1,-1
192,71,455,790,130,152,1,-1,-1,-1
192,73,1782,554,172,132,1,-1,-1,-1
192,74,2038,455,134,192,1,-1,-1,-1
192,76,1309,309,84,260,1,-1,-1,-1
192,80,1470,267,122,135,1,-1,-1,-1
192,88,822,643,135,145,1,-1,-1,-1
192,92,1360,400,104,212,1,-1,-1,-1
192,95,1759,522,260,220,1,-1,-1,-1
192,97,1249,321,137,229,1,-1,-1,-1
192,99,825,718,114,76,1,-1,-1,-1
192,100,1375,406,88,200,1,-1,-1,-1
192,101,867,633,97,138,1,-1,-1,-1
192,102,1320,146,110,149,1,-1,-1,-1
192,103,1484,598,137,149,1,-1,-1,-1
192,104,1501,363,84,141,1,-1,-1,-1
192,106,1478,596,228,160,1,-1,-1,-1
192,107,1074,502,141,181,1,-1,-1,-1
192,108,1320,139,130,210,1,-1,-1,-1
192,109,898,535,152,171,1,-1,-1,-1
192,110,858,634,114,111,1,-1,-1,-1
192,111,1063,480,136,188,1,-1,-1,-1
192,112,1490,286,95,206,1,-1,-1,-1
192,113,1458,493,130,149,1,-1,-1,-1
192,114,825,693,96,104,1,-1,-1,-1
192,115,459,845,132,88,1,-1,-1,-1
192,116,1232,412,101,172,1,-1,-1,-1
193,44,648,680,140,176,1,-1,-1,-1
193,55,645,672,185,185,1,-1,-1,-1
193,56,461,764,134,163,1,-1,-1,-1
193,68,645,704,168,156,1,-1,-1,-1
193,70,1212,612,192,196,1,-1,-1,-1
193,71,444,768,152,176,1,-1,-1,-1
193,73,1782,554,172,132,1,-1,-1,-1
193,74,2038,455,134,192,1,-1,-1,-1
193,76,1300,312,100,276,1,-1,-1,-1
193,80,1470,267,122,135,1,-1,-1,-1
193,88,822,643,135,145,1,-1,-1,-1
193,92,1360,400,104,212,1,-1,-1,-1
193,95,1772,504,256,236,1,-1,-1,-1
193,97,1216,408,96,180,1,-1,-1,-1
193,99,825,718,114,76,1,-1,-1,-1
193,100,1375,406,88,200,1,-1,-1,-1
193,101,867,633,97,138,1,-1,-1,-1
193,102,1320,146,110,149,1,-1,-1,-1
193,103,1484,598,137,149,1,-1,-1,-1
193,104,1501,363,84,141,1,-1,-1,-1
193,106,1488,572,228,184,1,-1,-1,-1
193,107,1074,502,141,181,1,-1,-1,-1
193,108,1324,156,96,200,1,-1,-1,-1
193,109,898,535,152,171,1,-1,-1,-1
193,110,858,634,114,111,1,-1,-1,-1
193,111,1060,484,136,192,1,-1,-1,-1
193,112,1472,268,112,228,1,-1,-1,-1
193,113,1476,480,92,224,1,-1,-1,-1
193,114,825,693,96,104,1,-1,-1,-1
193,115,459,845,132,88,1,-1,-1,-1
193,116,1232,412,101,172,1,-1,-1,-1
193,117,796,576,120,228,1,-1,-1,-1
193,118,924,532,160,184,1,-1,-1,-1
194,44,646,681,140,176,1,-1,-1,-1
194,55,637,676,185,185,1,-1,-1,-1
194,56,460,767,134,163,1,-1,-1,-1
194,68,640,709,160,149,1,-1,-1,-1
194,70,1210,613,192,196,1,-1,-1,-1
194,71,444,769,152,176,1,-1,-1,-1
194,73,1780,559,172,132,1,-1,-1,-1
194,74,2040,459,128,183,1,-1,-1,-1
194,76,1303,317,95,263,1,-1,-1,-1
194,80,1457,273,116,128,1,-1,-1,-1
194,88,816,643,135,145,1,-1,-1,-1
194,92,1346,398,109,223,1,-1,-1,-1
194,95,1772,504,256,236,1,-1,-1,-1
194,97,1215,407,96,180,1,-1,-1,-1
194,99,819,718,120,80,1,-1,-1,-1
194,100,1364,411,88,200,1,-1,-1,-1
194,101,864,641,97,138,1,-1,-1,-1
194,102,1307,145,110,149,1,-1,-1,-1
194,103,1484,600,137,149,1,-1,-1,-1
194,104,1493,369,80,134,1,-1,-1,-1
194,106,1489,574,228,184,1,-1,-1,-1
194,107,1071,505,141,181,1,-1,-1,-1
194,108,1322,157,96,200,1,-1,-1,-1
194,109,904,540,152,171,1,-1,-1,-1
194,110,851,641,109,105,1,-1,-1,-1
194,111,1059,485,136,192,1,-1,-1,-1
194,112,1468,269,112,228,1,-1,-1,-1
194,113,1475,480,92,224,1,-1,-1,-1
194,114,819,696,96,104,1,-1,-1,-1
194,115,457,847,132,88,1,-1,-1,-1
194,116,1227,416,101,172,1,-1,-1,-1
194,117,794,577,120,228,1,-1,-1,-1
194,118,921,534,160,184,1,-1,-1,-1
195,44,644,683,140,176,1,-1,-1,-1
195,55,634,679,185,185,1,-1,-1,-1
195,56,459,769,134,163,1,-1,-1,-1
195,68,638,711,160,149,1,-1,-1,-1
195,70,1208,615,192,196,1,-1,-1,-1
195,71,443,771,152,176,1,-1,-1,-1
195,73,1778,562,172,132,1,-1,-1,-1
195,74,2040,467,122,174,1,-1,-1,-1
195,76,1302,314,95,263,1,-1,-1,-1
195,80,1451,277,116,128,1,-1,-1,-1
195,88,813,645,135,145,1,-1,-1,-1
195,92,1341,401,109,223,1,-1,-1,-1
195,95,1777,513,244,225,1,-1,-1,-1
195,97,1213,412,96,180,1,-1,-1,-1
195,99,814,721,120,80,1,-1,-1,-1
195,100,1360,412,88,200,1,-1,-1,-1
195,102,1302,147,110,149,1,-1,-1,-1
195,103,1483,603,137,149,1,-1,-1,-1
195,104,1486,372,80,134,1,-1,-1,-1
195,106,1487,575,228,184,1,-1,-1,-1
195,107,1069,506,141,181,1,-1,-1,-1
195,108,1317,159,96,200,1,-1,-1,-1
195,109,904,544,152,171,1,-1,-1,-1
195,110,849,645,109,105,1,-1,-1,-1
195,111,1056,487,136,192,1,-1,-1,-1
195,112,1465,269,112,228,1,-1,-1,-1
195,113,1473,481,92,224,1,-1,-1,-1
195,114,816,697,96,104,1,-1,-1,-1
195,115,455,849,132,88,1,-1,-1,-1
195,116,1224,417,101,172,1,-1,-1,-1
195,117,791,577,120,228,1,-1,-1,-1
195,118,918,536,160,184,1,-1,-1,-1
196,44,640,686,140,176,1,-1,-1,-1
196,55,631,683,185,185,1,-1,-1,-1
196,56,459,769,134,163,1,-1,-1,-1
196,68,636,714,160,149,1,-1,-1,-1
196,70,1208,617,192,196,1,-1,-1,-1
196,71,442,773,152,176,1,-1,-1,-1
196,73,1778,566,172,132,1,-1,-1,-1
196,74,2039,467,122,174,1,-1,-1,-1
196,76,1298,312,100,276,1,-1,-1,-1
196,92,1337,401,109,223,1,-1,-1,-1
196,95,1774,516,244,225,1,-1,-1,-1
196,97,1211,413,96,180,1,-1,-1,-1
196,99,811,724,120,80,1,-1,-1,-1
196,100,1359,413,88,200,1,-1,-1,-1
196,102,1298,149,110,149,1,-1,-1,-1
196,103,1482,604,137,149,1,-1,-1,-1
196,104,1483,371,80,134,1,-1,-1,-1
196,106,1485,578,228,184,1,-1,-1,-1
196,107,1067,505,141,181,1,-1,-1,-1
196,108,1313,160,96,200,1,-1,-1,-1
196,110,849,648,103,100,1,-1,-1,-1
196,111,1054,487,136,192,1,-1,-1,-1
196,112,1461,268,112,228,1,-1,-1,-1
196,113,1470,483,92,224,1,-1,-1,-1
196,114,813,700,96,104,1,-1,-1,-1
196,115,455,850,132,88,1,-1,-1,-1
196,116,1223,421,96,164,1,-1,-1,-1
196,117,789,577,120,228,1,-1,-1,-1
196,118,914,537,160,184,1,-1,-1,-1
197,44,637,692,140,176,1,-1,-1,-1
197,55,630,687,185,185,1,-1,-1,-1
197,56,459,775,134,163,1,-1,-1,-1
197,68,633,719,160,149,1,-1,-1,-1
197,70,1207,622,192,196,1,-1,-1,-1
197,71,442,776,152,176,1,-1,-1,-1
197,73,1780,573,164,125,1,-1,-1,-1
197,74,2039,473,122,174,1,-1,-1,-1
197,76,1295,313,100,276,1,-1,-1,-1
197,92,1329,396,115,234,1,-1,-1,-1
197,95,1772,517,244,225,1,-1,-1,-1
197,97,1205,411,101,189,1,-1,-1,-1
197,99,809,730,114,76,1,-1,-1,-1
197,100,1353,416,88,200,1,-1,-1,-1
197,102,1292,149,110,149,1,-1,-1,-1
197,103,1480,607,137,149,1,-1,-1,-1
197,104,1476,370,80,134,1,-1,-1,-1
197,106,1485,582,228,184,1,-1,-1,-1
197,107,1061,503,149,190,1,-1,-1,-1
197,108,1309,163,96,200,1,-1,-1,-1
197,110,845,652,103,100,1,-1,-1,-1
197,111,1051,490,136,192,1,-1,-1,-1
197,112,1454,271,112,228,1,-1,-1,-1
197,113,1467,485,92,224,1,-1,-1,-1
197,114,808,704,96,104,1,-1,-1,-1
197,115,453,854,132,88,1,-1,-1,-1
197,116,1221,421,101,172,1,-1,-1,-1
197,117,785,581,120,228,1,-1,-1,-1
197,118,910,541,160,184,1,-1,-1,-1
198,44,638,701,133,168,1,-1,-1,-1
198,55,626,693,185,185,1,-1,-1,-1
198,56,460,779,134,163,1,-1,-1,-1
198,68,632,727,160,149,1,-1,-1,-1
198,70,1206,626,192,196,1,-1,-1,-1
198,71,442,782,152,176,1,-1,-1,-1
198,73,1779,577,164,125,1,-1,-1,-1
198,74,2038,474,122,174,1,-1,-1,-1
198,76,1288,310,105,290,1,-1,-1,-1
198,92,1323,401,115,234,1,-1,-1,-1
198,95,1768,523,244,225,1,-1,-1,-1
198,97,1202,416,101,189,1,-1,-1,-1
198,99,804,734,120,80,1,-1,-1,-1
198,100,1348,423,88,200,1,-1,-1,-1
198,102,1286,151,110,149,1,-1,-1,-1
198,103,1478,611,137,149,1,-1,-1,-1
198,104,1471,374,80,134,1,-1,-1,-1
198,106,1482,587,228,184,1,-1,-1,-1
198,107,1062,514,141,181,1,-1,-1,-1
198,108,1309,170,91,190,1,-1,-1,-1
198,110,842,655,103,100,1,-1,-1,-1
198,111,1047,494,136,192,1,-1,-1,-1
198,112,1450,269,118,239,1,-1,-1,-1
198,113,1462,482,97,235,1,-1,-1,-1
198,114,805,710,96,104,1,-1,-1,-1
198,115,452,858,132,88,1,-1,-1,-1
198,116,1219,427,101,172,1,-1,-1,-1
198,117,781,583,120,228,1,-1,-1,-1
198,118,906,546,160,184,1,-1,-1,-1
199,44,636,709,133,168,1,-1,-1,-1
199,55,626,700,185,185,1,-1,-1,-1
199,56,461,789,134,163,1,-1,-1,-1
199,68,632,735,160,149,1,-1,-1,-1
199,70,1206,631,192,196,1,-1,-1,-1
199,71,442,790,152,176,1,-1,-1,-1
199,73,1780,583,164,125,1,-1,-1,-1
199,74,2041,477,122,174,1,-1,-1,-1
199,76,1285,328,100,276,1,-1,-1,-1
199,92,1318,409,115,234,1,-1,-1,-1
199,95,1769,529,244,225,1,-1,-1,-1
199,97,1199,424,101,189,1,-1,-1,-1
199,99,800,741,120,80,1,-1,-1,-1
199,100,1345,428,88,200,1,-1,-1,-1
199,102,1283,158,110,149,1,-1,-1,-1
199,103,1474,614,144,156,1,-1,-1,-1
199,104,1467,380,80,134,1,-1,-1,-1
199,106,1480,593,228,184,1,-1,-1,-1
199,107,1062,520,141,181,1,-1,-1,-1
199,108,1308,180,87,181,1,-1,-1,-1
199,111,1047,501,136,192,1,-1,-1,-1
199,112,1450,282,112,228,1,-1,-1,-1
199,113,1461,493,92,224,1,-1,-1,-1
199,114,802,716,96,104,1,-1,-1,-1
199,115,451,866,132,88,1,-1,-1,-1
199,116,1214,426,106,181,1,-1,-1,-1
199,117,778,589,120,228,1,-1,-1,-1
199,118,905,555,160,184,1,-1,-1,-1
200,44,639,716,133,168,1,-1,-1,-1
200,55,634,711,176,176,1,-1,-1,-1
200,56,465,797,134,163,1,-1,-1,-1
200,68,639,744,152,141,1,-1,-1,-1
200,70,1207,638,192,196,1,-1,-1,-1
200,71,444,796,152,176,1,-1,-1,-1
200,73,1779,587,164,125,1,-1,-1,-1
200,74,2044,485,122,174,1,-1,-1,-1
200,76,1286,336,95,263,1,-1,-1,-1
200,92,1321,421,109,223,1,-1,-1,-1
200,95,1769,535,244,225,1,-1,-1,-1
200,97,1198,431,101,189,1,-1,-1,-1
200,99,799,747,120,80,1,-1,-1,-1
200,100,1341,434,88,200,1,-1,-1,-1
200,102,1283,166,110,149,1,-1,-1,-1
200,103,1473,620,144,156,1,-1,-1,-1
200,104,1464,385,80,134,1,-1,-1,-1
200,106,1478,598,228,184,1,-1,-1,-1
200,107,1062,523,141,181,1,-1,-1,-1
200,108,1307,189,87,181,1,-1,-1,-1
200,111,1046,505,136,192,1,-1,-1,-1
200,112,1444,279,118,239,1,-1,-1,-1
200,113,1462,505,88,213,1,-1,-1,-1
200,114,800,722,96,104,1,-1,-1,-1
200,115,452,870,132,88,1,-1,-1,-1
200,116,1213,441,101,172,1,-1,-1,-1
200,117,776,594,120,228,1,-1,-1,-1
200,118,903,561,160,184,1,-1,-1,-1
201,44,639,716,133,168,1,-1,-1,-1
201,55,640,688,172,200,1,-1,-1,-1
201,56,465,797,134,163,1,-1,-1,-1
201,68,639,744,152,141,1,-1,-1,-1
201,70,1208,648,188,196,1,-1,-1,-1
201,71,444,800,160,168,1,-1,-1,-1
201,73,1779,587,164,125,1,-1,-1,-1
201,74,2044,485,122,174,1,-1,-1,-1
201,76,1286,336,95,263,1,-1,-1,-1
201,92,1321,421,109,223,1,-1,-1,-1
201,95,1788,532,180,236,1,-1,-1,-1
201,97,1198,431,101,189,1,-1,-1,-1
201,99,799,747,120,80,1,-1,-1,-1
201,100,1341,434,88,200,1,-1,-1,-1
201,102,1283,166,110,149,1,-1,-1,-1
201,103,1473,620,144,156,1,-1,-1,-1
201,104,1464,385,80,134,1,-1,-1,-1
201,106,1480,604,236,192,1,-1,-1,-1
201,107,1062,523,141,181,1,-1,-1,-1
201,108,1307,189,87,181,1,-1,-1,-1
201,111,1044,504,140,212,1,-1,-1,-1
201,112,1444,279,118,239,1,-1,-1,-1
201,113,1440,492,112,268,1,-1,-1,-1
201,114,800,722,96,104,1,-1,-1,-1
201,115,452,870,132,88,1,-1,-1,-1
201,116,1213,441,101,172,1,-1,-1,-1
201,117,776,594,120,228,1,-1,-1,-1
201,118,912,560,144,188,1,-1,-1,-1
201,119,1280,180,100,164,1,-1,-1,-1
201,120,1824,148,192,192,1,-1,-1,-1
202,44,641,721,133,168,1,-1,-1,-1
202,55,638,691,172,200,1,-1,-1,-1
202,56,467,807,134,163,1,-1,-1,-1
202,68,640,748,152,141,1,-1,-1,-1
202,70,1206,652,188,196,1,-1,-1,-1
202,71,444,803,160,168,1,-1,-1,-1
202,73,1784,594,156,119,1,-1,-1,-1
202,74,2046,490,116,166,1,-1,-1,-1
202,76,1286,341,95,263,1,-1,-1,-1
202,92,1316,426,109,223,1,-1,-1,-1
202,95,1789,535,180,236,1,-1,-1,-1
202,97,1190,432,106,198,1,-1,-1,-1
202,99,791,756,120,80,1,-1,-1,-1
202,100,1340,453,88,200,1,-1,-1,-1
202,102,1275,174,105,141,1,-1,-1,-1
202,103,1470,629,144,156,1,-1,-1,-1
202,104,1458,394,80,134,1,-1,-1,-1
202,106,1479,608,236,192,1,-1,-1,-1
202,107,1058,527,149,190,1,-1,-1,-1
202,108,1301,191,91,190,1,-1,-1,-1
202,111,1044,509,140,212,1,-1,-1,-1
202,112,1442,292,112,228,1,-1,-1,-1
202,113,1442,500,107,255,1,-1,-1,-1
202,114,794,731,96,104,1,-1,-1,-1
202,115,449,878,132,88,1,-1,-1,-1
202,116,1210,444,101,172,1,-1,-1,-1
202,117,771,600,120,228,1,-1,-1,-1
202,118,911,562,144,188,1,-1,-1,-1
202,119,1278,183,100,164,1,-1,-1,-1
202,120,1820,152,192,192,1,-1,-1,-1
203,44,642,723,133,168,1,-1,-1,-1
203,55,642,700,164,190,1,-1,-1,-1
203,56,468,812,134,163,1,-1,-1,-1
203,68,645,752,152,141,1,-1,-1,-1
203,70,1208,657,188,196,1,-1,-1,-1
203,71,446,809,160,168,1,-1,-1,-1
203,73,1785,598,156,119,1,-1,-1,-1
203,74,2049,500,110,158,1,-1,-1,-1
203,76,1283,343,95,263,1,-1,-1,-1
203,92,1310,424,115,234,1,-1,-1,-1
203,95,1791,539,180,236,1,-1,-1,-1
203,97,1189,434,106,198,1,-1,-1,-1
203,99,789,760,120,80,1,-1,-1,-1
203,100,1335,454,88,200,1,-1,-1,-1
203,102,1272,182,105,141,1,-1,-1,-1
203,103,1471,632,144,156,1,-1,-1,-1
203,104,1455,397,80,134,1,-1,-1,-1
203,106,1480,611,236,192,1,-1,-1,-1
203,107,1056,531,149,190,1,-1,-1,-1
203,108,1297,196,91,190,1,-1,-1,-1
203,111,1044,513,140,212,1,-1,-1,-1
203,112,1437,293,112,228,1,-1,-1,-1
203,113,1437,499,112,268,1,-1,-1,-1
203,114,792,734,96,104,1,-1,-1,-1
203,115,449,882,132,88,1,-1,-1,-1
203,116,1205,442,106,181,1,-1,-1,-1
203,117,768,603,120,228,1,-1,-1,-1
203,118,910,568,144,188,1,-1,-1,-1
203,119,1276,191,100,164,1,-1,-1,-1
203,120,1818,158,192,192,1,-1,-1,-1
204,44,645,725,133,168,1,-1,-1,-1
204,55,643,703,164,190,1,-1,-1,-1
204,56,470,817,134,163,1,-1,-1,-1
204,68,646,754,152,141,1,-1,-1,-1
204,70,1208,660,188,196,1,-1,-1,-1
204,71,447,814,160,168,1,-1,-1,-1
204,73,1786,601,156,119,1,-1,-1,-1
204,74,2050,504,110,158,1,-1,-1,-1
204,76,1286,365,91,250,1,-1,-1,-1
204,95,1792,542,180,236,1,-1,-1,-1
204,97,1185,436,106,198,1,-1,-1,-1
204,99,787,764,120,80,1,-1,-1,-1
204,100,1333,455,88,200,1,-1,-1,-1
204,102,1268,187,105,141,1,-1,-1,-1
204,103,1472,636,144,156,1,-1,-1,-1
204,104,1451,402,80,134,1,-1,-1,-1
204,106,1480,616,236,192,1,-1,-1,-1
204,107,1057,537,149,190,1,-1,-1,-1
204,108,1296,203,91,190,1,-1,-1,-1
204,111,1044,518,140,212,1,-1,-1,-1
204,112,1437,305,112,228,1,-1,-1,-1
204,113,1436,505,112,268,1,-1,-1,-1
204,114,790,738,96,104,1,-1,-1,-1
204,115,450,886,132,88,1,-1,-1,-1
204,116,1195,437,111,190,1,-1,-1,-1
204,117,766,612,120,228,1,-1,-1,-1
204,118,909,572,144,188,1,-1,-1,-1
204,119,1272,193,100,164,1,-1,-1,-1
204,120,1815,162,192,192,1,-1,-1,-1
205,44,645,729,133,168,1,-1,-1,-1
205,55,642,707,164,190,1,-1,-1,-1
205,56,470,822,134,163,1,-1,-1,-1
205,68,648,756,152,141,1,-1,-1,-1
205,70,1207,664,188,196,1,-1,-1,-1
205,71,448,817,160,168,1,-1,-1,-1
205,73,1787,604,156,119,1,-1,-1,-1
205,74,2051,508,110,158,1,-1,-1,-1
205,95,1793,544,180,236,1,-1,-1,-1
205,97,1182,436,106,198,1,-1,-1,-1
205,99,784,767,120,80,1,-1,-1,-1
205,100,1331,458,88,200,1,-1,-1,-1
205,102,1266,193,105,141,1,-1,-1,-1
205,103,1474,639,144,156,1,-1,-1,-1
205,104,1448,403,80,134,1,-1,-1,-1
205,106,1481,620,236,192,1,-1,-1,-1
205,107,1057,540,149,190,1,-1,-1,-1
205,108,1296,205,91,190,1,-1,-1,-1
205,111,1047,526,133,202,1,-1,-1,-1
205,112,1432,298,118,239,1,-1,-1,-1
205,113,1434,507,112,268,1,-1,-1,-1
205,114,787,742,96,104,1,-1,-1,-1
205,115,450,890,132,88,1,-1,-1,-1
205,116,1191,438,111,190,1,-1,-1,-1
205,117,763,613,120,228,1,-1,-1,-1
205,118,909,575,144,188,1,-1,-1,-1
205,119,1271,198,100,164,1,-1,-1,-1
205,120,1817,169,183,183,1,-1,-1,-1
206,44,645,730,133,168,1,-1,-1,-1
206,55,641,709,164,190,1,-1,-1,-1
206,56,471,826,134,163,1,-1,-1,-1
206,68,648,762,152,141,1,-1,-1,-1
206,70,1204,670,188,196,1,-1,-1,-1
206,71,448,822,160,168,1,-1,-1,-1
206,73,1787,606,156,119,1,-1,-1,-1
206,74,2050,512,110,158,1,-1,-1,-1
206,95,1793,547,180,236,1,-1,-1,-1
206,97,1179,440,106,198,1,-1,-1,-1
206,99,781,772,120,80,1,-1,-1,-1
206,100,1328,460,88,200,1,-1,-1,-1
206,103,1475,643,144,156,1,-1,-1,-1
206,104,1445,406,80,134,1,-1,-1,-1
206,106,1480,625,236,192,1,-1,-1,-1
206,107,1058,544,149,190,1,-1,-1,-1
206,108,1295,208,91,190,1,-1,-1,-1
206,111,1046,531,133,202,1,-1,-1,-1
206,112,1431,306,112,228,1,-1,-1,-1
206,113,1432,511,112,268,1,-1,-1,-1
206,114,783,746,96,104,1,-1,-1,-1
206,115,451,895,132,88,1,-1,-1,-1
206,116,1189,442,111,190,1,-1,-1,-1
206,117,761,618,120,228,1,-1,-1,-1
206,118,908,581,144,188,1,-1,-1,-1
206,119,1270,204,95,156,1,-1,-1,-1
206,120,1812,172,183,183,1,-1,-1,-1
207,44,644,731,133,168,1,-1,-1,-1
207,55,641,712,164,190,1,-1,-1,-1
207,56,472,829,134,163,1,-1,-1,-1
207,68,650,762,152,141,1,-1,-1,-1
207,70,1206,673,188,196,1,-1,-1,-1
207,71,449,826,160,168,1,-1,-1,-1
207,73,1789,609,156,119,1,-1,-1,-1
207,74,2049,514,110,158,1,-1,-1,-1
207,95,1792,549,180,236,1,-1,-1,-1
207,97,1175,443,106,198,1,-1,-1,-1
207,99,777,776,120,80,1,-1,-1,-1
207,103,1475,646,144,156,1,-1,-1,-1
207,104,1442,408,80,134,1,-1,-1,-1
207,106,1480,625,236,192,1,-1,-1,-1
207,107,1057,545,149,190,1,-1,-1,-1
207,108,1292,212,91,190,1,-1,-1,-1
207,111,1046,535,133,202,1,-1,-1,-1
207,112,1430,318,107,217,1,-1,-1,-1
207,113,1431,513,112,268,1,-1,-1,-1
207,114,780,749,96,104,1,-1,-1,-1
207,115,452,896,132,88,1,-1,-1,-1
207,116,1187,446,111,190,1,-1,-1,-1
207,117,758,631,120,228,1,-1,-1,-1
207,118,909,588,137,179,1,-1,-1,-1
207,119,1268,208,95,156,1,-1,-1,-1
207,120,1810,175,183,183,1,-1,-1,-1
208,44,642,734,133,168,1,-1,-1,-1
208,55,640,713,164,190,1,-1,-1,-1
208,56,474,833,134,163,1,-1,-1,-1
208,68,651,762,152,141,1,-1,-1,-1
208,70,1204,674,188,196,1,-1,-1,-1
208,71,451,829,160,168,1,-1,-1,-1
208,73,1791,609,156,119,1,-1,-1,-1
208,74,2049,515,110,158,1,-1,-1,-1
208,95,1791,550,180,236,1,-1,-1,-1
208,97,1174,448,106,198,1,-1,-1,-1
208,99,775,778,120,80,1,-1,-1,-1
208,103,1477,649,144,156,1,-1,-1,-1
208,104,1440,409,80,134,1,-1,-1,-1
208,106,1481,628,236,192,1,-1,-1,-1
208,107,1059,547,149,190,1,-1,-1,-1
208,108,1291,215,91,190,1,-1,-1,-1
208,111,1046,536,133,202,1,-1,-1,-1
208,112,1423,311,112,228,1,-1,-1,-1
208,113,1433,522,107,255,1,-1,-1,-1
208,114,778,751,96,104,1,-1,-1,-1
208,115,457,900,126,84,1,-1,-1,-1
208,117,756,627,120,228,1,-1,-1,-1
208,118,911,591,137,179,1,-1,-1,-1
208,119,1267,212,95,156,1,-1,-1,-1
208,120,1806,178,183,183,1,-1,-1,-1
209,44,642,734,133,168,1,-1,-1,-1
209,55,640,713,164,190,1,-1,-1,-1
209,56,464,844,160,152,1,-1,-1,-1
209,68,651,762,152,141,1,-1,-1,-1
209,70,1208,724,200,148,1,-1,-1,-1
209,71,451,829,160,168,1,-1,-1,-1
209,73,1791,609,156,119,1,-1,-1,-1
209,74,2049,515,110,158,1,-1,-1,-1
209,95,1796,536,148,256,1,-1,-1,-1
209,97,1174,448,106,198,1,-1,-1,-1
209,99,775,778,120,80,1,-1,-1,-1
209,103,1477,649,144,156,1,-1,-1,-1
209,104,1440,409,80,134,1,-1,-1,-1
209,106,1476,632,244,188,1,-1,-1,-1
209,107,1056,536,152,200,1,-1,-1,-1
209,108,1291,215,91,190,1,-1,-1,-1
209,111,1046,536,133,202,1,-1,-1,-1
209,112,1423,311,112,228,1,-1,-1,-1
209,113,1420,484,124,268,1,-1,-1,-1
209,114,778,751,96,104,1,-1,-1,-1
209,115,457,900,126,84,1,-1,-1,-1
209,117,756,627,120,228,1,-1,-1,-1
209,118,904,580,148,184,1,-1,-1,-1
209,119,1272,216,92,200,1,-1,-1,-1
209,120,1760,180,224,168,1,-1,-1,-1
209,121,2036,464,104,284,1,-1,-1,-1
209,122,1932,472,108,272,1,-1,-1,-1
209,123,2072,280,104,240,1,-1,-1,-1
209,124,1280,424,136,240,1,-1,-1,-1
209,125,1400,312,128,216,1,-1,-1,-1
209,126,816,696,132,124,1,-1,-1,-1
210,44,647,740,133,168,1,-1,-1,-1
210,55,644,721,164,190,1,-1,-1,-1
210,56,468,848,160,152,1,-1,-1,-1
210,68,652,766,152,141,1,-1,-1,-1
210,70,1208,729,200,148,1,-1,-1,-1
210,71,457,836,160,168,1,-1,-1,-1
210,73,1798,616,156,119,1,-1,-1,-1
210,74,2054,520,110,158,1,-1,-1,-1
210,95,1798,541,148,256,1,-1,-1,-1
210,97,1173,454,106,198,1,-1,-1,-1
210,99,773,785,120,80,1,-1,-1,-1
210,103,1480,657,144,156,1,-1,-1,-1
210,104,1439,418,80,134,1,-1,-1,-1
210,106,1477,635,244,188,1,-1,-1,-1
210,107,1054,533,160,210,1,-1,-1,-1
210,111,1050,543,133,202,1,-1,-1,-1
210,113,1421,486,124,268,1,-1,-1,-1
210,114,775,758,96,104,1,-1,-1,-1
210,115,463,910,126,84,1,-1,-1,-1
210,117,754,636,120,228,1,-1,-1,-1
210,118,905,583,148,184,1,-1,-1,-1
210,119,1272,219,92,200,1,-1,-1,-1
210,120,1761,182,224,168,1,-1,-1,-1
210,121,2036,463,104,284,1,-1,-1,-1
210,122,1935,479,103,259,1,-1,-1,-1
210,123,2072,282,104,240,1,-1,-1,-1
210,124,1284,434,130,229,1,-1,-1,-1
210,125,1400,315,128,216,1,-1,-1,-1
210,126,817,698,132,124,1,-1,-1,-1
211,44,654,745,127,160,1,-1,-1,-1
211,55,648,721,164,190,1,-1,-1,-1
211,56,473,851,160,152,1,-1,-1,-1
211,68,655,768,152,141,1,-1,-1,-1
211,70,1212,730,200,148,1,-1,-1,-1
211,71,461,839,160,168,1,-1,-1,-1
211,73,1802,619,156,119,1,-1,-1,-1
211,74,2057,523,110,158,1,-1,-1,-1
211,95,1802,542,148,256,1,-1,-1,-1
211,97,1175,457,106,198,1,-1,-1,-1
211,99,773,787,120,80,1,-1,-1,-1
211,103,1488,659,144,156,1,-1,-1,-1
211,104,1440,421,80,134,1,-1,-1,-1
211,106,1481,640,244,188,1,-1,-1,-1
211,107,1062,541,152,200,1,-1,-1,-1
211,111,1054,545,133,202,1,-1,-1,-1
211,113,1420,482,130,281,1,-1,-1,-1
211,114,775,760,96,104,1,-1,-1,-1
211,115,469,911,126,84,1,-1,-1,-1
211,117,754,642,120,228,1,-1,-1,-1
211,118,912,588,141,175,1,-1,-1,-1
211,119,1276,225,88,190,1,-1,-1,-1
211,120,1765,188,213,160,1,-1,-1,-1
211,121,2041,475,99,270,1,-1,-1,-1
211,122,1938,482,103,259,1,-1,-1,-1
211,123,2073,282,104,240,1,-1,-1,-1
211,124,1285,435,130,229,1,-1,-1,-1
211,125,1402,319,128,216,1,-1,-1,-1
211,126,821,700,132,124,1,-1,-1,-1
212,44,664,747,127,160,1,-1,-1,-1
212,55,654,723,164,190,1,-1,-1,-1
212,56,484,853,160,152,1,-1,-1,-1
212,68,665,773,152,141,1,-1,-1,-1
212,70,1220,731,200,148,1,-1,-1,-1
212,71,473,839,160,168,1,-1,-1,-1
212,73,1811,619,156,119,1,-1,-1,-1
212,74,2064,520,110,158,1,-1,-1,-1
212,95,1808,546,148,256,1,-1,-1,-1
212,97,1180,462,106,198,1,-1,-1,-1
212,99,780,788,120,80,1,-1,-1,-1
212,103,1498,662,144,156,1,-1,-1,-1
212,104,1447,425,80,134,1,-1,-1,-1
212,106,1490,642,244,188,1,-1,-1,-1
212,107,1070,541,152,200,1,-1,-1,-1
212,111,1065,552,127,192,1,-1,-1,-1
212,113,1427,495,124,268,1,-1,-1,-1
212,114,781,762,96,104,1,-1,-1,-1
212,115,480,915,126,84,1,-1,-1,-1
212,117,762,644,120,228,1,-1,-1,-1
212,118,921,592,141,175,1,-1,-1,-1
212,119,1280,227,88,190,1,-1,-1,-1
212,120,1769,187,213,160,1,-1,-1,-1
212,121,2043,468,104,284,1,-1,-1,-1
212,122,1941,476,108,272,1,-1,-1,-1
212,123,2078,284,104,240,1,-1,-1,-1
212,124,1288,431,136,240,1,-1,-1,-1
212,125,1409,322,128,216,1,-1,-1,-1
212,126,829,702,132,124,1,-1,-1,-1
213,44,676,751,127,160,1,-1,-1,-1
213,55,672,728,156,181,1,-1,-1,-1
213,56,497,853,160,152,1,-1,-1,-1
213,68,679,777,152,141,1,-1,-1,-1
213,70,1230,733,200,148,1,-1,-1,-1
213,71,486,841,160,168,1,-1,-1,-1
213,73,1825,620,156,119,1,-1,-1,-1
213,74,2077,518,110,158,1,-1,-1,-1
213,95,1821,549,148,256,1,-1,-1,-1
213,97,1185,464,106,198,1,-1,-1,-1
213,99,788,789,120,80,1,-1,-1,-1
213,103,1512,662,144,156,1,-1,-1,-1
213,104,1457,427,80,134,1,-1,-1,-1
213,106,1503,643,244,188,1,-1,-1,-1
213,107,1085,542,152,200,1,-1,-1,-1
213,111,1078,552,127,192,1,-1,-1,-1
213,113,1438,502,118,255,1,-1,-1,-1
213,114,789,763,96,104,1,-1,-1,-1
213,115,492,915,126,84,1,-1,-1,-1
213,117,771,654,114,217,1,-1,-1,-1
213,118,934,592,141,175,1,-1,-1,-1
213,119,1292,229,88,190,1,-1,-1,-1
213,120,1777,189,213,160,1,-1,-1,-1
213,121,2053,470,104,284,1,-1,-1,-1
213,122,1958,477,108,272,1,-1,-1,-1
213,123,2090,290,99,229,1,-1,-1,-1
213,124,1296,423,143,252,1,-1,-1,-1
213,125,1416,326,128,216,1,-1,-1,-1
213,126,839,701,139,130,1,-1,-1,-1
214,44,689,753,127,160,1,-1,-1,-1
214,55,685,729,156,181,1,-1,-1,-1
214,56,514,858,152,145,1,-1,-1,-1
214,68,689,780,152,141,1,-1,-1,-1
214,70,1238,735,200,148,1,-1,-1,-1
214,71,499,843,160,168,1,-1,-1,-1
214,73,1838,623,156,119,1,-1,-1,-1
214,74,2096,523,105,151,1,-1,-1,-1
214,95,1833,552,148,256,1,-1,-1,-1
214,99,796,793,120,80,1,-1,-1,-1
214,103,1526,664,144,156,1,-1,-1,-1
214,104,1467,430,80,134,1,-1,-1,-1
214,106,1513,645,244,188,1,-1,-1,-1
214,107,1098,545,152,200,1,-1,-1,-1
214,111,1090,549,133,202,1,-1,-1,-1
214,113,1451,510,118,255,1,-1,-1,-1
214,114,798,765,96,104,1,-1,-1,-1
214,115,506,917,126,84,1,-1,-1,-1
214,117,785,656,114,217,1,-1,-1,-1
214,118,945,590,148,184,1,-1,-1,-1
214,119,1305,229,88,190,1,-1,-1,-1
214,120,1785,191,213,160,1,-1,-1,-1
214,121,2061,475,104,284,1,-1,-1,-1
214,122,1960,470,113,286,1,-1,-1,-1
214,123,2103,293,99,229,1,-1,-1,-1
214,124,1310,435,136,240,1,-1,-1,-1
214,125,1429,326,128,216,1,-1,-1,-1
214,126,850,703,139,130,1,-1,-1,-1
215,44,702,756,127,160,1,-1,-1,-1
215,55,698,733,156,181,1,-1,-1,-1
215,56,527,860,152,145,1,-1,-1,-1
215,68,703,782,152,141,1,-1,-1,-1
215,70,1251,734,210,155,1,-1,-1,-1
215,71,513,844,160,168,1,-1,-1,-1
215,73,1851,625,156,119,1,-1,-1,-1
215,74,2111,525,105,151,1,-1,-1,-1
215,95,1848,552,148,256,1,-1,-1,-1
215,99,807,796,120,80,1,-1,-1,-1
215,103,1540,666,144,156,1,-1,-1,-1
215,104,1477,429,80,134,1,-1,-1,-1
215,106,1532,650,232,179,1,-1,-1,-1
215,107,1110,546,152,200,1,-1,-1,-1
215,111,1106,548,133,202,1,-1,-1,-1
215,113,1461,515,112,243,1,-1,-1,-1
215,114,808,769,96,104,1,-1,-1,-1
215,115,520,918,126,84,1,-1,-1,-1
215,117,790,648,120,228,1,-1,-1,-1
215,118,952,594,148,184,1,-1,-1,-1
215,119,1315,233,88,190,1,-1,-1,-1
215,120,1794,195,213,160,1,-1,-1,-1
215,121,2072,474,104,284,1,-1,-1,-1
215,122,1975,476,113,286,1,-1,-1,-1
215,123,2113,295,94,218,1,-1,-1,-1
215,124,1324,437,136,240,1,-1,-1,-1
215,125,1436,326,128,216,1,-1,-1,-1
215,126,861,706,139,130,1,-1,-1,-1
216,44,721,759,127,160,1,-1,-1,-1
216,55,718,731,156,181,1,-1,-1,-1
216,56,546,860,152,145,1,-1,-1,-1
216,68,719,781,152,141,1,-1,-1,-1
216,70,1269,734,210,155,1,-1,-1,-1
216,71,531,844,160,168,1,-1,-1,-1
216,73,1869,627,156,119,1,-1,-1,-1
216,74,2131,527,105,151,1,-1,-1,-1
216,95,1865,553,148,256,1,-1,-1,-1
216,99,822,798,120,80,1,-1,-1,-1
216,103,1559,667,144,156,1,-1,-1,-1
216,104,1493,431,76,128,1,-1,-1,-1
216,106,1554,652,232,179,1,-1,-1,-1
216,107,1134,552,145,190,1,-1,-1,-1
216,111,1124,548,133,202,1,-1,-1,-1
216,113,1477,512,112,243,1,-1,-1,-1
216,114,825,770,96,104,1,-1,-1,-1
216,115,540,918,126,84,1,-1,-1,-1
216,117,805,652,120,228,1,-1,-1,-1
216,118,972,594,148,184,1,-1,-1,-1
216,119,1330,233,88,190,1,-1,-1,-1
216,120,1811,197,213,160,1,-1,-1,-1
216,121,2094,473,104,284,1,-1,-1,-1
216,122,1995,471,113,286,1,-1,-1,-1
216,123,2131,299,94,218,1,-1,-1,-1
216,124,1341,438,136,240,1,-1,-1,-1
216,125,1453,328,128,216,1,-1,-1,-1
216,126,877,707,139,130,1,-1,-1,-1
217,44,721,759,127,160,1,-1,-1,-1
217,55,736,712,132,196,1,-1,-1,-1
217,56,546,860,152,145,1,-1,-1,-1
217,70,1269,734,210,155,1,-1,-1,-1
217,71,531,844,160,168,1,-1,-1,-1
217,74,2131,527,105,151,1,-1,-1,-1
217,95,1865,553,148,256,1,-1,-1,-1
217,99,822,798,120,80,1,-1,-1,-1
217,103,1559,667,144,156,1,-1,-1,-1
217,104,1493,431,76,128,1,-1,-1,-1
217,106,1554,652,232,179,1,-1,-1,-1
217,107,1134,552,145,190,1,-1,-1,-1
217,111,1124,548,133,202,1,-1,-1,-1
217,113,1477,512,112,243,1,-1,-1,-1
217,114,825,770,96,104,1,-1,-1,-1
217,115,540,918,126,84,1,-1,-1,-1
217,117,804,684,156,180,1,-1,-1,-1
217,118,972,594,148,184,1,-1,-1,-1
217,119,1330,233,88,190,1,-1,-1,-1
217,120,1811,197,213,160,1,-1,-1,-1
217,121,2094,473,104,284,1,-1,-1,-1
217,122,1995,471,113,286,1,-1,-1,-1
217,123,2131,299,94,218,1,-1,-1,-1
217,124,1341,438,136,240,1,-1,-1,-1
217,125,1453,328,128,216,1,-1,-1,-1
217,126,877,707,139,130,1,-1,-1,-1
217,127,1304,712,204,168,1,-1,-1,-1
217,128,1588,620,252,200,1,-1,-1,-1
217,129,576,840,156,152,1,-1,-1,-1
217,130,1904,552,136,244,1,-1,-1,-1
217,131,1836,152,216,196,1,-1,-1,-1
217,132,1164,580,132,152,1,-1,-1,-1
217,133,1360,192,92,212,1,-1,-1,-1
217,134,1036,556,116,208,1,-1,-1,-1
217,135,1508,380,132,312,1,-1,-1,-1
217,136,1504,576,92,184,1,-1,-1,-1
218,44,772,725,127,160,1,-1,-1,-1
218,55,755,691,132,196,1,-1,-1,-1
218,56,597,823,160,152,1,-1,-1,-1
218,70,1318,704,210,155,1,-1,-1,-1
218,71,586,810,160,168,1,-1,-1,-1
218,74,2105,500,105,151,1,-1,-1,-1
218,95,1911,522,148,256,1,-1,-1,-1
218,99,765,804,126,84,1,-1,-1,-1
218,103,1609,631,151,164,1,-1,-1,-1
218,104,1493,402,72,122,1,-1,-1,-1
218,106,1604,616,244,188,1,-1,-1,-1
218,107,1189,517,145,190,1,-1,-1,-1
218,111,1171,507,140,212,1,-1,-1,-1
218,113,1515,472,118,255,1,-1,-1,-1
218,114,775,779,96,104,1,-1,-1,-1
218,115,595,886,126,84,1,-1,-1,-1
218,117,823,664,156,180,1,-1,-1,-1
218,118,1025,562,148,184,1,-1,-1,-1
218,119,1366,210,83,181,1,-1,-1,-1
218,120,1857,170,213,160,1,-1,-1,-1
218,121,2072,434,104,284,1,-1,-1,-1
218,122,2023,447,113,286,1,-1,-1,-1
218,123,2175,264,94,218,1,-1,-1,-1
218,124,1388,405,136,240,1,-1,-1,-1
218,125,1501,298,122,206,1,-1,-1,-1
218,126,923,667,146,137,1,-1,-1,-1
218,127,1324,692,204,168,1,-1,-1,-1
218,128,1611,600,252,200,1,-1,-1,-1
218,129,595,821,156,152,1,-1,-1,-1
218,130,1924,529,136,244,1,-1,-1,-1
218,131,1854,131,216,196,1,-1,-1,-1
218,132,1186,559,132,152,1,-1,-1,-1
218,133,1380,170,92,212,1,-1,-1,-1
218,134,1056,535,116,208,1,-1,-1,-1
218,135,1530,366,132,312,1,-1,-1,-1
218,136,1522,556,92,184,1,-1,-1,-1
219,44,786,712,127,160,1,-1,-1,-1
219,55,762,682,132,196,1,-1,-1,-1
219,56,612,810,160,152,1,-1,-1,-1
219,70,1335,688,210,155,1,-1,-1,-1
219,71,601,799,160,168,1,-1,-1,-1
219,95,1924,515,148,256,1,-1,-1,-1
219,99,777,795,120,80,1,-1,-1,-1
219,103,1626,618,151,164,1,-1,-1,-1
219,104,1495,392,72,122,1,-1,-1,-1
219,106,1624,606,232,179,1,-1,-1,-1
219,107,1204,500,145,190,1,-1,-1,-1
219,111,1192,490,140,212,1,-1,-1,-1
219,113,1536,474,112,243,1,-1,-1,-1
219,114,779,768,96,104,1,-1,-1,-1
219,115,610,872,126,84,1,-1,-1,-1
219,117,833,652,156,180,1,-1,-1,-1
219,118,1043,543,155,193,1,-1,-1,-1
219,119,1382,204,79,173,1,-1,-1,-1
219,120,1859,157,213,160,1,-1,-1,-1
219,121,2058,392,109,298,1,-1,-1,-1
219,122,2050,440,113,286,1,-1,-1,-1
219,123,2193,255,99,229,1,-1,-1,-1
219,124,1401,403,130,229,1,-1,-1,-1
219,125,1516,288,122,206,1,-1,-1,-1
219,126,937,656,146,137,1,-1,-1,-1
219,127,1336,679,204,168,1,-1,-1,-1
219,128,1628,598,240,190,1,-1,-1,-1
219,129,610,810,156,152,1,-1,-1,-1
219,130,1933,523,136,244,1,-1,-1,-1
219,131,1858,123,216,196,1,-1,-1,-1
219,132,1199,546,132,152,1,-1,-1,-1
219,133,1389,158,92,212,1,-1,-1,-1
219,134,1067,525,116,208,1,-1,-1,-1
219,135,1534,350,132,312,1,-1,-1,-1
219,136,1531,546,92,184,1,-1,-1,-1
220,44,801,699,127,160,1,-1,-1,-1
220,55,781,668,132,196,1,-1,-1,-1
220,56,631,799,160,152,1,-1,-1,-1
220,70,1352,677,210,155,1,-1,-1,-1
220,71,621,786,160,168,1,-1,-1,-1
220,95,1952,501,141,244,1,-1,-1,-1
220,99,792,785,120,80,1,-1,-1,-1
220,103,1643,607,151,164,1,-1,-1,-1
220,104,1512,380,72,122,1,-1,-1,-1
220,106,1643,594,232,179,1,-1,-1,-1
220,107,1219,481,152,200,1,-1,-1,-1
220,111,1217,479,133,202,1,-1,-1,-1
220,113,1552,460,107,232,1,-1,-1,-1
220,114,796,756,96,104,1,-1,-1,-1
220,115,632,860,126,84,1,-1,-1,-1
220,117,849,639,156,180,1,-1,-1,-1
220,118,1063,530,155,193,1,-1,-1,-1
220,119,1400,191,79,173,1,-1,-1,-1
220,120,1876,147,213,160,1,-1,-1,-1
220,121,2055,386,115,313,1,-1,-1,-1
220,122,2072,423,108,272,1,-1,-1,-1
220,123,2211,239,94,218,1,-1,-1,-1
220,124,1418,384,130,229,1,-1,-1,-1
220,125,1534,273,122,206,1,-1,-1,-1
220,126,951,640,153,144,1,-1,-1,-1
220,127,1354,665,204,168,1,-1,-1,-1
220,128,1648,584,240,190,1,-1,-1,-1
220,129,628,798,156,152,1,-1,-1,-1
220,130,1957,510,130,232,1,-1,-1,-1
220,131,1874,109,216,196,1,-1,-1,-1
220,132,1217,531,132,152,1,-1,-1,-1
220,133,1407,144,92,212,1,-1,-1,-1
220,134,1085,514,116,208,1,-1,-1,-1
220,135,1553,335,132,312,1,-1,-1,-1
220,136,1548,532,92,184,1,-1,-1,-1
221,44,834,670,127,160,1,-1,-1,-1
221,55,814,642,132,196,1,-1,-1,-1
221,56,668,771,160,152,1,-1,-1,-1
221,70,1387,650,210,155,1,-1,-1,-1
221,71,659,760,152,160,1,-1,-1,-1
221,95,1979,476,141,244,1,-1,-1,-1
221,99,824,758,120,80,1,-1,-1,-1
221,103,1679,582,151,164,1,-1,-1,-1
221,104,1520,381,72,122,1,-1,-1,-1
221,106,1676,562,244,188,1,-1,-1,-1
221,107,1254,458,152,200,1,-1,-1,-1
221,111,1243,452,140,212,1,-1,-1,-1
221,113,1575,429,112,243,1,-1,-1,-1
221,114,828,728,96,104,1,-1,-1,-1
221,115,668,833,126,84,1,-1,-1,-1
221,117,881,611,156,180,1,-1,-1,-1
221,118,1098,498,155,193,1,-1,-1,-1
221,119,1429,164,83,181,1,-1,-1,-1
221,120,1904,124,213,160,1,-1,-1,-1
221,121,2056,378,115,313,1,-1,-1,-1
221,122,2095,393,108,272,1,-1,-1,-1
221,123,2236,214,94,218,1,-1,-1,-1
221,124,1447,361,130,229,1,-1,-1,-1
221,125,1557,251,122,206,1,-1,-1,-1
221,126,984,610,153,144,1,-1,-1,-1
221,127,1388,640,204,168,1,-1,-1,-1
221,128,1680,559,240,190,1,-1,-1,-1
221,129,665,769,156,152,1,-1,-1,-1
221,130,1987,486,130,232,1,-1,-1,-1
221,131,1899,89,216,196,1,-1,-1,-1
221,132,1252,506,132,152,1,-1,-1,-1
221,133,1431,123,92,212,1,-1,-1,-1
221,134,1113,485,122,218,1,-1,-1,-1
221,135,1579,309,132,312,1,-1,-1,-1
221,136,1580,506,92,184,1,-1,-1,-1
222,44,860,649,127,160,1,-1,-1,-1
222,55,839,621,132,196,1,-1,-1,-1
222,56,700,750,160,152,1,-1,-1,-1
222,70,1416,627,210,155,1,-1,-1,-1
222,71,691,740,152,160,1,-1,-1,-1
222,95,2011,451,141,244,1,-1,-1,-1
222,99,851,736,120,80,1,-1,-1,-1
222,103,1711,560,151,164,1,-1,-1,-1
222,104,1511,394,69,116,1,-1,-1,-1
222,106,1706,541,244,188,1,-1,-1,-1
222,107,1289,431,152,200,1,-1,-1,-1
222,111,1281,429,140,212,1,-1,-1,-1
222,113,1600,407,118,255,1,-1,-1,-1
222,114,857,707,96,104,1,-1,-1,-1
222,115,696,811,132,88,1,-1,-1,-1
222,117,908,591,156,180,1,-1,-1,-1
222,118,1123,481,155,193,1,-1,-1,-1
222,119,1463,127,88,190,1,-1,-1,-1
222,120,1929,102,213,160,1,-1,-1,-1
222,121,2060,355,115,313,1,-1,-1,-1
222,122,2120,367,108,272,1,-1,-1,-1
222,123,2271,188,94,218,1,-1,-1,-1
222,124,1476,329,136,240,1,-1,-1,-1
222,125,1581,229,122,206,1,-1,-1,-1
222,126,1017,591,153,144,1,-1,-1,-1
222,127,1417,617,204,168,1,-1,-1,-1
222,128,1704,530,252,200,1,-1,-1,-1
222,129,696,748,156,152,1,-1,-1,-1
222,130,2016,462,130,232,1,-1,-1,-1
222,131,1925,66,216,196,1,-1,-1,-1
222,132,1283,482,132,152,1,-1,-1,-1
222,133,1465,103,88,202,1,-1,-1,-1
222,134,1143,461,122,218,1,-1,-1,-1
222,135,1609,284,132,312,1,-1,-1,-1
222,136,1606,484,92,184,1,-1,-1,-1
223,44,885,637,127,160,1,-1,-1,-1
223,55,865,607,132,196,1,-1,-1,-1
223,56,730,736,160,152,1,-1,-1,-1
223,70,1443,615,210,155,1,-1,-1,-1
223,71,722,727,152,160,1,-1,-1,-1
223,95,2036,441,141,244,1,-1,-1,-1
223,99,878,725,120,80,1,-1,-1,-1
223,103,1742,548,151,164,1,-1,-1,-1
223,104,1497,399,69,116,1,-1,-1,-1
223,106,1735,531,244,188,1,-1,-1,-1
223,107,1315,425,152,200,1,-1,-1,-1
223,111,1310,417,140,212,1,-1,-1,-1
223,113,1624,385,118,255,1,-1,-1,-1
223,114,883,697,96,104,1,-1,-1,-1
223,115,729,798,132,88,1,-1,-1,-1
223,117,935,577,156,180,1,-1,-1,-1
223,118,1155,464,155,193,1,-1,-1,-1
223,119,1483,109,92,200,1,-1,-1,-1
223,120,1943,89,213,160,1,-1,-1,-1
223,121,2057,431,115,313,1,-1,-1,-1
223,122,2145,363,108,272,1,-1,-1,-1
223,123,2294,175,90,207,1,-1,-1,-1
223,124,1496,312,143,252,1,-1,-1,-1
223,125,1609,204,128,216,1,-1,-1,-1
223,126,1046,577,153,144,1,-1,-1,-1
223,127,1443,603,204,168,1,-1,-1,-1
223,128,1732,519,252,200,1,-1,-1,-1
223,129,725,737,156,152,1,-1,-1,-1
223,130,2042,451,130,232,1,-1,-1,-1
223,131,1954,57,206,187,1,-1,-1,-1
223,132,1315,470,132,152,1,-1,-1,-1
223,133,1489,92,88,202,1,-1,-1,-1
223,134,1169,453,122,218,1,-1,-1,-1
223,135,1635,270,139,328,1,-1,-1,-1
223,136,1632,470,92,184,1,-1,-1,-1
224,44,913,630,127,160,1,-1,-1,-1
224,55,895,603,132,196,1,-1,-1,-1
224,56,763,731,160,152,1,-1,-1,-1
224,70,1472,611,210,155,1,-1,-1,-1
224,71,755,722,152,160,1,-1,-1,-1
224,95,2061,426,148,256,1,-1,-1,-1
224,99,908,717,120,80,1,-1,-1,-1
224,103,1774,540,151,164,1,-1,-1,-1
224,104,1524,399,69,116,1,-1,-1,-1
224,106,1765,523,244,188,1,-1,-1,-1
224,107,1353,414,152,200,1,-1,-1,-1
224,111,1346,413,140,212,1,-1,-1,-1
224,114,913,688,96,104,1,-1,-1,-1
224,115,762,790,132,88,1,-1,-1,-1
224,117,963,571,156,180,1,-1,-1,-1
224,118,1187,457,155,193,1,-1,-1,-1
224,119,1508,107,92,200,1,-1,-1,-1
224,120,1963,80,213,160,1,-1,-1,-1
224,122,2172,357,108,272,1,-1,-1,-1
224,124,1524,311,136,240,1,-1,-1,-1
224,125,1636,201,128,216,1,-1,-1,-1
224,126,1077,570,153,144,1,-1,-1,-1
224,127,1475,597,204,168,1,-1,-1,-1
224,128,1762,511,252,200,1,-1,-1,-1
224,129,758,732,156,152,1,-1,-1,-1
224,130,2072,443,130,232,1,-1,-1,-1
224,131,1979,53,206,187,1,-1,-1,-1
224,132,1348,461,132,152,1,-1,-1,-1
224,133,1518,80,92,212,1,-1,-1,-1
224,134,1206,438,122,218,1,-1,-1,-1
224,135,1659,251,146,344,1,-1,-1,-1
224,136,1664,466,92,184,1,-1,-1,-1
225,44,913,630,127,160,1,-1,-1,-1
225,55,895,603,132,196,1,-1,-1,-1
225,56,784,728,148,144,1,-1,-1,-1
225,70,1472,611,210,155,1,-1,-1,-1
225,71,755,722,152,160,1,-1,-1,-1
225,95,2061,426,148,256,1,-1,-1,-1
225,99,908,717,120,80,1,-1,-1,-1
225,103,1774,540,151,164,1,-1,-1,-1
225,104,1524,399,69,116,1,-1,-1,-1
225,106,1765,523,244,188,1,-1,-1,-1
225,107,1353,414,152,200,1,-1,-1,-1
225,111,1346,413,140,212,1,-1,-1,-1
225,114,913,688,96,104,1,-1,-1,-1
225,115,762,790,132,88,1,-1,-1,-1
225,117,963,571,156,180,1,-1,-1,-1
225,118,1187,457,155,193,1,-1,-1,-1
225,119,1508,107,92,200,1,-1,-1,-1
225,120,1963,80,213,160,1,-1,-1,-1
225,122,2172,357,108,272,1,-1,-1,-1
225,124,1524,311,136,240,1,-1,-1,-1
225,125,1636,201,128,216,1,-1,-1,-1
225,126,1077,570,153,144,1,-1,-1,-1
225,127,1492,568,200,176,1,-1,-1,-1
225,128,1762,511,252,200,1,-1,-1,-1
225,129,758,732,156,152,1,-1,-1,-1
225,130,2072,443,130,232,1,-1,-1,-1
225,131,1979,53,206,187,1,-1,-1,-1
225,132,1348,461,132,152,1,-1,-1,-1
225,133,1518,80,92,212,1,-1,-1,-1
225,134,1206,438,122,218,1,-1,-1,-1
225,135,1659,251,146,344,1,-1,-1,-1
225,136,1664,466,92,184,1,-1,-1,-1
225,137,1800,520,256,176,1,-1,-1,-1
225,138,0,764,80,104,1,-1,-1,-1
225,139,1680,460,88,168,1,-1,-1,-1
225,140,2112,428,112,256,1,-1,-1,-1
225,141,2212,308,160,324,1,-1,-1,-1
225,142,2012,52,220,172,1,-1,-1,-1
225,143,1100,468,132,228,1,-1,-1,-1
225,144,1496,364,96,172,1,-1,-1,-1
225,145,2364,168,104,212,1,-1,-1,-1
225,146,928,696,120,88,1,-1,-1,-1
225,147,1544,52,112,232,1,-1,-1,-1
226,44,933,602,133,168,1,-1,-1,-1
226,55,918,577,132,196,1,-1,-1,-1
226,56,794,714,148,144,1,-1,-1,-1
226,70,1506,588,210,155,1,-1,-1,-1
226,71,788,698,152,160,1,-1,-1,-1
226,95,2091,399,148,256,1,-1,-1,-1
226,99,932,694,120,80,1,-1,-1,-1
226,103,1807,512,151,164,1,-1,-1,-1
226,104,1549,389,66,110,1,-1,-1,-1
226,106,1807,494,244,188,1,-1,-1,-1
226,107,1387,391,152,200,1,-1,-1,-1
226,111,1374,387,140,212,1,-1,-1,-1
226,114,937,668,91,99,1,-1,-1,-1
226,115,795,769,132,88,1,-1,-1,-1
226,117,988,547,156,180,1,-1,-1,-1
226,118,1208,436,155,193,1,-1,-1,-1
226,119,1534,82,92,200,1,-1,-1,-1
226,120,1972,57,213,160,1,-1,-1,-1
226,124,1550,288,136,240,1,-1,-1,-1
226,125,1665,179,128,216,1,-1,-1,-1
226,126,1103,550,153,144,1,-1,-1,-1
226,127,1497,554,200,176,1,-1,-1,-1
226,128,1790,480,265,210,1,-1,-1,-1
226,129,790,709,156,152,1,-1,-1,-1
226,130,2103,417,130,232,1,-1,-1,-1
226,131,2009,35,196,178,1,-1,-1,-1
226,132,1381,440,132,152,1,-1,-1,-1
226,133,1547,58,92,212,1,-1,-1,-1
226,134,1231,421,116,208,1,-1,-1,-1
226,135,1682,207,153,361,1,-1,-1,-1
226,136,1687,439,92,184,1,-1,-1,-1
226,137,1816,510,244,168,1,-1,-1,-1
226,138,10,750,80,104,1,-1,-1,-1
226,139,1685,445,88,168,1,-1,-1,-1
226,140,2118,411,112,256,1,-1,-1,-1
226,141,2218,298,160,324,1,-1,-1,-1
226,142,2018,37,220,172,1,-1,-1,-1
226,143,1104,453,132,228,1,-1,-1,-1
226,144,1504,348,96,172,1,-1,-1,-1
226,145,2371,156,99,202,1,-1,-1,-1
226,146,933,683,120,88,1,-1,-1,-1
226,147,1550,45,107,221,1,-1,-1,-1
227,44,935,585,133,168,1,-1,-1,-1
227,55,920,561,132,196,1,-1,-1,-1
227,56,798,701,148,144,1,-1,-1,-1
227,70,1507,571,210,155,1,-1,-1,-1
227,71,795,684,152,160,1,-1,-1,-1
227,95,2109,379,148,256,1,-1,-1,-1
227,99,933,678,120,80,1,-1,-1,-1
227,103,1815,498,151,164,1,-1,-1,-1
227,104,1552,398,63,105,1,-1,-1,-1
227,106,1808,482,244,188,1,-1,-1,-1
227,107,1392,374,152,200,1,-1,-1,-1
227,111,1386,370,140,212,1,-1,-1,-1
227,114,939,652,91,99,1,-1,-1,-1
227,115,805,755,132,88,1,-1,-1,-1
227,117,992,530,156,180,1,-1,-1,-1
227,118,1202,421,163,203,1,-1,-1,-1
227,119,1548,66,92,200,1,-1,-1,-1
227,120,1970,36,224,168,1,-1,-1,-1
227,124,1552,269,136,240,1,-1,-1,-1
227,125,1672,159,128,216,1,-1,-1,-1
227,126,1103,535,153,144,1,-1,-1,-1
227,127,1502,543,200,176,1,-1,-1,-1
227,128,1793,468,265,210,1,-1,-1,-1
227,129,799,694,156,152,1,-1,-1,-1
227,130,2113,402,123,221,1,-1,-1,-1
227,131,2010,20,196,178,1,-1,-1,-1
227,132,1391,424,132,152,1,-1,-1,-1
227,133,1555,42,92,212,1,-1,-1,-1
227,134,1239,403,116,208,1,-1,-1,-1
227,135,1686,204,146,344,1,-1,-1,-1
227,136,1692,431,88,175,1,-1,-1,-1
227,137,1816,494,256,176,1,-1,-1,-1
227,138,17,736,80,104,1,-1,-1,-1
227,139,1685,427,92,176,1,-1,-1,-1
227,140,2122,400,112,256,1,-1,-1,-1
227,141,2221,275,160,324,1,-1,-1,-1
227,142,2019,25,220,172,1,-1,-1,-1
227,143,1106,444,132,228,1,-1,-1,-1
227,144,1504,329,101,181,1,-1,-1,-1
227,145,2373,137,104,212,1,-1,-1,-1
227,146,935,670,120,88,1,-1,-1,-1
227,147,1554,28,107,221,1,-1,-1,-1
228,44,938,578,133,168,1,-1,-1,-1
228,55,924,555,132,196,1,-1,-1,-1
228,56,809,694,148,144,1,-1,-1,-1
228,70,1506,563,220,163,1,-1,-1,-1
228,71,807,676,152,160,1,-1,-1,-1
228,95,2110,370,148,256,1,-1,-1,-1
228,99,936,669,120,80,1,-1,-1,-1
228,103,1821,490,151,164,1,-1,-1,-1
228,106,1810,472,256,197,1,-1,-1,-1
228,107,1400,366,152,200,1,-1,-1,-1
228,111,1393,357,140,212,1,-1,-1,-1
228,114,942,644,91,99,1,-1,-1,-1
228,115,815,747,126,84,1,-1,-1,-1
228,117,996,523,156,180,1,-1,-1,-1
228,118,1205,412,163,203,1,-1,-1,-1
228,120,1979,29,224,168,1,-1,-1,-1
228,126,1108,527,153,144,1,-1,-1,-1
228,127,1507,539,200,176,1,-1,-1,-1
228,128,1809,469,252,200,1,-1,-1,-1
228,129,807,687,156,152,1,-1,-1,-1
228,130,2119,403,117,211,1,-1,-1,-1
228,131,2011,12,196,178,1,-1,-1,-1
228,132,1399,413,132,152,1,-1,-1,-1
228,133,1562,33,92,212,1,-1,-1,-1
228,134,1242,404,110,198,1,-1,-1,-1
228,135,1688,197,146,344,1,-1,-1,-1
228,136,1697,429,88,175,1,-1,-1,-1
228,137,1822,487,256,176,1,-1,-1,-1
228,138,26,728,80,104,1,-1,-1,-1
228,139,1690,424,92,176,1,-1,-1,-1
228,140,2128,398,107,244,1,-1,-1,-1
228,141,2227,272,160,324,1,-1,-1,-1
228,142,2025,22,210,164,1,-1,-1,-1
228,143,1110,437,132,228,1,-1,-1,-1
228,144,1507,321,101,181,1,-1,-1,-1
228,145,2379,131,104,212,1,-1,-1,-1
228,146,939,661,120,88,1,-1,-1,-1
228,147,1560,30,102,210,1,-1,-1,-1
229,44,948,575,133,168,1,-1,-1,-1
229,55,937,551,132,196,1,-1,-1,-1
229,56,827,696,141,137,1,-1,-1,-1
229,70,1525,564,210,155,1,-1,-1,-1
229,71,819,673,152,160,1,-1,-1,-1
229,95,2124,366,148,256,1,-1,-1,-1
229,99,947,666,120,80,1,-1,-1,-1
229,103,1835,484,151,164,1,-1,-1,-1
229,106,1835,471,244,188,1,-1,-1,-1
229,107,1419,367,145,190,1,-1,-1,-1
229,111,1410,357,140,212,1,-1,-1,-1
229,114,953,643,91,99,1,-1,-1,-1
229,115,829,747,126,84,1,-1,-1,-1
229,117,1009,522,156,180,1,-1,-1,-1
229,118,1216,417,155,193,1,-1,-1,-1
229,120,1983,28,224,168,1,-1,-1,-1
229,126,1119,526,153,144,1,-1,-1,-1
229,127,1521,537,200,176,1,-1,-1,-1
229,128,1820,463,252,200,1,-1,-1,-1
229,129,820,686,156,152,1,-1,-1,-1
229,130,2126,395,123,221,1,-1,-1,-1
229,131,2016,10,196,178,1,-1,-1,-1
229,132,1413,410,132,152,1,-1,-1,-1
229,133,1570,32,92,212,1,-1,-1,-1
229,134,1253,403,105,189,1,-1,-1,-1
229,135,1704,204,139,328,1,-1,-1,-1
229,136,1709,425,88,175,1,-1,-1,-1
229,137,1835,483,256,176,1,-1,-1,-1
229,138,38,723,84,109,1,-1,-1,-1
229,139,1702,420,92,176,1,-1,-1,-1
229,140,2137,394,107,244,1,-1,-1,-1
229,141,2232,262,168,340,1,-1,-1,-1
229,142,2032,19,210,164,1,-1,-1,-1
229,143,1121,435,132,228,1,-1,-1,-1
229,144,1523,318,101,181,1,-1,-1,-1
229,145,2392,125,109,223,1,-1,-1,-1
229,146,950,659,120,88,1,-1,-1,-1
229,147,1569,27,102,210,1,-1,-1,-1
230,44,962,574,133,168,1,-1,-1,-1
230,55,951,549,132,196,1,-1,-1,-1
230,56,843,694,141,137,1,-1,-1,-1
230,70,1541,564,210,155,1,-1,-1,-1
230,71,836,674,152,160,1,-1,-1,-1
230,95,2132,371,148,256,1,-1,-1,-1
230,99,960,665,120,80,1,-1,-1,-1
230,103,1853,482,151,164,1,-1,-1,-1
230,106,1855,468,244,188,1,-1,-1,-1
230,107,1435,362,145,190,1,-1,-1,-1
230,111,1423,354,140,212,1,-1,-1,-1
230,114,965,639,91,99,1,-1,-1,-1
230,115,847,748,126,84,1,-1,-1,-1
230,117,1022,520,156,180,1,-1,-1,-1
230,118,1234,410,155,193,1,-1,-1,-1
230,120,1987,27,224,168,1,-1,-1,-1
230,126,1132,523,153,144,1,-1,-1,-1
230,127,1537,536,200,176,1,-1,-1,-1
230,128,1837,458,252,200,1,-1,-1,-1
230,129,837,685,156,152,1,-1,-1,-1
230,130,2142,390,130,232,1,-1,-1,-1
230,131,2021,9,196,178,1,-1,-1,-1
230,132,1429,408,132,152,1,-1,-1,-1
230,133,1583,26,92,212,1,-1,-1,-1
230,134,1267,394,110,198,1,-1,-1,-1
230,135,1721,205,139,328,1,-1,-1,-1
230,136,1722,423,88,175,1,-1,-1,-1
230,137,1852,483,256,176,1,-1,-1,-1
230,138,58,724,80,104,1,-1,-1,-1
230,139,1717,420,92,176,1,-1,-1,-1
230,140,2155,395,107,244,1,-1,-1,-1
230,141,2251,259,168,340,1,-1,-1,-1
230,142,2043,17,210,164,1,-1,-1,-1
230,143,1137,432,132,228,1,-1,-1,-1
230,144,1537,314,101,181,1,-1,-1,-1
230,145,2404,126,104,212,1,-1,-1,-1
230,146,963,657,120,88,1,-1,-1,-1
230,147,1585,26,102,210,1,-1,-1,-1
231,44,977,574,133,168,1,-1,-1,-1
231,55,964,550,132,196,1,-1,-1,-1
231,56,860,693,141,137,1,-1,-1,-1
231,70,1557,563,210,155,1,-1,-1,-1
231,71,854,673,152,160,1,-1,-1,-1
231,95,2138,373,148,256,1,-1,-1,-1
231,99,973,663,120,80,1,-1,-1,-1
231,103,1869,480,151,164,1,-1,-1,-1
231,106,1877,469,244,188,1,-1,-1,-1
231,107,1451,363,145,190,1,-1,-1,-1
231,114,980,639,91,99,1,-1,-1,-1
231,115,867,750,120,80,1,-1,-1,-1
231,117,1038,518,156,180,1,-1,-1,-1
231,118,1254,413,155,193,1,-1,-1,-1
231,120,2000,26,224,168,1,-1,-1,-1
231,126,1146,520,153,144,1,-1,-1,-1
231,127,1553,535,200,176,1,-1,-1,-1
231,128,1858,457,252,200,1,-1,-1,-1
231,129,854,683,156,152,1,-1,-1,-1
231,130,2151,385,136,244,1,-1,-1,-1
231,131,2025,2,206,187,1,-1,-1,-1
231,132,1445,406,132,152,1,-1,-1,-1
231,134,1284,395,110,198,1,-1,-1,-1
231,135,1736,202,139,328,1,-1,-1,-1
231,136,1736,421,88,175,1,-1,-1,-1
231,137,1868,483,256,176,1,-1,-1,-1
231,138,76,722,80,104,1,-1,-1,-1
231,139,1731,419,92,176,1,-1,-1,-1
231,140,2168,393,107,244,1,-1,-1,-1
231,141,2260,257,168,340,1,-1,-1,-1
231,142,2054,16,210,164,1,-1,-1,-1
231,143,1152,431,132,228,1,-1,-1,-1
231,144,1551,311,101,181,1,-1,-1,-1
231,145,2422,125,104,212,1,-1,-1,-1
231,146,976,655,120,88,1,-1,-1,-1
231,147,1597,20,107,221,1,-1,-1,-1
232,44,990,567,133,168,1,-1,-1,-1
232,55,976,541,132,196,1,-1,-1,-1
232,56,877,685,141,137,1,-1,-1,-1
232,70,1571,555,210,155,1,-1,-1,-1
232,71,872,671,145,152,1,-1,-1,-1
232,95,2158,374,141,244,1,-1,-1,-1
232,99,986,656,120,80,1,-1,-1,-1
232,103,1885,474,151,164,1,-1,-1,-1
232,106,1895,463,244,188,1,-1,-1,-1
232,107,1465,349,145,190,1,-1,-1,-1
232,114,991,631,91,99,1,-1,-1,-1
232,115,885,744,114,76,1,-1,-1,-1
232,117,1050,511,156,180,1,-1,-1,-1
232,118,1262,410,155,193,1,-1,-1,-1
232,120,2000,17,235,176,1,-1,-1,-1
232,126,1164,519,146,137,1,-1,-1,-1
232,127,1570,530,200,176,1,-1,-1,-1
232,128,1870,457,252,200,1,-1,-1,-1
232,129,871,676,156,152,1,-1,-1,-1
232,130,2168,381,136,244,1,-1,-1,-1
232,131,2033,0,206,185,1,-1,-1,-1
232,132,1461,396,132,152,1,-1,-1,-1
232,134,1302,384,110,198,1,-1,-1,-1
232,135,1744,196,139,328,1,-1,-1,-1
232,136,1748,415,88,175,1,-1,-1,-1
232,137,1884,477,256,176,1,-1,-1,-1
232,138,92,714,80,104,1,-1,-1,-1
232,139,1745,417,92,176,1,-1,-1,-1
232,140,2181,386,112,256,1,-1,-1,-1
232,141,2274,251,168,340,1,-1,-1,-1
232,142,2066,10,210,164,1,-1,-1,-1
232,143,1170,428,132,228,1,-1,-1,-1
232,144,1564,302,106,190,1,-1,-1,-1
232,145,2437,121,104,212,1,-1,-1,-1
232,146,989,648,120,88,1,-1,-1,-1
232,147,1610,16,107,221,1,-1,-1,-1
233,44,990,567,133,168,1,-1,-1,-1
233,55,976,541,132,196,1,-1,-1,-1
233,56,877,685,141,137,1,-1,-1,-1
233,70,1592,536,180,156,1,-1,-1,-1
233,71,872,671,145,152,1,-1,-1,-1
233,95,2158,374,141,244,1,-1,-1,-1
233,99,986,656,120,80,1,-1,-1,-1
233,103,1885,474,151,164,1,-1,-1,-1
233,106,1900,464,252,188,1,-1,-1,-1
233,107,1465,349,145,190,1,-1,-1,-1
233,114,991,631,91,99,1,-1,-1,-1
233,115,885,744,114,76,1,-1,-1,-1
233,117,1050,511,156,180,1,-1,-1,-1
233,118,1262,410,155,193,1,-1,-1,-1
233,120,2000,17,235,176,1,-1,-1,-1
233,126,1164,519,146,137,1,-1,-1,-1
233,127,1570,530,200,176,1,-1,-1,-1
233,128,1870,457,252,200,1,-1,-1,-1
233,129,896,668,128,148,1,-1,-1,-1
233,130,2184,372,120,228,1,-1,-1,-1
233,131,2033,0,206,185,1,-1,-1,-1
233,132,1461,396,132,152,1,-1,-1,-1
233,134,1302,384,110,198,1,-1,-1,-1
233,135,1744,196,139,328,1,-1,-1,-1
233,136,1748,364,100,212,1,-1,-1,-1
233,137,1884,477,256,176,1,-1,-1,-1
233,138,92,714,80,104,1,-1,-1,-1
233,139,1745,417,92,176,1,-1,-1,-1
233,140,2181,386,112,256,1,-1,-1,-1
233,141,2304,248,128,300,1,-1,-1,-1
233,142,2076,0,176,188,1,-1,-1,-1
233,143,1172,420,140,228,1,-1,-1,-1
233,144,1564,302,106,190,1,-1,-1,-1
233,145,2437,121,104,212,1,-1,-1,-1
233,146,989,648,120,88,1,-1,-1,-1
233,147,1610,16,107,221,1,-1,-1,-1
233,148,0,708,180,168,1,-1,-1,-1
233,149,1648,228,92,252,1,-1,-1,-1
233,150,1004,572,156,164,1,-1,-1,-1
233,151,1820,304,100,196,1,-1,-1,-1
233,152,1356,432,108,128,1,-1,-1,-1
233,153,1328,512,72,84,1,-1,-1,-1
233,154,2448,76,112,240,1,-1,-1,-1
234,44,1008,556,133,168,1,-1,-1,-1
234,55,994,537,132,196,1,-1,-1,-1
234,56,902,679,141,137,1,-1,-1,-1
234,70,1600,532,180,156,1,-1,-1,-1
234,71,897,664,145,152,1,-1,-1,-1
234,99,1009,647,114,76,1,-1,-1,-1
234,103,1911,464,151,164,1,-1,-1,-1
234,106,1906,460,252,188,1,-1,-1,-1
234,107,1488,342,145,190,1,-1,-1,-1
234,114,1012,621,91,99,1,-1,-1,-1
234,115,908,735,114,76,1,-1,-1,-1
234,117,1066,504,156,180,1,-1,-1,-1
234,118,1283,394,155,193,1,-1,-1,-1
234,126,1177,504,153,144,1,-1,-1,-1
234,127,1596,523,190,168,1,-1,-1,-1
234,128,1898,446,252,200,1,-1,-1,-1
234,129,905,664,128,148,1,-1,-1,-1
234,130,2190,369,120,228,1,-1,-1,-1
234,131,2035,0,216,183,1,-1,-1,-1
234,132,1483,384,132,152,1,-1,-1,-1
234,134,1315,375,116,208,1,-1,-1,-1
234,135,1768,178,146,344,1,-1,-1,-1
234,136,1752,360,100,212,1,-1,-1,-1
234,137,1901,464,269,185,1,-1,-1,-1
234,138,116,704,80,104,1,-1,-1,-1
234,139,1757,402,92,176,1,-1,-1,-1
234,140,2199,382,112,256,1,-1,-1,-1
234,141,2306,240,134,315,1,-1,-1,-1
234,142,2080,0,176,184,1,-1,-1,-1
234,143,1178,416,140,228,1,-1,-1,-1
234,144,1588,287,106,190,1,-1,-1,-1
234,145,2455,101,104,212,1,-1,-1,-1
234,146,1007,638,120,88,1,-1,-1,-1
234,147,1630,4,107,221,1,-1,-1,-1
234,148,10,702,180,168,1,-1,-1,-1
234,149,1651,224,92,252,1,-1,-1,-1
234,150,1010,568,156,164,1,-1,-1,-1
234,151,1824,300,100,196,1,-1,-1,-1
234,152,1366,428,108,128,1,-1,-1,-1
234,153,1335,507,72,84,1,-1,-1,-1
234,154,2452,71,108,240,1,-1,-1,-1
235,44,1011,554,133,168,1,-1,-1,-1
235,55,999,534,126,187,1,-1,-1,-1
235,56,903,673,141,137,1,-1,-1,-1
235,70,1603,528,180,156,1,-1,-1,-1
235,71,900,660,145,152,1,-1,-1,-1
235,99,1009,644,114,76,1,-1,-1,-1
235,103,1919,466,144,156,1,-1,-1,-1
235,106,1917,461,240,179,1,-1,-1,-1
235,107,1492,336,145,190,1,-1,-1,-1
235,114,1012,615,91,99,1,-1,-1,-1
235,115,912,733,114,76,1,-1,-1,-1
235,117,1072,499,156,180,1,-1,-1,-1
235,118,1283,393,155,193,1,-1,-1,-1
235,126,1184,503,146,137,1,-1,-1,-1
235,127,1595,517,200,176,1,-1,-1,-1
235,128,1906,441,252,200,1,-1,-1,-1
235,129,908,661,128,148,1,-1,-1,-1
235,130,2195,365,120,228,1,-1,-1,-1
235,131,2039,0,216,182,1,-1,-1,-1
235,132,1488,381,132,152,1,-1,-1,-1
235,134,1319,372,116,208,1,-1,-1,-1
235,136,1755,356,100,212,1,-1,-1,-1
235,137,1910,465,256,176,1,-1,-1,-1
235,138,122,702,76,99,1,-1,-1,-1
235,139,1758,400,92,176,1,-1,-1,-1
235,140,2202,371,118,269,1,-1,-1,-1
235,141,2308,237,134,315,1,-1,-1,-1
235,142,2082,0,176,181,1,-1,-1,-1
235,143,1180,414,140,228,1,-1,-1,-1
235,144,1595,283,106,190,1,-1,-1,-1
235,145,2460,95,100,212,1,-1,-1,-1
235,146,1008,633,120,88,1,-1,-1,-1
235,147,1634,3,107,221,1,-1,-1,-1
235,148,15,696,180,168,1,-1,-1,-1
235,149,1656,221,92,252,1,-1,-1,-1
235,150,1012,565,156,164,1,-1,-1,-1
235,151,1825,288,105,206,1,-1,-1,-1
235,152,1370,424,108,128,1,-1,-1,-1
235,153,1339,503,72,84,1,-1,-1,-1
235,154,2457,69,103,229,1,-1,-1,-1
236,44,1013,555,127,160,1,-1,-1,-1
236,55,996,526,126,187,1,-1,-1,-1
236,56,905,669,141,137,1,-1,-1,-1
236,70,1602,525,180,156,1,-1,-1,-1
236,71,900,657,145,152,1,-1,-1,-1
236,99,1007,640,114,76,1,-1,-1,-1
236,103,1919,462,144,156,1,-1,-1,-1
236,106,1917,458,240,179,1,-1,-1,-1
236,107,1492,331,145,190,1,-1,-1,-1
236,114,1010,613,91,99,1,-1,-1,-1
236,115,912,729,114,76,1,-1,-1,-1
236,117,1068,494,156,180,1,-1,-1,-1
236,118,1283,390,155,193,1,-1,-1,-1
236,126,1184,505,139,130,1,-1,-1,-1
236,127,1594,513,200,176,1,-1,-1,-1
236,128,1907,436,252,200,1,-1,-1,-1
236,129,908,658,128,148,1,-1,-1,-1
236,130,2194,362,120,228,1,-1,-1,-1
236,131,2034,0,216,177,1,-1,-1,-1
236,132,1487,377,132,152,1,-1,-1,-1
236,134,1319,367,116,208,1,-1,-1,-1
236,136,1754,348,100,212,1,-1,-1,-1
236,137,1911,460,256,176,1,-1,-1,-1
236,138,121,700,73,94,1,-1,-1,-1
236,139,1755,395,92,176,1,-1,-1,-1
236,140,2204,367,118,269,1,-1,-1,-1
236,141,2309,231,134,315,1,-1,-1,-1
236,142,2079,0,176,178,1,-1,-1,-1
236,143,1175,404,147,239,1,-1,-1,-1
236,144,1591,271,106,190,1,-1,-1,-1
236,145,2458,84,102,223,1,-1,-1,-1
236,146,1007,629,120,88,1,-1,-1,-1
236,147,1636,0,107,219,1,-1,-1,-1
236,148,16,693,180,168,1,-1,-1,-1
236,149,1661,215,92,252,1,-1,-1,-1
236,150,1012,559,156,164,1,-1,-1,-1
236,151,1822,283,105,206,1,-1,-1,-1
236,152,1370,419,108,128,1,-1,-1,-1
236,153,1337,501,72,84,1,-1,-1,-1
236,154,2457,64,103,229,1,-1,-1,-1
237,44,1009,555,127,160,1,-1,-1,-1
237,55,993,527,126,187,1,-1,-1,-1
237,56,900,669,141,137,1,-1,-1,-1
237,70,1598,524,180,156,1,-1,-1,-1
237,71,896,658,145,152,1,-1,-1,-1
237,99,1001,639,114,76,1,-1,-1,-1
237,103,1918,461,144,156,1,-1,-1,-1
237,106,1915,459,240,179,1,-1,-1,-1
237,107,1489,330,145,190,1,-1,-1,-1
237,114,1003,612,91,99,1,-1,-1,-1
237,115,909,729,114,76,1,-1,-1,-1
237,117,1065,495,156,180,1,-1,-1,-1
237,126,1179,507,139,130,1,-1,-1,-1
237,127,1590,514,200,176,1,-1,-1,-1
237,128,1909,435,252,200,1,-1,-1,-1
237,129,905,658,128,148,1,-1,-1,-1
237,130,2191,364,120,228,1,-1,-1,-1
237,131,2029,0,216,175,1,-1,-1,-1
237,132,1483,377,132,152,1,-1,-1,-1
237,134,1320,365,116,208,1,-1,-1,-1
237,136,1753,350,95,202,1,-1,-1,-1
237,137,1912,458,256,176,1,-1,-1,-1
237,138,118,701,73,94,1,-1,-1,-1
237,139,1754,399,88,168,1,-1,-1,-1
237,140,2207,369,112,256,1,-1,-1,-1
237,141,2312,238,128,300,1,-1,-1,-1
237,142,2072,0,176,177,1,-1,-1,-1
237,143,1171,404,147,239,1,-1,-1,-1
237,144,1589,272,106,190,1,-1,-1,-1
237,145,2454,81,106,223,1,-1,-1,-1
237,146,1004,631,114,84,1,-1,-1,-1
237,147,1633,0,107,221,1,-1,-1,-1
237,148,13,693,180,168,1,-1,-1,-1
237,149,1661,215,92,252,1,-1,-1,-1
237,150,1008,561,156,164,1,-1,-1,-1
237,151,1815,282,105,206,1,-1,-1,-1
237,152,1369,417,108,128,1,-1,-1,-1
237,153,1333,503,69,80,1,-1,-1,-1
237,154,2454,55,106,240,1,-1,-1,-1
238,44,991,580,121,152,1,-1,-1,-1
238,55,974,549,126,187,1,-1,-1,-1
238,56,882,687,141,137,1,-1,-1,-1
238,70,1578,543,180,156,1,-1,-1,-1
238,71,878,678,145,152,1,-1,-1,-1
238,99,978,657,114,76,1,-1,-1,-1
238,103,1904,480,137,149,1,-1,-1,-1
238,106,1886,475,252,188,1,-1,-1,-1
238,107,1470,347,145,190,1,-1,-1,-1
238,114,983,634,91,99,1,-1,-1,-1
238,115,891,749,114,76,1,-1,-1,-1
238,117,1047,515,156,180,1,-1,-1,-1
238,126,1158,526,139,130,1,-1,-1,-1
238,127,1568,534,200,176,1,-1,-1,-1
238,128,1898,459,252,200,1,-1,-1,-1
238,129,887,678,128,148,1,-1,-1,-1
238,130,2172,382,120,228,1,-1,-1,-1
238,131,2007,0,216,195,1,-1,-1,-1
238,132,1463,394,132,152,1,-1,-1,-1
238,134,1307,385,116,208,1,-1,-1,-1
238,136,1733,370,95,202,1,-1,-1,-1
238,137,1889,476,256,176,1,-1,-1,-1
238,138,100,720,73,94,1,-1,-1,-1
238,139,1735,415,88,168,1,-1,-1,-1
238,140,2190,391,112,256,1,-1,-1,-1
238,141,2292,258,122,286,1,-1,-1,-1
238,142,2050,7,176,188,1,-1,-1,-1
238,143,1148,425,147,239,1,-1,-1,-1
238,144,1573,290,106,190,1,-1,-1,-1
238,145,2434,100,109,223,1,-1,-1,-1
238,146,982,649,114,84,1,-1,-1,-1
238,147,1621,25,102,210,1,-1,-1,-1
238,148,0,713,175,168,1,-1,-1,-1
238,149,1643,222,92,252,1,-1,-1,-1
238,150,991,583,149,156,1,-1,-1,-1
238,151,1796,304,105,206,1,-1,-1,-1
238,152,1355,432,108,128,1,-1,-1,-1
238,153,1313,520,72,84,1,-1,-1,-1
238,154,2437,79,107,229,1,-1,-1,-1
239,44,980,585,121,152,1,-1,-1,-1
239,55,966,557,126,187,1,-1,-1,-1
239,56,875,695,141,137,1,-1,-1,-1
239,70,1571,552,171,149,1,-1,-1,-1
239,71,873,686,138,145,1,-1,-1,-1
239,99,968,666,114,76,1,-1,-1,-1
239,103,1895,489,137,149,1,-1,-1,-1
239,106,1882,480,252,188,1,-1,-1,-1
239,107,1462,359,138,181,1,-1,-1,-1
239,114,972,640,91,99,1,-1,-1,-1
239,115,881,756,114,76,1,-1,-1,-1
239,117,1034,530,156,180,1,-1,-1,-1
239,126,1144,530,139,130,1,-1,-1,-1
239,127,1558,540,200,176,1,-1,-1,-1
239,128,1885,460,252,200,1,-1,-1,-1
239,129,878,685,128,148,1,-1,-1,-1
239,130,2158,385,120,228,1,-1,-1,-1
239,131,1989,6,216,196,1,-1,-1,-1
239,132,1452,403,132,152,1,-1,-1,-1
239,134,1300,379,122,218,1,-1,-1,-1
239,136,1719,376,95,202,1,-1,-1,-1
239,137,1880,481,256,176,1,-1,-1,-1
239,138,88,724,73,94,1,-1,-1,-1
239,139,1715,413,92,176,1,-1,-1,-1
239,140,2181,393,112,256,1,-1,-1,-1
239,141,2283,257,128,300,1,-1,-1,-1
239,142,2035,16,176,188,1,-1,-1,-1
239,143,1141,430,147,239,1,-1,-1,-1
239,144,1561,298,101,181,1,-1,-1,-1
239,145,2422,102,109,223,1,-1,-1,-1
239,146,971,658,114,84,1,-1,-1,-1
239,147,1604,24,107,221,1,-1,-1,-1
239,148,0,722,161,160,1,-1,-1,-1
239,149,1640,245,92,252,1,-1,-1,-1
239,150,979,592,149,156,1,-1,-1,-1
239,151,1783,308,105,206,1,-1,-1,-1
239,152,1348,436,108,128,1,-1,-1,-1
239,153,1304,526,72,84,1,-1,-1,-1
239,154,2424,74,112,240,1,-1,-1,-1
240,44,963,597,121,152,1,-1,-1,-1
240,55,949,568,126,187,1,-1,-1,-1
240,56,859,705,141,137,1,-1,-1,-1
240,70,1555,563,171,149,1,-1,-1,-1
240,71,858,696,138,145,1,-1,-1,-1
240,99,953,677,114,76,1,-1,-1,-1
240,103,1881,498,137,149,1,-1,-1,-1
240,106,1863,490,252,188,1,-1,-1,-1
240,107,1446,366,138,181,1,-1,-1,-1
240,114,956,651,91,99,1,-1,-1,-1
240,115,867,767,114,76,1,-1,-1,-1
240,117,1022,533,156,180,1,-1,-1,-1
240,126,1130,541,139,130,1,-1,-1,-1
240,127,1540,550,200,176,1,-1,-1,-1
240,128,1873,467,252,200,1,-1,-1,-1
240,129,860,692,134,155,1,-1,-1,-1
240,130,2141,397,120,228,1,-1,-1,-1
240,131,1977,23,206,187,1,-1,-1,-1
240,132,1437,413,132,152,1,-1,-1,-1
240,134,1279,402,116,208,1,-1,-1,-1
240,136,1703,390,95,202,1,-1,-1,-1
240,137,1870,490,256,176,1,-1,-1,-1
240,138,73,736,73,94,1,-1,-1,-1
240,139,1699,429,92,176,1,-1,-1,-1
240,140,2165,414,107,244,1,-1,-1,-1
240,141,2262,266,128,300,1,-1,-1,-1
240,142,2022,32,168,179,1,-1,-1,-1
240,143,1124,443,147,239,1,-1,-1,-1
240,144,1547,316,101,181,1,-1,-1,-1
240,145,2406,111,104,212,1,-1,-1,-1
240,146,956,669,114,84,1,-1,-1,-1
240,147,1592,33,107,221,1,-1,-1,-1
240,148,0,733,145,160,1,-1,-1,-1
240,149,1629,249,92,252,1,-1,-1,-1
240,150,964,603,149,156,1,-1,-1,-1
240,151,1765,319,105,206,1,-1,-1,-1
240,152,1338,437,108,128,1,-1,-1,-1
240,153,1290,536,72,84,1,-1,-1,-1
240,154,2405,81,112,240,1,-1,-1,-1
241,44,963,597,121,152,1,-1,-1,-1
241,55,949,568,126,187,1,-1,-1,-1
241,56,859,705,141,137,1,-1,-1,-1
241,70,1555,563,171,149,1,-1,-1,-1
241,71,858,696,138,145,1,-1,-1,-1
241,99,953,677,114,76,1,-1,-1,-1
241,106,1840,524,260,176,1,-1,-1,-1
241,107,1446,366,138,181,1,-1,-1,-1
241,114,956,651,91,99,1,-1,-1,-1
241,115,867,767,114,76,1,-1,-1,-1
241,117,1022,533,156,180,1,-1,-1,-1
241,126,1130,541,139,130,1,-1,-1,-1
241,127,1536,568,184,172,1,-1,-1,-1
241,128,1873,467,252,200,1,-1,-1,-1
241,129,844,708,140,148,1,-1,-1,-1
241,130,2141,397,120,228,1,-1,-1,-1
241,131,1977,23,206,187,1,-1,-1,-1
241,132,1440,416,112,128,1,-1,-1,-1
241,134,1279,402,116,208,1,-1,-1,-1
241,136,1703,390,95,202,1,-1,-1,-1
241,137,1870,490,256,176,1,-1,-1,-1
241,138,73,736,73,94,1,-1,-1,-1
241,139,1688,424,104,192,1,-1,-1,-1
241,140,2165,414,107,244,1,-1,-1,-1
241,141,2236,268,196,324,1,-1,-1,-1
241,142,2022,32,168,179,1,-1,-1,-1
241,143,1124,443,147,239,1,-1,-1,-1
241,144,1547,316,101,181,1,-1,-1,-1
241,145,2406,111,104,212,1,-1,-1,-1
241,146,956,669,114,84,1,-1,-1,-1
241,147,1572,36,140,232,1,-1,-1,-1
241,148,0,740,112,164,1,-1,-1,-1
241,149,1629,249,92,252,1,-1,-1,-1
241,150,964,603,149,156,1,-1,-1,-1
241,151,1765,319,105,206,1,-1,-1,-1
241,152,1338,437,108,128,1,-1,-1,-1
241,153,1290,536,72,84,1,-1,-1,-1
241,154,2405,81,112,240,1,-1,-1,-1
241,155,2040,400,200,260,1,-1,-1,-1
241,156,844,784,120,72,1,-1,-1,-1
241,157,2028,52,124,172,1,-1,-1,-1
241,158,1260,540,96,96,1,-1,-1,-1
242,44,936,626,121,152,1,-1,-1,-1
242,55,923,602,120,178,1,-1,-1,-1
242,56,833,730,141,137,1,-1,-1,-1
242,70,1527,592,171,149,1,-1,-1,-1
242,71,827,720,145,152,1,-1,-1,-1
242,99,921,703,120,80,1,-1,-1,-1
242,106,1830,539,260,176,1,-1,-1,-1
242,107,1422,392,138,181,1,-1,-1,-1
242,114,928,680,91,99,1,-1,-1,-1
242,115,841,793,114,76,1,-1,-1,-1
242,117,990,555,164,189,1,-1,-1,-1
242,126,1105,568,139,130,1,-1,-1,-1
242,127,1523,583,184,172,1,-1,-1,-1
242,128,1854,503,240,190,1,-1,-1,-1
242,129,831,721,140,148,1,-1,-1,-1
242,130,2115,425,120,228,1,-1,-1,-1
242,131,1948,49,206,187,1,-1,-1,-1
242,132,1427,429,112,128,1,-1,-1,-1
242,134,1300,407,116,208,1,-1,-1,-1
242,136,1695,413,95,202,1,-1,-1,-1
242,137,1847,524,256,176,1,-1,-1,-1
242,138,44,761,73,94,1,-1,-1,-1
242,139,1675,439,104,192,1,-1,-1,-1
242,141,2224,283,196,324,1,-1,-1,-1
242,142,1988,65,160,171,1,-1,-1,-1
242,143,1098,471,147,239,1,-1,-1,-1
242,144,1526,343,106,190,1,-1,-1,-1
242,145,2384,149,104,212,1,-1,-1,-1
242,146,925,694,120,88,1,-1,-1,-1
242,147,1558,52,140,232,1,-1,-1,-1
242,148,0,752,102,164,1,-1,-1,-1
242,149,1627,277,92,252,1,-1,-1,-1
242,150,937,632,149,156,1,-1,-1,-1
242,151,1742,353,105,206,1,-1,-1,-1
242,152,1320,459,108,128,1,-1,-1,-1
242,153,1266,561,72,84,1,-1,-1,-1
242,154,2380,112,112,240,1,-1,-1,-1
242,155,2026,414,200,260,1,-1,-1,-1
242,156,832,797,120,72,1,-1,-1,-1
242,157,2013,69,124,172,1,-1,-1,-1
242,158,1248,553,96,96,1,-1,-1,-1
243,44,923,638,121,152,1,-1,-1,-1
243,55,910,611,120,178,1,-1,-1,-1
243,56,824,741,141,137,1,-1,-1,-1
243,70,1516,604,171,149,1,-1,-1,-1
243,71,820,735,145,152,1,-1,-1,-1
243,99,910,716,120,80,1,-1,-1,-1
243,106,1823,547,260,176,1,-1,-1,-1
243,107,1412,405,131,173,1,-1,-1,-1
243,114,918,692,91,99,1,-1,-1,-1
243,115,832,807,114,76,1,-1,-1,-1
243,117,975,569,164,189,1,-1,-1,-1
243,126,1093,581,139,130,1,-1,-1,-1
243,127,1515,592,184,172,1,-1,-1,-1
243,128,1845,520,240,190,1,-1,-1,-1
243,129,822,732,140,148,1,-1,-1,-1
243,130,2104,424,126,239,1,-1,-1,-1
243,131,1927,62,206,187,1,-1,-1,-1
243,132,1418,439,112,128,1,-1,-1,-1
243,134,1299,419,116,208,1,-1,-1,-1
243,136,1682,423,95,202,1,-1,-1,-1
243,137,1843,533,256,176,1,-1,-1,-1
243,138,36,772,73,94,1,-1,-1,-1
243,139,1671,450,99,183,1,-1,-1,-1
243,141,2219,296,187,309,1,-1,-1,-1
243,142,1979,81,152,162,1,-1,-1,-1
243,143,1089,481,140,228,1,-1,-1,-1
243,144,1512,354,111,199,1,-1,-1,-1
243,145,2366,150,104,212,1,-1,-1,-1
243,146,914,707,120,88,1,-1,-1,-1
243,147,1553,58,140,232,1,-1,-1,-1
243,148,0,761,92,164,1,-1,-1,-1
243,149,1626,268,97,265,1,-1,-1,-1
243,150,925,641,149,156,1,-1,-1,-1
243,151,1724,356,105,206,1,-1,-1,-1
243,152,1310,473,108,128,1,-1,-1,-1
243,153,1257,571,72,84,1,-1,-1,-1
243,154,2365,118,107,229,1,-1,-1,-1
243,155,2012,427,200,260,1,-1,-1,-1
243,156,823,808,120,72,1,-1,-1,-1
243,157,1998,76,124,172,1,-1,-1,-1
243,158,1239,563,96,96,1,-1,-1,-1
244,44,916,648,121,152,1,-1,-1,-1
244,55,904,618,120,178,1,-1,-1,-1
244,56,815,753,141,137,1,-1,-1,-1
244,70,1506,613,180,156,1,-1,-1,-1
244,71,813,745,145,152,1,-1,-1,-1
244,99,902,727,120,80,1,-1,-1,-1
244,106,1814,561,260,176,1,-1,-1,-1
244,107,1406,412,131,173,1,-1,-1,-1
244,114,909,701,91,99,1,-1,-1,-1
244,115,824,819,114,76,1,-1,-1,-1
244,117,971,575,164,189,1,-1,-1,-1
244,126,1083,593,139,130,1,-1,-1,-1
244,127,1507,603,184,172,1,-1,-1,-1
244,129,814,743,140,148,1,-1,-1,-1
244,130,2090,443,126,239,1,-1,-1,-1
244,131,1912,76,206,187,1,-1,-1,-1
244,132,1410,450,112,128,1,-1,-1,-1
244,134,1298,433,110,198,1,-1,-1,-1
244,136,1667,439,95,202,1,-1,-1,-1
244,137,1838,556,244,168,1,-1,-1,-1
244,138,27,783,73,94,1,-1,-1,-1
244,139,1658,458,104,192,1,-1,-1,-1
244,141,2209,303,187,309,1,-1,-1,-1
244,142,1969,98,145,155,1,-1,-1,-1
244,143,1084,496,140,228,1,-1,-1,-1
244,145,2362,166,104,212,1,-1,-1,-1
244,146,904,718,120,88,1,-1,-1,-1
244,147,1547,78,140,232,1,-1,-1,-1
244,148,0,771,88,164,1,-1,-1,-1
244,149,1627,221,97,265,1,-1,-1,-1
244,150,918,655,141,149,1,-1,-1,-1
244,151,1713,371,105,206,1,-1,-1,-1
244,152,1301,485,108,128,1,-1,-1,-1
244,153,1249,581,72,84,1,-1,-1,-1
244,154,2359,133,107,229,1,-1,-1,-1
244,155,2006,437,200,260,1,-1,-1,-1
244,156,816,819,120,72,1,-1,-1,-1
244,157,1989,95,118,164,1,-1,-1,-1
244,158,1231,573,96,96,1,-1,-1,-1
245,44,908,659,121,152,1,-1,-1,-1
245,55,895,631,120,178,1,-1,-1,-1
245,56,812,764,141,137,1,-1,-1,-1
245,70,1499,623,180,156,1,-1,-1,-1
245,71,806,757,145,152,1,-1,-1,-1
245,99,895,739,120,80,1,-1,-1,-1
245,106,1806,565,273,185,1,-1,-1,-1
245,107,1399,422,131,173,1,-1,-1,-1
245,114,901,713,91,99,1,-1,-1,-1
245,115,819,829,114,76,1,-1,-1,-1
245,117,962,587,164,189,1,-1,-1,-1
245,126,1076,604,139,130,1,-1,-1,-1
245,127,1500,614,184,172,1,-1,-1,-1
245,129,809,753,140,148,1,-1,-1,-1
245,130,2085,446,126,239,1,-1,-1,-1
245,131,1905,82,206,187,1,-1,-1,-1
245,132,1404,462,112,128,1,-1,-1,-1
245,134,1296,437,110,198,1,-1,-1,-1
245,136,1652,437,100,212,1,-1,-1,-1
245,137,1843,565,244,168,1,-1,-1,-1
245,138,23,795,69,90,1,-1,-1,-1
245,139,1652,464,104,192,1,-1,-1,-1
245,141,2203,313,187,309,1,-1,-1,-1
245,142,1959,109,145,155,1,-1,-1,-1
245,143,1074,501,147,239,1,-1,-1,-1
245,145,2359,179,104,212,1,-1,-1,-1
245,146,897,729,120,88,1,-1,-1,-1
245,147,1536,81,140,232,1,-1,-1,-1
245,148,0,786,82,156,1,-1,-1,-1
245,150,907,668,141,149,1,-1,-1,-1
245,151,1703,379,105,206,1,-1,-1,-1
245,152,1291,495,108,128,1,-1,-1,-1
245,153,1243,592,72,84,1,-1,-1,-1
245,154,2346,136,112,240,1,-1,-1,-1
245,155,1997,449,200,260,1,-1,-1,-1
245,156,810,829,120,72,1,-1,-1,-1
245,157,1979,105,118,164,1,-1,-1,-1
245,158,1226,583,96,96,1,-1,-1,-1
246,44,901,665,121,152,1,-1,-1,-1
246,55,892,633,120,178,1,-1,-1,-1
246,56,810,772,134,131,1,-1,-1,-1
246,70,1499,632,171,149,1,-1,-1,-1
246,71,803,763,145,152,1,-1,-1,-1
246,99,895,748,114,76,1,-1,-1,-1
246,106,1801,573,273,185,1,-1,-1,-1
246,107,1399,432,125,165,1,-1,-1,-1
246,114,897,721,91,99,1,-1,-1,-1
246,115,814,836,114,76,1,-1,-1,-1
246,117,959,595,164,189,1,-1,-1,-1
246,126,1071,616,139,130,1,-1,-1,-1
246,127,1497,620,184,172,1,-1,-1,-1
246,129,806,759,140,148,1,-1,-1,-1
246,130,2084,456,120,228,1,-1,-1,-1
246,131,1905,98,196,178,1,-1,-1,-1
246,132,1402,465,112,128,1,-1,-1,-1
246,134,1293,448,110,198,1,-1,-1,-1
246,136,1641,436,105,223,1,-1,-1,-1
246,137,1842,568,244,168,1,-1,-1,-1
246,138,22,802,69,90,1,-1,-1,-1
246,139,1648,468,104,192,1,-1,-1,-1
246,141,2197,314,187,309,1,-1,-1,-1
246,142,1949,115,145,155,1,-1,-1,-1
246,143,1070,503,147,239,1,-1,-1,-1
246,145,2349,181,104,212,1,-1,-1,-1
246,146,894,737,120,88,1,-1,-1,-1
246,147,1534,93,133,221,1,-1,-1,-1
246,148,0,791,78,156,1,-1,-1,-1
246,150,907,676,135,142,1,-1,-1,-1
246,151,1699,395,100,196,1,-1,-1,-1
246,152,1287,504,108,128,1,-1,-1,-1
246,153,1237,599,72,84,1,-1,-1,-1
246,154,2341,138,112,240,1,-1,-1,-1
246,155,1988,454,200,260,1,-1,-1,-1
246,156,807,834,120,72,1,-1,-1,-1
246,157,1970,110,118,164,1,-1,-1,-1
246,158,1221,590,96,96,1,-1,-1,-1
247,44,900,666,121,152,1,-1,-1,-1
247,55,890,642,120,178,1,-1,-1,-1
247,56,809,775,134,131,1,-1,-1,-1
247,70,1499,634,171,149,1,-1,-1,-1
247,71,800,765,145,152,1,-1,-1,-1
247,99,893,750,114,76,1,-1,-1,-1
247,106,1800,577,273,185,1,-1,-1,-1
247,107,1402,437,119,157,1,-1,-1,-1
247,114,896,723,91,99,1,-1,-1,-1
247,115,813,838,114,76,1,-1,-1,-1
247,117,957,596,164,189,1,-1,-1,-1
247,126,1069,616,139,130,1,-1,-1,-1
247,127,1496,621,184,172,1,-1,-1,-1
247,129,804,760,140,148,1,-1,-1,-1
247,130,2084,461,114,217,1,-1,-1,-1
247,131,1903,103,196,178,1,-1,-1,-1
247,132,1402,464,112,128,1,-1,-1,-1
247,136,1635,441,105,223,1,-1,-1,-1
247,137,1840,571,244,168,1,-1,-1,-1
247,138,23,806,66,86,1,-1,-1,-1
247,139,1647,471,99,183,1,-1,-1,-1
247,141,2197,319,187,309,1,-1,-1,-1
247,142,1939,119,145,155,1,-1,-1,-1
247,143,1063,499,154,251,1,-1,-1,-1
247,145,2345,177,104,212,1,-1,-1,-1
247,146,892,739,120,88,1,-1,-1,-1
247,147,1533,98,133,221,1,-1,-1,-1
247,148,0,790,79,156,1,-1,-1,-1
247,150,906,680,135,142,1,-1,-1,-1
247,151,1694,393,100,196,1,-1,-1,-1
247,152,1283,503,113,134,1,-1,-1,-1
247,153,1236,599,72,84,1,-1,-1,-1
247,154,2338,134,112,240,1,-1,-1,-1
247,155,1988,462,190,248,1,-1,-1,-1
247,156,808,837,114,69,1,-1,-1,-1
247,157,1964,113,118,164,1,-1,-1,-1
247,158,1220,592,96,96,1,-1,-1,-1
248,44,901,665,121,152,1,-1,-1,-1
248,55,889,640,120,178,1,-1,-1,-1
248,56,810,777,134,131,1,-1,-1,-1
248,70,1499,636,171,149,1,-1,-1,-1
248,71,803,767,145,152,1,-1,-1,-1
248,99,894,751,114,76,1,-1,-1,-1
248,106,1811,580,260,176,1,-1,-1,-1
248,107,1404,435,119,157,1,-1,-1,-1
248,114,897,722,91,99,1,-1,-1,-1
248,115,813,838,114,76,1,-1,-1,-1
248,117,956,597,164,189,1,-1,-1,-1
248,126,1069,618,139,130,1,-1,-1,-1
248,127,1497,623,184,172,1,-1,-1,-1
248,129,806,761,140,148,1,-1,-1,-1
248,130,2087,465,114,217,1,-1,-1,-1
248,131,1901,104,196,178,1,-1,-1,-1
248,132,1404,463,112,128,1,-1,-1,-1
248,138,26,809,66,86,1,-1,-1,-1
248,139,1649,475,94,174,1,-1,-1,-1
248,141,2195,320,187,309,1,-1,-1,-1
248,142,1938,122,145,155,1,-1,-1,-1
248,143,1062,500,154,251,1,-1,-1,-1
248,146,893,741,120,88,1,-1,-1,-1
248,147,1531,95,133,221,1,-1,-1,-1
248,148,0,789,80,156,1,-1,-1,-1
248,150,906,679,135,142,1,-1,-1,-1
248,151,1693,386,105,206,1,-1,-1,-1
248,152,1282,501,119,141,1,-1,-1,-1
248,153,1238,601,72,84,1,-1,-1,-1
248,154,2338,144,107,229,1,-1,-1,-1
248,155,1990,465,190,248,1,-1,-1,-1
248,156,809,838,114,69,1,-1,-1,-1
248,157,1964,116,118,164,1,-1,-1,-1
248,158,1221,592,96,96,1,-1,-1,-1
249,44,901,665,121,152,1,-1,-1,-1
249,55,889,640,120,178,1,-1,-1,-1
249,56,810,777,134,131,1,-1,-1,-1
249,70,1499,636,171,149,1,-1,-1,-1
249,71,803,767,145,152,1,-1,-1,-1
249,99,894,751,114,76,1,-1,-1,-1
249,106,1832,568,248,176,1,-1,-1,-1
249,107,1404,435,119,157,1,-1,-1,-1
249,114,897,722,91,99,1,-1,-1,-1
249,115,813,838,114,76,1,-1,-1,-1
249,117,960,588,132,196,1,-1,-1,-1
249,126,1069,618,139,130,1,-1,-1,-1
249,127,1504,604,184,188,1,-1,-1,-1
249,129,806,761,140,148,1,-1,-1,-1
249,130,2087,465,114,217,1,-1,-1,-1
249,131,1901,104,196,178,1,-1,-1,-1
249,132,1404,463,112,128,1,-1,-1,-1
249,138,26,809,66,86,1,-1,-1,-1
249,139,1649,475,94,174,1,-1,-1,-1
249,141,2195,320,187,309,1,-1,-1,-1
249,142,1938,122,145,155,1,-1,-1,-1
249,143,1062,500,154,251,1,-1,-1,-1
249,146,893,741,120,88,1,-1,-1,-1
249,147,1532,84,140,200,1,-1,-1,-1
249,148,0,792,92,160,1,-1,-1,-1
249,150,906,679,135,142,1,-1,-1,-1
249,151,1693,386,105,206,1,-1,-1,-1
249,152,1282,501,119,141,1,-1,-1,-1
249,153,1238,601,72,84,1,-1,-1,-1
249,154,2338,144,107,229,1,-1,-1,-1
249,155,1976,460,196,236,1,-1,-1,-1
249,156,809,838,114,69,1,-1,-1,-1
249,157,1984,112,92,160,1,-1,-1,-1
249,158,1224,588,84,100,1,-1,-1,-1
249,159,812,740,204,172,1,-1,-1,-1
249,160,1532,252,116,304,1,-1,-1,-1
249,161,1460,308,96,196,1,-1,-1,-1
250,44,908,667,121,152,1,-1,-1,-1
250,55,893,638,126,187,1,-1,-1,-1
250,56,817,776,141,137,1,-1,-1,-1
250,70,1507,641,171,149,1,-1,-1,-1
250,71,812,768,145,152,1,-1,-1,-1
250,99,903,751,114,76,1,-1,-1,-1
250,106,1838,567,248,176,1,-1,-1,-1
250,107,1414,435,119,157,1,-1,-1,-1
250,114,905,723,91,99,1,-1,-1,-1
250,115,823,838,114,76,1,-1,-1,-1
250,117,963,590,132,196,1,-1,-1,-1
250,126,1075,615,139,130,1,-1,-1,-1
250,127,1508,607,184,188,1,-1,-1,-1
250,129,816,762,140,148,1,-1,-1,-1
250,130,2093,473,114,217,1,-1,-1,-1
250,131,1899,104,196,178,1,-1,-1,-1
250,132,1415,464,112,128,1,-1,-1,-1
250,138,36,810,69,90,1,-1,-1,-1
250,139,1654,477,94,174,1,-1,-1,-1
250,141,2198,325,187,309,1,-1,-1,-1
250,142,1938,127,138,147,1,-1,-1,-1
250,143,1073,510,147,239,1,-1,-1,-1
250,146,905,743,114,84,1,-1,-1,-1
250,147,1535,85,140,200,1,-1,-1,-1
250,148,5,795,92,160,1,-1,-1,-1
250,150,915,681,135,142,1,-1,-1,-1
250,151,1693,383,110,216,1,-1,-1,-1
250,152,1293,491,125,148,1,-1,-1,-1
250,153,1245,598,72,84,1,-1,-1,-1
250,154,2341,136,107,229,1,-1,-1,-1
250,155,1978,462,196,236,1,-1,-1,-1
250,156,818,838,114,69,1,-1,-1,-1
250,157,1985,113,92,160,1,-1,-1,-1
250,158,1229,588,84,100,1,-1,-1,-1
250,159,817,742,204,172,1,-1,-1,-1
250,160,1535,258,110,290,1,-1,-1,-1
250,161,1461,303,101,206,1,-1,-1,-1
251,44,911,671,121,152,1,-1,-1,-1
251,55,896,639,126,187,1,-1,-1,-1
251,56,819,779,141,137,1,-1,-1,-1
251,70,1508,645,171,149,1,-1,-1,-1
251,71,814,768,145,152,1,-1,-1,-1
251,99,904,753,114,76,1,-1,-1,-1
251,106,1848,576,236,168,1,-1,-1,-1
251,107,1416,436,119,157,1,-1,-1,-1
251,114,908,725,91,99,1,-1,-1,-1
251,115,824,841,114,76,1,-1,-1,-1
251,117,965,594,132,196,1,-1,-1,-1
251,126,1077,619,139,130,1,-1,-1,-1
251,127,1510,612,184,188,1,-1,-1,-1
251,129,818,764,140,148,1,-1,-1,-1
251,130,2088,471,120,228,1,-1,-1,-1
251,132,1417,465,112,128,1,-1,-1,-1
251,138,40,818,66,86,1,-1,-1,-1
251,139,1656,482,94,174,1,-1,-1,-1
251,141,2198,326,187,309,1,-1,-1,-1
251,142,1925,134,145,155,1,-1,-1,-1
251,143,1075,513,147,239,1,-1,-1,-1
251,146,907,745,114,84,1,-1,-1,-1
251,147,1538,87,140,200,1,-1,-1,-1
251,148,9,799,92,160,1,-1,-1,-1
251,150,920,686,128,135,1,-1,-1,-1
251,151,1695,390,110,216,1,-1,-1,-1
251,152,1302,496,125,148,1,-1,-1,-1
251,153,1247,601,72,84,1,-1,-1,-1
251,154,2348,143,102,218,1,-1,-1,-1
251,155,1978,466,196,236,1,-1,-1,-1
251,156,819,840,114,69,1,-1,-1,-1
251,157,1985,116,92,160,1,-1,-1,-1
251,158,1231,592,84,100,1,-1,-1,-1
251,159,819,743,204,172,1,-1,-1,-1
251,160,1538,273,105,276,1,-1,-1,-1
251,161,1462,306,101,206,1,-1,-1,-1
252,44,911,676,121,152,1,-1,-1,-1
252,55,898,649,120,178,1,-1,-1,-1
252,56,822,785,134,131,1,-1,-1,-1
252,70,1507,649,171,149,1,-1,-1,-1
252,71,814,769,145,152,1,-1,-1,-1
252,99,900,754,120,80,1,-1,-1,-1
252,106,1846,580,236,168,1,-1,-1,-1
252,107,1420,443,113,149,1,-1,-1,-1
252,114,908,728,91,99,1,-1,-1,-1
252,115,825,844,114,76,1,-1,-1,-1
252,117,963,596,132,196,1,-1,-1,-1
252,126,1079,627,132,124,1,-1,-1,-1
252,127,1510,617,184,188,1,-1,-1,-1
252,129,817,766,140,148,1,-1,-1,-1
252,132,1418,469,112,128,1,-1,-1,-1
252,138,44,822,66,86,1,-1,-1,-1
252,139,1657,483,94,174,1,-1,-1,-1
252,141,2198,329,187,309,1,-1,-1,-1
252,142,1923,134,145,155,1,-1,-1,-1
252,143,1077,514,147,239,1,-1,-1,-1
252,146,907,748,114,84,1,-1,-1,-1
252,147,1537,91,140,200,1,-1,-1,-1
252,148,9,803,92,160,1,-1,-1,-1
252,150,919,690,128,135,1,-1,-1,-1
252,151,1696,393,110,216,1,-1,-1,-1
252,152,1305,489,125,148,1,-1,-1,-1
252,153,1245,607,72,84,1,-1,-1,-1
252,155,1976,470,196,236,1,-1,-1,-1
252,156,819,843,114,69,1,-1,-1,-1
252,157,1982,122,92,160,1,-1,-1,-1
252,158,1230,598,84,100,1,-1,-1,-1
252,159,820,747,204,172,1,-1,-1,-1
252,160,1534,267,110,290,1,-1,-1,-1
252,161,1462,308,101,206,1,-1,-1,-1
253,44,912,678,121,152,1,-1,-1,-1
253,55,898,652,120,178,1,-1,-1,-1
253,56,821,786,134,131,1,-1,-1,-1
253,70,1507,650,171,149,1,-1,-1,-1
253,71,814,771,145,152,1,-1,-1,-1
253,99,901,757,120,80,1,-1,-1,-1
253,106,1852,585,225,160,1,-1,-1,-1
253,107,1416,444,119,157,1,-1,-1,-1
253,114,908,730,91,99,1,-1,-1,-1
253,115,825,844,114,76,1,-1,-1,-1
253,117,963,602,132,196,1,-1,-1,-1
253,126,1077,628,132,124,1,-1,-1,-1
253,127,1508,618,184,188,1,-1,-1,-1
253,129,817,766,140,148,1,-1,-1,-1
253,132,1417,472,112,128,1,-1,-1,-1
253,138,45,824,66,86,1,-1,-1,-1
253,139,1655,481,99,183,1,-1,-1,-1
253,141,2193,333,187,309,1,-1,-1,-1
253,142,1919,137,145,155,1,-1,-1,-1
253,143,1077,515,147,239,1,-1,-1,-1
253,146,907,749,114,84,1,-1,-1,-1
253,147,1540,98,133,190,1,-1,-1,-1
253,148,11,805,92,160,1,-1,-1,-1
253,150,916,688,135,142,1,-1,-1,-1
253,151,1692,391,116,227,1,-1,-1,-1
253,152,1305,482,131,156,1,-1,-1,-1
253,153,1245,609,72,84,1,-1,-1,-1
253,155,1972,475,196,236,1,-1,-1,-1
253,156,817,843,120,72,1,-1,-1,-1
253,157,1978,125,92,160,1,-1,-1,-1
253,158,1229,601,84,100,1,-1,-1,-1
253,159,819,748,204,172,1,-1,-1,-1
253,160,1536,279,105,276,1,-1,-1,-1
253,161,1461,305,101,206,1,-1,-1,-1
254,44,914,684,115,145,1,-1,-1,-1
254,55,901,654,120,178,1,-1,-1,-1
254,56,821,787,134,131,1,-1,-1,-1
254,70,1506,654,171,149,1,-1,-1,-1
254,71,814,772,145,152,1,-1,-1,-1
254,99,902,759,120,80,1,-1,-1,-1
254,106,1854,590,225,160,1,-1,-1,-1
254,107,1415,446,119,157,1,-1,-1,-1
254,114,908,733,91,99,1,-1,-1,-1
254,115,826,846,114,76,1,-1,-1,-1
254,117,960,603,132,196,1,-1,-1,-1
254,126,1077,629,132,124,1,-1,-1,-1
254,127,1507,621,184,188,1,-1,-1,-1
254,129,821,772,133,141,1,-1,-1,-1
254,132,1417,473,112,128,1,-1,-1,-1
254,138,47,827,66,86,1,-1,-1,-1
254,139,1653,483,99,183,1,-1,-1,-1
254,141,2196,331,187,309,1,-1,-1,-1
254,142,1912,138,152,162,1,-1,-1,-1
254,143,1079,517,147,239,1,-1,-1,-1
254,146,907,750,114,84,1,-1,-1,-1
254,147,1539,99,133,190,1,-1,-1,-1
254,148,14,809,92,160,1,-1,-1,-1
254,150,916,690,135,142,1,-1,-1,-1
254,151,1690,395,116,227,1,-1,-1,-1
254,152,1307,484,131,156,1,-1,-1,-1
254,153,1245,615,72,84,1,-1,-1,-1
254,155,1974,481,187,225,1,-1,-1,-1
254,156,818,844,120,72,1,-1,-1,-1
254,157,1974,127,92,160,1,-1,-1,-1
254,158,1230,604,84,100,1,-1,-1,-1
254,159,814,746,214,181,1,-1,-1,-1
254,160,1537,293,100,263,1,-1,-1,-1
254,161,1461,304,101,206,1,-1,-1,-1
255,44,915,687,115,145,1,-1,-1,-1
255,55,902,658,120,178,1,-1,-1,-1
255,56,821,788,134,131,1,-1,-1,-1
255,70,1504,657,171,149,1,-1,-1,-1
255,71,815,773,145,152,1,-1,-1,-1
255,99,902,762,120,80,1,-1,-1,-1
255,106,1859,593,225,160,1,-1,-1,-1
255,107,1416,448,119,157,1,-1,-1,-1
255,114,908,736,91,99,1,-1,-1,-1
255,115,828,847,114,76,1,-1,-1,-1
255,117,960,602,132,196,1,-1,-1,-1
255,126,1076,630,132,124,1,-1,-1,-1
255,127,1507,624,184,188,1,-1,-1,-1
255,129,821,773,133,141,1,-1,-1,-1
255,132,1416,474,112,128,1,-1,-1,-1
255,138,49,829,66,86,1,-1,-1,-1
255,139,1653,486,99,183,1,-1,-1,-1
255,141,2198,334,187,309,1,-1,-1,-1
255,142,1909,139,152,162,1,-1,-1,-1
255,143,1078,522,147,239,1,-1,-1,-1
255,146,908,754,114,84,1,-1,-1,-1
255,147,1543,107,127,181,1,-1,-1,-1
255,148,17,813,92,160,1,-1,-1,-1
255,150,918,694,135,142,1,-1,-1,-1
255,151,1692,396,116,227,1,-1,-1,-1
255,152,1308,480,131,156,1,-1,-1,-1
255,153,1246,618,72,84,1,-1,-1,-1
255,155,1967,481,196,236,1,-1,-1,-1
255,156,819,845,120,72,1,-1,-1,-1
255,157,1972,132,92,160,1,-1,-1,-1
255,158,1230,610,84,100,1,-1,-1,-1
255,159,813,749,214,181,1,-1,-1,-1
255,160,1534,280,105,276,1,-1,-1,-1
255,161,1459,309,101,206,1,-1,-1,-1
256,44,916,691,115,145,1,-1,-1,-1
256,55,900,660,120,178,1,-1,-1,-1
256,56,823,790,134,131,1,-1,-1,-1
256,70,1502,661,171,149,1,-1,-1,-1
256,71,815,775,145,152,1,-1,-1,-1
256,99,902,764,120,80,1,-1,-1,-1
256,106,1867,597,214,152,1,-1,-1,-1
256,107,1417,452,119,157,1,-1,-1,-1
256,114,909,739,91,99,1,-1,-1,-1
256,115,830,848,114,76,1,-1,-1,-1
256,117,958,606,132,196,1,-1,-1,-1
256,126,1080,634,126,118,1,-1,-1,-1
256,127,1505,628,184,188,1,-1,-1,-1
256,129,822,773,133,141,1,-1,-1,-1
256,132,1418,475,112,128,1,-1,-1,-1
256,138,49,837,63,81,1,-1,-1,-1
256,139,1652,485,104,192,1,-1,-1,-1
256,141,2198,337,187,309,1,-1,-1,-1
256,142,1900,136,160,171,1,-1,-1,-1
256,143,1076,524,147,239,1,-1,-1,-1
256,146,908,757,114,84,1,-1,-1,-1
256,147,1545,110,127,181,1,-1,-1,-1
256,148,20,816,92,160,1,-1,-1,-1
256,150,916,698,135,142,1,-1,-1,-1
256,151,1687,397,116,227,1,-1,-1,-1
256,152,1309,480,131,156,1,-1,-1,-1
256,153,1249,625,69,80,1,-1,-1,-1
256,155,1964,485,196,236,1,-1,-1,-1
256,156,822,847,120,72,1,-1,-1,-1
256,157,1971,136,92,160,1,-1,-1,-1
256,158,1231,614,84,100,1,-1,-1,-1
256,159,819,755,204,172,1,-1,-1,-1
256,160,1534,274,110,290,1,-1,-1,-1
256,161,1462,313,101,206,1,-1,-1,-1
257,44,916,691,115,145,1,-1,-1,-1
257,55,900,660,120,178,1,-1,-1,-1
257,56,823,790,134,131,1,-1,-1,-1
257,70,1502,661,171,149,1,-1,-1,-1
257,71,815,775,145,152,1,-1,-1,-1
257,106,1864,592,200,180,1,-1,-1,-1
257,107,1417,452,119,157,1,-1,-1,-1
257,114,909,739,91,99,1,-1,-1,-1
257,115,830,848,114,76,1,-1,-1,-1
257,117,968,648,120,164,1,-1,-1,-1
257,126,1080,634,126,118,1,-1,-1,-1
257,127,1504,632,196,188,1,-1,-1,-1
257,129,822,773,133,141,1,-1,-1,-1
257,132,1418,475,112,128,1,-1,-1,-1
257,138,49,837,63,81,1,-1,-1,-1
257,139,1652,444,108,232,1,-1,-1,-1
257,141,2172,288,252,336,1,-1,-1,-1
257,142,1900,136,160,171,1,-1,-1,-1
257,143,1088,516,156,244,1,-1,-1,-1
257,146,908,757,114,84,1,-1,-1,-1
257,147,1548,100,120,188,1,-1,-1,-1
257,148,0,816,108,160,1,-1,-1,-1
257,150,916,698,135,142,1,-1,-1,-1
257,151,1687,397,116,227,1,-1,-1,-1
257,152,1309,480,131,156,1,-1,-1,-1
257,153,1249,625,69,80,1,-1,-1,-1
257,155,1932,528,220,208,1,-1,-1,-1
257,156,822,847,120,72,1,-1,-1,-1
257,157,1971,136,92,160,1,-1,-1,-1
257,158,1231,614,84,100,1,-1,-1,-1
257,159,800,760,220,164,1,-1,-1,-1
257,160,1534,274,110,290,1,-1,-1,-1
257,161,1460,312,116,204,1,-1,-1,-1
257,162,968,556,124,176,1,-1,-1,-1
257,163,1236,540,96,168,1,-1,-1,-1
258,44,916,694,115,145,1,-1,-1,-1
258,55,904,667,114,169,1,-1,-1,-1
258,56,824,793,134,131,1,-1,-1,-1
258,70,1497,668,171,149,1,-1,-1,-1
258,71,816,776,145,152,1,-1,-1,-1
258,106,1865,594,200,180,1,-1,-1,-1
258,107,1419,455,119,157,1,-1,-1,-1
258,114,909,742,91,99,1,-1,-1,-1
258,115,833,851,114,76,1,-1,-1,-1
258,117,966,650,120,164,1,-1,-1,-1
258,126,1083,638,120,112,1,-1,-1,-1
258,127,1503,635,196,188,1,-1,-1,-1
258,129,822,777,133,141,1,-1,-1,-1
258,132,1419,480,112,128,1,-1,-1,-1
258,138,54,838,63,81,1,-1,-1,-1
258,139,1652,446,108,232,1,-1,-1,-1
258,141,2171,288,252,336,1,-1,-1,-1
258,143,1089,517,156,244,1,-1,-1,-1
258,146,908,760,114,84,1,-1,-1,-1
258,147,1548,102,120,188,1,-1,-1,-1
258,148,1,817,108,160,1,-1,-1,-1
258,150,917,702,135,142,1,-1,-1,-1
258,151,1689,404,110,216,1,-1,-1,-1
258,152,1312,484,131,156,1,-1,-1,-1
258,153,1250,627,69,80,1,-1,-1,-1
258,155,1931,531,220,208,1,-1,-1,-1
258,156,825,849,120,72,1,-1,-1,-1
258,157,1967,150,88,152,1,-1,-1,-1
258,158,1233,618,84,100,1,-1,-1,-1
258,159,802,762,220,164,1,-1,-1,-1
258,160,1534,280,110,290,1,-1,-1,-1
258,161,1459,312,116,204,1,-1,-1,-1
258,162,968,556,124,176,1,-1,-1,-1
258,163,1236,541,96,168,1,-1,-1,-1
259,44,916,696,115,145,1,-1,-1,-1
259,55,902,671,114,169,1,-1,-1,-1
259,56,822,797,134,131,1,-1,-1,-1
259,70,1494,672,171,149,1,-1,-1,-1
259,71,814,780,145,152,1,-1,-1,-1
259,106,1864,599,200,180,1,-1,-1,-1
259,107,1416,454,125,165,1,-1,-1,-1
259,114,907,746,91,99,1,-1,-1,-1
259,115,833,854,114,76,1,-1,-1,-1
259,117,965,653,120,164,1,-1,-1,-1
259,126,1082,639,120,112,1,-1,-1,-1
259,127,1502,640,196,188,1,-1,-1,-1
259,129,822,779,133,141,1,-1,-1,-1
259,132,1419,482,112,128,1,-1,-1,-1
259,138,51,838,63,81,1,-1,-1,-1
259,139,1651,447,108,232,1,-1,-1,-1
259,141,2172,292,252,336,1,-1,-1,-1
259,143,1088,519,156,244,1,-1,-1,-1
259,146,907,763,114,84,1,-1,-1,-1
259,147,1548,105,120,188,1,-1,-1,-1
259,148,1,819,108,160,1,-1,-1,-1
259,150,915,704,135,142,1,-1,-1,-1
259,151,1685,405,116,227,1,-1,-1,-1
259,152,1313,488,125,148,1,-1,-1,-1
259,153,1251,628,69,80,1,-1,-1,-1
259,155,1929,535,220,208,1,-1,-1,-1
259,156,826,851,120,72,1,-1,-1,-1
259,157,1962,147,92,160,1,-1,-1,-1
259,158,1235,621,80,95,1,-1,-1,-1
259,159,800,765,220,164,1,-1,-1,-1
259,160,1531,273,116,304,1,-1,-1,-1
259,161,1461,317,110,194,1,-1,-1,-1
259,162,968,559,124,176,1,-1,-1,-1
259,163,1235,543,96,168,1,-1,-1,-1
260,44,914,700,115,145,1,-1,-1,-1
260,55,900,673,114,169,1,-1,-1,-1
260,56,820,800,134,131,1,-1,-1,-1
260,70,1490,677,171,149,1,-1,-1,-1
260,71,811,784,145,152,1,-1,-1,-1
260,106,1866,607,200,180,1,-1,-1,-1
260,107,1415,456,125,165,1,-1,-1,-1
260,114,906,751,91,99,1,-1,-1,-1
260,115,833,858,114,76,1,-1,-1,-1
260,117,963,657,120,164,1,-1,-1,-1
260,126,1080,643,120,112,1,-1,-1,-1
260,127,1499,645,196,188,1,-1,-1,-1
260,129,821,784,133,141,1,-1,-1,-1
260,132,1418,487,112,128,1,-1,-1,-1
260,138,53,841,63,81,1,-1,-1,-1
260,139,1648,442,113,244,1,-1,-1,-1
260,141,2165,293,252,336,1,-1,-1,-1
260,143,1087,523,156,244,1,-1,-1,-1
260,146,906,768,114,84,1,-1,-1,-1
260,147,1547,111,120,188,1,-1,-1,-1
260,148,1,823,108,160,1,-1,-1,-1
260,150,914,709,135,142,1,-1,-1,-1
260,151,1681,412,116,227,1,-1,-1,-1
260,153,1251,631,69,80,1,-1,-1,-1
260,155,1931,546,210,198,1,-1,-1,-1
260,156,826,856,120,72,1,-1,-1,-1
260,157,1955,151,92,160,1,-1,-1,-1
260,158,1235,625,80,95,1,-1,-1,-1
260,159,798,770,220,164,1,-1,-1,-1
260,160,1527,285,122,319,1,-1,-1,-1
260,161,1459,319,110,194,1,-1,-1,-1
260,162,966,563,124,176,1,-1,-1,-1
260,163,1235,547,96,168,1,-1,-1,-1
261,44,914,705,115,145,1,-1,-1,-1
261,55,901,678,114,169,1,-1,-1,-1
261,56,821,803,134,131,1,-1,-1,-1
261,70,1489,683,171,149,1,-1,-1,-1
261,71,811,786,145,152,1,-1,-1,-1
261,106,1866,612,200,180,1,-1,-1,-1
261,107,1415,460,125,165,1,-1,-1,-1
261,114,907,755,91,99,1,-1,-1,-1
261,115,834,861,114,76,1,-1,-1,-1
261,117,964,659,120,164,1,-1,-1,-1
261,126,1080,644,120,112,1,-1,-1,-1
261,127,1497,649,196,188,1,-1,-1,-1
261,129,821,788,133,141,1,-1,-1,-1
261,132,1418,490,112,128,1,-1,-1,-1
261,138,53,842,63,81,1,-1,-1,-1
261,139,1647,444,113,244,1,-1,-1,-1
261,141,2164,297,252,336,1,-1,-1,-1
261,143,1088,526,156,244,1,-1,-1,-1
261,146,906,772,114,84,1,-1,-1,-1
261,147,1545,114,120,188,1,-1,-1,-1
261,148,1,826,108,160,1,-1,-1,-1
261,150,915,713,135,142,1,-1,-1,-1
261,151,1681,417,116,227,1,-1,-1,-1
261,153,1251,632,69,80,1,-1,-1,-1
261,155,1930,551,210,198,1,-1,-1,-1
261,156,827,860,120,72,1,-1,-1,-1
261,157,1953,152,92,160,1,-1,-1,-1
261,158,1236,626,80,95,1,-1,-1,-1
261,159,798,774,220,164,1,-1,-1,-1
261,160,1520,285,122,319,1,-1,-1,-1
261,161,1459,323,110,194,1,-1,-1,-1
261,162,965,563,124,176,1,-1,-1,-1
261,163,1236,550,96,168,1,-1,-1,-1
262,44,916,709,115,145,1,-1,-1,-1
262,55,905,689,109,161,1,-1,-1,-1
262,56,821,805,134,131,1,-1,-1,-1
262,70,1488,685,171,149,1,-1,-1,-1
262,71,809,792,145,152,1,-1,-1,-1
262,106,1869,615,200,180,1,-1,-1,-1
262,107,1417,463,125,165,1,-1,-1,-1
262,114,907,761,91,99,1,-1,-1,-1
262,115,836,865,114,76,1,-1,-1,-1
262,117,963,660,120,164,1,-1,-1,-1
262,126,1080,649,120,112,1,-1,-1,-1
262,127,1496,652,196,188,1,-1,-1,-1
262,129,822,792,133,141,1,-1,-1,-1
262,132,1419,493,112,128,1,-1,-1,-1
262,138,54,845,63,81,1,-1,-1,-1
262,139,1649,453,108,232,1,-1,-1,-1
262,141,2167,300,252,336,1,-1,-1,-1
262,143,1087,530,156,244,1,-1,-1,-1
262,146,907,777,114,84,1,-1,-1,-1
262,147,1544,118,120,188,1,-1,-1,-1
262,148,2,831,108,160,1,-1,-1,-1
262,150,917,718,135,142,1,-1,-1,-1
262,151,1679,431,116,227,1,-1,-1,-1
262,153,1253,635,69,80,1,-1,-1,-1
262,155,1931,555,210,198,1,-1,-1,-1
262,156,829,865,120,72,1,-1,-1,-1
262,157,1951,156,92,160,1,-1,-1,-1
262,158,1237,628,80,95,1,-1,-1,-1
262,159,797,779,220,164,1,-1,-1,-1
262,160,1523,288,122,319,1,-1,-1,-1
262,161,1459,325,110,194,1,-1,-1,-1
262,162,965,569,124,176,1,-1,-1,-1
262,163,1236,552,96,168,1,-1,-1,-1
263,44,917,713,115,145,1,-1,-1,-1
263,55,901,687,114,169,1,-1,-1,-1
263,56,820,809,134,131,1,-1,-1,-1
263,70,1488,690,171,149,1,-1,-1,-1
263,71,813,798,138,145,1,-1,-1,-1
263,106,1873,619,200,180,1,-1,-1,-1
263,107,1416,466,125,165,1,-1,-1,-1
263,114,909,763,91,99,1,-1,-1,-1
263,115,838,871,114,76,1,-1,-1,-1
263,117,968,671,120,164,1,-1,-1,-1
263,126,1080,653,120,112,1,-1,-1,-1
263,127,1495,656,196,188,1,-1,-1,-1
263,129,823,795,133,141,1,-1,-1,-1
263,132,1420,499,112,128,1,-1,-1,-1
263,138,57,848,63,81,1,-1,-1,-1
263,139,1652,465,103,221,1,-1,-1,-1
263,141,2163,310,252,336,1,-1,-1,-1
263,143,1085,532,156,244,1,-1,-1,-1
263,146,908,780,114,84,1,-1,-1,-1
263,147,1543,124,120,188,1,-1,-1,-1
263,148,2,832,108,160,1,-1,-1,-1
263,150,919,722,135,142,1,-1,-1,-1
263,151,1679,434,116,227,1,-1,-1,-1
263,153,1253,639,69,80,1,-1,-1,-1
263,155,1931,557,210,198,1,-1,-1,-1
263,156,830,870,120,72,1,-1,-1,-1
263,157,1947,157,97,168,1,-1,-1,-1
263,158,1238,634,80,95,1,-1,-1,-1
263,159,798,782,220,164,1,-1,-1,-1
263,161,1457,330,110,194,1,-1,-1,-1
263,162,965,570,124,176,1,-1,-1,-1
263,163,1236,556,96,168,1,-1,-1,-1
264,44,916,715,115,145,1,-1,-1,-1
264,55,901,691,114,169,1,-1,-1,-1
264,56,821,813,134,131,1,-1,-1,-1
264,70,1485,695,171,149,1,-1,-1,-1
264,71,814,802,138,145,1,-1,-1,-1
264,106,1873,621,200,180,1,-1,-1,-1
264,107,1416,469,125,165,1,-1,-1,-1
264,114,909,766,91,99,1,-1,-1,-1
264,115,837,876,114,76,1,-1,-1,-1
264,117,971,676,114,156,1,-1,-1,-1
264,126,1079,656,120,112,1,-1,-1,-1
264,127,1494,661,196,188,1,-1,-1,-1
264,129,821,800,133,141,1,-1,-1,-1
264,132,1419,501,112,128,1,-1,-1,-1
264,138,56,851,63,81,1,-1,-1,-1
264,139,1652,466,103,221,1,-1,-1,-1
264,141,2169,321,240,320,1,-1,-1,-1
264,143,1086,535,156,244,1,-1,-1,-1
264,146,908,783,114,84,1,-1,-1,-1
264,147,1542,127,120,188,1,-1,-1,-1
264,148,3,836,108,160,1,-1,-1,-1
264,150,917,725,135,142,1,-1,-1,-1
264,151,1677,432,116,227,1,-1,-1,-1
264,153,1253,642,69,80,1,-1,-1,-1
264,155,1935,563,200,189,1,-1,-1,-1
264,156,830,874,120,72,1,-1,-1,-1
264,157,1942,160,97,168,1,-1,-1,-1
264,158,1237,637,80,95,1,-1,-1,-1
264,159,799,789,220,164,1,-1,-1,-1
264,161,1457,333,110,194,1,-1,-1,-1
264,162,964,570,124,176,1,-1,-1,-1
264,163,1236,559,96,168,1,-1,-1,-1
265,44,916,715,115,145,1,-1,-1,-1
265,55,901,691,114,169,1,-1,-1,-1
265,56,821,813,134,131,1,-1,-1,-1
265,70,1485,695,171,149,1,-1,-1,-1
265,71,814,802,138,145,1,-1,-1,-1
265,106,1884,604,212,200,1,-1,-1,-1
265,107,1380,448,180,216,1,-1,-1,-1
265,117,828,732,232,224,1,-1,-1,-1
265,126,1088,616,120,172,1,-1,-1,-1
265,127,1492,656,196,192,1,-1,-1,-1
265,129,821,800,133,141,1,-1,-1,-1
265,132,1419,501,112,128,1,-1,-1,-1
265,138,56,851,63,81,1,-1,-1,-1
265,139,1652,466,103,221,1,-1,-1,-1
265,141,2192,332,208,288,1,-1,-1,-1
265,143,1086,535,156,244,1,-1,-1,-1
265,146,908,783,114,84,1,-1,-1,-1
265,147,1536,144,128,192,1,-1,-1,-1
265,148,0,832,104,180,1,-1,-1,-1
265,150,917,725,135,142,1,-1,-1,-1
265,151,1677,432,116,227,1,-1,-1,-1
265,153,1253,642,69,80,1,-1,-1,-1
265,155,1935,563,200,189,1,-1,-1,-1
265,156,830,874,120,72,1,-1,-1,-1
265,157,1932,108,112,236,1,-1,-1,-1
265,158,1237,637,80,95,1,-1,-1,-1
265,159,799,789,220,164,1,-1,-1,-1
265,161,1457,333,110,194,1,-1,-1,-1
265,162,960,564,124,164,1,-1,-1,-1
265,163,1236,572,92,164,1,-1,-1,-1
265,164,1652,528,92,176,1,-1,-1,-1
265,165,1872,568,212,100,1,-1,-1,-1
265,166,1336,476,96,196,1,-1,-1,-1
265,167,1620,332,124,216,1,-1,-1,-1
266,44,911,719,115,145,1,-1,-1,-1
266,55,894,695,114,169,1,-1,-1,-1
266,56,819,819,134,131,1,-1,-1,-1
266,70,1488,702,163,141,1,-1,-1,-1
266,71,819,809,138,145,1,-1,-1,-1
266,106,1882,605,212,200,1,-1,-1,-1
266,107,1378,448,180,216,1,-1,-1,-1
266,117,832,739,221,213,1,-1,-1,-1
266,126,1087,617,120,172,1,-1,-1,-1
266,127,1491,658,196,192,1,-1,-1,-1
266,129,820,806,133,141,1,-1,-1,-1
266,132,1414,500,118,134,1,-1,-1,-1
266,138,56,859,63,81,1,-1,-1,-1
266,139,1652,467,103,221,1,-1,-1,-1
266,141,2190,333,208,288,1,-1,-1,-1
266,143,1084,547,149,232,1,-1,-1,-1
266,146,903,787,114,84,1,-1,-1,-1
266,147,1534,146,128,192,1,-1,-1,-1
266,148,0,833,104,180,1,-1,-1,-1
266,150,912,728,135,142,1,-1,-1,-1
266,153,1251,649,69,80,1,-1,-1,-1
266,155,1934,565,200,189,1,-1,-1,-1
266,156,831,882,120,72,1,-1,-1,-1
266,157,1930,108,112,236,1,-1,-1,-1
266,158,1237,641,80,95,1,-1,-1,-1
266,159,798,792,220,164,1,-1,-1,-1
266,161,1457,338,110,194,1,-1,-1,-1
266,162,958,565,124,164,1,-1,-1,-1
266,163,1235,574,92,164,1,-1,-1,-1
266,164,1651,528,92,176,1,-1,-1,-1
266,165,1874,572,202,95,1,-1,-1,-1
266,166,1336,479,96,196,1,-1,-1,-1
266,167,1618,333,124,216,1,-1,-1,-1
267,44,906,722,115,145,1,-1,-1,-1
267,55,894,698,114,169,1,-1,-1,-1
267,56,819,821,134,131,1,-1,-1,-1
267,70,1486,705,163,141,1,-1,-1,-1
267,71,816,813,138,145,1,-1,-1,-1
267,106,1882,607,212,200,1,-1,-1,-1
267,107,1377,453,180,216,1,-1,-1,-1
267,117,829,743,221,213,1,-1,-1,-1
267,126,1086,621,120,172,1,-1,-1,-1
267,127,1490,660,196,192,1,-1,-1,-1
267,129,824,813,127,134,1,-1,-1,-1
267,132,1412,500,118,134,1,-1,-1,-1
267,138,58,864,60,78,1,-1,-1,-1
267,139,1650,469,103,221,1,-1,-1,-1
267,141,2195,343,198,274,1,-1,-1,-1
267,143,1083,550,149,232,1,-1,-1,-1
267,146,901,790,114,84,1,-1,-1,-1
267,147,1534,146,128,192,1,-1,-1,-1
267,148,1,835,104,180,1,-1,-1,-1
267,150,910,730,135,142,1,-1,-1,-1
267,153,1251,653,69,80,1,-1,-1,-1
267,155,1935,572,200,189,1,-1,-1,-1
267,156,834,887,114,69,1,-1,-1,-1
267,157,1928,110,112,236,1,-1,-1,-1
267,158,1236,645,80,95,1,-1,-1,-1
267,159,795,797,220,164,1,-1,-1,-1
267,161,1458,343,110,194,1,-1,-1,-1
267,162,958,568,124,164,1,-1,-1,-1
267,163,1235,578,92,164,1,-1,-1,-1
267,164,1650,528,92,176,1,-1,-1,-1
267,165,1872,574,202,95,1,-1,-1,-1
267,166,1337,486,91,187,1,-1,-1,-1
267,167,1617,334,124,216,1,-1,-1,-1
268,44,905,723,115,145,1,-1,-1,-1
268,55,893,702,114,169,1,-1,-1,-1
268,56,819,823,141,137,1,-1,-1,-1
268,70,1487,707,163,141,1,-1,-1,-1
268,71,820,816,138,145,1,-1,-1,-1
268,106,1883,610,212,200,1,-1,-1,-1
268,107,1381,460,171,206,1,-1,-1,-1
268,117,829,746,221,213,1,-1,-1,-1
268,126,1085,623,120,172,1,-1,-1,-1
268,127,1490,662,196,192,1,-1,-1,-1
268,129,823,813,127,134,1,-1,-1,-1
268,132,1412,501,118,134,1,-1,-1,-1
268,138,59,866,60,78,1,-1,-1,-1
268,139,1652,470,103,221,1,-1,-1,-1
268,141,2195,341,198,274,1,-1,-1,-1
268,143,1083,553,149,232,1,-1,-1,-1
268,146,900,794,114,84,1,-1,-1,-1
268,147,1535,152,122,183,1,-1,-1,-1
268,148,1,836,104,180,1,-1,-1,-1
268,150,908,732,135,142,1,-1,-1,-1
268,153,1252,655,69,80,1,-1,-1,-1
268,155,1926,566,210,198,1,-1,-1,-1
268,156,835,889,114,69,1,-1,-1,-1
268,157,1925,113,112,236,1,-1,-1,-1
268,158,1236,646,80,95,1,-1,-1,-1
268,159,802,805,210,156,1,-1,-1,-1
268,161,1458,346,105,185,1,-1,-1,-1
268,162,957,573,124,164,1,-1,-1,-1
268,163,1238,584,88,156,1,-1,-1,-1
268,164,1649,527,92,176,1,-1,-1,-1
268,165,1867,577,202,95,1,-1,-1,-1
268,166,1336,488,91,187,1,-1,-1,-1
268,167,1618,341,118,206,1,-1,-1,-1
269,44,905,722,115,145,1,-1,-1,-1
269,55,893,705,114,169,1,-1,-1,-1
269,56,828,826,141,137,1,-1,-1,-1
269,70,1489,706,163,141,1,-1,-1,-1
269,71,824,817,138,145,1,-1,-1,-1
269,106,1885,611,212,200,1,-1,-1,-1
269,107,1381,459,171,206,1,-1,-1,-1
269,117,831,747,221,213,1,-1,-1,-1
269,126,1083,621,126,181,1,-1,-1,-1
269,127,1490,662,196,192,1,-1,-1,-1
269,129,827,814,127,134,1,-1,-1,-1
269,132,1413,499,118,134,1,-1,-1,-1
269,138,61,868,60,78,1,-1,-1,-1
269,139,1648,461,108,232,1,-1,-1,-1
269,141,2196,343,198,274,1,-1,-1,-1
269,143,1089,560,141,221,1,-1,-1,-1
269,146,900,795,114,84,1,-1,-1,-1
269,147,1535,150,122,183,1,-1,-1,-1
269,148,3,836,104,180,1,-1,-1,-1
269,150,904,729,141,149,1,-1,-1,-1
269,153,1253,655,69,80,1,-1,-1,-1
269,155,1929,564,220,208,1,-1,-1,-1
269,156,838,889,114,69,1,-1,-1,-1
269,157,1927,120,107,225,1,-1,-1,-1
269,158,1238,647,80,95,1,-1,-1,-1
269,159,796,803,220,164,1,-1,-1,-1
269,161,1455,343,105,185,1,-1,-1,-1
269,162,956,574,124,164,1,-1,-1,-1
269,163,1239,584,88,156,1,-1,-1,-1
269,164,1648,522,97,185,1,-1,-1,-1
269,165,1864,578,202,95,1,-1,-1,-1
269,166,1337,488,91,187,1,-1,-1,-1
269,167,1621,346,112,196,1,-1,-1,-1
270,44,905,727,110,138,1,-1,-1,-1
270,55,893,706,114,169,1,-1,-1,-1
270,56,828,828,141,137,1,-1,-1,-1
270,70,1492,707,163,141,1,-1,-1,-1
270,71,824,818,138,145,1,-1,-1,-1
270,106,1883,610,212,200,1,-1,-1,-1
270,107,1381,460,171,206,1,-1,-1,-1
270,117,831,749,221,213,1,-1,-1,-1
270,126,1083,621,126,181,1,-1,-1,-1
270,127,1490,662,196,192,1,-1,-1,-1
270,129,827,815,127,134,1,-1,-1,-1
270,132,1415,496,118,134,1,-1,-1,-1
270,138,59,866,63,81,1,-1,-1,-1
270,139,1647,462,108,232,1,-1,-1,-1
270,141,2192,343,198,274,1,-1,-1,-1
270,143,1090,559,141,221,1,-1,-1,-1
270,146,899,796,114,84,1,-1,-1,-1
270,147,1537,155,116,174,1,-1,-1,-1
270,148,7,842,99,171,1,-1,-1,-1
270,150,904,732,141,149,1,-1,-1,-1
270,153,1253,653,69,80,1,-1,-1,-1
270,155,1930,563,220,208,1,-1,-1,-1
270,156,839,889,114,69,1,-1,-1,-1
270,157,1926,121,107,225,1,-1,-1,-1
270,158,1238,646,80,95,1,-1,-1,-1
270,159,797,803,220,164,1,-1,-1,-1
270,161,1456,339,110,194,1,-1,-1,-1
270,162,955,573,124,164,1,-1,-1,-1
270,163,1236,579,92,164,1,-1,-1,-1
270,164,1649,527,92,176,1,-1,-1,-1
270,165,1859,580,202,95,1,-1,-1,-1
270,166,1336,488,91,187,1,-1,-1,-1
270,167,1617,343,112,196,1,-1,-1,-1
271,44,905,727,110,138,1,-1,-1,-1
271,55,892,706,114,169,1,-1,-1,-1
271,56,833,827,141,137,1,-1,-1,-1
271,70,1492,707,163,141,1,-1,-1,-1
271,106,1886,612,212,200,1,-1,-1,-1
271,107,1381,457,171,206,1,-1,-1,-1
271,117,829,750,221,213,1,-1,-1,-1
271,126,1081,622,126,181,1,-1,-1,-1
271,127,1488,662,196,192,1,-1,-1,-1
271,129,829,813,127,134,1,-1,-1,-1
271,132,1416,494,118,134,1,-1,-1,-1
271,138,60,872,63,81,1,-1,-1,-1
271,139,1646,460,108,232,1,-1,-1,-1
271,141,2190,340,198,274,1,-1,-1,-1
271,143,1086,557,149,232,1,-1,-1,-1
271,146,899,795,114,84,1,-1,-1,-1
271,147,1535,155,116,174,1,-1,-1,-1
271,148,8,842,99,171,1,-1,-1,-1
271,150,903,734,141,149,1,-1,-1,-1
271,153,1254,650,69,80,1,-1,-1,-1
271,155,1930,565,220,208,1,-1,-1,-1
271,156,840,887,114,69,1,-1,-1,-1
271,157,1925,122,107,225,1,-1,-1,-1
271,158,1238,644,80,95,1,-1,-1,-1
271,159,797,801,220,164,1,-1,-1,-1
271,161,1453,337,110,194,1,-1,-1,-1
271,162,954,574,124,164,1,-1,-1,-1
271,163,1239,581,88,156,1,-1,-1,-1
271,164,1652,528,88,168,1,-1,-1,-1
271,165,1856,580,202,95,1,-1,-1,-1
271,166,1337,487,91,187,1,-1,-1,-1
271,167,1615,344,112,196,1,-1,-1,-1
272,44,904,726,110,138,1,-1,-1,-1
272,55,891,705,114,169,1,-1,-1,-1
272,56,833,825,141,137,1,-1,-1,-1
272,70,1489,699,171,149,1,-1,-1,-1
272,106,1890,615,202,190,1,-1,-1,-1
272,107,1382,455,171,206,1,-1,-1,-1
272,117,826,748,221,213,1,-1,-1,-1
272,126,1079,625,126,181,1,-1,-1,-1
272,127,1488,662,196,192,1,-1,-1,-1
272,129,828,813,127,134,1,-1,-1,-1
272,132,1417,493,118,134,1,-1,-1,-1
272,138,61,873,63,81,1,-1,-1,-1
272,139,1644,456,108,232,1,-1,-1,-1
272,141,2187,339,198,274,1,-1,-1,-1
272,143,1085,557,149,232,1,-1,-1,-1
272,146,895,794,120,88,1,-1,-1,-1
272,147,1534,156,116,174,1,-1,-1,-1
272,148,6,839,104,180,1,-1,-1,-1
272,150,902,732,141,149,1,-1,-1,-1
272,153,1254,642,69,80,1,-1,-1,-1
272,155,1952,567,210,198,1,-1,-1,-1
272,156,840,884,114,69,1,-1,-1,-1
272,157,1923,124,107,225,1,-1,-1,-1
272,158,1238,638,80,95,1,-1,-1,-1
272,159,796,801,220,164,1,-1,-1,-1
272,161,1450,329,116,204,1,-1,-1,-1
272,162,954,574,124,164,1,-1,-1,-1
272,163,1235,573,92,164,1,-1,-1,-1
272,164,1651,526,88,168,1,-1,-1,-1
272,165,1858,581,202,95,1,-1,-1,-1
272,166,1338,480,96,196,1,-1,-1,-1
272,167,1613,344,112,196,1,-1,-1,-1
273,55,891,705,114,169,1,-1,-1,-1
273,56,833,825,141,137,1,-1,-1,-1
273,70,1489,699,171,149,1,-1,-1,-1
273,106,1904,596,168,216,1,-1,-1,-1
273,107,1382,455,171,206,1,-1,-1,-1
273,117,826,748,221,213,1,-1,-1,-1
273,126,1079,625,126,181,1,-1,-1,-1
273,127,1496,652,176,200,1,-1,-1,-1
273,129,828,813,127,134,1,-1,-1,-1
273,132,1417,493,118,134,1,-1,-1,-1
273,138,61,873,63,81,1,-1,-1,-1
273,139,1644,456,108,232,1,-1,-1,-1
273,141,2196,340,220,320,1,-1,-1,-1
273,143,1100,556,136,184,1,-1,-1,-1
273,146,895,794,120,88,1,-1,-1,-1
273,147,1544,140,104,184,1,-1,-1,-1
273,148,0,844,116,168,1,-1,-1,-1
273,150,902,732,141,149,1,-1,-1,-1
273,153,1254,642,69,80,1,-1,-1,-1
273,155,1952,567,210,198,1,-1,-1,-1
273,156,840,884,114,69,1,-1,-1,-1
273,157,1923,124,107,225,1,-1,-1,-1
273,158,1238,638,80,95,1,-1,-1,-1
273,159,816,792,176,168,1,-1,-1,-1
273,161,1450,329,116,204,1,-1,-1,-1
273,162,968,576,108,188,1,-1,-1,-1
273,163,1236,572,96,180,1,-1,-1,-1
273,164,1648,488,96,224,1,-1,-1,-1
273,165,1858,581,202,95,1,-1,-1,-1
273,166,1338,480,96,196,1,-1,-1,-1
273,167,1600,304,124,240,1,-1,-1,-1
273,168,1088,616,132,176,1,-1,-1,-1
273,169,936,688,116,152,1,-1,-1,-1
274,55,887,703,114,169,1,-1,-1,-1
274,56,831,827,134,131,1,-1,-1,-1
274,70,1492,699,171,149,1,-1,-1,-1
274,106,1903,597,168,216,1,-1,-1,-1
274,107,1381,454,171,206,1,-1,-1,-1
274,117,824,748,221,213,1,-1,-1,-1
274,126,1073,619,132,190,1,-1,-1,-1
274,127,1495,652,176,200,1,-1,-1,-1
274,129,824,811,127,134,1,-1,-1,-1
274,132,1417,492,118,134,1,-1,-1,-1
274,139,1642,463,108,232,1,-1,-1,-1
274,141,2195,341,220,320,1,-1,-1,-1
274,143,1098,555,136,184,1,-1,-1,-1
274,146,892,794,120,88,1,-1,-1,-1
274,147,1543,141,104,184,1,-1,-1,-1
274,148,0,845,116,168,1,-1,-1,-1
274,150,898,729,141,149,1,-1,-1,-1
274,153,1253,636,69,80,1,-1,-1,-1
274,155,1946,564,210,198,1,-1,-1,-1
274,156,837,881,114,69,1,-1,-1,-1
274,157,1918,127,107,225,1,-1,-1,-1
274,158,1237,632,80,95,1,-1,-1,-1
274,159,813,793,176,168,1,-1,-1,-1
274,161,1450,334,110,194,1,-1,-1,-1
274,162,966,577,108,188,1,-1,-1,-1
274,163,1235,571,96,180,1,-1,-1,-1
274,164,1648,489,96,224,1,-1,-1,-1
274,165,1834,578,212,100,1,-1,-1,-1
274,166,1338,472,96,196,1,-1,-1,-1
274,167,1597,304,124,240,1,-1,-1,-1
274,168,1086,616,132,176,1,-1,-1,-1
274,169,932,688,116,152,1,-1,-1,-1
275,55,882,698,120,178,1,-1,-1,-1
275,56,831,828,134,131,1,-1,-1,-1
275,70,1495,698,171,149,1,-1,-1,-1
275,106,1902,598,168,216,1,-1,-1,-1
275,107,1381,454,171,206,1,-1,-1,-1
275,117,827,752,210,203,1,-1,-1,-1
275,126,1077,623,126,181,1,-1,-1,-1
275,127,1494,653,176,200,1,-1,-1,-1
275,129,825,813,127,134,1,-1,-1,-1
275,132,1418,490,118,134,1,-1,-1,-1
275,139,1641,463,108,232,1,-1,-1,-1
275,141,2192,342,220,320,1,-1,-1,-1
275,143,1098,555,136,184,1,-1,-1,-1
275,146,891,793,120,88,1,-1,-1,-1
275,147,1542,141,104,184,1,-1,-1,-1
275,148,1,846,116,168,1,-1,-1,-1
275,150,896,729,141,149,1,-1,-1,-1
275,153,1253,637,69,80,1,-1,-1,-1
275,156,837,879,114,69,1,-1,-1,-1
275,157,1915,129,107,225,1,-1,-1,-1
275,158,1238,633,80,95,1,-1,-1,-1
275,159,812,794,176,168,1,-1,-1,-1
275,162,965,577,108,188,1,-1,-1,-1
275,163,1235,572,96,180,1,-1,-1,-1
275,164,1645,484,101,235,1,-1,-1,-1
275,165,1833,581,212,100,1,-1,-1,-1
275,166,1344,477,91,187,1,-1,-1,-1
275,167,1593,304,124,240,1,-1,-1,-1
275,168,1085,617,132,176,1,-1,-1,-1
275,169,931,688,116,152,1,-1,-1,-1
276,55,880,696,120,178,1,-1,-1,-1
276,56,828,830,134,131,1,-1,-1,-1
276,70,1497,696,171,149,1,-1,-1,-1
276,106,1901,599,168,216,1,-1,-1,-1
276,107,1380,450,180,216,1,-1,-1,-1
276,117,827,752,210,203,1,-1,-1,-1
276,126,1069,616,132,190,1,-1,-1,-1
276,127,1493,656,176,200,1,-1,-1,-1
276,129,826,815,127,134,1,-1,-1,-1
276,132,1418,490,118,134,1,-1,-1,-1
276,139,1639,464,108,232,1,-1,-1,-1
276,141,2194,342,220,320,1,-1,-1,-1
276,143,1097,554,136,184,1,-1,-1,-1
276,146,891,794,120,88,1,-1,-1,-1
276,147,1540,143,104,184,1,-1,-1,-1
276,148,2,847,116,168,1,-1,-1,-1
276,150,894,729,141,149,1,-1,-1,-1
276,153,1254,641,69,80,1,-1,-1,-1
276,156,836,880,114,69,1,-1,-1,-1
276,157,1908,123,112,236,1,-1,-1,-1
276,158,1238,635,80,95,1,-1,-1,-1
276,159,812,795,176,168,1,-1,-1,-1
276,162,964,578,108,188,1,-1,-1,-1
276,163,1235,573,96,180,1,-1,-1,-1
276,164,1644,483,101,235,1,-1,-1,-1
276,165,1830,582,212,100,1,-1,-1,-1
276,166,1350,470,91,187,1,-1,-1,-1
276,167,1591,305,124,240,1,-1,-1,-1
276,168,1083,617,132,176,1,-1,-1,-1
276,169,928,689,116,152,1,-1,-1,-1
277,55,880,698,120,178,1,-1,-1,-1
277,56,832,834,128,124,1,-1,-1,-1
277,70,1498,699,171,149,1,-1,-1,-1
277,106,1904,607,160,206,1,-1,-1,-1
277,107,1377,444,189,227,1,-1,-1,-1
277,117,823,748,221,213,1,-1,-1,-1
277,126,1069,613,139,199,1,-1,-1,-1
277,127,1493,658,176,200,1,-1,-1,-1
277,129,825,818,127,134,1,-1,-1,-1
277,132,1421,491,118,134,1,-1,-1,-1
277,139,1635,454,113,244,1,-1,-1,-1
277,141,2194,346,220,320,1,-1,-1,-1
277,143,1098,554,136,184,1,-1,-1,-1
277,146,890,795,120,88,1,-1,-1,-1
277,147,1541,149,99,175,1,-1,-1,-1
277,148,3,848,116,168,1,-1,-1,-1
277,150,893,727,141,149,1,-1,-1,-1
277,153,1254,646,69,80,1,-1,-1,-1
277,156,834,881,114,69,1,-1,-1,-1
277,157,1906,124,112,236,1,-1,-1,-1
277,158,1239,638,80,95,1,-1,-1,-1
277,159,812,795,176,168,1,-1,-1,-1
277,162,963,580,108,188,1,-1,-1,-1
277,163,1234,575,96,180,1,-1,-1,-1
277,164,1643,488,96,224,1,-1,-1,-1
277,165,1831,588,202,95,1,-1,-1,-1
277,166,1350,473,91,187,1,-1,-1,-1
277,167,1590,307,124,240,1,-1,-1,-1
277,168,1082,618,132,176,1,-1,-1,-1
277,169,927,691,116,152,1,-1,-1,-1
278,55,878,695,120,178,1,-1,-1,-1
278,56,832,834,128,124,1,-1,-1,-1
278,70,1500,702,171,149,1,-1,-1,-1
278,106,1903,607,160,206,1,-1,-1,-1
278,107,1378,445,189,227,1,-1,-1,-1
278,117,822,749,221,213,1,-1,-1,-1
278,126,1063,613,139,199,1,-1,-1,-1
278,127,1494,659,176,200,1,-1,-1,-1
278,129,827,820,127,134,1,-1,-1,-1
278,132,1423,489,118,134,1,-1,-1,-1
278,139,1636,460,108,232,1,-1,-1,-1
278,141,2188,342,220,320,1,-1,-1,-1
278,143,1100,554,136,184,1,-1,-1,-1
278,146,891,794,120,88,1,-1,-1,-1
278,147,1539,147,104,184,1,-1,-1,-1
278,148,5,847,116,168,1,-1,-1,-1
278,150,894,728,141,149,1,-1,-1,-1
278,153,1256,647,69,80,1,-1,-1,-1
278,156,835,881,114,69,1,-1,-1,-1
278,157,1907,127,112,236,1,-1,-1,-1
278,158,1242,639,80,95,1,-1,-1,-1
278,159,813,795,176,168,1,-1,-1,-1
278,162,963,577,108,188,1,-1,-1,-1
278,163,1236,574,96,180,1,-1,-1,-1
278,164,1642,487,96,224,1,-1,-1,-1
278,165,1825,589,202,95,1,-1,-1,-1
278,166,1350,472,96,196,1,-1,-1,-1
278,167,1590,306,124,240,1,-1,-1,-1
278,168,1084,616,132,176,1,-1,-1,-1
278,169,927,686,122,160,1,-1,-1,-1
279,55,877,694,120,178,1,-1,-1,-1
279,56,834,834,128,124,1,-1,-1,-1
279,70,1501,702,171,149,1,-1,-1,-1
279,106,1902,606,160,206,1,-1,-1,-1
279,107,1386,448,180,216,1,-1,-1,-1
279,117,829,753,210,203,1,-1,-1,-1
279,126,1059,612,139,199,1,-1,-1,-1
279,127,1497,659,176,200,1,-1,-1,-1
279,129,827,820,127,134,1,-1,-1,-1
279,132,1425,489,118,134,1,-1,-1,-1
279,139,1634,452,113,244,1,-1,-1,-1
279,141,2183,330,231,336,1,-1,-1,-1
279,143,1101,553,136,184,1,-1,-1,-1
279,146,892,794,120,88,1,-1,-1,-1
279,147,1543,151,99,175,1,-1,-1,-1
279,148,6,844,116,168,1,-1,-1,-1
279,150,895,727,141,149,1,-1,-1,-1
279,153,1259,646,69,80,1,-1,-1,-1
279,156,836,883,114,69,1,-1,-1,-1
279,157,1908,126,112,236,1,-1,-1,-1
279,158,1244,639,80,95,1,-1,-1,-1
279,159,814,795,176,168,1,-1,-1,-1
279,162,960,573,113,197,1,-1,-1,-1
279,163,1237,573,96,180,1,-1,-1,-1
279,164,1641,477,101,235,1,-1,-1,-1
279,165,1823,592,192,91,1,-1,-1,-1
279,166,1351,473,96,196,1,-1,-1,-1
279,167,1589,303,124,240,1,-1,-1,-1
279,168,1084,616,132,176,1,-1,-1,-1
279,169,929,688,116,152,1,-1,-1,-1
280,55,878,692,120,178,1,-1,-1,-1
280,56,834,831,128,124,1,-1,-1,-1
280,70,1503,695,180,156,1,-1,-1,-1
280,106,1904,603,160,206,1,-1,-1,-1
280,107,1390,445,180,216,1,-1,-1,-1
280,117,830,750,210,203,1,-1,-1,-1
280,126,1061,611,139,199,1,-1,-1,-1
280,127,1500,659,176,200,1,-1,-1,-1
280,129,831,822,121,128,1,-1,-1,-1
280,132,1430,490,112,128,1,-1,-1,-1
280,139,1638,443,113,244,1,-1,-1,-1
280,141,2188,328,231,336,1,-1,-1,-1
280,143,1099,549,143,193,1,-1,-1,-1
280,146,892,790,126,92,1,-1,-1,-1
280,147,1543,150,99,175,1,-1,-1,-1
280,148,8,839,116,168,1,-1,-1,-1
280,150,897,724,141,149,1,-1,-1,-1
280,153,1262,642,69,80,1,-1,-1,-1
280,156,836,883,114,69,1,-1,-1,-1
280,157,1909,125,112,236,1,-1,-1,-1
280,158,1247,636,80,95,1,-1,-1,-1
280,159,817,792,176,168,1,-1,-1,-1
280,162,962,573,113,197,1,-1,-1,-1
280,163,1241,572,96,180,1,-1,-1,-1
280,164,1644,480,96,224,1,-1,-1,-1
280,165,1822,593,192,91,1,-1,-1,-1
280,166,1351,469,96,196,1,-1,-1,-1
280,167,1588,304,124,240,1,-1,-1,-1
280,168,1086,612,132,176,1,-1,-1,-1
280,169,929,689,116,152,1,-1,-1,-1
281,55,878,692,120,178,1,-1,-1,-1
281,56,834,831,128,124,1,-1,-1,-1
281,70,1503,695,180,156,1,-1,-1,-1
281,106,1924,592,132,208,1,-1,-1,-1
281,107,1368,436,208,228,1,-1,-1,-1
281,117,824,668,216,288,1,-1,-1,-1
281,126,1061,611,139,199,1,-1,-1,-1
281,127,1508,672,180,180,1,-1,-1,-1
281,129,831,822,121,128,1,-1,-1,-1
281,132,1430,490,112,128,1,-1,-1,-1
281,139,1644,452,96,244,1,-1,-1,-1
281,141,2224,316,184,316,1,-1,-1,-1
281,143,1100,520,156,224,1,-1,-1,-1
281,146,892,790,126,92,1,-1,-1,-1
281,147,1543,150,99,175,1,-1,-1,-1
281,148,0,832,120,176,1,-1,-1,-1
281,150,897,724,141,149,1,-1,-1,-1
281,153,1262,642,69,80,1,-1,-1,-1
281,156,836,883,114,69,1,-1,-1,-1
281,157,1924,136,220,224,1,-1,-1,-1
281,158,1247,636,80,95,1,-1,-1,-1
281,159,817,792,176,168,1,-1,-1,-1
281,162,962,573,113,197,1,-1,-1,-1
281,163,1241,572,96,180,1,-1,-1,-1
281,164,1644,480,96,224,1,-1,-1,-1
281,165,1822,593,192,91,1,-1,-1,-1
281,166,1351,469,96,196,1,-1,-1,-1
281,167,1588,304,124,240,1,-1,-1,-1
281,168,1086,612,132,176,1,-1,-1,-1
281,169,929,689,116,152,1,-1,-1,-1
281,170,960,552,160,248,1,-1,-1,-1
281,171,1848,564,160,224,1,-1,-1,-1
281,172,1572,292,120,256,1,-1,-1,-1
281,173,1440,300,144,196,1,-1,-1,-1
282,55,886,687,120,178,1,-1,-1,-1
282,56,839,822,128,124,1,-1,-1,-1
282,70,1519,686,171,149,1,-1,-1,-1
282,106,1926,585,132,208,1,-1,-1,-1
282,107,1371,426,208,228,1,-1,-1,-1
282,117,825,663,216,288,1,-1,-1,-1
282,126,1057,587,146,209,1,-1,-1,-1
282,127,1517,671,171,171,1,-1,-1,-1
282,129,838,811,121,128,1,-1,-1,-1
282,132,1438,478,112,128,1,-1,-1,-1
282,139,1647,454,91,232,1,-1,-1,-1
282,141,2225,312,184,316,1,-1,-1,-1
282,143,1101,514,156,224,1,-1,-1,-1
282,146,898,779,126,92,1,-1,-1,-1
282,147,1547,138,99,175,1,-1,-1,-1
282,148,4,824,120,176,1,-1,-1,-1
282,150,903,715,141,149,1,-1,-1,-1
282,153,1272,621,69,80,1,-1,-1,-1
282,156,841,877,114,69,1,-1,-1,-1
282,157,1924,131,220,224,1,-1,-1,-1
282,158,1257,613,80,95,1,-1,-1,-1
282,159,823,782,176,168,1,-1,-1,-1
282,162,962,561,119,207,1,-1,-1,-1
282,163,1250,555,96,180,1,-1,-1,-1
282,164,1648,468,91,213,1,-1,-1,-1
282,165,1820,589,183,86,1,-1,-1,-1
282,166,1353,450,101,206,1,-1,-1,-1
282,167,1586,298,124,240,1,-1,-1,-1
282,168,1089,595,139,185,1,-1,-1,-1
282,169,934,679,110,145,1,-1,-1,-1
282,170,958,540,168,260,1,-1,-1,-1
282,171,1850,559,160,224,1,-1,-1,-1
282,172,1572,288,120,256,1,-1,-1,-1
282,173,1447,298,137,187,1,-1,-1,-1
283,55,888,679,120,178,1,-1,-1,-1
283,56,846,814,122,118,1,-1,-1,-1
283,70,1521,678,171,149,1,-1,-1,-1
283,106,1930,573,132,208,1,-1,-1,-1
283,107,1380,425,198,217,1,-1,-1,-1
283,117,830,657,216,288,1,-1,-1,-1
283,126,1059,579,146,209,1,-1,-1,-1
283,127,1523,659,171,171,1,-1,-1,-1
283,129,846,804,115,122,1,-1,-1,-1
283,132,1443,463,112,128,1,-1,-1,-1
283,139,1650,445,87,221,1,-1,-1,-1
283,141,2234,315,175,301,1,-1,-1,-1
283,143,1107,505,156,224,1,-1,-1,-1
283,146,903,770,126,92,1,-1,-1,-1
283,147,1547,130,99,175,1,-1,-1,-1
283,148,10,813,120,176,1,-1,-1,-1
283,150,913,710,141,149,1,-1,-1,-1
283,153,1279,606,69,80,1,-1,-1,-1
283,156,845,866,114,69,1,-1,-1,-1
283,157,1926,119,220,224,1,-1,-1,-1
283,158,1264,596,80,95,1,-1,-1,-1
283,159,826,772,176,168,1,-1,-1,-1
283,162,967,550,119,207,1,-1,-1,-1
283,163,1255,539,96,180,1,-1,-1,-1
283,164,1653,463,91,213,1,-1,-1,-1
283,165,1818,579,183,86,1,-1,-1,-1
283,166,1357,439,101,206,1,-1,-1,-1
283,167,1586,285,124,240,1,-1,-1,-1
283,168,1091,586,139,185,1,-1,-1,-1
283,169,940,669,110,145,1,-1,-1,-1
283,170,963,531,168,260,1,-1,-1,-1
283,171,1852,545,160,224,1,-1,-1,-1
283,172,1574,277,120,256,1,-1,-1,-1
283,173,1451,285,137,187,1,-1,-1,-1
284,55,895,658,126,187,1,-1,-1,-1
284,56,850,801,122,118,1,-1,-1,-1
284,70,1533,662,171,149,1,-1,-1,-1
284,106,1932,558,132,208,1,-1,-1,-1
284,107,1382,401,208,228,1,-1,-1,-1
284,117,840,639,216,288,1,-1,-1,-1
284,126,1061,560,146,209,1,-1,-1,-1
284,127,1529,647,171,171,1,-1,-1,-1
284,129,851,791,115,122,1,-1,-1,-1
284,132,1450,448,112,128,1,-1,-1,-1
284,139,1656,428,87,221,1,-1,-1,-1
284,141,2238,284,184,316,1,-1,-1,-1
284,143,1112,489,156,224,1,-1,-1,-1
284,146,908,757,126,92,1,-1,-1,-1
284,147,1549,110,104,184,1,-1,-1,-1
284,148,17,797,120,176,1,-1,-1,-1
284,150,920,698,135,142,1,-1,-1,-1
284,153,1285,588,69,80,1,-1,-1,-1
284,156,848,854,114,69,1,-1,-1,-1
284,157,1928,104,220,224,1,-1,-1,-1
284,158,1270,579,80,95,1,-1,-1,-1
284,159,831,759,176,168,1,-1,-1,-1
284,162,973,537,113,197,1,-1,-1,-1
284,163,1260,520,101,189,1,-1,-1,-1
284,164,1656,442,91,213,1,-1,-1,-1
284,165,1823,568,174,82,1,-1,-1,-1
284,166,1362,419,101,206,1,-1,-1,-1
284,167,1590,270,124,240,1,-1,-1,-1
284,168,1094,571,139,185,1,-1,-1,-1
284,169,943,651,116,152,1,-1,-1,-1
284,170,969,516,168,260,1,-1,-1,-1
284,171,1856,530,160,224,1,-1,-1,-1
284,172,1576,264,120,256,1,-1,-1,-1
284,173,1458,271,137,187,1,-1,-1,-1
285,55,894,649,126,187,1,-1,-1,-1
285,56,850,793,122,118,1,-1,-1,-1
285,70,1530,649,180,156,1,-1,-1,-1
285,106,1936,559,126,198,1,-1,-1,-1
285,107,1390,400,198,217,1,-1,-1,-1
285,117,835,633,216,288,1,-1,-1,-1
285,126,1062,555,146,209,1,-1,-1,-1
285,127,1531,640,171,171,1,-1,-1,-1
285,129,851,781,115,122,1,-1,-1,-1
285,132,1451,435,112,128,1,-1,-1,-1
285,139,1657,422,87,221,1,-1,-1,-1
285,141,2239,277,184,316,1,-1,-1,-1
285,143,1114,483,156,224,1,-1,-1,-1
285,146,913,749,120,88,1,-1,-1,-1
285,147,1549,97,104,184,1,-1,-1,-1
285,148,18,791,120,176,1,-1,-1,-1
285,150,922,691,135,142,1,-1,-1,-1
285,153,1287,576,69,80,1,-1,-1,-1
285,156,848,844,114,69,1,-1,-1,-1
285,157,1927,98,220,224,1,-1,-1,-1
285,158,1271,568,80,95,1,-1,-1,-1
285,159,832,751,176,168,1,-1,-1,-1
285,162,969,532,119,207,1,-1,-1,-1
285,163,1266,506,101,189,1,-1,-1,-1
285,164,1659,439,91,213,1,-1,-1,-1
285,165,1826,560,166,78,1,-1,-1,-1
285,166,1366,404,101,206,1,-1,-1,-1
285,167,1591,264,124,240,1,-1,-1,-1
285,168,1095,564,139,185,1,-1,-1,-1
285,169,947,641,116,152,1,-1,-1,-1
285,170,972,514,168,260,1,-1,-1,-1
285,171,1856,526,160,224,1,-1,-1,-1
285,172,1580,262,114,244,1,-1,-1,-1
285,173,1458,261,137,187,1,-1,-1,-1
286,55,896,644,126,187,1,-1,-1,-1
286,56,852,793,116,113,1,-1,-1,-1
286,70,1531,646,180,156,1,-1,-1,-1
286,106,1933,553,132,208,1,-1,-1,-1
286,107,1390,395,198,217,1,-1,-1,-1
286,117,834,632,216,288,1,-1,-1,-1
286,127,1531,637,171,171,1,-1,-1,-1
286,129,850,779,115,122,1,-1,-1,-1
286,132,1455,435,107,122,1,-1,-1,-1
286,139,1657,417,87,221,1,-1,-1,-1
286,141,2232,258,193,332,1,-1,-1,-1
286,143,1111,482,156,224,1,-1,-1,-1
286,146,915,747,120,88,1,-1,-1,-1
286,147,1549,95,104,184,1,-1,-1,-1
286,148,19,790,120,176,1,-1,-1,-1
286,150,922,691,135,142,1,-1,-1,-1
286,153,1287,576,69,80,1,-1,-1,-1
286,156,846,841,114,69,1,-1,-1,-1
286,157,1926,95,220,224,1,-1,-1,-1
286,158,1272,567,80,95,1,-1,-1,-1
286,159,834,750,176,168,1,-1,-1,-1
286,162,970,523,119,207,1,-1,-1,-1
286,163,1263,502,106,198,1,-1,-1,-1
286,164,1660,437,91,213,1,-1,-1,-1
286,165,1821,558,166,78,1,-1,-1,-1
286,166,1368,402,101,206,1,-1,-1,-1
286,167,1592,262,124,240,1,-1,-1,-1
286,168,1098,568,132,176,1,-1,-1,-1
286,169,945,640,116,152,1,-1,-1,-1
286,170,969,507,168,260,1,-1,-1,-1
286,171,1852,525,160,224,1,-1,-1,-1
286,172,1581,259,114,244,1,-1,-1,-1
286,173,1458,259,137,187,1,-1,-1,-1
287,55,899,645,126,187,1,-1,-1,-1
287,56,851,795,116,113,1,-1,-1,-1
287,70,1533,644,180,156,1,-1,-1,-1
287,106,1933,552,132,208,1,-1,-1,-1
287,107,1392,395,198,217,1,-1,-1,-1
287,117,836,630,216,288,1,-1,-1,-1
287,127,1532,636,171,171,1,-1,-1,-1
287,129,849,780,115,122,1,-1,-1,-1
287,132,1457,434,107,122,1,-1,-1,-1
287,139,1657,418,87,221,1,-1,-1,-1
287,141,2236,267,184,316,1,-1,-1,-1
287,143,1117,485,149,213,1,-1,-1,-1
287,146,919,747,120,88,1,-1,-1,-1
287,147,1546,96,104,184,1,-1,-1,-1
287,148,21,790,120,176,1,-1,-1,-1
287,150,929,694,128,135,1,-1,-1,-1
287,153,1289,579,69,80,1,-1,-1,-1
287,156,846,842,114,69,1,-1,-1,-1
287,157,1926,94,220,224,1,-1,-1,-1
287,158,1274,570,80,95,1,-1,-1,-1
287,159,839,755,168,160,1,-1,-1,-1
287,162,971,526,119,207,1,-1,-1,-1
287,163,1265,502,106,198,1,-1,-1,-1
287,164,1656,434,96,224,1,-1,-1,-1
287,165,1823,560,158,75,1,-1,-1,-1
287,166,1369,402,101,206,1,-1,-1,-1
287,167,1591,262,124,240,1,-1,-1,-1
287,168,1100,566,132,176,1,-1,-1,-1
287,169,946,639,116,152,1,-1,-1,-1
287,170,966,506,168,260,1,-1,-1,-1
287,171,1852,525,160,224,1,-1,-1,-1
287,172,1575,253,120,256,1,-1,-1,-1
287,173,1460,264,131,178,1,-1,-1,-1
288,55,898,645,126,187,1,-1,-1,-1
288,56,851,794,116,113,1,-1,-1,-1
288,70,1534,645,180,156,1,-1,-1,-1
288,106,1933,553,132,208,1,-1,-1,-1
288,107,1392,396,198,217,1,-1,-1,-1
288,117,837,627,216,288,1,-1,-1,-1
288,127,1532,637,171,171,1,-1,-1,-1
288,129,848,779,115,122,1,-1,-1,-1
288,132,1458,434,107,122,1,-1,-1,-1
288,139,1655,411,91,232,1,-1,-1,-1
288,141,2239,266,184,316,1,-1,-1,-1
288,143,1118,482,149,213,1,-1,-1,-1
288,146,920,748,120,88,1,-1,-1,-1
288,147,1547,96,104,184,1,-1,-1,-1
288,148,22,791,120,176,1,-1,-1,-1
288,150,929,695,128,135,1,-1,-1,-1
288,153,1291,581,69,80,1,-1,-1,-1
288,156,845,841,114,69,1,-1,-1,-1
288,157,1920,89,231,235,1,-1,-1,-1
288,158,1276,574,80,95,1,-1,-1,-1
288,159,838,755,168,160,1,-1,-1,-1
288,162,975,530,113,197,1,-1,-1,-1
288,163,1268,504,106,198,1,-1,-1,-1
288,164,1657,428,96,224,1,-1,-1,-1
288,165,1819,561,158,75,1,-1,-1,-1
288,166,1367,404,101,206,1,-1,-1,-1
288,167,1591,263,124,240,1,-1,-1,-1
288,168,1103,563,132,176,1,-1,-1,-1
288,169,946,638,116,152,1,-1,-1,-1
288,170,970,510,160,248,1,-1,-1,-1
288,171,1850,528,160,224,1,-1,-1,-1
288,172,1577,262,114,244,1,-1,-1,-1
288,173,1461,265,131,178,1,-1,-1,-1
289,55,898,645,126,187,1,-1,-1,-1
289,56,851,794,116,113,1,-1,-1,-1
289,70,1540,632,184,176,1,-1,-1,-1
289,106,1933,553,132,208,1,-1,-1,-1
289,107,1392,396,198,217,1,-1,-1,-1
289,117,837,627,216,288,1,-1,-1,-1
289,127,1532,637,171,171,1,-1,-1,-1
289,129,840,780,116,136,1,-1,-1,-1
289,132,1452,404,132,220,1,-1,-1,-1
289,139,1652,408,96,240,1,-1,-1,-1
289,141,2239,266,184,316,1,-1,-1,-1
289,143,1124,484,132,212,1,-1,-1,-1
289,146,920,748,120,88,1,-1,-1,-1
289,147,1547,96,104,184,1,-1,-1,-1
289,148,0,788,156,180,1,-1,-1,-1
289,150,929,695,128,135,1,-1,-1,-1
289,153,1291,581,69,80,1,-1,-1,-1
289,156,845,841,114,69,1,-1,-1,-1
289,157,1936,96,180,216,1,-1,-1,-1
289,158,1276,574,80,95,1,-1,-1,-1
289,159,838,755,168,160,1,-1,-1,-1
289,162,975,530,113,197,1,-1,-1,-1
289,163,1268,504,106,198,1,-1,-1,-1
289,164,1657,428,96,224,1,-1,-1,-1
289,165,1819,561,158,75,1,-1,-1,-1
289,166,1368,404,112,220,1,-1,-1,-1
289,167,1591,263,124,240,1,-1,-1,-1
289,168,1103,563,132,176,1,-1,-1,-1
289,169,946,638,116,152,1,-1,-1,-1
289,170,1008,532,96,216,1,-1,-1,-1
289,171,1850,528,160,224,1,-1,-1,-1
289,172,1577,262,114,244,1,-1,-1,-1
289,173,1452,280,132,172,1,-1,-1,-1
289,174,1860,528,188,232,1,-1,-1,-1
289,175,1276,588,88,104,1,-1,-1,-1
289,176,1076,604,88,152,1,-1,-1,-1
289,177,2252,244,200,164,1,-1,-1,-1
290,55,906,643,126,187,1,-1,-1,-1
290,56,850,791,116,113,1,-1,-1,-1
290,70,1541,631,184,176,1,-1,-1,-1
290,106,1933,553,132,208,1,-1,-1,-1
290,107,1393,394,198,217,1,-1,-1,-1
290,117,841,628,216,288,1,-1,-1,-1
290,127,1534,634,171,171,1,-1,-1,-1
290,129,840,779,116,136,1,-1,-1,-1
290,132,1453,404,132,220,1,-1,-1,-1
290,139,1651,406,96,240,1,-1,-1,-1
290,141,2234,255,184,316,1,-1,-1,-1
290,143,1126,482,132,212,1,-1,-1,-1
290,146,923,746,120,88,1,-1,-1,-1
290,147,1547,94,104,184,1,-1,-1,-1
290,148,3,787,156,180,1,-1,-1,-1
290,150,933,692,128,135,1,-1,-1,-1
290,153,1295,581,69,80,1,-1,-1,-1
290,156,843,839,114,69,1,-1,-1,-1
290,157,1932,95,180,216,1,-1,-1,-1
290,158,1279,573,80,95,1,-1,-1,-1
290,159,839,749,168,160,1,-1,-1,-1
290,162,979,524,113,197,1,-1,-1,-1
290,163,1271,503,106,198,1,-1,-1,-1
290,164,1659,432,91,213,1,-1,-1,-1
290,165,1809,561,158,75,1,-1,-1,-1
290,166,1367,404,112,220,1,-1,-1,-1
290,167,1583,249,130,252,1,-1,-1,-1
290,168,1113,559,132,176,1,-1,-1,-1
290,169,950,640,110,145,1,-1,-1,-1
290,170,1008,531,96,216,1,-1,-1,-1
290,171,1840,526,160,224,1,-1,-1,-1
290,172,1574,260,114,244,1,-1,-1,-1
290,173,1453,280,132,172,1,-1,-1,-1
290,174,1859,527,188,232,1,-1,-1,-1
290,175,1278,586,88,104,1,-1,-1,-1
290,176,1077,603,88,152,1,-1,-1,-1
290,177,2253,241,200,164,1,-1,-1,-1
291,56,849,789,116,113,1,-1,-1,-1
291,70,1542,629,184,176,1,-1,-1,-1
291,106,1920,548,139,218,1,-1,-1,-1
291,107,1395,393,198,217,1,-1,-1,-1
291,117,838,626,216,288,1,-1,-1,-1
291,127,1529,629,180,180,1,-1,-1,-1
291,129,839,779,116,136,1,-1,-1,-1
291,132,1454,403,132,220,1,-1,-1,-1
291,139,1652,406,96,240,1,-1,-1,-1
291,141,2239,268,175,301,1,-1,-1,-1
291,143,1127,481,132,212,1,-1,-1,-1
291,146,925,745,120,88,1,-1,-1,-1
291,147,1546,94,104,184,1,-1,-1,-1
291,148,5,788,156,180,1,-1,-1,-1
291,150,933,692,128,135,1,-1,-1,-1
291,153,1298,576,69,80,1,-1,-1,-1
291,156,843,837,114,69,1,-1,-1,-1
291,157,1931,96,180,216,1,-1,-1,-1
291,158,1282,567,80,95,1,-1,-1,-1
291,159,836,746,176,168,1,-1,-1,-1
291,162,980,522,113,197,1,-1,-1,-1
291,163,1273,503,106,198,1,-1,-1,-1
291,164,1657,430,91,213,1,-1,-1,-1
291,166,1367,404,112,220,1,-1,-1,-1
291,167,1581,250,130,252,1,-1,-1,-1
291,168,1115,552,132,176,1,-1,-1,-1
291,169,949,640,110,145,1,-1,-1,-1
291,170,1010,529,96,216,1,-1,-1,-1
291,171,1836,525,160,224,1,-1,-1,-1
291,172,1576,261,109,232,1,-1,-1,-1
291,173,1452,280,132,172,1,-1,-1,-1
291,174,1858,528,188,232,1,-1,-1,-1
291,175,1280,583,88,104,1,-1,-1,-1
291,176,1077,602,88,152,1,-1,-1,-1
291,177,2259,240,190,156,1,-1,-1,-1
292,56,848,788,116,113,1,-1,-1,-1
292,70,1542,630,184,176,1,-1,-1,-1
292,106,1915,546,139,218,1,-1,-1,-1
292,107,1392,392,198,217,1,-1,-1,-1
292,117,830,622,227,302,1,-1,-1,-1
292,127,1528,628,180,180,1,-1,-1,-1
292,129,837,777,116,136,1,-1,-1,-1
292,132,1453,402,132,220,1,-1,-1,-1
292,139,1651,403,96,240,1,-1,-1,-1
292,141,2240,270,175,301,1,-1,-1,-1
292,143,1131,486,126,202,1,-1,-1,-1
292,146,923,744,120,88,1,-1,-1,-1
292,147,1545,94,104,184,1,-1,-1,-1
292,148,7,786,156,180,1,-1,-1,-1
292,150,930,686,135,142,1,-1,-1,-1
292,153,1298,570,69,80,1,-1,-1,-1
292,156,842,835,114,69,1,-1,-1,-1
292,157,1928,105,171,206,1,-1,-1,-1
292,158,1281,562,80,95,1,-1,-1,-1
292,159,833,744,176,168,1,-1,-1,-1
292,162,985,520,113,197,1,-1,-1,-1
292,163,1277,501,101,189,1,-1,-1,-1
292,166,1366,404,112,220,1,-1,-1,-1
292,168,1117,555,132,176,1,-1,-1,-1
292,169,947,638,110,145,1,-1,-1,-1
292,170,1010,528,96,216,1,-1,-1,-1
292,171,1835,524,160,224,1,-1,-1,-1
292,172,1575,263,109,232,1,-1,-1,-1
292,173,1450,280,132,172,1,-1,-1,-1
292,174,1857,527,188,232,1,-1,-1,-1
292,175,1279,581,88,104,1,-1,-1,-1
292,176,1078,604,88,152,1,-1,-1,-1
292,177,2257,236,190,156,1,-1,-1,-1
293,56,844,788,116,113,1,-1,-1,-1
293,70,1540,631,184,176,1,-1,-1,-1
293,106,1904,546,139,218,1,-1,-1,-1
293,107,1391,394,198,217,1,-1,-1,-1
293,117,834,627,216,288,1,-1,-1,-1
293,127,1528,630,180,180,1,-1,-1,-1
293,129,835,776,116,136,1,-1,-1,-1
293,132,1451,404,132,220,1,-1,-1,-1
293,139,1651,405,96,240,1,-1,-1,-1
293,141,2236,273,175,301,1,-1,-1,-1
293,143,1130,486,126,202,1,-1,-1,-1
293,146,920,744,120,88,1,-1,-1,-1
293,147,1544,93,104,184,1,-1,-1,-1
293,148,10,787,156,180,1,-1,-1,-1
293,150,928,685,135,142,1,-1,-1,-1
293,153,1297,565,69,80,1,-1,-1,-1
293,156,839,834,114,69,1,-1,-1,-1
293,157,1922,107,171,206,1,-1,-1,-1
293,158,1280,558,80,95,1,-1,-1,-1
293,159,830,746,176,168,1,-1,-1,-1
293,162,983,519,113,197,1,-1,-1,-1
293,163,1280,502,96,180,1,-1,-1,-1
293,166,1364,404,112,220,1,-1,-1,-1
293,168,1121,561,126,168,1,-1,-1,-1
293,169,946,637,110,145,1,-1,-1,-1
293,170,1010,527,96,216,1,-1,-1,-1
293,171,1831,525,160,224,1,-1,-1,-1
293,172,1570,264,109,232,1,-1,-1,-1
293,173,1448,281,132,172,1,-1,-1,-1
293,174,1854,528,188,232,1,-1,-1,-1
293,175,1279,576,88,104,1,-1,-1,-1
293,176,1078,605,88,152,1,-1,-1,-1
293,177,2259,233,190,156,1,-1,-1,-1
294,56,840,788,116,113,1,-1,-1,-1
294,70,1537,633,184,176,1,-1,-1,-1
294,106,1905,551,139,218,1,-1,-1,-1
294,107,1388,394,198,217,1,-1,-1,-1
294,117,827,631,216,288,1,-1,-1,-1
294,127,1523,633,180,180,1,-1,-1,-1
294,129,832,776,116,136,1,-1,-1,-1
294,132,1449,407,132,220,1,-1,-1,-1
294,139,1647,405,96,240,1,-1,-1,-1
294,141,2237,278,175,301,1,-1,-1,-1
294,143,1130,488,126,202,1,-1,-1,-1
294,146,914,744,120,88,1,-1,-1,-1
294,147,1544,94,104,184,1,-1,-1,-1
294,148,11,790,156,180,1,-1,-1,-1
294,150,923,683,135,142,1,-1,-1,-1
294,153,1295,565,69,80,1,-1,-1,-1
294,156,836,834,114,69,1,-1,-1,-1
294,157,1912,104,180,216,1,-1,-1,-1
294,158,1280,555,80,95,1,-1,-1,-1
294,159,826,747,176,168,1,-1,-1,-1
294,162,985,517,113,197,1,-1,-1,-1
294,163,1281,500,96,180,1,-1,-1,-1
294,166,1357,400,118,231,1,-1,-1,-1
294,168,1118,560,132,176,1,-1,-1,-1
294,169,943,632,116,152,1,-1,-1,-1
294,170,1008,529,96,216,1,-1,-1,-1
294,171,1826,527,160,224,1,-1,-1,-1
294,172,1566,257,114,244,1,-1,-1,-1
294,173,1443,282,132,172,1,-1,-1,-1
294,174,1849,531,188,232,1,-1,-1,-1
294,175,1282,577,84,99,1,-1,-1,-1
294,176,1077,605,88,152,1,-1,-1,-1
294,177,2264,233,181,149,1,-1,-1,-1
295,56,838,791,116,113,1,-1,-1,-1
295,70,1532,639,184,176,1,-1,-1,-1
295,106,1908,565,139,218,1,-1,-1,-1
295,107,1383,399,198,217,1,-1,-1,-1
295,117,820,634,216,288,1,-1,-1,-1
295,127,1520,638,180,180,1,-1,-1,-1
295,129,829,780,116,136,1,-1,-1,-1
295,132,1447,413,132,220,1,-1,-1,-1
295,139,1644,414,91,229,1,-1,-1,-1
295,141,2240,281,175,301,1,-1,-1,-1
295,143,1127,495,126,202,1,-1,-1,-1
295,146,911,750,120,88,1,-1,-1,-1
295,147,1542,98,104,184,1,-1,-1,-1
295,148,10,793,156,180,1,-1,-1,-1
295,150,919,689,135,142,1,-1,-1,-1
295,153,1294,566,69,80,1,-1,-1,-1
295,156,833,838,114,69,1,-1,-1,-1
295,157,1900,100,189,227,1,-1,-1,-1
295,158,1279,556,80,95,1,-1,-1,-1
295,159,821,752,176,168,1,-1,-1,-1
295,162,985,522,113,197,1,-1,-1,-1
295,163,1278,496,101,189,1,-1,-1,-1
295,166,1350,403,118,231,1,-1,-1,-1
295,168,1117,571,132,176,1,-1,-1,-1
295,170,1008,530,96,216,1,-1,-1,-1
295,171,1824,536,160,224,1,-1,-1,-1
295,172,1560,261,114,244,1,-1,-1,-1
295,173,1442,291,126,164,1,-1,-1,-1
295,174,1844,534,188,232,1,-1,-1,-1
295,175,1281,578,84,99,1,-1,-1,-1
295,176,1075,607,88,152,1,-1,-1,-1
295,177,2275,219,181,149,1,-1,-1,-1
296,56,832,800,116,113,1,-1,-1,-1
296,70,1528,653,184,176,1,-1,-1,-1
296,106,1894,571,139,218,1,-1,-1,-1
296,107,1382,407,198,217,1,-1,-1,-1
296,117,822,645,216,288,1,-1,-1,-1
296,127,1515,651,180,180,1,-1,-1,-1
296,129,823,792,116,136,1,-1,-1,-1
296,132,1445,423,132,220,1,-1,-1,-1
296,139,1638,424,91,229,1,-1,-1,-1
296,141,2245,297,175,301,1,-1,-1,-1
296,143,1125,507,126,202,1,-1,-1,-1
296,146,904,761,120,88,1,-1,-1,-1
296,147,1536,110,104,184,1,-1,-1,-1
296,148,7,805,156,180,1,-1,-1,-1
296,150,912,702,135,142,1,-1,-1,-1
296,153,1291,576,69,80,1,-1,-1,-1
296,156,830,850,114,69,1,-1,-1,-1
296,157,1894,120,180,216,1,-1,-1,-1
296,158,1276,566,80,95,1,-1,-1,-1
296,159,813,765,176,168,1,-1,-1,-1
296,162,985,539,108,188,1,-1,-1,-1
296,163,1276,503,101,189,1,-1,-1,-1
296,166,1349,413,118,231,1,-1,-1,-1
296,168,1110,583,139,185,1,-1,-1,-1
296,170,1008,550,91,206,1,-1,-1,-1
296,171,1820,546,168,235,1,-1,-1,-1
296,172,1560,275,109,232,1,-1,-1,-1
296,173,1437,301,126,164,1,-1,-1,-1
296,174,1834,545,197,244,1,-1,-1,-1
296,175,1278,589,84,99,1,-1,-1,-1
296,176,1068,619,88,152,1,-1,-1,-1
296,177,2279,218,181,149,1,-1,-1,-1
297,56,832,800,116,113,1,-1,-1,-1
297,70,1524,652,180,196,1,-1,-1,-1
297,106,1912,580,120,240,1,-1,-1,-1
297,107,1382,407,198,217,1,-1,-1,-1
297,117,876,664,136,220,1,-1,-1,-1
297,127,1515,651,180,180,1,-1,-1,-1
297,129,820,784,112,172,1,-1,-1,-1
297,132,1436,452,144,220,1,-1,-1,-1
297,139,1638,424,91,229,1,-1,-1,-1
297,141,2245,297,175,301,1,-1,-1,-1
297,143,1128,516,116,196,1,-1,-1,-1
297,146,904,761,120,88,1,-1,-1,-1
297,147,1536,110,104,184,1,-1,-1,-1
297,148,0,824,156,180,1,-1,-1,-1
297,150,912,702,135,142,1,-1,-1,-1
297,153,1291,576,69,80,1,-1,-1,-1
297,156,830,850,114,69,1,-1,-1,-1
297,157,1894,120,180,216,1,-1,-1,-1
297,158,1276,566,80,95,1,-1,-1,-1
297,159,813,765,176,168,1,-1,-1,-1
297,162,985,539,108,188,1,-1,-1,-1
297,163,1272,512,92,176,1,-1,-1,-1
297,166,1349,413,118,231,1,-1,-1,-1
297,168,1110,583,139,185,1,-1,-1,-1
297,170,984,548,148,244,1,-1,-1,-1
297,171,1820,546,168,235,1,-1,-1,-1
297,172,1560,275,109,232,1,-1,-1,-1
297,173,1437,301,126,164,1,-1,-1,-1
297,174,1834,545,197,244,1,-1,-1,-1
297,175,1278,589,84,99,1,-1,-1,-1
297,176,1068,619,88,152,1,-1,-1,-1
297,177,2279,218,181,149,1,-1,-1,-1
297,178,1816,528,108,204,1,-1,-1,-1
297,179,1616,416,96,268,1,-1,-1,-1
297,180,1320,436,112,220,1,-1,-1,-1
297,181,1884,156,164,208,1,-1,-1,-1
297,182,1452,972,268,96,1,-1,-1,-1
297,183,1432,348,92,152,1,-1,-1,-1
298,56,816,829,116,113,1,-1,-1,-1
298,70,1518,669,180,196,1,-1,-1,-1
298,106,1907,600,120,240,1,-1,-1,-1
298,107,1379,439,198,217,1,-1,-1,-1
298,117,869,681,136,220,1,-1,-1,-1
298,127,1501,685,180,180,1,-1,-1,-1
298,129,814,801,112,172,1,-1,-1,-1
298,132,1432,468,144,220,1,-1,-1,-1
298,139,1614,448,96,240,1,-1,-1,-1
298,141,2262,323,175,301,1,-1,-1,-1
298,143,1124,532,116,196,1,-1,-1,-1
298,146,891,790,120,88,1,-1,-1,-1
298,147,1527,142,104,184,1,-1,-1,-1
298,148,0,839,152,180,1,-1,-1,-1
298,153,1281,607,69,80,1,-1,-1,-1
298,156,816,876,114,69,1,-1,-1,-1
298,157,1879,149,180,216,1,-1,-1,-1
298,158,1264,596,84,100,1,-1,-1,-1
298,159,805,801,168,160,1,-1,-1,-1
298,162,975,576,103,179,1,-1,-1,-1
298,163,1267,529,92,176,1,-1,-1,-1
298,166,1331,449,118,231,1,-1,-1,-1
298,168,1101,607,139,185,1,-1,-1,-1
298,170,980,566,148,244,1,-1,-1,-1
298,171,1807,576,168,235,1,-1,-1,-1
298,172,1544,304,109,232,1,-1,-1,-1
298,173,1421,331,126,164,1,-1,-1,-1
298,174,1819,578,197,244,1,-1,-1,-1
298,175,1268,620,84,99,1,-1,-1,-1
298,176,1054,649,88,152,1,-1,-1,-1
298,177,2275,244,181,149,1,-1,-1,-1
298,178,1810,549,108,204,1,-1,-1,-1
298,179,1613,433,96,268,1,-1,-1,-1
298,180,1316,457,112,220,1,-1,-1,-1
298,181,1875,173,164,208,1,-1,-1,-1
298,182,1447,988,268,96,1,-1,-1,-1
298,183,1426,363,92,152,1,-1,-1,-1
299,56,813,843,116,113,1,-1,-1,-1
299,70,1513,681,180,196,1,-1,-1,-1
299,106,1904,613,120,240,1,-1,-1,-1
299,107,1376,449,198,217,1,-1,-1,-1
299,117,866,691,136,220,1,-1,-1,-1
299,127,1498,699,180,180,1,-1,-1,-1
299,129,809,812,112,172,1,-1,-1,-1
299,132,1429,479,144,220,1,-1,-1,-1
299,139,1612,461,96,240,1,-1,-1,-1
299,141,2267,334,167,287,1,-1,-1,-1
299,143,1121,539,116,196,1,-1,-1,-1
299,146,884,807,120,88,1,-1,-1,-1
299,147,1519,157,104,184,1,-1,-1,-1
299,148,0,850,148,180,1,-1,-1,-1
299,153,1278,622,69,80,1,-1,-1,-1
299,156,812,890,109,65,1,-1,-1,-1
299,157,1873,164,180,216,1,-1,-1,-1
299,158,1261,609,84,100,1,-1,-1,-1
299,159,795,810,176,168,1,-1,-1,-1
299,162,973,589,103,179,1,-1,-1,-1
299,163,1263,542,92,176,1,-1,-1,-1
299,166,1329,468,118,231,1,-1,-1,-1
299,168,1098,622,139,185,1,-1,-1,-1
299,170,978,580,141,232,1,-1,-1,-1
299,171,1809,596,168,235,1,-1,-1,-1
299,172,1535,319,114,244,1,-1,-1,-1
299,173,1420,349,120,156,1,-1,-1,-1
299,174,1818,593,197,244,1,-1,-1,-1
299,175,1265,635,84,99,1,-1,-1,-1
299,176,1045,662,88,152,1,-1,-1,-1
299,177,2267,263,173,142,1,-1,-1,-1
299,178,1800,560,103,194,1,-1,-1,-1
299,179,1609,446,91,255,1,-1,-1,-1
299,180,1310,467,112,220,1,-1,-1,-1
299,181,1872,190,156,198,1,-1,-1,-1
299,182,1442,997,268,96,1,-1,-1,-1
299,183,1422,376,92,152,1,-1,-1,-1
300,56,811,849,116,113,1,-1,-1,-1
300,70,1511,685,180,196,1,-1,-1,-1
300,106,1901,616,120,240,1,-1,-1,-1
300,107,1382,458,189,207,1,-1,-1,-1
300,117,862,695,136,220,1,-1,-1,-1
300,127,1498,705,180,180,1,-1,-1,-1
300,129,803,813,118,181,1,-1,-1,-1
300,132,1431,487,137,210,1,-1,-1,-1
300,139,1609,467,96,240,1,-1,-1,-1
300,143,1120,543,116,196,1,-1,-1,-1
300,146,879,816,120,88,1,-1,-1,-1
300,147,1516,161,109,193,1,-1,-1,-1
300,148,0,856,147,180,1,-1,-1,-1
300,153,1276,630,69,80,1,-1,-1,-1
300,156,811,898,109,65,1,-1,-1,-1
300,157,1866,170,180,216,1,-1,-1,-1
300,158,1258,617,84,100,1,-1,-1,-1
300,159,790,814,176,168,1,-1,-1,-1
300,162,972,595,98,171,1,-1,-1,-1
300,163,1261,548,92,176,1,-1,-1,-1
300,166,1321,467,118,231,1,-1,-1,-1
300,168,1097,625,139,185,1,-1,-1,-1
300,170,972,580,148,244,1,-1,-1,-1
300,171,1798,598,168,235,1,-1,-1,-1
300,173,1419,356,114,149,1,-1,-1,-1
300,174,1811,595,207,256,1,-1,-1,-1
300,175,1263,641,84,99,1,-1,-1,-1
300,176,1044,665,88,152,1,-1,-1,-1
300,177,2271,269,173,142,1,-1,-1,-1
300,178,1794,566,103,194,1,-1,-1,-1
300,179,1605,450,91,255,1,-1,-1,-1
300,180,1308,479,107,210,1,-1,-1,-1
300,181,1866,195,156,198,1,-1,-1,-1
300,182,1442,1003,268,96,1,-1,-1,-1
300,183,1418,382,92,152,1,-1,-1,-1
301,56,808,852,116,113,1,-1,-1,-1
301,70,1509,688,180,196,1,-1,-1,-1
301,106,1902,621,114,229,1,-1,-1,-1
301,107,1388,462,180,197,1,-1,-1,-1
301,117,859,699,136,220,1,-1,-1,-1
301,127,1496,706,180,180,1,-1,-1,-1
301,129,799,816,118,181,1,-1,-1,-1
301,132,1429,490,137,210,1,-1,-1,-1
301,139,1605,474,96,240,1,-1,-1,-1
301,143,1119,543,116,196,1,-1,-1,-1
301,146,874,820,120,88,1,-1,-1,-1
301,147,1514,168,104,184,1,-1,-1,-1
301,148,0,856,147,180,1,-1,-1,-1
301,153,1274,635,69,80,1,-1,-1,-1
301,156,809,901,109,65,1,-1,-1,-1
301,157,1867,171,180,216,1,-1,-1,-1
301,158,1258,620,84,100,1,-1,-1,-1
301,159,788,816,176,168,1,-1,-1,-1
301,162,971,598,98,171,1,-1,-1,-1
301,163,1258,550,92,176,1,-1,-1,-1
301,166,1318,468,118,231,1,-1,-1,-1
301,168,1095,625,139,185,1,-1,-1,-1
301,170,969,584,148,244,1,-1,-1,-1
301,171,1797,599,168,235,1,-1,-1,-1
301,173,1418,356,114,149,1,-1,-1,-1
301,174,1810,596,207,256,1,-1,-1,-1
301,175,1263,645,84,99,1,-1,-1,-1
301,176,1041,663,92,160,1,-1,-1,-1
301,177,2271,264,173,142,1,-1,-1,-1
301,178,1788,570,103,194,1,-1,-1,-1
301,179,1600,453,91,255,1,-1,-1,-1
301,180,1302,477,112,220,1,-1,-1,-1
301,181,1862,198,156,198,1,-1,-1,-1
301,182,1436,1007,268,96,1,-1,-1,-1
301,183,1416,382,92,152,1,-1,-1,-1
302,56,804,856,116,113,1,-1,-1,-1
302,70,1507,692,180,196,1,-1,-1,-1
302,106,1897,624,114,229,1,-1,-1,-1
302,107,1387,466,180,197,1,-1,-1,-1
302,117,855,700,136,220,1,-1,-1,-1
302,127,1494,709,180,180,1,-1,-1,-1
302,129,796,817,118,181,1,-1,-1,-1
302,132,1430,495,137,210,1,-1,-1,-1
302,139,1597,472,96,240,1,-1,-1,-1
302,143,1115,538,122,206,1,-1,-1,-1
302,146,869,825,120,88,1,-1,-1,-1
302,147,1509,166,109,193,1,-1,-1,-1
302,148,0,859,146,180,1,-1,-1,-1
302,153,1273,637,69,80,1,-1,-1,-1
302,156,804,904,109,65,1,-1,-1,-1
302,157,1865,179,180,216,1,-1,-1,-1
302,158,1256,623,84,100,1,-1,-1,-1
302,159,784,820,176,168,1,-1,-1,-1
302,163,1256,556,92,176,1,-1,-1,-1
302,166,1312,473,118,231,1,-1,-1,-1
302,168,1100,631,132,176,1,-1,-1,-1
302,170,966,590,148,244,1,-1,-1,-1
302,171,1791,606,168,235,1,-1,-1,-1
302,173,1414,360,114,149,1,-1,-1,-1
302,174,1813,603,207,256,1,-1,-1,-1
302,175,1261,649,84,99,1,-1,-1,-1
302,176,1038,664,97,168,1,-1,-1,-1
302,177,2272,274,165,135,1,-1,-1,-1
302,178,1781,578,98,185,1,-1,-1,-1
302,179,1596,459,91,255,1,-1,-1,-1
302,180,1298,481,112,220,1,-1,-1,-1
302,181,1853,202,156,198,1,-1,-1,-1
302,182,1425,1008,281,101,1,-1,-1,-1
302,183,1415,388,88,145,1,-1,-1,-1
303,56,802,858,116,113,1,-1,-1,-1
303,70,1504,696,180,196,1,-1,-1,-1
303,106,1895,625,114,229,1,-1,-1,-1
303,107,1390,466,180,197,1,-1,-1,-1
303,117,850,701,136,220,1,-1,-1,-1
303,127,1487,709,189,189,1,-1,-1,-1
303,129,796,824,112,172,1,-1,-1,-1
303,132,1429,496,137,210,1,-1,-1,-1
303,139,1591,473,96,240,1,-1,-1,-1
303,143,1112,537,122,206,1,-1,-1,-1
303,146,865,829,120,88,1,-1,-1,-1
303,147,1505,173,109,193,1,-1,-1,-1
303,148,0,860,144,180,1,-1,-1,-1
303,153,1271,638,69,80,1,-1,-1,-1
303,156,803,906,109,65,1,-1,-1,-1
303,157,1862,181,180,216,1,-1,-1,-1
303,158,1255,626,84,100,1,-1,-1,-1
303,159,781,823,176,168,1,-1,-1,-1
303,163,1256,562,88,168,1,-1,-1,-1
303,166,1309,476,118,231,1,-1,-1,-1
303,168,1098,631,132,176,1,-1,-1,-1
303,170,963,593,148,244,1,-1,-1,-1
303,171,1793,613,160,224,1,-1,-1,-1
303,173,1411,362,114,149,1,-1,-1,-1
303,174,1813,608,197,244,1,-1,-1,-1
303,175,1260,653,84,99,1,-1,-1,-1
303,176,1033,664,97,168,1,-1,-1,-1
303,177,2269,271,165,135,1,-1,-1,-1
303,178,1776,583,98,185,1,-1,-1,-1
303,179,1594,469,87,243,1,-1,-1,-1
303,180,1295,485,112,220,1,-1,-1,-1
303,181,1849,207,156,198,1,-1,-1,-1
303,182,1423,1014,281,101,1,-1,-1,-1
303,183,1412,390,88,145,1,-1,-1,-1
304,56,801,864,116,113,1,-1,-1,-1
304,70,1502,700,180,196,1,-1,-1,-1
304,106,1897,634,109,218,1,-1,-1,-1
304,107,1397,473,171,188,1,-1,-1,-1
304,117,848,707,136,220,1,-1,-1,-1
304,127,1486,715,189,189,1,-1,-1,-1
304,129,794,829,112,172,1,-1,-1,-1
304,132,1426,493,144,220,1,-1,-1,-1
304,139,1586,488,91,229,1,-1,-1,-1
304,143,1111,536,122,206,1,-1,-1,-1
304,146,861,834,120,88,1,-1,-1,-1
304,147,1502,177,109,193,1,-1,-1,-1
304,148,0,865,142,180,1,-1,-1,-1
304,153,1270,640,69,80,1,-1,-1,-1
304,156,802,912,109,65,1,-1,-1,-1
304,157,1865,186,180,216,1,-1,-1,-1
304,158,1254,627,84,100,1,-1,-1,-1
304,159,777,828,176,168,1,-1,-1,-1
304,163,1254,564,88,168,1,-1,-1,-1
304,166,1302,476,118,231,1,-1,-1,-1
304,168,1098,631,132,176,1,-1,-1,-1
304,170,958,590,155,256,1,-1,-1,-1
304,171,1788,619,160,224,1,-1,-1,-1
304,173,1408,366,114,149,1,-1,-1,-1
304,174,1801,613,197,244,1,-1,-1,-1
304,175,1259,651,84,99,1,-1,-1,-1
304,176,1031,669,97,168,1,-1,-1,-1
304,178,1770,584,103,194,1,-1,-1,-1
304,179,1587,466,91,255,1,-1,-1,-1
304,180,1291,489,112,220,1,-1,-1,-1
304,181,1849,216,149,189,1,-1,-1,-1
304,182,1421,1019,281,101,1,-1,-1,-1
304,183,1410,396,88,145,1,-1,-1,-1
