1,0,1316,756,640,616,1,-1,-1,-1
1,1,656,380,512,448,1,-1,-1,-1
1,2,1024,244,516,452,1,-1,-1,-1
1,3,456,152,332,380,1,-1,-1,-1
1,4,340,812,800,488,1,-1,-1,-1
1,5,0,116,204,268,1,-1,-1,-1
1,6,1544,324,576,484,1,-1,-1,-1
1,7,660,60,360,360,1,-1,-1,-1
1,8,2364,404,196,380,1,-1,-1,-1
2,0,1320,760,640,616,1,-1,-1,-1
2,1,660,380,512,448,1,-1,-1,-1
2,2,1027,244,516,452,1,-1,-1,-1
2,3,462,154,332,380,1,-1,-1,-1
2,4,342,813,800,488,1,-1,-1,-1
2,5,10,117,204,268,1,-1,-1,-1
2,6,1548,329,576,484,1,-1,-1,-1
2,7,666,63,360,360,1,-1,-1,-1
2,8,2363,406,196,380,1,-1,-1,-1
3,0,1323,764,640,616,1,-1,-1,-1
3,1,660,381,512,448,1,-1,-1,-1
3,2,1032,245,516,452,1,-1,-1,-1
3,3,470,156,332,380,1,-1,-1,-1
3,4,341,815,800,488,1,-1,-1,-1
3,5,19,119,204,268,1,-1,-1,-1
3,6,1553,333,576,484,1,-1,-1,-1
3,7,678,64,360,360,1,-1,-1,-1
3,8,2366,410,196,380,1,-1,-1,-1
4,0,1326,767,640,616,1,-1,-1,-1
4,1,677,396,488,427,1,-1,-1,-1
4,2,1037,246,516,452,1,-1,-1,-1
4,3,479,157,332,380,1,-1,-1,-1
4,4,323,809,840,512,1,-1,-1,-1
4,5,29,121,204,268,1,-1,-1,-1
4,6,1558,335,576,484,1,-1,-1,-1
4,7,685,69,360,360,1,-1,-1,-1
4,8,2371,412,196,380,1,-1,-1,-1
5,0,1329,768,640,616,1,-1,-1,-1
5,1,684,399,488,427,1,-1,-1,-1
5,2,1042,249,516,452,1,-1,-1,-1
5,3,486,159,332,380,1,-1,-1,-1
5,4,350,823,800,488,1,-1,-1,-1
5,5,40,124,204,268,1,-1,-1,-1
5,6,1559,341,576,484,1,-1,-1,-1
5,7,690,71,360,360,1,-1,-1,-1
5,8,2377,415,196,380,1,-1,-1,-1
6,0,1329,773,640,616,1,-1,-1,-1
6,1,689,403,488,427,1,-1,-1,-1
6,2,1046,252,516,452,1,-1,-1,-1
6,3,496,163,332,380,1,-1,-1,-1
6,4,351,824,800,488,1,-1,-1,-1
6,5,49,127,204,268,1,-1,-1,-1
6,6,1565,342,576,484,1,-1,-1,-1
6,7,697,74,360,360,1,-1,-1,-1
6,8,2378,419,196,380,1,-1,-1,-1
7,0,1335,778,640,616,1,-1,-1,-1
7,1,691,403,488,427,1,-1,-1,-1
7,2,1048,253,516,452,1,-1,-1,-1
7,3,502,165,332,380,1,-1,-1,-1
7,4,350,825,800,488,1,-1,-1,-1
7,5,59,129,204,268,1,-1,-1,-1
7,6,1568,346,576,484,1,-1,-1,-1
7,7,705,77,360,360,1,-1,-1,-1
7,8,2382,423,196,380,1,-1,-1,-1
8,0,1338,783,640,616,1,-1,-1,-1
8,1,696,405,488,427,1,-1,-1,-1
8,2,1040,246,542,475,1,-1,-1,-1
8,3,509,167,332,380,1,-1,-1,-1
8,4,351,829,800,488,1,-1,-1,-1
8,5,68,132,204,268,1,-1,-1,-1
8,6,1573,346,576,484,1,-1,-1,-1
8,7,709,80,360,360,1,-1,-1,-1
8,8,2385,429,196,380,1,-1,-1,-1
9,0,1320,812,608,496,1,-1,-1,-1
9,1,680,412,504,424,1,-1,-1,-1
9,2,1072,276,488,416,1,-1,-1,-1
9,3,509,167,332,380,1,-1,-1,-1
9,4,360,844,856,512,1,-1,-1,-1
9,5,28,100,220,300,1,-1,-1,-1
9,6,1588,344,592,492,1,-1,-1,-1
9,7,728,84,320,348,1,-1,-1,-1
9,8,2385,429,196,380,1,-1,-1,-1
9,9,588,192,256,328,1,-1,-1,-1
9,10,120,108,220,252,1,-1,-1,-1
10,0,1322,813,608,496,1,-1,-1,-1
10,1,685,415,504,424,1,-1,-1,-1
10,2,1075,278,488,416,1,-1,-1,-1
10,3,534,175,332,380,1,-1,-1,-1
10,4,358,843,856,512,1,-1,-1,-1
10,5,34,101,220,300,1,-1,-1,-1
10,6,1589,347,592,492,1,-1,-1,-1
10,7,734,86,320,348,1,-1,-1,-1
10,8,2389,441,196,380,1,-1,-1,-1
10,9,593,193,256,328,1,-1,-1,-1
10,10,128,110,220,252,1,-1,-1,-1
11,0,1326,814,608,496,1,-1,-1,-1
11,1,691,417,504,424,1,-1,-1,-1
11,2,1081,282,488,416,1,-1,-1,-1
11,3,534,174,332,380,1,-1,-1,-1
11,4,361,847,856,512,1,-1,-1,-1
11,5,42,96,231,315,1,-1,-1,-1
11,6,1595,351,592,492,1,-1,-1,-1
11,7,741,89,320,348,1,-1,-1,-1
11,8,2397,444,196,380,1,-1,-1,-1
11,9,603,196,256,328,1,-1,-1,-1
11,10,138,113,220,252,1,-1,-1,-1
12,0,1332,818,608,496,1,-1,-1,-1
12,1,696,420,504,424,1,-1,-1,-1
12,2,1086,286,488,416,1,-1,-1,-1
12,3,547,186,316,362,1,-1,-1,-1
12,4,383,859,815,488,1,-1,-1,-1
12,5,51,99,231,315,1,-1,-1,-1
12,6,1598,356,592,492,1,-1,-1,-1
12,7,749,90,320,348,1,-1,-1,-1
12,8,2405,446,196,380,1,-1,-1,-1
12,9,617,205,244,312,1,-1,-1,-1
12,10,148,115,220,252,1,-1,-1,-1
13,0,1336,821,608,496,1,-1,-1,-1
13,1,701,424,504,424,1,-1,-1,-1
13,2,1091,289,488,416,1,-1,-1,-1
13,3,556,188,316,362,1,-1,-1,-1
13,4,384,857,815,488,1,-1,-1,-1
13,5,61,102,231,315,1,-1,-1,-1
13,6,1587,345,622,517,1,-1,-1,-1
13,7,757,92,320,348,1,-1,-1,-1
13,8,2408,446,196,380,1,-1,-1,-1
13,9,623,208,244,312,1,-1,-1,-1
13,10,159,118,220,252,1,-1,-1,-1
14,0,1339,824,608,496,1,-1,-1,-1
14,1,708,427,504,424,1,-1,-1,-1
14,2,1099,293,488,416,1,-1,-1,-1
14,3,562,192,316,362,1,-1,-1,-1
14,4,394,863,815,488,1,-1,-1,-1
14,5,73,104,231,315,1,-1,-1,-1
14,6,1591,349,622,517,1,-1,-1,-1
14,7,765,96,320,348,1,-1,-1,-1
14,8,2406,448,196,380,1,-1,-1,-1
14,9,633,211,244,312,1,-1,-1,-1
14,10,170,122,220,252,1,-1,-1,-1
15,0,1344,828,608,496,1,-1,-1,-1
15,1,714,428,504,424,1,-1,-1,-1
15,2,1105,297,488,416,1,-1,-1,-1
15,3,571,192,316,362,1,-1,-1,-1
15,4,395,866,815,488,1,-1,-1,-1
15,5,85,107,231,315,1,-1,-1,-1
15,6,1593,352,622,517,1,-1,-1,-1
15,7,774,100,320,348,1,-1,-1,-1
15,8,2408,450,196,380,1,-1,-1,-1
15,9,641,212,244,312,1,-1,-1,-1
15,10,179,126,220,252,1,-1,-1,-1
16,0,1342,832,608,496,1,-1,-1,-1
16,1,718,432,504,424,1,-1,-1,-1
16,2,1110,301,488,416,1,-1,-1,-1
16,3,578,196,316,362,1,-1,-1,-1
16,4,403,870,815,488,1,-1,-1,-1
16,5,92,108,231,315,1,-1,-1,-1
16,6,1594,357,622,517,1,-1,-1,-1
16,7,781,101,320,348,1,-1,-1,-1
16,8,2407,452,196,380,1,-1,-1,-1
16,9,651,212,244,312,1,-1,-1,-1
16,10,191,128,220,252,1,-1,-1,-1
17,0,1324,844,624,540,1,-1,-1,-1
17,1,718,432,504,424,1,-1,-1,-1
17,2,1120,304,472,412,1,-1,-1,-1
17,3,578,196,316,362,1,-1,-1,-1
17,4,403,870,815,488,1,-1,-1,-1
17,5,92,108,231,315,1,-1,-1,-1
17,6,1600,384,544,452,1,-1,-1,-1
17,7,781,101,320,348,1,-1,-1,-1
17,8,2407,452,196,380,1,-1,-1,-1
17,9,651,212,244,312,1,-1,-1,-1
17,10,191,128,220,252,1,-1,-1,-1
18,0,1326,844,624,540,1,-1,-1,-1
18,1,722,432,504,424,1,-1,-1,-1
18,2,1122,305,472,412,1,-1,-1,-1
18,3,599,203,316,362,1,-1,-1,-1
18,4,414,872,815,488,1,-1,-1,-1
18,5,118,116,231,315,1,-1,-1,-1
18,6,1603,387,544,452,1,-1,-1,-1
18,7,788,107,320,348,1,-1,-1,-1
18,8,2409,454,196,380,1,-1,-1,-1
18,9,674,226,232,298,1,-1,-1,-1
18,10,212,133,220,252,1,-1,-1,-1
19,0,1331,845,624,540,1,-1,-1,-1
19,1,737,445,480,404,1,-1,-1,-1
19,2,1128,309,472,412,1,-1,-1,-1
19,3,608,205,316,362,1,-1,-1,-1
19,4,421,876,815,488,1,-1,-1,-1
19,5,128,118,231,315,1,-1,-1,-1
19,6,1607,390,544,452,1,-1,-1,-1
19,7,795,110,320,348,1,-1,-1,-1
19,8,2413,455,196,380,1,-1,-1,-1
19,9,680,228,232,298,1,-1,-1,-1
19,10,220,134,220,252,1,-1,-1,-1
20,0,1335,851,624,540,1,-1,-1,-1
20,1,739,446,480,404,1,-1,-1,-1
20,2,1131,312,472,412,1,-1,-1,-1
20,3,617,206,316,362,1,-1,-1,-1
20,4,424,881,815,488,1,-1,-1,-1
20,5,139,119,231,315,1,-1,-1,-1
20,6,1611,393,544,452,1,-1,-1,-1
20,7,794,103,336,365,1,-1,-1,-1
20,8,2409,457,196,380,1,-1,-1,-1
20,9,686,229,232,298,1,-1,-1,-1
20,10,231,137,220,252,1,-1,-1,-1
21,0,1337,850,624,540,1,-1,-1,-1
21,1,738,448,480,404,1,-1,-1,-1
21,2,1135,314,472,412,1,-1,-1,-1
21,3,627,209,316,362,1,-1,-1,-1
21,4,432,889,815,488,1,-1,-1,-1
21,5,153,129,220,300,1,-1,-1,-1
21,6,1614,397,544,452,1,-1,-1,-1
21,7,809,115,320,348,1,-1,-1,-1
21,8,2406,458,196,380,1,-1,-1,-1
21,9,695,231,232,298,1,-1,-1,-1
21,10,242,139,220,252,1,-1,-1,-1
22,0,1337,852,624,540,1,-1,-1,-1
22,1,746,450,480,404,1,-1,-1,-1
22,2,1140,316,472,412,1,-1,-1,-1
22,3,629,211,316,362,1,-1,-1,-1
22,4,435,891,815,488,1,-1,-1,-1
22,5,163,132,220,300,1,-1,-1,-1
22,6,1618,399,544,452,1,-1,-1,-1
22,7,814,117,320,348,1,-1,-1,-1
22,8,2406,454,196,380,1,-1,-1,-1
22,9,710,236,232,298,1,-1,-1,-1
22,10,250,142,220,252,1,-1,-1,-1
23,0,1341,856,624,540,1,-1,-1,-1
23,1,750,450,480,404,1,-1,-1,-1
23,2,1142,317,472,412,1,-1,-1,-1
23,3,645,214,316,362,1,-1,-1,-1
23,4,437,898,815,488,1,-1,-1,-1
23,5,173,133,220,300,1,-1,-1,-1
23,6,1624,402,544,452,1,-1,-1,-1
23,7,823,120,320,348,1,-1,-1,-1
23,8,2406,457,196,380,1,-1,-1,-1
23,9,711,231,244,312,1,-1,-1,-1
23,10,266,149,210,240,1,-1,-1,-1
24,0,1345,855,624,540,1,-1,-1,-1
24,1,756,452,480,404,1,-1,-1,-1
24,2,1147,318,472,412,1,-1,-1,-1
24,3,665,223,301,345,1,-1,-1,-1
24,4,450,903,815,488,1,-1,-1,-1
24,5,182,134,220,300,1,-1,-1,-1
24,6,1628,408,544,452,1,-1,-1,-1
24,7,833,123,320,348,1,-1,-1,-1
24,8,2406,457,196,380,1,-1,-1,-1
24,9,721,233,244,312,1,-1,-1,-1
24,10,275,150,210,240,1,-1,-1,-1
25,0,1352,836,644,588,1,-1,-1,-1
25,1,752,440,488,408,1,-1,-1,-1
25,2,1160,304,508,448,1,-1,-1,-1
25,3,665,223,301,345,1,-1,-1,-1
25,4,416,888,780,488,1,-1,-1,-1
25,5,200,132,284,304,1,-1,-1,-1
25,6,1616,400,560,484,1,-1,-1,-1
25,7,792,136,404,344,1,-1,-1,-1
25,8,2406,457,196,380,1,-1,-1,-1
25,9,752,224,216,280,1,-1,-1,-1
25,10,275,150,210,240,1,-1,-1,-1
25,11,576,124,200,176,1,-1,-1,-1
26,0,1359,839,644,588,1,-1,-1,-1
26,1,755,442,488,408,1,-1,-1,-1
26,2,1162,305,508,448,1,-1,-1,-1
26,3,681,227,301,345,1,-1,-1,-1
26,4,415,894,780,488,1,-1,-1,-1
26,5,207,134,284,304,1,-1,-1,-1
26,6,1620,404,560,484,1,-1,-1,-1
26,7,801,139,404,344,1,-1,-1,-1
26,8,2423,476,187,362,1,-1,-1,-1
26,9,759,227,216,280,1,-1,-1,-1
26,10,294,153,210,240,1,-1,-1,-1
26,11,583,126,200,176,1,-1,-1,-1
27,0,1363,840,644,588,1,-1,-1,-1
27,1,757,443,488,408,1,-1,-1,-1
27,2,1165,307,508,448,1,-1,-1,-1
27,3,691,232,301,345,1,-1,-1,-1
27,4,420,894,780,488,1,-1,-1,-1
27,5,215,136,284,304,1,-1,-1,-1
27,6,1606,395,588,508,1,-1,-1,-1
27,7,807,143,404,344,1,-1,-1,-1
27,8,2427,485,187,362,1,-1,-1,-1
27,9,768,229,216,280,1,-1,-1,-1
27,10,301,156,210,240,1,-1,-1,-1
27,11,593,129,200,176,1,-1,-1,-1
28,0,1368,842,644,588,1,-1,-1,-1
28,1,764,447,488,408,1,-1,-1,-1
28,2,1170,309,508,448,1,-1,-1,-1
28,3,691,227,316,362,1,-1,-1,-1
28,4,425,896,780,488,1,-1,-1,-1
28,5,224,135,284,304,1,-1,-1,-1
28,6,1612,395,588,508,1,-1,-1,-1
28,7,815,145,404,344,1,-1,-1,-1
28,8,2437,492,187,362,1,-1,-1,-1
28,9,778,230,216,280,1,-1,-1,-1
28,10,312,158,210,240,1,-1,-1,-1
28,11,600,131,200,176,1,-1,-1,-1
29,0,1368,846,644,588,1,-1,-1,-1
29,1,770,451,488,408,1,-1,-1,-1
29,2,1171,312,508,448,1,-1,-1,-1
29,3,706,228,316,362,1,-1,-1,-1
29,4,428,903,780,488,1,-1,-1,-1
29,5,233,139,284,304,1,-1,-1,-1
29,6,1617,396,588,508,1,-1,-1,-1
29,7,822,148,404,344,1,-1,-1,-1
29,8,2438,497,187,362,1,-1,-1,-1
29,9,788,232,216,280,1,-1,-1,-1
29,10,322,160,210,240,1,-1,-1,-1
29,11,609,134,200,176,1,-1,-1,-1
30,0,1372,846,644,588,1,-1,-1,-1
30,1,771,455,488,408,1,-1,-1,-1
30,2,1177,316,508,448,1,-1,-1,-1
30,3,714,231,316,362,1,-1,-1,-1
30,4,436,906,780,488,1,-1,-1,-1
30,5,242,142,284,304,1,-1,-1,-1
30,6,1620,399,588,508,1,-1,-1,-1
30,7,828,152,404,344,1,-1,-1,-1
30,8,2438,503,187,362,1,-1,-1,-1
30,9,797,235,216,280,1,-1,-1,-1
30,10,331,162,210,240,1,-1,-1,-1
30,11,617,136,200,176,1,-1,-1,-1
31,0,1373,851,644,588,1,-1,-1,-1
31,1,776,459,488,408,1,-1,-1,-1
31,2,1181,319,508,448,1,-1,-1,-1
31,3,729,240,301,345,1,-1,-1,-1
31,4,435,911,780,488,1,-1,-1,-1
31,5,253,144,284,304,1,-1,-1,-1
31,6,1622,403,588,508,1,-1,-1,-1
31,7,834,154,404,344,1,-1,-1,-1
31,8,2438,504,187,362,1,-1,-1,-1
31,9,805,238,216,280,1,-1,-1,-1
31,10,339,165,210,240,1,-1,-1,-1
31,11,625,139,200,176,1,-1,-1,-1
32,0,1379,853,644,588,1,-1,-1,-1
32,1,778,461,488,408,1,-1,-1,-1
32,2,1182,321,508,448,1,-1,-1,-1
32,3,743,238,301,345,1,-1,-1,-1
32,4,439,914,780,488,1,-1,-1,-1
32,5,262,147,284,304,1,-1,-1,-1
32,6,1625,404,588,508,1,-1,-1,-1
32,7,842,157,404,344,1,-1,-1,-1
32,8,2437,512,187,362,1,-1,-1,-1
32,9,815,241,216,280,1,-1,-1,-1
32,10,348,167,210,240,1,-1,-1,-1
32,11,633,141,200,176,1,-1,-1,-1
33,0,1380,884,608,524,1,-1,-1,-1
33,1,756,460,548,404,1,-1,-1,-1
33,2,1192,324,444,420,1,-1,-1,-1
33,3,743,238,301,345,1,-1,-1,-1
33,4,468,912,736,488,1,-1,-1,-1
33,5,262,147,284,304,1,-1,-1,-1
33,6,1636,436,568,464,1,-1,-1,-1
33,7,856,132,340,368,1,-1,-1,-1
33,8,2437,512,187,362,1,-1,-1,-1
33,9,804,200,248,328,1,-1,-1,-1
33,10,284,164,228,288,1,-1,-1,-1
33,11,632,144,196,176,1,-1,-1,-1
34,0,1382,883,608,524,1,-1,-1,-1
34,1,759,462,548,404,1,-1,-1,-1
34,2,1197,328,444,420,1,-1,-1,-1
34,3,763,249,301,345,1,-1,-1,-1
34,4,470,917,736,488,1,-1,-1,-1
34,5,281,152,284,304,1,-1,-1,-1
34,6,1638,436,568,464,1,-1,-1,-1
34,7,864,136,340,368,1,-1,-1,-1
34,8,2441,513,187,362,1,-1,-1,-1
34,9,809,202,248,328,1,-1,-1,-1
34,10,292,165,228,288,1,-1,-1,-1
34,11,643,150,187,168,1,-1,-1,-1
35,0,1385,884,608,524,1,-1,-1,-1
35,1,765,466,548,404,1,-1,-1,-1
35,2,1199,330,444,420,1,-1,-1,-1
35,3,764,245,316,362,1,-1,-1,-1
35,4,474,921,736,488,1,-1,-1,-1
35,5,289,155,284,304,1,-1,-1,-1
35,6,1638,438,568,464,1,-1,-1,-1
35,7,870,138,340,368,1,-1,-1,-1
35,8,2442,516,187,362,1,-1,-1,-1
35,9,816,204,248,328,1,-1,-1,-1
35,10,302,167,228,288,1,-1,-1,-1
35,11,652,153,187,168,1,-1,-1,-1
36,0,1386,888,608,524,1,-1,-1,-1
36,1,768,470,548,404,1,-1,-1,-1
36,2,1206,332,444,420,1,-1,-1,-1
36,3,783,253,316,362,1,-1,-1,-1
36,4,475,924,736,488,1,-1,-1,-1
36,5,298,157,284,304,1,-1,-1,-1
36,6,1646,443,568,464,1,-1,-1,-1
36,7,874,141,340,368,1,-1,-1,-1
36,8,2442,518,187,362,1,-1,-1,-1
36,9,822,206,248,328,1,-1,-1,-1
36,10,310,170,228,288,1,-1,-1,-1
36,11,662,157,187,168,1,-1,-1,-1
37,0,1390,892,608,524,1,-1,-1,-1
37,1,772,472,548,404,1,-1,-1,-1
37,2,1209,335,444,420,1,-1,-1,-1
37,3,791,252,316,362,1,-1,-1,-1
37,4,481,929,736,488,1,-1,-1,-1
37,5,310,161,284,304,1,-1,-1,-1
37,6,1649,446,568,464,1,-1,-1,-1
37,7,882,143,340,368,1,-1,-1,-1
37,8,2441,516,187,362,1,-1,-1,-1
37,9,831,208,248,328,1,-1,-1,-1
37,10,320,172,228,288,1,-1,-1,-1
37,11,670,159,187,168,1,-1,-1,-1
38,0,1391,894,608,524,1,-1,-1,-1
38,1,779,474,548,404,1,-1,-1,-1
38,2,1215,338,444,420,1,-1,-1,-1
38,3,803,254,316,362,1,-1,-1,-1
38,4,487,928,736,488,1,-1,-1,-1
38,5,316,163,284,304,1,-1,-1,-1
38,6,1651,447,568,464,1,-1,-1,-1
38,7,891,144,340,368,1,-1,-1,-1
38,9,838,210,248,328,1,-1,-1,-1
38,10,330,175,228,288,1,-1,-1,-1
38,11,678,162,187,168,1,-1,-1,-1
39,0,1393,894,608,524,1,-1,-1,-1
39,1,783,476,548,404,1,-1,-1,-1
39,2,1221,340,444,420,1,-1,-1,-1
39,3,807,255,316,362,1,-1,-1,-1
39,4,491,930,736,488,1,-1,-1,-1
39,5,326,166,284,304,1,-1,-1,-1
39,6,1656,452,568,464,1,-1,-1,-1
39,7,899,147,340,368,1,-1,-1,-1
39,9,848,213,248,328,1,-1,-1,-1
39,10,339,177,228,288,1,-1,-1,-1
39,11,686,164,187,168,1,-1,-1,-1
40,0,1393,897,608,524,1,-1,-1,-1
40,1,787,478,548,404,1,-1,-1,-1
40,2,1225,343,444,420,1,-1,-1,-1
40,3,820,260,316,362,1,-1,-1,-1
40,4,498,933,736,488,1,-1,-1,-1
40,5,336,165,284,304,1,-1,-1,-1
40,6,1658,454,568,464,1,-1,-1,-1
40,7,906,149,340,368,1,-1,-1,-1
40,9,859,215,248,328,1,-1,-1,-1
40,10,349,180,228,288,1,-1,-1,-1
40,11,692,165,196,176,1,-1,-1,-1
41,0,1404,876,616,532,1,-1,-1,-1
41,1,776,460,576,428,1,-1,-1,-1
41,2,1224,360,440,408,1,-1,-1,-1
41,3,820,260,316,362,1,-1,-1,-1
41,4,524,936,732,476,1,-1,-1,-1
41,5,336,165,284,304,1,-1,-1,-1
41,6,1668,452,532,444,1,-1,-1,-1
41,7,906,149,340,368,1,-1,-1,-1
41,9,912,288,220,268,1,-1,-1,-1
41,10,372,176,212,296,1,-1,-1,-1
41,11,692,165,196,176,1,-1,-1,-1
42,0,1407,878,616,532,1,-1,-1,-1
42,1,777,462,576,428,1,-1,-1,-1
42,2,1226,362,440,408,1,-1,-1,-1
42,3,854,274,301,345,1,-1,-1,-1
42,4,528,936,732,476,1,-1,-1,-1
42,5,352,170,284,304,1,-1,-1,-1
42,6,1672,454,532,444,1,-1,-1,-1
42,7,917,153,340,368,1,-1,-1,-1
42,9,918,290,220,268,1,-1,-1,-1
42,10,379,176,212,296,1,-1,-1,-1
42,11,707,170,196,176,1,-1,-1,-1
43,0,1409,881,616,532,1,-1,-1,-1
43,1,783,464,576,428,1,-1,-1,-1
43,2,1229,367,440,408,1,-1,-1,-1
43,3,860,275,301,345,1,-1,-1,-1
43,4,531,940,732,476,1,-1,-1,-1
43,5,363,173,284,304,1,-1,-1,-1
43,6,1675,454,532,444,1,-1,-1,-1
43,7,925,157,340,368,1,-1,-1,-1
43,9,928,292,220,268,1,-1,-1,-1
43,10,388,178,212,296,1,-1,-1,-1
43,11,712,171,196,176,1,-1,-1,-1
44,0,1414,882,616,532,1,-1,-1,-1
44,1,784,468,576,428,1,-1,-1,-1
44,2,1233,371,440,408,1,-1,-1,-1
44,3,873,278,301,345,1,-1,-1,-1
44,4,534,942,732,476,1,-1,-1,-1
44,5,369,175,284,304,1,-1,-1,-1
44,6,1682,458,532,444,1,-1,-1,-1
44,7,939,161,340,368,1,-1,-1,-1
44,9,938,294,220,268,1,-1,-1,-1
44,10,395,180,212,296,1,-1,-1,-1
44,11,721,173,196,176,1,-1,-1,-1
45,0,1416,884,616,532,1,-1,-1,-1
45,1,787,471,576,428,1,-1,-1,-1
45,2,1238,372,440,408,1,-1,-1,-1
45,3,881,281,301,345,1,-1,-1,-1
45,4,538,943,732,476,1,-1,-1,-1
45,5,374,178,284,304,1,-1,-1,-1
45,6,1686,460,532,444,1,-1,-1,-1
45,7,957,173,324,350,1,-1,-1,-1
45,9,947,296,220,268,1,-1,-1,-1
45,10,404,181,212,296,1,-1,-1,-1
45,11,724,176,196,176,1,-1,-1,-1
46,0,1420,885,616,532,1,-1,-1,-1
46,1,789,471,576,428,1,-1,-1,-1
46,2,1243,376,440,408,1,-1,-1,-1
46,3,892,281,301,345,1,-1,-1,-1
46,4,545,947,732,476,1,-1,-1,-1
46,5,384,180,284,304,1,-1,-1,-1
46,6,1692,461,532,444,1,-1,-1,-1
46,7,962,175,324,350,1,-1,-1,-1
46,9,957,298,220,268,1,-1,-1,-1
46,10,412,184,212,296,1,-1,-1,-1
46,11,729,178,196,176,1,-1,-1,-1
47,0,1424,886,616,532,1,-1,-1,-1
47,1,798,475,576,428,1,-1,-1,-1
47,2,1248,378,440,408,1,-1,-1,-1
47,3,903,285,301,345,1,-1,-1,-1
47,4,553,948,732,476,1,-1,-1,-1
47,5,389,181,284,304,1,-1,-1,-1
47,6,1694,464,532,444,1,-1,-1,-1
47,7,970,179,324,350,1,-1,-1,-1
47,9,965,300,220,268,1,-1,-1,-1
47,10,421,187,212,296,1,-1,-1,-1
47,11,737,183,187,168,1,-1,-1,-1
48,0,1425,890,616,532,1,-1,-1,-1
48,1,803,479,576,428,1,-1,-1,-1
48,2,1251,378,440,408,1,-1,-1,-1
48,3,914,285,301,345,1,-1,-1,-1
48,4,559,952,732,476,1,-1,-1,-1
48,5,396,182,284,304,1,-1,-1,-1
48,6,1701,468,532,444,1,-1,-1,-1
48,7,978,182,324,350,1,-1,-1,-1
48,9,985,312,210,255,1,-1,-1,-1
48,10,429,189,212,296,1,-1,-1,-1
48,11,743,186,187,168,1,-1,-1,-1
49,0,1420,908,640,524,1,-1,-1,-1
49,1,800,500,508,396,1,-1,-1,-1
49,2,1220,384,480,404,1,-1,-1,-1
49,3,914,285,301,345,1,-1,-1,-1
49,4,588,952,676,480,1,-1,-1,-1
49,5,396,182,284,304,1,-1,-1,-1
49,6,1701,468,532,444,1,-1,-1,-1
49,7,978,182,324,350,1,-1,-1,-1
49,9,985,312,210,255,1,-1,-1,-1
49,10,468,212,172,276,1,-1,-1,-1
49,11,743,186,187,168,1,-1,-1,-1
49,12,288,64,156,172,1,-1,-1,-1
49,13,632,196,136,196,1,-1,-1,-1
49,14,1008,248,276,184,1,-1,-1,-1
49,15,88,164,152,212,1,-1,-1,-1
50,0,1423,912,640,524,1,-1,-1,-1
50,1,803,500,508,396,1,-1,-1,-1
50,2,1224,385,480,404,1,-1,-1,-1
50,3,942,302,287,328,1,-1,-1,-1
50,4,595,953,676,480,1,-1,-1,-1
50,5,417,187,284,304,1,-1,-1,-1
50,6,1703,471,532,444,1,-1,-1,-1
50,7,988,184,324,350,1,-1,-1,-1
50,9,1006,316,210,255,1,-1,-1,-1
50,10,473,213,172,276,1,-1,-1,-1
50,11,757,192,187,168,1,-1,-1,-1
50,12,295,65,156,172,1,-1,-1,-1
50,13,640,198,136,196,1,-1,-1,-1
50,14,1015,248,276,184,1,-1,-1,-1
50,15,95,165,152,212,1,-1,-1,-1
51,0,1423,912,640,524,1,-1,-1,-1
51,1,808,504,508,396,1,-1,-1,-1
51,2,1227,387,480,404,1,-1,-1,-1
51,3,956,306,287,328,1,-1,-1,-1
51,4,600,957,676,480,1,-1,-1,-1
51,5,421,188,284,304,1,-1,-1,-1
51,6,1704,473,532,444,1,-1,-1,-1
51,7,997,189,324,350,1,-1,-1,-1
51,9,1016,319,210,255,1,-1,-1,-1
51,10,481,214,172,276,1,-1,-1,-1
51,11,766,193,187,168,1,-1,-1,-1
51,12,304,67,156,172,1,-1,-1,-1
51,13,646,202,136,196,1,-1,-1,-1
51,14,1022,249,276,184,1,-1,-1,-1
51,15,102,166,152,212,1,-1,-1,-1
52,0,1426,912,640,524,1,-1,-1,-1
52,1,810,506,508,396,1,-1,-1,-1
52,2,1231,389,480,404,1,-1,-1,-1
52,3,959,308,287,328,1,-1,-1,-1
52,4,606,959,676,480,1,-1,-1,-1
52,5,432,191,284,304,1,-1,-1,-1
52,6,1708,475,532,444,1,-1,-1,-1
52,7,1005,188,324,350,1,-1,-1,-1
52,9,1026,322,210,255,1,-1,-1,-1
52,10,488,215,172,276,1,-1,-1,-1
52,11,771,197,187,168,1,-1,-1,-1
52,12,312,70,156,172,1,-1,-1,-1
52,13,656,204,136,196,1,-1,-1,-1
52,14,1030,252,276,184,1,-1,-1,-1
52,15,112,168,152,212,1,-1,-1,-1
53,0,1429,918,640,524,1,-1,-1,-1
53,1,816,511,508,396,1,-1,-1,-1
53,2,1244,400,457,385,1,-1,-1,-1
53,3,967,308,287,328,1,-1,-1,-1
53,4,611,960,676,480,1,-1,-1,-1
53,5,441,193,284,304,1,-1,-1,-1
53,6,1708,476,532,444,1,-1,-1,-1
53,7,1007,190,324,350,1,-1,-1,-1
53,9,1037,325,210,255,1,-1,-1,-1
53,10,497,217,172,276,1,-1,-1,-1
53,11,781,202,178,160,1,-1,-1,-1
53,12,323,74,156,172,1,-1,-1,-1
53,13,660,201,143,206,1,-1,-1,-1
53,14,1039,255,276,184,1,-1,-1,-1
53,15,119,171,152,212,1,-1,-1,-1
54,0,1432,924,640,524,1,-1,-1,-1
54,1,822,514,508,396,1,-1,-1,-1
54,2,1247,401,457,385,1,-1,-1,-1
54,3,986,317,273,313,1,-1,-1,-1
54,4,616,961,676,480,1,-1,-1,-1
54,5,446,196,284,304,1,-1,-1,-1
54,6,1705,477,532,444,1,-1,-1,-1
54,7,1016,193,324,350,1,-1,-1,-1
54,9,1047,327,210,255,1,-1,-1,-1
54,10,504,221,172,276,1,-1,-1,-1
54,11,786,204,178,160,1,-1,-1,-1
54,12,333,77,156,172,1,-1,-1,-1
54,13,667,203,143,206,1,-1,-1,-1
54,14,1046,256,276,184,1,-1,-1,-1
54,15,129,173,152,212,1,-1,-1,-1
55,0,1433,929,640,524,1,-1,-1,-1
55,1,825,516,508,396,1,-1,-1,-1
55,2,1252,404,457,385,1,-1,-1,-1
55,3,995,322,273,313,1,-1,-1,-1
55,4,623,964,676,480,1,-1,-1,-1
55,5,454,198,284,304,1,-1,-1,-1
55,6,1712,479,532,444,1,-1,-1,-1
55,7,1024,193,324,350,1,-1,-1,-1
55,9,1061,332,210,255,1,-1,-1,-1
55,10,517,225,172,276,1,-1,-1,-1
55,11,795,207,178,160,1,-1,-1,-1
55,12,341,79,156,172,1,-1,-1,-1
55,13,677,205,143,206,1,-1,-1,-1
55,14,1050,258,276,184,1,-1,-1,-1
55,15,139,175,152,212,1,-1,-1,-1
56,0,1438,929,640,524,1,-1,-1,-1
56,1,829,518,508,396,1,-1,-1,-1
56,2,1255,408,457,385,1,-1,-1,-1
56,3,1013,327,260,298,1,-1,-1,-1
56,4,628,965,676,480,1,-1,-1,-1
56,5,464,201,284,304,1,-1,-1,-1
56,6,1714,481,532,444,1,-1,-1,-1
56,7,1030,202,324,350,1,-1,-1,-1
56,9,1065,334,210,255,1,-1,-1,-1
56,10,523,227,172,276,1,-1,-1,-1
56,11,803,209,178,160,1,-1,-1,-1
56,12,349,82,156,172,1,-1,-1,-1
56,13,684,213,136,196,1,-1,-1,-1
56,14,1057,261,276,184,1,-1,-1,-1
56,15,146,178,152,212,1,-1,-1,-1
57,0,1432,916,592,508,1,-1,-1,-1
57,1,808,512,552,400,1,-1,-1,-1
57,2,1252,416,456,376,1,-1,-1,-1
57,3,1013,327,260,298,1,-1,-1,-1
57,4,656,968,588,468,1,-1,-1,-1
57,5,464,201,284,304,1,-1,-1,-1
57,6,1732,460,504,480,1,-1,-1,-1
57,7,1030,202,324,350,1,-1,-1,-1
57,9,1065,334,210,255,1,-1,-1,-1
57,10,504,216,208,292,1,-1,-1,-1
57,11,792,200,256,180,1,-1,-1,-1
57,12,349,82,156,172,1,-1,-1,-1
57,13,684,213,136,196,1,-1,-1,-1
57,14,1057,261,276,184,1,-1,-1,-1
57,15,146,178,152,212,1,-1,-1,-1
57,16,0,164,128,184,1,-1,-1,-1
57,17,384,0,260,56,1,-1,-1,-1
58,0,1434,919,592,508,1,-1,-1,-1
58,1,810,514,552,400,1,-1,-1,-1
58,2,1254,418,456,376,1,-1,-1,-1
58,3,1027,332,260,298,1,-1,-1,-1
58,4,659,970,588,468,1,-1,-1,-1
58,5,474,204,284,304,1,-1,-1,-1
58,6,1733,463,504,480,1,-1,-1,-1
58,7,1038,201,324,350,1,-1,-1,-1
58,9,1082,340,210,255,1,-1,-1,-1
58,10,511,218,208,292,1,-1,-1,-1
58,11,795,201,256,180,1,-1,-1,-1
58,12,363,88,156,172,1,-1,-1,-1
58,13,698,217,136,196,1,-1,-1,-1
58,14,1066,265,276,184,1,-1,-1,-1
58,15,164,185,152,212,1,-1,-1,-1
58,16,7,166,128,184,1,-1,-1,-1
58,17,381,-1,273,59,1,-1,-1,-1
59,0,1437,921,592,508,1,-1,-1,-1
59,1,814,518,552,400,1,-1,-1,-1
59,2,1259,420,456,376,1,-1,-1,-1
59,3,1038,331,260,298,1,-1,-1,-1
59,4,666,972,588,468,1,-1,-1,-1
59,5,491,214,270,290,1,-1,-1,-1
59,6,1735,468,504,480,1,-1,-1,-1
59,7,1040,204,324,350,1,-1,-1,-1
59,9,1088,343,210,255,1,-1,-1,-1
59,10,518,220,208,292,1,-1,-1,-1
59,11,795,199,269,189,1,-1,-1,-1
59,12,372,91,156,172,1,-1,-1,-1
59,13,706,220,136,196,1,-1,-1,-1
59,14,1082,275,263,175,1,-1,-1,-1
59,15,173,188,152,212,1,-1,-1,-1
59,16,14,169,128,184,1,-1,-1,-1
59,17,390,-1,273,59,1,-1,-1,-1
60,0,1440,924,592,508,1,-1,-1,-1
60,1,821,521,552,400,1,-1,-1,-1
60,2,1264,422,456,376,1,-1,-1,-1
60,3,1044,337,260,298,1,-1,-1,-1
60,4,672,974,588,468,1,-1,-1,-1
60,5,501,216,270,290,1,-1,-1,-1
60,6,1740,471,504,480,1,-1,-1,-1
60,7,1053,214,308,334,1,-1,-1,-1
60,9,1103,348,210,255,1,-1,-1,-1
60,10,526,222,208,292,1,-1,-1,-1
60,11,803,202,269,189,1,-1,-1,-1
60,12,379,92,156,172,1,-1,-1,-1
60,13,714,223,136,196,1,-1,-1,-1
60,14,1086,277,263,175,1,-1,-1,-1
60,15,182,188,152,212,1,-1,-1,-1
60,16,24,173,128,184,1,-1,-1,-1
60,17,404,1,273,59,1,-1,-1,-1
61,0,1442,923,592,508,1,-1,-1,-1
61,1,824,523,552,400,1,-1,-1,-1
61,2,1266,424,456,376,1,-1,-1,-1
61,3,1061,352,260,298,1,-1,-1,-1
61,4,678,977,588,468,1,-1,-1,-1
61,5,507,218,270,290,1,-1,-1,-1
61,6,1742,472,504,480,1,-1,-1,-1
61,7,1058,214,308,334,1,-1,-1,-1
61,9,1113,351,210,255,1,-1,-1,-1
61,10,534,224,208,292,1,-1,-1,-1
61,11,810,204,269,189,1,-1,-1,-1
61,12,387,94,156,172,1,-1,-1,-1
61,13,723,228,130,187,1,-1,-1,-1
61,14,1091,279,263,175,1,-1,-1,-1
61,15,187,190,152,212,1,-1,-1,-1
61,16,30,173,128,184,1,-1,-1,-1
61,17,419,3,260,56,1,-1,-1,-1
62,0,1447,927,592,508,1,-1,-1,-1
62,1,826,524,552,400,1,-1,-1,-1
62,2,1270,427,456,376,1,-1,-1,-1
62,3,1072,350,260,298,1,-1,-1,-1
62,4,684,980,588,468,1,-1,-1,-1
62,5,511,222,270,290,1,-1,-1,-1
62,6,1747,475,504,480,1,-1,-1,-1
62,7,1069,227,294,318,1,-1,-1,-1
62,9,1119,352,210,255,1,-1,-1,-1
62,10,542,227,208,292,1,-1,-1,-1
62,11,816,206,269,189,1,-1,-1,-1
62,12,393,96,156,172,1,-1,-1,-1
62,13,731,229,130,187,1,-1,-1,-1
62,14,1092,287,263,175,1,-1,-1,-1
62,15,197,191,152,212,1,-1,-1,-1
62,16,41,177,128,184,1,-1,-1,-1
62,17,429,4,260,56,1,-1,-1,-1
63,0,1451,929,592,508,1,-1,-1,-1
63,1,831,526,552,400,1,-1,-1,-1
63,2,1275,432,456,376,1,-1,-1,-1
63,3,1084,361,248,284,1,-1,-1,-1
63,4,690,980,588,468,1,-1,-1,-1
63,5,519,224,270,290,1,-1,-1,-1
63,6,1750,480,504,480,1,-1,-1,-1
63,7,1086,240,280,303,1,-1,-1,-1
63,9,1125,359,210,255,1,-1,-1,-1
63,10,550,229,208,292,1,-1,-1,-1
63,11,821,208,269,189,1,-1,-1,-1
63,12,401,99,156,172,1,-1,-1,-1
63,13,736,231,130,187,1,-1,-1,-1
63,14,1094,291,263,175,1,-1,-1,-1
63,15,202,194,152,212,1,-1,-1,-1
63,16,48,179,128,184,1,-1,-1,-1
63,17,426,5,273,59,1,-1,-1,-1
64,0,1463,943,564,484,1,-1,-1,-1
64,1,835,527,552,400,1,-1,-1,-1
64,2,1280,431,456,376,1,-1,-1,-1
64,3,1087,368,248,284,1,-1,-1,-1
64,4,695,984,588,468,1,-1,-1,-1
64,5,525,224,270,290,1,-1,-1,-1
64,6,1752,483,504,480,1,-1,-1,-1
64,7,1091,240,280,303,1,-1,-1,-1
64,9,1128,362,210,255,1,-1,-1,-1
64,10,557,232,208,292,1,-1,-1,-1
64,11,829,211,269,189,1,-1,-1,-1
64,12,408,101,156,172,1,-1,-1,-1
64,13,745,233,130,187,1,-1,-1,-1
64,14,1096,295,263,175,1,-1,-1,-1
64,15,214,200,145,202,1,-1,-1,-1
64,16,59,181,128,184,1,-1,-1,-1
64,17,450,9,273,59,1,-1,-1,-1
65,0,1444,924,588,508,1,-1,-1,-1
65,1,836,524,528,400,1,-1,-1,-1
65,2,1280,431,456,376,1,-1,-1,-1
65,3,1087,368,248,284,1,-1,-1,-1
65,4,700,996,588,440,1,-1,-1,-1
65,5,525,224,270,290,1,-1,-1,-1
65,6,1760,488,456,432,1,-1,-1,-1
65,7,1091,240,280,303,1,-1,-1,-1
65,9,1128,362,210,255,1,-1,-1,-1
65,10,557,232,208,292,1,-1,-1,-1
65,11,829,211,269,189,1,-1,-1,-1
65,12,408,101,156,172,1,-1,-1,-1
65,13,745,233,130,187,1,-1,-1,-1
65,14,1096,295,263,175,1,-1,-1,-1
65,15,214,200,145,202,1,-1,-1,-1
65,16,59,181,128,184,1,-1,-1,-1
65,17,464,4,260,76,1,-1,-1,-1
66,0,1444,925,588,508,1,-1,-1,-1
66,1,838,525,528,400,1,-1,-1,-1
66,2,1289,435,456,376,1,-1,-1,-1
66,3,1090,373,248,284,1,-1,-1,-1
66,4,703,998,588,440,1,-1,-1,-1
66,5,549,234,258,276,1,-1,-1,-1
66,6,1762,490,456,432,1,-1,-1,-1
66,7,1098,242,280,303,1,-1,-1,-1
66,9,1140,370,210,255,1,-1,-1,-1
66,10,576,236,208,292,1,-1,-1,-1
66,11,843,218,256,180,1,-1,-1,-1
66,12,423,107,156,172,1,-1,-1,-1
66,13,759,238,130,187,1,-1,-1,-1
66,14,1100,294,263,175,1,-1,-1,-1
66,15,229,207,145,202,1,-1,-1,-1
66,16,76,186,128,184,1,-1,-1,-1
66,17,472,4,260,76,1,-1,-1,-1
67,0,1449,926,588,508,1,-1,-1,-1
67,1,843,527,528,400,1,-1,-1,-1
67,2,1291,435,456,376,1,-1,-1,-1
67,3,1089,368,260,298,1,-1,-1,-1
67,4,710,1001,588,440,1,-1,-1,-1
67,5,558,237,258,276,1,-1,-1,-1
67,6,1766,494,456,432,1,-1,-1,-1
67,7,1100,245,280,303,1,-1,-1,-1
67,9,1150,374,210,255,1,-1,-1,-1
67,10,581,238,208,292,1,-1,-1,-1
67,11,850,221,256,180,1,-1,-1,-1
67,12,434,111,149,164,1,-1,-1,-1
67,13,764,240,130,187,1,-1,-1,-1
67,14,1102,298,263,175,1,-1,-1,-1
67,15,238,205,145,202,1,-1,-1,-1
67,16,85,187,128,184,1,-1,-1,-1
67,17,481,5,260,76,1,-1,-1,-1
68,0,1454,928,588,508,1,-1,-1,-1
68,1,847,529,528,400,1,-1,-1,-1
68,2,1297,438,456,376,1,-1,-1,-1
68,4,716,1003,588,440,1,-1,-1,-1
68,5,562,239,258,276,1,-1,-1,-1
68,6,1771,494,456,432,1,-1,-1,-1
68,7,1100,249,280,303,1,-1,-1,-1
68,9,1163,380,210,255,1,-1,-1,-1
68,10,587,239,208,292,1,-1,-1,-1
68,11,850,219,269,189,1,-1,-1,-1
68,12,442,113,149,164,1,-1,-1,-1
68,13,772,242,130,187,1,-1,-1,-1
68,14,1107,300,263,175,1,-1,-1,-1
68,15,244,207,145,202,1,-1,-1,-1
68,16,94,189,128,184,1,-1,-1,-1
68,17,490,7,260,76,1,-1,-1,-1
69,0,1457,929,588,508,1,-1,-1,-1
69,1,849,533,528,400,1,-1,-1,-1
69,2,1301,440,456,376,1,-1,-1,-1
69,4,721,1005,588,440,1,-1,-1,-1
69,5,569,240,258,276,1,-1,-1,-1
69,6,1776,497,456,432,1,-1,-1,-1
69,7,1098,239,294,318,1,-1,-1,-1
69,9,1169,384,210,255,1,-1,-1,-1
69,10,594,240,208,292,1,-1,-1,-1
69,11,857,220,269,189,1,-1,-1,-1
69,12,448,115,149,164,1,-1,-1,-1
69,13,778,244,130,187,1,-1,-1,-1
69,14,1113,302,263,175,1,-1,-1,-1
69,15,252,209,145,202,1,-1,-1,-1
69,16,101,190,128,184,1,-1,-1,-1
69,17,499,9,260,76,1,-1,-1,-1
70,0,1459,930,588,508,1,-1,-1,-1
70,1,853,536,528,400,1,-1,-1,-1
70,2,1304,442,456,376,1,-1,-1,-1
70,4,726,1008,588,440,1,-1,-1,-1
70,5,578,244,258,276,1,-1,-1,-1
70,6,1778,499,456,432,1,-1,-1,-1
70,7,1105,241,294,318,1,-1,-1,-1
70,9,1176,388,210,255,1,-1,-1,-1
70,10,601,243,208,292,1,-1,-1,-1
70,11,856,221,269,189,1,-1,-1,-1
70,12,456,117,149,164,1,-1,-1,-1
70,13,783,246,130,187,1,-1,-1,-1
70,14,1118,304,263,175,1,-1,-1,-1
70,15,258,211,145,202,1,-1,-1,-1
70,16,109,193,128,184,1,-1,-1,-1
70,17,505,11,260,76,1,-1,-1,-1
71,0,1459,930,588,508,1,-1,-1,-1
71,1,858,536,528,400,1,-1,-1,-1
71,2,1309,441,456,376,1,-1,-1,-1
71,4,733,1009,588,440,1,-1,-1,-1
71,5,582,245,258,276,1,-1,-1,-1
71,6,1783,503,456,432,1,-1,-1,-1
71,7,1113,246,294,318,1,-1,-1,-1
71,9,1183,390,210,255,1,-1,-1,-1
71,10,607,245,208,292,1,-1,-1,-1
71,11,861,222,269,189,1,-1,-1,-1
71,12,462,119,149,164,1,-1,-1,-1
71,13,788,249,130,187,1,-1,-1,-1
71,14,1125,303,263,175,1,-1,-1,-1
71,15,264,213,145,202,1,-1,-1,-1
71,16,116,194,128,184,1,-1,-1,-1
71,17,514,13,260,76,1,-1,-1,-1
72,0,1463,929,588,508,1,-1,-1,-1
72,1,858,537,528,400,1,-1,-1,-1
72,2,1313,443,456,376,1,-1,-1,-1
72,4,737,1009,588,440,1,-1,-1,-1
72,5,589,245,258,276,1,-1,-1,-1
72,6,1788,505,456,432,1,-1,-1,-1
72,7,1102,236,308,334,1,-1,-1,-1
72,9,1191,393,210,255,1,-1,-1,-1
72,10,612,247,208,292,1,-1,-1,-1
72,11,865,223,269,189,1,-1,-1,-1
72,12,467,121,149,164,1,-1,-1,-1
72,13,793,250,130,187,1,-1,-1,-1
72,14,1136,309,250,167,1,-1,-1,-1
72,15,270,214,145,202,1,-1,-1,-1
72,16,121,196,128,184,1,-1,-1,-1
72,17,523,15,260,76,1,-1,-1,-1
73,0,1476,936,580,496,1,-1,-1,-1
73,1,852,552,508,396,1,-1,-1,-1
73,2,1328,404,484,436,1,-1,-1,-1
73,4,756,1020,584,420,1,-1,-1,-1
73,5,589,245,258,276,1,-1,-1,-1
73,6,1780,476,524,508,1,-1,-1,-1
73,7,1102,236,308,334,1,-1,-1,-1
73,9,1191,393,210,255,1,-1,-1,-1
73,10,612,247,208,292,1,-1,-1,-1
73,11,865,223,269,189,1,-1,-1,-1
73,12,467,121,149,164,1,-1,-1,-1
73,13,793,250,130,187,1,-1,-1,-1
73,14,1136,309,250,167,1,-1,-1,-1
73,15,264,168,188,248,1,-1,-1,-1
73,16,121,196,128,184,1,-1,-1,-1
73,17,528,0,252,96,1,-1,-1,-1
73,18,1300,472,108,260,1,-1,-1,-1
74,0,1477,938,580,496,1,-1,-1,-1
74,1,852,554,508,396,1,-1,-1,-1
74,2,1332,408,484,436,1,-1,-1,-1
74,4,758,1023,584,420,1,-1,-1,-1
74,5,599,248,258,276,1,-1,-1,-1
74,6,1782,476,524,508,1,-1,-1,-1
74,7,1109,237,308,334,1,-1,-1,-1
74,10,622,248,208,292,1,-1,-1,-1
74,11,873,230,269,189,1,-1,-1,-1
74,12,474,122,156,172,1,-1,-1,-1
74,13,801,253,130,187,1,-1,-1,-1
74,14,1147,312,250,167,1,-1,-1,-1
74,15,268,169,188,248,1,-1,-1,-1
74,16,131,202,122,175,1,-1,-1,-1
74,17,533,1,252,96,1,-1,-1,-1
74,18,1303,473,108,260,1,-1,-1,-1
75,0,1479,940,580,496,1,-1,-1,-1
75,1,853,552,508,396,1,-1,-1,-1
75,2,1337,408,484,436,1,-1,-1,-1
75,4,764,1026,584,420,1,-1,-1,-1
75,5,606,250,258,276,1,-1,-1,-1
75,6,1784,478,524,508,1,-1,-1,-1
75,7,1126,248,294,318,1,-1,-1,-1
75,10,627,252,208,292,1,-1,-1,-1
75,11,886,235,256,180,1,-1,-1,-1
75,12,478,123,156,172,1,-1,-1,-1
75,13,805,254,130,187,1,-1,-1,-1
75,14,1151,314,250,167,1,-1,-1,-1
75,15,275,170,188,248,1,-1,-1,-1
75,16,136,204,122,175,1,-1,-1,-1
75,17,533,-2,265,101,1,-1,-1,-1
75,18,1306,475,108,260,1,-1,-1,-1
76,0,1484,941,580,496,1,-1,-1,-1
76,1,859,555,508,396,1,-1,-1,-1
76,2,1342,409,484,436,1,-1,-1,-1
76,4,768,1028,584,420,1,-1,-1,-1
76,5,613,254,258,276,1,-1,-1,-1
76,6,1786,480,524,508,1,-1,-1,-1
76,7,1134,249,294,318,1,-1,-1,-1
76,10,632,253,208,292,1,-1,-1,-1
76,11,889,237,256,180,1,-1,-1,-1
76,12,483,125,156,172,1,-1,-1,-1
76,13,811,256,130,187,1,-1,-1,-1
76,14,1154,316,250,167,1,-1,-1,-1
76,15,277,173,188,248,1,-1,-1,-1
76,16,141,205,122,175,1,-1,-1,-1
76,17,541,0,265,101,1,-1,-1,-1
76,18,1307,471,113,273,1,-1,-1,-1
77,0,1481,942,580,496,1,-1,-1,-1
77,1,858,556,508,396,1,-1,-1,-1
77,2,1345,411,484,436,1,-1,-1,-1
77,4,774,1029,584,420,1,-1,-1,-1
77,5,616,255,258,276,1,-1,-1,-1
77,6,1788,480,524,508,1,-1,-1,-1
77,7,1137,255,294,318,1,-1,-1,-1
77,10,637,254,208,292,1,-1,-1,-1
77,11,893,239,256,180,1,-1,-1,-1
77,12,486,126,156,172,1,-1,-1,-1
77,13,815,257,130,187,1,-1,-1,-1
77,14,1159,317,250,167,1,-1,-1,-1
77,15,284,173,188,248,1,-1,-1,-1
77,16,147,206,122,175,1,-1,-1,-1
77,17,547,1,265,101,1,-1,-1,-1
77,18,1310,472,113,273,1,-1,-1,-1
78,0,1483,943,580,496,1,-1,-1,-1
78,1,848,550,533,416,1,-1,-1,-1
78,2,1348,414,484,436,1,-1,-1,-1
78,4,778,1031,584,420,1,-1,-1,-1
78,5,622,256,258,276,1,-1,-1,-1
78,6,1790,482,524,508,1,-1,-1,-1
78,7,1142,255,294,318,1,-1,-1,-1
78,10,642,254,208,292,1,-1,-1,-1
78,11,892,241,256,180,1,-1,-1,-1
78,12,494,131,149,164,1,-1,-1,-1
78,13,819,261,130,187,1,-1,-1,-1
78,14,1161,318,250,167,1,-1,-1,-1
78,15,289,173,188,248,1,-1,-1,-1
78,16,151,208,122,175,1,-1,-1,-1
78,17,553,3,265,101,1,-1,-1,-1
78,18,1316,474,113,273,1,-1,-1,-1
79,0,1483,944,580,496,1,-1,-1,-1
79,1,849,552,533,416,1,-1,-1,-1
79,2,1355,415,484,436,1,-1,-1,-1
79,4,781,1033,584,420,1,-1,-1,-1
79,5,627,259,258,276,1,-1,-1,-1
79,6,1793,485,524,508,1,-1,-1,-1
79,7,1152,261,294,318,1,-1,-1,-1
79,10,654,263,198,278,1,-1,-1,-1
79,11,898,241,256,180,1,-1,-1,-1
79,12,498,132,149,164,1,-1,-1,-1
79,13,823,263,130,187,1,-1,-1,-1
79,14,1168,321,250,167,1,-1,-1,-1
79,15,293,175,188,248,1,-1,-1,-1
79,16,155,210,122,175,1,-1,-1,-1
79,17,565,8,252,96,1,-1,-1,-1
79,18,1323,476,113,273,1,-1,-1,-1
80,0,1482,947,580,496,1,-1,-1,-1
80,1,850,552,533,416,1,-1,-1,-1
80,2,1357,416,484,436,1,-1,-1,-1
80,4,785,1034,584,420,1,-1,-1,-1
80,5,631,259,258,276,1,-1,-1,-1
80,6,1804,495,499,484,1,-1,-1,-1
80,7,1152,261,294,318,1,-1,-1,-1
80,10,657,267,198,278,1,-1,-1,-1
80,11,901,243,256,180,1,-1,-1,-1
80,12,502,134,149,164,1,-1,-1,-1
80,13,826,266,130,187,1,-1,-1,-1
80,14,1172,323,250,167,1,-1,-1,-1
80,15,297,177,188,248,1,-1,-1,-1
80,16,158,211,122,175,1,-1,-1,-1
80,17,570,10,252,96,1,-1,-1,-1
80,18,1328,478,113,273,1,-1,-1,-1
81,0,1500,956,540,476,1,-1,-1,-1
81,1,852,560,548,400,1,-1,-1,-1
81,2,1352,416,468,444,1,-1,-1,-1
81,4,796,1036,580,404,1,-1,-1,-1
81,5,631,259,258,276,1,-1,-1,-1
81,6,1812,480,420,492,1,-1,-1,-1
81,7,1152,261,294,318,1,-1,-1,-1
81,10,657,267,198,278,1,-1,-1,-1
81,11,901,243,256,180,1,-1,-1,-1
81,12,502,134,149,164,1,-1,-1,-1
81,13,826,266,130,187,1,-1,-1,-1
81,14,1172,323,250,167,1,-1,-1,-1
81,15,297,177,188,248,1,-1,-1,-1
81,16,158,211,122,175,1,-1,-1,-1
81,17,580,0,260,112,1,-1,-1,-1
81,18,1328,478,113,273,1,-1,-1,-1
82,0,1500,956,540,476,1,-1,-1,-1
82,1,853,563,548,400,1,-1,-1,-1
82,2,1356,419,468,444,1,-1,-1,-1
82,4,799,1036,580,404,1,-1,-1,-1
82,5,639,260,258,276,1,-1,-1,-1
82,6,1814,481,420,492,1,-1,-1,-1
82,7,1145,251,308,334,1,-1,-1,-1
82,10,665,269,198,278,1,-1,-1,-1
82,11,907,246,256,180,1,-1,-1,-1
82,12,506,136,149,164,1,-1,-1,-1
82,13,827,263,136,196,1,-1,-1,-1
82,14,1178,327,250,167,1,-1,-1,-1
82,15,302,179,188,248,1,-1,-1,-1
82,16,163,214,122,175,1,-1,-1,-1
82,17,583,1,260,112,1,-1,-1,-1
82,18,1337,478,113,273,1,-1,-1,-1
83,0,1499,956,540,476,1,-1,-1,-1
83,1,853,567,548,400,1,-1,-1,-1
83,2,1358,420,468,444,1,-1,-1,-1
83,4,801,1039,580,404,1,-1,-1,-1
83,5,644,262,258,276,1,-1,-1,-1
83,6,1818,484,420,492,1,-1,-1,-1
83,7,1148,255,308,334,1,-1,-1,-1
83,10,669,271,198,278,1,-1,-1,-1
83,11,914,252,244,171,1,-1,-1,-1
83,12,509,137,149,164,1,-1,-1,-1
83,13,829,266,136,196,1,-1,-1,-1
83,14,1179,331,250,167,1,-1,-1,-1
83,15,309,187,179,236,1,-1,-1,-1
83,16,162,211,128,184,1,-1,-1,-1
83,17,587,2,260,112,1,-1,-1,-1
83,18,1341,483,113,273,1,-1,-1,-1
84,0,1502,958,540,476,1,-1,-1,-1
84,1,853,565,548,400,1,-1,-1,-1
84,2,1361,421,468,444,1,-1,-1,-1
84,4,804,1038,580,404,1,-1,-1,-1
84,5,646,264,258,276,1,-1,-1,-1
84,6,1818,487,420,492,1,-1,-1,-1
84,7,1148,257,308,334,1,-1,-1,-1
84,10,674,275,198,278,1,-1,-1,-1
84,11,915,252,244,171,1,-1,-1,-1
84,12,511,139,149,164,1,-1,-1,-1
84,13,832,267,136,196,1,-1,-1,-1
84,14,1179,331,250,167,1,-1,-1,-1
84,15,311,190,179,236,1,-1,-1,-1
84,16,167,217,122,175,1,-1,-1,-1
84,17,591,3,260,112,1,-1,-1,-1
84,18,1345,484,113,273,1,-1,-1,-1
85,0,1500,957,540,476,1,-1,-1,-1
85,1,850,567,548,400,1,-1,-1,-1
85,2,1364,423,468,444,1,-1,-1,-1
85,4,808,1040,580,404,1,-1,-1,-1
85,5,650,267,258,276,1,-1,-1,-1
85,6,1820,486,420,492,1,-1,-1,-1
85,7,1163,266,294,318,1,-1,-1,-1
85,10,671,269,208,292,1,-1,-1,-1
85,11,917,254,244,171,1,-1,-1,-1
85,12,515,141,149,164,1,-1,-1,-1
85,13,834,268,136,196,1,-1,-1,-1
85,14,1183,333,250,167,1,-1,-1,-1
85,15,314,192,179,236,1,-1,-1,-1
85,16,171,218,122,175,1,-1,-1,-1
85,17,595,4,260,112,1,-1,-1,-1
85,18,1348,487,113,273,1,-1,-1,-1
86,0,1502,958,540,476,1,-1,-1,-1
86,1,849,567,548,400,1,-1,-1,-1
86,2,1367,424,468,444,1,-1,-1,-1
86,4,811,1042,580,404,1,-1,-1,-1
86,5,652,269,258,276,1,-1,-1,-1
86,6,1821,486,420,492,1,-1,-1,-1
86,7,1161,268,294,318,1,-1,-1,-1
86,10,673,270,208,292,1,-1,-1,-1
86,11,921,260,232,163,1,-1,-1,-1
86,12,517,144,149,164,1,-1,-1,-1
86,13,836,270,136,196,1,-1,-1,-1
86,14,1186,336,250,167,1,-1,-1,-1
86,15,313,193,179,236,1,-1,-1,-1
86,16,172,219,122,175,1,-1,-1,-1
86,17,599,6,260,112,1,-1,-1,-1
86,18,1352,489,113,273,1,-1,-1,-1
87,0,1500,957,540,476,1,-1,-1,-1
87,1,849,569,548,400,1,-1,-1,-1
87,2,1370,427,468,444,1,-1,-1,-1
87,4,811,1042,580,404,1,-1,-1,-1
87,5,656,273,258,276,1,-1,-1,-1
87,6,1826,485,420,492,1,-1,-1,-1
87,7,1168,267,294,318,1,-1,-1,-1
87,10,676,272,208,292,1,-1,-1,-1
87,11,918,260,232,163,1,-1,-1,-1
87,12,518,145,149,164,1,-1,-1,-1
87,13,837,271,136,196,1,-1,-1,-1
87,14,1191,336,250,167,1,-1,-1,-1
87,15,316,194,179,236,1,-1,-1,-1
87,16,174,220,122,175,1,-1,-1,-1
87,17,602,7,260,112,1,-1,-1,-1
87,18,1356,491,113,273,1,-1,-1,-1
88,0,1499,959,540,476,1,-1,-1,-1
88,1,848,571,548,400,1,-1,-1,-1
88,2,1371,428,468,444,1,-1,-1,-1
88,4,814,1042,580,404,1,-1,-1,-1
88,5,660,271,258,276,1,-1,-1,-1
88,6,1827,490,420,492,1,-1,-1,-1
88,7,1166,268,294,318,1,-1,-1,-1
88,10,678,274,208,292,1,-1,-1,-1
88,11,920,260,232,163,1,-1,-1,-1
88,12,520,147,149,164,1,-1,-1,-1
88,13,838,272,136,196,1,-1,-1,-1
88,14,1190,339,250,167,1,-1,-1,-1
88,15,318,196,179,236,1,-1,-1,-1
88,16,175,220,122,175,1,-1,-1,-1
88,17,605,9,260,112,1,-1,-1,-1
88,18,1358,493,113,273,1,-1,-1,-1
89,0,1520,932,508,504,1,-1,-1,-1
89,1,848,560,528,408,1,-1,-1,-1
89,2,1356,396,452,464,1,-1,-1,-1
89,4,808,1052,592,388,1,-1,-1,-1
89,5,660,271,258,276,1,-1,-1,-1
89,6,1836,500,404,460,1,-1,-1,-1
89,7,1166,268,294,318,1,-1,-1,-1
89,10,678,274,208,292,1,-1,-1,-1
89,11,920,260,232,163,1,-1,-1,-1
89,12,520,147,149,164,1,-1,-1,-1
89,13,838,272,136,196,1,-1,-1,-1
89,14,1190,339,250,167,1,-1,-1,-1
89,15,318,196,179,236,1,-1,-1,-1
89,16,175,220,122,175,1,-1,-1,-1
89,17,612,4,256,128,1,-1,-1,-1
89,18,1358,493,113,273,1,-1,-1,-1
89,19,0,748,88,284,1,-1,-1,-1
90,0,1516,931,508,504,1,-1,-1,-1
90,1,848,562,528,408,1,-1,-1,-1
90,2,1356,396,452,464,1,-1,-1,-1
90,4,807,1052,592,388,1,-1,-1,-1
90,5,664,273,258,276,1,-1,-1,-1
90,6,1835,501,404,460,1,-1,-1,-1
90,7,1168,274,294,318,1,-1,-1,-1
90,10,683,275,208,292,1,-1,-1,-1
90,11,925,266,221,155,1,-1,-1,-1
90,12,522,149,149,164,1,-1,-1,-1
90,13,840,274,136,196,1,-1,-1,-1
90,14,1200,347,238,159,1,-1,-1,-1
90,15,321,199,179,236,1,-1,-1,-1
90,16,176,217,128,184,1,-1,-1,-1
90,17,615,5,256,128,1,-1,-1,-1
90,18,1362,494,113,273,1,-1,-1,-1
90,19,0,748,88,284,1,-1,-1,-1
91,0,1513,932,508,504,1,-1,-1,-1
91,1,846,564,528,408,1,-1,-1,-1
91,2,1356,399,452,464,1,-1,-1,-1
91,4,807,1054,592,388,1,-1,-1,-1
91,5,664,275,258,276,1,-1,-1,-1
91,6,1836,500,404,460,1,-1,-1,-1
91,7,1169,276,294,318,1,-1,-1,-1
91,10,683,278,208,292,1,-1,-1,-1
91,11,924,269,221,155,1,-1,-1,-1
91,12,523,150,149,164,1,-1,-1,-1
91,13,841,275,136,196,1,-1,-1,-1
91,14,1197,347,238,159,1,-1,-1,-1
91,15,322,201,179,236,1,-1,-1,-1
91,16,178,218,128,184,1,-1,-1,-1
91,17,618,6,256,128,1,-1,-1,-1
91,18,1365,498,113,273,1,-1,-1,-1
91,19,1,749,88,284,1,-1,-1,-1
92,0,1511,934,508,504,1,-1,-1,-1
92,1,848,566,528,408,1,-1,-1,-1
92,2,1358,401,452,464,1,-1,-1,-1
92,4,810,1055,592,388,1,-1,-1,-1
92,5,667,277,258,276,1,-1,-1,-1
92,6,1835,501,404,460,1,-1,-1,-1
92,7,1168,281,294,318,1,-1,-1,-1
92,10,687,279,208,292,1,-1,-1,-1
92,11,924,270,221,155,1,-1,-1,-1
92,12,524,151,149,164,1,-1,-1,-1
92,13,841,275,136,196,1,-1,-1,-1
92,15,324,203,179,236,1,-1,-1,-1
92,16,178,219,128,184,1,-1,-1,-1
92,17,621,7,256,128,1,-1,-1,-1
92,18,1367,500,113,273,1,-1,-1,-1
92,19,3,749,88,284,1,-1,-1,-1
93,0,1511,936,508,504,1,-1,-1,-1
93,1,845,567,528,408,1,-1,-1,-1
93,2,1357,402,452,464,1,-1,-1,-1
93,4,810,1057,592,388,1,-1,-1,-1
93,5,667,280,258,276,1,-1,-1,-1
93,6,1834,501,404,460,1,-1,-1,-1
93,7,1158,275,308,334,1,-1,-1,-1
93,10,684,273,218,307,1,-1,-1,-1
93,11,923,271,221,155,1,-1,-1,-1
93,12,524,152,149,164,1,-1,-1,-1
93,13,842,277,136,196,1,-1,-1,-1
93,15,321,196,188,248,1,-1,-1,-1
93,16,179,218,128,184,1,-1,-1,-1
93,17,622,9,256,128,1,-1,-1,-1
93,18,1369,500,113,273,1,-1,-1,-1
93,19,5,750,88,284,1,-1,-1,-1
94,0,1507,937,508,504,1,-1,-1,-1
94,1,844,570,528,408,1,-1,-1,-1
94,2,1358,404,452,464,1,-1,-1,-1
94,4,810,1058,592,388,1,-1,-1,-1
94,5,670,281,258,276,1,-1,-1,-1
94,6,1833,502,404,460,1,-1,-1,-1
94,7,1157,275,308,334,1,-1,-1,-1
94,10,688,276,218,307,1,-1,-1,-1
94,11,927,275,211,148,1,-1,-1,-1
94,12,526,153,149,164,1,-1,-1,-1
94,13,843,277,136,196,1,-1,-1,-1
94,15,322,196,188,248,1,-1,-1,-1
94,16,180,220,128,184,1,-1,-1,-1
94,17,631,13,244,122,1,-1,-1,-1
94,18,1374,509,108,260,1,-1,-1,-1
94,19,7,750,88,284,1,-1,-1,-1
95,0,1505,936,508,504,1,-1,-1,-1
95,1,839,573,528,408,1,-1,-1,-1
95,2,1357,406,452,464,1,-1,-1,-1
95,4,809,1059,592,388,1,-1,-1,-1
95,5,664,277,270,290,1,-1,-1,-1
95,6,1833,503,404,460,1,-1,-1,-1
95,7,1160,276,308,334,1,-1,-1,-1
95,10,687,279,218,307,1,-1,-1,-1
95,11,924,274,221,155,1,-1,-1,-1
95,12,526,156,149,164,1,-1,-1,-1
95,13,843,279,136,196,1,-1,-1,-1
95,15,324,198,188,248,1,-1,-1,-1
95,16,179,223,128,184,1,-1,-1,-1
95,17,633,14,244,122,1,-1,-1,-1
95,18,1373,503,113,273,1,-1,-1,-1
95,19,9,751,88,284,1,-1,-1,-1
96,0,1501,937,508,504,1,-1,-1,-1
96,1,835,574,528,408,1,-1,-1,-1
96,2,1357,408,452,464,1,-1,-1,-1
96,4,809,1061,592,388,1,-1,-1,-1
96,5,666,278,270,290,1,-1,-1,-1
96,6,1833,504,404,460,1,-1,-1,-1
96,7,1157,279,308,334,1,-1,-1,-1
96,10,686,279,218,307,1,-1,-1,-1
96,11,920,275,221,155,1,-1,-1,-1
96,12,525,158,149,164,1,-1,-1,-1
96,13,842,280,136,196,1,-1,-1,-1
96,15,322,198,188,248,1,-1,-1,-1
96,16,177,222,128,184,1,-1,-1,-1
96,17,634,15,244,122,1,-1,-1,-1
96,18,1376,506,113,273,1,-1,-1,-1
96,19,11,753,88,284,1,-1,-1,-1
97,0,1508,928,520,508,1,-1,-1,-1
97,1,835,574,528,408,1,-1,-1,-1
97,2,1368,432,444,448,1,-1,-1,-1
97,4,812,1064,592,376,1,-1,-1,-1
97,5,666,278,270,290,1,-1,-1,-1
97,6,1848,488,392,496,1,-1,-1,-1
97,7,1157,279,308,334,1,-1,-1,-1
97,10,686,279,218,307,1,-1,-1,-1
97,11,920,275,221,155,1,-1,-1,-1
97,12,525,158,149,164,1,-1,-1,-1
97,13,842,280,136,196,1,-1,-1,-1
97,15,322,198,188,248,1,-1,-1,-1
97,16,177,222,128,184,1,-1,-1,-1
97,17,624,8,252,132,1,-1,-1,-1
97,18,1376,506,113,273,1,-1,-1,-1
97,19,11,753,88,284,1,-1,-1,-1
97,20,836,576,456,392,1,-1,-1,-1
98,0,1503,929,520,508,1,-1,-1,-1
98,1,836,574,528,408,1,-1,-1,-1
98,2,1369,434,444,448,1,-1,-1,-1
98,4,811,1065,592,376,1,-1,-1,-1
98,5,664,280,270,290,1,-1,-1,-1
98,6,1845,486,392,496,1,-1,-1,-1
98,7,1158,277,308,334,1,-1,-1,-1
98,10,686,281,218,307,1,-1,-1,-1
98,11,918,276,221,155,1,-1,-1,-1
98,12,525,159,149,164,1,-1,-1,-1
98,13,841,282,136,196,1,-1,-1,-1
98,15,322,199,188,248,1,-1,-1,-1
98,16,176,224,128,184,1,-1,-1,-1
98,17,625,9,252,132,1,-1,-1,-1
98,18,1378,507,113,273,1,-1,-1,-1
98,19,13,753,88,284,1,-1,-1,-1
98,20,834,577,456,392,1,-1,-1,-1
99,0,1499,930,520,508,1,-1,-1,-1
99,1,829,577,528,408,1,-1,-1,-1
99,2,1369,435,444,448,1,-1,-1,-1
99,4,809,1066,592,376,1,-1,-1,-1
99,5,670,282,270,290,1,-1,-1,-1
99,6,1844,487,392,496,1,-1,-1,-1
99,7,1157,280,308,334,1,-1,-1,-1
99,10,692,287,208,292,1,-1,-1,-1
99,11,919,282,211,148,1,-1,-1,-1
99,12,525,161,149,164,1,-1,-1,-1
99,13,840,283,136,196,1,-1,-1,-1
99,15,320,199,188,248,1,-1,-1,-1
99,16,174,226,128,184,1,-1,-1,-1
99,17,625,10,252,132,1,-1,-1,-1
99,18,1380,510,113,273,1,-1,-1,-1
99,19,14,754,88,284,1,-1,-1,-1
99,20,831,579,456,392,1,-1,-1,-1
100,0,1493,930,520,508,1,-1,-1,-1
100,1,827,579,528,408,1,-1,-1,-1
100,2,1367,436,444,448,1,-1,-1,-1
100,4,810,1068,592,376,1,-1,-1,-1
100,5,671,284,270,290,1,-1,-1,-1
100,6,1843,490,392,496,1,-1,-1,-1
100,7,1158,282,308,334,1,-1,-1,-1
100,10,694,293,208,292,1,-1,-1,-1
100,11,915,283,211,148,1,-1,-1,-1
100,12,528,165,141,156,1,-1,-1,-1
100,13,837,285,136,196,1,-1,-1,-1
100,15,319,200,188,248,1,-1,-1,-1
100,16,172,227,128,184,1,-1,-1,-1
100,17,625,11,252,132,1,-1,-1,-1
100,18,1381,510,113,273,1,-1,-1,-1
100,19,16,755,88,284,1,-1,-1,-1
100,20,828,581,456,392,1,-1,-1,-1
101,0,1488,932,520,508,1,-1,-1,-1
101,1,820,580,528,408,1,-1,-1,-1
101,2,1366,437,444,448,1,-1,-1,-1
101,4,809,1069,592,376,1,-1,-1,-1
101,5,670,286,270,290,1,-1,-1,-1
101,6,1841,489,392,496,1,-1,-1,-1
101,7,1158,282,308,334,1,-1,-1,-1
101,10,694,296,208,292,1,-1,-1,-1
101,11,914,283,211,148,1,-1,-1,-1
101,12,528,166,141,156,1,-1,-1,-1
101,13,838,289,130,187,1,-1,-1,-1
101,15,319,201,188,248,1,-1,-1,-1
101,16,170,228,128,184,1,-1,-1,-1
101,17,625,13,252,132,1,-1,-1,-1
101,18,1382,511,113,273,1,-1,-1,-1
101,19,16,755,88,284,1,-1,-1,-1
101,20,821,581,456,392,1,-1,-1,-1
102,0,1489,934,520,508,1,-1,-1,-1
102,1,815,582,528,408,1,-1,-1,-1
102,2,1365,438,444,448,1,-1,-1,-1
102,4,807,1071,592,376,1,-1,-1,-1
102,5,671,288,270,290,1,-1,-1,-1
102,6,1839,490,392,496,1,-1,-1,-1
102,7,1157,286,308,334,1,-1,-1,-1
102,10,696,299,208,292,1,-1,-1,-1
102,11,911,284,211,148,1,-1,-1,-1
102,12,526,168,141,156,1,-1,-1,-1
102,13,838,291,130,187,1,-1,-1,-1
102,15,316,202,188,248,1,-1,-1,-1
102,16,169,228,128,184,1,-1,-1,-1
102,17,627,14,252,132,1,-1,-1,-1
102,18,1383,511,113,273,1,-1,-1,-1
102,19,17,756,88,284,1,-1,-1,-1
102,20,821,583,456,392,1,-1,-1,-1
103,0,1483,934,520,508,1,-1,-1,-1
103,1,813,583,528,408,1,-1,-1,-1
103,2,1364,440,444,448,1,-1,-1,-1
103,4,805,1072,592,376,1,-1,-1,-1
103,5,671,288,270,290,1,-1,-1,-1
103,6,1836,490,392,496,1,-1,-1,-1
103,7,1157,285,308,334,1,-1,-1,-1
103,10,698,300,208,292,1,-1,-1,-1
103,11,909,284,211,148,1,-1,-1,-1
103,12,525,169,141,156,1,-1,-1,-1
103,13,838,292,130,187,1,-1,-1,-1
103,15,315,204,188,248,1,-1,-1,-1
103,16,168,229,128,184,1,-1,-1,-1
103,17,627,15,252,132,1,-1,-1,-1
103,18,1383,514,113,273,1,-1,-1,-1
103,19,18,758,88,284,1,-1,-1,-1
103,20,815,586,456,392,1,-1,-1,-1
104,0,1480,933,520,508,1,-1,-1,-1
104,1,817,593,503,389,1,-1,-1,-1
104,2,1361,441,444,448,1,-1,-1,-1
104,4,801,1073,592,376,1,-1,-1,-1
104,5,671,289,270,290,1,-1,-1,-1
104,6,1832,494,392,496,1,-1,-1,-1
104,7,1152,287,308,334,1,-1,-1,-1
104,10,693,294,218,307,1,-1,-1,-1
104,11,907,286,211,148,1,-1,-1,-1
104,12,524,170,141,156,1,-1,-1,-1
104,13,834,293,130,187,1,-1,-1,-1
104,15,317,204,188,248,1,-1,-1,-1
104,16,167,230,128,184,1,-1,-1,-1
104,17,627,16,252,132,1,-1,-1,-1
104,18,1383,514,113,273,1,-1,-1,-1
104,19,19,759,88,284,1,-1,-1,-1
104,20,810,586,456,392,1,-1,-1,-1
105,0,1464,940,476,496,1,-1,-1,-1
105,1,796,596,524,384,1,-1,-1,-1
105,2,1361,441,444,448,1,-1,-1,-1
105,4,800,1076,600,364,1,-1,-1,-1
105,5,671,289,270,290,1,-1,-1,-1
105,6,1848,488,372,500,1,-1,-1,-1
105,7,1152,287,308,334,1,-1,-1,-1
105,10,693,294,218,307,1,-1,-1,-1
105,11,907,286,211,148,1,-1,-1,-1
105,12,524,170,141,156,1,-1,-1,-1
105,13,834,293,130,187,1,-1,-1,-1
105,15,317,204,188,248,1,-1,-1,-1
105,16,167,230,128,184,1,-1,-1,-1
105,17,628,16,252,132,1,-1,-1,-1
105,18,1383,514,113,273,1,-1,-1,-1
105,19,19,759,88,284,1,-1,-1,-1
105,20,810,586,456,392,1,-1,-1,-1
105,21,1368,468,428,420,1,-1,-1,-1
105,22,2412,524,148,468,1,-1,-1,-1
105,23,1064,288,152,220,1,-1,-1,-1
106,0,1462,941,476,496,1,-1,-1,-1
106,1,796,598,524,384,1,-1,-1,-1
106,2,1357,444,444,448,1,-1,-1,-1
106,4,799,1077,600,364,1,-1,-1,-1
106,5,673,293,270,290,1,-1,-1,-1
106,6,1847,488,372,500,1,-1,-1,-1
106,7,1152,290,308,334,1,-1,-1,-1
106,10,689,298,218,307,1,-1,-1,-1
106,11,901,287,211,148,1,-1,-1,-1
106,12,521,170,141,156,1,-1,-1,-1
106,13,831,294,130,187,1,-1,-1,-1
106,15,317,206,188,248,1,-1,-1,-1
106,16,165,231,128,184,1,-1,-1,-1
106,17,628,16,252,132,1,-1,-1,-1
106,18,1382,516,113,273,1,-1,-1,-1
106,19,20,760,88,284,1,-1,-1,-1
106,20,803,591,456,392,1,-1,-1,-1
106,21,1366,468,428,420,1,-1,-1,-1
106,22,2410,524,148,468,1,-1,-1,-1
106,23,1063,288,152,220,1,-1,-1,-1
107,0,1457,942,476,496,1,-1,-1,-1
107,1,792,600,524,384,1,-1,-1,-1
107,2,1353,443,444,448,1,-1,-1,-1
107,4,799,1078,600,364,1,-1,-1,-1
107,5,670,295,270,290,1,-1,-1,-1
107,6,1845,490,372,500,1,-1,-1,-1
107,7,1143,282,324,350,1,-1,-1,-1
107,10,691,298,218,307,1,-1,-1,-1
107,11,900,286,211,148,1,-1,-1,-1
107,12,519,171,141,156,1,-1,-1,-1
107,13,829,296,130,187,1,-1,-1,-1
107,15,316,205,188,248,1,-1,-1,-1
107,16,165,232,128,184,1,-1,-1,-1
107,17,628,17,252,132,1,-1,-1,-1
107,18,1382,519,113,273,1,-1,-1,-1
107,19,20,760,88,284,1,-1,-1,-1
107,20,800,590,456,392,1,-1,-1,-1
107,21,1364,469,428,420,1,-1,-1,-1
107,22,2409,528,148,468,1,-1,-1,-1
107,23,1062,289,152,220,1,-1,-1,-1
108,0,1453,944,476,496,1,-1,-1,-1
108,1,789,601,524,384,1,-1,-1,-1
108,2,1350,444,444,448,1,-1,-1,-1
108,4,798,1080,600,364,1,-1,-1,-1
108,5,669,296,270,290,1,-1,-1,-1
108,6,1842,491,372,500,1,-1,-1,-1
108,7,1134,283,324,350,1,-1,-1,-1
108,10,685,289,229,322,1,-1,-1,-1
108,11,898,287,211,148,1,-1,-1,-1
108,12,518,171,141,156,1,-1,-1,-1
108,13,829,295,130,187,1,-1,-1,-1
108,15,315,206,188,248,1,-1,-1,-1
108,16,164,233,128,184,1,-1,-1,-1
108,17,628,19,252,132,1,-1,-1,-1
108,18,1382,519,113,273,1,-1,-1,-1
108,19,21,761,88,284,1,-1,-1,-1
108,20,797,592,456,392,1,-1,-1,-1
108,21,1361,471,428,420,1,-1,-1,-1
108,22,2405,528,148,468,1,-1,-1,-1
108,23,1058,289,152,220,1,-1,-1,-1
109,0,1449,945,476,496,1,-1,-1,-1
109,1,785,603,524,384,1,-1,-1,-1
109,2,1350,447,444,448,1,-1,-1,-1
109,4,797,1079,600,364,1,-1,-1,-1
109,5,669,296,270,290,1,-1,-1,-1
109,6,1840,492,372,500,1,-1,-1,-1
109,7,1131,282,324,350,1,-1,-1,-1
109,10,679,289,229,322,1,-1,-1,-1
109,11,896,288,211,148,1,-1,-1,-1
109,12,517,173,141,156,1,-1,-1,-1
109,13,829,297,130,187,1,-1,-1,-1
109,15,312,207,188,248,1,-1,-1,-1
109,16,163,233,128,184,1,-1,-1,-1
109,17,629,19,252,132,1,-1,-1,-1
109,18,1381,522,113,273,1,-1,-1,-1
109,19,23,768,84,270,1,-1,-1,-1
109,20,792,594,456,392,1,-1,-1,-1
109,21,1359,471,428,420,1,-1,-1,-1
109,22,2402,533,148,468,1,-1,-1,-1
109,23,1056,291,152,220,1,-1,-1,-1
110,0,1445,944,476,496,1,-1,-1,-1
110,1,779,603,524,384,1,-1,-1,-1
110,2,1348,449,444,448,1,-1,-1,-1
110,4,796,1081,600,364,1,-1,-1,-1
110,5,669,298,270,290,1,-1,-1,-1
110,6,1838,494,372,500,1,-1,-1,-1
110,7,1134,284,324,350,1,-1,-1,-1
110,10,687,298,218,307,1,-1,-1,-1
110,11,894,290,211,148,1,-1,-1,-1
110,12,515,174,141,156,1,-1,-1,-1
110,13,826,297,130,187,1,-1,-1,-1
110,15,312,207,188,248,1,-1,-1,-1
110,16,161,234,128,184,1,-1,-1,-1
110,17,628,20,252,132,1,-1,-1,-1
110,18,1380,521,113,273,1,-1,-1,-1
110,19,23,768,84,270,1,-1,-1,-1
110,20,786,593,456,392,1,-1,-1,-1
110,21,1358,473,428,420,1,-1,-1,-1
110,22,2399,537,148,468,1,-1,-1,-1
110,23,1052,292,152,220,1,-1,-1,-1
111,0,1441,944,476,496,1,-1,-1,-1
111,1,774,604,524,384,1,-1,-1,-1
111,2,1347,451,444,448,1,-1,-1,-1
111,4,795,1083,600,364,1,-1,-1,-1
111,5,673,298,270,290,1,-1,-1,-1
111,6,1835,493,372,500,1,-1,-1,-1
111,7,1134,281,324,350,1,-1,-1,-1
111,10,683,289,229,322,1,-1,-1,-1
111,11,894,292,211,148,1,-1,-1,-1
111,12,515,174,141,156,1,-1,-1,-1
111,13,823,297,130,187,1,-1,-1,-1
111,15,311,208,188,248,1,-1,-1,-1
111,16,164,239,122,175,1,-1,-1,-1
111,17,628,20,252,132,1,-1,-1,-1
111,18,1380,522,113,273,1,-1,-1,-1
111,19,23,769,84,270,1,-1,-1,-1
111,20,779,592,456,392,1,-1,-1,-1
111,21,1358,475,428,420,1,-1,-1,-1
111,22,2396,540,148,468,1,-1,-1,-1
111,23,1048,292,152,220,1,-1,-1,-1
112,0,1438,944,476,496,1,-1,-1,-1
112,1,769,603,524,384,1,-1,-1,-1
112,2,1347,454,444,448,1,-1,-1,-1
112,4,794,1084,600,364,1,-1,-1,-1
112,5,671,300,270,290,1,-1,-1,-1
112,6,1833,493,372,500,1,-1,-1,-1
112,7,1131,281,324,350,1,-1,-1,-1
112,10,680,293,229,322,1,-1,-1,-1
112,11,887,293,211,148,1,-1,-1,-1
112,12,512,175,141,156,1,-1,-1,-1
112,13,820,299,130,187,1,-1,-1,-1
112,15,309,209,188,248,1,-1,-1,-1
112,16,163,239,122,175,1,-1,-1,-1
112,17,626,22,252,132,1,-1,-1,-1
112,18,1379,523,113,273,1,-1,-1,-1
112,19,24,769,84,270,1,-1,-1,-1
112,20,771,588,456,392,1,-1,-1,-1
112,21,1356,477,428,420,1,-1,-1,-1
112,22,2392,543,148,468,1,-1,-1,-1
112,23,1046,293,152,220,1,-1,-1,-1
113,0,1412,932,484,504,1,-1,-1,-1
113,1,764,588,560,400,1,-1,-1,-1
113,2,1347,454,444,448,1,-1,-1,-1
113,4,792,1084,604,352,1,-1,-1,-1
113,5,671,300,270,290,1,-1,-1,-1
113,6,1848,496,300,456,1,-1,-1,-1
113,7,1131,281,324,350,1,-1,-1,-1
113,10,680,293,229,322,1,-1,-1,-1
113,11,887,293,211,148,1,-1,-1,-1
113,12,512,175,141,156,1,-1,-1,-1
113,13,820,299,130,187,1,-1,-1,-1
113,15,309,209,188,248,1,-1,-1,-1
113,16,163,239,122,175,1,-1,-1,-1
113,17,628,24,252,132,1,-1,-1,-1
113,18,1379,523,113,273,1,-1,-1,-1
113,19,24,769,84,270,1,-1,-1,-1
113,20,771,588,456,392,1,-1,-1,-1
113,21,1356,477,428,420,1,-1,-1,-1
113,22,2392,543,148,468,1,-1,-1,-1
113,23,1046,293,152,220,1,-1,-1,-1
114,0,1410,931,484,504,1,-1,-1,-1
114,1,762,588,560,400,1,-1,-1,-1
114,2,1347,454,444,448,1,-1,-1,-1
114,4,792,1084,604,352,1,-1,-1,-1
114,5,667,302,270,290,1,-1,-1,-1
114,6,1846,496,300,456,1,-1,-1,-1
114,7,1129,284,324,350,1,-1,-1,-1
114,10,685,304,218,307,1,-1,-1,-1
114,11,883,292,211,148,1,-1,-1,-1
114,12,510,177,141,156,1,-1,-1,-1
114,13,815,300,130,187,1,-1,-1,-1
114,15,305,209,188,248,1,-1,-1,-1
114,16,159,240,122,175,1,-1,-1,-1
114,17,628,24,252,132,1,-1,-1,-1
114,18,1376,517,119,287,1,-1,-1,-1
114,19,25,771,84,270,1,-1,-1,-1
114,20,751,589,456,392,1,-1,-1,-1
114,21,1354,479,428,420,1,-1,-1,-1
114,22,2389,543,148,468,1,-1,-1,-1
114,23,1037,295,152,220,1,-1,-1,-1
115,0,1407,932,484,504,1,-1,-1,-1
115,1,759,589,560,400,1,-1,-1,-1
115,2,1344,454,444,448,1,-1,-1,-1
115,4,791,1085,604,352,1,-1,-1,-1
115,5,676,310,258,276,1,-1,-1,-1
115,6,1845,497,300,456,1,-1,-1,-1
115,7,1131,286,324,350,1,-1,-1,-1
115,10,685,304,218,307,1,-1,-1,-1
115,11,883,293,211,148,1,-1,-1,-1
115,12,509,177,141,156,1,-1,-1,-1
115,13,813,298,136,196,1,-1,-1,-1
115,15,303,208,188,248,1,-1,-1,-1
115,16,157,240,122,175,1,-1,-1,-1
115,17,628,24,252,132,1,-1,-1,-1
115,18,1375,518,119,287,1,-1,-1,-1
115,19,24,764,88,284,1,-1,-1,-1
115,20,751,588,456,392,1,-1,-1,-1
115,21,1355,479,428,420,1,-1,-1,-1
115,22,2381,538,155,491,1,-1,-1,-1
115,23,1027,290,160,231,1,-1,-1,-1
116,0,1406,932,484,504,1,-1,-1,-1
116,1,754,589,560,400,1,-1,-1,-1
116,2,1343,455,444,448,1,-1,-1,-1
116,4,790,1086,604,352,1,-1,-1,-1
116,5,675,310,258,276,1,-1,-1,-1
116,6,1843,498,300,456,1,-1,-1,-1
116,7,1132,285,324,350,1,-1,-1,-1
116,10,685,306,218,307,1,-1,-1,-1
116,11,884,295,211,148,1,-1,-1,-1
116,12,508,177,141,156,1,-1,-1,-1
116,13,811,297,136,196,1,-1,-1,-1
116,15,300,208,188,248,1,-1,-1,-1
116,16,154,241,122,175,1,-1,-1,-1
116,17,629,25,252,132,1,-1,-1,-1
116,18,1375,519,119,287,1,-1,-1,-1
116,19,24,764,88,284,1,-1,-1,-1
116,20,746,588,456,392,1,-1,-1,-1
116,21,1353,481,428,420,1,-1,-1,-1
116,22,2383,552,148,468,1,-1,-1,-1
116,23,1023,290,160,231,1,-1,-1,-1
117,0,1402,933,484,504,1,-1,-1,-1
117,1,748,592,560,400,1,-1,-1,-1
117,2,1339,456,444,448,1,-1,-1,-1
117,4,790,1086,604,352,1,-1,-1,-1
117,5,676,311,258,276,1,-1,-1,-1
117,6,1842,498,300,456,1,-1,-1,-1
117,7,1124,288,324,350,1,-1,-1,-1
117,10,685,306,218,307,1,-1,-1,-1
117,11,881,296,211,148,1,-1,-1,-1
117,12,506,178,141,156,1,-1,-1,-1
117,13,806,298,136,196,1,-1,-1,-1
117,15,299,208,188,248,1,-1,-1,-1
117,16,153,241,122,175,1,-1,-1,-1
117,17,630,25,252,132,1,-1,-1,-1
117,18,1374,521,119,287,1,-1,-1,-1
117,19,24,764,88,284,1,-1,-1,-1
117,20,742,590,456,392,1,-1,-1,-1
117,21,1351,481,428,420,1,-1,-1,-1
117,22,2376,545,155,491,1,-1,-1,-1
117,23,1019,289,160,231,1,-1,-1,-1
118,0,1399,934,484,504,1,-1,-1,-1
118,1,746,590,560,400,1,-1,-1,-1
118,2,1339,455,444,448,1,-1,-1,-1
118,4,788,1088,604,352,1,-1,-1,-1
118,5,674,311,258,276,1,-1,-1,-1
118,6,1839,498,300,456,1,-1,-1,-1
118,7,1127,281,324,350,1,-1,-1,-1
118,10,683,305,218,307,1,-1,-1,-1
118,11,880,297,211,148,1,-1,-1,-1
118,12,503,179,141,156,1,-1,-1,-1
118,13,806,298,136,196,1,-1,-1,-1
118,15,298,209,188,248,1,-1,-1,-1
118,16,152,241,122,175,1,-1,-1,-1
118,17,629,26,252,132,1,-1,-1,-1
118,18,1372,523,119,287,1,-1,-1,-1
118,19,24,765,88,284,1,-1,-1,-1
118,20,734,587,456,392,1,-1,-1,-1
118,21,1349,481,428,420,1,-1,-1,-1
118,22,2374,547,155,491,1,-1,-1,-1
118,23,1012,289,160,231,1,-1,-1,-1
119,0,1397,934,484,504,1,-1,-1,-1
119,1,741,591,560,400,1,-1,-1,-1
119,2,1336,457,444,448,1,-1,-1,-1
119,4,786,1088,604,352,1,-1,-1,-1
119,5,672,312,258,276,1,-1,-1,-1
119,6,1838,497,300,456,1,-1,-1,-1
119,7,1136,295,308,334,1,-1,-1,-1
119,10,683,306,218,307,1,-1,-1,-1
119,11,879,298,211,148,1,-1,-1,-1
119,12,501,180,141,156,1,-1,-1,-1
119,13,803,298,136,196,1,-1,-1,-1
119,15,297,210,188,248,1,-1,-1,-1
119,16,150,242,122,175,1,-1,-1,-1
119,17,630,27,252,132,1,-1,-1,-1
119,18,1372,526,119,287,1,-1,-1,-1
119,19,24,765,88,284,1,-1,-1,-1
119,20,725,587,456,392,1,-1,-1,-1
119,21,1347,481,428,420,1,-1,-1,-1
119,22,2368,545,155,491,1,-1,-1,-1
119,23,1010,289,160,231,1,-1,-1,-1
120,0,1394,933,484,504,1,-1,-1,-1
120,1,737,591,560,400,1,-1,-1,-1
120,2,1336,459,444,448,1,-1,-1,-1
120,4,786,1088,604,352,1,-1,-1,-1
120,5,674,314,258,276,1,-1,-1,-1
120,6,1837,499,300,456,1,-1,-1,-1
120,7,1134,292,308,334,1,-1,-1,-1
120,10,683,306,218,307,1,-1,-1,-1
120,11,879,298,211,148,1,-1,-1,-1
120,12,498,181,141,156,1,-1,-1,-1
120,13,802,300,136,196,1,-1,-1,-1
120,15,296,210,188,248,1,-1,-1,-1
120,16,148,243,122,175,1,-1,-1,-1
120,17,630,28,252,132,1,-1,-1,-1
120,18,1371,527,119,287,1,-1,-1,-1
120,19,24,766,88,284,1,-1,-1,-1
120,20,722,587,456,392,1,-1,-1,-1
120,21,1345,483,428,420,1,-1,-1,-1
120,22,2360,536,163,516,1,-1,-1,-1
120,23,1008,290,160,231,1,-1,-1,-1
121,0,1368,928,488,508,1,-1,-1,-1
121,1,737,591,560,400,1,-1,-1,-1
121,2,1328,436,432,460,1,-1,-1,-1
121,4,784,1096,608,344,1,-1,-1,-1
121,5,674,314,258,276,1,-1,-1,-1
121,6,1837,499,300,456,1,-1,-1,-1
121,7,1134,292,308,334,1,-1,-1,-1
121,10,683,306,218,307,1,-1,-1,-1
121,11,879,298,211,148,1,-1,-1,-1
121,12,498,181,141,156,1,-1,-1,-1
121,13,802,300,136,196,1,-1,-1,-1
121,15,296,210,188,248,1,-1,-1,-1
121,16,148,243,122,175,1,-1,-1,-1
121,17,632,28,252,136,1,-1,-1,-1
121,18,1371,527,119,287,1,-1,-1,-1
121,19,24,766,88,284,1,-1,-1,-1
121,20,732,592,424,388,1,-1,-1,-1
121,21,1345,483,428,420,1,-1,-1,-1
121,22,2292,628,268,384,1,-1,-1,-1
121,23,1008,290,160,231,1,-1,-1,-1
121,24,1844,500,264,420,1,-1,-1,-1
121,25,1160,324,168,288,1,-1,-1,-1
122,0,1367,927,488,508,1,-1,-1,-1
122,1,730,592,560,400,1,-1,-1,-1
122,2,1328,436,432,460,1,-1,-1,-1
122,4,783,1096,608,344,1,-1,-1,-1
122,5,672,313,258,276,1,-1,-1,-1
122,6,1833,500,300,456,1,-1,-1,-1
122,7,1132,288,308,334,1,-1,-1,-1
122,10,682,306,218,307,1,-1,-1,-1
122,11,874,298,211,148,1,-1,-1,-1
122,12,495,181,141,156,1,-1,-1,-1
122,13,798,300,136,196,1,-1,-1,-1
122,15,292,211,188,248,1,-1,-1,-1
122,16,146,242,122,175,1,-1,-1,-1
122,17,632,28,252,136,1,-1,-1,-1
122,18,1370,531,119,287,1,-1,-1,-1
122,19,24,766,88,284,1,-1,-1,-1
122,20,730,593,424,388,1,-1,-1,-1
122,21,1341,484,428,420,1,-1,-1,-1
122,22,2288,627,268,384,1,-1,-1,-1
122,23,1005,290,160,231,1,-1,-1,-1
122,24,1843,501,264,420,1,-1,-1,-1
122,25,1158,323,168,288,1,-1,-1,-1
123,0,1364,926,488,508,1,-1,-1,-1
123,1,725,591,560,400,1,-1,-1,-1
123,2,1326,438,432,460,1,-1,-1,-1
123,4,782,1097,608,344,1,-1,-1,-1
123,5,673,314,258,276,1,-1,-1,-1
123,6,1839,511,286,434,1,-1,-1,-1
123,7,1134,292,308,334,1,-1,-1,-1
123,10,682,308,218,307,1,-1,-1,-1
123,11,873,297,211,148,1,-1,-1,-1
123,12,493,181,141,156,1,-1,-1,-1
123,13,797,300,136,196,1,-1,-1,-1
123,15,290,211,188,248,1,-1,-1,-1
123,16,145,241,122,175,1,-1,-1,-1
123,17,631,28,252,136,1,-1,-1,-1
123,18,1371,529,119,287,1,-1,-1,-1
123,19,25,766,88,284,1,-1,-1,-1
123,20,726,593,424,388,1,-1,-1,-1
123,21,1339,483,428,420,1,-1,-1,-1
123,22,2285,628,268,384,1,-1,-1,-1
123,23,999,292,160,231,1,-1,-1,-1
123,24,1842,502,264,420,1,-1,-1,-1
123,25,1157,325,168,288,1,-1,-1,-1
124,0,1359,925,488,508,1,-1,-1,-1
124,1,720,590,560,400,1,-1,-1,-1
124,2,1325,438,432,460,1,-1,-1,-1
124,4,782,1098,608,344,1,-1,-1,-1
124,5,672,314,258,276,1,-1,-1,-1
124,6,1837,512,286,434,1,-1,-1,-1
124,7,1133,293,308,334,1,-1,-1,-1
124,10,682,308,218,307,1,-1,-1,-1
124,11,871,297,211,148,1,-1,-1,-1
124,12,489,180,141,156,1,-1,-1,-1
124,13,796,300,136,196,1,-1,-1,-1
124,15,289,211,188,248,1,-1,-1,-1
124,16,145,243,122,175,1,-1,-1,-1
124,17,631,29,252,136,1,-1,-1,-1
124,18,1371,529,119,287,1,-1,-1,-1
124,19,25,767,88,284,1,-1,-1,-1
124,20,724,595,424,388,1,-1,-1,-1
124,21,1331,483,428,420,1,-1,-1,-1
124,22,2283,629,268,384,1,-1,-1,-1
124,23,1002,297,152,220,1,-1,-1,-1
124,24,1840,503,264,420,1,-1,-1,-1
124,25,1156,325,168,288,1,-1,-1,-1
125,0,1355,923,488,508,1,-1,-1,-1
125,1,715,589,560,400,1,-1,-1,-1
125,2,1321,437,432,460,1,-1,-1,-1
125,4,780,1099,608,344,1,-1,-1,-1
125,5,672,315,258,276,1,-1,-1,-1
125,6,1834,509,286,434,1,-1,-1,-1
125,7,1135,292,308,334,1,-1,-1,-1
125,10,683,308,218,307,1,-1,-1,-1
125,11,868,297,211,148,1,-1,-1,-1
125,12,488,179,141,156,1,-1,-1,-1
125,13,794,300,136,196,1,-1,-1,-1
125,15,288,209,188,248,1,-1,-1,-1
125,16,144,243,122,175,1,-1,-1,-1
125,17,632,29,252,136,1,-1,-1,-1
125,18,1371,529,119,287,1,-1,-1,-1
125,19,22,760,92,298,1,-1,-1,-1
125,20,718,596,424,388,1,-1,-1,-1
125,21,1328,482,428,420,1,-1,-1,-1
125,22,2281,630,268,384,1,-1,-1,-1
125,23,997,297,152,220,1,-1,-1,-1
125,24,1839,503,264,420,1,-1,-1,-1
125,25,1155,325,168,288,1,-1,-1,-1
126,0,1352,925,488,508,1,-1,-1,-1
126,1,710,592,560,400,1,-1,-1,-1
126,2,1320,437,432,460,1,-1,-1,-1
126,4,777,1099,608,344,1,-1,-1,-1
126,5,670,314,258,276,1,-1,-1,-1
126,6,1830,509,286,434,1,-1,-1,-1
126,7,1136,292,308,334,1,-1,-1,-1
126,10,682,308,218,307,1,-1,-1,-1
126,11,866,299,211,148,1,-1,-1,-1
126,12,485,179,141,156,1,-1,-1,-1
126,13,794,301,136,196,1,-1,-1,-1
126,15,285,210,188,248,1,-1,-1,-1
126,16,141,243,122,175,1,-1,-1,-1
126,17,634,30,252,136,1,-1,-1,-1
126,18,1371,531,119,287,1,-1,-1,-1
126,19,25,768,88,284,1,-1,-1,-1
126,20,712,597,424,388,1,-1,-1,-1
126,21,1324,482,428,420,1,-1,-1,-1
126,22,2276,632,268,384,1,-1,-1,-1
126,23,994,296,152,220,1,-1,-1,-1
126,24,1838,502,264,420,1,-1,-1,-1
126,25,1155,325,168,288,1,-1,-1,-1
127,0,1351,923,488,508,1,-1,-1,-1
127,1,709,595,560,400,1,-1,-1,-1
127,2,1317,436,432,460,1,-1,-1,-1
127,4,777,1100,608,344,1,-1,-1,-1
127,5,669,315,258,276,1,-1,-1,-1
127,6,1829,511,286,434,1,-1,-1,-1
127,7,1126,286,324,350,1,-1,-1,-1
127,10,682,309,218,307,1,-1,-1,-1
127,11,866,298,211,148,1,-1,-1,-1
127,12,484,179,141,156,1,-1,-1,-1
127,13,792,301,136,196,1,-1,-1,-1
127,15,283,209,188,248,1,-1,-1,-1
127,16,139,242,122,175,1,-1,-1,-1
127,17,633,30,252,136,1,-1,-1,-1
127,18,1370,529,119,287,1,-1,-1,-1
127,19,22,762,92,298,1,-1,-1,-1
127,20,710,597,424,388,1,-1,-1,-1
127,21,1331,489,408,400,1,-1,-1,-1
127,22,2271,632,268,384,1,-1,-1,-1
127,23,994,300,145,210,1,-1,-1,-1
127,24,1836,502,264,420,1,-1,-1,-1
127,25,1156,330,160,274,1,-1,-1,-1
128,0,1349,925,488,508,1,-1,-1,-1
128,1,701,595,560,400,1,-1,-1,-1
128,2,1314,436,432,460,1,-1,-1,-1
128,4,777,1100,608,344,1,-1,-1,-1
128,5,668,315,258,276,1,-1,-1,-1
128,6,1828,507,286,434,1,-1,-1,-1
128,7,1125,287,324,350,1,-1,-1,-1
128,10,684,307,218,307,1,-1,-1,-1
128,11,859,299,211,148,1,-1,-1,-1
128,12,482,180,141,156,1,-1,-1,-1
128,13,790,301,136,196,1,-1,-1,-1
128,15,282,209,188,248,1,-1,-1,-1
128,16,137,243,122,175,1,-1,-1,-1
128,17,633,31,252,136,1,-1,-1,-1
128,18,1369,529,119,287,1,-1,-1,-1
128,19,21,762,92,298,1,-1,-1,-1
128,20,703,597,424,388,1,-1,-1,-1
128,21,1330,492,408,400,1,-1,-1,-1
128,22,2267,632,268,384,1,-1,-1,-1
128,23,992,300,145,210,1,-1,-1,-1
128,24,1835,502,264,420,1,-1,-1,-1
128,25,1154,329,160,274,1,-1,-1,-1
129,0,1356,920,480,516,1,-1,-1,-1
129,1,701,595,560,400,1,-1,-1,-1
129,2,1314,436,432,460,1,-1,-1,-1
129,4,792,1096,596,340,1,-1,-1,-1
129,5,668,315,258,276,1,-1,-1,-1
129,6,1836,496,268,480,1,-1,-1,-1
129,7,1125,287,324,350,1,-1,-1,-1
129,10,684,307,218,307,1,-1,-1,-1
129,11,859,299,211,148,1,-1,-1,-1
129,12,482,180,141,156,1,-1,-1,-1
129,13,790,301,136,196,1,-1,-1,-1
129,15,282,209,188,248,1,-1,-1,-1
129,16,137,243,122,175,1,-1,-1,-1
129,17,632,32,244,132,1,-1,-1,-1
129,18,1369,529,119,287,1,-1,-1,-1
129,19,21,762,92,298,1,-1,-1,-1
129,20,684,580,460,404,1,-1,-1,-1
129,21,1292,480,436,408,1,-1,-1,-1
129,22,2244,632,312,384,1,-1,-1,-1
129,23,992,300,145,210,1,-1,-1,-1
129,24,1835,502,264,420,1,-1,-1,-1
129,25,1196,328,120,288,1,-1,-1,-1
129,26,0,776,212,292,1,-1,-1,-1
129,27,984,280,172,244,1,-1,-1,-1
130,0,1354,920,480,516,1,-1,-1,-1
130,1,703,606,533,381,1,-1,-1,-1
130,2,1311,437,432,460,1,-1,-1,-1
130,4,792,1096,596,340,1,-1,-1,-1
130,5,669,316,258,276,1,-1,-1,-1
130,6,1834,495,268,480,1,-1,-1,-1
130,7,1120,285,324,350,1,-1,-1,-1
130,10,681,309,218,307,1,-1,-1,-1
130,11,859,299,211,148,1,-1,-1,-1
130,12,478,181,141,156,1,-1,-1,-1
130,13,785,301,136,196,1,-1,-1,-1
130,15,283,210,188,248,1,-1,-1,-1
130,16,136,243,122,175,1,-1,-1,-1
130,17,633,32,244,132,1,-1,-1,-1
130,18,1365,517,125,301,1,-1,-1,-1
130,19,21,762,92,298,1,-1,-1,-1
130,20,681,580,460,404,1,-1,-1,-1
130,21,1290,479,436,408,1,-1,-1,-1
130,22,2241,633,312,384,1,-1,-1,-1
130,23,987,297,145,210,1,-1,-1,-1
130,24,1831,500,264,420,1,-1,-1,-1
130,25,1196,329,120,288,1,-1,-1,-1
130,26,0,776,212,292,1,-1,-1,-1
130,27,984,282,172,244,1,-1,-1,-1
131,0,1354,922,480,516,1,-1,-1,-1
131,1,697,602,533,381,1,-1,-1,-1
131,2,1307,437,432,460,1,-1,-1,-1
131,4,792,1097,596,340,1,-1,-1,-1
131,5,667,314,258,276,1,-1,-1,-1
131,6,1832,494,268,480,1,-1,-1,-1
131,7,1124,285,324,350,1,-1,-1,-1
131,10,679,308,218,307,1,-1,-1,-1
131,11,855,298,211,148,1,-1,-1,-1
131,12,477,181,141,156,1,-1,-1,-1
131,13,785,299,136,196,1,-1,-1,-1
131,15,281,211,188,248,1,-1,-1,-1
131,16,135,246,122,175,1,-1,-1,-1
131,17,633,32,244,132,1,-1,-1,-1
131,18,1365,519,125,301,1,-1,-1,-1
131,19,21,762,92,298,1,-1,-1,-1
131,20,676,579,460,404,1,-1,-1,-1
131,21,1287,481,436,408,1,-1,-1,-1
131,22,2237,635,312,384,1,-1,-1,-1
131,23,984,296,145,210,1,-1,-1,-1
131,24,1823,489,277,441,1,-1,-1,-1
131,25,1196,329,120,288,1,-1,-1,-1
131,26,0,777,212,292,1,-1,-1,-1
131,27,982,281,172,244,1,-1,-1,-1
132,0,1351,921,480,516,1,-1,-1,-1
132,1,685,604,533,381,1,-1,-1,-1
132,2,1306,439,432,460,1,-1,-1,-1
132,4,791,1097,596,340,1,-1,-1,-1
132,5,667,314,258,276,1,-1,-1,-1
132,6,1831,492,268,480,1,-1,-1,-1
132,7,1123,287,324,350,1,-1,-1,-1
132,10,677,308,218,307,1,-1,-1,-1
132,11,854,298,211,148,1,-1,-1,-1
132,12,476,180,141,156,1,-1,-1,-1
132,13,783,299,136,196,1,-1,-1,-1
132,15,280,211,188,248,1,-1,-1,-1
132,16,138,249,116,167,1,-1,-1,-1
132,17,633,32,244,132,1,-1,-1,-1
132,18,1368,525,119,287,1,-1,-1,-1
132,19,22,762,92,298,1,-1,-1,-1
132,20,674,581,460,404,1,-1,-1,-1
132,21,1286,480,436,408,1,-1,-1,-1
132,22,2233,635,312,384,1,-1,-1,-1
132,23,980,296,145,210,1,-1,-1,-1
132,24,1820,490,277,441,1,-1,-1,-1
132,25,1196,329,120,288,1,-1,-1,-1
132,26,-1,777,212,292,1,-1,-1,-1
132,27,978,281,172,244,1,-1,-1,-1
133,0,1348,921,480,516,1,-1,-1,-1
133,1,672,593,560,400,1,-1,-1,-1
133,2,1305,441,432,460,1,-1,-1,-1
133,4,791,1098,596,340,1,-1,-1,-1
133,5,667,314,258,276,1,-1,-1,-1
133,6,1829,492,268,480,1,-1,-1,-1
133,7,1121,289,324,350,1,-1,-1,-1
133,10,680,307,218,307,1,-1,-1,-1
133,11,854,298,211,148,1,-1,-1,-1
133,12,474,180,141,156,1,-1,-1,-1
133,13,784,298,136,196,1,-1,-1,-1
133,15,279,211,188,248,1,-1,-1,-1
133,16,138,250,116,167,1,-1,-1,-1
133,17,633,33,244,132,1,-1,-1,-1
133,18,1367,526,119,287,1,-1,-1,-1
133,19,22,762,92,298,1,-1,-1,-1
133,20,670,581,460,404,1,-1,-1,-1
133,21,1283,478,436,408,1,-1,-1,-1
133,22,2230,635,312,384,1,-1,-1,-1
133,23,978,296,145,210,1,-1,-1,-1
133,24,1816,486,277,441,1,-1,-1,-1
133,25,1195,330,120,288,1,-1,-1,-1
133,26,0,778,212,292,1,-1,-1,-1
133,27,977,280,172,244,1,-1,-1,-1
134,0,1346,919,480,516,1,-1,-1,-1
134,1,675,602,533,381,1,-1,-1,-1
134,2,1305,440,432,460,1,-1,-1,-1
134,4,789,1099,596,340,1,-1,-1,-1
134,5,667,315,258,276,1,-1,-1,-1
134,6,1828,490,268,480,1,-1,-1,-1
134,7,1117,287,324,350,1,-1,-1,-1
134,10,679,307,218,307,1,-1,-1,-1
134,11,855,300,211,148,1,-1,-1,-1
134,12,473,180,141,156,1,-1,-1,-1
134,13,781,298,136,196,1,-1,-1,-1
134,15,280,212,188,248,1,-1,-1,-1
134,16,136,249,116,167,1,-1,-1,-1
134,17,632,32,244,132,1,-1,-1,-1
134,19,22,762,92,298,1,-1,-1,-1
134,20,666,581,460,404,1,-1,-1,-1
134,21,1281,477,436,408,1,-1,-1,-1
134,22,2228,636,312,384,1,-1,-1,-1
134,23,976,296,145,210,1,-1,-1,-1
134,24,1814,486,277,441,1,-1,-1,-1
134,25,1194,330,120,288,1,-1,-1,-1
134,26,0,778,212,292,1,-1,-1,-1
134,27,977,280,172,244,1,-1,-1,-1
135,0,1343,919,480,516,1,-1,-1,-1
135,1,671,602,533,381,1,-1,-1,-1
135,2,1304,441,432,460,1,-1,-1,-1
135,4,788,1099,596,340,1,-1,-1,-1
135,5,666,315,258,276,1,-1,-1,-1
135,6,1825,488,268,480,1,-1,-1,-1
135,7,1117,285,324,350,1,-1,-1,-1
135,10,679,306,218,307,1,-1,-1,-1
135,11,856,302,201,141,1,-1,-1,-1
135,12,471,180,141,156,1,-1,-1,-1
135,13,777,296,136,196,1,-1,-1,-1
135,15,279,212,188,248,1,-1,-1,-1
135,16,134,248,116,167,1,-1,-1,-1
135,17,633,33,244,132,1,-1,-1,-1
135,19,23,762,92,298,1,-1,-1,-1
135,20,659,580,460,404,1,-1,-1,-1
135,21,1276,479,436,408,1,-1,-1,-1
135,22,2223,636,312,384,1,-1,-1,-1
135,23,972,295,145,210,1,-1,-1,-1
135,24,1812,486,277,441,1,-1,-1,-1
135,25,1194,329,120,288,1,-1,-1,-1
135,26,0,778,212,292,1,-1,-1,-1
135,27,975,281,172,244,1,-1,-1,-1
136,0,1340,916,480,516,1,-1,-1,-1
136,1,659,598,533,381,1,-1,-1,-1
136,2,1300,440,432,460,1,-1,-1,-1
136,4,786,1099,596,340,1,-1,-1,-1
136,5,668,314,258,276,1,-1,-1,-1
136,6,1821,488,268,480,1,-1,-1,-1
136,7,1113,285,324,350,1,-1,-1,-1
136,10,682,305,218,307,1,-1,-1,-1
136,11,852,300,201,141,1,-1,-1,-1
136,12,471,180,141,156,1,-1,-1,-1
136,13,777,297,136,196,1,-1,-1,-1
136,15,275,211,188,248,1,-1,-1,-1
136,16,134,248,116,167,1,-1,-1,-1
136,17,633,34,244,132,1,-1,-1,-1
136,19,23,763,92,298,1,-1,-1,-1
136,20,655,580,460,404,1,-1,-1,-1
136,21,1276,480,436,408,1,-1,-1,-1
136,22,2219,637,312,384,1,-1,-1,-1
136,23,969,296,145,210,1,-1,-1,-1
136,24,1812,486,277,441,1,-1,-1,-1
136,25,1193,330,120,288,1,-1,-1,-1
136,26,0,778,212,292,1,-1,-1,-1
136,27,970,282,172,244,1,-1,-1,-1
137,0,1348,928,448,512,1,-1,-1,-1
137,1,659,598,533,381,1,-1,-1,-1
137,2,1300,440,432,460,1,-1,-1,-1
137,4,788,1100,560,340,1,-1,-1,-1
137,5,668,314,258,276,1,-1,-1,-1
137,6,1821,488,268,480,1,-1,-1,-1
137,7,1113,285,324,350,1,-1,-1,-1
137,10,682,305,218,307,1,-1,-1,-1
137,11,852,300,201,141,1,-1,-1,-1
137,12,471,180,141,156,1,-1,-1,-1
137,13,777,297,136,196,1,-1,-1,-1
137,15,280,208,120,228,1,-1,-1,-1
137,16,134,248,116,167,1,-1,-1,-1
137,17,632,32,244,136,1,-1,-1,-1
137,19,23,763,92,298,1,-1,-1,-1
137,20,648,572,432,400,1,-1,-1,-1
137,21,1292,488,420,396,1,-1,-1,-1
137,22,2188,628,372,404,1,-1,-1,-1
137,23,969,296,145,210,1,-1,-1,-1
137,24,1828,500,252,440,1,-1,-1,-1
137,25,1192,332,112,284,1,-1,-1,-1
137,26,0,778,212,292,1,-1,-1,-1
137,27,970,282,172,244,1,-1,-1,-1
138,0,1347,929,448,512,1,-1,-1,-1
138,1,657,599,533,381,1,-1,-1,-1
138,2,1294,439,432,460,1,-1,-1,-1
138,4,787,1100,560,340,1,-1,-1,-1
138,5,667,314,258,276,1,-1,-1,-1
138,6,1818,489,268,480,1,-1,-1,-1
138,7,1116,286,324,350,1,-1,-1,-1
138,10,683,306,218,307,1,-1,-1,-1
138,11,846,299,201,141,1,-1,-1,-1
138,12,473,184,135,149,1,-1,-1,-1
138,13,774,297,136,196,1,-1,-1,-1
138,15,280,208,120,228,1,-1,-1,-1
138,16,132,247,116,167,1,-1,-1,-1
138,17,632,32,244,136,1,-1,-1,-1
138,19,23,763,92,298,1,-1,-1,-1
138,20,645,572,432,400,1,-1,-1,-1
138,21,1289,488,420,396,1,-1,-1,-1
138,22,2185,628,372,404,1,-1,-1,-1
138,23,964,295,145,210,1,-1,-1,-1
138,24,1828,500,252,440,1,-1,-1,-1
138,25,1191,332,112,284,1,-1,-1,-1
138,26,0,779,212,292,1,-1,-1,-1
138,27,966,281,172,244,1,-1,-1,-1
139,0,1347,926,448,512,1,-1,-1,-1
139,1,636,587,560,400,1,-1,-1,-1
139,2,1291,441,432,460,1,-1,-1,-1
139,4,786,1101,560,340,1,-1,-1,-1
139,5,668,315,258,276,1,-1,-1,-1
139,6,1815,486,268,480,1,-1,-1,-1
139,7,1113,287,324,350,1,-1,-1,-1
139,10,683,303,218,307,1,-1,-1,-1
139,11,845,298,201,141,1,-1,-1,-1
139,12,472,183,135,149,1,-1,-1,-1
139,13,770,297,136,196,1,-1,-1,-1
139,15,279,208,120,228,1,-1,-1,-1
139,16,130,248,116,167,1,-1,-1,-1
139,17,633,31,244,136,1,-1,-1,-1
139,19,23,763,92,298,1,-1,-1,-1
139,20,640,572,432,400,1,-1,-1,-1
139,21,1287,488,420,396,1,-1,-1,-1
139,22,2178,629,372,404,1,-1,-1,-1
139,23,960,295,145,210,1,-1,-1,-1
139,24,1826,499,252,440,1,-1,-1,-1
139,25,1191,331,112,284,1,-1,-1,-1
139,26,0,779,212,292,1,-1,-1,-1
139,27,960,281,172,244,1,-1,-1,-1
140,0,1345,925,448,512,1,-1,-1,-1
140,1,631,588,560,400,1,-1,-1,-1
140,2,1291,441,432,460,1,-1,-1,-1
140,4,785,1101,560,340,1,-1,-1,-1
140,5,666,313,258,276,1,-1,-1,-1
140,6,1813,483,268,480,1,-1,-1,-1
140,7,1123,293,308,334,1,-1,-1,-1
140,10,680,306,218,307,1,-1,-1,-1
140,11,843,297,201,141,1,-1,-1,-1
140,12,471,184,135,149,1,-1,-1,-1
140,13,769,296,136,196,1,-1,-1,-1
140,15,278,208,120,228,1,-1,-1,-1
140,16,128,246,116,167,1,-1,-1,-1
140,17,633,31,244,136,1,-1,-1,-1
140,19,24,764,92,298,1,-1,-1,-1
140,20,636,573,432,400,1,-1,-1,-1
140,21,1283,486,420,396,1,-1,-1,-1
140,22,2176,629,372,404,1,-1,-1,-1
140,23,957,294,145,210,1,-1,-1,-1
140,24,1825,499,252,440,1,-1,-1,-1
140,25,1190,331,112,284,1,-1,-1,-1
140,26,1,778,212,292,1,-1,-1,-1
140,27,955,279,172,244,1,-1,-1,-1
141,0,1343,924,448,512,1,-1,-1,-1
141,1,625,585,560,400,1,-1,-1,-1
141,2,1285,440,432,460,1,-1,-1,-1
141,4,784,1102,560,340,1,-1,-1,-1
141,5,666,315,258,276,1,-1,-1,-1
141,6,1811,483,268,480,1,-1,-1,-1
141,7,1125,300,308,334,1,-1,-1,-1
141,10,683,307,218,307,1,-1,-1,-1
141,11,839,298,201,141,1,-1,-1,-1
141,12,471,183,135,149,1,-1,-1,-1
141,13,767,294,136,196,1,-1,-1,-1
141,15,277,208,120,228,1,-1,-1,-1
141,16,126,245,116,167,1,-1,-1,-1
141,17,633,31,244,136,1,-1,-1,-1
141,19,24,764,92,298,1,-1,-1,-1
141,20,631,574,432,400,1,-1,-1,-1
141,21,1282,487,420,396,1,-1,-1,-1
141,22,2174,629,372,404,1,-1,-1,-1
141,23,952,293,145,210,1,-1,-1,-1
141,24,1824,499,252,440,1,-1,-1,-1
141,25,1188,331,112,284,1,-1,-1,-1
141,26,1,778,212,292,1,-1,-1,-1
141,27,956,279,172,244,1,-1,-1,-1
142,0,1340,923,448,512,1,-1,-1,-1
142,1,629,588,560,400,1,-1,-1,-1
142,2,1279,440,432,460,1,-1,-1,-1
142,4,783,1102,560,340,1,-1,-1,-1
142,5,665,315,258,276,1,-1,-1,-1
142,6,1808,480,268,480,1,-1,-1,-1
142,7,1125,299,308,334,1,-1,-1,-1
142,10,682,305,218,307,1,-1,-1,-1
142,11,838,297,201,141,1,-1,-1,-1
142,12,471,184,135,149,1,-1,-1,-1
142,13,764,295,136,196,1,-1,-1,-1
142,15,276,207,120,228,1,-1,-1,-1
142,16,125,245,116,167,1,-1,-1,-1
142,17,633,32,244,136,1,-1,-1,-1
142,19,24,764,92,298,1,-1,-1,-1
142,20,639,584,411,381,1,-1,-1,-1
142,21,1279,488,420,396,1,-1,-1,-1
142,22,2171,627,372,404,1,-1,-1,-1
142,23,951,292,145,210,1,-1,-1,-1
142,24,1823,498,252,440,1,-1,-1,-1
142,25,1187,332,112,284,1,-1,-1,-1
142,26,1,778,212,292,1,-1,-1,-1
142,27,956,279,172,244,1,-1,-1,-1
143,0,1340,922,448,512,1,-1,-1,-1
143,1,617,590,560,400,1,-1,-1,-1
143,2,1277,438,432,460,1,-1,-1,-1
143,4,781,1102,560,340,1,-1,-1,-1
143,5,665,314,258,276,1,-1,-1,-1
143,6,1807,481,268,480,1,-1,-1,-1
143,7,1123,296,308,334,1,-1,-1,-1
143,10,688,313,208,292,1,-1,-1,-1
143,11,836,296,201,141,1,-1,-1,-1
143,12,470,183,135,149,1,-1,-1,-1
143,13,762,294,136,196,1,-1,-1,-1
143,15,275,207,120,228,1,-1,-1,-1
143,16,123,246,116,167,1,-1,-1,-1
143,17,633,32,244,136,1,-1,-1,-1
143,19,25,764,92,298,1,-1,-1,-1
143,20,632,585,411,381,1,-1,-1,-1
143,21,1276,487,420,396,1,-1,-1,-1
143,22,2165,625,372,404,1,-1,-1,-1
143,23,949,290,145,210,1,-1,-1,-1
143,24,1821,497,252,440,1,-1,-1,-1
143,25,1186,331,112,284,1,-1,-1,-1
143,26,2,779,212,292,1,-1,-1,-1
143,27,952,278,172,244,1,-1,-1,-1
144,0,1340,923,448,512,1,-1,-1,-1
144,1,618,586,560,400,1,-1,-1,-1
144,2,1275,436,432,460,1,-1,-1,-1
144,4,781,1102,560,340,1,-1,-1,-1
144,5,666,314,258,276,1,-1,-1,-1
144,6,1805,481,268,480,1,-1,-1,-1
144,7,1119,297,308,334,1,-1,-1,-1
144,10,691,321,198,278,1,-1,-1,-1
144,11,833,295,201,141,1,-1,-1,-1
144,12,469,184,135,149,1,-1,-1,-1
144,13,761,294,136,196,1,-1,-1,-1
144,15,273,207,120,228,1,-1,-1,-1
144,16,116,239,122,175,1,-1,-1,-1
144,17,634,33,244,136,1,-1,-1,-1
144,19,25,763,92,298,1,-1,-1,-1
144,20,630,583,411,381,1,-1,-1,-1
144,21,1272,486,420,396,1,-1,-1,-1
144,22,2162,626,372,404,1,-1,-1,-1
144,23,946,290,145,210,1,-1,-1,-1
144,24,1818,498,252,440,1,-1,-1,-1
144,25,1185,330,112,284,1,-1,-1,-1
144,26,2,779,212,292,1,-1,-1,-1
144,27,948,271,181,256,1,-1,-1,-1
145,0,1356,916,408,516,1,-1,-1,-1
145,1,618,586,560,400,1,-1,-1,-1
145,2,1276,484,432,400,1,-1,-1,-1
145,4,792,1104,528,336,1,-1,-1,-1
145,5,666,314,258,276,1,-1,-1,-1
145,6,1805,481,268,480,1,-1,-1,-1
145,7,1119,297,308,334,1,-1,-1,-1
145,10,691,321,198,278,1,-1,-1,-1
145,11,833,295,201,141,1,-1,-1,-1
145,12,469,184,135,149,1,-1,-1,-1
145,13,761,294,136,196,1,-1,-1,-1
145,15,273,207,120,228,1,-1,-1,-1
145,16,116,239,122,175,1,-1,-1,-1
145,17,632,36,248,132,1,-1,-1,-1
145,19,0,776,104,292,1,-1,-1,-1
145,20,608,580,396,380,1,-1,-1,-1
145,21,1272,486,420,396,1,-1,-1,-1
145,22,2140,624,416,396,1,-1,-1,-1
145,23,946,290,145,210,1,-1,-1,-1
145,24,1812,492,244,424,1,-1,-1,-1
145,25,1188,328,112,276,1,-1,-1,-1
145,26,2,779,212,292,1,-1,-1,-1
145,27,948,271,181,256,1,-1,-1,-1
146,0,1354,915,408,516,1,-1,-1,-1
146,1,612,589,560,400,1,-1,-1,-1
146,2,1275,485,432,400,1,-1,-1,-1
146,4,792,1105,528,336,1,-1,-1,-1
146,5,666,315,258,276,1,-1,-1,-1
146,6,1799,480,268,480,1,-1,-1,-1
146,7,1118,294,308,334,1,-1,-1,-1
146,10,693,320,198,278,1,-1,-1,-1
146,12,466,184,135,149,1,-1,-1,-1
146,13,758,294,136,196,1,-1,-1,-1
146,15,270,206,120,228,1,-1,-1,-1
146,16,112,238,122,175,1,-1,-1,-1
146,17,632,36,248,132,1,-1,-1,-1
146,19,0,776,104,292,1,-1,-1,-1
146,20,607,579,396,380,1,-1,-1,-1
146,21,1269,484,420,396,1,-1,-1,-1
146,22,2137,626,416,396,1,-1,-1,-1
146,23,940,289,145,210,1,-1,-1,-1
146,24,1810,491,244,424,1,-1,-1,-1
146,25,1187,328,112,276,1,-1,-1,-1
146,26,0,777,212,292,1,-1,-1,-1
146,27,941,271,181,256,1,-1,-1,-1
147,0,1347,914,408,516,1,-1,-1,-1
147,1,607,588,560,400,1,-1,-1,-1
147,2,1271,484,432,400,1,-1,-1,-1
147,4,792,1105,528,336,1,-1,-1,-1
147,5,662,315,258,276,1,-1,-1,-1
147,6,1795,479,268,480,1,-1,-1,-1
147,7,1117,292,308,334,1,-1,-1,-1
147,10,691,321,198,278,1,-1,-1,-1
147,12,465,183,135,149,1,-1,-1,-1
147,13,762,297,130,187,1,-1,-1,-1
147,15,270,205,120,228,1,-1,-1,-1
147,16,112,237,122,175,1,-1,-1,-1
147,17,632,36,248,132,1,-1,-1,-1
147,19,0,776,104,292,1,-1,-1,-1
147,20,604,580,396,380,1,-1,-1,-1
147,21,1262,482,420,396,1,-1,-1,-1
147,22,2133,625,416,396,1,-1,-1,-1
147,23,933,282,152,220,1,-1,-1,-1
147,24,1808,491,244,424,1,-1,-1,-1
147,25,1187,328,112,276,1,-1,-1,-1
147,26,0,776,212,292,1,-1,-1,-1
147,27,935,270,181,256,1,-1,-1,-1
148,0,1347,912,408,516,1,-1,-1,-1
148,1,615,596,533,381,1,-1,-1,-1
148,2,1270,486,432,400,1,-1,-1,-1
148,4,791,1105,528,336,1,-1,-1,-1
148,5,663,315,258,276,1,-1,-1,-1
148,6,1790,479,268,480,1,-1,-1,-1
148,7,1114,295,308,334,1,-1,-1,-1
148,10,691,322,198,278,1,-1,-1,-1
148,12,463,184,135,149,1,-1,-1,-1
148,13,761,297,130,187,1,-1,-1,-1
148,15,269,206,120,228,1,-1,-1,-1
148,16,106,236,122,175,1,-1,-1,-1
148,17,632,37,248,132,1,-1,-1,-1
148,19,-1,776,104,292,1,-1,-1,-1
148,20,601,581,396,380,1,-1,-1,-1
148,21,1258,484,420,396,1,-1,-1,-1
148,22,2130,626,416,396,1,-1,-1,-1
148,23,929,282,152,220,1,-1,-1,-1
148,24,1807,491,244,424,1,-1,-1,-1
148,25,1187,327,112,276,1,-1,-1,-1
148,26,-1,775,212,292,1,-1,-1,-1
148,27,929,268,181,256,1,-1,-1,-1
149,0,1343,912,408,516,1,-1,-1,-1
149,1,612,596,533,381,1,-1,-1,-1
149,2,1266,485,432,400,1,-1,-1,-1
149,4,792,1106,528,336,1,-1,-1,-1
149,5,661,315,258,276,1,-1,-1,-1
149,6,1794,488,255,457,1,-1,-1,-1
149,7,1117,297,308,334,1,-1,-1,-1
149,10,692,322,198,278,1,-1,-1,-1
149,12,462,183,135,149,1,-1,-1,-1
149,13,761,297,130,187,1,-1,-1,-1
149,15,268,207,120,228,1,-1,-1,-1
149,16,101,235,122,175,1,-1,-1,-1
149,17,632,37,248,132,1,-1,-1,-1
149,19,-2,776,104,292,1,-1,-1,-1
149,20,598,581,396,380,1,-1,-1,-1
149,21,1256,485,420,396,1,-1,-1,-1
149,22,2128,627,416,396,1,-1,-1,-1
149,23,925,282,152,220,1,-1,-1,-1
149,24,1802,491,244,424,1,-1,-1,-1
149,25,1186,328,112,276,1,-1,-1,-1
149,26,-1,775,212,292,1,-1,-1,-1
149,27,923,268,181,256,1,-1,-1,-1
150,0,1341,914,408,516,1,-1,-1,-1
150,1,609,597,533,381,1,-1,-1,-1
150,2,1260,484,432,400,1,-1,-1,-1
150,4,791,1106,528,336,1,-1,-1,-1
150,5,662,315,258,276,1,-1,-1,-1
150,6,1786,476,268,480,1,-1,-1,-1
150,7,1116,297,308,334,1,-1,-1,-1
150,10,691,322,198,278,1,-1,-1,-1
150,12,461,183,135,149,1,-1,-1,-1
150,13,761,297,130,187,1,-1,-1,-1
150,15,268,206,120,228,1,-1,-1,-1
150,16,92,231,128,184,1,-1,-1,-1
150,17,633,36,248,132,1,-1,-1,-1
150,19,-2,776,104,292,1,-1,-1,-1
150,20,594,581,396,380,1,-1,-1,-1
150,21,1252,486,420,396,1,-1,-1,-1
150,22,2126,628,416,396,1,-1,-1,-1
150,23,921,279,152,220,1,-1,-1,-1
150,24,1799,491,244,424,1,-1,-1,-1
150,25,1183,328,112,276,1,-1,-1,-1
150,26,-2,775,212,292,1,-1,-1,-1
150,27,921,265,181,256,1,-1,-1,-1
151,0,1338,914,408,516,1,-1,-1,-1
151,1,605,596,533,381,1,-1,-1,-1
151,2,1258,485,432,400,1,-1,-1,-1
151,4,790,1106,528,336,1,-1,-1,-1
151,5,659,314,258,276,1,-1,-1,-1
151,6,1784,474,268,480,1,-1,-1,-1
151,7,1117,297,308,334,1,-1,-1,-1
151,10,690,322,198,278,1,-1,-1,-1
151,12,459,182,135,149,1,-1,-1,-1
151,13,760,297,130,187,1,-1,-1,-1
151,15,266,205,120,228,1,-1,-1,-1
151,16,91,230,128,184,1,-1,-1,-1
151,17,633,37,248,132,1,-1,-1,-1
151,19,-3,776,104,292,1,-1,-1,-1
151,20,590,582,396,380,1,-1,-1,-1
151,21,1250,485,420,396,1,-1,-1,-1
151,22,2122,628,416,396,1,-1,-1,-1
151,23,920,279,152,220,1,-1,-1,-1
151,24,1797,489,244,424,1,-1,-1,-1
151,25,1182,326,112,276,1,-1,-1,-1
151,26,-1,777,212,292,1,-1,-1,-1
151,27,925,271,172,244,1,-1,-1,-1
152,0,1335,912,408,516,1,-1,-1,-1
152,1,602,597,533,381,1,-1,-1,-1
152,2,1256,484,432,400,1,-1,-1,-1
152,4,790,1105,528,336,1,-1,-1,-1
152,5,663,314,258,276,1,-1,-1,-1
152,6,1778,473,268,480,1,-1,-1,-1
152,7,1117,299,308,334,1,-1,-1,-1
152,10,692,322,198,278,1,-1,-1,-1
152,12,458,182,135,149,1,-1,-1,-1
152,13,760,297,130,187,1,-1,-1,-1
152,15,265,205,120,228,1,-1,-1,-1
152,16,89,230,128,184,1,-1,-1,-1
152,17,633,38,248,132,1,-1,-1,-1
152,19,-4,776,104,292,1,-1,-1,-1
152,20,587,581,396,380,1,-1,-1,-1
152,21,1243,485,420,396,1,-1,-1,-1
152,22,2107,619,437,416,1,-1,-1,-1
152,23,917,279,152,220,1,-1,-1,-1
152,24,1794,489,244,424,1,-1,-1,-1
152,25,1182,326,112,276,1,-1,-1,-1
152,26,-1,776,212,292,1,-1,-1,-1
152,27,925,277,164,232,1,-1,-1,-1
153,0,1336,892,412,536,1,-1,-1,-1
153,1,602,597,533,381,1,-1,-1,-1
153,2,1256,484,432,400,1,-1,-1,-1
153,4,784,1100,532,336,1,-1,-1,-1
153,5,663,314,258,276,1,-1,-1,-1
153,6,1778,473,268,480,1,-1,-1,-1
153,7,1117,299,308,334,1,-1,-1,-1
153,10,692,322,198,278,1,-1,-1,-1
153,12,458,182,135,149,1,-1,-1,-1
153,13,760,297,130,187,1,-1,-1,-1
153,15,252,212,144,212,1,-1,-1,-1
153,16,89,230,128,184,1,-1,-1,-1
153,17,636,36,248,132,1,-1,-1,-1
153,19,-4,776,104,292,1,-1,-1,-1
153,20,564,580,432,384,1,-1,-1,-1
153,21,1248,496,380,380,1,-1,-1,-1
153,22,2076,644,460,376,1,-1,-1,-1
153,23,917,279,152,220,1,-1,-1,-1
153,24,1780,476,260,432,1,-1,-1,-1
153,25,1176,320,116,228,1,-1,-1,-1
153,26,-1,776,212,292,1,-1,-1,-1
153,27,925,277,164,232,1,-1,-1,-1
154,0,1335,892,412,536,1,-1,-1,-1
154,1,576,578,560,400,1,-1,-1,-1
154,2,1250,485,432,400,1,-1,-1,-1
154,4,784,1100,532,336,1,-1,-1,-1
154,5,663,312,258,276,1,-1,-1,-1
154,6,1772,471,268,480,1,-1,-1,-1
154,7,1116,296,308,334,1,-1,-1,-1
154,10,691,322,198,278,1,-1,-1,-1
154,12,457,181,135,149,1,-1,-1,-1
154,13,759,297,130,187,1,-1,-1,-1
154,15,251,211,144,212,1,-1,-1,-1
154,16,87,232,128,184,1,-1,-1,-1
154,17,636,36,248,132,1,-1,-1,-1
154,19,-4,776,104,292,1,-1,-1,-1
154,20,562,579,432,384,1,-1,-1,-1
154,21,1246,496,380,380,1,-1,-1,-1
154,22,2073,643,460,376,1,-1,-1,-1
154,23,917,284,145,210,1,-1,-1,-1
154,24,1779,476,260,432,1,-1,-1,-1
154,25,1176,319,116,228,1,-1,-1,-1
154,26,-2,775,212,292,1,-1,-1,-1
154,27,922,276,164,232,1,-1,-1,-1
155,0,1332,891,412,536,1,-1,-1,-1
155,1,566,577,560,400,1,-1,-1,-1
155,2,1245,483,432,400,1,-1,-1,-1
155,4,785,1100,532,336,1,-1,-1,-1
155,5,662,312,258,276,1,-1,-1,-1
155,6,1771,470,268,480,1,-1,-1,-1
155,7,1114,297,308,334,1,-1,-1,-1
155,10,690,322,198,278,1,-1,-1,-1
155,12,455,181,135,149,1,-1,-1,-1
155,13,758,296,130,187,1,-1,-1,-1
155,15,251,212,144,212,1,-1,-1,-1
155,16,86,233,128,184,1,-1,-1,-1
155,17,636,36,248,132,1,-1,-1,-1
155,19,-4,776,104,292,1,-1,-1,-1
155,20,557,577,432,384,1,-1,-1,-1
155,21,1245,495,380,380,1,-1,-1,-1
155,22,2069,644,460,376,1,-1,-1,-1
155,23,914,284,145,210,1,-1,-1,-1
155,24,1777,476,260,432,1,-1,-1,-1
155,25,1175,320,116,228,1,-1,-1,-1
155,26,-2,775,212,292,1,-1,-1,-1
155,27,919,276,164,232,1,-1,-1,-1
156,0,1329,889,412,536,1,-1,-1,-1
156,1,569,584,533,381,1,-1,-1,-1
156,2,1254,491,411,381,1,-1,-1,-1
156,4,785,1099,532,336,1,-1,-1,-1
156,5,662,312,258,276,1,-1,-1,-1
156,6,1770,470,268,480,1,-1,-1,-1
156,7,1113,297,308,334,1,-1,-1,-1
156,10,692,321,198,278,1,-1,-1,-1
156,12,453,182,135,149,1,-1,-1,-1
156,13,759,295,130,187,1,-1,-1,-1
156,15,249,213,144,212,1,-1,-1,-1
156,16,84,232,128,184,1,-1,-1,-1
156,17,636,37,248,132,1,-1,-1,-1
156,19,-5,777,104,292,1,-1,-1,-1
156,20,552,576,432,384,1,-1,-1,-1
156,21,1241,494,380,380,1,-1,-1,-1
156,22,2063,645,460,376,1,-1,-1,-1
156,23,913,285,145,210,1,-1,-1,-1
156,24,1775,476,260,432,1,-1,-1,-1
156,25,1174,320,116,228,1,-1,-1,-1
156,26,-2,774,212,292,1,-1,-1,-1
156,27,917,278,164,232,1,-1,-1,-1
157,0,1326,889,412,536,1,-1,-1,-1
157,1,550,571,560,400,1,-1,-1,-1
157,2,1249,491,411,381,1,-1,-1,-1
157,4,784,1099,532,336,1,-1,-1,-1
157,5,660,311,258,276,1,-1,-1,-1
157,6,1769,470,268,480,1,-1,-1,-1
157,7,1113,297,308,334,1,-1,-1,-1
157,10,692,321,198,278,1,-1,-1,-1
157,12,453,181,135,149,1,-1,-1,-1
157,13,759,296,130,187,1,-1,-1,-1
157,15,250,214,144,212,1,-1,-1,-1
157,16,83,231,128,184,1,-1,-1,-1
157,17,636,37,248,132,1,-1,-1,-1
157,19,-6,776,104,292,1,-1,-1,-1
157,20,546,575,432,384,1,-1,-1,-1
157,21,1237,494,380,380,1,-1,-1,-1
157,22,2060,646,460,376,1,-1,-1,-1
157,23,911,284,145,210,1,-1,-1,-1
157,24,1771,475,260,432,1,-1,-1,-1
157,25,1173,320,116,228,1,-1,-1,-1
157,26,-3,774,212,292,1,-1,-1,-1
157,27,915,276,164,232,1,-1,-1,-1
158,0,1324,889,412,536,1,-1,-1,-1
158,1,544,570,560,400,1,-1,-1,-1
158,2,1242,490,411,381,1,-1,-1,-1
158,4,784,1100,532,336,1,-1,-1,-1
158,5,662,312,258,276,1,-1,-1,-1
158,6,1766,471,268,480,1,-1,-1,-1
158,7,1114,295,308,334,1,-1,-1,-1
158,10,692,320,198,278,1,-1,-1,-1
158,12,450,181,135,149,1,-1,-1,-1
158,13,758,296,130,187,1,-1,-1,-1
158,15,248,213,144,212,1,-1,-1,-1
158,16,82,232,128,184,1,-1,-1,-1
158,17,637,36,248,132,1,-1,-1,-1
158,19,-7,776,104,292,1,-1,-1,-1
158,20,541,573,432,384,1,-1,-1,-1
158,21,1236,495,380,380,1,-1,-1,-1
158,22,2057,646,460,376,1,-1,-1,-1
158,23,908,283,145,210,1,-1,-1,-1
158,24,1769,473,260,432,1,-1,-1,-1
158,25,1171,319,116,228,1,-1,-1,-1
158,26,-3,776,212,292,1,-1,-1,-1
158,27,912,275,164,232,1,-1,-1,-1
159,0,1322,887,412,536,1,-1,-1,-1
159,1,540,569,560,400,1,-1,-1,-1
159,2,1241,491,411,381,1,-1,-1,-1
159,4,783,1100,532,336,1,-1,-1,-1
159,5,661,311,258,276,1,-1,-1,-1
159,6,1761,470,268,480,1,-1,-1,-1
159,7,1111,297,308,334,1,-1,-1,-1
159,10,692,320,198,278,1,-1,-1,-1
159,12,450,180,135,149,1,-1,-1,-1
159,13,758,296,130,187,1,-1,-1,-1
159,15,247,214,144,212,1,-1,-1,-1
159,16,81,232,128,184,1,-1,-1,-1
159,17,638,37,248,132,1,-1,-1,-1
159,19,-7,776,104,292,1,-1,-1,-1
159,20,536,571,432,384,1,-1,-1,-1
159,21,1231,494,380,380,1,-1,-1,-1
159,22,2052,648,460,376,1,-1,-1,-1
159,23,904,282,145,210,1,-1,-1,-1
159,24,1765,472,260,432,1,-1,-1,-1
159,25,1169,318,116,228,1,-1,-1,-1
159,26,-3,776,212,292,1,-1,-1,-1
159,27,908,275,164,232,1,-1,-1,-1
160,0,1319,887,412,536,1,-1,-1,-1
160,1,531,563,560,400,1,-1,-1,-1
160,2,1238,489,411,381,1,-1,-1,-1
160,4,782,1100,532,336,1,-1,-1,-1
160,5,661,310,258,276,1,-1,-1,-1
160,6,1756,469,268,480,1,-1,-1,-1
160,7,1111,296,308,334,1,-1,-1,-1
160,10,692,321,198,278,1,-1,-1,-1
160,12,448,180,135,149,1,-1,-1,-1
160,13,757,297,130,187,1,-1,-1,-1
160,15,245,213,144,212,1,-1,-1,-1
160,16,81,232,128,184,1,-1,-1,-1
160,17,638,37,248,132,1,-1,-1,-1
160,19,-7,775,104,292,1,-1,-1,-1
160,20,531,569,432,384,1,-1,-1,-1
160,21,1230,495,380,380,1,-1,-1,-1
160,22,2046,648,460,376,1,-1,-1,-1
160,23,902,281,145,210,1,-1,-1,-1
160,24,1759,471,260,432,1,-1,-1,-1
160,25,1168,319,116,228,1,-1,-1,-1
160,26,-4,776,212,292,1,-1,-1,-1
160,27,904,273,164,232,1,-1,-1,-1
161,0,1316,896,408,524,1,-1,-1,-1
161,1,531,563,560,400,1,-1,-1,-1
161,2,1238,489,411,381,1,-1,-1,-1
161,4,772,1100,544,336,1,-1,-1,-1
161,5,744,304,136,292,1,-1,-1,-1
161,6,1744,480,276,416,1,-1,-1,-1
161,7,1111,296,308,334,1,-1,-1,-1
161,10,692,321,198,278,1,-1,-1,-1
161,12,448,180,135,149,1,-1,-1,-1
161,13,757,297,130,187,1,-1,-1,-1
161,15,245,213,144,212,1,-1,-1,-1
161,16,81,232,128,184,1,-1,-1,-1
161,17,640,36,248,136,1,-1,-1,-1
161,19,-7,775,104,292,1,-1,-1,-1
161,20,540,572,372,380,1,-1,-1,-1
161,21,1220,488,364,384,1,-1,-1,-1
161,22,2024,644,480,368,1,-1,-1,-1
161,23,900,276,156,224,1,-1,-1,-1
161,24,1759,471,260,432,1,-1,-1,-1
161,25,1172,320,116,228,1,-1,-1,-1
161,26,-4,776,212,292,1,-1,-1,-1
161,27,904,273,164,232,1,-1,-1,-1
161,28,680,300,80,208,1,-1,-1,-1
162,0,1315,895,408,524,1,-1,-1,-1
162,1,531,565,560,400,1,-1,-1,-1
162,2,1232,490,411,381,1,-1,-1,-1
162,4,772,1100,544,336,1,-1,-1,-1
162,5,744,305,136,292,1,-1,-1,-1
162,6,1742,479,276,416,1,-1,-1,-1
162,7,1108,299,308,334,1,-1,-1,-1
162,10,694,322,198,278,1,-1,-1,-1
162,12,445,180,135,149,1,-1,-1,-1
162,13,758,295,130,187,1,-1,-1,-1
162,15,241,212,144,212,1,-1,-1,-1
162,16,81,232,128,184,1,-1,-1,-1
162,17,640,36,248,136,1,-1,-1,-1
162,19,-8,778,104,292,1,-1,-1,-1
162,20,538,572,372,380,1,-1,-1,-1
162,21,1218,489,364,384,1,-1,-1,-1
162,22,2021,645,480,368,1,-1,-1,-1
162,23,898,276,156,224,1,-1,-1,-1
162,24,1755,472,260,432,1,-1,-1,-1
162,25,1171,321,116,228,1,-1,-1,-1
162,26,-4,776,212,292,1,-1,-1,-1
162,27,896,266,172,244,1,-1,-1,-1
162,28,679,300,80,208,1,-1,-1,-1
163,0,1312,895,408,524,1,-1,-1,-1
163,1,535,575,533,381,1,-1,-1,-1
163,2,1226,489,411,381,1,-1,-1,-1
163,4,772,1100,544,336,1,-1,-1,-1
163,5,745,305,136,292,1,-1,-1,-1
163,6,1739,479,276,416,1,-1,-1,-1
163,7,1103,298,308,334,1,-1,-1,-1
163,10,694,322,198,278,1,-1,-1,-1
163,12,443,180,135,149,1,-1,-1,-1
163,13,757,292,136,196,1,-1,-1,-1
163,15,237,211,144,212,1,-1,-1,-1
163,16,80,232,128,184,1,-1,-1,-1
163,17,640,36,248,136,1,-1,-1,-1
163,19,-8,779,104,292,1,-1,-1,-1
163,20,535,572,372,380,1,-1,-1,-1
163,21,1215,489,364,384,1,-1,-1,-1
163,22,2016,645,480,368,1,-1,-1,-1
163,23,901,280,149,213,1,-1,-1,-1
163,24,1751,471,260,432,1,-1,-1,-1
163,25,1169,321,116,228,1,-1,-1,-1
163,26,-4,777,212,292,1,-1,-1,-1
163,27,891,265,172,244,1,-1,-1,-1
163,28,680,300,80,208,1,-1,-1,-1
164,0,1309,896,408,524,1,-1,-1,-1
164,1,519,564,560,400,1,-1,-1,-1
164,2,1225,492,411,381,1,-1,-1,-1
164,4,772,1100,544,336,1,-1,-1,-1
164,5,745,304,136,292,1,-1,-1,-1
164,6,1736,480,276,416,1,-1,-1,-1
164,7,1099,297,308,334,1,-1,-1,-1
164,10,693,322,198,278,1,-1,-1,-1
164,12,440,180,135,149,1,-1,-1,-1
164,13,758,292,136,196,1,-1,-1,-1
164,15,235,211,144,212,1,-1,-1,-1
164,16,78,233,128,184,1,-1,-1,-1
164,17,641,36,248,136,1,-1,-1,-1
164,19,-9,779,104,292,1,-1,-1,-1
164,20,532,573,372,380,1,-1,-1,-1
164,21,1211,488,364,384,1,-1,-1,-1
164,22,2011,644,480,368,1,-1,-1,-1
164,23,899,281,149,213,1,-1,-1,-1
164,24,1747,473,260,432,1,-1,-1,-1
164,25,1167,320,116,228,1,-1,-1,-1
164,26,-4,778,212,292,1,-1,-1,-1
164,27,889,265,172,244,1,-1,-1,-1
164,28,680,301,80,208,1,-1,-1,-1
165,0,1309,896,408,524,1,-1,-1,-1
165,1,519,565,560,400,1,-1,-1,-1
165,2,1220,491,411,381,1,-1,-1,-1
165,4,772,1099,544,336,1,-1,-1,-1
165,5,744,304,136,292,1,-1,-1,-1
165,6,1733,480,276,416,1,-1,-1,-1
165,7,1100,296,308,334,1,-1,-1,-1
165,10,693,323,198,278,1,-1,-1,-1
165,12,437,180,135,149,1,-1,-1,-1
165,13,757,293,136,196,1,-1,-1,-1
165,15,234,211,144,212,1,-1,-1,-1
165,16,77,231,128,184,1,-1,-1,-1
165,17,641,35,248,136,1,-1,-1,-1
165,19,-8,779,104,292,1,-1,-1,-1
165,20,531,575,372,380,1,-1,-1,-1
165,21,1207,489,364,384,1,-1,-1,-1
165,22,2008,643,480,368,1,-1,-1,-1
165,23,897,280,149,213,1,-1,-1,-1
165,24,1743,471,260,432,1,-1,-1,-1
165,25,1166,319,116,228,1,-1,-1,-1
165,26,-4,780,212,292,1,-1,-1,-1
165,27,887,264,172,244,1,-1,-1,-1
165,28,680,301,80,208,1,-1,-1,-1
166,0,1305,894,408,524,1,-1,-1,-1
166,1,514,566,560,400,1,-1,-1,-1
166,2,1228,499,392,363,1,-1,-1,-1
166,4,772,1100,544,336,1,-1,-1,-1
166,5,743,304,136,292,1,-1,-1,-1
166,6,1729,479,276,416,1,-1,-1,-1
166,7,1101,293,308,334,1,-1,-1,-1
166,10,693,322,198,278,1,-1,-1,-1
166,12,436,179,135,149,1,-1,-1,-1
166,13,757,294,136,196,1,-1,-1,-1
166,15,233,211,144,212,1,-1,-1,-1
166,16,72,232,128,184,1,-1,-1,-1
166,17,642,35,248,136,1,-1,-1,-1
166,19,-9,780,104,292,1,-1,-1,-1
166,20,527,573,372,380,1,-1,-1,-1
166,21,1206,488,364,384,1,-1,-1,-1
166,22,2003,643,480,368,1,-1,-1,-1
166,23,894,280,149,213,1,-1,-1,-1
166,24,1740,469,260,432,1,-1,-1,-1
166,25,1165,319,116,228,1,-1,-1,-1
166,26,-4,780,212,292,1,-1,-1,-1
166,27,885,267,172,244,1,-1,-1,-1
166,28,680,301,80,208,1,-1,-1,-1
167,0,1303,893,408,524,1,-1,-1,-1
167,1,497,557,588,420,1,-1,-1,-1
167,2,1222,497,392,363,1,-1,-1,-1
167,4,772,1100,544,336,1,-1,-1,-1
167,5,744,304,136,292,1,-1,-1,-1
167,6,1726,478,276,416,1,-1,-1,-1
167,7,1097,292,308,334,1,-1,-1,-1
167,10,693,322,198,278,1,-1,-1,-1
167,12,434,179,135,149,1,-1,-1,-1
167,13,757,293,136,196,1,-1,-1,-1
167,15,231,210,144,212,1,-1,-1,-1
167,16,74,230,128,184,1,-1,-1,-1
167,17,642,35,248,136,1,-1,-1,-1
167,19,-11,779,104,292,1,-1,-1,-1
167,20,523,571,372,380,1,-1,-1,-1
167,21,1202,487,364,384,1,-1,-1,-1
167,22,2002,642,480,368,1,-1,-1,-1
167,23,892,280,149,213,1,-1,-1,-1
167,24,1737,470,260,432,1,-1,-1,-1
167,25,1163,318,116,228,1,-1,-1,-1
167,26,-8,773,223,307,1,-1,-1,-1
167,27,882,265,172,244,1,-1,-1,-1
167,28,680,301,80,208,1,-1,-1,-1
168,0,1287,880,428,550,1,-1,-1,-1
168,1,497,556,588,420,1,-1,-1,-1
168,2,1221,497,392,363,1,-1,-1,-1
168,4,772,1100,544,336,1,-1,-1,-1
168,5,744,304,136,292,1,-1,-1,-1
168,6,1723,477,276,416,1,-1,-1,-1
168,7,1093,291,308,334,1,-1,-1,-1
168,10,692,322,198,278,1,-1,-1,-1
168,12,431,177,135,149,1,-1,-1,-1
168,13,758,292,136,196,1,-1,-1,-1
168,15,231,211,144,212,1,-1,-1,-1
168,16,77,236,122,175,1,-1,-1,-1
168,17,642,36,248,136,1,-1,-1,-1
168,19,-11,778,104,292,1,-1,-1,-1
168,20,521,572,372,380,1,-1,-1,-1
168,21,1199,486,364,384,1,-1,-1,-1
168,22,1998,640,480,368,1,-1,-1,-1
168,23,892,280,149,213,1,-1,-1,-1
168,24,1734,469,260,432,1,-1,-1,-1
168,25,1162,317,116,228,1,-1,-1,-1
168,26,-8,773,223,307,1,-1,-1,-1
168,27,879,263,172,244,1,-1,-1,-1
168,28,681,301,80,208,1,-1,-1,-1
169,0,1284,900,384,468,1,-1,-1,-1
169,1,497,556,588,420,1,-1,-1,-1
169,2,1221,497,392,363,1,-1,-1,-1
169,4,780,1096,536,340,1,-1,-1,-1
169,5,740,308,144,288,1,-1,-1,-1
169,6,1700,476,292,392,1,-1,-1,-1
169,7,1093,291,308,334,1,-1,-1,-1
169,10,692,322,198,278,1,-1,-1,-1
169,12,431,177,135,149,1,-1,-1,-1
169,13,758,292,136,196,1,-1,-1,-1
169,15,231,211,144,212,1,-1,-1,-1
169,16,77,236,122,175,1,-1,-1,-1
169,17,640,36,248,136,1,-1,-1,-1
169,19,0,772,88,304,1,-1,-1,-1
169,20,488,572,416,380,1,-1,-1,-1
169,21,1168,488,412,388,1,-1,-1,-1
169,22,1984,628,476,376,1,-1,-1,-1
169,23,896,276,148,216,1,-1,-1,-1
169,24,1734,469,260,432,1,-1,-1,-1
169,25,1128,320,164,228,1,-1,-1,-1
169,26,-8,773,223,307,1,-1,-1,-1
169,27,879,263,172,244,1,-1,-1,-1
169,28,681,301,80,208,1,-1,-1,-1
170,0,1282,899,384,468,1,-1,-1,-1
170,1,487,554,588,420,1,-1,-1,-1
170,2,1212,494,392,363,1,-1,-1,-1
170,4,780,1096,536,340,1,-1,-1,-1
170,5,739,308,144,288,1,-1,-1,-1
170,6,1699,476,292,392,1,-1,-1,-1
170,7,1088,288,308,334,1,-1,-1,-1
170,10,693,321,198,278,1,-1,-1,-1
170,12,427,178,135,149,1,-1,-1,-1
170,13,757,291,136,196,1,-1,-1,-1
170,15,228,211,144,212,1,-1,-1,-1
170,16,75,235,122,175,1,-1,-1,-1
170,17,640,36,248,136,1,-1,-1,-1
170,19,-1,773,88,304,1,-1,-1,-1
170,20,484,572,416,380,1,-1,-1,-1
170,21,1166,488,412,388,1,-1,-1,-1
170,22,1982,627,476,376,1,-1,-1,-1
170,23,894,276,148,216,1,-1,-1,-1
170,24,1727,468,260,432,1,-1,-1,-1
170,25,1127,320,164,228,1,-1,-1,-1
170,26,-10,774,223,307,1,-1,-1,-1
170,27,881,267,164,232,1,-1,-1,-1
170,28,681,301,80,208,1,-1,-1,-1
171,0,1279,898,384,468,1,-1,-1,-1
171,1,475,547,588,420,1,-1,-1,-1
171,2,1205,493,392,363,1,-1,-1,-1
171,4,780,1096,536,340,1,-1,-1,-1
171,5,739,309,144,288,1,-1,-1,-1
171,6,1696,475,292,392,1,-1,-1,-1
171,7,1085,289,308,334,1,-1,-1,-1
171,10,694,321,198,278,1,-1,-1,-1
171,12,426,177,135,149,1,-1,-1,-1
171,13,757,292,136,196,1,-1,-1,-1
171,15,227,210,144,212,1,-1,-1,-1
171,16,75,235,122,175,1,-1,-1,-1
171,17,641,36,248,136,1,-1,-1,-1
171,19,-2,772,88,304,1,-1,-1,-1
171,20,480,571,416,380,1,-1,-1,-1
171,21,1161,486,412,388,1,-1,-1,-1
171,22,1979,626,476,376,1,-1,-1,-1
171,23,893,277,148,216,1,-1,-1,-1
171,24,1725,466,260,432,1,-1,-1,-1
171,25,1126,320,164,228,1,-1,-1,-1
171,26,-10,775,223,307,1,-1,-1,-1
171,27,880,267,164,232,1,-1,-1,-1
171,28,682,301,80,208,1,-1,-1,-1
172,0,1278,897,384,468,1,-1,-1,-1
172,1,479,546,588,420,1,-1,-1,-1
172,2,1201,491,392,363,1,-1,-1,-1
172,4,782,1096,536,340,1,-1,-1,-1
172,5,740,308,144,288,1,-1,-1,-1
172,6,1696,476,292,392,1,-1,-1,-1
172,7,1084,288,308,334,1,-1,-1,-1
172,10,694,322,198,278,1,-1,-1,-1
172,12,425,176,135,149,1,-1,-1,-1
172,13,756,292,136,196,1,-1,-1,-1
172,15,224,210,144,212,1,-1,-1,-1
172,16,74,234,122,175,1,-1,-1,-1
172,17,641,36,248,136,1,-1,-1,-1
172,19,-2,772,88,304,1,-1,-1,-1
172,20,476,571,416,380,1,-1,-1,-1
172,21,1159,485,412,388,1,-1,-1,-1
172,22,1976,626,476,376,1,-1,-1,-1
172,23,891,276,148,216,1,-1,-1,-1
172,24,1725,466,260,432,1,-1,-1,-1
172,25,1124,320,164,228,1,-1,-1,-1
172,26,-10,775,223,307,1,-1,-1,-1
172,27,877,269,164,232,1,-1,-1,-1
172,28,683,301,80,208,1,-1,-1,-1
173,0,1274,896,384,468,1,-1,-1,-1
173,1,472,550,588,420,1,-1,-1,-1
173,2,1196,492,392,363,1,-1,-1,-1
173,4,782,1096,536,340,1,-1,-1,-1
173,5,740,308,144,288,1,-1,-1,-1
173,6,1695,477,292,392,1,-1,-1,-1
173,7,1083,287,308,334,1,-1,-1,-1
173,10,696,323,198,278,1,-1,-1,-1
173,12,424,176,135,149,1,-1,-1,-1
173,13,757,293,136,196,1,-1,-1,-1
173,15,224,210,144,212,1,-1,-1,-1
173,16,73,235,122,175,1,-1,-1,-1
173,17,641,36,248,136,1,-1,-1,-1
173,19,-3,772,88,304,1,-1,-1,-1
173,20,471,570,416,380,1,-1,-1,-1
173,21,1155,483,412,388,1,-1,-1,-1
173,22,1970,626,476,376,1,-1,-1,-1
173,23,890,277,148,216,1,-1,-1,-1
173,24,1722,464,260,432,1,-1,-1,-1
173,25,1123,320,164,228,1,-1,-1,-1
173,26,-10,776,223,307,1,-1,-1,-1
173,27,873,268,164,232,1,-1,-1,-1
173,28,685,306,76,198,1,-1,-1,-1
174,0,1272,895,384,468,1,-1,-1,-1
174,1,463,546,588,420,1,-1,-1,-1
174,2,1197,491,392,363,1,-1,-1,-1
174,4,782,1095,536,340,1,-1,-1,-1
174,5,740,307,144,288,1,-1,-1,-1
174,6,1693,477,292,392,1,-1,-1,-1
174,7,1082,287,308,334,1,-1,-1,-1
174,10,696,322,198,278,1,-1,-1,-1
174,12,424,176,135,149,1,-1,-1,-1
174,13,757,292,136,196,1,-1,-1,-1
174,15,225,211,144,212,1,-1,-1,-1
174,16,73,236,122,175,1,-1,-1,-1
174,17,642,37,248,136,1,-1,-1,-1
174,19,-4,772,88,304,1,-1,-1,-1
174,20,465,569,416,380,1,-1,-1,-1
174,21,1154,483,412,388,1,-1,-1,-1
174,22,1962,627,476,376,1,-1,-1,-1
174,23,889,277,148,216,1,-1,-1,-1
174,24,1714,454,273,454,1,-1,-1,-1
174,25,1122,321,164,228,1,-1,-1,-1
174,26,-11,777,223,307,1,-1,-1,-1
174,27,871,267,164,232,1,-1,-1,-1
174,28,686,305,76,198,1,-1,-1,-1
175,0,1272,893,384,468,1,-1,-1,-1
175,1,460,545,588,420,1,-1,-1,-1
175,2,1192,490,392,363,1,-1,-1,-1
175,4,782,1096,536,340,1,-1,-1,-1
175,5,738,307,144,288,1,-1,-1,-1
175,6,1690,476,292,392,1,-1,-1,-1
175,7,1078,288,308,334,1,-1,-1,-1
175,10,696,322,198,278,1,-1,-1,-1
175,12,422,176,135,149,1,-1,-1,-1
175,13,757,293,136,196,1,-1,-1,-1
175,15,224,210,144,212,1,-1,-1,-1
175,16,73,235,122,175,1,-1,-1,-1
175,17,642,37,248,136,1,-1,-1,-1
175,19,-5,773,88,304,1,-1,-1,-1
175,20,461,567,416,380,1,-1,-1,-1
175,21,1149,482,412,388,1,-1,-1,-1
175,22,1958,628,476,376,1,-1,-1,-1
175,23,887,277,148,216,1,-1,-1,-1
175,24,1712,456,273,454,1,-1,-1,-1
175,25,1119,321,164,228,1,-1,-1,-1
175,26,-11,777,223,307,1,-1,-1,-1
175,27,868,267,164,232,1,-1,-1,-1
175,28,686,305,76,198,1,-1,-1,-1
176,0,1270,892,384,468,1,-1,-1,-1
176,1,449,542,588,420,1,-1,-1,-1
176,2,1189,489,392,363,1,-1,-1,-1
176,4,782,1095,536,340,1,-1,-1,-1
176,5,739,307,144,288,1,-1,-1,-1
176,6,1689,475,292,392,1,-1,-1,-1
176,7,1077,287,308,334,1,-1,-1,-1
176,10,695,322,198,278,1,-1,-1,-1
176,12,420,176,135,149,1,-1,-1,-1
176,13,757,294,136,196,1,-1,-1,-1
176,15,223,209,144,212,1,-1,-1,-1
176,16,74,236,122,175,1,-1,-1,-1
176,17,643,37,248,136,1,-1,-1,-1
176,19,-6,772,88,304,1,-1,-1,-1
176,20,459,567,416,380,1,-1,-1,-1
176,21,1148,480,412,388,1,-1,-1,-1
176,22,1950,629,476,376,1,-1,-1,-1
176,23,885,277,148,216,1,-1,-1,-1
176,24,1708,451,273,454,1,-1,-1,-1
176,25,1117,320,164,228,1,-1,-1,-1
176,26,-17,770,234,322,1,-1,-1,-1
176,27,868,267,164,232,1,-1,-1,-1
176,28,686,305,76,198,1,-1,-1,-1
177,0,1268,888,380,496,1,-1,-1,-1
177,1,449,542,588,420,1,-1,-1,-1
177,2,1189,489,392,363,1,-1,-1,-1
177,4,788,1096,528,340,1,-1,-1,-1
177,5,739,307,144,288,1,-1,-1,-1
177,6,1676,468,292,416,1,-1,-1,-1
177,7,1077,287,308,334,1,-1,-1,-1
177,10,695,322,198,278,1,-1,-1,-1
177,12,420,176,135,149,1,-1,-1,-1
177,13,757,294,136,196,1,-1,-1,-1
177,15,223,209,144,212,1,-1,-1,-1
177,16,74,236,122,175,1,-1,-1,-1
177,17,640,36,252,136,1,-1,-1,-1
177,19,0,772,76,312,1,-1,-1,-1
177,20,464,560,424,384,1,-1,-1,-1
177,21,1140,492,384,372,1,-1,-1,-1
177,22,1944,624,432,364,1,-1,-1,-1
177,23,885,277,148,216,1,-1,-1,-1
177,24,1708,451,273,454,1,-1,-1,-1
177,25,1117,320,164,228,1,-1,-1,-1
177,26,-17,770,234,322,1,-1,-1,-1
177,27,868,267,164,232,1,-1,-1,-1
177,28,686,305,76,198,1,-1,-1,-1
177,29,1112,336,176,200,1,-1,-1,-1
177,30,2420,544,140,188,1,-1,-1,-1
178,0,1268,888,380,496,1,-1,-1,-1
178,1,444,540,588,420,1,-1,-1,-1
178,2,1182,488,392,363,1,-1,-1,-1
178,4,788,1096,528,340,1,-1,-1,-1
178,5,739,307,144,288,1,-1,-1,-1
178,6,1673,466,292,416,1,-1,-1,-1
178,7,1070,288,308,334,1,-1,-1,-1
178,10,696,322,198,278,1,-1,-1,-1
178,12,418,176,135,149,1,-1,-1,-1
178,13,757,295,136,196,1,-1,-1,-1
178,15,219,208,144,212,1,-1,-1,-1
178,16,70,238,122,175,1,-1,-1,-1
178,17,640,36,252,136,1,-1,-1,-1
178,19,0,772,76,312,1,-1,-1,-1
178,20,460,559,424,384,1,-1,-1,-1
178,21,1137,492,384,372,1,-1,-1,-1
178,22,1940,624,432,364,1,-1,-1,-1
178,23,883,277,148,216,1,-1,-1,-1
178,24,1709,459,260,432,1,-1,-1,-1
178,25,1115,320,164,228,1,-1,-1,-1
178,26,-20,770,234,322,1,-1,-1,-1
178,27,865,268,164,232,1,-1,-1,-1
178,28,687,305,76,198,1,-1,-1,-1
178,29,1110,336,176,200,1,-1,-1,-1
178,30,2420,544,140,188,1,-1,-1,-1
179,0,1266,887,380,496,1,-1,-1,-1
179,1,453,550,560,400,1,-1,-1,-1
179,2,1179,488,392,363,1,-1,-1,-1
179,4,789,1096,528,340,1,-1,-1,-1
179,5,739,306,144,288,1,-1,-1,-1
179,6,1670,466,292,416,1,-1,-1,-1
179,7,1071,287,308,334,1,-1,-1,-1
179,10,695,321,198,278,1,-1,-1,-1
179,12,416,175,135,149,1,-1,-1,-1
179,13,758,294,136,196,1,-1,-1,-1
179,15,220,214,137,202,1,-1,-1,-1
179,16,70,235,122,175,1,-1,-1,-1
179,17,641,35,252,136,1,-1,-1,-1
179,19,0,773,76,312,1,-1,-1,-1
179,20,455,559,424,384,1,-1,-1,-1
179,21,1135,490,384,372,1,-1,-1,-1
179,22,1935,622,432,364,1,-1,-1,-1
179,23,880,276,148,216,1,-1,-1,-1
179,24,1699,458,260,432,1,-1,-1,-1
179,25,1113,320,164,228,1,-1,-1,-1
179,26,-19,769,234,322,1,-1,-1,-1
179,27,863,266,164,232,1,-1,-1,-1
179,28,687,306,76,198,1,-1,-1,-1
179,29,1109,335,176,200,1,-1,-1,-1
179,30,2420,544,140,188,1,-1,-1,-1
180,0,1263,885,380,496,1,-1,-1,-1
180,1,449,549,560,400,1,-1,-1,-1
180,2,1176,487,392,363,1,-1,-1,-1
180,4,789,1095,528,340,1,-1,-1,-1
180,5,738,306,144,288,1,-1,-1,-1
180,6,1665,462,292,416,1,-1,-1,-1
180,7,1069,287,308,334,1,-1,-1,-1
180,10,694,321,198,278,1,-1,-1,-1
180,12,416,175,135,149,1,-1,-1,-1
180,13,758,295,136,196,1,-1,-1,-1
180,15,221,215,137,202,1,-1,-1,-1
180,16,71,237,122,175,1,-1,-1,-1
180,17,641,35,252,136,1,-1,-1,-1
180,19,-1,772,76,312,1,-1,-1,-1
180,20,451,558,424,384,1,-1,-1,-1
180,21,1132,489,384,372,1,-1,-1,-1
180,22,1930,620,432,364,1,-1,-1,-1
180,23,878,275,148,216,1,-1,-1,-1
180,24,1695,453,260,432,1,-1,-1,-1
180,25,1111,320,164,228,1,-1,-1,-1
180,26,-18,770,234,322,1,-1,-1,-1
180,27,859,266,164,232,1,-1,-1,-1
180,28,688,305,76,198,1,-1,-1,-1
180,29,1107,335,176,200,1,-1,-1,-1
180,30,2420,544,140,188,1,-1,-1,-1
181,0,1262,883,380,496,1,-1,-1,-1
181,1,436,545,560,400,1,-1,-1,-1
181,2,1168,484,392,363,1,-1,-1,-1
181,4,789,1095,528,340,1,-1,-1,-1
181,5,741,313,137,274,1,-1,-1,-1
181,6,1670,471,278,396,1,-1,-1,-1
181,7,1067,287,308,334,1,-1,-1,-1
181,10,693,321,198,278,1,-1,-1,-1
181,12,415,176,135,149,1,-1,-1,-1
181,13,758,294,136,196,1,-1,-1,-1
181,15,220,215,137,202,1,-1,-1,-1
181,16,67,236,122,175,1,-1,-1,-1
181,17,641,35,252,136,1,-1,-1,-1
181,19,-1,772,76,312,1,-1,-1,-1
181,20,448,558,424,384,1,-1,-1,-1
181,21,1131,489,384,372,1,-1,-1,-1
181,22,1922,619,432,364,1,-1,-1,-1
181,23,875,274,148,216,1,-1,-1,-1
181,24,1688,451,260,432,1,-1,-1,-1
181,25,1109,319,164,228,1,-1,-1,-1
181,26,-20,768,234,322,1,-1,-1,-1
181,27,855,264,164,232,1,-1,-1,-1
181,28,688,305,76,198,1,-1,-1,-1
181,29,1106,335,176,200,1,-1,-1,-1
181,30,2419,544,140,188,1,-1,-1,-1
182,0,1259,883,380,496,1,-1,-1,-1
182,1,432,545,560,400,1,-1,-1,-1
182,2,1166,482,392,363,1,-1,-1,-1
182,4,789,1095,528,340,1,-1,-1,-1
182,5,741,314,137,274,1,-1,-1,-1
182,6,1667,469,278,396,1,-1,-1,-1
182,7,1069,294,294,318,1,-1,-1,-1
182,10,693,320,198,278,1,-1,-1,-1
182,12,414,175,135,149,1,-1,-1,-1
182,13,762,299,130,187,1,-1,-1,-1
182,15,217,215,137,202,1,-1,-1,-1
182,16,66,236,122,175,1,-1,-1,-1
182,17,642,35,252,136,1,-1,-1,-1
182,19,-1,772,76,312,1,-1,-1,-1
182,20,445,557,424,384,1,-1,-1,-1
182,21,1127,487,384,372,1,-1,-1,-1
182,22,1914,620,432,364,1,-1,-1,-1
182,23,873,274,148,216,1,-1,-1,-1
182,24,1680,449,260,432,1,-1,-1,-1
182,25,1107,320,164,228,1,-1,-1,-1
182,26,-21,769,234,322,1,-1,-1,-1
182,27,851,263,164,232,1,-1,-1,-1
182,28,689,305,76,198,1,-1,-1,-1
182,29,1104,335,176,200,1,-1,-1,-1
182,30,2419,543,140,188,1,-1,-1,-1
183,0,1269,893,362,472,1,-1,-1,-1
183,1,430,543,560,400,1,-1,-1,-1
183,2,1159,482,392,363,1,-1,-1,-1
183,4,789,1095,528,340,1,-1,-1,-1
183,5,742,313,137,274,1,-1,-1,-1
183,6,1662,467,278,396,1,-1,-1,-1
183,7,1066,291,294,318,1,-1,-1,-1
183,10,692,320,198,278,1,-1,-1,-1
183,12,413,176,135,149,1,-1,-1,-1
183,13,763,300,130,187,1,-1,-1,-1
183,15,216,214,137,202,1,-1,-1,-1
183,16,66,236,122,175,1,-1,-1,-1
183,17,642,35,252,136,1,-1,-1,-1
183,19,-1,771,76,312,1,-1,-1,-1
183,20,440,558,424,384,1,-1,-1,-1
183,21,1121,486,384,372,1,-1,-1,-1
183,22,1908,619,432,364,1,-1,-1,-1
183,23,867,273,148,216,1,-1,-1,-1
183,24,1680,449,260,432,1,-1,-1,-1
183,25,1105,320,164,228,1,-1,-1,-1
183,26,-20,770,234,322,1,-1,-1,-1
183,27,845,263,164,232,1,-1,-1,-1
183,28,690,305,76,198,1,-1,-1,-1
183,29,1103,336,176,200,1,-1,-1,-1
183,30,2419,543,140,188,1,-1,-1,-1
184,0,1267,892,362,472,1,-1,-1,-1
184,1,427,544,560,400,1,-1,-1,-1
184,2,1153,478,392,363,1,-1,-1,-1
184,4,789,1095,528,340,1,-1,-1,-1
184,5,742,313,137,274,1,-1,-1,-1
184,6,1659,467,278,396,1,-1,-1,-1
184,7,1063,291,294,318,1,-1,-1,-1
184,10,692,320,198,278,1,-1,-1,-1
184,12,412,176,135,149,1,-1,-1,-1
184,13,763,299,130,187,1,-1,-1,-1
184,15,210,209,144,212,1,-1,-1,-1
184,16,67,241,116,167,1,-1,-1,-1
184,17,642,35,252,136,1,-1,-1,-1
184,19,-1,772,76,312,1,-1,-1,-1
184,20,437,558,424,384,1,-1,-1,-1
184,21,1118,484,384,372,1,-1,-1,-1
184,22,1905,617,432,364,1,-1,-1,-1
184,23,863,272,148,216,1,-1,-1,-1
184,24,1675,447,260,432,1,-1,-1,-1
184,25,1102,318,164,228,1,-1,-1,-1
184,26,-20,770,234,322,1,-1,-1,-1
184,27,847,267,156,221,1,-1,-1,-1
184,28,690,304,76,198,1,-1,-1,-1
184,29,1102,336,176,200,1,-1,-1,-1
184,30,2419,542,140,188,1,-1,-1,-1
185,0,1260,872,372,508,1,-1,-1,-1
185,1,427,544,560,400,1,-1,-1,-1
185,2,1153,478,392,363,1,-1,-1,-1
185,4,800,1092,520,344,1,-1,-1,-1
185,5,742,313,137,274,1,-1,-1,-1
185,6,1659,467,278,396,1,-1,-1,-1
185,7,1063,291,294,318,1,-1,-1,-1
185,10,692,320,198,278,1,-1,-1,-1
185,12,412,176,135,149,1,-1,-1,-1
185,13,763,299,130,187,1,-1,-1,-1
185,15,210,209,144,212,1,-1,-1,-1
185,16,67,241,116,167,1,-1,-1,-1
185,17,644,36,252,136,1,-1,-1,-1
185,19,-1,772,76,312,1,-1,-1,-1
185,20,428,572,368,352,1,-1,-1,-1
185,21,1132,484,360,364,1,-1,-1,-1
185,22,1888,612,472,380,1,-1,-1,-1
185,23,863,272,148,216,1,-1,-1,-1
185,24,1675,447,260,432,1,-1,-1,-1
185,25,1102,318,164,228,1,-1,-1,-1
185,26,-20,770,234,322,1,-1,-1,-1
185,27,847,267,156,221,1,-1,-1,-1
185,28,690,304,76,198,1,-1,-1,-1
185,29,1102,336,176,200,1,-1,-1,-1
185,30,2428,528,132,200,1,-1,-1,-1
185,31,1608,472,332,368,1,-1,-1,-1
185,32,1072,296,204,228,1,-1,-1,-1
185,33,1348,344,124,164,1,-1,-1,-1
186,0,1259,872,372,508,1,-1,-1,-1
186,1,422,544,560,400,1,-1,-1,-1
186,2,1145,472,392,363,1,-1,-1,-1
186,4,801,1092,520,344,1,-1,-1,-1
186,5,741,313,137,274,1,-1,-1,-1
186,6,1650,463,278,396,1,-1,-1,-1
186,7,1057,289,294,318,1,-1,-1,-1
186,10,693,319,198,278,1,-1,-1,-1
186,12,412,176,135,149,1,-1,-1,-1
186,13,764,300,130,187,1,-1,-1,-1
186,15,209,207,144,212,1,-1,-1,-1
186,16,74,244,111,159,1,-1,-1,-1
186,17,644,36,252,136,1,-1,-1,-1
186,19,-1,772,76,312,1,-1,-1,-1
186,20,428,572,368,352,1,-1,-1,-1
186,21,1129,483,360,364,1,-1,-1,-1
186,22,1884,612,472,380,1,-1,-1,-1
186,23,860,270,148,216,1,-1,-1,-1
186,24,1667,445,260,432,1,-1,-1,-1
186,25,1101,319,164,228,1,-1,-1,-1
186,26,-21,771,234,322,1,-1,-1,-1
186,27,846,270,149,211,1,-1,-1,-1
186,28,690,304,76,198,1,-1,-1,-1
186,29,1099,334,176,200,1,-1,-1,-1
186,30,2428,527,132,200,1,-1,-1,-1
186,31,1606,471,332,368,1,-1,-1,-1
186,32,1071,297,204,228,1,-1,-1,-1
186,33,1347,345,124,164,1,-1,-1,-1
187,0,1258,872,372,508,1,-1,-1,-1
187,1,417,544,560,400,1,-1,-1,-1
187,2,1142,470,392,363,1,-1,-1,-1
187,4,802,1092,520,344,1,-1,-1,-1
187,5,741,313,137,274,1,-1,-1,-1
187,6,1648,472,265,377,1,-1,-1,-1
187,7,1053,288,294,318,1,-1,-1,-1
187,10,693,320,198,278,1,-1,-1,-1
187,12,411,176,135,149,1,-1,-1,-1
187,13,764,300,130,187,1,-1,-1,-1
187,15,206,206,144,212,1,-1,-1,-1
187,16,75,245,111,159,1,-1,-1,-1
187,17,644,36,252,136,1,-1,-1,-1
187,19,-1,773,76,312,1,-1,-1,-1
187,20,425,572,368,352,1,-1,-1,-1
187,21,1127,483,360,364,1,-1,-1,-1
187,22,1880,611,472,380,1,-1,-1,-1
187,23,856,269,148,216,1,-1,-1,-1
187,24,1661,444,260,432,1,-1,-1,-1
187,25,1098,317,164,228,1,-1,-1,-1
187,26,-20,769,234,322,1,-1,-1,-1
187,27,846,269,149,211,1,-1,-1,-1
187,28,691,304,76,198,1,-1,-1,-1
187,29,1095,333,176,200,1,-1,-1,-1
187,30,2427,527,132,200,1,-1,-1,-1
187,31,1602,472,332,368,1,-1,-1,-1
187,32,1070,296,204,228,1,-1,-1,-1
187,33,1347,344,124,164,1,-1,-1,-1
188,0,1258,872,372,508,1,-1,-1,-1
188,1,415,543,560,400,1,-1,-1,-1
188,2,1135,470,392,363,1,-1,-1,-1
188,4,804,1092,520,344,1,-1,-1,-1
188,5,740,313,137,274,1,-1,-1,-1
188,6,1641,470,265,377,1,-1,-1,-1
188,7,1053,286,294,318,1,-1,-1,-1
188,10,693,320,198,278,1,-1,-1,-1
188,12,410,176,135,149,1,-1,-1,-1
188,13,763,300,130,187,1,-1,-1,-1
188,15,203,206,144,212,1,-1,-1,-1
188,17,644,36,252,136,1,-1,-1,-1
188,19,-1,773,76,312,1,-1,-1,-1
188,20,422,572,368,352,1,-1,-1,-1
188,21,1125,481,360,364,1,-1,-1,-1
188,22,1871,609,472,380,1,-1,-1,-1
188,23,855,268,148,216,1,-1,-1,-1
188,24,1656,442,260,432,1,-1,-1,-1
188,25,1095,316,164,228,1,-1,-1,-1
188,26,-20,771,234,322,1,-1,-1,-1
188,27,843,267,149,211,1,-1,-1,-1
188,28,691,304,76,198,1,-1,-1,-1
188,29,1092,332,176,200,1,-1,-1,-1
188,30,2427,527,132,200,1,-1,-1,-1
188,31,1599,471,332,368,1,-1,-1,-1
188,32,1068,295,204,228,1,-1,-1,-1
188,33,1347,344,124,164,1,-1,-1,-1
189,0,1257,869,372,508,1,-1,-1,-1
189,1,410,540,560,400,1,-1,-1,-1
189,2,1135,469,392,363,1,-1,-1,-1
189,4,804,1091,520,344,1,-1,-1,-1
189,5,741,313,137,274,1,-1,-1,-1
189,6,1638,469,265,377,1,-1,-1,-1
189,7,1050,287,294,318,1,-1,-1,-1
189,10,694,319,198,278,1,-1,-1,-1
189,12,409,176,135,149,1,-1,-1,-1
189,13,764,301,130,187,1,-1,-1,-1
189,15,202,206,144,212,1,-1,-1,-1
189,17,645,36,252,136,1,-1,-1,-1
189,19,-1,773,76,312,1,-1,-1,-1
189,20,420,573,368,352,1,-1,-1,-1
189,21,1122,480,360,364,1,-1,-1,-1
189,22,1868,608,472,380,1,-1,-1,-1
189,23,854,268,148,216,1,-1,-1,-1
189,24,1655,439,260,432,1,-1,-1,-1
189,25,1093,316,164,228,1,-1,-1,-1
189,26,-21,771,234,322,1,-1,-1,-1
189,27,841,269,149,211,1,-1,-1,-1
189,28,691,305,76,198,1,-1,-1,-1
189,29,1091,331,176,200,1,-1,-1,-1
189,30,2427,525,132,200,1,-1,-1,-1
189,31,1595,470,332,368,1,-1,-1,-1
189,32,1066,295,204,228,1,-1,-1,-1
189,33,1346,344,124,164,1,-1,-1,-1
190,0,1256,869,372,508,1,-1,-1,-1
190,1,411,540,560,400,1,-1,-1,-1
190,2,1131,467,392,363,1,-1,-1,-1
190,4,805,1090,520,344,1,-1,-1,-1
190,5,741,313,137,274,1,-1,-1,-1
190,6,1636,468,265,377,1,-1,-1,-1
190,7,1044,284,294,318,1,-1,-1,-1
190,10,693,319,198,278,1,-1,-1,-1
190,12,409,175,135,149,1,-1,-1,-1
190,13,764,300,130,187,1,-1,-1,-1
190,15,201,205,144,212,1,-1,-1,-1
190,17,645,36,252,136,1,-1,-1,-1
190,19,-1,773,76,312,1,-1,-1,-1
190,20,417,572,368,352,1,-1,-1,-1
190,21,1117,480,360,364,1,-1,-1,-1
190,22,1864,609,472,380,1,-1,-1,-1
190,23,851,267,148,216,1,-1,-1,-1
190,24,1656,449,248,411,1,-1,-1,-1
190,25,1089,313,164,228,1,-1,-1,-1
190,26,-22,769,234,322,1,-1,-1,-1
190,27,839,268,149,211,1,-1,-1,-1
190,28,691,305,76,198,1,-1,-1,-1
190,29,1089,329,176,200,1,-1,-1,-1
190,30,2427,525,132,200,1,-1,-1,-1
190,31,1593,469,332,368,1,-1,-1,-1
190,32,1065,293,204,228,1,-1,-1,-1
190,33,1346,344,124,164,1,-1,-1,-1
191,0,1255,869,372,508,1,-1,-1,-1
191,1,407,540,560,400,1,-1,-1,-1
191,2,1127,467,392,363,1,-1,-1,-1
191,4,805,1090,520,344,1,-1,-1,-1
191,5,741,311,137,274,1,-1,-1,-1
191,6,1631,467,265,377,1,-1,-1,-1
191,7,1043,282,294,318,1,-1,-1,-1
191,10,695,320,198,278,1,-1,-1,-1
191,12,407,175,135,149,1,-1,-1,-1
191,13,764,300,130,187,1,-1,-1,-1
191,15,200,206,144,212,1,-1,-1,-1
191,17,645,36,252,136,1,-1,-1,-1
191,19,-1,773,76,312,1,-1,-1,-1
191,20,415,573,368,352,1,-1,-1,-1
191,21,1113,479,360,364,1,-1,-1,-1
191,22,1862,607,472,380,1,-1,-1,-1
191,23,847,266,148,216,1,-1,-1,-1
191,24,1651,447,248,411,1,-1,-1,-1
191,25,1086,312,164,228,1,-1,-1,-1
191,26,-22,769,234,322,1,-1,-1,-1
191,27,836,267,149,211,1,-1,-1,-1
191,28,691,305,76,198,1,-1,-1,-1
191,29,1086,330,176,200,1,-1,-1,-1
191,30,2430,529,126,190,1,-1,-1,-1
191,31,1590,469,332,368,1,-1,-1,-1
191,32,1063,294,204,228,1,-1,-1,-1
191,33,1346,344,124,164,1,-1,-1,-1
192,0,1254,868,372,508,1,-1,-1,-1
192,1,400,540,560,400,1,-1,-1,-1
192,2,1126,465,392,363,1,-1,-1,-1
192,4,805,1090,520,344,1,-1,-1,-1
192,5,741,312,137,274,1,-1,-1,-1
192,6,1626,465,265,377,1,-1,-1,-1
192,7,1038,282,294,318,1,-1,-1,-1
192,10,693,320,198,278,1,-1,-1,-1
192,12,407,174,135,149,1,-1,-1,-1
192,13,764,300,130,187,1,-1,-1,-1
192,15,199,205,144,212,1,-1,-1,-1
192,17,645,36,252,136,1,-1,-1,-1
192,19,0,773,76,312,1,-1,-1,-1
192,20,410,573,368,352,1,-1,-1,-1
192,21,1111,476,360,364,1,-1,-1,-1
192,22,1855,606,472,380,1,-1,-1,-1
192,23,846,266,148,216,1,-1,-1,-1
192,24,1647,446,248,411,1,-1,-1,-1
192,25,1085,311,164,228,1,-1,-1,-1
192,26,-23,768,234,322,1,-1,-1,-1
192,27,834,268,149,211,1,-1,-1,-1
192,28,692,305,76,198,1,-1,-1,-1
192,29,1083,330,176,200,1,-1,-1,-1
192,30,2429,529,126,190,1,-1,-1,-1
192,31,1582,468,332,368,1,-1,-1,-1
192,32,1061,293,204,228,1,-1,-1,-1
192,33,1346,344,124,164,1,-1,-1,-1
193,0,1264,860,348,516,1,-1,-1,-1
193,1,400,540,560,400,1,-1,-1,-1
193,2,1126,465,392,363,1,-1,-1,-1
193,4,808,1092,512,348,1,-1,-1,-1
193,5,741,312,137,274,1,-1,-1,-1
193,6,1626,465,265,377,1,-1,-1,-1
193,7,1038,282,294,318,1,-1,-1,-1
193,10,693,320,198,278,1,-1,-1,-1
193,12,407,174,135,149,1,-1,-1,-1
193,13,764,300,130,187,1,-1,-1,-1
193,15,199,205,144,212,1,-1,-1,-1
193,17,644,36,252,136,1,-1,-1,-1
193,19,0,773,76,312,1,-1,-1,-1
193,20,376,584,400,340,1,-1,-1,-1
193,21,1116,456,368,388,1,-1,-1,-1
193,22,1868,600,404,380,1,-1,-1,-1
193,23,846,266,148,216,1,-1,-1,-1
193,24,1647,446,248,411,1,-1,-1,-1
193,25,1085,311,164,228,1,-1,-1,-1
193,26,-23,768,234,322,1,-1,-1,-1
193,27,834,268,149,211,1,-1,-1,-1
193,28,692,305,76,198,1,-1,-1,-1
193,29,1056,288,200,200,1,-1,-1,-1
193,30,2429,529,126,190,1,-1,-1,-1
193,31,1584,452,332,380,1,-1,-1,-1
193,32,1061,293,204,228,1,-1,-1,-1
193,33,1346,344,124,164,1,-1,-1,-1
194,0,1263,859,348,516,1,-1,-1,-1
194,1,388,540,560,400,1,-1,-1,-1
194,2,1115,467,392,363,1,-1,-1,-1
194,4,808,1093,512,348,1,-1,-1,-1
194,5,741,312,137,274,1,-1,-1,-1
194,6,1617,466,265,377,1,-1,-1,-1
194,7,1036,276,294,318,1,-1,-1,-1
194,10,694,320,198,278,1,-1,-1,-1
194,12,404,174,135,149,1,-1,-1,-1
194,13,764,300,130,187,1,-1,-1,-1
194,15,195,204,144,212,1,-1,-1,-1
194,17,644,36,252,136,1,-1,-1,-1
194,19,-1,772,76,312,1,-1,-1,-1
194,20,373,585,400,340,1,-1,-1,-1
194,21,1114,455,368,388,1,-1,-1,-1
194,22,1865,600,404,380,1,-1,-1,-1
194,23,839,265,148,216,1,-1,-1,-1
194,24,1640,446,248,411,1,-1,-1,-1
194,25,1085,308,164,228,1,-1,-1,-1
194,26,-23,767,234,322,1,-1,-1,-1
194,27,829,267,149,211,1,-1,-1,-1
194,28,692,305,76,198,1,-1,-1,-1
194,29,1054,288,200,200,1,-1,-1,-1
194,30,2429,528,126,190,1,-1,-1,-1
194,31,1581,452,332,380,1,-1,-1,-1
194,32,1059,291,204,228,1,-1,-1,-1
194,33,1347,343,124,164,1,-1,-1,-1
195,0,1263,856,348,516,1,-1,-1,-1
195,1,391,543,560,400,1,-1,-1,-1
195,2,1113,465,392,363,1,-1,-1,-1
195,4,809,1092,512,348,1,-1,-1,-1
195,5,741,312,137,274,1,-1,-1,-1
195,6,1612,462,265,377,1,-1,-1,-1
195,7,1030,275,294,318,1,-1,-1,-1
195,10,692,321,198,278,1,-1,-1,-1
195,12,403,172,135,149,1,-1,-1,-1
195,13,764,300,130,187,1,-1,-1,-1
195,15,192,205,144,212,1,-1,-1,-1
195,17,644,36,252,136,1,-1,-1,-1
195,19,-1,773,76,312,1,-1,-1,-1
195,20,370,585,400,340,1,-1,-1,-1
195,21,1112,453,368,388,1,-1,-1,-1
195,22,1861,600,404,380,1,-1,-1,-1
195,23,838,265,148,216,1,-1,-1,-1
195,24,1635,444,248,411,1,-1,-1,-1
195,25,1081,308,164,228,1,-1,-1,-1
195,26,-24,767,234,322,1,-1,-1,-1
195,27,830,268,149,211,1,-1,-1,-1
195,28,692,304,76,198,1,-1,-1,-1
195,29,1053,288,200,200,1,-1,-1,-1
195,30,2430,527,126,190,1,-1,-1,-1
195,31,1580,454,332,380,1,-1,-1,-1
195,32,1057,290,204,228,1,-1,-1,-1
195,33,1347,343,124,164,1,-1,-1,-1
196,0,1261,855,348,516,1,-1,-1,-1
196,1,391,541,560,400,1,-1,-1,-1
196,2,1111,463,392,363,1,-1,-1,-1
196,4,810,1092,512,348,1,-1,-1,-1
196,5,741,311,137,274,1,-1,-1,-1
196,6,1608,463,265,377,1,-1,-1,-1
196,7,1025,275,294,318,1,-1,-1,-1
196,10,694,320,198,278,1,-1,-1,-1
196,12,401,174,135,149,1,-1,-1,-1
196,13,764,300,130,187,1,-1,-1,-1
196,15,188,205,144,212,1,-1,-1,-1
196,17,644,36,252,136,1,-1,-1,-1
196,19,-1,773,76,312,1,-1,-1,-1
196,20,367,585,400,340,1,-1,-1,-1
196,21,1108,452,368,388,1,-1,-1,-1
196,22,1858,600,404,380,1,-1,-1,-1
196,23,834,264,148,216,1,-1,-1,-1
196,24,1628,435,260,432,1,-1,-1,-1
196,25,1077,301,172,239,1,-1,-1,-1
196,26,-23,769,234,322,1,-1,-1,-1
196,27,830,272,142,201,1,-1,-1,-1
196,28,693,304,76,198,1,-1,-1,-1
196,29,1051,287,200,200,1,-1,-1,-1
196,30,2429,526,126,190,1,-1,-1,-1
196,31,1576,453,332,380,1,-1,-1,-1
196,32,1056,290,204,228,1,-1,-1,-1
196,33,1347,343,124,164,1,-1,-1,-1
197,0,1260,856,348,516,1,-1,-1,-1
197,1,383,540,560,400,1,-1,-1,-1
197,2,1104,461,392,363,1,-1,-1,-1
197,4,810,1092,512,348,1,-1,-1,-1
197,5,740,313,137,274,1,-1,-1,-1
197,6,1606,461,265,377,1,-1,-1,-1
197,7,1024,273,294,318,1,-1,-1,-1
197,10,694,320,198,278,1,-1,-1,-1
197,12,400,173,135,149,1,-1,-1,-1
197,13,765,300,130,187,1,-1,-1,-1
197,15,188,204,144,212,1,-1,-1,-1
197,17,644,36,252,136,1,-1,-1,-1
197,19,-1,773,76,312,1,-1,-1,-1
197,20,363,584,400,340,1,-1,-1,-1
197,21,1096,440,386,407,1,-1,-1,-1
197,22,1852,599,404,380,1,-1,-1,-1
197,23,833,264,148,216,1,-1,-1,-1
197,24,1623,432,260,432,1,-1,-1,-1
197,25,1074,302,172,239,1,-1,-1,-1
197,26,-23,769,234,322,1,-1,-1,-1
197,27,829,270,142,201,1,-1,-1,-1
197,28,693,304,76,198,1,-1,-1,-1
197,29,1050,286,200,200,1,-1,-1,-1
197,30,2429,526,126,190,1,-1,-1,-1
197,31,1570,450,332,380,1,-1,-1,-1
197,32,1054,289,204,228,1,-1,-1,-1
197,33,1347,343,124,164,1,-1,-1,-1
198,0,1259,856,348,516,1,-1,-1,-1
198,1,373,535,560,400,1,-1,-1,-1
198,2,1100,460,392,363,1,-1,-1,-1
198,4,808,1092,512,348,1,-1,-1,-1
198,5,741,312,137,274,1,-1,-1,-1
198,6,1600,460,265,377,1,-1,-1,-1
198,7,1020,273,294,318,1,-1,-1,-1
198,10,693,319,198,278,1,-1,-1,-1
198,12,399,173,135,149,1,-1,-1,-1
198,13,764,300,130,187,1,-1,-1,-1
198,15,187,204,144,212,1,-1,-1,-1
198,17,645,36,252,136,1,-1,-1,-1
198,19,-1,773,76,312,1,-1,-1,-1
198,20,359,583,400,340,1,-1,-1,-1
198,21,1092,439,386,407,1,-1,-1,-1
198,22,1846,597,404,380,1,-1,-1,-1
198,23,830,262,148,216,1,-1,-1,-1
198,24,1615,432,260,432,1,-1,-1,-1
198,25,1077,307,164,228,1,-1,-1,-1
198,26,-24,768,234,322,1,-1,-1,-1
198,27,826,270,142,201,1,-1,-1,-1
198,28,693,304,76,198,1,-1,-1,-1
198,29,1048,287,200,200,1,-1,-1,-1
198,30,2429,525,126,190,1,-1,-1,-1
198,31,1567,450,332,380,1,-1,-1,-1
198,32,1051,288,204,228,1,-1,-1,-1
198,33,1348,343,124,164,1,-1,-1,-1
199,0,1256,854,348,516,1,-1,-1,-1
199,1,366,536,560,400,1,-1,-1,-1
199,2,1097,458,392,363,1,-1,-1,-1
199,4,810,1092,512,348,1,-1,-1,-1
199,5,741,311,137,274,1,-1,-1,-1
199,6,1597,459,265,377,1,-1,-1,-1
199,7,1019,275,294,318,1,-1,-1,-1
199,10,694,320,198,278,1,-1,-1,-1
199,12,399,173,135,149,1,-1,-1,-1
199,13,765,300,130,187,1,-1,-1,-1
199,15,185,205,144,212,1,-1,-1,-1
199,17,646,37,252,136,1,-1,-1,-1
199,19,-1,773,76,312,1,-1,-1,-1
199,20,356,582,400,340,1,-1,-1,-1
199,21,1088,438,386,407,1,-1,-1,-1
199,22,1844,599,404,380,1,-1,-1,-1
199,23,827,262,148,216,1,-1,-1,-1
199,24,1612,430,260,432,1,-1,-1,-1
199,25,1075,313,156,217,1,-1,-1,-1
199,26,-24,768,234,322,1,-1,-1,-1
199,27,824,267,142,201,1,-1,-1,-1
199,28,694,304,76,198,1,-1,-1,-1
199,29,1047,287,200,200,1,-1,-1,-1
199,30,2429,525,126,190,1,-1,-1,-1
199,31,1563,449,332,380,1,-1,-1,-1
199,32,1049,288,204,228,1,-1,-1,-1
199,33,1348,343,124,164,1,-1,-1,-1
200,0,1256,851,348,516,1,-1,-1,-1
200,1,362,535,560,400,1,-1,-1,-1
200,2,1094,458,392,363,1,-1,-1,-1
200,4,811,1092,512,348,1,-1,-1,-1
200,5,742,312,137,274,1,-1,-1,-1
200,6,1593,459,265,377,1,-1,-1,-1
200,7,1018,274,294,318,1,-1,-1,-1
200,10,694,320,198,278,1,-1,-1,-1
200,12,399,173,135,149,1,-1,-1,-1
200,13,765,300,130,187,1,-1,-1,-1
200,15,186,204,144,212,1,-1,-1,-1
200,17,645,37,252,136,1,-1,-1,-1
200,19,-1,774,76,312,1,-1,-1,-1
200,20,350,581,400,340,1,-1,-1,-1
200,21,1083,436,386,407,1,-1,-1,-1
200,22,1838,599,404,380,1,-1,-1,-1
200,23,824,263,148,216,1,-1,-1,-1
200,24,1614,439,248,411,1,-1,-1,-1
200,25,1072,315,156,217,1,-1,-1,-1
200,26,-23,768,234,322,1,-1,-1,-1
200,27,820,266,142,201,1,-1,-1,-1
200,28,694,304,76,198,1,-1,-1,-1
200,29,1045,287,200,200,1,-1,-1,-1
200,30,2429,524,126,190,1,-1,-1,-1
200,31,1559,449,332,380,1,-1,-1,-1
200,32,1042,285,214,239,1,-1,-1,-1
200,33,1348,342,124,164,1,-1,-1,-1
201,0,1272,852,320,480,1,-1,-1,-1
201,1,362,535,560,400,1,-1,-1,-1
201,2,1096,468,356,364,1,-1,-1,-1
201,4,808,1092,512,344,1,-1,-1,-1
201,5,742,312,137,274,1,-1,-1,-1
201,6,1556,440,352,384,1,-1,-1,-1
201,7,1018,274,294,318,1,-1,-1,-1
201,10,694,320,198,278,1,-1,-1,-1
201,12,399,173,135,149,1,-1,-1,-1
201,13,765,300,130,187,1,-1,-1,-1
201,15,164,220,148,192,1,-1,-1,-1
201,17,644,36,252,136,1,-1,-1,-1
201,19,-1,774,76,312,1,-1,-1,-1
201,20,316,576,428,336,1,-1,-1,-1
201,21,1083,436,386,407,1,-1,-1,-1
201,22,1832,604,392,368,1,-1,-1,-1
201,23,824,263,148,216,1,-1,-1,-1
201,24,1614,439,248,411,1,-1,-1,-1
201,25,1072,315,156,217,1,-1,-1,-1
201,26,-23,768,234,322,1,-1,-1,-1
201,27,820,266,142,201,1,-1,-1,-1
201,28,694,304,76,198,1,-1,-1,-1
201,29,1045,287,200,200,1,-1,-1,-1
201,30,2429,524,126,190,1,-1,-1,-1
201,31,1559,449,332,380,1,-1,-1,-1
201,32,1042,285,214,239,1,-1,-1,-1
201,33,1356,340,112,220,1,-1,-1,-1
202,0,1271,850,320,480,1,-1,-1,-1
202,1,349,532,560,400,1,-1,-1,-1
202,2,1094,467,356,364,1,-1,-1,-1
202,4,808,1091,512,344,1,-1,-1,-1
202,5,742,312,137,274,1,-1,-1,-1
202,6,1552,440,352,384,1,-1,-1,-1
202,7,1013,277,294,318,1,-1,-1,-1
202,10,694,320,198,278,1,-1,-1,-1
202,12,397,173,135,149,1,-1,-1,-1
202,13,765,300,130,187,1,-1,-1,-1
202,15,164,220,148,192,1,-1,-1,-1
202,17,644,36,252,136,1,-1,-1,-1
202,19,-1,773,76,312,1,-1,-1,-1
202,20,313,575,428,336,1,-1,-1,-1
202,21,1082,437,386,407,1,-1,-1,-1
202,22,1828,605,392,368,1,-1,-1,-1
202,23,819,262,148,216,1,-1,-1,-1
202,24,1601,429,260,432,1,-1,-1,-1
202,25,1063,307,164,228,1,-1,-1,-1
202,26,-24,768,234,322,1,-1,-1,-1
202,27,815,264,142,201,1,-1,-1,-1
202,28,695,304,76,198,1,-1,-1,-1
202,29,1042,288,200,200,1,-1,-1,-1
202,30,2429,524,126,190,1,-1,-1,-1
202,31,1558,447,332,380,1,-1,-1,-1
202,32,1039,286,214,239,1,-1,-1,-1
202,33,1356,340,112,220,1,-1,-1,-1
203,0,1271,849,320,480,1,-1,-1,-1
203,1,343,533,560,400,1,-1,-1,-1
203,2,1091,466,356,364,1,-1,-1,-1
203,4,808,1091,512,344,1,-1,-1,-1
203,5,741,312,137,274,1,-1,-1,-1
203,6,1549,441,352,384,1,-1,-1,-1
203,7,1007,277,294,318,1,-1,-1,-1
203,10,694,320,198,278,1,-1,-1,-1
203,12,395,173,135,149,1,-1,-1,-1
203,13,765,300,130,187,1,-1,-1,-1
203,15,164,220,148,192,1,-1,-1,-1
203,17,644,36,252,136,1,-1,-1,-1
203,19,-2,774,76,312,1,-1,-1,-1
203,20,309,575,428,336,1,-1,-1,-1
203,21,1075,436,386,407,1,-1,-1,-1
203,22,1823,605,392,368,1,-1,-1,-1
203,23,817,262,148,216,1,-1,-1,-1
203,24,1598,424,260,432,1,-1,-1,-1
203,25,1061,305,164,228,1,-1,-1,-1
203,26,-23,769,234,322,1,-1,-1,-1
203,27,812,263,142,201,1,-1,-1,-1
203,28,698,308,73,189,1,-1,-1,-1
203,29,1040,287,200,200,1,-1,-1,-1
203,30,2429,522,126,190,1,-1,-1,-1
203,31,1551,446,332,380,1,-1,-1,-1
203,32,1035,285,214,239,1,-1,-1,-1
203,33,1355,340,112,220,1,-1,-1,-1
204,0,1270,848,320,480,1,-1,-1,-1
204,1,351,543,533,381,1,-1,-1,-1
204,2,1089,467,356,364,1,-1,-1,-1
204,4,809,1091,512,344,1,-1,-1,-1
204,5,743,312,137,274,1,-1,-1,-1
204,6,1547,440,352,384,1,-1,-1,-1
204,7,1005,273,294,318,1,-1,-1,-1
204,10,695,320,198,278,1,-1,-1,-1
204,12,395,172,135,149,1,-1,-1,-1
204,13,765,300,130,187,1,-1,-1,-1
204,15,163,221,148,192,1,-1,-1,-1
204,17,644,36,252,136,1,-1,-1,-1
204,19,-1,775,76,312,1,-1,-1,-1
204,20,307,573,428,336,1,-1,-1,-1
204,21,1075,436,386,407,1,-1,-1,-1
204,22,1817,605,392,368,1,-1,-1,-1
204,23,813,259,155,227,1,-1,-1,-1
204,24,1593,427,260,432,1,-1,-1,-1
204,25,1058,305,164,228,1,-1,-1,-1
204,26,-23,770,234,322,1,-1,-1,-1
204,27,811,265,142,201,1,-1,-1,-1
204,28,698,309,73,189,1,-1,-1,-1
204,29,1039,287,200,200,1,-1,-1,-1
204,30,2429,520,126,190,1,-1,-1,-1
204,31,1545,443,332,380,1,-1,-1,-1
204,32,1033,285,214,239,1,-1,-1,-1
204,33,1355,339,112,220,1,-1,-1,-1
205,0,1270,847,320,480,1,-1,-1,-1
205,1,348,542,533,381,1,-1,-1,-1
205,2,1086,466,356,364,1,-1,-1,-1
205,4,811,1091,512,344,1,-1,-1,-1
205,5,743,313,137,274,1,-1,-1,-1
205,6,1544,440,352,384,1,-1,-1,-1
205,7,1000,272,294,318,1,-1,-1,-1
205,10,696,320,198,278,1,-1,-1,-1
205,12,394,172,135,149,1,-1,-1,-1
205,13,766,300,130,187,1,-1,-1,-1
205,15,163,221,148,192,1,-1,-1,-1
205,17,644,36,252,136,1,-1,-1,-1
205,19,-1,775,76,312,1,-1,-1,-1
205,20,302,574,428,336,1,-1,-1,-1
205,21,1070,436,386,407,1,-1,-1,-1
205,22,1814,604,392,368,1,-1,-1,-1
205,23,812,257,155,227,1,-1,-1,-1
205,24,1585,425,260,432,1,-1,-1,-1
205,25,1056,305,164,228,1,-1,-1,-1
205,26,-22,770,234,322,1,-1,-1,-1
205,27,810,263,142,201,1,-1,-1,-1
205,28,698,309,73,189,1,-1,-1,-1
205,29,1036,287,200,200,1,-1,-1,-1
205,30,2429,520,126,190,1,-1,-1,-1
205,31,1537,442,332,380,1,-1,-1,-1
205,32,1029,282,214,239,1,-1,-1,-1
205,33,1354,339,112,220,1,-1,-1,-1
206,0,1269,847,320,480,1,-1,-1,-1
206,1,342,540,533,381,1,-1,-1,-1
206,2,1082,464,356,364,1,-1,-1,-1
206,4,810,1091,512,344,1,-1,-1,-1
206,5,742,313,137,274,1,-1,-1,-1
206,6,1538,438,352,384,1,-1,-1,-1
206,7,995,270,294,318,1,-1,-1,-1
206,10,696,320,198,278,1,-1,-1,-1
206,12,394,173,135,149,1,-1,-1,-1
206,13,767,299,130,187,1,-1,-1,-1
206,15,162,221,148,192,1,-1,-1,-1
206,17,644,36,252,136,1,-1,-1,-1
206,19,-1,774,76,312,1,-1,-1,-1
206,20,300,573,428,336,1,-1,-1,-1
206,21,1065,434,386,407,1,-1,-1,-1
206,22,1810,601,392,368,1,-1,-1,-1
206,23,810,256,155,227,1,-1,-1,-1
206,24,1575,423,260,432,1,-1,-1,-1
206,25,1053,306,164,228,1,-1,-1,-1
206,26,-23,769,234,322,1,-1,-1,-1
206,27,808,260,142,201,1,-1,-1,-1
206,28,698,309,73,189,1,-1,-1,-1
206,29,1035,286,200,200,1,-1,-1,-1
206,30,2425,515,132,200,1,-1,-1,-1
206,31,1534,441,332,380,1,-1,-1,-1
206,32,1027,283,214,239,1,-1,-1,-1
206,33,1354,338,112,220,1,-1,-1,-1
207,0,1268,847,320,480,1,-1,-1,-1
207,1,340,541,533,381,1,-1,-1,-1
207,2,1079,464,356,364,1,-1,-1,-1
207,4,811,1091,512,344,1,-1,-1,-1
207,5,741,314,137,274,1,-1,-1,-1
207,6,1533,436,352,384,1,-1,-1,-1
207,7,992,266,294,318,1,-1,-1,-1
207,10,696,320,198,278,1,-1,-1,-1
207,12,393,173,135,149,1,-1,-1,-1
207,13,767,300,130,187,1,-1,-1,-1
207,15,160,220,148,192,1,-1,-1,-1
207,17,645,36,252,136,1,-1,-1,-1
207,19,-1,775,76,312,1,-1,-1,-1
207,20,296,573,428,336,1,-1,-1,-1
207,21,1061,434,386,407,1,-1,-1,-1
207,22,1805,601,392,368,1,-1,-1,-1
207,23,808,255,155,227,1,-1,-1,-1
207,24,1573,420,260,432,1,-1,-1,-1
207,25,1049,305,164,228,1,-1,-1,-1
207,26,-23,769,234,322,1,-1,-1,-1
207,27,806,257,149,211,1,-1,-1,-1
207,28,698,310,73,189,1,-1,-1,-1
207,29,1033,286,200,200,1,-1,-1,-1
207,30,2424,515,132,200,1,-1,-1,-1
207,31,1528,439,332,380,1,-1,-1,-1
207,32,1023,283,214,239,1,-1,-1,-1
207,33,1353,337,112,220,1,-1,-1,-1
208,0,1268,846,320,480,1,-1,-1,-1
208,1,341,542,533,381,1,-1,-1,-1
208,2,1074,464,356,364,1,-1,-1,-1
208,4,812,1091,512,344,1,-1,-1,-1
208,5,741,313,137,274,1,-1,-1,-1
208,6,1529,438,352,384,1,-1,-1,-1
208,7,989,269,294,318,1,-1,-1,-1
208,10,695,320,198,278,1,-1,-1,-1
208,12,390,173,135,149,1,-1,-1,-1
208,13,768,300,130,187,1,-1,-1,-1
208,15,161,220,148,192,1,-1,-1,-1
208,17,645,36,252,136,1,-1,-1,-1
208,19,-3,764,80,328,1,-1,-1,-1
208,20,293,574,428,336,1,-1,-1,-1
208,21,1053,431,386,407,1,-1,-1,-1
208,22,1801,598,392,368,1,-1,-1,-1
208,23,810,257,155,227,1,-1,-1,-1
208,24,1568,418,260,432,1,-1,-1,-1
208,25,1041,300,172,239,1,-1,-1,-1
208,26,-23,769,234,322,1,-1,-1,-1
208,27,805,257,149,211,1,-1,-1,-1
208,28,698,309,73,189,1,-1,-1,-1
208,29,1029,286,200,200,1,-1,-1,-1
208,30,2425,514,132,200,1,-1,-1,-1
208,31,1523,438,332,380,1,-1,-1,-1
208,32,1023,281,214,239,1,-1,-1,-1
208,33,1353,338,112,220,1,-1,-1,-1
209,0,1280,836,292,496,1,-1,-1,-1
209,1,341,542,533,381,1,-1,-1,-1
209,2,1060,468,324,352,1,-1,-1,-1
209,4,812,1088,512,348,1,-1,-1,-1
209,5,741,313,137,274,1,-1,-1,-1
209,6,1529,438,352,384,1,-1,-1,-1
209,7,989,269,294,318,1,-1,-1,-1
209,10,695,320,198,278,1,-1,-1,-1
209,12,390,173,135,149,1,-1,-1,-1
209,13,768,300,130,187,1,-1,-1,-1
209,15,161,220,148,192,1,-1,-1,-1
209,17,648,36,256,136,1,-1,-1,-1
209,19,-3,764,80,328,1,-1,-1,-1
209,20,280,576,436,324,1,-1,-1,-1
209,21,1053,431,386,407,1,-1,-1,-1
209,22,1796,580,404,384,1,-1,-1,-1
209,23,810,257,155,227,1,-1,-1,-1
209,24,1512,444,312,368,1,-1,-1,-1
209,25,1041,300,172,239,1,-1,-1,-1
209,26,-23,769,234,322,1,-1,-1,-1
209,27,805,257,149,211,1,-1,-1,-1
209,28,698,309,73,189,1,-1,-1,-1
209,29,1029,286,200,200,1,-1,-1,-1
209,30,2425,514,132,200,1,-1,-1,-1
209,31,1523,438,332,380,1,-1,-1,-1
209,32,1023,281,214,239,1,-1,-1,-1
209,33,1344,340,128,216,1,-1,-1,-1
209,34,976,288,256,160,1,-1,-1,-1
210,0,1280,836,292,496,1,-1,-1,-1
210,1,337,541,533,381,1,-1,-1,-1
210,2,1056,467,324,352,1,-1,-1,-1
210,4,812,1087,512,348,1,-1,-1,-1
210,5,742,313,137,274,1,-1,-1,-1
210,6,1522,438,352,384,1,-1,-1,-1
210,7,983,265,294,318,1,-1,-1,-1
210,10,696,320,198,278,1,-1,-1,-1
210,12,381,170,135,149,1,-1,-1,-1
210,13,767,299,130,187,1,-1,-1,-1
210,15,162,226,141,183,1,-1,-1,-1
210,17,648,36,256,136,1,-1,-1,-1
210,19,-4,767,80,328,1,-1,-1,-1
210,20,278,576,436,324,1,-1,-1,-1
210,21,1054,440,368,388,1,-1,-1,-1
210,22,1793,578,404,384,1,-1,-1,-1
210,23,809,256,155,227,1,-1,-1,-1
210,24,1510,444,312,368,1,-1,-1,-1
210,25,1038,297,172,239,1,-1,-1,-1
210,26,-22,769,234,322,1,-1,-1,-1
210,27,805,258,149,211,1,-1,-1,-1
210,28,698,309,73,189,1,-1,-1,-1
210,29,1025,284,200,200,1,-1,-1,-1
210,30,2426,513,132,200,1,-1,-1,-1
210,31,1508,435,332,380,1,-1,-1,-1
210,32,1018,280,214,239,1,-1,-1,-1
210,33,1343,340,128,216,1,-1,-1,-1
210,34,974,288,256,160,1,-1,-1,-1
211,0,1280,835,292,496,1,-1,-1,-1
211,1,331,539,533,381,1,-1,-1,-1
211,2,1055,468,324,352,1,-1,-1,-1
211,4,813,1087,512,348,1,-1,-1,-1
211,5,742,313,137,274,1,-1,-1,-1
211,6,1518,437,352,384,1,-1,-1,-1
211,7,988,272,280,303,1,-1,-1,-1
211,10,696,319,198,278,1,-1,-1,-1
211,12,377,171,135,149,1,-1,-1,-1
211,13,767,299,130,187,1,-1,-1,-1
211,15,162,226,141,183,1,-1,-1,-1
211,17,649,36,256,136,1,-1,-1,-1
211,19,-3,765,80,328,1,-1,-1,-1
211,20,273,576,436,324,1,-1,-1,-1
211,21,1055,441,368,388,1,-1,-1,-1
211,22,1790,577,404,384,1,-1,-1,-1
211,23,809,256,155,227,1,-1,-1,-1
211,24,1508,445,312,368,1,-1,-1,-1
211,25,1036,296,172,239,1,-1,-1,-1
211,26,-23,767,234,322,1,-1,-1,-1
211,27,802,259,149,211,1,-1,-1,-1
211,28,698,310,73,189,1,-1,-1,-1
211,29,1016,278,210,210,1,-1,-1,-1
211,30,2426,513,132,200,1,-1,-1,-1
211,31,1502,431,332,380,1,-1,-1,-1
211,32,1017,278,214,239,1,-1,-1,-1
211,33,1343,340,128,216,1,-1,-1,-1
211,34,972,288,256,160,1,-1,-1,-1
212,0,1280,835,292,496,1,-1,-1,-1
212,1,332,541,533,381,1,-1,-1,-1
212,2,1053,468,324,352,1,-1,-1,-1
212,4,813,1087,512,348,1,-1,-1,-1
212,5,739,307,144,288,1,-1,-1,-1
212,6,1517,437,352,384,1,-1,-1,-1
212,7,986,271,280,303,1,-1,-1,-1
212,10,698,319,198,278,1,-1,-1,-1
212,12,375,169,135,149,1,-1,-1,-1
212,13,768,299,130,187,1,-1,-1,-1
212,15,162,225,141,183,1,-1,-1,-1
212,17,650,36,256,136,1,-1,-1,-1
212,19,-3,764,80,328,1,-1,-1,-1
212,20,268,575,436,324,1,-1,-1,-1
212,21,1060,451,350,370,1,-1,-1,-1
212,22,1786,577,404,384,1,-1,-1,-1
212,23,809,257,155,227,1,-1,-1,-1
212,24,1506,445,312,368,1,-1,-1,-1
212,25,1031,298,172,239,1,-1,-1,-1
212,26,-22,767,234,322,1,-1,-1,-1
212,27,801,258,149,211,1,-1,-1,-1
212,28,697,305,76,198,1,-1,-1,-1
212,29,1014,278,210,210,1,-1,-1,-1
212,30,2427,512,132,200,1,-1,-1,-1
212,31,1501,432,332,380,1,-1,-1,-1
212,32,1012,277,214,239,1,-1,-1,-1
212,33,1343,340,128,216,1,-1,-1,-1
212,34,970,289,256,160,1,-1,-1,-1
213,0,1280,835,292,496,1,-1,-1,-1
213,1,325,539,533,381,1,-1,-1,-1
213,2,1050,468,324,352,1,-1,-1,-1
213,4,814,1087,512,348,1,-1,-1,-1
213,5,740,306,144,288,1,-1,-1,-1
213,6,1509,436,352,384,1,-1,-1,-1
213,7,985,272,280,303,1,-1,-1,-1
213,10,697,319,198,278,1,-1,-1,-1
213,12,372,170,135,149,1,-1,-1,-1
213,13,768,299,130,187,1,-1,-1,-1
213,15,161,225,141,183,1,-1,-1,-1
213,17,650,36,256,136,1,-1,-1,-1
213,19,-3,765,80,328,1,-1,-1,-1
213,20,263,575,436,324,1,-1,-1,-1
213,21,1055,451,350,370,1,-1,-1,-1
213,22,1782,575,404,384,1,-1,-1,-1
213,23,806,256,155,227,1,-1,-1,-1
213,24,1511,454,297,350,1,-1,-1,-1
213,25,1029,297,172,239,1,-1,-1,-1
213,26,-22,767,234,322,1,-1,-1,-1
213,27,800,258,149,211,1,-1,-1,-1
213,28,698,304,76,198,1,-1,-1,-1
213,29,1010,276,210,210,1,-1,-1,-1
213,30,2426,511,132,200,1,-1,-1,-1
213,31,1498,432,332,380,1,-1,-1,-1
213,32,1010,275,214,239,1,-1,-1,-1
213,33,1342,340,128,216,1,-1,-1,-1
213,34,967,289,256,160,1,-1,-1,-1
214,0,1279,834,292,496,1,-1,-1,-1
214,1,313,536,533,381,1,-1,-1,-1
214,2,1049,466,324,352,1,-1,-1,-1
214,4,814,1087,512,348,1,-1,-1,-1
214,5,741,306,144,288,1,-1,-1,-1
214,6,1509,437,352,384,1,-1,-1,-1
214,7,981,273,280,303,1,-1,-1,-1
214,10,696,319,198,278,1,-1,-1,-1
214,12,373,168,135,149,1,-1,-1,-1
214,13,768,299,130,187,1,-1,-1,-1
214,15,159,225,141,183,1,-1,-1,-1
214,17,649,36,256,136,1,-1,-1,-1
214,19,-4,766,80,328,1,-1,-1,-1
214,20,258,572,436,324,1,-1,-1,-1
214,21,1054,448,350,370,1,-1,-1,-1
214,22,1777,573,404,384,1,-1,-1,-1
214,23,806,255,155,227,1,-1,-1,-1
214,24,1507,453,297,350,1,-1,-1,-1
214,25,1027,296,172,239,1,-1,-1,-1
214,26,-22,767,234,322,1,-1,-1,-1
214,27,800,257,149,211,1,-1,-1,-1
214,28,698,302,76,198,1,-1,-1,-1
214,29,1007,276,210,210,1,-1,-1,-1
214,30,2427,511,132,200,1,-1,-1,-1
214,31,1494,434,332,380,1,-1,-1,-1
214,32,1009,275,214,239,1,-1,-1,-1
214,33,1342,340,128,216,1,-1,-1,-1
214,34,967,287,256,160,1,-1,-1,-1
215,0,1278,833,292,496,1,-1,-1,-1
215,1,309,537,533,381,1,-1,-1,-1
215,2,1046,467,324,352,1,-1,-1,-1
215,4,814,1087,512,348,1,-1,-1,-1
215,5,741,305,144,288,1,-1,-1,-1
215,6,1504,436,352,384,1,-1,-1,-1
215,7,978,273,280,303,1,-1,-1,-1
215,10,696,320,198,278,1,-1,-1,-1
215,12,369,168,135,149,1,-1,-1,-1
215,13,768,298,130,187,1,-1,-1,-1
215,15,160,224,141,183,1,-1,-1,-1
215,17,650,36,256,136,1,-1,-1,-1
215,19,-5,767,80,328,1,-1,-1,-1
215,20,252,571,436,324,1,-1,-1,-1
215,21,1051,447,350,370,1,-1,-1,-1
215,22,1773,571,404,384,1,-1,-1,-1
215,23,803,253,155,227,1,-1,-1,-1
215,24,1504,453,297,350,1,-1,-1,-1
215,25,1020,294,172,239,1,-1,-1,-1
215,26,-22,768,234,322,1,-1,-1,-1
215,27,798,255,149,211,1,-1,-1,-1
215,28,698,303,76,198,1,-1,-1,-1
215,29,1006,275,210,210,1,-1,-1,-1
215,30,2428,509,132,200,1,-1,-1,-1
215,31,1491,431,332,380,1,-1,-1,-1
215,32,1009,275,214,239,1,-1,-1,-1
215,33,1342,340,128,216,1,-1,-1,-1
215,34,964,286,256,160,1,-1,-1,-1
216,0,1276,833,292,496,1,-1,-1,-1
216,1,304,537,533,381,1,-1,-1,-1
216,2,1044,466,324,352,1,-1,-1,-1
216,4,814,1087,512,348,1,-1,-1,-1
216,5,745,312,137,274,1,-1,-1,-1
216,6,1500,435,352,384,1,-1,-1,-1
216,7,969,263,294,318,1,-1,-1,-1
216,10,698,320,198,278,1,-1,-1,-1
216,12,367,167,135,149,1,-1,-1,-1
216,13,768,298,130,187,1,-1,-1,-1
216,15,157,225,141,183,1,-1,-1,-1
216,17,650,35,256,136,1,-1,-1,-1
216,19,-3,773,76,312,1,-1,-1,-1
216,20,247,570,436,324,1,-1,-1,-1
216,21,1048,445,350,370,1,-1,-1,-1
216,22,1769,571,404,384,1,-1,-1,-1
216,23,803,253,155,227,1,-1,-1,-1
216,24,1501,454,297,350,1,-1,-1,-1
216,25,1015,292,172,239,1,-1,-1,-1
216,26,-23,766,234,322,1,-1,-1,-1
216,27,800,258,142,201,1,-1,-1,-1
216,28,698,303,76,198,1,-1,-1,-1
216,29,1004,275,210,210,1,-1,-1,-1
216,30,2429,508,132,200,1,-1,-1,-1
216,31,1486,431,332,380,1,-1,-1,-1
216,32,1003,273,214,239,1,-1,-1,-1
216,33,1342,340,128,216,1,-1,-1,-1
216,34,960,285,256,160,1,-1,-1,-1
217,0,1280,824,280,492,1,-1,-1,-1
217,1,236,568,472,324,1,-1,-1,-1
217,2,1044,466,324,352,1,-1,-1,-1
217,4,812,1088,512,348,1,-1,-1,-1
217,5,745,312,137,274,1,-1,-1,-1
217,6,1500,435,352,384,1,-1,-1,-1
217,7,969,263,294,318,1,-1,-1,-1
217,10,698,320,198,278,1,-1,-1,-1
217,12,367,167,135,149,1,-1,-1,-1
217,13,768,298,130,187,1,-1,-1,-1
217,15,157,225,141,183,1,-1,-1,-1
217,17,648,36,252,136,1,-1,-1,-1
217,19,-3,773,76,312,1,-1,-1,-1
217,20,247,570,436,324,1,-1,-1,-1
217,21,1048,445,350,370,1,-1,-1,-1
217,22,1784,580,340,360,1,-1,-1,-1
217,23,803,253,155,227,1,-1,-1,-1
217,24,1501,454,297,350,1,-1,-1,-1
217,25,1015,292,172,239,1,-1,-1,-1
217,26,-23,766,234,322,1,-1,-1,-1
217,27,800,258,142,201,1,-1,-1,-1
217,28,698,303,76,198,1,-1,-1,-1
217,29,1004,275,210,210,1,-1,-1,-1
217,30,2432,484,128,228,1,-1,-1,-1
217,31,1480,432,328,376,1,-1,-1,-1
217,32,1003,273,214,239,1,-1,-1,-1
217,33,1356,336,120,220,1,-1,-1,-1
217,34,972,292,248,148,1,-1,-1,-1
217,35,1024,376,336,440,1,-1,-1,-1
218,0,1280,823,280,492,1,-1,-1,-1
218,1,234,568,472,324,1,-1,-1,-1
218,2,1041,465,324,352,1,-1,-1,-1
218,4,811,1088,512,348,1,-1,-1,-1
218,5,744,312,137,274,1,-1,-1,-1
218,6,1493,434,352,384,1,-1,-1,-1
218,7,965,262,294,318,1,-1,-1,-1
218,10,698,320,198,278,1,-1,-1,-1
218,12,365,167,135,149,1,-1,-1,-1
218,13,769,298,130,187,1,-1,-1,-1
218,15,156,225,141,183,1,-1,-1,-1
218,17,648,36,252,136,1,-1,-1,-1
218,19,-6,766,80,328,1,-1,-1,-1
218,20,240,568,436,324,1,-1,-1,-1
218,21,1042,447,350,370,1,-1,-1,-1
218,22,1780,578,340,360,1,-1,-1,-1
218,23,802,254,155,227,1,-1,-1,-1
218,24,1488,443,312,368,1,-1,-1,-1
218,25,1011,290,172,239,1,-1,-1,-1
218,26,-25,764,234,322,1,-1,-1,-1
218,27,798,259,142,201,1,-1,-1,-1
218,28,698,303,76,198,1,-1,-1,-1
218,29,1002,273,210,210,1,-1,-1,-1
218,30,2432,483,128,228,1,-1,-1,-1
218,31,1480,431,328,376,1,-1,-1,-1
218,32,1001,272,214,239,1,-1,-1,-1
218,33,1356,336,120,220,1,-1,-1,-1
218,34,971,292,248,148,1,-1,-1,-1
218,35,1022,376,336,440,1,-1,-1,-1
219,0,1280,822,280,492,1,-1,-1,-1
219,1,232,568,472,324,1,-1,-1,-1
219,2,1035,462,324,352,1,-1,-1,-1
219,4,813,1088,512,348,1,-1,-1,-1
219,5,745,312,137,274,1,-1,-1,-1
219,6,1488,430,352,384,1,-1,-1,-1
219,7,959,258,294,318,1,-1,-1,-1
219,10,697,319,198,278,1,-1,-1,-1
219,12,362,168,135,149,1,-1,-1,-1
219,13,770,298,130,187,1,-1,-1,-1
219,15,155,226,141,183,1,-1,-1,-1
219,17,648,35,252,136,1,-1,-1,-1
219,19,-5,767,80,328,1,-1,-1,-1
219,20,239,569,436,324,1,-1,-1,-1
219,21,1041,445,350,370,1,-1,-1,-1
219,22,1777,577,340,360,1,-1,-1,-1
219,23,801,254,155,227,1,-1,-1,-1
219,24,1486,443,312,368,1,-1,-1,-1
219,25,1006,289,172,239,1,-1,-1,-1
219,26,-26,765,234,322,1,-1,-1,-1
219,27,795,254,149,211,1,-1,-1,-1
219,28,699,303,76,198,1,-1,-1,-1
219,29,999,273,210,210,1,-1,-1,-1
219,30,2433,482,128,228,1,-1,-1,-1
219,31,1476,431,328,376,1,-1,-1,-1
219,32,1000,273,214,239,1,-1,-1,-1
219,33,1356,336,120,220,1,-1,-1,-1
219,34,969,292,248,148,1,-1,-1,-1
219,35,1020,376,336,440,1,-1,-1,-1
220,0,1278,821,280,492,1,-1,-1,-1
220,1,228,570,472,324,1,-1,-1,-1
220,2,1033,464,324,352,1,-1,-1,-1
220,4,812,1087,512,348,1,-1,-1,-1
220,5,745,312,137,274,1,-1,-1,-1
220,6,1484,428,352,384,1,-1,-1,-1
220,7,959,258,294,318,1,-1,-1,-1
220,10,697,320,198,278,1,-1,-1,-1
220,12,361,168,135,149,1,-1,-1,-1
220,13,770,297,130,187,1,-1,-1,-1
220,15,155,227,141,183,1,-1,-1,-1
220,17,648,35,252,136,1,-1,-1,-1
220,19,-4,768,80,328,1,-1,-1,-1
220,20,235,569,436,324,1,-1,-1,-1
220,21,1037,445,350,370,1,-1,-1,-1
220,22,1771,577,340,360,1,-1,-1,-1
220,23,802,253,155,227,1,-1,-1,-1
220,24,1483,442,312,368,1,-1,-1,-1
220,25,1006,290,172,239,1,-1,-1,-1
220,26,-25,766,234,322,1,-1,-1,-1
220,27,798,257,142,201,1,-1,-1,-1
220,28,699,303,76,198,1,-1,-1,-1
220,29,995,271,210,210,1,-1,-1,-1
220,30,2433,481,128,228,1,-1,-1,-1
220,31,1483,439,312,358,1,-1,-1,-1
220,32,997,271,214,239,1,-1,-1,-1
220,33,1356,336,120,220,1,-1,-1,-1
220,34,967,291,248,148,1,-1,-1,-1
220,35,1017,375,336,440,1,-1,-1,-1
221,0,1275,819,280,492,1,-1,-1,-1
221,1,227,569,472,324,1,-1,-1,-1
221,2,1027,460,324,352,1,-1,-1,-1
221,4,813,1086,512,348,1,-1,-1,-1
221,5,745,312,137,274,1,-1,-1,-1
221,6,1478,425,352,384,1,-1,-1,-1
221,7,953,260,294,318,1,-1,-1,-1
221,10,698,320,198,278,1,-1,-1,-1
221,12,360,168,135,149,1,-1,-1,-1
221,13,769,297,130,187,1,-1,-1,-1
221,15,154,226,141,183,1,-1,-1,-1
221,17,648,35,252,136,1,-1,-1,-1
221,19,-4,769,80,328,1,-1,-1,-1
221,20,229,568,436,324,1,-1,-1,-1
221,21,1034,444,350,370,1,-1,-1,-1
221,22,1768,576,340,360,1,-1,-1,-1
221,23,799,253,155,227,1,-1,-1,-1
221,24,1477,440,312,368,1,-1,-1,-1
221,25,1001,287,172,239,1,-1,-1,-1
221,26,-24,765,234,322,1,-1,-1,-1
221,27,797,256,142,201,1,-1,-1,-1
221,28,699,303,76,198,1,-1,-1,-1
221,29,991,271,210,210,1,-1,-1,-1
221,30,2433,480,128,228,1,-1,-1,-1
221,31,1479,438,312,358,1,-1,-1,-1
221,32,989,267,225,251,1,-1,-1,-1
221,33,1357,336,120,220,1,-1,-1,-1
221,34,964,291,248,148,1,-1,-1,-1
221,35,1012,373,336,440,1,-1,-1,-1
222,0,1277,819,280,492,1,-1,-1,-1
222,1,221,568,472,324,1,-1,-1,-1
222,2,1023,459,324,352,1,-1,-1,-1
222,4,814,1086,512,348,1,-1,-1,-1
222,5,745,312,137,274,1,-1,-1,-1
222,6,1472,425,352,384,1,-1,-1,-1
222,7,952,258,294,318,1,-1,-1,-1
222,10,698,320,198,278,1,-1,-1,-1
222,12,358,168,135,149,1,-1,-1,-1
222,13,769,297,130,187,1,-1,-1,-1
222,15,154,226,141,183,1,-1,-1,-1
222,17,649,35,252,136,1,-1,-1,-1
222,19,-5,768,80,328,1,-1,-1,-1
222,20,223,565,436,324,1,-1,-1,-1
222,21,1027,444,350,370,1,-1,-1,-1
222,22,1763,573,340,360,1,-1,-1,-1
222,23,798,252,155,227,1,-1,-1,-1
222,24,1473,436,312,368,1,-1,-1,-1
222,25,1000,287,172,239,1,-1,-1,-1
222,26,-25,766,234,322,1,-1,-1,-1
222,27,792,254,142,201,1,-1,-1,-1
222,28,699,303,76,198,1,-1,-1,-1
222,29,988,270,210,210,1,-1,-1,-1
222,30,2432,479,128,228,1,-1,-1,-1
222,31,1474,436,312,358,1,-1,-1,-1
222,32,992,271,214,239,1,-1,-1,-1
222,33,1357,337,120,220,1,-1,-1,-1
222,34,967,293,236,141,1,-1,-1,-1
222,35,1018,382,320,419,1,-1,-1,-1
223,0,1274,818,280,492,1,-1,-1,-1
223,1,217,569,472,324,1,-1,-1,-1
223,2,1020,457,324,352,1,-1,-1,-1
223,4,814,1086,512,348,1,-1,-1,-1
223,5,745,311,137,274,1,-1,-1,-1
223,6,1466,422,352,384,1,-1,-1,-1
223,7,950,256,294,318,1,-1,-1,-1
223,10,697,319,198,278,1,-1,-1,-1
223,12,355,168,135,149,1,-1,-1,-1
223,13,769,297,130,187,1,-1,-1,-1
223,15,152,226,141,183,1,-1,-1,-1
223,17,648,35,252,136,1,-1,-1,-1
223,19,-5,767,80,328,1,-1,-1,-1
223,20,222,565,436,324,1,-1,-1,-1
223,21,1024,440,350,370,1,-1,-1,-1
223,22,1759,571,340,360,1,-1,-1,-1
223,23,797,252,155,227,1,-1,-1,-1
223,24,1466,434,312,368,1,-1,-1,-1
223,25,997,286,172,239,1,-1,-1,-1
223,26,-25,767,234,322,1,-1,-1,-1
223,27,790,253,142,201,1,-1,-1,-1
223,28,699,302,76,198,1,-1,-1,-1
223,29,984,269,210,210,1,-1,-1,-1
223,30,2431,478,128,228,1,-1,-1,-1
223,31,1466,432,312,358,1,-1,-1,-1
223,32,987,269,214,239,1,-1,-1,-1
223,33,1356,336,120,220,1,-1,-1,-1
223,34,964,292,236,141,1,-1,-1,-1
223,35,1013,377,320,419,1,-1,-1,-1
224,0,1273,818,280,492,1,-1,-1,-1
224,1,211,568,472,324,1,-1,-1,-1
224,2,1015,454,324,352,1,-1,-1,-1
224,4,813,1086,512,348,1,-1,-1,-1
224,5,744,311,137,274,1,-1,-1,-1
224,6,1459,419,352,384,1,-1,-1,-1
224,7,942,256,294,318,1,-1,-1,-1
224,10,698,319,198,278,1,-1,-1,-1
224,12,355,167,135,149,1,-1,-1,-1
224,13,768,296,130,187,1,-1,-1,-1
224,15,152,226,141,183,1,-1,-1,-1
224,17,648,35,252,136,1,-1,-1,-1
224,19,-5,769,80,328,1,-1,-1,-1
224,20,217,567,436,324,1,-1,-1,-1
224,21,1018,439,350,370,1,-1,-1,-1
224,22,1752,568,340,360,1,-1,-1,-1
224,23,794,246,163,238,1,-1,-1,-1
224,24,1460,430,312,368,1,-1,-1,-1
224,25,995,286,172,239,1,-1,-1,-1
224,26,-26,766,234,322,1,-1,-1,-1
224,27,788,252,142,201,1,-1,-1,-1
224,28,699,302,76,198,1,-1,-1,-1
224,29,982,269,210,210,1,-1,-1,-1
224,30,2430,477,128,228,1,-1,-1,-1
224,31,1462,429,312,358,1,-1,-1,-1
224,32,983,267,214,239,1,-1,-1,-1
224,33,1355,335,120,220,1,-1,-1,-1
224,34,960,292,236,141,1,-1,-1,-1
224,35,1010,379,320,419,1,-1,-1,-1
225,0,1268,820,292,516,1,-1,-1,-1
225,1,212,568,428,324,1,-1,-1,-1
225,2,1015,454,324,352,1,-1,-1,-1
225,4,804,1088,528,352,1,-1,-1,-1
225,5,744,311,137,274,1,-1,-1,-1
225,6,1459,419,352,384,1,-1,-1,-1
225,7,942,256,294,318,1,-1,-1,-1
225,10,698,319,198,278,1,-1,-1,-1
225,12,355,167,135,149,1,-1,-1,-1
225,13,768,296,130,187,1,-1,-1,-1
225,15,152,226,141,183,1,-1,-1,-1
225,17,644,36,252,136,1,-1,-1,-1
225,19,-5,769,80,328,1,-1,-1,-1
225,20,217,567,436,324,1,-1,-1,-1
225,21,1018,439,350,370,1,-1,-1,-1
225,22,1760,564,336,372,1,-1,-1,-1
225,23,794,246,163,238,1,-1,-1,-1
225,24,1460,430,312,368,1,-1,-1,-1
225,25,995,286,172,239,1,-1,-1,-1
225,26,-26,766,234,322,1,-1,-1,-1
225,27,788,252,142,201,1,-1,-1,-1
225,28,699,302,76,198,1,-1,-1,-1
225,29,982,269,210,210,1,-1,-1,-1
225,30,2416,472,144,232,1,-1,-1,-1
225,31,1432,428,312,348,1,-1,-1,-1
225,32,983,267,214,239,1,-1,-1,-1
225,33,1355,335,120,220,1,-1,-1,-1
225,34,960,292,236,141,1,-1,-1,-1
225,35,996,436,340,384,1,-1,-1,-1
226,0,1268,820,292,516,1,-1,-1,-1
226,1,209,568,428,324,1,-1,-1,-1
226,2,1006,452,324,352,1,-1,-1,-1
226,4,803,1088,528,352,1,-1,-1,-1
226,5,742,312,137,274,1,-1,-1,-1
226,6,1448,415,352,384,1,-1,-1,-1
226,7,935,253,294,318,1,-1,-1,-1
226,10,695,318,198,278,1,-1,-1,-1
226,12,349,167,135,149,1,-1,-1,-1
226,13,767,295,130,187,1,-1,-1,-1
226,15,147,228,141,183,1,-1,-1,-1
226,17,644,35,252,136,1,-1,-1,-1
226,19,-7,769,80,328,1,-1,-1,-1
226,20,207,565,436,324,1,-1,-1,-1
226,21,1009,434,350,370,1,-1,-1,-1
226,22,1755,562,336,372,1,-1,-1,-1
226,23,787,244,163,238,1,-1,-1,-1
226,24,1448,427,312,368,1,-1,-1,-1
226,25,988,284,172,239,1,-1,-1,-1
226,26,-26,767,234,322,1,-1,-1,-1
226,27,782,252,142,201,1,-1,-1,-1
226,28,698,301,76,198,1,-1,-1,-1
226,29,972,266,210,210,1,-1,-1,-1
226,30,2415,471,144,232,1,-1,-1,-1
226,31,1429,427,312,348,1,-1,-1,-1
226,32,976,264,214,239,1,-1,-1,-1
226,33,1353,334,120,220,1,-1,-1,-1
226,34,952,290,236,141,1,-1,-1,-1
226,35,992,435,340,384,1,-1,-1,-1
227,0,1266,819,292,516,1,-1,-1,-1
227,1,206,570,428,324,1,-1,-1,-1
227,2,999,451,324,352,1,-1,-1,-1
227,4,804,1088,528,352,1,-1,-1,-1
227,5,741,312,137,274,1,-1,-1,-1
227,6,1443,413,352,384,1,-1,-1,-1
227,7,932,253,294,318,1,-1,-1,-1
227,10,694,317,198,278,1,-1,-1,-1
227,12,346,167,135,149,1,-1,-1,-1
227,13,765,295,130,187,1,-1,-1,-1
227,15,144,227,141,183,1,-1,-1,-1
227,17,643,35,252,136,1,-1,-1,-1
227,19,-5,777,76,312,1,-1,-1,-1
227,20,203,566,436,324,1,-1,-1,-1
227,21,1006,433,350,370,1,-1,-1,-1
227,22,1749,562,336,372,1,-1,-1,-1
227,23,785,245,163,238,1,-1,-1,-1
227,24,1441,424,312,368,1,-1,-1,-1
227,25,990,282,172,239,1,-1,-1,-1
227,26,-25,766,234,322,1,-1,-1,-1
227,27,780,252,142,201,1,-1,-1,-1
227,28,697,302,76,198,1,-1,-1,-1
227,29,967,268,210,210,1,-1,-1,-1
227,30,2413,469,144,232,1,-1,-1,-1
227,31,1424,426,312,348,1,-1,-1,-1
227,32,968,263,214,239,1,-1,-1,-1
227,33,1353,332,120,220,1,-1,-1,-1
227,34,948,290,236,141,1,-1,-1,-1
227,35,988,433,340,384,1,-1,-1,-1
228,0,1263,817,292,516,1,-1,-1,-1
228,1,201,571,428,324,1,-1,-1,-1
228,2,995,447,324,352,1,-1,-1,-1
228,4,803,1088,528,352,1,-1,-1,-1
228,5,740,311,137,274,1,-1,-1,-1
228,6,1434,411,352,384,1,-1,-1,-1
228,7,932,260,280,303,1,-1,-1,-1
228,10,692,318,198,278,1,-1,-1,-1
228,12,342,166,135,149,1,-1,-1,-1
228,13,764,294,130,187,1,-1,-1,-1
228,15,134,222,141,183,1,-1,-1,-1
228,17,641,34,252,136,1,-1,-1,-1
228,19,-4,777,76,312,1,-1,-1,-1
228,20,198,564,436,324,1,-1,-1,-1
228,21,1001,433,350,370,1,-1,-1,-1
228,22,1743,562,336,372,1,-1,-1,-1
228,23,783,244,163,238,1,-1,-1,-1
228,24,1434,421,312,368,1,-1,-1,-1
228,25,984,280,172,239,1,-1,-1,-1
228,26,-27,766,234,322,1,-1,-1,-1
228,27,775,252,142,201,1,-1,-1,-1
228,28,694,302,76,198,1,-1,-1,-1
228,29,961,265,210,210,1,-1,-1,-1
228,30,2410,468,144,232,1,-1,-1,-1
228,31,1419,424,312,348,1,-1,-1,-1
228,32,965,262,214,239,1,-1,-1,-1
228,33,1351,332,120,220,1,-1,-1,-1
228,34,944,290,236,141,1,-1,-1,-1
228,35,984,432,340,384,1,-1,-1,-1
229,0,1258,816,292,516,1,-1,-1,-1
229,1,195,571,428,324,1,-1,-1,-1
229,2,991,446,324,352,1,-1,-1,-1
229,4,801,1087,528,352,1,-1,-1,-1
229,5,738,310,137,274,1,-1,-1,-1
229,6,1430,409,352,384,1,-1,-1,-1
229,7,927,260,280,303,1,-1,-1,-1
229,10,691,318,198,278,1,-1,-1,-1
229,12,338,167,135,149,1,-1,-1,-1
229,13,762,295,130,187,1,-1,-1,-1
229,15,132,224,141,183,1,-1,-1,-1
229,17,639,34,252,136,1,-1,-1,-1
229,19,-4,777,76,312,1,-1,-1,-1
229,20,188,565,436,324,1,-1,-1,-1
229,21,998,431,350,370,1,-1,-1,-1
229,22,1736,559,336,372,1,-1,-1,-1
229,23,782,244,163,238,1,-1,-1,-1
229,24,1428,419,312,368,1,-1,-1,-1
229,25,979,277,172,239,1,-1,-1,-1
229,26,-28,767,234,322,1,-1,-1,-1
229,27,772,251,142,201,1,-1,-1,-1
229,28,693,302,76,198,1,-1,-1,-1
229,29,965,269,200,200,1,-1,-1,-1
229,30,2408,466,144,232,1,-1,-1,-1
229,31,1416,425,312,348,1,-1,-1,-1
229,32,962,263,214,239,1,-1,-1,-1
229,33,1349,330,120,220,1,-1,-1,-1
229,34,937,289,236,141,1,-1,-1,-1
229,35,982,432,340,384,1,-1,-1,-1
230,0,1255,813,292,516,1,-1,-1,-1
230,1,188,571,428,324,1,-1,-1,-1
230,2,983,444,324,352,1,-1,-1,-1
230,4,799,1087,528,352,1,-1,-1,-1
230,5,736,310,137,274,1,-1,-1,-1
230,6,1427,410,352,384,1,-1,-1,-1
230,7,924,260,280,303,1,-1,-1,-1
230,10,689,318,198,278,1,-1,-1,-1
230,12,334,166,135,149,1,-1,-1,-1
230,13,760,294,130,187,1,-1,-1,-1
230,15,131,230,134,174,1,-1,-1,-1
230,17,636,34,252,136,1,-1,-1,-1
230,19,-5,778,76,312,1,-1,-1,-1
230,20,181,565,436,324,1,-1,-1,-1
230,21,992,429,350,370,1,-1,-1,-1
230,22,1731,557,336,372,1,-1,-1,-1
230,23,778,245,163,238,1,-1,-1,-1
230,24,1419,417,312,368,1,-1,-1,-1
230,25,975,279,172,239,1,-1,-1,-1
230,26,-31,767,234,322,1,-1,-1,-1
230,27,770,251,142,201,1,-1,-1,-1
230,28,692,302,76,198,1,-1,-1,-1
230,29,960,268,200,200,1,-1,-1,-1
230,30,2405,465,144,232,1,-1,-1,-1
230,31,1414,425,312,348,1,-1,-1,-1
230,32,957,262,214,239,1,-1,-1,-1
230,33,1348,330,120,220,1,-1,-1,-1
230,34,932,289,236,141,1,-1,-1,-1
230,35,974,429,340,384,1,-1,-1,-1
231,0,1252,813,292,516,1,-1,-1,-1
231,1,182,572,428,324,1,-1,-1,-1
231,2,970,435,340,370,1,-1,-1,-1
231,4,795,1088,528,352,1,-1,-1,-1
231,5,732,311,137,274,1,-1,-1,-1
231,6,1425,416,335,366,1,-1,-1,-1
231,7,918,260,280,303,1,-1,-1,-1
231,10,686,317,198,278,1,-1,-1,-1
231,12,334,169,128,142,1,-1,-1,-1
231,13,757,294,130,187,1,-1,-1,-1
231,15,125,231,134,174,1,-1,-1,-1
231,17,634,33,252,136,1,-1,-1,-1
231,19,-5,778,76,312,1,-1,-1,-1
231,20,184,573,415,309,1,-1,-1,-1
231,21,986,431,350,370,1,-1,-1,-1
231,22,1724,555,336,372,1,-1,-1,-1
231,23,776,243,163,238,1,-1,-1,-1
231,24,1412,414,312,368,1,-1,-1,-1
231,25,968,278,172,239,1,-1,-1,-1
231,26,-32,766,234,322,1,-1,-1,-1
231,27,769,251,142,201,1,-1,-1,-1
231,28,692,305,73,189,1,-1,-1,-1
231,29,954,266,200,200,1,-1,-1,-1
231,30,2403,463,144,232,1,-1,-1,-1
231,31,1408,424,312,348,1,-1,-1,-1
231,32,951,263,214,239,1,-1,-1,-1
231,33,1345,330,120,220,1,-1,-1,-1
231,34,928,289,236,141,1,-1,-1,-1
231,35,971,430,340,384,1,-1,-1,-1
232,0,1247,810,292,516,1,-1,-1,-1
232,1,178,570,428,324,1,-1,-1,-1
232,2,961,435,340,370,1,-1,-1,-1
232,4,794,1088,528,352,1,-1,-1,-1
232,5,731,310,137,274,1,-1,-1,-1
232,6,1419,414,335,366,1,-1,-1,-1
232,7,912,258,280,303,1,-1,-1,-1
232,10,683,317,198,278,1,-1,-1,-1
232,12,329,169,128,142,1,-1,-1,-1
232,13,754,293,130,187,1,-1,-1,-1
232,15,119,228,134,174,1,-1,-1,-1
232,17,632,33,252,136,1,-1,-1,-1
232,19,-5,778,76,312,1,-1,-1,-1
232,20,179,573,415,309,1,-1,-1,-1
232,21,981,428,350,370,1,-1,-1,-1
232,22,1716,553,336,372,1,-1,-1,-1
232,23,773,242,163,238,1,-1,-1,-1
232,24,1405,415,312,368,1,-1,-1,-1
232,25,957,274,181,251,1,-1,-1,-1
232,26,-34,766,234,322,1,-1,-1,-1
232,27,765,249,142,201,1,-1,-1,-1
232,28,689,304,73,189,1,-1,-1,-1
232,29,943,261,210,210,1,-1,-1,-1
232,30,2398,463,144,232,1,-1,-1,-1
232,31,1402,423,312,348,1,-1,-1,-1
232,32,947,262,214,239,1,-1,-1,-1
232,33,1341,329,120,220,1,-1,-1,-1
232,34,921,289,236,141,1,-1,-1,-1
232,35,964,430,340,384,1,-1,-1,-1
233,0,1247,810,292,516,1,-1,-1,-1
233,1,160,592,404,296,1,-1,-1,-1
233,2,961,435,340,370,1,-1,-1,-1
233,4,788,1080,528,356,1,-1,-1,-1
233,5,731,310,137,274,1,-1,-1,-1
233,6,1419,414,335,366,1,-1,-1,-1
233,7,912,258,280,303,1,-1,-1,-1
233,10,683,317,198,278,1,-1,-1,-1
233,12,329,169,128,142,1,-1,-1,-1
233,13,754,293,130,187,1,-1,-1,-1
233,15,119,228,134,174,1,-1,-1,-1
233,17,628,32,248,136,1,-1,-1,-1
233,19,-5,778,76,312,1,-1,-1,-1
233,20,179,573,415,309,1,-1,-1,-1
233,21,981,428,350,370,1,-1,-1,-1
233,22,1712,540,332,380,1,-1,-1,-1
233,23,773,242,163,238,1,-1,-1,-1
233,24,1405,415,312,368,1,-1,-1,-1
233,25,957,274,181,251,1,-1,-1,-1
233,26,-34,766,234,322,1,-1,-1,-1
233,27,765,249,142,201,1,-1,-1,-1
233,28,689,304,73,189,1,-1,-1,-1
233,29,904,288,256,144,1,-1,-1,-1
233,30,2376,460,184,232,1,-1,-1,-1
233,31,1380,424,328,340,1,-1,-1,-1
233,32,947,262,214,239,1,-1,-1,-1
233,33,1341,329,120,220,1,-1,-1,-1
233,34,921,289,236,141,1,-1,-1,-1
233,35,964,430,340,384,1,-1,-1,-1
234,0,1239,809,292,516,1,-1,-1,-1
234,1,157,591,404,296,1,-1,-1,-1
234,2,953,432,340,370,1,-1,-1,-1
234,4,786,1080,528,356,1,-1,-1,-1
234,5,726,310,137,274,1,-1,-1,-1
234,6,1403,413,335,366,1,-1,-1,-1
234,7,902,259,280,303,1,-1,-1,-1
234,10,679,315,198,278,1,-1,-1,-1
234,12,319,167,128,142,1,-1,-1,-1
234,13,746,293,130,187,1,-1,-1,-1
234,15,108,225,134,174,1,-1,-1,-1
234,17,625,32,248,136,1,-1,-1,-1
234,19,-7,778,76,312,1,-1,-1,-1
234,20,165,574,415,309,1,-1,-1,-1
234,21,970,428,350,370,1,-1,-1,-1
234,22,1706,539,332,380,1,-1,-1,-1
234,23,766,241,163,238,1,-1,-1,-1
234,24,1391,414,312,368,1,-1,-1,-1
234,25,948,273,181,251,1,-1,-1,-1
234,26,-37,766,234,322,1,-1,-1,-1
234,27,756,249,142,201,1,-1,-1,-1
234,28,686,307,69,180,1,-1,-1,-1
234,29,900,288,256,144,1,-1,-1,-1
234,30,2372,459,184,232,1,-1,-1,-1
234,31,1375,424,328,340,1,-1,-1,-1
234,32,938,261,214,239,1,-1,-1,-1
234,33,1336,326,120,220,1,-1,-1,-1
234,34,908,285,236,141,1,-1,-1,-1
234,35,954,431,340,384,1,-1,-1,-1
235,0,1233,809,292,516,1,-1,-1,-1
235,1,150,596,404,296,1,-1,-1,-1
235,2,953,441,324,352,1,-1,-1,-1
235,4,785,1081,528,356,1,-1,-1,-1
235,5,722,309,137,274,1,-1,-1,-1
235,6,1391,410,335,366,1,-1,-1,-1
235,7,895,254,280,303,1,-1,-1,-1
235,10,675,316,198,278,1,-1,-1,-1
235,12,313,167,128,142,1,-1,-1,-1
235,13,743,293,130,187,1,-1,-1,-1
235,15,105,227,134,174,1,-1,-1,-1
235,17,621,32,248,136,1,-1,-1,-1
235,19,-9,778,76,312,1,-1,-1,-1
235,20,156,574,415,309,1,-1,-1,-1
235,21,959,423,350,370,1,-1,-1,-1
235,22,1700,538,332,380,1,-1,-1,-1
235,23,760,240,163,238,1,-1,-1,-1
235,24,1383,409,312,368,1,-1,-1,-1
235,25,942,270,181,251,1,-1,-1,-1
235,26,-40,766,234,322,1,-1,-1,-1
235,27,753,248,142,201,1,-1,-1,-1
235,28,682,306,69,180,1,-1,-1,-1
235,29,896,289,256,144,1,-1,-1,-1
235,30,2369,458,184,232,1,-1,-1,-1
235,31,1367,423,328,340,1,-1,-1,-1
235,32,930,260,214,239,1,-1,-1,-1
235,33,1332,325,120,220,1,-1,-1,-1
235,34,902,285,236,141,1,-1,-1,-1
235,35,948,428,340,384,1,-1,-1,-1
236,0,1228,807,292,516,1,-1,-1,-1
236,1,142,596,404,296,1,-1,-1,-1
236,2,947,439,324,352,1,-1,-1,-1
236,4,782,1079,528,356,1,-1,-1,-1
236,5,718,309,137,274,1,-1,-1,-1
236,6,1381,409,335,366,1,-1,-1,-1
236,7,891,254,280,303,1,-1,-1,-1
236,10,671,315,198,278,1,-1,-1,-1
236,12,307,167,128,142,1,-1,-1,-1
236,13,739,292,130,187,1,-1,-1,-1
236,15,101,229,134,174,1,-1,-1,-1
236,17,617,32,248,136,1,-1,-1,-1
236,19,-9,788,72,297,1,-1,-1,-1
236,20,148,577,415,309,1,-1,-1,-1
236,21,953,423,350,370,1,-1,-1,-1
236,22,1693,538,332,380,1,-1,-1,-1
236,23,756,239,163,238,1,-1,-1,-1
236,24,1376,407,312,368,1,-1,-1,-1
236,25,937,268,181,251,1,-1,-1,-1
236,26,-43,766,234,322,1,-1,-1,-1
236,27,748,248,142,201,1,-1,-1,-1
236,28,679,305,69,180,1,-1,-1,-1
236,29,890,288,256,144,1,-1,-1,-1
236,30,2364,456,184,232,1,-1,-1,-1
236,31,1359,422,328,340,1,-1,-1,-1
236,32,926,260,214,239,1,-1,-1,-1
236,33,1328,324,120,220,1,-1,-1,-1
236,34,898,284,236,141,1,-1,-1,-1
236,35,943,424,340,384,1,-1,-1,-1
237,0,1223,805,292,516,1,-1,-1,-1
237,1,134,599,404,296,1,-1,-1,-1
237,2,941,438,324,352,1,-1,-1,-1
237,4,778,1079,528,356,1,-1,-1,-1
237,5,714,308,137,274,1,-1,-1,-1
237,6,1375,407,335,366,1,-1,-1,-1
237,7,883,252,280,303,1,-1,-1,-1
237,10,667,314,198,278,1,-1,-1,-1
237,12,302,168,128,142,1,-1,-1,-1
237,13,735,291,130,187,1,-1,-1,-1
237,15,98,229,134,174,1,-1,-1,-1
237,17,613,31,248,136,1,-1,-1,-1
237,19,-10,787,72,297,1,-1,-1,-1
237,20,139,578,415,309,1,-1,-1,-1
237,21,946,421,350,370,1,-1,-1,-1
237,22,1683,535,332,380,1,-1,-1,-1
237,23,751,239,163,238,1,-1,-1,-1
237,24,1364,405,312,368,1,-1,-1,-1
237,25,932,265,181,251,1,-1,-1,-1
237,26,-45,766,234,322,1,-1,-1,-1
237,27,743,248,142,201,1,-1,-1,-1
237,28,677,305,69,180,1,-1,-1,-1
237,29,884,286,256,144,1,-1,-1,-1
237,30,2358,453,184,232,1,-1,-1,-1
237,31,1349,420,328,340,1,-1,-1,-1
237,32,917,258,214,239,1,-1,-1,-1
237,33,1323,323,120,220,1,-1,-1,-1
237,34,892,284,236,141,1,-1,-1,-1
237,35,934,423,340,384,1,-1,-1,-1
238,0,1217,803,292,516,1,-1,-1,-1
238,1,129,601,404,296,1,-1,-1,-1
238,2,930,437,324,352,1,-1,-1,-1
238,4,773,1079,528,356,1,-1,-1,-1
238,5,710,307,137,274,1,-1,-1,-1
238,6,1363,405,335,366,1,-1,-1,-1
238,7,878,249,280,303,1,-1,-1,-1
238,10,661,315,198,278,1,-1,-1,-1
238,12,295,167,128,142,1,-1,-1,-1
238,13,731,291,130,187,1,-1,-1,-1
238,15,97,232,134,174,1,-1,-1,-1
238,17,607,30,248,136,1,-1,-1,-1
238,19,-7,796,69,283,1,-1,-1,-1
238,20,132,578,415,309,1,-1,-1,-1
238,21,935,420,350,370,1,-1,-1,-1
238,22,1673,534,332,380,1,-1,-1,-1
238,23,747,239,163,238,1,-1,-1,-1
238,24,1356,404,312,368,1,-1,-1,-1
238,25,921,263,181,251,1,-1,-1,-1
238,26,-47,768,234,322,1,-1,-1,-1
238,27,739,247,142,201,1,-1,-1,-1
238,28,672,304,69,180,1,-1,-1,-1
238,29,875,285,256,144,1,-1,-1,-1
238,30,2353,453,184,232,1,-1,-1,-1
238,31,1342,421,328,340,1,-1,-1,-1
238,32,909,257,214,239,1,-1,-1,-1
238,33,1320,324,120,220,1,-1,-1,-1
238,34,886,283,236,141,1,-1,-1,-1
238,35,928,424,340,384,1,-1,-1,-1
239,0,1212,801,292,516,1,-1,-1,-1
239,1,118,602,404,296,1,-1,-1,-1
239,2,925,434,324,352,1,-1,-1,-1
239,4,769,1078,528,356,1,-1,-1,-1
239,5,705,307,137,274,1,-1,-1,-1
239,6,1353,402,335,366,1,-1,-1,-1
239,7,868,249,280,303,1,-1,-1,-1
239,10,656,314,198,278,1,-1,-1,-1
239,12,290,167,128,142,1,-1,-1,-1
239,13,724,291,130,187,1,-1,-1,-1
239,15,93,229,141,183,1,-1,-1,-1
239,17,602,30,248,136,1,-1,-1,-1
239,19,-11,790,72,297,1,-1,-1,-1
239,20,123,579,415,309,1,-1,-1,-1
239,21,926,417,350,370,1,-1,-1,-1
239,22,1663,533,332,380,1,-1,-1,-1
239,23,744,239,163,238,1,-1,-1,-1
239,24,1346,404,312,368,1,-1,-1,-1
239,25,914,264,181,251,1,-1,-1,-1
239,26,-51,768,234,322,1,-1,-1,-1
239,27,735,247,142,201,1,-1,-1,-1
239,28,668,303,69,180,1,-1,-1,-1
239,29,867,284,256,144,1,-1,-1,-1
239,30,2346,451,184,232,1,-1,-1,-1
239,31,1333,419,328,340,1,-1,-1,-1
239,32,902,257,214,239,1,-1,-1,-1
239,33,1315,323,120,220,1,-1,-1,-1
239,34,870,280,248,148,1,-1,-1,-1
239,35,922,426,340,384,1,-1,-1,-1
240,0,1204,800,292,516,1,-1,-1,-1
240,1,119,609,385,282,1,-1,-1,-1
240,2,916,433,324,352,1,-1,-1,-1
240,4,750,1070,554,374,1,-1,-1,-1
240,5,698,307,137,274,1,-1,-1,-1
240,6,1344,400,335,366,1,-1,-1,-1
240,7,862,249,280,303,1,-1,-1,-1
240,10,651,314,198,278,1,-1,-1,-1
240,12,281,165,128,142,1,-1,-1,-1
240,13,719,291,130,187,1,-1,-1,-1
240,15,85,232,141,183,1,-1,-1,-1
240,17,597,30,248,136,1,-1,-1,-1
240,19,-13,790,72,297,1,-1,-1,-1
240,20,111,580,415,309,1,-1,-1,-1
240,21,920,416,350,370,1,-1,-1,-1
240,22,1651,532,332,380,1,-1,-1,-1
240,23,736,237,163,238,1,-1,-1,-1
240,24,1335,403,312,368,1,-1,-1,-1
240,25,904,256,190,264,1,-1,-1,-1
240,26,-54,769,234,322,1,-1,-1,-1
240,27,726,243,149,211,1,-1,-1,-1
240,28,665,303,69,180,1,-1,-1,-1
240,29,861,284,256,144,1,-1,-1,-1
240,30,2341,449,184,232,1,-1,-1,-1
240,31,1325,417,328,340,1,-1,-1,-1
240,32,895,257,214,239,1,-1,-1,-1
240,33,1310,322,120,220,1,-1,-1,-1
240,34,869,281,236,141,1,-1,-1,-1
240,35,914,426,340,384,1,-1,-1,-1
241,0,1156,808,328,440,1,-1,-1,-1
241,1,119,609,385,282,1,-1,-1,-1
241,2,908,448,328,340,1,-1,-1,-1
241,4,764,1076,520,364,1,-1,-1,-1
241,5,698,307,137,274,1,-1,-1,-1
241,6,1344,400,335,366,1,-1,-1,-1
241,7,862,249,280,303,1,-1,-1,-1
241,10,651,314,198,278,1,-1,-1,-1
241,12,281,165,128,142,1,-1,-1,-1
241,13,719,291,130,187,1,-1,-1,-1
241,15,85,232,141,183,1,-1,-1,-1
241,17,588,32,248,132,1,-1,-1,-1
241,19,-13,790,72,297,1,-1,-1,-1
241,20,111,580,415,309,1,-1,-1,-1
241,21,920,416,350,370,1,-1,-1,-1
241,22,1632,540,304,348,1,-1,-1,-1
241,23,736,237,163,238,1,-1,-1,-1
241,24,1335,403,312,368,1,-1,-1,-1
241,25,904,256,190,264,1,-1,-1,-1
241,26,-54,769,234,322,1,-1,-1,-1
241,27,726,243,149,211,1,-1,-1,-1
241,28,665,303,69,180,1,-1,-1,-1
241,29,861,284,256,144,1,-1,-1,-1
241,30,2328,448,228,236,1,-1,-1,-1
241,31,1325,417,328,340,1,-1,-1,-1
241,32,895,257,214,239,1,-1,-1,-1
241,33,1310,322,120,220,1,-1,-1,-1
241,34,869,281,236,141,1,-1,-1,-1
241,35,914,426,340,384,1,-1,-1,-1
241,36,1304,388,344,364,1,-1,-1,-1
242,0,1152,807,328,440,1,-1,-1,-1
242,1,97,605,385,282,1,-1,-1,-1
242,2,903,449,328,340,1,-1,-1,-1
242,4,760,1076,520,364,1,-1,-1,-1
242,5,684,300,144,288,1,-1,-1,-1
242,6,1320,395,335,366,1,-1,-1,-1
242,7,848,248,280,303,1,-1,-1,-1
242,10,639,315,198,278,1,-1,-1,-1
242,12,267,166,128,142,1,-1,-1,-1
242,13,707,290,130,187,1,-1,-1,-1
242,15,78,233,141,183,1,-1,-1,-1
242,17,584,31,248,132,1,-1,-1,-1
242,20,84,579,415,309,1,-1,-1,-1
242,21,911,425,334,352,1,-1,-1,-1
242,22,1625,540,304,348,1,-1,-1,-1
242,23,724,237,163,238,1,-1,-1,-1
242,24,1310,395,312,368,1,-1,-1,-1
242,25,891,256,190,264,1,-1,-1,-1
242,26,-63,772,234,322,1,-1,-1,-1
242,27,713,242,149,211,1,-1,-1,-1
242,28,654,304,69,180,1,-1,-1,-1
242,29,845,281,256,144,1,-1,-1,-1
242,30,2323,447,228,236,1,-1,-1,-1
242,31,1295,406,344,357,1,-1,-1,-1
242,32,884,257,214,239,1,-1,-1,-1
242,33,1297,322,120,220,1,-1,-1,-1
242,34,853,279,236,141,1,-1,-1,-1
242,35,892,419,340,384,1,-1,-1,-1
242,36,1296,388,344,364,1,-1,-1,-1
243,0,1145,806,328,440,1,-1,-1,-1
243,1,87,604,385,282,1,-1,-1,-1
243,2,893,448,328,340,1,-1,-1,-1
243,4,754,1078,520,364,1,-1,-1,-1
243,5,677,300,144,288,1,-1,-1,-1
243,6,1312,394,335,366,1,-1,-1,-1
243,7,840,246,280,303,1,-1,-1,-1
243,10,633,315,198,278,1,-1,-1,-1
243,12,260,167,128,142,1,-1,-1,-1
243,13,702,289,130,187,1,-1,-1,-1
243,15,67,231,141,183,1,-1,-1,-1
243,17,579,31,248,132,1,-1,-1,-1
243,20,74,578,415,309,1,-1,-1,-1
243,21,902,425,334,352,1,-1,-1,-1
243,22,1615,540,304,348,1,-1,-1,-1
243,23,717,236,163,238,1,-1,-1,-1
243,24,1302,395,312,368,1,-1,-1,-1
243,25,880,254,190,264,1,-1,-1,-1
243,26,-59,783,223,307,1,-1,-1,-1
243,27,707,241,149,211,1,-1,-1,-1
243,28,645,303,69,180,1,-1,-1,-1
243,29,838,279,256,144,1,-1,-1,-1
243,30,2317,446,228,236,1,-1,-1,-1
243,31,1286,407,344,357,1,-1,-1,-1
243,32,876,252,214,239,1,-1,-1,-1
243,33,1290,315,126,231,1,-1,-1,-1
243,34,846,277,236,141,1,-1,-1,-1
243,35,882,418,340,384,1,-1,-1,-1
243,36,1286,387,344,364,1,-1,-1,-1
244,0,1138,806,328,440,1,-1,-1,-1
244,1,76,604,385,282,1,-1,-1,-1
244,2,885,447,328,340,1,-1,-1,-1
244,4,748,1078,520,364,1,-1,-1,-1
244,5,675,307,137,274,1,-1,-1,-1
244,6,1300,391,335,366,1,-1,-1,-1
244,7,830,244,280,303,1,-1,-1,-1
244,10,628,316,198,278,1,-1,-1,-1
244,12,251,165,128,142,1,-1,-1,-1
244,13,695,290,130,187,1,-1,-1,-1
244,15,57,231,141,183,1,-1,-1,-1
244,17,571,30,248,132,1,-1,-1,-1
244,20,79,588,395,294,1,-1,-1,-1
244,21,892,424,334,352,1,-1,-1,-1
244,22,1605,537,304,348,1,-1,-1,-1
244,23,710,236,163,238,1,-1,-1,-1
244,24,1298,402,297,350,1,-1,-1,-1
244,25,871,252,190,264,1,-1,-1,-1
244,26,-65,787,223,307,1,-1,-1,-1
244,27,698,240,149,211,1,-1,-1,-1
244,28,638,303,69,180,1,-1,-1,-1
244,29,830,281,256,144,1,-1,-1,-1
244,30,2310,444,228,236,1,-1,-1,-1
244,31,1275,406,344,357,1,-1,-1,-1
244,32,866,251,214,239,1,-1,-1,-1
244,33,1283,315,126,231,1,-1,-1,-1
244,34,836,277,236,141,1,-1,-1,-1
244,35,873,416,340,384,1,-1,-1,-1
244,36,1273,386,344,364,1,-1,-1,-1
245,0,1130,806,328,440,1,-1,-1,-1
245,1,75,606,385,282,1,-1,-1,-1
245,2,874,448,328,340,1,-1,-1,-1
245,4,742,1078,520,364,1,-1,-1,-1
245,5,669,306,137,274,1,-1,-1,-1
245,6,1297,400,319,348,1,-1,-1,-1
245,7,821,244,280,303,1,-1,-1,-1
245,10,621,316,198,278,1,-1,-1,-1
245,12,241,164,128,142,1,-1,-1,-1
245,13,688,290,130,187,1,-1,-1,-1
245,15,52,231,141,183,1,-1,-1,-1
245,17,562,29,248,132,1,-1,-1,-1
245,20,67,589,395,294,1,-1,-1,-1
245,21,885,426,334,352,1,-1,-1,-1
245,22,1595,537,304,348,1,-1,-1,-1
245,23,705,237,163,238,1,-1,-1,-1
245,24,1284,401,297,350,1,-1,-1,-1
245,25,864,252,190,264,1,-1,-1,-1
245,26,-68,787,223,307,1,-1,-1,-1
245,27,693,239,149,211,1,-1,-1,-1
245,28,629,302,69,180,1,-1,-1,-1
245,29,821,280,256,144,1,-1,-1,-1
245,30,2302,441,228,236,1,-1,-1,-1
245,31,1262,404,344,357,1,-1,-1,-1
245,32,856,250,214,239,1,-1,-1,-1
245,33,1275,313,126,231,1,-1,-1,-1
245,34,826,275,236,141,1,-1,-1,-1
245,35,871,427,324,366,1,-1,-1,-1
245,36,1264,384,344,364,1,-1,-1,-1
246,0,1122,803,328,440,1,-1,-1,-1
246,1,53,601,385,282,1,-1,-1,-1
246,2,865,447,328,340,1,-1,-1,-1
246,4,737,1077,520,364,1,-1,-1,-1
246,5,662,306,137,274,1,-1,-1,-1
246,6,1284,397,319,348,1,-1,-1,-1
246,7,813,245,280,303,1,-1,-1,-1
246,10,613,315,198,278,1,-1,-1,-1
246,12,231,163,128,142,1,-1,-1,-1
246,13,682,290,130,187,1,-1,-1,-1
246,15,37,232,141,183,1,-1,-1,-1
246,17,557,30,248,132,1,-1,-1,-1
246,20,60,589,395,294,1,-1,-1,-1
246,21,874,423,334,352,1,-1,-1,-1
246,22,1585,536,304,348,1,-1,-1,-1
246,23,697,236,163,238,1,-1,-1,-1
246,24,1270,398,297,350,1,-1,-1,-1
246,25,856,249,190,264,1,-1,-1,-1
246,26,-63,797,212,292,1,-1,-1,-1
246,27,686,240,149,211,1,-1,-1,-1
246,28,627,308,66,171,1,-1,-1,-1
246,29,811,279,256,144,1,-1,-1,-1
246,30,2294,441,228,236,1,-1,-1,-1
246,31,1247,402,344,357,1,-1,-1,-1
246,32,847,248,214,239,1,-1,-1,-1
246,33,1267,314,126,231,1,-1,-1,-1
246,34,817,275,236,141,1,-1,-1,-1
246,35,863,428,324,366,1,-1,-1,-1
246,36,1253,382,344,364,1,-1,-1,-1
247,0,1115,805,328,440,1,-1,-1,-1
247,1,45,603,385,282,1,-1,-1,-1
247,2,857,447,328,340,1,-1,-1,-1
247,4,730,1078,520,364,1,-1,-1,-1
247,5,653,306,137,274,1,-1,-1,-1
247,6,1273,396,319,348,1,-1,-1,-1
247,7,802,244,280,303,1,-1,-1,-1
247,10,607,315,198,278,1,-1,-1,-1
247,12,220,163,128,142,1,-1,-1,-1
247,13,673,290,130,187,1,-1,-1,-1
247,15,26,230,141,183,1,-1,-1,-1
247,17,547,29,248,132,1,-1,-1,-1
247,20,30,583,415,309,1,-1,-1,-1
247,21,863,420,334,352,1,-1,-1,-1
247,22,1573,535,304,348,1,-1,-1,-1
247,23,690,237,163,238,1,-1,-1,-1
247,24,1260,397,297,350,1,-1,-1,-1
247,25,848,248,190,264,1,-1,-1,-1
247,26,-69,802,212,292,1,-1,-1,-1
247,27,678,240,149,211,1,-1,-1,-1
247,28,619,307,66,171,1,-1,-1,-1
247,29,805,280,256,144,1,-1,-1,-1
247,30,2286,439,228,236,1,-1,-1,-1
247,31,1239,398,344,357,1,-1,-1,-1
247,32,839,247,214,239,1,-1,-1,-1
247,33,1257,315,126,231,1,-1,-1,-1
247,34,808,274,236,141,1,-1,-1,-1
247,35,854,425,324,366,1,-1,-1,-1
247,36,1243,381,344,364,1,-1,-1,-1
248,0,1107,804,328,440,1,-1,-1,-1
248,1,33,605,385,282,1,-1,-1,-1
248,2,857,454,312,324,1,-1,-1,-1
248,4,722,1078,520,364,1,-1,-1,-1
248,5,646,306,137,274,1,-1,-1,-1
248,6,1262,396,319,348,1,-1,-1,-1
248,7,793,244,280,303,1,-1,-1,-1
248,10,598,315,198,278,1,-1,-1,-1
248,12,209,162,128,142,1,-1,-1,-1
248,13,665,289,130,187,1,-1,-1,-1
248,15,21,234,141,183,1,-1,-1,-1
248,17,538,29,248,132,1,-1,-1,-1
248,20,15,582,415,309,1,-1,-1,-1
248,21,851,417,334,352,1,-1,-1,-1
248,22,1563,534,304,348,1,-1,-1,-1
248,23,682,237,163,238,1,-1,-1,-1
248,24,1248,397,297,350,1,-1,-1,-1
248,25,837,247,190,264,1,-1,-1,-1
248,26,-61,811,202,278,1,-1,-1,-1
248,27,669,240,149,211,1,-1,-1,-1
248,28,613,308,66,171,1,-1,-1,-1
248,29,794,280,256,144,1,-1,-1,-1
248,30,2278,437,228,236,1,-1,-1,-1
248,31,1228,400,344,357,1,-1,-1,-1
248,32,829,246,214,239,1,-1,-1,-1
248,33,1251,314,126,231,1,-1,-1,-1
248,34,800,274,236,141,1,-1,-1,-1
248,35,841,422,324,366,1,-1,-1,-1
248,36,1231,379,344,364,1,-1,-1,-1
249,0,1076,796,348,456,1,-1,-1,-1
249,1,4,596,392,292,1,-1,-1,-1
249,2,857,454,312,324,1,-1,-1,-1
249,4,720,1068,512,368,1,-1,-1,-1
249,5,646,306,137,274,1,-1,-1,-1
249,6,1262,396,319,348,1,-1,-1,-1
249,7,793,244,280,303,1,-1,-1,-1
249,10,598,315,198,278,1,-1,-1,-1
249,12,209,162,128,142,1,-1,-1,-1
249,13,665,289,130,187,1,-1,-1,-1
249,15,21,234,141,183,1,-1,-1,-1
249,17,528,32,252,136,1,-1,-1,-1
249,20,15,582,415,309,1,-1,-1,-1
249,21,836,404,344,372,1,-1,-1,-1
249,22,1563,534,304,348,1,-1,-1,-1
249,23,682,237,163,238,1,-1,-1,-1
249,24,1236,396,276,336,1,-1,-1,-1
249,25,837,247,190,264,1,-1,-1,-1
249,26,-61,811,202,278,1,-1,-1,-1
249,27,669,240,149,211,1,-1,-1,-1
249,28,613,308,66,171,1,-1,-1,-1
249,29,794,280,256,144,1,-1,-1,-1
249,30,2260,428,280,236,1,-1,-1,-1
249,31,1228,400,344,357,1,-1,-1,-1
249,32,829,246,214,239,1,-1,-1,-1
249,33,1251,314,126,231,1,-1,-1,-1
249,34,800,274,236,141,1,-1,-1,-1
249,35,841,422,324,366,1,-1,-1,-1
249,36,1231,379,344,364,1,-1,-1,-1
249,37,1516,520,336,368,1,-1,-1,-1
250,0,1071,797,348,456,1,-1,-1,-1
250,1,-3,597,392,292,1,-1,-1,-1
250,2,835,451,312,324,1,-1,-1,-1
250,4,714,1068,512,368,1,-1,-1,-1
250,5,628,305,137,274,1,-1,-1,-1
250,6,1237,392,319,348,1,-1,-1,-1
250,7,773,241,280,303,1,-1,-1,-1
250,10,578,313,198,278,1,-1,-1,-1
250,12,191,163,128,142,1,-1,-1,-1
250,13,648,289,130,187,1,-1,-1,-1
250,15,6,236,141,183,1,-1,-1,-1
250,17,521,32,252,136,1,-1,-1,-1
250,20,-10,586,415,309,1,-1,-1,-1
250,21,827,405,344,372,1,-1,-1,-1
250,22,1539,525,304,348,1,-1,-1,-1
250,23,664,236,163,238,1,-1,-1,-1
250,24,1227,396,276,336,1,-1,-1,-1
250,25,819,245,190,264,1,-1,-1,-1
250,26,-81,808,202,278,1,-1,-1,-1
250,27,652,239,149,211,1,-1,-1,-1
250,28,597,304,69,180,1,-1,-1,-1
250,29,774,278,256,144,1,-1,-1,-1
250,30,2252,429,280,236,1,-1,-1,-1
250,31,1201,396,344,357,1,-1,-1,-1
250,32,809,244,214,239,1,-1,-1,-1
250,33,1232,315,126,231,1,-1,-1,-1
250,34,779,271,236,141,1,-1,-1,-1
250,35,815,418,324,366,1,-1,-1,-1
250,36,1207,379,344,364,1,-1,-1,-1
250,37,1507,520,336,368,1,-1,-1,-1
251,0,1063,795,348,456,1,-1,-1,-1
251,1,-17,598,392,292,1,-1,-1,-1
251,2,823,450,312,324,1,-1,-1,-1
251,4,706,1068,512,368,1,-1,-1,-1
251,5,620,305,137,274,1,-1,-1,-1
251,6,1225,394,319,348,1,-1,-1,-1
251,7,762,241,280,303,1,-1,-1,-1
251,10,572,314,198,278,1,-1,-1,-1
251,12,179,164,128,142,1,-1,-1,-1
251,13,639,290,130,187,1,-1,-1,-1
251,15,-1,236,141,183,1,-1,-1,-1
251,17,513,32,252,136,1,-1,-1,-1
251,20,-22,588,415,309,1,-1,-1,-1
251,21,815,405,344,372,1,-1,-1,-1
251,22,1528,526,304,348,1,-1,-1,-1
251,23,655,236,163,238,1,-1,-1,-1
251,24,1216,395,276,336,1,-1,-1,-1
251,25,806,247,190,264,1,-1,-1,-1
251,27,648,244,142,201,1,-1,-1,-1
251,28,584,305,69,180,1,-1,-1,-1
251,29,764,279,256,144,1,-1,-1,-1
251,30,2245,425,280,236,1,-1,-1,-1
251,31,1199,404,328,340,1,-1,-1,-1
251,32,806,248,204,228,1,-1,-1,-1
251,33,1228,317,120,220,1,-1,-1,-1
251,34,772,270,236,141,1,-1,-1,-1
251,35,806,416,324,366,1,-1,-1,-1
251,36,1202,386,328,347,1,-1,-1,-1
251,37,1496,517,336,368,1,-1,-1,-1
252,0,1054,795,348,456,1,-1,-1,-1
252,1,-31,598,392,292,1,-1,-1,-1
252,2,811,451,312,324,1,-1,-1,-1
252,4,698,1067,512,368,1,-1,-1,-1
252,5,612,306,137,274,1,-1,-1,-1
252,6,1213,394,319,348,1,-1,-1,-1
252,7,752,240,280,303,1,-1,-1,-1
252,10,564,315,198,278,1,-1,-1,-1
252,12,168,165,128,142,1,-1,-1,-1
252,13,631,290,130,187,1,-1,-1,-1
252,15,-6,237,141,183,1,-1,-1,-1
252,17,501,32,252,136,1,-1,-1,-1
252,20,-20,594,395,294,1,-1,-1,-1
252,21,805,402,344,372,1,-1,-1,-1
252,22,1526,532,290,331,1,-1,-1,-1
252,23,646,235,163,238,1,-1,-1,-1
252,24,1204,397,276,336,1,-1,-1,-1
252,25,799,245,190,264,1,-1,-1,-1
252,27,638,242,142,201,1,-1,-1,-1
252,29,757,277,256,144,1,-1,-1,-1
252,30,2235,424,280,236,1,-1,-1,-1
252,31,1185,405,328,340,1,-1,-1,-1
252,32,801,253,194,217,1,-1,-1,-1
252,33,1220,315,120,220,1,-1,-1,-1
252,34,762,271,236,141,1,-1,-1,-1
252,35,795,416,324,366,1,-1,-1,-1
252,36,1192,386,328,347,1,-1,-1,-1
252,37,1482,515,336,368,1,-1,-1,-1
253,0,1044,794,348,456,1,-1,-1,-1
253,1,-36,600,392,292,1,-1,-1,-1
253,2,796,448,312,324,1,-1,-1,-1
253,4,692,1066,512,368,1,-1,-1,-1
253,5,603,307,137,274,1,-1,-1,-1
253,6,1201,394,319,348,1,-1,-1,-1
253,7,740,242,280,303,1,-1,-1,-1
253,10,553,316,198,278,1,-1,-1,-1
253,12,159,164,128,142,1,-1,-1,-1
253,13,620,289,130,187,1,-1,-1,-1
253,15,-8,237,141,183,1,-1,-1,-1
253,17,493,32,252,136,1,-1,-1,-1
253,20,-39,594,395,294,1,-1,-1,-1
253,21,796,401,344,372,1,-1,-1,-1
253,22,1510,530,290,331,1,-1,-1,-1
253,23,635,236,163,238,1,-1,-1,-1
253,24,1192,395,276,336,1,-1,-1,-1
253,25,783,247,190,264,1,-1,-1,-1
253,27,627,244,142,201,1,-1,-1,-1
253,29,746,277,256,144,1,-1,-1,-1
253,30,2225,421,280,236,1,-1,-1,-1
253,31,1174,403,328,340,1,-1,-1,-1
253,32,791,253,194,217,1,-1,-1,-1
253,33,1210,313,120,220,1,-1,-1,-1
253,34,750,271,236,141,1,-1,-1,-1
253,35,777,414,324,366,1,-1,-1,-1
253,36,1180,386,328,347,1,-1,-1,-1
253,37,1469,512,336,368,1,-1,-1,-1
254,0,1034,792,348,456,1,-1,-1,-1
254,1,-53,601,392,292,1,-1,-1,-1
254,2,786,449,312,324,1,-1,-1,-1
254,4,682,1067,512,368,1,-1,-1,-1
254,5,592,308,137,274,1,-1,-1,-1
254,6,1190,394,319,348,1,-1,-1,-1
254,7,729,242,280,303,1,-1,-1,-1
254,10,543,317,198,278,1,-1,-1,-1
254,12,148,164,128,142,1,-1,-1,-1
254,13,611,290,130,187,1,-1,-1,-1
254,15,-15,240,141,183,1,-1,-1,-1
254,17,482,32,252,136,1,-1,-1,-1
254,20,-48,592,395,294,1,-1,-1,-1
254,21,781,402,344,372,1,-1,-1,-1
254,22,1494,528,290,331,1,-1,-1,-1
254,23,625,237,163,238,1,-1,-1,-1
254,24,1181,394,276,336,1,-1,-1,-1
254,25,770,247,190,264,1,-1,-1,-1
254,27,618,244,142,201,1,-1,-1,-1
254,29,734,277,256,144,1,-1,-1,-1
254,30,2215,419,280,236,1,-1,-1,-1
254,31,1163,402,328,340,1,-1,-1,-1
254,32,780,252,194,217,1,-1,-1,-1
254,33,1203,312,120,220,1,-1,-1,-1
254,34,737,268,236,141,1,-1,-1,-1
254,35,765,412,324,366,1,-1,-1,-1
254,36,1177,391,312,330,1,-1,-1,-1
254,37,1454,511,336,368,1,-1,-1,-1
255,0,1025,792,348,456,1,-1,-1,-1
255,1,-64,602,392,292,1,-1,-1,-1
255,2,774,450,312,324,1,-1,-1,-1
255,4,673,1067,512,368,1,-1,-1,-1
255,5,583,308,137,274,1,-1,-1,-1
255,6,1180,393,319,348,1,-1,-1,-1
255,7,718,242,280,303,1,-1,-1,-1
255,10,533,317,198,278,1,-1,-1,-1
255,12,136,164,128,142,1,-1,-1,-1
255,13,602,290,130,187,1,-1,-1,-1
255,15,-26,242,141,183,1,-1,-1,-1
255,17,473,32,252,136,1,-1,-1,-1
255,20,-86,590,415,309,1,-1,-1,-1
255,21,770,404,344,372,1,-1,-1,-1
255,22,1470,517,304,348,1,-1,-1,-1
255,23,616,237,163,238,1,-1,-1,-1
255,24,1170,395,276,336,1,-1,-1,-1
255,25,756,248,190,264,1,-1,-1,-1
255,27,607,244,142,201,1,-1,-1,-1
255,29,724,276,256,144,1,-1,-1,-1
255,30,2205,417,280,236,1,-1,-1,-1
255,31,1151,400,328,340,1,-1,-1,-1
255,32,768,252,194,217,1,-1,-1,-1
255,33,1192,310,120,220,1,-1,-1,-1
255,34,725,270,236,141,1,-1,-1,-1
255,35,754,415,324,366,1,-1,-1,-1
255,36,1160,390,312,330,1,-1,-1,-1
255,37,1443,510,336,368,1,-1,-1,-1
256,0,1017,792,348,456,1,-1,-1,-1
256,1,-71,602,392,292,1,-1,-1,-1
256,2,760,448,312,324,1,-1,-1,-1
256,4,666,1067,512,368,1,-1,-1,-1
256,5,578,315,131,261,1,-1,-1,-1
256,6,1166,395,319,348,1,-1,-1,-1
256,7,706,245,280,303,1,-1,-1,-1
256,10,524,317,198,278,1,-1,-1,-1
256,12,124,165,128,142,1,-1,-1,-1
256,13,590,290,130,187,1,-1,-1,-1
256,17,459,32,252,136,1,-1,-1,-1
256,20,-97,589,415,309,1,-1,-1,-1
256,21,757,406,344,372,1,-1,-1,-1
256,22,1459,516,304,348,1,-1,-1,-1
256,23,605,238,163,238,1,-1,-1,-1
256,24,1158,395,276,336,1,-1,-1,-1
256,25,748,250,190,264,1,-1,-1,-1
256,27,596,242,142,201,1,-1,-1,-1
256,29,722,280,244,137,1,-1,-1,-1
256,30,2193,415,280,236,1,-1,-1,-1
256,31,1138,402,328,340,1,-1,-1,-1
256,32,756,253,194,217,1,-1,-1,-1
256,33,1185,309,120,220,1,-1,-1,-1
256,34,716,271,236,141,1,-1,-1,-1
256,35,740,414,324,366,1,-1,-1,-1
256,36,1150,392,312,330,1,-1,-1,-1
256,37,1427,509,336,368,1,-1,-1,-1
257,0,996,788,356,452,1,-1,-1,-1
257,1,-71,602,392,292,1,-1,-1,-1
257,2,760,448,312,324,1,-1,-1,-1
257,4,656,1068,512,368,1,-1,-1,-1
257,5,578,315,131,261,1,-1,-1,-1
257,6,1166,395,319,348,1,-1,-1,-1
257,7,706,245,280,303,1,-1,-1,-1
257,10,524,317,198,278,1,-1,-1,-1
257,12,124,165,128,142,1,-1,-1,-1
257,13,590,290,130,187,1,-1,-1,-1
257,17,448,28,260,136,1,-1,-1,-1
257,20,0,608,320,284,1,-1,-1,-1
257,21,757,406,344,372,1,-1,-1,-1
257,22,1459,516,304,348,1,-1,-1,-1
257,23,605,238,163,238,1,-1,-1,-1
257,24,1128,392,288,336,1,-1,-1,-1
257,25,748,250,190,264,1,-1,-1,-1
257,27,596,242,142,201,1,-1,-1,-1
257,29,722,280,244,137,1,-1,-1,-1
257,30,2180,416,260,240,1,-1,-1,-1
257,31,1138,402,328,340,1,-1,-1,-1
257,32,756,253,194,217,1,-1,-1,-1
257,33,1185,309,120,220,1,-1,-1,-1
257,34,716,271,236,141,1,-1,-1,-1
257,35,740,428,308,340,1,-1,-1,-1
257,36,1150,392,312,330,1,-1,-1,-1
257,37,1428,508,312,352,1,-1,-1,-1
258,0,990,788,356,452,1,-1,-1,-1
258,1,-84,606,392,292,1,-1,-1,-1
258,2,732,444,312,324,1,-1,-1,-1
258,4,651,1067,512,368,1,-1,-1,-1
258,5,554,314,131,261,1,-1,-1,-1
258,6,1137,389,319,348,1,-1,-1,-1
258,7,680,244,280,303,1,-1,-1,-1
258,10,502,317,198,278,1,-1,-1,-1
258,12,99,167,128,142,1,-1,-1,-1
258,13,571,291,130,187,1,-1,-1,-1
258,17,436,29,260,136,1,-1,-1,-1
258,20,-15,609,320,284,1,-1,-1,-1
258,21,727,401,344,372,1,-1,-1,-1
258,22,1429,511,304,348,1,-1,-1,-1
258,23,584,237,163,238,1,-1,-1,-1
258,24,1117,392,288,336,1,-1,-1,-1
258,25,723,250,190,264,1,-1,-1,-1
258,27,575,244,142,201,1,-1,-1,-1
258,29,696,278,244,137,1,-1,-1,-1
258,30,2170,415,260,240,1,-1,-1,-1
258,31,1108,400,328,340,1,-1,-1,-1
258,32,734,252,194,217,1,-1,-1,-1
258,33,1164,312,120,220,1,-1,-1,-1
258,34,692,269,236,141,1,-1,-1,-1
258,35,730,430,308,340,1,-1,-1,-1
258,36,1122,391,312,330,1,-1,-1,-1
258,37,1414,506,312,352,1,-1,-1,-1
259,0,979,787,356,452,1,-1,-1,-1
259,1,-92,611,392,292,1,-1,-1,-1
259,2,719,445,312,324,1,-1,-1,-1
259,4,640,1068,512,368,1,-1,-1,-1
259,5,544,317,131,261,1,-1,-1,-1
259,6,1122,392,319,348,1,-1,-1,-1
259,7,664,244,280,303,1,-1,-1,-1
259,10,491,319,198,278,1,-1,-1,-1
259,12,87,168,128,142,1,-1,-1,-1
259,13,557,291,130,187,1,-1,-1,-1
259,17,428,29,260,136,1,-1,-1,-1
259,20,-27,613,320,284,1,-1,-1,-1
259,21,716,401,344,372,1,-1,-1,-1
259,22,1414,510,304,348,1,-1,-1,-1
259,23,571,235,163,238,1,-1,-1,-1
259,24,1103,393,288,336,1,-1,-1,-1
259,25,705,252,190,264,1,-1,-1,-1
259,27,564,243,142,201,1,-1,-1,-1
259,29,684,278,244,137,1,-1,-1,-1
259,30,2155,413,260,240,1,-1,-1,-1
259,31,1096,400,328,340,1,-1,-1,-1
259,32,719,252,194,217,1,-1,-1,-1
259,33,1152,313,120,220,1,-1,-1,-1
259,34,678,266,236,141,1,-1,-1,-1
259,35,716,431,308,340,1,-1,-1,-1
259,36,1110,391,312,330,1,-1,-1,-1
259,37,1401,506,312,352,1,-1,-1,-1
260,0,968,786,356,452,1,-1,-1,-1
260,1,-114,612,412,307,1,-1,-1,-1
260,2,708,447,312,324,1,-1,-1,-1
260,4,632,1069,512,368,1,-1,-1,-1
260,5,534,318,131,261,1,-1,-1,-1
260,6,1116,400,304,332,1,-1,-1,-1
260,7,655,245,280,303,1,-1,-1,-1
260,10,479,320,198,278,1,-1,-1,-1
260,12,75,169,128,142,1,-1,-1,-1
260,13,546,291,130,187,1,-1,-1,-1
260,17,414,29,260,136,1,-1,-1,-1
260,20,-40,615,320,284,1,-1,-1,-1
260,21,703,403,344,372,1,-1,-1,-1
260,22,1402,507,304,348,1,-1,-1,-1
260,23,558,238,163,238,1,-1,-1,-1
260,24,1091,393,288,336,1,-1,-1,-1
260,25,690,246,199,277,1,-1,-1,-1
260,27,551,243,142,201,1,-1,-1,-1
260,29,673,279,244,137,1,-1,-1,-1
260,30,2143,410,260,240,1,-1,-1,-1
260,31,1081,400,328,340,1,-1,-1,-1
260,32,708,251,194,217,1,-1,-1,-1
260,33,1139,314,120,220,1,-1,-1,-1
260,34,672,268,225,134,1,-1,-1,-1
260,35,703,431,308,340,1,-1,-1,-1
260,36,1095,390,312,330,1,-1,-1,-1
260,37,1388,505,312,352,1,-1,-1,-1
261,0,957,786,356,452,1,-1,-1,-1
261,1,-111,619,392,292,1,-1,-1,-1
261,2,692,446,312,324,1,-1,-1,-1
261,4,621,1069,512,368,1,-1,-1,-1
261,5,522,319,131,261,1,-1,-1,-1
261,6,1104,400,304,332,1,-1,-1,-1
261,7,637,244,280,303,1,-1,-1,-1
261,10,467,320,198,278,1,-1,-1,-1
261,12,62,169,128,142,1,-1,-1,-1
261,13,534,291,130,187,1,-1,-1,-1
261,17,401,29,260,136,1,-1,-1,-1
261,20,-54,617,320,284,1,-1,-1,-1
261,21,689,400,344,372,1,-1,-1,-1
261,22,1388,506,304,348,1,-1,-1,-1
261,23,550,240,163,238,1,-1,-1,-1
261,24,1078,393,288,336,1,-1,-1,-1
261,25,674,245,199,277,1,-1,-1,-1
261,27,542,248,135,191,1,-1,-1,-1
261,29,664,278,244,137,1,-1,-1,-1
261,30,2131,408,260,240,1,-1,-1,-1
261,31,1078,407,312,324,1,-1,-1,-1
261,32,692,252,194,217,1,-1,-1,-1
261,33,1127,308,126,231,1,-1,-1,-1
261,34,658,267,225,134,1,-1,-1,-1
261,35,693,430,308,340,1,-1,-1,-1
261,36,1083,392,312,330,1,-1,-1,-1
261,37,1372,504,312,352,1,-1,-1,-1
262,0,945,785,356,452,1,-1,-1,-1
262,1,-106,630,373,278,1,-1,-1,-1
262,2,681,445,312,324,1,-1,-1,-1
262,4,610,1070,512,368,1,-1,-1,-1
262,5,509,321,131,261,1,-1,-1,-1
262,6,1087,399,304,332,1,-1,-1,-1
262,7,622,242,280,303,1,-1,-1,-1
262,10,456,320,198,278,1,-1,-1,-1
262,12,47,170,128,142,1,-1,-1,-1
262,13,523,292,130,187,1,-1,-1,-1
262,17,389,29,260,136,1,-1,-1,-1
262,20,-65,620,320,284,1,-1,-1,-1
262,21,675,400,344,372,1,-1,-1,-1
262,22,1370,504,304,348,1,-1,-1,-1
262,23,536,238,163,238,1,-1,-1,-1
262,24,1063,393,288,336,1,-1,-1,-1
262,25,660,247,199,277,1,-1,-1,-1
262,27,530,248,135,191,1,-1,-1,-1
262,29,644,276,244,137,1,-1,-1,-1
262,30,2117,407,260,240,1,-1,-1,-1
262,31,1062,408,312,324,1,-1,-1,-1
262,32,678,252,194,217,1,-1,-1,-1
262,33,1116,313,120,220,1,-1,-1,-1
262,34,644,267,225,134,1,-1,-1,-1
262,35,678,431,308,340,1,-1,-1,-1
262,36,1068,392,312,330,1,-1,-1,-1
262,37,1360,503,312,352,1,-1,-1,-1
263,0,934,784,356,452,1,-1,-1,-1
263,1,-106,636,356,265,1,-1,-1,-1
263,2,662,446,312,324,1,-1,-1,-1
263,4,600,1070,512,368,1,-1,-1,-1
263,5,497,320,131,261,1,-1,-1,-1
263,6,1072,397,304,332,1,-1,-1,-1
263,7,611,243,280,303,1,-1,-1,-1
263,10,446,321,198,278,1,-1,-1,-1
263,12,32,171,128,142,1,-1,-1,-1
263,13,510,292,130,187,1,-1,-1,-1
263,17,375,30,260,136,1,-1,-1,-1
263,20,-83,620,320,284,1,-1,-1,-1
263,21,662,402,344,372,1,-1,-1,-1
263,22,1356,504,304,348,1,-1,-1,-1
263,23,525,243,155,227,1,-1,-1,-1
263,24,1050,392,288,336,1,-1,-1,-1
263,25,646,244,199,277,1,-1,-1,-1
263,27,517,248,135,191,1,-1,-1,-1
263,29,630,275,244,137,1,-1,-1,-1
263,30,2105,405,260,240,1,-1,-1,-1
263,31,1044,400,312,324,1,-1,-1,-1
263,32,661,250,194,217,1,-1,-1,-1
263,33,1107,310,120,220,1,-1,-1,-1
263,34,630,266,225,134,1,-1,-1,-1
263,35,662,428,308,340,1,-1,-1,-1
263,36,1047,386,312,330,1,-1,-1,-1
263,37,1344,504,312,352,1,-1,-1,-1
264,0,922,784,356,452,1,-1,-1,-1
264,2,651,447,312,324,1,-1,-1,-1
264,4,588,1071,512,368,1,-1,-1,-1
264,5,485,320,131,261,1,-1,-1,-1
264,6,1054,388,304,332,1,-1,-1,-1
264,7,594,243,280,303,1,-1,-1,-1
264,10,433,321,198,278,1,-1,-1,-1
264,12,17,173,128,142,1,-1,-1,-1
264,13,497,293,130,187,1,-1,-1,-1
264,17,364,30,260,136,1,-1,-1,-1
264,20,-88,630,305,270,1,-1,-1,-1
264,21,648,403,344,372,1,-1,-1,-1
264,22,1340,503,304,348,1,-1,-1,-1
264,23,512,243,155,227,1,-1,-1,-1
264,24,1034,389,288,336,1,-1,-1,-1
264,25,633,244,199,277,1,-1,-1,-1
264,27,504,249,135,191,1,-1,-1,-1
264,29,615,274,244,137,1,-1,-1,-1
264,30,2091,404,260,240,1,-1,-1,-1
264,31,1024,396,312,324,1,-1,-1,-1
264,32,658,254,185,207,1,-1,-1,-1
264,33,1093,310,120,220,1,-1,-1,-1
264,34,610,264,236,141,1,-1,-1,-1
264,35,649,428,308,340,1,-1,-1,-1
264,36,1044,396,297,314,1,-1,-1,-1
264,37,1331,503,312,352,1,-1,-1,-1
265,0,922,784,356,452,1,-1,-1,-1
265,2,651,447,312,324,1,-1,-1,-1
265,4,548,1068,540,372,1,-1,-1,-1
265,5,485,320,131,261,1,-1,-1,-1
265,6,1054,388,304,332,1,-1,-1,-1
265,7,594,243,280,303,1,-1,-1,-1
265,10,433,321,198,278,1,-1,-1,-1
265,12,17,173,128,142,1,-1,-1,-1
265,13,497,293,130,187,1,-1,-1,-1
265,17,348,32,256,140,1,-1,-1,-1
265,20,-88,630,305,270,1,-1,-1,-1
265,21,648,403,344,372,1,-1,-1,-1
265,22,1340,503,304,348,1,-1,-1,-1
265,23,512,243,155,227,1,-1,-1,-1
265,24,1034,389,288,336,1,-1,-1,-1
265,25,633,244,199,277,1,-1,-1,-1
265,27,504,249,135,191,1,-1,-1,-1
265,29,615,274,244,137,1,-1,-1,-1
265,30,2091,404,260,240,1,-1,-1,-1
265,31,1024,396,312,324,1,-1,-1,-1
265,32,658,254,185,207,1,-1,-1,-1
265,33,1093,310,120,220,1,-1,-1,-1
265,34,610,264,236,141,1,-1,-1,-1
265,35,649,428,308,340,1,-1,-1,-1
265,36,1044,396,297,314,1,-1,-1,-1
265,37,1331,503,312,352,1,-1,-1,-1
265,38,2136,604,424,480,1,-1,-1,-1
266,0,895,780,356,452,1,-1,-1,-1
266,2,622,447,312,324,1,-1,-1,-1
266,4,539,1068,540,372,1,-1,-1,-1
266,5,459,320,131,261,1,-1,-1,-1
266,6,1023,387,304,332,1,-1,-1,-1
266,7,563,243,280,303,1,-1,-1,-1
266,10,405,322,198,278,1,-1,-1,-1
266,12,-14,175,128,142,1,-1,-1,-1
266,13,474,294,130,187,1,-1,-1,-1
266,17,333,33,256,140,1,-1,-1,-1
266,20,-118,632,305,270,1,-1,-1,-1
266,21,618,405,344,372,1,-1,-1,-1
266,22,1308,497,304,348,1,-1,-1,-1
266,23,487,244,155,227,1,-1,-1,-1
266,24,1003,386,288,336,1,-1,-1,-1
266,25,605,245,199,277,1,-1,-1,-1
266,27,480,250,135,191,1,-1,-1,-1
266,29,587,274,244,137,1,-1,-1,-1
266,30,2064,401,260,240,1,-1,-1,-1
266,31,994,395,312,324,1,-1,-1,-1
266,32,633,256,185,207,1,-1,-1,-1
266,33,1071,310,120,220,1,-1,-1,-1
266,34,584,265,236,141,1,-1,-1,-1
266,35,620,429,308,340,1,-1,-1,-1
266,36,1011,394,297,314,1,-1,-1,-1
266,37,1303,498,312,352,1,-1,-1,-1
266,38,2122,602,424,480,1,-1,-1,-1
267,0,886,783,356,452,1,-1,-1,-1
267,2,605,446,312,324,1,-1,-1,-1
267,4,529,1069,540,372,1,-1,-1,-1
267,5,446,321,131,261,1,-1,-1,-1
267,6,1007,388,304,332,1,-1,-1,-1
267,7,552,243,280,303,1,-1,-1,-1
267,10,392,324,198,278,1,-1,-1,-1
267,12,-29,176,128,142,1,-1,-1,-1
267,13,458,295,130,187,1,-1,-1,-1
267,17,321,33,256,140,1,-1,-1,-1
267,20,-134,634,305,270,1,-1,-1,-1
267,21,603,406,344,372,1,-1,-1,-1
267,22,1296,501,290,331,1,-1,-1,-1
267,23,473,245,155,227,1,-1,-1,-1
267,24,988,386,288,336,1,-1,-1,-1
267,25,589,246,199,277,1,-1,-1,-1
267,27,464,251,135,191,1,-1,-1,-1
267,29,579,278,232,131,1,-1,-1,-1
267,30,2052,398,260,240,1,-1,-1,-1
267,31,978,395,312,324,1,-1,-1,-1
267,32,615,255,185,207,1,-1,-1,-1
267,33,1054,310,120,220,1,-1,-1,-1
267,34,568,263,236,141,1,-1,-1,-1
267,35,604,432,308,340,1,-1,-1,-1
267,36,986,382,312,330,1,-1,-1,-1
267,37,1286,502,297,335,1,-1,-1,-1
267,38,2103,603,424,480,1,-1,-1,-1
268,0,872,781,356,452,1,-1,-1,-1
268,2,587,446,312,324,1,-1,-1,-1
268,4,517,1069,540,372,1,-1,-1,-1
268,5,430,320,131,261,1,-1,-1,-1
268,6,989,388,304,332,1,-1,-1,-1
268,7,536,243,280,303,1,-1,-1,-1
268,10,377,324,198,278,1,-1,-1,-1
268,12,-44,177,128,142,1,-1,-1,-1
268,13,443,296,130,187,1,-1,-1,-1
268,17,304,33,256,140,1,-1,-1,-1
268,20,-147,639,305,270,1,-1,-1,-1
268,21,589,406,344,372,1,-1,-1,-1
268,22,1278,499,290,331,1,-1,-1,-1
268,23,458,245,155,227,1,-1,-1,-1
268,24,970,382,288,336,1,-1,-1,-1
268,25,575,248,199,277,1,-1,-1,-1
268,27,450,252,135,191,1,-1,-1,-1
268,29,566,279,232,131,1,-1,-1,-1
268,30,2036,397,260,240,1,-1,-1,-1
268,31,961,389,312,324,1,-1,-1,-1
268,32,599,256,185,207,1,-1,-1,-1
268,33,1042,312,120,220,1,-1,-1,-1
268,34,555,264,236,141,1,-1,-1,-1
268,35,586,427,308,340,1,-1,-1,-1
268,36,968,379,312,330,1,-1,-1,-1
268,37,1271,502,297,335,1,-1,-1,-1
268,38,2085,599,424,480,1,-1,-1,-1
269,0,860,782,356,452,1,-1,-1,-1
269,2,572,448,312,324,1,-1,-1,-1
269,4,503,1068,540,372,1,-1,-1,-1
269,5,416,321,131,261,1,-1,-1,-1
269,6,971,383,304,332,1,-1,-1,-1
269,7,521,245,280,303,1,-1,-1,-1
269,10,365,326,198,278,1,-1,-1,-1
269,13,429,297,130,187,1,-1,-1,-1
269,17,293,34,256,140,1,-1,-1,-1
269,20,-165,643,305,270,1,-1,-1,-1
269,21,572,407,344,372,1,-1,-1,-1
269,22,1263,500,290,331,1,-1,-1,-1
269,23,443,246,155,227,1,-1,-1,-1
269,24,953,384,288,336,1,-1,-1,-1
269,25,559,249,199,277,1,-1,-1,-1
269,27,435,253,135,191,1,-1,-1,-1
269,29,548,280,232,131,1,-1,-1,-1
269,30,2022,397,260,240,1,-1,-1,-1
269,31,951,396,298,308,1,-1,-1,-1
269,32,584,256,185,207,1,-1,-1,-1
269,33,1028,310,120,220,1,-1,-1,-1
269,34,539,265,236,141,1,-1,-1,-1
269,35,575,431,308,340,1,-1,-1,-1
269,36,958,388,297,314,1,-1,-1,-1
269,37,1257,508,283,319,1,-1,-1,-1
269,38,2063,599,424,480,1,-1,-1,-1
270,0,847,783,356,452,1,-1,-1,-1
270,2,554,443,312,324,1,-1,-1,-1
270,4,491,1070,540,372,1,-1,-1,-1
270,5,403,324,131,261,1,-1,-1,-1
270,6,955,386,304,332,1,-1,-1,-1
270,7,504,244,280,303,1,-1,-1,-1
270,10,350,326,198,278,1,-1,-1,-1
270,13,415,298,130,187,1,-1,-1,-1
270,17,275,36,256,140,1,-1,-1,-1
270,21,556,409,344,372,1,-1,-1,-1
270,22,1244,498,290,331,1,-1,-1,-1
270,23,429,247,155,227,1,-1,-1,-1
270,24,937,384,288,336,1,-1,-1,-1
270,25,546,249,199,277,1,-1,-1,-1
270,27,421,252,135,191,1,-1,-1,-1
270,29,525,279,244,137,1,-1,-1,-1
270,30,2008,395,260,240,1,-1,-1,-1
270,31,939,399,298,308,1,-1,-1,-1
270,32,570,256,185,207,1,-1,-1,-1
270,33,1014,312,120,220,1,-1,-1,-1
270,34,528,268,225,134,1,-1,-1,-1
270,35,557,432,308,340,1,-1,-1,-1
270,36,945,389,297,314,1,-1,-1,-1
270,37,1238,506,283,319,1,-1,-1,-1
270,38,2047,597,424,480,1,-1,-1,-1
271,0,834,783,356,452,1,-1,-1,-1
271,2,536,446,312,324,1,-1,-1,-1
271,4,477,1071,540,372,1,-1,-1,-1
271,5,388,324,131,261,1,-1,-1,-1
271,6,938,381,304,332,1,-1,-1,-1
271,7,487,244,280,303,1,-1,-1,-1
271,10,334,326,198,278,1,-1,-1,-1
271,13,401,298,130,187,1,-1,-1,-1
271,17,259,36,256,140,1,-1,-1,-1
271,21,542,409,344,372,1,-1,-1,-1
271,22,1223,497,290,331,1,-1,-1,-1
271,23,415,247,155,227,1,-1,-1,-1
271,24,921,383,288,336,1,-1,-1,-1
271,25,526,250,199,277,1,-1,-1,-1
271,27,405,253,135,191,1,-1,-1,-1
271,29,507,282,244,137,1,-1,-1,-1
271,30,1990,393,260,240,1,-1,-1,-1
271,31,921,397,298,308,1,-1,-1,-1
271,32,552,257,185,207,1,-1,-1,-1
271,33,1001,312,120,220,1,-1,-1,-1
271,34,512,270,225,134,1,-1,-1,-1
271,35,545,435,308,340,1,-1,-1,-1
271,36,926,386,297,314,1,-1,-1,-1
271,37,1219,503,283,319,1,-1,-1,-1
271,38,2021,591,424,480,1,-1,-1,-1
272,0,819,782,356,452,1,-1,-1,-1
272,2,523,449,312,324,1,-1,-1,-1
272,4,466,1072,540,372,1,-1,-1,-1
272,5,373,324,131,261,1,-1,-1,-1
272,6,919,379,304,332,1,-1,-1,-1
272,7,469,246,280,303,1,-1,-1,-1
272,10,319,327,198,278,1,-1,-1,-1
272,13,384,300,130,187,1,-1,-1,-1
272,17,245,37,256,140,1,-1,-1,-1
272,21,525,409,344,372,1,-1,-1,-1
272,22,1209,496,290,331,1,-1,-1,-1
272,23,399,247,155,227,1,-1,-1,-1
272,24,903,379,288,336,1,-1,-1,-1
272,25,508,251,199,277,1,-1,-1,-1
272,27,390,253,135,191,1,-1,-1,-1
272,29,485,282,244,137,1,-1,-1,-1
272,30,1976,393,260,240,1,-1,-1,-1
272,31,904,396,298,308,1,-1,-1,-1
272,32,535,260,185,207,1,-1,-1,-1
272,33,986,312,120,220,1,-1,-1,-1
272,34,494,273,225,134,1,-1,-1,-1
272,35,526,432,308,340,1,-1,-1,-1
272,36,907,385,297,314,1,-1,-1,-1
272,37,1198,503,283,319,1,-1,-1,-1
272,38,1996,582,424,480,1,-1,-1,-1
273,0,816,788,332,488,1,-1,-1,-1
273,2,523,449,312,324,1,-1,-1,-1
273,4,456,1076,532,364,1,-1,-1,-1
273,5,373,324,131,261,1,-1,-1,-1
273,6,919,379,304,332,1,-1,-1,-1
273,7,469,246,280,303,1,-1,-1,-1
273,10,319,327,198,278,1,-1,-1,-1
273,13,384,300,130,187,1,-1,-1,-1
273,17,224,40,260,136,1,-1,-1,-1
273,21,525,409,344,372,1,-1,-1,-1
273,22,1209,496,290,331,1,-1,-1,-1
273,23,399,247,155,227,1,-1,-1,-1
273,24,903,379,288,336,1,-1,-1,-1
273,25,508,251,199,277,1,-1,-1,-1
273,27,390,253,135,191,1,-1,-1,-1
273,29,485,282,244,137,1,-1,-1,-1
273,30,1964,392,248,228,1,-1,-1,-1
273,31,904,396,298,308,1,-1,-1,-1
273,32,535,260,185,207,1,-1,-1,-1
273,33,986,312,120,220,1,-1,-1,-1
273,34,494,273,225,134,1,-1,-1,-1
273,35,480,424,332,348,1,-1,-1,-1
273,36,907,385,297,314,1,-1,-1,-1
273,37,1196,484,296,336,1,-1,-1,-1
273,38,1956,612,596,496,1,-1,-1,-1
273,39,900,384,248,312,1,-1,-1,-1
274,0,804,787,332,488,1,-1,-1,-1
274,2,491,450,312,324,1,-1,-1,-1
274,4,447,1076,532,364,1,-1,-1,-1
274,5,345,327,131,261,1,-1,-1,-1
274,6,885,380,304,332,1,-1,-1,-1
274,7,437,247,280,303,1,-1,-1,-1
274,10,290,328,198,278,1,-1,-1,-1
274,13,357,304,130,187,1,-1,-1,-1
274,17,207,40,260,136,1,-1,-1,-1
274,21,493,405,344,372,1,-1,-1,-1
274,22,1172,492,290,331,1,-1,-1,-1
274,23,369,252,155,227,1,-1,-1,-1
274,24,874,379,288,336,1,-1,-1,-1
274,25,480,252,199,277,1,-1,-1,-1
274,27,361,255,135,191,1,-1,-1,-1
274,29,452,284,244,137,1,-1,-1,-1
274,30,1947,390,248,228,1,-1,-1,-1
274,31,867,396,298,308,1,-1,-1,-1
274,32,502,262,185,207,1,-1,-1,-1
274,33,961,310,120,220,1,-1,-1,-1
274,34,462,276,225,134,1,-1,-1,-1
274,35,463,423,332,348,1,-1,-1,-1
274,36,873,385,297,314,1,-1,-1,-1
274,37,1178,483,296,336,1,-1,-1,-1
274,38,1939,610,596,496,1,-1,-1,-1
274,39,883,384,248,312,1,-1,-1,-1
275,0,788,787,332,488,1,-1,-1,-1
275,2,471,450,312,324,1,-1,-1,-1
275,4,430,1077,532,364,1,-1,-1,-1
275,5,325,328,131,261,1,-1,-1,-1
275,6,872,383,304,332,1,-1,-1,-1
275,7,416,246,280,303,1,-1,-1,-1
275,10,272,331,198,278,1,-1,-1,-1
275,13,339,304,130,187,1,-1,-1,-1
275,17,188,40,260,136,1,-1,-1,-1
275,21,475,407,344,372,1,-1,-1,-1
275,22,1146,492,290,331,1,-1,-1,-1
275,23,352,250,155,227,1,-1,-1,-1
275,24,855,377,288,336,1,-1,-1,-1
275,25,459,253,199,277,1,-1,-1,-1
275,27,343,255,135,191,1,-1,-1,-1
275,29,429,285,244,137,1,-1,-1,-1
275,30,1931,389,248,228,1,-1,-1,-1
275,31,854,400,283,294,1,-1,-1,-1
275,32,481,263,185,207,1,-1,-1,-1
275,33,943,311,120,220,1,-1,-1,-1
275,34,441,276,225,134,1,-1,-1,-1
275,35,447,425,332,348,1,-1,-1,-1
275,36,856,379,297,314,1,-1,-1,-1
275,37,1161,484,296,336,1,-1,-1,-1
275,38,1921,612,596,496,1,-1,-1,-1
275,39,865,383,248,312,1,-1,-1,-1
276,0,774,788,332,488,1,-1,-1,-1
276,2,453,450,312,324,1,-1,-1,-1
276,4,418,1080,532,364,1,-1,-1,-1
276,5,306,328,131,261,1,-1,-1,-1
276,6,856,385,304,332,1,-1,-1,-1
276,7,402,247,280,303,1,-1,-1,-1
276,10,257,333,198,278,1,-1,-1,-1
276,13,323,305,130,187,1,-1,-1,-1
276,17,171,41,260,136,1,-1,-1,-1
276,21,455,406,344,372,1,-1,-1,-1
276,22,1127,489,290,331,1,-1,-1,-1
276,23,333,252,155,227,1,-1,-1,-1
276,24,841,384,288,336,1,-1,-1,-1
276,25,442,252,199,277,1,-1,-1,-1
276,27,327,257,135,191,1,-1,-1,-1
276,29,401,280,256,144,1,-1,-1,-1
276,30,1914,386,248,228,1,-1,-1,-1
276,31,836,398,283,294,1,-1,-1,-1
276,32,464,263,185,207,1,-1,-1,-1
276,33,928,315,114,210,1,-1,-1,-1
276,34,423,277,225,134,1,-1,-1,-1
276,35,428,423,332,348,1,-1,-1,-1
276,36,839,379,297,314,1,-1,-1,-1
276,37,1144,483,296,336,1,-1,-1,-1
276,38,1886,599,626,521,1,-1,-1,-1
276,39,848,381,248,312,1,-1,-1,-1
277,0,758,786,332,488,1,-1,-1,-1
277,2,433,448,312,324,1,-1,-1,-1
277,4,400,1079,532,364,1,-1,-1,-1
277,5,292,330,131,261,1,-1,-1,-1
277,6,840,384,304,332,1,-1,-1,-1
277,7,381,246,280,303,1,-1,-1,-1
277,10,237,335,198,278,1,-1,-1,-1
277,13,305,306,130,187,1,-1,-1,-1
277,17,154,42,260,136,1,-1,-1,-1
277,21,438,405,344,372,1,-1,-1,-1
277,22,1105,488,290,331,1,-1,-1,-1
277,23,316,254,155,227,1,-1,-1,-1
277,24,823,378,288,336,1,-1,-1,-1
277,25,427,252,199,277,1,-1,-1,-1
277,27,309,258,135,191,1,-1,-1,-1
277,29,382,283,256,144,1,-1,-1,-1
277,30,1899,385,248,228,1,-1,-1,-1
277,31,815,397,283,294,1,-1,-1,-1
277,32,444,264,185,207,1,-1,-1,-1
277,33,913,314,114,210,1,-1,-1,-1
277,34,404,278,225,134,1,-1,-1,-1
277,35,407,422,332,348,1,-1,-1,-1
277,36,816,377,297,314,1,-1,-1,-1
277,37,1119,481,296,336,1,-1,-1,-1
277,38,1863,598,626,521,1,-1,-1,-1
277,39,829,381,248,312,1,-1,-1,-1
278,0,742,784,332,488,1,-1,-1,-1
278,2,415,450,312,324,1,-1,-1,-1
278,4,385,1079,532,364,1,-1,-1,-1
278,5,272,330,131,261,1,-1,-1,-1
278,6,815,378,304,332,1,-1,-1,-1
278,7,361,247,280,303,1,-1,-1,-1
278,10,221,335,198,278,1,-1,-1,-1
278,13,288,308,130,187,1,-1,-1,-1
278,17,136,44,260,136,1,-1,-1,-1
278,21,416,406,344,372,1,-1,-1,-1
278,22,1088,489,290,331,1,-1,-1,-1
278,23,302,255,155,227,1,-1,-1,-1
278,24,801,377,288,336,1,-1,-1,-1
278,25,406,254,199,277,1,-1,-1,-1
278,27,292,261,135,191,1,-1,-1,-1
278,29,361,282,256,144,1,-1,-1,-1
278,30,1880,383,248,228,1,-1,-1,-1
278,31,793,397,283,294,1,-1,-1,-1
278,32,427,266,185,207,1,-1,-1,-1
278,33,897,314,114,210,1,-1,-1,-1
278,34,386,279,225,134,1,-1,-1,-1
278,35,391,426,332,348,1,-1,-1,-1
278,36,796,375,297,314,1,-1,-1,-1
278,37,1102,481,296,336,1,-1,-1,-1
278,38,1835,595,626,521,1,-1,-1,-1
278,39,807,382,248,312,1,-1,-1,-1
279,0,730,786,332,488,1,-1,-1,-1
279,2,384,441,328,340,1,-1,-1,-1
279,4,372,1080,532,364,1,-1,-1,-1
279,5,255,332,131,261,1,-1,-1,-1
279,6,789,376,304,332,1,-1,-1,-1
279,7,343,247,280,303,1,-1,-1,-1
279,10,202,337,198,278,1,-1,-1,-1
279,13,270,309,130,187,1,-1,-1,-1
279,17,118,44,260,136,1,-1,-1,-1
279,21,400,407,344,372,1,-1,-1,-1
279,22,1065,488,290,331,1,-1,-1,-1
279,23,282,258,155,227,1,-1,-1,-1
279,24,781,384,274,320,1,-1,-1,-1
279,25,388,254,199,277,1,-1,-1,-1
279,27,275,262,135,191,1,-1,-1,-1
279,29,341,285,256,144,1,-1,-1,-1
279,30,1862,382,248,228,1,-1,-1,-1
279,31,774,397,283,294,1,-1,-1,-1
279,32,408,265,185,207,1,-1,-1,-1
279,33,880,315,114,210,1,-1,-1,-1
279,34,366,279,225,134,1,-1,-1,-1
279,35,373,424,332,348,1,-1,-1,-1
279,36,773,377,297,314,1,-1,-1,-1
279,37,1078,481,296,336,1,-1,-1,-1
279,38,1814,592,626,521,1,-1,-1,-1
279,39,787,382,248,312,1,-1,-1,-1
280,0,710,786,332,488,1,-1,-1,-1
280,2,365,440,328,340,1,-1,-1,-1
280,4,354,1081,532,364,1,-1,-1,-1
280,5,237,333,131,261,1,-1,-1,-1
280,6,777,382,290,316,1,-1,-1,-1
280,7,324,248,280,303,1,-1,-1,-1
280,10,184,338,198,278,1,-1,-1,-1
280,13,252,311,130,187,1,-1,-1,-1
280,17,99,45,260,136,1,-1,-1,-1
280,21,380,407,344,372,1,-1,-1,-1
280,22,1049,490,290,331,1,-1,-1,-1
280,23,264,258,155,227,1,-1,-1,-1
280,24,761,382,274,320,1,-1,-1,-1
280,25,370,254,199,277,1,-1,-1,-1
280,27,258,262,135,191,1,-1,-1,-1
280,29,320,286,256,144,1,-1,-1,-1
280,30,1849,386,236,217,1,-1,-1,-1
280,31,754,397,283,294,1,-1,-1,-1
280,32,388,266,185,207,1,-1,-1,-1
280,33,863,314,114,210,1,-1,-1,-1
280,34,348,280,225,134,1,-1,-1,-1
280,35,349,424,332,348,1,-1,-1,-1
280,36,753,377,297,314,1,-1,-1,-1
280,37,1062,483,296,336,1,-1,-1,-1
280,38,1798,590,626,521,1,-1,-1,-1
280,39,769,380,248,312,1,-1,-1,-1
281,0,710,786,332,488,1,-1,-1,-1
281,2,365,440,328,340,1,-1,-1,-1
281,4,328,1088,540,352,1,-1,-1,-1
281,5,237,333,131,261,1,-1,-1,-1
281,6,777,382,290,316,1,-1,-1,-1
281,7,324,248,280,303,1,-1,-1,-1
281,10,184,338,198,278,1,-1,-1,-1
281,13,252,311,130,187,1,-1,-1,-1
281,17,80,44,276,140,1,-1,-1,-1
281,21,380,407,344,372,1,-1,-1,-1
281,22,1049,490,290,331,1,-1,-1,-1
281,23,264,258,155,227,1,-1,-1,-1
281,24,748,372,280,328,1,-1,-1,-1
281,25,370,254,199,277,1,-1,-1,-1
281,27,258,262,135,191,1,-1,-1,-1
281,29,320,286,256,144,1,-1,-1,-1
281,30,1832,380,236,236,1,-1,-1,-1
281,31,754,397,283,294,1,-1,-1,-1
281,32,388,266,185,207,1,-1,-1,-1
281,33,863,314,114,210,1,-1,-1,-1
281,34,348,280,225,134,1,-1,-1,-1
281,35,349,424,332,348,1,-1,-1,-1
281,36,753,377,297,314,1,-1,-1,-1
281,37,1062,483,296,336,1,-1,-1,-1
281,38,1968,580,476,424,1,-1,-1,-1
281,39,769,380,248,312,1,-1,-1,-1
281,40,2372,12,148,172,1,-1,-1,-1
281,41,1036,488,268,332,1,-1,-1,-1
282,0,672,786,332,488,1,-1,-1,-1
282,2,323,442,328,340,1,-1,-1,-1
282,4,316,1090,540,352,1,-1,-1,-1
282,5,206,337,131,261,1,-1,-1,-1
282,6,737,386,290,316,1,-1,-1,-1
282,7,290,250,280,303,1,-1,-1,-1
282,10,151,340,198,278,1,-1,-1,-1
282,13,218,313,130,187,1,-1,-1,-1
282,17,61,45,276,140,1,-1,-1,-1
282,21,338,407,344,372,1,-1,-1,-1
282,22,1008,491,290,331,1,-1,-1,-1
282,24,730,373,280,328,1,-1,-1,-1
282,25,334,256,199,277,1,-1,-1,-1
282,27,221,264,135,191,1,-1,-1,-1
282,29,286,287,256,144,1,-1,-1,-1
282,30,1813,379,236,236,1,-1,-1,-1
282,31,715,400,283,294,1,-1,-1,-1
282,32,353,269,185,207,1,-1,-1,-1
282,33,835,313,114,210,1,-1,-1,-1
282,34,308,283,225,134,1,-1,-1,-1
282,35,312,427,332,348,1,-1,-1,-1
282,36,713,381,297,314,1,-1,-1,-1
282,37,1021,483,296,336,1,-1,-1,-1
282,38,1943,576,476,424,1,-1,-1,-1
282,39,732,384,248,312,1,-1,-1,-1
282,40,2355,11,148,172,1,-1,-1,-1
282,41,1019,488,268,332,1,-1,-1,-1
283,0,659,788,332,488,1,-1,-1,-1
283,2,305,445,328,340,1,-1,-1,-1
283,4,301,1090,540,352,1,-1,-1,-1
283,5,183,338,131,261,1,-1,-1,-1
283,6,713,385,290,316,1,-1,-1,-1
283,7,270,253,280,303,1,-1,-1,-1
283,10,129,342,198,278,1,-1,-1,-1
283,13,198,315,130,187,1,-1,-1,-1
283,17,40,46,276,140,1,-1,-1,-1
283,21,314,407,344,372,1,-1,-1,-1
283,22,986,489,290,331,1,-1,-1,-1
283,24,711,374,280,328,1,-1,-1,-1
283,25,315,257,199,277,1,-1,-1,-1
283,27,198,267,135,191,1,-1,-1,-1
283,29,262,289,256,144,1,-1,-1,-1
283,30,1794,379,236,236,1,-1,-1,-1
283,31,690,398,283,294,1,-1,-1,-1
283,32,330,270,185,207,1,-1,-1,-1
283,33,815,316,114,210,1,-1,-1,-1
283,34,288,284,225,134,1,-1,-1,-1
283,35,290,427,332,348,1,-1,-1,-1
283,36,689,378,297,314,1,-1,-1,-1
283,37,997,484,296,336,1,-1,-1,-1
283,38,1919,577,476,424,1,-1,-1,-1
283,39,707,382,248,312,1,-1,-1,-1
283,40,2335,9,148,172,1,-1,-1,-1
283,41,996,489,268,332,1,-1,-1,-1
284,0,641,788,332,488,1,-1,-1,-1
284,2,278,446,328,340,1,-1,-1,-1
284,4,283,1093,540,352,1,-1,-1,-1
284,5,162,340,131,261,1,-1,-1,-1
284,6,693,384,290,316,1,-1,-1,-1
284,7,249,252,280,303,1,-1,-1,-1
284,10,110,344,198,278,1,-1,-1,-1
284,13,179,318,130,187,1,-1,-1,-1
284,17,13,42,290,147,1,-1,-1,-1
284,21,300,409,344,372,1,-1,-1,-1
284,22,964,490,290,331,1,-1,-1,-1
284,24,690,374,280,328,1,-1,-1,-1
284,25,295,259,199,277,1,-1,-1,-1
284,27,178,269,135,191,1,-1,-1,-1
284,29,244,292,256,144,1,-1,-1,-1
284,30,1776,379,236,236,1,-1,-1,-1
284,31,671,399,283,294,1,-1,-1,-1
284,32,309,271,185,207,1,-1,-1,-1
284,33,796,316,114,210,1,-1,-1,-1
284,34,268,285,225,134,1,-1,-1,-1
284,35,271,430,332,348,1,-1,-1,-1
284,36,668,380,297,314,1,-1,-1,-1
284,37,974,483,296,336,1,-1,-1,-1
284,38,1890,569,476,424,1,-1,-1,-1
284,39,685,383,248,312,1,-1,-1,-1
284,40,2315,9,148,172,1,-1,-1,-1
284,41,977,489,268,332,1,-1,-1,-1
285,0,622,788,332,488,1,-1,-1,-1
285,2,267,453,312,324,1,-1,-1,-1
285,4,265,1094,540,352,1,-1,-1,-1
285,5,142,343,131,261,1,-1,-1,-1
285,6,667,384,290,316,1,-1,-1,-1
285,7,229,254,280,303,1,-1,-1,-1
285,10,89,346,198,278,1,-1,-1,-1
285,13,159,320,130,187,1,-1,-1,-1
285,17,-6,43,290,147,1,-1,-1,-1
285,21,274,409,344,372,1,-1,-1,-1
285,22,943,491,290,331,1,-1,-1,-1
285,24,668,375,280,328,1,-1,-1,-1
285,25,275,260,199,277,1,-1,-1,-1
285,27,159,271,135,191,1,-1,-1,-1
285,29,223,292,256,144,1,-1,-1,-1
285,30,1756,379,236,236,1,-1,-1,-1
285,31,649,400,283,294,1,-1,-1,-1
285,32,289,273,185,207,1,-1,-1,-1
285,33,777,317,114,210,1,-1,-1,-1
285,34,256,290,214,128,1,-1,-1,-1
285,35,247,432,332,348,1,-1,-1,-1
285,36,647,380,297,314,1,-1,-1,-1
285,37,954,484,296,336,1,-1,-1,-1
285,38,1865,567,476,424,1,-1,-1,-1
285,39,665,383,248,312,1,-1,-1,-1
285,40,2294,9,148,172,1,-1,-1,-1
285,41,957,488,268,332,1,-1,-1,-1
286,0,605,789,332,488,1,-1,-1,-1
286,2,243,456,312,324,1,-1,-1,-1
286,4,247,1097,540,352,1,-1,-1,-1
286,5,123,345,131,261,1,-1,-1,-1
286,6,646,383,290,316,1,-1,-1,-1
286,7,210,257,280,303,1,-1,-1,-1
286,10,69,349,198,278,1,-1,-1,-1
286,13,139,321,130,187,1,-1,-1,-1
286,17,-29,45,290,147,1,-1,-1,-1
286,21,255,419,328,354,1,-1,-1,-1
286,22,922,489,290,331,1,-1,-1,-1
286,24,647,374,280,328,1,-1,-1,-1
286,25,251,254,209,291,1,-1,-1,-1
286,27,135,266,142,201,1,-1,-1,-1
286,29,201,292,256,144,1,-1,-1,-1
286,30,1739,379,236,236,1,-1,-1,-1
286,31,626,400,283,294,1,-1,-1,-1
286,32,269,273,185,207,1,-1,-1,-1
286,33,760,319,114,210,1,-1,-1,-1
286,34,236,291,214,128,1,-1,-1,-1
286,35,221,435,332,348,1,-1,-1,-1
286,36,623,380,297,314,1,-1,-1,-1
286,37,934,485,296,336,1,-1,-1,-1
286,38,1841,568,476,424,1,-1,-1,-1
286,39,644,382,248,312,1,-1,-1,-1
286,40,2274,8,148,172,1,-1,-1,-1
286,41,937,488,268,332,1,-1,-1,-1
287,0,588,791,332,488,1,-1,-1,-1
287,2,217,457,312,324,1,-1,-1,-1
287,4,229,1099,540,352,1,-1,-1,-1
287,5,101,347,131,261,1,-1,-1,-1
287,6,623,385,290,316,1,-1,-1,-1
287,7,186,259,280,303,1,-1,-1,-1
287,10,47,350,198,278,1,-1,-1,-1
287,13,119,322,130,187,1,-1,-1,-1
287,17,-52,45,290,147,1,-1,-1,-1
287,21,234,424,328,354,1,-1,-1,-1
287,22,901,490,290,331,1,-1,-1,-1
287,24,625,375,280,328,1,-1,-1,-1
287,25,229,255,209,291,1,-1,-1,-1
287,27,115,268,142,201,1,-1,-1,-1
287,29,180,294,256,144,1,-1,-1,-1
287,30,1718,379,236,236,1,-1,-1,-1
287,31,604,404,283,294,1,-1,-1,-1
287,32,252,276,185,207,1,-1,-1,-1
287,33,740,320,114,210,1,-1,-1,-1
287,34,205,291,225,134,1,-1,-1,-1
287,35,202,435,332,348,1,-1,-1,-1
287,36,600,381,297,314,1,-1,-1,-1
287,37,912,484,296,336,1,-1,-1,-1
287,38,1812,565,476,424,1,-1,-1,-1
287,39,622,382,248,312,1,-1,-1,-1
287,40,2253,7,148,172,1,-1,-1,-1
287,41,915,488,268,332,1,-1,-1,-1
288,0,564,781,349,512,1,-1,-1,-1
288,2,195,457,312,324,1,-1,-1,-1
288,4,209,1101,540,352,1,-1,-1,-1
288,5,80,349,131,261,1,-1,-1,-1
288,6,600,384,290,316,1,-1,-1,-1
288,7,165,259,280,303,1,-1,-1,-1
288,10,26,353,198,278,1,-1,-1,-1
288,13,99,324,130,187,1,-1,-1,-1
288,17,-74,48,290,147,1,-1,-1,-1
288,21,212,425,328,354,1,-1,-1,-1
288,22,877,490,290,331,1,-1,-1,-1
288,24,604,378,280,328,1,-1,-1,-1
288,25,213,265,199,277,1,-1,-1,-1
288,27,90,266,149,211,1,-1,-1,-1
288,29,158,297,256,144,1,-1,-1,-1
288,30,1699,377,236,236,1,-1,-1,-1
288,31,580,402,283,294,1,-1,-1,-1
288,32,229,278,185,207,1,-1,-1,-1
288,33,721,321,114,210,1,-1,-1,-1
288,34,184,292,225,134,1,-1,-1,-1
288,35,177,435,332,348,1,-1,-1,-1
288,36,577,383,297,314,1,-1,-1,-1
288,37,888,483,296,336,1,-1,-1,-1
288,38,1784,560,476,424,1,-1,-1,-1
288,39,599,384,248,312,1,-1,-1,-1
288,40,2231,7,148,172,1,-1,-1,-1
288,41,892,489,268,332,1,-1,-1,-1
289,0,564,781,349,512,1,-1,-1,-1
289,2,195,457,312,324,1,-1,-1,-1
289,4,176,1096,552,340,1,-1,-1,-1
289,5,80,349,131,261,1,-1,-1,-1
289,6,600,384,290,316,1,-1,-1,-1
289,7,165,259,280,303,1,-1,-1,-1
289,10,26,353,198,278,1,-1,-1,-1
289,13,99,324,130,187,1,-1,-1,-1
289,17,-74,48,290,147,1,-1,-1,-1
289,21,212,425,328,354,1,-1,-1,-1
289,22,877,490,290,331,1,-1,-1,-1
289,24,604,378,280,328,1,-1,-1,-1
289,25,213,265,199,277,1,-1,-1,-1
289,27,90,266,149,211,1,-1,-1,-1
289,29,158,297,256,144,1,-1,-1,-1
289,30,1699,377,236,236,1,-1,-1,-1
289,31,580,402,283,294,1,-1,-1,-1
289,32,229,278,185,207,1,-1,-1,-1
289,33,721,321,114,210,1,-1,-1,-1
289,34,184,292,225,134,1,-1,-1,-1
289,35,148,440,328,324,1,-1,-1,-1
289,36,577,383,297,314,1,-1,-1,-1
289,37,888,483,296,336,1,-1,-1,-1
289,38,1784,560,476,424,1,-1,-1,-1
289,39,580,372,252,332,1,-1,-1,-1
289,40,2212,4,140,172,1,-1,-1,-1
289,41,840,492,296,320,1,-1,-1,-1
290,0,521,784,349,512,1,-1,-1,-1
290,2,151,459,312,324,1,-1,-1,-1
290,4,157,1097,552,340,1,-1,-1,-1
290,5,38,345,137,274,1,-1,-1,-1
290,6,549,387,290,316,1,-1,-1,-1
290,7,129,261,280,303,1,-1,-1,-1
290,10,-10,355,198,278,1,-1,-1,-1
290,13,56,328,130,187,1,-1,-1,-1
290,17,-101,55,276,140,1,-1,-1,-1
290,21,172,426,328,354,1,-1,-1,-1
290,22,834,494,290,331,1,-1,-1,-1
290,24,556,373,294,344,1,-1,-1,-1
290,25,174,269,199,277,1,-1,-1,-1
290,29,116,299,256,144,1,-1,-1,-1
290,30,1660,374,236,236,1,-1,-1,-1
290,31,534,406,283,294,1,-1,-1,-1
290,32,186,281,185,207,1,-1,-1,-1
290,33,684,324,114,210,1,-1,-1,-1
290,34,140,295,225,134,1,-1,-1,-1
290,35,127,442,328,324,1,-1,-1,-1
290,36,530,387,297,314,1,-1,-1,-1
290,37,845,485,296,336,1,-1,-1,-1
290,38,1736,559,476,424,1,-1,-1,-1
290,39,556,372,252,332,1,-1,-1,-1
290,40,2193,3,140,172,1,-1,-1,-1
290,41,816,491,296,320,1,-1,-1,-1
291,0,503,786,349,512,1,-1,-1,-1
291,2,120,461,312,324,1,-1,-1,-1
291,4,137,1100,552,340,1,-1,-1,-1
291,5,11,346,137,274,1,-1,-1,-1
291,6,524,391,290,316,1,-1,-1,-1
291,7,100,265,280,303,1,-1,-1,-1
291,10,-38,356,198,278,1,-1,-1,-1
291,13,30,330,130,187,1,-1,-1,-1
291,17,-124,56,276,140,1,-1,-1,-1
291,21,148,429,328,354,1,-1,-1,-1
291,22,808,494,290,331,1,-1,-1,-1
291,24,537,382,280,328,1,-1,-1,-1
291,25,150,272,199,277,1,-1,-1,-1
291,29,94,300,256,144,1,-1,-1,-1
291,30,1640,375,236,236,1,-1,-1,-1
291,31,508,406,283,294,1,-1,-1,-1
291,32,162,282,185,207,1,-1,-1,-1
291,33,663,325,114,210,1,-1,-1,-1
291,34,116,296,225,134,1,-1,-1,-1
291,35,91,435,344,340,1,-1,-1,-1
291,36,504,388,297,314,1,-1,-1,-1
291,37,818,487,296,336,1,-1,-1,-1
291,38,1706,554,476,424,1,-1,-1,-1
291,39,534,376,252,332,1,-1,-1,-1
291,40,2171,3,140,172,1,-1,-1,-1
291,41,792,492,296,320,1,-1,-1,-1
292,0,483,787,349,512,1,-1,-1,-1
292,2,93,465,312,324,1,-1,-1,-1
292,4,119,1103,552,340,1,-1,-1,-1
292,5,-12,349,137,274,1,-1,-1,-1
292,6,498,390,290,316,1,-1,-1,-1
292,7,75,266,280,303,1,-1,-1,-1
292,10,-61,357,198,278,1,-1,-1,-1
292,13,6,331,130,187,1,-1,-1,-1
292,17,-148,58,276,140,1,-1,-1,-1
292,21,119,433,328,354,1,-1,-1,-1
292,22,782,494,290,331,1,-1,-1,-1
292,24,521,390,267,312,1,-1,-1,-1
292,25,126,273,199,277,1,-1,-1,-1
292,29,69,302,256,144,1,-1,-1,-1
292,30,1620,377,236,236,1,-1,-1,-1
292,31,485,407,283,294,1,-1,-1,-1
292,32,140,284,185,207,1,-1,-1,-1
292,33,638,323,120,220,1,-1,-1,-1
292,34,93,298,225,134,1,-1,-1,-1
292,35,69,436,344,340,1,-1,-1,-1
292,36,479,387,297,314,1,-1,-1,-1
292,37,797,487,296,336,1,-1,-1,-1
292,38,1670,557,476,424,1,-1,-1,-1
292,39,514,378,252,332,1,-1,-1,-1
292,40,2148,2,140,172,1,-1,-1,-1
292,41,770,495,296,320,1,-1,-1,-1
293,0,460,788,349,512,1,-1,-1,-1
293,2,69,468,312,324,1,-1,-1,-1
293,4,98,1105,552,340,1,-1,-1,-1
293,5,-33,350,137,274,1,-1,-1,-1
293,6,476,391,290,316,1,-1,-1,-1
293,7,61,272,266,288,1,-1,-1,-1
293,10,-81,359,198,278,1,-1,-1,-1
293,13,-18,333,130,187,1,-1,-1,-1
293,17,-171,58,276,140,1,-1,-1,-1
293,21,98,436,328,354,1,-1,-1,-1
293,22,761,493,290,331,1,-1,-1,-1
293,24,501,393,267,312,1,-1,-1,-1
293,25,102,275,199,277,1,-1,-1,-1
293,29,44,304,256,144,1,-1,-1,-1
293,30,1599,377,236,236,1,-1,-1,-1
293,31,461,407,283,294,1,-1,-1,-1
293,32,115,286,185,207,1,-1,-1,-1
293,33,618,325,120,220,1,-1,-1,-1
293,34,68,300,225,134,1,-1,-1,-1
293,35,44,438,344,340,1,-1,-1,-1
293,36,458,389,297,314,1,-1,-1,-1
293,37,772,487,296,336,1,-1,-1,-1
293,38,1650,562,453,404,1,-1,-1,-1
293,39,488,379,252,332,1,-1,-1,-1
293,40,2126,3,140,172,1,-1,-1,-1
293,41,747,496,296,320,1,-1,-1,-1
294,0,433,780,366,538,1,-1,-1,-1
294,2,45,472,312,324,1,-1,-1,-1
294,4,76,1108,552,340,1,-1,-1,-1
294,6,452,391,290,316,1,-1,-1,-1
294,7,39,275,266,288,1,-1,-1,-1
294,13,-43,335,130,187,1,-1,-1,-1
294,21,69,440,328,354,1,-1,-1,-1
294,22,736,493,290,331,1,-1,-1,-1
294,24,476,396,267,312,1,-1,-1,-1
294,25,80,278,199,277,1,-1,-1,-1
294,29,21,306,256,144,1,-1,-1,-1
294,30,1579,376,236,236,1,-1,-1,-1
294,31,439,408,283,294,1,-1,-1,-1
294,32,92,289,185,207,1,-1,-1,-1
294,33,597,327,120,220,1,-1,-1,-1
294,34,45,301,225,134,1,-1,-1,-1
294,35,29,451,328,324,1,-1,-1,-1
294,36,433,391,297,314,1,-1,-1,-1
294,37,746,485,296,336,1,-1,-1,-1
294,38,1621,560,453,404,1,-1,-1,-1
294,39,465,382,252,332,1,-1,-1,-1
294,40,2104,3,140,172,1,-1,-1,-1
294,41,725,496,296,320,1,-1,-1,-1
295,0,416,782,366,538,1,-1,-1,-1
295,2,13,464,328,340,1,-1,-1,-1
295,4,54,1110,552,340,1,-1,-1,-1
295,6,424,392,290,316,1,-1,-1,-1
295,7,15,277,266,288,1,-1,-1,-1
295,21,46,440,328,354,1,-1,-1,-1
295,22,713,493,290,331,1,-1,-1,-1
295,24,453,397,267,312,1,-1,-1,-1
295,25,56,278,199,277,1,-1,-1,-1
295,29,-3,308,256,144,1,-1,-1,-1
295,30,1558,375,236,236,1,-1,-1,-1
295,31,415,410,283,294,1,-1,-1,-1
295,32,66,290,185,207,1,-1,-1,-1
295,33,576,328,120,220,1,-1,-1,-1
295,34,22,303,225,134,1,-1,-1,-1
295,35,8,454,328,324,1,-1,-1,-1
295,36,407,393,297,314,1,-1,-1,-1
295,37,722,488,296,336,1,-1,-1,-1
295,38,1591,561,453,404,1,-1,-1,-1
295,39,443,382,252,332,1,-1,-1,-1
295,40,2080,2,140,172,1,-1,-1,-1
295,41,701,497,296,320,1,-1,-1,-1
296,0,392,785,366,538,1,-1,-1,-1
296,2,-12,466,328,340,1,-1,-1,-1
296,4,34,1114,552,340,1,-1,-1,-1
296,6,402,396,290,316,1,-1,-1,-1
296,7,-8,278,266,288,1,-1,-1,-1
296,21,20,443,328,354,1,-1,-1,-1
296,22,687,493,290,331,1,-1,-1,-1
296,24,429,399,267,312,1,-1,-1,-1
296,25,32,281,199,277,1,-1,-1,-1
296,29,-28,310,256,144,1,-1,-1,-1
296,30,1538,376,236,236,1,-1,-1,-1
296,31,398,421,270,280,1,-1,-1,-1
296,32,42,290,185,207,1,-1,-1,-1
296,33,554,331,120,220,1,-1,-1,-1
296,34,-3,305,225,134,1,-1,-1,-1
296,35,-16,456,328,324,1,-1,-1,-1
296,36,383,392,297,314,1,-1,-1,-1
296,37,699,488,296,336,1,-1,-1,-1
296,38,1563,561,453,404,1,-1,-1,-1
296,39,419,383,252,332,1,-1,-1,-1
296,40,2057,2,140,172,1,-1,-1,-1
296,41,677,499,296,320,1,-1,-1,-1
297,0,268,788,432,492,1,-1,-1,-1
297,2,-12,466,328,340,1,-1,-1,-1
297,4,34,1114,552,340,1,-1,-1,-1
297,6,402,396,290,316,1,-1,-1,-1
297,7,-8,278,266,288,1,-1,-1,-1
297,21,20,443,328,354,1,-1,-1,-1
297,22,687,493,290,331,1,-1,-1,-1
297,24,429,399,267,312,1,-1,-1,-1
297,25,32,281,199,277,1,-1,-1,-1
297,29,-28,310,256,144,1,-1,-1,-1
297,30,1538,376,236,236,1,-1,-1,-1
297,31,392,396,220,308,1,-1,-1,-1
297,32,42,290,185,207,1,-1,-1,-1
297,33,554,331,120,220,1,-1,-1,-1
297,34,-3,305,225,134,1,-1,-1,-1
297,35,0,488,300,312,1,-1,-1,-1
297,36,383,392,297,314,1,-1,-1,-1
297,37,699,488,296,336,1,-1,-1,-1
297,38,1563,561,453,404,1,-1,-1,-1
297,39,419,383,252,332,1,-1,-1,-1
297,40,2032,4,140,172,1,-1,-1,-1
297,41,648,496,312,320,1,-1,-1,-1
297,42,1776,324,300,188,1,-1,-1,-1
298,0,249,791,432,492,1,-1,-1,-1
298,2,-55,470,328,340,1,-1,-1,-1
298,4,-11,1122,552,340,1,-1,-1,-1
298,6,355,401,290,316,1,-1,-1,-1
298,7,-49,281,266,288,1,-1,-1,-1
298,21,-21,442,328,354,1,-1,-1,-1
298,22,642,499,290,331,1,-1,-1,-1
298,24,387,402,267,312,1,-1,-1,-1
298,25,-14,285,199,277,1,-1,-1,-1
298,29,-75,313,256,144,1,-1,-1,-1
298,30,1498,375,236,236,1,-1,-1,-1
298,31,367,396,220,308,1,-1,-1,-1
298,32,-5,295,185,207,1,-1,-1,-1
298,33,513,334,120,220,1,-1,-1,-1
298,34,-39,310,214,128,1,-1,-1,-1
298,35,-21,490,300,312,1,-1,-1,-1
298,36,336,397,297,314,1,-1,-1,-1
298,37,654,491,296,336,1,-1,-1,-1
298,38,1512,562,453,404,1,-1,-1,-1
298,39,376,387,252,332,1,-1,-1,-1
298,40,2011,4,140,172,1,-1,-1,-1
298,41,624,496,312,320,1,-1,-1,-1
298,42,1750,324,300,188,1,-1,-1,-1
299,0,225,793,432,492,1,-1,-1,-1
299,2,-76,471,328,340,1,-1,-1,-1
299,4,-33,1125,552,340,1,-1,-1,-1
299,6,331,399,290,316,1,-1,-1,-1
299,7,-74,285,266,288,1,-1,-1,-1
299,21,-34,440,328,354,1,-1,-1,-1
299,22,621,507,276,316,1,-1,-1,-1
299,24,363,406,267,312,1,-1,-1,-1
299,25,-39,289,199,277,1,-1,-1,-1
299,30,1475,376,236,236,1,-1,-1,-1
299,31,343,398,220,308,1,-1,-1,-1
299,32,-30,297,185,207,1,-1,-1,-1
299,33,488,336,120,220,1,-1,-1,-1
299,34,-53,317,204,122,1,-1,-1,-1
299,35,-45,491,300,312,1,-1,-1,-1
299,36,312,397,297,314,1,-1,-1,-1
299,37,627,493,296,336,1,-1,-1,-1
299,38,1483,557,453,404,1,-1,-1,-1
299,39,349,391,252,332,1,-1,-1,-1
299,40,1988,3,140,172,1,-1,-1,-1
299,41,599,498,312,320,1,-1,-1,-1
299,42,1725,324,300,188,1,-1,-1,-1
300,0,199,794,432,492,1,-1,-1,-1
300,2,-96,471,328,340,1,-1,-1,-1
300,4,-41,1136,526,324,1,-1,-1,-1
300,6,308,402,290,316,1,-1,-1,-1
300,7,-98,287,266,288,1,-1,-1,-1
300,21,-48,443,328,354,1,-1,-1,-1
300,22,598,508,276,316,1,-1,-1,-1
300,24,336,410,267,312,1,-1,-1,-1
300,25,-64,291,199,277,1,-1,-1,-1
300,30,1453,377,236,236,1,-1,-1,-1
300,31,318,402,220,308,1,-1,-1,-1
300,32,-53,300,185,207,1,-1,-1,-1
300,33,465,338,120,220,1,-1,-1,-1
300,34,-79,318,204,122,1,-1,-1,-1
300,35,-71,492,300,312,1,-1,-1,-1
300,36,287,400,297,314,1,-1,-1,-1
300,37,600,494,296,336,1,-1,-1,-1
300,38,1454,555,453,404,1,-1,-1,-1
300,39,326,395,252,332,1,-1,-1,-1
300,40,1964,4,140,172,1,-1,-1,-1
300,41,575,500,312,320,1,-1,-1,-1
300,42,1703,324,300,188,1,-1,-1,-1
301,0,180,801,432,492,1,-1,-1,-1
301,2,-117,473,328,340,1,-1,-1,-1
301,4,-59,1139,526,324,1,-1,-1,-1
301,6,282,403,290,316,1,-1,-1,-1
301,21,-69,449,328,354,1,-1,-1,-1
301,22,571,509,276,316,1,-1,-1,-1
301,24,304,404,280,328,1,-1,-1,-1
301,30,1432,377,236,236,1,-1,-1,-1
301,31,294,404,220,308,1,-1,-1,-1
301,32,-78,302,185,207,1,-1,-1,-1
301,33,443,340,120,220,1,-1,-1,-1
301,35,-97,497,300,312,1,-1,-1,-1
301,36,261,401,297,314,1,-1,-1,-1
301,37,577,494,296,336,1,-1,-1,-1
301,38,1426,553,453,404,1,-1,-1,-1
301,39,298,398,252,332,1,-1,-1,-1
301,40,1941,4,140,172,1,-1,-1,-1
301,41,550,502,312,320,1,-1,-1,-1
301,42,1677,325,300,188,1,-1,-1,-1
302,0,155,801,432,492,1,-1,-1,-1
302,2,-124,461,328,340,1,-1,-1,-1
302,4,-80,1142,526,324,1,-1,-1,-1
302,6,258,405,290,316,1,-1,-1,-1
302,21,-97,448,328,354,1,-1,-1,-1
302,22,546,511,276,316,1,-1,-1,-1
302,24,278,406,280,328,1,-1,-1,-1
302,30,1411,377,236,236,1,-1,-1,-1
302,31,272,404,220,308,1,-1,-1,-1
302,33,420,341,120,220,1,-1,-1,-1
302,35,-123,501,300,312,1,-1,-1,-1
302,36,237,403,297,314,1,-1,-1,-1
302,37,551,496,296,336,1,-1,-1,-1
302,38,1400,552,453,404,1,-1,-1,-1
302,39,271,398,252,332,1,-1,-1,-1
302,40,1918,4,140,172,1,-1,-1,-1
302,41,525,503,312,320,1,-1,-1,-1
302,42,1651,324,300,188,1,-1,-1,-1
303,0,132,805,432,492,1,-1,-1,-1
303,2,-144,466,328,340,1,-1,-1,-1
303,4,-96,1145,526,324,1,-1,-1,-1
303,6,223,399,304,332,1,-1,-1,-1
303,21,-115,445,328,354,1,-1,-1,-1
303,22,520,513,276,316,1,-1,-1,-1
303,24,253,407,280,328,1,-1,-1,-1
303,30,1388,377,236,236,1,-1,-1,-1
303,31,246,406,220,308,1,-1,-1,-1
303,33,397,344,120,220,1,-1,-1,-1
303,35,-149,505,300,312,1,-1,-1,-1
303,36,212,404,297,314,1,-1,-1,-1
303,37,525,499,296,336,1,-1,-1,-1
303,38,1370,552,453,404,1,-1,-1,-1
303,39,249,400,252,332,1,-1,-1,-1
303,40,1894,4,140,172,1,-1,-1,-1
303,41,500,506,312,320,1,-1,-1,-1
303,42,1624,325,300,188,1,-1,-1,-1
304,0,109,809,432,492,1,-1,-1,-1
304,4,-125,1149,526,324,1,-1,-1,-1
304,6,204,410,290,316,1,-1,-1,-1
304,21,-141,444,328,354,1,-1,-1,-1
304,22,496,514,276,316,1,-1,-1,-1
304,24,231,411,280,328,1,-1,-1,-1
304,30,1365,378,236,236,1,-1,-1,-1
304,31,223,409,220,308,1,-1,-1,-1
304,33,374,344,120,220,1,-1,-1,-1
304,35,-171,509,300,312,1,-1,-1,-1
304,36,185,405,297,314,1,-1,-1,-1
304,37,505,508,282,320,1,-1,-1,-1
304,38,1339,550,453,404,1,-1,-1,-1
304,39,229,410,240,316,1,-1,-1,-1
304,40,1870,4,140,172,1,-1,-1,-1
304,41,474,507,312,320,1,-1,-1,-1
304,42,1607,331,286,179,1,-1,-1,-1
305,0,109,809,432,492,1,-1,-1,-1
305,4,-125,1149,526,324,1,-1,-1,-1
305,6,204,410,290,316,1,-1,-1,-1
305,21,-141,444,328,354,1,-1,-1,-1
305,22,496,514,276,316,1,-1,-1,-1
305,24,231,411,280,328,1,-1,-1,-1
305,30,1365,378,236,236,1,-1,-1,-1
305,31,223,409,220,308,1,-1,-1,-1
305,33,374,344,120,220,1,-1,-1,-1
305,35,-171,509,300,312,1,-1,-1,-1
305,36,185,405,297,314,1,-1,-1,-1
305,37,505,508,282,320,1,-1,-1,-1
305,38,1339,550,453,404,1,-1,-1,-1
305,39,229,410,240,316,1,-1,-1,-1
305,40,1844,8,140,168,1,-1,-1,-1
305,41,474,507,312,320,1,-1,-1,-1
305,42,1607,331,286,179,1,-1,-1,-1
305,43,1140,540,456,452,1,-1,-1,-1
305,44,0,444,104,284,1,-1,-1,-1
305,45,2500,164,60,164,1,-1,-1,-1
305,46,2120,212,168,168,1,-1,-1,-1
306,0,60,813,432,492,1,-1,-1,-1
306,4,-174,1155,526,324,1,-1,-1,-1
306,6,156,418,290,316,1,-1,-1,-1
306,21,-177,446,328,354,1,-1,-1,-1
306,22,446,515,276,316,1,-1,-1,-1
306,24,180,417,280,328,1,-1,-1,-1
306,30,1321,378,236,236,1,-1,-1,-1
306,31,177,414,220,308,1,-1,-1,-1
306,33,331,348,120,220,1,-1,-1,-1
306,36,130,409,297,314,1,-1,-1,-1
306,37,457,510,282,320,1,-1,-1,-1
306,38,1290,554,453,404,1,-1,-1,-1
306,39,188,418,240,316,1,-1,-1,-1
306,40,1822,8,140,168,1,-1,-1,-1
306,41,428,511,312,320,1,-1,-1,-1
306,42,1557,331,286,179,1,-1,-1,-1
306,43,1113,539,456,452,1,-1,-1,-1
306,44,-24,445,104,284,1,-1,-1,-1
306,45,2483,161,60,164,1,-1,-1,-1
306,46,2097,212,168,168,1,-1,-1,-1
307,0,35,818,432,492,1,-1,-1,-1
307,4,-193,1158,526,324,1,-1,-1,-1
307,6,125,417,290,316,1,-1,-1,-1
307,22,417,519,276,316,1,-1,-1,-1
307,24,152,420,280,328,1,-1,-1,-1
307,30,1297,377,236,236,1,-1,-1,-1
307,31,146,417,220,308,1,-1,-1,-1
307,33,303,350,120,220,1,-1,-1,-1
307,36,106,413,297,314,1,-1,-1,-1
307,37,426,510,282,320,1,-1,-1,-1
307,38,1248,552,453,404,1,-1,-1,-1
307,39,154,421,240,316,1,-1,-1,-1
307,40,1798,8,140,168,1,-1,-1,-1
307,41,402,513,312,320,1,-1,-1,-1
307,42,1531,331,286,179,1,-1,-1,-1
307,43,1086,541,456,452,1,-1,-1,-1
307,44,-47,447,104,284,1,-1,-1,-1
307,45,2457,153,63,172,1,-1,-1,-1
307,46,2072,212,168,168,1,-1,-1,-1
308,0,6,819,432,492,1,-1,-1,-1
308,4,-224,1161,526,324,1,-1,-1,-1
308,6,98,418,290,316,1,-1,-1,-1
308,22,388,520,276,316,1,-1,-1,-1
308,24,122,422,280,328,1,-1,-1,-1
308,30,1274,379,236,236,1,-1,-1,-1
308,31,118,419,220,308,1,-1,-1,-1
308,33,277,352,120,220,1,-1,-1,-1
308,36,76,415,297,314,1,-1,-1,-1
308,37,398,511,282,320,1,-1,-1,-1
308,38,1225,558,453,404,1,-1,-1,-1
308,39,125,420,240,316,1,-1,-1,-1
308,40,1773,9,140,168,1,-1,-1,-1
308,41,376,514,312,320,1,-1,-1,-1
308,42,1506,331,286,179,1,-1,-1,-1
308,43,1060,543,456,452,1,-1,-1,-1
308,44,-67,454,99,270,1,-1,-1,-1
308,46,2047,212,168,168,1,-1,-1,-1
309,0,-20,821,432,492,1,-1,-1,-1
309,4,-226,1169,501,308,1,-1,-1,-1
309,6,67,420,290,316,1,-1,-1,-1
309,22,362,519,276,316,1,-1,-1,-1
309,24,94,422,280,328,1,-1,-1,-1
309,30,1250,379,236,236,1,-1,-1,-1
309,31,89,421,220,308,1,-1,-1,-1
309,33,252,353,120,220,1,-1,-1,-1
309,36,46,416,297,314,1,-1,-1,-1
309,37,371,511,282,320,1,-1,-1,-1
309,38,1197,552,453,404,1,-1,-1,-1
309,39,95,422,240,316,1,-1,-1,-1
309,40,1749,9,140,168,1,-1,-1,-1
309,41,349,516,312,320,1,-1,-1,-1
309,42,1476,331,286,179,1,-1,-1,-1
309,43,1029,541,456,452,1,-1,-1,-1
309,46,2023,212,168,168,1,-1,-1,-1
310,0,-44,828,432,492,1,-1,-1,-1
310,4,-251,1171,501,308,1,-1,-1,-1
310,6,37,423,290,316,1,-1,-1,-1
310,22,332,521,276,316,1,-1,-1,-1
310,24,60,425,280,328,1,-1,-1,-1
310,30,1228,379,236,236,1,-1,-1,-1
310,31,60,423,220,308,1,-1,-1,-1
310,33,227,355,120,220,1,-1,-1,-1
310,36,15,416,297,314,1,-1,-1,-1
310,37,345,513,282,320,1,-1,-1,-1
310,38,1162,550,453,404,1,-1,-1,-1
310,39,65,425,240,316,1,-1,-1,-1
310,40,1724,8,140,168,1,-1,-1,-1
310,41,321,516,312,320,1,-1,-1,-1
310,42,1451,333,286,179,1,-1,-1,-1
310,43,1016,554,434,430,1,-1,-1,-1
310,46,1997,213,168,168,1,-1,-1,-1
311,0,-75,827,432,492,1,-1,-1,-1
311,4,-301,1170,526,324,1,-1,-1,-1
311,6,9,425,290,316,1,-1,-1,-1
311,22,304,523,276,316,1,-1,-1,-1
311,24,41,426,280,328,1,-1,-1,-1
311,30,1204,379,236,236,1,-1,-1,-1
311,31,32,424,220,308,1,-1,-1,-1
311,33,198,352,126,231,1,-1,-1,-1
311,36,-13,416,297,314,1,-1,-1,-1
311,37,315,516,282,320,1,-1,-1,-1
311,38,1130,550,453,404,1,-1,-1,-1
311,39,35,426,240,316,1,-1,-1,-1
311,40,1701,9,140,168,1,-1,-1,-1
311,41,291,519,312,320,1,-1,-1,-1
311,42,1422,334,286,179,1,-1,-1,-1
311,43,984,554,434,430,1,-1,-1,-1
311,46,1973,212,168,168,1,-1,-1,-1
312,0,-98,835,432,492,1,-1,-1,-1
312,4,-332,1174,526,324,1,-1,-1,-1
312,6,-17,426,290,316,1,-1,-1,-1
312,22,274,524,276,316,1,-1,-1,-1
312,24,4,427,280,328,1,-1,-1,-1
312,30,1181,380,236,236,1,-1,-1,-1
312,31,4,428,220,308,1,-1,-1,-1
312,33,172,355,126,231,1,-1,-1,-1
312,36,-40,420,297,314,1,-1,-1,-1
312,37,286,517,282,320,1,-1,-1,-1
312,38,1097,551,453,404,1,-1,-1,-1
312,39,3,418,252,332,1,-1,-1,-1
312,40,1675,10,140,168,1,-1,-1,-1
312,41,266,521,312,320,1,-1,-1,-1
312,42,1389,334,286,179,1,-1,-1,-1
312,43,951,554,434,430,1,-1,-1,-1
312,46,1948,211,168,168,1,-1,-1,-1
313,0,-98,835,432,492,1,-1,-1,-1
313,4,-332,1174,526,324,1,-1,-1,-1
313,6,-17,426,290,316,1,-1,-1,-1
313,22,274,524,276,316,1,-1,-1,-1
313,24,4,427,280,328,1,-1,-1,-1
313,30,1181,380,236,236,1,-1,-1,-1
313,31,4,428,220,308,1,-1,-1,-1
313,33,172,355,126,231,1,-1,-1,-1
313,36,-40,420,297,314,1,-1,-1,-1
313,37,286,517,282,320,1,-1,-1,-1
313,38,1097,551,453,404,1,-1,-1,-1
313,39,3,418,252,332,1,-1,-1,-1
313,40,1652,12,136,168,1,-1,-1,-1
313,41,266,521,312,320,1,-1,-1,-1
313,42,1348,328,272,188,1,-1,-1,-1
313,43,896,540,508,456,1,-1,-1,-1
313,46,1948,211,168,168,1,-1,-1,-1
314,0,-147,843,432,492,1,-1,-1,-1
314,4,-379,1187,526,324,1,-1,-1,-1
314,6,-74,428,290,316,1,-1,-1,-1
314,22,215,527,276,316,1,-1,-1,-1
314,24,-45,425,294,344,1,-1,-1,-1
314,30,1136,382,236,236,1,-1,-1,-1
314,31,-45,431,220,308,1,-1,-1,-1
314,33,123,359,126,231,1,-1,-1,-1
314,36,-99,422,297,314,1,-1,-1,-1
314,37,228,519,282,320,1,-1,-1,-1
314,38,1039,554,453,404,1,-1,-1,-1
314,39,-51,422,252,332,1,-1,-1,-1
314,40,1629,12,136,168,1,-1,-1,-1
314,41,203,523,312,320,1,-1,-1,-1
314,42,1321,328,272,188,1,-1,-1,-1
314,43,868,540,508,456,1,-1,-1,-1
314,46,1896,211,168,168,1,-1,-1,-1
315,0,-173,845,432,492,1,-1,-1,-1
315,6,-104,431,290,316,1,-1,-1,-1
315,22,185,531,276,316,1,-1,-1,-1
315,24,-70,425,294,344,1,-1,-1,-1
315,30,1109,381,236,236,1,-1,-1,-1
315,31,-75,432,220,308,1,-1,-1,-1
315,33,93,361,126,231,1,-1,-1,-1
315,36,-129,423,297,314,1,-1,-1,-1
315,37,198,523,282,320,1,-1,-1,-1
315,38,1006,553,453,404,1,-1,-1,-1
315,39,-80,425,252,332,1,-1,-1,-1
315,40,1605,13,136,168,1,-1,-1,-1
315,41,171,526,312,320,1,-1,-1,-1
315,42,1295,331,272,188,1,-1,-1,-1
315,43,834,539,508,456,1,-1,-1,-1
315,46,1872,211,168,168,1,-1,-1,-1
316,0,-194,862,432,492,1,-1,-1,-1
316,6,-133,432,290,316,1,-1,-1,-1
316,22,156,532,276,316,1,-1,-1,-1
316,24,-78,431,294,344,1,-1,-1,-1
316,30,1084,382,236,236,1,-1,-1,-1
316,31,-100,436,220,308,1,-1,-1,-1
316,33,63,365,126,231,1,-1,-1,-1
316,36,-156,426,297,314,1,-1,-1,-1
316,37,167,525,282,320,1,-1,-1,-1
316,38,977,550,453,404,1,-1,-1,-1
316,39,-108,425,252,332,1,-1,-1,-1
316,40,1578,13,136,168,1,-1,-1,-1
316,41,141,528,312,320,1,-1,-1,-1
316,42,1269,331,272,188,1,-1,-1,-1
316,43,803,539,508,456,1,-1,-1,-1
316,46,1847,212,168,168,1,-1,-1,-1
317,0,-213,856,432,492,1,-1,-1,-1
317,6,-153,431,290,316,1,-1,-1,-1
317,22,125,534,276,316,1,-1,-1,-1
317,24,-91,429,294,344,1,-1,-1,-1
317,30,1059,383,236,236,1,-1,-1,-1
317,31,-117,436,220,308,1,-1,-1,-1
317,33,36,368,126,231,1,-1,-1,-1
317,37,137,526,282,320,1,-1,-1,-1
317,38,943,551,453,404,1,-1,-1,-1
317,39,-127,428,252,332,1,-1,-1,-1
317,40,1552,13,136,168,1,-1,-1,-1
317,41,112,530,312,320,1,-1,-1,-1
317,42,1240,332,272,188,1,-1,-1,-1
317,43,770,540,508,456,1,-1,-1,-1
317,46,1821,212,168,168,1,-1,-1,-1
318,0,-260,837,454,517,1,-1,-1,-1
318,22,96,535,276,316,1,-1,-1,-1
318,24,-96,422,294,344,1,-1,-1,-1
318,30,1033,384,236,236,1,-1,-1,-1
318,33,6,369,126,231,1,-1,-1,-1
318,37,108,529,282,320,1,-1,-1,-1
318,38,912,551,453,404,1,-1,-1,-1
318,40,1527,14,136,168,1,-1,-1,-1
318,41,81,530,312,320,1,-1,-1,-1
318,42,1211,333,272,188,1,-1,-1,-1
318,43,741,539,508,456,1,-1,-1,-1
318,46,1795,211,168,168,1,-1,-1,-1
